f,num_active_particles,num_deleted_particles,total_deleted_rods,avalanche_sizes
0,125115,0,0,"0"
104.59644841217126,125097,18,1,"1"
162.26860035377672,125079,36,1,"1"
179.66678427028225,125078,37,1,"1"
213.62420039402483,125077,38,1,"1"
215.88367047086973,125076,39,1,"1"
231.94573631671125,125075,40,1,"1"
258.98298478951887,125074,41,1,"1"
275.61629870838652,125073,42,1,"1"
279.00997634994548,125072,43,1,"1"
294.57386626772131,125069,46,1,"1"
300.64291438923379,125068,47,1,"1"
327.60372369293265,125067,48,1,"1"
333.4599149429676,125049,66,1,"1"
335.87951318010801,125031,84,1,"1"
343.29444534004011,125030,85,1,"1"
360.62547929635332,125020,95,1,"1"
376.43447806053422,125010,105,2,"2"
376.67818340582306,124992,123,1,"1"
389.90486282264612,124991,124,1,"1"
434.84687663811565,124990,125,1,"1"
456.02079239496874,124980,135,1,"1"
458.13520654294325,124979,136,1,"1"
469.18785726513113,124961,154,1,"1"
490.5207128233908,124960,155,1,"1"
500.28280470001209,124958,157,2,"1-1"
510.14038161987287,124957,158,1,"1"
520.63399435779331,124943,172,2,"2"
522.77407338452326,124925,190,1,"1"
536.53023174420014,124924,191,1,"1"
551.26858984092019,124906,209,1,"1"
558.52633335911173,124905,210,1,"1"
562.47359309038393,124904,211,1,"1"
568.5004882419239,124898,217,2,"2"
590.33136517579692,124897,218,1,"1"
591.63125921820563,124896,219,1,"1"
595.80400641111771,124895,220,1,"1"
606.58253059863421,124894,221,1,"1"
621.7738677011838,124890,225,4,"1-1-1-1"
628.52277437049554,124889,226,1,"1"
650.68798908043254,124888,227,1,"1"
658.53168169866217,124885,230,3,"2-1"
688.35878636818506,124876,239,1,"1"
710.78157746714601,124875,240,1,"1"
718.2560864313574,124857,258,1,"1"
719.37517589682443,124847,268,1,"1"
724.63508156739249,124837,278,1,"1"
732.92458522198035,124835,280,2,"2"
761.26915420060072,124817,298,1,"1"
763.90775616372377,124802,313,5,"3-2"
775.20580871267134,124792,323,1,"1"
778.48676638695213,124782,333,1,"1"
779.4219370040131,124764,351,1,"1"
779.61500014435637,124762,353,2,"2"
785.35309199934682,124761,354,1,"1"
795.14100122100933,124760,355,1,"1"
811.02884135997897,124742,373,1,"1"
811.23919213183376,124732,383,4,"3-1"
814.49182437573825,124714,401,1,"1"
815.90237668077873,124713,402,1,"1"
825.73355133531129,124695,420,1,"1"
831.12119377601118,124694,421,1,"1"
834.41330597099716,124684,431,1,"1"
847.7488063882231,124666,449,2,"2"
850.54435283069836,124665,450,1,"1"
857.62776991596468,124651,464,1,"1"
862.33212287661036,124648,467,1,"1"
865.57443928656903,124647,468,1,"1"
871.52094444703403,124646,469,1,"1"
874.54748698313915,124645,470,1,"1"
882.51456802780206,124644,471,1,"1"
885.20467453336084,124643,472,1,"1"
893.97572593278267,124642,473,1,"1"
917.5769826324904,124641,474,1,"1"
919.83683779136084,124623,492,1,"1"
924.38385460271115,124622,493,1,"1"
925.54145963414032,124604,511,1,"1"
928.92444628490671,124586,529,1,"1"
956.56902711324915,124568,547,1,"1"
956.80075182465566,124566,549,2,"1-1"
957.36979648753322,124548,567,1,"1"
959.53941798751691,124530,585,1,"1"
959.98602440923946,124529,586,1,"1"
979.96315548242706,124528,587,1,"1"
1000.820603606402,124527,588,1,"1"
1001.1759681625717,124509,606,1,"1"
1008.2146298953355,124491,624,1,"1"
1010.9128811013329,124486,629,1,"1"
1012.7219032892885,124485,630,1,"1"
1015.6879076569013,124484,631,1,"1"
1016.8549231685737,124479,636,5,"3-2"
1026.5639659432838,124478,637,1,"1"
1028.3458129867372,124475,640,1,"1"
1034.7447202030398,124473,642,2,"2"
1035.3479796474637,124469,646,4,"2-2"
1041.1827715943266,124451,664,1,"1"
1057.4782589944405,124433,682,1,"1"
1061.9420465103806,124431,684,2,"1-1"
1063.1059138042824,124425,690,2,"2"
1069.0022203131323,124423,692,2,"2"
1073.2534015337171,124405,710,1,"1"
1081.2339090613666,124404,711,1,"1"
1082.8662868804201,124403,712,1,"1"
1094.6648478966565,124402,713,1,"1"
1099.8051941924186,124401,714,1,"1"
1110.1439017938806,124398,717,3,"2-1"
1117.5730663402669,124389,726,1,"1"
1129.0513292051635,124387,728,2,"2"
1142.4362051063686,124382,733,1,"1"
1153.702888333014,124381,734,1,"1"
1154.6973531718404,124371,744,1,"1"
1167.4404502173636,124353,762,1,"1"
1171.2276434807127,124335,780,1,"1"
1178.5647038492223,124263,852,4,"4"
1191.7529417510184,124245,870,1,"1"
1200.270416608327,124227,888,1,"1"
1217.2538000926431,124222,893,1,"1"
1228.4478430855095,124220,895,2,"2"
1243.5808835341841,124210,905,1,"1"
1265.5711163158412,124209,906,1,"1"
1266.1326900113388,124137,978,4,"2-1-1"
1287.7847407332063,124136,979,1,"1"
1296.9077021293419,124135,980,1,"1"
1312.553216995633,124132,983,1,"1"
1315.5761816563081,124126,989,2,"2"
1324.8036868598049,124123,992,3,"3"
1342.7605645565156,124118,997,1,"1"
1347.0153060458331,124106,1009,1,"1"
1354.5353044355088,124088,1027,1,"1"
1357.9886632326252,124083,1032,1,"1"
1380.0967578763439,124080,1035,1,"1"
1382.1020545635513,124062,1053,1,"1"
1388.2506844912189,124061,1054,1,"1"
1397.6442391799017,124056,1059,1,"1"
1401.4642016667065,124046,1069,2,"1-1"
1406.7423580791035,124028,1087,1,"1"
1409.207483731408,124010,1105,1,"1"
1410.8957868459734,124009,1106,1,"1"
1415.3164725210304,123991,1124,1,"1"
1426.0331695177656,123973,1142,2,"2"
1426.806106453663,123955,1160,1,"1"
1439.4006048409694,123954,1161,1,"1"
1445.3304192392466,123949,1166,1,"1"
1450.9024570684785,123931,1184,1,"1"
1464.9108020831834,123930,1185,1,"1"
1472.9303174390698,123929,1186,1,"1"
1476.699156530148,123928,1187,1,"1"
1489.0182955861926,123927,1188,1,"1"
1504.4735443872612,123918,1197,1,"1"
1506.7829873253891,123900,1215,1,"1"
1522.3074518376279,123882,1233,1,"1"
1524.9360053847843,123881,1234,1,"1"
1549.0498280501995,123876,1239,1,"1"
1551.7253636274747,123872,1243,2,"1-1"
1553.1314057717532,123862,1253,1,"1"
1560.6979732881277,123844,1271,1,"1"
1598.2856327720694,123826,1289,1,"1"
1601.2136414312592,123808,1307,1,"1"
1605.5002844839655,123790,1325,1,"1"
1609.9095819260897,123772,1343,1,"1"
1632.5760110809642,123754,1361,1,"1"
1638.5912920008202,123736,1379,1,"1"
1678.7801220754832,123722,1393,1,"1"
1690.1621013627196,123717,1398,1,"1"
1727.7702178797047,123681,1434,2,"2"
1727.8423837655778,123671,1444,2,"2"
1742.8459192296059,123662,1453,1,"1"
1767.989673817689,123657,1458,1,"1"
1783.3099505065136,123654,1461,1,"1"
1786.436038692937,123644,1471,1,"1"
1790.0837005071116,123621,1494,2,"2"
1796.4795366629605,123598,1517,2,"2"
1825.0324704461625,123580,1535,1,"1"
1831.0079812655533,123575,1540,1,"1"
1840.5894263535531,123565,1550,1,"1"
1854.2200448906224,123529,1586,2,"2"
1861.6744982594826,123457,1658,5,"4-1"
1870.3829180057858,123439,1676,1,"1"
1881.6103030290299,123429,1686,1,"1"
1883.7168817904485,123411,1704,1,"1"
1890.2733144570984,123393,1722,1,"1"
1904.5509089907271,123375,1740,1,"1"
1914.4007693055057,123365,1750,1,"1"
1919.6871402140725,123347,1768,1,"1"
1927.7284155996158,123329,1786,1,"1"
1933.9434082857813,123311,1804,1,"1"
1942.0428472106112,123293,1822,1,"1"
1950.9084383705933,123275,1840,2,"2"
1953.244230047743,123257,1858,1,"1"
1965.3252751232105,123242,1873,3,"2-1"
2005.8511767676989,123224,1891,1,"1"
2028.4589092416688,123206,1909,1,"1"
2028.5019874161867,123201,1914,1,"1"
2028.5021725382055,123183,1932,1,"1"
2036.6831737478001,123165,1950,1,"1"
2036.9469254956111,123147,1968,1,"1"
2039.1215913344795,123129,1986,1,"1"
2064.3339703524052,123124,1991,1,"1"
2083.2346779862241,123121,1994,1,"1"
2087.6825019554908,123103,2012,1,"1"
2096.3168721341549,123094,2021,1,"1"
2101.0085651722056,123076,2039,1,"1"
2104.6853856048247,123058,2057,1,"1"
2104.9462334110667,123048,2067,1,"1"
2105.3136075983252,123038,2077,1,"1"
2133.4144689146974,123033,2082,1,"1"
2137.9453424594271,123015,2100,1,"1"
2142.4328664546292,123010,2105,1,"1"
2146.3503398015537,122992,2123,1,"1"
2147.6133281278235,122974,2141,1,"1"
2151.2241680595944,122956,2159,1,"1"
2164.4543898431934,122942,2173,2,"1-1"
2167.2624945924676,122927,2188,3,"3"
2171.6606468837517,122914,2201,1,"1"
2179.6459514056764,122896,2219,1,"1"
2201.5038266346724,122878,2237,1,"1"
2209.5452253724661,122860,2255,1,"1"
2217.7302809722964,122846,2269,1,"1"
2227.1312686719443,122843,2272,1,"1"
2238.6874753992747,122825,2290,1,"1"
2246.419863361371,122807,2308,1,"1"
2265.0329059352625,122797,2318,2,"1-1"
2269.38206755705,122779,2336,1,"1"
2272.8922582638697,122743,2372,2,"2"
2279.6894619008849,122740,2375,1,"1"
2279.725336301135,122722,2393,1,"1"
2282.3137335537463,122717,2398,1,"1"
2283.3768954183724,122712,2403,1,"1"
2290.8371876202564,122694,2421,1,"1"
2299.210973538432,122676,2439,1,"1"
2313.8375990538293,122658,2457,1,"1"
2328.1371205654536,122640,2475,1,"1"
2337.3357261290594,122604,2511,2,"2"
2337.4914196619657,122586,2529,1,"1"
2338.2966857535912,122568,2547,1,"1"
2342.9723922038852,122558,2557,2,"2"
2344.5921155948058,122549,2566,1,"1"
2347.4379996959892,122531,2584,1,"1"
2360.1865360499492,122526,2589,1,"1"
2360.5762869364958,122440,2675,9,"5-1-1-1-1"
2366.1390999231307,122404,2711,2,"2"
2366.6480907921555,122394,2721,1,"1"
2390.7010625864041,122376,2739,1,"1"
2391.552847000592,122358,2757,1,"1"
2395.4593928603235,122340,2775,1,"1"
2397.6787070392725,122322,2793,1,"1"
2398.97575764369,122302,2813,2,"2"
2400.6324041752091,122284,2831,1,"1"
2403.4784937135723,122273,2842,3,"2-1"
2406.5402734811305,122255,2860,1,"1"
2420.3507221090244,122237,2878,1,"1"
2420.6020728161634,122209,2906,4,"4"
2420.7593428189602,122204,2911,1,"1"
2422.1961509811977,122190,2925,1,"1"
2422.4129423842883,122178,2937,1,"1"
2425.1584149246273,122160,2955,1,"1"
2457.8273154339777,122142,2973,1,"1"
2464.3008006859163,122137,2978,1,"1"
2476.6470453454895,122127,2988,1,"1"
2479.9691253027481,122113,3002,1,"1"
2501.3436397732967,122054,3061,7,"5-1-1"
2506.8366721619755,122018,3097,2,"1-1"
2519.0879988121542,121996,3119,2,"2"
2525.4674801325718,121978,3137,1,"1"
2529.5701025906201,121964,3151,1,"1"
2537.6937134114523,121946,3169,1,"1"
2543.4593985318525,121937,3178,1,"1"
2551.7274426333092,121925,3190,1,"1"
2576.4896043364738,121907,3208,1,"1"
2576.4912135022755,121889,3226,1,"1"
2580.305689975949,121859,3256,2,"1-1"
2592.1676703372814,121841,3274,1,"1"
2595.666681074003,121827,3288,2,"1-1"
2600.3648530961027,121809,3306,1,"1"
2600.9706133744653,121791,3324,1,"1"
2605.6471181757365,121766,3349,3,"2-1"
2608.5779602437374,121761,3354,1,"1"
2612.135303798208,121747,3368,1,"1"
2618.9865744624935,121729,3386,1,"1"
2634.5059977455153,121717,3398,1,"1"
2636.037895711655,121699,3416,1,"1"
2646.3815952976238,121694,3421,1,"1"
2647.6432661244112,121676,3439,4,"3-1"
2663.0782098585514,121658,3457,1,"1"
2665.9412397400361,121648,3467,1,"1"
2685.0831029057645,121630,3485,1,"1"
2694.5438802073782,121612,3503,1,"1"
2700.9407924789798,121594,3521,2,"1-1"
2707.0134938233286,121570,3545,2,"2"
2707.322250369165,121556,3559,2,"1-1"
2720.797426546455,121538,3577,1,"1"
2731.8916710168523,121520,3595,1,"1"
2732.3808345801399,121506,3609,2,"2"
2756.2672876692955,121492,3623,1,"1"
2760.3185900830226,121487,3628,1,"1"
2770.0145799754741,121469,3646,1,"1"
2778.1455320517703,121451,3664,1,"1"
2787.6510771169378,121446,3669,1,"1"
2794.1599338894443,121422,3693,2,"1-1"
2803.888359746401,121404,3711,1,"1"
2819.293117134172,121386,3729,1,"1"
2819.873664600028,121368,3747,1,"1"
2833.040047945779,121350,3765,1,"1"
2847.5771317244239,121328,3787,4,"1-1-1-1"
2862.4883967377314,121310,3805,1,"1"
2868.2939430731294,121300,3815,2,"2"
2869.1132387972034,121293,3822,1,"1"
2870.0605824688837,121283,3832,1,"1"
2871.2427423259055,121256,3859,3,"3"
2877.0234593944388,121226,3889,3,"3"
2892.2754749989053,121208,3907,1,"1"
2895.0104454618017,121132,3983,8,"2-2-1-1-1-1"
2902.9414679226838,121114,4001,1,"1"
2904.4623023160275,121084,4031,2,"1-1"
2914.8550745039838,121074,4041,1,"1"
2916.2950737300807,121060,4055,1,"1"
2929.7891169070558,121024,4091,2,"2"
2931.5049531575182,121006,4109,1,"1"
2938.7142614718618,120970,4145,2,"2"
2939.9765361919112,120934,4181,2,"1-1"
2940.0734964741746,120925,4190,1,"1"
2954.110154426895,120834,4281,7,"2-2-1-1-1"
2954.8132662558201,120816,4299,1,"1"
2958.0042898330462,120805,4310,1,"1"
2964.3050833576599,120789,4326,1,"1"
2980.6526188148664,120771,4344,1,"1"
2987.8358590207345,120761,4354,2,"2"
2989.5180756969626,120743,4372,1,"1"
3002.1531714713028,120738,4377,1,"1"
3004.8139207238769,120720,4395,1,"1"
3006.779620449794,120702,4413,1,"1"
3011.4377829226655,120685,4430,3,"2-1"
3012.5379710237867,120667,4448,1,"1"
3017.0629260359005,120631,4484,2,"2"
3046.8052345532328,120613,4502,1,"1"
3059.5537837858838,120601,4514,1,"1"
3066.9463325991333,120583,4532,1,"1"
3068.7018441971577,120565,4550,1,"1"
3075.2557110480129,120547,4568,1,"1"
3084.5246506887333,120540,4575,1,"1"
3098.3323155749899,120504,4611,2,"2"
3099.883486319759,120499,4616,1,"1"
3100.8420551599584,120481,4634,1,"1"
3101.9961500636646,120455,4660,2,"2"
3105.0401520384025,120437,4678,1,"1"
3106.2724476831222,120427,4688,1,"1"
3124.3190925067893,120391,4724,2,"2"
3127.8959193500054,120371,4744,2,"2"
3142.964830967705,120362,4753,1,"1"
3149.2425415039406,120344,4771,1,"1"
3156.5123826453973,120334,4781,1,"1"
3157.897393926155,120290,4825,4,"1-1-1-1"
3173.1392583026959,120272,4843,1,"1"
3185.4907794112446,120265,4850,1,"1"
3186.2364174072377,120247,4868,1,"1"
3187.5209104841197,120193,4922,3,"3"
3192.373634989523,120175,4940,1,"1"
3197.1124394870517,120157,4958,1,"1"
3203.8337147154521,120139,4976,1,"1"
3207.2488775907332,120121,4994,1,"1"
3220.7117471158031,120109,5006,1,"1"
3223.5201527196496,120099,5016,1,"1"
3241.3076280321138,120081,5034,1,"1"
3243.833599433533,120067,5048,2,"1-1"
3246.8536204089723,120049,5066,1,"1"
3252.5662811557345,120031,5084,1,"1"
3267.0813683744159,120013,5102,1,"1"
3270.2641373609426,119995,5120,1,"1"
3278.0680047443966,119986,5129,1,"1"
3281.172809845234,119949,5166,5,"2-2-1"
3288.3828370990341,119931,5184,1,"1"
3294.5358835303023,119913,5202,1,"1"
3299.6945312797529,119895,5220,1,"1"
3309.470825084476,119856,5259,3,"3"
3312.0450549197053,119842,5273,2,"2"
3320.5245657183696,119832,5283,1,"1"
3321.7573981866458,119771,5344,4,"3-1"
3325.6014258516425,119753,5362,1,"1"
3333.4404941832672,119725,5390,2,"1-1"
3341.2593222786686,119707,5408,1,"1"
3350.6341681445242,119689,5426,1,"1"
3353.0336537863254,119671,5444,1,"1"
3358.6363547973319,119661,5454,1,"1"
3363.3333909271887,119625,5490,2,"2"
3369.4193311380081,119615,5500,1,"1"
3375.9965188985188,119421,5694,11,"11"
3377.82859192449,119403,5712,1,"1"
3380.9375525907903,119375,5740,2,"2"
3382.6838094826262,119357,5758,1,"1"
3391.9756601052131,119339,5776,1,"1"
3405.9106352507883,119303,5812,2,"2"
3408.4550350280119,119294,5821,1,"1"
3419.5866248568186,119276,5839,1,"1"
3424.9731188485075,119271,5844,1,"1"
3431.5216034983264,119266,5849,1,"1"
3433.6799356779575,119248,5867,1,"1"
3436.2487423486928,119212,5903,2,"2"
3441.8309680965162,119194,5921,1,"1"
3450.3763617650329,119182,5933,1,"1"
3454.9472304479268,119164,5951,1,"1"
3458.8083947536279,119150,5965,1,"1"
3460.557621512995,119131,5984,3,"2-1"
3464.6702635666079,119109,6006,4,"3-1"
3468.9044091453188,119091,6024,1,"1"
3478.5658444229693,119080,6035,1,"1"
3492.6120089901542,119067,6048,1,"1"
3494.677616651506,119031,6084,2,"1-1"
3501.0578102451864,119021,6094,1,"1"
3502.5864530509589,118985,6130,2,"1-1"
3514.8863456567424,118968,6147,3,"2-1"
3518.9980884907909,118950,6165,1,"1"
3575.4479859034091,118932,6183,1,"1"
3584.9885429369328,118914,6201,1,"1"
3585.643746833628,118892,6223,2,"1-1"
3585.7203145308222,118874,6241,1,"1"
3600.5791263928886,118864,6251,2,"1-1"
3604.5070739077364,118859,6256,1,"1"
3607.760837955399,118841,6274,1,"1"
3616.2420641463555,118823,6292,1,"1"
3616.8018068640581,118813,6302,1,"1"
3624.6193179539978,118778,6337,2,"2"
3627.772937376586,118760,6355,1,"1"
3644.0500200640827,118742,6373,1,"1"
3647.7904119699774,118726,6389,1,"1"
3649.6520390374403,118708,6407,1,"1"
3651.4554575267025,118690,6425,1,"1"
3651.8089893537394,118672,6443,1,"1"
3661.6753511195488,118654,6461,1,"1"
3665.676446450223,118638,6477,1,"1"
3667.9190314143252,118629,6486,1,"1"
3668.2033116453954,118569,6546,5,"2-2-1"
3670.388852293057,118551,6564,1,"1"
3675.8207250254654,118511,6604,4,"2-1-1"
3690.1989522804197,118493,6622,1,"1"
3690.2552954002372,118457,6658,2,"2"
3690.6553503486325,118437,6678,2,"2"
3697.6432345365215,118397,6718,3,"2-1"
3714.9392109999612,117714,7401,66,"8-7-7-5-4-3-3-2-2-2-2-2-2-2-2-1-1-1-1-1-1-1-1-1-1-1-1-1"
3736.1730326913239,117654,7461,4,"3-1"
3752.0061179729878,117550,7565,7,"3-2-1-1"
3755.6339733547347,117178,7937,31,"12-6-3-2-2-1-1-1-1-1-1"
3764.7675948541473,116973,8142,16,"6-3-2-1-1-1-1-1"
3769.0276716804897,116941,8174,3,"2-1"
3770.7598664711295,116905,8210,2,"2"
3771.4941427480017,116869,8246,2,"2"
3792.6455923606345,116851,8264,1,"1"
3796.6127981584586,116033,9082,46,"33-3-2-1-1-1-1-1-1-1-1"
3803.7135466392738,115997,9118,2,"1-1"
3804.6201821409632,115986,9129,1,"1"
3808.3530742541629,115778,9337,17,"3-3-2-2-1-1-1-1-1-1-1"
3821.2355171419299,115742,9373,2,"2"
3821.6185069517128,115696,9419,3,"1-1-1"
3822.5625046796736,115610,9505,6,"4-1-1"
3823.4114946733844,115592,9523,1,"1"
3830.3152765373475,115566,9549,2,"1-1"
3833.0427682724148,115548,9567,1,"1"
3837.4455440522561,115537,9578,1,"1"
3840.088720934843,115449,9666,7,"3-1-1-1-1"
3841.8781974245053,115431,9684,1,"1"
3843.9404319818432,115413,9702,1,"1"
3848.6837099136769,115381,9734,2,"2"
3852.0395244304973,115363,9752,1,"1"
3854.6601100378584,115345,9770,1,"1"
3860.9329391681085,115327,9788,1,"1"
3870.7850307985573,115291,9824,2,"2"
3879.7716132656819,115255,9860,2,"1-1"
3881.6528407038527,115245,9870,1,"1"
3896.2859079068303,115227,9888,1,"1"
3898.3962900927149,115209,9906,1,"1"
3903.2688120470789,115173,9942,2,"2"
3903.3119667083888,115155,9960,1,"1"
3909.3084318417923,115137,9978,1,"1"
3916.7243844745099,114609,10506,30,"19-7-2-1-1"
3917.6174423652396,114591,10524,1,"1"
3918.1899807138702,114573,10542,1,"1"
3930.1922171383953,114525,10590,4,"2-1-1"
3937.526093627363,114497,10618,2,"1-1"
3939.741253214484,114479,10636,1,"1"
3942.9306390107372,114466,10649,1,"1"
3947.2489202035472,114448,10667,1,"1"
3948.4631177697734,114254,10861,14,"3-3-2-2-2-1-1"
3953.4526549118273,114218,10897,2,"2"
3954.9330295779264,112539,12576,119,"19-10-7-6-5-5-5-4-3-3-3-3-3-3-3-3-2-2-2-2-2-2-2-1-1-1-1-1-1-1-1-1-1-1-1-1-1-1-1-1-1-1-1"
3964.1006619732884,112521,12594,1,"1"
3974.8885581225209,112503,12612,1,"1"
3984.2248669712048,112291,12824,13,"2-2-2-2-2-1-1-1"
3987.960752966675,112255,12860,2,"2"
3988.6303483504221,112237,12878,1,"1"
3990.7198340339492,112219,12896,1,"1"
3991.7158807183105,112210,12905,1,"1"
3996.117876087817,112174,12941,2,"2"
3999.2198580919762,112156,12959,1,"1"
4001.1854549993823,112138,12977,1,"1"
4002.2330796967349,112128,12987,1,"1"
4003.135407804712,111243,13872,56,"17-10-7-5-2-2-2-2-2-1-1-1-1-1-1-1"
4003.5596193536926,111225,13890,1,"1"
4007.1165113476973,111207,13908,1,"1"
4013.9282592233349,111179,13936,2,"2"
4024.3901569415584,111025,14090,12,"2-2-2-1-1-1-1-1-1"
4037.6177568302046,110973,14142,3,"2-1"
4039.4643945391153,110955,14160,1,"1"
4039.8166969201966,110937,14178,1,"1"
4048.1242126587745,0,125115,6214,"6214"
----------------------------------------------1
0,125115,0,0,"0"
165.87419719752697,125114,1,1,"1"
169.84770292888103,125113,2,1,"1"
178.77523197356359,125103,12,1,"1"
191.40693511636829,125102,13,1,"1"
208.42580728538871,125101,14,1,"1"
224.3729890539785,125083,32,1,"1"
236.61532139462324,125078,37,1,"1"
239.80364360823106,125077,38,1,"1"
277.19318196603916,125076,39,1,"1"
293.35076681929024,125075,40,1,"1"
312.1833375527458,125070,45,1,"1"
312.66370492916684,125052,63,1,"1"
317.6767389945885,125034,81,1,"1"
319.61849020467679,125027,88,3,"2-1"
362.46039102240269,125024,91,1,"1"
373.39552263584363,125023,92,1,"1"
402.15844089970165,125022,93,1,"1"
410.41150637265162,125021,94,1,"1"
414.05791009646072,125020,95,1,"1"
418.14355992546109,125019,96,1,"1"
424.37770024096653,125009,106,2,"2"
428.10633011053835,125008,107,1,"1"
440.88959408497635,124990,125,1,"1"
441.55058028473206,124989,126,1,"1"
450.48194869114531,124988,127,1,"1"
456.97894916560853,124987,128,1,"1"
484.76184554858014,124985,130,2,"2"
490.78913891273368,124984,131,1,"1"
516.75495410201734,124966,149,1,"1"
518.38078603311976,124956,159,1,"1"
525.16489929711429,124955,160,1,"1"
538.26482380023583,124954,161,1,"1"
542.01185848912451,124953,162,1,"1"
543.02042302163727,124952,163,1,"1"
555.46429741724864,124951,164,1,"1"
561.09235046862773,124950,165,1,"1"
562.07018261968301,124932,183,1,"1"
563.55685162933241,124930,185,2,"1-1"
587.62013272722288,124920,195,1,"1"
589.50436903785953,124919,196,1,"1"
589.81019519045583,124901,214,1,"1"
599.36813260670465,124900,215,1,"1"
599.61697433937491,124882,233,1,"1"
637.38167530327496,124879,236,1,"1"
643.16546160708572,124878,237,1,"1"
646.81830182349677,124877,238,1,"1"
671.56659684273234,124859,256,1,"1"
677.40292893487606,124851,264,2,"1-1"
690.32722793775622,124849,266,2,"1-1"
699.09658963314064,124847,268,2,"2"
703.06972953554487,124829,286,1,"1"
706.40285577028294,124827,288,2,"1-1"
736.99883850771448,124809,306,1,"1"
744.29621030065221,124799,316,1,"1"
746.30024601157299,124796,319,1,"1"
747.28131505288343,124793,322,1,"1"
761.50660266455884,124788,327,5,"2-2-1"
764.54703459444909,124770,345,1,"1"
774.08082223125086,124508,607,18,"18"
774.85614510209086,124490,625,1,"1"
793.55532398273056,124472,643,1,"1"
800.28555466490945,124471,644,1,"1"
800.65629682533006,124468,647,3,"1-1-1"
807.3531136571728,124450,665,1,"1"
812.61629580091108,124432,683,1,"1"
824.77954916782539,124431,684,1,"1"
838.64698346908347,124429,686,2,"2"
841.41919795341403,124411,704,1,"1"
848.68443011067166,124401,714,1,"1"
851.45281076187882,124395,720,2,"2"
855.69144196416414,124385,730,1,"1"
857.81950854308081,124384,731,1,"1"
859.13931686883404,124378,737,2,"2"
863.22757907792186,124360,755,1,"1"
868.72734512336228,124359,756,1,"1"
890.44272337475036,124341,774,1,"1"
893.80186594631971,124340,775,1,"1"
899.71539254745096,124338,777,2,"1-1"
909.59037538153825,124328,787,1,"1"
915.62958203315554,124324,791,2,"1-1"
918.40564046320151,124323,792,1,"1"
920.2860839846644,124322,793,1,"1"
923.86594138583416,124321,794,1,"1"
924.59688104869724,124303,812,1,"1"
926.68221385790025,124302,813,1,"1"
939.55354674151829,124301,814,1,"1"
968.83648141339211,124296,819,1,"1"
972.37108101921194,124284,831,1,"1"
980.33155040731981,124283,832,1,"1"
984.2544521051783,124265,850,1,"1"
1005.6324631290286,124260,855,1,"1"
1006.130033017804,124259,856,1,"1"
1024.2694770657138,124241,874,1,"1"
1037.4563525022736,124239,876,2,"2"
1046.9021343262177,124238,877,1,"1"
1051.0625088296686,124220,895,1,"1"
1068.9535546258949,124202,913,1,"1"
1074.5413290582512,124199,916,3,"2-1"
1090.7433590850076,124198,917,1,"1"
1097.2481894720786,124197,918,1,"1"
1098.7260674836209,124191,924,2,"2"
1106.3741290059681,124153,962,3,"3"
1108.2025956405516,124152,963,1,"1"
1116.5637333102893,124134,981,1,"1"
1117.8266364650663,124133,982,1,"1"
1125.1530752227497,124132,983,1,"1"
1125.7990122220469,124131,984,1,"1"
1129.796772285951,124118,997,5,"3-2"
1146.9946968111801,124117,998,1,"1"
1162.6052380744406,124100,1015,1,"1"
1172.2638508880755,124082,1033,1,"1"
1179.0552322219944,124064,1051,1,"1"
1191.0316926381192,124055,1060,1,"1"
1205.2068725613888,124037,1078,1,"1"
1222.3189575158749,124035,1080,2,"2"
1250.6008173137443,124028,1087,1,"1"
1255.714154507064,124018,1097,1,"1"
1261.8817421107342,124000,1115,1,"1"
1275.3134839747722,123995,1120,1,"1"
1278.3240027746533,123992,1123,1,"1"
1297.2014223340113,123982,1133,1,"1"
1309.7119504700934,123964,1151,1,"1"
1319.3879195897628,123963,1152,1,"1"
1331.7044453473814,123950,1165,1,"1"
1333.3756454520551,123935,1180,3,"1-1-1"
1335.2087930794441,123917,1198,2,"2"
1349.0296027512782,123881,1234,2,"2"
1369.8083163100966,123863,1252,1,"1"
1370.214307957862,123860,1255,1,"1"
1381.444618570496,123859,1256,1,"1"
1384.262396965777,123858,1257,1,"1"
1388.5307714637088,123833,1282,3,"2-1"
1389.6201720999841,123815,1300,1,"1"
1390.2797989193009,123797,1318,1,"1"
1390.9094128488894,123779,1336,1,"1"
1427.2380749441513,123777,1338,2,"1-1"
1438.6345856828348,123765,1350,1,"1"
1446.4545667022992,123764,1351,1,"1"
1447.6248384216553,123746,1369,1,"1"
1453.7429862897609,123728,1387,1,"1"
1461.8864370683561,123710,1405,1,"1"
1468.835084523223,123676,1439,8,"3-3-1-1"
1468.9303724631702,123658,1457,1,"1"
1472.0295369362843,123640,1475,1,"1"
1474.4812851974541,123622,1493,1,"1"
1477.9649239148391,123621,1494,1,"1"
1480.3941374921301,123610,1505,1,"1"
1481.5709735908315,123609,1506,1,"1"
1481.5732627844659,123591,1524,1,"1"
1487.381356465211,123588,1527,1,"1"
1515.7920001233908,123587,1528,1,"1"
1532.9758301846505,123568,1547,3,"1-1-1"
1533.8515876156475,123550,1565,1,"1"
1535.5478906940036,123543,1572,3,"2-1"
1564.4080326306007,123525,1590,1,"1"
1574.8905996721978,123522,1593,1,"1"
1579.9570818782026,123517,1598,1,"1"
1582.9839113769965,123505,1610,1,"1"
1588.3506562303401,123487,1628,1,"1"
1645.6546862315095,123469,1646,1,"1"
1658.5155633815866,123451,1664,1,"1"
1662.2059570023416,122953,2162,30,"28-1-1"
1679.410400935996,122950,2165,1,"1"
1681.0755112509116,122932,2183,1,"1"
1694.9025501689448,122914,2201,1,"1"
1708.901996732217,122896,2219,1,"1"
1711.474286420947,122883,2232,1,"1"
1716.2206872739873,122873,2242,1,"1"
1723.8468732735539,122855,2260,1,"1"
1738.1473723066813,122837,2278,1,"1"
1760.8144890615881,122819,2296,1,"1"
1770.6408662062606,122806,2309,1,"1"
1780.3819311871732,122788,2327,1,"1"
1782.0499343140245,122779,2336,1,"1"
1792.523660319853,122774,2341,1,"1"
1798.280110027119,122756,2359,1,"1"
1801.5954381338936,122738,2377,1,"1"
1807.7171107966371,122720,2395,1,"1"
1818.6123586243077,122702,2413,1,"1"
1832.5599768483314,122695,2420,1,"1"
1833.103352978927,122694,2421,1,"1"
1835.2462477871172,122693,2422,1,"1"
1837.8534240985493,122675,2440,1,"1"
1842.7586731169115,122657,2458,1,"1"
1844.1330192510445,122621,2494,2,"2"
1846.9705119540731,122603,2512,1,"1"
1866.4401759536854,122585,2530,1,"1"
1875.4871039082368,122567,2548,1,"1"
1889.381660259324,122546,2569,3,"1-1-1"
1906.4067955783523,122499,2616,9,"5-2-1-1"
1914.6526868706044,122481,2634,1,"1"
1920.6970175189051,122474,2641,1,"1"
1926.7514666655443,122458,2657,1,"1"
1930.8796545167538,122387,2728,9,"4-4-1"
1931.2102291354024,122381,2734,2,"2"
1958.890209199059,122345,2770,2,"1-1"
1969.674941205647,122340,2775,1,"1"
1969.9273161396468,122330,2785,2,"2"
1975.4879196740696,122320,2795,1,"1"
2002.4889301089709,122286,2829,2,"2"
2024.0316512430909,122268,2847,1,"1"
2028.9027195506785,122250,2865,1,"1"
2032.2633205551117,122240,2875,2,"2"
2034.1298499155064,122222,2893,1,"1"
2040.4349525274899,122202,2913,2,"2"
2041.5846189979502,122197,2918,1,"1"
2044.6317462435718,122187,2928,1,"1"
2050.6367596358036,122182,2933,1,"1"
2053.332729424164,122167,2948,3,"2-1"
2065.3794613997861,122149,2966,1,"1"
2082.3016052910143,122140,2975,1,"1"
2087.8380589302783,122126,2989,1,"1"
2098.2295532872104,122108,3007,1,"1"
2098.3142212161151,122090,3025,1,"1"
2106.8191828663571,122076,3039,2,"2"
2128.5770017033319,122071,3044,1,"1"
2173.3098108534841,122061,3054,1,"1"
2175.7736288247102,122043,3072,1,"1"
2179.8848746473191,122025,3090,1,"1"
2180.16076763206,121989,3126,2,"2"
2184.1047842172202,121971,3144,1,"1"
2194.7827987151713,121951,3164,2,"2"
2197.1780224589488,121933,3182,1,"1"
2198.108914566184,121915,3200,1,"1"
2200.7518890117926,121903,3212,1,"1"
2205.6077849324174,121896,3219,1,"1"
2210.1220872421886,121875,3240,3,"3"
2214.857242283128,121839,3276,2,"1-1"
2235.4302033814288,121821,3294,1,"1"
2245.166875695797,121803,3312,1,"1"
2246.7208227786846,121785,3330,1,"1"
2249.9738852776122,121767,3348,1,"1"
2254.3556910947987,121749,3366,1,"1"
2256.7170786963725,121731,3384,1,"1"
2275.8554215911026,121713,3402,1,"1"
2278.4576205218627,121695,3420,1,"1"
2301.9692700594178,121675,3440,2,"2"
2304.0288895028839,121657,3458,2,"1-1"
2305.3660028553804,121637,3478,4,"3-1"
2308.9369903536772,121619,3496,1,"1"
2311.0525243587713,121601,3514,1,"1"
2329.1560832272357,121583,3532,1,"1"
2334.6315693258821,121547,3568,2,"2"
2340.6716176100249,121542,3573,1,"1"
2355.3785758369195,121524,3591,1,"1"
2377.2274750233728,121512,3603,1,"1"
2380.3144530250602,121494,3621,1,"1"
2386.4169384288571,121480,3635,1,"1"
2403.9641214572066,121469,3646,1,"1"
2404.6923502897125,121451,3664,2,"2"
2407.0634655046983,121441,3674,2,"2"
2419.6152529777596,121423,3692,1,"1"
2426.9405203442975,121418,3697,1,"1"
2429.2897683467741,121400,3715,1,"1"
2433.1300632541479,121364,3751,2,"1-1"
2436.1842121626851,121346,3769,1,"1"
2447.9387019778169,121314,3801,4,"2-1-1"
2456.2247074317515,121296,3819,1,"1"
2456.8750443951185,121250,3865,3,"2-1"
2465.4803120475885,121230,3885,2,"2"
2468.7655553308505,121212,3903,1,"1"
2469.3492740988067,121194,3921,1,"1"
2488.9012267284747,121172,3943,2,"2"
2493.2123915337816,121163,3952,1,"1"
2517.5946141355575,121153,3962,1,"1"
2523.9279646737705,121135,3980,1,"1"
2534.4641317956211,121124,3991,1,"1"
2542.321294776566,121106,4009,1,"1"
2547.7630106434863,121101,4014,1,"1"
2606.4091718316854,121087,4028,2,"1-1"
2613.285409957256,121069,4046,1,"1"
2615.037789976167,121051,4064,1,"1"
2621.9812936188632,121033,4082,1,"1"
2622.3132247201461,121024,4091,1,"1"
2627.0524142148788,121006,4109,1,"1"
2628.4655140810646,120988,4127,1,"1"
2634.1102459520271,120970,4145,1,"1"
2642.6302961711053,120959,4156,1,"1"
2651.9441744417436,120942,4173,1,"1"
2678.3359105203335,120939,4176,1,"1"
2682.0354452119345,120921,4194,1,"1"
2694.8199456721063,120907,4208,2,"2"
2700.1960029083125,120871,4244,2,"2"
2702.1517776652963,120861,4254,1,"1"
2708.6547231204968,120843,4272,1,"1"
2724.875944562601,120825,4290,1,"1"
2726.0523588174747,120820,4295,1,"1"
2732.4177024357332,120810,4305,1,"1"
2743.2307762025871,120805,4310,1,"1"
2743.5409238530428,120787,4328,1,"1"
2744.6916856403168,120770,4345,1,"1"
2749.4456985742754,120752,4363,1,"1"
2757.6692559044459,120740,4375,1,"1"
2771.0684151994074,120722,4393,1,"1"
2773.0475439063475,120704,4411,1,"1"
2778.8114346952234,120668,4447,2,"2"
2786.3824408509167,120658,4457,2,"2"
2795.7410746326191,120640,4475,1,"1"
2802.4722051269864,120622,4493,1,"1"
2809.2799001701292,120604,4511,1,"1"
2837.3518393010327,120568,4547,2,"2"
2848.071550937444,120507,4608,9,"3-3-2-1"
2854.2825494074373,120489,4626,1,"1"
2857.9870514017812,120471,4644,1,"1"
2859.2004324646441,120453,4662,1,"1"
2864.1274993274901,120435,4680,2,"2"
2864.76269517228,120407,4708,2,"1-1"
2867.6217098172965,120389,4726,1,"1"
2871.4048391002952,120371,4744,1,"1"
2878.1188450171662,120357,4758,1,"1"
2878.158899574405,120339,4776,2,"2"
2881.6174828642361,120319,4796,2,"1-1"
2907.7358147737768,120314,4801,1,"1"
2911.7818290910986,120296,4819,1,"1"
2929.5840908128171,120286,4829,1,"1"
2934.008984404456,120268,4847,1,"1"
2940.363408778001,120196,4919,4,"4"
2942.1928788316741,120184,4931,1,"1"
2944.4410155311548,120177,4938,1,"1"
2947.1891668816511,120159,4956,1,"1"
2948.1940024863698,120147,4968,1,"1"
2950.5406716647071,120142,4973,1,"1"
2953.1565121127105,120124,4991,1,"1"
2960.5626758035755,120119,4996,1,"1"
2963.027844303143,120101,5014,1,"1"
2968.2076351286978,120077,5038,4,"2-2"
2972.7593056847231,120063,5052,1,"1"
2986.8376372150533,120045,5070,1,"1"
2995.6641638220235,120027,5088,1,"1"
2996.0900871968583,120009,5106,1,"1"
2996.2533949008803,119999,5116,2,"2"
3006.1519704992443,119981,5134,1,"1"
3035.1568598823533,119956,5159,5,"3-1-1"
3041.9899215271857,119938,5177,1,"1"
3043.4948445150048,119920,5195,1,"1"
3049.4554033674135,119890,5225,2,"1-1"
3051.8096723800541,119854,5261,2,"2"
3056.2120629876304,119836,5279,1,"1"
3070.1308286499111,119818,5297,1,"1"
3077.6815353489224,119800,5315,1,"1"
3083.2617164797362,119782,5333,1,"1"
3085.6657286617406,119777,5338,1,"1"
3086.3600350506836,119639,5476,9,"6-2-1"
3091.418072423216,119621,5494,1,"1"
3095.843383632754,119603,5512,1,"1"
3103.8361826095547,119585,5530,1,"1"
3108.4789839411378,119567,5548,1,"1"
3110.7294803591958,119537,5578,2,"2"
3125.747360479656,119519,5596,1,"1"
3139.0974214529624,119483,5632,2,"2"
3140.2665045385002,119478,5637,1,"1"
3145.8777691388409,119460,5655,1,"1"
3146.060882371657,119450,5665,2,"2"
3146.3706747893116,119432,5683,1,"1"
3165.1272809630682,119422,5693,1,"1"
3166.3439210518304,119415,5700,1,"1"
3175.8020070239745,119242,5873,13,"11-1-1"
3176.2653439537157,119206,5909,2,"2"
3178.5021632912026,119188,5927,1,"1"
3186.8888067080638,119178,5937,1,"1"
3193.1766789295343,119167,5948,1,"1"
3215.1730925773131,119149,5966,1,"1"
3215.5822612690204,119131,5984,1,"1"
3227.4448839539446,119113,6002,1,"1"
3240.7906331983172,119095,6020,1,"1"
3250.3799989400677,119077,6038,1,"1"
3251.4619086777248,119059,6056,1,"1"
3259.3731158585006,119041,6074,1,"1"
3260.0254366749477,119023,6092,1,"1"
3268.6003067281717,119013,6102,2,"2"
3271.4683957971915,118995,6120,1,"1"
3271.4920674498039,118959,6156,2,"2"
3277.3593546761431,118954,6161,1,"1"
3280.7072551665897,118922,6193,3,"2-1"
3284.4741282084697,118904,6211,1,"1"
3289.441179895196,118895,6220,1,"1"
3292.4183089710873,118877,6238,1,"1"
3297.8782946826345,118865,6250,1,"1"
3309.8503247035151,118847,6268,1,"1"
3311.6111911599178,118780,6335,7,"4-2-1"
3317.4488694685629,118762,6353,1,"1"
3323.7850340308873,118744,6371,1,"1"
3335.3523828149214,118583,6532,18,"6-5-4-1-1-1"
3335.7772511402959,118578,6537,1,"1"
3344.1510995039912,118568,6547,1,"1"
3349.2202381678271,118550,6565,1,"1"
3360.2666329879276,118528,6587,2,"2"
3360.4703334674955,118510,6605,1,"1"
3379.5620943999375,118492,6623,1,"1"
3380.6441755999449,118438,6677,3,"2-1"
3383.050705379861,118420,6695,1,"1"
3390.1798345277416,118402,6713,1,"1"
3406.6880691666779,118100,7015,29,"6-3-2-2-2-2-2-2-1-1-1-1-1-1-1-1"
3409.3001853599094,118078,7037,2,"2"
3421.6119268560342,118060,7055,1,"1"
3425.0876261523008,118024,7091,2,"1-1"
3431.5635113065227,118006,7109,1,"1"
3439.8699120639526,117988,7127,1,"1"
3440.0444518888094,117970,7145,1,"1"
3443.3553571679954,117872,7243,10,"2-1-1-1-1-1-1-1-1"
3447.359801491526,117858,7257,1,"1"
3460.6202688574817,117843,7272,1,"1"
3461.2288898654806,117562,7553,27,"5-4-4-3-3-2-2-1-1-1-1"
3463.8558902312902,117544,7571,1,"1"
3470.170156283622,117526,7589,1,"1"
3473.0340827850255,117508,7607,1,"1"
3475.2840975829517,117497,7618,1,"1"
3487.5026795004792,117444,7671,3,"3"
3493.0992366907271,117434,7681,1,"1"
3495.4401535950983,117416,7699,1,"1"
3495.9563808537719,117398,7717,1,"1"
3502.3898175501299,117389,7726,1,"1"
3503.573480970776,117374,7741,1,"1"
3509.4075320581755,117356,7759,1,"1"
3523.9923462987817,117344,7771,1,"1"
3535.0285022916755,117326,7789,1,"1"
3538.0557432836163,117254,7861,6,"3-2-1"
3547.6829044538649,117218,7897,2,"1-1"
3551.9172651971639,117208,7907,1,"1"
3565.327826344856,117190,7925,1,"1"
3582.9418655596246,117134,7981,4,"2-1-1"
3583.0861941818775,117121,7994,1,"1"
3597.195476394977,117013,8102,6,"5-1"
3597.9348712208803,116995,8120,1,"1"
3600.0375429252422,116977,8138,1,"1"
3600.4146088157977,116959,8156,1,"1"
3601.3224486249651,116941,8174,1,"1"
3602.2963311904077,116923,8192,1,"1"
3617.1173860823187,116886,8229,5,"1-1-1-1-1"
3622.0576496710692,116868,8247,1,"1"
3623.8276488477532,116850,8265,2,"2"
3629.9404518022279,116759,8356,7,"4-2-1"
3634.4176677947648,116633,8482,7,"5-1-1"
3637.4288430044644,116615,8500,1,"1"
3638.3231654772007,116595,8520,2,"1-1"
3640.8551448005001,116577,8538,1,"1"
3646.7113438192973,116566,8549,1,"1"
3648.26383724364,116530,8585,2,"1-1"
3655.0136978540954,116413,8702,11,"4-2-2-1-1-1"
3658.9343851627555,116140,8975,25,"6-3-3-2-2-2-2-2-2-1"
3660.2323606133309,116131,8984,1,"1"
3688.5715573606872,116105,9010,2,"1-1"
3691.6167453037519,116087,9028,1,"1"
3711.5924710056274,116075,9040,1,"1"
3719.1115233136838,116057,9058,1,"1"
3720.9604268232533,116003,9112,3,"2-1"
3721.619679439942,115985,9130,1,"1"
3721.7749092807044,115967,9148,1,"1"
3726.4582907380641,115949,9166,1,"1"
3729.8435689086732,115931,9184,1,"1"
3729.8675481552932,115913,9202,1,"1"
3731.9758931385804,115895,9220,1,"1"
3732.8385539487354,115877,9238,1,"1"
3736.203796261188,115868,9247,1,"1"
3736.535299803912,115850,9265,1,"1"
3739.6429654866615,115832,9283,1,"1"
3743.9773735189033,115814,9301,1,"1"
3747.2226021591914,115796,9319,1,"1"
3748.3285390428687,115778,9337,1,"1"
3761.4954158229275,115723,9392,5,"2-1-1-1"
3762.3205527488863,115687,9428,2,"2"
3772.9922055882207,115669,9446,1,"1"
3777.6415442772973,115655,9460,1,"1"
3780.4322613330291,115646,9469,1,"1"
3802.3632215357429,115636,9479,1,"1"
3810.0716797304203,115618,9497,1,"1"
3811.7705509808802,115600,9515,1,"1"
3826.0652691763003,115582,9533,1,"1"
3827.3836517362092,115546,9569,2,"2"
3828.2218342970082,115528,9587,1,"1"
3831.845221765449,115510,9605,1,"1"
3846.890786093782,114968,10147,33,"19-7-3-1-1-1-1"
3850.578401895752,114950,10165,1,"1"
3852.194004802921,114932,10183,1,"1"
3863.1857417350298,114914,10201,1,"1"
3867.1223297461111,114702,10413,12,"11-1"
3876.161586613865,114660,10455,3,"2-1"
3887.4125950285584,114642,10473,1,"1"
3888.2866061445079,114606,10509,2,"2"
3917.5089021773192,114588,10527,1,"1"
3922.040536165719,114570,10545,1,"1"
3923.4253547243597,114498,10617,4,"4"
3933.6861163206891,114480,10635,1,"1"
3936.7938250984721,114470,10645,1,"1"
3939.8055541939898,114398,10717,4,"2-2"
3951.0231353204458,114380,10735,1,"1"
3958.0702090965256,114362,10753,1,"1"
3962.2652158052638,114344,10771,1,"1"
3962.4756173949922,114290,10825,3,"3"
3966.3777873856766,114254,10861,2,"1-1"
3969.1079585018133,114236,10879,1,"1"
3969.3933236362623,114208,10907,2,"2"
3977.8005000002017,114190,10925,1,"1"
3984.4142203546876,114172,10943,1,"1"
3992.7573321002355,114154,10961,1,"1"
4002.445806990881,113481,11634,49,"6-4-3-3-2-2-2-2-2-2-2-1-1-1-1-1-1-1-1-1-1-1-1-1-1-1-1-1-1-1"
4010.2407123871403,113427,11688,3,"2-1"
4011.4348766781418,113409,11706,1,"1"
4011.8020170465879,113391,11724,1,"1"
4019.0356167125096,113373,11742,1,"1"
4024.3018740496591,113362,11753,1,"1"
4026.4713144218772,113266,11849,7,"3-3-1"
4027.1744716073508,113199,11916,6,"2-2-1-1"
4031.279845736773,113181,11934,1,"1"
4041.9594350707594,113155,11960,2,"1-1"
4044.3472960601557,113137,11978,1,"1"
4049.603109162385,113119,11996,1,"1"
4054.3166701619625,113101,12014,1,"1"
4055.063841427384,113083,12032,1,"1"
4060.2051408554553,0,125115,6356,"6356"
----------------------------------------------2
0,125115,0,0,"0"
72.167302838465147,125097,18,1,"1"
145.54953925984154,125079,36,1,"1"
163.38692858750656,125061,54,1,"1"
180.00610993910831,125060,55,1,"1"
190.3904104798558,125024,91,2,"1-1"
204.18186352760202,125023,92,1,"1"
212.14380418367378,125022,93,1,"1"
215.72389285982061,125021,94,1,"1"
228.13329187082934,125020,95,1,"1"
253.59051247463421,125019,96,1,"1"
282.77940097366798,125018,97,1,"1"
283.43638271521075,125006,109,1,"1"
286.87174703144143,125000,115,2,"2"
288.59836117878854,124999,116,1,"1"
295.20138652019068,124983,132,4,"4"
300.93787093469615,124982,133,1,"1"
318.19340513690906,124981,134,1,"1"
382.67724110056059,124980,135,1,"1"
386.60953576714542,124979,136,1,"1"
400.13887050978866,124965,150,1,"1"
423.32730617145648,124964,151,1,"1"
431.78846094559475,124963,152,1,"1"
462.18591919425984,124962,153,1,"1"
462.99223728621513,124944,171,1,"1"
467.70218079350565,124935,180,1,"1"
470.56475554328597,124934,181,1,"1"
495.08366891616953,124916,199,1,"1"
502.72238671094391,124915,200,1,"1"
504.34445884600217,124914,201,1,"1"
514.47423544571927,124913,202,1,"1"
517.25933488784028,124912,203,1,"1"
556.44326075367462,124840,275,4,"4"
558.65205981360862,124839,276,1,"1"
558.68154295524437,124838,277,1,"1"
571.20337230714961,124836,279,2,"1-1"
574.33480989880513,124835,280,1,"1"
581.52860420114905,124834,281,1,"1"
602.81500585644812,124816,299,1,"1"
604.87825919844704,124813,302,1,"1"
610.15693938419838,124812,303,1,"1"
613.93112659814915,124794,321,1,"1"
616.25356287073873,124793,322,1,"1"
622.44363990136685,124792,323,1,"1"
629.54595103056442,124789,326,1,"1"
635.34885907702403,124788,327,1,"1"
646.42496008606861,124778,337,1,"1"
648.05395364339358,124760,355,1,"1"
656.57974987220439,124759,356,1,"1"
658.3031551352426,124758,357,1,"1"
662.52110664029294,124757,358,1,"1"
677.35909827820069,124756,359,1,"1"
725.82690512733404,124738,377,1,"1"
726.37345816302388,124735,380,3,"3"
729.38494035164433,124734,381,1,"1"
743.11908567263993,124733,382,1,"1"
747.58988026117765,124720,395,1,"1"
748.03028961760788,124719,396,1,"1"
748.21962347791668,124718,397,1,"1"
750.82830943503984,124717,398,1,"1"
752.72178562656939,124699,416,1,"1"
758.99718246918633,124698,417,1,"1"
770.48274883983015,124680,435,1,"1"
794.19092839070822,124679,436,1,"1"
795.2163029071337,124678,437,1,"1"
801.73625697780471,124677,438,1,"1"
803.19650769057546,124676,439,1,"1"
812.96526737351167,124674,441,2,"2"
821.7645482238396,124673,442,1,"1"
825.78506954132592,124640,475,2,"2"
847.10803331402292,124639,476,1,"1"
848.69115980385334,124621,494,1,"1"
855.90129367791485,124620,495,1,"1"
880.10650613817995,124610,505,1,"1"
884.70010308224994,124584,531,2,"2"
887.7005996237242,124583,532,1,"1"
889.17905748417354,124578,537,1,"1"
893.73076105063205,124576,539,2,"1-1"
895.68579039883878,124566,549,1,"1"
904.28936893554237,124565,550,1,"1"
919.54258603618962,124560,555,1,"1"
923.49395687067056,124551,564,3,"1-1-1"
924.26636716161852,124550,565,1,"1"
927.73474373720489,124548,567,2,"1-1"
949.27334413494543,124530,585,1,"1"
956.32512536617662,124512,603,1,"1"
958.77779407689616,124511,604,1,"1"
975.92738287010525,124509,606,2,"1-1"
979.66833553768561,124508,607,1,"1"
980.72136718334173,124507,608,1,"1"
1012.8498871446848,124506,609,1,"1"
1025.9000102133448,124488,627,1,"1"
1028.9772547352918,124478,637,1,"1"
1037.4170850466712,124476,639,2,"1-1"
1042.7976521221069,124475,640,1,"1"
1066.705985134894,124457,658,1,"1"
1075.8878644159813,124439,676,1,"1"
1081.2830446752096,124435,680,4,"2-1-1"
1082.2712413658746,124434,681,1,"1"
1096.7067654677605,124433,682,1,"1"
1100.3615285349799,124432,683,1,"1"
1108.2326391588656,124431,684,1,"1"
1111.5221422750142,124414,701,1,"1"
1111.7865539046488,124396,719,1,"1"
1113.8209111628619,124378,737,1,"1"
1118.303521858003,124360,755,1,"1"
1121.0889059102565,124359,756,1,"1"
1122.7619146963477,124341,774,1,"1"
1123.4154840641556,124323,792,1,"1"
1132.540089504495,124305,810,1,"1"
1143.4840163567685,124295,820,1,"1"
1150.3989802375686,124281,834,2,"1-1"
1155.5122612448872,124263,852,1,"1"
1167.838670685469,124258,857,1,"1"
1170.6375183330711,124257,858,1,"1"
1171.2106283435155,124252,863,1,"1"
1174.4816733222272,124240,875,4,"3-1"
1187.0581604738811,124230,885,1,"1"
1200.5078796251241,124221,894,3,"2-1"
1207.162382990869,124220,895,1,"1"
1208.1443432404287,124211,904,1,"1"
1240.0249712624336,124198,917,5,"3-1-1"
1245.5722423936938,124197,918,1,"1"
1249.8413951612176,124184,931,1,"1"
1262.5926776904701,124181,934,1,"1"
1271.8988165134058,124163,952,1,"1"
1282.7269523774828,124162,953,1,"1"
1284.7541098858435,124161,954,1,"1"
1288.7130534022183,124143,972,1,"1"
1296.8170785729455,124140,975,3,"3"
1301.6054204706647,124138,977,2,"1-1"
1306.9744204270164,124120,995,1,"1"
1327.0700731389907,124116,999,2,"1-1"
1346.777263245004,124098,1017,1,"1"
1347.3857135885276,124086,1029,1,"1"
1380.9418530153071,124068,1047,1,"1"
1384.712415911805,124050,1065,1,"1"
1389.9406601659277,124040,1075,2,"1-1"
1406.626729452606,124022,1093,1,"1"
1424.0927628983268,124004,1111,1,"1"
1436.2403829394773,123994,1121,1,"1"
1441.7127466576776,123948,1167,6,"2-2-1-1"
1446.0241078879465,123946,1169,2,"1-1"
1468.740304430743,123928,1187,1,"1"
1468.9202735551939,123910,1205,1,"1"
1470.4373473262519,123892,1223,1,"1"
1472.5442064437145,123885,1230,1,"1"
1478.721886676253,123884,1231,1,"1"
1487.6281246531807,123881,1234,1,"1"
1499.9480287842944,123867,1248,1,"1"
1503.5286983073063,123849,1266,1,"1"
1507.5504403637547,123831,1284,1,"1"
1513.052647382711,123825,1290,2,"2"
1514.9695654313368,123822,1293,1,"1"
1523.3619391323746,123804,1311,1,"1"
1526.2207979591678,123803,1312,1,"1"
1526.9980581799061,123793,1322,1,"1"
1537.1015162828301,123775,1340,1,"1"
1540.2921705934325,123774,1341,1,"1"
1551.645749496807,123765,1350,1,"1"
1561.7184596274701,123760,1355,1,"1"
1567.1036392421511,123742,1373,1,"1"
1570.34996064761,123724,1391,1,"1"
1579.7471066545875,123706,1409,1,"1"
1582.4284650816232,123670,1445,2,"2"
1589.4535839407831,123652,1463,1,"1"
1607.3820505770343,123634,1481,1,"1"
1627.4370794737608,123624,1491,1,"1"
1637.7261233854247,123612,1503,1,"1"
1641.053218523675,123594,1521,1,"1"
1641.3136140562692,123580,1535,1,"1"
1642.948060339904,123562,1553,1,"1"
1644.1686058731575,123544,1571,1,"1"
1686.506962360535,123541,1574,1,"1"
1715.9157503911965,123523,1592,1,"1"
1715.988311851916,123504,1611,3,"2-1"
1726.0750319773324,123499,1616,1,"1"
1727.3747728436488,123490,1625,1,"1"
1730.9432494743703,123477,1638,1,"1"
1740.5893197057067,123459,1656,1,"1"
1743.9244728017759,123441,1674,1,"1"
1757.5896040947234,123436,1679,1,"1"
1781.9054305416007,123427,1688,1,"1"
1781.957530407974,123417,1698,2,"2"
1804.0747707231189,123392,1723,3,"3"
1828.0442916956122,123374,1741,1,"1"
1831.0535802591783,123373,1742,1,"1"
1850.0415080123166,123355,1760,1,"1"
1866.3321427002772,123337,1778,1,"1"
1866.7788325002346,123319,1796,1,"1"
1876.0064949500652,123301,1814,1,"1"
1876.9917388108017,123294,1821,1,"1"
1885.3950412099321,123212,1903,5,"4-1"
1887.3809451026152,123194,1921,1,"1"
1893.3632905393101,123180,1935,1,"1"
1898.2413595968765,123177,1938,1,"1"
1905.6444605614697,123167,1948,1,"1"
1921.8615705037707,123153,1962,1,"1"
1937.211208527636,123152,1963,1,"1"
1953.2832069094561,123134,1981,1,"1"
1962.1768200661063,123116,1999,1,"1"
1962.2311666947592,123107,2008,1,"1"
1966.9567912277366,123089,2026,1,"1"
1968.4779381972644,123071,2044,1,"1"
1975.3384462169277,123053,2062,1,"1"
1976.8365413772372,123035,2080,1,"1"
1986.5206791876087,123018,2097,1,"1"
1990.1658541801585,123000,2115,1,"1"
2004.6877154366405,122982,2133,1,"1"
2010.1385321817208,122979,2136,1,"1"
2018.647083237712,122976,2139,1,"1"
2023.9546571308613,122958,2157,1,"1"
2031.7050372284382,122948,2167,1,"1"
2074.8400600902414,122943,2172,1,"1"
2077.3502480604766,122925,2190,1,"1"
2087.1034455482122,122911,2204,2,"1-1"
2117.5441674073941,122893,2222,1,"1"
2123.0454942287106,122886,2229,1,"1"
2137.7818961488788,122868,2247,1,"1"
2144.7007742343144,122850,2265,1,"1"
2158.7151251950013,122832,2283,1,"1"
2164.4898542664218,122814,2301,1,"1"
2167.6316855151686,122796,2319,1,"1"
2187.759992805165,122778,2337,1,"1"
2194.9523763667562,122768,2347,2,"2"
2213.7055655749182,122753,2362,1,"1"
2228.2091314537383,122735,2380,1,"1"
2244.4946071328418,122730,2385,1,"1"
2251.7833194851614,122725,2390,1,"1"
2268.7813318492063,122722,2393,1,"1"
2287.9723338028671,122686,2429,2,"1-1"
2288.2884859623259,122677,2438,1,"1"
2293.2987002392742,122659,2456,1,"1"
2298.7213574417183,122654,2461,1,"1"
2299.4517231983505,122649,2466,1,"1"
2302.7889606818717,122631,2484,1,"1"
2306.9052426346257,122626,2489,1,"1"
2318.119465668402,122608,2507,1,"1"
2320.2980466581935,122518,2597,5,"5"
2322.9779511758697,122489,2626,3,"3"
2344.4294110815049,122471,2644,2,"2"
2347.3103352731437,122453,2662,1,"1"
2349.6101756852804,122435,2680,1,"1"
2361.9135352267917,122417,2698,1,"1"
2361.9982370092093,122399,2716,1,"1"
2367.8716332301747,122381,2734,1,"1"
2377.0245359562,122371,2744,2,"2"
2382.7190252428254,122335,2780,2,"2"
2386.4780458454516,122306,2809,5,"5"
2391.9252301975625,122288,2827,1,"1"
2396.617269136234,122270,2845,1,"1"
2405.5599263025588,122252,2863,1,"1"
2406.956433048972,122234,2881,1,"1"
2450.0951774999171,122225,2890,1,"1"
2459.6069694278067,122213,2902,1,"1"
2462.2528580154672,122201,2914,1,"1"
2469.2256355503482,122196,2919,1,"1"
2480.4319378733189,122178,2937,1,"1"
2482.5528880223283,122168,2947,1,"1"
2491.3122031026182,122150,2965,1,"1"
2498.9322583372887,122137,2978,1,"1"
2507.7450433112863,122059,3056,9,"6-1-1-1"
2519.3517231509904,122041,3074,1,"1"
2529.1907653738763,122005,3110,2,"1-1"
2532.0318173651781,121987,3128,1,"1"
2532.3790271821176,121977,3138,1,"1"
2534.4233464733538,121959,3156,1,"1"
2543.6806988882277,121941,3174,1,"1"
2547.7113491710461,121905,3210,2,"2"
2549.1604257869144,121846,3269,7,"5-2"
2563.0624321964251,121828,3287,1,"1"
2571.9826968232323,121810,3305,1,"1"
2588.0219268130536,121792,3323,1,"1"
2595.6688039739433,121782,3333,1,"1"
2597.4671135675794,121734,3381,6,"5-1"
2604.2311012037753,121716,3399,1,"1"
2619.2085842100778,121698,3417,1,"1"
2630.2455958994819,121684,3431,1,"1"
2633.1873586927441,121648,3467,2,"2"
2654.0792781360506,121630,3485,1,"1"
2655.3790417293694,121625,3490,1,"1"
2657.147686317468,121619,3496,2,"2"
2670.3247106457029,121583,3532,3,"3"
2672.7316158341891,121569,3546,1,"1"
2675.5796461393379,121461,3654,6,"6"
2680.9394238658124,121445,3670,1,"1"
2682.312186092619,121427,3688,1,"1"
2687.5512297764108,121409,3706,1,"1"
2690.1674145530324,121391,3724,1,"1"
2691.4301294221555,121381,3734,1,"1"
2701.2240662361087,121363,3752,1,"1"
2702.5621679305073,121345,3770,1,"1"
2712.6648358550269,121336,3779,1,"1"
2713.7045817310068,121264,3851,4,"2-1-1"
2714.9574335788243,121249,3866,1,"1"
2715.6503463690351,121231,3884,1,"1"
2740.2695801864525,121221,3894,1,"1"
2746.1238871140472,121195,3920,2,"1-1"
2756.0819815131999,121175,3940,2,"2"
2759.5250822261855,121165,3950,1,"1"
2763.0151051466628,121147,3968,1,"1"
2802.3267013731897,121121,3994,4,"2-1-1"
2803.9164088632774,121103,4012,1,"1"
2804.8138522747836,121086,4029,3,"1-1-1"
2814.7019686610156,121068,4047,1,"1"
2830.4029138788674,121050,4065,1,"1"
2835.0735250054991,121032,4083,1,"1"
2838.8819026098213,121014,4101,1,"1"
2847.1758112042567,120996,4119,1,"1"
2851.5761962308447,120960,4155,2,"2"
2870.7056135480307,120955,4160,1,"1"
2882.7479438863897,120938,4177,1,"1"
2891.8532955622386,120920,4195,1,"1"
2905.2473528551345,120902,4213,1,"1"
2906.7325143843113,120884,4231,1,"1"
2907.3275271423367,120856,4259,2,"2"
2933.4626143396663,120838,4277,1,"1"
2981.364328379771,120833,4282,1,"1"
2985.7022751869608,120808,4307,5,"2-2-1"
2986.042719601463,120803,4312,1,"1"
2992.0457227506445,120788,4327,1,"1"
3005.9818935690241,120778,4337,1,"1"
3017.754633540831,120748,4367,3,"2-1"
3028.580415815502,120676,4439,4,"2-1-1"
3029.1677054087718,120662,4453,2,"2"
3034.3612363638736,120642,4473,2,"2"
3034.8648601481073,120624,4491,1,"1"
3036.4602934376258,120613,4502,1,"1"
3040.214776356901,120595,4520,1,"1"
3041.4484157529841,120588,4527,1,"1"
3042.8549857776366,120570,4545,1,"1"
3048.614907548369,120548,4567,2,"1-1"
3053.7475714918123,120534,4581,2,"2"
3055.6869206672095,120516,4599,1,"1"
3069.8529827884472,120480,4635,2,"2"
3093.9442524362485,120462,4653,1,"1"
3098.8835906010049,120457,4658,1,"1"
3100.1119920586293,120439,4676,1,"1"
3115.3657480841775,120425,4690,1,"1"
3116.3569363197171,120420,4695,1,"1"
3118.6018345963389,120402,4713,1,"1"
3121.3583740624608,120366,4749,2,"2"
3128.3925180624706,120361,4754,1,"1"
3133.8474401596964,120343,4772,1,"1"
3137.0924737774076,120330,4785,1,"1"
3140.5784763084689,120312,4803,1,"1"
3140.8551290791761,120294,4821,1,"1"
3141.524677340894,120276,4839,1,"1"
3152.428135326214,120258,4857,1,"1"
3154.4629358465113,120222,4893,2,"2"
3156.9978001941327,120217,4898,1,"1"
3158.9620237406943,120199,4916,1,"1"
3163.80002336193,120189,4926,2,"2"
3164.0119916058538,120171,4944,1,"1"
3169.1088096134872,120153,4962,1,"1"
3171.6864052920469,120135,4980,1,"1"
3209.4875445150174,120117,4998,1,"1"
3215.4945230938965,120099,5016,1,"1"
3217.0511475705812,120081,5034,1,"1"
3220.7365491857663,120049,5066,2,"2"
3224.4081202660755,120042,5073,1,"1"
3224.7619869411792,120015,5100,2,"2"
3232.3023370557885,120010,5105,1,"1"
3247.1597951781773,119992,5123,1,"1"
3248.2316703911438,119973,5142,3,"2-1"
3249.6190098382431,119843,5272,16,"7-4-4-1"
3274.8012964048039,119825,5290,1,"1"
3276.4405294289613,119789,5326,2,"2"
3294.442544650743,119771,5344,1,"1"
3300.6124383841675,119761,5354,1,"1"
3300.7047729643969,119743,5372,1,"1"
3302.1037330246618,119738,5377,1,"1"
3304.625773312383,119723,5392,1,"1"
3323.3522939190152,119705,5410,1,"1"
3326.5007751388339,119700,5415,1,"1"
3332.745021818434,119682,5433,1,"1"
3334.7526646448919,119664,5451,1,"1"
3343.6734517946466,119628,5487,3,"2-1"
3343.869208242656,119610,5505,1,"1"
3345.0983181704773,119592,5523,1,"1"
3356.7518038119601,119574,5541,1,"1"
3365.6286778715785,119556,5559,1,"1"
3367.4898634877291,119512,5603,4,"1-1-1-1"
3367.5849299507495,119494,5621,1,"1"
3374.973147822378,119484,5631,1,"1"
3384.1835740248648,119466,5649,1,"1"
3390.5268051642129,119450,5665,1,"1"
3391.9865126339305,119432,5683,1,"1"
3408.7246513355381,119414,5701,1,"1"
3410.7495385767384,119389,5726,3,"2-1"
3414.3989996438854,119379,5736,2,"2"
3414.7578924963159,119365,5750,2,"2"
3427.2695611951717,119347,5768,1,"1"
3437.1740676064801,119294,5821,5,"2-1-1-1"
3440.9393329539676,119276,5839,2,"2"
3450.3882964716854,119258,5857,1,"1"
3457.1826042245689,119240,5875,1,"1"
3475.1368199227113,119204,5911,2,"2"
3479.6478224597399,119186,5929,1,"1"
3485.9581541612611,119169,5946,1,"1"
3490.4056368602696,119151,5964,1,"1"
3490.5896802483944,119070,6045,9,"4-4-1"
3495.4198654081306,119052,6063,1,"1"
3495.9253732369684,119034,6081,1,"1"
3497.6607947928364,119016,6099,1,"1"
3499.179249026758,119006,6109,1,"1"
3506.5007233838187,118995,6120,1,"1"
3506.6283728917274,118977,6138,1,"1"
3507.8019420853666,118959,6156,1,"1"
3515.1313382169801,118907,6208,4,"3-1"
3526.6693638210504,118889,6226,1,"1"
3534.9075941721885,118871,6244,1,"1"
3538.2469650700091,118861,6254,1,"1"
3543.8358423797881,118825,6290,3,"2-1"
3546.4426404324636,118807,6308,1,"1"
3548.5167042312296,118787,6328,2,"2"
3552.9444318949686,118751,6364,4,"2-2"
3565.3106169533276,118741,6374,2,"1-1"
3567.5717868792967,118705,6410,2,"2"
3575.9787679217766,118681,6434,2,"1-1"
3577.9874145291374,118498,6617,17,"4-4-3-3-2-1"
3578.8269739227126,118480,6635,1,"1"
3585.8455504780763,118475,6640,1,"1"
3586.053436681721,118457,6658,1,"1"
3589.8841980906227,118443,6672,2,"2"
3591.5973865559249,118425,6690,1,"1"
3604.0165502290829,118388,6727,5,"2-2-1"
3612.6743569982536,118370,6745,1,"1"
3619.0596270375313,118270,6845,6,"6"
3621.4688037293008,118252,6863,1,"1"
3625.9279415950996,118234,6881,1,"1"
3626.1124591592366,118216,6899,1,"1"
3627.4452129884867,118184,6931,2,"2"
3628.0327513216762,118179,6936,1,"1"
3638.183206710466,118159,6956,2,"1-1"
3641.6789268839848,118123,6992,2,"2"
3642.0024970683367,118105,7010,1,"1"
3646.4765823485386,118087,7028,1,"1"
3648.6642951190283,118069,7046,1,"1"
3651.5384587333883,118051,7064,1,"1"
3652.5383064018743,118033,7082,1,"1"
3653.5307850720683,117961,7154,4,"3-1"
3656.4967070137036,117937,7178,2,"2"
3661.5529742654871,117265,7850,38,"37-1"
3663.6987384398858,117229,7886,2,"1-1"
3678.3031487328344,117154,7961,9,"3-2-2-1-1"
3679.4989228813783,117136,7979,1,"1"
3680.7853201474782,117122,7993,1,"1"
3683.5297730456555,117104,8011,1,"1"
3688.8377585820767,117086,8029,1,"1"
3692.0906171616202,117052,8063,3,"3"
3694.2611857686516,117042,8073,1,"1"
3726.1452915465729,117020,8095,2,"1-1"
3731.9871540279969,116984,8131,2,"2"
3739.1252996673034,116966,8149,1,"1"
3769.6269268500337,116957,8158,1,"1"
3770.4918800277919,116939,8176,1,"1"
3771.4059705074033,116903,8212,2,"2"
3773.4533655003224,116891,8224,1,"1"
3779.7637370547004,116863,8252,4,"4"
3779.786705928695,116113,9002,63,"11-6-5-5-5-3-2-2-2-2-1-1-1-1-1-1-1-1-1-1-1-1-1-1-1-1-1-1-1-1"
3781.3883820396641,115780,9335,28,"4-3-3-3-3-2-2-1-1-1-1-1-1-1-1"
3781.7257315081092,115744,9371,2,"2"
3784.9942240210985,115594,9521,9,"7-1-1"
3785.1193931270695,115576,9539,1,"1"
3785.1306224462619,115362,9753,17,"5-3-2-2-2-1-1-1"
3787.1497154049207,115355,9760,1,"1"
3789.4259823641792,115329,9786,2,"2"
3799.899300237646,115203,9912,10,"2-2-2-1-1-1-1"
3801.1001203052879,115143,9972,5,"2-1-1-1"
3806.048453294035,115130,9985,1,"1"
3811.4710481090788,115112,10003,1,"1"
3819.9214202494186,115094,10021,1,"1"
3820.0071881553608,115058,10057,2,"2"
3825.1478702443101,115004,10111,3,"3"
3836.6399849066966,114986,10129,1,"1"
3838.0820507324884,114849,10266,10,"3-2-2-1-1-1"
3842.1529266858547,114831,10284,1,"1"
3846.1772856414859,114813,10302,1,"1"
3856.119911321171,114777,10338,2,"1-1"
3863.393114325675,114764,10351,1,"1"
3865.5797517622013,114746,10369,1,"1"
3868.5793293010775,114728,10387,1,"1"
3869.9926619123607,114710,10405,1,"1"
3880.5507782744348,114696,10419,1,"1"
3890.2593401653253,114678,10437,1,"1"
3892.8033219986501,114660,10455,1,"1"
3893.3995906932287,0,125115,6456,"6456"
----------------------------------------------3
0,125115,0,0,"0"
166.11908183856082,125114,1,1,"1"
180.47941110371434,125101,14,1,"1"
206.96581385019616,125100,15,1,"1"
230.16954533715924,125095,20,1,"1"
231.2189190931847,125094,21,1,"1"
238.16596589625408,125093,22,1,"1"
241.66903937602922,125092,23,1,"1"
248.38889028795569,125091,24,1,"1"
265.92175624579863,125077,38,1,"1"
279.03357748529538,125076,39,1,"1"
304.89206569558229,125075,40,1,"1"
305.98676287160885,125063,52,1,"1"
321.30277830190738,125062,53,1,"1"
324.82301601053467,125061,54,1,"1"
331.98707620388819,125060,55,1,"1"
335.3707449471824,125059,56,1,"1"
342.94385203830609,125058,57,1,"1"
363.2502340206795,125057,58,1,"1"
365.51852200218383,125056,59,1,"1"
381.69464454764272,125055,60,1,"1"
384.57122490540144,125054,61,1,"1"
389.30047717226358,125053,62,1,"1"
402.1623908222607,125052,63,1,"1"
408.43531365894353,125042,73,1,"1"
424.22896125468714,125034,81,2,"1-1"
430.63534905339287,125033,82,1,"1"
433.53186088906659,125032,83,1,"1"
451.43250220687673,125031,84,1,"1"
458.24110452932911,125030,85,1,"1"
461.28799058804333,125012,103,1,"1"
472.1291847873382,125002,113,1,"1"
478.01939349314097,125001,114,1,"1"
478.03687604244482,125000,115,1,"1"
483.18110715659316,124982,133,1,"1"
483.24998515346874,124981,134,1,"1"
483.62839047651619,124972,143,1,"1"
485.12008052222933,124971,144,1,"1"
485.22107664358714,124970,145,1,"1"
496.48931119446138,124952,163,1,"1"
499.55962229762258,124951,164,1,"1"
502.84163960847877,124950,165,1,"1"
516.46288613617173,124949,166,1,"1"
518.08578051957932,124948,167,1,"1"
537.0843479893839,124947,168,1,"1"
543.0363857600338,124944,171,3,"1-1-1"
543.04320239890433,124934,181,1,"1"
549.20967397059633,124933,182,1,"1"
557.47901493802317,124930,185,1,"1"
570.25736304490624,124929,186,1,"1"
576.04688467681513,124928,187,1,"1"
584.75717892385819,124918,197,1,"1"
589.14728885616785,124915,200,1,"1"
599.50399287197433,124914,201,1,"1"
607.59378355246622,124896,219,1,"1"
612.78246907836001,124878,237,1,"1"
626.80005740150091,124877,238,1,"1"
631.30466134414655,124876,239,1,"1"
631.61494860726054,124875,240,1,"1"
640.22963571589355,124872,243,1,"1"
657.20106371579595,124871,244,1,"1"
666.74575182026035,124870,245,1,"1"
670.74227577776571,124852,263,1,"1"
673.48332842972491,124847,268,1,"1"
675.10036082365173,124846,269,1,"1"
680.64205697177431,124828,287,1,"1"
687.65074378808652,124818,297,1,"1"
694.33956571565807,124808,307,1,"1"
696.74402472796817,124807,308,1,"1"
706.40184310514837,124789,326,1,"1"
723.7526940568913,124788,327,1,"1"
758.29221656463619,124781,334,1,"1"
760.60586999118823,124780,335,1,"1"
769.35360030909976,124778,337,2,"2"
778.11525552385604,124777,338,1,"1"
779.27062242305158,124759,356,1,"1"
781.4862987861834,124758,357,1,"1"
788.87254287336884,124756,359,2,"2"
817.93728837158005,124754,361,2,"2"
823.3733041589627,124753,362,1,"1"
830.92936581400272,124735,380,1,"1"
839.97172165983432,124734,381,1,"1"
840.61265121363203,124733,382,1,"1"
859.33129094695744,124730,385,1,"1"
863.74390358555615,124712,403,1,"1"
873.21473569389502,124703,412,1,"1"
883.09970418383068,124702,413,1,"1"
883.6604611374056,124700,415,2,"2"
900.97753749079175,124698,417,2,"1-1"
903.48700573302119,124680,435,1,"1"
914.281902394908,124662,453,1,"1"
920.64571924724817,124644,471,1,"1"
924.65236025374713,124643,472,1,"1"
971.41151370269222,124642,473,1,"1"
982.88136863952434,124641,474,1,"1"
984.80225138427636,124640,475,1,"1"
1003.2130968266931,124623,492,1,"1"
1004.7983173928119,124622,493,1,"1"
1006.2396298149184,124604,511,1,"1"
1017.2012332261113,124592,523,1,"1"
1029.3552308921082,124591,524,1,"1"
1034.2153687505199,124573,542,1,"1"
1037.0437452020783,124566,549,3,"2-1"
1043.6539185696327,124555,560,1,"1"
1055.9971051906823,124539,576,4,"2-1-1"
1057.4262689912237,124537,578,2,"1-1"
1069.8112111045059,124527,588,1,"1"
1072.9447137549316,124526,589,1,"1"
1079.1029342916981,124508,607,1,"1"
1082.8414085986021,124497,618,3,"2-1"
1086.2426929331439,124479,636,1,"1"
1087.5552937553734,124478,637,1,"1"
1099.6008648156565,124477,638,1,"1"
1104.3884864972013,124474,641,3,"1-1-1"
1108.0788388398607,124469,646,1,"1"
1109.6536008118469,124464,651,1,"1"
1110.6480986768004,124450,665,1,"1"
1122.512977011407,124449,666,1,"1"
1129.7705717278332,124444,671,1,"1"
1130.3684807094278,124441,674,1,"1"
1132.4224534832895,124423,692,1,"1"
1147.4537333731787,124405,710,1,"1"
1150.1618339106819,124404,711,1,"1"
1165.645087879431,124386,729,1,"1"
1167.2096879575115,124370,745,4,"2-1-1"
1173.0108340230938,124352,763,1,"1"
1175.4159574645787,124347,768,1,"1"
1179.5780522096602,124329,786,1,"1"
1196.1829892451456,124311,804,1,"1"
1208.1056402754928,124310,805,1,"1"
1236.5826540206808,124292,823,1,"1"
1242.7455329297361,124291,824,1,"1"
1255.6573129586127,124273,842,1,"1"
1255.7358177169087,124270,845,1,"1"
1263.7309334522122,124252,863,1,"1"
1270.2746419161303,124249,866,1,"1"
1279.9574108902618,124231,884,1,"1"
1280.7825986146138,124227,888,4,"3-1"
1285.8590645796405,124209,906,1,"1"
1288.156253396887,124196,919,1,"1"
1296.7868742926294,124178,937,1,"1"
1301.4724615921459,124063,1052,10,"10"
1304.1353341304743,124045,1070,1,"1"
1310.5631886114036,124040,1075,1,"1"
1314.0529306478034,124034,1081,2,"2"
1324.6641426860363,124027,1088,1,"1"
1334.2417251547197,124015,1100,1,"1"
1373.3258911227272,123997,1118,1,"1"
1374.3086506563218,123996,1119,1,"1"
1375.9848012736838,123995,1120,1,"1"
1386.8073409895094,123990,1125,1,"1"
1433.7168098537302,123984,1131,2,"2"
1442.7439198021145,123963,1152,3,"1-1-1"
1447.896626675853,123945,1170,1,"1"
1476.2984258283775,123932,1183,5,"3-1-1"
1488.4754694481869,123914,1201,1,"1"
1491.3990195648817,123896,1219,1,"1"
1492.2576818930752,123891,1224,1,"1"
1497.3508767879896,123873,1242,1,"1"
1504.763626048918,123872,1243,1,"1"
1506.4420066891912,123854,1261,1,"1"
1512.5026635649385,123836,1279,1,"1"
1523.1926116265545,123818,1297,1,"1"
1533.3979828557108,123800,1315,1,"1"
1544.1878623995469,123790,1325,2,"2"
1559.2520332099775,123769,1346,3,"3"
1561.1367435288382,123733,1382,2,"2"
1568.2763759248921,123715,1400,1,"1"
1572.413832459984,123705,1410,1,"1"
1580.188931690346,123687,1428,1,"1"
1645.582379271606,123684,1431,1,"1"
1651.4459513398754,123666,1449,1,"1"
1652.4231138197058,123648,1467,1,"1"
1655.5351761447871,123630,1485,1,"1"
1685.2441054184383,123625,1490,1,"1"
1708.5227539967227,123607,1508,1,"1"
1711.4560200971116,123606,1509,1,"1"
1713.9400679408448,123595,1520,1,"1"
1720.7303909119553,123585,1530,1,"1"
1738.0116795843974,123567,1548,1,"1"
1745.4470131137564,123549,1566,1,"1"
1746.8251324344465,123531,1584,1,"1"
1767.621889067452,123527,1588,2,"1-1"
1776.021109602455,123509,1606,1,"1"
1787.8021977725514,123499,1616,1,"1"
1793.9395312167853,123489,1626,1,"1"
1795.1206073958797,123484,1631,1,"1"
1815.0838727021712,123470,1645,1,"1"
1847.8509527894755,123465,1650,1,"1"
1856.466556412068,123453,1662,1,"1"
1857.0606288904019,123448,1667,1,"1"
1868.8251386258369,123430,1685,1,"1"
1879.5311789960103,123412,1703,1,"1"
1884.0912320383266,123411,1704,1,"1"
1913.8748266084626,123289,1826,7,"3-2-2"
1924.2310800180912,123267,1848,2,"1-1"
1934.4880102850555,123249,1866,1,"1"
1936.9036093249479,123231,1884,1,"1"
1938.0489609253821,123213,1902,1,"1"
1940.5562608901696,123195,1920,1,"1"
1946.8323813027803,123194,1921,1,"1"
1951.2231412304784,123158,1957,2,"2"
1953.6452907741768,123140,1975,1,"1"
1962.0428866193326,123125,1990,1,"1"
1962.4721065557387,123107,2008,1,"1"
1968.0596318522539,123093,2022,1,"1"
1972.1895207036855,123013,2102,5,"3-1-1"
1974.8939929068181,122995,2120,1,"1"
2017.2818069495165,122977,2138,1,"1"
2020.9927851688747,122967,2148,1,"1"
2024.5069584279399,122933,2182,3,"1-1-1"
2043.8007062944034,122915,2200,1,"1"
2051.3345120529693,122897,2218,1,"1"
2071.2866325373807,122843,2272,3,"3"
2072.1721265375227,122825,2290,1,"1"
2080.0516858657138,122807,2308,1,"1"
2087.8272017616823,122802,2313,1,"1"
2113.6127756166184,122770,2345,2,"2"
2125.5243550976156,122760,2355,1,"1"
2129.3615752994792,122742,2373,1,"1"
2135.0881830970811,122724,2391,1,"1"
2141.5810283399392,122719,2396,1,"1"
2161.8591093121722,122701,2414,1,"1"
2175.8164799192723,122683,2432,1,"1"
2179.8590750960043,122665,2450,1,"1"
2206.7658273259576,122660,2455,1,"1"
2207.9338973249528,122642,2473,1,"1"
2218.3877852762644,122637,2478,1,"1"
2236.3549504760026,122631,2484,2,"2"
2236.6784307113217,122613,2502,1,"1"
2240.7783955372024,122595,2520,1,"1"
2242.7148255191064,122577,2538,1,"1"
2247.1169941798853,122543,2572,3,"3"
2280.8832554393421,122525,2590,1,"1"
2295.3340255529824,122515,2600,1,"1"
2297.0890923117577,122510,2605,1,"1"
2297.1194877951416,122507,2608,1,"1"
2299.3296820055616,122494,2621,1,"1"
2302.3042108142167,122476,2639,1,"1"
2302.3640213405251,122458,2657,1,"1"
2304.1631910794299,122440,2675,1,"1"
2304.6309464644564,122284,2831,11,"10-1"
2313.3095423592017,122266,2849,1,"1"
2314.6397601786211,122234,2881,2,"2"
2322.8111971570984,122220,2895,1,"1"
2324.5031109402707,122202,2913,1,"1"
2324.5836021428499,122184,2931,1,"1"
2325.2587376294509,122166,2949,1,"1"
2325.3968685084124,122148,2967,1,"1"
2326.6390845510905,122130,2985,1,"1"
2339.4780594656168,122112,3003,1,"1"
2342.2020017661089,122079,3036,5,"2-2-1"
2345.2433310182105,122072,3043,1,"1"
2351.7149346734186,122054,3061,1,"1"
2355.9096453776865,122036,3079,1,"1"
2365.9203718959634,122018,3097,1,"1"
2376.6566743107933,122008,3107,2,"2"
2385.6551133022649,122003,3112,1,"1"
2395.0723829689255,121985,3130,1,"1"
2396.1413470410594,121982,3133,1,"1"
2409.857889613405,121976,3139,2,"2"
2423.7015973041189,121971,3144,1,"1"
2432.1952229056601,121953,3162,1,"1"
2445.1497207832572,121943,3172,1,"1"
2451.2717644125787,121934,3181,1,"1"
2453.0617565036068,121916,3199,1,"1"
2457.4976379632817,121911,3204,1,"1"
2459.4556700010817,121906,3209,1,"1"
2471.6868568038544,121888,3227,1,"1"
2476.2965385753473,121883,3232,1,"1"
2490.0154078914898,121865,3250,1,"1"
2491.4270867834939,121847,3268,1,"1"
2495.5736630922738,121833,3282,2,"2"
2509.5110387064115,121815,3300,1,"1"
2520.1540150520714,121810,3305,1,"1"
2532.5952148929882,121792,3323,1,"1"
2539.3281693591516,121768,3347,2,"1-1"
2552.2853840983253,121765,3350,1,"1"
2553.3597401318211,121750,3365,1,"1"
2554.7456906511206,121740,3375,1,"1"
2567.4465254761267,121686,3429,3,"2-1"
2580.7149797008119,121668,3447,1,"1"
2601.6564743178938,121650,3465,1,"1"
2610.5493738431283,121626,3489,2,"2"
2613.1618663149707,121612,3503,1,"1"
2616.4948446841554,121576,3539,2,"1-1"
2626.3368114754171,121573,3542,1,"1"
2629.1369459092007,121563,3552,2,"2"
2636.7686644279606,121553,3562,2,"2"
2647.5305041520314,121517,3598,2,"1-1"
2658.922818206107,121487,3628,3,"2-1"
2662.0861667591639,121475,3640,1,"1"
2684.2604796320325,121458,3657,1,"1"
2700.2856996894852,121453,3662,1,"1"
2709.9613040025542,121444,3671,1,"1"
2711.41540159644,121426,3689,1,"1"
2715.1708607015394,121421,3694,1,"1"
2719.4767425880191,121403,3712,1,"1"
2725.3214688849989,121390,3725,3,"1-1-1"
2735.8876448131277,121372,3743,1,"1"
2741.279012210307,121349,3766,3,"2-1"
2748.7756380077467,121340,3775,1,"1"
2748.864812035265,121322,3793,1,"1"
2750.8633639461596,121304,3811,1,"1"
2751.2948965222704,121299,3816,1,"1"
2759.5049999290427,121281,3834,1,"1"
2763.9964847082451,121263,3852,1,"1"
2765.1573637142278,121256,3859,1,"1"
2765.5761217266672,121238,3877,1,"1"
2766.0049945530654,121231,3884,1,"1"
2766.4492497749598,121164,3951,7,"4-1-1-1"
2806.5290955934379,121154,3961,1,"1"
2823.5695198538233,121145,3970,1,"1"
2828.6854650757841,121072,4043,7,"2-2-1-1-1"
2834.199854688577,121038,4077,2,"1-1"
2837.3079036402896,121002,4113,2,"2"
2860.9664023808841,120971,4144,2,"2"
2869.4836915171591,120961,4154,1,"1"
2881.5458061687568,120942,4173,3,"2-1"
2889.7140387078452,120937,4178,1,"1"
2918.7359447721769,120909,4206,4,"3-1"
2943.2507811505693,120891,4224,1,"1"
2948.8196326199541,120873,4242,1,"1"
2956.8392613039614,120868,4247,1,"1"
2964.3719262005993,120861,4254,1,"1"
2966.0301010568764,120843,4272,1,"1"
2977.0735043561108,120836,4279,1,"1"
2985.1993280052252,120818,4297,1,"1"
3001.7759322968277,120800,4315,1,"1"
3016.4917835763517,120782,4333,1,"1"
3021.2030142124663,120764,4351,1,"1"
3026.5604846729302,120746,4369,1,"1"
3026.7178534500463,120736,4379,1,"1"
3036.6717731019007,120700,4415,2,"2"
3040.5624304829521,120682,4433,1,"1"
3042.966429567879,120664,4451,1,"1"
3045.4039290168821,120646,4469,1,"1"
3050.8317314305127,120628,4487,1,"1"
3051.7377586050629,120611,4504,1,"1"
3059.1030359458714,120531,4584,8,"5-2-1"
3059.8997458541558,120521,4594,1,"1"
3062.9880424728649,120503,4612,1,"1"
3066.1782680060219,120485,4630,1,"1"
3066.4463084678009,120378,4737,11,"3-2-2-1-1-1-1"
3068.4397368983437,120364,4751,2,"2"
3069.5993060552328,120346,4769,1,"1"
3088.6872737570807,120328,4787,1,"1"
3089.0224064744921,120308,4807,2,"2"
3093.686929940588,120284,4831,4,"2-1-1"
3094.3201356541285,120270,4845,1,"1"
3104.4570874966917,120243,4872,3,"3"
3106.6565379481895,120223,4892,2,"2"
3114.1290949098702,120187,4928,2,"1-1"
3124.9316295467097,120177,4938,1,"1"
3130.9752741106358,120159,4956,1,"1"
3147.7987787082043,120141,4974,1,"1"
3168.0224952185831,120123,4992,1,"1"
3177.7648037115569,120105,5010,1,"1"
3179.2937178522948,120087,5028,1,"1"
3185.1483909358226,120069,5046,1,"1"
3185.3055871370439,120015,5100,3,"3"
3189.7133845520966,119997,5118,1,"1"
3191.5461405712808,119943,5172,3,"2-1"
3195.3489947654666,119933,5182,1,"1"
3205.0561192624323,119924,5191,1,"1"
3217.4743648616109,119906,5209,1,"1"
3219.5069172948315,119838,5277,5,"2-1-1-1"
3226.2474652858023,119784,5331,3,"2-1"
3228.9136859370842,119766,5349,1,"1"
3232.4444506595855,119748,5367,1,"1"
3253.5330120057756,119738,5377,1,"1"
3259.634070731041,119720,5395,1,"1"
3265.8745685234335,119666,5449,3,"2-1"
3266.9291664669513,119648,5467,1,"1"
3273.2848440994362,119638,5477,1,"1"
3278.6923987295131,119620,5495,1,"1"
3283.7778018993326,119607,5508,1,"1"
3292.7455505005191,119593,5522,1,"1"
3293.3865015366164,119583,5532,1,"1"
3304.0248063688305,119569,5546,1,"1"
3305.3157598711696,119475,5640,6,"4-2"
3308.3399033622941,119457,5658,1,"1"
3309.8387541049592,119439,5676,1,"1"
3310.6184847820346,119403,5712,2,"1-1"
3317.3576148790899,119385,5730,1,"1"
3320.6876480529613,119367,5748,1,"1"
3321.4294969016237,119347,5768,2,"2"
3326.1977303864373,119335,5780,1,"1"
3329.9934442993426,119299,5816,2,"2"
3331.3923873274543,119281,5834,1,"1"
3343.0394264356346,119251,5864,2,"2"
3344.6559173261107,119233,5882,1,"1"
3359.0043413709814,119179,5936,3,"3"
3359.1244573941271,119151,5964,4,"4"
3360.9840695724888,119127,5988,4,"3-1"
3365.5359649633101,119109,6006,1,"1"
3374.5422600847792,119099,6016,1,"1"
3375.4285369886538,119063,6052,2,"2"
3379.6548738524261,119031,6084,4,"3-1"
3382.0971692586227,119021,6094,2,"2"
3383.8509398010979,119003,6112,1,"1"
3383.8719210643499,118949,6166,3,"2-1"
3385.9797032438887,118931,6184,1,"1"
3389.8552709155697,118921,6194,2,"1-1"
3391.4300416811056,118908,6207,1,"1"
3395.1975360950109,118890,6225,1,"1"
3399.4344259247446,118859,6256,3,"2-1"
3405.1899971663779,118841,6274,1,"1"
3407.9579521651617,118823,6292,1,"1"
3413.3137009409502,118805,6310,1,"1"
3417.9878749762929,118794,6321,1,"1"
3419.7311687184479,118776,6339,1,"1"
3422.3396726872415,118758,6357,1,"1"
3428.3203191413554,118740,6375,1,"1"
3432.2671281498915,118722,6393,1,"1"
3433.6888525564664,118704,6411,1,"1"
3436.2474838810517,118686,6429,1,"1"
3441.3047551404911,118668,6447,1,"1"
3445.9384786937098,118650,6465,1,"1"
3445.9842790396892,118637,6478,1,"1"
3447.740990696876,118619,6496,1,"1"
3452.8721786439928,118601,6514,2,"2"
3454.9898936036316,118583,6532,1,"1"
3458.9965750060187,118039,7076,32,"19-11-1-1"
3462.9229455940608,118021,7094,1,"1"
3462.9733266920362,118014,7101,1,"1"
3473.67511869284,117996,7119,1,"1"
3486.9678401908832,117942,7173,3,"2-1"
3489.6107201881359,117932,7183,1,"1"
3489.8489511855387,117914,7201,1,"1"
3491.2087363675209,117902,7213,1,"1"
3493.7907565415312,117868,7247,3,"2-1"
3497.6237210892305,117828,7287,4,"4"
3497.8234949002667,117815,7300,1,"1"
3507.0633608581193,117777,7338,6,"3-3"
3511.6860428431041,117757,7358,2,"2"
3512.7211146107579,117744,7371,1,"1"
3519.2233915263223,117739,7376,1,"1"
3519.3949962896027,117721,7394,1,"1"
3520.017303155937,117703,7412,1,"1"
3523.7024078430713,117685,7430,2,"1-1"
3532.2344893719942,117620,7495,6,"4-1-1"
3553.770578645388,117602,7513,1,"1"
3582.373943666938,117589,7526,1,"1"
3587.1598005487303,117571,7544,1,"1"
3593.8917924497855,117535,7580,2,"1-1"
3596.7328573035852,117515,7600,2,"1-1"
3599.4162770943813,117481,7634,3,"2-1"
3603.3223023925834,117359,7756,8,"3-2-2-1"
3607.6338307043452,117314,7801,4,"2-1-1"
3608.4110246639498,117296,7819,1,"1"
3609.3932996590916,117260,7855,2,"2"
3611.1206684274312,117250,7865,1,"1"
3613.5674444239457,117130,7985,11,"2-2-1-1-1-1-1-1-1"
3616.7744866619132,117112,8003,2,"2"
3629.5416279622677,117103,8012,1,"1"
3630.3208714166039,117089,8026,1,"1"
3631.8349528990534,117084,8031,1,"1"
3638.7989895724218,117066,8049,1,"1"
3643.4526799664836,116990,8125,8,"3-1-1-1-1-1"
3654.3825254232192,116954,8161,2,"1-1"
3659.8812300411951,116936,8179,1,"1"
3664.9657747676542,116918,8197,1,"1"
3665.7444685304317,116890,8225,2,"1-1"
3667.1064620935726,116829,8286,7,"4-2-1"
3668.4639051750623,116619,8496,22,"7-6-4-1-1-1-1-1"
3672.7694816770627,116584,8531,3,"2-1"
3676.1948743993007,116566,8549,1,"1"
3680.4791527797756,116559,8556,1,"1"
3682.793685640846,116541,8574,1,"1"
3693.4446218873195,116453,8662,6,"3-2-1"
3708.2986308897762,116443,8672,1,"1"
3709.8836274573041,116425,8690,1,"1"
3715.4460828730475,116407,8708,1,"1"
3715.6335534901041,115957,9158,25,"25"
3716.9657799530232,115939,9176,1,"1"
3717.8250089697904,115921,9194,1,"1"
3718.8392789672139,115901,9214,2,"1-1"
3725.1589322393638,115888,9227,1,"1"
3735.6494833492106,115842,9273,4,"3-1"
3740.4843420644793,115824,9291,1,"1"
3746.0898984826849,115806,9309,1,"1"
3746.6819826886103,115716,9399,6,"4-2"
3748.2877449349749,115698,9417,1,"1"
3748.505820057193,115662,9453,2,"2"
3749.6669338299339,115626,9489,2,"2"
3750.4815988155501,115608,9507,1,"1"
3753.1633414398971,115590,9525,1,"1"
3760.1629193779336,115576,9539,2,"2"
3768.60774533721,115557,9558,3,"2-1"
3770.7333610935284,115539,9576,1,"1"
3777.7805998596054,115503,9612,2,"1-1"
3780.7814427749054,115477,9638,2,"1-1"
3787.4771519112669,115369,9746,6,"6"
3789.3932758137289,115351,9764,1,"1"
3792.0993029514698,115327,9788,2,"2"
3793.7214981428478,115275,9840,3,"2-1"
3802.6181182755117,115257,9858,1,"1"
3807.0280969693454,115186,9929,6,"3-2-1"
3810.7249033521875,115150,9965,2,"2"
3812.6489289142901,115060,10055,5,"4-1"
3819.439721613659,115016,10099,3,"2-1"
3822.2983399296613,115006,10109,1,"1"
3823.6324453363795,114952,10163,3,"1-1-1"
3825.7328010791462,114934,10181,1,"1"
3825.9362339723216,114920,10195,1,"1"
3834.2932994291482,114694,10421,18,"4-3-3-2-1-1-1-1-1-1"
3834.7191205765307,114670,10445,2,"2"
3842.6028806293252,114640,10475,2,"2"
3847.8392156034433,114604,10511,2,"2"
3852.707240960071,114556,10559,3,"1-1-1"
3856.3402739426424,114538,10577,1,"1"
3879.983982738976,114520,10595,1,"1"
3894.8595289569921,114508,10607,1,"1"
3896.0083070966712,114490,10625,1,"1"
3896.225435624227,114472,10643,1,"1"
3907.4090031955516,114454,10661,1,"1"
3909.5498753302386,114426,10689,2,"2"
3914.3810474035377,114417,10698,1,"1"
3916.6987402862337,114306,10809,9,"3-2-2-1-1"
3918.4974921130279,114288,10827,1,"1"
3921.5565987325936,114268,10847,2,"1-1"
3922.0968067234644,114232,10883,2,"2"
3923.3271191903641,114206,10909,2,"1-1"
3927.2209063190403,114188,10927,1,"1"
3927.8975830448144,114170,10945,1,"1"
3933.5522891377332,114152,10963,1,"1"
3935.8026982054735,114134,10981,1,"1"
3937.442267036789,114116,10999,1,"1"
3943.3102828148944,114098,11017,1,"1"
3949.2286388664088,114062,11053,2,"2"
3950.4636038022422,114044,11071,1,"1"
3952.964225758059,114026,11089,1,"1"
3964.9745303084678,114011,11104,1,"1"
3968.3852319850121,113993,11122,1,"1"
3971.4895031710685,113939,11176,3,"2-1"
3972.9202129664013,113735,11380,15,"2-2-2-2-1-1-1-1-1-1-1"
3973.3092316946068,113711,11404,2,"2"
3973.4991057493912,113657,11458,3,"3"
3975.3758455810253,113639,11476,1,"1"
3983.7987002062941,113589,11526,3,"3"
3986.0838339911065,113571,11544,1,"1"
3991.3927202023474,113553,11562,1,"1"
3995.6467517073943,113535,11580,1,"1"
4002.4667121123266,113525,11590,1,"1"
4011.4269476730492,113507,11608,1,"1"
4022.2684460750306,113453,11662,3,"2-1"
4022.8636929702207,113437,11678,1,"1"
4023.5876513931571,113419,11696,1,"1"
4023.5997315468617,113311,11804,6,"3-3"
4027.0052794568001,113293,11822,1,"1"
4035.6605864975845,113220,11895,5,"2-2-1"
4041.9524336948643,113202,11913,1,"1"
4044.9582437577014,113184,11931,1,"1"
4052.0731078562158,113177,11938,1,"1"
4054.1272107570344,113129,11986,4,"4"
4055.2228537763995,113111,12004,1,"1"
4067.2902412484978,113101,12014,1,"1"
4071.5970143734539,113083,12032,1,"1"
4075.1342712637124,113029,12086,3,"1-1-1"
4076.2703299795921,113011,12104,1,"1"
4078.9068270063663,112987,12128,2,"2"
4080.652393356555,112879,12236,6,"2-2-2"
4081.7393700214466,112861,12254,1,"1"
4082.5111873696374,112825,12290,2,"1-1"
4089.1055822539493,112771,12344,3,"3"
4094.5460200137672,112753,12362,1,"1"
4099.1157290122555,112735,12380,1,"1"
4111.6357823453091,112717,12398,1,"1"
4111.782382136088,112681,12434,2,"1-1"
4123.4588387021522,112648,12467,3,"1-1-1"
4126.3932265604371,112594,12521,3,"2-1"
4128.8610814381964,112581,12534,1,"1"
4135.3797121296529,112563,12552,1,"1"
4140.146305945801,112527,12588,2,"1-1"
4142.9036982575226,112514,12601,1,"1"
4144.9835575722609,112496,12619,1,"1"
4146.928200006284,112478,12637,1,"1"
4152.2911387124977,112460,12655,1,"1"
4157.8807921785956,112397,12718,6,"3-1-1-1"
4161.8561872703121,112315,12800,6,"4-2"
4164.1895539503103,112302,12813,1,"1"
4170.1209729027605,112284,12831,1,"1"
4174.8205622657615,112266,12849,1,"1"
4177.5929704874898,112248,12867,1,"1"
4185.6889970011234,112230,12885,1,"1"
4185.849194739435,112128,12987,8,"4-2-1-1"
4186.714313273952,112038,13077,5,"3-2"
4191.9640367828733,112020,13095,1,"1"
4200.817699438162,112002,13113,1,"1"
4209.3049543740945,111966,13149,2,"1-1"
4220.9018280557066,0,125115,6290,"6290"
----------------------------------------------4
0,125115,0,0,"0"
101.15374864837743,125106,9,1,"1"
118.34535603421803,125088,27,1,"1"
162.94730272914657,125078,37,1,"1"
214.48663688910852,125076,39,2,"2"
230.0410378430056,125075,40,1,"1"
241.15469603202737,125065,50,1,"1"
246.97160099630051,125062,53,1,"1"
262.66702948486841,125061,54,1,"1"
283.00866024033746,125060,55,1,"1"
288.31574906440613,125059,56,1,"1"
290.37578743986097,125058,57,1,"1"
309.27643737578649,125057,58,1,"1"
316.54898810265445,125056,59,1,"1"
328.01744863483043,125038,77,1,"1"
328.1107219447257,125037,78,1,"1"
328.42511324188439,125036,79,1,"1"
332.92111334704151,125035,80,1,"1"
366.85697429057763,125034,81,1,"1"
371.79220651952807,125033,82,1,"1"
386.19362300629547,125032,83,1,"1"
391.6139581567337,125014,101,1,"1"
401.68738821676266,124997,118,1,"1"
440.7946769614054,124996,119,1,"1"
448.31802624986295,124978,137,1,"1"
450.82744605761263,124977,138,1,"1"
469.25248594399716,124959,156,1,"1"
483.78340640938438,124949,166,1,"1"
495.69437696161975,124948,167,1,"1"
500.65111865219762,124947,168,1,"1"
504.68777224740433,124946,169,1,"1"
509.53371148465271,124945,170,1,"1"
529.23710147823056,124944,171,1,"1"
538.97288858941795,124926,189,1,"1"
552.14885274229368,124925,190,1,"1"
552.52493957080958,124907,208,1,"1"
560.56062121741695,124906,209,1,"1"
582.90343576550106,124900,215,2,"2"
583.29911397059209,124899,216,1,"1"
589.62237351696274,124897,218,2,"1-1"
593.5663466043685,124896,219,1,"1"
597.9854252987468,124895,220,1,"1"
609.33457200500072,124893,222,2,"2"
621.32404707920728,124891,224,2,"1-1"
638.50347535340495,124890,225,1,"1"
652.67532271292282,124880,235,1,"1"
660.56065093015229,124879,236,1,"1"
673.92887417763768,124861,254,1,"1"
687.13191677869918,124859,256,2,"2"
715.19339544667639,124858,257,1,"1"
722.57061938293316,124853,262,1,"1"
726.02574891462666,124852,263,1,"1"
728.12864255665374,124850,265,2,"1-1"
741.29333480929358,124778,337,4,"2-2"
755.41334637443106,124777,338,1,"1"
761.53019169095921,124759,356,1,"1"
766.38186661007603,124741,374,1,"1"
770.21860315341246,124723,392,1,"1"
779.74059926235282,124722,393,1,"1"
780.87494337031239,124721,394,1,"1"
796.3938874331883,124720,395,1,"1"
806.84029682359312,124719,396,1,"1"
815.12429202749638,124718,397,1,"1"
840.36496018818752,124712,403,2,"2"
858.51772974580251,124711,404,1,"1"
861.11780848562728,124709,406,2,"2"
871.09558378465942,124708,407,1,"1"
890.80486586002439,124699,416,1,"1"
893.45503421765818,124696,419,1,"1"
904.70156149889362,124692,423,2,"1-1"
910.5687450128745,124674,441,1,"1"
914.17615076285597,124660,455,1,"1"
926.30681327243724,124655,460,1,"1"
928.20346180552974,124651,464,2,"1-1"
953.44619473318164,124619,496,2,"2"
956.60500783622194,124618,497,1,"1"
959.04913161042055,124616,499,2,"2"
959.10666230184222,124615,500,1,"1"
959.58648192826445,124597,518,1,"1"
968.1949341420825,124587,528,1,"1"
968.5235334206368,124575,540,1,"1"
969.14295868229487,124557,558,1,"1"
990.19076387398718,124539,576,1,"1"
1002.5413693330061,124534,581,1,"1"
1012.6556389269465,124533,582,1,"1"
1027.3753903906179,124532,583,1,"1"
1029.1870834195579,124531,584,1,"1"
1035.8093133726081,124513,602,1,"1"
1050.4470070075795,124512,603,1,"1"
1058.7782437111034,124511,604,1,"1"
1060.6380426036615,124510,605,1,"1"
1076.2078100624658,124507,608,1,"1"
1082.1063502613999,124489,626,1,"1"
1082.1592956848588,124488,627,1,"1"
1086.4320823884721,124482,633,4,"1-1-1-1"
1107.9314269829322,124471,644,1,"1"
1116.8577721216088,124453,662,1,"1"
1122.6713331440033,124435,680,1,"1"
1123.7764275493103,124434,681,1,"1"
1126.6468379949329,124431,684,1,"1"
1141.516569408541,124413,702,1,"1"
1146.3467358180462,124395,720,1,"1"
1148.1870647049977,124377,738,1,"1"
1150.4169384606364,124362,753,7,"3-3-1"
1151.7927318069007,124358,757,4,"3-1"
1153.3559825996297,124348,767,1,"1"
1164.1414648981563,124345,770,1,"1"
1168.172186143823,124343,772,2,"2"
1168.7954665879372,124342,773,1,"1"
1175.1199677557629,124341,774,1,"1"
1182.2547337870703,124327,788,1,"1"
1186.958989528996,124309,806,1,"1"
1189.1600896782506,124292,823,1,"1"
1190.2020014298939,124286,829,2,"1-1"
1212.9767277004707,124279,836,3,"2-1"
1225.6307947476564,124267,848,1,"1"
1229.9667467489458,124263,852,4,"2-2"
1245.6106118269136,124245,870,1,"1"
1252.0170313185909,124227,888,1,"1"
1285.6814285274336,124221,894,2,"1-1"
1289.2488501847242,124203,912,1,"1"
1290.1488525130014,124200,915,1,"1"
1302.5773772683583,124182,933,1,"1"
1314.7772009225409,124154,961,2,"2"
1318.0954252851352,124137,978,1,"1"
1320.2156155622356,124119,996,1,"1"
1323.6844460699576,124118,997,1,"1"
1342.5488070216736,124117,998,1,"1"
1362.6634437406433,124116,999,1,"1"
1380.0742094223358,124110,1005,2,"2"
1391.8935545853451,124109,1006,1,"1"
1409.6425909312729,124108,1007,1,"1"
1420.1741575329465,124090,1025,1,"1"
1423.2424927833974,124085,1030,1,"1"
1425.7417799441398,124067,1048,1,"1"
1427.4638533531374,124049,1066,1,"1"
1454.1833827771684,124031,1084,1,"1"
1454.275148618892,124030,1085,1,"1"
1468.3758321367077,124029,1086,1,"1"
1471.7237471377218,124024,1091,1,"1"
1473.9163131076709,124012,1103,2,"1-1"
1476.9823463103883,124009,1106,1,"1"
1493.851656048065,124006,1109,1,"1"
1494.859293236038,124002,1113,2,"1-1"
1496.6820961290487,124001,1114,1,"1"
1508.3668618391387,123983,1132,1,"1"
1511.2533783829028,123978,1137,1,"1"
1522.2863142605902,123977,1138,1,"1"
1529.5134849114866,123967,1148,1,"1"
1541.5694275094895,123956,1159,3,"2-1"
1542.5123733235389,123951,1164,1,"1"
1558.8060757608851,123948,1167,1,"1"
1560.4557710648187,123930,1185,1,"1"
1569.573173098895,123927,1188,1,"1"
1592.3173238155011,123914,1201,1,"1"
1595.4072827318855,123896,1219,1,"1"
1600.6647218137646,123878,1237,1,"1"
1607.5881993632888,123860,1255,1,"1"
1611.5401549034414,123824,1291,2,"2"
1619.6574619560604,123823,1292,1,"1"
1625.4095508463242,123805,1310,1,"1"
1634.0974368552327,123800,1315,1,"1"
1635.7614391097779,123782,1333,1,"1"
1641.4366629884605,123776,1339,2,"2"
1643.6361533710294,123758,1357,1,"1"
1650.6881598205061,123740,1375,1,"1"
1664.6668407864815,123722,1393,1,"1"
1669.0735028128558,123704,1411,1,"1"
1671.1937277513744,123686,1429,1,"1"
1680.5478720130229,123668,1447,1,"1"
1684.4767122544888,123650,1465,1,"1"
1685.3383573572405,123640,1475,2,"2"
1709.3469685092675,123622,1493,1,"1"
1740.1342158754853,123604,1511,1,"1"
1741.5868948589014,123586,1529,1,"1"
1749.0276616133519,123574,1541,1,"1"
1751.7652329678981,123560,1555,1,"1"
1765.196226605739,123548,1567,1,"1"
1767.2504221918284,123530,1585,1,"1"
1775.2614951316386,123494,1621,2,"2"
1797.6342675557121,123489,1626,1,"1"
1808.765166212542,123484,1631,1,"1"
1817.7686443046432,123466,1649,1,"1"
1821.568588492551,123448,1667,1,"1"
1841.229819446103,123430,1685,1,"1"
1848.0772102825233,123412,1703,1,"1"
1848.4295723640453,123394,1721,1,"1"
1861.0802093350669,123384,1731,1,"1"
1869.4261799696355,123372,1743,1,"1"
1871.3905685565589,123363,1752,1,"1"
1877.7844943307236,123358,1757,1,"1"
1878.988669864963,123343,1772,1,"1"
1891.2354241290004,123325,1790,1,"1"
1893.512795848942,123315,1800,1,"1"
1900.1979005203791,123297,1818,1,"1"
1917.0868631623568,123279,1836,1,"1"
1922.9864302176311,123269,1846,1,"1"
1923.5179673697191,123251,1864,1,"1"
1926.7437019610211,123227,1888,4,"2-2"
1929.1603230447631,123209,1906,1,"1"
1933.78068413351,123197,1918,1,"1"
1941.8742455951442,123179,1936,1,"1"
1944.9396355972799,123161,1954,1,"1"
1959.9241715972064,123160,1955,1,"1"
1962.390813837804,123142,1973,1,"1"
1975.9267631053174,123124,1991,1,"1"
1976.7423522129063,123106,2009,1,"1"
1990.7090803162575,123096,2019,1,"1"
2005.7969575255131,123078,2037,1,"1"
2016.0029392615043,123060,2055,1,"1"
2024.8476513533863,123042,2073,1,"1"
2028.4516745752858,123024,2091,1,"1"
2052.956440275248,123017,2098,1,"1"
2058.7328390642133,123004,2111,1,"1"
2061.3055271219723,122999,2116,1,"1"
2084.261616119391,122996,2119,1,"1"
2091.6332118802775,122978,2137,1,"1"
2109.3245777014617,122968,2147,1,"1"
2125.8472002874519,122963,2152,1,"1"
2142.8167701399602,122945,2170,1,"1"
2152.8885344507607,122940,2175,1,"1"
2159.8669988211959,122904,2211,2,"2"
2171.2261263665887,122886,2229,1,"1"
2215.5598834358261,122868,2247,1,"1"
2216.1757774747603,122863,2252,1,"1"
2225.4117223169142,122858,2257,1,"1"
2230.6279493704455,122848,2267,2,"2"
2236.6878445632469,122830,2285,1,"1"
2248.7854837813265,122812,2303,1,"1"
2253.5321843497936,122794,2321,1,"1"
2253.9666007990481,122784,2331,1,"1"
2259.5041818298423,122766,2349,1,"1"
2261.4211055739106,122763,2352,1,"1"
2265.2330640491832,122745,2370,1,"1"
2282.2069046160527,122736,2379,1,"1"
2284.9257963001573,122718,2397,1,"1"
2299.3619443861858,122700,2415,1,"1"
2308.7237128166985,122686,2429,1,"1"
2310.5010049587067,122668,2447,1,"1"
2312.6606505326968,122663,2452,1,"1"
2315.3196694197804,122645,2470,1,"1"
2316.0743802251504,122618,2497,3,"2-1"
2317.59432460468,122600,2515,1,"1"
2320.1284821778299,122582,2533,1,"1"
2340.9797493708588,122546,2569,2,"2"
2346.9013392944448,122528,2587,1,"1"
2369.6689712727698,122510,2605,1,"1"
2371.5102941595806,122505,2610,1,"1"
2371.7803100463111,122493,2622,1,"1"
2374.9128709009751,122454,2661,3,"3"
2377.8655125163473,122436,2679,1,"1"
2380.776128542469,122418,2697,1,"1"
2399.5596961245533,122400,2715,1,"1"
2399.9310306342313,122382,2733,1,"1"
2407.124007775119,122310,2805,4,"3-1"
2431.7917231037945,122292,2823,1,"1"
2439.4950226472724,122274,2841,1,"1"
2444.2629127070859,122238,2877,2,"2"
2450.1646853204061,122220,2895,1,"1"
2454.4609687364905,122205,2910,3,"3"
2455.0765518728135,122187,2928,1,"1"
2464.4331558315394,122112,3003,11,"4-2-1-1-1-1-1"
2468.3314897269361,122094,3021,1,"1"
2473.6710248990571,122076,3039,1,"1"
2474.0551199342763,122058,3057,1,"1"
2478.7876832925294,122040,3075,1,"1"
2482.0464917849504,122022,3093,1,"1"
2492.835606056105,122012,3103,1,"1"
2508.649093306642,121994,3121,1,"1"
2512.3020934073297,121976,3139,1,"1"
2512.6083277112798,121956,3159,2,"2"
2517.2948648386614,121902,3213,3,"3"
2517.7816507951829,121884,3231,1,"1"
2518.8046157582621,121812,3303,4,"4"
2528.219332280833,121794,3321,1,"1"
2529.8145973198998,121740,3375,3,"2-1"
2539.0551916634381,121704,3411,2,"2"
2552.5216407699668,121699,3416,1,"1"
2564.6540279772348,121681,3434,1,"1"
2566.8696999817857,121663,3452,1,"1"
2569.0804198505275,121645,3470,1,"1"
2598.740450556937,121621,3494,4,"4"
2602.4005227012153,121571,3544,3,"2-1"
2603.392959275724,121561,3554,1,"1"
2606.9160451454086,121543,3572,1,"1"
2608.7790394379758,121507,3608,2,"2"
2610.0948562305584,121497,3618,1,"1"
2616.2401879158856,121490,3625,1,"1"
2617.5099862918264,121478,3637,1,"1"
2617.9521903153768,121471,3644,1,"1"
2624.3211753054939,121453,3662,1,"1"
2624.4776480986388,121446,3669,1,"1"
2625.939058083271,121434,3681,1,"1"
2626.2659372888043,121420,3695,1,"1"
2632.2782496674045,121415,3700,1,"1"
2652.7142029760685,121402,3713,1,"1"
2657.095203562857,121392,3723,2,"2"
2657.4846713761222,121385,3730,1,"1"
2660.1301984108127,121363,3752,2,"2"
2665.1453394450505,121358,3757,1,"1"
2676.7246322377655,121353,3762,1,"1"
2677.3037128654905,121348,3767,1,"1"
2690.6445364094552,121338,3777,1,"1"
2698.6307697282641,121284,3831,4,"3-1"
2737.1227185432826,121279,3836,1,"1"
2742.1125904994865,121261,3854,1,"1"
2754.3886493443456,121231,3884,3,"2-1"
2754.629748031562,121195,3920,2,"2"
2757.4054086354395,121172,3943,3,"2-1"
2759.7176562781024,121158,3957,2,"1-1"
2771.1198860280188,121140,3975,1,"1"
2779.1354204895338,121126,3989,2,"1-1"
2812.4103065747145,121108,4007,1,"1"
2824.0306948036405,121099,4016,1,"1"
2829.5842018637795,121094,4021,1,"1"
2829.8795450050043,121076,4039,1,"1"
2842.2448531222817,121062,4053,1,"1"
2844.9385178803618,121044,4071,1,"1"
2852.4108108505648,121039,4076,1,"1"
2860.34171870624,121021,4094,1,"1"
2863.5083618843819,120964,4151,5,"2-1-1-1"
2869.5369626198176,120946,4169,1,"1"
2871.1324586118449,120928,4187,1,"1"
2874.2149984835364,120913,4202,3,"2-1"
2889.5866533243911,120895,4220,1,"1"
2891.1640288406034,120877,4238,1,"1"
2897.4030506141257,120858,4257,3,"2-1"
2897.6587450003408,120840,4275,1,"1"
2901.7251730389098,120808,4307,3,"2-1"
2905.6882148407185,120790,4325,1,"1"
2913.5141034910203,120754,4361,2,"2"
2923.6788240934279,120724,4391,4,"2-1-1"
2947.4903055945715,120706,4409,1,"1"
2948.3490021314415,120688,4427,1,"1"
2951.934570952275,120670,4445,1,"1"
2953.3501999839409,120632,4483,3,"2-1"
2960.1461723032603,120560,4555,4,"2-1-1"
2968.0185174891958,120550,4565,1,"1"
2971.6237056179543,120532,4583,1,"1"
2978.55906708267,120514,4601,1,"1"
2984.5319562070545,120496,4619,1,"1"
2992.7153005423079,120442,4673,3,"3"
2998.1506313873874,120424,4691,1,"1"
3007.0508001943135,120406,4709,1,"1"
3008.5908949900654,120388,4727,1,"1"
3008.950379419085,120383,4732,1,"1"
3010.5936943117122,120365,4750,1,"1"
3011.4074607909706,120347,4768,1,"1"
3020.4252485866336,120338,4777,1,"1"
3033.1417605311358,120333,4782,1,"1"
3045.4331601075069,120315,4800,1,"1"
3061.3987712350117,120297,4818,1,"1"
3066.2137833404358,120279,4836,1,"1"
3097.4190032757638,120261,4854,1,"1"
3097.5572681124804,120243,4872,1,"1"
3097.7257760283901,120225,4890,1,"1"
3100.6815480577266,120189,4926,4,"2-1-1"
3101.5219687752306,120171,4944,1,"1"
3110.8624137376246,120144,4971,3,"3"
3116.1490024446316,120126,4989,2,"2"
3119.0720226320645,120039,5076,10,"5-1-1-1-1-1"
3122.8618692130563,120021,5094,1,"1"
3124.2528609138994,120011,5104,1,"1"
3131.7579556120581,119956,5159,5,"2-1-1-1"
3136.3936359540076,119876,5239,10,"2-2-2-1-1-1-1"
3137.2461071509338,119846,5269,2,"1-1"
3141.1539890746567,119828,5287,1,"1"
3146.1142771169707,119810,5305,1,"1"
3151.3020449692003,119804,5311,2,"2"
3152.3802112589919,119786,5329,1,"1"
3164.7093673597087,119744,5371,3,"2-1"
3166.7871479768023,119734,5381,1,"1"
3172.1684927687165,119724,5391,1,"1"
3174.1375682546459,119706,5409,1,"1"
3180.328546529493,119688,5427,1,"1"
3191.9346668355702,119662,5453,2,"1-1"
3197.9708362847482,119657,5458,1,"1"
3202.7505199702878,119639,5476,1,"1"
3203.1432945337642,119625,5490,1,"1"
3231.9791975559147,119607,5508,1,"1"
3233.148173425579,119589,5526,1,"1"
3239.9072760665331,119571,5544,1,"1"
3246.2779586977022,119223,5892,20,"17-2-1"
3252.8872193093198,119205,5910,1,"1"
3256.3718963467441,119187,5928,1,"1"
3257.0706770665743,119173,5942,2,"2"
3266.4127731262211,119137,5978,2,"2"
3273.5134604931536,118916,6199,21,"6-5-3-2-2-1-1-1"
3280.6157556130115,118898,6217,1,"1"
3282.326504982394,118876,6239,2,"1-1"
3289.9128637270164,118856,6259,2,"2"
3299.453325662259,118838,6277,1,"1"
3301.5937039299379,118828,6287,1,"1"
3312.3519496133795,118810,6305,1,"1"
3320.4050068904453,118774,6341,2,"2"
3323.9868810382723,118756,6359,1,"1"
3324.6339819659247,118738,6377,1,"1"
3327.941590444073,118720,6395,1,"1"
3328.8545229390265,118702,6413,1,"1"
3331.8377598480565,118684,6431,1,"1"
3340.0066090651171,118666,6449,1,"1"
3341.4904988948333,118648,6467,1,"1"
3342.5177024929294,118630,6485,1,"1"
3344.2197062223759,118612,6503,1,"1"
3344.6910805622556,118540,6575,4,"2-2"
3348.0664740040456,118531,6584,1,"1"
3348.9460649214625,118522,6593,1,"1"
3349.3974341195776,118502,6613,2,"2"
3357.489915013678,118484,6631,1,"1"
3358.1779286604888,118475,6640,1,"1"
3362.7462137757138,118465,6650,1,"1"
3367.202057170342,118460,6655,1,"1"
3373.5155700404325,118406,6709,4,"3-1"
3374.5376778591449,118388,6727,1,"1"
3381.8898478434085,118352,6763,2,"2"
3404.9433608521035,118334,6781,1,"1"
3408.5655812403379,118316,6799,1,"1"
3409.6816867477487,118298,6817,1,"1"
3418.0062299527849,118274,6841,2,"2"
3421.047921822515,118264,6851,1,"1"
3423.412946679116,118246,6869,1,"1"
3429.7476452104897,118219,6896,3,"2-1"
3431.391156798707,118205,6910,1,"1"
3437.7578205146438,118187,6928,1,"1"
3438.8133627871161,118173,6942,2,"2"
3446.547408968991,118155,6960,1,"1"
3462.2882165097803,118137,6978,1,"1"
3474.4735642205369,118101,7014,3,"1-1-1"
3492.5778064817782,118096,7019,1,"1"
3493.1420448709378,118078,7037,1,"1"
3494.9096172091713,118060,7055,1,"1"
3502.4353362434849,117997,7118,6,"2-2-1-1"
3508.4472168977536,117979,7136,1,"1"
3511.345969935328,117925,7190,3,"2-1"
3516.5520898218256,117913,7202,1,"1"
3520.8777255466898,117904,7211,1,"1"
3522.6311066295521,117886,7229,1,"1"
3530.4259011185204,117850,7265,2,"1-1"
3533.2401712731148,117512,7603,25,"12-2-1-1-1-1-1-1-1-1-1-1-1"
3536.7533929494593,117494,7621,1,"1"
3536.9110778353511,117468,7647,2,"1-1"
3545.3823062061433,117450,7665,1,"1"
3546.9994252451124,117432,7683,1,"1"
3548.4633758717596,117414,7701,1,"1"
3561.2364691041075,117374,7741,3,"3"
3571.0966957289879,117298,7817,6,"3-2-1"
3598.3053227176629,117284,7831,2,"2"
3600.7529337367264,117266,7849,1,"1"
3603.2877611689223,117248,7867,1,"1"
3608.5321440616958,117230,7885,1,"1"
3614.5142115079188,117212,7903,1,"1"
3617.1853997047083,117201,7914,1,"1"
3624.6158518517941,117183,7932,1,"1"
3625.5118048495951,117165,7950,1,"1"
3626.6178032102912,117124,7991,5,"4-1"
3632.0573047236644,117070,8045,3,"3"
3632.7129371490114,114674,10441,135,"122-4-2-2-1-1-1-1-1"
3642.2528960933892,114656,10459,1,"1"
3661.3049751794301,114642,10473,2,"2"
3663.5220483123917,114624,10491,1,"1"
3668.0831691860044,114606,10509,1,"1"
3675.6802260509985,114588,10527,1,"1"
3677.7057233557157,114570,10545,1,"1"
3678.1784779891286,114516,10599,3,"2-1"
3680.4577297068899,114480,10635,2,"2"
3683.6994801864262,114462,10653,1,"1"
3684.4677396731267,114445,10670,1,"1"
3685.3799472986011,114414,10701,2,"1-1"
3686.100006987188,114396,10719,1,"1"
3695.9528628376474,114383,10732,1,"1"
3699.2707138786309,114343,10772,4,"2-2"
3700.4857143192485,114325,10790,1,"1"
3709.3431518289381,114307,10808,1,"1"
3715.6841300690307,114282,10833,3,"2-1"
3719.0792069253889,114265,10850,1,"1"
3721.8324662101149,114247,10868,1,"1"
3727.3452680827459,114229,10886,1,"1"
3738.5817169773918,114211,10904,1,"1"
3758.4471056851266,114198,10917,1,"1"
3770.8160362610515,114188,10927,1,"1"
3778.0335862665142,114170,10945,1,"1"
3788.4831709266414,114152,10963,1,"1"
3788.5921846313122,114134,10981,1,"1"
3824.4467629497872,114119,10996,1,"1"
3832.5604921146942,114101,11014,1,"1"
3840.1918907099184,114083,11032,1,"1"
3841.9270505901841,114068,11047,1,"1"
3843.6797612971277,114032,11083,2,"2"
3858.3796574583876,113501,11614,33,"9-8-7-2-2-1-1-1-1-1"
3860.2429316730609,113472,11643,2,"2"
3863.6175884286818,113454,11661,1,"1"
3870.0460821742085,113425,11690,2,"2"
3871.4766830480175,113407,11708,1,"1"
3872.4180513032256,113389,11726,1,"1"
3872.8442513123405,113353,11762,2,"2"
3886.7089446461787,113339,11776,1,"1"
3886.8512225535492,113303,11812,2,"2"
3894.066102560631,113285,11830,1,"1"
3895.8985208695258,113213,11902,4,"2-1-1"
3903.201225138846,113195,11920,1,"1"
3903.2685810719181,113157,11958,4,"2-1-1"
3907.498916909552,113085,12030,6,"3-2-1"
3908.4397479837194,113069,12046,2,"1-1"
3912.3942337418571,113051,12064,1,"1"
3914.1091247444606,113041,12074,1,"1"
3931.3412660729764,113023,12092,1,"1"
3948.8196541589127,112971,12144,4,"2-2"
3955.3455188530133,112919,12196,6,"1-1-1-1-1-1"
3958.7758373719589,112901,12214,1,"1"
3961.210565933769,112829,12286,4,"1-1-1-1"
3962.1280117655738,112793,12322,2,"2"
3968.7709437093354,112757,12358,2,"2"
3971.0441122397451,112747,12368,2,"2"
3971.6737242749955,112729,12386,1,"1"
3975.7414778661323,112711,12404,1,"1"
3976.8582708678241,112693,12422,1,"1"
3978.217004271195,112675,12440,1,"1"
3990.4406659853939,112657,12458,1,"1"
3992.7061142101793,112568,12547,7,"4-3"
3997.1170523108817,112532,12583,2,"2"
4006.521984140456,112514,12601,1,"1"
4014.8794839956495,112496,12619,1,"1"
4021.1975275166174,112478,12637,1,"1"
4025.7769940205317,112069,13046,34,"4-3-2-2-2-2-2-2-2-2-2-1-1-1-1-1-1-1-1-1"
4026.031653739085,112051,13064,1,"1"
4030.8672160654628,112033,13082,1,"1"
4033.2537310783027,112015,13100,1,"1"
4033.5866164576896,111979,13136,2,"2"
4036.3375882504592,111943,13172,2,"2"
4036.6209836142248,111907,13208,2,"2"
4040.2825519846997,111898,13217,1,"1"
4046.6388317610499,111862,13253,2,"2"
4049.5818178785394,111826,13289,2,"2"
4055.5234079112079,111786,13329,4,"2-2"
4060.3673704836065,111768,13347,1,"1"
4060.6134204591503,111750,13365,1,"1"
4060.9724396192901,111732,13383,1,"1"
4064.2549007128969,111714,13401,1,"1"
4065.8826867659091,111696,13419,1,"1"
4071.3258793592959,111678,13437,1,"1"
4078.5768748409646,111622,13493,5,"2-1-1-1"
4083.8994975121614,111610,13505,1,"1"
4086.822666044267,111446,13669,15,"3-3-2-2-1-1-1-1-1"
4088.0814914874122,111410,13705,2,"2"
4093.2548823213156,111356,13759,3,"3"
4111.2905538197037,111320,13795,2,"2"
4112.8827614365746,111302,13813,1,"1"
4115.0821973619068,111284,13831,1,"1"
4119.0039662902291,111248,13867,2,"2"
4125.9404948992087,111237,13878,1,"1"
4131.6180033653845,111219,13896,1,"1"
4132.7491262048025,111171,13944,3,"3"
4135.0156084481478,111153,13962,1,"1"
4139.8649757631611,111124,13991,2,"2"
4146.6241256357825,111102,14013,2,"2"
4154.4122941517871,110956,14159,13,"3-2-2-2-1-1-1-1"
4158.3773139075001,110944,14171,1,"1"
4168.3589243261913,109816,15299,74,"7-6-5-5-4-3-3-3-2-2-2-2-2-2-2-2-2-2-2-1-1-1-1-1-1-1-1-1-1-1-1-1-1-1-1"
4169.0740645311143,109798,15317,1,"1"
4181.3497141064909,109182,15933,43,"8-6-5-3-3-3-2-2-2-2-1-1-1-1-1-1-1"
4187.4892828248976,109110,16005,4,"4"
4192.713197490888,0,125115,6125,"6125"
----------------------------------------------5
0,125115,0,0,"0"
73.761571793073031,125097,18,1,"1"
118.62889948172534,125087,28,2,"2"
158.80085359595552,125086,29,1,"1"
160.28280064504995,125085,30,1,"1"
167.98726151531957,125084,31,1,"1"
184.41057647646011,125074,41,1,"1"
238.75951865968088,125073,42,1,"1"
271.35735290335055,125055,60,1,"1"
302.79196998516676,125054,61,1,"1"
323.84338978506264,125053,62,1,"1"
329.45075967437867,125035,80,1,"1"
331.90938309004059,125034,81,1,"1"
353.96942263182257,125033,82,1,"1"
355.31998818331937,125032,83,1,"1"
360.73032547583449,125031,84,1,"1"
370.85632320006795,125030,85,1,"1"
381.26064641721541,125029,86,1,"1"
384.2878723340848,125028,87,1,"1"
402.74075902723223,125027,88,1,"1"
402.80579559302134,125026,89,1,"1"
435.33881072313829,125016,99,1,"1"
453.20583892578782,125015,100,1,"1"
459.01340327567743,124997,118,1,"1"
483.24351751302282,124996,119,1,"1"
488.79623855533055,124978,137,1,"1"
489.44324503892472,124977,138,1,"1"
494.25965364070481,124972,143,1,"1"
495.56375144551203,124954,161,1,"1"
504.24613475308911,124953,162,1,"1"
512.82835603209298,124935,180,1,"1"
514.11091117721651,124917,198,1,"1"
529.50574790771657,124907,208,1,"1"
538.78633906927826,124906,209,1,"1"
546.13864821581831,124904,211,2,"1-1"
552.69088524726794,124903,212,1,"1"
552.71647572084498,124902,213,1,"1"
555.89979902934454,124901,214,1,"1"
572.14834512416735,124898,217,3,"2-1"
572.23673129183157,124897,218,1,"1"
578.59169798830658,124879,236,1,"1"
584.35205714131178,124870,245,1,"1"
607.20665385200073,124869,246,1,"1"
631.1465512356441,124851,264,1,"1"
634.92165516305715,124833,282,1,"1"
638.48632498016229,124832,283,1,"1"
649.13343862084378,124814,301,1,"1"
653.68059440759339,124813,302,1,"1"
661.59038845776627,124811,304,2,"2"
671.47723598395248,124810,305,1,"1"
672.7419514578969,124805,310,1,"1"
687.89278577997493,124796,319,1,"1"
689.09236669301174,124795,320,1,"1"
690.24465641692041,124786,329,1,"1"
692.34002078480773,124785,330,1,"1"
692.74554315102034,124775,340,1,"1"
703.37163079831237,124774,341,1,"1"
704.99991637680569,124756,359,1,"1"
730.57816693994107,124750,365,2,"2"
753.91756945873885,124748,367,2,"2"
762.44514946673075,124730,385,1,"1"
762.84195654565076,124729,386,1,"1"
777.93962356397446,124727,388,2,"2"
780.96936801957554,124709,406,1,"1"
785.02082509231275,124707,408,2,"1-1"
792.75765951047731,124706,409,1,"1"
823.57928190344012,124703,412,1,"1"
828.9880823913727,124700,415,1,"1"
842.88183246990548,124699,416,1,"1"
873.70788191861152,124696,419,1,"1"
878.26338377773061,124678,437,1,"1"
879.38068691446369,124677,438,1,"1"
882.18125245378212,124676,439,1,"1"
886.76155292725332,124671,444,1,"1"
910.85941122584404,124669,446,2,"2"
914.99079884334435,124648,467,5,"2-1-1-1"
916.45972417497649,124647,468,1,"1"
925.07719463433864,124646,469,1,"1"
942.1515250241531,124638,477,2,"1-1"
943.46540219229917,124628,487,1,"1"
946.8148077362348,124619,496,1,"1"
970.20899649357716,124604,511,3,"1-1-1"
970.5301629464426,124603,512,1,"1"
970.83347031566814,124585,530,1,"1"
971.06056757147644,124576,539,5,"3-1-1"
989.1830494134324,124558,557,1,"1"
995.99640583594089,124557,558,1,"1"
999.6446471337282,124548,567,3,"3"
1004.2532425408707,124543,572,5,"2-2-1"
1021.2936665063828,124542,573,1,"1"
1022.5594462796903,124539,576,3,"2-1"
1027.547664185638,124536,579,1,"1"
1029.2082423313634,124516,599,2,"2"
1034.8134455112893,124514,601,2,"1-1"
1044.7958793437085,124509,606,5,"3-2"
1055.2793248879505,124485,630,2,"2"
1062.8440339137082,124467,648,1,"1"
1068.0640277305874,124449,666,1,"1"
1072.8396720090554,124431,684,1,"1"
1075.0987707649147,124429,686,2,"1-1"
1092.1280498399274,124428,687,1,"1"
1101.7982422395366,124427,688,1,"1"
1106.3434338048323,124417,698,1,"1"
1125.8134142277918,124414,701,1,"1"
1133.9141500787557,124413,702,1,"1"
1142.3038125101734,124410,705,1,"1"
1163.7203441832119,124409,706,1,"1"
1165.5938037721503,124391,724,1,"1"
1168.3029478551823,124375,740,1,"1"
1174.3679054665861,124357,758,1,"1"
1187.1692540453232,124339,776,1,"1"
1198.4743986538783,124338,777,1,"1"
1199.3231486689026,124337,778,1,"1"
1211.6580223425824,124319,796,1,"1"
1228.4870288731979,124314,801,1,"1"
1229.9518225027198,124313,802,1,"1"
1258.0772989654233,124311,804,2,"2"
1265.7614874793983,124306,809,1,"1"
1321.9740503274179,124256,859,4,"3-1"
1326.8861724884478,124254,861,2,"2"
1332.3898195792224,124236,879,1,"1"
1347.5591590387469,124226,889,1,"1"
1352.0162615910435,124225,890,1,"1"
1359.2192907940698,124207,908,1,"1"
1373.8043199253095,124202,913,1,"1"
1375.2995099755776,124201,914,1,"1"
1376.2319497193946,124198,917,1,"1"
1379.313094593587,124180,935,1,"1"
1388.4131556894554,124175,940,1,"1"
1389.3364410556044,124157,958,1,"1"
1402.8996724208544,124154,961,1,"1"
1407.0056324152708,124140,975,1,"1"
1408.707292626573,124130,985,1,"1"
1410.527898344164,124112,1003,1,"1"
1424.2181774085777,124107,1008,1,"1"
1431.7335494588401,124089,1026,1,"1"
1434.400087809923,124079,1036,2,"2"
1436.1644493423246,124064,1051,5,"2-1-1-1"
1437.2735972964247,124046,1069,1,"1"
1460.4276004758649,124045,1070,1,"1"
1473.8851683668727,124044,1071,1,"1"
1474.9375628499606,124026,1089,1,"1"
1480.5120567409072,124008,1107,1,"1"
1507.7398992765593,124007,1108,1,"1"
1516.2496234450693,124005,1110,2,"2"
1522.2066576123004,123995,1120,1,"1"
1533.409458486012,123981,1134,1,"1"
1535.3695630896348,123963,1152,1,"1"
1538.9034077648798,123962,1153,1,"1"
1592.7916088949225,123926,1189,3,"2-1"
1594.0483278359904,123925,1190,1,"1"
1597.4759244078446,123924,1191,1,"1"
1608.5084665727109,123906,1209,1,"1"
1613.7316710038908,123896,1219,1,"1"
1635.4726946178414,123890,1225,2,"2"
1638.9843716590981,123885,1230,1,"1"
1643.0930091159921,123867,1248,1,"1"
1643.2790372038603,123849,1266,1,"1"
1657.7831764431442,123846,1269,1,"1"
1681.8510941988857,123828,1287,1,"1"
1682.2378706651784,123825,1290,1,"1"
1684.0508872505338,123816,1299,1,"1"
1692.0947322035445,123798,1317,1,"1"
1712.4745049850535,123770,1345,2,"2"
1716.4838950573183,123764,1351,2,"2"
1724.2128009843466,123754,1361,1,"1"
1741.6200279898558,123736,1379,1,"1"
1753.301010587269,123718,1397,1,"1"
1764.3741257013592,123700,1415,1,"1"
1764.7131610192901,123672,1443,2,"1-1"
1768.872391419168,123662,1453,1,"1"
1774.6808630150274,123659,1456,1,"1"
1778.9337064166534,123647,1468,1,"1"
1784.0201417077367,123642,1473,1,"1"
1798.23166634475,123608,1507,6,"5-1"
1803.5034976043107,123590,1525,1,"1"
1811.8743545545126,123572,1543,1,"1"
1812.7790323706979,123554,1561,1,"1"
1819.2163780198175,123536,1579,1,"1"
1827.2635671916287,123518,1597,1,"1"
1851.6438988693692,123488,1627,3,"2-1"
1853.2524526413613,123434,1681,3,"2-1"
1864.574087070677,123416,1699,1,"1"
1911.4649656034101,123411,1704,1,"1"
1922.3404067873157,123393,1722,1,"1"
1923.6954759663467,123379,1736,1,"1"
1957.5253547244731,123361,1754,1,"1"
1963.6780787296175,123343,1772,1,"1"
1988.3079240867255,123317,1798,2,"2"
1993.6827024719378,123314,1801,1,"1"
1998.1417045013723,123296,1819,1,"1"
2003.2784744384007,123278,1837,1,"1"
2024.4279758082425,123260,1855,1,"1"
2031.2045087475551,123224,1891,2,"2"
2037.9144386508849,123206,1909,1,"1"
2054.4636738218346,123188,1927,1,"1"
2075.1813127288765,123178,1937,2,"2"
2075.6691769745794,123168,1947,1,"1"
2152.4748147398814,123150,1965,1,"1"
2156.9756415340103,123132,1983,1,"1"
2173.9527434759361,123078,2037,3,"1-1-1"
2179.0896239249678,123068,2047,1,"1"
2213.1646489801733,123063,2052,1,"1"
2248.6669835313464,123045,2070,1,"1"
2272.5524443610543,123027,2088,1,"1"
2280.5943381874331,123022,2093,1,"1"
2286.2269721999792,123017,2098,1,"1"
2300.8941542006669,122999,2116,1,"1"
2305.806500840456,122981,2134,1,"1"
2308.4264590488228,122953,2162,4,"2-1-1"
2322.4050320064703,122941,2174,1,"1"
2331.8660078879711,122921,2194,2,"2"
2334.1249026902733,122903,2212,1,"1"
2340.2562318142923,122885,2230,1,"1"
2340.6270596548698,122838,2277,3,"2-1"
2342.632229298682,122819,2296,3,"2-1"
2346.0848600005461,122814,2301,1,"1"
2368.026563586774,122796,2319,1,"1"
2372.5760670301966,122785,2330,1,"1"
2374.531730035194,122772,2343,1,"1"
2402.4640721695032,122754,2361,1,"1"
2403.4914927984209,122742,2373,1,"1"
2408.1335470107606,122733,2382,1,"1"
2412.3559178953215,122715,2400,1,"1"
2421.4604850421365,122670,2445,4,"3-1"
2427.2198203783628,122652,2463,1,"1"
2456.6593225196962,122642,2473,1,"1"
2460.4677987692262,122624,2491,1,"1"
2461.7367409720609,122606,2509,1,"1"
2467.3747746780596,122593,2522,1,"1"
2473.4281543265142,122565,2550,4,"2-1-1"
2475.7805120714133,122560,2555,1,"1"
2485.9234691504557,122542,2573,1,"1"
2486.8953414816533,122506,2609,2,"2"
2488.9521064141936,122488,2627,1,"1"
2495.5533857279866,122479,2636,1,"1"
2505.4589966484264,122465,2650,1,"1"
2510.1152263828808,122423,2692,3,"3"
2515.6031782015757,122414,2701,1,"1"
2516.6361766733162,122401,2714,1,"1"
2537.0672648553304,122383,2732,1,"1"
2540.2393712159419,122373,2742,1,"1"
2540.327000988425,122368,2747,1,"1"
2541.1005888459899,122332,2783,2,"2"
2545.3335294549988,122314,2801,1,"1"
2547.7418698497117,122300,2815,1,"1"
2550.9657323696115,122297,2818,1,"1"
2561.8012866363702,122270,2845,5,"4-1"
2565.9484164469368,122252,2863,1,"1"
2575.048237089311,122234,2881,1,"1"
2596.0577069852629,122218,2897,1,"1"
2598.1981480005538,122208,2907,2,"2"
2601.3353759298302,122205,2910,1,"1"
2628.7423503136047,122187,2928,1,"1"
2630.746753420387,122177,2938,1,"1"
2632.2346291476306,122159,2956,1,"1"
2644.0017411248732,122156,2959,1,"1"
2644.6571252478175,122138,2977,1,"1"
2658.5028846678943,122120,2995,1,"1"
2680.3832759354145,122102,3013,1,"1"
2691.3372477617922,122084,3031,1,"1"
2695.4117477306359,122067,3048,1,"1"
2696.6424146409731,122013,3102,3,"1-1-1"
2717.930990366192,122008,3107,1,"1"
2725.3331422439296,121994,3121,2,"2"
2725.3371231255373,121980,3135,2,"2"
2742.4349945234476,121962,3153,1,"1"
2752.4411329568215,121944,3171,1,"1"
2758.2422160196811,121941,3174,1,"1"
2758.3577354122976,121921,3194,4,"2-1-1"
2758.488266459799,121903,3212,1,"1"
2760.2606297968237,121885,3230,1,"1"
2762.3736907249759,121867,3248,1,"1"
2765.3943665647066,121849,3266,1,"1"
2765.4115833066321,121831,3284,1,"1"
2773.7245513555295,121812,3303,3,"2-1"
2774.9456660836959,121748,3367,6,"2-2-1-1"
2778.598037652785,121730,3385,1,"1"
2780.0907045221584,121712,3403,1,"1"
2783.2380388838856,121702,3413,2,"2"
2786.3476920709504,121684,3431,1,"1"
2797.4792706412081,121666,3449,1,"1"
2803.4052005151075,121648,3467,1,"1"
2803.8874495533446,121626,3489,2,"1-1"
2814.41399463278,121614,3501,1,"1"
2817.6051960999412,121609,3506,1,"1"
2822.1705412548431,121563,3552,3,"2-1"
2827.9429054925863,121545,3570,1,"1"
2828.7657987597663,121540,3575,1,"1"
2839.495284422193,121520,3595,4,"2-2"
2844.0212534462016,121466,3649,3,"2-1"
2846.1651025106794,121395,3720,6,"4-2"
2848.6708390638792,121386,3729,1,"1"
2879.8579146474754,121368,3747,1,"1"
2881.3222225056998,121350,3765,1,"1"
2884.1959220351682,121332,3783,1,"1"
2896.4140283779952,121314,3801,1,"1"
2896.9011845747682,121296,3819,1,"1"
2901.5613059301595,121272,3843,2,"2"
2915.9904180470894,121254,3861,1,"1"
2925.2131243466511,121236,3879,1,"1"
2925.4548693894944,121218,3897,1,"1"
2927.0670302890594,121199,3916,3,"3"
2933.3462957700517,120785,4330,27,"13-10-3-1"
2942.8408435239453,120775,4340,1,"1"
2943.6799395669668,120770,4345,1,"1"
2943.7761969068251,120752,4363,1,"1"
2953.0794847743032,120734,4381,1,"1"
2957.6913366808635,120710,4405,2,"1-1"
2982.2144647991008,120662,4453,4,"1-1-1-1"
3003.6304713860814,120644,4471,2,"1-1"
3004.0484425166801,120634,4481,1,"1"
3011.6908531315948,120616,4499,1,"1"
3024.7685529524224,120606,4509,1,"1"
3036.0581662173713,120588,4527,1,"1"
3043.4305877571965,120552,4563,2,"2"
3053.8274399766665,120512,4603,3,"2-1"
3058.4267402141472,120497,4618,1,"1"
3063.5621159522866,120487,4628,1,"1"
3077.688403384871,120482,4633,1,"1"
3087.0727388686241,120464,4651,1,"1"
3089.3386087335693,120442,4673,2,"2"
3093.1062806037771,120424,4691,1,"1"
3098.9437611746712,120419,4696,1,"1"
3104.7190369851492,120401,4714,1,"1"
3127.4596166589067,120383,4732,1,"1"
3133.3964956216428,120365,4750,1,"1"
3139.8428297436776,120341,4774,2,"1-1"
3142.5763051381095,120309,4806,4,"2-1-1"
3151.7102018256073,120273,4842,2,"2"
3151.9847557216822,120241,4874,3,"2-1"
3164.5554189807908,120231,4884,1,"1"
3167.6622156701924,120213,4902,1,"1"
3168.8417193056284,120195,4920,1,"1"
3171.3807999972014,120068,5047,15,"3-3-2-2-1-1-1-1-1"
3181.553508505177,120032,5083,3,"3"
3185.5200328864212,120022,5093,1,"1"
3185.5348726481152,120013,5102,1,"1"
3188.0453313643447,119995,5120,1,"1"
3188.3584405600404,119959,5156,2,"2"
3189.8509903195891,119949,5166,2,"2"
3194.6363381516053,119931,5184,1,"1"
3195.5541593336989,119921,5194,1,"1"
3204.6465035748552,119903,5212,1,"1"
3206.6257291781076,119777,5338,7,"7"
3207.012692665227,119741,5374,4,"3-1"
3219.958081562329,119731,5384,2,"2"
3228.4187987672376,119713,5402,1,"1"
3244.8766717387171,119704,5411,1,"1"
3247.3826103747265,119680,5435,2,"1-1"
3256.4849931323542,119662,5453,1,"1"
3267.2401679566824,119644,5471,1,"1"
3272.1819073949887,119626,5489,1,"1"
3279.575365685002,119608,5507,1,"1"
3283.7805539260999,119590,5525,1,"1"
3291.2654202037793,119585,5530,1,"1"
3292.4652184962952,119573,5542,1,"1"
3303.8171640297269,119564,5551,1,"1"
3307.680426055631,119510,5605,3,"3"
3310.0714983960484,119492,5623,1,"1"
3312.6676004845081,119456,5659,2,"2"
3328.0564779157426,119438,5677,1,"1"
3329.0831030970439,119420,5695,1,"1"
3339.0034738988415,119402,5713,1,"1"
3341.4490631793969,119340,5775,5,"3-1-1"
3341.8297137826021,119330,5785,1,"1"
3345.2375251409876,119312,5803,1,"1"
3358.0062886752025,119234,5881,6,"3-2-1"
3361.3615588467151,119216,5899,1,"1"
3370.431309360054,119206,5909,1,"1"
3371.9554088189871,119188,5927,1,"1"
3395.178764024623,119183,5932,1,"1"
3399.1180075242933,119172,5943,1,"1"
3400.993461934781,119136,5979,2,"1-1"
3403.0534806481205,119127,5988,1,"1"
3410.449712303528,119109,6006,1,"1"
3425.0974369855535,119096,6019,1,"1"
3429.8137867131118,119078,6037,2,"2"
3434.1275414726333,119060,6055,1,"1"
3438.1229868250562,119055,6060,1,"1"
3449.2395983351339,118997,6118,4,"3-1"
3469.3876126375922,118979,6136,1,"1"
3499.9602429221222,118945,6170,3,"1-1-1"
3500.2794196809214,118936,6179,1,"1"
3512.425083095025,118900,6215,2,"2"
3515.5400646177081,118882,6233,1,"1"
3529.0076499658835,118846,6269,2,"2"
3531.4593135237769,118828,6287,1,"1"
3534.4902881092225,118810,6305,1,"1"
3540.5452006360083,118788,6327,2,"2"
3542.3008862416405,118752,6363,2,"2"
3545.5461962854979,118738,6377,1,"1"
3546.9066854372704,118724,6391,2,"2"
3549.2013348715577,118706,6409,1,"1"
3551.5775474872971,118688,6427,1,"1"
3556.7945455686108,118670,6445,1,"1"
3560.3163228595663,118652,6463,1,"1"
3560.9699878532219,118626,6489,2,"2"
3565.031926945554,118608,6507,1,"1"
3565.8575503623952,118590,6525,1,"1"
3567.7359189391004,118580,6535,1,"1"
3571.8517568423863,118544,6571,2,"2"
3577.7939679454325,118112,7003,25,"19-2-1-1-1-1"
3582.6984723235792,118098,7017,2,"2"
3584.9669558563946,118080,7035,1,"1"
3591.2169752184709,118071,7044,1,"1"
3620.2133445609447,118047,7068,2,"2"
3621.2278133399786,117989,7126,8,"3-2-1-1-1"
3624.0165242207268,117965,7150,2,"1-1"
3638.1903645229991,117947,7168,1,"1"
3642.0904000476135,117855,7260,7,"4-2-1"
3645.7689182116292,117805,7310,4,"2-1-1"
3651.7605606945585,117787,7328,1,"1"
3657.3458636925257,117769,7346,1,"1"
3657.8964595318516,117751,7364,1,"1"
3662.2719386614863,117715,7400,2,"2"
3667.5248252227511,117299,7816,32,"9-7-5-2-2-2-1-1-1-1-1"
3667.6122731048499,117281,7834,1,"1"
3689.4819477530841,117239,7876,4,"2-1-1"
3691.2830409107196,116401,8714,73,"12-6-5-5-4-3-3-3-3-3-3-2-2-2-2-1-1-1-1-1-1-1-1-1-1-1-1-1-1-1"
3697.1162989215777,116383,8732,1,"1"
3699.9396216322425,116365,8750,1,"1"
3700.4641507908268,116329,8786,2,"1-1"
3710.4104776176514,116095,9020,15,"8-2-2-1-1-1"
3710.4635336307888,116077,9038,1,"1"
3714.4189312881758,115923,9192,10,"2-2-1-1-1-1-1-1"
3716.2579318045318,115905,9210,1,"1"
3727.1218315030274,115873,9242,2,"1-1"
3728.6760049261593,115855,9260,1,"1"
3731.8271050058092,115837,9278,1,"1"
3734.6208616048807,115819,9296,1,"1"
3743.0570477265769,115779,9336,3,"1-1-1"
3746.7975488450797,115761,9354,1,"1"
3747.9532231353446,115743,9372,1,"1"
3748.713078590622,115725,9390,1,"1"
3762.0156375102515,115689,9426,2,"1-1"
3769.7770418514829,115453,9662,16,"6-2-2-1-1-1-1-1-1"
3777.197223391855,115435,9680,1,"1"
3789.0618220951187,115417,9698,1,"1"
3793.1074667059725,115327,9788,5,"3-2"
3795.3185455815874,115309,9806,1,"1"
3800.5442682040843,115281,9834,2,"1-1"
3805.776417598634,115257,9858,2,"1-1"
3812.4781249579642,115241,9874,1,"1"
3820.0292061845198,115223,9892,1,"1"
3821.3202116892585,115117,9998,7,"3-2-2"
3827.0591706087639,115099,10016,1,"1"
3831.5875718642901,115045,10070,3,"1-1-1"
3833.9226390485528,115027,10088,1,"1"
3838.9125732731732,114833,10282,14,"3-2-2-2-1-1-1-1-1"
3841.342137640499,114611,10504,16,"5-3-2-2-1-1-1-1"
3852.6601927492684,114593,10522,1,"1"
3865.1661684995602,114575,10540,1,"1"
3873.093285827008,114531,10584,3,"2-1"
3878.0011474271819,114513,10602,1,"1"
3879.567608662448,114499,10616,2,"1-1"
3879.9842482261779,114295,10820,13,"5-3-1-1-1-1-1"
3888.7177400973615,114273,10842,2,"1-1"
3890.2833039455304,114151,10964,8,"3-2-1-1-1"
3897.7254309560371,114133,10982,1,"1"
3898.8808158373886,114115,11000,1,"1"
3908.485326868873,114079,11036,2,"1-1"
3925.877337861963,113993,11122,5,"3-1-1"
3932.9559434853982,113975,11140,1,"1"
3936.7300702606854,0,125115,6410,"6410"
----------------------------------------------6
0,125115,0,0,"0"
49.389777377014866,125114,1,1,"1"
135.50009723538216,125112,3,2,"2"
138.77407938460084,125111,4,1,"1"
146.67670261225388,125093,22,1,"1"
194.58275781827757,125083,32,1,"1"
202.23164517954947,125082,33,1,"1"
248.31139563563161,125081,34,1,"1"
278.88544634864786,125080,35,1,"1"
288.64537343461154,125077,38,1,"1"
321.955270412267,125067,48,2,"2"
340.83605857678668,125066,49,1,"1"
342.19603614274683,125065,50,1,"1"
363.33579088732216,125064,51,1,"1"
373.41166082865084,125063,52,1,"1"
385.21823939491532,125045,70,1,"1"
397.63661160218464,125044,71,1,"1"
432.85793850108507,125039,76,1,"1"
435.78041039837274,125038,77,1,"1"
446.34470660530411,125037,78,1,"1"
450.69305893645515,125036,79,1,"1"
452.96653337526266,125035,80,1,"1"
457.60873266365797,125034,81,1,"1"
462.87216826967119,125021,94,1,"1"
464.64107841266014,125020,95,1,"1"
475.1360170534893,125019,96,1,"1"
480.8905547977501,125018,97,1,"1"
483.50281871069706,125000,115,1,"1"
499.35678602160181,124999,116,1,"1"
506.89798526031825,124998,117,1,"1"
508.62758300906137,124997,118,1,"1"
510.7566715820044,124996,119,1,"1"
520.50151405552356,124978,137,1,"1"
523.47352171386433,124960,155,1,"1"
526.16458934028128,124942,173,1,"1"
529.82572132499195,124940,175,2,"1-1"
538.89265521330617,124939,176,1,"1"
559.32300129665794,124938,177,1,"1"
571.33661495821218,124914,201,4,"4"
574.98288107907877,124913,202,1,"1"
581.31610995541689,124895,220,1,"1"
594.21996550305107,124894,221,1,"1"
596.93546776969231,124892,223,2,"1-1"
600.01017504537651,124891,224,1,"1"
608.78999604768751,124889,226,2,"1-1"
630.54576134053525,124888,227,1,"1"
650.4745416493156,124886,229,2,"2"
684.3881064021972,124868,247,1,"1"
691.09652097168703,124850,265,1,"1"
695.61933000595013,124832,283,1,"1"
709.1662162021413,124831,284,1,"1"
715.38378331309923,124830,285,1,"1"
716.47286677948478,124828,287,2,"1-1"
719.40102136016174,124818,297,1,"1"
722.22771391480819,124817,298,1,"1"
725.75543782122259,124816,299,1,"1"
745.56868073526732,124815,300,1,"1"
750.15561428900537,124814,301,1,"1"
750.99283516925402,124813,302,1,"1"
762.01393665132832,124812,303,1,"1"
765.02470937850183,124810,305,2,"1-1"
772.92433817176243,124792,323,1,"1"
777.32378647015014,124790,325,2,"2"
797.35180194636189,124780,335,1,"1"
800.3337479453628,124762,353,1,"1"
812.50376107779755,124761,354,1,"1"
830.9200943301272,124760,355,1,"1"
837.43262122644387,124757,358,1,"1"
837.91716295950664,124756,359,1,"1"
839.20876521511684,124755,360,1,"1"
844.69829001767755,124737,378,1,"1"
846.33208724963629,124736,379,1,"1"
850.81461986176987,124735,380,1,"1"
853.34231090475896,124734,381,1,"1"
856.97296285119489,124729,386,1,"1"
874.30316095079172,124727,388,2,"1-1"
878.59564300966815,124725,390,2,"2"
887.841586110604,124707,408,1,"1"
888.40534974275363,124706,409,1,"1"
895.72925145082104,124688,427,1,"1"
900.12083663242299,124687,428,1,"1"
912.33023435457721,124684,431,1,"1"
927.19652547880412,124675,440,1,"1"
955.84639751694601,124674,441,1,"1"
968.7149903021882,124672,443,2,"2"
973.98959478655649,124671,444,1,"1"
987.98201721715577,124670,445,1,"1"
990.04828631389103,124669,446,1,"1"
1000.7243565935667,124651,464,1,"1"
1002.0313555238565,124648,467,3,"2-1"
1016.4894102332161,124646,469,2,"2"
1057.9840357124469,124620,495,2,"2"
1060.5146555750441,124619,496,1,"1"
1062.622837840222,124609,506,1,"1"
1066.5069973889497,124605,510,2,"1-1"
1080.8245371597291,124604,511,1,"1"
1084.2528992632488,124603,512,1,"1"
1087.0917933801477,124583,532,2,"2"
1092.9412863031391,124575,540,2,"1-1"
1109.0771566437581,124574,541,1,"1"
1112.9401305412705,124556,559,1,"1"
1123.6668501727909,124555,560,1,"1"
1129.5084035929945,124554,561,1,"1"
1130.3877428512174,124548,567,2,"2"
1137.339063525957,124544,571,2,"1-1"
1166.3635288188352,124526,589,1,"1"
1172.2887365041158,124508,607,1,"1"
1192.7727504329594,124490,625,1,"1"
1203.4787414553282,124484,631,2,"2"
1206.0704774365356,124481,634,3,"3"
1216.9234232165093,124480,635,1,"1"
1225.0702871976569,124475,640,1,"1"
1280.4688936074599,124472,643,1,"1"
1289.8232699380301,124439,676,3,"3"
1315.4156703060687,124421,694,1,"1"
1315.833677224037,124416,699,1,"1"
1326.4250940640463,124399,716,3,"3"
1345.4085456794419,124394,721,1,"1"
1382.2879328563083,124376,739,1,"1"
1426.3251133994756,124371,744,1,"1"
1433.7120404361881,124361,754,1,"1"
1434.5713383984673,124360,755,1,"1"
1460.6463954611102,124355,760,1,"1"
1471.4904847939113,124345,770,1,"1"
1481.5729288435996,124342,773,1,"1"
1484.27633163213,124339,776,1,"1"
1496.2641412560774,124336,779,1,"1"
1496.5236636660461,124335,780,1,"1"
1497.549120894319,124317,798,1,"1"
1507.25173523029,124312,803,1,"1"
1514.3716447907168,124294,821,1,"1"
1514.6863836731204,124276,839,1,"1"
1520.7732135662104,124275,840,1,"1"
1529.1824239513937,124257,858,1,"1"
1530.2925909812352,124239,876,1,"1"
1532.5488456686553,124221,894,1,"1"
1541.8002489621624,124203,912,1,"1"
1546.3527709693622,124202,913,1,"1"
1547.5553714110349,124184,931,1,"1"
1555.5408819712231,124157,958,2,"1-1"
1556.7237321607229,124155,960,2,"1-1"
1563.0671386573451,124137,978,1,"1"
1563.6697298639365,124130,985,3,"1-1-1"
1581.5284699367951,124112,1003,1,"1"
1613.1757056164495,124103,1012,1,"1"
1617.2127917163259,124085,1030,1,"1"
1633.0514767676641,124067,1048,1,"1"
1639.6035533557776,124049,1066,1,"1"
1640.7077903731365,124046,1069,1,"1"
1645.6114570058655,124045,1070,1,"1"
1650.6251078077109,124040,1075,1,"1"
1652.1035832068303,124034,1081,2,"2"
1675.0879633754762,124016,1099,1,"1"
1676.9416044481989,124011,1104,1,"1"
1682.9646749389876,123993,1122,1,"1"
1689.6524528409957,123983,1132,1,"1"
1695.4656640459439,123965,1150,1,"1"
1698.9304040927022,123941,1174,2,"2"
1704.3918455806815,123923,1192,1,"1"
1706.3670907859193,123922,1193,1,"1"
1710.8706706084704,123904,1211,1,"1"
1712.0649999526422,123886,1229,1,"1"
1713.8508689143853,123866,1249,2,"2"
1714.8352005594484,123848,1267,1,"1"
1725.2832208287859,123845,1270,1,"1"
1750.6589930632349,123831,1284,1,"1"
1752.1829365551337,123813,1302,1,"1"
1765.3353977027741,123808,1307,1,"1"
1802.6371506671778,123790,1325,1,"1"
1837.6415101654404,123787,1328,1,"1"
1856.7218538482537,123769,1346,1,"1"
1878.8998575410546,123756,1359,1,"1"
1888.6855608106209,123753,1362,1,"1"
1898.0816667011377,123724,1391,5,"4-1"
1901.875825761037,123706,1409,1,"1"
1909.7636340695669,123705,1410,1,"1"
1918.0381922447671,123687,1428,1,"1"
1922.0392284622435,123682,1433,1,"1"
1923.3767707547372,123672,1443,1,"1"
1950.1943135894885,123667,1448,1,"1"
1967.2589312178197,123649,1466,1,"1"
1969.0207164021499,123631,1484,1,"1"
1971.4441100649344,123619,1496,1,"1"
1986.9183079442012,123618,1497,1,"1"
1999.1070607990894,123613,1502,1,"1"
2002.5457247034117,123595,1520,1,"1"
2005.6388576180304,123577,1538,1,"1"
2011.0678537675803,123559,1556,1,"1"
2023.3781821073894,123505,1610,3,"2-1"
2024.8369739794377,123496,1619,1,"1"
2030.2215876724485,123491,1624,1,"1"
2040.6174438724497,123486,1629,1,"1"
2045.2314551016657,123481,1634,1,"1"
2046.6397080322249,123472,1643,1,"1"
2057.5632653848434,123454,1661,1,"1"
2057.8113803134147,123436,1679,1,"1"
2070.3855891381622,123418,1697,1,"1"
2086.9606509962878,123411,1704,1,"1"
2090.1245236257464,123393,1722,1,"1"
2100.0903939732739,123375,1740,1,"1"
2132.8652413079967,123370,1745,1,"1"
2144.3858442313644,123356,1759,2,"1-1"
2145.2244497015699,123338,1777,1,"1"
2162.2733160481084,123320,1795,1,"1"
2163.2361343466232,123313,1802,1,"1"
2163.4788081200822,123295,1820,1,"1"
2171.6381839704927,123272,1843,5,"2-2-1"
2183.2949545265324,123258,1857,2,"2"
2186.424637756993,123255,1860,1,"1"
2199.6629650149575,123237,1878,1,"1"
2203.9067447246994,123226,1889,1,"1"
2228.1095913940144,123198,1917,2,"1-1"
2230.405093610244,123180,1935,1,"1"
2231.4712172168101,123162,1953,1,"1"
2231.6324918029759,123144,1971,1,"1"
2238.1001425116233,123126,1989,1,"1"
2244.8142363961861,123123,1992,1,"1"
2249.9400819799293,123105,2010,1,"1"
2261.9340441660738,123093,2022,1,"1"
2264.6770256632644,123075,2040,1,"1"
2280.5082313706662,123060,2055,3,"2-1"
2321.7261004560032,123024,2091,2,"1-1"
2321.9830256703885,123006,2109,1,"1"
2324.0343205163435,122988,2127,1,"1"
2334.0731428693875,122983,2132,1,"1"
2336.2863317962051,122965,2150,1,"1"
2336.4477832096677,122955,2160,1,"1"
2338.9570475787964,122937,2178,1,"1"
2341.2754734325172,122907,2208,6,"2-2-1-1"
2369.1819692074037,122889,2226,1,"1"
2370.5610871403719,122883,2232,2,"2"
2389.1958646125095,122878,2237,1,"1"
2397.7420330411637,122868,2247,1,"1"
2404.1728011891569,122850,2265,1,"1"
2410.8715803275727,122832,2283,1,"1"
2413.425673105075,122814,2301,1,"1"
2416.4998813744314,122796,2319,1,"1"
2420.1107445028642,122791,2324,1,"1"
2420.8413367777412,122742,2373,4,"4"
2431.6775040837651,122737,2378,1,"1"
2442.6398917778433,122719,2396,1,"1"
2444.7382253073383,122701,2414,1,"1"
2456.1064083965794,122683,2432,1,"1"
2462.1736572540158,122665,2450,1,"1"
2464.0457631607733,122655,2460,1,"1"
2465.8073869445916,122648,2467,1,"1"
2468.2564986979378,122630,2485,1,"1"
2478.5718676373708,122618,2497,1,"1"
2481.6279179425946,122582,2533,2,"1-1"
2482.9048889100404,122546,2569,2,"1-1"
2497.3958305482311,122541,2574,1,"1"
2509.6796710914527,122523,2592,1,"1"
2511.7361600516474,122487,2628,2,"1-1"
2517.0638172517624,122469,2646,1,"1"
2517.8802177971661,122433,2682,2,"2"
2524.8027305360743,122415,2700,1,"1"
2528.3497008466725,122397,2718,1,"1"
2538.7481528194312,122373,2742,2,"1-1"
2550.4567409149563,122355,2760,1,"1"
2550.6997677574332,122337,2778,1,"1"
2582.056935872421,122319,2796,1,"1"
2587.294445383654,122301,2814,1,"1"
2593.6297859611623,122283,2832,1,"1"
2602.0900076648836,122265,2850,1,"1"
2620.1303401328637,122247,2868,1,"1"
2626.9494100468942,122235,2880,1,"1"
2627.6551047815774,122217,2898,1,"1"
2631.595287722756,122199,2916,1,"1"
2634.9771869349916,122182,2933,1,"1"
2644.8833453437019,122164,2951,1,"1"
2645.6435638585745,122154,2961,2,"2"
2645.6843931758417,122149,2966,1,"1"
2658.1039614672563,122127,2988,2,"1-1"
2659.3679773373119,122109,3006,1,"1"
2664.7798078411097,122099,3016,1,"1"
2671.4007164520958,122079,3036,2,"2"
2671.5224150464319,122061,3054,1,"1"
2676.6066771942915,122043,3072,1,"1"
2695.19484390867,122025,3090,1,"1"
2701.9514164779434,122015,3100,2,"2"
2719.5081378735536,121997,3118,1,"1"
2719.7242550125793,121943,3172,3,"2-1"
2733.2042440497598,121925,3190,1,"1"
2741.8641110493077,121920,3195,1,"1"
2755.1615579899621,121902,3213,1,"1"
2755.9181737844474,121878,3237,2,"1-1"
2756.2725454246092,121868,3247,2,"2"
2764.7514224603779,121850,3265,2,"2"
2777.1771029925417,121832,3283,1,"1"
2784.8536160952999,121764,3351,5,"2-1-1-1"
2787.0859519095593,121750,3365,2,"2"
2789.5940585934877,121732,3383,1,"1"
2797.1770604831236,121714,3401,1,"1"
2803.6993945688341,121696,3419,1,"1"
2804.8091205688429,121678,3437,1,"1"
2811.6289308274399,121660,3455,1,"1"
2832.4004407165512,121631,3484,5,"5"
2844.0129417891831,121621,3494,1,"1"
2851.9614717127074,121611,3504,1,"1"
2862.0680022473889,121606,3509,1,"1"
2876.9421799951342,121592,3523,1,"1"
2878.5670208802167,121574,3541,1,"1"
2881.3214747050051,121489,3626,6,"5-1"
2881.4723755662617,121471,3644,1,"1"
2885.3192984982134,121425,3690,5,"3-1-1"
2894.6341113331782,121407,3708,1,"1"
2895.6001086076471,121371,3744,2,"1-1"
2896.8520087507723,121366,3749,1,"1"
2900.8649396251753,121348,3767,1,"1"
2907.8619917720798,121330,3785,1,"1"
2909.6143383564522,121312,3803,1,"1"
2910.2560241601464,121276,3839,2,"2"
2910.6580495040566,121222,3893,5,"2-2-1"
2915.061204806726,121208,3907,1,"1"
2923.1937418800408,121196,3919,1,"1"
2923.5374641464109,121183,3932,1,"1"
2931.3287530393418,121165,3950,1,"1"
2943.4834140955913,121147,3968,1,"1"
2955.9946985873075,121129,3986,1,"1"
2963.0631652608135,121111,4004,1,"1"
2968.970685997826,121093,4022,1,"1"
2982.4569033212711,121075,4040,1,"1"
2982.6937844931895,121057,4058,1,"1"
2983.4149364511154,121003,4112,3,"2-1"
2986.3344765830375,120985,4130,1,"1"
2987.4582415500813,120949,4166,2,"2"
2998.5582640137559,120913,4202,2,"1-1"
3001.8702348887637,120895,4220,1,"1"
3008.0210928371234,120881,4234,2,"2"
3010.1322374834263,120871,4244,1,"1"
3013.6714247523773,120835,4280,2,"1-1"
3020.8301495682508,120799,4316,2,"1-1"
3034.9593955943187,120794,4321,1,"1"
3039.6026559555576,120776,4339,1,"1"
3042.5242521053015,120758,4357,1,"1"
3045.1275711665171,120740,4375,1,"1"
3049.1384462012848,120726,4389,2,"1-1"
3059.926913600269,120719,4396,1,"1"
3061.9143296560123,120710,4405,1,"1"
3077.189644345297,120693,4422,1,"1"
3087.8662413436159,120683,4432,2,"2"
3088.5894003655408,120673,4442,1,"1"
3095.0303800387082,120655,4460,1,"1"
3099.4618695110289,120614,4501,5,"4-1"
3102.0315088709162,120596,4519,1,"1"
3118.5768757617279,120586,4529,1,"1"
3127.8797421508002,120550,4565,2,"2"
3140.27267144807,120540,4575,1,"1"
3145.2271015847377,120504,4611,2,"2"
3147.1620243092248,120482,4633,2,"2"
3152.0656990378352,120464,4651,1,"1"
3160.0167992459114,120446,4669,1,"1"
3160.208852043696,120441,4674,1,"1"
3164.9204220290544,120395,4720,4,"2-1-1"
3173.1413015169119,120317,4798,10,"5-4-1"
3181.1674771918019,120282,4833,3,"3"
3184.1261231358635,120264,4851,1,"1"
3194.2283286932975,120246,4869,1,"1"
3198.5249589188388,120214,4901,3,"1-1-1"
3200.1854818606671,120196,4919,1,"1"
3200.6493037155956,120178,4937,1,"1"
3200.760412233838,120169,4946,1,"1"
3203.9585746037023,120151,4964,1,"1"
3204.8759556872342,120133,4982,1,"1"
3205.9655060894424,120109,5006,2,"1-1"
3215.8525924710752,120022,5093,8,"3-2-1-1-1"
3227.4222675226497,120007,5108,3,"2-1"
3239.5127855858614,120002,5113,1,"1"
3241.1174071495857,119997,5118,1,"1"
3247.6059544502173,119977,5138,2,"2"
3248.0647725774606,119959,5156,1,"1"
3250.88119307242,119923,5192,2,"1-1"
3260.5613369376233,119905,5210,1,"1"
3260.9755955457808,119887,5228,1,"1"
3263.9218938654249,119878,5237,1,"1"
3281.7607681581112,119860,5255,2,"2"
3281.8434979999724,119842,5273,1,"1"
3282.5318965043243,119824,5291,1,"1"
3293.7719857684597,119806,5309,1,"1"
3318.9884426866365,119787,5328,3,"2-1"
3320.3895848822499,119773,5342,2,"1-1"
3326.2431229532085,119755,5360,1,"1"
3329.053426476627,119746,5369,1,"1"
3340.4769962407645,119684,5431,4,"2-1-1"
3341.4059273722623,119679,5436,1,"1"
3348.1917996037464,119661,5454,1,"1"
3357.8881788613135,119643,5472,1,"1"
3360.9187530039899,119535,5580,6,"6"
3362.522043302713,119517,5598,1,"1"
3362.9183116346658,119497,5618,2,"2"
3364.7941162042998,119479,5636,1,"1"
3368.7886307594858,119448,5667,2,"1-1"
3369.8786796431955,119230,5885,13,"10-1-1-1"
3376.7161225999062,119158,5957,5,"3-1-1"
3399.7550413935169,119140,5975,1,"1"
3400.6547084500612,119135,5980,1,"1"
3415.8831664226204,119130,5985,1,"1"
3416.5179428686652,119112,6003,1,"1"
3422.115753591409,119058,6057,3,"1-1-1"
3425.9116785404103,119040,6075,1,"1"
3427.2932023913554,119028,6087,1,"1"
3430.6162370719198,119018,6097,1,"1"
3432.9381878004619,119005,6110,1,"1"
3434.4503982848296,118987,6128,1,"1"
3440.200424315783,118969,6146,1,"1"
3440.5220548714583,118951,6164,1,"1"
3448.0183172658749,118933,6182,1,"1"
3462.2899369366842,118915,6200,1,"1"
3469.0909265498244,118897,6218,1,"1"
3470.2897825993073,118883,6232,1,"1"
3479.2814392569098,118865,6250,1,"1"
3479.6483034929652,118829,6286,2,"2"
3493.5405438340736,118819,6296,1,"1"
3503.2069186854724,118801,6314,1,"1"
3504.4323245841319,118779,6336,2,"2"
3508.5526949759051,118761,6354,1,"1"
3516.3079704749834,118707,6408,3,"3"
3526.5430980952965,118689,6426,1,"1"
3527.9743383448322,118663,6452,2,"2"
3528.7135600083229,118645,6470,1,"1"
3535.2190695079576,118627,6488,1,"1"
3539.5677230682686,118617,6498,1,"1"
3548.9421238259665,118599,6516,1,"1"
3548.9718933809713,118581,6534,1,"1"
3550.3707569832977,118545,6570,2,"2"
3554.6343346652438,118517,6598,4,"2-1-1"
3565.3336754988736,118499,6616,1,"1"
3569.557226329835,118481,6634,1,"1"
3570.4336331498603,118461,6654,2,"1-1"
3576.5968742130412,118425,6690,2,"2"
3578.2542408918503,118416,6699,1,"1"
3581.2889729847352,118406,6709,1,"1"
3581.8581508958123,118388,6727,1,"1"
3583.6404759778789,118370,6745,1,"1"
3592.0816936103424,118334,6781,2,"1-1"
3597.7940340621099,118320,6795,2,"2"
3601.9992616003569,118302,6813,1,"1"
3615.1728138073627,118290,6825,1,"1"
3617.4934143089054,118158,6957,14,"6-2-2-1-1-1-1"
3619.4776015019866,118140,6975,1,"1"
3623.2889201103367,117896,7219,28,"5-4-3-2-2-2-2-1-1-1-1-1-1-1-1"
3625.6302740279034,117887,7228,1,"1"
3628.8670693528579,117869,7246,1,"1"
3629.9701091573147,117851,7264,1,"1"
3633.3486258389726,117841,7274,1,"1"
3642.2307605053893,117823,7292,1,"1"
3670.7238469454737,117765,7350,6,"2-2-1-1"
3679.2296545488562,117731,7384,3,"3"
3690.2130296977816,117695,7420,2,"2"
3694.1409684315704,117677,7438,1,"1"
3696.9874786843484,117659,7456,1,"1"
3703.7016246074495,117641,7474,1,"1"
3710.4611397822287,117623,7492,1,"1"
3720.4437186938394,117599,7516,2,"2"
3723.5701635258611,117581,7534,1,"1"
3736.8963261308959,117555,7560,2,"1-1"
3737.3052376556097,117537,7578,1,"1"
3738.7278540908223,117519,7596,1,"1"
3739.4882721282643,117501,7614,1,"1"
3742.2528516951866,117483,7632,1,"1"
3744.795559408939,117465,7650,1,"1"
3751.5344232225307,117452,7663,1,"1"
3757.6987663092264,117434,7681,1,"1"
3769.6433834033573,117421,7694,1,"1"
3772.2839969729707,117405,7710,1,"1"
3772.5133196000479,117372,7743,3,"2-1"
3790.2853221439627,117354,7761,1,"1"
3814.0152518273503,117314,7801,4,"2-1-1"
3817.9118846655028,117305,7810,1,"1"
3822.4860475344522,117287,7828,1,"1"
3822.7895187133863,117277,7838,1,"1"
3831.2452049453555,117173,7942,6,"6"
3838.2566299540895,117141,7974,2,"2"
3856.354368366482,117105,8010,2,"2"
3860.7180623723693,117087,8028,1,"1"
3865.0015575422744,117019,8096,4,"2-2"
3872.8300113658788,117001,8114,1,"1"
3877.5194873527666,116983,8132,1,"1"
3885.7627899832632,116875,8240,6,"6"
3887.5619346320768,116827,8288,4,"2-2"
3891.769201608925,116776,8339,5,"2-1-1-1"
3892.615219961584,116758,8357,1,"1"
3894.3883582633089,116740,8375,1,"1"
3896.7616632613122,116722,8393,1,"1"
3899.0839189549501,116668,8447,3,"3"
3909.1843822094393,116658,8457,1,"1"
3909.6100443470009,116653,8462,1,"1"
3913.6663024511208,116635,8480,1,"1"
3922.5610787327178,116617,8498,1,"1"
3924.7851479122046,116599,8516,1,"1"
3947.7647013210271,116581,8534,1,"1"
3951.0793761284694,116563,8552,1,"1"
3963.2039527768602,115131,9984,85,"24-21-20-4-4-1-1-1-1-1-1-1-1-1-1-1-1"
3966.1879664699518,115113,10002,1,"1"
3967.0547332979054,115095,10020,1,"1"
3995.1654705317228,115077,10038,1,"1"
3996.6115867113795,115024,10091,3,"1-1-1"
3998.099411389454,115006,10109,1,"1"
4002.7791960689542,114996,10119,1,"1"
4011.143569770049,114978,10137,1,"1"
4012.8953576011231,114960,10155,1,"1"
4014.6709533690005,114942,10173,1,"1"
4029.3188186376924,114912,10203,2,"2"
4036.7350398010012,114894,10221,1,"1"
4038.1724807316768,114882,10233,1,"1"
4045.1174531113775,114782,10333,8,"3-2-1-1-1"
4048.6579538422693,114762,10353,2,"2"
4051.8362750954411,114744,10371,1,"1"
4052.4047377358902,114708,10407,2,"1-1"
4052.8928323098517,114672,10443,2,"2"
4054.6004175187309,114626,10489,4,"3-1"
4059.4337245094298,114615,10500,1,"1"
4065.7458540781495,114549,10566,5,"2-1-1-1"
4068.2376065343192,114531,10584,1,"1"
4083.4552717735501,114499,10616,2,"1-1"
4103.7834378762846,114485,10630,1,"1"
4104.8811565553478,114421,10694,5,"3-1-1"
4106.5801258437987,114391,10724,2,"1-1"
4120.4927249156326,114373,10742,1,"1"
4120.6924945329729,114355,10760,1,"1"
4134.6062661147662,114337,10778,1,"1"
4136.4667152475731,114324,10791,1,"1"
4140.3415274436165,114306,10809,1,"1"
4142.9764517252706,114270,10845,2,"1-1"
4147.0375966190122,114208,10907,5,"2-2-1"
4152.0769397527611,114190,10925,1,"1"
4164.5129393089792,114172,10943,1,"1"
4173.1320346628245,114154,10961,1,"1"
4182.0589269431093,0,125115,6444,"6444"
----------------------------------------------7
0,125115,0,0,"0"
127.85083424736163,125114,1,1,"1"
146.32204906163511,125113,2,1,"1"
146.97984406930004,125112,3,1,"1"
152.19338007876809,125111,4,1,"1"
190.59985630248462,125110,5,1,"1"
192.97958160546369,125092,23,1,"1"
215.52322265910462,125091,24,1,"1"
281.03059532370918,125088,27,1,"1"
294.69675299060913,125083,32,1,"1"
300.27636610392318,125080,35,1,"1"
317.03318533276979,125079,36,1,"1"
325.24758338414472,125077,38,2,"2"
362.09747329933515,125076,39,1,"1"
430.24689783298106,125075,40,1,"1"
433.44902076371881,125074,41,1,"1"
436.87292625317559,125069,46,1,"1"
447.92392936332817,125059,56,2,"2"
463.73174953224247,125058,57,1,"1"
488.98923159280042,125057,58,1,"1"
500.02298230715456,125056,59,1,"1"
501.12041951014464,125055,60,1,"1"
506.1038904369633,125054,61,1,"1"
518.09632606413459,125053,62,1,"1"
529.05502865109747,125035,80,1,"1"
531.54374902602888,125017,98,1,"1"
539.09476539455829,125016,99,1,"1"
547.60492628280861,125015,100,1,"1"
552.22093504368365,125003,112,1,"1"
555.06710733676482,125002,113,1,"1"
569.31422452407298,125001,114,1,"1"
577.18245881032885,125000,115,1,"1"
584.40012417523212,124999,116,1,"1"
604.00519585920131,124998,117,1,"1"
606.53003343712817,124995,120,1,"1"
607.82292976611768,124992,123,3,"1-1-1"
619.22580824192585,124991,124,1,"1"
622.67729603182192,124984,131,1,"1"
641.2772707457209,124975,140,1,"1"
658.16067931085547,124957,158,1,"1"
662.85765912795989,124956,159,1,"1"
681.20258052062536,124938,177,1,"1"
693.61890966774013,124937,178,1,"1"
694.24709210259994,124919,196,1,"1"
698.32612219175292,124912,203,3,"2-1"
700.85068527457565,124910,205,2,"2"
701.19522092439968,124909,206,1,"1"
716.67185757356515,124900,215,1,"1"
728.60445003105133,124898,217,2,"2"
730.42288268778714,124895,220,1,"1"
735.99276392380943,124892,223,1,"1"
755.06582907892425,124891,224,1,"1"
755.7183989784985,124890,225,1,"1"
761.63206922886798,124879,236,1,"1"
761.71788747223468,124877,238,2,"1-1"
764.73561413194261,124876,239,1,"1"
770.28067632981936,124875,240,1,"1"
795.76559761786586,124865,250,1,"1"
797.61550052527969,124864,251,1,"1"
805.93230928098092,124863,252,1,"1"
811.57343544474304,124860,255,1,"1"
818.23715578006954,124842,273,1,"1"
822.93161580657579,124841,274,1,"1"
832.74749602423458,124836,279,1,"1"
836.40291925200643,124818,297,1,"1"
859.64299067214074,124817,298,1,"1"
863.65815461246041,124807,308,1,"1"
872.94578743734462,124797,318,1,"1"
872.97721252963242,124796,319,1,"1"
874.65755762687115,124724,391,11,"8-1-1-1"
878.64100946036649,124706,409,1,"1"
895.71485800922187,124688,427,1,"1"
900.91370360776921,124670,445,1,"1"
915.19074845779801,124668,447,2,"2"
918.81370310076488,124665,450,1,"1"
920.39073259866984,124647,468,1,"1"
929.376002523343,124629,486,1,"1"
942.11841532076107,124628,487,1,"1"
943.55845785228723,124626,489,2,"2"
944.98007519736313,124625,490,1,"1"
968.76901646526801,124624,491,1,"1"
972.82867682560948,124614,501,1,"1"
986.49240882148536,124613,502,1,"1"
986.91826336675638,124351,764,18,"18"
991.15858124733677,124333,782,1,"1"
992.20807217767924,124332,783,1,"1"
1012.6310767478002,124329,786,3,"3"
1021.1802893230421,124311,804,1,"1"
1028.4585360888593,124310,805,1,"1"
1030.4419782025575,124308,807,2,"1-1"
1043.7200059082909,124306,809,2,"1-1"
1046.5695067523939,124305,810,1,"1"
1049.3742391136893,124300,815,1,"1"
1052.8973929108511,124299,816,1,"1"
1072.4302258057112,124296,819,1,"1"
1073.0021942120782,124295,820,1,"1"
1074.2819795212431,124293,822,2,"2"
1074.4267222646215,124292,823,1,"1"
1088.0001695857491,124290,825,2,"2"
1089.0661648462396,124289,826,1,"1"
1092.0947076007078,124287,828,2,"2"
1098.6643002890626,124273,842,1,"1"
1133.2776762224239,124201,914,4,"3-1"
1141.7661323406176,124183,932,1,"1"
1144.138758076291,124165,950,1,"1"
1145.2958630249689,124164,951,1,"1"
1149.7719105601163,124163,952,1,"1"
1158.7071360817729,124161,954,2,"2"
1161.6357986453093,124156,959,1,"1"
1164.3415956307815,124155,960,1,"1"
1179.682545028317,124137,978,1,"1"
1182.835182688847,124119,996,1,"1"
1212.9261796584283,124114,1001,1,"1"
1227.6274193645802,124096,1019,1,"1"
1247.7927262960145,124078,1037,2,"2"
1251.1768880657703,124060,1055,1,"1"
1262.9528544621003,124057,1058,1,"1"
1266.3655599383349,124047,1068,1,"1"
1278.4140276455321,124042,1073,1,"1"
1285.4576782091176,124036,1079,2,"2"
1305.9153857349086,124016,1099,2,"2"
1317.751801484306,124015,1100,1,"1"
1317.9864965980785,123997,1118,1,"1"
1319.7092859244051,123979,1136,1,"1"
1321.0513199715058,123961,1154,1,"1"
1327.7240778236758,123943,1172,1,"1"
1328.5517441125651,123940,1175,1,"1"
1331.7255377564943,123939,1176,1,"1"
1341.983908697458,123921,1194,1,"1"
1350.3575991879054,123902,1213,3,"2-1"
1350.8287935767785,123899,1216,3,"3"
1355.6167998948076,123885,1230,1,"1"
1361.4728927619115,123867,1248,1,"1"
1368.0007600748334,123864,1251,1,"1"
1381.7636855438227,123854,1261,2,"2"
1384.1394016301772,123836,1279,1,"1"
1384.4302755688527,123835,1280,1,"1"
1389.4871175601215,123817,1298,1,"1"
1394.6430742273383,123763,1352,3,"3"
1402.8952586378246,123756,1359,1,"1"
1434.6249364687103,123755,1360,1,"1"
1442.6786674641962,123719,1396,2,"2"
1446.2516417244644,123706,1409,1,"1"
1453.8976251722243,123696,1419,1,"1"
1461.6200085403352,123691,1424,1,"1"
1465.7396505028059,123690,1425,1,"1"
1482.1294359443707,123689,1426,1,"1"
1484.292253776197,123683,1432,2,"1-1"
1486.247245639589,123678,1437,1,"1"
1488.1273540573288,123661,1454,1,"1"
1509.1431862224599,123656,1459,1,"1"
1531.0096523748718,123655,1460,1,"1"
1534.5651669469805,123650,1465,1,"1"
1537.7458391497589,123632,1483,1,"1"
1542.7159968883936,123614,1501,1,"1"
1545.8315843982075,123585,1530,3,"3"
1547.8253122171941,123580,1535,1,"1"
1550.2382552571662,123579,1536,1,"1"
1551.3386670224672,123576,1539,1,"1"
1559.9870338196488,123559,1556,1,"1"
1565.4348809986113,123541,1574,1,"1"
1568.9973400861297,123523,1592,1,"1"
1581.7209532739894,123518,1597,1,"1"
1593.167508679152,123500,1615,1,"1"
1609.4632488075545,123497,1618,1,"1"
1609.8318942202766,123479,1636,1,"1"
1618.6441133551084,123458,1657,3,"3"
1618.959053847107,123440,1675,1,"1"
1619.7435306608274,123422,1693,1,"1"
1620.9757981913233,123421,1694,1,"1"
1642.6263345992313,123403,1712,1,"1"
1658.4665040720861,123391,1724,1,"1"
1670.3317087008284,123373,1742,1,"1"
1679.0581746484918,123361,1754,1,"1"
1698.8789662055428,123343,1772,1,"1"
1700.8647400664097,123325,1790,1,"1"
1708.7510087503538,123307,1808,1,"1"
1709.8944415554677,123287,1828,4,"1-1-1-1"
1716.0481242701501,123269,1846,1,"1"
1734.3853739372471,123263,1852,2,"2"
1734.8308279511473,123258,1857,1,"1"
1751.0145810413162,123240,1875,1,"1"
1756.2022470629965,123222,1893,1,"1"
1759.1359038878402,123215,1900,1,"1"
1765.1118362368832,123197,1918,1,"1"
1774.8121748770814,123183,1932,2,"1-1"
1775.0409157100569,123174,1941,1,"1"
1797.964483708756,123169,1946,1,"1"
1806.7714949337474,123159,1956,2,"1-1"
1822.5586559749524,123141,1974,1,"1"
1836.6644165128123,123123,1992,1,"1"
1860.2207909767844,123105,2010,1,"1"
1867.3812217743712,123091,2024,1,"1"
1894.9750274975613,123090,2025,1,"1"
1899.8959707747174,123087,2028,1,"1"
1909.5658123272931,122997,2118,5,"5"
1917.0319552307858,122979,2136,1,"1"
1926.1638959633124,122961,2154,1,"1"
1932.4557933779349,122941,2174,4,"3-1"
1949.5224860062463,122923,2192,1,"1"
1951.6409238496149,122913,2202,1,"1"
1956.4848854751697,122895,2220,1,"1"
1970.9956446722997,122888,2227,1,"1"
1972.6110821548459,122870,2245,1,"1"
1979.2417889945264,122863,2252,1,"1"
1986.2202231421325,122851,2264,1,"1"
1997.4440378209117,122834,2281,3,"3"
2003.8872467386539,122816,2299,1,"1"
2011.345785965543,122798,2317,2,"2"
2015.5076558736341,122784,2331,1,"1"
2026.2249556742233,122779,2336,1,"1"
2034.3562023165787,122761,2354,1,"1"
2065.5914663507774,122743,2372,1,"1"
2072.2161308497189,122734,2381,1,"1"
2079.4324943129504,122729,2386,1,"1"
2092.6729345123936,122711,2404,1,"1"
2095.6202140822452,122693,2422,1,"1"
2096.2818078036257,122675,2440,2,"1-1"
2109.3466703541312,122653,2462,2,"2"
2115.5199838066342,122643,2472,1,"1"
2119.3606586874553,122627,2488,1,"1"
2131.6386257473114,122609,2506,1,"1"
2135.3761409377257,122591,2524,1,"1"
2137.5716245305421,122586,2529,1,"1"
2141.3399232387055,122550,2565,2,"2"
2162.9940115179829,122505,2610,4,"2-1-1"
2170.5425315418847,122487,2628,1,"1"
2171.8333438031636,122467,2648,2,"1-1"
2203.6233831772797,122449,2666,2,"1-1"
2214.5579492033876,122443,2672,2,"2"
2223.6007726043877,122438,2677,1,"1"
2232.3457093237039,122420,2695,1,"1"
2238.3573839364572,122415,2700,1,"1"
2249.3958189799373,122397,2718,1,"1"
2253.7391214098925,122361,2754,2,"1-1"
2253.8634862071526,122351,2764,1,"1"
2256.2823547495418,122323,2792,2,"1-1"
2267.3714941244239,122305,2810,1,"1"
2283.6500556086289,122287,2828,1,"1"
2287.5261376467624,122269,2846,1,"1"
2306.2385685704435,122259,2856,1,"1"
2319.6036515968121,122241,2874,1,"1"
2323.7486724214396,122231,2884,1,"1"
2325.2483417832163,122213,2902,1,"1"
2329.6032685370851,122195,2920,1,"1"
2331.1281299753396,122177,2938,1,"1"
2332.9459290759737,122159,2956,1,"1"
2335.2745197296463,122141,2974,1,"1"
2343.1169238067037,122123,2992,1,"1"
2347.8717700332668,122105,3010,1,"1"
2352.3352092599048,122095,3020,1,"1"
2369.2508143429714,122059,3056,2,"1-1"
2370.6717607490805,122041,3074,1,"1"
2372.6164381126086,122033,3082,2,"1-1"
2373.0374381127899,122015,3100,1,"1"
2398.6864132922351,121997,3118,1,"1"
2407.2185222468825,121979,3136,1,"1"
2410.5232923439012,121976,3139,1,"1"
2458.0759965987991,121958,3157,1,"1"
2461.1921356197231,121940,3175,1,"1"
2467.0014453226927,121926,3189,1,"1"
2469.3152527863035,121881,3234,5,"4-1"
2469.5749709739725,121854,3261,5,"2-2-1"
2469.8581722123331,121810,3305,4,"2-2"
2478.510373223739,121792,3323,1,"1"
2487.1321896964341,121787,3328,1,"1"
2494.0154247436717,121769,3346,1,"1"
2513.7677866124354,121751,3364,1,"1"
2520.0893502297527,121744,3371,1,"1"
2537.1520101744809,121726,3389,1,"1"
2545.1747934995251,121721,3394,1,"1"
2552.269004829112,121703,3412,1,"1"
2567.3543164458447,121685,3430,1,"1"
2570.6979566826381,121667,3448,1,"1"
2571.1844137209014,121662,3453,1,"1"
2586.6469888141419,121644,3471,1,"1"
2588.7628567135348,121626,3489,1,"1"
2590.2001173711878,121607,3508,3,"2-1"
2600.8254555900712,121585,3530,2,"2"
2601.733096126191,121582,3533,1,"1"
2605.747120489641,121579,3536,1,"1"
2608.4469032624829,121570,3545,1,"1"
2625.3052941706874,121552,3563,1,"1"
2627.2172653223492,121534,3581,1,"1"
2633.3705170915064,121514,3601,2,"1-1"
2636.2089869950173,121504,3611,2,"1-1"
2639.7712959771907,121486,3629,1,"1"
2642.4252437928221,121483,3632,1,"1"
2645.3779220069218,121478,3637,1,"1"
2663.0632010105433,121460,3655,1,"1"
2664.4388172485383,121442,3673,1,"1"
2671.4299783657193,121433,3682,1,"1"
2679.5867428610591,121418,3697,1,"1"
2681.6004997634545,121409,3706,1,"1"
2690.1305232975196,121370,3745,5,"2-2-1"
2694.5059668613053,121365,3750,1,"1"
2703.574397978633,121347,3768,1,"1"
2707.3204616711273,121342,3773,1,"1"
2709.2102633170934,121324,3791,1,"1"
2725.4584190261266,121315,3800,1,"1"
2731.1831494510566,121297,3818,1,"1"
2739.0526261533296,121294,3821,1,"1"
2743.905919474862,121276,3839,1,"1"
2752.0483068062285,121258,3857,1,"1"
2753.1834280978883,121222,3893,2,"2"
2753.4834235773733,121204,3911,1,"1"
2758.0168869896174,121186,3929,1,"1"
2783.0591684168885,121168,3947,1,"1"
2790.9320011668037,121132,3983,2,"1-1"
2791.9300413683832,121114,4001,1,"1"
2794.8001208962096,121060,4055,3,"2-1"
2798.2971933732488,121042,4073,1,"1"
2801.0893973611892,121025,4090,1,"1"
2807.763028543186,121011,4104,2,"2"
2815.8774558854543,120993,4122,1,"1"
2818.3884406724869,120975,4140,1,"1"
2829.8936065978287,120957,4158,1,"1"
2839.0563451775015,120939,4176,1,"1"
2842.6068395290768,120735,4380,13,"8-3-1-1"
2844.6595657233629,120717,4398,1,"1"
2849.6095567753969,120655,4460,7,"5-1-1"
2868.2045523578358,120637,4478,1,"1"
2879.6085883758115,120619,4496,1,"1"
2900.24842950111,120583,4532,2,"2"
2906.6041056801682,120565,4550,1,"1"
2911.6906331824302,120547,4568,1,"1"
2925.7655498471559,120520,4595,2,"2"
2934.5577793734383,120474,4641,3,"2-1"
2934.8275611619674,120461,4654,1,"1"
2936.8163936881911,120451,4664,1,"1"
2942.5385577750617,120446,4669,1,"1"
2943.6233392192316,120409,4706,5,"3-1-1"
2947.4621913423839,120383,4732,2,"2"
2969.9307791519627,120378,4737,1,"1"
2973.7376401771235,120360,4755,1,"1"
2982.1056154736143,120351,4764,1,"1"
2999.6800208087502,120333,4782,1,"1"
3005.8274734227775,120313,4802,2,"2"
3017.6224108765814,120308,4807,1,"1"
3025.9017747779458,120292,4823,1,"1"
3026.0846777027,120282,4833,1,"1"
3042.6436896712976,120264,4851,1,"1"
3047.3242315851207,120246,4869,1,"1"
3047.5496991975897,120228,4887,1,"1"
3054.3537538921755,120223,4892,1,"1"
3054.6178807427318,120175,4940,6,"2-1-1-1-1"
3061.0533112766998,120157,4958,1,"1"
3064.8761687980123,120139,4976,1,"1"
3071.6347032292083,120104,5011,2,"1-1"
3073.2593350785633,120090,5025,1,"1"
3082.8144855228547,120072,5043,1,"1"
3087.6773533819814,120054,5061,1,"1"
3092.9537613894081,120036,5079,1,"1"
3099.0320521385174,120018,5097,1,"1"
3101.3256513216138,120008,5107,1,"1"
3120.4286414761827,119990,5125,1,"1"
3141.3404050331201,119985,5130,1,"1"
3142.0131831236918,119971,5144,1,"1"
3145.3861035528566,119953,5162,1,"1"
3147.075015380678,119885,5230,4,"3-1"
3149.8661018508897,119874,5241,1,"1"
3150.0174086581906,119865,5250,1,"1"
3162.7103574476619,119847,5268,1,"1"
3171.8070730348531,119842,5273,1,"1"
3186.0757881247564,119824,5291,1,"1"
3198.4629978238368,119760,5355,4,"3-1"
3208.5938677713289,119742,5373,1,"1"
3215.8943836307012,119724,5391,1,"1"
3216.1885166570992,119706,5409,1,"1"
3217.4564769619838,119696,5419,1,"1"
3223.3325372941422,119656,5459,3,"3"
3225.9124389235803,119643,5472,1,"1"
3237.1135213196171,119625,5490,1,"1"
3237.5926237569283,119611,5504,1,"1"
3238.0196211334896,119593,5522,1,"1"
3241.9940865752342,119575,5540,1,"1"
3248.9905668745546,119557,5558,1,"1"
3252.06378841472,119539,5576,1,"1"
3255.2895086487729,119521,5594,1,"1"
3256.4359078414973,119503,5612,1,"1"
3270.4321966360621,119485,5630,1,"1"
3288.6776107343112,119449,5666,2,"2"
3289.7524325183726,119439,5676,1,"1"
3290.4194177126883,119429,5686,1,"1"
3299.5573594905759,119419,5696,2,"2"
3303.3180252910288,119365,5750,3,"3"
3304.8545005513156,119347,5768,1,"1"
3313.4901766520297,119313,5802,2,"2"
3317.3108477290211,119278,5837,3,"2-1"
3324.7805008550094,119260,5855,1,"1"
3325.2428733198208,119250,5865,1,"1"
3327.6887488088005,119232,5883,1,"1"
3328.4624897012213,119196,5919,2,"1-1"
3329.4573743452515,119186,5929,1,"1"
3333.0955965329194,119168,5947,1,"1"
3340.3969199007183,119028,6087,15,"6-3-3-1-1-1"
3345.3378875954345,119004,6111,2,"1-1"
3361.8328121022096,118986,6129,1,"1"
3363.1545561488251,118958,6157,2,"2"
3370.6388780714929,118940,6175,1,"1"
3374.8604717546455,118922,6193,1,"1"
3384.519204684852,118895,6220,3,"3"
3398.2953575541292,118874,6241,3,"2-1"
3403.6082747020414,118856,6259,1,"1"
3406.6369011787665,118690,6425,20,"8-3-3-2-2-1-1"
3408.0777284871119,118654,6461,2,"2"
3412.8535967391067,118636,6479,1,"1"
3414.4403590014981,118624,6491,1,"1"
3417.2435874318162,118555,6560,7,"3-1-1-1-1"
3423.9034388419868,118537,6578,1,"1"
3425.4881733686216,118532,6583,1,"1"
3426.2072213809552,118514,6601,1,"1"
3431.0618997346737,118496,6619,1,"1"
3433.4631327112229,118478,6637,1,"1"
3441.4481851224277,118442,6673,2,"2"
3448.2801298036084,118424,6691,1,"1"
3478.6609653841861,118243,6872,18,"5-4-3-1-1-1-1-1-1"
3483.136793737056,118225,6890,1,"1"
3483.6822399184871,118207,6908,1,"1"
3483.7841434213537,118183,6932,2,"2"
3484.3142912528192,118169,6946,1,"1"
3489.859380617771,118151,6964,1,"1"
3512.8635514821522,118133,6982,1,"1"
3518.2836712548155,118051,7064,7,"2-1-1-1-1-1"
3536.7849934586934,118033,7082,1,"1"
3540.0088643937816,118015,7100,1,"1"
3545.8087818084405,117997,7118,1,"1"
3556.6899280887874,117979,7136,1,"1"
3566.5691538211231,117969,7146,1,"1"
3576.8855553342487,117951,7164,1,"1"
3591.9365357292604,117915,7200,2,"2"
3597.7516760045783,117897,7218,1,"1"
3608.9843319713,117879,7236,1,"1"
3611.8345473026434,117849,7266,3,"2-1"
3612.1800443157281,117827,7288,2,"1-1"
3616.8839176470533,117807,7308,2,"2"
3623.3312835512352,117789,7326,1,"1"
3627.0134413971332,117771,7344,1,"1"
3630.1643064807399,117762,7353,1,"1"
3636.8580805456236,117744,7371,1,"1"
3636.879759661098,117726,7389,1,"1"
3642.7592339312014,117672,7443,3,"2-1"
3645.447495809211,117654,7461,1,"1"
3646.1449374085646,117636,7479,1,"1"
3651.6498237954038,117614,7501,2,"1-1"
3653.3945201141619,117596,7519,1,"1"
3661.255249846577,117506,7609,5,"5"
3663.9417026888327,117496,7619,1,"1"
3673.1211207997594,117485,7630,1,"1"
3685.5936445164421,117439,7676,3,"1-1-1"
3721.4473849534374,117403,7712,2,"1-1"
3735.4229536562693,117385,7730,1,"1"
3751.8813521277621,117367,7748,1,"1"
3755.5470954944558,117349,7766,1,"1"
3755.7800096775109,117339,7776,1,"1"
3767.7628457081773,117313,7802,2,"1-1"
3768.1588383875351,117281,7834,2,"2"
3770.5840572506713,117263,7852,1,"1"
3774.4737620441065,117247,7868,1,"1"
3784.1886773792639,117229,7886,1,"1"
3786.3087459099961,117211,7904,1,"1"
3789.49492573212,117191,7924,2,"2"
3795.5755654425911,117119,7996,4,"3-1"
3800.1146294068781,117101,8014,1,"1"
3810.1285212867219,117083,8032,1,"1"
3815.3126119827625,117047,8068,2,"1-1"
3826.9659921410598,117011,8104,2,"1-1"
3831.9516233557038,116993,8122,1,"1"
3835.8802553465407,116975,8140,1,"1"
3848.0207161427438,116925,8190,4,"1-1-1-1"
3853.4314476121281,116853,8262,6,"3-1-1-1"
3871.2959154391565,116844,8271,1,"1"
3879.7554874796115,116790,8325,3,"3"
3881.2629940731808,116772,8343,1,"1"
3885.5091264895186,116754,8361,1,"1"
3892.7352250993608,116714,8401,4,"2-1-1"
3893.2951553062899,116700,8415,1,"1"
3895.6659645629275,116682,8433,1,"1"
3904.5575315579608,116637,8478,3,"1-1-1"
3918.4505729271609,116405,8710,19,"5-3-2-2-1-1-1-1-1-1-1"
3924.8416545540144,116395,8720,1,"1"
3927.7824557478061,116257,8858,8,"3-2-2-1"
3932.0911341401015,116239,8876,1,"1"
3935.3304342831984,116185,8930,3,"3"
3937.5408898014507,116167,8948,1,"1"
3943.9523740603445,116158,8957,1,"1"
3957.3907051831711,116067,9048,7,"4-2-1"
3959.1926350575022,116031,9084,2,"2"
3961.8822915544388,116022,9093,1,"1"
3970.3075985641644,116010,9105,1,"1"
3970.919992191778,115997,9118,1,"1"
3970.9559397421481,115979,9136,1,"1"
3977.3024448268093,115961,9154,1,"1"
3986.3294221561569,115943,9172,1,"1"
3988.0723457191534,115907,9208,2,"2"
3988.5845840110692,115889,9226,1,"1"
4000.2276883744689,115871,9244,1,"1"
4014.2786550546598,114780,10335,85,"13-9-6-5-4-4-4-3-3-3-2-2-2-2-2-2-1-1-1-1-1-1-1-1-1-1-1-1-1-1-1-1-1-1-1"
4017.3735679474839,114762,10353,1,"1"
4017.8393286674186,114752,10363,1,"1"
4020.1575142290931,114734,10381,1,"1"
4021.2508204850424,114716,10399,1,"1"
4022.3184519270858,0,125115,6457,"6457"
----------------------------------------------8
0,125115,0,0,"0"
82.454359636773503,125097,18,1,"1"
118.93919896346104,125087,28,2,"2"
139.97284568702386,125086,29,1,"1"
193.43108488617622,125085,30,1,"1"
194.92283005383993,125072,43,1,"1"
195.56019021931596,125071,44,1,"1"
224.23323454046076,125070,45,1,"1"
257.43757279310898,125069,46,1,"1"
275.77271390534355,125068,47,1,"1"
278.72759733538692,125067,48,1,"1"
285.59616900871151,125066,49,1,"1"
307.46233553643174,125065,50,1,"1"
312.82179099698249,125064,51,1,"1"
313.07552799040462,125063,52,1,"1"
325.83498757683969,125062,53,1,"1"
352.13551659700238,125061,54,1,"1"
360.64795568940303,125060,55,1,"1"
367.77568898151867,125059,56,1,"1"
381.24053733512079,125058,57,1,"1"
384.97600805924492,125057,58,1,"1"
402.21005033769978,125039,76,1,"1"
408.1549507545177,125021,94,1,"1"
409.04868611316147,125020,95,1,"1"
428.8872839796793,125019,96,1,"1"
433.9912106844788,125018,97,1,"1"
440.44508370570327,125017,98,1,"1"
446.77854506662345,125016,99,1,"1"
466.456528539266,125015,100,1,"1"
470.38768344617023,125014,101,1,"1"
483.01325444974924,125013,102,1,"1"
496.14682958407718,124995,120,1,"1"
497.95616814873557,124994,121,1,"1"
498.23981223000658,124993,122,1,"1"
507.87229309103958,124992,123,1,"1"
515.53534532380024,124991,124,1,"1"
517.00769875627361,124990,125,1,"1"
517.08779613379977,124981,134,1,"1"
539.29848894699819,124971,144,1,"1"
562.86615857425181,124970,145,1,"1"
582.32504521807493,124969,146,1,"1"
584.9392544754013,124951,164,1,"1"
591.19722307641769,124950,165,1,"1"
593.66293398476807,124932,183,1,"1"
596.80438622738495,124931,184,1,"1"
610.11225083883039,124928,187,3,"3"
618.22340444151075,124918,197,2,"2"
619.27405655158964,124913,202,1,"1"
625.3409728039926,124903,212,1,"1"
628.26434082046512,124902,213,1,"1"
643.01837132155936,124901,214,1,"1"
663.15265758646922,124900,215,1,"1"
664.00569329459142,124899,216,1,"1"
676.28228110232976,124887,228,1,"1"
692.76624052664692,124886,229,1,"1"
693.78410149878619,124868,247,1,"1"
710.83277836377249,124832,283,2,"2"
715.78828360198622,124831,284,1,"1"
731.31811165152044,124830,285,1,"1"
750.48227967515663,124828,287,2,"2"
752.54824571124891,124810,305,1,"1"
761.09224716189749,124809,306,1,"1"
770.37530102428605,124796,319,1,"1"
779.46944545187,124791,324,1,"1"
786.96537166414134,124790,325,1,"1"
800.27550274267571,124789,326,1,"1"
814.05494997771552,124788,327,1,"1"
822.01557266749649,124786,329,2,"1-1"
822.88340647400332,124785,330,1,"1"
832.50573181350251,124767,348,1,"1"
838.21371128367377,124749,366,1,"1"
839.98521622296812,124731,384,1,"1"
865.99833726431393,124728,387,1,"1"
876.45483278286792,124727,388,1,"1"
876.93397830770164,124726,389,1,"1"
879.28384839830039,124725,390,1,"1"
906.73831545442681,124723,392,2,"2"
914.1317264823515,124705,410,1,"1"
915.33222068231964,124687,428,1,"1"
929.58386966181263,124673,442,1,"1"
929.6876324954668,124670,445,1,"1"
934.36604722099753,124652,463,1,"1"
941.61867675566452,124634,481,1,"1"
958.1487087529448,124627,488,1,"1"
960.52684971934605,124617,498,1,"1"
991.39590926695382,124616,499,1,"1"
992.88393865785008,124615,500,1,"1"
1012.3152932583453,124610,505,1,"1"
1013.0880220772308,124606,509,4,"4"
1014.694288031119,124588,527,1,"1"
1014.9732412960141,124578,537,1,"1"
1016.0580110707796,124577,538,1,"1"
1022.5442185158141,124576,539,1,"1"
1052.7130831405088,124575,540,1,"1"
1065.5257562493134,124557,558,1,"1"
1074.5846439992363,124556,559,1,"1"
1081.8069241928085,124554,561,2,"1-1"
1084.1138380711207,124553,562,1,"1"
1086.1862448739491,124537,578,1,"1"
1101.9961290031824,124519,596,1,"1"
1103.0124120836547,124501,614,1,"1"
1109.7267262165035,124495,620,6,"2-1-1-1-1"
1114.0157933404303,124477,638,1,"1"
1117.4693085697688,124476,639,1,"1"
1117.9723095813304,124475,640,1,"1"
1133.4151355186748,124474,641,1,"1"
1141.2398773492764,124473,642,1,"1"
1158.5000673676459,124455,660,1,"1"
1162.7589979291006,124452,663,1,"1"
1166.4803148186697,124445,670,1,"1"
1170.9335426532866,124427,688,1,"1"
1212.4415313985874,124413,702,1,"1"
1222.5884433798567,124412,703,1,"1"
1224.5988921155836,124394,721,1,"1"
1227.8026570970205,124391,724,1,"1"
1250.0963141430661,124381,734,1,"1"
1294.2801737588081,124371,744,1,"1"
1301.9656307064445,124353,762,1,"1"
1319.2213460807677,124335,780,1,"1"
1325.2574509762242,124323,792,1,"1"
1329.4570617676868,124322,793,1,"1"
1330.2701944553728,124304,811,1,"1"
1340.6769961383586,124303,812,1,"1"
1349.9732339883774,124292,823,3,"2-1"
1356.9201885326045,124279,836,1,"1"
1369.4196097736371,124273,842,2,"1-1"
1374.2739301512295,124256,859,1,"1"
1390.6885649030276,124238,877,1,"1"
1410.3553312461211,124236,879,2,"2"
1441.2484840730581,124231,884,1,"1"
1443.8926193527575,124230,885,1,"1"
1453.6042578106326,124229,886,1,"1"
1474.4963423514064,124219,896,1,"1"
1483.375749397381,124183,932,2,"2"
1490.1500384846483,124165,950,1,"1"
1507.3406489102815,124147,968,1,"1"
1510.3808793755595,124146,969,1,"1"
1514.0413558020377,124142,973,2,"1-1"
1522.455508156982,124139,976,1,"1"
1522.9482004155295,124136,979,1,"1"
1526.9728872655023,124118,997,1,"1"
1537.4810916919603,124116,999,2,"1-1"
1544.3949821141787,124115,1000,1,"1"
1555.8975249980663,124110,1005,1,"1"
1556.0923451619867,124092,1023,1,"1"
1557.9499143675287,124082,1033,1,"1"
1561.0857415554908,124081,1034,1,"1"
1579.827710574825,124074,1041,3,"2-1"
1581.150234266466,124065,1050,1,"1"
1581.188592913579,124064,1051,1,"1"
1584.3385615292391,124045,1070,3,"2-1"
1622.9470797486638,124027,1088,1,"1"
1625.4602777987159,124009,1106,1,"1"
1625.8846988764769,123987,1128,2,"2"
1626.0705049885337,123974,1141,1,"1"
1636.9426836085561,123956,1159,1,"1"
1637.2548809077141,123938,1177,1,"1"
1638.6990658175937,123937,1178,1,"1"
1666.2840117676544,123934,1181,1,"1"
1666.9775060863028,123923,1192,1,"1"
1673.4617763499552,123914,1201,1,"1"
1678.8218380928033,123896,1219,1,"1"
1682.4660351330172,123878,1237,1,"1"
1692.6351766207933,123872,1243,2,"2"
1713.3642547902793,123854,1261,1,"1"
1734.8057269309368,123836,1279,1,"1"
1739.1309617880493,123818,1297,1,"1"
1744.7530023893705,123815,1300,1,"1"
1756.5323432210516,123810,1305,1,"1"
1757.6637988217021,123800,1315,1,"1"
1760.0454045839329,123782,1333,1,"1"
1763.3504588973601,123767,1348,3,"2-1"
1766.3081918813327,123749,1366,1,"1"
1768.1654099414973,123738,1377,3,"2-1"
1772.8668219260176,123733,1382,1,"1"
1777.9486030998141,123715,1400,1,"1"
1782.3340261238161,123697,1418,1,"1"
1785.5838647836572,123688,1427,1,"1"
1798.8884218158307,123676,1439,1,"1"
1813.247395371588,123658,1457,1,"1"
1814.6797473245008,123640,1475,1,"1"
1827.1464559665026,123606,1509,3,"2-1"
1829.8738964343008,123588,1527,1,"1"
1860.9492224078854,123546,1569,3,"3"
1876.6101069499591,123543,1572,1,"1"
1889.3004716909988,123542,1573,1,"1"
1893.5494988062278,123524,1591,1,"1"
1929.0865900155106,123514,1601,1,"1"
1935.1328875844792,123500,1615,1,"1"
1945.7983520269595,123491,1624,1,"1"
1958.9692252995251,123473,1642,1,"1"
1959.03402231785,123455,1660,1,"1"
1965.0248754103927,123437,1678,1,"1"
1965.361454139143,123419,1696,1,"1"
1977.3255475982194,123405,1710,1,"1"
1987.6622778380854,123400,1715,1,"1"
1996.5736359220655,123399,1716,1,"1"
2019.450265217941,123349,1766,3,"2-1"
2022.6911314726558,123277,1838,4,"4"
2029.6323615835418,123259,1856,1,"1"
2035.3680940681134,123241,1874,1,"1"
2043.633176157005,123223,1892,1,"1"
2070.9756923151699,123213,1902,2,"2"
2077.8169960255559,123204,1911,1,"1"
2079.8442144643568,123186,1929,1,"1"
2093.8665795479142,123169,1946,1,"1"
2096.6741918105304,123151,1964,1,"1"
2100.5871608897055,123133,1982,1,"1"
2118.9513739509421,123115,2000,1,"1"
2128.8416186676732,123097,2018,1,"1"
2139.5203518005351,123079,2036,1,"1"
2143.7535676547959,123074,2041,1,"1"
2147.9921965299663,123050,2065,2,"2"
2160.4877222656555,123032,2083,1,"1"
2160.865572437101,123027,2088,1,"1"
2162.1583369907471,123017,2098,1,"1"
2174.9570504615881,123014,2101,1,"1"
2179.7837814036097,123009,2106,1,"1"
2181.9183244174183,122991,2124,1,"1"
2189.9962200701739,122986,2129,1,"1"
2209.2208254078132,122968,2147,1,"1"
2221.4404202308115,122914,2201,3,"2-1"
2222.0720093367113,122896,2219,1,"1"
2235.4588481591263,122878,2237,1,"1"
2238.1398222399416,122868,2247,1,"1"
2251.4165559996641,122850,2265,1,"1"
2256.2163580405845,122832,2283,1,"1"
2257.1839331519236,122822,2293,2,"2"
2257.3832550668103,122816,2299,2,"2"
2257.8247613339113,122811,2304,1,"1"
2260.3727077378512,122801,2314,1,"1"
2263.3885434714871,122783,2332,1,"1"
2274.1368685310704,122765,2350,1,"1"
2281.9042601158499,122729,2386,2,"1-1"
2302.3348724778339,122711,2404,1,"1"
2319.3437622448014,122693,2422,1,"1"
2319.7556053529138,122675,2440,1,"1"
2331.2516861422582,122665,2450,1,"1"
2339.0422236168629,122659,2456,2,"2"
2343.4295748031436,122649,2466,1,"1"
2366.9943159357922,122644,2471,1,"1"
2379.0627452622098,122626,2489,1,"1"
2382.6696647299814,122608,2507,1,"1"
2386.3653189984257,122603,2512,1,"1"
2424.4417205537297,122585,2530,1,"1"
2435.426555476517,122567,2548,1,"1"
2438.3617726671196,122531,2584,2,"2"
2438.9239404819673,122513,2602,1,"1"
2439.8145114290551,122495,2620,1,"1"
2444.8318714335796,122481,2634,2,"2"
2452.3123701721065,122463,2652,1,"1"
2455.7736553612331,122453,2662,1,"1"
2458.1587346076699,122435,2680,1,"1"
2459.4407251009748,122417,2698,1,"1"
2482.3760700843873,122405,2710,1,"1"
2483.4522052354209,122389,2726,4,"4"
2489.4834460710185,122371,2744,1,"1"
2492.8099543402022,122353,2762,1,"1"
2512.025393159653,122335,2780,1,"1"
2537.0705849198571,122330,2785,1,"1"
2583.4878608018762,122312,2803,1,"1"
2583.7443797548713,122268,2847,3,"2-1"
2585.4386613609995,122258,2857,1,"1"
2585.8325274269869,122248,2867,2,"1-1"
2588.3350976308707,122225,2890,3,"1-1-1"
2605.3775021306692,122207,2908,1,"1"
2620.4766260324109,122194,2921,3,"2-1"
2620.7453907894937,122176,2939,1,"1"
2621.0295751859203,122158,2957,1,"1"
2623.647102347863,122146,2969,2,"1-1"
2627.2261115363681,122128,2987,1,"1"
2627.939582894739,122102,3013,2,"2"
2628.5800357649996,122076,3039,2,"2"
2634.8745046642994,122066,3049,2,"1-1"
2639.371356534522,122056,3059,1,"1"
2650.8675778537795,122036,3079,2,"2"
2677.7072794764313,122029,3086,1,"1"
2685.4257868542577,122011,3104,1,"1"
2697.6217903473507,122008,3107,1,"1"
2714.3023194305556,121984,3131,2,"2"
2726.1825983706931,121968,3147,4,"2-2"
2731.4130736332822,121950,3165,1,"1"
2732.1392303723792,121930,3185,2,"2"
2738.6895940525096,121912,3203,1,"1"
2749.0037858317201,121894,3221,1,"1"
2765.0506103380185,121866,3249,4,"4"
2791.9325397811772,121838,3277,2,"2"
2792.0329457770586,121828,3287,2,"2"
2797.2652436984872,121818,3297,2,"2"
2797.3176867491402,121800,3315,1,"1"
2804.5109084396668,121782,3333,1,"1"
2822.499706293022,121764,3351,1,"1"
2823.872726833828,121754,3361,1,"1"
2826.0613171156856,121736,3379,1,"1"
2826.7538803450493,121718,3397,1,"1"
2832.068103485447,121713,3402,1,"1"
2841.8851956032795,121511,3604,13,"11-1-1"
2842.7695890940417,121497,3618,2,"2"
2844.2066853145197,121480,3635,1,"1"
2852.8417779316505,121462,3653,1,"1"
2852.9476931974341,121444,3671,1,"1"
2867.4882248853842,121426,3689,1,"1"
2876.3543268357566,121408,3707,1,"1"
2879.6541720666582,121397,3718,1,"1"
2884.0468714476979,121379,3736,1,"1"
2898.1509603966088,121361,3754,1,"1"
2904.9089555993596,121351,3764,1,"1"
2915.9241428750042,121348,3767,1,"1"
2925.966703424026,121330,3785,1,"1"
2929.2466582970701,121312,3803,1,"1"
2937.8895116625108,121302,3813,2,"2"
2944.4744377680418,121292,3823,1,"1"
2960.6041740702358,121289,3826,1,"1"
2960.9704480553919,121271,3844,1,"1"
2976.0479538816508,121253,3862,1,"1"
2979.9437574956892,121248,3867,1,"1"
2986.2652403025304,121238,3877,1,"1"
2987.6117463452342,121231,3884,1,"1"
2999.0111761121989,121213,3902,1,"1"
3007.411427258131,121195,3920,1,"1"
3018.3275477576012,121177,3938,1,"1"
3031.7695880245383,121172,3943,1,"1"
3037.7478315020917,121162,3953,1,"1"
3038.2615424264227,121144,3971,1,"1"
3039.0699132034288,121135,3980,1,"1"
3043.7253088165648,121081,4034,3,"3"
3048.2119348661704,121045,4070,2,"2"
3059.7052900665199,121032,4083,1,"1"
3068.5831813818968,121014,4101,1,"1"
3071.351303847237,120997,4118,1,"1"
3085.8952785180795,120975,4140,2,"1-1"
3095.1068421246532,120957,4158,1,"1"
3109.6539523585948,120950,4165,1,"1"
3121.5594021383076,120933,4182,1,"1"
3122.4646793265933,120915,4200,1,"1"
3129.4518383038198,120843,4272,4,"2-1-1"
3140.8432466104105,120825,4290,1,"1"
3146.7425403621528,120820,4295,1,"1"
3149.7101398541745,120810,4305,2,"1-1"
3150.8476492788614,120788,4327,2,"2"
3151.3576486210914,120783,4332,1,"1"
3151.375967582368,120767,4348,1,"1"
3154.2137519333482,120749,4366,1,"1"
3156.9544758505813,120739,4376,1,"1"
3157.020518742132,120713,4402,2,"1-1"
3161.5817724536687,120663,4452,6,"5-1"
3162.5838727936803,120656,4459,1,"1"
3171.5702185705677,120628,4487,2,"2"
3173.6061924968008,120610,4505,1,"1"
3186.9653579294845,120590,4525,2,"1-1"
3194.1685748963,120572,4543,1,"1"
3197.6458438729355,120558,4557,1,"1"
3202.5420328018831,120553,4562,1,"1"
3204.2118592742991,120544,4571,1,"1"
3209.134328816232,120532,4583,1,"1"
3213.0968088731283,120519,4596,1,"1"
3222.7500620944634,120501,4614,1,"1"
3224.9915207279914,120483,4632,1,"1"
3230.8980880217664,120478,4637,1,"1"
3231.5662013313304,120460,4655,1,"1"
3233.5939842827056,120442,4673,1,"1"
3245.8362328135818,120134,4981,21,"18-2-1"
3249.7478668539511,120128,4987,2,"2"
3250.9353548534773,120110,5005,1,"1"
3267.7439665243664,120092,5023,1,"1"
3268.9593345485628,120074,5041,1,"1"
3277.0268342432428,120056,5059,1,"1"
3277.4385581726751,120051,5064,1,"1"
3291.4510550365512,120039,5076,1,"1"
3305.3448894795233,120029,5086,1,"1"
3309.4035338178442,120011,5104,1,"1"
3314.4421426237027,119980,5135,2,"2"
3317.2260221685028,119962,5153,1,"1"
3320.2743937765285,119957,5158,1,"1"
3325.5678116075178,119885,5230,4,"3-1"
3332.9581597059969,119861,5254,2,"2"
3339.8149274396114,119843,5272,1,"1"
3349.6861461970116,119807,5308,2,"2"
3361.788882473069,119789,5326,1,"1"
3373.266511502864,119779,5336,1,"1"
3378.8716301132167,119761,5354,1,"1"
3394.2393415569632,119743,5372,1,"1"
3399.1430174711959,119707,5408,2,"2"
3408.6288699592269,119673,5442,3,"3"
3411.5608029000546,119627,5488,4,"2-1-1"
3414.1972734660594,119584,5531,4,"4"
3414.9196874817299,119566,5549,1,"1"
3428.0481370706384,119548,5567,1,"1"
3434.437956354172,119538,5577,1,"1"
3436.4651560557527,119520,5595,1,"1"
3449.7686929982074,119510,5605,1,"1"
3452.4198336736404,119492,5623,1,"1"
3456.3178627659345,119474,5641,1,"1"
3459.8513409655006,119426,5689,4,"3-1"
3465.6717693214027,119408,5707,1,"1"
3466.8339585672857,119395,5720,1,"1"
3478.6328825192268,119377,5738,1,"1"
3488.8631597485969,119359,5756,1,"1"
3494.0907310587154,119341,5774,1,"1"
3497.8474343076459,119303,5812,3,"1-1-1"
3508.2364169576103,119285,5830,1,"1"
3519.8384209247774,119223,5892,4,"2-1-1"
3524.3104643416941,119197,5918,2,"1-1"
3526.0193035677862,119161,5954,2,"1-1"
3526.1506070277369,119125,5990,2,"1-1"
3526.7845226083482,119115,6000,1,"1"
3529.1058247336714,119110,6005,1,"1"
3535.2438828493587,119100,6015,1,"1"
3540.108975251007,119082,6033,1,"1"
3541.2258115069703,119064,6051,1,"1"
3545.3044757301741,119046,6069,1,"1"
3546.7888263692071,119036,6079,1,"1"
3547.7959406614405,119018,6097,1,"1"
3557.4024594713924,119008,6107,2,"2"
3573.5177313394174,118996,6119,1,"1"
3583.4944517410745,118960,6155,2,"2"
3586.4212961107205,118536,6579,24,"18-2-1-1-1-1"
3595.8387238607584,118513,6602,3,"2-1"
3599.2084973885553,118477,6638,2,"2"
3605.0548268918151,118437,6678,3,"2-1"
3614.0672021814412,118419,6696,1,"1"
3616.5470349584325,118385,6730,3,"2-1"
3624.4079070615744,118367,6748,1,"1"
3639.6188374126896,118349,6766,1,"1"
3640.064634751508,118313,6802,2,"1-1"
3640.4922078788645,118300,6815,1,"1"
3643.643809505063,118248,6867,3,"2-1"
3644.9634693340317,118234,6881,2,"2"
3650.6956905423231,118144,6971,5,"2-1-1-1"
3656.8726364434051,118131,6984,1,"1"
3660.4457951431818,118113,7002,1,"1"
3666.0537875728419,118095,7020,1,"1"
3682.8971806732457,118077,7038,1,"1"
3684.5372752318513,117906,7209,21,"5-2-2-2-1-1-1-1-1-1-1-1-1-1"
3685.1520546390852,117893,7222,1,"1"
3709.755273379842,117734,7381,21,"6-3-2-2-2-2-1-1-1-1"
3725.5873048224607,117724,7391,1,"1"
3725.8458368518627,117698,7417,2,"2"
3726.6469902402605,117644,7471,3,"1-1-1"
3729.2951592140753,117617,7498,2,"2"
3734.119565371539,117599,7516,1,"1"
3738.4677263877898,117581,7534,1,"1"
3741.4592225268948,117563,7552,1,"1"
3742.6307651895886,117383,7732,12,"3-2-2-2-1-1-1"
3743.0378693026178,117369,7746,2,"2"
3743.1098521911745,117239,7876,12,"3-2-1-1-1-1-1-1-1"
3758.8813364012613,117221,7894,1,"1"
3764.5500797458635,117185,7930,2,"1-1"
3773.2136536576322,117167,7948,1,"1"
3773.348390822724,116995,8120,20,"4-3-2-2-2-1-1-1-1-1-1-1"
3779.3848361393011,116846,8269,15,"4-3-3-1-1-1-1-1"
3785.3712000148425,116837,8278,1,"1"
3785.8275763961515,116732,8383,9,"4-2-1-1-1"
3797.0547385054251,116670,8445,6,"6"
3811.837901169929,116652,8463,1,"1"
3812.9287688108893,116634,8481,1,"1"
3830.8289242979172,116598,8517,2,"1-1"
3832.5535021215087,116458,8657,11,"4-3-2-1-1"
3835.3043348498418,116389,8726,5,"4-1"
3845.9932663602608,116353,8762,2,"2"
3850.9701365549063,116335,8780,1,"1"
3854.0550594873816,116323,8792,1,"1"
3855.0255731631578,116292,8823,3,"2-1"
3859.013976524484,116256,8859,2,"1-1"
3860.4980175959599,116238,8877,1,"1"
3886.9153073720972,116220,8895,1,"1"
3894.8702883164869,116202,8913,1,"1"
3896.7023666730411,116184,8931,1,"1"
3899.5895240258437,116140,8975,4,"3-1"
3912.5997872548746,116118,8997,2,"2"
3914.2651000436299,115910,9205,16,"5-3-3-2-1-1-1"
3914.9225112412382,115874,9241,2,"1-1"
3926.6470979292203,115834,9281,4,"2-1-1"
3929.3886286908214,115816,9299,1,"1"
3935.0934597804512,115798,9317,1,"1"
3936.7423751665929,115684,9431,10,"5-3-1-1"
3937.466827816736,115616,9499,5,"2-1-1-1"
3938.6468914107777,115548,9567,5,"3-1-1"
3938.8032579280202,115530,9585,1,"1"
3940.1234517894686,115512,9603,1,"1"
3942.716577667481,115494,9621,1,"1"
3949.3801782352984,115458,9657,2,"2"
3951.0951976585434,115415,9700,4,"2-1-1"
3951.906707493084,115379,9736,2,"2"
3962.8574297842561,115361,9754,1,"1"
3966.1902051764164,115343,9772,1,"1"
3970.8211390023489,115319,9796,2,"2"
3979.8646833530515,115301,9814,1,"1"
3984.8821897359089,115273,9842,2,"2"
3986.65376800696,115263,9852,1,"1"
3992.8665518714647,115186,9929,6,"2-1-1-1-1"
3994.0571909123819,115134,9981,4,"3-1"
3996.9818496391185,115116,9999,1,"1"
4005.3336602479071,115015,10100,9,"2-2-2-2-1"
4012.4228093856491,114997,10118,1,"1"
4018.4385537530306,114983,10132,1,"1"
4026.8599931572699,114957,10158,2,"1-1"
4029.0736052752245,114939,10176,1,"1"
4040.3239630811727,114921,10194,1,"1"
4041.9341347958321,114903,10212,1,"1"
4042.0311349479512,114885,10230,1,"1"
4065.1309028028286,114849,10266,2,"2"
4068.0899477480343,114831,10284,1,"1"
4069.2924943216999,114453,10662,26,"5-2-2-2-2-1-1-1-1-1-1-1-1-1-1-1-1-1"
4075.4113291944955,114417,10698,2,"1-1"
4081.7328041061392,114315,10800,6,"3-2-1"
4081.927055664597,114298,10817,1,"1"
4107.6074101122422,114126,10989,10,"4-2-2-1-1"
4111.7798798098402,114108,11007,1,"1"
4112.1838877926184,114090,11025,1,"1"
4119.4722527527711,114036,11079,3,"2-1"
4122.2435358615539,114022,11093,1,"1"
4127.7229814177572,113913,11202,8,"3-2-2-1"
4128.0557882398853,113895,11220,1,"1"
4132.0521337097216,113877,11238,1,"1"
4141.9698889724268,0,125115,6397,"6397"
----------------------------------------------9
0,125115,0,0,"0"
52.443529458953606,125114,1,1,"1"
85.445096575889835,125105,10,1,"1"
103.89917124712974,125104,11,1,"1"
155.04801930481909,125103,12,1,"1"
169.85137373634254,125102,13,1,"1"
173.54057814640367,125101,14,1,"1"
175.70267233220056,125100,15,1,"1"
217.85371487805591,125099,16,1,"1"
221.10309857582371,125098,17,1,"1"
233.17424306489715,125097,18,1,"1"
242.19939267010432,125096,19,1,"1"
293.24258293074809,125094,21,2,"2"
323.10262597061325,125093,22,1,"1"
332.0332714649652,125092,23,1,"1"
381.62600661456145,125090,25,2,"2"
389.02244203202451,125089,26,1,"1"
400.25089700688955,125079,36,1,"1"
400.43043960338645,125076,39,1,"1"
408.63891640508854,125058,57,1,"1"
412.96425194732285,125040,75,1,"1"
426.98051877690955,125038,77,2,"1-1"
431.25473721308362,125037,78,1,"1"
447.57868778469998,125036,79,1,"1"
456.26496728710197,125018,97,1,"1"
456.54778813327221,125017,98,1,"1"
471.26338583962126,125016,99,1,"1"
505.64636758435068,125015,100,1,"1"
512.76782983641465,125014,101,1,"1"
531.93928246461803,125013,102,1,"1"
536.721744296672,125012,103,1,"1"
537.85339979052446,125010,105,2,"2"
540.67388498246737,125009,106,1,"1"
549.28779342574569,124997,118,4,"2-2"
561.72927564615838,124987,128,1,"1"
563.68916032979985,124986,129,1,"1"
582.54655211927604,124985,130,1,"1"
582.66407614929619,124967,148,1,"1"
586.69544185837606,124966,149,1,"1"
587.90620936709377,124965,150,1,"1"
612.02774836977562,124947,168,1,"1"
621.79928285154517,124946,169,1,"1"
630.22262516831233,124943,172,3,"2-1"
651.1301902147527,124942,173,1,"1"
662.77365549750402,124924,191,1,"1"
687.61775703621186,124923,192,1,"1"
687.80760219778733,124922,193,1,"1"
692.32334520516338,124904,211,1,"1"
692.37637822412478,124903,212,1,"1"
697.09127047135985,124902,213,1,"1"
697.43338005003454,124884,231,1,"1"
698.09450159762082,124881,234,3,"2-1"
703.01246635575865,124880,235,1,"1"
709.78806210343657,124877,238,1,"1"
716.74924381855044,124859,256,1,"1"
718.55087150444854,124847,268,1,"1"
739.9457173048902,124842,273,1,"1"
770.62478023005372,124824,291,1,"1"
794.93626368215143,124806,309,1,"1"
795.7412639925343,124800,315,4,"2-1-1"
797.02462980829205,124799,316,1,"1"
810.58895947272197,124781,334,1,"1"
817.31081850341263,124763,352,1,"1"
822.92742029645206,124745,370,2,"2"
828.71343466757526,124744,371,1,"1"
832.3070073422665,124726,389,1,"1"
843.45882093673958,124723,392,1,"1"
849.62227113938843,124722,393,1,"1"
849.79803088856272,124704,411,1,"1"
852.38889363679459,124703,412,1,"1"
869.82175979665681,124702,413,1,"1"
879.30147845527824,124701,414,1,"1"
889.86667998101302,124689,426,1,"1"
896.66226217967801,124684,431,1,"1"
915.84610955595656,124682,433,2,"1-1"
944.25596264125988,124681,434,1,"1"
954.49013657709008,124671,444,2,"2"
961.38066754647718,124670,445,1,"1"
980.54052442857312,124669,446,1,"1"
987.10787900353341,124668,447,1,"1"
987.16492539392789,124650,465,1,"1"
995.44554722183545,124649,466,1,"1"
999.24414315442618,124648,467,1,"1"
1001.7251878262867,124646,469,2,"1-1"
1005.6153245817904,124643,472,1,"1"
1023.2582771281499,124642,473,1,"1"
1034.0151480997156,124624,491,1,"1"
1040.3353816586457,124622,493,2,"2"
1051.6517502473293,124617,498,1,"1"
1058.5400656686472,124616,499,1,"1"
1073.9797701288594,124580,535,2,"2"
1074.7313469002775,124579,536,1,"1"
1078.3714641965507,124561,554,1,"1"
1079.1096094845254,124560,555,1,"1"
1081.7794539053032,124542,573,1,"1"
1091.8517465239211,124524,591,1,"1"
1104.0731653152286,124522,593,2,"1-1"
1116.4362721436019,124520,595,2,"2"
1129.0850199204372,124517,598,1,"1"
1142.8296286132777,124516,599,1,"1"
1144.5247941900936,124515,600,1,"1"
1173.3048809392535,124514,601,1,"1"
1188.4049365137157,124496,619,1,"1"
1226.4592215139071,124484,631,1,"1"
1226.6886264246791,124467,648,1,"1"
1236.0791020297477,124449,666,1,"1"
1266.5830257300297,124448,667,1,"1"
1282.616348701886,124445,670,3,"3"
1288.7225785031983,124427,688,1,"1"
1299.4033695111339,124426,689,1,"1"
1300.1256840773751,124412,703,1,"1"
1301.0868602099224,124411,704,1,"1"
1302.3854590328096,124393,722,1,"1"
1331.9277943580682,124384,731,1,"1"
1347.0062049122287,124374,741,1,"1"
1351.6111339189715,124364,751,1,"1"
1355.557716790596,124363,752,1,"1"
1356.6499166366134,124345,770,1,"1"
1370.806113198101,124344,771,1,"1"
1373.8661921305509,124338,777,2,"2"
1396.8676631716344,124328,787,2,"1-1"
1406.4214295844067,124310,805,1,"1"
1407.2014381713193,124296,819,1,"1"
1428.8161254624033,124293,822,1,"1"
1429.2345390647968,124291,824,2,"2"
1434.4993453771651,124273,842,1,"1"
1435.7394269492816,124270,845,1,"1"
1456.9835771092025,124265,850,1,"1"
1465.7023322224804,124264,851,1,"1"
1497.709591346249,124247,868,3,"2-1"
1507.498165513791,124237,878,1,"1"
1513.5111449714298,124231,884,2,"1-1"
1515.6359489989593,124221,894,2,"2"
1522.087238215445,124212,903,5,"1-1-1-1-1"
1542.1422723970954,124194,921,1,"1"
1542.7960479473161,124176,939,1,"1"
1546.782020160096,124173,942,1,"1"
1546.8851864957508,124168,947,1,"1"
1548.2981229288077,124167,948,1,"1"
1551.9348311983122,124164,951,1,"1"
1552.0706060676598,124147,968,3,"2-1"
1607.0443755531471,124146,969,1,"1"
1609.8677141778157,124136,979,2,"2"
1631.1347435418304,124118,997,1,"1"
1632.8804584859558,124113,1002,1,"1"
1633.5054453322082,124112,1003,1,"1"
1642.5996131637887,124094,1021,1,"1"
1650.1779061880277,124089,1026,1,"1"
1652.4796170504289,124071,1044,1,"1"
1655.0432043684527,124070,1045,1,"1"
1665.5920344286592,124052,1063,1,"1"
1673.561081475146,124051,1064,1,"1"
1676.3615336953158,124046,1069,1,"1"
1686.1732491155954,124028,1087,1,"1"
1687.4503169235761,124016,1099,1,"1"
1724.1725089120389,123998,1117,1,"1"
1734.730118466513,123980,1135,1,"1"
1741.5894519795961,123962,1153,1,"1"
1743.7587022883067,123944,1171,1,"1"
1761.2130624505728,123926,1189,1,"1"
1770.3830293501862,123908,1207,1,"1"
1783.3545981092179,123890,1225,1,"1"
1805.1084309782748,123872,1243,1,"1"
1815.6303160398991,123854,1261,1,"1"
1832.7804134940454,123839,1276,3,"2-1"
1838.7418753492111,123834,1281,1,"1"
1839.1724653904475,123799,1316,5,"2-2-1"
1839.6191640888458,123781,1334,1,"1"
1843.4827608889918,123778,1337,1,"1"
1847.6371279978816,123760,1355,2,"2"
1861.7123422680627,123742,1373,1,"1"
1864.3020170254158,123724,1391,1,"1"
1912.2563860874311,123670,1445,3,"3"
1924.6371224472373,123652,1463,1,"1"
1940.4683226070745,123649,1466,1,"1"
1941.2724274649552,123613,1502,2,"2"
1943.2688678939915,123608,1507,1,"1"
1976.2533633431324,123590,1525,1,"1"
1980.2861697356561,123572,1543,1,"1"
1985.6145053655996,123567,1548,1,"1"
2020.3356791826893,123564,1551,1,"1"
2030.4826542262927,123561,1554,1,"1"
2043.7782618707981,123543,1572,1,"1"
2050.0865066790625,123525,1590,1,"1"
2051.2926725189027,123507,1608,1,"1"
2052.2768969844956,123502,1613,1,"1"
2079.0986581728603,123492,1623,1,"1"
2082.7270937456228,123474,1641,1,"1"
2084.9084537279705,123456,1659,1,"1"
2092.5706281333105,123451,1664,1,"1"
2098.46846978026,123433,1682,1,"1"
2120.7606568602773,123426,1689,1,"1"
2132.0250255808628,123408,1707,1,"1"
2147.4261433029037,123390,1725,1,"1"
2147.9564898593726,123385,1730,1,"1"
2151.8946757698764,123367,1748,1,"1"
2157.6556708744984,123349,1766,1,"1"
2158.1524185181702,123321,1794,2,"2"
2158.7810310001178,123304,1811,3,"2-1"
2158.9216618546152,123301,1814,1,"1"
2163.3489802286263,123296,1819,1,"1"
2169.5561635962868,123278,1837,1,"1"
2179.0708401048687,123265,1850,3,"3"
2184.3994551643677,123243,1872,2,"2"
2195.5909665257477,123225,1890,1,"1"
2204.1984468950459,123207,1908,1,"1"
2204.5140123983083,123189,1926,1,"1"
2205.3872259583895,123171,1944,1,"1"
2209.0296230176814,123153,1962,1,"1"
2228.8160876553625,123135,1980,1,"1"
2234.9545690485306,123120,1995,1,"1"
2238.1419518381044,123102,2013,1,"1"
2238.8454462591226,123084,2031,1,"1"
2240.0674992093436,123077,2038,1,"1"
2241.1130808832586,123059,2056,1,"1"
2251.5265682731851,123041,2074,1,"1"
2254.8784497084002,123031,2084,2,"1-1"
2268.0030467720362,123013,2102,1,"1"
2269.5816279931969,123008,2107,1,"1"
2276.2525529271911,122990,2125,1,"1"
2288.2783219468793,122972,2143,1,"1"
2292.5691883277577,122954,2161,1,"1"
2297.7373294145709,122940,2175,4,"3-1"
2299.2659692498942,122935,2180,1,"1"
2302.3518599191661,122917,2198,1,"1"
2304.2260040288529,122899,2216,1,"1"
2315.557452722031,122877,2238,2,"2"
2337.7114661523938,122867,2248,2,"2"
2338.4484814580751,122849,2266,1,"1"
2351.0036926306948,122840,2275,1,"1"
2361.0520578253936,122826,2289,2,"2"
2372.5164732298672,122808,2307,1,"1"
2377.9535803688264,122790,2325,1,"1"
2389.9769822182725,122772,2343,1,"1"
2390.8136531223354,122761,2354,1,"1"
2397.7236669036706,122743,2372,1,"1"
2408.5720374280913,122725,2390,1,"1"
2426.0942634673338,122715,2400,1,"1"
2428.1365994375356,122697,2418,1,"1"
2430.1151564080119,122687,2428,1,"1"
2436.9103904454978,122668,2447,3,"2-1"
2440.5205499304002,122650,2465,1,"1"
2445.4184045752404,122632,2483,2,"2"
2448.7055170733665,122603,2512,3,"3"
2462.0143486189691,122594,2521,1,"1"
2462.1833432622443,122576,2539,1,"1"
2480.3876306556108,122571,2544,1,"1"
2496.0122814598863,122566,2549,1,"1"
2499.7749453191414,122548,2567,1,"1"
2518.6059718354422,122545,2570,1,"1"
2532.1962180620344,122527,2588,1,"1"
2569.564797700511,122524,2591,1,"1"
2569.7889305413241,122506,2609,1,"1"
2605.6508157732187,122488,2627,1,"1"
2610.6712874602613,122473,2642,3,"1-1-1"
2612.1697911558163,122463,2652,2,"2"
2617.4358440039609,122445,2670,1,"1"
2624.8952545344919,122436,2679,1,"1"
2630.4633425939874,122426,2689,2,"1-1"
2640.8484525498639,122408,2707,1,"1"
2649.7493164339485,122390,2725,1,"1"
2652.7660502771059,122381,2734,1,"1"
2671.6011992085987,122363,2752,1,"1"
2677.2082642439113,122345,2770,1,"1"
2686.537439748638,122309,2806,2,"1-1"
2692.750238705833,122298,2817,1,"1"
2694.6659782719962,122280,2835,1,"1"
2715.9718477620013,122273,2842,1,"1"
2719.3430084892166,122255,2860,1,"1"
2726.8784768832984,122248,2867,1,"1"
2730.2710296659734,122230,2885,1,"1"
2735.4434338879964,122212,2903,1,"1"
2736.7711010763792,122176,2939,2,"2"
2748.0512824101565,122166,2949,1,"1"
2748.470098129405,122144,2971,2,"2"
2750.1527000982646,122126,2989,1,"1"
2768.6687684868612,122117,2998,1,"1"
2772.0008842966408,122099,3016,1,"1"
2787.0023698337113,122064,3051,3,"2-1"
2788.4728402606356,122047,3068,1,"1"
2800.3763778030625,122029,3086,1,"1"
2808.4586817590985,122011,3104,1,"1"
2823.711999952704,122006,3109,1,"1"
2830.8665988516068,121997,3118,1,"1"
2831.0770883347309,121979,3136,1,"1"
2834.4893271446349,121968,3147,1,"1"
2835.3461103317914,121959,3156,1,"1"
2838.6776513443915,121833,3282,7,"6-1"
2849.4919921981832,121824,3291,1,"1"
2856.9228045410746,121810,3305,2,"1-1"
2859.0152380229483,121792,3323,1,"1"
2864.9638190760834,121774,3341,1,"1"
2870.7824993129038,121756,3359,1,"1"
2872.7360759234325,121738,3377,1,"1"
2876.5244691423809,121720,3395,1,"1"
2884.7780954674731,121648,3467,4,"4"
2889.2409046856228,121612,3503,2,"1-1"
2889.2659228850471,121594,3521,1,"1"
2901.8149871824635,121558,3557,2,"1-1"
2909.2798712743015,121478,3637,8,"2-2-2-1-1"
2924.0005213392178,121460,3655,1,"1"
2934.4592685485527,121424,3691,2,"1-1"
2936.3105870137811,121406,3709,1,"1"
2947.3525185365916,121395,3720,1,"1"
2965.3237370897773,121377,3738,1,"1"
2977.2521831854219,121359,3756,1,"1"
2987.8051853015882,121349,3766,2,"1-1"
2993.1163167125828,121295,3820,3,"1-1-1"
2994.8612146496353,121277,3838,1,"1"
2994.8863047086097,121259,3856,1,"1"
2995.8229887534771,121250,3865,1,"1"
2997.1332570355476,121232,3883,1,"1"
2998.2514839926425,121222,3893,1,"1"
2999.3510651677188,121188,3927,2,"2"
3004.1796602478394,121125,3990,6,"4-1-1"
3004.6604878627727,121107,4008,1,"1"
3008.2944761952781,121089,4026,1,"1"
3010.0496357090701,121084,4031,1,"1"
3014.2731906768622,121066,4049,1,"1"
3019.0714514557376,121003,4112,6,"3-2-1"
3021.2372271646864,120991,4124,1,"1"
3023.2038960407335,120973,4142,1,"1"
3047.2416929150218,120955,4160,1,"1"
3047.6579857050197,120925,4190,6,"2-2-1-1"
3047.8006029891717,120907,4208,1,"1"
3047.8771263574035,120871,4244,2,"2"
3066.0854210468483,120855,4260,1,"1"
3087.0352114098846,120837,4278,1,"1"
3092.2383321615735,120819,4296,1,"1"
3093.5400256754015,120810,4305,1,"1"
3096.4467001041744,120792,4323,1,"1"
3108.0240656167689,120774,4341,1,"1"
3112.2568108028913,120769,4346,1,"1"
3117.0888760484463,120751,4364,1,"1"
3121.5597445293042,120720,4395,2,"1-1"
3122.1629724446293,120702,4413,1,"1"
3132.3453331101141,120648,4467,3,"2-1"
3142.5955161207826,120630,4485,1,"1"
3162.5273178461352,120612,4503,1,"1"
3162.7327193200631,120600,4515,1,"1"
3163.4968026445426,120597,4518,1,"1"
3163.8973048905355,120475,4640,14,"5-4-2-2-1"
3180.6938962200493,120457,4658,1,"1"
3181.3485072333519,120439,4676,1,"1"
3199.4394420019185,120409,4706,2,"1-1"
3211.8053250391949,120391,4724,1,"1"
3215.460851182027,120247,4868,8,"6-1-1"
3230.159201699777,120229,4886,1,"1"
3258.0307858422671,120211,4904,1,"1"
3273.605693575922,120151,4964,6,"2-2-1-1"
3276.1225764969395,120142,4973,1,"1"
3278.3828978253896,120106,5009,2,"1-1"
3289.4323694723271,120096,5019,1,"1"
3313.7790674969619,120087,5028,1,"1"
3319.1283989027452,120069,5046,1,"1"
3323.9917694655746,120055,5060,1,"1"
3340.806377106635,120027,5088,4,"2-1-1"
3359.7760560807342,120009,5106,1,"1"
3362.9278848079252,119991,5124,1,"1"
3367.5411576989673,119973,5142,1,"1"
3371.6221717965313,119964,5151,1,"1"
3379.5862061540461,119900,5215,6,"3-2-1"
3385.6439703124906,119869,5246,2,"2"
3396.0974055800784,119833,5282,2,"2"
3397.2610005624406,119815,5300,1,"1"
3402.8255695952389,119797,5318,1,"1"
3403.9378965156152,119761,5354,2,"1-1"
3409.1615596154115,119743,5372,1,"1"
3409.7883720900545,119696,5419,7,"4-3"
3413.5589451872606,119686,5429,2,"2"
3430.8521787253467,119654,5461,2,"2"
3435.3138286981334,119644,5471,2,"1-1"
3440.540005764753,119626,5489,1,"1"
3456.8160014561408,119608,5507,1,"1"
3463.1431256812843,119585,5530,3,"2-1"
3463.527665942252,119518,5597,7,"6-1"
3485.4830453813242,119482,5633,2,"2"
3486.2666631748775,119464,5651,1,"1"
3486.7015017393151,119446,5669,1,"1"
3490.4693551032155,119365,5750,9,"5-1-1-1-1"
3496.9641744031278,119347,5768,1,"1"
3502.6220445800463,119342,5773,1,"1"
3512.5092075354041,119324,5791,1,"1"
3513.3858724661022,119280,5835,4,"2-1-1"
3523.0826856932076,119230,5885,5,"4-1"
3523.7585127879161,119217,5898,1,"1"
3524.1638674083324,118979,6136,15,"8-2-2-1-1-1"
3524.8562137898034,118961,6154,1,"1"
3534.3405822815444,118943,6172,1,"1"
3542.2505542037143,118925,6190,1,"1"
3543.4762231857867,118907,6208,1,"1"
3548.8686399882849,118591,6524,20,"13-2-2-1-1-1"
3549.8861182917535,118573,6542,1,"1"
3552.0975636097537,118537,6578,3,"2-1"
3559.9383836982261,118477,6638,6,"3-1-1-1"
3561.600522220288,118450,6665,3,"1-1-1"
3566.9699021492852,118432,6683,1,"1"
3567.682101483997,118406,6709,2,"2"
3568.091288725283,118388,6727,1,"1"
3572.3937610982357,118370,6745,2,"2"
3573.3742429895328,118334,6781,2,"2"
3579.8657288777408,118316,6799,1,"1"
3580.4120980351831,118273,6842,3,"2-1"
3589.1955233477238,118237,6878,2,"1-1"
3595.6872158692149,118201,6914,2,"2"
3595.8388754457342,118176,6939,2,"2"
3597.1634418104154,118158,6957,1,"1"
3606.4014672116259,118140,6975,1,"1"
3609.8227085634549,118104,7011,2,"2"
3612.2224302954378,118086,7029,1,"1"
3644.6201787079317,118068,7047,1,"1"
3644.8024084340022,118050,7065,1,"1"
3649.0033727447581,118040,7075,1,"1"
3652.0285456955512,118022,7093,1,"1"
3667.3147818130406,118004,7111,1,"1"
3683.2463774229655,117995,7120,1,"1"
3689.9116928160515,117959,7156,2,"1-1"
3695.8545154605199,117923,7192,2,"1-1"
3700.839177853612,117905,7210,1,"1"
3720.6630434580757,117848,7267,5,"2-2-1"
3730.4539684446795,117830,7285,1,"1"
3731.7259656396495,117812,7303,1,"1"
3737.8627116589087,117794,7321,1,"1"
3745.5354524508962,117776,7339,1,"1"
3755.5683646180978,117758,7357,1,"1"
3767.6990816578837,117740,7375,1,"1"
3780.4936137015657,117684,7431,4,"3-1"
3783.4478087336565,117666,7449,1,"1"
3792.9275761971817,117648,7467,1,"1"
3799.7304254584565,117638,7477,1,"1"
3803.7330028325873,117621,7494,1,"1"
3812.0646592148323,117611,7504,2,"2"
3827.5239654084598,117319,7796,23,"11-4-2-1-1-1-1-1-1"
3834.5556405057191,117211,7904,6,"2-2-1-1"
3838.4957374479191,114815,10300,135,"117-3-3-2-2-1-1-1-1-1-1-1-1"
3848.7038234438487,114797,10318,1,"1"
3854.1865111192474,114757,10358,3,"2-1"
3858.717886788259,114739,10376,1,"1"
3870.3567304083772,114299,10816,34,"10-5-4-4-2-2-2-1-1-1-1-1"
3871.2118419052222,114263,10852,2,"2"
3877.0686234820391,114253,10862,1,"1"
3882.8191156051803,114243,10872,1,"1"
3913.4986473880417,114197,10918,4,"1-1-1-1"
3914.1612650569559,114179,10936,1,"1"
3915.2684850911696,114163,10952,1,"1"
3920.4370374459813,114127,10988,2,"2"
3920.8612321323276,114109,11006,1,"1"
3926.3661498267302,112518,12597,120,"18-9-9-8-8-4-4-4-4-4-4-3-3-3-3-3-2-2-2-2-2-1-1-1-1-1-1-1-1-1-1-1-1-1-1-1-1-1-1-1"
3932.3955412685432,112375,12740,9,"4-2-1-1-1"
3935.0657774878155,112357,12758,1,"1"
3938.3330243100254,112339,12776,1,"1"
3948.1880659679405,112303,12812,2,"2"
3955.4630243262086,112267,12848,3,"3"
3957.6042076552772,112253,12862,1,"1"
3959.6572233277284,112217,12898,2,"1-1"
3966.3683202127604,0,125115,6319,"6319"
