f,num_active_particles,num_deleted_particles,total_deleted_rods,avalanche_sizes
0,123479,0,0,"0"
172.85746934315512,123476,3,1,"1"
209.49529729899302,123458,21,1,"1"
227.12438722328056,123457,22,1,"1"
263.47073797959422,123456,23,1,"1"
272.17779624504323,123455,24,1,"1"
278.17206991733889,123454,25,1,"1"
280.16400077804832,123453,26,1,"1"
285.36090680637739,123437,42,1,"1"
328.85323535760358,123419,60,1,"1"
332.92207176442651,123401,78,1,"1"
368.25880342698872,123400,79,1,"1"
386.60519933081343,123399,80,1,"1"
398.46970567808256,123397,82,2,"2"
402.91479111017844,123390,89,1,"1"
429.04321717286325,123389,90,1,"1"
448.52695117259378,123383,96,2,"1-1"
459.03990976215994,123365,114,1,"1"
468.55436537779667,123364,115,1,"1"
472.79178226341901,123363,116,1,"1"
500.75071411153556,123362,117,1,"1"
502.57472586404106,123361,118,1,"1"
503.76617545855464,123354,125,1,"1"
516.90088389200253,123353,126,1,"1"
547.78792564867319,123352,127,1,"1"
556.30207825175796,123334,145,1,"1"
565.11995876673689,123333,146,1,"1"
568.94632157058584,123331,148,2,"2"
570.90992745580661,123324,155,1,"1"
580.16863755613701,123322,157,2,"2"
584.67585100245253,123312,167,1,"1"
595.10042146267699,123306,173,2,"1-1"
631.37891664829385,123288,191,1,"1"
648.91082234755049,123270,209,1,"1"
652.61752055295005,123269,210,1,"1"
706.39665883873761,123251,228,1,"1"
730.00306757712121,123233,246,1,"1"
730.21830357681222,123209,270,2,"2"
742.05010578873919,123197,282,1,"1"
745.55627646756807,123179,300,1,"1"
760.22657250436544,123161,318,1,"1"
782.56622488790515,123149,330,1,"1"
792.25747229034357,123148,331,1,"1"
792.6075911127316,123136,343,1,"1"
799.36419110754173,123118,361,1,"1"
803.5230064735,123117,362,1,"1"
806.48294990332101,123110,369,1,"1"
811.22881023185698,123101,378,1,"1"
840.30660418595517,123098,381,1,"1"
853.96417159254747,123092,387,2,"2"
855.16779060499994,123090,389,2,"2"
856.22264010641322,123088,391,2,"2"
859.00752221997095,123076,403,1,"1"
881.83257959888749,123075,404,1,"1"
884.77906924789261,123057,422,1,"1"
891.86590850326832,123043,436,1,"1"
895.18896232393467,123031,448,1,"1"
895.34152927222112,123030,449,1,"1"
911.92475218890434,123018,461,1,"1"
918.7164530324535,123016,463,2,"2"
937.70885931578277,123015,464,1,"1"
941.22425845497469,123003,476,1,"1"
949.65873244167301,122985,494,1,"1"
955.30464115942527,122984,495,1,"1"
958.44336278473975,122966,513,1,"1"
960.52617720072215,122964,515,2,"2"
960.80488602417483,122946,533,1,"1"
961.58576545759502,122928,551,1,"1"
970.78998370916781,122910,569,1,"1"
980.9834645416156,122892,587,1,"1"
1011.5583694030367,122874,605,1,"1"
1029.4185358059515,122838,641,2,"2"
1033.6079946728175,122826,653,1,"1"
1040.9010045050093,122815,664,1,"1"
1051.8804605099738,122797,682,1,"1"
1100.9436715978063,122792,687,1,"1"
1102.8424230091068,122789,690,1,"1"
1132.4946849669484,122784,695,1,"1"
1132.9255873382103,122782,697,2,"2"
1164.9954113906342,122779,700,1,"1"
1167.8582832221623,122778,701,1,"1"
1179.4421960217112,122760,719,1,"1"
1183.3816955385048,122751,728,1,"1"
1193.3749154940435,122737,742,6,"5-1"
1226.4201825988232,122719,760,1,"1"
1228.5198446601403,122701,778,1,"1"
1244.5454658053752,122698,781,1,"1"
1263.2105639059505,122695,784,1,"1"
1304.5623656413225,122677,802,1,"1"
1328.051203055192,122674,805,1,"1"
1331.2879289057998,122566,913,6,"5-1"
1337.7797885312618,122563,916,1,"1"
1408.3944602572826,122556,923,1,"1"
1420.0378786796571,122532,947,2,"2"
1427.0402209400252,122521,958,1,"1"
1436.1950652531114,122520,959,1,"1"
1445.9395884617827,122519,960,1,"1"
1450.5743567527586,122483,996,2,"2"
1451.1183698188038,122465,1014,1,"1"
1466.1785394579456,122464,1015,1,"1"
1469.4877248303881,122446,1033,1,"1"
1470.3845683528502,122445,1034,1,"1"
1484.9626473992723,122427,1052,2,"2"
1500.539576383374,122426,1053,1,"1"
1512.5778593180553,122417,1062,3,"2-1"
1514.8029236134341,122412,1067,1,"1"
1536.4135451204629,122400,1079,1,"1"
1538.594958598982,122397,1082,1,"1"
1542.8843684286387,122379,1100,1,"1"
1543.3043453836281,122376,1103,1,"1"
1544.5429500717623,122373,1106,1,"1"
1552.5903117288958,122355,1124,1,"1"
1563.0087012884253,122351,1128,2,"2"
1572.5865832321531,122341,1138,2,"1-1"
1607.5459393664553,122323,1156,1,"1"
1618.1801003792627,122305,1174,1,"1"
1623.4829548591724,122287,1192,1,"1"
1643.3976868923114,122269,1210,1,"1"
1646.5582983651634,122251,1228,1,"1"
1653.7096713275489,122246,1233,1,"1"
1675.2051679855067,122236,1243,1,"1"
1684.8551777521784,122218,1261,1,"1"
1691.3841898180658,122213,1266,1,"1"
1704.1356123987089,122203,1276,2,"2"
1727.7512389465783,122200,1279,1,"1"
1728.2776318213321,122193,1286,1,"1"
1729.6120881700831,122175,1304,1,"1"
1736.1116688744808,122165,1314,1,"1"
1743.5007159801269,122147,1332,1,"1"
1744.731717212507,122129,1350,1,"1"
1754.6228828595908,122111,1368,1,"1"
1758.4003492844377,122093,1386,1,"1"
1766.3125123184132,122082,1397,1,"1"
1767.3726270593659,122064,1415,1,"1"
1780.2055157707055,122058,1421,2,"2"
1786.946986448479,122055,1424,1,"1"
1790.8796673485647,122052,1427,1,"1"
1794.75951563987,122034,1445,1,"1"
1798.5557625995607,122024,1455,1,"1"
1805.088776698623,121988,1491,2,"2"
1820.6945807771815,121976,1503,1,"1"
1830.3485383572433,121962,1517,1,"1"
1836.6943047477678,121959,1520,1,"1"
1838.089628878693,121943,1536,1,"1"
1842.6978832316245,121925,1554,1,"1"
1845.9411180861143,121907,1572,1,"1"
1847.8367311004872,121889,1590,1,"1"
1849.3766034251976,121886,1593,1,"1"
1877.147270966032,121853,1626,2,"2"
1884.9737758310591,121835,1644,1,"1"
1889.5884323805615,121817,1662,1,"1"
1903.716583246664,121808,1671,1,"1"
1925.2826647311094,121790,1689,1,"1"
1970.7346293647627,121772,1707,1,"1"
1979.807978075796,121754,1725,1,"1"
1989.0000221837224,121718,1761,2,"2"
1992.7281206782268,121715,1764,1,"1"
2009.504864567906,121697,1782,1,"1"
2009.5704786881711,121692,1787,1,"1"
2027.6150519274784,121678,1801,1,"1"
2037.3287362699248,121665,1814,1,"1"
2061.6042515891495,121647,1832,1,"1"
2072.3901636094988,121634,1845,3,"2-1"
2074.5939958234571,121625,1854,1,"1"
2078.4545887805239,121615,1864,1,"1"
2079.6594539895837,121610,1869,1,"1"
2085.4655527390337,121574,1905,2,"2"
2090.4389741772056,121548,1931,2,"2"
2094.0497386908769,121530,1949,1,"1"
2106.9708646731215,121527,1952,1,"1"
2116.2679908744244,121509,1970,1,"1"
2123.570150797344,121491,1988,1,"1"
2131.0144523904896,121480,1999,1,"1"
2132.4249975846719,121467,2012,1,"1"
2144.2595294984208,121441,2038,6,"3-2-1"
2157.7831994973421,121438,2041,1,"1"
2166.489310246036,121424,2055,1,"1"
2170.5226429122995,121366,2113,4,"2-1-1"
2177.9582200994728,121354,2125,1,"1"
2181.1805766065636,121336,2143,1,"1"
2201.6777659072641,121330,2149,2,"2"
2230.9947931708334,121321,2158,3,"2-1"
2248.8993147925908,121316,2163,1,"1"
2257.5709019224851,121298,2181,1,"1"
2263.4899187939468,121280,2199,1,"1"
2274.2958479436425,121262,2217,1,"1"
2276.722408355372,121244,2235,1,"1"
2280.5599118371538,121226,2253,1,"1"
2281.5970834203094,121208,2271,2,"2"
2283.0964451801706,121190,2289,1,"1"
2284.0503519112617,121185,2294,1,"1"
2284.5501602654226,121167,2312,1,"1"
2284.8041884171744,121149,2330,1,"1"
2288.7492074245197,121131,2348,1,"1"
2292.6257825384678,121113,2366,1,"1"
2309.443539969192,121095,2384,1,"1"
2324.1773174156642,121077,2402,1,"1"
2347.9982551365842,121070,2409,1,"1"
2360.3895228079896,121065,2414,1,"1"
2361.6578426424639,121055,2424,1,"1"
2364.3773952496763,121049,2430,2,"2"
2368.9255669861427,121031,2448,1,"1"
2373.7982362403195,121019,2460,1,"1"
2393.1611186611958,120989,2490,2,"1-1"
2395.5804557735364,120980,2499,1,"1"
2398.7260098611646,120977,2502,1,"1"
2409.1728630026746,120965,2514,1,"1"
2416.4562194708051,120793,2686,11,"10-1"
2423.7203258184404,120775,2704,1,"1"
2424.3898131860492,120757,2722,1,"1"
2426.240878839214,120754,2725,1,"1"
2429.5641796092214,120742,2737,1,"1"
2431.1194489850795,120724,2755,1,"1"
2436.2162883249171,120717,2762,1,"1"
2444.0280648155258,120714,2765,1,"1"
2444.193715138189,120698,2781,1,"1"
2452.7773856265449,120680,2799,1,"1"
2459.4944824352979,120662,2817,1,"1"
2470.3717763380073,120633,2846,3,"3"
2474.2604500747107,120615,2864,1,"1"
2474.333881482431,120597,2882,1,"1"
2488.0057462239561,120579,2900,1,"1"
2508.7546328011867,120561,2918,1,"1"
2509.3109540737373,120551,2928,1,"1"
2517.3110948065491,120533,2946,1,"1"
2520.8481374143239,120515,2964,1,"1"
2532.853716283636,120508,2971,1,"1"
2535.9636550055552,120490,2989,1,"1"
2536.0478336462324,120487,2992,1,"1"
2537.8848543230047,120472,3007,5,"3-1-1"
2538.3701290200361,120454,3025,1,"1"
2538.5295370958047,120436,3043,1,"1"
2547.647304501962,120418,3061,1,"1"
2550.3303503922602,120408,3071,1,"1"
2563.4298308197785,120349,3130,7,"6-1"
2566.1525509975945,120346,3133,1,"1"
2569.1808611911351,120292,3187,3,"3"
2570.2289751966009,120274,3205,1,"1"
2571.1146677260176,120256,3223,2,"2"
2628.0145631325713,120238,3241,1,"1"
2633.4635594045294,120220,3259,1,"1"
2662.1622721438152,120215,3264,1,"1"
2664.0305990754659,120197,3282,1,"1"
2668.993608936918,120179,3300,1,"1"
2671.3624845791005,120168,3311,1,"1"
2672.9610744136239,120150,3329,1,"1"
2688.0449612033153,120132,3347,1,"1"
2691.5966120734047,120123,3356,3,"2-1"
2694.3717441944787,120105,3374,1,"1"
2713.55315019912,120087,3392,1,"1"
2715.4431340992651,120069,3410,1,"1"
2721.2951825163614,120051,3428,1,"1"
2728.4519036358888,120042,3437,1,"1"
2728.8263029745285,120024,3455,1,"1"
2736.5257920727327,120010,3469,2,"2"
2742.0366151742819,119992,3487,1,"1"
2743.821335364908,119989,3490,1,"1"
2745.4248070129465,119971,3508,1,"1"
2750.2630746059003,119966,3513,1,"1"
2758.2420127846453,119949,3530,3,"2-1"
2758.4407754185791,119931,3548,1,"1"
2761.6409395754031,119913,3566,1,"1"
2763.0200533516772,119895,3584,1,"1"
2764.1670259549583,119877,3602,1,"1"
2770.2745974393893,119859,3620,1,"1"
2772.6329484256148,119853,3626,2,"1-1"
2773.5565711548429,119835,3644,1,"1"
2778.850279798497,119817,3662,1,"1"
2782.6344604993869,119805,3674,1,"1"
2791.1574529069985,119798,3681,1,"1"
2791.7674460531284,119780,3699,1,"1"
2793.2581974309251,119658,3821,13,"5-2-2-1-1-1-1"
2804.3960110536382,119640,3839,1,"1"
2805.866868676319,119622,3857,1,"1"
2807.6685100919103,119607,3872,1,"1"
2811.1866727169472,119589,3890,1,"1"
2811.8043564508821,119582,3897,1,"1"
2819.2473595682955,119572,3907,1,"1"
2823.6276203613038,119554,3925,1,"1"
2834.25501196901,119536,3943,1,"1"
2835.7460608867805,119500,3979,3,"2-1"
2842.1477170015419,119490,3989,1,"1"
2853.6677679346149,119480,3999,2,"2"
2872.6003272954908,119456,4023,2,"2"
2876.3171825575851,119438,4041,1,"1"
2877.1004789974063,119420,4059,1,"1"
2877.535115642454,119413,4066,1,"1"
2878.1168583076819,119401,4078,1,"1"
2878.6447912571716,119383,4096,1,"1"
2883.070348165797,119365,4114,1,"1"
2887.6154103922104,119355,4124,1,"1"
2892.1914290405002,119337,4142,1,"1"
2905.489540537435,119321,4158,1,"1"
2922.200746336252,119285,4194,2,"2"
2926.7826517648959,119267,4212,1,"1"
2929.6378068001386,119249,4230,1,"1"
2935.1342142673507,119235,4244,2,"2"
2939.9655615616807,119199,4280,2,"1-1"
2943.643885975674,119181,4298,1,"1"
2948.4560352108597,119160,4319,3,"3"
2953.0829355594724,119142,4337,1,"1"
2958.597857619633,119124,4355,1,"1"
2959.6546172454441,119106,4373,1,"1"
2975.6064819926628,119062,4417,3,"3"
2979.9777203995695,119047,4432,1,"1"
2981.516868500174,119040,4439,1,"1"
2987.2515593568464,119022,4457,1,"1"
2993.5004321149536,119010,4469,2,"1-1"
3016.1173405060408,118981,4498,2,"2"
3016.6592811739138,118971,4508,1,"1"
3021.2586416622476,118953,4526,1,"1"
3029.0911959450063,118935,4544,1,"1"
3030.2647977061797,118917,4562,1,"1"
3033.2222895643667,118788,4691,13,"6-5-1-1"
3035.5103650900687,118770,4709,1,"1"
3040.7719407634549,118765,4714,1,"1"
3041.6209221470867,118745,4734,2,"1-1"
3057.8958703443923,118734,4745,1,"1"
3066.4341411507653,118716,4763,1,"1"
3069.6786259413466,118708,4771,2,"1-1"
3070.0129148629444,118690,4789,1,"1"
3074.0637698185492,118672,4807,1,"1"
3074.8910017994322,117128,6351,89,"84-3-1-1"
3075.8277712093154,117119,6360,1,"1"
3078.3630909564527,117101,6378,1,"1"
3082.4232316608745,117083,6396,1,"1"
3083.8344795403755,117070,6409,1,"1"
3086.7093779676388,117052,6427,1,"1"
3088.8577935271219,117034,6445,1,"1"
3091.9146144207102,117024,6455,1,"1"
3095.3227138607981,117006,6473,1,"1"
3097.4570430938497,116988,6491,1,"1"
3098.6065343195264,116972,6507,1,"1"
3098.6691071997839,116954,6525,1,"1"
3103.1568385094711,116944,6535,1,"1"
3122.4191399280353,116926,6553,1,"1"
3122.8985655933566,116893,6586,5,"2-1-1-1"
3126.6483189770215,116846,6633,4,"2-1-1"
3127.1973651726571,116828,6651,1,"1"
3149.8336742061624,116768,6711,6,"3-1-1-1"
3152.0421485210877,116750,6729,1,"1"
3163.8553361189984,116740,6739,2,"2"
3165.2294101866496,116704,6775,2,"2"
3167.2901631841087,116488,6991,12,"6-5-1"
3176.52284842173,116470,7009,1,"1"
3178.3943113553078,116440,7039,2,"2"
3178.8687556864761,116404,7075,2,"2"
3181.9299485844722,116390,7089,2,"2"
3185.0776299409031,116372,7107,1,"1"
3201.5962332530053,116354,7125,1,"1"
3204.8317448907601,116318,7161,2,"1-1"
3206.871255229672,116300,7179,1,"1"
3216.630162732165,116282,7197,1,"1"
3217.3040523983818,116264,7215,1,"1"
3230.1189148400308,116254,7225,1,"1"
3235.0525863772091,116236,7243,1,"1"
3239.6706697439504,116225,7254,1,"1"
3245.0120091190565,116201,7278,2,"2"
3250.2951043995026,116183,7296,1,"1"
3251.3462601889742,116021,7458,9,"9"
3254.5207454448605,116003,7476,2,"1-1"
3261.0275160326705,115985,7494,1,"1"
3266.8058059316036,115973,7506,1,"1"
3267.6850289185682,115955,7524,1,"1"
3268.1596790608551,115937,7542,1,"1"
3273.239111272635,115919,7560,1,"1"
3276.081495778491,115903,7576,1,"1"
3284.5530682515086,115885,7594,1,"1"
3284.9965696158943,115867,7612,1,"1"
3290.2887611709593,115849,7630,1,"1"
3292.814360264616,115842,7637,1,"1"
3293.2582516798002,115837,7642,1,"1"
3294.3477430158582,115819,7660,1,"1"
3299.3490153415446,115801,7678,1,"1"
3309.3973139861118,115783,7696,1,"1"
3317.1604238969212,115507,7972,27,"8-4-3-2-2-1-1-1-1-1-1-1-1"
3318.8895635892986,115316,8163,19,"8-3-2-2-1-1-1-1"
3327.2796768611879,115302,8177,1,"1"
3329.3276533444528,115244,8235,6,"3-2-1"
3330.807010063259,115226,8253,1,"1"
3332.6947153937599,115190,8289,3,"2-1"
3332.9383244584342,115108,8371,5,"4-1"
3343.3192933336777,115092,8387,1,"1"
3344.8531743472595,115087,8392,1,"1"
3351.7894524231569,114979,8500,6,"2-1-1-1-1"
3355.892042335196,114961,8518,1,"1"
3361.1435723195345,114883,8596,6,"2-2-1-1"
3366.5321174029827,114872,8607,1,"1"
3374.081658211041,114865,8614,1,"1"
3401.5369856805924,114847,8632,1,"1"
3402.4250554785945,114844,8635,1,"1"
3405.1655831961289,114826,8653,1,"1"
3409.9413209703248,114816,8663,1,"1"
3412.8418426755256,114794,8685,2,"2"
3419.6377469643512,114697,8782,11,"3-2-2-1-1-1-1"
3422.5539692099278,114681,8798,1,"1"
3436.9342809894642,114663,8816,1,"1"
3441.4021946853563,114645,8834,1,"1"
3453.191618127566,114632,8847,1,"1"
3459.1147199926195,114615,8864,1,"1"
3459.2278490558592,114579,8900,2,"1-1"
3461.4773979864549,114561,8918,1,"1"
3461.8641900614507,114427,9052,14,"7-4-2-1"
3463.3589799909209,114409,9070,1,"1"
3463.4445914647772,114319,9160,5,"3-2"
3465.6561304207294,114301,9178,1,"1"
3466.3222787997825,114283,9196,1,"1"
3485.2427804782164,114265,9214,1,"1"
3495.9459461240981,114229,9250,2,"1-1"
3499.970319057823,114067,9412,11,"5-2-2-1-1"
3501.1473023367821,114049,9430,1,"1"
3502.0237758036324,113959,9520,6,"2-2-1-1"
3502.8382358679423,113941,9538,1,"1"
3507.9237300034392,113905,9574,2,"2"
3515.4628272408518,113881,9598,2,"2"
3515.6056877749825,113863,9616,1,"1"
3522.9215697471109,113799,9680,5,"2-1-1-1"
3524.4151527658296,113781,9698,1,"1"
3529.6992438266025,113712,9767,7,"2-2-1-1-1"
3535.6158658143036,113694,9785,1,"1"
3542.5091941625701,113656,9823,3,"1-1-1"
3544.9753846990193,113638,9841,1,"1"
3550.3524306121462,113620,9859,1,"1"
3555.6405112814482,113602,9877,1,"1"
3574.998516005789,113566,9913,2,"2"
3575.9304851999673,113548,9931,1,"1"
3577.0992319690572,113208,10271,21,"6-4-3-2-2-1-1-1-1"
3613.4658362617974,113124,10355,5,"5"
3615.4913320836499,113102,10377,2,"1-1"
3616.5550238940646,113084,10395,2,"1-1"
3620.6800721550035,113066,10413,1,"1"
3622.3370370946336,113048,10431,1,"1"
3628.4761274218317,113030,10449,1,"1"
3630.9846168388653,113012,10467,1,"1"
3649.0336150722733,112994,10485,1,"1"
3660.2674975570421,112976,10503,1,"1"
3668.8843877823315,112949,10530,3,"1-1-1"
3668.9321759892032,112931,10548,1,"1"
3669.6475143037142,112906,10573,2,"2"
3675.7896073307179,112888,10591,1,"1"
3689.08112049289,112856,10623,3,"3"
3694.2476598152421,112838,10641,1,"1"
3701.697114172413,112618,10861,15,"5-3-2-1-1-1-1-1"
3703.8390153271853,112600,10879,1,"1"
3712.4046425833671,112582,10897,1,"1"
3716.6984499956297,112546,10933,2,"2"
3722.081000925948,112528,10951,1,"1"
3742.5369319023998,0,123479,6350,"6350"
----------------------------------------------1
0,123479,0,0,"0"
143.91621295202771,123467,12,1,"1"
172.74208481990581,123464,15,1,"1"
176.72693040138913,123463,16,1,"1"
181.54877445086086,123462,17,1,"1"
209.20419462081628,123461,18,1,"1"
222.91245049787065,123460,19,1,"1"
250.04731433723677,123442,37,1,"1"
252.07892833542866,123435,44,1,"1"
270.19274147065829,123417,62,1,"1"
288.24315322690029,123399,80,1,"1"
291.03990181306642,123398,81,1,"1"
302.49804013017513,123387,92,3,"3"
331.03080376619761,123386,93,1,"1"
332.87124122821916,123385,94,1,"1"
372.59621664255138,123384,95,1,"1"
382.21814879340172,123366,113,1,"1"
419.73339619882671,123363,116,1,"1"
422.31004140343543,123362,117,1,"1"
443.34000272992455,123350,129,1,"1"
444.37597593645268,123349,130,1,"1"
446.52509428482688,123348,131,1,"1"
452.76458208874635,123347,132,1,"1"
454.78314527079493,123346,133,1,"1"
474.49170976611288,123344,135,2,"2"
493.27558413543892,123343,136,1,"1"
508.98963090164489,123342,137,1,"1"
515.02384697313335,123335,144,1,"1"
520.5522103067384,123317,162,1,"1"
522.94895258456006,123316,163,1,"1"
544.07009864399845,123311,168,1,"1"
559.76882495067696,123299,180,1,"1"
576.20242095578158,123298,181,1,"1"
576.2551744392772,123296,183,2,"2"
586.17018765939679,123295,184,1,"1"
609.03981218295962,123293,186,2,"2"
614.11726394694836,123283,196,1,"1"
677.51485806760365,123267,212,1,"1"
691.53787682416566,123261,218,2,"1-1"
710.58743570340494,123243,236,1,"1"
744.02218850164093,123242,237,1,"1"
782.90949148035338,123228,251,1,"1"
795.39666179497749,123213,266,3,"3"
814.06009444583481,123212,267,1,"1"
841.08238108391004,123194,285,1,"1"
843.81222520212634,123191,288,1,"1"
855.41701588287958,123173,306,1,"1"
872.27955396987988,123155,324,1,"1"
879.31244067653597,123153,326,2,"2"
884.3014829788001,123135,344,1,"1"
890.68018307418356,123134,345,1,"1"
903.09939162461876,123116,363,1,"1"
922.87322776708129,123115,364,1,"1"
924.86883499325097,123114,365,1,"1"
926.2192705306644,123096,383,1,"1"
937.38108977354784,123094,385,2,"2"
938.47057018246858,123076,403,1,"1"
960.10101000915745,123075,404,1,"1"
962.58530355246626,123073,406,2,"2"
964.25354334013343,123055,424,1,"1"
969.15119374823121,123050,429,1,"1"
984.50161235547387,123032,447,1,"1"
987.8676292434576,123018,461,1,"1"
988.92644814350933,123017,462,1,"1"
993.2512175840119,123016,463,1,"1"
1005.5822594818425,123013,466,1,"1"
1017.7477188048864,122995,484,1,"1"
1028.2400186110572,122994,485,1,"1"
1031.111690878736,122991,488,1,"1"
1052.3698195852114,122973,506,1,"1"
1079.4405722703402,122955,524,1,"1"
1083.5236699048698,122937,542,1,"1"
1086.6111733021896,122930,549,1,"1"
1090.4375354449735,122912,567,1,"1"
1092.9325222116868,122894,585,1,"1"
1120.7501868688935,122878,601,1,"1"
1122.6712707019956,122877,602,1,"1"
1129.2761212079347,122859,620,1,"1"
1140.8850364397633,122823,656,2,"1-1"
1141.6857584224374,122809,670,1,"1"
1158.1226282626726,122808,671,1,"1"
1159.7733619042212,122790,689,1,"1"
1166.3361977392715,122788,691,2,"2"
1168.1012229413607,122770,709,1,"1"
1184.7834157398074,122761,718,1,"1"
1190.0128793415463,122743,736,1,"1"
1191.2066136634492,122733,746,1,"1"
1194.6425339306338,122726,753,1,"1"
1213.3206982502625,122725,754,1,"1"
1213.9024954040096,122722,757,1,"1"
1216.85360130244,122704,775,1,"1"
1244.2544549019858,122701,778,1,"1"
1250.0930817262072,122683,796,1,"1"
1258.7593947789217,122674,805,1,"1"
1264.5032830953935,122660,819,2,"2"
1303.4192730573243,122657,822,1,"1"
1307.1988655872512,122639,840,1,"1"
1308.5422922305356,122630,849,1,"1"
1313.3638103995754,122627,852,1,"1"
1314.5169160663222,122609,870,1,"1"
1318.9935105621166,122606,873,1,"1"
1337.6084612298439,122588,891,1,"1"
1344.9347153414967,122587,892,1,"1"
1347.0585727082714,122584,895,1,"1"
1350.9830667235442,122566,913,1,"1"
1365.557111849037,122548,931,1,"1"
1385.8772753684407,122530,949,1,"1"
1386.0536819563208,122513,966,1,"1"
1397.0446902451731,122495,984,1,"1"
1408.1987330855743,122477,1002,1,"1"
1419.8612434858876,122465,1014,1,"1"
1422.7193990606277,122464,1015,1,"1"
1425.5451372174196,122459,1020,1,"1"
1439.0312434163764,122458,1021,1,"1"
1439.6809818041654,122455,1024,1,"1"
1449.6182775844961,122419,1060,2,"2"
1453.2494141968209,122383,1096,3,"2-1"
1460.680346764407,122377,1102,2,"2"
1479.3140249487176,122376,1103,1,"1"
1482.8453758588778,122369,1110,1,"1"
1491.0274107224657,122358,1121,1,"1"
1494.1244766788054,122324,1155,2,"2"
1530.1689517347472,122306,1173,1,"1"
1534.5782488322977,122303,1176,1,"1"
1538.4095765422333,122302,1177,1,"1"
1553.7793919179039,122284,1195,1,"1"
1557.2845201313755,122268,1211,1,"1"
1558.3783624359794,122250,1229,1,"1"
1563.8656397752759,122247,1232,1,"1"
1576.7748352209549,122237,1242,1,"1"
1594.1547559070639,122227,1252,1,"1"
1595.886315950062,122217,1262,1,"1"
1605.4225210681636,122214,1265,1,"1"
1606.3924976308133,122211,1268,1,"1"
1614.0830066501699,122193,1286,1,"1"
1625.6554038852978,122182,1297,1,"1"
1632.918722770658,122179,1300,1,"1"
1640.0474396149264,122178,1301,1,"1"
1644.1078620879105,122168,1311,2,"2"
1650.6951427267747,122150,1329,1,"1"
1658.1496604655572,122132,1347,1,"1"
1664.1164967186658,122114,1365,1,"1"
1666.0910131073176,122096,1383,1,"1"
1670.856630487285,122078,1401,1,"1"
1675.300698013592,122060,1419,1,"1"
1704.7332954342505,121988,1491,4,"4"
1721.6169590576251,121970,1509,1,"1"
1729.3856213796639,121934,1545,2,"1-1"
1737.5987004493581,121921,1558,1,"1"
1741.944993012663,121903,1576,1,"1"
1744.6319531888646,121896,1583,1,"1"
1746.030844580722,121889,1590,1,"1"
1747.350187995243,121817,1662,4,"4"
1748.6119788052997,121811,1668,2,"2"
1750.2398312908163,121805,1674,2,"2"
1762.141018361237,121791,1688,2,"2"
1762.3455363519158,121773,1706,1,"1"
1764.6163722275503,121767,1712,2,"2"
1767.567188540258,121762,1717,1,"1"
1784.2915252173957,121744,1735,1,"1"
1786.505538159164,121726,1753,1,"1"
1788.5657179416719,121708,1771,1,"1"
1796.418983369872,121690,1789,1,"1"
1796.5733377242132,121674,1805,1,"1"
1804.2903658793855,121662,1817,1,"1"
1804.4869232896249,121644,1835,1,"1"
1816.5031310509976,121632,1847,1,"1"
1821.0772358138042,121620,1859,1,"1"
1822.962629272683,121602,1877,1,"1"
1823.1730934619802,121584,1895,1,"1"
1830.7116495378777,121570,1909,1,"1"
1838.5931330722613,121565,1914,1,"1"
1842.7210462902526,121547,1932,1,"1"
1886.5495184620931,121529,1950,1,"1"
1899.3288717227065,121511,1968,1,"1"
1901.9760010561927,121493,1986,1,"1"
1903.760970923254,121486,1993,1,"1"
1917.0800247346392,121472,2007,1,"1"
1920.569644736898,121461,2018,1,"1"
1923.3378053994945,121443,2036,1,"1"
1926.6641656914628,121429,2050,2,"2"
1932.0314333675692,121411,2068,1,"1"
1932.032494229976,121393,2086,1,"1"
1941.9507583765239,121386,2093,1,"1"
1945.6282188531163,121368,2111,1,"1"
1957.9261162333523,121350,2129,1,"1"
1974.0615471001236,121332,2147,1,"1"
1974.5114280494549,121314,2165,1,"1"
1993.1054260247806,121278,2201,2,"2"
1997.6084483167208,121256,2223,2,"2"
1997.7119959904744,121238,2241,1,"1"
1998.0979963106158,121222,2257,1,"1"
1999.9933088007811,121180,2299,3,"3"
2002.9905813006903,121162,2317,1,"1"
2004.2593916209023,121144,2335,1,"1"
2011.9106974967472,121113,2366,3,"3"
2017.4881602532016,121101,2378,1,"1"
2019.1556043815806,121089,2390,1,"1"
2027.5284551231268,121076,2403,1,"1"
2027.6655688324297,121069,2410,1,"1"
2033.0939706660281,121051,2428,1,"1"
2058.2681288408562,121033,2446,1,"1"
2070.996132722501,121030,2449,1,"1"
2092.0444946295197,121012,2467,1,"1"
2094.3700593706931,120994,2485,1,"1"
2097.9444274099992,120987,2492,1,"1"
2100.8250511233982,120969,2510,1,"1"
2105.0870874312636,120951,2528,1,"1"
2106.2719347594561,120933,2546,1,"1"
2111.2915182275597,120915,2564,1,"1"
2113.8005316519352,120901,2578,2,"2"
2116.5833422536389,120883,2596,1,"1"
2116.7640880060198,120860,2619,3,"2-1"
2121.330048862837,120842,2637,1,"1"
2133.1627647960099,120839,2640,1,"1"
2144.4155042059997,120821,2658,1,"1"
2178.631860956903,120803,2676,1,"1"
2179.925941040603,120800,2679,1,"1"
2183.1322263460343,120797,2682,1,"1"
2197.5630956473733,120775,2704,2,"2"
2212.7275754910402,120770,2709,1,"1"
2217.7957264564243,120754,2725,1,"1"
2222.0320059531377,120718,2761,2,"2"
2232.2831252461156,120698,2781,2,"2"
2270.2473945435358,120692,2787,2,"2"
2270.4929691112225,120610,2869,5,"3-2"
2292.9259595146787,120600,2879,1,"1"
2298.3973162151619,120586,2893,1,"1"
2308.2879808408525,120583,2896,1,"1"
2309.8366951393427,120565,2914,1,"1"
2313.5258286821063,120547,2932,1,"1"
2315.7597209653595,120538,2941,1,"1"
2337.1413704053202,120520,2959,1,"1"
2337.2193702455329,120505,2974,1,"1"
2343.8773820231531,120500,2979,1,"1"
2347.851676535859,120495,2984,1,"1"
2352.8736839184126,120477,3002,1,"1"
2356.0737986928034,120459,3020,1,"1"
2365.7364901065557,120387,3092,4,"3-1"
2372.407656216566,120378,3101,1,"1"
2375.4946360819699,120364,3115,2,"2"
2384.1154227200741,120346,3133,1,"1"
2390.9738951183103,120328,3151,1,"1"
2391.3675566688867,120310,3169,1,"1"
2422.0811279235763,120294,3185,1,"1"
2423.6053485813322,120288,3191,2,"2"
2427.1258079864797,120270,3209,1,"1"
2430.9431443910371,120216,3263,3,"2-1"
2435.0595968054108,120198,3281,1,"1"
2439.1117648810141,120180,3299,1,"1"
2444.165624860012,120162,3317,1,"1"
2485.4079583808239,120151,3328,1,"1"
2492.1314336026367,120133,3346,1,"1"
2498.7065744099273,120115,3364,1,"1"
2499.3996987647902,120097,3382,1,"1"
2513.6834188488501,120079,3400,2,"2"
2515.9472565435499,120076,3403,1,"1"
2531.4078600181851,120040,3439,2,"2"
2532.889587467565,120022,3457,1,"1"
2537.9494196156224,120004,3475,1,"1"
2541.9543727303003,119999,3480,1,"1"
2544.6666034855166,119984,3495,1,"1"
2547.9310873005043,119978,3501,2,"2"
2570.3522585891478,119968,3511,2,"1-1"
2570.820344597355,119952,3527,1,"1"
2591.8093536005508,119916,3563,2,"2"
2604.4715106679664,119898,3581,1,"1"
2610.8483921693983,119814,3665,10,"5-4-1"
2614.9298074495969,119796,3683,1,"1"
2617.4494016826047,119793,3686,1,"1"
2624.7008435677985,119768,3711,7,"3-1-1-1-1"
2624.7570910738709,119761,3718,1,"1"
2629.155575168189,119750,3729,1,"1"
2640.4846793328734,119745,3734,1,"1"
2644.370909073009,119727,3752,1,"1"
2645.7956863775171,119703,3776,2,"1-1"
2646.7218986107628,119623,3856,5,"3-1-1"
2646.8435098809937,119605,3874,1,"1"
2652.2504273837699,119602,3877,1,"1"
2695.5352166365142,119595,3884,1,"1"
2696.3605992770067,119577,3902,2,"1-1"
2710.0295217457797,119540,3939,7,"2-2-1-1-1"
2714.6223423657907,119522,3957,1,"1"
2718.4729918785015,119504,3975,1,"1"
2722.6897967265954,119486,3993,1,"1"
2726.5203037020615,119468,4011,2,"2"
2729.6256130992274,119463,4016,1,"1"
2730.872648577295,119445,4034,1,"1"
2738.9854311631602,119427,4052,1,"1"
2756.0737822551769,119409,4070,1,"1"
2759.9387451758776,119391,4088,1,"1"
2762.1206608922157,119355,4124,2,"2"
2765.5640036726068,119345,4134,2,"1-1"
2773.074091636689,119327,4152,1,"1"
2775.2425426580671,119288,4191,4,"2-2"
2791.2607335810471,119252,4227,2,"1-1"
2811.1770292655569,119234,4245,1,"1"
2820.5880204866194,119216,4263,1,"1"
2823.2513218264539,119198,4281,1,"1"
2828.3788559880727,119162,4317,2,"2"
2830.4555238818707,119144,4335,1,"1"
2835.2713869727149,119122,4357,2,"1-1"
2842.5255390563166,119115,4364,1,"1"
2847.8708336177829,119097,4382,1,"1"
2850.9452066946874,119090,4389,1,"1"
2851.0926936384149,119072,4407,1,"1"
2854.3330815985123,119054,4425,1,"1"
2855.6517073380005,119036,4443,1,"1"
2863.2420853538006,119018,4461,1,"1"
2877.7579207794261,119000,4479,1,"1"
2881.0616555507718,118982,4497,1,"1"
2885.4370836145154,118964,4515,1,"1"
2898.2984886698782,118946,4533,1,"1"
2909.3031060754388,118935,4544,3,"2-1"
2914.3227045468243,118917,4562,1,"1"
2918.6207955132822,118906,4573,1,"1"
2926.7024486292157,118888,4591,1,"1"
2948.8078578140371,118879,4600,1,"1"
2955.0433506578252,118868,4611,1,"1"
2963.2251149702965,118858,4621,1,"1"
2965.2067413301461,118843,4636,1,"1"
2966.8513819150971,118825,4654,1,"1"
2969.8079857801818,118807,4672,1,"1"
2972.0269538930452,118789,4690,1,"1"
2973.2512250004206,118771,4708,1,"1"
2973.6052297270976,118753,4726,1,"1"
2980.978203797838,118735,4744,1,"1"
2986.0833085151089,118699,4780,2,"2"
2988.6811720519122,118685,4794,2,"2"
2989.9437854257003,118667,4812,1,"1"
3022.2371701553861,118649,4830,1,"1"
3025.7809643426235,118631,4848,1,"1"
3036.9278029475249,118613,4866,1,"1"
3053.1657486689078,118595,4884,1,"1"
3061.3215245413317,118559,4920,2,"2"
3065.1022850123977,118523,4956,2,"2"
3069.5421019183068,118518,4961,1,"1"
3072.27063391615,118500,4979,1,"1"
3073.5523652195288,118464,5015,3,"3"
3079.1617587442529,118404,5075,4,"4"
3081.2365993594049,118391,5088,1,"1"
3088.5216644992015,118311,5168,5,"3-1-1"
3093.5264429650201,118293,5186,1,"1"
3098.9942003755705,118264,5215,3,"2-1"
3100.5948059050875,118246,5233,1,"1"
3122.4667181681393,118210,5269,2,"2"
3130.8198527388531,118118,5361,6,"4-2"
3131.6508567906308,118066,5413,3,"2-1"
3144.3958562539333,118030,5449,2,"2"
3145.5231082638938,118012,5467,1,"1"
3145.8634246619567,117994,5485,1,"1"
3147.660875518276,117991,5488,1,"1"
3153.793860036039,117973,5506,1,"1"
3158.3035780113642,117966,5513,1,"1"
3158.5216260047882,117930,5549,2,"1-1"
3159.3239068295966,117906,5573,2,"2"
3174.186582619112,117888,5591,1,"1"
3175.8910843115304,117875,5604,1,"1"
3178.5415365719441,117857,5622,1,"1"
3181.2952752964452,117520,5959,29,"12-3-2-2-2-2-1-1-1-1-1-1"
3190.2078233176408,117502,5977,1,"1"
3193.3141483572767,117448,6031,3,"2-1"
3200.0849556242047,117430,6049,1,"1"
3209.349305720455,117412,6067,1,"1"
3217.3508297133653,117394,6085,1,"1"
3217.6999294320767,117376,6103,1,"1"
3223.0747349011222,117358,6121,1,"1"
3231.8888251342187,117353,6126,1,"1"
3232.289219102905,117335,6144,1,"1"
3251.2174840837761,117317,6162,1,"1"
3251.2767567128762,117299,6180,1,"1"
3256.4412626229928,117281,6198,1,"1"
3267.3008924634723,117270,6209,1,"1"
3267.6025836973963,117234,6245,2,"2"
3267.708543108562,117216,6263,1,"1"
3271.0364087997177,117172,6307,3,"2-1"
3272.0002924096002,117165,6314,1,"1"
3287.8910822516996,117150,6329,1,"1"
3297.3086169224084,117088,6391,4,"2-1-1"
3298.354550525893,117060,6419,2,"2"
3301.8568961385658,116970,6509,5,"2-2-1"
3307.6282430931178,116842,6637,13,"4-3-1-1-1-1-1-1"
3310.7235713509895,116829,6650,1,"1"
3326.5088947348195,116811,6668,1,"1"
3339.2593230549937,116793,6686,1,"1"
3342.1094560550519,116775,6704,1,"1"
3350.095292189214,116757,6722,1,"1"
3356.3329438203937,116750,6729,1,"1"
3360.5895612412487,116698,6781,8,"2-2-2-1-1"
3361.3047128825874,116554,6925,8,"7-1"
3362.7881395008471,116518,6961,2,"1-1"
3379.1912598718932,116500,6979,1,"1"
3395.5214871334811,116490,6989,1,"1"
3397.1465538039861,116472,7007,1,"1"
3398.158779349917,116463,7016,1,"1"
3399.6118294261018,116435,7044,4,"3-1"
3402.2916861579506,116417,7062,1,"1"
3403.0995008604054,116381,7098,2,"2"
3408.3311617909735,116363,7116,1,"1"
3412.0351975220292,116345,7134,1,"1"
3417.3197390739115,116327,7152,1,"1"
3418.7293345904964,116293,7186,2,"2"
3425.8798732412702,116275,7204,1,"1"
3437.6869111021938,116257,7222,1,"1"
3441.8227132224201,116235,7244,2,"1-1"
3443.6914949151724,116217,7262,1,"1"
3456.2109367926355,116199,7280,1,"1"
3459.74120124503,116107,7372,9,"4-1-1-1-1-1"
3462.7864796298309,116094,7385,1,"1"
3467.1674165273535,116083,7396,1,"1"
3471.0439757273616,115989,7490,12,"2-2-2-1-1-1-1-1-1"
3479.2245820151838,115953,7526,2,"2"
3480.2149728389372,115935,7544,1,"1"
3490.2539912189541,115917,7562,1,"1"
3493.9487605854147,115903,7576,1,"1"
3499.6584372332518,115885,7594,1,"1"
3503.0635099214542,115867,7612,1,"1"
3503.7042083378269,115849,7630,1,"1"
3508.4591040817695,115823,7656,2,"1-1"
3512.0839523235986,115805,7674,1,"1"
3515.9759757090587,115787,7692,1,"1"
3519.2361459822191,115757,7722,2,"1-1"
3528.4058872318265,114776,8703,66,"21-16-3-2-2-2-2-2-2-1-1-1-1-1-1-1-1-1-1-1-1-1-1"
3536.6775375140924,114767,8712,1,"1"
3542.0644501618376,114760,8719,1,"1"
3543.6067610329751,114688,8791,4,"4"
3555.2575803515219,114670,8809,1,"1"
3568.7030749129131,114652,8827,1,"1"
3569.5710937608405,114597,8882,5,"3-1-1"
3572.1549555484053,114551,8928,3,"2-1"
3573.5311540717416,114533,8946,1,"1"
3575.9939134096239,114515,8964,1,"1"
3587.1161569199185,114497,8982,1,"1"
3588.2011970024628,114461,9018,2,"2"
3590.3425900004604,114443,9036,1,"1"
3595.875368485345,114373,9106,6,"2-2-1-1"
3600.6060063111809,114355,9124,1,"1"
3600.7964272314375,114131,9348,18,"3-3-2-2-2-2-1-1-1-1"
3605.4872441438247,113795,9684,21,"10-9-1-1"
3615.9593656301872,113759,9720,2,"1-1"
3618.3317053212531,113741,9738,1,"1"
3622.8769160877014,113705,9774,2,"1-1"
3627.7064123637156,113657,9822,4,"1-1-1-1"
3628.998224374935,113639,9840,1,"1"
3631.395958167459,113621,9858,1,"1"
3633.8470635109243,113603,9876,1,"1"
3634.9119794827188,113585,9894,1,"1"
3634.9417595961654,113525,9954,5,"2-2-1"
3651.7610956935014,113309,10170,12,"11-1"
3655.3627438125809,113302,10177,1,"1"
3664.6170047651503,113284,10195,1,"1"
3667.5541279479871,113275,10204,1,"1"
3671.8079103356699,113185,10294,5,"5"
3680.5039761751386,112977,10502,21,"6-2-2-1-1-1-1-1-1-1-1-1-1-1"
3683.3315720042256,112948,10531,3,"2-1"
3690.1345205582566,112930,10549,1,"1"
3699.0485590586459,112912,10567,1,"1"
3699.0669683079577,112894,10585,1,"1"
3706.5114952465219,112690,10789,20,"6-3-2-1-1-1-1-1-1-1-1-1"
3708.8218574014918,110752,12727,125,"75-10-5-5-4-2-2-2-2-2-2-2-1-1-1-1-1-1-1-1-1-1-1-1"
3708.8302134527507,110734,12745,1,"1"
3715.4202165623478,110724,12755,1,"1"
3716.6150022595352,110688,12791,2,"1-1"
3716.7767916979569,110658,12821,2,"2"
3720.6771538983644,110622,12857,2,"1-1"
3728.2286775045591,110604,12875,1,"1"
3738.0992305713517,110586,12893,1,"1"
3739.1660184970347,110568,12911,1,"1"
3740.7384566750061,110550,12929,1,"1"
3742.7397225005288,110458,13021,6,"3-2-1"
3743.595914784566,110440,13039,1,"1"
3744.8190267875789,110422,13057,1,"1"
3748.7400319797935,110404,13075,1,"1"
3756.9835481752202,110368,13111,2,"1-1"
3759.1546077243752,110350,13129,1,"1"
3761.6411599481871,110314,13165,2,"2"
3766.7629204828754,110026,13453,18,"4-4-3-2-1-1-1-1-1"
3767.0522506593416,110008,13471,1,"1"
3771.487620772391,0,123479,6186,"6186"
----------------------------------------------2
0,123479,0,0,"0"
77.976623386658218,123478,1,1,"1"
121.00100061161874,123460,19,1,"1"
178.23285868533674,123442,37,1,"1"
179.68573516126295,123424,55,1,"1"
195.09364307126728,123423,56,1,"1"
195.20763217252446,123422,57,1,"1"
203.73193175672628,123404,75,1,"1"
264.41674429126482,123403,76,1,"1"
292.894268445021,123391,88,1,"1"
329.69980042986151,123390,89,1,"1"
348.96518921131081,123389,90,1,"1"
360.94630811162847,123388,91,1,"1"
369.56900445332536,123370,109,1,"1"
387.09447296462992,123364,115,2,"2"
391.68523829873789,123363,116,1,"1"
392.92593433663933,123362,117,1,"1"
395.05268777533269,123361,118,1,"1"
418.22921206517748,123360,119,1,"1"
430.59146315509395,123342,137,1,"1"
451.73574031130647,123327,152,1,"1"
512.9565784174406,123326,153,1,"1"
528.09528253671772,123325,154,1,"1"
537.52838138954746,123307,172,1,"1"
549.12691985961419,123306,173,1,"1"
565.05879625546777,123298,181,2,"2"
565.55895514334964,123297,182,1,"1"
572.74077401240652,123279,200,1,"1"
589.82103869391392,123270,209,1,"1"
590.49570994950807,123268,211,2,"2"
604.0649307218381,123265,214,3,"2-1"
626.9037190639026,123258,221,1,"1"
657.02308810036789,123256,223,2,"2"
685.8093799143785,123244,235,1,"1"
694.78901579413332,123226,253,1,"1"
701.43697953652929,123225,254,1,"1"
702.29314225437849,123224,255,1,"1"
726.23212203314097,123206,273,1,"1"
744.51338007145648,123188,291,1,"1"
747.90216834314128,123176,303,1,"1"
753.11151912538094,123158,321,1,"1"
759.464881394489,123157,322,1,"1"
789.93614209396776,123147,332,1,"1"
790.25932495088466,123137,342,1,"1"
793.82334563313475,123134,345,1,"1"
802.40272717225923,123116,363,1,"1"
821.13507262932126,123113,366,1,"1"
829.10159635384991,123106,373,3,"3"
830.45543970234451,123088,391,1,"1"
837.34567485371304,123070,409,1,"1"
837.89159342145365,123069,410,1,"1"
841.01243261483376,123068,411,1,"1"
852.49106795237697,123067,412,1,"1"
853.93354285770977,123031,448,2,"1-1"
856.50001797859591,123013,466,1,"1"
873.44219536366211,123001,478,1,"1"
873.83738749166878,122990,489,1,"1"
890.94344889742138,122987,492,3,"3"
897.15356068241238,122986,493,1,"1"
900.73431931754362,122968,511,1,"1"
916.27605189452447,122950,529,1,"1"
928.23872456087577,122949,530,1,"1"
929.74732567374917,122935,544,2,"1-1"
940.90703532730743,122930,549,1,"1"
953.67432979746968,122923,556,1,"1"
962.58906090277208,122908,571,1,"1"
963.20208223161342,122898,581,1,"1"
979.31835484431519,122880,599,1,"1"
981.12313114382573,122873,606,3,"3"
986.46984368888354,122866,613,1,"1"
1013.816670267911,122863,616,1,"1"
1022.9172484001965,122845,634,1,"1"
1034.5804157360624,122842,637,3,"2-1"
1035.0719832170121,122824,655,1,"1"
1054.9836563754727,122806,673,1,"1"
1056.4485183885286,122788,691,1,"1"
1074.3928418327091,122786,693,2,"2"
1083.9138523399697,122768,711,1,"1"
1095.6475860984228,122750,729,1,"1"
1120.5049340993448,122732,747,1,"1"
1123.0355970876817,122730,749,2,"1-1"
1141.2922015134648,122712,767,1,"1"
1145.6306391230958,122694,785,1,"1"
1146.4695568432312,122693,786,1,"1"
1162.3598784701705,122686,793,1,"1"
1192.5382294138444,122668,811,1,"1"
1197.9900229418313,122665,814,1,"1"
1211.7155591317376,122662,817,1,"1"
1227.8455748867798,122644,835,1,"1"
1231.7116006111498,122637,842,1,"1"
1237.0223849920721,122619,860,1,"1"
1250.582823863122,122618,861,1,"1"
1251.1864341845035,122607,872,1,"1"
1253.1575533954044,122598,881,3,"2-1"
1253.256053060873,122580,899,1,"1"
1271.0118256615642,122568,911,1,"1"
1282.1803076482763,122550,929,1,"1"
1287.8883535639018,122541,938,1,"1"
1296.8477613551984,122523,956,1,"1"
1326.6392350093856,122521,958,2,"2"
1337.628894803202,122518,961,1,"1"
1339.2441720656616,122494,985,3,"2-1"
1356.0471445508608,122488,991,2,"2"
1360.4104307646485,122470,1009,1,"1"
1369.1073983832416,122461,1018,1,"1"
1371.2110416540836,122454,1025,1,"1"
1377.2477654091247,122451,1028,1,"1"
1398.2227030720967,122433,1046,1,"1"
1426.9823584420667,122430,1049,1,"1"
1442.7020789229912,122427,1052,1,"1"
1443.5767616938067,122403,1076,2,"2"
1448.884304534967,122349,1130,3,"3"
1453.4793411718385,122346,1133,1,"1"
1455.3340504444536,122328,1151,1,"1"
1459.6376834041157,122316,1163,1,"1"
1464.4061113921107,122226,1253,5,"5"
1468.4836984227977,122208,1271,1,"1"
1468.9821747810984,122190,1289,1,"1"
1500.2750067526767,122172,1307,1,"1"
1526.5113277888393,122165,1314,1,"1"
1533.2907676048985,122147,1332,1,"1"
1543.9696327312638,122138,1341,1,"1"
1563.5017534131221,122120,1359,1,"1"
1571.8032408222784,122117,1362,1,"1"
1574.936442468374,122099,1380,1,"1"
1587.9802255467062,122096,1383,1,"1"
1592.2948117388685,122078,1401,1,"1"
1609.7215976401114,122060,1419,1,"1"
1626.4533702418962,122057,1422,1,"1"
1633.6743111532919,122039,1440,1,"1"
1636.2698777131786,122036,1443,1,"1"
1656.9277903465297,122018,1461,1,"1"
1668.9557896665629,122006,1473,1,"1"
1680.199326412968,122001,1478,1,"1"
1690.061490197176,121991,1488,2,"2"
1718.4949707718229,121973,1506,1,"1"
1722.0889071146746,121960,1519,1,"1"
1774.5160273356844,121948,1531,1,"1"
1786.4378507193978,121859,1620,5,"5"
1788.2176014910829,121841,1638,1,"1"
1792.2517631218668,121838,1641,1,"1"
1808.2680261818775,121820,1659,1,"1"
1821.150435277573,121814,1665,2,"2"
1830.3066252069682,121796,1683,1,"1"
1842.7347227918206,121787,1692,1,"1"
1846.3300485114466,121782,1697,1,"1"
1853.4230164067728,121779,1700,1,"1"
1854.7720493225513,121761,1718,1,"1"
1858.5125526505274,121758,1721,1,"1"
1861.872033496496,121740,1739,1,"1"
1881.8265374169853,121730,1749,1,"1"
1898.4257014578284,121712,1767,1,"1"
1906.8466157932219,121694,1785,1,"1"
1909.2796096309376,121676,1803,1,"1"
1911.9123614196558,121658,1821,1,"1"
1918.6175687314117,121644,1835,1,"1"
1925.9852952811304,121626,1853,1,"1"
1933.4364532819843,121608,1871,1,"1"
1945.3588592174247,121599,1880,1,"1"
1948.8449503789998,121596,1883,1,"1"
1956.2843060208954,121578,1901,1,"1"
1958.0746456121797,121562,1917,1,"1"
1959.0979439727355,121544,1935,1,"1"
1964.2950237406819,121526,1953,1,"1"
1981.5563989641962,121508,1971,1,"1"
1997.0268707478851,121490,1989,1,"1"
2000.7337919528391,121456,2023,3,"2-1"
2006.554090117341,121438,2041,1,"1"
2011.2628294950725,121420,2059,1,"1"
2020.087870179693,121417,2062,1,"1"
2020.7606945888263,121412,2067,1,"1"
2023.0653230279036,121396,2083,1,"1"
2037.7041745641702,121378,2101,1,"1"
2039.5424602044463,121360,2119,1,"1"
2049.3635466532787,121346,2133,4,"2-1-1"
2052.9892052455871,121328,2151,1,"1"
2053.0281458312065,121317,2162,1,"1"
2084.3525238818165,121311,2168,2,"2"
2086.1281710240469,121302,2177,1,"1"
2092.7049161342125,121284,2195,1,"1"
2098.0406894830635,121266,2213,1,"1"
2099.4232104669636,121224,2255,3,"2-1"
2103.0076969080624,121188,2291,2,"1-1"
2104.7788706355327,121174,2305,1,"1"
2115.4374544453271,121171,2308,1,"1"
2155.6001013935306,121153,2326,1,"1"
2163.0723425113433,121141,2338,1,"1"
2184.7471680695703,121093,2386,3,"2-1"
2188.4003702805512,121083,2396,2,"2"
2190.3034504251041,121070,2409,3,"2-1"
2196.0858367392493,121052,2427,1,"1"
2213.3658731237238,121038,2441,1,"1"
2220.389355383139,121032,2447,2,"2"
2234.4293086180642,121029,2450,1,"1"
2242.0116366564544,121011,2468,1,"1"
2270.3429040721853,120979,2500,4,"2-1-1"
2287.4734264493259,120968,2511,1,"1"
2296.0225775376293,120950,2529,1,"1"
2302.1189313121072,120932,2547,1,"1"
2305.755689583501,120914,2565,1,"1"
2329.9352771695681,120909,2570,1,"1"
2332.8946275812223,120891,2588,1,"1"
2335.3296074448722,120875,2604,1,"1"
2338.7616955975814,120868,2611,1,"1"
2339.4191019710142,120855,2624,1,"1"
2342.0755586908945,120837,2642,1,"1"
2342.6754205039215,120819,2660,1,"1"
2344.212237525318,120801,2678,1,"1"
2344.8673818535558,120789,2690,1,"1"
2348.6612341645127,120777,2702,1,"1"
2353.3498854623913,120774,2705,1,"1"
2356.6380302958378,120771,2708,1,"1"
2357.0098662025002,120753,2726,1,"1"
2382.2677890514169,120735,2744,1,"1"
2395.0544026263292,120717,2762,1,"1"
2395.6691236532174,120710,2769,1,"1"
2395.9438842262643,120692,2787,1,"1"
2398.5731146824769,120687,2792,1,"1"
2409.2139713670126,120677,2802,2,"2"
2412.4334056143057,120651,2828,6,"5-1"
2413.2059117889266,120617,2862,2,"2"
2417.953474179611,120599,2880,1,"1"
2418.2370363881596,120581,2898,1,"1"
2418.7869866710448,120563,2916,1,"1"
2421.0239610223862,120529,2950,4,"3-1"
2422.4107281501265,120511,2968,1,"1"
2422.6049555364798,120499,2980,1,"1"
2425.4354084211768,120481,2998,1,"1"
2430.3103206724609,120476,3003,1,"1"
2440.7663060973155,120458,3021,1,"1"
2442.3217649314729,120440,3039,1,"1"
2458.5994969191515,120424,3055,1,"1"
2466.0280038312594,120406,3073,1,"1"
2478.0465072045304,120388,3091,1,"1"
2480.6280910788955,120370,3109,1,"1"
2485.3010381585405,120362,3117,2,"1-1"
2495.8809770595021,120352,3127,1,"1"
2496.5981590139063,120330,3149,2,"1-1"
2497.7097395923865,120312,3167,1,"1"
2499.6344525202958,120294,3185,1,"1"
2518.9376264345228,120276,3203,1,"1"
2528.9533667017004,120258,3221,1,"1"
2528.9911672606786,120226,3253,2,"1-1"
2531.7577501660985,120202,3277,2,"2"
2540.0906586938822,120199,3280,1,"1"
2541.5498743622393,120196,3283,1,"1"
2547.4272042366915,120148,3331,3,"3"
2548.7869681751386,120130,3349,1,"1"
2549.7587541905996,120112,3367,1,"1"
2555.2334584826376,120082,3397,2,"2"
2576.1950108563024,120064,3415,1,"1"
2576.3231500743373,120057,3422,1,"1"
2579.3512112569624,120039,3440,1,"1"
2589.2722649884086,120021,3458,1,"1"
2604.1353644460482,120003,3476,1,"1"
2604.510155229781,119996,3483,1,"1"
2605.8447304152219,119978,3501,1,"1"
2617.8692373001236,119966,3513,1,"1"
2620.0664412717715,119930,3549,2,"2"
2620.1762614949807,119916,3563,1,"1"
2649.2770486291492,119898,3581,1,"1"
2650.5714398953737,119880,3599,1,"1"
2662.0893923982553,119877,3602,1,"1"
2662.1299104187051,119859,3620,1,"1"
2662.2062871089565,119841,3638,1,"1"
2674.8665309711951,119809,3670,2,"1-1"
2682.7639620870846,119791,3688,1,"1"
2684.3459669940844,119773,3706,1,"1"
2701.8335181814418,119755,3724,1,"1"
2706.0150888872245,119737,3742,1,"1"
2709.8177231209525,119719,3760,1,"1"
2713.2219809678945,119701,3778,1,"1"
2713.6261437186167,119683,3796,1,"1"
2723.2008577355741,119665,3814,1,"1"
2724.6631694015309,119629,3850,2,"2"
2745.987960001788,119623,3856,2,"2"
2761.0456325522437,119587,3892,2,"2"
2773.5834311845679,119443,4036,9,"9"
2798.2405222799021,119415,4064,2,"2"
2810.433636485614,119397,4082,1,"1"
2812.2435253687745,119386,4093,3,"1-1-1"
2817.366343332983,119368,4111,1,"1"
2822.4332115225602,119350,4129,1,"1"
2824.7930749576631,119332,4147,1,"1"
2835.4617288908653,119314,4165,1,"1"
2840.1516236764128,119311,4168,1,"1"
2840.4200669743464,119275,4204,2,"2"
2856.8984068577861,119257,4222,1,"1"
2857.8596690863751,119243,4236,1,"1"
2875.5060391277184,119236,4243,1,"1"
2879.2486619508809,119218,4261,1,"1"
2881.765419955042,119200,4279,1,"1"
2908.9539561951992,119193,4286,1,"1"
2909.6287621962933,119181,4298,1,"1"
2916.5634729925432,119171,4308,1,"1"
2920.8022739439757,119156,4323,1,"1"
2951.6811929439932,119126,4353,2,"2"
2953.7125022498826,119110,4369,4,"2-1-1"
2955.0551708800276,119092,4387,1,"1"
2964.8206514170765,119074,4405,1,"1"
2978.461281129752,119056,4423,1,"1"
2981.5940059770173,119038,4441,1,"1"
2983.1394282918241,119031,4448,1,"1"
2984.7390930056008,119028,4451,1,"1"
2986.4573459828325,119018,4461,1,"1"
2986.7796553846351,119000,4479,1,"1"
2987.5114594750335,118984,4495,1,"1"
2988.7862777017131,118824,4655,10,"7-1-1-1"
2994.9550475877149,118794,4685,2,"2"
3003.149087905048,118791,4688,1,"1"
3005.4790939824843,118773,4706,1,"1"
3011.3558054122173,118741,4738,2,"2"
3017.5280895059791,118723,4756,1,"1"
3040.1082309170465,118705,4774,1,"1"
3043.2985558127998,118687,4792,1,"1"
3045.1585351466811,118669,4810,1,"1"
3050.8654981868999,118649,4830,4,"2-2"
3054.8018118185619,118631,4848,1,"1"
3059.935664989157,118613,4866,1,"1"
3062.4808001257411,118595,4884,1,"1"
3062.8281763389796,118577,4902,1,"1"
3065.5896120753587,118559,4920,1,"1"
3082.235993749096,118541,4938,1,"1"
3085.8590112451425,118507,4972,3,"2-1"
3086.0574951193789,118493,4986,1,"1"
3093.2359530898434,118475,5004,1,"1"
3101.8173610899494,118453,5026,2,"1-1"
3102.0133698208019,118444,5035,1,"1"
3102.7989556645111,118426,5053,1,"1"
3106.7902553999261,118408,5071,1,"1"
3109.0656266661435,118390,5089,1,"1"
3116.830176783591,118364,5115,2,"1-1"
3128.1936111820137,118352,5127,1,"1"
3132.1679459976972,118334,5145,1,"1"
3143.9377728524628,118286,5193,3,"2-1"
3155.9805714643908,118283,5196,1,"1"
3164.9467599849513,118265,5214,1,"1"
3176.6211549302129,118254,5225,1,"1"
3181.985213245147,118251,5228,1,"1"
3185.1003841962402,118208,5271,5,"2-2-1"
3188.6604712142484,118046,5433,12,"2-2-2-2-1-1-1-1"
3189.3824955967493,118025,5454,3,"2-1"
3206.0488246626401,117647,5832,21,"15-2-2-1-1"
3207.3960701028568,117629,5850,1,"1"
3219.0020099263488,117611,5868,1,"1"
3223.2449325528937,117593,5886,1,"1"
3233.963432009718,117586,5893,1,"1"
3235.8543410818506,117568,5911,1,"1"
3243.1658087797014,117550,5929,1,"1"
3243.9905675407776,117514,5965,2,"2"
3244.5145974248808,117496,5983,1,"1"
3252.1288368548185,117491,5988,1,"1"
3260.9410016976763,117473,6006,1,"1"
3263.5942235816456,117211,6268,18,"13-2-1-1-1"
3275.8081496559057,117193,6286,1,"1"
3289.7324433036306,117175,6304,1,"1"
3295.6261433984505,117157,6322,1,"1"
3302.2130258748384,117141,6338,1,"1"
3302.8562936748849,117119,6360,2,"1-1"
3314.8827460825942,117104,6375,1,"1"
3317.259781879216,117086,6393,1,"1"
3319.4954231944198,117068,6411,1,"1"
3323.5654349608108,117036,6443,2,"2"
3330.3257156964901,117029,6450,1,"1"
3330.5360426743346,116993,6486,2,"1-1"
3334.1152747473475,116975,6504,1,"1"
3335.5780187563478,116961,6518,1,"1"
3344.0344443206573,116943,6536,2,"2"
3353.0272515219726,116940,6539,1,"1"
3356.8771957348663,116933,6546,1,"1"
3357.9321967130149,116887,6592,3,"2-1"
3366.1930233819526,116884,6595,1,"1"
3369.0046520907686,116873,6606,1,"1"
3374.6901135271914,116819,6660,3,"2-1"
3382.3375696754933,116803,6676,1,"1"
3384.8425204361379,116785,6694,1,"1"
3387.5267029023971,116735,6744,3,"2-1"
3388.145607443385,116703,6776,2,"1-1"
3388.4665360273143,116685,6794,2,"2"
3408.0249768693002,116649,6830,2,"2"
3412.6653796504434,116631,6848,1,"1"
3415.9955205414158,116622,6857,1,"1"
3416.0984022566681,116604,6875,1,"1"
3416.2391532669026,116581,6898,2,"1-1"
3429.6305796346046,116497,6982,5,"3-1-1"
3437.0344997514208,116494,6985,1,"1"
3439.7299523108322,116487,6992,1,"1"
3445.9442650879901,116469,7010,1,"1"
3452.0796437171525,116433,7046,2,"2"
3458.7838599388206,116351,7128,8,"3-2-2-1"
3475.6203928119317,116333,7146,1,"1"
3486.7517253815108,116315,7164,1,"1"
3498.3444393711188,116310,7169,1,"1"
3505.5721357217767,116292,7187,1,"1"
3508.859044720457,116274,7205,1,"1"
3512.8438560916384,116238,7241,2,"2"
3520.3567578357079,116220,7259,1,"1"
3533.4211867757158,116202,7277,2,"2"
3534.1542578586177,116168,7311,2,"2"
3539.2972093716357,116150,7329,1,"1"
3541.2817669269039,116132,7347,1,"1"
3541.4182511617746,116118,7361,1,"1"
3550.9066602202224,116100,7379,1,"1"
3551.1714191078972,116082,7397,1,"1"
3555.4535762850273,116075,7404,1,"1"
3557.5719963103425,116057,7422,1,"1"
3557.9910739268039,116048,7431,1,"1"
3566.3154977856088,116037,7442,1,"1"
3575.0326695991434,116001,7478,2,"1-1"
3578.4654256793092,115996,7483,1,"1"
3584.0895072526955,115960,7519,2,"1-1"
3595.7156225351441,115922,7557,3,"3"
3606.9389325058755,115904,7575,1,"1"
3607.9842895631227,115901,7578,1,"1"
3609.7744159125587,115883,7596,1,"1"
3619.1449581723728,115568,7911,18,"16-1-1"
3629.0779945663544,115550,7929,1,"1"
3643.333713844359,115532,7947,1,"1"
3643.8123583117231,115514,7965,1,"1"
3651.2608492780441,115426,8053,6,"2-1-1-1-1"
3654.5942749957339,115342,8137,7,"2-2-1-1-1"
3654.9792856175436,115232,8247,8,"2-1-1-1-1-1-1"
3656.2555321621471,115192,8287,4,"2-2"
3657.0242786901067,115116,8363,9,"4-3-1-1"
3665.7921584255555,115000,8479,8,"3-2-1-1-1"
3666.6440084678484,114964,8515,2,"2"
3668.5587050163226,114864,8615,6,"2-1-1-1-1"
3673.5945703076586,114761,8718,8,"6-2"
3681.8903048217426,113675,9804,66,"42-4-2-2-2-2-1-1-1-1-1-1-1-1-1-1-1-1"
3702.6778445038344,113657,9822,1,"1"
3718.5243616923212,113648,9831,1,"1"
3719.954298314743,113630,9849,1,"1"
3721.5286342686268,113612,9867,1,"1"
3722.125344901453,113576,9903,2,"1-1"
3728.4159589556257,0,123479,6451,"6451"
----------------------------------------------3
0,123479,0,0,"0"
223.92406345635038,123478,1,1,"1"
240.7330823669507,123460,19,1,"1"
259.47105839551722,123458,21,2,"2"
280.81178434685677,123448,31,1,"1"
344.94976593904408,123447,32,1,"1"
363.07653006639907,123434,45,5,"2-2-1"
366.85353041428124,123433,46,1,"1"
368.10110446006189,123432,47,1,"1"
377.93183639834012,123431,48,1,"1"
387.46430926288235,123430,49,1,"1"
410.60558023665692,123412,67,1,"1"
452.30741764691146,123394,85,1,"1"
463.75524588285521,123393,86,1,"1"
500.08012446153811,123386,93,1,"1"
506.14823245540782,123385,94,1,"1"
508.35338888169883,123378,101,1,"1"
588.25388935419346,123375,104,1,"1"
591.97838720032371,123357,122,1,"1"
595.87784058306124,123346,133,1,"1"
609.8681794621715,123341,138,1,"1"
631.04965254709191,123323,156,1,"1"
635.43665845925966,123317,162,2,"2"
638.36301921507447,123299,180,1,"1"
670.72283746456128,123298,181,1,"1"
691.38812598738104,123226,253,4,"4"
700.62220079398094,123224,255,2,"2"
701.42633326368923,123223,256,1,"1"
702.98817688772567,123205,274,1,"1"
720.39820465583432,123193,286,1,"1"
728.47360932395986,123181,298,1,"1"
734.88663094216395,123180,299,1,"1"
758.55539813934342,123171,308,1,"1"
770.07931407038677,123159,320,6,"4-2"
771.4143871470859,123145,334,1,"1"
793.65930805716596,123144,335,1,"1"
802.54119104037238,123126,353,1,"1"
815.20512160382987,123125,354,1,"1"
818.87433503212753,123107,372,1,"1"
821.76160095794796,123089,390,1,"1"
822.25281147751969,123071,408,1,"1"
858.62183504649113,123066,413,1,"1"
860.9739972005267,123065,414,1,"1"
873.07270252958392,123053,426,1,"1"
892.83137296109442,123044,435,1,"1"
896.07782522879802,123026,453,1,"1"
913.11461602848954,123025,454,1,"1"
931.73100518571414,123007,472,1,"1"
941.98164942789219,123004,475,1,"1"
944.35248086565309,123002,477,2,"2"
960.40092946396396,122991,488,1,"1"
963.10076741164005,122990,489,1,"1"
974.15282095635735,122987,492,1,"1"
986.12925321896012,122986,493,1,"1"
990.69773883847779,122985,494,1,"1"
995.88314530592459,122967,512,1,"1"
999.5299086959086,122964,515,1,"1"
1005.5666375132672,122961,518,3,"3"
1010.2906302929224,122958,521,1,"1"
1020.7574585651631,122940,539,1,"1"
1030.5673034910697,122930,549,2,"2"
1031.7979419622095,122925,554,1,"1"
1041.5373987988189,122922,557,1,"1"
1049.5156212329309,122918,561,2,"1-1"
1063.9084151459117,122917,562,1,"1"
1065.3129290764928,122899,580,1,"1"
1089.7530795299822,122892,587,1,"1"
1090.0783889525189,122887,592,1,"1"
1094.5333958739373,122869,610,1,"1"
1097.7893183440901,122833,646,2,"2"
1099.2429030186265,122831,648,2,"2"
1101.1949510451191,122813,666,1,"1"
1110.1846114732871,122798,681,1,"1"
1138.87378241993,122788,691,1,"1"
1157.9154469847115,122786,693,2,"2"
1171.6592615503027,122768,711,1,"1"
1183.1234468848745,122750,729,1,"1"
1193.3749202108436,122732,747,1,"1"
1205.1379724562805,122702,777,2,"2"
1214.4296557137475,122684,795,1,"1"
1220.1560283985236,122666,813,1,"1"
1230.1529053471929,122648,831,1,"1"
1266.96448734767,122642,837,2,"2"
1269.7491924975052,122640,839,2,"2"
1279.7082944045815,122637,842,3,"2-1"
1281.2872509126269,122630,849,1,"1"
1304.0389766970372,122629,850,1,"1"
1312.7263555317447,122611,868,1,"1"
1341.2856228453716,122606,873,1,"1"
1342.623475980125,122588,891,1,"1"
1361.4900648688954,122571,908,1,"1"
1373.1084622244805,122553,926,1,"1"
1374.9112338440505,122535,944,1,"1"
1375.8028725790368,122517,962,1,"1"
1386.7946932439154,122516,963,1,"1"
1393.9943263011367,122513,966,1,"1"
1394.260467914055,122495,984,1,"1"
1403.1369911903043,122490,989,1,"1"
1411.5658844800673,122489,990,1,"1"
1416.1365395963196,122479,1000,2,"2"
1432.8708171859537,122476,1003,1,"1"
1436.0889149772456,122458,1021,1,"1"
1440.3929402083306,122455,1024,1,"1"
1442.109863312282,122437,1042,1,"1"
1449.133898202047,122419,1060,1,"1"
1457.8902097793687,122413,1066,2,"2"
1467.132040481197,122373,1106,5,"3-2"
1481.4763994968373,122368,1111,1,"1"
1484.3991231626833,122350,1129,1,"1"
1493.5605630289867,122347,1132,1,"1"
1509.0943088607196,122342,1137,1,"1"
1518.1216638436795,122332,1147,2,"2"
1520.2229916121976,122325,1154,1,"1"
1520.876522113851,122307,1172,1,"1"
1521.291335855075,122295,1184,1,"1"
1525.3556782697899,122277,1202,1,"1"
1527.9968183222743,122259,1220,1,"1"
1546.7262176478921,122235,1244,4,"2-2"
1564.2733508405388,122217,1262,1,"1"
1577.983609999384,122181,1298,2,"2"
1580.5525480394906,122166,1313,1,"1"
1581.3229345440245,122163,1316,1,"1"
1595.1063910545506,122160,1319,1,"1"
1596.6400249653325,122149,1330,1,"1"
1599.241946272341,122139,1340,1,"1"
1600.3574346506034,122132,1347,1,"1"
1611.8809441541985,122114,1365,1,"1"
1616.8288523487267,122078,1401,2,"1-1"
1626.6211457629286,122060,1419,1,"1"
1649.6422973258216,122048,1431,1,"1"
1666.4643147852187,122037,1442,1,"1"
1683.6369908639335,122019,1460,1,"1"
1685.7463588562862,122018,1461,1,"1"
1716.9676698958026,122000,1479,1,"1"
1727.2540881917153,121982,1497,1,"1"
1732.0102798115081,121964,1515,1,"1"
1736.5267059162989,121959,1520,1,"1"
1739.4727225509027,121941,1538,1,"1"
1741.1670223905221,121923,1556,1,"1"
1757.27639208758,121905,1574,1,"1"
1803.6701479696808,121887,1592,1,"1"
1804.1688150149994,121869,1610,1,"1"
1810.0386883783492,121851,1628,1,"1"
1827.9776818731243,121833,1646,1,"1"
1838.9596159578084,121815,1664,1,"1"
1840.4489843255556,121812,1667,1,"1"
1841.5950627552093,121794,1685,1,"1"
1857.8423850556305,121776,1703,1,"1"
1858.3996277547274,121762,1717,1,"1"
1860.4180231045132,121752,1727,2,"1-1"
1864.7932505830686,121749,1730,1,"1"
1879.8028015265047,121746,1733,1,"1"
1916.2661237599605,121728,1751,1,"1"
1918.5666931732646,121710,1769,1,"1"
1925.0720109646054,121674,1805,2,"1-1"
1933.0074410038847,121660,1819,1,"1"
1944.8973969628678,121642,1837,1,"1"
1947.9401903456458,121624,1855,1,"1"
1956.7579146217606,121606,1873,1,"1"
1956.8357492328805,121588,1891,1,"1"
1978.9453653804417,121581,1898,1,"1"
1981.4714943499735,121571,1908,1,"1"
1993.1315013996473,121553,1926,1,"1"
2009.7620905790804,121535,1944,1,"1"
2013.8847317743575,121523,1956,1,"1"
2033.4684848817499,121516,1963,1,"1"
2035.7960038333952,121492,1987,2,"1-1"
2051.47576716404,121464,2015,3,"3"
2052.999911935588,121446,2033,1,"1"
2054.6318139155687,121386,2093,4,"4"
2062.9719224142909,121368,2111,1,"1"
2071.1843091814007,121362,2117,2,"2"
2080.7721232085059,121353,2126,1,"1"
2089.1943497743337,121341,2138,1,"1"
2095.3230623201262,121323,2156,1,"1"
2097.1664419263016,121320,2159,1,"1"
2101.0645141939845,121302,2177,1,"1"
2108.7423662919296,121287,2192,1,"1"
2114.7320058374953,121269,2210,1,"1"
2118.271091369435,121266,2213,1,"1"
2139.5041226803787,121250,2229,1,"1"
2139.7161164314689,121232,2247,1,"1"
2139.7795323164632,121229,2250,1,"1"
2143.1469186016611,121219,2260,2,"1-1"
2153.0991169746403,121212,2267,1,"1"
2153.9916406983662,121194,2285,1,"1"
2168.1525363656401,121170,2309,2,"2"
2175.978564766061,121167,2312,1,"1"
2178.291557533666,121149,2330,1,"1"
2188.5238079237156,121140,2339,3,"1-1-1"
2191.0769248029051,121122,2357,1,"1"
2204.7204878930029,121104,2375,1,"1"
2243.8998943332563,121086,2393,1,"1"
2252.0177195540923,121068,2411,1,"1"
2260.9559042766837,121050,2429,1,"1"
2263.6370991018425,121032,2447,1,"1"
2264.0936618273199,121009,2470,5,"5"
2268.4822571311115,120991,2488,1,"1"
2268.5265894757613,120973,2506,1,"1"
2283.5458285140994,120919,2560,3,"3"
2289.7099799595098,120905,2574,2,"2"
2296.3550654946371,120887,2592,1,"1"
2311.0266059212531,120851,2628,2,"1-1"
2315.8926381950564,120846,2633,1,"1"
2322.709514146798,120832,2647,1,"1"
2335.7753035420546,120823,2656,1,"1"
2338.3694264573287,120805,2674,1,"1"
2348.9611271393219,120787,2692,1,"1"
2349.6170841225885,120769,2710,1,"1"
2350.3470296853197,120751,2728,1,"1"
2352.1417846795875,120738,2741,3,"2-1"
2353.2422682090173,120735,2744,1,"1"
2354.3315947604792,120717,2762,1,"1"
2357.5288692925528,120699,2780,1,"1"
2362.9429402400642,120681,2798,1,"1"
2366.2887601549214,120663,2816,1,"1"
2367.6402227636358,120645,2834,1,"1"
2375.2564584501993,120633,2846,1,"1"
2396.7661256663841,120623,2856,1,"1"
2404.8801943090757,120617,2862,2,"1-1"
2412.0854210263587,120610,2869,1,"1"
2441.9071870879293,120607,2872,1,"1"
2444.6999986614665,120587,2892,2,"2"
2449.0739471754086,120560,2919,5,"2-2-1"
2451.0374725312458,120516,2963,3,"2-1"
2451.7070864111042,120498,2981,1,"1"
2454.5669715560257,120480,2999,1,"1"
2459.7613238227873,120465,3014,1,"1"
2470.826296079952,120447,3032,1,"1"
2472.5378841427455,120419,3060,4,"2-1-1"
2478.1094120485241,120401,3078,1,"1"
2482.1120906596789,120360,3119,5,"3-1-1"
2484.4471188315688,120342,3137,1,"1"
2508.4722557516861,120324,3155,1,"1"
2534.072249604209,120306,3173,1,"1"
2540.3251535388677,120293,3186,1,"1"
2551.5543895966221,120275,3204,1,"1"
2557.7041623333521,120253,3226,2,"2"
2561.8208799757576,120250,3229,1,"1"
2562.2560355129526,120214,3265,2,"2"
2570.1907566749469,120202,3277,1,"1"
2572.871890348843,120184,3295,1,"1"
2577.8193098079437,120112,3367,5,"2-2-1"
2649.6418439165986,120094,3385,1,"1"
2661.8747788219907,120040,3439,3,"2-1"
2663.9594590475781,120022,3457,1,"1"
2670.1802569649553,120004,3475,1,"1"
2674.297625489502,119986,3493,1,"1"
2675.6072386690012,119932,3547,3,"1-1-1"
2679.9758195633835,119914,3565,1,"1"
2680.933881533465,119896,3583,1,"1"
2686.8676554323879,119842,3637,3,"3"
2688.306570390982,119817,3662,3,"3"
2695.2436314552383,119812,3667,1,"1"
2699.1687869761536,119796,3683,1,"1"
2708.9777895368666,119793,3686,1,"1"
2709.0623847093898,119775,3704,1,"1"
2715.0302344081351,119757,3722,1,"1"
2719.3550586844076,119754,3725,1,"1"
2720.7589549426484,119736,3743,1,"1"
2743.6562630549229,119718,3761,2,"2"
2756.3496123239174,119700,3779,1,"1"
2760.6461970264545,119666,3813,2,"2"
2774.5089377105487,119648,3831,1,"1"
2775.9241409699885,119618,3861,2,"2"
2781.3029195894037,119600,3879,1,"1"
2810.2022725985512,119594,3885,2,"2"
2812.1047407649116,119576,3903,1,"1"
2813.3602634098193,119540,3939,2,"1-1"
2823.0731397175587,119522,3957,1,"1"
2825.095842759235,119504,3975,1,"1"
2828.9369385074838,119497,3982,1,"1"
2833.1577752224243,119457,4022,3,"3"
2833.5855575091655,119439,4040,1,"1"
2833.9043880053614,119432,4047,1,"1"
2838.0135988642505,119429,4050,1,"1"
2841.5625391387152,119411,4068,1,"1"
2849.6991602267831,119393,4086,1,"1"
2866.4016825286167,119382,4097,1,"1"
2869.2459639063454,119346,4133,2,"2"
2874.4700724304762,119328,4151,1,"1"
2878.8173685690299,119323,4156,1,"1"
2880.7800665875939,119311,4168,1,"1"
2887.3081464334041,119289,4190,2,"2"
2892.9379907034581,119279,4200,1,"1"
2903.4897390654783,119233,4246,5,"3-1-1"
2907.7702170026396,119215,4264,1,"1"
2928.0345617265421,119197,4282,1,"1"
2933.2206197190458,119188,4291,1,"1"
2951.2416345654847,119164,4315,4,"4"
2951.6525202912994,119151,4328,1,"1"
2968.4747811167504,119133,4346,1,"1"
2974.4571924893812,119115,4364,2,"1-1"
2984.0388405235212,119097,4382,1,"1"
2985.9823776919479,119043,4436,3,"2-1"
2995.4092600921281,119025,4454,1,"1"
2996.0041773969097,119013,4466,1,"1"
2997.6451166803777,118995,4484,1,"1"
3003.1770689259165,118990,4489,1,"1"
3009.1931584241788,118972,4507,1,"1"
3017.5461913777217,118954,4525,1,"1"
3021.4102537568101,118886,4593,5,"4-1"
3035.0903928156099,118868,4611,1,"1"
3036.2931842455869,118858,4621,2,"2"
3037.1952092229994,118840,4639,1,"1"
3040.6133465258199,118828,4651,1,"1"
3050.1989569541392,118795,4684,2,"2"
3071.1341348596111,118777,4702,1,"1"
3079.2924239900281,118759,4720,1,"1"
3084.8402154268606,118741,4738,1,"1"
3097.0220252416234,118723,4756,1,"1"
3099.0009969497146,118713,4766,1,"1"
3105.7170364984609,118706,4773,1,"1"
3110.641985888692,118688,4791,1,"1"
3113.9809489615491,118670,4809,1,"1"
3137.7795413433851,118652,4827,1,"1"
3139.2892474397836,118641,4838,1,"1"
3142.5312854251356,118623,4856,1,"1"
3145.166046281523,118605,4874,1,"1"
3155.6012936286979,118587,4892,1,"1"
3156.5753400065228,118553,4926,2,"2"
3159.5130168270357,118535,4944,1,"1"
3164.3122330968663,118517,4962,1,"1"
3167.1710302448205,118507,4972,1,"1"
3181.3784428221793,118489,4990,1,"1"
3182.3647056916284,118470,5009,3,"2-1"
3193.9316410874039,118452,5027,1,"1"
3199.4779956776583,118434,5045,1,"1"
3210.3655225629936,118405,5074,2,"2"
3215.3140297603131,118387,5092,1,"1"
3219.3497526074789,118351,5128,2,"2"
3233.436840592834,118297,5182,3,"3"
3234.9505614921923,118294,5185,1,"1"
3236.1578286294648,118276,5203,1,"1"
3242.3291135809218,118258,5221,1,"1"
3242.8510067744205,118240,5239,1,"1"
3244.7744026631253,118222,5257,1,"1"
3246.0878701576285,118204,5275,1,"1"
3254.2850087407455,118186,5293,1,"1"
3265.4246005312871,118168,5311,1,"1"
3267.4624613906867,118150,5329,1,"1"
3274.5545945207045,118136,5343,2,"2"
3274.8348946214792,118118,5361,1,"1"
3275.6586661747306,118100,5379,1,"1"
3276.1010030608668,118064,5415,2,"1-1"
3279.5061571321407,118053,5426,1,"1"
3300.1578718102755,118035,5444,1,"1"
3303.0719689180742,118017,5462,1,"1"
3316.9545211207815,118006,5473,1,"1"
3318.6841006429822,117996,5483,1,"1"
3319.6312955787612,117978,5501,1,"1"
3320.2520987017365,117960,5519,1,"1"
3322.2687420536013,117942,5537,1,"1"
3322.3868186242171,117924,5555,1,"1"
3323.147983194458,117906,5573,1,"1"
3325.9287679729987,117888,5591,1,"1"
3339.4414403707651,117870,5609,1,"1"
3341.7993719889428,117831,5648,3,"1-1-1"
3343.3545844253354,117797,5682,2,"2"
3348.921864368705,117527,5952,15,"15"
3353.9599882995699,117516,5963,1,"1"
3357.407091976128,117498,5981,1,"1"
3359.8990055043992,117493,5986,1,"1"
3363.3076368802672,117475,6004,1,"1"
3371.1761238740219,117459,6020,2,"1-1"
3371.3493179592642,117440,6039,3,"2-1"
3373.197648998806,117435,6044,1,"1"
3385.4467792720707,117411,6068,2,"2"
3390.5752984697688,117400,6079,1,"1"
3392.1106916968702,117382,6097,1,"1"
3395.7298633308123,117369,6110,1,"1"
3414.6399520343298,117287,6192,6,"2-1-1-1-1"
3416.4210088349,117269,6210,1,"1"
3418.8760100486875,117251,6228,1,"1"
3425.3476031844384,117233,6246,1,"1"
3425.8276305955701,117215,6264,1,"1"
3427.5325468694336,117203,6276,1,"1"
3448.1919450288342,117192,6287,1,"1"
3453.7318606167905,117187,6292,1,"1"
3455.3285233882839,117151,6328,2,"2"
3455.3629011406133,117115,6364,2,"2"
3456.7347965769513,117097,6382,1,"1"
3471.96278575723,117086,6393,1,"1"
3473.000839064453,117050,6429,2,"2"
3474.5930985455016,117043,6436,1,"1"
3491.3310741425494,117025,6454,1,"1"
3492.7046083235296,116981,6498,4,"3-1"
3494.9460750042799,116927,6552,3,"2-1"
3497.0966200974194,116855,6624,4,"2-2"
3500.9688827340815,116845,6634,1,"1"
3501.1546218747267,116827,6652,1,"1"
3511.349098733333,116817,6662,1,"1"
3513.7590965786007,116799,6680,1,"1"
3515.1295693576026,116781,6698,1,"1"
3516.0907525286239,116751,6728,2,"2"
3520.1462671561535,116733,6746,1,"1"
3520.6192945504172,116679,6800,3,"3"
3522.4920486550823,116661,6818,1,"1"
3528.936619625601,116650,6829,1,"1"
3532.661017340019,116468,7011,12,"8-3-1"
3549.8458547762384,116414,7065,3,"2-1"
3558.6154546017165,116226,7253,14,"4-3-2-2-1-1-1"
3563.5791601241949,116213,7266,1,"1"
3566.4488910895152,116195,7284,1,"1"
3566.5274747190433,116183,7296,1,"1"
3576.6747711953108,116174,7305,1,"1"
3597.7746862831996,116125,7354,4,"3-1"
3600.1718155937237,116107,7372,1,"1"
3608.4556957230561,116100,7379,1,"1"
3617.3649562382025,116082,7397,1,"1"
3627.8031296444369,116064,7415,1,"1"
3630.4776033990452,116046,7433,1,"1"
3634.4939405090308,116028,7451,1,"1"
3637.795481651428,115999,7480,3,"1-1-1"
3647.3215155232597,115919,7560,8,"3-2-1-1-1"
3659.1190076539542,115914,7565,1,"1"
3660.9931720828927,115878,7601,2,"2"
3667.7643712927702,115860,7619,1,"1"
3669.8170622816092,115806,7673,3,"2-1"
3673.4827215702212,115788,7691,1,"1"
3675.127556908139,115770,7709,1,"1"
3677.8660349947108,115752,7727,1,"1"
3681.4325896735222,115747,7732,1,"1"
3685.5599736829622,115729,7750,1,"1"
3687.1333545233201,115711,7768,1,"1"
3687.254621359285,115693,7786,1,"1"
3687.6788738577325,115675,7804,1,"1"
3690.5412541686715,115663,7816,1,"1"
3691.5599163180186,115652,7827,1,"1"
3691.6085011123882,115610,7869,3,"3"
3705.5384622104862,115592,7887,1,"1"
3706.4278635493083,115574,7905,1,"1"
3710.439119752602,115556,7923,1,"1"
3715.1957736266354,115538,7941,1,"1"
3720.9977643600519,115520,7959,1,"1"
3721.6967227100067,115481,7998,3,"1-1-1"
3725.0812714120343,115469,8010,1,"1"
3729.6250629004248,115451,8028,1,"1"
3734.5533698963127,115438,8041,1,"1"
3736.4103877815469,115222,8257,12,"9-1-1-1"
3745.4371715868847,115169,8310,3,"2-1"
3748.2471991056736,115151,8328,1,"1"
3755.7213248645908,115137,8342,2,"1-1"
3762.0264810691679,115114,8365,3,"2-1"
3762.3519951097983,115096,8383,1,"1"
3767.8816983402285,115050,8429,4,"1-1-1-1"
3774.7137476331131,115032,8447,1,"1"
3777.6297436118089,115022,8457,2,"2"
3779.2889451773094,114670,8809,22,"16-2-1-1-1-1"
3784.9890575638888,114660,8819,2,"2"
3787.0256463451969,114624,8855,2,"2"
3795.9505542547263,114606,8873,1,"1"
3798.028208319954,114588,8891,1,"1"
3806.5149632020934,114570,8909,1,"1"
3808.4113469821209,114534,8945,2,"1-1"
3809.5026093768352,114500,8979,3,"2-1"
3809.9380194822966,114482,8997,1,"1"
3811.9687961685095,114464,9015,1,"1"
3814.4827745620705,114396,9083,4,"2-1-1"
3814.6992641930251,114385,9094,1,"1"
3816.9197217624678,114367,9112,1,"1"
3826.4963431805309,114331,9148,2,"2"
3836.9416727242951,114313,9166,1,"1"
3841.7134440172895,114295,9184,1,"1"
3841.7524406230623,114277,9202,1,"1"
3844.226805682069,114259,9220,1,"1"
3851.9896416856882,114241,9238,1,"1"
3857.519912218057,114223,9256,1,"1"
3857.6526360367575,114205,9274,1,"1"
3870.404918988922,114187,9292,1,"1"
3878.5127931023208,114176,9303,1,"1"
3885.7504544591407,114169,9310,1,"1"
3886.9111830617903,114151,9328,2,"2"
3886.9637912701287,114133,9346,1,"1"
3888.0057438340805,114126,9353,1,"1"
3895.6123111686375,114108,9371,1,"1"
3900.3663870573564,114062,9417,6,"3-2-1"
3906.6467742135364,114053,9426,1,"1"
3908.1931504401155,114041,9438,1,"1"
3912.4593480788853,114023,9456,1,"1"
3922.4531562129046,114009,9470,1,"1"
3922.7133685470731,113991,9488,1,"1"
3931.8417316574828,113973,9506,1,"1"
3934.9122229996624,113955,9524,1,"1"
3936.5033059117313,113940,9539,1,"1"
3940.472095173187,113922,9557,1,"1"
3952.2497412700222,113904,9575,1,"1"
3952.2891872541572,113879,9600,3,"3"
3961.9134899673927,113861,9618,1,"1"
3964.3464612508692,113825,9654,2,"2"
3972.665026620969,113807,9672,1,"1"
3974.9463336783174,113751,9728,4,"2-2"
3975.6241312589154,113733,9746,1,"1"
3977.2793444668982,113715,9764,1,"1"
3978.400386189684,113697,9782,1,"1"
3980.4080506925688,112186,11293,89,"72-5-2-2-1-1-1-1-1-1-1-1"
3981.331941691632,112168,11311,1,"1"
3982.7020480596557,112150,11329,1,"1"
3986.2014504940107,112132,11347,1,"1"
3992.7320736958131,112118,11361,2,"1-1"
3993.2350366036526,112100,11379,1,"1"
3994.2089136806335,112082,11397,1,"1"
4000.5760942095576,112058,11421,2,"1-1"
4007.8401900159106,112040,11439,1,"1"
4011.1094648194758,111912,11567,12,"6-3-3"
4011.5498290661271,111894,11585,1,"1"
4013.2402778206942,111876,11603,1,"1"
4022.2318636811574,111858,11621,1,"1"
4026.3812836801085,111768,11711,5,"3-2"
4028.2695924770765,111620,11859,11,"5-3-1-1-1"
4041.703158274765,0,123479,6320,"6320"
----------------------------------------------4
0,123479,0,0,"0"
72.320610446246107,123478,1,1,"1"
121.23861930335966,123477,2,1,"1"
174.01397939003556,123459,20,1,"1"
236.62425154682259,123457,22,2,"2"
254.40441586688837,123455,24,2,"2"
264.41471886135884,123454,25,1,"1"
290.18993302735959,123453,26,1,"1"
297.68319727938569,123446,33,1,"1"
330.76529602331016,123428,51,1,"1"
352.62434871575874,123427,52,1,"1"
357.03053919511137,123417,62,1,"1"
368.60668504715079,123416,63,1,"1"
376.70432333549911,123398,81,1,"1"
401.99273036804448,123380,99,1,"1"
406.24697345829048,123379,100,1,"1"
416.20213290769846,123378,101,1,"1"
420.33873286936506,123368,111,4,"4"
423.07761056703498,123352,127,1,"1"
430.87984718063501,123351,128,1,"1"
432.82080791395356,123333,146,1,"1"
460.84528186510295,123328,151,1,"1"
462.04590055504571,123327,152,1,"1"
479.93959324689115,123326,153,1,"1"
515.56188314419126,123317,162,1,"1"
518.69652089032797,123316,163,1,"1"
556.64690093634761,123313,166,1,"1"
563.46394418586499,123301,178,1,"1"
567.17653559539065,123289,190,1,"1"
571.62792463535618,123288,191,1,"1"
615.29095360302824,123286,193,2,"2"
629.50211177456936,123284,195,2,"2"
641.01270227356736,123281,198,1,"1"
642.37738509416897,123280,199,1,"1"
642.54334134318208,123273,206,1,"1"
669.62414853111147,123255,224,1,"1"
679.63676229850341,123237,242,1,"1"
690.48737823269119,123219,260,1,"1"
690.7849552659759,123214,265,1,"1"
702.48075962730036,123190,289,2,"2"
729.87649715657687,123188,291,2,"2"
751.42930340037708,123186,293,2,"2"
752.64810910419465,123179,300,1,"1"
763.71090139855028,123163,316,1,"1"
781.25723623273984,123151,328,1,"1"
800.31703695467377,123139,340,1,"1"
803.05206340515849,123121,358,1,"1"
804.00504551502843,123104,375,1,"1"
804.97145958514136,123103,376,1,"1"
818.77004164036032,123085,394,1,"1"
826.56859646137036,123067,412,1,"1"
834.49407486137113,123057,422,1,"1"
857.12060266255151,123056,423,1,"1"
863.39590392694083,123055,424,1,"1"
866.71083356162342,123050,429,1,"1"
870.81618642971034,123038,441,1,"1"
871.84700415264899,123037,442,1,"1"
875.1624819915728,123019,460,1,"1"
894.59219685932624,123006,473,1,"1"
901.1980671672851,122988,491,1,"1"
932.63980356600882,122987,492,1,"1"
968.11680453613826,122986,493,1,"1"
971.30502731391732,122977,502,3,"2-1"
992.49413629134051,122976,503,1,"1"
1010.1225913007612,122958,521,1,"1"
1012.2635585240897,122946,533,2,"2"
1034.3431887163636,122934,545,1,"1"
1036.393068540646,122933,546,1,"1"
1038.8565441963797,122915,564,1,"1"
1041.0640134599398,122897,582,1,"1"
1067.894890739178,122889,590,2,"1-1"
1073.6756984601675,122882,597,1,"1"
1086.8092829762502,122864,615,1,"1"
1090.3531919107747,122857,622,1,"1"
1094.5595089064618,122847,632,1,"1"
1120.3612628684457,122829,650,1,"1"
1131.0884446986099,122828,651,1,"1"
1143.305619855621,122825,654,1,"1"
1162.0219840587563,122807,672,1,"1"
1164.7006269029248,122802,677,1,"1"
1189.3014534472343,122790,689,1,"1"
1214.1442566596641,122772,707,1,"1"
1218.9031803672942,122771,708,1,"1"
1222.1493070065724,122768,711,1,"1"
1228.3101134265571,122764,715,2,"1-1"
1273.6971114317751,122762,717,2,"1-1"
1284.1576247969697,122744,735,1,"1"
1289.5941603740457,122743,736,1,"1"
1289.6812509249339,122719,760,2,"2"
1320.4907732849078,122701,778,1,"1"
1321.0161084590402,122699,780,2,"2"
1361.9728442333655,122698,781,1,"1"
1388.6698691575614,122680,799,1,"1"
1405.0388564915283,122679,800,1,"1"
1413.7433003411222,122672,807,3,"2-1"
1420.7166202141138,122654,825,1,"1"
1434.0893081442496,122653,826,1,"1"
1439.7217598495222,122646,833,1,"1"
1458.3277263465748,122610,869,2,"2"
1461.5842162492572,122607,872,1,"1"
1464.4707423328889,122604,875,1,"1"
1481.8427869759707,122586,893,1,"1"
1482.5538619073104,122576,903,2,"2"
1518.9889815633187,122558,921,1,"1"
1522.0166829561495,122546,933,2,"2"
1526.1961944417287,122528,951,1,"1"
1553.0462277059717,122525,954,1,"1"
1554.8975877344876,122507,972,1,"1"
1566.6625214955407,122489,990,1,"1"
1566.6883848412438,122471,1008,1,"1"
1569.7130022064562,122468,1011,1,"1"
1570.4010658719585,122465,1014,1,"1"
1572.8180512461558,122462,1017,1,"1"
1586.0144649475189,122444,1035,1,"1"
1591.0132080556173,122437,1042,1,"1"
1598.2525446962095,122430,1049,1,"1"
1603.4630712397955,122412,1067,1,"1"
1607.2396843549054,122396,1083,1,"1"
1607.6355972307713,122378,1101,1,"1"
1611.7393585162711,122360,1119,1,"1"
1616.7424100243038,122342,1137,1,"1"
1624.6247317792349,122337,1142,1,"1"
1632.6896079958387,122319,1160,1,"1"
1636.8855628517751,122283,1196,2,"1-1"
1651.0629219460038,122265,1214,1,"1"
1659.5025372050652,122247,1232,1,"1"
1660.0095204118766,122234,1245,1,"1"
1662.8791231181381,122216,1263,1,"1"
1671.5472656350771,122198,1281,1,"1"
1675.227076233301,122195,1284,1,"1"
1689.4068408819073,122177,1302,1,"1"
1695.5544160308489,122170,1309,1,"1"
1706.3708752570565,122152,1327,1,"1"
1716.2044113671041,122148,1331,2,"1-1"
1717.9799299393728,122147,1332,1,"1"
1719.4436689909887,122129,1350,1,"1"
1730.5781609913718,122093,1386,2,"1-1"
1740.4940485372524,122087,1392,2,"2"
1747.8183658612688,122069,1410,1,"1"
1762.8755894467331,122056,1423,1,"1"
1764.11451992346,122038,1441,1,"1"
1766.9690813734803,122032,1447,2,"2"
1772.049747772551,122023,1456,1,"1"
1777.7691142012675,122020,1459,1,"1"
1826.7519602067102,122008,1471,1,"1"
1836.6111218425124,121998,1481,1,"1"
1849.8307328129226,121988,1491,1,"1"
1852.7072688445207,121970,1509,1,"1"
1853.6985352378554,121952,1527,1,"1"
1858.5299477777353,121898,1581,3,"3"
1869.2514260273608,121886,1593,1,"1"
1878.630326511199,121868,1611,1,"1"
1891.3464978418126,121850,1629,1,"1"
1900.9822471236696,121832,1647,1,"1"
1913.271556014359,121796,1683,2,"2"
1914.1813406816343,121793,1686,1,"1"
1948.8656862258504,121790,1689,1,"1"
1961.7825073327417,121785,1694,1,"1"
1963.1694973736221,121780,1699,1,"1"
1966.4362121507679,121762,1717,1,"1"
1975.4403708432303,121748,1731,1,"1"
1977.8779826011848,121738,1741,2,"2"
2001.5001388936512,121720,1759,1,"1"
2035.0022083029739,121702,1777,1,"1"
2043.4754632746533,121699,1780,1,"1"
2057.6504394647441,121681,1798,1,"1"
2071.2122641164678,121663,1816,1,"1"
2079.4477772700584,121645,1834,1,"1"
2093.197209448701,121634,1845,1,"1"
2104.3834158414329,121616,1863,1,"1"
2107.6004356163185,121598,1881,1,"1"
2114.9972866227322,121580,1899,1,"1"
2118.3396480041406,121563,1916,1,"1"
2119.7435875365086,121545,1934,1,"1"
2130.4551801091097,121527,1952,1,"1"
2138.7714617529268,121509,1970,1,"1"
2144.752082486928,121491,1988,1,"1"
2146.0597371575382,121473,2006,1,"1"
2148.3473638154678,121455,2024,1,"1"
2154.1594884877541,121437,2042,1,"1"
2166.0541389309369,121434,2045,1,"1"
2166.2125246875103,121421,2058,1,"1"
2166.5796518473267,121403,2076,1,"1"
2172.5700535037854,121385,2094,1,"1"
2174.5501771249606,121367,2112,1,"1"
2175.313106521643,121344,2135,2,"2"
2198.2549513174004,121308,2171,2,"2"
2217.9369856824478,121302,2177,2,"2"
2220.0726112604048,121284,2195,1,"1"
2221.5245003971077,121277,2202,1,"1"
2221.6097327163598,121274,2205,1,"1"
2226.9745581813231,121261,2218,1,"1"
2234.8749278632517,121243,2236,1,"1"
2235.1644385420909,121225,2254,1,"1"
2261.1309124163904,121218,2261,1,"1"
2269.3434597156315,121211,2268,1,"1"
2288.2710098337798,121199,2280,1,"1"
2293.7395361570134,121181,2298,1,"1"
2298.9264498318798,121172,2307,1,"1"
2304.1774394674326,121165,2314,1,"1"
2311.5341536874585,121149,2330,1,"1"
2315.5389407709026,121131,2348,1,"1"
2319.4323740451819,121005,2474,7,"6-1"
2324.6287896663498,121002,2477,1,"1"
2364.6633447522972,120997,2482,1,"1"
2365.2261158733181,120979,2500,1,"1"
2382.777402756346,120967,2512,1,"1"
2408.9907191361472,120949,2530,1,"1"
2410.8443278204072,120946,2533,1,"1"
2416.8081848795714,120941,2538,1,"1"
2420.4605097351659,120923,2556,1,"1"
2431.0261466672005,120905,2574,1,"1"
2431.3565620420277,120887,2592,1,"1"
2441.2139589710646,120851,2628,2,"2"
2447.8099590857773,120821,2658,2,"2"
2461.2721831537633,120800,2679,3,"3"
2461.4999890901763,120794,2685,2,"2"
2476.7189230508743,120787,2692,1,"1"
2481.0640134026394,120771,2708,1,"1"
2484.0795549908589,120768,2711,1,"1"
2491.1603105230652,120750,2729,1,"1"
2492.0728627767276,120732,2747,1,"1"
2500.6174240002897,120716,2763,4,"2-1-1"
2503.7089610354788,120698,2781,1,"1"
2507.8919076183224,120680,2799,1,"1"
2520.2875881807249,120662,2817,1,"1"
2522.8065102214568,120644,2835,1,"1"
2544.6173424647172,120626,2853,1,"1"
2545.02277115789,120608,2871,1,"1"
2548.5882770720755,120584,2895,4,"3-1"
2557.3139620568782,120568,2911,1,"1"
2561.3924564528361,120550,2929,1,"1"
2573.2871345650797,120542,2937,2,"1-1"
2574.3589264021184,120524,2955,1,"1"
2576.8483786707525,120506,2973,1,"1"
2578.0513993879349,120492,2987,1,"1"
2615.5996465181806,120489,2990,1,"1"
2628.1734220115063,120471,3008,1,"1"
2629.0990510829424,120447,3032,2,"2"
2631.3563965616477,120393,3086,3,"2-1"
2636.5438404083507,120386,3093,1,"1"
2645.4846443879351,120331,3148,6,"5-1"
2646.2498844216439,120314,3165,3,"3"
2650.4287719777194,120308,3171,2,"2"
2655.3958930168824,120273,3206,2,"2"
2663.9094722757045,120255,3224,1,"1"
2666.9024974242552,120237,3242,1,"1"
2667.5460848129514,120223,3256,1,"1"
2682.6526456172378,120205,3274,1,"1"
2694.2019511126523,120187,3292,1,"1"
2716.1623154744561,120180,3299,1,"1"
2717.1947689868866,120162,3317,1,"1"
2724.0365612639348,120118,3361,3,"1-1-1"
2733.4009486396471,120100,3379,1,"1"
2741.4429581797776,120082,3397,1,"1"
2791.4129877546193,120064,3415,1,"1"
2794.543934177676,120020,3459,8,"6-2"
2798.4759122629143,119955,3524,4,"3-1"
2801.5769344067799,119937,3542,1,"1"
2809.2289093576824,119925,3554,1,"1"
2812.203690894019,119907,3572,1,"1"
2814.7163250370354,119848,3631,5,"3-2"
2815.4385597774108,119830,3649,1,"1"
2816.0290409780728,119812,3667,2,"2"
2824.5020313921582,119758,3721,3,"2-1"
2829.1762051480505,119740,3739,1,"1"
2832.1884934358641,119733,3746,1,"1"
2837.7044571102701,119699,3780,2,"1-1"
2844.4042936971991,119681,3798,1,"1"
2852.4622299907596,119663,3816,1,"1"
2880.4967176042855,119645,3834,1,"1"
2883.1076449703423,119628,3851,3,"2-1"
2887.8634434851115,119610,3869,1,"1"
2888.0977376554702,119605,3874,1,"1"
2907.1478570352538,119587,3892,1,"1"
2910.3647608399388,119580,3899,1,"1"
2913.1126531456684,119562,3917,1,"1"
2914.7015442256638,119538,3941,2,"2"
2941.6581241339381,119514,3965,2,"2"
2947.5471673730531,119496,3983,1,"1"
2955.4671386480663,119478,4001,1,"1"
2967.8255614424133,119457,4022,3,"1-1-1"
2984.8932541657705,119421,4058,2,"2"
2987.0628574952325,119403,4076,1,"1"
2987.7221404816864,119385,4094,1,"1"
2998.1986306474337,119333,4146,3,"3"
2999.3662402353771,119315,4164,1,"1"
3003.0835046214388,119297,4182,1,"1"
3015.3508189146492,119288,4191,1,"1"
3018.2785642843614,119270,4209,1,"1"
3025.543630511896,119252,4227,1,"1"
3033.6686484903726,119249,4230,1,"1"
3035.913630065651,119225,4254,4,"2-1-1"
3038.8294970167221,119207,4272,1,"1"
3068.9090103945373,119171,4308,2,"2"
3070.2406230406827,119153,4326,2,"2"
3082.1397085513131,119135,4344,1,"1"
3082.5723277909847,119117,4362,1,"1"
3084.2918705195598,119100,4379,1,"1"
3091.7069163965034,119089,4390,1,"1"
3093.7272386787599,119047,4432,4,"2-1-1"
3104.8854997046788,119029,4450,1,"1"
3106.5954623257135,119011,4468,1,"1"
3129.1758241660223,118945,4534,6,"3-2-1"
3132.6380367938673,118927,4552,1,"1"
3141.4981651291732,118909,4570,1,"1"
3145.6497546704431,118891,4588,1,"1"
3155.6876885657139,118885,4594,2,"2"
3156.6229850285895,118882,4597,1,"1"
3157.3630022602611,118868,4611,2,"2"
3162.7965171364162,118852,4627,1,"1"
3163.9362838047768,118819,4660,5,"4-1"
3170.913340757877,118801,4678,1,"1"
3171.4798821038853,118765,4714,2,"1-1"
3185.7613734656165,118711,4768,3,"3"
3192.6061988955689,118693,4786,1,"1"
3209.6512862532431,118684,4795,1,"1"
3213.0539999082575,118677,4802,1,"1"
3216.7562062865891,118659,4820,1,"1"
3223.2390973970064,118641,4838,1,"1"
3227.5161023328064,118611,4868,4,"2-1-1"
3228.5469974479906,118593,4886,1,"1"
3230.3287008766188,118575,4904,1,"1"
3231.1629665760743,118557,4922,1,"1"
3234.1292670955604,118521,4958,2,"2"
3234.1745617806055,118491,4988,2,"1-1"
3234.7999751778966,118473,5006,1,"1"
3235.5145430830003,118455,5024,1,"1"
3241.5048332670858,118437,5042,1,"1"
3243.7925206091495,118419,5060,1,"1"
3247.5976647754783,118405,5074,1,"1"
3248.9295625402156,118387,5092,1,"1"
3253.8795266067414,118369,5110,1,"1"
3255.649747123935,118351,5128,1,"1"
3256.2652839630355,118333,5146,1,"1"
3256.9238572679214,118297,5182,2,"2"
3273.6911235168136,118271,5208,2,"2"
3274.0495259937161,118253,5226,1,"1"
3275.3331872628373,118243,5236,2,"1-1"
3284.1422691457383,118227,5252,1,"1"
3286.3201801236646,118209,5270,1,"1"
3290.5193697614577,118173,5306,2,"2"
3294.7658848062974,118155,5324,1,"1"
3294.7738729154762,118123,5356,4,"4"
3294.9601281515597,118069,5410,3,"3"
3298.2163547734326,118051,5428,1,"1"
3300.8981927457212,118015,5464,2,"2"
3301.884881897156,117997,5482,1,"1"
3303.0232476654292,117979,5500,1,"1"
3303.5265195036955,117859,5620,9,"2-2-2-1-1-1"
3306.9085216570397,117841,5638,1,"1"
3310.5541507242333,117828,5651,1,"1"
3322.0728313880491,117825,5654,1,"1"
3332.237019908303,117814,5665,1,"1"
3338.7323353932802,117774,5705,3,"2-1"
3338.841047613852,117769,5710,1,"1"
3342.2805834010992,117751,5728,1,"1"
3343.3950218334012,117728,5751,3,"1-1-1"
3361.4111109434016,117710,5769,1,"1"
3362.3236114342803,117692,5787,1,"1"
3362.7443671341985,117674,5805,1,"1"
3362.9563387739345,117662,5817,1,"1"
3369.606952023883,117622,5857,4,"4"
3381.6681729151342,117604,5875,1,"1"
3383.6625427628483,117496,5983,6,"3-2-1"
3392.2313518482606,117460,6019,2,"2"
3393.2132098100246,117414,6065,4,"2-1-1"
3393.6811247004448,117396,6083,1,"1"
3394.1675451391779,117378,6101,1,"1"
3394.9901127662033,117360,6119,1,"1"
3399.8618533702743,117342,6137,1,"1"
3400.7575766658088,117324,6155,1,"1"
3401.6629203442722,117312,6167,1,"1"
3408.3665787637883,117175,6304,8,"5-2-1"
3409.5503860042427,117141,6338,2,"1-1"
3417.9518371979311,117123,6356,1,"1"
3419.06099282276,117077,6402,5,"5"
3426.5971179777666,117059,6420,1,"1"
3426.9035098129089,117041,6438,1,"1"
3428.4378595456747,117023,6456,1,"1"
3428.9460922299277,117004,6475,3,"2-1"
3434.921211294889,116968,6511,2,"1-1"
3439.1210020785811,116965,6514,1,"1"
3443.5305693074924,116947,6532,1,"1"
3449.0993635351306,116915,6564,4,"2-2"
3450.8548132340575,116903,6576,1,"1"
3455.0166117228496,116885,6594,1,"1"
3457.716432820544,116681,6798,14,"4-3-2-2-1-1-1"
3459.3744008730296,116609,6870,5,"3-1-1"
3463.8386626890729,116591,6888,1,"1"
3464.8192806921602,116579,6900,1,"1"
3473.4791610445359,116543,6936,2,"2"
3476.9500852693136,116525,6954,1,"1"
3492.5419258942161,116518,6961,1,"1"
3494.2508442594872,116500,6979,1,"1"
3501.2324507787343,116482,6997,1,"1"
3504.5231433937306,116464,7015,1,"1"
3511.0656123078106,116453,7026,1,"1"
3531.1851707960345,116443,7036,2,"2"
3532.7161486733567,116429,7050,2,"2"
3540.6274797491851,116411,7068,1,"1"
3545.8802286766072,116393,7086,1,"1"
3547.8478917142338,116357,7122,2,"1-1"
3552.3500633970048,116339,7140,1,"1"
3557.0092943693544,116303,7176,4,"3-1"
3568.742940428795,116285,7194,1,"1"
3574.1982283698003,116195,7284,5,"3-1-1"
3576.4985067397847,116177,7302,1,"1"
3577.363538465117,116159,7320,1,"1"
3579.1540056198387,116141,7338,1,"1"
3589.320219874443,116125,7354,2,"1-1"
3597.6295702385314,116107,7372,1,"1"
3601.7502925905483,116083,7396,2,"2"
3605.8087619087919,116065,7414,1,"1"
3607.303052089354,116047,7432,1,"1"
3609.3875033132153,116029,7450,1,"1"
3612.3825968002616,116015,7464,1,"1"
3613.7793915530274,116010,7469,1,"1"
3618.6731002295237,115992,7487,1,"1"
3625.2120214081447,115974,7505,1,"1"
3629.2736373741186,115960,7519,1,"1"
3636.2340432409528,115942,7537,1,"1"
3636.7769439300437,115774,7705,10,"4-2-1-1-1-1"
3639.8640356510755,115759,7720,1,"1"
3646.6594220231327,115752,7727,1,"1"
3649.5561619167829,115734,7745,1,"1"
3665.1620697532958,115698,7781,2,"2"
3680.4047851260352,115635,7844,6,"6"
3685.1817900610481,115607,7872,2,"1-1"
3688.2293627319777,115589,7890,1,"1"
3688.9732996890712,115571,7908,1,"1"
3690.5346121728908,115553,7926,1,"1"
3703.3414889145274,115535,7944,1,"1"
3703.4320721500599,115517,7962,1,"1"
3705.9278203451895,115499,7980,1,"1"
3706.6860417487251,115479,8000,2,"2"
3713.7457322562077,115476,8003,1,"1"
3725.620650366332,115458,8021,1,"1"
3726.8459045095551,115375,8104,8,"3-2-2-1"
3729.8435772457624,115321,8158,3,"2-1"
3768.3036012216166,115303,8176,1,"1"
3768.45099220785,115267,8212,2,"2"
3772.4801149748423,115231,8248,2,"2"
3773.934346232184,115202,8277,3,"2-1"
3774.5014701297641,115195,8284,1,"1"
3782.3447526962163,115092,8387,9,"2-1-1-1-1-1-1-1"
3784.5937817257336,115074,8405,1,"1"
3787.1246255137812,115038,8441,2,"2"
3787.3323019343361,115020,8459,1,"1"
3788.6957149378218,114984,8495,2,"2"
3789.5553046616233,114966,8513,1,"1"
3793.0208462275064,114908,8571,4,"2-1-1"
3805.3161610443703,114792,8687,7,"2-1-1-1-1-1"
3805.7616321678302,114774,8705,1,"1"
3810.2043774160857,114611,8868,15,"6-3-1-1-1-1-1-1"
3818.0904459637595,114593,8886,1,"1"
3818.5279949986943,114582,8897,1,"1"
3826.9480885402568,114512,8967,4,"2-2"
3831.8813633008281,114490,8989,2,"2"
3833.3028269239444,114417,9062,7,"2-2-2-1"
3833.8118531608707,114383,9096,3,"1-1-1"
3835.105426711038,114354,9125,3,"2-1"
3841.1678391876449,114312,9167,3,"2-1"
3843.3955301073702,114294,9185,1,"1"
3846.1034962026251,114279,9200,1,"1"
3860.9144815243844,113785,9694,29,"18-2-2-1-1-1-1-1-1-1"
3867.949257507059,113767,9712,1,"1"
3870.9161429842165,113749,9730,1,"1"
3879.7900539442344,113731,9748,1,"1"
3882.7222015275474,113713,9766,1,"1"
3883.9537870351246,113637,9842,5,"2-2-1"
3885.0427765128866,113601,9878,2,"2"
3889.0640237985085,113583,9896,1,"1"
3893.3576569690345,113565,9914,1,"1"
3897.781514055835,0,123479,6429,"6429"
----------------------------------------------5
0,123479,0,0,"0"
62.844904656693757,123461,18,1,"1"
153.55796034851829,123460,19,1,"1"
156.83716643182905,123459,20,1,"1"
209.36683170608163,123441,38,1,"1"
232.28754360289855,123440,39,1,"1"
261.58697362330025,123439,40,1,"1"
305.88647165747403,123421,58,1,"1"
349.20682054546745,123418,61,3,"2-1"
350.11824921119563,123400,79,1,"1"
372.65934418548107,123398,81,2,"2"
389.95642314226336,123380,99,1,"1"
400.62347913333963,123373,106,1,"1"
401.88033722479508,123372,107,1,"1"
413.34290814957717,123371,108,1,"1"
419.07923304932228,123356,123,1,"1"
430.01978767374607,123342,137,1,"1"
448.9581643666221,123341,138,1,"1"
451.82101981416196,123334,145,1,"1"
465.43069986136857,123316,163,1,"1"
476.88410224396648,123315,164,1,"1"
479.55937696423797,123314,165,1,"1"
481.08239069274453,123313,166,1,"1"
486.17009424348225,123310,169,1,"1"
500.25317147526306,123309,170,1,"1"
537.85460986874773,123297,182,1,"1"
544.16641819907136,123296,183,1,"1"
560.99307935501929,123260,219,2,"2"
564.63124184429421,123259,220,1,"1"
564.71622449533027,123258,221,1,"1"
567.63241550587429,123257,222,1,"1"
573.67898043007017,123239,240,1,"1"
607.32387691070869,123236,243,1,"1"
618.56838486914171,123233,246,1,"1"
631.28299163858151,123226,253,1,"1"
709.30625952548087,123223,256,1,"1"
724.45880032417517,123222,257,1,"1"
743.46681861581942,123204,275,1,"1"
748.91253550038789,123199,280,1,"1"
763.9217920626495,123194,285,1,"1"
766.95291302125122,123193,286,1,"1"
778.43162988168842,123192,287,1,"1"
782.21312193216193,123190,289,2,"2"
792.11949604250754,123189,290,1,"1"
809.91947013835011,123171,308,1,"1"
830.82775535500889,123161,318,1,"1"
831.96338293720078,123160,319,1,"1"
832.83336193965886,123153,326,1,"1"
846.32884664551011,123141,338,1,"1"
852.70649976745131,123140,339,1,"1"
870.96008416478219,123122,357,1,"1"
876.84787232036285,123104,375,1,"1"
895.38465674747317,123103,376,1,"1"
898.47319678746385,123084,395,3,"3"
915.72943812224185,123083,396,1,"1"
931.85013665745032,123065,414,1,"1"
942.84153042383866,123064,415,1,"1"
944.38205178635053,123063,416,1,"1"
944.65426452889972,123062,417,1,"1"
954.7706457963302,123059,420,3,"3"
954.7860673172346,123057,422,2,"2"
959.85481328480967,123056,423,1,"1"
974.85399504607108,123043,436,1,"1"
1010.203509357519,123025,454,1,"1"
1013.3571976310471,122989,490,2,"1-1"
1014.9223231614817,122986,493,1,"1"
1021.1826719528517,122968,511,1,"1"
1040.8614731641533,122966,513,2,"1-1"
1043.4920129691527,122965,514,1,"1"
1050.8978492692834,122964,515,1,"1"
1062.3909494932163,122946,533,1,"1"
1071.7281560321835,122937,542,1,"1"
1072.760292253613,122919,560,1,"1"
1094.4329809587348,122918,561,1,"1"
1121.199548084134,122912,567,2,"2"
1131.4630923269126,122899,580,1,"1"
1136.7833920721716,122893,586,2,"2"
1138.2268849642096,122875,604,1,"1"
1142.4877671060551,122872,607,1,"1"
1143.3004404399685,122866,613,2,"2"
1147.2887358087228,122830,649,2,"2"
1166.1704960757681,122829,650,1,"1"
1177.6003992400035,122819,660,2,"2"
1189.6339573869639,122818,661,1,"1"
1208.9436850880404,122782,697,2,"2"
1214.7240031082065,122740,739,3,"3"
1253.0877252117632,122737,742,1,"1"
1255.460951403604,122719,760,1,"1"
1280.078895348229,122716,763,1,"1"
1291.9454330017036,122698,781,1,"1"
1299.4117968256387,122680,799,1,"1"
1309.2542560083057,122671,808,1,"1"
1334.6816691162082,122653,826,1,"1"
1335.2712874455442,122652,827,1,"1"
1340.5845157773317,122634,845,1,"1"
1344.5374096752553,122620,859,2,"2"
1346.1581457782754,122615,864,1,"1"
1358.0800661411574,122606,873,1,"1"
1366.2904463080586,122603,876,1,"1"
1374.4805273404402,122585,894,1,"1"
1374.5488170825649,122582,897,1,"1"
1406.7588306689622,122564,915,1,"1"
1420.2177533333925,122554,925,2,"2"
1421.7233735492666,122542,937,1,"1"
1442.2268819917531,122524,955,1,"1"
1469.158807272956,122521,958,1,"1"
1486.1262349079266,122518,961,1,"1"
1489.8251871096834,122500,979,1,"1"
1491.3931675159254,122499,980,1,"1"
1507.0681324482989,122481,998,1,"1"
1519.6743270345276,122463,1016,1,"1"
1525.5672653487679,122458,1021,1,"1"
1544.632632170375,122440,1039,1,"1"
1559.7748985984472,122437,1042,1,"1"
1570.304661483126,122434,1045,1,"1"
1577.3961603538864,122433,1046,1,"1"
1586.6326391505211,122416,1063,1,"1"
1589.1564551886029,122413,1066,1,"1"
1623.5571241878902,122410,1069,1,"1"
1624.5816123488694,122396,1083,1,"1"
1643.4044052391296,122384,1095,1,"1"
1657.0720842380917,122374,1105,1,"1"
1665.3528729549869,122338,1141,2,"2"
1667.8828834802794,122320,1159,1,"1"
1679.5095689093953,122296,1183,2,"2"
1687.6213428611475,122284,1195,1,"1"
1696.2829218362608,122266,1213,1,"1"
1705.4952738297802,122248,1231,1,"1"
1709.5832655478023,122245,1234,1,"1"
1733.810706969748,122221,1258,2,"2"
1739.5028736627435,122203,1276,1,"1"
1740.3119365285638,122197,1282,2,"2"
1745.8695551853759,122185,1294,1,"1"
1756.6610321858122,122175,1304,1,"1"
1771.2210175258472,122157,1322,1,"1"
1778.2248987972603,122139,1340,1,"1"
1795.8962929674087,122121,1358,1,"1"
1797.053292928653,122103,1376,1,"1"
1813.4987940769115,122100,1379,1,"1"
1816.1383369192624,122095,1384,1,"1"
1819.4262654507643,122077,1402,1,"1"
1832.7236382691763,122067,1412,2,"2"
1834.9433354289829,122055,1424,1,"1"
1857.2663274575357,122037,1442,1,"1"
1858.8315776499001,122019,1460,1,"1"
1882.245138353115,122001,1478,1,"1"
1891.4574945188799,121973,1506,2,"2"
1939.353625701583,121955,1524,1,"1"
1942.9635508104045,121954,1525,1,"1"
1943.8230333581939,121920,1559,3,"1-1-1"
1951.5903831434994,121884,1595,2,"2"
1953.5747685358558,121881,1598,1,"1"
1956.8843807877927,121864,1615,3,"2-1"
1964.2945248637845,121846,1633,2,"2"
1970.023750889683,121828,1651,1,"1"
1982.953356052589,121810,1669,1,"1"
1997.3263716134304,121792,1687,1,"1"
2018.5012899191138,121774,1705,1,"1"
2027.5482576830564,121756,1723,1,"1"
2037.9570725866834,121738,1741,1,"1"
2050.4222025755453,121720,1759,1,"1"
2051.2426187718088,121708,1771,1,"1"
2051.348217867288,121690,1789,1,"1"
2053.144923804472,121672,1807,1,"1"
2054.0752797088044,121660,1819,1,"1"
2060.5309141563494,121657,1822,1,"1"
2069.628370428647,121639,1840,1,"1"
2072.2533970632671,121624,1855,3,"2-1"
2075.1414971345675,121606,1873,1,"1"
2084.545241590446,121588,1891,1,"1"
2099.4828519801958,121570,1909,1,"1"
2110.1711025746254,121552,1927,1,"1"
2113.18136610689,121534,1945,1,"1"
2113.9874957359552,121516,1963,1,"1"
2125.2706240961293,121480,1999,2,"2"
2132.2700075180774,121462,2017,1,"1"
2139.8751001279634,121444,2035,1,"1"
2151.8904636413981,121428,2051,1,"1"
2151.9825398680787,121425,2054,1,"1"
2157.6365642561454,121416,2063,1,"1"
2164.7137283805287,121410,2069,2,"2"
2164.755837147221,121392,2087,1,"1"
2190.5252720803082,121320,2159,4,"4"
2197.8551344426337,121317,2162,1,"1"
2201.5339331446344,121302,2177,1,"1"
2203.4426653947035,121290,2189,1,"1"
2217.4210900523258,121272,2207,1,"1"
2232.551099313348,121254,2225,1,"1"
2241.1328095786516,121236,2243,1,"1"
2241.1552470776865,121203,2276,3,"2-1"
2247.2785863937652,121185,2294,1,"1"
2251.4490328880097,121167,2312,1,"1"
2273.3645754701743,121157,2322,1,"1"
2279.8071698002304,121145,2334,1,"1"
2279.8815070058999,121140,2339,1,"1"
2281.6145727455896,121135,2344,1,"1"
2282.8561733388428,121117,2362,1,"1"
2289.4371923336603,121099,2380,1,"1"
2292.0540978326394,121087,2392,1,"1"
2296.7325438767052,121069,2410,1,"1"
2299.5071192637602,121064,2415,1,"1"
2309.7918825242373,121030,2449,2,"2"
2310.9396487245913,121012,2467,1,"1"
2320.3713045494765,120994,2485,1,"1"
2321.2254580076515,120976,2503,1,"1"
2344.1536283092701,120958,2521,1,"1"
2359.8428016058051,120955,2524,1,"1"
2360.0907400557126,120948,2531,1,"1"
2369.6453844358216,120933,2546,1,"1"
2370.6103452795569,120926,2553,1,"1"
2378.5070313144302,120898,2581,2,"2"
2386.4179050136572,120880,2599,1,"1"
2391.026200885447,120870,2609,1,"1"
2393.0463048867728,120860,2619,1,"1"
2394.5131350698234,120788,2691,4,"2-1-1"
2406.5016781076547,120770,2709,1,"1"
2414.8837140178794,120752,2727,1,"1"
2426.8674868926969,120734,2745,1,"1"
2434.4894144576019,120722,2757,1,"1"
2435.3330889216636,120712,2767,1,"1"
2436.1052775295489,120694,2785,1,"1"
2453.4717568942169,120687,2792,1,"1"
2454.797638944774,120681,2798,2,"2"
2475.3326157059164,120663,2816,1,"1"
2480.0645442429081,120660,2819,1,"1"
2482.0231286157223,120650,2829,2,"2"
2482.6138219220979,120633,2846,3,"3"
2483.760514007196,120595,2884,3,"2-1"
2519.2221118861576,120577,2902,1,"1"
2523.2314235665881,120559,2920,1,"1"
2526.8360349781501,120523,2956,3,"2-1"
2534.1749076350402,120509,2970,1,"1"
2541.1999166714058,120500,2979,1,"1"
2544.1677790577919,120482,2997,1,"1"
2545.8492547212659,120464,3015,1,"1"
2546.150365114459,120430,3049,6,"5-1"
2547.1341720686764,120394,3085,2,"1-1"
2564.0661466813253,120373,3106,2,"2"
2574.800067113626,120355,3124,1,"1"
2588.7355534166022,120350,3129,1,"1"
2592.6409508684078,120332,3147,1,"1"
2597.791270624472,120320,3159,1,"1"
2599.2017725983383,120304,3175,1,"1"
2615.0189682056443,120292,3187,1,"1"
2630.4369372444094,120285,3194,1,"1"
2635.2894634715908,120282,3197,1,"1"
2644.1398527051324,120270,3209,1,"1"
2645.6059042023603,120267,3212,1,"1"
2645.8336813614596,120249,3230,1,"1"
2646.6243453639499,120213,3266,2,"2"
2670.2702504604972,120195,3284,1,"1"
2671.3843951933081,120178,3301,1,"1"
2676.2069135914539,120155,3324,5,"5"
2678.291884158185,120137,3342,1,"1"
2682.5797131797403,120119,3360,1,"1"
2686.3053018982914,120101,3378,1,"1"
2689.4110021108736,120083,3396,1,"1"
2691.8269703511196,120065,3414,1,"1"
2695.5361564834602,120062,3417,1,"1"
2715.1045319736268,120014,3465,3,"3"
2722.8665931226733,119996,3483,1,"1"
2736.0425564949337,119978,3501,1,"1"
2744.9570072368224,119965,3514,3,"2-1"
2754.0035730495897,119947,3532,1,"1"
2759.5646391448117,119935,3544,1,"1"
2786.3636834132421,119932,3547,1,"1"
2791.9166601062898,119914,3565,1,"1"
2804.5667472864993,119896,3583,1,"1"
2829.9606534604036,119878,3601,1,"1"
2830.857893765608,119860,3619,1,"1"
2850.216125964032,119842,3637,1,"1"
2851.5401769787459,119819,3660,3,"2-1"
2855.2182078187138,119801,3678,1,"1"
2864.082257485577,119783,3696,1,"1"
2864.7464778615154,119762,3717,3,"2-1"
2871.6273386534676,119744,3735,1,"1"
2882.1665642356365,119726,3753,1,"1"
2883.2236089626181,119708,3771,1,"1"
2883.7089490422291,119703,3776,1,"1"
2890.690753055027,119597,3882,14,"9-2-1-1-1"
2897.6966605042912,119579,3900,1,"1"
2903.7925221332421,119559,3920,2,"2"
2909.7280695398981,119541,3938,1,"1"
2920.7473025946379,119536,3943,1,"1"
2928.6455932869326,119500,3979,2,"1-1"
2933.639016411139,119482,3997,1,"1"
2937.695549611864,119428,4051,3,"3"
2939.1412770394172,119410,4069,1,"1"
2946.4768030785231,119392,4087,1,"1"
2948.1075036849179,119374,4105,1,"1"
2979.6541718576646,119365,4114,1,"1"
2979.8764321905855,119311,4168,3,"1-1-1"
2980.993531253358,119293,4186,1,"1"
2989.8095571769018,119275,4204,1,"1"
2990.5184439449527,119265,4214,1,"1"
2991.7900560647213,119247,4232,1,"1"
3000.875445607825,119231,4248,1,"1"
3022.5449715245941,119213,4266,1,"1"
3024.5837130118343,119206,4273,1,"1"
3026.3246715102841,119178,4301,2,"1-1"
3030.8653136158996,119120,4359,10,"3-3-2-1-1"
3046.5928166344984,119110,4369,2,"1-1"
3051.7725534957003,119100,4379,1,"1"
3055.0330687460687,119082,4397,1,"1"
3058.7042983774641,119046,4433,2,"1-1"
3059.4965955096677,119028,4451,1,"1"
3074.9462786869854,119005,4474,2,"2"
3076.8027079739777,118987,4492,1,"1"
3079.9946455541813,118969,4510,1,"1"
3083.5537300057372,118966,4513,1,"1"
3084.6983356350415,118948,4531,1,"1"
3113.6273451970965,118930,4549,1,"1"
3138.4022331046626,118912,4567,1,"1"
3151.0989489243848,118900,4579,1,"1"
3159.8953403649989,118882,4597,1,"1"
3159.9377227963887,118864,4615,1,"1"
3160.5783256904178,118858,4621,2,"2"
3166.1238971515559,118815,4664,4,"2-2"
3168.4713617304997,118797,4682,1,"1"
3177.8477371789309,118779,4700,1,"1"
3180.4183160041443,118761,4718,1,"1"
3184.5786741483553,118743,4736,1,"1"
3191.9595160371646,118725,4754,1,"1"
3193.3689254703568,118707,4772,1,"1"
3201.2086366113226,118689,4790,1,"1"
3207.6613490272816,118671,4808,1,"1"
3213.1988015602824,118653,4826,1,"1"
3214.9747294207828,118642,4837,1,"1"
3216.0159621415155,118512,4967,8,"6-1-1"
3216.1816733927285,118494,4985,1,"1"
3216.7805110174177,118476,5003,1,"1"
3217.3086444442856,118460,5019,2,"1-1"
3222.6849345653445,118442,5037,1,"1"
3233.1234509797168,118388,5091,3,"3"
3243.1609965427006,118381,5098,1,"1"
3245.3458691418209,118351,5128,2,"2"
3250.3430742088199,118344,5135,1,"1"
3253.8524642766974,118337,5142,1,"1"
3266.4596851521765,118319,5160,1,"1"
3268.8267822060461,118283,5196,2,"2"
3271.2245815287979,118263,5216,4,"2-1-1"
3276.2032733142642,118245,5234,1,"1"
3276.4048189167966,118240,5239,1,"1"
3276.5165346305707,118222,5257,1,"1"
3287.5619364881009,118215,5264,1,"1"
3291.2482820822047,118208,5271,1,"1"
3297.1233307256002,118164,5315,3,"3"
3313.4920493975837,118146,5333,1,"1"
3341.8083292123156,118122,5357,2,"2"
3351.1956425213957,118032,5447,5,"3-1-1"
3352.1308716312592,118014,5465,1,"1"
3352.5631402355621,118002,5477,1,"1"
3357.4507686910119,117984,5495,1,"1"
3365.8695134235536,117905,5574,6,"6"
3372.0678521651653,117877,5602,2,"2"
3374.729924662714,117859,5620,1,"1"
3376.6184647497985,117813,5666,3,"2-1"
3378.8190767951564,117795,5684,1,"1"
3381.0644140090494,117780,5699,1,"1"
3383.0359093531156,117751,5728,2,"2"
3392.9110086851911,117733,5746,1,"1"
3396.8905175876735,117715,5764,1,"1"
3397.4481006376081,117692,5787,2,"1-1"
3414.1834930554264,117674,5805,1,"1"
3426.4771166520486,117664,5815,1,"1"
3431.7624477469758,117655,5824,1,"1"
3433.4525207806705,117633,5846,2,"2"
3438.5891785210488,117615,5864,1,"1"
3443.7240989272714,117489,5990,7,"3-3-1"
3446.2101224530384,117471,6008,1,"1"
3447.0776883055146,117431,6048,3,"2-1"
3453.2326364624619,117377,6102,3,"1-1-1"
3465.116299987907,117359,6120,1,"1"
3475.9819408724484,117354,6125,1,"1"
3486.6084350275128,117342,6137,1,"1"
3499.0517852407506,117324,6155,1,"1"
3536.5951471162134,117270,6209,3,"2-1"
3552.5881827910516,117265,6214,1,"1"
3554.3684228498182,117247,6232,1,"1"
3563.9421999969677,117238,6241,1,"1"
3566.9999580026906,117202,6277,2,"2"
3571.6924863177346,117184,6295,1,"1"
3580.3260251410888,117166,6313,1,"1"
3580.9359331363576,117148,6331,1,"1"
3581.4455406756429,117112,6367,2,"2"
3581.5962105736503,117076,6403,2,"2"
3584.319877357043,117058,6421,1,"1"
3591.1498210564059,117053,6426,1,"1"
3592.105967371896,117035,6444,1,"1"
3618.9825709553206,117017,6462,1,"1"
3619.2979952933515,116961,6518,4,"2-2"
3619.4813941514385,116943,6536,1,"1"
3621.4912051305564,116907,6572,2,"2"
3626.0568296670244,116889,6590,1,"1"
3628.7112833239985,116871,6608,1,"1"
3631.1619171383713,116853,6626,1,"1"
3638.2814332225412,116835,6644,1,"1"
3645.4837729430637,116771,6708,5,"3-1-1"
3651.0400375713248,116760,6719,1,"1"
3651.5780147379328,116748,6731,1,"1"
3656.252027627359,116730,6749,1,"1"
3658.6555339614938,116712,6767,1,"1"
3668.0570364415571,116694,6785,2,"2"
3672.4570441051205,116676,6803,1,"1"
3676.7130024418975,116658,6821,1,"1"
3676.9938227978814,116608,6871,3,"1-1-1"
3696.5696353248109,116590,6889,2,"1-1"
3697.7090979763975,116572,6907,1,"1"
3703.215835468759,116565,6914,1,"1"
3712.897491511631,116555,6924,1,"1"
3716.0713004172676,116543,6936,1,"1"
3718.8141278366738,116489,6990,4,"2-1-1"
3719.3735868942763,116459,7020,2,"2"
3721.5421248327366,116445,7034,2,"2"
3724.0539695746425,116409,7070,2,"2"
3727.699414096076,116391,7088,1,"1"
3741.903199373663,116311,7168,5,"4-1"
3748.3786785423808,116257,7222,3,"2-1"
3751.7802713232541,116239,7240,1,"1"
3756.2556320551403,116221,7258,1,"1"
3763.3314373743037,116210,7269,1,"1"
3765.5068779593234,116160,7319,4,"1-1-1-1"
3773.8595248207675,116151,7328,1,"1"
3774.7316463861662,116142,7337,1,"1"
3787.7481207547289,116106,7373,2,"1-1"
3792.3767490088526,116070,7409,2,"1-1"
3796.0229625774764,115950,7529,9,"3-2-2-1-1"
3797.6746743944723,115932,7547,1,"1"
3811.6649818620231,115914,7565,1,"1"
3811.7697496086676,115892,7587,2,"2"
3821.1764996423685,115874,7605,1,"1"
3826.538232423135,115856,7623,2,"2"
3836.5644257640351,115284,8195,38,"6-4-3-3-2-2-2-2-2-2-1-1-1-1-1-1-1-1-1-1"
3837.5793089322324,114947,8532,39,"9-5-3-3-3-2-2-2-1-1-1-1-1-1-1-1-1-1"
3842.0142439230435,114929,8550,1,"1"
3842.7782030930225,114911,8568,1,"1"
3843.8252618966148,114893,8586,1,"1"
3849.7350859431554,114886,8593,1,"1"
3855.8299788116456,114840,8639,3,"2-1"
3858.9735708788598,114822,8657,1,"1"
3860.8501873782097,114690,8789,9,"3-2-1-1-1-1"
3866.4115390701927,114672,8807,1,"1"
3866.7005962540643,114654,8825,1,"1"
3874.8335851773927,114618,8861,2,"2"
3875.8728087543118,114582,8897,2,"1-1"
3876.619524476409,114571,8908,1,"1"
3890.1739478000791,114553,8926,1,"1"
3897.5593832468689,114535,8944,1,"1"
3909.2062957583353,114517,8962,1,"1"
3921.0204471049469,114499,8980,1,"1"
3921.2198594620791,113883,9596,35,"31-1-1-1-1"
3921.3737789772449,113865,9614,1,"1"
3924.5594594032636,113847,9632,1,"1"
3926.5733837157145,113829,9650,1,"1"
3934.2707395656071,113811,9668,1,"1"
3934.3333810242457,113721,9758,5,"4-1"
3942.2498936008838,113703,9776,1,"1"
3943.8521027864226,113685,9794,1,"1"
3946.6102279470956,113530,9949,13,"4-2-2-1-1-1-1-1"
3947.8659834138261,113512,9967,1,"1"
3949.3883117659861,113494,9985,1,"1"
3951.7263106901401,113458,10021,2,"1-1"
3954.9226762862918,113447,10032,1,"1"
3956.1772520638556,113440,10039,1,"1"
3962.6601207895478,0,123479,6417,"6417"
----------------------------------------------6
0,123479,0,0,"0"
128.35713387307291,123461,18,1,"1"
147.95914395756265,123460,19,1,"1"
177.61253348396406,123458,21,2,"2"
183.19580408514818,123457,22,1,"1"
195.38640712487987,123456,23,1,"1"
243.16580316202038,123455,24,1,"1"
361.35652320067095,123454,25,1,"1"
375.28139779973918,123453,26,1,"1"
394.87799610121169,123452,27,1,"1"
396.47242789586096,123434,45,1,"1"
397.45909561616372,123433,46,1,"1"
418.3036442402917,123432,47,1,"1"
429.26603401198525,123431,48,1,"1"
471.4695832539407,123413,66,1,"1"
479.8780758632289,123408,71,1,"1"
486.02415555180045,123398,81,1,"1"
486.93394377641494,123397,82,1,"1"
494.63280927498943,123379,100,1,"1"
512.59228259678014,123378,101,1,"1"
514.13043321029841,123360,119,1,"1"
548.47526447958671,123359,120,1,"1"
554.50646827594744,123358,121,1,"1"
576.22805109571027,123357,122,1,"1"
587.46069623680023,123345,134,1,"1"
588.29835462378014,123327,152,1,"1"
590.16270635580292,123315,164,1,"1"
601.00449966381234,123314,165,1,"1"
602.24592393838407,123313,166,1,"1"
606.18409715044868,123304,175,1,"1"
626.6221309245318,123302,177,2,"2"
638.23680054731119,123284,195,1,"1"
644.40514716813152,123275,204,3,"3"
652.54713736569249,123272,207,1,"1"
652.7366010662015,123270,209,2,"2"
677.94356504874656,123268,211,2,"2"
699.73172669953863,123263,216,1,"1"
701.3883265381312,123261,218,2,"2"
701.46706519393842,123249,230,1,"1"
710.18676837868338,123248,231,1,"1"
763.70583950042169,123230,249,1,"1"
767.30195587590777,123228,251,2,"2"
784.96018730323919,123192,287,2,"1-1"
800.69281406130028,123174,305,1,"1"
803.91356197185723,123156,323,1,"1"
817.84314851807653,123138,341,1,"1"
840.84627266191592,123137,342,1,"1"
854.49849553732611,123119,360,1,"1"
865.1076277910455,123107,372,1,"1"
868.53653492559192,123104,375,1,"1"
871.52324029146337,123086,393,1,"1"
892.38297895424398,123085,394,1,"1"
900.39378029429884,123073,406,1,"1"
907.793040053092,123055,424,1,"1"
915.61851110346959,123037,442,1,"1"
931.87686306872888,123027,452,1,"1"
960.0919879853094,123024,455,1,"1"
962.34360573447236,123012,467,1,"1"
963.02384079570891,123009,470,1,"1"
974.86711702999412,123002,477,1,"1"
1004.3736973906624,122983,496,3,"2-1"
1035.9335717223614,122977,502,2,"1-1"
1043.6175013252591,122976,503,1,"1"
1048.3668474231606,122958,521,1,"1"
1049.3491646191189,122934,545,2,"2"
1054.6471855359912,122924,555,1,"1"
1064.0673390004895,122906,573,1,"1"
1079.0796371700387,122905,574,1,"1"
1081.3244736162226,122904,575,1,"1"
1104.3523861297631,122903,576,1,"1"
1113.9515809250345,122901,578,2,"2"
1121.6970405312945,122883,596,1,"1"
1126.3861882580936,122865,614,1,"1"
1148.6049293623084,122847,632,1,"1"
1156.1780423786288,122829,650,1,"1"
1182.6493273691042,122817,662,1,"1"
1188.5520855690604,122814,665,1,"1"
1188.6343992773984,122811,668,1,"1"
1196.9297029900304,122798,681,1,"1"
1206.1982757405328,122780,699,1,"1"
1213.2257500251726,122778,701,2,"2"
1224.1425751474972,122775,704,1,"1"
1240.0664180873498,122772,707,1,"1"
1243.3344603905109,122754,725,1,"1"
1265.3866435810369,122736,743,1,"1"
1272.0809674677455,122718,761,1,"1"
1290.7980945521065,122717,762,1,"1"
1314.1008368468097,122716,763,1,"1"
1323.7996770508266,122713,766,1,"1"
1333.6845233924059,122703,776,2,"1-1"
1352.3566919254524,122700,779,1,"1"
1354.7942578550003,122699,780,1,"1"
1359.9803697949023,122687,792,1,"1"
1364.2247317316471,122675,804,1,"1"
1379.793955728197,122674,805,1,"1"
1404.0041609610314,122668,811,2,"2"
1404.5234945218353,122657,822,1,"1"
1408.9969971414553,122656,823,1,"1"
1422.3069576905202,122638,841,1,"1"
1424.2838329313772,122620,859,1,"1"
1436.4562812745378,122608,871,1,"1"
1451.8926477084872,122590,889,1,"1"
1452.1626027066247,122574,905,1,"1"
1460.8008671002822,122569,910,1,"1"
1468.8082762811632,122568,911,1,"1"
1477.9675868457043,122556,923,1,"1"
1483.8492869527297,122538,941,1,"1"
1497.3623914920036,122528,951,2,"2"
1505.1687985611238,122525,954,1,"1"
1517.6177520020015,122507,972,1,"1"
1528.0500237943172,122506,973,1,"1"
1534.7177486853816,122488,991,1,"1"
1541.2619473982836,122478,1001,1,"1"
1546.5889143277502,122469,1010,3,"2-1"
1560.6861423078342,122451,1028,1,"1"
1560.8219382736809,122448,1031,1,"1"
1567.1043414315161,122438,1041,2,"2"
1578.0212227745571,122423,1056,3,"3"
1581.4001457605589,122405,1074,1,"1"
1582.0310269138467,122374,1105,5,"1-1-1-1-1"
1584.7580986424441,122361,1118,1,"1"
1587.6574806891892,122343,1136,1,"1"
1588.0049592424577,122333,1146,2,"2"
1595.1328036131326,122328,1151,1,"1"
1605.3779648506181,122310,1169,1,"1"
1613.4604459675552,122292,1187,1,"1"
1619.9601275038913,122291,1188,1,"1"
1624.791308297443,122288,1191,1,"1"
1651.3231398246091,122270,1209,1,"1"
1683.5594946634262,122252,1227,1,"1"
1704.5136249981886,122249,1230,1,"1"
1740.6008239419555,122231,1248,1,"1"
1759.1699938906384,122228,1251,1,"1"
1768.9010683048675,122212,1267,1,"1"
1780.1036245953755,122194,1285,1,"1"
1787.9061968770818,122158,1321,2,"2"
1801.8732323329066,122140,1339,1,"1"
1804.8086599780418,122130,1349,2,"2"
1805.2639050342689,122112,1367,1,"1"
1806.2178074031576,122100,1379,2,"1-1"
1843.9615413212994,122042,1437,4,"2-2"
1849.231810711316,122031,1448,1,"1"
1863.4179538235339,122013,1466,1,"1"
1865.8501762983001,121995,1484,1,"1"
1875.9121061284516,121977,1502,1,"1"
1881.7497759808507,121959,1520,1,"1"
1882.6505399344514,121952,1527,1,"1"
1883.4429974597133,121934,1545,1,"1"
1897.6131767017584,121916,1563,1,"1"
1899.8533973747813,121890,1589,6,"5-1"
1903.2123081676473,121872,1607,1,"1"
1905.8899473263368,121854,1625,1,"1"
1911.4293507287498,121836,1643,1,"1"
1918.2227026669109,121818,1661,1,"1"
1954.8200827769733,121800,1679,1,"1"
1979.5371710942927,121782,1697,1,"1"
1982.2409720201797,121764,1715,1,"1"
1983.741538898217,121753,1726,1,"1"
1999.7501679122993,121739,1740,2,"2"
2015.9342479310526,121721,1758,1,"1"
2019.2094214543997,121703,1776,1,"1"
2030.7198900435842,121667,1812,2,"2"
2031.5077992878478,121649,1830,1,"1"
2042.8295476298219,121631,1848,1,"1"
2049.23294323132,121611,1868,4,"2-2"
2058.9348352422894,121608,1871,1,"1"
2069.4041555594881,121592,1887,1,"1"
2081.639643306994,121556,1923,2,"2"
2088.974150776683,121538,1941,1,"1"
2098.6605246741615,121528,1951,1,"1"
2103.7795457007337,121525,1954,1,"1"
2120.7197400540176,121507,1972,1,"1"
2129.8680842755875,121495,1984,1,"1"
2137.206696723068,121459,2020,2,"1-1"
2150.5066381257316,121441,2038,1,"1"
2154.2417535427098,121423,2056,1,"1"
2157.1898006097304,121405,2074,1,"1"
2159.4645183802495,121387,2092,1,"1"
2178.6939392857971,121369,2110,1,"1"
2191.2815792858437,121351,2128,1,"1"
2193.5474148973904,121333,2146,1,"1"
2208.6959448273246,121315,2164,1,"1"
2215.8313839056873,121306,2173,1,"1"
2217.6595990551218,121288,2191,1,"1"
2227.5450549360048,121277,2202,1,"1"
2231.3770657652062,121266,2213,1,"1"
2232.6472805586814,121248,2231,1,"1"
2233.9601266234758,121230,2249,1,"1"
2239.8096623816109,121225,2254,1,"1"
2240.7830250240645,121213,2266,1,"1"
2243.540962609035,121195,2284,1,"1"
2258.1973748370028,121177,2302,1,"1"
2260.5437954130957,121167,2312,2,"2"
2268.8706859710419,121155,2324,1,"1"
2275.9841798708972,121146,2333,1,"1"
2281.9582581135778,121128,2351,1,"1"
2296.1135289259455,121115,2364,1,"1"
2304.8783829093741,121085,2394,2,"2"
2320.0122624407927,121067,2412,1,"1"
2321.4954154127408,121055,2424,1,"1"
2321.6192582958729,121037,2442,1,"1"
2323.5831568455237,121019,2460,1,"1"
2326.6887023918202,121001,2478,1,"1"
2348.9453944492534,120990,2489,1,"1"
2390.5228266753002,120980,2499,1,"1"
2391.0581346682534,120955,2524,3,"1-1-1"
2394.2903909998749,120945,2534,1,"1"
2396.222899529143,120935,2544,1,"1"
2424.7010924442566,120924,2555,1,"1"
2437.6036967966729,120912,2567,1,"1"
2444.0356610861304,120903,2576,1,"1"
2446.8617067707373,120885,2594,1,"1"
2457.3062152618345,120867,2612,1,"1"
2458.0356022299593,120849,2630,1,"1"
2487.3919197588739,120813,2666,2,"2"
2492.9300359043855,120801,2678,1,"1"
2500.352627853305,120739,2740,4,"4"
2500.756679449335,120734,2745,1,"1"
2510.0457125973571,120716,2763,1,"1"
2510.4504117525262,120713,2766,1,"1"
2514.1438078267993,120701,2778,1,"1"
2514.672929830886,120696,2783,1,"1"
2523.7731825590226,120682,2797,1,"1"
2527.8966240382601,120677,2802,1,"1"
2530.7917311990668,120674,2805,1,"1"
2536.7622985450112,120656,2823,1,"1"
2541.8322954023552,120653,2826,1,"1"
2546.6900487135927,120637,2842,1,"1"
2548.8458035259387,120619,2860,1,"1"
2548.9899950559852,120601,2878,1,"1"
2554.6659875485861,120595,2884,2,"2"
2562.8527665000629,120569,2910,4,"2-1-1"
2597.294690289134,120551,2928,1,"1"
2597.4322726151977,120537,2942,4,"2-1-1"
2623.7636036057679,120524,2955,3,"2-1"
2643.9418888304554,120506,2973,1,"1"
2648.3819306233754,120496,2983,1,"1"
2653.9374498919397,120472,3007,2,"2"
2673.1352739961467,120466,3013,2,"2"
2677.1847951263217,120448,3031,1,"1"
2679.6284340743391,120430,3049,1,"1"
2685.0551253437329,120425,3054,1,"1"
2686.8421650487435,120418,3061,1,"1"
2697.8416238580808,120386,3093,3,"2-1"
2701.1468008364673,120372,3107,2,"2"
2706.4086784044866,120369,3110,1,"1"
2715.2595307309562,120351,3128,1,"1"
2723.463262788292,120348,3131,1,"1"
2724.0211980993117,120331,3148,1,"1"
2743.1669178056632,120321,3158,1,"1"
2751.6942574758164,120318,3161,1,"1"
2755.8318709076648,120304,3175,2,"2"
2761.8471541993913,120286,3193,1,"1"
2764.1437587561759,120268,3211,1,"1"
2765.0559762280141,120250,3229,1,"1"
2768.4247015405317,120214,3265,2,"2"
2773.5178151853088,120204,3275,2,"2"
2777.5229837435168,120186,3293,1,"1"
2792.354422296859,120176,3303,1,"1"
2804.0427033615001,120158,3321,1,"1"
2804.8675764741743,120110,3369,4,"2-2"
2807.4184144184301,120094,3385,1,"1"
2816.8870166678503,120087,3392,1,"1"
2825.5523499484643,120069,3410,1,"1"
2827.1657687126799,120051,3428,1,"1"
2833.7926198285495,120033,3446,1,"1"
2838.0287405950962,119957,3522,7,"4-2-1"
2838.8639988614182,119950,3529,1,"1"
2846.7061518326782,119932,3547,1,"1"
2846.8491912102791,119922,3557,1,"1"
2858.286516730825,119915,3564,1,"1"
2862.644400925898,119897,3582,1,"1"
2871.7208059539203,119875,3604,2,"1-1"
2876.629606859718,119854,3625,3,"2-1"
2884.8964188391474,119848,3631,2,"1-1"
2891.9836165858928,119830,3649,1,"1"
2894.008475552645,119825,3654,1,"1"
2897.4259428576147,119818,3661,1,"1"
2897.4369958334428,119807,3672,1,"1"
2910.3105301932051,119775,3704,4,"2-1-1"
2923.2067740027915,119757,3722,1,"1"
2928.8682279891159,119723,3756,2,"1-1"
2931.6045530101796,119705,3774,1,"1"
2950.0054997885304,119688,3791,3,"1-1-1"
2952.1486370161451,119676,3803,2,"1-1"
2955.6274026836613,119655,3824,3,"2-1"
2965.2016394121156,119635,3844,2,"1-1"
2968.1445774417693,119617,3862,1,"1"
2979.8783419279648,119599,3880,1,"1"
2980.4130274861886,119581,3898,1,"1"
2981.1948097136692,119578,3901,1,"1"
2982.3049479799988,119560,3919,1,"1"
2984.4913242891012,119544,3935,1,"1"
2986.1043486980543,119532,3947,1,"1"
2994.5053908028776,119514,3965,1,"1"
2999.2272386163872,119496,3983,1,"1"
3007.202290624944,119478,4001,1,"1"
3017.6061883177449,119460,4019,1,"1"
3032.9792890967228,119442,4037,1,"1"
3037.7134055829933,119424,4055,1,"1"
3040.6320859493826,119406,4073,1,"1"
3046.5872783889845,119382,4097,2,"2"
3047.2575268866317,119375,4104,1,"1"
3047.6334126402548,119357,4122,1,"1"
3049.9572580757117,119339,4140,1,"1"
3052.702764623672,119325,4154,1,"1"
3078.2034757365304,119307,4172,1,"1"
3091.5488368828537,119289,4190,1,"1"
3095.7837765949666,119271,4208,1,"1"
3104.4971884127035,119253,4226,1,"1"
3107.2992151677358,119244,4235,1,"1"
3108.422314716272,119232,4247,1,"1"
3113.3699361461954,119186,4293,3,"1-1-1"
3117.3298011184893,119168,4311,1,"1"
3119.8878838853147,119150,4329,1,"1"
3127.6445065094736,119132,4347,1,"1"
3134.0613918975978,119098,4381,2,"2"
3162.0722673233822,119080,4399,1,"1"
3194.6900498243544,119026,4453,3,"2-1"
3196.3950664159429,118991,4488,5,"4-1"
3199.5347818682108,118973,4506,1,"1"
3202.4533419305913,118955,4524,1,"1"
3205.3455897566682,118952,4527,1,"1"
3207.7159450156983,118934,4545,1,"1"
3218.7016457760997,118898,4581,2,"2"
3224.973201762572,118880,4599,1,"1"
3242.503118701612,118844,4635,2,"2"
3248.727750663073,118826,4653,2,"1-1"
3260.5760757353005,118700,4779,7,"6-1"
3269.6702009792748,118674,4805,2,"2"
3284.4467106333727,118663,4816,1,"1"
3288.5941642943471,118645,4834,1,"1"
3314.7118422485387,118627,4852,1,"1"
3315.0942475538041,118616,4863,1,"1"
3317.5729481671988,118598,4881,1,"1"
3323.9549845579982,118576,4903,2,"2"
3325.5125097571031,118558,4921,2,"2"
3336.2085558036724,118522,4957,2,"2"
3336.8674823809251,118504,4975,1,"1"
3338.5286980273413,118498,4981,2,"2"
3339.3943364852335,117916,5563,33,"27-4-1-1"
3343.2112052146763,117905,5574,1,"1"
3347.1179014443123,117892,5587,1,"1"
3348.505840798131,117874,5605,1,"1"
3349.7510065569636,117864,5615,2,"2"
3362.1426310341635,117846,5633,1,"1"
3383.1632989134791,117828,5651,1,"1"
3385.0414278376834,117810,5669,1,"1"
3402.3062428392973,117792,5687,1,"1"
3404.6475062545014,117774,5705,1,"1"
3407.5839861519612,117762,5717,1,"1"
3408.5531664018804,117748,5731,2,"2"
3414.5264556580196,117730,5749,1,"1"
3416.1864498315908,117712,5767,1,"1"
3420.8593386085208,117702,5777,1,"1"
3427.0065850737324,117684,5795,1,"1"
3435.8353673453821,117645,5834,4,"2-1-1"
3437.8708480062955,117591,5888,3,"3"
3444.6075497370307,117577,5902,1,"1"
3445.6493171372626,117559,5920,1,"1"
3449.8644502275574,117545,5934,2,"1-1"
3466.2918040505283,117534,5945,1,"1"
3466.8100183652568,117516,5963,1,"1"
3474.9494615569706,117383,6096,12,"4-4-2-1-1"
3479.1174579823055,117365,6114,1,"1"
3482.8928994999442,117351,6128,1,"1"
3487.0995188738743,117333,6146,1,"1"
3488.2244385671374,117301,6178,4,"4"
3493.069029570177,117287,6192,2,"2"
3493.6243849170114,117269,6210,1,"1"
3502.0063912250307,117264,6215,1,"1"
3508.2869031727741,117246,6233,1,"1"
3517.2070437498191,117232,6247,2,"2"
3517.9490726841268,117214,6265,1,"1"
3522.5523496669612,117196,6283,1,"1"
3530.0699215753498,117189,6290,1,"1"
3532.6157705917963,117171,6308,1,"1"
3556.1306176123267,117153,6326,1,"1"
3574.0099835341962,117139,6340,2,"1-1"
3578.9655155235259,117106,6373,2,"2"
3580.6078209314851,117088,6391,1,"1"
3585.7070418086296,117070,6409,1,"1"
3587.8998628119393,117034,6445,2,"2"
3590.6762464441072,116955,6524,8,"2-2-2-1-1"
3592.862734409528,116903,6576,4,"2-2"
3594.4222862293327,116885,6594,1,"1"
3597.50692958026,116843,6636,3,"3"
3602.5800029559687,116825,6654,1,"1"
3603.4914525553986,116807,6672,1,"1"
3609.260831459098,116789,6690,1,"1"
3614.4281722498035,116771,6708,1,"1"
3616.305451322216,116761,6718,2,"1-1"
3622.8040146136809,116707,6772,3,"1-1-1"
3623.1894900133798,116671,6808,2,"2"
3627.4154631727938,116599,6880,4,"3-1"
3629.7874932240024,116563,6916,2,"1-1"
3632.4668084171035,116535,6944,2,"1-1"
3653.1389027880382,116528,6951,1,"1"
3655.9817552357431,116492,6987,2,"2"
3658.7186309110239,116478,7001,1,"1"
3659.7283342419082,116460,7019,1,"1"
3660.2295888571157,116453,7026,1,"1"
3667.1092316776449,116435,7044,1,"1"
3668.0296218526132,116419,7060,1,"1"
3670.3810951379046,116404,7075,1,"1"
3671.3227475856861,116386,7093,1,"1"
3671.5213471497655,116375,7104,1,"1"
3674.2467614192406,116357,7122,1,"1"
3677.1492142392945,116339,7140,1,"1"
3681.9642917850933,116175,7304,10,"3-3-1-1-1-1"
3684.3719811967858,116139,7340,2,"1-1"
3691.9967784857877,116122,7357,1,"1"
3695.9315372484957,116104,7375,1,"1"
3709.4726873025793,116097,7382,1,"1"
3715.7717962003321,116079,7400,1,"1"
3722.9106296516989,116061,7418,1,"1"
3723.8677421089033,116037,7442,2,"2"
3724.1268495043782,116019,7460,1,"1"
3737.6873097626535,116001,7478,1,"1"
3741.3897977091033,115983,7496,1,"1"
3741.8997928838771,115965,7514,1,"1"
3749.1550095609282,115947,7532,1,"1"
3751.7704312294168,115929,7550,1,"1"
3757.437241303563,115913,7566,1,"1"
3770.1214491834826,115895,7584,1,"1"
3784.6850975537927,115877,7602,1,"1"
3790.1534974274259,115789,7690,6,"3-2-1"
3792.657960535967,114961,8518,49,"32-4-2-2-2-1-1-1-1-1-1-1"
3794.1796700688669,114943,8536,1,"1"
3794.801946714229,114925,8554,1,"1"
3795.1591490004985,114902,8577,2,"1-1"
3799.0707192456994,114884,8595,1,"1"
3802.464300770906,114866,8613,1,"1"
3802.8551488316289,114848,8631,1,"1"
3826.4534545874676,114830,8649,1,"1"
3836.4378219898585,114714,8765,7,"5-1-1"
3838.8327332804024,114678,8801,2,"2"
3843.3295112110504,114632,8847,3,"2-1"
3863.7859176664351,114614,8865,1,"1"
3868.5887703880767,114596,8883,1,"1"
3876.074865974183,114578,8901,1,"1"
3879.9864692964734,114567,8912,1,"1"
3884.2988613982052,114545,8934,2,"2"
3892.7051798645412,114530,8949,1,"1"
3896.068051955222,0,123479,6500,"6500"
----------------------------------------------7
0,123479,0,0,"0"
72.737946327172864,123478,1,1,"1"
120.22447413654396,123477,2,1,"1"
120.64144894937051,123476,3,1,"1"
232.56263595024771,123473,6,1,"1"
241.27257222940719,123455,24,1,"1"
270.51240421536295,123452,27,1,"1"
275.72050669820987,123451,28,1,"1"
295.61073007214236,123450,29,1,"1"
346.83575759284821,123449,30,1,"1"
369.28880661731966,123437,42,1,"1"
396.88154415265979,123435,44,2,"2"
424.70965704140559,123434,45,1,"1"
449.14018860389575,123433,46,1,"1"
462.9417151934054,123432,47,1,"1"
464.56438346277082,123431,48,1,"1"
469.16389768995924,123430,49,1,"1"
477.29662576151719,123421,58,3,"3"
479.50461404552681,123420,59,1,"1"
480.95963143568298,123408,71,1,"1"
504.32246529005761,123407,72,1,"1"
507.87817043237214,123389,90,1,"1"
516.80649543096331,123388,91,1,"1"
517.40606585445607,123385,94,1,"1"
523.69266626899571,123384,95,1,"1"
533.04577825351544,123383,96,1,"1"
563.68192175989009,123378,101,1,"1"
568.55542600840079,123375,104,1,"1"
584.54899220405707,123374,105,1,"1"
586.49782248004647,123356,123,1,"1"
611.48323925820114,123355,124,1,"1"
633.83397216311948,123350,129,1,"1"
638.10298328133911,123349,130,1,"1"
677.13846845761043,123339,140,2,"2"
680.27061428588763,123321,158,1,"1"
699.83187922108391,123320,159,1,"1"
710.70607264440434,123319,160,1,"1"
713.22825144955277,123309,170,1,"1"
718.24605463816806,123302,177,1,"1"
725.31321465418569,123284,195,1,"1"
737.25111364004385,123283,196,1,"1"
749.17803209333499,123281,198,2,"2"
757.79047351891393,123263,216,1,"1"
776.18695097549494,123245,234,1,"1"
782.64105026279356,123242,237,1,"1"
790.27025180548162,123224,255,1,"1"
805.87543944004631,123206,273,1,"1"
806.41059674808491,123188,291,1,"1"
811.73103529465072,123170,309,1,"1"
818.95719939083494,123152,327,1,"1"
824.09012166034836,123134,345,1,"1"
827.27148861165119,123132,347,2,"1-1"
830.56277626998133,123114,365,1,"1"
845.84897050427708,123113,366,1,"1"
847.60937946284389,123095,384,1,"1"
851.02216039721918,123094,385,1,"1"
874.75670757800833,123056,423,4,"4"
879.75848718390318,123038,441,1,"1"
890.07738800033735,123035,444,1,"1"
891.66722498317733,123023,456,1,"1"
908.6329545289808,123022,457,1,"1"
910.00486468661222,123020,459,2,"2"
911.13847015373949,123009,470,3,"2-1"
955.61073728807696,123008,471,1,"1"
964.78803036612203,123006,473,2,"2"
974.1382888361768,123005,474,1,"1"
984.49389566845423,122987,492,1,"1"
1000.5923530461502,122986,493,1,"1"
1000.616251333271,122977,502,1,"1"
1014.6628906439457,122888,591,5,"5"
1020.0426953592441,122883,596,1,"1"
1093.4982134259635,122880,599,3,"3"
1097.1792980726154,122862,617,1,"1"
1102.2486411021862,122851,628,1,"1"
1137.7912484723302,122833,646,1,"1"
1143.8666839879813,122815,664,1,"1"
1144.9956843710145,122797,682,1,"1"
1145.4585734760615,122796,683,1,"1"
1146.9996056524185,122778,701,1,"1"
1172.0292150784519,122775,704,1,"1"
1184.8738579125866,122757,722,1,"1"
1206.9565390420371,122739,740,1,"1"
1208.8068601785476,122685,794,3,"3"
1222.0967507923767,122682,797,1,"1"
1229.7059495302183,122664,815,1,"1"
1253.2963037545876,122650,829,4,"2-2"
1259.0661011621753,122632,847,1,"1"
1281.7968155901101,122614,865,1,"1"
1308.5352198148792,122602,877,1,"1"
1310.7571483903114,122588,891,2,"1-1"
1318.730703041542,122582,897,2,"2"
1330.2146320740044,122581,898,1,"1"
1331.2901124926027,122565,914,1,"1"
1337.8739478646221,122547,932,1,"1"
1374.761036277037,122544,935,1,"1"
1383.4563980482678,122531,948,1,"1"
1396.9648726460607,122513,966,1,"1"
1398.2001585892569,122495,984,1,"1"
1442.1111296800914,122485,994,1,"1"
1442.4628479418113,122484,995,1,"1"
1457.8650201248156,122483,996,1,"1"
1478.6916922744233,122465,1014,1,"1"
1482.443051960475,122447,1032,1,"1"
1489.3914689401799,122444,1035,1,"1"
1497.5629132806869,122426,1053,1,"1"
1501.3930844782251,122390,1089,3,"3"
1503.3625551653236,122372,1107,1,"1"
1514.1147145672901,122336,1143,2,"2"
1521.2585767172202,122318,1161,1,"1"
1522.1436501764308,122306,1173,1,"1"
1538.6479422733237,122288,1191,1,"1"
1544.6139084209351,122270,1209,1,"1"
1560.3843725422419,122252,1227,1,"1"
1565.4436821811071,122240,1239,1,"1"
1570.7503835717312,122222,1257,1,"1"
1581.6702269888167,122217,1262,1,"1"
1596.3431856677914,122183,1296,2,"2"
1598.2682011417298,122167,1312,1,"1"
1613.3201276272662,122161,1318,2,"2"
1619.5597109645644,122143,1336,1,"1"
1643.6434446571609,122134,1345,1,"1"
1659.5185177121348,122131,1348,1,"1"
1661.8668046624,122113,1366,1,"1"
1688.7964598434087,122105,1374,2,"1-1"
1690.9598036622401,122087,1392,1,"1"
1696.1597625362547,122078,1401,1,"1"
1702.1678482321154,122060,1419,1,"1"
1720.4506136120422,122057,1422,1,"1"
1736.0043054552984,122045,1434,1,"1"
1738.2858508017268,122014,1465,3,"3"
1755.3872849363013,121996,1483,1,"1"
1756.6196758762335,121972,1507,2,"2"
1758.4012097918728,121954,1525,1,"1"
1760.184319103922,121940,1539,2,"2"
1774.4625413919239,121922,1557,1,"1"
1781.7752226220523,121912,1567,2,"2"
1804.2299774451317,121894,1585,1,"1"
1810.377399471022,121891,1588,1,"1"
1817.5157841202602,121888,1591,1,"1"
1824.1341384916818,121882,1597,2,"2"
1839.6715025824228,121872,1607,1,"1"
1840.9080883216325,121860,1619,1,"1"
1842.0211496149375,121853,1626,1,"1"
1862.3655076066045,121835,1644,1,"1"
1863.431944177489,121822,1657,1,"1"
1872.9526472182715,121804,1675,1,"1"
1873.7235971668495,121786,1693,1,"1"
1876.1069127150654,121772,1707,2,"2"
1876.2231630612202,121754,1725,1,"1"
1904.2352648037167,121736,1743,1,"1"
1906.150390905075,121718,1761,1,"1"
1958.5511347803611,121695,1784,2,"2"
1960.9074924168594,121677,1802,1,"1"
1967.0749216859485,121659,1820,1,"1"
1971.6594902252382,121641,1838,1,"1"
1974.1219236148563,121617,1862,2,"2"
1975.1830685570615,121599,1880,1,"1"
1975.2766687806475,121581,1898,1,"1"
1986.4545005369594,121557,1922,2,"2"
1987.485613648257,121551,1928,2,"2"
2014.48686068048,121533,1946,1,"1"
2015.8448793536174,121521,1958,1,"1"
2018.0119129413906,121503,1976,1,"1"
2021.1308590563658,121485,1994,1,"1"
2026.5657039593393,121467,2012,1,"1"
2046.6721958447226,121464,2015,1,"1"
2047.1719407255162,121458,2021,2,"2"
2048.6617385494874,121442,2037,1,"1"
2067.0060557741745,121424,2055,1,"1"
2070.1959417678891,121412,2067,4,"4"
2074.6282851745827,121394,2085,1,"1"
2105.6042271874207,121376,2103,1,"1"
2108.2043367431438,121358,2121,1,"1"
2111.5843047287212,121226,2253,9,"9"
2114.8897521246258,121208,2271,1,"1"
2121.3595612478721,121205,2274,1,"1"
2128.5168833225985,121187,2292,1,"1"
2143.2215572220521,121169,2310,1,"1"
2147.8349080189782,121164,2315,1,"1"
2172.4416640871623,121146,2333,1,"1"
2196.1234867885228,121128,2351,1,"1"
2201.7103856247531,121103,2376,2,"2"
2204.192900568944,121100,2379,1,"1"
2216.9311837862583,121082,2397,1,"1"
2224.2070467397562,121079,2400,1,"1"
2230.4160305983573,121067,2412,1,"1"
2248.1959982441731,121057,2422,2,"2"
2257.1886323719659,121039,2440,1,"1"
2263.4775292836257,121030,2449,1,"1"
2268.9383969177052,121027,2452,1,"1"
2273.9118151273988,121009,2470,1,"1"
2275.3739947850531,120991,2488,1,"1"
2284.8121068987998,120982,2497,1,"1"
2290.8934896314336,120964,2515,1,"1"
2291.1663943252947,120959,2520,1,"1"
2300.4458553267909,120941,2538,1,"1"
2300.5482036920685,120936,2543,1,"1"
2303.5536346730123,120918,2561,1,"1"
2309.8191815416922,120900,2579,1,"1"
2310.2532371676539,120886,2593,2,"2"
2312.4886096478981,120868,2611,1,"1"
2331.7835663171691,120859,2620,1,"1"
2332.8771147653174,120856,2623,1,"1"
2345.2067634878476,120808,2671,3,"2-1"
2345.6190620807961,120790,2689,1,"1"
2356.8869766658972,120772,2707,1,"1"
2358.1608118812283,120754,2725,1,"1"
2358.4405569880469,120751,2728,1,"1"
2361.5425210733752,120745,2734,2,"2"
2369.2223845173726,120734,2745,1,"1"
2384.4759196122136,120716,2763,1,"1"
2388.036815944487,120698,2781,1,"1"
2406.395500265663,120693,2786,1,"1"
2414.4346021617589,120675,2804,1,"1"
2421.3280723014468,120639,2840,2,"1-1"
2427.1887872436714,120621,2858,1,"1"
2435.5797093096803,120607,2872,1,"1"
2441.7719942520444,120604,2875,1,"1"
2451.3554702292236,120599,2880,1,"1"
2484.6098579482168,120581,2898,1,"1"
2496.6939450200271,120578,2901,1,"1"
2505.8069694929127,120564,2915,2,"1-1"
2519.9487288549744,120546,2933,1,"1"
2531.0784042552436,120535,2944,1,"1"
2538.2806984262679,120517,2962,1,"1"
2544.3240004697823,120505,2974,1,"1"
2547.4211905146844,120469,3010,2,"1-1"
2549.9140944874002,120433,3046,2,"1-1"
2559.453796952967,120428,3051,1,"1"
2576.0994329961995,120392,3087,2,"2"
2578.7209525086578,120280,3199,7,"5-2"
2580.2797848762671,120269,3210,1,"1"
2580.634075020525,120251,3228,1,"1"
2586.3385754930537,120233,3246,1,"1"
2589.7355641415029,120224,3255,1,"1"
2591.8487278417774,120206,3273,1,"1"
2602.404784150689,120188,3291,1,"1"
2604.803230989291,120122,3357,8,"2-2-1-1-1-1"
2605.4924746112274,120104,3375,1,"1"
2624.9974190377511,120086,3393,1,"1"
2637.0155482897076,120048,3431,6,"3-2-1"
2646.0492019544799,119994,3485,3,"3"
2664.5723330018177,119987,3492,1,"1"
2667.7060311808696,119965,3514,2,"1-1"
2676.0831064269951,119953,3526,1,"1"
2686.3884437585307,119950,3529,1,"1"
2688.500060132912,119932,3547,1,"1"
2723.6311600506833,119914,3565,1,"1"
2726.1240068617476,119896,3583,1,"1"
2728.4543590641147,119878,3601,1,"1"
2734.7504127805514,119860,3619,1,"1"
2745.6189243381041,119842,3637,1,"1"
2746.5807940103746,119824,3655,1,"1"
2750.3559603469153,119811,3668,1,"1"
2751.3036138149432,119793,3686,1,"1"
2759.7787802129651,119746,3733,3,"3"
2762.553128772317,119728,3751,1,"1"
2765.9360035165432,119710,3769,1,"1"
2778.4445562880437,119692,3787,1,"1"
2788.702328171662,119689,3790,1,"1"
2795.597217160469,119672,3807,1,"1"
2832.1723858571031,119642,3837,6,"3-2-1"
2833.9997912661429,119631,3848,1,"1"
2844.5872722152967,119624,3855,1,"1"
2854.3840959967074,119606,3873,1,"1"
2857.0641291338907,119599,3880,1,"1"
2869.0304222771092,119583,3896,1,"1"
2872.8472075194591,119578,3901,1,"1"
2886.2054442102644,119548,3931,2,"2"
2913.5547071758988,119530,3949,1,"1"
2920.9384600957342,119525,3954,1,"1"
2927.1144974991207,119515,3964,1,"1"
2943.1800992215526,119508,3971,1,"1"
2956.6589127451025,119472,4007,3,"2-1"
2958.9248837275009,119454,4025,1,"1"
2985.7619389029355,119436,4043,1,"1"
2989.679003388424,119418,4061,1,"1"
2995.5721279401791,119415,4064,1,"1"
3005.9182819082266,119401,4078,1,"1"
3010.6006365825779,119383,4096,1,"1"
3016.6892801781728,119365,4114,1,"1"
3017.9622771842319,119347,4132,1,"1"
3018.6619811431415,119311,4168,2,"1-1"
3022.5430652046239,119293,4186,1,"1"
3024.677824850844,119275,4204,1,"1"
3053.0256955126238,119239,4240,2,"2"
3057.1899983137446,119234,4245,1,"1"
3064.1331023312678,119211,4268,3,"3"
3070.0752190400472,119206,4273,1,"1"
3083.9020285117008,119199,4280,1,"1"
3093.6737827574298,119181,4298,1,"1"
3094.3417533744573,119163,4316,1,"1"
3103.259261076586,119145,4334,1,"1"
3109.9674613964835,119127,4352,1,"1"
3110.3418771526335,119109,4370,1,"1"
3116.203398357326,119106,4373,1,"1"
3123.0731573630646,119088,4391,1,"1"
3132.4294225395124,119070,4409,1,"1"
3134.4762039099323,119052,4427,1,"1"
3137.6095711734997,118962,4517,5,"5"
3138.3077686915399,118926,4553,2,"1-1"
3152.0587100153821,118858,4621,8,"3-3-1-1"
3156.0551767714746,118848,4631,2,"2"
3164.7338526512544,118830,4649,1,"1"
3167.6814263025731,118803,4676,2,"2"
3167.8978149624045,118785,4694,1,"1"
3175.5063685294049,118767,4712,1,"1"
3176.371358999942,118731,4748,2,"2"
3186.621400739185,118713,4766,1,"1"
3187.1224779591735,118695,4784,1,"1"
3196.3537801554758,118635,4844,8,"5-2-1"
3211.7536227509368,118617,4862,1,"1"
3215.2955460329481,118599,4880,1,"1"
3224.0534413946039,118581,4898,1,"1"
3244.6901695438764,118522,4957,6,"2-1-1-1-1"
3246.6740706056221,118504,4975,1,"1"
3253.9269029352395,118450,5029,3,"3"
3277.4100056577486,118432,5047,1,"1"
3286.8972377750742,118414,5065,1,"1"
3290.929561424492,118373,5106,3,"2-1"
3296.4327275282426,118301,5178,4,"3-1"
3297.2723229923017,118287,5192,1,"1"
3315.5735179952462,118282,5197,1,"1"
3320.4256059126715,118264,5215,1,"1"
3321.2308652337038,118221,5258,5,"3-2"
3322.3346315915092,118203,5276,1,"1"
3337.8894293771805,118193,5286,1,"1"
3343.9326918431975,118175,5304,1,"1"
3347.0490732831645,118161,5318,2,"2"
3352.6116513521529,118143,5336,1,"1"
3353.6480035352711,118125,5354,1,"1"
3359.2826946785708,118081,5398,3,"2-1"
3359.9418912510591,118078,5401,1,"1"
3361.6634167737952,118060,5419,1,"1"
3367.3372072527036,118042,5437,1,"1"
3367.8784261706596,118028,5451,1,"1"
3374.2100040198247,118010,5469,1,"1"
3375.1221999620502,117992,5487,1,"1"
3377.5171333454159,117970,5509,2,"1-1"
3378.2488987747952,117952,5527,1,"1"
3379.5251023911783,117934,5545,1,"1"
3385.9174158584847,117916,5563,1,"1"
3386.132328728354,117898,5581,1,"1"
3396.1232056486033,117880,5599,1,"1"
3396.5377642189414,117862,5617,1,"1"
3397.1997531993161,117844,5635,1,"1"
3401.1444929638128,117830,5649,1,"1"
3404.136581982199,117812,5667,1,"1"
3405.4168753090376,117805,5674,1,"1"
3425.5023969399385,117787,5692,1,"1"
3433.768669901528,117769,5710,1,"1"
3438.5195187798822,117755,5724,1,"1"
3438.6163425328805,117719,5760,2,"2"
3441.2778724064556,117701,5778,1,"1"
3446.7366547020561,117683,5796,2,"1-1"
3459.5957366800594,117665,5814,1,"1"
3459.9443492233308,117647,5832,1,"1"
3463.7409544106235,117629,5850,1,"1"
3466.5955579298006,117591,5888,8,"3-2-1-1-1"
3474.2185709626756,117573,5906,1,"1"
3474.8125914653442,117555,5924,1,"1"
3477.4702811966654,117537,5942,1,"1"
3481.4177102327581,117519,5960,1,"1"
3503.7182727270028,117501,5978,1,"1"
3515.4942199425273,117321,6158,13,"5-3-2-1-1-1"
3515.6960012678492,117147,6332,11,"2-2-1-1-1-1-1-1-1"
3515.8724038551691,117084,6395,6,"5-1"
3517.0746747846651,117030,6449,3,"2-1"
3521.3537572567056,116881,6598,15,"5-2-2-1-1-1-1-1-1"
3529.5440214011446,116869,6610,1,"1"
3532.3239776412061,116851,6628,1,"1"
3534.4954574345011,116846,6633,1,"1"
3543.0666543766324,116835,6644,1,"1"
3552.6482962675782,116807,6672,2,"2"
3553.135948814424,116789,6690,1,"1"
3553.5084952165453,116753,6726,2,"2"
3562.6171096528606,116735,6744,1,"1"
3568.9602865290817,116717,6762,1,"1"
3571.733266391233,116699,6780,1,"1"
3577.5345036506851,116681,6798,1,"1"
3579.9929724299973,116663,6816,1,"1"
3582.4257464128427,116645,6834,1,"1"
3587.8935979138073,116627,6852,1,"1"
3595.5675776891444,116616,6863,1,"1"
3599.5147509602739,116602,6877,2,"1-1"
3600.2329535107065,116584,6895,1,"1"
3603.6578666600872,116515,6964,9,"4-3-2"
3605.3761253043895,116497,6982,1,"1"
3609.3906823331599,116492,6987,1,"1"
3611.4384991219317,116477,7002,1,"1"
3614.4096277252411,116459,7020,1,"1"
3629.7262911004887,116423,7056,2,"1-1"
3636.1972940505566,116405,7074,1,"1"
3649.4816979425641,116387,7092,1,"1"
3653.7287441923609,116313,7166,6,"2-2-1-1"
3653.7406518181415,116259,7220,3,"3"
3655.3376326385851,116196,7283,8,"3-2-1-1-1"
3664.8617358893816,116170,7309,2,"1-1"
3686.5081539643761,116152,7327,1,"1"
3688.1226990432096,116122,7357,2,"2"
3697.4548457876394,116104,7375,1,"1"
3702.2715162892132,116086,7393,1,"1"
3704.0429612738121,116068,7411,1,"1"
3705.3657967620848,115893,7586,14,"2-2-1-1-1-1-1-1-1-1-1-1"
3709.5899249245954,115877,7602,1,"1"
3739.6436222059165,115859,7620,1,"1"
3754.314871015039,115823,7656,2,"2"
3758.7364469054078,115805,7674,1,"1"
3765.0002373895786,115773,7706,2,"2"
3766.2081578870184,115755,7724,1,"1"
3768.0297821067647,115668,7811,8,"5-1-1-1"
3769.1714638838744,115628,7851,3,"1-1-1"
3780.8859720268342,115610,7869,1,"1"
3783.9516274441767,115603,7876,1,"1"
3790.7235294843681,115441,8038,9,"8-1"
3795.5445503656724,115423,8056,1,"1"
3796.009456739152,115405,8074,1,"1"
3800.5812107023721,115021,8458,23,"16-2-1-1-1-1-1"
3803.1855138858682,114985,8494,3,"2-1"
3805.3564883204481,114969,8510,1,"1"
3806.1794920961975,114951,8528,1,"1"
3820.3890639272668,114850,8629,11,"3-2-2-1-1-1-1"
3821.9812972006544,114832,8647,1,"1"
3826.68803843974,114814,8665,1,"1"
3832.5922724795491,114790,8689,2,"2"
3850.0387425798658,114785,8694,1,"1"
3853.5331068316236,114731,8748,3,"2-1"
3853.5346475524889,114695,8784,2,"2"
3856.4852897827805,114681,8798,1,"1"
3859.4390855273291,114663,8816,1,"1"
3867.1178079735942,114609,8870,3,"3"
3874.3866752453996,114599,8880,1,"1"
3899.193336021769,0,123479,6491,"6491"
----------------------------------------------8
0,123479,0,0,"0"
73.359455105354726,123478,1,1,"1"
87.308323173074726,123477,2,1,"1"
208.92519089020419,123465,14,1,"1"
223.16582957099143,123464,15,1,"1"
243.06319369605362,123463,16,1,"1"
264.73730187731144,123460,19,1,"1"
288.63988162912938,123459,20,1,"1"
289.09992861670429,123456,23,1,"1"
296.01997181966414,123455,24,1,"1"
305.78426014416027,123329,150,7,"4-1-1-1"
312.45970696625733,123326,153,1,"1"
315.03566221140483,123325,154,1,"1"
316.53320345932809,123307,172,1,"1"
326.05009199427928,123306,173,1,"1"
328.38677721117062,123305,174,1,"1"
336.7356483674485,123303,176,2,"2"
366.20524593785382,123302,177,1,"1"
371.44987145296028,123301,178,1,"1"
380.35015373661184,123300,179,1,"1"
393.0238774274813,123299,180,1,"1"
394.21553300429775,123290,189,1,"1"
418.70160008513676,123272,207,1,"1"
427.04713016109037,123271,208,1,"1"
427.95017555626026,123270,209,1,"1"
466.86841177948253,123252,227,1,"1"
467.92220833529649,123251,228,1,"1"
475.66885363669911,123246,233,1,"1"
487.62837837064757,123230,249,1,"1"
495.25079864166048,123228,251,2,"1-1"
499.56920668677549,123227,252,1,"1"
522.16447491662007,123209,270,1,"1"
538.63321791247949,123208,271,1,"1"
562.03796547549382,123186,293,2,"1-1"
562.43071394072604,123185,294,1,"1"
580.68090802598783,123167,312,1,"1"
600.01144466911092,123166,313,1,"1"
615.14757605022237,123164,315,2,"2"
616.49333369008366,123162,317,2,"2"
630.45835160505226,123161,318,1,"1"
631.67060686157618,123143,336,1,"1"
654.97281084462725,123140,339,1,"1"
668.25579137105467,123139,340,1,"1"
681.9148734271339,123138,341,1,"1"
716.38779741205838,123137,342,1,"1"
718.19276533981986,123136,343,1,"1"
737.08597405497403,123100,379,2,"1-1"
746.206413263679,123082,397,1,"1"
751.41241165849374,123064,415,1,"1"
775.68527596116769,123063,416,1,"1"
782.92939909004281,123060,419,1,"1"
803.98604404803791,123059,420,1,"1"
811.54276879042436,123047,432,1,"1"
812.88600747381918,123045,434,2,"2"
852.03620465945266,123027,452,1,"1"
854.42793489697044,123026,453,1,"1"
860.75992092449712,123019,460,1,"1"
865.24378014431579,123018,461,1,"1"
881.12482483830433,123017,462,1,"1"
891.9316122140026,123012,467,1,"1"
896.68369089441046,122994,485,1,"1"
931.73721692606318,122992,487,2,"2"
945.99922300921116,122985,494,1,"1"
956.35157189391794,122967,512,1,"1"
956.85993781528953,122956,523,1,"1"
957.70276281397798,122938,541,1,"1"
971.07657209423803,122920,559,1,"1"
988.68805839580693,122917,562,1,"1"
992.0288779011729,122912,567,1,"1"
1001.4752551119027,122910,569,2,"2"
1016.2238338180796,122900,579,1,"1"
1042.0764231375044,122882,597,1,"1"
1054.185112623147,122877,602,1,"1"
1056.4846700064329,122859,620,1,"1"
1061.9875210270475,122858,621,1,"1"
1084.0209471970206,122840,639,1,"1"
1091.9205890814537,122837,642,1,"1"
1096.9195168361291,122825,654,1,"1"
1108.5195434582604,122822,657,1,"1"
1121.0694009239821,122821,658,1,"1"
1136.8902126278103,122818,661,1,"1"
1155.9450998797308,122796,683,2,"2"
1164.9709723607139,122789,690,1,"1"
1166.2969333370186,122782,697,1,"1"
1175.6301900347305,122751,728,3,"3"
1177.2484426977007,122733,746,1,"1"
1215.4583398628265,122715,764,1,"1"
1224.624240908239,122714,765,1,"1"
1233.6441694438656,122702,777,4,"2-2"
1234.7944703312735,122684,795,1,"1"
1235.0230857938282,122678,801,2,"1-1"
1237.0638950198593,122675,804,1,"1"
1262.6399053914258,122657,822,1,"1"
1265.8708703506036,122639,840,1,"1"
1272.3380414159221,122636,843,1,"1"
1283.2492216967762,122625,854,1,"1"
1286.1571764869739,122607,872,1,"1"
1354.5521286097585,122606,873,1,"1"
1384.5083151178769,122605,874,1,"1"
1387.6134458606496,122587,892,4,"2-1-1"
1393.641851127124,122569,910,1,"1"
1394.5506519700427,122560,919,1,"1"
1412.4012165270951,122555,924,1,"1"
1420.8706369122513,122543,936,1,"1"
1430.4658071737445,122525,954,1,"1"
1451.8230323698574,122521,958,2,"1-1"
1456.4162657707159,122515,964,2,"1-1"
1465.3135002580329,122503,976,1,"1"
1469.2516935335177,122500,979,1,"1"
1470.5993599838314,122482,997,1,"1"
1477.4684994134493,122464,1015,1,"1"
1491.5423675083323,122454,1025,2,"2"
1492.8466875409308,122451,1028,1,"1"
1503.9139364867115,122433,1046,1,"1"
1505.8750841509761,122432,1047,1,"1"
1509.7419447108193,122429,1050,1,"1"
1511.6596007370968,122393,1086,2,"2"
1521.0191382147702,122390,1089,1,"1"
1529.5475347459414,122376,1103,2,"2"
1530.5268468841844,122373,1106,1,"1"
1532.6629344523378,122353,1126,2,"2"
1549.65433674578,122338,1141,3,"3"
1568.5784558368732,122335,1144,1,"1"
1578.2491347859377,122317,1162,1,"1"
1578.2983140463116,122299,1180,1,"1"
1584.6636766203133,122296,1183,1,"1"
1596.4264395545586,122266,1213,2,"2"
1605.6614530564379,122248,1231,1,"1"
1613.3488159225803,122241,1238,1,"1"
1620.6693472367349,122223,1256,1,"1"
1629.193615316525,122205,1274,1,"1"
1638.9790743353612,122187,1292,1,"1"
1662.6658530261939,122182,1297,1,"1"
1679.8874301998915,122175,1304,1,"1"
1685.0421516474285,122157,1322,1,"1"
1694.6112794129394,122146,1333,1,"1"
1695.3269330392968,122128,1351,1,"1"
1710.6646529844984,122110,1369,1,"1"
1710.9997248726133,122082,1397,2,"2"
1718.0227801740375,122072,1407,1,"1"
1718.2718967646535,122060,1419,4,"4"
1741.0413001888874,122018,1461,3,"3"
1741.3523390010444,122000,1479,1,"1"
1743.2516153512984,121982,1497,1,"1"
1747.0543589558424,121964,1515,1,"1"
1783.0241693647872,121938,1541,4,"3-1"
1829.7129683655135,121920,1559,1,"1"
1843.7697680745503,121902,1577,1,"1"
1844.8794108938303,121899,1580,1,"1"
1851.636042281915,121881,1598,1,"1"
1853.334239948472,121863,1616,1,"1"
1867.7672471222029,121845,1634,1,"1"
1870.6884930229053,121833,1646,1,"1"
1872.0007040231549,121809,1670,2,"2"
1881.8536843184063,121773,1706,2,"2"
1888.0408415469608,121755,1724,1,"1"
1890.1419614043498,121737,1742,1,"1"
1899.9465723942087,121719,1760,1,"1"
1918.12350603409,121701,1778,1,"1"
1961.8950305246103,121685,1794,2,"1-1"
1964.2961087937044,121676,1803,1,"1"
1975.5202988710855,121658,1821,1,"1"
1982.0295416671936,121640,1839,1,"1"
1983.0446335535144,121635,1844,1,"1"
2003.5724123453749,121617,1862,1,"1"
2017.6997632782884,121611,1868,2,"2"
2018.5839293166391,121593,1886,1,"1"
2022.8392052178026,121583,1896,1,"1"
2031.855927270238,121571,1908,1,"1"
2032.1493591533804,121553,1926,1,"1"
2061.0426135724747,121535,1944,1,"1"
2069.8822585406797,121532,1947,1,"1"
2070.6288749564956,121514,1965,1,"1"
2078.468323712611,121496,1983,1,"1"
2087.3904196994245,121478,2001,1,"1"
2091.7806138350788,121473,2006,1,"1"
2094.267274624282,121466,2013,1,"1"
2097.6343324712157,121463,2016,1,"1"
2109.1183625093918,121433,2046,2,"1-1"
2118.3217108081776,121423,2056,1,"1"
2134.7805231763268,121405,2074,1,"1"
2146.5623804864467,121387,2092,1,"1"
2157.404605476037,121369,2110,1,"1"
2158.8069728211103,121366,2113,1,"1"
2176.3250504336156,121348,2131,1,"1"
2177.9201161594424,121330,2149,1,"1"
2190.1611113771924,121316,2163,1,"1"
2192.8070122223676,121298,2181,1,"1"
2193.6025851766426,121280,2199,1,"1"
2200.3123459625331,121262,2217,1,"1"
2219.5714595023182,121259,2220,1,"1"
2237.2699643389838,121241,2238,1,"1"
2245.597904498175,121223,2256,1,"1"
2254.6476677231999,121205,2274,1,"1"
2254.8028367627958,121141,2338,8,"5-2-1"
2261.3606998243972,121123,2356,1,"1"
2266.8938138541866,121105,2374,1,"1"
2289.4469264366444,121098,2381,1,"1"
2290.8015491856454,121086,2393,1,"1"
2294.8548398646467,121076,2403,1,"1"
2295.88908463084,121073,2406,1,"1"
2323.6426915153497,121019,2460,3,"3"
2324.8085134476396,121016,2463,1,"1"
2325.1662813983507,120998,2481,1,"1"
2326.4953065277364,120980,2499,1,"1"
2331.8151728801049,120977,2502,1,"1"
2344.3499264112811,120789,2690,12,"10-1-1"
2351.9699708522594,120771,2708,1,"1"
2354.3040400756436,120747,2732,2,"2"
2365.5434498285217,120729,2750,1,"1"
2366.3239895377442,120717,2762,1,"1"
2369.481042753644,120685,2794,2,"2"
2389.8717333784862,120661,2818,4,"2-1-1"
2392.7267778931591,120655,2824,2,"2"
2423.496076000828,120637,2842,1,"1"
2435.0362577833207,120619,2860,1,"1"
2446.5294322396521,120601,2878,1,"1"
2449.8521762129371,120589,2890,1,"1"
2450.7469391261702,120571,2908,1,"1"
2472.820013652582,120499,2980,4,"1-1-1-1"
2491.0799604297686,120481,2998,1,"1"
2494.9049541561258,120474,3005,1,"1"
2503.1192328920188,120456,3023,1,"1"
2533.7249159988501,120438,3041,1,"1"
2547.8768339946837,120420,3059,1,"1"
2553.5650367306948,120380,3099,3,"2-1"
2557.8864263850232,120362,3117,1,"1"
2566.4991067684655,120344,3135,1,"1"
2566.8017249335903,120316,3163,2,"2"
2588.3874305801141,120313,3166,1,"1"
2601.0023554454046,120295,3184,1,"1"
2603.7798748918885,120277,3202,1,"1"
2604.7938835609948,120233,3246,4,"2-1-1"
2631.5558864607656,120193,3286,3,"2-1"
2653.6536356864763,120163,3316,2,"2"
2654.8791178086376,120145,3334,1,"1"
2655.7009775286137,120127,3352,1,"1"
2672.3983153018571,120109,3370,1,"1"
2677.7907845937998,120091,3388,1,"1"
2683.8101811334018,120073,3406,1,"1"
2685.0738784153496,120055,3424,1,"1"
2691.1803049944783,120052,3427,1,"1"
2694.7491358437196,120034,3445,1,"1"
2705.8986096009216,120027,3452,1,"1"
2706.5693390913111,120022,3457,1,"1"
2719.04320082409,119969,3510,5,"3-2"
2720.3993787020117,119951,3528,1,"1"
2726.1142744240133,119937,3542,1,"1"
2735.6238155417755,119919,3560,1,"1"
2735.754265702798,119901,3578,1,"1"
2738.8422851764485,119883,3596,1,"1"
2749.0288493035232,119865,3614,1,"1"
2749.3130326495675,119847,3632,1,"1"
2757.7643290403389,119836,3643,1,"1"
2768.9778518812777,119830,3649,2,"1-1"
2772.9986446562284,119821,3658,1,"1"
2779.2521506090693,119803,3676,1,"1"
2784.2708489465135,119724,3755,9,"8-1"
2785.1320466137863,119706,3773,1,"1"
2790.3996720313371,119688,3791,1,"1"
2791.9262181072181,119670,3809,1,"1"
2794.7165119961514,119656,3823,1,"1"
2819.8132243882983,119638,3841,1,"1"
2820.2817632103433,119620,3859,1,"1"
2835.7759907748291,119604,3875,1,"1"
2844.7680951153661,119599,3880,1,"1"
2850.8848222192732,119563,3916,2,"1-1"
2855.2048675052274,119545,3934,1,"1"
2858.081673176107,119507,3972,3,"2-1"
2862.5503188487496,119489,3990,1,"1"
2871.6245203816884,119474,4005,1,"1"
2875.8498134296501,119438,4041,2,"1-1"
2879.3409658877044,119420,4059,2,"2"
2879.8711829201025,119402,4077,1,"1"
2881.0399005825084,119390,4089,1,"1"
2882.3985739892391,119372,4107,1,"1"
2895.6550436621874,119354,4125,1,"1"
2901.0747317042833,119330,4149,2,"2"
2902.4735345753811,119312,4167,1,"1"
2902.5100028419479,119274,4205,6,"3-2-1"
2905.2307326064342,119267,4212,1,"1"
2908.5708001268422,119249,4230,1,"1"
2914.6981329941559,119231,4248,1,"1"
2914.7815678114653,119213,4266,1,"1"
2918.3398153119747,119195,4284,1,"1"
2920.9322004982164,119188,4291,1,"1"
2921.8795593615819,119170,4309,1,"1"
2925.7071303919797,119152,4327,1,"1"
2939.4132437138765,119142,4337,1,"1"
2943.4703268474896,119124,4355,1,"1"
2943.545000452114,119117,4362,1,"1"
2947.9991069401622,119099,4380,1,"1"
2965.0795846646238,119081,4398,1,"1"
2973.1657892442108,119063,4416,1,"1"
2993.6079521670458,119045,4434,1,"1"
2995.3901782691328,119031,4448,1,"1"
3015.3920628176306,119013,4466,1,"1"
3015.8028081689827,118995,4484,1,"1"
3023.582622749168,118984,4495,1,"1"
3024.1632558038291,118961,4518,2,"1-1"
3042.1761038077334,118888,4591,10,"3-3-2-1-1"
3047.7897368906156,118876,4603,1,"1"
3057.3167536787223,118858,4621,1,"1"
3075.1365991340567,118851,4628,1,"1"
3077.5086925902619,118838,4641,1,"1"
3086.7604390670949,118820,4659,1,"1"
3087.6874912024914,118802,4677,1,"1"
3104.2278335955443,118777,4702,2,"1-1"
3110.8869878847513,118759,4720,1,"1"
3112.7685770962721,118721,4758,3,"1-1-1"
3113.2337771466846,118693,4786,2,"2"
3116.8826779136925,118675,4804,1,"1"
3120.3646658911348,118657,4822,1,"1"
3126.1286115126559,118650,4829,1,"1"
3127.6342455432114,118614,4865,2,"2"
3128.3690321828149,118590,4889,2,"1-1"
3128.5750608316766,118560,4919,2,"2"
3134.6671744199584,118542,4937,2,"2"
3134.8201753117964,118527,4952,1,"1"
3141.6488928150147,118516,4963,1,"1"
3149.3940302815699,118470,5009,3,"3"
3162.5264619580526,118362,5117,6,"3-2-1"
3164.7776545516758,118352,5127,2,"2"
3178.0420923573506,118334,5145,1,"1"
3189.5359643817046,118316,5163,1,"1"
3198.1504739097613,118298,5181,1,"1"
3206.7205442497316,118292,5187,2,"2"
3207.9209889311178,118268,5211,2,"1-1"
3220.2541243995697,118250,5229,1,"1"
3221.3308661172446,118232,5247,1,"1"
3229.1105345406022,118214,5265,1,"1"
3229.9042257208534,118196,5283,1,"1"
3233.8325156399897,118178,5301,1,"1"
3234.3174661394683,118142,5337,2,"2"
3244.4632072202226,118135,5344,1,"1"
3251.015813937955,118120,5359,1,"1"
3278.6109350367824,118102,5377,1,"1"
3289.9891993758447,118084,5395,1,"1"
3295.306610343529,118066,5413,1,"1"
3304.1397504130455,118048,5431,1,"1"
3309.2974123817489,118030,5449,1,"1"
3321.5934926305936,118025,5454,1,"1"
3321.5940325783049,118005,5474,2,"2"
3326.8825913766341,117947,5532,5,"4-1"
3329.8520997341725,117911,5568,2,"2"
3331.8611734212109,117893,5586,2,"2"
3335.9948543039618,117839,5640,3,"3"
3336.3201108634676,117836,5643,1,"1"
3343.9195405628102,117818,5661,1,"1"
3345.1661385200268,117804,5675,2,"2"
3368.6878165469234,117791,5688,1,"1"
3382.3147892815737,117780,5699,1,"1"
3394.0335815741296,117762,5717,1,"1"
3401.0252059736267,117744,5735,1,"1"
3410.59776418315,117739,5740,1,"1"
3437.5188346772647,117713,5766,2,"1-1"
3438.1629226598134,117697,5782,1,"1"
3445.5337186370325,117682,5797,1,"1"
3448.4534251831783,117664,5815,1,"1"
3450.4644723328911,117634,5845,2,"2"
3450.5601471663526,117598,5881,2,"2"
3457.5302385084406,117580,5899,1,"1"
3465.2739015600037,117552,5927,2,"2"
3470.9435075547976,117534,5945,1,"1"
3484.0304042553657,117516,5963,1,"1"
3492.6124140836096,117498,5981,1,"1"
3493.9583970395161,117480,5999,1,"1"
3499.9722816166982,117473,6006,1,"1"
3501.7178949674035,117455,6024,1,"1"
3501.9351128836638,117437,6042,1,"1"
3513.5515682100099,117409,6070,2,"1-1"
3515.4616659837939,117402,6077,1,"1"
3523.7935388810292,117384,6095,1,"1"
3530.1454013068333,117366,6113,1,"1"
3536.199839622956,117348,6131,1,"1"
3538.9023504544348,117330,6149,1,"1"
3543.0631116323621,117294,6185,2,"2"
3558.4062375798694,117276,6203,1,"1"
3561.9604152847569,117258,6221,1,"1"
3567.4341857388372,117251,6228,1,"1"
3588.0898328678745,117215,6264,2,"1-1"
3590.4065398602879,117197,6282,1,"1"
3593.7538238832931,117181,6298,1,"1"
3602.478479200212,117145,6334,2,"2"
3604.2404855552509,117138,6341,1,"1"
3625.4740089241245,117120,6359,1,"1"
3632.2214027681448,117102,6377,1,"1"
3638.9780296349936,117091,6388,1,"1"
3640.7617108861255,117061,6418,2,"1-1"
3654.8967485419648,117034,6445,2,"2"
3656.525105233366,117016,6463,1,"1"
3663.4269911899937,116980,6499,2,"2"
3666.6485225145525,116962,6517,1,"1"
3667.8760599610982,116944,6535,1,"1"
3673.1273917300564,116926,6553,1,"1"
3740.3926537439593,116908,6571,1,"1"
3742.1434076166497,116882,6597,2,"1-1"
3747.2772757903394,116879,6600,1,"1"
3773.6737946503308,116861,6618,1,"1"
3777.3849773565366,116843,6636,1,"1"
3778.0778601997854,116807,6672,2,"1-1"
3780.8496874484099,116791,6688,1,"1"
3798.6155105876692,116773,6706,1,"1"
3800.1662699269336,116755,6724,1,"1"
3822.0654019071712,116719,6760,2,"1-1"
3826.9552695150246,116671,6808,4,"2-1-1"
3827.5336329891829,116655,6824,1,"1"
3835.5799608266479,116639,6840,1,"1"
3835.7380507080147,116629,6850,1,"1"
3850.0742881416791,116611,6868,1,"1"
3850.4775708787893,116593,6886,1,"1"
3854.6280346975077,116575,6904,1,"1"
3854.7608920730104,116463,7016,10,"3-2-2-1-1-1"
3860.9511824228557,116445,7034,1,"1"
3862.6790525199171,116422,7057,3,"2-1"
3869.5083340841757,116194,7285,16,"2-2-2-2-1-1-1-1-1-1-1-1"
3879.4022842906716,116178,7301,1,"1"
3879.9662498265748,116173,7306,1,"1"
3882.8365312933065,116155,7324,1,"1"
3886.6488547523309,116101,7378,4,"2-1-1"
3888.7764450837813,116041,7438,4,"2-1-1"
3889.2926710646334,0,123479,6599,"6599"
----------------------------------------------9
0,123479,0,0,"0"
37.260569760119637,123478,1,1,"1"
105.21419866863556,123477,2,1,"1"
124.85995502426843,123476,3,1,"1"
213.5098598894109,123464,15,1,"1"
219.43488889063383,123460,19,2,"2"
261.14111586024512,123459,20,1,"1"
306.2625141227071,123441,38,1,"1"
347.60152160655548,123440,39,1,"1"
373.26572840490979,123435,44,1,"1"
422.31595249971053,123434,45,1,"1"
426.59172253519085,123416,63,1,"1"
471.45061216006479,123415,64,1,"1"
488.12722564070145,123403,76,1,"1"
491.30389365410127,123385,94,1,"1"
497.61953295889242,123384,95,1,"1"
501.10390091042706,123383,96,1,"1"
501.7012362246378,123382,97,1,"1"
504.27567867726901,123364,115,1,"1"
515.80335639087866,123346,133,1,"1"
529.39840860898266,123345,134,1,"1"
542.151729241814,123344,135,1,"1"
565.54266554320532,123338,141,2,"2"
573.47379973594252,123337,142,1,"1"
575.33174818341797,123325,154,1,"1"
578.49209665161061,123315,164,1,"1"
589.8549413378056,123304,175,1,"1"
655.72848821435696,123286,193,1,"1"
658.09971294837692,123279,200,1,"1"
689.640213705105,123276,203,1,"1"
702.56326557306579,123273,206,3,"3"
707.82052647431146,123264,215,1,"1"
734.12339805536601,123263,216,1,"1"
739.8773710907542,123262,217,1,"1"
756.18169941282656,123244,235,1,"1"
756.28116162655499,123241,238,1,"1"
765.90560285338302,123240,239,1,"1"
809.66284452321554,123239,240,1,"1"
810.59696121171419,123237,242,2,"2"
819.98809833952498,123219,260,1,"1"
859.169623199429,123207,272,1,"1"
890.39949984100963,123200,279,1,"1"
905.86613355720681,123191,288,1,"1"
907.32696027444592,123190,289,1,"1"
914.43044315910743,123184,295,2,"2"
914.86503559826428,123183,296,1,"1"
917.23208891618128,123165,314,1,"1"
920.78851853399453,123164,315,1,"1"
926.37891360059132,123161,318,3,"2-1"
930.48074617927693,123125,354,2,"2"
936.00478673564953,123107,372,1,"1"
936.66187640872113,123105,374,2,"2"
947.86885481337742,123100,379,3,"3"
958.19145437337818,123082,397,1,"1"
961.79926308548772,123081,398,1,"1"
984.43052219153708,123080,399,1,"1"
994.53767417483073,123079,400,1,"1"
1006.2734508655113,123070,409,1,"1"
1040.9093532390341,123052,427,1,"1"
1043.8761041263319,123034,445,1,"1"
1067.8457762199996,123016,463,1,"1"
1073.3485752584397,122998,481,1,"1"
1074.3882788961703,122980,499,1,"1"
1076.9368562792085,122973,506,1,"1"
1080.6237497846287,122966,513,1,"1"
1093.9011645977998,122948,531,1,"1"
1103.7459856765888,122930,549,1,"1"
1114.0550991804453,122898,581,4,"4"
1139.9988319512913,122893,586,1,"1"
1148.6585037507025,122890,589,1,"1"
1153.46735512444,122879,600,1,"1"
1154.0305856387622,122843,636,2,"1-1"
1160.6369823769373,122801,678,3,"3"
1165.6801167380004,122783,696,1,"1"
1171.0811910387476,122782,697,1,"1"
1173.5369339526519,122764,715,1,"1"
1241.4416373919462,122763,716,1,"1"
1242.2187219563154,122745,734,1,"1"
1243.3362273436696,122743,736,2,"2"
1289.0586938538377,122742,737,1,"1"
1327.4819006011996,122741,738,1,"1"
1331.7714389948605,122740,739,1,"1"
1349.162936403673,122728,751,2,"1-1"
1368.5097723228992,122725,754,1,"1"
1388.0363854986388,122707,772,1,"1"
1396.8791879403916,122701,778,2,"2"
1403.2086046955142,122683,796,1,"1"
1406.0732296508868,122665,814,1,"1"
1407.0571577214607,122663,816,2,"2"
1423.63991966,122662,817,1,"1"
1435.697987943928,122632,847,2,"2"
1436.1406764969038,122618,861,2,"1-1"
1438.5371758038532,122605,874,3,"2-1"
1483.6900588325793,122599,880,2,"2"
1514.0654714474458,122545,934,3,"2-1"
1521.1967536789302,122541,938,2,"2"
1537.9902409112608,122523,956,1,"1"
1543.8199343654055,122505,974,1,"1"
1548.9642009561724,122500,979,1,"1"
1563.740181530208,122499,980,1,"1"
1601.0231465715142,122496,983,1,"1"
1610.4447787950287,122482,997,1,"1"
1625.1328473524254,122472,1007,1,"1"
1640.2578623835714,122466,1013,2,"1-1"
1644.4048357761098,122455,1024,1,"1"
1647.4680392886451,122437,1042,1,"1"
1679.9367500248993,122419,1060,1,"1"
1694.9719100617147,122401,1078,1,"1"
1695.0004877304855,122383,1096,1,"1"
1720.096090275317,122368,1111,1,"1"
1726.2768118713971,122350,1129,1,"1"
1728.2716673667869,122332,1147,1,"1"
1738.1026465499422,122329,1150,1,"1"
1750.520020606637,122311,1168,1,"1"
1766.4554139295858,122308,1171,1,"1"
1769.164778842847,122261,1218,5,"3-1-1"
1779.2853074541565,122243,1236,1,"1"
1811.6495288496831,122227,1252,1,"1"
1830.3855255742471,122217,1262,1,"1"
1845.0100044132496,122199,1280,1,"1"
1855.7077636818617,122190,1289,1,"1"
1859.6352711558545,122184,1295,2,"2"
1889.9663476698743,122130,1349,3,"3"
1894.880342609762,122118,1361,1,"1"
1894.9485204076991,122111,1368,1,"1"
1899.1495791267387,122093,1386,1,"1"
1901.4273086576031,122082,1397,1,"1"
1901.7080903103272,122079,1400,1,"1"
1912.7065823499322,122074,1405,1,"1"
1917.6744236927309,122073,1406,1,"1"
1931.5211763511718,122063,1416,2,"1-1"
1939.9485083197073,122045,1434,1,"1"
1963.407075843478,122027,1452,1,"1"
1983.4409130818403,122009,1470,1,"1"
1987.8958234995227,121991,1488,1,"1"
2027.4008774039612,121973,1506,1,"1"
2031.1220725454659,121961,1518,1,"1"
2037.9228516508877,121943,1536,1,"1"
2047.4521791943798,121925,1554,1,"1"
2062.8378096678653,121907,1572,1,"1"
2076.5591110291725,121902,1577,1,"1"
2084.4502496876221,121899,1580,1,"1"
2089.3069159254592,121889,1590,2,"2"
2089.5003996751839,121871,1608,1,"1"
2094.6480073653488,121853,1626,1,"1"
2097.7407726307911,121835,1644,1,"1"
2099.5876143939631,121823,1656,1,"1"
2101.1694154630009,121805,1674,1,"1"
2106.5243695545796,121784,1695,3,"2-1"
2118.4291714524361,121781,1698,1,"1"
2122.3110991809963,121778,1701,1,"1"
2127.4907375187931,121760,1719,1,"1"
2133.1810745649882,121753,1726,1,"1"
2133.4514780774884,121735,1744,1,"1"
2133.848837293815,121707,1772,2,"2"
2143.6693127364347,121704,1775,1,"1"
2143.7413661722298,121686,1793,1,"1"
2161.0639078392692,121668,1811,1,"1"
2166.5792438527324,121644,1835,2,"1-1"
2167.9507140705136,121626,1853,1,"1"
2170.2800830191568,121614,1865,1,"1"
2193.9704026146837,121596,1883,1,"1"
2200.7463918695707,121584,1895,1,"1"
2228.5911468629988,121577,1902,1,"1"
2233.8963804050959,121559,1920,1,"1"
2237.576367540983,121541,1938,1,"1"
2240.1428796985388,121523,1956,2,"2"
2240.970307429267,121505,1974,1,"1"
2252.2114756441242,121492,1987,3,"1-1-1"
2252.490286424591,121487,1992,1,"1"
2266.1167329526888,121484,1995,1,"1"
2266.8453308608964,121469,2010,1,"1"
2285.5694562790095,121445,2034,2,"2"
2287.0809985591827,121427,2052,1,"1"
2287.2283757764499,121409,2070,1,"1"
2290.2729421095041,121391,2088,1,"1"
2290.4528551555463,121381,2098,2,"1-1"
2302.5973160138451,121317,2162,5,"2-1-1-1"
2303.3538247173615,121314,2165,1,"1"
2318.7963294055698,121296,2183,1,"1"
2319.264797006173,121278,2201,1,"1"
2331.264235123514,121264,2215,2,"2"
2335.5918689807472,121246,2233,1,"1"
2337.6303883101168,121228,2251,1,"1"
2341.1323722840166,121192,2287,2,"2"
2350.703790049969,121177,2302,5,"3-2"
2356.3455356251375,121159,2320,1,"1"
2364.2613187283769,121141,2338,1,"1"
2365.1625768862418,121123,2356,1,"1"
2384.4719089388564,121120,2359,1,"1"
2386.3504468474734,121066,2413,3,"3"
2387.686311368127,121048,2431,1,"1"
2391.2020023145215,121034,2445,4,"3-1"
2408.9929037288484,121016,2463,1,"1"
2409.3833957840775,120998,2481,1,"1"
2409.9634634708182,120982,2497,1,"1"
2417.9470877027165,120964,2515,1,"1"
2418.2220644522095,120961,2518,1,"1"
2419.8292883088416,120943,2536,1,"1"
2425.5883617708205,120936,2543,1,"1"
2432.1580832928753,120922,2557,1,"1"
2435.5206336207643,120905,2574,3,"3"
2440.8037132067534,120887,2592,1,"1"
2441.7187315144993,120851,2628,2,"1-1"
2445.6266986903502,120833,2646,1,"1"
2465.5443533066064,120815,2664,1,"1"
2476.0539929023489,120789,2690,4,"3-1"
2492.9426775845236,120774,2705,3,"2-1"
2496.8765418055173,120764,2715,1,"1"
2498.5813847656277,120746,2733,1,"1"
2509.2601275073839,120728,2751,1,"1"
2509.6683569706925,120718,2761,2,"1-1"
2514.0772165150474,120693,2786,5,"2-2-1"
2527.7895492401417,120675,2804,1,"1"
2536.4313870533533,120626,2853,7,"2-2-2-1"
2541.7076298639827,120623,2856,1,"1"
2543.5317924509509,120620,2859,1,"1"
2548.0954765240122,120584,2895,2,"2"
2552.030601581333,120574,2905,2,"1-1"
2558.7905782396028,120565,2914,1,"1"
2573.3555733431645,120547,2932,1,"1"
2577.1921216146752,120529,2950,1,"1"
2589.4470406918103,120511,2968,1,"1"
2594.3830755285626,120493,2986,1,"1"
2598.8319729992177,120475,3004,1,"1"
2599.3055366898452,120457,3022,1,"1"
2611.417441214166,120448,3031,1,"1"
2622.2322089230456,120430,3049,1,"1"
2630.6339643543533,120425,3054,1,"1"
2633.0608459779578,120407,3072,1,"1"
2635.9546504191549,120371,3108,2,"2"
2638.6551294590308,120354,3125,3,"2-1"
2640.9600370546641,120349,3130,1,"1"
2645.3598204259029,120331,3148,2,"2"
2645.9526490767039,120313,3166,1,"1"
2647.2724333648243,120282,3197,5,"4-1"
2658.3216356949383,120264,3215,1,"1"
2670.1435032778581,120253,3226,1,"1"
2671.123370172872,120235,3244,1,"1"
2683.1261272331863,120232,3247,1,"1"
2694.2061179123607,120214,3265,1,"1"
2717.2804575259233,120196,3283,1,"1"
2721.3650488537564,120189,3290,1,"1"
2725.4520305129222,120171,3308,1,"1"
2728.3577318631774,120160,3319,1,"1"
2729.0924277003014,120142,3337,1,"1"
2737.4027777265464,120124,3355,1,"1"
2742.365668583353,120106,3373,1,"1"
2749.8596963696214,120070,3409,2,"2"
2757.2409128483482,120063,3416,1,"1"
2769.3736500511554,120045,3434,1,"1"
2770.0511653223862,120027,3452,1,"1"
2779.1803467880191,120015,3464,1,"1"
2781.3945102381113,119997,3482,1,"1"
2789.2983874141319,119979,3500,1,"1"
2820.6632739041747,119960,3519,3,"2-1"
2823.8606474540447,119957,3522,1,"1"
2835.8797392644733,119950,3529,1,"1"
2839.5213331179089,119932,3547,1,"1"
2843.3234597335636,119914,3565,1,"1"
2844.2680695856443,119896,3583,1,"1"
2849.1100067646153,119878,3601,1,"1"
2851.1188741053115,119871,3608,1,"1"
2857.0325469638819,119853,3626,1,"1"
2863.7182538821153,119819,3660,2,"2"
2864.8453038592511,119801,3678,1,"1"
2868.3360021791691,119783,3696,1,"1"
2870.4089845560302,119759,3720,2,"1-1"
2878.736359683699,119705,3774,3,"1-1-1"
2879.4153156110287,119687,3792,1,"1"
2891.7192303095335,119651,3828,2,"2"
2908.1611444427017,119635,3844,1,"1"
2911.1415104417774,119621,3858,1,"1"
2912.2636286985148,119610,3869,1,"1"
2920.7177136305004,119592,3887,1,"1"
2927.8184593171513,119574,3905,1,"1"
2946.1188319100384,119536,3943,4,"1-1-1-1"
2946.9976324859886,119518,3961,1,"1"
2954.7358581102476,119500,3979,1,"1"
2955.849953951174,119497,3982,1,"1"
2955.9011475761413,119461,4018,2,"1-1"
2961.42967665891,119458,4021,1,"1"
2961.5552507073635,119440,4039,1,"1"
2964.8276893185603,119422,4057,1,"1"
2988.4747278010564,119415,4064,1,"1"
2995.289358715007,119399,4080,1,"1"
3003.8926719563065,119388,4091,1,"1"
3007.9750756748622,119358,4121,2,"1-1"
3015.0186852234492,119340,4139,1,"1"
3016.6458910596516,119322,4157,1,"1"
3016.6892482113767,119304,4175,1,"1"
3019.2135392645973,119286,4193,1,"1"
3022.2310519439234,119279,4200,1,"1"
3028.6573696857895,119261,4218,1,"1"
3035.4609104513065,119249,4230,1,"1"
3040.1799183546104,119242,4237,1,"1"
3053.6276921021349,119224,4255,1,"1"
3087.5124715935131,119206,4273,1,"1"
3091.9519116672786,119170,4309,2,"1-1"
3094.9870088510652,119152,4327,1,"1"
3097.5957047899274,119044,4435,6,"6"
3103.2892016906221,119026,4453,1,"1"
3104.9134830470744,119008,4471,1,"1"
3118.7068579053998,118998,4481,1,"1"
3121.9918851264392,118980,4499,1,"1"
3128.4556638222075,118962,4517,1,"1"
3134.9288833309142,118926,4553,2,"2"
3135.0625009399537,118908,4571,1,"1"
3141.1507128317498,118902,4577,2,"2"
3142.9121420514962,118884,4595,1,"1"
3145.1250072709381,118866,4613,1,"1"
3148.5908976087071,118848,4631,1,"1"
3153.3681429090157,118830,4649,1,"1"
3166.6048833743507,118812,4667,1,"1"
3170.1526101652189,118794,4685,1,"1"
3173.632961274217,118789,4690,1,"1"
3174.079711454046,118771,4708,1,"1"
3181.8086121392712,118753,4726,1,"1"
3181.9049125241827,118735,4744,1,"1"
3181.9863836546269,118717,4762,1,"1"
3185.3292645974698,118681,4798,2,"2"
3188.3596406404054,118555,4924,7,"7"
3190.0167915591369,118531,4948,2,"2"
3193.4347155867304,118528,4951,1,"1"
3219.7483886392656,118510,4969,1,"1"
3234.2265478019431,118478,5001,3,"3"
3235.5599074532242,118460,5019,1,"1"
3237.0026240705106,118455,5024,1,"1"
3239.0403187674124,118423,5056,2,"1-1"
3240.3253367614525,118405,5074,1,"1"
3249.8310154433975,118390,5089,1,"1"
3262.5081522079136,118374,5105,1,"1"
3271.8219454624068,118356,5123,1,"1"
3275.6128395582723,118351,5128,1,"1"
3277.9379830165262,118333,5146,1,"1"
3281.6471134445665,118297,5182,2,"1-1"
3288.8447452237433,118283,5196,2,"1-1"
3296.9138398547307,118265,5214,1,"1"
3299.1807997932347,118255,5224,1,"1"
3299.9094017547327,118241,5238,1,"1"
3300.4074865076359,118025,5454,21,"7-5-3-2-1-1-1-1"
3304.0927600639916,118007,5472,1,"1"
3311.5550960003193,117971,5508,2,"2"
3316.7856586741727,117953,5526,1,"1"
3317.3661572678952,117939,5540,1,"1"
3323.4782804232273,117921,5558,1,"1"
3331.8940502972232,117903,5576,1,"1"
3335.0444308447936,117831,5648,4,"3-1"
3335.160794875706,117813,5666,1,"1"
3343.9144340095372,117795,5684,1,"1"
3348.0454412579784,117777,5702,1,"1"
3359.3919077895439,117765,5714,1,"1"
3362.9788223618593,117747,5732,1,"1"
3363.5918376851641,117729,5750,1,"1"
3376.8302764810578,117685,5794,4,"1-1-1-1"
3377.4190534766103,117667,5812,1,"1"
3388.029250618039,117649,5830,1,"1"
3389.3791795182797,117595,5884,3,"3"
3399.4052299640625,117562,5917,3,"2-1"
3401.6977678108924,117526,5953,2,"2"
3432.0918611711077,117519,5960,1,"1"
3432.2179168079324,117501,5978,1,"1"
3434.3948412649083,117492,5987,1,"1"
3434.5374657875245,117476,6003,1,"1"
3445.2822605020338,117364,6115,9,"3-3-1-1-1"
3448.9451580386581,117346,6133,1,"1"
3452.3987153433836,117328,6151,1,"1"
3463.8364172144779,117310,6169,1,"1"
3469.9062635659843,117292,6187,1,"1"
3475.8896357378067,117274,6205,1,"1"
3479.7662957721059,117210,6269,4,"4"
3487.5908049088284,117174,6305,2,"2"
3488.476235245877,117163,6316,1,"1"
3492.9372276042936,117053,6426,10,"4-2-2-1-1"
3498.2732150432876,116999,6480,3,"2-1"
3498.9448207415576,116937,6542,5,"1-1-1-1-1"
3501.6889284734666,116914,6565,3,"3"
3503.9702769449445,116480,6999,28,"19-5-2-2"
3504.386869260657,116444,7035,2,"2"
3510.8896385777061,116437,7042,1,"1"
3511.9779528213016,116419,7060,1,"1"
3513.3671376978937,116403,7076,1,"1"
3523.1622380881768,116367,7112,2,"1-1"
3528.6569478008205,116329,7150,3,"2-1"
3530.0382874414204,116316,7163,1,"1"
3533.9257571210869,116298,7181,1,"1"
3538.2482712536666,116286,7193,2,"2"
3567.8331798336262,116268,7211,1,"1"
3569.5102590398715,116250,7229,1,"1"
3582.5211690477636,116236,7243,1,"1"
3593.1273347919159,116229,7250,1,"1"
3594.9831399399154,116211,7268,1,"1"
3605.1033825476193,116202,7277,1,"1"
3607.5414950873283,116186,7293,1,"1"
3613.9892377771603,116168,7311,1,"1"
3614.4912175885097,116150,7329,1,"1"
3616.562128541696,116140,7339,1,"1"
3622.0984335424209,116122,7357,1,"1"
3633.5477731085466,116018,7461,7,"4-2-1"
3635.0135756251834,116000,7479,1,"1"
3643.9485550161999,115982,7497,1,"1"
3655.5015556538333,115964,7515,1,"1"
3658.0104909865709,115959,7520,1,"1"
3663.3574076179771,115941,7538,1,"1"
3669.133115228492,115923,7556,1,"1"
3669.7545112619455,115841,7638,9,"6-3"
3670.3302410713191,115823,7656,1,"1"
3676.0442460618419,115808,7671,1,"1"
3683.8418420641901,115699,7780,11,"5-4-2"
3690.6567086229916,115652,7827,5,"3-2"
3690.9560036241664,115634,7845,1,"1"
3691.6792696309903,115619,7860,1,"1"
3701.8492181334595,115591,7888,2,"1-1"
3702.2093005931956,115555,7924,2,"1-1"
3702.2781377832684,115537,7942,1,"1"
3707.2120635629985,115465,8014,4,"2-1-1"
3708.2196551439902,115443,8036,2,"2"
3713.5723036863315,115428,8051,1,"1"
3720.4139447771549,115398,8081,2,"2"
3724.3495691285862,115380,8099,1,"1"
3733.076056123823,115362,8117,1,"1"
3745.7904014699889,115286,8193,5,"3-2"
3755.8174275299984,115268,8211,1,"1"
3759.3528184178708,115250,8229,1,"1"
3760.0579297300151,115232,8247,1,"1"
3760.730492046308,115214,8265,1,"1"
3761.0030151097048,115196,8283,1,"1"
3763.5186007234897,115182,8297,1,"1"
3772.7507963204157,115164,8315,1,"1"
3773.1891735585482,114962,8517,17,"5-3-3-1-1-1-1-1-1"
3779.1247803670663,114944,8535,1,"1"
3788.8736501069484,114929,8550,1,"1"
3791.5320193251409,114911,8568,1,"1"
3805.1979607335511,114881,8598,2,"1-1"
3805.2064610449179,114863,8616,1,"1"
3813.6416777912818,114849,8630,2,"2"
3813.8818438753765,114795,8684,3,"3"
3818.3245286052056,114679,8800,8,"7-1"
3831.5057936316107,114661,8818,1,"1"
3832.1761116291232,114643,8836,1,"1"
3844.586257108353,114607,8872,2,"2"
3844.9924660028164,114587,8892,2,"1-1"
3845.3660760787157,114569,8910,1,"1"
3849.1297357581989,114551,8928,1,"1"
3860.9643857498268,114515,8964,2,"1-1"
3870.9619266628906,114382,9097,12,"5-2-1-1-1-1-1"
3874.787315302618,114349,9130,2,"2"
3880.7597230201945,114273,9206,5,"4-1"
3884.260798366005,114255,9224,1,"1"
3884.9688905820149,114237,9242,1,"1"
3887.0068070311891,113879,9600,24,"15-3-2-1-1-1-1"
3888.6678065457218,113825,9654,3,"3"
3906.8514584138043,113807,9672,1,"1"
3908.4819010898477,113663,9816,8,"7-1"
3914.6141782081363,113645,9834,1,"1"
3917.5441973930815,113617,9862,2,"1-1"
3921.0859576920934,113555,9924,4,"2-1-1"
3925.5388825198816,113459,10020,6,"3-2-1"
3928.2660439600977,113443,10036,1,"1"
3942.139744881692,113425,10054,1,"1"
3942.8795294254901,113407,10072,1,"1"
3945.1309028328128,113389,10090,1,"1"
3946.2242875876859,113378,10101,1,"1"
3946.9827332527279,113360,10119,1,"1"
3964.0227966309694,113270,10209,6,"4-2"
3968.3706931781453,113261,10218,1,"1"
3975.9647863693508,113243,10236,1,"1"
3977.2640807617613,113225,10254,1,"1"
3977.6657664816994,113207,10272,1,"1"
3980.5174620900484,113160,10319,5,"3-1-1"
3980.8270060307755,111182,12297,120,"85-7-3-3-3-2-1-1-1-1-1-1-1-1-1-1-1-1-1-1-1-1-1"
3982.5508508444882,111164,12315,1,"1"
3985.9983347427788,111106,12373,4,"2-1-1"
3986.2524017806495,111088,12391,1,"1"
3988.51114016359,110906,12573,13,"3-3-2-1-1-1-1-1"
3988.5771831293814,110888,12591,1,"1"
3993.561702848172,110870,12609,1,"1"
3995.4614661284745,110852,12627,1,"1"
3998.4620655444396,110834,12645,1,"1"
4001.3449673687655,110798,12681,2,"1-1"
4011.5426157200391,0,123479,6248,"6248"
