f,num_active_particles,num_deleted_particles,total_deleted_rods,avalanche_sizes
0,127469,0,0,"0"
83.89290318800883,127451,18,1,"1"
132.51570598130402,127450,19,1,"1"
166.01188909911261,127432,37,1,"1"
228.89798867916144,127414,55,1,"1"
289.02555391425352,127400,69,1,"1"
294.76509352814327,127397,72,1,"1"
357.10764331908297,127390,79,1,"1"
373.42840683931746,127389,80,1,"1"
392.20881604008184,127388,81,1,"1"
400.54959191202443,127387,82,1,"1"
406.99163613225943,127375,94,1,"1"
407.59715884318621,127370,99,1,"1"
424.2559468647068,127352,117,1,"1"
437.26287712652754,127351,118,1,"1"
470.71123152788965,127349,120,2,"2"
501.18848837188557,127331,138,1,"1"
513.64343459598115,127329,140,2,"1-1"
556.27254644674474,127328,141,1,"1"
558.23954982972634,127327,142,1,"1"
579.80467505366369,127326,143,1,"1"
606.8828953174343,127325,144,1,"1"
609.28307077690181,127324,145,1,"1"
610.75766020188212,127319,150,1,"1"
618.07220375439124,127318,151,1,"1"
621.77472082423049,127300,169,1,"1"
632.73279653929933,127299,170,1,"1"
634.89247957079897,127297,172,2,"2"
648.47992432224862,127292,177,1,"1"
649.85793333732113,127291,178,1,"1"
661.45006452803068,127279,190,1,"1"
674.73529105419732,127277,192,2,"1-1"
680.56164677654181,127259,210,1,"1"
698.77852927811477,127247,222,1,"1"
709.22078898808752,127244,225,1,"1"
724.36791710641512,127241,228,1,"1"
725.26197213459068,127240,229,1,"1"
731.49770965628863,127222,247,1,"1"
734.64360963631282,127210,259,1,"1"
741.90510049147952,127209,260,1,"1"
749.04457165313147,127191,278,1,"1"
751.70331758737211,127173,296,1,"1"
768.00125718249967,127161,308,1,"1"
768.35132415714963,127143,326,1,"1"
792.81322750215372,127140,329,1,"1"
794.24272839603429,127122,347,1,"1"
797.01058163603284,127121,348,1,"1"
797.44734843426681,127118,351,1,"1"
799.85966199078905,127102,367,4,"4"
802.93854434481659,127101,368,1,"1"
806.03574981421593,127073,396,2,"2"
820.76952933431483,127055,414,1,"1"
822.78978730699259,127037,432,1,"1"
856.31146453855024,127019,450,1,"1"
868.58414627301772,126983,486,2,"2"
872.69942669374188,126982,487,1,"1"
890.03280324898367,126981,488,1,"1"
895.94636132595417,126980,489,1,"1"
913.12544905747461,126977,492,1,"1"
916.90148614355678,126959,510,1,"1"
955.38719517304992,126952,517,1,"1"
963.85753133903484,126949,520,1,"1"
970.06740092258576,126946,523,1,"1"
975.86361175800914,126928,541,1,"1"
980.48421175817953,126927,542,1,"1"
1000.3303037219627,126926,543,1,"1"
1010.6330700882311,126900,569,2,"1-1"
1015.6258831469621,126882,587,1,"1"
1020.4566585564137,126876,593,2,"2"
1023.2053042506449,126867,602,3,"3"
1023.6941565130713,126849,620,1,"1"
1030.005205075322,126831,638,1,"1"
1040.0383551003738,126826,643,1,"1"
1051.4414589808714,126825,644,1,"1"
1054.3930003862406,126824,645,1,"1"
1055.949157633788,126821,648,1,"1"
1055.9580660150266,126820,649,1,"1"
1058.5768118349774,126803,666,3,"3"
1060.6541716470144,126789,680,1,"1"
1061.1602193528008,126788,681,1,"1"
1061.5279288598922,126752,717,2,"2"
1063.5367366515941,126734,735,1,"1"
1063.831265448759,126726,743,2,"1-1"
1090.8456539617166,126723,746,3,"1-1-1"
1099.9830424013444,126705,764,1,"1"
1110.8759260811973,126687,782,1,"1"
1122.0228014913732,126684,785,1,"1"
1128.6842794916085,126642,827,3,"2-1"
1134.588013288047,126630,839,1,"1"
1137.8395603098011,126629,840,1,"1"
1149.9968958253548,126611,858,1,"1"
1162.6400940797294,126610,859,1,"1"
1174.6845001687313,126598,871,1,"1"
1179.2512864500904,126580,889,1,"1"
1183.7249096742134,126577,892,1,"1"
1188.8476320918614,126574,895,1,"1"
1191.7335652195718,126538,931,2,"2"
1244.7902926003997,126520,949,1,"1"
1282.4542452741837,126519,950,1,"1"
1293.3914925040422,126518,951,1,"1"
1300.6130939756467,126517,952,1,"1"
1334.6014907178458,126514,955,1,"1"
1343.8835113216426,126513,956,1,"1"
1357.4609938080894,126503,966,2,"2"
1369.7887998809686,126494,975,3,"3"
1371.1423036436579,126491,978,1,"1"
1379.4489994576336,126482,987,3,"2-1"
1405.2596784566695,126479,990,1,"1"
1409.5444654289961,126461,1008,1,"1"
1424.8186227344606,126443,1026,1,"1"
1436.7586501665326,126425,1044,1,"1"
1447.9714602619508,126422,1047,1,"1"
1448.9054148812324,126404,1065,1,"1"
1449.8637319914594,126386,1083,1,"1"
1458.4948246620168,126383,1086,1,"1"
1467.4729224021921,126373,1096,1,"1"
1471.806609528333,126363,1106,2,"1-1"
1471.9379359351744,126360,1109,1,"1"
1473.6479386223702,126354,1115,2,"2"
1475.9775392123688,126322,1147,2,"2"
1483.5545525152165,126321,1148,1,"1"
1525.000372174419,126311,1158,1,"1"
1526.5215003903502,126293,1176,1,"1"
1531.6184307774313,126292,1177,1,"1"
1533.459022552845,126291,1178,1,"1"
1535.4660775548818,126288,1181,1,"1"
1538.1904935168795,126276,1193,1,"1"
1550.7218673597163,126258,1211,1,"1"
1558.9407568924714,126257,1212,1,"1"
1585.8961276009386,126247,1222,1,"1"
1586.9626783475353,126229,1240,1,"1"
1595.0001015765693,126226,1243,1,"1"
1595.3396403243469,126225,1244,1,"1"
1602.2213805336132,126207,1262,1,"1"
1609.2755594635159,126204,1265,1,"1"
1636.1966603986789,126201,1268,1,"1"
1636.5698664898282,126183,1286,1,"1"
1640.2389698392119,126165,1304,1,"1"
1651.0820349003645,126162,1307,1,"1"
1659.1132149049665,126152,1317,1,"1"
1664.7709204956273,126142,1327,1,"1"
1680.532142704963,126139,1330,1,"1"
1685.3395311280697,126134,1335,1,"1"
1688.787391685612,126131,1338,1,"1"
1712.3115096795327,126121,1348,1,"1"
1726.0504203967923,126118,1351,1,"1"
1735.4274369339807,126100,1369,1,"1"
1752.0401670866715,126082,1387,1,"1"
1758.1589328112825,126064,1405,1,"1"
1762.5685203416249,126050,1419,1,"1"
1784.6658102749118,126045,1424,1,"1"
1797.1762179609429,126027,1442,1,"1"
1806.6235721603095,126024,1445,1,"1"
1814.098389068424,126019,1450,1,"1"
1818.7694462392994,126005,1464,1,"1"
1829.2760584265761,125987,1482,1,"1"
1829.7793197955357,125969,1500,1,"1"
1843.037513613898,125933,1536,2,"1-1"
1862.5738823623935,125923,1546,1,"1"
1871.9907520322233,125891,1578,2,"1-1"
1877.9291592262339,125871,1598,2,"2"
1881.2423872604654,125868,1601,1,"1"
1891.4368482976161,125863,1606,1,"1"
1901.3163747119606,125856,1613,1,"1"
1904.9085844388183,125838,1631,1,"1"
1913.8477210186693,125835,1634,1,"1"
1924.9554168205586,125823,1646,1,"1"
1936.6637095650201,125805,1664,1,"1"
1951.0227938034875,125787,1682,1,"1"
1951.6662549620826,125769,1700,1,"1"
1985.5490787606218,125764,1705,1,"1"
1988.2745164052196,125746,1723,1,"1"
1988.7089003419717,125728,1741,1,"1"
2005.9466064599321,125725,1744,1,"1"
2017.3794871570396,125716,1753,3,"3"
2020.3525300783913,125686,1783,2,"2"
2029.1406220743572,125683,1786,1,"1"
2031.8358043975475,125677,1792,2,"2"
2037.8526534186408,125667,1802,1,"1"
2068.9250331001863,125621,1848,3,"3"
2071.5715570674024,125614,1855,1,"1"
2073.6766293601686,125604,1865,1,"1"
2074.58589852266,125586,1883,1,"1"
2075.6245164780657,125569,1900,3,"3"
2082.4731045794665,125555,1914,1,"1"
2089.7888515598997,125523,1946,2,"1-1"
2094.5548719516687,125511,1958,1,"1"
2097.2193861175524,125508,1961,1,"1"
2103.4654619320208,125496,1973,1,"1"
2112.7171951106056,125493,1976,1,"1"
2114.3549521649002,125479,1990,1,"1"
2122.3129850554988,125472,1997,1,"1"
2124.0395416419401,125463,2006,1,"1"
2131.9686689574642,125451,2018,1,"1"
2133.9014368288817,125433,2036,1,"1"
2138.7942519081184,125409,2060,2,"2"
2157.3145565350105,125391,2078,1,"1"
2179.5434993369436,125347,2122,4,"2-1-1"
2183.3059151146908,125329,2140,1,"1"
2187.5061312062758,125315,2154,2,"2"
2188.6432929822831,125305,2164,1,"1"
2198.5948845449134,125287,2182,1,"1"
2218.3044120663444,125277,2192,1,"1"
2247.5260999009033,125241,2228,2,"1-1"
2249.3258749253569,125229,2240,1,"1"
2252.2791594682753,125193,2276,2,"2"
2260.027365054133,125175,2294,1,"1"
2261.3301204572863,124995,2474,10,"10"
2269.80461122834,124977,2492,1,"1"
2286.0896743829603,124959,2510,1,"1"
2286.9874399741652,124956,2513,1,"1"
2288.7287389145054,124920,2549,2,"2"
2298.3855968716753,124902,2567,1,"1"
2310.1788428915875,124884,2585,1,"1"
2313.9689987503107,124874,2595,1,"1"
2317.1860334939097,124856,2613,1,"1"
2325.2201097960992,124834,2635,4,"3-1"
2350.3590358925157,124823,2646,1,"1"
2350.4899981052085,124805,2664,1,"1"
2355.8919796378168,124791,2678,1,"1"
2372.1077272538046,124774,2695,1,"1"
2376.36090513319,124765,2704,1,"1"
2377.0955320863454,124753,2716,2,"1-1"
2377.3214647439486,124735,2734,1,"1"
2392.0056031672375,124728,2741,1,"1"
2415.2906515711029,124710,2759,1,"1"
2418.978256269786,124707,2762,1,"1"
2420.8174582917422,124695,2774,1,"1"
2429.0042749248319,124677,2792,1,"1"
2432.1833452824981,124666,2803,1,"1"
2434.4166773189127,124647,2822,3,"3"
2454.1356808854653,124638,2831,3,"3"
2455.7733264562539,124635,2834,1,"1"
2456.046780455189,124203,3266,24,"16-6-2"
2463.4288507722213,124185,3284,1,"1"
2467.0562117820709,124149,3320,2,"1-1"
2468.1146976233399,124099,3370,4,"4"
2479.6251572696192,124081,3388,1,"1"
2500.8240518554589,124063,3406,1,"1"
2503.8177862117,124027,3442,2,"2"
2506.9241563497549,124009,3460,1,"1"
2508.519843184753,123977,3492,3,"1-1-1"
2514.7986014070657,123941,3528,2,"2"
2515.323455164802,123923,3546,1,"1"
2519.2047991279251,123905,3564,1,"1"
2524.7747386089713,123898,3571,1,"1"
2537.7726164634405,123874,3595,2,"2"
2538.4095081879959,123856,3613,1,"1"
2544.3367919894026,123804,3665,4,"2-1-1"
2563.0146557074017,123793,3676,1,"1"
2564.1247303849937,123775,3694,1,"1"
2570.3815534771825,123743,3726,2,"2"
2578.1862969241856,123725,3744,1,"1"
2579.0562600272797,123718,3751,1,"1"
2587.1966749744324,123700,3769,1,"1"
2601.2142466581054,123668,3801,2,"1-1"
2613.1153017014203,123650,3819,1,"1"
2614.207168392064,123632,3837,1,"1"
2615.4326289120813,123622,3847,2,"2"
2616.930300912406,123604,3865,1,"1"
2623.9022864112953,123572,3897,6,"2-2-1-1"
2625.8083846391751,123554,3915,1,"1"
2648.113954977191,123538,3931,1,"1"
2668.0789609192761,123535,3934,1,"1"
2668.2177078593709,123523,3946,1,"1"
2675.3692266199923,123189,4280,26,"13-5-2-2-1-1-1-1"
2680.8782377888447,123171,4298,1,"1"
2684.4890262272947,123153,4316,1,"1"
2689.3811101193605,123150,4319,1,"1"
2702.0210810098411,123112,4357,3,"2-1"
2716.9017127315187,123096,4373,1,"1"
2717.7915260359032,123079,4390,1,"1"
2722.8401052214695,123043,4426,2,"2"
2724.3870573619511,123025,4444,1,"1"
2740.6408355368567,122988,4481,7,"3-2-2"
2741.0771709822034,122981,4488,1,"1"
2741.6727656936509,122971,4498,1,"1"
2755.4114843585439,122917,4552,3,"3"
2763.5079946245273,122907,4562,2,"2"
2766.3055380131113,122900,4569,1,"1"
2769.4487687627175,122897,4572,1,"1"
2771.3824857006398,122879,4590,1,"1"
2774.4978045138946,122861,4608,1,"1"
2800.2656148857945,122843,4626,1,"1"
2803.811102357352,122830,4639,1,"1"
2805.4834477078057,122794,4675,2,"2"
2808.4191418364935,122776,4693,1,"1"
2812.2272156252393,122770,4699,2,"2"
2824.7346143521245,122765,4704,1,"1"
2824.7366661397987,122747,4722,1,"1"
2826.7419107894902,122729,4740,1,"1"
2840.9572292389721,122711,4758,1,"1"
2852.7291527179536,122687,4782,2,"2"
2853.1494831245723,122669,4800,1,"1"
2859.113629354461,122651,4818,1,"1"
2870.5393447625743,122633,4836,1,"1"
2872.6174719916744,122615,4854,1,"1"
2885.4704205385624,122597,4872,1,"1"
2887.1934514465152,122579,4890,1,"1"
2891.9175773175807,122570,4899,1,"1"
2908.9399823028375,122528,4941,3,"2-1"
2913.5045793938057,122510,4959,1,"1"
2935.7760156385548,122474,4995,4,"3-1"
2938.3615929703942,122458,5011,1,"1"
2940.4297268691562,122440,5029,1,"1"
2942.0241483359896,122437,5032,1,"1"
2942.3066688830204,122419,5050,1,"1"
2945.2689712373626,122405,5064,2,"2"
2945.9324349527114,122387,5082,1,"1"
2949.2174476090477,122377,5092,1,"1"
2954.4441723676191,122313,5156,5,"3-2"
2958.783771017333,122295,5174,1,"1"
2970.5048228986866,122223,5246,5,"2-1-1-1"
2972.0787362711681,122218,5251,1,"1"
2989.4193250719195,122208,5261,1,"1"
2995.3631374729962,122201,5268,1,"1"
2996.7890501978209,122194,5275,1,"1"
2997.2247121415712,122170,5299,2,"1-1"
3007.5301131816686,122160,5309,1,"1"
3028.1827400849129,122155,5314,1,"1"
3028.5539350688082,122150,5319,1,"1"
3030.4692358998532,122132,5337,1,"1"
3039.867630510576,122099,5370,3,"2-1"
3041.3880914692295,122057,5412,3,"2-1"
3046.1717930183586,122021,5448,2,"1-1"
3057.5206033193654,122003,5466,1,"1"
3064.0300993909927,121991,5478,1,"1"
3066.6404984834599,121972,5497,3,"2-1"
3077.0373152363013,121954,5515,1,"1"
3086.69820018768,121942,5527,1,"1"
3088.6127081881159,121937,5532,1,"1"
3107.9498544950075,121927,5542,2,"2"
3114.4892591569187,121909,5560,1,"1"
3117.5390938551527,121891,5578,1,"1"
3117.9420981021522,121886,5583,1,"1"
3141.3986870164058,121868,5601,1,"1"
3156.5089993371344,121830,5639,3,"3"
3156.803974153157,121812,5657,1,"1"
3162.090216570225,121780,5689,2,"1-1"
3162.4045763665099,121708,5761,4,"3-1"
3162.7456007043293,121690,5779,1,"1"
3163.6074515312998,121676,5793,1,"1"
3166.4695600453506,121670,5799,2,"2"
3171.5155877435004,121652,5817,1,"1"
3181.090196018778,121602,5867,6,"2-2-1-1"
3183.5886098313304,121566,5903,2,"2"
3185.8578081197779,121552,5917,1,"1"
3188.9994756338438,121528,5941,2,"2"
3222.0003064536731,121510,5959,1,"1"
3227.2130086142779,121496,5973,2,"2"
3228.9537443434292,121460,6009,2,"2"
3234.3176587266166,121442,6027,1,"1"
3243.2654744816668,121424,6045,1,"1"
3244.2296852426584,121406,6063,1,"1"
3246.0671105533438,121388,6081,1,"1"
3246.8773469123203,121370,6099,1,"1"
3247.9231889813836,119896,7573,90,"52-10-3-3-3-3-2-2-2-2-1-1-1-1-1-1-1-1"
3249.3834332333317,119878,7591,1,"1"
3258.9001395248556,119842,7627,2,"2"
3261.1011706763115,119815,7654,3,"3"
3265.1479490282641,119797,7672,1,"1"
3278.7112671193845,119743,7726,4,"3-1"
3283.6762304781719,0,127469,6818,"6818"
----------------------------------------------1
0,127469,0,0,"0"
165.27833437838351,127451,18,1,"1"
210.72939689630152,127448,21,1,"1"
211.95286030186168,127398,71,3,"3"
221.31372572485523,127397,72,1,"1"
261.17552608445357,127387,82,1,"1"
281.61558599988666,127382,87,1,"1"
281.76928929498268,127364,105,1,"1"
282.24560994189864,127363,106,1,"1"
283.80772283598162,127345,124,1,"1"
292.6710334875732,127344,125,1,"1"
321.9816652136351,127343,126,1,"1"
360.04900565965931,127342,127,1,"1"
364.62191322032714,127341,128,1,"1"
372.55570221988944,127340,129,1,"1"
381.91282808674089,127329,140,1,"1"
398.03821390160965,127328,141,1,"1"
466.92941356790476,127310,159,1,"1"
472.38485760828314,127307,162,1,"1"
491.96197508304391,127289,180,1,"1"
508.86258206201336,127288,181,1,"1"
546.7499247720242,127287,182,1,"1"
556.38148468313568,127286,183,1,"1"
560.35559886582291,127283,186,3,"2-1"
561.81100807799316,127265,204,1,"1"
575.76152064630412,127264,205,1,"1"
579.98486748437813,127263,206,1,"1"
592.68407630902891,127262,207,1,"1"
602.03226805636609,127261,208,1,"1"
634.71167581655493,127249,220,1,"1"
643.568425638441,127237,232,1,"1"
653.28957307883013,127236,233,1,"1"
659.81634484415974,127224,245,1,"1"
671.07170958731808,127221,248,1,"1"
697.94786182395876,127209,260,1,"1"
704.62763364479633,127208,261,1,"1"
718.15483158008146,127201,268,3,"3"
747.90041157925339,127200,269,1,"1"
747.98229844633568,127195,274,1,"1"
751.36176893199695,127194,275,1,"1"
751.84339200959755,127191,278,1,"1"
761.89396694115703,127184,285,1,"1"
771.11409403381265,127166,303,1,"1"
773.74527595570441,127160,309,2,"2"
784.69503527738868,127158,311,2,"2"
785.40295868088583,127144,325,1,"1"
785.5378131880617,127143,326,1,"1"
786.70825035387179,127142,327,1,"1"
789.93530477225409,127131,338,1,"1"
792.18187310495966,127128,341,1,"1"
813.63895857821547,127116,353,1,"1"
817.17039387003717,127115,354,1,"1"
843.77851667769301,127097,372,1,"1"
850.54238098420194,127079,390,1,"1"
857.06737995771618,127065,404,1,"1"
867.98996583147232,127047,422,1,"1"
879.80175427258348,127044,425,1,"1"
911.93714931679358,127042,427,2,"2"
916.33013198023923,127024,445,1,"1"
921.74021384152968,127023,446,1,"1"
926.59707448526581,127022,447,1,"1"
936.52516562874189,127021,448,1,"1"
965.80583102406558,127020,449,1,"1"
1000.1764219779504,127019,450,1,"1"
1000.7434735685573,127016,453,1,"1"
1015.6513061486953,127009,460,1,"1"
1024.2623926044573,126991,478,1,"1"
1025.4278089856457,126955,514,2,"2"
1031.5087857575043,126954,515,1,"1"
1034.7889330421365,126951,518,1,"1"
1035.0660979423642,126933,536,1,"1"
1072.0453069343114,126932,537,1,"1"
1074.4630831026957,126929,540,1,"1"
1078.467688362404,126924,545,1,"1"
1096.2837561257429,126918,551,2,"1-1"
1098.5422989596043,126917,552,1,"1"
1102.4556599730522,126899,570,1,"1"
1112.1433098328023,126898,571,1,"1"
1116.4694615967578,126888,581,2,"2"
1127.3225422581361,126878,591,1,"1"
1135.7371791383971,126872,597,2,"1-1"
1140.8473475589683,126870,599,2,"2"
1142.7313055992365,126852,617,1,"1"
1152.8731338658126,126834,635,1,"1"
1156.6741433399038,126816,653,1,"1"
1178.889867219684,126798,671,1,"1"
1180.3050501835889,126788,681,1,"1"
1185.0884815205393,126778,691,2,"2"
1197.408984421178,126775,694,1,"1"
1197.5800607520328,126757,712,1,"1"
1200.0300760421533,126750,719,1,"1"
1224.5001586586068,126732,737,1,"1"
1226.2937622380282,126714,755,1,"1"
1241.0182880768327,126711,758,1,"1"
1246.4109344781111,126693,776,1,"1"
1250.3013474398347,126690,779,1,"1"
1262.2477421910326,126689,780,1,"1"
1292.7321661731439,126671,798,1,"1"
1315.2840955356312,126668,801,1,"1"
1318.777903403379,126667,802,1,"1"
1325.8477616655589,126664,805,1,"1"
1327.6880416511547,126661,808,1,"1"
1362.747657939557,126643,826,1,"1"
1372.5159638495202,126631,838,1,"1"
1383.007906988692,126613,856,1,"1"
1402.0702922714806,126603,866,1,"1"
1405.7371349375301,126600,869,1,"1"
1412.2847964069308,126597,872,1,"1"
1429.2198478528778,126579,890,1,"1"
1441.363015728939,126563,906,1,"1"
1444.0917348436985,126558,911,1,"1"
1444.7642080718974,126548,921,1,"1"
1457.5510774573759,126530,939,1,"1"
1477.0461818635372,126506,963,2,"2"
1485.3494042976354,126488,981,1,"1"
1514.3919114657042,126452,1017,2,"2"
1523.7581550187244,126434,1035,1,"1"
1529.3636644565227,126402,1067,4,"2-1-1"
1530.8394960636806,126401,1068,1,"1"
1538.7353002583341,126383,1086,1,"1"
1543.9319842472273,126372,1097,1,"1"
1577.0077153279715,126370,1099,2,"2"
1584.4972654016842,126369,1100,1,"1"
1585.3493671849496,126357,1112,2,"1-1"
1585.3516994268152,126343,1126,1,"1"
1590.830107757786,126325,1144,1,"1"
1593.4775734162849,126324,1145,1,"1"
1595.2583997257525,126321,1148,1,"1"
1604.0193922367393,126303,1166,1,"1"
1611.5529564149681,126302,1167,1,"1"
1615.2515660752599,126299,1170,1,"1"
1615.5817538720362,126283,1186,1,"1"
1619.5939570137978,126273,1196,1,"1"
1623.3454436563786,126270,1199,1,"1"
1633.9882504997042,126252,1217,1,"1"
1635.7418106990535,126238,1231,1,"1"
1641.5141470436874,126224,1245,1,"1"
1647.3781156374218,126215,1254,3,"3"
1651.5620485089166,126197,1272,1,"1"
1654.4344073288241,126179,1290,1,"1"
1655.9357494398218,126161,1308,1,"1"
1662.8648725024716,126143,1326,1,"1"
1668.0497272518685,126107,1362,2,"2"
1705.3038028113381,126071,1398,2,"2"
1710.5517627360446,126065,1404,2,"1-1"
1721.5885801599927,126047,1422,1,"1"
1773.4187121994553,126029,1440,1,"1"
1775.5313830140908,126011,1458,1,"1"
1780.0072202041204,125993,1476,1,"1"
1783.7203794258592,125975,1494,1,"1"
1785.069881380505,125957,1512,1,"1"
1793.7531519477161,125939,1530,1,"1"
1797.6068693504035,125934,1535,1,"1"
1801.6290667412213,125916,1553,1,"1"
1817.7041386297976,125909,1560,1,"1"
1818.4024495000197,125891,1578,1,"1"
1818.4721553702186,125888,1581,1,"1"
1832.7246211735571,125881,1588,1,"1"
1849.3736636890449,125871,1598,1,"1"
1864.4453487874803,125866,1603,1,"1"
1875.4107555529629,125863,1606,1,"1"
1882.4062817565571,125845,1624,1,"1"
1895.3832838486198,125827,1642,1,"1"
1904.0360037673609,125795,1674,2,"2"
1908.0264162879005,125785,1684,2,"2"
1916.1305222166645,125773,1696,1,"1"
1919.4879239564882,125755,1714,1,"1"
1924.0742309013592,125719,1750,2,"2"
1933.3451291332715,125701,1768,1,"1"
1940.8376689473673,125683,1786,1,"1"
1941.2152975148945,125671,1798,1,"1"
1954.7406983955907,125664,1805,1,"1"
1966.6911236377002,125654,1815,1,"1"
1985.4621243655636,125636,1833,1,"1"
1988.658120063767,125626,1843,2,"2"
2010.4917196763431,125608,1861,1,"1"
2010.8095623212464,125590,1879,1,"1"
2012.7618081243852,125572,1897,1,"1"
2015.0744347378929,125541,1928,3,"2-1"
2017.9212890556369,125523,1946,1,"1"
2021.4658905045185,125495,1974,2,"1-1"
2027.0629018336617,125483,1986,1,"1"
2049.2500817260957,125471,1998,1,"1"
2054.4130069353682,125457,2012,1,"1"
2059.5176003179517,125454,2015,1,"1"
2060.6449470006255,125451,2018,1,"1"
2070.3743550413128,125436,2033,1,"1"
2082.9368735078751,125418,2051,1,"1"
2088.872419297893,125413,2056,1,"1"
2098.937557946143,125395,2074,1,"1"
2101.2951307434901,125377,2092,1,"1"
2105.0636021376895,125359,2110,1,"1"
2117.6219780417728,125324,2145,3,"3"
2133.219036269239,125308,2161,1,"1"
2148.0357237289727,125296,2173,1,"1"
2150.0178568173028,125278,2191,1,"1"
2150.7482050235326,125260,2209,1,"1"
2153.7974784886646,125240,2229,2,"2"
2155.7663332154129,125227,2242,1,"1"
2155.9123117675017,125209,2260,1,"1"
2173.9752611358185,125191,2278,1,"1"
2177.8293407817223,125173,2296,1,"1"
2178.4856299805283,125170,2299,1,"1"
2179.796355742581,125152,2317,1,"1"
2184.9254584864634,125139,2330,3,"3"
2193.7645667129477,125121,2348,1,"1"
2205.8156290370221,125103,2366,1,"1"
2206.6778976874239,125100,2369,1,"1"
2211.9777967944865,125091,2378,1,"1"
2212.1742913371818,125073,2396,1,"1"
2250.5030748167742,125070,2399,1,"1"
2259.6111099050213,125065,2404,1,"1"
2261.3025431186384,125058,2411,1,"1"
2263.4571142815016,125040,2429,1,"1"
2273.301212202558,125033,2436,1,"1"
2276.6107581789502,125026,2443,1,"1"
2278.6759970095727,125008,2461,1,"1"
2279.3497458713168,125005,2464,1,"1"
2284.9984741993608,124987,2482,1,"1"
2318.250087971684,124978,2491,1,"1"
2319.616397350746,124928,2541,6,"2-2-1-1"
2321.7129493787293,124910,2559,1,"1"
2326.9487376474717,124894,2575,1,"1"
2330.3110505352779,124876,2593,1,"1"
2333.9071618991811,124856,2613,2,"1-1"
2338.0489792475914,124846,2623,1,"1"
2339.3248142610578,124840,2629,2,"2"
2342.9988451265181,124835,2634,1,"1"
2362.3319497705356,124817,2652,1,"1"
2364.5238163598406,124807,2662,1,"1"
2367.6831234999486,124797,2672,2,"2"
2373.8485773658263,124779,2690,1,"1"
2377.7574590984182,124743,2726,2,"2"
2378.2518788451453,124737,2732,2,"1-1"
2389.0025606899294,124728,2741,1,"1"
2412.9706450749331,124710,2759,1,"1"
2417.9803791634336,124692,2777,1,"1"
2419.2132440764212,124677,2792,3,"2-1"
2426.1077709191441,124659,2810,1,"1"
2431.8098687895881,124654,2815,1,"1"
2444.81198823861,124636,2833,1,"1"
2451.4043871058498,124618,2851,1,"1"
2471.4354618566258,124600,2869,1,"1"
2475.7791607454456,124582,2887,1,"1"
2485.0741417466074,124572,2897,1,"1"
2489.932115000739,124567,2902,1,"1"
2490.2833853299862,124549,2920,1,"1"
2492.5352170482761,124513,2956,2,"1-1"
2496.1893806024491,124495,2974,1,"1"
2504.9570103206183,124483,2986,4,"2-2"
2509.2432850448013,124480,2989,1,"1"
2514.1636323747275,124462,3007,1,"1"
2514.8641624206566,124452,3017,1,"1"
2517.0334747674387,124434,3035,1,"1"
2518.3615293085641,124398,3071,2,"2"
2518.6846586092847,124384,3085,1,"1"
2520.3006170305866,124367,3102,5,"4-1"
2522.166152398861,124350,3119,1,"1"
2523.605761473128,124332,3137,1,"1"
2528.4576591456439,124325,3144,1,"1"
2539.4852072939862,124307,3162,1,"1"
2546.7799986952018,124289,3180,1,"1"
2551.0671361410468,124271,3198,1,"1"
2554.3802418947694,124253,3216,1,"1"
2557.0422308664329,124235,3234,1,"1"
2564.7290694827557,124217,3252,1,"1"
2568.7158458909066,124101,3368,8,"7-1"
2588.0593399692816,124081,3388,4,"4"
2598.0004261352015,124063,3406,1,"1"
2604.2599955232158,124060,3409,1,"1"
2611.490618807486,124053,3416,1,"1"
2611.7992766783714,124039,3430,2,"2"
2615.5716611275025,123985,3484,3,"3"
2625.9338645528292,123967,3502,1,"1"
2634.5217791552318,123949,3520,1,"1"
2635.8630019481029,123942,3527,1,"1"
2646.2272701107522,123924,3545,1,"1"
2653.5111767817716,123690,3779,13,"13"
2655.8344598057588,123685,3784,1,"1"
2684.0122642783595,123667,3802,1,"1"
2684.6401065240179,123649,3820,1,"1"
2691.826246772117,123635,3834,1,"1"
2691.8886133997962,123617,3852,1,"1"
2695.0273269850018,123557,3912,5,"1-1-1-1-1"
2695.8756510178951,123539,3930,1,"1"
2710.2856660730727,123521,3948,1,"1"
2710.7154375434798,123503,3966,1,"1"
2725.7909992235836,123485,3984,1,"1"
2726.9506731828687,123476,3993,1,"1"
2729.82341504025,123458,4011,1,"1"
2733.1559901063911,123455,4014,1,"1"
2736.7225011061091,123435,4034,2,"1-1"
2739.9369366097253,123417,4052,1,"1"
2747.2788944357681,123399,4070,1,"1"
2749.7090338842868,123381,4088,1,"1"
2751.7911769377529,123363,4106,1,"1"
2757.224316258194,123356,4113,1,"1"
2760.67661173223,123338,4131,1,"1"
2762.0049863857412,123320,4149,1,"1"
2769.7288937926564,123317,4152,1,"1"
2775.1258008882464,123310,4159,1,"1"
2777.4817047895413,123292,4177,1,"1"
2778.4472797608769,123274,4195,1,"1"
2780.868735863301,123195,4274,6,"5-1"
2793.849203323934,123177,4292,2,"1-1"
2799.678015421799,123159,4310,1,"1"
2810.2232020956226,123141,4328,1,"1"
2812.1615553096676,123129,4340,2,"1-1"
2816.2837057678285,123107,4362,2,"2"
2823.3860941339785,123098,4371,1,"1"
2823.9235184307386,123095,4374,1,"1"
2839.7385081843117,123088,4381,1,"1"
2840.5980872218347,123083,4386,1,"1"
2845.589360534454,123080,4389,1,"1"
2848.4076787989243,123062,4407,1,"1"
2854.7231978058767,123044,4425,1,"1"
2856.1100122362955,123020,4449,4,"3-1"
2869.0120823318184,123017,4452,1,"1"
2869.1138016707009,122949,4520,4,"2-2"
2879.1735402954328,122908,4561,3,"2-1"
2882.1650791607858,122901,4568,1,"1"
2888.3353887583967,122883,4586,1,"1"
2896.197444036296,122865,4604,1,"1"
2898.6759905717636,122847,4622,1,"1"
2905.6490688632766,122829,4640,1,"1"
2928.124761985503,122817,4652,1,"1"
2948.3227431632658,122807,4662,2,"2"
2952.8375265162481,122789,4680,1,"1"
2963.1386924005706,122777,4692,1,"1"
2965.6803534046044,122759,4710,1,"1"
2967.5601348999799,122749,4720,1,"1"
2978.0351565840533,122731,4738,1,"1"
2980.6794693664201,122713,4756,1,"1"
2985.5567973123989,122707,4762,2,"2"
2996.4627472020825,122683,4786,2,"2"
2996.6822760099271,122665,4804,1,"1"
2998.6216891625504,122647,4822,1,"1"
3005.4637086944781,122629,4840,1,"1"
3014.8699812347231,122611,4858,1,"1"
3025.9889358949354,122593,4876,1,"1"
3032.3936392005839,122575,4894,1,"1"
3034.4309252660964,122557,4912,1,"1"
3035.0029149732045,122545,4924,1,"1"
3035.3927095620938,122521,4948,2,"1-1"
3038.8644255512122,122516,4953,1,"1"
3042.8875611895,122498,4971,1,"1"
3044.3580224216003,122480,4989,1,"1"
3047.5329137595008,122469,5000,1,"1"
3053.875630104782,122451,5018,1,"1"
3057.4813413638931,122433,5036,1,"1"
3058.9848314003125,122415,5054,1,"1"
3061.0593555747191,122217,5252,11,"10-1"
3066.5189516913065,122207,5262,1,"1"
3068.3098129498635,122192,5277,3,"2-1"
3086.2749384630533,122156,5313,3,"3"
3090.4636699949542,121992,5477,12,"3-3-2-2-1-1"
3106.1361532356359,121974,5495,1,"1"
3124.5842858414267,121938,5531,3,"2-1"
3127.3504088673826,121931,5538,1,"1"
3138.4800721933802,121913,5556,1,"1"
3146.3324868565628,121910,5559,1,"1"
3159.9230052313396,121874,5595,2,"2"
3164.757244139862,121864,5605,2,"2"
3165.657721015772,121847,5622,3,"2-1"
3177.3301953483633,121842,5627,1,"1"
3190.2777336901636,121832,5637,1,"1"
3192.0177710998069,121814,5655,1,"1"
3193.8643007856626,121796,5673,1,"1"
3215.7223774884415,121778,5691,1,"1"
3215.8743481200518,121757,5712,3,"2-1"
3219.9657357648261,121715,5754,3,"3"
3226.2328037070993,121697,5772,1,"1"
3235.227132947376,121679,5790,1,"1"
3241.8948734659011,121643,5826,2,"1-1"
3244.1343501551928,121617,5852,2,"1-1"
3244.6044255097013,121518,5951,15,"7-3-1-1-1-1-1"
3247.4460230515438,121500,5969,1,"1"
3249.8077638627506,121490,5979,1,"1"
3250.9927369770021,121436,6033,3,"3"
3252.0775291413593,121433,6036,1,"1"
3255.8607721264743,121415,6054,1,"1"
3260.3216332170809,121408,6061,1,"1"
3267.3207164234868,121390,6079,1,"1"
3268.3820505290323,121376,6093,1,"1"
3269.8805659663071,121369,6100,1,"1"
3271.7748471291611,121357,6112,2,"1-1"
3273.0810616852673,121339,6130,1,"1"
3273.3397724608353,121336,6133,1,"1"
3274.3516746704331,121300,6169,2,"2"
3277.0832312527082,121282,6187,1,"1"
3281.5452657604169,121267,6202,1,"1"
3295.0312076723617,121249,6220,1,"1"
3304.1874589857525,121231,6238,1,"1"
3306.7425333178139,121213,6256,1,"1"
3315.210052406976,121195,6274,1,"1"
3321.5810631547583,121177,6292,1,"1"
3333.0332963417209,121141,6328,2,"1-1"
3337.4183961715617,121123,6346,1,"1"
3339.191847509881,121105,6364,1,"1"
3340.9777995727482,121060,6409,9,"4-2-1-1-1"
3341.058036610405,121042,6427,1,"1"
3348.854973037036,120988,6481,4,"2-1-1"
3358.9580842192845,120970,6499,1,"1"
3360.8978151918154,120947,6522,3,"3"
3364.5953791577085,120938,6531,1,"1"
3399.5868505827825,120848,6621,6,"3-1-1-1"
3413.4012158172536,120829,6640,3,"2-1"
3420.8205358692958,120822,6647,1,"1"
3439.2279267817225,120797,6672,3,"1-1-1"
3446.944148216809,120677,6792,10,"8-1-1"
3451.4899228497238,120635,6834,3,"2-1"
3452.2172365172928,120617,6852,1,"1"
3453.8432186495047,120511,6958,7,"6-1"
3456.400926747931,120493,6976,1,"1"
3458.7071412748946,120457,7012,2,"1-1"
3460.9357785690922,119963,7506,36,"5-4-3-3-2-2-2-2-1-1-1-1-1-1-1-1-1-1-1-1-1"
3465.0874411145269,119945,7524,1,"1"
3465.1253381287584,119927,7542,1,"1"
3470.5809468793504,119909,7560,1,"1"
3481.4419138635135,119853,7616,4,"2-1-1"
3487.1726563501657,0,127469,6800,"6800"
----------------------------------------------2
0,127469,0,0,"0"
113.72535029293276,127217,252,14,"13-1"
136.33955537836215,127199,270,1,"1"
171.37950518215703,127181,288,1,"1"
171.40006926998694,127163,306,1,"1"
185.13126769223308,127162,307,1,"1"
205.03627106485652,127161,308,1,"1"
235.14351273359776,127160,309,1,"1"
243.46142932967857,127159,310,1,"1"
247.62612657578805,127158,311,1,"1"
250.52037597548326,127157,312,1,"1"
268.70906141663227,127156,313,1,"1"
292.23508135697136,127155,314,1,"1"
331.02333682003052,127154,315,1,"1"
341.07391713043984,127151,318,1,"1"
344.5018191209345,127149,320,2,"2"
362.25847142439926,127148,321,1,"1"
401.47240717127931,127138,331,1,"1"
413.63333326258271,127137,332,1,"1"
417.35496123184697,127136,333,1,"1"
444.13365005730446,127133,336,1,"1"
470.76444039190426,127132,337,1,"1"
470.85802091366736,127131,338,1,"1"
483.77155375511927,127130,339,1,"1"
489.54830860618699,127123,346,1,"1"
496.32041751130555,127111,358,1,"1"
501.23163470519188,127110,359,1,"1"
531.37450128603484,127109,360,1,"1"
540.45091914543821,127091,378,1,"1"
543.36508712941884,127086,383,1,"1"
572.36668134819877,127069,400,1,"1"
581.32185225223839,127067,402,2,"2"
598.66764879983327,127064,405,1,"1"
602.28284976461259,127063,406,1,"1"
608.54916128940079,127051,418,1,"1"
621.11152570520073,127033,436,1,"1"
627.57130155612629,127028,441,1,"1"
635.01972471418298,127010,459,1,"1"
645.39610589157451,126992,477,1,"1"
654.14570074136361,126980,489,1,"1"
664.16572418191356,126979,490,1,"1"
675.83166707189957,126978,491,1,"1"
678.84140561961328,126960,509,1,"1"
684.74180781420068,126955,514,1,"1"
690.27727110895989,126954,515,1,"1"
700.2780413595882,126951,518,1,"1"
714.81580153654068,126933,536,1,"1"
717.38137659837048,126915,554,1,"1"
727.95159281126075,126903,566,1,"1"
734.93575634672027,126885,584,1,"1"
735.26683710091936,126878,591,1,"1"
742.17609121346823,126877,592,1,"1"
750.85999508307543,126876,593,1,"1"
766.55793636167607,126873,596,1,"1"
777.69275784412594,126855,614,1,"1"
783.07237012915618,126852,617,1,"1"
787.15257709053867,126840,629,1,"1"
808.55467877628485,126822,647,1,"1"
833.13934817464155,126819,650,1,"1"
836.79534449839537,126818,651,1,"1"
863.83489266841696,126817,652,1,"1"
872.68905044800806,126799,670,1,"1"
885.7021077392119,126781,688,1,"1"
888.24739136446487,126763,706,1,"1"
890.40426783019871,126762,707,1,"1"
893.72256267504076,126744,725,1,"1"
894.08778489222027,126742,727,2,"1-1"
902.05860834439591,126733,736,1,"1"
919.69537659443108,126730,739,1,"1"
950.61180500456078,126723,746,1,"1"
960.74828620385563,126714,755,1,"1"
962.72958633414135,126711,758,3,"2-1"
970.43003795188997,126703,766,2,"1-1"
989.10620588498864,126685,784,1,"1"
992.23933753477911,126680,789,1,"1"
996.44026890219482,126644,825,2,"2"
997.36455819562059,126641,828,1,"1"
1017.1990857946662,126639,830,2,"2"
1026.1469125079323,126627,842,1,"1"
1028.4654690433781,126624,845,1,"1"
1034.2238508912437,126606,863,1,"1"
1041.0274845557765,126596,873,1,"1"
1043.8286679659063,126595,874,1,"1"
1047.7925340442473,126594,875,1,"1"
1060.7097924477082,126592,877,2,"2"
1061.2029156158333,126589,880,1,"1"
1061.6159851854568,126571,898,1,"1"
1062.6089504508957,126568,901,1,"1"
1075.9199564516537,126567,902,1,"1"
1077.5726002653148,126557,912,1,"1"
1093.5174989382426,126539,930,1,"1"
1112.5587187563428,126521,948,1,"1"
1124.6792577904207,126509,960,1,"1"
1134.0953911516365,126491,978,1,"1"
1137.2631903391864,126490,979,1,"1"
1140.2280354930724,126487,982,1,"1"
1175.1216347483287,126484,985,1,"1"
1189.9321838557562,126466,1003,1,"1"
1197.4602467940822,126463,1006,1,"1"
1202.0047630303077,126453,1016,1,"1"
1209.8369833194884,126435,1034,1,"1"
1227.7666743522634,126417,1052,1,"1"
1234.6923511101445,126399,1070,1,"1"
1280.9502151849322,126398,1071,1,"1"
1287.3644580837338,126388,1081,1,"1"
1294.1787087025236,126370,1099,1,"1"
1300.6230299228368,126353,1116,1,"1"
1343.6404707781503,126335,1134,1,"1"
1366.7960741568363,126323,1146,1,"1"
1377.4857050340349,126305,1164,1,"1"
1395.1097407653144,126294,1175,1,"1"
1414.3494420476484,126291,1178,1,"1"
1416.6943510542742,126268,1201,7,"6-1"
1452.8162777033078,126267,1202,1,"1"
1457.2933276402553,126249,1220,1,"1"
1458.1180733782689,126248,1221,1,"1"
1458.8303674542381,126230,1239,1,"1"
1476.2449571471629,126227,1242,1,"1"
1485.472678153043,126209,1260,1,"1"
1492.7507018359543,126206,1263,1,"1"
1497.5693637672355,126189,1280,1,"1"
1512.5219718187568,126175,1294,1,"1"
1512.8492749945551,126174,1295,1,"1"
1514.1932950123801,126160,1309,1,"1"
1529.3157980257351,126142,1327,1,"1"
1530.8728960319706,126124,1345,1,"1"
1536.7713223595479,126119,1350,1,"1"
1539.0876098024848,126112,1357,1,"1"
1542.7915271394686,126111,1358,1,"1"
1549.4534461529145,126093,1376,1,"1"
1551.3978934399261,126089,1380,2,"1-1"
1553.3910073600889,126079,1390,2,"2"
1555.9861243774526,126067,1402,1,"1"
1568.2990355384295,126061,1408,2,"1-1"
1574.3191192311219,126060,1409,1,"1"
1590.9947981350033,126054,1415,2,"2"
1600.5487653797181,126053,1416,1,"1"
1607.1984182367926,126050,1419,1,"1"
1619.5853392317194,126045,1424,1,"1"
1624.8924024266637,126033,1436,1,"1"
1628.7674888796303,126015,1454,1,"1"
1635.7532527493595,125979,1490,2,"2"
1639.2332462433062,125972,1497,1,"1"
1655.2679783057249,125963,1506,3,"2-1"
1659.8860679590086,125945,1524,1,"1"
1662.1603005850259,125935,1534,1,"1"
1662.4761237763369,125917,1552,1,"1"
1666.7334557900315,125905,1564,2,"1-1"
1674.8043237007973,125887,1582,1,"1"
1683.2991140204138,125869,1600,1,"1"
1684.1550233089549,125851,1618,1,"1"
1684.5614699956129,125844,1625,1,"1"
1692.0581254559434,125832,1637,1,"1"
1702.080630195318,125778,1691,3,"2-1"
1708.2029289763,125765,1704,1,"1"
1726.7650951032981,125747,1722,1,"1"
1728.9120061890435,125729,1740,1,"1"
1741.8822735069725,125711,1758,1,"1"
1754.1565827912461,125696,1773,1,"1"
1787.1637719324351,125660,1809,2,"2"
1805.3940844640051,125653,1816,1,"1"
1816.3916547423851,125635,1834,1,"1"
1828.5747000470219,125617,1852,1,"1"
1831.9619420709475,125616,1853,1,"1"
1841.4319111920147,125604,1865,1,"1"
1844.7530980067597,125496,1973,6,"2-2-1-1"
1845.3494260216669,125460,2009,2,"2"
1846.6854729742638,125450,2019,1,"1"
1850.071133648494,125447,2022,1,"1"
1870.8404818071797,125429,2040,1,"1"
1873.5291648988702,125411,2058,1,"1"
1892.9880338916498,125380,2089,2,"2"
1911.7981456951397,125344,2125,2,"2"
1911.9264823760043,125326,2143,1,"1"
1912.3250150324393,125308,2161,1,"1"
1919.6206223949123,125261,2208,7,"4-2-1"
1921.8473051797685,125254,2215,1,"1"
1923.1229290844533,125236,2233,1,"1"
1951.9846535425252,125227,2242,1,"1"
1977.9282523060097,125218,2251,1,"1"
1979.1325635784926,125200,2269,1,"1"
1979.8989802440469,125188,2281,1,"1"
1983.6198070190037,125168,2301,2,"1-1"
2022.6260489147569,125144,2325,2,"1-1"
2029.0753798092931,125126,2343,1,"1"
2033.274257902895,125102,2367,2,"2"
2049.4818748677521,125066,2403,2,"2"
2063.5852305768708,125049,2420,1,"1"
2065.329415225202,125037,2432,1,"1"
2066.0107691471881,125019,2450,1,"1"
2075.2399334920669,125016,2453,1,"1"
2076.7951474759934,125013,2456,1,"1"
2076.9070504681808,124995,2474,1,"1"
2113.1203052018932,124992,2477,1,"1"
2114.4210422263432,124775,2694,15,"14-1"
2133.0667656653595,124759,2710,4,"2-2"
2135.3068353866252,124741,2728,1,"1"
2154.9637852170827,124723,2746,1,"1"
2162.3317425224841,124661,2808,5,"3-1-1"
2165.4148158783182,124658,2811,1,"1"
2172.1932520931186,124635,2834,5,"2-2-1"
2180.4398708380004,124617,2852,1,"1"
2208.1880026658196,124608,2861,3,"3"
2210.1092184436584,124590,2879,1,"1"
2212.5027183977222,124572,2897,1,"1"
2215.1948556892557,124521,2948,5,"5"
2224.3634866773455,124503,2966,1,"1"
2228.5769677177891,124467,3002,2,"1-1"
2229.459110708035,124457,3012,1,"1"
2238.265088151486,124454,3015,1,"1"
2254.1681154038151,124436,3033,1,"1"
2261.3978875148596,124433,3036,1,"1"
2271.1964752094796,124423,3046,2,"2"
2277.6150951851846,124410,3059,1,"1"
2289.3234471227934,124401,3068,1,"1"
2291.9797048002729,124383,3086,1,"1"
2298.322936981901,124376,3093,1,"1"
2306.9297715826874,124358,3111,1,"1"
2317.2768600699951,124340,3129,1,"1"
2318.4988150216773,124322,3147,1,"1"
2329.8013102298487,124317,3152,1,"1"
2331.9013419752068,124314,3155,1,"1"
2334.9110790118707,124296,3173,1,"1"
2341.1099853205519,124260,3209,2,"1-1"
2343.4095820373273,124242,3227,1,"1"
2355.0449191547486,124237,3232,1,"1"
2358.9008092770196,124234,3235,1,"1"
2359.2233598602088,124198,3271,2,"1-1"
2359.9972080578596,124180,3289,1,"1"
2362.6201664698469,124175,3294,1,"1"
2372.1707676795218,124157,3312,1,"1"
2395.0879403520939,124105,3364,3,"2-1"
2410.9586686147004,124102,3367,1,"1"
2419.5433712989575,124099,3370,1,"1"
2424.4423745181125,124082,3387,1,"1"
2425.6719987197507,124079,3390,1,"1"
2432.2962745290661,124063,3406,1,"1"
2434.7297070762161,124033,3436,2,"2"
2438.3620957710377,124030,3439,1,"1"
2438.543122894815,124008,3461,2,"1-1"
2442.6780433399927,124003,3466,1,"1"
2446.42688853462,124000,3469,1,"1"
2450.6887747674264,123964,3505,2,"2"
2454.5474447389483,123784,3685,10,"10"
2464.9913222423934,123766,3703,1,"1"
2492.1001676231704,123748,3721,1,"1"
2494.4856290847551,123730,3739,1,"1"
2496.9674674561761,123712,3757,1,"1"
2501.354619446583,123695,3774,1,"1"
2502.0986202012023,123688,3781,1,"1"
2507.4774358477448,123682,3787,2,"1-1"
2511.4956385620571,123664,3805,1,"1"
2519.1285212923631,123655,3814,1,"1"
2522.479344923705,123637,3832,1,"1"
2539.9121919842728,123619,3850,1,"1"
2541.7907498521395,123612,3857,1,"1"
2544.3503013339455,123601,3868,1,"1"
2556.3410108081348,123583,3886,1,"1"
2560.2618180810177,123523,3946,4,"2-2"
2575.1544279110617,123483,3986,4,"4"
2576.2234084138054,123465,4004,1,"1"
2578.7106602452654,123393,4076,4,"4"
2584.3525864597877,123375,4094,1,"1"
2590.1162476371419,123357,4112,1,"1"
2590.8011423314983,123313,4156,6,"2-1-1-1-1"
2592.6179872593934,123299,4170,1,"1"
2597.5785784227228,123101,4368,11,"10-1"
2602.7602869469329,123073,4396,4,"2-1-1"
2608.4479729273448,123055,4414,1,"1"
2611.8998958863008,123019,4450,2,"1-1"
2618.5443102824347,123006,4463,1,"1"
2625.2371660815875,122992,4477,1,"1"
2631.698980264076,122985,4484,1,"1"
2636.7634276606018,122967,4502,1,"1"
2642.7167215364198,122951,4518,1,"1"
2648.8596465796063,122933,4536,1,"1"
2661.3854009332722,122921,4548,1,"1"
2663.7650568611521,122903,4566,1,"1"
2673.8800906668562,122885,4584,1,"1"
2678.4812847954308,122878,4591,1,"1"
2682.7411230674247,122860,4609,1,"1"
2688.4909228218417,122850,4619,2,"2"
2692.1575049117737,122832,4637,1,"1"
2695.5695292391015,122814,4655,1,"1"
2698.1412466556499,122796,4673,1,"1"
2699.7821071247154,122788,4681,2,"1-1"
2702.7015334701127,122785,4684,1,"1"
2706.0874532117532,122767,4702,1,"1"
2708.0821786220072,122749,4720,1,"1"
2710.8264358667498,122739,4730,1,"1"
2727.956898276786,122732,4737,1,"1"
2738.3477576291989,122727,4742,1,"1"
2746.5646620174375,122714,4755,3,"2-1"
2746.7304427612512,122693,4776,2,"1-1"
2747.0827129687455,122675,4794,1,"1"
2750.7689588659232,122672,4797,1,"1"
2762.6125976662061,122590,4879,6,"1-1-1-1-1-1"
2763.5620195048696,122572,4897,1,"1"
2770.7286971729154,122554,4915,1,"1"
2785.1404198656951,122482,4987,4,"4"
2787.231655519462,122479,4990,1,"1"
2788.5934538984334,122461,5008,1,"1"
2789.5578128974867,122423,5046,3,"3"
2790.5589546011984,122407,5062,1,"1"
2793.5880316588023,122389,5080,1,"1"
2804.4141366371823,122371,5098,1,"1"
2805.5661474606168,122358,5111,1,"1"
2811.7786123638757,122340,5129,1,"1"
2812.8600960132981,122322,5147,1,"1"
2813.8541136998392,122263,5206,11,"3-3-2-2-1"
2816.4084609939755,122245,5224,1,"1"
2821.8030748442902,122227,5242,1,"1"
2843.5848068565551,122217,5252,1,"1"
2882.1636804452601,122101,5368,7,"4-2-1"
2883.1062540916837,122085,5384,1,"1"
2901.4644868972277,122039,5430,4,"2-1-1"
2911.494416862643,122021,5448,1,"1"
2923.256242481566,121983,5486,3,"3"
2932.5933423367601,121965,5504,1,"1"
2947.5258946724298,121933,5536,2,"2"
2948.4210590106773,121915,5554,1,"1"
2957.0153648556252,121895,5574,2,"2"
2970.9790722290263,121873,5596,2,"1-1"
2978.7374928644826,121860,5609,1,"1"
3005.41991268841,121842,5627,1,"1"
3011.9568538302428,121824,5645,1,"1"
3028.5368151212278,121812,5657,2,"1-1"
3028.5814358123948,121786,5683,2,"1-1"
3029.6492755665577,121774,5695,1,"1"
3037.9624822050882,121758,5711,2,"1-1"
3040.03374398293,121740,5729,1,"1"
3047.6583355578828,121722,5747,1,"1"
3048.6490785491596,121704,5765,1,"1"
3054.2124339965412,121686,5783,1,"1"
3056.0702777842084,121504,5965,12,"8-1-1-1-1"
3061.8144932699483,121486,5983,1,"1"
3067.5845194771377,121468,6001,1,"1"
3069.0830930161883,121445,6024,3,"3"
3070.0674728091903,121427,6042,1,"1"
3075.5143156246754,121410,6059,1,"1"
3082.844814678122,121392,6077,1,"1"
3095.231612334881,121300,6169,6,"3-2-1"
3097.070471917687,121282,6187,1,"1"
3101.6011089019044,121202,6267,11,"6-3-1-1"
3105.0395246702938,121184,6285,1,"1"
3113.3914731272712,121148,6321,2,"2"
3116.8865382660761,121128,6341,2,"1-1"
3119.3705305123121,120992,6477,10,"6-2-1-1"
3122.5659861837685,120956,6513,2,"2"
3127.3652439982006,120452,7017,35,"6-4-3-2-2-2-2-1-1-1-1-1-1-1-1-1-1-1-1-1-1"
3132.2923631799476,120370,7099,14,"4-3-2-1-1-1-1-1"
3136.3309244535512,120352,7117,1,"1"
3142.2099703287868,120334,7135,1,"1"
3148.0269648935769,120316,7153,1,"1"
3149.8472097905501,120298,7171,1,"1"
3152.9972259933479,120266,7203,4,"4"
3153.7138657899673,120167,7302,10,"5-2-2-1"
3156.7790713939107,120160,7309,1,"1"
3158.7454474383621,120142,7327,1,"1"
3161.3372892675497,119962,7507,13,"3-2-2-2-2-1-1"
3172.057008939817,119944,7525,1,"1"
3186.0011271854364,119908,7561,2,"1-1"
3207.6394856987472,119897,7572,1,"1"
3214.5967686881945,119879,7590,1,"1"
3214.6235907207529,119876,7593,1,"1"
3221.0527435648978,119840,7629,2,"1-1"
3222.2872744137539,119822,7647,1,"1"
3226.3864603757306,119808,7661,2,"1-1"
3234.3734784745584,119793,7676,1,"1"
3234.7607443474913,119779,7690,1,"1"
3236.7088413346419,119761,7708,1,"1"
3239.8498855319472,119712,7757,4,"1-1-1-1"
3245.8729702843461,119703,7766,1,"1"
3251.9292336848234,119696,7773,1,"1"
3277.9330948074371,119670,7799,2,"1-1"
3280.1030260285979,119530,7939,10,"2-2-2-1-1-1-1"
3280.1568773769227,119519,7950,1,"1"
3285.8836625341578,0,127469,6783,"6783"
----------------------------------------------3
0,127469,0,0,"0"
45.966376982414438,127468,1,1,"1"
132.36106178320776,127456,13,1,"1"
201.50244123851914,127455,14,1,"1"
240.11628372754549,127454,15,1,"1"
265.63935478351425,127453,16,1,"1"
280.15247303022477,127435,34,1,"1"
283.09821454168093,127432,37,1,"1"
288.35405561294391,127431,38,1,"1"
304.94286364677049,127419,50,1,"1"
311.4842599849157,127418,51,1,"1"
335.30476191239273,127417,52,1,"1"
343.96987652548216,127416,53,1,"1"
405.28612047230041,127406,63,1,"1"
412.51769452127274,127388,81,1,"1"
419.13667205044391,127378,91,1,"1"
419.54725171728177,127371,98,1,"1"
462.50955553217165,127370,99,1,"1"
487.03373599307338,127369,100,1,"1"
519.84128361306284,127351,118,1,"1"
519.94999627957372,127333,136,1,"1"
522.3343273522014,127331,138,2,"2"
526.16742180112374,127330,139,1,"1"
535.20880360870956,127329,140,1,"1"
560.61794221372497,127324,145,1,"1"
582.19122720518146,127306,163,1,"1"
593.40857787923017,127288,181,1,"1"
615.68338392007547,127270,199,1,"1"
618.77377554769021,127269,200,1,"1"
647.15596607053487,127257,212,1,"1"
663.45268684347752,127245,224,1,"1"
663.80548537009645,127238,231,1,"1"
669.16658119105011,127237,232,1,"1"
674.68018828543734,127219,250,1,"1"
683.73250308983575,127216,253,1,"1"
699.43602403930049,127204,265,1,"1"
708.44924677851452,127201,268,1,"1"
721.1302658819053,127183,286,1,"1"
723.22630472251251,127177,292,2,"2"
723.55193967043658,127159,310,1,"1"
740.16025067172984,127141,328,1,"1"
747.12091475773695,127138,331,1,"1"
753.86340472168479,127137,332,1,"1"
780.89316676895066,127131,338,2,"2"
785.86016705008649,127119,350,1,"1"
795.71709882809773,127101,368,1,"1"
796.73530596141507,127083,386,1,"1"
805.99190120215758,127065,404,1,"1"
850.39394326057925,127064,405,1,"1"
854.03766837552098,127048,421,1,"1"
863.76166514812837,127030,439,1,"1"
870.06501144938784,127027,442,3,"2-1"
885.66109070259154,127022,447,1,"1"
891.56023746826088,127009,460,3,"2-1"
897.11145352718313,126991,478,1,"1"
914.02750651313022,126977,492,1,"1"
917.49990757310957,126974,495,1,"1"
929.1896531705795,126973,496,1,"1"
929.42915985336469,126963,506,2,"2"
930.78274214786813,126960,509,1,"1"
939.38122787300154,126955,514,1,"1"
940.62524466401726,126954,515,1,"1"
942.79349127356875,126951,518,1,"1"
944.95434044206922,126933,536,1,"1"
949.32471489806881,126917,552,1,"1"
956.12745577939938,126916,553,1,"1"
958.41056408880559,126906,563,1,"1"
990.70227437282415,126888,581,1,"1"
995.26361710244635,126885,584,1,"1"
1000.1758234914045,126878,591,3,"3"
1008.1294022649894,126875,594,1,"1"
1009.4650282390334,126872,597,1,"1"
1044.3560979304791,126871,598,1,"1"
1049.9751265302718,126870,599,1,"1"
1050.7878049920919,126869,600,1,"1"
1052.1651034723359,126837,632,2,"2"
1060.809187431058,126835,634,2,"2"
1060.9495998156367,126833,636,2,"2"
1060.9748854596701,126815,654,1,"1"
1063.8796108651486,126805,664,1,"1"
1077.207094448614,126795,674,1,"1"
1093.1019381785625,126791,678,4,"2-1-1"
1101.1922491201374,126773,696,1,"1"
1103.4058273146545,126772,697,1,"1"
1109.4773921460746,126771,698,1,"1"
1114.2735442810103,126749,720,2,"1-1"
1115.3739559863227,126748,721,1,"1"
1125.6448502608791,126730,739,1,"1"
1140.5344723692713,126712,757,1,"1"
1150.7217930220479,126694,775,1,"1"
1151.1535819092346,126677,792,3,"1-1-1"
1198.7427315755469,126670,799,1,"1"
1199.3939683373312,126661,808,1,"1"
1203.8165554217314,126656,813,1,"1"
1210.6379580738051,126652,817,2,"1-1"
1238.5018419752053,126641,828,1,"1"
1248.3975135483547,126631,838,1,"1"
1270.4754550271373,126630,839,1,"1"
1278.4875277249987,126612,857,1,"1"
1289.0546608979923,126609,860,1,"1"
1295.6544724773898,126608,861,1,"1"
1309.050971936186,126605,864,1,"1"
1310.0044036522274,126591,878,2,"2"
1313.4105907251178,126588,881,1,"1"
1324.3327971766009,126570,899,1,"1"
1335.9405373410843,126556,913,2,"2"
1336.392749254255,126553,916,1,"1"
1337.1590842626338,126550,919,1,"1"
1362.6532281646428,126549,920,1,"1"
1372.6573677682682,126543,926,2,"1-1"
1378.7392386591962,126507,962,2,"2"
1386.7207609725199,126504,965,1,"1"
1394.5592067577697,126486,983,1,"1"
1406.3466551390648,126468,1001,1,"1"
1407.3181850832077,126467,1002,1,"1"
1414.0144219070614,126466,1003,1,"1"
1419.8180596170166,126448,1021,1,"1"
1438.3977967028954,126447,1022,1,"1"
1446.3870244621032,126435,1034,1,"1"
1464.01734465442,126411,1058,2,"1-1"
1478.9557974666307,126393,1076,1,"1"
1482.2433715889488,126390,1079,1,"1"
1488.4765095665523,126372,1097,1,"1"
1493.8324677035866,126355,1114,1,"1"
1495.8432431809467,126346,1123,3,"3"
1498.5974762154131,126326,1143,2,"2"
1514.2135418741518,126314,1155,1,"1"
1518.0619274336584,126304,1165,2,"2"
1519.7463754270971,126301,1168,1,"1"
1521.0942068890001,126298,1171,1,"1"
1529.6649472816102,126284,1185,1,"1"
1548.8653401976119,126280,1189,2,"1-1"
1575.4568418522804,126262,1207,1,"1"
1585.8328221537047,126244,1225,2,"2"
1587.5823337362835,126239,1230,1,"1"
1589.8093951691274,126221,1248,1,"1"
1607.1189772981986,126203,1266,1,"1"
1615.9517292602454,126200,1269,1,"1"
1630.735745900384,126188,1281,1,"1"
1644.9974847082776,126170,1299,1,"1"
1654.4494444543352,126163,1306,1,"1"
1658.0743784680421,126157,1312,2,"2"
1660.6308146047866,126150,1319,1,"1"
1667.5409592493697,126132,1337,1,"1"
1670.0359622303558,126114,1355,1,"1"
1671.7967854964716,126096,1373,1,"1"
1679.6998387537353,126086,1383,1,"1"
1685.9506115654524,126076,1393,1,"1"
1689.9862028856289,126058,1411,1,"1"
1692.2189820543081,126048,1421,1,"1"
1705.7455836345098,126030,1439,1,"1"
1710.9700410834034,126017,1452,3,"2-1"
1717.9298587608992,126003,1466,1,"1"
1726.8620983489479,125985,1484,1,"1"
1745.0539345791815,125976,1493,3,"2-1"
1751.1368786008147,125958,1511,1,"1"
1774.6443436227473,125940,1529,1,"1"
1793.9062170893226,125929,1540,1,"1"
1796.7042581230901,125926,1543,1,"1"
1798.696156733924,125908,1561,1,"1"
1799.1060956528761,125890,1579,1,"1"
1799.7585014233705,125883,1586,1,"1"
1813.4257206863197,125865,1604,2,"2"
1817.4916553716032,125847,1622,1,"1"
1824.8332960871878,125829,1640,1,"1"
1830.0426520385777,125811,1658,1,"1"
1836.729674133561,125793,1676,1,"1"
1841.175063417531,125784,1685,3,"3"
1851.8659531780474,125772,1697,1,"1"
1852.8706422383184,125769,1700,1,"1"
1854.331137460872,125764,1705,1,"1"
1862.2944322353867,125755,1714,1,"1"
1869.9759768080116,125737,1732,1,"1"
1871.9982566832355,125721,1748,1,"1"
1872.4266188903296,125711,1758,1,"1"
1889.1375101549154,125680,1789,5,"2-1-1-1"
1900.5014438995981,125662,1807,1,"1"
1915.9990443347376,125644,1825,1,"1"
1918.0162480051597,125532,1937,7,"6-1"
1951.7454698681988,125514,1955,1,"1"
1954.6545743871961,125504,1965,1,"1"
1967.2022594576786,125486,1983,1,"1"
1968.8753734200068,125483,1986,1,"1"
1970.5198923720366,125465,2004,1,"1"
1990.8087178304463,125462,2007,1,"1"
1995.5262670153052,125444,2025,1,"1"
1996.2589039632712,125433,2036,1,"1"
2028.0012888488845,125411,2058,2,"1-1"
2028.3894060396694,125393,2076,1,"1"
2034.5177118945239,125375,2094,1,"1"
2035.8801225208999,125357,2112,1,"1"
2072.4084162960921,125323,2146,3,"2-1"
2074.6905245726889,125318,2151,1,"1"
2088.5850154104151,125315,2154,1,"1"
2095.1510894955622,125301,2168,1,"1"
2108.1740426892006,125283,2186,1,"1"
2108.2897843318883,125265,2204,1,"1"
2111.8820994035932,125255,2214,2,"1-1"
2115.7184800833033,125237,2232,1,"1"
2116.0642420575809,125201,2268,2,"2"
2121.6155831453525,125188,2281,1,"1"
2123.6589289842013,125170,2299,1,"1"
2125.0146507133381,125167,2302,1,"1"
2183.5822396191143,125155,2314,1,"1"
2188.9433691399454,125148,2321,1,"1"
2204.3410877145816,125036,2433,8,"7-1"
2217.5254903540776,125033,2436,1,"1"
2217.9716277210764,125028,2441,1,"1"
2236.1869605016323,124974,2495,14,"3-3-2-2-1-1-1-1"
2254.0985826423325,124956,2513,1,"1"
2259.7998360430511,124942,2527,1,"1"
2273.4430724257463,124928,2541,1,"1"
2281.297721732557,124909,2560,3,"3"
2287.9560383349458,124901,2568,2,"2"
2299.0650791349012,124898,2571,1,"1"
2305.8127734629415,124880,2589,1,"1"
2308.9739908672523,124862,2607,1,"1"
2310.7650080738285,124857,2612,1,"1"
2314.4332375179788,124839,2630,1,"1"
2320.1788240912247,124821,2648,1,"1"
2324.7892583015637,124797,2672,2,"2"
2332.9442444292931,124779,2690,1,"1"
2345.5900160942037,124751,2718,2,"2"
2345.9638207904868,124738,2731,1,"1"
2351.5362284114267,124720,2749,1,"1"
2355.7585535720091,124684,2785,2,"1-1"
2375.5593811667313,124681,2788,1,"1"
2380.2285009078914,124609,2860,5,"5"
2381.6345318270687,124599,2870,2,"1-1"
2382.5977118871097,124581,2888,1,"1"
2405.3701873365026,124569,2900,1,"1"
2410.7440750639485,124551,2918,1,"1"
2411.0100810470258,124533,2936,1,"1"
2441.2236815149754,124524,2945,1,"1"
2444.21255870504,124514,2955,1,"1"
2444.9728830556501,124511,2958,1,"1"
2447.2391025848738,124493,2976,1,"1"
2448.3775711058684,124475,2994,1,"1"
2448.8044263916863,124457,3012,1,"1"
2452.6947243302343,124454,3015,1,"1"
2459.1881595260538,124439,3030,3,"2-1"
2460.4135470389333,124432,3037,1,"1"
2462.7377540195967,124418,3051,1,"1"
2466.4339273211931,124400,3069,1,"1"
2468.0043991485818,124388,3081,2,"1-1"
2481.5279362984556,124370,3099,1,"1"
2492.7991392474255,124351,3118,3,"2-1"
2504.7300309974253,124346,3123,1,"1"
2509.8495167625101,124328,3141,1,"1"
2525.491859568398,124310,3159,1,"1"
2538.2138388741741,124292,3177,1,"1"
2538.9631777928075,124264,3205,2,"1-1"
2539.2477219828165,124246,3223,1,"1"
2546.0133271831883,124223,3246,2,"2"
2546.1379004286691,124218,3251,1,"1"
2558.4919353272708,124204,3265,2,"2"
2570.4609298610121,124186,3283,1,"1"
2573.4169192421,124179,3290,1,"1"
2574.1567343835027,124161,3308,1,"1"
2578.2034182082848,124143,3326,1,"1"
2595.8729869927702,124125,3344,1,"1"
2602.3276488290185,124122,3347,1,"1"
2607.7408344400446,124104,3365,2,"2"
2621.8063864538658,124094,3375,1,"1"
2629.3073136386047,124076,3393,1,"1"
2630.2049358724275,124062,3407,1,"1"
2630.4351390600982,124047,3422,1,"1"
2632.8841624001134,124029,3440,1,"1"
2632.9431899977762,124014,3455,3,"2-1"
2643.1022774700846,123996,3473,1,"1"
2653.8303787793275,123971,3498,5,"3-1-1"
2658.4267530117254,123953,3516,1,"1"
2662.1074020366818,123935,3534,1,"1"
2664.6853560048803,123917,3552,1,"1"
2670.7664754234884,123899,3570,1,"1"
2673.5482332789929,123881,3588,1,"1"
2675.9351279911789,123845,3624,2,"2"
2675.9641744732803,123837,3632,2,"1-1"
2691.190524641444,123819,3650,1,"1"
2726.7236877287983,123814,3655,1,"1"
2726.9028552923505,123796,3673,1,"1"
2742.1626378040405,123771,3698,5,"3-2"
2742.8000725036354,123753,3716,1,"1"
2749.5039900847391,123337,4132,29,"8-5-2-2-2-2-2-2-1-1-1-1"
2749.9993878331875,123323,4146,1,"1"
2750.8229323056212,123258,4211,9,"3-3-2-1"
2761.5586367214928,123240,4229,1,"1"
2774.5077714814265,123228,4241,1,"1"
2779.4720460741742,123210,4259,1,"1"
2779.6881179111115,123205,4264,1,"1"
2812.0307497583799,123187,4282,1,"1"
2817.3444768886011,123133,4336,3,"2-1"
2819.8430911437222,123115,4354,1,"1"
2829.9474333199541,123097,4372,1,"1"
2835.8121814607721,123071,4398,4,"3-1"
2835.8758828146233,123061,4408,1,"1"
2837.2828556576869,123045,4424,2,"1-1"
2837.6433529978826,123033,4436,1,"1"
2838.0751793885347,122853,4616,10,"10"
2846.7384840486461,122835,4634,1,"1"
2847.6761472024032,122709,4760,7,"6-1"
2851.1854293370138,122691,4778,1,"1"
2874.5859783381002,122681,4788,1,"1"
2881.425055033742,122678,4791,1,"1"
2884.1327023648378,122660,4809,1,"1"
2888.8850351139313,122657,4812,1,"1"
2897.462702188951,122553,4916,8,"2-2-2-1-1"
2903.8969387781103,122535,4934,1,"1"
2917.4986517017733,122499,4970,2,"2"
2923.4420684552369,122489,4980,1,"1"
2928.3113881859113,122471,4998,1,"1"
2933.8001546016985,122453,5016,1,"1"
2937.7640125606667,122407,5062,5,"2-2-1"
2938.6198501326312,122389,5080,1,"1"
2940.3772607444921,122386,5083,1,"1"
2946.5283333673442,122350,5119,2,"2"
2946.9101935689619,122322,5147,2,"2"
2955.4189596110327,122308,5161,1,"1"
2957.563311830952,122290,5179,1,"1"
2958.2222399339526,122272,5197,1,"1"
2962.4353874036906,122239,5230,2,"2"
2962.6432985073093,122203,5266,2,"1-1"
2964.0932778544529,122175,5294,2,"1-1"
2972.2071309153907,122097,5372,5,"2-1-1-1"
2983.6665856794511,122087,5382,2,"1-1"
2990.1882621180748,122069,5400,1,"1"
2991.8267407531034,122030,5439,5,"2-1-1-1"
2995.1104534162373,122003,5466,3,"1-1-1"
2996.1882827768068,121979,5490,2,"2"
3002.5280481632635,121961,5508,1,"1"
3009.2807874855694,121557,5912,25,"13-3-1-1-1-1-1-1-1-1-1"
3018.5627106338779,121521,5948,2,"1-1"
3018.9060983575719,121503,5966,1,"1"
3023.6146066460574,121491,5978,2,"1-1"
3033.0933005197298,121473,5996,1,"1"
3036.3582812131749,121466,6003,1,"1"
3036.4141765732925,121461,6008,1,"1"
3046.7771530502046,121443,6026,1,"1"
3047.6180099048897,121425,6044,1,"1"
3048.5244778831543,121407,6062,1,"1"
3055.1352866225734,121361,6108,4,"3-1"
3055.2874534835378,121343,6126,1,"1"
3067.6543523543673,121334,6135,1,"1"
3068.0403261817687,121316,6153,1,"1"
3074.4686640311716,121280,6189,2,"1-1"
3079.6912775800915,120822,6647,31,"9-3-2-2-2-2-1-1-1-1-1-1-1-1-1-1-1"
3084.6468396786254,120813,6656,1,"1"
3087.0507753345755,120808,6661,1,"1"
3089.6096186473915,120604,6865,14,"3-3-2-2-2-1-1"
3098.1369838170831,120558,6911,5,"4-1"
3101.6683739943492,120540,6929,1,"1"
3107.2080821533154,120522,6947,1,"1"
3108.480356951748,120512,6957,2,"1-1"
3111.0356300532917,120494,6975,1,"1"
3112.7284322783576,120476,6993,1,"1"
3116.1343850551698,120424,7045,3,"3"
3126.5421672276921,120406,7063,1,"1"
3139.14087996854,120364,7105,3,"2-1"
3141.0210979277799,120346,7123,1,"1"
3141.552637953645,120340,7129,2,"2"
3146.7615736184757,120322,7147,1,"1"
3164.6148489133848,120286,7183,2,"2"
3165.0433969083729,120274,7195,2,"1-1"
3178.3242122002998,120256,7213,1,"1"
3189.7262051947228,120238,7231,1,"1"
3198.293329877989,120231,7238,1,"1"
3201.9080014827646,120215,7254,2,"1-1"
3206.5287270364979,0,127469,6819,"6819"
----------------------------------------------4
0,127469,0,0,"0"
114.45173736607157,127457,12,1,"1"
144.96804164647321,127445,24,1,"1"
177.94834723735198,127427,42,1,"1"
181.81163882294163,127409,60,1,"1"
197.84930927428672,127408,61,1,"1"
271.10376148107287,127390,79,1,"1"
304.694159895155,127378,91,1,"1"
320.14154885914485,127377,92,1,"1"
331.4407926138183,127376,93,1,"1"
337.84428872485211,127369,100,1,"1"
338.37328228557283,127368,101,1,"1"
349.30919738173156,127367,102,1,"1"
352.04717441267383,127349,120,1,"1"
396.17981850094657,127348,121,1,"1"
400.85136996907261,127336,133,1,"1"
415.009060064501,127335,134,1,"1"
428.77046995167854,127334,135,1,"1"
466.91175657073239,127333,136,1,"1"
483.04363011620131,127297,172,2,"2"
484.61422882141943,127296,173,1,"1"
486.69300448076785,127287,182,1,"1"
514.26365258676435,127284,185,1,"1"
534.22147774129792,127283,186,1,"1"
553.67069648223105,127281,188,2,"1-1"
562.9572574543065,127280,189,1,"1"
564.08917778128773,127279,190,1,"1"
567.44471760127817,127261,208,1,"1"
582.64033522781745,127258,211,1,"1"
599.92071655248856,127257,212,1,"1"
647.9182058906415,127249,220,4,"4"
654.99391272094704,127239,230,1,"1"
663.65143867127529,127238,231,1,"1"
674.93868111779079,127220,249,1,"1"
679.29345574614922,127218,251,2,"2"
692.50387267292581,127215,254,1,"1"
708.02289755116988,127212,257,1,"1"
708.98789277855917,127210,259,2,"2"
714.27861542629114,127192,277,1,"1"
721.38548795547638,127190,279,2,"1-1"
728.84609921418917,127189,280,1,"1"
736.62311258615216,127171,298,1,"1"
748.9741378695403,127170,299,1,"1"
755.46160569699248,127169,300,1,"1"
763.10470516026828,127161,308,2,"2"
771.546914502714,127160,309,1,"1"
773.85879950757476,127156,313,2,"1-1"
777.40645094264983,127138,331,1,"1"
783.90780430845814,127126,343,1,"1"
785.56855210425704,127108,361,1,"1"
790.11906139473456,127107,362,1,"1"
804.94162608331237,127106,363,1,"1"
807.77525859452521,127101,368,1,"1"
812.59057588023416,127098,371,1,"1"
818.33042056146394,127080,389,1,"1"
841.14143305098287,127077,392,1,"1"
875.50662877277148,127066,403,1,"1"
893.91591461251232,127056,413,2,"2"
907.64831392216604,127053,416,1,"1"
909.1933391339976,127035,434,4,"2-1-1"
909.61370780830225,127028,441,1,"1"
929.03927736987703,127010,459,1,"1"
930.92475323913834,127009,460,1,"1"
931.4053920853022,127005,464,2,"1-1"
947.37185249430081,127004,465,1,"1"
952.02940814251144,127003,466,1,"1"
975.41266366932746,126985,484,1,"1"
988.82707331870483,126980,489,1,"1"
995.77140664462161,126977,492,1,"1"
1021.94053094295,126976,493,1,"1"
1031.2453674266221,126975,494,1,"1"
1040.5592014594024,126957,512,1,"1"
1043.6233905127335,126939,530,1,"1"
1052.6307275339786,126938,531,1,"1"
1058.6266385107472,126935,534,1,"1"
1064.4457478477209,126930,539,1,"1"
1069.7901227337202,126913,556,1,"1"
1070.781641503002,126912,557,1,"1"
1071.6752790087478,126894,575,1,"1"
1074.9754172412238,126887,582,1,"1"
1081.2647362881694,126853,616,2,"1-1"
1086.8309313393434,126835,634,1,"1"
1088.4595614462082,126834,635,1,"1"
1092.0341045028138,126824,645,1,"1"
1096.6414022094777,126823,646,1,"1"
1100.7833586266554,126822,647,1,"1"
1111.1162234518724,126819,650,1,"1"
1115.0553470168225,126816,653,1,"1"
1125.0448591098909,126798,671,1,"1"
1152.5284218672778,126785,684,3,"3"
1163.938289537841,126784,685,1,"1"
1173.8245510599463,126783,686,1,"1"
1176.9494667774827,126778,691,1,"1"
1181.6176710826244,126775,694,1,"1"
1184.5977853134416,126759,710,1,"1"
1206.4863243031521,126756,713,1,"1"
1211.5876949908172,126742,727,1,"1"
1213.9361076014795,126733,736,1,"1"
1225.46328946518,126728,741,1,"1"
1227.5345747035415,126727,742,1,"1"
1233.5487084592237,126713,756,1,"1"
1242.8424542152334,126699,770,1,"1"
1257.8751081301602,126681,788,1,"1"
1274.4533981504644,126663,806,1,"1"
1287.1834858923901,126645,824,1,"1"
1296.8590026829413,126644,825,1,"1"
1316.7538632707649,126626,843,1,"1"
1334.1205373514545,126614,855,1,"1"
1357.2071537911834,126600,869,1,"1"
1373.4733161930717,126564,905,2,"1-1"
1388.7480928848352,126551,918,1,"1"
1390.5125868182372,126548,921,1,"1"
1397.3764948711766,126530,939,1,"1"
1397.9327042003108,126512,957,1,"1"
1422.3650670464892,126502,967,2,"2"
1425.4707977080252,126484,985,1,"1"
1437.0552642050745,126428,1041,4,"2-2"
1443.3067183272124,126425,1044,1,"1"
1445.1189704009398,126421,1048,2,"1-1"
1450.6766901156911,126418,1051,1,"1"
1482.7435063650171,126411,1058,1,"1"
1503.1942505812772,126402,1067,1,"1"
1514.5576687622086,126384,1085,1,"1"
1518.0904047883612,126366,1103,1,"1"
1519.9701043199304,126348,1121,1,"1"
1538.5795145895247,126330,1139,1,"1"
1549.1405939177987,126324,1145,2,"2"
1550.7807295965922,126306,1163,1,"1"
1560.4082759106618,126288,1181,1,"1"
1580.3632504782088,126263,1206,5,"3-1-1"
1589.4967758541086,126227,1242,2,"2"
1589.8824337185458,126222,1247,1,"1"
1595.634283653136,126219,1250,1,"1"
1596.5461418568555,126216,1253,1,"1"
1600.4351381115594,126213,1256,1,"1"
1620.6453201897639,126210,1259,1,"1"
1622.072117842059,126192,1277,1,"1"
1628.3935593916383,126174,1295,1,"1"
1641.6280517604894,126156,1313,1,"1"
1649.3212885426055,126144,1325,1,"1"
1662.7359196545294,126139,1330,1,"1"
1671.3258394904226,126136,1333,1,"1"
1692.3754986170893,126133,1336,1,"1"
1697.8136913498827,126115,1354,1,"1"
1707.2945541018094,126107,1362,2,"1-1"
1731.2701920608249,126089,1380,1,"1"
1738.3905522729367,126071,1398,1,"1"
1741.1497882945898,126053,1416,1,"1"
1760.2430988651183,126039,1430,1,"1"
1763.9530789583084,126021,1448,1,"1"
1768.5700786935697,125981,1488,3,"2-1"
1772.2162842755058,125963,1506,1,"1"
1778.5332898802767,125960,1509,1,"1"
1787.5970771348045,125942,1527,1,"1"
1789.5542607881303,125935,1534,1,"1"
1812.6210479158322,125932,1537,1,"1"
1816.3592262519519,125915,1554,1,"1"
1817.4784544832794,125897,1572,1,"1"
1817.9747607398658,125879,1590,1,"1"
1822.2986478029729,125864,1605,1,"1"
1825.9407163688661,125859,1610,1,"1"
1828.2112706511459,125845,1624,1,"1"
1838.1281428895641,125791,1678,3,"2-1"
1838.698848590745,125779,1690,4,"2-1-1"
1853.8325688914601,125761,1708,1,"1"
1858.2788358713462,125743,1726,1,"1"
1866.4621534330429,125725,1744,1,"1"
1876.9970182815507,125707,1762,1,"1"
1885.51338394188,125687,1782,2,"2"
1902.5627224972122,125684,1785,1,"1"
1903.7163836851189,125666,1803,1,"1"
1909.0819485875063,125630,1839,2,"2"
1918.6314509499848,125614,1855,1,"1"
1924.3601302625789,125596,1873,1,"1"
1927.4573414008119,125591,1878,1,"1"
1936.5413284080278,125571,1898,2,"1-1"
1946.5476827375849,125553,1916,1,"1"
1953.9460362602954,125550,1919,1,"1"
1975.6063562042061,125532,1937,1,"1"
1983.2574593738289,125527,1942,1,"1"
1997.3461072167222,125524,1945,1,"1"
2002.4028270764768,125506,1963,1,"1"
2004.5003285974435,125488,1981,1,"1"
2019.0773926571799,125485,1984,1,"1"
2033.4558026695804,125482,1987,1,"1"
2055.5096513101075,125477,1992,1,"1"
2066.7154080079963,125470,1999,1,"1"
2076.6033059553588,125452,2017,1,"1"
2095.9954388859355,125440,2029,1,"1"
2101.6646891267342,125422,2047,1,"1"
2116.7558842650792,125404,2065,1,"1"
2145.1364512024084,125386,2083,1,"1"
2155.1162058928335,125362,2107,2,"2"
2162.4062842521444,125340,2129,2,"1-1"
2163.1729018874048,125333,2136,1,"1"
2181.8833914545107,125315,2154,1,"1"
2205.3229957208828,125299,2170,1,"1"
2207.7849845048268,125290,2179,3,"3"
2213.0487649792785,125282,2187,2,"1-1"
2235.2385173349135,125264,2205,1,"1"
2236.4893362759608,125246,2223,1,"1"
2236.5571052347036,125228,2241,1,"1"
2247.6952657930942,125211,2258,3,"2-1"
2266.0966039744631,125197,2272,1,"1"
2276.1950450836162,125194,2275,1,"1"
2282.3084550015615,125180,2289,2,"2"
2286.561872317483,125166,2303,1,"1"
2288.8370248895735,125112,2357,3,"3"
2290.2523113326961,125094,2375,1,"1"
2296.9355498695736,125079,2390,1,"1"
2297.0725613616064,125061,2408,1,"1"
2313.4990814307253,125043,2426,2,"2"
2336.2600023774116,125031,2438,1,"1"
2337.0540097269136,125025,2444,2,"1-1"
2346.9225964990897,125008,2461,3,"2-1"
2357.4363261481135,125005,2464,1,"1"
2359.1051984961478,124995,2474,2,"2"
2363.6777675703738,124990,2479,1,"1"
2371.2410447976545,124972,2497,1,"1"
2383.7220294666827,124954,2515,1,"1"
2399.3309815906441,124940,2529,2,"1-1"
2400.4439390442808,124937,2532,1,"1"
2405.9357771799323,124875,2594,5,"3-1-1"
2426.9553470053679,124857,2612,1,"1"
2440.8024068817917,124839,2630,1,"1"
2446.0881667612862,124829,2640,1,"1"
2450.010867516201,124811,2658,1,"1"
2468.2680086890732,124793,2676,1,"1"
2468.5543474858691,124775,2694,1,"1"
2469.0352373209689,124764,2705,3,"2-1"
2473.6787300486499,124757,2712,1,"1"
2484.1723406937208,124752,2717,1,"1"
2490.63623896537,124739,2730,1,"1"
2496.5480237704128,124723,2746,1,"1"
2497.8562626405483,124705,2764,1,"1"
2501.8400938452946,124695,2774,1,"1"
2510.4367586319963,124674,2795,2,"2"
2523.8332615741906,124643,2826,2,"1-1"
2532.06771311088,124625,2844,1,"1"
2535.004616373546,124615,2854,2,"2"
2558.4222160186387,124605,2864,1,"1"
2561.1266087833656,124389,3080,12,"10-1-1"
2561.8888341491956,124371,3098,1,"1"
2563.1853619022913,124357,3112,1,"1"
2563.3299451924822,124339,3130,1,"1"
2566.518495628688,124321,3148,1,"1"
2569.9865399026412,124303,3166,1,"1"
2574.8650150307421,124285,3184,1,"1"
2576.628822458953,124267,3202,1,"1"
2581.3109977676604,124257,3212,2,"1-1"
2585.1201462007502,124251,3218,2,"1-1"
2587.584008691726,124223,3246,2,"2"
2591.2305097265385,124205,3264,1,"1"
2592.0979789480029,124187,3282,1,"1"
2592.9034738549276,124182,3287,1,"1"
2593.0267363021062,124170,3299,1,"1"
2597.3629297066682,124147,3322,5,"3-1-1"
2603.3374388257889,124129,3340,1,"1"
2603.8839795915314,124101,3368,2,"2"
2606.771724704106,124090,3379,1,"1"
2613.7161886486174,124072,3397,1,"1"
2626.5628907705136,124054,3415,2,"2"
2647.8066028381481,124047,3422,1,"1"
2649.4832997704502,124037,3432,1,"1"
2673.4865554707758,124002,3467,5,"2-1-1-1"
2681.9287015661439,123952,3517,4,"2-1-1"
2689.6714819040094,123934,3535,1,"1"
2693.11059621716,123916,3553,1,"1"
2700.9867113070982,123906,3563,1,"1"
2714.080607333,123788,3681,8,"6-1-1"
2716.8875922901516,123776,3693,2,"1-1"
2723.0302596215702,123758,3711,1,"1"
2725.9473298634566,123740,3729,1,"1"
2728.8502654040285,123720,3749,2,"2"
2730.6260625647319,123684,3785,2,"2"
2738.5299998425085,123681,3788,1,"1"
2745.4124730516019,123663,3806,1,"1"
2747.069481636805,123645,3824,1,"1"
2753.9941189702231,123627,3842,1,"1"
2756.644544382104,123614,3855,3,"3"
2766.3101155780437,123596,3873,1,"1"
2766.6530817575008,123578,3891,1,"1"
2767.0124830972413,123561,3908,3,"2-1"
2774.2293297980086,123525,3944,2,"2"
2775.643738724727,123507,3962,1,"1"
2778.3264489411417,123489,3980,1,"1"
2798.6204347595303,123443,4026,4,"3-1"
2799.1248762709511,123387,4082,4,"3-1"
2803.1563257036428,123369,4100,1,"1"
2811.587686163567,123351,4118,1,"1"
2816.8371694709272,123342,4127,1,"1"
2835.3287059828554,123333,4136,3,"2-1"
2845.7774601784658,123315,4154,1,"1"
2880.9794746485227,123297,4172,1,"1"
2888.8786104934225,123261,4208,2,"2"
2893.8885881032179,123251,4218,2,"2"
2894.6968503416697,123233,4236,1,"1"
2897.6162726773591,123223,4246,1,"1"
2898.7781484682796,123181,4288,3,"2-1"
2908.423110437458,123172,4297,1,"1"
2911.0660886802539,123154,4315,1,"1"
2934.5345140424461,123136,4333,1,"1"
2934.6934492068294,122994,4475,11,"5-3-1-1-1"
2935.430453560813,122981,4488,1,"1"
2957.030843857201,122950,4519,5,"3-1-1"
2961.2321421922134,122943,4526,1,"1"
2963.2422955613306,122925,4544,1,"1"
2970.4825510193773,122909,4560,1,"1"
2973.57429416387,122891,4578,1,"1"
2978.373554618257,122827,4642,5,"2-1-1-1"
2990.3879119058211,122817,4652,1,"1"
2990.687585305111,122799,4670,1,"1"
2993.7527687183538,122789,4680,1,"1"
3019.7646743234486,122771,4698,1,"1"
3035.3454130946388,122760,4709,1,"1"
3039.0297743909291,122742,4727,1,"1"
3061.9503081427438,122707,4762,2,"2"
3062.6898024516013,122671,4798,2,"2"
3069.8102640394723,122628,4841,9,"3-2-1-1-1-1"
3071.2929226347146,122616,4853,1,"1"
3074.1546676355279,122598,4871,1,"1"
3075.3043766005444,122593,4876,1,"1"
3084.3714893879242,122575,4894,1,"1"
3089.4624578168814,122557,4912,1,"1"
3111.100316665415,122539,4930,1,"1"
3114.4128559772498,122471,4998,5,"4-1"
3115.9041729402034,122453,5016,1,"1"
3117.6268314928702,122435,5034,1,"1"
3120.4984465602793,122425,5044,2,"1-1"
3131.0884771989431,122411,5058,1,"1"
3138.0181754734144,122401,5068,1,"1"
3142.44447514901,122391,5078,1,"1"
3142.6168805181196,122377,5092,1,"1"
3158.4086727732233,122359,5110,1,"1"
3158.503039293967,122265,5204,6,"2-1-1-1-1"
3159.130154768116,122247,5222,1,"1"
3159.5175334962037,122229,5240,1,"1"
3167.6885761047333,122211,5258,1,"1"
3170.1620863330982,122208,5261,1,"1"
3173.2865805214283,122154,5315,3,"2-1"
3176.6861537965046,122082,5387,5,"3-2"
3185.0108358698485,122064,5405,1,"1"
3186.2019245793499,122046,5423,1,"1"
3192.5172165471399,122028,5441,1,"1"
3209.3604796400314,122010,5459,1,"1"
3216.48585628515,121992,5477,1,"1"
3233.637153915387,121976,5493,1,"1"
3240.7900010572084,121958,5511,1,"1"
3242.9010784966395,121951,5518,1,"1"
3244.5095489188116,121942,5527,1,"1"
3259.9552697971362,121935,5534,1,"1"
3262.7112044349528,121907,5562,4,"2-1-1"
3263.7533444199157,121889,5580,1,"1"
3266.9440421962818,121857,5612,3,"2-1"
3270.1988107122093,121841,5628,1,"1"
3271.4353710576042,121285,6184,32,"20-4-2-2-1-1-1-1"
3276.9001817066655,121267,6202,1,"1"
3278.1619746837491,121231,6238,2,"2"
3286.0219177595304,121175,6294,4,"3-1"
3288.4719734678742,121157,6312,1,"1"
3290.1164829123327,120981,6488,11,"5-3-2-1"
3303.2375985663748,120963,6506,1,"1"
3305.1931211297133,120956,6513,1,"1"
3307.9760846823315,120932,6537,2,"2"
3311.9390056675961,120896,6573,2,"2"
3314.3703146272092,120889,6580,1,"1"
3316.9627098423202,120645,6824,16,"5-2-2-2-2-1-1-1"
3320.6478628400132,120635,6834,2,"2"
3326.7614372844387,120607,6862,2,"1-1"
3331.156272961171,120373,7096,16,"4-3-2-2-2-1-1-1"
3336.1391780691843,120355,7114,1,"1"
3339.2565923282109,120321,7148,2,"1-1"
3342.5905182645215,120304,7165,3,"2-1"
3346.2162018326303,120286,7183,1,"1"
3346.9356416822588,120268,7201,1,"1"
3352.1727560184177,120251,7218,3,"2-1"
3356.070681708652,120237,7232,1,"1"
3360.3041413617311,0,127469,6834,"6834"
----------------------------------------------5
0,127469,0,0,"0"
38.260760092861297,127437,32,2,"2"
63.564990585635933,127436,33,1,"1"
128.04335033319924,127435,34,1,"1"
184.04450053022759,127421,48,1,"1"
186.73032897314459,127403,66,1,"1"
206.17221383710526,127402,67,1,"1"
219.08968919854343,127384,85,1,"1"
228.74798847861612,127372,97,1,"1"
296.36146845179724,127371,98,1,"1"
302.63123274690082,127370,99,1,"1"
306.93455371423477,127352,117,1,"1"
347.93783661234727,127351,118,1,"1"
371.45379590923744,127350,119,1,"1"
444.57292481550741,127332,137,1,"1"
466.61584269026918,127331,138,1,"1"
482.71370025833482,127330,139,1,"1"
509.85703807205306,127329,140,1,"1"
519.34058435669965,127311,158,1,"1"
523.42306464011494,127293,176,1,"1"
530.50902063117292,127292,177,1,"1"
553.92717715799836,127290,179,2,"2"
559.59972455566901,127278,191,1,"1"
569.16538266406485,127275,194,1,"1"
573.07652116426311,127263,206,1,"1"
589.54123859309232,127262,207,1,"1"
595.30925378585198,127261,208,1,"1"
607.01896138106054,127260,209,1,"1"
616.44049341541609,127259,210,1,"1"
621.74324042475996,127256,213,1,"1"
630.65499524419874,127253,216,3,"2-1"
640.28325463710212,127241,228,1,"1"
644.80425612031183,127223,246,1,"1"
673.26132778400745,127205,264,1,"1"
674.0594953856139,127187,282,1,"1"
695.45754362525804,127169,300,1,"1"
697.04156704255558,127157,312,1,"1"
717.00372547111908,127154,315,1,"1"
730.28849973478873,127142,327,1,"1"
731.74586673411898,127141,328,1,"1"
745.37651548976908,127123,346,1,"1"
746.61930029885434,127113,356,2,"2"
747.45728815011648,127095,374,1,"1"
776.13372162271571,127092,377,1,"1"
778.2913635889912,127074,395,1,"1"
781.95903380638367,127063,406,1,"1"
782.03784611596166,127045,424,1,"1"
787.40936311673727,127027,442,1,"1"
790.09782591275746,127024,445,1,"1"
793.84516669924187,127006,463,1,"1"
798.70260486690245,127005,464,1,"1"
803.19471948628836,126987,482,1,"1"
811.91664460274114,126969,500,1,"1"
819.7699173129505,126957,512,1,"1"
847.64824356331781,126939,530,1,"1"
864.33828489331358,126936,533,1,"1"
886.45726306384984,126935,534,1,"1"
901.17681160490281,126932,537,1,"1"
909.90206863039077,126931,538,1,"1"
911.81905201852055,126930,539,1,"1"
913.97871923639559,126912,557,1,"1"
940.61473926868007,126894,575,1,"1"
958.94935912940628,126887,582,3,"3"
969.39244642081803,126869,600,1,"1"
979.99775178805862,126851,618,1,"1"
980.43934530814886,126850,619,1,"1"
985.5100940101828,126847,622,1,"1"
1007.0390443772212,126829,640,1,"1"
1019.3378558230346,126826,643,1,"1"
1022.3441989254241,126825,644,1,"1"
1023.8301720252028,126822,647,1,"1"
1026.4185185337521,126808,661,1,"1"
1033.3365321440599,126803,666,1,"1"
1033.5893126323133,126785,684,1,"1"
1037.0125905609013,126782,687,1,"1"
1049.7764632240894,126780,689,2,"1-1"
1059.8646780362074,126762,707,1,"1"
1080.3276811976332,126744,725,1,"1"
1091.0473122648209,126743,726,1,"1"
1098.5481971636998,126736,733,1,"1"
1101.1724076657142,126718,751,1,"1"
1116.1310537277723,126715,754,1,"1"
1135.4667772334428,126714,755,1,"1"
1139.2757190099326,126696,773,1,"1"
1140.4822517227781,126678,791,1,"1"
1157.8146035447435,126677,792,1,"1"
1161.770568693837,126675,794,2,"2"
1162.0637128854205,126659,810,1,"1"
1166.3502329631913,126653,816,2,"2"
1167.2878860425919,126642,827,3,"3"
1168.0919152319279,126624,845,1,"1"
1171.3193474683655,126623,846,1,"1"
1188.3569794446396,126611,858,1,"1"
1193.9423055218629,126593,876,1,"1"
1205.9313149561131,126590,879,1,"1"
1217.7476995403595,126572,897,1,"1"
1219.930633243828,126543,926,3,"1-1-1"
1227.7147796407821,126525,944,1,"1"
1238.4254882351729,126513,956,1,"1"
1255.1495751503676,126495,974,1,"1"
1265.8984665673845,126488,981,1,"1"
1283.4057980203131,126486,983,2,"2"
1283.7497034424462,126468,1001,1,"1"
1294.8582663751397,126450,1019,1,"1"
1299.5490809425135,126440,1029,1,"1"
1304.4802881405581,126422,1047,1,"1"
1306.1576910136555,126407,1062,1,"1"
1306.4208572500934,126389,1080,1,"1"
1313.1392499258841,126386,1083,1,"1"
1327.9881163867062,126296,1173,5,"5"
1340.9551712307361,126278,1191,1,"1"
1361.2707696035047,126275,1194,1,"1"
1361.7536840916136,126257,1212,1,"1"
1366.2296891248686,126239,1230,1,"1"
1366.2642020572196,126231,1238,2,"1-1"
1392.9449853683468,126229,1240,2,"2"
1394.8887502896316,126224,1245,1,"1"
1397.0578950914155,126213,1256,3,"2-1"
1399.5359290842177,126212,1257,1,"1"
1407.0619694692366,126194,1275,1,"1"
1413.5323366294572,126191,1278,1,"1"
1414.501035126656,126182,1287,3,"3"
1446.2677518368969,126181,1288,1,"1"
1471.8839638478839,126165,1304,1,"1"
1485.838131851471,126164,1305,1,"1"
1495.5077090153793,126146,1323,1,"1"
1504.7823366361188,126133,1336,1,"1"
1508.9526379626029,126126,1343,1,"1"
1513.3825901624275,126108,1361,1,"1"
1515.3636127818456,126107,1362,1,"1"
1528.2022485961804,126104,1365,1,"1"
1529.1864241569854,126094,1375,1,"1"
1532.910764670369,126000,1469,6,"6"
1535.8635991641295,125997,1472,1,"1"
1537.2153756579739,125994,1475,1,"1"
1542.2895820521899,125986,1483,4,"2-1-1"
1548.29641565369,125968,1501,1,"1"
1549.9493987222372,125950,1519,1,"1"
1565.3642436144371,125878,1591,4,"4"
1569.9326774244089,125877,1592,1,"1"
1574.6973155256044,125876,1593,1,"1"
1581.9376993998219,125873,1596,1,"1"
1608.40661396519,125851,1618,2,"1-1"
1610.125250403436,125845,1624,2,"1-1"
1611.2712826789855,125838,1631,1,"1"
1623.6233475826143,125818,1651,2,"2"
1630.3988004673045,125800,1669,4,"2-1-1"
1631.6085282134129,125644,1825,11,"9-2"
1652.7437625791661,125632,1837,1,"1"
1666.2673265953404,125629,1840,1,"1"
1674.1886785548033,125611,1858,1,"1"
1676.4278052995999,125608,1861,1,"1"
1682.5673145173275,125590,1879,1,"1"
1685.3979487149793,125570,1899,4,"1-1-1-1"
1688.5395589032389,125564,1905,2,"2"
1697.4364401567743,125546,1923,1,"1"
1699.9394210906416,125536,1933,1,"1"
1713.319461644892,125533,1936,1,"1"
1722.8653620805915,125515,1954,1,"1"
1733.9457617751148,125497,1972,1,"1"
1755.9680717854026,125494,1975,1,"1"
1762.1722710980666,125485,1984,1,"1"
1769.0003422210054,125482,1987,1,"1"
1787.9948418380266,125479,1990,1,"1"
1792.4118914943563,125469,2000,2,"1-1"
1801.2535349860805,125466,2003,1,"1"
1807.1744168620144,125456,2013,2,"2"
1810.762117890532,125444,2025,1,"1"
1819.149153221716,125420,2049,2,"2"
1828.3283768892632,125402,2067,1,"1"
1833.1900685864628,125387,2082,3,"2-1"
1849.2355738657811,125373,2096,2,"2"
1856.8350532204461,125370,2099,1,"1"
1879.1617062834921,125358,2111,1,"1"
1888.101445555325,125340,2129,1,"1"
1910.699695731206,125333,2136,1,"1"
1938.157142343837,125323,2146,1,"1"
1939.3655722582403,125309,2160,2,"2"
1940.2500190638705,125306,2163,1,"1"
1958.2933831565781,125303,2166,1,"1"
1965.3234959762597,125285,2184,1,"1"
1973.6320686741062,125267,2202,1,"1"
1979.6587541186905,125249,2220,1,"1"
1981.0380614319422,125246,2223,1,"1"
1990.7811555712058,125239,2230,1,"1"
2000.5027739362529,125221,2248,1,"1"
2004.0200318054854,125203,2266,1,"1"
2017.3815166519839,125185,2284,1,"1"
2036.6135902740591,125167,2302,1,"1"
2042.0812177073321,125149,2320,1,"1"
2061.5142715758111,125135,2334,1,"1"
2064.6869127103214,125130,2339,1,"1"
2070.8491479783174,125112,2357,1,"1"
2071.1396211706792,125094,2375,1,"1"
2075.0707866384691,125076,2393,1,"1"
2079.2242044157551,125073,2396,1,"1"
2089.3134261524769,125055,2414,1,"1"
2100.400425738223,125037,2432,1,"1"
2130.0791106510287,125025,2444,1,"1"
2133.3568278456632,125007,2462,1,"1"
2141.24448822364,125002,2467,1,"1"
2151.0325119893114,124984,2485,1,"1"
2161.4986531271898,124966,2503,1,"1"
2162.9101302933959,124948,2521,1,"1"
2164.8404224121737,124935,2534,1,"1"
2169.0015472317173,124917,2552,1,"1"
2183.285679667732,124899,2570,1,"1"
2194.7309012265173,124853,2616,3,"2-1"
2195.7538479206301,124835,2634,1,"1"
2205.0035661524184,124829,2640,2,"2"
2213.7639455215376,124811,2658,1,"1"
2224.0832186943462,124806,2663,1,"1"
2227.0157841912824,124795,2674,1,"1"
2227.8705953789163,124768,2701,5,"3-1-1"
2227.9233046508771,124763,2706,1,"1"
2247.7207543069521,124745,2724,1,"1"
2265.3820072069993,124727,2742,1,"1"
2273.8150357586842,124709,2760,1,"1"
2287.1664061952974,124699,2770,2,"2"
2309.6229270863782,124681,2788,1,"1"
2310.3513896491881,124663,2806,1,"1"
2319.6196502880125,124645,2824,1,"1"
2330.3546832501961,124609,2860,2,"1-1"
2339.9453948424912,124591,2878,1,"1"
2340.0314523874349,124573,2896,1,"1"
2343.6980791526626,124570,2899,1,"1"
2348.3759840047542,124560,2909,2,"2"
2351.1543622685672,124542,2927,1,"1"
2354.3534461294716,124528,2941,1,"1"
2356.9804569342482,124521,2948,1,"1"
2361.577511762714,124503,2966,1,"1"
2363.9073631711099,124485,2984,1,"1"
2375.68994657246,124425,3044,6,"5-1"
2378.1783185086169,124418,3051,1,"1"
2380.3441116623753,124400,3069,1,"1"
2389.7336098421579,124382,3087,1,"1"
2390.8407723605796,124377,3092,1,"1"
2427.9492409124978,124359,3110,1,"1"
2432.1467501269908,124277,3192,5,"2-2-1"
2443.11782076385,124264,3205,3,"2-1"
2443.7823919769735,124243,3226,2,"2"
2447.6509499285776,124221,3248,2,"1-1"
2448.3918128244341,124203,3266,1,"1"
2451.7918820119321,124179,3290,2,"1-1"
2457.1030581770337,124161,3308,1,"1"
2462.0995831260216,124158,3311,1,"1"
2479.1497657760119,124127,3342,2,"1-1"
2490.096486816617,124124,3345,1,"1"
2490.4226948917781,124106,3363,1,"1"
2507.1337649282609,124103,3366,1,"1"
2520.3943551444422,124089,3380,1,"1"
2523.0789715247347,124071,3398,1,"1"
2528.0511557668442,124053,3416,1,"1"
2528.5608878478429,124035,3434,1,"1"
2530.5658988024911,124017,3452,1,"1"
2534.6414273146333,123999,3470,1,"1"
2547.9937790544659,123979,3490,2,"2"
2563.7951619135242,123961,3508,1,"1"
2565.3906367194672,123952,3517,1,"1"
2568.8072148148917,123934,3535,1,"1"
2583.8648525288349,123916,3553,2,"2"
2594.2703659659214,123892,3577,2,"2"
2596.3131709097829,123874,3595,1,"1"
2597.9880310683852,123866,3603,2,"1-1"
2598.219067773206,123853,3616,1,"1"
2605.4528384050027,123835,3634,1,"1"
2612.2224327338904,123830,3639,1,"1"
2612.8182770466778,123812,3657,1,"1"
2629.0926349077336,123794,3675,1,"1"
2633.5390480524275,123777,3692,1,"1"
2639.8538860266458,123759,3710,1,"1"
2640.0154850363774,123741,3728,1,"1"
2644.6571786592808,123723,3746,1,"1"
2647.4947180256531,123699,3770,2,"2"
2649.0321888829631,123679,3790,2,"1-1"
2654.8240352821404,123665,3804,2,"2"
2668.9331953132628,123657,3812,2,"1-1"
2674.5980868658548,123639,3830,1,"1"
2682.307922318802,123625,3844,2,"1-1"
2682.8207899055119,123622,3847,1,"1"
2699.6670502874031,123612,3857,1,"1"
2715.6913107687546,123567,3902,5,"2-2-1"
2718.6445651760414,123553,3916,1,"1"
2727.1116855622854,123535,3934,1,"1"
2730.7088147415948,123517,3952,1,"1"
2738.7901845012766,123499,3970,1,"1"
2751.3204792018023,123492,3977,1,"1"
2755.3662682735053,123474,3995,1,"1"
2765.3105485958567,123467,4002,1,"1"
2766.6393668553851,123449,4020,1,"1"
2770.6251944779424,123431,4038,1,"1"
2779.3446946291742,123413,4056,1,"1"
2802.071612647349,123403,4066,1,"1"
2814.6538828179982,123385,4084,1,"1"
2815.8728941876188,123375,4094,2,"2"
2817.7954674739917,123358,4111,3,"3"
2820.8945526112316,123350,4119,2,"1-1"
2822.3431603751928,123345,4124,1,"1"
2829.0227192670454,123342,4127,1,"1"
2831.077469467893,123324,4145,1,"1"
2837.5891756876258,123315,4154,1,"1"
2841.6038051204896,123301,4168,1,"1"
2850.7267611146485,123283,4186,1,"1"
2853.2176192750944,123251,4218,2,"1-1"
2853.5043388152544,123233,4236,1,"1"
2860.3532293919543,123197,4272,2,"1-1"
2862.0857500145389,123161,4308,2,"1-1"
2863.0910714152737,123143,4326,1,"1"
2871.7086988795277,123133,4336,1,"1"
2876.3038144088296,123115,4354,1,"1"
2876.519694250449,123097,4372,1,"1"
2877.708041094118,123079,4390,1,"1"
2878.2216097059054,123061,4408,2,"1-1"
2880.9985562323145,123045,4424,1,"1"
2888.3348425517202,123029,4440,1,"1"
2898.658720582725,123011,4458,1,"1"
2900.5242087811507,123004,4465,1,"1"
2906.8490729514951,122110,5359,65,"5-3-3-3-3-3-3-3-3-2-2-2-2-2-2-1-1-1-1-1-1-1-1-1-1-1-1-1-1-1-1-1-1-1-1-1-1-1-1"
2943.4573675664756,122100,5369,1,"1"
2945.0968575477359,122093,5376,1,"1"
2947.1731181049408,122074,5395,3,"2-1"
2953.3593779521557,122067,5402,1,"1"
2954.6823480436942,122049,5420,1,"1"
2960.3441408380622,122044,5425,1,"1"
2963.5830013393643,122026,5443,1,"1"
2970.3174288664864,122008,5461,1,"1"
2977.5042474587976,121984,5485,2,"2"
2994.4655905129853,121894,5575,7,"3-2-2"
2999.5903513026756,121036,6433,55,"12-6-4-3-3-2-2-2-2-2-2-2-2-1-1-1-1-1-1-1-1-1-1-1"
3001.9721146933316,121018,6451,1,"1"
3011.1180157477243,121013,6456,1,"1"
3012.376924834593,120995,6474,1,"1"
3013.414193013225,120979,6490,4,"3-1"
3054.5519074352751,120961,6508,1,"1"
3061.1468824638841,120931,6538,6,"3-2-1"
3072.4806214650976,120926,6543,1,"1"
3077.7182798316849,120919,6550,1,"1"
3079.5649636282519,120901,6568,1,"1"
3090.3402973567686,120883,6586,1,"1"
3093.0003537832908,120871,6598,2,"1-1"
3098.6912571472021,120853,6616,1,"1"
3101.5340999529981,120817,6652,2,"2"
3102.1585367533999,120807,6662,2,"1-1"
3103.5666677228724,120789,6680,1,"1"
3106.627025860083,120771,6698,1,"1"
3120.2025893060259,0,127469,6872,"6872"
----------------------------------------------6
0,127469,0,0,"0"
18.164097711853515,127468,1,1,"1"
112.87733874513856,127467,2,1,"1"
126.16436031136136,127455,14,1,"1"
142.40824315254443,127452,17,1,"1"
161.47943510001392,127451,18,1,"1"
161.83802490437287,127439,30,1,"1"
195.70587703568236,127421,48,1,"1"
244.30615037510788,127420,49,1,"1"
265.07307973365255,127408,61,1,"1"
268.26820079532359,127407,62,1,"1"
280.46662194431161,127406,63,1,"1"
288.13756805366512,127405,64,1,"1"
305.96942217911686,127404,65,1,"1"
313.67490761906953,127403,66,1,"1"
334.45921409467843,127402,67,1,"1"
350.29146274728231,127399,70,1,"1"
353.73886049344054,127398,71,1,"1"
365.89368057237317,127397,72,1,"1"
414.90678724312744,127385,84,1,"1"
425.88562276939592,127384,85,1,"1"
469.94290342650288,127383,86,1,"1"
470.4317446779898,127382,87,1,"1"
472.53916964904278,127370,99,1,"1"
504.33527808092919,127352,117,1,"1"
511.13997610816193,127334,135,1,"1"
539.17108659595192,127324,145,1,"1"
539.44809864441072,127321,148,1,"1"
543.94509437285569,127303,166,1,"1"
554.46142401625025,127296,173,1,"1"
557.01754092107012,127278,191,1,"1"
578.90779678061722,127275,194,1,"1"
587.72168558904195,127272,197,1,"1"
598.99834283000632,127263,206,1,"1"
600.45792538599869,127262,207,1,"1"
621.53678795355086,127260,209,2,"2"
635.66302329798748,127259,210,1,"1"
660.6038967633516,127258,211,1,"1"
667.25854580657563,127246,223,1,"1"
687.48035053885087,127242,227,2,"1-1"
692.49927482793134,127228,241,1,"1"
705.28747211452401,127227,242,1,"1"
722.21235772548266,127209,260,1,"1"
732.0052863399967,127208,261,1,"1"
735.67550431268251,127190,279,1,"1"
750.79957524363078,127189,280,1,"1"
752.3790671279346,127188,281,1,"1"
756.18948140498605,127186,283,2,"2"
774.73491183722467,127185,284,1,"1"
777.01981418727519,127178,291,1,"1"
796.12945588568664,127177,292,1,"1"
821.12754105327622,127165,304,1,"1"
821.96731727162785,127153,316,1,"1"
836.02030509663871,127150,319,1,"1"
848.86410970959287,127149,320,1,"1"
871.23905431625224,127131,338,1,"1"
871.3972072581048,127113,356,1,"1"
872.13472681116752,127112,357,1,"1"
878.99520068746449,127111,358,1,"1"
880.8431956441093,127108,361,1,"1"
887.18791582718529,127102,367,2,"2"
887.9806523491477,127084,385,1,"1"
895.30238755754192,127068,401,1,"1"
901.56752404113513,127050,419,1,"1"
939.68729953769071,127032,437,1,"1"
941.23680641896362,127031,438,1,"1"
962.78671538571973,127028,441,1,"1"
969.7783021744084,127010,459,1,"1"
978.34951896629389,126992,477,1,"1"
980.04751665936988,126981,488,1,"1"
988.85229786079651,126963,506,1,"1"
1011.6976066735941,126956,513,1,"1"
1014.2132727843393,126938,531,1,"1"
1021.7898290423906,126936,533,2,"1-1"
1021.8407983639851,126935,534,1,"1"
1029.1276909813462,126934,535,1,"1"
1032.6089633332094,126916,553,1,"1"
1032.8166022652629,126914,555,2,"2"
1039.1531623964393,126896,573,1,"1"
1043.1762378326669,126894,575,2,"2"
1051.8832318837158,126891,578,1,"1"
1054.9775065917911,126873,596,1,"1"
1085.89472486511,126872,597,1,"1"
1121.8723322328137,126871,598,1,"1"
1136.6412146891623,126868,601,1,"1"
1136.9572249700943,126867,602,1,"1"
1142.1355182026828,126862,607,1,"1"
1158.3397047837602,126826,643,2,"1-1"
1171.5983652902196,126808,661,1,"1"
1171.9838519839946,126805,664,1,"1"
1181.3944109246786,126795,674,1,"1"
1195.5842809563314,126777,692,1,"1"
1203.7782236558901,126774,695,1,"1"
1217.2146039707789,126756,713,1,"1"
1268.5437342161297,126753,716,1,"1"
1272.7798365625629,126747,722,2,"2"
1277.0297391770189,126731,738,4,"4"
1287.8047164321249,126721,748,1,"1"
1292.6649101066503,126703,766,1,"1"
1293.4353560915245,126702,767,1,"1"
1299.3475605182055,126684,785,1,"1"
1309.0181101937274,126666,803,1,"1"
1317.8553567011268,126648,821,1,"1"
1321.0492527450706,126630,839,1,"1"
1338.3704934445943,126612,857,1,"1"
1344.0319625617433,126578,891,2,"2"
1358.0163401617349,126575,894,1,"1"
1365.9789903050298,126561,908,2,"2"
1391.3970523283854,126543,926,1,"1"
1393.8098518570503,126525,944,1,"1"
1398.117120214622,126522,947,1,"1"
1401.5975281292522,126519,950,1,"1"
1403.1259308504209,126501,968,1,"1"
1448.8238653066039,126500,969,1,"1"
1451.2811397950015,126491,978,1,"1"
1457.7231177879764,126488,981,1,"1"
1462.6575843641708,126470,999,1,"1"
1467.2920849832533,126469,1000,1,"1"
1467.7018226204361,126451,1018,1,"1"
1478.5636059335991,126421,1048,2,"1-1"
1481.3576047870167,126418,1051,1,"1"
1494.1740151809174,126415,1054,1,"1"
1501.3570534441728,126401,1068,2,"1-1"
1505.1968500310513,126398,1071,1,"1"
1505.2392633575957,126397,1072,1,"1"
1511.5719994445376,126388,1081,3,"2-1"
1511.6865125463662,126382,1087,2,"2"
1512.4184363764905,126364,1105,1,"1"
1546.9543133562981,126357,1112,1,"1"
1575.132865057891,126347,1122,1,"1"
1583.354452913049,126346,1123,1,"1"
1609.0311986565637,126341,1128,1,"1"
1609.2072297402995,126331,1138,4,"2-1-1"
1619.5781607681504,126313,1156,1,"1"
1631.5153915269107,126310,1159,1,"1"
1631.9664328726351,126307,1162,1,"1"
1642.8051951115442,126295,1174,1,"1"
1643.5763937903771,126277,1192,1,"1"
1649.9254435526141,126267,1202,1,"1"
1684.0827590942813,126249,1220,1,"1"
1699.9631508905291,126237,1232,1,"1"
1703.6023947148872,126234,1235,1,"1"
1720.4570016582741,126036,1433,11,"10-1"
1721.7368989093391,126018,1451,1,"1"
1726.6618642415226,126003,1466,3,"3"
1731.8784443289055,125989,1480,1,"1"
1740.0658022185703,125984,1485,1,"1"
1740.9876869106854,125981,1488,1,"1"
1749.6635870697276,125963,1506,1,"1"
1754.4188436042687,125958,1511,1,"1"
1754.4387524084959,125941,1528,3,"2-1"
1767.9569102492205,125923,1546,1,"1"
1767.9794491678788,125905,1564,1,"1"
1779.0683355407969,125887,1582,1,"1"
1780.281713760329,125869,1600,1,"1"
1781.6985739480415,125843,1626,2,"1-1"
1810.1805924271273,125815,1654,2,"2"
1830.4180551117438,125791,1678,2,"2"
1838.6174017524779,125786,1683,1,"1"
1839.0376208452176,125768,1701,1,"1"
1840.563666835591,125606,1863,9,"9"
1844.07483448742,125588,1881,1,"1"
1848.2237162064603,125570,1899,1,"1"
1906.5950464580303,125552,1917,1,"1"
1907.5535531286582,125542,1927,2,"2"
1922.7461431206475,125524,1945,1,"1"
1930.5848119454292,125506,1963,1,"1"
1942.8933785157878,125503,1966,1,"1"
1948.9202699140683,125494,1975,1,"1"
1959.4218291628088,125476,1993,1,"1"
1978.4549664966601,125458,2011,1,"1"
1982.3764839754645,125440,2029,1,"1"
1993.8557506134382,125422,2047,1,"1"
1998.6204405152514,125404,2065,1,"1"
2005.280862600951,125386,2083,1,"1"
2014.241391939494,125368,2101,1,"1"
2017.435856538088,125350,2119,1,"1"
2026.0302799584467,125340,2129,1,"1"
2033.6214358125362,125294,2175,3,"1-1-1"
2037.1498772629081,125276,2193,1,"1"
2040.1944146962242,125260,2209,1,"1"
2050.6278698934325,125253,2216,1,"1"
2066.2555275103464,125235,2234,1,"1"
2091.9135040610186,125199,2270,2,"1-1"
2095.2426574390283,125181,2288,1,"1"
2100.0632042006905,125163,2306,1,"1"
2113.4153849631894,125160,2309,1,"1"
2126.333626515664,125157,2312,1,"1"
2157.1471318420836,125152,2317,1,"1"
2160.6717464674375,125143,2326,3,"1-1-1"
2166.1905756553392,125125,2344,1,"1"
2170.0305639942762,125107,2362,1,"1"
2171.9426321508727,125089,2380,1,"1"
2197.7543542942208,125071,2398,1,"1"
2200.5928558225205,125053,2416,1,"1"
2204.3067404881299,125035,2434,1,"1"
2211.236709453713,124992,2477,5,"5"
2213.2660600096879,124974,2495,1,"1"
2221.1008268521032,124956,2513,1,"1"
2226.6374018789825,124938,2531,1,"1"
2227.0532140443934,124908,2561,2,"1-1"
2228.1193032931474,124898,2571,1,"1"
2255.2085585516779,124880,2589,1,"1"
2258.4804400004041,124862,2607,1,"1"
2261.0846776739113,124844,2625,2,"2"
2278.658888481446,124839,2630,1,"1"
2284.2572499610123,124829,2640,1,"1"
2293.5062816812851,124815,2654,1,"1"
2299.3256065680275,124801,2668,1,"1"
2315.7129706119999,124790,2679,1,"1"
2317.2871656210068,124774,2695,1,"1"
2319.4681866548985,124756,2713,1,"1"
2323.5541017819846,124738,2731,1,"1"
2331.7073868206339,124731,2738,1,"1"
2332.5857352957919,124713,2756,1,"1"
2340.9731151661008,124702,2767,3,"1-1-1"
2345.0726513304762,124699,2770,1,"1"
2346.2892933167327,124681,2788,1,"1"
2352.9687472787059,124669,2800,1,"1"
2356.9063277067253,124633,2836,2,"2"
2357.1758541585841,124615,2854,1,"1"
2365.3705751797652,124597,2872,1,"1"
2372.6509175082447,124575,2894,4,"3-1"
2375.8255388228959,124557,2912,1,"1"
2382.233053584283,124533,2936,2,"2"
2385.8292740899683,124515,2954,1,"1"
2404.7677411103377,124505,2964,1,"1"
2406.6508689047141,124477,2992,2,"1-1"
2411.6849845896559,124463,3006,1,"1"
2418.3404552222751,124445,3024,1,"1"
2423.9518167978308,124427,3042,1,"1"
2435.0311339308741,124422,3047,1,"1"
2435.7283955891257,124404,3065,1,"1"
2449.9043071265596,124397,3072,1,"1"
2451.7348606440687,124384,3085,3,"2-1"
2455.4688967585275,124379,3090,1,"1"
2471.8946487610719,124369,3100,1,"1"
2482.1137211276014,124344,3125,3,"1-1-1"
2495.9702986241432,124339,3130,1,"1"
2497.8823671146947,124325,3144,1,"1"
2498.7306893000305,124309,3160,4,"4"
2501.8146932724362,124291,3178,1,"1"
2515.0141184764793,124273,3196,1,"1"
2545.5760262502217,124268,3201,1,"1"
2557.457257131085,124256,3213,1,"1"
2560.9886437965588,124212,3257,3,"2-1"
2581.5539581853523,124178,3291,8,"6-1-1"
2584.3174442109903,124166,3303,1,"1"
2585.8600037285751,124130,3339,2,"1-1"
2586.6435607601984,124112,3357,1,"1"
2591.3426886720358,124094,3375,1,"1"
2595.5650871044459,124088,3381,2,"1-1"
2601.1289204695136,124079,3390,1,"1"
2601.8407605886764,124061,3408,1,"1"
2612.4282498649391,124025,3444,2,"1-1"
2628.8942956934684,124007,3462,1,"1"
2629.8512303530365,123989,3480,1,"1"
2633.4509142739439,123979,3490,1,"1"
2635.677098985358,123961,3508,1,"1"
2636.278231558621,123935,3534,2,"1-1"
2639.8463836564551,123917,3552,1,"1"
2644.0148061248588,123889,3580,2,"1-1"
2659.1441493070702,123873,3596,1,"1"
2664.7216364562296,123855,3614,1,"1"
2664.9831364853685,123832,3637,3,"2-1"
2672.888541382888,123814,3655,1,"1"
2694.9624860077038,123796,3673,1,"1"
2703.9879970249358,123778,3691,1,"1"
2705.6881235739811,123760,3709,1,"1"
2708.0246120114684,123742,3727,1,"1"
2714.4633419755469,123724,3745,1,"1"
2718.7473544035893,123706,3763,1,"1"
2733.0499771517025,123691,3778,1,"1"
2737.3098067947963,123673,3796,1,"1"
2739.7969986916369,123655,3814,1,"1"
2779.8064365197001,123605,3864,4,"3-1"
2784.8655986281001,123587,3882,1,"1"
2789.3938605349726,123572,3897,1,"1"
2790.5419126051543,123554,3915,1,"1"
2791.2472568610051,123551,3918,1,"1"
2791.4702644153658,123541,3928,1,"1"
2791.5382052700998,123538,3931,1,"1"
2797.2609041384221,123515,3954,3,"2-1"
2809.8993991914945,123508,3961,1,"1"
2810.0714791451264,123490,3979,1,"1"
2821.795806633771,123403,4066,17,"5-3-2-2-1-1-1-1-1"
2823.7556087670073,123391,4078,1,"1"
2833.7185290323359,123388,4081,1,"1"
2837.1596749120404,123352,4117,4,"2-1-1"
2837.6754072395606,123334,4135,1,"1"
2838.3168277102495,123316,4153,1,"1"
2845.0336929353953,123304,4165,1,"1"
2845.9857206887027,123301,4168,1,"1"
2859.6554981040986,123251,4218,3,"1-1-1"
2861.7400079729646,123237,4232,1,"1"
2880.7027703009971,123219,4250,1,"1"
2887.3828235352426,123175,4294,4,"2-1-1"
2898.5794109287608,123161,4308,1,"1"
2906.0487883267569,123143,4326,1,"1"
2907.7829363761343,123127,4342,1,"1"
2914.7117555380291,123117,4352,2,"2"
2916.3221264221138,123101,4368,1,"1"
2926.5515197103659,123083,4386,1,"1"
2938.0310123526801,123035,4434,4,"2-1-1"
2948.2772077031818,123032,4437,1,"1"
2957.3279889843934,123014,4455,1,"1"
2958.6249966304017,122996,4473,1,"1"
2958.8625503776202,122978,4491,1,"1"
2959.1787953495809,122960,4509,1,"1"
2967.712040055465,122946,4523,2,"2"
2970.1858941781898,122928,4541,1,"1"
2972.6746420947497,122772,4697,12,"6-2-1-1-1-1"
2977.7213298196407,122754,4715,1,"1"
2979.4153244255681,122708,4761,4,"2-1-1"
2985.0925115240107,122690,4779,1,"1"
2985.3102786941163,122672,4797,1,"1"
2989.0943477017113,122667,4802,1,"1"
2989.2763830109157,122655,4814,1,"1"
2994.662459320301,122645,4824,1,"1"
3000.6809651628519,122541,4928,7,"3-2-1-1"
3016.3145830265125,122531,4938,1,"1"
3016.7227328452382,122499,4970,3,"3"
3017.1929798509505,122457,5012,3,"2-1"
3036.766439111168,122309,5160,9,"4-3-1-1"
3040.2170812192558,122283,5186,2,"2"
3052.9639491540884,122272,5197,1,"1"
3073.3361232931588,122269,5200,1,"1"
3078.251903018851,122251,5218,1,"1"
3084.5849668519595,122241,5228,2,"1-1"
3088.7789580547619,122221,5248,2,"1-1"
3090.5148536420129,122210,5259,1,"1"
3091.7070008576557,122205,5264,1,"1"
3108.7307030982579,122187,5282,1,"1"
3113.354812292027,122174,5295,1,"1"
3118.1096773868676,122167,5302,1,"1"
3128.5517953023577,122152,5317,1,"1"
3132.3036797868754,122134,5335,1,"1"
3133.3000452406404,122123,5346,1,"1"
3147.0538645578818,122115,5354,2,"1-1"
3149.1659960472571,122097,5372,1,"1"
3150.9650835931493,122079,5390,1,"1"
3152.5272037136147,122061,5408,1,"1"
3160.1231195532982,122037,5432,2,"2"
3161.9677527483823,122019,5450,1,"1"
3162.0081758680785,122001,5468,1,"1"
3175.1463771606582,121983,5486,1,"1"
3177.8770692217936,121975,5494,2,"2"
3184.8597351424096,121930,5539,5,"3-1-1"
3185.2469887048856,121923,5546,1,"1"
3185.9433725913354,121905,5564,1,"1"
3196.3514438827324,121900,5569,1,"1"
3199.388738043237,121883,5586,3,"2-1"
3209.9963418529946,121852,5617,2,"2"
3233.8654607354838,121834,5635,1,"1"
3236.3987231556694,121827,5642,1,"1"
3236.8730702836174,121817,5652,2,"2"
3245.2937034869819,121799,5670,1,"1"
3250.9769380909952,121691,5778,6,"6"
3258.0354360279102,121655,5814,3,"3"
3258.5201514319515,121642,5827,1,"1"
3267.9095401692343,121635,5834,1,"1"
3270.1235293298359,121613,5856,4,"2-1-1"
3273.835975308974,121595,5874,1,"1"
3283.0188193989325,121544,5925,7,"2-1-1-1-1-1"
3285.3548493127146,121526,5943,1,"1"
3288.198067955007,121508,5961,1,"1"
3304.4544644623397,121499,5970,1,"1"
3309.8802549738602,121485,5984,2,"2"
3313.0798536413749,121297,6172,13,"6-2-1-1-1-1-1"
3314.1075402281485,121294,6175,1,"1"
3314.4876570769593,121276,6193,1,"1"
3319.2735062918227,121214,6255,5,"2-1-1-1"
3319.9378715607922,121207,6262,1,"1"
3319.9693447693517,121189,6280,1,"1"
3321.3527200362696,121177,6292,1,"1"
3325.2629412493952,121159,6310,1,"1"
3329.8825040824659,0,127469,6885,"6885"
----------------------------------------------7
0,127469,0,0,"0"
221.16846202714837,127451,18,1,"1"
240.41278666616881,127450,19,1,"1"
243.36488589781783,127449,20,1,"1"
258.52092804863321,127448,21,1,"1"
339.38724708471096,127447,22,1,"1"
435.10402095001831,127433,36,1,"1"
463.13324233182993,127357,112,6,"6"
463.17301111364486,127345,124,1,"1"
468.39506531470062,127344,125,1,"1"
479.78828165257602,127326,143,1,"1"
480.5308100230173,127325,144,1,"1"
490.18493359904085,127307,162,1,"1"
490.6276386329094,127306,163,1,"1"
503.34438794031405,127305,164,1,"1"
504.34292638603,127300,169,1,"1"
508.39563653738827,127282,187,1,"1"
515.54778682355584,127281,188,1,"1"
520.68442976008168,127280,189,1,"1"
555.06371344525019,127262,207,1,"1"
573.2190177545923,127260,209,2,"2"
580.01826211173989,127258,211,2,"2"
601.59819696721866,127240,229,1,"1"
614.3083753486427,127222,247,1,"1"
628.59871991282307,127204,265,1,"1"
637.67931589551313,127186,283,1,"1"
671.64875274373526,127183,286,1,"1"
675.99405200967965,127182,287,1,"1"
678.21717670164389,127166,303,1,"1"
688.34529980575098,127148,321,1,"1"
693.81652097300469,127136,333,1,"1"
704.88453207133659,127118,351,1,"1"
711.28880760327047,127115,354,1,"1"
711.98608388893729,127097,372,1,"1"
714.07874012218781,127067,402,2,"1-1"
714.59127966091887,127065,404,2,"2"
729.1979451016457,127062,407,1,"1"
733.94627576723178,127044,425,1,"1"
743.22984337391142,127026,443,1,"1"
755.90051116824486,127014,455,1,"1"
760.38755878352731,127011,458,1,"1"
768.07619552475023,126995,474,1,"1"
803.66181321660576,126983,486,1,"1"
826.93221574564086,126971,498,4,"4"
833.1447072185955,126955,514,1,"1"
837.41612590833915,126948,521,1,"1"
840.80567341659309,126938,531,1,"1"
864.35544432599875,126922,547,1,"1"
892.80348077260783,126921,548,1,"1"
899.15933624781849,126920,549,1,"1"
900.77564707667455,126917,552,1,"1"
901.71568515083106,126916,553,1,"1"
924.72325063393487,126915,554,1,"1"
929.00825323937056,126897,572,1,"1"
934.03177533279461,126896,573,1,"1"
934.31755011210623,126887,582,1,"1"
937.47461748411956,126869,600,1,"1"
942.60974184573911,126866,603,1,"1"
948.2881339775729,126865,604,1,"1"
950.60926047846351,126863,606,2,"2"
952.31827047040838,126862,607,1,"1"
954.45027278651173,126848,621,1,"1"
955.13292034366259,126845,624,3,"2-1"
955.77302535477872,126827,642,1,"1"
970.15250225181353,126809,660,1,"1"
974.84562063633712,126808,661,1,"1"
979.62822367453259,126807,662,1,"1"
991.81739671027412,126806,663,1,"1"
1002.2128748045127,126805,664,1,"1"
1014.1441514092244,126804,665,1,"1"
1020.2715135756329,126801,668,1,"1"
1027.6977469095864,126783,686,1,"1"
1040.7258482302773,126770,699,1,"1"
1051.7587715791299,126769,700,1,"1"
1061.8336291555406,126768,701,1,"1"
1066.6179394274159,126767,702,1,"1"
1077.6755316915887,126766,703,1,"1"
1080.4889494397717,126765,704,1,"1"
1081.6596491467067,126764,705,1,"1"
1088.3391636050483,126746,723,1,"1"
1096.6117558645221,126743,726,1,"1"
1108.4202186041828,126742,727,1,"1"
1113.427224808232,126724,745,1,"1"
1116.0744938707005,126715,754,1,"1"
1118.8008532582976,126714,755,1,"1"
1171.6525955604332,126698,771,4,"4"
1179.6145422966106,126695,774,1,"1"
1211.3336071198094,126692,777,1,"1"
1218.7121264557113,126689,780,1,"1"
1257.8977163823797,126684,785,1,"1"
1263.1561209180459,126576,893,6,"6"
1265.7252777239109,126569,900,1,"1"
1268.2699634450066,126557,912,1,"1"
1288.0017026624023,126539,930,1,"1"
1288.0068416403772,126538,931,1,"1"
1309.2474515142169,126536,933,2,"2"
1315.3358585248652,126518,951,1,"1"
1317.1636544499188,126500,969,1,"1"
1320.9717176005961,126497,972,1,"1"
1328.1387979145522,126479,990,1,"1"
1332.8114703781669,126461,1008,1,"1"
1340.0957084855061,126458,1011,1,"1"
1344.5778223558832,126442,1027,4,"2-1-1"
1354.8450325782856,126424,1045,1,"1"
1366.3297187797502,126421,1048,1,"1"
1368.926930200201,126420,1049,1,"1"
1375.6662627928181,126402,1067,1,"1"
1401.594222662615,126399,1070,1,"1"
1401.6002986240098,126398,1071,1,"1"
1424.4558451695573,126380,1089,1,"1"
1433.4306118261986,126379,1090,1,"1"
1435.236018141404,126361,1108,1,"1"
1441.5021722774109,126343,1126,1,"1"
1441.851439208903,126325,1144,1,"1"
1445.0046249316206,126307,1162,1,"1"
1446.1311233580584,126304,1165,1,"1"
1448.9441375249037,126292,1177,1,"1"
1457.2706646814872,126274,1195,1,"1"
1473.945302975176,126256,1213,1,"1"
1489.6059891640818,126246,1223,2,"2"
1495.0415890927643,126228,1241,1,"1"
1516.2921041658492,126225,1244,1,"1"
1517.5669485457395,126207,1262,1,"1"
1543.6044070298703,126206,1263,1,"1"
1544.2773069212126,126203,1266,1,"1"
1552.204295239909,126200,1269,1,"1"
1555.9785894257054,126186,1283,1,"1"
1556.6488306489621,126168,1301,1,"1"
1561.3726324030872,126150,1319,1,"1"
1561.7422989151219,126132,1337,1,"1"
1571.2341897745798,126131,1338,1,"1"
1572.2875301442029,126113,1356,1,"1"
1572.494066098501,126097,1372,1,"1"
1580.6954889348776,126094,1375,1,"1"
1583.3073106281245,126088,1381,2,"2"
1584.7722735235984,126076,1393,1,"1"
1587.4221846711371,126073,1396,1,"1"
1607.4115447690865,126055,1414,1,"1"
1608.3810567849432,126037,1432,1,"1"
1621.5745676845127,126029,1440,2,"1-1"
1634.3923504607055,126011,1458,1,"1"
1646.7845362695891,125993,1476,1,"1"
1648.1508186130363,125992,1477,1,"1"
1648.3964930220966,125987,1482,1,"1"
1650.5474477284411,125969,1500,1,"1"
1652.7022406088306,125966,1503,1,"1"
1653.0913071264731,125948,1521,1,"1"
1655.4532340758162,125930,1539,1,"1"
1656.7071091824951,125912,1557,1,"1"
1661.4282941546965,125909,1560,1,"1"
1671.197726372141,125893,1576,2,"1-1"
1673.0425052528788,125890,1579,1,"1"
1673.1897524832202,125878,1591,1,"1"
1673.2407691380718,125875,1594,1,"1"
1675.8525603682915,125857,1612,1,"1"
1677.504788774404,125854,1615,1,"1"
1682.612459612674,125836,1633,1,"1"
1683.471682938778,125818,1651,1,"1"
1695.0598878623236,125813,1656,1,"1"
1698.7927595207557,125810,1659,1,"1"
1703.4001788021815,125792,1677,1,"1"
1709.371012068126,125786,1683,2,"2"
1714.0732388653387,125768,1701,1,"1"
1714.4200034514856,125756,1713,1,"1"
1719.2916072878784,125738,1731,1,"1"
1738.229228825564,125728,1741,2,"2"
1747.8433510275486,125704,1765,2,"2"
1758.3098756481486,125686,1783,1,"1"
1761.7400707444226,125675,1794,1,"1"
1773.7435215048688,125657,1812,1,"1"
1788.094444630513,125639,1830,1,"1"
1788.2867314967723,125625,1844,1,"1"
1826.2291092783396,125613,1856,1,"1"
1829.0158505154691,125601,1868,1,"1"
1831.2275532615986,125594,1875,1,"1"
1837.7282704129148,125576,1893,1,"1"
1845.916194677608,125575,1894,1,"1"
1853.4300163067367,125572,1897,1,"1"
1857.5328772482906,125554,1915,1,"1"
1867.4855248552699,125551,1918,1,"1"
1885.8127759847894,125527,1942,3,"2-1"
1891.5547846216245,125509,1960,1,"1"
1929.3180609426347,125506,1963,1,"1"
1931.085664380138,125488,1981,1,"1"
1933.3465864898844,125478,1991,1,"1"
1938.2346972268595,125473,1996,1,"1"
1966.5002236805763,125455,2014,1,"1"
1977.5791853674807,125437,2032,1,"1"
1984.8581338611043,125432,2037,1,"1"
1999.5280287814608,125414,2055,1,"1"
2003.6289701011751,125396,2073,1,"1"
2009.3686685324276,125373,2096,2,"2"
2020.0362496982755,125368,2101,1,"1"
2025.6666792499509,125365,2104,1,"1"
2032.5865706255129,125359,2110,2,"1-1"
2037.1516793946148,125341,2128,1,"1"
2037.7030609094918,125323,2146,1,"1"
2045.6950709824544,125316,2153,1,"1"
2053.0882930393859,125224,2245,6,"2-2-1-1"
2078.2175323107022,125008,2461,12,"10-2"
2083.757157030871,124994,2475,1,"1"
2086.4060112296929,124976,2493,1,"1"
2090.1220029382243,124958,2511,1,"1"
2094.5867024467848,124940,2529,1,"1"
2110.3932654337168,124935,2534,1,"1"
2121.683133083246,124887,2582,4,"3-1"
2141.0446916115075,124869,2600,1,"1"
2150.4843612924424,124851,2618,1,"1"
2155.253696414085,124833,2636,1,"1"
2185.2788393023307,124815,2654,1,"1"
2196.4274870213762,124797,2672,1,"1"
2198.4216826603865,124779,2690,1,"1"
2201.9518850893187,124699,2770,6,"2-1-1-1-1"
2208.7807705202131,124686,2783,1,"1"
2209.2973636189199,124681,2788,1,"1"
2228.7186353004204,124674,2795,1,"1"
2231.0510781940834,124656,2813,1,"1"
2238.9037036038681,124642,2827,1,"1"
2262.737352357236,124635,2834,1,"1"
2269.2847248935859,124620,2849,1,"1"
2277.8951731961888,124602,2867,1,"1"
2281.5326124958947,124584,2885,1,"1"
2290.6129695908458,124566,2903,1,"1"
2294.9551071790424,124540,2929,2,"1-1"
2295.9307296065576,124523,2946,1,"1"
2297.6258050972688,124505,2964,1,"1"
2320.1769435814458,124487,2982,1,"1"
2322.2985720629058,124484,2985,1,"1"
2327.9969019738492,124466,3003,1,"1"
2332.3078195342855,124448,3021,1,"1"
2341.7346031428128,124436,3033,1,"1"
2360.7625714490387,124426,3043,2,"2"
2365.6935263032378,124402,3067,4,"2-2"
2373.2229134014001,124384,3085,1,"1"
2375.4745381876542,124374,3095,1,"1"
2390.4348902965658,124356,3113,1,"1"
2398.7253897424871,124320,3149,2,"2"
2402.1712172933876,124317,3152,1,"1"
2404.108432700642,124293,3176,4,"4"
2408.3656231239902,124279,3190,1,"1"
2424.523009731909,124261,3208,1,"1"
2432.2003670001404,124251,3218,2,"2"
2433.4241243793922,124215,3254,2,"2"
2436.0378820856558,124197,3272,1,"1"
2436.4033188595404,124179,3290,1,"1"
2437.2322182258195,123915,3554,15,"10-4-1"
2440.9832792538614,123879,3590,2,"1-1"
2448.4542354012083,123866,3603,3,"2-1"
2454.4322675897242,123830,3639,2,"2"
2455.2539702569738,123794,3675,2,"1-1"
2459.7304352620522,123776,3693,1,"1"
2503.8377534859151,123771,3698,1,"1"
2511.0162050714357,123763,3706,2,"1-1"
2511.8661247925806,123760,3709,1,"1"
2515.1356593192349,123751,3718,1,"1"
2523.4837744454549,123740,3729,1,"1"
2533.3940086506946,123734,3735,2,"2"
2534.0834733938855,123716,3753,1,"1"
2545.8462167991229,123698,3771,1,"1"
2548.6749100626639,123680,3789,1,"1"
2551.4359409941444,123662,3807,1,"1"
2552.0705926931469,123630,3839,2,"2"
2552.2856810887743,123580,3889,4,"3-1"
2565.0100417091389,123577,3892,1,"1"
2567.7077622657948,123539,3930,3,"3"
2573.6440386730028,123529,3940,1,"1"
2574.9852626680554,123511,3958,1,"1"
2583.7641225359271,123508,3961,1,"1"
2591.2514538898686,123503,3966,1,"1"
2597.8582837611762,123498,3971,1,"1"
2615.358432024098,123495,3974,1,"1"
2639.0836162654678,123477,3992,1,"1"
2639.1883981774031,123459,4010,1,"1"
2643.1037815687346,123450,4019,3,"2-1"
2648.9972617957478,123440,4029,2,"2"
2656.3201926543193,123430,4039,1,"1"
2657.5133342019135,123412,4057,1,"1"
2661.7227190213271,123394,4075,1,"1"
2664.7314290795885,123376,4093,1,"1"
2667.4653822278292,123358,4111,1,"1"
2670.4041737105563,123353,4116,1,"1"
2681.0344879019326,123335,4134,1,"1"
2683.4887576731116,123317,4152,1,"1"
2689.1860264736292,123299,4170,1,"1"
2710.0361194787274,123281,4188,1,"1"
2712.4365393025091,123263,4206,1,"1"
2716.8440146985981,123251,4218,1,"1"
2718.9833417954624,123241,4228,1,"1"
2722.4746344139126,123223,4246,1,"1"
2724.1679503919563,123171,4298,3,"1-1-1"
2725.005372477704,123168,4301,1,"1"
2725.4917868029838,123161,4308,1,"1"
2732.04903853626,123145,4324,4,"1-1-1-1"
2737.1539084085152,123127,4342,1,"1"
2742.4997722377402,123049,4420,6,"2-1-1-1-1"
2757.7582871100831,123031,4438,1,"1"
2759.9941550891795,122995,4474,2,"2"
2763.332171818261,122977,4492,1,"1"
2763.4568002811707,122974,4495,1,"1"
2763.8083869038423,122969,4500,1,"1"
2765.2224757555759,122962,4507,1,"1"
2780.2567572740631,122944,4525,1,"1"
2790.9898701283446,122926,4543,1,"1"
2796.7227552572913,122902,4567,2,"2"
2799.1251196356184,122899,4570,1,"1"
2799.7518728755726,122881,4588,1,"1"
2811.9384099714266,122863,4606,1,"1"
2813.8097858369829,122853,4616,1,"1"
2825.0235509661693,122835,4634,1,"1"
2828.2044981814529,122820,4649,3,"1-1-1"
2835.9392022211146,122817,4652,1,"1"
2839.5205868134026,122773,4696,3,"2-1"
2841.6868429799451,122763,4706,2,"2"
2857.8957835274705,122745,4724,1,"1"
2864.130133054935,122727,4742,1,"1"
2872.3628720611664,122706,4763,3,"2-1"
2874.8112337288617,122670,4799,2,"2"
2883.4688351844088,122652,4817,1,"1"
2920.9829850728643,122640,4829,1,"1"
2921.4952657896047,122623,4846,3,"3"
2924.5563872589678,122605,4864,1,"1"
2925.7561231567074,122587,4882,1,"1"
2928.3868958944836,122567,4902,2,"2"
2938.7412588445604,122255,5214,23,"4-3-3-2-2-1-1-1-1-1-1-1-1-1"
2938.8568920592083,122237,5232,1,"1"
2947.4829472832935,122230,5239,1,"1"
2949.4568005247356,122212,5257,1,"1"
2951.0186417305531,122194,5275,1,"1"
2956.5973915106138,122176,5293,1,"1"
2957.7768222957579,122158,5311,1,"1"
2973.3427020770851,122140,5329,1,"1"
2979.6942735729708,122122,5347,1,"1"
2996.9258353583405,122090,5379,2,"2"
2998.7431468055274,122054,5415,2,"1-1"
3006.4708627499899,122018,5451,2,"2"
3006.6949840781481,122000,5469,1,"1"
3015.2091754209673,121982,5487,1,"1"
3016.5268457297489,121964,5505,1,"1"
3019.0749967604106,121957,5512,1,"1"
3037.742464431155,121952,5517,1,"1"
3038.8594384986282,121938,5531,2,"2"
3044.3210993240705,121920,5549,1,"1"
3055.9530865168904,121858,5611,4,"2-1-1"
3058.7912385601326,121848,5621,1,"1"
3075.1862500898151,121834,5635,1,"1"
3076.8562967746393,121816,5653,1,"1"
3085.349410179027,121792,5677,2,"2"
3085.8080301109908,121770,5699,2,"1-1"
3102.6928162964368,121742,5727,2,"2"
3102.7037449204654,121732,5737,1,"1"
3119.1360528027449,121714,5755,1,"1"
3121.2947366776962,121707,5762,1,"1"
3125.5672576232364,121695,5774,2,"1-1"
3135.6761029183754,121677,5792,1,"1"
3147.6276435607474,0,127469,6951,"6951"
----------------------------------------------8
0,127469,0,0,"0"
124.75006233435528,127468,1,1,"1"
140.95453911470895,127467,2,1,"1"
152.34885684963245,127455,14,1,"1"
173.07632199523903,127401,68,3,"3"
197.91220205633209,127400,69,1,"1"
216.48780594013027,127397,72,1,"1"
227.42344850738829,127396,73,1,"1"
243.0489342991016,127378,91,1,"1"
243.53670066471855,127377,92,1,"1"
266.53689288920805,127376,93,1,"1"
274.50742277272849,127361,108,1,"1"
274.58936169724706,127360,109,1,"1"
281.75647689561043,127348,121,1,"1"
333.88501991578227,127347,122,1,"1"
340.22076292604299,127329,140,1,"1"
355.60648233713272,127328,141,1,"1"
394.59569787563669,127327,142,1,"1"
401.5877501523953,127320,149,1,"1"
410.71212533950251,127302,167,1,"1"
422.17073825279863,127301,168,1,"1"
477.12401740514946,127299,170,2,"2"
480.98609298911242,127297,172,2,"2"
493.93270108692656,127279,190,1,"1"
502.36396025135167,127278,191,1,"1"
528.08389200604381,127277,192,1,"1"
531.00660731642517,127274,195,3,"2-1"
533.41600785208027,127273,196,1,"1"
538.0607460776921,127272,197,1,"1"
546.74155607899377,127262,207,1,"1"
560.45782000893996,127244,225,1,"1"
564.68107126384677,127239,230,1,"1"
568.01806467448932,127234,235,3,"1-1-1"
605.75953299570972,127222,247,1,"1"
621.78384823820181,127219,250,1,"1"
622.71766321909411,127210,259,1,"1"
647.68979731350123,127192,277,1,"1"
649.53297375159013,127174,295,1,"1"
661.82281257150009,127168,301,2,"2"
670.33093859554276,127156,313,1,"1"
681.74602615644585,127144,325,1,"1"
684.31561071221699,127134,335,1,"1"
704.14579841257955,127122,347,1,"1"
706.14326187984739,127110,359,1,"1"
720.81488629764976,127100,369,1,"1"
720.81793847106633,127099,370,1,"1"
739.00510688383235,127081,388,1,"1"
763.31890902303383,127080,389,1,"1"
766.78083824297744,127062,407,1,"1"
777.20534138773291,127059,410,1,"1"
783.97604094843962,127047,422,1,"1"
791.45450627016305,127035,434,1,"1"
834.33774505299039,127026,443,1,"1"
856.38368874647983,127021,448,1,"1"
865.94758497217208,127020,449,1,"1"
869.43211890626048,127002,467,1,"1"
869.94450168790615,127001,468,1,"1"
871.96431976289693,126983,486,1,"1"
873.03180434368562,126978,491,1,"1"
876.01273776599351,126960,509,1,"1"
880.68318534354114,126953,516,1,"1"
905.73986329232673,126935,534,1,"1"
918.49793401530781,126934,535,1,"1"
924.04636502535641,126929,540,1,"1"
928.6498225420994,126919,550,2,"2"
930.63817181630566,126916,553,1,"1"
936.84030411367235,126915,554,1,"1"
946.22348521870902,126897,572,1,"1"
979.85068553953386,126896,573,1,"1"
1008.8990151345211,126889,580,1,"1"
1014.4320500190117,126886,583,1,"1"
1017.5180371631008,126876,593,1,"1"
1027.8425460565779,126873,596,1,"1"
1034.1022705634136,126872,597,1,"1"
1047.7222982743474,126871,598,1,"1"
1073.7092309662428,126853,616,1,"1"
1073.9784453707448,126841,628,1,"1"
1079.0732593727175,126835,634,2,"2"
1083.1152622016411,126825,644,1,"1"
1096.4690576552775,126807,662,1,"1"
1101.4588435152648,126806,663,1,"1"
1101.7927194133965,126800,669,2,"2"
1104.8098163053653,126799,670,1,"1"
1108.3723425211097,126781,688,1,"1"
1121.7490977723046,126780,689,1,"1"
1131.3944581820804,126778,691,2,"1-1"
1134.2572542626654,126774,695,2,"1-1"
1136.5817023940942,126756,713,1,"1"
1183.3222986049218,126753,716,1,"1"
1191.7747823673185,126750,719,1,"1"
1192.2214519419763,126745,724,3,"2-1"
1192.2629896267065,126727,742,1,"1"
1194.3531589320564,126709,760,1,"1"
1194.7146620950134,126694,775,1,"1"
1198.4039729325509,126676,793,1,"1"
1203.0727361276936,126662,807,1,"1"
1221.3211545177262,126650,819,1,"1"
1223.3668538740474,126632,837,1,"1"
1242.2098516979918,126618,851,1,"1"
1249.3543127261589,126608,861,1,"1"
1250.1165319426632,126592,877,1,"1"
1258.6984322352839,126574,895,1,"1"
1259.8724546861142,126568,901,2,"2"
1261.2868161563792,126550,919,1,"1"
1279.4701533276566,126524,945,2,"2"
1280.8106581597795,126519,950,1,"1"
1284.071643371863,126501,968,1,"1"
1293.1632516703551,126483,986,1,"1"
1294.4836241954365,126480,989,1,"1"
1302.015538958866,126468,1001,1,"1"
1318.474982178428,126450,1019,1,"1"
1361.2150254333544,126447,1022,1,"1"
1382.3021304288818,126429,1040,1,"1"
1383.21115254083,126426,1043,1,"1"
1385.5921153567335,126412,1057,1,"1"
1402.7846040092393,126409,1060,1,"1"
1404.723038935799,126406,1063,1,"1"
1432.251774801239,126388,1081,1,"1"
1458.4452821135148,126370,1099,1,"1"
1461.2817685113976,126352,1117,1,"1"
1472.6337939394864,126334,1135,1,"1"
1496.516300513372,126316,1153,1,"1"
1500.216348670722,126298,1171,1,"1"
1505.123419969696,126296,1173,2,"2"
1507.4453301834972,126291,1178,1,"1"
1529.931060192441,126281,1188,2,"2"
1541.3829861002071,126278,1191,1,"1"
1551.9230961069882,126264,1205,2,"2"
1566.2648568848015,126261,1208,1,"1"
1577.4973921327085,126260,1209,1,"1"
1579.7343758789041,126248,1221,1,"1"
1581.03717187038,126247,1222,1,"1"
1586.6673920488461,126229,1240,1,"1"
1594.3739104427405,126226,1243,1,"1"
1605.8870673199649,126225,1244,1,"1"
1607.8744044147479,126224,1245,1,"1"
1617.6186751811458,126206,1263,1,"1"
1620.5969966139444,126196,1273,1,"1"
1623.3239212679844,126124,1345,4,"2-2"
1652.3510286901731,126106,1363,1,"1"
1677.2375203826346,126103,1366,1,"1"
1684.1914851846534,126100,1369,1,"1"
1687.032475982455,126082,1387,1,"1"
1690.879511817654,126064,1405,1,"1"
1691.9343862566736,126061,1408,1,"1"
1699.6767875216385,126058,1411,1,"1"
1702.0784715550008,126040,1429,1,"1"
1704.0718715581918,126026,1443,2,"2"
1705.8786096146264,126008,1461,1,"1"
1729.4591377168204,125990,1479,1,"1"
1729.9498689576174,125972,1497,1,"1"
1737.8744240600174,125936,1533,2,"2"
1755.7521715178314,125920,1549,1,"1"
1759.6915281302761,125903,1566,3,"2-1"
1764.933978826416,125885,1584,1,"1"
1789.6916568984063,125867,1602,1,"1"
1791.2555622236753,125861,1608,2,"2"
1796.8981569257962,125843,1626,1,"1"
1800.9935743729036,125825,1644,1,"1"
1807.4501448287244,125811,1658,1,"1"
1833.327898127726,125793,1676,1,"1"
1844.0787096797085,125739,1730,3,"2-1"
1852.4007013834553,125703,1766,2,"2"
1858.9401153703777,125702,1767,1,"1"
1877.4210720224785,125684,1785,1,"1"
1883.0382650639506,125679,1790,1,"1"
1887.3243132276043,125672,1797,1,"1"
1893.8808501703447,125669,1800,1,"1"
1900.7585066307136,125657,1812,1,"1"
1905.4658340143067,125654,1815,1,"1"
1907.5194512910043,125640,1829,1,"1"
1915.6228840246513,125622,1847,1,"1"
1927.107462680935,125619,1850,1,"1"
1927.3772468175778,125601,1868,1,"1"
1935.5219536895499,125583,1886,1,"1"
1945.2073427677558,125547,1922,8,"3-2-2-1"
1945.3499208427359,125529,1940,4,"2-1-1"
1956.5817506819255,125511,1958,1,"1"
1959.7506820156816,125501,1968,1,"1"
1993.6008749004761,125483,1986,1,"1"
2016.1391251595742,125480,1989,1,"1"
2034.1512963876805,125469,2000,1,"1"
2040.2679433228318,125451,2018,1,"1"
2047.487265962277,125448,2021,1,"1"
2054.7767441416518,125445,2024,1,"1"
2069.3154541347672,125436,2033,3,"3"
2069.9003809931673,125418,2051,1,"1"
2084.9580524270809,125400,2069,1,"1"
2092.4995498234448,125376,2093,4,"2-1-1"
2092.5821570237122,125358,2111,1,"1"
2103.2348039038216,125348,2121,1,"1"
2105.0802336789461,125330,2139,1,"1"
2107.7396337828673,125325,2144,1,"1"
2128.7673956346421,125313,2156,1,"1"
2144.4479470277865,125115,2354,11,"10-1"
2157.7729178875338,125112,2357,1,"1"
2164.9631861806988,124940,2529,11,"7-1-1-1-1"
2165.2273206430746,124937,2532,1,"1"
2166.5687227043122,124919,2550,1,"1"
2171.9768609313724,124905,2564,1,"1"
2173.8966311652653,124883,2586,2,"2"
2210.1374943357127,124878,2591,1,"1"
2225.0574445235598,124875,2594,1,"1"
2239.1277043147138,124857,2612,1,"1"
2243.1002042339433,124839,2630,1,"1"
2245.9469230092382,124833,2636,2,"2"
2250.3942844046755,124830,2639,1,"1"
2262.3152061353671,124818,2651,1,"1"
2262.6804140383688,124782,2687,2,"2"
2273.9509660933454,124764,2705,1,"1"
2283.2310378419388,124746,2723,1,"1"
2297.3883477741106,124728,2741,1,"1"
2298.2573541561346,124725,2744,1,"1"
2303.1145975276913,124713,2756,1,"1"
2305.9123277623366,124695,2774,1,"1"
2313.6033080187676,124671,2798,2,"2"
2315.8583736978148,124662,2807,3,"3"
2320.1106826167916,124500,2969,9,"9"
2328.8923447379279,124482,2987,1,"1"
2333.3973897100659,124475,2994,1,"1"
2344.7911832372829,124472,2997,1,"1"
2346.949841336329,124460,3009,2,"1-1"
2356.7427843092669,124046,3423,23,"14-6-2-1"
2356.7918059997169,124028,3441,1,"1"
2361.1023198262974,124010,3459,1,"1"
2363.4815010199536,123996,3473,1,"1"
2373.1578393329983,123990,3479,2,"2"
2389.1320639569699,123976,3493,1,"1"
2397.0520752646844,123964,3505,1,"1"
2398.2252101158751,123957,3512,1,"1"
2399.3612198242995,123950,3519,1,"1"
2412.7025727089695,123936,3533,2,"2"
2418.8361662396965,123922,3547,2,"2"
2420.4903821923917,123904,3565,1,"1"
2432.3824851129052,123870,3599,4,"2-1-1"
2454.8147410633401,123862,3607,2,"1-1"
2465.8378278265386,123754,3715,7,"6-1"
2466.558043252297,123736,3733,1,"1"
2467.9415112374159,123698,3771,3,"2-1"
2481.9263907691711,123680,3789,1,"1"
2485.4824811566882,123662,3807,1,"1"
2495.3472100672061,123648,3821,1,"1"
2499.0992216608443,123620,3849,6,"4-1-1"
2504.20976642812,123617,3852,1,"1"
2510.3459512439922,123612,3857,1,"1"
2510.5816454590463,123594,3875,1,"1"
2525.0023901790037,123576,3893,1,"1"
2532.4392446379188,123558,3911,1,"1"
2546.1737493256719,123548,3921,1,"1"
2546.7041840010224,123538,3931,1,"1"
2548.8560219104211,123479,3990,6,"1-1-1-1-1-1"
2577.6406269171803,123469,4000,2,"1-1"
2587.2041704486332,123451,4018,1,"1"
2606.4969833678647,123433,4036,1,"1"
2614.8244300978331,123397,4072,2,"1-1"
2629.6603053695562,123379,4090,2,"1-1"
2631.6926573803162,123361,4108,1,"1"
2640.0459515341377,123351,4118,2,"2"
2666.9144118405179,123341,4128,1,"1"
2674.9613743822415,123329,4140,1,"1"
2675.6131155212061,123311,4158,1,"1"
2678.004417125263,123271,4198,8,"3-2-1-1-1"
2681.6762550295525,123253,4216,1,"1"
2703.1736178458773,123239,4230,2,"2"
2705.1485295566099,123221,4248,1,"1"
2707.1858288968374,123212,4257,1,"1"
2712.0761244779578,123200,4269,1,"1"
2722.1351951570932,123182,4287,1,"1"
2726.5003365545494,123177,4292,1,"1"
2727.3816528203788,123161,4308,1,"1"
2733.3719920389585,123143,4326,1,"1"
2735.0728655349089,123099,4370,3,"2-1"
2735.9516447928827,123082,4387,3,"3"
2737.1360553595837,123071,4398,1,"1"
2737.742956343438,122975,4494,7,"2-2-1-1-1"
2737.8755811276974,122961,4508,1,"1"
2741.5793626279856,122943,4526,1,"1"
2746.2190252283467,122925,4544,1,"1"
2746.4145349181954,122920,4549,1,"1"
2763.0038025163822,122868,4601,4,"3-1"
2764.8516876068684,122850,4619,1,"1"
2773.5567510329652,122832,4637,1,"1"
2774.9079163945758,122814,4655,1,"1"
2778.1067606140896,122778,4691,2,"1-1"
2782.7764514129949,122775,4694,1,"1"
2783.4627918697279,122757,4712,1,"1"
2794.9006737039094,122721,4748,2,"1-1"
2811.6021292086607,122695,4774,2,"1-1"
2818.3202083054944,122677,4792,1,"1"
2823.7856263504859,122659,4810,1,"1"
2826.6313180246161,122656,4813,1,"1"
2830.13429989936,122638,4831,1,"1"
2841.4331996280825,122631,4838,1,"1"
2848.1431271538936,122617,4852,2,"2"
2848.7929573023571,122604,4865,1,"1"
2852.2093868190113,122568,4901,2,"1-1"
2853.4785290866885,122561,4908,1,"1"
2867.7909276964938,122543,4926,1,"1"
2872.401135764761,122493,4976,5,"2-1-1-1"
2891.1079428209741,122447,5022,3,"3"
2896.5161050430775,122415,5054,3,"1-1-1"
2904.8127214397496,122397,5072,1,"1"
2906.3354999352732,122361,5108,2,"1-1"
2910.0559799039052,122347,5122,1,"1"
2913.3897214203826,122311,5158,2,"2"
2933.0609231864655,122293,5176,1,"1"
2939.6297202749374,122290,5179,1,"1"
2940.4868413684944,122272,5197,1,"1"
2956.7504450569936,122254,5215,1,"1"
2976.6838329796437,122173,5296,5,"4-1"
2986.0642514882275,122007,5462,12,"6-2-1-1-1-1"
2993.7202112728442,121997,5472,1,"1"
3006.8812707477236,121961,5508,2,"2"
3012.4380436643851,121943,5526,1,"1"
3016.7100886438366,121927,5542,1,"1"
3017.1045308412981,121909,5560,1,"1"
3017.5183014232257,121895,5574,1,"1"
3022.7668554752281,121878,5591,1,"1"
3028.5456955286027,121860,5609,1,"1"
3033.3264343730311,121842,5627,1,"1"
3052.5359644685136,121824,5645,1,"1"
3068.5559878267018,121808,5661,2,"2"
3068.5944461103163,121805,5664,1,"1"
3078.7386068261803,121781,5688,2,"2"
3085.2568458151122,121778,5691,1,"1"
3110.1595293201972,121762,5707,1,"1"
3112.1142243572649,121738,5731,2,"1-1"
3113.4232867250175,121727,5742,1,"1"
3117.5623050373706,121709,5760,1,"1"
3118.8329479117206,121691,5778,1,"1"
3120.3577515453039,121684,5785,1,"1"
3149.3784531726819,121666,5803,1,"1"
3152.3151014832611,121648,5821,1,"1"
3153.2265070929184,121642,5827,2,"2"
3154.4644861093807,121630,5839,1,"1"
3155.1862668485128,121612,5857,1,"1"
3156.6373811929725,121600,5869,1,"1"
3162.6893539685475,121586,5883,2,"2"
3164.6678429481117,121572,5897,2,"2"
3171.6792255759588,121555,5914,3,"2-1"
3182.5407903657288,121477,5992,6,"3-2-1"
3189.7434425741531,121459,6010,1,"1"
3192.7196879415956,121452,6017,1,"1"
3201.2683107967523,121440,6029,2,"1-1"
3201.283559641769,121356,6113,6,"2-2-1-1"
3203.9960735075974,121266,6203,7,"3-1-1-1-1"
3206.6232951119005,121248,6221,1,"1"
3206.6542346923402,121225,6244,3,"1-1-1"
3207.4235424536255,121209,6260,1,"1"
3208.0303776355649,121191,6278,1,"1"
3221.9008993341881,120785,6684,28,"9-5-3-2-2-2-1-1-1-1-1"
3240.9162343630619,120767,6702,1,"1"
3241.5369933698566,120749,6720,1,"1"
3257.6209416246306,120731,6738,1,"1"
3261.9269950941552,120713,6756,1,"1"
3267.4648080449142,120706,6763,1,"1"
3268.4452922401283,120688,6781,1,"1"
3282.6536812834738,120588,6881,7,"4-2-1"
3285.4237721566938,120554,6915,2,"2"
3289.0454774376635,120544,6925,1,"1"
3293.3832174054937,120508,6961,2,"2"
3298.5086052993556,120501,6968,1,"1"
3313.0954036346116,120483,6986,1,"1"
3315.648955848832,120465,7004,1,"1"
3319.7360312940614,120455,7014,2,"2"
3323.8745160155363,120437,7032,1,"1"
3338.3143380202018,120419,7050,1,"1"
3346.5013638075989,120383,7086,2,"1-1"
3347.8147280359672,120347,7122,2,"2"
3352.2581693872085,120340,7129,1,"1"
3355.1713054920065,120326,7143,2,"1-1"
3363.0714684170375,120317,7152,1,"1"
3371.4734582180049,120301,7168,2,"1-1"
3378.5872667664676,120288,7181,1,"1"
3380.3707927165287,120170,7299,8,"4-2-1-1"
3383.9598431934883,120134,7335,2,"2"
3387.9427845938353,120109,7360,3,"2-1"
3388.9224457325081,120091,7378,1,"1"
3388.9665696607517,120055,7414,2,"2"
3389.8468539778542,0,127469,6822,"6822"
----------------------------------------------9
0,127469,0,0,"0"
103.03493052293702,127451,18,1,"1"
135.592784895829,127448,21,1,"1"
146.78090446753737,127447,22,1,"1"
178.33717474397122,127446,23,1,"1"
251.75093192518025,127445,24,1,"1"
255.68828288078439,127442,27,1,"1"
278.71279265368469,127430,39,1,"1"
357.15150758533002,127420,49,1,"1"
368.77633007251467,127417,52,1,"1"
390.35267002832143,127399,70,1,"1"
397.70787885965268,127398,71,1,"1"
431.26697174367564,127397,72,1,"1"
437.64204385167812,127396,73,1,"1"
438.12439895338696,127395,74,1,"1"
439.76099046664018,127377,92,1,"1"
440.43499496702481,127376,93,1,"1"
451.69399268002394,127375,94,1,"1"
459.91610871263566,127374,95,1,"1"
463.07955936167451,127367,102,1,"1"
489.8051390529472,127366,103,1,"1"
518.63010682250706,127354,115,1,"1"
522.45812296804866,127353,116,1,"1"
527.86212017177593,127352,117,1,"1"
528.90173586287051,127334,135,1,"1"
550.58416833340993,127316,153,1,"1"
551.07290516356579,127315,154,1,"1"
562.75265110046621,127314,155,1,"1"
600.26225257939484,127284,185,2,"2"
612.36179459054927,127281,188,1,"1"
637.60529681380012,127263,206,1,"1"
639.20813896506468,127245,224,1,"1"
649.07799362909532,127236,233,1,"1"
651.15290102496112,127218,251,1,"1"
651.60528008325184,127215,254,1,"1"
708.06015913449028,127197,272,1,"1"
712.14937604273211,127179,290,1,"1"
725.51045935701973,127161,308,1,"1"
727.3799069847621,127149,320,1,"1"
727.8655303606688,127136,333,1,"1"
733.88151565380679,127118,351,1,"1"
738.19910072129471,127115,354,1,"1"
753.10736692704677,127097,372,1,"1"
754.23464732682896,127096,373,1,"1"
757.28141171391189,127078,391,1,"1"
757.60762180941276,127075,394,1,"1"
765.65517696071709,127072,397,1,"1"
771.41378736154775,127069,400,1,"1"
784.2556185284235,127057,412,1,"1"
785.78975504058292,127055,414,2,"2"
806.25623423574575,127031,438,2,"2"
810.63347121815707,126985,484,3,"2-1"
824.25136255912332,126982,487,1,"1"
835.43355361911972,126976,493,2,"2"
838.19550953931332,126958,511,1,"1"
850.5555912570419,126957,512,1,"1"
850.56509920156645,126955,514,2,"2"
855.87448037536001,126954,515,1,"1"
856.17117862125019,126953,516,1,"1"
860.10868496323508,126950,519,1,"1"
860.25449472204207,126932,537,1,"1"
868.67881205960589,126930,539,2,"2"
889.30342641651544,126912,557,1,"1"
895.64332913300643,126894,575,1,"1"
905.20719256340567,126893,576,1,"1"
910.34954963470273,126892,577,1,"1"
913.90488185188065,126891,578,1,"1"
921.3667164840266,126877,592,1,"1"
927.94556742556665,126868,601,1,"1"
934.09865091193444,126850,619,1,"1"
940.35891908972962,126832,637,1,"1"
947.90419544761926,126829,640,1,"1"
950.59614142231055,126811,658,1,"1"
971.03087591852261,126809,660,2,"2"
974.77387540088148,126808,661,1,"1"
1000.9102946801561,126807,662,1,"1"
1001.9589519351449,126802,667,1,"1"
1018.0594562230141,126801,668,1,"1"
1023.9358721604519,126800,669,1,"1"
1033.4739738798305,126797,672,1,"1"
1061.8214037603714,126796,673,1,"1"
1069.2140072702264,126778,691,1,"1"
1075.9340897160491,126777,692,1,"1"
1083.0661758011854,126776,693,1,"1"
1108.9488864815248,126758,711,1,"1"
1111.4661956214629,126757,712,1,"1"
1113.2513889415454,126755,714,2,"1-1"
1138.1912083072818,126747,722,2,"1-1"
1143.7111790014385,126746,723,1,"1"
1145.9372539162428,126726,743,2,"2"
1151.4822635927042,126719,750,1,"1"
1151.9206840563947,126714,755,1,"1"
1154.9538923655523,126711,758,1,"1"
1188.717802754999,126697,772,1,"1"
1220.0472053390774,126685,784,1,"1"
1225.7800383600852,126682,787,1,"1"
1227.9140003614989,126672,797,2,"2"
1232.5716278197285,126671,798,1,"1"
1242.6274280480241,126653,816,1,"1"
1245.5284910750806,126635,834,1,"1"
1255.689891032144,126617,852,1,"1"
1256.2325451987933,126614,855,1,"1"
1263.3885975195285,126611,858,1,"1"
1286.712592268118,126593,876,1,"1"
1319.7693737823265,126575,894,1,"1"
1352.2646013675987,126557,912,1,"1"
1352.6538568612814,126547,922,1,"1"
1371.9864958027183,126544,925,1,"1"
1382.3876091834545,126543,926,1,"1"
1419.9408693444957,126525,944,1,"1"
1431.6868111154013,126513,956,1,"1"
1440.7147675559872,126510,959,1,"1"
1450.989869492201,126507,962,1,"1"
1466.1056367720564,126506,963,1,"1"
1479.5246874026868,126499,970,1,"1"
1479.8664338264534,126489,980,4,"3-1"
1494.5101789810597,126471,998,1,"1"
1497.3696066585367,126461,1008,1,"1"
1502.0797470757318,126443,1026,1,"1"
1541.6257100347082,126425,1044,1,"1"
1548.1325440276244,126416,1053,1,"1"
1548.4073011134576,126398,1071,1,"1"
1550.8422181778374,126397,1072,1,"1"
1554.8201930841528,126391,1078,2,"1-1"
1572.5064447398868,126380,1089,3,"2-1"
1572.5840337897978,126377,1092,1,"1"
1581.4283839745708,126373,1096,2,"1-1"
1584.6499312591359,126361,1108,1,"1"
1591.7260386929752,126356,1113,1,"1"
1597.6839409712823,126338,1131,1,"1"
1624.0658195952867,126321,1148,1,"1"
1624.9832587590936,126318,1151,1,"1"
1632.194383320066,126302,1167,1,"1"
1634.8954909964871,126299,1170,3,"3"
1635.264356401912,126292,1177,1,"1"
1640.9263810129057,126274,1195,1,"1"
1648.9432129226004,126260,1209,1,"1"
1649.3685393152107,126242,1227,1,"1"
1657.6377768185866,126230,1239,1,"1"
1663.1775738229669,126212,1257,1,"1"
1678.554788104,126209,1260,1,"1"
1678.6046161113329,126206,1263,1,"1"
1679.9633034748676,126196,1273,1,"1"
1680.316859395866,126191,1278,1,"1"
1680.3442908702161,126173,1296,1,"1"
1682.8357905371993,126170,1299,1,"1"
1691.2755634055136,126158,1311,1,"1"
1760.1912329959682,126149,1320,1,"1"
1767.4704149269508,126146,1323,1,"1"
1767.4849577154905,126126,1343,4,"3-1"
1785.1981814634457,126123,1346,1,"1"
1793.4113089595996,126087,1382,2,"2"
1802.356483856908,126073,1396,1,"1"
1825.5775137561052,126068,1401,1,"1"
1827.7574897424849,126052,1417,1,"1"
1836.465736045845,126038,1431,1,"1"
1848.7227797530322,126029,1440,1,"1"
1861.9422448099788,126020,1449,3,"2-1"
1878.4075041953272,125984,1485,2,"1-1"
1885.5793093338461,125965,1504,3,"2-1"
1896.3136303332662,125947,1522,1,"1"
1909.1290828332208,125929,1540,1,"1"
1923.1135111994497,125911,1558,1,"1"
1928.7771006683208,125869,1600,8,"3-2-1-1-1"
1929.6834957983087,125866,1603,1,"1"
1968.1197234119898,125852,1617,1,"1"
1976.5553646527867,125834,1635,1,"1"
1980.5357934004592,125816,1653,1,"1"
1993.0334608613036,125798,1671,1,"1"
1999.284707089382,125792,1677,2,"2"
2002.7485334017265,125774,1695,1,"1"
2003.4392120597681,125756,1713,1,"1"
2028.2903351812515,125753,1716,1,"1"
2029.1089126786912,125735,1734,1,"1"
2032.4969457355116,125712,1757,3,"2-1"
2033.6977554647565,125707,1762,1,"1"
2045.3453764365486,125689,1780,1,"1"
2054.3971178604797,125671,1798,1,"1"
2065.3024972280464,125635,1834,2,"2"
2066.0311587980145,125617,1852,1,"1"
2067.0221899368566,125563,1906,3,"3"
2095.0076254263527,125545,1924,1,"1"
2098.1165791094249,125534,1935,1,"1"
2103.1153263822534,125516,1953,1,"1"
2119.7719684016201,125498,1971,1,"1"
2139.1523983104939,125480,1989,1,"1"
2141.6551328648543,125466,2003,1,"1"
2142.5731018481233,125449,2020,1,"1"
2143.2948163279957,125383,2086,5,"5"
2144.7636971663487,125365,2104,1,"1"
2169.3511152513402,125347,2122,1,"1"
2171.5269003827916,125344,2125,1,"1"
2171.6823974541389,125326,2143,1,"1"
2173.4400761028096,125308,2161,1,"1"
2179.5318330590785,125298,2171,1,"1"
2185.7867196559137,125280,2189,1,"1"
2191.6614655308927,125268,2201,1,"1"
2232.5327678952308,125262,2207,2,"2"
2249.936051962391,125252,2217,2,"2"
2260.3569254623858,125234,2235,1,"1"
2261.5627039401261,125214,2255,2,"2"
2263.0888122429978,125204,2265,2,"2"
2263.3304560624338,125201,2268,1,"1"
2263.7202394046794,125183,2286,1,"1"
2268.1936252564692,125145,2324,3,"2-1"
2272.1266219016347,125122,2347,3,"2-1"
2272.5165529150404,125104,2365,1,"1"
2276.0972704304982,125098,2371,2,"2"
2284.1821776462652,125084,2385,2,"2"
2294.8713093073743,125066,2403,1,"1"
2296.1876436699581,125048,2421,1,"1"
2297.4230006097282,125030,2439,1,"1"
2300.8621577889821,125012,2457,1,"1"
2312.845208881567,124994,2475,1,"1"
2318.0150333355018,124984,2485,2,"2"
2318.3779105167005,124968,2501,1,"1"
2319.0078138045251,124950,2519,1,"1"
2338.2274132047228,124947,2522,1,"1"
2339.9741849088687,124942,2527,1,"1"
2351.9166826718197,124930,2539,1,"1"
2360.7903880239319,124927,2542,1,"1"
2364.6903235191066,124909,2560,1,"1"
2387.4097753688065,124891,2578,1,"1"
2390.5837764612374,124879,2590,1,"1"
2407.123352752446,124876,2593,1,"1"
2431.0166963021193,124858,2611,1,"1"
2435.0451668995156,124840,2629,1,"1"
2443.9100817071044,124828,2641,1,"1"
2444.3590652635012,124798,2671,3,"3"
2453.5093229219656,124780,2689,1,"1"
2458.9676523134935,124768,2701,1,"1"
2461.5075114903002,124736,2733,3,"2-1"
2464.8562087023038,124718,2751,1,"1"
2491.0297431076428,124704,2765,1,"1"
2492.840721666797,124686,2783,1,"1"
2495.7774841813862,124668,2801,1,"1"
2497.1544866274398,124658,2811,2,"1-1"
2500.9593830920116,124655,2814,1,"1"
2532.1574338975529,124637,2832,1,"1"
2543.7636727762015,124613,2856,2,"1-1"
2545.6955195735745,124608,2861,1,"1"
2551.7810246106069,124590,2879,1,"1"
2556.9953972114768,124500,2969,5,"3-2"
2559.68815219415,124482,2987,1,"1"
2575.5056620344699,124454,3015,2,"1-1"
2582.1771198811357,124451,3018,1,"1"
2583.2420567720692,124440,3029,1,"1"
2588.6891272784601,124430,3039,2,"2"
2611.6914804191192,124412,3057,1,"1"
2613.0329853915764,124405,3064,1,"1"
2615.9599053076427,124377,3092,2,"2"
2626.8017530800403,124343,3126,2,"1-1"
2627.2279493808092,124331,3138,1,"1"
2634.4144996101295,124295,3174,3,"2-1"
2640.9214586271482,124179,3290,9,"3-1-1-1-1-1-1"
2643.0510092427976,124161,3308,1,"1"
2644.5404356871591,124143,3326,1,"1"
2645.3464320354969,124095,3374,4,"3-1"
2670.5882580390075,124077,3392,1,"1"
2673.7988453963435,124059,3410,1,"1"
2679.4385437898013,124056,3413,1,"1"
2684.5060005622818,124038,3431,1,"1"
2685.2324971437165,124033,3436,1,"1"
2686.2631952630263,124030,3439,1,"1"
2688.0597315307396,124017,3452,3,"2-1"
2690.5057477388641,123999,3470,1,"1"
2690.955024906626,123981,3488,1,"1"
2692.0393186080951,123978,3491,1,"1"
2694.6859733680785,123926,3543,8,"4-2-1-1"
2704.7982029202794,123908,3561,1,"1"
2715.0966597947472,123899,3570,1,"1"
2726.4164982919356,123863,3606,2,"1-1"
2749.664285949339,123852,3617,1,"1"
2759.1189864951743,123802,3667,4,"3-1"
2762.1769687916267,123784,3685,1,"1"
2764.2594379711081,123770,3699,1,"1"
2764.4364410341163,123752,3717,1,"1"
2765.5309048335089,123716,3753,2,"1-1"
2768.1053027097819,123698,3771,1,"1"
2771.9328161194544,123640,3829,6,"3-2-1"
2773.0709030723083,123635,3834,1,"1"
2779.4621009139992,123603,3866,2,"1-1"
2787.9359993720773,123575,3894,4,"2-2"
2789.3272123313868,123557,3912,1,"1"
2798.0885090213592,123507,3962,4,"2-1-1"
2801.9786468348534,123502,3967,1,"1"
2807.3704763311548,123492,3977,1,"1"
2813.618995039425,123474,3995,1,"1"
2814.4754567504897,123456,4013,1,"1"
2819.605810611924,123438,4031,1,"1"
2844.8032090949296,123362,4107,5,"5"
2856.9355319264705,123344,4125,1,"1"
2859.9975890406549,123146,4323,11,"9-1-1"
2865.344486608974,123139,4330,1,"1"
2869.0256613941301,123121,4348,1,"1"
2874.2578682518019,123103,4366,1,"1"
2875.9679318149242,123091,4378,1,"1"
2898.221728785873,123088,4381,1,"1"
2899.6747432552979,123070,4399,1,"1"
2900.4580707264831,123012,4457,4,"2-1-1"
2900.8785691437288,122958,4511,3,"2-1"
2903.9314840036905,122940,4529,1,"1"
2924.6406742256222,122926,4543,1,"1"
2933.4185646821325,122908,4561,1,"1"
2949.4226252759904,122872,4597,2,"2"
2957.8422679736605,122854,4615,1,"1"
2959.2862485640312,122804,4665,4,"2-1-1"
2966.9159027525388,122795,4674,1,"1"
2973.4334261721874,122777,4692,1,"1"
2976.5971400706871,122759,4710,1,"1"
2981.6082696374001,122723,4746,6,"2-2-1-1"
2984.8041739696596,122705,4764,1,"1"
2984.9474577849637,122700,4769,1,"1"
2988.5331832178199,122689,4780,1,"1"
2991.2428416096654,122671,4798,1,"1"
2992.173973282207,122653,4816,1,"1"
3008.7859541526045,122527,4942,7,"7"
3017.0759357787497,122509,4960,1,"1"
3022.2637186416709,122502,4967,1,"1"
3053.8031447321391,122484,4985,1,"1"
3057.4834805702062,122466,5003,1,"1"
3063.3076667893197,122448,5021,1,"1"
3066.4749389325616,122430,5039,1,"1"
3066.6533739336173,122394,5075,2,"2"
3077.414753208117,122376,5093,1,"1"
3077.6893566853682,122358,5111,1,"1"
3086.4138328769741,122344,5125,1,"1"
3092.6481181874674,122330,5139,2,"2"
3096.5164447919801,122317,5152,1,"1"
3100.6570827740356,122299,5170,1,"1"
3102.9088504969982,122281,5188,1,"1"
3113.9131216349538,122267,5202,4,"2-1-1"
3118.6394751711046,122260,5209,1,"1"
3119.6510443554357,122235,5234,3,"2-1"
3122.5311220324547,122212,5257,3,"3"
3123.4728067063206,122196,5273,1,"1"
3125.4039283435131,122187,5282,1,"1"
3139.5686591086328,122169,5300,1,"1"
3144.6820444937885,122151,5318,1,"1"
3146.7592758643545,122115,5354,2,"1-1"
3155.7254476927023,122097,5372,1,"1"
3161.8177114179803,122047,5422,5,"2-2-1"
3163.6675904266581,122037,5432,2,"1-1"
3170.4776000352922,122030,5439,1,"1"
3177.1895773015685,121994,5475,2,"1-1"
3178.7133813154146,121976,5493,1,"1"
3180.244279032549,121958,5511,1,"1"
3189.6270644944607,121942,5527,1,"1"
3194.1656642168386,121920,5549,4,"2-1-1"
3206.8680175307427,121886,5583,2,"1-1"
3212.2731642281656,121868,5601,1,"1"
3212.6482314118598,121850,5619,1,"1"
3220.5062155963687,121832,5637,1,"1"
3232.3978287612463,121814,5655,1,"1"
3234.8226212576956,121778,5691,2,"1-1"
3240.6354286102028,121773,5696,1,"1"
3245.9234056060991,121755,5714,1,"1"
3246.8022643151421,121737,5732,1,"1"
3250.3104253601286,121694,5775,4,"4"
3251.5012899696544,121656,5813,3,"3"
3251.9444746918016,121646,5823,2,"2"
3253.1771766473607,121548,5921,7,"2-2-2-1"
3263.3590454547161,121538,5931,2,"1-1"
3282.7900778970807,121520,5949,1,"1"
3285.5855790298924,121513,5956,1,"1"
3286.4777377797623,121495,5974,1,"1"
3296.4191757611143,121475,5994,2,"1-1"
3308.3098601942579,121426,6043,4,"4"
3320.85435750131,121419,6050,1,"1"
3322.2856494419602,121401,6068,1,"1"
3329.0746848735539,121388,6081,1,"1"
3331.5649359690701,121370,6099,1,"1"
3335.6631640285082,121352,6117,1,"1"
3341.9459399948041,121316,6153,2,"2"
3350.1474503140143,121275,6194,5,"2-2-1"
3352.4015977599242,121239,6230,2,"1-1"
3357.6224808692396,121203,6266,2,"2"
3360.6690094354722,121185,6284,1,"1"
3363.4697355018639,121149,6320,2,"1-1"
3363.6171427221611,121121,6348,2,"1-1"
3372.0113434792602,121082,6387,5,"2-1-1-1"
3373.8436699759768,121038,6431,8,"3-2-2-1"
3374.0626245478552,121006,6463,2,"1-1"
3376.5688458148629,120988,6481,1,"1"
3408.0510052080494,120974,6495,1,"1"
3408.1398378887325,120956,6513,1,"1"
3413.2991169445163,120938,6531,1,"1"
3417.3880322528535,120894,6575,3,"2-1"
3423.691887028725,120887,6582,1,"1"
3424.7137443229994,120811,6658,6,"2-2-1-1"
3425.7096379386326,120773,6696,3,"2-1"
3427.089561031074,120755,6714,1,"1"
3428.7094015570974,120737,6732,1,"1"
3429.8164237928472,0,127469,6857,"6857"
