f,num_active_particles,num_deleted_particles,total_deleted_rods,avalanche_sizes
0,120075,0,0,"0"
109.34721112385336,120057,18,1,"1"
200.32724461175991,120054,21,1,"1"
212.70331406694277,120042,33,1,"1"
271.43677820315554,120024,51,1,"1"
303.6971911437472,120023,52,1,"1"
316.95280119119008,120011,64,1,"1"
324.11045249565802,120010,65,1,"1"
355.93675310404154,120009,66,1,"1"
359.24437596170634,120002,73,1,"1"
366.91823486375074,120001,74,1,"1"
372.60871236519512,120000,75,1,"1"
401.23267276098443,119999,76,1,"1"
408.35497779359702,119998,77,1,"1"
422.69177487771145,119997,78,1,"1"
426.76287696589526,119992,83,1,"1"
427.84108396407981,119982,93,1,"1"
435.46940567051223,119979,96,1,"1"
440.43967716259976,119978,97,1,"1"
454.91310397420932,119976,99,2,"2"
476.92244470586985,119958,117,1,"1"
478.01609887926099,119957,118,1,"1"
487.21417642996761,119838,237,9,"8-1"
513.01933310569711,119837,238,1,"1"
515.977490211342,119827,248,2,"2"
525.28378671777102,119809,266,1,"1"
528.51410644350983,119808,267,1,"1"
538.0482342371057,119807,268,1,"1"
565.50984994602277,119804,271,1,"1"
579.30099465485034,119801,274,1,"1"
587.76934521543524,119800,275,1,"1"
600.80329695220155,119782,293,1,"1"
607.47065754383402,119781,294,1,"1"
608.84759444840302,119778,297,1,"1"
609.38156984704301,119742,333,2,"2"
611.57221422749012,119724,351,1,"1"
645.82757325517844,119723,352,1,"1"
649.07646137635095,119705,370,1,"1"
659.23624169843094,119704,371,1,"1"
665.86593413862818,119688,387,1,"1"
674.70684938150737,119687,388,1,"1"
680.56747640762069,119682,393,1,"1"
683.491235741575,119681,394,1,"1"
698.9418853779714,119680,395,1,"1"
742.67482850139288,119670,405,1,"1"
747.40312675750545,119652,423,1,"1"
748.3972706678245,119651,424,1,"1"
750.75437213201394,119650,425,1,"1"
765.77744621879435,119640,435,2,"2"
766.91138331757168,119639,436,1,"1"
768.44467619142358,119637,438,2,"2"
774.18348641360683,119635,440,2,"2"
785.38040084583872,119634,441,1,"1"
785.62004140955889,119624,451,1,"1"
791.35170022210116,119622,453,2,"2"
791.40865920133217,119568,507,3,"3"
791.7160265336139,119567,508,1,"1"
794.09853297393568,119566,509,1,"1"
807.18366741822422,119564,511,2,"2"
809.46100859463354,119563,512,1,"1"
814.95035392825866,119559,516,4,"4"
815.31616850070407,119557,518,2,"1-1"
839.90575909223162,119539,536,1,"1"
851.58682309588676,119536,539,1,"1"
856.65676968021626,119518,557,1,"1"
865.00157387633226,119517,558,1,"1"
866.47035496461763,119499,576,1,"1"
883.35470793894262,119481,594,1,"1"
888.10202424279942,119479,596,2,"2"
891.97200096446215,119461,614,1,"1"
894.1026677397,119443,632,1,"1"
895.12031170260104,119437,638,2,"2"
907.77670828703867,119419,656,1,"1"
914.16889498591763,119401,674,1,"1"
918.88277443250149,119400,675,1,"1"
922.15396529214058,119382,693,1,"1"
922.6151177019118,119364,711,1,"1"
924.58897894472511,119363,712,1,"1"
931.69623565466748,119362,713,1,"1"
932.12271193541471,119361,714,1,"1"
939.73362590626618,119359,716,2,"1-1"
944.17091034039424,119356,719,1,"1"
944.27929849812563,119346,729,1,"1"
954.09421540832091,119345,730,1,"1"
958.09656895292903,119331,744,6,"3-2-1"
961.5616466345831,119313,762,1,"1"
967.85979461466843,119295,780,1,"1"
994.07115509672553,119281,794,4,"2-1-1"
1003.0288643275096,119275,800,2,"2"
1004.7863080630809,119272,803,1,"1"
1011.3433085718456,119269,806,1,"1"
1030.3830696254893,119266,809,1,"1"
1044.9177995749637,119248,827,1,"1"
1058.2456932643167,119230,845,1,"1"
1106.6916761789457,119229,846,1,"1"
1109.6906383287762,119211,864,1,"1"
1112.3040876965251,119208,867,1,"1"
1114.2329689643318,119205,870,1,"1"
1150.3853484135414,119189,886,1,"1"
1154.8266498527848,119177,898,1,"1"
1165.671926098722,119174,901,1,"1"
1171.5560918993449,119171,904,1,"1"
1196.5025420471095,119168,907,1,"1"
1208.4250363439066,119150,925,1,"1"
1230.1636792898389,119147,928,1,"1"
1247.7377938174818,119139,936,2,"1-1"
1248.6542348951809,119136,939,1,"1"
1258.4171552440453,119122,953,1,"1"
1258.7887150641175,119115,960,1,"1"
1262.2283686126955,119097,978,1,"1"
1280.0221202768146,119092,983,1,"1"
1296.7530990098765,119082,993,1,"1"
1311.0399112433213,119069,1006,1,"1"
1316.4725324008937,119068,1007,1,"1"
1320.8025306866566,119066,1009,2,"1-1"
1321.4278174324254,119063,1012,1,"1"
1322.4014863509515,119060,1015,1,"1"
1333.951907333668,119057,1018,1,"1"
1380.470917113111,119039,1036,1,"1"
1380.921481312675,119029,1046,2,"1-1"
1400.4871297562479,119026,1049,1,"1"
1410.3854200951082,119011,1064,1,"1"
1421.4144462520192,119006,1069,1,"1"
1428.947587386336,119001,1074,1,"1"
1445.850806922946,118991,1084,1,"1"
1450.1481541327232,118973,1102,1,"1"
1462.9944092387148,118970,1105,1,"1"
1465.5594123637031,118958,1117,1,"1"
1475.0006844407997,118946,1129,1,"1"
1476.8094842388691,118932,1143,2,"2"
1482.5854408745902,118914,1161,1,"1"
1482.6308887739463,118896,1179,1,"1"
1485.0971166521529,118889,1186,1,"1"
1487.4830756124959,118888,1187,1,"1"
1501.2086757946076,118876,1199,1,"1"
1504.1327456150634,118866,1209,1,"1"
1504.8230964840868,118856,1219,1,"1"
1508.5559684142108,118838,1237,1,"1"
1519.8151005475056,118816,1259,2,"2"
1530.0197208227742,118798,1277,1,"1"
1538.6603108215731,118780,1295,1,"1"
1600.0425619141904,118762,1313,1,"1"
1604.0601718664132,118752,1323,1,"1"
1665.4614414695232,118740,1335,1,"1"
1684.602198847613,118722,1353,1,"1"
1689.9565896981942,118704,1371,1,"1"
1691.7719914022346,118695,1380,3,"3"
1694.286438240453,118677,1398,1,"1"
1722.5843531193379,118659,1416,1,"1"
1724.5206612259988,118641,1434,1,"1"
1729.9273193712411,118619,1456,4,"3-1"
1746.7141852685479,118589,1486,3,"3"
1762.3189275889586,118586,1489,1,"1"
1781.1008243044153,118572,1503,2,"2"
1783.4839208369722,118554,1521,1,"1"
1797.6147644461394,118547,1528,1,"1"
1803.5953079470314,118535,1540,1,"1"
1810.0337025844408,118523,1552,2,"1-1"
1822.366939918661,118505,1570,1,"1"
1824.2031761873291,118487,1588,1,"1"
1832.6129559596025,118473,1602,1,"1"
1836.5882419203469,118437,1638,2,"2"
1839.2346690768504,118427,1648,1,"1"
1844.7676681977543,118391,1684,2,"2"
1848.9493676453192,118355,1720,2,"2"
1849.8129888646856,118337,1738,1,"1"
1852.2731781343882,118319,1756,1,"1"
1864.7817429948409,118305,1770,1,"1"
1866.1497780304969,118287,1788,1,"1"
1867.8672949558613,118284,1791,1,"1"
1879.0617519338577,118266,1809,1,"1"
1884.6025877116185,118260,1815,2,"2"
1886.1314473424068,118253,1822,1,"1"
1928.3691169272215,118235,1840,1,"1"
1944.9968905480416,118232,1843,1,"1"
1946.272831295018,118214,1861,1,"1"
1950.0175704906089,118196,1879,1,"1"
1950.1370900559186,118183,1892,1,"1"
1954.6350574858773,118180,1895,1,"1"
1967.3903442000524,118164,1911,1,"1"
1982.052598146214,118151,1924,1,"1"
1982.3265837175534,118133,1942,1,"1"
1988.4519318285174,118115,1960,1,"1"
1990.9821451130315,118097,1978,1,"1"
1999.9614165064909,118092,1983,1,"1"
2000.0212078367977,118074,2001,1,"1"
2008.4300805536514,118069,2006,1,"1"
2017.1539774105324,118056,2019,1,"1"
2018.9211439595815,118053,2022,1,"1"
2034.5275627818714,118035,2040,1,"1"
2053.6340207788999,118024,2051,1,"1"
2067.0457290062177,118019,2056,1,"1"
2068.020495506807,118001,2074,1,"1"
2069.4634102623581,117983,2092,1,"1"
2071.1078188029401,117974,2101,3,"3"
2073.0980340239257,117956,2119,1,"1"
2083.0866365102765,117938,2137,1,"1"
2112.5783719280607,117935,2140,1,"1"
2116.797790804314,117930,2145,1,"1"
2125.5622390939329,117912,2163,1,"1"
2127.8928207459726,117896,2179,1,"1"
2128.1864939572947,117893,2182,1,"1"
2130.6251489980264,117887,2188,2,"2"
2140.539108294673,117869,2206,1,"1"
2150.8621537791637,117864,2211,1,"1"
2153.6865056068755,117859,2216,1,"1"
2154.1879142435482,117841,2234,1,"1"
2170.6071307626676,117828,2247,1,"1"
2191.1024617645257,117810,2265,1,"1"
2195.7469294916295,117796,2279,1,"1"
2198.9798610284388,117778,2297,1,"1"
2205.9566703363944,117762,2313,1,"1"
2207.4801477968822,117744,2331,1,"1"
2207.6634561426536,117728,2347,1,"1"
2208.6302115407429,117636,2439,7,"3-2-1-1"
2210.5349121803806,117402,2673,13,"12-1"
2210.8311539545448,117399,2676,1,"1"
2215.5111213732284,117381,2694,1,"1"
2218.9038234795553,117369,2706,1,"1"
2225.7803741766975,117351,2724,1,"1"
2234.2579204494632,117328,2747,2,"1-1"
2235.6602569359356,117310,2765,1,"1"
2236.0898067008857,117296,2779,2,"1-1"
2244.0864437063146,117267,2808,5,"3-1-1"
2246.7373438321001,117249,2826,1,"1"
2249.6140820659352,117237,2838,1,"1"
2253.4123472763199,117219,2856,1,"1"
2253.8971109119798,117201,2874,1,"1"
2258.1408601014286,117183,2892,1,"1"
2264.1650991673546,117178,2897,1,"1"
2278.4602618546601,117160,2915,1,"1"
2282.1242258632428,117142,2933,1,"1"
2290.7082857614319,117124,2951,1,"1"
2290.9522856724234,117113,2962,3,"2-1"
2298.6474524757423,117097,2978,1,"1"
2309.5421371465218,117079,2996,1,"1"
2317.6380240556382,117058,3017,3,"2-1"
2319.1787284047928,117052,3023,2,"2"
2319.574228225847,117034,3041,1,"1"
2334.4799456723126,117022,3053,1,"1"
2335.3338088593732,117019,3056,1,"1"
2358.3256111093442,116983,3092,2,"2"
2361.0413909994359,116965,3110,1,"1"
2363.0736377373996,116958,3117,1,"1"
2375.6592412920145,116955,3120,1,"1"
2377.291561371268,116937,3138,1,"1"
2383.7256057701466,116919,3156,1,"1"
2390.3685172699793,116910,3165,1,"1"
2395.2627358776608,116892,3183,1,"1"
2405.0160605975866,116874,3201,1,"1"
2406.5023678439265,116846,3229,2,"1-1"
2418.0741996185789,116834,3241,1,"1"
2420.8920625830992,116816,3259,1,"1"
2429.4005190500407,116806,3269,1,"1"
2431.5840219715342,116796,3279,1,"1"
2432.5609301664208,116783,3292,1,"1"
2435.0495212363953,116776,3299,1,"1"
2436.985482889731,116740,3335,2,"2"
2437.3753867653022,116668,3407,4,"2-1-1"
2440.0794457042798,116663,3412,1,"1"
2446.0434833215527,116627,3448,2,"1-1"
2458.2061409604362,116609,3466,1,"1"
2460.9072559238543,116591,3484,1,"1"
2468.9150041527209,116573,3502,1,"1"
2490.3795121515836,116555,3520,1,"1"
2497.083595487934,116499,3576,5,"4-1"
2501.4667454322462,116481,3594,1,"1"
2503.3614376002351,116463,3612,1,"1"
2520.7065290998908,116423,3652,3,"2-1"
2520.7835745454249,116403,3672,4,"4"
2525.5667760192041,116396,3679,1,"1"
2540.8798789847251,116386,3689,1,"1"
2543.0359729877196,116368,3707,1,"1"
2544.285206993733,116361,3714,1,"1"
2559.3863282529192,116356,3719,1,"1"
2563.069103907098,116344,3731,1,"1"
2570.8881383368744,116339,3736,1,"1"
2574.2295457932501,116329,3746,1,"1"
2589.6935381792118,116311,3764,1,"1"
2615.6279849584143,116293,3782,1,"1"
2616.1713087050962,116221,3854,4,"2-2"
2625.2367389730362,116212,3863,1,"1"
2628.8277251824265,116194,3881,1,"1"
2635.2372636387859,116158,3917,2,"1-1"
2652.3881792024595,116133,3942,2,"2"
2653.6914239227908,116124,3951,1,"1"
2654.7825202061285,116090,3985,3,"2-1"
2655.5863697944164,116085,3990,1,"1"
2670.0484553659949,116053,4022,2,"2"
2685.2796863809526,116029,4046,2,"2"
2691.1717504212429,115932,4143,7,"5-2"
2701.990054638839,115896,4179,2,"2"
2725.8472085662374,115878,4197,1,"1"
2736.1628047764548,115860,4215,1,"1"
2739.0377977138346,115842,4233,1,"1"
2740.2846272799206,115824,4251,1,"1"
2741.1719543048152,115773,4302,4,"1-1-1-1"
2751.2469615973887,115755,4320,1,"1"
2752.6138943405326,115737,4338,1,"1"
2764.5685336675397,115727,4348,2,"1-1"
2765.7994069335382,115709,4366,1,"1"
2768.0924861791082,115691,4384,1,"1"
2769.2982138239595,115677,4398,2,"2"
2769.6629057482305,115659,4416,1,"1"
2771.2050356163363,115650,4425,1,"1"
2780.4785374597532,115632,4443,1,"1"
2783.642929928275,115627,4448,1,"1"
2790.3046202768014,115610,4465,3,"2-1"
2793.0633551592623,115594,4481,4,"2-1-1"
2796.905096463764,115558,4517,2,"2"
2797.888789345101,115540,4535,1,"1"
2804.0144372255477,115535,4540,1,"1"
2817.2276797402801,115517,4558,1,"1"
2840.1174259831355,115499,4576,1,"1"
2844.7748676253209,115481,4594,1,"1"
2852.6806657896286,115463,4612,1,"1"
2861.1368389687659,115458,4617,1,"1"
2867.9529747777915,115440,4635,1,"1"
2869.6780695402854,115423,4652,1,"1"
2871.5322264318575,115413,4662,1,"1"
2873.4719091099018,115395,4680,1,"1"
2880.480917477716,115376,4699,3,"2-1"
2881.6294252769662,115358,4717,1,"1"
2887.2487413388621,115348,4727,1,"1"
2898.4182330870353,115330,4745,1,"1"
2901.0347056010701,115300,4775,2,"1-1"
2903.619563658619,115282,4793,1,"1"
2904.6610247185549,115244,4831,3,"3"
2910.2550763897257,115226,4849,1,"1"
2916.7074796867009,115208,4867,1,"1"
2918.0963173151999,115179,4896,3,"3"
2920.0314103500468,115161,4914,1,"1"
2924.366179403381,115139,4936,2,"2"
2927.1604151928987,115121,4954,1,"1"
2931.5464823447483,115097,4978,2,"2"
2948.9537502448293,115079,4996,1,"1"
2996.401672512663,115061,5014,1,"1"
3001.938556657667,115025,5050,2,"2"
3013.7015674060854,115015,5060,1,"1"
3013.8108779562453,115010,5065,1,"1"
3013.9670303770777,114992,5083,1,"1"
3014.8846141497625,114974,5101,1,"1"
3025.3958644630534,114878,5197,12,"4-4-3-1"
3030.4522721797871,114860,5215,1,"1"
3031.8420056991968,114831,5244,3,"3"
3051.244748405672,114795,5280,2,"2"
3068.5971953177764,114777,5298,1,"1"
3070.231343825466,114759,5316,1,"1"
3071.0336305924952,114723,5352,2,"1-1"
3083.9604224983909,114704,5371,3,"2-1"
3090.3753582641366,114668,5407,2,"2"
3091.5622017681094,114598,5477,5,"5"
3095.7460725673313,114580,5495,1,"1"
3103.0247976931951,114552,5523,2,"1-1"
3121.9842344027379,114534,5541,1,"1"
3123.3002483980054,114498,5577,2,"2"
3125.6075938339814,114478,5597,2,"1-1"
3125.9613300461924,114420,5655,4,"3-1"
3126.7370192557091,114402,5673,1,"1"
3130.4012344920807,114384,5691,1,"1"
3134.0701663939958,114330,5745,3,"1-1-1"
3144.7903515227131,114312,5763,1,"1"
3155.8135114816923,114276,5799,2,"2"
3166.9816896538805,114269,5806,1,"1"
3186.1228279299917,114251,5824,1,"1"
3189.5842543056569,114240,5835,1,"1"
3192.233478197305,114190,5885,4,"2-2"
3194.6583509734032,114172,5903,1,"1"
3195.1373235908659,114154,5921,1,"1"
3204.2179275755088,114118,5957,2,"2"
3207.0886489012769,114094,5981,2,"1-1"
3216.0115968571572,114076,5999,1,"1"
3221.9048848416678,114058,6017,1,"1"
3222.6252670289864,114040,6035,1,"1"
3225.37063253918,114033,6042,1,"1"
3236.0646219462542,114015,6060,1,"1"
3240.2035920718058,113997,6078,1,"1"
3241.1089632208609,113979,6096,1,"1"
3252.0904650856355,113925,6150,3,"1-1-1"
3258.8056671982154,113898,6177,3,"2-1"
3262.5113756541082,113846,6229,4,"2-1-1"
3268.2169167731872,113828,6247,1,"1"
3268.7476235731456,113810,6265,1,"1"
3283.3971285135335,113792,6283,1,"1"
3291.5045103357947,113778,6297,1,"1"
3307.3724644156191,113769,6306,1,"1"
3308.3522849046653,113751,6324,1,"1"
3310.3993399271735,113733,6342,2,"2"
3311.6399402706279,113715,6360,1,"1"
3315.2583404886273,113697,6378,1,"1"
3317.3285932389663,113679,6396,1,"1"
3337.8729756610437,113656,6419,3,"2-1"
3351.5112323816352,113638,6437,1,"1"
3358.5968574742883,113628,6447,2,"2"
3368.7011033145063,113610,6465,1,"1"
3371.8963573659494,113605,6470,1,"1"
3388.8058434685358,113595,6480,1,"1"
3389.0199450875675,113577,6498,1,"1"
3397.4883079120636,113499,6576,10,"4-4-2"
3401.1947480908116,113481,6594,1,"1"
3403.5600729970329,113472,6603,1,"1"
3410.0654487313509,113462,6613,1,"1"
3423.4942580998245,113444,6631,1,"1"
3434.1915264099816,113426,6649,1,"1"
3434.2631941101527,113408,6667,1,"1"
3436.0111581509441,113354,6721,4,"2-1-1"
3439.5632351609079,113336,6739,1,"1"
3451.1600036792879,113325,6750,1,"1"
3451.4486826500656,113307,6768,1,"1"
3453.8364116406819,113271,6804,2,"2"
3457.5388659740333,113253,6822,1,"1"
3457.8793103046314,113246,6829,1,"1"
3459.4869985258483,113216,6859,3,"1-1-1"
3466.3158302736992,113118,6957,7,"3-2-1-1"
3472.5677920569947,113100,6975,1,"1"
3481.2694190785814,113051,7024,5,"3-1-1"
3487.3522327595874,113015,7060,2,"2"
3488.4473614485728,112997,7078,1,"1"
3497.7156856742558,112958,7117,3,"3"
3498.0444937799848,112940,7135,1,"1"
3516.6800595734658,112908,7167,3,"3"
3520.2229098408634,112903,7172,1,"1"
3535.7437136037038,112885,7190,1,"1"
3546.5622334950081,112867,7208,1,"1"
3547.7368381123365,112831,7244,2,"2"
3549.8306216145347,112813,7262,1,"1"
3551.403008069407,112801,7274,1,"1"
3552.0817133995592,112783,7292,1,"1"
3554.2493781725066,112747,7328,2,"2"
3556.8768228075619,112631,7444,11,"7-2-1-1"
3561.4388764343444,112613,7462,1,"1"
3564.1219315294816,112603,7472,1,"1"
3579.8719255019014,112585,7490,1,"1"
3580.7026907187333,112549,7526,2,"2"
3582.306786587254,112531,7544,1,"1"
3587.4794807895678,112513,7562,1,"1"
3598.8956451736467,112469,7606,3,"1-1-1"
3598.9416067725051,112451,7624,1,"1"
3600.6263957228512,0,120075,6352,"6352"
----------------------------------------------1
0,120075,0,0,"0"
85.534439575745139,120074,1,1,"1"
123.93981540701789,120073,2,1,"1"
126.607915831646,120068,7,1,"1"
191.25708540327454,120067,8,1,"1"
191.62583169852491,120066,9,1,"1"
198.55769951443528,120063,12,1,"1"
201.4162929717962,120062,13,1,"1"
246.71297650363579,120061,14,1,"1"
248.68371533716478,120058,17,1,"1"
291.02113621477463,120057,18,1,"1"
297.96055147471111,120039,36,1,"1"
329.63868821555877,120038,37,1,"1"
345.48328414396491,120037,38,1,"1"
345.53704769368562,120036,39,1,"1"
355.72947300175917,120018,57,1,"1"
362.40892872385513,120017,58,1,"1"
408.1747760238045,119999,76,1,"1"
434.48355286169834,119996,79,1,"1"
437.08922306480719,119995,80,1,"1"
440.18313511065355,119994,81,1,"1"
441.44750091849778,119978,97,1,"1"
449.41395488104405,119976,99,2,"2"
488.99262991518657,119975,100,1,"1"
508.27110463587019,119974,101,1,"1"
529.48340272190114,119973,102,1,"1"
543.07888201766889,119955,120,1,"1"
551.68695194068596,119953,122,2,"2"
560.06587858552405,119950,125,1,"1"
568.16495615442557,119932,143,1,"1"
571.07033333468303,119930,145,2,"1-1"
580.37579216356528,119928,147,2,"2"
583.19111200211216,119910,165,1,"1"
596.73218589678015,119892,183,1,"1"
604.66690351230261,119890,185,2,"2"
636.98357670971734,119872,203,1,"1"
638.9586879343351,119871,204,1,"1"
642.65329480763182,119861,214,1,"1"
660.35630384776516,119852,223,1,"1"
663.73925936850878,119847,228,1,"1"
676.01935556259502,119846,229,1,"1"
688.91929170853211,119828,247,1,"1"
696.11062769722503,119825,250,1,"1"
718.20691812544749,119818,257,1,"1"
732.8120293093549,119817,258,1,"1"
769.15966679249937,119816,259,1,"1"
772.99645178895662,119813,262,1,"1"
774.22662351112035,119803,272,2,"1-1"
778.79300153986969,119801,274,2,"2"
783.87831994780458,119800,275,1,"1"
788.31151637366349,119788,287,1,"1"
788.56776948264553,119770,305,1,"1"
792.9684583467415,119752,323,1,"1"
800.49318025720436,119751,324,1,"1"
800.88231730017606,119748,327,3,"2-1"
805.09659902707858,119746,329,2,"1-1"
815.66939326024021,119741,334,1,"1"
816.24585040612112,119723,352,1,"1"
826.74085541272723,119716,359,1,"1"
828.00685884315669,119704,371,1,"1"
836.38274683325585,119701,374,1,"1"
837.33012362917077,119700,375,1,"1"
846.62034081628042,119682,393,1,"1"
847.36978392922424,119679,396,1,"1"
849.0859272039902,119678,397,1,"1"
849.57464452014619,119677,398,1,"1"
854.03969671335096,119659,416,1,"1"
874.38476887781633,119656,419,1,"1"
875.71806225692637,119653,422,3,"2-1"
877.59231385308851,119644,431,3,"2-1"
878.433410840438,119631,444,3,"3"
887.2345367485018,119603,472,2,"2"
889.25495937238043,119585,490,1,"1"
890.99805726376724,119584,491,1,"1"
892.08145315567367,119574,501,1,"1"
896.77067424405823,119573,502,1,"1"
906.26624260580104,119570,505,1,"1"
925.20461506718698,119567,508,3,"1-1-1"
942.91084412459338,119564,511,1,"1"
945.17419286985455,119546,529,1,"1"
945.59441157862625,119528,547,1,"1"
948.83030038890593,119527,548,1,"1"
954.04315274070268,119525,550,2,"1-1"
975.7670802769801,119515,560,1,"1"
1004.5746075367703,119418,657,6,"6"
1020.4456456910815,119417,658,1,"1"
1026.3852411290165,119399,676,1,"1"
1056.2691517232843,119398,677,1,"1"
1057.1054931632987,119380,695,1,"1"
1070.1350093404048,119373,702,1,"1"
1072.6131953357244,119355,720,1,"1"
1112.4329735201354,119337,738,1,"1"
1121.9980846192962,119301,774,2,"2"
1149.0018553245197,119283,792,1,"1"
1184.4560992943575,119265,810,1,"1"
1190.7550454342213,119247,828,1,"1"
1192.2134443970203,119229,846,1,"1"
1202.7981306601964,119228,847,1,"1"
1217.1661649060973,119220,855,2,"1-1"
1219.0265990761625,119202,873,1,"1"
1221.4114021561397,119199,876,1,"1"
1224.8733146283469,119198,877,1,"1"
1226.3870235579343,119197,878,1,"1"
1227.6258989362782,119192,883,1,"1"
1227.6731880518744,119120,955,4,"4"
1246.0122738469324,119102,973,1,"1"
1251.6063265515556,119089,986,1,"1"
1253.2438471022351,119075,1000,2,"2"
1266.5527883590971,119057,1018,1,"1"
1266.8233926861974,119047,1028,1,"1"
1275.9912612729136,119044,1031,1,"1"
1276.1811831675577,119043,1032,1,"1"
1285.1674827977101,119034,1041,1,"1"
1286.13397590312,119016,1059,1,"1"
1291.0422555229213,118998,1077,1,"1"
1323.2173965687464,118995,1080,1,"1"
1338.2637724644744,118977,1098,1,"1"
1338.9323841802836,118968,1107,3,"2-1"
1353.7465288907254,118950,1125,1,"1"
1364.5100914896905,118932,1143,1,"1"
1366.3650421806815,118926,1149,2,"1-1"
1379.9685300182782,118923,1152,1,"1"
1380.3342795783142,118912,1163,3,"1-1-1"
1400.0812614388353,118909,1166,1,"1"
1415.5666670890578,118906,1169,1,"1"
1424.7170551943691,118892,1183,1,"1"
1428.1508722232516,118874,1201,1,"1"
1450.3926789896445,118864,1211,1,"1"
1454.4028452188347,118846,1229,1,"1"
1457.9238108653219,118845,1230,1,"1"
1469.6255846196802,118833,1242,2,"1-1"
1475.6107442386224,118830,1245,1,"1"
1480.2270168481375,118821,1254,1,"1"
1483.1063010411181,118818,1257,1,"1"
1496.8482861181492,118813,1262,1,"1"
1509.9064174727298,118795,1280,1,"1"
1513.9137113345942,118788,1287,1,"1"
1535.140848564296,118776,1299,1,"1"
1575.1517569327443,118773,1302,1,"1"
1581.7845322519279,118755,1320,1,"1"
1585.7749131576143,118745,1330,1,"1"
1597.9626713730761,118727,1348,1,"1"
1607.0600731413017,118709,1366,1,"1"
1610.5938335806404,118706,1369,1,"1"
1612.003826458827,118688,1387,1,"1"
1615.940811765513,118687,1388,1,"1"
1624.8893230020153,118675,1400,1,"1"
1630.6544016790647,118670,1405,1,"1"
1642.4505360760761,118652,1423,1,"1"
1648.1884662629498,118634,1441,1,"1"
1659.9140936441008,118616,1459,1,"1"
1661.1376113866047,118599,1476,1,"1"
1676.2304975036216,118581,1494,1,"1"
1676.85236165228,118545,1530,2,"1-1"
1703.8039843763142,118533,1542,1,"1"
1707.2170972656766,118528,1547,1,"1"
1708.7442494184093,118510,1565,1,"1"
1710.8462851167646,118492,1583,1,"1"
1712.0507244271344,118474,1601,1,"1"
1739.0873891658475,118464,1611,2,"2"
1757.966519846105,118428,1647,2,"1-1"
1792.4105928322606,118410,1665,1,"1"
1793.7164954160057,118392,1683,1,"1"
1811.0199306947991,118374,1701,1,"1"
1820.7023639053089,118356,1719,1,"1"
1826.8639474359661,118338,1737,1,"1"
1828.3108551168002,118331,1744,1,"1"
1832.8020946301356,118313,1762,1,"1"
1836.57836674179,118295,1780,1,"1"
1836.6333439256696,118281,1794,1,"1"
1842.5831228287268,118271,1804,2,"2"
1852.6430016902077,118217,1858,3,"1-1-1"
1872.314259480491,118199,1876,1,"1"
1886.6752434361035,118193,1882,2,"2"
1888.5050017990302,118175,1900,1,"1"
1913.5732245907018,118157,1918,1,"1"
1934.2436339308772,118152,1923,1,"1"
1940.3205328713402,118147,1928,1,"1"
1944.0238880617271,118141,1934,2,"2"
1945.4485251308149,118129,1946,1,"1"
1948.4906267666543,118115,1960,2,"2"
1954.9089488184914,118079,1996,2,"2"
1972.6979645621338,118061,2014,1,"1"
2001.0683192186632,118043,2032,1,"1"
2042.1872898679906,118034,2041,3,"2-1"
2047.7625553471285,118016,2059,1,"1"
2048.829823308527,117980,2095,2,"2"
2052.7206988638377,117968,2107,2,"1-1"
2074.9910353616319,117944,2131,2,"2"
2082.2184629360991,117939,2136,1,"1"
2082.5247526194453,117919,2156,4,"2-2"
2092.2963235490656,117901,2174,1,"1"
2107.9408596905218,117895,2180,2,"1-1"
2160.2254276277909,117877,2198,1,"1"
2174.1975876301804,117871,2204,2,"2"
2175.5902560038749,117868,2207,1,"1"
2177.3190692144995,117857,2218,1,"1"
2179.1796100403158,117839,2236,1,"1"
2179.6601302502741,117821,2254,1,"1"
2180.7200078825649,117818,2257,1,"1"
2183.1513510185987,117800,2275,1,"1"
2190.9998639685696,117770,2305,3,"3"
2198.6335607530004,117765,2310,1,"1"
2203.0163351281599,117745,2330,2,"2"
2210.0858849181782,117507,2568,17,"13-3-1"
2212.6550461599086,117504,2571,1,"1"
2222.9840878360665,117495,2580,1,"1"
2232.4915594247036,117477,2598,1,"1"
2232.6785663574769,117470,2605,1,"1"
2238.6522243334762,117459,2616,3,"2-1"
2242.6046708363428,117454,2621,1,"1"
2258.1822741855499,117436,2639,1,"1"
2272.2849636013038,117418,2657,1,"1"
2275.0086553175765,117400,2675,1,"1"
2286.6374478117696,117385,2690,3,"2-1"
2291.5217735181996,117367,2708,1,"1"
2303.4201492288125,117349,2726,1,"1"
2306.2125169312048,117332,2743,3,"3"
2306.7629916770297,117314,2761,1,"1"
2307.1121373064266,117296,2779,1,"1"
2312.5928627091894,117284,2791,1,"1"
2313.4076385747589,117266,2809,1,"1"
2313.9984435813908,117230,2845,2,"2"
2330.701835297511,117214,2861,1,"1"
2336.6465523115817,117196,2879,1,"1"
2338.0167644203816,117185,2890,1,"1"
2381.2477100550254,117167,2908,1,"1"
2395.6562920844945,117164,2911,1,"1"
2404.8289092937189,117146,2929,1,"1"
2405.6212056169888,117126,2949,4,"2-1-1"
2415.4885814284871,117108,2967,1,"1"
2416.4236391829036,117098,2977,2,"2"
2416.8212470012068,117080,2995,1,"1"
2417.655647675494,117071,3004,1,"1"
2420.0964742653296,117061,3014,1,"1"
2420.8134276131077,117052,3023,1,"1"
2433.6643732992175,117034,3041,1,"1"
2433.7921559285596,117016,3059,1,"1"
2435.2457835877267,117004,3071,1,"1"
2466.4974585179921,116994,3081,1,"1"
2470.7386593396836,116976,3099,1,"1"
2482.1412880101852,116958,3117,1,"1"
2487.0110470325249,116949,3126,1,"1"
2492.5004846192401,116936,3139,1,"1"
2510.0554314783453,116925,3150,3,"2-1"
2511.7250228962193,116901,3174,2,"2"
2513.2228604551606,116883,3192,1,"1"
2522.228307433973,116865,3210,1,"1"
2522.2968048342696,116849,3226,1,"1"
2529.3035492184281,116842,3233,1,"1"
2534.5397547913813,116824,3251,1,"1"
2536.4910341634004,116806,3269,1,"1"
2539.4341651033333,116794,3281,2,"1-1"
2540.2630210643365,116758,3317,2,"2"
2587.9916365802765,116734,3341,2,"2"
2590.3607183574691,116698,3377,2,"2"
2598.1753443073267,116666,3409,2,"1-1"
2599.1145215342149,116651,3424,1,"1"
2607.0502471668683,116629,3446,2,"1-1"
2607.6498404450244,116611,3464,1,"1"
2608.0700947968653,116593,3482,1,"1"
2612.2924996154297,116585,3490,2,"1-1"
2612.8972912029499,116567,3508,1,"1"
2614.2302639280288,116543,3532,2,"2"
2633.53093796959,116525,3550,1,"1"
2646.3021630616895,116511,3564,1,"1"
2656.4937182215008,116493,3582,1,"1"
2660.0637023760983,116475,3600,1,"1"
2662.4364520227846,116457,3618,1,"1"
2665.2326076047621,116413,3662,3,"1-1-1"
2670.9318427224252,116408,3667,1,"1"
2673.6567537992864,116390,3685,1,"1"
2683.8705511307162,116385,3690,1,"1"
2688.6419151149667,116367,3708,1,"1"
2691.823079502351,116331,3744,2,"2"
2692.4775404154962,116297,3778,3,"1-1-1"
2697.8699759900583,116277,3798,2,"1-1"
2702.343236065301,116259,3816,1,"1"
2731.6003251589241,116241,3834,1,"1"
2734.1315628080501,116213,3862,2,"1-1"
2750.1968696461986,116195,3880,1,"1"
2754.6077770744796,116177,3898,1,"1"
2755.1621872477122,116168,3907,1,"1"
2767.3927424371218,116159,3916,1,"1"
2767.990599680767,116150,3925,1,"1"
2775.9684284406121,116132,3943,1,"1"
2779.6141655455999,116120,3955,1,"1"
2784.0743152965592,116102,3973,1,"1"
2784.5828024809334,116082,3993,2,"2"
2786.6125926315863,116064,4011,1,"1"
2790.3369041453966,116028,4047,2,"2"
2791.2406277516911,115992,4083,2,"2"
2799.5994629057423,115974,4101,1,"1"
2800.7276985339377,115956,4119,1,"1"
2804.1484190621677,115938,4137,1,"1"
2825.8839251792415,115924,4151,2,"1-1"
2832.5849678731024,115890,4185,6,"2-1-1-1-1"
2836.5392203328747,115880,4195,2,"2"
2844.9980740171982,115774,4301,7,"3-1-1-1-1"
2848.7290196136651,115762,4313,1,"1"
2850.8884600636588,115744,4331,1,"1"
2854.4727873973061,115726,4349,1,"1"
2854.8096451930896,115708,4367,1,"1"
2858.7919876747774,115690,4385,1,"1"
2862.0961789081562,115681,4394,1,"1"
2871.181808588361,115663,4412,1,"1"
2872.3731191664228,115645,4430,1,"1"
2883.1865591147493,115627,4448,1,"1"
2889.4117348970162,115609,4466,1,"1"
2890.3013527531803,115591,4484,1,"1"
2891.4947617865237,115573,4502,1,"1"
2897.9986417913192,115566,4509,1,"1"
2901.238112412982,115548,4527,1,"1"
2912.1960873184485,115543,4532,1,"1"
2923.785337873318,115525,4550,1,"1"
2927.1180703532532,115514,4561,1,"1"
2928.9734301706931,115496,4579,1,"1"
2946.6595810883964,115456,4619,3,"2-1"
2950.9428414452573,115436,4639,2,"2"
2966.1804077654283,115418,4657,1,"1"
2967.1780653310284,115411,4664,1,"1"
2970.7642931543769,115393,4682,1,"1"
2975.4148315490429,115377,4698,1,"1"
2977.3148422811009,115359,4716,1,"1"
2987.5713572812256,115346,4729,1,"1"
2988.0561305290785,115336,4739,2,"2"
2995.1756129489522,115264,4811,4,"3-1"
3020.7260163975102,115246,4829,1,"1"
3027.3814845490347,115210,4865,2,"2"
3027.7372419803892,115203,4872,1,"1"
3050.6140311792565,115185,4890,1,"1"
3050.9982160814939,115167,4908,1,"1"
3051.5190403860411,115164,4911,1,"1"
3057.3779171340038,115146,4929,1,"1"
3060.7745658324375,115139,4936,1,"1"
3064.6585880125467,115121,4954,1,"1"
3065.2717519334901,115103,4972,1,"1"
3067.2866381269109,115085,4990,1,"1"
3069.0947264871506,115078,4997,1,"1"
3069.2308675308982,115066,5009,1,"1"
3076.4754312920563,115012,5063,3,"1-1-1"
3102.67420565149,115002,5073,1,"1"
3103.760955632958,114966,5109,2,"2"
3108.3485144036958,114948,5127,1,"1"
3108.7561031035566,114916,5159,2,"1-1"
3108.7659516916092,114900,5175,1,"1"
3117.3859341859034,114882,5193,1,"1"
3123.3612795920694,114836,5239,5,"3-2"
3133.4820963604852,114831,5244,1,"1"
3135.1125744773576,114819,5256,1,"1"
3136.207412125234,114816,5259,1,"1"
3140.8791544570381,114811,5264,1,"1"
3143.9299773119196,114793,5282,1,"1"
3148.2251509022985,114775,5300,1,"1"
3162.1548780102835,114757,5318,1,"1"
3177.0810336294953,114739,5336,1,"1"
3177.9456283999098,114685,5390,3,"3"
3178.1909373813482,114661,5414,2,"1-1"
3204.0427756782801,114643,5432,1,"1"
3206.9171409948422,114633,5442,1,"1"
3212.0125051263403,114615,5460,1,"1"
3229.5177434664074,114601,5474,1,"1"
3233.2925578652744,114571,5504,2,"1-1"
3234.1325941400619,114509,5566,5,"5"
3236.9621464008851,114491,5584,1,"1"
3251.7430804480973,114473,5602,1,"1"
3255.0011227513614,114445,5630,2,"2"
3258.4207526436444,114427,5648,1,"1"
3272.5519060011839,114415,5660,1,"1"
3280.9374718181525,114369,5706,3,"3"
3288.9811369254599,114355,5720,1,"1"
3290.1276042097584,114346,5729,1,"1"
3293.734067843207,114328,5747,1,"1"
3296.4454904298473,114087,5988,27,"5-3-3-2-2-2-2-2-1-1-1-1-1-1"
3298.290047167533,114069,6006,1,"1"
3302.7379612967093,114034,6041,3,"2-1"
3306.6481045299552,113998,6077,2,"1-1"
3307.806949613162,113988,6087,1,"1"
3308.3918421515764,113936,6139,6,"3-2-1"
3308.4591988736133,113900,6175,2,"2"
3310.0921447152473,113882,6193,1,"1"
3310.4783825358913,113828,6247,3,"2-1"
3315.8836388776244,113792,6283,2,"1-1"
3330.4090187069028,113774,6301,1,"1"
3345.6384406904626,113756,6319,1,"1"
3345.9792766164228,113747,6328,1,"1"
3352.0660074913021,113729,6346,1,"1"
3357.2473669532756,113720,6355,1,"1"
3367.0819561866865,113702,6373,1,"1"
3368.540566308187,113684,6391,1,"1"
3368.6163503418798,113672,6403,1,"1"
3369.3212398203741,113654,6421,1,"1"
3371.3390290708408,113636,6439,1,"1"
3374.9243436216652,113618,6457,1,"1"
3375.9522905995454,113578,6497,4,"2-1-1"
3384.6263496405486,113560,6515,1,"1"
3401.8260619474054,113506,6569,3,"1-1-1"
3408.3805578352767,113470,6605,2,"1-1"
3417.458424799875,113434,6641,2,"2"
3420.135340090213,113416,6659,1,"1"
3424.1461290347902,113398,6677,1,"1"
3425.8251087041344,113380,6695,1,"1"
3433.2088271138491,113321,6754,4,"3-1"
3442.2542353083727,113309,6766,2,"1-1"
3443.5030636066917,113243,6832,6,"4-2"
3446.9224951974843,113225,6850,1,"1"
3469.0768775685374,113176,6899,7,"3-2-1-1"
3471.357658756172,113158,6917,2,"2"
3475.72362610352,113140,6935,1,"1"
3476.7700637141297,113122,6953,1,"1"
3491.533596259741,113104,6971,1,"1"
3492.3298083496429,113086,6989,1,"1"
3492.6023879758936,113070,7005,2,"1-1"
3492.6607786834693,113046,7029,2,"1-1"
3499.2187695252192,113010,7065,2,"2"
3500.9762673751643,112994,7081,1,"1"
3511.5360746709171,112976,7099,1,"1"
3513.7062819806379,112958,7117,1,"1"
3515.0364026684674,112945,7130,1,"1"
3515.6645559171429,112873,7202,4,"3-1"
3516.5579145779257,112855,7220,1,"1"
3529.6994482036316,112819,7256,2,"2"
3533.9502886814857,112801,7274,1,"1"
3534.1400023479537,112783,7292,1,"1"
3536.9330587798204,112765,7310,1,"1"
3540.2450659430783,112657,7418,6,"6"
3540.4453849725419,112644,7431,1,"1"
3541.8251360856889,112524,7551,8,"4-2-1-1"
3542.326050734715,112511,7564,1,"1"
3542.7512229285899,112493,7582,1,"1"
3545.083005168523,112475,7600,1,"1"
3547.6649309320255,112457,7618,1,"1"
3549.5345383296303,112439,7636,1,"1"
3553.298595885256,112430,7645,1,"1"
3554.1025981803341,112420,7655,1,"1"
3563.702893585611,112402,7673,1,"1"
3563.7515520740776,112384,7691,1,"1"
3572.3590479903542,112366,7709,1,"1"
3574.5083145988519,112348,7727,1,"1"
3579.1269373275418,112284,7791,5,"2-2-1"
3579.4539789213204,112266,7809,1,"1"
3582.2407683016577,112230,7845,2,"2"
3583.3069007970375,112218,7857,1,"1"
3584.1857794368502,112157,7918,7,"3-2-1-1"
3593.0270293396134,112139,7936,1,"1"
3608.5636717292059,112121,7954,1,"1"
3616.0718079642684,112103,7972,1,"1"
3619.8774713043181,112085,7990,1,"1"
3623.3289274679764,111097,8978,57,"46-2-2-1-1-1-1-1-1-1"
3625.8775734992273,111079,8996,1,"1"
3633.0903697595777,110825,9250,18,"4-3-2-2-2-1-1-1-1-1"
3633.9662105230345,110807,9268,1,"1"
3639.2595418652913,110798,9277,1,"1"
3648.2065478681584,110780,9295,1,"1"
3648.4224336634666,110628,9447,10,"3-2-2-1-1-1"
3652.5863239516157,110618,9457,2,"1-1"
3657.0417970311719,110507,9568,9,"2-2-2-1-1-1"
3664.1093947147401,110497,9578,1,"1"
3665.748241088505,110479,9596,1,"1"
3676.0028191572305,110461,9614,1,"1"
3677.1942306066712,110443,9632,1,"1"
3678.203809756355,110407,9668,2,"1-1"
3689.7723495010819,110109,9966,19,"12-2-1-1-1-1-1"
3694.7480773417678,110021,10054,5,"2-1-1-1"
3704.2362464712883,110003,10072,1,"1"
3709.1261368681735,109985,10090,1,"1"
3713.0319251655337,0,120075,6200,"6200"
----------------------------------------------2
0,120075,0,0,"0"
70.023672127963749,120057,18,1,"1"
145.92454654066299,120039,36,1,"1"
151.30270339933864,120038,37,1,"1"
196.89879876708849,120037,38,1,"1"
206.47402225185834,120036,39,1,"1"
233.0834010094724,120018,57,1,"1"
249.80123199799525,120011,64,1,"1"
250.11801222311274,119993,82,1,"1"
290.43903701903565,119975,100,1,"1"
301.83034496406214,119974,101,1,"1"
313.97249509410153,119973,102,1,"1"
336.72303509544548,119955,120,1,"1"
343.76672760595932,119952,123,1,"1"
363.70154703960014,119951,124,1,"1"
367.83910095278713,119950,125,1,"1"
373.49948875445602,119948,127,2,"1-1"
384.56304443857988,119947,128,1,"1"
385.44340572104232,119946,129,1,"1"
387.61947363968102,119928,147,1,"1"
388.04586145994631,119927,148,1,"1"
433.38393838400077,119909,166,1,"1"
435.82457284968388,119908,167,1,"1"
440.89861079393319,119907,168,1,"1"
466.38897052277008,119906,169,1,"1"
470.84200934746644,119903,172,1,"1"
479.62418359061775,119885,190,1,"1"
493.06273880828564,119882,193,1,"1"
521.18734980843601,119879,196,3,"2-1"
552.43432563031445,119863,212,1,"1"
584.73096683099652,119845,230,1,"1"
595.97047916197744,119833,242,1,"1"
604.61949079066983,119831,244,2,"2"
605.06953286046735,119830,245,1,"1"
612.57872145462954,119828,247,2,"2"
630.12815428089016,119810,265,1,"1"
663.52261459344118,119808,267,2,"2"
682.12911316169459,119805,270,1,"1"
732.53594891884393,119802,273,3,"3"
732.58873820861083,119801,274,1,"1"
736.32465610898123,119800,275,1,"1"
740.50566419794563,119782,293,1,"1"
747.1153873933099,119779,296,1,"1"
758.80259601337616,119778,297,1,"1"
765.88562573419154,119768,307,1,"1"
766.38864381538815,119750,325,1,"1"
773.47885834574549,119732,343,1,"1"
779.77131284884297,119731,344,1,"1"
807.85429272997612,119713,362,1,"1"
818.4797156047656,119695,380,1,"1"
821.87679311507418,119693,382,2,"2"
829.2956781615917,119692,383,1,"1"
844.48964004126071,119674,401,1,"1"
845.93169394375229,119656,419,1,"1"
854.17474807206145,119655,420,1,"1"
856.50138552409339,119637,438,1,"1"
863.68194139736556,119634,441,1,"1"
864.02043604914013,119633,442,1,"1"
879.84812399507587,119597,478,2,"2"
889.5394279988692,119596,479,1,"1"
892.43305553620621,119595,480,1,"1"
895.06079886428506,119594,481,1,"1"
897.12196993642021,119592,483,2,"2"
897.51545320250727,119580,495,2,"1-1"
915.12323337474459,119579,496,1,"1"
929.30251000463431,119572,503,1,"1"
932.41062266232257,119554,521,1,"1"
938.18295569979364,119552,523,2,"2"
954.05244536247199,119549,526,1,"1"
956.62303779780063,119539,536,4,"3-1"
956.66730809328453,119537,538,2,"2"
961.23008409944396,119536,539,1,"1"
961.58746485676215,119533,542,1,"1"
964.5515126403385,119531,544,2,"2"
969.7289900089221,119528,547,3,"1-1-1"
972.76354013922753,119523,552,1,"1"
986.83442992898335,119487,588,2,"1-1"
1001.2106000043384,119469,606,1,"1"
1010.8418532079759,119451,624,1,"1"
1019.5641987597511,119437,638,1,"1"
1020.5316945651131,119419,656,1,"1"
1026.019441432054,119412,663,1,"1"
1028.4759544091567,119411,664,1,"1"
1030.695109230039,119296,779,7,"7"
1041.7638595890112,119278,797,1,"1"
1074.1765363483978,119260,815,1,"1"
1074.7962937738118,119254,821,2,"2"
1092.1809906871995,119251,824,1,"1"
1092.7816568463015,119215,860,2,"2"
1094.7332433796003,119214,861,1,"1"
1098.333481887496,119204,871,1,"1"
1100.8642072089187,119186,889,1,"1"
1103.110413581446,119183,892,1,"1"
1118.7186193258344,119173,902,1,"1"
1121.8665790872567,119155,920,1,"1"
1123.8339692779271,119137,938,1,"1"
1129.6057605427045,119121,954,1,"1"
1151.2802829804184,119103,972,1,"1"
1151.3736355270944,119098,977,1,"1"
1165.8343323177312,119092,983,2,"1-1"
1174.420725045632,119085,990,1,"1"
1197.2762720407745,119067,1008,1,"1"
1200.474411164055,119066,1009,1,"1"
1211.0336473634054,119048,1027,1,"1"
1211.2530903525524,119045,1030,1,"1"
1216.6176203272416,119031,1044,1,"1"
1221.0907787696942,119028,1047,1,"1"
1251.7027560231847,119010,1065,1,"1"
1261.4319170578824,119007,1068,3,"2-1"
1267.8983355633045,119004,1071,1,"1"
1290.0851545882581,118986,1089,1,"1"
1297.5144843417384,118983,1092,1,"1"
1300.6684407650118,118965,1110,1,"1"
1303.6824800030092,118947,1128,1,"1"
1327.8765440280015,118944,1131,1,"1"
1332.0611583210882,118943,1132,1,"1"
1348.0735068867816,118940,1135,1,"1"
1350.5821126305909,118922,1153,1,"1"
1350.5954987169978,118904,1171,1,"1"
1355.7775561560029,118903,1172,1,"1"
1358.4632894080701,118893,1182,2,"2"
1372.0359266467365,118883,1192,1,"1"
1392.9826745450978,118880,1195,1,"1"
1406.7045542855949,118877,1198,1,"1"
1421.3678316080782,118859,1216,1,"1"
1435.3959066946954,118841,1234,1,"1"
1440.4146550861462,118835,1240,2,"1-1"
1464.1512169480745,118832,1243,1,"1"
1470.9712607223464,118820,1255,4,"3-1"
1478.0483004649109,118802,1273,1,"1"
1487.0240794484694,118801,1274,1,"1"
1513.9166734799931,118785,1290,2,"1-1"
1532.1305008544105,118767,1308,1,"1"
1548.5198023561995,118758,1317,1,"1"
1570.9343210853565,118748,1327,1,"1"
1573.2716306157636,118743,1332,1,"1"
1580.1533350782693,118716,1359,3,"2-1"
1582.568194848787,118698,1377,2,"1-1"
1590.288854003813,118680,1395,1,"1"
1598.5151777510937,118654,1421,2,"1-1"
1602.443804203856,118636,1439,1,"1"
1602.5868571274891,118627,1448,3,"3"
1619.7206131483117,118618,1457,3,"1-1-1"
1632.7677488745921,118602,1473,1,"1"
1632.9749656662937,118584,1491,1,"1"
1656.3134467142861,118566,1509,1,"1"
1659.9710127405349,118548,1527,1,"1"
1662.9352841141824,118538,1537,1,"1"
1672.5329940988415,118537,1538,1,"1"
1692.9778998342106,118532,1543,1,"1"
1693.9982514644826,118514,1561,1,"1"
1707.5474876401556,118501,1574,1,"1"
1713.848361429003,118483,1592,1,"1"
1713.9280323837982,118465,1610,1,"1"
1719.1373778605462,118462,1613,1,"1"
1721.2822121764837,118457,1618,1,"1"
1721.3414069309042,118445,1630,1,"1"
1729.7314013114499,118442,1633,1,"1"
1733.1566764800286,118427,1648,1,"1"
1761.648786586991,118409,1666,1,"1"
1774.1934265656948,118406,1669,1,"1"
1777.3712593473472,118390,1685,2,"1-1"
1799.009707678123,118354,1721,2,"1-1"
1800.4195030136827,118339,1736,3,"2-1"
1809.8090273962243,118333,1742,2,"2"
1828.8579288012395,118315,1760,1,"1"
1837.8476783790713,118297,1778,1,"1"
1868.7101121712851,118271,1804,2,"1-1"
1889.2718336639953,118252,1823,5,"2-1-1-1"
1895.105802944453,118234,1841,1,"1"
1938.4590729644758,118200,1875,6,"3-1-1-1"
1948.1998849278602,118164,1911,2,"1-1"
1954.5520252224821,118146,1929,1,"1"
1963.3813058333517,118134,1941,1,"1"
1980.5188220807372,118116,1959,1,"1"
1987.6117526661237,118109,1966,1,"1"
1992.3444612073047,118091,1984,1,"1"
1992.6905916356338,118073,2002,1,"1"
1996.9118564942696,118055,2020,1,"1"
2005.976608570908,118037,2038,1,"1"
2007.2615662155729,118026,2049,1,"1"
2020.7516559799058,118010,2065,1,"1"
2023.5219071697011,117996,2079,1,"1"
2034.2628624478425,117990,2085,2,"1-1"
2038.2237069908692,117972,2103,1,"1"
2044.429149223253,117954,2121,1,"1"
2053.7988910153326,117949,2126,1,"1"
2054.8103539376966,117939,2136,1,"1"
2055.2378385895904,117927,2148,1,"1"
2077.4742632838024,117909,2166,1,"1"
2081.9697093841687,117891,2184,1,"1"
2083.9620976497604,117873,2202,1,"1"
2101.7599250537446,117855,2220,1,"1"
2103.8425994265667,117849,2226,2,"2"
2116.1594346014153,117846,2229,1,"1"
2120.5458181362078,117828,2247,1,"1"
2139.1657042366933,117812,2263,2,"1-1"
2140.8406052201394,117803,2272,1,"1"
2144.8497937094894,117635,2440,11,"6-3-2"
2152.0129956936926,117632,2443,1,"1"
2166.4144749462603,117614,2461,1,"1"
2167.9250995497837,117596,2479,1,"1"
2172.495995914901,117578,2497,1,"1"
2185.6290233016857,117560,2515,1,"1"
2186.5374196338062,117557,2518,1,"1"
2192.8824833960261,117554,2521,1,"1"
2198.5087100277005,117536,2539,1,"1"
2199.3641925109328,117518,2557,1,"1"
2240.2182777637713,117511,2564,1,"1"
2240.9566495570939,117493,2582,1,"1"
2247.8828860193912,117449,2626,4,"2-1-1"
2279.6767306751153,117435,2640,2,"1-1"
2281.4625836089031,117345,2730,5,"5"
2301.0595444179244,117327,2748,1,"1"
2328.7253427492556,117309,2766,1,"1"
2347.7968565762903,117291,2784,1,"1"
2357.2067426015587,117273,2802,1,"1"
2368.9773674940097,117255,2820,1,"1"
2375.9647270662399,117245,2830,2,"2"
2386.1836825798946,117217,2858,2,"1-1"
2386.33078330227,117199,2876,1,"1"
2387.8353482412645,117181,2894,1,"1"
2402.4525667969206,117178,2897,1,"1"
2406.4007527426265,117160,2915,1,"1"
2412.0924248921788,117142,2933,1,"1"
2418.8571711109835,117135,2940,1,"1"
2423.2626389197162,117117,2958,1,"1"
2424.4170924012346,117081,2994,2,"2"
2432.2641591092715,117057,3018,2,"2"
2435.7620179590863,117005,3070,3,"1-1-1"
2445.3409954817648,116987,3088,1,"1"
2447.6609443977973,116969,3106,1,"1"
2449.3667409733625,116933,3142,2,"2"
2453.9655697254975,116925,3150,2,"1-1"
2461.2467254857588,116907,3168,1,"1"
2486.7660464382293,116889,3186,1,"1"
2491.3199408310306,116871,3204,1,"1"
2501.4724752217367,116853,3222,1,"1"
2502.589288457315,116829,3246,2,"2"
2504.6072985772571,116817,3258,2,"1-1"
2507.848109236827,116805,3270,1,"1"
2515.2723408886695,116800,3275,1,"1"
2517.8512794535159,116790,3285,2,"2"
2521.6687187937578,116754,3321,2,"2"
2528.3995597862172,116744,3331,1,"1"
2541.6226946831694,116726,3349,1,"1"
2550.5539214245555,116703,3372,3,"3"
2555.3349070020699,116667,3408,2,"1-1"
2562.0957232544938,116649,3426,1,"1"
2567.8048605535168,116602,3473,4,"3-1"
2575.024426887609,116584,3491,1,"1"
2581.450381261337,116567,3508,1,"1"
2587.2450667013477,116560,3515,1,"1"
2589.2327540487654,116547,3528,1,"1"
2605.6052125488059,116529,3546,1,"1"
2608.1419164363438,116511,3564,1,"1"
2611.1862312742774,116493,3582,1,"1"
2612.634048095591,116477,3598,1,"1"
2619.0011451928572,116463,3612,1,"1"
2619.8676237994614,116453,3622,1,"1"
2620.8994727480467,116441,3634,1,"1"
2631.4005195560426,116436,3639,1,"1"
2639.0161433616468,116418,3657,1,"1"
2654.086839906885,116400,3675,1,"1"
2664.5792619792974,116395,3680,1,"1"
2668.5217008916943,116379,3696,1,"1"
2671.1608928402188,116366,3709,1,"1"
2672.6631061231765,116348,3727,1,"1"
2682.5300648320685,116330,3745,1,"1"
2683.5175941709958,116312,3763,1,"1"
2685.6922891701602,116295,3780,3,"2-1"
2693.817158175666,116280,3795,1,"1"
2701.984957799576,116262,3813,1,"1"
2703.7950374169573,116230,3845,2,"1-1"
2710.6212512477277,116210,3865,2,"1-1"
2721.8269141593714,115994,4081,12,"10-1-1"
2722.5066309043887,115976,4099,1,"1"
2726.289116499875,115958,4117,1,"1"
2732.5896947702195,115933,4142,3,"1-1-1"
2732.998118662967,115910,4165,2,"1-1"
2736.9770287762449,115892,4183,1,"1"
2743.127128733579,115878,4197,2,"1-1"
2747.7298492903128,115860,4215,1,"1"
2758.160184379582,115794,4281,5,"2-1-1-1"
2762.3142665710257,115776,4299,1,"1"
2763.6320563691761,115761,4314,1,"1"
2764.1719488872013,115743,4332,1,"1"
2765.5217733191575,115733,4342,1,"1"
2785.8025201225419,115633,4442,8,"2-1-1-1-1-1-1"
2787.0938720850645,115615,4460,1,"1"
2805.9346864633371,115597,4478,1,"1"
2808.3457971054286,115592,4483,1,"1"
2811.94364026211,115574,4501,1,"1"
2814.5610509876842,115567,4508,1,"1"
2820.5532978602159,115549,4526,1,"1"
2835.2043972847659,115546,4529,1,"1"
2846.8969581702918,115528,4547,1,"1"
2847.9838072202474,115516,4559,1,"1"
2855.8077163749344,115498,4577,1,"1"
2877.2554475384745,115480,4595,1,"1"
2884.1185697952815,115444,4631,2,"2"
2898.7654682822272,115439,4636,1,"1"
2905.222441344722,115421,4654,1,"1"
2906.2892400824317,115409,4666,1,"1"
2910.1811493857626,115391,4684,1,"1"
2914.1691069838803,115378,4697,3,"2-1"
2923.0548641477158,115360,4715,1,"1"
2933.9704747825822,115324,4751,2,"2"
2937.3249678468324,115306,4769,1,"1"
2948.5524134969196,115288,4787,1,"1"
2961.4060965861877,115252,4823,2,"2"
2968.887829800467,115238,4837,1,"1"
2970.4487650285159,115220,4855,1,"1"
2971.0542155636012,115202,4873,1,"1"
2976.178395394812,115190,4885,1,"1"
2983.2635882516552,115154,4921,2,"1-1"
2986.1499568263589,115139,4936,1,"1"
3001.0855540684443,115121,4954,1,"1"
3003.0972717695868,115112,4963,1,"1"
3003.134752378096,115094,4981,1,"1"
3003.8995776339443,115084,4991,1,"1"
3006.9272018562096,114974,5101,9,"3-3-2-1"
3012.3616554978344,114962,5113,1,"1"
3013.0595537925465,114944,5131,1,"1"
3017.7935974538123,114908,5167,2,"2"
3021.1248529663412,114890,5185,1,"1"
3026.9528982187676,114872,5203,1,"1"
3028.7847472578651,114854,5221,1,"1"
3035.7077550685503,114808,5267,4,"2-1-1"
3036.9832069004706,114744,5331,8,"5-3"
3037.5578232165044,114686,5389,5,"3-2"
3049.6503172480357,114668,5407,1,"1"
3052.3835383365108,114661,5414,1,"1"
3079.3600056646846,114636,5439,5,"2-2-1"
3100.4403832948233,114624,5451,1,"1"
3108.2736643575818,114590,5485,3,"2-1"
3108.5992221500032,114572,5503,1,"1"
3118.9663402589463,114554,5521,1,"1"
3127.037611071532,114536,5539,1,"1"
3146.9816899148686,114518,5557,1,"1"
3150.0728134335586,114500,5575,1,"1"
3161.660386717127,114482,5593,1,"1"
3162.3521924918709,114464,5611,1,"1"
3164.3437534801242,114428,5647,3,"2-1"
3169.6875762380346,114410,5665,1,"1"
3181.8791838509987,114392,5683,1,"1"
3184.9435706298782,114374,5701,1,"1"
3197.7072870328211,114364,5711,1,"1"
3201.8332767258735,114262,5813,7,"3-2-1-1"
3206.1276578853203,114250,5825,1,"1"
3210.2465105813076,114198,5877,4,"2-1-1"
3222.2605911008204,114156,5919,6,"4-1-1"
3227.9559190530426,113992,6083,12,"4-3-2-1-1-1"
3229.6283767336095,113974,6101,1,"1"
3233.7204394857658,113956,6119,1,"1"
3233.7439931151393,113938,6137,1,"1"
3254.5455405727903,113920,6155,1,"1"
3254.756747247261,113902,6173,1,"1"
3258.8754800977204,113848,6227,3,"3"
3265.7263104201088,113830,6245,1,"1"
3266.4710759556815,113752,6323,5,"2-1-1-1"
3267.187240229805,113716,6359,2,"2"
3269.1502091483699,113698,6377,1,"1"
3270.9099928715336,113677,6398,3,"2-1"
3272.1858754945074,113659,6416,1,"1"
3278.863636738939,113652,6423,1,"1"
3283.7178450348524,113634,6441,1,"1"
3284.5261837739713,113625,6450,1,"1"
3285.09879528593,113607,6468,1,"1"
3291.300661175319,113592,6483,1,"1"
3293.8488105067736,113546,6529,5,"3-2"
3300.45938167144,113439,6636,10,"5-2-2-1"
3303.0053126083499,113305,6770,9,"3-1-1-1-1-1-1"
3303.9158133488008,113287,6788,1,"1"
3314.1314641060958,113269,6806,1,"1"
3323.3971620452958,113251,6824,1,"1"
3325.4375975223002,113244,6831,1,"1"
3326.0477188908931,113239,6836,1,"1"
3334.4371442979677,113175,6900,5,"4-1"
3334.7319253752348,113157,6918,1,"1"
3336.8609580854159,113131,6944,4,"3-1"
3341.6250452396375,113113,6962,1,"1"
3344.6450123682484,113099,6976,1,"1"
3358.7026641292528,113072,7003,3,"2-1"
3360.6563366651726,113054,7021,1,"1"
3363.4544251993425,113018,7057,2,"2"
3368.4774860462976,113000,7075,1,"1"
3374.5951716559252,112982,7093,1,"1"
3380.6053930834501,112947,7128,2,"2"
3384.9947823719276,112929,7146,1,"1"
3385.4878253669626,112911,7164,1,"1"
3388.7585678361133,112893,7182,1,"1"
3388.9513823265693,112879,7196,1,"1"
3393.6160807837609,112861,7214,1,"1"
3393.7817414303777,112843,7232,1,"1"
3401.302686989121,112825,7250,1,"1"
3412.0375625632614,112759,7316,5,"2-2-1"
3417.8870597611822,112723,7352,2,"2"
3418.8747312296296,112713,7362,1,"1"
3438.3091990046391,112695,7380,1,"1"
3442.6189764075721,112677,7398,1,"1"
3447.2976358524311,112637,7438,3,"2-1"
3449.77358892044,112617,7458,4,"3-1"
3454.5474747528233,112599,7476,1,"1"
3456.2907077143882,112316,7759,31,"6-6-5-2-2-2-2-2-1-1-1-1"
3469.1486005221295,112298,7777,1,"1"
3470.7999578442991,112262,7813,2,"2"
3475.3923496106681,112106,7969,11,"2-2-2-1-1-1-1-1"
3479.2712297660787,112028,8047,8,"2-2-1-1-1-1"
3483.9408060336805,112010,8065,1,"1"
3500.435696288223,111992,8083,1,"1"
3500.647786883866,111960,8115,2,"1-1"
3513.5276879906896,111934,8141,2,"2"
3514.8880183089891,111916,8159,1,"1"
3515.5918508550831,111907,8168,1,"1"
3527.8563834446886,111889,8186,1,"1"
3534.2255342126637,111871,8204,1,"1"
3536.6711214532043,111853,8222,1,"1"
3539.5619552903913,111829,8246,2,"1-1"
3542.8754017082483,111814,8261,1,"1"
3555.1788421208962,111807,8268,1,"1"
3562.8621249280427,111789,8286,1,"1"
3565.8516928151657,111775,8300,1,"1"
3574.0875205652615,111757,8318,1,"1"
3576.7801603409407,111739,8336,1,"1"
3578.3867307945675,111715,8360,2,"1-1"
3580.9942008277776,111697,8378,1,"1"
3584.9278967484724,111661,8414,2,"2"
3586.5678960488453,111645,8430,1,"1"
3594.287304443299,111640,8435,1,"1"
3616.8398637598366,111635,8440,1,"1"
3627.5487725637449,111599,8476,2,"2"
3631.9149966741597,111581,8494,1,"1"
3639.840009187878,111563,8512,1,"1"
3643.5936146948561,111545,8530,1,"1"
3645.4507393427525,111509,8566,2,"2"
3647.995225922205,111419,8656,5,"2-1-1-1"
3668.4980462591716,111401,8674,1,"1"
3674.5398137425323,111383,8692,1,"1"
3679.2796726973011,111354,8721,2,"1-1"
3679.8561950444805,111336,8739,1,"1"
3684.6684157208015,111318,8757,1,"1"
3690.7174184349583,111300,8775,1,"1"
3694.6768474233631,111282,8793,1,"1"
3697.3141821667941,111264,8811,1,"1"
3700.3106884541871,111247,8828,1,"1"
3701.096364762157,111211,8864,2,"2"
3702.5671623037733,111127,8948,6,"4-1-1"
3710.123826173859,111109,8966,1,"1"
3718.088040426604,111091,8984,1,"1"
3720.0370765507446,111073,9002,1,"1"
3721.3995437064837,111055,9020,1,"1"
3726.9611232273551,111037,9038,1,"1"
3732.4798947857362,110965,9110,4,"4"
3732.5785088106222,110924,9151,3,"1-1-1"
3745.7592602992218,110906,9169,1,"1"
3759.8037871122929,110888,9187,1,"1"
3760.6577443864526,110881,9194,1,"1"
3762.8245144402708,110872,9203,1,"1"
3763.7200555576887,0,120075,6245,"6245"
----------------------------------------------3
0,120075,0,0,"0"
87.417067493804311,120074,1,1,"1"
100.27012125167664,120071,4,1,"1"
106.88273078197986,120070,5,1,"1"
115.68146340572352,120069,6,1,"1"
132.53784752048796,120068,7,1,"1"
146.95212092250759,120065,10,1,"1"
157.36711300046525,120064,11,1,"1"
185.38256397815502,120046,29,1,"1"
195.6555860655273,120037,38,1,"1"
221.38276786335206,120019,56,1,"1"
236.2288016393791,120001,74,1,"1"
245.6275835717295,119983,92,1,"1"
286.4608717294779,119982,93,1,"1"
288.83862896714879,119972,103,1,"1"
320.36580580841439,119969,106,1,"1"
332.22635029535269,119951,124,1,"1"
357.44065981248417,119950,125,1,"1"
371.89724482183919,119932,143,1,"1"
389.04240617808205,119931,144,1,"1"
406.58085398721994,119930,145,1,"1"
416.91218910019307,119929,146,1,"1"
430.16182368735053,119928,147,1,"1"
430.83419309269829,119910,165,1,"1"
432.94715454163236,119907,168,3,"3"
434.76786523281214,119904,171,1,"1"
445.84059306936024,119888,187,1,"1"
457.89068374675816,119870,205,1,"1"
458.4300776645531,119869,206,1,"1"
511.83254063598866,119868,207,1,"1"
513.49710219349947,119850,225,1,"1"
517.11773734315807,119845,230,3,"2-1"
518.37200087408246,119844,231,1,"1"
519.73723849694329,119843,232,1,"1"
547.82280483876525,119831,244,1,"1"
559.13748255848975,119824,251,1,"1"
603.71029039319092,119806,269,1,"1"
625.20275621750511,119805,270,1,"1"
631.80296499820327,119804,271,1,"1"
640.41707561367605,119786,289,1,"1"
642.72861618150273,119776,299,1,"1"
656.75994605499841,119773,302,1,"1"
671.05220048485091,119772,303,1,"1"
674.28044577684761,119754,321,1,"1"
684.95297046217479,119751,324,3,"3"
688.9252315666979,119748,327,1,"1"
720.25849592126599,119741,334,1,"1"
733.53163487816948,119740,335,1,"1"
750.88501046231283,119722,353,1,"1"
753.67295793829976,119718,357,2,"1-1"
768.84841007487535,119716,359,2,"2"
773.01761932103966,119713,362,3,"1-1-1"
774.55847727024502,119709,366,4,"2-1-1"
790.92211173011458,119708,367,1,"1"
792.3711277662029,119707,368,1,"1"
797.11721133932906,119706,369,1,"1"
803.01469908018248,119703,372,1,"1"
819.02956941363038,119696,379,1,"1"
833.87855262463199,119678,397,1,"1"
838.45500331919629,119677,398,1,"1"
871.48616354838168,119676,399,1,"1"
872.63668580000194,119675,400,1,"1"
878.78684219946319,119672,403,1,"1"
879.30857653048758,119669,406,3,"3"
881.46667468864746,119655,420,2,"2"
886.68582197265914,119654,421,1,"1"
886.90960577801457,119618,457,2,"1-1"
887.4688884785453,119600,475,1,"1"
895.96099557675268,119582,493,2,"2"
903.81537504935068,119581,494,1,"1"
904.67716201246367,119580,495,1,"1"
922.88061592431563,119579,496,1,"1"
924.14265913100678,119578,497,1,"1"
928.96917076903276,119577,498,1,"1"
935.27896890870841,119574,501,3,"2-1"
941.31639912979028,119562,513,1,"1"
955.93972045079738,119559,516,1,"1"
964.65167933292344,119545,530,1,"1"
968.9451340369742,119527,548,1,"1"
969.4302931264516,119491,584,2,"1-1"
987.72845958043649,119481,594,1,"1"
993.50463562305538,119480,595,1,"1"
997.56990757948131,119462,613,1,"1"
1014.1394492097887,119412,663,3,"3"
1027.4513574957798,119396,679,1,"1"
1042.9852196566701,119393,682,1,"1"
1066.429875731387,119392,683,1,"1"
1071.6691091536225,119374,701,1,"1"
1072.5459807332224,119362,713,1,"1"
1084.1895289406432,119361,714,1,"1"
1084.4598872117008,119343,732,1,"1"
1085.5922258892745,119327,748,1,"1"
1089.161923522955,119315,760,1,"1"
1090.251261653837,119312,763,1,"1"
1110.2469612444706,119194,881,8,"8"
1112.1351177936524,119191,884,1,"1"
1114.5176337333369,119186,889,1,"1"
1153.9254683931877,119174,901,1,"1"
1157.5800736787585,119164,911,1,"1"
1166.2433823343331,119134,941,3,"3"
1177.1927903357725,119116,959,1,"1"
1180.607381212169,119111,964,1,"1"
1183.0161095410404,119093,982,1,"1"
1188.4957268815422,119088,987,1,"1"
1189.3800017244382,119082,993,2,"2"
1218.0156792305709,119077,998,1,"1"
1221.6286926775824,119062,1013,3,"1-1-1"
1237.0123884629036,119056,1019,2,"2"
1245.5707835375908,119043,1032,1,"1"
1271.8815058455407,119037,1038,2,"2"
1275.270529963449,119027,1048,1,"1"
1275.7118728282644,119009,1066,1,"1"
1278.8335040471045,118997,1078,4,"2-1-1"
1289.3622540935917,118961,1114,2,"2"
1292.0960117871625,118943,1132,1,"1"
1294.8289943366578,118925,1150,1,"1"
1317.0978193684334,118924,1151,1,"1"
1350.4368701235226,118906,1169,1,"1"
1356.5755723972177,118888,1187,1,"1"
1360.8085820798635,118874,1201,1,"1"
1370.4425861775808,118869,1206,1,"1"
1387.3825887051034,118856,1219,3,"2-1"
1395.4949596675294,118842,1233,1,"1"
1399.284721028549,118824,1251,1,"1"
1400.7019656875921,118821,1254,1,"1"
1413.8076311176264,118818,1257,1,"1"
1416.5762749869875,118800,1275,1,"1"
1422.4860662945609,118782,1293,1,"1"
1426.6428397119571,118779,1296,1,"1"
1428.0834874824898,118772,1303,1,"1"
1435.2527075539836,118758,1317,1,"1"
1438.7497482479594,118740,1335,1,"1"
1456.2223320955397,118722,1353,1,"1"
1458.4627560217396,118716,1359,2,"2"
1463.4524162519565,118698,1377,1,"1"
1502.1315516393902,118680,1395,1,"1"
1514.7664739899267,118662,1413,1,"1"
1522.0292226375479,118644,1431,1,"1"
1539.2475888356589,118630,1445,1,"1"
1558.7100446236893,118612,1463,1,"1"
1560.6347269659213,118594,1481,1,"1"
1564.0035593558543,118576,1499,1,"1"
1573.8570615108906,118558,1517,1,"1"
1574.2186838342222,118553,1522,1,"1"
1608.0488624495922,118542,1533,1,"1"
1632.5555858596119,118541,1534,1,"1"
1665.3051390636272,118523,1552,1,"1"
1668.0000359883306,118505,1570,1,"1"
1682.4508369756645,118502,1573,1,"1"
1685.8959224546948,118501,1574,1,"1"
1687.910503854253,118500,1575,1,"1"
1725.2935744707147,118488,1587,4,"4"
1751.2191788264868,118470,1605,1,"1"
1764.4484243505628,118452,1623,1,"1"
1770.7648141400514,118449,1626,1,"1"
1771.9879858904749,118446,1629,1,"1"
1789.1068905253726,118443,1632,1,"1"
1806.4305299737593,118440,1635,1,"1"
1815.6730054591517,118435,1640,1,"1"
1819.1026082340873,118417,1658,1,"1"
1823.5104910215443,118399,1676,1,"1"
1830.9920827552387,118363,1712,2,"1-1"
1839.8723660265791,118358,1717,1,"1"
1847.8544847767876,118340,1735,1,"1"
1848.2145398688731,118304,1771,2,"2"
1850.6285962076977,118286,1789,1,"1"
1857.1943343901753,118268,1807,1,"1"
1857.2699949117562,118250,1825,1,"1"
1859.115010564901,118243,1832,1,"1"
1859.2559937974222,118238,1837,1,"1"
1859.9899380736656,118220,1855,1,"1"
1868.5410228029471,118202,1873,1,"1"
1873.2710001395526,118191,1884,3,"2-1"
1873.6398270810519,118175,1900,1,"1"
1909.3934524614199,118157,1918,1,"1"
1916.3487303316874,118139,1936,1,"1"
1929.8918787835307,118118,1957,2,"1-1"
1934.7823223338562,118100,1975,1,"1"
1942.8669280864594,118082,1993,1,"1"
1949.1719052130629,118064,2011,1,"1"
1954.7202736849408,118059,2016,1,"1"
1974.6983739926382,118053,2022,2,"2"
1983.1818348178103,118035,2040,1,"1"
2002.1357681653606,118017,2058,1,"1"
2003.819083814866,118008,2067,1,"1"
2004.290070385048,117990,2085,1,"1"
2006.6795664511026,117980,2095,2,"2"
2014.9516355996991,117970,2105,1,"1"
2025.4341744577018,117952,2123,1,"1"
2050.9870544157161,117903,2172,3,"3"
2058.2000807448899,117900,2175,1,"1"
2059.3479790532137,117893,2182,1,"1"
2065.7358128094838,117875,2200,1,"1"
2079.7743795833599,117859,2216,1,"1"
2080.9436975910426,117842,2233,1,"1"
2085.5135127421977,117837,2238,1,"1"
2095.6613493583859,117834,2241,1,"1"
2118.643391274129,117816,2259,2,"2"
2130.8917110664493,117813,2262,1,"1"
2132.7840836132818,117777,2298,2,"1-1"
2136.8197818976723,117772,2303,1,"1"
2138.8737205923976,117758,2317,1,"1"
2145.7982023227769,117740,2335,1,"1"
2160.8610475965816,117722,2353,1,"1"
2166.4425715146517,117704,2371,1,"1"
2183.9367437273327,117686,2389,1,"1"
2186.340047647112,117669,2406,3,"2-1"
2195.3121865246171,117629,2446,3,"1-1-1"
2199.92247173024,117611,2464,1,"1"
2209.9903837939032,117593,2482,1,"1"
2226.3290933710318,117569,2506,2,"2"
2226.853015197833,117551,2524,1,"1"
2227.4311084127667,117545,2530,2,"2"
2227.9034151192454,117527,2548,1,"1"
2240.1968949236134,117509,2566,1,"1"
2240.2291004674739,117500,2575,1,"1"
2248.9246868917244,117419,2656,10,"3-2-2-2-1"
2258.0496650004848,117416,2659,1,"1"
2265.7917969164182,117398,2677,1,"1"
2276.208295523064,117391,2684,1,"1"
2279.328808132766,117373,2702,1,"1"
2297.8130260595512,117355,2720,2,"2"
2298.8976448259677,117337,2738,1,"1"
2299.5920122663069,117330,2745,1,"1"
2304.0647790691455,117312,2763,1,"1"
2304.8487866438309,117302,2773,1,"1"
2305.263964687751,117275,2800,5,"4-1"
2306.7084515997362,117239,2836,2,"2"
2307.5997654460052,117221,2854,1,"1"
2318.1739131991908,117203,2872,1,"1"
2318.8217236801725,117185,2890,1,"1"
2319.5631077762159,117167,2908,1,"1"
2330.4104138262196,117152,2923,1,"1"
2344.0828301833776,117134,2941,1,"1"
2352.4685305129833,117116,2959,1,"1"
2360.4841812862082,117098,2977,1,"1"
2371.1240352771406,117091,2984,1,"1"
2372.2514037573578,117073,3002,1,"1"
2372.3823881530379,117049,3026,2,"2"
2372.543273667543,117031,3044,1,"1"
2372.7287692199207,117019,3056,1,"1"
2382.0424178773092,117001,3074,1,"1"
2386.1598582687648,116989,3086,1,"1"
2389.1878829325101,116984,3091,1,"1"
2392.2753680454139,116966,3109,1,"1"
2397.3139007179784,116954,3121,1,"1"
2404.5611018074119,116936,3139,1,"1"
2404.7050487192632,116846,3229,5,"3-1-1"
2408.8647077003297,116828,3247,1,"1"
2418.0592374033408,116666,3409,11,"11"
2423.132728541199,116594,3481,4,"2-1-1"
2435.6432463992833,116576,3499,1,"1"
2437.6648550897562,116567,3508,1,"1"
2450.1398906767772,116562,3513,1,"1"
2451.8184025102605,116526,3549,2,"2"
2452.8237274756798,116508,3567,1,"1"
2457.6280673897759,116490,3585,1,"1"
2462.8174028520102,116454,3621,2,"2"
2463.2044636167338,116449,3626,1,"1"
2463.5120918945386,116431,3644,1,"1"
2473.9884575513761,116415,3660,1,"1"
2485.7579060720668,116397,3678,1,"1"
2487.0532243280745,116379,3696,1,"1"
2490.9077006020348,116361,3714,1,"1"
2491.2785543435607,116351,3724,2,"2"
2503.3131832844792,116333,3742,1,"1"
2512.0410449132846,116317,3758,1,"1"
2521.894481797799,116296,3779,3,"1-1-1"
2524.2299552275481,116278,3797,1,"1"
2527.3486387474045,116260,3815,1,"1"
2530.10214856417,116198,3877,8,"3-1-1-1-1-1"
2539.9348769841667,116136,3939,6,"3-2-1"
2548.7538791788911,116098,3977,4,"2-1-1"
2549.0256369076637,116093,3982,1,"1"
2564.9894294043929,116075,4000,1,"1"
2571.6214242777551,116057,4018,1,"1"
2575.534204609005,116039,4036,1,"1"
2584.579732092358,116021,4054,1,"1"
2600.3347094002752,116015,4060,2,"2"
2602.1723788888849,115997,4078,1,"1"
2608.3033696371576,115981,4094,1,"1"
2614.1000231585349,115963,4112,1,"1"
2616.2009728346884,115953,4122,1,"1"
2617.1009301382637,115935,4140,1,"1"
2622.650455785204,115917,4158,1,"1"
2640.5441738376935,115881,4194,2,"1-1"
2642.4477684146868,115863,4212,1,"1"
2649.1025649079311,115851,4224,1,"1"
2649.7326874296145,115817,4258,6,"3-2-1"
2653.5084360165588,115799,4276,1,"1"
2655.293272653947,115784,4291,1,"1"
2682.1804258396869,115766,4309,1,"1"
2686.1259946265027,115748,4327,1,"1"
2689.6749559902182,115730,4345,1,"1"
2710.2469457365155,115712,4363,1,"1"
2710.6560595350506,115672,4403,4,"2-2"
2711.2268398185042,115654,4421,1,"1"
2713.5342120127088,115643,4432,1,"1"
2716.1799624910341,115625,4450,1,"1"
2725.7290866792941,115589,4486,2,"2"
2727.5606613946657,115571,4504,1,"1"
2731.3471679407053,115547,4528,2,"2"
2734.452786370774,115533,4542,1,"1"
2743.4227648540204,115497,4578,4,"3-1"
2746.7925031545856,115479,4596,1,"1"
2753.2099756048556,115461,4614,1,"1"
2755.3863705315748,115458,4617,1,"1"
2765.7276735601231,115440,4635,1,"1"
2777.8450054908026,115422,4653,1,"1"
2792.8180119994759,115404,4671,1,"1"
2794.0962477329026,115399,4676,1,"1"
2803.2168575874739,115394,4681,1,"1"
2807.8050447243022,115384,4691,1,"1"
2809.0734780808848,115365,4710,3,"3"
2811.5551540652123,115349,4726,1,"1"
2813.2626426822194,115331,4744,1,"1"
2815.8093529209827,115313,4762,1,"1"
2816.3714557971921,115295,4780,1,"1"
2828.8275282340255,115245,4830,6,"3-2-1"
2832.84375399703,115230,4845,1,"1"
2842.0636998834325,115220,4855,1,"1"
2847.6571345493849,115202,4873,1,"1"
2856.4797406578459,115188,4887,1,"1"
2860.9846968811216,115170,4905,1,"1"
2872.6590257792532,115156,4919,1,"1"
2873.1661634674419,115143,4932,1,"1"
2880.9215760998732,115129,4946,1,"1"
2882.2352446857644,115075,5000,3,"2-1"
2885.5741689218789,115057,5018,1,"1"
2887.8764242411326,115039,5036,1,"1"
2892.0803325523043,115022,5053,3,"2-1"
2899.9334260297137,115004,5071,1,"1"
2901.5572964759026,114997,5078,1,"1"
2906.7871138690234,114969,5106,2,"2"
2909.8818576441295,114951,5124,1,"1"
2916.6843935571469,114885,5190,12,"4-2-2-2-1-1"
2936.1605922349418,114867,5208,1,"1"
2951.1982076893128,114849,5226,1,"1"
2952.4942231541386,114839,5236,1,"1"
2959.5797858014798,114803,5272,2,"2"
2971.829604551051,114798,5277,1,"1"
2973.1167149917164,114780,5295,1,"1"
2974.2504975155557,114770,5305,1,"1"
2979.8716493652187,114752,5323,1,"1"
2981.9053759371359,114734,5341,1,"1"
2995.1628560076442,114716,5359,1,"1"
3015.108315203503,114698,5377,1,"1"
3017.6490333390884,114680,5395,1,"1"
3024.9284321088335,114600,5475,6,"2-2-1-1"
3027.7841751014071,114578,5497,2,"1-1"
3042.3813398183615,114546,5529,2,"1-1"
3043.9654069934495,114528,5547,1,"1"
3043.9880896027344,114519,5556,1,"1"
3044.418836620524,114505,5570,2,"2"
3046.2335274672905,114478,5597,3,"2-1"
3057.8648047418287,114460,5615,1,"1"
3058.2330632756461,114442,5633,1,"1"
3063.6513950849039,114433,5642,1,"1"
3076.5456214396631,114355,5720,5,"5"
3085.559526842801,114352,5723,1,"1"
3086.3576597888973,114342,5733,1,"1"
3089.3433139664894,114332,5743,1,"1"
3091.5383472498538,114258,5817,5,"3-1-1"
3094.3562308090727,114240,5835,1,"1"
3099.8204763661374,114226,5849,1,"1"
3101.5436405307014,113985,6090,16,"11-1-1-1-1-1"
3109.5879849144349,113967,6108,1,"1"
3113.5174903241345,113960,6115,1,"1"
3118.528125975748,113894,6181,5,"2-2-1"
3123.260518213523,113745,6330,16,"6-3-3-2-1-1"
3157.8107649650756,113733,6342,1,"1"
3160.395583242359,113715,6360,1,"1"
3164.9786790984722,113706,6369,1,"1"
3172.7790685719833,113687,6388,3,"2-1"
3174.6185374621568,113651,6424,2,"2"
3187.2469207514928,113546,6529,6,"5-1"
3195.373706987275,113528,6547,1,"1"
3215.1353279299719,113510,6565,1,"1"
3219.1576533168131,113494,6581,1,"1"
3221.3014484957203,113487,6588,1,"1"
3221.604765706632,113451,6624,2,"1-1"
3227.2918788222155,113401,6674,4,"2-2"
3234.3941511263206,113390,6685,1,"1"
3237.4962254016418,113372,6703,1,"1"
3243.5604337679652,113340,6735,3,"1-1-1"
3249.517858893747,113322,6753,1,"1"
3251.7343865627204,113304,6771,1,"1"
3254.8421228033808,113294,6781,1,"1"
3264.2123005647427,113258,6817,2,"1-1"
3266.2859408747872,113204,6871,3,"3"
3270.036627853237,113190,6885,2,"2"
3270.4963890800327,113183,6892,1,"1"
3291.9182643070844,113165,6910,1,"1"
3293.5089794596693,113147,6928,1,"1"
3314.0056056309036,113129,6946,1,"1"
3318.5142368434958,113122,6953,1,"1"
3323.0036566975937,113080,6995,3,"2-1"
3325.9486399765556,113062,7013,1,"1"
3336.4467869543091,113044,7031,1,"1"
3337.7828153309224,113034,7041,1,"1"
3344.1064892405479,112994,7081,4,"3-1"
3344.2588911537546,112970,7105,2,"2"
3351.2829513346765,112952,7123,1,"1"
3355.7155588268138,112934,7141,1,"1"
3356.421069571275,112772,7303,10,"6-2-1-1"
3367.5591001606836,112748,7327,2,"2"
3367.649107899872,112730,7345,1,"1"
3370.2487070635043,112712,7363,1,"1"
3387.2436815100405,112586,7489,7,"6-1"
3395.0263927499541,112577,7498,1,"1"
3396.1060438033169,112572,7503,1,"1"
3399.0702869469296,112536,7539,2,"2"
3406.8211169280471,112500,7575,2,"2"
3413.0494412763319,112328,7747,15,"7-2-2-1-1-1-1"
3417.3950998536147,112314,7761,2,"2"
3439.2078046945849,112296,7779,1,"1"
3446.8268722980274,112280,7795,1,"1"
3446.8928587593919,112266,7809,2,"2"
3452.7544941393862,112248,7827,2,"2"
3452.9377574399882,112230,7845,1,"1"
3458.6403064148549,112219,7856,1,"1"
3459.3163661970084,112208,7867,1,"1"
3460.6863892222627,112190,7885,1,"1"
3469.2206818286327,112172,7903,1,"1"
3469.3980034676779,112102,7973,4,"2-1-1"
3479.2380728836383,112088,7987,1,"1"
3479.8417850577089,112075,8000,1,"1"
3482.2427242843714,112057,8018,1,"1"
3485.2344504246689,112048,8027,1,"1"
3490.986216293687,112030,8045,1,"1"
3521.7445184252879,112012,8063,1,"1"
3528.9991115840626,111994,8081,1,"1"
3530.2998332854099,111976,8099,1,"1"
3537.4213931842642,111958,8117,1,"1"
3543.7917385533096,111274,8801,38,"34-2-1-1"
3547.5097733843554,111263,8812,1,"1"
3549.531700711038,111253,8822,1,"1"
3549.9955195786174,111235,8840,1,"1"
3555.6992169775817,111199,8876,2,"1-1"
3555.7850324636847,111125,8950,5,"3-1-1"
3559.958539169786,111107,8968,1,"1"
3565.0219507258812,111089,8986,1,"1"
3565.3718172625677,111072,9003,1,"1"
3570.5550023723008,111002,9073,5,"4-1"
3573.396448072041,110990,9085,1,"1"
3578.8482925241465,110985,9090,1,"1"
3580.5687656037294,110971,9104,2,"2"
3588.5889570796644,110953,9122,1,"1"
3594.3205181183562,110935,9140,1,"1"
3606.4745758599283,110917,9158,1,"1"
3617.9107237778262,110906,9169,1,"1"
3633.5215013442025,110889,9186,1,"1"
3644.6353057962256,110835,9240,3,"2-1"
3653.8562727729959,110817,9258,1,"1"
3657.7715479710605,110799,9276,1,"1"
3665.6935452589323,110786,9289,1,"1"
3680.4417935967854,0,120075,6244,"6244"
----------------------------------------------4
0,120075,0,0,"0"
55.83887559859847,120057,18,1,"1"
134.95666523921045,120054,21,1,"1"
170.12816543632457,120053,22,1,"1"
239.71786755580897,120052,23,1,"1"
243.96597874366532,120051,24,1,"1"
263.17090202844207,120050,25,1,"1"
268.26185432428343,120049,26,1,"1"
269.6757077095026,120048,27,1,"1"
272.43836781604011,120032,43,1,"1"
274.9735576586433,120031,44,1,"1"
294.03969169177554,120013,62,1,"1"
305.69582419422261,119995,80,1,"1"
328.28775745320127,119994,81,1,"1"
375.59164837517511,119991,84,1,"1"
388.63471351339098,119973,102,1,"1"
388.97776076325579,119963,112,1,"1"
389.18485716065044,119951,124,1,"1"
420.31917014957401,119933,142,1,"1"
421.74198947898378,119923,152,1,"1"
425.77867944593532,119921,154,2,"2"
438.66206331714824,119918,157,1,"1"
444.63492004468685,119908,167,1,"1"
456.95813160891038,119907,168,1,"1"
466.24067595436316,119902,173,1,"1"
489.49104970885185,119901,174,1,"1"
500.19420399736953,119900,175,1,"1"
513.80864223968263,119888,187,1,"1"
527.10987930151987,119887,188,1,"1"
537.64138171718344,119886,189,1,"1"
544.52183996542385,119884,191,2,"2"
554.79227982576595,119866,209,1,"1"
569.06538783688654,119863,212,1,"1"
572.0584383796247,119862,213,1,"1"
599.49951036566381,119855,220,1,"1"
602.34318085296309,119850,225,1,"1"
613.65868159140189,119847,228,1,"1"
613.87058240788201,119845,230,2,"2"
617.16380362381358,119844,231,1,"1"
642.72079107210266,119838,237,2,"2"
645.02255870640295,119836,239,2,"2"
645.26434034535964,119818,257,1,"1"
661.8784310783858,119800,275,1,"1"
668.12048978104963,119782,293,1,"1"
676.94092344260673,119781,294,1,"1"
677.36992294289394,119780,295,1,"1"
681.1028031286238,119762,313,1,"1"
712.56682015765159,119761,314,1,"1"
715.12207995959625,119760,315,1,"1"
717.45861209408326,119757,318,1,"1"
722.27331003681923,119756,319,1,"1"
733.42323423202276,119738,337,1,"1"
741.50038192810052,119720,355,1,"1"
755.17991380563353,119719,356,1,"1"
763.1132529597686,119701,374,1,"1"
769.58500012017089,119698,377,1,"1"
784.67721635420776,119697,378,1,"1"
785.50084448748362,119696,379,1,"1"
789.70346143169638,119581,494,7,"7"
792.11812874951386,119578,497,1,"1"
801.33538015340127,119576,499,2,"1-1"
806.00364282808403,119548,527,2,"2"
817.67689156383938,119543,532,1,"1"
818.79985026448264,119525,550,1,"1"
819.78953063947097,119523,552,2,"1-1"
821.5298467427624,119522,553,1,"1"
827.81915460738162,119504,571,1,"1"
827.91127975064524,119486,589,1,"1"
838.52978826143942,119484,591,2,"2"
842.27906678062607,119483,592,1,"1"
853.72255747787256,119482,593,1,"1"
857.78586519837256,119477,598,5,"3-2"
862.07945507146394,119474,601,1,"1"
866.24878616761134,119472,603,2,"2"
867.66624867262237,119469,606,1,"1"
870.80969036300132,119468,607,1,"1"
895.87235658046177,119467,608,1,"1"
896.48095237392897,119462,613,1,"1"
899.62268058785025,119460,615,2,"2"
901.09225137858539,119459,616,1,"1"
910.16899882125688,119449,626,2,"2"
921.60219777799193,119439,636,1,"1"
921.66564569906154,119438,637,1,"1"
923.49182484630956,119427,648,1,"1"
926.11903623219246,119426,649,1,"1"
929.75341211509135,119425,650,1,"1"
934.65530521811718,119416,659,1,"1"
951.27928886202767,119415,660,1,"1"
999.4388362461051,119401,674,4,"1-1-1-1"
1004.3228638703621,119391,684,1,"1"
1016.4282172384512,119373,702,1,"1"
1023.4997133072271,119370,705,1,"1"
1055.2380746163615,119357,718,3,"3"
1070.1980949304373,119339,736,1,"1"
1086.835265376232,119323,752,1,"1"
1086.8984005254906,119322,753,1,"1"
1089.8236533757236,119308,767,1,"1"
1099.1228001272534,119295,780,1,"1"
1102.015419719884,119290,785,1,"1"
1122.4860090543743,119285,790,1,"1"
1127.7537906971672,119279,796,2,"2"
1129.6264874491822,119276,799,1,"1"
1137.7772176952519,119260,815,1,"1"
1140.2046997218217,119252,823,2,"1-1"
1148.6758531151897,119234,841,1,"1"
1156.2198302075867,119231,844,1,"1"
1163.8623441870398,119229,846,2,"2"
1166.1933516475026,119211,864,1,"1"
1176.3801462258009,119193,882,1,"1"
1185.6483794764938,119179,896,1,"1"
1196.8697108273707,119176,899,1,"1"
1198.9049286232919,119158,917,1,"1"
1200.8006219482336,119148,927,1,"1"
1202.018581124586,119147,928,1,"1"
1208.1542320028259,119093,982,3,"3"
1209.6675142695667,119075,1000,1,"1"
1209.884276970806,119057,1018,1,"1"
1216.0416912217654,119054,1021,1,"1"
1216.6285144060278,119044,1031,2,"2"
1248.2113153627306,119031,1044,1,"1"
1279.1952019950168,119024,1051,1,"1"
1283.6201328826542,119010,1065,2,"2"
1298.3747079157602,118992,1083,1,"1"
1318.1662951253763,118974,1101,1,"1"
1321.853407623476,118969,1106,1,"1"
1350.216268438194,118966,1109,1,"1"
1363.3480042395308,118965,1110,1,"1"
1380.6151766638955,118958,1117,1,"1"
1418.1337528905046,118955,1120,1,"1"
1419.1770869322793,118937,1138,1,"1"
1425.4433961323664,118932,1143,1,"1"
1430.031855400448,118926,1149,2,"1-1"
1435.0266021951359,118908,1167,1,"1"
1457.1195933990223,118890,1185,1,"1"
1469.8672776320893,118880,1195,1,"1"
1476.7161750044843,118879,1196,1,"1"
1492.7732185402506,118876,1199,1,"1"
1506.6957084198295,118867,1208,3,"2-1"
1507.7536431295744,118849,1226,1,"1"
1515.5119470859222,118831,1244,1,"1"
1516.4890908002337,118813,1262,1,"1"
1521.8935332543849,118803,1272,1,"1"
1539.975205853299,118785,1290,1,"1"
1547.1785723505859,118775,1300,1,"1"
1550.3835555404312,118768,1307,1,"1"
1555.5057164126035,118742,1333,2,"2"
1562.2504529568466,118724,1351,1,"1"
1573.689575830417,118709,1366,5,"4-1"
1593.1082545346831,118706,1369,1,"1"
1599.3454660755954,118688,1387,1,"1"
1652.7960802516377,118678,1397,1,"1"
1663.6344589760956,118671,1404,1,"1"
1675.9792326882962,118666,1409,1,"1"
1676.4930055429102,118648,1427,1,"1"
1688.4142526880544,118641,1434,1,"1"
1696.2929050950163,118623,1452,1,"1"
1723.7482616244317,118616,1459,1,"1"
1727.5876993879324,118598,1477,1,"1"
1729.1993974254171,118580,1495,1,"1"
1729.9493572396091,118562,1513,1,"1"
1731.0303292248038,118544,1531,1,"1"
1734.5407182916988,118526,1549,1,"1"
1735.410516187588,118508,1567,1,"1"
1742.5931568404669,118493,1582,3,"1-1-1"
1743.5896378070254,118488,1587,1,"1"
1749.3675218952935,118485,1590,1,"1"
1750.6597900446295,118467,1608,1,"1"
1788.1243692633439,118462,1613,1,"1"
1795.2088968902783,118453,1622,1,"1"
1795.2607829012945,118435,1640,1,"1"
1797.3029422576276,118430,1645,1,"1"
1806.3355046775901,118423,1652,1,"1"
1812.3796249715986,118405,1670,1,"1"
1826.7275326054796,118399,1676,2,"2"
1827.139334816155,118381,1694,1,"1"
1831.0297102821044,118368,1707,1,"1"
1842.7879290411734,118332,1743,2,"1-1"
1846.4626079934578,118318,1757,1,"1"
1861.5796189369421,118300,1775,1,"1"
1874.2864250797156,118295,1780,1,"1"
1900.0812477650622,118283,1792,1,"1"
1903.9447745577716,118265,1810,1,"1"
1904.5926374162664,118247,1828,1,"1"
1913.5075232417946,118229,1846,1,"1"
1932.5938003079755,118226,1849,1,"1"
1949.3893360132154,118221,1854,1,"1"
1953.7423409782962,118203,1872,1,"1"
1961.2241780818999,118185,1890,1,"1"
1976.7277871787899,118149,1926,2,"2"
1983.9014288951619,118146,1929,1,"1"
1984.0060889148733,118128,1947,1,"1"
2006.3324304994367,118100,1975,2,"2"
2007.1534184999061,118082,1993,1,"1"
2027.1810002830587,118064,2011,1,"1"
2037.8296709898609,118054,2021,1,"1"
2050.3842678746041,118036,2039,1,"1"
2057.954622754427,118018,2057,1,"1"
2060.2398239679392,118000,2075,1,"1"
2063.8040162345119,117994,2081,2,"2"
2075.1501324378601,117976,2099,1,"1"
2075.4010215758472,117958,2117,1,"1"
2084.0839167226,117955,2120,1,"1"
2084.1728564897817,117949,2126,2,"2"
2086.5321045433552,117946,2129,1,"1"
2096.6967175493123,117924,2151,4,"2-1-1"
2113.6639885209793,117903,2172,2,"2"
2124.2470581069197,117885,2190,1,"1"
2130.9973199659757,117882,2193,1,"1"
2134.8218596559286,117872,2203,2,"2"
2155.7597664372925,117836,2239,2,"2"
2162.8581206316894,117818,2257,1,"1"
2170.2892789878606,117813,2262,1,"1"
2172.9588856300325,117806,2269,1,"1"
2224.2070284234696,117797,2278,1,"1"
2237.9861865770049,117779,2296,1,"1"
2240.783885628809,117763,2312,1,"1"
2242.8432013626548,117758,2317,1,"1"
2243.6808730779894,117740,2335,1,"1"
2247.8307445608762,117722,2353,1,"1"
2253.7429984246519,117704,2371,1,"1"
2256.5858148781554,117686,2389,1,"1"
2256.9638790880772,117669,2406,3,"3"
2266.163406965753,117653,2422,1,"1"
2269.0038161061161,117637,2438,1,"1"
2286.4005338785687,117609,2466,2,"2"
2302.5176826080015,117599,2476,2,"2"
2304.7727243139684,117589,2486,1,"1"
2304.9764329069931,117579,2496,1,"1"
2315.90586152381,117561,2514,1,"1"
2323.7400622363202,117543,2532,1,"1"
2334.0827339509574,117507,2568,2,"2"
2335.3452190178464,117489,2586,1,"1"
2348.9312678720589,117430,2645,9,"3-2-1-1-1-1"
2351.544589707165,117420,2655,1,"1"
2374.1332948758491,117394,2681,2,"2"
2386.2343299267141,117376,2699,1,"1"
2387.7069392151302,117369,2706,1,"1"
2388.4345039208351,117356,2719,3,"2-1"
2389.5384069269444,117332,2743,2,"2"
2392.4378400906844,117314,2761,1,"1"
2397.873724129091,117296,2779,1,"1"
2398.128389381347,117286,2789,2,"2"
2401.5603197513974,117268,2807,1,"1"
2418.6126392873462,117250,2825,1,"1"
2426.2729593360586,117232,2843,1,"1"
2433.1582198537058,117220,2855,1,"1"
2433.7860736973421,117202,2873,1,"1"
2437.8827245831108,117184,2891,1,"1"
2441.649537079792,117166,2909,1,"1"
2446.277209919027,117156,2919,1,"1"
2452.2801463181759,117138,2937,1,"1"
2458.6583422094736,117066,3009,4,"4"
2460.6215374470353,117048,3027,1,"1"
2483.6687276789758,117038,3037,1,"1"
2491.6792945916231,117020,3055,1,"1"
2499.1172843538375,117011,3064,1,"1"
2518.921485896803,116993,3082,1,"1"
2521.2604907315199,116975,3100,1,"1"
2525.5592942236958,116957,3118,1,"1"
2537.4560913737146,116903,3172,3,"2-1"
2541.0007966915991,116885,3190,1,"1"
2545.5949959387235,116869,3206,1,"1"
2565.0670237066302,116851,3224,1,"1"
2574.0507403932165,116833,3242,1,"1"
2575.5277645930196,116797,3278,2,"2"
2584.4122355321601,116785,3290,1,"1"
2590.3008926170487,116773,3302,1,"1"
2594.382941846196,116761,3314,1,"1"
2595.2288876010371,116743,3332,1,"1"
2595.3609982986059,116725,3350,2,"2"
2607.83992334188,116707,3368,1,"1"
2617.7724822471923,116689,3386,1,"1"
2624.4432379324276,116671,3404,1,"1"
2630.7025670057224,116653,3422,1,"1"
2640.4284528426615,116595,3480,5,"2-1-1-1"
2661.0407570394964,116577,3498,1,"1"
2663.4572374867953,116559,3516,1,"1"
2666.0639269305943,116541,3534,1,"1"
2678.8244918095306,116527,3548,1,"1"
2686.8156244060292,116513,3562,2,"2"
2710.2779833644145,116490,3585,3,"3"
2713.7375654864632,116472,3603,1,"1"
2721.8210566508301,116454,3621,1,"1"
2728.1787680875759,116451,3624,1,"1"
2729.8010717643183,116417,3658,6,"3-2-1"
2731.4157159226438,116378,3697,4,"2-1-1"
2735.5076046170998,116371,3704,1,"1"
2738.7340174832611,116353,3722,1,"1"
2745.0889555358981,116348,3727,1,"1"
2768.4880896980703,116311,3764,5,"3-1-1"
2770.0058161287311,116293,3782,1,"1"
2773.7720510031704,116275,3800,1,"1"
2782.9832347359952,116239,3836,2,"2"
2786.9037876173752,116221,3854,1,"1"
2789.3982200886107,116203,3872,1,"1"
2792.4434354948662,116185,3890,1,"1"
2797.2353552122813,116167,3908,1,"1"
2798.858835779557,116151,3924,1,"1"
2835.8198704480851,116133,3942,1,"1"
2838.015378905719,116123,3952,1,"1"
2840.2121344809316,116105,3970,1,"1"
2841.9311694471739,116042,4033,6,"3-2-1"
2845.0534167979663,116024,4051,1,"1"
2847.4887404674064,116006,4069,1,"1"
2860.7177887748817,115978,4097,2,"2"
2866.0887183490522,115960,4115,1,"1"
2872.6580768422973,115942,4133,1,"1"
2874.5334801896365,115932,4143,1,"1"
2880.7421541204449,115919,4156,3,"2-1"
2882.9476646206563,115908,4167,1,"1"
2883.4112750277018,115890,4185,1,"1"
2887.8592054803507,115850,4225,4,"3-1"
2889.3610824719817,115832,4243,1,"1"
2892.1701792059021,115814,4261,1,"1"
2894.0974333174104,115809,4266,1,"1"
2897.5746135595232,115791,4284,1,"1"
2900.4219666178251,115625,4450,17,"10-2-2-1-1-1"
2905.3919958744714,115607,4468,1,"1"
2911.9451929034367,115589,4486,1,"1"
2913.7626465145695,115567,4508,2,"1-1"
2913.7766551896379,115554,4521,1,"1"
2916.8519709858447,115536,4539,1,"1"
2919.7552197164832,115503,4572,2,"2"
2920.8871000334084,115485,4590,1,"1"
2923.373741157719,115451,4624,3,"2-1"
2927.3172362785131,115433,4642,1,"1"
2942.5381283896277,115415,4660,1,"1"
2953.6026804021694,115404,4671,1,"1"
2956.7166846127843,115386,4689,1,"1"
2960.788982924666,115368,4707,2,"2"
2966.150135023448,115350,4725,1,"1"
2972.0112777400777,115345,4730,1,"1"
2973.3915936589419,115327,4748,1,"1"
2979.412524907415,115309,4766,1,"1"
2990.3482348216057,115273,4802,2,"2"
2993.5053230537173,115261,4814,1,"1"
2994.433854172144,115243,4832,1,"1"
3001.5034698148706,115189,4886,3,"2-1"
3005.561394654037,115139,4936,3,"3"
3008.1254864273333,115085,4990,3,"2-1"
3011.1938102629269,115067,5008,1,"1"
3014.0033306596256,115062,5013,1,"1"
3019.4368408545897,115035,5040,3,"2-1"
3028.2948697842116,115025,5050,1,"1"
3030.1116775272644,115007,5068,1,"1"
3034.8180935508458,114989,5086,1,"1"
3047.4536020638675,114975,5100,2,"2"
3048.8621696632895,114965,5110,1,"1"
3062.5707335653938,114947,5128,1,"1"
3065.3295482306949,114929,5146,1,"1"
3077.5600447792535,114899,5176,3,"2-1"
3093.4544900341734,114892,5183,1,"1"
3097.6465012371359,114874,5201,1,"1"
3106.5054996013146,114820,5255,3,"3"
3119.3020412037436,114802,5273,1,"1"
3120.3976555557442,114771,5304,2,"2"
3121.2108691601456,114753,5322,1,"1"
3135.7900427144641,114735,5340,1,"1"
3146.4514664979006,114718,5357,1,"1"
3151.480017368965,114694,5381,2,"2"
3156.3021323275761,114676,5399,1,"1"
3156.7751875128797,114658,5417,1,"1"
3162.199522794584,114646,5429,2,"1-1"
3166.1455472093558,114626,5449,2,"1-1"
3168.6437517130926,114608,5467,1,"1"
3173.5010715378917,114590,5485,1,"1"
3173.9420221475198,114558,5517,3,"2-1"
3174.7599180214443,114540,5535,1,"1"
3183.7122942408191,114522,5553,1,"1"
3190.905783108703,114486,5589,4,"2-2"
3196.3138423575656,114450,5625,2,"1-1"
3206.4250093432534,114432,5643,1,"1"
3226.327940291389,114410,5665,2,"2"
3228.7487455009082,114360,5715,3,"3"
3232.8172534811069,114344,5731,1,"1"
3242.5895438908178,114333,5742,1,"1"
3248.6899004580696,114323,5752,2,"2"
3256.8033199624683,114305,5770,1,"1"
3263.9784133736039,114270,5805,4,"2-1-1"
3264.6761186338522,113658,6417,34,"27-4-2-1"
3275.0880244343225,113640,6435,1,"1"
3278.7621571681316,113622,6453,1,"1"
3283.3646297405671,113607,6468,1,"1"
3287.4416453509971,113553,6522,3,"3"
3312.2208661874583,113535,6540,1,"1"
3316.9589578481564,113530,6545,1,"1"
3321.4453170793659,113470,6605,5,"3-1-1"
3323.9424673552608,113452,6623,1,"1"
3327.0177185190441,113435,6640,1,"1"
3328.1773676253838,113417,6658,1,"1"
3336.5006075070605,113407,6668,2,"2"
3346.4263036165403,113389,6686,1,"1"
3348.9359707722188,113343,6732,3,"2-1"
3355.7444338345545,113325,6750,1,"1"
3355.9511276726098,113285,6790,4,"2-1-1"
3357.0850415133659,113267,6808,1,"1"
3358.6714370263699,113249,6826,1,"1"
3361.4673266893988,113244,6831,1,"1"
3365.854852419795,113226,6849,1,"1"
3376.3462654507275,113208,6867,1,"1"
3382.8384131105213,113190,6885,1,"1"
3390.6431748282862,113172,6903,1,"1"
3396.1771417722812,113163,6912,1,"1"
3417.3148477143282,113127,6948,2,"1-1"
3421.6423307216382,113109,6966,1,"1"
3427.7233030089801,113091,6984,1,"1"
3432.1473591085178,113007,7068,5,"3-2"
3434.9156344061935,112989,7086,1,"1"
3437.8334241509597,112980,7095,1,"1"
3441.1535581969001,112942,7133,3,"2-1"
3456.0058032886764,112838,7237,7,"3-1-1-1-1"
3467.4546110359661,112820,7255,1,"1"
3471.8761245371429,112764,7311,4,"1-1-1-1"
3478.257400551498,112752,7323,1,"1"
3479.4774799730785,112716,7359,2,"2"
3490.4925757209667,112688,7387,2,"2"
3498.3329989632352,112670,7405,1,"1"
3503.9578544251981,112652,7423,1,"1"
3506.4870968075847,112332,7743,26,"7-4-3-3-2-2-1-1-1-1-1"
3509.2263715347767,112314,7761,1,"1"
3510.3008681926576,112300,7775,2,"2"
3510.7193827783981,112282,7793,1,"1"
3516.0698716948868,112264,7811,1,"1"
3518.7663174905319,112188,7887,6,"2-1-1-1-1"
3520.0406862035902,112175,7900,1,"1"
3521.1845835463573,112157,7918,1,"1"
3521.2808808515588,112139,7936,1,"1"
3521.5412682998194,111771,8304,27,"4-3-2-2-2-2-1-1-1-1-1-1-1-1-1-1-1-1"
3522.1797190554616,111735,8340,2,"1-1"
3524.7841745770752,111725,8350,1,"1"
3526.1673591660642,111707,8368,1,"1"
3535.815443114092,111461,8614,17,"4-3-2-2-2-1-1-1-1"
3544.4598204191911,111443,8632,1,"1"
3550.3837455044827,111371,8704,4,"2-1-1"
3551.8652040425218,111343,8732,2,"2"
3556.3184155122135,111125,8950,16,"2-2-2-2-2-1-1-1-1-1-1"
3556.4796928088258,111107,8968,1,"1"
3559.2779385471167,111089,8986,1,"1"
3566.6135831874071,0,120075,6261,"6261"
----------------------------------------------5
0,120075,0,0,"0"
97.495916963344484,120057,18,1,"1"
108.30628480366188,120056,19,1,"1"
127.87790544579188,120055,20,1,"1"
135.92740674111184,120037,38,1,"1"
138.20751205481005,120035,40,2,"1-1"
164.75649801550151,120034,41,1,"1"
182.83293548646066,120022,53,1,"1"
206.22383905914148,120021,54,1,"1"
221.97224957563736,120011,64,1,"1"
240.40840944307513,120009,66,2,"2"
242.03135412472739,119999,76,1,"1"
252.89701454800579,119996,79,1,"1"
281.64270950029436,119995,80,1,"1"
287.10281179561969,119994,81,1,"1"
303.28984424028999,119993,82,1,"1"
317.40633006316256,119992,83,1,"1"
333.31117576848379,119991,84,1,"1"
344.89985959894045,119989,86,2,"2"
353.50064431126719,119988,87,1,"1"
357.833345703585,119975,100,3,"3"
371.04122784290018,119965,110,1,"1"
376.765590141475,119962,113,1,"1"
382.33708953983347,119944,131,1,"1"
420.88708846544097,119943,132,1,"1"
424.24542265524155,119936,139,1,"1"
449.77242322211396,119918,157,1,"1"
465.35206947447858,119917,158,1,"1"
502.41481363761289,119899,176,1,"1"
509.27916610659037,119898,177,1,"1"
513.5753896235226,119897,178,1,"1"
531.14548706346852,119896,179,1,"1"
536.65073477084638,119893,182,1,"1"
543.38797011836687,119892,183,1,"1"
547.1249368362337,119890,185,2,"2"
549.48951519045386,119883,192,1,"1"
552.1352841332955,119865,210,1,"1"
564.59809371271479,119860,215,1,"1"
571.07265130906512,119842,233,1,"1"
588.27277750116195,119841,234,1,"1"
614.50032820775709,119838,237,3,"3"
616.62668620760792,119820,255,1,"1"
639.82860927902482,119819,256,1,"1"
644.75967594183737,119817,258,2,"2"
645.35908704143287,119801,274,1,"1"
653.64172175835915,119686,389,7,"7"
677.66975236806559,119684,391,2,"2"
684.48437265699181,119666,409,1,"1"
685.9509021076899,119648,427,1,"1"
705.83293929510205,119647,428,1,"1"
711.5926733678458,119629,446,1,"1"
714.27419598364861,119619,456,1,"1"
717.95659658535442,119612,463,3,"3"
718.04073573860342,119594,481,1,"1"
722.39012157925015,119593,482,1,"1"
729.59737295996445,119591,484,2,"2"
730.12945354406065,119590,485,1,"1"
731.18950876216797,119588,487,2,"2"
737.60003441230879,119576,499,1,"1"
739.90394098892011,119558,517,1,"1"
746.11423799950774,119557,518,1,"1"
748.80513382769379,119539,536,1,"1"
749.57700922913227,119537,538,2,"2"
754.01440095199337,119519,556,1,"1"
762.52709664238284,119518,557,1,"1"
770.28861453155082,119517,558,1,"1"
786.69480565566175,119499,576,1,"1"
795.01795368335149,119498,577,1,"1"
811.91477118439718,119495,580,1,"1"
818.92606567610471,119493,582,2,"2"
820.40495833866964,119490,585,1,"1"
827.50528458232134,119478,597,1,"1"
831.8379460747766,119474,601,2,"1-1"
833.11829721352979,119473,602,1,"1"
838.02681702995676,119472,603,1,"1"
841.58106973778661,119468,607,2,"1-1"
898.56167415155164,119467,608,1,"1"
906.36006593088086,119464,611,1,"1"
941.96006746792841,119463,612,1,"1"
967.52290668654553,119460,615,1,"1"
974.64711521871823,119442,633,1,"1"
978.71564742647934,119439,636,1,"1"
982.41545370498784,119436,639,1,"1"
999.43600519178585,119435,640,1,"1"
1000.6583208787158,119432,643,1,"1"
1005.6630859449275,119425,650,1,"1"
1023.3812542918716,119422,653,1,"1"
1024.7207435708494,119420,655,2,"2"
1038.5891528389311,119402,673,1,"1"
1048.9707010497486,119384,691,1,"1"
1067.8745478302324,119383,692,1,"1"
1093.6738107550757,119347,728,2,"2"
1105.0985753485218,119335,740,2,"1-1"
1105.3562217263857,119317,758,1,"1"
1132.9517119828283,119313,762,2,"1-1"
1137.3658581703924,119295,780,1,"1"
1160.3162814572227,119279,796,1,"1"
1165.4846466307574,119273,802,2,"1-1"
1192.1554991794324,119255,820,1,"1"
1198.4333631961547,119250,825,1,"1"
1205.6713276916496,119238,837,1,"1"
1207.6565712357647,119220,855,1,"1"
1207.9874914978827,119215,860,1,"1"
1227.077297555943,119197,878,1,"1"
1230.5819395870922,119188,887,3,"1-1-1"
1234.772014501018,119187,888,1,"1"
1236.1684362669296,119169,906,1,"1"
1236.4679206493283,118953,1122,12,"11-1"
1248.4188621159851,118943,1132,1,"1"
1252.3644117002823,118940,1135,1,"1"
1258.2323241689462,118922,1153,1,"1"
1272.0375704590203,118919,1156,1,"1"
1281.864793009549,118909,1166,1,"1"
1308.0731307552999,118891,1184,1,"1"
1308.9594468829512,118884,1191,1,"1"
1316.899686555151,118867,1208,3,"3"
1334.3932925349507,118849,1226,1,"1"
1335.9086017675556,118843,1232,2,"2"
1339.8458106220919,118819,1256,2,"2"
1346.1915685315244,118816,1259,1,"1"
1354.6233260427714,118804,1271,1,"1"
1361.9447365280262,118786,1289,1,"1"
1374.8576597927956,118768,1307,1,"1"
1409.2021419596106,118756,1319,1,"1"
1410.0962439227153,118746,1329,1,"1"
1422.5353546383114,118728,1347,1,"1"
1437.6250124561825,118718,1357,1,"1"
1456.8247641057869,118700,1375,1,"1"
1458.0614428180061,118695,1380,1,"1"
1460.9140919407992,118683,1392,4,"3-1"
1462.092732425062,118665,1410,1,"1"
1485.7488489858786,118655,1420,1,"1"
1499.8132072904025,118601,1474,3,"3"
1518.2613406871708,118583,1492,1,"1"
1523.1258079499346,118570,1505,3,"3"
1540.6817636871856,118552,1523,1,"1"
1545.5396325401946,118534,1541,1,"1"
1547.1378809823605,118480,1595,4,"3-1"
1551.9229490279683,118479,1596,1,"1"
1552.7058433765319,118472,1603,1,"1"
1575.6606892105594,118454,1621,1,"1"
1597.4869857282697,118450,1625,2,"1-1"
1601.4070560508799,118421,1654,3,"2-1"
1601.5468473067378,118403,1672,1,"1"
1627.6492771157839,118385,1690,1,"1"
1633.834585021036,118380,1695,1,"1"
1635.5200816896959,118377,1698,1,"1"
1637.303662544437,118359,1716,1,"1"
1645.3821558826396,118335,1740,4,"2-2"
1648.2110264490805,118332,1743,1,"1"
1701.2948837908691,118314,1761,2,"1-1"
1716.0703398155156,118307,1768,1,"1"
1719.4758713665701,118302,1773,1,"1"
1733.9641793405615,118266,1809,2,"2"
1743.8170067346878,118261,1814,1,"1"
1744.0344208522085,118243,1832,1,"1"
1778.9086169462519,118240,1835,1,"1"
1787.0697059161057,118235,1840,1,"1"
1813.1082943721099,118226,1849,3,"3"
1813.3136694434315,118216,1859,2,"2"
1822.9718839041439,118210,1865,2,"1-1"
1827.2476175110676,118197,1878,1,"1"
1830.6074701301154,118188,1887,1,"1"
1837.3892726974175,118160,1915,2,"2"
1864.6648231247625,118155,1920,1,"1"
1868.2113111507122,118143,1932,1,"1"
1869.9913847088283,118133,1942,1,"1"
1883.8119916859166,118115,1960,1,"1"
1935.2105121394557,118079,1996,2,"2"
1941.3973509827208,118036,2039,4,"2-2"
1945.4280291388191,118022,2053,1,"1"
1962.7815357424799,118004,2071,1,"1"
1982.5012170421282,117986,2089,1,"1"
1985.1236484817323,117976,2099,1,"1"
1997.1488154414401,117958,2117,1,"1"
2008.7348606562002,117953,2122,1,"1"
2009.6575403098864,117935,2140,1,"1"
2013.4228113354416,117865,2210,5,"2-1-1-1"
2016.0986411571134,117858,2217,1,"1"
2020.0519953126961,117840,2235,1,"1"
2027.2792938562729,117822,2253,1,"1"
2034.5113950919942,117807,2268,1,"1"
2044.5173971987949,117800,2275,1,"1"
2063.2707328264482,117795,2280,1,"1"
2076.1052983841878,117777,2298,1,"1"
2096.7165372202444,117772,2303,1,"1"
2103.1256023668971,117754,2321,1,"1"
2104.2663264054863,117736,2339,1,"1"
2120.923039545241,117718,2357,1,"1"
2133.1483110212434,117700,2375,1,"1"
2155.3524517289202,117695,2380,1,"1"
2156.7075405771125,117692,2383,1,"1"
2170.0029291401906,117675,2400,5,"2-1-1-1"
2173.8629080503219,117672,2403,1,"1"
2178.6183044427921,117654,2421,1,"1"
2192.0164064063224,117626,2449,2,"2"
2197.6051434502119,117620,2455,2,"2"
2197.8289365562969,117602,2473,1,"1"
2204.6496621084107,117584,2491,1,"1"
2219.6910701652896,117566,2509,1,"1"
2226.9979164161341,117548,2527,1,"1"
2251.7963137569195,117541,2534,1,"1"
2259.1260527504801,117534,2541,1,"1"
2280.2415052405049,117516,2559,1,"1"
2282.3818785190251,117505,2570,3,"2-1"
2285.9536227354611,117495,2580,1,"1"
2288.0840012654662,117490,2585,1,"1"
2289.1506393192249,117472,2603,1,"1"
2293.6180894682439,117467,2608,1,"1"
2303.6483293671772,117449,2626,1,"1"
2305.5799081660493,117431,2644,1,"1"
2309.4160363065207,117413,2662,1,"1"
2313.1730432549361,117407,2668,2,"2"
2320.4062871730303,117379,2696,2,"2"
2331.5630626032848,117367,2708,1,"1"
2331.8951873727979,117357,2718,1,"1"
2332.1155900657895,117285,2790,4,"2-1-1"
2332.9468738211535,117267,2808,1,"1"
2347.3130609386449,117071,3004,13,"12-1"
2359.7121698409396,117037,3038,2,"2"
2367.9394394028755,117019,3056,1,"1"
2379.8312382238937,116971,3104,4,"1-1-1-1"
2391.9125837991837,116961,3114,2,"2"
2409.4902960478084,116956,3119,1,"1"
2420.3799644030646,116949,3126,1,"1"
2427.2414595353898,116931,3144,1,"1"
2440.4675252288894,116925,3150,2,"2"
2445.4636943676246,116920,3155,1,"1"
2459.0032139339064,116902,3173,1,"1"
2462.100023977343,116884,3191,1,"1"
2479.2989977718407,116866,3209,1,"1"
2480.1476260927866,116848,3227,1,"1"
2483.2499863374592,116830,3245,1,"1"
2520.1747541557502,116812,3263,1,"1"
2528.1300019448336,116794,3281,1,"1"
2529.1763188634927,116776,3299,1,"1"
2535.3420687117323,116758,3317,1,"1"
2535.6236517579632,116740,3335,1,"1"
2550.377295586276,116735,3340,1,"1"
2553.5080784577158,116683,3392,6,"3-2-1"
2559.6984551931205,116665,3410,1,"1"
2566.5855629406597,116647,3428,1,"1"
2577.8355159406874,116633,3442,2,"2"
2607.7572799626632,116615,3460,1,"1"
2609.3073105003932,116597,3478,1,"1"
2611.3117405617941,116561,3514,2,"2"
2635.6204514980354,116546,3529,1,"1"
2636.1498510511378,116528,3547,1,"1"
2636.8304362579288,116508,3567,4,"2-1-1"
2637.0081688509222,116490,3585,1,"1"
2638.8341154253335,116472,3603,1,"1"
2642.4394769023643,116465,3610,1,"1"
2644.5331181886445,116450,3625,3,"2-1"
2647.7809118830742,116432,3643,2,"1-1"
2650.7646997774132,116414,3661,1,"1"
2678.5042192795931,116382,3693,3,"3"
2689.0103384305271,116370,3705,1,"1"
2694.5091397218166,116352,3723,1,"1"
2695.8371184120074,116298,3777,3,"1-1-1"
2698.1344410595416,116273,3802,3,"3"
2702.345674067762,116255,3820,1,"1"
2709.4132122289298,116237,3838,1,"1"
2718.6989339703073,116207,3868,2,"1-1"
2721.4987423927209,116189,3886,1,"1"
2721.8410812828906,116171,3904,1,"1"
2729.624700359072,116153,3922,1,"1"
2729.8123394742479,116117,3958,2,"2"
2730.8360575205525,116103,3972,1,"1"
2755.6534911793556,116085,3990,1,"1"
2760.2125003699684,116067,4008,1,"1"
2761.396067175971,116049,4026,1,"1"
2764.5870112240714,116031,4044,1,"1"
2771.5806306861809,116017,4058,1,"1"
2772.784687128079,116003,4072,1,"1"
2782.1953250201959,115985,4090,1,"1"
2784.2611656912463,115967,4108,1,"1"
2786.289783850917,115949,4126,1,"1"
2796.8277953098705,115913,4162,2,"2"
2798.9793194406661,115895,4180,1,"1"
2799.4335522319038,115877,4198,1,"1"
2799.6237743094839,115859,4216,1,"1"
2805.4997335734765,115835,4240,2,"2"
2805.889183900098,115815,4260,2,"2"
2810.30441749088,115810,4265,1,"1"
2813.2721711775839,115792,4283,1,"1"
2818.7676375978162,115774,4301,1,"1"
2847.9601868645223,115738,4337,2,"1-1"
2851.9044856077999,115728,4347,1,"1"
2853.6637212870519,115723,4352,1,"1"
2854.6178693297497,115705,4370,1,"1"
2857.3059665470414,115700,4375,1,"1"
2873.0388289774978,115682,4393,1,"1"
2881.9921396566206,115608,4467,5,"2-2-1"
2886.501810066562,115590,4485,1,"1"
2889.7314891033016,115571,4504,3,"3"
2889.8078014788912,115553,4522,1,"1"
2890.0620293446123,115548,4527,1,"1"
2892.5469147332174,115543,4532,1,"1"
2893.9106229766348,115505,4570,3,"2-1"
2894.5904205063562,115487,4588,1,"1"
2902.3967168212189,115469,4606,1,"1"
2923.0856606415473,115464,4611,1,"1"
2927.095511784396,115426,4649,4,"3-1"
2928.5905203789816,115389,4686,3,"2-1"
2932.793761374855,115382,4693,1,"1"
2936.2268077228746,115328,4747,4,"4"
2940.5525419802202,115310,4765,1,"1"
2943.2691509437977,115292,4783,1,"1"
2956.3528743769511,115274,4801,1,"1"
2968.8629005048042,115232,4843,3,"1-1-1"
2988.6612266516986,115214,4861,1,"1"
3005.719234415988,115196,4879,1,"1"
3009.3177154946416,115178,4897,1,"1"
3010.5354976299741,115160,4915,1,"1"
3016.3552502655966,115137,4938,3,"2-1"
3030.4775186646066,115119,4956,1,"1"
3036.3172431922671,115101,4974,1,"1"
3043.4474829364885,115073,5002,2,"2"
3044.2100507571372,115059,5016,2,"2"
3058.5341914715032,115049,5026,1,"1"
3072.5109231083261,115039,5036,1,"1"
3079.9799706404128,115023,5052,1,"1"
3083.5026684444629,114915,5160,6,"6"
3084.709267712135,114897,5178,1,"1"
3099.0531083429405,114879,5196,1,"1"
3100.1883589654708,114865,5210,1,"1"
3105.531769300746,114847,5228,1,"1"
3112.6799823595311,114837,5238,1,"1"
3114.330966460333,114781,5294,4,"3-1"
3115.1469769166324,114763,5312,1,"1"
3116.6743699099807,114745,5330,1,"1"
3119.6595312853469,114722,5353,3,"2-1"
3121.9897479980486,114708,5367,1,"1"
3129.2845396401672,114670,5405,3,"2-1"
3137.8146537812813,114652,5423,1,"1"
3138.2928014612644,114634,5441,1,"1"
3146.2049700692719,114576,5499,5,"5"
3157.8623454348608,114562,5513,1,"1"
3181.4755395914608,114520,5555,3,"2-1"
3181.5679270289388,114487,5588,5,"3-1-1"
3188.2261812397855,114469,5606,1,"1"
3195.2006720781042,114462,5613,1,"1"
3195.3736697352888,114424,5651,6,"2-2-1-1"
3195.4818046952246,114400,5675,4,"2-2"
3208.762222668644,114361,5714,4,"4"
3224.0146507920313,114351,5724,1,"1"
3225.0968550053581,114297,5778,3,"2-1"
3228.6237378638943,114281,5794,2,"2"
3233.5768244129549,114276,5799,1,"1"
3244.9067220376614,114242,5833,3,"2-1"
3252.6798754327756,114229,5846,1,"1"
3257.2687761105562,114193,5882,2,"1-1"
3260.1145286449491,114175,5900,1,"1"
3262.0040810463865,114157,5918,1,"1"
3262.9030389084783,113611,6464,32,"22-2-2-1-1-1-1-1-1"
3263.3830526724723,113595,6480,1,"1"
3267.6553087720295,113581,6494,1,"1"
3269.2029670601464,113563,6512,1,"1"
3272.535130896717,113511,6564,6,"2-2-1-1"
3273.504852458967,113493,6582,1,"1"
3279.5856749753348,113457,6618,2,"2"
3295.2882343842552,113422,6653,3,"2-1"
3309.9763130184197,113404,6671,1,"1"
3322.220412604815,113395,6680,1,"1"
3329.33517242171,113388,6687,1,"1"
3330.9647990571207,113084,6991,21,"4-3-2-2-2-1-1-1-1-1-1-1-1"
3334.4933614274523,113072,7003,1,"1"
3334.7060886426316,113054,7021,1,"1"
3338.5965623324764,113018,7057,2,"2"
3340.5333863239603,113000,7075,1,"1"
3348.8653727889996,112950,7125,5,"3-2"
3352.5375542992037,112932,7143,1,"1"
3355.1622694210741,112914,7161,1,"1"
3361.4899065608033,112896,7179,1,"1"
3362.7360034223916,112878,7197,1,"1"
3365.3841047975811,112842,7233,2,"1-1"
3369.1794010437338,112824,7251,1,"1"
3378.7112536499612,112811,7264,1,"1"
3379.557127067937,112793,7282,1,"1"
3382.6590884229608,112769,7306,2,"2"
3401.7492885862921,112661,7414,6,"3-2-1"
3409.1397102480032,112643,7432,1,"1"
3418.1502109293365,112625,7450,1,"1"
3419.6886502161146,112607,7468,1,"1"
3420.2229382237924,112555,7520,4,"3-1"
3428.6989406577768,112548,7527,1,"1"
3431.7094463749154,112429,7646,14,"8-3-1-1-1"
3435.8162306469821,112405,7670,2,"1-1"
3439.6462314459709,112284,7791,10,"7-3"
3439.7024820580236,112266,7809,1,"1"
3446.8562443394057,112252,7823,2,"1-1"
3454.0275267830084,112239,7836,1,"1"
3469.1345382368777,112199,7876,3,"2-1"
3474.8927531520926,112181,7894,1,"1"
3484.3265585911477,112149,7926,2,"1-1"
3485.3279375219872,112131,7944,1,"1"
3488.3638988999132,112122,7953,1,"1"
3490.1557508061105,112104,7971,2,"1-1"
3493.2369442264435,112068,8007,2,"2"
3514.578912746123,112024,8051,3,"1-1-1"
3521.9450981389009,112006,8069,1,"1"
3528.6661859990686,111988,8087,1,"1"
3530.3856498747955,111970,8105,1,"1"
3538.7960582178675,111937,8138,3,"1-1-1"
3547.6192560540771,111809,8266,12,"3-2-2-2-1-1-1"
3552.5863872193681,0,120075,6302,"6302"
----------------------------------------------6
0,120075,0,0,"0"
171.35658484679382,120074,1,1,"1"
173.61094772545218,120056,19,1,"1"
175.5422374837475,120055,20,1,"1"
199.30902154174714,120052,23,1,"1"
263.22051235330986,120034,41,1,"1"
272.37581573565052,120033,42,1,"1"
273.51319842075162,120032,43,1,"1"
288.94908700273243,120016,59,1,"1"
308.70500043921027,120013,62,3,"2-1"
327.74602228230287,120011,64,2,"2"
328.35933939087226,120010,65,1,"1"
338.70189236298523,119992,83,1,"1"
342.55672560507702,119974,101,1,"1"
343.60177957097017,119973,102,1,"1"
357.3052725967359,119972,103,1,"1"
368.88857538779894,119954,121,1,"1"
370.25827241295258,119952,123,2,"1-1"
383.94105895859076,119951,124,1,"1"
387.34239522195566,119948,127,1,"1"
423.15760293659423,119930,145,1,"1"
428.7082894153458,119916,159,1,"1"
441.35595711064235,119914,161,2,"2"
441.7060992361761,119913,162,1,"1"
449.06118798316663,119911,164,2,"2"
457.37405630271616,119910,165,1,"1"
463.31839459514595,119908,167,2,"1-1"
466.98959391760928,119898,177,1,"1"
479.23887805978336,119897,178,1,"1"
484.53126430454279,119896,179,1,"1"
495.27667638892967,119894,181,2,"2"
505.06929908548938,119891,184,1,"1"
507.2308587929279,119888,187,3,"2-1"
509.5069164530783,119885,190,1,"1"
534.95085882445085,119883,192,2,"2"
561.91040702898033,119865,210,1,"1"
580.10654725718632,119863,212,2,"2"
598.44641736239953,119861,214,2,"2"
612.56803681698204,119860,215,1,"1"
627.97486354653654,119853,222,1,"1"
634.30475216801835,119852,223,1,"1"
644.11873648941742,119849,226,1,"1"
653.41056403531081,119848,227,1,"1"
659.81623638151427,119830,245,1,"1"
669.38740836334034,119827,248,1,"1"
671.15314841212808,119815,260,1,"1"
671.56203685841535,119814,261,1,"1"
678.71697621254054,119813,262,1,"1"
690.38788469059568,119812,263,1,"1"
699.51755972341425,119811,264,1,"1"
727.74873610560155,119809,266,2,"2"
746.42992244059178,119791,284,1,"1"
751.32040052468676,119784,291,1,"1"
757.16544054541725,119783,292,1,"1"
762.87686721170246,119776,299,1,"1"
764.82305257708322,119775,300,1,"1"
781.05956284919068,119773,302,2,"2"
782.23566060491305,119764,311,1,"1"
784.38382526648741,119761,314,1,"1"
793.55872868866209,119743,332,1,"1"
797.40962589906121,119733,342,1,"1"
797.43055058638163,119723,352,1,"1"
805.86756552650957,119711,364,1,"1"
807.49147469514151,119693,382,1,"1"
817.70642729778535,119692,383,1,"1"
824.85018337825613,119691,384,1,"1"
833.99723550839656,119688,387,1,"1"
839.19082313340834,119687,388,1,"1"
850.81607928905123,119685,390,2,"2"
854.60912322728393,119675,400,2,"2"
872.74274813499221,119674,401,1,"1"
877.37086579573008,119656,419,1,"1"
879.60506179928996,119655,420,1,"1"
897.62851061248989,119652,423,1,"1"
899.99610665325872,119651,424,1,"1"
904.89859551222992,119650,425,1,"1"
907.40793855805907,119647,428,1,"1"
932.47043669383663,119644,431,1,"1"
937.08658765428163,119643,432,1,"1"
937.78012897154053,119625,450,1,"1"
943.33209615134979,119607,468,1,"1"
946.23248661119965,119602,473,1,"1"
948.46828518923292,119584,491,1,"1"
989.3470971793522,119566,509,1,"1"
989.64370125049504,119563,512,1,"1"
1003.2749423549726,119545,530,1,"1"
1024.6217180057558,119527,548,1,"1"
1034.2424897793203,119509,566,1,"1"
1039.0250860683843,119491,584,1,"1"
1054.4738556451111,119473,602,1,"1"
1061.704257308985,119455,620,1,"1"
1068.4058873989625,119452,623,1,"1"
1077.3052096177034,119434,641,1,"1"
1085.2089122717384,119416,659,1,"1"
1090.6485778637548,119406,669,2,"1-1"
1110.8944214706794,119405,670,1,"1"
1139.3195627302807,119287,788,8,"8"
1143.3565566836055,119269,806,1,"1"
1153.2475905656495,119266,809,1,"1"
1153.4241261241802,119248,827,1,"1"
1174.4716436864348,119230,845,1,"1"
1176.9147673498596,119221,854,1,"1"
1180.8403490508069,119218,857,1,"1"
1200.237248503907,119215,860,1,"1"
1202.4353531845068,119212,863,1,"1"
1209.0805908487678,119211,864,1,"1"
1217.1129843678302,119207,868,2,"1-1"
1231.4670433403501,119189,886,1,"1"
1234.3700287650342,119171,904,1,"1"
1240.7754587691097,119164,911,1,"1"
1251.8862391409782,119161,914,1,"1"
1256.5044997171412,119143,932,1,"1"
1257.4061780017942,119125,950,1,"1"
1268.0482020859404,119107,968,1,"1"
1274.949986777287,119089,986,1,"1"
1277.4099892331089,119077,998,1,"1"
1292.6980932621084,119066,1009,1,"1"
1304.3236388409553,119048,1027,1,"1"
1311.1565883470241,119038,1037,2,"2"
1315.547988739881,119035,1040,1,"1"
1326.1308990731206,118963,1112,4,"4"
1337.2532948016619,118945,1130,1,"1"
1350.9046040577316,118927,1148,1,"1"
1366.5776772996642,118926,1149,1,"1"
1369.8323013616111,118890,1185,2,"2"
1380.900651212005,118872,1203,1,"1"
1403.9782153667584,118858,1217,1,"1"
1428.7747943726843,118844,1231,1,"1"
1452.90103845816,118826,1249,1,"1"
1458.8359103918008,118808,1267,1,"1"
1471.3719767190985,118805,1270,1,"1"
1476.3688235018126,118802,1273,1,"1"
1479.6543969986901,118784,1291,1,"1"
1488.3084807308212,118774,1301,1,"1"
1493.8863228154985,118763,1312,3,"2-1"
1499.2817455708273,118754,1321,3,"3"
1513.7178480679756,118747,1328,1,"1"
1534.1840788802826,118742,1333,1,"1"
1536.8828446432926,118739,1336,1,"1"
1563.7888336506148,118729,1346,1,"1"
1577.6650963913896,118717,1358,1,"1"
1595.5941541667428,118705,1370,2,"1-1"
1613.1907978033778,118698,1377,1,"1"
1631.18070597935,118630,1445,4,"4"
1634.2099645914936,118620,1455,1,"1"
1646.7080649291875,118615,1460,1,"1"
1660.8835429263167,118579,1496,2,"2"
1663.1737558265559,118561,1514,1,"1"
1690.1746138606604,118525,1550,2,"2"
1699.7036843202209,118512,1563,1,"1"
1703.8222431667186,118494,1581,1,"1"
1704.1288313468713,118483,1592,3,"1-1-1"
1713.1385147472095,118480,1595,1,"1"
1723.2537229171985,118479,1596,1,"1"
1725.7219349938482,118461,1614,1,"1"
1728.5127245341921,118456,1619,1,"1"
1740.8415802704606,118416,1659,3,"2-1"
1758.9166309612669,118398,1677,1,"1"
1764.5901570951698,118388,1687,2,"2"
1765.4523993304883,118370,1705,1,"1"
1787.234958080662,118352,1723,1,"1"
1799.5204046751387,118334,1741,1,"1"
1819.0673323612259,118322,1753,1,"1"
1823.9175212134987,118304,1771,1,"1"
1869.2621315354277,118286,1789,1,"1"
1872.9781331690635,118276,1799,1,"1"
1876.081177978024,118258,1817,1,"1"
1879.8087354510558,118240,1835,1,"1"
1882.2358600922191,118225,1850,3,"2-1"
1883.6318121666068,118222,1853,1,"1"
1889.5001815803951,118213,1862,1,"1"
1902.1005316701701,118195,1880,1,"1"
1902.4029770934749,118177,1898,1,"1"
1907.0210785807126,118159,1916,1,"1"
1923.2059970565174,118156,1919,1,"1"
1938.3068886180597,118138,1937,1,"1"
1955.0405331690645,118133,1942,1,"1"
1957.518076675836,118128,1947,1,"1"
1964.3676739733455,118110,1965,1,"1"
1971.899483633689,118092,1983,1,"1"
1972.8932125806666,118080,1995,1,"1"
1975.9079271279677,118071,2004,1,"1"
1976.7704896455023,118061,2014,1,"1"
1983.8987336624316,118050,2025,3,"2-1"
1988.0917894523732,118032,2043,1,"1"
1995.98644828184,118027,2048,1,"1"
2013.5109789445651,118009,2066,1,"1"
2028.4185407489829,117991,2084,1,"1"
2035.9401168270831,117982,2093,3,"2-1"
2040.3059428965039,117964,2111,1,"1"
2051.2995188405002,117946,2129,1,"1"
2053.6742493298439,117936,2139,2,"2"
2068.588330792953,117927,2148,3,"2-1"
2068.9169082891663,117918,2157,3,"3"
2080.5754781356113,117900,2175,1,"1"
2087.7750101061865,117883,2192,3,"2-1"
2094.5161025464145,117880,2195,1,"1"
2096.9916807225472,117875,2200,1,"1"
2099.587123583201,117857,2218,1,"1"
2111.7982081436407,117839,2236,1,"1"
2112.1579470990118,117834,2241,1,"1"
2125.9395355790411,117829,2246,1,"1"
2133.8204666822721,117811,2264,1,"1"
2141.9323584959152,117804,2271,1,"1"
2143.8349943374978,117786,2289,1,"1"
2152.6138962299992,117768,2307,1,"1"
2167.9099381064102,117744,2331,2,"2"
2172.0641847667316,117726,2349,1,"1"
2180.5651442058293,117712,2363,1,"1"
2192.5255097080862,117707,2368,1,"1"
2193.412328874726,117702,2373,1,"1"
2198.4245103684511,117684,2391,1,"1"
2198.5627403777839,117666,2409,1,"1"
2200.989796353409,117648,2427,1,"1"
2224.8850177875393,117630,2445,1,"1"
2226.9778061345924,117616,2459,1,"1"
2227.6535977973253,117610,2465,2,"2"
2242.0357501464937,117592,2483,1,"1"
2242.3702060354995,117574,2501,1,"1"
2245.7812597853372,117567,2508,1,"1"
2270.3917011316207,117549,2526,1,"1"
2273.4826735068855,117535,2540,1,"1"
2275.0261459007643,117515,2560,2,"1-1"
2275.0635886429204,117497,2578,1,"1"
2278.3582705620302,117479,2596,1,"1"
2290.7337430885409,117474,2601,1,"1"
2298.3306193502985,117471,2604,1,"1"
2299.2238509329773,117436,2639,5,"2-1-1-1"
2312.5383567356698,117425,2650,1,"1"
2313.3197393079017,117391,2684,2,"2"
2317.9723351413627,117373,2702,1,"1"
2328.3789599913225,117337,2738,3,"3"
2341.2436384577018,117319,2756,1,"1"
2345.1992767607903,117306,2769,1,"1"
2352.5643945779198,117288,2787,1,"1"
2353.5549213150794,117258,2817,4,"2-1-1"
2354.493378743909,117253,2822,1,"1"
2357.0901553831591,117235,2840,1,"1"
2359.6861216141401,117228,2847,1,"1"
2376.2937231850769,117174,2901,3,"3"
2379.8430143077521,117156,2919,1,"1"
2380.4007269643466,117151,2924,1,"1"
2382.7268922448047,117133,2942,1,"1"
2401.9224220455849,117115,2960,1,"1"
2407.5046316978596,117097,2978,1,"1"
2410.0470722338609,117079,2996,1,"1"
2414.0877550664654,117061,3014,1,"1"
2423.001652353692,117056,3019,1,"1"
2427.6014894885348,117053,3022,1,"1"
2433.6727817220494,117035,3040,1,"1"
2439.6543515537446,117017,3058,1,"1"
2439.8997625199659,116999,3076,1,"1"
2440.0459706084125,116981,3094,1,"1"
2450.5347648964062,116963,3112,1,"1"
2458.3834164798313,116935,3140,2,"1-1"
2461.6554760129466,116917,3158,1,"1"
2481.4686709026873,116899,3176,1,"1"
2498.1084944973354,116881,3194,1,"1"
2508.404272574312,116863,3212,1,"1"
2546.596965069165,116845,3230,1,"1"
2549.960272212204,116842,3233,1,"1"
2557.603388282982,116806,3269,2,"1-1"
2559.4732788266042,116789,3286,3,"3"
2560.749472432145,116771,3304,1,"1"
2570.9356202579265,116753,3322,1,"1"
2573.6063613588703,116735,3340,1,"1"
2600.9318202441427,116717,3358,1,"1"
2603.0377588118349,116699,3376,1,"1"
2630.780627328415,116681,3394,1,"1"
2632.575166926626,116666,3409,1,"1"
2636.2015665228587,116648,3427,1,"1"
2638.7078315041267,116630,3445,1,"1"
2642.1256296432289,116612,3463,1,"1"
2662.5594858320314,116582,3493,2,"1-1"
2663.9637932368178,116564,3511,1,"1"
2671.4832570484755,116540,3535,2,"1-1"
2689.7400839877323,116535,3540,1,"1"
2697.1546259074039,116517,3558,1,"1"
2700.7545186044631,116467,3608,6,"4-2"
2708.9857416611162,116449,3626,1,"1"
2715.7761776364587,116432,3643,3,"2-1"
2716.2477858495745,116414,3661,1,"1"
2727.8337010714963,116396,3679,1,"1"
2731.2629260453919,116378,3697,1,"1"
2738.3581523447965,116360,3715,1,"1"
2739.7078015084239,116355,3720,1,"1"
2769.3776367207697,116350,3725,1,"1"
2777.8167837531569,116332,3743,1,"1"
2778.8154887311757,116296,3779,2,"2"
2784.5330049485528,116242,3833,3,"1-1-1"
2791.6641446192993,115940,4135,21,"14-3-1-1-1-1"
2809.0355692068306,115931,4144,1,"1"
2812.1861479775448,115913,4162,1,"1"
2812.2384050567089,115895,4180,1,"1"
2814.2371683631764,115877,4198,1,"1"
2826.4342279595521,115872,4203,1,"1"
2846.1373316993336,115826,4249,4,"2-1-1"
2851.9467616803104,115808,4267,1,"1"
2858.0350834017217,115802,4273,2,"2"
2858.4250680290902,115799,4276,1,"1"
2875.3047141489487,115787,4288,1,"1"
2883.9346908675707,115763,4312,2,"1-1"
2887.8593970197498,115756,4319,1,"1"
2887.9378346704489,115726,4349,2,"1-1"
2901.6997123176161,115690,4385,2,"1-1"
2902.1258365034832,115672,4403,1,"1"
2908.0549785454805,115654,4421,1,"1"
2908.8114847796369,115636,4439,1,"1"
2910.5797698224119,115618,4457,1,"1"
2917.6064594034456,115577,4498,5,"2-1-1-1"
2918.8898965952676,115559,4516,1,"1"
2921.7004055767766,115541,4534,1,"1"
2927.4051306089118,115531,4544,2,"2"
2930.7523536169638,115513,4562,1,"1"
2935.1843798933528,115477,4598,3,"2-1"
2936.497215988667,115459,4616,1,"1"
2936.6612233625951,115443,4632,1,"1"
2942.198171294971,115426,4649,1,"1"
2945.7644856513275,115396,4679,3,"3"
2949.3251476846353,115378,4697,1,"1"
2950.8033577868714,115356,4719,2,"1-1"
2952.0576201339159,115334,4741,2,"2"
2953.8851078173243,115313,4762,3,"2-1"
2964.0789778111393,115277,4798,2,"1-1"
2969.2157168794674,115259,4816,1,"1"
2970.0478756591297,115223,4852,2,"1-1"
2970.6316024548405,115211,4864,1,"1"
2971.3548204078229,115201,4874,1,"1"
2972.4135015304701,115127,4948,5,"4-1"
2984.6553935113016,115109,4966,1,"1"
2991.5430758718849,115102,4973,1,"1"
2991.8945999071989,115066,5009,2,"2"
2995.9995836686321,115048,5027,1,"1"
3012.0479542012727,115030,5045,1,"1"
3013.1064155060808,115012,5063,1,"1"
3025.5923291715762,114994,5081,1,"1"
3030.9168486442568,114967,5108,3,"2-1"
3032.8641428299302,114931,5144,2,"2"
3053.9843297854986,114898,5177,5,"2-2-1"
3069.1171438337215,114880,5195,1,"1"
3069.9115024458392,114855,5220,2,"2"
3072.9154721966784,114837,5238,1,"1"
3073.0866435893581,114828,5247,1,"1"
3080.3325556073091,114810,5265,1,"1"
3083.555587423391,114792,5283,1,"1"
3085.7145464597884,114774,5301,1,"1"
3104.4140065197994,114760,5315,2,"2"
3105.6548098957669,114742,5333,1,"1"
3106.8822580772521,114724,5351,1,"1"
3111.4035280774592,114706,5369,1,"1"
3114.9928557537733,114690,5385,2,"1-1"
3115.8875536008454,114672,5403,1,"1"
3121.7156408808105,114665,5410,1,"1"
3127.9433324476026,114647,5428,1,"1"
3128.3990682261046,114637,5438,1,"1"
3130.1667746310627,114627,5448,1,"1"
3136.0280941963642,114609,5466,1,"1"
3155.7512180486829,114595,5480,1,"1"
3173.7299377998406,114575,5500,4,"2-2"
3174.7763896014735,114557,5518,1,"1"
3200.1728639871521,114319,5756,15,"11-2-1-1"
3203.076162721562,114301,5774,1,"1"
3203.2559470984684,114283,5792,1,"1"
3215.8661941326013,114265,5810,1,"1"
3216.2243617397735,114260,5815,1,"1"
3226.4359495856506,114250,5825,1,"1"
3227.6907156122602,114238,5837,1,"1"
3233.9407065714749,114220,5855,1,"1"
3244.9509897681141,114210,5865,1,"1"
3245.4892555148181,114207,5868,1,"1"
3260.1911198980647,114171,5904,2,"2"
3261.2958842649723,114164,5911,1,"1"
3264.786376891811,114154,5921,1,"1"
3265.3691557801194,114136,5939,1,"1"
3269.6686382229204,114123,5952,1,"1"
3278.3912079585684,114109,5966,1,"1"
3280.2549563038633,114009,6066,7,"7"
3284.6600059926718,113991,6084,1,"1"
3289.2824411781321,113975,6100,1,"1"
3299.6559389568097,113957,6118,2,"1-1"
3319.7192687382212,113939,6136,1,"1"
3332.3250637841074,113885,6190,4,"2-1-1"
3332.55596209948,113878,6197,1,"1"
3334.2671411922174,113860,6215,1,"1"
3334.4262077893904,113842,6233,1,"1"
3334.6204373361688,113824,6251,1,"1"
3343.8219682696845,113788,6287,2,"1-1"
3347.8377833396289,113770,6305,1,"1"
3357.6077297669431,113734,6341,2,"1-1"
3364.2702921189334,113716,6359,1,"1"
3364.7798592670811,113698,6377,1,"1"
3369.9964409628551,113680,6395,1,"1"
3388.0376798139746,113670,6405,1,"1"
3393.0756295240103,113634,6441,2,"1-1"
3401.6081421498779,113598,6477,2,"2"
3416.0945612463088,113580,6495,1,"1"
3426.0541724908699,113566,6509,2,"2"
3436.9927071879888,113534,6541,4,"2-1-1"
3447.7719020250015,113498,6577,2,"2"
3451.1066708582816,113480,6595,1,"1"
3464.3731356697808,113354,6721,9,"3-2-1-1-1-1"
3465.5403552048051,113345,6730,1,"1"
3470.6238640442307,113317,6758,2,"1-1"
3472.9090310622305,113299,6776,1,"1"
3477.6924255509612,113263,6812,2,"2"
3478.0275881564075,113245,6830,1,"1"
3488.0187316694391,113227,6848,1,"1"
3490.0803661657128,112857,7218,28,"3-3-3-3-1-1-1-1-1-1-1-1-1-1-1-1-1-1-1-1"
3498.1762019010844,112785,7290,4,"2-1-1"
3501.7007006448966,112775,7300,1,"1"
3501.9483122673414,112757,7318,1,"1"
3506.4547501807579,112739,7336,1,"1"
3509.2176729430976,112721,7354,1,"1"
3510.4639261068578,112703,7372,1,"1"
3512.371139398108,112687,7388,1,"1"
3513.3386963726216,112675,7400,1,"1"
3519.4862767205896,112662,7413,1,"1"
3519.555990378065,112644,7431,1,"1"
3522.4694359276327,112620,7455,2,"1-1"
3523.8162423702452,112492,7583,10,"3-2-2-1-1-1"
3528.4431544673203,112456,7619,2,"1-1"
3530.4099175593219,112442,7633,1,"1"
3532.4796471795471,112424,7651,1,"1"
3544.281784395765,112406,7669,1,"1"
3548.7592409779568,112388,7687,1,"1"
3549.4096324846405,112291,7784,8,"6-2"
3556.7595048233611,112255,7820,2,"2"
3557.7459633022354,112237,7838,1,"1"
3566.7065911812128,112219,7856,1,"1"
3566.7728490452891,112201,7874,1,"1"
3572.0558474737536,112183,7892,1,"1"
3576.6745293671561,112165,7910,1,"1"
3580.1114438371992,111903,8172,18,"5-4-2-2-1-1-1-1-1"
3593.4626678301615,111885,8190,1,"1"
3595.5131047993837,111867,8208,1,"1"
3599.6950475577914,0,120075,6324,"6324"
----------------------------------------------7
0,120075,0,0,"0"
56.546256903204998,120074,1,1,"1"
83.278333801655151,120056,19,1,"1"
137.48760738427339,120049,26,1,"1"
160.89545778424389,120042,33,1,"1"
174.85934858280936,120041,34,1,"1"
208.33101877027923,120040,35,1,"1"
221.42275590462333,120039,36,1,"1"
245.55952479194596,120021,54,1,"1"
264.28896735288197,120003,72,1,"1"
275.04234347880083,119985,90,1,"1"
302.84377817141348,119984,91,1,"1"
323.65184484892171,119982,93,2,"2"
326.87981231676474,119979,96,1,"1"
328.80915844621109,119976,99,1,"1"
337.41271695834587,119975,100,1,"1"
352.73955615022891,119957,118,1,"1"
361.25171889251993,119939,136,1,"1"
384.81949597315952,119936,139,1,"1"
389.46744882927362,119920,155,1,"1"
393.48663967383357,119917,158,1,"1"
399.73218238791696,119915,160,2,"2"
402.83749090039464,119912,163,1,"1"
408.14203701681203,119911,164,1,"1"
422.54385931292421,119902,173,1,"1"
437.74460713756855,119901,174,1,"1"
454.4956619533595,119900,175,1,"1"
455.03745006598564,119899,176,1,"1"
471.93692705113773,119898,177,1,"1"
476.72850341461839,119896,179,2,"1-1"
481.15875139126194,119894,181,2,"2"
485.05104021418367,119892,183,2,"2"
490.81457445861241,119891,184,1,"1"
497.99305124230347,119888,187,1,"1"
499.60294347573523,119887,188,1,"1"
500.75710810125679,119886,189,1,"1"
506.47608361893373,119885,190,1,"1"
506.9210523909494,119884,191,1,"1"
509.53363518386828,119883,192,1,"1"
519.23698731338595,119880,195,1,"1"
550.70285562079141,119862,213,1,"1"
562.5144297334698,119859,216,1,"1"
563.7101578075019,119841,234,1,"1"
565.64200286526034,119834,241,1,"1"
582.14120025390105,119833,242,1,"1"
587.48664748567785,119828,247,5,"2-2-1"
588.60159400375403,119814,261,1,"1"
614.44695936348967,119813,262,1,"1"
633.08994308337253,119812,263,1,"1"
653.33786292385594,119811,264,1,"1"
657.02985905243179,119798,277,3,"3"
672.80918924976027,119797,278,1,"1"
680.52422289248807,119792,283,5,"5"
684.54783939103277,119782,293,1,"1"
715.18228110237692,119772,303,1,"1"
732.38277332532505,119770,305,2,"1-1"
771.73367303076668,119655,420,7,"7"
773.37507924379724,119637,438,1,"1"
784.23878599214777,119634,441,1,"1"
810.67320347082136,119633,442,1,"1"
814.90861947787687,119615,460,1,"1"
819.40673869776344,119612,463,1,"1"
820.98013916672664,119611,464,1,"1"
826.97256290791097,119593,482,1,"1"
832.03610142960622,119592,483,1,"1"
836.33781058828276,119580,495,1,"1"
836.76029980679903,119579,496,1,"1"
853.15898139096134,119561,514,1,"1"
853.59286803241116,119560,515,1,"1"
853.73512223229409,119559,516,1,"1"
880.23516066450634,119543,532,1,"1"
889.654067799735,119525,550,1,"1"
919.85145940097743,119523,552,2,"2"
921.42391448034039,119518,557,1,"1"
926.86396067634189,119511,564,1,"1"
932.98009427267129,119510,565,1,"1"
934.39578267544448,119509,566,1,"1"
934.9196842215199,119507,568,2,"2"
951.69373485767062,119504,571,1,"1"
964.98309748741292,119464,611,4,"4"
968.21458960380346,119455,620,1,"1"
979.82809680023649,119453,622,2,"1-1"
982.08916105715321,119450,625,1,"1"
992.32834975263756,119447,628,1,"1"
1010.3828846395731,119444,631,1,"1"
1014.8329013110358,119426,649,1,"1"
1015.1036120193671,119419,656,1,"1"
1016.8312673903683,119401,674,1,"1"
1019.5122200144469,119381,694,2,"2"
1035.421527378541,119378,697,1,"1"
1040.5089061703491,119377,698,1,"1"
1065.0536215110601,119374,701,1,"1"
1069.6214052794166,119373,702,1,"1"
1070.8798186572342,119355,720,1,"1"
1084.6424731257941,119352,723,1,"1"
1087.4496589280916,119342,733,1,"1"
1100.2497639357894,119332,743,2,"2"
1106.4017772408695,119329,746,1,"1"
1108.0480206537106,119315,760,1,"1"
1149.6108018586915,119312,763,1,"1"
1156.5339481415501,119294,781,1,"1"
1168.5960723805838,119276,799,1,"1"
1174.0924896255394,119258,817,1,"1"
1234.0562083553084,119253,822,1,"1"
1238.9332453642535,119247,828,2,"2"
1241.0958313297756,119244,831,1,"1"
1253.6857797702298,119226,849,1,"1"
1254.963828533967,119198,877,2,"2"
1263.6007477945623,119197,878,1,"1"
1270.4758555338299,119194,881,1,"1"
1273.3994321330119,119184,891,1,"1"
1277.9736519603437,119177,898,1,"1"
1287.2512862281237,119159,916,1,"1"
1287.9464077335381,119141,934,1,"1"
1292.8986484470151,119140,935,1,"1"
1294.0757744825785,119122,953,1,"1"
1296.7857081212762,119118,957,2,"1-1"
1311.2726672986357,119108,967,1,"1"
1321.8980729958766,119090,985,1,"1"
1349.9331623911885,119072,1003,1,"1"
1371.4667416013806,119060,1015,1,"1"
1372.8418130631444,119010,1065,3,"3"
1385.7249919550331,118992,1083,1,"1"
1387.0689743126884,118991,1084,1,"1"
1398.2718527478628,118985,1090,2,"2"
1406.6197111432205,118967,1108,1,"1"
1422.1606570720214,118949,1126,1,"1"
1443.483369748976,118931,1144,1,"1"
1459.6646687418752,118921,1154,2,"2"
1462.443133986714,118907,1168,2,"2"
1464.6789651788856,118906,1169,1,"1"
1511.5019364183149,118888,1187,1,"1"
1552.0714871185169,118885,1190,1,"1"
1564.9241014587715,118867,1208,1,"1"
1568.0835247646571,118861,1214,2,"2"
1581.430445129105,118851,1224,2,"2"
1581.7871836000636,118833,1242,1,"1"
1586.2836801147851,118815,1260,1,"1"
1587.2884971332699,118797,1278,1,"1"
1594.4671195095807,118779,1296,1,"1"
1595.8423621540974,118774,1301,1,"1"
1610.6449185660681,118756,1319,1,"1"
1624.517357323532,118746,1329,1,"1"
1633.2153430628055,118743,1332,1,"1"
1648.4771158469416,118725,1350,1,"1"
1654.1592697868332,118527,1548,11,"10-1"
1655.7613188076443,118401,1674,7,"7"
1656.732109649246,118387,1688,1,"1"
1695.1879229068286,118384,1691,1,"1"
1704.9346867921788,118353,1722,4,"1-1-1-1"
1710.4239821018916,118343,1732,1,"1"
1716.5470328065048,118325,1750,1,"1"
1733.8174407121944,118307,1768,1,"1"
1737.8497033177061,118289,1786,1,"1"
1742.2292737664154,118271,1804,1,"1"
1763.0746693721258,118253,1822,1,"1"
1767.8771676085821,118217,1858,2,"2"
1768.4919363349895,118208,1867,1,"1"
1780.0353204469566,118190,1885,1,"1"
1782.4298171669632,118172,1903,1,"1"
1794.6088949717514,118154,1921,1,"1"
1800.3562463154019,118136,1939,1,"1"
1805.9141577729656,118122,1953,1,"1"
1821.0651157221314,118104,1971,1,"1"
1825.3521551857073,118092,1983,1,"1"
1841.3571176261132,118089,1986,1,"1"
1868.4921838254197,118071,2004,1,"1"
1875.2815402630069,118053,2022,1,"1"
1897.2636646566652,118035,2040,1,"1"
1905.6817739514706,118021,2054,1,"1"
1912.9232531231419,118014,2061,1,"1"
1914.3648126615599,118002,2073,1,"1"
1933.4131950674878,117997,2078,1,"1"
1941.3882200630437,117985,2090,1,"1"
1949.213127368977,117982,2093,1,"1"
1951.0407461064615,117979,2096,1,"1"
1967.1353520330338,117967,2108,1,"1"
1975.2711017878532,117957,2118,1,"1"
1976.7785715994958,117903,2172,3,"2-1"
1989.060170377579,117885,2190,1,"1"
1995.019388940103,117867,2208,1,"1"
2009.7438792788664,117831,2244,2,"1-1"
2010.4853475818827,117813,2262,1,"1"
2021.2225197569298,117795,2280,1,"1"
2026.2518319956614,117792,2283,1,"1"
2037.7645397950082,117774,2301,1,"1"
2047.6276229331534,117756,2319,1,"1"
2055.378634127534,117738,2337,1,"1"
2062.498526430837,117720,2355,1,"1"
2064.9164438185194,117706,2369,1,"1"
2075.8040742572184,117699,2376,1,"1"
2082.0938267664806,117681,2394,1,"1"
2086.7257845449167,117663,2412,1,"1"
2099.2946442601879,117645,2430,1,"1"
2107.139025370363,117612,2463,5,"2-2-1"
2114.2928785139543,117576,2499,2,"2"
2121.6887589617959,117569,2506,1,"1"
2128.2708348402002,117551,2524,1,"1"
2131.6689663900756,117531,2544,2,"2"
2149.3988300601245,117513,2562,1,"1"
2153.2586320928267,117495,2580,1,"1"
2156.2165347515952,117477,2598,1,"1"
2158.8416973217113,117474,2601,1,"1"
2171.119548611136,117469,2606,1,"1"
2182.7707867853496,117446,2629,3,"1-1-1"
2187.5481409840963,117441,2634,1,"1"
2195.4907113919876,117423,2652,1,"1"
2196.6000039024229,117390,2685,5,"2-2-1"
2201.3146788064823,117387,2688,1,"1"
2202.5857535621903,117375,2700,4,"3-1"
2204.130884212354,117357,2718,1,"1"
2207.2161577873003,117354,2721,1,"1"
2219.3017265678864,117336,2739,2,"2"
2221.0218416652615,117326,2749,1,"1"
2238.9180162714301,117000,3075,22,"14-6-1-1"
2240.004385952383,116986,3089,1,"1"
2244.3297464524703,116950,3125,2,"1-1"
2249.3270710462366,116932,3143,1,"1"
2270.7621808910653,116926,3149,2,"2"
2277.7688809016017,116921,3154,1,"1"
2287.3308557504415,116903,3172,1,"1"
2288.7327140284219,116898,3177,1,"1"
2293.3705343076936,116889,3186,1,"1"
2302.9086558411586,116869,3206,4,"2-2"
2314.3369749631315,116851,3224,1,"1"
2316.1295238962216,116817,3258,2,"2"
2320.9788550264266,116799,3276,1,"1"
2323.5785611360325,116784,3291,1,"1"
2328.0091011128693,116766,3309,1,"1"
2333.870436627838,116748,3327,1,"1"
2334.9631852334437,116730,3345,1,"1"
2356.793173195354,116714,3361,1,"1"
2369.488170428669,116704,3371,1,"1"
2388.1351582825409,116676,3399,2,"1-1"
2397.7154409015161,116658,3417,1,"1"
2404.9238838234578,116640,3435,1,"1"
2411.8390945615415,116628,3447,1,"1"
2419.0403346454968,116600,3475,3,"3"
2422.2909427076966,116580,3495,2,"1-1"
2430.8811330841013,116564,3511,1,"1"
2434.5938647545013,116546,3529,1,"1"
2440.2932472361617,116532,3543,1,"1"
2444.2225156761433,116514,3561,1,"1"
2449.566156140545,115920,4155,33,"27-4-1-1"
2470.684204543345,115914,4161,2,"2"
2477.227942540499,115911,4164,1,"1"
2486.6261388838093,115875,4200,2,"2"
2491.5564030893775,115868,4207,1,"1"
2492.7029518582594,115832,4243,2,"2"
2511.0684125635889,115814,4261,1,"1"
2528.1240650829541,115807,4268,1,"1"
2528.4868505078812,115791,4284,1,"1"
2538.8821739172145,115779,4296,1,"1"
2540.4695233756238,115761,4314,1,"1"
2546.068515724663,115755,4320,2,"1-1"
2551.0415110748891,115737,4338,1,"1"
2553.4100576017045,115723,4352,2,"2"
2559.2426454006886,115713,4362,1,"1"
2568.4808830468482,115706,4369,1,"1"
2574.6976441375023,115701,4374,1,"1"
2585.1346092767944,115683,4392,1,"1"
2622.4358036926974,115647,4428,3,"3"
2627.4126972554095,115629,4446,1,"1"
2631.6906082010355,115611,4464,1,"1"
2633.5865259207171,115601,4474,1,"1"
2634.387220409671,115595,4480,2,"2"
2638.8640938321259,115577,4498,1,"1"
2640.4503899421957,115559,4516,1,"1"
2645.511363057481,115547,4528,2,"1-1"
2655.1533187447776,115529,4546,1,"1"
2659.71371191655,115487,4588,3,"2-1"
2726.0670163438181,115469,4606,1,"1"
2728.8639414638997,115451,4624,1,"1"
2730.0254830362051,115440,4635,1,"1"
2752.1566610419272,115428,4647,2,"1-1"
2753.8305121074027,115416,4659,1,"1"
2754.0655412765063,115411,4664,1,"1"
2765.7478365056163,115399,4676,1,"1"
2777.1938383715133,115381,4694,1,"1"
2798.0222540638297,115345,4730,2,"2"
2798.666645162813,115327,4748,1,"1"
2805.1489334995244,115309,4766,1,"1"
2812.4573929302587,115273,4802,2,"2"
2815.3548323290474,115255,4820,1,"1"
2827.3422713953028,115243,4832,1,"1"
2847.4778549459115,115236,4839,1,"1"
2852.0499049479122,115227,4848,1,"1"
2866.8913800256487,115209,4866,1,"1"
2868.9033337397932,114966,5109,15,"11-2-2"
2873.4705674406514,114948,5127,1,"1"
2875.7119999183665,114930,5145,1,"1"
2876.3610994627702,114891,5184,7,"6-1"
2882.0958807021802,114855,5220,2,"1-1"
2882.8084681854848,114839,5236,1,"1"
2890.8626007234411,114822,5253,3,"3"
2895.9754857650164,114804,5271,1,"1"
2896.1709693239482,114786,5289,1,"1"
2925.908581516569,114768,5307,1,"1"
2934.984221984243,114731,5344,5,"4-1"
2938.0513069578087,114718,5357,1,"1"
2950.1330663196627,114700,5375,1,"1"
2951.3356568250633,114689,5386,1,"1"
2951.6320523311524,114671,5404,1,"1"
2956.0240462612787,114666,5409,1,"1"
2964.7710813602025,114663,5412,1,"1"
2969.7808990857302,114611,5464,3,"1-1-1"
2981.1457233584224,114600,5475,1,"1"
3000.0640589563677,114582,5493,1,"1"
3000.9440475638312,114567,5508,1,"1"
3002.4298788090723,114549,5526,1,"1"
3014.841505817325,114539,5536,1,"1"
3015.2862730479483,114529,5546,1,"1"
3019.2072590240305,114493,5582,2,"2"
3024.5476489372468,114484,5591,1,"1"
3037.7393564019685,114473,5602,1,"1"
3053.4113016539782,114455,5620,1,"1"
3053.5784390907752,114439,5636,1,"1"
3055.0021877561194,114403,5672,2,"2"
3057.3926038235886,114385,5690,1,"1"
3057.9993042106789,114367,5708,1,"1"
3062.0669715270869,114349,5726,1,"1"
3064.7376545474781,114331,5744,1,"1"
3068.2735390633875,114321,5754,1,"1"
3069.0759597011015,114304,5771,1,"1"
3078.4845369525265,114284,5791,2,"1-1"
3080.1983801935244,114264,5811,2,"2"
3080.7371045616319,114246,5829,1,"1"
3085.8403947585607,114231,5844,1,"1"
3108.7100440908525,114213,5862,1,"1"
3110.9685526233043,114195,5880,1,"1"
3111.2460184674619,114177,5898,1,"1"
3131.0112716798972,114170,5905,1,"1"
3141.7297089848739,114152,5923,1,"1"
3146.5805701329878,114142,5933,1,"1"
3149.7523669456568,114124,5951,1,"1"
3155.5275528288353,114117,5958,1,"1"
3169.0492412250519,114099,5976,1,"1"
3176.1664022067066,114081,5994,2,"2"
3179.38031773994,114045,6030,2,"2"
3183.4069421048221,114035,6040,1,"1"
3185.2956276944547,114005,6070,2,"1-1"
3185.702623000057,113915,6160,5,"4-1"
3192.0843624881745,113897,6178,1,"1"
3193.4772770446702,113883,6192,1,"1"
3202.9496144463369,113876,6199,1,"1"
3206.5301427215772,113858,6217,1,"1"
3213.097370551694,113840,6235,1,"1"
3216.1253384542092,113822,6253,1,"1"
3219.5698201194787,113808,6267,1,"1"
3225.8370494945402,113790,6285,1,"1"
3227.930790945009,113772,6303,1,"1"
3228.2932680177714,113754,6321,1,"1"
3238.6079547471409,113660,6415,7,"2-2-2-1"
3244.48067469135,113642,6433,1,"1"
3247.8791317407413,113624,6451,1,"1"
3259.3735715343482,113612,6463,1,"1"
3260.3041457140266,113594,6481,1,"1"
3262.2334988774473,113568,6507,2,"1-1"
3268.2262861198847,113552,6523,1,"1"
3276.5534360451115,113534,6541,1,"1"
3282.7842725532687,113515,6560,3,"2-1"
3286.8901216436407,113497,6578,1,"1"
3288.3437485250133,113484,6591,1,"1"
3290.3562787680162,113466,6609,1,"1"
3294.1407971282838,113448,6627,1,"1"
3295.4990858634278,113430,6645,1,"1"
3297.9758205100411,113412,6663,1,"1"
3302.2539382260397,113376,6699,2,"2"
3303.0583147051193,113358,6717,1,"1"
3320.2443102145558,113340,6735,1,"1"
3321.1436632847949,113322,6753,1,"1"
3322.1398271980097,113277,6798,4,"2-2"
3325.0156078584223,113010,7065,15,"8-3-1-1-1-1"
3328.4120864553697,112992,7083,1,"1"
3331.0503479693734,112970,7105,2,"2"
3333.5095646336267,112934,7141,2,"2"
3342.1119515458145,112800,7275,10,"3-2-1-1-1-1-1"
3347.2178887087821,112746,7329,3,"2-1"
3347.3014472752684,112728,7347,1,"1"
3360.685491557233,112710,7365,1,"1"
3365.1901439469502,112700,7375,1,"1"
3375.7893253747839,112664,7411,2,"2"
3387.7233327361587,112646,7429,1,"1"
3387.8685236071483,112568,7507,5,"2-1-1-1"
3394.2663701126717,112550,7525,1,"1"
3399.8127137960073,112526,7549,2,"2"
3404.5760384626001,112490,7585,2,"1-1"
3412.4081562794681,112472,7603,1,"1"
3412.4738064879534,112454,7621,1,"1"
3415.527688112933,112438,7637,1,"1"
3423.0727719850415,112324,7751,8,"3-2-1-1-1"
3424.2298462401432,112306,7769,1,"1"
3425.5954882395254,112284,7791,2,"2"
3426.2261868524674,112266,7809,1,"1"
3431.1046267126162,112259,7816,1,"1"
3442.6084878395636,112243,7832,1,"1"
3445.9433300547225,112229,7846,2,"2"
3453.4630505520404,112193,7882,2,"2"
3456.7472439981348,112188,7887,1,"1"
3460.7102757271196,112170,7905,1,"1"
3465.3507740143009,112044,8031,7,"3-2-2"
3465.4615416869706,112026,8049,1,"1"
3471.6167108749619,111948,8127,5,"2-2-1"
3484.2796148083721,111930,8145,1,"1"
3490.8000810255148,111912,8163,1,"1"
3505.7438630887427,111858,8217,3,"2-1"
3519.240830457331,111804,8271,3,"2-1"
3522.8019862118954,111786,8289,1,"1"
3523.0922986987448,111768,8307,1,"1"
3532.926306361052,111755,8320,1,"1"
3545.7966715933953,111737,8338,1,"1"
3546.1156747241989,111719,8356,1,"1"
3550.4112178475229,111710,8365,1,"1"
3559.4579817974791,111705,8370,1,"1"
3562.0911530029889,111687,8388,1,"1"
3576.9769407619401,111678,8397,1,"1"
3578.5686080055652,111662,8413,2,"1-1"
3580.1355286098533,111630,8445,2,"2"
3583.4304440934538,111604,8471,2,"1-1"
3584.3445109406116,111586,8489,1,"1"
3594.0732687606892,111568,8507,1,"1"
3598.0967839527357,111550,8525,1,"1"
3600.6279431525354,111462,8613,9,"4-4-1"
3603.2016562940362,111442,8633,2,"1-1"
3606.6309911062872,111424,8651,1,"1"
3611.0702409818728,111334,8741,5,"2-2-1"
3611.4099216525456,111316,8759,1,"1"
3635.9865572952503,111298,8777,1,"1"
3636.8823727903732,111280,8795,1,"1"
3637.1927111071218,111022,9053,20,"4-3-3-2-2-2-1-1-1-1"
3638.3844196099508,110986,9089,2,"2"
3640.1849589771673,0,120075,6285,"6285"
----------------------------------------------8
0,120075,0,0,"0"
127.19129919734922,120074,1,1,"1"
180.46675512096496,120073,2,1,"1"
240.79555276829029,120055,20,1,"1"
261.94323285665956,120049,26,2,"1-1"
273.61766668169878,120048,27,1,"1"
274.66476682322696,120047,28,1,"1"
291.06715574723432,120046,29,1,"1"
297.14306948494328,120045,30,1,"1"
300.73034868033028,120044,31,1,"1"
306.24227652630492,120043,32,1,"1"
332.1346423202703,120042,33,1,"1"
339.55114854762974,120026,49,1,"1"
340.45975164189099,120025,50,1,"1"
341.30226197865494,120015,60,1,"1"
366.07834113907194,120013,62,2,"2"
378.01416986093631,120012,63,1,"1"
403.50497590923885,119994,81,1,"1"
408.39872375017416,119976,99,1,"1"
416.99076372330649,119975,100,1,"1"
456.01878876894438,119974,101,1,"1"
464.65020116421709,119973,102,1,"1"
470.93752831173322,119972,103,1,"1"
474.41049273791009,119970,105,2,"2"
478.40099973736829,119969,106,1,"1"
481.39387388853748,119968,107,1,"1"
493.15210629417777,119950,125,1,"1"
540.83167618093432,119947,128,1,"1"
546.43410382349759,119946,129,1,"1"
549.97005441094086,119945,130,1,"1"
550.8716548998384,119873,202,4,"4"
584.20587093741142,119872,203,1,"1"
610.63791902494222,119854,221,1,"1"
625.80983604423284,119852,223,2,"2"
628.85056651969808,119846,229,4,"2-1-1"
635.07191189505465,119828,247,1,"1"
637.3393865283615,119827,248,1,"1"
646.11581578850985,119825,250,2,"2"
651.87869793412551,119824,251,1,"1"
654.39342344162083,119823,252,1,"1"
655.71666951898374,119822,253,1,"1"
676.44572657107619,119818,257,4,"2-1-1"
683.14923486051634,119800,275,1,"1"
691.47932436792667,119793,282,1,"1"
692.73759514922529,119792,283,1,"1"
694.62822401167125,119782,293,1,"1"
710.02599955459789,119764,311,1,"1"
711.25250822891144,119762,313,2,"2"
713.92193466948379,119744,331,1,"1"
733.20355932464963,119743,332,1,"1"
739.34621996348665,119740,335,1,"1"
743.38945936343987,119739,336,1,"1"
743.65322536844292,119736,339,1,"1"
762.82462354416282,119724,351,1,"1"
777.4622694225344,119714,361,1,"1"
780.09865640970395,119696,379,1,"1"
781.03727388370783,119695,380,1,"1"
795.8147356661807,119694,381,1,"1"
804.37154685647681,119676,399,1,"1"
815.81713971622491,119675,400,1,"1"
838.10619193013838,119672,403,1,"1"
853.26987492429078,119669,406,1,"1"
862.05005645061919,119666,409,1,"1"
871.22253555640214,119652,423,1,"1"
875.18993558062868,119646,429,2,"2"
886.05094424169806,119645,430,1,"1"
903.58755398990058,119638,437,1,"1"
926.32773367812001,119624,451,1,"1"
935.06230420627344,119620,455,2,"1-1"
960.68347442029835,119602,473,1,"1"
968.84659021455445,119584,491,1,"1"
974.73479625380821,119574,501,1,"1"
976.93263448123366,119573,502,1,"1"
978.85895586902529,119555,520,1,"1"
1060.3571679706945,119552,523,1,"1"
1080.3931984638011,119534,541,1,"1"
1105.2992292921572,119516,559,1,"1"
1110.7473453093592,119500,575,1,"1"
1114.7909498143144,119486,589,1,"1"
1116.191490532314,119470,605,1,"1"
1119.3725801135565,119469,606,1,"1"
1120.4409322966719,119453,622,1,"1"
1130.0389495686425,119450,625,1,"1"
1136.3488156636558,119449,626,1,"1"
1154.8119489208386,119431,644,1,"1"
1155.531599673604,119428,647,1,"1"
1157.6764928314749,119424,651,2,"1-1"
1168.0274050130508,119423,652,1,"1"
1174.1718135090698,119411,664,4,"4"
1183.9575172396812,119406,669,1,"1"
1196.0696386831814,119388,687,1,"1"
1200.9002660867147,119387,688,1,"1"
1219.0934799467661,119386,689,1,"1"
1229.9935326352788,119383,692,3,"3"
1252.0753719031522,119376,699,1,"1"
1263.5261420736811,119369,706,3,"2-1"
1265.045605215553,119251,824,8,"8"
1287.8755480101916,119233,842,1,"1"
1302.1523844429767,119215,860,1,"1"
1308.0555464172053,119210,865,1,"1"
1318.1431182148253,119205,870,1,"1"
1325.1952244980364,119187,888,1,"1"
1325.7617494875371,119174,901,1,"1"
1327.9361139969435,119161,914,3,"3"
1332.9215347911559,119156,919,1,"1"
1335.1586281370271,119151,924,1,"1"
1345.6040827650984,119133,942,1,"1"
1346.2598717654146,119115,960,1,"1"
1363.1500071577123,119111,964,2,"1-1"
1367.2801494176454,119093,982,1,"1"
1375.7165503630638,119090,985,1,"1"
1376.4195544140455,119072,1003,1,"1"
1378.4580201526592,119063,1012,1,"1"
1382.1654595357625,119058,1017,1,"1"
1398.0203250415379,119040,1035,1,"1"
1399.8505921649296,119033,1042,1,"1"
1401.3239345086563,119009,1066,2,"2"
1419.5084031623583,118991,1084,1,"1"
1440.754610197695,118977,1098,1,"1"
1445.3695325707156,118971,1104,2,"2"
1445.4721112781911,118964,1111,1,"1"
1452.7614544275996,118959,1116,1,"1"
1453.3278529711272,118941,1134,1,"1"
1454.6722858348492,118923,1152,1,"1"
1455.6184932737428,118905,1170,1,"1"
1458.0389970245508,118902,1173,1,"1"
1469.7269878828197,118899,1176,1,"1"
1473.2256136690364,118885,1190,1,"1"
1474.81040094643,118878,1197,1,"1"
1513.9831156585342,118860,1215,1,"1"
1524.3875956083373,118846,1229,2,"2"
1532.76320212583,118828,1247,1,"1"
1583.3548922759471,118823,1252,1,"1"
1588.7543583443774,118805,1270,1,"1"
1605.8824311282949,118800,1275,1,"1"
1630.882267391062,118799,1276,1,"1"
1633.6048739658136,118781,1294,1,"1"
1639.6420432351351,118780,1295,1,"1"
1652.0064328908202,118762,1313,1,"1"
1658.2966802879027,118759,1316,1,"1"
1661.7772385659364,118745,1330,1,"1"
1666.244020554233,118727,1348,1,"1"
1678.1510462303959,118711,1364,1,"1"
1683.0759632712968,118700,1375,1,"1"
1686.5740218198516,118672,1403,4,"2-1-1"
1687.4669786943834,118654,1421,1,"1"
1689.0888427961031,118636,1439,1,"1"
1730.4349447680893,118621,1454,1,"1"
1733.8106132975679,118604,1471,1,"1"
1738.6991044344011,118599,1476,1,"1"
1771.7502437368139,118586,1489,1,"1"
1780.3605464130433,118558,1517,2,"1-1"
1801.5070977481826,118540,1535,1,"1"
1806.8269461184102,118522,1553,1,"1"
1814.2755162758356,118516,1559,2,"2"
1817.2960488694434,118498,1577,1,"1"
1823.7888624413231,118486,1589,2,"1-1"
1835.6612333793621,118468,1607,1,"1"
1838.5037086374077,118450,1625,1,"1"
1844.3849588139115,118432,1643,1,"1"
1866.6016502809823,118426,1649,2,"2"
1883.6540238589855,118408,1667,1,"1"
1889.9702221098223,118372,1703,2,"1-1"
1898.9299068483569,118300,1775,4,"3-1"
1922.6881441023093,118282,1793,1,"1"
1936.8198272424295,118270,1805,1,"1"
1939.696667007498,118252,1823,1,"1"
1958.6973255598489,118249,1826,1,"1"
1979.1244792181635,118231,1844,1,"1"
1980.4935399480671,118224,1851,1,"1"
1996.9458077724921,118206,1869,1,"1"
1999.1626413977647,118203,1872,1,"1"
2000.9619603219758,118185,1890,1,"1"
2003.6454275181748,118182,1893,1,"1"
2004.096138408109,118176,1899,2,"2"
2005.0117567893951,118166,1909,1,"1"
2027.7072183036651,118148,1927,1,"1"
2030.9519277920217,118112,1963,2,"2"
2052.2942653488731,118094,1981,1,"1"
2057.0724403413988,118089,1986,1,"1"
2066.3781502679381,118077,1998,1,"1"
2071.2958965400253,118072,2003,1,"1"
2076.1417887420389,118060,2015,1,"1"
2081.7053273981969,117989,2086,10,"5-2-1-1-1"
2090.3616139212222,117939,2136,3,"3"
2094.6330577685462,117921,2154,1,"1"
2107.7733981964602,117903,2172,1,"1"
2109.758795555565,117893,2182,1,"1"
2115.0623973338224,117875,2200,1,"1"
2123.6297848608592,117870,2205,1,"1"
2125.2140496440138,117852,2223,1,"1"
2129.2565970521632,117845,2230,1,"1"
2140.8025023254777,117827,2248,1,"1"
2141.7634620447384,117822,2253,1,"1"
2142.3621602030007,117819,2256,1,"1"
2144.3336252078452,117783,2292,2,"2"
2153.7965839063436,117766,2309,3,"3"
2164.1081158376674,117748,2327,1,"1"
2166.8084394380176,117739,2336,1,"1"
2171.8296634977473,117721,2354,1,"1"
2214.2889187202154,117697,2378,2,"2"
2221.0830655366858,117687,2388,2,"1-1"
2221.1499100354445,117617,2458,5,"4-1"
2222.6814991283745,117587,2488,3,"3"
2227.4353137967946,117577,2498,2,"1-1"
2235.1672258674948,117572,2503,1,"1"
2239.007520208123,117554,2521,1,"1"
2262.0328052332479,117536,2539,1,"1"
2264.8389797952054,117500,2575,2,"1-1"
2269.9122316490093,117497,2578,1,"1"
2274.5680212446455,117479,2596,1,"1"
2275.8984823998098,117469,2606,1,"1"
2312.3207218510943,117451,2624,1,"1"
2313.8977695885924,117445,2630,2,"2"
2330.6615890951412,117427,2648,1,"1"
2332.5066060030558,117409,2666,1,"1"
2333.5124634504618,117391,2684,1,"1"
2340.8729494816812,117373,2702,1,"1"
2363.6481936559439,117366,2709,1,"1"
2377.7830735719626,117348,2727,1,"1"
2378.7724470315848,117345,2730,1,"1"
2382.0292112312968,117329,2746,1,"1"
2385.6934921805491,117326,2749,1,"1"
2387.2183768361647,117320,2755,2,"2"
2396.4323778629359,117302,2773,1,"1"
2410.8132208286261,117284,2791,1,"1"
2424.7547895093176,117263,2812,2,"2"
2428.5930181449457,117245,2830,1,"1"
2445.5498685143566,117227,2848,1,"1"
2450.398927397111,117203,2872,4,"4"
2450.5569169914538,117195,2880,2,"1-1"
2461.779507869905,117177,2898,1,"1"
2478.4884292668048,117159,2916,1,"1"
2490.6183612751138,117123,2952,3,"3"
2496.4271806434676,117105,2970,1,"1"
2496.8032614203948,117098,2977,1,"1"
2499.1511842471232,117062,3013,2,"2"
2501.3313973426475,117038,3037,2,"2"
2513.7698567269495,117020,3055,1,"1"
2515.8715928391298,117002,3073,1,"1"
2525.103102479778,116984,3091,1,"1"
2526.9231828033689,116966,3109,1,"1"
2542.4082974864036,116948,3127,1,"1"
2562.516837904283,116930,3145,1,"1"
2566.5790645849556,116912,3163,1,"1"
2570.4043236511075,116876,3199,2,"2"
2571.5654423976061,116858,3217,1,"1"
2573.2512112310178,116840,3235,1,"1"
2574.9766487713919,116822,3253,1,"1"
2582.546210682724,116807,3268,1,"1"
2583.3405607950981,116800,3275,1,"1"
2592.0252125792326,116782,3293,1,"1"
2594.3951917493696,116772,3303,1,"1"
2598.1320548556728,116718,3357,3,"2-1"
2599.855420560235,116708,3367,1,"1"
2607.5934377333529,116690,3385,1,"1"
2615.3246296049838,116677,3398,1,"1"
2616.3302343563669,116659,3416,1,"1"
2618.0437740588509,116569,3506,5,"5"
2620.8552366820672,116551,3524,1,"1"
2634.2263006411267,116515,3560,2,"2"
2647.3606839240047,116491,3584,2,"2"
2651.3398021365233,116469,3606,2,"1-1"
2658.5148233095683,116451,3624,1,"1"
2666.2309118230587,116437,3638,1,"1"
2676.052318126945,116419,3656,1,"1"
2681.335970642755,116408,3667,1,"1"
2685.5595344393059,116390,3685,2,"1-1"
2691.5409282792257,116372,3703,1,"1"
2701.8698616952233,116354,3721,1,"1"
2706.5041513940077,116336,3739,1,"1"
2712.7764694919751,116326,3749,2,"2"
2713.9594993631845,116295,3780,2,"1-1"
2729.8227826387847,116286,3789,1,"1"
2738.2163743822866,116274,3801,1,"1"
2754.210558259651,116256,3819,1,"1"
2756.3747540710601,116246,3829,2,"2"
2762.9279869627358,116228,3847,1,"1"
2765.1157011646892,116210,3865,1,"1"
2778.0891744890787,116192,3883,1,"1"
2784.8657255461185,116174,3901,1,"1"
2790.7971576771665,116156,3919,1,"1"
2801.0477117080318,116144,3931,1,"1"
2802.0922757510757,116126,3949,1,"1"
2808.8061666306712,116112,3963,1,"1"
2829.3598367209352,116098,3977,1,"1"
2829.4314956704648,116080,3995,1,"1"
2835.3432703717822,116062,4013,1,"1"
2840.1562742861129,116038,4037,2,"1-1"
2849.5160862716798,116020,4055,1,"1"
2850.3789524940044,115984,4091,2,"1-1"
2851.8739578578325,115979,4096,1,"1"
2865.5292376414809,115961,4114,1,"1"
2874.3977815081212,115943,4132,1,"1"
2874.8163290389839,115925,4150,1,"1"
2878.3560189326572,115907,4168,1,"1"
2897.9236840661561,115889,4186,1,"1"
2898.2706714820597,115829,4246,4,"4"
2901.6286657624892,115811,4264,1,"1"
2905.2238735996721,115798,4277,1,"1"
2906.1687386246017,115745,4330,5,"2-1-1-1"
2908.0431085726359,115727,4348,1,"1"
2909.2685660713073,115699,4376,2,"1-1"
2924.532270985133,115662,4413,7,"3-2-1-1"
2924.6936668167673,115644,4431,1,"1"
2931.5991455963272,115406,4669,21,"10-2-2-1-1-1-1-1-1-1"
2933.2909929071611,115396,4679,1,"1"
2953.2606417270995,115378,4697,1,"1"
2974.9774142875658,115360,4715,1,"1"
2980.9440556102118,115342,4733,1,"1"
2991.1543754704508,115324,4751,1,"1"
2994.2769480465186,115306,4769,1,"1"
2996.9697571239931,115296,4779,1,"1"
3004.071138908459,115008,5067,23,"5-2-2-2-1-1-1-1-1-1-1-1-1-1-1-1"
3012.1421339134267,115005,5070,1,"1"
3035.8590089642976,114998,5077,1,"1"
3036.7031228747742,114980,5095,1,"1"
3044.2571487507471,114962,5113,1,"1"
3052.0809624361054,114624,5451,23,"6-3-2-2-2-1-1-1-1-1-1-1-1"
3054.079359858667,114608,5467,2,"1-1"
3055.6995630445949,114590,5485,2,"2"
3074.7321367851032,114578,5497,1,"1"
3078.2182331148156,114564,5511,1,"1"
3085.2108479656818,114546,5529,1,"1"
3086.2276622796644,114543,5532,1,"1"
3088.688685165373,114525,5550,1,"1"
3101.2367132600784,114507,5568,1,"1"
3118.3463860155434,114471,5604,2,"2"
3119.8304273130898,114443,5632,4,"4"
3123.6021679733458,114412,5663,3,"2-1"
3127.7337222850929,114374,5701,3,"3"
3147.2253091477796,113804,6271,37,"7-6-4-3-2-2-2-2-1-1-1-1-1-1-1-1-1"
3148.4044206648541,113786,6289,1,"1"
3156.684391855903,113693,6382,13,"7-3-1-1-1"
3158.7352903276601,113688,6387,1,"1"
3166.7932808665737,113670,6405,1,"1"
3168.3650747608635,113646,6429,2,"2"
3170.5293945986186,113628,6447,1,"1"
3179.749492925469,113619,6456,1,"1"
3180.3792513717058,113614,6461,1,"1"
3191.6615804839626,113542,6533,5,"3-1-1"
3194.3533943772768,113522,6553,2,"2"
3196.4638443092531,113486,6589,2,"2"
3202.8941320555386,113396,6679,5,"4-1"
3204.9930452425715,113300,6775,7,"3-2-1-1"
3207.6038689970405,113287,6788,1,"1"
3228.1120951601083,113276,6799,1,"1"
3234.1206170966325,113260,6815,1,"1"
3240.566173164535,113246,6829,2,"2"
3244.4438898326416,113206,6869,4,"3-1"
3248.803397632159,113118,6957,6,"3-2-1"
3252.7611684592189,113100,6975,1,"1"
3255.645742282662,113090,6985,1,"1"
3267.3819380755353,113072,7003,1,"1"
3267.9450299666469,112976,7099,6,"5-1"
3278.1488648471827,112971,7104,1,"1"
3285.3406650318357,112957,7118,2,"1-1"
3286.0843640756671,112941,7134,1,"1"
3293.6703606027027,112923,7152,1,"1"
3297.750247111976,112877,7198,3,"3"
3302.7686055333184,112784,7291,10,"4-2-1-1-1-1"
3313.7977616319081,112740,7335,3,"1-1-1"
3316.5094981953366,112663,7412,9,"3-2-2-2"
3316.7334565476835,0,120075,6365,"6365"
----------------------------------------------9
0,120075,0,0,"0"
218.67410046278718,120074,1,1,"1"
223.91461982955383,120073,2,1,"1"
234.67561608947594,120072,3,1,"1"
241.54039532380131,120071,4,1,"1"
243.84754111124624,120070,5,1,"1"
283.12914621043541,120069,6,1,"1"
312.1745074097185,120068,7,1,"1"
316.63843417275859,120050,25,1,"1"
339.12401700672592,120047,28,3,"2-1"
344.04479927988484,120046,29,1,"1"
362.22884223502246,120045,30,1,"1"
391.14495069048576,120044,31,1,"1"
416.73204291294093,120043,32,1,"1"
428.52118966221684,120041,34,2,"2"
443.96119310301015,120023,52,1,"1"
460.93273999533466,120022,53,1,"1"
469.26547748026798,120021,54,1,"1"
483.28843513697842,120014,61,1,"1"
484.04493452173097,120013,62,1,"1"
491.85699658003335,120012,63,1,"1"
499.34868012733062,119994,81,1,"1"
510.68480916455923,119989,86,3,"2-1"
517.64788636187086,119988,87,1,"1"
521.2435518321613,119976,99,1,"1"
526.65633194685415,119975,100,1,"1"
527.55149755733487,119974,101,1,"1"
536.9583769476526,119973,102,1,"1"
537.70056357585429,119972,103,1,"1"
542.27193827323424,119969,106,1,"1"
546.78975106163762,119964,111,1,"1"
549.64238722764424,119946,129,1,"1"
553.28644249860861,119945,130,1,"1"
565.79445139790528,119933,142,1,"1"
571.96920241219675,119915,160,1,"1"
582.1349723646241,119905,170,1,"1"
590.12572663999697,119904,171,1,"1"
591.99331255795823,119892,183,1,"1"
610.03009827035817,119874,201,2,"2"
615.69025136066421,119873,202,1,"1"
623.00263345889834,119872,203,1,"1"
651.15415199831739,119871,204,1,"1"
652.93017379861851,119870,205,1,"1"
660.55968526038441,119868,207,2,"2"
686.60111097204947,119865,210,1,"1"
699.74522411750934,119854,221,1,"1"
719.64480588198649,119851,224,1,"1"
725.11076687166144,119850,225,1,"1"
733.71460721603864,119847,228,3,"3"
738.37619771735547,119845,230,2,"1-1"
758.23645644747103,119827,248,1,"1"
767.40072071998406,119825,250,2,"2"
787.47135549354073,119822,253,1,"1"
789.25932737829635,119821,254,1,"1"
799.43585910453714,119818,257,1,"1"
806.83651265987589,119817,258,1,"1"
811.60675336746317,119814,261,1,"1"
812.1306607187164,119811,264,1,"1"
835.16293351364698,119793,282,1,"1"
844.88127750439173,119779,296,1,"1"
845.66681682222702,119763,312,1,"1"
845.90082941102776,119745,330,1,"1"
848.57096949604215,119727,348,1,"1"
859.11940277281769,119725,350,2,"1-1"
865.89898191882526,119709,366,1,"1"
871.29193877497448,119707,368,2,"1-1"
872.20119112701968,119702,373,1,"1"
879.76781962542236,119698,377,4,"2-1-1"
880.02870012413302,119697,378,1,"1"
900.06025582625591,119694,381,1,"1"
900.27438696210947,119691,384,1,"1"
901.99785261594366,119673,402,1,"1"
918.78715596492975,119655,420,1,"1"
923.59612127847458,119653,422,2,"2"
928.78673672706623,119635,440,1,"1"
945.26565259361496,119629,446,2,"1-1"
952.55196137437838,119628,447,1,"1"
965.92225052121887,119621,454,1,"1"
970.67232879236508,119603,472,1,"1"
973.0578912214479,119585,490,1,"1"
1034.8167224237329,119584,491,1,"1"
1043.5024212967305,119523,552,4,"2-1-1"
1052.5213856113282,119520,555,1,"1"
1052.5773983415779,119405,670,7,"7"
1052.7723220340397,119387,688,1,"1"
1091.5262419169787,119360,715,2,"2"
1103.1116396088294,119357,718,1,"1"
1151.0337334295866,119352,723,1,"1"
1170.9615220736787,119334,741,1,"1"
1172.4239120555546,119316,759,1,"1"
1176.26297787821,119311,764,1,"1"
1193.8373657952284,119308,767,1,"1"
1202.5959348280235,119290,785,1,"1"
1203.2531201100721,119214,861,6,"6"
1228.6297858224193,119197,878,3,"3"
1245.2314267264233,119179,896,1,"1"
1247.3431783203328,119178,897,1,"1"
1269.9928469892745,119160,915,1,"1"
1279.2785827700588,119159,916,1,"1"
1282.3611554825154,119156,919,1,"1"
1282.907813726292,119143,932,3,"3"
1288.0926975189664,119142,933,1,"1"
1321.6844490596104,119135,940,1,"1"
1326.8064754938396,119105,970,2,"2"
1331.8947504605783,119104,971,1,"1"
1339.3321854771552,119101,974,1,"1"
1350.8820347993592,119083,992,1,"1"
1356.4770521227745,119076,999,1,"1"
1361.8159862788148,119069,1006,1,"1"
1366.7999686951775,119066,1009,1,"1"
1368.9087474836113,119063,1012,1,"1"
1372.3647125566736,119045,1030,1,"1"
1385.9864782606769,119009,1066,2,"2"
1395.7604767325611,118991,1084,1,"1"
1402.048076710008,118988,1087,1,"1"
1407.5636725048771,118985,1090,1,"1"
1417.9359917480704,118967,1108,1,"1"
1428.9529427113255,118949,1126,1,"1"
1431.2836089222051,118946,1129,1,"1"
1436.4336169417359,118937,1138,1,"1"
1438.6094967964327,118931,1144,2,"2"
1450.0635622933544,118919,1156,4,"3-1"
1462.0870853877434,118916,1159,1,"1"
1470.2075767309047,118902,1173,1,"1"
1489.2163032967608,118888,1187,2,"1-1"
1492.4640087247762,118870,1205,1,"1"
1513.4672666684762,118862,1213,2,"1-1"
1538.4846745965283,118859,1216,1,"1"
1539.6091344564566,118856,1219,1,"1"
1542.3512972214887,118838,1237,1,"1"
1570.2499384929174,118827,1248,1,"1"
1574.8390981033097,118809,1266,1,"1"
1580.0507411888743,118791,1284,1,"1"
1589.3024138963472,118773,1302,1,"1"
1601.9080842225801,118755,1320,1,"1"
1603.7416588207698,118737,1338,1,"1"
1607.3998055729821,118736,1339,1,"1"
1613.8326825078043,118697,1378,5,"3-1-1"
1627.6707213716054,118679,1396,1,"1"
1635.2509302222202,118676,1399,1,"1"
1649.0732592342106,118658,1417,1,"1"
1654.2985375735325,118648,1427,2,"2"
1660.9689015534912,118643,1432,1,"1"
1662.2942857630871,118625,1450,1,"1"
1667.0589670750589,118613,1462,2,"1-1"
1683.8952613976683,118583,1492,3,"3"
1706.8325113464039,118573,1502,1,"1"
1715.9315604250512,118568,1507,1,"1"
1722.6214450213026,118550,1525,1,"1"
1732.7886482708686,118532,1543,1,"1"
1735.955675132541,118518,1557,2,"2"
1759.6592342498859,118500,1575,1,"1"
1762.51342642699,118482,1593,1,"1"
1767.9234502515978,118479,1596,1,"1"
1790.1186908597456,118461,1614,1,"1"
1804.1693575492541,118458,1617,1,"1"
1805.4802900077975,118442,1633,1,"1"
1805.8731837502492,118429,1646,1,"1"
1810.6446220269013,118411,1664,1,"1"
1846.2184146316633,118393,1682,1,"1"
1851.1948102239712,118375,1700,1,"1"
1852.3180044471583,118359,1716,1,"1"
1856.438968258027,118349,1726,1,"1"
1869.8937877892647,118320,1755,2,"1-1"
1874.0014203851022,118274,1801,3,"1-1-1"
1887.044239609595,118256,1819,1,"1"
1892.9682993686793,118238,1837,1,"1"
1912.5296650592895,118228,1847,1,"1"
1929.565770856565,118194,1881,2,"2"
1931.726579690858,118068,2007,7,"6-1"
1934.3232711613471,118053,2022,1,"1"
1940.0964187983809,118048,2027,1,"1"
1944.5872923539016,118024,2051,2,"2"
1946.9637736913451,118006,2069,1,"1"
1963.4321030122819,118001,2074,1,"1"
1965.8869577507098,117983,2092,1,"1"
1984.5120555199471,117968,2107,3,"2-1"
1994.4611601031058,117963,2112,1,"1"
2001.1716623452642,117951,2124,1,"1"
2006.9608665796429,117948,2127,1,"1"
2033.7988842158743,117936,2139,2,"1-1"
2045.238214225664,117925,2150,1,"1"
2056.1143205583471,117907,2168,1,"1"
2056.4342789138746,117901,2174,2,"1-1"
2060.1617269490052,117883,2192,1,"1"
2061.0284692373471,117870,2205,1,"1"
2068.181603622988,117852,2223,1,"1"
2074.4338721581212,117840,2235,1,"1"
2077.2351195683309,117822,2253,1,"1"
2087.73493022297,117819,2256,1,"1"
2091.9270281862723,117814,2261,1,"1"
2099.4852250029853,117798,2277,1,"1"
2121.0487990780707,117790,2285,2,"1-1"
2124.4017119895893,117772,2303,1,"1"
2126.2567273248023,117743,2332,7,"3-2-2"
2150.4918337766562,117740,2335,1,"1"
2159.0288661118625,117718,2357,2,"1-1"
2164.399927296859,117700,2375,1,"1"
2179.5323977127691,117664,2411,2,"2"
2182.3496095649934,117652,2423,2,"1-1"
2192.6486041681665,117634,2441,1,"1"
2193.8341212889823,117616,2459,1,"1"
2195.4315935772561,117613,2462,1,"1"
2198.0653262279648,117608,2467,1,"1"
2204.0138958560397,117605,2470,1,"1"
2204.2221204532698,117587,2488,1,"1"
2211.0699799021245,117569,2506,1,"1"
2214.0321596907306,117563,2512,2,"2"
2217.2182058066783,117543,2532,2,"2"
2224.457869252783,117525,2550,1,"1"
2225.0225058489145,117507,2568,1,"1"
2231.9022074222048,117489,2586,1,"1"
2234.7602767729109,117484,2591,1,"1"
2240.4601781034503,117475,2600,3,"3"
2248.1664081951826,117457,2618,1,"1"
2261.4464851142907,117439,2636,1,"1"
2272.35046903285,117421,2654,1,"1"
2274.2409390762691,117385,2690,2,"2"
2286.1439670946957,117367,2708,1,"1"
2289.9387487230742,117361,2714,2,"2"
2291.6779007780319,117343,2732,1,"1"
2294.7077921315154,117325,2750,1,"1"
2300.3778271886931,117307,2768,1,"1"
2314.8271790847225,117289,2786,1,"1"
2315.3352641432889,117278,2797,1,"1"
2334.9791935661365,117264,2811,1,"1"
2335.8685501076397,117251,2824,1,"1"
2338.3258804621637,117192,2883,6,"3-3"
2340.3804997807301,117187,2888,1,"1"
2341.9408977355001,117169,2906,1,"1"
2353.4641133271316,117151,2924,1,"1"
2376.1152461515189,117133,2942,1,"1"
2377.2785749965606,117107,2968,2,"1-1"
2377.6315387842524,117096,2979,1,"1"
2386.3456993933792,117091,2984,1,"1"
2397.0051275596725,117079,2996,1,"1"
2399.7282609322383,117038,3037,5,"3-2"
2403.2022656183508,117020,3055,1,"1"
2408.3788111921635,116994,3081,4,"2-1-1"
2412.6498131309677,116981,3094,1,"1"
2414.0853218708594,116945,3130,2,"2"
2414.9948584972499,116927,3148,1,"1"
2423.7385780701602,116909,3166,1,"1"
2442.4067810814495,116904,3171,1,"1"
2458.008236318029,116886,3189,1,"1"
2461.5959898435394,116852,3223,4,"3-1"
2471.5278380813884,116834,3241,1,"1"
2473.4093403120673,116816,3259,1,"1"
2475.3026977661525,116798,3277,1,"1"
2477.8424031486716,116793,3282,1,"1"
2481.9349180063914,116775,3300,1,"1"
2487.4591423799457,116757,3318,1,"1"
2490.429349650618,116739,3336,1,"1"
2497.9947383731069,116734,3341,1,"1"
2498.7419204456005,116720,3355,2,"2"
2500.1309152331419,116710,3365,1,"1"
2501.7559221441893,116694,3381,1,"1"
2506.2525683352033,116685,3390,1,"1"
2507.8023003094859,116667,3408,1,"1"
2510.6026340693375,116649,3426,1,"1"
2529.0895407456542,116637,3438,2,"1-1"
2532.1114219204596,116619,3456,1,"1"
2533.9851599288008,116609,3466,1,"1"
2537.2046396492551,116589,3486,2,"1-1"
2541.8130344292058,116541,3534,4,"2-2"
2557.6809411087038,116487,3588,3,"3"
2561.5549086512297,116475,3600,1,"1"
2573.4290204960125,116457,3618,1,"1"
2577.9151307211669,116447,3628,2,"2"
2581.5090371932192,116437,3638,2,"2"
2596.0616865897969,116423,3652,1,"1"
2601.4254442650067,116405,3670,1,"1"
2606.5216680816229,116387,3688,1,"1"
2612.8468292488469,116369,3706,1,"1"
2616.2884173177181,116351,3724,1,"1"
2619.8851250281896,116333,3742,1,"1"
2623.9133024994826,116307,3768,2,"2"
2625.0776018538413,116297,3778,1,"1"
2635.5585043821843,116285,3790,1,"1"
2636.8095230354743,116225,3850,4,"4"
2640.2146804755148,116207,3868,1,"1"
2648.9394781157357,116189,3886,1,"1"
2658.1219168277948,116171,3904,1,"1"
2658.6352608389875,116141,3934,3,"1-1-1"
2662.1322345089616,116123,3952,1,"1"
2670.5848806705508,116114,3961,1,"1"
2678.7472530275654,116109,3966,1,"1"
2681.0283426714923,116091,3984,1,"1"
2682.8465591681561,116073,4002,1,"1"
2685.5056474839798,116060,4015,1,"1"
2691.9343681079131,116053,4022,1,"1"
2691.9788344253357,116030,4045,3,"1-1-1"
2694.3888464574816,115787,4288,16,"12-2-1-1"
2697.8051122324168,115769,4306,1,"1"
2711.6035157763822,115762,4313,1,"1"
2725.1025669416363,115744,4331,1,"1"
2750.3404673681894,115686,4389,8,"4-2-1-1"
2765.0718545219588,115677,4398,1,"1"
2769.5835515957051,115659,4416,1,"1"
2779.8908282371654,115649,4426,2,"1-1"
2782.6465163381713,115642,4433,1,"1"
2783.4433593789104,115635,4440,1,"1"
2784.4987657928054,115617,4458,1,"1"
2789.9502135335902,115568,4507,7,"4-3"
2807.8952393375102,115550,4525,1,"1"
2809.9312981787721,115532,4543,1,"1"
2810.5665830721555,115514,4561,1,"1"
2815.7591972710584,115496,4579,1,"1"
2816.6904399581672,115478,4597,1,"1"
2823.8227237048914,115460,4615,1,"1"
2825.2718789089936,115424,4651,2,"2"
2832.7559867818959,115415,4660,1,"1"
2841.0963965402061,115392,4683,3,"3"
2841.2596081510783,115356,4719,2,"2"
2844.0350019427747,115338,4737,1,"1"
2858.6823511379966,115320,4755,1,"1"
2869.7140661029948,115302,4773,1,"1"
2870.2721096226137,115284,4791,1,"1"
2870.9520735769197,115268,4807,1,"1"
2902.332122639863,115263,4812,1,"1"
2905.1784585167734,115245,4830,1,"1"
2915.9094134229153,115134,4941,9,"6-1-1-1"
2922.4191780534788,115116,4959,1,"1"
2924.8586651047908,115098,4977,1,"1"
2927.1490799297208,115080,4995,1,"1"
2940.8139545566019,115067,5008,1,"1"
2945.347143236288,114995,5080,4,"4"
2946.4521127323724,114977,5098,1,"1"
2950.1178763597968,114945,5130,3,"1-1-1"
2954.0062932352416,114927,5148,1,"1"
2956.0675439654501,114909,5166,1,"1"
2997.7868708338765,114891,5184,1,"1"
3001.4734748279502,114873,5202,1,"1"
3010.8296750674676,114855,5220,1,"1"
3011.1584097798345,114829,5246,4,"3-1"
3012.1458719962252,114811,5264,1,"1"
3016.2653089204309,114793,5282,1,"1"
3020.2561347516535,114781,5294,1,"1"
3029.8237975117727,114763,5312,1,"1"
3036.2695807843293,114745,5330,1,"1"
3037.6863330686092,114727,5348,1,"1"
3043.4666159052363,114713,5362,1,"1"
3046.8213262055547,114695,5380,2,"2"
3058.9277481030517,114664,5411,3,"2-1"
3064.3747505811884,114654,5421,1,"1"
3071.9373639655246,114636,5439,1,"1"
3081.9226058169079,114618,5457,1,"1"
3089.0927240454985,114582,5493,2,"2"
3097.3045714135924,114556,5519,2,"1-1"
3099.5633048304267,114538,5537,1,"1"
3102.0719505069974,114531,5544,1,"1"
3111.1900566086433,114509,5566,2,"2"
3122.7413231297014,114491,5584,1,"1"
3131.2493697592131,114473,5602,1,"1"
3136.1284176723616,114463,5612,1,"1"
3141.4377406020344,114445,5630,1,"1"
3167.0586768275484,114335,5740,9,"5-3-1"
3168.3588138690966,114317,5758,1,"1"
3185.0076662069346,114293,5782,2,"2"
3198.813538423824,114267,5808,4,"2-1-1"
3202.4850015498637,114249,5826,1,"1"
3202.6873552247071,114240,5835,1,"1"
3203.0638995407048,114225,5850,1,"1"
3203.6706089970316,114189,5886,2,"2"
3204.58131565125,114171,5904,1,"1"
3208.3410744970865,114153,5922,1,"1"
3231.974560079123,114117,5958,2,"1-1"
3233.479172099866,114099,5976,1,"1"
3262.4557432177576,114063,6012,2,"2"
3283.0098934450116,114051,6024,1,"1"
3290.1471108024916,114041,6034,1,"1"
3291.5275385707146,114023,6052,1,"1"
3292.9175331102806,113985,6090,3,"2-1"
3298.1795681264512,113967,6108,1,"1"
3303.3111512194801,113949,6126,1,"1"
3307.8665554415575,113835,6240,8,"3-2-1-1-1"
3310.4871437198021,113817,6258,1,"1"
3310.8211474359218,113604,6471,19,"5-2-2-2-2-2-1-1-1-1"
3311.9911710730812,113572,6503,2,"2"
3314.8740827097458,113476,6599,7,"2-1-1-1-1-1"
3320.5003817930847,113467,6608,1,"1"
3355.0365678555654,113449,6626,1,"1"
3355.0441977280616,113435,6640,1,"1"
3358.7122438374699,113417,6658,1,"1"
3361.1021342466256,113399,6676,1,"1"
3374.6857584171985,113363,6712,2,"1-1"
3375.1529302678518,113345,6730,1,"1"
3375.941300953903,113327,6748,1,"1"
3388.0671243860829,113320,6755,1,"1"
3391.8208617497489,113266,6809,3,"2-1"
3394.7675619871256,113248,6827,1,"1"
3402.713581427498,113230,6845,1,"1"
3403.5690202983665,113212,6863,1,"1"
3407.1520114878717,113194,6881,1,"1"
3414.6652766187381,113184,6891,1,"1"
3415.8678113335695,113172,6903,1,"1"
3418.7089366300302,113154,6921,1,"1"
3418.9254934328792,113106,6969,4,"2-1-1"
3422.733375351841,113097,6978,1,"1"
3426.6628076190477,113079,6996,1,"1"
3429.6168713583384,113003,7072,6,"2-2-1-1"
3441.2978895288452,112998,7077,1,"1"
3447.3552868471284,112794,7281,16,"4-3-3-2-1-1-1-1"
3450.4883101301302,112776,7299,1,"1"
3450.7827012470934,112740,7335,2,"1-1"
3466.6183130656214,112722,7353,1,"1"
3468.9780268968575,112704,7371,1,"1"
3469.4465499299063,112686,7389,1,"1"
3474.9022601221723,112668,7407,1,"1"
3477.3072506906851,112574,7501,6,"3-2-1"
3495.4839401772492,112160,7915,29,"4-3-3-3-3-2-2-2-1-1-1-1-1-1-1"
3499.5632303212228,112142,7933,1,"1"
3503.8011308575637,112124,7951,1,"1"
3507.1491632363122,112107,7968,1,"1"
3507.5830724091638,112089,7986,1,"1"
3507.5882417818366,112082,7993,1,"1"
3507.6300790847777,112064,8011,1,"1"
3515.163994797831,112046,8029,1,"1"
3516.5489503053814,112028,8047,1,"1"
3518.3309495277686,112010,8065,1,"1"
3520.3776416047535,111992,8083,1,"1"
3522.3303941410286,111955,8120,3,"2-1"
3532.7153282173485,111937,8138,1,"1"
3533.4750689490493,111878,8197,4,"2-1-1"
3534.1235161390282,111862,8213,1,"1"
3535.6338034398182,111844,8231,1,"1"
3539.3550518869101,111736,8339,8,"3-2-2-1"
3543.66225308499,111722,8353,1,"1"
3545.2401764623032,111704,8371,1,"1"
3550.5427199253991,111693,8382,1,"1"
3551.2683020045524,111675,8400,1,"1"
3552.6455148810087,111585,8490,6,"3-2-1"
3555.6687679986944,111545,8530,3,"3"
3558.6482801541756,111514,8561,2,"2"
3568.5998117270401,111496,8579,1,"1"
3574.4650042783269,110884,9191,35,"24-4-2-2-1-1-1"
3576.1860366814626,110866,9209,1,"1"
3591.3447104333,110848,9227,1,"1"
3597.7951153329855,110657,9418,16,"6-2-2-1-1-1-1-1-1"
3598.7846413246125,0,120075,6227,"6227"
