f,num_active_particles,num_deleted_particles,total_deleted_rods,avalanche_sizes
0,124050,0,0,"0"
59.183201860261391,124049,1,1,"1"
81.399125503343228,124048,2,1,"1"
111.52009711032551,124037,13,1,"1"
138.2654367863384,124036,14,1,"1"
184.13864767076089,124034,16,2,"1-1"
262.13501005785463,124033,17,1,"1"
274.84533249064532,124020,30,1,"1"
283.88129426093576,124019,31,1,"1"
320.02921291721941,124001,49,1,"1"
350.15285781137851,124000,50,1,"1"
363.14166368648398,123999,51,1,"1"
378.39910965359803,123998,52,1,"1"
381.3407238849021,123980,70,1,"1"
382.42293973665841,123975,75,1,"1"
458.95105438328608,123959,91,1,"1"
473.43658629542074,123941,109,1,"1"
486.46423010384223,123923,127,1,"1"
504.74632896620034,123905,145,1,"1"
530.65567784234804,123904,146,1,"1"
541.99562291688778,123903,147,1,"1"
555.04459184028485,123902,148,1,"1"
555.12729860088541,123884,166,1,"1"
566.24231969588038,123875,175,1,"1"
577.93810987251516,123874,176,1,"1"
580.73044180110128,123864,186,1,"1"
592.52180668234814,123863,187,1,"1"
605.40561236363692,123845,205,1,"1"
608.63052486493211,123827,223,1,"1"
623.50670822219752,123817,233,1,"1"
651.80466788983085,123807,243,1,"1"
662.7150758325364,123804,246,1,"1"
667.05629748005083,123803,247,1,"1"
670.69507663438162,123785,265,1,"1"
683.45557012402492,123783,267,2,"2"
693.64389752836576,123782,268,1,"1"
710.86169955546757,123781,269,1,"1"
718.79925028092839,123780,270,1,"1"
726.95649782473288,123779,271,1,"1"
735.85396117709092,123767,283,1,"1"
740.09048517920223,123766,284,1,"1"
749.80375423707528,123764,286,2,"1-1"
756.45240219808011,123763,287,1,"1"
766.86293579099311,123748,302,1,"1"
773.09785993901255,123730,320,1,"1"
781.9549797555843,123727,323,1,"1"
794.28632246463349,123726,324,1,"1"
810.59680969866577,123725,325,1,"1"
819.42554194799209,123713,337,1,"1"
845.9015847372558,123695,355,1,"1"
855.04367233690539,123659,391,2,"1-1"
867.01448396356147,123658,392,1,"1"
870.24235459999738,123640,410,1,"1"
898.11955986761416,123639,411,1,"1"
899.41074767952887,123634,416,1,"1"
916.21016111164329,123620,430,1,"1"
924.04976213497127,123602,448,1,"1"
932.01892746635758,123584,466,1,"1"
932.62776245926682,123566,484,1,"1"
935.39853688101255,123561,489,1,"1"
936.31557000227258,123560,490,1,"1"
936.66374067928143,123559,491,1,"1"
950.27032761183546,123541,509,1,"1"
960.80626343807387,123505,545,2,"1-1"
961.74407368407867,123504,546,1,"1"
962.20946566674058,123503,547,1,"1"
965.41771406076145,123485,565,1,"1"
987.68044177629918,123484,566,1,"1"
1025.4719523013514,123466,584,1,"1"
1032.8340316328611,123448,602,1,"1"
1040.8417017393526,123447,603,1,"1"
1047.7098322359682,123411,639,2,"2"
1056.3710742485462,123406,644,1,"1"
1062.1607561560179,123405,645,1,"1"
1063.9219896996271,123404,646,1,"1"
1064.8491881403374,123392,658,4,"2-2"
1084.6342943098032,123382,668,1,"1"
1097.0133065485982,123381,669,1,"1"
1100.3289949676816,123363,687,1,"1"
1109.908968153235,123361,689,2,"2"
1111.9845064992367,123360,690,1,"1"
1112.5901773688709,123355,695,1,"1"
1116.5981610753493,123354,696,1,"1"
1118.2952916264114,123353,697,1,"1"
1124.7826448887286,123335,715,1,"1"
1126.6618814127673,123317,733,1,"1"
1127.7071644591301,123299,751,1,"1"
1144.2203948389847,123296,754,1,"1"
1154.6912619403845,123276,774,2,"2"
1183.9355144491744,123271,779,1,"1"
1194.1788109462373,123268,782,1,"1"
1252.2887111212167,123265,785,1,"1"
1296.8530115953993,123247,803,1,"1"
1306.4719012074804,123229,821,1,"1"
1311.6892742418684,123220,830,1,"1"
1328.1995301474549,123217,833,1,"1"
1329.7119852121878,123203,847,1,"1"
1353.6124403514345,123202,848,1,"1"
1375.4796752069021,123190,860,1,"1"
1385.5199939343979,123187,863,1,"1"
1411.3751264921179,123159,891,2,"2"
1411.431660462752,123156,894,1,"1"
1418.9386714939887,123153,897,1,"1"
1429.0902336762672,123150,900,1,"1"
1438.1406099462881,123147,903,1,"1"
1439.3108042011697,123129,921,1,"1"
1449.7249277359642,123123,927,2,"2"
1451.350697876087,123122,928,1,"1"
1466.9695704282274,123116,934,2,"1-1"
1473.945205828006,123098,952,1,"1"
1485.2842303550622,123088,962,1,"1"
1506.4737459164662,123087,963,1,"1"
1508.6013268111956,123084,966,1,"1"
1530.6203171527891,123044,1006,6,"6"
1536.3254351178437,123041,1009,1,"1"
1537.3867531002461,123011,1039,2,"2"
1547.8762439262171,122993,1057,1,"1"
1549.9089919383623,122975,1075,1,"1"
1558.9242197439826,122967,1083,2,"2"
1582.904271102331,122949,1101,1,"1"
1583.2685009020436,122944,1106,1,"1"
1607.5224574101476,122928,1122,1,"1"
1622.7197165583198,122925,1125,1,"1"
1626.1449211977072,122922,1128,1,"1"
1633.296573819008,122917,1133,1,"1"
1633.9321276047158,122914,1136,1,"1"
1635.0023324010635,122898,1152,1,"1"
1647.7520634632072,122880,1170,1,"1"
1649.9382776951873,122854,1196,2,"2"
1699.3316766539415,122836,1214,1,"1"
1702.7683304571879,122818,1232,1,"1"
1715.1770603328905,122800,1250,1,"1"
1721.5646279860489,122795,1255,1,"1"
1722.3068638341688,122792,1258,1,"1"
1725.1527608027429,122774,1276,1,"1"
1728.2098376134684,122756,1294,1,"1"
1745.2331681963501,122750,1300,2,"2"
1756.0269254996622,122732,1318,1,"1"
1767.9930526425683,122722,1328,1,"1"
1768.8415938899122,122704,1346,1,"1"
1780.4277464096647,122686,1364,1,"1"
1788.2518509496763,122668,1382,1,"1"
1794.9229668254288,122663,1387,1,"1"
1802.3657629701538,122653,1397,1,"1"
1819.0746476395232,122637,1413,1,"1"
1821.7115692797386,122632,1418,1,"1"
1821.7471578444752,122614,1436,1,"1"
1823.5131172250387,122609,1441,1,"1"
1883.0656937771764,122606,1444,1,"1"
1885.6804190759954,122588,1462,1,"1"
1887.485258359294,122570,1480,1,"1"
1892.1209382182258,122552,1498,1,"1"
1901.3893743265783,122534,1516,1,"1"
1901.776118339046,122516,1534,1,"1"
1903.0988549937681,122510,1540,2,"2"
1904.0361385205549,122500,1550,1,"1"
1921.8265840594654,122488,1562,1,"1"
1950.7673228121166,122470,1580,1,"1"
1964.5141167214913,122443,1607,5,"3-1-1"
1984.7662271514412,122425,1625,1,"1"
2002.4116443279718,122422,1628,1,"1"
2002.5549291804475,122419,1631,1,"1"
2024.6257923609819,122409,1641,2,"1-1"
2028.3114054699304,122391,1659,1,"1"
2047.6648774536773,122373,1677,1,"1"
2051.1650836664521,122355,1695,1,"1"
2053.632158949622,122350,1700,1,"1"
2057.4790012096582,122332,1718,1,"1"
2080.2569890135442,122320,1730,1,"1"
2081.8619584136518,122317,1733,1,"1"
2116.2630023336246,122299,1751,1,"1"
2121.7634414726122,122294,1756,1,"1"
2126.9230755147491,122256,1794,3,"3"
2143.1849039982658,122249,1801,1,"1"
2146.6288715318174,122231,1819,1,"1"
2150.6144882488866,122225,1825,2,"1-1"
2168.780956537119,122208,1842,1,"1"
2171.2294342229561,122190,1860,1,"1"
2185.1444174184689,122172,1878,1,"1"
2192.6371328338478,122154,1896,1,"1"
2210.4502761767772,122144,1906,2,"1-1"
2220.4566782920911,122126,1924,1,"1"
2240.9614245403791,122109,1941,1,"1"
2249.3422579552816,122106,1944,1,"1"
2254.6244250441946,122088,1962,1,"1"
2266.2405211261239,122070,1980,1,"1"
2271.6981551958997,122052,1998,1,"1"
2281.5927361096496,122043,2007,1,"1"
2288.6329049644901,121987,2063,4,"4"
2295.6542199605806,121984,2066,1,"1"
2295.8682353704439,121975,2075,1,"1"
2307.7855282708156,121957,2093,1,"1"
2308.3218267130565,121939,2111,1,"1"
2312.5113352896478,121929,2121,2,"1-1"
2314.7574532050326,121919,2131,1,"1"
2340.2686531636518,121913,2137,2,"2"
2343.0282388246346,121899,2151,2,"2"
2350.1941690170434,121881,2169,1,"1"
2362.8529415227636,121863,2187,1,"1"
2364.3004378521869,121829,2221,4,"4"
2372.4364028091409,121793,2257,2,"2"
2392.8688293803316,121783,2267,1,"1"
2412.265327030309,121765,2285,1,"1"
2413.7796242641366,121762,2288,1,"1"
2414.7264000824716,121744,2306,1,"1"
2417.6784736208219,121726,2324,1,"1"
2431.2538628602906,121708,2342,1,"1"
2440.8210895772554,121680,2370,2,"2"
2449.0268179029522,121677,2373,1,"1"
2455.7005989764289,121666,2384,1,"1"
2477.820408559754,121648,2402,1,"1"
2485.8435698325652,121632,2418,4,"2-1-1"
2491.5571908589982,121627,2423,1,"1"
2496.0163676012398,121609,2441,1,"1"
2497.181586429826,121591,2459,1,"1"
2522.9264493102546,121577,2473,1,"1"
2529.2898880000507,121567,2483,1,"1"
2531.4857252704865,121561,2489,2,"2"
2538.0992158513104,121543,2507,1,"1"
2541.4314417884125,121525,2525,1,"1"
2546.1647349591408,121515,2535,1,"1"
2548.4441526864648,121497,2553,1,"1"
2549.1328502468677,121479,2571,1,"1"
2549.7311527880988,121461,2589,1,"1"
2553.1409256299489,121456,2594,1,"1"
2574.6428697919628,121438,2612,1,"1"
2577.345002089372,121428,2622,1,"1"
2577.873214562132,121418,2632,1,"1"
2580.0800291936202,121408,2642,1,"1"
2582.2300609732142,121390,2660,1,"1"
2588.5552490034224,121372,2678,1,"1"
2589.6758747930003,121350,2700,2,"2"
2601.2979166977448,121332,2718,1,"1"
2602.5428349176141,121314,2736,1,"1"
2606.670488043821,121299,2751,3,"2-1"
2607.0796270205847,121281,2769,1,"1"
2613.7449439069042,121209,2841,4,"3-1"
2630.4695577057341,121206,2844,1,"1"
2632.3484117428461,121188,2862,1,"1"
2635.5604412736166,121169,2881,3,"3"
2646.7830893737496,121151,2899,1,"1"
2650.2322212035883,121139,2911,1,"1"
2652.465127128422,121121,2929,1,"1"
2658.6395711280875,121116,2934,1,"1"
2671.7681542193209,121098,2952,1,"1"
2674.4991454738001,121080,2970,1,"1"
2674.9723335836293,121062,2988,1,"1"
2682.6633635781131,121044,3006,1,"1"
2690.8072914004815,121039,3011,1,"1"
2691.3161230655123,121021,3029,1,"1"
2697.1420889810438,121009,3041,1,"1"
2702.4551325592665,120978,3072,3,"3"
2706.656772148116,120968,3082,1,"1"
2727.272830904863,120950,3100,1,"1"
2729.1863585172096,120947,3103,1,"1"
2739.8756415044222,120944,3106,1,"1"
2746.5611146070946,120926,3124,1,"1"
2764.8314908636512,120890,3160,2,"2"
2778.3414248534605,120872,3178,1,"1"
2779.2815708006538,120844,3206,2,"2"
2781.2314950219529,120826,3224,1,"1"
2787.0099575361028,120808,3242,1,"1"
2799.0011719617814,120790,3260,1,"1"
2812.9322514580026,120772,3278,1,"1"
2818.8024333394915,120736,3314,2,"2"
2821.4599246248017,120726,3324,1,"1"
2831.9817107249914,120708,3342,1,"1"
2833.3110529684041,120658,3392,3,"3"
2846.5082735904393,120640,3410,1,"1"
2848.3161048452002,120622,3428,1,"1"
2850.2214510668941,120604,3446,1,"1"
2854.3772555894334,120591,3459,3,"2-1"
2865.8824239328223,120586,3464,1,"1"
2874.8180307343791,120568,3482,1,"1"
2892.1441692714047,120550,3500,1,"1"
2892.3758991431741,120532,3518,1,"1"
2892.5787167977505,120507,3543,5,"2-1-1-1"
2892.8607270830453,120495,3555,1,"1"
2900.0319858758476,120492,3558,1,"1"
2900.314080831989,120460,3590,2,"2"
2901.1006368490798,120442,3608,1,"1"
2907.7912542212139,120433,3617,1,"1"
2908.037138625165,120415,3635,2,"2"
2912.4511602818684,120403,3647,1,"1"
2921.6955112226128,120385,3665,1,"1"
2923.8933649307378,120367,3683,1,"1"
2934.9767798343987,120350,3700,1,"1"
2935.6595176467436,120332,3718,1,"1"
2942.5560212364976,120296,3754,2,"1-1"
2958.2356275254187,120278,3772,1,"1"
2962.9350839045378,120273,3777,1,"1"
2965.2623219073907,120258,3792,1,"1"
2966.7333962310263,120240,3810,1,"1"
2972.292466030688,120222,3828,1,"1"
2972.2981886004372,120204,3846,1,"1"
2976.1357036917348,120199,3851,1,"1"
2978.1551221155055,120190,3860,1,"1"
2978.4257564281857,120172,3878,1,"1"
2982.3130856354801,120165,3885,1,"1"
2983.2018726240244,120147,3903,1,"1"
2988.5806513492221,120129,3921,1,"1"
2994.038573226976,120093,3957,2,"2"
3012.7935569296405,119895,4155,11,"10-1"
3015.1485695255797,119888,4162,1,"1"
3015.6988921032703,119870,4180,1,"1"
3016.6649993475085,119861,4189,1,"1"
3017.2199003514579,119851,4199,1,"1"
3026.2671189624743,119846,4204,1,"1"
3033.3285765638079,119836,4214,1,"1"
3055.7092660540729,119818,4232,1,"1"
3094.8972137127121,119813,4237,1,"1"
3101.7387129211379,119795,4255,1,"1"
3106.7107092652618,119788,4262,1,"1"
3108.8957179612235,119770,4280,1,"1"
3110.1335252859867,119732,4318,3,"2-1"
3111.2219991543993,119678,4372,3,"2-1"
3123.7655425505864,119660,4390,1,"1"
3136.7964679129204,119642,4408,1,"1"
3140.6963533235939,119631,4419,1,"1"
3146.3698474509702,119621,4429,1,"1"
3156.8078112859966,119609,4441,1,"1"
3159.6657295321206,119591,4459,1,"1"
3166.2900663189498,119573,4477,1,"1"
3168.0345676645234,119563,4487,1,"1"
3178.2904858924912,119545,4505,1,"1"
3184.9731266885792,119540,4510,1,"1"
3186.998575543269,119518,4532,4,"3-1"
3194.5506687760558,119500,4550,1,"1"
3196.0896915296976,119482,4568,1,"1"
3201.6721438453187,119468,4582,1,"1"
3235.3455682101189,119457,4593,3,"2-1"
3239.9914837648639,119443,4607,1,"1"
3250.068654593184,119433,4617,2,"2"
3268.6247172895801,119420,4630,1,"1"
3278.1831242518938,119379,4671,5,"2-2-1"
3290.5286530126887,119361,4689,1,"1"
3290.6709833979016,119343,4707,1,"1"
3293.5230938581421,119145,4905,11,"11"
3299.3773033727102,119109,4941,2,"1-1"
3302.6884045844781,119066,4984,9,"2-2-2-1-1-1"
3310.1090936436699,119030,5020,2,"1-1"
3310.9716321092187,119012,5038,1,"1"
3311.0520135553675,118994,5056,1,"1"
3311.8186714959043,118946,5104,3,"2-1"
3314.3668032680557,118941,5109,1,"1"
3319.9961594467404,118923,5127,1,"1"
3324.9303020666007,118911,5139,1,"1"
3344.5480806907594,118893,5157,1,"1"
3349.3721060766288,118875,5175,1,"1"
3349.9036041495551,118865,5185,1,"1"
3356.0514235233368,118835,5215,2,"1-1"
3367.2522264635036,118817,5233,1,"1"
3370.30854675718,118799,5251,1,"1"
3374.6181779342296,118785,5265,1,"1"
3375.2235000420746,118727,5323,8,"4-3-1"
3375.9491829767694,118713,5337,1,"1"
3380.2458085401763,118699,5351,1,"1"
3389.9530371461324,118681,5369,1,"1"
3392.7505018416259,118663,5387,1,"1"
3404.795430083595,118645,5405,1,"1"
3410.1672874374563,118573,5477,4,"4"
3412.8521332400342,118534,5516,4,"2-1-1"
3413.3497121824412,118527,5523,1,"1"
3419.7328522764346,118516,5534,1,"1"
3420.5253411622175,118505,5545,1,"1"
3429.1453601009775,118487,5563,1,"1"
3433.6499257104711,118467,5583,2,"2"
3435.3261881843482,118431,5619,2,"2"
3437.0821150360448,118413,5637,1,"1"
3441.0710962361914,118161,5889,16,"11-1-1-1-1-1"
3445.9887739881274,118143,5907,1,"1"
3455.8546136506907,118125,5925,1,"1"
3460.7980156178342,118107,5943,1,"1"
3464.7566403377555,118089,5961,1,"1"
3475.5647707116009,118071,5979,1,"1"
3483.3815103636075,118053,5997,1,"1"
3494.1992037602563,118037,6013,2,"1-1"
3498.244100162342,117957,6093,6,"3-3"
3511.1541256810829,117945,6105,1,"1"
3514.6837193248039,117909,6141,2,"2"
3524.1506382707489,117875,6175,3,"2-1"
3525.19920741333,117864,6186,1,"1"
3525.4819756710572,117798,6252,4,"2-1-1"
3526.7889647492852,117787,6263,1,"1"
3528.4802097365441,117780,6270,1,"1"
3529.8165195932115,117762,6288,1,"1"
3534.9447947046947,117744,6306,1,"1"
3540.4856032496523,117735,6315,1,"1"
3542.2113921770092,117717,6333,1,"1"
3549.5050759737878,117699,6351,1,"1"
3555.7002581635929,117681,6369,1,"1"
3559.0014137923736,117663,6387,1,"1"
3567.4175438368693,117645,6405,1,"1"
3569.8014755953827,117634,6416,1,"1"
3570.1914899971666,117616,6434,1,"1"
3573.3894080519703,117613,6437,1,"1"
3588.1349588177741,117577,6473,2,"2"
3601.2510229402687,117541,6509,2,"2"
3602.6674629869021,117523,6527,1,"1"
3602.7233472189318,117401,6649,10,"3-2-1-1-1-1-1"
3612.3782704561268,117383,6667,1,"1"
3616.8807740450534,117365,6685,1,"1"
3618.2893018105342,117360,6690,1,"1"
3644.4809016247186,117342,6708,1,"1"
3648.7144501062771,117324,6726,1,"1"
3651.4346150908932,117306,6744,1,"1"
3652.8050175706617,117288,6762,1,"1"
3655.2845737732232,117274,6776,1,"1"
3657.8764369278301,117256,6794,1,"1"
3658.0263389427651,117220,6830,3,"1-1-1"
3663.0584334244891,117208,6842,2,"1-1"
3675.0384100513093,117128,6922,5,"2-1-1-1"
3683.0934513250745,117110,6940,1,"1"
3683.9888219457976,116994,7056,8,"3-2-2-1"
3685.6073987352811,116776,7274,14,"7-2-2-1-1-1"
3692.3356412076582,116756,7294,2,"1-1"
3700.8822284697339,116738,7312,1,"1"
3705.2490215368402,116720,7330,1,"1"
3706.2363662633688,116348,7702,33,"14-3-3-2-2-2-1-1-1-1-1-1-1"
3710.7132438623803,116330,7720,1,"1"
3714.7356981845301,116312,7738,1,"1"
3715.2420294645735,116297,7753,1,"1"
3724.32854290666,116279,7771,1,"1"
3727.1303136860151,116261,7789,1,"1"
3732.2516652995764,116243,7807,1,"1"
3742.3509493344413,116189,7861,6,"1-1-1-1-1-1"
3742.5451678327422,116153,7897,2,"1-1"
3746.370579720764,116117,7933,2,"2"
3747.437827824509,116081,7969,2,"2"
3747.4788779981327,116063,7987,1,"1"
3763.3014928687635,116045,8005,1,"1"
3765.8311275109204,116027,8023,1,"1"
3774.9165248667814,116009,8041,1,"1"
3775.764289976069,115944,8106,9,"4-2-1-1-1"
3776.7549953453481,115926,8124,1,"1"
3778.9033432651454,115916,8134,1,"1"
3780.1905079414323,115898,8152,1,"1"
3781.3834415583824,114858,9192,58,"53-1-1-1-1-1"
3793.0934443696124,114626,9424,15,"4-3-3-1-1-1-1-1"
3793.1862157212904,114608,9442,1,"1"
3793.3860383120546,114490,9560,9,"3-2-1-1-1-1"
3796.0200603093872,114472,9578,1,"1"
3796.7239945894457,114454,9596,1,"1"
3804.2929280908056,114400,9650,3,"2-1"
3804.6343430991742,114322,9728,7,"2-2-1-1-1"
3811.3984907259392,114313,9737,1,"1"
3817.6775685585417,114295,9755,1,"1"
3821.5112970105979,114267,9783,2,"1-1"
3826.2168089078423,114249,9801,1,"1"
3831.9265247401522,114139,9911,8,"4-1-1-1-1"
3838.3326375943102,114121,9929,1,"1"
3839.9587322579127,114085,9965,2,"2"
3840.548423652232,114076,9974,1,"1"
3846.8634416896912,113982,10068,7,"5-1-1"
3852.9062030881405,113964,10086,1,"1"
3854.2586756266669,113946,10104,1,"1"
3854.2741350527117,113928,10122,1,"1"
3855.5110030241185,113874,10176,3,"3"
3862.525799293976,113856,10194,1,"1"
3868.3748324102335,113824,10226,2,"2"
3870.5890088431606,113806,10244,1,"1"
3871.6659733592719,113752,10298,3,"2-1"
3876.1262289214005,113734,10316,1,"1"
3884.1014493393577,113716,10334,1,"1"
3887.1009172645454,113041,11009,59,"5-5-5-4-3-3-2-2-2-2-2-2-2-2-2-1-1-1-1-1-1-1-1-1-1-1-1-1-1-1-1"
3890.5540201247513,113030,11020,1,"1"
3890.9027409220639,111751,12299,74,"57-3-2-2-1-1-1-1-1-1-1-1-1-1"
3899.8545345630309,111605,12445,11,"6-2-1-1-1"
3901.6592926639032,111569,12481,2,"2"
3901.8407721853655,111551,12499,1,"1"
3903.8457608132098,0,124050,6297,"6297"
----------------------------------------------1
0,124050,0,0,"0"
175.41582132597117,124038,12,1,"1"
215.63020175879612,124037,13,1,"1"
220.77118827757502,124024,26,1,"1"
286.84897688286577,124021,29,1,"1"
296.2055662592258,124020,30,1,"1"
296.71026858287689,124011,39,1,"1"
297.34444055447801,124010,40,1,"1"
312.28731615939978,123998,52,1,"1"
314.92112990831004,123997,53,1,"1"
321.56216315804659,123979,71,1,"1"
382.61223492713401,123978,72,1,"1"
402.49593238697986,123960,90,1,"1"
422.3837552882066,123959,91,1,"1"
423.51540915394634,123944,106,1,"1"
434.25372402237412,123940,110,2,"1-1"
454.7466869525494,123922,128,1,"1"
478.9797265525001,123921,129,1,"1"
489.98530934322406,123920,130,1,"1"
502.41399460316853,123902,148,1,"1"
512.51139455023747,123901,149,1,"1"
523.70932527994273,123900,150,1,"1"
526.86460752564528,123899,151,1,"1"
532.56574373744115,123898,152,1,"1"
573.27055276725127,123895,155,1,"1"
609.1040450086972,123894,156,1,"1"
622.50063910494168,123876,174,1,"1"
640.01384416242786,123858,192,1,"1"
647.3483009244311,123840,210,1,"1"
653.89368651650523,123839,211,1,"1"
675.62694101415468,123837,213,2,"2"
685.84779774913386,123835,215,2,"2"
690.20858885349992,123829,221,2,"1-1"
708.38871391230703,123826,224,3,"3"
725.24778528275976,123808,242,1,"1"
739.18246058196519,123805,245,1,"1"
746.29406308529872,123804,246,1,"1"
747.4049684840287,123801,249,1,"1"
755.99375809213814,123799,251,2,"2"
760.2766356201347,123783,267,1,"1"
760.56156426720679,123767,283,1,"1"
763.79781771276078,123757,293,1,"1"
773.31934665637937,123755,295,2,"2"
778.92082438304863,123752,298,1,"1"
783.96150604353841,123745,305,1,"1"
788.71866062065715,123742,308,1,"1"
799.39347231416787,123724,326,1,"1"
799.90359314113425,123708,342,4,"3-1"
802.57395764656849,123690,360,1,"1"
802.84337806555016,123689,361,1,"1"
814.51077154754239,123679,371,1,"1"
820.21977283808678,123661,389,1,"1"
828.96557815242181,123643,407,1,"1"
855.77753429754853,123631,419,1,"1"
857.42110555024158,123630,420,1,"1"
873.69584596474226,123612,438,1,"1"
913.56523846039045,123576,474,2,"2"
916.00932135558037,123575,475,1,"1"
941.38735245151463,123557,493,1,"1"
947.4288248597303,123554,496,3,"2-1"
989.76905651350728,123536,514,1,"1"
990.99180085394403,123526,524,1,"1"
994.18329193630768,123525,525,1,"1"
1003.0328711275627,123524,526,1,"1"
1013.0935638837287,123523,527,1,"1"
1019.5475671139108,123518,532,1,"1"
1027.0515031335533,123517,533,1,"1"
1033.223768156673,123514,536,1,"1"
1037.4123427502461,123460,590,3,"3"
1045.2730499246536,123457,593,1,"1"
1049.8829239569479,123439,611,1,"1"
1057.2000566164593,123421,629,1,"1"
1059.785094266314,123403,647,1,"1"
1073.3726771901718,123396,654,3,"2-1"
1082.5069751719645,123395,655,1,"1"
1098.2712191126043,123392,658,1,"1"
1107.0866977883836,123391,659,1,"1"
1148.6915547580306,123373,677,1,"1"
1158.0739968477803,123363,687,2,"1-1"
1158.7727109001225,123358,692,1,"1"
1168.5577727715613,123346,704,1,"1"
1174.7053193440504,123329,721,1,"1"
1188.3425263746558,123326,724,1,"1"
1204.8534930549974,123272,778,3,"3"
1208.6887431559101,123254,796,1,"1"
1212.0036450119917,123236,814,1,"1"
1215.3178288105685,123218,832,1,"1"
1216.3330442557879,123200,850,1,"1"
1235.3879761010464,123182,868,1,"1"
1235.442094661172,123164,886,1,"1"
1296.6948766553794,123161,889,1,"1"
1323.2761845379046,123158,892,1,"1"
1323.9019587292348,123140,910,1,"1"
1327.9356925429365,123122,928,1,"1"
1334.9205788259612,123112,938,1,"1"
1347.128981616296,123094,956,1,"1"
1349.2728750574984,123076,974,1,"1"
1350.2068459545219,123071,979,1,"1"
1367.7605969973524,123053,997,1,"1"
1372.7420464202521,123050,1000,1,"1"
1392.5749623390229,123049,1001,1,"1"
1400.0232317812047,123031,1019,1,"1"
1423.0208147224951,123021,1029,1,"1"
1428.0225969044072,123003,1047,1,"1"
1428.7223263407645,122988,1062,1,"1"
1436.576702231388,122983,1067,1,"1"
1454.9214885245497,122980,1070,1,"1"
1466.6231489926392,122962,1088,1,"1"
1477.2119011386349,122958,1092,2,"1-1"
1493.4879401008648,122948,1102,2,"2"
1504.7667368822479,122943,1107,1,"1"
1532.0870158478615,122925,1125,1,"1"
1535.0469066339201,122923,1127,2,"1-1"
1538.930225447848,122905,1145,1,"1"
1557.9030204779372,122901,1149,2,"1-1"
1558.1667839621798,122883,1167,1,"1"
1559.3272311635203,122880,1170,1,"1"
1571.3573341414963,122877,1173,1,"1"
1585.6909958039053,122862,1188,1,"1"
1586.545912611381,122844,1206,1,"1"
1586.9537629063127,122826,1224,1,"1"
1591.2600839199104,122808,1242,1,"1"
1598.391843777983,122790,1260,1,"1"
1610.7507592075308,122772,1278,1,"1"
1614.926518717064,122769,1281,1,"1"
1615.3752747407905,122751,1299,1,"1"
1622.2372503294375,122715,1335,2,"2"
1623.3403363074156,122701,1349,1,"1"
1624.1846934549681,122665,1385,2,"1-1"
1652.3325618724439,122660,1390,1,"1"
1668.8024761277536,122642,1408,1,"1"
1711.0955450244892,122641,1409,1,"1"
1739.0418419247294,122631,1419,1,"1"
1751.7398398772496,122613,1437,1,"1"
1754.3950870379444,122595,1455,1,"1"
1759.5191247008481,122577,1473,1,"1"
1777.5630915393024,122574,1476,1,"1"
1779.2465017636025,122571,1479,1,"1"
1787.4880113096488,122553,1497,1,"1"
1792.8210331429357,122535,1515,1,"1"
1793.663691896707,122517,1533,1,"1"
1801.4900712125855,122499,1551,1,"1"
1824.4538677292371,122496,1554,1,"1"
1830.0878021553874,122487,1563,1,"1"
1841.3785376138983,122469,1581,1,"1"
1847.377963928803,122457,1593,1,"1"
1852.0130991040573,122454,1596,1,"1"
1862.7282412206964,122451,1599,1,"1"
1862.8154143003687,122448,1602,1,"1"
1864.4093728881273,122430,1620,1,"1"
1884.2574768993145,122412,1638,1,"1"
1888.8115391365013,122394,1656,1,"1"
1890.2144240855037,122358,1692,2,"2"
1891.6002258334088,122340,1710,1,"1"
1906.3505552129757,122322,1728,1,"1"
1915.3940375200355,122313,1737,1,"1"
1928.2452224480496,122295,1755,1,"1"
1937.1433467103425,122233,1817,4,"4"
1945.2802111783089,122215,1835,1,"1"
1947.1447317719628,122197,1853,1,"1"
1956.6290940432348,122179,1871,1,"1"
1961.7078340618682,122107,1943,5,"4-1"
1984.704292924999,122017,2033,5,"5"
1989.6021672226245,121999,2051,1,"1"
1992.628545245437,121994,2056,1,"1"
2010.334116519223,121993,2057,1,"1"
2018.0643793868437,121990,2060,1,"1"
2021.7505336375079,121972,2078,1,"1"
2023.7090249812393,121954,2096,1,"1"
2023.8777856478673,121940,2110,2,"1-1"
2032.4188136431028,121937,2113,1,"1"
2039.3491251688768,121921,2129,2,"1-1"
2047.178034307083,121903,2147,1,"1"
2055.6468192663742,121867,2183,2,"2"
2068.044324301773,121855,2195,2,"1-1"
2073.8175397230552,121850,2200,1,"1"
2080.0259611593651,121832,2218,1,"1"
2102.8058140132484,121814,2236,1,"1"
2136.772264241506,121802,2248,1,"1"
2142.2925243144732,121784,2266,1,"1"
2147.276918850212,121772,2278,1,"1"
2155.6309202592402,121754,2296,1,"1"
2157.9587940045731,121664,2386,5,"2-2-1"
2158.0645978621774,121659,2391,1,"1"
2158.5625423555889,121645,2405,1,"1"
2159.5813593445482,121627,2423,1,"1"
2167.970000217304,121609,2441,1,"1"
2180.2305188747473,121591,2459,1,"1"
2187.7576455488693,121573,2477,1,"1"
2187.938001081965,121558,2492,3,"2-1"
2210.648997013142,121540,2510,1,"1"
2216.536255199705,121530,2520,1,"1"
2237.9733877209324,121527,2523,1,"1"
2256.68114417792,121517,2533,1,"1"
2258.4736779183618,121508,2542,1,"1"
2264.1975655891183,121490,2560,1,"1"
2270.3567931612374,121480,2570,1,"1"
2274.4841369759229,121418,2632,12,"3-3-2-2-1-1"
2276.0862446148135,121400,2650,1,"1"
2279.683483342571,121382,2668,1,"1"
2286.472975512122,121364,2686,1,"1"
2287.0594701561122,121354,2696,2,"1-1"
2288.4007257358107,121336,2714,1,"1"
2302.7577025104847,121318,2732,1,"1"
2309.146403090127,121300,2750,1,"1"
2314.0823048344409,121228,2822,4,"3-1"
2323.7829100535982,121210,2840,1,"1"
2336.6092263286964,121190,2860,2,"1-1"
2347.7192751188013,121172,2878,1,"1"
2355.5338326566757,121154,2896,1,"1"
2369.0824895290762,121132,2918,4,"3-1"
2383.1168439912117,121114,2936,1,"1"
2385.6500803979279,121095,2955,5,"2-2-1"
2392.0982399942814,121077,2973,1,"1"
2393.2573854069742,121059,2991,1,"1"
2400.8928647581042,121041,3009,1,"1"
2402.2724135085823,121036,3014,1,"1"
2419.6706302864336,121020,3030,1,"1"
2420.6878004957107,121002,3048,1,"1"
2421.5293075357936,120992,3058,1,"1"
2429.5790341463944,120974,3076,1,"1"
2443.081882252854,120956,3094,1,"1"
2450.8117800432883,120926,3124,2,"1-1"
2461.4608539860064,120906,3144,2,"1-1"
2462.6340666057968,120888,3162,1,"1"
2473.2929236528685,120883,3167,1,"1"
2478.1284274169057,120871,3179,1,"1"
2480.4142210935265,120843,3207,2,"1-1"
2481.7198708345136,120825,3225,1,"1"
2492.8536795860109,120822,3228,1,"1"
2493.5683080885569,120819,3231,1,"1"
2504.1380488904001,120816,3234,1,"1"
2511.6461333962848,120796,3254,2,"2"
2511.9203615438541,120778,3272,1,"1"
2518.1225058738532,120773,3277,1,"1"
2519.0839074125897,120767,3283,2,"2"
2534.8841287172936,120764,3286,1,"1"
2535.6521829568869,120755,3295,1,"1"
2545.7071205723655,120742,3308,1,"1"
2566.3956101494882,120724,3326,1,"1"
2577.4635225226962,120706,3344,1,"1"
2596.0870400619269,120688,3362,1,"1"
2600.9915711725744,120678,3372,1,"1"
2607.0298547062307,120673,3377,1,"1"
2619.6695279287173,120655,3395,1,"1"
2630.7084875413116,120649,3401,2,"2"
2639.7227059398592,120635,3415,1,"1"
2652.1479807810601,120627,3423,2,"1-1"
2656.3404687750408,120591,3459,2,"2"
2657.8894672980036,120573,3477,1,"1"
2671.1789806771849,120555,3495,1,"1"
2673.0444146720197,120537,3513,1,"1"
2678.9762627906748,120515,3535,2,"1-1"
2679.4206127176321,120497,3553,1,"1"
2680.8540435764817,120479,3571,1,"1"
2694.3558786774583,120461,3589,1,"1"
2697.0824723974088,120413,3637,4,"4"
2712.1886410912025,120408,3642,1,"1"
2712.5491602848597,120354,3696,3,"2-1"
2715.0178396354431,120316,3734,3,"2-1"
2715.5877179662166,120311,3739,1,"1"
2719.7919047166638,120296,3754,1,"1"
2719.7972652236649,120278,3772,1,"1"
2720.9002403082327,120222,3828,4,"3-1"
2729.9219533802807,120204,3846,1,"1"
2733.6517203003364,120193,3857,1,"1"
2737.267252214966,120188,3862,1,"1"
2742.0101521686529,120178,3872,1,"1"
2763.5599873416804,120171,3879,1,"1"
2788.0545532210667,120153,3897,1,"1"
2804.2089141871829,120135,3915,1,"1"
2804.424701435335,120121,3929,2,"2"
2805.7385208787769,120032,4018,13,"4-2-2-1-1-1-1-1"
2808.3780487665749,120014,4036,1,"1"
2813.6781419705617,119998,4052,1,"1"
2816.8520310837566,119980,4070,1,"1"
2817.4216525447891,119962,4088,1,"1"
2867.9825339178042,119944,4106,1,"1"
2870.2149850812093,119872,4178,4,"2-1-1"
2875.1875733309521,119862,4188,1,"1"
2883.3955820057686,119844,4206,1,"1"
2889.1952707543301,119826,4224,1,"1"
2907.0792584886376,119808,4242,1,"1"
2910.8997576296724,119772,4278,2,"2"
2916.6511166198752,119757,4293,3,"2-1"
2927.7356368062879,119739,4311,1,"1"
2937.5393506406713,119706,4344,5,"5"
2949.2653833070544,119688,4362,1,"1"
2959.1416203269278,119681,4369,1,"1"
2969.6304462083231,119656,4394,3,"1-1-1"
2977.1075629309235,119638,4412,1,"1"
2982.1768261599245,119610,4440,2,"2"
2990.647027820025,119603,4447,1,"1"
2998.8478749587534,119577,4473,2,"2"
3001.7415182729246,119570,4480,1,"1"
3009.5873562639495,119552,4498,1,"1"
3017.6467954900022,119542,4508,1,"1"
3019.8809762728292,119524,4526,1,"1"
3036.314728291572,119488,4562,2,"1-1"
3038.4448278017003,119468,4582,2,"1-1"
3045.2130832094062,119450,4600,1,"1"
3048.5274747335725,119438,4612,2,"1-1"
3052.4295804335743,119366,4684,4,"4"
3067.1716364171029,119330,4720,2,"2"
3082.6758603953172,119294,4756,2,"1-1"
3083.2949760123038,119276,4774,1,"1"
3087.5312708129759,119224,4826,4,"1-1-1-1"
3096.2234720327615,119206,4844,1,"1"
3105.8654771793058,119195,4855,1,"1"
3113.3190301449645,119177,4873,2,"2"
3118.3962846826862,119165,4885,2,"1-1"
3127.2716378444829,119154,4896,1,"1"
3127.573260029314,119149,4901,1,"1"
3134.9079259276182,119144,4906,1,"1"
3140.5087434017719,119126,4924,1,"1"
3151.6259041613557,119121,4929,1,"1"
3155.8440331544803,119103,4947,1,"1"
3155.9655419828814,119098,4952,1,"1"
3158.3577909341493,119080,4970,1,"1"
3166.3239412270491,119044,5006,2,"2"
3168.8805369652805,119026,5024,1,"1"
3169.6093370377039,119008,5042,1,"1"
3189.3043776023119,118994,5056,1,"1"
3190.4178412001293,118976,5074,1,"1"
3194.2983062254993,118963,5087,1,"1"
3194.4345007646043,118945,5105,1,"1"
3199.6303381627727,118909,5141,2,"2"
3199.954698937282,118873,5177,2,"2"
3203.0928718599898,118855,5195,1,"1"
3227.8275274277858,118837,5213,1,"1"
3237.1468656512998,118822,5228,3,"2-1"
3240.6311651624133,118804,5246,1,"1"
3242.0865963969777,118791,5259,1,"1"
3247.5624216422757,118773,5277,1,"1"
3250.9551999758869,118737,5313,2,"1-1"
3254.9177338905502,118719,5331,1,"1"
3256.3202450461281,118709,5341,1,"1"
3259.3628163611543,118691,5359,1,"1"
3267.0518444197951,118673,5377,1,"1"
3269.3620475434018,118663,5387,1,"1"
3276.6084525196648,118638,5412,3,"3"
3291.2785783851527,118620,5430,2,"1-1"
3300.6453078394775,118617,5433,1,"1"
3306.2380217813006,118593,5457,2,"2"
3307.4089442566301,118557,5493,2,"1-1"
3312.2857420203209,118539,5511,1,"1"
3323.7520774819054,118529,5521,1,"1"
3324.6446172788737,118459,5591,5,"3-2"
3325.5062040153061,118441,5609,1,"1"
3333.5395948646137,118423,5627,1,"1"
3334.2765877037509,118405,5645,1,"1"
3338.291049849076,118387,5663,1,"1"
3352.2575502499985,118369,5681,1,"1"
3354.1938650477532,118332,5718,6,"3-1-1-1"
3360.3095769180445,118296,5754,2,"1-1"
3369.6006743665607,118286,5764,2,"2"
3371.4419934532989,118250,5800,2,"2"
3381.4877334877524,118241,5809,1,"1"
3382.988272348447,118205,5845,2,"2"
3388.1043964943942,118187,5863,1,"1"
3395.1691105171394,118169,5881,1,"1"
3399.6766760034702,118151,5899,1,"1"
3402.8952134817396,118133,5917,1,"1"
3404.8807871606655,118115,5935,1,"1"
3415.6514030897915,117171,6879,55,"46-2-1-1-1-1-1-1-1"
3419.4361842305402,117153,6897,1,"1"
3424.7921580293469,117142,6908,1,"1"
3439.9040946077102,117132,6918,2,"2"
3441.7568019582145,117114,6936,1,"1"
3443.1645184757781,116966,7084,12,"3-2-2-1-1-1-1-1"
3443.976738693219,116948,7102,1,"1"
3445.6008650422077,116930,7120,1,"1"
3450.509569518646,116868,7182,5,"4-1"
3461.6199095877082,116852,7198,1,"1"
3469.7270043037056,116845,7205,1,"1"
3470.7501475545987,116835,7215,1,"1"
3471.9101606554482,116817,7233,1,"1"
3471.9896583512282,116799,7251,1,"1"
3479.6356912659485,116763,7287,2,"1-1"
3482.2294460811218,116721,7329,3,"2-1"
3484.4179082878254,116703,7347,1,"1"
3485.0771546806623,116685,7365,1,"1"
3485.3261929029113,116667,7383,1,"1"
3487.2756575398757,116649,7401,1,"1"
3501.8949462980545,116631,7419,1,"1"
3520.728888499294,116619,7431,2,"2"
3530.2539432533918,116595,7455,2,"2"
3537.7193667882002,116559,7491,2,"1-1"
3543.1617773969415,116541,7509,2,"2"
3552.41878609999,116532,7518,1,"1"
3562.4210845263979,116496,7554,2,"1-1"
3567.43524074786,116473,7577,5,"2-2-1"
3568.6620939028016,116461,7589,1,"1"
3581.4211463834181,116443,7607,1,"1"
3586.8833368005266,116425,7625,1,"1"
3592.9026128351852,116407,7643,1,"1"
3594.6933002694277,116389,7661,1,"1"
3596.5541522899075,116371,7679,1,"1"
3596.9042717338561,116356,7694,1,"1"
3603.900242024718,116338,7712,1,"1"
3605.8527874600422,116291,7759,3,"3"
3609.6383055819492,116273,7777,1,"1"
3631.1730953794686,116211,7839,5,"3-2"
3646.1694303589038,116193,7857,1,"1"
3647.417490266756,116175,7875,1,"1"
3651.5060324333122,116121,7929,3,"2-1"
3661.4479996420209,116103,7947,1,"1"
3662.114625187487,116085,7965,1,"1"
3662.5768226342257,116067,7983,1,"1"
3662.7295405177974,115843,8207,13,"10-2-1"
3668.4682605043618,115825,8225,1,"1"
3668.6440496564956,115807,8243,1,"1"
3671.7363464574883,115789,8261,1,"1"
3674.4297793659689,115771,8279,1,"1"
3679.8431304293576,115705,8345,5,"3-1-1"
3694.7531266863157,115679,8371,4,"3-1"
3702.3801474094398,115656,8394,3,"2-1"
3707.2418083878974,115638,8412,1,"1"
3712.1690646621719,115602,8448,2,"2"
3715.0402027745249,115584,8466,1,"1"
3717.8778860373518,115566,8484,1,"1"
3722.3915317448536,115557,8493,1,"1"
3734.7331004881808,115547,8503,1,"1"
3736.1957532615343,115529,8521,1,"1"
3743.4816242709567,115475,8575,3,"3"
3745.4020267197479,115457,8593,1,"1"
3748.2571481762056,115439,8611,1,"1"
3754.4072713479723,115404,8646,3,"3"
3755.2981311856634,115386,8664,1,"1"
3756.3564977319502,115368,8682,1,"1"
3759.9589236365323,115315,8735,4,"3-1"
3764.8406108376976,115187,8863,8,"6-1-1"
3765.3913906587372,115169,8881,1,"1"
3768.8960270497805,115133,8917,2,"2"
3779.00989893632,115115,8935,1,"1"
3780.6450331812721,115101,8949,1,"1"
3790.5794179464192,115083,8967,1,"1"
3797.1766371088133,115073,8977,1,"1"
3801.4636768084656,115042,9008,2,"2"
3807.2558063628921,115024,9026,1,"1"
3808.1049314162742,115006,9044,1,"1"
3814.4085616274951,114988,9062,1,"1"
3820.9859590834708,114970,9080,1,"1"
3824.0583102054597,114952,9098,1,"1"
3830.1736725967107,114934,9116,1,"1"
3837.7210009404612,114880,9170,3,"2-1"
3852.3282718014593,114862,9188,1,"1"
3854.4080832030654,114848,9202,2,"2"
3855.4209444431372,114828,9222,2,"1-1"
3860.0525560298483,114784,9266,4,"2-2"
3867.217650857353,114776,9274,2,"1-1"
3876.8318941463162,114763,9287,1,"1"
3878.4829227614832,114752,9298,1,"1"
3883.2790243473737,114734,9316,1,"1"
3886.7245519647008,114314,9736,26,"18-1-1-1-1-1-1-1-1"
3894.7855676438339,114294,9756,2,"1-1"
3898.1429930277177,114276,9774,1,"1"
3902.709873572147,114258,9792,1,"1"
3907.9337360706268,114222,9828,2,"1-1"
3910.8257000457838,114204,9846,1,"1"
3940.0678576408095,114191,9859,1,"1"
3941.4875146579425,114157,9893,2,"1-1"
3961.7956683732277,114121,9929,2,"2"
3972.9402023949006,114049,10001,4,"2-2"
3977.8489772698972,114013,10037,2,"1-1"
3985.3402500685634,113981,10069,2,"1-1"
3987.7274601065828,113963,10087,1,"1"
3994.1279788407373,113927,10123,2,"2"
3996.4008962600415,113891,10159,2,"2"
4002.3829915984488,113878,10172,1,"1"
4019.5489356972998,113860,10190,1,"1"
4031.9688316365114,113301,10749,32,"14-10-2-1-1-1-1-1-1"
4033.8325910353965,113283,10767,1,"1"
4044.3302599761387,113265,10785,1,"1"
4050.2838979402495,113247,10803,1,"1"
4052.4801540101671,113193,10857,3,"2-1"
4066.3920338246758,113151,10899,6,"6"
4068.1571560954121,113141,10909,2,"2"
4071.4881198907688,113123,10927,1,"1"
4074.5189814132414,113105,10945,4,"3-1"
4078.0140423877742,113098,10952,1,"1"
4081.5118780399007,113026,11024,5,"3-2"
4084.31084344594,113008,11042,1,"1"
4085.5954628695958,112973,11077,2,"2"
4089.2426455820732,112659,11391,23,"5-3-3-2-2-2-1-1-1-1-1-1"
4089.6262331121593,112605,11445,3,"3"
4090.3810278624201,112587,11463,1,"1"
4091.9686699828267,112569,11481,1,"1"
4097.7106176228745,112551,11499,1,"1"
4108.7984545939844,112533,11517,1,"1"
4122.0670153559186,112524,11526,1,"1"
4124.2784547140291,112506,11544,1,"1"
4129.6173917528986,112415,11635,6,"2-2-1-1"
4130.5730831744249,112386,11664,2,"1-1"
4155.7033914114108,112381,11669,1,"1"
4155.7122646987391,112291,11759,5,"3-1-1"
4158.6366744712232,112273,11777,1,"1"
4164.5449446075581,112219,11831,3,"2-1"
4174.8396396703165,112153,11897,5,"1-1-1-1-1"
4177.1609339893366,112135,11915,1,"1"
4178.8309063563829,112117,11933,1,"1"
4185.2310973781869,112099,11951,1,"1"
4193.5331229770982,112081,11969,1,"1"
4196.8689277911835,112031,12019,3,"1-1-1"
4197.7968918439947,0,124050,6345,"6345"
----------------------------------------------2
0,124050,0,0,"0"
142.18283056282965,124032,18,1,"1"
143.53275236972141,124023,27,1,"1"
171.14908563707183,124013,37,2,"2"
175.10125701617264,123995,55,1,"1"
237.39596562075698,123977,73,1,"1"
239.26322596948751,123976,74,1,"1"
256.18284484973998,123958,92,1,"1"
265.3026419012192,123957,93,1,"1"
314.6131186730799,123939,111,1,"1"
323.88287748537169,123929,121,1,"1"
341.38012692015985,123928,122,1,"1"
349.58467898309942,123925,125,1,"1"
371.92090034905527,123924,126,1,"1"
372.46405609315781,123919,131,1,"1"
375.31302691821202,123903,147,1,"1"
396.42925886750601,123902,148,1,"1"
417.00200263309483,123901,149,1,"1"
429.90105477600332,123898,152,1,"1"
450.62464768629729,123897,153,1,"1"
458.9492601483463,123896,154,1,"1"
462.75962870926008,123895,155,1,"1"
487.70304173893004,123894,156,1,"1"
497.88927263612493,123876,174,1,"1"
521.35823462155327,123858,192,1,"1"
528.75873502115201,123857,193,1,"1"
539.31874538795307,123839,211,1,"1"
544.6651658547454,123838,212,1,"1"
559.32384408073472,123837,213,1,"1"
562.74299852527031,123824,226,1,"1"
572.52365446692909,123823,227,1,"1"
587.49070091812882,123805,245,1,"1"
590.44583895732092,123802,248,1,"1"
601.42501007509964,123784,266,1,"1"
615.3090390312957,123766,284,1,"1"
624.37565073605947,123759,291,1,"1"
648.63407545420762,123756,294,1,"1"
652.03156618958712,123738,312,1,"1"
665.11140365819449,123720,330,1,"1"
669.62449138685088,123708,342,1,"1"
671.8490739581872,123690,360,1,"1"
672.70971793854096,123672,378,1,"1"
685.74928788616751,123670,380,2,"2"
713.1132151555845,123654,396,1,"1"
730.079438901814,123642,408,1,"1"
746.70430084690065,123639,411,1,"1"
760.01008280346662,123638,412,1,"1"
760.91094001112003,123620,430,1,"1"
784.00174227244565,123602,448,1,"1"
796.54271056999846,123590,460,1,"1"
821.1198352839466,123589,461,1,"1"
845.26804941411967,123586,464,1,"1"
846.54266683357173,123585,465,1,"1"
867.60322956161167,123574,476,1,"1"
873.10343843044302,123552,498,2,"2"
892.67156924505116,123535,515,1,"1"
895.82816003842163,123534,516,1,"1"
900.62186462351008,123533,517,1,"1"
902.74103505704727,123532,518,1,"1"
906.01328508634958,123530,520,2,"1-1"
910.42873733458623,123529,521,1,"1"
919.75759635346185,123511,539,1,"1"
929.22638230003554,123509,541,2,"2"
939.16634270459042,123491,559,1,"1"
941.51154908866022,123485,565,2,"2"
945.18527353533568,123475,575,1,"1"
945.35255099781978,123473,577,2,"2"
950.21184094653881,123471,579,2,"2"
988.92539486855139,123453,597,1,"1"
993.11207761159233,123443,607,1,"1"
998.10469578008951,123442,608,1,"1"
1003.6699781693247,123428,622,1,"1"
1011.9612335540322,123427,623,1,"1"
1025.4348098381975,123424,626,1,"1"
1028.8802029424849,123421,629,1,"1"
1038.754447578727,123418,632,1,"1"
1055.2910365410396,123417,633,1,"1"
1069.8953149046702,123416,634,1,"1"
1076.8687280712445,123398,652,1,"1"
1077.4811143635272,123380,670,1,"1"
1096.3369517261408,123379,671,1,"1"
1096.5961367900441,123363,687,1,"1"
1107.7646909175326,123348,702,1,"1"
1120.8223889524513,123347,703,1,"1"
1129.7341426022776,123342,708,1,"1"
1130.4716514071793,123324,726,2,"2"
1130.5579060658349,123323,727,1,"1"
1131.4924151377913,123322,728,1,"1"
1131.8592676134001,123319,731,1,"1"
1146.1063648075997,123309,741,1,"1"
1156.069514449495,123291,759,1,"1"
1163.5382131366757,123273,777,1,"1"
1169.0899915762484,123272,778,1,"1"
1173.0839851251274,123258,792,1,"1"
1185.8071937958587,123257,793,1,"1"
1187.6032000934965,123250,800,1,"1"
1196.4389161174406,123247,803,1,"1"
1207.8732035550743,123229,821,1,"1"
1218.4423023941542,123211,839,1,"1"
1228.8778398686354,123193,857,1,"1"
1246.4067725869093,123190,860,1,"1"
1249.1122252492999,123189,861,1,"1"
1255.1307860189895,123171,879,1,"1"
1256.161743388755,123166,884,1,"1"
1280.8171028731329,123155,895,3,"1-1-1"
1282.0042626040502,123144,906,1,"1"
1312.0871876836384,123130,920,1,"1"
1334.195601109991,123127,923,1,"1"
1336.309430634996,123109,941,1,"1"
1372.1399590960002,123100,950,1,"1"
1378.0265936896296,123082,968,1,"1"
1430.7260080492379,123064,986,1,"1"
1445.7430415831998,123054,996,2,"1-1"
1449.0026746751596,123036,1014,1,"1"
1460.1943769292079,123016,1034,2,"2"
1462.2384953745191,122998,1052,1,"1"
1471.1218390301633,122993,1057,1,"1"
1473.1769738682581,122983,1067,1,"1"
1476.7413044262389,122981,1069,2,"1-1"
1479.7797439505798,122972,1078,1,"1"
1501.5225982137811,122971,1079,1,"1"
1505.3254451870996,122966,1084,1,"1"
1506.2021247283128,122948,1102,1,"1"
1528.5437310925374,122943,1107,1,"1"
1532.7377529946141,122934,1116,1,"1"
1550.3753600581917,122916,1134,1,"1"
1572.878196575462,122915,1135,1,"1"
1586.1708606190011,122901,1149,1,"1"
1589.2031565164009,122900,1150,1,"1"
1595.0395083567041,122897,1153,1,"1"
1597.2353054402427,122894,1156,1,"1"
1602.3323394237441,122867,1183,2,"2"
1607.3370145066447,122849,1201,1,"1"
1647.4126645946542,122831,1219,1,"1"
1652.6125247761222,122817,1233,1,"1"
1668.3748423860482,122814,1236,1,"1"
1709.5121681035541,122811,1239,1,"1"
1715.2396450086724,122801,1249,1,"1"
1730.5239305651783,122745,1305,4,"4"
1736.8305698856625,122727,1323,1,"1"
1738.8812253580809,122709,1341,1,"1"
1742.8764036190378,122699,1351,1,"1"
1745.6585833565193,122696,1354,1,"1"
1750.3569727763088,122678,1372,1,"1"
1753.683753707031,122660,1390,1,"1"
1758.0614242171625,122657,1393,1,"1"
1765.5055116496687,122651,1399,2,"2"
1766.6608779173864,122633,1417,1,"1"
1790.340296344531,122630,1420,1,"1"
1790.8045176733995,122625,1425,1,"1"
1793.6346685369913,122620,1430,1,"1"
1800.7315498017851,122615,1435,1,"1"
1804.3543976927454,122597,1453,1,"1"
1821.9268276237494,122579,1471,1,"1"
1822.0557032716472,122561,1489,1,"1"
1831.7542764848313,122543,1507,1,"1"
1837.2182538245352,122525,1525,1,"1"
1862.3787091694078,122519,1531,2,"2"
1891.0142277931086,122514,1536,1,"1"
1901.3249665136709,122496,1554,1,"1"
1925.2433201440513,122493,1557,1,"1"
1927.5373734233799,122475,1575,1,"1"
1936.0021433061556,122457,1593,1,"1"
1936.0937930011603,122452,1598,1,"1"
1937.4853506061954,122433,1617,3,"3"
1941.2447776293811,122415,1635,1,"1"
1944.456233866852,122397,1653,1,"1"
1978.2018551303231,122387,1663,1,"1"
1987.9394069790781,122386,1664,1,"1"
1988.3016273257044,122371,1679,1,"1"
1988.7058365004607,122335,1715,2,"1-1"
1997.542668946523,122332,1718,1,"1"
2001.053039514909,122327,1723,1,"1"
2007.2046178070445,122309,1741,1,"1"
2011.2634984213835,122304,1746,1,"1"
2012.0278414751062,122286,1764,1,"1"
2015.5138630280546,122275,1775,3,"2-1"
2049.5131324701833,122268,1782,1,"1"
2050.850995842768,122258,1792,1,"1"
2051.461288990512,122253,1797,1,"1"
2052.8508699729523,122248,1802,1,"1"
2055.9666539910841,122230,1820,1,"1"
2061.9153053433197,122212,1838,1,"1"
2065.0965335926899,122205,1845,1,"1"
2066.313470918562,122187,1863,1,"1"
2070.006822579126,122169,1881,1,"1"
2077.9681730439052,122166,1884,1,"1"
2093.8158504194853,122148,1902,1,"1"
2098.5209039044439,122145,1905,1,"1"
2102.9237858233851,122127,1923,1,"1"
2107.0045941954099,122115,1935,1,"1"
2110.0077717301892,122097,1953,1,"1"
2114.3281750003489,122067,1983,4,"2-1-1"
2121.9559493432175,122057,1993,2,"2"
2137.9555140996031,122039,2011,1,"1"
2141.1459372807385,122029,2021,1,"1"
2168.7101851503571,122026,2024,1,"1"
2172.862663111669,122016,2034,2,"2"
2174.3749486657966,121998,2052,1,"1"
2182.7423808534095,121980,2070,1,"1"
2183.0717690499619,121962,2088,1,"1"
2184.381967535558,121944,2106,1,"1"
2254.7559691591232,121926,2124,1,"1"
2258.2881664825527,121908,2142,1,"1"
2260.4433792589316,121890,2160,1,"1"
2262.4086037544334,121872,2178,1,"1"
2262.7645113248382,121850,2200,4,"3-1"
2272.1748893579147,121832,2218,1,"1"
2282.5307631534242,121814,2236,1,"1"
2285.6772207902718,121811,2239,1,"1"
2296.3599717789821,121793,2257,1,"1"
2296.5353279428923,121775,2275,1,"1"
2307.0493541915375,121721,2329,3,"2-1"
2322.0038514226399,121703,2347,1,"1"
2324.6455566320301,121669,2381,2,"2"
2334.659161544846,121657,2393,1,"1"
2335.1016745778684,121639,2411,1,"1"
2353.0597455159195,121627,2423,1,"1"
2395.172822653622,121604,2446,5,"2-2-1"
2398.2265409373499,121594,2456,1,"1"
2398.9515226620792,121588,2462,2,"2"
2399.1895473083764,121568,2482,2,"1-1"
2403.426307876251,121545,2505,3,"3"
2412.3789512846447,121527,2523,1,"1"
2423.9588680866214,121509,2541,1,"1"
2435.6095819482653,121497,2553,1,"1"
2452.9674794005559,121479,2571,1,"1"
2457.5969444558191,121468,2582,3,"1-1-1"
2462.872396549335,121450,2600,1,"1"
2464.4069689722351,121432,2618,1,"1"
2475.5624306513437,121414,2636,1,"1"
2475.609900865566,121411,2639,1,"1"
2492.8896419765456,121401,2649,1,"1"
2515.5343985920777,121396,2654,1,"1"
2519.1881379295537,121387,2663,3,"3"
2520.9492850366428,121365,2685,2,"2"
2523.7347735572048,121329,2721,2,"1-1"
2525.2955919456449,121311,2739,1,"1"
2531.512878547584,121301,2749,2,"1-1"
2541.8683682800765,121294,2756,1,"1"
2546.0672463447127,121276,2774,1,"1"
2583.0791190309069,121271,2779,1,"1"
2586.1128347121576,121253,2797,1,"1"
2596.8416604861154,121241,2809,1,"1"
2603.5479289732784,121223,2827,1,"1"
2607.6607299621473,121216,2834,1,"1"
2609.0448955945608,121207,2843,1,"1"
2617.2519848743655,121189,2861,1,"1"
2622.5678499643614,121171,2879,1,"1"
2622.8676133846675,121160,2890,1,"1"
2622.9920523597707,121150,2900,1,"1"
2640.6994861004673,121132,2918,1,"1"
2643.3556915764448,121126,2924,2,"2"
2673.1736715795446,121108,2942,1,"1"
2677.1261875822488,121092,2958,1,"1"
2683.8193837724752,121074,2976,1,"1"
2686.4286747223769,121056,2994,1,"1"
2687.4823177018334,121047,3003,1,"1"
2687.8949100094624,121044,3006,1,"1"
2693.4768506795535,120972,3078,4,"4"
2735.1117871469528,120954,3096,1,"1"
2745.5740297959819,120936,3114,1,"1"
2753.567434982187,120929,3121,1,"1"
2754.3178173531314,120913,3137,1,"1"
2758.8182709618231,120895,3155,1,"1"
2764.2206846646909,120877,3173,1,"1"
2770.1071405187445,120859,3191,1,"1"
2775.7661214024311,120854,3196,1,"1"
2790.4726856341654,120836,3214,1,"1"
2797.8469171401025,120833,3217,1,"1"
2809.4660339607817,120830,3220,1,"1"
2820.7601315065012,120812,3238,1,"1"
2834.0143406074417,120774,3276,6,"2-1-1-1-1"
2853.9827700752076,120756,3294,1,"1"
2854.7276984303712,120738,3312,1,"1"
2859.084171488209,120720,3330,1,"1"
2859.9518646171473,120702,3348,1,"1"
2864.9155459779481,120690,3360,1,"1"
2877.0855594200325,120672,3378,1,"1"
2897.2305451138632,120662,3388,1,"1"
2906.9644308892771,120650,3400,1,"1"
2907.0922537425276,120640,3410,1,"1"
2913.0126242491037,120622,3428,1,"1"
2914.7782922687156,120604,3446,1,"1"
2936.0182657273317,120594,3456,1,"1"
2937.3586437024142,120582,3468,2,"1-1"
2940.3886801136036,120546,3504,2,"2"
2940.9487867005232,120535,3515,1,"1"
2947.9322875950552,120517,3533,1,"1"
2952.9335595121734,120481,3569,2,"2"
2953.6406011085446,120463,3587,1,"1"
2953.8110324431245,120445,3605,1,"1"
2954.5132056583043,120431,3619,2,"2"
2969.8229727657695,120413,3637,1,"1"
2977.880774320251,120395,3655,1,"1"
2978.1133598218662,120377,3673,1,"1"
2988.9124975796981,120370,3680,1,"1"
2988.9224661271105,120352,3698,1,"1"
2990.1826428022523,120343,3707,1,"1"
2994.6873962333302,120325,3725,1,"1"
2996.9000805380638,120307,3743,1,"1"
3032.987370972749,120302,3748,1,"1"
3039.9977797895322,120284,3766,1,"1"
3040.396003212255,120248,3802,2,"2"
3041.1882052007954,120230,3820,1,"1"
3047.3923344883128,120212,3838,1,"1"
3075.6239365392044,120194,3856,1,"1"
3082.2642710467444,120158,3892,2,"1-1"
3088.5584387492345,120140,3910,1,"1"
3099.0962929417869,120122,3928,1,"1"
3101.5133726369068,120113,3937,1,"1"
3101.9959472592946,120095,3955,1,"1"
3106.1872737646149,120080,3970,3,"3"
3109.4173327204971,120070,3980,1,"1"
3110.3401340781761,120053,3997,3,"2-1"
3111.3633659032239,120035,4015,1,"1"
3119.4442328989458,120017,4033,1,"1"
3119.5565672037123,119999,4051,1,"1"
3127.5631880512601,119953,4097,3,"1-1-1"
3128.4204855235807,119935,4115,1,"1"
3135.4250575213191,119881,4169,3,"2-1"
3135.8481166219308,119863,4187,1,"1"
3135.8571489406281,119811,4239,4,"2-1-1"
3141.560435793956,119795,4255,2,"1-1"
3143.9628846890987,119779,4271,2,"1-1"
3157.5234601715256,119738,4312,5,"4-1"
3158.1035442291477,119708,4342,4,"3-1"
3159.9971755610977,119690,4360,1,"1"
3164.6792708416328,119685,4365,1,"1"
3168.0683962611556,119678,4372,1,"1"
3170.9000314906266,119660,4390,1,"1"
3172.9056873797836,119636,4414,2,"1-1"
3185.2711126951667,119618,4432,1,"1"
3193.4301768260293,119612,4438,2,"2"
3193.9407632459865,119594,4456,1,"1"
3212.0231040825993,119576,4474,1,"1"
3213.1516992970814,119558,4492,1,"1"
3225.5978336795192,119540,4510,1,"1"
3226.0710651450281,119522,4528,1,"1"
3226.5302090258579,119516,4534,2,"2"
3231.6975046086714,119492,4558,2,"1-1"
3233.1269760023365,119475,4575,1,"1"
3242.9523147074724,119465,4585,1,"1"
3245.405612870064,119455,4595,1,"1"
3246.8531717370533,119437,4613,1,"1"
3256.6233979313333,119430,4620,1,"1"
3269.6920917015,119412,4638,1,"1"
3279.8143920542102,119398,4652,2,"2"
3281.4415795543509,119395,4655,1,"1"
3284.9895511930117,119375,4675,2,"2"
3309.7976354305174,119334,4716,7,"2-2-2-1"
3314.3759523209674,119316,4734,1,"1"
3318.9011915242922,119298,4752,1,"1"
3325.9380301911078,119280,4770,1,"1"
3326.9585985657254,119258,4792,2,"2"
3348.2590483818535,119240,4810,1,"1"
3358.5746836410876,119210,4840,3,"2-1"
3360.2601837973566,119200,4850,1,"1"
3363.0594402995503,118408,5642,44,"41-1-1-1"
3364.1446710832411,118390,5660,1,"1"
3373.3459165611139,118372,5678,1,"1"
3375.238080034309,118354,5696,1,"1"
3377.867234488815,118336,5714,1,"1"
3377.953864423856,118304,5746,2,"1-1"
3379.489060422648,118287,5763,3,"2-1"
3380.9913501800816,118277,5773,1,"1"
3385.4193354879121,118259,5791,1,"1"
3386.1130300958798,118245,5805,2,"1-1"
3396.6168053880301,118227,5823,1,"1"
3404.7384566040128,118209,5841,1,"1"
3407.2442967281399,118191,5859,1,"1"
3414.6699147515992,118168,5882,3,"2-1"
3424.6550617114881,118150,5900,1,"1"
3430.9284720896703,118132,5918,1,"1"
3433.6313434914414,118122,5928,1,"1"
3434.0950527463569,118088,5962,2,"2"
3435.3791664122859,118070,5980,1,"1"
3437.6620654042063,118060,5990,1,"1"
3442.9470876839814,118020,6030,3,"2-1"
3444.9129999230022,118002,6048,1,"1"
3452.2060892114828,117984,6066,1,"1"
3458.1314942052909,117966,6084,1,"1"
3471.7720332238287,117930,6120,2,"2"
3475.6606634315285,117915,6135,3,"2-1"
3482.7161018668839,117875,6175,4,"2-1-1"
3500.708257810883,117839,6211,2,"1-1"
3502.3677937466659,117817,6233,2,"2"
3516.0503714341903,117806,6244,1,"1"
3521.5177706272934,117773,6277,2,"1-1"
3524.4562841675756,117755,6295,1,"1"
3532.7085844316834,117737,6313,1,"1"
3534.767792671646,117719,6331,1,"1"
3534.9297269788294,117707,6343,1,"1"
3537.0958236316937,117671,6379,2,"1-1"
3545.6162719163162,117651,6399,2,"2"
3556.1317004152647,117641,6409,1,"1"
3563.6711206026021,117623,6427,1,"1"
3565.0933950772678,117583,6467,3,"3"
3583.5608767176564,117565,6485,1,"1"
3597.7200236097915,117547,6503,1,"1"
3604.4427067257861,117542,6508,1,"1"
3619.0486192499393,117524,6526,1,"1"
3634.1693234494783,117488,6562,2,"1-1"
3644.3475994066293,117470,6580,1,"1"
3649.4939874648458,117452,6598,1,"1"
3650.6145162937778,117445,6605,1,"1"
3655.4239763307087,117409,6641,2,"2"
3665.2987738537122,117373,6677,2,"2"
3674.0093195174491,117355,6695,1,"1"
3692.8103440179584,117337,6713,1,"1"
3693.4388690290998,117313,6737,2,"2"
3697.4907416155534,117223,6827,6,"3-1-1-1"
3698.4596436056527,117205,6845,1,"1"
3701.0840552854152,117181,6869,2,"2"
3703.8774285585582,117169,6881,1,"1"
3704.2480190366859,117159,6891,1,"1"
3704.9545465176584,117144,6906,1,"1"
3709.4193389334291,117117,6933,5,"2-2-1"
3722.9112198188491,116901,7149,12,"3-2-2-1-1-1-1-1"
3727.0407864465301,116888,7162,1,"1"
3734.9509908859404,116852,7198,2,"2"
3737.9115523554228,116834,7216,1,"1"
3748.7662491334868,116798,7252,2,"2"
3761.5353278242237,116772,7278,2,"1-1"
3763.8021606509092,116754,7296,1,"1"
3764.5418117839454,116718,7332,2,"2"
3787.6578909857672,116700,7350,1,"1"
3789.6187134950733,116676,7374,2,"2"
3789.7138056902645,116646,7404,2,"2"
3793.634712638097,116628,7422,1,"1"
3795.2947063007891,116610,7440,1,"1"
3798.9418356976535,116592,7458,1,"1"
3800.3033017326602,116556,7494,2,"1-1"
3802.4273027330742,116551,7499,1,"1"
3806.3085705487883,116541,7509,1,"1"
3825.9200365636184,116523,7527,1,"1"
3829.0765417313296,116518,7532,1,"1"
3841.816124645999,116500,7550,1,"1"
3848.2107894870846,116404,7646,8,"4-1-1-1-1"
3848.7393621333372,116386,7664,1,"1"
3851.7486290362758,115786,8264,60,"8-7-5-4-4-3-2-2-2-2-2-2-2-2-1-1-1-1-1-1-1-1-1-1-1-1-1"
3856.2838001006198,115753,8297,3,"2-1"
3859.7295257459577,115735,8315,1,"1"
3862.7723527175663,115717,8333,1,"1"
3864.8614972241712,115699,8351,1,"1"
3871.3344833526844,115681,8369,1,"1"
3887.5167785542521,115534,8516,13,"3-2-2-2-1-1-1-1"
3891.0013356318818,115524,8526,1,"1"
3915.0967732256372,115513,8537,1,"1"
3916.7443706271629,115441,8609,4,"4"
3922.7381050763356,115387,8663,3,"2-1"
3923.6151631286157,115369,8681,1,"1"
3923.7106178515392,115238,8812,12,"4-2-2-2-1-1"
3936.5338233572029,115198,8852,3,"2-1"
3945.4526141960077,115170,8880,2,"1-1"
3949.0224243760658,115152,8898,1,"1"
3954.8948450120633,115044,9006,6,"4-1-1"
3957.6722274737972,115026,9024,1,"1"
3961.9629749012652,115008,9042,1,"1"
3962.9029459117596,114990,9060,1,"1"
3964.7621702196216,114972,9078,1,"1"
3966.4223476017287,114918,9132,3,"2-1"
3968.5822997648711,114911,9139,1,"1"
3969.8387311084839,0,124050,6498,"6498"
----------------------------------------------3
0,124050,0,0,"0"
96.895794528614758,124047,3,1,"1"
128.07487858247882,124029,21,1,"1"
135.99266172132889,124028,22,1,"1"
149.81744842562486,124027,23,1,"1"
201.59020509476463,124026,24,1,"1"
233.73966051199494,124025,25,1,"1"
244.99619682285271,124024,26,1,"1"
314.90215149337808,124023,27,1,"1"
326.36087502742782,124022,28,1,"1"
360.04593015526001,124012,38,1,"1"
374.36382126361036,123994,56,1,"1"
410.89254971412487,123993,57,1,"1"
447.15795578115313,123983,67,1,"1"
451.75452875581351,123973,77,1,"1"
453.9246422692101,123955,95,1,"1"
467.35189239139498,123954,96,1,"1"
469.33080829429724,123930,120,2,"1-1"
485.09583912330862,123929,121,1,"1"
495.28290587120597,123911,139,1,"1"
514.56988327264821,123910,140,1,"1"
552.25079125274146,123892,158,1,"1"
557.6207121718719,123889,161,1,"1"
580.31059187491405,123888,162,1,"1"
593.04507052084955,123887,163,1,"1"
602.97714347423494,123877,173,2,"1-1"
609.72225207382337,123872,178,1,"1"
612.77258526029289,123854,196,1,"1"
655.98977713128363,123853,197,1,"1"
677.99189641747944,123852,198,1,"1"
684.13568734500814,123836,214,1,"1"
694.59141521073116,123818,232,1,"1"
702.48970723111881,123816,234,2,"2"
707.00668418012015,123798,252,1,"1"
707.47931772760455,123796,254,2,"2"
726.70935420968055,123772,278,2,"1-1"
751.62694880688878,123769,281,1,"1"
762.0930838503765,123766,284,1,"1"
800.63766093432139,123748,302,1,"1"
824.72625409244995,123712,338,2,"2"
858.050867015417,123702,348,1,"1"
861.55558434310387,123701,349,1,"1"
870.22310018198891,123700,350,1,"1"
904.37223027470407,123699,351,1,"1"
906.87063020791152,123698,352,1,"1"
907.60947248722243,123680,370,1,"1"
911.21025706541002,123677,373,1,"1"
920.43975977828279,123676,374,1,"1"
944.90723033857432,123673,377,3,"1-1-1"
947.4525082108139,123672,378,1,"1"
949.60353121195169,123671,379,1,"1"
952.17882003638033,123653,397,1,"1"
952.91066405389097,123621,429,2,"1-1"
961.2140615448767,123620,430,1,"1"
969.54674644346744,123619,431,1,"1"
970.07430001445323,123565,485,3,"2-1"
971.13333349235825,123563,487,2,"2"
977.47705579637,123556,494,1,"1"
999.59001325537656,123555,495,1,"1"
999.70207700594551,123540,510,1,"1"
1021.117676363491,123534,516,2,"1-1"
1033.3613922911554,123531,519,1,"1"
1045.7436305477249,123517,533,1,"1"
1057.4399426066243,123502,548,1,"1"
1064.0382453905122,123501,549,1,"1"
1078.8469737885696,123500,550,1,"1"
1086.2652853940808,123482,568,1,"1"
1088.4522055556265,123472,578,2,"1-1"
1097.135818576802,123454,596,1,"1"
1102.3929708343387,123453,597,1,"1"
1117.752669786039,123452,598,1,"1"
1118.9719639062339,123450,600,2,"2"
1123.3386585648216,123434,616,1,"1"
1128.5493657164939,123416,634,1,"1"
1135.0486411084516,123398,652,1,"1"
1135.5402093498103,123380,670,1,"1"
1136.7129550510992,123372,678,2,"2"
1161.4890110422666,123362,688,1,"1"
1162.4521013220967,123357,693,1,"1"
1162.9565658346162,123339,711,1,"1"
1163.1563490647948,123321,729,1,"1"
1179.7119626873787,123320,730,1,"1"
1184.7625038903338,123302,748,1,"1"
1197.3164509558226,123284,766,1,"1"
1197.7817345113988,123266,784,1,"1"
1215.1883840241046,123263,787,1,"1"
1258.2805426404216,123245,805,1,"1"
1262.6719329948478,123227,823,1,"1"
1263.9935436470491,123224,826,1,"1"
1274.1172840442275,123223,827,1,"1"
1277.7553621629895,123205,845,1,"1"
1303.6097275020163,123202,848,1,"1"
1306.7119527213276,123193,857,1,"1"
1311.9698961980334,123183,867,1,"1"
1313.9780727713708,123165,885,1,"1"
1327.1040733349187,123147,903,1,"1"
1348.9914715769016,123144,906,1,"1"
1352.5591594310122,123118,932,2,"1-1"
1362.1705011305542,123115,935,1,"1"
1369.5538726397001,123097,953,1,"1"
1373.8473863058578,123094,956,1,"1"
1394.6170033540013,123081,969,3,"2-1"
1398.5797372105733,123063,987,1,"1"
1398.9071115128675,123045,1005,1,"1"
1404.7445867832382,123036,1014,1,"1"
1409.8258373418128,123018,1032,1,"1"
1416.3044676666607,123000,1050,1,"1"
1426.9570683476729,122993,1057,1,"1"
1458.1618647952844,122975,1075,1,"1"
1462.7266205551223,122957,1093,1,"1"
1463.7939654519873,122947,1103,1,"1"
1466.5797938112585,122929,1121,1,"1"
1482.784517405576,122926,1124,1,"1"
1506.1203735806762,122916,1134,1,"1"
1506.4156415526159,122906,1144,1,"1"
1514.2037687730929,122888,1162,1,"1"
1519.2547470863265,122882,1168,2,"2"
1534.7280256451752,122880,1170,2,"1-1"
1538.8442820311025,122879,1171,1,"1"
1541.0930163463938,122861,1189,1,"1"
1542.379942265738,122843,1207,1,"1"
1559.2903292095739,122825,1225,1,"1"
1559.4723593750102,122735,1315,5,"5"
1560.538317867303,122717,1333,1,"1"
1568.1528334698583,122703,1347,1,"1"
1570.5862044563466,122692,1358,1,"1"
1573.3529101735971,122683,1367,1,"1"
1575.7639892816051,122665,1385,1,"1"
1576.4057508703263,122629,1421,2,"2"
1589.3166622478589,122611,1439,1,"1"
1591.1821280833863,122608,1442,1,"1"
1606.6406998702269,122590,1460,1,"1"
1614.4665811739903,122572,1478,1,"1"
1621.8299295052059,122569,1481,1,"1"
1622.2068580095333,122551,1499,1,"1"
1633.5834163405264,122529,1521,2,"2"
1633.7712820579877,122505,1545,2,"1-1"
1642.2944150206486,122487,1563,1,"1"
1647.3072889726336,122484,1566,1,"1"
1649.1344433458521,122466,1584,1,"1"
1657.3165860421402,122463,1587,1,"1"
1657.4917130206625,122445,1605,1,"1"
1658.5288710158009,122427,1623,1,"1"
1676.6471281619531,122409,1641,1,"1"
1682.2864941057458,122397,1653,1,"1"
1695.0656267933496,122385,1665,1,"1"
1699.742719109953,122349,1701,2,"2"
1713.5313228530608,122331,1719,1,"1"
1726.9091668705128,122314,1736,3,"1-1-1"
1748.8774506044851,122309,1741,1,"1"
1754.3841314330946,121499,2551,45,"44-1"
1767.3280188256433,121487,2563,2,"1-1"
1779.4969995571898,121469,2581,1,"1"
1796.0292932734708,121459,2591,1,"1"
1811.8524502509624,121454,2596,1,"1"
1821.0299446998615,121442,2608,1,"1"
1839.0851379520695,121424,2626,1,"1"
1839.1745824087527,121388,2662,2,"2"
1857.1791280637283,121370,2680,1,"1"
1858.6520552093691,121352,2698,1,"1"
1866.4158101861606,121334,2716,1,"1"
1875.6382788124647,121331,2719,1,"1"
1881.4475166017,121326,2724,1,"1"
1890.673668607561,121308,2742,1,"1"
1896.197332716031,121305,2745,1,"1"
1909.8488095110665,121300,2750,1,"1"
1914.3261506591937,121270,2780,3,"2-1"
1927.6139815070296,121269,2781,1,"1"
1933.3445371050132,121240,2810,3,"2-1"
1939.2977140695759,121235,2815,1,"1"
1943.534916053143,121210,2840,3,"1-1-1"
1954.2096589371456,121192,2858,1,"1"
1972.1857467052869,121174,2876,1,"1"
1986.3491024322759,121150,2900,4,"3-1"
1990.5444004225101,121132,2918,1,"1"
2004.7969547899297,121114,2936,1,"1"
2019.0372526343774,121096,2954,1,"1"
2025.7754150587091,121086,2964,1,"1"
2028.6774735081433,121068,2982,1,"1"
2029.7037384736586,121063,2987,1,"1"
2036.2393323665053,121045,3005,1,"1"
2063.5580776303091,121027,3023,1,"1"
2075.0600791088177,121020,3030,1,"1"
2086.7238651830985,121004,3046,1,"1"
2101.0433792091985,120986,3064,1,"1"
2102.1217325086782,120976,3074,1,"1"
2111.3846148587586,120973,3077,1,"1"
2124.0132418684311,120955,3095,1,"1"
2125.1191472699898,120944,3106,1,"1"
2131.5866036256657,120937,3113,1,"1"
2132.9866311909764,120921,3129,1,"1"
2140.7930494099451,120887,3163,3,"2-1"
2169.3184005341768,120881,3169,2,"2"
2170.6574411093461,120863,3187,1,"1"
2174.7155435528557,120849,3201,2,"2"
2186.1901458117709,120831,3219,1,"1"
2192.2451841972402,120828,3222,1,"1"
2196.5693684242124,120810,3240,1,"1"
2206.8992967731615,120792,3258,1,"1"
2220.812081652226,120786,3264,2,"2"
2221.163904507629,120768,3282,1,"1"
2224.456279071484,120750,3300,1,"1"
2229.3483563415539,120732,3318,1,"1"
2230.5122806576028,120722,3328,1,"1"
2234.1694960674927,120704,3346,1,"1"
2234.2930112065083,120686,3364,1,"1"
2244.1940570053698,120668,3382,1,"1"
2245.0535356924602,120650,3400,1,"1"
2252.347479353823,120645,3405,1,"1"
2253.3610473540421,120633,3417,2,"1-1"
2254.8186599138398,120628,3422,1,"1"
2263.8282022366989,120610,3440,1,"1"
2270.0064732971859,120592,3458,1,"1"
2271.7290450131518,120586,3464,2,"2"
2272.1086290652174,120575,3475,1,"1"
2277.8001098569521,120560,3490,5,"5"
2290.1738113738979,120536,3514,2,"2"
2301.7174104005376,120528,3522,2,"2"
2303.7576022959288,120519,3531,1,"1"
2306.4136484903279,120510,3540,1,"1"
2313.4586190890241,120505,3545,1,"1"
2331.7306441926826,120476,3574,3,"2-1"
2343.3852553321808,120471,3579,1,"1"
2372.6945753498821,120435,3615,2,"2"
2385.0827729940106,120425,3625,1,"1"
2386.0445050246985,120407,3643,1,"1"
2390.6627353285212,120392,3658,3,"3"
2392.5065220611409,120382,3668,1,"1"
2401.9534843422543,120346,3704,2,"1-1"
2402.6072312876249,120334,3716,1,"1"
2407.1051995634302,120316,3734,1,"1"
2407.7226579728035,120313,3737,1,"1"
2416.2568247089839,120295,3755,1,"1"
2432.310036995334,120285,3765,1,"1"
2434.1890563994716,120267,3783,1,"1"
2434.6952781386308,120257,3793,2,"2"
2444.4438325320925,120239,3811,1,"1"
2446.9646899136565,120203,3847,2,"1-1"
2450.8594926153082,120198,3852,1,"1"
2454.5807556387595,120180,3870,1,"1"
2461.3766791949411,120162,3888,1,"1"
2461.9263073820025,120144,3906,1,"1"
2466.8613450059206,120126,3924,1,"1"
2467.4083997599023,120108,3942,1,"1"
2480.9950557716916,120101,3949,1,"1"
2483.8458758626648,120083,3967,1,"1"
2483.9968627023754,120065,3985,1,"1"
2484.2039642468012,120047,4003,1,"1"
2494.8578058212156,120029,4021,1,"1"
2495.0854682579757,120021,4029,2,"1-1"
2503.2428655838967,120003,4047,1,"1"
2522.3830566055221,119975,4075,2,"1-1"
2524.8530454669763,119966,4084,1,"1"
2524.9211547452965,119945,4105,3,"2-1"
2525.8814951990435,119927,4123,1,"1"
2538.6082166882611,119904,4146,3,"2-1"
2538.7812201227712,119886,4164,1,"1"
2546.2473539687567,119868,4182,1,"1"
2551.0343465283122,119863,4187,1,"1"
2555.0220154514109,119845,4205,1,"1"
2560.3688685241905,119828,4222,1,"1"
2565.9999636567882,119818,4232,1,"1"
2567.7288631950305,119806,4244,1,"1"
2581.4889618136822,119788,4262,1,"1"
2583.015851340188,119783,4267,1,"1"
2586.4645079435709,119765,4285,1,"1"
2590.1516060165854,119747,4303,1,"1"
2594.7011705570912,119744,4306,1,"1"
2610.1868123505255,119735,4315,3,"3"
2611.6732811044053,119723,4327,1,"1"
2645.0811266271894,119687,4363,2,"1-1"
2647.6302798262482,119669,4381,1,"1"
2653.3257505351462,119666,4384,1,"1"
2653.8548848741157,119648,4402,1,"1"
2657.1806669762436,119643,4407,1,"1"
2660.4302328041981,119640,4410,1,"1"
2662.0184852470611,119637,4413,1,"1"
2666.8871372723779,119627,4423,1,"1"
2682.4302267285111,119591,4459,2,"2"
2687.0309218969169,119477,4573,9,"4-2-1-1-1"
2693.0328100137112,119465,4585,1,"1"
2694.7327793511354,119458,4592,1,"1"
2717.3086749917607,119440,4610,1,"1"
2721.7217000606415,119422,4628,1,"1"
2750.3320840258257,119386,4664,2,"2"
2752.1921138362877,119368,4682,1,"1"
2754.3622782505099,119335,4715,5,"2-2-1"
2763.2298728859059,119308,4742,3,"2-1"
2768.3708353828706,119302,4748,2,"2"
2780.5107637421802,119284,4766,1,"1"
2782.297828578297,119248,4802,2,"1-1"
2782.4520238421342,119230,4820,1,"1"
2782.8908454252678,119212,4838,1,"1"
2788.7507798799129,119194,4856,1,"1"
2791.4533077464289,119176,4874,1,"1"
2820.5674673156545,119158,4892,1,"1"
2823.5105887922414,119151,4899,1,"1"
2823.6942233000564,119136,4914,3,"2-1"
2831.8044632484393,119118,4932,1,"1"
2848.6810437063709,119100,4950,1,"1"
2881.1621608750515,119064,4986,2,"2"
2881.6690124264919,119046,5004,2,"1-1"
2891.2401871879515,119028,5022,1,"1"
2892.4365383807735,119015,5035,1,"1"
2896.9072964919346,119005,5045,1,"1"
2901.5283959071685,119002,5048,1,"1"
2905.1758892036678,118932,5118,6,"2-1-1-1-1"
2907.9400927955708,118925,5125,1,"1"
2910.7576793925864,118915,5135,1,"1"
2920.0482175890857,118899,5151,1,"1"
2939.3795500594315,118881,5169,1,"1"
2940.7290713746206,118875,5175,2,"2"
2943.6982917406203,118857,5193,1,"1"
2947.0310974865142,118850,5200,1,"1"
2947.608611216071,118832,5218,1,"1"
2953.1802680871033,118802,5248,2,"2"
2976.1272083711947,118784,5266,1,"1"
2979.5218533542325,118758,5292,2,"2"
2984.8960556799511,118595,5455,10,"6-1-1-1-1"
2996.499124410921,118577,5473,1,"1"
2998.4214478258396,118559,5491,1,"1"
3002.1844272425101,118523,5527,2,"2"
3005.1753073741784,118487,5563,2,"2"
3010.0053884725203,118469,5581,1,"1"
3013.1851403493547,118451,5599,1,"1"
3021.7809822566169,118433,5617,1,"1"
3025.9808664158077,118428,5622,1,"1"
3029.6135426667806,118425,5625,1,"1"
3032.2026828903704,118407,5643,1,"1"
3048.7964764882204,118389,5661,1,"1"
3062.1364849724255,118371,5679,1,"1"
3063.7044044838835,118353,5697,2,"2"
3080.4273682320363,118335,5715,1,"1"
3089.090929080317,118325,5725,1,"1"
3089.7314135314195,118305,5745,4,"3-1"
3094.4728734957716,118269,5781,2,"2"
3094.9333064420857,118251,5799,1,"1"
3095.167579340567,118233,5817,1,"1"
3097.0214192083217,118197,5853,2,"1-1"
3100.6987210619245,118179,5871,1,"1"
3101.5557980502808,118125,5925,3,"2-1"
3102.3330370636568,118089,5961,2,"1-1"
3103.8478112035737,118079,5971,1,"1"
3110.1649748435825,118061,5989,1,"1"
3112.0473095173879,117993,6057,8,"3-2-1-1-1"
3112.3429117498449,117975,6075,1,"1"
3112.6168239882709,117957,6093,1,"1"
3122.1597001026821,117801,6249,9,"9"
3126.1479066596762,117783,6267,1,"1"
3144.4209560435415,117771,6279,1,"1"
3152.8519988223002,117753,6297,1,"1"
3158.7708989908142,117735,6315,1,"1"
3180.8700295977105,117730,6320,1,"1"
3195.3745030248165,117712,6338,1,"1"
3196.479870148703,117678,6372,2,"2"
3206.100413731343,117660,6390,1,"1"
3207.4341899838523,117642,6408,1,"1"
3217.8836320726809,117624,6426,1,"1"
3226.113605980207,117606,6444,1,"1"
3226.648700932667,117588,6462,1,"1"
3229.2388993145532,117583,6467,1,"1"
3234.8373601540334,117435,6615,9,"8-1"
3240.6371289244271,117389,6661,6,"3-1-1-1"
3244.1658193750359,117335,6715,3,"3"
3250.5342778030263,117332,6718,1,"1"
3256.5707360437291,117291,6759,9,"3-2-2-2"
3259.7383956326562,117288,6762,1,"1"
3270.2476680100563,117270,6780,1,"1"
3280.1422473135217,117252,6798,1,"1"
3291.1980821485758,117216,6834,2,"2"
3299.2005874215574,117198,6852,1,"1"
3309.380670586339,117184,6866,1,"1"
3316.040011214664,117166,6884,1,"1"
3326.9427835405131,117148,6902,1,"1"
3334.5377936991217,117082,6968,8,"2-2-2-1-1"
3341.4887053472157,117052,6998,3,"1-1-1"
3344.760906196469,117042,7008,1,"1"
3353.7568451415768,117024,7026,1,"1"
3361.4572057220989,117014,7036,1,"1"
3361.959136160478,116930,7120,10,"4-2-2-1-1"
3365.1752422604309,116912,7138,1,"1"
3365.3287470909122,116862,7188,5,"5"
3367.0921963073347,116844,7206,1,"1"
3367.4511608449579,116826,7224,1,"1"
3371.7633247452427,116808,7242,1,"1"
3371.973794248428,116798,7252,1,"1"
3383.158441886203,116789,7261,1,"1"
3384.4913105957603,116771,7279,1,"1"
3389.2507050622048,116753,7297,1,"1"
3396.1308693418268,116735,7315,1,"1"
3397.892274409186,116717,7333,1,"1"
3400.6917281176593,116699,7351,1,"1"
3410.703564059565,116681,7369,1,"1"
3415.9160766761411,116663,7387,1,"1"
3416.3204662767043,116645,7405,1,"1"
3417.6619692653539,116613,7437,2,"2"
3418.4483797017642,116600,7450,1,"1"
3418.6173468001625,116591,7459,1,"1"
3419.089452628109,116555,7495,2,"2"
3420.7088249196895,116537,7513,1,"1"
3429.167343615572,116519,7531,1,"1"
3430.3910780769011,116510,7540,1,"1"
3451.0085634262496,116484,7566,2,"1-1"
3458.1160221217992,116466,7584,1,"1"
3461.5632211526281,116442,7608,2,"2"
3462.705785986509,116424,7626,1,"1"
3467.8339961415959,116404,7646,2,"1-1"
3468.9598825281955,116386,7664,1,"1"
3469.3394331187287,116367,7683,3,"2-1"
3477.6452346663018,116353,7697,2,"1-1"
3482.7558176131397,116335,7715,1,"1"
3487.5209387104355,116317,7733,1,"1"
3488.6041353515943,116299,7751,1,"1"
3494.9616934685573,116281,7769,1,"1"
3495.2770999061831,116263,7787,1,"1"
3497.2340117905587,116254,7796,1,"1"
3501.5269226763385,116226,7824,2,"1-1"
3504.1350704404458,116208,7842,1,"1"
3504.3825426284639,116203,7847,1,"1"
3509.9365401074297,116152,7898,5,"2-2-1"
3510.6232303698976,116134,7916,1,"1"
3513.8726003150396,116116,7934,1,"1"
3517.029933842055,116098,7952,1,"1"
3521.1731077152672,116073,7977,2,"1-1"
3524.1461740348427,116068,7982,1,"1"
3527.4209561451321,116000,8050,5,"2-1-1-1"
3529.7000765613434,115995,8055,1,"1"
3536.7723531482006,115983,8067,1,"1"
3554.6319410477745,115973,8077,1,"1"
3577.7537574219632,115955,8095,1,"1"
3583.4642752746904,115952,8098,1,"1"
3600.025674507956,115939,8111,1,"1"
3601.9636502376661,115898,8152,5,"2-1-1-1"
3602.8054137872577,115888,8162,1,"1"
3605.173862094548,115870,8180,1,"1"
3607.2668434014154,115852,8198,1,"1"
3615.1908013270304,115834,8216,1,"1"
3615.2236216907218,115816,8234,1,"1"
3621.4315413655222,115798,8252,1,"1"
3626.2856169288139,115787,8263,1,"1"
3626.8355280579453,115769,8281,1,"1"
3629.9496053007706,115756,8294,1,"1"
3640.2373147005419,115696,8354,8,"3-2-2-1"
3642.4499703058345,115522,8528,13,"4-2-2-1-1-1-1-1"
3646.3927980248327,115504,8546,1,"1"
3660.9507479084336,115486,8564,1,"1"
3665.1629103282321,115481,8569,1,"1"
3665.7572588578146,115463,8587,1,"1"
3678.3142897856314,115445,8605,1,"1"
3682.8245510491329,115440,8610,1,"1"
3699.2360336238585,115422,8628,1,"1"
3699.673353911885,115408,8642,1,"1"
3726.4811439796322,115390,8660,1,"1"
3732.1553351462408,115354,8696,2,"1-1"
3737.9433484788437,115337,8713,1,"1"
3740.4094771659102,115319,8731,1,"1"
3741.3629762107903,115283,8767,2,"2"
3741.8911179649431,115265,8785,1,"1"
3744.0243954827229,115247,8803,1,"1"
3744.3421754966043,115229,8821,1,"1"
3747.1473208987713,115224,8826,1,"1"
3747.4273221187045,115215,8835,1,"1"
3750.4099799617857,115197,8853,1,"1"
3764.7142721140776,115179,8871,1,"1"
3766.0409566976173,115108,8942,4,"4"
3767.5279618133695,115090,8960,1,"1"
3777.5284403905139,115072,8978,1,"1"
3778.3478296002786,115054,8996,1,"1"
3780.3904505393198,115045,9005,1,"1"
3780.7188645919391,115027,9023,1,"1"
3782.2142168570572,115009,9041,1,"1"
3800.9321911010038,114980,9070,3,"1-1-1"
3804.324610839029,114973,9077,1,"1"
3804.3521470771607,114950,9100,3,"2-1"
3805.3724286007482,114914,9136,2,"1-1"
3813.5665830610656,114896,9154,1,"1"
3818.2643330945998,114878,9172,1,"1"
3822.0094911547089,114590,9460,16,"7-4-4-1"
3822.808356118624,114572,9478,1,"1"
3825.5689905924046,114554,9496,1,"1"
3836.3677704842562,114352,9698,14,"3-2-2-2-1-1-1-1-1"
3839.2735683183896,114334,9716,1,"1"
3839.927152947681,114280,9770,3,"2-1"
3840.8877138446146,114262,9788,1,"1"
3846.487156892756,114249,9801,1,"1"
3852.0370905468371,114221,9829,2,"1-1"
3861.557319425779,114083,9967,8,"5-1-1-1"
3880.1040925337661,114065,9985,1,"1"
3880.2400592143345,114047,10003,1,"1"
3882.2087557847985,114029,10021,1,"1"
3884.8600024234147,114011,10039,1,"1"
3891.65477856298,113993,10057,1,"1"
3894.093097706771,113975,10075,1,"1"
3896.1844170398272,113957,10093,1,"1"
3898.1368868294448,113903,10147,3,"3"
3910.1155737562867,113885,10165,1,"1"
3910.8880020571787,113878,10172,1,"1"
3921.6743689894993,113868,10182,1,"1"
3934.1296845190795,113832,10218,3,"2-1"
3944.8330627368828,113796,10254,2,"1-1"
3953.4211976235474,113791,10259,1,"1"
3968.1838505446558,113773,10277,1,"1"
3968.407796402646,113721,10329,4,"2-2"
3977.05968230094,113703,10347,1,"1"
3979.6170160026545,113667,10383,2,"2"
3988.1464239122301,113654,10396,1,"1"
3993.5060242727409,113626,10424,2,"2"
4019.0739512360983,113613,10437,1,"1"
4021.8970964853634,113595,10455,1,"1"
4022.1733088636947,113577,10473,1,"1"
4026.1456270574158,113523,10527,3,"2-1"
4031.0075281715744,113505,10545,1,"1"
4052.582020597456,113487,10563,1,"1"
4059.0287867770639,113469,10581,1,"1"
4065.5409359349442,113402,10648,5,"3-1-1"
4067.9497395115504,113366,10684,2,"1-1"
4071.4740918821994,113348,10702,1,"1"
4083.7726800612618,113330,10720,1,"1"
4099.215903919222,113312,10738,1,"1"
4100.9291703329782,113288,10762,2,"1-1"
4112.485446168952,113270,10780,1,"1"
4113.9656019671602,113252,10798,1,"1"
4131.2602970232301,113245,10805,1,"1"
4153.1577136150045,113227,10823,1,"1"
4156.0769763279513,113218,10832,1,"1"
4157.8244730058859,113198,10852,2,"1-1"
4171.8995580461878,113130,10920,4,"2-1-1"
4173.2451958608926,113112,10938,1,"1"
4185.3935249868109,113094,10956,1,"1"
4187.9788660785198,113076,10974,1,"1"
4188.3163221774748,113063,10987,1,"1"
4192.6658986222164,112975,11075,5,"2-1-1-1"
4207.2930987313111,112957,11093,1,"1"
4208.2704763525908,112597,11453,34,"5-4-3-3-2-2-2-2-2-1-1-1-1-1-1-1-1-1"
4219.296915524943,112579,11471,1,"1"
4234.8125342012481,112530,11520,5,"3-1-1"
4237.1025204312627,112494,11556,2,"2"
4239.9211506224137,112171,11879,21,"14-2-2-1-1-1"
4240.8416929477944,112153,11897,1,"1"
4240.9260665725697,112135,11915,1,"1"
4241.3660391955791,112108,11942,2,"2"
4244.0725895512742,112090,11960,1,"1"
4247.403695491952,112072,11978,1,"1"
4248.7443074641587,111826,12224,17,"5-3-3-2-2-1-1"
4251.5078990701004,111784,12266,3,"2-1"
4266.6056951553537,111770,12280,2,"2"
4273.5728537623509,111734,12316,2,"2"
4273.9681981055692,111716,12334,1,"1"
4277.8151667532265,111662,12388,3,"2-1"
4282.350465061495,0,124050,6292,"6292"
----------------------------------------------4
0,124050,0,0,"0"
90.63314549704593,124038,12,1,"1"
143.65890147911759,124037,13,1,"1"
149.13758769235682,124019,31,1,"1"
220.0762134784182,124009,41,1,"1"
250.86724653061097,124008,42,1,"1"
325.7745681788702,124007,43,1,"1"
335.03689134632504,124006,44,1,"1"
352.36984888522329,123990,60,1,"1"
374.33052668430776,123981,69,1,"1"
380.39930736097079,123963,87,1,"1"
403.99882688040401,123962,88,1,"1"
425.98458318276954,123944,106,1,"1"
450.12909981518209,123928,122,1,"1"
461.4215207208382,123926,124,2,"2"
463.96746214583754,123925,125,1,"1"
480.95132236638221,123916,134,1,"1"
486.16068810574376,123898,152,1,"1"
509.49286801194665,123897,153,1,"1"
518.56774612234221,123896,154,1,"1"
527.91503549850609,123878,172,1,"1"
528.67547511427654,123866,184,1,"1"
530.86926979946315,123865,185,1,"1"
535.54481068894711,123864,186,1,"1"
554.25657956696364,123861,189,1,"1"
558.49998784813999,123860,190,1,"1"
565.72072206720793,123859,191,1,"1"
577.53832791391176,123850,200,1,"1"
578.99805455533374,123849,201,1,"1"
591.81464786815934,123846,204,3,"3"
592.0824140446714,123845,205,1,"1"
619.44900941266758,123831,219,1,"1"
650.7703557884164,123830,220,1,"1"
660.05838179533919,123827,223,1,"1"
680.27693540395705,123826,224,1,"1"
698.95104731353172,123816,234,1,"1"
737.98622757991575,123807,243,3,"2-1"
751.08858057877933,123789,261,1,"1"
751.10593570790525,123771,279,1,"1"
764.39363407196413,123770,280,1,"1"
809.05042518102459,123755,295,1,"1"
831.80391240785696,123743,307,1,"1"
862.75842303054037,123742,308,1,"1"
866.36415739724134,123724,326,1,"1"
880.44157551982664,123722,328,2,"2"
882.06660708383879,123718,332,2,"1-1"
894.53329328008192,123706,344,1,"1"
910.85472580014027,123688,362,1,"1"
933.52657610710412,123676,374,1,"1"
978.7172652237914,123658,392,1,"1"
979.19649602003085,123640,410,1,"1"
980.74746360273105,123622,428,1,"1"
986.84607101120287,123618,432,2,"1-1"
996.64364453124733,123617,433,1,"1"
1007.0204462571729,123599,451,1,"1"
1007.8557716688169,123597,453,2,"1-1"
1029.0054442749317,123569,481,2,"1-1"
1030.8896495507884,123551,499,2,"1-1"
1046.620064826436,123533,517,1,"1"
1053.2048060488391,123532,518,1,"1"
1063.5635507139557,123514,536,1,"1"
1064.5569006048036,123513,537,1,"1"
1066.4066599752023,123495,555,1,"1"
1068.5676770397874,123494,556,1,"1"
1070.776277296394,123493,557,1,"1"
1107.799619687132,123490,560,1,"1"
1111.8834159757678,123487,563,1,"1"
1114.7742191678819,123469,581,1,"1"
1115.878237643034,123459,591,1,"1"
1117.3848874303169,123456,594,1,"1"
1120.6290310450113,123438,612,1,"1"
1131.8586052232195,123436,614,2,"2"
1183.9312870018443,123435,615,1,"1"
1193.6283843137724,123425,625,1,"1"
1197.9941827520313,123407,643,1,"1"
1200.1220159196719,123389,661,1,"1"
1212.9872123328582,123378,672,1,"1"
1235.9858580813741,123360,690,1,"1"
1246.5496978846966,123359,691,1,"1"
1250.7986272657206,123341,709,1,"1"
1257.292538117199,123323,727,1,"1"
1262.8671840602076,123305,745,1,"1"
1263.9835695264439,123285,765,2,"2"
1265.4270607795113,123283,767,2,"2"
1306.9509505174585,123265,785,1,"1"
1318.7598358428791,123247,803,1,"1"
1336.3789861396574,123244,806,3,"2-1"
1343.8901817018502,123226,824,1,"1"
1383.8639409412087,123225,825,1,"1"
1396.8030151951227,123211,839,1,"1"
1404.2048851460038,123193,857,1,"1"
1406.8726271342171,123175,875,1,"1"
1427.0989067516261,123169,881,2,"2"
1428.3147909017066,123154,896,1,"1"
1445.9053940511826,123136,914,1,"1"
1447.1847646523067,123118,932,1,"1"
1455.2833899913819,123100,950,1,"1"
1465.6380500888788,123096,954,2,"1-1"
1466.6520660434426,123093,957,1,"1"
1474.6661700303619,123079,971,1,"1"
1515.5556088529556,123076,974,1,"1"
1525.158364091945,123073,977,1,"1"
1547.2651402247623,123055,995,1,"1"
1549.4696413539793,123037,1013,1,"1"
1564.0989015417106,123019,1031,1,"1"
1565.6603210839648,123016,1034,1,"1"
1587.1027347963686,122998,1052,1,"1"
1596.2565573108827,122997,1053,1,"1"
1602.5199536948583,122977,1073,2,"2"
1611.7237312695779,122975,1075,2,"1-1"
1652.1771039531043,122957,1093,1,"1"
1662.3855022676341,122954,1096,1,"1"
1678.4944597027272,122936,1114,1,"1"
1696.2850660980182,122900,1150,2,"2"
1702.4291777870571,122864,1186,2,"2"
1705.5516606465885,122861,1189,1,"1"
1713.0299257431686,122858,1192,1,"1"
1741.9056636244109,122840,1210,1,"1"
1741.9098171455082,122835,1215,1,"1"
1748.1623945504844,122829,1221,2,"2"
1749.337614459623,122819,1231,2,"2"
1752.1473952822485,122814,1236,1,"1"
1756.9243540382122,122807,1243,1,"1"
1765.4974688410553,122796,1254,1,"1"
1766.6570101717518,122784,1266,1,"1"
1777.5871028861588,122766,1284,1,"1"
1778.7068567192896,122748,1302,1,"1"
1788.1625616939218,122738,1312,1,"1"
1793.4872929013006,122719,1331,5,"5"
1793.6725190589846,122709,1341,1,"1"
1799.8014174520256,122691,1359,1,"1"
1830.6869279060029,122673,1377,1,"1"
1832.4201975042322,122655,1395,1,"1"
1836.8952097972408,122644,1406,1,"1"
1863.8186380521086,122634,1416,2,"2"
1890.7232816439839,122616,1434,1,"1"
1897.5150198550446,122611,1439,1,"1"
1899.6561961387686,122593,1457,1,"1"
1900.9998299357562,122575,1475,1,"1"
1906.5896836204354,122572,1478,1,"1"
1923.770562130112,122554,1496,1,"1"
1935.4891796243296,122542,1508,1,"1"
1936.1552602358474,122524,1526,1,"1"
1960.2588893797997,122506,1544,1,"1"
1975.047474904663,122488,1562,1,"1"
2001.4938932163661,122470,1580,1,"1"
2010.9656528329824,122464,1586,2,"2"
2017.7533899948803,122426,1624,4,"3-1"
2026.1965773740626,122410,1640,1,"1"
2036.8727754192817,122405,1645,1,"1"
2037.5306206982216,122387,1663,1,"1"
2041.543059161987,122382,1668,1,"1"
2041.6084106750563,122364,1686,1,"1"
2055.3469209937962,122346,1704,1,"1"
2078.8982957406042,122328,1722,1,"1"
2080.0817885778538,122274,1776,3,"2-1"
2082.8078262219988,122271,1779,1,"1"
2098.7786044842419,122241,1809,2,"1-1"
2124.9078901471171,122205,1845,2,"2"
2127.0482065932001,122187,1863,1,"1"
2133.6858107621915,122180,1870,1,"1"
2135.8676590687278,122177,1873,1,"1"
2138.1358284086982,122159,1891,1,"1"
2142.23468314398,122154,1896,1,"1"
2153.0185732174505,122136,1914,1,"1"
2157.5225687322204,122088,1962,3,"2-1"
2164.0482397866117,122050,2000,6,"3-1-1-1"
2167.2123047276618,122047,2003,1,"1"
2170.0541603393949,122029,2021,1,"1"
2178.0148051146325,122011,2039,1,"1"
2219.4000688355604,122006,2044,1,"1"
2219.9382960035505,121988,2062,1,"1"
2238.3821072566179,121985,2065,1,"1"
2254.7229916623114,121955,2095,6,"4-1-1"
2270.3000875742346,121935,2115,2,"2"
2273.3416850945509,121932,2118,1,"1"
2294.7821845709445,121924,2126,2,"2"
2294.8117589106105,121906,2144,1,"1"
2297.4485164564144,121896,2154,1,"1"
2304.5371734074552,121886,2164,2,"2"
2319.1999227061388,121879,2171,1,"1"
2322.3585710752704,121861,2189,1,"1"
2322.881371656983,121807,2243,3,"3"
2332.8223486503221,121771,2279,2,"2"
2333.6123804970375,121766,2284,1,"1"
2334.2556537457499,121761,2289,1,"1"
2349.0173667166423,121744,2306,1,"1"
2355.2059155553502,121739,2311,1,"1"
2355.2690633909078,121736,2314,1,"1"
2356.3577083010859,121727,2323,1,"1"
2358.78720166519,121709,2341,1,"1"
2372.0766152340389,121677,2373,2,"2"
2374.3342371465214,121663,2387,1,"1"
2383.6243579948705,121640,2410,3,"1-1-1"
2386.2816673385064,121637,2413,1,"1"
2388.4921563288167,121619,2431,1,"1"
2392.1017670786014,121601,2449,1,"1"
2393.5901319436853,121583,2467,1,"1"
2395.570046195116,121565,2485,1,"1"
2399.9101342195795,121555,2495,1,"1"
2412.1698242619723,121541,2509,1,"1"
2419.1539633464486,121538,2512,1,"1"
2421.9763349479654,121520,2530,1,"1"
2422.2511500009168,121511,2539,1,"1"
2429.7161358307949,121475,2575,4,"2-1-1"
2431.660058271706,121455,2595,2,"1-1"
2445.3243087996302,121437,2613,1,"1"
2451.7120611335531,121419,2631,1,"1"
2456.8213055594483,121401,2649,1,"1"
2458.2718141073919,121392,2658,1,"1"
2462.5861091515749,121374,2676,1,"1"
2467.733756691664,121356,2694,1,"1"
2474.5198670745081,121339,2711,1,"1"
2480.2910129752991,121319,2731,2,"2"
2492.2872620545604,121306,2744,1,"1"
2492.81293354852,121288,2762,1,"1"
2495.6777818993751,121268,2782,2,"2"
2495.9804926028683,121250,2800,1,"1"
2505.3764164394775,121222,2828,2,"2"
2521.044469928886,121204,2846,1,"1"
2522.7314204430822,121194,2856,1,"1"
2538.1279009201662,121180,2870,4,"3-1"
2542.7209134383761,121162,2888,1,"1"
2545.7735768145944,121144,2906,1,"1"
2569.2288571202562,121126,2924,1,"1"
2570.181979898643,121119,2931,1,"1"
2577.454464527772,121099,2951,2,"2"
2588.1653187501165,121089,2961,1,"1"
2602.6835877706399,121071,2979,1,"1"
2604.6974729835388,121059,2991,2,"1-1"
2607.0673775764903,121041,3009,1,"1"
2607.616842119693,121016,3034,5,"2-1-1-1"
2609.6048789150686,121003,3047,1,"1"
2609.7132483990595,120975,3075,2,"2"
2611.7364246354723,120959,3091,1,"1"
2621.5401911481331,120946,3104,1,"1"
2634.323247034326,120911,3139,5,"2-2-1"
2643.8032657225053,120908,3142,1,"1"
2651.4297743719676,120890,3160,1,"1"
2653.1417114425799,120877,3173,1,"1"
2656.9158188125016,120865,3185,2,"1-1"
2661.6933928735989,120847,3203,1,"1"
2662.6919433981984,120839,3211,2,"1-1"
2675.7199021175729,120823,3227,4,"1-1-1-1"
2685.0478870089637,120810,3240,3,"2-1"
2690.4714284824845,120779,3271,3,"3"
2697.5144591185285,120761,3289,1,"1"
2697.7521787115215,120743,3307,1,"1"
2698.8729878899803,120740,3310,1,"1"
2703.5612922477253,120722,3328,1,"1"
2707.6619337542097,120704,3346,1,"1"
2722.8643601127892,120686,3364,1,"1"
2723.7884914032888,120681,3369,1,"1"
2727.0118142236588,120645,3405,2,"2"
2731.586189793607,120627,3423,1,"1"
2732.5866380540278,120609,3441,1,"1"
2737.1548221778398,120591,3459,1,"1"
2740.6458469652412,120586,3464,1,"1"
2769.9029370046105,120564,3486,2,"1-1"
2771.7194738210092,120532,3518,3,"2-1"
2773.7688215520952,120514,3536,1,"1"
2776.0562638322308,120478,3572,2,"1-1"
2791.5331191022819,120460,3590,1,"1"
2792.6256170287202,120418,3632,4,"3-1"
2810.4655451684284,120408,3642,1,"1"
2821.7747062762028,120372,3678,2,"1-1"
2832.4561183254937,120354,3696,1,"1"
2837.0052330097897,120345,3705,1,"1"
2838.7525748503058,120342,3708,1,"1"
2850.6332420348481,120316,3734,2,"1-1"
2850.7011169234179,120293,3757,2,"1-1"
2862.7189413529818,120281,3769,1,"1"
2867.5485100269775,120263,3787,1,"1"
2889.3840877914531,120245,3805,1,"1"
2891.8605790234647,120227,3823,1,"1"
2892.3875563412203,120218,3832,1,"1"
2897.5244283812212,120210,3840,2,"1-1"
2898.6603287119151,120207,3843,1,"1"
2904.2032001766697,120202,3848,1,"1"
2911.4570411966929,120197,3853,1,"1"
2913.4029856969828,120179,3871,1,"1"
2918.8424586653805,120172,3878,1,"1"
2925.6619020433859,120152,3898,2,"1-1"
2927.3673088318137,120134,3916,1,"1"
2930.9320808262332,120126,3924,2,"1-1"
2933.551212935608,120102,3948,2,"2"
2944.3215109109838,120084,3966,1,"1"
2950.3129676784115,120066,3984,1,"1"
2954.0491689558289,120048,4002,1,"1"
2955.8632563659867,120030,4020,1,"1"
2955.9762695837248,120023,4027,1,"1"
2957.4500082171298,120005,4045,1,"1"
2958.5584836807593,119987,4063,1,"1"
2972.5110330817188,119933,4117,3,"3"
2974.8788784819594,119912,4138,3,"2-1"
2978.3998322949969,119876,4174,2,"1-1"
2979.1968523960945,119858,4192,1,"1"
2991.6522109409398,119836,4214,2,"1-1"
3001.4892756736581,119818,4232,1,"1"
3014.2957798728494,119808,4242,1,"1"
3023.6254006171089,119790,4260,1,"1"
3023.7691842514441,119772,4278,1,"1"
3027.589327647865,119755,4295,1,"1"
3028.0074871076922,119737,4313,1,"1"
3048.7710037914553,119719,4331,1,"1"
3051.9526694230408,119701,4349,1,"1"
3055.2485080891374,119683,4367,1,"1"
3061.4059046882039,119665,4385,1,"1"
3062.5580715779593,119647,4403,1,"1"
3071.1784660984445,119629,4421,1,"1"
3074.105938229312,119583,4467,4,"2-1-1"
3075.5703366898751,119565,4485,1,"1"
3077.4394749397161,119547,4503,1,"1"
3084.2676364905064,119529,4521,1,"1"
3094.334538330897,119441,4609,6,"5-1"
3096.154976354419,119431,4619,2,"2"
3096.5298932683472,119394,4656,5,"2-2-1"
3103.2533964160343,119376,4674,1,"1"
3113.8669904184721,119358,4692,1,"1"
3119.881885825283,119340,4710,1,"1"
3122.051780343133,119326,4724,2,"1-1"
3131.1173814949511,119308,4742,1,"1"
3133.4332431316184,119290,4760,1,"1"
3134.0235890705799,119254,4796,2,"1-1"
3151.3619874376159,119236,4814,1,"1"
3163.6682592800048,119218,4832,1,"1"
3164.7035857873802,119200,4850,1,"1"
3176.5337524323954,119189,4861,1,"1"
3179.041584440331,119171,4879,1,"1"
3182.3090404536792,119153,4897,1,"1"
3186.5169050770273,119135,4915,1,"1"
3190.3255618958483,119125,4925,1,"1"
3198.7119868815889,119107,4943,1,"1"
3202.1631275908603,119080,4970,3,"2-1"
3202.2076493057584,119062,4988,1,"1"
3213.2190674886438,119044,5006,1,"1"
3217.4569743877123,119026,5024,1,"1"
3218.1472739619958,119008,5042,1,"1"
3236.6278750863667,118990,5060,1,"1"
3245.5343652112942,118960,5090,4,"3-1"
3250.8830705691835,118948,5102,1,"1"
3251.150212549725,118876,5174,4,"4"
3253.7160679026874,118866,5184,1,"1"
3256.5986224572785,118851,5199,1,"1"
3256.9856493827533,118841,5209,2,"2"
3262.2274641949757,118823,5227,1,"1"
3280.0337217937495,118820,5230,1,"1"
3283.8867167612357,118802,5248,1,"1"
3290.9645657939141,118784,5266,1,"1"
3295.3585052270823,118774,5276,1,"1"
3302.2595862878889,118756,5294,1,"1"
3309.6914574374496,118738,5312,1,"1"
3313.2247070054918,118720,5330,1,"1"
3320.9405515310582,118702,5348,1,"1"
3328.0666368034149,118684,5366,1,"1"
3345.5728257031797,118666,5384,1,"1"
3357.7352787745212,118648,5402,1,"1"
3365.8438717296017,118630,5420,1,"1"
3366.3297824019942,118612,5438,1,"1"
3367.0171494263191,118599,5451,1,"1"
3371.5717467924655,118589,5461,1,"1"
3384.0300206445736,118579,5471,1,"1"
3385.8059204084789,118561,5489,1,"1"
3386.3370440694353,118543,5507,1,"1"
3391.931636993098,118525,5525,1,"1"
3396.1421270775618,118519,5531,2,"2"
3403.1315875772561,118501,5549,1,"1"
3409.7180109863871,118488,5562,3,"2-1"
3412.2200666764679,118470,5580,1,"1"
3416.8952577588202,118458,5592,1,"1"
3417.2717371639733,118453,5597,1,"1"
3421.0261300837374,118417,5633,2,"2"
3422.6500724474158,118399,5651,1,"1"
3437.3094228161963,118381,5669,1,"1"
3439.0113437699583,118357,5693,2,"1-1"
3451.8134585955863,118309,5741,4,"2-1-1"
3456.7546360134861,118291,5759,1,"1"
3460.0096181518666,118273,5777,1,"1"
3462.3262239029486,118255,5795,1,"1"
3466.893095288181,118237,5813,1,"1"
3472.7259162675296,118219,5831,1,"1"
3477.5458110889285,118183,5867,2,"2"
3483.8726159754356,118165,5885,1,"1"
3487.6473124237577,118143,5907,2,"2"
3497.656237742267,118133,5917,1,"1"
3499.8351273149615,118124,5926,1,"1"
3500.545836090967,118112,5938,1,"1"
3502.9480740926301,118100,5950,1,"1"
3505.1170326013234,118090,5960,1,"1"
3511.7378423611981,118072,5978,1,"1"
3525.632335594184,118059,5991,1,"1"
3526.7431966571908,118049,6001,1,"1"
3533.9352489696034,118042,6008,1,"1"
3537.3835787509065,118005,6045,5,"3-2"
3539.4723910378725,117987,6063,1,"1"
3540.8390421276672,117969,6081,1,"1"
3542.6325804706221,117931,6119,3,"2-1"
3546.0136751812679,117913,6137,1,"1"
3547.790831255053,117859,6191,3,"2-1"
3548.4806109683791,117823,6227,2,"2"
3548.6986149588333,117805,6245,1,"1"
3549.7309052061228,117787,6263,1,"1"
3554.5419967997468,117751,6299,2,"2"
3562.121209454478,117715,6335,2,"2"
3562.1686774130844,117697,6353,1,"1"
3565.6779432315543,117679,6371,1,"1"
3568.8478550529089,117653,6397,4,"2-1-1"
3572.1654817719336,117635,6415,1,"1"
3577.1853528784914,117617,6433,1,"1"
3588.8613861790573,117599,6451,1,"1"
3589.4317639593214,117581,6469,1,"1"
3590.9478757856941,117561,6489,2,"1-1"
3592.6329182221434,117554,6496,1,"1"
3601.3879533852323,117536,6514,1,"1"
3603.8457515448886,117500,6550,2,"2"
3604.3160105170532,117482,6568,1,"1"
3606.3637322383934,117464,6586,1,"1"
3608.8901597186,117402,6648,5,"2-2-1"
3623.8565934484864,117384,6666,1,"1"
3638.2428334016736,117366,6684,1,"1"
3640.7720500930341,117270,6780,7,"4-1-1-1"
3645.6216604469637,117252,6798,1,"1"
3652.6387126514192,117234,6816,1,"1"
3656.2852738157808,117216,6834,1,"1"
3674.3753024706002,117180,6870,2,"2"
3678.0630469304656,117160,6890,2,"1-1"
3685.7545024953256,117142,6908,1,"1"
3689.679302805273,117124,6926,1,"1"
3692.4117235435083,117106,6944,1,"1"
3693.7793338067936,117088,6962,1,"1"
3694.0159467749731,117054,6996,2,"2"
3702.5081177095226,117036,7014,1,"1"
3703.5618228464537,117018,7032,1,"1"
3712.847198894734,116970,7080,3,"1-1-1"
3713.625522948877,116957,7093,1,"1"
3714.829170196429,116939,7111,1,"1"
3719.5502885166147,116921,7129,1,"1"
3721.7035252864916,116903,7147,1,"1"
3724.3719756545242,116885,7165,1,"1"
3733.2367931484073,116843,7207,3,"2-1"
3748.8275153309123,116829,7221,2,"2"
3755.7470103319893,116824,7226,1,"1"
3759.0391503415976,116788,7262,2,"1-1"
3760.4872161398685,116761,7289,5,"2-2-1"
3762.885320172205,116743,7307,1,"1"
3765.9230365886365,116725,7325,1,"1"
3768.8273367787633,116697,7353,2,"2"
3776.036931957663,116643,7407,3,"1-1-1"
3790.8513349652026,116605,7445,3,"2-1"
3791.6037219935615,116587,7463,1,"1"
3798.4716364278329,116569,7481,1,"1"
3805.2552705231069,116541,7509,2,"2"
3814.9057669314147,116523,7527,1,"1"
3815.431910778967,116505,7545,1,"1"
3837.8087517484828,116491,7559,2,"2"
3840.1575569771289,116473,7577,1,"1"
3843.685071671825,116128,7922,31,"8-5-3-3-2-2-2-1-1-1-1-1-1"
3849.5960925750855,116110,7940,1,"1"
3857.8489589047922,116084,7966,2,"2"
3862.5113441002104,116066,7984,1,"1"
3865.4665895979774,116026,8024,3,"3"
3874.9795942842379,115890,8160,10,"4-2-2-1-1"
3876.1079386667852,115811,8239,10,"3-3-2-1-1"
3876.9686570109834,115775,8275,2,"2"
3877.442945858319,115757,8293,1,"1"
3885.5648937441342,115743,8307,1,"1"
3889.5885352638506,115725,8325,1,"1"
3897.8701611350621,115707,8343,1,"1"
3899.512518461212,115621,8429,6,"3-1-1-1"
3905.5308136052104,115605,8445,1,"1"
3907.8217588874954,115498,8552,11,"4-2-2-1-1-1"
3914.6007897298573,115400,8650,12,"3-3-2-1-1-1-1"
3919.0495799750288,115364,8686,2,"2"
3920.1607630415206,115346,8704,1,"1"
3923.8474863904016,115328,8722,1,"1"
3931.3724379793962,115310,8740,1,"1"
3933.8169649477354,115292,8758,1,"1"
3937.2193797599957,115274,8776,1,"1"
3942.3178493537425,115262,8788,1,"1"
3944.0880067723433,115244,8806,1,"1"
3946.8880153103955,115167,8883,7,"4-1-1-1"
3962.1836678089758,115139,8911,2,"1-1"
3972.9318759078501,115066,8984,7,"4-1-1-1"
3975.0392447349154,114992,9058,5,"2-1-1-1"
3978.1769624312874,114983,9067,1,"1"
3978.2746362505145,114959,9091,2,"2"
3981.358047406191,114941,9109,1,"1"
3998.6511865392604,114930,9120,1,"1"
3998.9594676110546,114912,9138,1,"1"
4000.6884036799865,114858,9192,3,"2-1"
4005.7562538331381,114822,9228,2,"1-1"
4019.7141219397618,114804,9246,1,"1"
4020.7517699049122,114778,9272,2,"2"
4037.9543989386016,114761,9289,1,"1"
4048.9022726096464,114743,9307,1,"1"
4052.3226950230596,114707,9343,2,"2"
4054.36187371494,114694,9356,1,"1"
4065.4326274369555,114676,9374,1,"1"
4069.1101037191447,114658,9392,1,"1"
4074.8995529620493,114640,9410,1,"1"
4085.3826382213906,114614,9436,2,"2"
4085.4621465686887,114578,9472,2,"2"
4090.0351107194792,114560,9490,1,"1"
4107.8943767874434,114485,9565,6,"2-1-1-1-1"
4108.0533758155434,114327,9723,11,"2-2-2-1-1-1-1-1"
4114.5651929162923,114320,9730,1,"1"
4122.258615992112,114302,9748,1,"1"
4129.6430023326102,114297,9753,1,"1"
4137.8287226811735,114279,9771,1,"1"
4139.462044314324,114261,9789,1,"1"
4141.9440095175923,114189,9861,4,"4"
4142.6601066248586,114135,9915,3,"2-1"
4144.6330938592464,114117,9933,1,"1"
4160.4167282836279,114045,10005,4,"2-1-1"
4161.6568887130979,114033,10017,1,"1"
4162.2451316866418,113979,10071,3,"2-1"
4164.6521045974614,113961,10089,1,"1"
4174.8946317167383,113907,10143,3,"3"
4181.7081121976353,0,124050,6427,"6427"
----------------------------------------------5
0,124050,0,0,"0"
61.918514995354911,124049,1,1,"1"
90.94836523221187,124031,19,1,"1"
142.66943346376945,124013,37,1,"1"
148.81616722385297,124012,38,1,"1"
237.77253439859618,124011,39,1,"1"
241.86833019412191,124010,40,1,"1"
266.53528533452908,123980,70,2,"2"
294.27823084786223,123979,71,1,"1"
304.19564779645447,123978,72,1,"1"
322.37693670677561,123977,73,1,"1"
333.50893156320376,123976,74,1,"1"
358.73273665528171,123958,92,1,"1"
389.27983774556606,123945,105,1,"1"
395.15912966472672,123935,115,1,"1"
427.35475787804472,123920,130,1,"1"
455.29951134277741,123911,139,1,"1"
455.45568518064675,123910,140,1,"1"
459.25597580156335,123892,158,1,"1"
460.94097844992461,123891,159,1,"1"
463.57223045956374,123886,164,1,"1"
465.43116214189973,123868,182,1,"1"
469.73139860292861,123867,183,1,"1"
476.15689090721867,123857,193,1,"1"
506.4496640099303,123856,194,1,"1"
518.33196456568669,123851,199,1,"1"
537.47676832923253,123833,217,1,"1"
551.28447062450766,123832,218,1,"1"
557.25902486349696,123831,219,1,"1"
603.57306475327107,123830,220,1,"1"
605.69456474217202,123812,238,1,"1"
620.98184759695846,123798,252,2,"1-1"
633.77213264011402,123782,268,1,"1"
639.54734499074448,123781,269,1,"1"
647.4747195585187,123780,270,1,"1"
674.00160173460699,123779,271,1,"1"
674.02636909674095,123753,297,2,"1-1"
701.74987552067046,123735,315,1,"1"
702.32224340013374,123734,316,1,"1"
716.21455443294997,123733,317,1,"1"
731.55996700880405,123732,318,1,"1"
735.71581771728449,123714,336,1,"1"
767.69731937015422,123696,354,1,"1"
777.31034270481916,123672,378,2,"2"
778.25761740018231,123654,396,1,"1"
792.70062969335288,123653,397,1,"1"
828.17891652014646,123652,398,1,"1"
851.22691103565592,123616,434,2,"2"
856.31025404700847,123598,452,1,"1"
870.50158005527487,123580,470,1,"1"
875.1579719301626,123579,471,1,"1"
882.24056319058229,123565,485,2,"2"
883.27354778371387,123562,488,3,"3"
892.22468197747628,123544,506,2,"1-1"
892.25361030093654,123535,515,1,"1"
899.61369097484669,123481,569,3,"2-1"
906.50201108738531,123480,570,1,"1"
908.66470308181374,123479,571,1,"1"
932.7395364956617,123477,573,2,"2"
952.79921230550542,123476,574,1,"1"
960.47594828790511,123461,589,3,"3"
970.55636731441507,123460,590,1,"1"
976.64403084069181,123457,593,1,"1"
992.81383999263585,123439,611,1,"1"
1003.0253630240936,123438,612,1,"1"
1004.1944891591187,123428,622,2,"1-1"
1007.1487655553615,123421,629,1,"1"
1026.8514911345137,123411,639,1,"1"
1028.6048222288396,123410,640,1,"1"
1034.8311300250416,123407,643,1,"1"
1051.2691310853986,123389,661,1,"1"
1062.0406125623924,123371,679,1,"1"
1074.7624896226882,123366,684,5,"2-2-1"
1086.3707666773523,123362,688,2,"1-1"
1088.4832137692647,123361,689,1,"1"
1089.8124928013449,123356,694,1,"1"
1091.683868599303,123353,697,1,"1"
1103.9811394652888,123335,715,1,"1"
1104.2910471788055,123325,725,1,"1"
1127.2498747293353,123320,730,1,"1"
1141.0500230101613,123313,737,1,"1"
1161.6956404293348,123295,755,1,"1"
1191.4775460854044,123277,773,1,"1"
1223.7172091411792,123276,774,1,"1"
1239.7331860807744,123258,792,2,"2"
1249.1926715541481,123240,810,1,"1"
1264.6524234672859,123237,813,1,"1"
1269.4393582889275,123219,831,1,"1"
1272.9240482945579,123207,843,1,"1"
1282.709167077393,123189,861,1,"1"
1317.0521890153864,123171,879,1,"1"
1323.8206093191529,123166,884,1,"1"
1325.831304414748,123160,890,2,"1-1"
1328.2611970746043,123124,926,2,"2"
1336.2093865627337,123117,933,1,"1"
1345.9616584065163,123116,934,1,"1"
1349.4288991509584,123098,952,1,"1"
1350.7316867052393,123097,953,1,"1"
1358.6085997367084,123092,958,1,"1"
1360.8986314114543,123089,961,1,"1"
1365.9355621373227,123088,962,1,"1"
1411.6319690888893,123087,963,1,"1"
1420.1518116409627,123069,981,1,"1"
1420.4052849751554,123064,986,1,"1"
1446.1328765050691,123046,1004,1,"1"
1448.2248382940388,123030,1020,1,"1"
1454.9757252972061,123029,1021,1,"1"
1457.6295576375028,123026,1024,1,"1"
1481.1209463996499,123016,1034,1,"1"
1481.8979444028537,122998,1052,1,"1"
1483.6339386980198,122985,1065,3,"2-1"
1484.4471128127057,122973,1077,1,"1"
1500.9792393823911,122959,1091,1,"1"
1509.5233729044869,122949,1101,1,"1"
1512.6633471045704,122931,1119,1,"1"
1519.3428436609829,122928,1122,1,"1"
1523.9960464641738,122923,1127,1,"1"
1540.2552147423924,122023,2027,50,"49-1"
1544.2640932841991,122018,2032,1,"1"
1547.5582751013771,122015,2035,1,"1"
1554.6600192201345,121997,2053,1,"1"
1558.0799768352906,121994,2056,1,"1"
1559.8979220944623,121993,2057,1,"1"
1563.9078088842621,121975,2075,1,"1"
1604.0547489130138,121970,2080,1,"1"
1607.3224374415945,121952,2098,1,"1"
1613.8062365824437,121941,2109,3,"1-1-1"
1614.0904656238517,121923,2127,1,"1"
1619.8162537880617,121920,2130,1,"1"
1650.7672940062337,121917,2133,1,"1"
1653.743659011235,121899,2151,1,"1"
1663.7987972425567,121888,2162,3,"2-1"
1674.9436158067169,121870,2180,1,"1"
1678.8616965503468,121852,2198,1,"1"
1688.9636602587834,121847,2203,1,"1"
1689.3005764942764,121829,2221,1,"1"
1696.6694613282193,121811,2239,1,"1"
1702.2744280932286,121808,2242,1,"1"
1709.2891364525301,121790,2260,1,"1"
1716.9087571051944,121787,2263,1,"1"
1719.5648768068984,121784,2266,1,"1"
1725.9956915016514,121760,2290,2,"2"
1733.4739195193729,121750,2300,1,"1"
1743.5143208998768,121732,2318,1,"1"
1753.7947313497186,121726,2324,2,"2"
1761.6925928388191,121708,2342,1,"1"
1765.9946180342267,121690,2360,1,"1"
1782.9631677205616,121681,2369,1,"1"
1792.0034882055318,121663,2387,1,"1"
1801.0645141367354,121658,2392,1,"1"
1817.6124580083338,121653,2397,1,"1"
1828.5167633109936,121646,2404,1,"1"
1837.6772303701989,121628,2422,1,"1"
1846.1729441902608,121610,2440,1,"1"
1848.6457144593558,121601,2449,3,"3"
1865.2807284182645,121583,2467,1,"1"
1867.0337102941151,121547,2503,2,"2"
1871.4058691430741,121544,2506,1,"1"
1879.277363592347,121526,2524,1,"1"
1887.3538301446554,121521,2529,1,"1"
1925.3545408968253,121506,2544,1,"1"
1931.8494424645808,121488,2562,1,"1"
1932.9546147343799,121470,2580,1,"1"
1934.9955163783868,121465,2585,1,"1"
1940.6491739470837,121455,2595,1,"1"
1945.178345855724,121437,2613,1,"1"
1962.7623565780473,121419,2631,1,"1"
1970.1112611120611,121412,2638,1,"1"
1970.8670455553743,121407,2643,1,"1"
1983.8987510929639,121397,2653,2,"1-1"
1994.9376252956267,121361,2689,2,"1-1"
2005.0523788702494,121343,2707,1,"1"
2007.098850342315,121338,2712,1,"1"
2017.7631176428119,121320,2730,1,"1"
2049.5079470686605,121302,2748,1,"1"
2061.5497478538832,121266,2784,2,"2"
2062.8573448359043,121248,2802,1,"1"
2069.3014781411548,121228,2822,2,"2"
2073.3012136491825,121225,2825,1,"1"
2080.39487634019,121218,2832,1,"1"
2084.6739741782835,121200,2850,1,"1"
2097.229665988114,121184,2866,1,"1"
2099.301046073389,121172,2878,4,"3-1"
2113.2140027402902,121136,2914,2,"2"
2132.0666387295296,121126,2924,1,"1"
2142.9717207396598,121108,2942,1,"1"
2166.1412652172362,121098,2952,1,"1"
2174.0991625033062,121080,2970,1,"1"
2184.6253935640166,121065,2985,3,"2-1"
2189.9345375248581,121062,2988,1,"1"
2190.1559666856188,121057,2993,1,"1"
2193.9423208346529,121010,3040,4,"2-1-1"
2194.0873935672844,121004,3046,2,"2"
2200.1846341643718,120999,3051,1,"1"
2222.2791394338756,120981,3069,1,"1"
2235.4244339648308,120963,3087,1,"1"
2250.3869511810012,120960,3090,1,"1"
2262.1592629950319,120934,3116,2,"1-1"
2262.497074396711,120922,3128,1,"1"
2272.5271351283222,120913,3137,3,"2-1"
2281.6866230480491,120907,3143,2,"2"
2284.1643212682725,120871,3179,2,"2"
2294.4184325621541,120806,3244,7,"5-1-1"
2312.4123443133612,120788,3262,1,"1"
2324.0039309723979,120785,3265,1,"1"
2326.1532435899553,120767,3283,1,"1"
2327.5260225706297,120760,3290,1,"1"
2329.8192159824221,120730,3320,3,"1-1-1"
2340.9828419801379,120727,3323,1,"1"
2342.3829110409433,120715,3335,2,"1-1"
2347.3903489475488,120697,3353,1,"1"
2365.6954940261844,120675,3375,2,"1-1"
2365.8642362833361,120665,3385,1,"1"
2368.7026098706897,120657,3393,2,"1-1"
2372.2573658401498,120647,3403,1,"1"
2380.2503802639076,120629,3421,1,"1"
2390.5388913031356,120618,3432,1,"1"
2392.068874511494,120598,3452,4,"3-1"
2406.9220093536806,120580,3470,1,"1"
2408.2611613240538,120562,3488,1,"1"
2411.7525408714973,120526,3524,2,"1-1"
2416.5509457087178,120512,3538,2,"1-1"
2424.214626171125,120494,3556,1,"1"
2432.6675400630975,120476,3574,1,"1"
2436.824711552676,120471,3579,1,"1"
2437.6813780549292,120453,3597,1,"1"
2442.0529125854291,120435,3615,1,"1"
2445.2831637894906,120426,3624,1,"1"
2458.12431167574,120408,3642,1,"1"
2466.5037528095136,120401,3649,1,"1"
2466.7826000504701,120383,3667,1,"1"
2473.8321360738551,120363,3687,2,"2"
2481.6428315644444,120360,3690,1,"1"
2490.5758428991244,120342,3708,1,"1"
2495.8389164008754,120332,3718,1,"1"
2506.7869952139672,120327,3723,1,"1"
2508.4805622717008,120309,3741,1,"1"
2509.6154169579727,120297,3753,1,"1"
2510.8599438299316,120294,3756,1,"1"
2511.7613107706543,120283,3767,1,"1"
2517.9201559455378,120265,3785,1,"1"
2521.644944936339,120247,3803,1,"1"
2540.0899966341303,120229,3821,1,"1"
2548.0757854637222,120211,3839,1,"1"
2558.0382693661059,120206,3844,1,"1"
2570.4783615384558,120197,3853,1,"1"
2579.2075454754172,120192,3858,1,"1"
2581.5363759264014,120174,3876,1,"1"
2584.3873712309396,120156,3894,1,"1"
2590.4637264677363,120120,3930,2,"2"
2604.4270204868449,120102,3948,1,"1"
2605.7240516264596,120083,3967,3,"2-1"
2607.7140314374424,120065,3985,1,"1"
2607.9289361530446,120047,4003,1,"1"
2609.4638936308193,120029,4021,1,"1"
2618.2358528187929,120017,4033,1,"1"
2622.8052284917976,120014,4036,1,"1"
2630.8451646030858,119996,4054,1,"1"
2634.172824262439,119989,4061,1,"1"
2643.8164346845101,119984,4066,1,"1"
2652.1734229264953,119974,4076,1,"1"
2654.1988523125715,119958,4092,2,"1-1"
2656.6145841279877,119938,4112,4,"1-1-1-1"
2668.3344055040229,119920,4130,1,"1"
2676.3703095441588,119902,4148,1,"1"
2685.4559159202208,119884,4166,1,"1"
2704.7546301901002,119832,4218,4,"2-1-1"
2744.8105612499899,119814,4236,1,"1"
2745.6718659478283,119796,4254,1,"1"
2750.7711470426516,119789,4261,1,"1"
2771.3885985350494,119735,4315,3,"2-1"
2777.3487804012748,119725,4325,2,"2"
2778.1812152958464,119719,4331,2,"2"
2785.8480895520729,119716,4334,1,"1"
2795.1781592647558,119711,4339,1,"1"
2797.9766818892781,119693,4357,1,"1"
2805.4828465023038,119675,4375,1,"1"
2833.0944371133155,119670,4380,1,"1"
2837.6630192096131,119652,4398,1,"1"
2841.2650969872866,119634,4416,1,"1"
2849.8736408786194,119607,4443,3,"2-1"
2850.0365780412872,119589,4461,1,"1"
2868.5084566369937,119571,4479,1,"1"
2877.7916897454274,119557,4493,2,"2"
2877.8538569236193,119395,4655,9,"9"
2881.908548362298,119364,4686,2,"2"
2893.0150202531281,119346,4704,1,"1"
2895.298780656688,119328,4722,1,"1"
2895.382826100667,119310,4740,1,"1"
2902.088529570889,119274,4776,2,"2"
2903.7196116682503,119256,4794,1,"1"
2912.7592001060966,119235,4815,3,"3"
2913.562405498476,119210,4840,3,"1-1-1"
2946.7045085286918,119205,4845,1,"1"
2947.6067170614906,119198,4852,1,"1"
2953.7522810619171,119180,4870,1,"1"
2956.2869449545278,119162,4888,1,"1"
2956.3526215484685,119144,4906,1,"1"
2973.6138674078288,119132,4918,1,"1"
2981.1995389930739,119114,4936,1,"1"
2981.280052765645,119096,4954,1,"1"
3025.982530638732,119078,4972,1,"1"
3029.7095748840675,119060,4990,1,"1"
3031.7989543395943,118035,6015,60,"50-2-1-1-1-1-1-1-1-1"
3033.1843018035115,118032,6018,1,"1"
3037.8008518124266,118021,6029,1,"1"
3047.1721359876083,118014,6036,1,"1"
3048.0055912800085,117978,6072,2,"2"
3049.6623691539667,117950,6100,2,"2"
3049.9320966014407,117914,6136,3,"3"
3062.7358246591625,117890,6160,2,"2"
3064.720841825862,117872,6178,1,"1"
3072.523205843032,117836,6214,2,"1-1"
3075.6277202355818,117816,6234,2,"2"
3079.1084782778448,117806,6244,1,"1"
3079.8362803684686,117799,6251,1,"1"
3095.4142235511626,117781,6269,1,"1"
3107.5292627981012,117771,6279,1,"1"
3111.0087388269726,117753,6297,1,"1"
3115.4478843542988,117729,6321,2,"2"
3118.9750124256393,117673,6377,4,"2-1-1"
3121.9384159246697,117637,6413,2,"1-1"
3123.2956174166547,117627,6423,1,"1"
3129.8067531255874,117609,6441,1,"1"
3134.7623685389508,117573,6477,2,"2"
3145.976888584546,117555,6495,1,"1"
3148.7507276172673,117546,6504,1,"1"
3151.2438933538365,117532,6518,2,"2"
3168.4041954565059,117514,6536,1,"1"
3176.6410229011422,117502,6548,1,"1"
3181.9901467466311,117484,6566,1,"1"
3190.1956689742233,117464,6586,2,"1-1"
3195.3346499217701,117454,6596,2,"2"
3202.3615713175418,117436,6614,1,"1"
3216.6774874991565,117418,6632,1,"1"
3225.2834592896652,117408,6642,2,"2"
3231.4602928926033,117355,6695,8,"3-2-2-1"
3240.0706087780541,117337,6713,1,"1"
3244.2125401550056,117301,6749,2,"2"
3245.9942581111236,117289,6761,1,"1"
3247.660255575116,117271,6779,1,"1"
3249.6230229729499,117253,6797,1,"1"
3251.2878652594522,117235,6815,1,"1"
3251.8661656029331,117217,6833,1,"1"
3256.8199366701624,117199,6851,1,"1"
3261.6508646354146,117181,6869,1,"1"
3268.6652960664055,117163,6887,1,"1"
3269.9117362854331,117145,6905,1,"1"
3291.1944677559359,117111,6939,4,"3-1"
3293.6924070118816,117093,6957,1,"1"
3306.0666778666427,117075,6975,1,"1"
3315.9680761159311,117065,6985,1,"1"
3320.0882375226884,117047,7003,1,"1"
3333.258893760069,117030,7020,1,"1"
3339.5056220535071,117012,7038,1,"1"
3339.9384805590707,116994,7056,1,"1"
3343.9877809686141,116976,7074,1,"1"
3363.2687371113275,116948,7102,2,"1-1"
3383.1607349888859,116943,7107,1,"1"
3392.3600743991674,116926,7124,1,"1"
3404.1966843708919,116911,7139,1,"1"
3418.5190648489438,116880,7170,3,"3"
3420.5243444823882,116870,7180,1,"1"
3425.2386381880756,116867,7183,1,"1"
3429.7981738462381,116849,7201,1,"1"
3431.185094191304,116831,7219,1,"1"
3436.4505614459808,116813,7237,1,"1"
3437.6174346428079,116801,7249,1,"1"
3440.927420874877,116783,7267,1,"1"
3447.3857890959566,116774,7276,1,"1"
3452.5858574730782,116768,7282,2,"1-1"
3465.5658206015032,116750,7300,1,"1"
3467.6280160168981,116707,7343,3,"3"
3469.1503904005449,116679,7371,2,"2"
3484.7386155175323,116668,7382,1,"1"
3487.4663922423233,116650,7400,1,"1"
3488.0697247710141,116605,7445,5,"2-2-1"
3498.7605074418543,116587,7463,1,"1"
3517.2731444411161,116555,7495,2,"2"
3524.4732615284188,116537,7513,1,"1"
3535.2336604639872,116522,7528,1,"1"
3538.0677004451995,116513,7537,1,"1"
3538.2650955768167,116495,7555,1,"1"
3539.4754978355181,116441,7609,3,"1-1-1"
3540.0441514981503,116385,7665,4,"2-1-1"
3543.4025762367628,116349,7701,2,"2"
3544.0303963739234,116299,7751,4,"2-1-1"
3544.8106652917172,116231,7819,6,"2-2-2"
3551.513626059796,116213,7837,1,"1"
3553.1994115223938,116177,7873,2,"2"
3558.4493874521345,116159,7891,1,"1"
3565.6891767678958,116150,7900,1,"1"
3566.6988845469268,116130,7920,2,"1-1"
3570.0412153330808,116116,7934,2,"2"
3572.3682321689853,116098,7952,1,"1"
3580.6502904401214,116044,8006,3,"2-1"
3590.9572097974828,116026,8024,1,"1"
3604.0700086312117,115998,8052,2,"2"
3613.5772537272787,115980,8070,1,"1"
3613.9831596312624,115944,8106,2,"1-1"
3614.3716901697885,115932,8118,1,"1"
3614.8261601506047,115914,8136,1,"1"
3617.130755786472,115896,8154,1,"1"
3617.2568243501364,115883,8167,1,"1"
3619.7476276798598,115865,8185,1,"1"
3620.148554926328,115853,8197,1,"1"
3640.9390049202948,115835,8215,1,"1"
3641.0799521691565,115817,8233,1,"1"
3650.450628191646,115808,8242,1,"1"
3657.2783283268905,115790,8260,1,"1"
3657.4371550872393,115670,8380,8,"4-2-1-1"
3670.4246888787766,115652,8398,1,"1"
3673.6269976633203,115634,8416,1,"1"
3680.2902624871222,115627,8423,1,"1"
3683.3142324899268,115295,8755,33,"5-5-3-3-3-2-2-1-1-1-1-1-1-1-1-1-1"
3685.5128599786754,115277,8773,1,"1"
3686.2575583723537,115259,8791,1,"1"
3686.944304095708,115250,8800,1,"1"
3687.3878964640071,115241,8809,1,"1"
3689.8121162320554,114971,9079,16,"12-1-1-1-1"
3710.359523331485,114935,9115,2,"1-1"
3719.4857045929325,114917,9133,1,"1"
3724.5464185289716,114912,9138,1,"1"
3726.764672953178,114894,9156,1,"1"
3734.1869944509531,114858,9192,2,"2"
3741.7328374907634,114840,9210,1,"1"
3747.5174417240009,114822,9228,1,"1"
3754.9797871550149,114714,9336,6,"3-1-1-1"
3771.4776233234647,114696,9354,1,"1"
3774.3220085906883,114678,9372,1,"1"
3778.3565410860724,114668,9382,1,"1"
3780.1634195990532,114616,9434,4,"3-1"
3780.506296141049,114562,9488,3,"2-1"
3780.8678203192758,114544,9506,1,"1"
3791.7147153280994,114508,9542,2,"2"
3796.3694697515843,114437,9613,7,"3-3-1"
3801.6181088141548,114419,9631,1,"1"
3819.4450472680874,114408,9642,1,"1"
3820.2765608436507,114390,9660,1,"1"
3822.6151800766829,114380,9670,1,"1"
3850.2120341842606,114362,9688,1,"1"
3855.281495134117,114344,9706,1,"1"
3859.6947926633106,114308,9742,2,"2"
3868.3047373954505,114294,9756,1,"1"
3879.8725133478351,114283,9767,1,"1"
3883.6961109164367,114265,9785,1,"1"
3883.8023798422541,114247,9803,2,"2"
3885.2084396649716,113959,10091,16,"3-2-2-2-2-1-1-1-1-1"
3893.669051554366,113941,10109,1,"1"
3902.1740674772582,113923,10127,1,"1"
3904.2632945149003,113905,10145,1,"1"
3928.6637582650287,113887,10163,1,"1"
3931.1499510107969,113851,10199,2,"2"
3931.5262679745429,113833,10217,1,"1"
3932.8784432400694,113815,10235,1,"1"
3934.6239050825811,113806,10244,1,"1"
3939.9697457115485,113579,10471,21,"8-3-3-2-1-1-1-1-1"
3941.9785926901045,113561,10489,1,"1"
3943.7514186607991,113556,10494,1,"1"
3944.8508338583642,113538,10512,1,"1"
3952.0656949238023,113529,10521,1,"1"
3954.1747100285525,113475,10575,3,"2-1"
3969.7079512627206,113457,10593,1,"1"
3975.5427384281497,113441,10609,1,"1"
3975.6369663176247,113387,10663,3,"2-1"
3978.6676660479088,113249,10801,9,"3-2-1-1-1-1"
3980.5760356397459,113231,10819,1,"1"
3981.419648360567,113213,10837,1,"1"
3982.313044788928,113195,10855,1,"1"
3982.6342886826515,113179,10871,1,"1"
3985.4291275800824,113161,10889,1,"1"
3986.4049801041083,113020,11030,13,"2-2-2-2-2-1-1-1"
3995.9147373031378,113011,11039,1,"1"
4000.5813511271426,112993,11057,1,"1"
4005.8459072325077,112961,11089,2,"2"
4009.5963617075095,112943,11107,1,"1"
4011.1083066667029,112917,11133,2,"2"
4018.390814839951,112754,11296,16,"3-3-2-2-2-1-1-1-1"
4036.5626470421234,112700,11350,3,"2-1"
4045.6614829894725,112637,11413,7,"5-2"
4047.2886916964048,112611,11439,2,"2"
4052.246483640627,112604,11446,1,"1"
4056.9966125819806,112586,11464,1,"1"
4069.0740472209081,112575,11475,1,"1"
4104.481257962886,112557,11493,1,"1"
4105.683678520445,112503,11547,3,"2-1"
4106.1144122194664,112364,11686,11,"4-3-2-1-1"
4116.6985569034832,111219,12831,85,"7-6-6-5-4-4-4-4-4-3-3-3-2-2-2-2-2-2-2-2-1-1-1-1-1-1-1-1-1-1-1-1-1-1-1-1"
4123.5552615352763,111183,12867,2,"2"
4124.8626762120566,111165,12885,1,"1"
4130.9964906772393,111093,12957,4,"4"
4132.8091838692953,111075,12975,1,"1"
4136.0998792744676,111057,12993,1,"1"
4146.1737734253011,111021,13029,2,"2"
4153.7128281933428,110967,13083,3,"3"
4165.616848675917,110939,13111,2,"2"
4168.0864185400987,110897,13153,3,"3"
4169.224273854059,110879,13171,1,"1"
4175.53723803719,110867,13183,1,"1"
4180.0003210105806,110855,13195,1,"1"
4181.5301090390503,110843,13207,1,"1"
4181.776931633407,110825,13225,1,"1"
4183.510338824658,110807,13243,1,"1"
4184.2133868884894,110789,13261,1,"1"
4188.9559476668883,110771,13279,1,"1"
4200.4838547208674,110753,13297,1,"1"
4202.7994656370365,0,124050,6222,"6222"
----------------------------------------------6
0,124050,0,0,"0"
180.45979782270101,124032,18,1,"1"
213.22054859656902,124014,36,1,"1"
226.4085140253712,124013,37,1,"1"
241.23256110536028,124012,38,1,"1"
289.24301321116911,124011,39,1,"1"
294.98129260187227,124010,40,1,"1"
296.6381639928876,124009,41,1,"1"
351.48533469671145,123991,59,1,"1"
369.40923381678834,123985,65,2,"2"
386.79737350827753,123980,70,1,"1"
404.36058656090688,123962,88,1,"1"
425.82519341068428,123954,96,4,"3-1"
472.08485370830653,123951,99,1,"1"
482.29962098581916,123950,100,1,"1"
483.19204616945029,123949,101,1,"1"
500.86452029971338,123939,111,1,"1"
502.07344263079983,123934,116,1,"1"
510.10521865372061,123933,117,1,"1"
515.56190404379788,123915,135,1,"1"
518.82382227614153,123912,138,1,"1"
531.47898722706043,123911,139,1,"1"
531.50545360978651,123910,140,1,"1"
542.44463244093458,123898,152,1,"1"
547.52685194827927,123808,242,5,"4-1"
586.50250374913094,123803,247,1,"1"
600.40375456808579,123779,271,2,"1-1"
607.41639728794041,123778,272,1,"1"
616.01407295733327,123777,273,1,"1"
630.02130769770099,123776,274,1,"1"
634.61088095923765,123761,289,1,"1"
651.74886938578527,123760,290,1,"1"
652.38481927899886,123755,295,1,"1"
658.89821765669137,123737,313,1,"1"
715.41085035044898,123721,329,1,"1"
721.94475959192198,123718,332,1,"1"
795.43964371443087,123706,344,1,"1"
810.07347650485178,123688,362,1,"1"
821.24611238028535,123687,363,1,"1"
828.66797444628219,123669,381,1,"1"
839.05136342932565,123668,382,1,"1"
842.30421730445414,123667,383,1,"1"
845.77191430516802,123665,385,2,"2"
867.85832318950145,123664,386,1,"1"
870.66564975213521,123663,387,1,"1"
879.07726649560311,123660,390,1,"1"
881.19581835458405,123659,391,1,"1"
882.01055939175171,123641,409,1,"1"
894.4450576452748,123638,412,3,"3"
895.80142341724604,123637,413,1,"1"
903.29963623004517,123636,414,1,"1"
913.99669878349721,123635,415,1,"1"
919.46746832636893,123634,416,1,"1"
939.2258232158124,123606,444,2,"2"
950.77113001410055,123588,462,1,"1"
962.00138710948693,123586,464,2,"2"
963.83347937896701,123568,482,1,"1"
966.5368944467815,123567,483,1,"1"
982.35115554158426,123563,487,2,"1-1"
996.58212114576793,123545,505,1,"1"
998.9628779091147,123542,508,1,"1"
1011.8794969254525,123524,526,1,"1"
1018.6519344283297,123519,531,1,"1"
1019.7585829565861,123509,541,1,"1"
1026.8930069188625,123508,542,1,"1"
1033.1569018957657,123501,549,3,"3"
1040.5688473064142,123321,729,10,"8-2"
1043.4088578270455,123320,730,1,"1"
1045.1296136505389,123317,733,1,"1"
1058.0299321228549,123299,751,1,"1"
1067.0887323550444,123296,754,1,"1"
1069.574058020409,123278,772,1,"1"
1080.2414226225421,123275,775,1,"1"
1103.3567644330944,123267,783,2,"1-1"
1105.8710127273193,123249,801,1,"1"
1124.2572604207353,123231,819,1,"1"
1133.0578053895363,123213,837,1,"1"
1133.5511150685454,123210,840,1,"1"
1147.7119302446972,123174,876,2,"2"
1156.5594937756493,123160,890,1,"1"
1157.07627237322,123150,900,1,"1"
1157.4980955695053,123132,918,1,"1"
1162.7524558619261,123116,934,1,"1"
1164.7861583568799,123115,935,1,"1"
1170.8199725587676,123101,949,1,"1"
1173.7119143742427,123094,956,3,"2-1"
1181.9502480597407,123084,966,1,"1"
1202.6330086852458,123060,990,2,"2"
1211.0077751680694,123042,1008,1,"1"
1224.6009455859983,123026,1024,1,"1"
1237.2204932247078,123008,1042,1,"1"
1257.0876490969702,122990,1060,1,"1"
1268.8830036333634,122972,1078,1,"1"
1280.1416173705345,122954,1096,1,"1"
1300.7429340929282,122941,1109,1,"1"
1301.9973726575206,122923,1127,1,"1"
1319.1152040852332,122920,1130,1,"1"
1326.9543509820444,122917,1133,1,"1"
1331.0028190845701,122907,1143,1,"1"
1334.0452355533168,122887,1163,4,"2-1-1"
1343.7959401910296,122886,1164,1,"1"
1353.2663077251775,122880,1170,2,"2"
1355.149398523421,122868,1182,1,"1"
1370.3764483269015,122850,1200,1,"1"
1373.3330463517166,122849,1201,1,"1"
1374.7085493790701,122831,1219,1,"1"
1389.4644641867287,122828,1222,1,"1"
1413.1335371898456,122827,1223,1,"1"
1417.9971147592114,122809,1241,1,"1"
1418.4454674328338,122791,1259,1,"1"
1436.6468246783299,122788,1262,1,"1"
1458.5267494857692,122766,1284,2,"1-1"
1460.4899468271065,122761,1289,1,"1"
1472.44467313319,122743,1307,1,"1"
1473.7851636798698,122740,1310,1,"1"
1475.9057310619667,122722,1328,1,"1"
1483.8222822888411,122704,1346,1,"1"
1486.66883424152,122695,1355,3,"3"
1488.4961404991232,122694,1356,1,"1"
1492.0782823042894,122693,1357,1,"1"
1501.1404488165861,122692,1358,1,"1"
1501.5143918336053,122678,1372,1,"1"
1524.0482987304226,122668,1382,1,"1"
1528.2596478048733,122650,1400,1,"1"
1530.0768407620558,122646,1404,2,"1-1"
1548.3817413102745,122643,1407,1,"1"
1556.3417951868012,122636,1414,1,"1"
1558.8667481354748,122633,1417,1,"1"
1564.2437248382057,122615,1435,1,"1"
1574.8196552281543,122597,1453,1,"1"
1577.7104750103331,122584,1466,1,"1"
1577.7132343603118,122556,1494,2,"2"
1596.0919623595569,122538,1512,1,"1"
1599.3509343191886,122520,1530,1,"1"
1602.2710692023886,122517,1533,1,"1"
1636.0236176424783,122514,1536,1,"1"
1643.6772302511804,122496,1554,1,"1"
1660.5588960054174,122478,1572,1,"1"
1668.6615448201517,122460,1590,1,"1"
1684.8825242131334,122442,1608,1,"1"
1700.1723540587529,122437,1613,1,"1"
1723.710919935198,122434,1616,1,"1"
1727.7669485950285,122420,1630,2,"2"
1741.706220274406,122402,1648,1,"1"
1744.261258090324,122399,1651,1,"1"
1763.5208276096268,122387,1663,1,"1"
1768.7975189721983,122369,1681,1,"1"
1771.5729314950631,122360,1690,1,"1"
1794.9510896734491,122342,1708,1,"1"
1798.2194697274183,122324,1726,1,"1"
1847.1376627548093,122314,1736,1,"1"
1857.0082480501919,122304,1746,1,"1"
1858.5019519307527,122286,1764,1,"1"
1862.4113118722796,122268,1782,1,"1"
1864.1255638924788,122256,1794,1,"1"
1891.2294631629081,122238,1812,1,"1"
1915.2236551094618,122220,1830,1,"1"
1915.991308821383,122219,1831,1,"1"
1927.5320814084769,122213,1837,2,"2"
1928.6352725840022,122195,1855,1,"1"
1931.4292498573968,122190,1860,1,"1"
1932.30407550583,122172,1878,1,"1"
1934.7804256328407,122160,1890,1,"1"
1943.5895223919022,122155,1895,1,"1"
1980.6449534433905,122137,1913,1,"1"
1989.6181123818776,122119,1931,1,"1"
1997.3329253230627,122101,1949,1,"1"
1998.5008126700463,122091,1959,1,"1"
2015.7328827484341,122073,1977,1,"1"
2019.7045673489342,122068,1982,1,"1"
2021.5562477511278,122050,2000,1,"1"
2027.846377943343,122032,2018,1,"1"
2029.9210845012644,122014,2036,1,"1"
2037.1602669717249,122004,2046,1,"1"
2041.5634882586214,121992,2058,1,"1"
2045.7888892793496,121978,2072,1,"1"
2048.4000002845455,121960,2090,1,"1"
2061.6719179667971,121950,2100,1,"1"
2064.7367543732939,121932,2118,1,"1"
2079.5334909106382,121927,2123,1,"1"
2095.2866896408918,121909,2141,1,"1"
2103.2294729808368,121906,2144,1,"1"
2104.6908563895113,121895,2155,1,"1"
2105.2338894378704,121877,2173,1,"1"
2108.422259578369,121859,2191,1,"1"
2114.034867850688,121856,2194,1,"1"
2127.4454723038743,121838,2212,1,"1"
2127.6776054483903,121823,2227,1,"1"
2140.3149648637909,121805,2245,1,"1"
2149.6944749679346,121795,2255,1,"1"
2160.1985763690955,121792,2258,1,"1"
2174.0908172925215,121787,2263,1,"1"
2177.7880819852544,121769,2281,1,"1"
2182.7640422316008,121751,2299,1,"1"
2186.090069848372,121740,2310,1,"1"
2186.875189103519,121722,2328,1,"1"
2192.7765367080751,121707,2343,1,"1"
2194.5038260244901,121682,2368,2,"2"
2195.1132871186946,121677,2373,1,"1"
2207.8473773965811,121659,2391,1,"1"
2212.1934585888644,121648,2402,1,"1"
2213.9245227123979,121630,2420,1,"1"
2220.0147278573254,121612,2438,1,"1"
2227.4265496506614,121594,2456,1,"1"
2232.9893794981972,121570,2480,2,"1-1"
2241.7250673467688,121552,2498,1,"1"
2249.9944763102544,121547,2503,1,"1"
2255.7052677832075,121529,2521,1,"1"
2263.6882807859824,121518,2532,1,"1"
2264.4446076465633,121500,2550,1,"1"
2272.6505625460104,120888,3162,34,"33-1"
2290.8184799602263,120858,3192,2,"2"
2298.8395098840188,120840,3210,1,"1"
2312.5804067516797,120804,3246,3,"2-1"
2324.1984683987266,120801,3249,1,"1"
2325.7453517727135,120796,3254,1,"1"
2328.7672273769685,120778,3272,1,"1"
2329.134131263881,120760,3290,1,"1"
2341.4455941617352,120742,3308,1,"1"
2356.4132811936006,120724,3326,1,"1"
2359.3043641013364,120706,3344,1,"1"
2367.3779759033828,120701,3349,1,"1"
2370.935148882334,120698,3352,1,"1"
2371.2613896144107,120685,3365,1,"1"
2374.9386990325711,120667,3383,1,"1"
2376.2208566967784,120643,3407,2,"2"
2378.4558964931757,120625,3425,1,"1"
2379.0372944240294,120620,3430,1,"1"
2379.7036665709047,120615,3435,1,"1"
2381.907601117478,120575,3475,6,"2-2-2"
2387.2724041628835,120557,3493,1,"1"
2407.6975195322007,120539,3511,1,"1"
2426.6475635449005,120523,3527,1,"1"
2434.5470682487962,120451,3599,4,"2-1-1"
2444.9981597668789,120448,3602,1,"1"
2448.2864399901569,120443,3607,1,"1"
2475.2826796879003,120425,3625,1,"1"
2483.6835326810715,120407,3643,1,"1"
2487.0250703536208,120397,3653,1,"1"
2487.8134279732403,120379,3671,1,"1"
2495.7027288759405,120361,3689,1,"1"
2498.4179788632528,120343,3707,1,"1"
2501.4839854507468,120325,3725,1,"1"
2502.3808782066044,120311,3739,2,"2"
2512.9937271144081,120275,3775,2,"1-1"
2532.9073519040803,120272,3778,1,"1"
2547.0431703878712,120262,3788,2,"2"
2548.0057267059174,120252,3798,1,"1"
2573.2680332597379,120249,3801,1,"1"
2577.0222274477874,120231,3819,1,"1"
2594.1086338801706,120228,3822,1,"1"
2601.4220726976337,120210,3840,1,"1"
2609.8402144000884,120192,3858,1,"1"
2617.0926888363992,120084,3966,6,"3-3"
2635.4999493426471,120066,3984,1,"1"
2643.9312719449026,120036,4014,2,"1-1"
2649.0498961663388,120018,4032,1,"1"
2654.907803112184,120000,4050,1,"1"
2656.2354712829301,119982,4068,1,"1"
2658.7894072228114,119976,4074,2,"2"
2698.3465711643858,119971,4079,1,"1"
2706.1399770087737,119953,4097,1,"1"
2711.7233705007193,119943,4107,1,"1"
2718.5286771552137,119925,4125,1,"1"
2727.6845447684955,119907,4143,1,"1"
2730.9233012311292,119889,4161,1,"1"
2734.4086357637684,119871,4179,1,"1"
2749.159786976099,119775,4275,13,"5-2-2-1-1-1-1"
2758.981866730056,119757,4293,4,"3-1"
2765.2340821475486,119745,4305,2,"1-1"
2779.2682228699136,119727,4323,1,"1"
2779.5186810214955,119709,4341,1,"1"
2798.2298744417749,119700,4350,1,"1"
2802.1002051433393,119694,4356,2,"1-1"
2806.2456209929433,119676,4374,1,"1"
2807.3733009705188,119640,4410,2,"1-1"
2810.437802150323,119633,4417,1,"1"
2811.869910789886,119597,4453,2,"2"
2833.060341846141,119592,4458,1,"1"
2835.9751880931699,119574,4476,1,"1"
2843.7720050509251,119556,4494,1,"1"
2881.0216631148978,119551,4499,1,"1"
2884.2512135273687,119538,4512,3,"2-1"
2890.6785962859171,119502,4548,2,"1-1"
2898.5696433521302,119488,4562,2,"2"
2899.7867161215722,119446,4604,3,"2-1"
2908.6956384571017,119428,4622,1,"1"
2911.9957842044323,119418,4632,1,"1"
2928.0034749055517,119394,4656,2,"2"
2933.1133665342518,119340,4710,3,"3"
2933.9859562698703,119322,4728,1,"1"
2938.9025344978622,119304,4746,1,"1"
2943.3935488261359,119295,4755,1,"1"
2996.1144339924863,119227,4823,5,"4-1"
3002.4102107899016,119218,4832,1,"1"
3002.4340285139879,119200,4850,1,"1"
3005.0130357292096,119174,4876,2,"1-1"
3023.384935115871,119138,4912,2,"1-1"
3031.356073181114,119120,4930,1,"1"
3031.906877593924,119090,4960,3,"3"
3034.5659117750629,119072,4978,1,"1"
3048.8235038887251,119062,4988,1,"1"
3054.2210982330371,119044,5006,1,"1"
3057.7907769295184,119008,5042,2,"2"
3061.7942761878635,118990,5060,1,"1"
3068.5288820586497,118906,5144,6,"4-2"
3071.0879812034636,118836,5214,6,"3-2-1"
3075.1822102814049,118818,5232,1,"1"
3076.224305268458,118804,5246,2,"2"
3077.1024838927383,118786,5264,1,"1"
3079.3190614668897,118768,5282,1,"1"
3081.7553292948046,118750,5300,1,"1"
3098.8411055708038,118732,5318,1,"1"
3105.7218397500228,118714,5336,1,"1"
3120.3430244645024,118696,5354,1,"1"
3121.3999174699143,118678,5372,1,"1"
3124.3810638891646,118660,5390,1,"1"
3144.1522113669143,118632,5418,2,"1-1"
3162.2465340357257,118627,5423,1,"1"
3177.9865885759409,118617,5433,2,"2"
3178.2175945095028,118581,5469,2,"2"
3182.1380000863032,118563,5487,1,"1"
3206.6541386432841,118545,5505,1,"1"
3208.0665923913602,118523,5527,2,"1-1"
3221.7508400941419,118496,5554,5,"2-1-1-1"
3223.2136106652738,118476,5574,2,"1-1"
3237.2975016148148,118458,5592,1,"1"
3245.0500311593646,118418,5632,4,"2-1-1"
3246.3189751720429,118382,5668,2,"2"
3247.1879143182764,118364,5686,1,"1"
3257.4811874662323,118344,5706,2,"2"
3258.3783456223646,118339,5711,1,"1"
3270.0156573441941,118321,5729,1,"1"
3272.5981412538476,118312,5738,1,"1"
3283.1878145803425,118294,5756,1,"1"
3283.4980410919547,118276,5774,1,"1"
3291.8274791486106,118258,5792,1,"1"
3298.6583682645155,118240,5810,1,"1"
3316.1001135729493,118235,5815,1,"1"
3316.1690481960118,118217,5833,1,"1"
3328.9795813327551,118199,5851,1,"1"
3331.6246653423859,118181,5869,1,"1"
3333.5006987961142,118172,5878,1,"1"
3339.0129045113017,118167,5883,1,"1"
3364.8206464774444,118137,5913,4,"2-1-1"
3367.536936586027,118119,5931,1,"1"
3368.7116908540315,118114,5936,1,"1"
3382.3770261538853,118060,5990,3,"2-1"
3386.8322033884233,118042,6008,1,"1"
3394.105545750524,118024,6026,1,"1"
3401.1646765988066,118006,6044,1,"1"
3408.4065792131469,117988,6062,1,"1"
3413.4031854649174,117970,6080,1,"1"
3423.1293983337082,117934,6116,2,"2"
3423.4582732853878,117916,6134,1,"1"
3439.9757635814476,117899,6151,1,"1"
3456.8942481035665,117881,6169,1,"1"
3474.7722672649234,117863,6187,1,"1"
3475.0650569693757,117845,6205,1,"1"
3475.3045525685893,117679,6371,22,"4-4-3-3-2-2-2-2"
3480.8736616684596,117666,6384,1,"1"
3482.6734635788453,117648,6402,1,"1"
3485.9022367865114,117630,6420,1,"1"
3486.004852979187,117623,6427,1,"1"
3486.4584997291627,117605,6445,1,"1"
3491.4400431534164,117587,6463,1,"1"
3492.256003362801,117569,6481,1,"1"
3493.1235166340725,117551,6499,1,"1"
3503.1445919230287,117533,6517,1,"1"
3505.1915379687621,117515,6535,1,"1"
3508.3969323914203,117449,6601,4,"3-1"
3515.720808560714,117431,6619,1,"1"
3516.9943951607611,117421,6629,1,"1"
3517.8655309359388,117385,6665,2,"2"
3521.0023193482357,117373,6677,1,"1"
3545.5222753427211,117355,6695,1,"1"
3548.7083728305379,117337,6713,1,"1"
3552.9697253016852,117325,6725,1,"1"
3553.1813901075757,117299,6751,2,"1-1"
3569.3860705445795,117263,6787,2,"2"
3570.331327106127,117258,6792,1,"1"
3574.8634514585483,117198,6852,4,"3-1"
3582.3344403903197,117162,6888,2,"2"
3589.5661778507269,117144,6906,1,"1"
3594.0878432695376,117119,6931,2,"2"
3602.9283403234567,117101,6949,1,"1"
3603.2736536604425,117094,6956,1,"1"
3610.2263937955086,117076,6974,1,"1"
3611.2898810905963,117058,6992,1,"1"
3611.9473539753139,117040,7010,1,"1"
3614.4439112048353,117022,7028,1,"1"
3614.8016681889617,116997,7053,3,"3"
3623.880224209438,116979,7071,1,"1"
3630.5169789579959,116967,7083,1,"1"
3637.8232241665487,116949,7101,1,"1"
3648.8095569835955,116939,7111,2,"1-1"
3652.106303387638,116921,7129,1,"1"
3663.8592789716845,116903,7147,1,"1"
3671.9113550966017,116885,7165,1,"1"
3672.7086749119931,116833,7217,4,"3-1"
3676.8166268478694,116814,7236,3,"3"
3681.2746549240146,116796,7254,1,"1"
3682.2945847128535,116760,7290,2,"2"
3689.8015923392891,116742,7308,1,"1"
3697.7256997415925,116706,7344,2,"2"
3704.8704013073047,116688,7362,1,"1"
3707.7983663670298,116679,7371,1,"1"
3717.4770651053914,116661,7389,1,"1"
3746.6801069828466,116656,7394,1,"1"
3760.5272374020715,116596,7454,6,"3-1-1-1"
3772.3101645218539,116531,7519,7,"5-2"
3774.6343777981679,116521,7529,1,"1"
3782.9502591336645,116430,7620,13,"4-2-2-1-1-1-1-1"
3803.4101353206161,116423,7627,1,"1"
3815.0105137197893,116405,7645,1,"1"
3816.4292702541729,116387,7663,1,"1"
3819.1969588005131,116369,7681,1,"1"
3832.1769129169202,116351,7699,1,"1"
3840.1013147058884,116333,7717,2,"1-1"
3846.5259647939056,116315,7735,1,"1"
3859.126212745397,116297,7753,1,"1"
3866.8543653959314,116185,7865,7,"2-2-1-1-1"
3867.6077443450331,116167,7883,1,"1"
3870.9182241767221,116153,7897,2,"1-1"
3871.2882186461898,116096,7954,4,"3-1"
3887.0153238290181,116078,7972,1,"1"
3892.1668816477222,115982,8068,12,"3-2-2-1-1-1-1-1"
3895.768523375516,115958,8092,2,"1-1"
3899.0578875765182,115922,8128,2,"2"
3908.3002088323542,115850,8200,4,"3-1"
3915.5942149301836,115814,8236,2,"1-1"
3926.1103181688445,115796,8254,1,"1"
3933.4712939446053,115778,8272,1,"1"
3957.0799441221534,114826,9224,55,"44-3-1-1-1-1-1-1-1-1"
3962.4569602549855,114808,9242,1,"1"
3964.2424046398551,114798,9252,1,"1"
3964.9147386328127,114780,9270,1,"1"
3983.122857004415,114762,9288,1,"1"
3990.3458953171639,114726,9324,2,"2"
3990.7855827692902,114716,9334,1,"1"
3994.9436970220704,114653,9397,5,"1-1-1-1-1"
3997.2095335830695,114617,9433,2,"1-1"
3997.6116366318752,114599,9451,1,"1"
4004.0406840833411,114538,9512,6,"3-2-1"
4031.5411517801231,114520,9530,1,"1"
4037.528595813741,114482,9568,3,"2-1"
4040.0572420352714,114475,9575,1,"1"
4041.3653152091097,114465,9585,1,"1"
4043.2099281824203,114447,9603,1,"1"
4048.336747771617,114398,9652,3,"2-1"
4048.5065313456748,114380,9670,1,"1"
4049.4900316125431,114375,9675,1,"1"
4050.5620993175953,114357,9693,1,"1"
4056.5267813106443,114339,9711,1,"1"
4057.3621393723265,114303,9747,2,"2"
4059.8036571636785,114187,9863,7,"6-1"
4063.2960406988982,114169,9881,1,"1"
4080.1104662279372,114147,9903,2,"2"
4082.9944857873547,114130,9920,1,"1"
4083.4329429140294,114112,9938,1,"1"
4085.1340863996811,114094,9956,1,"1"
4085.9379358768451,113952,10098,13,"5-4-1-1-1-1"
4090.0638200723438,113934,10116,1,"1"
4097.2637612408762,113836,10214,7,"3-2-1-1"
4100.8056559195493,113818,10232,1,"1"
4105.2852154608709,113800,10250,1,"1"
4107.1733762209888,113764,10286,2,"2"
4107.8963288448422,113746,10304,1,"1"
4111.8368607088469,113712,10338,3,"1-1-1"
4115.4354498585772,113640,10410,4,"2-2"
4115.8906133085657,113622,10428,1,"1"
4116.6869552068229,113587,10463,3,"2-1"
4117.6691543286597,113533,10517,3,"2-1"
4119.4744620197462,113515,10535,1,"1"
4122.0113023542053,113501,10549,2,"2"
4126.9921407880829,113429,10621,7,"4-2-1"
4127.9826080467155,113411,10639,1,"1"
4133.0599076469252,113378,10672,2,"2"
4134.1838103942364,113360,10690,1,"1"
4139.2027370986434,113324,10726,2,"2"
4142.4500472735144,113311,10739,1,"1"
4143.5626228488118,113300,10750,1,"1"
4144.9283093642016,112744,11306,44,"6-4-4-3-3-3-3-2-2-2-2-2-2-1-1-1-1-1-1"
4153.5280800636028,0,124050,6365,"6365"
----------------------------------------------7
0,124050,0,0,"0"
181.03820186726688,124037,13,1,"1"
250.10546238954583,124036,14,1,"1"
261.92610752463338,124035,15,1,"1"
311.6826636620047,124034,16,1,"1"
334.77953865120969,124033,17,1,"1"
383.80716178727317,124032,18,1,"1"
421.70811988286044,124029,21,1,"1"
444.96847286412105,124019,31,1,"1"
446.5790243693686,124018,32,1,"1"
450.74278474115215,124017,33,1,"1"
456.29306386665371,124016,34,1,"1"
477.36748361579032,124015,35,1,"1"
481.57033411715992,123979,71,2,"2"
497.1603562272457,123961,89,1,"1"
499.35461954942889,123952,98,1,"1"
502.94366858995255,123951,99,1,"1"
517.40511694566305,123933,117,1,"1"
540.5598681113903,123930,120,1,"1"
543.91540985372376,123929,121,1,"1"
544.23172934309969,123911,139,1,"1"
558.66646194565726,123910,140,1,"1"
558.93915022997612,123907,143,1,"1"
560.32897559142998,123898,152,1,"1"
570.77111821101755,123893,157,1,"1"
573.80486072938936,123875,175,1,"1"
587.37610424132072,123874,176,1,"1"
596.53096459139385,123873,177,1,"1"
598.23568070800673,123870,180,1,"1"
622.7840712199262,123867,183,1,"1"
625.66510918722918,123866,184,1,"1"
629.72099207632323,123863,187,1,"1"
631.02056294002762,123845,205,1,"1"
648.26255401922458,123844,206,1,"1"
648.58768640087317,123841,209,1,"1"
664.87599907619608,123840,210,1,"1"
687.29078224700152,123835,215,1,"1"
695.31262978929817,123834,216,1,"1"
700.51692551289614,123816,234,1,"1"
715.32024913855923,123813,237,1,"1"
725.95253867735335,123800,250,1,"1"
752.93770703102973,123790,260,1,"1"
755.27564447730629,123736,314,3,"2-1"
762.91788367416871,123735,315,1,"1"
767.68845172987199,123734,316,1,"1"
787.59395967657895,123729,321,1,"1"
796.20731286382329,123717,333,1,"1"
801.2818726383457,123714,336,1,"1"
802.60627650872414,123696,354,1,"1"
806.02456894894658,123693,357,1,"1"
812.65381633961124,123675,375,1,"1"
817.35376482732295,123674,376,1,"1"
817.53155005995905,123669,381,1,"1"
828.36384991787872,123657,393,1,"1"
872.907085527258,123647,403,1,"1"
874.30725083807408,123646,404,1,"1"
892.22198691816538,123644,406,2,"2"
894.83593491614909,123626,424,1,"1"
896.00335537692149,123619,431,3,"3"
918.90569546538313,123618,432,1,"1"
920.72528729386192,123611,439,1,"1"
930.02750012615206,123610,440,1,"1"
934.14008502728791,123594,456,1,"1"
950.41988110716943,123593,457,1,"1"
955.75361824767276,123592,458,1,"1"
956.65251915100657,123574,476,1,"1"
965.14236811955641,123571,479,1,"1"
968.51240000383484,123561,489,1,"1"
990.29789648680082,123507,543,3,"3"
996.60440637142631,123489,561,1,"1"
1042.7301883316413,123483,567,2,"2"
1044.8598619597183,123479,571,4,"2-1-1"
1052.4850084046943,123476,574,1,"1"
1060.9120590489817,123475,575,1,"1"
1074.9700558711086,123474,576,1,"1"
1076.2726157683057,123473,577,1,"1"
1078.8914093764618,123455,595,1,"1"
1092.6177642246064,123454,596,1,"1"
1100.0122214484902,123453,597,1,"1"
1104.4535267049866,123451,599,2,"2"
1108.8998379247332,123450,600,1,"1"
1115.2098316168024,123435,615,1,"1"
1148.9894467548086,123434,616,1,"1"
1156.6752589243129,123433,617,1,"1"
1157.1625438261572,123419,631,1,"1"
1157.3471939349788,123416,634,1,"1"
1172.5045025633008,123407,643,1,"1"
1179.6627280882774,123389,661,1,"1"
1183.515630141778,123386,664,1,"1"
1188.8445491642015,123368,682,1,"1"
1220.8238620305901,123350,700,1,"1"
1229.9407070044886,123347,703,1,"1"
1231.1646578789291,123329,721,1,"1"
1231.869914843943,123311,739,1,"1"
1246.5548825384021,123293,757,1,"1"
1252.0982185516168,123275,775,1,"1"
1278.7753210777698,123259,791,1,"1"
1298.360257226677,123258,792,1,"1"
1301.9634503366431,123240,810,1,"1"
1302.2656511910145,123237,813,1,"1"
1322.4958454215302,123228,822,1,"1"
1323.8281869390808,123210,840,1,"1"
1340.6090968447995,123192,858,1,"1"
1351.6864473409469,123174,876,1,"1"
1356.0831544523467,123156,894,1,"1"
1365.3528453316851,123138,912,1,"1"
1378.3524304113412,123128,922,1,"1"
1386.5963179278644,123125,925,1,"1"
1390.552886603205,123107,943,1,"1"
1394.010018404972,123106,944,1,"1"
1397.2817674346527,123088,962,1,"1"
1424.2694968887583,123070,980,1,"1"
1424.5613615401044,123057,993,3,"2-1"
1428.6303101318995,122989,1061,6,"5-1"
1430.9669804461062,122971,1079,1,"1"
1440.5053771781697,122953,1097,1,"1"
1445.2712891567958,122939,1111,1,"1"
1469.8089240474471,122921,1129,1,"1"
1475.2340251964381,122905,1145,1,"1"
1484.9726824213876,122887,1163,1,"1"
1500.4987384986694,122881,1169,2,"1-1"
1502.8954917391675,122863,1187,1,"1"
1507.5780410503908,122843,1207,2,"2"
1517.3815922648503,122825,1225,1,"1"
1521.0365721202877,122820,1230,1,"1"
1522.8490003667166,122802,1248,1,"1"
1528.8255250552115,122797,1253,1,"1"
1540.8870160026643,122785,1265,1,"1"
1560.0283919999752,122783,1267,2,"2"
1582.9212843478335,122765,1285,1,"1"
1592.8024199367956,122756,1294,1,"1"
1611.3384762071787,122753,1297,1,"1"
1633.2756932514915,122743,1307,1,"1"
1636.5576184262575,122740,1310,1,"1"
1640.2120064521475,122735,1315,1,"1"
1643.2587018911552,122719,1331,1,"1"
1646.355667023171,122716,1334,1,"1"
1648.177706409163,122698,1352,1,"1"
1659.4424981073294,122689,1361,1,"1"
1674.9270198969991,122686,1364,1,"1"
1676.5204271231762,122668,1382,1,"1"
1677.8559580884053,122652,1398,1,"1"
1684.5396185197517,122634,1416,1,"1"
1696.5513660560016,122628,1422,2,"2"
1698.4249634300343,122627,1423,1,"1"
1700.7623018455897,122617,1433,2,"2"
1703.1811111685315,122599,1451,1,"1"
1714.6786931730599,122598,1452,1,"1"
1716.09007537056,122584,1466,1,"1"
1719.9340196958299,122566,1484,1,"1"
1724.5744573729098,122556,1494,1,"1"
1732.3540842865655,122538,1512,1,"1"
1741.1671418849312,122520,1530,1,"1"
1743.374653012904,122507,1543,1,"1"
1763.7518407201374,122489,1561,1,"1"
1792.873502912428,122471,1579,1,"1"
1796.7589185472752,122453,1597,1,"1"
1801.5627407205961,122446,1604,1,"1"
1807.9866775010876,122428,1622,1,"1"
1811.1175844733991,122418,1632,1,"1"
1831.2016690026132,122400,1650,1,"1"
1839.9981294079653,122394,1656,2,"1-1"
1862.6220671427136,122376,1674,1,"1"
1863.1563968560872,122358,1692,1,"1"
1864.5286322443631,122357,1693,1,"1"
1876.9578152420822,122321,1729,2,"1-1"
1879.1347036096458,122303,1747,1,"1"
1883.6684699358259,122300,1750,1,"1"
1887.0575307531267,122297,1753,1,"1"
1907.8136610574929,122279,1771,1,"1"
1930.27858641288,122261,1789,1,"1"
1956.888647652959,122243,1807,1,"1"
1959.1264312652615,122238,1812,1,"1"
1983.0021644899202,122220,1830,1,"1"
1991.2503086665206,122202,1848,1,"1"
2003.9403695367409,122197,1853,1,"1"
2013.8090862935546,122187,1863,1,"1"
2026.0996095806438,122176,1874,1,"1"
2052.0541906668464,122173,1877,1,"1"
2052.6552021562238,122167,1883,2,"2"
2090.4482159208437,122157,1893,1,"1"
2091.5514877397377,122145,1905,1,"1"
2103.3782481023795,122140,1910,1,"1"
2107.1714566004675,122137,1913,1,"1"
2110.0586788155438,122121,1929,1,"1"
2127.8348710982873,122110,1940,1,"1"
2132.0573629746191,122092,1958,1,"1"
2163.902310820542,122074,1976,1,"1"
2164.2318215257005,122063,1987,1,"1"
2167.8030489931698,122045,2005,1,"1"
2170.7174686680946,122042,2008,1,"1"
2187.9083209330688,122024,2026,1,"1"
2199.0409857602917,122006,2044,1,"1"
2203.6551634812158,121988,2062,1,"1"
2203.7876356795755,121970,2080,1,"1"
2206.2374529132271,121960,2090,2,"2"
2207.2752465289573,121942,2108,1,"1"
2212.6624753813785,121929,2121,1,"1"
2220.2669400239197,121803,2247,7,"3-2-2"
2232.3484189094929,121789,2261,2,"2"
2246.2417098286537,121771,2279,1,"1"
2261.9378943287038,121761,2289,2,"2"
2266.4966816260203,121743,2307,1,"1"
2272.5810385097097,121731,2319,1,"1"
2275.7993616624494,121713,2337,1,"1"
2277.58121656393,121695,2355,1,"1"
2277.75445791735,121692,2358,1,"1"
2278.2137699257783,121680,2370,1,"1"
2286.5210247788004,121666,2384,2,"2"
2288.6631912036778,121655,2395,1,"1"
2299.0145842426127,121652,2398,1,"1"
2302.9784337525143,121636,2414,1,"1"
2305.297263581157,121622,2428,1,"1"
2305.5727969654167,121609,2441,1,"1"
2322.0190285009085,121599,2451,2,"2"
2332.3864644333285,121581,2469,1,"1"
2334.9038085867724,121563,2487,1,"1"
2341.4525251264899,121551,2499,1,"1"
2354.223562967371,121537,2513,1,"1"
2354.7064443857566,121534,2516,1,"1"
2366.7190286328869,121516,2534,1,"1"
2371.0070188566697,121500,2550,1,"1"
2382.3700572699249,121482,2568,1,"1"
2401.1160130648641,121464,2586,1,"1"
2409.0860078555106,121459,2591,1,"1"
2409.5550812288252,121445,2605,1,"1"
2410.0471598544796,121427,2623,1,"1"
2461.1706058967038,121409,2641,1,"1"
2464.5233713640814,121394,2656,1,"1"
2474.9451539188794,121367,2683,7,"4-1-1-1"
2474.9980192540038,121349,2701,1,"1"
2480.3903961190331,121287,2763,4,"2-2"
2493.0978555198876,121269,2781,1,"1"
2494.7856184090674,121263,2787,2,"1-1"
2526.2202920525083,121245,2805,1,"1"
2536.8223478173636,121227,2823,1,"1"
2567.1181236264656,121209,2841,1,"1"
2571.1549576677994,121173,2877,2,"1-1"
2574.1356016981913,121155,2895,1,"1"
2574.7983995329937,121137,2913,1,"1"
2583.0873824442501,121119,2931,1,"1"
2598.676977236732,121101,2949,1,"1"
2600.6364403618645,121095,2955,2,"2"
2603.43422595109,121085,2965,1,"1"
2613.7312463941216,121075,2975,1,"1"
2617.674707677827,121057,2993,1,"1"
2618.4807989888118,121039,3011,1,"1"
2619.4508716591813,121021,3029,1,"1"
2619.7752923591675,121003,3047,1,"1"
2629.6659295297732,120993,3057,2,"1-1"
2630.207611994832,120981,3069,2,"1-1"
2639.5995414946574,120964,3086,1,"1"
2652.3909929881056,120918,3132,6,"4-2"
2656.9927678840718,120913,3137,1,"1"
2666.4432590126403,120910,3140,1,"1"
2669.5312748548154,120892,3158,1,"1"
2672.0895633745927,120856,3194,2,"1-1"
2674.0204254422306,120838,3212,1,"1"
2679.6478245536809,120820,3230,1,"1"
2710.3056914599779,120802,3248,1,"1"
2712.4175433014912,120784,3266,1,"1"
2721.4398714007048,120781,3269,1,"1"
2730.9006322270156,120763,3287,1,"1"
2733.4331064737521,120745,3305,1,"1"
2739.9612954063487,120742,3308,1,"1"
2754.5461375978052,120730,3320,2,"2"
2755.5999834576664,120717,3333,1,"1"
2766.2212815694743,120699,3351,1,"1"
2767.7015687223261,120673,3377,2,"1-1"
2776.4025991396011,120664,3386,1,"1"
2810.1442351025767,120654,3396,1,"1"
2815.1625140934088,120636,3414,1,"1"
2821.67000948744,120618,3432,1,"1"
2824.7946240231454,120608,3442,1,"1"
2827.495717174023,120590,3460,1,"1"
2832.9364483092022,120572,3478,1,"1"
2838.0523766731258,120560,3490,1,"1"
2845.2011403912288,120536,3514,2,"1-1"
2847.4645263407656,120519,3531,3,"2-1"
2861.5429973404398,120497,3553,2,"1-1"
2862.3720181512226,120474,3576,3,"3"
2864.8597698275462,120448,3602,4,"3-1"
2870.2388738975683,120430,3620,1,"1"
2874.1870971710414,120412,3638,1,"1"
2874.2278465998406,120394,3656,1,"1"
2886.5477336127137,120376,3674,1,"1"
2893.19512386932,120371,3679,1,"1"
2895.1548313663593,120335,3715,2,"2"
2897.4476808224526,120317,3733,1,"1"
2901.5265228646658,120299,3751,1,"1"
2903.5166816908882,120281,3769,1,"1"
2911.9299802670012,120274,3776,1,"1"
2914.722348060347,120267,3783,1,"1"
2931.3608568235277,120253,3797,1,"1"
2951.5045546734696,120223,3827,2,"2"
2956.3099333668397,120205,3845,1,"1"
2961.3636081319737,120169,3881,2,"2"
2969.7398240718667,120151,3899,1,"1"
2994.1825650451779,120133,3917,1,"1"
2995.3919842178725,120115,3935,1,"1"
2996.7450166696317,120057,3993,4,"4"
2999.2216521858486,120048,4002,1,"1"
3014.2846219625026,120030,4020,1,"1"
3040.9087705934339,119994,4056,2,"1-1"
3044.7719283892188,119984,4066,2,"2"
3049.6515776858096,119966,4084,1,"1"
3052.9199221449098,119963,4087,1,"1"
3058.5975097149408,119953,4097,2,"2"
3065.6555518565751,119919,4131,6,"4-1-1"
3067.6639949962037,119907,4143,1,"1"
3068.113003656988,119871,4179,2,"1-1"
3088.1396900084846,119866,4184,1,"1"
3088.6596755828587,119861,4189,1,"1"
3089.9833606347302,119843,4207,1,"1"
3099.2370749492143,119834,4216,1,"1"
3099.6831180713075,119816,4234,1,"1"
3118.9537610933148,119798,4252,1,"1"
3119.237952787862,119789,4261,1,"1"
3137.1927826181795,119771,4279,1,"1"
3138.3567690650007,119735,4315,2,"2"
3138.786275332388,119717,4333,1,"1"
3142.8215599690207,119635,4415,7,"4-2-1"
3151.9388034422363,119617,4433,1,"1"
3152.3763171921855,119599,4451,1,"1"
3165.9162997530457,119581,4469,1,"1"
3175.1110525394133,119509,4541,4,"3-1"
3184.6211447929259,119455,4595,3,"3"
3216.8584772613644,119435,4615,2,"2"
3221.7114306290691,119345,4705,5,"3-2"
3224.3947898448023,119309,4741,2,"1-1"
3229.2084569541403,119291,4759,1,"1"
3244.2191923997707,119277,4773,1,"1"
3247.7953416348632,119246,4804,5,"4-1"
3248.6037604482435,119228,4822,1,"1"
3260.6023141451647,119210,4840,1,"1"
3262.6368733703443,119192,4858,1,"1"
3264.4652622158483,119163,4887,3,"2-1"
3275.490004873478,119145,4905,1,"1"
3282.8904010490869,119127,4923,1,"1"
3294.013065012582,119037,5013,5,"4-1"
3302.8333088794666,119019,5031,1,"1"
3314.1821360254849,119014,5036,1,"1"
3322.5420829830682,119011,5039,1,"1"
3325.0592465178329,118957,5093,3,"3"
3326.9820216179837,118952,5098,1,"1"
3329.4531323739343,118934,5116,1,"1"
3333.6929658950762,118916,5134,1,"1"
3346.9311710691277,118898,5152,1,"1"
3348.1987559932236,118893,5157,1,"1"
3357.9397615422959,118843,5207,3,"2-1"
3362.7607460371123,118825,5225,1,"1"
3370.3276664956707,118815,5235,1,"1"
3373.4742140793378,118787,5263,4,"2-2"
3386.4514717766874,118769,5281,1,"1"
3386.9230224099897,118733,5317,2,"2"
3405.2536190780083,118721,5329,1,"1"
3405.3771698131272,118703,5347,1,"1"
3408.2241499401889,118685,5365,1,"1"
3414.1197496887994,118666,5384,3,"3"
3414.6548286396005,118648,5402,1,"1"
3418.4024645353079,118636,5414,1,"1"
3419.4189329404298,118618,5432,1,"1"
3420.9082278291362,118575,5475,5,"3-2"
3427.5513280369764,118572,5478,1,"1"
3430.5060871042515,118554,5496,1,"1"
3439.7900645861405,118536,5514,1,"1"
3441.6134424797729,118494,5556,3,"3"
3443.0548815780921,118485,5565,1,"1"
3445.46662985287,118475,5575,1,"1"
3448.7617589128777,118439,5611,2,"2"
3454.1225754347292,118402,5648,5,"2-2-1"
3460.2697290496276,118392,5658,2,"2"
3460.5550552951331,118374,5676,1,"1"
3463.3261568345147,118356,5694,1,"1"
3463.6227188421813,118338,5712,1,"1"
3468.6860594135546,118320,5730,1,"1"
3474.3182770133471,118120,5930,14,"9-2-1-1-1"
3483.8584984916338,118102,5948,1,"1"
3485.9410778778761,118076,5974,2,"2"
3487.6167365916513,118038,6012,3,"1-1-1"
3487.7627778458727,118020,6030,1,"1"
3487.8168610692114,117984,6066,2,"2"
3495.7086275756119,117966,6084,1,"1"
3497.0057072503805,117948,6102,1,"1"
3499.2497386492892,117938,6112,1,"1"
3515.8454444466056,117902,6148,3,"1-1-1"
3526.2937853091321,117844,6206,5,"3-1-1"
3527.9874317309545,117826,6224,1,"1"
3529.7505628098088,117819,6231,1,"1"
3534.7415033199109,117801,6249,1,"1"
3540.3461578993129,117681,6369,7,"2-2-2-1"
3543.860156763843,117649,6401,2,"2"
3545.2509454913056,117613,6437,2,"2"
3547.1769634606458,117523,6527,7,"3-1-1-1-1"
3547.2749621621506,117505,6545,1,"1"
3555.4822049487238,117500,6550,1,"1"
3560.2061393846493,117480,6570,4,"4"
3566.5840312463993,117431,6619,7,"2-1-1-1-1-1"
3568.6124970684291,117395,6655,2,"2"
3583.2043684692608,117390,6660,1,"1"
3585.6031919701968,117290,6760,12,"3-3-2-1-1-1-1"
3588.6758058378755,117272,6778,1,"1"
3589.4735204895051,117254,6796,1,"1"
3591.7635231845306,117236,6814,1,"1"
3596.3246245833479,117229,6821,1,"1"
3601.2437681187898,117145,6905,10,"3-2-2-1-1-1"
3622.1048809766044,117127,6923,1,"1"
3622.8963541988264,117118,6932,1,"1"
3626.2335786111598,117100,6950,1,"1"
3631.0849200341336,117091,6959,1,"1"
3634.5120131566778,117073,6977,1,"1"
3636.611484632971,117055,6995,1,"1"
3637.1628980248183,117037,7013,1,"1"
3655.7062893261909,117032,7018,1,"1"
3660.4677702400004,117014,7036,1,"1"
3663.0271265111123,116960,7090,3,"3"
3670.1726508519614,116942,7108,1,"1"
3682.8222462975182,116909,7141,3,"3"
3688.5176063962354,116801,7249,6,"4-2"
3689.1781653617218,116783,7267,1,"1"
3698.9224712256614,116765,7285,1,"1"
3708.1450644047331,116747,7303,1,"1"
3708.9547714431433,116734,7316,1,"1"
3710.8833118537486,116716,7334,1,"1"
3722.4380662636377,116685,7365,3,"3"
3723.8445384540773,116459,7591,13,"12-1"
3734.8272218832026,116423,7627,2,"2"
3737.8349984414303,116387,7663,2,"1-1"
3751.4891757685195,116369,7681,1,"1"
3753.4358155964096,116333,7717,2,"1-1"
3756.9428721597387,116285,7765,3,"2-1"
3769.1020599131161,116267,7783,1,"1"
3778.912272908578,116262,7788,1,"1"
3785.6478053879696,116244,7806,1,"1"
3787.4763007838633,116190,7860,3,"2-1"
3787.6806718868143,116168,7882,2,"1-1"
3803.4268742106974,116132,7918,2,"2"
3810.4551892559225,116127,7923,1,"1"
3812.8939718794531,116114,7936,1,"1"
3814.3740004410793,116096,7954,1,"1"
3816.944558188196,116086,7964,1,"1"
3824.4488118405748,116068,7982,1,"1"
3826.3346437445912,116050,8000,1,"1"
3835.5472527115135,115996,8054,6,"3-2-1"
3840.1956558199531,115978,8072,1,"1"
3840.5976697509523,115924,8126,3,"2-1"
3841.5943725452667,115906,8144,2,"2"
3845.0209153361498,115870,8180,2,"2"
3850.9419902030072,115855,8195,1,"1"
3856.6297398595921,115837,8213,2,"2"
3861.4268326000374,115811,8239,2,"1-1"
3881.7233680984282,115793,8257,1,"1"
3881.8735757823792,115775,8275,1,"1"
3885.4268910746728,115755,8295,2,"1-1"
3888.7866081528086,115684,8366,7,"3-2-1-1"
3889.4918303548084,113748,10302,132,"44-12-8-7-6-4-4-3-3-3-2-2-2-2-2-2-2-2-1-1-1-1-1-1-1-1-1-1-1-1-1-1-1-1-1-1-1-1-1-1"
3892.6866415702643,113730,10320,1,"1"
3897.2023863171016,113712,10338,1,"1"
3909.9986132248914,113698,10352,1,"1"
3911.2612866249547,113689,10361,1,"1"
3926.9453240234989,113655,10395,2,"2"
3933.7992847181008,113637,10413,1,"1"
3939.1378208390033,113624,10426,1,"1"
3947.3497212890975,113595,10455,3,"2-1"
3951.5883881655245,113531,10519,5,"3-1-1"
3955.1258663736717,113513,10537,1,"1"
3958.1757120012835,113495,10555,1,"1"
3961.2710758838498,113442,10608,4,"2-2"
3964.9893330555215,113147,10903,25,"4-4-3-2-2-2-2-1-1-1-1-1-1"
3967.2503957306562,113129,10921,1,"1"
3970.998618141909,113093,10957,2,"2"
3976.0561978641185,113075,10975,1,"1"
3976.7692717062359,113057,10993,1,"1"
3978.2288862937203,113039,11011,1,"1"
3981.6105785386853,113023,11027,1,"1"
3987.2001399805645,113005,11045,1,"1"
4004.2506654767017,112987,11063,1,"1"
4006.5830287059512,112951,11099,2,"2"
4007.7576587835674,112937,11113,2,"2"
4009.9858019853709,112919,11131,1,"1"
4024.5737009386603,112905,11145,1,"1"
4030.2602777745242,112855,11195,4,"2-1-1"
4031.3964794253229,112639,11411,12,"4-2-2-2-1-1"
4036.8758362090393,112621,11429,1,"1"
4045.8222955417491,112603,11447,1,"1"
4046.3344940769402,112567,11483,2,"1-1"
4055.4852721983307,112549,11501,1,"1"
4056.340318366993,112531,11519,1,"1"
4057.7252612669322,112513,11537,1,"1"
4060.5808873492388,112495,11555,1,"1"
4066.2484434236744,112477,11573,1,"1"
4066.3046811781223,112467,11583,1,"1"
4067.5867231332791,112280,11770,15,"4-2-2-2-1-1-1-1-1"
4073.9037088857217,112262,11788,1,"1"
4076.2036187224144,112252,11798,1,"1"
4076.6488788026477,112238,11812,2,"2"
4084.6438985120585,112220,11830,1,"1"
4090.200768962864,112202,11848,1,"1"
4093.4822796905287,112170,11880,2,"2"
4096.4631631512702,112158,11892,1,"1"
4105.1260330701425,112140,11910,1,"1"
4118.3667636342598,112122,11928,1,"1"
4119.4580833371911,112104,11946,1,"1"
4125.44025230033,112086,11964,1,"1"
4136.1945072120861,112068,11982,1,"1"
4138.5469430091007,112032,12018,2,"2"
4141.8666514172946,112014,12036,1,"1"
4145.9068001786727,111964,12086,4,"3-1"
4157.6991291015975,111946,12104,1,"1"
4160.4057116550439,111929,12121,1,"1"
4163.4316345030866,111901,12149,2,"1-1"
4174.2694767116636,111883,12167,1,"1"
4174.3272120127294,111811,12239,6,"2-2-1-1"
4174.6720381647547,111793,12257,1,"1"
4181.3113255510925,111777,12273,1,"1"
4194.8267336309264,111747,12303,3,"2-1"
4195.183239567963,111693,12357,3,"2-1"
4196.9294242536553,111675,12375,1,"1"
4200.9386418573276,0,124050,6282,"6282"
----------------------------------------------8
0,124050,0,0,"0"
110.83313285014736,124032,18,1,"1"
123.23823040783859,124031,19,1,"1"
225.04148749089666,124015,35,1,"1"
237.59948003382962,124005,45,1,"1"
239.71745411770311,124004,46,1,"1"
241.08779010909507,124003,47,1,"1"
257.5972964074158,124002,48,1,"1"
269.92382329253081,123984,66,1,"1"
282.9915167856401,123983,67,1,"1"
323.5013030669042,123982,68,1,"1"
365.56269846558877,123972,78,1,"1"
370.87103793120929,123969,81,1,"1"
379.16949048976375,123968,82,1,"1"
406.36837065949084,123950,100,1,"1"
438.37593073210411,123935,115,1,"1"
490.43433626565638,123934,116,1,"1"
496.64775344233232,123933,117,1,"1"
498.14707783402685,123923,127,1,"1"
539.9906631746702,123922,128,1,"1"
545.3521264082151,123921,129,1,"1"
559.96527910177053,123909,141,1,"1"
561.84086447610287,123900,150,1,"1"
564.22932298884677,123899,151,1,"1"
574.21793718496565,123881,169,1,"1"
580.09402927353574,123880,170,1,"1"
607.68021930433781,123879,171,1,"1"
631.49380913574942,123876,174,1,"1"
632.84706442061281,123858,192,1,"1"
643.56584402636315,123856,194,2,"2"
670.20071035863873,123850,200,2,"2"
679.27094526418682,123832,218,1,"1"
685.94426279336471,123816,234,1,"1"
688.34035590455619,123815,235,1,"1"
704.82649584465889,123797,253,1,"1"
714.88657046893309,123796,254,1,"1"
777.86300000191625,123778,272,1,"1"
783.95735839556323,123760,290,1,"1"
794.50703494732443,123759,291,1,"1"
840.84911369312874,123747,303,1,"1"
844.89946989012458,123744,306,1,"1"
846.93430389685693,123743,307,1,"1"
850.80394700223655,123739,311,4,"2-2"
864.2961511374325,123736,314,1,"1"
866.13983209528942,123731,319,3,"2-1"
872.18988563925143,123728,322,1,"1"
896.27505203126157,123716,334,1,"1"
906.3221608410422,123711,339,1,"1"
912.75386283370256,123693,357,1,"1"
926.4264065188961,123692,358,1,"1"
951.21733222403338,123674,376,1,"1"
963.34019098068256,123656,394,1,"1"
963.65688543376598,123638,412,1,"1"
964.00940406512473,123637,413,1,"1"
1000.5911141714736,123619,431,1,"1"
1007.5661106912137,123609,441,1,"1"
1014.2832466125678,123585,465,2,"2"
1036.796940810515,123584,466,1,"1"
1042.3136356458569,123583,467,1,"1"
1048.2193942318438,123277,773,17,"17"
1049.5715871266887,123276,774,1,"1"
1052.9012778920448,123275,775,1,"1"
1059.8931985122272,123274,776,1,"1"
1060.8202567102649,123271,779,1,"1"
1073.4563143672217,123270,780,1,"1"
1073.8909246422209,123269,781,1,"1"
1080.0459970307384,123251,799,1,"1"
1081.6387213671082,123244,806,3,"2-1"
1081.6941526536116,123243,807,1,"1"
1119.8284323635955,123242,808,1,"1"
1128.5673383735998,123240,810,2,"2"
1151.0651076779584,123222,828,1,"1"
1152.3296337139932,123204,846,1,"1"
1157.5346344631323,123186,864,1,"1"
1174.9948100724744,123183,867,1,"1"
1179.3028412467688,123165,885,1,"1"
1211.4380463322886,123147,903,1,"1"
1239.7348482888615,123129,921,1,"1"
1250.4430051293793,123128,922,1,"1"
1278.7150822423723,123110,940,1,"1"
1292.460749415324,123107,943,1,"1"
1295.2881689041017,123101,949,2,"1-1"
1297.0358308698981,123083,967,1,"1"
1314.6805840115665,123065,985,1,"1"
1340.7839501434269,123062,988,1,"1"
1346.7992801866162,123059,991,1,"1"
1359.8005788668124,123041,1009,1,"1"
1374.7403311985445,123023,1027,1,"1"
1399.6018738166511,123005,1045,1,"1"
1405.0069713285238,123000,1050,1,"1"
1423.6569606310291,122990,1060,1,"1"
1433.8454946863383,122987,1063,1,"1"
1442.5965507166923,122969,1081,1,"1"
1462.5110796850847,122966,1084,1,"1"
1480.762811345631,122964,1086,2,"2"
1505.3361623332767,122955,1095,1,"1"
1524.2380033836923,122937,1113,1,"1"
1535.8400981384202,122934,1116,1,"1"
1539.0938951694754,122933,1117,1,"1"
1565.5657080655981,122930,1120,1,"1"
1580.7378768847309,122912,1138,1,"1"
1584.9820677217122,122902,1148,2,"2"
1599.2629533447641,122884,1166,1,"1"
1604.7821781811931,122872,1178,1,"1"
1605.6706840987238,122871,1179,1,"1"
1607.7025813444216,122861,1189,1,"1"
1613.3901528516781,122843,1207,1,"1"
1620.9660825641351,122828,1222,1,"1"
1633.9098072035179,122810,1240,1,"1"
1639.3983616891312,122793,1257,3,"2-1"
1640.4441701427429,122781,1269,1,"1"
1642.8652876779011,122763,1287,1,"1"
1652.0169114458029,122753,1297,1,"1"
1663.2102712521587,122735,1315,1,"1"
1694.5155905191225,122717,1333,1,"1"
1698.0313228719456,122709,1341,2,"1-1"
1708.1122332744751,122673,1377,2,"2"
1716.2957240183725,122668,1382,1,"1"
1717.2336705290495,122657,1393,1,"1"
1723.4395930904843,122639,1411,1,"1"
1746.4941263689082,122627,1423,1,"1"
1753.3446173498212,122609,1441,1,"1"
1759.4837261163846,122591,1459,1,"1"
1770.824072293774,122574,1476,1,"1"
1770.9067572801721,122564,1486,1,"1"
1771.5167349588407,122548,1502,1,"1"
1784.7997503784288,122538,1512,2,"1-1"
1804.6012210650572,122520,1530,1,"1"
1814.960106563296,122501,1549,5,"3-2"
1819.1857211389874,122489,1561,1,"1"
1876.2659855128238,122479,1571,1,"1"
1883.550095433093,122475,1575,2,"1-1"
1885.9604892727673,122457,1593,1,"1"
1890.6055313165418,122421,1629,2,"2"
1899.0970766261669,122393,1657,2,"2"
1902.1158059404327,122390,1660,1,"1"
1921.5855437357063,122372,1678,1,"1"
1928.1936788087555,122342,1708,4,"3-1"
1930.6704102166652,122336,1714,2,"1-1"
1938.2219152174082,122318,1732,1,"1"
1942.6782264222184,122304,1746,1,"1"
1953.1112074437217,122303,1747,1,"1"
1962.0510363371432,122285,1765,1,"1"
1963.1970878467987,122267,1783,1,"1"
1967.3141850394534,122264,1786,1,"1"
1970.1356611830097,122252,1798,1,"1"
1970.8909058597408,122234,1816,1,"1"
1984.6750513863503,122231,1819,1,"1"
2014.11919588353,122213,1837,1,"1"
2020.1710967035863,122210,1840,1,"1"
2028.5923173922813,122207,1843,1,"1"
2038.3927749212971,122189,1861,1,"1"
2048.5187046118617,122176,1874,1,"1"
2054.5636259468247,122158,1892,1,"1"
2070.8925344578438,122140,1910,1,"1"
2076.6985539840866,122135,1915,1,"1"
2094.6664652137561,122116,1934,3,"1-1-1"
2098.8169437374891,122107,1943,1,"1"
2100.8624093970666,122089,1961,1,"1"
2111.6509544752339,122071,1979,1,"1"
2113.6067773632712,122066,1984,1,"1"
2115.4671585380365,122056,1994,1,"1"
2117.6494668565338,122053,1997,1,"1"
2119.0313474234531,122033,2017,2,"2"
2136.5069925248972,122028,2022,1,"1"
2149.943626847813,122023,2027,1,"1"
2157.6680504243654,122005,2045,1,"1"
2165.4929873488672,121933,2117,4,"2-2"
2179.2928721858361,121925,2125,2,"2"
2187.4268381228708,121907,2143,1,"1"
2187.5490693656852,121889,2161,1,"1"
2198.964128967305,121850,2200,5,"3-1-1"
2199.759855963764,121832,2218,1,"1"
2199.7658791462809,121814,2236,1,"1"
2203.2918423924261,121809,2241,1,"1"
2203.6154814873307,121799,2251,2,"2"
2205.1873564924185,121781,2269,1,"1"
2214.9691734164007,121763,2287,1,"1"
2220.0703089891035,121760,2290,1,"1"
2227.0638880062697,121742,2308,1,"1"
2228.8076214751723,121724,2326,1,"1"
2299.2872461642096,121712,2338,1,"1"
2303.0875156952343,121709,2341,1,"1"
2306.9311186454743,121706,2344,1,"1"
2310.3921717299281,121690,2360,1,"1"
2311.5961214675253,121672,2378,1,"1"
2314.5529205172479,121654,2396,1,"1"
2336.0516816075715,121636,2414,1,"1"
2341.8463028040737,121631,2419,1,"1"
2357.9336800273372,121613,2437,1,"1"
2360.0528691801105,121595,2455,1,"1"
2369.6359185971569,121577,2473,1,"1"
2377.4447514133608,121559,2491,1,"1"
2382.591466355138,121541,2509,1,"1"
2383.0490851129885,121521,2529,2,"1-1"
2408.8842513258387,121516,2534,1,"1"
2410.1639020843359,121498,2552,1,"1"
2410.9862967350587,121492,2558,2,"2"
2415.2369572644398,121489,2561,1,"1"
2415.4250476458619,121486,2564,1,"1"
2416.2866508294319,121432,2618,5,"2-2-1"
2416.3519290869062,121414,2636,1,"1"
2418.8120158544298,121400,2650,1,"1"
2423.6213684319241,121387,2663,1,"1"
2450.9462788599735,121364,2686,2,"1-1"
2455.0812630044302,121354,2696,1,"1"
2461.494371452231,121322,2728,4,"4"
2466.7292992036587,121294,2756,2,"2"
2472.9642727171931,121276,2774,1,"1"
2478.8510428761783,121253,2797,5,"2-2-1"
2484.2089443183195,121248,2802,1,"1"
2486.4244357036646,121230,2820,1,"1"
2492.3679818515234,121212,2838,1,"1"
2496.1179508001323,121194,2856,1,"1"
2499.9895169349711,121191,2859,1,"1"
2501.0299213549047,121155,2895,2,"1-1"
2507.0949046063238,121137,2913,1,"1"
2510.0376590179912,121119,2931,2,"2"
2511.0531487191965,121101,2949,1,"1"
2512.1217946674788,121083,2967,1,"1"
2515.971436237955,121063,2987,2,"2"
2525.2393056676124,121045,3005,2,"2"
2533.5697608213027,121027,3023,1,"1"
2534.8236949204265,121009,3041,1,"1"
2536.3073974673416,120990,3060,3,"3"
2537.630276490795,120985,3065,1,"1"
2539.8963331930659,120967,3083,1,"1"
2540.1227889872798,120949,3101,1,"1"
2546.3801730985715,120939,3111,1,"1"
2553.01872284095,120921,3129,1,"1"
2627.1690228103876,120903,3147,6,"4-1-1"
2634.802241851688,120888,3162,3,"2-1"
2640.166850254283,120869,3181,5,"2-2-1"
2646.9547174980053,120857,3193,2,"1-1"
2657.1028306089756,120847,3203,2,"2"
2657.6259049850396,120830,3220,1,"1"
2661.6107177744284,120794,3256,2,"2"
2688.3866858215483,120776,3274,1,"1"
2689.566638556214,120761,3289,3,"2-1"
2703.7424873728214,120725,3325,2,"1-1"
2704.3539086650903,120707,3343,1,"1"
2711.619708699588,120671,3379,2,"2"
2720.5945960989729,120648,3402,2,"2"
2754.9967569953856,120630,3420,1,"1"
2759.2004731322345,120608,3442,2,"2"
2759.3492724750263,120590,3460,1,"1"
2766.2127693778116,120554,3496,4,"2-2"
2768.4853700795147,120537,3513,3,"3"
2769.924946546957,120519,3531,1,"1"
2772.3555854339779,120501,3549,1,"1"
2778.6192917034828,120489,3561,1,"1"
2780.611328754007,120484,3566,1,"1"
2787.534336999589,120466,3584,1,"1"
2787.7269736821245,120463,3587,1,"1"
2791.3898733900974,120409,3641,3,"2-1"
2817.2137765457419,120355,3695,3,"2-1"
2822.338086791377,120337,3713,2,"2"
2824.8415194962759,120330,3720,1,"1"
2826.1390445842512,120310,3740,2,"2"
2830.1046813525968,120292,3758,1,"1"
2840.1296085301574,120274,3776,1,"1"
2847.8292570249473,120256,3794,1,"1"
2852.0043370309268,120243,3807,3,"2-1"
2852.7217364874746,120234,3816,1,"1"
2856.4048468116853,120216,3834,1,"1"
2871.1649278353111,120198,3852,1,"1"
2877.3546564455305,120180,3870,1,"1"
2885.3016523709139,120162,3888,1,"1"
2896.0198662956655,120152,3898,1,"1"
2897.2262831073672,120141,3909,1,"1"
2904.9316436522768,120105,3945,2,"2"
2910.2370663655265,120087,3963,1,"1"
2916.350399484556,120080,3970,1,"1"
2924.0981962165888,120067,3983,1,"1"
2926.5833594380656,120033,4017,2,"2"
2928.746495940803,120019,4031,1,"1"
2929.839206355995,119983,4067,2,"1-1"
2938.8552065118629,119965,4085,1,"1"
2944.8132733119278,119920,4130,7,"4-1-1-1"
2945.4644940739363,119913,4137,1,"1"
2955.6055698445684,119895,4155,1,"1"
2958.4879847465172,119875,4175,2,"2"
2963.7848352139558,119863,4187,1,"1"
2964.0282609252895,119827,4223,2,"2"
2966.3760571530979,119802,4248,2,"2"
2972.9671060496084,119784,4266,1,"1"
2977.5280500188414,119766,4284,1,"1"
2979.3925052815284,119741,4309,5,"2-2-1"
2989.7086665353695,119723,4327,1,"1"
2998.7374685705777,119705,4345,1,"1"
3005.5280205674094,119700,4350,1,"1"
3008.6162047182179,119664,4386,2,"2"
3010.7571048675477,119655,4395,1,"1"
3029.9287885150075,119641,4409,1,"1"
3043.7046185449772,119629,4421,2,"2"
3043.7173273440935,119617,4433,1,"1"
3047.0749680458039,119599,4451,1,"1"
3047.6505707428014,119581,4469,2,"1-1"
3047.9061562355928,119563,4487,1,"1"
3054.3521056271261,119556,4494,1,"1"
3068.7626885771269,119538,4512,1,"1"
3072.4744389786842,119528,4522,1,"1"
3072.7885365653287,119510,4540,1,"1"
3079.5807044641329,119485,4565,3,"2-1"
3083.2362445067783,119467,4583,1,"1"
3091.3246560167877,119449,4601,1,"1"
3091.9737362223573,119431,4619,1,"1"
3092.7999394972344,119395,4655,2,"1-1"
3094.8059075545593,119377,4673,1,"1"
3098.6700510466185,119359,4691,1,"1"
3107.7890084302962,119305,4745,3,"1-1-1"
3109.4322691360917,119290,4760,1,"1"
3118.0011305505018,119272,4778,1,"1"
3122.9365972023297,119254,4796,1,"1"
3127.0680729469445,119236,4814,1,"1"
3127.7958158167503,119218,4832,1,"1"
3138.8948835257338,119213,4837,1,"1"
3138.9399122782302,119177,4873,2,"1-1"
3144.8343596393934,119159,4891,1,"1"
3145.6308671845422,119142,4908,3,"2-1"
3145.9957180611709,119137,4913,1,"1"
3157.4972935725514,119119,4931,1,"1"
3162.4185427728839,119101,4949,1,"1"
3168.0539191837083,119080,4970,3,"2-1"
3183.747521430666,119062,4988,1,"1"
3188.0306849684175,119050,5000,2,"1-1"
3202.9225573743815,119043,5007,1,"1"
3205.8388847770889,119038,5012,1,"1"
3209.2931124953475,119020,5030,1,"1"
3209.514039504184,118969,5081,5,"3-1-1"
3212.1317106743477,118951,5099,1,"1"
3218.5048950219425,118897,5153,3,"1-1-1"
3220.1178451359838,118892,5158,1,"1"
3228.1868295122281,118874,5176,1,"1"
3228.7818934344859,118856,5194,1,"1"
3229.7733067069375,118838,5212,1,"1"
3231.3261402212634,118820,5230,1,"1"
3234.1959177778172,118802,5248,1,"1"
3235.3288325136118,118793,5257,1,"1"
3256.5380163910781,118779,5271,2,"1-1"
3258.3023702061932,118761,5289,2,"2"
3281.6650151890494,118725,5325,2,"1-1"
3285.6482852013733,118707,5343,1,"1"
3289.3604048237394,118689,5361,1,"1"
3290.5967068774244,118585,5465,8,"3-2-1-1-1"
3290.9113783377297,118567,5483,1,"1"
3301.2940378124026,118547,5503,2,"2"
3304.3517159613607,118511,5539,2,"2"
3309.5932413918536,118493,5557,1,"1"
3315.4461014018707,118488,5562,1,"1"
3317.9545926731371,118434,5616,3,"3"
3338.5493987198147,118418,5632,1,"1"
3343.2865626843686,118400,5650,1,"1"
3349.4498410646406,118390,5660,1,"1"
3351.2580529129123,118372,5678,1,"1"
3353.1957643913061,118354,5696,1,"1"
3353.9468794870691,118298,5752,4,"2-2"
3355.2056114370716,118262,5788,2,"1-1"
3367.0193132770173,118253,5797,1,"1"
3368.6720510447321,118239,5811,1,"1"
3377.7167605691479,118221,5829,1,"1"
3387.7423236753702,118185,5865,2,"2"
3389.1293252189685,118175,5875,1,"1"
3390.4098260347801,118157,5893,1,"1"
3391.733398560722,118121,5929,2,"2"
3399.0783315377789,118066,5984,4,"2-1-1"
3407.084653065554,118048,6002,1,"1"
3416.7193839856673,118030,6020,1,"1"
3425.024663065632,118012,6038,1,"1"
3425.2341370425825,118002,6048,1,"1"
3426.3729480182092,117941,6109,6,"3-1-1-1"
3427.8648549069453,117923,6127,1,"1"
3428.9417813871032,117905,6145,1,"1"
3438.1313774817963,117900,6150,1,"1"
3445.620608048705,117864,6186,2,"2"
3449.0626301946731,117828,6222,2,"1-1"
3456.2037710025515,117808,6242,2,"1-1"
3459.0746176391062,117798,6252,1,"1"
3466.5727685823445,117784,6266,1,"1"
3469.7657440375497,117748,6302,2,"2"
3485.6294842941961,117730,6320,1,"1"
3496.9403156215958,117459,6591,18,"13-2-2-1"
3497.0733280373242,117441,6609,1,"1"
3508.1833178978509,117430,6620,1,"1"
3509.9861656025832,117412,6638,1,"1"
3514.1558267293599,117376,6674,2,"2"
3523.4636112678163,117358,6692,1,"1"
3524.1111645455107,117349,6701,1,"1"
3525.499716257124,117331,6719,1,"1"
3530.8966703117485,117313,6737,1,"1"
3536.9542842592209,117277,6773,2,"1-1"
3537.5677814310125,117259,6791,2,"1-1"
3540.9840067592286,117241,6809,1,"1"
3555.8707449277845,117231,6819,1,"1"
3568.3103056808964,117213,6837,1,"1"
3597.8855391349675,117195,6855,1,"1"
3602.3992359644362,117167,6883,2,"2"
3619.2868107816198,117149,6901,1,"1"
3621.3403105446137,117131,6919,1,"1"
3627.691349130152,117113,6937,1,"1"
3644.5616513249502,117091,6959,2,"2"
3647.919917681892,117073,6977,1,"1"
3653.3994325569452,117055,6995,1,"1"
3653.5752870705983,116790,7260,28,"5-3-2-2-2-2-2-1-1-1-1-1-1-1-1-1-1"
3658.0006293167689,116754,7296,2,"2"
3662.9238285888719,116736,7314,1,"1"
3671.0943796481893,116676,7374,4,"3-1"
3678.5827575100088,116640,7410,2,"1-1"
3684.8876111540981,116611,7439,3,"2-1"
3700.955036809868,116595,7455,1,"1"
3706.8101451528323,116577,7473,1,"1"
3710.4521261695231,116521,7529,5,"3-2"
3710.6736320640903,116452,7598,9,"3-2-2-1-1"
3718.1569780973477,116434,7616,1,"1"
3719.6923267286547,116416,7634,1,"1"
3730.9669233445052,116398,7652,1,"1"
3738.5034302826352,116380,7670,1,"1"
3745.5916328975336,116371,7679,1,"1"
3746.9531045887888,116257,7793,7,"4-3"
3755.4452743098959,116221,7829,2,"2"
3759.1979508223922,116207,7843,1,"1"
3765.4280135759318,116190,7860,1,"1"
3784.3716294188857,116172,7878,1,"1"
3790.9783385411138,116154,7896,1,"1"
3793.6849077328775,116100,7950,4,"2-2"
3795.8442986695877,116082,7968,1,"1"
3801.1539460965328,116064,7986,1,"1"
3840.0295968255327,116048,8002,1,"1"
3840.2523385205855,116030,8020,1,"1"
3844.4841265525474,116012,8038,1,"1"
3846.5855001891669,115953,8097,5,"4-1"
3859.2580978817296,115935,8115,1,"1"
3860.6097106947418,115881,8169,3,"1-1-1"
3863.3739101566362,115863,8187,1,"1"
3864.5805660079172,115827,8223,2,"2"
3868.6483510459657,115822,8228,1,"1"
3873.8366277268296,115658,8392,11,"2-2-1-1-1-1-1-1-1"
3879.143125398487,115330,8720,25,"4-4-3-3-3-2-1-1-1-1-1-1"
3879.580575357922,115312,8738,1,"1"
3890.4031684536803,115294,8756,1,"1"
3893.3846171518076,115276,8774,1,"1"
3909.6913894813906,115262,8788,1,"1"
3916.3884794781316,115244,8806,1,"1"
3919.8319362486782,115226,8824,1,"1"
3934.4397923052024,115197,8853,3,"3"
3935.9322880748155,115171,8879,2,"2"
3935.981360891436,114938,9112,17,"8-4-2-1-1-1"
3939.160451161893,114920,9130,1,"1"
3941.9313908488466,114890,9160,2,"2"
3942.819933646952,114868,9182,2,"2"
3943.2062700599577,114850,9200,1,"1"
3944.8372060563834,114832,9218,1,"1"
3966.1728881998079,114823,9227,1,"1"
3968.8141913581094,114805,9245,1,"1"
3968.9491167351466,114787,9263,1,"1"
3983.7411652892506,114778,9272,1,"1"
3984.2416815661818,114767,9283,1,"1"
3985.4225803575109,114731,9319,2,"2"
3989.8532149398488,114713,9337,1,"1"
3990.5813475134719,114639,9411,5,"4-1"
3994.7284321304246,114623,9427,1,"1"
4001.4555241562271,114605,9445,1,"1"
4002.6166070123209,114587,9463,1,"1"
4003.8226375552699,114535,9515,4,"2-1-1"
4014.6687270103143,114517,9533,1,"1"
4015.0527652117166,114499,9551,1,"1"
4018.7500130626308,114433,9617,5,"2-1-1-1"
4048.5937916772873,114329,9721,8,"6-1-1"
4053.6573230397125,114245,9805,7,"4-1-1-1"
4054.979258360584,114227,9823,1,"1"
4056.4994619251552,114125,9925,6,"3-2-1"
4057.738495144235,114107,9943,1,"1"
4059.1526277136995,114094,9956,1,"1"
4071.0155296715607,114076,9974,1,"1"
4072.152366073376,114058,9992,1,"1"
4082.9849669073906,111898,12152,126,"69-10-4-2-2-2-2-2-2-2-2-2-1-1-1-1-1-1-1-1-1-1-1-1-1-1-1-1-1-1-1-1-1-1-1-1-1"
4091.8132983390474,111880,12170,2,"2"
4104.0371795511383,111862,12188,1,"1"
4110.9264357244338,111826,12224,2,"2"
4114.0029785336264,111808,12242,1,"1"
4130.8464069853089,111578,12472,24,"7-5-3-2-2-1-1-1-1-1"
4133.9796788278227,111560,12490,1,"1"
4140.9640457357509,111542,12508,1,"1"
4149.1307552642693,0,124050,6282,"6282"
----------------------------------------------9
0,124050,0,0,"0"
147.13861540867836,124049,1,1,"1"
191.19047400001278,124048,2,1,"1"
205.51842878340383,124047,3,1,"1"
331.5216825336696,124044,6,1,"1"
357.71315987873453,124032,18,1,"1"
418.52412715479073,124031,19,1,"1"
424.86762994510008,124028,22,1,"1"
425.93788238810617,124027,23,1,"1"
434.93331813182982,124026,24,1,"1"
446.858673894623,124008,42,1,"1"
461.77380461181804,124007,43,1,"1"
462.16078526663921,124006,44,1,"1"
476.96100379564996,124005,45,1,"1"
501.68039193204527,124004,46,1,"1"
520.99642468188108,124003,47,1,"1"
526.13020780750139,123994,56,1,"1"
549.32677539207953,123991,59,1,"1"
551.839018078408,123979,71,1,"1"
560.42937438477554,123978,72,1,"1"
578.44680017626786,123975,75,1,"1"
586.84905941566547,123939,111,2,"2"
588.17968318492353,123938,112,1,"1"
590.57995886073411,123902,148,2,"1-1"
605.1483064179962,123812,238,5,"5"
626.05526335301533,123810,240,2,"1-1"
648.94979502633203,123809,241,1,"1"
661.31738897310447,123808,242,1,"1"
661.36045477370033,123718,332,5,"5"
665.69851671208846,123715,335,1,"1"
669.12804599585411,123714,336,1,"1"
726.85902784951156,123696,354,1,"1"
738.1216103873553,123680,370,1,"1"
778.2099363454256,123677,373,1,"1"
780.92626824715887,123676,374,1,"1"
791.42572063067223,123658,392,1,"1"
803.0070446957327,123656,394,2,"2"
807.84151998548577,123645,405,1,"1"
813.72722666456889,123642,408,1,"1"
814.7548155189728,123641,409,1,"1"
820.14064166366882,123605,445,2,"2"
847.38279737947516,123602,448,1,"1"
868.18969221134398,123584,466,1,"1"
871.46448441253096,123574,476,1,"1"
877.97113580136568,123556,494,1,"1"
915.80441653318894,123546,504,1,"1"
917.54612238843401,123544,506,2,"2"
926.62028352539619,123526,524,1,"1"
941.84221528854084,123521,529,1,"1"
942.01849560691323,123503,547,1,"1"
943.03523082956974,123489,561,2,"2"
944.63259485547042,123471,579,1,"1"
963.42020492156951,123470,580,1,"1"
968.26906996792388,123460,590,1,"1"
970.06794402088804,123459,591,1,"1"
970.93677194987401,123441,609,1,"1"
983.73607982769511,123440,610,1,"1"
997.87199303709747,123439,611,1,"1"
1013.2730497726083,123436,614,1,"1"
1013.4996417812155,123435,615,1,"1"
1022.9228779850373,123434,616,1,"1"
1024.9783874424568,123424,626,1,"1"
1030.6658302200858,123423,627,1,"1"
1038.0796825904756,123418,632,1,"1"
1048.5894302261913,123400,650,1,"1"
1049.3641894470682,123397,653,1,"1"
1081.2391497513197,123396,654,1,"1"
1096.2409558462723,123394,656,2,"2"
1097.6610330524522,123376,674,1,"1"
1097.9980739696243,123370,680,2,"1-1"
1098.2118040318458,123352,698,1,"1"
1102.724624805523,123334,716,1,"1"
1108.5790352807712,123333,717,1,"1"
1115.3911463959632,123331,719,2,"2"
1128.2392193099577,123330,720,1,"1"
1150.1364004023903,123312,738,1,"1"
1152.4392509241757,123294,756,1,"1"
1153.9801836617662,123276,774,1,"1"
1162.5291936153428,123258,792,1,"1"
1166.2806203431214,123253,797,1,"1"
1173.1079242734768,123240,810,1,"1"
1182.528887265707,123222,828,1,"1"
1185.2932891298788,123207,843,1,"1"
1195.0299139560677,123204,846,3,"3"
1202.3886202424267,123201,849,1,"1"
1202.994898524563,123194,856,1,"1"
1213.8522636584062,123188,862,2,"1-1"
1217.0762498971301,123174,876,1,"1"
1230.4601238078872,123136,914,3,"2-1"
1232.4414960468671,123129,921,3,"3"
1247.5215849778217,123119,931,2,"1-1"
1274.8877171202992,123118,932,1,"1"
1280.353549547345,123100,950,1,"1"
1314.2837858120374,123082,968,1,"1"
1314.4543855358809,123081,969,1,"1"
1318.6523559382654,123074,976,3,"1-1-1"
1325.0662202812453,123064,986,2,"2"
1325.2168481263673,123061,989,1,"1"
1325.9861837856645,123058,992,1,"1"
1334.088345265696,123040,1010,1,"1"
1334.9403641949907,123022,1028,1,"1"
1335.0495742982059,123015,1035,1,"1"
1354.2993527270116,123005,1045,1,"1"
1355.0954870529022,122989,1061,6,"3-2-1"
1373.1724158382608,122983,1067,2,"2"
1380.2489427637538,122965,1085,1,"1"
1401.564920073253,122947,1103,1,"1"
1414.3154094490451,122911,1139,2,"2"
1457.4567692108867,122908,1142,1,"1"
1458.9949145076143,122903,1147,1,"1"
1463.6368835114013,122902,1148,1,"1"
1464.5134749013318,122899,1151,1,"1"
1480.9750809388972,122881,1169,1,"1"
1481.8825410899096,122863,1187,1,"1"
1484.6074207405306,122845,1205,1,"1"
1507.2197998248485,122827,1223,1,"1"
1527.9259052015423,122824,1226,1,"1"
1544.3341964288468,122808,1242,4,"2-1-1"
1558.862858810129,122801,1249,1,"1"
1567.1674942218863,122781,1269,2,"1-1"
1597.2944415954314,122769,1281,1,"1"
1621.4155971548198,122751,1299,1,"1"
1627.9057897260732,122746,1304,1,"1"
1635.4149424175043,122728,1322,1,"1"
1650.5296304576348,122692,1358,2,"2"
1652.7964779602437,122687,1363,1,"1"
1655.1478785437703,122669,1381,1,"1"
1663.1942229562449,122647,1403,2,"2"
1692.2723205661355,122629,1421,1,"1"
1693.0196172619483,122611,1439,1,"1"
1699.9016643037523,122593,1457,1,"1"
1705.5693588659271,122581,1469,2,"2"
1717.2387358671992,122575,1475,2,"1-1"
1722.6033068790907,122563,1487,1,"1"
1747.6485768910604,122553,1497,1,"1"
1770.5063647164523,122535,1515,1,"1"
1774.5986055623453,122517,1533,1,"1"
1781.556389826874,122503,1547,1,"1"
1788.8186393944109,122485,1565,1,"1"
1793.4664933555807,122482,1568,1,"1"
1793.8917575838996,122481,1569,1,"1"
1822.5503694473966,122465,1585,1,"1"
1824.8054920885941,122447,1603,1,"1"
1825.4985328787059,122429,1621,1,"1"
1831.1290155593233,122426,1624,1,"1"
1837.0869543178367,122408,1642,1,"1"
1837.2001919392853,122390,1660,1,"1"
1839.8135938855896,122380,1670,1,"1"
1872.9546747184017,122375,1675,1,"1"
1874.5185751005401,122370,1680,1,"1"
1899.8029927134774,122352,1698,1,"1"
1930.4222044586886,122334,1716,1,"1"
1937.9384492436343,122331,1719,1,"1"
1940.9413996267217,122316,1734,1,"1"
1974.7500856163683,122298,1752,1,"1"
1983.0511421168794,122280,1770,1,"1"
2015.5840855583208,122262,1788,1,"1"
2017.0997959809813,122244,1806,1,"1"
2018.8061479589894,122226,1824,1,"1"
2020.2945223796921,122220,1830,2,"2"
2022.3653602501697,122202,1848,1,"1"
2035.3750601228271,122184,1866,1,"1"
2083.853601227534,122166,1884,1,"1"
2097.3328383617927,122146,1904,2,"2"
2100.0708342859125,122128,1922,1,"1"
2108.469126259577,122110,1940,1,"1"
2117.5673655831538,122074,1976,2,"2"
2156.9949988693779,122056,1994,1,"1"
2183.8821892253104,122038,2012,1,"1"
2194.5396517720778,122035,2015,1,"1"
2197.1104452331442,121999,2051,2,"2"
2210.3796481642376,121986,2064,1,"1"
2217.0912602377348,121968,2082,1,"1"
2228.3916662701331,121950,2100,1,"1"
2230.3992052080976,121936,2114,2,"2"
2243.8412202993773,121916,2134,2,"1-1"
2267.2052678080308,121898,2152,1,"1"
2309.7197287644735,121873,2177,5,"3-1-1"
2312.5648527802446,121854,2196,3,"3"
2325.0644934445604,121848,2202,2,"2"
2326.9308469897819,121830,2220,1,"1"
2332.637145452843,121812,2238,1,"1"
2335.1615876049668,121794,2256,1,"1"
2349.6206120134389,121780,2270,1,"1"
2368.5180626216093,121773,2277,1,"1"
2370.8435676022059,121770,2280,1,"1"
2374.3079489190959,121752,2298,1,"1"
2396.7700670913882,121741,2309,1,"1"
2399.6792888409746,121731,2319,1,"1"
2401.3948550274345,121713,2337,1,"1"
2413.8279057356494,121705,2345,2,"1-1"
2416.8161772699737,121691,2359,1,"1"
2418.3925734439977,121682,2368,3,"1-1-1"
2426.0232332518722,121664,2386,1,"1"
2430.0898758583808,121646,2404,1,"1"
2430.4778087477566,121641,2409,1,"1"
2432.4464884565868,121623,2427,1,"1"
2436.2869837297349,121611,2439,1,"1"
2442.4968189722354,121596,2454,3,"1-1-1"
2444.5314000185704,121578,2472,1,"1"
2459.0514381765011,121560,2490,1,"1"
2462.7604559384367,121542,2508,1,"1"
2466.1384257734117,121524,2526,1,"1"
2477.133849691857,121506,2544,1,"1"
2478.252599141711,121488,2562,1,"1"
2478.5042998608983,121474,2576,1,"1"
2484.3921835596793,121456,2594,1,"1"
2491.155315374318,121443,2607,1,"1"
2494.8599543327609,121425,2625,1,"1"
2497.9039674813139,121384,2666,5,"2-2-1"
2502.8359993032636,121366,2684,1,"1"
2503.1409242990803,121348,2702,2,"2"
2526.3607046358215,121330,2720,1,"1"
2527.7585582054344,121312,2738,1,"1"
2528.3338811068547,121294,2756,1,"1"
2529.1063271990429,121276,2774,1,"1"
2530.4183515197196,121254,2796,2,"2"
2531.6509831920812,121236,2814,1,"1"
2541.9276946195214,121233,2817,1,"1"
2542.4586967018913,121215,2835,1,"1"
2550.6788689946288,121200,2850,3,"2-1"
2561.2109532762465,121194,2856,2,"2"
2575.884215099069,121176,2874,1,"1"
2577.7503383685962,121162,2888,4,"2-1-1"
2589.4643699101889,121144,2906,1,"1"
2604.0223237224504,121139,2911,1,"1"
2615.531480253158,121105,2945,2,"2"
2628.4146235731046,121087,2963,1,"1"
2635.4323777233139,121061,2989,4,"3-1"
2635.8052465367214,121051,2999,1,"1"
2637.7129282255528,121015,3035,2,"1-1"
2638.4211104264264,121008,3042,1,"1"
2643.4971734520218,120990,3060,1,"1"
2660.7695434134157,120980,3070,1,"1"
2668.3136539875422,120962,3088,1,"1"
2672.7139579468871,120944,3106,1,"1"
2694.7526340189902,120937,3113,1,"1"
2701.9092660887218,120915,3135,2,"1-1"
2703.8087662185658,120887,3163,2,"2"
2705.1733746111795,120877,3173,1,"1"
2740.298462701368,120859,3191,1,"1"
2749.4996539100971,120854,3196,1,"1"
2758.0463129128211,120836,3214,1,"1"
2785.0196477926661,120831,3219,1,"1"
2788.6155906087815,120821,3229,1,"1"
2790.4878056104385,120814,3236,1,"1"
2790.7522148440571,120796,3254,1,"1"
2801.1291018551337,120781,3269,1,"1"
2808.4621509026547,120763,3287,1,"1"
2809.7593285331709,120745,3305,1,"1"
2824.5908513126751,120727,3323,1,"1"
2826.3166982876128,120709,3341,1,"1"
2835.1284976429361,120695,3355,1,"1"
2841.7566825679037,120677,3373,1,"1"
2861.3960199983094,120659,3391,1,"1"
2863.8781206637464,120618,3432,7,"3-1-1-1-1"
2864.8826492265157,120592,3458,2,"1-1"
2888.351371722817,120572,3478,2,"2"
2890.7005562478548,120554,3496,1,"1"
2899.2817554151848,120545,3505,1,"1"
2915.4064174673658,120535,3515,1,"1"
2920.3080456085022,120530,3520,1,"1"
2929.083731197456,120512,3538,1,"1"
2930.8514210835538,120498,3552,2,"2"
2937.8190712914011,120480,3570,1,"1"
2940.8488069512759,120462,3588,1,"1"
2951.2499850012082,120411,3639,7,"4-2-1"
2965.5085218734034,120393,3657,1,"1"
2969.6948286740999,120388,3662,1,"1"
2972.7917681264685,120370,3680,1,"1"
2981.5069223080177,120352,3698,1,"1"
2984.0854379160555,120334,3716,1,"1"
2993.4594773477393,120280,3770,3,"3"
2999.9393752584579,120268,3782,1,"1"
3009.6243859014385,120250,3800,1,"1"
3014.409370228751,120247,3803,1,"1"
3015.2958087548254,120139,3911,6,"4-1-1"
3031.1055690354988,120121,3929,1,"1"
3036.8276457246175,120103,3947,2,"2"
3045.065300299816,120083,3967,2,"2"
3056.3555569515579,120065,3985,1,"1"
3062.225795114301,120045,4005,2,"2"
3065.78585234508,120012,4038,5,"2-2-1"
3068.878513656568,119976,4074,2,"2"
3077.1589977231351,119958,4092,1,"1"
3090.6510697120762,119941,4109,3,"2-1"
3098.1713372590871,119923,4127,1,"1"
3100.7252353113445,119905,4145,1,"1"
3110.2044274262862,119887,4163,1,"1"
3122.990994022869,119869,4181,1,"1"
3125.6226937002712,119851,4199,1,"1"
3130.2664131924344,119842,4208,3,"2-1"
3136.8611733367279,119824,4226,1,"1"
3140.1392080375331,119788,4262,2,"2"
3142.8694188303421,119770,4280,1,"1"
3156.6349076567421,119752,4298,1,"1"
3168.8213792810261,119740,4310,1,"1"
3173.1448162556767,119722,4328,1,"1"
3187.6982624464558,119704,4346,1,"1"
3190.1167749288707,119668,4382,2,"2"
3190.3323522751848,119632,4418,4,"2-2"
3196.4774263811637,119578,4472,3,"3"
3203.7712366953056,119560,4490,1,"1"
3208.9586271067856,119542,4508,1,"1"
3217.4020637610674,119524,4526,1,"1"
3221.5599631668119,119506,4544,1,"1"
3222.1880953407504,119488,4562,1,"1"
3223.6040014867622,119470,4580,1,"1"
3226.4325494402292,119452,4598,1,"1"
3230.2884644815404,119434,4616,1,"1"
3243.4177312048932,119416,4634,1,"1"
3248.425543116879,119398,4652,1,"1"
3256.3573675954067,119380,4670,1,"1"
3257.5776027647066,119362,4688,1,"1"
3263.2589906265898,119359,4691,1,"1"
3264.5432275843064,119341,4709,1,"1"
3270.8155187096268,119287,4763,3,"2-1"
3296.3813736639236,119269,4781,1,"1"
3313.7707286673462,119249,4801,2,"2"
3320.8310000617221,119211,4839,6,"2-2-1-1"
3324.7941847271409,119159,4891,5,"2-2-1"
3339.5176960258896,119141,4909,1,"1"
3339.8375772569975,119123,4927,1,"1"
3343.1984332971638,119105,4945,1,"1"
3343.3650557558517,119087,4963,1,"1"
3344.0783749162997,119080,4970,1,"1"
3346.5442701272009,119062,4988,1,"1"
3349.209444698366,119044,5006,1,"1"
3350.540083112,119034,5016,1,"1"
3357.6041028373606,118974,5076,8,"3-2-2-1"
3359.3303102844566,118965,5085,1,"1"
3362.1982885206962,118947,5103,1,"1"
3364.50848540684,118929,5121,1,"1"
3364.8559618796671,118893,5157,2,"1-1"
3371.221901564953,118839,5211,3,"3"
3374.9745432268855,118821,5229,1,"1"
3376.552618028285,118803,5247,1,"1"
3376.5870717224871,118785,5265,1,"1"
3377.0328875695632,118775,5275,2,"1-1"
3380.4897801538164,118757,5293,1,"1"
3380.9888158004637,118739,5311,1,"1"
3381.4244197963794,118721,5329,1,"1"
3388.902184818442,118703,5347,1,"1"
3419.8661433078914,118685,5365,1,"1"
3422.9252254166518,118593,5457,6,"2-2-1-1"
3429.3762353592679,118559,5491,3,"2-1"
3437.646374333674,118524,5526,5,"3-1-1"
3440.4288510563383,118488,5562,2,"2"
3444.3994125871377,118470,5580,1,"1"
3452.4308827621467,118452,5598,1,"1"
3456.4300487102569,118440,5610,1,"1"
3466.2637628609973,118422,5628,1,"1"
3473.6739686665142,118396,5654,2,"1-1"
3478.0705510115367,118378,5672,1,"1"
3479.7210607367624,118360,5690,1,"1"
3498.0984015618797,118342,5708,1,"1"
3502.5804714910137,118306,5744,2,"1-1"
3519.5306780463557,118292,5758,1,"1"
3525.2389273532181,118238,5812,3,"3"
3528.6380611654522,118220,5830,1,"1"
3537.6845528434433,118202,5848,1,"1"
3543.6783012165156,118178,5872,2,"1-1"
3546.0029459831703,118142,5908,4,"4"
3547.2771882896118,118114,5936,2,"2"
3551.0407979761071,118096,5954,1,"1"
3565.6578127101229,118089,5961,1,"1"
3566.2483178490975,118071,5979,1,"1"
3571.9374095033008,118046,6004,3,"1-1-1"
3575.805219529338,118032,6018,1,"1"
3578.9210892117494,118014,6036,1,"1"
3585.4636114982195,117996,6054,1,"1"
3590.3102924388627,117978,6072,1,"1"
3591.1539391981191,117960,6090,1,"1"
3594.8883321319508,117950,6100,1,"1"
3601.6749308436506,117941,6109,1,"1"
3605.4868863904644,117923,6127,1,"1"
3627.8038738368282,117869,6181,5,"2-2-1"
3632.3664403436796,117815,6235,3,"2-1"
3633.4369100772692,117797,6253,1,"1"
3634.6862931487353,117779,6271,1,"1"
3637.3598633727825,117761,6289,1,"1"
3650.4402116828524,117740,6310,3,"2-1"
3652.862754880884,117722,6328,1,"1"
3655.3265156827206,117704,6346,1,"1"
3658.9819784670194,117697,6353,1,"1"
3670.0231573897154,117673,6377,2,"2"
3675.8160653331906,117655,6395,1,"1"
3678.5600629675882,117629,6421,2,"2"
3682.4769084389263,117624,6426,1,"1"
3684.2946993286664,117612,6438,2,"1-1"
3688.1149140980165,117594,6456,1,"1"
3694.306036436195,117576,6474,1,"1"
3700.1432805945378,117549,6501,3,"3"
3707.6513984307267,117531,6519,1,"1"
3721.4861037868232,117513,6537,1,"1"
3721.7785942285986,117495,6555,1,"1"
3723.131928395891,117488,6562,1,"1"
3723.9333458429232,117452,6598,2,"2"
3726.3534855025018,117380,6670,6,"2-2-1-1"
3730.035799336194,117362,6688,1,"1"
3731.9246229805362,117344,6706,1,"1"
3742.3084555740247,117326,6724,1,"1"
3752.9384527894581,117290,6760,2,"1-1"
3756.3933915653006,117272,6778,1,"1"
3759.1021376964213,117218,6832,3,"3"
3760.7683716252018,117200,6850,1,"1"
3766.613473732592,117182,6868,1,"1"
3766.8639320812413,117154,6896,4,"2-1-1"
3768.3880240393464,117124,6926,2,"1-1"
3786.6570034327515,117089,6961,2,"2"
3789.0368861858715,117075,6975,1,"1"
3790.3793743452161,117007,7043,4,"2-1-1"
3803.8253674387097,116989,7061,1,"1"
3804.1856883324922,116971,7079,1,"1"
3815.596199298092,116953,7097,1,"1"
3825.7353912960884,116917,7133,3,"3"
3828.9146565575497,116899,7151,1,"1"
3832.3813053740769,116894,7156,1,"1"
3835.1662215106744,116884,7166,1,"1"
3836.1348104828485,116874,7176,2,"2"
3838.948220812355,116820,7230,4,"3-1"
3846.0803551012223,116748,7302,6,"3-3"
3847.209058000562,116730,7320,1,"1"
3853.5848480627515,116712,7338,1,"1"
3860.7007873150401,116676,7374,2,"2"
3861.1249020358305,116658,7392,1,"1"
3861.9762217923799,116640,7410,1,"1"
3865.3904030105846,116614,7436,2,"2"
3871.2886370153687,116538,7512,5,"3-1-1"
3872.7846361032703,116520,7530,1,"1"
3876.8628382556262,116502,7548,1,"1"
3878.4159759065064,116484,7566,1,"1"
3881.857186887526,116466,7584,2,"1-1"
3884.7938482869276,116448,7602,1,"1"
3892.5283773948872,116430,7620,1,"1"
3898.3742595233571,116404,7646,2,"1-1"
3899.8830583811941,116397,7653,1,"1"
3903.4566299115818,116379,7671,1,"1"
3906.6805735427401,116372,7678,1,"1"
3931.8568576519574,116354,7696,1,"1"
3932.9131919483093,116336,7714,1,"1"
3938.8511260169485,116318,7732,1,"1"
3939.6553132832451,116306,7744,1,"1"
3939.713037414796,116288,7762,1,"1"
3946.2414998235358,116262,7788,2,"1-1"
3948.0087751813903,116237,7813,3,"2-1"
3954.6809973693707,116219,7831,1,"1"
3960.2902596677382,116201,7849,1,"1"
3964.688628926066,116183,7867,1,"1"
3967.8354568392656,116165,7885,1,"1"
3971.3756595946329,116111,7939,4,"2-2"
3971.7509948044394,116093,7957,1,"1"
3989.3257341478625,116075,7975,1,"1"
3990.3997138258751,116057,7993,1,"1"
4001.5769554803569,116039,8011,1,"1"
4002.1745535833243,116021,8029,1,"1"
4006.0164787103522,116003,8047,1,"1"
4013.105291772335,115967,8083,2,"2"
4018.5396232054741,115925,8125,3,"1-1-1"
4019.1262384047868,115769,8281,12,"2-2-2-1-1-1-1-1-1"
4025.1288147565924,115753,8297,2,"1-1"
4029.5403146896215,115717,8333,2,"2"
4032.6162539209386,115699,8351,1,"1"
4039.1490400744706,115683,8367,1,"1"
4040.9269709105479,115629,8421,3,"2-1"
4041.2695194890666,115619,8431,2,"2"
4042.0191551867442,115583,8467,2,"2"
4047.8499372670653,115565,8485,1,"1"
4051.7273655752961,115514,8536,5,"2-1-1-1"
4052.4710258916375,115460,8590,3,"2-1"
4056.3989042368398,115442,8608,1,"1"
4060.1715338298391,115424,8626,1,"1"
4063.1747120615451,115352,8698,4,"2-2"
4067.1534379640398,115334,8716,1,"1"
4073.6019719421047,115210,8840,10,"6-4"
4081.301592140544,115192,8858,1,"1"
4082.8528302507807,115164,8886,2,"2"
4088.8893250589726,115146,8904,1,"1"
4090.1861231875823,115128,8922,1,"1"
4091.6796459872712,115110,8940,1,"1"
4091.8342797599935,115092,8958,1,"1"
4100.3840510985838,115074,8976,1,"1"
4103.6505512734038,115038,9012,2,"1-1"
4110.5985660561082,115020,9030,1,"1"
4117.9228370329593,115006,9044,2,"2"
4131.3563323924036,114988,9062,1,"1"
4141.1300369020046,114970,9080,1,"1"
4148.1498469252256,114952,9098,1,"1"
4158.225013053504,114934,9116,1,"1"
4158.2857466369305,114925,9125,1,"1"
4168.2161295650394,114907,9143,2,"1-1"
4169.4489417383202,114889,9161,1,"1"
4172.1797080599436,114835,9215,3,"2-1"
4174.8372009428622,114811,9239,2,"1-1"
4175.0187898862669,114739,9311,4,"4"
4175.9817138964636,114723,9327,1,"1"
4179.313875832835,114705,9345,1,"1"
4183.035192363388,114687,9363,1,"1"
4187.3438250851541,114651,9399,2,"2"
4193.0115357754185,114633,9417,1,"1"
4197.2955775089558,114597,9453,2,"2"
4200.9254736220082,114584,9466,1,"1"
4222.5809798307346,114566,9484,1,"1"
4223.4872218685505,114548,9502,1,"1"
4225.0038519469881,114530,9520,1,"1"
4227.7658766574223,114364,9686,11,"4-3-1-1-1-1"
4229.0671786108996,114346,9704,1,"1"
4229.5330160047697,114328,9722,1,"1"
4230.0188719214002,114310,9740,1,"1"
4232.2410497390611,114226,9824,7,"3-2-1-1"
4234.3217598420997,114217,9833,1,"1"
4239.0472768776544,114199,9851,1,"1"
4251.016254355327,114181,9869,1,"1"
4256.069737875926,114163,9887,1,"1"
4258.4296045766032,114158,9892,1,"1"
4260.2670811948901,113942,10108,22,"6-5-3-2-2-1-1-1-1"
4267.6413764089539,113906,10144,2,"2"
4268.1400974947455,113790,10260,8,"5-1-1-1"
4272.9410680921001,113762,10288,2,"1-1"
4274.0662054550767,113680,10370,5,"2-2-1"
4274.3637125912483,113662,10388,1,"1"
4280.3751680288169,113644,10406,1,"1"
4281.9063708939493,113626,10424,1,"1"
4282.9947490180175,113608,10442,1,"1"
4284.8805813711924,113554,10496,3,"2-1"
4285.9216282141651,113478,10572,6,"3-2-1"
4286.6928174259556,113460,10590,1,"1"
4288.2071821897207,113442,10608,1,"1"
4289.0748744025177,113424,10626,1,"1"
4290.7945850268288,113406,10644,1,"1"
4298.8809224977722,0,124050,6405,"6405"
