ts,size,count,probability,ccdf
2,1,5238180,0.7650161015897126,1.0
2,2,597027,0.08719350386657222,0.2349838984102875
2,3,236474,0.034536120867806316,0.14779039454371526
2,4,137887,0.02013786757994202,0.11325427367590896
2,5,84321,0.01231475869522356,0.09311640609596694
2,6,60668,0.008860328749917849,0.08080164740074337
2,7,48068,0.0070201470684883496,0.07194131865082552
2,8,40214,0.005873100487063961,0.06492117158233718
2,9,32283,0.004714808350919726,0.059048071095273214
2,10,25897,0.0037821575399983936,0.05433326274435349
2,11,20916,0.00305470159117297,0.050551105204355094
2,12,18233,0.0026628597299606406,0.04749640361318213
2,13,17182,0.0025093652103429895,0.044833543883221486
2,14,15866,0.0023171684569492416,0.0423241786728785
2,15,16007,0.002337760966241429,0.040007010215929256
2,16,12230,0.0017861446003081575,0.03766924924968783
2,17,11616,0.0016964722548797675,0.03588310464937967
2,18,10313,0.0015061741016335263,0.0341866323944999
2,19,9537,0.0013928422774439,0.03268045829286637
2,20,9089,0.0013274135954375178,0.03128761601542247
2,21,8337,0.001217586879212519,0.02996020241998496
2,22,8121,0.0011860409075308705,0.02874261554077244
2,23,7200,0.0010515323893882857,0.027556574633241567
2,24,6685,0.0009763186143139847,0.02650504224385328
2,25,6405,0.0009354256880599957,0.0255287236295393
2,26,5675,0.000828811987469239,0.0245932979414793
2,27,5912,0.0008634249286199368,0.023764485954010064
2,28,5738,0.0008380128958763865,0.022901061025390124
2,29,4879,0.0007125592399757564,0.02206304812951374
2,30,4575,0.0006681612057571399,0.021350488889537982
2,31,4316,0.0006303352489722002,0.020682327683780845
2,32,4209,0.0006147083092965687,0.02005199243480864
2,33,4008,0.0005853530300928123,0.019437284125512076
2,34,4287,0.0006260999101816084,0.01885193109541926
2,35,4051,0.0005916330151961035,0.018225831185237653
2,36,3356,0.0004901309303870954,0.01763419817004155
2,37,3119,0.0004555179892363976,0.017144067239654455
2,38,3068,0.00044806963481156393,0.016688549250418058
2,39,2933,0.00042835340251053355,0.01624047961560649
2,40,2751,0.0004017730004454408,0.01581212621309596
2,41,2680,0.0003914037227167508,0.015410353212650519
2,42,2425,0.0003541619505925823,0.015018949489933767
2,43,2289,0.00033429967212635916,0.014664787539341187
2,44,2194,0.0003204252864330415,0.014330487867214827
2,45,2241,0.0003272894561971039,0.014010062580781786
2,46,1971,0.0002878569915950432,0.013682773124584682
2,47,1905,0.00027821794469231725,0.013394916132989638
2,48,1842,0.0002690170362851697,0.01311669818829732
2,49,1733,0.00025309800427915266,0.01284768115201215
2,50,1603,0.00023411200280408636,0.012594583147732999
2,51,1813,0.00026478169749457806,0.012360471144928912
2,52,1211,0.00017686190604850193,0.012095689447434334
2,53,1071,0.0001564154429215075,0.011918827541385832
2,54,1080,0.00015772985840824285,0.011762412098464325
2,55,1078,0.0001574377660778572,0.011604682240056082
2,56,1049,0.0001532024272872655,0.011447244473978225
2,57,1014,0.0001480908115055169,0.011294042046690959
2,58,953,0.00013918199542875502,0.011145951235185442
2,59,920,0.00013436247197739205,0.011006769239756686
2,60,928,0.0001355308412989346,0.010872406767779294
2,61,938,0.00013699130295086276,0.010736875926480361
2,62,991,0.0001447317497060821,0.010599884623529498
2,63,963,0.0001406424570806832,0.010455152873823415
2,64,825,0.0001204880862840744,0.010314510416742733
2,65,741,0.00010822020840787772,0.010194022330458657
2,66,719,0.00010500719277363575,0.01008580212205078
2,67,706,0.00010310859262612912,0.009980794929277144
2,68,700,0.00010223231563497221,0.009877686336651016
2,69,639,9.332349955821035e-05,0.009775454021016042
2,70,580,8.470677581183413e-05,0.009682130521457832
2,71,615,8.981839159358273e-05,0.009597423745645999
2,72,512,7.477563657872253e-05,0.009507605354052416
2,73,529,7.725842138700043e-05,0.009432829717473694
2,74,551,8.047143702124242e-05,0.009355571296086693
2,75,561,8.193189867317059e-05,0.009275099859065451
2,76,511,7.462959041352972e-05,0.00919316796039228
2,77,503,7.346122109198717e-05,0.00911853836997875
2,78,483,7.054029778813082e-05,0.009045077148886763
2,79,440,6.426031268483967e-05,0.008974536851098633
2,80,422,6.163148171136896e-05,0.008910276538413793
2,81,396,5.783428141635571e-05,0.008848645056702424
2,82,411,6.0024973894247975e-05,0.008790810775286068
2,83,369,5.389103495614964e-05,0.00873078580139182
2,84,366,5.3452896460571184e-05,0.008676894766435671
2,85,342,4.994778849594357e-05,0.0086234418699751
2,86,317,4.6296634366123133e-05,0.008573494081479156
2,87,325,4.746500368766567e-05,0.008527197447113033
2,88,315,4.60045420357375e-05,0.008479732443425366
2,89,287,4.191524941033861e-05,0.00843372790138963
2,90,283,4.1331064749567336e-05,0.00839181265197929
2,91,258,3.76799106197469e-05,0.008350481587229723
2,92,233,3.402875648992647e-05,0.008312801676609976
2,93,246,3.592735663743309e-05,0.00827877292012005
2,94,239,3.490503348108337e-05,0.008242845563482617
2,95,262,3.8264095280518174e-05,0.008207940530001533
2,96,244,3.563526430704746e-05,0.008169676434721015
2,97,219,3.198411017722702e-05,0.008134041170413968
2,98,194,2.8332956047406585e-05,0.00810205706023674
2,99,212,3.09617870208773e-05,0.008073724104189335
2,100,234,3.4174802655119285e-05,0.008042762317168457
2,101,247,3.607340280262591e-05,0.008008587514513337
2,102,222,3.2422248672805474e-05,0.007972514111710712
2,103,202,2.9501325368949124e-05,0.007940091863037907
2,104,226,3.3006433333576747e-05,0.007910590537668957
2,105,211,3.081574085568448e-05,0.00787758410433538
2,106,184,2.687249439547841e-05,0.007846768363479696
2,107,185,2.7018540560671228e-05,0.007819895869084218
2,108,189,2.7602725221442498e-05,0.007792877328523546
2,109,203,2.9647371534141942e-05,0.0077652746033021035
2,110,190,2.7748771386635316e-05,0.007735627231767962
2,111,172,2.5119940413164602e-05,0.007707878460381326
2,112,175,2.5558078908743053e-05,0.007682758519968162
2,113,183,2.6726448230285592e-05,0.007657200441059419
2,114,195,2.8479002212599403e-05,0.007630473992829134
2,115,179,2.6142263569514323e-05,0.007601994990616534
2,116,152,2.2199017109308252e-05,0.00757585272704702
2,117,208,3.037760236010603e-05,0.0075536537099377115
2,118,189,2.7602725221442498e-05,0.007523276107577605
2,119,196,2.862504837779222e-05,0.007495673382356163
2,120,164,2.3951571091622063e-05,0.007467048333978371
2,121,171,2.4973894247971784e-05,0.007443096762886748
2,122,140,2.0446463126994444e-05,0.0074181228686387764
2,123,179,2.6142263569514323e-05,0.007397676405511782
2,124,176,2.570412507393587e-05,0.007371534141942268
2,125,168,2.4535755752393333e-05,0.0073458300168683325
2,126,176,2.570412507393587e-05,0.007321294261115939
2,127,181,2.643435589989996e-05,0.0072955901360420026
2,128,175,2.5558078908743053e-05,0.007269155780142103
2,129,156,2.278320177007952e-05,0.00724359770123336
2,130,164,2.3951571091622063e-05,0.0072208144994632805
2,131,168,2.4535755752393333e-05,0.007196862928371658
2,132,169,2.4681801917586147e-05,0.007172327172619265
2,133,182,2.6580402065092777e-05,0.007147645370701679
2,134,162,2.3659478761236427e-05,0.007121064968636586
2,135,197,2.8771094542985036e-05,0.00709740548987535
2,136,165,2.4097617256814878e-05,0.007068634395332365
2,137,185,2.7018540560671228e-05,0.00704453677807555
2,138,174,2.5412032743550235e-05,0.007017518237514879
2,139,165,2.4097617256814878e-05,0.006992106204771328
2,140,193,2.8186909882213767e-05,0.006968008587514513
2,141,205,2.9939463864527578e-05,0.0069398216776323
2,142,161,2.351343259604361e-05,0.006909882213767772
2,143,180,2.628830973470714e-05,0.006886368781171728
2,144,172,2.5119940413164602e-05,0.0068600804714370215
2,145,171,2.4973894247971784e-05,0.006834960531023857
2,146,187,2.7310632891056865e-05,0.006809986636775885
2,147,177,2.585017123912869e-05,0.006782676003884828
2,148,179,2.6142263569514323e-05,0.006756825832645699
2,149,166,2.4243663422007696e-05,0.006730683569076185
2,150,192,2.804086371702095e-05,0.006706439905654177
2,151,203,2.9647371534141942e-05,0.006678399041937157
2,152,198,2.8917140708177854e-05,0.006648751670403014
2,153,185,2.7018540560671228e-05,0.006619834529694836
2,154,203,2.9647371534141942e-05,0.006592815989134165
2,155,209,3.0523648525298844e-05,0.0065631686176000235
2,156,207,3.023155619491321e-05,0.006532644969074725
2,157,229,3.3444571829155194e-05,0.006502413412879811
2,158,211,3.081574085568448e-05,0.0064689688410506565
2,159,192,2.804086371702095e-05,0.0064381531001949715
2,160,186,2.7164586725864046e-05,0.006410112236477951
2,161,203,2.9647371534141942e-05,0.006382947649752086
2,162,177,2.585017123912869e-05,0.0063533002782179444
2,163,225,3.286038716838393e-05,0.006327450106978816
2,164,224,3.271434100319111e-05,0.006294589719810432
2,165,192,2.804086371702095e-05,0.006261875378807241
2,166,227,3.315247949876956e-05,0.00623383451509022
2,167,209,3.0523648525298844e-05,0.006200682035591451
2,168,205,2.9939463864527578e-05,0.006170158387066152
2,169,219,3.198411017722702e-05,0.006140218923201624
2,170,237,3.461294115069773e-05,0.006108234813024397
2,171,225,3.286038716838393e-05,0.0060736218718736995
2,172,231,3.373666415954083e-05,0.006040761484705315
2,173,217,3.169201784684139e-05,0.006007024820545774
2,174,225,3.286038716838393e-05,0.005975332802698933
2,175,216,3.154597168164857e-05,0.005942472415530549
2,176,225,3.286038716838393e-05,0.005910926443848901
2,177,231,3.373666415954083e-05,0.0058780660566805166
2,178,235,3.4320848820312103e-05,0.0058443293925209755
2,179,222,3.2422248672805474e-05,0.005810008543700664
2,180,254,3.7095725958975635e-05,0.005777586295027858
2,181,237,3.461294115069773e-05,0.005740490569068882
2,182,232,3.388271032473365e-05,0.005705877627918185
2,183,254,3.7095725958975635e-05,0.005671994917593451
2,184,259,3.782595678493972e-05,0.005634899191634475
2,185,261,3.8118049115325356e-05,0.005597073234849536
2,186,239,3.490503348108337e-05,0.005558955185734211
2,187,240,3.505107964627619e-05,0.005524050152253128
2,188,223,3.256829483799829e-05,0.005488999072606851
2,189,265,3.870223377609662e-05,0.005456430777768853
2,190,273,3.987060309763916e-05,0.005417728543992756
2,191,253,3.694967979378282e-05,0.005377857940895117
2,192,252,3.680363362859e-05,0.005340908261101334
2,193,240,3.505107964627619e-05,0.005304104627472744
2,194,273,3.987060309763916e-05,0.005269053547826468
2,195,252,3.680363362859e-05,0.005229182944728829
2,196,248,3.6219448967818726e-05,0.005192379311100239
2,197,234,3.4174802655119285e-05,0.00515615986213242
2,198,259,3.782595678493972e-05,0.005121985059477301
2,199,280,4.089292625398889e-05,0.005084159102692361
2,200,267,3.899432610648226e-05,0.005043266176438372
2,201,277,4.045478775841043e-05,0.00500427185033189
2,202,258,3.76799106197469e-05,0.004963817062573479
2,203,276,4.0308741593217615e-05,0.004926137151953732
2,204,263,3.841014144571099e-05,0.004885828410360515
2,205,264,3.8556187610903804e-05,0.004847418268914804
2,206,283,4.1331064749567336e-05,0.0048088620813039
2,207,244,3.563526430704746e-05,0.004767531016554333
2,208,265,3.870223377609662e-05,0.004731895752247285
2,209,261,3.8118049115325356e-05,0.004693193518471189
2,210,274,4.001664926283198e-05,0.004655075469355863
2,211,265,3.870223377609662e-05,0.004615058820093032
2,212,268,3.9140372271675076e-05,0.004576356586316934
2,213,292,4.264548023630269e-05,0.00453721621404526
2,214,265,3.870223377609662e-05,0.004494570733808957
2,215,257,3.753386445455408e-05,0.004455868500032861
2,216,284,4.1477110914760154e-05,0.0044183346355783065
2,217,301,4.395989572303805e-05,0.004376857524663546
2,218,274,4.001664926283198e-05,0.004332897628940508
2,219,273,3.987060309763916e-05,0.0042928809796776764
2,220,291,4.249943407110988e-05,0.004253010376580037
2,221,288,4.2061295575531426e-05,0.0042105109425089274
2,222,288,4.2061295575531426e-05,0.004168449646933396
2,223,255,3.724177212416845e-05,0.004126388351357865
2,224,285,4.162315707995297e-05,0.004089146579233696
2,225,246,3.592735663743309e-05,0.0040475234221537424
2,226,274,4.001664926283198e-05,0.0040115960655163095
2,227,309,4.5128265044580595e-05,0.003971579416253478
2,228,274,4.001664926283198e-05,0.003926451151208897
2,229,248,3.6219448967818726e-05,0.0038864345019460653
2,230,258,3.76799106197469e-05,0.0038502150529782465
2,231,271,3.957851076725353e-05,0.0038125351423584997
2,232,266,3.884827994128944e-05,0.003772956631591246
2,233,263,3.841014144571099e-05,0.0037341083516499564
2,234,255,3.724177212416845e-05,0.0036956982102042454
2,235,276,4.0308741593217615e-05,0.003658456438080077
2,236,274,4.001664926283198e-05,0.0036181476964868594
2,237,250,3.651154129820436e-05,0.0035781310472240277
2,238,224,3.271434100319111e-05,0.003541619505925823
2,239,237,3.461294115069773e-05,0.003508905164922632
2,240,278,4.060083392360325e-05,0.0034742922237719345
2,241,274,4.001664926283198e-05,0.003433691389848331
2,242,249,3.6365495133011544e-05,0.003393674740585499
2,243,251,3.665758746339718e-05,0.0033573092454524875
2,244,222,3.2422248672805474e-05,0.0033206516579890903
2,245,258,3.76799106197469e-05,0.003288229409316285
2,246,272,3.972455693244635e-05,0.0032505494986965378
2,247,269,3.9286418436867895e-05,0.0032108249417640918
2,248,258,3.76799106197469e-05,0.003171538523327224
2,249,290,4.235338790591706e-05,0.003133858612707477
2,250,278,4.060083392360325e-05,0.0030915052248015598
2,251,269,3.9286418436867895e-05,0.0030509043908779564
2,252,275,4.01626954280248e-05,0.0030116179724410884
2,253,275,4.01626954280248e-05,0.002971455277013064
2,254,286,4.176920324514579e-05,0.002931292581585039
2,255,254,3.7095725958975635e-05,0.0028895233783398934
2,256,258,3.76799106197469e-05,0.0028524276523809178
2,257,269,3.9286418436867895e-05,0.0028147477417611705
2,258,240,3.505107964627619e-05,0.002775461323324303
2,259,231,3.373666415954083e-05,0.0027404102436780265
2,260,257,3.753386445455408e-05,0.002706673579518486
2,261,234,3.4174802655119285e-05,0.0026691397150639317
2,262,232,3.388271032473365e-05,0.0026349649124088126
2,263,237,3.461294115069773e-05,0.002601082202084079
2,264,223,3.256829483799829e-05,0.002566469260933381
2,265,224,3.271434100319111e-05,0.002533900966095383
2,266,222,3.2422248672805474e-05,0.002501186625092192
2,267,260,3.797200295013254e-05,0.002468764376419386
2,268,231,3.373666415954083e-05,0.0024307923734692535
2,269,224,3.271434100319111e-05,0.002397055709309713
2,270,225,3.286038716838393e-05,0.002364341368306522
2,271,228,3.3298525663962376e-05,0.0023314809811381377
2,272,237,3.461294115069773e-05,0.0022981824554741755
2,273,247,3.607340280262591e-05,0.0022635695143234775
2,274,221,3.2276202507612656e-05,0.002227496111520852
2,275,247,3.607340280262591e-05,0.0021952199090132392
2,276,242,3.5343171976661824e-05,0.002159146506210613
2,277,231,3.373666415954083e-05,0.0021238033342339513
2,278,226,3.3006433333576747e-05,0.0020900666700744107
2,279,215,3.139992551645575e-05,0.002057060236740834
2,280,222,3.2422248672805474e-05,0.002025660311224378
2,281,201,2.935527920375631e-05,0.0019932380625515725
2,282,217,3.169201784684139e-05,0.0019638827833478164
2,283,209,3.0523648525298844e-05,0.0019321907655009748
2,284,222,3.2422248672805474e-05,0.001901667116975676
2,285,226,3.3006433333576747e-05,0.0018692448683028705
2,286,219,3.198411017722702e-05,0.001836238434969294
2,287,187,2.7310632891056865e-05,0.0018042543247920669
2,288,185,2.7018540560671228e-05,0.0017769436919010098
2,289,193,2.8186909882213767e-05,0.0017499251513403387
2,290,213,3.110783318607012e-05,0.001721738241458125
2,291,224,3.271434100319111e-05,0.0016906304082720549
2,292,204,2.979341769933476e-05,0.0016579160672688636
2,293,187,2.7310632891056865e-05,0.0016281226495695289
2,294,218,3.18380640120342e-05,0.001600812016678472
2,295,204,2.979341769933476e-05,0.001568973952666438
2,296,195,2.8479002212599403e-05,0.0015391805349671032
2,297,189,2.7602725221442498e-05,0.0015107015327545036
2,298,186,2.7164586725864046e-05,0.0014830988075330612
2,299,175,2.5558078908743053e-05,0.001455934220807197
2,300,169,2.4681801917586147e-05,0.001430376141898454
2,301,194,2.8332956047406585e-05,0.001405694339980868
2,302,167,2.4389709587200514e-05,0.0013773613839334613
2,303,170,2.4827848082778966e-05,0.0013529716743462608
2,304,189,2.7602725221442498e-05,0.0013281438262634818
2,305,182,2.6580402065092777e-05,0.0013005411010420394
2,306,170,2.4827848082778966e-05,0.0012739606989769466
2,307,176,2.570412507393587e-05,0.0012491328508941676
2,308,159,2.3221340265657976e-05,0.0012234287258202318
2,309,173,2.526598657835742e-05,0.0012002073855545737
2,310,165,2.4097617256814878e-05,0.0011749413989762163
2,311,154,2.2491109439693888e-05,0.0011508437817194016
2,312,166,2.4243663422007696e-05,0.0011283526722797076
2,313,145,2.117669395295853e-05,0.0011041090088577
2,314,166,2.4243663422007696e-05,0.0010829323149047414
2,315,162,2.3659478761236427e-05,0.0010586886514827338
2,316,126,1.8401816814295e-05,0.0010350291727214973
2,317,147,2.1468786283344164e-05,0.0010166273559072023
2,318,149,2.17608786137298e-05,0.0009951585696238582
2,319,150,2.190692477892262e-05,0.0009733976910101283
2,320,130,1.898600147506627e-05,0.0009514907662312057
2,321,137,2.000832463141599e-05,0.0009325047647561394
2,322,139,2.0300416961801626e-05,0.0009124964401247234
2,323,140,2.0446463126994444e-05,0.0008921960231629218
2,324,141,2.0592509292187262e-05,0.0008717495600359274
2,325,145,2.117669395295853e-05,0.0008511570507437401
2,326,126,1.8401816814295e-05,0.0008299803567907816
2,327,119,1.7379493657945276e-05,0.0008115785399764866
2,328,141,2.0592509292187262e-05,0.0007941990463185413
2,329,118,1.7233447492752457e-05,0.0007736065370263541
2,330,109,1.59190320060171e-05,0.0007563730895336015
2,331,115,1.6795308997174006e-05,0.0007404540575275845
2,332,100,1.4604616519281745e-05,0.0007236587485304105
2,333,119,1.7379493657945276e-05,0.0007090541320111287
2,334,99,1.4458570354088927e-05,0.0006916746383531834
2,335,89,1.2998108702160754e-05,0.0006772160679990945
2,336,93,1.3582293362932023e-05,0.0006642179592969338
2,337,95,1.3874385693317658e-05,0.0006506356659340017
2,338,114,1.6649262831981188e-05,0.0006367612802406841
2,339,110,1.606507817120992e-05,0.0006201120174087029
2,340,111,1.6211124336402737e-05,0.000604046939237493
2,341,85,1.2413924041389483e-05,0.0005878358149010903
2,342,103,1.5042755014860197e-05,0.0005754218908597008
2,343,83,1.2121831711003848e-05,0.0005603791358448405
2,344,112,1.6357170501595555e-05,0.0005482573041338367
2,345,66,9.639046902725951e-06,0.0005319001336322412
2,346,85,1.2413924041389483e-05,0.0005222610867295152
2,347,78,1.139160088503976e-05,0.0005098471626881257
2,348,83,1.2121831711003848e-05,0.0004984555618030859
2,349,92,1.3436247197739205e-05,0.0004863337300920821
2,350,88,1.2852062536967936e-05,0.0004728974828943429
2,351,67,9.785093067918769e-06,0.00046004542035737496
2,352,76,1.1099508554654126e-05,0.0004502603272894562
2,353,72,1.0515323893882857e-05,0.0004391608187348021
2,354,72,1.0515323893882857e-05,0.00042864549484091923
2,355,76,1.1099508554654126e-05,0.0004181301709470364
2,356,68,9.931139233111587e-06,0.0004070306623923822
2,357,54,7.886492920412143e-06,0.00039709952315927067
2,358,66,9.639046902725951e-06,0.0003892130302388585
2,359,72,1.0515323893882857e-05,0.00037957398333613254
2,360,65,9.493000737533134e-06,0.0003690586594422497
2,361,72,1.0515323893882857e-05,0.00035956565870471654
2,362,67,9.785093067918769e-06,0.0003490503348108337
2,363,60,8.762769911569047e-06,0.0003392652417429149
2,364,62,9.054862241954682e-06,0.0003305024718313459
2,365,59,8.616723746376229e-06,0.0003214476095893912
2,366,65,9.493000737533134e-06,0.000312830885843015
2,367,47,6.86416976406242e-06,0.00030333788510548184
2,368,35,5.111615781748611e-06,0.0002964737153414194
2,369,55,8.03253908560496e-06,0.0002913620995596708
2,370,47,6.86416976406242e-06,0.00028332956047406584
2,371,43,6.2799851032911505e-06,0.00027646539071000346
2,372,50,7.302308259640873e-06,0.00027018540560671227
2,373,67,9.785093067918769e-06,0.00026288309734707143
2,374,46,6.7181235988696025e-06,0.00025309800427915266
2,375,62,9.054862241954682e-06,0.00024637988068028306
2,376,46,6.7181235988696025e-06,0.00023732501843832835
2,377,46,6.7181235988696025e-06,0.00023060689483945875
2,378,39,5.69580044251988e-06,0.00022388877124058916
2,379,50,7.302308259640873e-06,0.00021819297079806927
2,380,40,5.841846607712698e-06,0.0002108906625384284
2,381,32,4.673477286170158e-06,0.0002050488159307157
2,382,37,5.403708112134246e-06,0.00020037533864454554
2,383,39,5.69580044251988e-06,0.0001949716305324113
2,384,34,4.965569616555794e-06,0.00018927583008989142
2,385,38,5.549754277327063e-06,0.0001843102604733356
2,386,42,6.133938938098333e-06,0.00017876050619600856
2,387,32,4.673477286170158e-06,0.00017262656725791024
2,388,38,5.549754277327063e-06,0.00016795308997174006
2,389,33,4.8195234513629755e-06,0.000162403335694413
2,390,33,4.8195234513629755e-06,0.00015758381224305004
2,391,36,5.257661946941428e-06,0.00015276428879168705
2,392,35,5.111615781748611e-06,0.00014750662684474562
2,393,24,3.5051079646276186e-06,0.000142395011062997
2,394,31,4.527431120977341e-06,0.0001388899030983694
2,395,15,2.1906924778922617e-06,0.00013436247197739205
2,396,21,3.0669694690491666e-06,0.0001321717794994998
2,397,23,3.3590617994348013e-06,0.00012910481003045062
2,398,26,3.7972002950132537e-06,0.00012574574823101582
2,399,26,3.7972002950132537e-06,0.00012194854793600257
2,400,26,3.7972002950132537e-06,0.00011815134764098932
2,401,24,3.5051079646276186e-06,0.00011435414734597606
2,402,21,3.0669694690491666e-06,0.00011084903938134844
2,403,30,4.3813849557845234e-06,0.00010778206991229928
2,404,23,3.3590617994348013e-06,0.00010340068495651476
2,405,26,3.7972002950132537e-06,0.00010004162315707995
2,406,14,2.0446463126994444e-06,9.62444228620667e-05
2,407,18,2.628830973470714e-06,9.419977654936726e-05
2,408,13,1.8986001475066268e-06,9.157094557589655e-05
2,409,25,3.6511541298204363e-06,8.967234542838992e-05
2,410,19,2.7748771386635315e-06,8.602119129856948e-05
2,411,23,3.3590617994348013e-06,8.324631415990594e-05
2,412,18,2.628830973470714e-06,7.988725236047115e-05
2,413,18,2.628830973470714e-06,7.725842138700043e-05
2,414,13,1.8986001475066268e-06,7.462959041352972e-05
2,415,21,3.0669694690491666e-06,7.273099026602309e-05
2,416,17,2.482784808277897e-06,6.966402079697393e-05
2,417,18,2.628830973470714e-06,6.718123598869603e-05
2,418,13,1.8986001475066268e-06,6.455240501522531e-05
2,419,12,1.7525539823138093e-06,6.265380486771868e-05
2,420,6,8.762769911569046e-07,6.090125088540488e-05
2,421,13,1.8986001475066268e-06,6.0024973894247975e-05
2,422,9,1.314415486735357e-06,5.8126373746741345e-05
2,423,10,1.4604616519281744e-06,5.681195826000599e-05
2,424,9,1.314415486735357e-06,5.535149660807781e-05
2,425,13,1.8986001475066268e-06,5.4037081121342456e-05
2,426,14,2.0446463126994444e-06,5.213848097383583e-05
2,427,12,1.7525539823138093e-06,5.0093834661136386e-05
2,428,10,1.4604616519281744e-06,4.8341280678822574e-05
2,429,13,1.8986001475066268e-06,4.68808190268944e-05
2,430,8,1.1683693215425395e-06,4.4982218879387777e-05
2,431,13,1.8986001475066268e-06,4.381384955784524e-05
2,432,4,5.841846607712698e-07,4.191524941033861e-05
2,433,11,1.606507817120992e-06,4.1331064749567336e-05
2,434,12,1.7525539823138093e-06,3.972455693244635e-05
2,435,11,1.606507817120992e-06,3.797200295013254e-05
2,436,5,7.302308259640872e-07,3.6365495133011544e-05
2,437,9,1.314415486735357e-06,3.563526430704746e-05
2,438,7,1.0223231563497222e-06,3.4320848820312103e-05
2,439,7,1.0223231563497222e-06,3.3298525663962376e-05
2,440,11,1.606507817120992e-06,3.2276202507612656e-05
2,441,7,1.0223231563497222e-06,3.066969469049166e-05
2,442,13,1.8986001475066268e-06,2.9647371534141942e-05
2,443,9,1.314415486735357e-06,2.7748771386635316e-05
2,444,8,1.1683693215425395e-06,2.643435589989996e-05
2,445,7,1.0223231563497222e-06,2.526598657835742e-05
2,446,5,7.302308259640872e-07,2.4243663422007696e-05
2,447,4,5.841846607712698e-07,2.351343259604361e-05
2,448,3,4.381384955784523e-07,2.292924793527234e-05
2,449,4,5.841846607712698e-07,2.2491109439693888e-05
2,450,5,7.302308259640872e-07,2.190692477892262e-05
2,451,5,7.302308259640872e-07,2.117669395295853e-05
2,452,5,7.302308259640872e-07,2.0446463126994444e-05
2,453,9,1.314415486735357e-06,1.9716232301030356e-05
2,454,4,5.841846607712698e-07,1.8401816814295e-05
2,455,5,7.302308259640872e-07,1.781763215352373e-05
2,456,6,8.762769911569046e-07,1.7087401327559643e-05
2,457,5,7.302308259640872e-07,1.6211124336402737e-05
2,458,3,4.381384955784523e-07,1.548089351043865e-05
2,459,3,4.381384955784523e-07,1.5042755014860197e-05
2,460,3,4.381384955784523e-07,1.4604616519281745e-05
2,461,11,1.606507817120992e-06,1.4166478023703293e-05
2,462,3,4.381384955784523e-07,1.2559970206582301e-05
2,463,4,5.841846607712698e-07,1.2121831711003848e-05
2,464,6,8.762769911569046e-07,1.1537647050232579e-05
2,465,2,2.920923303856349e-07,1.0661370059075673e-05
2,466,4,5.841846607712698e-07,1.0369277728690038e-05
2,467,4,5.841846607712698e-07,9.785093067918769e-06
2,468,3,4.381384955784523e-07,9.2009084071475e-06
2,469,2,2.920923303856349e-07,8.762769911569047e-06
2,470,6,8.762769911569046e-07,8.470677581183412e-06
2,471,3,4.381384955784523e-07,7.594400590026507e-06
2,472,2,2.920923303856349e-07,7.156262094448055e-06
2,473,3,4.381384955784523e-07,6.86416976406242e-06
2,474,2,2.920923303856349e-07,6.426031268483968e-06
2,475,1,1.4604616519281744e-07,6.133938938098333e-06
2,476,1,1.4604616519281744e-07,5.987892772905516e-06
2,477,3,4.381384955784523e-07,5.841846607712698e-06
2,478,4,5.841846607712698e-07,5.403708112134246e-06
2,481,1,1.4604616519281744e-07,4.8195234513629755e-06
2,483,2,2.920923303856349e-07,4.673477286170158e-06
2,486,1,1.4604616519281744e-07,4.3813849557845234e-06
2,487,1,1.4604616519281744e-07,4.235338790591706e-06
2,488,1,1.4604616519281744e-07,4.089292625398889e-06
2,489,1,1.4604616519281744e-07,3.9432464602060714e-06
2,490,3,4.381384955784523e-07,3.7972002950132537e-06
2,493,2,2.920923303856349e-07,3.3590617994348013e-06
2,494,1,1.4604616519281744e-07,3.0669694690491666e-06
2,496,1,1.4604616519281744e-07,2.920923303856349e-06
2,497,3,4.381384955784523e-07,2.7748771386635315e-06
2,498,1,1.4604616519281744e-07,2.336738643085079e-06
2,499,1,1.4604616519281744e-07,2.1906924778922617e-06
2,501,1,1.4604616519281744e-07,2.0446463126994444e-06
2,505,2,2.920923303856349e-07,1.8986001475066268e-06
2,509,1,1.4604616519281744e-07,1.606507817120992e-06
2,510,2,2.920923303856349e-07,1.4604616519281744e-06
2,517,2,2.920923303856349e-07,1.1683693215425395e-06
2,522,1,1.4604616519281744e-07,8.762769911569046e-07
2,531,1,1.4604616519281744e-07,7.302308259640872e-07
2,534,1,1.4604616519281744e-07,5.841846607712698e-07
2,535,2,2.920923303856349e-07,4.381384955784523e-07
2,546,1,1.4604616519281744e-07,1.4604616519281744e-07
8,1,10601287,0.8192216608058215,1.0
8,2,1094491,0.08457753617622317,0.1807783391941785
8,3,373207,0.028839824670755375,0.09620080301795532
8,4,189703,0.014659428305246972,0.06736097834719994
8,5,117372,0.009070001101951195,0.05270155004195297
8,6,76545,0.005915066918420528,0.04363154894000177
8,7,58949,0.00455532405479093,0.03771648202158124
8,8,45272,0.0034984245807137522,0.03316115796679031
8,9,34823,0.0026909710013738072,0.02966273338607656
8,10,29866,0.0023079154560787444,0.026971762384702752
8,11,23304,0.0018008324445342215,0.02466384692862401
8,12,20313,0.0015697008859347598,0.022863014484089787
8,13,17379,0.0013429740410899518,0.021293313598155027
8,14,14866,0.0011487802574856566,0.019950339557065076
8,15,12981,0.0010031156008624585,0.01880155929957942
8,16,11832,0.0009143258446502278,0.01779844369871696
8,17,10428,0.0008058307900619149,0.016884117854066735
8,18,9670,0.0007472558246930108,0.01607828706400482
8,19,8438,0.0006520521870485651,0.015331031239311808
8,20,7727,0.0005971091786352527,0.014678979052263242
8,21,7031,0.0005433253054205335,0.01408186987362799
8,22,6176,0.00047725459910072745,0.013538544568207456
8,23,6151,0.0004753227071030723,0.013061289969106729
8,24,5690,0.0004396986186663114,0.012585967262003657
8,25,5387,0.000416284087654731,0.012146268643337345
8,26,4985,0.00038521926433243627,0.011729984555682613
8,27,4769,0.0003685277174726958,0.011344765291350178
8,28,4320,0.00033383093719480936,0.010976237573877482
8,29,4102,0.0003169848389752565,0.010642406636682672
8,30,3867,0.0002988250541972981,0.010325421797707415
8,31,3873,0.0002992887082767353,0.010026596743510119
8,32,3673,0.0002838335722954942,0.009727308035233383
8,33,3712,0.0002868473238118362,0.009443474462937888
8,34,3707,0.0002864609454123052,0.009156627139126051
8,35,3322,0.0002567098086484159,0.008870166193713747
8,36,2841,0.00021954020661353087,0.00861345638506533
8,37,2603,0.00020114859479585388,0.0083939161784518
8,38,2341,0.00018090236666042794,0.008192767583655947
8,39,2156,0.00016660636587777987,0.008011865216995519
8,40,2049,0.00015833786812781582,0.007845258851117738
8,41,2059,0.0001591106249268779,0.007686920982989923
8,42,2227,0.00017209293915112047,0.007527810358063045
8,43,2649,0.00020470327607153936,0.007355717418911925
8,44,2277,0.00017595672314643076,0.007151014142840385
8,45,2070,0.00015996065740584616,0.006975057419693955
8,46,1830,0.00014141449422835675,0.006815096762288108
8,47,1621,0.00012526387712795972,0.006673682268059752
8,48,1622,0.00012534115280786592,0.006548418390931792
8,49,1556,0.00012024095793405634,0.006423077238123926
8,50,1292,9.984017843881798e-05,0.00630283628018987
8,51,1183,9.141712932904154e-05,0.006202996101751052
8,52,1118,8.639421013513816e-05,0.0061115789724220096
8,53,1040,8.03667071024541e-05,0.006025184762286872
8,54,1007,7.781660966554932e-05,0.005944818055184418
8,55,825,6.375243592261984e-05,0.0058670014455188685
8,56,776,5.9965927607215757e-05,0.005803249009596248
8,57,843,6.514339816093155e-05,0.005743283081989033
8,58,750,5.7956759929654406e-05,0.005678139683828101
8,59,710,5.486573273340617e-05,0.005620182923898447
8,60,674,5.2083808256782754e-05,0.005565317191165041
8,61,682,5.2702013696032404e-05,0.005513233382908258
8,62,651,5.030646761894002e-05,0.005460531369212225
8,63,654,5.053829465865864e-05,0.005410224901593285
8,64,687,5.308839209556343e-05,0.0053596866069346265
8,65,686,5.301111641565723e-05,0.005306598214839063
8,66,732,5.65657976913427e-05,0.005253587098423406
8,67,485,3.7478704754509846e-05,0.005197021300732064
8,68,464,3.5855915476479524e-05,0.005159542595977553
8,69,497,3.8406012913384315e-05,0.0051236866805010745
8,70,501,3.871511563300914e-05,0.005085280667587689
8,71,533,4.118793739000773e-05,0.005046565551954681
8,72,559,4.319710506756908e-05,0.005005377614564673
8,73,490,3.7865083154040874e-05,0.004962180509497103
8,74,467,3.608774251619814e-05,0.004924315426343063
8,75,433,3.3460369399387145e-05,0.004888227683826865
8,76,396,3.060116924285752e-05,0.004854767314427477
8,77,354,2.7355590686796877e-05,0.00482416614518462
8,78,366,2.828289884567135e-05,0.004796810554497823
8,79,339,2.619645548820379e-05,0.004768527655652152
8,80,334,2.581007708867276e-05,0.004742331200163948
8,81,288,2.225539581298729e-05,0.004716521123075275
8,82,300,2.318270397186176e-05,0.004694265727262288
8,83,255,1.9705298376082497e-05,0.004671083023290426
8,84,300,2.318270397186176e-05,0.004651377724914344
8,85,258,1.9937125415801116e-05,0.004628195020942482
8,86,284,2.1946293093362466e-05,0.004608257895526681
8,87,249,1.9241644296645262e-05,0.0045863116024333185
8,88,281,2.171446605364385e-05,0.004567069958136673
8,89,264,2.040077949523835e-05,0.004545355492083029
8,90,249,1.9241644296645262e-05,0.004524954712587791
8,91,242,1.870071453730182e-05,0.004505713068291146
8,92,218,1.684609821955288e-05,0.004487012353753844
8,93,231,1.7850682058333556e-05,0.004470166255534291
8,94,225,1.738702797889632e-05,0.004452315573475958
8,95,218,1.684609821955288e-05,0.004434928545497061
8,96,219,1.6923373899459087e-05,0.004418082447277508
8,97,203,1.5686963020959793e-05,0.004401159073378049
8,98,208,1.607334142049082e-05,0.004385472110357089
8,99,195,1.5068757581710145e-05,0.0043693987689365985
8,100,196,1.514603326161635e-05,0.004354330011354888
8,101,194,1.4991481901803939e-05,0.004339183978093272
8,102,173,1.3368692623773615e-05,0.004324192496191468
8,103,204,1.5764238700866e-05,0.004310823803567694
8,104,157,1.2132281745274321e-05,0.004295059564866828
8,105,177,1.3677795343398439e-05,0.004282927283121555
8,106,136,1.0509492467243999e-05,0.004269249487778156
8,107,147,1.1359524946212263e-05,0.004258739995310912
8,108,118,9.118530228932294e-06,0.0042473804703647
8,109,128,9.891287027994352e-06,0.004238261940135767
8,110,119,9.195805908838498e-06,0.004228370653107773
8,111,123,9.504908628463322e-06,0.004219174847198934
8,112,121,9.35035726865091e-06,0.004209669938570471
8,113,105,8.113946390151617e-06,0.00420031958130182
8,114,106,8.191222070057823e-06,0.0041922056349116684
8,115,107,8.268497749964028e-06,0.0041840144128416105
8,116,118,9.118530228932294e-06,0.004175745915091646
8,117,97,7.4957409509019696e-06,0.004166627384862715
8,118,103,7.959395030339204e-06,0.004159131643911813
8,119,125,9.659459988275734e-06,0.0041511722488814734
8,120,88,6.800259831746117e-06,0.004141512788893197
8,121,107,8.268497749964028e-06,0.004134712529061451
8,122,97,7.4957409509019696e-06,0.004126444031311487
8,123,92,7.10936255137094e-06,0.004118948290360585
8,124,95,7.341189591089558e-06,0.0041118389278092145
8,125,81,6.259330072402675e-06,0.004104497738218125
8,126,75,5.79567599296544e-06,0.004098238408145722
8,127,88,6.800259831746117e-06,0.004092442732152757
8,128,74,5.718400313059235e-06,0.004085642472321011
8,129,80,6.18205439249647e-06,0.004079924072007951
8,130,72,5.563848953246823e-06,0.004073742017615455
8,131,78,6.027503032684058e-06,0.004068178168662208
8,132,83,6.413881432215087e-06,0.004062150665629524
8,133,73,5.641124633153028e-06,0.0040557367841973085
8,134,59,4.559265114466147e-06,0.004050095659564156
8,135,65,5.022919193903381e-06,0.00404553639444969
8,136,70,5.409297593434411e-06,0.004040513475255786
8,137,66,5.1001948738095876e-06,0.004035104177662352
8,138,74,5.718400313059235e-06,0.004030003982788542
8,139,60,4.636540794372352e-06,0.0040242855824754835
8,140,49,3.7865083154040875e-06,0.004019649041681111
8,141,55,4.250162394841323e-06,0.004015862533365707
8,142,53,4.0956110350289115e-06,0.0040116123709708655
8,143,62,4.791092154184764e-06,0.0040075167599358365
8,144,49,3.7865083154040875e-06,0.0040027256677816515
8,145,49,3.7865083154040875e-06,0.0039989391594662475
8,146,64,4.945643513997176e-06,0.003995152651150843
8,147,59,4.559265114466147e-06,0.003990207007636846
8,148,54,4.172886714935117e-06,0.0039856477425223805
8,149,43,3.3228542359668526e-06,0.003981474855807445
8,150,43,3.3228542359668526e-06,0.003978152001571479
8,151,48,3.7092326354978816e-06,0.003974829147335511
8,152,48,3.7092326354978816e-06,0.003971119914700013
8,153,45,3.477405595779264e-06,0.003967410682064515
8,154,40,3.091027196248235e-06,0.003963933276468736
8,155,54,4.172886714935117e-06,0.003960842249272488
8,156,50,3.863783995310293e-06,0.003956669362557553
8,157,41,3.168302876154441e-06,0.003952805578562243
8,158,40,3.091027196248235e-06,0.003949637275686088
8,159,47,3.6319569555916757e-06,0.00394654624848984
8,160,47,3.6319569555916757e-06,0.003942914291534249
8,161,52,4.018335355122705e-06,0.003939282334578657
8,162,49,3.7865083154040875e-06,0.003935263999223534
8,163,37,2.8592001565296173e-06,0.00393147749090813
8,164,51,3.9410596752165e-06,0.0039286182907516
8,165,43,3.3228542359668526e-06,0.003924677231076383
8,166,38,2.936475836435823e-06,0.003921354376840417
8,167,47,3.6319569555916757e-06,0.003918417901003981
8,168,43,3.3228542359668526e-06,0.003914785944048389
8,169,36,2.7819244766234114e-06,0.003911463089812423
8,170,30,2.318270397186176e-06,0.0039086811653357995
8,171,48,3.7092326354978816e-06,0.003906362894938613
8,172,35,2.7046487967172055e-06,0.003902653662303115
8,173,50,3.863783995310293e-06,0.003899949013506398
8,174,35,2.7046487967172055e-06,0.0038960852295110877
8,175,32,2.472821756998588e-06,0.0038933805807143704
8,176,38,2.936475836435823e-06,0.0038909077589573716
8,177,41,3.168302876154441e-06,0.003887971283120936
8,178,39,3.013751516342029e-06,0.0038848029802447817
8,179,38,2.936475836435823e-06,0.0038817892287284395
8,180,33,2.5500974369047938e-06,0.003878852752892004
8,181,36,2.7819244766234114e-06,0.003876302655455099
8,182,39,3.013751516342029e-06,0.0038735207309784753
8,183,44,3.4001299158730585e-06,0.0038705069794621335
8,184,41,3.168302876154441e-06,0.0038671068495462605
8,185,36,2.7819244766234114e-06,0.003863938546670106
8,186,44,3.4001299158730585e-06,0.0038611566221934826
8,187,28,2.1637190373737644e-06,0.0038577564922776097
8,188,30,2.318270397186176e-06,0.003855592773240236
8,189,28,2.1637190373737644e-06,0.0038532745028430496
8,190,21,1.6227892780303234e-06,0.0038511107838056758
8,191,41,3.168302876154441e-06,0.0038494879945276455
8,192,35,2.7046487967172055e-06,0.003846319691651491
8,193,33,2.5500974369047938e-06,0.003843615042854774
8,194,28,2.1637190373737644e-06,0.003841064945417869
8,195,23,1.777340637842735e-06,0.003838901226380495
8,196,21,1.6227892780303234e-06,0.0038371238857426524
8,197,35,2.7046487967172055e-06,0.003835501096464622
8,198,30,2.318270397186176e-06,0.0038327964476679048
8,199,34,2.6273731168109997e-06,0.003830478177270719
8,200,36,2.7819244766234114e-06,0.003827850804153908
8,201,34,2.6273731168109997e-06,0.003825068879677284
8,202,41,3.168302876154441e-06,0.0038224415065604735
8,203,35,2.7046487967172055e-06,0.0038192732036843187
8,204,42,3.2455785560606467e-06,0.003816568554887602
8,205,36,2.7819244766234114e-06,0.0038133229763315413
8,206,31,2.395546077092382e-06,0.0038105410518549177
8,207,37,2.8592001565296173e-06,0.003808145505777825
8,208,34,2.6273731168109997e-06,0.003805286305621296
8,209,39,3.013751516342029e-06,0.0038026589325044846
8,210,41,3.168302876154441e-06,0.003799645180988143
8,211,48,3.7092326354978816e-06,0.003796476878111988
8,212,43,3.3228542359668526e-06,0.0037927676454764902
8,213,39,3.013751516342029e-06,0.0037894447912405235
8,214,57,4.404713754653735e-06,0.0037864310397241817
8,215,42,3.2455785560606467e-06,0.003782026325969528
8,216,44,3.4001299158730585e-06,0.003778780747413467
8,217,36,2.7819244766234114e-06,0.003775380617497594
8,218,44,3.4001299158730585e-06,0.0037725986930209707
8,219,34,2.6273731168109997e-06,0.0037691985631050974
8,220,53,4.0956110350289115e-06,0.0037665711899882866
8,221,42,3.2455785560606467e-06,0.0037624755789532577
8,222,37,2.8592001565296173e-06,0.003759230000397197
8,223,47,3.6319569555916757e-06,0.0037563708002406673
8,224,42,3.2455785560606467e-06,0.0037527388432850757
8,225,52,4.018335355122705e-06,0.003749493264729015
8,226,46,3.55468127568547e-06,0.0037454749293738925
8,227,42,3.2455785560606467e-06,0.003741920248098207
8,228,36,2.7819244766234114e-06,0.003738674669542146
8,229,54,4.172886714935117e-06,0.003735892745065523
8,230,55,4.250162394841323e-06,0.0037317198583505878
8,231,47,3.6319569555916757e-06,0.0037274696959557463
8,232,46,3.55468127568547e-06,0.0037238377390001547
8,233,54,4.172886714935117e-06,0.0037202830577244693
8,234,50,3.863783995310293e-06,0.003716110171009534
8,235,46,3.55468127568547e-06,0.003712246387014224
8,236,53,4.0956110350289115e-06,0.0037086917057385384
8,237,60,4.636540794372352e-06,0.0037045960947035095
8,238,51,3.9410596752165e-06,0.003699959553909137
8,239,46,3.55468127568547e-06,0.0036960184942339204
8,240,55,4.250162394841323e-06,0.003692463812958235
8,241,49,3.7865083154040875e-06,0.0036882136505633936
8,242,43,3.3228542359668526e-06,0.0036844271422479895
8,243,66,5.1001948738095876e-06,0.003681104288012023
8,244,53,4.0956110350289115e-06,0.0036760040931382134
8,245,47,3.6319569555916757e-06,0.0036719084821031844
8,246,65,5.022919193903381e-06,0.0036682765251475928
8,247,57,4.404713754653735e-06,0.003663253605953689
8,248,74,5.718400313059235e-06,0.0036588488921990357
8,249,60,4.636540794372352e-06,0.0036531304918859765
8,250,64,4.945643513997176e-06,0.003648493951091604
8,251,66,5.1001948738095876e-06,0.003643548307577607
8,252,67,5.177470553715793e-06,0.003638448112703797
8,253,65,5.022919193903381e-06,0.0036332706421500814
8,254,62,4.791092154184764e-06,0.0036282477229561782
8,255,67,5.177470553715793e-06,0.0036234566308019933
8,256,80,6.18205439249647e-06,0.0036182791602482776
8,257,71,5.4865732733406166e-06,0.003612097105855781
8,258,73,5.641124633153028e-06,0.0036066105325824405
8,259,57,4.404713754653735e-06,0.0036009694079492875
8,260,69,5.332021913528205e-06,0.0035965646941946336
8,261,80,6.18205439249647e-06,0.0035912326722811055
8,262,74,5.718400313059235e-06,0.003585050617888609
8,263,73,5.641124633153028e-06,0.0035793322175755498
8,264,76,5.872951672871646e-06,0.0035736910929423968
8,265,78,6.027503032684058e-06,0.003567818141269525
8,266,78,6.027503032684058e-06,0.003561790638236841
8,267,79,6.104778712590264e-06,0.003555763135204157
8,268,98,7.573016630808175e-06,0.0035496583564915665
8,269,70,5.409297593434411e-06,0.0035420853398607584
8,270,82,6.336605752308882e-06,0.003536676042267324
8,271,79,6.104778712590264e-06,0.003530339436515015
8,272,71,5.4865732733406166e-06,0.0035242346578024247
8,273,78,6.027503032684058e-06,0.003518748084529084
8,274,78,6.027503032684058e-06,0.0035127205814964
8,275,98,7.573016630808175e-06,0.0035066930784637164
8,276,79,6.104778712590264e-06,0.0034991200618329082
8,277,68,5.254746233621999e-06,0.003493015283120318
8,278,97,7.4957409509019696e-06,0.0034877605368866956
8,279,106,8.191222070057823e-06,0.0034802647959357937
8,280,72,5.563848953246823e-06,0.003472073573865736
8,281,98,7.573016630808175e-06,0.003466509724912489
8,282,95,7.341189591089558e-06,0.003458936708281681
8,283,93,7.186638231277146e-06,0.0034515955186905914
8,284,110,8.500324789682646e-06,0.0034444088804593143
8,285,96,7.418465270995763e-06,0.0034359085556696315
8,286,101,7.804843670526793e-06,0.003428490090398636
8,287,89,6.8775355116523225e-06,0.003420685246728109
8,288,100,7.727567990620587e-06,0.003413807711216457
8,289,102,7.882119350433e-06,0.0034060801432258363
8,290,101,7.804843670526793e-06,0.0033981980238754032
8,291,113,8.732151829401264e-06,0.0033903931802048764
8,292,101,7.804843670526793e-06,0.003381661028375475
8,293,91,7.032086871464734e-06,0.003373856184704948
8,294,98,7.573016630808175e-06,0.0033668240978334835
8,295,108,8.345773429870234e-06,0.0033592510812026754
8,296,116,8.963978869119881e-06,0.003350905307772805
8,297,116,8.963978869119881e-06,0.0033419413289036853
8,298,103,7.959395030339204e-06,0.0033329773500345656
8,299,112,8.654876149495057e-06,0.0033250179550042263
8,300,108,8.345773429870234e-06,0.003316363078854731
8,301,110,8.500324789682646e-06,0.003308017305424861
8,302,108,8.345773429870234e-06,0.0032995169806351783
8,303,83,6.413881432215087e-06,0.003291171207205308
8,304,123,9.504908628463322e-06,0.003284757325773093
8,305,113,8.732151829401264e-06,0.00327525241714463
8,306,128,9.891287027994352e-06,0.0032665202653152283
8,307,104,8.03667071024541e-06,0.003256628978287234
8,308,123,9.504908628463322e-06,0.0032485923075769884
8,309,106,8.191222070057823e-06,0.003239087398948525
8,310,117,9.041254549026087e-06,0.0032308961768784676
8,311,127,9.814011348088145e-06,0.0032218549223294412
8,312,122,9.427632948557115e-06,0.003212040910981353
8,313,118,9.118530228932294e-06,0.003202613278032796
8,314,117,9.041254549026087e-06,0.003193494747803864
8,315,143,1.105042222658744e-05,0.003184453493254838
8,316,138,1.066404382705641e-05,0.00317340307102825
8,317,127,9.814011348088145e-06,0.003162739027201194
8,318,132,1.0200389747619175e-05,0.0031529250158531057
8,319,121,9.35035726865091e-06,0.0031427246261054864
8,320,122,9.427632948557115e-06,0.0031333742688368356
8,321,123,9.504908628463322e-06,0.0031239466358882785
8,322,144,1.1127697906493646e-05,0.003114441727259815
8,323,137,1.0586768147150205e-05,0.0031033140293533217
8,324,121,9.35035726865091e-06,0.0030927272612061713
8,325,139,1.0741319506962616e-05,0.0030833769039375204
8,326,138,1.066404382705641e-05,0.003072635584430558
8,327,165,1.2750487184523968e-05,0.0030619715406035013
8,328,121,9.35035726865091e-06,0.0030492210534189775
8,329,137,1.0586768147150205e-05,0.0030398706961503267
8,330,161,1.2441384464899145e-05,0.0030292839280031763
8,331,156,1.2055006065368116e-05,0.0030168425435382774
8,332,147,1.1359524946212263e-05,0.003004787537472909
8,333,141,1.0895870866775029e-05,0.002993428012526697
8,334,139,1.0741319506962616e-05,0.0029825321416599216
8,335,160,1.236410878499294e-05,0.002971790822152959
8,336,142,1.0973146546681233e-05,0.002959426713367966
8,337,129,9.968562707900558e-06,0.002948453566821285
8,338,156,1.2055006065368116e-05,0.0029384850041133843
8,339,114,8.80942750930747e-06,0.002926429998048016
8,340,130,1.0045838387806763e-05,0.002917620570538709
8,341,154,1.1900454705555704e-05,0.002907574732150902
8,342,141,1.0895870866775029e-05,0.002895674277445346
8,343,137,1.0586768147150205e-05,0.0028847784065785713
8,344,144,1.1127697906493646e-05,0.0028741916384314213
8,345,134,1.0354941107431586e-05,0.0028630639405249274
8,346,136,1.0509492467243999e-05,0.002852708999417496
8,347,148,1.143680062611847e-05,0.002842199506950252
8,348,139,1.0741319506962616e-05,0.0028307627063241334
8,349,142,1.0973146546681233e-05,0.002820021386817171
8,350,155,1.197773038546191e-05,0.0028090482402704895
8,351,145,1.1204973586399852e-05,0.002797070509885028
8,352,154,1.1900454705555704e-05,0.0027858655362986277
8,353,155,1.197773038546191e-05,0.0027739650815930723
8,354,138,1.066404382705641e-05,0.0027619873512076103
8,355,161,1.2441384464899145e-05,0.0027513233073805537
8,356,155,1.197773038546191e-05,0.002738881922915655
8,357,182,1.4064173742929469e-05,0.002726904192530193
8,358,165,1.2750487184523968e-05,0.002712840018787263
8,359,165,1.2750487184523968e-05,0.0027000895316027394
8,360,161,1.2441384464899145e-05,0.002687339044418215
8,361,163,1.2595935824711557e-05,0.0026748976599533163
8,362,197,1.5223308941522556e-05,0.0026623017241286045
8,363,173,1.3368692623773615e-05,0.002647078415187082
8,364,149,1.1514076306024676e-05,0.0026337097225633084
8,365,189,1.460510350227291e-05,0.0026221956462572837
8,366,165,1.2750487184523968e-05,0.002607590542755011
8,367,171,1.3214141263961204e-05,0.0025948400555704867
8,368,165,1.2750487184523968e-05,0.0025816259143065256
8,369,163,1.2595935824711557e-05,0.002568875427122002
8,370,168,1.2982314224242587e-05,0.00255627949129729
8,371,173,1.3368692623773615e-05,0.0025432971770730475
8,372,184,1.421872510274188e-05,0.002529928484449274
8,373,161,1.2441384464899145e-05,0.002515709759346532
8,374,179,1.3832346703210851e-05,0.002503268374881633
8,375,197,1.5223308941522556e-05,0.002489436028178422
8,376,162,1.251866014480535e-05,0.0024742127192368996
8,377,156,1.2055006065368116e-05,0.002461694059092094
8,378,150,1.159135198593088e-05,0.0024496390530267262
8,379,176,1.3600519663492234e-05,0.0024380477010407953
8,380,146,1.1282249266306057e-05,0.002424447181377303
8,381,175,1.3523243983586028e-05,0.002413164932110997
8,382,175,1.3523243983586028e-05,0.002399641688127411
8,383,155,1.197773038546191e-05,0.002386118444143825
8,384,175,1.3523243983586028e-05,0.002374140713758363
8,385,184,1.421872510274188e-05,0.002360617469774777
8,386,168,1.2982314224242587e-05,0.002346398744672035
8,387,173,1.3368692623773615e-05,0.0023334164304477925
8,388,180,1.3909622383117056e-05,0.002320047737824019
8,389,191,1.4759654862085322e-05,0.0023061381154409017
8,390,182,1.4064173742929469e-05,0.0022913784605788166
8,391,221,1.7077925259271496e-05,0.002277314286835887
8,392,173,1.3368692623773615e-05,0.0022602363615766155
8,393,168,1.2982314224242587e-05,0.002246867668952842
8,394,160,1.236410878499294e-05,0.0022338853547285995
8,395,180,1.3909622383117056e-05,0.0022215212459436064
8,396,173,1.3368692623773615e-05,0.002207611623560489
8,397,169,1.3059589904148792e-05,0.0021942429309367156
8,398,196,1.514603326161635e-05,0.002181183341032567
8,399,181,1.3986898063023262e-05,0.0021660373077709506
8,400,183,1.4141449422835675e-05,0.0021520504097079273
8,401,150,1.159135198593088e-05,0.0021379089602850915
8,402,190,1.4682379182179116e-05,0.0021263176082991606
8,403,197,1.5223308941522556e-05,0.0021116352291169816
8,404,199,1.5377860301334967e-05,0.002096411920175459
8,405,182,1.4064173742929469e-05,0.002081034059874124
8,406,190,1.4682379182179116e-05,0.0020669698861311946
8,407,214,1.6536995499928055e-05,0.0020522875069490156
8,408,204,1.5764238700866e-05,0.0020357505114490873
8,409,185,1.4296000782648086e-05,0.0020199862727482217
8,410,166,1.2827762864430174e-05,0.0020056902719655734
8,411,180,1.3909622383117056e-05,0.0019928625091011434
8,412,201,1.553241166114738e-05,0.0019789528867180262
8,413,164,1.2673211504617763e-05,0.001963420475056879
8,414,197,1.5223308941522556e-05,0.001950747263552261
8,415,167,1.290503854433638e-05,0.0019355239546107385
8,416,183,1.4141449422835675e-05,0.001922618916066402
8,417,159,1.2286833105086734e-05,0.0019084774666435665
8,418,169,1.3059589904148792e-05,0.0018961906335384796
8,419,157,1.2132281745274321e-05,0.0018831310436343309
8,420,180,1.3909622383117056e-05,0.0018709987618890566
8,421,158,1.2209557425180527e-05,0.0018570891395059395
8,422,147,1.1359524946212263e-05,0.001844879582080759
8,423,185,1.4296000782648086e-05,0.0018335200571345466
8,424,186,1.4373276462554292e-05,0.0018192240563518986
8,425,186,1.4373276462554292e-05,0.0018048507798893443
8,426,181,1.3986898063023262e-05,0.00179047750342679
8,427,168,1.2982314224242587e-05,0.0017764906053637669
8,428,163,1.2595935824711557e-05,0.0017635082911395242
8,429,179,1.3832346703210851e-05,0.0017509123553148126
8,430,162,1.251866014480535e-05,0.0017370800086116017
8,431,177,1.3677795343398439e-05,0.0017245613484667963
8,432,166,1.2827762864430174e-05,0.001710883553123398
8,433,179,1.3832346703210851e-05,0.0016980557902589678
8,434,188,1.4527827822366703e-05,0.001684223443555757
8,435,173,1.3368692623773615e-05,0.0016696956157333902
8,436,163,1.2595935824711557e-05,0.0016563269231096166
8,437,182,1.4064173742929469e-05,0.001643730987284905
8,438,159,1.2286833105086734e-05,0.0016296668135419756
8,439,192,1.4836930541991527e-05,0.001617379980436889
8,440,144,1.1127697906493646e-05,0.0016025430498948974
8,441,165,1.2750487184523968e-05,0.0015914153519884038
8,442,185,1.4296000782648086e-05,0.0015786648648038798
8,443,169,1.3059589904148792e-05,0.0015643688640212317
8,444,186,1.4373276462554292e-05,0.0015513092741170828
8,445,168,1.2982314224242587e-05,0.0015369359976545286
8,446,159,1.2286833105086734e-05,0.0015239536834302859
8,447,188,1.4527827822366703e-05,0.0015116668503251992
8,448,173,1.3368692623773615e-05,0.0014971390225028325
8,449,164,1.2673211504617763e-05,0.0014837703298790589
8,450,158,1.2209557425180527e-05,0.001471097118374441
8,451,143,1.105042222658744e-05,0.0014588875609492606
8,452,139,1.0741319506962616e-05,0.001447837138722673
8,453,157,1.2132281745274321e-05,0.0014370958192157107
8,454,146,1.1282249266306057e-05,0.0014249635374704362
8,455,166,1.2827762864430174e-05,0.0014136812882041302
8,456,149,1.1514076306024676e-05,0.0014008535253397
8,457,159,1.2286833105086734e-05,0.0013893394490336753
8,458,163,1.2595935824711557e-05,0.0013770526159285887
8,459,162,1.251866014480535e-05,0.001364456680103877
8,460,182,1.4064173742929469e-05,0.0013519380199590717
8,461,150,1.159135198593088e-05,0.0013378738462161421
8,462,159,1.2286833105086734e-05,0.0013262824942302113
8,463,168,1.2982314224242587e-05,0.0013139956611251246
8,464,161,1.2441384464899145e-05,0.001301013346900882
8,465,161,1.2441384464899145e-05,0.001288571962435983
8,466,152,1.1745903345743293e-05,0.0012761305779710839
8,467,155,1.197773038546191e-05,0.0012643846746253405
8,468,163,1.2595935824711557e-05,0.0012524069442398785
8,469,165,1.2750487184523968e-05,0.001239811008415167
8,470,162,1.251866014480535e-05,0.001227060521230643
8,471,153,1.1823179025649497e-05,0.0012145418610858376
8,472,131,1.0123114067712969e-05,0.0012027186820601882
8,473,143,1.105042222658744e-05,0.0011925955679924752
8,474,174,1.3445968303679821e-05,0.0011815451457658878
8,475,159,1.2286833105086734e-05,0.001168099177462208
8,476,167,1.290503854433638e-05,0.0011558123443571211
8,477,169,1.3059589904148792e-05,0.001142907305812785
8,478,181,1.3986898063023262e-05,0.001129847715908636
8,479,159,1.2286833105086734e-05,0.0011158608178456128
8,480,173,1.3368692623773615e-05,0.001103573984740526
8,481,152,1.1745903345743293e-05,0.0010902052921167524
8,482,172,1.329141694386741e-05,0.0010784593887710092
8,483,153,1.1823179025649497e-05,0.0010651679718271417
8,484,136,1.0509492467243999e-05,0.0010533447928014923
8,485,154,1.1900454705555704e-05,0.0010428353003342481
8,486,154,1.1900454705555704e-05,0.0010309348456286926
8,487,150,1.159135198593088e-05,0.0010190343909231368
8,488,144,1.1127697906493646e-05,0.001007443038937206
8,489,142,1.0973146546681233e-05,0.0009963153410307124
8,490,128,9.891287027994352e-06,0.000985342194484031
8,491,139,1.0741319506962616e-05,0.0009754509074560367
8,492,136,1.0509492467243999e-05,0.0009647095879490741
8,493,140,1.0818595186868822e-05,0.0009542000954818301
8,494,160,1.236410878499294e-05,0.0009433815002949612
8,495,124,9.582184308369528e-06,0.0009310173915099683
8,496,134,1.0354941107431586e-05,0.0009214352072015988
8,497,154,1.1900454705555704e-05,0.0009110802660941672
8,498,122,9.427632948557115e-06,0.0008991798113886115
8,499,140,1.0818595186868822e-05,0.0008897521784400543
8,500,111,8.577600469588851e-06,0.0008789335832531856
8,501,109,8.42304910977644e-06,0.0008703559827835968
8,502,94,7.2639139111833515e-06,0.0008619329336738203
8,503,127,9.814011348088145e-06,0.0008546690197626369
8,504,133,1.0277665427525381e-05,0.0008448550084145488
8,505,127,9.814011348088145e-06,0.0008345773429870234
8,506,138,1.066404382705641e-05,0.0008247633316389352
8,507,135,1.0432216787337792e-05,0.0008140992878118788
8,508,134,1.0354941107431586e-05,0.0008036670710245411
8,509,109,8.42304910977644e-06,0.0007933121299171094
8,510,117,9.041254549026087e-06,0.000784889080807333
8,511,120,9.273081588744704e-06,0.000775847826258307
8,512,115,8.886703189213675e-06,0.0007665747446695622
8,513,113,8.732151829401264e-06,0.0007576880414803485
8,514,129,9.968562707900558e-06,0.0007489558896509472
8,515,131,1.0123114067712969e-05,0.0007389873269430467
8,516,108,8.345773429870234e-06,0.0007288642128753338
8,517,95,7.341189591089558e-06,0.0007205184394454635
8,518,113,8.732151829401264e-06,0.000713177249854374
8,519,104,8.03667071024541e-06,0.0007044450980249727
8,520,122,9.427632948557115e-06,0.0006964084273147273
8,521,102,7.882119350433e-06,0.0006869807943661702
8,522,115,8.886703189213675e-06,0.0006790986750157371
8,523,115,8.886703189213675e-06,0.0006702119718265235
8,524,124,9.582184308369528e-06,0.0006613252686373098
8,525,116,8.963978869119881e-06,0.0006517430843289403
8,526,106,8.191222070057823e-06,0.0006427791054598205
8,527,95,7.341189591089558e-06,0.0006345878833897626
8,528,114,8.80942750930747e-06,0.0006272466937986731
8,529,105,8.113946390151617e-06,0.0006184372662893656
8,530,117,9.041254549026087e-06,0.000610323319899214
8,531,98,7.573016630808175e-06,0.0006012820653501879
8,532,117,9.041254549026087e-06,0.0005937090487193798
8,533,89,6.8775355116523225e-06,0.0005846677941703536
8,534,91,7.032086871464734e-06,0.0005777902586587013
8,535,99,7.65029231071438e-06,0.0005707581717872365
8,536,98,7.573016630808175e-06,0.0005631078794765222
8,537,81,6.259330072402675e-06,0.000555534862845714
8,538,107,8.268497749964028e-06,0.0005492755327733114
8,539,95,7.341189591089558e-06,0.0005410070350233473
8,540,120,9.273081588744704e-06,0.0005336658454322577
8,541,79,6.104778712590264e-06,0.000524392763843513
8,542,88,6.800259831746117e-06,0.0005182879851309228
8,543,82,6.336605752308882e-06,0.0005114877252991767
8,544,98,7.573016630808175e-06,0.0005051511195468678
8,545,83,6.413881432215087e-06,0.0004975781029160596
8,546,64,4.945643513997176e-06,0.0004911642214838445
8,547,96,7.418465270995763e-06,0.00048621857796984734
8,548,95,7.341189591089558e-06,0.0004788001126988516
8,549,88,6.800259831746117e-06,0.000471458923107762
8,550,81,6.259330072402675e-06,0.0004646586632760159
8,551,69,5.332021913528205e-06,0.0004583993332036132
8,552,75,5.79567599296544e-06,0.000453067311290085
8,553,92,7.10936255137094e-06,0.0004472716352971196
8,554,69,5.332021913528205e-06,0.00044016227274574864
8,555,79,6.104778712590264e-06,0.00043483025083222043
8,556,90,6.954811191558528e-06,0.00042872547211963015
8,557,90,6.954811191558528e-06,0.0004217706609280716
8,558,92,7.10936255137094e-06,0.0004148158497365131
8,559,90,6.954811191558528e-06,0.0004077064871851422
8,560,82,6.336605752308882e-06,0.00040075167599358367
8,561,88,6.800259831746117e-06,0.0003944150702412748
8,562,74,5.718400313059235e-06,0.00038761481040952865
8,563,76,5.872951672871646e-06,0.00038189641009646943
8,564,85,6.568432792027499e-06,0.00037602345842359776
8,565,71,5.4865732733406166e-06,0.00036945502563157025
8,566,77,5.950227352777852e-06,0.00036396845235822965
8,567,75,5.79567599296544e-06,0.0003580182250054518
8,568,79,6.104778712590264e-06,0.00035222254901248637
8,569,76,5.872951672871646e-06,0.0003461177702998961
8,570,61,4.713816474278558e-06,0.0003402448186270245
8,571,73,5.641124633153028e-06,0.0003355310021527459
8,572,69,5.332021913528205e-06,0.00032988987751959284
8,573,65,5.022919193903381e-06,0.0003245578556060647
8,574,71,5.4865732733406166e-06,0.00031953493641216125
8,575,55,4.250162394841323e-06,0.00031404836313882065
8,576,65,5.022919193903381e-06,0.00030979820074397935
8,577,64,4.945643513997176e-06,0.000304775281550076
8,578,79,6.104778712590264e-06,0.00029982963803607877
8,579,65,5.022919193903381e-06,0.0002937248593234885
8,580,69,5.332021913528205e-06,0.0002887019401295851
8,581,62,4.791092154184764e-06,0.0002833699182160569
8,582,62,4.791092154184764e-06,0.00027857882606187215
8,583,68,5.254746233621999e-06,0.0002737877339076874
8,584,69,5.332021913528205e-06,0.0002685329876740654
8,585,60,4.636540794372352e-06,0.0002632009657605372
8,586,58,4.4819894345599405e-06,0.0002585644249661648
8,587,76,5.872951672871646e-06,0.0002540824355316049
8,588,58,4.4819894345599405e-06,0.00024820948385873324
8,589,45,3.477405595779264e-06,0.00024372749442417332
8,590,71,5.4865732733406166e-06,0.00024025008882839406
8,591,47,3.6319569555916757e-06,0.00023476351555505343
8,592,66,5.1001948738095876e-06,0.00023113155859946175
8,593,55,4.250162394841323e-06,0.00022603136372565218
8,594,59,4.559265114466147e-06,0.00022178120133081085
8,595,63,4.8683678340909695e-06,0.0002172219362163447
8,596,52,4.018335355122705e-06,0.00021235356838225373
8,597,49,3.7865083154040875e-06,0.00020833523302713101
8,598,39,3.013751516342029e-06,0.00020454872471172694
8,599,52,4.018335355122705e-06,0.00020153497319538491
8,600,50,3.863783995310293e-06,0.0001975166378402622
8,601,47,3.6319569555916757e-06,0.0001936528538449519
8,602,53,4.0956110350289115e-06,0.00019002089688936022
8,603,37,2.8592001565296173e-06,0.00018592528585433131
8,604,50,3.863783995310293e-06,0.0001830660856978017
8,605,43,3.3228542359668526e-06,0.0001792023017024914
8,606,51,3.9410596752165e-06,0.00017587944746652457
8,607,56,4.327438074747529e-06,0.00017193838779130805
8,608,45,3.477405595779264e-06,0.00016761094971656052
8,609,47,3.6319569555916757e-06,0.00016413354412078126
8,610,52,4.018335355122705e-06,0.00016050158716518958
8,611,45,3.477405595779264e-06,0.0001564832518100669
8,612,37,2.8592001565296173e-06,0.00015300584621428764
8,613,38,2.936475836435823e-06,0.000150146646057758
8,614,47,3.6319569555916757e-06,0.0001472101702213222
8,615,33,2.5500974369047938e-06,0.00014357821326573051
8,616,42,3.2455785560606467e-06,0.00014102811582882572
8,617,37,2.8592001565296173e-06,0.00013778253727276507
8,618,49,3.7865083154040875e-06,0.00013492333711623546
8,619,35,2.7046487967172055e-06,0.00013113682880083136
8,620,44,3.4001299158730585e-06,0.00012843218000411415
8,621,37,2.8592001565296173e-06,0.0001250320500882411
8,622,31,2.395546077092382e-06,0.00012217284993171147
8,623,32,2.472821756998588e-06,0.0001197773038546191
8,624,38,2.936475836435823e-06,0.0001173044820976205
8,625,30,2.318270397186176e-06,0.00011436800626118469
8,626,38,2.936475836435823e-06,0.00011204973586399852
8,627,40,3.091027196248235e-06,0.00010911326002756268
8,628,29,2.2409947172799702e-06,0.00010602223283131446
8,629,17,1.3136865584054998e-06,0.00010378123811403449
8,630,32,2.472821756998588e-06,0.00010246755155562899
8,631,23,1.777340637842735e-06,9.99947297986304e-05
8,632,23,1.777340637842735e-06,9.821738916078766e-05
8,633,27,2.0864433574675585e-06,9.644004852294493e-05
8,634,25,1.9318919976551467e-06,9.435360516547736e-05
8,635,28,2.1637190373737644e-06,9.242171316782222e-05
8,636,28,2.1637190373737644e-06,9.025799413044845e-05
8,637,25,1.9318919976551467e-06,8.809427509307469e-05
8,638,25,1.9318919976551467e-06,8.616238309541954e-05
8,639,29,2.2409947172799702e-06,8.42304910977644e-05
8,640,17,1.3136865584054998e-06,8.198949638048442e-05
8,641,31,2.395546077092382e-06,8.067580982207893e-05
8,642,29,2.2409947172799702e-06,7.828026374498655e-05
8,643,32,2.472821756998588e-06,7.603926902770657e-05
8,644,19,1.4682379182179116e-06,7.356644727070799e-05
8,645,27,2.0864433574675585e-06,7.209820935249008e-05
8,646,25,1.9318919976551467e-06,7.001176599502252e-05
8,647,22,1.7000649579365293e-06,6.807987399736737e-05
8,648,30,2.318270397186176e-06,6.637980903943085e-05
8,649,29,2.2409947172799702e-06,6.406153864224467e-05
8,650,30,2.318270397186176e-06,6.18205439249647e-05
8,651,19,1.4682379182179116e-06,5.950227352777852e-05
8,652,23,1.777340637842735e-06,5.803403560956061e-05
8,653,18,1.3909622383117057e-06,5.6256694971717874e-05
8,654,24,1.8546163177489408e-06,5.486573273340617e-05
8,655,24,1.8546163177489408e-06,5.301111641565723e-05
8,656,14,1.0818595186868822e-06,5.1156500097908285e-05
8,657,25,1.9318919976551467e-06,5.00746405792214e-05
8,658,19,1.4682379182179116e-06,4.8142748581566256e-05
8,659,15,1.159135198593088e-06,4.6674510663348346e-05
8,660,16,1.236410878499294e-06,4.5515375464755255e-05
8,661,20,1.5455135981241175e-06,4.427896458625596e-05
8,662,20,1.5455135981241175e-06,4.273345098813185e-05
8,663,24,1.8546163177489408e-06,4.118793739000773e-05
8,664,18,1.3909622383117057e-06,3.933332107225879e-05
8,665,18,1.3909622383117057e-06,3.7942358833947084e-05
8,666,22,1.7000649579365293e-06,3.655139659563538e-05
8,667,16,1.236410878499294e-06,3.4851331637698845e-05
8,668,9,6.954811191558529e-07,3.361492075919955e-05
8,669,11,8.500324789682646e-07,3.29194396400437e-05
8,670,18,1.3909622383117057e-06,3.206940716107544e-05
8,671,16,1.236410878499294e-06,3.067844492276373e-05
8,672,14,1.0818595186868822e-06,2.9442034044264438e-05
8,673,12,9.273081588744704e-07,2.8360174525577556e-05
8,674,14,1.0818595186868822e-06,2.7432866366703084e-05
8,675,6,4.636540794372352e-07,2.6351006848016202e-05
8,676,8,6.18205439249647e-07,2.5887352768578968e-05
8,677,10,7.727567990620587e-07,2.526914732932932e-05
8,678,26,2.0091676775613526e-06,2.449639053026726e-05
8,679,10,7.727567990620587e-07,2.2487222852705907e-05
8,680,9,6.954811191558529e-07,2.171446605364385e-05
8,681,12,9.273081588744704e-07,2.1018984934487997e-05
8,682,7,5.409297593434411e-07,2.0091676775613525e-05
8,683,8,6.18205439249647e-07,1.9550747016270084e-05
8,684,10,7.727567990620587e-07,1.8932541577020437e-05
8,685,7,5.409297593434411e-07,1.815978477795838e-05
8,686,10,7.727567990620587e-07,1.761885501861494e-05
8,687,6,4.636540794372352e-07,1.684609821955288e-05
8,688,12,9.273081588744704e-07,1.6382444140115646e-05
8,689,10,7.727567990620587e-07,1.5455135981241174e-05
8,690,11,8.500324789682646e-07,1.4682379182179116e-05
8,691,6,4.636540794372352e-07,1.3832346703210851e-05
8,692,8,6.18205439249647e-07,1.3368692623773615e-05
8,693,7,5.409297593434411e-07,1.2750487184523968e-05
8,694,7,5.409297593434411e-07,1.2209557425180527e-05
8,695,2,1.5455135981241174e-07,1.1668627665837087e-05
8,696,6,4.636540794372352e-07,1.1514076306024676e-05
8,697,3,2.318270397186176e-07,1.105042222658744e-05
8,698,5,3.8637839953102937e-07,1.0818595186868822e-05
8,699,2,1.5455135981241174e-07,1.0432216787337792e-05
8,700,8,6.18205439249647e-07,1.0277665427525381e-05
8,701,3,2.318270397186176e-07,9.659459988275734e-06
8,702,4,3.091027196248235e-07,9.427632948557115e-06
8,703,5,3.8637839953102937e-07,9.118530228932294e-06
8,704,7,5.409297593434411e-07,8.732151829401264e-06
8,705,6,4.636540794372352e-07,8.191222070057823e-06
8,706,5,3.8637839953102937e-07,7.727567990620587e-06
8,707,5,3.8637839953102937e-07,7.341189591089558e-06
8,708,5,3.8637839953102937e-07,6.954811191558528e-06
8,709,5,3.8637839953102937e-07,6.568432792027499e-06
8,710,3,2.318270397186176e-07,6.18205439249647e-06
8,711,2,1.5455135981241174e-07,5.950227352777852e-06
8,712,6,4.636540794372352e-07,5.79567599296544e-06
8,713,5,3.8637839953102937e-07,5.332021913528205e-06
8,714,3,2.318270397186176e-07,4.945643513997176e-06
8,715,4,3.091027196248235e-07,4.713816474278558e-06
8,717,2,1.5455135981241174e-07,4.404713754653735e-06
8,719,2,1.5455135981241174e-07,4.250162394841323e-06
8,721,3,2.318270397186176e-07,4.0956110350289115e-06
8,723,3,2.318270397186176e-07,3.863783995310293e-06
8,724,1,7.727567990620587e-08,3.6319569555916757e-06
8,725,4,3.091027196248235e-07,3.55468127568547e-06
8,726,5,3.8637839953102937e-07,3.2455785560606467e-06
8,727,2,1.5455135981241174e-07,2.8592001565296173e-06
8,728,3,2.318270397186176e-07,2.7046487967172055e-06
8,729,3,2.318270397186176e-07,2.472821756998588e-06
8,730,1,7.727567990620587e-08,2.2409947172799702e-06
8,734,2,1.5455135981241174e-07,2.1637190373737644e-06
8,735,1,7.727567990620587e-08,2.0091676775613526e-06
8,738,1,7.727567990620587e-08,1.9318919976551467e-06
8,739,1,7.727567990620587e-08,1.8546163177489408e-06
8,740,3,2.318270397186176e-07,1.777340637842735e-06
8,741,1,7.727567990620587e-08,1.5455135981241175e-06
8,742,3,2.318270397186176e-07,1.4682379182179116e-06
8,743,2,1.5455135981241174e-07,1.236410878499294e-06
8,745,1,7.727567990620587e-08,1.0818595186868822e-06
8,749,1,7.727567990620587e-08,1.0045838387806763e-06
8,751,1,7.727567990620587e-08,9.273081588744704e-07
8,753,1,7.727567990620587e-08,8.500324789682646e-07
8,755,1,7.727567990620587e-08,7.727567990620587e-07
8,756,1,7.727567990620587e-08,6.954811191558529e-07
8,757,1,7.727567990620587e-08,6.18205439249647e-07
8,759,1,7.727567990620587e-08,5.409297593434411e-07
8,762,1,7.727567990620587e-08,4.636540794372352e-07
8,763,1,7.727567990620587e-08,3.8637839953102937e-07
8,767,1,7.727567990620587e-08,3.091027196248235e-07
8,773,1,7.727567990620587e-08,2.318270397186176e-07
8,790,1,7.727567990620587e-08,1.5455135981241174e-07
8,795,1,7.727567990620587e-08,7.727567990620587e-08
16,1,16281437,0.860986213908269,1.0
16,2,1398831,0.07397223025139107,0.13901378609173093
16,3,418875,0.02215072295834982,0.06504155584033987
16,4,200176,0.01058559980641154,0.04289083288199004
16,5,121282,0.006413569637325175,0.032305233075578504
16,6,78978,0.004176472212007286,0.025891663438253328
16,7,53433,0.0028256152308767674,0.021715191226246044
16,8,40331,0.0021327622981395563,0.018889575995369275
16,9,31401,0.0016605308304748257,0.01675681369722972
16,10,25579,0.0013526549508842258,0.015096282866754894
16,11,20410,0.001079310666857463,0.013743627915870669
16,12,17892,0.0009461551421564786,0.012664317249013205
16,13,14913,0.0007886212628537651,0.011718162106856727
16,14,12261,0.0006483796220646426,0.010929540844002961
16,15,10915,0.000577201172403195,0.010281161221938319
16,16,9998,0.0005287088705164583,0.009703960049535124
16,17,9343,0.0004940715120259322,0.009175251179018667
16,18,8467,0.00044774735013631254,0.008681179666992734
16,19,7023,0.0003713865170671221,0.008233432316856422
16,20,5957,0.00031501487714208267,0.007862045799789299
16,21,5598,0.00029603043180147367,0.007547030922647216
16,22,5302,0.00028037751865155655,0.007251000490845743
16,23,4798,0.0002537252611260219,0.006970622972194186
16,24,4206,0.00022241943482618763,0.006716897711068165
16,25,3809,0.0002014254938784947,0.006494478276241977
16,26,3464,0.00018318138902470612,0.006293052782363482
16,27,3036,0.00016054812271333943,0.006109871393338776
16,28,2933,0.00015510133198887502,0.005949323270625436
16,29,2835,0.00014991894858113218,0.005794221938636561
16,30,2783,0.0001471691124872278,0.0056443029900554295
16,31,2479,0.00013109314763055615,0.005497133877568202
16,32,2484,0.00013135755494727772,0.005366040729937645
16,33,2265,0.00011977651447487279,0.005234683174990368
16,34,2078,0.00010988768082948594,0.0051149066605154945
16,35,2047,0.00010824835546581219,0.0050050189796860085
16,36,1788,9.455205645963468e-05,0.004896770624220196
16,37,1675,8.857645110172711e-05,0.004802218567760562
16,38,1529,8.085575745345717e-05,0.004713642116658835
16,39,1442,7.62550701425018e-05,0.004632786359205378
16,40,1431,7.567337404571433e-05,0.004556531289062876
16,41,1291,6.826996917751028e-05,0.004480857915017161
16,42,1167,6.171266772281525e-05,0.004412587945839651
16,43,1158,6.123673455271642e-05,0.004350875278116836
16,44,1021,5.3991974074545306e-05,0.00428963854356412
16,45,1034,5.46794330980214e-05,0.0042356465694895745
16,46,997,5.272281895428176e-05,0.004180967136391553
16,47,954,5.044891603047622e-05,0.0041282443174372714
16,48,899,4.7540435546538914e-05,0.004077795401406795
16,49,849,4.4896362379323175e-05,0.004030254965860256
16,50,820,4.3362799942338054e-05,0.003985358603480933
16,51,813,4.299262969892785e-05,0.003941995803538595
16,52,757,4.003126775164623e-05,0.003899003173839667
16,53,703,3.7175668731053235e-05,0.0038589719060880207
16,54,737,3.897363848475993e-05,0.0038217962373569675
16,55,709,3.749295751111912e-05,0.003782822598872208
16,56,685,3.622380239085557e-05,0.0037453296413610883
16,57,653,3.4531595563837496e-05,0.003709105838970233
16,58,617,3.2627862883442166e-05,0.0036745742434063956
16,59,651,3.442583263714887e-05,0.003641946380522953
16,60,550,2.9084804839373083e-05,0.0036075205478858043
16,61,541,2.860887166927425e-05,0.0035784357430464313
16,62,469,2.4801406308483595e-05,0.003549826871377157
16,63,479,2.533022094192674e-05,0.0035250254650686734
16,64,454,2.400818435831887e-05,0.0034996952441267467
16,65,426,2.252750338467806e-05,0.003475687059768428
16,66,392,2.0729533630971362e-05,0.0034531595563837498
16,67,382,2.0200718997528215e-05,0.0034324300227527786
16,68,381,2.01478375341839e-05,0.0034122293037552502
16,69,364,1.924885265733055e-05,0.0033920814662210664
16,70,308,1.6287490710048928e-05,0.003372832613563736
16,71,301,1.5917320466638723e-05,0.0033565451228536867
16,72,296,1.565291314991715e-05,0.003340627802387048
16,73,283,1.496545412644106e-05,0.003324974889237131
16,74,266,1.406646924958771e-05,0.0033100094351106897
16,75,250,1.3220365836078674e-05,0.003295942965861102
16,76,256,1.3537654616144563e-05,0.0032827226000250237
16,77,247,1.306172144604573e-05,0.003269184945408879
16,78,244,1.2903077056012787e-05,0.003256123223962833
16,79,218,1.1528159009060603e-05,0.0032432201469068203
16,80,238,1.2585788275946898e-05,0.0032316919878977598
16,81,235,1.2427143885913954e-05,0.003219106199621813
16,82,222,1.1739684862437863e-05,0.003206679055735899
16,83,215,1.136951461902766e-05,0.0031949393708734612
16,84,220,1.1633921935749233e-05,0.0031835698562544335
16,85,228,1.2056973642503751e-05,0.0031719359343186843
16,86,213,1.126375169233903e-05,0.0031598789606761806
16,87,191,1.0100359498764108e-05,0.0031486152089838415
16,88,200,1.057629266886294e-05,0.003138514849485077
16,89,233,1.2321380959225325e-05,0.0031279385568162145
16,90,184,9.730189255353905e-06,0.003115617175856989
16,91,223,1.1792566325782178e-05,0.003105886986601635
16,92,195,1.0311885352141365e-05,0.003094094420275853
16,93,192,1.0153240962108422e-05,0.0030837825349237114
16,94,187,9.888833645386848e-06,0.0030736292939616034
16,95,205,1.0840699985584513e-05,0.0030637404603162163
16,96,189,9.994596572075478e-06,0.0030528997603306318
16,97,193,1.0206122425452737e-05,0.0030429051637585565
16,98,169,8.936967305189184e-06,0.0030326990413331034
16,99,192,1.0153240962108422e-05,0.0030237620740279146
16,100,174,9.201374621910757e-06,0.003013608833065806
16,101,156,8.249508281713094e-06,0.0030044074584438954
16,102,161,8.513915598434667e-06,0.002996157950162182
16,103,157,8.302389745057408e-06,0.0029876440345637475
16,104,150,7.932219501647205e-06,0.00297934164481869
16,105,143,7.562049258237002e-06,0.002971409425317043
16,106,134,7.086116088138169e-06,0.002963847376058806
16,107,135,7.138997551482484e-06,0.002956761259970668
16,108,121,6.3986570646620786e-06,0.002949622262419185
16,109,112,5.922723894563246e-06,0.002943223605354523
16,110,102,5.393909261120099e-06,0.00293730088145996
16,111,103,5.446790724464414e-06,0.00293190697219884
16,112,97,5.129501944398526e-06,0.0029264601814743755
16,113,96,5.076620481054211e-06,0.0029213306795299768
16,114,111,5.869842431218931e-06,0.0029162540590489225
16,115,88,4.653568774299693e-06,0.0029103842166177036
16,116,91,4.812213164332638e-06,0.002905730647843404
16,117,80,4.2305170675451756e-06,0.0029009184346790715
16,118,74,3.9132282874792875e-06,0.002896687917611526
16,119,90,4.759331700988323e-06,0.002892774689324047
16,120,78,4.124754140856547e-06,0.0028880153576230586
16,121,93,4.917976091021267e-06,0.002883890603482202
16,122,80,4.2305170675451756e-06,0.0028789726273911807
16,123,79,4.177635604200861e-06,0.0028747421103236357
16,124,89,4.706450237644008e-06,0.0028705644747194347
16,125,74,3.9132282874792875e-06,0.002865858024481791
16,126,73,3.860346824134973e-06,0.0028619447961943114
16,127,75,3.966109750823602e-06,0.0028580844493701764
16,128,77,4.071872677512232e-06,0.0028541183396193527
16,129,78,4.124754140856547e-06,0.002850046466941841
16,130,65,3.4372951173804555e-06,0.002845921712800984
16,131,80,4.2305170675451756e-06,0.0028424844176836036
16,132,67,3.5430580440690847e-06,0.0028382539006160585
16,133,53,2.802717557248679e-06,0.0028347108425719894
16,134,66,3.49017658072477e-06,0.002831908125014741
16,135,55,2.9084804839373082e-06,0.002828417948434016
16,136,58,3.0671248739702527e-06,0.0028255094679500788
16,137,47,2.4854287771827906e-06,0.0028224423430761084
16,138,82,4.336279994233805e-06,0.0028199569142989254
16,139,49,2.5911917038714202e-06,0.0028156206343046917
16,140,45,2.3796658504941614e-06,0.0028130294426008205
16,141,53,2.802717557248679e-06,0.002810649776750326
16,142,52,2.7498360939043642e-06,0.0028078470591930776
16,143,47,2.4854287771827906e-06,0.002805097223099173
16,144,54,2.855599020592994e-06,0.0028026117943219906
16,145,55,2.9084804839373082e-06,0.0027997561953013975
16,146,49,2.5911917038714202e-06,0.00279684771481746
16,147,43,2.2739029238055322e-06,0.0027942565231135886
16,148,49,2.5911917038714202e-06,0.002791982620189783
16,149,46,2.4325473138384762e-06,0.0027893914284859117
16,150,43,2.2739029238055322e-06,0.002786958881172073
16,151,39,2.0623770704282734e-06,0.0027846849782482675
16,152,36,1.9037326803953292e-06,0.0027826226011778395
16,153,41,2.1681399971169026e-06,0.0027807188684974443
16,154,49,2.5911917038714202e-06,0.002778550728500327
16,155,29,1.5335624369851263e-06,0.002775959536796456
16,156,37,1.9566141437396438e-06,0.0027744259743594708
16,157,40,2.1152585337725878e-06,0.002772469360215731
16,158,29,1.5335624369851263e-06,0.0027703541016819585
16,159,30,1.586443900329441e-06,0.0027688205392449733
16,160,35,1.8508512170510144e-06,0.002767234095344644
16,161,43,2.2739029238055322e-06,0.002765383244127593
16,162,38,2.0094956070839586e-06,0.002763109341203787
16,163,44,2.3267843871498466e-06,0.0027610998455967033
16,164,45,2.3796658504941614e-06,0.0027587730612095534
16,165,32,1.6922068270180704e-06,0.0027563933953590595
16,166,36,1.9037326803953292e-06,0.002754701188532041
16,167,58,3.0671248739702527e-06,0.002752797455851646
16,168,36,1.9037326803953292e-06,0.0027497303309776755
16,169,28,1.4806809736408115e-06,0.0027478265982972803
16,170,40,2.1152585337725878e-06,0.0027463459173236397
16,171,39,2.0623770704282734e-06,0.002744230658789867
16,172,37,1.9566141437396438e-06,0.0027421682817194387
16,173,38,2.0094956070839586e-06,0.002740211667575699
16,174,46,2.4325473138384762e-06,0.002738202171968615
16,175,37,1.9566141437396438e-06,0.0027357696246547766
16,176,41,2.1681399971169026e-06,0.002733813010511037
16,177,36,1.9037326803953292e-06,0.00273164487051392
16,178,28,1.4806809736408115e-06,0.002729741137833525
16,179,35,1.8508512170510144e-06,0.002728260456859884
16,180,37,1.9566141437396438e-06,0.0027264096056428327
16,181,43,2.2739029238055322e-06,0.0027244529914990934
16,182,37,1.9566141437396438e-06,0.0027221790885752876
16,183,35,1.8508512170510144e-06,0.002720222474431548
16,184,46,2.4325473138384762e-06,0.002718371623214497
16,185,34,1.7979697537066998e-06,0.0027159390759006587
16,186,35,1.8508512170510144e-06,0.0027141411061469517
16,187,23,1.2162736569192381e-06,0.002712290254929901
16,188,44,2.3267843871498466e-06,0.0027110739812729817
16,189,30,1.586443900329441e-06,0.002708747196885832
16,190,32,1.6922068270180704e-06,0.002707160752985502
16,191,26,1.3749180469521821e-06,0.0027054685461584843
16,192,26,1.3749180469521821e-06,0.0027040936281115323
16,193,21,1.1105107302306087e-06,0.00270271871006458
16,194,31,1.6393253636737555e-06,0.0027016081993343492
16,195,24,1.2691551202635527e-06,0.0026999688739706754
16,196,32,1.6922068270180704e-06,0.002698699718850412
16,197,28,1.4806809736408115e-06,0.0026970075120233937
16,198,12,6.345775601317764e-07,0.002695526831049753
16,199,21,1.1105107302306087e-06,0.002694892253489621
16,200,19,1.0047478035419793e-06,0.0026937817427593906
16,201,22,1.1633921935749233e-06,0.0026927769949558486
16,202,25,1.3220365836078675e-06,0.002691613602762274
16,203,23,1.2162736569192381e-06,0.002690291566178666
16,204,17,8.989848768533499e-07,0.002689075292521747
16,205,20,1.0576292668862939e-06,0.0026881763076448935
16,206,20,1.0576292668862939e-06,0.002687118678378007
16,207,13,6.874590234760911e-07,0.0026860610491111206
16,208,22,1.1633921935749233e-06,0.0026853735900876446
16,209,15,7.932219501647205e-07,0.00268421019789407
16,210,16,8.461034135090352e-07,0.0026834169759439052
16,211,20,1.0576292668862939e-06,0.002682570872530396
16,212,14,7.403404868204058e-07,0.0026815132432635095
16,213,14,7.403404868204058e-07,0.0026807729027766894
16,214,23,1.2162736569192381e-06,0.002680032562289869
16,215,12,6.345775601317764e-07,0.0026788162886329497
16,216,13,6.874590234760911e-07,0.0026781817110728178
16,217,17,8.989848768533499e-07,0.0026774942520493418
16,218,15,7.932219501647205e-07,0.0026765952671724885
16,219,9,4.759331700988323e-07,0.002675802045222324
16,220,5,2.6440731672157347e-07,0.0026753261120522247
16,221,13,6.874590234760911e-07,0.0026750617047355033
16,222,11,5.816960967874616e-07,0.0026743742457120273
16,223,14,7.403404868204058e-07,0.00267379254961524
16,224,9,4.759331700988323e-07,0.0026730522091284194
16,225,12,6.345775601317764e-07,0.0026725762759583207
16,226,9,4.759331700988323e-07,0.002671941698398189
16,227,12,6.345775601317764e-07,0.0026714657652280897
16,228,17,8.989848768533499e-07,0.0026708311876679582
16,229,15,7.932219501647205e-07,0.002669932202791105
16,230,10,5.288146334431469e-07,0.00266913898084094
16,231,16,8.461034135090352e-07,0.002668610166207497
16,232,14,7.403404868204058e-07,0.002667764062793988
16,233,8,4.230517067545176e-07,0.0026670237223071673
16,234,13,6.874590234760911e-07,0.0026666006706004127
16,235,12,6.345775601317764e-07,0.0026659132115769367
16,236,11,5.816960967874616e-07,0.0026652786340168053
16,237,13,6.874590234760911e-07,0.0026646969379200175
16,238,9,4.759331700988323e-07,0.0026640094788965415
16,239,13,6.874590234760911e-07,0.002663533545726443
16,240,11,5.816960967874616e-07,0.002662846086702967
16,241,9,4.759331700988323e-07,0.002662264390606179
16,242,5,2.6440731672157347e-07,0.0026617884574360803
16,243,4,2.115258533772588e-07,0.002661524050119359
16,244,8,4.230517067545176e-07,0.0026613125242659816
16,245,7,3.701702434102029e-07,0.002660889472559227
16,246,12,6.345775601317764e-07,0.0026605193023158166
16,247,13,6.874590234760911e-07,0.002659884724755685
16,248,13,6.874590234760911e-07,0.002659197265732209
16,249,16,8.461034135090352e-07,0.0026585098067087327
16,250,13,6.874590234760911e-07,0.002657663703295224
16,251,7,3.701702434102029e-07,0.0026569762442717475
16,252,13,6.874590234760911e-07,0.0026566060740283374
16,253,10,5.288146334431469e-07,0.0026559186150048614
16,254,13,6.874590234760911e-07,0.002655389800371418
16,255,11,5.816960967874616e-07,0.002654702341347942
16,256,13,6.874590234760911e-07,0.002654120645251155
16,257,11,5.816960967874616e-07,0.0026534331862276784
16,258,7,3.701702434102029e-07,0.002652851490130891
16,259,9,4.759331700988323e-07,0.002652481319887481
16,260,7,3.701702434102029e-07,0.002652005386717382
16,261,10,5.288146334431469e-07,0.002651635216473972
16,262,6,3.172887800658882e-07,0.0026511064018405286
16,263,10,5.288146334431469e-07,0.0026507891130604627
16,264,10,5.288146334431469e-07,0.00265026029842702
16,265,9,4.759331700988323e-07,0.0026497314837935766
16,266,8,4.230517067545176e-07,0.002649255550623478
16,267,11,5.816960967874616e-07,0.0026488324989167233
16,268,4,2.115258533772588e-07,0.002648250802819936
16,269,12,6.345775601317764e-07,0.0026480392769665587
16,270,10,5.288146334431469e-07,0.0026474046994064268
16,271,9,4.759331700988323e-07,0.0026468758847729835
16,272,4,2.115258533772588e-07,0.002646399951602885
16,273,10,5.288146334431469e-07,0.0026461884257495075
16,274,6,3.172887800658882e-07,0.0026456596111160643
16,275,7,3.701702434102029e-07,0.0026453423223359984
16,276,8,4.230517067545176e-07,0.0026449721520925883
16,277,5,2.6440731672157347e-07,0.0026445491003858337
16,278,5,2.6440731672157347e-07,0.0026442846930691123
16,279,7,3.701702434102029e-07,0.0026440202857523905
16,280,14,7.403404868204058e-07,0.0026436501155089804
16,281,4,2.115258533772588e-07,0.00264290977502216
16,282,7,3.701702434102029e-07,0.0026426982491687826
16,283,8,4.230517067545176e-07,0.0026423280789253725
16,284,5,2.6440731672157347e-07,0.002641905027218618
16,285,11,5.816960967874616e-07,0.0026416406199018965
16,286,15,7.932219501647205e-07,0.0026410589238051087
16,287,5,2.6440731672157347e-07,0.002640265701854944
16,288,4,2.115258533772588e-07,0.0026400012945382227
16,289,3,1.586443900329441e-07,0.0026397897686848454
16,290,6,3.172887800658882e-07,0.0026396311242948126
16,291,6,3.172887800658882e-07,0.0026393138355147467
16,292,12,6.345775601317764e-07,0.0026389965467346808
16,293,8,4.230517067545176e-07,0.002638361969174549
16,294,10,5.288146334431469e-07,0.0026379389174677943
16,295,10,5.288146334431469e-07,0.002637410102834351
16,296,6,3.172887800658882e-07,0.0026368812882009082
16,297,11,5.816960967874616e-07,0.0026365639994208423
16,298,7,3.701702434102029e-07,0.002635982303324055
16,299,8,4.230517067545176e-07,0.0026356121330806444
16,300,9,4.759331700988323e-07,0.00263518908137389
16,301,8,4.230517067545176e-07,0.002634713148203791
16,302,12,6.345775601317764e-07,0.0026342900964970366
16,303,14,7.403404868204058e-07,0.002633655518936905
16,304,9,4.759331700988323e-07,0.0026329151784500846
16,305,4,2.115258533772588e-07,0.002632439245279986
16,306,5,2.6440731672157347e-07,0.0026322277194266086
16,307,6,3.172887800658882e-07,0.0026319633121098867
16,308,7,3.701702434102029e-07,0.002631646023329821
16,309,14,7.403404868204058e-07,0.0026312758530864107
16,310,9,4.759331700988323e-07,0.00263053551259959
16,311,12,6.345775601317764e-07,0.0026300595794294915
16,312,5,2.6440731672157347e-07,0.0026294250018693596
16,313,6,3.172887800658882e-07,0.002629160594552638
16,314,13,6.874590234760911e-07,0.0026288433057725723
16,315,6,3.172887800658882e-07,0.0026281558467490963
16,316,10,5.288146334431469e-07,0.0026278385579690303
16,317,10,5.288146334431469e-07,0.002627309743335587
16,318,5,2.6440731672157347e-07,0.002626780928702144
16,319,11,5.816960967874616e-07,0.0026265165213854224
16,320,6,3.172887800658882e-07,0.002625934825288635
16,321,6,3.172887800658882e-07,0.002625617536508569
16,322,11,5.816960967874616e-07,0.002625300247728503
16,323,6,3.172887800658882e-07,0.002624718551631716
16,324,9,4.759331700988323e-07,0.00262440126285165
16,325,8,4.230517067545176e-07,0.002623925329681551
16,326,8,4.230517067545176e-07,0.0026235022779747966
16,327,8,4.230517067545176e-07,0.002623079226268042
16,328,13,6.874590234760911e-07,0.0026226561745612874
16,329,7,3.701702434102029e-07,0.0026219687155378114
16,330,13,6.874590234760911e-07,0.0026215985452944014
16,331,10,5.288146334431469e-07,0.002620911086270925
16,332,11,5.816960967874616e-07,0.002620382271637482
16,333,12,6.345775601317764e-07,0.0026198005755406943
16,334,16,8.461034135090352e-07,0.002619165997980563
16,335,13,6.874590234760911e-07,0.0026183198945670537
16,336,12,6.345775601317764e-07,0.0026176324355435777
16,337,15,7.932219501647205e-07,0.002616997857983446
16,338,14,7.403404868204058e-07,0.002616204636033281
16,339,14,7.403404868204058e-07,0.0026154642955464606
16,340,14,7.403404868204058e-07,0.00261472395505964
16,341,16,8.461034135090352e-07,0.00261398361457282
16,342,18,9.518663401976646e-07,0.002613137511159311
16,343,8,4.230517067545176e-07,0.002612185644819113
16,344,17,8.989848768533499e-07,0.002611762593112359
16,345,11,5.816960967874616e-07,0.002610863608235505
16,346,13,6.874590234760911e-07,0.0026102819121387177
16,347,10,5.288146334431469e-07,0.0026095944531152417
16,348,10,5.288146334431469e-07,0.0026090656384817985
16,349,11,5.816960967874616e-07,0.0026085368238483553
16,350,14,7.403404868204058e-07,0.002607955127751568
16,351,16,8.461034135090352e-07,0.0026072147872647474
16,352,13,6.874590234760911e-07,0.0026063686838512386
16,353,12,6.345775601317764e-07,0.0026056812248277626
16,354,13,6.874590234760911e-07,0.0026050466472676307
16,355,5,2.6440731672157347e-07,0.0026043591882441547
16,356,13,6.874590234760911e-07,0.002604094780927433
16,357,16,8.461034135090352e-07,0.002603407321903957
16,358,9,4.759331700988323e-07,0.0026025612184904477
16,359,12,6.345775601317764e-07,0.002602085285320349
16,360,15,7.932219501647205e-07,0.002601450707760217
16,361,19,1.0047478035419793e-06,0.0026006574858100525
16,362,18,9.518663401976646e-07,0.0025996527380065105
16,363,7,3.701702434102029e-07,0.0025987008716663127
16,364,20,1.0576292668862939e-06,0.0025983307014229027
16,365,16,8.461034135090352e-07,0.0025972730721560166
16,366,17,8.989848768533499e-07,0.0025964269687425074
16,367,12,6.345775601317764e-07,0.002595527983865654
16,368,16,8.461034135090352e-07,0.0025948934063055222
16,369,18,9.518663401976646e-07,0.002594047302892013
16,370,12,6.345775601317764e-07,0.0025930954365518157
16,371,21,1.1105107302306087e-06,0.0025924608589916838
16,372,18,9.518663401976646e-07,0.002591350348261453
16,373,17,8.989848768533499e-07,0.0025903984819212553
16,374,22,1.1633921935749233e-06,0.002589499497044402
16,375,17,8.989848768533499e-07,0.0025883361048508273
16,376,19,1.0047478035419793e-06,0.002587437119973974
16,377,19,1.0047478035419793e-06,0.0025864323721704317
16,378,19,1.0047478035419793e-06,0.0025854276243668897
16,379,22,1.1633921935749233e-06,0.002584422876563348
16,380,18,9.518663401976646e-07,0.002583259484369773
16,381,25,1.3220365836078675e-06,0.0025823076180295753
16,382,16,8.461034135090352e-07,0.0025809855814459674
16,383,20,1.0576292668862939e-06,0.0025801394780324586
16,384,27,1.427799510296497e-06,0.002579081848765572
16,385,25,1.3220365836078675e-06,0.0025776540492552756
16,386,26,1.3749180469521821e-06,0.0025763320126716677
16,387,22,1.1633921935749233e-06,0.0025749570946247157
16,388,22,1.1633921935749233e-06,0.0025737937024311406
16,389,20,1.0576292668862939e-06,0.002572630310237566
16,390,21,1.1105107302306087e-06,0.0025715726809706794
16,391,20,1.0576292668862939e-06,0.002570462170240449
16,392,31,1.6393253636737555e-06,0.0025694045409735623
16,393,26,1.3749180469521821e-06,0.002567765215609889
16,394,38,2.0094956070839586e-06,0.0025663902975629365
16,395,28,1.4806809736408115e-06,0.0025643808019558526
16,396,22,1.1633921935749233e-06,0.002562900120982212
16,397,30,1.586443900329441e-06,0.002561736728788637
16,398,33,1.745088290362385e-06,0.0025601502848883076
16,399,27,1.427799510296497e-06,0.002558405196597945
16,400,26,1.3749180469521821e-06,0.0025569773970876486
16,401,26,1.3749180469521821e-06,0.0025556024790406966
16,402,28,1.4806809736408115e-06,0.002554227560993744
16,403,36,1.9037326803953292e-06,0.0025527468800201035
16,404,22,1.1633921935749233e-06,0.0025508431473397083
16,405,32,1.6922068270180704e-06,0.002549679755146133
16,406,34,1.7979697537066998e-06,0.002547987548319115
16,407,29,1.5335624369851263e-06,0.0025461895785654086
16,408,28,1.4806809736408115e-06,0.0025446560161284234
16,409,31,1.6393253636737555e-06,0.0025431753351547823
16,410,41,2.1681399971169026e-06,0.0025415360097911085
16,411,30,1.586443900329441e-06,0.002539367869793992
16,412,29,1.5335624369851263e-06,0.002537781425893662
16,413,40,2.1152585337725878e-06,0.0025362478634566774
16,414,47,2.4854287771827906e-06,0.0025341326049229044
16,415,39,2.0623770704282734e-06,0.002531647176145722
16,416,37,1.9566141437396438e-06,0.0025295847990752934
16,417,29,1.5335624369851263e-06,0.002527628184931554
16,418,36,1.9037326803953292e-06,0.002526094622494569
16,419,52,2.7498360939043642e-06,0.0025241908898141737
16,420,35,1.8508512170510144e-06,0.0025214410537202693
16,421,44,2.3267843871498466e-06,0.002519590202503218
16,422,36,1.9037326803953292e-06,0.0025172634181160683
16,423,38,2.0094956070839586e-06,0.002515359685435673
16,424,30,1.586443900329441e-06,0.002513350189828589
16,425,44,2.3267843871498466e-06,0.0025117637459282595
16,426,42,2.2210214604612174e-06,0.0025094369615411096
16,427,38,2.0094956070839586e-06,0.0025072159400806484
16,428,33,1.745088290362385e-06,0.0025052064444735646
16,429,45,2.3796658504941614e-06,0.002503461356183202
16,430,57,3.014243410625938e-06,0.002501081690332708
16,431,39,2.0623770704282734e-06,0.002498067446922082
16,432,60,3.172887800658882e-06,0.002496005069851654
16,433,49,2.5911917038714202e-06,0.002492832182050995
16,434,49,2.5911917038714202e-06,0.0024902409903471237
16,435,34,1.7979697537066998e-06,0.002487649798643252
16,436,60,3.172887800658882e-06,0.0024858518288895454
16,437,49,2.5911917038714202e-06,0.0024826789410888864
16,438,65,3.4372951173804555e-06,0.002480087749385015
16,439,50,2.644073167215735e-06,0.0024766504542676347
16,440,43,2.2739029238055322e-06,0.002474006381100419
16,441,52,2.7498360939043642e-06,0.0024717324781766132
16,442,60,3.172887800658882e-06,0.002468982642082709
16,443,58,3.0671248739702527e-06,0.0024658097542820502
16,444,53,2.802717557248679e-06,0.00246274262940808
16,445,54,2.855599020592994e-06,0.002459939911850831
16,446,43,2.2739029238055322e-06,0.0024570843128302383
16,447,57,3.014243410625938e-06,0.0024548104099064326
16,448,59,3.120006337314567e-06,0.0024517961664958067
16,449,50,2.644073167215735e-06,0.0024486761601584923
16,450,53,2.802717557248679e-06,0.0024460320869912765
16,451,59,3.120006337314567e-06,0.0024432293694340275
16,452,56,2.961361947281623e-06,0.002440109363096713
16,453,71,3.7545838974463435e-06,0.0024371480011494313
16,454,47,2.4854287771827906e-06,0.002433393417251985
16,455,46,2.4325473138384762e-06,0.0024309079884748024
16,456,56,2.961361947281623e-06,0.002428475441160964
16,457,63,3.331532190691826e-06,0.002425514079213682
16,458,48,2.5383102405271054e-06,0.0024221825470229904
16,459,64,3.3844136540361407e-06,0.0024196442367824633
16,460,54,2.855599020592994e-06,0.002416259823128427
16,461,66,3.49017658072477e-06,0.0024134042241078344
16,462,72,3.8074653607906583e-06,0.0024099140475271094
16,463,53,2.802717557248679e-06,0.002406106582166319
16,464,51,2.6969546305600494e-06,0.00240330386460907
16,465,69,3.6488209707577143e-06,0.00240060690997851
16,466,63,3.331532190691826e-06,0.0023969580890077524
16,467,60,3.172887800658882e-06,0.0023936265568170606
16,468,65,3.4372951173804555e-06,0.0023904536690164016
16,469,67,3.5430580440690847e-06,0.002387016373899021
16,470,81,4.28339853088949e-06,0.002383473315854952
16,471,60,3.172887800658882e-06,0.0023791899173240625
16,472,60,3.172887800658882e-06,0.0023760170295234035
16,473,69,3.6488209707577143e-06,0.002372844141722745
16,474,67,3.5430580440690847e-06,0.002369195320751987
16,475,64,3.3844136540361407e-06,0.002365652262707918
16,476,57,3.014243410625938e-06,0.002362267849053882
16,477,71,3.7545838974463435e-06,0.002359253605643256
16,478,65,3.4372951173804555e-06,0.0023554990217458096
16,479,77,4.071872677512232e-06,0.002352061726628429
16,480,73,3.860346824134973e-06,0.002347989853950917
16,481,75,3.966109750823602e-06,0.002344129507126782
16,482,69,3.6488209707577143e-06,0.0023401633973759582
16,483,85,4.49492438426675e-06,0.0023365145764052005
16,484,74,3.9132282874792875e-06,0.002332019652020934
16,485,73,3.860346824134973e-06,0.0023281064237334545
16,486,74,3.9132282874792875e-06,0.0023242460769093195
16,487,67,3.5430580440690847e-06,0.0023203328486218404
16,488,78,4.124754140856547e-06,0.0023167897905777713
16,489,93,4.917976091021267e-06,0.002312665036436915
16,490,93,4.917976091021267e-06,0.0023077470603458934
16,491,77,4.071872677512232e-06,0.0023028290842548723
16,492,78,4.124754140856547e-06,0.00229875721157736
16,493,91,4.812213164332638e-06,0.002294632457436503
16,494,86,4.5478058476110644e-06,0.0022898202442721708
16,495,82,4.336279994233805e-06,0.0022852724384245598
16,496,70,3.7017024341020287e-06,0.002280936158430326
16,497,111,5.869842431218931e-06,0.002277234455996224
16,498,88,4.653568774299693e-06,0.002271364613565005
16,499,81,4.28339853088949e-06,0.0022667110447907052
16,500,68,3.5959395074133995e-06,0.0022624276462598156
16,501,89,4.706450237644008e-06,0.0022588317067524025
16,502,89,4.706450237644008e-06,0.0022541252565147583
16,503,90,4.759331700988323e-06,0.0022494188062771145
16,504,95,5.023739017709896e-06,0.0022446594745761258
16,505,104,5.4996721878087285e-06,0.002239635735558416
16,506,108,5.711198041185988e-06,0.0022341360633706072
16,507,99,5.235264871087155e-06,0.0022284248653294215
16,508,93,4.917976091021267e-06,0.002223189600458334
16,509,97,5.129501944398526e-06,0.002218271624367313
16,510,95,5.023739017709896e-06,0.0022131421224229142
16,511,111,5.869842431218931e-06,0.0022081183834052045
16,512,101,5.341027797775785e-06,0.0022022485409739856
16,513,86,4.5478058476110644e-06,0.00219690751317621
16,514,99,5.235264871087155e-06,0.002192359707328599
16,515,91,4.812213164332638e-06,0.0021871244424575115
16,516,104,5.4996721878087285e-06,0.002182312229293179
16,517,92,4.8650946276769524e-06,0.0021768125571053703
16,518,111,5.869842431218931e-06,0.0021719474624776933
16,519,116,6.134249747940505e-06,0.0021660776200464744
16,520,99,5.235264871087155e-06,0.0021599433702985337
16,521,128,6.768827308072281e-06,0.0021547081054274467
16,522,104,5.4996721878087285e-06,0.0021479392781193745
16,523,121,6.3986570646620786e-06,0.0021424396059315657
16,524,96,5.076620481054211e-06,0.0021360409488669035
16,525,114,6.028486821251876e-06,0.0021309643283858493
16,526,119,6.292894137973449e-06,0.0021249358415645976
16,527,107,5.658316577841673e-06,0.002118642947426624
16,528,126,6.663064381383652e-06,0.0021129846308487825
16,529,117,6.187131211284819e-06,0.0021063215664673986
16,530,115,6.0813682845961906e-06,0.0021001344352561137
16,531,124,6.557301454695022e-06,0.0020940530669715175
16,532,107,5.658316577841673e-06,0.0020874957655168227
16,533,125,6.610182918039337e-06,0.002081837448938981
16,534,140,7.4034048682040574e-06,0.0020752272660209416
16,535,107,5.658316577841673e-06,0.0020678238611527375
16,536,140,7.4034048682040574e-06,0.002062165544574896
16,537,129,6.821708771416596e-06,0.002054762139706692
16,538,137,7.244760478171114e-06,0.002047940430935275
16,539,114,6.028486821251876e-06,0.0020406956704571043
16,540,114,6.028486821251876e-06,0.002034667183635852
16,541,110,5.8169609678746165e-06,0.0020286386968146005
16,542,116,6.134249747940505e-06,0.0020228217358467257
16,543,135,7.138997551482484e-06,0.0020166874860987854
16,544,120,6.345775601317764e-06,0.0020095484885473028
16,545,113,5.975605357907561e-06,0.002003202712945985
16,546,116,6.134249747940505e-06,0.0019972271075880776
16,547,114,6.028486821251876e-06,0.001991092857840137
16,548,131,6.927471698105226e-06,0.0019850643710188852
16,549,115,6.0813682845961906e-06,0.00197813689932078
16,550,146,7.720693648269945e-06,0.0019720555310361837
16,551,125,6.610182918039337e-06,0.0019643348373879137
16,552,138,7.297641941515429e-06,0.0019577246544698742
16,553,140,7.4034048682040574e-06,0.001950427012528359
16,554,131,6.927471698105226e-06,0.001943023607660155
16,555,135,7.138997551482484e-06,0.0019360961359620498
16,556,122,6.451538528006393e-06,0.0019289571384105673
16,557,153,8.090863891680148e-06,0.0019225055998825609
16,558,125,6.610182918039337e-06,0.0019144147359908808
16,559,162,8.56679706177898e-06,0.0019078045530728414
16,560,126,6.663064381383652e-06,0.0018992377560110624
16,561,153,8.090863891680148e-06,0.0018925746916296788
16,562,129,6.821708771416596e-06,0.0018844838277379985
16,563,153,8.090863891680148e-06,0.001877662118966582
16,564,139,7.350523404859743e-06,0.0018695712550749017
16,565,156,8.249508281713094e-06,0.0018622207316700422
16,566,137,7.244760478171114e-06,0.001853971223388329
16,567,126,6.663064381383652e-06,0.0018467264629101578
16,568,136,7.191879014826799e-06,0.0018400633985287743
16,569,159,8.408152671746037e-06,0.0018328715195139475
16,570,131,6.927471698105226e-06,0.0018244633668422015
16,571,128,6.768827308072281e-06,0.0018175358951440961
16,572,154,8.143745355024464e-06,0.001810767067836024
16,573,151,7.985100964991519e-06,0.0018026233224809995
16,574,153,8.090863891680148e-06,0.0017946382215160079
16,575,144,7.614930721581317e-06,0.0017865473576243278
16,576,133,7.033234624793855e-06,0.0017789324269027464
16,577,147,7.773575111614261e-06,0.0017718991922779526
16,578,150,7.932219501647205e-06,0.0017641256171663383
16,579,144,7.614930721581317e-06,0.0017561933976646912
16,580,134,7.086116088138169e-06,0.0017485784669431098
16,581,139,7.350523404859743e-06,0.0017414923508549717
16,582,144,7.614930721581317e-06,0.001734141827450112
16,583,142,7.509167794892687e-06,0.0017265268967285306
16,584,168,8.88408584184487e-06,0.0017190177289336378
16,585,147,7.773575111614261e-06,0.001710133643091793
16,586,159,8.408152671746037e-06,0.0017023600679801788
16,587,121,6.3986570646620786e-06,0.0016939519153084327
16,588,169,8.936967305189184e-06,0.0016875532582437706
16,589,145,7.667812184925631e-06,0.0016786162909385816
16,590,146,7.720693648269945e-06,0.0016709484787536559
16,591,147,7.773575111614261e-06,0.0016632277851053858
16,592,165,8.725441451811924e-06,0.0016554542099937717
16,593,140,7.4034048682040574e-06,0.0016467287685419598
16,594,149,7.87933803830289e-06,0.0016393253636737557
16,595,138,7.297641941515429e-06,0.0016314460256354527
16,596,157,8.302389745057408e-06,0.0016241483836939373
16,597,131,6.927471698105226e-06,0.0016158459939488799
16,598,147,7.773575111614261e-06,0.0016089185222507747
16,599,149,7.87933803830289e-06,0.0016011449471391604
16,600,142,7.509167794892687e-06,0.0015932656091008576
16,601,139,7.350523404859743e-06,0.0015857564413059649
16,602,161,8.513915598434667e-06,0.0015784059179011051
16,603,154,8.143745355024464e-06,0.0015698920023026705
16,604,157,8.302389745057408e-06,0.001561748256947646
16,605,164,8.67255998846761e-06,0.0015534458672025885
16,606,147,7.773575111614261e-06,0.001544773307214121
16,607,145,7.667812184925631e-06,0.0015369997321025067
16,608,162,8.56679706177898e-06,0.001529331919917581
16,609,139,7.350523404859743e-06,0.001520765122855802
16,610,137,7.244760478171114e-06,0.0015134145994509423
16,611,138,7.297641941515429e-06,0.0015061698389727712
16,612,148,7.826456574958575e-06,0.0014988721970312557
16,613,139,7.350523404859743e-06,0.0014910457404562973
16,614,151,7.985100964991519e-06,0.0014836952170514375
16,615,138,7.297641941515429e-06,0.0014757101160864459
16,616,171,9.042730231877813e-06,0.0014684124741449305
16,617,143,7.562049258237002e-06,0.0014593697439130528
16,618,166,8.77832291515624e-06,0.0014518076946548157
16,619,165,8.725441451811924e-06,0.0014430293717396594
16,620,157,8.302389745057408e-06,0.0014343039302878475
16,621,141,7.456286331548372e-06,0.00142600154054279
16,622,161,8.513915598434667e-06,0.0014185452542112417
16,623,153,8.090863891680148e-06,0.001410031338612807
16,624,141,7.456286331548372e-06,0.001401940474721127
16,625,144,7.614930721581317e-06,0.0013944841883895785
16,626,152,8.037982428335834e-06,0.0013868692576679972
16,627,166,8.77832291515624e-06,0.0013788312752396614
16,628,145,7.667812184925631e-06,0.0013700529523245051
16,629,149,7.87933803830289e-06,0.0013623851401395797
16,630,148,7.826456574958575e-06,0.0013545058021012767
16,631,168,8.88408584184487e-06,0.001346679345526318
16,632,173,9.148493158566443e-06,0.0013377952596844733
16,633,147,7.773575111614261e-06,0.0013286467665259067
16,634,137,7.244760478171114e-06,0.0013208731914142926
16,635,172,9.095611695222129e-06,0.0013136284309361215
16,636,152,8.037982428335834e-06,0.0013045328192408993
16,637,155,8.196626818368778e-06,0.0012964948368125635
16,638,142,7.509167794892687e-06,0.0012882982099941948
16,639,144,7.614930721581317e-06,0.001280789042199302
16,640,161,8.513915598434667e-06,0.0012731741114777207
16,641,135,7.138997551482484e-06,0.001264660195879286
16,642,153,8.090863891680148e-06,0.0012575211983278036
16,643,151,7.985100964991519e-06,0.0012494303344361233
16,644,176,9.307137548599386e-06,0.0012414452334711318
16,645,160,8.461034135090351e-06,0.0012321380959225325
16,646,152,8.037982428335834e-06,0.0012236770617874422
16,647,159,8.408152671746037e-06,0.0012156390793591062
16,648,153,8.090863891680148e-06,0.0012072309266873602
16,649,152,8.037982428335834e-06,0.0011991400627956801
16,650,146,7.720693648269945e-06,0.0011911020803673442
16,651,153,8.090863891680148e-06,0.0011833813867190744
16,652,165,8.725441451811924e-06,0.001175290522827394
16,653,162,8.56679706177898e-06,0.0011665650813755823
16,654,152,8.037982428335834e-06,0.0011579982843138033
16,655,157,8.302389745057408e-06,0.0011499603018854674
16,656,173,9.148493158566443e-06,0.00114165791214041
16,657,123,6.504419991350708e-06,0.0011325094189818437
16,658,144,7.614930721581317e-06,0.0011260049989904929
16,659,159,8.408152671746037e-06,0.0011183900682689115
16,660,160,8.461034135090351e-06,0.0011099819155971655
16,661,148,7.826456574958575e-06,0.0011015208814620751
16,662,160,8.461034135090351e-06,0.0010936944248871167
16,663,125,6.610182918039337e-06,0.0010852333907520263
16,664,149,7.87933803830289e-06,0.001078623207833987
16,665,159,8.408152671746037e-06,0.001070743869795684
16,666,143,7.562049258237002e-06,0.001062335717123938
16,667,142,7.509167794892687e-06,0.001054773667865701
16,668,155,8.196626818368778e-06,0.0010472645000708083
16,669,149,7.87933803830289e-06,0.0010390678732524394
16,670,142,7.509167794892687e-06,0.0010311885352141366
16,671,157,8.302389745057408e-06,0.001023679367419244
16,672,150,7.932219501647205e-06,0.0010153769776741865
16,673,124,6.557301454695022e-06,0.0010074447581725392
16,674,139,7.350523404859743e-06,0.0010008874567178443
16,675,169,8.936967305189184e-06,0.0009935369333129846
16,676,134,7.086116088138169e-06,0.0009845999660077953
16,677,154,8.143745355024464e-06,0.0009775138499196572
16,678,139,7.350523404859743e-06,0.0009693701045646328
16,679,131,6.927471698105226e-06,0.000962019581159773
16,680,136,7.191879014826799e-06,0.0009550921094616678
16,681,141,7.456286331548372e-06,0.000947900230446841
16,682,135,7.138997551482484e-06,0.0009404439441152926
16,683,142,7.509167794892687e-06,0.0009333049465638101
16,684,144,7.614930721581317e-06,0.0009257957787689174
16,685,136,7.191879014826799e-06,0.0009181808480473361
16,686,134,7.086116088138169e-06,0.0009109889690325093
16,687,130,6.874590234760911e-06,0.0009039028529443711
16,688,136,7.191879014826799e-06,0.0008970282627096103
16,689,137,7.244760478171114e-06,0.0008898363836947834
16,690,141,7.456286331548372e-06,0.0008825916232166123
16,691,110,5.8169609678746165e-06,0.000875135336885064
16,692,146,7.720693648269945e-06,0.0008693183759171893
16,693,152,8.037982428335834e-06,0.0008615976822689194
16,694,162,8.56679706177898e-06,0.0008535596998405835
16,695,129,6.821708771416596e-06,0.0008449929027788045
16,696,133,7.033234624793855e-06,0.0008381711940073879
16,697,133,7.033234624793855e-06,0.0008311379593825941
16,698,130,6.874590234760911e-06,0.0008241047247578003
16,699,137,7.244760478171114e-06,0.0008172301345230394
16,700,123,6.504419991350708e-06,0.0008099853740448683
16,701,141,7.456286331548372e-06,0.0008034809540535175
16,702,131,6.927471698105226e-06,0.0007960246677219692
16,703,144,7.614930721581317e-06,0.0007890971960238639
16,704,146,7.720693648269945e-06,0.0007814822653022826
16,705,130,6.874590234760911e-06,0.0007737615716540126
16,706,132,6.98035316144954e-06,0.0007668869814192518
16,707,147,7.773575111614261e-06,0.0007599066282578022
16,708,135,7.138997551482484e-06,0.000752133053146188
16,709,114,6.028486821251876e-06,0.0007449940555947055
16,710,152,8.037982428335834e-06,0.0007389655687734536
16,711,135,7.138997551482484e-06,0.0007309275863451178
16,712,132,6.98035316144954e-06,0.0007237885887936353
16,713,141,7.456286331548372e-06,0.0007168082356321857
16,714,112,5.922723894563246e-06,0.0007093519493006373
16,715,109,5.764079504530302e-06,0.0007034292254060741
16,716,138,7.297641941515429e-06,0.0006976651459015438
16,717,115,6.0813682845961906e-06,0.0006903675039600283
16,718,128,6.768827308072281e-06,0.0006842861356754321
16,719,104,5.4996721878087285e-06,0.00067751730836736
16,720,131,6.927471698105226e-06,0.0006720176361795512
16,721,109,5.764079504530302e-06,0.000665090164481446
16,722,129,6.821708771416596e-06,0.0006593260849769157
16,723,139,7.350523404859743e-06,0.0006525043762054991
16,724,120,6.345775601317764e-06,0.0006451538528006393
16,725,109,5.764079504530302e-06,0.0006388080771993215
16,726,106,5.605435114497358e-06,0.0006330439976947913
16,727,109,5.764079504530302e-06,0.0006274385625802939
16,728,107,5.658316577841673e-06,0.0006216744830757635
16,729,117,6.187131211284819e-06,0.0006160161664979219
16,730,99,5.235264871087155e-06,0.0006098290352866371
16,731,111,5.869842431218931e-06,0.00060459377041555
16,732,119,6.292894137973449e-06,0.000598723927984331
16,733,123,6.504419991350708e-06,0.0005924310338463576
16,734,106,5.605435114497358e-06,0.0005859266138550068
16,735,112,5.922723894563246e-06,0.0005803211787405094
16,736,110,5.8169609678746165e-06,0.0005743984548459462
16,737,123,6.504419991350708e-06,0.0005685814938780717
16,738,102,5.393909261120099e-06,0.0005620770738867209
16,739,110,5.8169609678746165e-06,0.0005566831646256008
16,740,108,5.711198041185988e-06,0.0005508662036577262
16,741,108,5.711198041185988e-06,0.0005451550056165402
16,742,119,6.292894137973449e-06,0.0005394438075753543
16,743,90,4.759331700988323e-06,0.0005331509134373808
16,744,87,4.600687310955378e-06,0.0005283915817363925
16,745,99,5.235264871087155e-06,0.000523790894425437
16,746,87,4.600687310955378e-06,0.0005185556295543499
16,747,93,4.917976091021267e-06,0.0005139549422433946
16,748,88,4.653568774299693e-06,0.0005090369661523733
16,749,93,4.917976091021267e-06,0.0005043833973780735
16,750,98,5.1823834077428405e-06,0.0004994654212870523
16,751,117,6.187131211284819e-06,0.0004942830378793095
16,752,92,4.8650946276769524e-06,0.00048809590666802464
16,753,91,4.812213164332638e-06,0.0004832308120403477
16,754,75,3.966109750823602e-06,0.00047841859887601506
16,755,99,5.235264871087155e-06,0.00047445248912519146
16,756,91,4.812213164332638e-06,0.0004692172242541043
16,757,89,4.706450237644008e-06,0.00046440501108977166
16,758,74,3.9132282874792875e-06,0.0004596985608521277
16,759,123,6.504419991350708e-06,0.0004557853325646484
16,760,89,4.706450237644008e-06,0.00044928091257329767
16,761,89,4.706450237644008e-06,0.0004445744623356537
16,762,103,5.446790724464414e-06,0.00043986801209800966
16,763,99,5.235264871087155e-06,0.00043442122137354525
16,764,75,3.966109750823602e-06,0.0004291859565024581
16,765,76,4.018991214167917e-06,0.0004252198467516345
16,766,71,3.7545838974463435e-06,0.00042120085553746655
16,767,89,4.706450237644008e-06,0.00041744627164002024
16,768,94,4.970857554365581e-06,0.0004127398214023762
16,769,78,4.124754140856547e-06,0.00040776896384801066
16,770,81,4.28339853088949e-06,0.0004036442097071541
16,771,71,3.7545838974463435e-06,0.0003993608111762646
16,772,80,4.2305170675451756e-06,0.0003956062272788183
16,773,86,4.5478058476110644e-06,0.0003913757102112731
16,774,68,3.5959395074133995e-06,0.000386827904363662
16,775,60,3.172887800658882e-06,0.0003832319648562486
16,776,58,3.0671248739702527e-06,0.00038005907705558975
16,777,80,4.2305170675451756e-06,0.0003769919521816195
16,778,60,3.172887800658882e-06,0.0003727614351140743
16,779,59,3.120006337314567e-06,0.0003695885473134154
16,780,72,3.8074653607906583e-06,0.00036646854097610083
16,781,57,3.014243410625938e-06,0.0003626610756153102
16,782,75,3.966109750823602e-06,0.00035964683220468427
16,783,79,4.177635604200861e-06,0.00035568072245386066
16,784,71,3.7545838974463435e-06,0.0003515030868496598
16,785,83,4.38916145757812e-06,0.00034774850295221345
16,786,63,3.331532190691826e-06,0.0003433593414946353
16,787,68,3.5959395074133995e-06,0.0003400278093039435
16,788,87,4.600687310955378e-06,0.0003364318697965301
16,789,79,4.177635604200861e-06,0.0003318311824855747
16,790,59,3.120006337314567e-06,0.00032765354688137386
16,791,65,3.4372951173804555e-06,0.0003245335405440593
16,792,70,3.7017024341020287e-06,0.00032109624542667886
16,793,65,3.4372951173804555e-06,0.0003173945429925768
16,794,68,3.5959395074133995e-06,0.00031395724787519635
16,795,76,4.018991214167917e-06,0.00031036130836778296
16,796,67,3.5430580440690847e-06,0.00030634231715361503
16,797,52,2.7498360939043642e-06,0.00030279925910954597
16,798,68,3.5959395074133995e-06,0.0003000494230156416
16,799,69,3.6488209707577143e-06,0.0002964534835082282
16,800,64,3.3844136540361407e-06,0.0002928046625374705
16,801,69,3.6488209707577143e-06,0.00028942024888343435
16,802,69,3.6488209707577143e-06,0.00028577142791267663
16,803,49,2.5911917038714202e-06,0.0002821226069419189
16,804,57,3.014243410625938e-06,0.00027953141523804747
16,805,62,3.278650727347511e-06,0.00027651717182742154
16,806,54,2.855599020592994e-06,0.00027323852110007404
16,807,51,2.6969546305600494e-06,0.0002703829220794811
16,808,69,3.6488209707577143e-06,0.000267685967448921
16,809,63,3.331532190691826e-06,0.00026403714647816326
16,810,64,3.3844136540361407e-06,0.00026070561428747144
16,811,36,1.9037326803953292e-06,0.00025732120063343535
16,812,51,2.6969546305600494e-06,0.00025541746795304
16,813,61,3.2257692640031967e-06,0.00025272051332247996
16,814,62,3.278650727347511e-06,0.00024949474405847673
16,815,43,2.2739029238055322e-06,0.00024621609333112923
16,816,48,2.5383102405271054e-06,0.0002439421904073237
16,817,44,2.3267843871498466e-06,0.0002414038801667966
16,818,62,3.278650727347511e-06,0.00023907709577964675
16,819,57,3.014243410625938e-06,0.00023579844505229925
16,820,57,3.014243410625938e-06,0.0002327842016416733
16,821,42,2.2210214604612174e-06,0.00022976995823104735
16,822,44,2.3267843871498466e-06,0.00022754893677058615
16,823,53,2.802717557248679e-06,0.0002252221523834363
16,824,48,2.5383102405271054e-06,0.00022241943482618763
16,825,51,2.6969546305600494e-06,0.0002198811245856605
16,826,47,2.4854287771827906e-06,0.00021718416995510046
16,827,42,2.2210214604612174e-06,0.00021469874117791766
16,828,37,1.9566141437396438e-06,0.00021247771971745645
16,829,51,2.6969546305600494e-06,0.00021052110557371681
16,830,52,2.7498360939043642e-06,0.00020782415094315677
16,831,48,2.5383102405271054e-06,0.0002050743148492524
16,832,41,2.1681399971169026e-06,0.00020253600460872528
16,833,52,2.7498360939043642e-06,0.0002003678646116084
16,834,35,1.8508512170510144e-06,0.00019761802851770403
16,835,41,2.1681399971169026e-06,0.000195767177300653
16,836,43,2.2739029238055322e-06,0.0001935990373035361
16,837,46,2.4325473138384762e-06,0.00019132513437973057
16,838,44,2.3267843871498466e-06,0.0001888925870658921
16,839,46,2.4325473138384762e-06,0.00018656580267874227
16,840,34,1.7979697537066998e-06,0.0001841332553649038
16,841,52,2.7498360939043642e-06,0.00018233528561119707
16,842,37,1.9566141437396438e-06,0.0001795854495172927
16,843,36,1.9037326803953292e-06,0.00017762883537355306
16,844,33,1.745088290362385e-06,0.00017572510269315774
16,845,38,2.0094956070839586e-06,0.00017398001440279535
16,846,44,2.3267843871498466e-06,0.0001719705187957114
16,847,33,1.745088290362385e-06,0.00016964373440856155
16,848,28,1.4806809736408115e-06,0.00016789864611819916
16,849,43,2.2739029238055322e-06,0.00016641796514455835
16,850,33,1.745088290362385e-06,0.00016414406222075282
16,851,33,1.745088290362385e-06,0.00016239897393039045
16,852,45,2.3796658504941614e-06,0.00016065388564002805
16,853,31,1.6393253636737555e-06,0.0001582742197895339
16,854,40,2.1152585337725878e-06,0.00015663489442586012
16,855,34,1.7979697537066998e-06,0.00015451963589208754
16,856,47,2.4854287771827906e-06,0.00015272166613838084
16,857,32,1.6922068270180704e-06,0.00015023623736119807
16,858,44,2.3267843871498466e-06,0.00014854403053418
16,859,33,1.745088290362385e-06,0.00014621724614703014
16,860,31,1.6393253636737555e-06,0.00014447215785666774
16,861,16,8.461034135090352e-07,0.000142832832492994
16,862,28,1.4806809736408115e-06,0.00014198672907948497
16,863,28,1.4806809736408115e-06,0.00014050604810584416
16,864,35,1.8508512170510144e-06,0.00013902536713220333
16,865,40,2.1152585337725878e-06,0.00013717451591515234
16,866,33,1.745088290362385e-06,0.00013505925738137973
16,867,36,1.9037326803953292e-06,0.00013331416909101736
16,868,27,1.427799510296497e-06,0.000131410436410622
16,869,23,1.2162736569192381e-06,0.00012998263690032553
16,870,24,1.2691551202635527e-06,0.0001287663632434063
16,871,34,1.7979697537066998e-06,0.00012749720812314273
16,872,31,1.6393253636737555e-06,0.00012569923836943604
16,873,27,1.427799510296497e-06,0.0001240599130057623
16,874,19,1.0047478035419793e-06,0.00012263211349546578
16,875,19,1.0047478035419793e-06,0.00012162736569192381
16,876,24,1.2691551202635527e-06,0.00012062261788838183
16,877,27,1.427799510296497e-06,0.00011935346276811828
16,878,23,1.2162736569192381e-06,0.00011792566325782177
16,879,26,1.3749180469521821e-06,0.00011670938960090253
16,880,24,1.2691551202635527e-06,0.00011533447155395035
16,881,34,1.7979697537066998e-06,0.0001140653164336868
16,882,17,8.989848768533499e-07,0.00011226734667998011
16,883,36,1.9037326803953292e-06,0.00011136836180312676
16,884,29,1.5335624369851263e-06,0.00010946462912273143
16,885,30,1.586443900329441e-06,0.0001079310666857463
16,886,33,1.745088290362385e-06,0.00010634462278541686
16,887,26,1.3749180469521821e-06,0.00010459953449505448
16,888,28,1.4806809736408115e-06,0.0001032246164481023
16,889,26,1.3749180469521821e-06,0.00010174393547446148
16,890,21,1.1105107302306087e-06,0.00010036901742750929
16,891,25,1.3220365836078675e-06,9.925850669727869e-05
16,892,19,1.0047478035419793e-06,9.793647011367082e-05
16,893,20,1.0576292668862939e-06,9.693172231012885e-05
16,894,22,1.1633921935749233e-06,9.587409304324254e-05
16,895,24,1.2691551202635527e-06,9.471070084966763e-05
16,896,27,1.427799510296497e-06,9.344154572940407e-05
16,897,33,1.745088290362385e-06,9.201374621910757e-05
16,898,23,1.2162736569192381e-06,9.026865792874519e-05
16,899,22,1.1633921935749233e-06,8.905238427182595e-05
16,900,20,1.0576292668862939e-06,8.788899207825103e-05
16,901,24,1.2691551202635527e-06,8.683136281136473e-05
16,902,25,1.3220365836078675e-06,8.556220769110118e-05
16,903,22,1.1633921935749233e-06,8.424017110749332e-05
16,904,17,8.989848768533499e-07,8.307677891391839e-05
16,905,27,1.427799510296497e-06,8.217779403706505e-05
16,906,22,1.1633921935749233e-06,8.074999452676854e-05
16,907,18,9.518663401976646e-07,7.958660233319362e-05
16,908,24,1.2691551202635527e-06,7.863473599299595e-05
16,909,15,7.932219501647205e-07,7.73655808727324e-05
16,910,20,1.0576292668862939e-06,7.657235892256768e-05
16,911,20,1.0576292668862939e-06,7.551472965568138e-05
16,912,23,1.2162736569192381e-06,7.445710038879509e-05
16,913,15,7.932219501647205e-07,7.324082673187585e-05
16,914,18,9.518663401976646e-07,7.244760478171114e-05
16,915,25,1.3220365836078675e-06,7.149573844151347e-05
16,916,21,1.1105107302306087e-06,7.017370185790561e-05
16,917,18,9.518663401976646e-07,6.906319112767499e-05
16,918,15,7.932219501647205e-07,6.811132478747733e-05
16,919,21,1.1105107302306087e-06,6.731810283731261e-05
16,920,21,1.1105107302306087e-06,6.6207592107082e-05
16,921,19,1.0047478035419793e-06,6.509708137685139e-05
16,922,19,1.0047478035419793e-06,6.409233357330942e-05
16,923,14,7.403404868204058e-07,6.308758576976744e-05
16,924,21,1.1105107302306087e-06,6.234724528294703e-05
16,925,13,6.874590234760911e-07,6.123673455271642e-05
16,926,11,5.816960967874616e-07,6.054927552924033e-05
16,927,16,8.461034135090352e-07,5.996757943245287e-05
16,928,18,9.518663401976646e-07,5.912147601894383e-05
16,929,20,1.0576292668862939e-06,5.816960967874617e-05
16,930,13,6.874590234760911e-07,5.7111980411859874e-05
16,931,15,7.932219501647205e-07,5.642452138838378e-05
16,932,21,1.1105107302306087e-06,5.563129943821906e-05
16,933,18,9.518663401976646e-07,5.452078870798845e-05
16,934,11,5.816960967874616e-07,5.356892236779079e-05
16,935,15,7.932219501647205e-07,5.298722627100333e-05
16,936,16,8.461034135090352e-07,5.2194004320838604e-05
16,937,14,7.403404868204058e-07,5.1347900907329574e-05
16,938,7,3.701702434102029e-07,5.0607560420509165e-05
16,939,15,7.932219501647205e-07,5.0237390177098964e-05
16,940,13,6.874590234760911e-07,4.9444168226934244e-05
16,941,13,6.874590234760911e-07,4.875670920345815e-05
16,942,11,5.816960967874616e-07,4.806925017998206e-05
16,943,14,7.403404868204058e-07,4.74875540831946e-05
16,944,11,5.816960967874616e-07,4.6747213596374195e-05
16,945,16,8.461034135090352e-07,4.616551749958673e-05
16,946,11,5.816960967874616e-07,4.5319414086077694e-05
16,947,9,4.759331700988323e-07,4.473771798929024e-05
16,948,14,7.403404868204058e-07,4.42617848191914e-05
16,949,14,7.403404868204058e-07,4.3521444332371e-05
16,950,11,5.816960967874616e-07,4.278110384555059e-05
16,951,15,7.932219501647205e-07,4.2199407748763126e-05
16,952,6,3.172887800658882e-07,4.1406185798598406e-05
16,953,15,7.932219501647205e-07,4.108889701853252e-05
16,954,8,4.230517067545176e-07,4.02956750683678e-05
16,955,12,6.345775601317764e-07,3.9872623361613284e-05
16,956,7,3.701702434102029e-07,3.92380458014815e-05
16,957,9,4.759331700988323e-07,3.88678755580713e-05
16,958,7,3.701702434102029e-07,3.839194238797247e-05
16,959,8,4.230517067545176e-07,3.8021772144562265e-05
16,960,9,4.759331700988323e-07,3.7598720437807754e-05
16,961,9,4.759331700988323e-07,3.712278726770892e-05
16,962,12,6.345775601317764e-07,3.664685409761009e-05
16,963,13,6.874590234760911e-07,3.601227653747831e-05
16,964,17,8.989848768533499e-07,3.5324817514002216e-05
16,965,16,8.461034135090352e-07,3.442583263714887e-05
16,966,20,1.0576292668862939e-06,3.357972922363983e-05
16,967,10,5.288146334431469e-07,3.252209995675354e-05
16,968,9,4.759331700988323e-07,3.199328532331039e-05
16,969,16,8.461034135090352e-07,3.151735215321156e-05
16,970,8,4.230517067545176e-07,3.0671248739702526e-05
16,971,8,4.230517067545176e-07,3.0248197032948007e-05
16,972,11,5.816960967874616e-07,2.982514532619349e-05
16,973,9,4.759331700988323e-07,2.924344922940603e-05
16,974,10,5.288146334431469e-07,2.8767516059307196e-05
16,975,6,3.172887800658882e-07,2.823870142586405e-05
16,976,6,3.172887800658882e-07,2.792141264579816e-05
16,977,17,8.989848768533499e-07,2.7604123865732272e-05
16,978,6,3.172887800658882e-07,2.670513898887892e-05
16,979,3,1.586443900329441e-07,2.6387850208813034e-05
16,980,9,4.759331700988323e-07,2.622920581878009e-05
16,981,5,2.6440731672157347e-07,2.575327264868126e-05
16,982,6,3.172887800658882e-07,2.5488865331959683e-05
16,983,8,4.230517067545176e-07,2.5171576551893796e-05
16,984,8,4.230517067545176e-07,2.4748524845139277e-05
16,985,9,4.759331700988323e-07,2.4325473138384762e-05
16,986,12,6.345775601317764e-07,2.384953996828593e-05
16,987,8,4.230517067545176e-07,2.3214962408154152e-05
16,988,8,4.230517067545176e-07,2.2791910701399634e-05
16,989,7,3.701702434102029e-07,2.236885899464512e-05
16,990,8,4.230517067545176e-07,2.1998688751234914e-05
16,991,9,4.759331700988323e-07,2.1575637044480395e-05
16,992,10,5.288146334431469e-07,2.1099703874381563e-05
16,993,7,3.701702434102029e-07,2.0570889240938417e-05
16,994,10,5.288146334431469e-07,2.0200718997528215e-05
16,995,8,4.230517067545176e-07,1.967190436408507e-05
16,996,6,3.172887800658882e-07,1.924885265733055e-05
16,997,7,3.701702434102029e-07,1.8931563877264663e-05
16,998,6,3.172887800658882e-07,1.856139363385446e-05
16,999,8,4.230517067545176e-07,1.824410485378857e-05
16,1000,6,3.172887800658882e-07,1.7821053147034053e-05
16,1001,8,4.230517067545176e-07,1.7503764366968166e-05
16,1002,10,5.288146334431469e-07,1.7080712660213648e-05
16,1003,5,2.6440731672157347e-07,1.65518980267705e-05
16,1004,5,2.6440731672157347e-07,1.6287490710048928e-05
16,1005,4,2.115258533772588e-07,1.6023083393327355e-05
16,1006,2,1.057629266886294e-07,1.5811557539950095e-05
16,1007,3,1.586443900329441e-07,1.5705794613261464e-05
16,1008,5,2.6440731672157347e-07,1.5547150223228522e-05
16,1009,4,2.115258533772588e-07,1.528274290650695e-05
16,1010,5,2.6440731672157347e-07,1.5071217053129688e-05
16,1011,6,3.172887800658882e-07,1.4806809736408115e-05
16,1012,5,2.6440731672157347e-07,1.4489520956342228e-05
16,1013,6,3.172887800658882e-07,1.4225113639620655e-05
16,1014,4,2.115258533772588e-07,1.3907824859554766e-05
16,1015,6,3.172887800658882e-07,1.3696299006177506e-05
16,1016,5,2.6440731672157347e-07,1.337901022611162e-05
16,1017,3,1.586443900329441e-07,1.3114602909390044e-05
16,1018,6,3.172887800658882e-07,1.29559585193571e-05
16,1019,3,1.586443900329441e-07,1.2638669739291214e-05
16,1020,2,1.057629266886294e-07,1.2480025349258268e-05
16,1021,6,3.172887800658882e-07,1.2374262422569639e-05
16,1022,2,1.057629266886294e-07,1.2056973642503751e-05
16,1023,5,2.6440731672157347e-07,1.1951210715815122e-05
16,1024,1,5.28814633443147e-08,1.1686803399093549e-05
16,1025,3,1.586443900329441e-07,1.1633921935749233e-05
16,1026,6,3.172887800658882e-07,1.147527754571629e-05
16,1027,1,5.28814633443147e-08,1.11579887656504e-05
16,1028,7,3.701702434102029e-07,1.1105107302306087e-05
16,1029,4,2.115258533772588e-07,1.0734937058895884e-05
16,1030,5,2.6440731672157347e-07,1.0523411205518625e-05
16,1031,2,1.057629266886294e-07,1.0259003888797051e-05
16,1032,5,2.6440731672157347e-07,1.0153240962108422e-05
16,1033,5,2.6440731672157347e-07,9.888833645386848e-06
16,1034,3,1.586443900329441e-07,9.624426328665275e-06
16,1035,4,2.115258533772588e-07,9.465781938632332e-06
16,1036,3,1.586443900329441e-07,9.254256085255072e-06
16,1037,6,3.172887800658882e-07,9.095611695222129e-06
16,1038,1,5.28814633443147e-08,8.77832291515624e-06
16,1039,4,2.115258533772588e-07,8.725441451811924e-06
16,1040,3,1.586443900329441e-07,8.513915598434667e-06
16,1041,6,3.172887800658882e-07,8.355271208401721e-06
16,1042,5,2.6440731672157347e-07,8.037982428335834e-06
16,1043,3,1.586443900329441e-07,7.773575111614261e-06
16,1044,6,3.172887800658882e-07,7.614930721581317e-06
16,1045,8,4.230517067545176e-07,7.297641941515429e-06
16,1046,2,1.057629266886294e-07,6.874590234760911e-06
16,1047,6,3.172887800658882e-07,6.768827308072281e-06
16,1048,2,1.057629266886294e-07,6.451538528006393e-06
16,1049,1,5.28814633443147e-08,6.345775601317764e-06
16,1050,2,1.057629266886294e-07,6.292894137973449e-06
16,1051,6,3.172887800658882e-07,6.187131211284819e-06
16,1053,3,1.586443900329441e-07,5.869842431218931e-06
16,1054,4,2.115258533772588e-07,5.711198041185988e-06
16,1055,5,2.6440731672157347e-07,5.4996721878087285e-06
16,1056,3,1.586443900329441e-07,5.235264871087155e-06
16,1057,2,1.057629266886294e-07,5.076620481054211e-06
16,1058,5,2.6440731672157347e-07,4.970857554365581e-06
16,1059,1,5.28814633443147e-08,4.706450237644008e-06
16,1060,3,1.586443900329441e-07,4.653568774299693e-06
16,1061,2,1.057629266886294e-07,4.49492438426675e-06
16,1062,7,3.701702434102029e-07,4.38916145757812e-06
16,1063,2,1.057629266886294e-07,4.018991214167917e-06
16,1064,6,3.172887800658882e-07,3.9132282874792875e-06
16,1065,4,2.115258533772588e-07,3.5959395074133995e-06
16,1066,2,1.057629266886294e-07,3.3844136540361407e-06
16,1067,3,1.586443900329441e-07,3.278650727347511e-06
16,1068,1,5.28814633443147e-08,3.120006337314567e-06
16,1069,1,5.28814633443147e-08,3.0671248739702527e-06
16,1070,3,1.586443900329441e-07,3.014243410625938e-06
16,1071,2,1.057629266886294e-07,2.855599020592994e-06
16,1072,2,1.057629266886294e-07,2.7498360939043642e-06
16,1074,2,1.057629266886294e-07,2.644073167215735e-06
16,1075,2,1.057629266886294e-07,2.5383102405271054e-06
16,1077,1,5.28814633443147e-08,2.4325473138384762e-06
16,1078,2,1.057629266886294e-07,2.3796658504941614e-06
16,1080,1,5.28814633443147e-08,2.2739029238055322e-06
16,1081,2,1.057629266886294e-07,2.2210214604612174e-06
16,1082,3,1.586443900329441e-07,2.1152585337725878e-06
16,1084,2,1.057629266886294e-07,1.9566141437396438e-06
16,1085,2,1.057629266886294e-07,1.8508512170510144e-06
16,1086,1,5.28814633443147e-08,1.745088290362385e-06
16,1087,1,5.28814633443147e-08,1.6922068270180704e-06
16,1092,1,5.28814633443147e-08,1.6393253636737555e-06
16,1093,2,1.057629266886294e-07,1.586443900329441e-06
16,1094,1,5.28814633443147e-08,1.4806809736408115e-06
16,1095,2,1.057629266886294e-07,1.427799510296497e-06
16,1096,1,5.28814633443147e-08,1.3220365836078675e-06
16,1097,1,5.28814633443147e-08,1.2691551202635527e-06
16,1098,2,1.057629266886294e-07,1.2162736569192381e-06
16,1099,2,1.057629266886294e-07,1.1105107302306087e-06
16,1100,4,2.115258533772588e-07,1.0047478035419793e-06
16,1101,1,5.28814633443147e-08,7.932219501647205e-07
16,1102,2,1.057629266886294e-07,7.403404868204058e-07
16,1104,1,5.28814633443147e-08,6.345775601317764e-07
16,1106,2,1.057629266886294e-07,5.816960967874616e-07
16,1107,1,5.28814633443147e-08,4.759331700988323e-07
16,1108,1,5.28814633443147e-08,4.230517067545176e-07
16,1110,1,5.28814633443147e-08,3.701702434102029e-07
16,1114,2,1.057629266886294e-07,3.172887800658882e-07
16,1115,1,5.28814633443147e-08,2.115258533772588e-07
16,1116,1,5.28814633443147e-08,1.586443900329441e-07
16,1123,1,5.28814633443147e-08,1.057629266886294e-07
16,1137,1,5.28814633443147e-08,5.28814633443147e-08
32,1,24043453,0.8909650259367361,1.0
32,2,1754930,0.06503147667546572,0.10903497406326389
32,3,466212,0.01727616190037336,0.044003497387798164
32,4,204743,0.007587048844663251,0.0267273354874248
32,5,114964,0.004260157775249292,0.01914028664276155
32,6,73182,0.0027118651604701796,0.014880128867512258
32,7,50207,0.001860493210239216,0.012168263707042078
32,8,36288,0.001344704475733676,0.010307770496802862
32,9,27456,0.0010174219049201888,0.008963066021069187
32,10,21061,0.0007804459039745081,0.007945644116148997
32,11,16552,0.0006133583686712909,0.007165198212174489
32,12,13330,0.0004939624851612076,0.006551839843503198
32,13,11189,0.00041462462464131675,0.00605787735834199
32,14,9459,0.0003505169652768089,0.005643252733700674
32,15,7957,0.0002948581766262362,0.005292735768423865
32,16,6604,0.00024472079910012117,0.004997877591797629
32,17,6054,0.00022433975132527762,0.004753156792697508
32,18,5413,0.00020058656655496,0.00452881704137223
32,19,4869,0.00018042785748311477,0.00432823047481727
32,20,4472,0.0001657164466347277,0.004147802617334155
32,21,3910,0.0001448907214538876,0.003982086170699428
32,22,3482,0.00012903056064000936,0.00383719544924554
32,23,3228,0.00011961822221308163,0.0037081648886055306
32,24,2906,0.00010768604515217325,0.003588546666392449
32,25,2730,0.00010116410986422332,0.0034808606212402755
32,26,2514,9.315991655628476e-05,0.0033796965113760524
32,27,2228,8.256177171336613e-05,0.0032865365948197677
32,28,2160,8.004193307938547e-05,0.0032039748231064017
32,29,1964,7.277886878144124e-05,0.003123932890027016
32,30,1651,6.118019977503029e-05,0.0030511540212455747
32,31,1463,5.421358708108378e-05,0.0029899738214705443
32,32,1443,5.347245807108947e-05,0.002935760234389461
32,33,1233,4.569060346614921e-05,0.0028822877763183714
32,34,1096,4.061386974768819e-05,0.002836597172852222
32,35,1057,3.916866817819928e-05,0.002795983303104534
32,36,979,3.627826503922147e-05,0.0027568146349263344
32,37,967,3.583358763322489e-05,0.002720536369887113
32,38,881,3.2646732890249355e-05,0.002684702782253888
32,39,856,3.1720321627756466e-05,0.002652056049363639
32,40,800,2.9645160399772398e-05,0.0026203357277358825
32,41,700,2.593951534980085e-05,0.00259069056733611
32,42,715,2.649536210729658e-05,0.002564751051986309
32,43,680,2.519838633980654e-05,0.0025382556898790125
32,44,638,2.364201541881849e-05,0.002513057303539206
32,45,584,2.164096709183385e-05,0.0024894152881203874
32,46,575,2.1307459037336413e-05,0.002467774321028554
32,47,526,1.9491692962850354e-05,0.002446466861991217
32,48,467,1.7305362383367137e-05,0.002426975169028367
32,49,467,1.7305362383367137e-05,0.0024096698066449996
32,50,412,1.5267257605882787e-05,0.002392364444261633
32,51,452,1.6749515625871405e-05,0.0023770971866557498
32,52,386,1.4303789892890183e-05,0.0023603476710298784
32,53,410,1.5193144704883355e-05,0.0023460438811369884
32,54,349,1.2932701224400708e-05,0.0023308507364321047
32,55,355,1.3155039927399002e-05,0.0023179180352077043
32,56,323,1.1969233511408106e-05,0.0023047629952803054
32,57,296,1.0968709347915788e-05,0.002292793761768897
32,58,306,1.1339273852912943e-05,0.002281825052420981
32,59,310,1.1487499654911804e-05,0.0022704857785680686
32,60,259,9.597620679426314e-06,0.0022589982789131564
32,61,264,9.782902931924891e-06,0.00224940065823373
32,62,269,9.96818518442347e-06,0.002239617755301805
32,63,261,9.671733580425745e-06,0.002229649570117382
32,64,264,9.782902931924891e-06,0.002219977836536956
32,65,268,9.931128733923754e-06,0.0022101949336050314
32,66,282,1.044991904091977e-05,0.0022002638048711073
32,67,331,1.2265685115405831e-05,0.0021898138858301875
32,68,428,1.5860160813878233e-05,0.0021775482007147817
32,69,449,1.663834627437226e-05,0.0021616880399009035
32,70,350,1.2969757674900424e-05,0.002145049693626531
32,71,164,6.077257881953342e-06,0.002132079935951631
32,72,177,6.558991738449644e-06,0.0021260026780696778
32,73,180,6.6701610899487894e-06,0.002119443686331228
32,74,148,5.484354673957894e-06,0.0021127735252412794
32,75,154,5.706693376956187e-06,0.002107289170567321
32,76,139,5.150846619460454e-06,0.002101582477190365
32,77,143,5.299072421459317e-06,0.0020964316305709047
32,78,138,5.113790168960739e-06,0.0020911325581494454
32,79,121,4.483830510465575e-06,0.0020860187679804846
32,80,136,5.039677267961308e-06,0.002081534937470019
32,81,140,5.18790306996017e-06,0.0020764952602020576
32,82,141,5.224959520459885e-06,0.0020713073571320974
32,83,122,4.520886960965291e-06,0.0020660823976116375
32,84,120,4.44677405996586e-06,0.0020615615106506723
32,85,99,3.6685885994718344e-06,0.0020571147365907065
32,86,104,3.853870851970412e-06,0.0020534461479912347
32,87,102,3.779757950970981e-06,0.002049592277139264
32,88,96,3.557419247972688e-06,0.002045812519188293
32,89,104,3.853870851970412e-06,0.0020422550999403205
32,90,86,3.186854742975533e-06,0.0020384012290883503
32,91,84,3.112741841976102e-06,0.0020352143743453746
32,92,92,3.409193445973826e-06,0.0020321016325033987
32,93,79,2.9274595894775243e-06,0.002028692439057425
32,94,94,3.483306346973257e-06,0.002025764979467947
32,95,67,2.4827821834809386e-06,0.002022281673120974
32,96,103,3.816814401470697e-06,0.002019798890937493
32,97,96,3.557419247972688e-06,0.0020159820765360222
32,98,88,3.260967643974964e-06,0.0020124246572880496
32,99,77,2.8533466884780936e-06,0.0020091636896440745
32,100,63,2.3345563814820766e-06,0.0020063103429555965
32,101,58,2.149274128983499e-06,0.0020039757865741143
32,102,68,2.519838633980654e-06,0.002001826512445131
32,103,74,2.742177336978947e-06,0.0019993066738111503
32,104,76,2.8162902379783778e-06,0.0019965644964741714
32,105,64,2.371612831981792e-06,0.001993748206236193
32,106,57,2.1122176784837835e-06,0.001991376593404211
32,107,56,2.0751612279840677e-06,0.0019892643757257276
32,108,62,2.297499930982361e-06,0.0019871892144977432
32,109,58,2.149274128983499e-06,0.001984891714566761
32,110,61,2.2604434804826455e-06,0.0019827424404377774
32,111,64,2.371612831981792e-06,0.001980481996957295
32,112,60,2.22338702998293e-06,0.001978110384125313
32,113,54,2.001048326984637e-06,0.00197588699709533
32,114,49,1.8157660744860595e-06,0.0019738859487683454
32,115,46,1.704596722986913e-06,0.0019720701826938594
32,116,45,1.6675402724871974e-06,0.0019703655859708725
32,117,70,2.593951534980085e-06,0.0019686980456983852
32,118,52,1.926935425985206e-06,0.001966104094163405
32,119,49,1.8157660744860595e-06,0.00196417715873742
32,120,46,1.704596722986913e-06,0.001962361392662934
32,121,55,2.0381047774843524e-06,0.001960656795939947
32,122,49,1.8157660744860595e-06,0.001958618691162463
32,123,38,1.4081451189891889e-06,0.001956802925087977
32,124,42,1.556370920988051e-06,0.0019553947799689875
32,125,43,1.5934273714877664e-06,0.0019538384090479993
32,126,46,1.704596722986913e-06,0.0019522449816765117
32,127,45,1.6675402724871974e-06,0.0019505403849535247
32,128,39,1.4452015694889045e-06,0.0019488728446810375
32,129,47,1.7416531734866285e-06,0.0019474276431115487
32,130,37,1.3710886684894735e-06,0.001945685989938062
32,131,41,1.5193144704883354e-06,0.0019443149012695726
32,132,44,1.630483821987482e-06,0.0019427955867990841
32,133,35,1.2969757674900426e-06,0.0019411651029770968
32,134,42,1.556370920988051e-06,0.0019398681272096068
32,135,35,1.2969757674900426e-06,0.0019383117562886186
32,136,50,1.8528225249857749e-06,0.0019370147805211286
32,137,25,9.264112624928874e-07,0.0019351619579961428
32,138,43,1.5934273714877664e-06,0.00193423554673365
32,139,35,1.2969757674900426e-06,0.0019326421193621621
32,140,30,1.111693514991465e-06,0.001931345143594672
32,141,29,1.0746370644917495e-06,0.0019302334500796807
32,142,45,1.6675402724871974e-06,0.0019291588130151889
32,143,33,1.2228628664906114e-06,0.0019274912727427016
32,144,31,1.1487499654911804e-06,0.0019262684098762112
32,145,29,1.0746370644917495e-06,0.00192511965991072
32,146,50,1.8528225249857749e-06,0.001924045022846228
32,147,51,1.8898789754854905e-06,0.0019221922003212423
32,148,33,1.2228628664906114e-06,0.001920302321345757
32,149,38,1.4081451189891889e-06,0.0019190794584792662
32,150,31,1.1487499654911804e-06,0.001917671313360277
32,151,29,1.0746370644917495e-06,0.0019165225633947858
32,152,37,1.3710886684894735e-06,0.0019154479263302942
32,153,20,7.4112900999431e-07,0.0019140768376618047
32,154,34,1.259919316990327e-06,0.0019133357086518104
32,155,32,1.185806415990896e-06,0.00191207578933482
32,156,36,1.334032217989758e-06,0.001910889982918829
32,157,21,7.781854604940255e-07,0.0019095559507008393
32,158,31,1.1487499654911804e-06,0.0019087777652403454
32,159,21,7.781854604940255e-07,0.0019076290152748542
32,160,26,9.63467712992603e-07,0.00190685082981436
32,161,33,1.2228628664906114e-06,0.0019058873621013675
32,162,27,1.0005241634923185e-06,0.0019046644992348769
32,163,23,8.522983614934565e-07,0.0019036639750713846
32,164,22,8.15241910993741e-07,0.0019028116767098912
32,165,26,9.63467712992603e-07,0.0019019964347988974
32,166,24,8.89354811993172e-07,0.0019010329670859048
32,167,29,1.0746370644917495e-06,0.0019001436122739117
32,168,14,5.187903069960169e-07,0.0018990689752094198
32,169,21,7.781854604940255e-07,0.0018985501849024238
32,170,26,9.63467712992603e-07,0.00189777199944193
32,171,21,7.781854604940255e-07,0.0018968085317289372
32,172,19,7.040725594945944e-07,0.0018960303462684433
32,173,19,7.040725594945944e-07,0.0018953262737089486
32,174,29,1.0746370644917495e-06,0.001894622201149454
32,175,20,7.4112900999431e-07,0.0018935475640849623
32,176,30,1.111693514991465e-06,0.001892806435074968
32,177,20,7.4112900999431e-07,0.0018916947415599766
32,178,14,5.187903069960169e-07,0.0018909536125499822
32,179,25,9.264112624928874e-07,0.0018904348222429862
32,180,16,5.92903207995448e-07,0.0018895084109804934
32,181,19,7.040725594945944e-07,0.0018889155077724978
32,182,23,8.522983614934565e-07,0.0018882114352130033
32,183,17,6.299596584951635e-07,0.0018873591368515099
32,184,20,7.4112900999431e-07,0.0018867291771930146
32,185,16,5.92903207995448e-07,0.0018859880481830204
32,186,20,7.4112900999431e-07,0.0018853951449750248
32,187,21,7.781854604940255e-07,0.0018846540159650307
32,188,21,7.781854604940255e-07,0.0018838758305045366
32,189,21,7.781854604940255e-07,0.0018830976450440425
32,190,17,6.299596584951635e-07,0.0018823194595835484
32,191,23,8.522983614934565e-07,0.0018816894999250534
32,192,11,4.076209554968705e-07,0.00188083720156356
32,193,10,3.70564504997155e-07,0.001880429580608063
32,194,9,3.335080544974395e-07,0.0018800590161030658
32,195,13,4.817338564963015e-07,0.0018797255080485683
32,196,16,5.92903207995448e-07,0.001879243774192072
32,197,11,4.076209554968705e-07,0.0018786508709840767
32,198,21,7.781854604940255e-07,0.0018782432500285798
32,199,15,5.558467574957325e-07,0.0018774650645680857
32,200,15,5.558467574957325e-07,0.00187690921781059
32,201,11,4.076209554968705e-07,0.0018763533710530944
32,202,11,4.076209554968705e-07,0.0018759457500975975
32,203,16,5.92903207995448e-07,0.0018755381291421006
32,204,10,3.70564504997155e-07,0.001874945225934105
32,205,11,4.076209554968705e-07,0.001874574661429108
32,206,12,4.44677405996586e-07,0.0018741670404736112
32,207,14,5.187903069960169e-07,0.0018737223630676146
32,208,8,2.96451603997724e-07,0.0018732035727606184
32,209,9,3.335080544974395e-07,0.0018729071211566208
32,210,6,2.22338702998293e-07,0.0018725736131021233
32,211,6,2.22338702998293e-07,0.0018723512743991251
32,212,11,4.076209554968705e-07,0.0018721289356961267
32,213,5,1.852822524985775e-07,0.0018717213147406298
32,214,10,3.70564504997155e-07,0.0018715360324881314
32,215,12,4.44677405996586e-07,0.0018711654679831342
32,216,11,4.076209554968705e-07,0.0018707207905771376
32,217,7,2.5939515349800847e-07,0.0018703131696216407
32,218,12,4.44677405996586e-07,0.0018700537744681426
32,219,11,4.076209554968705e-07,0.001869609097062146
32,220,9,3.335080544974395e-07,0.0018692014761066491
32,221,7,2.5939515349800847e-07,0.0018688679680521519
32,222,6,2.22338702998293e-07,0.0018686085728986538
32,223,11,4.076209554968705e-07,0.0018683862341956554
32,224,6,2.22338702998293e-07,0.0018679786132401587
32,225,1,3.70564504997155e-08,0.0018677562745371603
32,226,8,2.96451603997724e-07,0.0018677192180866606
32,227,6,2.22338702998293e-07,0.0018674227664826628
32,228,6,2.22338702998293e-07,0.0018672004277796646
32,229,7,2.5939515349800847e-07,0.0018669780890766662
32,230,6,2.22338702998293e-07,0.0018667186939231683
32,231,5,1.852822524985775e-07,0.00186649635522017
32,232,8,2.96451603997724e-07,0.0018663110729676715
32,233,7,2.5939515349800847e-07,0.0018660146213636737
32,234,10,3.70564504997155e-07,0.0018657552262101756
32,235,8,2.96451603997724e-07,0.0018653846617051786
32,236,5,1.852822524985775e-07,0.0018650882101011808
32,237,6,2.22338702998293e-07,0.0018649029278486823
32,238,3,1.111693514991465e-07,0.001864680589145684
32,239,4,1.48225801998862e-07,0.0018645694197941848
32,240,7,2.5939515349800847e-07,0.0018644211939921858
32,241,6,2.22338702998293e-07,0.001864161798838688
32,242,11,4.076209554968705e-07,0.0018639394601356895
32,243,5,1.852822524985775e-07,0.0018635318391801927
32,244,6,2.22338702998293e-07,0.0018633465569276942
32,245,8,2.96451603997724e-07,0.0018631242182246958
32,246,8,2.96451603997724e-07,0.0018628277666206982
32,247,9,3.335080544974395e-07,0.0018625313150167004
32,248,3,1.111693514991465e-07,0.001862197806962203
32,249,9,3.335080544974395e-07,0.0018620866376107038
32,250,6,2.22338702998293e-07,0.0018617531295562063
32,251,6,2.22338702998293e-07,0.0018615307908532081
32,252,9,3.335080544974395e-07,0.0018613084521502097
32,253,3,1.111693514991465e-07,0.0018609749440957125
32,254,3,1.111693514991465e-07,0.0018608637747442132
32,255,5,1.852822524985775e-07,0.001860752605392714
32,256,3,1.111693514991465e-07,0.0018605673231402156
32,257,7,2.5939515349800847e-07,0.0018604561537887163
32,258,5,1.852822524985775e-07,0.0018601967586352184
32,259,6,2.22338702998293e-07,0.0018600114763827197
32,260,3,1.111693514991465e-07,0.0018597891376797215
32,261,3,1.111693514991465e-07,0.0018596779683282224
32,262,3,1.111693514991465e-07,0.001859566798976723
32,263,4,1.48225801998862e-07,0.001859455629625224
32,264,4,1.48225801998862e-07,0.0018593074038232252
32,265,4,1.48225801998862e-07,0.0018591591780212262
32,266,1,3.70564504997155e-08,0.0018590109522192274
32,267,3,1.111693514991465e-07,0.0018589738957687277
32,268,1,3.70564504997155e-08,0.0018588627264172286
32,270,3,1.111693514991465e-07,0.001858825669966729
32,271,2,7.4112900999431e-08,0.0018587145006152296
32,272,3,1.111693514991465e-07,0.0018586403877142302
32,273,5,1.852822524985775e-07,0.0018585292183627311
32,274,1,3.70564504997155e-08,0.0018583439361102327
32,275,1,3.70564504997155e-08,0.0018583068796597327
32,276,1,3.70564504997155e-08,0.001858269823209233
32,277,2,7.4112900999431e-08,0.0018582327667587334
32,278,3,1.111693514991465e-07,0.001858158653857734
32,279,3,1.111693514991465e-07,0.0018580474845062349
32,280,5,1.852822524985775e-07,0.0018579363151547358
32,281,1,3.70564504997155e-08,0.001857751032902237
32,282,1,3.70564504997155e-08,0.0018577139764517374
32,284,3,1.111693514991465e-07,0.0018576769200012377
32,286,2,7.4112900999431e-08,0.0018575657506497386
32,287,3,1.111693514991465e-07,0.0018574916377487392
32,288,3,1.111693514991465e-07,0.0018573804683972399
32,289,1,3.70564504997155e-08,0.0018572692990457408
32,290,1,3.70564504997155e-08,0.001857232242595241
32,291,2,7.4112900999431e-08,0.0018571951861447414
32,292,1,3.70564504997155e-08,0.001857121073243742
32,293,2,7.4112900999431e-08,0.0018570840167932423
32,294,3,1.111693514991465e-07,0.0018570099038922427
32,295,2,7.4112900999431e-08,0.0018568987345407436
32,296,1,3.70564504997155e-08,0.0018568246216397442
32,297,2,7.4112900999431e-08,0.0018567875651892445
32,300,3,1.111693514991465e-07,0.0018567134522882451
32,301,2,7.4112900999431e-08,0.001856602282936746
32,302,1,3.70564504997155e-08,0.0018565281700357464
32,303,4,1.48225801998862e-07,0.0018564911135852467
32,306,2,7.4112900999431e-08,0.001856342887783248
32,307,2,7.4112900999431e-08,0.0018562687748822485
32,308,1,3.70564504997155e-08,0.0018561946619812491
32,309,1,3.70564504997155e-08,0.0018561576055307494
32,310,1,3.70564504997155e-08,0.0018561205490802495
32,312,1,3.70564504997155e-08,0.0018560834926297498
32,313,1,3.70564504997155e-08,0.0018560464361792501
32,315,2,7.4112900999431e-08,0.0018560093797287504
32,316,2,7.4112900999431e-08,0.001855935266827751
32,317,2,7.4112900999431e-08,0.0018558611539267517
32,318,1,3.70564504997155e-08,0.0018557870410257523
32,319,3,1.111693514991465e-07,0.0018557499845752526
32,321,2,7.4112900999431e-08,0.0018556388152237533
32,323,1,3.70564504997155e-08,0.0018555647023227539
32,324,2,7.4112900999431e-08,0.0018555276458722542
32,325,2,7.4112900999431e-08,0.0018554535329712548
32,330,1,3.70564504997155e-08,0.0018553794200702554
32,332,1,3.70564504997155e-08,0.0018553423636197557
32,334,3,1.111693514991465e-07,0.001855305307169256
32,335,1,3.70564504997155e-08,0.0018551941378177567
32,336,4,1.48225801998862e-07,0.001855157081367257
32,337,3,1.111693514991465e-07,0.0018550088555652582
32,338,2,7.4112900999431e-08,0.001854897686213759
32,339,1,3.70564504997155e-08,0.0018548235733127597
32,340,1,3.70564504997155e-08,0.0018547865168622598
32,341,1,3.70564504997155e-08,0.00185474946041176
32,342,1,3.70564504997155e-08,0.0018547124039612604
32,344,1,3.70564504997155e-08,0.0018546753475107607
32,346,4,1.48225801998862e-07,0.001854638291060261
32,347,3,1.111693514991465e-07,0.0018544900652582622
32,348,4,1.48225801998862e-07,0.001854378895906763
32,349,1,3.70564504997155e-08,0.0018542306701047641
32,350,3,1.111693514991465e-07,0.0018541936136542644
32,351,3,1.111693514991465e-07,0.0018540824443027653
32,352,2,7.4112900999431e-08,0.0018539712749512662
32,353,3,1.111693514991465e-07,0.0018538971620502666
32,355,2,7.4112900999431e-08,0.0018537859926987675
32,357,1,3.70564504997155e-08,0.0018537118797977681
32,358,1,3.70564504997155e-08,0.0018536748233472684
32,361,1,3.70564504997155e-08,0.0018536377668967687
32,362,2,7.4112900999431e-08,0.001853600710446269
32,363,1,3.70564504997155e-08,0.0018535265975452696
32,364,1,3.70564504997155e-08,0.0018534895410947697
32,365,3,1.111693514991465e-07,0.00185345248464427
32,366,1,3.70564504997155e-08,0.001853341315292771
32,367,3,1.111693514991465e-07,0.0018533042588422712
32,368,2,7.4112900999431e-08,0.0018531930894907722
32,369,4,1.48225801998862e-07,0.0018531189765897728
32,370,2,7.4112900999431e-08,0.0018529707507877738
32,371,2,7.4112900999431e-08,0.0018528966378867744
32,373,2,7.4112900999431e-08,0.001852822524985775
32,374,1,3.70564504997155e-08,0.0018527484120847756
32,375,1,3.70564504997155e-08,0.0018527113556342759
32,376,2,7.4112900999431e-08,0.0018526742991837762
32,377,6,2.22338702998293e-07,0.0018526001862827766
32,378,3,1.111693514991465e-07,0.0018523778475797784
32,380,1,3.70564504997155e-08,0.0018522666782282793
32,381,2,7.4112900999431e-08,0.0018522296217777796
32,383,2,7.4112900999431e-08,0.00185215550887678
32,384,1,3.70564504997155e-08,0.0018520813959757806
32,386,2,7.4112900999431e-08,0.001852044339525281
32,388,2,7.4112900999431e-08,0.0018519702266242815
32,390,2,7.4112900999431e-08,0.001851896113723282
32,391,3,1.111693514991465e-07,0.0018518220008222827
32,392,3,1.111693514991465e-07,0.0018517108314707834
32,393,3,1.111693514991465e-07,0.0018515996621192843
32,394,3,1.111693514991465e-07,0.0018514884927677852
32,395,2,7.4112900999431e-08,0.0018513773234162861
32,396,2,7.4112900999431e-08,0.0018513032105152865
32,397,2,7.4112900999431e-08,0.0018512290976142871
32,398,1,3.70564504997155e-08,0.0018511549847132877
32,399,4,1.48225801998862e-07,0.001851117928262788
32,400,1,3.70564504997155e-08,0.0018509697024607892
32,401,4,1.48225801998862e-07,0.0018509326460102895
32,402,1,3.70564504997155e-08,0.0018507844202082905
32,403,1,3.70564504997155e-08,0.0018507473637577908
32,404,2,7.4112900999431e-08,0.0018507103073072911
32,406,3,1.111693514991465e-07,0.0018506361944062918
32,407,2,7.4112900999431e-08,0.0018505250250547927
32,408,1,3.70564504997155e-08,0.0018504509121537933
32,409,5,1.852822524985775e-07,0.0018504138557032934
32,410,2,7.4112900999431e-08,0.0018502285734507949
32,412,3,1.111693514991465e-07,0.0018501544605497955
32,413,2,7.4112900999431e-08,0.0018500432911982964
32,415,3,1.111693514991465e-07,0.0018499691782972968
32,416,2,7.4112900999431e-08,0.0018498580089457977
32,417,2,7.4112900999431e-08,0.0018497838960447983
32,418,3,1.111693514991465e-07,0.0018497097831437989
32,419,2,7.4112900999431e-08,0.0018495986137922998
32,420,1,3.70564504997155e-08,0.0018495245008913002
32,421,2,7.4112900999431e-08,0.0018494874444408005
32,422,2,7.4112900999431e-08,0.001849413331539801
32,423,3,1.111693514991465e-07,0.0018493392186388017
32,424,4,1.48225801998862e-07,0.0018492280492873026
32,425,3,1.111693514991465e-07,0.0018490798234853036
32,426,5,1.852822524985775e-07,0.0018489686541338045
32,427,2,7.4112900999431e-08,0.001848783371881306
32,428,2,7.4112900999431e-08,0.0018487092589803066
32,429,3,1.111693514991465e-07,0.001848635146079307
32,430,3,1.111693514991465e-07,0.001848523976727808
32,431,1,3.70564504997155e-08,0.0018484128073763088
32,432,6,2.22338702998293e-07,0.0018483757509258091
32,433,5,1.852822524985775e-07,0.0018481534122228107
32,434,7,2.5939515349800847e-07,0.0018479681299703123
32,435,4,1.48225801998862e-07,0.0018477087348168142
32,436,2,7.4112900999431e-08,0.0018475605090148154
32,437,3,1.111693514991465e-07,0.001847486396113816
32,438,4,1.48225801998862e-07,0.0018473752267623169
32,439,4,1.48225801998862e-07,0.0018472270009603179
32,440,1,3.70564504997155e-08,0.001847078775158319
32,441,2,7.4112900999431e-08,0.0018470417187078194
32,442,4,1.48225801998862e-07,0.00184696760580682
32,443,1,3.70564504997155e-08,0.001846819380004821
32,444,2,7.4112900999431e-08,0.0018467823235543213
32,445,2,7.4112900999431e-08,0.001846708210653322
32,446,4,1.48225801998862e-07,0.0018466340977523225
32,447,6,2.22338702998293e-07,0.0018464858719503235
32,448,2,7.4112900999431e-08,0.0018462635332473253
32,449,3,1.111693514991465e-07,0.001846189420346326
32,450,2,7.4112900999431e-08,0.0018460782509948268
32,451,3,1.111693514991465e-07,0.0018460041380938272
32,452,3,1.111693514991465e-07,0.0018458929687423281
32,453,3,1.111693514991465e-07,0.001845781799390829
32,454,6,2.22338702998293e-07,0.00184567063003933
32,455,7,2.5939515349800847e-07,0.0018454482913363315
32,456,3,1.111693514991465e-07,0.0018451888961828337
32,457,6,2.22338702998293e-07,0.0018450777268313344
32,458,2,7.4112900999431e-08,0.0018448553881283362
32,459,6,2.22338702998293e-07,0.0018447812752273368
32,460,5,1.852822524985775e-07,0.0018445589365243384
32,461,3,1.111693514991465e-07,0.00184437365427184
32,462,1,3.70564504997155e-08,0.0018442624849203406
32,463,2,7.4112900999431e-08,0.0018442254284698409
32,464,8,2.96451603997724e-07,0.0018441513155688415
32,465,6,2.22338702998293e-07,0.0018438548639648437
32,466,4,1.48225801998862e-07,0.0018436325252618455
32,467,6,2.22338702998293e-07,0.0018434842994598467
32,468,5,1.852822524985775e-07,0.0018432619607568483
32,469,3,1.111693514991465e-07,0.0018430766785043498
32,470,2,7.4112900999431e-08,0.0018429655091528505
32,471,7,2.5939515349800847e-07,0.0018428913962518511
32,472,7,2.5939515349800847e-07,0.0018426320010983533
32,473,6,2.22338702998293e-07,0.0018423726059448552
32,474,5,1.852822524985775e-07,0.001842150267241857
32,475,3,1.111693514991465e-07,0.0018419649849893583
32,476,5,1.852822524985775e-07,0.0018418538156378592
32,477,10,3.70564504997155e-07,0.0018416685333853605
32,478,9,3.335080544974395e-07,0.0018412979688803635
32,479,9,3.335080544974395e-07,0.001840964460825866
32,480,7,2.5939515349800847e-07,0.0018406309527713685
32,481,5,1.852822524985775e-07,0.0018403715576178706
32,482,3,1.111693514991465e-07,0.001840186275365372
32,483,5,1.852822524985775e-07,0.0018400751060138729
32,484,6,2.22338702998293e-07,0.0018398898237613742
32,485,5,1.852822524985775e-07,0.001839667485058376
32,486,6,2.22338702998293e-07,0.0018394822028058775
32,487,3,1.111693514991465e-07,0.001839259864102879
32,488,8,2.96451603997724e-07,0.00183914869475138
32,489,7,2.5939515349800847e-07,0.0018388522431473822
32,490,7,2.5939515349800847e-07,0.001838592847993884
32,491,3,1.111693514991465e-07,0.0018383334528403862
32,492,6,2.22338702998293e-07,0.0018382222834888871
32,493,3,1.111693514991465e-07,0.0018379999447858887
32,494,4,1.48225801998862e-07,0.0018378887754343896
32,495,6,2.22338702998293e-07,0.0018377405496323908
32,496,10,3.70564504997155e-07,0.0018375182109293924
32,497,8,2.96451603997724e-07,0.0018371476464243953
32,498,9,3.335080544974395e-07,0.0018368511948203975
32,499,8,2.96451603997724e-07,0.0018365176867659002
32,500,8,2.96451603997724e-07,0.0018362212351619024
32,501,4,1.48225801998862e-07,0.0018359247835579046
32,502,6,2.22338702998293e-07,0.0018357765577559058
32,503,7,2.5939515349800847e-07,0.0018355542190529076
32,504,11,4.076209554968705e-07,0.0018352948238994095
32,505,4,1.48225801998862e-07,0.0018348872029439126
32,506,4,1.48225801998862e-07,0.0018347389771419139
32,507,16,5.92903207995448e-07,0.0018345907513399149
32,508,10,3.70564504997155e-07,0.0018339978481319195
32,509,9,3.335080544974395e-07,0.0018336272836269223
32,510,5,1.852822524985775e-07,0.0018332937755724248
32,511,5,1.852822524985775e-07,0.0018331084933199263
32,512,12,4.44677405996586e-07,0.0018329232110674278
32,513,12,4.44677405996586e-07,0.0018324785336614312
32,514,14,5.187903069960169e-07,0.0018320338562554347
32,515,5,1.852822524985775e-07,0.0018315150659484385
32,516,13,4.817338564963015e-07,0.00183132978369594
32,517,6,2.22338702998293e-07,0.0018308480498394437
32,518,9,3.335080544974395e-07,0.0018306257111364453
32,519,10,3.70564504997155e-07,0.001830292203081948
32,520,13,4.817338564963015e-07,0.0018299216385769508
32,521,12,4.44677405996586e-07,0.0018294399047204546
32,522,3,1.111693514991465e-07,0.001828995227314458
32,523,11,4.076209554968705e-07,0.0018288840579629587
32,524,11,4.076209554968705e-07,0.0018284764370074618
32,525,11,4.076209554968705e-07,0.001828068816051965
32,526,14,5.187903069960169e-07,0.0018276611950964682
32,527,7,2.5939515349800847e-07,0.001827142404789472
32,528,10,3.70564504997155e-07,0.0018268830096359742
32,529,10,3.70564504997155e-07,0.001826512445130977
32,530,16,5.92903207995448e-07,0.0018261418806259798
32,531,10,3.70564504997155e-07,0.0018255489774179844
32,532,16,5.92903207995448e-07,0.0018251784129129872
32,533,15,5.558467574957325e-07,0.0018245855097049919
32,534,12,4.44677405996586e-07,0.001824029662947496
32,535,9,3.335080544974395e-07,0.0018235849855414994
32,536,11,4.076209554968705e-07,0.0018232514774870019
32,537,13,4.817338564963015e-07,0.0018228438565315052
32,538,17,6.299596584951635e-07,0.0018223621226750087
32,539,14,5.187903069960169e-07,0.0018217321630165137
32,540,10,3.70564504997155e-07,0.0018212133727095177
32,541,13,4.817338564963015e-07,0.0018208428082045205
32,542,11,4.076209554968705e-07,0.0018203610743480242
32,543,18,6.67016108994879e-07,0.0018199534533925273
32,544,14,5.187903069960169e-07,0.0018192864372835323
32,545,10,3.70564504997155e-07,0.0018187676469765364
32,546,9,3.335080544974395e-07,0.0018183970824715392
32,547,15,5.558467574957325e-07,0.001818063574417042
32,548,11,4.076209554968705e-07,0.001817507727659546
32,549,15,5.558467574957325e-07,0.0018171001067040491
32,550,14,5.187903069960169e-07,0.0018165442599465534
32,551,17,6.299596584951635e-07,0.0018160254696395575
32,552,16,5.92903207995448e-07,0.0018153955099810624
32,553,5,1.852822524985775e-07,0.0018148026067730668
32,554,9,3.335080544974395e-07,0.0018146173245205683
32,555,14,5.187903069960169e-07,0.0018142838164660708
32,556,14,5.187903069960169e-07,0.0018137650261590749
32,557,15,5.558467574957325e-07,0.0018132462358520789
32,558,16,5.92903207995448e-07,0.001812690389094583
32,559,16,5.92903207995448e-07,0.0018120974858865876
32,560,16,5.92903207995448e-07,0.0018115045826785922
32,561,11,4.076209554968705e-07,0.0018109116794705967
32,562,20,7.4112900999431e-07,0.0018105040585150998
32,563,18,6.67016108994879e-07,0.0018097629295051056
32,564,11,4.076209554968705e-07,0.0018090959133961106
32,565,27,1.0005241634923185e-06,0.0018086882924406137
32,566,17,6.299596584951635e-07,0.0018076877682771215
32,567,15,5.558467574957325e-07,0.0018070578086186264
32,568,16,5.92903207995448e-07,0.0018065019618611305
32,569,16,5.92903207995448e-07,0.0018059090586531352
32,570,17,6.299596584951635e-07,0.0018053161554451398
32,571,12,4.44677405996586e-07,0.0018046861957866445
32,572,14,5.187903069960169e-07,0.001804241518380648
32,573,20,7.4112900999431e-07,0.001803722728073652
32,574,17,6.299596584951635e-07,0.0018029815990636576
32,575,16,5.92903207995448e-07,0.0018023516394051625
32,576,20,7.4112900999431e-07,0.001801758736197167
32,577,12,4.44677405996586e-07,0.0018010176071871727
32,578,20,7.4112900999431e-07,0.0018005729297811762
32,579,16,5.92903207995448e-07,0.0017998318007711818
32,580,26,9.63467712992603e-07,0.0017992388975631864
32,581,18,6.67016108994879e-07,0.0017982754298501936
32,582,25,9.264112624928874e-07,0.0017976084137411989
32,583,16,5.92903207995448e-07,0.001796682002478706
32,584,27,1.0005241634923185e-06,0.0017960890992707104
32,585,27,1.0005241634923185e-06,0.0017950885751072182
32,586,17,6.299596584951635e-07,0.001794088050943726
32,587,18,6.67016108994879e-07,0.0017934580912852306
32,588,15,5.558467574957325e-07,0.0017927910751762359
32,589,20,7.4112900999431e-07,0.0017922352284187402
32,590,21,7.781854604940255e-07,0.0017914940994087458
32,591,18,6.67016108994879e-07,0.0017907159139482517
32,592,23,8.522983614934565e-07,0.001790048897839257
32,593,15,5.558467574957325e-07,0.0017891965994777635
32,594,31,1.1487499654911804e-06,0.0017886407527202676
32,595,25,9.264112624928874e-07,0.0017874920027547766
32,596,24,8.89354811993172e-07,0.0017865655914922837
32,597,23,8.522983614934565e-07,0.0017856762366802905
32,598,21,7.781854604940255e-07,0.001784823938318797
32,599,17,6.299596584951635e-07,0.001784045752858303
32,600,23,8.522983614934565e-07,0.001783415793199808
32,601,34,1.259919316990327e-06,0.0017825634948383145
32,602,14,5.187903069960169e-07,0.001781303575521324
32,603,33,1.2228628664906114e-06,0.0017807847852143281
32,604,23,8.522983614934565e-07,0.0017795619223478375
32,605,24,8.89354811993172e-07,0.001778709623986344
32,606,21,7.781854604940255e-07,0.0017778202691743508
32,607,28,1.0375806139920339e-06,0.0017770420837138568
32,608,27,1.0005241634923185e-06,0.0017760045030998648
32,609,14,5.187903069960169e-07,0.0017750039789363723
32,610,23,8.522983614934565e-07,0.0017744851886293763
32,611,23,8.522983614934565e-07,0.0017736328902678829
32,612,37,1.3710886684894735e-06,0.0017727805919063894
32,613,25,9.264112624928874e-07,0.0017714095032379
32,614,20,7.4112900999431e-07,0.001770483091975407
32,615,28,1.0375806139920339e-06,0.0017697419629654127
32,616,27,1.0005241634923185e-06,0.0017687043823514208
32,617,19,7.040725594945944e-07,0.0017677038581879285
32,618,33,1.2228628664906114e-06,0.0017669997856284338
32,619,28,1.0375806139920339e-06,0.0017657769227619432
32,620,29,1.0746370644917495e-06,0.0017647393421479512
32,621,29,1.0746370644917495e-06,0.0017636647050834594
32,622,36,1.334032217989758e-06,0.0017625900680189677
32,623,35,1.2969757674900426e-06,0.001761256035800978
32,624,26,9.63467712992603e-07,0.001759959060033488
32,625,37,1.3710886684894735e-06,0.0017589955923204953
32,626,39,1.4452015694889045e-06,0.001757624503652006
32,627,32,1.185806415990896e-06,0.0017561793020825168
32,628,24,8.89354811993172e-07,0.001754993495666526
32,629,30,1.111693514991465e-06,0.001754104140854533
32,630,31,1.1487499654911804e-06,0.0017529924473395414
32,631,34,1.259919316990327e-06,0.0017518436973740503
32,632,31,1.1487499654911804e-06,0.00175058377805706
32,633,35,1.2969757674900426e-06,0.0017494350280915687
32,634,40,1.48225801998862e-06,0.0017481380523240787
32,635,32,1.185806415990896e-06,0.0017466557943040901
32,636,28,1.0375806139920339e-06,0.0017454699878880992
32,637,28,1.0375806139920339e-06,0.0017444324072741072
32,638,30,1.111693514991465e-06,0.001743394826660115
32,639,35,1.2969757674900426e-06,0.0017422831331451237
32,640,36,1.334032217989758e-06,0.0017409861573776336
32,641,42,1.556370920988051e-06,0.0017396521251596439
32,642,23,8.522983614934565e-07,0.0017380957542386557
32,643,40,1.48225801998862e-06,0.0017372434558771623
32,644,43,1.5934273714877664e-06,0.0017357611978571737
32,645,54,2.001048326984637e-06,0.0017341677704856859
32,646,33,1.2228628664906114e-06,0.0017321667221587014
32,647,31,1.1487499654911804e-06,0.0017309438592922107
32,648,39,1.4452015694889045e-06,0.0017297951093267195
32,649,39,1.4452015694889045e-06,0.0017283499077572306
32,650,37,1.3710886684894735e-06,0.0017269047061877418
32,651,39,1.4452015694889045e-06,0.0017255336175192521
32,652,48,1.778709623986344e-06,0.0017240884159497633
32,653,42,1.556370920988051e-06,0.001722309706325777
32,654,41,1.5193144704883354e-06,0.001720753335404789
32,655,47,1.7416531734866285e-06,0.0017192340209343006
32,656,27,1.0005241634923185e-06,0.001717492367760814
32,657,46,1.704596722986913e-06,0.0017164918435973217
32,658,52,1.926935425985206e-06,0.0017147872468743347
32,659,31,1.1487499654911804e-06,0.0017128603114483496
32,660,34,1.259919316990327e-06,0.0017117115614828583
32,661,49,1.8157660744860595e-06,0.001710451642165868
32,662,42,1.556370920988051e-06,0.001708635876091382
32,663,46,1.704596722986913e-06,0.0017070795051703938
32,664,41,1.5193144704883354e-06,0.0017053749084474069
32,665,43,1.5934273714877664e-06,0.0017038555939769186
32,666,35,1.2969757674900426e-06,0.0017022621666054308
32,667,52,1.926935425985206e-06,0.0017009651908379407
32,668,47,1.7416531734866285e-06,0.0016990382554119556
32,669,52,1.926935425985206e-06,0.001697296602238469
32,670,52,1.926935425985206e-06,0.0016953696668124839
32,671,58,2.149274128983499e-06,0.0016934427313864985
32,672,56,2.0751612279840677e-06,0.001691293457257515
32,673,52,1.926935425985206e-06,0.0016892182960295311
32,674,37,1.3710886684894735e-06,0.0016872913606035458
32,675,48,1.778709623986344e-06,0.0016859202719350563
32,676,55,2.0381047774843524e-06,0.00168414156231107
32,677,36,1.334032217989758e-06,0.0016821034575335856
32,678,53,1.9639918764849216e-06,0.0016807694253155958
32,679,48,1.778709623986344e-06,0.001678805433439111
32,680,67,2.4827821834809386e-06,0.0016770267238151247
32,681,49,1.8157660744860595e-06,0.0016745439416316437
32,682,32,1.185806415990896e-06,0.0016727281755571576
32,683,50,1.8528225249857749e-06,0.0016715423691411667
32,684,66,2.4457257329812228e-06,0.001669689546616181
32,685,54,2.001048326984637e-06,0.0016672438208831996
32,686,53,1.9639918764849216e-06,0.0016652427725562151
32,687,50,1.8528225249857749e-06,0.00166327878067973
32,688,48,1.778709623986344e-06,0.0016614259581547444
32,689,61,2.2604434804826455e-06,0.001659647248530758
32,690,48,1.778709623986344e-06,0.0016573868050502754
32,691,45,1.6675402724871974e-06,0.001655608095426289
32,692,40,1.48225801998862e-06,0.0016539405551538018
32,693,51,1.8898789754854905e-06,0.0016524582971338133
32,694,57,2.1122176784837835e-06,0.0016505684181583277
32,695,44,1.630483821987482e-06,0.001648456200479844
32,696,52,1.926935425985206e-06,0.0016468257166578565
32,697,72,2.668064435979516e-06,0.0016448987812318712
32,698,59,2.1863305794832143e-06,0.0016422307167958917
32,699,52,1.926935425985206e-06,0.0016400443862164085
32,700,55,2.0381047774843524e-06,0.0016381174507904234
32,701,55,2.0381047774843524e-06,0.001636079346012939
32,702,64,2.371612831981792e-06,0.0016340412412354547
32,703,59,2.1863305794832143e-06,0.0016316696284034728
32,704,37,1.3710886684894735e-06,0.0016294832978239896
32,705,58,2.149274128983499e-06,0.0016281122091555001
32,706,73,2.7051208864792312e-06,0.0016259629350265166
32,707,51,1.8898789754854905e-06,0.0016232578141400374
32,708,83,3.0756853914763862e-06,0.001621367935164552
32,709,56,2.0751612279840677e-06,0.0016182922497730756
32,710,53,1.9639918764849216e-06,0.0016162170885450915
32,711,62,2.297499930982361e-06,0.0016142530966686067
32,712,66,2.4457257329812228e-06,0.0016119555967376241
32,713,53,1.9639918764849216e-06,0.001609509871004643
32,714,57,2.1122176784837835e-06,0.001607545879128158
32,715,56,2.0751612279840677e-06,0.0016054336614496742
32,716,82,3.038628940976671e-06,0.0016033585002216903
32,717,56,2.0751612279840677e-06,0.0016003198712807136
32,718,72,2.668064435979516e-06,0.0015982447100527295
32,719,67,2.4827821834809386e-06,0.00159557664561675
32,720,66,2.4457257329812228e-06,0.001593093863433269
32,721,62,2.297499930982361e-06,0.0015906481377002879
32,722,65,2.4086692824815074e-06,0.0015883506377693053
32,723,60,2.22338702998293e-06,0.001585941968486824
32,724,65,2.4086692824815074e-06,0.001583718581456841
32,725,66,2.4457257329812228e-06,0.0015813099121743594
32,726,48,1.778709623986344e-06,0.0015788641864413783
32,727,66,2.4457257329812228e-06,0.001577085476817392
32,728,68,2.519838633980654e-06,0.0015746397510844107
32,729,74,2.742177336978947e-06,0.00157211991245043
32,730,65,2.4086692824815074e-06,0.001569377735113451
32,731,91,3.3721369954741105e-06,0.0015669690658309697
32,732,78,2.890403138977809e-06,0.0015635969288354955
32,733,86,3.186854742975533e-06,0.0015607065256965176
32,734,77,2.8533466884780936e-06,0.0015575196709535421
32,735,80,2.96451603997724e-06,0.0015546663242650641
32,736,81,3.0015724904769555e-06,0.0015517018082250868
32,737,72,2.668064435979516e-06,0.0015487002357346099
32,738,84,3.112741841976102e-06,0.0015460321712986304
32,739,68,2.519838633980654e-06,0.0015429194294566543
32,740,60,2.22338702998293e-06,0.0015403995908226736
32,741,72,2.668064435979516e-06,0.0015381762037926907
32,742,63,2.3345563814820766e-06,0.0015355081393567112
32,743,61,2.2604434804826455e-06,0.0015331735829752292
32,744,73,2.7051208864792312e-06,0.0015309131394947463
32,745,90,3.3350805449743947e-06,0.0015282080186082671
32,746,59,2.1863305794832143e-06,0.0015248729380632929
32,747,73,2.7051208864792312e-06,0.0015226866074838097
32,748,96,3.557419247972688e-06,0.0015199814865973302
32,749,82,3.038628940976671e-06,0.0015164240673493576
32,750,90,3.3350805449743947e-06,0.001513385438408381
32,751,89,3.2980240944746793e-06,0.0015100503578634066
32,752,73,2.7051208864792312e-06,0.0015067523337689319
32,753,81,3.0015724904769555e-06,0.0015040472128824527
32,754,83,3.0756853914763862e-06,0.0015010456403919757
32,755,81,3.0015724904769555e-06,0.0014979699550004993
32,756,76,2.8162902379783778e-06,0.0014949683825100223
32,757,69,2.5568950844803693e-06,0.001492152092272044
32,758,80,2.96451603997724e-06,0.0014895951971875636
32,759,81,3.0015724904769555e-06,0.0014866306811475863
32,760,89,3.2980240944746793e-06,0.0014836291086571093
32,761,87,3.2239111934752486e-06,0.0014803310845626348
32,762,97,3.5944756984724036e-06,0.0014771071733691596
32,763,75,2.7792337874786624e-06,0.001473512697670687
32,764,81,3.0015724904769555e-06,0.0014707334638832084
32,765,80,2.96451603997724e-06,0.0014677318913927314
32,766,68,2.519838633980654e-06,0.0014647673753527542
32,767,80,2.96451603997724e-06,0.0014622475367187737
32,768,91,3.3721369954741105e-06,0.0014592830206787964
32,769,73,2.7051208864792312e-06,0.0014559108836833222
32,770,96,3.557419247972688e-06,0.001453205762796843
32,771,89,3.2980240944746793e-06,0.0014496483435488703
32,772,82,3.038628940976671e-06,0.0014463503194543956
32,773,95,3.5203627974729724e-06,0.0014433116905134189
32,774,72,2.668064435979516e-06,0.001439791327715946
32,775,92,3.409193445973826e-06,0.0014371232632799664
32,776,89,3.2980240944746793e-06,0.0014337140698339928
32,777,105,3.8909273024701275e-06,0.001430416045739518
32,778,99,3.6685885994718344e-06,0.0014265251184370478
32,779,88,3.260967643974964e-06,0.001422856529837576
32,780,88,3.260967643974964e-06,0.001419595562193601
32,781,78,2.890403138977809e-06,0.001416334594549626
32,782,106,3.927983752969843e-06,0.0014134441914106482
32,783,93,3.4462498964735413e-06,0.0014095162076576784
32,784,104,3.853870851970412e-06,0.001406069957761205
32,785,75,2.7792337874786624e-06,0.0014022160869092345
32,786,97,3.5944756984724036e-06,0.0013994368531217557
32,787,92,3.409193445973826e-06,0.0013958423774232834
32,788,108,4.002096653969274e-06,0.0013924331839773095
32,789,97,3.5944756984724036e-06,0.0013884310873233403
32,790,88,3.260967643974964e-06,0.001384836611624868
32,791,92,3.409193445973826e-06,0.001381575643980893
32,792,105,3.8909273024701275e-06,0.0013781664505349192
32,793,108,4.002096653969274e-06,0.001374275523232449
32,794,102,3.779757950970981e-06,0.0013702734265784798
32,795,117,4.335604708466714e-06,0.0013664936686275087
32,796,94,3.483306346973257e-06,0.001362158063919042
32,797,109,4.03915310446899e-06,0.0013586747575720687
32,798,95,3.5203627974729724e-06,0.0013546356044675998
32,799,115,4.261491807467282e-06,0.0013511152416701268
32,800,101,3.7427015004712655e-06,0.0013468537498626594
32,801,78,2.890403138977809e-06,0.0013431110483621883
32,802,109,4.03915310446899e-06,0.0013402206452232104
32,803,107,3.965040203469558e-06,0.0013361814921187415
32,804,111,4.1132660054684205e-06,0.001332216451915272
32,805,78,2.890403138977809e-06,0.0013281031859098036
32,806,102,3.779757950970981e-06,0.0013252127827708257
32,807,94,3.483306346973257e-06,0.0013214330248198546
32,808,96,3.557419247972688e-06,0.0013179497184728813
32,809,136,5.039677267961308e-06,0.0013143922992249087
32,810,98,3.631532148972119e-06,0.0013093526219569475
32,811,105,3.8909273024701275e-06,0.0013057210898079754
32,812,97,3.5944756984724036e-06,0.0013018301625055053
32,813,99,3.6685885994718344e-06,0.0012982356868070327
32,814,118,4.372661158966429e-06,0.001294567098207561
32,815,111,4.1132660054684205e-06,0.0012901944370485945
32,816,104,3.853870851970412e-06,0.0012860811710431262
32,817,114,4.224435356967567e-06,0.0012822273001911557
32,818,113,4.187378906467851e-06,0.001278002864834188
32,819,99,3.6685885994718344e-06,0.0012738154859277203
32,820,107,3.965040203469558e-06,0.0012701468973282484
32,821,140,5.18790306996017e-06,0.0012661818571247788
32,822,124,4.594999861964722e-06,0.0012609939540548186
32,823,127,4.706169213463868e-06,0.001256398954192854
32,824,100,3.7056450499715497e-06,0.00125169278497939
32,825,125,4.6320563124644375e-06,0.0012479871399294186
32,826,120,4.44677405996586e-06,0.001243355083616954
32,827,97,3.5944756984724036e-06,0.0012389083095569883
32,828,112,4.1503224559681355e-06,0.001235313833858516
32,829,96,3.557419247972688e-06,0.0012311635114025477
32,830,124,4.594999861964722e-06,0.001227606092154575
32,831,107,3.965040203469558e-06,0.0012230110922926104
32,832,121,4.483830510465575e-06,0.0012190460520891408
32,833,122,4.520886960965291e-06,0.0012145622215786753
32,834,125,4.6320563124644375e-06,0.0012100413346177099
32,835,110,4.076209554968705e-06,0.0012054092783052456
32,836,134,4.965564366961877e-06,0.0012013330687502767
32,837,108,4.002096653969274e-06,0.001196367504383315
32,838,132,4.8914514659624455e-06,0.0011923654077293456
32,839,107,3.965040203469558e-06,0.0011874739562633832
32,840,113,4.187378906467851e-06,0.0011835089160599137
32,841,111,4.1132660054684205e-06,0.0011793215371534457
32,842,106,3.927983752969843e-06,0.0011752082711479774
32,843,106,3.927983752969843e-06,0.0011712802873950076
32,844,123,4.557943411465007e-06,0.0011673523036420377
32,845,113,4.187378906467851e-06,0.0011627943602305726
32,846,113,4.187378906467851e-06,0.0011586069813241048
32,847,106,3.927983752969843e-06,0.0011544196024176369
32,848,111,4.1132660054684205e-06,0.001150491618664667
32,849,112,4.1503224559681355e-06,0.0011463783526591987
32,850,115,4.261491807467282e-06,0.0011422280302032304
32,851,120,4.44677405996586e-06,0.0011379665383957633
32,852,134,4.965564366961877e-06,0.0011335197643357975
32,853,135,5.002620817461592e-06,0.0011285541999688355
32,854,129,4.780282114463299e-06,0.001123551579151374
32,855,123,4.557943411465007e-06,0.0011187712970369107
32,856,119,4.409717609466144e-06,0.0011142133536254457
32,857,123,4.557943411465007e-06,0.0011098036360159794
32,858,139,5.150846619460454e-06,0.0011052456926045145
32,859,120,4.44677405996586e-06,0.001100094845985054
32,860,126,4.669112762964153e-06,0.0010956480719250881
32,861,130,4.817338564963015e-06,0.001090978959162124
32,862,120,4.44677405996586e-06,0.001086161620597161
32,863,148,5.484354673957894e-06,0.001081714846537195
32,864,138,5.113790168960739e-06,0.0010762304918632373
32,865,151,5.595524025457041e-06,0.0010711167016942765
32,866,122,4.520886960965291e-06,0.0010655211776688194
32,867,125,4.6320563124644375e-06,0.0010610002907078542
32,868,124,4.594999861964722e-06,0.0010563682343953898
32,869,125,4.6320563124644375e-06,0.001051773234533425
32,870,123,4.557943411465007e-06,0.0010471411782209605
32,871,117,4.335604708466714e-06,0.0010425832348094956
32,872,128,4.743225663963584e-06,0.0010382476301010288
32,873,127,4.706169213463868e-06,0.0010335044044370652
32,874,136,5.039677267961308e-06,0.0010287982352236015
32,875,118,4.372661158966429e-06,0.00102375855795564
32,876,128,4.743225663963584e-06,0.0010193858967966736
32,877,141,5.224959520459885e-06,0.00101464267113271
32,878,110,4.076209554968705e-06,0.0010094177116122501
32,879,134,4.965564366961877e-06,0.0010053415020572815
32,880,120,4.44677405996586e-06,0.0010003759376903197
32,881,132,4.8914514659624455e-06,0.0009959291636303538
32,882,118,4.372661158966429e-06,0.0009910377121643912
32,883,119,4.409717609466144e-06,0.0009866650510054248
32,884,126,4.669112762964153e-06,0.0009822553333959586
32,885,131,4.854395015462731e-06,0.0009775862206329946
32,886,133,4.928507916462161e-06,0.0009727318256175318
32,887,120,4.44677405996586e-06,0.0009678033177010697
32,888,131,4.854395015462731e-06,0.0009633565436411039
32,889,117,4.335604708466714e-06,0.0009585021486256411
32,890,113,4.187378906467851e-06,0.0009541665439171744
32,891,138,5.113790168960739e-06,0.0009499791650107066
32,892,125,4.6320563124644375e-06,0.0009448653748417458
32,893,128,4.743225663963584e-06,0.0009402333185292814
32,894,122,4.520886960965291e-06,0.0009354900928653177
32,895,124,4.594999861964722e-06,0.0009309692059043525
32,896,103,3.816814401470697e-06,0.0009263742060423878
32,897,116,4.298548257966998e-06,0.000922557391640917
32,898,134,4.965564366961877e-06,0.0009182588433829501
32,899,142,5.262015970959601e-06,0.0009132932790159882
32,900,122,4.520886960965291e-06,0.0009080312630450286
32,901,130,4.817338564963015e-06,0.0009035103760840633
32,902,116,4.298548257966998e-06,0.0008986930375191002
32,903,136,5.039677267961308e-06,0.0008943944892611333
32,904,137,5.076733718461024e-06,0.000889354811993172
32,905,117,4.335604708466714e-06,0.000884278078274711
32,906,128,4.743225663963584e-06,0.0008799424735662443
32,907,130,4.817338564963015e-06,0.0008751992479022806
32,908,124,4.594999861964722e-06,0.0008703819093373176
32,909,131,4.854395015462731e-06,0.0008657869094753529
32,910,129,4.780282114463299e-06,0.0008609325144598902
32,911,104,3.853870851970412e-06,0.0008561522323454269
32,912,125,4.6320563124644375e-06,0.0008522983614934565
32,913,133,4.928507916462161e-06,0.0008476663051809921
32,914,128,4.743225663963584e-06,0.0008427377972645299
32,915,124,4.594999861964722e-06,0.0008379945716005663
32,916,125,4.6320563124644375e-06,0.0008333995717386015
32,917,125,4.6320563124644375e-06,0.0008287675154261371
32,918,127,4.706169213463868e-06,0.0008241354591136727
32,919,132,4.8914514659624455e-06,0.0008194292899002089
32,920,136,5.039677267961308e-06,0.0008145378384342463
32,921,123,4.557943411465007e-06,0.000809498161166285
32,922,105,3.8909273024701275e-06,0.0008049402177548201
32,923,124,4.594999861964722e-06,0.00080104929045235
32,924,141,5.224959520459885e-06,0.0007964542905903852
32,925,115,4.261491807467282e-06,0.0007912293310699253
32,926,112,4.1503224559681355e-06,0.0007869678392624581
32,927,156,5.780806277955618e-06,0.00078281751680649
32,928,98,3.631532148972119e-06,0.0007770367105285343
32,929,118,4.372661158966429e-06,0.0007734051783795622
32,930,116,4.298548257966998e-06,0.0007690325172205958
32,931,110,4.076209554968705e-06,0.0007647339689626287
32,932,101,3.7427015004712655e-06,0.00076065775940766
32,933,118,4.372661158966429e-06,0.0007569150579071887
32,934,110,4.076209554968705e-06,0.0007525423967482223
32,935,111,4.1132660054684205e-06,0.0007484661871932537
32,936,111,4.1132660054684205e-06,0.0007443529211877852
32,937,126,4.669112762964153e-06,0.0007402396551823168
32,938,122,4.520886960965291e-06,0.0007355705424193527
32,939,106,3.927983752969843e-06,0.0007310496554583873
32,940,131,4.854395015462731e-06,0.0007271216717054175
32,941,109,4.03915310446899e-06,0.0007222672766899548
32,942,128,4.743225663963584e-06,0.0007182281235854858
32,943,122,4.520886960965291e-06,0.0007134848979215222
32,944,107,3.965040203469558e-06,0.000708964010960557
32,945,128,4.743225663963584e-06,0.0007049989707570873
32,946,106,3.927983752969843e-06,0.0007002557450931238
32,947,127,4.706169213463868e-06,0.000696327761340154
32,948,116,4.298548257966998e-06,0.00069162159212669
32,949,116,4.298548257966998e-06,0.0006873230438687231
32,950,97,3.5944756984724036e-06,0.0006830244956107561
32,951,111,4.1132660054684205e-06,0.0006794300199122837
32,952,111,4.1132660054684205e-06,0.0006753167539068153
32,953,122,4.520886960965291e-06,0.0006712034879013468
32,954,112,4.1503224559681355e-06,0.0006666826009403816
32,955,99,3.6685885994718344e-06,0.0006625322784844134
32,956,132,4.8914514659624455e-06,0.0006588636898849416
32,957,114,4.224435356967567e-06,0.0006539722384189792
32,958,131,4.854395015462731e-06,0.0006497478030620115
32,959,122,4.520886960965291e-06,0.0006448934080465488
32,960,120,4.44677405996586e-06,0.0006403725210855836
32,961,112,4.1503224559681355e-06,0.0006359257470256177
32,962,98,3.631532148972119e-06,0.0006317754245696495
32,963,110,4.076209554968705e-06,0.0006281438924206775
32,964,106,3.927983752969843e-06,0.0006240676828657087
32,965,113,4.187378906467851e-06,0.0006201396991127389
32,966,101,3.7427015004712655e-06,0.000615952320206271
32,967,118,4.372661158966429e-06,0.0006122096187057998
32,968,96,3.557419247972688e-06,0.0006078369575468333
32,969,106,3.927983752969843e-06,0.0006042795382988607
32,970,121,4.483830510465575e-06,0.0006003515545458908
32,971,115,4.261491807467282e-06,0.0005958677240354252
32,972,114,4.224435356967567e-06,0.000591606232227958
32,973,97,3.5944756984724036e-06,0.0005873817968709904
32,974,84,3.112741841976102e-06,0.0005837873211725179
32,975,109,4.03915310446899e-06,0.0005806745793305419
32,976,95,3.5203627974729724e-06,0.0005766354262260729
32,977,107,3.965040203469558e-06,0.0005731150634286
32,978,101,3.7427015004712655e-06,0.0005691500232251303
32,979,96,3.557419247972688e-06,0.000565407321724659
32,980,92,3.409193445973826e-06,0.0005618499024766864
32,981,101,3.7427015004712655e-06,0.0005584407090307126
32,982,104,3.853870851970412e-06,0.0005546980075302414
32,983,116,4.298548257966998e-06,0.0005508441366782709
32,984,93,3.4462498964735413e-06,0.0005465455884203039
32,985,113,4.187378906467851e-06,0.0005430993385238304
32,986,106,3.927983752969843e-06,0.0005389119596173625
32,987,119,4.409717609466144e-06,0.0005349839758643927
32,988,103,3.816814401470697e-06,0.0005305742582549265
32,989,103,3.816814401470697e-06,0.0005267574438534558
32,990,107,3.965040203469558e-06,0.0005229406294519852
32,991,90,3.3350805449743947e-06,0.0005189755892485155
32,992,101,3.7427015004712655e-06,0.0005156405087035411
32,993,121,4.483830510465575e-06,0.0005118978072030699
32,994,108,4.002096653969274e-06,0.0005074139766926044
32,995,81,3.0015724904769555e-06,0.000503411880038635
32,996,89,3.2980240944746793e-06,0.0005004103075481581
32,997,120,4.44677405996586e-06,0.0004971122834536835
32,998,108,4.002096653969274e-06,0.0004926655093937175
32,999,100,3.7056450499715497e-06,0.0004886634127397483
32,1000,102,3.779757950970981e-06,0.0004849577676897767
32,1001,77,2.8533466884780936e-06,0.00048117800973880576
32,1002,94,3.483306346973257e-06,0.00047832466305032767
32,1003,104,3.853870851970412e-06,0.0004748413567033544
32,1004,94,3.483306346973257e-06,0.000470987485851384
32,1005,111,4.1132660054684205e-06,0.0004675041795044107
32,1006,99,3.6685885994718344e-06,0.00046339091349894234
32,1007,96,3.557419247972688e-06,0.0004597223248994705
32,1008,87,3.2239111934752486e-06,0.0004561649056514978
32,1009,97,3.5944756984724036e-06,0.00045294099445802253
32,1010,108,4.002096653969274e-06,0.0004493465187595501
32,1011,101,3.7427015004712655e-06,0.00044534442210558087
32,1012,100,3.7056450499715497e-06,0.0004416017206051096
32,1013,109,4.03915310446899e-06,0.00043789607555513806
32,1014,93,3.4462498964735413e-06,0.00043385692245066906
32,1015,87,3.2239111934752486e-06,0.00043041067255419554
32,1016,99,3.6685885994718344e-06,0.00042718676136072026
32,1017,102,3.779757950970981e-06,0.00042351817276124846
32,1018,109,4.03915310446899e-06,0.00041973841481027745
32,1019,106,3.927983752969843e-06,0.00041569926170580845
32,1020,86,3.186854742975533e-06,0.0004117712779528386
32,1021,89,3.2980240944746793e-06,0.00040858442320986307
32,1022,95,3.5203627974729724e-06,0.0004052863991153884
32,1023,87,3.2239111934752486e-06,0.00040176603631791543
32,1024,65,2.4086692824815074e-06,0.0003985421251244402
32,1025,82,3.038628940976671e-06,0.0003961334558419587
32,1026,73,2.7051208864792312e-06,0.000393094826900982
32,1027,86,3.186854742975533e-06,0.00039038970601450277
32,1028,109,4.03915310446899e-06,0.00038720285127152724
32,1029,88,3.260967643974964e-06,0.00038316369816705824
32,1030,88,3.260967643974964e-06,0.0003799027305230833
32,1031,92,3.409193445973826e-06,0.00037664176287910834
32,1032,98,3.631532148972119e-06,0.0003732325694331345
32,1033,88,3.260967643974964e-06,0.0003696010372841624
32,1034,98,3.631532148972119e-06,0.00036634006964018744
32,1035,78,2.890403138977809e-06,0.0003627085374912153
32,1036,88,3.260967643974964e-06,0.0003598181343522375
32,1037,86,3.186854742975533e-06,0.00035655716670826256
32,1038,77,2.8533466884780936e-06,0.000353370311965287
32,1039,86,3.186854742975533e-06,0.0003505169652768089
32,1040,92,3.409193445973826e-06,0.00034733011053383336
32,1041,62,2.297499930982361e-06,0.00034392091708785954
32,1042,80,2.96451603997724e-06,0.0003416234171568772
32,1043,95,3.5203627974729724e-06,0.00033865890111689994
32,1044,83,3.0756853914763862e-06,0.000335138538319427
32,1045,94,3.483306346973257e-06,0.0003320628529279506
32,1046,84,3.112741841976102e-06,0.0003285795465809773
32,1047,72,2.668064435979516e-06,0.00032546680473900124
32,1048,78,2.890403138977809e-06,0.0003227987403030217
32,1049,60,2.22338702998293e-06,0.0003199083371640439
32,1050,72,2.668064435979516e-06,0.000317684950134061
32,1051,88,3.260967643974964e-06,0.00031501688569808144
32,1052,77,2.8533466884780936e-06,0.0003117559180541065
32,1053,92,3.409193445973826e-06,0.0003089025713656284
32,1054,79,2.9274595894775243e-06,0.00030549337791965455
32,1055,76,2.8162902379783778e-06,0.00030256591833017707
32,1056,81,3.0015724904769555e-06,0.0002997496280921987
32,1057,72,2.668064435979516e-06,0.00029674805560172174
32,1058,87,3.2239111934752486e-06,0.0002940799911657422
32,1059,62,2.297499930982361e-06,0.00029085607997226696
32,1060,87,3.2239111934752486e-06,0.0002885585800412846
32,1061,78,2.890403138977809e-06,0.0002853346688478093
32,1062,76,2.8162902379783778e-06,0.00028244426570883153
32,1063,62,2.297499930982361e-06,0.00027962797547085314
32,1064,74,2.742177336978947e-06,0.0002773304755398708
32,1065,86,3.186854742975533e-06,0.00027458829820289183
32,1066,83,3.0756853914763862e-06,0.0002714014434599163
32,1067,81,3.0015724904769555e-06,0.0002683257580684399
32,1068,39,1.4452015694889045e-06,0.000265324185577963
32,1069,70,2.593951534980085e-06,0.0002638789840084741
32,1070,72,2.668064435979516e-06,0.000261285032473494
32,1071,78,2.890403138977809e-06,0.0002586169680375145
32,1072,83,3.0756853914763862e-06,0.00025572656489853665
32,1073,65,2.4086692824815074e-06,0.00025265087950706027
32,1074,76,2.8162902379783778e-06,0.00025024221022457876
32,1075,65,2.4086692824815074e-06,0.00024742591998660037
32,1076,81,3.0015724904769555e-06,0.00024501725070411886
32,1077,59,2.1863305794832143e-06,0.00024201567821364192
32,1078,66,2.4457257329812228e-06,0.0002398293476341587
32,1079,61,2.2604434804826455e-06,0.00023738362190117747
32,1080,70,2.593951534980085e-06,0.00023512317842069484
32,1081,62,2.297499930982361e-06,0.00023252922688571476
32,1082,74,2.742177336978947e-06,0.0002302317269547324
32,1083,86,3.186854742975533e-06,0.00022748954961775345
32,1084,82,3.038628940976671e-06,0.00022430269487477792
32,1085,67,2.4827821834809386e-06,0.00022126406593380124
32,1086,78,2.890403138977809e-06,0.0002187812837503203
32,1087,68,2.519838633980654e-06,0.0002158908806113425
32,1088,62,2.297499930982361e-06,0.00021337104197736184
32,1089,56,2.0751612279840677e-06,0.00021107354204637948
32,1090,74,2.742177336978947e-06,0.0002089983808183954
32,1091,64,2.371612831981792e-06,0.00020625620348141646
32,1092,63,2.3345563814820766e-06,0.00020388459064943468
32,1093,49,1.8157660744860595e-06,0.0002015500342679526
32,1094,57,2.1122176784837835e-06,0.00019973426819346654
32,1095,68,2.519838633980654e-06,0.00019762205051498277
32,1096,65,2.4086692824815074e-06,0.0001951022118810021
32,1097,53,1.9639918764849216e-06,0.0001926935425985206
32,1098,56,2.0751612279840677e-06,0.00019072955072203568
32,1099,57,2.1122176784837835e-06,0.0001886543894940516
32,1100,74,2.742177336978947e-06,0.0001865421718155678
32,1101,63,2.3345563814820766e-06,0.00018379999447858887
32,1102,71,2.6310079854798005e-06,0.0001814654380971068
32,1103,55,2.0381047774843524e-06,0.000178834430111627
32,1104,57,2.1122176784837835e-06,0.00017679632533414263
32,1105,58,2.149274128983499e-06,0.00017468410765565887
32,1106,58,2.149274128983499e-06,0.00017253483352667537
32,1107,59,2.1863305794832143e-06,0.00017038555939769185
32,1108,60,2.22338702998293e-06,0.00016819922881820866
32,1109,63,2.3345563814820766e-06,0.00016597584178822572
32,1110,59,2.1863305794832143e-06,0.00016364128540674364
32,1111,56,2.0751612279840677e-06,0.00016145495482726042
32,1112,53,1.9639918764849216e-06,0.00015937979359927638
32,1113,62,2.297499930982361e-06,0.00015741580172279145
32,1114,56,2.0751612279840677e-06,0.0001551183017918091
32,1115,59,2.1863305794832143e-06,0.00015304314056382502
32,1116,77,2.8533466884780936e-06,0.0001508568099843418
32,1117,58,2.149274128983499e-06,0.0001480034632958637
32,1118,58,2.149274128983499e-06,0.00014585418916688022
32,1119,56,2.0751612279840677e-06,0.0001437049150378967
32,1120,70,2.593951534980085e-06,0.00014162975380991262
32,1121,53,1.9639918764849216e-06,0.00013903580227493255
32,1122,59,2.1863305794832143e-06,0.00013707181039844762
32,1123,51,1.8898789754854905e-06,0.0001348854798189644
32,1124,65,2.4086692824815074e-06,0.00013299560084347893
32,1125,91,3.3721369954741105e-06,0.00013058693156099742
32,1126,54,2.001048326984637e-06,0.0001272147945655233
32,1127,61,2.2604434804826455e-06,0.00012521374623853868
32,1128,44,1.630483821987482e-06,0.00012295330275805604
32,1129,58,2.149274128983499e-06,0.00012132281893606855
32,1130,54,2.001048326984637e-06,0.00011917354480708504
32,1131,44,1.630483821987482e-06,0.00011717249648010041
32,1132,37,1.3710886684894735e-06,0.00011554201265811292
32,1133,52,1.926935425985206e-06,0.00011417092398962345
32,1134,56,2.0751612279840677e-06,0.00011224398856363825
32,1135,41,1.5193144704883354e-06,0.00011016882733565417
32,1136,58,2.149274128983499e-06,0.00010864951286516585
32,1137,49,1.8157660744860595e-06,0.00010650023873618234
32,1138,48,1.778709623986344e-06,0.00010468447266169628
32,1139,54,2.001048326984637e-06,0.00010290576303770994
32,1140,47,1.7416531734866285e-06,0.0001009047147107253
32,1141,40,1.48225801998862e-06,9.916306153723867e-05
32,1142,41,1.5193144704883354e-06,9.768080351725005e-05
32,1143,56,2.0751612279840677e-06,9.616148904676172e-05
32,1144,54,2.001048326984637e-06,9.408632781877765e-05
32,1145,59,2.1863305794832143e-06,9.208527949179301e-05
32,1146,40,1.48225801998862e-06,8.98989489123098e-05
32,1147,58,2.149274128983499e-06,8.841669089232118e-05
32,1148,37,1.3710886684894735e-06,8.626741676333769e-05
32,1149,42,1.556370920988051e-06,8.489632809484821e-05
32,1150,42,1.556370920988051e-06,8.333995717386016e-05
32,1151,45,1.6675402724871974e-06,8.178358625287211e-05
32,1152,47,1.7416531734866285e-06,8.011604598038491e-05
32,1153,44,1.630483821987482e-06,7.837439280689827e-05
32,1154,36,1.334032217989758e-06,7.67439089849108e-05
32,1155,46,1.704596722986913e-06,7.540987676692104e-05
32,1156,34,1.259919316990327e-06,7.370528004393413e-05
32,1157,42,1.556370920988051e-06,7.24453607269438e-05
32,1158,39,1.4452015694889045e-06,7.088898980595575e-05
32,1159,30,1.111693514991465e-06,6.944378823646684e-05
32,1160,43,1.5934273714877664e-06,6.833209472147538e-05
32,1161,36,1.334032217989758e-06,6.673866734998762e-05
32,1162,38,1.4081451189891889e-06,6.540463513199786e-05
32,1163,39,1.4452015694889045e-06,6.399649001300867e-05
32,1164,38,1.4081451189891889e-06,6.255128844351977e-05
32,1165,32,1.185806415990896e-06,6.114314332453057e-05
32,1166,44,1.630483821987482e-06,5.995733690853968e-05
32,1167,36,1.334032217989758e-06,5.8326853086552195e-05
32,1168,29,1.0746370644917495e-06,5.699282086856244e-05
32,1169,40,1.48225801998862e-06,5.591818380407069e-05
32,1170,36,1.334032217989758e-06,5.443592578408207e-05
32,1171,34,1.259919316990327e-06,5.310189356609231e-05
32,1172,42,1.556370920988051e-06,5.1841974249101986e-05
32,1173,24,8.89354811993172e-07,5.028560332811393e-05
32,1174,23,8.522983614934565e-07,4.939624851612076e-05
32,1175,28,1.0375806139920339e-06,4.8543950154627306e-05
32,1176,26,9.63467712992603e-07,4.750636954063527e-05
32,1177,35,1.2969757674900426e-06,4.654290182764267e-05
32,1178,38,1.4081451189891889e-06,4.5245926060152625e-05
32,1179,32,1.185806415990896e-06,4.3837780941163435e-05
32,1180,33,1.2228628664906114e-06,4.2651974525172536e-05
32,1181,21,7.781854604940255e-07,4.142911165868193e-05
32,1182,22,8.15241910993741e-07,4.06509261981879e-05
32,1183,34,1.259919316990327e-06,3.983568428719416e-05
32,1184,31,1.1487499654911804e-06,3.8575764970203836e-05
32,1185,26,9.63467712992603e-07,3.7427015004712654e-05
32,1186,32,1.185806415990896e-06,3.6463547291720054e-05
32,1187,25,9.264112624928874e-07,3.5277740875729155e-05
32,1188,32,1.185806415990896e-06,3.4351329613236265e-05
32,1189,23,8.522983614934565e-07,3.316552319724537e-05
32,1190,28,1.0375806139920339e-06,3.231322483575192e-05
32,1191,19,7.040725594945944e-07,3.127564422175988e-05
32,1192,21,7.781854604940255e-07,3.0571571662265284e-05
32,1193,20,7.4112900999431e-07,2.979338620177126e-05
32,1194,19,7.040725594945944e-07,2.9052257191776952e-05
32,1195,20,7.4112900999431e-07,2.8348184632282357e-05
32,1196,20,7.4112900999431e-07,2.7607055622288048e-05
32,1197,15,5.558467574957325e-07,2.686592661229374e-05
32,1198,19,7.040725594945944e-07,2.6310079854798003e-05
32,1199,24,8.89354811993172e-07,2.560600729530341e-05
32,1200,21,7.781854604940255e-07,2.471665248331024e-05
32,1201,19,7.040725594945944e-07,2.3938467022816212e-05
32,1202,20,7.4112900999431e-07,2.3234394463321617e-05
32,1203,12,4.44677405996586e-07,2.2493265453327308e-05
32,1204,18,6.67016108994879e-07,2.2048588047330722e-05
32,1205,17,6.299596584951635e-07,2.1381571938335844e-05
32,1206,16,5.92903207995448e-07,2.075161227984068e-05
32,1207,15,5.558467574957325e-07,2.015870907184523e-05
32,1208,12,4.44677405996586e-07,1.96028623143495e-05
32,1209,12,4.44677405996586e-07,1.9158184908352913e-05
32,1210,9,3.335080544974395e-07,1.8713507502356327e-05
32,1211,12,4.44677405996586e-07,1.8379999447858887e-05
32,1212,19,7.040725594945944e-07,1.79353220418623e-05
32,1213,13,4.817338564963015e-07,1.7231249482367705e-05
32,1214,14,5.187903069960169e-07,1.6749515625871405e-05
32,1215,17,6.299596584951635e-07,1.6230725318875387e-05
32,1216,20,7.4112900999431e-07,1.5600765660380224e-05
32,1217,17,6.299596584951635e-07,1.4859636650385915e-05
32,1218,8,2.96451603997724e-07,1.4229676991890751e-05
32,1219,11,4.076209554968705e-07,1.3933225387893028e-05
32,1220,15,5.558467574957325e-07,1.3525604432396158e-05
32,1221,8,2.96451603997724e-07,1.2969757674900424e-05
32,1222,12,4.44677405996586e-07,1.2673306070902701e-05
32,1223,12,4.44677405996586e-07,1.2228628664906115e-05
32,1224,13,4.817338564963015e-07,1.1783951258909529e-05
32,1225,4,1.48225801998862e-07,1.1302217402413227e-05
32,1226,11,4.076209554968705e-07,1.1153991600414365e-05
32,1227,7,2.5939515349800847e-07,1.0746370644917495e-05
32,1228,10,3.70564504997155e-07,1.0486975491419486e-05
32,1229,6,2.22338702998293e-07,1.0116410986422332e-05
32,1230,10,3.70564504997155e-07,9.894072283424038e-06
32,1231,14,5.187903069960169e-07,9.523507778426884e-06
32,1232,9,3.335080544974395e-07,9.004717471430866e-06
32,1233,4,1.48225801998862e-07,8.671209416933427e-06
32,1234,10,3.70564504997155e-07,8.522983614934564e-06
32,1235,7,2.5939515349800847e-07,8.15241910993741e-06
32,1236,8,2.96451603997724e-07,7.8930239564394e-06
32,1237,7,2.5939515349800847e-07,7.596572352441678e-06
32,1238,8,2.96451603997724e-07,7.337177198943669e-06
32,1239,10,3.70564504997155e-07,7.040725594945945e-06
32,1240,5,1.852822524985775e-07,6.6701610899487894e-06
32,1241,7,2.5939515349800847e-07,6.484878837450212e-06
32,1242,10,3.70564504997155e-07,6.225483683952204e-06
32,1243,8,2.96451603997724e-07,5.854919178955049e-06
32,1244,6,2.22338702998293e-07,5.558467574957325e-06
32,1245,3,1.111693514991465e-07,5.336128871959032e-06
32,1246,3,1.111693514991465e-07,5.224959520459885e-06
32,1247,6,2.22338702998293e-07,5.113790168960739e-06
32,1248,4,1.48225801998862e-07,4.8914514659624455e-06
32,1249,1,3.70564504997155e-08,4.743225663963584e-06
32,1250,1,3.70564504997155e-08,4.706169213463868e-06
32,1251,1,3.70564504997155e-08,4.669112762964153e-06
32,1252,4,1.48225801998862e-07,4.6320563124644375e-06
32,1253,4,1.48225801998862e-07,4.483830510465575e-06
32,1255,5,1.852822524985775e-07,4.335604708466714e-06
32,1256,4,1.48225801998862e-07,4.1503224559681355e-06
32,1257,1,3.70564504997155e-08,4.002096653969274e-06
32,1258,6,2.22338702998293e-07,3.965040203469558e-06
32,1259,2,7.4112900999431e-08,3.7427015004712655e-06
32,1260,5,1.852822524985775e-07,3.6685885994718344e-06
32,1261,2,7.4112900999431e-08,3.483306346973257e-06
32,1262,2,7.4112900999431e-08,3.409193445973826e-06
32,1263,5,1.852822524985775e-07,3.3350805449743947e-06
32,1264,3,1.111693514991465e-07,3.1497982924758174e-06
32,1265,2,7.4112900999431e-08,3.038628940976671e-06
32,1266,4,1.48225801998862e-07,2.96451603997724e-06
32,1267,3,1.111693514991465e-07,2.8162902379783778e-06
32,1268,3,1.111693514991465e-07,2.7051208864792312e-06
32,1269,6,2.22338702998293e-07,2.593951534980085e-06
32,1270,2,7.4112900999431e-08,2.371612831981792e-06
32,1271,2,7.4112900999431e-08,2.297499930982361e-06
32,1272,2,7.4112900999431e-08,2.22338702998293e-06
32,1273,4,1.48225801998862e-07,2.149274128983499e-06
32,1274,3,1.111693514991465e-07,2.001048326984637e-06
32,1275,3,1.111693514991465e-07,1.8898789754854905e-06
32,1276,4,1.48225801998862e-07,1.778709623986344e-06
32,1277,1,3.70564504997155e-08,1.630483821987482e-06
32,1279,3,1.111693514991465e-07,1.5934273714877664e-06
32,1280,2,7.4112900999431e-08,1.48225801998862e-06
32,1281,4,1.48225801998862e-07,1.4081451189891889e-06
32,1282,2,7.4112900999431e-08,1.259919316990327e-06
32,1283,2,7.4112900999431e-08,1.185806415990896e-06
32,1284,1,3.70564504997155e-08,1.111693514991465e-06
32,1285,1,3.70564504997155e-08,1.0746370644917495e-06
32,1286,1,3.70564504997155e-08,1.0375806139920339e-06
32,1287,1,3.70564504997155e-08,1.0005241634923185e-06
32,1288,2,7.4112900999431e-08,9.63467712992603e-07
32,1289,1,3.70564504997155e-08,8.89354811993172e-07
32,1294,2,7.4112900999431e-08,8.522983614934565e-07
32,1296,2,7.4112900999431e-08,7.781854604940255e-07
32,1297,1,3.70564504997155e-08,7.040725594945944e-07
32,1301,2,7.4112900999431e-08,6.67016108994879e-07
32,1305,1,3.70564504997155e-08,5.92903207995448e-07
32,1306,2,7.4112900999431e-08,5.558467574957325e-07
32,1309,1,3.70564504997155e-08,4.817338564963015e-07
32,1310,1,3.70564504997155e-08,4.44677405996586e-07
32,1311,1,3.70564504997155e-08,4.076209554968705e-07
32,1313,1,3.70564504997155e-08,3.70564504997155e-07
32,1323,1,3.70564504997155e-08,3.335080544974395e-07
32,1331,1,3.70564504997155e-08,2.96451603997724e-07
32,1336,1,3.70564504997155e-08,2.5939515349800847e-07
32,1338,1,3.70564504997155e-08,2.22338702998293e-07
32,1339,1,3.70564504997155e-08,1.852822524985775e-07
32,1340,1,3.70564504997155e-08,1.48225801998862e-07
32,1344,1,3.70564504997155e-08,1.111693514991465e-07
32,1348,1,3.70564504997155e-08,7.4112900999431e-08
32,1353,1,3.70564504997155e-08,3.70564504997155e-08
64,1,32263784,0.9085185987510489,1.0
64,2,2079804,0.05856537521317482,0.09148140124895111
64,3,502050,0.014137268043418716,0.032916026035776286
64,4,208786,0.005879222479261468,0.018778757992357568
64,5,112045,0.0031550845491979886,0.0128995355130961
64,6,67554,0.0019022587499354805,0.009744450963898112
64,7,44891,0.0012640894327997402,0.007842192213962632
64,8,31323,0.00088202698321682,0.006578102781162891
64,9,23103,0.0006505593140266958,0.00569607579794607
64,10,17676,0.0004977399660102962,0.005045516483919375
64,11,14203,0.00039994346782327663,0.004547776517909078
64,12,11299,0.00031816948834297,0.004147833050085802
64,13,9185,0.00025864118509869716,0.003829663561742832
64,14,7518,0.00021169999233228146,0.003571022376644135
64,15,6356,0.00017897913690662157,0.0033593223843118537
64,16,5593,0.00015749375593435093,0.003180343247405232
64,17,4875,0.0001372755337350189,0.003022849491470881
64,18,4101,0.00011548040284047437,0.002885573957735862
64,19,3528,9.934524779838907e-05,0.002770093554895388
64,20,3184,8.965852295636928e-05,0.0026707483070969986
64,21,2770,7.800066224533382e-05,0.0025810897841406296
64,22,2624,7.388943600424403e-05,0.0025030891218952955
64,23,2263,6.372400673689185e-05,0.0024291996858910514
64,24,2133,6.006332583729135e-05,0.0023654756791541597
64,25,1924,5.417807731408746e-05,0.0023054123533168686
64,26,1734,4.882785138390211e-05,0.002251234276002781
64,27,1632,4.595562483190787e-05,0.0022024064246188788
64,28,1541,4.339314820218752e-05,0.002156450799786971
64,29,1396,3.93100810449408e-05,0.0021130576515847833
64,30,1254,3.531149113922333e-05,0.0020737475705398427
64,31,1140,3.210135558111211e-05,0.002038436079400619
64,32,1059,2.982046978982257e-05,0.002006334723819507
64,33,968,2.7257993160102217e-05,0.0019765142540296844
64,34,897,2.525869820724348e-05,0.0019492562608695824
64,35,823,2.31749260028555e-05,0.0019239975626623388
64,36,818,2.3034130583640096e-05,0.0019008226366594833
64,37,722,2.0330858534704338e-05,0.0018777885060758434
64,38,675,1.9007381594079543e-05,0.0018574576475411388
64,39,629,1.7712063737297825e-05,0.0018384502659470595
64,40,573,1.61351550420853e-05,0.0018207382022097617
64,41,568,1.5994359622869894e-05,0.0018046030471676763
64,42,539,1.5177746191420552e-05,0.0017886086875448064
64,43,529,1.4896155352989744e-05,0.0017734309413533858
64,44,480,1.3516360244678784e-05,0.001758534786000396
64,45,467,1.3150292154718735e-05,0.0017450184257557172
64,46,482,1.3572678412364947e-05,0.0017318681336009987
64,47,425,1.1967610633309341e-05,0.0017182954551886336
64,48,387,1.089756544727227e-05,0.0017063278445553242
64,49,359,1.0109111099666008e-05,0.001695430279108052
64,50,367,1.0334383770410654e-05,0.001685321168008386
64,51,350,9.85567934507828e-06,0.0016749867842379754
64,52,330,9.292497668216665e-06,0.0016651311048928971
64,53,295,8.306929733708837e-06,0.0016558386072246804
64,54,258,7.265043631514847e-06,0.0016475316774909716
64,55,276,7.7719071406903e-06,0.0016402666338594567
64,56,270,7.602952637631816e-06,0.0016324947267187665
64,57,265,7.462157218416412e-06,0.0016248917740811345
64,58,237,6.67370287081015e-06,0.0016174296168627181
64,59,201,5.659975852459241e-06,0.001610755913991908
64,60,186,5.2375895948130294e-06,0.001605095938139449
64,61,183,5.153112343283787e-06,0.0015998583485446359
64,62,184,5.181271427126867e-06,0.001594705236201352
64,63,181,5.0967941755976256e-06,0.0015895239647742252
64,64,164,4.618089750265252e-06,0.0015844271705986275
64,65,141,3.970430821874393e-06,0.0015798090808483622
64,66,168,4.730726085637574e-06,0.001575838650026488
64,67,160,4.505453414892929e-06,0.0015711079239408502
64,68,157,4.420976163363686e-06,0.0015666024705259574
64,69,135,3.801476318815908e-06,0.0015621814943625936
64,70,144,4.054908073403636e-06,0.0015583800180437777
64,71,118,3.3227718934835345e-06,0.001554325109970374
64,72,111,3.125658306581969e-06,0.0015510023380768906
64,73,127,3.576203648071262e-06,0.0015478766797703085
64,74,127,3.576203648071262e-06,0.0015443004761222373
64,75,102,2.872226551994242e-06,0.001540724272474166
64,76,112,3.15381739042505e-06,0.0015378520459221718
64,77,103,2.9003856358373224e-06,0.0015346982285317468
64,78,102,2.872226551994242e-06,0.0015317978428959094
64,79,114,3.2101355581112116e-06,0.0015289256163439151
64,80,100,2.81590838430808e-06,0.001525715480785804
64,81,95,2.6751129650926763e-06,0.0015228995724014959
64,82,85,2.393522126661868e-06,0.0015202244594364033
64,83,112,3.15381739042505e-06,0.0015178309373097413
64,84,111,3.125658306581969e-06,0.0015146771199193163
64,85,65,1.8303404498002521e-06,0.0015115514616127344
64,86,81,2.280885791289545e-06,0.0015097211211629342
64,87,77,2.1682494559172217e-06,0.0015074402353716446
64,88,75,2.11193128823106e-06,0.0015052719859157274
64,89,79,2.2245676236033833e-06,0.0015031600546274962
64,90,72,2.027454036701818e-06,0.0015009354870038928
64,91,88,2.4779993781911104e-06,0.001498908032967191
64,92,89,2.5061584620341915e-06,0.001496430033589
64,93,52,1.4642723598402017e-06,0.0014939238751269658
64,94,92,2.5906357135634337e-06,0.0014924596027671255
64,95,67,1.8866586174864137e-06,0.001489868967053562
64,96,72,2.027454036701818e-06,0.0014879823084360758
64,97,55,1.5487496113694442e-06,0.001485954854399374
64,98,61,1.7177041144279289e-06,0.0014844061047880044
64,99,53,1.4924314436832826e-06,0.0014826884006735766
64,100,55,1.5487496113694442e-06,0.0014811959692298932
64,101,45,1.267158772938636e-06,0.0014796472196185238
64,102,45,1.267158772938636e-06,0.0014783800608455851
64,103,66,1.858499533643333e-06,0.0014771129020726467
64,104,73,2.0556131205448984e-06,0.0014752544025390033
64,105,62,1.7458631982710097e-06,0.0014731987894184583
64,106,51,1.436113275997121e-06,0.0014714529262201874
64,107,49,1.3797951083109593e-06,0.0014700168129441903
64,108,48,1.3516360244678785e-06,0.0014686370178358793
64,109,55,1.5487496113694442e-06,0.0014672853818114113
64,110,50,1.40795419215404e-06,0.001465736632200042
64,111,50,1.40795419215404e-06,0.0014643286780078879
64,112,40,1.1263633537232322e-06,0.0014629207238157338
64,113,34,9.574088506647473e-07,0.0014617943604620107
64,114,43,1.2108406052524744e-06,0.0014608369516113458
64,115,49,1.3797951083109593e-06,0.0014596261110060933
64,116,43,1.2108406052524744e-06,0.0014582463158977824
64,117,36,1.013727018350909e-06,0.00145703547529253
64,118,40,1.1263633537232322e-06,0.001456021748274179
64,119,39,1.0982042698801514e-06,0.0014548953849204559
64,120,46,1.2953178567817168e-06,0.0014537971806505756
64,121,44,1.2389996890955552e-06,0.001452501862793794
64,122,40,1.1263633537232322e-06,0.0014512628631046984
64,123,45,1.267158772938636e-06,0.001450136499750975
64,124,28,7.884543476062625e-07,0.0014488693409780366
64,125,29,8.166134314493432e-07,0.0014480808866304303
64,126,44,1.2389996890955552e-06,0.001447264273198981
64,127,37,1.0418861021939897e-06,0.0014460252735098854
64,128,32,9.010906829785857e-07,0.0014449833874076914
64,129,26,7.321361799201009e-07,0.0014440822967247127
64,130,25,7.0397709607702e-07,0.0014433501605447927
64,131,25,7.0397709607702e-07,0.0014426461834487158
64,132,34,9.574088506647473e-07,0.0014419422063526386
64,133,28,7.884543476062625e-07,0.001440984797501974
64,134,26,7.321361799201009e-07,0.0014401963431543677
64,135,15,4.22386257646212e-07,0.0014394642069744475
64,136,27,7.602952637631817e-07,0.0014390418207168012
64,137,19,5.350225930185353e-07,0.001438281525453038
64,138,25,7.0397709607702e-07,0.0014377465028600196
64,139,19,5.350225930185353e-07,0.0014370425257639425
64,140,25,7.0397709607702e-07,0.001436507503170924
64,141,29,8.166134314493432e-07,0.001435803526074847
64,142,15,4.22386257646212e-07,0.0014349869126433978
64,143,20,5.631816768616161e-07,0.0014345645263857515
64,144,20,5.631816768616161e-07,0.0014340013447088898
64,145,19,5.350225930185353e-07,0.0014334381630320282
64,146,24,6.758180122339392e-07,0.0014329031404390097
64,147,21,5.913407607046968e-07,0.0014322273224267757
64,148,13,3.6606808996005043e-07,0.001431635981666071
64,149,28,7.884543476062625e-07,0.001431269913576111
64,150,17,4.787044253323736e-07,0.0014304814592285048
64,151,24,6.758180122339392e-07,0.0014300027548031723
64,152,16,4.505453414892928e-07,0.0014293269367909385
64,153,19,5.350225930185353e-07,0.0014288763914494492
64,154,14,3.9422717380313125e-07,0.0014283413688564305
64,155,20,5.631816768616161e-07,0.0014279471416826274
64,156,26,7.321361799201009e-07,0.0014273839600057658
64,157,19,5.350225930185353e-07,0.0014266518238258458
64,158,23,6.476589283908584e-07,0.0014261168012328273
64,159,19,5.350225930185353e-07,0.0014254691423044364
64,160,15,4.22386257646212e-07,0.0014249341197114177
64,161,12,3.379090061169696e-07,0.0014245117334537715
64,162,12,3.379090061169696e-07,0.0014241738244476546
64,163,14,3.9422717380313125e-07,0.0014238359154415377
64,164,10,2.8159083843080804e-07,0.0014234416882677346
64,165,15,4.22386257646212e-07,0.0014231600974293037
64,166,11,3.097499222738888e-07,0.0014227377111716575
64,167,10,2.8159083843080804e-07,0.0014224279612493837
64,168,15,4.22386257646212e-07,0.0014221463704109528
64,169,16,4.505453414892928e-07,0.0014217239841533065
64,170,7,1.9711358690156562e-07,0.0014212734388118174
64,171,11,3.097499222738888e-07,0.0014210763252249159
64,172,10,2.8159083843080804e-07,0.0014207665753026419
64,173,10,2.8159083843080804e-07,0.001420484984464211
64,174,7,1.9711358690156562e-07,0.0014202033936257803
64,175,18,5.068635091754545e-07,0.0014200062800388787
64,176,11,3.097499222738888e-07,0.0014194994165297032
64,177,11,3.097499222738888e-07,0.0014191896666074294
64,178,8,2.252726707446464e-07,0.0014188799166851554
64,179,10,2.8159083843080804e-07,0.001418654644014411
64,180,8,2.252726707446464e-07,0.00141837305317598
64,181,5,1.4079541921540402e-07,0.0014181477805052353
64,182,9,2.5343175458772723e-07,0.00141800698508602
64,183,7,1.9711358690156562e-07,0.0014177535533314322
64,184,17,4.787044253323736e-07,0.0014175564397445307
64,185,9,2.5343175458772723e-07,0.0014170777353191982
64,186,6,1.689545030584848e-07,0.0014168243035646106
64,187,6,1.689545030584848e-07,0.001416655349061552
64,188,6,1.689545030584848e-07,0.0014164863945584935
64,189,6,1.689545030584848e-07,0.001416317440055435
64,190,1,2.81590838430808e-08,0.0014161484855523766
64,191,5,1.4079541921540402e-07,0.0014161203264685335
64,192,7,1.9711358690156562e-07,0.0014159795310493182
64,193,1,2.81590838430808e-08,0.0014157824174624166
64,194,4,1.126363353723232e-07,0.0014157542583785735
64,195,3,8.44772515292424e-08,0.001415641622043201
64,196,4,1.126363353723232e-07,0.001415557144791672
64,197,4,1.126363353723232e-07,0.0014154445084562995
64,198,4,1.126363353723232e-07,0.0014153318721209273
64,199,1,2.81590838430808e-08,0.001415219235785555
64,200,6,1.689545030584848e-07,0.001415191076701712
64,201,3,8.44772515292424e-08,0.0014150221221986535
64,202,9,2.5343175458772723e-07,0.0014149376449471241
64,203,2,5.63181676861616e-08,0.0014146842131925364
64,204,3,8.44772515292424e-08,0.0014146278950248504
64,205,12,3.379090061169696e-07,0.001414543417773321
64,206,5,1.4079541921540402e-07,0.0014142055087672041
64,207,4,1.126363353723232e-07,0.0014140647133479886
64,208,6,1.689545030584848e-07,0.0014139520770126163
64,209,5,1.4079541921540402e-07,0.0014137831225095579
64,210,7,1.9711358690156562e-07,0.0014136423270903423
64,211,4,1.126363353723232e-07,0.0014134452135034408
64,212,4,1.126363353723232e-07,0.0014133325771680685
64,213,3,8.44772515292424e-08,0.0014132199408326963
64,214,7,1.9711358690156562e-07,0.001413135463581167
64,215,4,1.126363353723232e-07,0.0014129383499942654
64,216,2,5.63181676861616e-08,0.001412825713658893
64,217,3,8.44772515292424e-08,0.001412769395491207
64,218,6,1.689545030584848e-07,0.0014126849182396776
64,219,6,1.689545030584848e-07,0.0014125159637366192
64,220,4,1.126363353723232e-07,0.0014123470092335607
64,221,2,5.63181676861616e-08,0.0014122343728981883
64,222,2,5.63181676861616e-08,0.0014121780547305023
64,223,2,5.63181676861616e-08,0.001412121736562816
64,224,4,1.126363353723232e-07,0.0014120654183951298
64,226,3,8.44772515292424e-08,0.0014119527820597576
64,227,7,1.9711358690156562e-07,0.0014118683048082283
64,228,3,8.44772515292424e-08,0.0014116711912213267
64,229,5,1.4079541921540402e-07,0.0014115867139697976
64,230,6,1.689545030584848e-07,0.001411445918550582
64,231,5,1.4079541921540402e-07,0.0014112769640475236
64,232,1,2.81590838430808e-08,0.0014111361686283083
64,233,3,8.44772515292424e-08,0.0014111080095444652
64,234,3,8.44772515292424e-08,0.0014110235322929358
64,235,3,8.44772515292424e-08,0.0014109390550414067
64,236,4,1.126363353723232e-07,0.0014108545777898774
64,237,1,2.81590838430808e-08,0.0014107419414545051
64,238,2,5.63181676861616e-08,0.001410713782370662
64,239,4,1.126363353723232e-07,0.0014106574642029758
64,240,4,1.126363353723232e-07,0.0014105448278676036
64,241,1,2.81590838430808e-08,0.0014104321915322311
64,242,1,2.81590838430808e-08,0.001410404032448388
64,243,1,2.81590838430808e-08,0.0014103758733645451
64,244,4,1.126363353723232e-07,0.001410347714280702
64,246,2,5.63181676861616e-08,0.0014102350779453296
64,248,3,8.44772515292424e-08,0.0014101787597776436
64,249,1,2.81590838430808e-08,0.0014100942825261142
64,250,3,8.44772515292424e-08,0.0014100661234422711
64,251,2,5.63181676861616e-08,0.001409981646190742
64,252,1,2.81590838430808e-08,0.0014099253280230558
64,254,1,2.81590838430808e-08,0.0014098971689392127
64,255,1,2.81590838430808e-08,0.0014098690098553696
64,256,4,1.126363353723232e-07,0.0014098408507715265
64,258,3,8.44772515292424e-08,0.0014097282144361542
64,259,2,5.63181676861616e-08,0.001409643737184625
64,260,1,2.81590838430808e-08,0.0014095874190169389
64,261,2,5.63181676861616e-08,0.0014095592599330958
64,262,2,5.63181676861616e-08,0.0014095029417654096
64,263,1,2.81590838430808e-08,0.0014094466235977233
64,266,1,2.81590838430808e-08,0.0014094184645138802
64,267,1,2.81590838430808e-08,0.0014093903054300373
64,269,1,2.81590838430808e-08,0.0014093621463461942
64,270,1,2.81590838430808e-08,0.001409333987262351
64,271,1,2.81590838430808e-08,0.001409305828178508
64,272,1,2.81590838430808e-08,0.0014092776690946649
64,273,1,2.81590838430808e-08,0.0014092495100108218
64,274,1,2.81590838430808e-08,0.0014092213509269787
64,275,1,2.81590838430808e-08,0.0014091931918431356
64,276,1,2.81590838430808e-08,0.0014091650327592927
64,281,1,2.81590838430808e-08,0.0014091368736754495
64,282,1,2.81590838430808e-08,0.0014091087145916064
64,283,1,2.81590838430808e-08,0.0014090805555077633
64,286,1,2.81590838430808e-08,0.0014090523964239202
64,288,1,2.81590838430808e-08,0.001409024237340077
64,290,1,2.81590838430808e-08,0.001408996078256234
64,292,1,2.81590838430808e-08,0.001408967919172391
64,293,2,5.63181676861616e-08,0.001408939760088548
64,297,1,2.81590838430808e-08,0.0014088834419208618
64,298,1,2.81590838430808e-08,0.0014088552828370187
64,300,2,5.63181676861616e-08,0.0014088271237531755
64,306,1,2.81590838430808e-08,0.0014087708055854895
64,307,1,2.81590838430808e-08,0.0014087426465016464
64,310,1,2.81590838430808e-08,0.0014087144874178033
64,311,2,5.63181676861616e-08,0.0014086863283339602
64,312,1,2.81590838430808e-08,0.001408630010166274
64,318,1,2.81590838430808e-08,0.0014086018510824309
64,321,1,2.81590838430808e-08,0.001408573691998588
64,322,1,2.81590838430808e-08,0.0014085455329147449
64,330,1,2.81590838430808e-08,0.0014085173738309018
64,336,2,5.63181676861616e-08,0.0014084892147470586
64,340,2,5.63181676861616e-08,0.0014084328965793724
64,353,1,2.81590838430808e-08,0.0014083765784116864
64,355,1,2.81590838430808e-08,0.0014083484193278433
64,356,1,2.81590838430808e-08,0.0014083202602440002
64,376,1,2.81590838430808e-08,0.001408292101160157
64,378,1,2.81590838430808e-08,0.001408263942076314
64,381,1,2.81590838430808e-08,0.0014082357829924709
64,384,1,2.81590838430808e-08,0.0014082076239086277
64,385,1,2.81590838430808e-08,0.0014081794648247849
64,397,1,2.81590838430808e-08,0.0014081513057409417
64,398,1,2.81590838430808e-08,0.0014081231466570986
64,401,1,2.81590838430808e-08,0.0014080949875732555
64,410,1,2.81590838430808e-08,0.0014080668284894124
64,413,1,2.81590838430808e-08,0.0014080386694055693
64,417,1,2.81590838430808e-08,0.0014080105103217262
64,427,1,2.81590838430808e-08,0.001407982351237883
64,445,1,2.81590838430808e-08,0.0014079541921540402
64,448,1,2.81590838430808e-08,0.001407926033070197
64,449,1,2.81590838430808e-08,0.001407897873986354
64,451,1,2.81590838430808e-08,0.0014078697149025108
64,462,2,5.63181676861616e-08,0.0014078415558186677
64,471,1,2.81590838430808e-08,0.0014077852376509815
64,472,1,2.81590838430808e-08,0.0014077570785671386
64,473,1,2.81590838430808e-08,0.0014077289194832955
64,474,1,2.81590838430808e-08,0.0014077007603994524
64,475,1,2.81590838430808e-08,0.0014076726013156093
64,476,1,2.81590838430808e-08,0.0014076444422317662
64,489,1,2.81590838430808e-08,0.001407616283147923
64,491,1,2.81590838430808e-08,0.00140758812406408
64,493,1,2.81590838430808e-08,0.001407559964980237
64,496,1,2.81590838430808e-08,0.001407531805896394
64,503,1,2.81590838430808e-08,0.0014075036468125508
64,505,1,2.81590838430808e-08,0.0014074754877287077
64,506,1,2.81590838430808e-08,0.0014074473286448646
64,507,2,5.63181676861616e-08,0.0014074191695610215
64,508,1,2.81590838430808e-08,0.0014073628513933355
64,512,1,2.81590838430808e-08,0.0014073346923094924
64,513,3,8.44772515292424e-08,0.0014073065332256493
64,514,1,2.81590838430808e-08,0.00140722205597412
64,518,1,2.81590838430808e-08,0.0014071938968902768
64,520,2,5.63181676861616e-08,0.001407165737806434
64,524,1,2.81590838430808e-08,0.0014071094196387477
64,527,1,2.81590838430808e-08,0.0014070812605549046
64,528,1,2.81590838430808e-08,0.0014070531014710615
64,529,1,2.81590838430808e-08,0.0014070249423872184
64,531,3,8.44772515292424e-08,0.0014069967833033753
64,535,1,2.81590838430808e-08,0.0014069123060518462
64,536,1,2.81590838430808e-08,0.001406884146968003
64,539,1,2.81590838430808e-08,0.00140685598788416
64,540,1,2.81590838430808e-08,0.0014068278288003168
64,542,1,2.81590838430808e-08,0.0014067996697164737
64,545,2,5.63181676861616e-08,0.0014067715106326306
64,546,1,2.81590838430808e-08,0.0014067151924649446
64,549,1,2.81590838430808e-08,0.0014066870333811015
64,550,1,2.81590838430808e-08,0.0014066588742972584
64,552,1,2.81590838430808e-08,0.0014066307152134153
64,558,3,8.44772515292424e-08,0.0014066025561295722
64,560,2,5.63181676861616e-08,0.001406518078878043
64,561,1,2.81590838430808e-08,0.0014064617607103568
64,564,2,5.63181676861616e-08,0.0014064336016265137
64,565,1,2.81590838430808e-08,0.0014063772834588275
64,567,1,2.81590838430808e-08,0.0014063491243749846
64,568,3,8.44772515292424e-08,0.0014063209652911415
64,569,2,5.63181676861616e-08,0.0014062364880396121
64,570,3,8.44772515292424e-08,0.001406180169871926
64,572,5,1.4079541921540402e-07,0.0014060956926203968
64,576,2,5.63181676861616e-08,0.0014059548972011815
64,578,2,5.63181676861616e-08,0.0014058985790334952
64,579,2,5.63181676861616e-08,0.001405842260865809
64,581,1,2.81590838430808e-08,0.0014057859426981228
64,582,2,5.63181676861616e-08,0.00140575778361428
64,583,2,5.63181676861616e-08,0.0014057014654465937
64,584,4,1.126363353723232e-07,0.0014056451472789075
64,586,2,5.63181676861616e-08,0.0014055325109435352
64,587,1,2.81590838430808e-08,0.001405476192775849
64,588,1,2.81590838430808e-08,0.001405448033692006
64,589,2,5.63181676861616e-08,0.0014054198746081628
64,590,1,2.81590838430808e-08,0.0014053635564404766
64,593,2,5.63181676861616e-08,0.0014053353973566337
64,594,3,8.44772515292424e-08,0.0014052790791889474
64,595,1,2.81590838430808e-08,0.0014051946019374181
64,598,1,2.81590838430808e-08,0.001405166442853575
64,599,1,2.81590838430808e-08,0.001405138283769732
64,600,1,2.81590838430808e-08,0.001405110124685889
64,601,1,2.81590838430808e-08,0.0014050819656020459
64,602,2,5.63181676861616e-08,0.0014050538065182028
64,603,2,5.63181676861616e-08,0.0014049974883505166
64,604,2,5.63181676861616e-08,0.0014049411701828305
64,606,4,1.126363353723232e-07,0.0014048848520151443
64,607,2,5.63181676861616e-08,0.0014047722156797719
64,609,1,2.81590838430808e-08,0.0014047158975120859
64,610,3,8.44772515292424e-08,0.0014046877384282428
64,612,2,5.63181676861616e-08,0.0014046032611767134
64,613,1,2.81590838430808e-08,0.0014045469430090274
64,614,2,5.63181676861616e-08,0.0014045187839251843
64,615,2,5.63181676861616e-08,0.001404462465757498
64,616,3,8.44772515292424e-08,0.0014044061475898119
64,617,2,5.63181676861616e-08,0.0014043216703382828
64,618,1,2.81590838430808e-08,0.0014042653521705965
64,620,3,8.44772515292424e-08,0.0014042371930867534
64,621,1,2.81590838430808e-08,0.001404152715835224
64,622,3,8.44772515292424e-08,0.0014041245567513812
64,623,1,2.81590838430808e-08,0.0014040400794998519
64,624,3,8.44772515292424e-08,0.0014040119204160087
64,627,1,2.81590838430808e-08,0.0014039274431644796
64,628,2,5.63181676861616e-08,0.0014038992840806365
64,629,2,5.63181676861616e-08,0.0014038429659129503
64,630,1,2.81590838430808e-08,0.001403786647745264
64,631,2,5.63181676861616e-08,0.001403758488661421
64,632,3,8.44772515292424e-08,0.001403702170493735
64,633,3,8.44772515292424e-08,0.0014036176932422056
64,634,1,2.81590838430808e-08,0.0014035332159906765
64,635,2,5.63181676861616e-08,0.0014035050569068334
64,637,4,1.126363353723232e-07,0.0014034487387391472
64,638,5,1.4079541921540402e-07,0.001403336102403775
64,639,7,1.9711358690156562e-07,0.0014031953069845594
64,640,2,5.63181676861616e-08,0.0014029981933976578
64,641,2,5.63181676861616e-08,0.0014029418752299716
64,642,2,5.63181676861616e-08,0.0014028855570622856
64,643,1,2.81590838430808e-08,0.0014028292388945994
64,644,2,5.63181676861616e-08,0.0014028010798107563
64,645,2,5.63181676861616e-08,0.00140274476164307
64,646,1,2.81590838430808e-08,0.001402688443475384
64,647,4,1.126363353723232e-07,0.001402660284391541
64,648,4,1.126363353723232e-07,0.0014025476480561685
64,649,4,1.126363353723232e-07,0.0014024350117207963
64,650,3,8.44772515292424e-08,0.001402322375385424
64,651,6,1.689545030584848e-07,0.0014022378981338947
64,652,2,5.63181676861616e-08,0.0014020689436308363
64,653,3,8.44772515292424e-08,0.00140201262546315
64,654,2,5.63181676861616e-08,0.001401928148211621
64,655,2,5.63181676861616e-08,0.0014018718300439347
64,656,1,2.81590838430808e-08,0.0014018155118762485
64,657,3,8.44772515292424e-08,0.0014017873527924054
64,658,5,1.4079541921540402e-07,0.0014017028755408762
64,659,2,5.63181676861616e-08,0.0014015620801216607
64,660,4,1.126363353723232e-07,0.0014015057619539747
64,661,3,8.44772515292424e-08,0.0014013931256186022
64,662,6,1.689545030584848e-07,0.0014013086483670731
64,663,3,8.44772515292424e-08,0.0014011396938640145
64,664,5,1.4079541921540402e-07,0.0014010552166124853
64,665,7,1.9711358690156562e-07,0.00140091442119327
64,666,3,8.44772515292424e-08,0.0014007173076063684
64,667,5,1.4079541921540402e-07,0.001400632830354839
64,668,1,2.81590838430808e-08,0.0014004920349356238
64,669,7,1.9711358690156562e-07,0.0014004638758517807
64,670,5,1.4079541921540402e-07,0.001400266762264879
64,671,2,5.63181676861616e-08,0.0014001259668456635
64,672,5,1.4079541921540402e-07,0.0014000696486779775
64,673,6,1.689545030584848e-07,0.001399928853258762
64,674,3,8.44772515292424e-08,0.0013997598987557035
64,675,5,1.4079541921540402e-07,0.0013996754215041744
64,676,3,8.44772515292424e-08,0.0013995346260849589
64,677,7,1.9711358690156562e-07,0.0013994501488334297
64,678,6,1.689545030584848e-07,0.0013992530352465282
64,679,3,8.44772515292424e-08,0.0013990840807434697
64,680,6,1.689545030584848e-07,0.0013989996034919404
64,681,4,1.126363353723232e-07,0.001398830648988882
64,682,1,2.81590838430808e-08,0.0013987180126535095
64,683,3,8.44772515292424e-08,0.0013986898535696666
64,684,7,1.9711358690156562e-07,0.0013986053763181373
64,685,6,1.689545030584848e-07,0.0013984082627312357
64,686,5,1.4079541921540402e-07,0.0013982393082281773
64,687,6,1.689545030584848e-07,0.001398098512808962
64,688,5,1.4079541921540402e-07,0.0013979295583059033
64,689,8,2.252726707446464e-07,0.001397788762886688
64,690,3,8.44772515292424e-08,0.0013975634902159432
64,691,5,1.4079541921540402e-07,0.0013974790129644141
64,692,7,1.9711358690156562e-07,0.0013973382175451986
64,693,6,1.689545030584848e-07,0.001397141103958297
64,694,4,1.126363353723232e-07,0.0013969721494552386
64,695,6,1.689545030584848e-07,0.0013968595131198663
64,696,7,1.9711358690156562e-07,0.0013966905586168079
64,697,5,1.4079541921540402e-07,0.0013964934450299061
64,698,4,1.126363353723232e-07,0.0013963526496106908
64,699,3,8.44772515292424e-08,0.0013962400132753185
64,700,5,1.4079541921540402e-07,0.0013961555360237892
64,701,4,1.126363353723232e-07,0.0013960147406045739
64,702,7,1.9711358690156562e-07,0.0013959021042692014
64,703,5,1.4079541921540402e-07,0.0013957049906822999
64,704,1,2.81590838430808e-08,0.0013955641952630845
64,705,8,2.252726707446464e-07,0.0013955360361792414
64,706,12,3.379090061169696e-07,0.0013953107635084967
64,707,6,1.689545030584848e-07,0.0013949728545023798
64,708,3,8.44772515292424e-08,0.0013948038999993214
64,709,11,3.097499222738888e-07,0.001394719422747792
64,710,1,2.81590838430808e-08,0.0013944096728255183
64,711,6,1.689545030584848e-07,0.0013943815137416752
64,712,14,3.9422717380313125e-07,0.0013942125592386167
64,713,5,1.4079541921540402e-07,0.0013938183320648136
64,714,8,2.252726707446464e-07,0.001393677536645598
64,715,11,3.097499222738888e-07,0.0013934522639748536
64,716,5,1.4079541921540402e-07,0.0013931425140525796
64,717,5,1.4079541921540402e-07,0.0013930017186333642
64,718,4,1.126363353723232e-07,0.001392860923214149
64,719,4,1.126363353723232e-07,0.0013927482868787765
64,720,4,1.126363353723232e-07,0.0013926356505434042
64,721,5,1.4079541921540402e-07,0.0013925230142080318
64,722,4,1.126363353723232e-07,0.0013923822187888164
64,723,7,1.9711358690156562e-07,0.001392269582453444
64,724,9,2.5343175458772723e-07,0.0013920724688665424
64,725,13,3.6606808996005043e-07,0.0013918190371119549
64,726,9,2.5343175458772723e-07,0.0013914529690219946
64,727,8,2.252726707446464e-07,0.001391199537267407
64,728,10,2.8159083843080804e-07,0.0013909742645966624
64,729,8,2.252726707446464e-07,0.0013906926737582315
64,730,9,2.5343175458772723e-07,0.0013904674010874868
64,731,6,1.689545030584848e-07,0.0013902139693328993
64,732,8,2.252726707446464e-07,0.0013900450148298406
64,733,10,2.8159083843080804e-07,0.0013898197421590962
64,734,11,3.097499222738888e-07,0.0013895381513206653
64,735,7,1.9711358690156562e-07,0.0013892284013983915
64,736,10,2.8159083843080804e-07,0.00138903128781149
64,737,8,2.252726707446464e-07,0.001388749696973059
64,738,11,3.097499222738888e-07,0.0013885244243023143
64,739,11,3.097499222738888e-07,0.0013882146743800406
64,740,14,3.9422717380313125e-07,0.0013879049244577665
64,741,11,3.097499222738888e-07,0.0013875106972839634
64,742,7,1.9711358690156562e-07,0.0013872009473616896
64,743,4,1.126363353723232e-07,0.001387003833774788
64,744,5,1.4079541921540402e-07,0.0013868911974394156
64,745,10,2.8159083843080804e-07,0.0013867504020202003
64,746,18,5.068635091754545e-07,0.0013864688111817694
64,747,11,3.097499222738888e-07,0.001385961947672594
64,748,11,3.097499222738888e-07,0.00138565219775032
64,749,11,3.097499222738888e-07,0.0013853424478280463
64,750,7,1.9711358690156562e-07,0.0013850326979057723
64,751,15,4.22386257646212e-07,0.0013848355843188707
64,752,13,3.6606808996005043e-07,0.0013844131980612245
64,753,10,2.8159083843080804e-07,0.0013840471299712644
64,754,20,5.631816768616161e-07,0.0013837655391328338
64,755,9,2.5343175458772723e-07,0.001383202357455972
64,756,5,1.4079541921540402e-07,0.0013829489257013844
64,757,13,3.6606808996005043e-07,0.0013828081302821689
64,758,5,1.4079541921540402e-07,0.0013824420621922089
64,759,13,3.6606808996005043e-07,0.0013823012667729935
64,760,10,2.8159083843080804e-07,0.0013819351986830335
64,761,12,3.379090061169696e-07,0.0013816536078446026
64,762,12,3.379090061169696e-07,0.0013813156988384857
64,763,12,3.379090061169696e-07,0.0013809777898323686
64,764,7,1.9711358690156562e-07,0.0013806398808262517
64,765,16,4.505453414892928e-07,0.0013804427672393501
64,766,15,4.22386257646212e-07,0.0013799922218978608
64,767,15,4.22386257646212e-07,0.0013795698356402146
64,768,12,3.379090061169696e-07,0.0013791474493825685
64,769,17,4.787044253323736e-07,0.0013788095403764514
64,770,16,4.505453414892928e-07,0.0013783308359511192
64,771,11,3.097499222738888e-07,0.0013778802906096298
64,772,13,3.6606808996005043e-07,0.0013775705406873558
64,773,12,3.379090061169696e-07,0.0013772044725973958
64,774,16,4.505453414892928e-07,0.001376866563591279
64,775,12,3.379090061169696e-07,0.0013764160182497896
64,776,11,3.097499222738888e-07,0.0013760781092436727
64,777,15,4.22386257646212e-07,0.0013757683593213987
64,778,17,4.787044253323736e-07,0.0013753459730637524
64,779,13,3.6606808996005043e-07,0.0013748672686384202
64,780,10,2.8159083843080804e-07,0.0013745012005484602
64,781,10,2.8159083843080804e-07,0.0013742196097100293
64,782,18,5.068635091754545e-07,0.0013739380188715984
64,783,17,4.787044253323736e-07,0.001373431155362423
64,784,20,5.631816768616161e-07,0.0013729524509370906
64,785,13,3.6606808996005043e-07,0.001372389269260229
64,786,14,3.9422717380313125e-07,0.001372023201170269
64,787,22,6.194998445477776e-07,0.001371628973996466
64,788,24,6.758180122339392e-07,0.001371009474151918
64,789,12,3.379090061169696e-07,0.001370333656139684
64,790,12,3.379090061169696e-07,0.0013699957471335672
64,791,20,5.631816768616161e-07,0.0013696578381274503
64,792,18,5.068635091754545e-07,0.0013690946564505885
64,793,19,5.350225930185353e-07,0.0013685877929414132
64,794,19,5.350225930185353e-07,0.0013680527703483947
64,795,19,5.350225930185353e-07,0.001367517747755376
64,796,17,4.787044253323736e-07,0.0013669827251623576
64,797,10,2.8159083843080804e-07,0.001366504020737025
64,798,11,3.097499222738888e-07,0.0013662224298985944
64,799,19,5.350225930185353e-07,0.0013659126799763204
64,800,19,5.350225930185353e-07,0.001365377657383302
64,801,22,6.194998445477776e-07,0.0013648426347902835
64,802,18,5.068635091754545e-07,0.0013642231349457357
64,803,16,4.505453414892928e-07,0.0013637162714365601
64,804,14,3.9422717380313125e-07,0.0013632657260950708
64,805,23,6.476589283908584e-07,0.0013628714989212677
64,806,16,4.505453414892928e-07,0.001362223839992877
64,807,24,6.758180122339392e-07,0.0013617732946513876
64,808,20,5.631816768616161e-07,0.0013610974766391536
64,809,14,3.9422717380313125e-07,0.001360534294962292
64,810,18,5.068635091754545e-07,0.001360140067788489
64,811,21,5.913407607046968e-07,0.0013596332042793134
64,812,17,4.787044253323736e-07,0.0013590418635186087
64,813,20,5.631816768616161e-07,0.0013585631590932764
64,814,21,5.913407607046968e-07,0.0013579999774164147
64,815,21,5.913407607046968e-07,0.00135740863665571
64,816,28,7.884543476062625e-07,0.0013568172958950053
64,817,19,5.350225930185353e-07,0.001356028841547399
64,818,16,4.505453414892928e-07,0.0013554938189543806
64,819,31,8.729315991355048e-07,0.0013550432736128912
64,820,28,7.884543476062625e-07,0.0013541703420137557
64,821,13,3.6606808996005043e-07,0.0013533818876661494
64,822,24,6.758180122339392e-07,0.0013530158195761894
64,823,20,5.631816768616161e-07,0.0013523400015639556
64,824,22,6.194998445477776e-07,0.0013517768198870938
64,825,28,7.884543476062625e-07,0.001351157320042546
64,826,31,8.729315991355048e-07,0.0013503688656949398
64,827,20,5.631816768616161e-07,0.0013494959340958044
64,828,18,5.068635091754545e-07,0.0013489327524189426
64,829,31,8.729315991355048e-07,0.0013484258889097673
64,830,35,9.85567934507828e-07,0.0013475529573106317
64,831,26,7.321361799201009e-07,0.001346567389376124
64,832,24,6.758180122339392e-07,0.0013458352531962039
64,833,25,7.0397709607702e-07,0.0013451594351839699
64,834,24,6.758180122339392e-07,0.001344455458087893
64,835,25,7.0397709607702e-07,0.001343779640075659
64,836,14,3.9422717380313125e-07,0.001343075662979582
64,837,28,7.884543476062625e-07,0.0013426814358057787
64,838,31,8.729315991355048e-07,0.0013418929814581725
64,839,30,8.44772515292424e-07,0.001341020049859037
64,840,29,8.166134314493432e-07,0.0013401752773437446
64,841,28,7.884543476062625e-07,0.0013393586639122953
64,842,18,5.068635091754545e-07,0.001338570209564689
64,843,25,7.0397709607702e-07,0.0013380633460555135
64,844,30,8.44772515292424e-07,0.0013373593689594366
64,845,21,5.913407607046968e-07,0.001336514596444144
64,846,26,7.321361799201009e-07,0.0013359232556834394
64,847,24,6.758180122339392e-07,0.0013351911195035194
64,848,19,5.350225930185353e-07,0.0013345153014912854
64,849,22,6.194998445477776e-07,0.001333980278898267
64,850,24,6.758180122339392e-07,0.0013333607790537191
64,851,25,7.0397709607702e-07,0.001332684961041485
64,852,26,7.321361799201009e-07,0.0013319809839454082
64,853,24,6.758180122339392e-07,0.001331248847765488
64,854,30,8.44772515292424e-07,0.0013305730297532542
64,855,24,6.758180122339392e-07,0.0013297282572379617
64,856,26,7.321361799201009e-07,0.0013290524392257277
64,857,28,7.884543476062625e-07,0.0013283203030458077
64,858,33,9.292497668216665e-07,0.0013275318486982014
64,859,22,6.194998445477776e-07,0.0013266025989313796
64,860,23,6.476589283908584e-07,0.0013259830990868318
64,861,36,1.013727018350909e-06,0.0013253354401584411
64,862,25,7.0397709607702e-07,0.0013243217131400902
64,863,26,7.321361799201009e-07,0.001323617736044013
64,864,31,8.729315991355048e-07,0.001322885599864093
64,865,25,7.0397709607702e-07,0.0013220126682649575
64,866,21,5.913407607046968e-07,0.0013213086911688806
64,867,29,8.166134314493432e-07,0.0013207173504081757
64,868,26,7.321361799201009e-07,0.0013199007369767263
64,869,36,1.013727018350909e-06,0.0013191686007968063
64,870,31,8.729315991355048e-07,0.0013181548737784554
64,871,29,8.166134314493432e-07,0.0013172819421793198
64,872,38,1.0700451860370705e-06,0.0013164653287478707
64,873,36,1.013727018350909e-06,0.0013153952835618335
64,874,26,7.321361799201009e-07,0.0013143815565434826
64,875,36,1.013727018350909e-06,0.0013136494203635626
64,876,36,1.013727018350909e-06,0.0013126356933452117
64,877,36,1.013727018350909e-06,0.0013116219663268608
64,878,31,8.729315991355048e-07,0.0013106082393085099
64,879,21,5.913407607046968e-07,0.0013097353077093743
64,880,40,1.1263633537232322e-06,0.0013091439669486696
64,881,36,1.013727018350909e-06,0.0013080176035949462
64,882,25,7.0397709607702e-07,0.0013070038765765953
64,883,43,1.2108406052524744e-06,0.0013062998994805184
64,884,38,1.0700451860370705e-06,0.001305089058875266
64,885,37,1.0418861021939897e-06,0.0013040190136892288
64,886,30,8.44772515292424e-07,0.0013029771275870348
64,887,40,1.1263633537232322e-06,0.0013021323550717425
64,888,37,1.0418861021939897e-06,0.0013010059917180192
64,889,44,1.2389996890955552e-06,0.0012999641056158251
64,890,38,1.0700451860370705e-06,0.0012987251059267298
64,891,42,1.1826815214093936e-06,0.0012976550607406926
64,892,39,1.0982042698801514e-06,0.0012964723792192833
64,893,42,1.1826815214093936e-06,0.001295374174949403
64,894,41,1.154522437566313e-06,0.0012941914934279937
64,895,37,1.0418861021939897e-06,0.0012930369709904274
64,896,49,1.3797951083109593e-06,0.0012919950848882334
64,897,38,1.0700451860370705e-06,0.0012906152897799224
64,898,34,9.574088506647473e-07,0.0012895452445938853
64,899,49,1.3797951083109593e-06,0.0012885878357432206
64,900,35,9.85567934507828e-07,0.0012872080406349097
64,901,42,1.1826815214093936e-06,0.0012862224727004019
64,902,55,1.5487496113694442e-06,0.0012850397911789923
64,903,48,1.3516360244678785e-06,0.001283491041567623
64,904,44,1.2389996890955552e-06,0.0012821394055431551
64,905,37,1.0418861021939897e-06,0.0012809004058540595
64,906,42,1.1826815214093936e-06,0.0012798585197518655
64,907,41,1.154522437566313e-06,0.0012786758382304561
64,908,45,1.267158772938636e-06,0.0012775213157928899
64,909,38,1.0700451860370705e-06,0.0012762541570199512
64,910,46,1.2953178567817168e-06,0.001275184111833914
64,911,36,1.013727018350909e-06,0.0012738887939771325
64,912,52,1.4642723598402017e-06,0.0012728750669587815
64,913,29,8.166134314493432e-07,0.0012714107945989413
64,914,39,1.0982042698801514e-06,0.001270594181167492
64,915,47,1.3234769406247977e-06,0.0012694959768976119
64,916,34,9.574088506647473e-07,0.001268172499956987
64,917,55,1.5487496113694442e-06,0.0012672150911063223
64,918,57,1.6050677790556058e-06,0.001265666341494953
64,919,47,1.3234769406247977e-06,0.0012640612737158973
64,920,49,1.3797951083109593e-06,0.0012627377967752724
64,921,54,1.5205905275263634e-06,0.0012613580016669615
64,922,54,1.5205905275263634e-06,0.001259837411139435
64,923,49,1.3797951083109593e-06,0.0012583168206119087
64,924,38,1.0700451860370705e-06,0.0012569370255035978
64,925,56,1.576908695212525e-06,0.0012558669803175606
64,926,59,1.6613859467417672e-06,0.0012542900716223482
64,927,43,1.2108406052524744e-06,0.0012526286856756063
64,928,50,1.40795419215404e-06,0.0012514178450703539
64,929,52,1.4642723598402017e-06,0.0012500098908781998
64,930,48,1.3516360244678785e-06,0.0012485456185183598
64,931,53,1.4924314436832826e-06,0.0012471939824938918
64,932,55,1.5487496113694442e-06,0.0012457015510502086
64,933,58,1.6332268628986864e-06,0.001244152801438839
64,934,52,1.4642723598402017e-06,0.0012425195745759403
64,935,62,1.7458631982710097e-06,0.0012410553022161003
64,936,53,1.4924314436832826e-06,0.001239309439017829
64,937,57,1.6050677790556058e-06,0.001237817007574146
64,938,61,1.7177041144279289e-06,0.0012362119397950904
64,939,57,1.6050677790556058e-06,0.0012344942356806623
64,940,49,1.3797951083109593e-06,0.0012328891679016067
64,941,54,1.5205905275263634e-06,0.0012315093727932958
64,942,59,1.6613859467417672e-06,0.0012299887822657695
64,943,55,1.5487496113694442e-06,0.0012283273963190277
64,944,75,2.11193128823106e-06,0.0012267786467076583
64,945,77,2.1682494559172217e-06,0.0012246667154194272
64,946,52,1.4642723598402017e-06,0.00122249846596351
64,947,56,1.576908695212525e-06,0.0012210341936036697
64,948,48,1.3516360244678785e-06,0.0012194572849084572
64,949,65,1.8303404498002521e-06,0.0012181056488839894
64,950,48,1.3516360244678785e-06,0.0012162753084341892
64,951,53,1.4924314436832826e-06,0.0012149236724097211
64,952,51,1.436113275997121e-06,0.001213431240966038
64,953,58,1.6332268628986864e-06,0.0012119951276900408
64,954,75,2.11193128823106e-06,0.0012103619008271421
64,955,59,1.6613859467417672e-06,0.001208249969538911
64,956,54,1.5205905275263634e-06,0.0012065885835921694
64,957,67,1.8866586174864137e-06,0.0012050679930646429
64,958,60,1.689545030584848e-06,0.0012031813344471566
64,959,66,1.858499533643333e-06,0.0012014917894165717
64,960,59,1.6613859467417672e-06,0.0011996332898829283
64,961,71,1.999294952858737e-06,0.0011979719039361865
64,962,57,1.6050677790556058e-06,0.0011959726089833277
64,963,63,1.7740222821140905e-06,0.0011943675412042722
64,964,52,1.4642723598402017e-06,0.001192593518922158
64,965,65,1.8303404498002521e-06,0.0011911292465623178
64,966,73,2.0556131205448984e-06,0.0011892989061125176
64,967,51,1.436113275997121e-06,0.0011872432929919728
64,968,61,1.7177041144279289e-06,0.0011858071797159757
64,969,67,1.8866586174864137e-06,0.0011840894756015477
64,970,76,2.140090372074141e-06,0.0011822028169840614
64,971,61,1.7177041144279289e-06,0.0011800627266119871
64,972,69,1.942976785172575e-06,0.0011783450224975593
64,973,78,2.1964085397603027e-06,0.0011764020457123866
64,974,52,1.4642723598402017e-06,0.0011742056371726263
64,975,73,2.0556131205448984e-06,0.0011727413648127862
64,976,74,2.0837722043879794e-06,0.0011706857516922413
64,977,71,1.999294952858737e-06,0.0011686019794878533
64,978,80,2.2527267074464643e-06,0.0011666026845349945
64,979,82,2.309044875132626e-06,0.001164349957827548
64,980,73,2.0556131205448984e-06,0.0011620409129524155
64,981,73,2.0556131205448984e-06,0.0011599852998318706
64,982,61,1.7177041144279289e-06,0.0011579296867113256
64,983,74,2.0837722043879794e-06,0.0011562119825968978
64,984,73,2.0556131205448984e-06,0.0011541282103925098
64,985,67,1.8866586174864137e-06,0.0011520725972719648
64,986,81,2.280885791289545e-06,0.0011501859386544785
64,987,71,1.999294952858737e-06,0.001147905052863189
64,988,77,2.1682494559172217e-06,0.0011459057579103302
64,989,65,1.8303404498002521e-06,0.001143737508454413
64,990,93,2.6187947974065147e-06,0.0011419071680046128
64,991,60,1.689545030584848e-06,0.0011392883732072063
64,992,87,2.44984029434803e-06,0.0011375988281766213
64,993,73,2.0556131205448984e-06,0.0011351489878822733
64,994,84,2.365363042818787e-06,0.0011330933747617283
64,995,72,2.027454036701818e-06,0.0011307280117189096
64,996,81,2.280885791289545e-06,0.0011287005576822078
64,997,89,2.5061584620341915e-06,0.0011264196718909182
64,998,73,2.0556131205448984e-06,0.001123913513428884
64,999,70,1.971135869015656e-06,0.0011218579003083391
64,1000,70,1.971135869015656e-06,0.0011198867644393235
64,1001,81,2.280885791289545e-06,0.001117915628570308
64,1002,82,2.309044875132626e-06,0.0011156347427790183
64,1003,87,2.44984029434803e-06,0.0011133256979038856
64,1004,70,1.971135869015656e-06,0.0011108758576095377
64,1005,72,2.027454036701818e-06,0.001108904721740522
64,1006,86,2.421681210504949e-06,0.00110687726770382
64,1007,87,2.44984029434803e-06,0.0011044555864933151
64,1008,59,1.6613859467417672e-06,0.0011020057461989673
64,1009,82,2.309044875132626e-06,0.0011003443602522255
64,1010,72,2.027454036701818e-06,0.0010980353153770927
64,1011,77,2.1682494559172217e-06,0.001096007861340391
64,1012,88,2.4779993781911104e-06,0.0010938396118844737
64,1013,74,2.0837722043879794e-06,0.0010913616125062826
64,1014,76,2.140090372074141e-06,0.0010892778403018947
64,1015,85,2.393522126661868e-06,0.0010871377499298205
64,1016,79,2.2245676236033833e-06,0.0010847442278031586
64,1017,80,2.2527267074464643e-06,0.0010825196601795552
64,1018,95,2.6751129650926763e-06,0.0010802669334721087
64,1019,83,2.3372039589757066e-06,0.0010775918205070162
64,1020,80,2.2527267074464643e-06,0.0010752546165480404
64,1021,99,2.7877493004649996e-06,0.0010730018898405939
64,1022,84,2.365363042818787e-06,0.001070214140540129
64,1023,87,2.44984029434803e-06,0.0010678487774973102
64,1024,111,3.125658306581969e-06,0.001065398937202962
64,1025,97,2.731431132778838e-06,0.0010622732788963802
64,1026,83,2.3372039589757066e-06,0.0010595418477636013
64,1027,78,2.1964085397603027e-06,0.0010572046438046257
64,1028,95,2.6751129650926763e-06,0.0010550082352648654
64,1029,89,2.5061584620341915e-06,0.0010523331222997727
64,1030,95,2.6751129650926763e-06,0.0010498269638377384
64,1031,86,2.421681210504949e-06,0.0010471518508726459
64,1032,93,2.6187947974065147e-06,0.001044730169662141
64,1033,103,2.9003856358373224e-06,0.0010421113748647344
64,1034,85,2.393522126661868e-06,0.001039210989228897
64,1035,93,2.6187947974065147e-06,0.0010368174671022351
64,1036,85,2.393522126661868e-06,0.0010341986723048286
64,1037,96,2.703272048935757e-06,0.0010318051501781668
64,1038,108,3.0411810550527267e-06,0.001029101878129231
64,1039,91,2.562476629720353e-06,0.0010260606970741782
64,1040,111,3.125658306581969e-06,0.001023498220444458
64,1041,93,2.6187947974065147e-06,0.001020372562137876
64,1042,101,2.844067468151161e-06,0.0010177537673404695
64,1043,106,2.984862887366565e-06,0.0010149096998723183
64,1044,132,3.716999067286666e-06,0.0010119248369849516
64,1045,111,3.125658306581969e-06,0.001008207837917665
64,1046,100,2.81590838430808e-06,0.001005082179611083
64,1047,98,2.7595902166219186e-06,0.001002266271226775
64,1048,89,2.5061584620341915e-06,0.000999506681010153
64,1049,113,3.1819764742681306e-06,0.000997000522548119
64,1050,98,2.7595902166219186e-06,0.0009938185460738507
64,1051,100,2.81590838430808e-06,0.0009910589558572288
64,1052,87,2.44984029434803e-06,0.0009882430474729208
64,1053,107,3.0130219712096457e-06,0.0009857932071785727
64,1054,88,2.4779993781911104e-06,0.000982780185207363
64,1055,91,2.562476629720353e-06,0.0009803021858291719
64,1056,103,2.9003856358373224e-06,0.0009777397091994516
64,1057,101,2.844067468151161e-06,0.0009748393235636143
64,1058,114,3.2101355581112116e-06,0.0009719952560954631
64,1059,126,3.548044564228181e-06,0.0009687851205373519
64,1060,102,2.872226551994242e-06,0.0009652370759731237
64,1061,121,3.407249145012777e-06,0.0009623648494211295
64,1062,95,2.6751129650926763e-06,0.0009589576002761168
64,1063,97,2.731431132778838e-06,0.000956282487311024
64,1064,84,2.365363042818787e-06,0.0009535510561782452
64,1065,106,2.984862887366565e-06,0.0009511856931354265
64,1066,99,2.7877493004649996e-06,0.0009482008302480598
64,1067,90,2.534317545877272e-06,0.0009454130809475949
64,1068,84,2.365363042818787e-06,0.0009428787634017176
64,1069,99,2.7877493004649996e-06,0.0009405134003588988
64,1070,108,3.0411810550527267e-06,0.0009377256510584338
64,1071,99,2.7877493004649996e-06,0.000934684470003381
64,1072,116,3.266453725797373e-06,0.0009318967207029161
64,1073,105,2.956703803523484e-06,0.0009286302669771186
64,1074,105,2.956703803523484e-06,0.0009256735631735952
64,1075,93,2.6187947974065147e-06,0.0009227168593700717
64,1076,94,2.6469538812495953e-06,0.0009200980645726652
64,1077,101,2.844067468151161e-06,0.0009174511106914156
64,1078,109,3.0693401388958073e-06,0.0009146070432232645
64,1079,111,3.125658306581969e-06,0.0009115377030843686
64,1080,101,2.844067468151161e-06,0.0009084120447777867
64,1081,125,3.5198854803851004e-06,0.0009055679773096355
64,1082,103,2.9003856358373224e-06,0.0009020480918292504
64,1083,130,3.6606808996005042e-06,0.0008991477061934131
64,1084,100,2.81590838430808e-06,0.0008954870252938125
64,1085,101,2.844067468151161e-06,0.0008926711169095045
64,1086,107,3.0130219712096457e-06,0.0008898270494413533
64,1087,102,2.872226551994242e-06,0.0008868140274701437
64,1088,132,3.716999067286666e-06,0.0008839418009181495
64,1089,101,2.844067468151161e-06,0.0008802248018508628
64,1090,111,3.125658306581969e-06,0.0008773807343827116
64,1091,102,2.872226551994242e-06,0.0008742550760761297
64,1092,124,3.4917263965420193e-06,0.0008713828495241355
64,1093,112,3.15381739042505e-06,0.0008678911231275934
64,1094,111,3.125658306581969e-06,0.0008647373057371683
64,1095,99,2.7877493004649996e-06,0.0008616116474305863
64,1096,96,2.703272048935757e-06,0.0008588238981301214
64,1097,112,3.15381739042505e-06,0.0008561206260811856
64,1098,124,3.4917263965420193e-06,0.0008529668086907605
64,1099,112,3.15381739042505e-06,0.0008494750822942186
64,1100,96,2.703272048935757e-06,0.0008463212649037935
64,1101,123,3.4635673126989387e-06,0.0008436179928548577
64,1102,105,2.956703803523484e-06,0.0008401544255421588
64,1103,120,3.379090061169696e-06,0.0008371977217386354
64,1104,125,3.5198854803851004e-06,0.0008338186316774656
64,1105,133,3.7451581511297465e-06,0.0008302987461970805
64,1106,130,3.6606808996005042e-06,0.0008265535880459507
64,1107,98,2.7595902166219186e-06,0.0008228929071463503
64,1108,112,3.15381739042505e-06,0.0008201333169297284
64,1109,90,2.534317545877272e-06,0.0008169794995393033
64,1110,110,3.0974992227388884e-06,0.000814445181993426
64,1111,122,3.4354082288558577e-06,0.0008113476827706871
64,1112,125,3.5198854803851004e-06,0.0008079122745418313
64,1113,109,3.0693401388958073e-06,0.0008043923890614462
64,1114,123,3.4635673126989387e-06,0.0008013230489225504
64,1115,121,3.407249145012777e-06,0.0007978594816098514
64,1116,110,3.0974992227388884e-06,0.0007944522324648387
64,1117,114,3.2101355581112116e-06,0.0007913547332420998
64,1118,111,3.125658306581969e-06,0.0007881445976839885
64,1119,130,3.6606808996005042e-06,0.0007850189393774065
64,1120,125,3.5198854803851004e-06,0.0007813582584778061
64,1121,94,2.6469538812495953e-06,0.000777838372997421
64,1122,103,2.9003856358373224e-06,0.0007751914191161714
64,1123,131,3.6888399834435853e-06,0.0007722910334803341
64,1124,131,3.6888399834435853e-06,0.0007686021934968905
64,1125,123,3.4635673126989387e-06,0.0007649133535134469
64,1126,116,3.266453725797373e-06,0.0007614497862007479
64,1127,93,2.6187947974065147e-06,0.0007581833324749506
64,1128,120,3.379090061169696e-06,0.0007555645376775441
64,1129,118,3.3227718934835345e-06,0.0007521854476163744
64,1130,129,3.6325218157574236e-06,0.0007488626757228908
64,1131,106,2.984862887366565e-06,0.0007452301539071334
64,1132,106,2.984862887366565e-06,0.0007422452910197669
64,1133,107,3.0130219712096457e-06,0.0007392604281324003
64,1134,116,3.266453725797373e-06,0.0007362474061611906
64,1135,127,3.576203648071262e-06,0.0007329809524353933
64,1136,126,3.548044564228181e-06,0.000729404748787322
64,1137,105,2.956703803523484e-06,0.0007258567042230939
64,1138,141,3.970430821874393e-06,0.0007229000004195704
64,1139,120,3.379090061169696e-06,0.0007189295695976959
64,1140,114,3.2101355581112116e-06,0.0007155504795365263
64,1141,104,2.9285447196804035e-06,0.0007123403439784151
64,1142,124,3.4917263965420193e-06,0.0007094117992587347
64,1143,113,3.1819764742681306e-06,0.0007059200728621926
64,1144,134,3.7733172349728275e-06,0.0007027380963879245
64,1145,127,3.576203648071262e-06,0.0006989647791529516
64,1146,131,3.6888399834435853e-06,0.0006953885755048804
64,1147,115,3.2382946419542922e-06,0.0006916997355214368
64,1148,125,3.5198854803851004e-06,0.0006884614408794826
64,1149,131,3.6888399834435853e-06,0.0006849415553990975
64,1150,120,3.379090061169696e-06,0.0006812527154156538
64,1151,136,3.829635402658989e-06,0.0006778736253544842
64,1152,131,3.6888399834435853e-06,0.0006740439899518252
64,1153,129,3.6325218157574236e-06,0.0006703551499683815
64,1154,123,3.4635673126989387e-06,0.0006667226281526241
64,1155,140,3.942271738031312e-06,0.0006632590608399252
64,1156,108,3.0411810550527267e-06,0.0006593167891018939
64,1157,120,3.379090061169696e-06,0.0006562756080468412
64,1158,132,3.716999067286666e-06,0.0006528965179856714
64,1159,110,3.0974992227388884e-06,0.0006491795189183848
64,1160,116,3.266453725797373e-06,0.0006460820196956459
64,1161,133,3.7451581511297465e-06,0.0006428155659698486
64,1162,110,3.0974992227388884e-06,0.0006390704078187188
64,1163,142,3.998589905717474e-06,0.0006359729085959799
64,1164,123,3.4635673126989387e-06,0.0006319743186902624
64,1165,128,3.6043627319143426e-06,0.0006285107513775635
64,1166,134,3.7733172349728275e-06,0.0006249063886456491
64,1167,130,3.6606808996005042e-06,0.0006211330714106764
64,1168,113,3.1819764742681306e-06,0.0006174723905110758
64,1169,121,3.407249145012777e-06,0.0006142904140368077
64,1170,125,3.5198854803851004e-06,0.0006108831648917949
64,1171,131,3.6888399834435853e-06,0.0006073632794114098
64,1172,156,4.392817079520605e-06,0.0006036744394279662
64,1173,117,3.294612809640454e-06,0.0005992816223484456
64,1174,126,3.548044564228181e-06,0.0005959870095388052
64,1175,124,3.4917263965420193e-06,0.000592438964974577
64,1176,142,3.998589905717474e-06,0.000588947238578035
64,1177,112,3.15381739042505e-06,0.0005849486486723175
64,1178,129,3.6325218157574236e-06,0.0005817948312818924
64,1179,125,3.5198854803851004e-06,0.000578162309466135
64,1180,123,3.4635673126989387e-06,0.0005746424239857499
64,1181,118,3.3227718934835345e-06,0.000571178856673051
64,1182,119,3.3509309773266155e-06,0.0005678560847795674
64,1183,106,2.984862887366565e-06,0.0005645051538022409
64,1184,128,3.6043627319143426e-06,0.0005615202909148743
64,1185,129,3.6325218157574236e-06,0.0005579159281829599
64,1186,132,3.716999067286666e-06,0.0005542834063672025
64,1187,118,3.3227718934835345e-06,0.0005505664072999159
64,1188,105,2.956703803523484e-06,0.0005472436354064323
64,1189,119,3.3509309773266155e-06,0.0005442869316029088
64,1190,148,4.167544408775959e-06,0.0005409360006255822
64,1191,117,3.294612809640454e-06,0.0005367684562168063
64,1192,127,3.576203648071262e-06,0.0005334738434071657
64,1193,110,3.0974992227388884e-06,0.0005298976397590945
64,1194,123,3.4635673126989387e-06,0.0005268001405363557
64,1195,108,3.0411810550527267e-06,0.0005233365732236567
64,1196,119,3.3509309773266155e-06,0.000520295392168604
64,1197,133,3.7451581511297465e-06,0.0005169444611912773
64,1198,112,3.15381739042505e-06,0.0005131993030401477
64,1199,109,3.0693401388958073e-06,0.0005100454856497226
64,1200,108,3.0411810550527267e-06,0.0005069761455108267
64,1201,107,3.0130219712096457e-06,0.0005039349644557741
64,1202,101,2.844067468151161e-06,0.0005009219424845643
64,1203,122,3.4354082288558577e-06,0.0004980778750164133
64,1204,123,3.4635673126989387e-06,0.0004946424667875574
64,1205,114,3.2101355581112116e-06,0.0004911788994748584
64,1206,110,3.0974992227388884e-06,0.0004879687639167472
64,1207,138,3.88595357034515e-06,0.00048487126469400836
64,1208,130,3.6606808996005042e-06,0.0004809853111236632
64,1209,109,3.0693401388958073e-06,0.00047732463022406266
64,1210,103,2.9003856358373224e-06,0.00047425529008516686
64,1211,132,3.716999067286666e-06,0.00047135490444932956
64,1212,115,3.2382946419542922e-06,0.0004676379053820429
64,1213,105,2.956703803523484e-06,0.0004643996107400886
64,1214,126,3.548044564228181e-06,0.0004614429069365651
64,1215,114,3.2101355581112116e-06,0.00045789486237233693
64,1216,131,3.6888399834435853e-06,0.00045468472681422573
64,1217,125,3.5198854803851004e-06,0.00045099588683078214
64,1218,117,3.294612809640454e-06,0.00044747600135039704
64,1219,123,3.4635673126989387e-06,0.00044418138854075657
64,1220,118,3.3227718934835345e-06,0.00044071782122805765
64,1221,118,3.3227718934835345e-06,0.0004373950493345741
64,1222,119,3.3509309773266155e-06,0.0004340722774410906
64,1223,107,3.0130219712096457e-06,0.00043072134646376394
64,1224,132,3.716999067286666e-06,0.0004277083244925543
64,1225,122,3.4354082288558577e-06,0.00042399132542526765
64,1226,110,3.0974992227388884e-06,0.0004205559171964118
64,1227,123,3.4635673126989387e-06,0.00041745841797367287
64,1228,117,3.294612809640454e-06,0.00041399485066097395
64,1229,109,3.0693401388958073e-06,0.00041070023785133347
64,1230,113,3.1819764742681306e-06,0.00040763089771243767
64,1231,119,3.3509309773266155e-06,0.0004044489212381696
64,1232,119,3.3509309773266155e-06,0.00040109799026084294
64,1233,118,3.3227718934835345e-06,0.00039774705928351635
64,1234,113,3.1819764742681306e-06,0.00039442428739003277
64,1235,108,3.0411810550527267e-06,0.0003912423109157647
64,1236,123,3.4635673126989387e-06,0.00038820112986071194
64,1237,103,2.9003856358373224e-06,0.000384737562548013
64,1238,119,3.3509309773266155e-06,0.00038183717691217566
64,1239,125,3.5198854803851004e-06,0.00037848624593484907
64,1240,112,3.15381739042505e-06,0.000374966360454464
64,1241,139,3.914112654188232e-06,0.0003718125430640389
64,1242,125,3.5198854803851004e-06,0.0003678984304098507
64,1243,110,3.0974992227388884e-06,0.0003643785449294656
64,1244,115,3.2382946419542922e-06,0.0003612810457067267
64,1245,133,3.7451581511297465e-06,0.00035804275106477237
64,1246,109,3.0693401388958073e-06,0.00035429759291364266
64,1247,118,3.3227718934835345e-06,0.00035122825277474686
64,1248,91,2.562476629720353e-06,0.00034790548088126333
64,1249,99,2.7877493004649996e-06,0.000345343004251543
64,1250,128,3.6043627319143426e-06,0.00034255525495107797
64,1251,116,3.266453725797373e-06,0.0003389508922191636
64,1252,130,3.6606808996005042e-06,0.00033568443849336623
64,1253,125,3.5198854803851004e-06,0.00033202375759376575
64,1254,100,2.81590838430808e-06,0.00032850387211338065
64,1255,109,3.0693401388958073e-06,0.0003256879637290726
64,1256,100,2.81590838430808e-06,0.0003226186235901767
64,1257,110,3.0974992227388884e-06,0.00031980271520586865
64,1258,104,2.9285447196804035e-06,0.0003167052159831298
64,1259,100,2.81590838430808e-06,0.0003137766712634494
64,1260,119,3.3509309773266155e-06,0.0003109607628791413
64,1261,108,3.0411810550527267e-06,0.00030760983190181466
64,1262,95,2.6751129650926763e-06,0.00030456865084676197
64,1263,106,2.984862887366565e-06,0.0003018935378816693
64,1264,101,2.844067468151161e-06,0.0002989086749943027
64,1265,91,2.562476629720353e-06,0.00029606460752615153
64,1266,109,3.0693401388958073e-06,0.0002935021308964312
64,1267,100,2.81590838430808e-06,0.0002904327907575354
64,1268,91,2.562476629720353e-06,0.0002876168823732273
64,1269,100,2.81590838430808e-06,0.00028505440574350696
64,1270,98,2.7595902166219186e-06,0.0002822384973591989
64,1271,87,2.44984029434803e-06,0.000279478907142577
64,1272,94,2.6469538812495953e-06,0.0002770290668482289
64,1273,113,3.1819764742681306e-06,0.00027438211296697935
64,1274,91,2.562476629720353e-06,0.0002712001364927112
64,1275,96,2.703272048935757e-06,0.00026863765986299086
64,1276,103,2.9003856358373224e-06,0.00026593438781405507
64,1277,126,3.548044564228181e-06,0.0002630340021782178
64,1278,87,2.44984029434803e-06,0.00025948595761398957
64,1279,89,2.5061584620341915e-06,0.00025703611731964156
64,1280,102,2.872226551994242e-06,0.0002545299588576074
64,1281,84,2.365363042818787e-06,0.00025165773230561314
64,1282,94,2.6469538812495953e-06,0.00024929236926279436
64,1283,97,2.731431132778838e-06,0.00024664541538154473
64,1284,98,2.7595902166219186e-06,0.0002439139842487659
64,1285,92,2.5906357135634337e-06,0.00024115439403214398
64,1286,112,3.15381739042505e-06,0.00023856375831858055
64,1287,106,2.984862887366565e-06,0.0002354099409281555
64,1288,92,2.5906357135634337e-06,0.00023242507804078894
64,1289,104,2.9285447196804035e-06,0.00022983444232722552
64,1290,99,2.7877493004649996e-06,0.0002269058976075451
64,1291,83,2.3372039589757066e-06,0.00022411814830708012
64,1292,97,2.731431132778838e-06,0.0002217809443481044
64,1293,89,2.5061584620341915e-06,0.00021904951321532557
64,1294,100,2.81590838430808e-06,0.00021654335475329136
64,1295,87,2.44984029434803e-06,0.0002137274463689833
64,1296,96,2.703272048935757e-06,0.00021127760607463525
64,1297,89,2.5061584620341915e-06,0.0002085743340256995
64,1298,105,2.956703803523484e-06,0.0002060681755636653
64,1299,81,2.280885791289545e-06,0.00020311147176014182
64,1300,89,2.5061584620341915e-06,0.00020083058596885228
64,1301,107,3.0130219712096457e-06,0.00019832442750681808
64,1302,86,2.421681210504949e-06,0.00019531140553560845
64,1303,97,2.731431132778838e-06,0.0001928897243251035
64,1304,68,1.9148177013294946e-06,0.00019015829319232464
64,1305,83,2.3372039589757066e-06,0.00018824347549099515
64,1306,86,2.421681210504949e-06,0.00018590627153201945
64,1307,81,2.280885791289545e-06,0.0001834845903215145
64,1308,81,2.280885791289545e-06,0.00018120370453022496
64,1309,92,2.5906357135634337e-06,0.0001789228187389354
64,1310,95,2.6751129650926763e-06,0.00017633218302537198
64,1311,77,2.1682494559172217e-06,0.0001736570700602793
64,1312,68,1.9148177013294946e-06,0.00017148882060436207
64,1313,82,2.309044875132626e-06,0.00016957400290303258
64,1314,79,2.2245676236033833e-06,0.00016726495802789996
64,1315,99,2.7877493004649996e-06,0.00016504039040429657
64,1316,68,1.9148177013294946e-06,0.00016225264110383158
64,1317,69,1.942976785172575e-06,0.00016033782340250209
64,1318,68,1.9148177013294946e-06,0.0001583948466173295
64,1319,75,2.11193128823106e-06,0.000156480028916
64,1320,95,2.6751129650926763e-06,0.00015436809762776896
64,1321,76,2.140090372074141e-06,0.00015169298466267628
64,1322,66,1.858499533643333e-06,0.00014955289429060214
64,1323,85,2.393522126661868e-06,0.0001476943947569588
64,1324,69,1.942976785172575e-06,0.00014530087263029694
64,1325,74,2.0837722043879794e-06,0.00014335789584512436
64,1326,81,2.280885791289545e-06,0.0001412741236407364
64,1327,80,2.2527267074464643e-06,0.00013899323784944683
64,1328,59,1.6613859467417672e-06,0.00013674051114200038
64,1329,65,1.8303404498002521e-06,0.00013507912519525862
64,1330,82,2.309044875132626e-06,0.00013324878474545835
64,1331,82,2.309044875132626e-06,0.00013093973987032573
64,1332,72,2.027454036701818e-06,0.00012863069499519312
64,1333,61,1.7177041144279289e-06,0.00012660324095849129
64,1334,55,1.5487496113694442e-06,0.00012488553684406335
64,1335,65,1.8303404498002521e-06,0.00012333678723269392
64,1336,61,1.7177041144279289e-06,0.00012150644678289367
64,1337,69,1.942976785172575e-06,0.00011978874266846573
64,1338,66,1.858499533643333e-06,0.00011784576588329315
64,1339,65,1.8303404498002521e-06,0.00011598726634964983
64,1340,57,1.6050677790556058e-06,0.00011415692589984957
64,1341,56,1.576908695212525e-06,0.00011255185812079396
64,1342,62,1.7458631982710097e-06,0.00011097494942558145
64,1343,68,1.9148177013294946e-06,0.00010922908622731043
64,1344,67,1.8866586174864137e-06,0.00010731426852598093
64,1345,59,1.6613859467417672e-06,0.00010542760990849452
64,1346,71,1.999294952858737e-06,0.00010376622396175276
64,1347,57,1.6050677790556058e-06,0.00010176692900889402
64,1348,65,1.8303404498002521e-06,0.00010016186122983841
64,1349,70,1.971135869015656e-06,9.833152078003816e-05
64,1350,66,1.858499533643333e-06,9.636038491102251e-05
64,1351,49,1.3797951083109593e-06,9.450188537737917e-05
64,1352,53,1.4924314436832826e-06,9.312209026906822e-05
64,1353,49,1.3797951083109593e-06,9.162965882538493e-05
64,1354,67,1.8866586174864137e-06,9.024986371707397e-05
64,1355,52,1.4642723598402017e-06,8.836320509958756e-05
64,1356,64,1.8021813659571713e-06,8.689893273974736e-05
64,1357,50,1.40795419215404e-06,8.509675137379019e-05
64,1358,65,1.8303404498002521e-06,8.368879718163615e-05
64,1359,55,1.5487496113694442e-06,8.185845673183589e-05
64,1360,60,1.689545030584848e-06,8.030970712046645e-05
64,1361,57,1.6050677790556058e-06,7.86201620898816e-05
64,1362,49,1.3797951083109593e-06,7.701509431082599e-05
64,1363,54,1.5205905275263634e-06,7.563529920251504e-05
64,1364,31,8.729315991355048e-07,7.411470867498868e-05
64,1365,58,1.6332268628986864e-06,7.324177707585317e-05
64,1366,53,1.4924314436832826e-06,7.160855021295449e-05
64,1367,48,1.3516360244678785e-06,7.01161187692712e-05
64,1368,52,1.4642723598402017e-06,6.876448274480331e-05
64,1369,44,1.2389996890955552e-06,6.730021038496312e-05
64,1370,42,1.1826815214093936e-06,6.606121069586756e-05
64,1371,38,1.0700451860370705e-06,6.487852917445817e-05
64,1372,43,1.2108406052524744e-06,6.38084839884211e-05
64,1373,38,1.0700451860370705e-06,6.259764338316862e-05
64,1374,53,1.4924314436832826e-06,6.152759819713155e-05
64,1375,37,1.0418861021939897e-06,6.003516675344827e-05
64,1376,33,9.292497668216665e-07,5.899328065125428e-05
64,1377,47,1.3234769406247977e-06,5.806403088443262e-05
64,1378,44,1.2389996890955552e-06,5.674055394380782e-05
64,1379,46,1.2953178567817168e-06,5.550155425471226e-05
64,1380,38,1.0700451860370705e-06,5.4206236397930544e-05
64,1381,35,9.85567934507828e-07,5.3136191211893474e-05
64,1382,46,1.2953178567817168e-06,5.215062327738564e-05
64,1383,33,9.292497668216665e-07,5.085530542060393e-05
64,1384,32,9.010906829785857e-07,4.9926055653782265e-05
64,1385,31,8.729315991355048e-07,4.902496497080368e-05
64,1386,32,9.010906829785857e-07,4.815203337166817e-05
64,1387,40,1.1263633537232322e-06,4.7250942688689584e-05
64,1388,42,1.1826815214093936e-06,4.612457933496635e-05
64,1389,38,1.0700451860370705e-06,4.494189781355696e-05
64,1390,37,1.0418861021939897e-06,4.387185262751989e-05
64,1391,29,8.166134314493432e-07,4.28299665253259e-05
64,1392,27,7.602952637631817e-07,4.201335309387656e-05
64,1393,30,8.44772515292424e-07,4.125305783011338e-05
64,1394,34,9.574088506647473e-07,4.040828531482095e-05
64,1395,35,9.85567934507828e-07,3.9450876464156206e-05
64,1396,19,5.350225930185353e-07,3.8465308529648375e-05
64,1397,35,9.85567934507828e-07,3.793028593662984e-05
64,1398,23,6.476589283908584e-07,3.6944718002122015e-05
64,1399,26,7.321361799201009e-07,3.629705907373115e-05
64,1400,25,7.0397709607702e-07,3.5564922893811056e-05
64,1401,28,7.884543476062625e-07,3.486094579773403e-05
64,1402,16,4.505453414892928e-07,3.4072491450127774e-05
64,1403,29,8.166134314493432e-07,3.362194610863848e-05
64,1404,18,5.068635091754545e-07,3.2805332677189136e-05
64,1405,18,5.068635091754545e-07,3.229846916801368e-05
64,1406,20,5.631816768616161e-07,3.179160565883823e-05
64,1407,26,7.321361799201009e-07,3.122842398197661e-05
64,1408,26,7.321361799201009e-07,3.049628780205651e-05
64,1409,27,7.602952637631817e-07,2.9764151622136407e-05
64,1410,21,5.913407607046968e-07,2.9003856358373224e-05
64,1411,23,6.476589283908584e-07,2.841251559766853e-05
64,1412,25,7.0397709607702e-07,2.776485666927767e-05
64,1413,30,8.44772515292424e-07,2.706087957320065e-05
64,1414,23,6.476589283908584e-07,2.6216107057908228e-05
64,1415,23,6.476589283908584e-07,2.5568448129517367e-05
64,1416,25,7.0397709607702e-07,2.492078920112651e-05
64,1417,15,4.22386257646212e-07,2.4216812105049488e-05
64,1418,19,5.350225930185353e-07,2.379442584740328e-05
64,1419,19,5.350225930185353e-07,2.3259403254384744e-05
64,1420,15,4.22386257646212e-07,2.2724380661366206e-05
64,1421,22,6.194998445477776e-07,2.2301994403719997e-05
64,1422,22,6.194998445477776e-07,2.1682494559172217e-05
64,1423,17,4.787044253323736e-07,2.106299471462444e-05
64,1424,21,5.913407607046968e-07,2.0584290289292067e-05
64,1425,26,7.321361799201009e-07,1.999294952858737e-05
64,1426,16,4.505453414892928e-07,1.9260813348667268e-05
64,1427,21,5.913407607046968e-07,1.8810268007177975e-05
64,1428,16,4.505453414892928e-07,1.821892724647328e-05
64,1429,20,5.631816768616161e-07,1.7768381904983986e-05
64,1430,17,4.787044253323736e-07,1.720520022812237e-05
64,1431,19,5.350225930185353e-07,1.6726495802789997e-05
64,1432,18,5.068635091754545e-07,1.6191473209771462e-05
64,1433,14,3.9422717380313125e-07,1.5684609700596008e-05
64,1434,15,4.22386257646212e-07,1.5290382526792876e-05
64,1435,7,1.9711358690156562e-07,1.4867996269146663e-05
64,1436,18,5.068635091754545e-07,1.4670882682245098e-05
64,1437,10,2.8159083843080804e-07,1.4164019173069643e-05
64,1438,13,3.6606808996005043e-07,1.3882428334638836e-05
64,1439,16,4.505453414892928e-07,1.3516360244678784e-05
64,1440,13,3.6606808996005043e-07,1.3065814903189491e-05
64,1441,20,5.631816768616161e-07,1.2699746813229442e-05
64,1442,21,5.913407607046968e-07,1.2136565136367826e-05
64,1443,5,1.4079541921540402e-07,1.1545224375663129e-05
64,1444,4,1.126363353723232e-07,1.1404428956447726e-05
64,1445,7,1.9711358690156562e-07,1.1291792621075401e-05
64,1446,11,3.097499222738888e-07,1.1094679034173836e-05
64,1447,10,2.8159083843080804e-07,1.0784929111899947e-05
64,1448,14,3.9422717380313125e-07,1.050333827346914e-05
64,1449,10,2.8159083843080804e-07,1.0109111099666008e-05
64,1450,6,1.689545030584848e-07,9.8275202612352e-06
64,1451,9,2.5343175458772723e-07,9.658565758176715e-06
64,1452,11,3.097499222738888e-07,9.405134003588987e-06
64,1453,9,2.5343175458772723e-07,9.0953840813151e-06
64,1454,12,3.379090061169696e-07,8.841952326727372e-06
64,1455,5,1.4079541921540402e-07,8.504043320610401e-06
64,1456,7,1.9711358690156562e-07,8.363247901394998e-06
64,1457,4,1.126363353723232e-07,8.166134314493432e-06
64,1458,3,8.44772515292424e-08,8.05349797912111e-06
64,1459,8,2.252726707446464e-07,7.969020727591867e-06
64,1460,7,1.9711358690156562e-07,7.74374805684722e-06
64,1461,9,2.5343175458772723e-07,7.546634469945655e-06
64,1462,12,3.379090061169696e-07,7.293202715357928e-06
64,1463,9,2.5343175458772723e-07,6.955293709240958e-06
64,1464,7,1.9711358690156562e-07,6.701861954653231e-06
64,1465,3,8.44772515292424e-08,6.504748367751665e-06
64,1466,13,3.6606808996005043e-07,6.420271116222423e-06
64,1467,7,1.9711358690156562e-07,6.054203026262372e-06
64,1468,2,5.63181676861616e-08,5.857089439360807e-06
64,1469,6,1.689545030584848e-07,5.800771271674645e-06
64,1470,6,1.689545030584848e-07,5.63181676861616e-06
64,1471,3,8.44772515292424e-08,5.462862265557676e-06
64,1472,5,1.4079541921540402e-07,5.378385014028433e-06
64,1473,8,2.252726707446464e-07,5.2375895948130294e-06
64,1474,4,1.126363353723232e-07,5.012316924068383e-06
64,1475,5,1.4079541921540402e-07,4.89968058869606e-06
64,1476,5,1.4079541921540402e-07,4.758885169480656e-06
64,1477,6,1.689545030584848e-07,4.618089750265252e-06
64,1478,7,1.9711358690156562e-07,4.449135247206767e-06
64,1479,4,1.126363353723232e-07,4.252021660305201e-06
64,1480,5,1.4079541921540402e-07,4.139385324932878e-06
64,1481,2,5.63181676861616e-08,3.998589905717474e-06
64,1482,3,8.44772515292424e-08,3.942271738031312e-06
64,1483,6,1.689545030584848e-07,3.85779448650207e-06
64,1484,1,2.81590838430808e-08,3.6888399834435853e-06
64,1485,2,5.63181676861616e-08,3.6606808996005042e-06
64,1486,1,2.81590838430808e-08,3.6043627319143426e-06
64,1487,3,8.44772515292424e-08,3.576203648071262e-06
64,1488,1,2.81590838430808e-08,3.4917263965420193e-06
64,1489,3,8.44772515292424e-08,3.4635673126989387e-06
64,1490,4,1.126363353723232e-07,3.379090061169696e-06
64,1491,4,1.126363353723232e-07,3.266453725797373e-06
64,1492,3,8.44772515292424e-08,3.15381739042505e-06
64,1493,1,2.81590838430808e-08,3.0693401388958073e-06
64,1494,2,5.63181676861616e-08,3.0411810550527267e-06
64,1495,3,8.44772515292424e-08,2.984862887366565e-06
64,1496,1,2.81590838430808e-08,2.9003856358373224e-06
64,1497,5,1.4079541921540402e-07,2.872226551994242e-06
64,1498,7,1.9711358690156562e-07,2.731431132778838e-06
64,1499,1,2.81590838430808e-08,2.534317545877272e-06
64,1500,3,8.44772515292424e-08,2.5061584620341915e-06
64,1501,3,8.44772515292424e-08,2.421681210504949e-06
64,1502,3,8.44772515292424e-08,2.3372039589757066e-06
64,1503,5,1.4079541921540402e-07,2.2527267074464643e-06
64,1504,3,8.44772515292424e-08,2.11193128823106e-06
64,1505,3,8.44772515292424e-08,2.027454036701818e-06
64,1506,4,1.126363353723232e-07,1.942976785172575e-06
64,1508,2,5.63181676861616e-08,1.8303404498002521e-06
64,1509,3,8.44772515292424e-08,1.7740222821140905e-06
64,1510,2,5.63181676861616e-08,1.689545030584848e-06
64,1511,1,2.81590838430808e-08,1.6332268628986864e-06
64,1512,2,5.63181676861616e-08,1.6050677790556058e-06
64,1513,3,8.44772515292424e-08,1.5487496113694442e-06
64,1514,1,2.81590838430808e-08,1.4642723598402017e-06
64,1516,3,8.44772515292424e-08,1.436113275997121e-06
64,1517,3,8.44772515292424e-08,1.3516360244678785e-06
64,1518,1,2.81590838430808e-08,1.267158772938636e-06
64,1519,1,2.81590838430808e-08,1.2389996890955552e-06
64,1520,1,2.81590838430808e-08,1.2108406052524744e-06
64,1521,3,8.44772515292424e-08,1.1826815214093936e-06
64,1522,3,8.44772515292424e-08,1.0982042698801514e-06
64,1523,2,5.63181676861616e-08,1.013727018350909e-06
64,1525,1,2.81590838430808e-08,9.574088506647473e-07
64,1526,1,2.81590838430808e-08,9.292497668216665e-07
64,1527,1,2.81590838430808e-08,9.010906829785857e-07
64,1528,1,2.81590838430808e-08,8.729315991355048e-07
64,1529,2,5.63181676861616e-08,8.44772515292424e-07
64,1531,1,2.81590838430808e-08,7.884543476062625e-07
64,1534,1,2.81590838430808e-08,7.602952637631817e-07
64,1535,1,2.81590838430808e-08,7.321361799201009e-07
64,1536,2,5.63181676861616e-08,7.0397709607702e-07
64,1538,1,2.81590838430808e-08,6.476589283908584e-07
64,1540,1,2.81590838430808e-08,6.194998445477776e-07
64,1542,1,2.81590838430808e-08,5.913407607046968e-07
64,1543,1,2.81590838430808e-08,5.631816768616161e-07
64,1544,1,2.81590838430808e-08,5.350225930185353e-07
64,1545,1,2.81590838430808e-08,5.068635091754545e-07
64,1546,1,2.81590838430808e-08,4.787044253323736e-07
64,1547,1,2.81590838430808e-08,4.505453414892928e-07
64,1549,3,8.44772515292424e-08,4.22386257646212e-07
64,1555,1,2.81590838430808e-08,3.379090061169696e-07
64,1562,2,5.63181676861616e-08,3.097499222738888e-07
64,1564,1,2.81590838430808e-08,2.5343175458772723e-07
64,1566,1,2.81590838430808e-08,2.252726707446464e-07
64,1567,1,2.81590838430808e-08,1.9711358690156562e-07
64,1570,1,2.81590838430808e-08,1.689545030584848e-07
64,1574,1,2.81590838430808e-08,1.4079541921540402e-07
64,1576,1,2.81590838430808e-08,1.126363353723232e-07
64,1584,1,2.81590838430808e-08,8.44772515292424e-08
64,1590,1,2.81590838430808e-08,5.63181676861616e-08
64,1595,1,2.81590838430808e-08,2.81590838430808e-08
128,1,36097513,0.9149264799587895,1.0
128,2,2213401,0.05610079524501493,0.08507352004121052
128,3,515680,0.013070409786545365,0.02897272479619559
128,4,207662,0.005263394812856003,0.015902315009650225
128,5,107861,0.0027338416653478314,0.010638920196794221
128,6,63849,0.0016183148356754867,0.00790507853144639
128,7,41229,0.0010449889952867648,0.0062867636957709035
128,8,28968,0.0007342220576649203,0.005241774700484139
128,9,21108,0.0005350027338163194,0.004507552642819218
128,10,15765,0.0003995792163451902,0.003972549909002899
128,11,12359,0.0003132508426774631,0.0035729706926577085
128,12,9829,0.00024912553869057245,0.0032597198499802454
128,13,7830,0.00019845894474994225,0.003010594311289673
128,14,6684,0.00016941246318117673,0.0028121353665397308
128,15,5434,0.0001377300007370608,0.002642722903358554
128,16,4612,0.00011689561343381016,0.0025049929026214933
128,17,3912,9.915343446510524e-05,0.002388097289187683
128,18,3383,8.574541635875537e-05,0.0022889438547225778
128,19,2889,7.322450720084075e-05,0.002203198438363822
128,20,2604,6.600090576358232e-05,0.0021299739311629816
128,21,2385,6.045013834337321e-05,0.0020639730253993994
128,22,1998,5.0641247970674917e-05,0.002003522887056026
128,23,1808,4.582551367916929e-05,0.001952881639085351
128,24,1585,4.017336237913901e-05,0.0019070561254061818
128,25,1423,3.606731524638158e-05,0.0018668827630270429
128,26,1370,3.472397883875107e-05,0.0018308154477806613
128,27,1186,3.0060320366977203e-05,0.0017960914689419101
128,28,1076,2.7272263671895e-05,0.001766031148574933
128,29,999,2.5320623985337458e-05,0.001738758884903038
128,30,948,2.4027979517617528e-05,0.0017134382609177005
128,31,873,2.2127031770970573e-05,0.001689410281400083
128,32,821,2.0809041333295348e-05,0.0016672832496291124
128,33,684,1.7336643449420242e-05,0.001646474208295817
128,34,681,1.7260605539554362e-05,0.0016291375648463968
128,35,647,1.639884256107441e-05,0.0016118769593068424
128,36,556,1.409235929514277e-05,0.001595478116745768
128,37,538,1.36361318359475e-05,0.0015813857574506253
128,38,514,1.3027828557020473e-05,0.0015677496256146777
128,39,486,1.2318141398272277e-05,0.0015547217970576573
128,40,460,1.1659146179434666e-05,0.001542403655659385
128,41,407,1.031580977180415e-05,0.0015307445094799503
128,42,438,1.1101534840418225e-05,0.0015204286997081461
128,43,376,9.530084703190075e-06,0.001509327164867728
128,44,340,8.617629784799535e-06,0.001499797080164538
128,45,336,8.516245904978364e-06,0.0014911794503797383
128,46,305,7.730520836364289e-06,0.00148266320447476
128,47,314,7.958634565961923e-06,0.0014749326836383957
128,48,277,7.020833677616092e-06,0.0014669740490724338
128,49,271,6.8687578578843355e-06,0.0014599532153948178
128,50,255,6.463222338599652e-06,0.0014530844575369334
128,51,225,5.702843239940869e-06,0.0014466212351983338
128,52,250,6.336492488823187e-06,0.0014409183919583928
128,53,195,4.9424641412820865e-06,0.0014345818994695697
128,54,205,5.195923840835014e-06,0.0014296394353282877
128,55,207,5.246615780745599e-06,0.0014244435114874525
128,56,208,5.271961750700892e-06,0.001419196895706707
128,57,199,5.043848021103257e-06,0.001413924933956006
128,58,167,4.232776982533889e-06,0.001408881085934903
128,59,142,3.5991277336515705e-06,0.001404648308952369
128,60,138,3.4977438538303995e-06,0.0014010491812187175
128,61,158,4.004663252936254e-06,0.001397551437364887
128,62,165,4.1820850426233035e-06,0.0013935467741119508
128,63,117,2.9654784847692517e-06,0.0013893646890693273
128,64,131,3.3203220641433504e-06,0.0013863992105845582
128,65,131,3.3203220641433504e-06,0.0013830788885204148
128,66,128,3.2442841542774722e-06,0.0013797585664562715
128,67,121,3.0668623645904227e-06,0.001376514282301994
128,68,121,3.0668623645904227e-06,0.0013734474199374035
128,69,109,2.7627107251269098e-06,0.001370380557572813
128,70,103,2.6106349053951535e-06,0.0013676178468476862
128,71,104,2.635980875350446e-06,0.001365007211942291
128,72,105,2.6613268453057388e-06,0.0013623712310669406
128,73,83,2.103715506289298e-06,0.0013597099042216348
128,74,89,2.255791326021055e-06,0.0013576061887153456
128,75,95,2.407867145752811e-06,0.0013553503973893245
128,76,86,2.1797534161551767e-06,0.0013529425302435717
128,77,103,2.6106349053951535e-06,0.0013507627768274166
128,78,78,1.9769856565128343e-06,0.0013481521419220215
128,79,77,1.951639686557542e-06,0.0013461751562655086
128,80,82,2.0783695363340057e-06,0.001344223516578951
128,81,83,2.103715506289298e-06,0.0013421451470426171
128,82,79,2.002331626468127e-06,0.0013400414315363277
128,83,72,1.824909836781078e-06,0.0013380390999098595
128,84,74,1.8756017766916636e-06,0.0013362141900730784
128,85,67,1.6981799870046142e-06,0.0013343385882963869
128,86,80,2.02767759642342e-06,0.0013326404083093821
128,87,63,1.5967961071834433e-06,0.0013306127307129588
128,88,57,1.4447202874516868e-06,0.0013290159346057754
128,89,63,1.5967961071834433e-06,0.0013275712143183238
128,90,56,1.419374317496394e-06,0.0013259744182111401
128,91,48,1.216606557854052e-06,0.0013245550438936438
128,92,42,1.0645307381222955e-06,0.0013233384373357898
128,93,36,9.12454918390539e-07,0.0013222739065976675
128,94,52,1.317990437675223e-06,0.001321361451679277
128,95,60,1.520758197317565e-06,0.0013200434612416017
128,96,55,1.3940283475411013e-06,0.0013185227030442842
128,97,38,9.631468583011245e-07,0.001317128674696743
128,98,52,1.317990437675223e-06,0.001316165527838442
128,99,40,1.01383879821171e-06,0.0013148475374007667
128,100,39,9.884928282564172e-07,0.001313833698602555
128,101,27,6.843411887929042e-07,0.0013128452057742986
128,102,44,1.115222678032881e-06,0.0013121608645855058
128,103,37,9.378008883458318e-07,0.0013110456419074728
128,104,32,8.110710385693681e-07,0.001310107841019127
128,105,44,1.115222678032881e-06,0.0013092967699805576
128,106,32,8.110710385693681e-07,0.0013081815473025248
128,107,39,9.884928282564172e-07,0.0013073704762639553
128,108,42,1.0645307381222955e-06,0.0013063819834356989
128,109,25,6.336492488823187e-07,0.0013053174526975768
128,110,39,9.884928282564172e-07,0.0013046838034486944
128,111,31,7.857250686140753e-07,0.001303695310620438
128,112,32,8.110710385693681e-07,0.001302909585551824
128,113,29,7.350331287034897e-07,0.0013020985145132545
128,114,43,1.0898767080775884e-06,0.001301363481384551
128,115,32,8.110710385693681e-07,0.0013002736046764734
128,116,24,6.08303278927026e-07,0.001299462533637904
128,117,35,8.871089484352463e-07,0.001298854230358977
128,118,33,8.364170085246608e-07,0.0012979671214105417
128,119,29,7.350331287034897e-07,0.001297130704402017
128,120,20,5.06919399105855e-07,0.0012963956712733135
128,121,24,6.08303278927026e-07,0.0012958887518742077
128,122,26,6.589952188376115e-07,0.0012952804485952807
128,123,11,2.7880566950822025e-07,0.001294621453376443
128,124,27,6.843411887929042e-07,0.001294342647706935
128,125,19,4.815734291505623e-07,0.001293658306518142
128,126,23,5.829573089717332e-07,0.0012931767330889915
128,127,25,6.336492488823187e-07,0.0012925937757800197
128,128,25,6.336492488823187e-07,0.0012919601265311373
128,129,20,5.06919399105855e-07,0.0012913264772822551
128,130,22,5.576113390164405e-07,0.0012908195578831493
128,131,23,5.829573089717332e-07,0.0012902619465441328
128,132,15,3.8018954932939123e-07,0.001289678989235161
128,133,14,3.548435793740985e-07,0.0012892987996858316
128,134,16,4.0553551928468403e-07,0.0012889439561064575
128,135,18,4.562274591952695e-07,0.0012885384205871728
128,136,14,3.548435793740985e-07,0.0012880821931279777
128,137,17,4.308814892399768e-07,0.0012877273495486034
128,138,23,5.829573089717332e-07,0.0012872964680593635
128,139,17,4.308814892399768e-07,0.0012867135107503917
128,140,22,5.576113390164405e-07,0.0012862826292611518
128,141,18,4.562274591952695e-07,0.0012857250179221353
128,142,11,2.7880566950822025e-07,0.0012852687904629401
128,143,17,4.308814892399768e-07,0.001284989984793432
128,144,10,2.534596995529275e-07,0.0012845591033041918
128,145,11,2.7880566950822025e-07,0.001284305643604639
128,146,9,2.2811372959763476e-07,0.0012840268379351307
128,147,10,2.534596995529275e-07,0.001283798724205533
128,148,18,4.562274591952695e-07,0.0012835452645059801
128,149,12,3.04151639463513e-07,0.001283089037046785
128,150,13,3.2949760941880574e-07,0.0012827848854073214
128,151,12,3.04151639463513e-07,0.0012824553877979026
128,152,13,3.2949760941880574e-07,0.001282151236158439
128,153,11,2.7880566950822025e-07,0.0012818217385490204
128,154,9,2.2811372959763476e-07,0.001281542932879512
128,155,14,3.548435793740985e-07,0.0012813148191499143
128,156,17,4.308814892399768e-07,0.0012809599755705403
128,157,7,1.7742178968704924e-07,0.0012805290940813003
128,158,12,3.04151639463513e-07,0.0012803516722916133
128,159,13,3.2949760941880574e-07,0.0012800475206521497
128,160,10,2.534596995529275e-07,0.001279718023042731
128,161,8,2.0276775964234201e-07,0.001279464563343178
128,162,13,3.2949760941880574e-07,0.0012792617955835358
128,163,8,2.0276775964234201e-07,0.001278932297974117
128,164,12,3.04151639463513e-07,0.0012787295302144745
128,165,11,2.7880566950822025e-07,0.001278425378575011
128,166,12,3.04151639463513e-07,0.0012781465729055027
128,167,15,3.8018954932939123e-07,0.0012778424212660394
128,168,14,3.548435793740985e-07,0.0012774622317167099
128,169,5,1.2672984977646375e-07,0.0012771073881373358
128,170,13,3.2949760941880574e-07,0.0012769806582875593
128,171,5,1.2672984977646375e-07,0.0012766511606781405
128,172,12,3.04151639463513e-07,0.001276524430828364
128,173,10,2.534596995529275e-07,0.0012762202791889005
128,174,9,2.2811372959763476e-07,0.0012759668194893476
128,175,8,2.0276775964234201e-07,0.00127573870575975
128,176,16,4.0553551928468403e-07,0.0012755359380001077
128,177,8,2.0276775964234201e-07,0.001275130402480823
128,178,6,1.520758197317565e-07,0.0012749276347211807
128,179,4,1.0138387982117101e-07,0.001274775558901449
128,180,7,1.7742178968704924e-07,0.0012746741750216278
128,181,10,2.534596995529275e-07,0.0012744967532319408
128,182,8,2.0276775964234201e-07,0.0012742432935323878
128,183,6,1.520758197317565e-07,0.0012740405257727454
128,184,5,1.2672984977646375e-07,0.0012738884499530136
128,185,3,7.603790986587825e-08,0.0012737617201032372
128,186,1,2.5345969955292752e-08,0.0012736856821933713
128,187,2,5.0691939910585504e-08,0.001273660336223416
128,188,5,1.2672984977646375e-07,0.0012736096442835054
128,189,4,1.0138387982117101e-07,0.0012734829144337289
128,190,3,7.603790986587825e-08,0.0012733815305539077
128,191,5,1.2672984977646375e-07,0.0012733054926440418
128,192,7,1.7742178968704924e-07,0.0012731787627942655
128,193,3,7.603790986587825e-08,0.0012730013410045785
128,194,9,2.2811372959763476e-07,0.0012729253030947126
128,195,6,1.520758197317565e-07,0.0012726971893651149
128,197,5,1.2672984977646375e-07,0.001272545113545383
128,198,4,1.0138387982117101e-07,0.0012724183836956067
128,199,5,1.2672984977646375e-07,0.0012723169998157854
128,200,5,1.2672984977646375e-07,0.001272190269966009
128,201,3,7.603790986587825e-08,0.0012720635401162325
128,202,6,1.520758197317565e-07,0.0012719875022063666
128,203,4,1.0138387982117101e-07,0.001271835426386635
128,204,5,1.2672984977646375e-07,0.0012717340425068137
128,205,2,5.0691939910585504e-08,0.0012716073126570373
128,206,2,5.0691939910585504e-08,0.0012715566207171266
128,207,3,7.603790986587825e-08,0.0012715059287772162
128,208,2,5.0691939910585504e-08,0.0012714298908673503
128,209,4,1.0138387982117101e-07,0.0012713791989274396
128,210,10,2.534596995529275e-07,0.0012712778150476185
128,211,3,7.603790986587825e-08,0.0012710243553480656
128,212,1,2.5345969955292752e-08,0.0012709483174381997
128,213,2,5.0691939910585504e-08,0.0012709229714682445
128,214,5,1.2672984977646375e-07,0.0012708722795283338
128,215,6,1.520758197317565e-07,0.0012707455496785574
128,216,1,2.5345969955292752e-08,0.0012705934738588256
128,217,5,1.2672984977646375e-07,0.0012705681278888702
128,218,5,1.2672984977646375e-07,0.0012704413980390938
128,219,1,2.5345969955292752e-08,0.0012703146681893173
128,220,5,1.2672984977646375e-07,0.001270289322219362
128,221,1,2.5345969955292752e-08,0.0012701625923695857
128,223,3,7.603790986587825e-08,0.0012701372463996303
128,224,2,5.0691939910585504e-08,0.0012700612084897644
128,225,1,2.5345969955292752e-08,0.001270010516549854
128,226,3,7.603790986587825e-08,0.0012699851705798985
128,227,3,7.603790986587825e-08,0.0012699091326700328
128,228,1,2.5345969955292752e-08,0.0012698330947601669
128,229,2,5.0691939910585504e-08,0.0012698077487902114
128,231,1,2.5345969955292752e-08,0.001269757056850301
128,232,2,5.0691939910585504e-08,0.0012697317108803455
128,233,1,2.5345969955292752e-08,0.001269681018940435
128,235,1,2.5345969955292752e-08,0.0012696556729704796
128,236,1,2.5345969955292752e-08,0.0012696303270005244
128,237,4,1.0138387982117101e-07,0.0012696049810305692
128,238,3,7.603790986587825e-08,0.001269503597150748
128,239,2,5.0691939910585504e-08,0.0012694275592408822
128,240,2,5.0691939910585504e-08,0.0012693768673009715
128,241,1,2.5345969955292752e-08,0.001269326175361061
128,242,1,2.5345969955292752e-08,0.0012693008293911056
128,243,1,2.5345969955292752e-08,0.0012692754834211504
128,244,1,2.5345969955292752e-08,0.0012692501374511952
128,245,3,7.603790986587825e-08,0.0012692247914812397
128,246,1,2.5345969955292752e-08,0.0012691487535713738
128,247,1,2.5345969955292752e-08,0.0012691234076014186
128,249,1,2.5345969955292752e-08,0.0012690980616314634
128,250,1,2.5345969955292752e-08,0.001269072715661508
128,252,2,5.0691939910585504e-08,0.0012690473696915527
128,254,4,1.0138387982117101e-07,0.0012689966777516422
128,256,2,5.0691939910585504e-08,0.001268895293871821
128,257,2,5.0691939910585504e-08,0.0012688446019319104
128,259,2,5.0691939910585504e-08,0.0012687939099919998
128,261,2,5.0691939910585504e-08,0.0012687432180520893
128,262,3,7.603790986587825e-08,0.0012686925261121786
128,264,1,2.5345969955292752e-08,0.0012686164882023127
128,265,1,2.5345969955292752e-08,0.0012685911422323575
128,266,2,5.0691939910585504e-08,0.001268565796262402
128,267,2,5.0691939910585504e-08,0.0012685151043224916
128,269,2,5.0691939910585504e-08,0.001268464412382581
128,272,2,5.0691939910585504e-08,0.0012684137204426705
128,273,1,2.5345969955292752e-08,0.0012683630285027598
128,275,1,2.5345969955292752e-08,0.0012683376825328046
128,276,1,2.5345969955292752e-08,0.0012683123365628492
128,277,2,5.0691939910585504e-08,0.001268286990592894
128,279,1,2.5345969955292752e-08,0.0012682362986529833
128,280,1,2.5345969955292752e-08,0.001268210952683028
128,283,1,2.5345969955292752e-08,0.0012681856067130728
128,286,1,2.5345969955292752e-08,0.0012681602607431176
128,287,3,7.603790986587825e-08,0.0012681349147731621
128,292,1,2.5345969955292752e-08,0.0012680588768632962
128,293,2,5.0691939910585504e-08,0.001268033530893341
128,294,1,2.5345969955292752e-08,0.0012679828389534303
128,295,1,2.5345969955292752e-08,0.0012679574929834751
128,296,2,5.0691939910585504e-08,0.0012679321470135199
128,299,1,2.5345969955292752e-08,0.0012678814550736092
128,301,1,2.5345969955292752e-08,0.001267856109103654
128,302,2,5.0691939910585504e-08,0.0012678307631336988
128,303,1,2.5345969955292752e-08,0.001267780071193788
128,304,1,2.5345969955292752e-08,0.0012677547252238329
128,305,1,2.5345969955292752e-08,0.0012677293792538774
128,306,2,5.0691939910585504e-08,0.0012677040332839222
128,309,1,2.5345969955292752e-08,0.0012676533413440115
128,310,1,2.5345969955292752e-08,0.0012676279953740563
128,321,1,2.5345969955292752e-08,0.001267602649404101
128,329,1,2.5345969955292752e-08,0.0012675773034341458
128,330,1,2.5345969955292752e-08,0.0012675519574641904
128,332,1,2.5345969955292752e-08,0.0012675266114942352
128,348,1,2.5345969955292752e-08,0.00126750126552428
128,359,1,2.5345969955292752e-08,0.0012674759195543245
128,374,1,2.5345969955292752e-08,0.0012674505735843693
128,375,1,2.5345969955292752e-08,0.001267425227614414
128,389,1,2.5345969955292752e-08,0.0012673998816444586
128,394,1,2.5345969955292752e-08,0.0012673745356745034
128,413,1,2.5345969955292752e-08,0.0012673491897045482
128,453,1,2.5345969955292752e-08,0.0012673238437345927
128,458,1,2.5345969955292752e-08,0.0012672984977646375
128,463,1,2.5345969955292752e-08,0.0012672731517946823
128,484,1,2.5345969955292752e-08,0.001267247805824727
128,497,1,2.5345969955292752e-08,0.0012672224598547716
128,498,1,2.5345969955292752e-08,0.0012671971138848164
128,506,1,2.5345969955292752e-08,0.0012671717679148611
128,518,1,2.5345969955292752e-08,0.0012671464219449057
128,520,1,2.5345969955292752e-08,0.0012671210759749505
128,540,1,2.5345969955292752e-08,0.0012670957300049952
128,545,1,2.5345969955292752e-08,0.0012670703840350398
128,553,1,2.5345969955292752e-08,0.0012670450380650846
128,563,2,5.0691939910585504e-08,0.0012670196920951293
128,565,1,2.5345969955292752e-08,0.0012669690001552187
128,567,1,2.5345969955292752e-08,0.0012669436541852634
128,568,1,2.5345969955292752e-08,0.0012669183082153082
128,569,1,2.5345969955292752e-08,0.0012668929622453528
128,571,1,2.5345969955292752e-08,0.0012668676162753975
128,581,1,2.5345969955292752e-08,0.0012668422703054423
128,585,1,2.5345969955292752e-08,0.0012668169243354869
128,586,1,2.5345969955292752e-08,0.0012667915783655316
128,589,1,2.5345969955292752e-08,0.0012667662323955764
128,593,1,2.5345969955292752e-08,0.001266740886425621
128,596,1,2.5345969955292752e-08,0.0012667155404556658
128,598,1,2.5345969955292752e-08,0.0012666901944857105
128,604,1,2.5345969955292752e-08,0.0012666648485157553
128,606,1,2.5345969955292752e-08,0.0012666395025457999
128,609,1,2.5345969955292752e-08,0.0012666141565758446
128,612,1,2.5345969955292752e-08,0.0012665888106058894
128,614,1,2.5345969955292752e-08,0.001266563464635934
128,618,1,2.5345969955292752e-08,0.0012665381186659787
128,623,1,2.5345969955292752e-08,0.0012665127726960235
128,626,1,2.5345969955292752e-08,0.001266487426726068
128,627,1,2.5345969955292752e-08,0.0012664620807561128
128,629,2,5.0691939910585504e-08,0.0012664367347861576
128,630,2,5.0691939910585504e-08,0.001266386042846247
128,632,1,2.5345969955292752e-08,0.0012663353509063365
128,633,1,2.5345969955292752e-08,0.001266310004936381
128,634,1,2.5345969955292752e-08,0.0012662846589664258
128,635,1,2.5345969955292752e-08,0.0012662593129964706
128,636,3,7.603790986587825e-08,0.0012662339670265151
128,637,2,5.0691939910585504e-08,0.0012661579291166492
128,640,1,2.5345969955292752e-08,0.0012661072371767388
128,642,1,2.5345969955292752e-08,0.0012660818912067836
128,648,1,2.5345969955292752e-08,0.0012660565452368281
128,649,1,2.5345969955292752e-08,0.001266031199266873
128,652,1,2.5345969955292752e-08,0.0012660058532969177
128,653,1,2.5345969955292752e-08,0.0012659805073269622
128,654,1,2.5345969955292752e-08,0.001265955161357007
128,655,1,2.5345969955292752e-08,0.0012659298153870518
128,657,1,2.5345969955292752e-08,0.0012659044694170963
128,661,1,2.5345969955292752e-08,0.001265879123447141
128,665,3,7.603790986587825e-08,0.0012658537774771859
128,666,2,5.0691939910585504e-08,0.00126577773956732
128,670,2,5.0691939910585504e-08,0.0012657270476274093
128,672,3,7.603790986587825e-08,0.0012656763556874989
128,673,1,2.5345969955292752e-08,0.001265600317777633
128,674,1,2.5345969955292752e-08,0.0012655749718076775
128,675,1,2.5345969955292752e-08,0.0012655496258377223
128,676,2,5.0691939910585504e-08,0.001265524279867767
128,678,1,2.5345969955292752e-08,0.0012654735879278564
128,683,1,2.5345969955292752e-08,0.0012654482419579012
128,684,1,2.5345969955292752e-08,0.001265422895987946
128,685,1,2.5345969955292752e-08,0.0012653975500179905
128,686,2,5.0691939910585504e-08,0.0012653722040480353
128,687,1,2.5345969955292752e-08,0.0012653215121081246
128,688,1,2.5345969955292752e-08,0.0012652961661381694
128,690,2,5.0691939910585504e-08,0.0012652708201682141
128,691,2,5.0691939910585504e-08,0.0012652201282283035
128,692,2,5.0691939910585504e-08,0.001265169436288393
128,694,2,5.0691939910585504e-08,0.0012651187443484823
128,696,5,1.2672984977646375e-07,0.0012650680524085717
128,697,2,5.0691939910585504e-08,0.0012649413225587953
128,699,3,7.603790986587825e-08,0.0012648906306188847
128,700,2,5.0691939910585504e-08,0.0012648145927090188
128,701,1,2.5345969955292752e-08,0.0012647639007691083
128,705,1,2.5345969955292752e-08,0.0012647385547991529
128,706,2,5.0691939910585504e-08,0.0012647132088291976
128,707,2,5.0691939910585504e-08,0.0012646625168892872
128,710,1,2.5345969955292752e-08,0.0012646118249493765
128,714,3,7.603790986587825e-08,0.0012645864789794213
128,716,3,7.603790986587825e-08,0.0012645104410695554
128,717,3,7.603790986587825e-08,0.0012644344031596895
128,718,4,1.0138387982117101e-07,0.0012643583652498236
128,719,1,2.5345969955292752e-08,0.0012642569813700025
128,720,3,7.603790986587825e-08,0.001264231635400047
128,721,1,2.5345969955292752e-08,0.0012641555974901811
128,722,3,7.603790986587825e-08,0.001264130251520226
128,725,1,2.5345969955292752e-08,0.00126405421361036
128,727,1,2.5345969955292752e-08,0.0012640288676404048
128,728,1,2.5345969955292752e-08,0.0012640035216704495
128,729,2,5.0691939910585504e-08,0.001263978175700494
128,730,1,2.5345969955292752e-08,0.0012639274837605837
128,731,2,5.0691939910585504e-08,0.0012639021377906282
128,732,1,2.5345969955292752e-08,0.0012638514458507178
128,733,1,2.5345969955292752e-08,0.0012638260998807625
128,734,2,5.0691939910585504e-08,0.001263800753910807
128,735,4,1.0138387982117101e-07,0.0012637500619708966
128,737,2,5.0691939910585504e-08,0.0012636486780910753
128,738,1,2.5345969955292752e-08,0.0012635979861511648
128,739,2,5.0691939910585504e-08,0.0012635726401812094
128,740,2,5.0691939910585504e-08,0.001263521948241299
128,741,4,1.0138387982117101e-07,0.0012634712563013883
128,742,2,5.0691939910585504e-08,0.0012633698724215671
128,743,3,7.603790986587825e-08,0.0012633191804816565
128,744,5,1.2672984977646375e-07,0.0012632431425717908
128,745,3,7.603790986587825e-08,0.0012631164127220142
128,746,2,5.0691939910585504e-08,0.0012630403748121483
128,747,2,5.0691939910585504e-08,0.0012629896828722377
128,748,1,2.5345969955292752e-08,0.0012629389909323272
128,749,5,1.2672984977646375e-07,0.001262913644962372
128,750,1,2.5345969955292752e-08,0.0012627869151125954
128,751,5,1.2672984977646375e-07,0.0012627615691426402
128,752,1,2.5345969955292752e-08,0.0012626348392928636
128,753,4,1.0138387982117101e-07,0.0012626094933229084
128,754,5,1.2672984977646375e-07,0.0012625081094430873
128,755,2,5.0691939910585504e-08,0.0012623813795933107
128,756,4,1.0138387982117101e-07,0.0012623306876534002
128,757,2,5.0691939910585504e-08,0.001262229303773579
128,758,3,7.603790986587825e-08,0.0012621786118336684
128,759,3,7.603790986587825e-08,0.0012621025739238026
128,760,4,1.0138387982117101e-07,0.0012620265360139367
128,761,3,7.603790986587825e-08,0.0012619251521341155
128,763,4,1.0138387982117101e-07,0.0012618491142242496
128,764,1,2.5345969955292752e-08,0.0012617477303444285
128,765,4,1.0138387982117101e-07,0.001261722384374473
128,766,2,5.0691939910585504e-08,0.001261621000494652
128,767,1,2.5345969955292752e-08,0.0012615703085547413
128,768,3,7.603790986587825e-08,0.001261544962584786
128,769,2,5.0691939910585504e-08,0.0012614689246749201
128,770,2,5.0691939910585504e-08,0.0012614182327350097
128,771,4,1.0138387982117101e-07,0.001261367540795099
128,772,3,7.603790986587825e-08,0.001261266156915278
128,773,2,5.0691939910585504e-08,0.001261190119005412
128,775,4,1.0138387982117101e-07,0.0012611394270655013
128,777,3,7.603790986587825e-08,0.0012610380431856802
128,778,3,7.603790986587825e-08,0.0012609620052758143
128,779,1,2.5345969955292752e-08,0.0012608859673659484
128,780,5,1.2672984977646375e-07,0.0012608606213959932
128,781,1,2.5345969955292752e-08,0.0012607338915462166
128,782,6,1.520758197317565e-07,0.0012607085455762614
128,783,6,1.520758197317565e-07,0.0012605564697565296
128,784,9,2.2811372959763476e-07,0.0012604043939367978
128,785,1,2.5345969955292752e-08,0.0012601762802072003
128,786,6,1.520758197317565e-07,0.0012601509342372449
128,787,6,1.520758197317565e-07,0.0012599988584175133
128,788,5,1.2672984977646375e-07,0.0012598467825977815
128,789,3,7.603790986587825e-08,0.001259720052748005
128,790,4,1.0138387982117101e-07,0.001259644014838139
128,791,2,5.0691939910585504e-08,0.001259542630958318
128,792,5,1.2672984977646375e-07,0.0012594919390184073
128,793,5,1.2672984977646375e-07,0.001259365209168631
128,794,3,7.603790986587825e-08,0.0012592384793188543
128,795,8,2.0276775964234201e-07,0.0012591624414089887
128,796,9,2.2811372959763476e-07,0.0012589596736493462
128,797,1,2.5345969955292752e-08,0.0012587315599197485
128,798,5,1.2672984977646375e-07,0.0012587062139497933
128,799,5,1.2672984977646375e-07,0.001258579484100017
128,800,5,1.2672984977646375e-07,0.0012584527542502404
128,801,8,2.0276775964234201e-07,0.0012583260244004638
128,802,5,1.2672984977646375e-07,0.0012581232566408215
128,803,5,1.2672984977646375e-07,0.0012579965267910452
128,804,8,2.0276775964234201e-07,0.0012578697969412686
128,805,7,1.7742178968704924e-07,0.0012576670291816264
128,806,5,1.2672984977646375e-07,0.0012574896073919391
128,807,6,1.520758197317565e-07,0.0012573628775421628
128,808,4,1.0138387982117101e-07,0.001257210801722431
128,809,5,1.2672984977646375e-07,0.0012571094178426099
128,810,7,1.7742178968704924e-07,0.0012569826879928333
128,811,6,1.520758197317565e-07,0.0012568052662031463
128,812,5,1.2672984977646375e-07,0.0012566531903834145
128,813,13,3.2949760941880574e-07,0.0012565264605336381
128,814,6,1.520758197317565e-07,0.0012561969629242193
128,815,6,1.520758197317565e-07,0.0012560448871044875
128,816,8,2.0276775964234201e-07,0.0012558928112847557
128,817,5,1.2672984977646375e-07,0.0012556900435251135
128,818,9,2.2811372959763476e-07,0.001255563313675337
128,819,9,2.2811372959763476e-07,0.0012553351999457394
128,820,4,1.0138387982117101e-07,0.0012551070862161417
128,821,9,2.2811372959763476e-07,0.0012550057023363206
128,822,5,1.2672984977646375e-07,0.001254777588606723
128,823,7,1.7742178968704924e-07,0.0012546508587569464
128,824,12,3.04151639463513e-07,0.0012544734369672593
128,825,8,2.0276775964234201e-07,0.001254169285327796
128,826,5,1.2672984977646375e-07,0.0012539665175681535
128,827,4,1.0138387982117101e-07,0.0012538397877183772
128,828,9,2.2811372959763476e-07,0.0012537384038385558
128,829,10,2.534596995529275e-07,0.0012535102901089583
128,830,10,2.534596995529275e-07,0.0012532568304094054
128,831,6,1.520758197317565e-07,0.0012530033707098525
128,832,10,2.534596995529275e-07,0.0012528512948901207
128,833,9,2.2811372959763476e-07,0.0012525978351905678
128,834,6,1.520758197317565e-07,0.00125236972146097
128,835,8,2.0276775964234201e-07,0.0012522176456412383
128,836,8,2.0276775964234201e-07,0.001252014877881596
128,837,9,2.2811372959763476e-07,0.0012518121101219536
128,838,10,2.534596995529275e-07,0.0012515839963923561
128,839,7,1.7742178968704924e-07,0.0012513305366928032
128,840,12,3.04151639463513e-07,0.001251153114903116
128,841,5,1.2672984977646375e-07,0.0012508489632636526
128,842,10,2.534596995529275e-07,0.001250722233413876
128,843,12,3.04151639463513e-07,0.001250468773714323
128,844,4,1.0138387982117101e-07,0.0012501646220748597
128,845,10,2.534596995529275e-07,0.0012500632381950384
128,846,8,2.0276775964234201e-07,0.0012498097784954855
128,847,7,1.7742178968704924e-07,0.0012496070107358432
128,848,17,4.308814892399768e-07,0.0012494295889461562
128,849,9,2.2811372959763476e-07,0.0012489987074569163
128,850,7,1.7742178968704924e-07,0.0012487705937273186
128,851,12,3.04151639463513e-07,0.0012485931719376315
128,852,8,2.0276775964234201e-07,0.001248289020298168
128,853,17,4.308814892399768e-07,0.0012480862525385257
128,854,13,3.2949760941880574e-07,0.0012476553710492856
128,855,9,2.2811372959763476e-07,0.0012473258734398667
128,856,12,3.04151639463513e-07,0.0012470977597102693
128,857,11,2.7880566950822025e-07,0.0012467936080708057
128,858,11,2.7880566950822025e-07,0.0012465148024012975
128,859,6,1.520758197317565e-07,0.0012462359967317892
128,860,3,7.603790986587825e-08,0.0012460839209120576
128,861,6,1.520758197317565e-07,0.0012460078830021917
128,862,7,1.7742178968704924e-07,0.00124585580718246
128,863,10,2.534596995529275e-07,0.0012456783853927729
128,864,11,2.7880566950822025e-07,0.00124542492569322
128,865,7,1.7742178968704924e-07,0.0012451461200237116
128,866,10,2.534596995529275e-07,0.0012449686982340246
128,867,12,3.04151639463513e-07,0.0012447152385344717
128,868,10,2.534596995529275e-07,0.001244411086895008
128,869,2,5.0691939910585504e-08,0.0012441576271954552
128,870,12,3.04151639463513e-07,0.0012441069352555447
128,871,14,3.548435793740985e-07,0.0012438027836160811
128,872,10,2.534596995529275e-07,0.001243447940036707
128,873,14,3.548435793740985e-07,0.0012431944803371541
128,874,12,3.04151639463513e-07,0.00124283963675778
128,875,9,2.2811372959763476e-07,0.0012425354851183165
128,876,17,4.308814892399768e-07,0.0012423073713887188
128,877,12,3.04151639463513e-07,0.0012418764898994789
128,878,12,3.04151639463513e-07,0.0012415723382600153
128,879,7,1.7742178968704924e-07,0.001241268186620552
128,880,15,3.8018954932939123e-07,0.001241090764830865
128,881,9,2.2811372959763476e-07,0.0012407105752815354
128,882,13,3.2949760941880574e-07,0.0012404824615519377
128,883,10,2.534596995529275e-07,0.001240152963942519
128,884,7,1.7742178968704924e-07,0.001239899504242966
128,885,21,5.322653690611478e-07,0.001239722082453279
128,886,12,3.04151639463513e-07,0.001239189817084218
128,887,17,4.308814892399768e-07,0.0012388856654447543
128,888,11,2.7880566950822025e-07,0.0012384547839555144
128,889,17,4.308814892399768e-07,0.0012381759782860062
128,890,13,3.2949760941880574e-07,0.001237745096796766
128,891,10,2.534596995529275e-07,0.0012374155991873475
128,892,11,2.7880566950822025e-07,0.0012371621394877943
128,893,17,4.308814892399768e-07,0.0012368833338182862
128,894,15,3.8018954932939123e-07,0.0012364524523290463
128,895,22,5.576113390164405e-07,0.0012360722627797168
128,896,22,5.576113390164405e-07,0.0012355146514407005
128,897,17,4.308814892399768e-07,0.001234957040101684
128,898,15,3.8018954932939123e-07,0.001234526158612444
128,899,16,4.0553551928468403e-07,0.0012341459690631146
128,900,18,4.562274591952695e-07,0.0012337404335438298
128,901,12,3.04151639463513e-07,0.0012332842060846347
128,902,16,4.0553551928468403e-07,0.001232980054445171
128,903,15,3.8018954932939123e-07,0.0012325745189258864
128,904,25,6.336492488823187e-07,0.001232194329376557
128,905,21,5.322653690611478e-07,0.0012315606801276747
128,906,23,5.829573089717332e-07,0.0012310284147586136
128,907,24,6.08303278927026e-07,0.001230445457449642
128,908,13,3.2949760941880574e-07,0.001229837154170715
128,909,14,3.548435793740985e-07,0.0012295076565612961
128,910,19,4.815734291505623e-07,0.0012291528129819219
128,911,17,4.308814892399768e-07,0.0012286712395527715
128,912,15,3.8018954932939123e-07,0.0012282403580635313
128,913,13,3.2949760941880574e-07,0.001227860168514202
128,914,17,4.308814892399768e-07,0.0012275306709047832
128,915,15,3.8018954932939123e-07,0.0012270997894155433
128,916,15,3.8018954932939123e-07,0.0012267195998662138
128,917,18,4.562274591952695e-07,0.0012263394103168845
128,918,22,5.576113390164405e-07,0.0012258831828576892
128,919,16,4.0553551928468403e-07,0.0012253255715186726
128,920,24,6.08303278927026e-07,0.0012249200359993882
128,921,21,5.322653690611478e-07,0.001224311732720461
128,922,19,4.815734291505623e-07,0.0012237794673514
128,923,16,4.0553551928468403e-07,0.0012232978939222493
128,924,26,6.589952188376115e-07,0.0012228923584029646
128,925,24,6.08303278927026e-07,0.001222233363184127
128,926,18,4.562274591952695e-07,0.0012216250599052
128,927,27,6.843411887929042e-07,0.0012211688324460046
128,928,27,6.843411887929042e-07,0.0012204844912572118
128,929,21,5.322653690611478e-07,0.001219800150068419
128,930,20,5.06919399105855e-07,0.0012192678846993578
128,931,22,5.576113390164405e-07,0.001218760965300252
128,932,21,5.322653690611478e-07,0.0012182033539612355
128,933,19,4.815734291505623e-07,0.0012176710885921744
128,934,29,7.350331287034897e-07,0.0012171895151630238
128,935,15,3.8018954932939123e-07,0.0012164544820343203
128,936,29,7.350331287034897e-07,0.0012160742924849908
128,937,31,7.857250686140753e-07,0.0012153392593562875
128,938,24,6.08303278927026e-07,0.0012145535342876733
128,939,26,6.589952188376115e-07,0.0012139452310087463
128,940,31,7.857250686140753e-07,0.0012132862357899087
128,941,29,7.350331287034897e-07,0.0012125005107212945
128,942,18,4.562274591952695e-07,0.0012117654775925912
128,943,28,7.09687158748197e-07,0.0012113092501333958
128,944,26,6.589952188376115e-07,0.0012105995629746477
128,945,30,7.603790986587825e-07,0.00120994056775581
128,946,25,6.336492488823187e-07,0.0012091801886571513
128,947,21,5.322653690611478e-07,0.001208546539408269
128,948,25,6.336492488823187e-07,0.0012080142740392079
128,949,26,6.589952188376115e-07,0.0012073806247903255
128,950,32,8.110710385693681e-07,0.0012067216295714878
128,951,27,6.843411887929042e-07,0.0012059105585329184
128,952,41,1.0391847681670029e-06,0.0012052262173441255
128,953,33,8.364170085246608e-07,0.0012041870325759586
128,954,23,5.829573089717332e-07,0.001203350615567434
128,955,28,7.09687158748197e-07,0.0012027676582584623
128,956,23,5.829573089717332e-07,0.001202057971099714
128,957,34,8.617629784799535e-07,0.0012014750137907422
128,958,24,6.08303278927026e-07,0.0012006132508122623
128,959,27,6.843411887929042e-07,0.0012000049475333352
128,960,32,8.110710385693681e-07,0.0011993206063445423
128,961,23,5.829573089717332e-07,0.001198509535305973
128,962,18,4.562274591952695e-07,0.0011979265779970014
128,963,27,6.843411887929042e-07,0.001197470350537806
128,964,39,9.884928282564172e-07,0.0011967860093490131
128,965,32,8.110710385693681e-07,0.0011957975165207567
128,966,32,8.110710385693681e-07,0.0011949864454821873
128,967,28,7.09687158748197e-07,0.0011941753744436178
128,968,27,6.843411887929042e-07,0.0011934656872848697
128,969,39,9.884928282564172e-07,0.0011927813460960769
128,970,29,7.350331287034897e-07,0.0011917928532678204
128,971,32,8.110710385693681e-07,0.001191057820139117
128,972,33,8.364170085246608e-07,0.0011902467491005475
128,973,26,6.589952188376115e-07,0.0011894103320920228
128,974,31,7.857250686140753e-07,0.0011887513368731852
128,975,39,9.884928282564172e-07,0.0011879656118045712
128,976,29,7.350331287034897e-07,0.0011869771189763148
128,977,35,8.871089484352463e-07,0.0011862420858476113
128,978,31,7.857250686140753e-07,0.0011853549768991761
128,979,45,1.1405686479881739e-06,0.001184569251830562
128,980,33,8.364170085246608e-07,0.001183428683182574
128,981,30,7.603790986587825e-07,0.001182592266174049
128,982,48,1.216606557854052e-06,0.0011818318870753903
128,983,38,9.631468583011245e-07,0.0011806152805175364
128,984,36,9.12454918390539e-07,0.0011796521336592352
128,985,40,1.01383879821171e-06,0.0011787396787408446
128,986,35,8.871089484352463e-07,0.001177725839942633
128,987,39,9.884928282564172e-07,0.0011768387309941976
128,988,40,1.01383879821171e-06,0.0011758502381659414
128,989,33,8.364170085246608e-07,0.0011748363993677295
128,990,42,1.0645307381222955e-06,0.0011739999823592048
128,991,36,9.12454918390539e-07,0.0011729354516210827
128,992,48,1.216606557854052e-06,0.0011720229967026922
128,993,48,1.216606557854052e-06,0.001170806390144838
128,994,32,8.110710385693681e-07,0.0011695897835869839
128,995,43,1.0898767080775884e-06,0.0011687787125484147
128,996,38,9.631468583011245e-07,0.001167688835840337
128,997,40,1.01383879821171e-06,0.0011667256889820359
128,998,43,1.0898767080775884e-06,0.0011657118501838242
128,999,35,8.871089484352463e-07,0.0011646219734757466
128,1000,44,1.115222678032881e-06,0.0011637348645273113
128,1001,40,1.01383879821171e-06,0.0011626196418492785
128,1002,51,1.2926444677199303e-06,0.0011616058030510668
128,1003,43,1.0898767080775884e-06,0.0011603131585833468
128,1004,44,1.115222678032881e-06,0.0011592232818752692
128,1005,39,9.884928282564172e-07,0.0011581080591972364
128,1006,48,1.216606557854052e-06,0.00115711956636898
128,1007,42,1.0645307381222955e-06,0.0011559029598111259
128,1008,53,1.3433364076305158e-06,0.0011548384290730035
128,1009,56,1.419374317496394e-06,0.001153495092665373
128,1010,47,1.1912605878987593e-06,0.0011520757183478766
128,1011,38,9.631468583011245e-07,0.001150884457759978
128,1012,62,1.5714501372281506e-06,0.0011499213109016767
128,1013,48,1.216606557854052e-06,0.0011483498607644485
128,1014,51,1.2926444677199303e-06,0.0011471332542065946
128,1015,38,9.631468583011245e-07,0.0011458406097388746
128,1016,50,1.2672984977646375e-06,0.0011448774628805736
128,1017,44,1.115222678032881e-06,0.001143610164382809
128,1018,46,1.1659146179434665e-06,0.001142494941704776
128,1019,56,1.419374317496394e-06,0.0011413290270868325
128,1020,56,1.419374317496394e-06,0.0011399096527693361
128,1021,64,1.6221420771387361e-06,0.0011384902784518397
128,1022,53,1.3433364076305158e-06,0.001136868136374701
128,1023,51,1.2926444677199303e-06,0.0011355247999670706
128,1024,49,1.2419525278093448e-06,0.0011342321554993506
128,1025,47,1.1912605878987593e-06,0.0011329902029715412
128,1026,49,1.2419525278093448e-06,0.0011317989423836425
128,1027,61,1.5461041672728578e-06,0.0011305569898558332
128,1028,46,1.1659146179434665e-06,0.0011290108856885602
128,1029,40,1.01383879821171e-06,0.0011278449710706167
128,1030,57,1.4447202874516868e-06,0.001126831132272405
128,1031,58,1.4700662574069794e-06,0.0011253864119849535
128,1032,51,1.2926444677199303e-06,0.0011239163457275464
128,1033,45,1.1405686479881739e-06,0.0011226237012598266
128,1034,56,1.419374317496394e-06,0.0011214831326118383
128,1035,48,1.216606557854052e-06,0.001120063758294342
128,1036,50,1.2672984977646375e-06,0.0011188471517364878
128,1037,59,1.4954122273622723e-06,0.0011175798532387232
128,1038,60,1.520758197317565e-06,0.001116084441011361
128,1039,46,1.1659146179434665e-06,0.0011145636828140434
128,1040,44,1.115222678032881e-06,0.0011133977681961
128,1041,65,1.6474880470940288e-06,0.0011122825455180672
128,1042,65,1.6474880470940288e-06,0.001110635057470973
128,1043,56,1.419374317496394e-06,0.001108987569423879
128,1044,51,1.2926444677199303e-06,0.0011075681951063826
128,1045,56,1.419374317496394e-06,0.0011062755506386626
128,1046,51,1.2926444677199303e-06,0.0011048561763211662
128,1047,68,1.723525956959907e-06,0.0011035635318534464
128,1048,54,1.3686823775858085e-06,0.0011018400058964864
128,1049,63,1.5967961071834433e-06,0.0011004713235189007
128,1050,50,1.2672984977646375e-06,0.0010988745274117173
128,1051,70,1.7742178968704926e-06,0.0010976072289139525
128,1052,62,1.5714501372281506e-06,0.001095833011017082
128,1053,70,1.7742178968704926e-06,0.0010942615608798539
128,1054,69,1.7488719269151997e-06,0.0010924873429829834
128,1055,54,1.3686823775858085e-06,0.0010907384710560682
128,1056,58,1.4700662574069794e-06,0.0010893697886784825
128,1057,74,1.8756017766916636e-06,0.0010878997224210755
128,1058,68,1.723525956959907e-06,0.0010860241206443837
128,1059,73,1.8502558067363707e-06,0.001084300594687424
128,1060,71,1.7995638668257852e-06,0.0010824503388806874
128,1061,65,1.6474880470940288e-06,0.0010806507750138617
128,1062,75,1.9009477466469562e-06,0.0010790032869667677
128,1063,65,1.6474880470940288e-06,0.0010771023392201207
128,1064,62,1.5714501372281506e-06,0.0010754548511730268
128,1065,57,1.4447202874516868e-06,0.0010738834010357986
128,1066,69,1.7488719269151997e-06,0.0010724386807483468
128,1067,66,1.6728340170493216e-06,0.0010706898088214316
128,1068,68,1.723525956959907e-06,0.0010690169748043823
128,1069,63,1.5967961071834433e-06,0.0010672934488474225
128,1070,68,1.723525956959907e-06,0.001065696652740239
128,1071,58,1.4700662574069794e-06,0.0010639731267832791
128,1072,78,1.9769856565128343e-06,0.001062503060525872
128,1073,61,1.5461041672728578e-06,0.0010605260748693592
128,1074,82,2.0783695363340057e-06,0.0010589799707020865
128,1075,73,1.8502558067363707e-06,0.0010569016011657524
128,1076,71,1.7995638668257852e-06,0.0010550513453590161
128,1077,61,1.5461041672728578e-06,0.0010532517814921902
128,1078,74,1.8756017766916636e-06,0.0010517056773249173
128,1079,74,1.8756017766916636e-06,0.0010498300755482257
128,1080,90,2.2811372959763477e-06,0.001047954473771534
128,1081,72,1.824909836781078e-06,0.0010456733364755577
128,1082,69,1.7488719269151997e-06,0.0010438484266387766
128,1083,73,1.8502558067363707e-06,0.0010420995547118614
128,1084,59,1.4954122273622723e-06,0.001040249298905125
128,1085,85,2.154407446199884e-06,0.0010387538866777628
128,1086,76,1.926293716602249e-06,0.0010365994792315629
128,1087,82,2.0783695363340057e-06,0.0010346731855149607
128,1088,66,1.6728340170493216e-06,0.0010325948159786266
128,1089,79,2.002331626468127e-06,0.0010309219819615773
128,1090,64,1.6221420771387361e-06,0.0010289196503351092
128,1091,91,2.30648326593164e-06,0.0010272975082579704
128,1092,80,2.02767759642342e-06,0.0010249910249920389
128,1093,67,1.6981799870046142e-06,0.0010229633473956153
128,1094,79,2.002331626468127e-06,0.0010212651674086108
128,1095,84,2.129061476244591e-06,0.0010192628357821427
128,1096,91,2.30648326593164e-06,0.001017133774305898
128,1097,74,1.8756017766916636e-06,0.0010148272910399665
128,1098,81,2.053023566378713e-06,0.0010129516892632747
128,1099,79,2.002331626468127e-06,0.0010108986656968961
128,1100,87,2.205099386110469e-06,0.001008896334070428
128,1101,100,2.534596995529275e-06,0.0010066912346843174
128,1102,66,1.6728340170493216e-06,0.0010041566376887882
128,1103,96,2.433213115708104e-06,0.001002483803671739
128,1104,73,1.8502558067363707e-06,0.0010000505905560307
128,1105,73,1.8502558067363707e-06,0.0009982003347492943
128,1106,89,2.255791326021055e-06,0.000996350078942558
128,1107,77,1.951639686557542e-06,0.000994094287616537
128,1108,79,2.002331626468127e-06,0.0009921426479299795
128,1109,92,2.331829235886933e-06,0.0009901403163035112
128,1110,91,2.30648326593164e-06,0.0009878084870676245
128,1111,92,2.331829235886933e-06,0.0009855020038016928
128,1112,87,2.205099386110469e-06,0.0009831701745658058
128,1113,64,1.6221420771387361e-06,0.0009809650751796952
128,1114,87,2.205099386110469e-06,0.0009793429331025566
128,1115,95,2.407867145752811e-06,0.000977137833716446
128,1116,89,2.255791326021055e-06,0.0009747299665706933
128,1117,88,2.230445356065762e-06,0.0009724741752446723
128,1118,105,2.6613268453057388e-06,0.0009702437298886065
128,1119,79,2.002331626468127e-06,0.0009675824030433007
128,1120,91,2.30648326593164e-06,0.0009655800714168326
128,1121,90,2.2811372959763477e-06,0.000963273588150901
128,1122,101,2.559942965484568e-06,0.0009609924508549246
128,1123,82,2.0783695363340057e-06,0.0009584325078894401
128,1124,97,2.458559085663397e-06,0.0009563541383531061
128,1125,102,2.5852889354398606e-06,0.0009538955792674427
128,1126,92,2.331829235886933e-06,0.0009513102903320028
128,1127,98,2.4839050556186897e-06,0.0009489784610961159
128,1128,86,2.1797534161551767e-06,0.0009464945560404972
128,1129,93,2.357175205842226e-06,0.000944314802624342
128,1130,111,2.8134026650374955e-06,0.0009419576274184997
128,1131,86,2.1797534161551767e-06,0.0009391442247534623
128,1132,99,2.509251025573982e-06,0.0009369644713373071
128,1133,98,2.4839050556186897e-06,0.0009344552203117331
128,1134,95,2.407867145752811e-06,0.0009319713152561145
128,1135,104,2.635980875350446e-06,0.0009295634481103616
128,1136,85,2.154407446199884e-06,0.0009269274672350112
128,1137,95,2.407867145752811e-06,0.0009247730597888113
128,1138,113,2.8640946049480807e-06,0.0009223651926430585
128,1139,92,2.331829235886933e-06,0.0009195010980381104
128,1140,104,2.635980875350446e-06,0.0009171692688022234
128,1141,93,2.357175205842226e-06,0.000914533287926873
128,1142,114,2.8894405749033736e-06,0.0009121761127210308
128,1143,96,2.433213115708104e-06,0.0009092866721461274
128,1144,95,2.407867145752811e-06,0.0009068534590304194
128,1145,117,2.9654784847692517e-06,0.0009044455918846665
128,1146,102,2.5852889354398606e-06,0.0009014801133998973
128,1147,98,2.4839050556186897e-06,0.0008988948244644574
128,1148,101,2.559942965484568e-06,0.0008964109194088387
128,1149,114,2.8894405749033736e-06,0.0008938509764433542
128,1150,90,2.2811372959763477e-06,0.0008909615358684508
128,1151,93,2.357175205842226e-06,0.0008886803985724744
128,1152,81,2.053023566378713e-06,0.0008863232233666322
128,1153,108,2.737364755171617e-06,0.0008842701998002535
128,1154,118,2.9908244547245446e-06,0.0008815328350450819
128,1155,92,2.331829235886933e-06,0.0008785420105903573
128,1156,117,2.9654784847692517e-06,0.0008762101813544704
128,1157,115,2.9147865448586664e-06,0.0008732447028697012
128,1158,94,2.3825211757975187e-06,0.0008703299163248425
128,1159,91,2.30648326593164e-06,0.000867947395149045
128,1160,112,2.838748634992788e-06,0.0008656409118831133
128,1161,113,2.8640946049480807e-06,0.0008628021632481205
128,1162,109,2.7627107251269098e-06,0.0008599380686431724
128,1163,94,2.3825211757975187e-06,0.0008571753579180455
128,1164,122,3.0922083345457156e-06,0.000854792836742248
128,1165,106,2.6866728152610316e-06,0.0008517006284077023
128,1166,109,2.7627107251269098e-06,0.0008490139555924412
128,1167,111,2.8134026650374955e-06,0.0008462512448673144
128,1168,113,2.8640946049480807e-06,0.0008434378422022768
128,1169,107,2.7120187852163245e-06,0.0008405737475973288
128,1170,111,2.8134026650374955e-06,0.0008378617288121124
128,1171,115,2.9147865448586664e-06,0.000835048326147075
128,1172,111,2.8134026650374955e-06,0.0008321335396022163
128,1173,111,2.8134026650374955e-06,0.0008293201369371788
128,1174,124,3.1429002744563013e-06,0.0008265067342721413
128,1175,112,2.838748634992788e-06,0.000823363833997685
128,1176,124,3.1429002744563013e-06,0.0008205250853626922
128,1177,114,2.8894405749033736e-06,0.0008173821850882359
128,1178,116,2.940132514813959e-06,0.0008144927445133325
128,1179,104,2.635980875350446e-06,0.0008115526119985186
128,1180,135,3.4217059439645213e-06,0.0008089166311231682
128,1181,112,2.838748634992788e-06,0.0008054949251792036
128,1182,107,2.7120187852163245e-06,0.0008026561765442108
128,1183,112,2.838748634992788e-06,0.0007999441577589945
128,1184,114,2.8894405749033736e-06,0.0007971054091240017
128,1185,86,2.1797534161551767e-06,0.0007942159685490984
128,1186,104,2.635980875350446e-06,0.0007920362151329431
128,1187,104,2.635980875350446e-06,0.0007894002342575927
128,1188,115,2.9147865448586664e-06,0.0007867642533822423
128,1189,101,2.559942965484568e-06,0.0007838494668373836
128,1190,111,2.8134026650374955e-06,0.000781289523871899
128,1191,113,2.8640946049480807e-06,0.0007784761212068616
128,1192,111,2.8134026650374955e-06,0.0007756120266019134
128,1193,106,2.6866728152610316e-06,0.000772798623936876
128,1194,112,2.838748634992788e-06,0.0007701119511216149
128,1195,109,2.7627107251269098e-06,0.0007672732024866222
128,1196,108,2.737364755171617e-06,0.0007645104917614953
128,1197,112,2.838748634992788e-06,0.0007617731270063236
128,1198,100,2.534596995529275e-06,0.0007589343783713309
128,1199,118,2.9908244547245446e-06,0.0007563997813758016
128,1200,121,3.0668623645904227e-06,0.000753408956921077
128,1201,118,2.9908244547245446e-06,0.0007503420945564865
128,1202,107,2.7120187852163245e-06,0.0007473512701017621
128,1203,124,3.1429002744563013e-06,0.0007446392513165458
128,1204,120,3.04151639463513e-06,0.0007414963510420894
128,1205,113,2.8640946049480807e-06,0.0007384548346474543
128,1206,149,3.77654952333862e-06,0.0007355907400425062
128,1207,107,2.7120187852163245e-06,0.0007318141905191676
128,1208,122,3.0922083345457156e-06,0.0007291021717339513
128,1209,127,3.2189381843221794e-06,0.0007260099633994055
128,1210,128,3.2442841542774722e-06,0.0007227910252150834
128,1211,122,3.0922083345457156e-06,0.0007195467410608059
128,1212,124,3.1429002744563013e-06,0.0007164545327262602
128,1213,118,2.9908244547245446e-06,0.0007133116324518039
128,1214,121,3.0668623645904227e-06,0.0007103208079970794
128,1215,117,2.9654784847692517e-06,0.0007072539456324889
128,1216,130,3.2949760941880575e-06,0.0007042884671477197
128,1217,125,3.1682462444115937e-06,0.0007009934910535316
128,1218,111,2.8134026650374955e-06,0.00069782524480912
128,1219,109,2.7627107251269098e-06,0.0006950118421440825
128,1220,125,3.1682462444115937e-06,0.0006922491314189556
128,1221,116,2.940132514813959e-06,0.000689080885174544
128,1222,125,3.1682462444115937e-06,0.00068614075265973
128,1223,110,2.7880566950822026e-06,0.0006829725064153184
128,1224,125,3.1682462444115937e-06,0.0006801844497202362
128,1225,118,2.9908244547245446e-06,0.0006770162034758246
128,1226,128,3.2442841542774722e-06,0.0006740253790211001
128,1227,130,3.2949760941880575e-06,0.0006707810948668227
128,1228,127,3.2189381843221794e-06,0.0006674861187726345
128,1229,126,3.1935922143668865e-06,0.0006642671805883124
128,1230,113,2.8640946049480807e-06,0.0006610735883739456
128,1231,116,2.940132514813959e-06,0.0006582094937689975
128,1232,108,2.737364755171617e-06,0.0006552693612541835
128,1233,140,3.548435793740985e-06,0.0006525319964990118
128,1234,128,3.2442841542774722e-06,0.0006489835607052708
128,1235,109,2.7627107251269098e-06,0.0006457392765509934
128,1236,125,3.1682462444115937e-06,0.0006429765658258665
128,1237,127,3.2189381843221794e-06,0.0006398083195814549
128,1238,113,2.8640946049480807e-06,0.0006365893813971327
128,1239,125,3.1682462444115937e-06,0.0006337252867921846
128,1240,124,3.1429002744563013e-06,0.000630557040547773
128,1241,118,2.9908244547245446e-06,0.0006274141402733168
128,1242,125,3.1682462444115937e-06,0.0006244233158185922
128,1243,126,3.1935922143668865e-06,0.0006212550695741806
128,1244,112,2.838748634992788e-06,0.0006180614773598137
128,1245,123,3.1175543045010084e-06,0.000615222728724821
128,1246,117,2.9654784847692517e-06,0.0006121051744203199
128,1247,109,2.7627107251269098e-06,0.0006091396959355507
128,1248,125,3.1682462444115937e-06,0.0006063769852104237
128,1249,130,3.2949760941880575e-06,0.0006032087389660121
128,1250,137,3.4723978838751066e-06,0.0005999137628718241
128,1251,117,2.9654784847692517e-06,0.000596441364987949
128,1252,147,3.7258575834280343e-06,0.0005934758865031798
128,1253,140,3.548435793740985e-06,0.0005897500289197517
128,1254,122,3.0922083345457156e-06,0.0005862015931260107
128,1255,135,3.4217059439645213e-06,0.000583109384791465
128,1256,97,2.458559085663397e-06,0.0005796876788475005
128,1257,118,2.9908244547245446e-06,0.0005772291197618371
128,1258,96,2.433213115708104e-06,0.0005742382953071126
128,1259,114,2.8894405749033736e-06,0.0005718050821914045
128,1260,104,2.635980875350446e-06,0.0005689156416165011
128,1261,121,3.0668623645904227e-06,0.0005662796607411506
128,1262,121,3.0668623645904227e-06,0.0005632127983765602
128,1263,127,3.2189381843221794e-06,0.0005601459360119698
128,1264,131,3.3203220641433504e-06,0.0005569269978276476
128,1265,127,3.2189381843221794e-06,0.0005536066757635043
128,1266,111,2.8134026650374955e-06,0.000550387737579182
128,1267,116,2.940132514813959e-06,0.0005475743349141446
128,1268,112,2.838748634992788e-06,0.0005446342023993306
128,1269,126,3.1935922143668865e-06,0.0005417954537643378
128,1270,144,3.649819673562156e-06,0.000538601861549971
128,1271,118,2.9908244547245446e-06,0.0005349520418764088
128,1272,118,2.9908244547245446e-06,0.0005319612174216842
128,1273,122,3.0922083345457156e-06,0.0005289703929669597
128,1274,114,2.8894405749033736e-06,0.000525878184632414
128,1275,104,2.635980875350446e-06,0.0005229887440575106
128,1276,138,3.4977438538303995e-06,0.0005203527631821601
128,1277,126,3.1935922143668865e-06,0.0005168550193283297
128,1278,110,2.7880566950822026e-06,0.0005136614271139629
128,1279,144,3.649819673562156e-06,0.0005108733704188807
128,1280,120,3.04151639463513e-06,0.0005072235507453185
128,1281,131,3.3203220641433504e-06,0.0005041820343506834
128,1282,138,3.4977438538303995e-06,0.0005008617122865401
128,1283,136,3.447051913919814e-06,0.0004973639684327097
128,1284,106,2.6866728152610316e-06,0.0004939169165187898
128,1285,115,2.9147865448586664e-06,0.0004912302437035288
128,1286,109,2.7627107251269098e-06,0.0004883154571586701
128,1287,123,3.1175543045010084e-06,0.0004855527464335432
128,1288,137,3.4723978838751066e-06,0.0004824351921290422
128,1289,124,3.1429002744563013e-06,0.0004789627942451671
128,1290,127,3.2189381843221794e-06,0.0004758198939707108
128,1291,129,3.2696301242327647e-06,0.0004726009557863886
128,1292,134,3.3963599740092285e-06,0.00046933132566215585
128,1293,121,3.0668623645904227e-06,0.0004659349656881466
128,1294,118,2.9908244547245446e-06,0.0004628681033235562
128,1295,126,3.1935922143668865e-06,0.00045987727886883165
128,1296,128,3.2442841542774722e-06,0.0004566836866544648
128,1297,122,3.0922083345457156e-06,0.0004534394025001873
128,1298,125,3.1682462444115937e-06,0.0004503471941656416
128,1299,116,2.940132514813959e-06,0.00044717894792123
128,1300,119,3.0161704246798374e-06,0.00044423881540641606
128,1301,135,3.4217059439645213e-06,0.0004412226449817362
128,1302,134,3.3963599740092285e-06,0.00043780093903777166
128,1303,119,3.0161704246798374e-06,0.00043440457906376243
128,1304,138,3.4977438538303995e-06,0.00043138840863908264
128,1305,110,2.7880566950822026e-06,0.00042789066478525224
128,1306,142,3.5991277336515705e-06,0.00042510260809017
128,1307,113,2.8640946049480807e-06,0.00042150348035651844
128,1308,133,3.3710140040539356e-06,0.00041863938575157034
128,1309,119,3.0161704246798374e-06,0.00041526837174751645
128,1310,139,3.5230898237856923e-06,0.0004122522013228366
128,1311,95,2.407867145752811e-06,0.0004087291114990509
128,1312,139,3.5230898237856923e-06,0.0004063212443532981
128,1313,107,2.7120187852163245e-06,0.0004027981545295124
128,1314,123,3.1175543045010084e-06,0.0004000861357442961
128,1315,147,3.7258575834280343e-06,0.00039696858143979506
128,1316,100,2.534596995529275e-06,0.000393242723856367
128,1317,119,3.0161704246798374e-06,0.0003907081268608377
128,1318,117,2.9654784847692517e-06,0.00038769195643615793
128,1319,108,2.737364755171617e-06,0.00038472647795138865
128,1320,125,3.1682462444115937e-06,0.00038198911319621705
128,1321,140,3.548435793740985e-06,0.00037882086695180547
128,1322,146,3.7005116134727414e-06,0.00037527243115806445
128,1323,118,2.9908244547245446e-06,0.00037157191954459174
128,1324,113,2.8640946049480807e-06,0.0003685810950898672
128,1325,110,2.7880566950822026e-06,0.0003657170004849191
128,1326,107,2.7120187852163245e-06,0.0003629289437898369
128,1327,123,3.1175543045010084e-06,0.0003602169250046206
128,1328,136,3.447051913919814e-06,0.00035709937070011957
128,1329,120,3.04151639463513e-06,0.00035365231878619973
128,1330,95,2.407867145752811e-06,0.0003506108023915646
128,1331,115,2.9147865448586664e-06,0.0003482029352458118
128,1332,102,2.5852889354398606e-06,0.00034528814870095315
128,1333,111,2.8134026650374955e-06,0.0003427028597655133
128,1334,102,2.5852889354398606e-06,0.0003398894571004758
128,1335,109,2.7627107251269098e-06,0.0003373041681650359
128,1336,105,2.6613268453057388e-06,0.000334541457439909
128,1337,95,2.407867145752811e-06,0.0003318801305946033
128,1338,122,3.0922083345457156e-06,0.00032947226344885044
128,1339,94,2.3825211757975187e-06,0.00032638005511430475
128,1340,122,3.0922083345457156e-06,0.00032399753393850725
128,1341,94,2.3825211757975187e-06,0.0003209053256039615
128,1342,125,3.1682462444115937e-06,0.000318522804428164
128,1343,114,2.8894405749033736e-06,0.0003153545581837524
128,1344,101,2.559942965484568e-06,0.00031246511760884904
128,1345,116,2.940132514813959e-06,0.00030990517464336446
128,1346,100,2.534596995529275e-06,0.0003069650421285505
128,1347,99,2.509251025573982e-06,0.0003044304451330212
128,1348,95,2.407867145752811e-06,0.00030192119410744726
128,1349,120,3.04151639463513e-06,0.00029951332696169443
128,1350,85,2.154407446199884e-06,0.0002964718105670593
128,1351,98,2.4839050556186897e-06,0.00029431740312085944
128,1352,99,2.509251025573982e-06,0.0002918334980652407
128,1353,105,2.6613268453057388e-06,0.00028932424703966676
128,1354,99,2.509251025573982e-06,0.000286662920194361
128,1355,109,2.7627107251269098e-06,0.00028415366916878705
128,1356,116,2.940132514813959e-06,0.0002813909584436601
128,1357,112,2.838748634992788e-06,0.00027845082592884617
128,1358,109,2.7627107251269098e-06,0.0002756120772938534
128,1359,99,2.509251025573982e-06,0.00027284936656872647
128,1360,96,2.433213115708104e-06,0.00027034011554315246
128,1361,103,2.6106349053951535e-06,0.0002679069024274444
128,1362,95,2.407867145752811e-06,0.0002652962675220492
128,1363,119,3.0161704246798374e-06,0.00026288840037629643
128,1364,104,2.635980875350446e-06,0.0002598722299516166
128,1365,98,2.4839050556186897e-06,0.0002572362490762661
128,1366,110,2.7880566950822026e-06,0.00025475234402064744
128,1367,96,2.433213115708104e-06,0.0002519642873255652
128,1368,113,2.8640946049480807e-06,0.0002495310742098571
128,1369,102,2.5852889354398606e-06,0.00024666697960490906
128,1370,91,2.30648326593164e-06,0.00024408169066946918
128,1371,93,2.357175205842226e-06,0.00024177520740353755
128,1372,104,2.635980875350446e-06,0.00023941803219769533
128,1373,95,2.407867145752811e-06,0.00023678205132234486
128,1374,95,2.407867145752811e-06,0.00023437418417659206
128,1375,98,2.4839050556186897e-06,0.00023196631703083925
128,1376,86,2.1797534161551767e-06,0.00022948241197522058
128,1377,94,2.3825211757975187e-06,0.00022730265855906538
128,1378,103,2.6106349053951535e-06,0.00022492013738326786
128,1379,95,2.407867145752811e-06,0.00022230950247787272
128,1380,118,2.9908244547245446e-06,0.00021990163533211992
128,1381,78,1.9769856565128343e-06,0.00021691081087739535
128,1382,95,2.407867145752811e-06,0.00021493382522088254
128,1383,98,2.4839050556186897e-06,0.0002125259580751297
128,1384,76,1.926293716602249e-06,0.00021004205301951103
128,1385,98,2.4839050556186897e-06,0.00020811575930290878
128,1386,87,2.205099386110469e-06,0.00020563185424729008
128,1387,99,2.509251025573982e-06,0.00020342675486117963
128,1388,94,2.3825211757975187e-06,0.00020091750383560564
128,1389,89,2.255791326021055e-06,0.00019853498265980812
128,1390,81,2.053023566378713e-06,0.00019627919133378705
128,1391,111,2.8134026650374955e-06,0.00019422616776740834
128,1392,78,1.9769856565128343e-06,0.00019141276510237085
128,1393,62,1.5714501372281506e-06,0.00018943577944585801
128,1394,90,2.2811372959763477e-06,0.00018786432930862986
128,1395,84,2.129061476244591e-06,0.00018558319201265351
128,1396,97,2.458559085663397e-06,0.00018345413053640893
128,1397,86,2.1797534161551767e-06,0.00018099557145074554
128,1398,77,1.951639686557542e-06,0.00017881581803459034
128,1399,86,2.1797534161551767e-06,0.00017686417834803281
128,1400,85,2.154407446199884e-06,0.00017468442493187765
128,1401,79,2.002331626468127e-06,0.00017253001748567776
128,1402,92,2.331829235886933e-06,0.00017052768585920964
128,1403,89,2.255791326021055e-06,0.0001681958566233227
128,1404,83,2.103715506289298e-06,0.00016594006529730164
128,1405,82,2.0783695363340057e-06,0.00016383634979101234
128,1406,83,2.103715506289298e-06,0.00016175798025467832
128,1407,82,2.0783695363340057e-06,0.00015965426474838902
128,1408,86,2.1797534161551767e-06,0.00015757589521205503
128,1409,73,1.8502558067363707e-06,0.00015539614179589987
128,1410,87,2.205099386110469e-06,0.00015354588598916349
128,1411,73,1.8502558067363707e-06,0.000151340786603053
128,1412,66,1.6728340170493216e-06,0.00014949053079631663
128,1413,67,1.6981799870046142e-06,0.00014781769677926732
128,1414,78,1.9769856565128343e-06,0.0001461195167922627
128,1415,62,1.5714501372281506e-06,0.00014414253113574987
128,1416,78,1.9769856565128343e-06,0.00014257108099852172
128,1417,76,1.926293716602249e-06,0.00014059409534200888
128,1418,54,1.3686823775858085e-06,0.00013866780162540663
128,1419,61,1.5461041672728578e-06,0.00013729911924782083
128,1420,79,2.002331626468127e-06,0.00013575301508054796
128,1421,80,2.02767759642342e-06,0.00013375068345407984
128,1422,72,1.824909836781078e-06,0.0001317230058576564
128,1423,62,1.5714501372281506e-06,0.00012989809602087534
128,1424,62,1.5714501372281506e-06,0.0001283266458836472
128,1425,79,2.002331626468127e-06,0.00012675519574641904
128,1426,66,1.6728340170493216e-06,0.00012475286411995092
128,1427,67,1.6981799870046142e-06,0.00012308003010290158
128,1428,68,1.723525956959907e-06,0.00012138185011589698
128,1429,79,2.002331626468127e-06,0.00011965832415893708
128,1430,55,1.3940283475411013e-06,0.00011765599253246894
128,1431,62,1.5714501372281506e-06,0.00011626196418492785
128,1432,65,1.6474880470940288e-06,0.0001146905140476997
128,1433,61,1.5461041672728578e-06,0.00011304302600060566
128,1434,60,1.520758197317565e-06,0.0001114969218333328
128,1435,73,1.8502558067363707e-06,0.00010997616363601524
128,1436,52,1.317990437675223e-06,0.00010812590782927887
128,1437,79,2.002331626468127e-06,0.00010680791739160365
128,1438,67,1.6981799870046142e-06,0.00010480558576513552
128,1439,66,1.6728340170493216e-06,0.0001031074057781309
128,1440,54,1.3686823775858085e-06,0.00010143457176108159
128,1441,47,1.1912605878987593e-06,0.00010006588938349578
128,1442,58,1.4700662574069794e-06,9.887462879559701e-05
128,1443,71,1.7995638668257852e-06,9.740456253819004e-05
128,1444,67,1.6981799870046142e-06,9.560499867136426e-05
128,1445,68,1.723525956959907e-06,9.390681868435964e-05
128,1446,60,1.520758197317565e-06,9.218329272739973e-05
128,1447,56,1.419374317496394e-06,9.066253453008216e-05
128,1448,64,1.6221420771387361e-06,8.924316021258578e-05
128,1449,71,1.7995638668257852e-06,8.762101813544704e-05
128,1450,58,1.4700662574069794e-06,8.582145426862126e-05
128,1451,52,1.317990437675223e-06,8.435138801121427e-05
128,1452,51,1.2926444677199303e-06,8.303339757353905e-05
128,1453,48,1.216606557854052e-06,8.174075310581912e-05
128,1454,42,1.0645307381222955e-06,8.052414654796506e-05
128,1455,49,1.2419525278093448e-06,7.945961580984277e-05
128,1456,42,1.0645307381222955e-06,7.821766328203342e-05
128,1457,61,1.5461041672728578e-06,7.715313254391113e-05
128,1458,57,1.4447202874516868e-06,7.560702837663827e-05
128,1459,44,1.115222678032881e-06,7.41623080891866e-05
128,1460,60,1.520758197317565e-06,7.30470854111537e-05
128,1461,38,9.631468583011245e-07,7.152632721383614e-05
128,1462,41,1.0391847681670029e-06,7.056318035553501e-05
128,1463,39,9.884928282564172e-07,6.952399558736802e-05
128,1464,50,1.2672984977646375e-06,6.85355027591116e-05
128,1465,42,1.0645307381222955e-06,6.726820426134697e-05
128,1466,48,1.216606557854052e-06,6.620367352322466e-05
128,1467,55,1.3940283475411013e-06,6.49870669653706e-05
128,1468,32,8.110710385693681e-07,6.359303861782951e-05
128,1469,43,1.0898767080775884e-06,6.278196757926014e-05
128,1470,35,8.871089484352463e-07,6.169209087118256e-05
128,1471,47,1.1912605878987593e-06,6.080498192274731e-05
128,1472,43,1.0898767080775884e-06,5.961372133484855e-05
128,1473,34,8.617629784799535e-07,5.852384462677096e-05
128,1474,43,1.0898767080775884e-06,5.7662081648291004e-05
128,1475,39,9.884928282564172e-07,5.657220494021342e-05
128,1476,51,1.2926444677199303e-06,5.5583712111957e-05
128,1477,33,8.364170085246608e-07,5.4291067644237074e-05
128,1478,40,1.01383879821171e-06,5.345465063571241e-05
128,1479,42,1.0645307381222955e-06,5.24408118375007e-05
128,1480,40,1.01383879821171e-06,5.1376281099378404e-05
128,1481,35,8.871089484352463e-07,5.03624423011667e-05
128,1482,30,7.603790986587825e-07,4.947533335273145e-05
128,1483,28,7.09687158748197e-07,4.871495425407267e-05
128,1484,35,8.871089484352463e-07,4.800526709532447e-05
128,1485,46,1.1659146179434665e-06,4.7118158146889226e-05
128,1486,41,1.0391847681670029e-06,4.595224352894576e-05
128,1487,26,6.589952188376115e-07,4.4913058760778756e-05
128,1488,33,8.364170085246608e-07,4.4254063541941145e-05
128,1489,29,7.350331287034897e-07,4.341764653341648e-05
128,1490,37,9.378008883458318e-07,4.268261340471299e-05
128,1491,32,8.110710385693681e-07,4.174481251636716e-05
128,1492,29,7.350331287034897e-07,4.093374147779779e-05
128,1493,26,6.589952188376115e-07,4.01987083490943e-05
128,1494,43,1.0898767080775884e-06,3.953971313025669e-05
128,1495,26,6.589952188376115e-07,3.84498364221791e-05
128,1496,22,5.576113390164405e-07,3.779084120334149e-05
128,1497,32,8.110710385693681e-07,3.723322986432505e-05
128,1498,24,6.08303278927026e-07,3.642215882575568e-05
128,1499,32,8.110710385693681e-07,3.581385554682866e-05
128,1500,29,7.350331287034897e-07,3.500278450825929e-05
128,1501,31,7.857250686140753e-07,3.42677513795558e-05
128,1502,24,6.08303278927026e-07,3.348202631094172e-05
128,1503,31,7.857250686140753e-07,3.2873723032014694e-05
128,1504,25,6.336492488823187e-07,3.2087997963400624e-05
128,1505,27,6.843411887929042e-07,3.14543487145183e-05
128,1506,21,5.322653690611478e-07,3.0770007525725396e-05
128,1507,32,8.110710385693681e-07,3.023774215666425e-05
128,1508,28,7.09687158748197e-07,2.9426671118094883e-05
128,1509,30,7.603790986587825e-07,2.8716983959346687e-05
128,1510,22,5.576113390164405e-07,2.7956604860687905e-05
128,1511,25,6.336492488823187e-07,2.7398993521671462e-05
128,1512,19,4.815734291505623e-07,2.6765344272789146e-05
128,1513,18,4.562274591952695e-07,2.6283770843638583e-05
128,1514,24,6.08303278927026e-07,2.5827543384443312e-05
128,1515,18,4.562274591952695e-07,2.5219240105516287e-05
128,1516,22,5.576113390164405e-07,2.4763012646321016e-05
128,1517,32,8.110710385693681e-07,2.4205401307304576e-05
128,1518,23,5.829573089717332e-07,2.339433026873521e-05
128,1519,18,4.562274591952695e-07,2.2811372959763475e-05
128,1520,14,3.548435793740985e-07,2.2355145500568207e-05
128,1521,20,5.06919399105855e-07,2.2000301921194107e-05
128,1522,22,5.576113390164405e-07,2.1493382522088253e-05
128,1523,15,3.8018954932939123e-07,2.093577118307181e-05
128,1524,22,5.576113390164405e-07,2.055558163374242e-05
128,1525,15,3.8018954932939123e-07,1.999797029472598e-05
128,1526,13,3.2949760941880574e-07,1.961778074539659e-05
128,1527,14,3.548435793740985e-07,1.9288283135977783e-05
128,1528,25,6.336492488823187e-07,1.8933439556603684e-05
128,1529,20,5.06919399105855e-07,1.8299790307721367e-05
128,1530,18,4.562274591952695e-07,1.779287090861551e-05
128,1531,18,4.562274591952695e-07,1.7336643449420242e-05
128,1532,13,3.2949760941880574e-07,1.688041599022497e-05
128,1533,12,3.04151639463513e-07,1.6550918380806166e-05
128,1534,18,4.562274591952695e-07,1.624676674134265e-05
128,1535,16,4.0553551928468403e-07,1.5790539282147384e-05
128,1536,22,5.576113390164405e-07,1.5385003762862698e-05
128,1537,13,3.2949760941880574e-07,1.4827392423846259e-05
128,1538,15,3.8018954932939123e-07,1.4497894814427453e-05
128,1539,21,5.322653690611478e-07,1.4117705265098062e-05
128,1540,10,2.534596995529275e-07,1.3585439896036914e-05
128,1541,14,3.548435793740985e-07,1.3331980196483987e-05
128,1542,13,3.2949760941880574e-07,1.2977136617109889e-05
128,1543,16,4.0553551928468403e-07,1.2647639007691082e-05
128,1544,16,4.0553551928468403e-07,1.2242103488406398e-05
128,1545,16,4.0553551928468403e-07,1.1836567969121714e-05
128,1546,11,2.7880566950822025e-07,1.143103244983703e-05
128,1547,15,3.8018954932939123e-07,1.115222678032881e-05
128,1548,14,3.548435793740985e-07,1.077203723099942e-05
128,1549,13,3.2949760941880574e-07,1.0417193651625321e-05
128,1550,13,3.2949760941880574e-07,1.0087696042206514e-05
128,1551,9,2.2811372959763476e-07,9.758198432787709e-06
128,1552,8,2.0276775964234201e-07,9.530084703190075e-06
128,1553,5,1.2672984977646375e-07,9.327316943547732e-06
128,1554,6,1.520758197317565e-07,9.200587093771268e-06
128,1555,12,3.04151639463513e-07,9.048511274039512e-06
128,1556,12,3.04151639463513e-07,8.744359634576e-06
128,1557,11,2.7880566950822025e-07,8.440207995112486e-06
128,1558,10,2.534596995529275e-07,8.161402325604266e-06
128,1559,10,2.534596995529275e-07,7.907942626051337e-06
128,1560,7,1.7742178968704924e-07,7.65448292649841e-06
128,1561,6,1.520758197317565e-07,7.4770611368113614e-06
128,1562,11,2.7880566950822025e-07,7.324985317079605e-06
128,1563,6,1.520758197317565e-07,7.046179647571385e-06
128,1564,11,2.7880566950822025e-07,6.894103827839628e-06
128,1565,3,7.603790986587825e-08,6.615298158331408e-06
128,1566,7,1.7742178968704924e-07,6.539260248465529e-06
128,1567,5,1.2672984977646375e-07,6.36183845877848e-06
128,1568,10,2.534596995529275e-07,6.235108609002017e-06
128,1569,12,3.04151639463513e-07,5.981648909449089e-06
128,1570,8,2.0276775964234201e-07,5.677497269985576e-06
128,1571,8,2.0276775964234201e-07,5.474729510343234e-06
128,1572,6,1.520758197317565e-07,5.271961750700892e-06
128,1573,7,1.7742178968704924e-07,5.119885930969136e-06
128,1574,6,1.520758197317565e-07,4.9424641412820865e-06
128,1575,3,7.603790986587825e-08,4.79038832155033e-06
128,1576,5,1.2672984977646375e-07,4.714350411684452e-06
128,1577,7,1.7742178968704924e-07,4.587620561907988e-06
128,1578,7,1.7742178968704924e-07,4.410198772220938e-06
128,1579,8,2.0276775964234201e-07,4.232776982533889e-06
128,1580,5,1.2672984977646375e-07,4.030009222891547e-06
128,1581,3,7.603790986587825e-08,3.903279373115084e-06
128,1582,5,1.2672984977646375e-07,3.827241463249205e-06
128,1583,5,1.2672984977646375e-07,3.7005116134727414e-06
128,1584,5,1.2672984977646375e-07,3.573781763696278e-06
128,1585,2,5.0691939910585504e-08,3.447051913919814e-06
128,1586,3,7.603790986587825e-08,3.3963599740092285e-06
128,1587,8,2.0276775964234201e-07,3.3203220641433504e-06
128,1588,4,1.0138387982117101e-07,3.1175543045010084e-06
128,1589,3,7.603790986587825e-08,3.0161704246798374e-06
128,1590,3,7.603790986587825e-08,2.940132514813959e-06
128,1591,5,1.2672984977646375e-07,2.8640946049480807e-06
128,1592,4,1.0138387982117101e-07,2.737364755171617e-06
128,1593,4,1.0138387982117101e-07,2.635980875350446e-06
128,1594,4,1.0138387982117101e-07,2.534596995529275e-06
128,1595,2,5.0691939910585504e-08,2.433213115708104e-06
128,1596,4,1.0138387982117101e-07,2.3825211757975187e-06
128,1597,3,7.603790986587825e-08,2.2811372959763477e-06
128,1598,7,1.7742178968704924e-07,2.205099386110469e-06
128,1599,2,5.0691939910585504e-08,2.02767759642342e-06
128,1600,4,1.0138387982117101e-07,1.9769856565128343e-06
128,1601,1,2.5345969955292752e-08,1.8756017766916636e-06
128,1602,2,5.0691939910585504e-08,1.8502558067363707e-06
128,1603,3,7.603790986587825e-08,1.7995638668257852e-06
128,1604,5,1.2672984977646375e-07,1.723525956959907e-06
128,1605,3,7.603790986587825e-08,1.5967961071834433e-06
128,1606,4,1.0138387982117101e-07,1.520758197317565e-06
128,1607,4,1.0138387982117101e-07,1.419374317496394e-06
128,1608,2,5.0691939910585504e-08,1.317990437675223e-06
128,1609,3,7.603790986587825e-08,1.2672984977646375e-06
128,1610,2,5.0691939910585504e-08,1.1912605878987593e-06
128,1611,5,1.2672984977646375e-07,1.1405686479881739e-06
128,1612,2,5.0691939910585504e-08,1.01383879821171e-06
128,1613,2,5.0691939910585504e-08,9.631468583011245e-07
128,1614,2,5.0691939910585504e-08,9.12454918390539e-07
128,1615,1,2.5345969955292752e-08,8.617629784799535e-07
128,1616,1,2.5345969955292752e-08,8.364170085246608e-07
128,1618,1,2.5345969955292752e-08,8.110710385693681e-07
128,1619,1,2.5345969955292752e-08,7.857250686140753e-07
128,1620,1,2.5345969955292752e-08,7.603790986587825e-07
128,1621,1,2.5345969955292752e-08,7.350331287034897e-07
128,1622,1,2.5345969955292752e-08,7.09687158748197e-07
128,1623,2,5.0691939910585504e-08,6.843411887929042e-07
128,1624,3,7.603790986587825e-08,6.336492488823187e-07
128,1625,1,2.5345969955292752e-08,5.576113390164405e-07
128,1629,1,2.5345969955292752e-08,5.322653690611478e-07
128,1630,1,2.5345969955292752e-08,5.06919399105855e-07
128,1631,1,2.5345969955292752e-08,4.815734291505623e-07
128,1633,4,1.0138387982117101e-07,4.562274591952695e-07
128,1635,1,2.5345969955292752e-08,3.548435793740985e-07
128,1636,1,2.5345969955292752e-08,3.2949760941880574e-07
128,1638,1,2.5345969955292752e-08,3.04151639463513e-07
128,1639,1,2.5345969955292752e-08,2.7880566950822025e-07
128,1640,1,2.5345969955292752e-08,2.534596995529275e-07
128,1650,1,2.5345969955292752e-08,2.2811372959763476e-07
128,1651,1,2.5345969955292752e-08,2.0276775964234201e-07
128,1653,1,2.5345969955292752e-08,1.7742178968704924e-07
128,1655,1,2.5345969955292752e-08,1.520758197317565e-07
128,1660,3,7.603790986587825e-08,1.2672984977646375e-07
128,1662,2,5.0691939910585504e-08,5.0691939910585504e-08
512,1,36737434,0.9204895542444749,1.0
512,2,2114533,0.05298153209625996,0.07951044575552516
512,3,477976,0.011976119921156091,0.026528913659265185
512,4,192636,0.004826668780716657,0.014552793738109096
512,5,99310,0.002488301649810893,0.009726124957392439
512,6,59267,0.001484988157077255,0.007237823307581545
512,7,38859,0.0009736473045010724,0.00575283515050429
512,8,26579,0.0006659608251970972,0.004779187846003218
512,9,19525,0.0004892164909128757,0.00411322702080612
512,10,14589,0.00036554055753792287,0.0036240105298932447
512,11,11342,0.0002841840430183783,0.003258469972355322
512,12,9233,0.0002313411452291207,0.0029742859293369435
512,13,7252,0.00018170540292446478,0.002742944784107823
512,14,5912,0.00014813049394504077,0.002561239381183358
512,15,4963,0.00012435244273498603,0.0024131088872383173
512,16,4215,0.00010561062787184488,0.0022887564445033316
512,17,3552,8.899856469769703e-05,0.0021831458166314864
512,18,3075,7.704689933711103e-05,0.0020941472519337896
512,19,2691,6.742543288330594e-05,0.0020171003525966784
512,20,2292,5.7428127896149095e-05,0.0019496749197133725
512,21,2014,5.046258707802979e-05,0.0018922467918172233
512,22,1760,4.4098387913273304e-05,0.0018417842047391937
512,23,1529,3.8310474499656185e-05,0.0017976858168259203
512,24,1324,3.317401454384878e-05,0.0017593753423262642
512,25,1197,2.9991914961470536e-05,0.0017262013277824153
512,26,1155,2.8939567068085606e-05,0.001696209412820945
512,27,975,2.4429504667864474e-05,0.0016672698457528591
512,28,886,2.2199529369977357e-05,0.0016428403410849947
512,29,805,2.0170001289877847e-05,0.0016206408117150175
512,30,790,1.9794162756526085e-05,0.0016004708104251394
512,31,683,1.7113181218616854e-05,0.0015806766476686134
512,32,625,1.5659938889656712e-05,0.0015635634664499965
512,33,603,1.5108709040740797e-05,0.0015479035275603398
512,34,565,1.415658475624967e-05,0.001532794818519599
512,35,521,1.3054125058417836e-05,0.0015186382337633495
512,36,465,1.1650994533904595e-05,0.0015055841087049315
512,37,464,1.1625938631681143e-05,0.001493933114171027
512,38,427,1.0698870249413466e-05,0.0014823071755393458
512,39,357,8.944957093771915e-06,0.0014716083052899323
512,40,338,8.46889495152635e-06,0.0014626633481961604
512,41,346,8.669342169313956e-06,0.0014541944532446341
512,42,306,7.667106080375927e-06,0.0014455251110753202
512,43,289,7.241155742577264e-06,0.0014378580049949443
512,44,281,7.0407085247896585e-06,0.001430616849252367
512,45,266,6.664869991437897e-06,0.0014235761407275773
512,46,240,6.013416533628178e-06,0.0014169112707361393
512,47,246,6.163751946968882e-06,0.0014108978542025112
512,48,208,5.2116276624777545e-06,0.0014047341022555423
512,49,231,5.7879134136171215e-06,0.0013995224745930645
512,50,196,4.910956835796345e-06,0.0013937345611794475
512,51,174,4.359726986880429e-06,0.001388823604343651
512,52,170,4.259503377986626e-06,0.0013844638773567706
512,53,166,4.159279769092823e-06,0.001380204373978784
512,54,174,4.359726986880429e-06,0.0013760450942096913
512,55,170,4.259503377986626e-06,0.0013716853672228108
512,56,138,3.457714506836202e-06,0.0013674258638448243
512,57,160,4.008944355752119e-06,0.001363968149337988
512,58,140,3.5078263112831038e-06,0.0013599592049822358
512,59,126,3.1570436801547932e-06,0.0013564513786709527
512,60,112,2.806261049026483e-06,0.001353294334990798
512,61,119,2.9816523645906384e-06,0.0013504880739417715
512,62,112,2.806261049026483e-06,0.0013475064215771808
512,63,104,2.6058138312388773e-06,0.0013447001605281545
512,64,98,2.4554784178981726e-06,0.0013420943466969156
512,65,103,2.5807579290154263e-06,0.0013396388682790172
512,66,98,2.4554784178981726e-06,0.0013370581103500018
512,67,107,2.6809815379092294e-06,0.0013346026319321037
512,68,102,2.5557020267919757e-06,0.0013319216503941945
512,69,86,2.1548075912167636e-06,0.0013293659483674025
512,70,74,1.8541367645353548e-06,0.0013272111407761856
512,71,80,2.0044721778760593e-06,0.0013253570040116505
512,72,72,1.8040249600884535e-06,0.0013233525318337744
512,73,72,1.8040249600884535e-06,0.001321548506873686
512,74,69,1.728857253418101e-06,0.0013197444819135974
512,75,69,1.728857253418101e-06,0.0013180156246601793
512,76,63,1.5785218400773966e-06,0.0013162867674067612
512,77,50,1.252795111172537e-06,0.001314708245566684
512,78,68,1.7038013511946503e-06,0.0013134554504555113
512,79,63,1.5785218400773966e-06,0.0013117516491043166
512,80,56,1.4031305245132415e-06,0.0013101731272642393
512,81,45,1.1275156000552834e-06,0.001308769996739726
512,82,71,1.7789690578650027e-06,0.0013076424811396708
512,83,49,1.2277392089490863e-06,0.0013058635120818058
512,84,46,1.1525715022787341e-06,0.0013046357728728566
512,85,53,1.3279628178428892e-06,0.0013034832013705778
512,86,41,1.0272919911614804e-06,0.001302155238552735
512,87,48,1.2026833067256355e-06,0.0013011279465615735
512,88,38,9.521242844911282e-07,0.001299925263254848
512,89,47,1.177627404502185e-06,0.0012989731389703568
512,90,40,1.0022360889380296e-06,0.0012977955115658546
512,91,35,8.769565778207759e-07,0.0012967932754769165
512,92,39,9.771801867145789e-07,0.0012959163188990958
512,93,43,1.0774037956083818e-06,0.0012949391387123812
512,94,34,8.519006755973252e-07,0.0012938617349167727
512,95,41,1.0272919911614804e-06,0.0012930098342411754
512,96,27,6.7650936003317e-07,0.001291982542250014
512,97,40,1.0022360889380296e-06,0.0012913060328899808
512,98,43,1.0774037956083818e-06,0.0012903037968010427
512,99,36,9.020124800442267e-07,0.0012892263930054345
512,100,35,8.769565778207759e-07,0.0012883243805253903
512,101,31,7.76732968926973e-07,0.0012874474239475695
512,102,22,5.512298489159163e-07,0.0012866706909786425
512,103,31,7.76732968926973e-07,0.0012861194611297265
512,104,28,7.015652622566208e-07,0.0012853427281607995
512,105,30,7.516770667035222e-07,0.001284641162898543
512,106,33,8.268447733738745e-07,0.0012838894858318395
512,107,24,6.013416533628177e-07,0.0012830626410584656
512,108,25,6.263975555862685e-07,0.0012824612994051026
512,109,28,7.015652622566208e-07,0.0012818349018495164
512,110,27,6.7650936003317e-07,0.0012811333365872599
512,111,25,6.263975555862685e-07,0.0012804568272272267
512,112,25,6.263975555862685e-07,0.0012798304296716403
512,113,28,7.015652622566208e-07,0.001279204032116054
512,114,26,6.514534578097193e-07,0.0012785024668537975
512,115,17,4.259503377986626e-07,0.0012778510133959879
512,116,25,6.263975555862685e-07,0.001277425063058189
512,117,14,3.507826311283104e-07,0.0012767986655026029
512,118,24,6.013416533628177e-07,0.0012764478828714745
512,119,25,6.263975555862685e-07,0.0012758465412181117
512,120,15,3.758385333517611e-07,0.0012752201436625255
512,121,22,5.512298489159163e-07,0.0012748443051291737
512,122,18,4.5100624002211336e-07,0.0012742930752802578
512,123,16,4.0089443557521185e-07,0.0012738420690402356
512,124,18,4.5100624002211336e-07,0.0012734411746046605
512,125,16,4.0089443557521185e-07,0.0012729901683646383
512,126,16,4.0089443557521185e-07,0.0012725892739290632
512,127,19,4.760621422455641e-07,0.001272188379493488
512,128,11,2.7561492445795814e-07,0.0012717123173512424
512,129,12,3.0067082668140887e-07,0.0012714367024267844
512,130,21,5.261739466924656e-07,0.001271136031600103
512,131,15,3.758385333517611e-07,0.0012706098576534105
512,132,16,4.0089443557521185e-07,0.0012702340191200587
512,133,14,3.507826311283104e-07,0.0012698331246844836
512,134,13,3.2572672890485966e-07,0.0012694823420533552
512,135,17,4.259503377986626e-07,0.0012691566153244505
512,136,17,4.259503377986626e-07,0.0012687306649866517
512,137,11,2.7561492445795814e-07,0.0012683047146488532
512,138,17,4.259503377986626e-07,0.0012680290997243951
512,139,10,2.505590222345074e-07,0.0012676031493865964
512,140,19,4.760621422455641e-07,0.001267352590364362
512,141,11,2.7561492445795814e-07,0.0012668765282221163
512,142,14,3.507826311283104e-07,0.0012666009132976583
512,143,17,4.259503377986626e-07,0.0012662501306665301
512,144,10,2.505590222345074e-07,0.0012658241803287314
512,145,12,3.0067082668140887e-07,0.001265573621306497
512,146,5,1.252795111172537e-07,0.0012652729504798155
512,147,10,2.505590222345074e-07,0.0012651476709686982
512,148,6,1.5033541334070444e-07,0.0012648971119464637
512,149,13,3.2572672890485966e-07,0.0012647467765331231
512,150,12,3.0067082668140887e-07,0.0012644210498042182
512,151,8,2.0044721778760592e-07,0.0012641203789775367
512,152,9,2.2550312001105668e-07,0.0012639199317597493
512,153,9,2.2550312001105668e-07,0.0012636944286397382
512,154,12,3.0067082668140887e-07,0.001263468925519727
512,155,8,2.0044721778760592e-07,0.0012631682546930456
512,156,9,2.2550312001105668e-07,0.0012629678074752581
512,157,7,1.753913155641552e-07,0.001262742304355247
512,158,7,1.753913155641552e-07,0.0012625669130396828
512,159,10,2.505590222345074e-07,0.0012623915217241186
512,160,10,2.505590222345074e-07,0.0012621409627018843
512,161,15,3.758385333517611e-07,0.0012618904036796497
512,162,7,1.753913155641552e-07,0.0012615145651462979
512,163,9,2.2550312001105668e-07,0.0012613391738307337
512,164,7,1.753913155641552e-07,0.0012611136707107228
512,165,8,2.0044721778760592e-07,0.0012609382793951586
512,166,9,2.2550312001105668e-07,0.001260737832177371
512,167,7,1.753913155641552e-07,0.0012605123290573598
512,168,4,1.0022360889380296e-07,0.0012603369377417958
512,169,5,1.252795111172537e-07,0.001260236714132902
512,170,4,1.0022360889380296e-07,0.0012601114346217847
512,171,8,2.0044721778760592e-07,0.0012600112110128909
512,172,10,2.505590222345074e-07,0.0012598107637951032
512,173,7,1.753913155641552e-07,0.0012595602047728686
512,174,3,7.516770667035222e-08,0.0012593848134573047
512,175,11,2.7561492445795814e-07,0.0012593096457506343
512,176,9,2.2550312001105668e-07,0.0012590340308261763
512,177,3,7.516770667035222e-08,0.0012588085277061652
512,178,7,1.753913155641552e-07,0.0012587333599994948
512,179,8,2.0044721778760592e-07,0.0012585579686839308
512,180,4,1.0022360889380296e-07,0.0012583575214661431
512,181,5,1.252795111172537e-07,0.0012582572978572493
512,182,4,1.0022360889380296e-07,0.001258132018346132
512,183,7,1.753913155641552e-07,0.0012580317947372382
512,184,1,2.505590222345074e-08,0.001257856403421674
512,185,2,5.011180444690148e-08,0.0012578313475194506
512,186,3,7.516770667035222e-08,0.0012577812357150036
512,187,2,5.011180444690148e-08,0.0012577060680083335
512,188,3,7.516770667035222e-08,0.0012576559562038866
512,189,4,1.0022360889380296e-07,0.0012575807884972162
512,190,4,1.0022360889380296e-07,0.0012574805648883224
512,191,7,1.753913155641552e-07,0.0012573803412794285
512,192,5,1.252795111172537e-07,0.0012572049499638643
512,193,2,5.011180444690148e-08,0.001257079670452747
512,194,4,1.0022360889380296e-07,0.0012570295586483001
512,195,3,7.516770667035222e-08,0.0012569293350394063
512,196,3,7.516770667035222e-08,0.0012568541673327362
512,198,4,1.0022360889380296e-07,0.0012567789996260658
512,199,4,1.0022360889380296e-07,0.001256678776017172
512,200,4,1.0022360889380296e-07,0.0012565785524082781
512,201,4,1.0022360889380296e-07,0.0012564783287993843
512,202,2,5.011180444690148e-08,0.0012563781051904905
512,203,2,5.011180444690148e-08,0.0012563279933860436
512,204,2,5.011180444690148e-08,0.0012562778815815967
512,205,1,2.505590222345074e-08,0.0012562277697771497
512,206,3,7.516770667035222e-08,0.0012562027138749263
512,207,2,5.011180444690148e-08,0.001256127546168256
512,208,3,7.516770667035222e-08,0.001256077434363809
512,209,1,2.505590222345074e-08,0.0012560022666571388
512,210,3,7.516770667035222e-08,0.0012559772107549154
512,211,3,7.516770667035222e-08,0.001255902043048245
512,212,1,2.505590222345074e-08,0.0012558268753415746
512,213,6,1.5033541334070444e-07,0.0012558018194393512
512,214,1,2.505590222345074e-08,0.0012556514840260105
512,215,1,2.505590222345074e-08,0.001255626428123787
512,216,1,2.505590222345074e-08,0.0012556013722215635
512,217,2,5.011180444690148e-08,0.00125557631631934
512,218,2,5.011180444690148e-08,0.0012555262045148932
512,219,2,5.011180444690148e-08,0.0012554760927104463
512,220,3,7.516770667035222e-08,0.0012554259809059993
512,223,2,5.011180444690148e-08,0.001255350813199329
512,224,1,2.505590222345074e-08,0.001255300701394882
512,225,3,7.516770667035222e-08,0.0012552756454926586
512,226,2,5.011180444690148e-08,0.0012552004777859882
512,227,4,1.0022360889380296e-07,0.0012551503659815413
512,228,2,5.011180444690148e-08,0.0012550501423726477
512,229,1,2.505590222345074e-08,0.0012550000305682008
512,230,2,5.011180444690148e-08,0.0012549749746659773
512,232,1,2.505590222345074e-08,0.0012549248628615304
512,233,3,7.516770667035222e-08,0.001254899806959307
512,235,2,5.011180444690148e-08,0.0012548246392526366
512,236,1,2.505590222345074e-08,0.0012547745274481897
512,238,3,7.516770667035222e-08,0.0012547494715459662
512,239,6,1.5033541334070444e-07,0.0012546743038392958
512,241,4,1.0022360889380296e-07,0.001254523968425955
512,242,2,5.011180444690148e-08,0.0012544237448170613
512,243,2,5.011180444690148e-08,0.0012543736330126144
512,245,1,2.505590222345074e-08,0.0012543235212081675
512,246,2,5.011180444690148e-08,0.001254298465305944
512,248,3,7.516770667035222e-08,0.0012542483535014973
512,249,1,2.505590222345074e-08,0.001254173185794827
512,250,3,7.516770667035222e-08,0.0012541481298926035
512,251,1,2.505590222345074e-08,0.001254072962185933
512,252,1,2.505590222345074e-08,0.0012540479062837096
512,253,2,5.011180444690148e-08,0.0012540228503814862
512,254,1,2.505590222345074e-08,0.0012539727385770393
512,255,1,2.505590222345074e-08,0.0012539476826748158
512,256,2,5.011180444690148e-08,0.0012539226267725924
512,257,1,2.505590222345074e-08,0.0012538725149681454
512,258,1,2.505590222345074e-08,0.001253847459065922
512,260,1,2.505590222345074e-08,0.0012538224031636985
512,261,1,2.505590222345074e-08,0.001253797347261475
512,263,1,2.505590222345074e-08,0.0012537722913592516
512,264,3,7.516770667035222e-08,0.0012537472354570282
512,266,1,2.505590222345074e-08,0.0012536720677503578
512,269,2,5.011180444690148e-08,0.0012536470118481343
512,270,1,2.505590222345074e-08,0.0012535969000436874
512,274,2,5.011180444690148e-08,0.001253571844141464
512,275,2,5.011180444690148e-08,0.001253521732337017
512,278,1,2.505590222345074e-08,0.0012534716205325701
512,281,1,2.505590222345074e-08,0.0012534465646303467
512,283,1,2.505590222345074e-08,0.0012534215087281232
512,284,1,2.505590222345074e-08,0.0012533964528258998
512,285,2,5.011180444690148e-08,0.0012533713969236765
512,286,1,2.505590222345074e-08,0.0012533212851192296
512,290,1,2.505590222345074e-08,0.0012532962292170062
512,291,1,2.505590222345074e-08,0.0012532711733147827
512,292,2,5.011180444690148e-08,0.0012532461174125592
512,293,1,2.505590222345074e-08,0.0012531960056081123
512,295,1,2.505590222345074e-08,0.0012531709497058889
512,298,2,5.011180444690148e-08,0.0012531458938036654
512,302,1,2.505590222345074e-08,0.0012530957819992185
512,304,1,2.505590222345074e-08,0.001253070726096995
512,311,1,2.505590222345074e-08,0.0012530456701947716
512,312,1,2.505590222345074e-08,0.0012530206142925481
512,316,1,2.505590222345074e-08,0.0012529955583903247
512,318,1,2.505590222345074e-08,0.0012529705024881012
512,319,1,2.505590222345074e-08,0.0012529454465858778
512,326,1,2.505590222345074e-08,0.0012529203906836543
512,331,1,2.505590222345074e-08,0.0012528953347814308
512,332,1,2.505590222345074e-08,0.0012528702788792074
512,350,1,2.505590222345074e-08,0.001252845222976984
512,401,1,2.505590222345074e-08,0.0012528201670747605
512,503,1,2.505590222345074e-08,0.001252795111172537
512,508,1,2.505590222345074e-08,0.0012527700552703136
512,556,1,2.505590222345074e-08,0.00125274499936809
512,566,1,2.505590222345074e-08,0.0012527199434658666
512,574,1,2.505590222345074e-08,0.0012526948875636432
512,599,1,2.505590222345074e-08,0.0012526698316614197
512,602,1,2.505590222345074e-08,0.0012526447757591963
512,617,1,2.505590222345074e-08,0.0012526197198569728
512,619,1,2.505590222345074e-08,0.0012525946639547494
512,622,1,2.505590222345074e-08,0.001252569608052526
512,635,1,2.505590222345074e-08,0.0012525445521503024
512,644,1,2.505590222345074e-08,0.001252519496248079
512,652,1,2.505590222345074e-08,0.0012524944403458557
512,656,1,2.505590222345074e-08,0.0012524693844436323
512,658,1,2.505590222345074e-08,0.0012524443285414088
512,663,1,2.505590222345074e-08,0.0012524192726391854
512,666,1,2.505590222345074e-08,0.001252394216736962
512,670,2,5.011180444690148e-08,0.0012523691608347385
512,671,1,2.505590222345074e-08,0.0012523190490302915
512,675,2,5.011180444690148e-08,0.001252293993128068
512,678,1,2.505590222345074e-08,0.0012522438813236212
512,680,1,2.505590222345074e-08,0.0012522188254213977
512,683,1,2.505590222345074e-08,0.0012521937695191743
512,686,1,2.505590222345074e-08,0.0012521687136169508
512,691,1,2.505590222345074e-08,0.0012521436577147273
512,694,1,2.505590222345074e-08,0.001252118601812504
512,698,1,2.505590222345074e-08,0.0012520935459102804
512,703,2,5.011180444690148e-08,0.001252068490008057
512,704,1,2.505590222345074e-08,0.00125201837820361
512,705,1,2.505590222345074e-08,0.0012519933223013866
512,706,2,5.011180444690148e-08,0.0012519682663991632
512,708,1,2.505590222345074e-08,0.0012519181545947162
512,710,1,2.505590222345074e-08,0.0012518930986924928
512,712,1,2.505590222345074e-08,0.0012518680427902693
512,715,1,2.505590222345074e-08,0.0012518429868880459
512,717,3,7.516770667035222e-08,0.0012518179309858224
512,722,2,5.011180444690148e-08,0.001251742763279152
512,724,2,5.011180444690148e-08,0.0012516926514747051
512,725,2,5.011180444690148e-08,0.0012516425396702582
512,726,1,2.505590222345074e-08,0.0012515924278658115
512,728,1,2.505590222345074e-08,0.001251567371963588
512,729,2,5.011180444690148e-08,0.0012515423160613646
512,731,1,2.505590222345074e-08,0.0012514922042569177
512,732,1,2.505590222345074e-08,0.0012514671483546942
512,733,2,5.011180444690148e-08,0.0012514420924524708
512,734,2,5.011180444690148e-08,0.0012513919806480239
512,735,2,5.011180444690148e-08,0.001251341868843577
512,736,1,2.505590222345074e-08,0.00125129175703913
512,737,1,2.505590222345074e-08,0.0012512667011369066
512,738,1,2.505590222345074e-08,0.0012512416452346831
512,739,1,2.505590222345074e-08,0.0012512165893324597
512,741,2,5.011180444690148e-08,0.0012511915334302362
512,743,1,2.505590222345074e-08,0.0012511414216257893
512,744,1,2.505590222345074e-08,0.0012511163657235658
512,746,2,5.011180444690148e-08,0.0012510913098213424
512,747,2,5.011180444690148e-08,0.0012510411980168955
512,748,2,5.011180444690148e-08,0.0012509910862124485
512,750,1,2.505590222345074e-08,0.0012509409744080016
512,751,1,2.505590222345074e-08,0.0012509159185057782
512,752,1,2.505590222345074e-08,0.0012508908626035547
512,753,1,2.505590222345074e-08,0.0012508658067013313
512,754,1,2.505590222345074e-08,0.0012508407507991078
512,755,2,5.011180444690148e-08,0.0012508156948968843
512,757,2,5.011180444690148e-08,0.0012507655830924374
512,758,2,5.011180444690148e-08,0.0012507154712879907
512,759,2,5.011180444690148e-08,0.0012506653594835438
512,760,2,5.011180444690148e-08,0.001250615247679097
512,761,3,7.516770667035222e-08,0.00125056513587465
512,763,1,2.505590222345074e-08,0.0012504899681679796
512,764,2,5.011180444690148e-08,0.0012504649122657562
512,765,2,5.011180444690148e-08,0.0012504148004613093
512,766,3,7.516770667035222e-08,0.0012503646886568623
512,767,2,5.011180444690148e-08,0.001250289520950192
512,769,1,2.505590222345074e-08,0.001250239409145745
512,770,1,2.505590222345074e-08,0.0012502143532435216
512,771,5,1.252795111172537e-07,0.0012501892973412981
512,772,2,5.011180444690148e-08,0.0012500640178301809
512,773,1,2.505590222345074e-08,0.001250013906025734
512,775,3,7.516770667035222e-08,0.0012499888501235105
512,776,1,2.505590222345074e-08,0.0012499136824168401
512,777,1,2.505590222345074e-08,0.0012498886265146167
512,778,2,5.011180444690148e-08,0.0012498635706123934
512,779,6,1.5033541334070444e-07,0.0012498134588079465
512,780,2,5.011180444690148e-08,0.0012496631233946058
512,781,2,5.011180444690148e-08,0.0012496130115901588
512,782,1,2.505590222345074e-08,0.001249562899785712
512,783,2,5.011180444690148e-08,0.0012495378438834885
512,785,2,5.011180444690148e-08,0.0012494877320790416
512,786,4,1.0022360889380296e-07,0.0012494376202745947
512,787,1,2.505590222345074e-08,0.0012493373966657008
512,788,1,2.505590222345074e-08,0.0012493123407634774
512,789,1,2.505590222345074e-08,0.001249287284861254
512,790,2,5.011180444690148e-08,0.0012492622289590305
512,791,2,5.011180444690148e-08,0.0012492121171545835
512,792,1,2.505590222345074e-08,0.0012491620053501366
512,793,1,2.505590222345074e-08,0.0012491369494479132
512,794,1,2.505590222345074e-08,0.0012491118935456897
512,795,1,2.505590222345074e-08,0.0012490868376434663
512,796,2,5.011180444690148e-08,0.0012490617817412428
512,797,1,2.505590222345074e-08,0.0012490116699367959
512,798,2,5.011180444690148e-08,0.0012489866140345724
512,801,2,5.011180444690148e-08,0.0012489365022301257
512,802,1,2.505590222345074e-08,0.0012488863904256788
512,804,5,1.252795111172537e-07,0.0012488613345234554
512,805,1,2.505590222345074e-08,0.001248736055012338
512,806,6,1.5033541334070444e-07,0.0012487109991101146
512,807,2,5.011180444690148e-08,0.0012485606636967739
512,808,3,7.516770667035222e-08,0.001248510551892327
512,809,2,5.011180444690148e-08,0.0012484353841856566
512,811,4,1.0022360889380296e-07,0.0012483852723812097
512,812,2,5.011180444690148e-08,0.0012482850487723158
512,813,4,1.0022360889380296e-07,0.001248234936967869
512,814,4,1.0022360889380296e-07,0.001248134713358975
512,815,2,5.011180444690148e-08,0.0012480344897500815
512,816,5,1.252795111172537e-07,0.0012479843779456346
512,817,3,7.516770667035222e-08,0.0012478590984345173
512,819,1,2.505590222345074e-08,0.001247783930727847
512,820,3,7.516770667035222e-08,0.0012477588748256235
512,821,2,5.011180444690148e-08,0.001247683707118953
512,822,5,1.252795111172537e-07,0.0012476335953145062
512,823,4,1.0022360889380296e-07,0.001247508315803389
512,824,5,1.252795111172537e-07,0.001247408092194495
512,825,3,7.516770667035222e-08,0.0012472828126833778
512,826,2,5.011180444690148e-08,0.0012472076449767076
512,827,4,1.0022360889380296e-07,0.0012471575331722607
512,828,2,5.011180444690148e-08,0.001247057309563367
512,829,2,5.011180444690148e-08,0.00124700719775892
512,830,3,7.516770667035222e-08,0.001246957085954473
512,831,2,5.011180444690148e-08,0.0012468819182478027
512,832,4,1.0022360889380296e-07,0.0012468318064433558
512,833,2,5.011180444690148e-08,0.001246731582834462
512,834,1,2.505590222345074e-08,0.001246681471030015
512,835,4,1.0022360889380296e-07,0.0012466564151277916
512,836,3,7.516770667035222e-08,0.0012465561915188978
512,837,5,1.252795111172537e-07,0.0012464810238122274
512,838,4,1.0022360889380296e-07,0.00124635574430111
512,839,8,2.0044721778760592e-07,0.0012462555206922165
512,841,2,5.011180444690148e-08,0.0012460550734744288
512,842,5,1.252795111172537e-07,0.001246004961669982
512,843,3,7.516770667035222e-08,0.0012458796821588646
512,844,4,1.0022360889380296e-07,0.0012458045144521943
512,845,2,5.011180444690148e-08,0.0012457042908433004
512,846,6,1.5033541334070444e-07,0.0012456541790388535
512,847,4,1.0022360889380296e-07,0.0012455038436255128
512,848,2,5.011180444690148e-08,0.0012454036200166192
512,849,3,7.516770667035222e-08,0.0012453535082121723
512,850,6,1.5033541334070444e-07,0.0012452783405055019
512,851,2,5.011180444690148e-08,0.0012451280050921611
512,852,3,7.516770667035222e-08,0.0012450778932877142
512,853,3,7.516770667035222e-08,0.0012450027255810439
512,854,7,1.753913155641552e-07,0.0012449275578743735
512,855,3,7.516770667035222e-08,0.0012447521665588093
512,856,2,5.011180444690148e-08,0.001244676998852139
512,857,2,5.011180444690148e-08,0.001244626887047692
512,858,2,5.011180444690148e-08,0.0012445767752432453
512,859,4,1.0022360889380296e-07,0.0012445266634387984
512,860,6,1.5033541334070444e-07,0.0012444264398299046
512,861,9,2.2550312001105668e-07,0.0012442761044165638
512,862,4,1.0022360889380296e-07,0.0012440506012965527
512,863,8,2.0044721778760592e-07,0.0012439503776876589
512,864,4,1.0022360889380296e-07,0.0012437499304698712
512,865,6,1.5033541334070444e-07,0.0012436497068609776
512,866,4,1.0022360889380296e-07,0.0012434993714476369
512,867,8,2.0044721778760592e-07,0.001243399147838743
512,868,8,2.0044721778760592e-07,0.0012431987006209554
512,869,10,2.505590222345074e-07,0.0012429982534031677
512,870,5,1.252795111172537e-07,0.0012427476943809334
512,871,5,1.252795111172537e-07,0.001242622414869816
512,872,11,2.7561492445795814e-07,0.0012424971353586988
512,873,6,1.5033541334070444e-07,0.0012422215204342408
512,874,4,1.0022360889380296e-07,0.0012420711850209
512,875,3,7.516770667035222e-08,0.0012419709614120062
512,876,3,7.516770667035222e-08,0.001241895793705336
512,877,9,2.2550312001105668e-07,0.0012418206259986657
512,878,3,7.516770667035222e-08,0.0012415951228786546
512,879,8,2.0044721778760592e-07,0.0012415199551719842
512,880,4,1.0022360889380296e-07,0.0012413195079541966
512,881,7,1.753913155641552e-07,0.0012412192843453027
512,882,7,1.753913155641552e-07,0.0012410438930297388
512,883,3,7.516770667035222e-08,0.0012408685017141746
512,884,6,1.5033541334070444e-07,0.0012407933340075042
512,885,6,1.5033541334070444e-07,0.0012406429985941634
512,886,8,2.0044721778760592e-07,0.0012404926631808227
512,887,8,2.0044721778760592e-07,0.001240292215963035
512,888,4,1.0022360889380296e-07,0.0012400917687452476
512,889,3,7.516770667035222e-08,0.0012399915451363538
512,890,7,1.753913155641552e-07,0.0012399163774296834
512,891,7,1.753913155641552e-07,0.0012397409861141192
512,892,6,1.5033541334070444e-07,0.001239565594798555
512,893,9,2.2550312001105668e-07,0.0012394152593852143
512,894,3,7.516770667035222e-08,0.0012391897562652034
512,895,3,7.516770667035222e-08,0.001239114588558533
512,896,4,1.0022360889380296e-07,0.0012390394208518626
512,897,10,2.505590222345074e-07,0.0012389391972429688
512,898,6,1.5033541334070444e-07,0.0012386886382207342
512,899,6,1.5033541334070444e-07,0.0012385383028073935
512,900,9,2.2550312001105668e-07,0.001238387967394053
512,901,10,2.505590222345074e-07,0.0012381624642740419
512,902,6,1.5033541334070444e-07,0.0012379119052518073
512,903,5,1.252795111172537e-07,0.0012377615698384665
512,904,5,1.252795111172537e-07,0.0012376362903273493
512,905,5,1.252795111172537e-07,0.0012375110108162322
512,906,7,1.753913155641552e-07,0.001237385731305115
512,907,10,2.505590222345074e-07,0.0012372103399895507
512,908,3,7.516770667035222e-08,0.0012369597809673161
512,909,8,2.0044721778760592e-07,0.0012368846132606458
512,910,6,1.5033541334070444e-07,0.0012366841660428583
512,911,13,3.2572672890485966e-07,0.0012365338306295176
512,912,9,2.2550312001105668e-07,0.0012362081039006126
512,913,7,1.753913155641552e-07,0.0012359826007806015
512,914,8,2.0044721778760592e-07,0.0012358072094650373
512,915,8,2.0044721778760592e-07,0.00123560676224725
512,916,8,2.0044721778760592e-07,0.0012354063150294622
512,917,12,3.0067082668140887e-07,0.0012352058678116746
512,918,15,3.758385333517611e-07,0.0012349051969849933
512,919,11,2.7561492445795814e-07,0.0012345293584516415
512,920,9,2.2550312001105668e-07,0.0012342537435271834
512,921,4,1.0022360889380296e-07,0.0012340282404071725
512,922,13,3.2572672890485966e-07,0.0012339280167982787
512,923,12,3.0067082668140887e-07,0.0012336022900693738
512,924,14,3.507826311283104e-07,0.0012333016192426923
512,925,15,3.758385333517611e-07,0.0012329508366115641
512,926,7,1.753913155641552e-07,0.0012325749980782123
512,927,8,2.0044721778760592e-07,0.001232399606762648
512,928,11,2.7561492445795814e-07,0.0012321991595448606
512,929,7,1.753913155641552e-07,0.0012319235446204026
512,930,9,2.2550312001105668e-07,0.0012317481533048384
512,931,11,2.7561492445795814e-07,0.0012315226501848273
512,932,12,3.0067082668140887e-07,0.0012312470352603695
512,933,10,2.505590222345074e-07,0.001230946364433688
512,934,8,2.0044721778760592e-07,0.0012306958054114534
512,935,14,3.507826311283104e-07,0.001230495358193666
512,936,11,2.7561492445795814e-07,0.0012301445755625376
512,937,11,2.7561492445795814e-07,0.0012298689606380796
512,938,11,2.7561492445795814e-07,0.0012295933457136218
512,939,18,4.5100624002211336e-07,0.0012293177307891637
512,940,15,3.758385333517611e-07,0.0012288667245491415
512,941,16,4.0089443557521185e-07,0.0012284908860157899
512,942,4,1.0022360889380296e-07,0.0012280899915802146
512,943,13,3.2572672890485966e-07,0.0012279897679713207
512,944,8,2.0044721778760592e-07,0.001227664041242416
512,945,12,3.0067082668140887e-07,0.0012274635940246283
512,946,11,2.7561492445795814e-07,0.0012271629231979469
512,947,15,3.758385333517611e-07,0.001226887308273489
512,948,12,3.0067082668140887e-07,0.0012265114697401372
512,949,5,1.252795111172537e-07,0.0012262107989134557
512,950,10,2.505590222345074e-07,0.0012260855194023387
512,951,9,2.2550312001105668e-07,0.001225834960380104
512,952,9,2.2550312001105668e-07,0.001225609457260093
512,953,8,2.0044721778760592e-07,0.0012253839541400819
512,954,24,6.013416533628177e-07,0.0012251835069222944
512,955,6,1.5033541334070444e-07,0.0012245821652689315
512,956,14,3.507826311283104e-07,0.0012244318298555907
512,957,18,4.5100624002211336e-07,0.0012240810472244625
512,958,17,4.259503377986626e-07,0.0012236300409844403
512,959,14,3.507826311283104e-07,0.0012232040906466418
512,960,10,2.505590222345074e-07,0.0012228533080155134
512,961,12,3.0067082668140887e-07,0.001222602748993279
512,962,14,3.507826311283104e-07,0.0012223020781665975
512,963,12,3.0067082668140887e-07,0.0012219512955354691
512,964,20,5.011180444690148e-07,0.0012216506247087879
512,965,19,4.760621422455641e-07,0.0012211495066643187
512,966,11,2.7561492445795814e-07,0.0012206734445220733
512,967,19,4.760621422455641e-07,0.0012203978295976152
512,968,16,4.0089443557521185e-07,0.0012199217674553698
512,969,14,3.507826311283104e-07,0.0012195208730197945
512,970,12,3.0067082668140887e-07,0.001219170090388666
512,971,20,5.011180444690148e-07,0.0012188694195619848
512,972,11,2.7561492445795814e-07,0.0012183683015175157
512,973,12,3.0067082668140887e-07,0.0012180926865930578
512,974,12,3.0067082668140887e-07,0.0012177920157663764
512,975,9,2.2550312001105668e-07,0.0012174913449396949
512,976,21,5.261739466924656e-07,0.001217265841819684
512,977,16,4.0089443557521185e-07,0.0012167396678729914
512,978,12,3.0067082668140887e-07,0.0012163387734374163
512,979,19,4.760621422455641e-07,0.0012160381026107348
512,980,16,4.0089443557521185e-07,0.0012155620404684893
512,981,16,4.0089443557521185e-07,0.001215161146032914
512,982,15,3.758385333517611e-07,0.0012147602515973387
512,983,16,4.0089443557521185e-07,0.001214384413063987
512,984,13,3.2572672890485966e-07,0.0012139835186284118
512,985,21,5.261739466924656e-07,0.001213657791899507
512,986,12,3.0067082668140887e-07,0.0012131316179528145
512,987,23,5.762857511393671e-07,0.0012128309471261332
512,988,18,4.5100624002211336e-07,0.0012122546613749937
512,989,22,5.512298489159163e-07,0.0012118036551349717
512,990,16,4.0089443557521185e-07,0.0012112524252860556
512,991,25,6.263975555862685e-07,0.0012108515308504805
512,992,20,5.011180444690148e-07,0.0012102251332948943
512,993,22,5.512298489159163e-07,0.0012097240152504252
512,994,19,4.760621422455641e-07,0.0012091727854015093
512,995,14,3.507826311283104e-07,0.0012086967232592637
512,996,17,4.259503377986626e-07,0.0012083459406281355
512,997,18,4.5100624002211336e-07,0.0012079199902903367
512,998,16,4.0089443557521185e-07,0.0012074689840503147
512,999,14,3.507826311283104e-07,0.0012070680896147394
512,1000,25,6.263975555862685e-07,0.0012067173069836112
512,1001,20,5.011180444690148e-07,0.0012060909094280248
512,1002,19,4.760621422455641e-07,0.0012055897913835559
512,1003,15,3.758385333517611e-07,0.0012051137292413102
512,1004,24,6.013416533628177e-07,0.0012047378907079586
512,1005,22,5.512298489159163e-07,0.0012041365490545958
512,1006,24,6.013416533628177e-07,0.0012035853192056798
512,1007,28,7.015652622566208e-07,0.001202983977552317
512,1008,23,5.762857511393671e-07,0.0012022824122900604
512,1009,21,5.261739466924656e-07,0.001201706126538921
512,1010,18,4.5100624002211336e-07,0.0012011799525922285
512,1011,15,3.758385333517611e-07,0.0012007289463522063
512,1012,20,5.011180444690148e-07,0.0012003531078188547
512,1013,21,5.261739466924656e-07,0.0011998519897743855
512,1014,22,5.512298489159163e-07,0.0011993258158276932
512,1015,22,5.512298489159163e-07,0.0011987745859787773
512,1016,24,6.013416533628177e-07,0.0011982233561298613
512,1017,23,5.762857511393671e-07,0.0011976220144764985
512,1018,24,6.013416533628177e-07,0.0011970457287253592
512,1019,24,6.013416533628177e-07,0.0011964443870719963
512,1020,27,6.7650936003317e-07,0.0011958430454186335
512,1021,16,4.0089443557521185e-07,0.0011951665360586004
512,1022,29,7.266211644800715e-07,0.001194765641623025
512,1023,28,7.015652622566208e-07,0.001194039020458545
512,1024,23,5.762857511393671e-07,0.0011933374551962885
512,1025,21,5.261739466924656e-07,0.001192761169445149
512,1026,28,7.015652622566208e-07,0.0011922349954984566
512,1027,30,7.516770667035222e-07,0.0011915334302362
512,1028,31,7.76732968926973e-07,0.0011907817531694965
512,1029,30,7.516770667035222e-07,0.0011900050202005696
512,1030,25,6.263975555862685e-07,0.0011892533431338659
512,1031,28,7.015652622566208e-07,0.0011886269455782797
512,1032,26,6.514534578097193e-07,0.001187925380316023
512,1033,24,6.013416533628177e-07,0.0011872739268582134
512,1034,30,7.516770667035222e-07,0.0011866725852048505
512,1035,11,2.7561492445795814e-07,0.001185920908138147
512,1036,23,5.762857511393671e-07,0.0011856452932136892
512,1037,27,6.7650936003317e-07,0.0011850690074625496
512,1038,21,5.261739466924656e-07,0.0011843924981025165
512,1039,29,7.266211644800715e-07,0.0011838663241558241
512,1040,27,6.7650936003317e-07,0.001183139702991344
512,1041,30,7.516770667035222e-07,0.0011824631936313108
512,1042,25,6.263975555862685e-07,0.0011817115165646073
512,1043,29,7.266211644800715e-07,0.001181085119009021
512,1044,23,5.762857511393671e-07,0.001180358497844541
512,1045,23,5.762857511393671e-07,0.0011797822120934015
512,1046,25,6.263975555862685e-07,0.0011792059263422622
512,1047,37,9.270683822676774e-07,0.001178579528786676
512,1048,28,7.015652622566208e-07,0.0011776524604044083
512,1049,36,9.020124800442267e-07,0.0011769508951421515
512,1050,33,8.268447733738745e-07,0.0011760488826621075
512,1051,33,8.268447733738745e-07,0.0011752220378887335
512,1052,26,6.514534578097193e-07,0.0011743951931153596
512,1053,26,6.514534578097193e-07,0.00117374373965755
512,1054,17,4.259503377986626e-07,0.0011730922861997403
512,1055,37,9.270683822676774e-07,0.0011726663358619415
512,1056,31,7.76732968926973e-07,0.0011717392674796738
512,1057,26,6.514534578097193e-07,0.0011709625345107469
512,1058,28,7.015652622566208e-07,0.0011703110810529372
512,1059,32,8.017888711504237e-07,0.0011696095157906806
512,1060,27,6.7650936003317e-07,0.0011688077269195302
512,1061,30,7.516770667035222e-07,0.001168131217559497
512,1062,36,9.020124800442267e-07,0.0011673795404927934
512,1063,30,7.516770667035222e-07,0.0011664775280127492
512,1064,36,9.020124800442267e-07,0.0011657258509460457
512,1065,31,7.76732968926973e-07,0.0011648238384660014
512,1066,33,8.268447733738745e-07,0.0011640471054970745
512,1067,35,8.769565778207759e-07,0.0011632202607237006
512,1068,43,1.0774037956083818e-06,0.0011623433041458798
512,1069,36,9.020124800442267e-07,0.0011612659003502714
512,1070,36,9.020124800442267e-07,0.0011603638878702272
512,1071,40,1.0022360889380296e-06,0.001159461875390183
512,1072,36,9.020124800442267e-07,0.0011584596393012451
512,1073,38,9.521242844911282e-07,0.0011575576268212009
512,1074,35,8.769565778207759e-07,0.0011566055025367097
512,1075,31,7.76732968926973e-07,0.001155728545958889
512,1076,37,9.270683822676774e-07,0.001154951812989962
512,1077,39,9.771801867145789e-07,0.0011540247446076943
512,1078,33,8.268447733738745e-07,0.0011530475644209797
512,1079,29,7.266211644800715e-07,0.0011522207196476059
512,1080,31,7.76732968926973e-07,0.0011514940984831256
512,1081,33,8.268447733738745e-07,0.0011507173655141987
512,1082,45,1.1275156000552834e-06,0.0011498905207408248
512,1083,38,9.521242844911282e-07,0.0011487630051407697
512,1084,28,7.015652622566208e-07,0.0011478108808562785
512,1085,48,1.2026833067256355e-06,0.0011471093155940217
512,1086,34,8.519006755973252e-07,0.0011459066322872962
512,1087,29,7.266211644800715e-07,0.001145054731611699
512,1088,43,1.0774037956083818e-06,0.0011443281104472189
512,1089,41,1.0272919911614804e-06,0.0011432507066516104
512,1090,42,1.0523478933849312e-06,0.001142223414660449
512,1091,46,1.1525715022787341e-06,0.001141171066767064
512,1092,42,1.0523478933849312e-06,0.0011400184952647854
512,1093,42,1.0523478933849312e-06,0.0011389661473714004
512,1094,38,9.521242844911282e-07,0.0011379137994780154
512,1095,62,1.553465937853946e-06,0.0011369616751935243
512,1096,49,1.2277392089490863e-06,0.0011354082092556704
512,1097,50,1.252795111172537e-06,0.0011341804700467212
512,1098,45,1.1275156000552834e-06,0.0011329276749355488
512,1099,39,9.771801867145789e-07,0.0011318001593354934
512,1100,52,1.3029069156194386e-06,0.0011308229791487788
512,1101,47,1.177627404502185e-06,0.0011295200722331593
512,1102,41,1.0272919911614804e-06,0.0011283424448286573
512,1103,54,1.35301872006634e-06,0.0011273151528374957
512,1104,43,1.0774037956083818e-06,0.0011259621341174295
512,1105,50,1.252795111172537e-06,0.001124884730321821
512,1106,42,1.0523478933849312e-06,0.0011236319352106484
512,1107,41,1.0272919911614804e-06,0.0011225795873172635
512,1108,44,1.1024596978318326e-06,0.0011215522953261022
512,1109,52,1.3029069156194386e-06,0.0011204498356282703
512,1110,46,1.1525715022787341e-06,0.0011191469287126507
512,1111,50,1.252795111172537e-06,0.0011179943572103722
512,1112,57,1.4281864267366923e-06,0.0011167415620991995
512,1113,37,9.270683822676774e-07,0.001115313375672463
512,1114,32,8.017888711504237e-07,0.0011143863072901952
512,1115,45,1.1275156000552834e-06,0.0011135845184190448
512,1116,40,1.0022360889380296e-06,0.0011124570028189895
512,1117,59,1.4782982311835937e-06,0.0011114547667300514
512,1118,66,1.653689546747749e-06,0.0011099764684988679
512,1119,48,1.2026833067256355e-06,0.0011083227789521202
512,1120,48,1.2026833067256355e-06,0.0011071200956453944
512,1121,40,1.0022360889380296e-06,0.0011059174123386687
512,1122,57,1.4281864267366923e-06,0.0011049151762497307
512,1123,50,1.252795111172537e-06,0.001103486989822994
512,1124,46,1.1525715022787341e-06,0.0011022341947118216
512,1125,48,1.2026833067256355e-06,0.0011010816232095428
512,1126,58,1.453242328960143e-06,0.0010998789399028171
512,1127,48,1.2026833067256355e-06,0.001098425697573857
512,1128,34,8.519006755973252e-07,0.0010972230142671313
512,1129,60,1.5033541334070445e-06,0.001096371113591534
512,1130,52,1.3029069156194386e-06,0.001094867759458127
512,1131,60,1.5033541334070445e-06,0.0010935648525425075
512,1132,56,1.4031305245132415e-06,0.0010920614984091005
512,1133,61,1.5284100356304953e-06,0.0010906583678845874
512,1134,48,1.2026833067256355e-06,0.0010891299578489567
512,1135,59,1.4782982311835937e-06,0.0010879272745422312
512,1136,60,1.5033541334070445e-06,0.0010864489763110475
512,1137,51,1.2778510133959878e-06,0.0010849456221776405
512,1138,48,1.2026833067256355e-06,0.0010836677711642446
512,1139,54,1.35301872006634e-06,0.001082465087857519
512,1140,62,1.553465937853946e-06,0.0010811120691374527
512,1141,55,1.3780746222897908e-06,0.0010795586031995986
512,1142,61,1.5284100356304953e-06,0.0010781805285773089
512,1143,57,1.4281864267366923e-06,0.0010766521185416784
512,1144,56,1.4031305245132415e-06,0.0010752239321149416
512,1145,40,1.0022360889380296e-06,0.0010738208015904284
512,1146,57,1.4281864267366923e-06,0.0010728185655014904
512,1147,49,1.2277392089490863e-06,0.0010713903790747538
512,1148,61,1.5284100356304953e-06,0.0010701626398658046
512,1149,46,1.1525715022787341e-06,0.0010686342298301742
512,1150,57,1.4281864267366923e-06,0.0010674816583278954
512,1151,68,1.7038013511946503e-06,0.0010660534719011587
512,1152,67,1.6787454489711997e-06,0.001064349670549964
512,1153,53,1.3279628178428892e-06,0.001062670925100993
512,1154,56,1.4031305245132415e-06,0.00106134296228315
512,1155,59,1.4782982311835937e-06,0.0010599398317586368
512,1156,58,1.453242328960143e-06,0.001058461533527453
512,1157,55,1.3780746222897908e-06,0.001057008291198493
512,1158,64,1.6035777423008474e-06,0.0010556302165762033
512,1159,52,1.3029069156194386e-06,0.0010540266388339022
512,1160,54,1.35301872006634e-06,0.001052723731918283
512,1161,50,1.252795111172537e-06,0.0010513707131982165
512,1162,60,1.5033541334070445e-06,0.001050117918087044
512,1163,67,1.6787454489711997e-06,0.001048614563953637
512,1164,65,1.6286336445242982e-06,0.0010469358185046657
512,1165,62,1.553465937853946e-06,0.0010453071848601414
512,1166,70,1.7539131556415519e-06,0.0010437537189222875
512,1167,68,1.7038013511946503e-06,0.001041999805766646
512,1168,56,1.4031305245132415e-06,0.0010402960044154513
512,1169,61,1.5284100356304953e-06,0.0010388928738909382
512,1170,62,1.553465937853946e-06,0.0010373644638553075
512,1171,72,1.8040249600884535e-06,0.0010358109979174536
512,1172,87,2.1798634934402146e-06,0.0010340069729573651
512,1173,70,1.7539131556415519e-06,0.001031827109463925
512,1174,60,1.5033541334070445e-06,0.0010300731963082835
512,1175,76,1.9042485689822564e-06,0.0010285698421748763
512,1176,70,1.7539131556415519e-06,0.0010266655936058942
512,1177,60,1.5033541334070445e-06,0.0010249116804502527
512,1178,73,1.829080862311904e-06,0.0010234083263168455
512,1179,51,1.2778510133959878e-06,0.0010215792454545335
512,1180,66,1.653689546747749e-06,0.0010203013944411377
512,1181,57,1.4281864267366923e-06,0.00101864770489439
512,1182,72,1.8040249600884535e-06,0.0010172195184676531
512,1183,76,1.9042485689822564e-06,0.0010154154935075647
512,1184,58,1.453242328960143e-06,0.0010135112449385824
512,1185,87,2.1798634934402146e-06,0.0010120580026096223
512,1186,68,1.7038013511946503e-06,0.0010098781391161822
512,1187,66,1.653689546747749e-06,0.0010081743377649876
512,1188,60,1.5033541334070445e-06,0.0010065206482182396
512,1189,70,1.7539131556415519e-06,0.0010050172940848326
512,1190,79,1.9794162756526087e-06,0.001003263380929191
512,1191,75,1.8791926667588056e-06,0.0010012839646535384
512,1192,78,1.9543603734291577e-06,0.0009994047719867798
512,1193,67,1.6787454489711997e-06,0.0009974504116133506
512,1194,69,1.728857253418101e-06,0.0009957716661643794
512,1195,63,1.5785218400773966e-06,0.0009940428089109613
512,1196,67,1.6787454489711997e-06,0.0009924642870708838
512,1197,91,2.2800871023340173e-06,0.0009907855416219126
512,1198,68,1.7038013511946503e-06,0.0009885054545195786
512,1199,81,2.02952808009951e-06,0.000986801653168384
512,1200,71,1.7789690578650027e-06,0.0009847721250882844
512,1201,91,2.2800871023340173e-06,0.0009829931560304194
512,1202,87,2.1798634934402146e-06,0.0009807130689280855
512,1203,69,1.728857253418101e-06,0.0009785332054346452
512,1204,77,1.929304471205707e-06,0.000976804348181227
512,1205,88,2.204919395663665e-06,0.0009748750437100214
512,1206,75,1.8791926667588056e-06,0.0009726701243143578
512,1207,67,1.6787454489711997e-06,0.0009707909316475989
512,1208,81,2.02952808009951e-06,0.0009691121861986278
512,1209,83,2.0796398845464114e-06,0.0009670826581185283
512,1210,91,2.2800871023340173e-06,0.0009650030182339818
512,1211,78,1.9543603734291577e-06,0.0009627229311316479
512,1212,91,2.2800871023340173e-06,0.0009607685707582187
512,1213,77,1.929304471205707e-06,0.0009584884836558846
512,1214,78,1.9543603734291577e-06,0.000956559179184679
512,1215,86,2.1548075912167636e-06,0.0009546048188112498
512,1216,91,2.2800871023340173e-06,0.000952450011220033
512,1217,67,1.6787454489711997e-06,0.000950169924117699
512,1218,88,2.204919395663665e-06,0.0009484911786687278
512,1219,89,2.229975297887116e-06,0.0009462862592730641
512,1220,95,2.3803107112278204e-06,0.000944056283975177
512,1221,78,1.9543603734291577e-06,0.0009416759732639492
512,1222,77,1.929304471205707e-06,0.00093972161289052
512,1223,85,2.129751688993313e-06,0.0009377923084193143
512,1224,78,1.9543603734291577e-06,0.000935662556730321
512,1225,74,1.8541367645353548e-06,0.0009337081963568919
512,1226,68,1.7038013511946503e-06,0.0009318540595923565
512,1227,86,2.1548075912167636e-06,0.0009301502582411619
512,1228,87,2.1798634934402146e-06,0.0009279954506499451
512,1229,85,2.129751688993313e-06,0.0009258155871565049
512,1230,86,2.1548075912167636e-06,0.0009236858354675115
512,1231,78,1.9543603734291577e-06,0.0009215310278762948
512,1232,99,2.4805343201216235e-06,0.0009195766675028657
512,1233,94,2.35525480900437e-06,0.000917096133182744
512,1234,99,2.4805343201216235e-06,0.0009147408783737397
512,1235,90,2.2550312001105667e-06,0.000912260344053618
512,1236,79,1.9794162756526087e-06,0.0009100053128535075
512,1237,92,2.3051430045574683e-06,0.0009080258965778548
512,1238,88,2.204919395663665e-06,0.0009057207535732973
512,1239,73,1.829080862311904e-06,0.0009035158341776337
512,1240,98,2.4554784178981726e-06,0.0009016867533153219
512,1241,81,2.02952808009951e-06,0.0008992312748974236
512,1242,90,2.2550312001105667e-06,0.0008972017468173242
512,1243,83,2.0796398845464114e-06,0.0008949467156172136
512,1244,80,2.0044721778760593e-06,0.0008928670757326672
512,1245,99,2.4805343201216235e-06,0.0008908626035547911
512,1246,81,2.02952808009951e-06,0.0008883820692346695
512,1247,91,2.2800871023340173e-06,0.0008863525411545699
512,1248,100,2.505590222345074e-06,0.000884072454052236
512,1249,99,2.4805343201216235e-06,0.0008815668638298908
512,1250,92,2.3051430045574683e-06,0.0008790863295097692
512,1251,90,2.2550312001105667e-06,0.0008767811865052118
512,1252,93,2.330198906780919e-06,0.0008745261553051012
512,1253,90,2.2550312001105667e-06,0.0008721959563983203
512,1254,81,2.02952808009951e-06,0.0008699409251982097
512,1255,104,2.6058138312388773e-06,0.0008679113971181102
512,1256,100,2.505590222345074e-06,0.0008653055832868713
512,1257,83,2.0796398845464114e-06,0.0008627999930645263
512,1258,98,2.4554784178981726e-06,0.0008607203531799799
512,1259,107,2.6809815379092294e-06,0.0008582648747620816
512,1260,91,2.2800871023340173e-06,0.0008555838932241724
512,1261,97,2.430422515674722e-06,0.0008533038061218385
512,1262,90,2.2550312001105667e-06,0.0008508733836061637
512,1263,97,2.430422515674722e-06,0.0008486183524060531
512,1264,107,2.6809815379092294e-06,0.0008461879298903784
512,1265,95,2.3803107112278204e-06,0.0008435069483524692
512,1266,82,2.054583982322961e-06,0.0008411266376412413
512,1267,97,2.430422515674722e-06,0.0008390720536589184
512,1268,117,2.931540560143737e-06,0.0008366416311432437
512,1269,73,1.829080862311904e-06,0.0008337100905830999
512,1270,83,2.0796398845464114e-06,0.000831881009720788
512,1271,95,2.3803107112278204e-06,0.0008298013698362416
512,1272,120,3.006708266814089e-06,0.0008274210591250139
512,1273,87,2.1798634934402146e-06,0.0008244143508581997
512,1274,98,2.4554784178981726e-06,0.0008222344873647595
512,1275,100,2.505590222345074e-06,0.0008197790089468613
512,1276,97,2.430422515674722e-06,0.0008172734187245163
512,1277,93,2.330198906780919e-06,0.0008148429962088415
512,1278,92,2.3051430045574683e-06,0.0008125127973020607
512,1279,76,1.9042485689822564e-06,0.0008102076542975032
512,1280,110,2.7561492445795815e-06,0.0008083034057285209
512,1281,118,2.9565964623671874e-06,0.0008055472564839413
512,1282,100,2.505590222345074e-06,0.0008025906600215741
512,1283,91,2.2800871023340173e-06,0.0008000850697992291
512,1284,113,2.8313169512499337e-06,0.000797804982696895
512,1285,100,2.505590222345074e-06,0.0007949736657456451
512,1286,106,2.6559256356857784e-06,0.0007924680755233
512,1287,101,2.5306461245685247e-06,0.0007898121498876142
512,1288,106,2.6559256356857784e-06,0.0007872815037630457
512,1289,100,2.505590222345074e-06,0.00078462557812736
512,1290,103,2.5807579290154263e-06,0.0007821199879050149
512,1291,118,2.9565964623671874e-06,0.0007795392299759995
512,1292,116,2.906484657920286e-06,0.0007765826335136322
512,1293,126,3.1570436801547932e-06,0.000773676148855712
512,1294,99,2.4805343201216235e-06,0.0007705191051755572
512,1295,84,2.1046957867698624e-06,0.0007680385708554356
512,1296,106,2.6559256356857784e-06,0.0007659338750686657
512,1297,111,2.781205146803032e-06,0.00076327794943298
512,1298,97,2.430422515674722e-06,0.0007604967442861769
512,1299,86,2.1548075912167636e-06,0.0007580663217705021
512,1300,122,3.0568200712609905e-06,0.0007559115141792854
512,1301,107,2.6809815379092294e-06,0.0007528546941080244
512,1302,111,2.781205146803032e-06,0.0007501737125701151
512,1303,106,2.6559256356857784e-06,0.0007473925074233122
512,1304,104,2.6058138312388773e-06,0.0007447365817876264
512,1305,91,2.2800871023340173e-06,0.0007421307679563875
512,1306,103,2.5807579290154263e-06,0.0007398506808540535
512,1307,118,2.9565964623671874e-06,0.0007372699229250381
512,1308,105,2.630869733462328e-06,0.0007343133264626709
512,1309,106,2.6559256356857784e-06,0.0007316824567292086
512,1310,108,2.70603744013268e-06,0.0007290265310935228
512,1311,98,2.4554784178981726e-06,0.0007263204936533901
512,1312,97,2.430422515674722e-06,0.0007238650152354919
512,1313,113,2.8313169512499337e-06,0.0007214345927198172
512,1314,117,2.931540560143737e-06,0.0007186032757685672
512,1315,115,2.8814287556968352e-06,0.0007156717352084235
512,1316,112,2.806261049026483e-06,0.0007127903064527267
512,1317,122,3.0568200712609905e-06,0.0007099840454037002
512,1318,125,3.1319877779313426e-06,0.0007069272253324392
512,1319,123,3.081875973484441e-06,0.0007037952375545079
512,1320,114,2.8563728534733847e-06,0.0007007133615810234
512,1321,104,2.6058138312388773e-06,0.0006978569887275501
512,1322,107,2.6809815379092294e-06,0.0006952511748963111
512,1323,103,2.5807579290154263e-06,0.000692570193358402
512,1324,120,3.006708266814089e-06,0.0006899894354293865
512,1325,111,2.781205146803032e-06,0.0006869827271625724
512,1326,111,2.781205146803032e-06,0.0006842015220157694
512,1327,103,2.5807579290154263e-06,0.0006814203168689664
512,1328,128,3.2071554846016948e-06,0.000678839558939951
512,1329,101,2.5306461245685247e-06,0.0006756324034553492
512,1330,115,2.8814287556968352e-06,0.0006731017573307807
512,1331,110,2.7561492445795815e-06,0.0006702203285750838
512,1332,108,2.70603744013268e-06,0.0006674641793305043
512,1333,112,2.806261049026483e-06,0.0006647581418903716
512,1334,99,2.4805343201216235e-06,0.0006619518808413451
512,1335,117,2.931540560143737e-06,0.0006594713465212235
512,1336,117,2.931540560143737e-06,0.0006565398059610798
512,1337,99,2.4805343201216235e-06,0.000653608265400936
512,1338,120,3.006708266814089e-06,0.0006511277310808144
512,1339,127,3.1820995823782442e-06,0.0006481210228140003
512,1340,103,2.5807579290154263e-06,0.0006449389232316221
512,1341,94,2.35525480900437e-06,0.0006423581653026067
512,1342,102,2.5557020267919757e-06,0.0006400029104936023
512,1343,116,2.906484657920286e-06,0.0006374472084668103
512,1344,118,2.9565964623671874e-06,0.0006345407238088901
512,1345,116,2.906484657920286e-06,0.0006315841273465228
512,1346,111,2.781205146803032e-06,0.0006286776426886025
512,1347,100,2.505590222345074e-06,0.0006258964375417995
512,1348,114,2.8563728534733847e-06,0.0006233908473194544
512,1349,115,2.8814287556968352e-06,0.0006205344744659811
512,1350,124,3.106931875707892e-06,0.0006176530457102842
512,1351,119,2.9816523645906384e-06,0.0006145461138345763
512,1352,116,2.906484657920286e-06,0.0006115644614699857
512,1353,106,2.6559256356857784e-06,0.0006086579768120654
512,1354,111,2.781205146803032e-06,0.0006060020511763797
512,1355,96,2.405366613451271e-06,0.0006032208460295766
512,1356,119,2.9816523645906384e-06,0.0006008154794161253
512,1357,109,2.731093342356131e-06,0.0005978338270515347
512,1358,89,2.229975297887116e-06,0.0005951027337091785
512,1359,108,2.70603744013268e-06,0.0005928727584112914
512,1360,114,2.8563728534733847e-06,0.0005901667209711588
512,1361,100,2.505590222345074e-06,0.0005873103481176854
512,1362,121,3.0317641690375395e-06,0.0005848047578953403
512,1363,122,3.0568200712609905e-06,0.0005817729937263028
512,1364,130,3.2572672890485964e-06,0.0005787161736550418
512,1365,107,2.6809815379092294e-06,0.0005754589063659932
512,1366,115,2.8814287556968352e-06,0.0005727779248280839
512,1367,102,2.5557020267919757e-06,0.0005698964960723871
512,1368,108,2.70603744013268e-06,0.0005673407940455952
512,1369,104,2.6058138312388773e-06,0.0005646347566054625
512,1370,123,3.081875973484441e-06,0.0005620289427742236
512,1371,119,2.9816523645906384e-06,0.0005589470668007392
512,1372,126,3.1570436801547932e-06,0.0005559654144361484
512,1373,101,2.5306461245685247e-06,0.0005528083707559937
512,1374,113,2.8313169512499337e-06,0.0005502777246314251
512,1375,110,2.7561492445795815e-06,0.0005474464076801753
512,1376,123,3.081875973484441e-06,0.0005446902584355956
512,1377,120,3.006708266814089e-06,0.0005416083824621112
512,1378,125,3.1319877779313426e-06,0.0005386016741952971
512,1379,102,2.5557020267919757e-06,0.0005354696864173658
512,1380,119,2.9816523645906384e-06,0.0005329139843905738
512,1381,117,2.931540560143737e-06,0.0005299323320259832
512,1382,111,2.781205146803032e-06,0.0005270007914658394
512,1383,125,3.1319877779313426e-06,0.0005242195863190364
512,1384,118,2.9565964623671874e-06,0.0005210875985411051
512,1385,130,3.2572672890485964e-06,0.0005181310020787379
512,1386,98,2.4554784178981726e-06,0.0005148737347896893
512,1387,122,3.0568200712609905e-06,0.0005124182563717911
512,1388,107,2.6809815379092294e-06,0.0005093614363005302
512,1389,135,3.38254680016585e-06,0.0005066804547626209
512,1390,111,2.781205146803032e-06,0.000503297907962455
512,1391,104,2.6058138312388773e-06,0.000500516702815652
512,1392,115,2.8814287556968352e-06,0.0004979108889844132
512,1393,121,3.0317641690375395e-06,0.0004950294602287163
512,1394,118,2.9565964623671874e-06,0.0004919976960596787
512,1395,120,3.006708266814089e-06,0.0004890410995973116
512,1396,120,3.006708266814089e-06,0.00048603439133049746
512,1397,110,2.7561492445795815e-06,0.0004830276830636834
512,1398,119,2.9816523645906384e-06,0.0004802715338191038
512,1399,106,2.6559256356857784e-06,0.00047728988145451316
512,1400,128,3.2071554846016948e-06,0.0004746339558188274
512,1401,119,2.9816523645906384e-06,0.0004714268003342257
512,1402,119,2.9816523645906384e-06,0.00046844514796963503
512,1403,142,3.5579381157300053e-06,0.0004654634956050444
512,1404,109,2.731093342356131e-06,0.0004619055574893144
512,1405,121,3.0317641690375395e-06,0.0004591744641469583
512,1406,132,3.307379093495498e-06,0.0004561426999779207
512,1407,100,2.505590222345074e-06,0.0004528353208844252
512,1408,120,3.006708266814089e-06,0.0004503297306620802
512,1409,99,2.4805343201216235e-06,0.0004473230223952661
512,1410,121,3.0317641690375395e-06,0.00044484248807514446
512,1411,131,3.282323191272047e-06,0.00044181072390610693
512,1412,106,2.6559256356857784e-06,0.0004385284007148349
512,1413,94,2.35525480900437e-06,0.0004358724750791491
512,1414,113,2.8313169512499337e-06,0.0004335172202701447
512,1415,127,3.1820995823782442e-06,0.00043068590331889477
512,1416,116,2.906484657920286e-06,0.00042750380373651655
512,1417,96,2.405366613451271e-06,0.00042459731907859625
512,1418,127,3.1820995823782442e-06,0.000422191952465145
512,1419,115,2.8814287556968352e-06,0.0004190098528827667
512,1420,94,2.35525480900437e-06,0.00041612842412706993
512,1421,104,2.6058138312388773e-06,0.0004137731693180655
512,1422,116,2.906484657920286e-06,0.00041116735548682665
512,1423,129,3.2322113868251458e-06,0.00040826087082890635
512,1424,102,2.5557020267919757e-06,0.0004050286594420812
512,1425,121,3.0317641690375395e-06,0.00040247295741528927
512,1426,99,2.4805343201216235e-06,0.00039944119324625174
512,1427,100,2.505590222345074e-06,0.0003969606589261301
512,1428,114,2.8563728534733847e-06,0.000394455068703785
512,1429,97,2.430422515674722e-06,0.0003915986958503116
512,1430,103,2.5807579290154263e-06,0.0003891682733346369
512,1431,112,2.806261049026483e-06,0.0003865875154056215
512,1432,110,2.7561492445795815e-06,0.000383781254356595
512,1433,106,2.6559256356857784e-06,0.0003810251051120154
512,1434,110,2.7561492445795815e-06,0.0003783691794763296
512,1435,107,2.6809815379092294e-06,0.00037561303023175006
512,1436,107,2.6809815379092294e-06,0.0003729320486938408
512,1437,136,3.4076027023893006e-06,0.0003702510671559316
512,1438,112,2.806261049026483e-06,0.0003668434644535423
512,1439,122,3.0568200712609905e-06,0.00036403720340451583
512,1440,131,3.282323191272047e-06,0.00036098038333325484
512,1441,126,3.1570436801547932e-06,0.0003576980601419828
512,1442,103,2.5807579290154263e-06,0.000354541016461828
512,1443,104,2.6058138312388773e-06,0.0003519602585328126
512,1444,112,2.806261049026483e-06,0.0003493544447015737
512,1445,132,3.307379093495498e-06,0.0003465481836525472
512,1446,109,2.731093342356131e-06,0.0003432408045590517
512,1447,130,3.2572672890485964e-06,0.0003405097112166956
512,1448,116,2.906484657920286e-06,0.000337252443927647
512,1449,113,2.8313169512499337e-06,0.0003343459592697267
512,1450,112,2.806261049026483e-06,0.00033151464231847677
512,1451,105,2.630869733462328e-06,0.0003287083812694503
512,1452,93,2.330198906780919e-06,0.00032607751153598797
512,1453,93,2.330198906780919e-06,0.000323747312629207
512,1454,110,2.7561492445795815e-06,0.0003214171137224261
512,1455,102,2.5557020267919757e-06,0.0003186609644778465
512,1456,99,2.4805343201216235e-06,0.00031610526245105455
512,1457,119,2.9816523645906384e-06,0.0003136247281309329
512,1458,103,2.5807579290154263e-06,0.0003106430757663423
512,1459,103,2.5807579290154263e-06,0.0003080623178373269
512,1460,93,2.330198906780919e-06,0.0003054815599083114
512,1461,107,2.6809815379092294e-06,0.0003031513610015305
512,1462,112,2.806261049026483e-06,0.0003004703794636213
512,1463,101,2.5306461245685247e-06,0.0002976641184145948
512,1464,111,2.781205146803032e-06,0.00029513347229002626
512,1465,93,2.330198906780919e-06,0.00029235226714322324
512,1466,109,2.731093342356131e-06,0.00029002206823644234
512,1467,121,3.0317641690375395e-06,0.0002872909748940862
512,1468,107,2.6809815379092294e-06,0.00028425921072504866
512,1469,111,2.781205146803032e-06,0.0002815782291871394
512,1470,110,2.7561492445795815e-06,0.0002787970240403364
512,1471,102,2.5557020267919757e-06,0.0002760408747957568
512,1472,116,2.906484657920286e-06,0.00027348517276896484
512,1473,108,2.70603744013268e-06,0.00027057868811104454
512,1474,101,2.5306461245685247e-06,0.0002678726506709119
512,1475,86,2.1548075912167636e-06,0.00026534200454634334
512,1476,126,3.1570436801547932e-06,0.0002631871969551266
512,1477,105,2.630869733462328e-06,0.0002600301532749718
512,1478,121,3.0317641690375395e-06,0.00025739928354150945
512,1479,101,2.5306461245685247e-06,0.0002543675193724719
512,1480,103,2.5807579290154263e-06,0.0002518368732479034
512,1481,127,3.1820995823782442e-06,0.00024925611531888796
512,1482,92,2.3051430045574683e-06,0.00024607401573650974
512,1483,111,2.781205146803032e-06,0.00024376887273195225
512,1484,108,2.70603744013268e-06,0.00024098766758514923
512,1485,105,2.630869733462328e-06,0.00023828163014501653
512,1486,107,2.6809815379092294e-06,0.0002356507604115542
512,1487,103,2.5807579290154263e-06,0.000232969778873645
512,1488,96,2.405366613451271e-06,0.00023038902094462955
512,1489,100,2.505590222345074e-06,0.00022798365433117829
512,1490,108,2.70603744013268e-06,0.00022547806410883322
512,1491,100,2.505590222345074e-06,0.00022277202666870055
512,1492,94,2.35525480900437e-06,0.00022026643644635545
512,1493,84,2.1046957867698624e-06,0.0002179111816373511
512,1494,128,3.2071554846016948e-06,0.00021580648585058123
512,1495,95,2.3803107112278204e-06,0.00021259933036597953
512,1496,87,2.1798634934402146e-06,0.00021021901965475172
512,1497,80,2.0044721778760593e-06,0.0002080391561613115
512,1498,87,2.1798634934402146e-06,0.00020603468398343544
512,1499,86,2.1548075912167636e-06,0.00020385482048999523
512,1500,94,2.35525480900437e-06,0.00020170001289877848
512,1501,90,2.2550312001105667e-06,0.0001993447580897741
512,1502,91,2.2800871023340173e-06,0.00019708972688966351
512,1503,88,2.204919395663665e-06,0.0001948096397873295
512,1504,84,2.1046957867698624e-06,0.00019260472039166584
512,1505,95,2.3803107112278204e-06,0.00019050002460489597
512,1506,102,2.5557020267919757e-06,0.00018811971389366816
512,1507,81,2.02952808009951e-06,0.00018556401186687618
512,1508,98,2.4554784178981726e-06,0.00018353448378677668
512,1509,90,2.2550312001105667e-06,0.0001810790053688785
512,1510,94,2.35525480900437e-06,0.00017882397416876794
512,1511,90,2.2550312001105667e-06,0.00017646871935976356
512,1512,96,2.405366613451271e-06,0.000174213688159653
512,1513,85,2.129751688993313e-06,0.00017180832154620174
512,1514,93,2.330198906780919e-06,0.00016967856985720842
512,1515,79,1.9794162756526087e-06,0.0001673483709504275
512,1516,76,1.9042485689822564e-06,0.00016536895467477488
512,1517,85,2.129751688993313e-06,0.00016346470610579264
512,1518,98,2.4554784178981726e-06,0.00016133495441679932
512,1519,70,1.7539131556415519e-06,0.00015887947599890114
512,1520,82,2.054583982322961e-06,0.00015712556284325959
512,1521,76,1.9042485689822564e-06,0.00015507097886093663
512,1522,75,1.8791926667588056e-06,0.00015316673029195437
512,1523,82,2.054583982322961e-06,0.0001512875376251956
512,1524,85,2.129751688993313e-06,0.0001492329536428726
512,1525,80,2.0044721778760593e-06,0.0001471032019538793
512,1526,73,1.829080862311904e-06,0.00014509872977600324
512,1527,81,2.02952808009951e-06,0.00014326964891369135
512,1528,77,1.929304471205707e-06,0.00014124012083359183
512,1529,89,2.229975297887116e-06,0.00013931081636238613
512,1530,92,2.3051430045574683e-06,0.000137080841064499
512,1531,84,2.1046957867698624e-06,0.00013477569805994154
512,1532,67,1.6787454489711997e-06,0.00013267100227317167
512,1533,55,1.3780746222897908e-06,0.00013099225682420047
512,1534,77,1.929304471205707e-06,0.0001296141822019107
512,1535,69,1.728857253418101e-06,0.00012768487773070496
512,1536,73,1.829080862311904e-06,0.00012595602047728687
512,1537,76,1.9042485689822564e-06,0.00012412693961497498
512,1538,64,1.6035777423008474e-06,0.0001222226910459927
512,1539,69,1.728857253418101e-06,0.00012061911330369187
512,1540,59,1.4782982311835937e-06,0.00011889025605027377
512,1541,78,1.9543603734291577e-06,0.00011741195781909017
512,1542,59,1.4782982311835937e-06,0.00011545759744566102
512,1543,58,1.453242328960143e-06,0.00011397929921447741
512,1544,68,1.7038013511946503e-06,0.00011252605688551728
512,1545,75,1.8791926667588056e-06,0.00011082225553432263
512,1546,68,1.7038013511946503e-06,0.00010894306286756382
512,1547,72,1.8040249600884535e-06,0.00010723926151636917
512,1548,71,1.7789690578650027e-06,0.00010543523655628072
512,1549,55,1.3780746222897908e-06,0.00010365626749841571
512,1550,61,1.5284100356304953e-06,0.00010227819287612593
512,1551,54,1.35301872006634e-06,0.00010074978284049542
512,1552,60,1.5033541334070445e-06,9.939676412042909e-05
512,1553,63,1.5785218400773966e-06,9.789340998702204e-05
512,1554,68,1.7038013511946503e-06,9.631488814694465e-05
512,1555,52,1.3029069156194386e-06,9.461108679575e-05
512,1556,56,1.4031305245132415e-06,9.330817988013056e-05
512,1557,59,1.4782982311835937e-06,9.190504935561731e-05
512,1558,53,1.3279628178428892e-06,9.042675112443372e-05
512,1559,61,1.5284100356304953e-06,8.909878830659084e-05
512,1560,61,1.5284100356304953e-06,8.757037827096033e-05
512,1561,55,1.3780746222897908e-06,8.604196823532984e-05
512,1562,62,1.553465937853946e-06,8.466389361304005e-05
512,1563,50,1.252795111172537e-06,8.311042767518611e-05
512,1564,49,1.2277392089490863e-06,8.185763256401357e-05
512,1565,55,1.3780746222897908e-06,8.062989335506449e-05
512,1566,58,1.453242328960143e-06,7.92518187327747e-05
512,1567,61,1.5284100356304953e-06,7.779857640381455e-05
512,1568,52,1.3029069156194386e-06,7.627016636818405e-05
512,1569,58,1.453242328960143e-06,7.496725945256462e-05
512,1570,51,1.2778510133959878e-06,7.351401712360447e-05
512,1571,50,1.252795111172537e-06,7.223616611020849e-05
512,1572,58,1.453242328960143e-06,7.098337099903594e-05
512,1573,49,1.2277392089490863e-06,6.953012867007581e-05
512,1574,49,1.2277392089490863e-06,6.830238946112672e-05
512,1575,45,1.1275156000552834e-06,6.707465025217764e-05
512,1576,52,1.3029069156194386e-06,6.594713465212235e-05
512,1577,44,1.1024596978318326e-06,6.464422773650291e-05
512,1578,42,1.0523478933849312e-06,6.354176803867108e-05
512,1579,46,1.1525715022787341e-06,6.248942014528615e-05
512,1580,50,1.252795111172537e-06,6.133684864300741e-05
512,1581,50,1.252795111172537e-06,6.008405353183488e-05
512,1582,41,1.0272919911614804e-06,5.883125842066234e-05
512,1583,51,1.2778510133959878e-06,5.780396642950086e-05
512,1584,49,1.2277392089490863e-06,5.652611541610487e-05
512,1585,33,8.268447733738745e-07,5.5298376207155785e-05
512,1586,38,9.521242844911282e-07,5.447153143378191e-05
512,1587,35,8.769565778207759e-07,5.3519407149290784e-05
512,1588,38,9.521242844911282e-07,5.264245057147001e-05
512,1589,25,6.263975555862685e-07,5.1690326286978876e-05
512,1590,42,1.0523478933849312e-06,5.106392873139261e-05
512,1591,31,7.76732968926973e-07,5.001158083800768e-05
512,1592,24,6.013416533628177e-07,4.923484786908071e-05
512,1593,49,1.2277392089490863e-06,4.863350621571789e-05
512,1594,37,9.270683822676774e-07,4.74057670067688e-05
512,1595,33,8.268447733738745e-07,4.647869862450112e-05
512,1596,34,8.519006755973252e-07,4.565185385112725e-05
512,1597,24,6.013416533628177e-07,4.479995317552992e-05
512,1598,39,9.771801867145789e-07,4.4198611522167105e-05
512,1599,27,6.7650936003317e-07,4.322143133545253e-05
512,1600,26,6.514534578097193e-07,4.254492197541936e-05
512,1601,38,9.521242844911282e-07,4.189346851760964e-05
512,1602,34,8.519006755973252e-07,4.094134423311851e-05
512,1603,34,8.519006755973252e-07,4.0089443557521186e-05
512,1604,36,9.020124800442267e-07,3.923754288192386e-05
512,1605,33,8.268447733738745e-07,3.8335530401879635e-05
512,1606,32,8.017888711504237e-07,3.750868562850576e-05
512,1607,41,1.0272919911614804e-06,3.6706896757355335e-05
512,1608,30,7.516770667035222e-07,3.567960476619386e-05
512,1609,35,8.769565778207759e-07,3.492792769949033e-05
512,1610,32,8.017888711504237e-07,3.405097112166956e-05
512,1611,19,4.760621422455641e-07,3.324918225051913e-05
512,1612,32,8.017888711504237e-07,3.2773120108273566e-05
512,1613,29,7.266211644800715e-07,3.197133123712315e-05
512,1614,22,5.512298489159163e-07,3.1244710072643073e-05
512,1615,24,6.013416533628177e-07,3.069348022372716e-05
512,1616,29,7.266211644800715e-07,3.009213857036434e-05
512,1617,34,8.519006755973252e-07,2.936551740588427e-05
512,1618,22,5.512298489159163e-07,2.8513616730286943e-05
512,1619,23,5.762857511393671e-07,2.7962386881371026e-05
512,1620,26,6.514534578097193e-07,2.738610113023166e-05
512,1621,15,3.758385333517611e-07,2.6734647672421942e-05
512,1622,20,5.011180444690148e-07,2.635880913907018e-05
512,1623,18,4.5100624002211336e-07,2.5857691094601166e-05
512,1624,18,4.5100624002211336e-07,2.540668485457905e-05
512,1625,27,6.7650936003317e-07,2.4955678614556937e-05
512,1626,26,6.514534578097193e-07,2.427916925452377e-05
512,1627,20,5.011180444690148e-07,2.362771579671405e-05
512,1628,25,6.263975555862685e-07,2.3126597752245032e-05
512,1629,21,5.261739466924656e-07,2.2500200196658765e-05
512,1630,15,3.758385333517611e-07,2.19740262499663e-05
512,1631,19,4.760621422455641e-07,2.159818771661454e-05
512,1632,15,3.758385333517611e-07,2.1122125574368973e-05
512,1633,13,3.2572672890485966e-07,2.0746287041017214e-05
512,1634,12,3.0067082668140887e-07,2.0420560312112355e-05
512,1635,23,5.762857511393671e-07,2.0119889485430943e-05
512,1636,23,5.762857511393671e-07,1.9543603734291576e-05
512,1637,19,4.760621422455641e-07,1.896731798315221e-05
512,1638,12,3.0067082668140887e-07,1.8491255840906646e-05
512,1639,17,4.259503377986626e-07,1.8190585014225238e-05
512,1640,16,4.0089443557521185e-07,1.7764634676426575e-05
512,1641,15,3.758385333517611e-07,1.7363740240851363e-05
512,1642,17,4.259503377986626e-07,1.6987901707499604e-05
512,1643,18,4.5100624002211336e-07,1.656195136970094e-05
512,1644,16,4.0089443557521185e-07,1.6110945129678825e-05
512,1645,18,4.5100624002211336e-07,1.5710050694103616e-05
512,1646,6,1.5033541334070444e-07,1.5259044454081503e-05
512,1647,11,2.7561492445795814e-07,1.5108709040740797e-05
512,1648,17,4.259503377986626e-07,1.4833094116282838e-05
512,1649,16,4.0089443557521185e-07,1.4407143778484176e-05
512,1650,11,2.7561492445795814e-07,1.4006249342908965e-05
512,1651,16,4.0089443557521185e-07,1.3730634418451007e-05
512,1652,12,3.0067082668140887e-07,1.3329739982875794e-05
512,1653,17,4.259503377986626e-07,1.3029069156194385e-05
512,1654,19,4.760621422455641e-07,1.2603118818395723e-05
512,1655,19,4.760621422455641e-07,1.2127056676150158e-05
512,1656,15,3.758385333517611e-07,1.1650994533904595e-05
512,1657,10,2.505590222345074e-07,1.1275156000552833e-05
512,1658,13,3.2572672890485966e-07,1.1024596978318326e-05
512,1659,15,3.758385333517611e-07,1.0698870249413466e-05
512,1660,14,3.507826311283104e-07,1.0323031716061705e-05
512,1661,11,2.7561492445795814e-07,9.972249084933394e-06
512,1662,10,2.505590222345074e-07,9.696634160475436e-06
512,1663,16,4.0089443557521185e-07,9.44607513824093e-06
512,1664,10,2.505590222345074e-07,9.045180702665717e-06
512,1665,12,3.0067082668140887e-07,8.79462168043121e-06
512,1666,5,1.252795111172537e-07,8.493950853749802e-06
512,1667,8,2.0044721778760592e-07,8.368671342632548e-06
512,1668,3,7.516770667035222e-08,8.168224124844941e-06
512,1669,11,2.7561492445795814e-07,8.09305641817459e-06
512,1670,18,4.5100624002211336e-07,7.817441493716631e-06
512,1671,12,3.0067082668140887e-07,7.366435253694518e-06
512,1672,8,2.0044721778760592e-07,7.065764427013109e-06
512,1673,11,2.7561492445795814e-07,6.865317209225503e-06
512,1674,3,7.516770667035222e-08,6.589702284767545e-06
512,1675,9,2.2550312001105668e-07,6.514534578097193e-06
512,1676,12,3.0067082668140887e-07,6.289031458086136e-06
512,1677,6,1.5033541334070444e-07,5.988360631404727e-06
512,1678,3,7.516770667035222e-08,5.838025218064023e-06
512,1679,11,2.7561492445795814e-07,5.7628575113936705e-06
512,1680,8,2.0044721778760592e-07,5.487242586935712e-06
512,1681,6,1.5033541334070444e-07,5.286795369148107e-06
512,1682,3,7.516770667035222e-08,5.1364599558074015e-06
512,1683,6,1.5033541334070444e-07,5.061292249137049e-06
512,1684,5,1.252795111172537e-07,4.910956835796345e-06
512,1685,6,1.5033541334070444e-07,4.785677324679092e-06
512,1686,5,1.252795111172537e-07,4.635341911338387e-06
512,1687,4,1.0022360889380296e-07,4.510062400221133e-06
512,1688,4,1.0022360889380296e-07,4.40983879132733e-06
512,1689,2,5.011180444690148e-08,4.309615182433527e-06
512,1690,8,2.0044721778760592e-07,4.259503377986626e-06
512,1691,2,5.011180444690148e-08,4.05905616019902e-06
512,1692,3,7.516770667035222e-08,4.008944355752119e-06
512,1693,6,1.5033541334070444e-07,3.9337766490817665e-06
512,1694,1,2.505590222345074e-08,3.7834412357410617e-06
512,1695,5,1.252795111172537e-07,3.758385333517611e-06
512,1696,4,1.0022360889380296e-07,3.6331058224003575e-06
512,1697,6,1.5033541334070444e-07,3.5328822135065543e-06
512,1698,2,5.011180444690148e-08,3.38254680016585e-06
512,1699,8,2.0044721778760592e-07,3.3324349957189485e-06
512,1700,4,1.0022360889380296e-07,3.1319877779313426e-06
512,1701,2,5.011180444690148e-08,3.0317641690375395e-06
512,1702,6,1.5033541334070444e-07,2.9816523645906384e-06
512,1703,3,7.516770667035222e-08,2.8313169512499337e-06
512,1704,3,7.516770667035222e-08,2.7561492445795815e-06
512,1705,3,7.516770667035222e-08,2.6809815379092294e-06
512,1706,2,5.011180444690148e-08,2.6058138312388773e-06
512,1707,6,1.5033541334070444e-07,2.5557020267919757e-06
512,1708,7,1.753913155641552e-07,2.405366613451271e-06
512,1709,3,7.516770667035222e-08,2.229975297887116e-06
512,1710,1,2.505590222345074e-08,2.1548075912167636e-06
512,1711,4,1.0022360889380296e-07,2.129751688993313e-06
512,1712,4,1.0022360889380296e-07,2.02952808009951e-06
512,1714,2,5.011180444690148e-08,1.929304471205707e-06
512,1715,5,1.252795111172537e-07,1.8791926667588056e-06
512,1716,2,5.011180444690148e-08,1.7539131556415519e-06
512,1717,2,5.011180444690148e-08,1.7038013511946503e-06
512,1718,4,1.0022360889380296e-07,1.653689546747749e-06
512,1719,2,5.011180444690148e-08,1.553465937853946e-06
512,1720,3,7.516770667035222e-08,1.5033541334070445e-06
512,1721,3,7.516770667035222e-08,1.4281864267366923e-06
512,1722,1,2.505590222345074e-08,1.35301872006634e-06
512,1723,2,5.011180444690148e-08,1.3279628178428892e-06
512,1725,3,7.516770667035222e-08,1.2778510133959878e-06
512,1726,1,2.505590222345074e-08,1.2026833067256355e-06
512,1727,2,5.011180444690148e-08,1.177627404502185e-06
512,1729,2,5.011180444690148e-08,1.1275156000552834e-06
512,1730,2,5.011180444690148e-08,1.0774037956083818e-06
512,1731,2,5.011180444690148e-08,1.0272919911614804e-06
512,1733,4,1.0022360889380296e-07,9.771801867145789e-07
512,1734,1,2.505590222345074e-08,8.769565778207759e-07
512,1735,2,5.011180444690148e-08,8.519006755973252e-07
512,1736,1,2.505590222345074e-08,8.017888711504237e-07
512,1737,1,2.505590222345074e-08,7.76732968926973e-07
512,1738,2,5.011180444690148e-08,7.516770667035222e-07
512,1741,1,2.505590222345074e-08,7.015652622566208e-07
512,1743,2,5.011180444690148e-08,6.7650936003317e-07
512,1744,1,2.505590222345074e-08,6.263975555862685e-07
512,1746,1,2.505590222345074e-08,6.013416533628177e-07
512,1748,1,2.505590222345074e-08,5.762857511393671e-07
512,1749,1,2.505590222345074e-08,5.512298489159163e-07
512,1750,1,2.505590222345074e-08,5.261739466924656e-07
512,1753,1,2.505590222345074e-08,5.011180444690148e-07
512,1756,3,7.516770667035222e-08,4.760621422455641e-07
512,1757,1,2.505590222345074e-08,4.0089443557521185e-07
512,1760,1,2.505590222345074e-08,3.758385333517611e-07
512,1761,2,5.011180444690148e-08,3.507826311283104e-07
512,1762,1,2.505590222345074e-08,3.0067082668140887e-07
512,1763,2,5.011180444690148e-08,2.7561492445795814e-07
512,1765,1,2.505590222345074e-08,2.2550312001105668e-07
512,1768,3,7.516770667035222e-08,2.0044721778760592e-07
512,1769,1,2.505590222345074e-08,1.252795111172537e-07
512,1773,1,2.505590222345074e-08,1.0022360889380296e-07
512,1795,1,2.505590222345074e-08,7.516770667035222e-08
512,1804,1,2.505590222345074e-08,5.011180444690148e-08
512,1807,1,2.505590222345074e-08,2.505590222345074e-08
1024,1,37158591,0.9208519313569555,1.0
1024,2,2125269,0.052667714534791306,0.07914806864304448
1024,3,481836,0.011940700636289197,0.026480354108253175
1024,4,195034,0.004833268182323503,0.014539653471963976
1024,5,101128,0.002506120700708652,0.009706385289640474
1024,6,60537,0.0015002079429910573,0.007200264588931822
1024,7,39440,0.000977389055809956,0.005700056645940765
1024,8,26904,0.0006667260435474405,0.004722667590130809
1024,9,19341,0.0004793022750613681,0.004055941546583368
1024,10,14404,0.0003569551713967192,0.0035766392715220006
1024,11,11126,0.00027572085788391405,0.0032196841001252813
1024,12,8985,0.00022266330290193848,0.002943963242241367
1024,13,7123,0.00017651983378636703,0.0027212999393394287
1024,14,5853,0.00014504711317585376,0.002544780105553062
1024,15,4869,0.00012066195012014897,0.002399732992377208
1024,16,4046,0.00010026663589774548,0.002279071042257059
1024,17,3643,9.027962297960622e-05,0.0021788044063593133
1024,18,3038,7.528671276751131e-05,0.0020885247833797075
1024,19,2659,6.589445992390144e-05,0.002013238070612196
1024,20,2248,5.5709193647585724e-05,0.0019473436106882945
1024,21,1964,4.8671199432321333e-05,0.0018916344170407087
1024,22,1826,4.525132900377737e-05,0.0018429632176083875
1024,23,1629,4.0369340058682005e-05,0.00179771188860461
1024,24,1416,3.509084439723371e-05,0.0017573425485459281
1024,25,1315,3.258789575025588e-05,0.0017222517041486944
1024,26,1151,2.852370190763842e-05,0.0016896638083984386
1024,27,1053,2.6095098269976764e-05,0.0016611401064908
1024,28,951,2.3567367953226878e-05,0.0016350450082208232
1024,29,908,2.2501756153028396e-05,0.0016114776402675964
1024,30,778,1.9280139082660894e-05,0.001588975884114568
1024,31,731,1.8115400603374182e-05,0.0015696957450319071
1024,32,642,1.5909831993661048e-05,0.0015515803444285329
1024,33,597,1.479465685391845e-05,0.001535670512434872
1024,34,561,1.3902516742124373e-05,0.0015208758555809534
1024,35,500,1.2390834886028853e-05,0.0015069733388388292
1024,36,480,1.1895201490587699e-05,0.0014945825039528002
1024,37,438,1.0854371360161275e-05,0.0014826873024622125
1024,38,402,9.962231248367198e-06,0.0014718329311020513
1024,39,383,9.491379522698102e-06,0.001461870699853684
1024,40,387,9.590506201786332e-06,0.0014523793203309859
1024,41,364,9.020527797029004e-06,0.0014427888141291996
1024,42,320,7.930134327058466e-06,0.0014337682863321706
1024,43,303,7.508845940933485e-06,0.001425838152005112
1024,44,295,7.310592582757023e-06,0.0014183293060641786
1024,45,276,6.8397408570879265e-06,0.0014110187134814217
1024,46,247,6.121072433698253e-06,0.0014041789726243338
1024,47,273,6.765395847771754e-06,0.0013980579001906354
1024,48,230,5.699784047573272e-06,0.0013912925043428636
1024,49,247,6.121072433698253e-06,0.0013855927202952904
1024,50,215,5.328059000992407e-06,0.0013794716478615922
1024,51,179,4.435918889198329e-06,0.0013741435888605998
1024,52,182,4.510263898514502e-06,0.0013697076699714014
1024,53,181,4.485482228742445e-06,0.001365197406072887
1024,54,156,3.865940484441002e-06,0.0013607119238441445
1024,55,161,3.98984883330129e-06,0.0013568459833597035
1024,56,135,3.3455254192277904e-06,0.0013528561345264023
1024,57,127,3.1472720610513286e-06,0.0013495106091071744
1024,58,123,3.048145381963098e-06,0.0013463633370461232
1024,59,126,3.1224903912792707e-06,0.00134331519166416
1024,60,152,3.766813805352771e-06,0.0013401927012728807
1024,61,108,2.676420335382232e-06,0.0013364258874675279
1024,62,140,3.469433768088079e-06,0.0013337494671321456
1024,63,112,2.775547014470463e-06,0.0013302800333640577
1024,64,102,2.527730316749886e-06,0.001327504486349587
1024,65,101,2.5029486469778282e-06,0.0013249767560328373
1024,66,99,2.453385307433713e-06,0.0013224738073858596
1024,67,88,2.1807869399410783e-06,0.0013200204220784257
1024,68,89,2.2055686097131357e-06,0.0013178396351384847
1024,69,84,2.081660260852847e-06,0.0013156340665287716
1024,70,85,2.106441930624905e-06,0.0013135524062679188
1024,71,101,2.5029486469778282e-06,0.0013114459643372939
1024,72,69,1.7099352142719816e-06,0.001308943015690316
1024,73,66,1.6355902049558086e-06,0.0013072330804760439
1024,74,64,1.5860268654116932e-06,0.0013055974902710882
1024,75,83,2.0568785910807897e-06,0.0013040114634056766
1024,76,73,1.8090618933602125e-06,0.0013019545848145958
1024,77,61,1.51168185609552e-06,0.0013001455229212356
1024,78,73,1.8090618933602125e-06,0.00129863384106514
1024,79,70,1.7347168840440395e-06,0.0012968247791717796
1024,80,66,1.6355902049558086e-06,0.0012950900622877358
1024,81,56,1.3877735072352314e-06,0.0012934544720827799
1024,82,58,1.437336846779347e-06,0.0012920666985755448
1024,83,65,1.610808535183751e-06,0.0012906293617287654
1024,84,47,1.1647384792867122e-06,0.0012890185531935815
1024,85,60,1.4869001863234623e-06,0.0012878538147142948
1024,86,47,1.1647384792867122e-06,0.0012863669145279713
1024,87,51,1.263865158374943e-06,0.0012852021760486846
1024,88,48,1.1895201490587698e-06,0.0012839383108903097
1024,89,51,1.263865158374943e-06,0.001282748790741251
1024,90,42,1.0408301304264236e-06,0.001281484925582876
1024,91,39,9.664851211102506e-07,0.0012804440954524497
1024,92,38,9.417034513381928e-07,0.0012794776103313393
1024,93,35,8.673584420220198e-07,0.0012785359068800011
1024,94,45,1.1151751397425968e-06,0.001277668548437979
1024,95,41,1.016048460654366e-06,0.0012765533732982364
1024,96,27,6.69105083845558e-07,0.0012755373248375822
1024,97,46,1.1399568095146545e-06,0.0012748682197537367
1024,98,40,9.912667908823082e-07,0.001273728262944222
1024,99,34,8.42576772249962e-07,0.0012727369961533397
1024,100,28,6.938867536176157e-07,0.0012718944193810897
1024,101,33,8.177951024779043e-07,0.0012712005326274722
1024,102,41,1.016048460654366e-06,0.0012703827375249942
1024,103,18,4.460700558970387e-07,0.0012693666890643397
1024,104,36,8.921401117940774e-07,0.0012689206190084428
1024,105,31,7.682317629337888e-07,0.0012680284788966487
1024,106,39,9.664851211102506e-07,0.0012672602471337148
1024,107,31,7.682317629337888e-07,0.0012662937620126046
1024,108,22,5.451967349852696e-07,0.0012655255302496708
1024,109,31,7.682317629337888e-07,0.0012649803335146857
1024,110,27,6.69105083845558e-07,0.0012642121017517518
1024,111,19,4.708517256690964e-07,0.0012635429966679063
1024,112,17,4.21288386124981e-07,0.001263072144942237
1024,113,31,7.682317629337888e-07,0.0012626508565561122
1024,114,25,6.195417443014427e-07,0.0012618826247931783
1024,115,20,4.956333954411541e-07,0.001261263083048877
1024,116,27,6.69105083845558e-07,0.0012607674496534359
1024,117,15,3.717250465808656e-07,0.0012600983445695902
1024,118,23,5.699784047573272e-07,0.0012597266195230094
1024,119,11,2.725983674926348e-07,0.001259156641118252
1024,120,13,3.221617070367502e-07,0.0012588840427507594
1024,121,21,5.204150652132118e-07,0.0012585618810437226
1024,122,19,4.708517256690964e-07,0.0012580414659785094
1024,123,23,5.699784047573272e-07,0.0012575706142528404
1024,124,14,3.4694337680880786e-07,0.001257000635848083
1024,125,29,7.186684233896735e-07,0.0012566536924712743
1024,126,19,4.708517256690964e-07,0.0012559350240478845
1024,127,11,2.725983674926348e-07,0.0012554641723222155
1024,128,14,3.4694337680880786e-07,0.0012551915739547228
1024,129,17,4.21288386124981e-07,0.001254844630577914
1024,130,25,6.195417443014427e-07,0.001254423342191789
1024,131,12,2.9738003726469246e-07,0.0012538038004474875
1024,132,22,5.451967349852696e-07,0.0012535064204102228
1024,133,8,1.9825335817646166e-07,0.0012529612236752375
1024,134,13,3.221617070367502e-07,0.0012527629703170612
1024,135,6,1.4869001863234623e-07,0.0012524408086100245
1024,136,8,1.9825335817646166e-07,0.001252292118591392
1024,137,11,2.725983674926348e-07,0.0012520938652332155
1024,138,13,3.221617070367502e-07,0.0012518212668657228
1024,139,17,4.21288386124981e-07,0.0012514991051586861
1024,140,13,3.221617070367502e-07,0.0012510778167725612
1024,141,17,4.21288386124981e-07,0.0012507556550655245
1024,142,11,2.725983674926348e-07,0.0012503343666793994
1024,143,14,3.4694337680880786e-07,0.001250061768311907
1024,144,14,3.4694337680880786e-07,0.001249714824935098
1024,145,7,1.7347168840440393e-07,0.0012493678815582892
1024,146,12,2.9738003726469246e-07,0.001249194409869885
1024,147,11,2.725983674926348e-07,0.0012488970298326202
1024,148,14,3.4694337680880786e-07,0.0012486244314651276
1024,149,11,2.725983674926348e-07,0.0012482774880883188
1024,150,9,2.2303502794851936e-07,0.0012480048897208261
1024,151,4,9.912667908823083e-08,0.0012477818546928776
1024,152,12,2.9738003726469246e-07,0.0012476827280137894
1024,153,12,2.9738003726469246e-07,0.0012473853479765247
1024,154,11,2.725983674926348e-07,0.00124708796793926
1024,155,6,1.4869001863234623e-07,0.0012468153695717674
1024,156,8,1.9825335817646166e-07,0.001246666679553135
1024,157,7,1.7347168840440393e-07,0.0012464684261949586
1024,158,4,9.912667908823083e-08,0.001246294954506554
1024,159,4,9.912667908823083e-08,0.001246195827827466
1024,160,4,9.912667908823083e-08,0.0012460967011483776
1024,161,9,2.2303502794851936e-07,0.0012459975744692894
1024,162,3,7.434500931617311e-08,0.0012457745394413408
1024,163,9,2.2303502794851936e-07,0.0012457001944320247
1024,164,4,9.912667908823083e-08,0.0012454771594040761
1024,165,10,2.4781669772057706e-07,0.001245378032724988
1024,166,7,1.7347168840440393e-07,0.0012451302160272674
1024,167,3,7.434500931617311e-08,0.0012449567443388629
1024,168,4,9.912667908823083e-08,0.0012448823993295467
1024,169,6,1.4869001863234623e-07,0.0012447832726504586
1024,170,8,1.9825335817646166e-07,0.0012446345826318261
1024,171,6,1.4869001863234623e-07,0.0012444363292736498
1024,172,3,7.434500931617311e-08,0.0012442876392550174
1024,173,3,7.434500931617311e-08,0.0012442132942457012
1024,174,7,1.7347168840440393e-07,0.0012441389492363851
1024,175,12,2.9738003726469246e-07,0.0012439654775479806
1024,176,7,1.7347168840440393e-07,0.001243668097510716
1024,177,5,1.2390834886028853e-07,0.0012434946258223117
1024,178,3,7.434500931617311e-08,0.0012433707174734512
1024,179,4,9.912667908823083e-08,0.0012432963724641351
1024,180,4,9.912667908823083e-08,0.001243197245785047
1024,181,6,1.4869001863234623e-07,0.0012430981191059586
1024,182,3,7.434500931617311e-08,0.0012429494290873264
1024,183,3,7.434500931617311e-08,0.00124287508407801
1024,184,3,7.434500931617311e-08,0.001242800739068694
1024,185,1,2.4781669772057707e-08,0.0012427263940593778
1024,186,3,7.434500931617311e-08,0.0012427016123896057
1024,187,3,7.434500931617311e-08,0.0012426272673802896
1024,188,4,9.912667908823083e-08,0.0012425529223709733
1024,189,2,4.9563339544115414e-08,0.0012424537956918851
1024,190,3,7.434500931617311e-08,0.001242404232352341
1024,191,4,9.912667908823083e-08,0.001242329887343025
1024,192,2,4.9563339544115414e-08,0.0012422307606639366
1024,193,4,9.912667908823083e-08,0.0012421811973243925
1024,194,3,7.434500931617311e-08,0.0012420820706453043
1024,195,3,7.434500931617311e-08,0.0012420077256359882
1024,196,1,2.4781669772057707e-08,0.0012419333806266719
1024,198,4,9.912667908823083e-08,0.0012419085989568998
1024,199,3,7.434500931617311e-08,0.0012418094722778117
1024,200,5,1.2390834886028853e-07,0.0012417351272684955
1024,201,2,4.9563339544115414e-08,0.0012416112189196351
1024,202,7,1.7347168840440393e-07,0.001241561655580091
1024,203,1,2.4781669772057707e-08,0.0012413881838916866
1024,204,2,4.9563339544115414e-08,0.0012413634022219145
1024,205,2,4.9563339544115414e-08,0.0012413138388823704
1024,206,1,2.4781669772057707e-08,0.0012412642755428264
1024,207,2,4.9563339544115414e-08,0.0012412394938730543
1024,209,2,4.9563339544115414e-08,0.0012411899305335102
1024,210,3,7.434500931617311e-08,0.0012411403671939662
1024,211,2,4.9563339544115414e-08,0.0012410660221846498
1024,212,1,2.4781669772057707e-08,0.0012410164588451057
1024,213,2,4.9563339544115414e-08,0.0012409916771753337
1024,214,2,4.9563339544115414e-08,0.0012409421138357896
1024,216,3,7.434500931617311e-08,0.0012408925504962455
1024,218,3,7.434500931617311e-08,0.0012408182054869294
1024,219,5,1.2390834886028853e-07,0.001240743860477613
1024,220,3,7.434500931617311e-08,0.0012406199521287529
1024,222,2,4.9563339544115414e-08,0.0012405456071194368
1024,223,2,4.9563339544115414e-08,0.0012404960437798925
1024,224,1,2.4781669772057707e-08,0.0012404464804403484
1024,225,4,9.912667908823083e-08,0.0012404216987705764
1024,226,2,4.9563339544115414e-08,0.0012403225720914882
1024,230,2,4.9563339544115414e-08,0.0012402730087519441
1024,233,1,2.4781669772057707e-08,0.0012402234454124
1024,234,2,4.9563339544115414e-08,0.0012401986637426278
1024,235,1,2.4781669772057707e-08,0.0012401491004030837
1024,236,2,4.9563339544115414e-08,0.0012401243187333117
1024,237,1,2.4781669772057707e-08,0.0012400747553937676
1024,238,1,2.4781669772057707e-08,0.0012400499737239955
1024,239,2,4.9563339544115414e-08,0.0012400251920542235
1024,242,2,4.9563339544115414e-08,0.0012399756287146794
1024,244,1,2.4781669772057707e-08,0.0012399260653751353
1024,245,1,2.4781669772057707e-08,0.001239901283705363
1024,247,1,2.4781669772057707e-08,0.001239876502035591
1024,249,2,4.9563339544115414e-08,0.001239851720365819
1024,250,2,4.9563339544115414e-08,0.001239802157026275
1024,251,2,4.9563339544115414e-08,0.0012397525936867309
1024,252,1,2.4781669772057707e-08,0.0012397030303471868
1024,254,1,2.4781669772057707e-08,0.0012396782486774147
1024,256,1,2.4781669772057707e-08,0.0012396534670076427
1024,257,1,2.4781669772057707e-08,0.0012396286853378707
1024,258,1,2.4781669772057707e-08,0.0012396039036680984
1024,260,1,2.4781669772057707e-08,0.0012395791219983264
1024,264,1,2.4781669772057707e-08,0.0012395543403285543
1024,265,1,2.4781669772057707e-08,0.0012395295586587823
1024,266,3,7.434500931617311e-08,0.0012395047769890102
1024,269,1,2.4781669772057707e-08,0.0012394304319796941
1024,271,1,2.4781669772057707e-08,0.001239405650309922
1024,277,1,2.4781669772057707e-08,0.00123938086864015
1024,283,1,2.4781669772057707e-08,0.001239356086970378
1024,288,1,2.4781669772057707e-08,0.001239331305300606
1024,289,1,2.4781669772057707e-08,0.0012393065236308337
1024,295,1,2.4781669772057707e-08,0.0012392817419610617
1024,296,1,2.4781669772057707e-08,0.0012392569602912896
1024,359,1,2.4781669772057707e-08,0.0012392321786215176
1024,360,1,2.4781669772057707e-08,0.0012392073969517455
1024,403,1,2.4781669772057707e-08,0.0012391826152819735
1024,419,1,2.4781669772057707e-08,0.0012391578336122015
1024,429,1,2.4781669772057707e-08,0.0012391330519424294
1024,436,1,2.4781669772057707e-08,0.0012391082702726574
1024,511,1,2.4781669772057707e-08,0.0012390834886028853
1024,581,1,2.4781669772057707e-08,0.0012390587069331133
1024,598,1,2.4781669772057707e-08,0.0012390339252633413
1024,613,2,4.9563339544115414e-08,0.001239009143593569
1024,617,1,2.4781669772057707e-08,0.001238959580254025
1024,630,1,2.4781669772057707e-08,0.0012389347985842529
1024,641,1,2.4781669772057707e-08,0.0012389100169144809
1024,648,1,2.4781669772057707e-08,0.0012388852352447088
1024,652,1,2.4781669772057707e-08,0.0012388604535749368
1024,663,1,2.4781669772057707e-08,0.0012388356719051647
1024,664,1,2.4781669772057707e-08,0.0012388108902353927
1024,669,1,2.4781669772057707e-08,0.0012387861085656207
1024,692,1,2.4781669772057707e-08,0.0012387613268958486
1024,701,1,2.4781669772057707e-08,0.0012387365452260766
1024,702,1,2.4781669772057707e-08,0.0012387117635563043
1024,705,1,2.4781669772057707e-08,0.0012386869818865323
1024,709,1,2.4781669772057707e-08,0.0012386622002167602
1024,711,1,2.4781669772057707e-08,0.0012386374185469882
1024,713,1,2.4781669772057707e-08,0.0012386126368772162
1024,716,1,2.4781669772057707e-08,0.0012385878552074441
1024,719,1,2.4781669772057707e-08,0.001238563073537672
1024,722,1,2.4781669772057707e-08,0.0012385382918679
1024,730,1,2.4781669772057707e-08,0.001238513510198128
1024,731,2,4.9563339544115414e-08,0.001238488728528356
1024,738,1,2.4781669772057707e-08,0.0012384391651888119
1024,739,1,2.4781669772057707e-08,0.0012384143835190396
1024,745,1,2.4781669772057707e-08,0.0012383896018492676
1024,747,1,2.4781669772057707e-08,0.0012383648201794955
1024,750,1,2.4781669772057707e-08,0.0012383400385097235
1024,751,1,2.4781669772057707e-08,0.0012383152568399515
1024,753,1,2.4781669772057707e-08,0.0012382904751701794
1024,754,1,2.4781669772057707e-08,0.0012382656935004074
1024,757,1,2.4781669772057707e-08,0.0012382409118306353
1024,758,1,2.4781669772057707e-08,0.0012382161301608633
1024,762,1,2.4781669772057707e-08,0.0012381913484910913
1024,763,1,2.4781669772057707e-08,0.0012381665668213192
1024,764,2,4.9563339544115414e-08,0.0012381417851515472
1024,765,1,2.4781669772057707e-08,0.001238092221812003
1024,769,1,2.4781669772057707e-08,0.0012380674401422309
1024,771,3,7.434500931617311e-08,0.0012380426584724588
1024,772,1,2.4781669772057707e-08,0.0012379683134631427
1024,773,1,2.4781669772057707e-08,0.0012379435317933707
1024,777,1,2.4781669772057707e-08,0.0012379187501235986
1024,778,2,4.9563339544115414e-08,0.0012378939684538266
1024,779,2,4.9563339544115414e-08,0.0012378444051142825
1024,781,2,4.9563339544115414e-08,0.0012377948417747382
1024,783,2,4.9563339544115414e-08,0.0012377452784351941
1024,784,2,4.9563339544115414e-08,0.00123769571509565
1024,786,2,4.9563339544115414e-08,0.001237646151756106
1024,788,1,2.4781669772057707e-08,0.0012375965884165619
1024,792,1,2.4781669772057707e-08,0.0012375718067467898
1024,795,1,2.4781669772057707e-08,0.0012375470250770178
1024,796,4,9.912667908823083e-08,0.0012375222434072458
1024,797,3,7.434500931617311e-08,0.0012374231167281574
1024,798,2,4.9563339544115414e-08,0.0012373487717188413
1024,801,1,2.4781669772057707e-08,0.0012372992083792972
1024,802,1,2.4781669772057707e-08,0.0012372744267095251
1024,804,1,2.4781669772057707e-08,0.0012372496450397531
1024,806,1,2.4781669772057707e-08,0.001237224863369981
1024,807,2,4.9563339544115414e-08,0.0012372000817002088
1024,808,3,7.434500931617311e-08,0.0012371505183606647
1024,809,3,7.434500931617311e-08,0.0012370761733513486
1024,810,3,7.434500931617311e-08,0.0012370018283420325
1024,812,2,4.9563339544115414e-08,0.0012369274833327164
1024,813,1,2.4781669772057707e-08,0.001236877919993172
1024,815,1,2.4781669772057707e-08,0.0012368531383234
1024,817,1,2.4781669772057707e-08,0.001236828356653628
1024,819,2,4.9563339544115414e-08,0.001236803574983856
1024,821,3,7.434500931617311e-08,0.0012367540116443119
1024,824,1,2.4781669772057707e-08,0.0012366796666349958
1024,825,2,4.9563339544115414e-08,0.0012366548849652237
1024,826,3,7.434500931617311e-08,0.0012366053216256794
1024,827,1,2.4781669772057707e-08,0.0012365309766163633
1024,829,3,7.434500931617311e-08,0.0012365061949465913
1024,832,1,2.4781669772057707e-08,0.0012364318499372751
1024,834,1,2.4781669772057707e-08,0.0012364070682675031
1024,835,3,7.434500931617311e-08,0.001236382286597731
1024,836,2,4.9563339544115414e-08,0.0012363079415884147
1024,837,1,2.4781669772057707e-08,0.0012362583782488707
1024,840,1,2.4781669772057707e-08,0.0012362335965790986
1024,842,2,4.9563339544115414e-08,0.0012362088149093266
1024,843,2,4.9563339544115414e-08,0.0012361592515697825
1024,844,2,4.9563339544115414e-08,0.0012361096882302384
1024,845,3,7.434500931617311e-08,0.0012360601248906943
1024,846,2,4.9563339544115414e-08,0.001235985779881378
1024,847,1,2.4781669772057707e-08,0.001235936216541834
1024,848,2,4.9563339544115414e-08,0.0012359114348720619
1024,849,1,2.4781669772057707e-08,0.0012358618715325178
1024,850,1,2.4781669772057707e-08,0.0012358370898627458
1024,851,6,1.4869001863234623e-07,0.0012358123081929737
1024,852,3,7.434500931617311e-08,0.0012356636181743413
1024,853,1,2.4781669772057707e-08,0.0012355892731650251
1024,855,1,2.4781669772057707e-08,0.0012355644914952531
1024,856,2,4.9563339544115414e-08,0.001235539709825481
1024,857,3,7.434500931617311e-08,0.001235490146485937
1024,858,3,7.434500931617311e-08,0.0012354158014766207
1024,859,3,7.434500931617311e-08,0.0012353414564673045
1024,860,1,2.4781669772057707e-08,0.0012352671114579884
1024,861,4,9.912667908823083e-08,0.0012352423297882164
1024,862,2,4.9563339544115414e-08,0.0012351432031091282
1024,863,3,7.434500931617311e-08,0.001235093639769584
1024,864,2,4.9563339544115414e-08,0.0012350192947602678
1024,865,2,4.9563339544115414e-08,0.0012349697314207237
1024,866,3,7.434500931617311e-08,0.0012349201680811796
1024,867,2,4.9563339544115414e-08,0.0012348458230718635
1024,868,4,9.912667908823083e-08,0.0012347962597323192
1024,869,3,7.434500931617311e-08,0.001234697133053231
1024,870,3,7.434500931617311e-08,0.001234622788043915
1024,871,2,4.9563339544115414e-08,0.0012345484430345988
1024,872,3,7.434500931617311e-08,0.0012344988796950545
1024,873,4,9.912667908823083e-08,0.0012344245346857384
1024,874,1,2.4781669772057707e-08,0.0012343254080066503
1024,875,2,4.9563339544115414e-08,0.0012343006263368782
1024,876,1,2.4781669772057707e-08,0.0012342510629973341
1024,877,2,4.9563339544115414e-08,0.0012342262813275619
1024,878,2,4.9563339544115414e-08,0.0012341767179880178
1024,879,2,4.9563339544115414e-08,0.0012341271546484737
1024,880,8,1.9825335817646166e-07,0.0012340775913089296
1024,881,5,1.2390834886028853e-07,0.0012338793379507531
1024,882,4,9.912667908823083e-08,0.001233755429601893
1024,883,5,1.2390834886028853e-07,0.0012336563029228048
1024,884,1,2.4781669772057707e-08,0.0012335323945739443
1024,885,4,9.912667908823083e-08,0.0012335076129041723
1024,886,3,7.434500931617311e-08,0.0012334084862250841
1024,887,3,7.434500931617311e-08,0.0012333341412157678
1024,888,4,9.912667908823083e-08,0.0012332597962064517
1024,889,3,7.434500931617311e-08,0.0012331606695273635
1024,890,2,4.9563339544115414e-08,0.0012330863245180474
1024,891,5,1.2390834886028853e-07,0.0012330367611785031
1024,893,2,4.9563339544115414e-08,0.001232912852829643
1024,894,7,1.7347168840440393e-07,0.0012328632894900988
1024,895,1,2.4781669772057707e-08,0.0012326898178016943
1024,896,3,7.434500931617311e-08,0.0012326650361319223
1024,897,7,1.7347168840440393e-07,0.0012325906911226062
1024,898,3,7.434500931617311e-08,0.0012324172194342017
1024,899,4,9.912667908823083e-08,0.0012323428744248856
1024,900,6,1.4869001863234623e-07,0.0012322437477457974
1024,901,4,9.912667908823083e-08,0.001232095057727165
1024,902,3,7.434500931617311e-08,0.0012319959310480768
1024,903,5,1.2390834886028853e-07,0.0012319215860387607
1024,904,6,1.4869001863234623e-07,0.0012317976776899003
1024,905,4,9.912667908823083e-08,0.001231648987671268
1024,906,5,1.2390834886028853e-07,0.0012315498609921796
1024,907,2,4.9563339544115414e-08,0.0012314259526433194
1024,908,2,4.9563339544115414e-08,0.0012313763893037754
1024,909,4,9.912667908823083e-08,0.0012313268259642313
1024,910,5,1.2390834886028853e-07,0.001231227699285143
1024,911,4,9.912667908823083e-08,0.0012311037909362827
1024,912,3,7.434500931617311e-08,0.0012310046642571946
1024,913,5,1.2390834886028853e-07,0.0012309303192478782
1024,914,4,9.912667908823083e-08,0.001230806410899018
1024,915,3,7.434500931617311e-08,0.0012307072842199299
1024,916,7,1.7347168840440393e-07,0.0012306329392106135
1024,917,4,9.912667908823083e-08,0.0012304594675222093
1024,918,2,4.9563339544115414e-08,0.0012303603408431209
1024,919,6,1.4869001863234623e-07,0.0012303107775035768
1024,920,6,1.4869001863234623e-07,0.0012301620874849446
1024,921,4,9.912667908823083e-08,0.001230013397466312
1024,923,4,9.912667908823083e-08,0.001229914270787224
1024,924,8,1.9825335817646166e-07,0.0012298151441081358
1024,925,9,2.2303502794851936e-07,0.0012296168907499593
1024,926,1,2.4781669772057707e-08,0.0012293938557220107
1024,927,7,1.7347168840440393e-07,0.0012293690740522386
1024,928,3,7.434500931617311e-08,0.0012291956023638344
1024,929,11,2.725983674926348e-07,0.001229121257354518
1024,930,7,1.7347168840440393e-07,0.0012288486589870254
1024,931,6,1.4869001863234623e-07,0.001228675187298621
1024,932,8,1.9825335817646166e-07,0.0012285264972799886
1024,933,10,2.4781669772057706e-07,0.0012283282439218123
1024,934,4,9.912667908823083e-08,0.0012280804272240917
1024,935,7,1.7347168840440393e-07,0.0012279813005450033
1024,936,9,2.2303502794851936e-07,0.001227807828856599
1024,937,2,4.9563339544115414e-08,0.0012275847938286505
1024,938,4,9.912667908823083e-08,0.0012275352304891064
1024,939,4,9.912667908823083e-08,0.0012274361038100182
1024,940,5,1.2390834886028853e-07,0.0012273369771309299
1024,941,6,1.4869001863234623e-07,0.0012272130687820697
1024,942,6,1.4869001863234623e-07,0.0012270643787634372
1024,943,6,1.4869001863234623e-07,0.001226915688744805
1024,944,8,1.9825335817646166e-07,0.0012267669987261725
1024,945,6,1.4869001863234623e-07,0.0012265687453679962
1024,946,17,4.21288386124981e-07,0.0012264200553493637
1024,947,9,2.2303502794851936e-07,0.0012259987669632389
1024,948,2,4.9563339544115414e-08,0.0012257757319352903
1024,949,7,1.7347168840440393e-07,0.0012257261685957462
1024,950,10,2.4781669772057706e-07,0.0012255526969073417
1024,951,5,1.2390834886028853e-07,0.0012253048802096213
1024,952,10,2.4781669772057706e-07,0.001225180971860761
1024,953,5,1.2390834886028853e-07,0.0012249331551630403
1024,954,5,1.2390834886028853e-07,0.00122480924681418
1024,955,9,2.2303502794851936e-07,0.0012246853384653197
1024,956,10,2.4781669772057706e-07,0.0012244623034373713
1024,957,7,1.7347168840440393e-07,0.0012242144867396507
1024,958,13,3.221617070367502e-07,0.0012240410150512462
1024,959,9,2.2303502794851936e-07,0.0012237188533442095
1024,960,6,1.4869001863234623e-07,0.001223495818316261
1024,961,8,1.9825335817646166e-07,0.0012233471282976287
1024,962,12,2.9738003726469246e-07,0.0012231488749394521
1024,963,4,9.912667908823083e-08,0.0012228514949021874
1024,964,9,2.2303502794851936e-07,0.0012227523682230993
1024,965,12,2.9738003726469246e-07,0.0012225293331951507
1024,966,12,2.9738003726469246e-07,0.001222231953157886
1024,967,8,1.9825335817646166e-07,0.0012219345731206213
1024,968,13,3.221617070367502e-07,0.001221736319762445
1024,969,9,2.2303502794851936e-07,0.001221414158055408
1024,970,11,2.725983674926348e-07,0.0012211911230274597
1024,971,12,2.9738003726469246e-07,0.001220918524659967
1024,972,8,1.9825335817646166e-07,0.0012206211446227023
1024,973,8,1.9825335817646166e-07,0.0012204228912645258
1024,974,4,9.912667908823083e-08,0.0012202246379063493
1024,975,10,2.4781669772057706e-07,0.0012201255112272611
1024,976,14,3.4694337680880786e-07,0.0012198776945295405
1024,977,12,2.9738003726469246e-07,0.0012195307511527317
1024,978,11,2.725983674926348e-07,0.001219233371115467
1024,979,10,2.4781669772057706e-07,0.0012189607727479744
1024,980,11,2.725983674926348e-07,0.0012187129560502538
1024,981,10,2.4781669772057706e-07,0.0012184403576827611
1024,982,10,2.4781669772057706e-07,0.0012181925409850407
1024,983,2,4.9563339544115414e-08,0.00121794472428732
1024,984,11,2.725983674926348e-07,0.001217895160947776
1024,985,5,1.2390834886028853e-07,0.0012176225625802834
1024,986,7,1.7347168840440393e-07,0.001217498654231423
1024,987,14,3.4694337680880786e-07,0.0012173251825430187
1024,988,8,1.9825335817646166e-07,0.00121697823916621
1024,989,6,1.4869001863234623e-07,0.0012167799858080334
1024,990,9,2.2303502794851936e-07,0.001216631295789401
1024,991,12,2.9738003726469246e-07,0.0012164082607614526
1024,992,10,2.4781669772057706e-07,0.0012161108807241879
1024,993,10,2.4781669772057706e-07,0.0012158630640264673
1024,994,12,2.9738003726469246e-07,0.0012156152473287466
1024,995,11,2.725983674926348e-07,0.001215317867291482
1024,996,15,3.717250465808656e-07,0.0012150452689239893
1024,997,10,2.4781669772057706e-07,0.0012146735438774085
1024,998,9,2.2303502794851936e-07,0.0012144257271796879
1024,999,10,2.4781669772057706e-07,0.0012142026921517393
1024,1000,19,4.708517256690964e-07,0.0012139548754540187
1024,1001,15,3.717250465808656e-07,0.0012134840237283497
1024,1002,11,2.725983674926348e-07,0.001213112298681769
1024,1003,19,4.708517256690964e-07,0.0012128397003142762
1024,1004,13,3.221617070367502e-07,0.001212368848588607
1024,1005,13,3.221617070367502e-07,0.0012120466868815703
1024,1006,11,2.725983674926348e-07,0.0012117245251745336
1024,1007,16,3.965067163529233e-07,0.001211451926807041
1024,1008,15,3.717250465808656e-07,0.001211055420090688
1024,1009,8,1.9825335817646166e-07,0.001210683695044107
1024,1010,17,4.21288386124981e-07,0.0012104854416859307
1024,1011,15,3.717250465808656e-07,0.0012100641532998056
1024,1012,17,4.21288386124981e-07,0.0012096924282532248
1024,1013,14,3.4694337680880786e-07,0.0012092711398671
1024,1014,10,2.4781669772057706e-07,0.0012089241964902912
1024,1015,15,3.717250465808656e-07,0.0012086763797925705
1024,1016,14,3.4694337680880786e-07,0.0012083046547459895
1024,1017,17,4.21288386124981e-07,0.0012079577113691807
1024,1018,15,3.717250465808656e-07,0.0012075364229830559
1024,1019,13,3.221617070367502e-07,0.001207164697936475
1024,1020,14,3.4694337680880786e-07,0.0012068425362294383
1024,1021,10,2.4781669772057706e-07,0.0012064955928526293
1024,1022,8,1.9825335817646166e-07,0.001206247776154909
1024,1023,13,3.221617070367502e-07,0.0012060495227967324
1024,1024,16,3.965067163529233e-07,0.0012057273610896957
1024,1025,15,3.717250465808656e-07,0.0012053308543733426
1024,1026,15,3.717250465808656e-07,0.0012049591293267618
1024,1027,17,4.21288386124981e-07,0.001204587404280181
1024,1028,12,2.9738003726469246e-07,0.001204166115894056
1024,1029,18,4.460700558970387e-07,0.0012038687358567914
1024,1030,22,5.451967349852696e-07,0.0012034226658008942
1024,1031,15,3.717250465808656e-07,0.001202877469065909
1024,1032,26,6.443234140735004e-07,0.0012025057440193281
1024,1033,12,2.9738003726469246e-07,0.0012018614206052546
1024,1034,13,3.221617070367502e-07,0.00120156404056799
1024,1035,15,3.717250465808656e-07,0.0012012418788609532
1024,1036,19,4.708517256690964e-07,0.0012008701538143724
1024,1037,21,5.204150652132118e-07,0.0012003993020887032
1024,1038,24,5.947600745293849e-07,0.00119987888702349
1024,1039,13,3.221617070367502e-07,0.0011992841269489606
1024,1040,19,4.708517256690964e-07,0.0011989619652419238
1024,1041,22,5.451967349852696e-07,0.0011984911135162549
1024,1042,18,4.460700558970387e-07,0.0011979459167812696
1024,1043,14,3.4694337680880786e-07,0.0011974998467253724
1024,1044,20,4.956333954411541e-07,0.0011971529033485636
1024,1045,14,3.4694337680880786e-07,0.0011966572699531224
1024,1046,16,3.965067163529233e-07,0.0011963103265763136
1024,1047,21,5.204150652132118e-07,0.0011959138198599608
1024,1048,27,6.69105083845558e-07,0.0011953934047947475
1024,1049,21,5.204150652132118e-07,0.001194724299710902
1024,1050,19,4.708517256690964e-07,0.0011942038846456888
1024,1051,28,6.938867536176157e-07,0.0011937330329200198
1024,1052,27,6.69105083845558e-07,0.001193039146166402
1024,1053,28,6.938867536176157e-07,0.0011923700410825565
1024,1054,19,4.708517256690964e-07,0.001191676154328939
1024,1055,23,5.699784047573272e-07,0.0011912053026032698
1024,1056,23,5.699784047573272e-07,0.0011906353241985124
1024,1057,15,3.717250465808656e-07,0.001190065345793755
1024,1058,20,4.956333954411541e-07,0.0011896936207471743
1024,1059,23,5.699784047573272e-07,0.001189197987351733
1024,1060,32,7.930134327058466e-07,0.0011886280089469757
1024,1061,22,5.451967349852696e-07,0.00118783499551427
1024,1062,23,5.699784047573272e-07,0.0011872897987792847
1024,1063,27,6.69105083845558e-07,0.0011867198203745273
1024,1064,33,8.177951024779043e-07,0.0011860507152906818
1024,1065,14,3.4694337680880786e-07,0.0011852329201882039
1024,1066,30,7.434500931617312e-07,0.0011848859768113951
1024,1067,27,6.69105083845558e-07,0.0011841425267182333
1024,1068,30,7.434500931617312e-07,0.0011834734216343878
1024,1069,26,6.443234140735004e-07,0.0011827299715412261
1024,1070,35,8.673584420220198e-07,0.0011820856481271525
1024,1071,18,4.460700558970387e-07,0.0011812182896851306
1024,1072,31,7.682317629337888e-07,0.0011807722196292335
1024,1073,23,5.699784047573272e-07,0.0011800039878662998
1024,1074,27,6.69105083845558e-07,0.0011794340094615425
1024,1075,32,7.930134327058466e-07,0.0011787649043776968
1024,1076,33,8.177951024779043e-07,0.001177971890944991
1024,1077,25,6.195417443014427e-07,0.001177154095842513
1024,1078,19,4.708517256690964e-07,0.0011765345540982117
1024,1079,29,7.186684233896735e-07,0.0011760637023725425
1024,1080,23,5.699784047573272e-07,0.001175345033949153
1024,1081,30,7.434500931617312e-07,0.0011747750555443956
1024,1082,29,7.186684233896735e-07,0.0011740316054512337
1024,1083,21,5.204150652132118e-07,0.0011733129370278441
1024,1084,35,8.673584420220198e-07,0.0011727925219626309
1024,1085,26,6.443234140735004e-07,0.0011719251635206088
1024,1086,36,8.921401117940774e-07,0.0011712808401065354
1024,1087,26,6.443234140735004e-07,0.0011703886999947413
1024,1088,37,9.169217815661351e-07,0.0011697443765806678
1024,1089,40,9.912667908823082e-07,0.0011688274547991017
1024,1090,24,5.947600745293849e-07,0.0011678361880082195
1024,1091,29,7.186684233896735e-07,0.00116724142793369
1024,1092,24,5.947600745293849e-07,0.0011665227595103003
1024,1093,35,8.673584420220198e-07,0.0011659279994357709
1024,1094,29,7.186684233896735e-07,0.0011650606409937488
1024,1095,28,6.938867536176157e-07,0.0011643419725703593
1024,1096,42,1.0408301304264236e-06,0.0011636480858167417
1024,1097,41,1.016048460654366e-06,0.0011626072556863152
1024,1098,30,7.434500931617312e-07,0.001161591207225661
1024,1099,36,8.921401117940774e-07,0.001160847757132499
1024,1100,47,1.1647384792867122e-06,0.001159955617020705
1024,1101,39,9.664851211102506e-07,0.0011587908785414183
1024,1102,29,7.186684233896735e-07,0.001157824393420308
1024,1103,29,7.186684233896735e-07,0.0011571057249969185
1024,1104,39,9.664851211102506e-07,0.0011563870565735287
1024,1105,40,9.912667908823082e-07,0.0011554205714524185
1024,1106,29,7.186684233896735e-07,0.0011544293046615362
1024,1107,37,9.169217815661351e-07,0.0011537106362381464
1024,1108,32,7.930134327058466e-07,0.0011527937144565803
1024,1109,47,1.1647384792867122e-06,0.0011520007010238746
1024,1110,32,7.930134327058466e-07,0.0011508359625445879
1024,1111,39,9.664851211102506e-07,0.001150042949111882
1024,1112,41,1.016048460654366e-06,0.0011490764639907718
1024,1113,42,1.0408301304264236e-06,0.0011480604155301173
1024,1114,29,7.186684233896735e-07,0.001147019585399691
1024,1115,32,7.930134327058466e-07,0.0011463009169763012
1024,1116,34,8.42576772249962e-07,0.0011455079035435954
1024,1117,45,1.1151751397425968e-06,0.0011446653267713454
1024,1118,32,7.930134327058466e-07,0.0011435501516316028
1024,1119,45,1.1151751397425968e-06,0.001142757138198897
1024,1120,34,8.42576772249962e-07,0.0011416419630591544
1024,1121,31,7.682317629337888e-07,0.0011407993862869044
1024,1122,49,1.2143018188308275e-06,0.0011400311545239706
1024,1123,45,1.1151751397425968e-06,0.0011388168527051397
1024,1124,43,1.0656118001984812e-06,0.0011377016775653973
1024,1125,39,9.664851211102506e-07,0.0011366360657651987
1024,1126,49,1.2143018188308275e-06,0.0011356695806440885
1024,1127,44,1.0903934699705391e-06,0.0011344552788252577
1024,1128,33,8.177951024779043e-07,0.0011333648853552871
1024,1129,53,1.3134284979190584e-06,0.0011325470902528092
1024,1130,51,1.263865158374943e-06,0.0011312336617548902
1024,1131,42,1.0408301304264236e-06,0.0011299697965965153
1024,1132,41,1.016048460654366e-06,0.0011289289664660888
1024,1133,43,1.0656118001984812e-06,0.0011279129180054345
1024,1134,47,1.1647384792867122e-06,0.001126847306205236
1024,1135,44,1.0903934699705391e-06,0.0011256825677259492
1024,1136,43,1.0656118001984812e-06,0.0011245921742559788
1024,1137,57,1.4125551770072893e-06,0.0011235265624557802
1024,1138,51,1.263865158374943e-06,0.0011221140072787729
1024,1139,46,1.1399568095146545e-06,0.001120850142120398
1024,1140,51,1.263865158374943e-06,0.0011197101853108833
1024,1141,48,1.1895201490587698e-06,0.0011184463201525084
1024,1142,42,1.0408301304264236e-06,0.0011172568000034496
1024,1143,43,1.0656118001984812e-06,0.001116215969873023
1024,1144,59,1.4621185165514047e-06,0.0011151503580728247
1024,1145,53,1.3134284979190584e-06,0.0011136882395562733
1024,1146,43,1.0656118001984812e-06,0.0011123748110583543
1024,1147,47,1.1647384792867122e-06,0.0011113091992581558
1024,1148,49,1.2143018188308275e-06,0.001110144460778869
1024,1149,48,1.1895201490587698e-06,0.0011089301589600382
1024,1150,50,1.2390834886028854e-06,0.0011077406388109794
1024,1151,57,1.4125551770072893e-06,0.0011065015553223766
1024,1152,55,1.3629918374631738e-06,0.0011050890001453692
1024,1153,48,1.1895201490587698e-06,0.0011037260083079062
1024,1154,52,1.2886468281470007e-06,0.0011025364881588474
1024,1155,52,1.2886468281470007e-06,0.0011012478413307003
1024,1156,59,1.4621185165514047e-06,0.0010999591945025533
1024,1157,50,1.2390834886028854e-06,0.001098497075986002
1024,1158,55,1.3629918374631738e-06,0.001097257992497399
1024,1159,49,1.2143018188308275e-06,0.0010958950006599358
1024,1160,57,1.4125551770072893e-06,0.001094680698841105
1024,1161,41,1.016048460654366e-06,0.0010932681436640976
1024,1162,60,1.4869001863234623e-06,0.0010922520952034434
1024,1163,75,1.8586252329043279e-06,0.00109076519501712
1024,1164,59,1.4621185165514047e-06,0.0010889065697842156
1024,1165,55,1.3629918374631738e-06,0.0010874444512676642
1024,1166,63,1.5612451956396354e-06,0.001086081459430201
1024,1167,61,1.51168185609552e-06,0.0010845202142345614
1024,1168,75,1.8586252329043279e-06,0.0010830085323784659
1024,1169,57,1.4125551770072893e-06,0.0010811499071455616
1024,1170,58,1.437336846779347e-06,0.0010797373519685542
1024,1171,55,1.3629918374631738e-06,0.0010783000151217748
1024,1172,70,1.7347168840440395e-06,0.0010769370232843118
1024,1173,60,1.4869001863234623e-06,0.0010752023064002677
1024,1174,52,1.2886468281470007e-06,0.0010737154062139443
1024,1175,47,1.1647384792867122e-06,0.0010724267593857973
1024,1176,71,1.7594985538160972e-06,0.0010712620209065106
1024,1177,66,1.6355902049558086e-06,0.0010695025223526945
1024,1178,67,1.6603718747278663e-06,0.0010678669321477386
1024,1179,90,2.2303502794851936e-06,0.0010662065602730108
1024,1180,65,1.610808535183751e-06,0.0010639762099935255
1024,1181,65,1.610808535183751e-06,0.0010623654014583418
1024,1182,80,1.9825335817646165e-06,0.001060754592923158
1024,1183,61,1.51168185609552e-06,0.0010587720593413935
1024,1184,60,1.4869001863234623e-06,0.001057260377485298
1024,1185,64,1.5860268654116932e-06,0.0010557734772989745
1024,1186,63,1.5612451956396354e-06,0.0010541874504335627
1024,1187,70,1.7347168840440395e-06,0.001052626205237923
1024,1188,68,1.685153544499924e-06,0.001050891488353879
1024,1189,69,1.7099352142719816e-06,0.0010492063348093792
1024,1190,67,1.6603718747278663e-06,0.0010474963995951072
1024,1191,79,1.9577519119925586e-06,0.0010458360277203792
1024,1192,64,1.5860268654116932e-06,0.0010438782758083868
1024,1193,70,1.7347168840440395e-06,0.001042292248942975
1024,1194,58,1.437336846779347e-06,0.001040557532058931
1024,1195,83,2.0568785910807897e-06,0.0010391201952121517
1024,1196,73,1.8090618933602125e-06,0.001037063316621071
1024,1197,65,1.610808535183751e-06,0.0010352542547277107
1024,1198,89,2.2055686097131357e-06,0.0010336434461925268
1024,1199,74,1.8338435631322702e-06,0.0010314378775828138
1024,1200,68,1.685153544499924e-06,0.0010296040340196815
1024,1201,75,1.8586252329043279e-06,0.0010279188804751815
1024,1202,75,1.8586252329043279e-06,0.0010260602552422773
1024,1203,87,2.1560052701690204e-06,0.001024201630009373
1024,1204,85,2.106441930624905e-06,0.0010220456247392038
1024,1205,69,1.7099352142719816e-06,0.001019939182808579
1024,1206,96,2.3790402981175397e-06,0.001018229247594307
1024,1207,69,1.7099352142719816e-06,0.0010158502072961895
1024,1208,69,1.7099352142719816e-06,0.0010141402720819175
1024,1209,79,1.9577519119925586e-06,0.0010124303368676455
1024,1210,84,2.081660260852847e-06,0.001010472584955653
1024,1211,79,1.9577519119925586e-06,0.0010083909246948002
1024,1212,84,2.081660260852847e-06,0.0010064331727828075
1024,1213,66,1.6355902049558086e-06,0.0010043515125219547
1024,1214,68,1.685153544499924e-06,0.001002715922316999
1024,1215,72,1.7842802235881549e-06,0.001001030768772499
1024,1216,73,1.8090618933602125e-06,0.0009992464885489108
1024,1217,89,2.2055686097131357e-06,0.0009974374266555506
1024,1218,83,2.0568785910807897e-06,0.0009952318580458374
1024,1219,73,1.8090618933602125e-06,0.0009931749794547568
1024,1220,95,2.354258628345482e-06,0.0009913659175613966
1024,1221,72,1.7842802235881549e-06,0.000989011658933051
1024,1222,91,2.255131949257251e-06,0.000987227378709463
1024,1223,104,2.5772936562940015e-06,0.0009849722467602056
1024,1224,89,2.2055686097131357e-06,0.0009823949531039115
1024,1225,99,2.453385307433713e-06,0.0009801893844941984
1024,1226,92,2.279913619029309e-06,0.0009777359991867648
1024,1227,78,1.932970242220501e-06,0.0009754560855677354
1024,1228,96,2.3790402981175397e-06,0.0009735231153255149
1024,1229,92,2.279913619029309e-06,0.0009711440750273973
1024,1230,79,1.9577519119925586e-06,0.0009688641614083681
1024,1231,80,1.9825335817646165e-06,0.0009669064094963755
1024,1232,96,2.3790402981175397e-06,0.0009649238759146109
1024,1233,86,2.1312236003969625e-06,0.0009625448356164934
1024,1234,82,2.032096921308732e-06,0.0009604136120160964
1024,1235,97,2.4038219678895975e-06,0.0009583815150947877
1024,1236,105,2.602075326066059e-06,0.0009559776931268981
1024,1237,106,2.626856995838117e-06,0.000953375617800832
1024,1238,93,2.304695288801367e-06,0.0009507487608049938
1024,1239,91,2.255131949257251e-06,0.0009484440655161925
1024,1240,97,2.4038219678895975e-06,0.0009461889335669353
1024,1241,93,2.304695288801367e-06,0.0009437851115990457
1024,1242,88,2.1807869399410783e-06,0.0009414804163102443
1024,1243,84,2.081660260852847e-06,0.0009392996293703033
1024,1244,92,2.279913619029309e-06,0.0009372179691094504
1024,1245,86,2.1312236003969625e-06,0.000934938055490421
1024,1246,115,2.849892023786636e-06,0.0009328068318900241
1024,1247,101,2.5029486469778282e-06,0.0009299569398662375
1024,1248,96,2.3790402981175397e-06,0.0009274539912192596
1024,1249,100,2.4781669772057708e-06,0.0009250749509211421
1024,1250,96,2.3790402981175397e-06,0.0009225967839439364
1024,1251,101,2.5029486469778282e-06,0.0009202177436458188
1024,1252,102,2.527730316749886e-06,0.000917714794998841
1024,1253,93,2.304695288801367e-06,0.0009151870646820911
1024,1254,114,2.8251103540145786e-06,0.0009128823693932897
1024,1255,97,2.4038219678895975e-06,0.0009100572590392751
1024,1256,103,2.5525119865219436e-06,0.0009076534370713855
1024,1257,96,2.3790402981175397e-06,0.0009051009250848636
1024,1258,122,3.02336371219104e-06,0.000902721884786746
1024,1259,106,2.626856995838117e-06,0.000899698521074555
1024,1260,89,2.2055686097131357e-06,0.0008970716640787169
1024,1261,110,2.7259836749263475e-06,0.0008948660954690037
1024,1262,116,2.874673693558694e-06,0.0008921401117940774
1024,1263,111,2.7507653446984054e-06,0.0008892654381005187
1024,1264,108,2.676420335382232e-06,0.0008865146727558203
1024,1265,117,2.8994553633307514e-06,0.000883838252420438
1024,1266,117,2.8994553633307514e-06,0.0008809387970571073
1024,1267,116,2.874673693558694e-06,0.0008780393416937766
1024,1268,96,2.3790402981175397e-06,0.0008751646680002179
1024,1269,115,2.849892023786636e-06,0.0008727856277021003
1024,1270,114,2.8251103540145786e-06,0.0008699357356783137
1024,1271,116,2.874673693558694e-06,0.0008671106253242991
1024,1272,119,2.949018702874867e-06,0.0008642359516307404
1024,1273,102,2.527730316749886e-06,0.0008612869329278656
1024,1274,129,3.196835400595444e-06,0.0008587592026111157
1024,1275,99,2.453385307433713e-06,0.0008555623672105203
1024,1276,110,2.7259836749263475e-06,0.0008531089819030865
1024,1277,98,2.428603637661655e-06,0.0008503829982281602
1024,1278,116,2.874673693558694e-06,0.0008479543945904986
1024,1279,115,2.849892023786636e-06,0.0008450797208969398
1024,1280,104,2.5772936562940015e-06,0.0008422298288731532
1024,1281,114,2.8251103540145786e-06,0.0008396525352168592
1024,1282,115,2.849892023786636e-06,0.0008368274248628446
1024,1283,126,3.1224903912792707e-06,0.000833977532839058
1024,1284,107,2.6516386656101747e-06,0.0008308550424477787
1024,1285,116,2.874673693558694e-06,0.0008282034037821685
1024,1286,97,2.4038219678895975e-06,0.0008253287300886099
1024,1287,117,2.8994553633307514e-06,0.0008229249081207203
1024,1288,116,2.874673693558694e-06,0.0008200254527573895
1024,1289,129,3.196835400595444e-06,0.0008171507790638308
1024,1290,104,2.5772936562940015e-06,0.0008139539436632353
1024,1291,118,2.9242370331028093e-06,0.0008113766500069413
1024,1292,114,2.8251103540145786e-06,0.0008084524129738386
1024,1293,130,3.221617070367502e-06,0.000805627302619824
1024,1294,116,2.874673693558694e-06,0.0008024056855494565
1024,1295,84,2.081660260852847e-06,0.0007995310118558978
1024,1296,124,3.0729270517351554e-06,0.000797449351595045
1024,1297,115,2.849892023786636e-06,0.0007943764245433098
1024,1298,139,3.444652098316021e-06,0.0007915265325195231
1024,1299,117,2.8994553633307514e-06,0.0007880818804212071
1024,1300,110,2.7259836749263475e-06,0.0007851824250578763
1024,1301,133,3.295962079683675e-06,0.00078245644138295
1024,1302,114,2.8251103540145786e-06,0.0007791604793032663
1024,1303,119,2.949018702874867e-06,0.0007763353689492518
1024,1304,119,2.949018702874867e-06,0.0007733863502463769
1024,1305,127,3.1472720610513286e-06,0.000770437331543502
1024,1306,146,3.618123786720425e-06,0.0007672900594824507
1024,1307,124,3.0729270517351554e-06,0.0007636719356957303
1024,1308,98,2.428603637661655e-06,0.0007605990086439951
1024,1309,104,2.5772936562940015e-06,0.0007581704050063334
1024,1310,143,3.543778777404252e-06,0.0007555931113500395
1024,1311,116,2.874673693558694e-06,0.0007520493325726352
1024,1312,127,3.1472720610513286e-06,0.0007491746588790765
1024,1313,143,3.543778777404252e-06,0.0007460273868180252
1024,1314,151,3.7420321355807136e-06,0.0007424836080406209
1024,1315,126,3.1224903912792707e-06,0.0007387415759050402
1024,1316,146,3.618123786720425e-06,0.000735619085513761
1024,1317,136,3.370307088999848e-06,0.0007320009617270405
1024,1318,118,2.9242370331028093e-06,0.0007286306546380407
1024,1319,142,3.5189971076321944e-06,0.0007257064176049378
1024,1320,144,3.5685604471763097e-06,0.0007221874204973057
1024,1321,131,3.2463987401395593e-06,0.0007186188600501294
1024,1322,135,3.3455254192277904e-06,0.0007153724613099898
1024,1323,132,3.271180409911617e-06,0.000712026935890762
1024,1324,135,3.3455254192277904e-06,0.0007087557554808503
1024,1325,146,3.618123786720425e-06,0.0007054102300616226
1024,1326,128,3.1720537308233865e-06,0.0007017921062749022
1024,1327,130,3.221617070367502e-06,0.0006986200525440787
1024,1328,130,3.221617070367502e-06,0.0006953984354737113
1024,1329,132,3.271180409911617e-06,0.0006921768184033438
1024,1330,143,3.543778777404252e-06,0.0006889056379934321
1024,1331,130,3.221617070367502e-06,0.0006853618592160279
1024,1332,125,3.0977087215072133e-06,0.0006821402421456604
1024,1333,140,3.469433768088079e-06,0.0006790425334241532
1024,1334,137,3.3950887587719058e-06,0.0006755730996560651
1024,1335,123,3.048145381963098e-06,0.0006721780108972932
1024,1336,136,3.370307088999848e-06,0.0006691298655153302
1024,1337,123,3.048145381963098e-06,0.0006657595584263303
1024,1338,130,3.221617070367502e-06,0.0006627114130443671
1024,1339,120,2.9738003726469247e-06,0.0006594897959739997
1024,1340,111,2.7507653446984054e-06,0.0006565159956013528
1024,1341,114,2.8251103540145786e-06,0.0006537652302566543
1024,1342,124,3.0729270517351554e-06,0.0006509401199026397
1024,1343,131,3.2463987401395593e-06,0.0006478671928509046
1024,1344,141,3.4942154378601365e-06,0.000644620794110765
1024,1345,127,3.1472720610513286e-06,0.000641126578672905
1024,1346,129,3.196835400595444e-06,0.0006379793066118535
1024,1347,122,3.02336371219104e-06,0.0006347824712112581
1024,1348,147,3.642905456492483e-06,0.0006317591074990671
1024,1349,143,3.543778777404252e-06,0.0006281162020425746
1024,1350,153,3.791595475124829e-06,0.0006245724232651704
1024,1351,135,3.3455254192277904e-06,0.0006207808277900455
1024,1352,126,3.1224903912792707e-06,0.0006174353023708178
1024,1353,153,3.791595475124829e-06,0.0006143128119795385
1024,1354,131,3.2463987401395593e-06,0.0006105212165044136
1024,1355,144,3.5685604471763097e-06,0.000607274817764274
1024,1356,136,3.370307088999848e-06,0.0006037062573170977
1024,1357,146,3.618123786720425e-06,0.0006003359502280979
1024,1358,130,3.221617070367502e-06,0.0005967178264413775
1024,1359,154,3.8163771448968864e-06,0.00059349620937101
1024,1360,149,3.6924687960365983e-06,0.0005896798322261131
1024,1361,148,3.6676871262645404e-06,0.0005859873634300766
1024,1362,168,4.163320521705694e-06,0.000582319676303812
1024,1363,144,3.5685604471763097e-06,0.0005781563557821063
1024,1364,128,3.1720537308233865e-06,0.00057458779533493
1024,1365,117,2.8994553633307514e-06,0.0005714157416041066
1024,1366,138,3.4198704285439632e-06,0.0005685162862407758
1024,1367,153,3.791595475124829e-06,0.0005650964158122318
1024,1368,156,3.865940484441002e-06,0.000561304820337107
1024,1369,141,3.4942154378601365e-06,0.000557438879852666
1024,1370,145,3.593342116948367e-06,0.000553944664414806
1024,1371,121,2.9985820424189826e-06,0.0005503513222978575
1024,1372,144,3.5685604471763097e-06,0.0005473527402554385
1024,1373,134,3.3207437494557325e-06,0.0005437841798082622
1024,1374,134,3.3207437494557325e-06,0.0005404634360588065
1024,1375,132,3.271180409911617e-06,0.0005371426923093508
1024,1376,139,3.444652098316021e-06,0.0005338715118994392
1024,1377,136,3.370307088999848e-06,0.0005304268598011232
1024,1378,143,3.543778777404252e-06,0.0005270565527121233
1024,1379,144,3.5685604471763097e-06,0.000523512773934719
1024,1380,151,3.7420321355807136e-06,0.0005199442134875427
1024,1381,141,3.4942154378601365e-06,0.000516202181351962
1024,1382,130,3.221617070367502e-06,0.0005127079659141019
1024,1383,124,3.0729270517351554e-06,0.0005094863488437344
1024,1384,146,3.618123786720425e-06,0.0005064134217919993
1024,1385,136,3.370307088999848e-06,0.0005027952980052788
1024,1386,157,3.89072215421306e-06,0.000499424990916279
1024,1387,163,4.039412172845406e-06,0.0004955342687620659
1024,1388,155,3.841158814668945e-06,0.0004914948565892204
1024,1389,143,3.543778777404252e-06,0.0004876536977745515
1024,1390,137,3.3950887587719058e-06,0.0004841099189971473
1024,1391,118,2.9242370331028093e-06,0.00048071483023837537
1024,1392,122,3.02336371219104e-06,0.0004777905932052726
1024,1393,150,3.7172504658086557e-06,0.0004747672294930815
1024,1394,129,3.196835400595444e-06,0.00047104997902727285
1024,1395,142,3.5189971076321944e-06,0.00046785314362667745
1024,1396,124,3.0729270517351554e-06,0.0004643341465190452
1024,1397,139,3.444652098316021e-06,0.0004612612194673101
1024,1398,152,3.766813805352771e-06,0.00045781656736899407
1024,1399,141,3.4942154378601365e-06,0.00045404975356364127
1024,1400,162,4.014630503073349e-06,0.00045055553812578113
1024,1401,165,4.088975512389521e-06,0.0004465409076227078
1024,1402,161,3.98984883330129e-06,0.0004424519321103183
1024,1403,118,2.9242370331028093e-06,0.000438462083277017
1024,1404,134,3.3207437494557325e-06,0.0004355378462439142
1024,1405,118,2.9242370331028093e-06,0.00043221710249445844
1024,1406,113,2.8003286842425208e-06,0.00042929286546135564
1024,1407,134,3.3207437494557325e-06,0.0004264925367771131
1024,1408,129,3.196835400595444e-06,0.0004231717930276574
1024,1409,146,3.618123786720425e-06,0.00041997495762706195
1024,1410,119,2.949018702874867e-06,0.0004163568338403415
1024,1411,142,3.5189971076321944e-06,0.00041340781513746666
1024,1412,132,3.271180409911617e-06,0.0004098888180298345
1024,1413,132,3.271180409911617e-06,0.00040661763761992286
1024,1414,130,3.221617070367502e-06,0.00040334645721001124
1024,1415,123,3.048145381963098e-06,0.0004001248401396437
1024,1416,120,2.9738003726469247e-06,0.00039707669475768064
1024,1417,141,3.4942154378601365e-06,0.0003941028943850337
1024,1418,110,2.7259836749263475e-06,0.00039060867894717357
1024,1419,155,3.841158814668945e-06,0.0003878826952722472
1024,1420,138,3.4198704285439632e-06,0.0003840415364575783
1024,1421,129,3.196835400595444e-06,0.0003806216660290343
1024,1422,139,3.444652098316021e-06,0.00037742483062843887
1024,1423,120,2.9738003726469247e-06,0.00037398017853012286
1024,1424,119,2.949018702874867e-06,0.00037100637815747593
1024,1425,130,3.221617070367502e-06,0.00036805735945460104
1024,1426,145,3.593342116948367e-06,0.00036483574238423355
1024,1427,134,3.3207437494557325e-06,0.0003612424002672852
1024,1428,117,2.8994553633307514e-06,0.00035792165651782944
1024,1429,135,3.3455254192277904e-06,0.0003550222011544987
1024,1430,134,3.3207437494557325e-06,0.0003516766757352709
1024,1431,128,3.1720537308233865e-06,0.0003483559319858152
1024,1432,120,2.9738003726469247e-06,0.0003451838782549918
1024,1433,145,3.593342116948367e-06,0.00034221007788234485
1024,1434,134,3.3207437494557325e-06,0.0003386167357653965
1024,1435,122,3.02336371219104e-06,0.00033529599201594074
1024,1436,111,2.7507653446984054e-06,0.00033227262830374973
1024,1437,136,3.370307088999848e-06,0.0003295218629590513
1024,1438,125,3.0977087215072133e-06,0.0003261515558700515
1024,1439,119,2.949018702874867e-06,0.00032305384714854425
1024,1440,102,2.527730316749886e-06,0.00032010482844566936
1024,1441,121,2.9985820424189826e-06,0.0003175770981289195
1024,1442,104,2.5772936562940015e-06,0.0003145785160865005
1024,1443,126,3.1224903912792707e-06,0.00031200122243020653
1024,1444,121,2.9985820424189826e-06,0.00030887873203892726
1024,1445,125,3.0977087215072133e-06,0.0003058801499965083
1024,1446,121,2.9985820424189826e-06,0.00030278244127500105
1024,1447,130,3.221617070367502e-06,0.0002997838592325821
1024,1448,108,2.676420335382232e-06,0.00029656224216221454
1024,1449,99,2.453385307433713e-06,0.00029388582182683236
1024,1450,116,2.874673693558694e-06,0.00029143243651939864
1024,1451,106,2.626856995838117e-06,0.0002885577628258399
1024,1452,118,2.9242370331028093e-06,0.0002859309058300018
1024,1453,127,3.1472720610513286e-06,0.000283006668796899
1024,1454,103,2.5525119865219436e-06,0.00027985939673584766
1024,1455,113,2.8003286842425208e-06,0.00027730688474932573
1024,1456,118,2.9242370331028093e-06,0.0002745065560650832
1024,1457,117,2.8994553633307514e-06,0.0002715823190319804
1024,1458,120,2.9738003726469247e-06,0.00026868286366864963
1024,1459,91,2.255131949257251e-06,0.0002657090632960027
1024,1460,114,2.8251103540145786e-06,0.00026345393134674547
1024,1461,111,2.7507653446984054e-06,0.0002606288209927309
1024,1462,103,2.5525119865219436e-06,0.0002578780556480325
1024,1463,116,2.874673693558694e-06,0.00025532554366151054
1024,1464,107,2.6516386656101747e-06,0.00025245086996795183
1024,1465,90,2.2303502794851936e-06,0.0002497992313023417
1024,1466,109,2.70120200515429e-06,0.0002475688810228565
1024,1467,118,2.9242370331028093e-06,0.0002448676790177022
1024,1468,106,2.626856995838117e-06,0.0002419434419845994
1024,1469,105,2.602075326066059e-06,0.00023931658498876126
1024,1470,87,2.1560052701690204e-06,0.0002367145096626952
1024,1471,109,2.70120200515429e-06,0.00023455850439252617
1024,1472,106,2.626856995838117e-06,0.0002318573023873719
1024,1473,104,2.5772936562940015e-06,0.00022923044539153377
1024,1474,91,2.255131949257251e-06,0.00022665315173523977
1024,1475,102,2.527730316749886e-06,0.00022439801978598253
1024,1476,103,2.5525119865219436e-06,0.00022187028946923264
1024,1477,95,2.354258628345482e-06,0.0002193177774827107
1024,1478,97,2.4038219678895975e-06,0.0002169635188543652
1024,1479,116,2.874673693558694e-06,0.00021455969688647563
1024,1480,105,2.602075326066059e-06,0.0002116850231929169
1024,1481,103,2.5525119865219436e-06,0.00020908294786685087
1024,1482,111,2.7507653446984054e-06,0.00020653043588032892
1024,1483,107,2.6516386656101747e-06,0.0002037796705356305
1024,1484,97,2.4038219678895975e-06,0.00020112803187002034
1024,1485,88,2.1807869399410783e-06,0.00019872420990213076
1024,1486,96,2.3790402981175397e-06,0.00019654342296218966
1024,1487,100,2.4781669772057708e-06,0.00019416438266407212
1024,1488,100,2.4781669772057708e-06,0.00019168621568686636
1024,1489,101,2.5029486469778282e-06,0.00018920804870966058
1024,1490,116,2.874673693558694e-06,0.00018670510006268276
1024,1491,95,2.354258628345482e-06,0.00018383042636912407
1024,1492,108,2.676420335382232e-06,0.0001814761677407786
1024,1493,94,2.3294769585734243e-06,0.00017879974740539636
1024,1494,84,2.081660260852847e-06,0.00017647027044682292
1024,1495,83,2.0568785910807897e-06,0.00017438861018597007
1024,1496,100,2.4781669772057708e-06,0.00017233173159488928
1024,1497,66,1.6355902049558086e-06,0.00016985356461768353
1024,1498,85,2.106441930624905e-06,0.00016821797441272772
1024,1499,77,1.9081885724484432e-06,0.0001661115324821028
1024,1500,90,2.2303502794851936e-06,0.00016420334390965436
1024,1501,89,2.2055686097131357e-06,0.00016197299363016917
1024,1502,88,2.1807869399410783e-06,0.00015976742502045603
1024,1503,99,2.453385307433713e-06,0.00015758663808051494
1024,1504,79,1.9577519119925586e-06,0.00015513325277308123
1024,1505,90,2.2303502794851936e-06,0.00015317550086108868
1024,1506,87,2.1560052701690204e-06,0.0001509451505816035
1024,1507,69,1.7099352142719816e-06,0.00014878914531143446
1024,1508,75,1.8586252329043279e-06,0.00014707921009716248
1024,1509,95,2.354258628345482e-06,0.00014522058486425815
1024,1510,91,2.255131949257251e-06,0.00014286632623591267
1024,1511,80,1.9825335817646165e-06,0.00014061119428665543
1024,1512,73,1.8090618933602125e-06,0.0001386286607048908
1024,1513,90,2.2303502794851936e-06,0.0001368195988115306
1024,1514,68,1.685153544499924e-06,0.0001345892485320454
1024,1515,79,1.9577519119925586e-06,0.00013290409498754549
1024,1516,70,1.7347168840440395e-06,0.00013094634307555291
1024,1517,86,2.1312236003969625e-06,0.0001292116261915089
1024,1518,81,2.0073152515366743e-06,0.0001270804025911119
1024,1519,89,2.2055686097131357e-06,0.00012507308733957523
1024,1520,77,1.9081885724484432e-06,0.0001228675187298621
1024,1521,82,2.032096921308732e-06,0.00012095933015741366
1024,1522,85,2.106441930624905e-06,0.00011892723323610493
1024,1523,76,1.8834069026763855e-06,0.00011682079130548003
1024,1524,66,1.6355902049558086e-06,0.00011493738440280364
1024,1525,65,1.610808535183751e-06,0.00011330179419784783
1024,1526,74,1.8338435631322702e-06,0.00011169098566266407
1024,1527,64,1.5860268654116932e-06,0.00010985714209953181
1024,1528,69,1.7099352142719816e-06,0.00010827111523412012
1024,1529,62,1.5364635258675777e-06,0.00010656118001984813
1024,1530,74,1.8338435631322702e-06,0.00010502471649398056
1024,1531,55,1.3629918374631738e-06,0.00010319087293084829
1024,1532,74,1.8338435631322702e-06,0.00010182788109338511
1024,1533,62,1.5364635258675777e-06,9.999403753025284e-05
1024,1534,70,1.7347168840440395e-06,9.845757400438527e-05
1024,1535,63,1.5612451956396354e-06,9.672285712034123e-05
1024,1536,63,1.5612451956396354e-06,9.516161192470159e-05
1024,1537,70,1.7347168840440395e-06,9.360036672906195e-05
1024,1538,64,1.5860268654116932e-06,9.186564984501791e-05
1024,1539,53,1.3134284979190584e-06,9.027962297960622e-05
1024,1540,65,1.610808535183751e-06,8.896619448168716e-05
1024,1541,63,1.5612451956396354e-06,8.735538594650341e-05
1024,1542,70,1.7347168840440395e-06,8.579414075086378e-05
1024,1543,68,1.685153544499924e-06,8.405942386681974e-05
1024,1544,47,1.1647384792867122e-06,8.237427032231982e-05
1024,1545,54,1.338210167691116e-06,8.12095318430331e-05
1024,1546,45,1.1151751397425968e-06,7.987132167534198e-05
1024,1547,41,1.016048460654366e-06,7.875614653559939e-05
1024,1548,55,1.3629918374631738e-06,7.774009807494503e-05
1024,1549,47,1.1647384792867122e-06,7.637710623748186e-05
1024,1550,38,9.417034513381928e-07,7.521236775819514e-05
1024,1551,44,1.0903934699705391e-06,7.427066430685694e-05
1024,1552,43,1.0656118001984812e-06,7.31802708368864e-05
1024,1553,56,1.3877735072352314e-06,7.211465903668793e-05
1024,1554,44,1.0903934699705391e-06,7.072688552945269e-05
1024,1555,43,1.0656118001984812e-06,6.963649205948216e-05
1024,1556,66,1.6355902049558086e-06,6.857088025928367e-05
1024,1557,51,1.263865158374943e-06,6.693529005432787e-05
1024,1558,39,9.664851211102506e-07,6.567142489595292e-05
1024,1559,42,1.0408301304264236e-06,6.470493977484267e-05
1024,1560,29,7.186684233896735e-07,6.366410964441625e-05
1024,1561,46,1.1399568095146545e-06,6.294544122102657e-05
1024,1562,50,1.2390834886028854e-06,6.180548441151192e-05
1024,1563,42,1.0408301304264236e-06,6.056640092290903e-05
1024,1564,36,8.921401117940774e-07,5.952557079248261e-05
1024,1565,43,1.0656118001984812e-06,5.863343068068853e-05
1024,1566,53,1.3134284979190584e-06,5.756781888049005e-05
1024,1567,45,1.1151751397425968e-06,5.625439038257099e-05
1024,1568,36,8.921401117940774e-07,5.51392152428284e-05
1024,1569,40,9.912667908823082e-07,5.424707513103432e-05
1024,1570,40,9.912667908823082e-07,5.325580834015201e-05
1024,1571,35,8.673584420220198e-07,5.22645415492697e-05
1024,1572,41,1.016048460654366e-06,5.139718310724768e-05
1024,1573,50,1.2390834886028854e-06,5.038113464659332e-05
1024,1574,44,1.0903934699705391e-06,4.914205115799043e-05
1024,1575,49,1.2143018188308275e-06,4.8051657688019894e-05
1024,1576,36,8.921401117940774e-07,4.683735586918906e-05
1024,1577,42,1.0408301304264236e-06,4.5945215757394984e-05
1024,1578,35,8.673584420220198e-07,4.4904385626968565e-05
1024,1579,37,9.169217815661351e-07,4.4037027184946546e-05
1024,1580,35,8.673584420220198e-07,4.312010540338041e-05
1024,1581,40,9.912667908823082e-07,4.225274696135839e-05
1024,1582,34,8.42576772249962e-07,4.126148017047608e-05
1024,1583,32,7.930134327058466e-07,4.041890339822612e-05
1024,1584,31,7.682317629337888e-07,3.962588996552027e-05
1024,1585,32,7.930134327058466e-07,3.885765820258648e-05
1024,1586,29,7.186684233896735e-07,3.8064644769880635e-05
1024,1587,34,8.42576772249962e-07,3.734597634649096e-05
1024,1588,33,8.177951024779043e-07,3.6503399574241003e-05
1024,1589,26,6.443234140735004e-07,3.56856044717631e-05
1024,1590,32,7.930134327058466e-07,3.50412810576896e-05
1024,1591,33,8.177951024779043e-07,3.4248267624983746e-05
1024,1592,26,6.443234140735004e-07,3.343047252250585e-05
1024,1593,24,5.947600745293849e-07,3.278614910843234e-05
1024,1594,28,6.938867536176157e-07,3.219138903390296e-05
1024,1595,26,6.443234140735004e-07,3.1497502280285344e-05
1024,1596,30,7.434500931617312e-07,3.0853178866211844e-05
1024,1597,29,7.186684233896735e-07,3.0109728773050112e-05
1024,1598,31,7.682317629337888e-07,2.939106034966044e-05
1024,1599,32,7.930134327058466e-07,2.862282858672665e-05
1024,1600,26,6.443234140735004e-07,2.7829815154020805e-05
1024,1601,22,5.451967349852696e-07,2.7185491739947303e-05
1024,1602,21,5.204150652132118e-07,2.6640295004962034e-05
1024,1603,25,6.195417443014427e-07,2.611987993974882e-05
1024,1604,20,4.956333954411541e-07,2.550033819544738e-05
1024,1605,27,6.69105083845558e-07,2.5004704800006226e-05
1024,1606,28,6.938867536176157e-07,2.4335599716160667e-05
1024,1607,18,4.460700558970387e-07,2.364171296254305e-05
1024,1608,28,6.938867536176157e-07,2.319564290664601e-05
1024,1609,21,5.204150652132118e-07,2.2501756153028396e-05
1024,1610,17,4.21288386124981e-07,2.1981341087815187e-05
1024,1611,30,7.434500931617312e-07,2.1560052701690204e-05
1024,1612,15,3.717250465808656e-07,2.081660260852847e-05
1024,1613,17,4.21288386124981e-07,2.044487756194761e-05
1024,1614,21,5.204150652132118e-07,2.0023589175822626e-05
1024,1615,28,6.938867536176157e-07,1.9503174110609413e-05
1024,1616,22,5.451967349852696e-07,1.8809287356991798e-05
1024,1617,22,5.451967349852696e-07,1.826409062200653e-05
1024,1618,19,4.708517256690964e-07,1.771889388702126e-05
1024,1619,19,4.708517256690964e-07,1.7248042161352163e-05
1024,1620,23,5.699784047573272e-07,1.6777190435683067e-05
1024,1621,20,4.956333954411541e-07,1.620721203092574e-05
1024,1622,10,2.4781669772057706e-07,1.5711578635484585e-05
1024,1623,19,4.708517256690964e-07,1.546376193776401e-05
1024,1624,16,3.965067163529233e-07,1.4992910212094913e-05
1024,1625,20,4.956333954411541e-07,1.4596403495741988e-05
1024,1626,18,4.460700558970387e-07,1.4100770100300834e-05
1024,1627,16,3.965067163529233e-07,1.3654700044403796e-05
1024,1628,16,3.965067163529233e-07,1.3258193328050872e-05
1024,1629,14,3.4694337680880786e-07,1.2861686611697949e-05
1024,1630,8,1.9825335817646166e-07,1.2514743234889141e-05
1024,1631,12,2.9738003726469246e-07,1.231648987671268e-05
1024,1632,12,2.9738003726469246e-07,1.2019109839447987e-05
1024,1633,13,3.221617070367502e-07,1.1721729802183296e-05
1024,1634,15,3.717250465808656e-07,1.1399568095146544e-05
1024,1635,15,3.717250465808656e-07,1.1027843048565678e-05
1024,1636,13,3.221617070367502e-07,1.0656118001984814e-05
1024,1637,9,2.2303502794851936e-07,1.0333956294948063e-05
1024,1638,17,4.21288386124981e-07,1.0110921266999545e-05
1024,1639,15,3.717250465808656e-07,9.689632880874563e-06
1024,1640,11,2.725983674926348e-07,9.317907834293697e-06
1024,1641,15,3.717250465808656e-07,9.045309466801063e-06
1024,1642,9,2.2303502794851936e-07,8.673584420220196e-06
1024,1643,6,1.4869001863234623e-07,8.450549392271678e-06
1024,1644,12,2.9738003726469246e-07,8.301859373639332e-06
1024,1645,6,1.4869001863234623e-07,8.004479336374639e-06
1024,1646,11,2.725983674926348e-07,7.855789317742293e-06
1024,1647,10,2.4781669772057706e-07,7.583190950249658e-06
1024,1648,4,9.912667908823083e-08,7.335374252529081e-06
1024,1649,9,2.2303502794851936e-07,7.23624757344085e-06
1024,1650,9,2.2303502794851936e-07,7.01321254549233e-06
1024,1651,9,2.2303502794851936e-07,6.7901775175438115e-06
1024,1652,14,3.4694337680880786e-07,6.567142489595292e-06
1024,1653,8,1.9825335817646166e-07,6.220199112786484e-06
1024,1654,4,9.912667908823083e-08,6.021945754610023e-06
1024,1655,11,2.725983674926348e-07,5.922819075521792e-06
1024,1656,11,2.725983674926348e-07,5.650220708029157e-06
1024,1657,9,2.2303502794851936e-07,5.377622340536522e-06
1024,1658,5,1.2390834886028853e-07,5.154587312588003e-06
1024,1659,7,1.7347168840440393e-07,5.030678963727714e-06
1024,1660,8,1.9825335817646166e-07,4.85720727532331e-06
1024,1661,1,2.4781669772057707e-08,4.658953917146849e-06
1024,1662,9,2.2303502794851936e-07,4.634172247374791e-06
1024,1663,7,1.7347168840440393e-07,4.4111372194262715e-06
1024,1664,5,1.2390834886028853e-07,4.2376655310218675e-06
1024,1665,5,1.2390834886028853e-07,4.113757182161579e-06
1024,1666,5,1.2390834886028853e-07,3.98984883330129e-06
1024,1667,12,2.9738003726469246e-07,3.865940484441002e-06
1024,1668,6,1.4869001863234623e-07,3.5685604471763097e-06
1024,1669,5,1.2390834886028853e-07,3.4198704285439632e-06
1024,1670,2,4.9563339544115414e-08,3.295962079683675e-06
1024,1671,4,9.912667908823083e-08,3.2463987401395593e-06
1024,1672,2,4.9563339544115414e-08,3.1472720610513286e-06
1024,1673,4,9.912667908823083e-08,3.0977087215072133e-06
1024,1674,6,1.4869001863234623e-07,2.9985820424189826e-06
1024,1675,1,2.4781669772057707e-08,2.849892023786636e-06
1024,1676,4,9.912667908823083e-08,2.8251103540145786e-06
1024,1677,9,2.2303502794851936e-07,2.7259836749263475e-06
1024,1678,4,9.912667908823083e-08,2.5029486469778282e-06
1024,1679,5,1.2390834886028853e-07,2.4038219678895975e-06
1024,1680,4,9.912667908823083e-08,2.279913619029309e-06
1024,1681,1,2.4781669772057707e-08,2.1807869399410783e-06
1024,1682,4,9.912667908823083e-08,2.1560052701690204e-06
1024,1683,1,2.4781669772057707e-08,2.0568785910807897e-06
1024,1684,5,1.2390834886028853e-07,2.032096921308732e-06
1024,1685,4,9.912667908823083e-08,1.9081885724484432e-06
1024,1686,3,7.434500931617311e-08,1.8090618933602125e-06
1024,1687,2,4.9563339544115414e-08,1.7347168840440395e-06
1024,1688,4,9.912667908823083e-08,1.685153544499924e-06
1024,1689,5,1.2390834886028853e-07,1.5860268654116932e-06
1024,1690,3,7.434500931617311e-08,1.4621185165514047e-06
1024,1691,4,9.912667908823083e-08,1.3877735072352314e-06
1024,1692,2,4.9563339544115414e-08,1.2886468281470007e-06
1024,1693,2,4.9563339544115414e-08,1.2390834886028854e-06
1024,1694,2,4.9563339544115414e-08,1.1895201490587698e-06
1024,1695,2,4.9563339544115414e-08,1.1399568095146545e-06
1024,1696,1,2.4781669772057707e-08,1.0903934699705391e-06
1024,1697,3,7.434500931617311e-08,1.0656118001984812e-06
1024,1699,3,7.434500931617311e-08,9.912667908823082e-07
1024,1700,2,4.9563339544115414e-08,9.169217815661351e-07
1024,1701,2,4.9563339544115414e-08,8.673584420220198e-07
1024,1702,1,2.4781669772057707e-08,8.177951024779043e-07
1024,1704,1,2.4781669772057707e-08,7.930134327058466e-07
1024,1706,2,4.9563339544115414e-08,7.682317629337888e-07
1024,1708,1,2.4781669772057707e-08,7.186684233896735e-07
1024,1709,1,2.4781669772057707e-08,6.938867536176157e-07
1024,1710,2,4.9563339544115414e-08,6.69105083845558e-07
1024,1711,2,4.9563339544115414e-08,6.195417443014427e-07
1024,1713,1,2.4781669772057707e-08,5.699784047573272e-07
1024,1714,2,4.9563339544115414e-08,5.451967349852696e-07
1024,1715,1,2.4781669772057707e-08,4.956333954411541e-07
1024,1716,2,4.9563339544115414e-08,4.708517256690964e-07
1024,1717,2,4.9563339544115414e-08,4.21288386124981e-07
1024,1721,1,2.4781669772057707e-08,3.717250465808656e-07
1024,1722,2,4.9563339544115414e-08,3.4694337680880786e-07
1024,1723,1,2.4781669772057707e-08,2.9738003726469246e-07
1024,1725,1,2.4781669772057707e-08,2.725983674926348e-07
1024,1730,1,2.4781669772057707e-08,2.4781669772057706e-07
1024,1731,1,2.4781669772057707e-08,2.2303502794851936e-07
1024,1733,1,2.4781669772057707e-08,1.9825335817646166e-07
1024,1736,1,2.4781669772057707e-08,1.7347168840440393e-07
1024,1739,1,2.4781669772057707e-08,1.4869001863234623e-07
1024,1744,1,2.4781669772057707e-08,1.2390834886028853e-07
1024,1746,1,2.4781669772057707e-08,9.912667908823083e-08
1024,1747,1,2.4781669772057707e-08,7.434500931617311e-08
1024,1752,1,2.4781669772057707e-08,4.9563339544115414e-08
1024,1765,1,2.4781669772057707e-08,2.4781669772057707e-08
4096,1,37158980,0.92108453591954,1.0
4096,2,2114256,0.0524074801454481,0.07891546408045999
4096,3,480790,0.011917663887026921,0.026507983935011886
4096,4,194371,0.004818004216779279,0.014590320047984964
4096,5,100866,0.0025002331280368924,0.009772315831205684
4096,6,59814,0.001482649696829444,0.0072720827031687914
4096,7,39376,0.0009760392961907945,0.0057894330063393475
4096,8,27091,0.0006715227695323246,0.004813393710148553
4096,9,19838,0.0004917377986040477,0.004141870940616229
4096,10,14985,0.00037144323581417754,0.003650133142012181
4096,11,11635,0.0002884045411209847,0.0032786899061980034
4096,12,9275,0.00022990563978488466,0.0029902853650770186
4096,13,7519,0.000186378491163617,0.002760379725292134
4096,14,6150,0.00015244417085466747,0.0025740012341285167
4096,15,5035,0.00012480591874036595,0.0024215570632738492
4096,16,4274,0.00010594250182647947,0.0022967511445334834
4096,17,3649,9.045020804043602e-05,0.0021908086427070038
4096,18,2998,7.431343483289318e-05,0.002100358434666568
4096,19,2606,6.459666817028673e-05,0.002026044999833675
4096,20,2293,5.6838127442236174e-05,0.001961448331663388
4096,21,1984,4.91787373944163e-05,0.0019046102042211519
4096,22,1819,4.508877183490083e-05,0.0018554314668267355
4096,23,1548,3.8371313249272396e-05,0.0018103426949918346
4096,24,1389,3.443007371010294e-05,0.0017719713817425623
4096,25,1285,3.185215602410532e-05,0.0017375413080324593
4096,26,1223,3.0315320480529806e-05,0.001705689152008354
4096,27,993,2.461415636726582e-05,0.0016753738315278242
4096,28,954,2.364743723501671e-05,0.0016507596751605584
4096,29,900,2.2308903051902554e-05,0.0016271122379255417
4096,30,806,1.9978862066481623e-05,0.0016048033348736392
4096,31,727,1.802063613192573e-05,0.0015848244728071574
4096,32,665,1.648380058835022e-05,0.0015668038366752318
4096,33,671,1.6632526608696238e-05,0.0015503200360868815
4096,34,596,1.4773451354371025e-05,0.0015336875094781853
4096,35,545,1.3509280181429881e-05,0.0015189140581238143
4096,36,487,1.2071595318085049e-05,0.0015054047779423845
4096,37,492,1.2195533668373398e-05,0.0014933331826242995
4096,38,449,1.1129663855893608e-05,0.0014811376489559259
4096,39,440,1.0906574825374583e-05,0.0014700079851000323
4096,40,404,1.001421870329848e-05,0.0014591014102746578
4096,41,389,9.642403652433437e-06,0.0014490871915713594
4096,42,339,8.403020149549962e-06,0.0014394447879189259
4096,43,335,8.303869469319284e-06,0.001431041767769376
4096,44,312,7.733753057992885e-06,0.0014227378983000566
4096,45,300,7.436301017300852e-06,0.0014150041452420637
4096,46,271,6.717458585628436e-06,0.001407567844224763
4096,47,243,6.02340382401369e-06,0.0014008503856391345
4096,48,246,6.097766834186699e-06,0.0013948269818151208
4096,49,222,5.5028627528026305e-06,0.001388729214980934
4096,50,216,5.354136732456613e-06,0.0013832263522281314
4096,51,197,4.883171001360893e-06,0.0013778722154956747
4096,52,192,4.759232651072545e-06,0.0013729890444943139
4096,53,203,5.031897021706909e-06,0.0013682298118432414
4096,54,188,4.660081970841867e-06,0.0013631979148215345
4096,55,164,4.065177889457799e-06,0.0013585378328506926
4096,56,160,3.966027209227121e-06,0.0013544726549612348
4096,57,144,3.569424488304409e-06,0.0013505066277520077
4096,58,142,3.5198491481890698e-06,0.0013469372032637033
4096,59,137,3.395910797900722e-06,0.0013434173541155142
4096,60,128,3.1728217673816966e-06,0.0013400214433176136
4096,61,121,2.9993080769780104e-06,0.0013368486215502317
4096,62,122,3.02409574703568e-06,0.0013338493134732539
4096,63,127,3.148034097324027e-06,0.001330825217726218
4096,64,104,2.5779176859976286e-06,0.001327677183628894
4096,65,117,2.9001573967473323e-06,0.0013250992659428965
4096,66,96,2.3796163255362725e-06,0.001322199108546149
4096,67,111,2.7514313764013152e-06,0.0013198194922206129
4096,68,98,2.4291916656516116e-06,0.0013170680608442116
4096,69,95,2.354828655478603e-06,0.00131463886917856
4096,70,96,2.3796163255362725e-06,0.0013122840405230814
4096,71,75,1.859075254325213e-06,0.0013099044241975451
4096,72,95,2.354828655478603e-06,0.0013080453489432199
4096,73,84,2.0821642848442384e-06,0.0013056905202877413
4096,74,75,1.859075254325213e-06,0.001303608356002897
4096,75,66,1.6359862238061873e-06,0.0013017492807485718
4096,76,60,1.4872602034601704e-06,0.0013001132945247656
4096,77,74,1.8342875842675434e-06,0.0012986260343213053
4096,78,64,1.5864108836908483e-06,0.001296791746737038
4096,79,73,1.809499914209874e-06,0.001295205335853347
4096,80,50,1.2393835028834753e-06,0.001293395835939137
4096,81,51,1.2641711729411448e-06,0.0012921564524362536
4096,82,54,1.3385341831141533e-06,0.0012908922812633126
4096,83,47,1.1650204927104667e-06,0.0012895537470801984
4096,84,54,1.3385341831141533e-06,0.001288388726587488
4096,85,53,1.3137465130564838e-06,0.0012870501924043738
4096,86,44,1.0906574825374582e-06,0.0012857364458913174
4096,87,34,8.427807819607632e-07,0.0012846457884087797
4096,88,46,1.1402328226527972e-06,0.0012838030076268191
4096,89,32,7.932054418454241e-07,0.0012826627748041663
4096,90,42,1.0410821424221192e-06,0.001281869569362321
4096,91,44,1.0906574825374582e-06,0.0012808284872198987
4096,92,52,1.2889588429988143e-06,0.0012797378297373613
4096,93,39,9.667191322491106e-07,0.0012784488708943624
4096,94,32,7.932054418454241e-07,0.0012774821517621134
4096,95,34,8.427807819607632e-07,0.0012766889463202678
4096,96,45,1.1154451525951277e-06,0.0012758461655383072
4096,97,31,7.684177717877547e-07,0.001274730720385712
4096,98,35,8.675684520184327e-07,0.0012739623026139242
4096,99,34,8.427807819607632e-07,0.0012730947341619058
4096,100,39,9.667191322491106e-07,0.0012722519533799452
4096,101,42,1.0410821424221192e-06,0.001271285234247696
4096,102,32,7.932054418454241e-07,0.001270244152105274
4096,103,41,1.0162944723644497e-06,0.0012694509466634285
4096,104,29,7.188424316724157e-07,0.0012684346521910639
4096,105,28,6.940547616147462e-07,0.0012677158097593915
4096,106,37,9.171437921337717e-07,0.0012670217549977769
4096,107,20,4.957534011533901e-07,0.001266104611205643
4096,108,20,4.957534011533901e-07,0.0012656088578044896
4096,109,28,6.940547616147462e-07,0.0012651131044033362
4096,110,27,6.692670915570767e-07,0.0012644190496417214
4096,111,22,5.453287412687291e-07,0.0012637497825501644
4096,112,21,5.205410712110596e-07,0.0012632044538088956
4096,113,27,6.692670915570767e-07,0.0012626839127376846
4096,114,20,4.957534011533901e-07,0.0012620146456461276
4096,115,18,4.461780610380511e-07,0.0012615188922449742
4096,116,24,5.949040813840681e-07,0.0012610727141839362
4096,117,20,4.957534011533901e-07,0.001260477810102552
4096,118,30,7.436301017300852e-07,0.0012599820567013986
4096,119,19,4.709657310957206e-07,0.0012592384265996685
4096,120,27,6.692670915570767e-07,0.001258767460868573
4096,121,13,3.222397107497036e-07,0.0012580981937770157
4096,122,21,5.205410712110596e-07,0.0012577759540662661
4096,123,11,2.7266437063436455e-07,0.001257255412995055
4096,124,18,4.461780610380511e-07,0.0012569827486244207
4096,125,21,5.205410712110596e-07,0.0012565365705633825
4096,126,17,4.213903909803816e-07,0.0012560160294921715
4096,127,22,5.453287412687291e-07,0.001255594639101191
4096,128,14,3.470273808073731e-07,0.0012550493103599225
4096,129,13,3.222397107497036e-07,0.001254702282979115
4096,130,9,2.2308903051902555e-07,0.0012543800432683653
4096,131,13,3.222397107497036e-07,0.0012541569542378463
4096,132,17,4.213903909803816e-07,0.0012538347145270967
4096,133,11,2.7266437063436455e-07,0.0012534133241361163
4096,134,16,3.9660272092271207e-07,0.0012531406597654819
4096,135,13,3.222397107497036e-07,0.0012527440570445593
4096,136,17,4.213903909803816e-07,0.0012524218173338094
4096,137,10,2.4787670057669504e-07,0.001252000426942829
4096,138,10,2.4787670057669504e-07,0.0012517525502422524
4096,139,7,1.7351369040368655e-07,0.0012515046735416756
4096,140,11,2.7266437063436455e-07,0.001251331159851272
4096,141,13,3.222397107497036e-07,0.0012510584954806376
4096,142,12,2.9745204069203407e-07,0.001250736255769888
4096,143,9,2.2308903051902555e-07,0.0012504388037291958
4096,144,7,1.7351369040368655e-07,0.0012502157146986768
4096,145,15,3.718150508650426e-07,0.0012500422010082732
4096,146,13,3.222397107497036e-07,0.0012496703859574082
4096,147,6,1.4872602034601703e-07,0.0012493481462466584
4096,148,8,1.9830136046135604e-07,0.0012491994202263124
4096,149,11,2.7266437063436455e-07,0.001249001118865851
4096,150,7,1.7351369040368655e-07,0.0012487284544952168
4096,151,5,1.2393835028834752e-07,0.001248554940804813
4096,152,12,2.9745204069203407e-07,0.0012484310024545246
4096,153,15,3.718150508650426e-07,0.0012481335504138326
4096,154,8,1.9830136046135604e-07,0.0012477617353629676
4096,155,9,2.2308903051902555e-07,0.0012475634340025062
4096,156,6,1.4872602034601703e-07,0.0012473403449719872
4096,157,6,1.4872602034601703e-07,0.0012471916189516412
4096,158,2,4.957534011533901e-08,0.0012470428929312952
4096,159,9,2.2308903051902555e-07,0.0012469933175911798
4096,160,7,1.7351369040368655e-07,0.0012467702285606608
4096,161,6,1.4872602034601703e-07,0.0012465967148702572
4096,162,5,1.2393835028834752e-07,0.0012464479888499112
4096,163,7,1.7351369040368655e-07,0.0012463240504996228
4096,164,5,1.2393835028834752e-07,0.0012461505368092192
4096,165,4,9.915068023067802e-08,0.0012460265984589308
4096,166,3,7.436301017300852e-08,0.0012459274477787
4096,167,6,1.4872602034601703e-07,0.001245853084768527
4096,168,8,1.9830136046135604e-07,0.001245704358748181
4096,169,5,1.2393835028834752e-07,0.0012455060573877198
4096,170,3,7.436301017300852e-08,0.0012453821190374313
4096,171,5,1.2393835028834752e-07,0.0012453077560272583
4096,172,7,1.7351369040368655e-07,0.00124518381767697
4096,173,6,1.4872602034601703e-07,0.0012450103039865663
4096,174,4,9.915068023067802e-08,0.0012448615779662203
4096,175,2,4.957534011533901e-08,0.0012447624272859895
4096,176,6,1.4872602034601703e-07,0.0012447128519458743
4096,177,4,9.915068023067802e-08,0.0012445641259255281
4096,178,6,1.4872602034601703e-07,0.0012444649752452975
4096,179,2,4.957534011533901e-08,0.0012443162492249515
4096,180,7,1.7351369040368655e-07,0.0012442666738848361
4096,181,5,1.2393835028834752e-07,0.0012440931601944325
4096,182,5,1.2393835028834752e-07,0.0012439692218441441
4096,183,3,7.436301017300852e-08,0.0012438452834938557
4096,184,6,1.4872602034601703e-07,0.0012437709204836827
4096,185,7,1.7351369040368655e-07,0.0012436221944633367
4096,186,3,7.436301017300852e-08,0.0012434486807729331
4096,187,2,4.957534011533901e-08,0.0012433743177627601
4096,188,1,2.4787670057669504e-08,0.0012433247424226447
4096,189,2,4.957534011533901e-08,0.0012432999547525871
4096,190,3,7.436301017300852e-08,0.0012432503794124717
4096,191,4,9.915068023067802e-08,0.0012431760164022987
4096,192,4,9.915068023067802e-08,0.0012430768657220681
4096,193,1,2.4787670057669504e-08,0.0012429777150418373
4096,194,8,1.9830136046135604e-07,0.0012429529273717797
4096,195,3,7.436301017300852e-08,0.0012427546260113183
4096,196,1,2.4787670057669504e-08,0.0012426802630011453
4096,197,5,1.2393835028834752e-07,0.0012426554753310877
4096,198,3,7.436301017300852e-08,0.0012425315369807993
4096,199,8,1.9830136046135604e-07,0.0012424571739706263
4096,200,2,4.957534011533901e-08,0.0012422588726101649
4096,201,1,2.4787670057669504e-08,0.0012422092972700497
4096,202,4,9.915068023067802e-08,0.0012421845095999919
4096,204,4,9.915068023067802e-08,0.0012420853589197613
4096,205,2,4.957534011533901e-08,0.0012419862082395307
4096,206,3,7.436301017300852e-08,0.0012419366328994153
4096,207,1,2.4787670057669504e-08,0.0012418622698892423
4096,208,5,1.2393835028834752e-07,0.0012418374822191845
4096,209,1,2.4787670057669504e-08,0.0012417135438688963
4096,210,1,2.4787670057669504e-08,0.0012416887561988385
4096,211,4,9.915068023067802e-08,0.0012416639685287809
4096,213,3,7.436301017300852e-08,0.0012415648178485503
4096,214,3,7.436301017300852e-08,0.0012414904548383773
4096,215,1,2.4787670057669504e-08,0.0012414160918282043
4096,216,2,4.957534011533901e-08,0.0012413913041581465
4096,217,1,2.4787670057669504e-08,0.0012413417288180313
4096,218,3,7.436301017300852e-08,0.0012413169411479735
4096,219,5,1.2393835028834752e-07,0.0012412425781378005
4096,220,3,7.436301017300852e-08,0.001241118639787512
4096,221,2,4.957534011533901e-08,0.001241044276777339
4096,222,3,7.436301017300852e-08,0.0012409947014372239
4096,223,3,7.436301017300852e-08,0.0012409203384270509
4096,224,2,4.957534011533901e-08,0.0012408459754168779
4096,225,2,4.957534011533901e-08,0.0012407964000767625
4096,226,1,2.4787670057669504e-08,0.001240746824736647
4096,227,1,2.4787670057669504e-08,0.0012407220370665895
4096,228,2,4.957534011533901e-08,0.0012406972493965319
4096,231,2,4.957534011533901e-08,0.0012406476740564165
4096,233,3,7.436301017300852e-08,0.001240598098716301
4096,234,2,4.957534011533901e-08,0.001240523735706128
4096,235,1,2.4787670057669504e-08,0.0012404741603660127
4096,237,2,4.957534011533901e-08,0.001240449372695955
4096,240,1,2.4787670057669504e-08,0.0012403997973558397
4096,241,2,4.957534011533901e-08,0.001240375009685782
4096,242,1,2.4787670057669504e-08,0.0012403254343456667
4096,243,1,2.4787670057669504e-08,0.001240300646675609
4096,244,1,2.4787670057669504e-08,0.0012402758590055515
4096,246,2,4.957534011533901e-08,0.0012402510713354937
4096,248,1,2.4787670057669504e-08,0.0012402014959953785
4096,249,2,4.957534011533901e-08,0.0012401767083253207
4096,251,1,2.4787670057669504e-08,0.0012401271329852055
4096,252,1,2.4787670057669504e-08,0.0012401023453151477
4096,254,2,4.957534011533901e-08,0.00124007755764509
4096,259,2,4.957534011533901e-08,0.0012400279823049747
4096,260,2,4.957534011533901e-08,0.0012399784069648595
4096,261,1,2.4787670057669504e-08,0.001239928831624744
4096,262,1,2.4787670057669504e-08,0.0012399040439546863
4096,264,1,2.4787670057669504e-08,0.0012398792562846287
4096,266,1,2.4787670057669504e-08,0.001239854468614571
4096,268,3,7.436301017300852e-08,0.0012398296809445133
4096,273,1,2.4787670057669504e-08,0.0012397553179343403
4096,274,1,2.4787670057669504e-08,0.0012397305302642827
4096,278,1,2.4787670057669504e-08,0.001239705742594225
4096,286,1,2.4787670057669504e-08,0.0012396809549241672
4096,291,1,2.4787670057669504e-08,0.0012396561672541097
4096,294,1,2.4787670057669504e-08,0.001239631379584052
4096,297,1,2.4787670057669504e-08,0.0012396065919139942
4096,303,1,2.4787670057669504e-08,0.0012395818042439367
4096,307,1,2.4787670057669504e-08,0.001239557016573879
4096,322,1,2.4787670057669504e-08,0.0012395322289038212
4096,326,1,2.4787670057669504e-08,0.0012395074412337637
4096,328,1,2.4787670057669504e-08,0.001239482653563706
4096,334,1,2.4787670057669504e-08,0.0012394578658936482
4096,370,1,2.4787670057669504e-08,0.0012394330782235907
4096,406,1,2.4787670057669504e-08,0.001239408290553533
4096,539,1,2.4787670057669504e-08,0.0012393835028834752
4096,566,1,2.4787670057669504e-08,0.0012393587152134177
4096,576,1,2.4787670057669504e-08,0.00123933392754336
4096,578,1,2.4787670057669504e-08,0.0012393091398733022
4096,593,1,2.4787670057669504e-08,0.0012392843522032447
4096,620,1,2.4787670057669504e-08,0.0012392595645331868
4096,621,1,2.4787670057669504e-08,0.0012392347768631292
4096,629,1,2.4787670057669504e-08,0.0012392099891930717
4096,633,1,2.4787670057669504e-08,0.0012391852015230138
4096,637,1,2.4787670057669504e-08,0.0012391604138529562
4096,639,1,2.4787670057669504e-08,0.0012391356261828987
4096,642,1,2.4787670057669504e-08,0.0012391108385128408
4096,644,1,2.4787670057669504e-08,0.0012390860508427832
4096,652,1,2.4787670057669504e-08,0.0012390612631727257
4096,653,1,2.4787670057669504e-08,0.0012390364755026678
4096,654,3,7.436301017300852e-08,0.0012390116878326102
4096,666,1,2.4787670057669504e-08,0.0012389373248224372
4096,667,1,2.4787670057669504e-08,0.0012389125371523797
4096,669,1,2.4787670057669504e-08,0.0012388877494823218
4096,672,1,2.4787670057669504e-08,0.0012388629618122642
4096,673,1,2.4787670057669504e-08,0.0012388381741422066
4096,674,3,7.436301017300852e-08,0.0012388133864721488
4096,676,1,2.4787670057669504e-08,0.0012387390234619758
4096,679,1,2.4787670057669504e-08,0.0012387142357919182
4096,680,1,2.4787670057669504e-08,0.0012386894481218606
4096,681,1,2.4787670057669504e-08,0.0012386646604518028
4096,686,1,2.4787670057669504e-08,0.0012386398727817452
4096,690,1,2.4787670057669504e-08,0.0012386150851116876
4096,692,2,4.957534011533901e-08,0.0012385902974416298
4096,695,2,4.957534011533901e-08,0.0012385407221015144
4096,698,3,7.436301017300852e-08,0.0012384911467613992
4096,703,1,2.4787670057669504e-08,0.0012384167837512262
4096,706,1,2.4787670057669504e-08,0.0012383919960811684
4096,707,1,2.4787670057669504e-08,0.0012383672084111108
4096,708,1,2.4787670057669504e-08,0.0012383424207410532
4096,710,2,4.957534011533901e-08,0.0012383176330709954
4096,711,1,2.4787670057669504e-08,0.0012382680577308802
4096,712,1,2.4787670057669504e-08,0.0012382432700608224
4096,713,1,2.4787670057669504e-08,0.0012382184823907648
4096,715,1,2.4787670057669504e-08,0.0012381936947207072
4096,717,1,2.4787670057669504e-08,0.0012381689070506494
4096,719,1,2.4787670057669504e-08,0.0012381441193805918
4096,721,2,4.957534011533901e-08,0.0012381193317105342
4096,723,2,4.957534011533901e-08,0.0012380697563704188
4096,724,4,9.915068023067802e-08,0.0012380201810303034
4096,725,1,2.4787670057669504e-08,0.0012379210303500728
4096,727,1,2.4787670057669504e-08,0.001237896242680015
4096,730,2,4.957534011533901e-08,0.0012378714550099574
4096,731,2,4.957534011533901e-08,0.001237821879669842
4096,733,5,1.2393835028834752e-07,0.0012377723043297268
4096,735,2,4.957534011533901e-08,0.0012376483659794384
4096,737,1,2.4787670057669504e-08,0.001237598790639323
4096,738,1,2.4787670057669504e-08,0.0012375740029692654
4096,739,1,2.4787670057669504e-08,0.0012375492152992078
4096,740,3,7.436301017300852e-08,0.00123752442762915
4096,741,1,2.4787670057669504e-08,0.001237450064618977
4096,742,1,2.4787670057669504e-08,0.0012374252769489194
4096,743,2,4.957534011533901e-08,0.0012374004892788618
4096,744,4,9.915068023067802e-08,0.0012373509139387464
4096,747,1,2.4787670057669504e-08,0.0012372517632585156
4096,748,2,4.957534011533901e-08,0.001237226975588458
4096,749,4,9.915068023067802e-08,0.0012371774002483426
4096,750,2,4.957534011533901e-08,0.001237078249568112
4096,751,2,4.957534011533901e-08,0.0012370286742279966
4096,752,2,4.957534011533901e-08,0.0012369790988878814
4096,753,1,2.4787670057669504e-08,0.001236929523547766
4096,754,1,2.4787670057669504e-08,0.0012369047358777084
4096,755,1,2.4787670057669504e-08,0.0012368799482076506
4096,756,1,2.4787670057669504e-08,0.001236855160537593
4096,758,1,2.4787670057669504e-08,0.0012368303728675354
4096,759,2,4.957534011533901e-08,0.0012368055851974776
4096,760,2,4.957534011533901e-08,0.0012367560098573624
4096,761,4,9.915068023067802e-08,0.001236706434517247
4096,762,3,7.436301017300852e-08,0.0012366072838370164
4096,763,2,4.957534011533901e-08,0.0012365329208268432
4096,766,1,2.4787670057669504e-08,0.001236483345486728
4096,767,1,2.4787670057669504e-08,0.0012364585578166702
4096,768,2,4.957534011533901e-08,0.0012364337701466126
4096,769,2,4.957534011533901e-08,0.0012363841948064972
4096,770,1,2.4787670057669504e-08,0.001236334619466382
4096,771,2,4.957534011533901e-08,0.0012363098317963242
4096,772,2,4.957534011533901e-08,0.001236260256456209
4096,773,2,4.957534011533901e-08,0.0012362106811160936
4096,775,3,7.436301017300852e-08,0.0012361611057759782
4096,776,1,2.4787670057669504e-08,0.0012360867427658052
4096,778,1,2.4787670057669504e-08,0.0012360619550957476
4096,779,2,4.957534011533901e-08,0.00123603716742569
4096,780,1,2.4787670057669504e-08,0.0012359875920855746
4096,781,1,2.4787670057669504e-08,0.001235962804415517
4096,782,1,2.4787670057669504e-08,0.0012359380167454592
4096,783,2,4.957534011533901e-08,0.0012359132290754016
4096,784,1,2.4787670057669504e-08,0.0012358636537352862
4096,785,5,1.2393835028834752e-07,0.0012358388660652286
4096,786,1,2.4787670057669504e-08,0.0012357149277149402
4096,787,4,9.915068023067802e-08,0.0012356901400448826
4096,788,1,2.4787670057669504e-08,0.0012355909893646518
4096,789,4,9.915068023067802e-08,0.0012355662016945942
4096,791,4,9.915068023067802e-08,0.0012354670510143636
4096,792,3,7.436301017300852e-08,0.0012353679003341328
4096,793,1,2.4787670057669504e-08,0.0012352935373239598
4096,794,4,9.915068023067802e-08,0.0012352687496539022
4096,796,1,2.4787670057669504e-08,0.0012351695989736714
4096,797,4,9.915068023067802e-08,0.0012351448113036138
4096,798,3,7.436301017300852e-08,0.0012350456606233832
4096,799,2,4.957534011533901e-08,0.0012349712976132102
4096,800,1,2.4787670057669504e-08,0.0012349217222730948
4096,802,1,2.4787670057669504e-08,0.0012348969346030372
4096,803,1,2.4787670057669504e-08,0.0012348721469329794
4096,804,2,4.957534011533901e-08,0.0012348473592629218
4096,806,2,4.957534011533901e-08,0.0012347977839228064
4096,808,5,1.2393835028834752e-07,0.0012347482085826912
4096,809,4,9.915068023067802e-08,0.0012346242702324028
4096,810,3,7.436301017300852e-08,0.001234525119552172
4096,811,2,4.957534011533901e-08,0.001234450756541999
4096,812,2,4.957534011533901e-08,0.0012344011812018838
4096,813,5,1.2393835028834752e-07,0.0012343516058617684
4096,814,1,2.4787670057669504e-08,0.00123422766751148
4096,815,4,9.915068023067802e-08,0.0012342028798414224
4096,816,1,2.4787670057669504e-08,0.0012341037291611918
4096,817,6,1.4872602034601703e-07,0.001234078941491134
4096,818,5,1.2393835028834752e-07,0.001233930215470788
4096,819,3,7.436301017300852e-08,0.0012338062771204996
4096,820,7,1.7351369040368655e-07,0.0012337319141103266
4096,821,4,9.915068023067802e-08,0.001233558400419923
4096,822,6,1.4872602034601703e-07,0.0012334592497396924
4096,823,3,7.436301017300852e-08,0.0012333105237193464
4096,824,3,7.436301017300852e-08,0.0012332361607091732
4096,825,3,7.436301017300852e-08,0.0012331617976990001
4096,826,1,2.4787670057669504e-08,0.0012330874346888271
4096,827,4,9.915068023067802e-08,0.0012330626470187696
4096,828,5,1.2393835028834752e-07,0.001232963496338539
4096,829,5,1.2393835028834752e-07,0.0012328395579882506
4096,830,1,2.4787670057669504e-08,0.0012327156196379621
4096,831,1,2.4787670057669504e-08,0.0012326908319679046
4096,832,3,7.436301017300852e-08,0.001232666044297847
4096,834,1,2.4787670057669504e-08,0.001232591681287674
4096,835,5,1.2393835028834752e-07,0.0012325668936176161
4096,836,3,7.436301017300852e-08,0.0012324429552673277
4096,837,3,7.436301017300852e-08,0.0012323685922571547
4096,838,5,1.2393835028834752e-07,0.0012322942292469817
4096,839,6,1.4872602034601703e-07,0.0012321702908966935
4096,840,3,7.436301017300852e-08,0.0012320215648763475
4096,841,6,1.4872602034601703e-07,0.0012319472018661745
4096,842,6,1.4872602034601703e-07,0.0012317984758458283
4096,843,1,2.4787670057669504e-08,0.0012316497498254823
4096,844,6,1.4872602034601703e-07,0.0012316249621554247
4096,845,3,7.436301017300852e-08,0.0012314762361350787
4096,846,7,1.7351369040368655e-07,0.0012314018731249057
4096,847,3,7.436301017300852e-08,0.001231228359434502
4096,848,6,1.4872602034601703e-07,0.001231153996424329
4096,849,5,1.2393835028834752e-07,0.001231005270403983
4096,850,5,1.2393835028834752e-07,0.0012308813320536947
4096,851,5,1.2393835028834752e-07,0.0012307573937034063
4096,852,3,7.436301017300852e-08,0.001230633455353118
4096,853,4,9.915068023067802e-08,0.001230559092342945
4096,854,6,1.4872602034601703e-07,0.0012304599416627143
4096,855,5,1.2393835028834752e-07,0.0012303112156423683
4096,856,4,9.915068023067802e-08,0.00123018727729208
4096,857,5,1.2393835028834752e-07,0.0012300881266118493
4096,858,2,4.957534011533901e-08,0.001229964188261561
4096,859,2,4.957534011533901e-08,0.0012299146129214455
4096,860,3,7.436301017300852e-08,0.00122986503758133
4096,861,5,1.2393835028834752e-07,0.001229790674571157
4096,862,2,4.957534011533901e-08,0.001229666736220869
4096,863,4,9.915068023067802e-08,0.0012296171608807535
4096,864,1,2.4787670057669504e-08,0.001229518010200523
4096,865,6,1.4872602034601703e-07,0.001229493222530465
4096,866,11,2.7266437063436455e-07,0.001229344496510119
4096,867,6,1.4872602034601703e-07,0.0012290718321394847
4096,868,3,7.436301017300852e-08,0.0012289231061191387
4096,869,10,2.4787670057669504e-07,0.0012288487431089657
4096,870,11,2.7266437063436455e-07,0.001228600866408389
4096,871,6,1.4872602034601703e-07,0.0012283282020377547
4096,872,4,9.915068023067802e-08,0.0012281794760174087
4096,873,7,1.7351369040368655e-07,0.001228080325337178
4096,874,3,7.436301017300852e-08,0.0012279068116467743
4096,875,4,9.915068023067802e-08,0.0012278324486366013
4096,876,5,1.2393835028834752e-07,0.0012277332979563707
4096,877,1,2.4787670057669504e-08,0.0012276093596060823
4096,878,3,7.436301017300852e-08,0.0012275845719360247
4096,879,5,1.2393835028834752e-07,0.0012275102089258517
4096,880,5,1.2393835028834752e-07,0.0012273862705755633
4096,881,6,1.4872602034601703e-07,0.0012272623322252749
4096,882,1,2.4787670057669504e-08,0.0012271136062049289
4096,883,3,7.436301017300852e-08,0.0012270888185348713
4096,884,4,9.915068023067802e-08,0.0012270144555246983
4096,885,5,1.2393835028834752e-07,0.0012269153048444675
4096,886,9,2.2308903051902555e-07,0.0012267913664941793
4096,887,10,2.4787670057669504e-07,0.0012265682774636603
4096,888,4,9.915068023067802e-08,0.0012263204007630835
4096,889,8,1.9830136046135604e-07,0.0012262212500828529
4096,890,7,1.7351369040368655e-07,0.0012260229487223915
4096,891,4,9.915068023067802e-08,0.0012258494350319876
4096,892,11,2.7266437063436455e-07,0.001225750284351757
4096,893,6,1.4872602034601703e-07,0.0012254776199811226
4096,894,6,1.4872602034601703e-07,0.0012253288939607766
4096,895,7,1.7351369040368655e-07,0.0012251801679404306
4096,896,5,1.2393835028834752e-07,0.001225006654250027
4096,897,5,1.2393835028834752e-07,0.0012248827158997386
4096,898,10,2.4787670057669504e-07,0.0012247587775494502
4096,899,7,1.7351369040368655e-07,0.0012245109008488736
4096,900,4,9.915068023067802e-08,0.0012243373871584698
4096,901,1,2.4787670057669504e-08,0.0012242382364782392
4096,902,5,1.2393835028834752e-07,0.0012242134488081816
4096,903,8,1.9830136046135604e-07,0.0012240895104578932
4096,904,6,1.4872602034601703e-07,0.0012238912090974318
4096,905,8,1.9830136046135604e-07,0.0012237424830770858
4096,906,9,2.2308903051902555e-07,0.0012235441817166244
4096,907,3,7.436301017300852e-08,0.0012233210926861054
4096,908,8,1.9830136046135604e-07,0.0012232467296759324
4096,909,10,2.4787670057669504e-07,0.001223048428315471
4096,910,7,1.7351369040368655e-07,0.0012228005516148944
4096,911,6,1.4872602034601703e-07,0.0012226270379244908
4096,912,5,1.2393835028834752e-07,0.0012224783119041446
4096,913,5,1.2393835028834752e-07,0.0012223543735538564
4096,914,8,1.9830136046135604e-07,0.001222230435203568
4096,915,5,1.2393835028834752e-07,0.0012220321338431066
4096,916,4,9.915068023067802e-08,0.0012219081954928184
4096,917,8,1.9830136046135604e-07,0.0012218090448125876
4096,918,5,1.2393835028834752e-07,0.0012216107434521262
4096,919,9,2.2308903051902555e-07,0.001221486805101838
4096,920,11,2.7266437063436455e-07,0.001221263716071319
4096,921,16,3.9660272092271207e-07,0.0012209910517006846
4096,922,7,1.7351369040368655e-07,0.0012205944489797618
4096,923,6,1.4872602034601703e-07,0.0012204209352893582
4096,924,5,1.2393835028834752e-07,0.0012202722092690122
4096,925,10,2.4787670057669504e-07,0.0012201482709187238
4096,926,7,1.7351369040368655e-07,0.0012199003942181472
4096,927,8,1.9830136046135604e-07,0.0012197268805277434
4096,928,6,1.4872602034601703e-07,0.001219528579167282
4096,929,6,1.4872602034601703e-07,0.001219379853146936
4096,930,9,2.2308903051902555e-07,0.00121923112712659
4096,931,10,2.4787670057669504e-07,0.001219008038096071
4096,932,10,2.4787670057669504e-07,0.0012187601613954943
4096,933,10,2.4787670057669504e-07,0.0012185122846949175
4096,934,13,3.222397107497036e-07,0.001218264407994341
4096,935,6,1.4872602034601703e-07,0.0012179421682835911
4096,936,5,1.2393835028834752e-07,0.0012177934422632451
4096,937,11,2.7266437063436455e-07,0.0012176695039129567
4096,938,7,1.7351369040368655e-07,0.0012173968395423225
4096,939,8,1.9830136046135604e-07,0.0012172233258519187
4096,940,10,2.4787670057669504e-07,0.0012170250244914573
4096,941,9,2.2308903051902555e-07,0.0012167771477908807
4096,942,6,1.4872602034601703e-07,0.0012165540587603617
4096,943,17,4.213903909803816e-07,0.0012164053327400157
4096,944,23,5.701164113263986e-07,0.0012159839423490353
4096,945,6,1.4872602034601703e-07,0.0012154138259377089
4096,946,11,2.7266437063436455e-07,0.0012152650999173629
4096,947,14,3.470273808073731e-07,0.0012149924355467285
4096,948,8,1.9830136046135604e-07,0.001214645408165921
4096,949,13,3.222397107497036e-07,0.0012144471068054597
4096,950,12,2.9745204069203407e-07,0.00121412486709471
4096,951,9,2.2308903051902555e-07,0.001213827415054018
4096,952,14,3.470273808073731e-07,0.001213604326023499
4096,953,10,2.4787670057669504e-07,0.0012132572986426917
4096,954,16,3.9660272092271207e-07,0.0012130094219421148
4096,955,9,2.2308903051902555e-07,0.0012126128192211923
4096,956,11,2.7266437063436455e-07,0.0012123897301906732
4096,957,23,5.701164113263986e-07,0.0012121170658200388
4096,958,12,2.9745204069203407e-07,0.0012115469494087124
4096,959,15,3.718150508650426e-07,0.0012112494973680204
4096,960,15,3.718150508650426e-07,0.0012108776823171554
4096,961,8,1.9830136046135604e-07,0.0012105058672662904
4096,962,11,2.7266437063436455e-07,0.001210307565905829
4096,963,10,2.4787670057669504e-07,0.0012100349015351946
4096,964,10,2.4787670057669504e-07,0.0012097870248346178
4096,965,8,1.9830136046135604e-07,0.0012095391481340412
4096,966,12,2.9745204069203407e-07,0.0012093408467735798
4096,967,12,2.9745204069203407e-07,0.0012090433947328878
4096,968,12,2.9745204069203407e-07,0.0012087459426921958
4096,969,12,2.9745204069203407e-07,0.0012084484906515038
4096,970,11,2.7266437063436455e-07,0.0012081510386108118
4096,971,14,3.470273808073731e-07,0.0012078783742401774
4096,972,8,1.9830136046135604e-07,0.00120753134685937
4096,973,16,3.9660272092271207e-07,0.0012073330454989086
4096,974,13,3.222397107497036e-07,0.001206936442777986
4096,975,13,3.222397107497036e-07,0.0012066142030672362
4096,976,8,1.9830136046135604e-07,0.0012062919633564866
4096,977,13,3.222397107497036e-07,0.0012060936619960252
4096,978,18,4.461780610380511e-07,0.0012057714222852753
4096,979,13,3.222397107497036e-07,0.0012053252442242373
4096,980,16,3.9660272092271207e-07,0.0012050030045134877
4096,981,10,2.4787670057669504e-07,0.001204606401792565
4096,982,16,3.9660272092271207e-07,0.0012043585250919883
4096,983,13,3.222397107497036e-07,0.0012039619223710655
4096,984,14,3.470273808073731e-07,0.001203639682660316
4096,985,7,1.7351369040368655e-07,0.0012032926552795085
4096,986,13,3.222397107497036e-07,0.001203119141589105
4096,987,23,5.701164113263986e-07,0.001202796901878355
4096,988,12,2.9745204069203407e-07,0.0012022267854670287
4096,989,13,3.222397107497036e-07,0.0012019293334263367
4096,990,17,4.213903909803816e-07,0.0012016070937155869
4096,991,11,2.7266437063436455e-07,0.0012011857033246067
4096,992,18,4.461780610380511e-07,0.0012009130389539723
4096,993,11,2.7266437063436455e-07,0.0012004668608929343
4096,994,21,5.205410712110596e-07,0.0012001941965222999
4096,995,13,3.222397107497036e-07,0.0011996736554510886
4096,996,8,1.9830136046135604e-07,0.001199351415740339
4096,997,12,2.9745204069203407e-07,0.0011991531143798776
4096,998,21,5.205410712110596e-07,0.0011988556623391856
4096,999,11,2.7266437063436455e-07,0.0011983351212679746
4096,1000,16,3.9660272092271207e-07,0.0011980624568973402
4096,1001,16,3.9660272092271207e-07,0.0011976658541764174
4096,1002,8,1.9830136046135604e-07,0.0011972692514554948
4096,1003,14,3.470273808073731e-07,0.0011970709500950334
4096,1004,22,5.453287412687291e-07,0.001196723922714226
4096,1005,8,1.9830136046135604e-07,0.0011961785939729574
4096,1006,18,4.461780610380511e-07,0.001195980292612496
4096,1007,15,3.718150508650426e-07,0.001195534114551458
4096,1008,18,4.461780610380511e-07,0.001195162299500593
4096,1009,19,4.709657310957206e-07,0.0011947161214395548
4096,1010,13,3.222397107497036e-07,0.0011942451557084592
4096,1011,22,5.453287412687291e-07,0.0011939229159977094
4096,1012,11,2.7266437063436455e-07,0.0011933775872564408
4096,1013,21,5.205410712110596e-07,0.0011931049228858064
4096,1014,13,3.222397107497036e-07,0.0011925843818145954
4096,1015,21,5.205410712110596e-07,0.0011922621421038455
4096,1016,15,3.718150508650426e-07,0.0011917416010326345
4096,1017,18,4.461780610380511e-07,0.0011913697859817695
4096,1018,19,4.709657310957206e-07,0.0011909236079207313
4096,1019,16,3.9660272092271207e-07,0.0011904526421896357
4096,1020,20,4.957534011533901e-07,0.001190056039468713
4096,1021,15,3.718150508650426e-07,0.0011895602860675595
4096,1022,19,4.709657310957206e-07,0.0011891884710166945
4096,1023,23,5.701164113263986e-07,0.001188717505285599
4096,1024,9,2.2308903051902555e-07,0.0011881473888742725
4096,1025,22,5.453287412687291e-07,0.0011879242998437535
4096,1026,16,3.9660272092271207e-07,0.0011873789711024847
4096,1027,22,5.453287412687291e-07,0.0011869823683815619
4096,1028,22,5.453287412687291e-07,0.0011864370396402933
4096,1029,19,4.709657310957206e-07,0.0011858917108990244
4096,1030,10,2.4787670057669504e-07,0.0011854207451679288
4096,1031,20,4.957534011533901e-07,0.001185172868467352
4096,1032,19,4.709657310957206e-07,0.0011846771150661986
4096,1033,17,4.213903909803816e-07,0.001184206149335103
4096,1034,12,2.9745204069203407e-07,0.0011837847589441226
4096,1035,21,5.205410712110596e-07,0.0011834873069034306
4096,1036,27,6.692670915570767e-07,0.0011829667658322194
4096,1037,20,4.957534011533901e-07,0.0011822974987406624
4096,1038,24,5.949040813840681e-07,0.001181801745339509
4096,1039,26,6.444794214994072e-07,0.001181206841258125
4096,1040,22,5.453287412687291e-07,0.0011805623618366256
4096,1041,18,4.461780610380511e-07,0.0011800170330953568
4096,1042,23,5.701164113263986e-07,0.0011795708550343187
4096,1043,16,3.9660272092271207e-07,0.0011790007386229923
4096,1044,28,6.940547616147462e-07,0.0011786041359020697
4096,1045,22,5.453287412687291e-07,0.001177910081140455
4096,1046,26,6.444794214994072e-07,0.0011773647523991861
4096,1047,21,5.205410712110596e-07,0.0011767202729776867
4096,1048,16,3.9660272092271207e-07,0.0011761997319064757
4096,1049,16,3.9660272092271207e-07,0.001175803129185553
4096,1050,19,4.709657310957206e-07,0.0011754065264646303
4096,1051,24,5.949040813840681e-07,0.0011749355607335345
4096,1052,31,7.684177717877547e-07,0.0011743406566521505
4096,1053,21,5.205410712110596e-07,0.0011735722388803627
4096,1054,15,3.718150508650426e-07,0.0011730516978091516
4096,1055,20,4.957534011533901e-07,0.0011726798827582866
4096,1056,25,6.196917514417376e-07,0.0011721841293571332
4096,1057,21,5.205410712110596e-07,0.0011715644376056914
4096,1058,21,5.205410712110596e-07,0.0011710438965344804
4096,1059,24,5.949040813840681e-07,0.0011705233554632694
4096,1060,30,7.436301017300852e-07,0.0011699284513818854
4096,1061,19,4.709657310957206e-07,0.0011691848212801552
4096,1062,22,5.453287412687291e-07,0.0011687138555490596
4096,1063,25,6.196917514417376e-07,0.0011681685268077908
4096,1064,35,8.675684520184327e-07,0.001167548835056349
4096,1065,32,7.932054418454241e-07,0.0011666812666043306
4096,1066,21,5.205410712110596e-07,0.0011658880611624851
4096,1067,29,7.188424316724157e-07,0.0011653675200912741
4096,1068,29,7.188424316724157e-07,0.0011646486776596017
4096,1069,26,6.444794214994072e-07,0.0011639298352279293
4096,1070,28,6.940547616147462e-07,0.00116328535580643
4096,1071,22,5.453287412687291e-07,0.001162591301044815
4096,1072,28,6.940547616147462e-07,0.0011620459723035465
4096,1073,21,5.205410712110596e-07,0.0011613519175419317
4096,1074,18,4.461780610380511e-07,0.0011608313764707207
4096,1075,21,5.205410712110596e-07,0.0011603851984096827
4096,1076,26,6.444794214994072e-07,0.0011598646573384714
4096,1077,34,8.427807819607632e-07,0.001159220177916972
4096,1078,33,8.179931119030937e-07,0.0011583773971350114
4096,1079,27,6.692670915570767e-07,0.0011575594040231082
4096,1080,29,7.188424316724157e-07,0.0011568901369315512
4096,1081,23,5.701164113263986e-07,0.0011561712944998788
4096,1082,23,5.701164113263986e-07,0.0011556011780885524
4096,1083,19,4.709657310957206e-07,0.001155031061677226
4096,1084,28,6.940547616147462e-07,0.0011545600959461302
4096,1085,32,7.932054418454241e-07,0.0011538660411845156
4096,1086,22,5.453287412687291e-07,0.0011530728357426702
4096,1087,21,5.205410712110596e-07,0.0011525275070014013
4096,1088,20,4.957534011533901e-07,0.0011520069659301903
4096,1089,31,7.684177717877547e-07,0.001151511212529037
4096,1090,33,8.179931119030937e-07,0.0011507427947572491
4096,1091,40,9.915068023067801e-07,0.0011499248016453461
4096,1092,28,6.940547616147462e-07,0.0011489332948430393
4096,1093,27,6.692670915570767e-07,0.0011482392400814245
4096,1094,34,8.427807819607632e-07,0.0011475699729898675
4096,1095,25,6.196917514417376e-07,0.0011467271922079067
4096,1096,31,7.684177717877547e-07,0.0011461075004564648
4096,1097,25,6.196917514417376e-07,0.0011453390826846772
4096,1098,36,8.923561220761022e-07,0.0011447193909332354
4096,1099,32,7.932054418454241e-07,0.0011438270348111594
4096,1100,28,6.940547616147462e-07,0.001143033829369314
4096,1101,28,6.940547616147462e-07,0.0011423397746076992
4096,1102,23,5.701164113263986e-07,0.0011416457198460844
4096,1103,28,6.940547616147462e-07,0.001141075603434758
4096,1104,29,7.188424316724157e-07,0.0011403815486731434
4096,1105,28,6.940547616147462e-07,0.001139662706241471
4096,1106,27,6.692670915570767e-07,0.0011389686514798561
4096,1107,38,9.419314621914412e-07,0.0011382993843882991
4096,1108,21,5.205410712110596e-07,0.0011373574529261075
4096,1109,29,7.188424316724157e-07,0.0011368369118548965
4096,1110,35,8.675684520184327e-07,0.001136118069423224
4096,1111,31,7.684177717877547e-07,0.0011352505009712057
4096,1112,38,9.419314621914412e-07,0.0011344820831994179
4096,1113,22,5.453287412687291e-07,0.0011335401517372265
4096,1114,30,7.436301017300852e-07,0.0011329948229959579
4096,1115,37,9.171437921337717e-07,0.0011322511928942276
4096,1116,38,9.419314621914412e-07,0.0011313340491020938
4096,1117,28,6.940547616147462e-07,0.0011303921176399024
4096,1118,33,8.179931119030937e-07,0.0011296980628782878
4096,1119,33,8.179931119030937e-07,0.0011288800697663846
4096,1120,31,7.684177717877547e-07,0.0011280620766544816
4096,1121,31,7.684177717877547e-07,0.0011272936588826938
4096,1122,35,8.675684520184327e-07,0.001126525241110906
4096,1123,39,9.667191322491106e-07,0.0011256576726588875
4096,1124,20,4.957534011533901e-07,0.0011246909535266385
4096,1125,37,9.171437921337717e-07,0.0011241952001254851
4096,1126,43,1.0658698124797887e-06,0.0011232780563333513
4096,1127,32,7.932054418454241e-07,0.0011222121865208715
4096,1128,41,1.0162944723644497e-06,0.001121418981079026
4096,1129,37,9.171437921337717e-07,0.0011204026866066617
4096,1130,32,7.932054418454241e-07,0.0011194855428145278
4096,1131,40,9.915068023067801e-07,0.0011186923373726824
4096,1132,47,1.1650204927104667e-06,0.0011177008305703756
4096,1133,43,1.0658698124797887e-06,0.0011165358100776652
4096,1134,36,8.923561220761022e-07,0.0011154699402651854
4096,1135,36,8.923561220761022e-07,0.0011145775841431094
4096,1136,44,1.0906574825374582e-06,0.0011136852280210332
4096,1137,46,1.1402328226527972e-06,0.0011125945705384957
4096,1138,32,7.932054418454241e-07,0.001111454337715843
4096,1139,35,8.675684520184327e-07,0.0011106611322739975
4096,1140,38,9.419314621914412e-07,0.001109793563821979
4096,1141,34,8.427807819607632e-07,0.0011088516323597877
4096,1142,33,8.179931119030937e-07,0.0011080088515778269
4096,1143,41,1.0162944723644497e-06,0.0011071908584659239
4096,1144,42,1.0410821424221192e-06,0.0011061745639935595
4096,1145,50,1.2393835028834753e-06,0.0011051334818511372
4096,1146,40,9.915068023067801e-07,0.0011038940983482538
4096,1147,39,9.667191322491106e-07,0.001102902591545947
4096,1148,45,1.1154451525951277e-06,0.001101935872413698
4096,1149,55,1.3633218531718229e-06,0.0011008204272611028
4096,1150,31,7.684177717877547e-07,0.001099457105407931
4096,1151,35,8.675684520184327e-07,0.0010986886876361431
4096,1152,48,1.1898081627681363e-06,0.0010978211191841247
4096,1153,41,1.0162944723644497e-06,0.0010966313110213567
4096,1154,45,1.1154451525951277e-06,0.001095615016548992
4096,1155,40,9.915068023067801e-07,0.001094499571396397
4096,1156,46,1.1402328226527972e-06,0.0010935080645940903
4096,1157,40,9.915068023067801e-07,0.0010923678317714374
4096,1158,44,1.0906574825374582e-06,0.0010913763249691306
4096,1159,49,1.2145958328258058e-06,0.0010902856674865932
4096,1160,47,1.1650204927104667e-06,0.0010890710716537674
4096,1161,45,1.1154451525951277e-06,0.001087906051161057
4096,1162,56,1.3881095232294924e-06,0.0010867906060084617
4096,1163,42,1.0410821424221192e-06,0.0010854024964852323
4096,1164,54,1.3385341831141533e-06,0.0010843614143428101
4096,1165,51,1.2641711729411448e-06,0.001083022880159696
4096,1166,47,1.1650204927104667e-06,0.0010817587089867549
4096,1167,36,8.923561220761022e-07,0.0010805936884940445
4096,1168,39,9.667191322491106e-07,0.0010797013323719682
4096,1169,43,1.0658698124797887e-06,0.0010787346132397192
4096,1170,40,9.915068023067801e-07,0.0010776687434272394
4096,1171,50,1.2393835028834753e-06,0.0010766772366249326
4096,1172,49,1.2145958328258058e-06,0.0010754378531220492
4096,1173,41,1.0162944723644497e-06,0.0010742232572892234
4096,1174,46,1.1402328226527972e-06,0.001073206962816859
4096,1175,52,1.2889588429988143e-06,0.0010720667299942061
4096,1176,51,1.2641711729411448e-06,0.0010707777711512073
4096,1177,57,1.4128971932871619e-06,0.001069513599978266
4096,1178,51,1.2641711729411448e-06,0.001068100702784979
4096,1179,60,1.4872602034601704e-06,0.0010668365316120379
4096,1180,52,1.2889588429988143e-06,0.0010653492714085776
4096,1181,47,1.1650204927104667e-06,0.0010640603125655788
4096,1182,57,1.4128971932871619e-06,0.0010628952920728684
4096,1183,51,1.2641711729411448e-06,0.0010614823948795812
4096,1184,47,1.1650204927104667e-06,0.0010602182237066402
4096,1185,64,1.5864108836908483e-06,0.0010590532032139297
4096,1186,52,1.2889588429988143e-06,0.0010574667923302387
4096,1187,52,1.2889588429988143e-06,0.0010561778334872399
4096,1188,49,1.2145958328258058e-06,0.001054888874644241
4096,1189,59,1.462472533402501e-06,0.0010536742788114155
4096,1190,56,1.3881095232294924e-06,0.0010522118062780128
4096,1191,44,1.0906574825374582e-06,0.0010508236967547834
4096,1192,50,1.2393835028834753e-06,0.001049733039272246
4096,1193,50,1.2393835028834753e-06,0.0010484936557693624
4096,1194,60,1.4872602034601704e-06,0.001047254272266479
4096,1195,63,1.5616232136331788e-06,0.0010457670120630187
4096,1196,61,1.51204787351784e-06,0.0010442053888493855
4096,1197,48,1.1898081627681363e-06,0.0010426933409758677
4096,1198,53,1.3137465130564838e-06,0.0010415035328130997
4096,1199,49,1.2145958328258058e-06,0.001040189786300043
4096,1200,65,1.6111985537485178e-06,0.0010389751904672174
4096,1201,40,9.915068023067801e-07,0.0010373639919134688
4096,1202,60,1.4872602034601704e-06,0.001036372485111162
4096,1203,58,1.4376848633448314e-06,0.0010348852249077018
4096,1204,66,1.6359862238061873e-06,0.001033447540044357
4096,1205,61,1.51204787351784e-06,0.001031811553820551
4096,1206,71,1.7599245740945349e-06,0.0010302995059470331
4096,1207,43,1.0658698124797887e-06,0.0010285395813729385
4096,1208,68,1.6855615639215263e-06,0.0010274737115604587
4096,1209,70,1.7351369040368654e-06,0.0010257881499965372
4096,1210,68,1.6855615639215263e-06,0.0010240530130925002
4096,1211,77,1.9086505944405518e-06,0.0010223674515285788
4096,1212,60,1.4872602034601704e-06,0.0010204588009341382
4096,1213,60,1.4872602034601704e-06,0.0010189715407306781
4096,1214,67,1.6607738938638568e-06,0.001017484280527218
4096,1215,64,1.5864108836908483e-06,0.001015823506633354
4096,1216,66,1.6359862238061873e-06,0.0010142370957496633
4096,1217,72,1.7847122441522044e-06,0.001012601109525857
4096,1218,67,1.6607738938638568e-06,0.0010108163972817048
4096,1219,59,1.462472533402501e-06,0.001009155623387841
4096,1220,73,1.809499914209874e-06,0.0010076931508544384
4096,1221,81,2.00780127467123e-06,0.0010058836509402285
4096,1222,67,1.6607738938638568e-06,0.0010038758496655573
4096,1223,66,1.6359862238061873e-06,0.0010022150757716935
4096,1224,62,1.5368355435755095e-06,0.0010005790895478873
4096,1225,72,1.7847122441522044e-06,0.0009990422540043118
4096,1226,48,1.1898081627681363e-06,0.0009972575417601596
4096,1227,67,1.6607738938638568e-06,0.0009960677335973914
4096,1228,72,1.7847122441522044e-06,0.0009944069597035276
4096,1229,68,1.6855615639215263e-06,0.0009926222474593753
4096,1230,53,1.3137465130564838e-06,0.000990936685895454
4096,1231,84,2.0821642848442384e-06,0.0009896229393823973
4096,1232,63,1.5616232136331788e-06,0.000987540775097553
4096,1233,73,1.809499914209874e-06,0.0009859791518839198
4096,1234,73,1.809499914209874e-06,0.00098416965196971
4096,1235,57,1.4128971932871619e-06,0.0009823601520555002
4096,1236,72,1.7847122441522044e-06,0.000980947254862213
4096,1237,71,1.7599245740945349e-06,0.0009791625426180607
4096,1238,78,1.9334382644982213e-06,0.0009774026180439663
4096,1239,87,2.156527295017247e-06,0.0009754691797794681
4096,1240,92,2.2804656453055945e-06,0.0009733126524844508
4096,1241,79,1.9582259345558908e-06,0.0009710321868391452
4096,1242,78,1.9334382644982213e-06,0.0009690739609045893
4096,1243,76,1.8838629243828825e-06,0.0009671405226400912
4096,1244,75,1.859075254325213e-06,0.0009652566597157082
4096,1245,65,1.6111985537485178e-06,0.000963397584461383
4096,1246,81,2.00780127467123e-06,0.0009617863859076345
4096,1247,65,1.6111985537485178e-06,0.0009597785846329632
4096,1248,93,2.305253315363264e-06,0.0009581673860792147
4096,1249,71,1.7599245740945349e-06,0.0009558621327638515
4096,1250,66,1.6359862238061873e-06,0.000954102208189757
4096,1251,71,1.7599245740945349e-06,0.0009524662219659507
4096,1252,76,1.8838629243828825e-06,0.0009507062973918562
4096,1253,87,2.156527295017247e-06,0.0009488224344674734
4096,1254,76,1.8838629243828825e-06,0.0009466659071724562
4096,1255,99,2.453979335709281e-06,0.0009447820442480732
4096,1256,82,2.0325889447288993e-06,0.000942328064912364
4096,1257,79,1.9582259345558908e-06,0.000940295475967635
4096,1258,71,1.7599245740945349e-06,0.0009383372500330791
4096,1259,88,2.1813149650749164e-06,0.0009365773254589846
4096,1260,70,1.7351369040368654e-06,0.0009343960104939097
4096,1261,72,1.7847122441522044e-06,0.0009326608735898728
4096,1262,72,1.7847122441522044e-06,0.0009308761613457206
4096,1263,76,1.8838629243828825e-06,0.0009290914491015684
4096,1264,89,2.206102635132586e-06,0.0009272075861771856
4096,1265,89,2.206102635132586e-06,0.0009250014835420529
4096,1266,70,1.7351369040368654e-06,0.0009227953809069204
4096,1267,101,2.50355467582462e-06,0.0009210602440028835
4096,1268,91,2.255677975247925e-06,0.0009185566893270589
4096,1269,89,2.206102635132586e-06,0.000916301011351811
4096,1270,81,2.00780127467123e-06,0.0009140949087166784
4096,1271,98,2.4291916656516116e-06,0.0009120871074420071
4096,1272,77,1.9086505944405518e-06,0.0009096579157763555
4096,1273,81,2.00780127467123e-06,0.000907749265181915
4096,1274,87,2.156527295017247e-06,0.0009057414639072437
4096,1275,77,1.9086505944405518e-06,0.0009035849366122265
4096,1276,77,1.9086505944405518e-06,0.000901676286017786
4096,1277,110,2.7266437063436457e-06,0.0008997676354233454
4096,1278,91,2.255677975247925e-06,0.0008970409917170017
4096,1279,102,2.5283423458822896e-06,0.0008947853137417539
4096,1280,77,1.9086505944405518e-06,0.0008922569713958715
4096,1281,99,2.453979335709281e-06,0.000890348320801431
4096,1282,92,2.2804656453055945e-06,0.0008878943414657217
4096,1283,85,2.106951954901908e-06,0.0008856138758204161
4096,1284,92,2.2804656453055945e-06,0.0008835069238655142
4096,1285,108,2.6770683662283067e-06,0.0008812264582202086
4096,1286,101,2.50355467582462e-06,0.0008785493898539803
4096,1287,89,2.206102635132586e-06,0.0008760458351781557
4096,1288,101,2.50355467582462e-06,0.000873839732543023
4096,1289,101,2.50355467582462e-06,0.0008713361778671985
4096,1290,96,2.3796163255362725e-06,0.0008688326231913739
4096,1291,97,2.404403995593942e-06,0.0008664530068658375
4096,1292,112,2.7762190464589848e-06,0.0008640486028702436
4096,1293,88,2.1813149650749164e-06,0.0008612723838237847
4096,1294,103,2.553130015939959e-06,0.0008590910688587097
4096,1295,100,2.4787670057669506e-06,0.0008565379388427698
4096,1296,87,2.156527295017247e-06,0.0008540591718370029
4096,1297,94,2.3300409854209335e-06,0.0008519026445419856
4096,1298,103,2.553130015939959e-06,0.0008495726035565647
4096,1299,105,2.602705356055298e-06,0.0008470194735406246
4096,1300,100,2.4787670057669506e-06,0.0008444167681845694
4096,1301,90,2.2308903051902554e-06,0.0008419380011788025
4096,1302,108,2.6770683662283067e-06,0.0008397071108736121
4096,1303,99,2.453979335709281e-06,0.0008370300425073839
4096,1304,113,2.8010067165166543e-06,0.0008345760631716746
4096,1305,96,2.3796163255362725e-06,0.0008317750564551579
4096,1306,106,2.6274930261129677e-06,0.0008293954401296217
4096,1307,112,2.7762190464589848e-06,0.0008267679471035087
4096,1308,112,2.7762190464589848e-06,0.0008239917280570497
4096,1309,108,2.6770683662283067e-06,0.0008212155090105908
4096,1310,120,2.974520406920341e-06,0.0008185384406443624
4096,1311,107,2.652280696170637e-06,0.0008155639202374421
4096,1312,115,2.8505820566319933e-06,0.0008129116395412714
4096,1313,100,2.4787670057669506e-06,0.0008100610574846395
4096,1314,89,2.206102635132586e-06,0.0008075822904788724
4096,1315,106,2.6274930261129677e-06,0.0008053761878437399
4096,1316,102,2.5283423458822896e-06,0.000802748694817627
4096,1317,113,2.8010067165166543e-06,0.0008002203524717446
4096,1318,101,2.50355467582462e-06,0.000797419345755228
4096,1319,115,2.8505820566319933e-06,0.0007949157910794034
4096,1320,104,2.5779176859976286e-06,0.0007920652090227714
4096,1321,117,2.9001573967473323e-06,0.0007894872913367738
4096,1322,91,2.255677975247925e-06,0.0007865871339400264
4096,1323,120,2.974520406920341e-06,0.0007843314559647785
4096,1324,100,2.4787670057669506e-06,0.0007813569355578582
4096,1325,112,2.7762190464589848e-06,0.0007788781685520912
4096,1326,127,3.148034097324027e-06,0.0007761019495056323
4096,1327,94,2.3300409854209335e-06,0.0007729539154083082
4096,1328,109,2.7018560362859762e-06,0.0007706238744228873
4096,1329,117,2.9001573967473323e-06,0.0007679220183866013
4096,1330,106,2.6274930261129677e-06,0.0007650218609898539
4096,1331,115,2.8505820566319933e-06,0.000762394367963741
4096,1332,119,2.9497327368626714e-06,0.000759543785907109
4096,1333,125,3.0984587572086884e-06,0.0007565940531702463
4096,1334,136,3.3711231278430527e-06,0.0007534955944130376
4096,1335,118,2.924945066805002e-06,0.0007501244712851946
4096,1336,96,2.3796163255362725e-06,0.0007471995262183895
4096,1337,129,3.197609437439366e-06,0.0007448199098928533
4096,1338,130,3.2223971074970356e-06,0.000741622300455414
4096,1339,120,2.974520406920341e-06,0.0007383999033479169
4096,1340,126,3.1232464272663575e-06,0.0007354253829409966
4096,1341,107,2.652280696170637e-06,0.0007323021365137302
4096,1342,122,3.02409574703568e-06,0.0007296498558175596
4096,1343,139,3.4454861380160612e-06,0.0007266257600705239
4096,1344,142,3.5198491481890698e-06,0.0007231802739325079
4096,1345,136,3.3711231278430527e-06,0.0007196604247843187
4096,1346,131,3.247184777554705e-06,0.0007162893016564757
4096,1347,101,2.50355467582462e-06,0.000713042116878921
4096,1348,111,2.7514313764013152e-06,0.0007105385622030964
4096,1349,116,2.875369726689663e-06,0.000707787130826695
4096,1350,132,3.2719724476123746e-06,0.0007049117611000054
4096,1351,115,2.8505820566319933e-06,0.0007016397886523931
4096,1352,106,2.6274930261129677e-06,0.000698789206595761
4096,1353,112,2.7762190464589848e-06,0.0006961617135696481
4096,1354,142,3.5198491481890698e-06,0.0006933854945231891
4096,1355,118,2.924945066805002e-06,0.000689865645375
4096,1356,119,2.9497327368626714e-06,0.000686940700308195
4096,1357,131,3.247184777554705e-06,0.0006839909675713324
4096,1358,153,3.7925135188234344e-06,0.0006807437827937776
4096,1359,155,3.8420888589387734e-06,0.0006769512692749542
4096,1360,124,3.073671087151019e-06,0.0006731091804160154
4096,1361,119,2.9497327368626714e-06,0.0006700355093288644
4096,1362,114,2.8257943865743238e-06,0.0006670857765920017
4096,1363,131,3.247184777554705e-06,0.0006642599822054274
4096,1364,134,3.3215477877277136e-06,0.0006610127974278728
4096,1365,129,3.197609437439366e-06,0.000657691249640145
4096,1366,143,3.5446368182467393e-06,0.0006544936402027057
4096,1367,118,2.924945066805002e-06,0.0006509490033844589
4096,1368,113,2.8010067165166543e-06,0.0006480240583176538
4096,1369,142,3.5198491481890698e-06,0.0006452230516011372
4096,1370,139,3.4454861380160612e-06,0.0006417032024529482
4096,1371,131,3.247184777554705e-06,0.0006382577163149321
4096,1372,105,2.602705356055298e-06,0.0006350105315373774
4096,1373,140,3.4702738080737307e-06,0.0006324078261813221
4096,1374,127,3.148034097324027e-06,0.0006289375523732484
4096,1375,144,3.569424488304409e-06,0.0006257895182759243
4096,1376,134,3.3215477877277136e-06,0.00062222009378762
4096,1377,125,3.0984587572086884e-06,0.0006188985459998922
4096,1378,133,3.296760117670044e-06,0.0006158000872426836
4096,1379,162,4.01560254934246e-06,0.0006125033271250135
4096,1380,134,3.3215477877277136e-06,0.0006084877245756711
4096,1381,124,3.073671087151019e-06,0.0006051661767879433
4096,1382,123,3.0488834170933494e-06,0.0006020925057007923
4096,1383,135,3.346335457785383e-06,0.0005990436222836989
4096,1384,125,3.0984587572086884e-06,0.0005956972868259136
4096,1385,143,3.5446368182467393e-06,0.0005925988280687049
4096,1386,132,3.2719724476123746e-06,0.0005890541912504582
4096,1387,138,3.4206984679583917e-06,0.0005857822188028457
4096,1388,133,3.296760117670044e-06,0.0005823615203348874
4096,1389,131,3.247184777554705e-06,0.0005790647602172173
4096,1390,120,2.974520406920341e-06,0.0005758175754396627
4096,1391,139,3.4454861380160612e-06,0.0005728430550327423
4096,1392,125,3.0984587572086884e-06,0.0005693975688947263
4096,1393,143,3.5446368182467393e-06,0.0005662991101375175
4096,1394,111,2.7514313764013152e-06,0.0005627544733192708
4096,1395,134,3.3215477877277136e-06,0.0005600030419428694
4096,1396,121,2.9993080769780104e-06,0.0005566814941551418
4096,1397,133,3.296760117670044e-06,0.0005536821860781637
4096,1398,152,3.767725848765765e-06,0.0005503854259604937
4096,1399,158,3.9164518691117816e-06,0.0005466177001117279
4096,1400,123,3.0488834170933494e-06,0.0005427012482426162
4096,1401,128,3.1728217673816966e-06,0.0005396523648255228
4096,1402,141,3.4950614781314002e-06,0.0005364795430581411
4096,1403,119,2.9497327368626714e-06,0.0005329844815800097
4096,1404,126,3.1232464272663575e-06,0.0005300347488431471
4096,1405,135,3.346335457785383e-06,0.0005269115024158807
4096,1406,117,2.9001573967473323e-06,0.0005235651669580953
4096,1407,139,3.4454861380160612e-06,0.0005206650095613479
4096,1408,150,3.718150508650426e-06,0.0005172195234233319
4096,1409,130,3.2223971074970356e-06,0.0005135013729146815
4096,1410,137,3.395910797900722e-06,0.0005102789758071845
4096,1411,127,3.148034097324027e-06,0.0005068830650092837
4096,1412,143,3.5446368182467393e-06,0.0005037350309119597
4096,1413,137,3.395910797900722e-06,0.0005001903940937129
4096,1414,146,3.618999828419748e-06,0.0004967944832958123
4096,1415,145,3.5942121583620783e-06,0.0004931754834673925
4096,1416,140,3.4702738080737307e-06,0.0004895812713090304
4096,1417,138,3.4206984679583917e-06,0.00048611099750095666
4096,1418,122,3.02409574703568e-06,0.00048269029903299826
4096,1419,131,3.247184777554705e-06,0.0004796662032859626
4096,1420,128,3.1728217673816966e-06,0.0004764190185084079
4096,1421,135,3.346335457785383e-06,0.0004732461967410262
4096,1422,112,2.7762190464589848e-06,0.0004698998612832408
4096,1423,156,3.8668765289964425e-06,0.00046712364223678183
4096,1424,134,3.3215477877277136e-06,0.00046325676570778537
4096,1425,120,2.974520406920341e-06,0.00045993521792005767
4096,1426,139,3.4454861380160612e-06,0.0004569606975131373
4096,1427,141,3.4950614781314002e-06,0.0004535152113751213
4096,1428,145,3.5942121583620783e-06,0.00045002014989698987
4096,1429,133,3.296760117670044e-06,0.0004464259377386278
4096,1430,129,3.197609437439366e-06,0.00044312917762095777
4096,1431,154,3.8173011888811035e-06,0.00043993156818351837
4096,1432,134,3.3215477877277136e-06,0.00043611426699463726
4096,1433,145,3.5942121583620783e-06,0.00043279271920690956
4096,1434,120,2.974520406920341e-06,0.0004291985070485475
4096,1435,113,2.8010067165166543e-06,0.00042622398664162717
4096,1436,139,3.4454861380160612e-06,0.0004234229799251105
4096,1437,110,2.7266437063436457e-06,0.0004199774937870944
4096,1438,154,3.8173011888811035e-06,0.0004172508500807508
4096,1439,124,3.073671087151019e-06,0.00041343354889186967
4096,1440,136,3.3711231278430527e-06,0.0004103598778047187
4096,1441,121,2.9993080769780104e-06,0.0004069887546768756
4096,1442,114,2.8257943865743238e-06,0.00040398944659989763
4096,1443,137,3.395910797900722e-06,0.0004011636522133233
4096,1444,123,3.0488834170933494e-06,0.0003977677414154226
4096,1445,117,2.9001573967473323e-06,0.0003947188579983292
4096,1446,133,3.296760117670044e-06,0.0003918187006015819
4096,1447,109,2.7018560362859762e-06,0.00038852194048391185
4096,1448,131,3.247184777554705e-06,0.00038582008444762586
4096,1449,148,3.668575168535087e-06,0.00038257289967007116
4096,1450,144,3.569424488304409e-06,0.00037890432450153605
4096,1451,145,3.5942121583620783e-06,0.00037533490001323165
4096,1452,140,3.4702738080737307e-06,0.0003717406878548696
4096,1453,123,3.0488834170933494e-06,0.00036827041404679584
4096,1454,130,3.2223971074970356e-06,0.0003652215306297025
4096,1455,144,3.569424488304409e-06,0.00036199913352220545
4096,1456,128,3.1728217673816966e-06,0.00035842970903390104
4096,1457,119,2.9497327368626714e-06,0.00035525688726651935
4096,1458,113,2.8010067165166543e-06,0.0003523071545296567
4096,1459,102,2.5283423458822896e-06,0.00034950614781314
4096,1460,132,3.2719724476123746e-06,0.0003469778054672577
4096,1461,130,3.2223971074970356e-06,0.00034370583301964537
4096,1462,131,3.247184777554705e-06,0.0003404834359121483
4096,1463,119,2.9497327368626714e-06,0.0003372362511345936
4096,1464,109,2.7018560362859762e-06,0.000334286518397731
4096,1465,117,2.9001573967473323e-06,0.000331584662361445
4096,1466,107,2.652280696170637e-06,0.00032868450496469765
4096,1467,118,2.924945066805002e-06,0.000326032224268527
4096,1468,106,2.6274930261129677e-06,0.000323107279201722
4096,1469,121,2.9993080769780104e-06,0.000320479786175609
4096,1470,114,2.8257943865743238e-06,0.00031748047809863103
4096,1471,125,3.0984587572086884e-06,0.0003146546837120567
4096,1472,110,2.7266437063436457e-06,0.00031155622495484804
4096,1473,132,3.2719724476123746e-06,0.0003088295812485044
4096,1474,118,2.924945066805002e-06,0.000305557608800892
4096,1475,100,2.4787670057669506e-06,0.000302632663734087
4096,1476,107,2.652280696170637e-06,0.00030015389672832007
4096,1477,111,2.7514313764013152e-06,0.00029750161603214943
4096,1478,117,2.9001573967473323e-06,0.0002947501846557481
4096,1479,107,2.652280696170637e-06,0.00029185002725900074
4096,1480,110,2.7266437063436457e-06,0.0002891977465628301
4096,1481,131,3.247184777554705e-06,0.00028647110285648646
4096,1482,105,2.602705356055298e-06,0.00028322391807893176
4096,1483,116,2.875369726689663e-06,0.00028062121272287647
4096,1484,118,2.924945066805002e-06,0.00027774584299618683
4096,1485,118,2.924945066805002e-06,0.00027482089792938184
4096,1486,106,2.6274930261129677e-06,0.0002718959528625768
4096,1487,119,2.9497327368626714e-06,0.00026926845983646385
4096,1488,118,2.924945066805002e-06,0.00026631872709960116
4096,1489,113,2.8010067165166543e-06,0.00026339378203279616
4096,1490,119,2.9497327368626714e-06,0.0002605927753162795
4096,1491,106,2.6274930261129677e-06,0.0002576430425794168
4096,1492,99,2.453979335709281e-06,0.0002550155495533039
4096,1493,114,2.8257943865743238e-06,0.0002525615702175946
4096,1494,108,2.6770683662283067e-06,0.00024973577583102026
4096,1495,122,3.02409574703568e-06,0.00024705870746479197
4096,1496,102,2.5283423458822896e-06,0.0002440346117177563
4096,1497,84,2.0821642848442384e-06,0.00024150626937187398
4096,1498,92,2.2804656453055945e-06,0.00023942410508702975
4096,1499,96,2.3796163255362725e-06,0.00023714363944172417
4096,1500,96,2.3796163255362725e-06,0.00023476402311618788
4096,1501,89,2.206102635132586e-06,0.00023238440679065162
4096,1502,96,2.3796163255362725e-06,0.00023017830415551904
4096,1503,107,2.652280696170637e-06,0.00022779868782998275
4096,1504,106,2.6274930261129677e-06,0.0002251464071338121
4096,1505,89,2.206102635132586e-06,0.00022251891410769915
4096,1506,120,2.974520406920341e-06,0.00022031281147256657
4096,1507,105,2.602705356055298e-06,0.00021733829106564622
4096,1508,110,2.7266437063436457e-06,0.00021473558570959093
4096,1509,105,2.602705356055298e-06,0.0002120089420032473
4096,1510,94,2.3300409854209335e-06,0.00020940623664719198
4096,1511,92,2.2804656453055945e-06,0.00020707619566177104
4096,1512,113,2.8010067165166543e-06,0.00020479573001646546
4096,1513,104,2.5779176859976286e-06,0.00020199472329994882
4096,1514,115,2.8505820566319933e-06,0.00019941680561395118
4096,1515,97,2.404403995593942e-06,0.00019656622355731918
4096,1516,88,2.1813149650749164e-06,0.00019416181956172525
4096,1517,113,2.8010067165166543e-06,0.0001919805045966503
4096,1518,92,2.2804656453055945e-06,0.00018917949788013367
4096,1519,89,2.206102635132586e-06,0.00018689903223482806
4096,1520,81,2.00780127467123e-06,0.00018469292959969548
4096,1521,91,2.255677975247925e-06,0.00018268512832502425
4096,1522,101,2.50355467582462e-06,0.00018042945034977634
4096,1523,81,2.00780127467123e-06,0.0001779258956739517
4096,1524,99,2.453979335709281e-06,0.00017591809439928047
4096,1525,77,1.9086505944405518e-06,0.0001734641150635712
4096,1526,86,2.1317396249595774e-06,0.00017155546446913066
4096,1527,73,1.809499914209874e-06,0.00016942372484417107
4096,1528,99,2.453979335709281e-06,0.0001676142249299612
4096,1529,82,2.0325889447288993e-06,0.0001651602455942519
4096,1530,94,2.3300409854209335e-06,0.00016312765664952303
4096,1531,99,2.453979335709281e-06,0.0001607976156641021
4096,1532,79,1.9582259345558908e-06,0.0001583436363283928
4096,1533,82,2.0325889447288993e-06,0.0001563854103938369
4096,1534,70,1.7351369040368654e-06,0.00015435282144910802
4096,1535,80,1.9830136046135603e-06,0.00015261768454507115
4096,1536,80,1.9830136046135603e-06,0.0001506346709404576
4096,1537,74,1.8342875842675434e-06,0.00014865165733584404
4096,1538,90,2.2308903051902554e-06,0.00014681736975157648
4096,1539,90,2.2308903051902554e-06,0.00014458647944638623
4096,1540,78,1.9334382644982213e-06,0.00014235558914119597
4096,1541,89,2.206102635132586e-06,0.00014042215087669776
4096,1542,58,1.4376848633448314e-06,0.00013821604824156515
4096,1543,76,1.8838629243828825e-06,0.00013677836337822033
4096,1544,77,1.9086505944405518e-06,0.00013489450045383746
4096,1545,71,1.7599245740945349e-06,0.0001329858498593969
4096,1546,69,1.7103492339791959e-06,0.00013122592528530238
4096,1547,70,1.7351369040368654e-06,0.00012951557605132317
4096,1548,62,1.5368355435755095e-06,0.0001277804391472863
4096,1549,72,1.7847122441522044e-06,0.0001262436036037108
4096,1550,61,1.51204787351784e-06,0.0001244588913595586
4096,1551,64,1.5864108836908483e-06,0.00012294684348604075
4096,1552,65,1.6111985537485178e-06,0.0001213604326023499
4096,1553,67,1.6607738938638568e-06,0.00011974923404860138
4096,1554,73,1.809499914209874e-06,0.00011808846015473753
4096,1555,63,1.5616232136331788e-06,0.00011627896024052765
4096,1556,66,1.6359862238061873e-06,0.00011471733702689448
4096,1557,66,1.6359862238061873e-06,0.00011308135080308829
4096,1558,59,1.462472533402501e-06,0.0001114453645792821
4096,1559,64,1.5864108836908483e-06,0.00010998289204587959
4096,1560,77,1.9086505944405518e-06,0.00010839648116218874
4096,1561,74,1.8342875842675434e-06,0.0001064878305677482
4096,1562,70,1.7351369040368654e-06,0.00010465354298348065
4096,1563,59,1.462472533402501e-06,0.00010291840607944379
4096,1564,46,1.1402328226527972e-06,0.00010145593354604129
4096,1565,62,1.5368355435755095e-06,0.00010031570072338848
4096,1566,58,1.4376848633448314e-06,9.877886517981299e-05
4096,1567,55,1.3633218531718229e-06,9.734118031646815e-05
4096,1568,47,1.1650204927104667e-06,9.597785846329633e-05
4096,1569,48,1.1898081627681363e-06,9.481283797058586e-05
4096,1570,68,1.6855615639215263e-06,9.362302980781772e-05
4096,1571,63,1.5616232136331788e-06,9.19374682438962e-05
4096,1572,77,1.9086505944405518e-06,9.037584503026302e-05
4096,1573,44,1.0906574825374582e-06,8.846719443582247e-05
4096,1574,55,1.3633218531718229e-06,8.7376536953285e-05
4096,1575,58,1.4376848633448314e-06,8.601321510011318e-05
4096,1576,45,1.1154451525951277e-06,8.457553023676836e-05
4096,1577,56,1.3881095232294924e-06,8.346008508417323e-05
4096,1578,67,1.6607738938638568e-06,8.207197556094374e-05
4096,1579,56,1.3881095232294924e-06,8.041120166707987e-05
4096,1580,52,1.2889588429988143e-06,7.902309214385039e-05
4096,1581,42,1.0410821424221192e-06,7.773413330085157e-05
4096,1582,52,1.2889588429988143e-06,7.669305115842945e-05
4096,1583,55,1.3633218531718229e-06,7.540409231543063e-05
4096,1584,41,1.0162944723644497e-06,7.404077046225881e-05
4096,1585,50,1.2393835028834753e-06,7.302447598989436e-05
4096,1586,47,1.1650204927104667e-06,7.178509248701089e-05
4096,1587,42,1.0410821424221192e-06,7.062007199430043e-05
4096,1588,39,9.667191322491106e-07,6.95789898518783e-05
4096,1589,57,1.4128971932871619e-06,6.86122707196292e-05
4096,1590,48,1.1898081627681363e-06,6.719937352634204e-05
4096,1591,37,9.171437921337717e-07,6.60095653635739e-05
4096,1592,46,1.1402328226527972e-06,6.509242157144012e-05
4096,1593,54,1.3385341831141533e-06,6.395218874878732e-05
4096,1594,46,1.1402328226527972e-06,6.261365456567317e-05
4096,1595,41,1.0162944723644497e-06,6.147342174302038e-05
4096,1596,45,1.1154451525951277e-06,6.045712727065592e-05
4096,1597,47,1.1650204927104667e-06,5.93416821180608e-05
4096,1598,37,9.171437921337717e-07,5.817666162535033e-05
4096,1599,37,9.171437921337717e-07,5.725951783321656e-05
4096,1600,43,1.0658698124797887e-06,5.6342374041082785e-05
4096,1601,27,6.692670915570767e-07,5.5276504228603e-05
4096,1602,42,1.0410821424221192e-06,5.460723713704592e-05
4096,1603,42,1.0410821424221192e-06,5.35661549946238e-05
4096,1604,47,1.1650204927104667e-06,5.2525072852201684e-05
4096,1605,28,6.940547616147462e-07,5.136005235949122e-05
4096,1606,35,8.675684520184327e-07,5.066599759787647e-05
4096,1607,36,8.923561220761022e-07,4.979842914585804e-05
4096,1608,38,9.419314621914412e-07,4.8906073023781936e-05
4096,1609,38,9.419314621914412e-07,4.79641415615905e-05
4096,1610,42,1.0410821424221192e-06,4.702221009939905e-05
4096,1611,35,8.675684520184327e-07,4.5981127956976936e-05
4096,1612,35,8.675684520184327e-07,4.51135595049585e-05
4096,1613,30,7.436301017300852e-07,4.4245991052940066e-05
4096,1614,34,8.427807819607632e-07,4.3502360951209986e-05
4096,1615,27,6.692670915570767e-07,4.265958016924922e-05
4096,1616,37,9.171437921337717e-07,4.1990313077692145e-05
4096,1617,34,8.427807819607632e-07,4.1073169285558375e-05
4096,1618,34,8.427807819607632e-07,4.0230388503597605e-05
4096,1619,31,7.684177717877547e-07,3.938760772163684e-05
4096,1620,32,7.932054418454241e-07,3.861918994984909e-05
4096,1621,21,5.205410712110596e-07,3.782598450800366e-05
4096,1622,22,5.453287412687291e-07,3.7305443436792605e-05
4096,1623,23,5.701164113263986e-07,3.676011469552388e-05
4096,1624,29,7.188424316724157e-07,3.6189998284197476e-05
4096,1625,28,6.940547616147462e-07,3.5471155852525065e-05
4096,1626,33,8.179931119030937e-07,3.477710109091032e-05
4096,1627,24,5.949040813840681e-07,3.3959107979007224e-05
4096,1628,27,6.692670915570767e-07,3.336420389762315e-05
4096,1629,34,8.427807819607632e-07,3.269493680606608e-05
4096,1630,33,8.179931119030937e-07,3.185215602410532e-05
4096,1631,28,6.940547616147462e-07,3.1034162912202223e-05
4096,1632,26,6.444794214994072e-07,3.0340108150587475e-05
4096,1633,21,5.205410712110596e-07,2.969562872908807e-05
4096,1634,28,6.940547616147462e-07,2.9175087657877008e-05
4096,1635,36,8.923561220761022e-07,2.8481032896262263e-05
4096,1636,13,3.222397107497036e-07,2.758867677418616e-05
4096,1637,22,5.453287412687291e-07,2.7266437063436457e-05
4096,1638,23,5.701164113263986e-07,2.6721108322167727e-05
4096,1639,29,7.188424316724157e-07,2.6150991910841328e-05
4096,1640,32,7.932054418454241e-07,2.5432149479168914e-05
4096,1641,27,6.692670915570767e-07,2.463894403732349e-05
4096,1642,16,3.9660272092271207e-07,2.396967694576641e-05
4096,1643,22,5.453287412687291e-07,2.3573074224843702e-05
4096,1644,13,3.222397107497036e-07,2.302774548357497e-05
4096,1645,19,4.709657310957206e-07,2.2705505772825267e-05
4096,1646,24,5.949040813840681e-07,2.2234540041729547e-05
4096,1647,20,4.957534011533901e-07,2.163963596034548e-05
4096,1648,23,5.701164113263986e-07,2.114388255919209e-05
4096,1649,16,3.9660272092271207e-07,2.057376614786569e-05
4096,1650,18,4.461780610380511e-07,2.017716342694298e-05
4096,1651,12,2.9745204069203407e-07,1.9730985365904928e-05
4096,1652,16,3.9660272092271207e-07,1.9433533325212892e-05
4096,1653,18,4.461780610380511e-07,1.903693060429018e-05
4096,1654,12,2.9745204069203407e-07,1.859075254325213e-05
4096,1655,12,2.9745204069203407e-07,1.8293300502560094e-05
4096,1656,15,3.718150508650426e-07,1.799584846186806e-05
4096,1657,18,4.461780610380511e-07,1.762403341100302e-05
4096,1658,17,4.213903909803816e-07,1.7177855349964968e-05
4096,1659,11,2.7266437063436455e-07,1.6756464958984587e-05
4096,1660,14,3.470273808073731e-07,1.648380058835022e-05
4096,1661,12,2.9745204069203407e-07,1.613677320754285e-05
4096,1662,11,2.7266437063436455e-07,1.5839321166850813e-05
4096,1663,15,3.718150508650426e-07,1.556665679621645e-05
4096,1664,12,2.9745204069203407e-07,1.5194841745351407e-05
4096,1665,18,4.461780610380511e-07,1.4897389704659373e-05
4096,1666,20,4.957534011533901e-07,1.4451211643621322e-05
4096,1667,13,3.222397107497036e-07,1.3955458242467932e-05
4096,1668,10,2.4787670057669504e-07,1.3633218531718229e-05
4096,1669,17,4.213903909803816e-07,1.3385341831141533e-05
4096,1670,20,4.957534011533901e-07,1.2963951440161151e-05
4096,1671,10,2.4787670057669504e-07,1.2468198039007761e-05
4096,1672,16,3.9660272092271207e-07,1.2220321338431067e-05
4096,1673,7,1.7351369040368655e-07,1.1823718617508355e-05
4096,1674,17,4.213903909803816e-07,1.1650204927104667e-05
4096,1675,10,2.4787670057669504e-07,1.1228814536124286e-05
4096,1676,17,4.213903909803816e-07,1.0980937835547592e-05
4096,1677,8,1.9830136046135604e-07,1.0559547444567209e-05
4096,1678,11,2.7266437063436455e-07,1.0361246084105853e-05
4096,1679,11,2.7266437063436455e-07,1.008858171347149e-05
4096,1680,8,1.9830136046135604e-07,9.815917342837124e-06
4096,1681,12,2.9745204069203407e-07,9.617615982375768e-06
4096,1682,10,2.4787670057669504e-07,9.320163941683734e-06
4096,1683,6,1.4872602034601703e-07,9.07228724110704e-06
4096,1684,6,1.4872602034601703e-07,8.923561220761022e-06
4096,1685,13,3.222397107497036e-07,8.774835200415006e-06
4096,1686,5,1.2393835028834752e-07,8.452595489665302e-06
4096,1687,12,2.9745204069203407e-07,8.328657139376953e-06
4096,1688,5,1.2393835028834752e-07,8.03120509868492e-06
4096,1689,7,1.7351369040368655e-07,7.907266748396572e-06
4096,1690,5,1.2393835028834752e-07,7.733753057992885e-06
4096,1691,4,9.915068023067802e-08,7.609814707704538e-06
4096,1692,7,1.7351369040368655e-07,7.51066402747386e-06
4096,1693,10,2.4787670057669504e-07,7.337150337070174e-06
4096,1694,8,1.9830136046135604e-07,7.0892736364934785e-06
4096,1695,7,1.7351369040368655e-07,6.8909722760321224e-06
4096,1696,7,1.7351369040368655e-07,6.717458585628436e-06
4096,1697,13,3.222397107497036e-07,6.543944895224749e-06
4096,1698,9,2.2308903051902555e-07,6.221705184475046e-06
4096,1699,8,1.9830136046135604e-07,5.998616153956021e-06
4096,1700,5,1.2393835028834752e-07,5.800314793494665e-06
4096,1701,10,2.4787670057669504e-07,5.676376443206317e-06
4096,1702,5,1.2393835028834752e-07,5.4284997426296215e-06
4096,1703,6,1.4872602034601703e-07,5.304561392341274e-06
4096,1704,8,1.9830136046135604e-07,5.155835371995257e-06
4096,1705,3,7.436301017300852e-08,4.957534011533901e-06
4096,1706,6,1.4872602034601703e-07,4.883171001360893e-06
4096,1707,2,4.957534011533901e-08,4.734444981014876e-06
4096,1708,7,1.7351369040368655e-07,4.684869640899537e-06
4096,1709,3,7.436301017300852e-08,4.51135595049585e-06
4096,1710,5,1.2393835028834752e-07,4.436992940322842e-06
4096,1711,8,1.9830136046135604e-07,4.313054590034494e-06
4096,1712,4,9.915068023067802e-08,4.114753229573138e-06
4096,1713,3,7.436301017300852e-08,4.01560254934246e-06
4096,1714,3,7.436301017300852e-08,3.9412395391694515e-06
4096,1715,3,7.436301017300852e-08,3.8668765289964425e-06
4096,1716,4,9.915068023067802e-08,3.7925135188234344e-06
4096,1717,3,7.436301017300852e-08,3.6933628385927564e-06
4096,1718,11,2.7266437063436455e-07,3.618999828419748e-06
4096,1719,2,4.957534011533901e-08,3.346335457785383e-06
4096,1720,5,1.2393835028834752e-07,3.296760117670044e-06
4096,1721,5,1.2393835028834752e-07,3.1728217673816966e-06
4096,1722,3,7.436301017300852e-08,3.0488834170933494e-06
4096,1723,6,1.4872602034601703e-07,2.974520406920341e-06
4096,1724,5,1.2393835028834752e-07,2.8257943865743238e-06
4096,1725,4,9.915068023067802e-08,2.7018560362859762e-06
4096,1726,3,7.436301017300852e-08,2.602705356055298e-06
4096,1727,4,9.915068023067802e-08,2.5283423458822896e-06
4096,1728,1,2.4787670057669504e-08,2.4291916656516116e-06
4096,1729,3,7.436301017300852e-08,2.404403995593942e-06
4096,1730,4,9.915068023067802e-08,2.3300409854209335e-06
4096,1731,4,9.915068023067802e-08,2.2308903051902554e-06
4096,1732,2,4.957534011533901e-08,2.1317396249595774e-06
4096,1733,7,1.7351369040368655e-07,2.0821642848442384e-06
4096,1734,3,7.436301017300852e-08,1.9086505944405518e-06
4096,1735,5,1.2393835028834752e-07,1.8342875842675434e-06
4096,1736,1,2.4787670057669504e-08,1.7103492339791959e-06
4096,1737,2,4.957534011533901e-08,1.6855615639215263e-06
4096,1738,2,4.957534011533901e-08,1.6359862238061873e-06
4096,1739,4,9.915068023067802e-08,1.5864108836908483e-06
4096,1740,3,7.436301017300852e-08,1.4872602034601704e-06
4096,1741,2,4.957534011533901e-08,1.4128971932871619e-06
4096,1742,1,2.4787670057669504e-08,1.3633218531718229e-06
4096,1744,2,4.957534011533901e-08,1.3385341831141533e-06
4096,1747,3,7.436301017300852e-08,1.2889588429988143e-06
4096,1748,2,4.957534011533901e-08,1.2145958328258058e-06
4096,1750,1,2.4787670057669504e-08,1.1650204927104667e-06
4096,1752,3,7.436301017300852e-08,1.1402328226527972e-06
4096,1753,6,1.4872602034601703e-07,1.0658698124797887e-06
4096,1754,2,4.957534011533901e-08,9.171437921337717e-07
4096,1755,2,4.957534011533901e-08,8.675684520184327e-07
4096,1756,4,9.915068023067802e-08,8.179931119030937e-07
4096,1757,2,4.957534011533901e-08,7.188424316724157e-07
4096,1758,1,2.4787670057669504e-08,6.692670915570767e-07
4096,1759,1,2.4787670057669504e-08,6.444794214994072e-07
4096,1760,1,2.4787670057669504e-08,6.196917514417376e-07
4096,1761,2,4.957534011533901e-08,5.949040813840681e-07
4096,1762,2,4.957534011533901e-08,5.453287412687291e-07
4096,1763,1,2.4787670057669504e-08,4.957534011533901e-07
4096,1765,2,4.957534011533901e-08,4.709657310957206e-07
4096,1766,1,2.4787670057669504e-08,4.213903909803816e-07
4096,1767,1,2.4787670057669504e-08,3.9660272092271207e-07
4096,1769,2,4.957534011533901e-08,3.718150508650426e-07
4096,1770,1,2.4787670057669504e-08,3.222397107497036e-07
4096,1772,1,2.4787670057669504e-08,2.9745204069203407e-07
4096,1773,1,2.4787670057669504e-08,2.7266437063436455e-07
4096,1774,2,4.957534011533901e-08,2.4787670057669504e-07
4096,1780,1,2.4787670057669504e-08,1.9830136046135604e-07
4096,1785,1,2.4787670057669504e-08,1.7351369040368655e-07
4096,1786,1,2.4787670057669504e-08,1.4872602034601703e-07
4096,1790,1,2.4787670057669504e-08,1.2393835028834752e-07
4096,1791,1,2.4787670057669504e-08,9.915068023067802e-08
4096,1793,1,2.4787670057669504e-08,7.436301017300852e-08
4096,1795,1,2.4787670057669504e-08,4.957534011533901e-08
4096,1803,1,2.4787670057669504e-08,2.4787670057669504e-08
8192,1,36673045,0.9218315087721186,1.0
8192,2,2085295,0.05241699008317839,0.07816849122788143
8192,3,467959,0.011762845190888617,0.025751501144703037
8192,4,187527,0.004713769945896477,0.01398865595381442
8192,5,96300,0.0024206436715237313,0.009274886007917944
8192,6,57044,0.0014338857486853554,0.006854242336394212
8192,7,37051,0.0009313319696118979,0.005420356587708856
8192,8,24966,0.0006275575275520403,0.0044890246180969585
8192,9,17971,0.0004517278029174764,0.003861467090544918
8192,10,13254,0.0003331589950402444,0.0034097392876274416
8192,11,10244,0.0002574981700009253,0.0030765802925871973
8192,12,7897,0.00019850283565963557,0.002819082122586272
8192,13,6323,0.0001589380055560182,0.0026205792869266366
8192,14,5129,0.0001289250404075308,0.0024616412813706183
8192,15,4324,0.00010869016859468966,0.0023327162409630875
8192,16,3713,9.33317752063096e-05,0.0022240260723683978
8192,17,3109,7.814933722499772e-05,0.002130694297162088
8192,18,2590,6.510350061522808e-05,0.00205254495993709
8192,19,2311,5.8090420819224744e-05,0.001987441459321862
8192,20,2102,5.2836895093903254e-05,0.0019293510385026376
8192,21,1846,4.640195449255253e-05,0.0018765141434087342
8192,22,1582,3.976592199740958e-05,0.0018301121889161818
8192,23,1425,3.581949358173746e-05,0.0017903462669187722
8192,24,1231,3.094301515727636e-05,0.0017545267733370348
8192,25,1139,2.8630458378665938e-05,0.0017235837581797584
8192,26,1037,2.6066536732815257e-05,0.0016949532998010925
8192,27,958,2.4080754281617183e-05,0.0016688867630682773
8192,28,838,2.1064375874734028e-05,0.00164480600878666
8192,29,798,2.0058916405772976e-05,0.001623741632911926
8192,30,757,1.9028320450087897e-05,0.001603682716506153
8192,31,665,1.671576367147748e-05,0.0015846543960560651
8192,32,608,1.5282983928207983e-05,0.0015679386323845877
8192,33,560,1.407643256545472e-05,0.0015526556484563797
8192,34,515,1.2945290662873538e-05,0.001538579215890925
8192,35,493,1.239228795494496e-05,0.0015256339252280515
8192,36,480,1.2065513627532618e-05,0.0015132416372731065
8192,37,434,1.0909235238227408e-05,0.001501176123645574
8192,38,442,1.1110327132019619e-05,0.0014902668884073465
8192,39,371,9.325636574613752e-06,0.0014791565612753267
8192,40,403,1.0130004149782593e-05,0.001469830924700713
8192,41,329,8.269904132204648e-06,0.0014597009205509304
8192,42,311,7.817447371172175e-06,0.0014514310164187257
8192,43,300,7.540946017207886e-06,0.0014436135690475537
8192,44,275,6.912533849107229e-06,0.0014360726230303457
8192,45,248,6.233848707558519e-06,0.0014291600891812384
8192,46,243,6.108166273938387e-06,0.00142292624047368
8192,47,259,6.510350061522808e-06,0.0014168180741997416
8192,48,226,5.6808459996299405e-06,0.0014103077241382188
8192,49,212,5.328935185493573e-06,0.001404626878138589
8192,50,216,5.4294811323896775e-06,0.0013992979429530952
8192,51,199,5.002160858081231e-06,0.0013938684618207055
8192,52,180,4.524567610324731e-06,0.0013888663009626243
8192,53,170,4.273202743084469e-06,0.0013843417333522995
8192,54,177,4.449158150152653e-06,0.0013800685306092151
8192,55,143,3.5945176015357588e-06,0.0013756193724590625
8192,56,136,3.418562194467575e-06,0.0013720248548575267
8192,57,135,3.3934257077435486e-06,0.0013686062926630592
8192,58,127,3.1923338139513383e-06,0.0013652128669553157
8192,59,120,3.0163784068831545e-06,0.0013620205331413642
8192,60,111,2.790150026366918e-06,0.0013590041547344811
8192,61,121,3.0415148936071805e-06,0.0013562140047081142
8192,62,122,3.066651380331207e-06,0.001353172489814507
8192,63,109,2.739877052918865e-06,0.001350105838434176
8192,64,103,2.5890581325747073e-06,0.001347365961381257
8192,65,110,2.7650135396428915e-06,0.0013447769032486822
8192,66,84,2.111464884818208e-06,0.0013420118897090395
8192,67,107,2.689604079470813e-06,0.0013399004248242211
8192,68,80,2.010918937922103e-06,0.0013372108207447503
8192,69,95,2.387966238782497e-06,0.0013351999018068282
8192,70,84,2.111464884818208e-06,0.0013328119355680457
8192,71,81,2.036055424646129e-06,0.0013307004706832276
8192,72,80,2.010918937922103e-06,0.0013286644152585814
8192,73,79,1.9857824511980766e-06,0.0013266534963206594
8192,74,84,2.111464884818208e-06,0.0013246677138694612
8192,75,82,2.0611919113701553e-06,0.0013225562489846431
8192,76,62,1.5584621768896298e-06,0.0013204950570732728
8192,77,64,1.6087351503376824e-06,0.0013189365948963832
8192,78,64,1.6087351503376824e-06,0.0013173278597460455
8192,79,62,1.5584621768896298e-06,0.0013157191245957078
8192,80,57,1.4327797432694983e-06,0.0013141606624188183
8192,81,61,1.5333256901656034e-06,0.0013127278826755488
8192,82,66,1.659008123785735e-06,0.001311194556985383
8192,83,52,1.3070973096493668e-06,0.0013095355488615974
8192,84,53,1.3322337963733932e-06,0.001308228451551948
8192,85,42,1.055732442409104e-06,0.0013068962177555747
8192,86,60,1.5081892034415773e-06,0.0013058404853131655
8192,87,44,1.1060054158571566e-06,0.001304332296109724
8192,88,37,9.300500087889726e-07,0.0013032262906938668
8192,89,45,1.1311419025811828e-06,0.0013022962406850779
8192,90,38,9.55186495512999e-07,0.0013011650987824967
8192,91,36,9.049135220649463e-07,0.0013002099122869837
8192,92,53,1.3322337963733932e-06,0.0012993049987649187
8192,93,38,9.55186495512999e-07,0.0012979727649685454
8192,94,41,1.0305959556850777e-06,0.0012970175784730324
8192,95,39,9.803229822370251e-07,0.0012959869825173473
8192,96,36,9.049135220649463e-07,0.0012950066595351101
8192,97,32,8.043675751688412e-07,0.0012941017460130454
8192,98,34,8.546405486168937e-07,0.0012932973784378764
8192,99,41,1.0305959556850777e-06,0.0012924427378892594
8192,100,24,6.032756813766309e-07,0.0012914121419335745
8192,101,38,9.55186495512999e-07,0.0012908088662521979
8192,102,21,5.27866221204552e-07,0.0012898536797566848
8192,103,37,9.300500087889726e-07,0.0012893258135354803
8192,104,27,6.786851415487097e-07,0.0012883957635266912
8192,105,28,7.03821628272736e-07,0.0012877170783851426
8192,106,27,6.786851415487097e-07,0.00128701325675687
8192,107,22,5.530027079285783e-07,0.0012863345716153211
8192,108,29,7.289581149967622e-07,0.0012857815689073925
8192,109,27,6.786851415487097e-07,0.001285052610792396
8192,110,25,6.284121681006571e-07,0.001284373925650847
8192,111,27,6.786851415487097e-07,0.0012837455134827465
8192,112,21,5.27866221204552e-07,0.0012830668283411977
8192,113,29,7.289581149967622e-07,0.0012825389621199932
8192,114,14,3.51910814136368e-07,0.0012818100040049964
8192,115,22,5.530027079285783e-07,0.00128145809319086
8192,116,21,5.27866221204552e-07,0.0012809050904829314
8192,117,20,5.027297344805258e-07,0.0012803772242617269
8192,118,18,4.5245676103247314e-07,0.0012798744945272465
8192,119,17,4.2732027430844687e-07,0.0012794220377662139
8192,120,17,4.2732027430844687e-07,0.0012789947174919054
8192,121,21,5.27866221204552e-07,0.0012785673972175971
8192,122,14,3.51910814136368e-07,0.0012780395309963924
8192,123,18,4.5245676103247314e-07,0.001277687620182256
8192,124,23,5.781391946526046e-07,0.0012772351634212236
8192,125,20,5.027297344805258e-07,0.001276657024226571
8192,126,27,6.786851415487097e-07,0.0012761542944920905
8192,127,25,6.284121681006571e-07,0.001275475609350542
8192,128,10,2.513648672402629e-07,0.0012748471971824411
8192,129,16,4.021837875844206e-07,0.0012745958323152008
8192,130,19,4.775932477564995e-07,0.0012741936485276164
8192,131,18,4.5245676103247314e-07,0.00127371605527986
8192,132,16,4.021837875844206e-07,0.0012732635985188276
8192,133,11,2.7650135396428915e-07,0.001272861414731243
8192,134,11,2.7650135396428915e-07,0.0012725849133772788
8192,135,21,5.27866221204552e-07,0.0012723084120233145
8192,136,15,3.770473008603943e-07,0.00127178054580211
8192,137,9,2.2622838051623657e-07,0.0012714034985012496
8192,138,12,3.0163784068831543e-07,0.0012711772701207334
8192,139,9,2.2622838051623657e-07,0.001270875632280045
8192,140,11,2.7650135396428915e-07,0.0012706494038995288
8192,141,12,3.0163784068831543e-07,0.0012703729025455644
8192,142,10,2.513648672402629e-07,0.001270071264704876
8192,143,12,3.0163784068831543e-07,0.001269819899837636
8192,144,14,3.51910814136368e-07,0.0012695182619969477
8192,145,7,1.75955407068184e-07,0.0012691663511828113
8192,146,11,2.7650135396428915e-07,0.0012689903957757431
8192,147,12,3.0163784068831543e-07,0.0012687138944217787
8192,148,8,2.010918937922103e-07,0.0012684122565810904
8192,149,13,3.267743274123417e-07,0.0012682111646872983
8192,150,10,2.513648672402629e-07,0.0012678843903598858
8192,151,7,1.75955407068184e-07,0.0012676330254926455
8192,152,8,2.010918937922103e-07,0.0012674570700855774
8192,153,3,7.540946017207886e-08,0.0012672559781917853
8192,154,12,3.0163784068831543e-07,0.0012671805687316131
8192,155,17,4.2732027430844687e-07,0.0012668789308909248
8192,156,6,1.5081892034415771e-07,0.0012664516106166163
8192,157,12,3.0163784068831543e-07,0.0012663007916962723
8192,158,8,2.010918937922103e-07,0.001265999153855584
8192,159,12,3.0163784068831543e-07,0.0012657980619617917
8192,160,4,1.0054594689610515e-07,0.0012654964241211033
8192,161,7,1.75955407068184e-07,0.0012653958781742073
8192,162,9,2.2622838051623657e-07,0.0012652199227671391
8192,163,7,1.75955407068184e-07,0.001264993694386623
8192,164,8,2.010918937922103e-07,0.0012648177389795547
8192,165,5,1.2568243362013144e-07,0.0012646166470857625
8192,166,6,1.5081892034415771e-07,0.0012644909646521423
8192,167,10,2.513648672402629e-07,0.0012643401457317982
8192,168,6,1.5081892034415771e-07,0.001264088780864558
8192,169,1,2.5136486724026287e-08,0.0012639379619442137
8192,170,4,1.0054594689610515e-07,0.0012639128254574898
8192,171,7,1.75955407068184e-07,0.0012638122795105937
8192,172,4,1.0054594689610515e-07,0.0012636363241035253
8192,173,4,1.0054594689610515e-07,0.0012635357781566293
8192,174,6,1.5081892034415771e-07,0.0012634352322097332
8192,175,8,2.010918937922103e-07,0.001263284413289389
8192,176,7,1.75955407068184e-07,0.001263083321395597
8192,177,6,1.5081892034415771e-07,0.0012629073659885287
8192,178,3,7.540946017207886e-08,0.0012627565470681845
8192,179,5,1.2568243362013144e-07,0.0012626811376080125
8192,180,6,1.5081892034415771e-07,0.0012625554551743924
8192,181,4,1.0054594689610515e-07,0.001262404636254048
8192,182,3,7.540946017207886e-08,0.001262304090307152
8192,183,3,7.540946017207886e-08,0.00126222868084698
8192,184,5,1.2568243362013144e-07,0.0012621532713868078
8192,185,3,7.540946017207886e-08,0.0012620275889531876
8192,186,6,1.5081892034415771e-07,0.0012619521794930157
8192,187,4,1.0054594689610515e-07,0.0012618013605726714
8192,188,5,1.2568243362013144e-07,0.0012617008146257754
8192,190,3,7.540946017207886e-08,0.0012615751321921552
8192,192,2,5.0272973448052574e-08,0.0012614997227319831
8192,193,3,7.540946017207886e-08,0.001261449449758535
8192,194,2,5.0272973448052574e-08,0.001261374040298363
8192,195,2,5.0272973448052574e-08,0.001261323767324915
8192,196,6,1.5081892034415771e-07,0.001261273494351467
8192,197,2,5.0272973448052574e-08,0.0012611226754311229
8192,198,5,1.2568243362013144e-07,0.0012610724024576748
8192,199,4,1.0054594689610515e-07,0.0012609467200240547
8192,200,4,1.0054594689610515e-07,0.0012608461740771584
8192,202,3,7.540946017207886e-08,0.0012607456281302624
8192,203,4,1.0054594689610515e-07,0.0012606702186700903
8192,204,5,1.2568243362013144e-07,0.0012605696727231942
8192,205,7,1.75955407068184e-07,0.001260443990289574
8192,206,3,7.540946017207886e-08,0.0012602680348825059
8192,207,3,7.540946017207886e-08,0.0012601926254223338
8192,208,3,7.540946017207886e-08,0.0012601172159621618
8192,209,4,1.0054594689610515e-07,0.0012600418065019897
8192,210,3,7.540946017207886e-08,0.0012599412605550937
8192,211,1,2.5136486724026287e-08,0.0012598658510949215
8192,212,6,1.5081892034415771e-07,0.0012598407146081974
8192,213,5,1.2568243362013144e-07,0.0012596898956878533
8192,214,4,1.0054594689610515e-07,0.0012595642132542332
8192,216,4,1.0054594689610515e-07,0.0012594636673073372
8192,217,4,1.0054594689610515e-07,0.001259363121360441
8192,218,1,2.5136486724026287e-08,0.0012592625754135449
8192,221,1,2.5136486724026287e-08,0.0012592374389268207
8192,223,5,1.2568243362013144e-07,0.0012592123024400968
8192,224,2,5.0272973448052574e-08,0.0012590866200064767
8192,225,1,2.5136486724026287e-08,0.0012590363470330287
8192,226,1,2.5136486724026287e-08,0.0012590112105463046
8192,227,2,5.0272973448052574e-08,0.0012589860740595806
8192,228,1,2.5136486724026287e-08,0.0012589358010861324
8192,229,1,2.5136486724026287e-08,0.0012589106645994085
8192,230,1,2.5136486724026287e-08,0.0012588855281126844
8192,231,2,5.0272973448052574e-08,0.0012588603916259605
8192,232,1,2.5136486724026287e-08,0.0012588101186525125
8192,233,1,2.5136486724026287e-08,0.0012587849821657884
8192,234,2,5.0272973448052574e-08,0.0012587598456790642
8192,237,1,2.5136486724026287e-08,0.0012587095727056162
8192,238,1,2.5136486724026287e-08,0.0012586844362188923
8192,239,1,2.5136486724026287e-08,0.0012586592997321682
8192,240,4,1.0054594689610515e-07,0.0012586341632454443
8192,241,4,1.0054594689610515e-07,0.001258533617298548
8192,242,1,2.5136486724026287e-08,0.001258433071351652
8192,243,4,1.0054594689610515e-07,0.0012584079348649279
8192,244,3,7.540946017207886e-08,0.0012583073889180319
8192,245,2,5.0272973448052574e-08,0.0012582319794578597
8192,246,2,5.0272973448052574e-08,0.0012581817064844117
8192,247,2,5.0272973448052574e-08,0.0012581314335109637
8192,248,1,2.5136486724026287e-08,0.0012580811605375157
8192,250,3,7.540946017207886e-08,0.0012580560240507915
8192,251,1,2.5136486724026287e-08,0.0012579806145906194
8192,253,1,2.5136486724026287e-08,0.0012579554781038955
8192,256,2,5.0272973448052574e-08,0.0012579303416171714
8192,257,2,5.0272973448052574e-08,0.0012578800686437234
8192,258,1,2.5136486724026287e-08,0.0012578297956702753
8192,259,1,2.5136486724026287e-08,0.0012578046591835512
8192,261,2,5.0272973448052574e-08,0.0012577795226968273
8192,262,1,2.5136486724026287e-08,0.0012577292497233793
8192,264,1,2.5136486724026287e-08,0.0012577041132366552
8192,268,1,2.5136486724026287e-08,0.0012576789767499313
8192,272,1,2.5136486724026287e-08,0.0012576538402632072
8192,273,1,2.5136486724026287e-08,0.001257628703776483
8192,275,1,2.5136486724026287e-08,0.0012576035672897592
8192,277,3,7.540946017207886e-08,0.001257578430803035
8192,278,1,2.5136486724026287e-08,0.0012575030213428631
8192,280,1,2.5136486724026287e-08,0.001257477884856139
8192,282,2,5.0272973448052574e-08,0.0012574527483694149
8192,284,1,2.5136486724026287e-08,0.0012574024753959669
8192,287,2,5.0272973448052574e-08,0.001257377338909243
8192,288,1,2.5136486724026287e-08,0.0012573270659357947
8192,291,1,2.5136486724026287e-08,0.0012573019294490708
8192,292,2,5.0272973448052574e-08,0.0012572767929623467
8192,298,1,2.5136486724026287e-08,0.0012572265199888987
8192,303,1,2.5136486724026287e-08,0.0012572013835021748
8192,309,1,2.5136486724026287e-08,0.0012571762470154507
8192,321,1,2.5136486724026287e-08,0.0012571511105287266
8192,322,3,7.540946017207886e-08,0.0012571259740420026
8192,330,1,2.5136486724026287e-08,0.0012570505645818305
8192,332,1,2.5136486724026287e-08,0.0012570254280951066
8192,339,1,2.5136486724026287e-08,0.0012570002916083825
8192,349,1,2.5136486724026287e-08,0.0012569751551216584
8192,352,1,2.5136486724026287e-08,0.0012569500186349345
8192,353,1,2.5136486724026287e-08,0.0012569248821482104
8192,354,1,2.5136486724026287e-08,0.0012568997456614865
8192,356,1,2.5136486724026287e-08,0.0012568746091747623
8192,451,1,2.5136486724026287e-08,0.0012568494726880382
8192,489,1,2.5136486724026287e-08,0.0012568243362013143
8192,527,1,2.5136486724026287e-08,0.0012567991997145902
8192,542,1,2.5136486724026287e-08,0.0012567740632278663
8192,569,1,2.5136486724026287e-08,0.0012567489267411422
8192,586,1,2.5136486724026287e-08,0.0012567237902544183
8192,592,1,2.5136486724026287e-08,0.0012566986537676942
8192,604,1,2.5136486724026287e-08,0.00125667351728097
8192,623,1,2.5136486724026287e-08,0.0012566483807942461
8192,625,2,5.0272973448052574e-08,0.001256623244307522
8192,626,1,2.5136486724026287e-08,0.001256572971334074
8192,630,1,2.5136486724026287e-08,0.00125654783484735
8192,635,2,5.0272973448052574e-08,0.001256522698360626
8192,649,1,2.5136486724026287e-08,0.001256472425387178
8192,650,2,5.0272973448052574e-08,0.0012564472889004539
8192,654,1,2.5136486724026287e-08,0.0012563970159270058
8192,655,1,2.5136486724026287e-08,0.001256371879440282
8192,662,1,2.5136486724026287e-08,0.0012563467429535578
8192,663,1,2.5136486724026287e-08,0.0012563216064668337
8192,670,2,5.0272973448052574e-08,0.0012562964699801098
8192,672,2,5.0272973448052574e-08,0.0012562461970066618
8192,676,1,2.5136486724026287e-08,0.0012561959240332135
8192,677,1,2.5136486724026287e-08,0.0012561707875464896
8192,679,1,2.5136486724026287e-08,0.0012561456510597655
8192,680,1,2.5136486724026287e-08,0.0012561205145730416
8192,682,1,2.5136486724026287e-08,0.0012560953780863175
8192,684,1,2.5136486724026287e-08,0.0012560702415995936
8192,685,2,5.0272973448052574e-08,0.0012560451051128695
8192,688,1,2.5136486724026287e-08,0.0012559948321394215
8192,691,1,2.5136486724026287e-08,0.0012559696956526973
8192,694,1,2.5136486724026287e-08,0.0012559445591659734
8192,695,1,2.5136486724026287e-08,0.0012559194226792493
8192,698,1,2.5136486724026287e-08,0.0012558942861925254
8192,699,1,2.5136486724026287e-08,0.0012558691497058013
8192,704,1,2.5136486724026287e-08,0.0012558440132190772
8192,706,1,2.5136486724026287e-08,0.0012558188767323533
8192,707,2,5.0272973448052574e-08,0.0012557937402456292
8192,708,1,2.5136486724026287e-08,0.0012557434672721812
8192,712,1,2.5136486724026287e-08,0.001255718330785457
8192,713,2,5.0272973448052574e-08,0.0012556931942987331
8192,714,2,5.0272973448052574e-08,0.0012556429213252851
8192,716,1,2.5136486724026287e-08,0.001255592648351837
8192,719,1,2.5136486724026287e-08,0.001255567511865113
8192,721,1,2.5136486724026287e-08,0.0012555423753783889
8192,722,2,5.0272973448052574e-08,0.001255517238891665
8192,723,1,2.5136486724026287e-08,0.001255466965918217
8192,724,1,2.5136486724026287e-08,0.0012554418294314928
8192,725,1,2.5136486724026287e-08,0.001255416692944769
8192,726,3,7.540946017207886e-08,0.0012553915564580448
8192,727,1,2.5136486724026287e-08,0.0012553161469978727
8192,729,2,5.0272973448052574e-08,0.0012552910105111488
8192,730,2,5.0272973448052574e-08,0.0012552407375377007
8192,731,2,5.0272973448052574e-08,0.0012551904645642525
8192,732,1,2.5136486724026287e-08,0.0012551401915908045
8192,733,1,2.5136486724026287e-08,0.0012551150551040806
8192,734,2,5.0272973448052574e-08,0.0012550899186173565
8192,735,2,5.0272973448052574e-08,0.0012550396456439085
8192,736,1,2.5136486724026287e-08,0.0012549893726704604
8192,738,1,2.5136486724026287e-08,0.0012549642361837363
8192,740,3,7.540946017207886e-08,0.0012549390996970124
8192,741,2,5.0272973448052574e-08,0.0012548636902368403
8192,742,2,5.0272973448052574e-08,0.0012548134172633923
8192,744,1,2.5136486724026287e-08,0.0012547631442899442
8192,745,1,2.5136486724026287e-08,0.0012547380078032201
8192,747,1,2.5136486724026287e-08,0.001254712871316496
8192,750,1,2.5136486724026287e-08,0.001254687734829772
8192,751,1,2.5136486724026287e-08,0.001254662598343048
8192,752,1,2.5136486724026287e-08,0.001254637461856324
8192,753,3,7.540946017207886e-08,0.0012546123253696
8192,754,1,2.5136486724026287e-08,0.0012545369159094278
8192,756,2,5.0272973448052574e-08,0.001254511779422704
8192,758,1,2.5136486724026287e-08,0.001254461506449256
8192,761,2,5.0272973448052574e-08,0.0012544363699625318
8192,762,4,1.0054594689610515e-07,0.0012543860969890838
8192,763,1,2.5136486724026287e-08,0.0012542855510421877
8192,764,1,2.5136486724026287e-08,0.0012542604145554636
8192,765,1,2.5136486724026287e-08,0.0012542352780687395
8192,767,3,7.540946017207886e-08,0.0012542101415820156
8192,768,4,1.0054594689610515e-07,0.0012541347321218435
8192,769,2,5.0272973448052574e-08,0.0012540341861749474
8192,771,3,7.540946017207886e-08,0.0012539839132014994
8192,772,2,5.0272973448052574e-08,0.0012539085037413273
8192,773,3,7.540946017207886e-08,0.0012538582307678793
8192,774,1,2.5136486724026287e-08,0.0012537828213077071
8192,775,1,2.5136486724026287e-08,0.001253757684820983
8192,778,2,5.0272973448052574e-08,0.001253732548334259
8192,779,3,7.540946017207886e-08,0.001253682275360811
8192,780,3,7.540946017207886e-08,0.001253606865900639
8192,782,3,7.540946017207886e-08,0.0012535314564404668
8192,783,2,5.0272973448052574e-08,0.0012534560469802949
8192,784,1,2.5136486724026287e-08,0.0012534057740068467
8192,785,2,5.0272973448052574e-08,0.0012533806375201227
8192,786,1,2.5136486724026287e-08,0.0012533303645466747
8192,787,1,2.5136486724026287e-08,0.0012533052280599506
8192,789,3,7.540946017207886e-08,0.0012532800915732265
8192,790,3,7.540946017207886e-08,0.0012532046821130546
8192,791,2,5.0272973448052574e-08,0.0012531292726528824
8192,792,6,1.5081892034415771e-07,0.0012530789996794344
8192,793,3,7.540946017207886e-08,0.0012529281807590901
8192,794,5,1.2568243362013144e-07,0.0012528527712989182
8192,795,1,2.5136486724026287e-08,0.001252727088865298
8192,796,1,2.5136486724026287e-08,0.001252701952378574
8192,797,3,7.540946017207886e-08,0.00125267681589185
8192,798,3,7.540946017207886e-08,0.001252601406431678
8192,799,2,5.0272973448052574e-08,0.0012525259969715058
8192,800,2,5.0272973448052574e-08,0.0012524757239980578
8192,801,1,2.5136486724026287e-08,0.0012524254510246097
8192,802,2,5.0272973448052574e-08,0.0012524003145378856
8192,803,3,7.540946017207886e-08,0.0012523500415644376
8192,804,3,7.540946017207886e-08,0.0012522746321042655
8192,805,3,7.540946017207886e-08,0.0012521992226440935
8192,806,1,2.5136486724026287e-08,0.0012521238131839214
8192,807,4,1.0054594689610515e-07,0.0012520986766971973
8192,808,5,1.2568243362013144e-07,0.0012519981307503013
8192,809,2,5.0272973448052574e-08,0.001251872448316681
8192,810,2,5.0272973448052574e-08,0.001251822175343233
8192,811,1,2.5136486724026287e-08,0.001251771902369785
8192,812,1,2.5136486724026287e-08,0.001251746765883061
8192,813,1,2.5136486724026287e-08,0.001251721629396337
8192,814,1,2.5136486724026287e-08,0.001251696492909613
8192,815,2,5.0272973448052574e-08,0.0012516713564228888
8192,816,1,2.5136486724026287e-08,0.0012516210834494408
8192,817,2,5.0272973448052574e-08,0.0012515959469627169
8192,818,5,1.2568243362013144e-07,0.0012515456739892689
8192,820,3,7.540946017207886e-08,0.0012514199915556487
8192,821,3,7.540946017207886e-08,0.0012513445820954766
8192,822,3,7.540946017207886e-08,0.0012512691726353044
8192,823,3,7.540946017207886e-08,0.0012511937631751325
8192,824,2,5.0272973448052574e-08,0.0012511183537149604
8192,825,2,5.0272973448052574e-08,0.0012510680807415124
8192,826,2,5.0272973448052574e-08,0.0012510178077680641
8192,827,1,2.5136486724026287e-08,0.001250967534794616
8192,828,2,5.0272973448052574e-08,0.0012509423983078922
8192,829,1,2.5136486724026287e-08,0.0012508921253344442
8192,830,1,2.5136486724026287e-08,0.00125086698884772
8192,831,1,2.5136486724026287e-08,0.001250841852360996
8192,832,4,1.0054594689610515e-07,0.001250816715874272
8192,833,8,2.010918937922103e-07,0.001250716169927376
8192,834,1,2.5136486724026287e-08,0.0012505150780335837
8192,835,4,1.0054594689610515e-07,0.0012504899415468596
8192,836,5,1.2568243362013144e-07,0.0012503893955999636
8192,837,3,7.540946017207886e-08,0.0012502637131663434
8192,838,7,1.75955407068184e-07,0.0012501883037061713
8192,839,2,5.0272973448052574e-08,0.001250012348299103
8192,840,5,1.2568243362013144e-07,0.001249962075325655
8192,841,4,1.0054594689610515e-07,0.001249836392892035
8192,842,2,5.0272973448052574e-08,0.0012497358469451389
8192,843,4,1.0054594689610515e-07,0.0012496855739716909
8192,844,3,7.540946017207886e-08,0.0012495850280247948
8192,845,3,7.540946017207886e-08,0.0012495096185646227
8192,846,1,2.5136486724026287e-08,0.0012494342091044506
8192,848,4,1.0054594689610515e-07,0.0012494090726177267
8192,849,4,1.0054594689610515e-07,0.0012493085266708304
8192,850,4,1.0054594689610515e-07,0.0012492079807239344
8192,851,3,7.540946017207886e-08,0.0012491074347770383
8192,852,4,1.0054594689610515e-07,0.0012490320253168662
8192,853,5,1.2568243362013144e-07,0.0012489314793699702
8192,854,4,1.0054594689610515e-07,0.00124880579693635
8192,855,6,1.5081892034415771e-07,0.0012487052509894537
8192,856,4,1.0054594689610515e-07,0.0012485544320691097
8192,857,3,7.540946017207886e-08,0.0012484538861222136
8192,858,5,1.2568243362013144e-07,0.0012483784766620415
8192,859,7,1.75955407068184e-07,0.0012482527942284214
8192,860,3,7.540946017207886e-08,0.0012480768388213532
8192,861,3,7.540946017207886e-08,0.001248001429361181
8192,862,5,1.2568243362013144e-07,0.001247926019901009
8192,863,8,2.010918937922103e-07,0.001247800337467389
8192,864,7,1.75955407068184e-07,0.0012475992455735967
8192,865,6,1.5081892034415771e-07,0.0012474232901665285
8192,866,7,1.75955407068184e-07,0.0012472724712461842
8192,867,1,2.5136486724026287e-08,0.001247096515839116
8192,868,5,1.2568243362013144e-07,0.0012470713793523922
8192,869,5,1.2568243362013144e-07,0.001246945696918772
8192,870,5,1.2568243362013144e-07,0.0012468200144851518
8192,871,8,2.010918937922103e-07,0.0012466943320515317
8192,872,4,1.0054594689610515e-07,0.0012464932401577394
8192,873,7,1.75955407068184e-07,0.0012463926942108434
8192,874,10,2.513648672402629e-07,0.0012462167388037752
8192,875,6,1.5081892034415771e-07,0.0012459653739365349
8192,876,7,1.75955407068184e-07,0.0012458145550161908
8192,877,4,1.0054594689610515e-07,0.0012456385996091226
8192,878,5,1.2568243362013144e-07,0.0012455380536622266
8192,879,7,1.75955407068184e-07,0.0012454123712286064
8192,880,4,1.0054594689610515e-07,0.0012452364158215383
8192,881,8,2.010918937922103e-07,0.001245135869874642
8192,882,3,7.540946017207886e-08,0.00124493477798085
8192,883,5,1.2568243362013144e-07,0.0012448593685206778
8192,884,6,1.5081892034415771e-07,0.0012447336860870576
8192,885,5,1.2568243362013144e-07,0.0012445828671667136
8192,886,8,2.010918937922103e-07,0.0012444571847330934
8192,887,3,7.540946017207886e-08,0.0012442560928393011
8192,888,6,1.5081892034415771e-07,0.001244180683379129
8192,889,7,1.75955407068184e-07,0.001244029864458785
8192,890,2,5.0272973448052574e-08,0.0012438539090517168
8192,891,8,2.010918937922103e-07,0.0012438036360782688
8192,892,9,2.2622838051623657e-07,0.0012436025441844765
8192,893,10,2.513648672402629e-07,0.0012433763158039603
8192,894,8,2.010918937922103e-07,0.00124312495093672
8192,895,11,2.7650135396428915e-07,0.0012429238590429277
8192,896,7,1.75955407068184e-07,0.0012426473576889635
8192,897,4,1.0054594689610515e-07,0.0012424714022818953
8192,898,9,2.2622838051623657e-07,0.0012423708563349992
8192,899,11,2.7650135396428915e-07,0.001242144627954483
8192,900,4,1.0054594689610515e-07,0.0012418681266005186
8192,901,7,1.75955407068184e-07,0.0012417675806536226
8192,902,5,1.2568243362013144e-07,0.0012415916252465544
8192,903,8,2.010918937922103e-07,0.0012414659428129343
8192,904,6,1.5081892034415771e-07,0.001241264850919142
8192,905,6,1.5081892034415771e-07,0.001241114031998798
8192,906,9,2.2622838051623657e-07,0.0012409632130784536
8192,907,8,2.010918937922103e-07,0.0012407369846979374
8192,908,4,1.0054594689610515e-07,0.0012405358928041454
8192,909,9,2.2622838051623657e-07,0.001240435346857249
8192,910,5,1.2568243362013144e-07,0.001240209118476733
8192,911,13,3.267743274123417e-07,0.0012400834360431128
8192,912,2,5.0272973448052574e-08,0.0012397566617157005
8192,913,3,7.540946017207886e-08,0.0012397063887422525
8192,914,7,1.75955407068184e-07,0.0012396309792820804
8192,915,5,1.2568243362013144e-07,0.0012394550238750122
8192,916,15,3.770473008603943e-07,0.001239329341441392
8192,917,8,2.010918937922103e-07,0.0012389522941405316
8192,918,8,2.010918937922103e-07,0.0012387512022467395
8192,919,11,2.7650135396428915e-07,0.0012385501103529472
8192,920,8,2.010918937922103e-07,0.001238273608998983
8192,921,6,1.5081892034415771e-07,0.0012380725171051907
8192,922,9,2.2622838051623657e-07,0.0012379216981848466
8192,923,14,3.51910814136368e-07,0.0012376954698043302
8192,924,7,1.75955407068184e-07,0.0012373435589901939
8192,925,6,1.5081892034415771e-07,0.0012371676035831257
8192,926,7,1.75955407068184e-07,0.0012370167846627817
8192,927,9,2.2622838051623657e-07,0.0012368408292557135
8192,928,9,2.2622838051623657e-07,0.001236614600875197
8192,929,11,2.7650135396428915e-07,0.0012363883724946809
8192,930,4,1.0054594689610515e-07,0.0012361118711407167
8192,931,9,2.2622838051623657e-07,0.0012360113251938206
8192,932,7,1.75955407068184e-07,0.0012357850968133042
8192,933,11,2.7650135396428915e-07,0.001235609141406236
8192,934,12,3.0163784068831543e-07,0.0012353326400522718
8192,935,18,4.5245676103247314e-07,0.0012350310022115835
8192,936,12,3.0163784068831543e-07,0.0012345785454505511
8192,937,7,1.75955407068184e-07,0.0012342769076098628
8192,938,16,4.021837875844206e-07,0.0012341009522027946
8192,939,11,2.7650135396428915e-07,0.00123369876841521
8192,940,9,2.2622838051623657e-07,0.0012334222670612458
8192,941,10,2.513648672402629e-07,0.0012331960386807296
8192,942,14,3.51910814136368e-07,0.0012329446738134893
8192,943,15,3.770473008603943e-07,0.001232592762999353
8192,944,8,2.010918937922103e-07,0.0012322157156984925
8192,945,14,3.51910814136368e-07,0.0012320146238047004
8192,946,17,4.2732027430844687e-07,0.001231662712990564
8192,947,8,2.010918937922103e-07,0.0012312353927162556
8192,948,11,2.7650135396428915e-07,0.0012310343008224633
8192,949,12,3.0163784068831543e-07,0.001230757799468499
8192,950,7,1.75955407068184e-07,0.0012304561616278107
8192,951,16,4.021837875844206e-07,0.0012302802062207426
8192,952,11,2.7650135396428915e-07,0.0012298780224331582
8192,953,8,2.010918937922103e-07,0.0012296015210791938
8192,954,15,3.770473008603943e-07,0.0012294004291854017
8192,955,20,5.027297344805258e-07,0.0012290233818845412
8192,956,10,2.513648672402629e-07,0.0012285206521500606
8192,957,20,5.027297344805258e-07,0.0012282692872828205
8192,958,14,3.51910814136368e-07,0.0012277665575483399
8192,959,10,2.513648672402629e-07,0.0012274146467342035
8192,960,9,2.2622838051623657e-07,0.0012271632818669632
8192,961,13,3.267743274123417e-07,0.001226937053486447
8192,962,17,4.2732027430844687e-07,0.0012266102791590348
8192,963,14,3.51910814136368e-07,0.0012261829588847263
8192,964,8,2.010918937922103e-07,0.00122583104807059
8192,965,12,3.0163784068831543e-07,0.0012256299561767977
8192,966,15,3.770473008603943e-07,0.0012253283183361093
8192,967,11,2.7650135396428915e-07,0.0012249512710352489
8192,968,18,4.5245676103247314e-07,0.0012246747696812847
8192,969,16,4.021837875844206e-07,0.0012242223129202523
8192,970,13,3.267743274123417e-07,0.0012238201291326677
8192,971,11,2.7650135396428915e-07,0.0012234933548052555
8192,972,9,2.2622838051623657e-07,0.0012232168534512913
8192,973,12,3.0163784068831543e-07,0.0012229906250707748
8192,974,14,3.51910814136368e-07,0.0012226889872300865
8192,975,16,4.021837875844206e-07,0.0012223370764159502
8192,976,12,3.0163784068831543e-07,0.0012219348926283658
8192,977,14,3.51910814136368e-07,0.0012216332547876775
8192,978,13,3.267743274123417e-07,0.0012212813439735411
8192,979,17,4.2732027430844687e-07,0.0012209545696461289
8192,980,9,2.2622838051623657e-07,0.0012205272493718204
8192,981,18,4.5245676103247314e-07,0.0012203010209913042
8192,982,11,2.7650135396428915e-07,0.0012198485642302716
8192,983,20,5.027297344805258e-07,0.0012195720628763074
8192,984,18,4.5245676103247314e-07,0.0012190693331418268
8192,985,17,4.2732027430844687e-07,0.0012186168763807944
8192,986,13,3.267743274123417e-07,0.001218189556106486
8192,987,14,3.51910814136368e-07,0.0012178627817790737
8192,988,19,4.775932477564995e-07,0.001217510870964937
8192,989,19,4.775932477564995e-07,0.0012170332777171806
8192,990,17,4.2732027430844687e-07,0.001216555684469424
8192,991,18,4.5245676103247314e-07,0.0012161283641951158
8192,992,23,5.781391946526046e-07,0.0012156759074340832
8192,993,16,4.021837875844206e-07,0.0012150977682394307
8192,994,16,4.021837875844206e-07,0.0012146955844518463
8192,995,22,5.530027079285783e-07,0.0012142934006642617
8192,996,18,4.5245676103247314e-07,0.0012137403979563333
8192,997,13,3.267743274123417e-07,0.0012132879411953007
8192,998,25,6.284121681006571e-07,0.0012129611668678885
8192,999,18,4.5245676103247314e-07,0.0012123327546997877
8192,1000,19,4.775932477564995e-07,0.0012118802979387553
8192,1001,25,6.284121681006571e-07,0.0012114027046909988
8192,1002,18,4.5245676103247314e-07,0.0012107742925228982
8192,1003,19,4.775932477564995e-07,0.0012103218357618656
8192,1004,15,3.770473008603943e-07,0.0012098442425141091
8192,1005,26,6.535486548246834e-07,0.0012094671952132489
8192,1006,23,5.781391946526046e-07,0.0012088136465584242
8192,1007,23,5.781391946526046e-07,0.0012082355073637714
8192,1008,21,5.27866221204552e-07,0.0012076573681691189
8192,1009,22,5.530027079285783e-07,0.0012071295019479144
8192,1010,11,2.7650135396428915e-07,0.0012065764992399857
8192,1011,24,6.032756813766309e-07,0.0012062999978860215
8192,1012,19,4.775932477564995e-07,0.0012056967222046449
8192,1013,21,5.27866221204552e-07,0.0012052191289568883
8192,1014,21,5.27866221204552e-07,0.0012046912627356838
8192,1015,21,5.27866221204552e-07,0.0012041633965144793
8192,1016,19,4.775932477564995e-07,0.0012036355302932748
8192,1017,20,5.027297344805258e-07,0.0012031579370455183
8192,1018,26,6.535486548246834e-07,0.0012026552073110377
8192,1019,18,4.5245676103247314e-07,0.001202001658656213
8192,1020,21,5.27866221204552e-07,0.0012015492018951806
8192,1021,21,5.27866221204552e-07,0.0012010213356739758
8192,1022,14,3.51910814136368e-07,0.0012004934694527713
8192,1023,20,5.027297344805258e-07,0.001200141558638635
8192,1024,15,3.770473008603943e-07,0.0011996388289041546
8192,1025,20,5.027297344805258e-07,0.001199261781603294
8192,1026,19,4.775932477564995e-07,0.0011987590518688135
8192,1027,21,5.27866221204552e-07,0.0011982814586210572
8192,1028,18,4.5245676103247314e-07,0.0011977535923998524
8192,1029,23,5.781391946526046e-07,0.00119730113563882
8192,1030,21,5.27866221204552e-07,0.0011967229964441675
8192,1031,23,5.781391946526046e-07,0.001196195130222963
8192,1032,24,6.032756813766309e-07,0.0011956169910283102
8192,1033,23,5.781391946526046e-07,0.0011950137153469336
8192,1034,16,4.021837875844206e-07,0.001194435576152281
8192,1035,27,6.786851415487097e-07,0.0011940333923646967
8192,1036,26,6.535486548246834e-07,0.0011933547072231479
8192,1037,15,3.770473008603943e-07,0.0011927011585683232
8192,1038,28,7.03821628272736e-07,0.001192324111267463
8192,1039,30,7.540946017207886e-07,0.00119162028963919
8192,1040,22,5.530027079285783e-07,0.0011908661950374693
8192,1041,19,4.775932477564995e-07,0.0011903131923295407
8192,1042,27,6.786851415487097e-07,0.0011898355990817842
8192,1043,20,5.027297344805258e-07,0.0011891569139402356
8192,1044,26,6.535486548246834e-07,0.001188654184205755
8192,1045,28,7.03821628272736e-07,0.0011880006355509303
8192,1046,29,7.289581149967622e-07,0.0011872968139226576
8192,1047,27,6.786851415487097e-07,0.0011865678558076608
8192,1048,31,7.792310884448149e-07,0.0011858891706661122
8192,1049,23,5.781391946526046e-07,0.0011851099395776674
8192,1050,30,7.540946017207886e-07,0.0011845318003830148
8192,1051,25,6.284121681006571e-07,0.0011837777057812939
8192,1052,28,7.03821628272736e-07,0.0011831492936131933
8192,1053,28,7.03821628272736e-07,0.0011824454719849206
8192,1054,28,7.03821628272736e-07,0.0011817416503566477
8192,1055,23,5.781391946526046e-07,0.001181037828728375
8192,1056,20,5.027297344805258e-07,0.0011804596895337225
8192,1057,27,6.786851415487097e-07,0.0011799569597992418
8192,1058,29,7.289581149967622e-07,0.0011792782746576933
8192,1059,36,9.049135220649463e-07,0.0011785493165426964
8192,1060,30,7.540946017207886e-07,0.0011776444030206315
8192,1061,31,7.792310884448149e-07,0.0011768903084189107
8192,1062,26,6.535486548246834e-07,0.001176111077330466
8192,1063,32,8.043675751688412e-07,0.0011754575286756412
8192,1064,34,8.546405486168937e-07,0.0011746531611004723
8192,1065,35,8.7977703534092e-07,0.0011737985205518555
8192,1066,34,8.546405486168937e-07,0.0011729187435165146
8192,1067,24,6.032756813766309e-07,0.0011720641029678977
8192,1068,27,6.786851415487097e-07,0.001171460827286521
8192,1069,43,1.0808689291331302e-06,0.0011707821421449724
8192,1070,38,9.55186495512999e-07,0.0011697012732158393
8192,1071,27,6.786851415487097e-07,0.0011687460867203263
8192,1072,30,7.540946017207886e-07,0.0011680674015787775
8192,1073,24,6.032756813766309e-07,0.0011673133069770567
8192,1074,44,1.1060054158571566e-06,0.00116671003129568
8192,1075,38,9.55186495512999e-07,0.001165604025879823
8192,1076,32,8.043675751688412e-07,0.00116464883938431
8192,1077,35,8.7977703534092e-07,0.001163844471809141
8192,1078,25,6.284121681006571e-07,0.0011629646947738002
8192,1079,38,9.55186495512999e-07,0.0011623362826056994
8192,1080,41,1.0305959556850777e-06,0.0011613810961101864
8192,1081,35,8.7977703534092e-07,0.0011603505001545015
8192,1082,40,1.0054594689610515e-06,0.0011594707231191606
8192,1083,46,1.1562783893052092e-06,0.0011584652636501993
8192,1084,36,9.049135220649463e-07,0.0011573089852608943
8192,1085,23,5.781391946526046e-07,0.0011564040717388293
8192,1086,27,6.786851415487097e-07,0.0011558259325441767
8192,1087,33,8.295040618928675e-07,0.001155147247402628
8192,1088,31,7.792310884448149e-07,0.001154317743340735
8192,1089,35,8.7977703534092e-07,0.0011535385122522902
8192,1090,26,6.535486548246834e-07,0.0011526587352169494
8192,1091,33,8.295040618928675e-07,0.0011520051865621247
8192,1092,37,9.300500087889726e-07,0.0011511756825002318
8192,1093,30,7.540946017207886e-07,0.001150245632491443
8192,1094,35,8.7977703534092e-07,0.001149491537889722
8192,1095,39,9.803229822370251e-07,0.0011486117608543811
8192,1096,38,9.55186495512999e-07,0.001147631437872144
8192,1097,43,1.0808689291331302e-06,0.0011466762513766312
8192,1098,41,1.0305959556850777e-06,0.001145595382447498
8192,1099,39,9.803229822370251e-07,0.001144564786491813
8192,1100,43,1.0808689291331302e-06,0.0011435844635095758
8192,1101,35,8.7977703534092e-07,0.0011425035945804428
8192,1102,30,7.540946017207886e-07,0.0011416238175451017
8192,1103,48,1.2065513627532617e-06,0.001140869722943381
8192,1104,45,1.1311419025811828e-06,0.0011396631715806277
8192,1105,37,9.300500087889726e-07,0.0011385320296780465
8192,1106,44,1.1060054158571566e-06,0.0011376019796692576
8192,1107,35,8.7977703534092e-07,0.0011364959742534006
8192,1108,37,9.300500087889726e-07,0.0011356161972180595
8192,1109,48,1.2065513627532617e-06,0.0011346861472092706
8192,1110,52,1.3070973096493668e-06,0.0011334795958465173
8192,1111,40,1.0054594689610515e-06,0.001132172498536868
8192,1112,47,1.1814148760292355e-06,0.0011311670390679069
8192,1113,41,1.0305959556850777e-06,0.0011299856241918777
8192,1114,41,1.0305959556850777e-06,0.0011289550282361925
8192,1115,41,1.0305959556850777e-06,0.0011279244322805076
8192,1116,46,1.1562783893052092e-06,0.0011268938363248225
8192,1117,40,1.0054594689610515e-06,0.0011257375579355171
8192,1118,39,9.803229822370251e-07,0.0011247320984665561
8192,1119,47,1.1814148760292355e-06,0.0011237517754843192
8192,1120,37,9.300500087889726e-07,0.00112257036060829
8192,1121,43,1.0808689291331302e-06,0.001121640310599501
8192,1122,44,1.1060054158571566e-06,0.0011205594416703677
8192,1123,52,1.3070973096493668e-06,0.0011194534362545107
8192,1124,38,9.55186495512999e-07,0.0011181463389448613
8192,1125,50,1.2568243362013143e-06,0.0011171911524493483
8192,1126,38,9.55186495512999e-07,0.001115934328113147
8192,1127,33,8.295040618928675e-07,0.001114979141617634
8192,1128,43,1.0808689291331302e-06,0.001114149637555741
8192,1129,45,1.1311419025811828e-06,0.001113068768626608
8192,1130,48,1.2065513627532617e-06,0.0011119376267240268
8192,1131,48,1.2065513627532617e-06,0.0011107310753612734
8192,1132,42,1.055732442409104e-06,0.0011095245239985203
8192,1133,61,1.5333256901656034e-06,0.001108468791556111
8192,1134,47,1.1814148760292355e-06,0.0011069354658659455
8192,1135,51,1.2819608229253407e-06,0.0011057540509899163
8192,1136,49,1.231687849477288e-06,0.001104472090166991
8192,1137,43,1.0808689291331302e-06,0.0011032404023175136
8192,1138,58,1.4579162299935245e-06,0.0011021595333883805
8192,1139,61,1.5333256901656034e-06,0.001100701617158387
8192,1140,56,1.407643256545472e-06,0.0010991682914682215
8192,1141,42,1.055732442409104e-06,0.0010977606482116759
8192,1142,76,1.910372991025998e-06,0.0010967049157692668
8192,1143,51,1.2819608229253407e-06,0.0010947945427782408
8192,1144,45,1.1311419025811828e-06,0.0010935125819553156
8192,1145,43,1.0808689291331302e-06,0.0010923814400527344
8192,1146,57,1.4327797432694983e-06,0.0010913005711236012
8192,1147,55,1.3825067698214458e-06,0.0010898677913803317
8192,1148,49,1.231687849477288e-06,0.0010884852846105102
8192,1149,42,1.055732442409104e-06,0.001087253596761033
8192,1150,44,1.1060054158571566e-06,0.001086197864318624
8192,1151,57,1.4327797432694983e-06,0.0010850918589027667
8192,1152,53,1.3322337963733932e-06,0.0010836590791594972
8192,1153,43,1.0808689291331302e-06,0.001082326845363124
8192,1154,60,1.5081892034415773e-06,0.0010812459764339907
8192,1155,52,1.3070973096493668e-06,0.001079737787230549
8192,1156,63,1.583598663613656e-06,0.0010784306899208997
8192,1157,71,1.7846905574058664e-06,0.0010768470912572862
8192,1158,56,1.407643256545472e-06,0.0010750624006998803
8192,1159,57,1.4327797432694983e-06,0.0010736547574433347
8192,1160,63,1.583598663613656e-06,0.0010722219777000652
8192,1161,54,1.3573702830974194e-06,0.0010706383790364516
8192,1162,48,1.2065513627532617e-06,0.0010692810087533542
8192,1163,40,1.0054594689610515e-06,0.001068074457390601
8192,1164,75,1.8852365043019715e-06,0.0010670689979216399
8192,1165,58,1.4579162299935245e-06,0.001065183761417338
8192,1166,59,1.4830527167175509e-06,0.0010637258451873443
8192,1167,62,1.5584621768896298e-06,0.0010622427924706268
8192,1168,58,1.4579162299935245e-06,0.0010606843302937371
8192,1169,58,1.4579162299935245e-06,0.0010592264140637437
8192,1170,61,1.5333256901656034e-06,0.00105776849783375
8192,1171,54,1.3573702830974194e-06,0.0010562351721435845
8192,1172,51,1.2819608229253407e-06,0.0010548778018604872
8192,1173,65,1.6338716370617085e-06,0.0010535958410375617
8192,1174,64,1.6087351503376824e-06,0.0010519619694005
8192,1175,59,1.4830527167175509e-06,0.0010503532342501624
8192,1176,58,1.4579162299935245e-06,0.0010488701815334449
8192,1177,69,1.7344175839578136e-06,0.0010474122653034513
8192,1178,60,1.5081892034415773e-06,0.0010456778477194934
8192,1179,64,1.6087351503376824e-06,0.001044169658516052
8192,1180,46,1.1562783893052092e-06,0.0010425609233657143
8192,1181,62,1.5584621768896298e-06,0.001041404644976409
8192,1182,74,1.8601000175779451e-06,0.0010398461827995193
8192,1183,60,1.5081892034415773e-06,0.0010379860827819415
8192,1184,67,1.684144610509761e-06,0.0010364778935784999
8192,1185,49,1.231687849477288e-06,0.00103479374896799
8192,1186,49,1.231687849477288e-06,0.0010335620611185128
8192,1187,74,1.8601000175779451e-06,0.0010323303732690356
8192,1188,59,1.4830527167175509e-06,0.0010304702732514576
8192,1189,65,1.6338716370617085e-06,0.00102898722053474
8192,1190,73,1.834963530853919e-06,0.0010273533488976783
8192,1191,57,1.4327797432694983e-06,0.0010255183853668244
8192,1192,68,1.7092810972337875e-06,0.0010240856056235549
8192,1193,61,1.5333256901656034e-06,0.0010223763245263212
8192,1194,69,1.7344175839578136e-06,0.0010208429988361556
8192,1195,52,1.3070973096493668e-06,0.0010191085812521978
8192,1196,74,1.8601000175779451e-06,0.0010178014839425484
8192,1197,54,1.3573702830974194e-06,0.0010159413839249704
8192,1198,60,1.5081892034415773e-06,0.001014584013641873
8192,1199,67,1.684144610509761e-06,0.0010130758244384314
8192,1200,76,1.910372991025998e-06,0.0010113916798279215
8192,1201,51,1.2819608229253407e-06,0.0010094813068368957
8192,1202,71,1.7846905574058664e-06,0.0010081993460139703
8192,1203,57,1.4327797432694983e-06,0.0010064146554565644
8192,1204,70,1.75955407068184e-06,0.001004981875713295
8192,1205,75,1.8852365043019715e-06,0.0010032223216426132
8192,1206,74,1.8601000175779451e-06,0.001001337085138311
8192,1207,67,1.684144610509761e-06,0.0009994769851207333
8192,1208,82,2.0611919113701553e-06,0.0009977928405102234
8192,1209,72,1.8098270441298926e-06,0.0009957316485988534
8192,1210,57,1.4327797432694983e-06,0.0009939218215547234
8192,1211,69,1.7344175839578136e-06,0.0009924890418114539
8192,1212,59,1.4830527167175509e-06,0.000990754624227496
8192,1213,72,1.8098270441298926e-06,0.0009892715715107785
8192,1214,67,1.684144610509761e-06,0.0009874617444666487
8192,1215,62,1.5584621768896298e-06,0.000985777599856139
8192,1216,82,2.0611919113701553e-06,0.0009842191376792492
8192,1217,72,1.8098270441298926e-06,0.0009821579457678792
8192,1218,51,1.2819608229253407e-06,0.0009803481187237492
8192,1219,54,1.3573702830974194e-06,0.000979066157900824
8192,1220,70,1.75955407068184e-06,0.0009777087876177263
8192,1221,78,1.9606459644740502e-06,0.0009759492335470446
8192,1222,63,1.583598663613656e-06,0.0009739885875825706
8192,1223,75,1.8852365043019715e-06,0.0009724049889189569
8192,1224,67,1.684144610509761e-06,0.0009705197524146549
8192,1225,63,1.583598663613656e-06,0.0009688356078041452
8192,1226,70,1.75955407068184e-06,0.0009672520091405315
8192,1227,61,1.5333256901656034e-06,0.0009654924550698496
8192,1228,75,1.8852365043019715e-06,0.0009639591293796841
8192,1229,75,1.8852365043019715e-06,0.0009620738928753821
8192,1230,83,2.0863283980941817e-06,0.00096018865637108
8192,1231,85,2.1366013715422345e-06,0.000958102327972986
8192,1232,76,1.910372991025998e-06,0.0009559657266014436
8192,1233,73,1.834963530853919e-06,0.0009540553536104177
8192,1234,69,1.7344175839578136e-06,0.0009522203900795637
8192,1235,76,1.910372991025998e-06,0.000950485972495606
8192,1236,76,1.910372991025998e-06,0.00094857559950458
8192,1237,77,1.935509477750024e-06,0.000946665226513554
8192,1238,82,2.0611919113701553e-06,0.0009447297170358039
8192,1239,78,1.9606459644740502e-06,0.0009426685251244338
8192,1240,82,2.0611919113701553e-06,0.0009407078791599597
8192,1241,82,2.0611919113701553e-06,0.0009386466872485895
8192,1242,98,2.463375698954576e-06,0.0009365854953372195
8192,1243,71,1.7846905574058664e-06,0.0009341221196382648
8192,1244,73,1.834963530853919e-06,0.0009323374290808589
8192,1245,64,1.6087351503376824e-06,0.0009305024655500051
8192,1246,89,2.2371473184383396e-06,0.0009288937303996674
8192,1247,85,2.1366013715422345e-06,0.000926656583081229
8192,1248,86,2.1617378582662605e-06,0.0009245199817096868
8192,1249,78,1.9606459644740502e-06,0.0009223582438514206
8192,1250,80,2.010918937922103e-06,0.0009203975978869465
8192,1251,91,2.287420291886392e-06,0.0009183866789490244
8192,1252,59,1.4830527167175509e-06,0.000916099258657138
8192,1253,97,2.43823921223055e-06,0.0009146162059404205
8192,1254,82,2.0611919113701553e-06,0.0009121779667281899
8192,1255,86,2.1617378582662605e-06,0.0009101167748168197
8192,1256,86,2.1617378582662605e-06,0.0009079550369585535
8192,1257,71,1.7846905574058664e-06,0.0009057932991002872
8192,1258,94,2.362829752058471e-06,0.0009040086085428813
8192,1259,85,2.1366013715422345e-06,0.0009016457787908229
8192,1260,74,1.8601000175779451e-06,0.0008995091774192806
8192,1261,77,1.935509477750024e-06,0.0008976490774017027
8192,1262,97,2.43823921223055e-06,0.0008957135679239527
8192,1263,85,2.1366013715422345e-06,0.0008932753287117221
8192,1264,66,1.659008123785735e-06,0.0008911387273401799
8192,1265,73,1.834963530853919e-06,0.0008894797192163941
8192,1266,97,2.43823921223055e-06,0.0008876447556855402
8192,1267,103,2.5890581325747073e-06,0.0008852065164733097
8192,1268,98,2.463375698954576e-06,0.000882617458340735
8192,1269,91,2.287420291886392e-06,0.0008801540826417804
8192,1270,95,2.387966238782497e-06,0.000877866662349894
8192,1271,87,2.186874344990287e-06,0.0008754786961111115
8192,1272,74,1.8601000175779451e-06,0.0008732918217661212
8192,1273,99,2.488512185678602e-06,0.0008714317217485433
8192,1274,80,2.010918937922103e-06,0.0008689432095628647
8192,1275,90,2.2622838051623656e-06,0.0008669322906249426
8192,1276,85,2.1366013715422345e-06,0.0008646700068197802
8192,1277,79,1.9857824511980766e-06,0.000862533405448238
8192,1278,89,2.2371473184383396e-06,0.0008605476229970399
8192,1279,86,2.1617378582662605e-06,0.0008583104756786016
8192,1280,79,1.9857824511980766e-06,0.0008561487378203353
8192,1281,101,2.538785159126655e-06,0.0008541629553691372
8192,1282,88,2.2120108317143132e-06,0.0008516241702100105
8192,1283,93,2.3376932653344447e-06,0.0008494121593782963
8192,1284,71,1.7846905574058664e-06,0.0008470744661129618
8192,1285,86,2.1617378582662605e-06,0.0008452897755555559
8192,1286,89,2.2371473184383396e-06,0.0008431280376972897
8192,1287,87,2.186874344990287e-06,0.0008408908903788513
8192,1288,87,2.186874344990287e-06,0.0008387040160338611
8192,1289,97,2.43823921223055e-06,0.0008365171416888708
8192,1290,89,2.2371473184383396e-06,0.0008340789024766402
8192,1291,95,2.387966238782497e-06,0.0008318417551582019
8192,1292,102,2.5639216458506813e-06,0.0008294537889194193
8192,1293,94,2.362829752058471e-06,0.0008268898672735687
8192,1294,93,2.3376932653344447e-06,0.0008245270375215102
8192,1295,86,2.1617378582662605e-06,0.0008221893442561758
8192,1296,107,2.689604079470813e-06,0.0008200276063979095
8192,1297,107,2.689604079470813e-06,0.0008173380023184388
8192,1298,99,2.488512185678602e-06,0.0008146483982389679
8192,1299,121,3.0415148936071805e-06,0.0008121598860532893
8192,1300,79,1.9857824511980766e-06,0.0008091183711596821
8192,1301,99,2.488512185678602e-06,0.0008071325887084841
8192,1302,97,2.43823921223055e-06,0.0008046440765228054
8192,1303,92,2.3125567786104183e-06,0.0008022058373105749
8192,1304,111,2.790150026366918e-06,0.0007998932805319645
8192,1305,103,2.5890581325747073e-06,0.0007971031305055976
8192,1306,95,2.387966238782497e-06,0.0007945140723730229
8192,1307,89,2.2371473184383396e-06,0.0007921261061342404
8192,1308,101,2.538785159126655e-06,0.000789888958815802
8192,1309,102,2.5639216458506813e-06,0.0007873501736566753
8192,1310,91,2.287420291886392e-06,0.0007847862520108246
8192,1311,108,2.7147405661948388e-06,0.0007824988317189383
8192,1312,102,2.5639216458506813e-06,0.0007797840911527434
8192,1313,98,2.463375698954576e-06,0.0007772201695068928
8192,1314,109,2.739877052918865e-06,0.0007747567938079381
8192,1315,84,2.111464884818208e-06,0.0007720169167550193
8192,1316,90,2.2622838051623656e-06,0.0007699054518702011
8192,1317,123,3.0917878670552332e-06,0.0007676431680650387
8192,1318,97,2.43823921223055e-06,0.0007645513801979835
8192,1319,89,2.2371473184383396e-06,0.0007621131409857529
8192,1320,107,2.689604079470813e-06,0.0007598759936673146
8192,1321,95,2.387966238782497e-06,0.0007571863895878438
8192,1322,85,2.1366013715422345e-06,0.0007547984233490613
8192,1323,118,2.9661054334351017e-06,0.0007526618219775191
8192,1324,105,2.63933110602276e-06,0.000749695716544084
8192,1325,118,2.9661054334351017e-06,0.0007470563854380612
8192,1326,119,2.991241920159128e-06,0.0007440902800046261
8192,1327,94,2.362829752058471e-06,0.000741099038084467
8192,1328,103,2.5890581325747073e-06,0.0007387362083324085
8192,1329,112,2.815286513090944e-06,0.0007361471501998338
8192,1330,91,2.287420291886392e-06,0.0007333318636867428
8192,1331,100,2.5136486724026285e-06,0.0007310444433948565
8192,1332,100,2.5136486724026285e-06,0.0007285307947224539
8192,1333,111,2.790150026366918e-06,0.0007260171460500512
8192,1334,107,2.689604079470813e-06,0.0007232269960236843
8192,1335,116,2.915832459987049e-06,0.0007205373919442135
8192,1336,106,2.6644675927467864e-06,0.0007176215594842264
8192,1337,88,2.2120108317143132e-06,0.0007149570918914797
8192,1338,86,2.1617378582662605e-06,0.0007127450810597653
8192,1339,85,2.1366013715422345e-06,0.0007105833432014991
8192,1340,117,2.9409689467110754e-06,0.0007084467418299569
8192,1341,94,2.362829752058471e-06,0.0007055057728832457
8192,1342,110,2.7650135396428915e-06,0.0007031429431311873
8192,1343,98,2.463375698954576e-06,0.0007003779295915444
8192,1344,116,2.915832459987049e-06,0.0006979145538925898
8192,1345,92,2.3125567786104183e-06,0.0006949987214326027
8192,1346,107,2.689604079470813e-06,0.0006926861646539923
8192,1347,100,2.5136486724026285e-06,0.0006899965605745216
8192,1348,109,2.739877052918865e-06,0.0006874829119021189
8192,1349,121,3.0415148936071805e-06,0.0006847430348492
8192,1350,89,2.2371473184383396e-06,0.0006817015199555928
8192,1351,108,2.7147405661948388e-06,0.0006794643726371545
8192,1352,112,2.815286513090944e-06,0.0006767496320709597
8192,1353,87,2.186874344990287e-06,0.0006739343455578687
8192,1354,82,2.0611919113701553e-06,0.0006717474712128785
8192,1355,112,2.815286513090944e-06,0.0006696862793015083
8192,1356,113,2.8404229998149703e-06,0.0006668709927884174
8192,1357,109,2.739877052918865e-06,0.0006640305697886024
8192,1358,106,2.6644675927467864e-06,0.0006612906927356835
8192,1359,110,2.7650135396428915e-06,0.0006586262251429368
8192,1360,111,2.790150026366918e-06,0.0006558612116032939
8192,1361,83,2.0863283980941817e-06,0.0006530710615769269
8192,1362,98,2.463375698954576e-06,0.0006509847331788327
8192,1363,108,2.7147405661948388e-06,0.0006485213574798782
8192,1364,93,2.3376932653344447e-06,0.0006458066169136833
8192,1365,97,2.43823921223055e-06,0.0006434689236483489
8192,1366,96,2.4131027255065234e-06,0.0006410306844361184
8192,1367,115,2.890695973263023e-06,0.0006386175817106118
8192,1368,114,2.8655594865389966e-06,0.0006357268857373488
8192,1369,105,2.63933110602276e-06,0.0006328613262508098
8192,1370,124,3.1169243537792596e-06,0.000630221995144787
8192,1371,95,2.387966238782497e-06,0.0006271050707910078
8192,1372,99,2.488512185678602e-06,0.0006247171045522253
8192,1373,113,2.8404229998149703e-06,0.0006222285923665467
8192,1374,104,2.6141946192987337e-06,0.0006193881693667317
8192,1375,117,2.9409689467110754e-06,0.000616773974747433
8192,1376,100,2.5136486724026285e-06,0.0006138330058007219
8192,1377,119,2.991241920159128e-06,0.0006113193571283192
8192,1378,112,2.815286513090944e-06,0.0006083281152081602
8192,1379,92,2.3125567786104183e-06,0.0006055128286950692
8192,1380,95,2.387966238782497e-06,0.0006032002719164588
8192,1381,98,2.463375698954576e-06,0.0006008123056776763
8192,1382,89,2.2371473184383396e-06,0.0005983489299787217
8192,1383,114,2.8655594865389966e-06,0.0005961117826602833
8192,1384,93,2.3376932653344447e-06,0.0005932462231737444
8192,1385,91,2.287420291886392e-06,0.0005909085299084099
8192,1386,100,2.5136486724026285e-06,0.0005886211096165235
8192,1387,119,2.991241920159128e-06,0.0005861074609441209
8192,1388,103,2.5890581325747073e-06,0.0005831162190239618
8192,1389,107,2.689604079470813e-06,0.0005805271608913871
8192,1390,112,2.815286513090944e-06,0.0005778375568119162
8192,1391,100,2.5136486724026285e-06,0.0005750222702988253
8192,1392,107,2.689604079470813e-06,0.0005725086216264226
8192,1393,99,2.488512185678602e-06,0.0005698190175469519
8192,1394,92,2.3125567786104183e-06,0.0005673305053612732
8192,1395,102,2.5639216458506813e-06,0.0005650179485826628
8192,1396,86,2.1617378582662605e-06,0.0005624540269368121
8192,1397,102,2.5639216458506813e-06,0.0005602922890785459
8192,1398,92,2.3125567786104183e-06,0.0005577283674326952
8192,1399,103,2.5890581325747073e-06,0.0005554158106540848
8192,1400,101,2.538785159126655e-06,0.0005528267525215101
8192,1401,99,2.488512185678602e-06,0.0005502879673623834
8192,1402,117,2.9409689467110754e-06,0.0005477994551767049
8192,1403,111,2.790150026366918e-06,0.0005448584862299938
8192,1404,101,2.538785159126655e-06,0.0005420683362036268
8192,1405,105,2.63933110602276e-06,0.0005395295510445002
8192,1406,107,2.689604079470813e-06,0.0005368902199384774
8192,1407,105,2.63933110602276e-06,0.0005342006158590067
8192,1408,90,2.2622838051623656e-06,0.0005315612847529838
8192,1409,91,2.287420291886392e-06,0.0005292990009478215
8192,1410,111,2.790150026366918e-06,0.0005270115806559351
8192,1411,119,2.991241920159128e-06,0.0005242214306295682
8192,1412,102,2.5639216458506813e-06,0.000521230188709409
8192,1413,106,2.6644675927467864e-06,0.0005186662670635584
8192,1414,99,2.488512185678602e-06,0.0005160017994708116
8192,1415,84,2.111464884818208e-06,0.000513513287285133
8192,1416,92,2.3125567786104183e-06,0.0005114018224003148
8192,1417,95,2.387966238782497e-06,0.0005090892656217043
8192,1418,99,2.488512185678602e-06,0.0005067012993829219
8192,1419,107,2.689604079470813e-06,0.0005042127871972432
8192,1420,99,2.488512185678602e-06,0.0005015231831177725
8192,1421,89,2.2371473184383396e-06,0.0004990346709320938
8192,1422,109,2.739877052918865e-06,0.0004967975236136555
8192,1423,98,2.463375698954576e-06,0.0004940576465607367
8192,1424,103,2.5890581325747073e-06,0.000491594270861782
8192,1425,103,2.5890581325747073e-06,0.0004890052127292073
8192,1426,98,2.463375698954576e-06,0.0004864161545966327
8192,1427,94,2.362829752058471e-06,0.0004839527788976781
8192,1428,99,2.488512185678602e-06,0.0004815899491456196
8192,1429,99,2.488512185678602e-06,0.000479101436959941
8192,1430,96,2.4131027255065234e-06,0.0004766129247742624
8192,1431,133,3.3431527342954962e-06,0.0004741998220487559
8192,1432,107,2.689604079470813e-06,0.0004708566693144604
8192,1433,107,2.689604079470813e-06,0.0004681670652349896
8192,1434,90,2.2622838051623656e-06,0.0004654774611555188
8192,1435,101,2.538785159126655e-06,0.0004632151773503564
8192,1436,88,2.2120108317143132e-06,0.0004606763921912297
8192,1437,109,2.739877052918865e-06,0.0004584643813595154
8192,1438,90,2.2622838051623656e-06,0.00045572450430659655
8192,1439,90,2.2622838051623656e-06,0.0004534622205014342
8192,1440,85,2.1366013715422345e-06,0.0004511999366962718
8192,1441,92,2.3125567786104183e-06,0.0004490633353247296
8192,1442,101,2.538785159126655e-06,0.00044675077854611916
8192,1443,105,2.63933110602276e-06,0.00044421199338699253
8192,1444,89,2.2371473184383396e-06,0.00044157266228096975
8192,1445,107,2.689604079470813e-06,0.00043933551496253145
8192,1446,90,2.2622838051623656e-06,0.0004366459108830606
8192,1447,107,2.689604079470813e-06,0.0004343836270778982
8192,1448,85,2.1366013715422345e-06,0.0004316940229984274
8192,1449,101,2.538785159126655e-06,0.0004295574216268852
8192,1450,85,2.1366013715422345e-06,0.0004270186364677585
8192,1451,91,2.287420291886392e-06,0.0004248820350962163
8192,1452,100,2.5136486724026285e-06,0.00042259461480432994
8192,1453,106,2.6644675927467864e-06,0.0004200809661319273
8192,1454,91,2.287420291886392e-06,0.0004174164985391805
8192,1455,120,3.0163784068831545e-06,0.0004151290782472941
8192,1456,92,2.3125567786104183e-06,0.00041211269984041095
8192,1457,99,2.488512185678602e-06,0.00040980014306180057
8192,1458,95,2.387966238782497e-06,0.00040731163087612195
8192,1459,103,2.5890581325747073e-06,0.0004049236646373394
8192,1460,84,2.111464884818208e-06,0.0004023346065047647
8192,1461,96,2.4131027255065234e-06,0.0004002231416199465
8192,1462,82,2.0611919113701553e-06,0.00039781003889444
8192,1463,112,2.815286513090944e-06,0.00039574884698306985
8192,1464,82,2.0611919113701553e-06,0.0003929335604699789
8192,1465,84,2.111464884818208e-06,0.00039087236855860877
8192,1466,97,2.43823921223055e-06,0.0003887609036737905
8192,1467,99,2.488512185678602e-06,0.00038632266446155997
8192,1468,115,2.890695973263023e-06,0.0003838341522758814
8192,1469,92,2.3125567786104183e-06,0.00038094345630261837
8192,1470,110,2.7650135396428915e-06,0.00037863089952400793
8192,1471,89,2.2371473184383396e-06,0.00037586588598436505
8192,1472,104,2.6141946192987337e-06,0.0003736287386659267
8192,1473,96,2.4131027255065234e-06,0.000371014544046628
8192,1474,109,2.739877052918865e-06,0.00036860144132112144
8192,1475,94,2.362829752058471e-06,0.00036586156426820257
8192,1476,95,2.387966238782497e-06,0.0003634987345161441
8192,1477,97,2.43823921223055e-06,0.00036111076827736164
8192,1478,90,2.2622838051623656e-06,0.0003586725290651311
8192,1479,97,2.43823921223055e-06,0.00035641024525996873
8192,1480,110,2.7650135396428915e-06,0.00035397200604773813
8192,1481,104,2.6141946192987337e-06,0.00035120699250809525
8192,1482,93,2.3376932653344447e-06,0.00034859279788879654
8192,1483,93,2.3376932653344447e-06,0.0003462551046234621
8192,1484,92,2.3125567786104183e-06,0.00034391741135812764
8192,1485,104,2.6141946192987337e-06,0.00034160485457951725
8192,1486,102,2.5639216458506813e-06,0.0003389906599602185
8192,1487,99,2.488512185678602e-06,0.00033642673831436783
8192,1488,88,2.2120108317143132e-06,0.0003339382261286892
8192,1489,93,2.3376932653344447e-06,0.00033172621529697487
8192,1490,102,2.5639216458506813e-06,0.0003293885220316405
8192,1491,78,1.9606459644740502e-06,0.0003268246003857898
8192,1492,97,2.43823921223055e-06,0.00032486395442131574
8192,1493,88,2.2120108317143132e-06,0.0003224257152090852
8192,1494,85,2.1366013715422345e-06,0.00032021370437737085
8192,1495,99,2.488512185678602e-06,0.00031807710300582864
8192,1496,82,2.0611919113701553e-06,0.00031558859082015
8192,1497,93,2.3376932653344447e-06,0.0003135273989087799
8192,1498,89,2.2371473184383396e-06,0.00031118970564344544
8192,1499,92,2.3125567786104183e-06,0.0003089525583250071
8192,1500,87,2.186874344990287e-06,0.00030664000154639664
8192,1501,83,2.0863283980941817e-06,0.00030445312720140636
8192,1502,98,2.463375698954576e-06,0.0003023667988033122
8192,1503,95,2.387966238782497e-06,0.0002999034231043576
8192,1504,83,2.0863283980941817e-06,0.00029751545686557514
8192,1505,89,2.2371473184383396e-06,0.00029542912846748095
8192,1506,90,2.2622838051623656e-06,0.0002931919811490426
8192,1507,86,2.1617378582662605e-06,0.0002909296973438802
8192,1508,96,2.4131027255065234e-06,0.00028876795948561395
8192,1509,92,2.3125567786104183e-06,0.00028635485676010747
8192,1510,92,2.3125567786104183e-06,0.00028404229998149703
8192,1511,81,2.036055424646129e-06,0.0002817297432028866
8192,1512,89,2.2371473184383396e-06,0.00027969368777824047
8192,1513,86,2.1617378582662605e-06,0.00027745654045980216
8192,1514,96,2.4131027255065234e-06,0.0002752948026015359
8192,1515,74,1.8601000175779451e-06,0.00027288169987602936
8192,1516,83,2.0863283980941817e-06,0.0002710215998584514
8192,1517,102,2.5639216458506813e-06,0.0002689352714603572
8192,1518,90,2.2622838051623656e-06,0.0002663713498145066
8192,1519,87,2.186874344990287e-06,0.0002641090660093442
8192,1520,68,1.7092810972337875e-06,0.0002619221916643539
8192,1521,79,1.9857824511980766e-06,0.00026021291056712014
8192,1522,95,2.387966238782497e-06,0.00025822712811592204
8192,1523,93,2.3376932653344447e-06,0.0002558391618771395
8192,1524,88,2.2120108317143132e-06,0.0002535014686118051
8192,1525,70,1.75955407068184e-06,0.00025128945778009077
8192,1526,88,2.2120108317143132e-06,0.0002495299037094089
8192,1527,79,1.9857824511980766e-06,0.0002473178928776946
8192,1528,85,2.1366013715422345e-06,0.0002453321104264966
8192,1529,75,1.8852365043019715e-06,0.0002431955090549543
8192,1530,82,2.0611919113701553e-06,0.00024131027255065235
8192,1531,91,2.287420291886392e-06,0.0002392490806392822
8192,1532,74,1.8601000175779451e-06,0.0002369616603473958
8192,1533,81,2.036055424646129e-06,0.00023510156032981785
8192,1534,85,2.1366013715422345e-06,0.00023306550490517173
8192,1535,92,2.3125567786104183e-06,0.0002309289035336295
8192,1536,90,2.2622838051623656e-06,0.00022861634675501907
8192,1537,81,2.036055424646129e-06,0.0002263540629498567
8192,1538,77,1.935509477750024e-06,0.0002243180075252106
8192,1539,80,2.010918937922103e-06,0.00022238249804746056
8192,1540,65,1.6338716370617085e-06,0.00022037157910953845
8192,1541,76,1.910372991025998e-06,0.00021873770747247675
8192,1542,76,1.910372991025998e-06,0.00021682733448145073
8192,1543,100,2.5136486724026285e-06,0.00021491696149042474
8192,1544,72,1.8098270441298926e-06,0.00021240331281802212
8192,1545,77,1.935509477750024e-06,0.00021059348577389222
8192,1546,73,1.834963530853919e-06,0.0002086579762961422
8192,1547,75,1.8852365043019715e-06,0.00020682301276528828
8192,1548,68,1.7092810972337875e-06,0.0002049377762609863
8192,1549,67,1.684144610509761e-06,0.00020322849516375252
8192,1550,69,1.7344175839578136e-06,0.00020154435055324277
8192,1551,69,1.7344175839578136e-06,0.00019980993296928496
8192,1552,70,1.75955407068184e-06,0.00019807551538532714
8192,1553,70,1.75955407068184e-06,0.00019631596131464528
8192,1554,76,1.910372991025998e-06,0.00019455640724396346
8192,1555,64,1.6087351503376824e-06,0.00019264603425293747
8192,1556,79,1.9857824511980766e-06,0.00019103729910259978
8192,1557,74,1.8601000175779451e-06,0.0001890515166514017
8192,1558,72,1.8098270441298926e-06,0.00018719141663382376
8192,1559,96,2.4131027255065234e-06,0.00018538158958969386
8192,1560,78,1.9606459644740502e-06,0.00018296848686418733
8192,1561,60,1.5081892034415773e-06,0.0001810078408997133
8192,1562,67,1.684144610509761e-06,0.00017949965169627172
8192,1563,82,2.0611919113701553e-06,0.00017781550708576195
8192,1564,72,1.8098270441298926e-06,0.0001757543151743918
8192,1565,62,1.5584621768896298e-06,0.0001739444881302619
8192,1566,77,1.935509477750024e-06,0.00017238602595337228
8192,1567,70,1.75955407068184e-06,0.00017045051647562225
8192,1568,72,1.8098270441298926e-06,0.0001686909624049404
8192,1569,65,1.6338716370617085e-06,0.00016688113536081052
8192,1570,63,1.583598663613656e-06,0.0001652472637237488
8192,1571,71,1.7846905574058664e-06,0.00016366366506013515
8192,1572,60,1.5081892034415773e-06,0.00016187897450272928
8192,1573,72,1.8098270441298926e-06,0.0001603707852992877
8192,1574,67,1.684144610509761e-06,0.0001585609582551578
8192,1575,70,1.75955407068184e-06,0.00015687681364464804
8192,1576,63,1.583598663613656e-06,0.00015511725957396622
8192,1577,61,1.5333256901656034e-06,0.00015353366091035256
8192,1578,66,1.659008123785735e-06,0.00015200033522018696
8192,1579,75,1.8852365043019715e-06,0.00015034132709640122
8192,1580,53,1.3322337963733932e-06,0.00014845609059209924
8192,1581,62,1.5584621768896298e-06,0.00014712385679572585
8192,1582,54,1.3573702830974194e-06,0.00014556539461883623
8192,1583,61,1.5333256901656034e-06,0.0001442080243357388
8192,1584,49,1.231687849477288e-06,0.0001426746986455732
8192,1585,61,1.5333256901656034e-06,0.00014144301079609592
8192,1586,59,1.4830527167175509e-06,0.0001399096851059303
8192,1587,64,1.6087351503376824e-06,0.00013842663238921275
8192,1588,65,1.6338716370617085e-06,0.00013681789723887506
8192,1589,63,1.583598663613656e-06,0.00013518402560181337
8192,1590,46,1.1562783893052092e-06,0.0001336004269381997
8192,1591,66,1.659008123785735e-06,0.0001324441485488945
8192,1592,63,1.583598663613656e-06,0.00013078514042510876
8192,1593,55,1.3825067698214458e-06,0.0001292015417614951
8192,1594,56,1.407643256545472e-06,0.00012781903499167367
8192,1595,49,1.231687849477288e-06,0.0001264113917351282
8192,1596,63,1.583598663613656e-06,0.0001251797038856509
8192,1597,74,1.8601000175779451e-06,0.00012359610522203726
8192,1598,69,1.7344175839578136e-06,0.0001217360052044593
8192,1599,60,1.5081892034415773e-06,0.00012000158762050148
8192,1600,51,1.2819608229253407e-06,0.00011849339841705991
8192,1601,49,1.231687849477288e-06,0.00011721143759413457
8192,1602,51,1.2819608229253407e-06,0.00011597974974465729
8192,1603,42,1.055732442409104e-06,0.00011469778892173194
8192,1604,62,1.5584621768896298e-06,0.00011364205647932284
8192,1605,65,1.6338716370617085e-06,0.00011208359430243321
8192,1606,41,1.0305959556850777e-06,0.0001104497226653715
8192,1607,41,1.0305959556850777e-06,0.00010941912670968642
8192,1608,38,9.55186495512999e-07,0.00010838853075400134
8192,1609,58,1.4579162299935245e-06,0.00010743334425848835
8192,1610,47,1.1814148760292355e-06,0.00010597542802849482
8192,1611,54,1.3573702830974194e-06,0.00010479401315246558
8192,1612,60,1.5081892034415773e-06,0.00010343664286936816
8192,1613,55,1.3825067698214458e-06,0.00010192845366592659
8192,1614,48,1.2065513627532617e-06,0.00010054594689610514
8192,1615,42,1.055732442409104e-06,9.933939553335189e-05
8192,1616,50,1.2568243362013143e-06,9.828366309094278e-05
8192,1617,49,1.231687849477288e-06,9.702683875474146e-05
8192,1618,45,1.1311419025811828e-06,9.579515090526418e-05
8192,1619,46,1.1562783893052092e-06,9.4664009002683e-05
8192,1620,53,1.3322337963733932e-06,9.350773061337778e-05
8192,1621,38,9.55186495512999e-07,9.21754968170044e-05
8192,1622,58,1.4579162299935245e-06,9.122031032149139e-05
8192,1623,38,9.55186495512999e-07,8.976239409149786e-05
8192,1624,47,1.1814148760292355e-06,8.880720759598487e-05
8192,1625,48,1.2065513627532617e-06,8.762579271995564e-05
8192,1626,45,1.1311419025811828e-06,8.641924135720237e-05
8192,1627,57,1.4327797432694983e-06,8.528809945462119e-05
8192,1628,54,1.3573702830974194e-06,8.385531971135169e-05
8192,1629,58,1.4579162299935245e-06,8.249794942825427e-05
8192,1630,43,1.0808689291331302e-06,8.104003319826075e-05
8192,1631,48,1.2065513627532617e-06,7.995916426912762e-05
8192,1632,51,1.2819608229253407e-06,7.875261290637436e-05
8192,1633,40,1.0054594689610515e-06,7.747065208344901e-05
8192,1634,42,1.055732442409104e-06,7.646519261448797e-05
8192,1635,41,1.0305959556850777e-06,7.540946017207886e-05
8192,1636,40,1.0054594689610515e-06,7.437886421639379e-05
8192,1637,40,1.0054594689610515e-06,7.337340474743273e-05
8192,1638,45,1.1311419025811828e-06,7.236794527847168e-05
8192,1639,37,9.300500087889726e-07,7.123680337589049e-05
8192,1640,31,7.792310884448149e-07,7.030675336710152e-05
8192,1641,38,9.55186495512999e-07,6.952752227865671e-05
8192,1642,39,9.803229822370251e-07,6.857233578314372e-05
8192,1643,38,9.55186495512999e-07,6.759201280090668e-05
8192,1644,46,1.1562783893052092e-06,6.663682630539369e-05
8192,1645,48,1.2065513627532617e-06,6.548054791608848e-05
8192,1646,44,1.1060054158571566e-06,6.427399655333521e-05
8192,1647,40,1.0054594689610515e-06,6.316799113747805e-05
8192,1648,39,9.803229822370251e-07,6.216253166851701e-05
8192,1649,30,7.540946017207886e-07,6.118220868627998e-05
8192,1650,37,9.300500087889726e-07,6.0428114084559194e-05
8192,1651,32,8.043675751688412e-07,5.949806407577022e-05
8192,1652,40,1.0054594689610515e-06,5.869369650060138e-05
8192,1653,29,7.289581149967622e-07,5.768823703164033e-05
8192,1654,30,7.540946017207886e-07,5.695927891664357e-05
8192,1655,31,7.792310884448149e-07,5.6205184314922775e-05
8192,1656,34,8.546405486168937e-07,5.542595322647796e-05
8192,1657,45,1.1311419025811828e-06,5.4571312677861064e-05
8192,1658,29,7.289581149967622e-07,5.344017077527989e-05
8192,1659,42,1.055732442409104e-06,5.2711212660283125e-05
8192,1660,43,1.0808689291331302e-06,5.165548021787402e-05
8192,1661,42,1.055732442409104e-06,5.0574611288740886e-05
8192,1662,44,1.1060054158571566e-06,4.9518878846331785e-05
8192,1663,44,1.1060054158571566e-06,4.8412873430474624e-05
8192,1664,25,6.284121681006571e-07,4.730686801461747e-05
8192,1665,44,1.1060054158571566e-06,4.6678455846516813e-05
8192,1666,36,9.049135220649463e-07,4.557245043065966e-05
8192,1667,32,8.043675751688412e-07,4.466753690859471e-05
8192,1668,44,1.1060054158571566e-06,4.386316933342587e-05
8192,1669,38,9.55186495512999e-07,4.275716391756871e-05
8192,1670,26,6.535486548246834e-07,4.1801977422055715e-05
8192,1671,31,7.792310884448149e-07,4.114842876723103e-05
8192,1672,37,9.300500087889726e-07,4.0369197678786215e-05
8192,1673,19,4.775932477564995e-07,3.943914766999724e-05
8192,1674,28,7.03821628272736e-07,3.8961554422240744e-05
8192,1675,29,7.289581149967622e-07,3.8257732793968006e-05
8192,1676,44,1.1060054158571566e-06,3.7528774678971244e-05
8192,1677,38,9.55186495512999e-07,3.642276926311409e-05
8192,1678,23,5.781391946526046e-07,3.546758276760109e-05
8192,1679,29,7.289581149967622e-07,3.4889443572948484e-05
8192,1680,36,9.049135220649463e-07,3.416048545795172e-05
8192,1681,31,7.792310884448149e-07,3.325557193588678e-05
8192,1682,21,5.27866221204552e-07,3.2476340847441965e-05
8192,1683,36,9.049135220649463e-07,3.194847462623741e-05
8192,1684,28,7.03821628272736e-07,3.1043561104172464e-05
8192,1685,25,6.284121681006571e-07,3.0339739475899726e-05
8192,1686,26,6.535486548246834e-07,2.971132730779907e-05
8192,1687,30,7.540946017207886e-07,2.9057778652974387e-05
8192,1688,19,4.775932477564995e-07,2.83036840512536e-05
8192,1689,18,4.5245676103247314e-07,2.7826090803497097e-05
8192,1690,20,5.027297344805258e-07,2.7373634042464626e-05
8192,1691,27,6.786851415487097e-07,2.6870904307984098e-05
8192,1692,25,6.284121681006571e-07,2.619221916643539e-05
8192,1693,22,5.530027079285783e-07,2.5563806998334733e-05
8192,1694,25,6.284121681006571e-07,2.5010804290406156e-05
8192,1695,32,8.043675751688412e-07,2.4382392122305497e-05
8192,1696,17,4.2732027430844687e-07,2.3578024547136656e-05
8192,1697,18,4.5245676103247314e-07,2.315070427282821e-05
8192,1698,21,5.27866221204552e-07,2.2698247511795736e-05
8192,1699,18,4.5245676103247314e-07,2.2170381290591185e-05
8192,1700,24,6.032756813766309e-07,2.171792452955871e-05
8192,1701,21,5.27866221204552e-07,2.111464884818208e-05
8192,1702,15,3.770473008603943e-07,2.058678262697753e-05
8192,1703,22,5.530027079285783e-07,2.0209735326117134e-05
8192,1704,19,4.775932477564995e-07,1.9656732618188557e-05
8192,1705,14,3.51910814136368e-07,1.9179139370432056e-05
8192,1706,14,3.51910814136368e-07,1.882722855629569e-05
8192,1707,24,6.032756813766309e-07,1.847531774215932e-05
8192,1708,17,4.2732027430844687e-07,1.787204206078269e-05
8192,1709,21,5.27866221204552e-07,1.7444721786474242e-05
8192,1710,16,4.021837875844206e-07,1.691685556526969e-05
8192,1711,13,3.267743274123417e-07,1.651467177768527e-05
8192,1712,12,3.0163784068831543e-07,1.618789745027293e-05
8192,1713,18,4.5245676103247314e-07,1.5886259609584613e-05
8192,1714,19,4.775932477564995e-07,1.5433802848552138e-05
8192,1715,18,4.5245676103247314e-07,1.495620960079564e-05
8192,1716,18,4.5245676103247314e-07,1.4503752839763167e-05
8192,1717,9,2.2622838051623657e-07,1.4051296078730694e-05
8192,1718,18,4.5245676103247314e-07,1.3825067698214458e-05
8192,1719,15,3.770473008603943e-07,1.3372610937181985e-05
8192,1720,9,2.2622838051623657e-07,1.2995563636321589e-05
8192,1721,13,3.267743274123417e-07,1.2769335255805353e-05
8192,1722,15,3.770473008603943e-07,1.2442560928393012e-05
8192,1723,15,3.770473008603943e-07,1.2065513627532618e-05
8192,1724,16,4.021837875844206e-07,1.1688466326672222e-05
8192,1725,13,3.267743274123417e-07,1.1286282539087802e-05
8192,1726,10,2.513648672402629e-07,1.095950821167546e-05
8192,1727,10,2.513648672402629e-07,1.0708143344435198e-05
8192,1728,16,4.021837875844206e-07,1.0456778477194935e-05
8192,1729,13,3.267743274123417e-07,1.0054594689610514e-05
8192,1730,13,3.267743274123417e-07,9.727820362198173e-06
8192,1731,10,2.513648672402629e-07,9.401046034785832e-06
8192,1732,11,2.7650135396428915e-07,9.149681167545568e-06
8192,1733,9,2.2622838051623657e-07,8.87317981358128e-06
8192,1734,12,3.0163784068831543e-07,8.646951433065042e-06
8192,1735,4,1.0054594689610515e-07,8.345313592376727e-06
8192,1736,10,2.513648672402629e-07,8.244767645480621e-06
8192,1737,11,2.7650135396428915e-07,7.99340277824036e-06
8192,1738,15,3.770473008603943e-07,7.716901424276069e-06
8192,1739,7,1.75955407068184e-07,7.339854123415676e-06
8192,1740,15,3.770473008603943e-07,7.163898716347491e-06
8192,1741,11,2.7650135396428915e-07,6.786851415487097e-06
8192,1742,8,2.010918937922103e-07,6.510350061522808e-06
8192,1743,3,7.540946017207886e-08,6.3092581677305975e-06
8192,1744,5,1.2568243362013144e-07,6.233848707558519e-06
8192,1745,10,2.513648672402629e-07,6.108166273938387e-06
8192,1746,6,1.5081892034415771e-07,5.856801406698124e-06
8192,1747,4,1.0054594689610515e-07,5.705982486353967e-06
8192,1748,5,1.2568243362013144e-07,5.605436539457861e-06
8192,1749,5,1.2568243362013144e-07,5.47975410583773e-06
8192,1750,12,3.0163784068831543e-07,5.354071672217599e-06
8192,1751,6,1.5081892034415771e-07,5.0524338315292835e-06
8192,1752,4,1.0054594689610515e-07,4.901614911185126e-06
8192,1753,11,2.7650135396428915e-07,4.8010689642890205e-06
8192,1754,9,2.2622838051623657e-07,4.524567610324731e-06
8192,1755,6,1.5081892034415771e-07,4.2983392298084945e-06
8192,1756,8,2.010918937922103e-07,4.147520309464337e-06
8192,1757,4,1.0054594689610515e-07,3.946428415672127e-06
8192,1758,8,2.010918937922103e-07,3.845882468776022e-06
8192,1759,5,1.2568243362013144e-07,3.6447905749838115e-06
8192,1760,7,1.75955407068184e-07,3.51910814136368e-06
8192,1761,5,1.2568243362013144e-07,3.3431527342954962e-06
8192,1762,4,1.0054594689610515e-07,3.2174703006753647e-06
8192,1763,7,1.75955407068184e-07,3.1169243537792596e-06
8192,1764,5,1.2568243362013144e-07,2.9409689467110754e-06
8192,1765,3,7.540946017207886e-08,2.815286513090944e-06
8192,1766,5,1.2568243362013144e-07,2.739877052918865e-06
8192,1767,3,7.540946017207886e-08,2.6141946192987337e-06
8192,1768,4,1.0054594689610515e-07,2.538785159126655e-06
8192,1769,5,1.2568243362013144e-07,2.43823921223055e-06
8192,1770,6,1.5081892034415771e-07,2.3125567786104183e-06
8192,1771,2,5.0272973448052574e-08,2.1617378582662605e-06
8192,1772,1,2.5136486724026287e-08,2.111464884818208e-06
8192,1773,7,1.75955407068184e-07,2.0863283980941817e-06
8192,1774,1,2.5136486724026287e-08,1.910372991025998e-06
8192,1775,1,2.5136486724026287e-08,1.8852365043019715e-06
8192,1776,5,1.2568243362013144e-07,1.8601000175779451e-06
8192,1777,4,1.0054594689610515e-07,1.7344175839578136e-06
8192,1778,1,2.5136486724026287e-08,1.6338716370617085e-06
8192,1780,4,1.0054594689610515e-07,1.6087351503376824e-06
8192,1781,1,2.5136486724026287e-08,1.5081892034415773e-06
8192,1782,2,5.0272973448052574e-08,1.4830527167175509e-06
8192,1783,3,7.540946017207886e-08,1.4327797432694983e-06
8192,1784,5,1.2568243362013144e-07,1.3573702830974194e-06
8192,1785,5,1.2568243362013144e-07,1.231687849477288e-06
8192,1786,2,5.0272973448052574e-08,1.1060054158571566e-06
8192,1787,5,1.2568243362013144e-07,1.055732442409104e-06
8192,1789,1,2.5136486724026287e-08,9.300500087889726e-07
8192,1790,2,5.0272973448052574e-08,9.049135220649463e-07
8192,1791,3,7.540946017207886e-08,8.546405486168937e-07
8192,1792,4,1.0054594689610515e-07,7.792310884448149e-07
8192,1793,1,2.5136486724026287e-08,6.786851415487097e-07
8192,1794,2,5.0272973448052574e-08,6.535486548246834e-07
8192,1795,1,2.5136486724026287e-08,6.032756813766309e-07
8192,1796,1,2.5136486724026287e-08,5.781391946526046e-07
8192,1799,3,7.540946017207886e-08,5.530027079285783e-07
8192,1800,1,2.5136486724026287e-08,4.775932477564995e-07
8192,1801,2,5.0272973448052574e-08,4.5245676103247314e-07
8192,1802,1,2.5136486724026287e-08,4.021837875844206e-07
8192,1807,1,2.5136486724026287e-08,3.770473008603943e-07
8192,1808,1,2.5136486724026287e-08,3.51910814136368e-07
8192,1812,1,2.5136486724026287e-08,3.267743274123417e-07
8192,1815,1,2.5136486724026287e-08,3.0163784068831543e-07
8192,1817,1,2.5136486724026287e-08,2.7650135396428915e-07
8192,1818,3,7.540946017207886e-08,2.513648672402629e-07
8192,1819,1,2.5136486724026287e-08,1.75955407068184e-07
8192,1821,1,2.5136486724026287e-08,1.5081892034415771e-07
8192,1836,1,2.5136486724026287e-08,1.2568243362013144e-07
8192,1844,1,2.5136486724026287e-08,1.0054594689610515e-07
8192,1850,1,2.5136486724026287e-08,7.540946017207886e-08
8192,1863,1,2.5136486724026287e-08,5.0272973448052574e-08
8192,1871,1,2.5136486724026287e-08,2.5136486724026287e-08
