f,num_active_particles,num_deleted_particles,total_deleted_rods,avalanche_sizes
0,231169,0,0,"0"
124.46711009669252,231168,1,1,"1"
146.59579674646866,231167,2,1,"1"
296.21673197339032,231164,5,1,"1"
363.19895657593395,231146,23,1,"1"
421.19225274921149,231145,24,1,"1"
463.17463488140032,231144,25,1,"1"
484.62650364838015,231143,26,1,"1"
508.65229798647476,231142,27,1,"1"
521.9974544834688,231124,45,1,"1"
536.22346942987338,231123,46,1,"1"
540.82510067145176,231122,47,1,"1"
548.3335237045776,231112,57,1,"1"
559.91604539005027,231103,66,1,"1"
582.90067110903249,231102,67,1,"1"
592.96939910154549,231084,85,1,"1"
594.55480185280533,231083,86,1,"1"
625.79798670839421,231081,88,2,"2"
634.60964686021919,231074,95,1,"1"
664.981208530034,231069,100,1,"1"
682.29604198777656,231068,101,1,"1"
699.39080190449465,231067,102,1,"1"
762.02850436534266,231065,104,2,"2"
765.00829500228087,231047,122,1,"1"
788.8835994026648,231038,131,1,"1"
841.50510456573909,231037,132,1,"1"
842.35534727658103,231036,133,1,"1"
848.33057028282258,231026,143,1,"1"
855.3263250008298,231025,144,1,"1"
870.41458583355916,231024,145,1,"1"
874.16747015485203,231020,149,2,"2"
881.43313487892181,231007,162,1,"1"
889.52382570290388,231006,163,1,"1"
895.56940111155416,230996,173,2,"2"
903.14714063741985,230995,174,1,"1"
905.91370733922338,230994,175,1,"1"
936.05055832219068,230993,176,1,"1"
937.61355396491888,230991,178,2,"2"
969.9296101993948,230980,189,3,"3"
1001.8066205344197,230979,190,1,"1"
1004.4100423043236,230978,191,1,"1"
1026.0382863315579,230968,201,1,"1"
1034.3806162937265,230967,202,1,"1"
1038.4645149585072,230966,203,1,"1"
1071.8448184961194,230961,208,1,"1"
1105.5409525570608,230959,210,2,"2"
1115.7931535648434,230957,212,2,"1-1"
1118.312110397776,230939,230,1,"1"
1132.0432705604846,230938,231,1,"1"
1147.4536948311497,230937,232,1,"1"
1180.890208323905,230935,234,2,"2"
1203.3362583078692,230934,235,1,"1"
1212.0203697852892,230916,253,1,"1"
1215.6025930022656,230914,255,2,"2"
1244.8467064755525,230912,257,2,"1-1"
1269.4548774045591,230898,271,1,"1"
1281.3746478427747,230897,272,1,"1"
1294.6588549112182,230896,273,1,"1"
1299.2354520479703,230895,274,1,"1"
1307.7399090141266,230891,278,2,"1-1"
1316.8207810122308,230890,279,1,"1"
1321.6329359221427,230880,289,1,"1"
1322.4244179866698,230877,292,1,"1"
1325.5089241366145,230875,294,2,"2"
1371.5484446291009,230870,299,1,"1"
1372.268990961938,230866,303,4,"4"
1383.9293794958387,230865,304,1,"1"
1396.795534790152,230864,305,1,"1"
1401.1923257372148,230863,306,1,"1"
1460.3235243825375,230862,307,1,"1"
1474.8989038562465,230844,325,1,"1"
1475.4604064332364,230839,330,1,"1"
1493.3413138267963,230836,333,3,"3"
1498.9752911972826,230835,334,1,"1"
1565.1386506385268,230834,335,1,"1"
1574.0255366966544,230833,336,1,"1"
1578.0917466079204,230832,337,1,"1"
1596.687337099537,230814,355,1,"1"
1604.3013832083086,230813,356,1,"1"
1609.0388016981069,230812,357,1,"1"
1624.2023608276006,230807,362,3,"1-1-1"
1631.5425923602111,230789,380,1,"1"
1643.6166842793302,230787,382,2,"2"
1655.6860437107657,230786,383,1,"1"
1657.7661012857147,230785,384,1,"1"
1660.3624803080652,230767,402,1,"1"
1665.4618650988641,230764,405,3,"3"
1667.0002842262991,230759,410,1,"1"
1669.3271901463525,230757,412,2,"1-1"
1688.302064762496,230746,423,5,"3-2"
1694.9262955097363,230733,436,1,"1"
1696.5811152836729,230732,437,1,"1"
1696.9917382988999,230722,447,1,"1"
1700.1016078192042,230712,457,1,"1"
1703.7956954276374,230711,458,1,"1"
1709.8794816821548,230710,459,1,"1"
1711.0764824158052,230709,460,1,"1"
1729.6572547275161,230708,461,1,"1"
1743.7989225972096,230706,463,2,"2"
1762.3027476090581,230705,464,1,"1"
1762.9439389673541,230704,465,1,"1"
1765.5518465343682,230701,468,1,"1"
1783.5796259708254,230683,486,1,"1"
1785.1673337107836,230682,487,1,"1"
1788.8659120159969,230681,488,1,"1"
1797.9493758709855,230679,490,2,"2"
1806.2992968596088,230678,491,1,"1"
1816.1828288970555,230677,492,1,"1"
1819.4007670861401,230676,493,1,"1"
1826.642451180604,230673,496,3,"3"
1829.1792521388315,230672,497,1,"1"
1864.3600340697701,230646,523,2,"2"
1864.7215577524858,230641,528,1,"1"
1871.8952609165547,230640,529,1,"1"
1891.7210691905013,230639,530,1,"1"
1897.0624897748664,230621,548,1,"1"
1899.6018539884824,230620,549,1,"1"
1929.8751323587458,230619,550,1,"1"
1940.4315802388642,230600,569,15,"6-5-2-1-1"
1951.6949421603717,230599,570,1,"1"
1953.5083734930706,230581,588,1,"1"
1955.6691290221081,230580,589,1,"1"
1971.6304762007767,230579,590,1,"1"
1972.0310467772772,230578,591,1,"1"
1973.2106076255179,230560,609,1,"1"
1973.3794066190897,230559,610,1,"1"
1973.6907083781457,230552,617,3,"2-1"
1979.1231470313805,230551,618,1,"1"
1995.6913386812851,230548,621,3,"3"
2003.3688355670135,230546,623,2,"2"
2023.5266845641072,230545,624,1,"1"
2032.8829753148011,230544,625,1,"1"
2034.3250564275629,230542,627,2,"2"
2036.4273633306811,230541,628,1,"1"
2037.0240412003643,230540,629,1,"1"
2040.9215111968508,230539,630,1,"1"
2052.9609570326265,230538,631,1,"1"
2079.2782282445596,230528,641,1,"1"
2115.6679431426483,230527,642,1,"1"
2119.0284291045527,230522,647,1,"1"
2165.6675226321831,230517,652,1,"1"
2200.3437856038354,230516,653,1,"1"
2202.0179822347168,230498,671,1,"1"
2216.1372847671132,230480,689,1,"1"
2217.0941791342984,230479,690,1,"1"
2244.1569994541665,230478,691,1,"1"
2262.5766569579541,230460,709,1,"1"
2269.1748815317078,230442,727,1,"1"
2269.7140016846224,230436,733,2,"2"
2283.5642922044185,230435,734,1,"1"
2302.2148836473798,230434,735,1,"1"
2316.2062131551506,230433,736,1,"1"
2320.3454288445487,230431,738,2,"2"
2334.5201870453366,230430,739,1,"1"
2343.7084086951604,230428,741,2,"2"
2349.0681620300134,230427,742,1,"1"
2360.744836694726,230424,745,3,"2-1"
2385.1056974823177,230406,763,1,"1"
2398.3968200565218,230405,764,1,"1"
2407.2578490538936,230387,782,1,"1"
2413.1739359012518,230377,792,1,"1"
2428.1408544484966,230359,810,1,"1"
2453.5310118359216,230349,820,1,"1"
2473.1999862409293,230348,821,1,"1"
2563.7890914764216,230346,823,2,"1-1"
2567.8862353806389,230345,824,1,"1"
2569.1944636147291,230327,842,1,"1"
2578.6607040358649,230326,843,1,"1"
2579.2620568829261,230325,844,1,"1"
2580.5678592797353,230315,854,1,"1"
2588.123212185475,230297,872,1,"1"
2608.0682706280809,230296,873,1,"1"
2608.929548890801,230278,891,1,"1"
2610.5161705426267,230277,892,1,"1"
2650.5051251313021,230271,898,2,"2"
2650.7847172870111,230266,903,1,"1"
2658.4900625940732,230253,916,1,"1"
2685.581399520679,230252,917,1,"1"
2727.9144802850938,230249,920,1,"1"
2742.6205789763162,230248,921,1,"1"
2806.0366368501068,230236,933,1,"1"
2827.8277475039004,230235,934,1,"1"
2840.3908505801633,230228,941,1,"1"
2855.5953428270291,230210,959,1,"1"
2856.0239121294057,230209,960,1,"1"
2865.0334286507127,230208,961,1,"1"
2865.1942596162698,230190,979,1,"1"
2903.957932540186,230185,984,1,"1"
2925.2116609235877,230184,985,1,"1"
2944.6642589308622,230181,988,1,"1"
2951.4061692212722,230171,998,2,"2"
2997.8724414457611,230153,1016,1,"1"
3024.9421882699071,230150,1019,1,"1"
3030.2525260303414,230140,1029,2,"2"
3070.9943326244384,230122,1047,1,"1"
3119.7489898865379,230117,1052,1,"1"
3121.1787492906337,230099,1070,1,"1"
3122.7569056820075,230081,1088,1,"1"
3132.3742703012376,230080,1089,1,"1"
3150.2594153481982,230062,1107,1,"1"
3184.8741600032236,230044,1125,1,"1"
3226.3234073135932,230035,1134,1,"1"
3241.0085329054441,230034,1135,1,"1"
3259.3947515761738,230033,1136,1,"1"
3306.2483385482201,230015,1154,1,"1"
3345.9727964720478,230006,1163,3,"3"
3346.6581796675869,229988,1181,1,"1"
3346.9285560450476,229970,1199,1,"1"
3400.982614245378,229952,1217,1,"1"
3417.0930434902784,229947,1222,1,"1"
3427.6286818750668,229946,1223,1,"1"
3447.9911108634064,229943,1226,1,"1"
3451.609582867366,229932,1237,1,"1"
3486.4716968573598,229922,1247,2,"1-1"
3501.390864940036,229904,1265,1,"1"
3551.5123965416533,229886,1283,1,"1"
3572.7221712041978,229885,1284,1,"1"
3591.6203580723518,229876,1293,1,"1"
3594.1241705595812,229865,1304,3,"1-1-1"
3602.5576262959466,229860,1309,1,"1"
3624.8997855430084,229855,1314,1,"1"
3628.7060030354396,229842,1327,1,"1"
3636.8017446063245,229832,1337,1,"1"
3640.2349661702056,229831,1338,1,"1"
3694.8794851002176,229825,1344,2,"2"
3712.4914308721195,229790,1379,2,"2"
3748.244230367322,229785,1384,1,"1"
3753.8106754617042,229767,1402,1,"1"
3758.3723045772131,229749,1420,1,"1"
3786.8062749224619,229731,1438,1,"1"
3788.6182970008899,229708,1461,5,"5"
3791.5401914022987,229690,1479,1,"1"
3812.8114081727113,229680,1489,1,"1"
3822.317290528571,229675,1494,1,"1"
3855.5151348143213,229662,1507,3,"1-1-1"
3859.17851581285,229644,1525,1,"1"
3887.8319095736206,229641,1528,1,"1"
3900.5332866397075,229638,1531,1,"1"
3901.9214609550118,229620,1549,1,"1"
3909.3341573241191,229604,1565,2,"2"
3917.3555286976848,229586,1583,1,"1"
3933.285807519394,229568,1601,1,"1"
3944.8149505844503,229550,1619,1,"1"
3978.3701928720716,229547,1622,1,"1"
4000.2389531188146,229515,1654,2,"2"
4015.8780565072993,229497,1672,1,"1"
4047.0622582613582,229479,1690,1,"1"
4048.1027942351579,229461,1708,1,"1"
4064.7365757227221,229447,1722,1,"1"
4090.1939644778054,229429,1740,1,"1"
4091.3941075533248,229411,1758,1,"1"
4100.2431679634683,229406,1763,1,"1"
4110.0642794765999,229396,1773,1,"1"
4111.2075033785268,229378,1791,1,"1"
4111.8169839454622,229360,1809,1,"1"
4124.3976109787181,229346,1823,1,"1"
4152.2853972958255,229328,1841,1,"1"
4173.8636399745164,229325,1844,1,"1"
4178.866576800373,229313,1856,1,"1"
4194.0899448579148,229295,1874,1,"1"
4216.290380577454,229277,1892,1,"1"
4227.4161210552847,229272,1897,1,"1"
4231.117765811282,229254,1915,1,"1"
4253.3353280520223,229236,1933,1,"1"
4254.9288087881923,229224,1945,1,"1"
4275.0305477204838,229211,1958,3,"3"
4275.6898161204799,229208,1961,1,"1"
4284.3038393662218,229190,1979,1,"1"
4310.8174971070839,229180,1989,1,"1"
4327.7504749477775,229162,2007,1,"1"
4330.7126401377745,229144,2025,1,"1"
4333.75457743677,229141,2028,1,"1"
4339.3354976257124,229136,2033,1,"1"
4360.875866246327,229126,2043,2,"2"
4365.4425165560742,229108,2061,1,"1"
4370.9240298478271,229094,2075,1,"1"
4378.3923987319267,229076,2093,1,"1"
4382.747341754226,229058,2111,1,"1"
4384.0048883865138,229040,2129,1,"1"
4429.3468782324671,229037,2132,1,"1"
4441.5548712965792,229019,2150,1,"1"
4453.534638260855,229001,2168,1,"1"
4455.9512866793784,228983,2186,1,"1"
4459.7011726184537,228978,2191,1,"1"
4467.3768882514005,228960,2209,1,"1"
4476.8481458250972,228942,2227,1,"1"
4500.8202781201071,228936,2233,2,"2"
4511.7714538359287,228918,2251,1,"1"
4542.7548311124274,228909,2260,1,"1"
4553.5780336167927,228891,2278,1,"1"
4582.6664551058648,228886,2283,1,"1"
4587.8188119679107,228868,2301,1,"1"
4592.088260151213,228863,2306,1,"1"
4621.5563912761127,228845,2324,1,"1"
4623.5957435731916,228840,2329,1,"1"
4670.3500109917886,228822,2347,1,"1"
4675.0602278681608,228819,2350,1,"1"
4698.5535327507296,228801,2368,1,"1"
4724.0494495270068,228783,2386,1,"1"
4732.6958275968564,228777,2392,2,"2"
4776.4981822535283,228762,2407,3,"3"
4798.5120465594337,228747,2422,3,"3"
4805.2975110831039,228729,2440,1,"1"
4820.2384063105092,228726,2443,1,"1"
4822.0863942195947,228713,2456,1,"1"
4854.5343749967524,228710,2459,1,"1"
4889.2680510207665,228692,2477,1,"1"
4890.7317243842681,228687,2482,1,"1"
4901.4340447877667,228669,2500,1,"1"
4913.6141280791935,228661,2508,2,"1-1"
4923.5128161985522,228643,2526,1,"1"
4936.7927076680244,228638,2531,1,"1"
4946.2635218183759,228633,2536,1,"1"
4955.6257767924362,228615,2554,1,"1"
4972.747473795469,228574,2595,7,"5-2"
4974.2614292797734,228543,2626,5,"1-1-1-1-1"
4983.7794559395461,228525,2644,1,"1"
5003.8283271596592,228506,2663,3,"3"
5007.4864789648936,228500,2669,2,"1-1"
5058.855495452658,228466,2703,8,"5-2-1"
5067.7295994917149,228448,2721,1,"1"
5069.524977917772,228442,2727,2,"2"
5085.3129066888923,228424,2745,1,"1"
5112.0492236530508,228406,2763,1,"1"
5130.5942894137361,228394,2775,1,"1"
5137.8430145491257,228389,2780,1,"1"
5171.0505854839757,228379,2790,1,"1"
5184.3714972369944,228356,2813,5,"1-1-1-1-1"
5195.7235977208593,228338,2831,1,"1"
5249.1531457470146,228320,2849,1,"1"
5281.7866713818548,228306,2863,1,"1"
5282.8014871267605,228288,2881,1,"1"
5298.7594110380151,228274,2895,1,"1"
5299.2728371867133,228269,2900,1,"1"
5320.5764697324039,228251,2918,1,"1"
5326.0454865424526,228244,2925,1,"1"
5340.8329829207942,228226,2943,1,"1"
5348.9219609249185,228196,2973,6,"4-2"
5362.0652534163091,228186,2983,1,"1"
5368.4688998145539,228169,3000,3,"2-1"
5368.5024582826127,228166,3003,1,"1"
5430.3045658069086,228148,3021,1,"1"
5430.8331859825139,228138,3031,2,"2"
5462.9775038214048,228120,3049,1,"1"
5477.9241084363221,228096,3073,4,"2-1-1"
5516.288958875085,228078,3091,1,"1"
5518.2481799154548,228061,3108,3,"3"
5526.7835035460976,228025,3144,2,"2"
5533.3863713174705,228007,3162,1,"1"
5542.2420773407721,227989,3180,1,"1"
5564.0026974039602,227961,3208,2,"2"
5580.0979383825688,227950,3219,1,"1"
5595.8559514992394,227932,3237,1,"1"
5601.580368495539,227916,3253,2,"1-1"
5618.8207921516278,227898,3271,1,"1"
5627.6492701775815,227888,3281,2,"2"
5649.8573166715551,227870,3299,1,"1"
5664.1317323676149,227860,3309,2,"2"
5677.3835170244865,227855,3314,1,"1"
5680.2144383900595,227837,3332,1,"1"
5687.7335969522001,227819,3350,1,"1"
5700.1617091907892,227801,3368,1,"1"
5712.3042461054201,227796,3373,1,"1"
5718.7004106825198,227791,3378,1,"1"
5721.2614187244217,227773,3396,1,"1"
5732.8098374874962,227755,3414,1,"1"
5734.8552269460843,227737,3432,1,"1"
5740.6714425031478,227719,3450,1,"1"
5742.7763447801071,227709,3460,1,"1"
5764.1426836458586,227691,3478,1,"1"
5778.0652349256061,227673,3496,1,"1"
5792.3116833644972,227657,3512,1,"1"
5793.6012227513866,227639,3530,1,"1"
5793.6197018866096,227636,3533,1,"1"
5799.3266522084759,227620,3549,1,"1"
5813.7462994650386,227602,3567,1,"1"
5840.9682677861902,227584,3585,1,"1"
5853.1192016470777,227568,3601,1,"1"
5856.1423073842052,227550,3619,1,"1"
5870.7997107190258,227540,3629,1,"1"
5875.9185613475283,227524,3645,1,"1"
5877.7455154207601,227506,3663,1,"1"
5882.1413598573827,227488,3681,1,"1"
5921.4571228216473,227478,3691,1,"1"
5925.9490341140336,227460,3709,1,"1"
5958.5638826190643,227442,3727,1,"1"
5962.5506867103586,227432,3737,1,"1"
5971.8707355586157,227414,3755,1,"1"
5979.7901828807862,227411,3758,1,"1"
5984.2328783656012,227402,3767,1,"1"
5984.7131456902944,227390,3779,1,"1"
5984.7311081296721,227373,3796,1,"1"
5995.1093909863548,227355,3814,1,"1"
5999.5601636856527,227337,3832,1,"1"
6009.9202149915891,227319,3850,1,"1"
6021.720876041376,227287,3882,3,"3"
6032.5535985125307,227277,3892,1,"1"
6055.1641768163363,227259,3910,1,"1"
6087.4855857393068,227254,3915,1,"1"
6094.57932940297,227236,3933,1,"1"
6132.2713116376517,227227,3942,1,"1"
6138.6621285744041,227205,3964,2,"2"
6153.1560636057166,227200,3969,1,"1"
6160.8074096689761,227160,4009,8,"3-2-1-1-1"
6173.1646131098187,227142,4027,1,"1"
6194.4008836228968,227132,4037,2,"2"
6195.780052994025,227114,4055,1,"1"
6232.0550072261831,227102,4067,1,"1"
6242.9896442219133,227084,4085,1,"1"
6268.5850600483136,227074,4095,1,"1"
6272.5182663623073,227056,4113,1,"1"
6277.7895086673343,227038,4131,1,"1"
6279.8443053412557,227012,4157,2,"2"
6291.9614081371965,227003,4166,1,"1"
6293.15818345975,226985,4184,1,"1"
6314.7736764433785,226958,4211,3,"3"
6324.3293925020344,226953,4216,1,"1"
6331.7939134540375,226943,4226,1,"1"
6333.9525453987017,226925,4244,1,"1"
6335.0305167030265,226919,4250,2,"2"
6340.662805783988,226914,4255,1,"1"
6366.9896447147003,226896,4273,1,"1"
6369.0333833032309,226886,4283,2,"1-1"
6386.8767047499987,226868,4301,1,"1"
6399.5505688912235,226850,4319,1,"1"
6405.7347365994856,226840,4329,1,"1"
6426.2000848495718,226835,4334,1,"1"
6431.5797091976028,226817,4352,1,"1"
6444.1004748238884,226812,4357,1,"1"
6455.3403442720883,226791,4378,3,"2-1"
6456.6298806847972,226767,4402,2,"1-1"
6464.2749404685655,226749,4420,1,"1"
6476.1293419043623,226729,4440,2,"1-1"
6505.0408600996661,226673,4496,8,"3-2-1-1-1"
6511.7402781708997,226581,4588,8,"2-1-1-1-1-1-1"
6520.5036462711287,226563,4606,1,"1"
6547.070826376128,226524,4645,7,"6-1"
6547.2636390095895,226506,4663,1,"1"
6559.5303631315528,226488,4681,1,"1"
6564.7787469356808,226470,4699,1,"1"
6565.7284631568455,226460,4709,1,"1"
6593.2398250849737,226442,4727,1,"1"
6621.6097140124484,226437,4732,1,"1"
6624.9041099943242,226419,4750,1,"1"
6626.3667133642757,226407,4762,1,"1"
6631.3117955631687,226389,4780,1,"1"
6635.7506774795456,226379,4790,2,"2"
6646.6631995488769,226361,4808,1,"1"
6653.5552313462167,226343,4826,1,"1"
6658.9825796909381,226325,4844,1,"1"
6660.1220174220152,226307,4862,1,"1"
6664.1250636316618,226289,4880,1,"1"
6683.1125839094548,226271,4898,1,"1"
6707.3770924800783,226253,4916,1,"1"
6710.1581694808292,226235,4934,1,"1"
6711.5642203884963,226224,4945,1,"1"
6713.8126345716364,226206,4963,1,"1"
6738.1743740694847,226188,4981,1,"1"
6738.9289928650096,226174,4995,2,"2"
6743.689707548886,226165,5004,1,"1"
6744.2376314696294,226129,5040,2,"2"
6751.5046309817444,226111,5058,1,"1"
6752.1998544460757,226108,5061,1,"1"
6796.3568698401286,226103,5066,1,"1"
6797.6675968461368,226096,5073,1,"1"
6799.5494851228868,226012,5157,10,"3-3-1-1-1-1"
6815.0863440606154,226001,5168,1,"1"
6821.4770570010878,225983,5186,1,"1"
6826.4883503690398,225947,5222,2,"2"
6834.3789764767889,225929,5240,1,"1"
6845.5743462712771,225911,5258,1,"1"
6849.7915185612646,225889,5280,2,"2"
6857.7896381205046,225871,5298,1,"1"
6859.5609687497899,225857,5312,2,"1-1"
6863.6397931747424,225839,5330,1,"1"
6870.5954478436424,225821,5348,1,"1"
6881.039233466111,225807,5362,1,"1"
6898.0830502553845,225789,5380,1,"1"
6901.1111409543337,225771,5398,1,"1"
6902.2082263006178,225753,5416,1,"1"
6927.1788172227334,225727,5442,6,"2-2-2"
6927.7528326167221,225709,5460,1,"1"
6932.8011087745117,225691,5478,1,"1"
6973.3465274587825,225673,5496,1,"1"
7002.5221617775451,225663,5506,1,"1"
7031.2542153662453,225645,5524,1,"1"
7039.8024729903218,225613,5556,4,"2-1-1"
7043.5144630933273,225595,5574,1,"1"
7050.1720808951968,225577,5592,1,"1"
7055.6734300338012,225535,5634,6,"3-3"
7080.792809174276,225517,5652,1,"1"
7087.0665406979024,225512,5657,1,"1"
7088.8632553862717,225496,5673,2,"1-1"
7090.735519697153,225486,5683,1,"1"
7129.5272217938927,225450,5719,2,"1-1"
7135.1227510987756,225441,5728,1,"1"
7136.8407850361491,225423,5746,1,"1"
7141.5940567047892,225405,5764,1,"1"
7173.0227225013477,225387,5782,1,"1"
7208.140971212054,225382,5787,1,"1"
7213.8204825563453,225377,5792,1,"1"
7218.3862619174351,225359,5810,1,"1"
7220.1401534102069,225341,5828,1,"1"
7256.920231514071,225317,5852,2,"2"
7257.3643875534735,225260,5909,5,"5"
7258.1063117160083,225243,5926,1,"1"
7278.0595050455831,225225,5944,1,"1"
7293.0814702813614,225215,5954,1,"1"
7294.0457430657989,225197,5972,1,"1"
7294.0711343464336,225188,5981,1,"1"
7313.4590470227768,225170,5999,1,"1"
7315.1793976396511,225155,6014,3,"3"
7345.5095235437366,225137,6032,1,"1"
7357.66361148536,225101,6068,2,"2"
7399.6077578515915,225083,6086,1,"1"
7411.6231174991135,225065,6104,1,"1"
7425.3452104766338,225047,6122,1,"1"
7438.9379797844995,225029,6140,1,"1"
7440.6954073765874,224993,6176,2,"2"
7466.6463003584413,224937,6232,8,"3-3-1-1"
7470.0912227506578,224927,6242,1,"1"
7478.2203293014045,224913,6256,2,"2"
7480.7425173305319,224895,6274,1,"1"
7490.104339853473,224877,6292,1,"1"
7558.0812465100307,224859,6310,1,"1"
7570.2973594778096,224841,6328,1,"1"
7572.1050642218906,224823,6346,1,"1"
7576.184292904346,224805,6364,1,"1"
7583.3214332732105,224787,6382,1,"1"
7600.0581848431602,224739,6430,6,"3-2-1"
7611.6482427700485,224725,6444,1,"1"
7614.9106524407171,224707,6462,1,"1"
7629.3630425730398,224689,6480,1,"1"
7633.8071755814717,224671,6498,1,"1"
7634.9277609407036,224653,6516,1,"1"
7642.49607376725,224635,6534,2,"2"
7657.7678139439231,224617,6552,1,"1"
7664.9591787713334,224599,6570,1,"1"
7666.5995851508578,224581,6588,1,"1"
7670.3502173526922,224563,6606,1,"1"
7671.14028323195,224545,6624,1,"1"
7692.8706334782319,224527,6642,1,"1"
7707.8378893547906,224509,6660,1,"1"
7716.9929310700854,224504,6665,1,"1"
7723.2205739363508,224486,6683,1,"1"
7730.9276086975233,224476,6693,1,"1"
7731.2918023165039,224458,6711,1,"1"
7745.9740994259937,224422,6747,2,"1-1"
7751.8238687867752,224412,6757,1,"1"
7756.8285203052938,224380,6789,6,"2-1-1-1-1"
7757.9188576326014,224370,6799,2,"2"
7770.5678119617596,224358,6811,1,"1"
7771.6884815624981,224348,6821,1,"1"
7782.804203143869,224330,6839,1,"1"
7797.8851426528317,224312,6857,1,"1"
7800.6881586922509,224294,6875,1,"1"
7807.4035055741779,224276,6893,1,"1"
7810.2156842803279,224256,6913,4,"3-1"
7825.9856698389904,224246,6923,1,"1"
7841.0389807654392,224234,6935,1,"1"
7843.3913494319177,224216,6953,1,"1"
7846.7126181947033,224198,6971,1,"1"
7846.7964986157649,224180,6989,1,"1"
7849.4569039727894,224167,7002,1,"1"
7869.8174363814805,224149,7020,1,"1"
7889.0724312697394,224131,7038,1,"1"
7889.332783527354,224113,7056,1,"1"
7895.785400991118,224104,7065,1,"1"
7902.5388155823794,224086,7083,1,"1"
7907.798057040839,224050,7119,2,"2"
7911.8955759954697,224030,7139,2,"2"
7912.5641961529509,224012,7157,1,"1"
7916.05031675804,223994,7175,1,"1"
7917.0226010444849,223976,7193,1,"1"
7927.5676819696528,223969,7200,1,"1"
7941.4247439268829,223951,7218,1,"1"
7941.9750008175888,223946,7223,1,"1"
7945.4557773125034,223928,7241,1,"1"
7957.0785674980971,223918,7251,1,"1"
7966.1306787042868,223909,7260,1,"1"
7996.8979546246737,223902,7267,1,"1"
7997.7683287185901,223866,7303,2,"2"
7997.9392942100158,223848,7321,1,"1"
8000.7771618843644,223839,7330,1,"1"
8001.3106042346044,223803,7366,2,"2"
8012.4740962585493,223784,7385,3,"3"
8017.4800015942992,223687,7482,13,"5-3-2-2-1"
8038.4221220814024,223669,7500,1,"1"
8038.7044093802633,223651,7518,1,"1"
8041.1455441065291,223640,7529,1,"1"
8042.481059016397,223622,7547,1,"1"
8084.9518527567006,223604,7565,1,"1"
8086.1900466823499,223549,7620,5,"2-1-1-1"
8087.2397505204699,223531,7638,1,"1"
8089.0346403868425,223519,7650,1,"1"
8090.6997430744714,223512,7657,1,"1"
8090.8981511366192,223499,7670,1,"1"
8111.8883650051121,223445,7724,3,"3"
8129.324025210015,223427,7742,1,"1"
8132.2122247088464,223409,7760,1,"1"
8147.7505698714867,223385,7784,2,"2"
8147.9101967392307,223367,7802,1,"1"
8158.2354130764206,223349,7820,1,"1"
8183.7518839929835,223331,7838,1,"1"
8201.1981352631374,223321,7848,1,"1"
8207.0227193984629,223303,7866,1,"1"
8218.6498556931147,223298,7871,1,"1"
8231.2096717013937,223280,7889,1,"1"
8268.8607944686555,223267,7902,1,"1"
8271.9351742017716,223257,7912,1,"1"
8291.4057508641345,223244,7925,1,"1"
8295.9027169679357,223226,7943,1,"1"
8296.1627532140919,223208,7961,1,"1"
8296.5989623496152,223177,7992,3,"2-1"
8302.0736471209038,223159,8010,1,"1"
8302.8670003101324,223123,8046,2,"2"
8303.5798765656436,223105,8064,1,"1"
8312.6676428171777,223087,8082,1,"1"
8314.5618730410588,223069,8100,1,"1"
8315.6977925099363,223059,8110,1,"1"
8326.4426670255325,223049,8120,1,"1"
8341.3162275476698,223031,8138,1,"1"
8363.5365807940725,223013,8156,1,"1"
8364.8265760130271,222997,8172,1,"1"
8372.7725759521945,222987,8182,1,"1"
8377.4504349935505,222969,8200,1,"1"
8391.3357931835435,222951,8218,1,"1"
8397.7449093838077,222933,8236,1,"1"
8398.7820457972302,222919,8250,1,"1"
8406.5339042165324,222901,8268,1,"1"
8415.383739253406,222886,8283,1,"1"
8421.4681877323692,222881,8288,1,"1"
8438.4233058268273,222849,8320,2,"1-1"
8485.2243168765017,222831,8338,1,"1"
8488.1615300876365,222777,8392,3,"2-1"
8504.7380124740139,222741,8428,2,"2"
8511.7770798099828,222700,8469,5,"4-1"
8547.7090712886456,222682,8487,1,"1"
8551.9742902276794,222664,8505,1,"1"
8560.5017396254589,222646,8523,1,"1"
8560.5175365019732,222636,8533,1,"1"
8565.5927975823215,222627,8542,1,"1"
8571.9936644763166,222609,8560,1,"1"
8572.4295998613998,222581,8588,2,"2"
8572.8566529061609,222563,8606,1,"1"
8581.3686548404148,222549,8620,1,"1"
8581.6412106051794,222531,8638,1,"1"
8586.6730890552826,222522,8647,1,"1"
8610.9828599161774,222512,8657,1,"1"
8619.6360547110598,222476,8693,2,"2"
8621.1611080380171,222463,8706,1,"1"
8623.2552036481466,222445,8724,1,"1"
8632.255127796192,222435,8734,1,"1"
8634.143154975789,222417,8752,1,"1"
8642.0265769178386,222399,8770,1,"1"
8647.7772463869642,222361,8808,4,"3-1"
8666.7989874911236,222334,8835,3,"2-1"
8667.0287986837448,222316,8853,1,"1"
8679.9349874466316,222298,8871,1,"1"
8682.8434098553189,222280,8889,1,"1"
8685.4114929311472,222262,8907,1,"1"
8695.8266094474784,222230,8939,2,"1-1"
8696.1584345059964,222202,8967,2,"1-1"
8698.0205199579377,222184,8985,1,"1"
8700.1154163732444,222174,8995,1,"1"
8701.86601913499,222164,9005,1,"1"
8706.0849142346415,222149,9020,3,"3"
8719.4468938656501,222115,9054,2,"2"
8725.0187851348801,222085,9084,4,"4"
8726.4437958279705,222049,9120,2,"1-1"
8730.9931542235881,222031,9138,1,"1"
8732.3657834211026,222011,9158,2,"2"
8749.6980624897842,221993,9176,1,"1"
8753.6785313183464,221975,9194,1,"1"
8758.095092176909,221957,9212,1,"1"
8761.2159200644091,221952,9217,1,"1"
8762.2106768460999,221934,9235,1,"1"
8774.3425585281784,221916,9253,1,"1"
8791.5221140651083,221880,9289,2,"2"
8799.6674626150343,221871,9298,1,"1"
8804.2271244318163,221853,9316,1,"1"
8804.2347400753661,221835,9334,1,"1"
8816.3660765319,221713,9456,10,"3-2-1-1-1-1-1"
8818.1409276154773,221701,9468,2,"1-1"
8834.2982083513743,221665,9504,2,"2"
8835.8830795510057,221641,9528,2,"1-1"
8855.6713635387423,221615,9554,2,"2"
8862.7513653419555,221561,9608,4,"2-1-1"
8895.7267202966468,221543,9626,1,"1"
8900.1846309580724,221467,9702,6,"2-2-2"
8907.2108048656573,221452,9717,1,"1"
8918.2145122416132,221406,9763,4,"3-1"
8918.6350596530137,221388,9781,1,"1"
8933.0549746067536,221368,9801,2,"2"
8934.7934127542248,221331,9838,3,"3"
8937.163889507252,221322,9847,1,"1"
8944.9317275512985,221311,9858,1,"1"
8946.9940399604329,221275,9894,3,"1-1-1"
8966.023656229816,221265,9904,1,"1"
8975.2539557998207,221211,9958,4,"2-1-1"
8998.9385106169138,221196,9973,1,"1"
9008.5402716343924,221178,9991,1,"1"
9022.1486713219092,221169,10000,1,"1"
9058.2134022552054,221156,10013,1,"1"
9059.6005099011472,221138,10031,1,"1"
9064.3350594938256,221124,10045,2,"2"
9073.6347493862104,221106,10063,1,"1"
9077.159419738422,221088,10081,1,"1"
9083.1010399158258,221070,10099,1,"1"
9106.58168478468,221034,10135,2,"2"
9107.0014425060981,221016,10153,1,"1"
9108.4965904697638,220978,10191,3,"3"
9131.830267902149,220960,10209,1,"1"
9138.9400800882868,220947,10222,1,"1"
9146.5958120045452,220929,10240,1,"1"
9147.6851391186592,220865,10304,4,"4"
9161.9468342798482,220847,10322,1,"1"
9167.2253616013495,220829,10340,1,"1"
9178.2615407749199,220811,10358,1,"1"
9179.5323277454409,220775,10394,2,"2"
9180.0636628522552,220757,10412,1,"1"
9190.3972356632094,220739,10430,1,"1"
9203.1717559852877,220709,10460,3,"3"
9203.8753958174657,220656,10513,5,"2-2-1"
9212.341119183031,220638,10531,1,"1"
9223.771073201402,220614,10555,2,"2"
9227.6867732086721,220596,10573,1,"1"
9234.3947868144387,220578,10591,1,"1"
9236.6404420382587,220542,10627,2,"2"
9242.0110885566137,220524,10645,1,"1"
9262.6939020940263,220391,10778,13,"5-5-1-1-1"
9271.0173139416456,220368,10801,3,"2-1"
9273.1529617172764,220348,10821,2,"2"
9281.5496738045076,220330,10839,1,"1"
9282.8628295116705,220312,10857,1,"1"
9313.5212298611714,220294,10875,1,"1"
9314.8288936990775,220284,10885,1,"1"
9331.9174460694321,220266,10903,1,"1"
9345.2222869753859,220172,10997,6,"3-1-1-1"
9354.9347269153241,220154,11015,1,"1"
9362.6972029030094,220136,11033,1,"1"
9374.3384048746884,220118,11051,1,"1"
9377.105540877832,220100,11069,1,"1"
9393.6931653520514,220093,11076,1,"1"
9393.6985908601819,220083,11086,1,"1"
9400.361257893288,220065,11104,1,"1"
9408.9148680122635,220047,11122,1,"1"
9411.5089063644882,219868,11301,19,"7-6-4-2"
9413.5980430331765,219850,11319,1,"1"
9426.3678392584152,219832,11337,1,"1"
9426.4783484442305,219812,11357,2,"2"
9437.8455507327981,219748,11421,4,"2-2"
9443.3972318044525,219730,11439,1,"1"
9465.374096110525,219702,11467,2,"2"
9467.9617212498706,219693,11476,1,"1"
9471.5749261083292,219675,11494,1,"1"
9474.2009950934607,219657,11512,1,"1"
9476.7877172475546,219639,11530,1,"1"
9478.4146516136316,219593,11576,3,"2-1"
9483.3789070760049,219575,11594,1,"1"
9504.1551292814202,219559,11610,2,"1-1"
9515.8496718128481,219503,11666,4,"2-2"
9543.706734939673,219485,11684,1,"1"
9550.9873178347498,219476,11693,1,"1"
9552.9286207747991,219458,11711,1,"1"
9556.6392133163026,219440,11729,1,"1"
9563.3368702855241,219422,11747,1,"1"
9566.1316191208443,219404,11765,1,"1"
9567.455143122459,219386,11783,1,"1"
9578.7053323871878,219368,11801,1,"1"
9580.6087517739161,219332,11837,2,"2"
9587.0773416480388,219314,11855,1,"1"
9597.0121177716392,219296,11873,1,"1"
9610.8784006617225,219278,11891,1,"1"
9612.137579983184,219260,11909,1,"1"
9616.6448005371694,219228,11941,2,"1-1"
9622.533932492066,219219,11950,1,"1"
9627.3070642940529,219201,11968,1,"1"
9628.0815535530255,218969,12200,23,"3-3-2-2-2-2-1-1-1-1-1-1-1-1-1"
9628.1973727554541,218951,12218,1,"1"
9628.5144524000771,218905,12264,3,"3"
9637.8133230938638,218887,12282,1,"1"
9642.1310407577676,218771,12398,10,"5-2-2-1"
9645.4029568746992,218753,12416,1,"1"
9646.638328691477,218737,12432,2,"1-1"
9676.1215583900939,218719,12450,1,"1"
9683.3952502574248,218701,12468,1,"1"
9689.7298542699718,218683,12486,1,"1"
9702.1238691337712,218645,12524,3,"2-1"
9714.2697564584414,218597,12572,4,"3-1"
9717.053485462844,218587,12582,1,"1"
9721.480328391568,218569,12600,1,"1"
9725.35648584927,218551,12618,1,"1"
9743.6781478076336,218533,12636,1,"1"
9745.405477013408,218515,12654,1,"1"
9748.2316351819263,218497,12672,1,"1"
9754.7905868296439,218485,12684,1,"1"
9757.7259317874705,218467,12702,1,"1"
9758.4418633420228,218450,12719,1,"1"
9760.0911884152374,218430,12739,2,"2"
9768.976066657,218412,12757,1,"1"
9775.5290136971034,218376,12793,2,"2"
9783.8584461095616,218358,12811,1,"1"
9787.1881333774327,218342,12827,2,"1-1"
9800.9569750372539,218324,12845,1,"1"
9808.3797305781791,218227,12942,9,"3-2-2-1-1"
9817.0562338184427,218209,12960,1,"1"
9820.5906100428801,218125,13044,7,"5-2"
9824.0669995041517,218112,13057,1,"1"
9838.5271408371627,218094,13075,2,"2"
9843.3928703710262,218076,13093,1,"1"
9849.716367386558,218058,13111,1,"1"
9856.0211253868038,217992,13177,5,"2-2-1"
9865.4141001833996,217974,13195,1,"1"
9865.778491717263,217808,13361,14,"6-4-1-1-1-1"
9870.4833481814076,217790,13379,1,"1"
9870.9838206304958,217781,13388,1,"1"
9878.0435451430076,217763,13406,1,"1"
9878.3208826573536,217657,13512,10,"5-2-2-1"
9897.3394041887168,217639,13530,1,"1"
9900.7155172259536,217603,13566,2,"2"
9902.0598489880485,217567,13602,2,"1-1"
9908.6164682469262,217549,13620,1,"1"
9910.3425081897931,217449,13720,8,"3-2-2-1"
9916.6667233691333,217436,13733,1,"1"
9917.9600659672797,217352,13817,8,"4-3-1"
9918.0593853402806,217334,13835,1,"1"
9921.6385293644507,217242,13927,7,"2-1-1-1-1-1"
9926.4232682007896,217224,13945,1,"1"
9932.8129402955128,217206,13963,1,"1"
9934.0218893703095,217196,13973,1,"1"
9935.0455596522806,217178,13991,1,"1"
9937.2951008248874,217142,14027,2,"1-1"
9946.6162370531783,217124,14045,1,"1"
9958.250128323205,217112,14057,1,"1"
9969.0888000211889,217076,14093,2,"2"
9986.6224616099371,217058,14111,1,"1"
9993.1329311759291,217040,14129,1,"1"
10007.785047914835,217022,14147,1,"1"
10016.685337666899,217004,14165,1,"1"
10037.133952986334,216952,14217,4,"2-2"
10059.628506843113,216934,14235,1,"1"
10063.339877000417,216916,14253,1,"1"
10063.455225633761,216902,14267,1,"1"
10081.395785976747,216884,14285,1,"1"
10084.399016949144,216856,14313,2,"2"
10086.968225756289,216802,14367,3,"3"
10092.0713182448,216713,14456,7,"3-2-1-1"
10095.054123140835,216677,14492,2,"2"
10111.297319492851,216659,14510,1,"1"
10114.235469198944,216623,14546,2,"2"
10136.013419754861,216614,14555,1,"1"
10152.405921573889,216596,14573,1,"1"
10157.347292054192,216534,14635,4,"3-1"
10160.8401107032,216458,14711,6,"2-2-1-1"
10176.709057969487,216422,14747,2,"2"
10195.620404903746,216404,14765,1,"1"
10201.406611457407,216368,14801,2,"2"
10207.792940508836,216350,14819,1,"1"
10207.812198870348,216314,14855,2,"2"
10228.258433914896,216294,14875,2,"2"
10230.068710359457,216276,14893,1,"1"
10236.851433779682,216258,14911,1,"1"
10241.523486404327,215870,15299,25,"5-4-2-2-2-2-1-1-1-1-1-1-1-1"
10250.416380047849,215816,15353,3,"2-1"
10262.324452675603,0,231169,12164,"12164"
----------------------------------------------1
0,231169,0,0,"0"
155.4429053131044,231168,1,1,"1"
251.65318832298328,231167,2,1,"1"
290.11921425135625,231166,3,1,"1"
293.43049582421577,231165,4,1,"1"
352.87798225391617,231164,5,1,"1"
394.67675318774792,231163,6,1,"1"
413.88260692748349,231145,24,1,"1"
414.72314553077678,231144,25,1,"1"
527.06600407620931,231141,28,1,"1"
547.78477447250498,231140,29,1,"1"
572.00863083324759,231139,30,1,"1"
581.36861941590223,231138,31,1,"1"
620.80939312562236,231133,36,1,"1"
621.25671981953656,231132,37,1,"1"
622.53213689299741,231122,47,2,"1-1"
662.51629689995957,231121,48,1,"1"
679.57909982867375,231120,49,1,"1"
685.16235318906229,231119,50,1,"1"
694.52576070727059,231114,55,1,"1"
709.61387068908516,231113,56,1,"1"
710.5927539632678,231112,57,1,"1"
746.70893560154104,231094,75,1,"1"
764.29187219194284,231093,76,1,"1"
786.43380695060375,231082,87,3,"3"
827.469837520645,231081,88,1,"1"
829.78034457192507,231063,106,1,"1"
842.93953836001856,231052,117,3,"3"
880.67042081346983,231034,135,1,"1"
914.32573561053971,231025,144,1,"1"
917.4639478599056,231007,162,1,"1"
933.65316857495611,231005,164,2,"2"
939.85348765868741,231004,165,1,"1"
949.93696812015662,231003,166,1,"1"
968.28621235570597,231002,167,1,"1"
969.19560583120392,231001,168,1,"1"
975.02575505116931,231000,169,1,"1"
977.95358446883517,230994,175,2,"2"
985.4123013226922,230991,178,3,"2-1"
987.29151353453608,230990,179,1,"1"
998.23999925487499,230989,180,1,"1"
1001.6145541636953,230986,183,1,"1"
1004.7839319245305,230985,184,1,"1"
1015.7605997245325,230984,185,1,"1"
1035.5526537802509,230983,186,1,"1"
1036.6219863416925,230965,204,1,"1"
1049.0886013150741,230962,207,1,"1"
1056.3846746828021,230961,208,1,"1"
1060.0567131124187,230960,209,1,"1"
1060.6459157760303,230959,210,1,"1"
1066.7781319206993,230958,211,1,"1"
1067.114012887125,230956,213,2,"2"
1072.3749992027497,230955,214,1,"1"
1079.4274140120956,230937,232,1,"1"
1083.0874886086503,230936,233,1,"1"
1083.3579389269592,230918,251,1,"1"
1093.6546075068961,230916,253,2,"1-1"
1144.3888923708723,230915,254,1,"1"
1145.3731762501093,230910,259,1,"1"
1148.0298757903201,230892,277,1,"1"
1151.7486592038515,230882,287,1,"1"
1197.0655378588287,230880,289,2,"2"
1200.9788703757317,230877,292,1,"1"
1244.0103408486655,230876,293,1,"1"
1252.4541185668297,230875,294,1,"1"
1283.3657570576113,230874,295,1,"1"
1293.0480610282009,230856,313,1,"1"
1294.5001566212816,230851,318,1,"1"
1304.6328331303073,230846,323,1,"1"
1306.5303896054807,230845,324,1,"1"
1309.4797676621599,230844,325,1,"1"
1340.1334057932506,230839,330,1,"1"
1364.0229808834126,230837,332,2,"1-1"
1364.9256816937607,230832,337,5,"3-2"
1366.512382343644,230830,339,2,"2"
1379.9805704378764,230828,341,2,"2"
1395.1619167412302,230827,342,1,"1"
1400.6080171250012,230826,343,1,"1"
1440.5957513412195,230819,350,3,"3"
1448.305815499491,230801,368,1,"1"
1468.7612271094808,230800,369,1,"1"
1483.2566211245032,230799,370,1,"1"
1529.7316371191516,230781,388,1,"1"
1536.3596007651822,230780,389,1,"1"
1542.1779533912154,230779,390,1,"1"
1555.7854758638393,230776,393,3,"2-1"
1569.5658199479124,230758,411,1,"1"
1581.4020488002893,230757,412,1,"1"
1607.8889061538939,230747,422,1,"1"
1608.811383352185,230746,423,1,"1"
1629.8701717145134,230745,424,1,"1"
1647.9145752296874,230743,426,2,"1-1"
1651.8134425886483,230742,427,1,"1"
1655.3048426165533,230740,429,2,"1-1"
1655.7170602234678,230736,433,4,"4"
1657.6077596363295,230735,434,1,"1"
1660.8399876829251,230734,435,1,"1"
1667.3336968358719,230729,440,3,"2-1"
1681.6337993200818,230726,443,3,"3"
1683.7212485739599,230725,444,1,"1"
1692.7813470027668,230724,445,1,"1"
1714.4084448977421,230717,452,3,"2-1"
1739.5535499092537,230712,457,5,"2-2-1"
1745.1856455137104,230710,459,2,"2"
1748.216054203456,230709,460,1,"1"
1766.6976133156629,230703,466,2,"2"
1799.161053603691,230702,467,1,"1"
1834.2553514052076,230696,473,2,"1-1"
1836.7845342800833,230678,491,1,"1"
1840.2359376516863,230677,492,1,"1"
1863.3436244744071,230676,493,1,"1"
1870.8483297101525,230658,511,1,"1"
1883.8949844941535,230657,512,1,"1"
1895.4424000584033,230646,523,3,"2-1"
1902.5526421367783,230644,525,2,"2"
1926.2436929522994,230643,526,1,"1"
1926.8378062966879,230625,544,6,"3-1-1-1"
1940.1943155954998,230620,549,1,"1"
1942.2859435926086,230619,550,1,"1"
1956.5604082644891,230617,552,2,"2"
1967.6747704152551,230616,553,1,"1"
1977.9636227779934,230615,554,1,"1"
1986.0002523643104,230613,556,2,"2"
1995.9765847784438,230612,557,1,"1"
2015.8055284961754,230611,558,1,"1"
2021.8394890231089,230602,567,1,"1"
2029.6656936277898,230601,568,1,"1"
2036.292495439503,230600,569,1,"1"
2040.0842235392311,230598,571,2,"1-1"
2043.1114851400937,230580,589,1,"1"
2043.8824136159246,230562,607,1,"1"
2086.6786705662416,230561,608,1,"1"
2090.9881389000475,230558,611,1,"1"
2119.4555609559607,230555,614,1,"1"
2130.0178435846015,230553,616,2,"2"
2144.5539480560064,230552,617,1,"1"
2144.9099899899561,230549,620,1,"1"
2167.090275353265,230544,625,1,"1"
2188.640092810082,230542,627,2,"2"
2188.660621052265,230537,632,1,"1"
2192.0134770121276,230533,636,4,"3-1"
2215.6268169106738,230532,637,1,"1"
2217.5144838969668,230531,638,1,"1"
2217.7895416647252,230521,648,1,"1"
2225.9411076397082,230503,666,1,"1"
2232.4820038144994,230498,671,1,"1"
2289.9388729797793,230496,673,2,"2"
2296.7523979774974,230495,674,1,"1"
2308.4954662052351,230477,692,1,"1"
2313.3460191231961,230476,693,1,"1"
2369.3954312934338,230458,711,1,"1"
2373.4104976732729,230457,712,1,"1"
2376.8412299976158,230439,730,1,"1"
2401.4193180282614,230421,748,1,"1"
2420.9764388006711,230410,759,3,"2-1"
2431.313566525303,230408,761,2,"2"
2438.2839050247348,230407,762,1,"1"
2451.5389530370767,230404,765,1,"1"
2462.5331432113412,230403,766,1,"1"
2468.5132952996823,230385,784,1,"1"
2481.7490445134999,230367,802,1,"1"
2505.0080784883794,230364,805,3,"3"
2507.5535249006612,230363,806,1,"1"
2552.4014024650187,230345,824,1,"1"
2559.6321557398164,230327,842,1,"1"
2560.2095055001801,230309,860,1,"1"
2578.0820499773172,230304,865,1,"1"
2580.312796411833,230303,866,1,"1"
2594.4424765012054,230293,876,1,"1"
2613.2842208419584,230282,887,7,"7"
2643.7243286726762,230281,888,1,"1"
2661.6045939893543,230280,889,1,"1"
2690.5828688900447,230277,892,1,"1"
2692.5921657884314,230275,894,2,"1-1"
2698.616787131552,230270,899,1,"1"
2795.5917950287549,230269,900,1,"1"
2822.9547939809163,230251,918,1,"1"
2849.54825449705,230250,919,1,"1"
2860.36618750765,230249,920,1,"1"
2860.5823812053477,230231,938,1,"1"
2860.6387487445018,230226,943,1,"1"
2866.5931989838155,230225,944,1,"1"
2891.0586039695149,230222,947,1,"1"
2898.2009412589259,230221,948,1,"1"
2919.5912510884104,230212,957,3,"2-1"
2923.5535222669719,230209,960,1,"1"
2932.8390719484419,230204,965,1,"1"
2950.4294855059061,230201,968,1,"1"
2955.0857108119712,230196,973,1,"1"
2959.5646401935628,230195,974,1,"1"
3061.5109839983647,230192,977,1,"1"
3082.3632908316899,230168,1001,2,"1-1"
3114.085840584306,230162,1007,2,"2"
3124.1085548002457,230144,1025,1,"1"
3126.6877254975939,230126,1043,1,"1"
3158.781590318129,230121,1048,1,"1"
3159.3100021670812,230103,1066,1,"1"
3184.6615030081898,230085,1084,1,"1"
3192.2166389854606,230084,1085,1,"1"
3237.1717302722168,230071,1098,1,"1"
3258.0882983089564,230068,1101,1,"1"
3260.2683630526126,230050,1119,1,"1"
3268.2882255457916,230032,1137,1,"1"
3310.971187626662,230031,1138,1,"1"
3352.3093052551885,230020,1149,1,"1"
3356.57095332674,230010,1159,1,"1"
3361.1634534296682,229992,1177,1,"1"
3378.5984130094612,229987,1182,1,"1"
3385.8843218527086,229980,1189,1,"1"
3424.7557665282689,229962,1207,1,"1"
3445.2209252590392,229944,1225,1,"1"
3445.9235862790865,229916,1253,2,"1-1"
3455.7829598198423,229906,1263,1,"1"
3469.9585021579146,229903,1266,1,"1"
3498.6963944202757,229897,1272,2,"2"
3520.1615512504873,229887,1282,1,"1"
3528.3162078244577,229869,1300,1,"1"
3558.5903779147679,229866,1303,1,"1"
3561.7851893691814,229844,1325,2,"2"
3568.3420623388465,229841,1328,1,"1"
3574.7866373728216,229823,1346,1,"1"
3575.0804572817797,229805,1364,1,"1"
3583.5487975448641,229804,1365,1,"1"
3587.9562295858445,229786,1383,1,"1"
3641.7047550837024,229772,1397,1,"1"
3645.4613702589741,229754,1415,1,"1"
3645.7804259073305,229748,1421,2,"2"
3652.4598955210818,229730,1439,1,"1"
3669.0326317611443,229712,1457,1,"1"
3670.9575215881259,229694,1475,1,"1"
3688.585363545561,229691,1478,1,"1"
3718.8929967739964,229686,1483,1,"1"
3756.2348181139287,229668,1501,1,"1"
3764.500570480162,229663,1506,1,"1"
3788.2097310025647,229653,1516,1,"1"
3813.4171658241708,229646,1523,1,"1"
3823.8427979130488,229628,1541,1,"1"
3834.9793283443182,229616,1553,1,"1"
3840.441732469571,229602,1567,1,"1"
3865.3779982195888,229597,1572,1,"1"
3878.7105282393272,229592,1577,1,"1"
3890.3608550489071,229580,1589,2,"2"
3902.5611071729304,229575,1594,1,"1"
3980.9377110134105,229570,1599,1,"1"
4005.9187137902909,229565,1604,1,"1"
4008.6598664834864,229547,1622,1,"1"
4010.0720255891633,229529,1640,1,"1"
4028.9728148163317,229524,1645,1,"1"
4051.2646339586763,229514,1655,1,"1"
4054.5292629062242,229496,1673,1,"1"
4055.0134877700139,229493,1676,1,"1"
4101.1358539296525,229475,1694,1,"1"
4111.1091104630923,229457,1712,1,"1"
4178.4113813354334,229429,1740,2,"2"
4221.723906974973,229411,1758,1,"1"
4232.1022341213329,229406,1763,1,"1"
4244.146827476543,229401,1768,1,"1"
4260.9744407324788,229383,1786,1,"1"
4270.1389365994974,229365,1804,1,"1"
4273.6222761696927,229355,1814,1,"1"
4275.5481577759247,229345,1824,1,"1"
4300.6339234809193,229335,1834,1,"1"
4307.1648408051278,229330,1839,1,"1"
4317.8328084026962,229312,1857,1,"1"
4325.4204447983266,229295,1874,1,"1"
4334.3374812593511,229286,1883,1,"1"
4348.9205955529351,229268,1901,1,"1"
4350.0701896098853,229250,1919,1,"1"
4353.9590501800467,229240,1929,1,"1"
4400.1891194744467,229230,1939,1,"1"
4443.2828498496583,229212,1957,1,"1"
4444.3323620020738,229194,1975,1,"1"
4453.6534022334044,229189,1980,1,"1"
4459.2270882791654,229180,1989,1,"1"
4465.5039492716733,229162,2007,1,"1"
4474.1549433777282,229144,2025,1,"1"
4475.5407684593547,229135,2034,1,"1"
4484.4363891825496,229130,2039,1,"1"
4501.7412678677274,229121,2048,1,"1"
4521.7165055185878,229118,2051,1,"1"
4521.9335326593555,229100,2069,1,"1"
4537.8192234632024,229082,2087,1,"1"
4538.8461897698717,229070,2099,1,"1"
4540.3260536096514,229065,2104,1,"1"
4558.3679241046666,229060,2109,1,"1"
4568.0241421908413,229055,2114,1,"1"
4586.526877994962,229019,2150,2,"2"
4605.4425766126078,229014,2155,1,"1"
4605.978597419883,229004,2165,2,"2"
4628.632647311344,228993,2176,1,"1"
4630.4199639219169,228975,2194,1,"1"
4635.3996535822162,228953,2216,2,"1-1"
4689.4314921911591,228928,2241,5,"3-2"
4692.5162179132294,228925,2244,1,"1"
4699.2126295471189,228907,2262,1,"1"
4703.8305983743321,228897,2272,1,"1"
4706.9833335908806,228887,2282,1,"1"
4716.8276122540155,228869,2300,1,"1"
4736.5794578964351,228848,2321,5,"4-1"
4736.8613356305959,228842,2327,2,"2"
4758.3260875301803,228833,2336,1,"1"
4766.606982689359,228828,2341,1,"1"
4768.9800966650591,228810,2359,1,"1"
4785.6307926577847,228807,2362,1,"1"
4787.7720952966238,228802,2367,1,"1"
4795.6223325349347,228799,2370,1,"1"
4796.1672693442806,228789,2380,2,"1-1"
4819.3977038220355,228771,2398,1,"1"
4824.3063049119874,228753,2416,1,"1"
4825.6212030275383,228728,2441,3,"2-1"
4830.886344105601,228722,2447,2,"2"
4847.2025087658076,228686,2483,2,"1-1"
4849.6912385972691,228683,2486,1,"1"
4859.3358856271743,228669,2500,2,"2"
4876.0633051152809,228651,2518,1,"1"
4897.5336047576529,228633,2536,1,"1"
4905.5685183695796,228630,2539,1,"1"
4913.3672271268179,228612,2557,1,"1"
4934.1992481452189,228609,2560,1,"1"
4938.2127764526495,228595,2574,1,"1"
4985.1780832494514,228577,2592,1,"1"
5000.5844374058161,228559,2610,1,"1"
5007.6738814370055,228549,2620,1,"1"
5015.0333231562472,228531,2638,1,"1"
5023.3142751960149,228513,2656,1,"1"
5030.5355863110517,228508,2661,1,"1"
5042.9174547645807,228490,2679,1,"1"
5047.017403573579,228472,2697,1,"1"
5048.5339267750051,228454,2715,1,"1"
5061.3887058129485,228451,2718,1,"1"
5061.6314094510535,228433,2736,1,"1"
5073.754508592011,228414,2755,3,"3"
5084.1581527177968,228407,2762,1,"1"
5086.8742203365437,228389,2780,1,"1"
5088.4520879448419,228379,2790,1,"1"
5088.7542812771917,228343,2826,2,"1-1"
5100.9286111502161,228325,2844,1,"1"
5105.6721292880711,228315,2854,1,"1"
5129.6561889048762,228299,2870,2,"1-1"
5133.5204662558881,228289,2880,1,"1"
5146.9390409379948,228279,2890,1,"1"
5159.4653489428747,228261,2908,1,"1"
5165.3341025178279,228243,2926,1,"1"
5168.7469306206085,228225,2944,1,"1"
5246.5722550425589,228207,2962,1,"1"
5254.492612605829,228202,2967,1,"1"
5264.7254002111331,228193,2976,1,"1"
5277.6345863769102,228190,2979,1,"1"
5288.5568183124169,228172,2997,1,"1"
5299.4025626009125,228154,3015,1,"1"
5347.1655795484203,228121,3048,7,"3-2-1-1"
5351.9562969947265,228103,3066,1,"1"
5368.9862209673729,228100,3069,1,"1"
5378.5383908450849,228088,3081,1,"1"
5381.0770100445498,228078,3091,1,"1"
5418.1545417403804,228068,3101,2,"2"
5443.5424893747231,228063,3106,1,"1"
5450.5763496057452,228045,3124,1,"1"
5464.2979549216607,228034,3135,1,"1"
5516.1761901536865,228029,3140,1,"1"
5523.9072314535924,228026,3143,1,"1"
5548.127260450794,228012,3157,1,"1"
5560.1919425559881,228009,3160,1,"1"
5564.8192406919734,227991,3178,1,"1"
5573.7194964983992,227982,3187,1,"1"
5584.1369132964155,227968,3201,1,"1"
5607.331777262797,227950,3219,1,"1"
5609.8763766235843,227914,3255,2,"2"
5613.0504507701362,227894,3275,4,"2-2"
5628.7124317581302,227884,3285,1,"1"
5635.7110146000259,227866,3303,1,"1"
5659.594056539082,227848,3321,1,"1"
5661.2328315668674,227834,3335,2,"2"
5667.8816979951334,227816,3353,1,"1"
5680.0574255309139,227798,3371,1,"1"
5682.3050477876068,227793,3376,1,"1"
5684.0491936651279,227788,3381,1,"1"
5714.9776964529938,227770,3399,1,"1"
5731.9670971649575,227760,3409,2,"2"
5732.9994192411259,227755,3414,1,"1"
5757.4781586585214,227737,3432,1,"1"
5780.4554202989884,227719,3450,1,"1"
5787.8758751592077,227701,3468,1,"1"
5804.9202712915467,227683,3486,1,"1"
5807.830001203336,227665,3504,1,"1"
5841.7293201565726,227647,3522,1,"1"
5848.4449929496905,227629,3540,1,"1"
5849.6694385209312,227593,3576,2,"2"
5854.2230658202598,227575,3594,1,"1"
5864.682841661679,227568,3601,1,"1"
5875.9133865455406,227558,3611,2,"2"
5885.0335590933437,227540,3629,1,"1"
5903.8187228159877,227537,3632,1,"1"
5910.7024862180915,227519,3650,1,"1"
5913.7869024699421,227505,3664,2,"2"
5922.1571602766644,227500,3669,1,"1"
5931.2922314389616,227495,3674,1,"1"
5943.3679775202854,227485,3684,1,"1"
5953.5070623479978,227473,3696,2,"1-1"
5968.5520639276756,227455,3714,1,"1"
6005.0758108126129,227435,3734,2,"2"
6023.5833710035458,227419,3750,2,"1-1"
6051.4480046811041,227401,3768,1,"1"
6058.2938105604317,227364,3805,3,"2-1"
6100.4113025759107,227359,3810,1,"1"
6108.0090346198194,227341,3828,1,"1"
6126.2083122692729,227323,3846,1,"1"
6127.2118546009042,227305,3864,1,"1"
6132.9799737076792,227216,3953,15,"4-4-3-2-1-1"
6135.3384625682284,227125,4044,17,"10-1-1-1-1-1-1-1"
6155.5181536633563,227115,4054,1,"1"
6158.6527424609512,227087,4082,2,"2"
6163.3204498968789,227069,4100,1,"1"
6187.0425212795153,227051,4118,1,"1"
6226.1396534479918,227027,4142,2,"2"
6244.7394425515186,227022,4147,1,"1"
6297.3641215954522,227004,4165,1,"1"
6310.2702742226857,226986,4183,1,"1"
6311.8788707155354,226981,4188,1,"1"
6314.1404399794928,226945,4224,2,"1-1"
6344.5138130050182,226927,4242,1,"1"
6345.0884068115365,226922,4247,1,"1"
6362.3282138316044,226904,4265,1,"1"
6367.4491104874542,226886,4283,1,"1"
6369.8021933618184,226868,4301,1,"1"
6392.5288577324991,226850,4319,1,"1"
6420.9655037815146,226832,4337,1,"1"
6439.5483626464238,226827,4342,1,"1"
6443.2187206030103,226815,4354,1,"1"
6451.0915166587856,226810,4359,1,"1"
6472.7368686107675,226766,4403,3,"3"
6475.2457226017059,226748,4421,1,"1"
6476.6851902312555,226737,4432,1,"1"
6478.5687246908192,226719,4450,1,"1"
6513.2302056292574,226701,4468,1,"1"
6516.4298698002713,226683,4486,1,"1"
6532.2525243990449,226665,4504,1,"1"
6541.1033233480439,226647,4522,1,"1"
6590.7216790320535,226629,4540,1,"1"
6593.2828962402582,226593,4576,2,"2"
6594.8395220821503,226575,4594,1,"1"
6609.5641489249756,226554,4615,3,"2-1"
6614.4864129427124,226518,4651,2,"2"
6632.6869357004143,226513,4656,1,"1"
6640.880221882162,226477,4692,2,"2"
6644.892092510976,226445,4724,2,"1-1"
6679.4784578348954,226435,4734,1,"1"
6684.9311509342042,226417,4752,2,"2"
6688.2529334194733,226399,4770,1,"1"
6694.9756043377065,226387,4782,2,"1-1"
6699.2115669161549,226369,4800,1,"1"
6711.2133127389734,226351,4818,1,"1"
6713.0387835047286,226346,4823,1,"1"
6721.6736472533476,226328,4841,1,"1"
6737.9954715001631,226310,4859,1,"1"
6740.9758842645233,226250,4919,8,"4-2-1-1"
6758.0709289484066,226232,4937,1,"1"
6758.2862521747302,226214,4955,1,"1"
6761.266396142094,226196,4973,1,"1"
6774.5758167593067,226173,4996,3,"2-1"
6787.6114606044885,226163,5006,1,"1"
6790.5428500227954,226145,5024,1,"1"
6797.3227563636456,226125,5044,2,"2"
6819.4048529102756,226101,5068,4,"2-1-1"
6833.6009903953527,226091,5078,1,"1"
6852.6460768397055,226086,5083,1,"1"
6870.9861669887068,226081,5088,1,"1"
6872.8256949022034,226064,5105,1,"1"
6892.0922773023922,226057,5112,1,"1"
6917.7442184747451,226039,5130,1,"1"
6919.9653757079568,226021,5148,1,"1"
6922.3747944084053,226012,5157,1,"1"
6927.9258718881247,225994,5175,1,"1"
6935.4977543981777,225980,5189,1,"1"
6940.3903186326488,225962,5207,1,"1"
6955.9431775692383,225952,5217,2,"2"
6976.7560234080183,225916,5253,2,"2"
7020.4802272949546,225898,5271,1,"1"
7024.5576727492171,225827,5342,9,"5-1-1-1-1"
7037.1116572355722,225809,5360,1,"1"
7058.694642272525,225799,5370,1,"1"
7066.4822438977781,225781,5388,1,"1"
7079.2065938488358,225749,5420,2,"1-1"
7082.0386810425562,225739,5430,2,"2"
7101.6206057196196,225703,5466,2,"2"
7107.3847253744143,225685,5484,1,"1"
7118.9153210992326,225667,5502,1,"1"
7127.2681422046398,225649,5520,1,"1"
7127.5067170065968,225631,5538,1,"1"
7128.8243202592475,225626,5543,1,"1"
7135.9063442753713,225608,5561,1,"1"
7148.4650800063282,225590,5579,1,"1"
7149.618869015515,225572,5597,1,"1"
7157.528156456935,225554,5615,1,"1"
7174.2785676832109,225536,5633,1,"1"
7176.7515643283768,225518,5651,1,"1"
7177.1319401859355,225508,5661,2,"2"
7198.4774327574969,225441,5728,9,"3-2-1-1-1-1"
7203.5312565702397,225423,5746,1,"1"
7205.1917058953595,225405,5764,1,"1"
7223.5753552003043,225400,5769,1,"1"
7240.2483324996974,225366,5803,2,"2"
7245.0075132297325,225348,5821,1,"1"
7254.0302684138196,225343,5826,1,"1"
7261.1496947059522,225325,5844,2,"1-1"
7261.8464257475098,225307,5862,1,"1"
7274.6457585575572,225289,5880,1,"1"
7289.4075672206418,225253,5916,2,"1-1"
7291.162495015933,225217,5952,2,"2"
7309.8871226404499,225199,5970,1,"1"
7334.4692557412909,225163,6006,4,"3-1"
7337.0433111612265,225158,6011,1,"1"
7338.0191258582227,225055,6114,13,"4-2-1-1-1-1-1-1-1"
7346.1915895707134,225037,6132,1,"1"
7358.0028407435984,225012,6157,3,"2-1"
7362.7933728529988,224982,6187,3,"2-1"
7363.9466422797277,224964,6205,1,"1"
7367.1431268447968,224954,6215,2,"2"
7367.4960284256813,224938,6231,1,"1"
7376.5294692676662,224910,6259,4,"2-1-1"
7388.6362858349767,224892,6277,1,"1"
7395.7670384691792,224874,6295,1,"1"
7414.1399675836301,224838,6331,2,"1-1"
7432.07853411625,224820,6349,1,"1"
7442.9540663173329,224796,6373,2,"1-1"
7473.9575004814096,224785,6384,1,"1"
7475.4185508892078,224767,6402,1,"1"
7481.5342456952667,224749,6420,1,"1"
7500.8432481595601,224742,6427,1,"1"
7504.4476711544758,224680,6489,10,"3-2-2-2-1"
7546.1713861019934,224665,6504,1,"1"
7548.3312744199702,224636,6533,5,"2-1-1-1"
7551.902509211227,224600,6569,2,"1-1"
7552.8859075531191,224586,6583,1,"1"
7569.2017018969909,224568,6601,1,"1"
7569.7932415038777,224550,6619,1,"1"
7572.2210779843908,224532,6637,1,"1"
7576.3031462822455,224488,6681,3,"2-1"
7590.524773305573,224468,6701,2,"2"
7591.6295057939797,224432,6737,2,"2"
7594.2952393484175,224405,6764,3,"2-1"
7598.1509238366643,224396,6773,1,"1"
7599.1011848410008,224378,6791,1,"1"
7607.0084116846792,224373,6796,1,"1"
7611.070665555264,224355,6814,1,"1"
7620.9876768598388,224337,6832,1,"1"
7624.4048204442997,224318,6851,3,"2-1"
7636.1167470945993,224300,6869,2,"2"
7659.5987480329013,224282,6887,1,"1"
7671.6088258576074,224250,6919,3,"2-1"
7677.9149008687746,224232,6937,1,"1"
7713.7027062364123,224166,7003,5,"5"
7717.346185987366,224148,7021,1,"1"
7727.0929855386039,224134,7035,2,"1-1"
7732.5671340112121,224106,7063,4,"4"
7738.3460918194614,224092,7077,2,"2"
7745.2533711351407,224087,7082,1,"1"
7746.0476345724355,224069,7100,1,"1"
7767.9791071396867,224051,7118,1,"1"
7775.8718642075637,224046,7123,1,"1"
7782.5727031871847,224028,7141,1,"1"
7785.961719891623,223974,7195,3,"1-1-1"
7795.7890256101791,223956,7213,1,"1"
7810.3246750283524,223938,7231,1,"1"
7812.3727900548938,223926,7243,1,"1"
7812.5683402670238,223908,7261,1,"1"
7821.7534988589077,223872,7297,2,"2"
7834.1981234043969,223859,7310,1,"1"
7846.4631257025694,223847,7322,2,"2"
7868.830139012849,223829,7340,1,"1"
7877.8236554743526,223813,7356,1,"1"
7890.8197486873687,223799,7370,2,"2"
7902.4303743832133,223785,7384,1,"1"
7903.9441642164147,223775,7394,1,"1"
7929.5790068771503,223753,7416,2,"1-1"
7937.8972510673675,223681,7488,4,"3-1"
7941.6198859512024,223664,7505,1,"1"
7947.1709341417791,223610,7559,3,"2-1"
7966.4681382821691,223592,7577,1,"1"
7966.9097872073517,223574,7595,1,"1"
7986.1587059578824,223564,7605,1,"1"
7996.8068694207541,223546,7623,2,"1-1"
7997.3017801391625,223528,7641,1,"1"
8014.4091750197895,223510,7659,1,"1"
8017.1496730659373,223492,7677,1,"1"
8032.9727421863163,223474,7695,1,"1"
8104.6477415218951,223460,7709,2,"2"
8109.5076119310806,223441,7728,3,"3"
8110.6338599831588,223436,7733,1,"1"
8132.0480138431321,223418,7751,2,"1-1"
8150.0093168229023,223400,7769,1,"1"
8156.7448689786333,223338,7831,6,"4-1-1"
8158.2578327211313,223315,7854,3,"2-1"
8158.4169535730689,223279,7890,2,"2"
8175.3285500345746,223261,7908,1,"1"
8176.9213188457597,223243,7926,1,"1"
8183.9680529317066,223225,7944,1,"1"
8188.5163329807665,223207,7962,1,"1"
8195.2536129809687,223200,7969,1,"1"
8203.4033554159014,223126,8043,5,"3-2"
8204.3450880271339,223108,8061,1,"1"
8228.0150215426675,223098,8071,1,"1"
8240.0603599435435,223050,8119,4,"2-1-1"
8287.1628275783842,223032,8137,1,"1"
8300.6453802078886,223015,8154,1,"1"
8301.6463660577519,223005,8164,1,"1"
8304.4807430009078,222987,8182,1,"1"
8309.2114015644602,222965,8204,2,"2"
8327.8890674487157,222947,8222,1,"1"
8340.1493839927462,222937,8232,1,"1"
8352.3285054329554,222919,8250,1,"1"
8355.5339554090115,222901,8268,1,"1"
8364.9008662193246,222865,8304,2,"1-1"
8372.0770166722486,222847,8322,1,"1"
8375.0927644375297,222829,8340,1,"1"
8381.2352733981952,222820,8349,1,"1"
8395.0185722690112,222802,8367,1,"1"
8399.0124798701399,222766,8403,2,"2"
8427.4934870571415,222744,8425,2,"2"
8452.3328078450395,222726,8443,1,"1"
8464.2887505278832,222708,8461,1,"1"
8473.083126019068,222672,8497,3,"1-1-1"
8481.6047296058623,222640,8529,2,"2"
8488.7811254809312,222609,8560,3,"2-1"
8504.4169435041422,222548,8621,5,"4-1"
8505.9648343968765,222530,8639,1,"1"
8506.3832658651627,222512,8657,1,"1"
8516.3738207624756,222494,8675,1,"1"
8528.0648693578623,222476,8693,1,"1"
8529.2370364220915,222442,8727,3,"2-1"
8534.209322899982,222424,8745,1,"1"
8538.3091811440336,222406,8763,1,"1"
8546.6063655973485,222362,8807,4,"4"
8559.8909292607732,222352,8817,1,"1"
8572.3412564277605,222330,8839,2,"2"
8573.9230526353822,222312,8857,1,"1"
8587.5495999808154,222294,8875,1,"1"
8589.1074892581073,222276,8893,1,"1"
8590.8907830061744,222262,8907,2,"2"
8593.5718894498859,222248,8921,1,"1"
8593.7454993321498,222212,8957,2,"2"
8599.8806916882841,222194,8975,1,"1"
8604.6410441006119,222180,8989,1,"1"
8620.3643732517994,222136,9033,4,"3-1"
8621.6514785184809,222122,9047,1,"1"
8628.309230574223,222104,9065,1,"1"
8637.579313514625,222086,9083,1,"1"
8647.6398661064868,222068,9101,1,"1"
8651.2043904605343,222050,9119,1,"1"
8654.7668558929781,222032,9137,1,"1"
8657.440662259196,222015,9154,1,"1"
8689.8960434665878,221997,9172,1,"1"
8692.4804494594755,221979,9190,1,"1"
8710.558665958788,221950,9219,5,"2-1-1-1"
8712.1966964558833,221932,9237,1,"1"
8723.3869726365556,221914,9255,2,"2"
8735.6655158488575,221896,9273,1,"1"
8756.6308972560491,221882,9287,1,"1"
8757.499915527249,221873,9296,1,"1"
8766.7437897150285,221855,9314,1,"1"
8786.7746867707865,221810,9359,5,"3-1-1"
8813.9760400032628,221792,9377,1,"1"
8817.818789200117,221774,9395,1,"1"
8818.4310973975826,221761,9408,1,"1"
8825.2237121939688,221739,9430,2,"2"
8857.6104785866846,221729,9440,1,"1"
8864.9087711399716,221711,9458,1,"1"
8868.8044879357149,221675,9494,2,"1-1"
8878.5313683257536,221670,9499,1,"1"
8886.6442163727643,221634,9535,2,"2"
8890.5053937629964,221599,9570,3,"2-1"
8894.0568868927967,221581,9588,1,"1"
8898.1472028515527,221563,9606,1,"1"
8904.6060423035669,221545,9624,1,"1"
8911.4023979925896,221532,9637,1,"1"
8911.5597807802496,221514,9655,1,"1"
8917.8650640429878,221496,9673,1,"1"
8918.0601568242218,221482,9687,1,"1"
8930.7568944088071,221464,9705,1,"1"
8931.4833268096063,221446,9723,1,"1"
8939.516656384003,221428,9741,1,"1"
8958.1433197948863,221374,9795,4,"3-1"
8964.2006765094211,221339,9830,3,"2-1"
8977.4471343855967,221317,9852,2,"2"
8988.41782585277,221299,9870,1,"1"
9002.8963395169485,221281,9888,1,"1"
9003.7883792419489,221263,9906,1,"1"
9019.1829476252387,221245,9924,2,"1-1"
9021.8768593462119,221124,10045,13,"3-2-2-1-1-1-1-1-1"
9026.5820508773631,221119,10050,1,"1"
9027.7812155361116,221101,10068,1,"1"
9040.0754928870938,221083,10086,2,"2"
9041.7736806412522,221065,10104,1,"1"
9043.2471359349838,221047,10122,1,"1"
9069.9344284096205,220936,10233,8,"5-1-1-1"
9070.7489029493609,220875,10294,5,"3-1-1"
9098.0803705189082,220857,10312,1,"1"
9106.318059769379,220839,10330,1,"1"
9108.8972639910025,220830,10339,1,"1"
9115.4382653914818,220812,10357,1,"1"
9128.8445915628272,220795,10374,1,"1"
9133.0182931900035,220777,10392,2,"2"
9137.4670035695672,220731,10438,3,"3"
9141.991975956138,220620,10549,11,"3-2-2-2-1-1"
9152.1578387751615,220610,10559,1,"1"
9154.226112922026,220592,10577,1,"1"
9163.3646645588269,220556,10613,2,"2"
9173.5882956792502,220519,10650,3,"2-1"
9175.2650133628158,220501,10668,1,"1"
9192.1718631338372,220483,10686,1,"1"
9218.1989616121191,220425,10744,6,"3-2-1"
9228.0796666084661,220407,10762,1,"1"
9233.4695171009917,220394,10775,1,"1"
9245.2013046142474,220381,10788,1,"1"
9270.4491198515716,220363,10806,1,"1"
9286.2481163371904,220345,10824,1,"1"
9290.3147318975098,220336,10833,1,"1"
9298.2698281452613,220318,10851,1,"1"
9305.9724996316654,220258,10911,4,"2-1-1"
9313.9791419337525,220234,10935,2,"1-1"
9315.4354094506652,220206,10963,2,"2"
9315.57983368643,220170,10999,2,"1-1"
9316.3810331689074,220152,11017,1,"1"
9328.9477531607845,220099,11070,4,"2-1-1"
9336.3308061487896,220081,11088,1,"1"
9352.0090413417256,220063,11106,1,"1"
9363.4237997385808,219937,11232,9,"3-3-1-1-1"
9374.6010141340757,219923,11246,1,"1"
9380.3692126571987,219905,11264,1,"1"
9417.624256921612,219892,11277,1,"1"
9430.075919669549,219796,11373,7,"3-2-1-1"
9435.6557368434551,219778,11391,1,"1"
9444.3475674331075,219760,11409,1,"1"
9453.5827733188489,219742,11427,1,"1"
9467.175546102575,219694,11475,4,"2-1-1"
9485.9913774529159,219683,11486,1,"1"
9498.8892708323147,219674,11495,1,"1"
9506.5950099143374,219656,11513,1,"1"
9518.0610966877957,219638,11531,1,"1"
9518.541942474696,219620,11549,1,"1"
9537.0763084409537,219610,11559,1,"1"
9537.3666835384065,219600,11569,1,"1"
9554.1731795374963,219582,11587,1,"1"
9558.6335946077397,219564,11605,1,"1"
9578.0057336841255,219546,11623,1,"1"
9590.5052535918458,219528,11641,1,"1"
9594.549207804288,219502,11667,2,"1-1"
9621.7461477542602,219484,11685,1,"1"
9629.1631296825217,219466,11703,1,"1"
9630.4827907533436,219456,11713,1,"1"
9634.8388941514277,219441,11728,1,"1"
9647.8918755184277,219423,11746,1,"1"
9657.1975202766989,219349,11820,6,"3-2-1"
9666.6290217438145,219331,11838,1,"1"
9667.402360582746,219295,11874,2,"2"
9668.3789243664833,219225,11944,6,"4-2"
9678.9430333833789,219192,11977,3,"3"
9681.3309801784308,219156,12013,2,"2"
9691.6783908254783,219138,12031,1,"1"
9700.8680484843935,219102,12067,2,"2"
9710.0026072891033,219084,12085,1,"1"
9712.2250343806481,219058,12111,2,"1-1"
9721.5374388168693,219040,12129,1,"1"
9722.0306326607188,219022,12147,1,"1"
9722.9783828979671,218988,12181,3,"3"
9731.6469476498842,218970,12199,1,"1"
9735.288087719031,218952,12217,1,"1"
9744.0900591077225,218942,12227,1,"1"
9754.6114503373956,218924,12245,1,"1"
9758.9995735235225,218876,12293,4,"4"
9761.3917624525202,218850,12319,2,"2"
9786.0405532834193,218841,12328,1,"1"
9803.2848531942891,218805,12364,2,"2"
9808.0245250961234,218787,12382,1,"1"
9823.1060391860392,218738,12431,5,"3-1-1"
9845.562677183947,218611,12558,11,"4-2-2-1-1-1"
9846.6632213898192,218598,12571,1,"1"
9848.5340368764337,218580,12589,1,"1"
9849.2600299061414,218562,12607,1,"1"
9852.5652272407115,218460,12709,10,"3-3-1-1-1-1"
9860.5263264996047,218450,12719,1,"1"
9877.7972649810235,218432,12737,1,"1"
9880.2146367680816,218414,12755,1,"1"
9881.1261231589506,218400,12769,1,"1"
9883.837592955344,218011,13158,34,"5-3-3-3-2-2-2-2-1-1-1-1-1-1-1-1-1-1-1-1"
9884.782658149712,218001,13168,1,"1"
9890.9062384874214,217922,13247,7,"4-2-1"
9892.7963407939769,217330,13839,45,"10-4-4-4-2-2-2-2-2-2-1-1-1-1-1-1-1-1-1-1-1"
9907.7784765871165,217312,13857,1,"1"
9957.3162719990505,217297,13872,1,"1"
9957.5545838870748,217254,13915,3,"1-1-1"
9962.6918348807576,217236,13933,1,"1"
9964.7638035175569,217200,13969,2,"2"
9966.3701570457524,217182,13987,1,"1"
9975.0730215391322,217164,14005,1,"1"
9981.0151172445694,217150,14019,1,"1"
9981.8921679045125,217132,14037,1,"1"
9999.4614094799344,217114,14055,1,"1"
10002.345739690481,217012,14157,7,"5-1-1"
10005.73797884253,217005,14164,1,"1"
10009.467781076371,216951,14218,3,"3"
10011.271177136005,216933,14236,1,"1"
10031.681287162322,216887,14282,4,"3-1"
10032.139881349854,216869,14300,1,"1"
10032.247750385759,216851,14318,1,"1"
10045.26710980307,216841,14328,1,"1"
10049.22810425211,216823,14346,1,"1"
10064.131568034729,216805,14364,1,"1"
10072.058119158552,216769,14400,2,"2"
10073.872331604192,216733,14436,2,"2"
10078.646890532977,216715,14454,1,"1"
10086.932923573144,216697,14472,1,"1"
10098.639610476423,0,231169,12206,"12206"
----------------------------------------------2
0,231169,0,0,"0"
219.95950534754792,231168,1,1,"1"
247.44507595573097,231167,2,1,"1"
319.89370012026222,231149,20,1,"1"
342.41842800710072,231148,21,1,"1"
351.81833439008841,231145,24,1,"1"
371.46073502973422,231144,25,1,"1"
427.92477271467192,231126,43,1,"1"
459.39230169086579,231125,44,1,"1"
475.67343210020761,231107,62,1,"1"
519.03791385960892,231106,63,1,"1"
579.73244430192426,231097,72,1,"1"
584.89993608736324,231096,73,1,"1"
601.99448766290186,231095,74,1,"1"
613.25437986996201,231093,76,2,"2"
626.96416425016969,231092,77,1,"1"
638.18624513584416,231088,81,2,"1-1"
644.78932269259201,231070,99,1,"1"
668.56025991653064,231069,100,1,"1"
708.19927520148337,231068,101,1,"1"
729.50612260881405,231067,102,1,"1"
738.95017654712456,231066,103,1,"1"
745.92188600730697,231065,104,1,"1"
785.80732699360078,231059,110,2,"2"
802.88614338803905,231057,112,2,"2"
816.30169501070588,231052,117,1,"1"
837.04222852305861,231034,135,1,"1"
853.38988245901942,231033,136,1,"1"
862.38134443814192,231032,137,1,"1"
959.78685234089369,231031,138,1,"1"
965.27200885084278,231013,156,1,"1"
965.3269797240107,231012,157,1,"1"
988.06690062124994,231011,158,1,"1"
1026.4299930927484,231010,159,1,"1"
1031.4496609004975,231009,160,1,"1"
1043.9313974062043,231003,166,2,"2"
1047.4600505086187,231002,167,1,"1"
1051.4775169979769,231001,168,1,"1"
1056.9882228926554,230991,178,1,"1"
1069.4620947048543,230990,179,1,"1"
1081.0458804657767,230989,180,1,"1"
1096.0265224935022,230988,181,1,"1"
1103.6611730346558,230987,182,1,"1"
1117.1268515873319,230986,183,1,"1"
1117.8944237636797,230976,193,1,"1"
1139.7401193921417,230975,194,1,"1"
1145.4130777587779,230972,197,3,"3"
1152.1826321985791,230971,198,1,"1"
1160.0765410930082,230970,199,1,"1"
1165.0422282635368,230967,202,1,"1"
1170.6654776454484,230964,205,1,"1"
1198.5540258731394,230952,217,4,"4"
1209.2227267163398,230951,218,1,"1"
1217.7452502474241,230950,219,1,"1"
1239.4700282171302,230940,229,1,"1"
1253.7954477324261,230939,230,1,"1"
1262.1488620030689,230938,231,1,"1"
1265.0831137621715,230937,232,1,"1"
1271.1787231789544,230934,235,1,"1"
1293.8658309309817,230933,236,1,"1"
1298.163124742407,230914,255,3,"3"
1328.2979130762969,230909,260,1,"1"
1337.7263240844773,230907,262,2,"2"
1339.1564800575511,230906,263,1,"1"
1349.6647554087899,230905,264,1,"1"
1367.3763911786443,230904,265,1,"1"
1368.015426454017,230876,293,2,"2"
1374.7476900986151,230858,311,1,"1"
1383.397134041584,230857,312,1,"1"
1402.9103690516749,230854,315,1,"1"
1403.0384786102172,230852,317,2,"2"
1404.2036110147783,230851,318,1,"1"
1424.4208322157046,230850,319,1,"1"
1457.1226697631812,230849,320,1,"1"
1471.0891468069678,230839,330,2,"1-1"
1491.5303947226359,230838,331,1,"1"
1499.2974668182021,230820,349,1,"1"
1509.6447982801315,230815,354,1,"1"
1511.3265883691583,230813,356,2,"1-1"
1512.4093871097698,230803,366,1,"1"
1534.6781250832717,230801,368,2,"1-1"
1541.0749410089986,230800,369,1,"1"
1546.3025561960235,230799,370,1,"1"
1546.9908516027349,230798,371,1,"1"
1547.8584917267995,230796,373,2,"2"
1577.7419109470802,230795,374,1,"1"
1601.7358612897369,230790,379,1,"1"
1609.4827374356669,230789,380,1,"1"
1611.087446877606,230787,382,2,"2"
1614.5629368370078,230784,385,3,"2-1"
1615.0631508187762,230766,403,1,"1"
1616.8334833175206,230754,415,1,"1"
1616.9687692043458,230747,422,1,"1"
1624.0436021686919,230746,423,1,"1"
1651.3502222866214,230745,424,1,"1"
1652.9083581821067,230742,427,3,"2-1"
1666.6908123730739,230733,436,5,"4-1"
1677.8122579184305,230721,448,2,"1-1"
1685.0228042932902,230703,466,1,"1"
1686.8667868637915,230702,467,1,"1"
1694.9172031942862,230701,468,1,"1"
1698.6054946572679,230696,473,1,"1"
1703.0955438585379,230695,474,1,"1"
1705.7107594427894,230677,492,1,"1"
1711.7323794344268,230674,495,1,"1"
1724.2862374417834,230673,496,1,"1"
1738.044358289606,230672,497,1,"1"
1750.4475362803096,230654,515,1,"1"
1755.3101963303216,230651,518,3,"3"
1755.7760822544381,230648,521,3,"3"
1763.1620606116346,230646,523,2,"2"
1765.8582918644086,230645,524,1,"1"
1770.5663320169424,230643,526,2,"2"
1774.9486421556132,230642,527,1,"1"
1791.2955728361762,230637,532,1,"1"
1830.5567616612652,230634,535,3,"3"
1830.8394470789901,230633,536,1,"1"
1832.5641101432509,230632,537,1,"1"
1839.0513237369239,230614,555,1,"1"
1845.599830132106,230613,556,1,"1"
1845.727692804672,230608,561,3,"3"
1856.8486056710481,230590,579,1,"1"
1857.0926922023998,230589,580,1,"1"
1864.8422566904753,230588,581,1,"1"
1867.0422625797846,230586,583,2,"1-1"
1870.1113082656645,230585,584,1,"1"
1898.5382504740392,230584,585,1,"1"
1905.6200064319171,230583,586,1,"1"
1917.1322110208366,230580,589,3,"2-1"
1928.3576240456962,230579,590,1,"1"
1934.1065180167477,230577,592,2,"2"
1934.2108141379701,230574,595,3,"2-1"
1969.2141434107709,230573,596,1,"1"
1969.2680451024501,230571,598,2,"2"
1974.7913532173625,230570,599,1,"1"
1975.532546571676,230567,602,1,"1"
1989.3624113735593,230565,604,2,"2"
1995.333608681208,230562,607,1,"1"
2012.4545966469407,230561,608,1,"1"
2029.5633458733168,230556,613,1,"1"
2052.4913999221112,230555,614,1,"1"
2069.2586945654771,230551,618,4,"4"
2073.4694375561603,230533,636,1,"1"
2074.2560848170333,230532,637,1,"1"
2103.4116135325012,230522,647,1,"1"
2117.3941765960308,230521,648,1,"1"
2124.7930568845286,230520,649,1,"1"
2128.2548053865362,230513,656,1,"1"
2137.8455722588383,230506,663,3,"3"
2143.3836472172015,230505,664,1,"1"
2157.0405999401623,230495,674,2,"2"
2167.8738650236505,230477,692,1,"1"
2180.6192199065722,230476,693,1,"1"
2183.7926617265443,230458,711,1,"1"
2186.6231547796888,230440,729,1,"1"
2203.3015898647946,230435,734,1,"1"
2222.186645512315,230425,744,1,"1"
2224.3612005584773,230424,745,1,"1"
2242.7995925126256,230406,763,1,"1"
2259.0074569090875,230388,781,1,"1"
2295.6853717734552,230387,782,1,"1"
2310.2298525640176,230378,791,5,"3-1-1"
2354.553596264208,230360,809,1,"1"
2365.3852457291291,230354,815,2,"2"
2367.9144442195816,230340,829,1,"1"
2381.7338072149973,230339,830,1,"1"
2390.8784626844117,230338,831,1,"1"
2417.0598707891049,230337,832,1,"1"
2425.9153783487423,230334,835,1,"1"
2436.3090329698543,230325,844,1,"1"
2448.9423108509714,230307,862,1,"1"
2448.9626132736535,230306,863,1,"1"
2456.495067998289,230305,864,1,"1"
2483.569845297583,230302,867,3,"3"
2510.8804035245298,230297,872,1,"1"
2543.3615405485648,230287,882,1,"1"
2565.94926819795,230279,890,4,"4"
2586.4764876979216,230278,891,1,"1"
2632.2673909962496,230275,894,1,"1"
2641.3295168225791,230261,908,1,"1"
2658.4011477133504,230251,918,1,"1"
2664.9852114148744,230249,920,2,"1-1"
2673.1351655214903,230231,938,1,"1"
2687.4251125691117,230230,939,1,"1"
2687.7843478521859,230229,940,1,"1"
2688.0589325558499,230227,942,2,"1-1"
2701.9846336604242,230217,952,1,"1"
2703.9796302615973,230199,970,1,"1"
2705.9941823056447,230181,988,1,"1"
2727.7982874468571,230178,991,1,"1"
2740.6586240611578,230177,992,1,"1"
2751.0354579598406,230176,993,1,"1"
2762.6071857542415,230158,1011,1,"1"
2783.1311466433717,230157,1012,1,"1"
2789.3748301977439,230139,1030,1,"1"
2802.4440422726143,230121,1048,1,"1"
2827.6946510270982,230112,1057,1,"1"
2867.5705059705556,230106,1063,2,"2"
2886.2397283872356,230099,1070,1,"1"
2915.5383624821366,230085,1084,1,"1"
2917.9405854989063,230082,1087,1,"1"
2932.0947468707664,230081,1088,1,"1"
2935.4331524268391,230076,1093,1,"1"
2960.080012311154,230066,1103,1,"1"
2978.9878287617321,230056,1113,1,"1"
3037.5371660018177,230051,1118,1,"1"
3046.8076469066318,230048,1121,1,"1"
3091.5492929266084,230030,1139,1,"1"
3095.7210523462945,230027,1142,1,"1"
3112.8148875670718,230026,1143,1,"1"
3170.8004980874252,230008,1161,1,"1"
3181.9165525293447,229996,1173,1,"1"
3196.0835896619451,229976,1193,2,"1-1"
3212.7880839138807,229958,1211,1,"1"
3299.5846016508367,229954,1215,2,"1-1"
3300.9437486155148,229936,1233,1,"1"
3320.60535290905,229916,1253,2,"1-1"
3326.4758994000035,229898,1271,1,"1"
3366.6145584078481,229880,1289,1,"1"
3375.0435058293688,229862,1307,1,"1"
3469.5617743113321,229859,1310,1,"1"
3489.823502376275,229854,1315,1,"1"
3497.8317246020997,229849,1320,1,"1"
3508.4143302482476,229831,1338,1,"1"
3517.3674780592155,229820,1349,1,"1"
3543.3474097929766,229817,1352,1,"1"
3561.5639004804093,229799,1370,1,"1"
3564.6781387780134,229798,1371,1,"1"
3591.1639542344064,229780,1389,1,"1"
3593.9121030341385,229767,1402,1,"1"
3611.8861556759362,229749,1420,1,"1"
3629.2068207752454,229739,1430,2,"2"
3650.6234172022855,229729,1440,2,"2"
3656.1107677488353,229722,1447,1,"1"
3667.4782401294028,229717,1452,1,"1"
3667.7587378310077,229716,1453,1,"1"
3672.5376594067443,229698,1471,1,"1"
3673.8437571091454,229680,1489,1,"1"
3683.1252285584833,229662,1507,1,"1"
3689.0883531249556,229644,1525,1,"1"
3692.2227854337957,229643,1526,1,"1"
3705.2703058750431,229625,1544,1,"1"
3766.8433162938531,229607,1562,1,"1"
3768.3157223798739,229589,1580,1,"1"
3782.8996821698556,229580,1589,1,"1"
3812.256709621458,229562,1607,1,"1"
3817.4468418898923,229544,1625,1,"1"
3823.6577212520833,229539,1630,1,"1"
3824.4884109848149,229534,1635,1,"1"
3845.2978104346703,229524,1645,1,"1"
3846.9729870281981,229519,1650,1,"1"
3852.7753484165805,229501,1668,1,"1"
3854.0882199106545,229496,1673,1,"1"
3862.2035589201387,229482,1687,1,"1"
3870.996355702619,229464,1705,1,"1"
3884.7584035336417,229446,1723,1,"1"
3891.5760170072367,229428,1741,1,"1"
3905.7355887997869,229410,1759,1,"1"
3909.5032935572672,229405,1764,1,"1"
3919.4300513761646,229387,1782,1,"1"
3919.541700054242,229377,1792,1,"1"
3921.1660754108143,229359,1810,1,"1"
3969.6861504128779,229341,1828,1,"1"
3995.2471721033348,229323,1846,1,"1"
4004.8687298538598,229305,1864,1,"1"
4040.067255152871,229300,1869,1,"1"
4043.2506642889075,229295,1874,1,"1"
4052.0698354961833,229290,1879,1,"1"
4057.7148708697923,229272,1897,1,"1"
4061.2235491067895,229254,1915,1,"1"
4098.1976347900909,229251,1918,1,"1"
4124.2510939520989,229241,1928,1,"1"
4143.5355621524641,229223,1946,1,"1"
4154.8974361036717,229205,1964,1,"1"
4226.3839692394658,229187,1982,1,"1"
4250.5366138130166,229184,1985,1,"1"
4283.7063104903,229162,2007,4,"2-1-1"
4293.2031855152773,229157,2012,1,"1"
4297.0979762055458,229150,2019,1,"1"
4302.2449326952428,229138,2031,1,"1"
4309.2701508423997,229133,2036,1,"1"
4339.3363350795407,229128,2041,1,"1"
4353.3580427526949,229092,2077,2,"2"
4357.56021225922,229074,2095,1,"1"
4373.7210537019409,229071,2098,1,"1"
4395.5928484698543,229053,2116,1,"1"
4404.5470832111523,229035,2134,1,"1"
4422.2836696929817,229027,2142,2,"1-1"
4427.3630564519808,229009,2160,1,"1"
4449.9179772019543,228997,2172,1,"1"
4482.3717516428442,228992,2177,1,"1"
4515.3410091643118,228974,2195,1,"1"
4522.0633415970924,228956,2213,1,"1"
4561.3826608181225,228938,2231,1,"1"
4563.0870474671101,228930,2239,2,"1-1"
4572.8199899888541,228912,2257,1,"1"
4589.8980091703697,228894,2275,1,"1"
4593.4658198601182,228885,2284,3,"3"
4598.3325696890497,228867,2302,1,"1"
4603.7433189167086,228862,2307,1,"1"
4610.65210309347,228844,2325,1,"1"
4626.48005595,228832,2337,1,"1"
4661.8322785971322,228814,2355,1,"1"
4689.6765451278497,228796,2373,1,"1"
4703.1230281010967,228791,2378,1,"1"
4733.1406251592925,228773,2396,1,"1"
4737.1869200521542,228762,2407,1,"1"
4739.6650666522819,228750,2419,1,"1"
4741.0883196938012,228732,2437,1,"1"
4757.4768949297813,228715,2454,1,"1"
4802.9447469994157,228697,2472,1,"1"
4812.0033499161291,228690,2479,1,"1"
4820.3640459119133,228672,2497,1,"1"
4823.7395821134933,228667,2502,1,"1"
4836.1287245258609,228653,2516,1,"1"
4840.150506350421,228643,2526,2,"1-1"
4846.9781633833463,228625,2544,1,"1"
4851.523519529901,228622,2547,1,"1"
4863.6131478227453,228612,2557,2,"2"
4871.3009514242976,228587,2582,5,"4-1"
4938.7302812107173,228569,2600,1,"1"
4945.8329393466802,228564,2605,1,"1"
4968.3700885146191,228546,2623,1,"1"
5005.177372861277,228528,2641,1,"1"
5012.079809928623,228510,2659,1,"1"
5027.8042413256117,228474,2695,2,"2"
5049.1845291952923,228465,2704,1,"1"
5061.9356610211917,228447,2722,1,"1"
5075.125620607525,228429,2740,1,"1"
5092.8178714209735,228411,2758,2,"2"
5093.7492418765014,228393,2776,1,"1"
5107.1159379300334,228384,2785,1,"1"
5110.6402909298795,228366,2803,1,"1"
5137.2002617666412,228356,2813,2,"2"
5144.0012515215803,228338,2831,1,"1"
5166.0462155578298,228328,2841,2,"2"
5166.4013445338969,228318,2851,1,"1"
5167.7505356675902,228299,2870,3,"3"
5195.4829222798562,228285,2884,2,"2"
5228.2475145622921,228280,2889,1,"1"
5254.792204551547,228262,2907,1,"1"
5275.321549332476,228241,2928,3,"2-1"
5307.6412281301873,228223,2946,1,"1"
5316.3612166545872,228218,2951,1,"1"
5332.4657482888679,228176,2993,6,"4-1-1"
5337.4575196635442,228173,2996,1,"1"
5351.9142690142808,228155,3014,1,"1"
5371.1344751757924,228150,3019,1,"1"
5374.2262138679371,228145,3024,1,"1"
5385.3362842845754,228134,3035,1,"1"
5392.6285449076277,228124,3045,2,"2"
5400.6318153634184,228102,3067,2,"1-1"
5403.5442648159469,228099,3070,1,"1"
5416.4175918828241,228081,3088,1,"1"
5445.3057857732292,228045,3124,4,"2-2"
5453.2746847537692,228027,3142,1,"1"
5551.2577973236948,228017,3152,2,"1-1"
5557.9881329218506,228007,3162,2,"2"
5563.2832317495404,227997,3172,1,"1"
5563.9805553470133,227979,3190,1,"1"
5575.1333445566079,227961,3208,1,"1"
5617.7458715744251,227956,3213,1,"1"
5633.3125014217494,227938,3231,1,"1"
5652.6778052378604,227927,3242,3,"2-1"
5656.7202586487037,227909,3260,1,"1"
5693.1313335315626,227894,3275,3,"3"
5696.1317718169694,227876,3293,1,"1"
5701.6875934206755,227856,3313,2,"2"
5710.3128711734043,227817,3352,7,"4-3"
5712.967542997535,227799,3370,1,"1"
5717.7158906064242,227781,3388,1,"1"
5719.1456082597288,227776,3393,1,"1"
5719.419956736604,227764,3405,1,"1"
5720.4198515305607,227746,3423,1,"1"
5725.3826642217173,227728,3441,1,"1"
5726.8741031753707,227710,3459,1,"1"
5748.6708449576263,227702,3467,2,"2"
5759.9952655369716,227685,3484,3,"2-1"
5765.7712854892261,227671,3498,2,"2"
5776.725371272405,227665,3504,2,"2"
5795.0790072748205,227647,3522,1,"1"
5795.3745453384045,227629,3540,1,"1"
5822.8829004152549,227609,3560,2,"1-1"
5825.888762853383,227591,3578,1,"1"
5832.8940436387556,227588,3581,1,"1"
5834.9227142641812,227570,3599,1,"1"
5841.5737979495298,227553,3616,5,"5"
5874.7454634459345,227535,3634,1,"1"
5883.0053721515078,227517,3652,1,"1"
5894.2061583554023,227499,3670,1,"1"
5907.7269685652127,227481,3688,1,"1"
5914.9337357961122,227455,3714,4,"4"
5926.2907825972061,227448,3721,1,"1"
5928.9755019119639,227430,3739,1,"1"
5947.3562996193195,227412,3757,1,"1"
5954.5011232531515,227394,3775,1,"1"
5958.4674978804669,227376,3793,1,"1"
5960.7479544917551,227365,3804,1,"1"
5963.7181790687928,227347,3822,2,"2"
5967.754460099929,227329,3840,1,"1"
5972.5448563858718,227269,3900,10,"6-1-1-1-1"
5973.2432950818275,227251,3918,1,"1"
5985.0450640405379,227241,3928,1,"1"
5987.9201351591955,227223,3946,1,"1"
5995.6528912577733,227218,3951,1,"1"
6007.0958580238439,227182,3987,2,"2"
6044.6868232382085,227164,4005,1,"1"
6045.2125131532403,227146,4023,1,"1"
6048.1106422864796,227128,4041,2,"2"
6050.7390973721676,227116,4053,2,"2"
6066.4104613252593,227106,4063,1,"1"
6067.0285703893833,227058,4111,4,"4"
6072.2425047231227,227040,4129,1,"1"
6084.5890391350795,227022,4147,1,"1"
6096.5837614912452,227004,4165,1,"1"
6128.7321862337467,227001,4168,1,"1"
6133.4438130250583,226965,4204,2,"1-1"
6137.4082038484994,226951,4218,2,"2"
6163.6279672722685,226933,4236,1,"1"
6164.4042379286266,226915,4254,1,"1"
6169.1330388953984,226860,4309,9,"7-1-1"
6180.6445008299461,226842,4327,1,"1"
6183.7948968591636,226782,4387,5,"2-2-1"
6186.7177191126075,226777,4392,1,"1"
6205.0419157138631,226774,4395,1,"1"
6230.9056111232385,226684,4485,7,"4-2-1"
6246.649369123973,226670,4499,2,"2"
6250.6095915743481,226652,4517,1,"1"
6250.9581004897937,226634,4535,1,"1"
6254.5820700366103,226616,4553,1,"1"
6271.6220028390017,226598,4571,1,"1"
6274.2099133240235,226580,4589,1,"1"
6275.1367705250195,226573,4596,1,"1"
6285.8202369832607,226555,4614,1,"1"
6303.0834153604301,226537,4632,1,"1"
6315.32055233766,226501,4668,2,"2"
6331.0939787763,226483,4686,1,"1"
6335.0680280608558,226465,4704,1,"1"
6343.3591380740672,226462,4707,1,"1"
6345.5692656726833,226455,4714,1,"1"
6349.7293715279766,226448,4721,1,"1"
6352.5339700085669,226419,4750,5,"2-1-1-1"
6386.4748202453893,226407,4762,1,"1"
6389.7692313659154,226333,4836,8,"7-1"
6394.7637227560799,226315,4854,1,"1"
6418.3020780305978,226297,4872,1,"1"
6419.0611001406642,226292,4877,1,"1"
6442.7915638345321,226274,4895,1,"1"
6461.7043773250507,226256,4913,1,"1"
6461.7645217783656,226238,4931,1,"1"
6479.2220461254046,226233,4936,1,"1"
6513.1385349924158,226215,4954,1,"1"
6514.6406811568959,226197,4972,1,"1"
6515.1168579645237,226179,4990,1,"1"
6526.3709030511764,226169,5000,1,"1"
6537.2324964374102,226151,5018,1,"1"
6542.2720823982863,226131,5038,2,"2"
6585.0221140090189,226105,5064,4,"3-1"
6585.0809872171158,226087,5082,1,"1"
6588.1561921756402,226074,5095,1,"1"
6603.7226061744432,226056,5113,1,"1"
6605.073248102949,226038,5131,1,"1"
6612.804498485053,226020,5149,1,"1"
6617.3082551405605,226015,5154,1,"1"
6633.0961886582509,225997,5172,1,"1"
6635.264575490427,225979,5190,1,"1"
6655.939773601559,225961,5208,1,"1"
6675.9532316178893,225935,5234,2,"1-1"
6683.5180904018871,225917,5252,1,"1"
6690.4416790751466,225907,5262,1,"1"
6702.0063746033284,225902,5267,1,"1"
6727.4890081615258,225884,5285,1,"1"
6727.7096492783994,225872,5297,1,"1"
6733.0861902580882,225854,5315,1,"1"
6786.2205611393902,225840,5329,2,"2"
6787.0155928009372,225822,5347,1,"1"
6792.8873698858415,225812,5357,1,"1"
6810.8201230694331,225807,5362,1,"1"
6819.6809144929712,225794,5375,1,"1"
6825.0305297347622,225776,5393,1,"1"
6843.0184025556837,225758,5411,1,"1"
6848.8168313157084,225753,5416,1,"1"
6853.8720556175958,225746,5423,1,"1"
6856.946444056668,225730,5439,1,"1"
6893.8198924584749,225712,5457,1,"1"
6904.5267424231261,225694,5475,1,"1"
6910.4814823330089,225676,5493,1,"1"
6938.2469009853939,225644,5525,3,"2-1"
6948.5538499329323,225626,5543,1,"1"
6949.9106573551971,225609,5560,1,"1"
6955.9946541328591,225600,5569,1,"1"
6962.2124320934481,225597,5572,1,"1"
6974.0810228219962,225549,5620,4,"1-1-1-1"
7004.2263375688844,225531,5638,1,"1"
7004.4702336349546,225513,5656,1,"1"
7010.9055231107741,225503,5666,1,"1"
7014.632102112907,225451,5718,10,"7-1-1-1"
7027.7466471104162,225298,5871,19,"7-3-3-2-2-1-1"
7048.9038224661199,225256,5913,3,"2-1"
7081.1024019368915,225238,5931,1,"1"
7108.2994928775261,225204,5965,4,"2-1-1"
7117.2693045184305,225192,5977,1,"1"
7120.5275004127243,225182,5987,1,"1"
7124.0618213068392,225164,6005,1,"1"
7132.2999700370892,225128,6041,2,"1-1"
7146.5535158861021,225110,6059,1,"1"
7151.8274876647938,225092,6077,1,"1"
7165.0214483304862,225074,6095,1,"1"
7165.5929818738468,225056,6113,1,"1"
7182.3220614609127,225047,6122,1,"1"
7193.4108202523894,225038,6131,1,"1"
7211.7834935656319,225010,6159,2,"2"
7224.5430830892492,224992,6177,1,"1"
7231.3813129432046,224983,6186,1,"1"
7236.7210977159948,224965,6204,1,"1"
7238.1975900450097,224951,6218,1,"1"
7242.1473733954981,224933,6236,1,"1"
7244.7412343598062,224915,6254,1,"1"
7245.7020888896668,224906,6263,1,"1"
7276.1909814719411,224888,6281,1,"1"
7286.0580478360307,224825,6344,7,"4-1-1-1"
7304.7223259843167,224815,6354,1,"1"
7312.9174029742808,224797,6372,1,"1"
7314.302491204,224788,6381,1,"1"
7326.0467095322065,224770,6399,1,"1"
7326.6164267332733,224752,6417,1,"1"
7349.2057028199315,224734,6435,1,"1"
7374.6286971012978,224723,6446,1,"1"
7380.9636429676657,224705,6464,1,"1"
7382.2094633282268,224687,6482,1,"1"
7386.3710152204876,224669,6500,1,"1"
7388.5676987618199,224659,6510,1,"1"
7393.052417228173,224641,6528,1,"1"
7394.4870326066966,224623,6546,1,"1"
7398.9513035590398,224605,6564,1,"1"
7399.8510558989828,224600,6569,1,"1"
7411.9011251372522,224582,6587,1,"1"
7413.0656673256954,224577,6592,1,"1"
7413.5686499069579,224476,6693,15,"3-3-3-2-2-1-1"
7414.6975266151549,224444,6725,4,"2-1-1"
7420.0566204741963,224406,6763,6,"2-2-1-1"
7434.8065136608266,224371,6798,2,"2"
7438.6799660804627,224353,6816,1,"1"
7447.4540927119142,224335,6834,1,"1"
7451.2375619884297,224325,6844,1,"1"
7457.3862289672934,224300,6869,2,"1-1"
7460.8502375483849,224264,6905,2,"1-1"
7462.3716608368686,224246,6923,1,"1"
7484.0241571686956,224231,6938,3,"1-1-1"
7484.152953575961,224108,7061,15,"3-2-2-2-1-1-1-1-1-1"
7486.7732173567019,224050,7119,5,"2-2-1"
7507.5547372555748,224032,7137,1,"1"
7528.0823062012232,224022,7147,1,"1"
7560.7320804885658,224017,7152,1,"1"
7562.2312114170736,223999,7170,1,"1"
7577.1113352529528,223994,7175,1,"1"
7578.2383950468757,223989,7180,1,"1"
7583.280968535697,223971,7198,1,"1"
7585.0897087694566,223943,7226,2,"1-1"
7599.8603925271218,223912,7257,3,"2-1"
7604.1248970026445,223894,7275,1,"1"
7615.2151570538272,223876,7293,1,"1"
7616.3297315395776,223864,7305,1,"1"
7616.4581149433088,223846,7323,1,"1"
7617.0479821002664,223828,7341,1,"1"
7625.6010136232062,223810,7359,1,"1"
7636.37637881705,223792,7377,1,"1"
7648.9832001851601,223779,7390,1,"1"
7655.2684634006246,223737,7432,5,"2-1-1-1"
7671.9605784199402,223727,7442,1,"1"
7675.6156414157185,223718,7451,1,"1"
7684.4885333955826,223699,7470,3,"2-1"
7685.4509622431551,223671,7498,2,"1-1"
7691.3885343873289,223666,7503,1,"1"
7733.9238422216104,223659,7510,1,"1"
7735.0008687783438,223637,7532,2,"2"
7750.8731009439825,223628,7541,1,"1"
7753.5264664192928,223610,7559,1,"1"
7769.0630774244555,223592,7577,1,"1"
7773.9414756406204,223538,7631,5,"4-1"
7778.3020254457451,223527,7642,1,"1"
7780.8954265947614,223509,7660,1,"1"
7801.4689676793896,223428,7741,9,"7-1-1"
7806.1308800172383,223410,7759,1,"1"
7835.1006689182859,223356,7813,3,"2-1"
7835.4910539155862,223326,7843,3,"3"
7838.8684530328128,223308,7861,1,"1"
7875.779646385834,223297,7872,1,"1"
7877.5637470229494,223292,7877,1,"1"
7886.0989418413992,223274,7895,1,"1"
7887.1625744413013,223220,7949,3,"3"
7888.9277299822515,223202,7967,1,"1"
7890.9574220536615,223184,7985,1,"1"
7895.5770398414934,223150,8019,2,"1-1"
7896.144185666164,223132,8037,1,"1"
7966.4393267077148,223104,8065,4,"3-1"
7977.2011791685754,223086,8083,1,"1"
7981.3945359828995,223041,8128,5,"4-1"
7986.3766796443388,223030,8139,1,"1"
8002.5464412093434,223012,8157,1,"1"
8013.7569636619373,222994,8175,1,"1"
8021.238898138834,222985,8184,1,"1"
8029.5080556223356,222974,8195,1,"1"
8030.7519847199474,222956,8213,1,"1"
8031.2912547808701,222938,8231,1,"1"
8074.8694991527591,222866,8303,6,"3-1-1-1"
8085.7956185876565,222848,8321,1,"1"
8090.4659988117792,222839,8330,1,"1"
8103.548916311649,222803,8366,2,"2"
8117.1674116973327,222785,8384,1,"1"
8138.102507728443,222773,8396,1,"1"
8147.2224701317909,222739,8430,2,"2"
8155.5452038903095,222725,8444,1,"1"
8161.6351450095581,222685,8484,4,"3-1"
8164.681565205271,222667,8502,1,"1"
8166.7802907775786,222649,8520,1,"1"
8172.799734263318,222631,8538,1,"1"
8176.0362549622114,222620,8549,1,"1"
8178.6767796905569,222592,8577,2,"1-1"
8202.4866111921856,222574,8595,1,"1"
8231.4962192210933,222563,8606,1,"1"
8243.3208126591035,222545,8624,1,"1"
8248.3960247130017,222527,8642,1,"1"
8250.218813628233,222513,8656,1,"1"
8250.360151031844,222495,8674,1,"1"
8265.1437358222811,222428,8741,5,"4-1"
8270.1403907419644,222414,8755,1,"1"
8274.426405603388,222396,8773,1,"1"
8287.6471814948909,222378,8791,1,"1"
8314.7695955462041,222364,8805,1,"1"
8318.4828348020601,222328,8841,2,"2"
8338.162692569651,222310,8859,1,"1"
8350.880272479937,222274,8895,2,"2"
8373.5829275050219,222264,8905,1,"1"
8375.3525946781174,222254,8915,1,"1"
8376.2776575438747,222245,8924,1,"1"
8386.0180513033465,222227,8942,1,"1"
8399.1770947540917,222091,9078,16,"5-3-2-2-2-1-1"
8408.5685866396525,222073,9096,1,"1"
8413.1027769826687,222047,9122,2,"2"
8414.580577861565,222029,9140,1,"1"
8416.4531242486355,222011,9158,1,"1"
8440.8174786965028,221997,9172,1,"1"
8445.1480317638507,221979,9190,1,"1"
8471.6635722673091,221961,9208,1,"1"
8479.5927144398775,221943,9226,1,"1"
8479.9494523376998,221925,9244,1,"1"
8483.3346455472474,221907,9262,1,"1"
8502.1385465626699,221893,9276,1,"1"
8508.0105649273701,221875,9294,1,"1"
8510.7880773181714,221857,9312,1,"1"
8527.2904295463868,221839,9330,1,"1"
8530.4953335199843,221803,9366,2,"2"
8547.6680785456774,221792,9377,1,"1"
8584.4017056266875,221782,9387,1,"1"
8588.1094228509883,221410,9759,34,"4-4-3-3-3-3-3-2-2-2-1-1-1-1-1"
8596.6179530059126,221392,9777,1,"1"
8604.7168715441985,221356,9813,2,"1-1"
8621.65569120086,221338,9831,1,"1"
8643.8838666014035,221324,9845,1,"1"
8665.3532728949322,221306,9863,1,"1"
8666.1829006689095,221288,9881,1,"1"
8675.092561256497,221264,9905,2,"1-1"
8676.6938395069446,221246,9923,1,"1"
8694.8638956146569,221228,9941,1,"1"
8740.9752547327353,221210,9959,1,"1"
8759.9161451564323,221192,9977,1,"1"
8761.7657965855324,221174,9995,1,"1"
8762.4448835702424,221158,10011,1,"1"
8769.2552710754371,221108,10061,4,"2-1-1"
8778.28331104479,221090,10079,1,"1"
8791.1059057982366,221072,10097,1,"1"
8797.1868068357817,221048,10121,2,"1-1"
8798.4386367445368,221038,10131,1,"1"
8808.7844207885246,221020,10149,1,"1"
8828.8402102923046,220970,10199,3,"3"
8830.0739632610421,220953,10216,1,"1"
8832.329266565006,220935,10234,1,"1"
8833.5701364435972,220849,10320,7,"3-3-1"
8840.7009116073732,220831,10338,1,"1"
8844.6849045592626,220788,10381,3,"1-1-1"
8848.4486183190184,220757,10412,2,"1-1"
8867.78265224403,220739,10430,1,"1"
8876.3882089915751,220721,10448,1,"1"
8878.4245205992702,220703,10466,1,"1"
8882.6913915756159,220689,10480,2,"2"
8891.459100858674,220653,10516,2,"1-1"
8893.4385731320199,220635,10534,1,"1"
8906.3349641301647,220626,10543,1,"1"
8908.9022342556855,220608,10561,1,"1"
8909.105163622613,220572,10597,2,"2"
8911.5762201038287,220554,10615,1,"1"
8914.7305605112088,220482,10687,4,"2-1-1"
8914.7423503798964,220454,10715,2,"1-1"
8950.8297678950548,220303,10866,15,"2-2-2-2-2-1-1-1-1-1"
8951.5171657499268,220202,10967,10,"5-3-1-1"
8962.2707663578603,220192,10977,1,"1"
8965.5396827502973,220160,11009,3,"2-1"
8966.0028676332258,220108,11061,4,"2-1-1"
8978.1790205588131,220090,11079,1,"1"
8994.2017829879169,220031,11138,5,"4-1"
8998.1161983640977,219977,11192,3,"2-1"
9002.1004705523956,219967,11202,1,"1"
9018.8692547124538,219933,11236,3,"2-1"
9027.3550576913658,219915,11254,1,"1"
9047.1515317733756,219906,11263,1,"1"
9065.2469313814654,219888,11281,1,"1"
9075.4015407068509,219820,11349,6,"4-2"
9094.2443758721074,219802,11367,1,"1"
9108.2278359161301,219784,11385,1,"1"
9119.898890988743,219766,11403,1,"1"
9121.4473690875784,219710,11459,4,"4"
9122.0390648097691,219701,11468,1,"1"
9122.2201731805562,219586,11583,9,"6-1-1-1"
9130.0769240269128,219568,11601,1,"1"
9143.0799775836585,219550,11619,1,"1"
9143.2916389053735,219534,11635,1,"1"
9143.6787021787441,219516,11653,1,"1"
9162.1586912136536,219503,11666,1,"1"
9162.4622163114473,219485,11684,1,"1"
9167.3532814023965,219423,11746,6,"2-2-1-1"
9167.863243447413,219388,11781,3,"2-1"
9169.2656012860698,219370,11799,1,"1"
9172.7865693332296,219309,11860,5,"3-1-1"
9173.0968699365221,219294,11875,1,"1"
9182.4167691307248,219260,11909,3,"3"
9195.4612354438541,219247,11922,1,"1"
9202.7859936839377,219229,11940,1,"1"
9210.989487716357,219199,11970,2,"2"
9211.5603654839306,219185,11984,1,"1"
9213.6243384522259,219057,12112,12,"5-3-2-1-1"
9218.3223975157762,219039,12130,1,"1"
9227.5750727285067,218948,12221,8,"4-2-2"
9231.5846091328549,218930,12239,1,"1"
9244.2207441815717,218912,12257,1,"1"
9247.6886145142234,218876,12293,2,"2"
9250.6740821932581,218840,12329,2,"2"
9257.5199242246654,218822,12347,1,"1"
9264.4352607798119,218804,12365,1,"1"
9269.5385902846137,218786,12383,1,"1"
9274.7898112995081,218750,12419,2,"2"
9283.6538689499921,218732,12437,1,"1"
9304.7627745872251,218714,12455,1,"1"
9312.1469740918892,218696,12473,1,"1"
9313.1905275013251,218678,12491,1,"1"
9319.2531431134194,218660,12509,1,"1"
9329.7217171293032,218642,12527,1,"1"
9332.4735839628993,218628,12541,1,"1"
9332.6798140321007,218588,12581,4,"2-1-1"
9340.182818738338,218570,12599,1,"1"
9340.6730418974657,218552,12617,1,"1"
9347.2511680003427,218534,12635,1,"1"
9369.5761970945532,218516,12653,1,"1"
9388.4691644146096,218498,12671,1,"1"
9390.232890118772,218480,12689,1,"1"
9392.8088517660508,218470,12699,1,"1"
9406.0787576638595,218459,12710,1,"1"
9408.2249347644083,218427,12742,3,"2-1"
9412.9283259700278,218409,12760,1,"1"
9421.3017697712457,218319,12850,6,"3-3"
9423.6620053915449,218301,12868,1,"1"
9432.742680408619,218283,12886,1,"1"
9438.1263922679918,218240,12929,3,"3"
9438.777678533017,218224,12945,1,"1"
9456.2017106388266,218168,13001,4,"1-1-1-1"
9467.6102640649442,218150,13019,1,"1"
9472.7494964752441,218132,13037,1,"1"
9475.6194549245665,216076,15093,161,"32-17-9-8-7-6-6-5-4-4-4-4-4-3-3-3-2-2-2-2-2-2-2-1-1-1-1-1-1-1-1-1-1-1-1-1-1-1-1-1-1-1-1-1-1-1-1-1-1-1-1"
9477.3053129418295,216058,15111,1,"1"
9481.9721760857356,215850,15319,15,"3-2-2-2-1-1-1-1-1-1"
9483.5279935773324,215836,15333,1,"1"
9485.9114208917545,215774,15395,5,"2-1-1-1"
9501.7571887885133,215715,15454,4,"4"
9529.133742682372,215702,15467,1,"1"
9529.2055660447422,215684,15485,1,"1"
9535.5149779271687,215470,15699,15,"5-4-2-1-1-1-1"
9538.1950946213819,215294,15875,13,"4-2-2-1-1-1-1-1"
9543.0724802631212,215276,15893,1,"1"
9558.4543705616306,215258,15911,1,"1"
9562.9199069557453,0,231169,12084,"12084"
----------------------------------------------3
0,231169,0,0,"0"
66.026936226395847,231159,10,1,"1"
108.91301234938126,231158,11,1,"1"
342.70702614299171,231157,12,1,"1"
349.37185223696389,231156,13,1,"1"
355.63156054865124,231155,14,1,"1"
502.6183113606113,231137,32,1,"1"
563.18835757989177,231136,33,1,"1"
570.29185525922969,231118,51,1,"1"
596.79662184081394,231100,69,1,"1"
611.05671607130898,231099,70,1,"1"
626.72610890723161,231098,71,1,"1"
657.12770107171798,231097,72,1,"1"
660.43162499565972,231095,74,2,"1-1"
660.84625174936923,231085,84,1,"1"
707.90634657703617,231084,85,1,"1"
758.71142192689081,231083,86,1,"1"
759.96671172968377,231080,89,3,"3"
764.47256985898787,231078,91,2,"1-1"
819.14287023629959,231077,92,1,"1"
824.24651790674125,231075,94,2,"2"
846.67017249392575,231074,95,1,"1"
885.01857268086849,231072,97,2,"2"
908.30050152687113,231071,98,1,"1"
911.96385368834103,231070,99,1,"1"
920.26581284833662,231069,100,1,"1"
935.1430674983302,231068,101,1,"1"
937.01124285182777,231067,102,1,"1"
951.2362693549502,231065,104,2,"1-1"
954.37144501354896,231063,106,2,"2"
958.05370068509069,231062,107,1,"1"
969.1172055846647,231061,108,1,"1"
1035.8324509052786,231060,109,1,"1"
1037.5079056193208,231059,110,1,"1"
1047.2420669105268,231058,111,1,"1"
1056.9651823181159,231047,122,3,"3"
1070.6853221190072,231046,123,1,"1"
1083.8478957826208,231044,125,2,"2"
1091.7031295832946,231041,128,3,"3"
1108.2648403221961,231040,129,1,"1"
1129.1114948067118,231039,130,1,"1"
1140.7803349643211,231021,148,1,"1"
1151.2861486484971,231020,149,1,"1"
1157.2294383290653,231019,150,1,"1"
1197.1232101923822,231018,151,1,"1"
1215.5655585472632,231000,169,1,"1"
1218.2805253111435,230997,172,1,"1"
1219.7924587212995,230996,173,1,"1"
1223.4323295776192,230995,174,1,"1"
1244.5188415360049,230994,175,1,"1"
1252.5607800221924,230984,185,1,"1"
1271.4219835392935,230979,190,1,"1"
1276.9495994486201,230943,226,2,"1-1"
1286.5554613219708,230942,227,1,"1"
1287.4055557090733,230941,228,1,"1"
1321.7265529187807,230940,229,1,"1"
1356.2303027530563,230938,231,2,"1-1"
1371.3543809531996,230920,249,1,"1"
1379.9318104215981,230919,250,1,"1"
1391.31697144852,230910,259,1,"1"
1408.3465497237344,230909,260,1,"1"
1424.1361668435547,230899,270,1,"1"
1428.458379994544,230898,271,1,"1"
1472.177733235623,230895,274,1,"1"
1482.5243259539416,230894,275,1,"1"
1506.4742996900861,230893,276,1,"1"
1525.1670256761306,230892,277,1,"1"
1561.0193630271797,230889,280,3,"2-1"
1567.1159289253321,230884,285,1,"1"
1595.0966056323387,230883,286,1,"1"
1610.1114349978511,230881,288,2,"2"
1617.3980370042345,230880,289,1,"1"
1649.2600451406411,230879,290,1,"1"
1668.2843333913218,230872,297,3,"2-1"
1668.6319151308305,230869,300,3,"3"
1674.062041108765,230851,318,1,"1"
1698.3064282753135,230849,320,2,"2"
1699.8540756247605,230846,323,3,"3"
1705.3603612396034,230844,325,2,"1-1"
1709.9743432189523,230843,326,1,"1"
1710.6269598561703,230831,338,4,"3-1"
1713.6999199728805,230811,358,2,"1-1"
1715.2138560185062,230795,374,1,"1"
1720.7180918276508,230793,376,2,"2"
1735.597846560423,230775,394,1,"1"
1750.8343495182307,230774,395,1,"1"
1773.1647027205136,230760,409,1,"1"
1803.8412896450325,230758,411,2,"2"
1803.8998292299941,230755,414,1,"1"
1819.6489088375386,230754,415,1,"1"
1819.663141184092,230753,416,1,"1"
1834.9559334566154,230752,417,1,"1"
1845.0934370803996,230751,418,1,"1"
1849.8923808243239,230750,419,1,"1"
1859.4814620979917,230747,422,1,"1"
1870.3754398457943,230745,424,2,"2"
1891.0561910754061,230744,425,1,"1"
1898.5913692130166,230741,428,3,"2-1"
1899.0138944710202,230738,431,1,"1"
1904.7302934921699,230737,432,1,"1"
1912.696640052435,230736,433,1,"1"
1921.4215070122643,230735,434,1,"1"
1938.7267046203685,230734,435,1,"1"
1943.1365690869043,230733,436,1,"1"
1947.245060570325,230732,437,1,"1"
1955.7637290149323,230722,447,10,"6-2-1-1"
1956.2789553842067,230718,451,4,"2-1-1"
1960.3747540677577,230715,454,3,"2-1"
1960.8840375374759,230714,455,1,"1"
1961.9079694203522,230712,457,2,"1-1"
1990.1588685173965,230702,467,1,"1"
2006.8587912877069,230701,468,1,"1"
2018.5217966846844,230691,478,2,"2"
2025.6570780414324,230673,496,1,"1"
2032.4649115377181,230655,514,1,"1"
2062.0919128345417,230654,515,1,"1"
2081.0962959744793,230653,516,1,"1"
2101.0171111615291,230652,517,1,"1"
2103.319147053182,230651,518,1,"1"
2112.2224246508213,230648,521,3,"2-1"
2112.9417886196684,230643,526,1,"1"
2116.7493656660581,230642,527,1,"1"
2118.521206998746,230624,545,1,"1"
2119.9095292673578,230621,548,1,"1"
2151.1270617038799,230618,551,1,"1"
2153.1532232632348,230600,569,1,"1"
2191.2784020368722,230591,578,1,"1"
2222.5986980723656,230590,579,1,"1"
2234.2569876253665,230572,597,1,"1"
2275.6508928223639,230554,615,1,"1"
2321.0613031112343,230549,620,1,"1"
2345.9283096406816,230548,621,1,"1"
2359.9097721267394,230540,629,2,"1-1"
2363.4453217917426,230522,647,1,"1"
2373.2523888758578,230513,656,1,"1"
2382.3216075928026,230512,657,1,"1"
2434.1952723402651,230511,658,1,"1"
2461.133686114214,230506,663,1,"1"
2480.6563296202962,230505,664,1,"1"
2488.5684249690266,230504,665,1,"1"
2498.6919393215853,230499,670,1,"1"
2500.6648600386266,230487,682,1,"1"
2506.106714163674,230486,683,1,"1"
2509.314210134828,230485,684,1,"1"
2514.0434660228734,230483,686,2,"2"
2516.7872565666967,230480,689,3,"3"
2518.6449833138508,230473,696,3,"3"
2527.7105822726817,230460,709,3,"1-1-1"
2536.3312071752912,230442,727,1,"1"
2544.5547802317465,230440,729,2,"2"
2547.652569922624,230437,732,3,"3"
2564.9287865758329,230427,742,1,"1"
2586.9645033146453,230417,752,1,"1"
2588.8949331256918,230407,762,1,"1"
2591.7842843110625,230406,763,1,"1"
2602.6133441135771,230403,766,1,"1"
2611.5993311334114,230402,767,1,"1"
2630.5613177546225,230400,769,2,"2"
2633.7904827559164,230399,770,1,"1"
2658.2974675200198,230398,771,1,"1"
2662.1730917908103,230393,776,1,"1"
2688.0145064783956,230375,794,1,"1"
2701.0568316264166,230374,795,1,"1"
2725.046509248104,230356,813,1,"1"
2780.8065566382165,230353,816,1,"1"
2791.120545485905,230352,817,1,"1"
2806.2851363372765,230334,835,1,"1"
2825.7205704340686,230329,840,1,"1"
2839.4676030613768,230327,842,2,"1-1"
2876.0459747908503,230309,860,1,"1"
2882.428125115307,230303,866,2,"1-1"
2888.1484157230093,230293,876,1,"1"
2892.1265317926618,230292,877,1,"1"
2892.4945156900139,230274,895,2,"1-1"
2895.5057825004451,230273,896,1,"1"
2897.4457890890153,230267,902,2,"2"
2927.729202169724,230249,920,1,"1"
2928.6535647601322,230248,921,1,"1"
2944.0183156742228,230246,923,2,"1-1"
2977.0954392114409,230232,937,1,"1"
3022.6560968719705,230214,955,1,"1"
3060.2305808371111,230209,960,1,"1"
3063.2470447361143,230199,970,1,"1"
3074.2915762032476,230196,973,3,"3"
3087.3547254456776,230186,983,1,"1"
3090.7353532554698,230168,1001,1,"1"
3101.7965406999469,230150,1019,1,"1"
3118.2909143660036,230132,1037,1,"1"
3161.3331979877985,230114,1055,1,"1"
3168.6797126137967,230111,1058,1,"1"
3189.5802018097311,230108,1061,1,"1"
3196.2631824422979,230092,1077,1,"1"
3205.239578588013,230074,1095,1,"1"
3233.7274463186045,230038,1131,2,"1-1"
3306.0804263450536,230035,1134,1,"1"
3322.0790606235291,230032,1137,1,"1"
3371.3526472726571,230014,1155,1,"1"
3377.1303345799029,230009,1160,1,"1"
3392.5446715475696,229996,1173,1,"1"
3399.6925386688522,229991,1178,1,"1"
3409.0349687587059,229974,1195,1,"1"
3419.8321951289754,229920,1249,3,"2-1"
3430.538381142137,229919,1250,1,"1"
3434.21720311847,229916,1253,1,"1"
3484.6571173792172,229915,1254,1,"1"
3498.8834197797355,229914,1255,1,"1"
3539.1674491580748,229913,1256,1,"1"
3549.3704808622574,229908,1261,1,"1"
3557.8814216286328,229903,1266,1,"1"
3566.4464174667232,229885,1284,1,"1"
3567.888849664942,229867,1302,1,"1"
3595.2974556556383,229849,1320,1,"1"
3600.9889959048214,229844,1325,1,"1"
3621.5635009006596,229826,1343,1,"1"
3639.7662843465287,229808,1361,1,"1"
3648.5714078204905,229790,1379,1,"1"
3658.4067951252728,229789,1380,1,"1"
3662.2004537975195,229782,1387,1,"1"
3676.1707649933742,229774,1395,2,"1-1"
3685.1927033621296,229756,1413,1,"1"
3694.5683565509312,229738,1431,1,"1"
3698.5055748123932,229720,1449,1,"1"
3711.2171610588357,229710,1459,1,"1"
3712.5553070135429,229700,1469,1,"1"
3713.0312504303379,229697,1472,1,"1"
3786.6407864354205,229682,1487,3,"3"
3837.4178079337876,229676,1493,2,"2"
3881.4390515545588,229658,1511,1,"1"
3885.7452782878054,229648,1521,2,"1-1"
3917.0186175502345,229630,1539,1,"1"
3923.0555451580553,229625,1544,1,"1"
3940.3092859339304,229615,1554,1,"1"
3986.3053867929657,229610,1559,1,"1"
3997.0265561786705,229593,1576,1,"1"
4002.1869835180855,229575,1594,1,"1"
4030.087054638765,229561,1608,1,"1"
4049.792542996116,229543,1626,1,"1"
4135.7536011390121,229525,1644,1,"1"
4147.569718367693,229520,1649,1,"1"
4169.0950924330918,229502,1667,1,"1"
4187.8358016821876,229499,1670,1,"1"
4213.8206040055393,229481,1688,1,"1"
4216.5118171072991,229463,1706,1,"1"
4231.8096607582529,229453,1716,1,"1"
4241.2567558020137,229448,1721,1,"1"
4243.0836419307807,229418,1751,6,"4-2"
4258.1617898025124,229400,1769,1,"1"
4264.2937335584675,229382,1787,1,"1"
4304.2026195997705,229358,1811,4,"4"
4317.708514112961,229355,1814,1,"1"
4344.5121018235204,229345,1824,1,"1"
4364.5353394255862,229327,1842,1,"1"
4395.1556113799634,229318,1851,1,"1"
4404.1287064211247,229308,1861,2,"2"
4434.5533121613171,229301,1868,1,"1"
4437.9703808572631,229283,1886,1,"1"
4438.1339727173581,229265,1904,1,"1"
4450.1744518376399,229247,1922,1,"1"
4450.6781709249426,229211,1958,2,"2"
4506.7183552602864,229203,1966,2,"1-1"
4508.4754484926625,229185,1984,1,"1"
4516.6887500880803,229167,2002,1,"1"
4523.9546645810724,229157,2012,1,"1"
4580.6300581921414,229139,2030,1,"1"
4584.4664279791423,229121,2048,1,"1"
4597.4697794838148,229118,2051,1,"1"
4605.2608796252862,229113,2056,1,"1"
4660.5768039224768,229095,2074,1,"1"
4667.8300926807851,229077,2092,1,"1"
4682.7302077818076,229074,2095,1,"1"
4724.075940847225,229062,2107,1,"1"
4781.3805007567717,229057,2112,1,"1"
4823.2817159222004,229052,2117,1,"1"
4834.961919582378,229047,2122,1,"1"
4856.7382592071453,229040,2129,1,"1"
4867.7087462132786,229026,2143,1,"1"
4871.5135469504457,229008,2161,1,"1"
4892.8999844004938,229005,2164,1,"1"
4905.8213281521957,228987,2182,1,"1"
4912.6434727605983,228973,2196,4,"2-1-1"
4921.4111748541618,228955,2214,1,"1"
4940.2033883827053,228937,2232,1,"1"
4951.8234538818306,228927,2242,2,"2"
4961.3632032826536,228912,2257,5,"3-2"
4994.2681543543049,228894,2275,1,"1"
4997.1085581560492,228876,2293,1,"1"
5019.6836269556525,228866,2303,1,"1"
5039.9616419595131,228861,2308,1,"1"
5041.5600037010799,228844,2325,1,"1"
5053.5489671622654,228826,2343,1,"1"
5063.1114156021749,228808,2361,1,"1"
5066.0400064686291,228790,2379,1,"1"
5090.4902944784417,228754,2415,2,"2"
5093.3452005541103,228736,2433,1,"1"
5107.3261279132084,228720,2449,1,"1"
5161.3876505117196,228717,2452,1,"1"
5177.8583888528428,228699,2470,1,"1"
5183.3846341151566,228688,2481,3,"2-1"
5186.3485239878464,228666,2503,4,"4"
5196.2729065345675,228648,2521,1,"1"
5258.0697876471604,228630,2539,1,"1"
5275.1992105523886,228612,2557,1,"1"
5278.4662166749222,228594,2575,1,"1"
5281.427677520689,228584,2585,2,"2"
5287.3543293801067,228575,2594,1,"1"
5304.204742690079,228565,2604,1,"1"
5329.3793147963288,228547,2622,1,"1"
5330.2017371201773,228529,2640,1,"1"
5334.2689265037625,228519,2650,1,"1"
5359.2701512344602,228508,2661,1,"1"
5360.7613660103079,228490,2679,1,"1"
5386.238077730568,228472,2697,1,"1"
5386.4398290037789,228467,2702,1,"1"
5405.6315902491024,228453,2716,1,"1"
5419.1354635428406,228435,2734,1,"1"
5428.0602883951578,228417,2752,1,"1"
5430.580710076697,228410,2759,1,"1"
5432.7797909628825,228392,2777,1,"1"
5433.8636402750844,228389,2780,1,"1"
5454.9513619123009,228371,2798,1,"1"
5469.8130512557818,228359,2810,2,"2"
5490.1592574456763,228341,2828,1,"1"
5490.4252615320111,228304,2865,7,"5-1-1"
5505.451389461341,228286,2883,1,"1"
5549.8486763647588,228268,2901,1,"1"
5558.2457227867999,228250,2919,1,"1"
5560.3479324716145,228232,2937,1,"1"
5567.0418158018829,228226,2943,2,"2"
5580.7133727172495,228221,2948,1,"1"
5589.8504351471993,228216,2953,1,"1"
5595.068365955065,228192,2977,4,"2-1-1"
5599.0720803737067,228174,2995,1,"1"
5610.1026893562066,228169,3000,1,"1"
5623.8525825269662,228159,3010,2,"2"
5623.9766001026674,228141,3028,1,"1"
5625.1940423453489,228134,3035,1,"1"
5630.8457861769666,228098,3071,2,"2"
5654.5139040010463,228080,3089,1,"1"
5662.7708017435943,228063,3106,1,"1"
5670.3701582336926,228045,3124,1,"1"
5673.1899556693097,228027,3142,1,"1"
5694.4008645899703,228008,3161,3,"2-1"
5704.6093162617954,228003,3166,1,"1"
5723.5560297110196,227985,3184,1,"1"
5727.3931725765424,227967,3202,1,"1"
5728.093128208111,227964,3205,1,"1"
5740.802574362503,227948,3221,1,"1"
5776.7420489994829,227930,3239,1,"1"
5790.3415919412128,227912,3257,1,"1"
5809.9354290462861,227902,3267,2,"2"
5812.6658460680783,227884,3285,1,"1"
5824.3006856318443,227854,3315,2,"1-1"
5862.733894119975,227847,3322,1,"1"
5879.0834936163483,227842,3327,1,"1"
5886.5760183683233,227824,3345,1,"1"
5886.6533987228795,227814,3355,1,"1"
5914.4410472844993,227804,3365,2,"1-1"
5935.2898554631729,227799,3370,1,"1"
5942.8997857519298,227792,3377,1,"1"
5952.8052940594707,227774,3395,1,"1"
5957.1464817062788,227764,3405,1,"1"
5959.490213401531,227746,3423,1,"1"
5961.6878260772255,227741,3428,1,"1"
5965.463007342797,227721,3448,2,"2"
5972.975396913429,227718,3451,1,"1"
5974.0204750963703,227704,3465,1,"1"
5974.5715160454147,227674,3495,2,"1-1"
5975.3427726569871,227656,3513,1,"1"
5979.7644567496181,227647,3522,1,"1"
5994.4381973953505,227629,3540,1,"1"
5996.2255046547452,227626,3543,1,"1"
6017.5193387074769,227612,3557,2,"2"
6059.4412745505078,227594,3575,1,"1"
6064.3691468523439,227589,3580,1,"1"
6084.1531162818565,227571,3598,1,"1"
6101.9308149813842,227553,3616,1,"1"
6116.481114661141,227543,3626,1,"1"
6120.1695182848725,227525,3644,1,"1"
6148.1573752085487,227516,3653,1,"1"
6165.0958535056716,227498,3671,1,"1"
6187.8436117409392,227478,3691,2,"1-1"
6188.6893476312225,227473,3696,1,"1"
6190.304393369478,227455,3714,1,"1"
6235.7043969357965,227437,3732,1,"1"
6245.9196113605331,227419,3750,1,"1"
6246.6206917672016,227383,3786,2,"2"
6263.3646907917691,227373,3796,1,"1"
6272.5180642549476,227355,3814,1,"1"
6285.8413994306275,227337,3832,1,"1"
6291.9787846454819,227319,3850,1,"1"
6295.1465192482592,227287,3882,4,"4"
6295.5988800242312,227277,3892,1,"1"
6313.9356426708155,227272,3897,1,"1"
6315.8996898234373,227267,3902,1,"1"
6319.8283515800858,227249,3920,1,"1"
6324.7009718764511,227231,3938,1,"1"
6348.2788548848539,227215,3954,4,"2-2"
6363.1766363124561,227197,3972,1,"1"
6369.1255182903342,227179,3990,1,"1"
6394.0927909793263,227135,4034,4,"4"
6395.8706895186924,227128,4041,1,"1"
6413.6835427140568,227095,4074,5,"1-1-1-1-1"
6417.3368575506674,227075,4094,4,"3-1"
6433.1651804183884,227061,4108,2,"2"
6435.7514399678148,227043,4126,1,"1"
6436.2784363968522,227033,4136,1,"1"
6438.5713546798615,227015,4154,1,"1"
6439.7198508781448,226997,4172,1,"1"
6472.7789120203915,226979,4190,1,"1"
6472.7861964420927,226969,4200,1,"1"
6488.4935357461873,226951,4218,1,"1"
6489.9297905732446,226933,4236,1,"1"
6491.2899914379641,226915,4254,1,"1"
6495.2698900519572,226886,4283,5,"5"
6517.4265375991981,226868,4301,1,"1"
6530.0478875870967,226850,4319,1,"1"
6536.6543146445429,226832,4337,1,"1"
6543.2365091552938,226788,4381,6,"2-2-1-1"
6543.5375297275677,226770,4399,2,"2"
6556.6345471901268,226752,4417,1,"1"
6557.4269998144073,226743,4426,1,"1"
6562.440408633197,226725,4444,1,"1"
6564.3290694256157,226701,4468,4,"3-1"
6575.0937421345616,226683,4486,1,"1"
6610.8124193208705,226665,4504,1,"1"
6612.8260523087602,226652,4517,1,"1"
6614.3457703921686,226643,4526,1,"1"
6624.6835025945829,226638,4531,1,"1"
6632.1735847885693,226620,4549,1,"1"
6634.4290146965122,226602,4567,1,"1"
6636.0924261663422,226584,4585,1,"1"
6637.7984427343417,226566,4603,1,"1"
6647.9574768714983,226530,4639,2,"1-1"
6675.9837333618207,226510,4659,2,"1-1"
6678.6282052542647,226492,4677,1,"1"
6679.762330334418,226477,4692,3,"3"
6687.0822248703371,226459,4710,1,"1"
6690.4709379925234,226429,4740,2,"1-1"
6706.4497337889297,226411,4758,1,"1"
6709.1429977986481,226393,4776,1,"1"
6709.1843805918234,226388,4781,1,"1"
6709.3679070978487,226364,4805,2,"2"
6717.421832468669,226346,4823,1,"1"
6732.017139052884,226328,4841,1,"1"
6742.0745782965096,226292,4877,2,"2"
6743.4063192562735,226274,4895,1,"1"
6744.8014291144318,226256,4913,1,"1"
6765.784292601691,226220,4949,2,"2"
6767.294263076491,226202,4967,1,"1"
6803.8886350109633,226163,5006,5,"3-2"
6804.6220339438942,226156,5013,1,"1"
6807.733673260137,226136,5033,2,"2"
6808.1637024700967,226118,5051,1,"1"
6813.2042969258409,226100,5069,1,"1"
6821.2419503977408,226082,5087,1,"1"
6827.2153149358446,226064,5105,1,"1"
6842.1046263146764,226046,5123,2,"2"
6846.4545629715667,226028,5141,1,"1"
6849.6451124002924,225992,5177,2,"1-1"
6852.9377163808767,225978,5191,2,"2"
6854.7036327960777,225971,5198,1,"1"
6854.957676204338,225935,5234,3,"2-1"
6865.5537282471378,225921,5248,1,"1"
6872.3583251133032,225903,5266,1,"1"
6884.9289794444603,225650,5519,35,"8-3-3-3-2-2-2-2-2-2-1-1-1-1-1-1"
6896.6329150495585,225632,5537,1,"1"
6916.9279777249658,225620,5549,1,"1"
6921.4571088579478,225604,5565,1,"1"
6922.3872721193302,225599,5570,1,"1"
6939.8333376604942,225589,5580,1,"1"
6943.7095048056517,225579,5590,1,"1"
6954.5318794810601,225569,5600,1,"1"
6955.8893719543739,225534,5635,5,"2-2-1"
6960.1847290470769,225498,5671,2,"1-1"
6967.3391990252785,225468,5701,3,"2-1"
6973.9027090123682,225451,5718,3,"2-1"
6976.5861161597695,225429,5740,2,"1-1"
6977.9982396326459,225411,5758,1,"1"
6985.1072315961283,225398,5771,1,"1"
6998.498253972356,225303,5866,11,"4-3-2-1-1"
7026.0049168003079,225285,5884,1,"1"
7026.8648935728124,225270,5899,1,"1"
7030.8225255339421,225252,5917,1,"1"
7040.0626884298772,225247,5922,1,"1"
7049.0849715602153,225230,5939,1,"1"
7069.665620283753,225212,5957,1,"1"
7077.2456582226769,225192,5977,2,"1-1"
7078.7520989079712,225174,5995,1,"1"
7087.4485650965207,225156,6013,1,"1"
7094.7306669539139,225138,6031,1,"1"
7102.863878268312,225120,6049,1,"1"
7108.4936672640397,225105,6064,3,"2-1"
7119.9598575818327,225096,6073,1,"1"
7122.1388407570439,225078,6091,1,"1"
7132.3348289919686,225024,6145,3,"3"
7135.9672628146272,225006,6163,1,"1"
7141.0787702480038,224988,6181,1,"1"
7160.599531405187,224968,6201,2,"2"
7168.0707358787786,224958,6211,1,"1"
7182.1060730075887,224940,6229,1,"1"
7203.808133943885,224931,6238,1,"1"
7206.8225985366998,224913,6256,1,"1"
7213.4446558117579,224895,6274,1,"1"
7214.1341800068813,224859,6310,2,"2"
7217.1494783844937,224823,6346,2,"2"
7227.18084813319,224805,6364,1,"1"
7234.7453907975305,224785,6384,2,"1-1"
7249.9518406993247,224767,6402,1,"1"
7251.4219476827811,224749,6420,1,"1"
7272.774670880568,224739,6430,2,"1-1"
7278.4223616444851,224721,6448,1,"1"
7286.9036380979924,224711,6458,1,"1"
7309.5070170126328,224693,6476,1,"1"
7315.662467020039,224675,6494,1,"1"
7336.0726053071812,224657,6512,1,"1"
7338.5446305306523,224639,6530,1,"1"
7339.1224610629533,224621,6548,1,"1"
7348.6481002372038,224611,6558,1,"1"
7360.8761893773017,224601,6568,1,"1"
7374.5835780607358,224591,6578,1,"1"
7382.7366307797683,224578,6591,1,"1"
7384.6258813550066,224560,6609,1,"1"
7394.9351409752544,224542,6627,1,"1"
7418.714319070943,224528,6641,1,"1"
7424.6057562747019,224510,6659,1,"1"
7434.7193651282259,224501,6668,1,"1"
7437.5109472473805,224483,6686,1,"1"
7439.3273848475164,224470,6699,1,"1"
7444.3554640689144,224452,6717,1,"1"
7452.8153605378229,224402,6767,4,"3-1"
7456.2250310045774,224384,6785,1,"1"
7461.8035922487434,224379,6790,1,"1"
7465.8889148433636,224361,6808,1,"1"
7486.3127544588169,224342,6827,3,"1-1-1"
7498.8719775691088,224333,6836,1,"1"
7511.7552124249987,224315,6854,1,"1"
7514.2519150193511,224297,6872,1,"1"
7520.2871002459206,224279,6890,1,"1"
7528.9600389938441,224261,6908,1,"1"
7535.4774457978028,224243,6926,1,"1"
7537.8878812962612,224225,6944,1,"1"
7538.2694804241719,224210,6959,1,"1"
7546.2492320418842,224192,6977,1,"1"
7557.3832952716866,224174,6995,1,"1"
7580.1601513671312,224169,7000,1,"1"
7584.8286259175575,224159,7010,2,"2"
7588.4499200822811,224149,7020,1,"1"
7593.4854634372896,224061,7108,10,"4-3-1-1-1"
7595.0691931054653,224031,7138,4,"3-1"
7598.7787401591868,223958,7211,11,"4-2-1-1-1-1-1"
7605.3825865182398,223940,7229,1,"1"
7608.8748205697038,223922,7247,1,"1"
7610.4410846564761,223890,7279,4,"2-2"
7614.4831269981805,223881,7288,1,"1"
7627.2386124790883,223863,7306,1,"1"
7633.6274672275513,223853,7316,1,"1"
7636.5954061539232,223835,7334,1,"1"
7658.651432452054,223825,7344,1,"1"
7676.3890029725326,223801,7368,2,"1-1"
7678.810348199544,223783,7386,1,"1"
7698.4188421311474,223765,7404,1,"1"
7699.5516212855437,223747,7422,1,"1"
7703.3542673380116,223647,7522,12,"3-2-2-2-1-1-1"
7712.6011315492788,223636,7533,1,"1"
7713.0478600077322,223622,7547,2,"2"
7744.3328439006882,223600,7569,2,"2"
7746.0136674915802,223590,7579,1,"1"
7751.1639984359408,223572,7597,1,"1"
7753.690176587651,223536,7633,2,"2"
7754.6552238710165,223518,7651,1,"1"
7774.6588668141794,223500,7669,1,"1"
7780.4277372881452,223398,7771,8,"5-2-1"
7784.4118945220689,223380,7789,1,"1"
7790.1604445696694,223362,7807,1,"1"
7803.0950775983747,223328,7841,2,"1-1"
7805.4527622500191,223276,7893,5,"2-1-1-1"
7818.3132899906323,223240,7929,2,"2"
7830.5977065981069,223222,7947,1,"1"
7831.8214381525304,223206,7963,1,"1"
7832.7514854745141,223188,7981,1,"1"
7864.7430989889572,223152,8017,2,"2"
7868.5653524378768,223134,8035,1,"1"
7868.8559874729299,223116,8053,1,"1"
7871.0146824335061,223101,8068,3,"3"
7872.157609494162,223091,8078,1,"1"
7883.9473552419331,223073,8096,1,"1"
7897.9748715044652,223064,8105,1,"1"
7920.7951756548118,223046,8123,1,"1"
7935.5293404398863,223029,8140,1,"1"
7937.1557396399421,223011,8158,1,"1"
7961.11165674942,222993,8176,1,"1"
7979.7632118313159,222975,8194,1,"1"
7985.8102860059798,222957,8212,1,"1"
7988.6443005203164,222939,8230,1,"1"
8004.1080496550512,222921,8248,1,"1"
8007.9137641856614,222916,8253,1,"1"
8010.2488098894746,222898,8271,1,"1"
8012.3480940887239,222872,8297,2,"2"
8050.3649662010112,222854,8315,1,"1"
8060.632790487869,222836,8333,1,"1"
8089.3837346546024,222818,8351,1,"1"
8090.31687737419,222800,8369,1,"1"
8094.8936452851922,222782,8387,1,"1"
8097.4767985315902,222764,8405,1,"1"
8099.2043734461568,222719,8450,5,"4-1"
8099.5965913518421,222683,8486,2,"2"
8107.745017957046,222656,8513,3,"3"
8116.7860343846496,222638,8531,1,"1"
8126.1992813951065,222620,8549,1,"1"
8130.6115427947716,222602,8567,1,"1"
8136.1695250611101,222584,8585,1,"1"
8139.1329105744853,222566,8603,1,"1"
8148.2265621076613,222548,8621,1,"1"
8154.8978817609341,222514,8655,3,"2-1"
8161.4850564811495,222496,8673,1,"1"
8165.6105653985423,222460,8709,2,"2"
8172.3880521753226,222442,8727,1,"1"
8199.2116244245626,222420,8749,2,"2"
8202.2431012744582,222408,8761,1,"1"
8203.2748857990937,222390,8779,1,"1"
8207.9114630053227,222378,8791,1,"1"
8223.0196124653157,222363,8806,1,"1"
8230.8719631894528,222345,8824,1,"1"
8238.1061913078938,222303,8866,3,"3"
8257.0524055978494,222267,8902,2,"2"
8262.8432496302412,222249,8920,1,"1"
8279.8926672136186,222225,8944,2,"2"
8280.7156135649548,222207,8962,1,"1"
8295.3060596328505,222175,8994,4,"4"
8316.9683710180761,222168,9001,1,"1"
8317.0615333826117,222151,9018,1,"1"
8319.4732048051592,222133,9036,1,"1"
8324.7576180175547,222115,9054,1,"1"
8339.9099551062536,222097,9072,1,"1"
8342.0623587877453,222079,9090,1,"1"
8343.1439883635248,222061,9108,1,"1"
8344.5205369916257,222043,9126,1,"1"
8353.4662410530836,222025,9144,1,"1"
8371.1129976000593,222015,9154,2,"2"
8379.4758708255413,221943,9226,4,"2-1-1"
8380.0858597002043,221912,9257,3,"2-1"
8380.3133817805283,221894,9275,1,"1"
8380.3302077761909,221876,9293,1,"1"
8417.9019063955711,221858,9311,1,"1"
8431.2677902377909,221840,9329,1,"1"
8479.3854300946459,221804,9365,2,"1-1"
8498.3469131262827,221786,9383,1,"1"
8506.2302342598723,221583,9586,20,"5-3-2-2-2-1-1-1-1-1-1"
8508.1924580640225,221578,9591,1,"1"
8509.223262670539,221560,9609,1,"1"
8523.0015605324461,221542,9627,1,"1"
8523.8522743276226,221533,9636,1,"1"
8528.7500571964101,221515,9654,1,"1"
8529.3001513415329,221479,9690,2,"1-1"
8531.588026461448,221461,9708,1,"1"
8531.9503364563934,221439,9730,2,"2"
8540.9621806568939,221421,9748,1,"1"
8566.6957933426529,221408,9761,1,"1"
8569.1277190263827,221362,9807,3,"3"
8571.0350633340022,221355,9814,1,"1"
8577.2323250518602,221337,9832,1,"1"
8577.514620084632,221291,9878,4,"3-1"
8577.5906859685583,221273,9896,1,"1"
8590.3534046758668,221237,9932,2,"2"
8594.6445943645031,221228,9941,1,"1"
8601.1477246564882,221188,9981,3,"3"
8611.5182936976307,221170,9999,1,"1"
8620.6476358399977,221138,10031,2,"2"
8685.7725570368202,221120,10049,1,"1"
8694.8059877486576,221022,10147,10,"7-2-1"
8703.0245590691411,221012,10157,2,"1-1"
8703.3429277825162,220994,10175,1,"1"
8704.0518227925677,220972,10197,2,"2"
8717.4943755384047,220873,10296,12,"8-2-2"
8740.1453919270643,220837,10332,2,"1-1"
8753.7092344813409,220759,10410,5,"3-1-1"
8765.7837058078567,220741,10428,1,"1"
8768.6781931501828,220729,10440,1,"1"
8770.6860580336888,220711,10458,1,"1"
8776.4480517931752,220693,10476,1,"1"
8794.2066620735004,220675,10494,1,"1"
8797.5940825961497,220658,10511,1,"1"
8800.5734713598886,220622,10547,2,"2"
8802.6319570730338,220595,10574,3,"3"
8809.355581371623,220548,10621,5,"2-2-1"
8811.1634055755658,220530,10639,1,"1"
8815.1101511684919,220512,10657,1,"1"
8826.7260226627059,220494,10675,1,"1"
8830.5938649208711,220463,10706,3,"2-1"
8835.5939303115629,220435,10734,2,"1-1"
8838.6285066586934,220286,10883,15,"5-3-2-1-1-1-1-1"
8839.3936887111195,220268,10901,1,"1"
8879.9716730172859,220250,10919,1,"1"
8884.9243236127404,220232,10937,1,"1"
8893.1495007072335,220206,10963,2,"2"
8899.3156942840033,220188,10981,1,"1"
8902.3876158686453,220181,10988,1,"1"
8909.5247859199444,220163,11006,1,"1"
8910.3213329787541,220145,11024,1,"1"
8912.3956091395503,220015,11154,10,"3-2-2-1-1-1"
8914.6772391398299,219997,11172,1,"1"
8935.1344171005749,219743,11426,21,"4-3-2-2-1-1-1-1-1-1-1-1-1-1"
8943.221005147203,219725,11444,1,"1"
8976.7651472632333,219462,11707,21,"4-3-3-2-2-1-1-1-1-1-1-1"
8988.8077764720601,219444,11725,1,"1"
8991.2847818619211,219418,11751,2,"2"
8995.1431891003685,219407,11762,1,"1"
8996.6255593140831,219395,11774,1,"1"
9007.5844715300391,219015,12154,34,"6-6-4-3-2-2-2-1-1-1-1-1-1-1-1-1"
9010.1938015633368,218997,12172,1,"1"
9015.4747139855572,218979,12190,1,"1"
9017.0762506836272,218944,12225,2,"2"
9019.4000635628054,218918,12251,2,"2"
9020.9106589802304,218905,12264,1,"1"
9044.206778435615,218887,12282,1,"1"
9045.8699692008176,218833,12336,3,"2-1"
9049.3836348186924,218339,12830,42,"7-4-4-4-3-3-2-2-2-2-2-1-1-1-1-1-1-1"
9059.7188869791771,218327,12842,1,"1"
9061.3450242930321,218309,12860,1,"1"
9065.6297490515844,218226,12943,7,"3-3-1"
9067.8818430858264,218208,12961,1,"1"
9094.8735350008028,218190,12979,1,"1"
9098.3912257617303,218172,12997,1,"1"
9104.566608296167,218154,13015,1,"1"
9105.4516242589434,218118,13051,2,"2"
9124.7950489929444,218082,13087,2,"2"
9131.6099235523197,217939,13230,12,"3-3-2-1-1-1-1"
9140.8197851082077,217921,13248,1,"1"
9141.9682661050865,217875,13294,4,"2-1-1"
9142.60722916548,217719,13450,13,"4-3-2-1-1-1-1"
9149.9752294797036,217683,13486,2,"2"
9150.3745093405869,217665,13504,1,"1"
9152.896282006117,217647,13522,1,"1"
9158.2013582488526,217611,13558,2,"2"
9161.7125371433467,217593,13576,1,"1"
9162.1546868923597,217575,13594,1,"1"
9166.6736357152786,217478,13691,9,"5-2-1-1"
9178.6613248857357,217467,13702,1,"1"
9192.9258522373602,217431,13738,2,"1-1"
9195.7383478488991,217413,13756,1,"1"
9197.042165808436,217397,13772,1,"1"
9211.5158415426686,217379,13790,1,"1"
9211.7394924729924,217361,13808,1,"1"
9214.1654964622921,217343,13826,1,"1"
9222.7325772125114,217325,13844,1,"1"
9227.3408855420003,217307,13862,1,"1"
9249.636878811878,217294,13875,1,"1"
9255.417123087549,217276,13893,1,"1"
9255.7899966357836,217049,14120,18,"3-2-2-2-1-1-1-1-1-1-1-1-1"
9258.2502702034417,217039,14130,1,"1"
9263.5147308377218,217021,14148,1,"1"
9266.2962310710864,217003,14166,1,"1"
9274.0819162700609,216973,14196,2,"2"
9285.5308112535076,216508,14661,34,"3-2-2-2-2-2-2-2-2-1-1-1-1-1-1-1-1-1-1-1-1-1-1-1"
9289.7089184185934,216494,14675,1,"1"
9294.6334346203639,216384,14785,7,"3-2-1-1"
9304.2729046862751,216172,14997,15,"4-4-2-2-1-1-1"
9308.6760638302112,0,231169,12163,"12163"
----------------------------------------------4
0,231169,0,0,"0"
111.94647695679782,231168,1,1,"1"
154.78136339246799,231163,6,1,"1"
278.93544614713863,231162,7,1,"1"
334.65993820619246,231161,8,1,"1"
361.40854609968704,231160,9,1,"1"
398.13601849193043,231146,23,1,"1"
441.13875705570632,231145,24,1,"1"
480.2351219891766,231144,25,1,"1"
480.7345478207468,231137,32,1,"1"
504.11176407719091,231119,50,1,"1"
546.77932909053402,231118,51,1,"1"
614.02048772322564,231117,52,1,"1"
617.30711594019942,231116,53,1,"1"
680.74511766427111,231115,54,1,"1"
689.96323827716162,231110,59,1,"1"
699.37550191433911,231105,64,1,"1"
777.78005152438504,231104,65,1,"1"
781.5632706091335,231103,66,1,"1"
788.26345991502819,231102,67,1,"1"
834.69989473969042,231101,68,1,"1"
841.69474862914888,231100,69,1,"1"
842.23430038741617,231099,70,1,"1"
854.72807576150876,231097,72,2,"2"
854.92369703790212,231095,74,2,"2"
858.91901265058573,231092,77,3,"3"
867.65283193862308,231082,87,1,"1"
882.14048475537186,231073,96,1,"1"
931.68729120711407,231072,97,1,"1"
934.3565740418112,231054,115,1,"1"
935.91195687029858,231051,118,1,"1"
944.23139684332614,231048,121,1,"1"
970.2316125386991,231030,139,1,"1"
972.11059788617808,231029,140,1,"1"
981.37481046578603,231028,141,1,"1"
984.79264160240359,231027,142,1,"1"
1006.5469110892043,231026,143,1,"1"
1035.9822885439742,231024,145,2,"1-1"
1037.9152455874002,231022,147,2,"2"
1039.7413184273171,231021,148,1,"1"
1040.8170739582019,231003,166,1,"1"
1042.3499301897673,231002,167,1,"1"
1054.2711264527302,231001,168,1,"1"
1055.9808412230586,230999,170,2,"2"
1057.9333423115972,230981,188,1,"1"
1094.9308945652704,230980,189,1,"1"
1099.6330597632261,230970,199,1,"1"
1102.1508511441605,230959,210,3,"3"
1111.0938062345665,230958,211,1,"1"
1118.0653648905102,230940,229,1,"1"
1124.5650284090568,230939,230,1,"1"
1133.2717993879501,230938,231,1,"1"
1146.2060799575468,230933,236,1,"1"
1173.0006922507855,230932,237,1,"1"
1187.2410708748582,230931,238,1,"1"
1228.0151850993959,230913,256,1,"1"
1249.2248731066936,230912,257,1,"1"
1287.7402678610952,230910,259,2,"2"
1340.4872005017976,230909,260,1,"1"
1363.9021528702053,230907,262,2,"2"
1398.9466235235554,230906,263,1,"1"
1443.2828957921874,230905,264,1,"1"
1482.3946336390893,230902,267,1,"1"
1483.6438057785738,230901,268,1,"1"
1502.5746548879656,230883,286,1,"1"
1529.4589183868325,230882,287,1,"1"
1530.4065380225115,230881,288,1,"1"
1543.9757511202142,230863,306,1,"1"
1554.7767684204623,230861,308,2,"2"
1557.0885146912567,230860,309,1,"1"
1573.2928212442841,230848,321,1,"1"
1587.9831471286459,230847,322,1,"1"
1594.4679227044692,230846,323,1,"1"
1598.7950762879141,230845,324,1,"1"
1599.8974480771169,230840,329,1,"1"
1604.6544115411677,230837,332,3,"3"
1610.088911791506,230836,333,1,"1"
1617.0993463666864,230835,334,1,"1"
1623.406321047557,230832,337,3,"2-1"
1644.9387178394095,230831,338,1,"1"
1645.8734331151313,230829,340,2,"2"
1646.2884771606773,230828,341,1,"1"
1646.3244136776434,230810,359,1,"1"
1670.4940152361264,230809,360,1,"1"
1674.7510514867558,230807,362,2,"1-1"
1676.5451000011799,230806,363,1,"1"
1681.6355846450542,230805,364,1,"1"
1688.2094998967984,230803,366,2,"2"
1706.3181011779566,230802,367,1,"1"
1707.0833037898094,230800,369,2,"2"
1715.3790527777526,230799,370,1,"1"
1718.4774787607273,230789,380,1,"1"
1736.9684203131096,230781,388,4,"4"
1750.4326008113419,230774,395,1,"1"
1782.7661737812637,230756,413,1,"1"
1796.3783107312938,230755,414,1,"1"
1807.193026951541,230754,415,1,"1"
1808.8882552686068,230753,416,1,"1"
1817.2729378420174,230743,426,1,"1"
1834.132245303022,230741,428,2,"2"
1838.6392091801276,230740,429,1,"1"
1844.9963149905761,230739,430,1,"1"
1848.016894846211,230737,432,2,"1-1"
1849.2590724418801,230736,433,1,"1"
1849.8782784461589,230735,434,1,"1"
1851.6248710857681,230732,437,3,"2-1"
1853.351108560548,230724,445,4,"4"
1898.8272651515163,230715,454,1,"1"
1900.4981183306622,230714,455,1,"1"
1921.7678331061836,230713,456,1,"1"
1924.2323684537143,230712,457,1,"1"
1924.3329337133912,230710,459,2,"2"
1932.2504618632763,230692,477,1,"1"
1938.4786317894909,230691,478,1,"1"
1939.9422952359073,230677,492,1,"1"
1949.6667537210719,230643,526,8,"3-1-1-1-1-1"
1957.2676755041578,230634,535,5,"2-1-1-1"
1958.2004756056951,230616,553,1,"1"
1964.1519616567869,230615,554,1,"1"
1978.8966893999577,230566,603,5,"4-1"
1987.7708047188537,230548,621,1,"1"
1992.7377234046157,230539,630,1,"1"
2003.8384978969079,230537,632,2,"1-1"
2004.1590125106745,230536,633,1,"1"
2011.1415856899218,230535,634,1,"1"
2012.6518222215186,230531,638,4,"3-1"
2013.0711705769652,230528,641,3,"3"
2013.33103875036,230527,642,1,"1"
2014.4513076080593,230526,643,1,"1"
2015.8872871831227,230524,645,2,"2"
2023.0123323737976,230518,651,2,"1-1"
2023.6897817781251,230516,653,2,"2"
2024.7844007521405,230513,656,3,"2-1"
2045.6731504227919,230495,674,1,"1"
2084.1100210204281,230486,683,1,"1"
2096.3782948925955,230485,684,1,"1"
2109.4362564313756,230467,702,1,"1"
2126.973643270408,230466,703,1,"1"
2134.2518113985611,230448,721,1,"1"
2136.7848757878487,230447,722,1,"1"
2143.4759326854387,230437,732,1,"1"
2181.6132936962804,230424,745,3,"3"
2184.4236956776467,230421,748,3,"3"
2193.6824726423997,230420,749,1,"1"
2200.5785188085656,230419,750,1,"1"
2210.6574802391656,230418,751,1,"1"
2218.6190851044348,230413,756,1,"1"
2243.6898699099606,230410,759,1,"1"
2260.0282514279461,230401,768,1,"1"
2265.0181418114221,230388,781,1,"1"
2286.6740982191463,230387,782,1,"1"
2300.1557582421133,230380,789,1,"1"
2333.7331329134317,230370,799,1,"1"
2347.352162810354,230363,806,1,"1"
2351.0552957106938,230361,808,2,"2"
2361.8896934540721,230343,826,1,"1"
2408.9738767370345,230342,827,1,"1"
2426.4117385053833,230306,863,2,"2"
2430.408134678612,230288,881,1,"1"
2435.0379823571502,230287,882,1,"1"
2441.1874641121162,230281,888,2,"2"
2457.8350466697334,230280,889,1,"1"
2465.1342526191834,230279,890,1,"1"
2471.1646493035419,230274,895,1,"1"
2519.8022778141003,230267,902,1,"1"
2554.3956426657064,230266,903,1,"1"
2570.0343373635042,230230,939,2,"1-1"
2571.5301032221837,230227,942,3,"3"
2585.0139786494956,230225,944,2,"2"
2592.4251371782466,230207,962,1,"1"
2605.3553446549108,230197,972,1,"1"
2622.8289884649862,230179,990,1,"1"
2637.2257415156314,230177,992,2,"2"
2669.5276979091377,230175,994,2,"1-1"
2669.6392235902117,230163,1006,1,"1"
2670.0422676101807,230153,1016,2,"2"
2677.4439781626415,230152,1017,1,"1"
2677.7929974782473,230151,1018,1,"1"
2699.1291186267472,230133,1036,1,"1"
2702.0477411091429,230131,1038,2,"2"
2706.3275924979221,230122,1047,1,"1"
2736.3563355493698,230117,1052,1,"1"
2741.0302222382247,230113,1056,4,"3-1"
2754.6309602941305,230111,1058,2,"2"
2756.8599454146779,230101,1068,1,"1"
2760.3899124009135,230095,1074,2,"2"
2768.5508946511636,230090,1079,1,"1"
2771.4686234329674,230085,1084,1,"1"
2792.965804098525,230072,1097,1,"1"
2820.2263175223025,230056,1113,1,"1"
2831.5994964573647,230038,1131,1,"1"
2849.9308677725367,230028,1141,2,"2"
2922.1030334103593,230010,1159,1,"1"
2944.6479643499747,230007,1162,1,"1"
2953.9502535065549,230004,1165,1,"1"
2958.1144574085192,229995,1174,1,"1"
2993.8504440023416,229977,1192,1,"1"
3015.7610101887676,229959,1210,1,"1"
3026.1321552473196,229947,1222,1,"1"
3053.874558367746,229931,1238,1,"1"
3066.0628883977615,229922,1247,1,"1"
3068.8280012714713,229919,1250,1,"1"
3078.8564915651509,229914,1255,1,"1"
3096.2182324639334,229909,1260,1,"1"
3100.5659548217868,229891,1278,1,"1"
3102.5213196441064,229876,1293,1,"1"
3116.4697025800838,229858,1311,1,"1"
3138.3539314589725,229852,1317,2,"2"
3144.7877904348634,229834,1335,1,"1"
3147.059987448491,229816,1353,1,"1"
3197.0207288948122,229815,1354,1,"1"
3243.4011418366044,229814,1355,1,"1"
3247.2608282051037,229796,1373,1,"1"
3254.8680765007803,229782,1387,1,"1"
3258.0939908187447,229781,1388,1,"1"
3261.4064698183402,229771,1398,1,"1"
3279.1238812393754,229758,1411,1,"1"
3287.6279320093618,229753,1416,1,"1"
3295.8468488338781,229740,1429,1,"1"
3320.7263030076251,229735,1434,1,"1"
3321.3435422185285,229732,1437,1,"1"
3342.4665075412131,229714,1455,1,"1"
3352.1645451460727,229696,1473,1,"1"
3355.5341296470165,229686,1483,1,"1"
3396.127407323761,229676,1493,2,"2"
3416.2886271894336,229669,1500,1,"1"
3421.6457899927304,229664,1505,1,"1"
3429.3480023938682,229646,1523,1,"1"
3451.7514485436468,229628,1541,1,"1"
3587.9545532628854,229610,1559,1,"1"
3619.6385267979158,229592,1577,1,"1"
3640.0364088936776,229574,1595,1,"1"
3641.5084517817304,229571,1598,1,"1"
3672.8597386957927,229570,1599,1,"1"
3710.615982558319,229565,1604,1,"1"
3743.1009411763098,229547,1622,1,"1"
3752.0757682239855,229542,1627,1,"1"
3779.131358321717,229524,1645,1,"1"
3786.0239794970553,229514,1655,1,"1"
3786.5678112243431,229496,1673,1,"1"
3794.1098070366897,229478,1691,1,"1"
3813.440780294753,229461,1708,1,"1"
3856.1396355176671,229443,1726,1,"1"
3872.0362535065074,229425,1744,1,"1"
3877.0889393481471,229407,1762,1,"1"
3903.3740585816454,229389,1780,1,"1"
3906.4788792695449,229371,1798,1,"1"
3906.8697593400943,229361,1808,1,"1"
3943.9368747461672,229351,1818,1,"1"
3944.9633385635784,229333,1836,1,"1"
3946.9678597898505,229323,1846,1,"1"
3982.1676876285092,229305,1864,1,"1"
3999.9511773428758,229287,1882,1,"1"
4006.5529827779515,229284,1885,1,"1"
4033.4742472985677,229266,1903,1,"1"
4038.7958953513521,229248,1921,1,"1"
4041.8476186246771,229245,1924,1,"1"
4042.5227614339215,229227,1942,1,"1"
4096.3755703421493,229222,1947,1,"1"
4117.9039461345246,229217,1952,1,"1"
4132.3610031327071,229210,1959,1,"1"
4132.3973678869761,229203,1966,1,"1"
4138.7176152367201,229198,1971,1,"1"
4141.4712932085422,229187,1982,1,"1"
4142.4077596631914,229169,2000,1,"1"
4144.7473508109224,229151,2018,1,"1"
4203.9565622627933,229148,2021,1,"1"
4208.0309675296749,229143,2026,1,"1"
4222.78557159708,229138,2031,1,"1"
4235.1167098239821,229128,2041,2,"2"
4258.3309186681472,229110,2059,1,"1"
4299.7438756494412,229092,2077,1,"1"
4302.2833335287996,229083,2086,1,"1"
4319.9907545586957,229078,2091,1,"1"
4360.224662718233,229069,2100,1,"1"
4369.3034844898357,229051,2118,1,"1"
4377.0972413915106,229033,2136,1,"1"
4381.2054159407662,229015,2154,1,"1"
4408.2729368855707,228997,2172,1,"1"
4420.1068842375789,228979,2190,1,"1"
4425.5240071681155,228961,2208,1,"1"
4430.0026794578826,228958,2211,1,"1"
4469.3270175452772,228940,2229,1,"1"
4470.880395160746,228935,2234,1,"1"
4477.7402675419908,228930,2239,1,"1"
4480.7897360710458,228904,2265,4,"4"
4484.0261497486208,228894,2275,1,"1"
4491.0698069264308,228876,2293,1,"1"
4517.9585184102489,228833,2336,9,"3-3-1-1-1"
4521.7709996629264,228827,2342,2,"2"
4526.5083503814503,228822,2347,1,"1"
4540.068833341672,228807,2362,1,"1"
4541.2692092452735,228789,2380,1,"1"
4543.7854486175092,228776,2393,1,"1"
4568.0140158249833,228758,2411,1,"1"
4585.2887857831947,228753,2416,1,"1"
4597.6883072516421,228735,2434,1,"1"
4604.6415061580992,228717,2452,1,"1"
4637.3411125499215,228695,2474,4,"2-1-1"
4638.0027061229703,228685,2484,1,"1"
4694.0363239737972,228675,2494,2,"1-1"
4719.6756877059797,228670,2499,1,"1"
4765.3023330396973,228654,2515,2,"1-1"
4771.2618946119655,228636,2533,1,"1"
4798.4025799668279,228631,2538,1,"1"
4799.9641011852709,228626,2543,1,"1"
4804.1651003742827,228608,2561,1,"1"
4809.0200676934837,228600,2569,2,"2"
4831.878834042057,228582,2587,1,"1"
4842.8466056864763,228564,2605,1,"1"
4865.3649140365342,228555,2614,3,"2-1"
4871.291498425654,228537,2632,1,"1"
4884.2494674536156,228534,2635,1,"1"
4918.6964706504796,228516,2653,1,"1"
4920.9554573811165,228513,2656,1,"1"
4926.8925205350843,228495,2674,1,"1"
4930.1980269194373,228489,2680,2,"2"
4933.3873365431382,228461,2708,6,"4-2"
4952.3598001706196,228443,2726,1,"1"
4954.7306884842101,228425,2744,1,"1"
4954.8331740465655,228413,2756,1,"1"
4971.1520190995852,228395,2774,1,"1"
4977.495765309538,228373,2796,2,"2"
4980.2784723783225,228355,2814,1,"1"
4985.5595300770528,228345,2824,1,"1"
5028.0313209795777,228327,2842,1,"1"
5042.8853455362578,228317,2852,1,"1"
5048.5858841173967,228299,2870,1,"1"
5107.9483101358555,228287,2882,1,"1"
5122.4985391012033,228275,2894,2,"2"
5124.1191395680034,228269,2900,2,"2"
5139.197803802439,228266,2903,1,"1"
5142.4303313938135,228256,2913,2,"1-1"
5157.7458415531328,228247,2922,1,"1"
5162.1709259182653,228242,2927,1,"1"
5185.4957698996468,228224,2945,1,"1"
5190.1625371616137,228206,2963,1,"1"
5192.2702544827216,228188,2981,1,"1"
5242.3707598695873,228182,2987,2,"2"
5243.4794394799419,228177,2992,1,"1"
5275.0940943666737,228159,3010,1,"1"
5293.8228300161381,228141,3028,1,"1"
5297.6744074407379,228136,3033,1,"1"
5309.3837037732956,228100,3069,2,"1-1"
5336.5539791610399,228076,3093,2,"1-1"
5341.5024150253676,228066,3103,1,"1"
5359.5353175222463,228048,3121,1,"1"
5360.2066158246298,228043,3126,1,"1"
5363.5179750177804,228025,3144,1,"1"
5370.0725456978598,228020,3149,1,"1"
5371.8450895579435,228002,3167,1,"1"
5383.277702723899,227995,3174,1,"1"
5385.9242057438905,227986,3183,3,"2-1"
5386.1183940374503,227968,3201,1,"1"
5387.0749645439882,227950,3219,1,"1"
5388.4469952843929,227942,3227,2,"1-1"
5395.4286635333829,227937,3232,1,"1"
5418.655406122054,227919,3250,1,"1"
5419.2985001469779,227909,3260,2,"2"
5428.9813640935972,227900,3269,1,"1"
5434.9511730100003,227882,3287,1,"1"
5450.3712207258341,227877,3292,1,"1"
5462.6414842161939,227840,3329,7,"3-3-1"
5485.7304175571617,227826,3343,1,"1"
5494.1892376315582,227814,3355,2,"2"
5525.9976274905466,227796,3373,1,"1"
5530.0555387605345,227778,3391,1,"1"
5548.1311216209388,227760,3409,1,"1"
5559.0557388201905,227742,3427,1,"1"
5577.9181380270866,227731,3438,1,"1"
5603.5641031423074,227726,3443,1,"1"
5628.7392697583446,227708,3461,1,"1"
5642.2735859322602,227705,3464,1,"1"
5647.6827457162972,227687,3482,1,"1"
5647.7847444324952,227682,3487,1,"1"
5648.4212673604452,227646,3523,2,"1-1"
5648.5421492691385,227628,3541,1,"1"
5654.036566107613,227610,3559,1,"1"
5669.6183766283293,227600,3569,2,"2"
5679.7735422587948,227548,3621,4,"2-1-1"
5681.7873908630181,227530,3639,1,"1"
5686.3573997302628,227520,3649,2,"2"
5699.8111894405474,227502,3667,1,"1"
5721.2698793453792,227492,3677,2,"2"
5736.6099175305662,227472,3697,4,"4"
5772.8528359275606,227454,3715,1,"1"
5781.6282945772255,227436,3733,1,"1"
5786.8002087753803,227419,3750,1,"1"
5794.5270810643251,227412,3757,1,"1"
5831.7999488811984,227376,3793,2,"2"
5832.8006554387075,227358,3811,1,"1"
5859.0403661392093,227340,3829,1,"1"
5866.2915182332254,227330,3839,1,"1"
5866.5036680795774,227312,3857,1,"1"
5883.9157992785058,227294,3875,1,"1"
5891.6365176679847,227276,3893,1,"1"
5903.0580395937732,227266,3903,1,"1"
5905.3010706077011,227256,3913,1,"1"
5925.3237588764423,227238,3931,1,"1"
5930.8511948641908,227218,3951,4,"4"
5946.6254874623082,227209,3960,1,"1"
5947.8053734633622,227206,3963,1,"1"
5949.9321924512014,227188,3981,1,"1"
5950.2090483632892,227170,3999,1,"1"
5951.9360892494442,227164,4005,2,"2"
5972.8651032306534,227146,4023,1,"1"
5981.5162470766109,227110,4059,2,"2"
5985.5137545283533,227092,4077,1,"1"
5999.3559496426815,227087,4082,1,"1"
6001.0307077712105,227081,4088,2,"1-1"
6011.590881361185,227063,4106,1,"1"
6013.8151969087239,227054,4115,1,"1"
6058.6005913963681,227036,4133,1,"1"
6072.221713988898,227018,4151,1,"1"
6076.1713112868547,227000,4169,1,"1"
6076.8173897298038,226991,4178,1,"1"
6079.9307630240191,226981,4188,2,"2"
6088.1965818417611,226963,4206,1,"1"
6092.7919833490932,226945,4224,1,"1"
6094.0735192224411,226916,4253,5,"4-1"
6103.3426829303362,226905,4264,1,"1"
6107.703285371641,226887,4282,1,"1"
6113.631816932636,226869,4300,1,"1"
6136.1345151332343,226851,4318,1,"1"
6145.2522568666518,226839,4330,1,"1"
6148.4022990587846,226834,4335,1,"1"
6163.1204684308177,226816,4353,1,"1"
6168.8049714352092,226799,4370,1,"1"
6184.0034094390039,226781,4388,1,"1"
6186.0124562479978,226771,4398,2,"1-1"
6188.2401284260759,226744,4425,3,"2-1"
6197.2785426374458,226726,4443,1,"1"
6197.7418649110796,226710,4459,1,"1"
6231.4627229157086,226700,4469,1,"1"
6258.3074225892469,226682,4487,1,"1"
6262.9976999353448,226679,4490,1,"1"
6282.9938744847614,226670,4499,1,"1"
6284.7364833976944,226629,4540,7,"6-1"
6287.8446129325666,226611,4558,1,"1"
6304.702612693337,226593,4576,1,"1"
6305.9585347071861,226588,4581,1,"1"
6306.6041515464749,226570,4599,1,"1"
6336.0433267214539,226552,4617,1,"1"
6343.2062151429509,226547,4622,1,"1"
6347.1771308369098,226529,4640,1,"1"
6351.8203062685943,226493,4676,2,"2"
6356.4363125461205,226476,4693,1,"1"
6370.1393232588734,226466,4703,1,"1"
6408.4860974494813,226440,4729,2,"1-1"
6424.2349803860097,226422,4747,1,"1"
6439.6608873820942,226380,4789,6,"4-2"
6446.6026348093656,226362,4807,1,"1"
6449.6551109261509,226352,4817,1,"1"
6466.0939444026726,226316,4853,2,"1-1"
6475.745370976475,226304,4865,1,"1"
6495.4487923895213,226286,4883,1,"1"
6500.0461322504307,226269,4900,1,"1"
6500.4075582189153,226258,4911,1,"1"
6507.1352188669816,226233,4936,3,"3"
6510.2384911349609,226215,4954,1,"1"
6520.0690358525753,226197,4972,1,"1"
6531.5563406986985,226188,4981,1,"1"
6532.5015327305209,226153,5016,4,"4"
6535.8714344624468,226150,5019,1,"1"
6539.2085098729804,226132,5037,2,"2"
6579.1731489803351,226114,5055,1,"1"
6585.4408208702716,226096,5073,1,"1"
6610.701906409392,226078,5091,1,"1"
6615.7803208746755,225996,5173,5,"3-2"
6616.4166533993612,225978,5191,1,"1"
6619.8696317005333,225960,5209,2,"1-1"
6628.8236589631824,225942,5227,1,"1"
6661.9765569990241,225906,5263,2,"1-1"
6685.8904933567919,225888,5281,1,"1"
6697.7062943912497,225870,5299,1,"1"
6710.1212136831655,225816,5353,6,"3-2-1"
6719.6886537931077,225806,5363,1,"1"
6734.1196825755933,225788,5381,1,"1"
6735.1970527585145,225770,5399,1,"1"
6773.6294310290723,225749,5420,3,"2-1"
6775.2420722527077,225743,5426,2,"2"
6782.7976868310834,225734,5435,1,"1"
6784.7826312001916,225716,5453,1,"1"
6815.1393138692574,225699,5470,3,"1-1-1"
6821.6017415186498,225681,5488,1,"1"
6840.6420548007973,225649,5520,4,"3-1"
6861.6035351507526,225590,5579,5,"3-1-1"
6867.1800636838907,225572,5597,1,"1"
6875.0682941749592,225554,5615,1,"1"
6877.0572350305374,225536,5633,1,"1"
6883.1398975946295,225525,5644,1,"1"
6905.7199745533462,225520,5649,1,"1"
6906.6075231666882,225502,5667,1,"1"
6916.8710888575743,225484,5685,1,"1"
6942.7655003353821,225477,5692,1,"1"
6946.3762065611736,225459,5710,1,"1"
6950.2177628364625,225441,5728,1,"1"
6965.1751250128455,225432,5737,1,"1"
6985.2866533403731,225427,5742,1,"1"
7008.9390079831355,225409,5760,1,"1"
7012.6529998634705,225391,5778,1,"1"
7017.9760957793414,225381,5788,1,"1"
7024.2525701909908,225363,5806,1,"1"
7026.1569452595231,225345,5824,1,"1"
7037.445787077605,225261,5908,10,"5-3-1-1"
7042.5236667220652,225243,5926,1,"1"
7048.8280487163665,225225,5944,1,"1"
7049.3676670838322,225212,5957,1,"1"
7052.83673715845,225194,5975,1,"1"
7061.5335970818905,225176,5993,1,"1"
7061.8079943830344,225158,6011,1,"1"
7062.8509732225148,225140,6029,1,"1"
7070.6473686228301,225131,6038,1,"1"
7079.0365411898183,225103,6066,4,"4"
7082.7421956835205,225093,6076,1,"1"
7107.2670851599823,225084,6085,1,"1"
7122.6159754789123,225077,6092,1,"1"
7134.8928099409104,225059,6110,1,"1"
7140.496570618292,225041,6128,1,"1"
7152.0269148527186,225031,6138,2,"2"
7154.0627147118303,225005,6164,2,"1-1"
7154.489761636577,224996,6173,1,"1"
7158.6130784283987,224986,6183,1,"1"
7164.428488860447,224968,6201,1,"1"
7182.4634881264574,224963,6206,1,"1"
7187.5663471456792,224953,6216,2,"2"
7194.9350486554204,224935,6234,1,"1"
7197.0664833383871,224922,6247,1,"1"
7204.0315838698862,224888,6281,3,"2-1"
7226.8940693867735,224875,6294,1,"1"
7235.3794740972244,224857,6312,1,"1"
7236.6367416199691,224850,6319,1,"1"
7241.9427503884381,224832,6337,1,"1"
7255.1783568302926,224814,6355,1,"1"
7272.7313749014193,224796,6373,1,"1"
7277.7614007805378,224778,6391,1,"1"
7279.2001189045241,224760,6409,1,"1"
7279.6892802408056,224742,6427,1,"1"
7292.9890623811889,224733,6436,1,"1"
7300.2010991112538,224715,6454,1,"1"
7301.8329368653021,224665,6504,3,"2-1"
7306.5085448422569,224647,6522,1,"1"
7308.2933166721095,224637,6532,1,"1"
7334.4948372206709,224619,6550,1,"1"
7349.8730171261677,224601,6568,1,"1"
7349.8747878256609,224587,6582,1,"1"
7360.5399610644299,224551,6618,2,"2"
7365.7558508573056,224504,6665,5,"3-1-1"
7372.3549996737847,224486,6683,1,"1"
7377.5234849732033,224468,6701,1,"1"
7397.8645087245977,224325,6844,17,"5-4-3-1-1-1-1-1"
7400.8203588314282,224311,6858,2,"1-1"
7402.8455338386502,224293,6876,1,"1"
7424.3910217832799,224288,6881,1,"1"
7427.4606023274209,224276,6893,1,"1"
7436.6770189456402,224261,6908,3,"3"
7438.2126171149202,224243,6926,1,"1"
7445.1004614963158,224238,6931,1,"1"
7446.0607308300887,224216,6953,2,"2"
7448.1532624849715,224198,6971,1,"1"
7450.3960423024109,224183,6986,1,"1"
7451.5694207780325,224157,7012,2,"2"
7462.9168195224256,224152,7017,1,"1"
7475.0508901845606,224134,7035,1,"1"
7477.1534487213412,224121,7048,1,"1"
7480.4190752262666,224094,7075,3,"2-1"
7490.3307980909676,224082,7087,1,"1"
7529.5496611376493,224058,7111,2,"1-1"
7536.2889364306147,224053,7116,1,"1"
7559.6982493278329,224035,7134,1,"1"
7580.9644752662807,223999,7170,2,"1-1"
7594.7930154589449,223980,7189,3,"3"
7599.3854963415979,223914,7255,10,"5-1-1-1-1-1"
7617.8506272162522,223904,7265,1,"1"
7629.9431116829373,223892,7277,1,"1"
7634.2253682064029,223878,7291,1,"1"
7635.2162654803578,223873,7296,1,"1"
7647.4302380565696,223868,7301,1,"1"
7652.6944995446147,223832,7337,2,"2"
7657.7908035070641,223823,7346,1,"1"
7677.7747287800748,223813,7356,1,"1"
7678.8031820943324,223792,7377,3,"2-1"
7704.0450366284867,223703,7466,9,"3-2-2-1-1"
7708.2580577181889,223685,7484,1,"1"
7713.6922068234589,223672,7497,1,"1"
7715.7188242855536,223654,7515,1,"1"
7732.2239209495328,223636,7533,1,"1"
7732.6576557186117,223626,7543,1,"1"
7734.8443310623297,223608,7561,1,"1"
7754.1350937895522,223590,7579,1,"1"
7792.1190234078631,223575,7594,1,"1"
7796.721184936423,223557,7612,1,"1"
7800.3259261465082,223545,7624,1,"1"
7805.8352769219591,223527,7642,1,"1"
7809.5812825087851,223497,7672,2,"2"
7848.7813115032495,223487,7682,1,"1"
7864.3302999654288,223482,7687,1,"1"
7866.1071860910524,223473,7696,1,"1"
7869.8265161603877,223453,7716,2,"1-1"
7896.1178455978079,223435,7734,1,"1"
7901.233920313528,223417,7752,1,"1"
7907.0931318621751,223399,7770,1,"1"
7916.1880398509247,223343,7826,6,"2-2-1-1"
7922.7745709826577,223325,7844,1,"1"
7964.9992761657868,223276,7893,5,"3-1-1"
7971.6552842261772,223258,7911,1,"1"
7998.2330237175584,223239,7930,3,"2-1"
8000.928948912725,223221,7948,1,"1"
8002.8332474987055,223208,7961,1,"1"
8005.4599540413865,223190,7979,1,"1"
8011.4814127105801,223172,7997,1,"1"
8017.1296673190836,223136,8033,2,"1-1"
8019.0738617582856,223113,8056,3,"2-1"
8021.1285811864682,223095,8074,1,"1"
8026.6072188103753,223041,8128,3,"3"
8051.2200537515409,223005,8164,2,"2"
8070.5201166067482,222966,8203,3,"2-1"
8090.0942402945648,222948,8221,1,"1"
8100.6651060501545,222930,8239,1,"1"
8117.3914252656705,222866,8303,6,"2-1-1-1-1"
8119.7616803002384,222852,8317,1,"1"
8138.4761091175351,222842,8327,1,"1"
8140.6112993443367,222829,8340,1,"1"
8162.1619116813317,222811,8358,1,"1"
8171.2317863503149,222801,8368,1,"1"
8173.9071570163396,222784,8385,1,"1"
8176.5372906901302,222498,8671,32,"6-5-4-3-2-2-2-1-1-1-1-1-1-1-1"
8207.6849010314472,222493,8676,1,"1"
8210.4508175271039,222444,8725,3,"2-1"
8223.35493470027,222426,8743,1,"1"
8247.2421591800812,222415,8754,1,"1"
8254.8647219176419,222375,8794,3,"1-1-1"
8260.2827757538107,222361,8808,1,"1"
8271.668793785977,222343,8826,1,"1"
8276.2090941890528,222334,8835,1,"1"
8297.4317353416918,222316,8853,1,"1"
8303.4760693756416,222298,8871,2,"2"
8307.4678482089366,222280,8889,1,"1"
8310.3685670689974,222271,8898,1,"1"
8329.0038847120977,222253,8916,1,"1"
8332.0071788305158,222235,8934,1,"1"
8333.6136323281735,222217,8952,1,"1"
8340.1819376825897,222162,9007,5,"2-1-1-1"
8355.2009256975889,222144,9025,1,"1"
8356.368684629535,222126,9043,1,"1"
8357.0639084557824,222121,9048,1,"1"
8368.6528311214443,222103,9066,1,"1"
8378.1632197737217,222085,9084,1,"1"
8402.9963974760904,222072,9097,1,"1"
8405.7077852899056,222054,9115,1,"1"
8421.9204193577407,222036,9133,1,"1"
8436.7781625485659,221964,9205,4,"1-1-1-1"
8445.0809110346636,221946,9223,1,"1"
8468.7259482022164,221928,9241,1,"1"
8469.9497044229993,221910,9259,1,"1"
8476.1246585860408,221821,9348,11,"7-4"
8481.5836916669177,221801,9368,2,"2"
8484.3585976766735,221783,9386,1,"1"
8485.409621175384,221774,9395,1,"1"
8486.6469110005637,221756,9413,1,"1"
8492.3753788138747,221743,9426,1,"1"
8499.3167245739915,221725,9444,1,"1"
8508.1274604896607,221707,9462,1,"1"
8510.06503984341,221689,9480,1,"1"
8513.1821146977545,221658,9511,3,"1-1-1"
8526.6155678364794,221646,9523,1,"1"
8528.6607406104831,221604,9565,4,"3-1"
8563.8106622131618,221574,9595,3,"3"
8585.7453568238579,221520,9649,3,"1-1-1"
8618.1988580142042,221503,9666,1,"1"
8622.992698191023,221449,9720,4,"3-1"
8625.2571515845229,221351,9818,11,"7-1-1-1-1"
8630.6582045431533,221315,9854,2,"2"
8635.4056023641115,221266,9903,5,"2-1-1-1"
8645.1924415201465,221253,9916,1,"1"
8647.1949810441201,221235,9934,1,"1"
8651.7218508568403,221217,9952,1,"1"
8670.5072102166396,221208,9961,1,"1"
8677.0673249041884,221190,9979,1,"1"
8689.3406943428381,221172,9997,1,"1"
8696.5524164756771,221154,10015,1,"1"
8703.8128481694694,221136,10033,1,"1"
8714.2004279568901,221118,10051,1,"1"
8716.2061487724131,221100,10069,1,"1"
8729.518048254331,221090,10079,1,"1"
8731.6216206799727,221072,10097,1,"1"
8769.3565344604667,221058,10111,1,"1"
8783.8150955467663,221040,10129,1,"1"
8790.5859396624328,221022,10147,1,"1"
8793.0163777487433,221004,10165,1,"1"
8800.7991352748177,220995,10174,1,"1"
8805.7054382381484,220917,10252,5,"3-1-1"
8810.2230162217093,220899,10270,1,"1"
8827.3990003284816,220820,10349,6,"3-2-1"
8829.4703189580287,220727,10442,9,"6-1-1-1"
8838.0808652337528,220709,10460,1,"1"
8857.9814078792424,220691,10478,1,"1"
8886.3444623928281,220673,10496,1,"1"
8892.9138240345419,220346,10823,30,"7-4-4-2-2-2-2-1-1-1-1-1-1-1"
8895.0371057142329,219942,11227,32,"7-4-4-4-2-2-2-2-1-1-1-1-1"
8913.9664012482008,219929,11240,1,"1"
8915.5042025567182,219866,11303,4,"3-1"
8922.855553220008,219848,11321,1,"1"
8923.5113422452887,219794,11375,3,"2-1"
8926.0077800721429,219776,11393,1,"1"
8935.3720395134951,219758,11411,1,"1"
8945.9176435112404,219704,11465,3,"3"
8957.4937963493212,219686,11483,1,"1"
8960.7307213193835,219674,11495,1,"1"
8962.4528226326547,219664,11505,1,"1"
8967.4907873054344,219646,11523,1,"1"
8975.2969195162568,219168,12001,35,"4-3-3-3-3-3-2-2-2-1-1-1-1-1-1-1-1-1-1"
8987.7409296279257,219150,12019,1,"1"
8996.0796416151825,219132,12037,1,"1"
8999.4002046676433,219094,12075,3,"2-1"
9004.9523689205325,219034,12135,5,"3-2"
9018.0197368630506,219003,12166,3,"2-1"
9022.933015655175,218985,12184,1,"1"
9034.7410790795075,218975,12194,1,"1"
9044.2636256980986,218957,12212,1,"1"
9062.1104121802291,218929,12240,2,"1-1"
9062.9565684361187,218911,12258,1,"1"
9064.2091553442824,218879,12290,2,"2"
9076.6534435087997,218861,12308,1,"1"
9076.6989672824166,218847,12322,1,"1"
9078.6157503985669,218829,12340,1,"1"
9079.6164160777826,218797,12372,2,"1-1"
9083.7771688383891,218779,12390,1,"1"
9088.4666563674782,218761,12408,1,"1"
9091.818888898837,218725,12444,2,"2"
9097.5823565926075,218625,12544,10,"8-1-1"
9105.6216947299908,218607,12562,1,"1"
9111.0176899452545,218589,12580,1,"1"
9111.9720533151467,218578,12591,1,"1"
9115.4773695964759,218566,12603,1,"1"
9139.1765768592923,218546,12623,2,"1-1"
9151.4976999965074,218528,12641,1,"1"
9152.0896455631755,218510,12659,1,"1"
9154.8638625133299,218492,12677,1,"1"
9159.8680907852322,218438,12731,4,"1-1-1-1"
9160.4437006327898,218410,12759,2,"1-1"
9160.5010328032185,218400,12769,1,"1"
9165.098854633954,218382,12787,1,"1"
9169.906153949878,218364,12805,1,"1"
9170.3547542685264,218346,12823,1,"1"
9183.9198154375081,218328,12841,1,"1"
9197.4513748482059,218092,13077,18,"4-3-3-2-2-2-1-1"
9224.928486834604,218076,13093,1,"1"
9224.9324985217809,218058,13111,1,"1"
9237.2255670333598,218040,13129,1,"1"
9242.9906691116557,217961,13208,7,"4-3"
9248.1210384259102,0,231169,12286,"12286"
----------------------------------------------5
0,231169,0,0,"0"
75.109882656970782,231168,1,1,"1"
99.359738685280661,231167,2,1,"1"
203.48432418602263,231149,20,1,"1"
218.43131868463286,231142,27,1,"1"
234.82355336472057,231141,28,1,"1"
276.94881397119093,231140,29,1,"1"
308.77086870382669,231139,30,1,"1"
424.70835388055934,231138,31,1,"1"
433.68951074557975,231133,36,1,"1"
449.87393330805418,231115,54,1,"1"
453.4290303687082,231114,55,1,"1"
478.55295993403746,231113,56,1,"1"
541.31887524707531,231112,57,1,"1"
548.23312441604253,231111,58,1,"1"
549.39253728307915,231110,59,1,"1"
666.72300281282628,231109,60,1,"1"
689.93788472371966,231104,65,1,"1"
711.98144268199871,231103,66,1,"1"
722.2314476693706,231085,84,1,"1"
727.42202425802498,231084,85,1,"1"
750.48534003649547,231083,86,1,"1"
756.54297350546744,231073,96,2,"2"
771.70315232502435,231072,97,1,"1"
808.37303168381834,231069,100,1,"1"
810.97461086438477,231067,102,2,"1-1"
828.51929076441877,231049,120,1,"1"
846.6484575585863,231048,121,1,"1"
862.0887188267526,231047,122,1,"1"
863.37064172102998,231029,140,1,"1"
864.98966765442742,231028,141,1,"1"
866.46497827405017,231010,159,1,"1"
870.16126177007152,231009,160,1,"1"
881.78093200161516,231008,161,1,"1"
883.92085223019808,231007,162,1,"1"
884.30715125742222,231006,163,1,"1"
893.43937149193221,231005,164,1,"1"
899.33231918552542,231004,165,1,"1"
900.3953169013223,231003,166,1,"1"
905.19296362433465,231002,167,1,"1"
946.52611840983172,231001,168,1,"1"
954.28015040187427,231000,169,1,"1"
977.55881917908926,230998,171,2,"1-1"
985.23462873076073,230997,172,1,"1"
1042.7126677795397,230996,173,1,"1"
1088.2250996543653,230978,191,1,"1"
1135.2511707996198,230977,192,1,"1"
1136.0999587203733,230976,193,1,"1"
1140.6954808492635,230975,194,1,"1"
1167.2019038935864,230973,196,2,"2"
1175.7205067986902,230972,197,1,"1"
1184.407992526628,230954,215,1,"1"
1195.5424577727031,230953,216,1,"1"
1199.3509923279173,230952,217,1,"1"
1229.6163211395406,230934,235,1,"1"
1242.9779931970959,230933,236,1,"1"
1247.5265626044761,230932,237,1,"1"
1259.3010441527331,230928,241,4,"3-1"
1278.5273916240919,230927,242,1,"1"
1282.8673929758229,230926,243,1,"1"
1299.6816151297101,230916,253,1,"1"
1301.6201567899288,230915,254,1,"1"
1306.0363050308292,230914,255,1,"1"
1321.4493771680322,230913,256,1,"1"
1343.291994361909,230912,257,1,"1"
1355.0318468304697,230903,266,1,"1"
1389.3418259378848,230885,284,1,"1"
1393.2478468160089,230875,294,1,"1"
1396.9709882234699,230872,297,3,"3"
1398.9995032779545,230871,298,1,"1"
1399.4484296848932,230870,299,1,"1"
1405.3396698514414,230869,300,1,"1"
1417.1892282391341,230868,301,1,"1"
1418.7760015162141,230867,302,1,"1"
1424.4432710240419,230866,303,1,"1"
1435.0535446284578,230865,304,1,"1"
1435.665632150377,230847,322,1,"1"
1438.2660824226148,230846,323,1,"1"
1439.9086699548548,230844,325,2,"1-1"
1447.6005915713386,230843,326,1,"1"
1452.1550892582329,230842,327,1,"1"
1459.5634297407219,230824,345,1,"1"
1473.331841297053,230823,346,1,"1"
1480.4050819991644,230814,355,1,"1"
1516.2935077593595,230813,356,1,"1"
1536.8791432050789,230800,369,1,"1"
1537.7135646504344,230799,370,1,"1"
1542.7966469676498,230798,371,1,"1"
1551.6724197242982,230797,372,1,"1"
1591.417087055712,230784,385,1,"1"
1610.8988256773869,230783,386,1,"1"
1616.8428252160468,230778,391,1,"1"
1617.7050808006261,230770,399,4,"4"
1618.7043305654074,230769,400,1,"1"
1635.1398438790625,230766,403,3,"2-1"
1635.2372899123263,230765,404,1,"1"
1645.2344916061461,230764,405,1,"1"
1677.7272831046675,230743,426,13,"4-3-2-2-1-1"
1682.5226288743356,230742,427,1,"1"
1682.7815993635522,230741,428,1,"1"
1693.5687291373786,230740,429,1,"1"
1697.6722193478574,230722,447,1,"1"
1711.0128809922369,230721,448,1,"1"
1719.8081180817496,230720,449,1,"1"
1726.3604846772973,230706,463,1,"1"
1726.9781945637026,230703,466,1,"1"
1728.0416940033515,230700,469,3,"3"
1729.919388660297,230682,487,1,"1"
1737.8084517041652,230681,488,1,"1"
1738.8388018197791,230674,495,3,"3"
1743.3983438392283,230671,498,3,"3"
1773.1818909132135,230670,499,1,"1"
1793.5577002579716,230668,501,2,"1-1"
1795.0306438978907,230663,506,1,"1"
1833.2395349915621,230660,509,3,"3"
1853.8350144399797,230659,510,1,"1"
1861.7650604359255,230656,513,1,"1"
1868.675679073056,230655,514,1,"1"
1871.4065388843003,230654,515,1,"1"
1877.85234102613,230652,517,2,"2"
1885.2522297087057,230651,518,1,"1"
1906.2414807264743,230649,520,2,"2"
1911.2788178750129,230631,538,1,"1"
1926.3032582156995,230630,539,1,"1"
1937.2057172965833,230629,540,1,"1"
1944.2111209537634,230628,541,1,"1"
1944.358542866152,230625,544,3,"1-1-1"
1948.9530570318586,230619,550,2,"2"
1951.6999299875001,230618,551,1,"1"
1966.6728661460747,230600,569,1,"1"
1978.080045228571,230582,587,1,"1"
1982.9123797538718,230572,597,1,"1"
1986.4385178556847,230570,599,2,"2"
1989.0004823257789,230569,600,1,"1"
2007.6881163440034,230568,601,1,"1"
2013.5091221512803,230567,602,1,"1"
2013.6598287051841,230564,605,3,"2-1"
2017.4916954971507,230563,606,1,"1"
2114.8517074546239,230545,624,1,"1"
2117.8726577288908,230544,625,1,"1"
2132.3085477318045,230543,626,1,"1"
2156.6605791146039,230525,644,1,"1"
2184.9845990372651,230507,662,1,"1"
2186.893857386819,230504,665,3,"3"
2195.6252384138411,230503,666,1,"1"
2205.0382527274332,230485,684,1,"1"
2224.3326648246898,230484,685,1,"1"
2251.8589533433569,230479,690,1,"1"
2289.3454746217744,230461,708,1,"1"
2309.1889323399614,230460,709,1,"1"
2320.38346597276,230457,712,3,"3"
2332.4773266448979,230456,713,1,"1"
2357.2356388279809,230453,716,1,"1"
2368.0186701412972,230448,721,1,"1"
2381.5874826775298,230443,726,1,"1"
2404.9894655132143,230425,744,1,"1"
2454.2414572647745,230424,745,1,"1"
2461.9964626774045,230421,748,1,"1"
2463.6732931052684,230420,749,1,"1"
2482.1375460638506,230410,759,2,"2"
2496.6957625450341,230400,769,1,"1"
2500.5986711974742,230387,782,1,"1"
2507.3666252847015,230377,792,1,"1"
2513.3675098270182,230359,810,1,"1"
2517.7533433873232,230358,811,1,"1"
2531.7719360262727,230355,814,1,"1"
2560.9220306478528,230350,819,1,"1"
2560.9269925860303,230332,837,1,"1"
2563.9861283363111,230331,838,1,"1"
2565.8138878311297,230313,856,1,"1"
2587.3586083330338,230312,857,1,"1"
2587.44641330078,230309,860,1,"1"
2592.3637958170752,230303,866,2,"2"
2630.9181343368873,230301,868,2,"2"
2642.0423698031545,230283,886,1,"1"
2659.7956835452783,230282,887,1,"1"
2666.589159339765,230280,889,2,"1-1"
2671.0820629242235,230277,892,1,"1"
2675.3428772564389,230263,906,1,"1"
2705.8714361714533,230258,911,1,"1"
2730.6038436856202,230240,929,1,"1"
2742.8513631277588,230237,932,3,"2-1"
2744.5892098208528,230225,944,1,"1"
2749.9406221649324,230202,967,3,"2-1"
2751.7287171083872,230192,977,1,"1"
2751.7365455661779,230189,980,1,"1"
2753.6789426335577,230171,998,1,"1"
2786.4947075641476,230153,1016,1,"1"
2805.858389658496,230152,1017,1,"1"
2809.6078793254082,230147,1022,1,"1"
2812.6704728972322,230146,1023,1,"1"
2813.9634464389837,230134,1035,2,"2"
2822.4137139820095,230116,1053,1,"1"
2824.1479793253766,230109,1060,1,"1"
2825.6662658929408,230104,1065,1,"1"
2825.985164958196,230099,1070,1,"1"
2838.8859942278186,230089,1080,1,"1"
2843.8850107245862,230071,1098,1,"1"
2860.1231482278699,230059,1110,1,"1"
2866.2435038484446,230058,1111,1,"1"
2881.0269073384397,230040,1129,1,"1"
2893.6047390550575,230037,1132,3,"2-1"
2921.452155982689,230034,1135,1,"1"
2929.7977256988265,230033,1136,1,"1"
2938.4472650377033,230031,1138,2,"2"
2940.5092819948645,230026,1143,1,"1"
2949.3953940270644,230016,1153,1,"1"
2970.202748401186,230011,1158,1,"1"
2975.0643517825288,230001,1168,1,"1"
2985.5258725815406,229998,1171,1,"1"
3001.1791869287513,229920,1249,6,"2-2-1-1"
3002.9820690705328,229917,1252,1,"1"
3033.5667294671393,229899,1270,1,"1"
3036.104319608623,229881,1288,1,"1"
3056.7225732838406,229877,1292,2,"2"
3115.1038702211667,229859,1310,1,"1"
3223.2563081261869,229854,1315,1,"1"
3233.2972519047003,229849,1320,1,"1"
3234.9614415295464,229843,1326,2,"1-1"
3239.2210729471994,229825,1344,1,"1"
3252.289654021577,229824,1345,1,"1"
3266.2391181905468,229812,1357,1,"1"
3273.4446716629741,229799,1370,3,"1-1-1"
3280.2815792781821,229790,1379,1,"1"
3317.0925200316005,229789,1380,1,"1"
3322.1422321962109,229788,1381,1,"1"
3323.9433533891324,229787,1382,1,"1"
3339.5313399506617,229784,1385,1,"1"
3341.6918081046492,229783,1386,1,"1"
3345.5299079841302,229770,1399,1,"1"
3348.6046660079714,229752,1417,1,"1"
3357.4912868657912,229734,1435,1,"1"
3367.4415909221711,229731,1438,1,"1"
3396.5332978478978,229728,1441,1,"1"
3410.6259742707002,229723,1446,1,"1"
3429.9374410988007,229705,1464,1,"1"
3434.6329874276771,229691,1478,4,"4"
3479.0481067847841,229688,1481,1,"1"
3495.0035401499113,229685,1484,1,"1"
3497.3814825831778,229667,1502,1,"1"
3548.7085073493945,229649,1520,1,"1"
3558.3894070604765,229631,1538,1,"1"
3561.1786055752541,229613,1556,1,"1"
3595.3646193416398,229595,1574,1,"1"
3598.7339481942754,229592,1577,1,"1"
3611.7589731686426,229574,1595,1,"1"
3622.748872811098,229569,1600,1,"1"
3628.702721061255,229551,1618,1,"1"
3672.0864167289692,229548,1621,1,"1"
3672.6929910780018,229530,1639,1,"1"
3691.0137843235902,229512,1657,1,"1"
3701.0870576971652,229507,1662,1,"1"
3723.0464625004656,229489,1680,1,"1"
3734.9753366893592,229473,1696,1,"1"
3772.0122291388438,229463,1706,2,"1-1"
3780.7615698506906,229458,1711,1,"1"
3784.6495151849508,229440,1729,1,"1"
3787.8342378555476,229426,1743,1,"1"
3823.3970108532726,229418,1751,2,"1-1"
3824.6745651175152,229394,1775,2,"1-1"
3832.3468750178113,229379,1790,1,"1"
3836.4668160361643,229376,1793,1,"1"
3857.3216266610998,229358,1811,1,"1"
3894.0195683308443,229352,1817,2,"2"
3904.7154266147627,229316,1853,2,"1-1"
3918.8668071086527,229298,1871,1,"1"
3944.6222818665938,229280,1889,1,"1"
3944.6633658685778,229262,1907,1,"1"
3968.8935124329496,229244,1925,1,"1"
4003.0683102410444,229239,1930,1,"1"
4010.5749774807618,229236,1933,1,"1"
4030.6590595070616,229218,1951,1,"1"
4036.5456234666417,229213,1956,1,"1"
4036.9322713315591,229195,1974,1,"1"
4049.8045855591795,229181,1988,1,"1"
4052.5272491857613,229171,1998,1,"1"
4064.7388837030162,229151,2018,2,"1-1"
4078.5730573886262,229137,2032,2,"2"
4129.0412245561793,229119,2050,1,"1"
4159.0670677353055,229113,2056,2,"2"
4203.5914821821179,229110,2059,1,"1"
4205.7387871607079,229103,2066,1,"1"
4210.0031065367684,229089,2080,1,"1"
4216.9058741739054,229079,2090,2,"2"
4262.8151577397675,229073,2096,2,"2"
4267.1690109730598,229068,2101,1,"1"
4267.3994303587469,229050,2119,1,"1"
4270.6612692302178,229032,2137,1,"1"
4287.1309727022617,229027,2142,1,"1"
4305.0888266331622,229017,2152,1,"1"
4313.4064543665227,228999,2170,1,"1"
4347.1293721287884,228981,2188,1,"1"
4358.6884792051696,228963,2206,1,"1"
4375.6553880307565,228958,2211,1,"1"
4398.8657159664644,228948,2221,2,"1-1"
4434.139444995908,228943,2226,1,"1"
4439.5636464477311,228938,2231,1,"1"
4440.5094808671993,228920,2249,1,"1"
4442.9872588432618,228904,2265,1,"1"
4455.9467673293802,228890,2279,2,"2"
4456.0053249372259,228872,2297,1,"1"
4476.4123853033188,228865,2304,1,"1"
4493.1242190639141,228856,2313,1,"1"
4515.8898621588187,228838,2331,1,"1"
4520.5629195323327,228833,2336,1,"1"
4557.213190204563,228815,2354,1,"1"
4569.370401597107,228798,2371,1,"1"
4574.1243337836058,228793,2376,1,"1"
4594.9610218950729,228790,2379,1,"1"
4600.7333855119205,228778,2391,1,"1"
4605.3424322077744,228756,2413,2,"1-1"
4615.2720220081355,228743,2426,1,"1"
4619.4070271700111,228731,2438,1,"1"
4627.1486686923545,228713,2456,1,"1"
4628.7663055399498,228708,2461,1,"1"
4639.9915586388724,228690,2479,1,"1"
4653.1168237290676,228685,2484,1,"1"
4654.478218393202,228680,2489,1,"1"
4659.6343965044061,228668,2501,2,"1-1"
4691.6191877666424,228650,2519,1,"1"
4710.5762480480398,228635,2534,3,"2-1"
4720.6272072591273,228617,2552,1,"1"
4724.9772550592888,228581,2588,2,"2"
4745.7432238236552,228578,2591,1,"1"
4756.338609616505,228573,2596,1,"1"
4769.0312056141865,228555,2614,1,"1"
4781.1075035977792,228550,2619,1,"1"
4784.6423725816794,228532,2637,1,"1"
4824.3368742687844,228514,2655,1,"1"
4828.2496382416621,228496,2673,1,"1"
4828.4600478393786,228478,2691,1,"1"
4848.4761147402569,228468,2701,2,"2"
4862.5590889572441,228457,2712,1,"1"
4869.1328213853349,228445,2724,2,"2"
4893.1399412867404,228427,2742,1,"1"
4942.9751857499659,228409,2760,1,"1"
4950.1441532274366,228391,2778,1,"1"
4954.6989009635281,228384,2785,1,"1"
4962.1799768679712,228379,2790,1,"1"
4978.0906022778981,228361,2808,1,"1"
4988.5893073005373,228343,2826,1,"1"
5018.8945566859857,228325,2844,1,"1"
5055.4461298752267,228320,2849,1,"1"
5091.3361197051845,228309,2860,1,"1"
5092.9930200665503,228306,2863,1,"1"
5148.2519389431363,228288,2881,2,"2"
5189.7739246372139,228270,2899,1,"1"
5192.6116626809644,228261,2908,1,"1"
5198.2547294190226,228251,2918,1,"1"
5207.7894239551561,228241,2928,2,"1-1"
5244.4774655398178,228223,2946,1,"1"
5284.8566600104541,228199,2970,2,"2"
5327.891661316924,228189,2980,1,"1"
5358.555892085199,228171,2998,1,"1"
5362.8629102958312,228153,3016,1,"1"
5365.0554615268366,228135,3034,1,"1"
5424.8885062084601,228126,3043,1,"1"
5425.5674283621338,228108,3061,1,"1"
5434.0259578893165,228105,3064,1,"1"
5438.1477949072241,228087,3082,1,"1"
5462.8531184407557,228077,3092,1,"1"
5469.1888985625274,228066,3103,1,"1"
5491.9036418729565,228042,3127,2,"1-1"
5495.5443170460685,228024,3145,1,"1"
5500.9773015971141,228011,3158,1,"1"
5501.4736478882969,227999,3170,1,"1"
5567.3264557448283,227965,3204,6,"3-2-1"
5578.893439687452,227947,3222,1,"1"
5607.7430930507871,227929,3240,1,"1"
5609.2098928971081,227911,3258,1,"1"
5615.049244007776,227897,3272,1,"1"
5619.6660310261514,227879,3290,1,"1"
5652.4683805544537,227855,3314,2,"2"
5685.8457398753326,227837,3332,1,"1"
5688.2775437933578,227819,3350,1,"1"
5693.5703090662591,227804,3365,3,"2-1"
5709.5145682290286,227786,3383,1,"1"
5726.0884614088154,227772,3397,1,"1"
5735.5452112765661,227767,3402,1,"1"
5761.9883314168992,227747,3422,4,"3-1"
5772.4103122105735,227729,3440,1,"1"
5831.9229840760208,227711,3458,1,"1"
5834.2592439164127,227693,3476,1,"1"
5836.3681266189178,227688,3481,1,"1"
5837.3080891540376,227673,3496,3,"3"
5848.8648607934956,227668,3501,1,"1"
5866.0792159754446,227658,3511,1,"1"
5889.4927653988088,227640,3529,1,"1"
5899.1449696237187,227622,3547,1,"1"
5909.3399671634024,227610,3559,2,"1-1"
5918.3168011705384,227592,3577,1,"1"
5936.4444599879525,227574,3595,1,"1"
5940.9663887070674,227554,3615,2,"1-1"
5943.9498139369352,227536,3633,1,"1"
5953.9267732327853,227518,3651,1,"1"
5988.2995560464651,227500,3669,1,"1"
5989.7524940882067,227482,3687,1,"1"
6000.4784479183272,227477,3692,1,"1"
6025.228923181422,227459,3710,1,"1"
6032.8233293205776,227441,3728,1,"1"
6039.6418037015865,227423,3746,1,"1"
6058.5721584900466,227405,3764,1,"1"
6058.6686485145874,227395,3774,1,"1"
6110.779356733954,227377,3792,1,"1"
6112.3916869084587,227359,3810,1,"1"
6115.6292015365216,227354,3815,1,"1"
6135.3508019755,227336,3833,1,"1"
6154.0095138821689,227318,3851,1,"1"
6158.5596643436756,227300,3869,1,"1"
6163.7802443152768,227282,3887,1,"1"
6168.0903530819087,227262,3907,2,"1-1"
6194.0627458777681,227244,3925,1,"1"
6207.5956888527144,227220,3949,4,"3-1"
6226.8877386451295,227202,3967,1,"1"
6227.2596293748993,227174,3995,4,"3-1"
6227.3938162461745,227156,4013,1,"1"
6231.9882797145265,227141,4028,3,"1-1-1"
6283.6596197217641,227123,4046,1,"1"
6288.5977291681857,227118,4051,1,"1"
6303.6271564897506,227108,4061,1,"1"
6313.6798256942984,227090,4079,1,"1"
6315.8605489291876,227072,4097,1,"1"
6316.2311626244837,227054,4115,1,"1"
6334.5124398597491,227048,4121,2,"2"
6348.5712830535313,227031,4138,3,"2-1"
6356.2534028180817,226994,4175,5,"2-2-1"
6365.8882457596246,226976,4193,1,"1"
6368.5919320535131,226954,4215,2,"2"
6403.7418374758527,226947,4222,1,"1"
6411.0319376513498,226929,4240,1,"1"
6421.8573604572666,226911,4258,1,"1"
6429.9997026796718,226897,4272,2,"2"
6445.5735162441042,226886,4283,3,"2-1"
6453.4587668122313,226868,4301,1,"1"
6461.0908387088184,226850,4319,1,"1"
6468.7315258016424,226830,4339,2,"1-1"
6483.1711475001593,226810,4359,2,"2"
6486.0338110003086,226800,4369,1,"1"
6503.7713375713765,226766,4403,3,"2-1"
6504.1630538234112,226748,4421,1,"1"
6527.7049615165888,226730,4439,1,"1"
6530.4121342410835,226716,4453,2,"2"
6540.0787733432635,226698,4471,1,"1"
6541.5302709317803,226680,4489,1,"1"
6544.2918505275711,226662,4507,1,"1"
6579.2106807598384,226644,4525,1,"1"
6583.1245431550997,226626,4543,1,"1"
6609.797996708493,226616,4553,2,"2"
6611.3053755465862,226538,4631,14,"5-2-2-1-1-1-1-1"
6627.7714698092605,226502,4667,2,"1-1"
6628.8136299890994,226497,4672,1,"1"
6629.5705503262452,226479,4690,1,"1"
6645.205570254343,226468,4701,1,"1"
6677.6052245501633,226465,4704,1,"1"
6683.3852673247284,226456,4713,1,"1"
6699.5457492920923,226441,4728,1,"1"
6708.929991789254,226423,4746,1,"1"
6712.3343864473463,226405,4764,1,"1"
6717.5476316518543,226387,4782,1,"1"
6723.4863877349526,226313,4856,8,"4-2-1-1"
6756.0206083618577,226295,4874,1,"1"
6759.2898892323383,226277,4892,1,"1"
6761.9562570071939,226259,4910,1,"1"
6763.8525776062743,226241,4928,1,"1"
6767.1224501043371,226231,4938,1,"1"
6783.9734921348427,226195,4974,2,"2"
6785.431419775291,226178,4991,3,"2-1"
6819.4474947357194,226160,5009,1,"1"
6830.5358316269212,226142,5027,1,"1"
6848.8923366778909,226124,5045,1,"1"
6864.6872700716158,226106,5063,1,"1"
6870.5611944696357,226101,5068,1,"1"
6870.7057716136278,226094,5075,1,"1"
6874.2915323771385,226081,5088,1,"1"
6879.5432923528588,226063,5106,1,"1"
6879.8611622069093,226049,5120,1,"1"
6896.0368270362769,226013,5156,2,"2"
6897.2499236819776,226010,5159,1,"1"
6903.3012951922956,225992,5177,1,"1"
6918.2670659718442,225974,5195,1,"1"
6919.4494915984642,225956,5213,1,"1"
6935.4200494117285,225920,5249,2,"2"
6975.4962197277873,225902,5267,1,"1"
6984.2666045843889,225885,5284,1,"1"
6991.8933840071222,225867,5302,1,"1"
7002.2933949500493,225849,5320,1,"1"
7011.1378542553739,225839,5330,2,"1-1"
7015.9784988708789,225816,5353,3,"3"
7022.3802921171573,225798,5371,1,"1"
7026.4712319816226,225780,5389,1,"1"
7031.3394091347227,225775,5394,1,"1"
7049.2113234554663,225757,5412,1,"1"
7060.4097651780467,225752,5417,1,"1"
7062.8530591928038,225742,5427,1,"1"
7072.1600730352975,225724,5445,1,"1"
7082.4258536525604,225706,5463,1,"1"
7105.2870529489201,225701,5468,1,"1"
7110.5193206676713,225683,5486,1,"1"
7122.5935693454694,225651,5518,4,"2-1-1"
7150.631520582484,225633,5536,1,"1"
7163.6209392495439,225615,5554,1,"1"
7176.7982454001431,225597,5572,1,"1"
7177.2646234597514,225579,5590,1,"1"
7179.8323145701152,225566,5603,1,"1"
7192.2785670912399,225548,5621,1,"1"
7219.7610971065533,225529,5640,3,"3"
7226.4133091119147,225511,5658,1,"1"
7243.4967766305763,225493,5676,1,"1"
7268.7110188366096,225475,5694,1,"1"
7294.3256622469626,225457,5712,1,"1"
7296.4854257756024,225439,5730,1,"1"
7301.769833984159,225421,5748,1,"1"
7320.3141316502852,225401,5768,2,"2"
7363.8054652070941,225383,5786,1,"1"
7364.4661546398283,225365,5804,1,"1"
7379.0472784947133,225354,5815,1,"1"
7385.689614143449,225349,5820,1,"1"
7394.911790676806,225331,5838,1,"1"
7400.3598126864999,225313,5856,1,"1"
7415.7569538023745,225295,5874,1,"1"
7432.8883300823172,225277,5892,1,"1"
7433.4386453481593,225259,5910,1,"1"
7433.616873093064,225241,5928,1,"1"
7444.0159207619008,225223,5946,1,"1"
7454.7538908374536,225122,6047,17,"9-2-2-1-1-1-1"
7472.8161322033802,225106,6063,1,"1"
7474.7334736026496,225088,6081,1,"1"
7489.9450465742502,225078,6091,1,"1"
7491.1130655792585,225068,6101,2,"1-1"
7511.766222663352,225058,6111,1,"1"
7545.1841351416242,225040,6129,1,"1"
7545.2941938492277,224965,6204,11,"3-3-3-1-1"
7555.5769506305169,224947,6222,1,"1"
7584.565793100749,224937,6232,2,"2"
7584.6917330353563,224919,6250,1,"1"
7590.0099485429646,224871,6298,6,"3-1-1-1"
7597.7088996016955,224835,6334,2,"2"
7605.1835025353448,224821,6348,2,"2"
7617.1604525312932,224803,6366,1,"1"
7631.2834267377566,224791,6378,1,"1"
7634.766518799689,224773,6396,1,"1"
7645.8318836180606,224759,6410,1,"1"
7658.4552413590936,224715,6454,3,"1-1-1"
7666.8174244481906,224697,6472,1,"1"
7675.221214053623,224679,6490,1,"1"
7683.3826790989469,224661,6508,1,"1"
7688.2502668829957,224656,6513,1,"1"
7698.4549370377663,224638,6531,1,"1"
7706.1443729450384,224579,6590,7,"3-2-1-1"
7726.6072736639971,224561,6608,1,"1"
7744.5496850775244,224556,6613,1,"1"
7744.6876054945178,224534,6635,4,"2-2"
7745.5542621585209,224516,6653,1,"1"
7748.4894231981789,224498,6671,1,"1"
7753.0162735278655,224480,6689,1,"1"
7769.9445818194336,224462,6707,1,"1"
7770.7739709593297,224452,6717,2,"2"
7783.491904599121,224434,6735,1,"1"
7784.5513295568526,224416,6753,1,"1"
7787.8028425322209,224398,6771,1,"1"
7795.8490198867066,224380,6789,1,"1"
7801.965043629988,224362,6807,1,"1"
7803.6214985083334,224344,6825,1,"1"
7805.8150197922623,224326,6843,1,"1"
7821.7414768685467,224295,6874,3,"1-1-1"
7824.1316003653028,224277,6892,1,"1"
7841.7699770265699,224267,6902,1,"1"
7848.4365782451905,224231,6938,2,"1-1"
7852.2162226787286,224213,6956,1,"1"
7852.2863453149876,224136,7033,11,"3-3-2-1-1-1"
7854.1213605962466,224106,7063,3,"1-1-1"
7859.0060825207702,224088,7081,1,"1"
7863.1606714226036,224066,7103,2,"2"
7865.3439365526947,224014,7155,6,"4-2"
7868.419790218727,223996,7173,1,"1"
7874.3029157746041,223978,7191,1,"1"
7885.0356976975727,223926,7243,4,"3-1"
7898.9310210351787,223908,7261,1,"1"
7915.7868554294146,223890,7279,1,"1"
7927.3204616256226,223872,7297,1,"1"
7935.8091878371879,223854,7315,1,"1"
7955.0046850220169,223836,7333,1,"1"
7961.0883186218807,223784,7385,4,"3-1"
7977.5316937356174,223760,7409,2,"1-1"
7992.8546650087146,223750,7419,1,"1"
7995.8395226654357,223732,7437,1,"1"
7998.5635494238604,223714,7455,1,"1"
7998.7657494207688,223696,7473,1,"1"
8016.3892070203583,223668,7501,4,"3-1"
8035.0705479479266,223650,7519,1,"1"
8046.0604262324787,223632,7537,1,"1"
8059.8913743278854,223594,7575,3,"2-1"
8066.9138977354842,223576,7593,1,"1"
8085.5722673404398,223558,7611,1,"1"
8111.1843480944808,223543,7626,3,"2-1"
8112.7609421771831,223525,7644,1,"1"
8114.4124393972916,223507,7662,1,"1"
8119.9014478529325,223489,7680,1,"1"
8122.3349504881444,223471,7698,1,"1"
8147.4386645160475,223466,7703,1,"1"
8159.1357230845842,223448,7721,1,"1"
8177.836124097058,223417,7752,3,"2-1"
8188.7538022988783,223326,7843,11,"6-2-1-1-1"
8189.9826109028745,223308,7861,1,"1"
8201.9615763292186,223290,7879,1,"1"
8212.114815157267,223267,7902,3,"2-1"
8242.6500393054775,223250,7919,1,"1"
8246.4408123959511,223241,7928,1,"1"
8265.3190127152557,223232,7937,1,"1"
8298.3836665332765,223188,7981,4,"4"
8314.5156376631148,223170,7999,1,"1"
8325.0548685086887,223144,8025,4,"2-1-1"
8354.2266105115687,223126,8043,1,"1"
8357.8648932974793,223078,8091,3,"2-1"
8361.4712233542468,223060,8109,1,"1"
8364.2970762416317,223042,8127,1,"1"
8369.1546556334179,223016,8153,2,"1-1"
8370.9292273025294,222957,8212,6,"3-2-1"
8372.7250557721254,222945,8224,1,"1"
8373.0529965622336,222931,8238,2,"2"
8396.7885111133692,222913,8256,1,"1"
8399.3075344464887,222890,8279,3,"2-1"
8420.9049060574416,222870,8299,2,"2"
8425.7725337037446,222824,8345,3,"3"
8428.6490605333802,222814,8355,1,"1"
8433.067979293497,222796,8373,1,"1"
8435.9142507594279,222786,8383,1,"1"
8455.8281100971144,222730,8439,5,"2-1-1-1"
8458.2645472009499,222712,8457,1,"1"
8461.1330896100808,222694,8475,1,"1"
8468.9927293294677,222658,8511,2,"2"
8476.0504991255802,222640,8529,1,"1"
8479.7951406336706,222622,8547,1,"1"
8486.4082491102872,222595,8574,3,"2-1"
8494.9414437724463,222560,8609,2,"2"
8528.2002349658087,222522,8647,3,"3"
8546.7396808121666,222504,8665,1,"1"
8563.2345415098935,222486,8683,1,"1"
8569.1610202284755,222472,8697,1,"1"
8589.7054222707739,222456,8713,1,"1"
8593.0914316837916,222438,8731,1,"1"
8603.1451650506951,222420,8749,1,"1"
8607.4792547482139,222384,8785,4,"4"
8615.6729448663064,222374,8795,1,"1"
8624.9023683815431,222360,8809,2,"2"
8626.5272454969745,222322,8847,3,"3"
8630.2426570166881,222313,8856,1,"1"
8631.3092900597385,222299,8870,1,"1"
8633.010609690873,222281,8888,1,"1"
8641.2203323740632,222263,8906,1,"1"
8643.0666365870147,222237,8932,4,"1-1-1-1"
8648.2583609334197,222183,8986,3,"2-1"
8667.4402451974711,222170,8999,1,"1"
8688.7923983947148,222165,9004,1,"1"
8694.9428516466887,222129,9040,2,"2"
8697.6222018504523,222111,9058,1,"1"
8700.4827741848476,222093,9076,1,"1"
8713.0829117480698,222039,9130,3,"1-1-1"
8734.9635492459656,222021,9148,1,"1"
8736.7437459970406,222003,9166,1,"1"
8738.3585839171756,221967,9202,2,"1-1"
8745.0601705240169,221953,9216,1,"1"
8746.4357581721433,221935,9234,1,"1"
8752.4522492902615,221917,9252,1,"1"
8755.4339416926377,221881,9288,2,"2"
8765.0222200820463,221863,9306,1,"1"
8785.9548949887376,221827,9342,2,"2"
8788.2879595780596,221809,9360,1,"1"
8788.9050302133601,221791,9378,1,"1"
8814.4062846295219,221773,9396,1,"1"
8817.7078227329039,221755,9414,1,"1"
8827.1420019406942,221737,9432,1,"1"
8839.9397511410152,221719,9450,1,"1"
8841.8186589145644,221701,9468,1,"1"
8871.5470243865748,221665,9504,2,"1-1"
8882.4317036565262,221647,9522,1,"1"
8887.8860288536634,221629,9540,1,"1"
8889.5970887021649,221619,9550,1,"1"
8894.0221559364454,221603,9566,2,"1-1"
8896.003803063657,221598,9571,1,"1"
8897.5551843864796,221580,9589,1,"1"
8904.3531697506369,221544,9625,2,"2"
8913.9242113699402,221508,9661,2,"2"
8925.1482010611999,221494,9675,1,"1"
8950.0955239247778,221476,9693,1,"1"
8953.116567071349,221464,9705,1,"1"
8959.2538353542368,221446,9723,1,"1"
8977.7253553314204,221428,9741,1,"1"
8982.056689911904,221392,9777,2,"2"
8999.7409363558018,221378,9791,1,"1"
9001.8812248167724,221300,9869,6,"2-2-2"
9009.317794571587,221282,9887,1,"1"
9015.5855363654118,221264,9905,1,"1"
9030.8895890380045,221246,9923,1,"1"
9031.6905354878854,221228,9941,1,"1"
9037.8363482606892,221219,9950,1,"1"
9048.3154078932021,221195,9974,2,"2"
9051.9735896015445,221177,9992,1,"1"
9053.9975850600858,221159,10010,1,"1"
9065.17967378096,221141,10028,1,"1"
9066.2353314170905,221123,10046,1,"1"
9083.6258605800249,221105,10064,1,"1"
9084.921906562673,221087,10082,1,"1"
9090.2804811296883,221069,10100,1,"1"
9090.9290017970798,221055,10114,2,"2"
9098.3279600564711,221037,10132,1,"1"
9100.7126643661868,220986,10183,5,"3-2"
9111.5033042892846,220968,10201,1,"1"
9112.7139002220192,220948,10221,2,"1-1"
9119.0567216803265,220930,10239,1,"1"
9120.9702439510511,220912,10257,1,"1"
9142.6391529176908,220898,10271,1,"1"
9153.417656460113,220880,10289,1,"1"
9171.403531030779,220862,10307,1,"1"
9173.3642668630928,220680,10489,19,"7-4-3-2-1-1-1"
9174.5196233694442,220662,10507,1,"1"
9180.667375169216,220644,10525,1,"1"
9196.5873767884805,220608,10561,2,"2"
9212.3867734310661,220590,10579,1,"1"
9221.8643006185594,220554,10615,2,"2"
9226.3722991586928,220536,10633,1,"1"
9241.3547448919671,220518,10651,1,"1"
9248.9704139512141,220500,10669,1,"1"
9254.0486878439951,220482,10687,1,"1"
9260.5690750032973,220471,10698,1,"1"
9323.2011924839844,220453,10716,1,"1"
9329.6918032431986,220435,10734,1,"1"
9334.8576872581925,220400,10769,3,"2-1"
9340.0557223576907,220391,10778,1,"1"
9340.2233819893281,220355,10814,2,"2"
9346.8555578539854,220269,10900,7,"4-1-1-1"
9349.359396955253,220225,10944,4,"2-2"
9362.041915245647,220173,10996,4,"2-2"
9370.8909552940131,220155,11014,1,"1"
9374.1412143237121,220137,11032,1,"1"
9374.3996536309496,220119,11050,1,"1"
9381.047088445217,220101,11068,1,"1"
9383.6797454561656,220083,11086,1,"1"
9386.0012124664663,220078,11091,1,"1"
9386.9445304949586,220060,11109,1,"1"
9398.2185282793744,220051,11118,1,"1"
9428.6115956002413,220033,11136,1,"1"
9434.4768865255082,220001,11168,2,"2"
9445.8790057104798,219957,11212,3,"2-1"
9449.3269994325055,219946,11223,1,"1"
9460.9609745208927,219928,11241,1,"1"
9473.7951992549151,219910,11259,1,"1"
9474.209017571462,219900,11269,1,"1"
9482.6610867119107,219891,11278,1,"1"
9498.0272681809965,219882,11287,1,"1"
9504.5500941094288,219856,11313,2,"2"
9517.8324237501492,219847,11322,1,"1"
9520.037577511901,219835,11334,1,"1"
9533.1850643441103,219817,11352,1,"1"
9547.8267789372039,219808,11361,1,"1"
9554.2770483794884,219772,11397,2,"2"
9554.2929106508582,219736,11433,2,"1-1"
9559.3010297219989,219718,11451,1,"1"
9563.5102686119171,219588,11581,13,"4-3-1-1-1-1-1-1"
9569.9840056985504,219534,11635,4,"4"
9586.8985699175973,219516,11653,1,"1"
9588.196402544203,219498,11671,1,"1"
9592.9672339888984,219480,11689,1,"1"
9595.1189451683349,219444,11725,4,"2-1-1"
9601.6337661227608,219434,11735,1,"1"
9602.6406772507889,219370,11799,6,"4-1-1"
9613.9649955646018,219334,11835,2,"2"
9629.2683515637,219298,11871,2,"2"
9638.764004311126,219280,11889,1,"1"
9640.4581536334335,219267,11902,1,"1"
9647.3626896301976,219177,11992,5,"3-1-1"
9661.5371078997996,219123,12046,3,"3"
9665.0086409375654,219088,12081,3,"3"
9680.4238669880251,219010,12159,5,"5"
9680.9422840405714,219000,12169,1,"1"
9683.7546211064491,218991,12178,1,"1"
9686.7448145407143,218973,12196,1,"1"
9713.1412474401986,218955,12214,1,"1"
9725.8896610292668,218937,12232,1,"1"
9729.8193762393639,218919,12250,1,"1"
9735.9043551155664,218883,12286,2,"1-1"
9740.2180816876262,218865,12304,1,"1"
9749.1567613632633,218847,12322,1,"1"
9763.1158696460006,218829,12340,1,"1"
9763.5789301676123,218777,12392,4,"4"
9771.2374501874365,218764,12405,1,"1"
9773.7481743954231,218698,12471,4,"3-1"
9774.4273868256569,218680,12489,1,"1"
9782.946917688947,218662,12507,1,"1"
9791.0697827742242,218644,12525,1,"1"
9798.6090978891843,218572,12597,6,"3-2-1"
9803.7275179699736,218554,12615,1,"1"
9809.1745959386699,218536,12633,1,"1"
9812.8524334105459,218518,12651,1,"1"
9829.3552845754366,218505,12664,1,"1"
9838.9385142460123,218135,13034,26,"3-3-2-2-2-2-2-1-1-1-1-1-1-1-1-1-1"
9855.6807127505199,218117,13052,1,"1"
9884.896475534606,218103,13066,1,"1"
9889.534592389622,218085,13084,1,"1"
9891.0963052211337,218067,13102,1,"1"
9893.2342441808487,218029,13140,3,"1-1-1"
9907.9116724545274,218011,13158,1,"1"
9909.1185601668385,217993,13176,1,"1"
9918.7461408769577,217963,13206,3,"1-1-1"
9928.6890709725139,217945,13224,1,"1"
9929.4892558122538,217927,13242,1,"1"
9943.99233242849,217909,13260,1,"1"
9953.1516979193457,217229,13940,54,"7-5-5-4-3-3-2-2-2-2-2-2-2-1-1-1-1-1-1-1-1-1-1-1-1-1"
9960.7581867130339,217220,13949,1,"1"
9966.4234957494627,217196,13973,2,"2"
9976.8504578308966,217178,13991,1,"1"
9983.307672837358,217167,14002,1,"1"
9989.8891592065156,217131,14038,2,"1-1"
10007.572894222518,216871,14298,18,"4-4-3-2-1-1-1-1-1"
10016.288531112516,216845,14324,2,"2"
10017.200533943569,216546,14623,27,"5-4-3-3-2-2-2-1-1-1-1-1-1"
10022.923341561787,216528,14641,1,"1"
10024.03822626806,216462,14707,6,"2-2-1-1"
10030.850494652645,216453,14716,1,"1"
10031.151369340691,216365,14804,7,"2-2-2-1"
10031.698841112293,216348,14821,1,"1"
10035.132342546623,216330,14839,1,"1"
10035.719479479159,216312,14857,1,"1"
10042.519438119452,216280,14889,2,"2"
10051.753321064094,216262,14907,1,"1"
10059.87984207859,216244,14925,1,"1"
10065.004027403022,216176,14993,5,"2-2-1"
10070.231769778798,216140,15029,2,"2"
10072.633334691469,216122,15047,1,"1"
10073.001086493327,216104,15065,1,"1"
10080.093309808941,216068,15101,2,"2"
10092.095774426238,215996,15173,4,"4"
10098.787368442576,215919,15250,7,"2-2-2-1"
10102.587002664641,215901,15268,1,"1"
10107.183105458469,215869,15300,4,"2-1-1"
10126.362745269273,215851,15318,1,"1"
10135.146815032136,215815,15354,2,"2"
10150.692115753016,215795,15374,2,"2"
10150.715915620805,215717,15452,5,"5"
10151.324786276165,215681,15488,2,"2"
10155.986901575114,215671,15498,1,"1"
10165.163199334165,215635,15534,2,"1-1"
10168.681658689196,215617,15552,1,"1"
10169.705211149787,215607,15562,1,"1"
10176.096680347939,215589,15580,1,"1"
10177.929614988656,215289,15880,22,"6-5-2-2-2-1-1-1-1-1"
10180.195883495706,215279,15890,1,"1"
10185.977488657158,215233,15936,3,"2-1"
10194.39616185675,215061,16108,12,"4-2-2-1-1-1-1"
10199.79991751709,215025,16144,2,"2"
10222.107529627028,214991,16178,2,"1-1"
10228.399140385796,214915,16254,6,"3-2-1"
10232.971844387181,214897,16272,1,"1"
10241.354025106773,0,231169,12094,"12094"
----------------------------------------------6
0,231169,0,0,"0"
127.41297856523238,231168,1,1,"1"
209.59612099331756,231167,2,1,"1"
238.90282929856281,231166,3,1,"1"
361.53948995267706,231148,21,1,"1"
370.71730207741496,231144,25,2,"2"
381.50370365880599,231143,26,1,"1"
440.89569884887379,231142,27,1,"1"
506.62511437047959,231141,28,1,"1"
560.87370982330481,231140,29,1,"1"
594.84383002689231,231139,30,1,"1"
607.63562130595938,231138,31,1,"1"
615.06605895631537,231137,32,1,"1"
637.35182873012945,231136,33,1,"1"
731.2798580775418,231135,34,1,"1"
750.39794893657643,231134,35,1,"1"
787.63408621270401,231133,36,1,"1"
814.12718292026648,231132,37,1,"1"
840.26805492489018,231131,38,1,"1"
850.86419216765375,231130,39,1,"1"
854.74909953150154,231129,40,1,"1"
878.58684807271914,231128,41,1,"1"
887.58383732468781,231126,43,2,"2"
904.19495433708471,231124,45,2,"1-1"
907.60325199104057,231114,55,2,"2"
914.91891291616014,231113,56,1,"1"
930.7591067000169,231112,57,1,"1"
936.28625604607748,231111,58,1,"1"
936.97944467027901,231110,59,1,"1"
939.09886981101988,231100,69,1,"1"
973.99648544597062,231099,70,1,"1"
989.22897442242061,231098,71,1,"1"
1030.1396284663115,231080,89,1,"1"
1036.6041865198936,231077,92,1,"1"
1114.9125112293252,231076,93,1,"1"
1115.7450019041023,231065,104,3,"3"
1129.1707029187342,231064,105,1,"1"
1139.2248299598084,231063,106,1,"1"
1201.488429932549,231049,120,1,"1"
1229.4510587219806,231031,138,1,"1"
1238.7744239822007,231029,140,2,"2"
1252.7803016856262,231028,141,1,"1"
1308.7521573884444,231027,142,1,"1"
1362.5387320153154,231009,160,1,"1"
1371.6945565328665,231008,161,1,"1"
1388.7898703794897,230990,179,1,"1"
1408.8277939593622,230972,197,1,"1"
1426.5658417392774,230970,199,2,"2"
1437.7832924435986,230969,200,1,"1"
1463.0459711819515,230968,201,1,"1"
1487.3728048072187,230966,203,2,"1-1"
1497.8322875014512,230964,205,2,"2"
1512.4465201434914,230963,206,1,"1"
1516.1901969030994,230962,207,1,"1"
1518.0882553785802,230961,208,1,"1"
1526.0804674632168,230958,211,3,"1-1-1"
1527.766829756828,230956,213,2,"2"
1534.2087140128217,230955,214,1,"1"
1559.870012350297,230954,215,1,"1"
1564.8323362005342,230953,216,1,"1"
1568.968381956742,230935,234,1,"1"
1583.1408914069384,230934,235,1,"1"
1591.7993100459953,230933,236,1,"1"
1597.8187893717186,230932,237,1,"1"
1599.8065263222622,230931,238,1,"1"
1636.7403295517875,230913,256,1,"1"
1653.0215333703618,230912,257,1,"1"
1681.5511913556572,230911,258,1,"1"
1685.7335415788589,230909,260,2,"1-1"
1685.734084038012,230884,285,5,"2-1-1-1"
1698.1811694328098,230880,289,4,"3-1"
1698.5611971497867,230879,290,1,"1"
1703.4370466830874,230878,291,1,"1"
1707.9968941030036,230877,292,1,"1"
1728.7691925298718,230876,293,1,"1"
1730.1776974760023,230873,296,3,"3"
1736.2360413843278,230872,297,1,"1"
1739.6184691974543,230871,298,1,"1"
1748.4067605652303,230853,316,1,"1"
1756.1721015885878,230852,317,1,"1"
1768.7259666719824,230847,322,1,"1"
1790.1096402229398,230837,332,1,"1"
1791.6399062234209,230836,333,1,"1"
1809.0792956816354,230835,334,1,"1"
1809.7495401681938,230834,335,1,"1"
1812.7952470268356,230831,338,1,"1"
1813.5400972421946,230813,356,1,"1"
1824.3976467557679,230811,358,2,"1-1"
1832.2042653851504,230793,376,1,"1"
1839.5283238477298,230792,377,1,"1"
1844.2470272258884,230791,378,1,"1"
1854.9811080852933,230790,379,1,"1"
1868.1889372968963,230789,380,1,"1"
1883.1261618751528,230788,381,1,"1"
1894.1978766978559,230770,399,1,"1"
1897.6641923412637,230765,404,1,"1"
1905.778798027588,230764,405,1,"1"
1908.7432620493084,230763,406,1,"1"
1910.692698383622,230758,411,1,"1"
1914.4041086315267,230746,423,8,"8"
1924.5591910154619,230745,424,1,"1"
1926.3232335179271,230744,425,1,"1"
1939.4471334343875,230742,427,2,"1-1"
1946.1739542623757,230741,428,1,"1"
1958.2220801075907,230737,432,4,"2-1-1"
1958.7488135826593,230734,435,1,"1"
1963.2023431811299,230725,444,1,"1"
1964.3732672572369,230723,446,2,"1-1"
1964.5159524475444,230722,447,1,"1"
1967.098240391939,230721,448,1,"1"
1976.5042807947025,230715,454,2,"2"
1976.7355125304452,230714,455,1,"1"
1991.3522852878239,230696,473,1,"1"
1992.3812762645839,230692,477,4,"3-1"
1993.3018252327381,230691,478,1,"1"
2018.3869416374769,230673,496,1,"1"
2019.2490431805215,230671,498,2,"1-1"
2021.6908088624466,230653,516,1,"1"
2023.1392967915378,230639,530,1,"1"
2024.0352647786754,230628,541,3,"1-1-1"
2049.7466711367379,230627,542,1,"1"
2050.7977499437734,230626,543,1,"1"
2052.6111653016528,230625,544,1,"1"
2053.8954485694212,230624,545,1,"1"
2058.6774077937075,230623,546,1,"1"
2060.6310072885476,230622,547,1,"1"
2061.0286748511085,230621,548,1,"1"
2074.9023427649231,230611,558,6,"6"
2099.307249314511,230610,559,1,"1"
2108.8174401701745,230592,577,1,"1"
2131.8453398750685,230582,587,2,"2"
2153.1757325486706,230572,597,1,"1"
2190.8237274145522,230571,598,1,"1"
2192.9243900311926,230553,616,1,"1"
2203.266003798014,230551,618,2,"2"
2209.1927651076467,230550,619,1,"1"
2232.7480615924046,230532,637,1,"1"
2269.2829527399822,230527,642,1,"1"
2274.2636623290259,230526,643,1,"1"
2282.4670298610063,230508,661,1,"1"
2286.8361677183148,230490,679,1,"1"
2288.1726696726537,230480,689,1,"1"
2292.3987098141974,230479,690,1,"1"
2299.5240830390762,230477,692,2,"2"
2301.9663472700076,230475,694,2,"2"
2306.5620733586675,230473,696,2,"2"
2339.0089993251077,230472,697,1,"1"
2344.7778315841724,230454,715,1,"1"
2366.8383794187307,230453,716,1,"1"
2371.698017415808,230439,730,1,"1"
2372.6758524058832,230430,739,1,"1"
2376.7951874531518,230429,740,1,"1"
2409.4461655595687,230428,741,1,"1"
2410.9905053334301,230423,746,1,"1"
2493.6859388031157,230405,764,1,"1"
2514.2090479398871,230404,765,1,"1"
2515.4626072448873,230386,783,1,"1"
2517.7061361442597,230376,793,1,"1"
2537.5107058078247,230375,794,1,"1"
2553.8163884697096,230371,798,4,"3-1"
2558.2905888107944,230353,816,1,"1"
2565.0520380720814,230350,819,3,"1-1-1"
2579.8125792493506,230349,820,1,"1"
2596.26491677287,230331,838,1,"1"
2609.545250087453,230321,848,1,"1"
2623.1271505437617,230303,866,1,"1"
2630.5260657635249,230285,884,1,"1"
2635.0715824147392,230283,886,2,"2"
2641.6159074290745,230277,892,2,"1-1"
2650.8169388706256,230259,910,1,"1"
2656.4827734953587,230251,918,2,"1-1"
2662.1006064457624,230246,923,1,"1"
2675.8894393968335,230228,941,1,"1"
2682.3388224254973,230227,942,1,"1"
2723.8779577006599,230225,944,2,"2"
2743.0671313773732,230207,962,1,"1"
2780.7058528420166,230206,963,1,"1"
2784.1485726766728,230205,964,1,"1"
2785.8297854524781,230200,969,1,"1"
2790.8047367750123,230190,979,1,"1"
2802.2441046898589,230181,988,1,"1"
2834.0216721135484,230174,995,1,"1"
2836.7447147668272,230171,998,1,"1"
2862.5809885538447,230159,1010,1,"1"
2865.3796037546585,230149,1020,1,"1"
2873.7121773160102,230142,1027,3,"3"
2875.2666067195228,230124,1045,1,"1"
2892.1178659412371,230088,1081,2,"2"
2893.2533095319795,230070,1099,1,"1"
2907.6186289335838,230067,1102,1,"1"
2980.8707078319317,230049,1120,1,"1"
2986.7013850707958,230031,1138,1,"1"
2989.1263089445165,230028,1141,1,"1"
3019.4267465080534,230010,1159,1,"1"
3022.3988533925899,229994,1175,2,"2"
3030.3289351303806,229980,1189,1,"1"
3060.7677693051278,229962,1207,1,"1"
3066.6655408867164,229961,1208,1,"1"
3079.4127228839711,229956,1213,1,"1"
3085.0552364506352,229951,1218,1,"1"
3102.5151527781895,229933,1236,1,"1"
3104.8954531733043,229915,1254,1,"1"
3112.5227581302879,229901,1268,1,"1"
3112.6989980134381,229900,1269,1,"1"
3115.1010197961559,229890,1279,1,"1"
3180.110027961774,229885,1284,1,"1"
3193.7777413133072,229880,1289,1,"1"
3240.371868817168,229862,1307,1,"1"
3257.8093620416985,229844,1325,1,"1"
3276.1655184243473,229826,1343,1,"1"
3323.9247611571213,229808,1361,1,"1"
3364.1437786348538,229801,1368,1,"1"
3369.1077316550945,229783,1386,1,"1"
3395.6362185131561,229778,1391,1,"1"
3433.8359779615753,229742,1427,2,"2"
3442.7063380434552,229734,1435,2,"1-1"
3444.7352947860959,229731,1438,1,"1"
3478.8007424743892,229721,1448,1,"1"
3489.0542602468659,229710,1459,1,"1"
3493.8873877104143,229704,1465,2,"2"
3500.9106594323289,229686,1483,1,"1"
3511.5392578366295,229668,1501,1,"1"
3557.5692187525051,229665,1504,1,"1"
3576.8354314740363,229647,1522,4,"3-1"
3580.1525143408594,229646,1523,1,"1"
3597.580364240639,229641,1528,1,"1"
3606.9399521316077,229634,1535,1,"1"
3624.5555294616497,229625,1544,1,"1"
3648.4140280718634,229607,1562,1,"1"
3652.2969160426442,229589,1580,1,"1"
3656.2312585058685,229571,1598,1,"1"
3656.7637540076821,229566,1603,1,"1"
3656.8781879106505,229563,1606,1,"1"
3667.300778913931,229562,1607,1,"1"
3686.3563795190257,229552,1617,1,"1"
3686.6125080225152,229534,1635,1,"1"
3706.3497171166737,229533,1636,1,"1"
3746.6764572811271,229527,1642,2,"1-1"
3787.3487461421173,229517,1652,1,"1"
3793.9796132606339,229499,1670,1,"1"
3807.7214509063706,229481,1688,1,"1"
3837.0860093164088,229468,1701,1,"1"
3875.7386241136851,229458,1711,1,"1"
3909.5688671306857,229422,1747,2,"2"
3974.4041895071655,229412,1757,1,"1"
3982.8553208600629,229394,1775,1,"1"
3995.8071144209425,229380,1789,2,"2"
3996.5238221838681,229370,1799,2,"2"
4000.181078309944,229357,1812,1,"1"
4025.646168303017,229352,1817,1,"1"
4060.3977631487683,229342,1827,1,"1"
4065.3156791167171,229337,1832,1,"1"
4127.1629714302144,229319,1850,1,"1"
4142.0714958794842,229312,1857,1,"1"
4143.7475805025042,229294,1875,1,"1"
4189.6782917989485,229289,1880,1,"1"
4191.5789549846741,229271,1898,1,"1"
4206.7555299973465,229255,1914,4,"4"
4226.0459797001895,229245,1924,2,"2"
4239.5030134907065,229227,1942,1,"1"
4262.7817698800109,229222,1947,1,"1"
4269.6917163929293,229212,1957,1,"1"
4271.7757186449498,229209,1960,1,"1"
4295.3595447814814,229191,1978,1,"1"
4296.1957419776845,229188,1981,1,"1"
4302.922547301162,229170,1999,1,"1"
4305.5078010989582,229160,2009,1,"1"
4314.6901797542423,229157,2012,1,"1"
4328.5953061734726,229154,2015,1,"1"
4332.8565893524847,229145,2024,1,"1"
4343.3701839750729,229140,2029,1,"1"
4346.9298504681592,229122,2047,1,"1"
4349.6257934709593,229113,2056,1,"1"
4360.0277668082144,229093,2076,2,"2"
4373.6351599439213,229075,2094,1,"1"
4398.379473780984,229057,2112,1,"1"
4427.4766698749418,229052,2117,1,"1"
4451.6978759497897,229027,2142,5,"3-2"
4454.0249575851221,229022,2147,1,"1"
4456.1907747237883,228994,2175,2,"2"
4469.1458808556017,228989,2180,1,"1"
4485.5968394007205,228979,2190,2,"2"
4492.1109089723959,228974,2195,1,"1"
4497.7358759897616,228956,2213,1,"1"
4498.7415907593941,228938,2231,1,"1"
4550.8477654644494,228920,2249,1,"1"
4572.9976489671981,228902,2267,1,"1"
4576.3777016026352,228889,2280,1,"1"
4586.0018079188567,228884,2285,1,"1"
4593.3227922009846,228876,2293,2,"2"
4624.1850431176081,228858,2311,1,"1"
4631.5535794359794,228855,2314,1,"1"
4641.2558634279021,228837,2332,1,"1"
4642.3992841993077,228819,2350,1,"1"
4657.8617061207005,228801,2368,1,"1"
4659.2900042196707,228783,2386,1,"1"
4659.5288084994281,228765,2404,1,"1"
4673.6350829945613,228716,2453,11,"7-2-1-1"
4688.8797968938243,228680,2489,2,"2"
4691.0233262475504,228677,2492,1,"1"
4700.232627230017,228672,2497,1,"1"
4748.3294525829178,228654,2515,1,"1"
4759.3970427956619,228649,2520,1,"1"
4759.419790857889,228633,2536,2,"2"
4762.6483446688244,228628,2541,1,"1"
4769.4673766700726,228618,2551,1,"1"
4769.9784610104225,228600,2569,4,"3-1"
4776.2742044416837,228582,2587,1,"1"
4790.8722364375881,228564,2605,1,"1"
4792.8763759361836,228546,2623,1,"1"
4793.5897253471676,228528,2641,1,"1"
4799.5288778992344,228510,2659,1,"1"
4802.5159539268661,228492,2677,1,"1"
4802.6320347140181,228474,2695,1,"1"
4841.8631488006667,228456,2713,1,"1"
4846.8781162687146,228438,2731,1,"1"
4852.3739295064825,228433,2736,1,"1"
4864.2264010662548,228419,2750,1,"1"
4883.6743396171387,228414,2755,1,"1"
4924.7198696671476,228407,2762,1,"1"
4936.5397104793747,228389,2780,1,"1"
4946.0891857765419,228384,2785,1,"1"
4961.7074005043478,228366,2803,1,"1"
4966.6159641511467,228348,2821,1,"1"
4979.3813497632273,228330,2839,1,"1"
4980.5974152488789,228314,2855,1,"1"
4994.3927943975095,228311,2858,1,"1"
4999.594876512524,228296,2873,1,"1"
5003.3289456889643,228278,2891,1,"1"
5011.6387552599535,228260,2909,1,"1"
5011.7003535778404,228250,2919,1,"1"
5038.3169699983073,228232,2937,1,"1"
5048.9958015117973,228214,2955,1,"1"
5055.5733231922395,228196,2973,1,"1"
5057.2997077921455,228191,2978,1,"1"
5058.5297222583595,228174,2995,1,"1"
5061.8457364703754,228156,3013,1,"1"
5084.1434751326142,228138,3031,1,"1"
5118.5079170416675,228118,3051,2,"1-1"
5119.4372416062806,228100,3069,1,"1"
5138.3386119488441,228082,3087,1,"1"
5140.534812259275,228064,3105,1,"1"
5158.2938418527892,228061,3108,1,"1"
5176.0350174734858,228056,3113,1,"1"
5181.8587492288998,228038,3131,1,"1"
5209.3836447745061,228020,3149,1,"1"
5242.3718406352564,228002,3167,1,"1"
5247.9211204973344,227984,3185,1,"1"
5260.0648514646455,227966,3203,1,"1"
5284.5463331304682,227948,3221,1,"1"
5290.3291076152436,227899,3270,9,"3-2-1-1-1-1"
5294.3740453031287,227881,3288,1,"1"
5296.7863122193421,227863,3306,1,"1"
5324.0621956762598,227858,3311,1,"1"
5341.7911410264487,227848,3321,1,"1"
5359.6662170388709,227830,3339,1,"1"
5375.0306480449544,227827,3342,1,"1"
5385.369783265598,227824,3345,1,"1"
5394.9588762372705,227814,3355,1,"1"
5401.324328226834,227800,3369,1,"1"
5416.5008976502049,227782,3387,1,"1"
5420.6941914493755,227763,3406,3,"2-1"
5436.0756816609028,227745,3424,1,"1"
5451.1945493233088,227727,3442,1,"1"
5475.1595795314815,227722,3447,1,"1"
5483.2370356189058,227719,3450,1,"1"
5487.7491366886888,227701,3468,1,"1"
5496.8794386230375,227674,3495,5,"2-2-1"
5521.7858873123942,227664,3505,2,"2"
5523.6956476521827,227646,3523,1,"1"
5524.6434739818224,227636,3533,1,"1"
5533.4653545634183,227618,3551,1,"1"
5539.7047927128397,227600,3569,1,"1"
5545.8810116741242,227584,3585,1,"1"
5549.0599005058466,227566,3603,1,"1"
5553.4639966489367,227563,3606,1,"1"
5586.628573876118,227545,3624,1,"1"
5590.7969955984408,227527,3642,1,"1"
5619.0485080014314,227510,3659,1,"1"
5625.3748627435671,227500,3669,2,"2"
5643.9535300738953,227488,3681,1,"1"
5665.3073057637675,227470,3699,1,"1"
5692.8754843279148,227452,3717,1,"1"
5693.1683814989974,227443,3726,1,"1"
5703.6981692848203,227440,3729,1,"1"
5710.604702986443,227429,3740,1,"1"
5734.4273871015512,227417,3752,4,"4"
5739.3065251158559,227407,3762,2,"1-1"
5747.8211306508892,227387,3782,2,"2"
5758.1853918679699,227353,3816,4,"2-1-1"
5798.3199703209102,227335,3834,1,"1"
5805.7506417507157,227317,3852,1,"1"
5823.7444627162604,227303,3866,2,"2"
5825.3759982213232,227293,3876,1,"1"
5845.6048994968523,227275,3894,1,"1"
5858.7506032148531,227270,3899,1,"1"
5860.799137915762,227234,3935,2,"2"
5869.6886017750876,227216,3953,1,"1"
5870.7542309557875,227198,3971,1,"1"
5873.9259724132289,227188,3981,2,"2"
5877.7770041729,227175,3994,1,"1"
5904.6258044511387,227159,4010,1,"1"
5913.7528575774313,227141,4028,1,"1"
5918.0998899171418,227123,4046,1,"1"
5934.1378184892546,227103,4066,4,"2-2"
5959.4011959938935,227093,4076,2,"2"
5962.1812142182216,227088,4081,1,"1"
5965.5105083227563,227077,4092,1,"1"
5973.8500178901841,227074,4095,1,"1"
5983.0673435975359,227069,4100,1,"1"
6000.1109279560651,227051,4118,1,"1"
6000.7300267212695,227046,4123,1,"1"
6025.6327330022068,227011,4158,5,"2-2-1"
6031.6045051539868,227006,4163,1,"1"
6033.9955114654404,226984,4185,2,"1-1"
6034.2482901916383,226979,4190,1,"1"
6049.0885636815347,226961,4208,1,"1"
6062.4016328737735,226943,4226,1,"1"
6082.4794877027389,226938,4231,1,"1"
6105.4711605998,226920,4249,1,"1"
6105.9167773844556,226884,4285,2,"2"
6139.2022782203767,226874,4295,2,"2"
6141.9591229066491,226861,4308,1,"1"
6147.1808290364424,226844,4325,1,"1"
6155.087527546435,226839,4330,1,"1"
6162.243968545291,226829,4340,1,"1"
6163.9265614011483,226826,4343,1,"1"
6167.8798308588894,226812,4357,1,"1"
6171.6561708214276,226794,4375,1,"1"
6180.328319512867,226776,4393,1,"1"
6197.9327711116921,226771,4398,1,"1"
6201.2421569465068,226766,4403,1,"1"
6216.648290302428,226763,4406,1,"1"
6220.4443108687747,226727,4442,2,"1-1"
6233.042829728548,226709,4460,1,"1"
6250.0668113167794,226691,4478,1,"1"
6257.9397735276589,226673,4496,1,"1"
6259.1766063523464,226655,4514,1,"1"
6267.0147509044955,226637,4532,1,"1"
6270.8269712911979,226619,4550,1,"1"
6282.2913969172878,226589,4580,4,"3-1"
6286.2933041151919,226571,4598,1,"1"
6317.6133139601743,226559,4610,1,"1"
6320.1759217070457,226549,4620,1,"1"
6323.5240789921108,226539,4630,1,"1"
6328.5744255994723,226530,4639,1,"1"
6341.118677259361,226494,4675,3,"2-1"
6341.8721003924047,226489,4680,1,"1"
6342.1528307788712,226471,4698,1,"1"
6343.7111317550007,226435,4734,2,"2"
6343.9553997630355,226417,4752,1,"1"
6344.3518621947906,226410,4759,1,"1"
6345.1035993404512,226391,4778,3,"2-1"
6370.2369414481882,226373,4796,1,"1"
6386.7517657871667,226355,4814,1,"1"
6389.6997836915789,226337,4832,1,"1"
6422.9867041734842,226323,4846,1,"1"
6433.0147831304403,226305,4864,1,"1"
6475.125422623536,226287,4882,1,"1"
6475.5993033374989,226243,4926,4,"2-1-1"
6513.1662684363255,226229,4940,1,"1"
6514.6675481716302,226212,4957,1,"1"
6518.2357662427967,226187,4982,3,"1-1-1"
6529.1631222540245,226169,5000,1,"1"
6539.7063853666359,226159,5010,1,"1"
6542.2065633625452,226141,5028,1,"1"
6545.8907743531645,226131,5038,1,"1"
6559.291169340635,226121,5048,2,"2"
6566.3334358474567,226103,5066,2,"1-1"
6567.4967017631334,226096,5073,1,"1"
6617.2430128484048,226078,5091,1,"1"
6634.2661963417031,226066,5103,2,"2"
6642.807549370631,226020,5149,3,"2-1"
6646.2997014911989,226002,5167,1,"1"
6667.6443444552087,225978,5191,4,"3-1"
6677.7195875732141,225975,5194,1,"1"
6709.6063462388829,225957,5212,1,"1"
6711.3464749931263,225939,5230,1,"1"
6719.2133510586291,225929,5240,1,"1"
6729.5467680105921,225911,5258,1,"1"
6740.4142932367558,225901,5268,1,"1"
6746.4889023407468,225896,5273,1,"1"
6747.8897975314076,225889,5280,1,"1"
6754.7649775673071,225871,5298,1,"1"
6756.6048240787131,225862,5307,1,"1"
6760.2451190596357,225857,5312,1,"1"
6792.3705802434497,225839,5330,1,"1"
6817.1550230863322,225821,5348,1,"1"
6819.3437713003041,225803,5366,1,"1"
6823.3661460824123,225791,5378,1,"1"
6824.0810946232023,225773,5396,1,"1"
6825.6974786307392,225763,5406,1,"1"
6841.4951034723153,225750,5419,1,"1"
6843.6884830288473,225745,5424,1,"1"
6848.8925368159771,225727,5442,1,"1"
6851.7604639842093,225709,5460,1,"1"
6881.0228870197752,225697,5472,1,"1"
6888.8768018012534,225679,5490,1,"1"
6893.5535517615417,225664,5505,3,"2-1"
6896.9122489361062,225646,5523,1,"1"
6907.1821739278266,225636,5533,1,"1"
6908.6440319601843,225618,5551,1,"1"
6910.1206968128636,225600,5569,1,"1"
6910.3980120752576,225524,5645,5,"2-1-1-1"
6928.4142396001616,225519,5650,1,"1"
6939.3430570870632,225503,5666,1,"1"
6940.9540701462283,225467,5702,2,"1-1"
6944.5057961939401,225449,5720,1,"1"
6948.1049641424843,225439,5730,1,"1"
6950.2977121090025,225426,5743,1,"1"
6959.0433159117456,225408,5761,1,"1"
6972.7017074686364,225334,5835,12,"8-2-2"
6973.4071341759218,225327,5842,1,"1"
6975.9423268427117,225291,5878,2,"1-1"
6977.6274567632991,225273,5896,1,"1"
7008.0072934821155,225268,5901,1,"1"
7013.7067711551917,225250,5919,1,"1"
7026.4424475643946,225232,5937,1,"1"
7046.4444547546127,225214,5955,1,"1"
7056.3223173853139,225196,5973,1,"1"
7072.8033766843964,225182,5987,1,"1"
7112.1282149658264,225164,6005,1,"1"
7118.2120817803598,225146,6023,1,"1"
7137.2628092422665,225128,6041,1,"1"
7146.4035205963874,225121,6048,1,"1"
7160.142665622473,225109,6060,1,"1"
7166.5791515604569,225085,6084,2,"2"
7173.8975476715023,225075,6094,2,"1-1"
7179.431461741704,225057,6112,1,"1"
7185.6960388374773,225052,6117,1,"1"
7203.5387939725115,225034,6135,1,"1"
7205.8810407304536,225016,6153,1,"1"
7211.4613011593465,224996,6173,4,"2-2"
7238.0671792400071,224991,6178,1,"1"
7253.0785003564779,224981,6188,1,"1"
7256.0625340221277,224963,6206,1,"1"
7264.032235955211,224953,6216,2,"2"
7267.7894972305694,224935,6234,1,"1"
7289.0403374340067,224917,6252,1,"1"
7297.2090033208333,224899,6270,1,"1"
7298.2593090317741,224881,6288,2,"2"
7305.6460183383888,224857,6312,2,"1-1"
7315.2200950373217,224839,6330,1,"1"
7341.4615606296247,224821,6348,1,"1"
7355.109421137442,224787,6382,3,"2-1"
7391.1495176877252,224782,6387,1,"1"
7391.4592538279612,224777,6392,1,"1"
7412.1904293983343,224767,6402,1,"1"
7418.4441331898597,224751,6418,1,"1"
7432.549280147121,224733,6436,1,"1"
7435.4925345369811,224721,6448,1,"1"
7436.9341155355014,224707,6462,1,"1"
7443.7375247267255,224689,6480,1,"1"
7445.9465177109205,224679,6490,1,"1"
7456.8029502838763,224603,6566,6,"5-1"
7460.6128027623345,224585,6584,1,"1"
7499.6651490417089,224569,6600,2,"1-1"
7503.1050278066268,224551,6618,1,"1"
7507.7662315771049,224546,6623,1,"1"
7510.5558290545641,224276,6893,35,"5-5-3-3-3-2-2-2-2-1-1-1-1-1-1-1-1"
7511.2492100952777,224104,7065,23,"16-4-1-1-1"
7518.6118701922778,224086,7083,1,"1"
7530.2796523228153,224077,7092,1,"1"
7534.9666325366525,224059,7110,1,"1"
7556.6010292248402,224039,7130,2,"2"
7564.2862480463464,224021,7148,1,"1"
7581.2312881932648,224003,7166,1,"1"
7594.4013764333949,223985,7184,1,"1"
7609.6931088088886,223975,7194,1,"1"
7623.4442751912911,223968,7201,1,"1"
7627.4898227130234,223950,7219,1,"1"
7630.1027501733679,223932,7237,1,"1"
7645.9980621925397,223914,7255,1,"1"
7656.2252269439605,223896,7273,1,"1"
7670.4807605034421,223878,7291,1,"1"
7710.183817335319,223860,7309,1,"1"
7714.3352537705596,223842,7327,1,"1"
7721.2633503243605,223824,7345,1,"1"
7732.6072332620097,223814,7355,1,"1"
7740.8930262043568,223766,7403,3,"3"
7746.168480911093,223742,7427,2,"1-1"
7766.8638648828237,223724,7445,2,"2"
7771.1184498179055,223692,7477,3,"1-1-1"
7784.9547305411406,223670,7499,2,"2"
7785.1777193926873,223652,7517,2,"2"
7800.1669754615068,223642,7527,1,"1"
7805.9459469101384,223637,7532,1,"1"
7813.1283216517741,223622,7547,1,"1"
7835.4639987918217,223604,7565,1,"1"
7843.7166320519627,223586,7583,1,"1"
7859.4809144778028,223568,7601,1,"1"
7863.0802163627914,223550,7619,1,"1"
7881.5427973530914,223499,7670,5,"2-1-1-1"
7901.7894975052441,223481,7688,1,"1"
7907.7601432191341,223463,7706,1,"1"
7927.7345308525646,223445,7724,1,"1"
7947.2091191375057,223433,7736,1,"1"
7957.9543267601321,223415,7754,1,"1"
7961.2381375724208,223397,7772,1,"1"
7974.7936951846841,223388,7781,1,"1"
7987.7836767732542,223370,7799,1,"1"
8008.5345439774655,223324,7845,3,"2-1"
8020.7789003037851,223262,7907,5,"2-2-1"
8032.5329474641903,223244,7925,1,"1"
8036.4390798051627,223226,7943,1,"1"
8037.3920000915423,223208,7961,2,"2"
8046.7266899221049,223190,7979,1,"1"
8061.7347647627303,223185,7984,1,"1"
8063.2430260937135,223176,7993,1,"1"
8065.2251402675829,223158,8011,1,"1"
8080.5564981396219,223142,8027,1,"1"
8085.0691494121002,223124,8045,1,"1"
8087.1852101910217,223092,8077,2,"1-1"
8087.2513784825578,223083,8086,1,"1"
8089.3357504554551,223037,8132,4,"3-1"
8104.1072436568393,223015,8154,2,"2"
8106.8259004926758,223001,8168,1,"1"
8110.0622178046806,222983,8186,2,"2"
8127.7998539820201,222965,8204,1,"1"
8127.8755198689551,222960,8209,1,"1"
8134.2834364308274,222942,8227,1,"1"
8135.2312064594562,222924,8245,1,"1"
8140.0439649726814,222906,8263,1,"1"
8149.5537457512846,222891,8278,1,"1"
8171.6705038401133,222873,8296,1,"1"
8179.471543348177,222855,8314,1,"1"
8182.4209193963634,222819,8350,2,"1-1"
8186.6555696057258,222789,8380,3,"2-1"
8203.18608024284,222761,8408,2,"1-1"
8205.1093521265757,222743,8426,1,"1"
8262.1207924444388,222731,8438,1,"1"
8281.8835305902885,222637,8532,12,"6-2-1-1-1-1"
8284.606629326232,222619,8550,1,"1"
8294.9763525146864,222601,8568,1,"1"
8308.3141929385856,222547,8622,3,"3"
8316.6719274817951,222439,8730,12,"4-3-2-1-1-1"
8329.567979924157,222403,8766,2,"2"
8344.9106019356204,222393,8776,1,"1"
8350.6621110068481,222375,8794,1,"1"
8351.0676127368079,222357,8812,1,"1"
8357.6335921406626,222343,8826,1,"1"
8367.115392284024,222338,8831,1,"1"
8391.6311317941854,222275,8894,7,"3-2-1-1"
8394.076264430536,222257,8912,1,"1"
8403.654772539041,222252,8917,1,"1"
8407.9882509248855,222234,8935,1,"1"
8410.0093144203438,222216,8953,1,"1"
8412.3737735694813,222198,8971,1,"1"
8417.445246388439,222180,8989,1,"1"
8420.2625725677772,222162,9007,1,"1"
8427.0430491389889,222144,9025,1,"1"
8427.2280225782815,222118,9051,2,"1-1"
8461.0808429484478,222108,9061,1,"1"
8471.6256486645434,222090,9079,1,"1"
8473.5805206886544,222012,9157,6,"2-2-1-1"
8490.6227434422744,222002,9167,1,"1"
8491.2744536438022,221988,9181,1,"1"
8503.0818310153136,221970,9199,1,"1"
8505.7787130160214,221952,9217,1,"1"
8515.6425230699533,221934,9235,1,"1"
8526.5851493187201,221916,9253,1,"1"
8527.1487260362719,221889,9280,3,"3"
8532.2170578547866,221880,9289,1,"1"
8539.4294445895503,221870,9299,1,"1"
8566.6793567429722,221852,9317,1,"1"
8577.4051643358125,221834,9335,1,"1"
8589.938977946671,221825,9344,1,"1"
8604.1226124629065,221816,9353,1,"1"
8610.7649843524996,221764,9405,4,"2-1-1"
8621.677300866535,221755,9414,1,"1"
8624.5425565404585,221743,9426,1,"1"
8625.7000260729583,221733,9436,1,"1"
8628.0469348401948,221715,9454,1,"1"
8648.6493454768461,221698,9471,1,"1"
8648.8110364565036,221678,9491,2,"2"
8672.4193048647812,221660,9509,1,"1"
8674.9701699097768,221642,9527,1,"1"
8699.4643409970831,221630,9539,1,"1"
8699.6447810224618,221612,9557,1,"1"
8701.1931028593335,221594,9575,1,"1"
8726.59468833555,221576,9593,1,"1"
8754.2346385799156,221552,9617,2,"1-1"
8770.0517891749478,221534,9635,1,"1"
8774.8409756170367,221516,9653,1,"1"
8789.9632803169097,221506,9663,1,"1"
8796.0419150763482,221489,9680,1,"1"
8808.0431216102515,221471,9698,1,"1"
8823.7193209810703,221436,9733,3,"3"
8834.3106220160462,221422,9747,1,"1"
8834.740697382209,221370,9799,4,"2-1-1"
8835.8210473910185,221330,9839,4,"2-1-1"
8850.5878206934012,221312,9857,1,"1"
8870.5466054866156,221294,9875,1,"1"
8872.7585841257624,221276,9893,1,"1"
8880.1615823801294,221263,9906,1,"1"
8887.8863626256225,221256,9913,1,"1"
8895.7808925624322,221238,9931,1,"1"
8917.9086388368105,221220,9949,1,"1"
8924.5007459923345,221202,9967,1,"1"
8930.6213628315272,221143,10026,5,"2-2-1"
8931.9319999434174,221125,10044,1,"1"
8942.1972488680694,221107,10062,1,"1"
8942.4578555056014,220973,10196,11,"3-3-2-1-1-1"
8945.8381607329666,220955,10214,1,"1"
8966.4217012983408,220919,10250,2,"2"
8970.9798421517462,220871,10298,3,"3"
8970.9894097772103,220854,10315,1,"1"
8971.4438246484951,220800,10369,3,"2-1"
8999.8123340556467,220782,10387,1,"1"
9004.3180818032233,220764,10405,1,"1"
9012.3146526635464,220746,10423,1,"1"
9027.2554664833951,220728,10441,1,"1"
9046.537818110648,220686,10483,3,"3"
9055.4722197019983,220668,10501,1,"1"
9071.7942467311095,220650,10519,1,"1"
9077.7539691782313,220641,10528,1,"1"
9081.1908209033263,220286,10883,33,"9-6-4-2-2-2-1-1-1-1-1-1-1-1"
9081.4199719691787,220270,10899,1,"1"
9082.1126902045053,220208,10961,5,"3-2"
9101.546172846658,220190,10979,1,"1"
9113.6872960270666,220172,10997,1,"1"
9146.6063282719369,220154,11015,1,"1"
9154.8315020316768,220124,11045,2,"2"
9155.7030750072372,220106,11063,1,"1"
9159.6892930150007,220088,11081,1,"1"
9169.188742313454,219940,11229,14,"5-3-2-2-1-1"
9172.646755818676,219931,11238,1,"1"
9179.9478459350539,219913,11256,2,"2"
9186.5077754837675,219903,11266,1,"1"
9189.068330595408,219885,11284,1,"1"
9198.5793788924857,219880,11289,1,"1"
9207.7888680317155,219862,11307,1,"1"
9208.2347735434469,219844,11325,1,"1"
9214.3535739072377,219834,11335,1,"1"
9217.9733145360278,219824,11345,1,"1"
9218.1413901728993,219806,11363,1,"1"
9221.7236718548866,219792,11377,1,"1"
9222.9340323024353,219774,11395,1,"1"
9223.8853432274263,219756,11413,1,"1"
9230.8733210399223,219738,11431,1,"1"
9233.9638476435975,219720,11449,1,"1"
9238.3776582800328,219640,11529,6,"2-2-2"
9240.6101290674142,219622,11547,1,"1"
9260.749559099826,219612,11557,1,"1"
9305.0962082855222,219594,11575,1,"1"
9312.4780114234873,219558,11611,2,"2"
9313.3459313198728,219545,11624,1,"1"
9320.4256167048443,219527,11642,1,"1"
9332.6464589898824,219509,11660,1,"1"
9336.2066272622924,219473,11696,2,"2"
9339.6664018003557,219464,11705,1,"1"
9342.36280011093,219430,11739,3,"3"
9347.001964857991,219417,11752,1,"1"
9360.3324972098908,219399,11770,1,"1"
9370.4718278495911,219381,11788,1,"1"
9376.9750573620695,219345,11824,2,"2"
9377.1327939793337,219331,11838,1,"1"
9386.456565814804,219313,11856,1,"1"
9388.7203908147021,219306,11863,1,"1"
9391.5221064731413,219288,11881,1,"1"
9395.4838097046977,219195,11974,9,"3-3-1-1-1"
9398.4590759940074,219177,11992,1,"1"
9402.2443044902211,219141,12028,2,"2"
9408.3661883503337,219030,12139,10,"6-3-1"
9413.4431269375491,219012,12157,1,"1"
9430.2512921780435,218994,12175,1,"1"
9437.2407487789005,218912,12257,8,"3-2-1-1-1"
9440.769710814573,218905,12264,1,"1"
9443.4637552492331,218892,12277,1,"1"
9450.0978507026357,218874,12295,1,"1"
9450.5187519492192,218856,12313,1,"1"
9459.0646487263712,218838,12331,1,"1"
9463.6322220845559,218792,12377,3,"2-1"
9463.8489441707061,218774,12395,1,"1"
9470.4752768790568,218756,12413,1,"1"
9474.6264015977358,218684,12485,4,"3-1"
9483.1276544638749,218593,12576,7,"3-2-1-1"
9490.5957576050441,218573,12596,2,"1-1"
9494.5834428200142,218555,12614,1,"1"
9496.5491278721638,218537,12632,1,"1"
9498.9667561549522,218501,12668,2,"2"
9499.4651479272634,218483,12686,1,"1"
9526.6886000548493,218465,12704,1,"1"
9530.4988388591646,218447,12722,1,"1"
9537.3781030051632,218429,12740,1,"1"
9541.4093624391298,218411,12758,1,"1"
9557.6885387696675,218393,12776,1,"1"
9561.9450195829631,218375,12794,1,"1"
9563.8894300639076,217885,13284,43,"10-4-4-3-3-2-2-2-2-1-1-1-1-1-1-1-1-1-1-1"
9574.9004481922784,217843,13326,3,"3"
9575.642216934406,217825,13344,1,"1"
9577.3409238695949,217753,13416,5,"3-1-1"
9583.2074772492488,217735,13434,1,"1"
9584.1165003583646,217699,13470,2,"2"
9606.4180785891767,217689,13480,1,"1"
9609.7230106120842,217671,13498,1,"1"
9614.7727105729773,217637,13532,3,"3"
9622.1973122515501,217385,13784,22,"5-4-3-2-2-1-1-1-1-1-1"
9624.1744757511151,217367,13802,1,"1"
9624.3523893147976,217349,13820,1,"1"
9626.5041026676936,217283,13886,6,"2-2-1-1"
9627.4404694481764,217263,13906,2,"1-1"
9629.4281035829572,217245,13924,1,"1"
9644.7336462191797,217232,13937,1,"1"
9649.3454145374781,217196,13973,2,"1-1"
9652.0210995170983,217174,13995,2,"2"
9655.3670419847567,217138,14031,2,"1-1"
9661.3726770919966,217102,14067,2,"2"
9665.6242364414338,217084,14085,1,"1"
9665.9406670189837,217066,14103,1,"1"
9672.0416751194171,217024,14145,4,"4"
9687.2038404887189,216912,14257,9,"4-2-2-1"
9705.0725558468857,216894,14275,1,"1"
9712.4570099688954,216858,14311,2,"1-1"
9714.7448735374255,216840,14329,1,"1"
9724.5795331608042,216804,14365,2,"2"
9740.3447961222664,216768,14401,2,"2"
9740.7448081367093,216603,14566,11,"3-2-2-1-1-1-1"
9742.0426358836103,216585,14584,1,"1"
9753.2105896065768,216537,14632,3,"3"
9753.297969741936,216519,14650,1,"1"
9772.2223224613736,216483,14686,2,"2"
9819.3153282157509,216430,14739,3,"2-1"
9823.6227785304764,216394,14775,2,"2"
9824.6485950056831,216293,14876,8,"7-1"
9830.2831362145644,216179,14990,9,"3-2-2-1-1"
9847.6311792290617,216161,15008,1,"1"
9848.4438058220439,216143,15026,1,"1"
9860.2536384902687,216125,15044,1,"1"
9864.1786550641536,216107,15062,1,"1"
9866.8272425168398,216097,15072,1,"1"
9866.9137477497388,216087,15082,1,"1"
9887.2275334541173,216069,15100,1,"1"
9902.2469180534881,215927,15242,11,"4-2-2-2-1"
9907.6165488682946,215909,15260,1,"1"
9925.476239597383,215891,15278,1,"1"
9927.1912763036071,215873,15296,1,"1"
9928.7413197922815,215855,15314,1,"1"
9931.3291406458247,215845,15324,1,"1"
9931.8797187859091,215829,15340,1,"1"
9947.6867507696825,215807,15362,2,"2"
9953.023630754582,215789,15380,1,"1"
9954.0412204550848,215771,15398,1,"1"
9967.9672772679878,215753,15416,1,"1"
9973.1736249604328,215735,15434,1,"1"
9976.0574808017245,215699,15470,2,"2"
9979.6243507742001,215681,15488,1,"1"
9993.6612954483335,215668,15501,1,"1"
10003.604855479476,215655,15514,1,"1"
10009.921686088892,215601,15568,3,"3"
10013.286169371386,215590,15579,1,"1"
10024.82849151472,215554,15615,2,"2"
10039.875861288016,215518,15651,2,"2"
10046.726106460241,215482,15687,2,"1-1"
10053.612733299206,215310,15859,13,"8-1-1-1-1-1"
10054.440738284124,214952,16217,22,"13-1-1-1-1-1-1-1-1-1"
10058.639866995672,214934,16235,1,"1"
10094.054290444205,214916,16253,1,"1"
10095.040237462694,214838,16331,5,"2-1-1-1"
10099.439063664109,214820,16349,1,"1"
10119.952671105502,214772,16397,4,"3-1"
10121.120597074867,214754,16415,1,"1"
10122.118414090859,214696,16473,5,"2-1-1-1"
10126.617477524633,214180,16989,40,"5-4-4-4-2-2-2-2-2-2-1-1-1-1-1-1-1-1-1-1-1"
10127.204345779903,214144,17025,2,"2"
10147.718521354556,214126,17043,1,"1"
10175.685036677121,214108,17061,1,"1"
10195.089503948851,213068,18101,77,"8-7-5-4-4-4-4-3-3-3-3-3-2-2-2-2-1-1-1-1-1-1-1-1-1-1-1-1-1-1-1-1-1-1"
10199.695436709842,213050,18119,1,"1"
10205.101040046266,213032,18137,1,"1"
10205.104507811011,213004,18165,2,"2"
10212.220324447184,212986,18183,1,"1"
10215.954882511956,212968,18201,1,"1"
10222.196514172649,0,231169,11940,"11940"
----------------------------------------------7
0,231169,0,0,"0"
198.81467746467459,231164,5,1,"1"
426.07221768565563,231163,6,1,"1"
444.17760808086331,231162,7,1,"1"
466.45263077961459,231161,8,1,"1"
472.59590753679845,231160,9,1,"1"
540.78905341600807,231159,10,1,"1"
562.85945111748697,231158,11,1,"1"
590.56274378257115,231140,29,1,"1"
616.10393123374331,231139,30,1,"1"
675.92333936988393,231133,36,2,"2"
706.22292394705528,231131,38,2,"1-1"
709.12999000100422,231130,39,1,"1"
710.51736717227755,231129,40,1,"1"
732.17928961342875,231124,45,1,"1"
736.38952370201685,231115,54,1,"1"
741.88513474807883,231114,55,1,"1"
788.26813970584567,231113,56,1,"1"
805.62604032352647,231112,57,1,"1"
821.68400555454093,231111,58,1,"1"
840.89107831459785,231110,59,1,"1"
847.35279677321751,231109,60,1,"1"
847.43093122233631,231108,61,1,"1"
847.45597320087734,231095,74,5,"5"
854.74834414405871,231082,87,1,"1"
872.24915546276134,231081,88,1,"1"
894.85899872420293,231080,89,1,"1"
910.39197366783822,231077,92,3,"2-1"
959.70278106318983,231076,93,1,"1"
969.90342993946149,231075,94,1,"1"
1014.6081834228207,231074,95,1,"1"
1022.0435228635708,231073,96,1,"1"
1056.0679612296101,231072,97,1,"1"
1061.9376737458329,231071,98,1,"1"
1063.2843717543951,231070,99,1,"1"
1073.1053203566717,231069,100,1,"1"
1081.5599498342669,231054,115,7,"4-2-1"
1086.4665471966687,231051,118,3,"1-1-1"
1096.4048651842886,231036,133,1,"1"
1102.0824869879314,231034,135,2,"2"
1103.45872084857,231033,136,1,"1"
1111.8854573546664,231032,137,1,"1"
1123.391700595035,231030,139,2,"2"
1192.1248042307789,231028,141,2,"2"
1192.9439557134829,231018,151,1,"1"
1213.2847672452356,231017,152,1,"1"
1229.8985113624992,231016,153,1,"1"
1245.6120402743786,231015,154,1,"1"
1249.6340334471822,231014,155,1,"1"
1250.9618629756326,231013,156,1,"1"
1264.6584539207674,231011,158,2,"2"
1272.2701547574952,231010,159,1,"1"
1280.6334731960378,231005,164,1,"1"
1293.7393954365116,231004,165,1,"1"
1305.0579093531032,231002,167,2,"2"
1344.3588822497131,231001,168,1,"1"
1352.2416653551613,231000,169,1,"1"
1367.1115212886286,230982,187,1,"1"
1383.6268857441171,230964,205,1,"1"
1394.7641570188953,230963,206,1,"1"
1410.5726090764674,230962,207,1,"1"
1475.1589806473562,230958,211,2,"2"
1505.8963185022531,230957,212,1,"1"
1508.3938958420081,230956,213,1,"1"
1508.5037532189183,230955,214,1,"1"
1510.2269062018265,230953,216,2,"2"
1520.0622268470429,230951,218,2,"2"
1525.1586611731268,230950,219,1,"1"
1532.1067135482081,230948,221,2,"1-1"
1533.5692887904283,230946,223,2,"2"
1598.3669020467507,230945,224,1,"1"
1621.0718066315183,230942,227,3,"3"
1652.5744865140402,230941,228,1,"1"
1658.2162193856175,230938,231,3,"2-1"
1667.3319214969958,230920,249,1,"1"
1675.512050593584,230919,250,1,"1"
1681.5667849026095,230917,252,2,"2"
1681.626054971837,230907,262,1,"1"
1684.0799978283762,230905,264,2,"1-1"
1686.3585456241883,230902,267,3,"1-1-1"
1704.9235031596902,230892,277,1,"1"
1708.6885493928003,230891,278,1,"1"
1715.1607475113087,230890,279,1,"1"
1722.6459291328663,230872,297,1,"1"
1726.9632941925997,230871,298,1,"1"
1732.5712331028449,230870,299,1,"1"
1762.9003168671579,230852,317,1,"1"
1763.9291842567486,230851,318,1,"1"
1822.5740377049283,230850,319,1,"1"
1830.7798204181952,230849,320,1,"1"
1835.5520003065797,230835,334,1,"1"
1846.8398500167546,230834,335,1,"1"
1861.3351127843227,230833,336,1,"1"
1866.4893266994438,230832,337,1,"1"
1866.7078101384977,230826,343,6,"3-2-1"
1875.9769088207584,230824,345,2,"2"
1898.051488031007,230823,346,1,"1"
1901.4633320341591,230805,364,1,"1"
1903.9100893307027,230803,366,2,"2"
1908.9705298788788,230802,367,1,"1"
1918.4946465774628,230801,368,1,"1"
1925.2455809499738,230800,369,1,"1"
1941.2523278463336,230795,374,1,"1"
1952.4036618016421,230794,375,1,"1"
1956.5762541484235,230776,393,1,"1"
1957.6811617870524,230775,394,1,"1"
1962.5157648019238,230774,395,1,"1"
1967.5854496722231,230772,397,2,"2"
1973.517028975288,230765,404,3,"2-1"
1975.4138145032553,230764,405,1,"1"
2000.0426219274359,230746,423,1,"1"
2001.7322295172037,230728,441,1,"1"
2002.0452949005667,230727,442,1,"1"
2006.7871268982115,230726,443,1,"1"
2007.1168800694763,230725,444,1,"1"
2020.7961249113162,230724,445,1,"1"
2035.0340098896211,230723,446,1,"1"
2035.2382769072626,230705,464,1,"1"
2042.9354789673275,230704,465,1,"1"
2045.3915550660934,230702,467,2,"1-1"
2054.5302277815954,230701,468,1,"1"
2058.8908807521116,230696,473,1,"1"
2062.6307884368694,230693,476,3,"3"
2070.3790316715986,230675,494,1,"1"
2075.2598922818884,230674,495,1,"1"
2078.3150055179058,230662,507,1,"1"
2108.2184382347414,230648,521,1,"1"
2113.8575411874417,230630,539,1,"1"
2147.8300787924068,230625,544,1,"1"
2150.0431803544629,230612,557,1,"1"
2189.8917738483128,230611,558,1,"1"
2200.9152000503914,230610,559,1,"1"
2213.5317278980979,230605,564,1,"1"
2231.1915787390271,230604,565,1,"1"
2263.4660563916727,230603,566,1,"1"
2265.7954130419357,230585,584,1,"1"
2269.0887282002182,230567,602,1,"1"
2304.9904119449911,230566,603,1,"1"
2319.03689936297,230548,621,1,"1"
2347.1483116454419,230547,622,1,"1"
2374.2666366422172,230543,626,2,"1-1"
2395.4401934722468,230540,629,1,"1"
2403.684429145218,230539,630,1,"1"
2425.3101034798815,230538,631,1,"1"
2430.4513585846271,230520,649,1,"1"
2437.3170966116595,230510,659,1,"1"
2450.1174927443572,230492,677,1,"1"
2450.465872571735,230482,687,1,"1"
2450.8488447135246,230479,690,3,"2-1"
2462.9771198110784,230470,699,9,"7-1-1"
2463.2470777617445,230454,715,4,"3-1"
2470.3388167068965,230453,716,1,"1"
2480.6971411027421,230439,730,1,"1"
2482.484950034288,230421,748,1,"1"
2491.060971813914,230403,766,1,"1"
2492.8105693812386,230385,784,1,"1"
2496.0436644347428,230367,802,1,"1"
2511.1025160773788,230349,820,1,"1"
2517.1633724307835,230344,825,1,"1"
2526.8107740919463,230339,830,1,"1"
2542.1019075568556,230330,839,5,"4-1"
2545.6117280579883,230320,849,1,"1"
2574.3727558973019,230310,859,1,"1"
2602.8915754157997,230299,870,1,"1"
2603.6090113147957,230296,873,1,"1"
2638.6363211883736,230295,874,1,"1"
2640.2646807816018,230292,877,1,"1"
2654.8519962294822,230289,880,1,"1"
2655.7914816679304,230288,881,1,"1"
2658.913906024542,230272,897,1,"1"
2675.2241480021526,230256,913,1,"1"
2710.9626257835298,230255,914,1,"1"
2713.2548824878172,230250,919,1,"1"
2755.0339176651923,230234,935,2,"1-1"
2755.2188071171868,230231,938,1,"1"
2771.9826710257662,230230,939,1,"1"
2776.6669993692494,230229,940,1,"1"
2818.4178342128457,230222,947,1,"1"
2819.2096097643644,230217,952,1,"1"
2821.8405977441676,230199,970,1,"1"
2876.6479632305281,230181,988,1,"1"
2878.945849260499,230163,1006,1,"1"
2889.3105166394585,230145,1024,1,"1"
2903.2403031697349,230144,1025,1,"1"
2915.753903963584,230142,1027,2,"1-1"
2916.9870380443326,230124,1045,1,"1"
2918.9493894142702,230106,1063,1,"1"
2919.4605628414674,230088,1081,1,"1"
2929.842760501158,230078,1091,1,"1"
2943.2367515450023,230069,1100,1,"1"
2948.6239856583816,230047,1122,2,"1-1"
2962.3521716889445,230029,1140,1,"1"
2975.562389805038,230027,1142,2,"2"
3011.2485664391916,230024,1145,1,"1"
3047.9524239521897,230006,1163,1,"1"
3071.6573596165076,229997,1172,1,"1"
3083.1794457134683,229979,1190,1,"1"
3099.5323309800756,229973,1196,2,"2"
3121.2527896807537,229955,1214,1,"1"
3148.9487031036638,229952,1217,1,"1"
3162.2147739490024,229951,1218,1,"1"
3170.6683512631557,229950,1219,1,"1"
3190.1050750833761,229932,1237,1,"1"
3209.6105848415032,229922,1247,1,"1"
3217.1702799643513,229917,1252,1,"1"
3217.8612246144194,229899,1270,1,"1"
3228.9898290494821,229896,1273,1,"1"
3249.0031612989105,229878,1291,1,"1"
3261.4453681266327,229869,1300,1,"1"
3295.0817227363968,229851,1318,1,"1"
3321.0592738159567,229846,1323,1,"1"
3347.0362414313749,229841,1328,1,"1"
3347.9686265568271,229831,1338,1,"1"
3371.6973633954963,229828,1341,1,"1"
3398.9297621760597,229818,1351,1,"1"
3427.5956999435243,229800,1369,1,"1"
3429.6740026472717,229782,1387,1,"1"
3435.8579765009358,229777,1392,1,"1"
3435.9472760839476,229758,1411,3,"3"
3447.4907057270093,229740,1429,1,"1"
3455.1663221613717,229737,1432,1,"1"
3484.29805870584,229719,1450,1,"1"
3534.6354758423145,229709,1460,1,"1"
3534.9230575489128,229704,1465,1,"1"
3561.4673190867843,229699,1470,1,"1"
3580.2419310459331,229681,1488,1,"1"
3627.4776113818184,229645,1524,2,"2"
3642.02397829048,229627,1542,1,"1"
3661.7752971781902,229622,1547,1,"1"
3666.7540051492301,229604,1565,1,"1"
3679.4047603727236,229599,1570,1,"1"
3684.2130028615938,229581,1588,1,"1"
3704.9137245532788,229580,1589,1,"1"
3714.6630484693028,229570,1599,2,"2"
3716.3594202551922,229563,1606,1,"1"
3717.9094895906023,229560,1609,1,"1"
3739.2323427038723,229542,1627,1,"1"
3775.9488750685264,229541,1628,1,"1"
3786.9487618036183,229538,1631,1,"1"
3793.2412144939667,229520,1649,1,"1"
3823.974302935897,229517,1652,1,"1"
3844.8757282536349,229512,1657,1,"1"
3849.1027340123492,229494,1675,1,"1"
3851.7795682972237,229476,1693,1,"1"
3874.3934850896412,229458,1711,1,"1"
3877.3978047123428,229451,1718,1,"1"
3886.5108590357113,229448,1721,1,"1"
3894.3729703064009,229439,1730,1,"1"
3919.5725177199838,229421,1748,1,"1"
4007.8412430920425,229411,1758,1,"1"
4026.1637535118853,229401,1768,1,"1"
4074.656905959313,229383,1786,1,"1"
4079.1270537539212,229365,1804,1,"1"
4085.2439930808173,229360,1809,1,"1"
4093.1557806646483,229342,1827,1,"1"
4107.8814455376632,229324,1845,1,"1"
4159.0675199274783,229315,1854,1,"1"
4198.0967669508773,229279,1890,3,"2-1"
4201.564730478005,229261,1908,1,"1"
4232.0811772177685,229248,1921,1,"1"
4246.4150335372724,229229,1940,3,"2-1"
4330.0567610945709,229211,1958,1,"1"
4331.5915202647739,229201,1968,2,"2"
4367.1712248545191,229198,1971,1,"1"
4378.1475994919665,229193,1976,1,"1"
4421.7638133859718,229188,1981,1,"1"
4429.6026794656809,229170,1999,1,"1"
4446.5484270244733,229152,2017,1,"1"
4457.3710220818157,229129,2040,3,"3"
4457.7885906985894,229126,2043,1,"1"
4479.0733689808167,229108,2061,1,"1"
4497.27893163514,229086,2083,2,"2"
4507.4367551654277,229072,2097,1,"1"
4532.1284159930365,229054,2115,1,"1"
4534.3765758301952,229036,2133,1,"1"
4555.2203635692658,229031,2138,1,"1"
4556.4913278182557,229013,2156,1,"1"
4556.5867546231993,228977,2192,2,"1-1"
4563.6102889896592,228959,2210,1,"1"
4567.1344609386952,228954,2215,1,"1"
4571.5255213095888,228949,2220,1,"1"
4598.8801967686122,228931,2238,1,"1"
4603.8601812265742,228928,2241,1,"1"
4623.0895630710202,228910,2259,1,"1"
4653.6435909901065,228900,2269,1,"1"
4658.8886043107968,228890,2279,1,"1"
4666.3535548666523,228872,2297,1,"1"
4670.7995807408215,228849,2320,3,"3"
4700.5770281942669,228846,2323,1,"1"
4729.9639592269377,228828,2341,1,"1"
4742.2765248888036,228818,2351,2,"2"
4752.8482661337794,228782,2387,3,"2-1"
4759.3575779190423,228764,2405,1,"1"
4761.5533805621844,228746,2423,1,"1"
4782.0703608305685,228728,2441,1,"1"
4791.0842707332922,228710,2459,1,"1"
4813.3238483196519,228692,2477,1,"1"
4820.0396244055009,228674,2495,1,"1"
4825.6329896188718,228669,2500,1,"1"
4841.2824380731781,228659,2510,1,"1"
4866.9807737909923,228641,2528,1,"1"
4869.0914361300829,228605,2564,2,"1-1"
4869.6450421058998,228600,2569,1,"1"
4886.4728585485936,228582,2587,1,"1"
4894.512457693183,228558,2611,4,"2-1-1"
4910.8732208312849,228540,2629,1,"1"
4932.2883242134749,228522,2647,1,"1"
4934.0731846991484,228504,2665,1,"1"
4939.5238107265022,228497,2672,1,"1"
4960.5604938506249,228485,2684,1,"1"
4970.4593153889091,228467,2702,1,"1"
4973.502250417012,228449,2720,1,"1"
4981.800764128393,228446,2723,1,"1"
4984.0091380783542,228437,2732,3,"3"
4989.8369981948508,228419,2750,1,"1"
4993.4675674955988,228401,2768,1,"1"
5057.3646623781533,228381,2788,4,"4"
5061.0734938147734,228363,2806,1,"1"
5085.7863092752823,228355,2814,2,"1-1"
5106.9827315277744,228337,2832,1,"1"
5109.6117106130587,228327,2842,2,"2"
5113.2467730243488,228309,2860,1,"1"
5132.9694188545263,228291,2878,1,"1"
5163.7202485880898,228273,2896,1,"1"
5170.7008467676023,228255,2914,1,"1"
5185.2249002606659,228237,2932,1,"1"
5187.7175721544545,228219,2950,1,"1"
5191.1314718893282,228199,2970,4,"3-1"
5192.8947186071582,228184,2985,1,"1"
5212.6754784494051,228164,3005,2,"2"
5236.5036789482647,228146,3023,1,"1"
5259.6092571384652,228143,3026,1,"1"
5264.2244171463371,228116,3053,2,"2"
5288.8296197801601,228098,3071,1,"1"
5291.3839662365845,228080,3089,1,"1"
5298.7569358570463,228071,3098,1,"1"
5310.3419951446813,228048,3121,2,"2"
5328.5019311020833,228045,3124,1,"1"
5332.8721027391248,228027,3142,1,"1"
5349.8476096801505,228024,3145,1,"1"
5353.3963351631146,228006,3163,1,"1"
5369.9458825347438,227988,3181,1,"1"
5378.4294899445749,227970,3199,1,"1"
5399.5612630010128,227952,3217,1,"1"
5400.292286237679,227902,3267,3,"2-1"
5403.0552502669007,227884,3285,1,"1"
5409.0324060713247,227866,3303,1,"1"
5411.2773257366152,227863,3306,1,"1"
5416.2196891122667,227849,3320,1,"1"
5429.0730122415707,227839,3330,2,"2"
5451.7201944055505,227821,3348,1,"1"
5453.4650326453375,227803,3366,1,"1"
5453.9523558463034,227792,3377,1,"1"
5457.9106201933728,227774,3395,1,"1"
5473.8207022131855,227756,3413,1,"1"
5501.0402485567174,227687,3482,11,"7-1-1-1-1"
5507.6090116045698,227673,3496,2,"2"
5509.1752179118139,227655,3514,1,"1"
5511.0542451917809,227609,3560,3,"2-1"
5512.8808923469778,227591,3578,1,"1"
5516.4389305496952,227573,3596,1,"1"
5521.4842764145224,227455,3714,24,"12-6-2-2-1-1"
5523.9335955274482,227441,3728,1,"1"
5538.6681007266907,227423,3746,1,"1"
5550.8166225557516,227418,3751,1,"1"
5559.0623495470418,227409,3760,1,"1"
5630.5139300242245,227391,3778,1,"1"
5643.0303089568797,227386,3783,1,"1"
5657.7337066246264,227380,3789,2,"2"
5672.6000444006149,227364,3805,1,"1"
5690.5720811124893,227346,3823,1,"1"
5693.9375505859389,227328,3841,1,"1"
5698.3233280270379,227295,3874,3,"2-1"
5698.77150089524,227277,3892,1,"1"
5703.2858861531477,227274,3895,1,"1"
5715.9417638367922,227246,3923,2,"1-1"
5725.193522103059,227228,3941,1,"1"
5737.9509362319941,227219,3950,1,"1"
5743.319357273861,227205,3964,1,"1"
5757.6325231971641,227200,3969,1,"1"
5770.7827963906066,227190,3979,1,"1"
5773.6252873876383,227167,4002,3,"3"
5805.0859507421674,227149,4020,1,"1"
5864.9954780921107,227131,4038,1,"1"
5873.5772528758262,227110,4059,2,"2"
5911.3812818306069,227100,4069,1,"1"
5916.5779988999839,227082,4087,1,"1"
5920.3841277358579,227074,4095,2,"1-1"
5931.8969838195408,227038,4131,2,"2"
5933.7844013205113,227028,4141,1,"1"
5936.8731778259616,227003,4166,5,"2-2-1"
5966.6439278851258,226973,4196,3,"2-1"
5982.6571925200096,226960,4209,1,"1"
5990.9231849833386,226942,4227,1,"1"
5995.5127822131199,226937,4232,1,"1"
6003.7329226693237,226932,4237,1,"1"
6042.6907042958601,226914,4255,1,"1"
6053.916896930612,226899,4270,1,"1"
6060.9441986873471,226881,4288,1,"1"
6064.3858847994452,226867,4302,1,"1"
6080.4886462970926,226849,4320,1,"1"
6086.1622793122588,226831,4338,1,"1"
6087.0111482902239,226822,4347,1,"1"
6104.066461405444,226812,4357,2,"2"
6111.6306776004476,226794,4375,1,"1"
6114.5824100685941,226743,4426,7,"2-2-1-1-1"
6124.9378228674932,226725,4444,1,"1"
6139.0234625931735,226720,4449,1,"1"
6150.7505880650515,226702,4467,1,"1"
6165.0856256855086,226697,4472,1,"1"
6172.4745383200534,226679,4490,1,"1"
6176.8344574597331,226674,4495,1,"1"
6204.8711352901037,226638,4531,3,"2-1"
6220.6712267601897,226594,4575,5,"1-1-1-1-1"
6231.8502221834369,226558,4611,2,"2"
6245.8047570880535,226540,4629,1,"1"
6258.4839387561724,226522,4647,1,"1"
6271.2557399189718,226504,4665,1,"1"
6275.7793934924421,226495,4674,3,"3"
6283.8480547188947,226477,4692,1,"1"
6287.6636891631679,226468,4701,1,"1"
6302.6275049509322,226450,4719,1,"1"
6308.9603752832745,226414,4755,2,"2"
6312.7497870324587,226396,4773,1,"1"
6317.4475602077646,226387,4782,1,"1"
6322.5757139578909,226373,4796,2,"1-1"
6327.5686144636884,226364,4805,3,"2-1"
6333.9794536119198,226359,4810,1,"1"
6340.064442364298,226350,4819,1,"1"
6364.1861434984339,226332,4837,1,"1"
6370.1465745346122,226322,4847,1,"1"
6380.0224549553404,226308,4861,1,"1"
6382.3114997015209,226298,4871,1,"1"
6393.6161332458641,226288,4881,1,"1"
6416.5073545745781,226252,4917,2,"1-1"
6449.0124924436377,226234,4935,1,"1"
6458.6756311542331,226216,4953,1,"1"
6475.6170259221362,226198,4971,1,"1"
6485.2049008839813,226193,4976,1,"1"
6487.2035952790802,226173,4996,2,"2"
6487.6230824775948,226155,5014,1,"1"
6510.8082492814137,226137,5032,1,"1"
6514.430664922631,226127,5042,2,"2"
6536.0855456829395,226115,5054,2,"2"
6556.9479516725423,226097,5072,1,"1"
6564.6524633038389,226079,5090,1,"1"
6571.7501483516062,226061,5108,1,"1"
6574.0724340190509,226043,5126,1,"1"
6594.9598975598155,226025,5144,1,"1"
6595.8865260381326,226007,5162,1,"1"
6602.299680332565,226002,5167,1,"1"
6602.3431481602001,225984,5185,1,"1"
6605.1882342186054,225965,5204,3,"3"
6606.1973458772327,225951,5218,1,"1"
6608.2622008490725,225944,5225,1,"1"
6612.9348680183311,225926,5243,1,"1"
6618.0517758679543,225870,5299,12,"9-1-1-1"
6622.2292269800055,225852,5317,1,"1"
6634.5445854038599,225834,5335,1,"1"
6643.3134299562298,225816,5353,1,"1"
6643.4932983511835,225798,5371,1,"1"
6662.2630204354437,225788,5381,1,"1"
6668.880049092616,225770,5399,1,"1"
6674.9569814282077,225752,5417,1,"1"
6729.6667405501939,225740,5429,1,"1"
6731.3898137142196,225728,5441,1,"1"
6769.6359930978069,225710,5459,1,"1"
6781.7848391778907,225691,5478,3,"3"
6798.8865435694916,225673,5496,1,"1"
6821.2559105033333,225655,5514,1,"1"
6826.9117713056285,225611,5558,4,"3-1"
6834.6472885324019,225598,5571,1,"1"
6835.2885488686816,225579,5590,3,"2-1"
6844.4490496159988,225561,5608,1,"1"
6846.6239311830095,225543,5626,1,"1"
6851.0702704794139,225525,5644,1,"1"
6864.223292466756,225507,5662,1,"1"
6869.7749377610699,225489,5680,1,"1"
6883.3967492798183,225471,5698,1,"1"
6889.8603260694372,225453,5716,1,"1"
6899.2242284875247,225435,5734,1,"1"
6934.2293096393405,225430,5739,1,"1"
6941.5044173299539,225412,5757,1,"1"
6944.6733239421428,225403,5766,1,"1"
6946.8963614595332,225385,5784,1,"1"
6957.5462054438949,225344,5825,7,"2-2-1-1-1"
6963.3517894605384,225326,5843,1,"1"
6967.6786761898338,225314,5855,1,"1"
6976.8179922092277,225296,5873,1,"1"
6978.1923575954033,225286,5883,2,"2"
6983.799718507943,225268,5901,1,"1"
6995.7910024294979,225250,5919,1,"1"
6995.9121595572187,225214,5955,2,"2"
6997.5275492079663,225192,5977,2,"1-1"
6998.0236469592301,225144,6025,4,"3-1"
7004.4946231553249,225130,6039,1,"1"
7039.8293014999508,225112,6057,1,"1"
7046.9377142183503,225107,6062,1,"1"
7049.0097363319928,225096,6073,1,"1"
7056.2546127464402,225001,6168,11,"4-3-2-1-1"
7056.9316956584134,224983,6186,1,"1"
7057.2374347290443,224973,6196,2,"2"
7069.2641230852905,224955,6214,1,"1"
7075.1091943096781,224858,6311,10,"4-2-2-1-1"
7080.891699980406,224840,6329,1,"1"
7113.9149892793457,224822,6347,1,"1"
7115.271312730134,224800,6369,2,"2"
7146.560836332631,224782,6387,1,"1"
7148.0755498649842,224768,6401,1,"1"
7148.340887522083,224736,6433,2,"2"
7158.8273746710611,224716,6453,2,"2"
7160.5221590324627,224711,6458,1,"1"
7162.3876073522042,224693,6476,1,"1"
7184.2951488473554,224675,6494,1,"1"
7185.1284536790254,224665,6504,2,"2"
7187.6015675071303,224656,6513,1,"1"
7205.3403112835767,224638,6531,1,"1"
7222.6823688928098,224604,6565,3,"2-1"
7233.0033921096019,224586,6583,1,"1"
7262.5504960131739,224568,6601,1,"1"
7286.7795386121552,224555,6614,1,"1"
7300.6596673654049,224537,6632,1,"1"
7312.7517920331056,224519,6650,1,"1"
7324.2970204156281,224501,6668,1,"1"
7324.5126606460053,224483,6686,1,"1"
7335.1862327650888,224470,6699,1,"1"
7338.1264463538091,224465,6704,1,"1"
7341.072748550122,224445,6724,2,"2"
7344.8350233735209,224425,6744,2,"2"
7359.3997200163885,224407,6762,1,"1"
7369.5295542896301,224389,6780,1,"1"
7370.885218056932,224371,6798,1,"1"
7383.3725505630309,224353,6816,1,"1"
7388.0286807721486,224339,6830,2,"2"
7420.9682565914136,224321,6848,1,"1"
7422.646164603555,224285,6884,2,"2"
7425.5443644952393,224267,6902,1,"1"
7436.1087156680978,224249,6920,1,"1"
7436.3632014066034,224231,6938,1,"1"
7442.4627908353586,224195,6974,2,"2"
7447.3705205463139,224177,6992,1,"1"
7469.567015264789,224166,7003,1,"1"
7477.7869100413864,224148,7021,1,"1"
7521.7349806640868,224130,7039,1,"1"
7527.9657888251222,224112,7057,1,"1"
7533.5393888109174,224094,7075,1,"1"
7554.5227237057652,224058,7111,2,"1-1"
7562.1845865691175,224040,7129,1,"1"
7563.2716474062017,224022,7147,1,"1"
7567.4140479460966,224004,7165,1,"1"
7568.691794667302,223986,7183,1,"1"
7583.50796963838,223950,7219,2,"2"
7589.265414442586,223932,7237,1,"1"
7595.7633325164707,223927,7242,1,"1"
7609.3528584999412,223922,7247,1,"1"
7610.9939489298067,223904,7265,1,"1"
7617.2600737918046,223878,7291,2,"2"
7630.5233512539489,223860,7309,1,"1"
7647.7647738413225,223841,7328,3,"1-1-1"
7675.3822253050685,223823,7346,1,"1"
7683.8742117064085,223805,7364,1,"1"
7684.4976674789013,223795,7374,1,"1"
7698.2994423912751,223717,7452,10,"4-1-1-1-1-1-1"
7705.0138568180973,223699,7470,1,"1"
7712.6710367644246,223681,7488,1,"1"
7731.969092675773,223663,7506,1,"1"
7735.7447642376683,223645,7524,1,"1"
7746.0223955921083,223627,7542,1,"1"
7747.3982465259342,223609,7560,1,"1"
7749.566951556626,223591,7578,1,"1"
7765.2600957773911,223548,7621,4,"2-1-1"
7775.0711885298015,223530,7639,1,"1"
7775.2415232974927,223520,7649,1,"1"
7784.782516308599,223505,7664,3,"3"
7811.8871661731264,223435,7734,10,"4-3-2-1"
7818.9710320443446,223417,7752,1,"1"
7820.5082235844329,223381,7788,2,"1-1"
7830.1369000162867,223376,7793,1,"1"
7835.676783859125,223363,7806,1,"1"
7849.4479688534002,223345,7824,1,"1"
7859.3320377031614,223313,7856,4,"4"
7869.5529678379307,223283,7886,3,"3"
7879.6819658095246,223264,7905,3,"2-1"
7886.0241951428097,223246,7923,1,"1"
7926.754968797256,223228,7941,1,"1"
7932.8336975168368,223223,7946,1,"1"
7951.7319638697245,223205,7964,1,"1"
7958.5854288020628,223195,7974,2,"2"
7959.8347583787199,223177,7992,1,"1"
8017.7466447601328,223155,8014,2,"2"
8021.1272878747477,223143,8026,2,"2"
8035.2814210617471,223125,8044,1,"1"
8037.14242597053,223107,8062,1,"1"
8040.8126474500641,223089,8080,1,"1"
8051.6793623644271,223071,8098,1,"1"
8058.2789063383116,223066,8103,1,"1"
8072.3471274590383,223048,8121,1,"1"
8077.6186058322482,223030,8139,1,"1"
8080.8784995757851,222936,8233,7,"3-2-2"
8088.6529223565785,222918,8251,1,"1"
8100.6535857832705,222900,8269,1,"1"
8105.2973972390691,222882,8287,1,"1"
8110.7414600279453,222864,8305,1,"1"
8122.7640615479504,222855,8314,1,"1"
8126.4620345864942,222837,8332,1,"1"
8140.2399061927226,222827,8342,2,"2"
8141.7333833709054,222815,8354,1,"1"
8154.0813308262959,222797,8372,2,"1-1"
8167.7107851831997,222785,8384,2,"2"
8188.4755056508648,222739,8430,3,"2-1"
8228.2172800227236,222734,8435,1,"1"
8228.2215233479983,222724,8445,1,"1"
8235.8824529562717,222686,8483,3,"3"
8236.1467700729263,222668,8501,1,"1"
8236.9186491739911,222650,8519,1,"1"
8237.1911184885339,222632,8537,1,"1"
8238.1374162721095,222614,8555,1,"1"
8245.2734130138942,222596,8573,1,"1"
8269.7523413642866,222587,8582,1,"1"
8282.1491039384091,222533,8636,3,"3"
8282.8295359472377,222515,8654,1,"1"
8285.7311011105903,222504,8665,1,"1"
8285.9849644980768,222456,8713,4,"4"
8330.2904528250838,222438,8731,1,"1"
8336.0679138384494,222420,8749,1,"1"
8355.4093319358763,222392,8777,2,"2"
8364.6812149918769,222374,8795,1,"1"
8370.1272321369797,222365,8804,1,"1"
8395.5069161130941,222347,8822,1,"1"
8405.4592113949748,222329,8840,1,"1"
8409.4823443294881,222314,8855,3,"3"
8412.7014695547259,222294,8875,2,"2"
8434.0017354791889,222279,8890,1,"1"
8438.0808992234579,222259,8910,2,"2"
8446.0539795382938,222249,8920,1,"1"
8491.0193782946953,222185,8984,4,"3-1"
8497.4867162247283,222167,9002,1,"1"
8512.5727908245644,222137,9032,3,"1-1-1"
8516.2701899665881,222119,9050,1,"1"
8527.697755808229,222114,9055,1,"1"
8547.6725903159677,222098,9071,2,"2"
8555.5745332031402,222066,9103,2,"1-1"
8561.3893300342588,222048,9121,1,"1"
8578.3624775740172,222038,9131,1,"1"
8582.7840269430344,222020,9149,1,"1"
8591.3453576698303,222009,9160,1,"1"
8600.0792237800961,221978,9191,3,"2-1"
8611.8028828381248,221960,9209,1,"1"
8613.8490334373364,221942,9227,1,"1"
8616.446170877789,221906,9263,2,"2"
8634.060670399027,221895,9274,1,"1"
8636.2650419386864,221883,9286,1,"1"
8639.2289046649094,221847,9322,2,"2"
8642.3364844264506,221842,9327,1,"1"
8653.7649868476383,221815,9354,3,"3"
8662.5948571323897,221797,9372,1,"1"
8680.427062117893,221779,9390,1,"1"
8680.7481013270863,221761,9408,1,"1"
8687.0142603114618,221743,9426,1,"1"
8689.7133766444931,221717,9452,2,"2"
8694.1619916945692,221577,9592,12,"7-2-2-1"
8694.2154786029605,221541,9628,2,"1-1"
8698.5992195554427,221513,9656,2,"2"
8706.1258398784794,221495,9674,1,"1"
8726.9550297181759,221456,9713,3,"2-1"
8734.0597514897072,221438,9731,1,"1"
8743.6169832572887,221420,9749,1,"1"
8745.0904365889255,221402,9767,1,"1"
8751.1696885335714,221388,9781,2,"2"
8751.2251742925218,221312,9857,6,"3-1-1-1"
8752.27253869163,221302,9867,1,"1"
8764.6938994210286,221284,9885,1,"1"
8776.115254470662,221228,9941,5,"4-1"
8777.6796162008068,221200,9969,4,"3-1"
8785.4637897923567,221182,9987,1,"1"
8805.1537817053231,221123,10046,7,"4-3"
8822.7287127583495,221105,10064,1,"1"
8830.1572622407839,221079,10090,2,"2"
8851.4013462756611,221070,10099,1,"1"
8857.3653858898797,221058,10111,1,"1"
8858.79526521353,221040,10129,1,"1"
8873.5605045183784,221022,10147,1,"1"
8889.7231553515594,221004,10165,1,"1"
8915.4664475962909,220986,10183,1,"1"
8922.9697639586666,220970,10199,1,"1"
8927.2963892059033,220954,10215,1,"1"
8928.2069860624579,220936,10233,1,"1"
8933.3421046426811,220912,10257,2,"1-1"
8936.4334574508848,220894,10275,1,"1"
8936.7046831335556,220864,10305,4,"3-1"
8948.2572284652488,220848,10321,1,"1"
8953.7547552570868,220834,10335,1,"1"
8960.1058129072826,220816,10353,1,"1"
8969.8483024043053,220798,10371,1,"1"
8972.1635725619308,220780,10389,1,"1"
8984.8757824489585,220775,10394,1,"1"
8989.8415609727363,220757,10412,1,"1"
8998.9955420036531,220697,10472,6,"2-2-1-1"
9000.0452540673959,220684,10485,1,"1"
9002.3590057567617,220657,10512,3,"3"
9010.7452097304322,220632,10537,3,"3"
9013.1380404762222,220614,10555,1,"1"
9016.2247201171358,220596,10573,1,"1"
9022.0897286701074,220578,10591,1,"1"
9025.2136930212782,220560,10609,1,"1"
9039.9006400987582,220542,10627,1,"1"
9058.1173585426568,220516,10653,2,"1-1"
9063.1585738520298,220498,10671,1,"1"
9064.3871476747954,220478,10691,2,"1-1"
9067.1653658552605,220424,10745,3,"3"
9074.416528803682,220406,10763,1,"1"
9107.4149520359861,220368,10801,4,"2-2"
9112.8916439184522,220294,10875,7,"4-1-1-1"
9119.2880639269551,220208,10961,7,"3-3-1"
9146.3515942379636,220190,10979,1,"1"
9147.8900273671443,220172,10997,1,"1"
9156.2119232374116,220157,11012,1,"1"
9172.2903520011496,220139,11030,1,"1"
9180.2246961010096,220091,11078,4,"2-1-1"
9189.517495144788,220055,11114,2,"2"
9191.987117132092,219923,11246,10,"4-2-1-1-1-1"
9211.9019491886756,219905,11264,1,"1"
9212.0967545621897,219887,11282,2,"2"
9220.9222429058136,219869,11300,1,"1"
9228.1127909035786,219851,11318,1,"1"
9246.6138529083073,219815,11354,2,"2"
9267.5724494008537,219797,11372,1,"1"
9287.5578600410245,219783,11386,1,"1"
9302.774550872753,219776,11393,1,"1"
9307.2012409944018,219758,11411,1,"1"
9322.3922447291552,219748,11421,1,"1"
9322.9209430007031,219739,11430,1,"1"
9324.9626861796423,219721,11448,1,"1"
9328.4298574996592,219685,11484,2,"2"
9332.2648249352496,219667,11502,1,"1"
9332.3158577960949,219360,11809,26,"9-6-2-2-2-1-1-1-1-1"
9335.2398229945447,219306,11863,3,"2-1"
9338.5787343354095,219288,11881,1,"1"
9339.2552233416645,219252,11917,2,"1-1"
9349.2804788348167,219232,11937,2,"2"
9369.8666696768851,219222,11947,1,"1"
9372.298630745121,219209,11960,1,"1"
9380.6653235399845,219191,11978,1,"1"
9382.2895531474333,219145,12024,4,"2-1-1"
9390.1285231302136,219127,12042,1,"1"
9413.2168797776849,218934,12235,16,"7-3-2-2-1-1"
9423.3425700546231,218798,12371,10,"2-2-2-1-1-1-1"
9428.3567126456728,218780,12389,1,"1"
9441.6611940054227,218670,12499,9,"3-2-1-1-1-1"
9444.5581768946467,218658,12511,1,"1"
9446.534795817659,218566,12603,8,"6-1-1"
9453.241333271626,218548,12621,1,"1"
9483.6224853584299,218541,12628,1,"1"
9484.3674184322426,218433,12736,10,"7-3"
9505.6338041810086,218383,12786,3,"3"
9517.6167009025885,218329,12840,3,"3"
9525.3095393542753,218260,12909,6,"3-1-1-1"
9536.7110644732911,218248,12921,1,"1"
9540.1277928187956,218210,12959,3,"2-1"
9546.1904012166742,218192,12977,1,"1"
9550.5832881312854,218174,12995,1,"1"
9553.5218001256853,218120,13049,3,"2-1"
9554.0700933438602,218102,13067,1,"1"
9557.5827516845402,218062,13107,4,"3-1"
9562.244712072079,218055,13114,1,"1"
9583.662733276391,218046,13123,1,"1"
9587.6741052610123,218028,13141,1,"1"
9599.8095372388398,217992,13177,3,"2-1"
9606.6504786641926,217974,13195,1,"1"
9612.5215356793633,217884,13285,6,"4-1-1"
9613.4931639198203,217875,13294,1,"1"
9617.2854342412138,217852,13317,3,"2-1"
9625.6625152665947,217841,13328,1,"1"
9625.8507431904327,217799,13370,3,"2-1"
9626.9823956989912,217794,13375,1,"1"
9633.0075406175474,217776,13393,1,"1"
9642.812534503908,217763,13406,1,"1"
9644.5280994742352,217745,13424,1,"1"
9656.7036561842378,217727,13442,1,"1"
9660.5721305349434,217714,13455,1,"1"
9672.86524841969,217696,13473,1,"1"
9696.3068135067806,217678,13491,1,"1"
9699.1200550070007,217669,13500,1,"1"
9700.3055537897981,217651,13518,1,"1"
9707.8203965720622,217644,13525,1,"1"
9713.6640618209767,216355,14814,107,"13-9-5-5-4-4-4-4-3-3-3-3-2-2-2-2-2-2-2-2-2-2-2-2-2-1-1-1-1-1-1-1-1-1-1-1-1-1-1-1-1-1-1-1-1-1"
9721.1849323468177,216344,14825,1,"1"
9726.7162913211359,216316,14853,2,"2"
9729.2216805120715,216280,14889,2,"1-1"
9734.5545211544886,216262,14907,1,"1"
9736.1428687337884,216244,14925,1,"1"
9738.2905561202915,216226,14943,1,"1"
9743.7939539774943,216208,14961,1,"1"
9749.1067756531465,216190,14979,1,"1"
9765.999746832138,0,231169,12161,"12161"
----------------------------------------------8
0,231169,0,0,"0"
140.34480981676796,231168,1,1,"1"
339.85987200504508,231167,2,1,"1"
356.90846361511268,231149,20,1,"1"
390.2127548688847,231139,30,1,"1"
505.17045855145852,231138,31,1,"1"
506.93116884543821,231137,32,1,"1"
516.67849041447982,231136,33,1,"1"
645.46435356044424,231118,51,1,"1"
761.43150705697906,231109,60,1,"1"
791.47950897972748,231108,61,1,"1"
810.33543633271893,231107,62,1,"1"
819.82271027401009,231089,80,1,"1"
827.5761100491244,231071,98,1,"1"
881.33029126672227,231047,122,4,"4"
881.34358792873377,231046,123,1,"1"
895.67912921114032,231043,126,3,"3"
900.36133696007118,231041,128,2,"2"
909.82329740768125,231037,132,2,"2"
929.52757168526546,231036,133,1,"1"
934.34337910400109,231033,136,1,"1"
935.79539986367149,231032,137,1,"1"
962.93864914592154,231031,138,1,"1"
964.85134849245799,231028,141,1,"1"
989.03440310041753,231027,142,1,"1"
989.14464134360946,231026,143,1,"1"
994.52096551211616,231025,144,1,"1"
998.90901723115337,231024,145,1,"1"
1004.2512269439428,231023,146,1,"1"
1008.1568899710022,231021,148,2,"2"
1009.5701627436064,231020,149,1,"1"
1009.9903407231899,231019,150,1,"1"
1016.2992395827599,231001,168,1,"1"
1045.6068926068433,231000,169,1,"1"
1048.5218313705298,230999,170,1,"1"
1057.8062411877354,230997,172,2,"2"
1067.7930134883572,230996,173,1,"1"
1071.5977205144409,230995,174,1,"1"
1081.8663901223701,230990,179,1,"1"
1086.47895778518,230984,185,2,"2"
1106.79951287107,230983,186,1,"1"
1154.5951924731903,230982,187,1,"1"
1157.2454233101223,230971,198,3,"3"
1157.2831712450434,230970,199,1,"1"
1160.2444730836007,230968,201,2,"2"
1174.2332633408657,230967,202,1,"1"
1183.4136240948974,230966,203,1,"1"
1210.5535647229608,230948,221,1,"1"
1212.0101564398694,230947,222,1,"1"
1212.774055284696,230936,233,1,"1"
1213.1835757344722,230933,236,3,"2-1"
1213.5295448104678,230931,238,2,"2"
1255.3050788430642,230930,239,1,"1"
1276.2876064052655,230928,241,2,"1-1"
1278.6476246581735,230927,242,1,"1"
1281.8427548946959,230926,243,1,"1"
1296.9971496739367,230925,244,1,"1"
1313.608630213999,230923,246,2,"2"
1320.5605506808988,230921,248,2,"2"
1354.5542632698034,230920,249,1,"1"
1357.4455237489815,230915,254,1,"1"
1366.7797348024956,230912,257,3,"3"
1372.6539174066186,230911,258,1,"1"
1378.6043301494722,230910,259,1,"1"
1383.6702056006516,230909,260,1,"1"
1385.4564569885997,230891,278,1,"1"
1387.7062345188206,230890,279,1,"1"
1388.1158592863528,230889,280,1,"1"
1388.5753766744544,230879,290,1,"1"
1390.9376277103158,230878,291,1,"1"
1396.2114689604105,230860,309,1,"1"
1434.864489613771,230859,310,1,"1"
1435.8985972452035,230858,311,1,"1"
1457.7864301752081,230857,312,1,"1"
1482.1731123361287,230856,313,1,"1"
1515.3751830222557,230855,314,1,"1"
1516.6475886847932,230854,315,1,"1"
1523.7841337112666,230853,316,1,"1"
1558.2154563780707,230852,317,1,"1"
1573.2995617058534,230851,318,1,"1"
1579.7939596449221,230850,319,1,"1"
1613.0672660053735,230849,320,1,"1"
1628.595005485902,230841,328,4,"3-1"
1636.7984547551596,230831,338,2,"2"
1645.2287528132476,230827,342,4,"2-1-1"
1666.3906471566411,230826,343,1,"1"
1672.5809690930769,230821,348,1,"1"
1673.2937553053669,230820,349,1,"1"
1674.4144868483509,230816,353,2,"2"
1692.1211995396563,230815,354,1,"1"
1697.7199584646128,230814,355,1,"1"
1702.3018110793712,230812,357,2,"1-1"
1703.570215319402,230810,359,2,"2"
1704.1772391297147,230809,360,1,"1"
1717.9384531266464,230804,365,3,"3"
1721.1984540898325,230803,366,1,"1"
1735.4863102550919,230802,367,1,"1"
1743.1306956758965,230800,369,2,"1-1"
1748.4273538472241,230799,370,1,"1"
1755.1949781081562,230795,374,4,"4"
1776.0765825247513,230794,375,1,"1"
1795.3115767945633,230779,390,1,"1"
1795.4033282171731,230761,408,1,"1"
1813.7721503782816,230743,426,1,"1"
1818.0051380463292,230742,427,1,"1"
1821.4559552562507,230741,428,1,"1"
1823.5098286000466,230740,429,1,"1"
1829.9233465123666,230739,430,1,"1"
1852.1747727116697,230734,435,1,"1"
1870.1206065071376,230716,453,1,"1"
1873.0607518774063,230715,454,1,"1"
1876.9072280918476,230710,459,1,"1"
1883.5001986873087,230707,462,3,"2-1"
1888.8310376940283,230703,466,4,"3-1"
1895.6499484402573,230702,467,1,"1"
1904.9534874165222,230701,468,1,"1"
1913.4787852097452,230700,469,1,"1"
1928.7440597364498,230699,470,1,"1"
1929.2748950470591,230698,471,1,"1"
1947.2134770585408,230697,472,1,"1"
1951.6417823965432,230696,473,1,"1"
1969.0373384599438,230686,483,1,"1"
1970.4340022765793,230685,484,1,"1"
1973.6166164252068,230684,485,1,"1"
2015.9676150444584,230682,487,2,"2"
2036.3583405506461,230681,488,1,"1"
2044.0427330524203,230663,506,1,"1"
2063.9644241882706,230649,520,1,"1"
2077.4532991446426,230648,521,1,"1"
2078.3177056061836,230630,539,1,"1"
2084.2255286715467,230629,540,1,"1"
2089.091309434521,230628,541,1,"1"
2111.5978797179559,230624,545,4,"4"
2123.8872739078297,230614,555,1,"1"
2133.3486572361471,230596,573,1,"1"
2209.286133165886,230586,583,2,"2"
2212.3207504915536,230584,585,2,"2"
2216.6439198073872,230583,586,1,"1"
2242.9850794510812,230580,589,1,"1"
2269.3438483271038,230579,590,1,"1"
2271.4426645130779,230561,608,1,"1"
2273.2549707924236,230558,611,3,"3"
2288.3881954384919,230540,629,1,"1"
2290.520646976569,230518,651,2,"2"
2322.3902368524286,230515,654,3,"3"
2328.6274844091481,230513,656,2,"2"
2334.6567489840354,230495,674,1,"1"
2348.9065588100075,230493,676,2,"2"
2359.8255736640526,230484,685,1,"1"
2373.1036069157967,230466,703,1,"1"
2389.5101415263875,230464,705,2,"1-1"
2400.600361975964,230463,706,1,"1"
2403.797177215682,230462,707,1,"1"
2420.5786307927892,230444,725,1,"1"
2436.8056374200919,230426,743,1,"1"
2441.6748812173514,230424,745,2,"2"
2469.2641326656899,230414,755,1,"1"
2478.5043844001784,230413,756,1,"1"
2502.6042246093589,230399,770,2,"2"
2506.3886606681162,230398,771,1,"1"
2515.8666580340778,230395,774,1,"1"
2532.8909381197823,230392,777,3,"3"
2542.8536529683361,230390,779,2,"1-1"
2544.8965552494178,230389,780,1,"1"
2551.0573625438583,230388,781,1,"1"
2582.2582531987919,230387,782,1,"1"
2607.2575054407998,230386,783,1,"1"
2619.2972736545103,230380,789,2,"1-1"
2625.6429469240284,230379,790,1,"1"
2638.1780701162884,230361,808,1,"1"
2661.4823975906597,230343,826,4,"4"
2671.6326220780506,230338,831,1,"1"
2681.2731741237899,230320,849,1,"1"
2684.8393921011525,230302,867,1,"1"
2701.8264990848197,230301,868,1,"1"
2704.6428855915456,230296,873,1,"1"
2717.5079133722584,230287,882,1,"1"
2745.7261546030159,230282,887,1,"1"
2747.4259200949,230279,890,3,"2-1"
2759.6335311852858,230261,908,1,"1"
2779.6689560550831,230245,924,2,"1-1"
2779.8237740787895,230236,933,1,"1"
2779.9678817236536,230235,934,1,"1"
2871.1395077356424,230232,937,1,"1"
2894.3228410964985,230222,947,1,"1"
2942.0555879341923,230204,965,1,"1"
2987.3908005201984,230203,966,1,"1"
3011.3689351325852,230198,971,1,"1"
3023.4486382731534,230180,989,1,"1"
3031.0630220458124,230170,999,1,"1"
3035.2042418850679,230152,1017,1,"1"
3046.7240602305733,230134,1035,1,"1"
3079.3727385222583,230116,1053,1,"1"
3121.0546779592869,230106,1063,1,"1"
3132.4554291415711,230101,1068,1,"1"
3156.4889733143759,230096,1073,1,"1"
3191.856266127143,230090,1079,2,"2"
3234.2322888503072,230081,1088,1,"1"
3272.9583252719831,230063,1106,1,"1"
3276.3507803715706,230051,1118,1,"1"
3277.6585883163852,230038,1131,1,"1"
3281.6116463861408,230020,1149,1,"1"
3353.6968917530085,230016,1153,4,"3-1"
3354.1292038207621,229998,1171,1,"1"
3354.4556513749544,229988,1181,1,"1"
3386.9601162343051,229981,1188,1,"1"
3421.8040960052549,229974,1195,1,"1"
3460.2813803848971,229971,1198,1,"1"
3525.6953769294237,229968,1201,1,"1"
3526.521733542696,229952,1217,4,"3-1"
3533.766572811991,229934,1235,1,"1"
3540.5020117090339,229931,1238,1,"1"
3549.9656147977125,229926,1243,1,"1"
3567.2831227260826,229921,1248,1,"1"
3576.0414079351599,229916,1253,1,"1"
3605.6750086686989,229898,1271,1,"1"
3606.4797916957773,229893,1276,1,"1"
3614.8356872004979,229875,1294,1,"1"
3615.1231352503801,229870,1299,1,"1"
3623.5256691588129,229834,1335,2,"1-1"
3625.0233596027679,229816,1353,1,"1"
3631.5174819895342,229798,1371,1,"1"
3643.1738301383466,229780,1389,1,"1"
3662.295585695178,229772,1397,2,"2"
3669.2372878536999,229754,1415,1,"1"
3679.4477045192434,229751,1418,1,"1"
3688.4506519789488,229737,1432,2,"1-1"
3695.531527362456,229719,1450,1,"1"
3729.5688382182743,229701,1468,1,"1"
3748.8783760165802,229683,1486,1,"1"
3748.8843195346476,229665,1504,1,"1"
3749.5009547794284,229647,1522,1,"1"
3769.2457026459319,229644,1525,1,"1"
3794.5062161064884,229626,1543,1,"1"
3811.5364942634883,229608,1561,1,"1"
3821.1461110145392,229598,1571,1,"1"
3845.33793110124,229580,1589,1,"1"
3848.6311996053169,229556,1613,2,"1-1"
3854.0969847251849,229538,1631,1,"1"
3871.3745448915374,229525,1644,1,"1"
3876.8748775597433,229520,1649,1,"1"
3882.2769957305482,229513,1656,1,"1"
3906.8145538976819,229508,1661,1,"1"
3986.3227121157465,229496,1673,2,"2"
4041.3392460734776,229478,1691,1,"1"
4076.7711395102319,229460,1709,1,"1"
4094.7800068847159,229457,1712,1,"1"
4095.184412367184,229439,1730,1,"1"
4123.6943881697816,229421,1748,1,"1"
4201.0757955816225,229403,1766,1,"1"
4201.3343275327097,229385,1784,1,"1"
4232.7859842499738,229380,1789,1,"1"
4233.7812057102365,229377,1792,1,"1"
4285.0452090740055,229359,1810,1,"1"
4300.5634551131479,229354,1815,1,"1"
4305.4928431231065,229336,1833,1,"1"
4339.8636752848415,229327,1842,1,"1"
4349.1723282203211,229322,1847,1,"1"
4355.4121383400188,229304,1865,1,"1"
4366.5978719575105,229291,1878,1,"1"
4381.9062599674708,229281,1888,1,"1"
4382.7254109144105,229245,1924,2,"2"
4389.1525117249057,229240,1929,1,"1"
4397.4777481715773,229235,1934,1,"1"
4416.9188772251864,229226,1943,3,"1-1-1"
4426.7735021046947,229208,1961,1,"1"
4437.9492660756059,229190,1979,1,"1"
4475.6637387910132,229185,1984,1,"1"
4495.1485496939486,229175,1994,2,"2"
4498.2517923831019,229170,1999,1,"1"
4506.6693496839443,229160,2009,1,"1"
4521.7810111815552,229142,2027,4,"1-1-1-1"
4523.6610564957145,229136,2033,2,"2"
4528.0192557870478,229131,2038,1,"1"
4535.3044431521876,229113,2056,1,"1"
4543.3676744797458,229108,2061,1,"1"
4548.1640853938197,229105,2064,1,"1"
4551.420320655152,229087,2082,1,"1"
4555.8730506349848,229082,2087,1,"1"
4574.6157285737909,229064,2105,1,"1"
4596.7822284730955,229046,2123,1,"1"
4600.2022661363962,229033,2136,1,"1"
4605.292908531681,229028,2141,1,"1"
4609.9784361530174,229014,2155,1,"1"
4617.4590028710973,228996,2173,1,"1"
4660.658739313928,228986,2183,2,"2"
4674.3262531626669,228978,2191,2,"1-1"
4807.5047078981161,228960,2209,1,"1"
4821.6079385036546,228932,2237,2,"1-1"
4839.0677685185392,228908,2261,2,"2"
4850.4375028969016,228890,2279,1,"1"
4851.1684967281381,228885,2284,1,"1"
4864.0422464002677,228882,2287,1,"1"
4868.151999546245,228864,2305,1,"1"
4872.2704679621793,228846,2323,1,"1"
4897.953056174214,228836,2333,1,"1"
4898.8123760545977,228829,2340,1,"1"
4909.4079838038551,228819,2350,1,"1"
4923.0442843731907,228816,2353,1,"1"
4926.7074334426452,228792,2377,4,"3-1"
4930.8041721549707,228774,2395,1,"1"
4954.6782568176986,228756,2413,1,"1"
4955.4433029731872,228748,2421,2,"2"
4984.2649965968267,228730,2439,1,"1"
4991.5256172160362,228712,2457,1,"1"
4995.65613983403,228696,2473,4,"2-1-1"
5004.9106531694015,228686,2483,1,"1"
5008.472202149931,228673,2496,1,"1"
5017.7752087477456,228655,2514,1,"1"
5027.9993642994305,228645,2524,2,"1-1"
5033.373809715149,228627,2542,1,"1"
5039.9344010046716,228617,2552,1,"1"
5042.9779711640149,228581,2588,2,"2"
5050.9416953647542,228563,2606,1,"1"
5063.5717812849871,228545,2624,1,"1"
5075.3254166341976,228535,2634,2,"1-1"
5101.656563349653,228517,2652,1,"1"
5127.6576751878811,228499,2670,1,"1"
5128.4766176857138,228477,2692,4,"4"
5142.3814876150973,228459,2710,1,"1"
5160.2506044954707,228450,2719,1,"1"
5163.5379721576473,228432,2737,1,"1"
5194.3908484883978,228403,2766,7,"3-1-1-1-1"
5196.1138467015608,228385,2784,1,"1"
5211.4107048923552,228367,2802,1,"1"
5234.4002304423593,228349,2820,1,"1"
5236.4762623431716,228346,2823,1,"1"
5269.9299682757983,228334,2835,2,"1-1"
5274.9205923391837,228329,2840,1,"1"
5284.3451256976041,228324,2845,1,"1"
5297.1153512991832,228319,2850,1,"1"
5300.8451585922285,228301,2868,2,"2"
5303.518009166115,228283,2886,1,"1"
5304.1580388449111,228265,2904,1,"1"
5329.0656237727408,228260,2909,1,"1"
5338.9447158031362,228257,2912,1,"1"
5344.4006899842898,228247,2922,1,"1"
5351.2710671591476,228229,2940,1,"1"
5399.6587165785304,228216,2953,1,"1"
5401.603476510857,228206,2963,2,"2"
5405.3580034175056,228188,2981,1,"1"
5419.102555578168,228154,3015,3,"2-1"
5446.0039161954774,228147,3022,1,"1"
5457.8221964998556,228142,3027,1,"1"
5459.8239872367558,228124,3045,1,"1"
5484.9084994951545,228106,3063,1,"1"
5489.631006354919,228103,3066,1,"1"
5504.4681857571504,228085,3084,1,"1"
5505.8715861561914,228067,3102,1,"1"
5510.3599155439897,228049,3120,1,"1"
5546.1137550578278,228031,3138,1,"1"
5549.8171317163096,228023,3146,2,"1-1"
5627.728189329061,228005,3164,1,"1"
5638.7329432610786,227985,3184,2,"2"
5653.3038397056507,227967,3202,1,"1"
5654.9447172891441,227949,3220,1,"1"
5657.8218248333042,227946,3223,1,"1"
5661.0353872681453,227923,3246,5,"3-1-1"
5676.5046107141952,227905,3264,1,"1"
5694.1620583330014,227887,3282,1,"1"
5696.8933178010502,227869,3300,1,"1"
5697.7124840869674,227851,3318,1,"1"
5756.2347869059704,227833,3336,1,"1"
5765.9839963883924,227777,3392,8,"3-2-1-1-1"
5766.3904964295016,227759,3410,1,"1"
5786.0075406628121,227741,3428,1,"1"
5810.6937063242285,227723,3446,1,"1"
5841.5286300940543,227714,3455,1,"1"
5869.5216824604895,227704,3465,2,"1-1"
5886.6478377036728,227686,3483,1,"1"
5893.0376067838479,227676,3493,1,"1"
5895.4093759994803,227658,3511,1,"1"
5906.3492821743966,227640,3529,1,"1"
5920.9869963959309,227622,3547,1,"1"
5928.6456663584513,227604,3565,1,"1"
5945.5056328392702,227586,3583,1,"1"
5952.8965767245272,227579,3590,1,"1"
5965.7360920695128,227561,3608,1,"1"
5967.350262310013,227543,3626,1,"1"
6049.7227021619356,227525,3644,1,"1"
6060.6670024339564,227520,3649,1,"1"
6062.880037804216,227515,3654,1,"1"
6065.8104409929883,227497,3672,1,"1"
6073.0546441615088,227461,3708,2,"2"
6079.9193238961552,227443,3726,1,"1"
6100.4799477473398,227437,3732,2,"2"
6103.9435002515847,227427,3742,1,"1"
6118.5043056771574,227409,3760,1,"1"
6126.4073382007346,227399,3770,1,"1"
6135.2440801022285,227381,3788,1,"1"
6143.176685772004,227374,3795,1,"1"
6145.0686770815046,227356,3813,1,"1"
6159.601552859056,227346,3823,2,"1-1"
6166.4390109466285,227331,3838,3,"3"
6168.5310693265264,227321,3848,2,"2"
6169.9604458634467,227307,3862,2,"2"
6177.5923195219239,227302,3867,1,"1"
6178.8934369336821,227284,3885,1,"1"
6179.9298260697133,227266,3903,1,"1"
6203.8139741197629,227248,3921,1,"1"
6205.9861802190462,227214,3955,3,"1-1-1"
6213.9630000763682,227207,3962,1,"1"
6220.7909677986299,227159,4010,4,"4"
6221.2964011915628,227141,4028,1,"1"
6247.5863636102504,227123,4046,1,"1"
6249.3483563525415,227105,4064,1,"1"
6252.4255915929152,227087,4082,1,"1"
6254.333801256249,227084,4085,1,"1"
6265.4979258957701,227066,4103,1,"1"
6267.8371697164812,227025,4144,5,"5"
6270.6230675332272,227015,4154,2,"1-1"
6272.2019293629537,226971,4198,8,"6-2"
6303.2225145025996,226968,4201,1,"1"
6308.450378644693,226940,4229,2,"2"
6315.8235173002695,226930,4239,2,"2"
6319.4969700580468,226912,4257,1,"1"
6319.8418924875568,226894,4275,1,"1"
6325.0533826728943,226876,4293,1,"1"
6344.6056081233282,226858,4311,1,"1"
6346.2461158845344,226840,4329,1,"1"
6359.1403994768498,226822,4347,1,"1"
6371.4334332435792,226813,4356,1,"1"
6380.4988371011013,226795,4374,1,"1"
6390.6960203926701,226785,4384,1,"1"
6392.9606166447466,226749,4420,2,"1-1"
6415.9454919879909,226731,4438,1,"1"
6430.9360156355051,226721,4448,1,"1"
6432.3378920930409,226711,4458,1,"1"
6441.496924398898,226691,4478,2,"2"
6450.9844335281314,226686,4483,1,"1"
6456.3043838700569,226674,4495,2,"2"
6467.8079938004921,226669,4500,1,"1"
6484.6634222085222,226660,4509,1,"1"
6492.3791442755464,226632,4537,4,"2-1-1"
6516.4193244570706,226617,4552,3,"3"
6528.4692157713871,226599,4570,1,"1"
6530.0517332114596,226581,4588,1,"1"
6533.7748902962267,226566,4603,3,"2-1"
6559.2156420725451,226561,4608,1,"1"
6562.011168124568,226556,4613,1,"1"
6598.9582055735655,226538,4631,1,"1"
6605.1573739909718,226533,4636,1,"1"
6621.9593422404896,226515,4654,1,"1"
6640.2572632075562,226512,4657,1,"1"
6665.4927617291733,226507,4662,1,"1"
6674.8138186826345,226489,4680,1,"1"
6687.0344695158801,226480,4689,1,"1"
6689.6293460033057,226470,4699,1,"1"
6700.9018559192482,226460,4709,1,"1"
6706.0003994364261,226442,4727,1,"1"
6706.0015890346212,226432,4737,1,"1"
6738.9942530882199,226414,4755,1,"1"
6755.5825558339857,226396,4773,1,"1"
6755.9748444039351,226378,4791,1,"1"
6763.6409988388777,226360,4809,1,"1"
6769.2455001761837,226342,4827,1,"1"
6775.317792969231,226339,4830,1,"1"
6783.7752439804526,226321,4848,1,"1"
6796.1819037464784,226303,4866,1,"1"
6804.0009241713215,226293,4876,1,"1"
6815.2053701690684,226277,4892,2,"1-1"
6849.0611330242818,226259,4910,1,"1"
6851.9346922234226,226241,4928,1,"1"
6853.7275317279082,226236,4933,1,"1"
6854.3045904181045,226231,4938,1,"1"
6854.7016335513199,226221,4948,1,"1"
6872.4244164667398,226193,4976,4,"1-1-1-1"
6882.1839128826114,226175,4994,1,"1"
6888.6752295861606,226157,5012,1,"1"
6890.3755203718038,226139,5030,1,"1"
6901.9971383156935,226134,5035,1,"1"
6904.2341394197138,226116,5053,1,"1"
6910.4414744632695,226106,5063,2,"2"
6910.7882020817751,226101,5068,1,"1"
6925.6838239873605,226081,5088,4,"3-1"
6948.4614683716736,226067,5102,1,"1"
6948.8662699877341,226049,5120,1,"1"
6952.1898851883352,226027,5142,2,"2"
6961.4208581461389,226009,5160,1,"1"
6969.2956344839386,225991,5178,1,"1"
6979.1603769784315,225966,5203,5,"5"
6985.4326660695815,225948,5221,1,"1"
6992.3591753665169,225930,5239,4,"1-1-1-1"
7012.7196985990749,225912,5257,1,"1"
7019.0244563270053,225876,5293,2,"2"
7021.8536899973478,225857,5312,3,"1-1-1"
7029.1839875010637,225839,5330,1,"1"
7034.5784919018624,225825,5344,2,"2"
7042.7811656426466,225801,5368,2,"1-1"
7053.3444025412773,225783,5386,1,"1"
7065.197739298228,225765,5404,1,"1"
7069.2313425331913,225747,5422,1,"1"
7084.4529139949373,225732,5437,1,"1"
7087.2228897966233,225714,5455,1,"1"
7089.813562043405,225678,5491,2,"2"
7107.1473962985401,225668,5501,2,"1-1"
7137.2438925268107,225658,5511,1,"1"
7138.0328966353745,225640,5529,1,"1"
7138.2891824267226,225635,5534,1,"1"
7151.7351637680795,225617,5552,1,"1"
7156.1728504558369,225595,5574,2,"2"
7169.939855664702,225581,5588,2,"2"
7183.5367648202428,225572,5597,1,"1"
7190.6795362607481,225522,5647,3,"2-1"
7207.2618266477939,225512,5657,1,"1"
7214.6703652299411,225494,5675,1,"1"
7220.2895821465863,225480,5689,1,"1"
7221.1090925968374,225475,5694,1,"1"
7225.8138045135047,225457,5712,1,"1"
7229.0879488558849,225435,5734,2,"2"
7264.3560659853756,225417,5752,1,"1"
7264.9719965776767,225399,5770,1,"1"
7272.9143205232131,225381,5788,1,"1"
7273.8220300324865,225346,5823,3,"1-1-1"
7284.9420696943189,225328,5841,1,"1"
7285.1852526720122,225318,5851,1,"1"
7314.5202243393578,225304,5865,1,"1"
7348.034880593772,225293,5876,1,"1"
7353.0779618757606,225284,5885,1,"1"
7391.5477992107126,225266,5903,1,"1"
7395.7296797522704,225223,5946,5,"2-2-1"
7399.4985963323979,225205,5964,1,"1"
7408.5338527903796,225185,5984,2,"2"
7433.7947740261961,225167,6002,1,"1"
7439.9445947959875,225157,6012,1,"1"
7442.2111140655597,225108,6061,5,"4-1"
7447.287737954246,225090,6079,1,"1"
7461.3541770630754,225054,6115,2,"1-1"
7466.0438018453906,225036,6133,1,"1"
7479.491169119673,225024,6145,1,"1"
7480.0632360608515,225017,6152,1,"1"
7485.2916814808295,224999,6170,1,"1"
7493.8052307267189,224981,6188,1,"1"
7497.9999788929172,224931,6238,8,"4-2-1-1"
7501.3277405279605,224895,6274,2,"2"
7514.1267111851494,224841,6328,3,"1-1-1"
7515.6455324649878,224823,6346,1,"1"
7533.085840473047,224818,6351,1,"1"
7540.6649273191379,224813,6356,1,"1"
7545.0322923839876,224795,6374,1,"1"
7545.4404416749076,224777,6392,1,"1"
7563.718141945219,224759,6410,1,"1"
7575.5658246929506,224745,6424,1,"1"
7584.1055349704702,224727,6442,1,"1"
7593.9845579756329,224709,6460,1,"1"
7625.162203329669,224691,6478,1,"1"
7647.568035571966,224673,6496,1,"1"
7661.4877376561881,224656,6513,1,"1"
7664.7395780679753,224638,6531,1,"1"
7669.3275188851549,224626,6543,1,"1"
7681.9304292428478,224616,6553,1,"1"
7686.4458194260596,224598,6571,1,"1"
7689.1066612816576,224580,6589,1,"1"
7691.3182673475039,224568,6601,2,"2"
7693.1378417173937,224465,6704,11,"3-2-2-2-1-1"
7724.7327137351112,224455,6714,1,"1"
7728.1349107225224,224437,6732,1,"1"
7731.2178641488308,224419,6750,1,"1"
7752.0603079650091,224404,6765,3,"1-1-1"
7773.136171941127,224386,6783,1,"1"
7784.3890308081773,224368,6801,1,"1"
7798.5463843699081,224350,6819,1,"1"
7807.1979414964026,224332,6837,1,"1"
7833.7253118443996,224314,6855,1,"1"
7834.4581549957065,224309,6860,1,"1"
7859.2855290695534,224291,6878,1,"1"
7861.4506741417026,224273,6896,1,"1"
7862.4063075503309,224263,6906,2,"2"
7862.9562511377108,224245,6924,1,"1"
7875.9900652397846,224187,6982,8,"3-2-1-1-1"
7877.5987819987522,224164,7005,3,"2-1"
7882.4296713036292,224146,7023,1,"1"
7895.3720908738715,224128,7041,1,"1"
7903.2006985251855,224110,7059,1,"1"
7908.12190599927,224103,7066,1,"1"
7920.2575581551728,224085,7084,1,"1"
7925.0889537131352,224074,7095,1,"1"
7928.2834614302819,224056,7113,1,"1"
7945.3818177771664,224046,7123,1,"1"
7950.8642764790548,224028,7141,1,"1"
7963.589436102222,224010,7159,1,"1"
7969.4047376412045,223988,7181,2,"2"
7975.4299459553977,223970,7199,1,"1"
8001.339241305629,223904,7265,6,"2-2-1-1"
8018.4344592051748,223886,7283,1,"1"
8033.5464235031368,223850,7319,4,"2-1-1"
8038.7210645861524,223832,7337,1,"1"
8052.7402010985361,223814,7355,1,"1"
8054.9357502636112,223796,7373,1,"1"
8058.7074922840475,223778,7391,1,"1"
8064.5439251973557,223760,7409,1,"1"
8075.0269899308323,223750,7419,1,"1"
8089.5529192449858,223732,7437,1,"1"
8094.8720408228883,223727,7442,1,"1"
8114.7784546913745,223713,7456,1,"1"
8122.7067723479731,223704,7465,1,"1"
8130.0640339253259,223686,7483,1,"1"
8141.6245534303816,223668,7501,1,"1"
8174.1526771075687,223658,7511,1,"1"
8218.3461814002239,223648,7521,1,"1"
8224.1576208820843,223610,7559,4,"2-2"
8227.8731921474828,223582,7587,2,"1-1"
8239.0328872087757,223564,7605,1,"1"
8242.6529164467083,223532,7637,2,"1-1"
8257.3219343589208,223514,7655,1,"1"
8269.3713324619002,223454,7715,5,"4-1"
8277.3067384447822,223436,7733,1,"1"
8286.2032079306027,223419,7750,1,"1"
8294.2060931169381,223401,7768,1,"1"
8301.8928127085383,223383,7786,2,"1-1"
8334.4135771109868,223355,7814,2,"2"
8368.4238966040812,223337,7832,1,"1"
8397.9925709843756,223324,7845,1,"1"
8398.3298983455934,223288,7881,2,"1-1"
8400.0307538151865,223270,7899,1,"1"
8402.7843793295215,223252,7917,1,"1"
8407.8350313342798,223234,7935,1,"1"
8427.0013850455762,223216,7953,1,"1"
8431.1745706467573,223173,7996,3,"2-1"
8442.1965404211314,223155,8014,1,"1"
8444.7206757161712,223141,8028,1,"1"
8449.2627155369919,223125,8044,1,"1"
8461.5040370388488,223107,8062,1,"1"
8481.6576091654315,223087,8082,2,"2"
8481.8206843328553,223069,8100,1,"1"
8485.3003282713944,223055,8114,1,"1"
8485.9304324768163,223050,8119,1,"1"
8498.2772037505365,223032,8137,1,"1"
8502.9475457091339,223027,8142,1,"1"
8507.0089052458952,223017,8152,2,"2"
8517.8020546205753,222993,8176,2,"2"
8525.8207488618627,222963,8206,3,"2-1"
8533.8399833977182,222945,8224,1,"1"
8539.4788633961398,222931,8238,1,"1"
8541.1445839080279,222922,8247,1,"1"
8549.905155119719,222882,8287,4,"2-1-1"
8563.9610519237831,222864,8305,1,"1"
8571.0994638963675,222850,8319,1,"1"
8581.535030652165,222832,8337,1,"1"
8582.0694956253919,222827,8342,1,"1"
8592.370088761787,222809,8360,1,"1"
8593.5332472027549,222795,8374,1,"1"
8607.4615495803446,222777,8392,1,"1"
8610.4501947395383,222759,8410,1,"1"
8631.4748658623594,222750,8419,1,"1"
8632.6294254137483,222732,8437,1,"1"
8635.7448172789209,222714,8455,1,"1"
8642.3911981448891,222660,8509,3,"2-1"
8643.947575805043,222642,8527,1,"1"
8647.7415061412576,222624,8545,1,"1"
8659.0451817979538,222588,8581,2,"1-1"
8664.4875082112903,222575,8594,1,"1"
8672.3420826148722,222557,8612,2,"2"
8672.445947439257,222539,8630,1,"1"
8675.3067251168504,222517,8652,2,"2"
8686.7998659405293,222499,8670,1,"1"
8689.4678777969621,222481,8688,1,"1"
8695.241871408014,222463,8706,1,"1"
8702.16334789553,222445,8724,1,"1"
8721.4914549797377,222440,8729,1,"1"
8738.8446101368318,222422,8747,1,"1"
8742.488226091773,222386,8783,2,"2"
8744.7690217138188,222368,8801,1,"1"
8751.4333536941431,222350,8819,1,"1"
8753.6262168050343,222332,8837,1,"1"
8755.517899604185,222320,8849,1,"1"
8759.1673963070225,222264,8905,5,"2-1-1-1"
8768.136164457992,222210,8959,3,"3"
8775.6823785649067,222186,8983,2,"2"
8787.2394295460235,222171,8998,1,"1"
8793.5937649961379,222153,9016,1,"1"
8802.272943038939,222117,9052,2,"1-1"
8818.9454829669248,222099,9070,1,"1"
8820.7323985814564,222081,9088,1,"1"
8838.2510382216915,222063,9106,1,"1"
8840.8092800277664,222045,9124,1,"1"
8842.8923873616859,222009,9160,2,"2"
8855.6719585475712,221991,9178,1,"1"
8858.3582240895212,221973,9196,1,"1"
8860.6380929226925,221891,9278,6,"2-2-1-1"
8860.7918165540523,221873,9296,1,"1"
8883.7302559433683,221855,9314,1,"1"
8895.1817810194534,221837,9332,1,"1"
8900.9570416033257,221826,9343,1,"1"
8902.3464245441428,221808,9361,1,"1"
8911.0867643910642,221801,9368,1,"1"
8927.033782675624,221783,9386,1,"1"
8936.4105919819594,221774,9395,1,"1"
8940.2809660380608,221756,9413,1,"1"
8940.7380471860361,221702,9467,6,"2-1-1-1-1"
8946.2868266044334,221697,9472,1,"1"
8948.9598681728112,221674,9495,2,"2"
8950.2580985131008,221665,9504,1,"1"
8954.3614576540913,221647,9522,1,"1"
8962.8146964177213,221633,9536,2,"2"
8962.8610437213283,221615,9554,1,"1"
8972.049084922628,221597,9572,1,"1"
8998.5881172973186,221579,9590,1,"1"
9008.2927480577382,221552,9617,3,"2-1"
9008.476732395482,221547,9622,1,"1"
9009.5765132487413,221501,9668,3,"3"
9014.62347321983,221259,9910,26,"12-4-2-1-1-1-1-1-1-1-1"
9030.0436103011216,221250,9919,1,"1"
9036.1218900368949,221188,9981,6,"4-1-1"
9041.1735982101472,221170,9999,1,"1"
9052.4153663673369,221140,10029,2,"2"
9060.8236383936983,221122,10047,1,"1"
9065.6493069534827,221104,10065,1,"1"
9087.8722287018409,221087,10082,1,"1"
9103.3696805140717,221033,10136,3,"2-1"
9108.8350886175867,221015,10154,1,"1"
9109.0135642362839,220973,10196,3,"2-1"
9111.3201646254493,220955,10214,1,"1"
9116.2279487546803,220937,10232,1,"1"
9136.3621708670325,220919,10250,1,"1"
9136.4813861822222,220901,10268,1,"1"
9146.0935181647765,220883,10286,1,"1"
9165.8067138363658,220854,10315,3,"3"
9168.3612631528122,220836,10333,1,"1"
9174.0463433109198,220826,10343,1,"1"
9181.1532494003532,220808,10361,1,"1"
9189.0672022446724,220790,10379,1,"1"
9204.1395259958226,220772,10397,1,"1"
9207.4850064728562,220677,10492,8,"4-2-1-1"
9208.2905112805292,220659,10510,1,"1"
9216.778947569268,220641,10528,1,"1"
9234.681080950113,220623,10546,1,"1"
9237.4118921456175,220587,10582,2,"2"
9248.8574083600251,220577,10592,1,"1"
9253.9010478964756,220559,10610,1,"1"
9258.0880124986525,220549,10620,1,"1"
9269.0484574841157,220531,10638,1,"1"
9288.2128134961167,220513,10656,1,"1"
9296.5770311458109,220483,10686,3,"3"
9298.6305020984237,220463,10706,2,"2"
9322.8785812081405,220445,10724,1,"1"
9337.8152887632041,220427,10742,1,"1"
9347.0198526273998,220420,10749,1,"1"
9348.7198004183811,220402,10767,1,"1"
9350.7547747322787,220384,10785,1,"1"
9360.4693069701334,220366,10803,1,"1"
9369.4996165661814,220348,10821,1,"1"
9381.9406930541245,220322,10847,2,"1-1"
9391.6402724042528,220304,10865,1,"1"
9398.0912739871583,220286,10883,1,"1"
9409.8613034453992,220268,10901,1,"1"
9414.890205046011,220232,10937,2,"2"
9419.6174564088378,220178,10991,3,"3"
9421.5023281370177,220166,11003,1,"1"
9433.647810548724,220153,11016,1,"1"
9447.9723435125125,220138,11031,1,"1"
9452.5384456520878,220120,11049,1,"1"
9474.9581907039683,220102,11067,1,"1"
9485.5714840671571,220084,11085,2,"1-1"
9499.1681207495494,220066,11103,1,"1"
9504.679458320792,220048,11121,1,"1"
9506.1776861024355,220038,11131,1,"1"
9506.8142357492761,220028,11141,1,"1"
9508.219253285235,220004,11165,2,"1-1"
9518.2544443445204,219943,11226,5,"3-1-1"
9520.0539768125836,219925,11244,1,"1"
9530.1101860575836,219889,11280,2,"2"
9534.9294078228795,219845,11324,4,"2-1-1"
9539.1167079833413,219827,11342,1,"1"
9550.4813110671548,219809,11360,1,"1"
9554.1898841662169,219785,11384,2,"1-1"
9559.9626919755337,219767,11402,1,"1"
9572.4164742046578,219749,11420,1,"1"
9589.4529987189253,219722,11447,3,"3"
9595.6863922247576,219612,11557,8,"4-2-1-1"
9597.1179596192396,219599,11570,1,"1"
9601.3423085288632,219581,11588,1,"1"
9609.2834506597756,219511,11658,8,"4-3-1"
9611.1384992829244,219497,11672,1,"1"
9619.3151968646598,219481,11688,1,"1"
9619.7660999379659,219463,11706,1,"1"
9626.8377802314662,219445,11724,1,"1"
9628.7197648517613,219427,11742,1,"1"
9633.3581196950272,219409,11760,1,"1"
9642.0155677779458,219387,11782,2,"2"
9642.6643330978659,219369,11800,1,"1"
9644.4911163678134,219351,11818,1,"1"
9651.2420141448129,219333,11836,1,"1"
9663.6510009438243,219323,11846,1,"1"
9672.4533293862369,219295,11874,2,"2"
9696.4190253803372,219239,11930,6,"4-1-1"
9702.8898785155579,219222,11947,1,"1"
9703.9070575686528,219204,11965,1,"1"
9708.2247540705048,219186,11983,1,"1"
9712.8007190882818,219177,11992,1,"1"
9718.5415442620397,219159,12010,1,"1"
9737.3170206553223,219150,12019,1,"1"
9739.313533825889,219132,12037,1,"1"
9740.9364397845911,219078,12091,3,"2-1"
9743.8046642828849,219060,12109,1,"1"
9743.9724711277249,219042,12127,1,"1"
9752.7190938944968,219024,12145,1,"1"
9753.5366453284078,218853,12316,13,"3-2-2-2-1-1-1-1"
9773.7205464105573,218835,12334,1,"1"
9798.9820227813107,218817,12352,1,"1"
9800.3632172602793,218806,12363,1,"1"
9816.4584064835999,218788,12381,1,"1"
9817.3865596378619,218770,12399,1,"1"
9824.0061922742079,218720,12449,3,"3"
9826.4942652130885,218702,12467,1,"1"
9827.7379045949601,218684,12485,1,"1"
9833.4466773350123,218462,12707,18,"6-5-3-2-1-1"
9834.4395518582751,218432,12737,2,"2"
9843.2170298376313,218414,12755,1,"1"
9856.4419190464178,218396,12773,1,"1"
9857.0532633529401,218378,12791,1,"1"
9876.0228523059141,218360,12809,1,"1"
9877.9204657968494,218346,12823,1,"1"
9886.0050753925352,218310,12859,2,"2"
9890.8964733898356,218292,12877,1,"1"
9896.8216847243621,218165,13004,11,"3-3-2-1-1-1"
9911.6640564826648,217927,13242,18,"7-5-2-1-1-1-1"
9917.5720715230527,217909,13260,1,"1"
9922.2935771697066,217896,13273,1,"1"
9926.0199012006779,217878,13291,1,"1"
9926.4878388435882,217860,13309,1,"1"
9944.8298936289339,217842,13327,1,"1"
9952.4402746538981,217824,13345,1,"1"
9953.8042427837609,217806,13363,1,"1"
9965.7799628009088,217788,13381,1,"1"
9970.8342052539901,217582,13587,17,"5-4-4-2-1-1"
9972.71067400828,217528,13641,3,"2-1"
9979.6763016245495,217515,13654,1,"1"
9979.978903701458,217420,13749,7,"4-3"
9981.2626997839052,217402,13767,1,"1"
9982.242832419297,217386,13783,2,"1-1"
10003.18181649723,217370,13799,1,"1"
10011.729457698726,217357,13812,1,"1"
10033.919299231986,217339,13830,1,"1"
10055.404289153235,217322,13847,1,"1"
10063.156254062626,217286,13883,2,"1-1"
10071.664269991608,217268,13901,1,"1"
10081.38625750935,217250,13919,1,"1"
10092.246164931183,217237,13932,1,"1"
10102.790909693364,217219,13950,1,"1"
10114.022217743162,217193,13976,2,"2"
10121.470469308802,217183,13986,1,"1"
10140.587398206781,217165,14004,1,"1"
10148.402570788565,217129,14040,2,"2"
10154.57870101847,0,231169,12254,"12254"
----------------------------------------------9
0,231169,0,0,"0"
63.246106780683817,231168,1,1,"1"
105.39910863747328,231167,2,1,"1"
222.20332467121924,231166,3,1,"1"
224.17665287725734,231161,8,1,"1"
253.71466077535561,231160,9,1,"1"
315.76466019140298,231159,10,1,"1"
323.82253814223077,231158,11,1,"1"
344.07897778013972,231157,12,1,"1"
466.52048702354506,231156,13,1,"1"
481.54879868718416,231155,14,1,"1"
561.87335972076221,231154,15,1,"1"
568.29465966340945,231153,16,1,"1"
589.96904053346157,231152,17,1,"1"
626.57251327453844,231143,26,1,"1"
688.54821420052724,231142,27,1,"1"
692.81199604714584,231132,37,1,"1"
701.97091530381567,231123,46,1,"1"
707.14327431200184,231122,47,1,"1"
774.46025290665818,231121,48,1,"1"
776.30556183314457,231120,49,1,"1"
781.45675152489537,231119,50,1,"1"
786.47519791867182,231118,51,1,"1"
788.9759524962991,231117,52,1,"1"
793.07994588971553,231107,62,1,"1"
829.35906424033158,231106,63,1,"1"
858.14134355450665,231101,68,1,"1"
920.00870002000545,231100,69,1,"1"
930.50604373276303,231099,70,1,"1"
930.62912114331027,231089,80,2,"2"
983.65028845972461,231079,90,2,"1-1"
1003.8992326084217,231078,91,1,"1"
1007.7772380786328,231075,94,3,"2-1"
1016.836715102961,231074,95,1,"1"
1027.5370787432651,231073,96,1,"1"
1045.5463282421404,231072,97,1,"1"
1052.7607003115666,231071,98,1,"1"
1083.0615977874013,231070,99,1,"1"
1085.8443362447545,231069,100,1,"1"
1099.9987341383121,231068,101,1,"1"
1124.2162629693075,231067,102,1,"1"
1143.8963594985159,231049,120,1,"1"
1147.2528425847267,231048,121,1,"1"
1156.570368643341,231047,122,1,"1"
1166.5882776799242,231044,125,1,"1"
1190.8908044595721,231043,126,1,"1"
1227.669077711427,231042,127,1,"1"
1235.8748826155388,231041,128,1,"1"
1237.4825368851191,231040,129,1,"1"
1239.0115638924681,231035,134,1,"1"
1251.9783085980491,231030,139,1,"1"
1254.7854771879902,231029,140,1,"1"
1272.866749336825,231011,158,1,"1"
1272.9866274053418,231010,159,1,"1"
1275.9244329697647,230992,177,1,"1"
1326.4582908641289,230991,178,1,"1"
1334.3422287119522,230987,182,4,"2-2"
1337.5607377053323,230986,183,1,"1"
1343.2657971740791,230984,185,2,"2"
1352.9601880782641,230983,186,1,"1"
1374.295857691694,230981,188,2,"2"
1383.5704972833651,230980,189,1,"1"
1394.6013580382037,230979,190,1,"1"
1404.3332070221891,230969,200,1,"1"
1404.9802250973407,230963,206,2,"2"
1423.1730882520019,230962,207,1,"1"
1445.5924068081335,230944,225,1,"1"
1453.5313731405627,230941,228,1,"1"
1456.6933728706599,230939,230,2,"2"
1486.0591803917821,230921,248,1,"1"
1545.3340162184375,230919,250,2,"1-1"
1551.5211941881851,230917,252,2,"2"
1571.705932432325,230912,257,1,"1"
1575.6069366519125,230911,258,1,"1"
1589.857392018167,230910,259,1,"1"
1611.3530663309778,230904,265,2,"2"
1619.6704171815868,230903,266,1,"1"
1664.9956564239676,230902,267,1,"1"
1670.4251772078587,230897,272,1,"1"
1686.4133889396335,230895,274,2,"1-1"
1718.0733146821192,230877,292,1,"1"
1735.2662295996913,230875,294,2,"2"
1761.2531630466094,230874,295,1,"1"
1770.2673077362417,230873,296,1,"1"
1770.9178875550492,230863,306,1,"1"
1809.6148486960012,230862,307,1,"1"
1838.3517160531887,230861,308,1,"1"
1909.170353968934,230860,309,1,"1"
1909.3183849124307,230859,310,1,"1"
1915.2111705997354,230858,311,1,"1"
1922.42616620937,230853,316,1,"1"
1938.5500483130836,230851,318,2,"2"
1949.0961333609389,230847,322,4,"4"
1960.647371392907,230846,323,1,"1"
1972.1037470880888,230828,341,1,"1"
1979.1683458039438,230827,342,1,"1"
1980.7135940120668,230821,348,6,"4-2"
1997.7110341795337,230815,354,2,"2"
1999.1666929109881,230812,357,3,"2-1"
2008.6000865004301,230808,361,2,"2"
2019.9144241118274,230790,379,1,"1"
2020.3280050617157,230787,382,3,"1-1-1"
2024.1807882438231,230786,383,1,"1"
2032.9035200522299,230782,387,4,"2-1-1"
2040.8278605116748,230779,390,3,"1-1-1"
2041.7029594473117,230778,391,1,"1"
2043.3483187183563,230760,409,1,"1"
2052.07238706304,230754,415,2,"2"
2054.800204848998,230752,417,2,"1-1"
2055.564192387872,230747,422,5,"4-1"
2056.9878458031926,230746,423,1,"1"
2064.308238467107,230745,424,1,"1"
2068.8619902154219,230744,425,1,"1"
2082.1909601207476,230743,426,1,"1"
2083.533946814905,230742,427,1,"1"
2090.3117043416337,230724,445,1,"1"
2102.8326219283563,230723,446,1,"1"
2112.2722884674308,230720,449,1,"1"
2115.1996573842234,230707,462,1,"1"
2119.8891506236687,230706,463,1,"1"
2121.421318083304,230705,464,1,"1"
2126.7725872677324,230704,465,1,"1"
2142.6706353465174,230692,477,1,"1"
2160.7683781676492,230682,487,1,"1"
2162.7826299521544,230668,501,2,"1-1"
2172.2229595303065,230663,506,3,"2-1"
2172.7105194509127,230639,530,2,"1-1"
2193.9949473104652,230634,535,1,"1"
2210.7835350737046,230632,537,2,"2"
2229.5297241262006,230630,539,2,"2"
2236.9397901858447,230612,557,1,"1"
2240.9865105521444,230611,558,1,"1"
2246.9583310604194,230610,559,1,"1"
2256.6045711017086,230605,564,1,"1"
2257.5376171086741,230604,565,1,"1"
2259.2942169276953,230602,567,2,"2"
2260.9581382481219,230584,585,1,"1"
2278.3992319833201,230578,591,2,"1-1"
2281.6265433422591,230560,609,1,"1"
2301.2238968428733,230558,611,2,"1-1"
2310.0030384295283,230540,629,1,"1"
2312.1273829422335,230535,634,1,"1"
2326.4973660827645,230534,635,1,"1"
2331.5020755149044,230516,653,1,"1"
2398.3259139559586,230515,654,1,"1"
2405.8036578707879,230514,655,1,"1"
2446.5772421308229,230513,656,1,"1"
2459.603161208343,230495,674,1,"1"
2496.5719927132504,230463,706,2,"1-1"
2500.415935049205,230448,721,11,"7-2-1-1"
2521.6062226829158,230444,725,4,"4"
2527.7547009582609,230443,726,1,"1"
2528.8983273526542,230442,727,1,"1"
2537.2746404256573,230436,733,4,"3-1"
2539.1030122584189,230434,735,2,"2"
2543.9895919274422,230416,753,1,"1"
2598.4375992137748,230398,771,1,"1"
2622.3742630857337,230388,781,1,"1"
2643.1928224255903,230386,783,2,"2"
2690.5942010756344,230368,801,1,"1"
2703.5410921290313,230367,802,1,"1"
2710.393566491221,230351,818,1,"1"
2719.0551207813833,230339,830,1,"1"
2724.7520539838638,230338,831,1,"1"
2734.0790300011522,230337,832,1,"1"
2741.0895872983556,230336,833,1,"1"
2753.1039752450929,230333,836,1,"1"
2760.9630807094759,230324,845,1,"1"
2782.9765705283653,230306,863,1,"1"
2791.9929292434913,230288,881,1,"1"
2802.3041094242694,230287,882,1,"1"
2841.5036640420085,230286,883,1,"1"
2850.5441770257444,230285,884,1,"1"
2861.1620482657304,230276,893,1,"1"
2870.5697704199274,230272,897,2,"2"
2881.6481173450125,230254,915,1,"1"
2900.5202914221154,230253,916,1,"1"
2909.3920829489552,230249,920,2,"1-1"
2910.4694773894576,230231,938,1,"1"
2913.4676057501497,230230,939,1,"1"
2946.9610402681005,230212,957,1,"1"
2959.428363987965,230194,975,1,"1"
2977.1867614774064,230187,982,3,"1-1-1"
3004.0539095411709,230169,1000,1,"1"
3070.5348780716486,230151,1018,1,"1"
3094.0781317834162,230133,1036,1,"1"
3114.72477641554,230132,1037,1,"1"
3121.1999675678744,230114,1055,1,"1"
3123.7283907672313,230104,1065,1,"1"
3132.8350007877489,230086,1083,1,"1"
3180.4665197216978,230068,1101,1,"1"
3214.5441530087001,230058,1111,1,"1"
3216.0669170543629,230046,1123,1,"1"
3224.180023414011,230036,1133,1,"1"
3228.0398119177244,230031,1138,1,"1"
3233.4014389013769,230028,1141,1,"1"
3271.2792617593964,229998,1171,2,"2"
3310.86273374645,229988,1181,1,"1"
3331.850307574261,229970,1199,2,"2"
3334.3205029207761,229969,1200,1,"1"
3409.7685733291964,229951,1218,1,"1"
3417.842714646813,229941,1228,1,"1"
3437.2248861595886,229925,1244,1,"1"
3454.7166574669859,229916,1253,1,"1"
3475.8623965887414,229900,1269,1,"1"
3497.3132870427412,229890,1279,2,"1-1"
3519.3444995550799,229877,1292,1,"1"
3527.5699022259487,229871,1298,2,"2"
3529.685580764829,229853,1316,1,"1"
3530.6883546451245,229835,1334,1,"1"
3531.2375263641629,229817,1352,1,"1"
3561.5794779977664,229807,1362,2,"1-1"
3574.1815322812531,229793,1376,2,"2"
3600.1128637596616,229775,1394,1,"1"
3607.3049028773135,229757,1412,1,"1"
3619.9415516690656,229739,1430,1,"1"
3663.8390694415571,229729,1440,2,"2"
3721.7471313985129,229711,1458,1,"1"
3756.324323710493,229701,1468,1,"1"
3760.1698383083817,229683,1486,1,"1"
3779.3029487083227,229678,1491,1,"1"
3796.3030809350184,229660,1509,1,"1"
3801.4338810050767,229642,1527,1,"1"
3817.9155223340272,229624,1545,1,"1"
3857.3422218872765,229606,1563,1,"1"
3865.9641111426054,229588,1581,1,"1"
3884.8320361227716,229570,1599,1,"1"
3903.0656607680721,229552,1617,1,"1"
3922.3216918024968,229549,1620,1,"1"
3970.0523606078741,229531,1638,1,"1"
4034.0461422691906,229515,1654,1,"1"
4059.5243121688022,229497,1672,1,"1"
4070.2784038072623,229479,1690,1,"1"
4078.5503714998558,229474,1695,1,"1"
4083.1109331389639,229456,1713,1,"1"
4092.0138649258975,229446,1723,1,"1"
4096.2005046633749,229428,1741,1,"1"
4112.5394652515824,229394,1775,3,"2-1"
4136.4812240702349,229376,1793,1,"1"
4139.0405113685383,229371,1798,1,"1"
4141.9805188887531,229353,1816,1,"1"
4153.9506674211179,229335,1834,1,"1"
4162.6246917644785,229323,1846,2,"1-1"
4181.5139501077965,229310,1859,1,"1"
4197.7832586621917,229305,1864,1,"1"
4200.6590344762208,229300,1869,1,"1"
4201.7053371972079,229294,1875,2,"2"
4206.4264329366652,229289,1880,1,"1"
4220.3311741002217,229275,1894,1,"1"
4226.9962871475709,229270,1899,1,"1"
4228.0310506045953,229252,1917,1,"1"
4244.8671458690442,229234,1935,1,"1"
4263.1085793740585,229231,1938,1,"1"
4271.3757465098215,229213,1956,1,"1"
4319.4538903153671,229184,1985,5,"5"
4332.5342973740671,229166,2003,1,"1"
4344.3929373656092,229159,2010,1,"1"
4352.3284134439837,229149,2020,2,"2"
4370.6196807011365,229131,2038,1,"1"
4385.8293239852374,229126,2043,1,"1"
4386.338752427765,229108,2061,1,"1"
4416.5559970332079,229098,2071,1,"1"
4423.7078489181467,229089,2080,1,"1"
4429.3147888442618,229079,2090,1,"1"
4444.1430181051637,229073,2096,2,"2"
4463.466225416978,229063,2106,2,"1-1"
4464.0478600604592,229053,2116,1,"1"
4469.2900452403874,229035,2134,1,"1"
4472.3313822596156,229017,2152,1,"1"
4478.5563731242728,229007,2162,1,"1"
4519.8111788663064,229002,2167,1,"1"
4538.2380748385103,228992,2177,2,"2"
4540.1812561570696,228974,2195,1,"1"
4561.2970259031981,228956,2213,1,"1"
4591.4894817684026,228938,2231,1,"1"
4606.9288158304062,228935,2234,1,"1"
4622.2760563383899,228917,2252,1,"1"
4633.8846061408713,228899,2270,1,"1"
4643.7575368914595,228865,2304,3,"3"
4650.8133953811002,228860,2309,1,"1"
4653.2954266625038,228844,2325,4,"2-2"
4676.4869732336892,228821,2348,5,"2-1-1-1"
4713.3044101435416,228809,2360,1,"1"
4741.7376909266814,228806,2363,1,"1"
4746.9097487655781,228803,2366,1,"1"
4762.1724388245893,228780,2389,2,"1-1"
4769.5557226908049,228777,2392,1,"1"
4774.4559447829124,228759,2410,1,"1"
4779.1788214489161,228741,2428,1,"1"
4779.7100034184323,228723,2446,1,"1"
4781.0549243942305,228705,2464,1,"1"
4811.4214296523232,228696,2473,1,"1"
4816.5257216998771,228678,2491,1,"1"
4819.6521074069815,228675,2494,1,"1"
4835.3076234542286,228668,2501,1,"1"
4835.3079765895454,228665,2504,1,"1"
4837.7155324459809,228647,2522,1,"1"
4841.039109726863,228644,2525,1,"1"
4842.8841171428676,228637,2532,1,"1"
4867.8222225044665,228619,2550,1,"1"
4869.5663998396776,228604,2565,3,"3"
4883.6792979060483,228599,2570,1,"1"
4898.3257606066036,228571,2598,6,"4-2"
4899.1396263956121,228553,2616,1,"1"
4913.0854422799102,228544,2625,1,"1"
4932.8541652109079,228539,2630,1,"1"
4936.5540637540716,228517,2652,2,"2"
4937.6530959275524,228499,2670,1,"1"
4941.6821215496038,228484,2685,3,"2-1"
4947.7421993873677,228479,2690,1,"1"
4955.8524913534757,228471,2698,2,"1-1"
4977.0624043845601,228453,2716,1,"1"
5001.03227019314,228429,2740,4,"4"
5002.5226501397556,228421,2748,2,"2"
5040.5335207798698,228407,2762,1,"1"
5050.1065331533537,228402,2767,1,"1"
5065.5435262710344,228384,2785,1,"1"
5100.8877584580196,228364,2805,2,"1-1"
5113.4316111297185,228346,2823,1,"1"
5113.7875010987618,228328,2841,1,"1"
5116.7936004579396,228323,2846,1,"1"
5118.265443935572,228305,2864,1,"1"
5120.9578469220678,228295,2874,1,"1"
5126.564517223921,228277,2892,1,"1"
5130.4580326032428,228267,2902,2,"2"
5131.5494841202772,228264,2905,1,"1"
5143.3940372455054,228255,2914,1,"1"
5158.9540475258218,228247,2922,2,"1-1"
5164.4873905763652,228237,2932,1,"1"
5170.75947738795,228219,2950,1,"1"
5174.2961741557501,228212,2957,1,"1"
5210.9954086177586,228207,2962,1,"1"
5213.121274819915,228200,2969,1,"1"
5215.156001247964,228185,2984,3,"2-1"
5226.9370279917366,228167,3002,1,"1"
5236.6320515113403,228149,3020,1,"1"
5238.3440460764687,228131,3038,1,"1"
5270.796137921343,228117,3052,2,"2"
5287.5940661618451,228099,3070,1,"1"
5327.6739759276106,228081,3088,1,"1"
5336.3094447125304,228065,3104,1,"1"
5337.4163061798672,228062,3107,1,"1"
5352.3599424253907,228044,3125,1,"1"
5364.1495771227283,228039,3130,1,"1"
5369.9373626091437,228021,3148,1,"1"
5380.6382326460698,227991,3178,3,"2-1"
5383.2749886934726,227979,3190,2,"1-1"
5385.8186168956445,227961,3208,1,"1"
5391.4500400917477,227940,3229,3,"2-1"
5445.1636975982474,227930,3239,2,"2"
5450.7049541964388,227912,3257,1,"1"
5460.74488565092,227899,3270,1,"1"
5489.6847473754942,227896,3273,1,"1"
5494.4468356603647,227886,3283,1,"1"
5504.1673533181465,227868,3301,1,"1"
5524.5268204030244,227850,3319,1,"1"
5526.8439123571134,227845,3324,1,"1"
5527.1080854971469,227809,3360,2,"2"
5530.094539181483,227791,3378,1,"1"
5530.1362529132475,227774,3395,5,"4-1"
5559.4017955831214,227756,3413,1,"1"
5565.1013517929205,227751,3418,1,"1"
5573.2195199837761,227733,3436,1,"1"
5605.2306677559045,227730,3439,1,"1"
5612.4917825994571,227727,3442,1,"1"
5622.3350317982904,227709,3460,1,"1"
5642.3392965727389,227704,3465,1,"1"
5666.2482899629331,227694,3475,2,"2"
5711.2914733719572,227676,3493,1,"1"
5731.9974166949605,227658,3511,1,"1"
5757.7277814838635,227640,3529,1,"1"
5770.5163345960364,227635,3534,1,"1"
5798.4308642168571,227617,3552,1,"1"
5806.2224530920803,227599,3570,1,"1"
5814.152883857806,227581,3588,1,"1"
5832.072111154238,227563,3606,1,"1"
5848.4959847082355,227545,3624,1,"1"
5850.2208019577238,227501,3668,4,"3-1"
5852.062179484602,227483,3686,1,"1"
5855.9287284006277,227478,3691,1,"1"
5869.8828781357261,227460,3709,1,"1"
5893.6615031095071,227442,3727,1,"1"
5910.6216685252421,227418,3751,2,"2"
5912.7811681740677,227408,3761,1,"1"
5912.924744667017,227401,3768,1,"1"
5922.6889985571661,227396,3773,1,"1"
5934.6209155876868,227378,3791,1,"1"
5934.9413280241215,227342,3827,2,"2"
5939.1724045428691,227324,3845,1,"1"
5964.7210704480985,227310,3859,1,"1"
5970.2446267257319,227274,3895,2,"2"
5975.7925924714255,227256,3913,1,"1"
6030.7584103395257,227238,3931,1,"1"
6031.9263537570714,227220,3949,1,"1"
6033.5747992388779,227215,3954,1,"1"
6047.964109628967,227197,3972,1,"1"
6056.8401072572187,227182,3987,3,"2-1"
6061.4675512511212,227152,4017,6,"5-1"
6064.0300359550147,227134,4035,1,"1"
6066.5404879463467,227127,4042,1,"1"
6081.9434662429767,227117,4052,1,"1"
6114.562390705295,227109,4060,2,"2"
6121.5527595862723,227091,4078,1,"1"
6122.2214617455948,227073,4096,1,"1"
6164.3638497586207,227055,4114,1,"1"
6168.209413110063,227037,4132,1,"1"
6180.027626225542,227020,4149,1,"1"
6198.3538660686409,227002,4167,1,"1"
6210.3679627365609,226993,4176,1,"1"
6212.5381159474828,226975,4194,1,"1"
6215.6746957323739,226957,4212,1,"1"
6216.056736525562,226952,4217,1,"1"
6244.7937153607836,226942,4227,2,"2"
6246.9433395187334,226919,4250,2,"1-1"
6254.3251941246226,226899,4270,4,"3-1"
6255.7647627416791,226885,4284,2,"2"
6262.4931225415621,226867,4302,1,"1"
6273.1419265792665,226860,4309,1,"1"
6290.8983691462026,226847,4322,1,"1"
6304.3651739358893,226829,4340,1,"1"
6309.3662270217483,226814,4355,3,"3"
6317.7846421812246,226795,4374,3,"2-1"
6343.7732131856474,226777,4392,1,"1"
6350.1273732406698,226759,4410,1,"1"
6350.7649300642943,226745,4424,1,"1"
6383.0929682988462,226728,4441,1,"1"
6391.7261868812357,226725,4444,1,"1"
6412.9111996125839,226718,4451,1,"1"
6417.7600299007827,226700,4469,1,"1"
6425.6692187027184,226682,4487,1,"1"
6438.8217135397872,226669,4500,1,"1"
6472.0029100559213,226651,4518,1,"1"
6476.8032952520134,226620,4549,5,"4-1"
6479.2461070890777,226602,4567,1,"1"
6494.0873883636123,226589,4580,1,"1"
6510.2478833045725,226533,4636,5,"4-1"
6510.9631902585834,226524,4645,1,"1"
6516.8084024509908,226506,4663,1,"1"
6555.8114318401567,226497,4672,1,"1"
6557.6142615853523,226479,4690,1,"1"
6562.4145287064275,226461,4708,1,"1"
6562.4819958065927,226443,4726,1,"1"
6567.776031607862,226425,4744,1,"1"
6575.968916316293,226413,4756,1,"1"
6578.6546306169848,226393,4776,4,"2-2"
6585.3247919692494,226388,4781,1,"1"
6589.8413582230687,226370,4799,1,"1"
6610.2354197713703,226356,4813,1,"1"
6613.1941318188337,226346,4823,1,"1"
6632.2423907080101,226328,4841,1,"1"
6643.9162697919264,226292,4877,2,"2"
6645.3461797600903,226250,4919,3,"2-1"
6647.23737364302,226232,4937,1,"1"
6648.6650786407999,226214,4955,1,"1"
6649.4990452392522,226202,4967,1,"1"
6651.028809375799,226189,4980,1,"1"
6679.8760843118016,226179,4990,1,"1"
6687.2546704112228,226170,4999,1,"1"
6689.6602488327426,226145,5024,3,"1-1-1"
6695.7351304879458,226134,5035,1,"1"
6727.712421125414,226124,5045,1,"1"
6728.0622115447904,226114,5055,1,"1"
6743.8582205799758,226109,5060,1,"1"
6747.8633888123659,226091,5078,1,"1"
6756.099121701508,226086,5083,1,"1"
6762.6445758984455,226066,5103,2,"2"
6764.7975125175817,226030,5139,2,"2"
6767.1168564088157,226020,5149,1,"1"
6775.7220851727016,226002,5167,1,"1"
6780.17960268564,225984,5185,1,"1"
6783.400822726875,225958,5211,2,"2"
6796.4730909693562,225940,5229,1,"1"
6799.9806422245565,225915,5254,3,"2-1"
6826.6138986932547,225897,5272,1,"1"
6835.4416263944568,225879,5290,1,"1"
6847.2041164661905,225865,5304,1,"1"
6866.1714059654141,225835,5334,2,"2"
6869.7661185113311,225817,5352,1,"1"
6872.1633807122535,225799,5370,1,"1"
6887.6016144266787,225781,5388,1,"1"
6891.647562853309,225763,5406,1,"1"
6892.6181637630216,225758,5411,1,"1"
6895.7454470862122,225737,5432,5,"2-2-1"
6907.4866051845438,225729,5440,2,"2"
6909.0669739163222,225637,5532,10,"3-2-2-1-1-1"
6932.5909045772651,225619,5550,1,"1"
6934.0063553858217,225601,5568,1,"1"
6960.4302878335866,225583,5586,1,"1"
6979.5542194750969,225565,5604,1,"1"
6989.5396778763425,225551,5618,1,"1"
6990.4911370118443,225533,5636,1,"1"
6999.8246577722584,225515,5654,1,"1"
6999.9600304404275,225501,5668,1,"1"
7012.6461364055413,225496,5673,1,"1"
7022.1305404091927,225478,5691,1,"1"
7025.9550738967346,225469,5700,1,"1"
7053.2807685645703,225449,5720,2,"1-1"
7062.5136553526772,225431,5738,1,"1"
7067.4985652703626,225413,5756,1,"1"
7069.2823811139724,225377,5792,2,"2"
7082.7692358379991,225357,5812,2,"2"
7128.0563610078216,225348,5821,1,"1"
7137.1657679128157,225339,5830,1,"1"
7139.7120793316608,225314,5855,5,"4-1"
7187.5930054742676,225296,5873,1,"1"
7198.9908861401682,225278,5891,1,"1"
7199.2354326159839,225214,5955,6,"4-1-1"
7214.6209727001778,225196,5973,1,"1"
7232.9380213379673,225185,5984,1,"1"
7240.5540157637088,225127,6042,6,"6"
7249.6562789377567,225117,6052,1,"1"
7253.2613176388331,225099,6070,1,"1"
7260.0747809968689,225081,6088,1,"1"
7266.8983888040839,225068,6101,1,"1"
7287.4469541935778,225050,6119,1,"1"
7292.7850622950036,225043,6126,1,"1"
7295.4278077295876,225025,6144,1,"1"
7295.5932739903737,225007,6162,1,"1"
7298.5350948685764,225002,6167,1,"1"
7309.3606667485319,224984,6185,1,"1"
7334.6462504412875,224948,6221,2,"1-1"
7343.1189337977248,224931,6238,1,"1"
7371.2023288960654,224913,6256,1,"1"
7377.5232672126513,224877,6292,2,"1-1"
7383.4438413106145,224859,6310,1,"1"
7392.9586795824971,224854,6315,1,"1"
7413.523857275366,224836,6333,1,"1"
7426.0372723240971,224809,6360,5,"2-2-1"
7428.3231748651524,224791,6378,1,"1"
7430.1450113103556,224773,6396,1,"1"
7437.0677547255882,224755,6414,1,"1"
7450.0453995473081,224733,6436,2,"2"
7466.6457650622187,224715,6454,1,"1"
7477.5192688680581,224705,6464,1,"1"
7484.3334566848835,224695,6474,1,"1"
7537.5957801780814,224690,6479,1,"1"
7538.2843682028897,224644,6525,6,"3-2-1"
7552.019670134554,224639,6530,1,"1"
7594.9553462409604,224621,6548,1,"1"
7600.9682159534696,224424,6745,27,"5-3-3-2-2-2-2-1-1-1-1-1-1-1-1"
7615.4524225931436,224414,6755,1,"1"
7620.0676585803049,224396,6773,1,"1"
7625.9837782806089,224378,6791,1,"1"
7630.6683552113245,224360,6809,1,"1"
7633.8950487676693,224341,6828,3,"3"
7644.5295993629452,224214,6955,15,"4-4-2-2-1-1-1"
7646.2309393168553,224194,6975,2,"1-1"
7661.1239975276076,224176,6993,1,"1"
7674.2295936814671,224158,7011,1,"1"
7705.4109613791288,224137,7032,3,"3"
7706.679155499537,224119,7050,1,"1"
7712.2319095828771,224101,7068,1,"1"
7721.389755705316,224079,7090,2,"1-1"
7721.5712024146496,224066,7103,1,"1"
7722.881998552909,224048,7121,1,"1"
7745.8705294188612,224030,7139,1,"1"
7750.6068110455262,224012,7157,1,"1"
7772.8301665871986,223994,7175,1,"1"
7776.7711554447378,223972,7197,2,"2"
7780.0353313015812,223954,7215,1,"1"
7784.780099875039,223936,7233,1,"1"
7786.2966268136988,223926,7243,2,"1-1"
7789.521273371085,223895,7274,2,"2"
7792.2388784463956,223877,7292,1,"1"
7792.8541678030197,223859,7310,1,"1"
7799.2539915494981,223841,7328,1,"1"
7817.0802001260317,223823,7346,1,"1"
7818.6023277973054,223805,7364,1,"1"
7855.0508650273632,223781,7388,2,"2"
7855.3090747737215,223763,7406,1,"1"
7865.8094699272415,223727,7442,2,"1-1"
7870.0951743116575,223718,7451,1,"1"
7871.0409075964899,223664,7505,4,"4"
7880.516439540831,223650,7519,1,"1"
7881.0734037052016,223641,7528,1,"1"
7892.3894252981909,223628,7541,1,"1"
7894.9844053495599,223612,7557,2,"1-1"
7896.9533372929718,223594,7575,1,"1"
7899.3480347750883,223576,7593,1,"1"
7916.7100502473095,223549,7620,3,"3"
7927.1231213093051,223544,7625,1,"1"
7928.1811718011259,223535,7634,1,"1"
7932.5039261865722,223517,7652,1,"1"
7932.7299422277993,223499,7670,1,"1"
7936.3466996831112,223494,7675,1,"1"
7946.9201910077372,223476,7693,1,"1"
7968.062233460364,223458,7711,1,"1"
7974.8831847400279,223448,7721,1,"1"
7985.6385568777723,223421,7748,3,"3"
8013.893521055551,223385,7784,2,"2"
8021.1692634574511,223367,7802,1,"1"
8027.9167495190986,223349,7820,1,"1"
8029.0026664759707,223293,7876,4,"3-1"
8037.5882067391694,223275,7894,1,"1"
8037.9193730554271,223257,7912,1,"1"
8047.8096565612977,223239,7930,2,"1-1"
8050.5465391560674,223228,7941,1,"1"
8069.0698444081781,223210,7959,1,"1"
8073.694668533004,223203,7966,1,"1"
8083.8554577392561,223185,7984,1,"1"
8096.2128408966191,223172,7997,1,"1"
8119.488554672741,223140,8029,2,"1-1"
8121.0158374751645,223131,8038,1,"1"
8125.0497254647862,223121,8048,1,"1"
8130.8977773752031,223103,8066,1,"1"
8139.6868046781392,223098,8071,1,"1"
8146.9591302640965,223076,8093,2,"2"
8150.2278485326551,223063,8106,1,"1"
8168.790131008981,223045,8124,1,"1"
8173.8759327990956,223035,8134,1,"1"
8176.0054532536033,223025,8144,1,"1"
8186.8159888078599,223007,8162,1,"1"
8196.9209133617824,222921,8248,6,"3-2-1"
8201.0175735330995,222903,8266,1,"1"
8208.4127820500398,222885,8284,1,"1"
8212.5598785183684,222875,8294,1,"1"
8220.3051845461869,222857,8312,1,"1"
8240.3454508650011,222839,8330,1,"1"
8243.9478810544497,222821,8348,1,"1"
8261.5964528005206,222811,8358,1,"1"
8266.8686773420432,222793,8376,1,"1"
8270.2265013245687,222757,8412,2,"2"
8272.816750579992,222739,8430,1,"1"
8275.7539891346605,222721,8448,1,"1"
8279.6668427750155,222690,8479,3,"3"
8306.1282083091191,222676,8493,1,"1"
8313.672771913476,222663,8506,1,"1"
8317.9068585365731,222645,8524,1,"1"
8338.3928708724907,222310,8859,34,"7-6-4-4-2-2-1-1-1-1-1-1-1-1-1"
8346.5477797922904,222292,8877,1,"1"
8369.7136061683286,222274,8895,1,"1"
8372.593512049014,222256,8913,1,"1"
8377.8058670317587,222238,8931,1,"1"
8379.5697988483062,222223,8946,1,"1"
8384.698546716907,222213,8956,1,"1"
8399.3950759174477,222195,8974,1,"1"
8401.6861460164746,222185,8984,1,"1"
8404.7023597129719,222149,9020,2,"2"
8411.1399956213736,222131,9038,1,"1"
8412.4526690905022,222113,9056,1,"1"
8417.3993621665195,222059,9110,3,"2-1"
8418.6849638544663,222027,9142,2,"2"
8419.7601381729237,222009,9160,1,"1"
8436.4669721030241,221991,9178,1,"1"
8437.5523600312663,221973,9196,1,"1"
8449.511314878735,221955,9214,1,"1"
8465.8051157955761,221925,9244,3,"3"
8481.2105868616982,221883,9286,3,"3"
8493.4277465958166,221865,9304,2,"2"
8508.6953046981162,221856,9313,1,"1"
8509.85485334656,221802,9367,3,"3"
8530.4876889789684,221784,9385,1,"1"
8533.7346479165753,221730,9439,6,"2-2-1-1"
8535.2583241608736,221712,9457,1,"1"
8566.3048882954499,221694,9475,1,"1"
8570.1747103453599,221684,9485,1,"1"
8576.7679814633375,221656,9513,2,"1-1"
8585.1097532880394,221638,9531,1,"1"
8599.5663553167342,221566,9603,5,"2-2-1"
8600.7301624995198,221534,9635,2,"2"
8630.0285443226403,221523,9646,1,"1"
8648.1588383371236,221505,9664,1,"1"
8657.0626010051164,221487,9682,1,"1"
8669.0133353322544,221469,9700,1,"1"
8701.4197396784857,221451,9718,1,"1"
8714.1863052553399,221410,9759,5,"4-1"
8727.4848205432154,221392,9777,1,"1"
8783.9899394452586,221374,9795,1,"1"
8804.628077249261,221338,9831,2,"2"
8809.160935108639,221302,9867,2,"1-1"
8814.9446699425607,221284,9885,1,"1"
8829.9762302546751,221254,9915,4,"2-1-1"
8831.1327158598178,221236,9933,1,"1"
8832.1259523558347,221227,9942,1,"1"
8835.5722395713619,221217,9952,1,"1"
8852.7629325719645,221199,9970,1,"1"
8863.6280426326048,221173,9996,2,"2"
8875.3608970138703,221135,10034,3,"2-1"
8878.2912838078792,221126,10043,1,"1"
8911.4082518535542,221108,10061,1,"1"
8917.7668967020272,221090,10079,1,"1"
8925.5482303337249,221050,10119,4,"4"
8932.2969214142777,221036,10133,2,"2"
8933.2709318855686,221018,10151,1,"1"
8937.3233422461326,221000,10169,1,"1"
8937.4020589613792,220982,10187,1,"1"
8953.9948180117226,220934,10235,4,"2-1-1"
9011.1109598032417,220914,10255,2,"1-1"
9024.5911969908193,220896,10273,1,"1"
9029.3189292772313,220860,10309,2,"2"
9031.1077431723024,220832,10337,2,"2"
9036.9416825025201,220815,10354,1,"1"
9041.2641414755199,220749,10420,4,"1-1-1-1"
9061.0590761997737,220731,10438,1,"1"
9061.0698387540961,220713,10456,1,"1"
9061.6064905536332,220645,10524,4,"3-1"
9082.9434728943434,220623,10546,2,"1-1"
9086.8658376423027,220570,10599,5,"4-1"
9110.6511391995537,220534,10635,2,"1-1"
9111.3580138247144,220516,10653,1,"1"
9112.3987009303091,220503,10666,1,"1"
9116.15101296592,220455,10714,4,"2-2"
9127.2438053044043,220443,10726,1,"1"
9134.271345971023,220425,10744,1,"1"
9140.4765930861813,220352,10817,7,"2-2-1-1-1"
9143.508497050012,220304,10865,6,"3-2-1"
9145.4054390898291,220286,10883,1,"1"
9149.0070249631954,220250,10919,2,"2"
9155.5983733819103,220191,10978,5,"4-1"
9169.4153559848455,220181,10988,1,"1"
9173.3960345665801,220164,11005,1,"1"
9183.4318875878998,220134,11035,2,"2"
9189.5854985748538,220107,11062,2,"1-1"
9193.1215057504887,220089,11080,1,"1"
9219.1700844452334,220078,11091,1,"1"
9231.29612558382,220064,11105,1,"1"
9239.0357157635535,219994,11175,6,"6"
9253.875285646056,219968,11201,2,"2"
9262.1908631190017,219963,11206,1,"1"
9267.4708576939302,219945,11224,1,"1"
9269.8425647974582,219931,11238,1,"1"
9275.9022748599145,219714,11455,22,"5-5-2-2-2-1-1-1-1-1-1"
9285.5301643940002,219696,11473,1,"1"
9293.563949983487,219660,11509,2,"1-1"
9295.2292544042084,219642,11527,1,"1"
9303.2659341484687,219624,11545,1,"1"
9305.9237122248032,219600,11569,2,"2"
9322.0178013421119,219574,11595,2,"2"
9333.0871987272476,219556,11613,1,"1"
9333.5599268918977,219543,11626,1,"1"
9346.158957395739,219530,11639,1,"1"
9346.3897060150375,219521,11648,1,"1"
9363.0921216912611,219419,11750,8,"5-2-1"
9367.9086985645026,219399,11770,2,"1-1"
9374.8285548343119,218996,12173,35,"7-4-3-3-2-2-2-2-1-1-1-1-1-1-1-1-1-1"
9383.0777502324054,218978,12191,1,"1"
9405.941708771159,218928,12241,3,"2-1"
9406.4369007267396,218902,12267,2,"1-1"
9409.0057897818515,218888,12281,1,"1"
9412.9097540761595,218836,12333,4,"3-1"
9423.2422396215552,218805,12364,3,"2-1"
9439.0119490324232,218787,12382,1,"1"
9443.0811310034915,218769,12400,1,"1"
9447.5680704200149,218754,12415,1,"1"
9450.5102243420279,218674,12495,5,"2-1-1-1"
9462.3177274499667,218661,12508,1,"1"
9475.8580948492418,218643,12526,1,"1"
9488.7475078248081,218625,12544,1,"1"
9489.0558698358436,218589,12580,2,"2"
9503.8358672351496,218579,12590,1,"1"
9504.0242586521963,218555,12614,2,"1-1"
9530.0877170632994,218537,12632,1,"1"
9534.165601966497,218519,12650,1,"1"
9554.9404316702639,218501,12668,1,"1"
9567.06614988607,218459,12710,3,"2-1"
9574.7404630705641,218441,12728,1,"1"
9579.3672701941287,218430,12739,1,"1"
9600.8765032385581,218394,12775,2,"2"
9602.411574910735,218376,12793,1,"1"
9609.9726909017518,218322,12847,4,"3-1"
9618.211107164414,218304,12865,1,"1"
9629.6680119149332,218286,12883,1,"1"
9642.0378589416905,218270,12899,1,"1"
9646.0730373374427,218238,12931,2,"2"
9669.6982681428108,218208,12961,2,"2"
9676.2937399558523,218190,12979,1,"1"
9678.4735674240292,218172,12997,1,"1"
9679.411396601723,218159,13010,1,"1"
9696.7138192868169,218141,13028,1,"1"
9697.1746381413104,218105,13064,2,"1-1"
9703.817986180391,218098,13071,1,"1"
9712.8552183427491,218080,13089,1,"1"
9712.9219364510209,218006,13163,6,"3-2-1"
9717.5351160011523,217940,13229,5,"3-1-1"
9726.0616843166335,217854,13315,7,"5-1-1"
9747.5751287883522,217836,13333,1,"1"
9766.0013478407654,217804,13365,3,"2-1"
9776.3659277228671,217790,13379,1,"1"
9778.4710034860254,217778,13391,1,"1"
9782.3535757812515,217760,13409,1,"1"
9783.6889980005471,217628,13541,10,"4-2-2-1-1"
9824.9361505280885,0,231169,12264,"12264"
