f,num_active_particles,num_deleted_particles,total_deleted_rods,avalanche_sizes
0,229614,0,0,"0"
240.21926694887381,229613,1,1,"1"
334.73612715346309,229595,19,1,"1"
367.93895844249937,229594,20,1,"1"
423.14103641820708,229593,21,1,"1"
443.48148516676264,229592,22,1,"1"
450.22049192578658,229591,23,1,"1"
463.23152381068974,229590,24,1,"1"
477.72064962038615,229589,25,1,"1"
503.48858197261444,229588,26,1,"1"
527.38817036079217,229587,27,1,"1"
548.53607619319212,229586,28,1,"1"
559.52564520917713,229585,29,1,"1"
580.07858374292925,229567,47,1,"1"
607.2540549044304,229549,65,1,"1"
610.4188987857948,229548,66,1,"1"
614.29782167920484,229547,67,1,"1"
634.5475047393453,229546,68,1,"1"
635.42811756862966,229544,70,2,"2"
652.21135725513795,229542,72,2,"2"
655.90223496265878,229541,73,1,"1"
667.79426806455251,229523,91,1,"1"
676.18891021391062,229509,105,1,"1"
704.67084627434247,229508,106,1,"1"
707.51473887007296,229507,107,1,"1"
728.22838456378349,229505,109,2,"2"
776.93181323168346,229504,110,1,"1"
835.40053349090067,229502,112,2,"1-1"
839.85666832617426,229492,122,1,"1"
844.16806974734175,229491,123,1,"1"
854.38090893258322,229488,126,3,"2-1"
871.22457578482624,229474,140,1,"1"
893.83821099462295,229473,141,1,"1"
898.65173602520747,229470,144,1,"1"
903.32255319508954,229469,145,1,"1"
905.28477806796752,229468,146,1,"1"
933.32140960505728,229450,164,1,"1"
934.81070722096183,229449,165,1,"1"
941.25142567189732,229431,183,1,"1"
1002.1221778127847,229430,184,1,"1"
1043.8298233174664,229429,185,1,"1"
1045.6329762383998,229419,195,1,"1"
1064.5761756554889,229418,196,1,"1"
1075.9786839826975,229417,197,1,"1"
1078.3034637048002,229416,198,1,"1"
1104.6349171845775,229415,199,1,"1"
1118.9034323052504,229413,201,2,"2"
1168.8992497177123,229411,203,2,"2"
1181.033531139512,229410,204,1,"1"
1184.6558427841342,229409,205,1,"1"
1186.324862521941,229399,215,1,"1"
1198.0433367042722,229397,217,2,"2"
1203.8900384052292,229392,222,1,"1"
1207.3454838231489,229391,223,1,"1"
1212.0700886311174,229390,224,1,"1"
1230.1295518434092,229384,230,2,"2"
1243.297119531562,229383,231,1,"1"
1269.9474199700987,229382,232,1,"1"
1290.9984926803368,229381,233,1,"1"
1309.5029827373496,229378,236,1,"1"
1328.6425769441018,229360,254,1,"1"
1334.858730990936,229359,255,1,"1"
1359.4582636207267,229341,273,1,"1"
1381.1734986424697,229331,283,1,"1"
1403.5417215224081,229321,293,1,"1"
1408.7174059172157,229316,298,1,"1"
1413.09968316298,229311,303,3,"2-1"
1442.1243160630088,229310,304,1,"1"
1455.77387051958,229306,308,4,"2-2"
1457.7117614751769,229305,309,1,"1"
1478.2789370732532,229304,310,1,"1"
1489.9241945144872,229302,312,2,"2"
1505.0279739919342,229301,313,1,"1"
1509.1743392207436,229299,315,2,"2"
1511.9520034880773,229298,316,1,"1"
1514.1353077094352,229297,317,1,"1"
1519.8791742675205,229279,335,1,"1"
1526.6652559088222,229261,353,1,"1"
1536.5037850392641,229243,371,1,"1"
1545.47230905369,229241,373,2,"2"
1579.1761837662564,229240,374,1,"1"
1582.4537424301668,229236,378,4,"4"
1584.8198122055614,229224,390,1,"1"
1627.5867653877478,229223,391,1,"1"
1639.7834729001866,229209,405,1,"1"
1643.4973307579712,229208,406,1,"1"
1644.0757074756432,229207,407,1,"1"
1652.6215507046459,229206,408,1,"1"
1662.7838432079618,229196,418,1,"1"
1691.5063142673191,229192,422,2,"2"
1703.7663805283141,229190,424,2,"2"
1704.7008275405492,229189,425,1,"1"
1712.9822926704824,229185,429,2,"1-1"
1714.2454168214877,229183,431,2,"2"
1717.7922800157201,229165,449,1,"1"
1723.3437822358906,229162,452,1,"1"
1747.6674146302723,229161,453,1,"1"
1755.6364814877418,229143,471,1,"1"
1756.8036043714274,229141,473,2,"2"
1757.3347378417068,229140,474,1,"1"
1765.3736338541032,229122,492,1,"1"
1779.6695627380036,229115,499,1,"1"
1783.9857961880855,229097,517,1,"1"
1808.8221120474589,229095,519,2,"1-1"
1816.8302573479255,229094,520,1,"1"
1827.8478890572753,229093,521,1,"1"
1835.2558149135261,229091,523,2,"2"
1840.4271420185348,229077,537,1,"1"
1841.6925782298481,229076,538,1,"1"
1845.143055624053,229058,556,1,"1"
1852.0958124215597,229057,557,1,"1"
1883.9307041722284,229056,558,1,"1"
1888.4213593072491,229055,559,1,"1"
1899.1009350844811,229051,563,4,"3-1"
1900.7056011635059,229050,564,1,"1"
1901.5177257235227,229049,565,1,"1"
1907.0858547118489,229047,567,2,"2"
1916.1904173754469,229044,570,1,"1"
1934.5010171612676,229042,572,2,"2"
1938.7867048856235,229041,573,1,"1"
1944.6577082270067,229027,587,1,"1"
1947.5898568947323,229026,588,1,"1"
1952.5432463074542,229025,589,1,"1"
1956.6386837236523,229024,590,1,"1"
1961.6425534541811,229020,594,4,"4"
1969.926768950628,229018,596,2,"2"
1978.3014854111734,229015,599,3,"3"
1978.9607097410917,229014,600,1,"1"
1982.6729810599386,229013,601,1,"1"
2005.6304732061567,229012,602,1,"1"
2018.6660060775494,229009,605,3,"2-1"
2020.9450062997932,228991,623,1,"1"
2033.7729504734082,228973,641,1,"1"
2044.6785005522695,228972,642,1,"1"
2072.1357212825728,228954,660,1,"1"
2098.5531134070984,228951,663,3,"3"
2102.0070196264865,228950,664,1,"1"
2103.796821932699,228949,665,1,"1"
2132.164265461749,228946,668,1,"1"
2143.9833332900034,228945,669,1,"1"
2144.5624056240981,228927,687,1,"1"
2146.5468520608788,228923,691,4,"4"
2158.0234907002882,228922,692,1,"1"
2170.1458874162004,228921,693,1,"1"
2188.435589326079,228912,702,1,"1"
2202.309812727869,228894,720,1,"1"
2210.241302814848,228893,721,1,"1"
2230.2188282504057,228875,739,1,"1"
2234.0251851778689,228854,760,5,"5"
2235.5199918335047,228836,778,1,"1"
2244.9323606699118,228835,779,1,"1"
2316.8218114640258,228828,786,1,"1"
2358.0228548272639,228827,787,1,"1"
2359.8619976214386,228822,792,1,"1"
2369.9815965956127,228816,798,2,"2"
2400.1427694211138,228813,801,1,"1"
2400.7177821724431,228808,806,1,"1"
2403.1422976172503,228807,807,1,"1"
2439.5195640738102,228797,817,1,"1"
2451.0175678787182,228792,822,1,"1"
2468.1032194314939,228774,840,1,"1"
2469.5583768579304,228756,858,1,"1"
2475.9801274305314,228755,859,1,"1"
2488.5350868121277,228737,877,1,"1"
2530.1857506506567,228719,895,1,"1"
2535.6167176518916,228711,903,8,"3-2-2-1"
2540.6761987625368,228710,904,1,"1"
2550.6985251563119,228707,907,1,"1"
2554.1986076038397,228703,911,2,"2"
2563.8303453921253,228700,914,1,"1"
2574.439902154194,228695,919,1,"1"
2593.964593680606,228694,920,1,"1"
2638.8610065609078,228676,938,1,"1"
2653.7686494063632,228675,939,1,"1"
2701.9392599607331,228674,940,1,"1"
2713.6900663880847,228656,958,1,"1"
2719.5139869739428,228647,967,5,"1-1-1-1-1"
2738.3111531199224,228642,972,1,"1"
2751.4661912689362,228641,973,1,"1"
2756.0554700397474,228640,974,1,"1"
2804.3707299465555,228639,975,1,"1"
2823.8486223660275,228621,993,1,"1"
2831.507524455651,228620,994,1,"1"
2844.5884726238983,228602,1012,1,"1"
2879.4357578211798,228601,1013,1,"1"
2899.7901698586161,228583,1031,1,"1"
2916.1738882782497,228565,1049,1,"1"
2956.530824683683,228553,1061,1,"1"
2972.9974797638392,228552,1062,1,"1"
2973.2801250587313,228525,1089,3,"2-1"
2980.2099470668386,228524,1090,1,"1"
2995.4972137217219,228515,1099,1,"1"
3003.764409905109,228505,1109,1,"1"
3008.2922374071691,228487,1127,1,"1"
3028.6013735458,228484,1130,1,"1"
3046.4941292215817,228466,1148,1,"1"
3072.123777014599,228456,1158,1,"1"
3079.9426556514381,228453,1161,1,"1"
3098.4133089750994,228435,1179,1,"1"
3130.3970027893697,228417,1197,4,"4"
3140.5188032493957,228403,1211,1,"1"
3145.7025961418826,228385,1229,1,"1"
3150.5389883168264,228382,1232,1,"1"
3154.1158631485791,228364,1250,1,"1"
3172.6521116377057,228346,1268,1,"1"
3180.2110040033299,228340,1274,2,"2"
3192.6235429750959,228330,1284,1,"1"
3228.0391195556399,228312,1302,1,"1"
3240.9615641161768,228294,1320,1,"1"
3247.186373241972,228276,1338,1,"1"
3279.2641053905977,228258,1356,1,"1"
3382.7649006932725,228240,1374,1,"1"
3382.9705104936875,228222,1392,1,"1"
3385.131229976148,228221,1393,1,"1"
3395.2468504468161,228218,1396,1,"1"
3434.4760192257654,228200,1414,1,"1"
3438.1125943118113,228190,1424,1,"1"
3487.1546622992901,228180,1434,2,"2"
3499.1277060149746,228175,1439,1,"1"
3509.480552379172,228157,1457,1,"1"
3509.4835665451183,228154,1460,1,"1"
3556.1283770344735,228153,1461,1,"1"
3574.313775195626,228135,1479,1,"1"
3577.4704897537613,228130,1484,1,"1"
3593.1021437739641,228112,1502,1,"1"
3608.319787542579,228094,1520,1,"1"
3616.713110229146,228076,1538,1,"1"
3634.8450717936967,228058,1556,1,"1"
3643.9364848454788,228040,1574,1,"1"
3683.2358016814492,228037,1577,1,"1"
3683.3140419164533,228034,1580,1,"1"
3693.1189438887368,228024,1590,2,"2"
3731.91220481756,228006,1608,1,"1"
3737.3244173535613,228005,1609,1,"1"
3739.2982241392601,227987,1627,1,"1"
3760.3727734386835,227969,1645,1,"1"
3765.0201659918889,227968,1646,1,"1"
3786.6594805108257,227959,1655,1,"1"
3857.9190171854289,227954,1660,1,"1"
3883.811974992816,227945,1669,1,"1"
3914.3377407803,227927,1687,1,"1"
3914.9378466438498,227917,1697,1,"1"
3916.0942871350971,227914,1700,1,"1"
3922.6462824543351,227911,1703,1,"1"
3933.5862329058209,227889,1725,2,"2"
3945.9525115365136,227871,1743,1,"1"
3947.727597156671,227853,1761,1,"1"
3969.5764472276073,227833,1781,2,"2"
3971.379853391536,227815,1799,1,"1"
3985.1705355275353,227797,1817,1,"1"
4031.8460126057139,227779,1835,1,"1"
4044.0381954837485,227774,1840,1,"1"
4067.3979976560699,227771,1843,1,"1"
4093.9189130030118,227759,1855,1,"1"
4099.0998804440342,227745,1869,2,"2"
4109.5968863352273,227740,1874,1,"1"
4116.2625464413186,227730,1884,1,"1"
4119.9012354984843,227712,1902,1,"1"
4127.7034368072782,227694,1920,1,"1"
4135.9955657763276,227681,1933,3,"3"
4157.9564888152163,227663,1951,1,"1"
4165.3017623284813,227658,1956,1,"1"
4167.5396561760199,227640,1974,1,"1"
4170.0795227354856,227622,1992,1,"1"
4225.6617738690011,227617,1997,1,"1"
4231.1238348904826,227595,2019,4,"3-1"
4250.8760833969163,227577,2037,1,"1"
4257.2616495214506,227559,2055,1,"1"
4257.5869230405769,227552,2062,1,"1"
4319.6143724618641,227542,2072,1,"1"
4327.3948319339352,227524,2090,1,"1"
4341.6198375647682,227511,2103,1,"1"
4342.5807624689305,227487,2127,2,"2"
4365.055946606647,227469,2145,1,"1"
4413.7603518362639,227459,2155,1,"1"
4415.3825195143345,227441,2173,1,"1"
4427.9636707861728,227429,2185,2,"2"
4462.2169028001244,227413,2201,1,"1"
4462.7453153903725,227391,2223,2,"1-1"
4469.9623743928478,227373,2241,1,"1"
4477.6550896335202,227368,2246,1,"1"
4484.4753827614759,227359,2255,1,"1"
4518.4580448534807,227341,2273,1,"1"
4519.3467558664715,227338,2276,1,"1"
4526.6370115623686,227328,2286,2,"1-1"
4534.8030420187361,227323,2291,1,"1"
4548.7588395878784,227318,2296,1,"1"
4574.2580490188402,227315,2299,1,"1"
4586.6297319038395,227305,2309,1,"1"
4610.4803153779612,227287,2327,1,"1"
4614.7420249268544,227269,2345,1,"1"
4618.7926098747485,227251,2363,1,"1"
4625.0557725453837,227233,2381,1,"1"
4637.2231634654427,227223,2391,1,"1"
4638.8012583710688,227216,2398,1,"1"
4645.5505670762204,227202,2412,1,"1"
4660.1431031997763,227188,2426,2,"2"
4667.168280222405,227170,2444,1,"1"
4682.5577527247988,227158,2456,1,"1"
4690.1793093107844,227153,2461,1,"1"
4692.7373856904451,227143,2471,1,"1"
4715.5219451012827,227125,2489,1,"1"
4720.2311895973471,227107,2507,1,"1"
4729.162587315468,227093,2521,1,"1"
4738.0906194181343,227075,2539,1,"1"
4741.98055891473,227060,2554,3,"2-1"
4764.6186017955706,227050,2564,1,"1"
4841.5013390292606,227032,2582,1,"1"
4842.4920488577818,227029,2585,1,"1"
4847.6840704014603,227023,2591,2,"1-1"
4856.9540809878727,227018,2596,1,"1"
4859.7105778923869,227008,2606,2,"2"
4874.2168446181204,226998,2616,1,"1"
4916.3243628949358,226980,2634,1,"1"
4917.2122912739533,226966,2648,2,"2"
4953.9242998407099,226948,2666,1,"1"
4972.7872891142088,226941,2673,1,"1"
4979.8438292087449,226923,2691,1,"1"
4980.1246066140347,226918,2696,1,"1"
4983.8576491529766,226904,2710,2,"2"
4984.6672771051562,226901,2713,1,"1"
4995.7392302076487,226887,2727,1,"1"
5008.6425471508301,226882,2732,1,"1"
5018.8957461225573,226877,2737,1,"1"
5041.045670130361,226859,2755,1,"1"
5041.556133487753,226854,2760,1,"1"
5043.885322234024,226844,2770,2,"1-1"
5061.2383182625372,226826,2788,1,"1"
5073.5612421851192,226816,2798,1,"1"
5075.8897043742918,226798,2816,1,"1"
5080.1125522869334,226793,2821,1,"1"
5082.8765120601038,226788,2826,1,"1"
5118.771925357999,226770,2844,1,"1"
5124.6822294599833,226763,2851,1,"1"
5134.5458652756088,226750,2864,1,"1"
5156.2899806780961,226732,2882,1,"1"
5177.4614064686402,226726,2888,2,"2"
5182.5776828807329,226708,2906,1,"1"
5190.8311072885281,226698,2916,1,"1"
5195.3781414417354,226691,2923,1,"1"
5213.9710981620838,226688,2926,1,"1"
5231.9211593728896,226670,2944,1,"1"
5233.636975781219,226652,2962,1,"1"
5256.8821068942698,226638,2976,1,"1"
5262.6964698986121,226633,2981,1,"1"
5272.2358817284676,226630,2984,1,"1"
5276.2246822313964,226612,3002,1,"1"
5317.5969878553451,226607,3007,1,"1"
5326.7054288411655,226578,3036,5,"4-1"
5330.3159367594853,226560,3054,1,"1"
5348.0586039981345,226542,3072,1,"1"
5388.1119506329469,226524,3090,1,"1"
5391.3258658711638,226514,3100,1,"1"
5422.0719881167461,226496,3118,1,"1"
5442.4091437489233,226488,3126,2,"2"
5445.0855068365945,226479,3135,3,"2-1"
5448.9211799353861,226461,3153,1,"1"
5456.4611529759795,226443,3171,1,"1"
5469.3996990949872,226425,3189,1,"1"
5481.160932681365,226405,3209,2,"1-1"
5493.3581614504283,226400,3214,1,"1"
5506.1285382154229,226382,3232,1,"1"
5516.751583130459,226364,3250,1,"1"
5522.8702401603305,226361,3253,1,"1"
5531.9997832098225,226343,3271,1,"1"
5539.7382804992785,226325,3289,1,"1"
5578.9359071676581,226307,3307,1,"1"
5587.7061985885057,226295,3319,4,"3-1"
5596.3706365143726,226271,3343,2,"1-1"
5602.4660992192184,226268,3346,1,"1"
5622.0455118414002,226250,3364,1,"1"
5633.655773237323,226241,3373,1,"1"
5639.6207763684306,226205,3409,2,"1-1"
5643.5927740406141,226200,3414,1,"1"
5645.6299295652861,226182,3432,1,"1"
5663.429220483371,226177,3437,1,"1"
5667.9895180997537,226168,3446,1,"1"
5689.0894903162316,226132,3482,2,"2"
5707.7231408598427,226124,3490,2,"2"
5709.6996110045266,226106,3508,1,"1"
5713.8644005860369,226100,3514,2,"2"
5718.547848521438,226058,3556,3,"3"
5734.2401745227644,226017,3597,4,"2-1-1"
5735.7145896587808,225999,3615,1,"1"
5780.1614034702607,225994,3620,1,"1"
5790.2310467387579,225976,3638,1,"1"
5793.5980897297131,225940,3674,2,"2"
5821.0279286870846,225904,3710,2,"2"
5828.3659241717278,225886,3728,1,"1"
5830.7849193346974,225874,3740,1,"1"
5838.4595463055284,225856,3758,1,"1"
5846.4550020601864,225838,3776,1,"1"
5863.7685287400236,225820,3794,1,"1"
5871.7847965105057,225802,3812,1,"1"
5884.0100812009741,225784,3830,1,"1"
5905.4050983905727,225781,3833,1,"1"
5912.9182749226729,225753,3861,2,"2"
5929.9156450155569,225731,3883,2,"2"
5935.9190613653682,225716,3898,3,"3"
5942.095398776436,225706,3908,1,"1"
5975.8078733189823,225688,3926,1,"1"
5988.1488394613216,225670,3944,2,"2"
6002.8051656944153,225647,3967,3,"2-1"
6025.5020538127746,225638,3976,1,"1"
6037.2833272101134,225620,3994,1,"1"
6039.6226821642686,225602,4012,1,"1"
6046.2372521849411,225584,4030,1,"1"
6058.8636469893527,225575,4039,1,"1"
6076.2084873591739,225557,4057,1,"1"
6085.2366781631054,225539,4075,1,"1"
6089.3588455131212,225536,4078,1,"1"
6108.9025647380331,225518,4096,1,"1"
6111.7504275186466,225500,4114,1,"1"
6112.268772700405,225464,4150,3,"3"
6114.1907427425404,225446,4168,1,"1"
6115.3882657227159,225428,4186,1,"1"
6119.792923079568,225410,4204,1,"1"
6122.9181046158146,225403,4211,1,"1"
6129.0475354638638,225365,4249,3,"1-1-1"
6130.5511959280402,225358,4256,1,"1"
6131.9137120619189,225340,4274,1,"1"
6137.1633865200656,225322,4292,1,"1"
6142.0240995348413,225317,4297,1,"1"
6145.4215630445206,225299,4315,1,"1"
6196.1543920121621,225292,4322,1,"1"
6205.5988525798703,225282,4332,1,"1"
6217.7899446814145,225275,4339,1,"1"
6231.9052830955061,225257,4357,1,"1"
6236.8860028023964,225219,4395,3,"3"
6242.2469779752937,225201,4413,1,"1"
6264.5444386927657,225198,4416,1,"1"
6265.1515553890258,225180,4434,1,"1"
6287.7617269346247,225174,4440,2,"2"
6290.3603498337234,225160,4454,1,"1"
6304.9164781199534,225155,4459,1,"1"
6320.5796940907421,225148,4466,1,"1"
6328.6637234183227,225130,4484,1,"1"
6333.8145198437524,225127,4487,1,"1"
6336.1959884614089,225109,4505,1,"1"
6361.8846592386435,225104,4510,1,"1"
6376.1315489014187,225086,4528,1,"1"
6376.6108650637225,225072,4542,1,"1"
6446.3851355661345,225059,4555,3,"1-1-1"
6462.5102501731553,225054,4560,1,"1"
6477.3929789585791,225042,4572,2,"1-1"
6485.7131584618701,225037,4577,1,"1"
6493.3137981044038,225019,4595,1,"1"
6505.8643819665058,224983,4631,2,"2"
6518.6153772894104,224965,4649,1,"1"
6522.2902400343355,224947,4667,1,"1"
6527.5743832656426,224929,4685,1,"1"
6537.463118501485,224911,4703,1,"1"
6542.7769215211911,224899,4715,1,"1"
6556.0816582979432,224881,4733,1,"1"
6562.240755451664,224861,4753,4,"2-1-1"
6570.4567400172318,224851,4763,1,"1"
6595.4884568884509,224848,4766,1,"1"
6627.547156283611,224830,4784,1,"1"
6634.4108119378316,224817,4797,1,"1"
6639.6824667757583,224807,4807,1,"1"
6660.7891445602427,224789,4825,1,"1"
6670.6054703805894,224771,4843,1,"1"
6704.6307184968946,224757,4857,2,"1-1"
6727.9626671140049,224739,4875,1,"1"
6733.7393033551116,224721,4893,1,"1"
6787.1987003080467,224703,4911,1,"1"
6802.723213747704,224700,4914,1,"1"
6806.5871599465045,224682,4932,1,"1"
6863.033212291205,224664,4950,1,"1"
6873.6778866689629,224628,4986,2,"2"
6882.9319211096308,224614,5000,2,"2"
6883.269362669268,224582,5032,2,"1-1"
6908.0699818602807,224564,5050,1,"1"
6916.6331543966635,224557,5057,1,"1"
6926.0108750199906,224539,5075,1,"1"
6928.7767159151581,224529,5085,1,"1"
6953.3443924212197,224511,5103,1,"1"
6963.6852671414335,224504,5110,1,"1"
7003.5764810560886,224486,5128,1,"1"
7008.1021719737219,224462,5152,2,"2"
7017.6244313662046,224444,5170,1,"1"
7021.1429902612663,224437,5177,1,"1"
7022.2101125668441,224421,5193,2,"2"
7036.550592944719,224403,5211,1,"1"
7037.4819957087748,224385,5229,1,"1"
7039.22014300311,224375,5239,1,"1"
7039.4300830480061,224357,5257,1,"1"
7039.4470367012991,224339,5275,1,"1"
7043.5677896388834,224336,5278,1,"1"
7052.542873530082,224321,5293,3,"2-1"
7060.8565584516909,224303,5311,1,"1"
7069.8862061470836,224285,5329,1,"1"
7122.2660409231412,224269,5345,1,"1"
7123.8050829408685,224241,5373,2,"1-1"
7129.2696438436933,224223,5391,1,"1"
7159.7682725020723,224205,5409,1,"1"
7172.2025873856292,224196,5418,1,"1"
7189.1192281920557,224191,5423,1,"1"
7193.3642738820517,224173,5441,1,"1"
7194.1038029027513,224155,5459,1,"1"
7210.785127863126,224141,5473,1,"1"
7214.2055680001949,224115,5499,2,"1-1"
7245.5500039450053,224097,5517,1,"1"
7248.6215008002009,224079,5535,1,"1"
7253.3170937549385,224043,5571,2,"1-1"
7254.0573246846579,224007,5607,2,"2"
7256.4048302222982,223989,5625,1,"1"
7256.8213197959667,223953,5661,2,"2"
7268.7638143716031,223943,5671,2,"2"
7275.0948947446041,223925,5689,1,"1"
7287.4586800001052,223895,5719,3,"3"
7289.5291126141037,223877,5737,1,"1"
7321.267116674805,223859,5755,2,"2"
7325.2709203840568,223841,5773,1,"1"
7329.7987160443681,223823,5791,1,"1"
7335.1935424753083,223818,5796,1,"1"
7339.2995492403743,223800,5814,1,"1"
7357.0692977160361,223718,5896,7,"4-2-1"
7361.2447694045795,223713,5901,1,"1"
7361.4232056138126,223695,5919,1,"1"
7362.6216215746535,223682,5932,1,"1"
7363.5345920407353,223664,5950,1,"1"
7369.3832453605964,223657,5957,1,"1"
7374.6532662175441,223633,5981,2,"2"
7381.42069511109,223616,5998,1,"1"
7381.6605982286637,223598,6016,1,"1"
7385.397849472587,223595,6019,1,"1"
7395.1021082105972,223487,6127,8,"6-2"
7404.1525390631823,223474,6140,1,"1"
7410.5313686971813,223438,6176,2,"2"
7414.0650503172847,223420,6194,1,"1"
7414.7835663057776,223410,6204,1,"1"
7423.6350624941806,223350,6264,5,"2-1-1-1"
7429.0694755384466,223332,6282,1,"1"
7435.5443401246057,223314,6300,1,"1"
7445.3159151096024,223296,6318,1,"1"
7485.0460499093269,223278,6336,1,"1"
7497.7363499610728,223260,6354,1,"1"
7504.7485444476097,223246,6368,1,"1"
7518.9773512839847,223228,6386,1,"1"
7520.2407369116254,223219,6395,1,"1"
7522.3625843838799,223209,6405,2,"2"
7525.4481725896367,223191,6423,1,"1"
7526.1148189848891,223129,6485,5,"3-1-1"
7533.8815281970237,223083,6531,3,"1-1-1"
7536.8459571624053,223065,6549,1,"1"
7542.3723723736894,223055,6559,2,"2"
7555.1903128148697,223047,6567,2,"1-1"
7557.731556241426,223029,6585,1,"1"
7562.618724960671,223019,6595,1,"1"
7563.5173629513074,223001,6613,1,"1"
7573.1914637138561,222994,6620,1,"1"
7579.9661824434988,222989,6625,1,"1"
7591.2838364671743,222982,6632,1,"1"
7614.2363840463759,222964,6650,1,"1"
7635.1015802601432,222946,6668,1,"1"
7639.2928435242484,222928,6686,1,"1"
7645.8374971287512,222910,6704,1,"1"
7647.2569036021705,222892,6722,1,"1"
7651.437629736376,222878,6736,2,"1-1"
7660.9987064619427,222869,6745,1,"1"
7672.1688380284959,222859,6755,1,"1"
7687.0023829115371,222837,6777,2,"1-1"
7694.0346100838105,222827,6787,2,"2"
7697.3327075594061,222809,6805,1,"1"
7701.4873227330518,222798,6816,1,"1"
7707.1701330574851,222780,6834,1,"1"
7718.3270060139976,222762,6852,1,"1"
7726.7024212686574,222744,6870,1,"1"
7735.8235468952553,222708,6906,2,"2"
7775.7781931916652,222651,6963,9,"4-2-2-1"
7779.0450196547963,222633,6981,1,"1"
7781.0273526022565,222615,6999,1,"1"
7792.3029034427282,222597,7017,1,"1"
7796.3895405039402,222579,7035,1,"1"
7804.3183275487227,222561,7053,1,"1"
7809.8150586901402,222543,7071,1,"1"
7811.8301952631564,222528,7086,1,"1"
7814.1159763597952,222510,7104,1,"1"
7822.0781886904333,222492,7122,1,"1"
7822.5558983724286,222483,7131,1,"1"
7824.5866769114864,222429,7185,3,"2-1"
7843.9154320381431,222411,7203,1,"1"
7844.2882448679002,222393,7221,1,"1"
7875.3467653328862,222375,7239,1,"1"
7886.7175951298732,222341,7273,3,"3"
7888.7365832181949,222331,7283,1,"1"
7899.1588649105888,222320,7294,1,"1"
7920.8879200075589,222270,7344,4,"2-1-1"
7923.7787525245894,222265,7349,1,"1"
7927.8143114382383,222247,7367,1,"1"
7944.0752216019764,222229,7385,1,"1"
7951.3228267094282,222195,7419,3,"3"
7962.7697048240998,222177,7437,1,"1"
7979.7265105251454,222163,7451,1,"1"
7985.3560818880387,222154,7460,1,"1"
8002.0356745268673,222136,7478,1,"1"
8003.0341699932515,222118,7496,1,"1"
8028.7471334671218,222103,7511,1,"1"
8044.8192926265037,222085,7529,1,"1"
8059.2563333361986,222073,7541,1,"1"
8069.9076695830263,222059,7555,2,"2"
8091.7477294071687,222050,7564,1,"1"
8112.1761676119695,222032,7582,1,"1"
8112.7719301127445,222014,7600,1,"1"
8117.4590920325381,222002,7612,1,"1"
8120.810580424024,221949,7665,3,"3"
8135.9988746285844,221939,7675,1,"1"
8145.5771018841097,221930,7684,1,"1"
8158.0171271701965,221912,7702,1,"1"
8169.3465139995351,221834,7780,6,"4-2"
8170.1077799289915,221829,7785,1,"1"
8174.1372303153976,221817,7797,1,"1"
8177.5728168964179,221799,7815,1,"1"
8179.8131050364773,221781,7833,1,"1"
8183.6379706516827,221763,7851,1,"1"
8185.1876022395918,221745,7869,1,"1"
8187.8773066455042,221730,7884,1,"1"
8194.1354973801554,221712,7902,1,"1"
8198.0541181444059,221692,7922,2,"2"
8198.8460895282478,221674,7940,1,"1"
8213.0091452228116,221656,7958,1,"1"
8230.4600192281632,221634,7980,2,"2"
8237.5613361372143,221616,7998,1,"1"
8243.3811564517946,221598,8016,1,"1"
8245.4098893656246,221580,8034,1,"1"
8246.1922570577299,221568,8046,2,"1-1"
8259.0277601756552,221550,8064,1,"1"
8263.587639436535,221532,8082,1,"1"
8263.6150574156727,221500,8114,2,"1-1"
8270.4336088754499,221482,8132,1,"1"
8275.9374277087518,221464,8150,1,"1"
8278.9872504686246,221428,8186,2,"2"
8285.983716305489,221410,8204,1,"1"
8296.1766079826666,221330,8284,6,"5-1"
8305.7532384411443,221318,8296,1,"1"
8306.9782147962997,221300,8314,1,"1"
8311.6826234756682,221264,8350,2,"2"
8323.4689201171059,221240,8374,4,"1-1-1-1"
8323.8934989309892,221222,8392,1,"1"
8338.1330573541291,221204,8410,1,"1"
8346.8666409464149,221192,8422,1,"1"
8352.1472189321448,221173,8441,3,"2-1"
8364.6956053273898,221168,8446,1,"1"
8366.3540550881753,221150,8464,1,"1"
8376.8448964453546,221096,8518,3,"3"
8397.307367926489,221078,8536,1,"1"
8407.3892045881967,221054,8560,2,"2"
8412.0711587582973,221018,8596,2,"1-1"
8417.7114866583252,221000,8614,1,"1"
8421.9203192044934,220934,8680,6,"2-2-1-1"
8426.1321543324666,220916,8698,1,"1"
8461.7167425504867,220900,8714,1,"1"
8462.3753038138912,220882,8732,1,"1"
8464.0108244354233,220864,8750,1,"1"
8475.0395123161234,220846,8768,1,"1"
8475.4662950794518,220828,8786,1,"1"
8493.6175502821952,220744,8870,6,"2-2-1-1"
8502.4132818133858,220726,8888,1,"1"
8505.1240937226066,220708,8906,1,"1"
8523.075657593743,220690,8924,1,"1"
8540.005533918993,220672,8942,1,"1"
8544.0708781834946,220654,8960,1,"1"
8547.2537599864554,220620,8994,2,"1-1"
8562.0960635396896,220602,9012,1,"1"
8570.3170290145645,220597,9017,1,"1"
8579.9389936044936,220579,9035,1,"1"
8585.473380887197,220561,9053,1,"1"
8610.3910220731177,220547,9067,2,"2"
8617.3651394637054,220529,9085,1,"1"
8619.6618767027758,220511,9103,1,"1"
8641.5101583168362,220493,9121,1,"1"
8642.5442961690587,220475,9139,1,"1"
8647.1468511487437,220439,9175,3,"2-1"
8648.8490816153371,220421,9193,1,"1"
8649.2576214115143,220403,9211,1,"1"
8652.7267048331378,220389,9225,2,"2"
8662.9267323266831,220371,9243,1,"1"
8664.5574149717449,220353,9261,1,"1"
8667.8569641148733,220335,9279,1,"1"
8674.5695158554663,220299,9315,2,"2"
8680.889932180291,220294,9320,1,"1"
8686.6387805151535,220276,9338,1,"1"
8690.0405519986307,220271,9343,1,"1"
8694.3339504086925,220253,9361,1,"1"
8694.5142580447009,220235,9379,1,"1"
8702.5329384478482,220223,9391,1,"1"
8719.1671045477269,220205,9409,1,"1"
8719.6536602602264,220169,9445,2,"2"
8722.3599283013609,220151,9463,2,"1-1"
8725.5821986836781,220133,9481,1,"1"
8730.5806409373872,220119,9495,1,"1"
8732.7475231835633,220101,9513,1,"1"
8732.7630671354527,220083,9531,1,"1"
8737.6798480017405,219931,9683,13,"3-2-2-2-2-1-1"
8743.6777935728696,219913,9701,1,"1"
8746.4905274667126,219895,9719,1,"1"
8748.1283448639642,219877,9737,1,"1"
8749.7400310278081,219870,9744,1,"1"
8764.3565377233117,219858,9756,1,"1"
8782.0427102475805,219840,9774,1,"1"
8795.3267347720193,219826,9788,2,"1-1"
8818.5269289293137,219808,9806,1,"1"
8818.9417885316361,219790,9824,1,"1"
8819.103417347229,219772,9842,1,"1"
8821.185674558179,219689,9925,10,"3-3-2-2"
8826.1599108642313,219671,9943,1,"1"
8831.5482565887087,219653,9961,1,"1"
8851.2451851986134,219639,9975,1,"1"
8863.3592127579686,219607,10007,2,"1-1"
8868.0006560036927,219571,10043,2,"2"
8872.9117936099665,219547,10067,4,"4"
8881.4558598602453,219529,10085,1,"1"
8887.9845480041367,219475,10139,3,"2-1"
8892.903898725921,219457,10157,1,"1"
8921.8057914433284,219452,10162,1,"1"
8922.4022582695616,219398,10216,3,"3"
8932.7338291875258,219380,10234,1,"1"
8947.1055011946009,219358,10256,2,"2"
8950.8834614806165,219182,10432,13,"3-2-2-2-1-1-1-1"
8954.7948941677787,219168,10446,2,"2"
8956.5196691844285,219150,10464,1,"1"
8969.167247854044,219132,10482,1,"1"
8991.4696896405894,219114,10500,1,"1"
8993.0492342747075,219098,10516,1,"1"
9000.3880461015233,219080,10534,1,"1"
9019.9275680060546,219073,10541,1,"1"
9027.2685666294255,219066,10548,1,"1"
9029.5975139016227,219042,10572,2,"2"
9030.907562684064,218990,10624,4,"2-1-1"
9033.3566989082319,218972,10642,1,"1"
9033.8518363089061,218965,10649,1,"1"
9034.8125278554235,218938,10676,2,"1-1"
9039.302863745821,218902,10712,2,"2"
9040.1950724032049,218888,10726,1,"1"
9047.9688794540743,218846,10768,6,"4-2"
9048.9670495567807,218794,10820,6,"5-1"
9055.2893822597871,218772,10842,2,"1-1"
9056.0355075676998,218748,10866,2,"1-1"
9068.9664978601013,218734,10880,2,"1-1"
9089.5197087753768,218710,10904,2,"2"
9091.410715770342,218692,10922,1,"1"
9093.8043382330579,218672,10942,2,"2"
9096.9393361662915,218667,10947,1,"1"
9100.1175198939236,218649,10965,1,"1"
9104.6320310410101,218637,10977,1,"1"
9106.0957076273153,218630,10984,1,"1"
9111.7006987231853,218617,10997,1,"1"
9112.4350703890068,218590,11024,2,"2"
9115.0616832514206,218459,11155,15,"3-2-2-2-2-1-1-1-1"
9123.3373715934267,218441,11173,1,"1"
9138.3103830983928,218431,11183,1,"1"
9148.2570320435771,218413,11201,1,"1"
9148.8932253509211,218381,11233,2,"1-1"
9154.6914768829829,218363,11251,1,"1"
9165.4323424915037,218345,11269,1,"1"
9165.8215216163298,218329,11285,1,"1"
9200.2982596025995,218311,11303,1,"1"
9203.4806512857267,218276,11338,3,"3"
9204.3551305753972,218234,11380,4,"3-1"
9221.7219849527992,218216,11398,1,"1"
9238.0010472377544,218156,11458,4,"3-1"
9248.2243712128256,218143,11471,1,"1"
9256.9138450378305,218125,11489,1,"1"
9271.5295519567971,218018,11596,10,"3-3-2-1-1"
9272.960612156503,218003,11611,1,"1"
9275.2588346159209,217985,11629,1,"1"
9275.8387722275565,217967,11647,1,"1"
9276.6277496947951,217962,11652,1,"1"
9282.336674469303,217802,11812,13,"4-3-2-1-1-1-1"
9289.6536541651712,217784,11830,1,"1"
9297.6001296975392,217736,11878,4,"4"
9306.2488386053155,217690,11924,3,"3"
9316.5948348122874,217672,11942,2,"2"
9317.5048830729556,217654,11960,1,"1"
9317.8840092083865,217618,11996,2,"2"
9334.0162955483629,217582,12032,2,"2"
9339.9659960117515,217492,12122,5,"3-1-1"
9347.8285366739892,217461,12153,2,"2"
9350.9053088247856,217425,12189,2,"1-1"
9355.5521380684604,216989,12625,31,"5-3-2-2-2-2-2-2-2-2-2-1-1-1-1-1"
9367.4331024984313,216971,12643,1,"1"
9375.5629088906171,216953,12661,1,"1"
9382.6212506196243,216935,12679,2,"2"
9390.6773072914202,216917,12697,1,"1"
9394.3963992107056,216899,12715,1,"1"
9398.2730155452482,216877,12737,2,"1-1"
9412.524531673409,216847,12767,2,"2"
9414.4990152610753,216829,12785,1,"1"
9422.8818910451319,216820,12794,1,"1"
9423.6283249366898,216802,12812,1,"1"
9423.7905288927286,216688,12926,8,"3-1-1-1-1-1"
9444.4267404754555,216671,12943,1,"1"
9446.6737153910235,216653,12961,1,"1"
9456.629406886881,216617,12997,2,"2"
9459.9097171287667,216599,13015,1,"1"
9460.1720711773251,216546,13068,5,"4-1"
9478.8953348012201,216528,13086,1,"1"
9496.6722095028745,216510,13104,1,"1"
9503.4399276671265,216492,13122,2,"2"
9507.6790548648132,216456,13158,2,"2"
9518.041507478225,216438,13176,1,"1"
9518.0526328928809,216425,13189,1,"1"
9531.8360137178497,216407,13207,1,"1"
9534.5099951197153,216389,13225,1,"1"
9537.1491535996047,216373,13241,1,"1"
9541.1844508828017,216305,13309,4,"3-1"
9542.2546938341893,216288,13326,1,"1"
9552.7028106516591,216270,13344,1,"1"
9554.5535555817496,216256,13358,2,"2"
9569.8502971255402,216249,13365,1,"1"
9593.5463149218303,216213,13401,2,"2"
9597.1380976317196,0,229614,12254,"12254"
----------------------------------------------1
0,229614,0,0,"0"
158.8583684113058,229613,1,1,"1"
276.34469082611616,229612,2,1,"1"
368.0361632667624,229600,14,1,"1"
402.76664895979297,229582,32,1,"1"
426.72303331299298,229572,42,1,"1"
456.443159887756,229571,43,1,"1"
546.62557696228578,229570,44,1,"1"
557.17974492294445,229569,45,1,"1"
565.51473105003117,229564,50,1,"1"
566.15128339309319,229563,51,1,"1"
587.20823873884183,229562,52,1,"1"
620.73863688434119,229557,57,1,"1"
642.34513629958656,229556,58,1,"1"
656.27641067803881,229544,70,1,"1"
666.90429579319584,229543,71,1,"1"
684.00006525730612,229542,72,1,"1"
719.90523477461841,229541,73,1,"1"
733.12580278854864,229540,74,1,"1"
737.12682084862104,229539,75,1,"1"
806.87107095003569,229538,76,1,"1"
816.1262218138221,229537,77,1,"1"
830.61154902744101,229519,95,1,"1"
857.62718127193466,229501,113,1,"1"
863.60053887154811,229491,123,1,"1"
865.1638683916367,229490,124,1,"1"
866.71022222959391,229472,142,1,"1"
880.50126061079493,229471,143,1,"1"
909.74714069451397,229470,144,1,"1"
916.00791272813285,229468,146,2,"2"
921.17213521596091,229467,147,1,"1"
927.94689181197032,229466,148,1,"1"
928.43389708927225,229464,150,2,"2"
948.50520081553998,229446,168,1,"1"
973.35500732520347,229445,169,1,"1"
985.94903857825898,229444,170,1,"1"
1009.9088303839861,229426,188,1,"1"
1014.051418642106,229417,197,1,"1"
1017.888378301749,229416,198,1,"1"
1023.0076345133813,229415,199,1,"1"
1038.9624759665105,229414,200,1,"1"
1045.2534811617438,229396,218,1,"1"
1054.8873218749914,229394,220,2,"2"
1054.930716155495,229393,221,1,"1"
1073.1165463049988,229392,222,1,"1"
1094.1936496626406,229391,223,1,"1"
1115.5865041118886,229373,241,1,"1"
1116.9257739938555,229363,251,1,"1"
1135.0298208253876,229345,269,1,"1"
1143.1959865960598,229344,270,1,"1"
1143.4383630669761,229334,280,2,"2"
1202.746503811474,229316,298,1,"1"
1222.7125464668386,229315,299,1,"1"
1239.6263446390201,229314,300,1,"1"
1268.3986873825158,229305,309,1,"1"
1273.9396587346728,229293,321,1,"1"
1274.8662202805433,229292,322,1,"1"
1286.2831237889181,229291,323,1,"1"
1290.44898212249,229273,341,1,"1"
1298.8908886243792,229272,342,1,"1"
1302.0778149276218,229269,345,3,"3"
1305.7340815784714,229267,347,2,"2"
1321.6103218706839,229265,349,2,"2"
1333.497710682379,229264,350,1,"1"
1341.667841560617,229253,361,1,"1"
1344.2713564320909,229250,364,1,"1"
1362.9800755221249,229249,365,1,"1"
1378.7941942821187,229239,375,1,"1"
1386.4202507812433,229238,376,1,"1"
1389.7311061491382,229228,386,1,"1"
1399.0768861273837,229227,387,1,"1"
1461.771510622284,229226,388,1,"1"
1466.9017723316404,229225,389,1,"1"
1502.3036312334339,229224,390,1,"1"
1509.7893324720058,229223,391,1,"1"
1530.7867479532451,229222,392,1,"1"
1538.7603439265429,229221,393,1,"1"
1551.5426133388139,229211,403,1,"1"
1601.8164246947711,229210,404,1,"1"
1606.7698155953387,229208,406,2,"1-1"
1608.7028593400719,229207,407,1,"1"
1665.2065068507793,229206,408,1,"1"
1704.2722236361005,229205,409,1,"1"
1722.8458532274844,229204,410,1,"1"
1744.8589961881501,229202,412,2,"2"
1746.1585486601909,229201,413,1,"1"
1755.6440105374945,229200,414,1,"1"
1756.0639238046892,229182,432,1,"1"
1759.2769971480793,229181,433,1,"1"
1763.080275891323,229171,443,2,"1-1"
1765.0664439031586,229170,444,1,"1"
1768.6528270729038,229152,462,1,"1"
1798.5715223998104,229151,463,1,"1"
1806.2993187435895,229148,466,1,"1"
1829.3816641603719,229142,472,6,"6"
1835.9491360174047,229132,482,1,"1"
1847.1571543293785,229130,484,2,"2"
1883.0407987856952,229125,489,5,"5"
1888.9523405467799,229123,491,2,"2"
1890.7876574006004,229122,492,1,"1"
1897.2073710950961,229121,493,1,"1"
1897.9683439614125,229118,496,1,"1"
1905.248182506079,229117,497,1,"1"
1925.7026629544089,229115,499,2,"2"
1944.1202614461347,229113,501,2,"1-1"
1960.8547831979452,229110,504,3,"2-1"
1970.7559520009131,229105,509,1,"1"
1978.4843018710715,229103,511,2,"2"
1981.4856563297074,229102,512,1,"1"
1982.9625348377026,229101,513,1,"1"
1984.6842617749608,229100,514,1,"1"
1986.0162644697796,229096,518,2,"1-1"
1996.3804634108817,229076,538,14,"5-4-3-2"
1999.9401333138212,229075,539,1,"1"
2003.6032330537441,229074,540,1,"1"
2008.9747753608142,229067,547,1,"1"
2042.6309167955737,229066,548,1,"1"
2053.1024880623627,229048,566,1,"1"
2056.5390678870417,229047,567,1,"1"
2073.2650230390732,229046,568,1,"1"
2077.0679581205227,229045,569,1,"1"
2090.7451902694784,229043,571,2,"1-1"
2091.1049785475197,229041,573,2,"2"
2106.5855621362307,229038,576,3,"2-1"
2140.645303287748,229037,577,1,"1"
2147.4875591523469,229036,578,1,"1"
2162.6364368873005,229031,583,5,"3-1-1"
2164.3721226527659,229030,584,1,"1"
2201.4749170801915,229025,589,1,"1"
2213.2984881141788,229016,598,1,"1"
2230.8684059547249,228993,621,3,"1-1-1"
2252.2865922132687,228986,628,1,"1"
2261.5733863862934,228984,630,2,"2"
2263.9300745360988,228968,646,1,"1"
2295.9267774990622,228967,647,1,"1"
2349.8995056924205,228966,648,1,"1"
2355.225655440554,228948,666,1,"1"
2371.4558609553642,228945,669,1,"1"
2378.3493840622318,228942,672,1,"1"
2381.9531367014597,228924,690,1,"1"
2430.160917419355,228914,700,1,"1"
2474.5308820751934,228911,703,3,"3"
2492.2012499570851,228905,709,2,"2"
2507.3920704497245,228903,711,2,"1-1"
2513.8044972964158,228902,712,1,"1"
2525.2777442590041,228884,730,1,"1"
2576.8829947066206,228881,733,1,"1"
2588.0461636214977,228878,736,1,"1"
2590.6951095408294,228877,737,1,"1"
2594.0549141032288,228859,755,1,"1"
2618.8564637426534,228841,773,1,"1"
2630.7371033117433,228839,775,2,"2"
2653.3813817961095,228838,776,1,"1"
2665.4906283063115,228826,788,1,"1"
2675.1248751555695,228808,806,1,"1"
2680.6579920555655,228790,824,1,"1"
2697.3659344208336,228789,825,1,"1"
2704.2329246096406,228771,843,1,"1"
2710.9617559433773,228769,845,2,"2"
2730.2870252261037,228766,848,3,"3"
2744.6931039906735,228748,866,1,"1"
2766.2129035660291,228730,884,1,"1"
2766.4466105803513,228729,885,1,"1"
2770.4936067351964,228711,903,1,"1"
2794.0943824960204,228706,908,1,"1"
2812.0919643919333,228701,913,1,"1"
2814.8042064398846,228700,914,1,"1"
2857.4915138660162,228699,915,1,"1"
2859.0848337505686,228689,925,2,"2"
2861.0184353345539,228679,935,1,"1"
2870.8344485434218,228677,937,2,"1-1"
2873.552156538638,228667,947,2,"2"
2876.7672489300794,228656,958,1,"1"
2878.5235551106034,228638,976,1,"1"
2883.3448494078971,228634,980,4,"3-1"
2932.2022041393925,228628,986,2,"1-1"
2967.1203217193915,228625,989,1,"1"
2971.6518448996617,228619,995,2,"2"
2977.4444381748158,228616,998,1,"1"
2987.4013325500741,228615,999,1,"1"
3041.4478453989409,228597,1017,4,"3-1"
3064.917201427173,228596,1018,1,"1"
3085.4931431278487,228594,1020,2,"2"
3096.2569726845149,228593,1021,1,"1"
3103.6977099600185,228592,1022,1,"1"
3108.054820046244,228589,1025,1,"1"
3166.7196888764256,228579,1035,1,"1"
3217.1366876125535,228573,1041,2,"2"
3262.3342779887303,228555,1059,1,"1"
3263.6826963976864,228541,1073,1,"1"
3317.572518272656,228527,1087,1,"1"
3326.1108376515999,228515,1099,1,"1"
3329.3483599640872,228497,1117,1,"1"
3355.2669715207776,228494,1120,1,"1"
3370.2200954794021,228476,1138,1,"1"
3370.9822321204492,228458,1156,1,"1"
3387.3052310413555,228440,1174,1,"1"
3413.3275356838849,228435,1179,1,"1"
3440.0160307529445,228403,1211,2,"2"
3445.0334834302175,228393,1221,1,"1"
3454.9979475254945,228375,1239,1,"1"
3459.0196547586265,228357,1257,1,"1"
3478.1116936573408,228345,1269,1,"1"
3520.0600398693941,228344,1270,1,"1"
3520.3837244350602,228326,1288,1,"1"
3565.6293015526071,228292,1322,2,"2"
3586.7217538666328,228291,1323,1,"1"
3608.5709549816843,228282,1332,1,"1"
3623.9139343062939,228264,1350,1,"1"
3624.1854562315689,228254,1360,1,"1"
3626.3544691657326,228236,1378,1,"1"
3639.9588233234749,228224,1390,1,"1"
3649.5987719979767,228221,1393,1,"1"
3651.2692786875527,228203,1411,1,"1"
3665.0887408114072,228198,1416,1,"1"
3667.9181074094945,228186,1428,1,"1"
3678.574345381101,228168,1446,1,"1"
3686.9366006870373,228150,1464,1,"1"
3693.4950839305957,228147,1467,1,"1"
3711.6781937828664,228137,1477,1,"1"
3724.5132831071255,228127,1487,1,"1"
3732.888954943609,228109,1505,1,"1"
3752.4249823609439,228106,1508,1,"1"
3754.5234507710238,228088,1526,1,"1"
3839.5403173446025,228085,1529,1,"1"
3850.0301828916131,228067,1547,1,"1"
3850.9795415880949,228053,1561,1,"1"
3858.6887946604202,228035,1579,1,"1"
3891.551539653783,228032,1582,1,"1"
3916.1499414188047,228014,1600,1,"1"
3925.7218018382328,227996,1618,2,"2"
3933.2288924715267,227986,1628,1,"1"
3945.146759443222,227968,1646,1,"1"
3953.8413783003566,227960,1654,2,"1-1"
3968.3247905464832,227942,1672,1,"1"
3971.5579165295085,227932,1682,2,"2"
3973.4093042206423,227922,1692,1,"1"
3979.2382724037006,227915,1699,1,"1"
4005.4036792704696,227912,1702,1,"1"
4036.794339644367,227894,1720,1,"1"
4081.8134545111843,227887,1727,1,"1"
4082.3014367842329,227869,1745,1,"1"
4085.0139333842244,227848,1766,2,"2"
4088.1454460220325,227830,1784,1,"1"
4099.2228126108866,227825,1789,1,"1"
4107.7616796051216,227807,1807,1,"1"
4119.3035148082963,227804,1810,1,"1"
4130.6920061503351,227786,1828,1,"1"
4144.244800162247,227768,1846,1,"1"
4148.5240997233241,227750,1864,1,"1"
4160.0161808575649,227747,1867,1,"1"
4169.428987346907,227729,1885,1,"1"
4173.2960960833307,227717,1897,1,"1"
4183.8392560030561,227710,1904,1,"1"
4196.0602369528269,227692,1922,1,"1"
4205.753854636936,227682,1932,1,"1"
4207.218300818764,227679,1935,1,"1"
4240.4774995266325,227661,1953,1,"1"
4249.0247551189441,227656,1958,1,"1"
4262.049872227486,227646,1968,1,"1"
4265.1218950497441,227628,1986,1,"1"
4304.0546196874257,227610,2004,1,"1"
4308.8509667760827,227592,2022,1,"1"
4315.4531312281815,227586,2028,2,"2"
4347.3011129698334,227567,2047,3,"3"
4351.2698710770828,227557,2057,1,"1"
4353.1745216400059,227539,2075,1,"1"
4365.5682847624284,227521,2093,1,"1"
4397.7804079884681,227502,2112,3,"2-1"
4398.132715732736,227499,2115,1,"1"
4400.7327230214141,227481,2133,1,"1"
4420.1812840907578,227476,2138,1,"1"
4445.832230760202,227458,2156,1,"1"
4452.5378572840245,227455,2159,1,"1"
4462.3018975248442,227449,2165,2,"2"
4485.0381203741663,227444,2170,1,"1"
4499.7847466093153,227426,2188,1,"1"
4501.4021307533658,227408,2206,1,"1"
4561.8427180088074,227396,2218,1,"1"
4576.4623895212299,227386,2228,1,"1"
4581.3564233029092,227368,2246,1,"1"
4589.3946895386889,227350,2264,1,"1"
4589.6842057666845,227337,2277,1,"1"
4630.6402173597617,227319,2295,1,"1"
4661.055089799499,227314,2300,1,"1"
4680.8427497238599,227311,2303,1,"1"
4697.9931977078841,227293,2321,1,"1"
4740.6723261255611,227275,2339,1,"1"
4747.2592109053739,227255,2359,2,"2"
4758.9374901795327,227237,2377,1,"1"
4771.4310880661151,227234,2380,1,"1"
4776.2920877221723,227216,2398,1,"1"
4780.3063059984715,227204,2410,1,"1"
4793.4935700452907,227186,2428,1,"1"
4835.8764570959293,227168,2446,1,"1"
4884.432013099763,227150,2464,1,"1"
4897.9432933473163,227147,2467,1,"1"
4910.0543844241583,227129,2485,1,"1"
4915.4369149522618,227115,2499,1,"1"
4930.5650251444158,227097,2517,1,"1"
4933.8218122693006,227079,2535,1,"1"
4942.2817669241858,227061,2553,1,"1"
4944.2707798960946,227025,2589,2,"2"
4977.0018642249943,227015,2599,2,"2"
5003.0994458455107,227010,2604,1,"1"
5005.6348209639118,226976,2638,3,"1-1-1"
5008.4539640416087,226958,2656,1,"1"
5035.4779988309156,226948,2666,2,"2"
5053.0708639923787,226930,2684,1,"1"
5078.8707561268229,226925,2689,1,"1"
5088.6138133162503,226907,2707,1,"1"
5107.1420184693197,226897,2717,1,"1"
5110.1616261487798,226879,2735,1,"1"
5116.0003791279314,226861,2753,1,"1"
5123.7959742462381,226843,2771,1,"1"
5139.3470422111241,226840,2774,1,"1"
5159.7107876771834,226833,2781,1,"1"
5172.2757559019701,226815,2799,1,"1"
5188.8002513619722,226812,2802,1,"1"
5201.6034943641034,226794,2820,1,"1"
5222.1464901598347,226785,2829,1,"1"
5226.204996586398,226767,2847,1,"1"
5233.6562572068678,226750,2864,1,"1"
5250.9597415758853,226732,2882,1,"1"
5253.1362727748865,226712,2902,2,"1-1"
5258.4808595904296,226694,2920,1,"1"
5270.7911945488295,226676,2938,1,"1"
5272.1274878987042,226658,2956,1,"1"
5332.713101312238,226648,2966,1,"1"
5345.10246460292,226633,2981,3,"3"
5355.2960676915836,226621,2993,2,"1-1"
5356.2469137269427,226603,3011,1,"1"
5371.8927481392066,226585,3029,1,"1"
5374.3977872153619,226582,3032,1,"1"
5433.4372175504514,226565,3049,3,"2-1"
5441.5208753476709,226547,3067,1,"1"
5459.0544530445704,226529,3085,1,"1"
5459.8434451507856,226469,3145,4,"3-1"
5488.0245487573693,226435,3179,2,"2"
5499.2540131570986,226417,3197,1,"1"
5518.0720875593697,226414,3200,1,"1"
5530.5764853449282,226396,3218,1,"1"
5554.2750087159384,226378,3236,1,"1"
5567.0176309800972,226370,3244,2,"2"
5568.1292729398101,226355,3259,3,"3"
5579.350670179052,226337,3277,1,"1"
5597.3560698441333,226320,3294,3,"3"
5606.5997571538001,226302,3312,1,"1"
5608.6840573611116,226292,3322,1,"1"
5627.7746074859915,226274,3340,1,"1"
5638.4907511490192,226256,3358,1,"1"
5647.9357830491481,226253,3361,1,"1"
5668.0376218511519,226241,3373,1,"1"
5711.3524224936373,226223,3391,1,"1"
5731.4650784218729,226218,3396,1,"1"
5742.6812872725804,226196,3418,2,"1-1"
5748.3363448786376,226178,3436,1,"1"
5763.8640306338157,226160,3454,1,"1"
5774.8481911570216,226140,3474,4,"3-1"
5792.7824091804096,226137,3477,1,"1"
5795.2066442411533,226119,3495,1,"1"
5795.8967874187256,226099,3515,4,"2-1-1"
5850.5457000784018,226081,3533,1,"1"
5878.5695327620242,226068,3546,1,"1"
5883.2201742122597,226058,3556,1,"1"
5892.0652171782349,226040,3574,1,"1"
5893.5824743775602,226030,3584,1,"1"
5907.3029079851021,226023,3591,1,"1"
5927.192709579379,226005,3609,1,"1"
5931.2458726777622,225987,3627,1,"1"
5941.6654338776707,225982,3632,1,"1"
5984.0889170116479,225964,3650,1,"1"
5989.5651166443686,225939,3675,5,"4-1"
5994.9179365860282,225917,3697,2,"1-1"
5996.311378410247,225899,3715,1,"1"
6000.6056499986798,225894,3720,1,"1"
6038.3786900904097,225876,3738,1,"1"
6059.9001684653676,225862,3752,1,"1"
6069.7954399744131,225844,3770,1,"1"
6072.8339739003213,225826,3788,1,"1"
6073.7302797486127,225808,3806,1,"1"
6082.806984483308,225784,3830,2,"1-1"
6099.1355159768118,225759,3855,5,"5"
6107.3091014784304,225745,3869,1,"1"
6110.5590619535878,225719,3895,2,"1-1"
6119.7244899463158,225707,3907,1,"1"
6140.0131264377096,225689,3925,1,"1"
6147.8861250450236,225607,4007,8,"3-3-1-1"
6149.4607136259056,225589,4025,1,"1"
6156.4124374659932,225571,4043,1,"1"
6164.4495736263734,225553,4061,1,"1"
6173.8507918041641,225499,4115,3,"1-1-1"
6184.3569030818035,225483,4131,1,"1"
6199.0411492883177,225480,4134,1,"1"
6207.5329937253309,225456,4158,2,"2"
6245.6378409824338,225442,4172,2,"1-1"
6254.4267829471473,225424,4190,2,"2"
6285.1330885002881,225421,4193,1,"1"
6290.6248987788376,225416,4198,1,"1"
6298.2610099778276,225402,4212,2,"2"
6300.5025972749218,225384,4230,1,"1"
6310.4498204450138,225377,4237,1,"1"
6330.6006158544151,225347,4267,2,"1-1"
6361.5753006145287,225342,4272,1,"1"
6364.4506857752358,225304,4310,8,"6-1-1"
6365.423041170111,225299,4315,1,"1"
6379.7024006735264,225287,4327,1,"1"
6383.9385426013023,225282,4332,1,"1"
6387.0653372980505,225246,4368,2,"2"
6387.1054897657932,225228,4386,1,"1"
6389.6972329889077,225223,4391,1,"1"
6438.9798703930146,225205,4409,1,"1"
6470.0743293058495,225187,4427,1,"1"
6486.5970294584913,225169,4445,1,"1"
6489.7837914359352,225148,4466,3,"2-1"
6495.1558343389343,225130,4484,1,"1"
6497.8428947758885,225116,4498,2,"1-1"
6513.718537695524,225098,4516,1,"1"
6523.7590002236111,225080,4534,1,"1"
6528.7880529029499,225032,4582,4,"2-2"
6531.4842393791505,225019,4595,1,"1"
6536.8607240584515,224990,4624,2,"1-1"
6546.8663940516008,224973,4641,5,"4-1"
6552.9020130489462,224959,4655,1,"1"
6570.6222298846342,224933,4681,2,"2"
6574.6383459483623,224919,4695,2,"2"
6605.3585147014455,224914,4700,1,"1"
6614.6642978659138,224896,4718,1,"1"
6615.6512788381579,224884,4730,1,"1"
6622.2089566657141,224865,4749,3,"1-1-1"
6628.0901744611347,224837,4777,4,"3-1"
6628.7966247434397,224819,4795,1,"1"
6651.4794393876027,224801,4813,1,"1"
6653.968662987063,224783,4831,1,"1"
6669.0917364354409,224747,4867,2,"2"
6688.1282152470967,224671,4943,5,"4-1"
6693.1873723469289,224664,4950,1,"1"
6710.0003840927548,224646,4968,1,"1"
6711.5714333015039,224634,4980,4,"4"
6722.2032046029544,224624,4990,2,"2"
6723.0988686055425,224592,5022,6,"3-1-1-1"
6726.3323738647741,224574,5040,1,"1"
6728.6282523897535,224556,5058,1,"1"
6729.8716745246047,224526,5088,3,"3"
6730.2276150968601,224508,5106,1,"1"
6768.7944168812774,224489,5125,3,"2-1"
6785.8139039905209,224471,5143,1,"1"
6790.4862936988884,224453,5161,1,"1"
6791.4092539797466,224435,5179,1,"1"
6815.2197745109897,224417,5197,1,"1"
6815.8094475903645,224399,5215,1,"1"
6820.0533000331507,224389,5225,2,"1-1"
6823.6625779765664,224379,5235,1,"1"
6825.9483333297376,224361,5253,1,"1"
6845.6243225290291,224356,5258,1,"1"
6847.4459199422618,224338,5276,1,"1"
6848.408893815953,224320,5294,1,"1"
6851.6222270040489,224302,5312,1,"1"
6870.602494426309,224284,5330,1,"1"
6873.5402010771522,224275,5339,1,"1"
6883.0021278997156,224231,5383,4,"2-2"
6887.7549953960279,224214,5400,3,"2-1"
6894.8913143966993,224209,5405,1,"1"
6900.6797434376513,224191,5423,1,"1"
6904.7525756374553,224173,5441,1,"1"
6907.0816717007883,224149,5465,2,"2"
6913.853918340219,224131,5483,1,"1"
6923.6070693654638,224113,5501,1,"1"
6924.3027147189341,224104,5510,1,"1"
6928.6727414930338,224086,5528,1,"1"
6948.6818785872092,224068,5546,1,"1"
6951.4586866485142,224050,5564,1,"1"
6955.0944163147688,224014,5600,2,"2"
6994.6402667621323,223996,5618,1,"1"
7001.5224915520384,223978,5636,1,"1"
7007.07927823511,223960,5654,1,"1"
7009.019197860016,223942,5672,1,"1"
7022.0832473456858,223932,5682,2,"2"
7023.9537435191842,223914,5700,1,"1"
7024.6411570607206,223896,5718,1,"1"
7031.4104443335264,223878,5736,2,"1-1"
7033.6710899000154,223871,5743,1,"1"
7049.5119151682911,223835,5779,2,"2"
7049.6182186338137,223817,5797,1,"1"
7057.3469413049552,223781,5833,2,"2"
7060.0218136330404,223763,5851,1,"1"
7062.6298081950463,223745,5869,1,"1"
7074.6351843295133,223727,5887,1,"1"
7110.6823614547939,223709,5905,1,"1"
7119.0803899494231,223697,5917,1,"1"
7137.3538314910838,223679,5935,1,"1"
7142.616274489028,223658,5956,3,"2-1"
7144.1624160207584,223653,5961,1,"1"
7178.3417237855474,223635,5979,1,"1"
7187.2429093289293,223617,5997,1,"1"
7188.2822732814302,223599,6015,1,"1"
7195.4533552522316,223592,6022,1,"1"
7206.2947084042125,223574,6040,1,"1"
7215.482152202032,223556,6058,1,"1"
7227.7975095413258,223547,6067,1,"1"
7237.0207572294876,223535,6079,1,"1"
7255.4107472496653,223517,6097,1,"1"
7257.7277879951671,223499,6115,1,"1"
7260.8779568931841,223465,6149,4,"3-1"
7262.1411134648988,223442,6172,3,"2-1"
7266.696057076997,223430,6184,1,"1"
7271.2128721454828,223425,6189,1,"1"
7272.2311190317705,223407,6207,1,"1"
7274.9983912650623,223379,6235,2,"2"
7285.0004590078106,223361,6253,1,"1"
7290.1440994638351,223354,6260,1,"1"
7296.7857687219148,223336,6278,2,"2"
7311.3482690572473,223326,6288,1,"1"
7311.9976198701015,223321,6293,1,"1"
7322.704130061481,223303,6311,1,"1"
7325.5105878950408,223285,6329,1,"1"
7329.1161157797033,223271,6343,1,"1"
7336.6901348119218,223266,6348,1,"1"
7360.9406022000521,223240,6374,2,"1-1"
7365.3027578249767,223222,6392,1,"1"
7365.7605624029093,223204,6410,1,"1"
7371.5942529189715,223186,6428,1,"1"
7372.1989594585784,223174,6440,1,"1"
7372.8288043716357,223156,6458,1,"1"
7396.008229095909,223153,6461,1,"1"
7415.6602863134312,223135,6479,1,"1"
7416.1372202379698,223132,6482,1,"1"
7417.2593887574076,223120,6494,1,"1"
7436.579035339807,223092,6522,2,"2"
7450.6803779519632,223074,6540,1,"1"
7466.443755897023,223044,6570,3,"2-1"
7468.3768911607258,223026,6588,1,"1"
7484.8097484437658,223003,6611,3,"3"
7492.78604366339,222993,6621,1,"1"
7497.9582818396411,222975,6639,1,"1"
7512.1655838042652,222945,6669,2,"2"
7531.8304939455284,222927,6687,1,"1"
7538.7254204438505,222905,6709,2,"2"
7542.263948874117,222895,6719,1,"1"
7548.4049305104791,222885,6729,1,"1"
7554.7080006866099,222875,6739,1,"1"
7567.4951881185934,222857,6757,1,"1"
7580.0496550832613,222839,6775,1,"1"
7623.9333223651283,222819,6795,2,"1-1"
7625.32807869915,222783,6831,2,"1-1"
7630.911585879021,222778,6836,1,"1"
7637.4608578515608,222773,6841,1,"1"
7647.3775301783344,222755,6859,1,"1"
7658.5437867995033,222737,6877,1,"1"
7661.7948039478351,222723,6891,1,"1"
7668.2234900488147,222705,6909,1,"1"
7669.6107087626942,222695,6919,2,"2"
7672.7286841757268,222677,6937,1,"1"
7673.3824631170746,222665,6949,1,"1"
7673.7906342929909,222638,6976,3,"3"
7682.180527936277,222620,6994,1,"1"
7688.4308212244086,222606,7008,2,"2"
7712.4471161072534,222588,7026,1,"1"
7720.8025419677006,222583,7031,1,"1"
7727.7313529116545,222565,7049,1,"1"
7735.1090193196196,222547,7067,1,"1"
7740.0554831634327,222531,7083,1,"1"
7744.884664865308,222513,7101,1,"1"
7746.5737873439493,222503,7111,1,"1"
7759.2434911804594,222490,7124,1,"1"
7767.6110609044763,222487,7127,1,"1"
7775.1421198584876,222482,7132,1,"1"
7799.1211632893292,222472,7142,1,"1"
7801.6817523567388,222414,7200,8,"2-2-1-1-1-1"
7804.468369109939,222396,7218,1,"1"
7817.61981230316,222378,7236,1,"1"
7825.8846058417203,222334,7280,4,"3-1"
7830.3840513152118,222316,7298,1,"1"
7842.2903735208711,222298,7316,1,"1"
7851.3725987139342,222280,7334,1,"1"
7863.5831150547283,222262,7352,1,"1"
7872.9618099827412,222252,7362,1,"1"
7879.1926661115249,222239,7375,1,"1"
7882.4964485329947,222221,7393,1,"1"
7886.0568746590698,222183,7431,3,"3"
7889.7770866958708,222165,7449,1,"1"
7894.972899578027,222147,7467,1,"1"
7896.1209726026846,222132,7482,1,"1"
7902.4693598284521,222127,7487,1,"1"
7912.3783161755618,222109,7505,1,"1"
7925.7561184450378,222091,7523,1,"1"
7931.4445879078439,222077,7537,1,"1"
7931.6145087124232,222059,7555,1,"1"
7953.3858961729911,222052,7562,1,"1"
7955.5834872790747,222045,7569,1,"1"
7967.411185085648,222029,7585,2,"1-1"
8042.8916342354523,221975,7639,4,"2-1-1"
8071.5528718907053,221968,7646,1,"1"
8083.5750885542702,221950,7664,1,"1"
8094.7208880700791,221932,7682,1,"1"
8099.8260466246684,221914,7700,1,"1"
8106.6111271965292,221896,7718,1,"1"
8117.2579429878897,221878,7736,2,"1-1"
8125.8891392996275,221852,7762,2,"1-1"
8128.4462282106124,221834,7780,1,"1"
8134.9326769981308,221816,7798,1,"1"
8137.7202421321954,221811,7803,1,"1"
8137.886115010755,221801,7813,1,"1"
8141.710903487241,221783,7831,1,"1"
8154.2356245506007,221773,7841,2,"2"
8156.6420572199668,221761,7853,2,"2"
8160.3621893842228,221749,7865,1,"1"
8166.8484830693369,221731,7883,1,"1"
8182.8475151870998,221714,7900,1,"1"
8189.6606887756416,221696,7918,1,"1"
8200.9616405271718,221682,7932,1,"1"
8211.1831039920162,221664,7950,1,"1"
8212.0745514882219,221646,7968,1,"1"
8217.7471435163352,221628,7986,1,"1"
8249.6079249736013,221623,7991,1,"1"
8252.9410003366756,221605,8009,1,"1"
8255.2128234056363,221596,8018,1,"1"
8257.1449602382163,221578,8036,1,"1"
8267.7376186918518,221560,8054,1,"1"
8304.3925529689695,221524,8090,2,"1-1"
8304.9947697029329,221506,8108,1,"1"
8308.0722961894498,221492,8122,1,"1"
8313.9846907295578,221466,8148,2,"1-1"
8324.1520628018516,221461,8153,1,"1"
8324.7876090987793,221443,8171,1,"1"
8347.9302616048953,221425,8189,1,"1"
8353.5343297533527,221407,8207,1,"1"
8365.1950713642418,221383,8231,4,"2-2"
8368.3561974667136,221365,8249,1,"1"
8387.8890282759858,221329,8285,2,"1-1"
8391.5284024625616,221324,8290,1,"1"
8410.4825943033793,221306,8308,1,"1"
8421.2116543266384,221288,8326,1,"1"
8433.2038399371195,221254,8360,3,"1-1-1"
8441.0896980244761,221236,8378,1,"1"
8444.8614426555232,221218,8396,1,"1"
8460.2010879926474,221182,8432,2,"2"
8467.035235055735,221164,8450,1,"1"
8481.2665188650426,221152,8462,1,"1"
8500.8062620520504,221142,8472,2,"1-1"
8504.0566431797433,221124,8490,1,"1"
8532.2056678996032,221042,8572,7,"6-1"
8552.3419936435948,221025,8589,3,"2-1"
8553.3123880863459,221007,8607,1,"1"
8554.0540335803162,220953,8661,6,"2-2-1-1"
8555.8580869642683,220869,8745,7,"2-1-1-1-1-1"
8597.3789908974286,220851,8763,1,"1"
8620.2029620183603,220833,8781,1,"1"
8620.3104723877404,220824,8790,1,"1"
8637.0421464258325,220806,8808,1,"1"
8655.5149362457596,220713,8901,13,"6-2-2-2-1"
8670.6628776608541,220695,8919,1,"1"
8684.746170895829,220677,8937,1,"1"
8692.6506481425677,220659,8955,1,"1"
8698.4919577657147,220641,8973,1,"1"
8726.3391134108588,220589,9025,3,"1-1-1"
8738.7409139756237,220575,9039,1,"1"
8741.4040247671019,220570,9044,1,"1"
8742.3254070806252,220526,9088,3,"2-1"
8759.6137957539868,220519,9095,1,"1"
8773.2403465801963,220501,9113,1,"1"
8773.7693588655784,220483,9131,1,"1"
8778.2476977640144,220304,9310,21,"6-4-3-2-1-1-1-1-1-1"
8799.0328612934209,220286,9328,1,"1"
8816.7039968163699,220268,9346,1,"1"
8818.0520515966873,220259,9355,1,"1"
8833.5874885846733,220250,9364,1,"1"
8833.963198423231,220236,9378,2,"2"
8840.0947746448273,220205,9409,3,"2-1"
8851.5074755695132,220053,9561,18,"9-4-3-1-1"
8887.7540452311041,220017,9597,2,"2"
8907.6437337877232,220010,9604,1,"1"
8912.9005473720881,219992,9622,1,"1"
8915.6681218318136,219960,9654,2,"2"
8934.0926665465722,219945,9669,1,"1"
8947.405901640117,219927,9687,1,"1"
8951.8729546155482,219909,9705,1,"1"
8953.4022152651905,219891,9723,1,"1"
8954.391459088276,219873,9741,1,"1"
8960.5955782510609,219864,9750,1,"1"
8970.269415128696,219846,9768,1,"1"
8978.3397016601448,219660,9954,17,"10-5-1-1"
8983.1713701691751,219608,10006,3,"2-1"
8987.6745052447532,219586,10028,2,"2"
8994.7174652870035,219566,10048,2,"1-1"
9002.7380884515751,219548,10066,1,"1"
9015.6093759679152,219530,10084,1,"1"
9020.2240164623636,219520,10094,1,"1"
9020.3912675875563,219502,10112,1,"1"
9022.427802307011,219484,10130,1,"1"
9036.8031405316615,219466,10148,1,"1"
9040.0106481372131,219432,10182,3,"2-1"
9042.87882802889,219400,10214,2,"2"
9043.2885845521851,219382,10232,1,"1"
9044.3341550270179,219346,10268,2,"2"
9060.149229258408,219321,10293,3,"3"
9061.8080488854775,219303,10311,1,"1"
9081.2560078662736,219285,10329,1,"1"
9084.833625819585,219235,10379,4,"3-1"
9091.5854906144614,219215,10399,2,"2"
9096.7540285438317,219197,10417,1,"1"
9104.5220176287767,219179,10435,1,"1"
9106.4508385460704,219170,10444,1,"1"
9108.2493105982976,219163,10451,1,"1"
9109.3654993555865,219154,10460,1,"1"
9110.1127529549558,219132,10482,2,"2"
9119.7205226071492,219114,10500,1,"1"
9128.333816670538,219096,10518,1,"1"
9130.3169520447791,219076,10538,2,"1-1"
9142.4214270314387,219058,10556,1,"1"
9146.2734974542091,219048,10566,1,"1"
9147.9834267145779,219030,10584,1,"1"
9151.185519304996,219020,10594,1,"1"
9175.844956549754,219002,10612,1,"1"
9179.1495801533583,218984,10630,1,"1"
9179.2245409845345,218974,10640,1,"1"
9182.7262044416166,218969,10645,1,"1"
9185.1527812729146,218951,10663,1,"1"
9186.3699533505205,218933,10681,1,"1"
9189.8346259475475,218915,10699,1,"1"
9201.2335274830402,218901,10713,2,"1-1"
9208.3453681426417,218896,10718,1,"1"
9212.3458290471317,218834,10780,5,"2-1-1-1"
9234.0546170968191,218798,10816,2,"2"
9239.9696417150208,218780,10834,1,"1"
9257.7093100302718,218762,10852,1,"1"
9258.096420650043,218752,10862,1,"1"
9271.0036331624324,218687,10927,7,"2-2-1-1-1"
9278.5807452086774,218669,10945,1,"1"
9282.485082805717,218575,11039,7,"5-1-1"
9283.8038617649199,218557,11057,2,"2"
9288.0704153267907,218539,11075,1,"1"
9289.9763570166251,218505,11109,2,"1-1"
9293.4383835054632,218487,11127,1,"1"
9306.8883744068553,218469,11145,1,"1"
9309.3337140514705,218451,11163,1,"1"
9346.6059355118414,218433,11181,1,"1"
9347.147234444561,218384,11230,4,"4"
9348.446867801691,218351,11263,2,"2"
9395.9360853843245,218333,11281,1,"1"
9409.9599761863392,218315,11299,1,"1"
9423.1988299638542,218297,11317,1,"1"
9431.7950124618965,218261,11353,2,"1-1"
9437.4970301074009,218243,11371,1,"1"
9439.6254546622422,218209,11405,3,"2-1"
9444.4765835055005,218149,11465,4,"3-1"
9456.5651073290683,218052,11562,9,"6-1-1-1"
9457.4103531441742,218034,11580,1,"1"
9469.294458956274,217862,11752,11,"9-2"
9469.8792103050528,217844,11770,1,"1"
9471.3731703107751,217814,11800,3,"2-1"
9472.8318174383185,217809,11805,1,"1"
9478.7776276084205,217800,11814,1,"1"
9483.1693637074222,217776,11838,2,"2"
9491.0948027539198,217740,11874,2,"2"
9491.2298923146045,217730,11884,1,"1"
9494.0718352361455,217721,11893,1,"1"
9496.8652148569727,217637,11977,7,"6-1"
9500.9708448199017,217583,12031,3,"3"
9508.0407033161009,217531,12083,3,"2-1"
9512.1050222460199,217503,12111,2,"2"
9522.6704988150032,217485,12129,1,"1"
9530.0480755677199,217431,12183,3,"2-1"
9533.7922985929436,217301,12313,9,"3-2-2-1-1"
9536.7220111681891,217283,12331,1,"1"
9541.6223779820666,217273,12341,1,"1"
9541.9018130466702,217255,12359,1,"1"
9546.3882958831691,217238,12376,1,"1"
9563.3144013940546,217220,12394,1,"1"
9567.6584276291178,217202,12412,1,"1"
9574.1120071176229,217184,12430,1,"1"
9584.0790525998091,217166,12448,1,"1"
9593.9117185466202,217032,12582,10,"4-2-1-1-1-1"
9602.1868994124488,216824,12790,22,"6-4-4-2-2-2-1-1"
9621.6524087667549,216806,12808,2,"2"
9624.7410656668253,216796,12818,1,"1"
9629.0486728693068,216660,12954,9,"2-2-2-1-1-1"
9629.5499769018625,216642,12972,1,"1"
9630.1002552974678,216635,12979,1,"1"
9630.8342740629469,216617,12997,1,"1"
9640.5308845094478,216599,13015,1,"1"
9645.213585341322,216581,13033,1,"1"
9649.4460131669948,216548,13066,3,"3"
9653.0420669434625,216512,13102,2,"2"
9665.9684316930852,216444,13170,5,"2-1-1-1"
9668.517516890226,216426,13188,1,"1"
9668.6203061707038,216398,13216,2,"2"
9683.33228437049,216389,13225,1,"1"
9694.5800260389115,216371,13243,1,"1"
9709.2415307876745,216357,13257,1,"1"
9714.0059330869717,216339,13275,1,"1"
9719.1982178403887,216321,13293,1,"1"
9726.0222363450721,216284,13330,5,"4-1"
9727.0805572107893,216248,13366,2,"2"
9740.5706840479015,216230,13384,1,"1"
9746.1069246349325,215422,14192,54,"6-6-5-4-4-3-2-2-2-2-2-2-2-1-1-1-1-1-1-1-1-1-1-1-1"
9748.8094843913786,215324,14290,9,"2-2-1-1-1-1-1"
9750.9842987934881,215306,14308,1,"1"
9754.4063306880435,215024,14590,20,"5-4-2-2-2-1-1-1-1-1"
9767.847392483769,215006,14608,1,"1"
9773.7986222711679,214988,14626,1,"1"
9778.6771771445347,214970,14644,1,"1"
9779.4882595953532,214952,14662,1,"1"
9780.6009661558892,214926,14688,2,"1-1"
9803.6901546092231,0,229614,12125,"12125"
----------------------------------------------2
0,229614,0,0,"0"
126.58694946912108,229613,1,1,"1"
230.34283594555464,229595,19,1,"1"
342.81751291578411,229594,20,1,"1"
350.89714669425513,229593,21,1,"1"
402.33908515624847,229592,22,1,"1"
436.2269158914919,229583,31,1,"1"
484.04595950646359,229581,33,2,"2"
507.09039083614408,229563,51,1,"1"
605.73529133410648,229562,52,1,"1"
607.62934825736829,229561,53,1,"1"
616.14318229401067,229560,54,1,"1"
621.66199566954003,229559,55,1,"1"
640.11513060225479,229558,56,1,"1"
648.09955106827783,229557,57,1,"1"
670.38500618896342,229556,58,1,"1"
673.0943181792037,229555,59,1,"1"
679.37879240336122,229550,64,1,"1"
729.86473647525747,229549,65,1,"1"
737.3943779382472,229531,83,1,"1"
739.26411278321564,229530,84,1,"1"
766.40612884515542,229525,89,1,"1"
769.16593900559008,229524,90,1,"1"
780.86136319425623,229514,100,1,"1"
812.96507793673049,229513,101,1,"1"
820.26002134449277,229512,102,1,"1"
835.49190948536375,229511,103,1,"1"
836.67166279795754,229509,105,2,"1-1"
853.52522069093266,229508,106,1,"1"
877.36970688619078,229507,107,1,"1"
882.24082879364096,229491,123,1,"1"
887.75402726327218,229490,124,1,"1"
888.17892564451631,229489,125,1,"1"
897.89319347114292,229471,143,1,"1"
984.37018372077659,229470,144,1,"1"
1036.3681958654333,229469,145,1,"1"
1063.5851021901033,229468,146,1,"1"
1070.1592859515788,229467,147,1,"1"
1087.2453287909116,229466,148,1,"1"
1096.205012340128,229465,149,1,"1"
1105.8610465473105,229463,151,2,"1-1"
1106.6414883470511,229462,152,1,"1"
1119.480182336232,229461,153,1,"1"
1124.5944864840715,229460,154,1,"1"
1131.0127154142228,229459,155,1,"1"
1133.9081044764721,229458,156,1,"1"
1161.234244465187,229457,157,1,"1"
1168.9752555115376,229454,160,3,"3"
1184.6100880782196,229453,161,1,"1"
1201.8373230559921,229452,162,1,"1"
1227.4821586946202,229451,163,1,"1"
1263.9633465528427,229448,166,1,"1"
1308.1207404273996,229438,176,1,"1"
1319.8893320297923,229437,177,1,"1"
1321.555941763427,229436,178,1,"1"
1326.7157732212111,229435,179,1,"1"
1362.5016533429796,229434,180,1,"1"
1387.5288707940397,229416,198,1,"1"
1387.8645248962493,229411,203,1,"1"
1391.6350477214937,229409,205,2,"2"
1401.9610245956642,229407,207,2,"2"
1414.3321799957496,229389,225,1,"1"
1491.4282715526288,229388,226,1,"1"
1503.6567212516497,229370,244,1,"1"
1529.6636999064001,229352,262,1,"1"
1538.9406115256145,229349,265,1,"1"
1540.5482141390744,229348,266,1,"1"
1544.3042384378409,229347,267,1,"1"
1576.3435945425458,229345,269,2,"2"
1593.4730367867639,229342,272,1,"1"
1599.2435563282761,229339,275,3,"2-1"
1608.1629921842662,229332,282,3,"2-1"
1685.1949629045573,229322,292,1,"1"
1685.5816002900474,229321,293,1,"1"
1691.1136609800037,229316,298,5,"5"
1698.9197396604916,229314,300,2,"2"
1715.1784966156918,229312,302,2,"1-1"
1722.0064336285934,229294,320,1,"1"
1739.8121455384569,229290,324,2,"2"
1742.4253429709797,229289,325,1,"1"
1746.1094033300915,229288,326,1,"1"
1769.3957233402987,229287,327,1,"1"
1774.3504096624124,229283,331,2,"1-1"
1782.591787759927,229265,349,1,"1"
1784.5262850730335,229261,353,4,"4"
1793.7754038635505,229259,355,2,"2"
1806.2572947689039,229258,356,1,"1"
1811.1960121012137,229257,357,1,"1"
1813.9443822510425,229256,358,1,"1"
1821.5068469008525,229254,360,2,"2"
1826.4581293948177,229251,363,1,"1"
1829.9851757118427,229250,364,1,"1"
1858.0174969806928,229249,365,1,"1"
1858.4906857900914,229242,372,5,"2-2-1"
1864.4517435323717,229240,374,2,"2"
1870.7636711078337,229239,375,1,"1"
1878.7922642539877,229237,377,2,"2"
1894.5517823896098,229232,382,1,"1"
1908.4936251909057,229230,384,2,"1-1"
1919.9819258839937,229212,402,1,"1"
1934.5370212375772,229210,404,2,"1-1"
1936.6862909296285,229192,422,1,"1"
1938.5283816526751,229190,424,2,"2"
1941.1930954183319,229183,431,5,"3-1-1"
1944.1134828583129,229179,435,4,"2-2"
2003.0376085779737,229161,453,1,"1"
2039.0355675509143,229160,454,1,"1"
2043.2914902707871,229156,458,4,"2-2"
2051.4826453548421,229138,476,1,"1"
2057.7928580453508,229119,495,5,"3-2"
2064.7924118890692,229118,496,1,"1"
2070.0638405468339,229100,514,1,"1"
2079.750787192017,229098,516,2,"2"
2085.2889397006948,229084,530,1,"1"
2093.6292606211914,229083,531,1,"1"
2101.5140903499778,229073,541,1,"1"
2112.9020550223781,229072,542,1,"1"
2120.8238928997389,229054,560,1,"1"
2154.0550783378121,229053,561,1,"1"
2161.0997367527066,229051,563,2,"1-1"
2187.2341344222041,229045,569,4,"3-1"
2211.7914627013715,229038,576,1,"1"
2219.8226331875899,229036,578,2,"2"
2225.0297956762206,229035,579,1,"1"
2228.230403393025,229034,580,1,"1"
2237.5901412258568,229016,598,1,"1"
2244.4058111967506,229013,601,1,"1"
2251.7802003552947,229012,602,1,"1"
2282.3372148841318,228994,620,1,"1"
2290.1111865816943,228976,638,1,"1"
2303.4536753432694,228975,639,1,"1"
2309.5184038599341,228971,643,4,"4"
2322.6855691884016,228970,644,1,"1"
2325.6525372493561,228968,646,2,"2"
2337.194064743519,228954,660,1,"1"
2341.8011758593893,228936,678,1,"1"
2363.6241147530654,228935,679,1,"1"
2390.9312980259583,228930,684,1,"1"
2405.4699307697547,228926,688,2,"2"
2449.828240396459,228921,693,1,"1"
2460.1406303547783,228903,711,1,"1"
2472.3518385149205,228898,716,1,"1"
2475.8731093984889,228897,717,1,"1"
2499.2770463385004,228879,735,1,"1"
2523.1139978806082,228861,753,1,"1"
2529.6682541257774,228858,756,1,"1"
2549.1582835056306,228852,762,2,"2"
2582.617797610555,228851,763,1,"1"
2583.3708347694728,228845,769,2,"2"
2598.9297997637445,228827,787,1,"1"
2603.421412931712,228825,789,2,"2"
2613.9137924220195,228824,790,1,"1"
2617.1193727475334,228823,791,1,"1"
2619.027468413195,228822,792,1,"1"
2627.9013886594776,228821,793,1,"1"
2646.30419216155,228820,794,1,"1"
2652.8849762490195,228810,804,1,"1"
2668.2275705223824,228792,822,1,"1"
2686.943471897122,228774,840,1,"1"
2695.455311402764,228764,850,1,"1"
2744.2862448693504,228763,851,1,"1"
2756.5918811697452,228762,852,1,"1"
2757.6558600338089,228761,853,1,"1"
2761.6264630748683,228760,854,1,"1"
2773.8024780192886,228742,872,1,"1"
2776.7617209902455,228738,876,4,"4"
2824.1786838440539,228720,894,1,"1"
2837.6370992534876,228719,895,1,"1"
2852.0299729047392,228701,913,1,"1"
2853.6039031478244,228700,914,1,"1"
2860.0561174642212,228682,932,1,"1"
2896.0388893926638,228678,936,2,"1-1"
2911.3812800736168,228675,939,1,"1"
2914.1762824176913,228674,940,1,"1"
2935.1434758335645,228673,941,1,"1"
2959.1312303045333,228668,946,1,"1"
2959.8898641838045,228650,964,1,"1"
2980.3914337847536,228632,982,1,"1"
2987.3429449638925,228629,985,1,"1"
2996.0954846613281,228611,1003,1,"1"
3002.3218805390775,228593,1021,1,"1"
3030.2268548581137,228575,1039,1,"1"
3071.0627968813351,228570,1044,1,"1"
3091.2363523734889,228565,1049,1,"1"
3103.5827718962873,228560,1054,1,"1"
3103.666538344728,228554,1060,2,"2"
3128.9368491490036,228551,1063,1,"1"
3138.4758090382716,228533,1081,1,"1"
3142.8292734085408,228515,1099,1,"1"
3171.6583693550374,228497,1117,1,"1"
3196.4594851545939,228487,1127,1,"1"
3222.6684253295275,228477,1137,1,"1"
3238.2588344235,228459,1155,1,"1"
3243.5540022725577,228441,1173,1,"1"
3250.0512542957285,228423,1191,1,"1"
3259.3087208211314,228405,1209,1,"1"
3288.8725493958491,228402,1212,1,"1"
3292.7324327960769,228388,1226,1,"1"
3322.0531995259571,228378,1236,2,"2"
3338.7227139385736,228377,1237,1,"1"
3364.990517100488,228368,1246,1,"1"
3371.5011789600908,228366,1248,2,"1-1"
3385.7646192798488,228348,1266,1,"1"
3396.310068556581,228330,1284,1,"1"
3465.8591980862907,228310,1304,2,"2"
3485.081986376093,228298,1316,1,"1"
3507.4231619402776,228291,1323,1,"1"
3519.4509746642057,228273,1341,1,"1"
3554.0862542638683,228255,1359,1,"1"
3566.5687645527187,228242,1372,1,"1"
3592.0394578839323,228224,1390,1,"1"
3595.7247258735279,228219,1395,1,"1"
3602.8984281367634,228218,1396,1,"1"
3618.8599126173822,228209,1405,1,"1"
3624.6893926468929,228191,1423,1,"1"
3656.8388274438935,228171,1443,2,"2"
3685.5772984090854,228161,1453,1,"1"
3703.0994668510352,228143,1471,1,"1"
3708.3708441349982,228138,1476,1,"1"
3712.8483218105785,228120,1494,1,"1"
3718.1897124170505,228102,1512,1,"1"
3719.5633909118806,228101,1513,1,"1"
3739.7144489449115,228096,1518,1,"1"
3813.5562446282697,228091,1523,1,"1"
3818.6608038747722,228073,1541,1,"1"
3823.3308509798671,228068,1546,1,"1"
3836.7770095486317,228067,1547,1,"1"
3845.2619293408202,228064,1550,1,"1"
3864.160438804066,228061,1553,1,"1"
3892.7113701132621,228043,1571,1,"1"
3926.9272244891281,228040,1574,1,"1"
3942.9724204252425,228030,1584,1,"1"
3944.4970854534627,228012,1602,1,"1"
3966.9084963764221,228007,1607,1,"1"
3973.2430197201475,227989,1625,1,"1"
3979.7121127991331,227984,1630,1,"1"
3991.2862929998337,227974,1640,2,"2"
3992.2224675797402,227964,1650,1,"1"
3995.414345240913,227954,1660,2,"2"
4012.7684889668494,227936,1678,1,"1"
4035.6411348413599,227918,1696,1,"1"
4045.7587874833794,227908,1706,1,"1"
4046.3363444401466,227901,1713,1,"1"
4058.7263894570024,227883,1731,1,"1"
4063.5037811789593,227865,1749,1,"1"
4091.9335636082237,227862,1752,1,"1"
4127.8394562155981,227814,1800,4,"4"
4135.3973755962097,227796,1818,1,"1"
4136.9120654700755,227793,1821,1,"1"
4151.9472671225531,227775,1839,1,"1"
4169.7899016655692,227770,1844,1,"1"
4226.3259621123034,227767,1847,1,"1"
4226.4959027194154,227762,1852,1,"1"
4234.4086460383432,227752,1862,2,"2"
4248.8743841768573,227742,1872,2,"2"
4257.559736348142,227724,1890,1,"1"
4261.200619559876,227706,1908,1,"1"
4270.1364524253486,227698,1916,2,"2"
4276.6468626761516,227684,1930,2,"2"
4281.1476204382561,227681,1933,1,"1"
4306.9211083354803,227663,1951,1,"1"
4341.9047912450205,227660,1954,1,"1"
4384.3329130573256,227642,1972,1,"1"
4393.1932510686447,227624,1990,1,"1"
4402.3923112013563,227606,2008,1,"1"
4419.9354840924634,227588,2026,1,"1"
4431.5751015049909,227578,2036,1,"1"
4447.1097562862396,227560,2054,1,"1"
4448.2450102081366,227542,2072,1,"1"
4449.523197440627,227512,2102,2,"2"
4483.2167171669262,227494,2120,1,"1"
4495.4208044055013,227476,2138,1,"1"
4496.0445624523873,227448,2166,2,"2"
4506.3913370786058,227430,2184,1,"1"
4509.3803216882479,227412,2202,1,"1"
4529.0527170404221,227394,2220,1,"1"
4531.9398657220336,227380,2234,2,"2"
4539.985897947282,227362,2252,1,"1"
4560.1458886365863,227344,2270,1,"1"
4568.0746820222212,227322,2292,2,"2"
4571.0894701762536,227312,2302,1,"1"
4572.6085977718858,227309,2305,1,"1"
4572.7542453261913,227304,2310,1,"1"
4611.2802248861981,227286,2328,1,"1"
4640.2257157171953,227268,2346,1,"1"
4642.64153989856,227265,2349,1,"1"
4650.0804759302373,227260,2354,1,"1"
4654.7577808696951,227245,2369,3,"2-1"
4665.9810104683766,227242,2372,1,"1"
4668.5046580439794,227232,2382,1,"1"
4693.0881897980207,227223,2391,3,"3"
4699.1789979849009,227214,2400,3,"3"
4718.7861117052153,227194,2420,2,"1-1"
4737.351249535468,227189,2425,1,"1"
4750.4259631260657,227179,2435,1,"1"
4751.5076342860184,227173,2441,2,"1-1"
4757.2823399667941,227168,2446,1,"1"
4779.1346432040655,227150,2464,1,"1"
4798.2739527871418,227132,2482,1,"1"
4799.324434357387,227114,2500,1,"1"
4805.6571354391554,227096,2518,1,"1"
4808.8196794460009,227078,2536,1,"1"
4813.3143431564486,227064,2550,1,"1"
4836.1862148930413,227046,2568,1,"1"
4863.1787670984068,227036,2578,1,"1"
4873.7858287734498,227033,2581,1,"1"
4883.1666519400269,227030,2584,1,"1"
4892.1882031682599,227012,2602,1,"1"
4897.6928037031112,226994,2620,1,"1"
4900.6295364767575,226964,2650,3,"2-1"
4902.0048005848039,226961,2653,1,"1"
4906.1677722805216,226947,2667,2,"2"
4920.4779207963256,226933,2681,2,"2"
4923.1491900842702,226915,2699,1,"1"
4930.6755573281962,226909,2705,2,"2"
4946.5516106207269,226875,2739,2,"1-1"
4960.1144190098994,226870,2744,1,"1"
4990.3119548835493,226852,2762,1,"1"
4991.5345129588977,226839,2775,1,"1"
5020.3599281402558,226821,2793,1,"1"
5025.2077109830379,226803,2811,1,"1"
5040.9342694236911,226793,2821,2,"2"
5047.5707910722331,226775,2839,1,"1"
5051.0447180566462,226766,2848,1,"1"
5057.660616474519,226748,2866,1,"1"
5068.2624930220018,226732,2882,1,"1"
5089.9990755273693,226725,2889,1,"1"
5099.2333112866481,226707,2907,1,"1"
5119.8538103181309,226689,2925,1,"1"
5147.6406648136854,226671,2943,1,"1"
5156.6203947113827,226653,2961,1,"1"
5169.4474019414665,226640,2974,1,"1"
5172.4116897192607,226622,2992,1,"1"
5204.7643464553894,226609,3005,1,"1"
5237.1907106131885,226591,3023,1,"1"
5242.7803492673702,226577,3037,1,"1"
5243.9751573637777,226567,3047,1,"1"
5272.766834079519,226551,3063,1,"1"
5277.6755585450992,226548,3066,1,"1"
5285.764265215048,226530,3084,1,"1"
5320.4714959381581,226504,3110,2,"1-1"
5332.7441273148033,226501,3113,1,"1"
5347.3837042557125,226483,3131,1,"1"
5351.6295629095112,226478,3136,1,"1"
5351.7614383462087,226460,3154,1,"1"
5358.3632957160353,226455,3159,1,"1"
5359.7512993983819,226439,3175,2,"2"
5364.2807331840604,226430,3184,1,"1"
5374.2055046664937,226412,3202,1,"1"
5393.6925649196073,226402,3212,2,"2"
5402.8406031168324,226384,3230,4,"2-2"
5410.770015637805,226366,3248,1,"1"
5412.870090605913,226354,3260,1,"1"
5424.1005919637764,226337,3277,3,"2-1"
5469.3013364044082,226330,3284,1,"1"
5471.8462323374752,226319,3295,3,"2-1"
5480.432847195907,226301,3313,1,"1"
5486.779071832415,226290,3324,1,"1"
5499.2190443846166,226272,3342,1,"1"
5502.7646969385614,226234,3380,4,"3-1"
5511.0397531810177,226225,3389,1,"1"
5547.4478158419815,226216,3398,1,"1"
5547.7912120398169,226202,3412,2,"2"
5575.7990917860207,226199,3415,1,"1"
5580.0887400168958,226196,3418,1,"1"
5585.2515359414829,226178,3436,1,"1"
5592.916732765204,226160,3454,1,"1"
5604.8053452833838,226142,3472,1,"1"
5608.1550340677186,226124,3490,1,"1"
5616.6288777274931,226117,3497,1,"1"
5619.7777891197593,226099,3515,1,"1"
5621.1394664678737,226081,3533,1,"1"
5636.4919248923579,226069,3545,1,"1"
5638.3686648687817,226033,3581,2,"2"
5638.8273121992042,226023,3591,2,"2"
5641.9182535158243,226013,3601,1,"1"
5658.1666239345705,225995,3619,1,"1"
5670.4406560209645,225977,3637,1,"1"
5673.0505254970676,225959,3655,1,"1"
5708.621824376597,225941,3673,1,"1"
5720.3627198928898,225909,3705,2,"2"
5725.8291321660417,225873,3741,2,"2"
5728.6691675704278,225837,3777,2,"1-1"
5758.8055631986626,225825,3789,1,"1"
5773.5530765653248,225807,3807,1,"1"
5800.8082876608178,225789,3825,1,"1"
5805.5742851143104,225779,3835,2,"2"
5811.7287101536422,225761,3853,1,"1"
5818.3957413739518,225754,3860,1,"1"
5838.0044691899584,225736,3878,1,"1"
5841.1819432436696,225731,3883,1,"1"
5845.5239677261598,225713,3901,1,"1"
5869.7933000533239,225695,3919,1,"1"
5888.615578000622,225677,3937,1,"1"
5891.4935313578299,225641,3973,2,"1-1"
5899.8006434103891,225634,3980,1,"1"
5908.9029825598982,225616,3998,1,"1"
5924.1082580017583,225598,4016,1,"1"
5931.9127683928818,225588,4026,1,"1"
5932.5457767624503,225568,4046,2,"2"
5961.9947614821594,225550,4064,1,"1"
5965.8655141716099,225532,4082,1,"1"
5977.7238358570048,225520,4094,2,"2"
5985.3856169425562,225502,4112,1,"1"
6013.6984429012409,225484,4130,1,"1"
6015.2217324848916,225474,4140,1,"1"
6017.5823384474234,225464,4150,2,"2"
6054.4002951375924,225446,4168,1,"1"
6082.3681228079213,225443,4171,1,"1"
6136.5602372148687,225425,4189,1,"1"
6150.5060574770914,225415,4199,2,"2"
6157.8957241970948,225397,4217,1,"1"
6188.4419930185641,225387,4227,1,"1"
6189.3831048421953,225363,4251,2,"2"
6203.2769950689626,225345,4269,1,"1"
6221.9811892843454,225327,4287,1,"1"
6223.3424414443243,225322,4292,1,"1"
6247.5430909505012,225304,4310,1,"1"
6252.9982880277648,225286,4328,1,"1"
6255.4825111802784,225268,4346,1,"1"
6264.9203880007626,225255,4359,3,"2-1"
6283.2396216877132,225237,4377,1,"1"
6283.8463058355856,225208,4406,5,"4-1"
6311.2129123228651,225190,4424,1,"1"
6319.39326178389,225172,4442,1,"1"
6329.5699466467322,225154,4460,1,"1"
6357.2279869768508,225147,4467,1,"1"
6358.1340176485128,225138,4476,1,"1"
6359.0396587614514,225120,4494,1,"1"
6388.1438859940808,225102,4512,1,"1"
6392.2107801511183,225084,4530,1,"1"
6429.9813081593338,225081,4533,1,"1"
6435.0571298522536,225074,4540,1,"1"
6450.6543656081567,225069,4545,1,"1"
6462.1127028125647,225051,4563,1,"1"
6462.4590175777566,225003,4611,3,"3"
6469.6247757086057,224985,4629,1,"1"
6495.4692211941856,224967,4647,1,"1"
6508.5632201280559,224957,4657,1,"1"
6512.7670188896391,224939,4675,1,"1"
6531.1541939419585,224921,4693,1,"1"
6531.5729099095488,224903,4711,1,"1"
6540.7110183308359,224881,4733,2,"2"
6550.4042350974887,224871,4743,1,"1"
6554.6863061007625,224857,4757,1,"1"
6588.8679870190454,224785,4829,4,"4"
6603.4180516432116,224769,4845,1,"1"
6608.7994922786565,224751,4863,1,"1"
6616.8297866040666,224746,4868,1,"1"
6626.7488036362129,224740,4874,2,"2"
6631.6333313325895,224722,4892,1,"1"
6636.7502407387856,224716,4898,2,"2"
6666.7051751707331,224707,4907,1,"1"
6667.134893584026,224689,4925,1,"1"
6670.0368178887948,224671,4943,1,"1"
6681.0249276238492,224653,4961,1,"1"
6683.0167516328656,224635,4979,1,"1"
6717.9200329277483,224628,4986,1,"1"
6720.6400618074422,224623,4991,1,"1"
6729.469019835361,224618,4996,1,"1"
6748.5916446958117,224600,5014,1,"1"
6791.0111629449839,224582,5032,1,"1"
6805.0717791348579,224577,5037,1,"1"
6813.7544057399546,224536,5078,7,"5-1-1"
6831.5525091806403,224518,5096,1,"1"
6834.2692685210041,224500,5114,1,"1"
6840.6409752367854,224482,5132,1,"1"
6848.9287467485447,224464,5150,1,"1"
6856.9916151530815,224434,5180,3,"2-1"
6860.506768237954,224424,5190,1,"1"
6867.7695510904687,224399,5215,3,"2-1"
6882.4271405228055,224379,5235,2,"2"
6884.5603082184261,224361,5253,1,"1"
6909.2926441586815,224352,5262,3,"3"
6917.0654963100378,224334,5280,1,"1"
6918.899040957579,224316,5298,1,"1"
6920.9431237289509,224311,5303,1,"1"
6927.2463503686613,224297,5317,1,"1"
6930.1692284525989,224288,5326,1,"1"
6936.3172751424145,224278,5336,2,"2"
6937.9848314247502,224260,5354,1,"1"
6964.3259766469519,224224,5390,4,"4"
6967.1796560551284,224206,5408,1,"1"
6977.5662897221537,224188,5426,1,"1"
6985.6949046843702,224170,5444,1,"1"
6987.6903856268254,224152,5462,1,"1"
6991.0280466571639,224134,5480,1,"1"
6992.1305928608344,224127,5487,1,"1"
7004.5528556082381,224117,5497,1,"1"
7013.4452986317592,224098,5516,3,"2-1"
7019.093600860454,224088,5526,1,"1"
7070.2527989205528,224055,5559,5,"3-1-1"
7081.7882049383106,224037,5577,1,"1"
7092.5488915476708,224032,5582,1,"1"
7096.1902271484469,224014,5600,1,"1"
7109.488352011379,223966,5648,4,"2-1-1"
7116.8041666456293,223948,5666,1,"1"
7121.6962562499593,223937,5677,1,"1"
7131.923821096455,223911,5703,2,"1-1"
7139.8376481807454,223895,5719,1,"1"
7145.5548840113961,223877,5737,1,"1"
7147.6965099988392,223859,5755,1,"1"
7172.1167974819418,223842,5772,1,"1"
7172.3347540105087,223824,5790,1,"1"
7175.8590248897226,223808,5806,1,"1"
7187.0048445372486,223790,5824,1,"1"
7205.1880832459128,223772,5842,1,"1"
7209.9222163201957,223754,5860,1,"1"
7216.0572548051305,223742,5872,2,"1-1"
7231.0712736012129,223724,5890,1,"1"
7236.8983579834876,223719,5895,1,"1"
7239.2223185077773,223663,5951,4,"4"
7255.5820644318292,223645,5969,1,"1"
7255.749678105034,223634,5980,1,"1"
7256.3884171398049,223624,5990,1,"1"
7282.5805775093177,223606,6008,1,"1"
7292.2269032527711,223596,6018,1,"1"
7300.6809360786065,223578,6036,4,"3-1"
7302.58057845031,223560,6054,1,"1"
7305.0812044219856,223546,6068,2,"2"
7322.382455097837,223528,6086,1,"1"
7330.6264959462269,223514,6100,1,"1"
7386.0003916417581,223492,6122,2,"1-1"
7414.6264197641449,223479,6135,1,"1"
7419.2305010235596,223468,6146,1,"1"
7421.5200078462194,223342,6272,17,"4-2-2-2-2-2-1-1-1"
7426.8767658583447,223324,6290,1,"1"
7431.4219746304207,223291,6323,3,"3"
7431.8252402506314,223273,6341,1,"1"
7440.3986058726878,223259,6355,1,"1"
7450.9468196882535,223241,6373,1,"1"
7476.0050055839447,223171,6443,6,"3-2-1"
7481.3323095857268,223153,6461,1,"1"
7489.940266128544,223146,6468,1,"1"
7497.9877691210959,223141,6473,1,"1"
7543.8830898763226,223105,6509,3,"3"
7564.8273371720024,223087,6527,1,"1"
7570.5972922480851,223066,6548,3,"1-1-1"
7571.3280948610973,223048,6566,1,"1"
7572.585007910754,223039,6575,1,"1"
7578.7833851794912,223021,6593,1,"1"
7583.1916675022649,223003,6611,1,"1"
7613.2074088388817,222985,6629,1,"1"
7625.7053500583124,222978,6636,1,"1"
7637.7983925276203,222955,6659,3,"3"
7642.0444615056122,222931,6683,2,"1-1"
7670.9756363773631,222914,6700,1,"1"
7696.0805241418084,222876,6738,3,"2-1"
7701.8591216741825,222858,6756,1,"1"
7703.316263183412,222838,6776,4,"3-1"
7705.9031982186816,222784,6830,3,"3"
7706.6055469925532,222774,6840,2,"2"
7709.5221822495696,222709,6905,8,"4-2-1-1"
7710.7681334687495,222691,6923,1,"1"
7711.0784432293385,222686,6928,1,"1"
7722.7133167034817,222668,6946,1,"1"
7729.3540442767444,222658,6956,1,"1"
7741.6405020857683,222640,6974,1,"1"
7742.8233473532728,222622,6992,1,"1"
7743.2595819795752,222586,7028,2,"2"
7744.1730086388725,222558,7056,4,"2-2"
7745.9444615273551,222530,7084,2,"2"
7747.9948117516242,222512,7102,1,"1"
7761.1966149506716,222488,7126,2,"2"
7780.04494714058,222470,7144,1,"1"
7789.5995298452508,222420,7194,3,"3"
7795.2336046300952,222356,7258,5,"2-1-1-1"
7799.9010868348778,222338,7276,1,"1"
7810.3911316791637,222320,7294,1,"1"
7810.8506117758143,222315,7299,1,"1"
7841.5115406800587,222287,7327,2,"2"
7846.2335166421608,222263,7351,2,"2"
7861.9536778662477,222249,7365,1,"1"
7889.3231954874836,222235,7379,2,"2"
7896.2361823745732,222217,7397,1,"1"
7905.4564211331481,222199,7415,1,"1"
7924.6177037787402,222181,7433,1,"1"
7941.8171737412449,222163,7451,1,"1"
7945.5497161678277,222145,7469,1,"1"
7956.0276569914513,222088,7526,7,"5-2"
7959.0833167932915,222070,7544,1,"1"
7973.4292104065871,222060,7554,1,"1"
7980.2314717198997,222042,7572,1,"1"
7991.2725290019616,222008,7606,2,"1-1"
7998.1705932215455,221990,7624,1,"1"
7998.4744959159707,221972,7642,1,"1"
8005.3898608982126,221958,7656,1,"1"
8010.0656525733939,221940,7674,1,"1"
8012.9704641061107,221922,7692,1,"1"
8017.760708992776,221913,7701,1,"1"
8020.9336087408265,221877,7737,2,"2"
8037.1109767305506,221872,7742,1,"1"
8056.7627994092727,221861,7753,1,"1"
8059.620891946628,221852,7762,1,"1"
8069.432500362027,221834,7780,1,"1"
8070.8837824978009,221805,7809,5,"4-1"
8112.6513212006266,221787,7827,1,"1"
8114.5730635992641,221754,7860,5,"3-1-1"
8121.1759866444581,221744,7870,1,"1"
8154.3487775078866,221726,7888,1,"1"
8166.7550034206479,221708,7906,1,"1"
8171.324223657205,221690,7924,1,"1"
8177.7152929540125,221672,7942,1,"1"
8185.2346125517588,221662,7952,1,"1"
8213.2401551517996,221644,7970,1,"1"
8215.7873833489957,221626,7988,1,"1"
8228.7927717914681,221608,8006,1,"1"
8228.9464482284202,221590,8024,1,"1"
8237.2817390321197,221577,8037,1,"1"
8242.7625105544194,221566,8048,1,"1"
8244.5426217019703,221552,8062,2,"1-1"
8266.0728532249814,221547,8067,1,"1"
8277.3105353165483,221529,8085,1,"1"
8291.6311937568807,221511,8103,1,"1"
8293.2806060485527,221493,8121,1,"1"
8294.6127445039783,221457,8157,2,"2"
8296.2547147782425,221441,8173,2,"2"
8302.002602908844,221432,8182,1,"1"
8328.4139249151467,221396,8218,2,"2"
8337.4563799699536,221387,8227,1,"1"
8349.0971128610672,221375,8239,1,"1"
8355.4320011591608,221363,8251,1,"1"
8357.8755742208414,221345,8269,1,"1"
8361.9310060248026,221327,8287,1,"1"
8406.6914484294521,221309,8305,1,"1"
8416.0751326518075,221291,8323,1,"1"
8416.8942283514916,221282,8332,1,"1"
8421.6210538834239,221275,8339,1,"1"
8436.1763805249557,221257,8357,1,"1"
8440.1207755890409,221239,8375,1,"1"
8446.8381292893919,221230,8384,1,"1"
8473.521089834725,221189,8425,5,"3-1-1"
8477.2293652614153,221153,8461,2,"1-1"
8483.6263654066952,221075,8539,5,"3-1-1"
8488.7005287678603,221057,8557,1,"1"
8490.2495680886805,221039,8575,1,"1"
8494.7514647633034,221029,8585,1,"1"
8501.4477326744291,221011,8603,1,"1"
8504.3827461270357,220993,8621,1,"1"
8512.6930553628499,220907,8707,5,"3-1-1"
8514.9862563355382,220902,8712,1,"1"
8517.4422614944015,220884,8730,1,"1"
8539.3455668810693,220840,8774,4,"4"
8561.9933987046625,220830,8784,1,"1"
8568.7877626146601,220806,8808,2,"2"
8581.2120186155971,220788,8826,1,"1"
8587.0479717200924,220770,8844,1,"1"
8590.4454078321687,220752,8862,1,"1"
8593.2453600623467,220728,8886,2,"2"
8599.5263839686813,220714,8900,1,"1"
8605.20489436153,220696,8918,1,"1"
8617.2606815500421,220668,8946,2,"2"
8618.5374451722946,220650,8964,1,"1"
8621.3336545660641,220632,8982,1,"1"
8622.2655036523756,220614,9000,1,"1"
8640.2114552481326,220596,9018,1,"1"
8642.8143073462252,220560,9054,2,"2"
8657.1875906763489,220542,9072,1,"1"
8662.5772841118414,220506,9108,2,"2"
8672.9758508759151,220488,9126,1,"1"
8675.4033926805932,220452,9162,2,"2"
8676.1768213478972,220442,9172,1,"1"
8684.3207314708616,220435,9179,1,"1"
8701.2111461336262,220417,9197,1,"1"
8702.0084420946077,220405,9209,1,"1"
8711.8087234865925,220387,9227,1,"1"
8714.2263740355556,220369,9245,1,"1"
8720.9076289581699,220351,9263,1,"1"
8744.2616083389694,220300,9314,5,"2-1-1-1"
8748.8273677450434,220270,9344,4,"3-1"
8749.7127627869631,220212,9402,5,"3-2"
8753.8120132399508,220205,9409,1,"1"
8766.1832041554098,220187,9427,1,"1"
8796.6094027192648,220169,9445,1,"1"
8800.2993535921232,220158,9456,1,"1"
8823.6142879945564,220151,9463,1,"1"
8831.8253127147782,220113,9501,3,"3"
8836.2514458408386,220077,9537,2,"2"
8841.8991410499857,220059,9555,1,"1"
8842.2313856762612,220037,9577,2,"2"
8842.976555708472,220019,9595,1,"1"
8845.1818257939813,220001,9613,1,"1"
8858.2512131883541,219983,9631,1,"1"
8861.9080440093076,219945,9669,3,"3"
8862.0107946547323,219927,9687,1,"1"
8872.6792158587432,219915,9699,2,"1-1"
8882.9126519499059,219905,9709,1,"1"
8887.5737869089007,219887,9727,1,"1"
8904.9395810980877,219880,9734,1,"1"
8907.1891128779152,219862,9752,1,"1"
8909.3762615041287,219844,9770,1,"1"
8915.2778322049526,219826,9788,1,"1"
8935.7680016247505,219808,9806,1,"1"
8938.1025929175375,219790,9824,1,"1"
8941.8316349063516,219772,9842,1,"1"
8944.074936413017,219759,9855,1,"1"
8946.6405343135721,219741,9873,1,"1"
8952.6283007567708,219734,9880,1,"1"
8965.8929075233555,219670,9944,5,"3-1-1"
8977.9160466741014,219665,9949,1,"1"
8984.1901791926011,219651,9963,1,"1"
8989.6709486185191,219642,9972,1,"1"
9001.6768351318515,219622,9992,2,"2"
9020.7493982816504,219604,10010,1,"1"
9025.1081423295655,219574,10040,3,"2-1"
9039.26797488175,219556,10058,1,"1"
9043.3595421261998,219520,10094,2,"1-1"
9049.1826641981552,219506,10108,2,"2"
9050.4434497789262,219471,10143,5,"2-1-1-1"
9054.1370324194304,219453,10161,1,"1"
9055.7856950192036,219435,10179,1,"1"
9064.9387169530964,219417,10197,1,"1"
9065.5805606031481,219363,10251,3,"2-1"
9066.7878764934176,219345,10269,1,"1"
9071.8485969449521,219327,10287,1,"1"
9073.4244632487753,219309,10305,1,"1"
9076.1936143506609,219291,10323,1,"1"
9080.3319650428621,219273,10341,1,"1"
9092.9378123118768,219255,10359,1,"1"
9111.71210495997,219229,10385,2,"2"
9122.9455117996731,219211,10403,1,"1"
9125.6237730432658,219157,10457,3,"2-1"
9136.2360432617807,219139,10475,1,"1"
9152.7255576130428,219134,10480,1,"1"
9162.8862318635383,219116,10498,1,"1"
9171.4507572830044,219080,10534,2,"1-1"
9174.3969912486464,219062,10552,1,"1"
9176.0021458787378,219044,10570,1,"1"
9177.6633216910031,219026,10588,1,"1"
9189.6832003563486,218988,10626,3,"2-1"
9190.5580922388872,218983,10631,1,"1"
9226.3720038544361,218965,10649,1,"1"
9238.4193891479572,218958,10656,1,"1"
9253.0642295093076,218940,10674,1,"1"
9253.1224630073393,218904,10710,2,"2"
9286.2296926265935,218890,10724,1,"1"
9313.3719359606475,218885,10729,1,"1"
9320.157968889107,218867,10747,1,"1"
9324.2048748123107,218823,10791,6,"2-2-1-1"
9326.0603540471584,218773,10841,4,"3-1"
9345.5588697459352,218756,10858,3,"1-1-1"
9354.087050044227,218720,10894,2,"2"
9369.2910444771242,218702,10912,1,"1"
9369.7976750733524,218684,10930,1,"1"
9381.8436407312365,218666,10948,1,"1"
9386.5354939323988,218655,10959,1,"1"
9400.5804917814639,218648,10966,1,"1"
9404.869106481794,218616,10998,3,"2-1"
9415.6277084258381,218598,11016,1,"1"
9421.7276354301048,218562,11052,2,"2"
9424.268549406801,218490,11124,4,"2-1-1"
9428.5639792531947,218418,11196,4,"2-1-1"
9428.6231598174836,218400,11214,1,"1"
9432.320467613652,218388,11226,1,"1"
9451.5566938951306,218370,11244,1,"1"
9457.6622406470815,218352,11262,1,"1"
9466.9718395542586,218334,11280,1,"1"
9471.4777559368849,218298,11316,3,"2-1"
9480.4696319011091,218280,11334,1,"1"
9485.5641734055444,218262,11352,1,"1"
9491.1129527040339,218244,11370,1,"1"
9495.8549883441519,218208,11406,2,"2"
9499.1592468617418,218190,11424,1,"1"
9500.3820574778038,218176,11438,1,"1"
9508.9215496041852,218158,11456,1,"1"
9519.9917637113631,218140,11474,1,"1"
9523.0860820112557,218096,11518,4,"2-1-1"
9533.1888851436415,218078,11536,1,"1"
9537.4523914337769,218060,11554,1,"1"
9539.9974296694036,218042,11572,1,"1"
9550.3717071890715,217888,11726,11,"3-2-2-2-1-1"
9555.041800375413,217870,11744,2,"2"
9591.6980970907152,217850,11764,2,"1-1"
9597.8909328682676,217811,11803,3,"3"
9601.6565970581651,217793,11821,1,"1"
9601.942161293231,217775,11839,1,"1"
9607.2293190779201,217757,11857,1,"1"
9616.5678345019405,217715,11899,3,"2-1"
9628.6978631393649,217679,11935,2,"2"
9639.5355403739632,217665,11949,1,"1"
9659.3673674844413,217645,11969,2,"2"
9661.1016035694211,217627,11987,1,"1"
9664.7841881796157,217620,11994,1,"1"
9667.1037268971886,217602,12012,1,"1"
9668.0278265783945,217584,12030,1,"1"
9672.3133347743533,217556,12058,2,"2"
9678.8120687121645,217547,12067,1,"1"
9680.7354043016494,217538,12076,1,"1"
9694.4241914619597,217502,12112,2,"2"
9701.7467783360535,217484,12130,1,"1"
9718.8216912305343,217475,12139,1,"1"
9728.7891744543758,217457,12157,1,"1"
9741.5781607406298,217439,12175,1,"1"
9749.8420620322995,217421,12193,1,"1"
9755.7922148063008,217403,12211,1,"1"
9761.6660279719108,217349,12265,4,"3-1"
9778.6721634515252,217331,12283,1,"1"
9790.1180533787319,217324,12290,1,"1"
9794.460839373829,217288,12326,2,"2"
9798.6897871708952,217252,12362,2,"1-1"
9813.0250787607747,216892,12722,27,"6-5-2-2-2-1-1-1-1-1-1-1-1-1-1"
9817.7492041644782,216862,12752,4,"3-1"
9818.2927639181271,216844,12770,1,"1"
9832.8816594532691,216824,12790,2,"2"
9849.6943489292462,216770,12844,3,"3"
9853.8608572425892,216757,12857,1,"1"
9855.4225846369936,216744,12870,1,"1"
9862.6240009130233,216726,12888,1,"1"
9872.8389333202267,216212,13402,38,"7-3-3-2-2-2-2-2-2-1-1-1-1-1-1-1-1-1-1-1-1-1"
9875.4720284634277,216194,13420,1,"1"
9882.3769924981862,216157,13457,3,"2-1"
9885.0332592795457,216139,13475,1,"1"
9889.3199237989047,216121,13493,1,"1"
9908.3418314834071,216108,13506,1,"1"
9908.4656159401875,216072,13542,2,"2"
9915.0773398205984,216036,13578,2,"2"
9919.9356634833093,216018,13596,1,"1"
9935.8818336387849,215924,13690,10,"4-2-2-1-1"
9958.9487664387689,215906,13708,1,"1"
9971.1794973380511,215888,13726,1,"1"
9987.6504926503003,215875,13739,1,"1"
9991.390063354298,215857,13757,1,"1"
9995.433153237469,215839,13775,2,"2"
10005.861050681789,215769,13845,4,"2-1-1"
10013.105726327076,215733,13881,2,"2"
10017.343061111937,215679,13935,3,"3"
10026.403261433035,215662,13952,1,"1"
10027.942527206791,215655,13959,1,"1"
10029.075837580713,215637,13977,1,"1"
10039.519364385535,215628,13986,1,"1"
10042.328674276012,215610,14004,1,"1"
10046.03879747161,215593,14021,1,"1"
10051.40226972277,215575,14039,1,"1"
10055.138202395028,215557,14057,1,"1"
10055.687126928718,215503,14111,3,"2-1"
10059.260960057067,215467,14147,2,"1-1"
10065.703303774562,215449,14165,1,"1"
10073.236897042632,215435,14179,1,"1"
10084.747773520225,215417,14197,1,"1"
10088.972516922344,215367,14247,6,"2-2-1-1"
10096.469186497994,215349,14265,1,"1"
10125.646944316119,215331,14283,1,"1"
10129.041925202111,215313,14301,1,"1"
10135.235416929147,215277,14337,2,"1-1"
10152.41669796558,215197,14417,8,"2-2-2-1-1"
10152.599966280421,215179,14435,1,"1"
10156.997648777346,215143,14471,2,"2"
10159.491314447541,215089,14525,4,"2-1-1"
10165.401595912257,214987,14627,7,"2-1-1-1-1-1"
10180.994513213851,214969,14645,1,"1"
10186.235155690068,214741,14873,15,"6-3-3-1-1-1"
10196.109504040474,214723,14891,1,"1"
10199.614850952534,214643,14971,6,"3-2-1"
10199.697929583903,214625,14989,1,"1"
10200.603707192819,214601,15013,2,"1-1"
10202.952046843791,214583,15031,1,"1"
10203.731520016205,214565,15049,1,"1"
10208.358903601604,214493,15121,4,"3-1"
10211.18308811719,214475,15139,1,"1"
10216.704482475652,214460,15154,1,"1"
10220.642694220631,0,229614,12125,"12125"
----------------------------------------------3
0,229614,0,0,"0"
249.53408534290091,229613,1,1,"1"
289.22578094292794,229612,2,1,"1"
403.63770895867026,229611,3,1,"1"
418.85300730544856,229606,8,1,"1"
457.97528189967022,229603,11,3,"3"
458.53718606907012,229602,12,1,"1"
521.49878047996697,229601,13,1,"1"
527.5046924288132,229599,15,2,"2"
534.09940754049626,229598,16,1,"1"
536.42148218078728,229597,17,1,"1"
549.49403521638897,229595,19,2,"2"
550.86365229151738,229577,37,1,"1"
552.25217134268905,229576,38,1,"1"
554.46538169787607,229575,39,1,"1"
575.36858946829375,229574,40,1,"1"
597.66723219379264,229569,45,1,"1"
605.87249806139289,229564,50,1,"1"
658.16829439403671,229563,51,1,"1"
698.2293936451033,229562,52,1,"1"
699.86970585387485,229561,53,1,"1"
709.40037542205334,229543,71,1,"1"
714.54256898469771,229542,72,1,"1"
722.70043899892823,229541,73,1,"1"
725.66959652503965,229523,91,1,"1"
741.30961106957284,229522,92,1,"1"
822.3611077159461,229504,110,1,"1"
831.06722194190081,229503,111,1,"1"
862.83708802122101,229502,112,1,"1"
867.96311451614588,229501,113,1,"1"
878.15798044989549,229483,131,1,"1"
886.07538086465354,229482,132,1,"1"
891.43719438589471,229481,133,1,"1"
919.71755680418107,229480,134,1,"1"
1003.0369183219248,229477,137,3,"3"
1012.3380030381727,229476,138,1,"1"
1021.4132008112528,229475,139,1,"1"
1054.1770558663204,229457,157,1,"1"
1084.5089913123036,229456,158,1,"1"
1086.307231147862,229455,159,1,"1"
1087.5106491437002,229437,177,1,"1"
1088.5856710908288,229435,179,2,"2"
1139.6505690083893,229432,182,1,"1"
1140.8497898909088,229414,200,1,"1"
1150.4307777159304,229413,201,1,"1"
1179.7868912019244,229411,203,2,"2"
1262.2080803481435,229393,221,1,"1"
1277.5661116093277,229389,225,4,"4"
1293.7316491823433,229377,237,1,"1"
1301.5073133505912,229367,247,1,"1"
1305.7347094362028,229365,249,2,"2"
1319.3841363365455,229353,261,1,"1"
1320.1914154573765,229352,262,1,"1"
1334.3588954962279,229351,263,1,"1"
1356.2553948142429,229347,267,4,"4"
1356.6727019238422,229346,268,1,"1"
1393.8792981971601,229345,269,1,"1"
1413.3916958635166,229344,270,1,"1"
1524.5165946881889,229340,274,2,"1-1"
1526.8005888414002,229338,276,2,"1-1"
1545.1689815660402,229337,277,1,"1"
1554.7704680043903,229336,278,1,"1"
1584.5032582560164,229335,279,1,"1"
1594.902493852843,229334,280,1,"1"
1600.7155868597731,229333,281,1,"1"
1655.1397008864085,229331,283,2,"2"
1673.7783189428746,229321,293,1,"1"
1675.0308600952501,229320,294,1,"1"
1675.0648516354229,229300,314,2,"2"
1681.0186372943135,229286,328,1,"1"
1683.4046069677031,229285,329,1,"1"
1705.4410116212171,229284,330,1,"1"
1727.2283014729837,229283,331,1,"1"
1728.0139587283095,229282,332,1,"1"
1728.753839366005,229281,333,1,"1"
1740.4623828516978,229271,343,1,"1"
1749.4928903979769,229268,346,3,"1-1-1"
1750.0440262858574,229267,347,1,"1"
1753.2789052135145,229265,349,2,"1-1"
1759.992148859317,229259,355,2,"2"
1782.7137316770607,229255,359,2,"1-1"
1787.2875880929446,229254,360,1,"1"
1795.2602420280919,229253,361,1,"1"
1804.7839877830602,229252,362,1,"1"
1820.6661476017714,229249,365,1,"1"
1823.7193646518595,229247,367,2,"2"
1878.2602437718531,229229,385,1,"1"
1880.2607152201056,229228,386,1,"1"
1893.2553955829203,229227,387,1,"1"
1928.1901639077641,229224,390,1,"1"
1931.0393221785364,229222,392,2,"2"
1944.6743219266675,229218,396,2,"1-1"
1949.1497323406816,229211,403,1,"1"
1962.3832836756606,229193,421,1,"1"
1973.3305421342113,229175,439,1,"1"
1974.6833642901015,229174,440,1,"1"
1983.1764765197645,229172,442,2,"2"
2011.6779234026926,229167,447,1,"1"
2041.0093449046458,229166,448,1,"1"
2069.8337792433103,229165,449,1,"1"
2080.5873992692577,229161,453,4,"2-2"
2086.1283758718419,229160,454,1,"1"
2102.2461514941765,229158,456,2,"2"
2127.1085829124918,229156,458,2,"2"
2132.4875486377596,229155,459,1,"1"
2135.9628668268751,229137,477,18,"7-4-2-1-1-1-1-1"
2156.7780324864625,229136,478,1,"1"
2164.5444590033903,229118,496,1,"1"
2200.9517190895858,229117,497,1,"1"
2245.3111138243776,229116,498,1,"1"
2263.3687737486275,229111,503,1,"1"
2273.337465026701,229106,508,1,"1"
2275.4239456645387,229091,523,1,"1"
2275.7258262367923,229090,524,1,"1"
2305.762619914794,229076,538,1,"1"
2320.0310211205783,229074,540,2,"1-1"
2331.4065090093377,229071,543,1,"1"
2366.6777694889029,229053,561,1,"1"
2368.6308547942149,229048,566,5,"5"
2376.5198237462064,229046,568,2,"2"
2389.1823078223592,229030,584,1,"1"
2391.4252101049397,229029,585,1,"1"
2393.0663846501839,229019,595,1,"1"
2418.6544620034924,229018,596,1,"1"
2464.2628488513983,229016,598,2,"2"
2488.7374652695253,228998,616,1,"1"
2491.378485526126,228980,634,1,"1"
2500.2124748129686,228979,635,1,"1"
2533.92044182776,228969,645,1,"1"
2542.0786774419171,228968,646,1,"1"
2545.3190996820817,228965,649,1,"1"
2574.9222107398086,228960,654,1,"1"
2576.7252677207416,228957,657,3,"3"
2578.8997528095274,228952,662,1,"1"
2586.9850423362977,228947,667,1,"1"
2588.7611220693734,228945,669,2,"2"
2590.1760745673005,228944,670,1,"1"
2597.5496457148261,228926,688,1,"1"
2636.0803209450851,228908,706,1,"1"
2645.3299275802819,228872,742,2,"2"
2651.3165617553809,228867,747,1,"1"
2652.2527098969936,228861,753,2,"2"
2664.9542456863642,228854,760,1,"1"
2672.3467511206509,228853,761,1,"1"
2673.7271609836293,228852,762,1,"1"
2680.9426552973191,228848,766,2,"2"
2689.6421816510756,228847,767,1,"1"
2727.5788385998762,228829,785,1,"1"
2761.0583322141761,228828,786,1,"1"
2768.3697971303777,228826,788,2,"2"
2785.4850415291239,228823,791,1,"1"
2825.0287580838399,228805,809,1,"1"
2825.4764616071775,228804,810,1,"1"
2839.4411412610671,228786,828,1,"1"
2844.9321942260071,228785,829,1,"1"
2870.8889170640427,228783,831,2,"1-1"
2875.3392209634267,228782,832,1,"1"
2880.4292276123524,228778,836,2,"1-1"
2898.7899030412068,228776,838,2,"2"
2900.0924077441969,228766,848,1,"1"
2900.3815154066629,228763,851,1,"1"
2903.9728182796352,228762,852,1,"1"
2905.4001470289199,228759,855,3,"3"
2916.4246019535549,228745,869,1,"1"
2924.9400771858172,228744,870,1,"1"
2926.7410226650372,228726,888,1,"1"
2936.8535830484379,228708,906,1,"1"
2964.3315539779665,228704,910,4,"1-1-1-1"
2971.4752038199367,228686,928,1,"1"
2982.84994132052,228668,946,1,"1"
2987.7990365201667,228664,950,2,"2"
3027.776293315962,228661,953,1,"1"
3034.9202440745289,228643,971,1,"1"
3071.8828786523973,228642,972,1,"1"
3072.0468382843783,228632,982,1,"1"
3089.0911146943959,228627,987,1,"1"
3125.3699753361207,228591,1023,2,"2"
3136.8019522054997,228579,1035,1,"1"
3166.2431430807587,228561,1053,1,"1"
3201.1250316897849,228554,1060,1,"1"
3203.3489568458085,228544,1070,1,"1"
3222.918507390898,228530,1084,1,"1"
3238.0474346967503,228522,1092,2,"2"
3253.3149644054424,228521,1093,1,"1"
3260.7986956203727,228519,1095,2,"2"
3337.7350880514414,228503,1111,1,"1"
3392.0952681201761,228485,1129,1,"1"
3417.8741115010653,228467,1147,1,"1"
3444.7874130219161,228460,1154,1,"1"
3454.6293933732995,228440,1174,4,"4"
3489.9482852126248,228422,1192,1,"1"
3493.749265938352,228404,1210,1,"1"
3511.3963702250489,228386,1228,1,"1"
3513.4386344559043,228381,1233,1,"1"
3526.5826710763108,228363,1251,1,"1"
3527.7474737688335,228355,1259,2,"2"
3537.8982528127758,228352,1262,1,"1"
3550.0328761633004,228336,1278,1,"1"
3577.7020277881743,228318,1296,1,"1"
3626.5578872197602,228293,1321,2,"2"
3628.3759455426871,228290,1324,1,"1"
3660.5538721351872,228285,1329,1,"1"
3666.5066153148646,228273,1341,2,"1-1"
3710.2433963402564,228255,1359,1,"1"
3719.7241751568667,228237,1377,1,"1"
3725.6471403933906,228234,1380,1,"1"
3735.0996549231504,228216,1398,1,"1"
3768.0882610489589,228198,1416,1,"1"
3780.9056040876426,228197,1417,1,"1"
3781.4766651228169,228179,1435,1,"1"
3790.096356595936,228161,1453,1,"1"
3812.356914528616,228143,1471,1,"1"
3829.0386865164787,228125,1489,1,"1"
3861.9426712097729,228107,1507,1,"1"
3874.7752359087126,228102,1512,1,"1"
3881.0550630830412,228087,1527,1,"1"
3883.7346390008952,228080,1534,1,"1"
3888.8612536853125,228060,1554,2,"2"
3908.1852587596909,228042,1572,1,"1"
3913.4680842967855,228039,1575,1,"1"
3947.3499058100861,228029,1585,1,"1"
3952.3016009819262,228022,1592,1,"1"
3952.6932155522823,228017,1597,1,"1"
3959.3889007509547,227999,1615,1,"1"
3968.1370776768067,227981,1633,1,"1"
3992.4411981640706,227963,1651,1,"1"
3995.1433075563605,227945,1669,1,"1"
3996.5253920605537,227927,1687,1,"1"
4034.9709835358462,227917,1697,2,"2"
4037.0157585779411,227899,1715,1,"1"
4079.5815371234739,227890,1724,1,"1"
4080.1257823707028,227885,1729,1,"1"
4100.7108204152346,227871,1743,1,"1"
4118.071137731521,227866,1748,1,"1"
4137.6084705415115,227859,1755,1,"1"
4172.2518432906909,227841,1773,1,"1"
4210.8955991966022,227823,1791,4,"4"
4240.6796376392504,227818,1796,1,"1"
4243.3689791262095,227800,1814,1,"1"
4246.6997521660805,227781,1833,3,"3"
4256.4854125037054,227763,1851,1,"1"
4277.6205367896373,227750,1864,1,"1"
4279.3723438869183,227745,1869,1,"1"
4300.2407715049803,227740,1874,1,"1"
4338.6045814364452,227722,1892,1,"1"
4353.6776127172716,227713,1901,1,"1"
4381.05172228227,227700,1914,3,"2-1"
4385.8610852026259,227682,1932,1,"1"
4409.4327341709668,227673,1941,1,"1"
4417.2018204514025,227655,1959,1,"1"
4460.6628510820701,227650,1964,1,"1"
4468.8686717923974,227632,1982,1,"1"
4476.5156903503885,227614,2000,1,"1"
4484.0532649878487,227602,2012,1,"1"
4489.5540318929461,227586,2028,2,"2"
4511.8677979617305,227568,2046,1,"1"
4526.4390060550768,227554,2060,1,"1"
4546.9224719481772,227544,2070,2,"2"
4547.8384282451234,227526,2088,1,"1"
4575.3593162912302,227508,2106,1,"1"
4583.0588969001619,227505,2109,1,"1"
4606.39950398787,227495,2119,1,"1"
4630.0258844810214,227477,2137,1,"1"
4651.7461906614753,227459,2155,1,"1"
4691.0211639515392,227456,2158,1,"1"
4715.279204041406,227446,2168,2,"2"
4715.31045288935,227439,2175,1,"1"
4733.8366652807445,227425,2189,1,"1"
4748.3003545511201,227401,2213,2,"1-1"
4760.424950207992,227398,2216,1,"1"
4770.8165574041323,227380,2234,1,"1"
4818.6148955063027,227377,2237,1,"1"
4823.9633820493227,227374,2240,1,"1"
4825.538816849843,227306,2308,12,"6-2-1-1-1-1"
4854.7849130858467,227296,2318,1,"1"
4874.9033619529564,227286,2328,1,"1"
4889.6215052517873,227268,2346,1,"1"
4890.1154966038584,227263,2351,1,"1"
4893.8821814370258,227249,2365,1,"1"
4898.8272107376688,227244,2370,1,"1"
4899.9954511398837,227226,2388,1,"1"
4901.483682056637,227223,2391,1,"1"
4926.1062181695124,227205,2409,1,"1"
4931.7834613007972,227187,2427,1,"1"
4990.7357336685391,227169,2445,1,"1"
5002.9956620853491,227159,2455,1,"1"
5028.7614116554232,227154,2460,1,"1"
5034.2113144340865,227136,2478,1,"1"
5041.2771263812419,227117,2497,3,"3"
5070.3791924381403,227112,2502,1,"1"
5074.2904406362031,227109,2505,1,"1"
5098.7154077177593,227091,2523,1,"1"
5099.456715953761,227081,2533,2,"2"
5139.2735611203607,227045,2569,2,"1-1"
5145.5751344609716,227027,2587,1,"1"
5181.4363889926462,227009,2605,1,"1"
5202.2884124911334,226997,2617,1,"1"
5215.9492138921032,226979,2635,1,"1"
5222.4867482441168,226974,2640,1,"1"
5225.5601761201324,226956,2658,1,"1"
5232.2301529185261,226946,2668,1,"1"
5254.5185380260327,226928,2686,1,"1"
5302.3797231865246,226910,2704,1,"1"
5323.1841473828745,226892,2722,1,"1"
5324.4050985950989,226882,2732,1,"1"
5330.5043769722752,226874,2740,2,"1-1"
5346.3069225428662,226846,2768,4,"2-1-1"
5384.3259824983343,226828,2786,1,"1"
5387.8546043019333,226825,2789,1,"1"
5391.7544048389145,226807,2807,1,"1"
5393.6211495425196,226789,2825,1,"1"
5402.4324684681314,226782,2832,1,"1"
5408.7225962056518,226775,2839,1,"1"
5424.0949517892932,226757,2857,1,"1"
5433.7932541327755,226739,2875,1,"1"
5460.7734942032148,226729,2885,1,"1"
5495.5614845315768,226714,2900,3,"2-1"
5501.8135799544907,226711,2903,1,"1"
5527.0781457531848,226708,2906,1,"1"
5535.2990349524898,226690,2924,1,"1"
5548.6309846120866,226678,2936,1,"1"
5570.989213389189,226660,2954,1,"1"
5573.2237762094173,226642,2972,1,"1"
5595.8913972178952,226637,2977,1,"1"
5621.2211205463036,226627,2987,1,"1"
5624.0061300951884,226609,3005,1,"1"
5635.5892228946977,226591,3023,1,"1"
5636.0127651678849,226573,3041,1,"1"
5645.273346476286,226555,3059,1,"1"
5652.2287744665318,226537,3077,1,"1"
5658.041620580113,226519,3095,1,"1"
5664.4933196793036,226501,3113,1,"1"
5665.3199269683664,226498,3116,1,"1"
5675.7806919618033,226486,3128,1,"1"
5682.1450785331281,226468,3146,1,"1"
5685.7288990420884,226462,3152,2,"2"
5690.4053722285744,226444,3170,1,"1"
5694.1201963770791,226426,3188,2,"2"
5702.1020199939212,226410,3204,2,"2"
5729.0121036272194,226400,3214,1,"1"
5733.4237638651466,226392,3222,2,"2"
5744.389370957545,226387,3227,1,"1"
5755.4918244306773,226369,3245,1,"1"
5756.128593899437,226359,3255,2,"2"
5766.9167322379317,226341,3273,1,"1"
5770.4465967011101,226323,3291,1,"1"
5783.3364614647535,226289,3325,2,"2"
5789.0829972315032,226271,3343,1,"1"
5791.9414143359145,226257,3357,1,"1"
5805.1054441287733,226239,3375,1,"1"
5806.5694608056465,226203,3411,2,"1-1"
5814.3784902124571,226193,3421,1,"1"
5819.6155527850433,226186,3428,1,"1"
5822.7961397663667,226181,3433,1,"1"
5830.6904338871846,226176,3438,1,"1"
5834.1035338977235,226157,3457,3,"3"
5845.5312997699211,226139,3475,1,"1"
5852.4728753071595,226132,3482,1,"1"
5859.6291540935144,226114,3500,1,"1"
5860.924804223735,226108,3506,2,"2"
5888.31153741259,226094,3520,4,"1-1-1-1"
5927.8782286708929,226074,3540,2,"2"
5930.1308128915034,226069,3545,1,"1"
5933.492047352076,226064,3550,1,"1"
5950.2596741393709,226046,3568,1,"1"
5973.5650439143565,226041,3573,1,"1"
5986.9240174929464,226023,3591,1,"1"
5990.4971933252355,226013,3601,1,"1"
6001.8012852078446,225995,3619,1,"1"
6012.2906047199294,225977,3637,1,"1"
6014.0486373933882,225963,3651,2,"2"
6027.368560683999,225945,3669,1,"1"
6029.9197620746154,225942,3672,1,"1"
6029.9267892752459,225918,3696,2,"1-1"
6044.1452516916142,225900,3714,1,"1"
6064.7346395569266,225882,3732,1,"1"
6067.7051315014169,225868,3746,1,"1"
6082.663731925174,225850,3764,1,"1"
6096.1161370592208,225841,3773,1,"1"
6098.0095392517433,225823,3791,1,"1"
6102.6400043913172,225813,3801,1,"1"
6106.6270034390755,225796,3818,1,"1"
6116.9714801969794,225774,3840,2,"2"
6121.6071424080819,225760,3854,1,"1"
6131.9930964703699,225750,3864,1,"1"
6152.5533470671025,225732,3882,1,"1"
6174.1520255456171,225722,3892,2,"1-1"
6178.9530724946653,225710,3904,1,"1"
6195.0909206181732,225692,3922,1,"1"
6196.7501802535853,225674,3940,1,"1"
6212.9463840222706,225671,3943,1,"1"
6218.95618517395,225653,3961,1,"1"
6231.6948356576859,225643,3971,2,"1-1"
6232.5908401861579,225629,3985,1,"1"
6236.9646142848933,225611,4003,1,"1"
6244.0971909366799,225589,4025,2,"2"
6244.9020624854629,225577,4037,1,"1"
6248.1699002787818,225559,4055,1,"1"
6257.3356788900464,225541,4073,1,"1"
6277.4113257915478,225523,4091,1,"1"
6280.7026998909432,225509,4105,2,"2"
6281.0670095362793,225491,4123,1,"1"
6287.7502335968993,225473,4141,1,"1"
6292.0427529862536,225463,4151,1,"1"
6301.6142881766054,225436,4178,2,"2"
6319.195029137888,225409,4205,3,"2-1"
6319.8094959301125,225379,4235,3,"2-1"
6346.882535310363,225365,4249,1,"1"
6348.9050302319374,225360,4254,1,"1"
6350.4043767182811,225350,4264,1,"1"
6358.1287260455565,225332,4282,1,"1"
6361.9723039810378,225314,4300,1,"1"
6373.1441779159986,225297,4317,1,"1"
6403.9173164923059,225287,4327,1,"1"
6421.9500541002744,225278,4336,1,"1"
6426.4957204317916,225260,4354,1,"1"
6427.0695956808158,225242,4372,1,"1"
6429.9104019611332,225224,4390,1,"1"
6449.2209052086691,225221,4393,1,"1"
6475.4341539394709,225212,4402,3,"3"
6477.079792820532,225194,4420,1,"1"
6481.9262067630043,225176,4438,1,"1"
6483.5129085741955,225140,4474,2,"2"
6490.1769827065527,225122,4492,1,"1"
6492.990539226801,225104,4510,1,"1"
6496.9905740262548,225068,4546,2,"2"
6499.0730303085602,225050,4564,1,"1"
6526.6818684505315,225032,4582,1,"1"
6530.196134991942,225014,4600,1,"1"
6533.063332701674,224996,4618,1,"1"
6565.650067806816,224978,4636,1,"1"
6597.8573310628808,224960,4654,2,"2"
6635.91464230979,224936,4678,2,"1-1"
6645.7954905154274,224927,4687,1,"1"
6653.2930858298459,224905,4709,2,"2"
6653.5906467854484,224887,4727,1,"1"
6668.6496726930354,224869,4745,1,"1"
6671.499767013519,224855,4759,1,"1"
6681.1114952793605,224837,4777,1,"1"
6685.9640239164364,224819,4795,1,"1"
6707.013061045458,224809,4805,2,"2"
6714.6163237445553,224799,4815,1,"1"
6732.4102830456804,224782,4832,1,"1"
6738.5376323371274,224768,4846,4,"3-1"
6754.1325774013603,224758,4856,1,"1"
6772.8401216905249,224740,4874,1,"1"
6783.6465039728655,224730,4884,1,"1"
6784.786280152076,224712,4902,1,"1"
6796.6446366614837,224694,4920,1,"1"
6799.8747090822508,224679,4935,3,"2-1"
6804.4840912599666,224661,4953,1,"1"
6809.1600705517212,224643,4971,1,"1"
6811.2707436168157,224625,4989,1,"1"
6824.8364596385227,224607,5007,1,"1"
6836.3544273226717,224602,5012,1,"1"
6852.2071704865912,224599,5015,1,"1"
6856.9422135557661,224592,5022,1,"1"
6891.3113844955515,224574,5040,1,"1"
6892.7535245065883,224564,5050,1,"1"
6893.2913913395669,224554,5060,1,"1"
6933.6578963637239,224536,5078,1,"1"
6935.8253862949259,224512,5102,2,"2"
6936.7045796801713,224503,5111,1,"1"
6941.5131102928754,224496,5118,1,"1"
6941.573256007593,224478,5136,1,"1"
6974.1940545657226,224460,5154,1,"1"
6993.431669760861,224442,5172,1,"1"
7003.5967011625789,224430,5184,1,"1"
7004.9896530483938,224408,5206,6,"5-1"
7007.704497088208,224394,5220,2,"2"
7009.5460112045521,224376,5238,1,"1"
7026.9646808668931,224358,5256,1,"1"
7031.7696475842276,224340,5274,1,"1"
7049.8858357082227,224304,5310,2,"1-1"
7051.5646932804921,224286,5328,1,"1"
7051.9004842916165,224279,5335,1,"1"
7053.844635778074,224261,5353,1,"1"
7064.905663621661,224243,5371,1,"1"
7112.8974815410138,224189,5425,3,"3"
7114.9722720228119,224171,5443,1,"1"
7117.7170392439184,224153,5461,1,"1"
7124.1394197298268,224135,5479,1,"1"
7133.5325834611185,224117,5497,1,"1"
7136.8481026706095,224099,5515,1,"1"
7151.4223184883922,224081,5533,1,"1"
7163.8269242415581,224063,5551,1,"1"
7167.6415801944668,224056,5558,1,"1"
7167.7278508853788,224038,5576,1,"1"
7171.2410653787356,224020,5594,1,"1"
7188.2640132362112,224010,5604,1,"1"
7201.3402421795981,224003,5611,1,"1"
7201.3627755488096,223993,5621,2,"2"
7207.4118018353247,223975,5639,1,"1"
7208.2009200993407,223957,5657,1,"1"
7211.8073199702367,223944,5670,1,"1"
7212.9414601297804,223926,5688,1,"1"
7216.2281709106092,223908,5706,1,"1"
7238.527327673085,223867,5747,7,"3-2-2"
7247.8918703462168,223849,5765,1,"1"
7281.2856414453372,223815,5799,2,"2"
7283.5234369515701,223797,5817,1,"1"
7288.0729274869309,223787,5827,1,"1"
7302.1510864866041,223769,5845,1,"1"
7308.9784040391742,223745,5869,2,"2"
7328.1085790914804,223735,5879,1,"1"
7337.0488350780297,223699,5915,2,"1-1"
7368.3283035813811,223689,5925,2,"2"
7376.905048135568,223671,5943,1,"1"
7399.1038708004562,223653,5961,1,"1"
7412.7477848057979,223646,5968,1,"1"
7432.9326254708294,223636,5978,1,"1"
7445.0153327021007,223618,5996,1,"1"
7455.5479647191205,223609,6005,1,"1"
7463.7139757083924,223591,6023,1,"1"
7471.7867394040977,223573,6041,1,"1"
7477.2677033356431,223561,6053,1,"1"
7490.1379907598348,223543,6071,1,"1"
7490.5035836727357,223538,6076,1,"1"
7495.1042998463454,223522,6092,1,"1"
7497.5085772407228,223519,6095,1,"1"
7514.9074484783278,223507,6107,1,"1"
7520.1865384390458,223489,6125,1,"1"
7530.4453904786433,223479,6135,1,"1"
7540.8439248745526,223461,6153,1,"1"
7544.3602129982173,223417,6197,4,"2-2"
7553.1413028541783,223397,6217,2,"2"
7558.339645660616,223379,6235,1,"1"
7558.9554041045158,223371,6243,2,"1-1"
7574.8700513611921,223335,6279,3,"2-1"
7576.3932588567086,223330,6284,1,"1"
7601.7018601964446,223312,6302,1,"1"
7606.1640340810054,223301,6313,1,"1"
7606.9808861718502,223283,6331,1,"1"
7608.9017212928602,223273,6341,1,"1"
7613.9294957006459,223255,6359,1,"1"
7625.7814145785678,223250,6364,1,"1"
7626.601575466414,223235,6379,1,"1"
7641.2624565631586,223217,6397,1,"1"
7665.1493777266305,223199,6415,1,"1"
7665.2539334932435,223189,6425,1,"1"
7666.2489662047628,223171,6443,1,"1"
7674.931615558472,223153,6461,1,"1"
7677.3281106075292,223133,6481,2,"2"
7683.6059114330928,223115,6499,1,"1"
7683.9276899865636,223101,6513,2,"2"
7685.8065182169812,223091,6523,1,"1"
7688.4229976378592,223037,6577,3,"1-1-1"
7691.220521936064,223019,6595,1,"1"
7697.3304433059375,223014,6600,1,"1"
7697.55621792688,223009,6605,1,"1"
7705.6613302935348,222991,6623,1,"1"
7706.3387449486445,222973,6641,1,"1"
7706.9004347433083,222956,6658,1,"1"
7707.0307783673788,222924,6690,2,"1-1"
7715.7555227788835,222910,6704,1,"1"
7717.030022752253,222892,6722,1,"1"
7727.1362854674353,222874,6740,1,"1"
7730.4133574816669,222858,6756,1,"1"
7735.3261657644052,222840,6774,1,"1"
7756.7367393311806,222822,6792,1,"1"
7780.509752841117,222792,6822,2,"2"
7785.5933811086152,222789,6825,1,"1"
7794.2610475312267,222755,6859,3,"3"
7801.0355332103099,222734,6880,3,"3"
7819.6143523060127,222716,6898,1,"1"
7834.1600084314723,222693,6921,3,"2-1"
7834.4495585717323,222675,6939,1,"1"
7840.5290282633814,222665,6949,2,"2"
7851.8502784384009,222626,6988,7,"2-2-2-1"
7858.9420781564249,222608,7006,1,"1"
7885.6575740525122,222590,7024,1,"1"
7896.5480753484135,222576,7038,2,"2"
7911.4598375550459,222548,7066,2,"2"
7916.0400635886081,222537,7077,1,"1"
7919.1688665474376,222519,7095,1,"1"
7927.1092509064802,222501,7113,1,"1"
7930.3003581093253,222496,7118,1,"1"
7953.4202468652302,222478,7136,1,"1"
7971.4113746541725,222432,7182,6,"3-2-1"
7996.528128611395,222414,7200,1,"1"
7997.7733263195805,222396,7218,1,"1"
8007.2955905442795,222378,7236,1,"1"
8015.9904649915843,222360,7254,1,"1"
8028.9603011345171,222328,7286,2,"1-1"
8035.4477556227994,222310,7304,1,"1"
8068.4542362392922,222292,7322,1,"1"
8073.6275587966429,222274,7340,1,"1"
8079.9721260828637,222269,7345,1,"1"
8088.3870327854729,222251,7363,1,"1"
8101.3773187284978,222241,7373,1,"1"
8112.8111096483872,222217,7397,2,"2"
8118.7669394686363,222199,7415,1,"1"
8157.0482248207736,222192,7422,1,"1"
8160.272662792303,222174,7440,1,"1"
8167.7830602010836,222164,7450,1,"1"
8169.4047889029307,222146,7468,1,"1"
8175.4956221776029,222128,7486,1,"1"
8175.5537089344571,222110,7504,1,"1"
8183.5303012297591,222092,7522,1,"1"
8189.9772896434706,222082,7532,1,"1"
8191.1067010547522,222064,7550,1,"1"
8200.6554155495323,222046,7568,1,"1"
8210.1621990128915,221952,7662,12,"3-3-2-2-2"
8213.6184346894188,221934,7680,1,"1"
8214.7385694066743,221916,7698,1,"1"
8228.1010844582233,221898,7716,1,"1"
8245.3112308215968,221883,7731,1,"1"
8280.8346098316415,221865,7749,1,"1"
8281.2930068216301,221847,7767,1,"1"
8292.1923715170578,221811,7803,2,"1-1"
8312.2177159370294,221775,7839,2,"1-1"
8327.3429000681372,221743,7871,2,"1-1"
8328.5556461154956,221697,7917,6,"3-2-1"
8330.3812094095829,221687,7927,1,"1"
8331.740043962307,221682,7932,1,"1"
8336.7541309277603,221658,7956,2,"2"
8345.0429359069094,221640,7974,1,"1"
8373.8094838150228,221622,7992,1,"1"
8375.6691810958309,221572,8042,6,"3-1-1-1"
8384.3573882384862,221548,8066,2,"2"
8400.2889644410734,221448,8166,7,"2-2-1-1-1"
8404.1275749719516,221430,8184,1,"1"
8405.3553162065364,221416,8198,1,"1"
8412.4408168584741,221398,8216,1,"1"
8414.7770551520898,221362,8252,3,"3"
8420.8645866237548,221352,8262,1,"1"
8446.7918606212988,221334,8280,1,"1"
8470.4431004506787,221320,8294,1,"1"
8472.0361231931874,221256,8358,4,"3-1"
8478.2496074176852,221246,8368,2,"2"
8481.4463238147928,221228,8386,1,"1"
8481.6684336904873,221210,8404,1,"1"
8484.2173481951049,221196,8418,1,"1"
8487.6917025479233,221164,8450,4,"4"
8490.8672799671949,221146,8468,1,"1"
8525.300789590945,221128,8486,1,"1"
8527.2660814890405,221110,8504,1,"1"
8527.6385087100116,221092,8522,1,"1"
8562.424227521642,221074,8540,1,"1"
8563.2171706854188,221062,8552,1,"1"
8570.8304157250641,221050,8564,1,"1"
8576.8095706695331,221032,8582,1,"1"
8586.1668538285685,221014,8600,1,"1"
8593.53167993844,220996,8618,1,"1"
8594.4186978956259,220978,8636,1,"1"
8601.4509984958022,220960,8654,1,"1"
8610.4280985244186,220942,8672,1,"1"
8620.4643804050065,220906,8708,2,"2"
8625.8349555681016,220888,8726,1,"1"
8645.8037830779922,220836,8778,3,"2-1"
8646.3740095256817,220818,8796,1,"1"
8654.3631243042964,220782,8832,2,"1-1"
8663.8099478000713,220755,8859,3,"2-1"
8667.366793925421,220748,8866,1,"1"
8669.8393351602517,220724,8890,4,"4"
8687.5733243466857,220714,8900,1,"1"
8690.9528640035969,220681,8933,5,"4-1"
8697.071881447624,220667,8947,2,"2"
8700.4082268811653,220655,8959,1,"1"
8701.0588310362964,220637,8977,1,"1"
8716.9651084267189,220627,8987,1,"1"
8721.3497061240669,220609,9005,1,"1"
8724.314090794247,220599,9015,1,"1"
8731.0443855965441,220589,9025,1,"1"
8733.3926998766401,220571,9043,1,"1"
8736.6620494643175,220553,9061,2,"2"
8737.356816266798,220535,9079,1,"1"
8739.3725328130859,220517,9097,1,"1"
8745.6211421775952,220463,9151,3,"2-1"
8750.928706364095,220445,9169,1,"1"
8756.0058520112052,220428,9186,1,"1"
8763.7068172432828,220410,9204,1,"1"
8774.1907456234349,220392,9222,1,"1"
8774.9795373665638,220382,9232,1,"1"
8777.6481380121004,220364,9250,1,"1"
8778.2459391405209,220352,9262,1,"1"
8783.9184056177874,220334,9280,1,"1"
8798.7630645292484,220298,9316,2,"1-1"
8802.2871368334836,220263,9351,3,"2-1"
8808.9107030120613,220254,9360,1,"1"
8830.6639304454129,220236,9378,1,"1"
8832.7586342641152,220229,9385,1,"1"
8834.5745356224907,220211,9403,1,"1"
8853.5054881972264,220143,9471,8,"5-1-1-1"
8855.8123999131676,220001,9613,10,"6-1-1-1-1"
8858.2823317340335,219983,9631,1,"1"
8862.7223777958898,219943,9671,3,"3"
8863.987474527381,219925,9689,1,"1"
8871.1854370810015,219920,9694,1,"1"
8875.1425183475512,219892,9722,2,"2"
8888.1558831906314,219874,9740,1,"1"
8896.4460045351152,219856,9758,1,"1"
8897.070832305184,219838,9776,1,"1"
8900.3276585692529,219820,9794,1,"1"
8916.1870446207558,219802,9812,1,"1"
8916.6111170749355,219784,9830,1,"1"
8919.7191254433237,219766,9848,1,"1"
8949.0093318016152,219756,9858,2,"2"
8955.2316428188187,219738,9876,1,"1"
8967.7617902765905,219720,9894,1,"1"
8978.3004122644634,219684,9930,2,"1-1"
8995.5299173539952,219666,9948,1,"1"
9011.2727630153549,219648,9966,1,"1"
9015.8050509413533,219641,9973,1,"1"
9017.2614390075523,219623,9991,2,"1-1"
9023.482099176792,219559,10055,8,"5-2-1"
9027.8187194140173,219524,10090,4,"1-1-1-1"
9058.9117951129956,219506,10108,1,"1"
9072.3071084365274,219488,10126,1,"1"
9081.135950298476,219398,10216,5,"4-1"
9081.7298162977277,219384,10230,1,"1"
9084.1010958924035,219348,10266,2,"2"
9091.4683905331531,219330,10284,1,"1"
9093.0481912486048,219312,10302,1,"1"
9102.0068570155836,219294,10320,1,"1"
9108.7946846693721,219280,10334,2,"2"
9110.4194675059898,219262,10352,1,"1"
9124.9177733144152,219244,10370,1,"1"
9139.2160596750873,219226,10388,1,"1"
9171.30888837774,219208,10406,1,"1"
9174.4094412468057,219190,10424,1,"1"
9181.727751872997,219154,10460,2,"1-1"
9187.0325294004215,219144,10470,1,"1"
9213.5195862630517,219126,10488,1,"1"
9217.7335377444524,219108,10506,1,"1"
9220.8298500714736,219099,10515,1,"1"
9232.2941178558413,219079,10535,2,"2"
9233.8048921429254,219074,10540,1,"1"
9244.4585550743413,219043,10571,3,"2-1"
9246.1307036822691,219007,10607,2,"1-1"
9257.2755506118374,218989,10625,1,"1"
9262.2838091531285,218971,10643,1,"1"
9277.4311906814728,218953,10661,1,"1"
9278.2124942501741,218943,10671,1,"1"
9287.9586325344935,218938,10676,1,"1"
9292.7683789263265,218920,10694,1,"1"
9300.8274569285659,218884,10730,2,"2"
9301.0096092441399,218560,11054,25,"5-4-2-2-2-2-2-2-1-1-1-1"
9318.5475126489782,218542,11072,1,"1"
9341.6183822064504,218500,11114,3,"2-1"
9348.5774400731589,218482,11132,1,"1"
9362.7431286939191,218464,11150,1,"1"
9373.485226538789,218450,11164,2,"2"
9375.0339982388559,218426,11188,2,"1-1"
9384.1129130861827,218408,11206,1,"1"
9389.9636987375161,218384,11230,2,"2"
9394.6549186732518,218366,11248,1,"1"
9409.9502110666854,218348,11266,1,"1"
9414.0095731233268,218326,11288,2,"2"
9424.9979226125997,218308,11306,1,"1"
9448.6127666977336,218290,11324,1,"1"
9449.8848087959032,218272,11342,1,"1"
9478.2622108728574,218265,11349,1,"1"
9479.0175161965053,218247,11367,1,"1"
9481.3600674016525,218229,11385,1,"1"
9494.9910844059341,218153,11461,8,"3-2-1-1-1"
9512.696640783779,218146,11468,1,"1"
9518.7563634034705,218110,11504,2,"2"
9528.7875446920825,218099,11515,1,"1"
9529.6322191729432,218081,11533,1,"1"
9533.432573995251,218027,11587,3,"1-1-1"
9534.4354992941371,218009,11605,1,"1"
9534.5627402589453,217996,11618,1,"1"
9537.0036682935988,217978,11636,1,"1"
9543.3657468085294,217960,11654,1,"1"
9548.4916301419526,217942,11672,1,"1"
9552.2662574714814,217924,11690,1,"1"
9557.9184936568672,217906,11708,1,"1"
9559.8772476177728,217888,11726,2,"1-1"
9560.3084723482971,217870,11744,1,"1"
9573.8407880635077,217861,11753,1,"1"
9580.4092702471735,217843,11771,1,"1"
9583.5494151867879,217827,11787,1,"1"
9604.9104321777249,217809,11805,1,"1"
9605.551607979085,217791,11823,1,"1"
9606.5775450592901,217773,11841,1,"1"
9624.8120718370428,217715,11899,6,"5-1"
9633.4601956790866,217697,11917,1,"1"
9646.4155802633122,217661,11953,2,"2"
9660.2703157261658,217651,11963,1,"1"
9661.670992388119,217477,12137,20,"7-3-2-2-1-1-1-1-1-1"
9676.4200621898945,217462,12152,1,"1"
9682.7521189640665,217280,12334,13,"4-3-1-1-1-1-1-1"
9713.0134435448344,217262,12352,1,"1"
9714.7062889091867,217244,12370,1,"1"
9717.540896320399,217208,12406,2,"1-1"
9741.4620534242003,217188,12426,2,"2"
9757.6348197364659,217170,12444,1,"1"
9764.8824652799449,217082,12532,6,"2-1-1-1-1"
9768.2905792045749,217064,12550,1,"1"
9769.5665816984583,217026,12588,3,"2-1"
9773.1974352062789,217008,12606,1,"1"
9790.6081119536011,216961,12653,3,"3"
9814.0149230980169,216925,12689,2,"2"
9815.8306443613801,216863,12751,5,"3-2"
9838.8189834693712,216845,12769,1,"1"
9839.8493852667052,216827,12787,1,"1"
9853.1720832479641,216813,12801,1,"1"
9866.2040991498143,216806,12808,1,"1"
9875.291936931113,216788,12826,1,"1"
9878.2434346151622,216770,12844,1,"1"
9900.4857939443464,216752,12862,1,"1"
9907.8908252313158,216716,12898,2,"2"
9916.4046393046629,216666,12948,4,"3-1"
9919.9503775549929,216648,12966,1,"1"
9922.2966514924628,216630,12984,1,"1"
9922.8316255980408,216594,13020,2,"1-1"
9941.0478005301229,216576,13038,1,"1"
9949.6508529355851,216564,13050,1,"1"
9950.4708207874628,216546,13068,1,"1"
9953.1882346570492,216470,13144,5,"4-1"
9955.3619098723066,216452,13162,1,"1"
9956.9349316547832,216434,13180,1,"1"
9968.0644224098487,216416,13198,1,"1"
9970.7544045767299,216398,13216,1,"1"
9993.3765872784697,216380,13234,1,"1"
10011.986331170538,216192,13422,15,"4-3-3-1-1-1-1-1"
10037.68458988117,216156,13458,2,"1-1"
10041.544487331359,216120,13494,2,"1-1"
10044.845426042817,216110,13504,1,"1"
10048.675965096472,216092,13522,1,"1"
10054.153572095567,216074,13540,1,"1"
10064.871559290783,216056,13558,1,"1"
10074.392760803872,216038,13576,1,"1"
10078.266881179867,216000,13614,3,"2-1"
10087.325445746523,215982,13632,1,"1"
10090.271325106945,215928,13686,3,"1-1-1"
10095.495682210545,215910,13704,1,"1"
10098.056757644816,215892,13722,1,"1"
10099.299483867451,215598,14016,22,"5-5-2-2-2-2-1-1-1-1"
10113.72488429562,215562,14052,2,"1-1"
10124.547986526904,215476,14138,7,"3-3-1"
10129.482432756846,215390,14224,7,"5-1-1"
10143.271792382244,215314,14300,5,"3-1-1"
10144.973781803719,215296,14318,1,"1"
10147.525078032606,215246,14368,3,"1-1-1"
10153.175383408645,215210,14404,2,"2"
10155.038495047012,215174,14440,2,"2"
10172.851789832983,215142,14472,2,"1-1"
10178.023872037258,215137,14477,1,"1"
10178.983274218135,215101,14513,2,"1-1"
10179.047603108647,215083,14531,1,"1"
10184.357222714672,215065,14549,1,"1"
10185.98431725374,215047,14567,1,"1"
10190.307034042924,215029,14585,1,"1"
10206.221979284835,214973,14641,4,"2-1-1"
10208.792270883725,214904,14710,7,"4-2-1"
10213.373146969521,214895,14719,1,"1"
10222.343156855031,214890,14724,1,"1"
10236.623655824254,214826,14788,4,"4"
10256.743432967596,214790,14824,2,"1-1"
10257.194033842577,214772,14842,1,"1"
10265.704629332395,214754,14860,1,"1"
10270.422734738973,214509,15105,23,"6-6-4-2-2-1-1-1"
10278.619971824888,214491,15123,1,"1"
10288.82670944444,214439,15175,4,"2-1-1"
10291.411668318262,0,229614,12114,"12114"
----------------------------------------------4
0,229614,0,0,"0"
212.85604571566662,229609,5,1,"1"
277.8779644687923,229604,10,1,"1"
332.25487334754644,229603,11,1,"1"
356.68068652513972,229602,12,1,"1"
390.96098052326192,229601,13,1,"1"
441.03524244022134,229600,14,1,"1"
461.58768675081984,229599,15,1,"1"
472.79959476274252,229581,33,1,"1"
477.53118154014186,229580,34,1,"1"
488.52384515122861,229562,52,1,"1"
503.01870960353608,229561,53,1,"1"
512.28080439697726,229551,63,1,"1"
628.33001347407708,229550,64,1,"1"
638.99840164281898,229549,65,1,"1"
644.42474910802014,229548,66,1,"1"
679.33100787860474,229547,67,1,"1"
695.04253768428441,229546,68,1,"1"
702.27103534400578,229545,69,1,"1"
763.12942555265022,229544,70,1,"1"
779.49735690662817,229534,80,1,"1"
785.02386397298972,229524,90,1,"1"
797.15798509080923,229523,91,1,"1"
810.6058327951406,229522,92,1,"1"
840.77022546114904,229521,93,1,"1"
844.36383251842278,229520,94,1,"1"
871.21983532614183,229519,95,1,"1"
900.8366404001672,229518,96,1,"1"
922.77575248615221,229517,97,1,"1"
923.21836140587686,229516,98,1,"1"
924.53791770699479,229515,99,1,"1"
937.03643760774196,229514,100,1,"1"
1014.6308630076045,229513,101,1,"1"
1040.5785121952788,229512,102,1,"1"
1040.7600182028036,229511,103,1,"1"
1062.2688416375033,229510,104,1,"1"
1069.9372661177163,229509,105,1,"1"
1071.517825565611,229508,106,1,"1"
1096.5387915664244,229490,124,1,"1"
1106.2376440094254,229489,125,1,"1"
1106.3573062528719,229488,126,1,"1"
1147.918109540251,229487,127,1,"1"
1158.334648398675,229486,128,1,"1"
1171.1232152116449,229485,129,1,"1"
1199.4830772463056,229483,131,2,"2"
1202.5950593555067,229482,132,1,"1"
1207.1483528934616,229464,150,1,"1"
1220.2118530856319,229462,152,2,"2"
1262.772172595043,229457,157,5,"4-1"
1291.6458786075743,229456,158,1,"1"
1302.4968607751341,229455,159,1,"1"
1348.685674515787,229453,161,2,"2"
1359.8387458031868,229452,162,1,"1"
1377.2851390688677,229450,164,2,"2"
1406.2835073397757,229449,165,1,"1"
1427.3238096108057,229431,183,1,"1"
1427.5096182093012,229413,201,1,"1"
1433.453554682548,229395,219,1,"1"
1436.6601721689638,229394,220,1,"1"
1447.4761254640266,229376,238,1,"1"
1447.7690539910593,229358,256,1,"1"
1450.3605075431599,229346,268,1,"1"
1479.1549760002213,229345,269,1,"1"
1526.560483081447,229342,272,3,"1-1-1"
1556.6664647472107,229324,290,1,"1"
1564.6686787627802,229323,291,1,"1"
1569.5780600658991,229321,293,2,"2"
1589.6181618975529,229316,298,1,"1"
1596.5484687951082,229296,318,4,"2-2"
1598.1633439111836,229286,328,1,"1"
1602.1132020989535,229283,331,3,"2-1"
1629.1967757293794,229282,332,1,"1"
1639.7620540421769,229281,333,1,"1"
1656.7060718550274,229279,335,2,"2"
1658.2493314816638,229269,345,1,"1"
1672.0467414542072,229266,348,1,"1"
1687.2999045527938,229265,349,1,"1"
1688.8902015339863,229247,367,1,"1"
1692.7697316185458,229246,368,1,"1"
1706.5200106442287,229245,369,1,"1"
1739.2727007677447,229243,371,2,"2"
1741.2387405967663,229242,372,1,"1"
1746.9286073774131,229239,375,1,"1"
1765.8387208264951,229234,380,1,"1"
1770.1350806999124,229229,385,1,"1"
1774.0651698095112,229226,388,1,"1"
1777.6191190947679,229223,391,3,"3"
1782.9229798878539,229219,395,4,"3-1"
1796.6446767635907,229218,396,1,"1"
1798.4709096786032,229208,406,1,"1"
1818.4025485167197,229206,408,2,"1-1"
1825.1338254118828,229204,410,2,"2"
1825.6929638300237,229200,414,4,"2-2"
1867.8321930078077,229199,415,1,"1"
1874.0315110370157,229181,433,1,"1"
1877.8343670974768,229180,434,1,"1"
1892.8736655579771,229179,435,1,"1"
1906.0493912296663,229176,438,3,"3"
1906.7304106310032,229174,440,2,"1-1"
1911.0057731219672,229173,441,1,"1"
1926.3919798744075,229155,459,1,"1"
1949.6787579667123,229154,460,1,"1"
1954.6585498189213,229151,463,1,"1"
1959.1059552538311,229149,465,2,"2"
1960.8892547545906,229144,470,1,"1"
1984.9978209251735,229143,471,1,"1"
1990.0256244143827,229125,489,1,"1"
1990.093917598726,229121,493,4,"3-1"
2008.8612836267462,229120,494,1,"1"
2024.3334105279448,229115,499,1,"1"
2039.2056442822907,229114,500,1,"1"
2043.8335472893186,229112,502,2,"2"
2045.4861858770778,229109,505,1,"1"
2078.9229059396716,229108,506,1,"1"
2086.1659159692299,229105,509,1,"1"
2089.3860262621183,229104,510,1,"1"
2093.5837120697552,229086,528,1,"1"
2106.7336756213849,229083,531,3,"3"
2107.1782008612049,229082,532,1,"1"
2121.0223299011063,229081,533,1,"1"
2122.5665534732962,229077,537,4,"4"
2126.855818981554,229074,540,3,"3"
2150.7095571213795,229067,547,3,"2-1"
2156.773572210398,229062,552,1,"1"
2185.9388588390548,229050,564,1,"1"
2187.5281242267279,229048,566,2,"2"
2207.5635868373688,229030,584,1,"1"
2231.472565700135,229025,589,1,"1"
2236.2673408988539,229007,607,1,"1"
2236.552396945398,229006,608,1,"1"
2264.9745985618742,228989,625,1,"1"
2270.7481750345701,228988,626,1,"1"
2279.0267698545667,228987,627,1,"1"
2294.8478588196331,228983,631,2,"2"
2320.2185419126881,228981,633,2,"2"
2358.4806261503022,228970,644,1,"1"
2374.4890300935008,228969,645,1,"1"
2379.3523150043602,228966,648,1,"1"
2395.5422534890308,228961,653,1,"1"
2405.8824250328134,228960,654,1,"1"
2419.0589852777189,228955,659,1,"1"
2438.4315518022063,228947,667,8,"8"
2450.0684653679346,228942,672,1,"1"
2452.3683063030153,228924,690,1,"1"
2468.0773969039042,228906,708,1,"1"
2474.4584705231596,228892,722,1,"1"
2480.5987961657952,228868,746,2,"1-1"
2481.651611168073,228865,749,3,"3"
2524.6104256705594,228864,750,1,"1"
2540.4140686424366,228855,759,1,"1"
2550.6132365785925,228837,777,1,"1"
2579.7118189329753,228819,795,1,"1"
2580.9932856257692,228818,796,1,"1"
2603.4854438506727,228810,804,2,"2"
2636.2806579943003,228809,805,1,"1"
2674.4493297710796,228804,810,1,"1"
2690.6572403590212,228803,811,1,"1"
2714.5481097013289,228786,828,1,"1"
2719.8407642652701,228785,829,1,"1"
2739.6480793486785,228779,835,2,"1-1"
2763.9118330383312,228772,842,1,"1"
2766.1315998446539,228769,845,3,"3"
2771.3052032896435,228759,855,1,"1"
2776.8433547282043,228755,859,4,"3-1"
2792.9205519542597,228745,869,1,"1"
2795.4567484339927,228744,870,1,"1"
2829.4478624851545,228743,871,1,"1"
2849.7756702848842,228742,872,1,"1"
2859.2750281561016,228732,882,1,"1"
2884.8876833099621,228729,885,1,"1"
2890.6315988518127,228728,886,1,"1"
2895.402602163635,228725,889,1,"1"
2897.5724282434762,228707,907,1,"1"
2903.6035758366406,228706,908,1,"1"
2915.9664965143211,228705,909,1,"1"
2920.978347599244,228687,927,1,"1"
2936.0702284090808,228686,928,1,"1"
2937.7522396168097,228668,946,1,"1"
2961.1117611902573,228667,947,1,"1"
2968.3031582054582,228663,951,2,"1-1"
2985.052069275971,228645,969,1,"1"
3010.5648570654407,228644,970,1,"1"
3013.0312909182758,228638,976,2,"2"
3060.3242027633996,228620,994,1,"1"
3094.0196541373421,228602,1012,4,"3-1"
3119.615694015708,228599,1015,1,"1"
3139.2185348510111,228592,1022,1,"1"
3162.8518382998427,228587,1027,1,"1"
3180.3990802046956,228551,1063,2,"1-1"
3192.4237401982668,228546,1068,1,"1"
3192.7835965863333,228541,1073,1,"1"
3239.3856641386756,228523,1091,1,"1"
3249.3487595633751,228522,1092,1,"1"
3250.1507100935642,228504,1110,1,"1"
3283.5605380193815,228503,1111,1,"1"
3300.3542685745851,228485,1129,1,"1"
3306.053871120987,228480,1134,1,"1"
3338.5884842410255,228466,1148,1,"1"
3351.3547962066709,228448,1166,1,"1"
3393.1176702636913,228430,1184,1,"1"
3410.7435213339008,228427,1187,1,"1"
3411.9556898453725,228424,1190,1,"1"
3426.4090098745983,228414,1200,1,"1"
3434.2541403233272,228378,1236,2,"2"
3481.3269361062903,228354,1260,2,"2"
3496.6845603867587,228349,1265,1,"1"
3512.2266204113248,228331,1283,1,"1"
3519.1263636012986,228330,1284,1,"1"
3525.9797552015334,228327,1287,1,"1"
3527.3441742508726,228309,1305,1,"1"
3561.4205312810859,228304,1310,1,"1"
3583.754534125123,228292,1322,1,"1"
3584.8913145949664,228274,1340,1,"1"
3592.4529618929623,228256,1358,1,"1"
3626.936828363218,228253,1361,1,"1"
3627.0551449510217,228252,1362,1,"1"
3640.197302148878,228234,1380,1,"1"
3653.9412113112589,228233,1381,1,"1"
3690.02179543171,228215,1399,1,"1"
3714.8222695514692,228197,1417,1,"1"
3733.0655843507766,228192,1422,1,"1"
3748.7667726100267,228187,1427,1,"1"
3763.1017304012762,228169,1445,1,"1"
3771.7253900444216,228151,1463,1,"1"
3792.5747739544499,228148,1466,1,"1"
3825.0700640820451,228145,1469,1,"1"
3825.5463175284126,228142,1472,1,"1"
3827.7114947567911,228141,1473,1,"1"
3833.9879567224407,228105,1509,2,"1-1"
3853.2129724386468,228087,1527,1,"1"
3903.3989415857027,228073,1541,1,"1"
3909.8220206615151,228055,1559,1,"1"
3922.5632012862075,228050,1564,1,"1"
3971.5650532431705,228040,1574,1,"1"
3980.4450158184627,228022,1592,1,"1"
4020.4882226875816,228017,1597,1,"1"
4027.1125009578236,228007,1607,1,"1"
4071.2402633114298,228004,1610,1,"1"
4071.8022087800364,227986,1628,1,"1"
4078.3098312571728,227968,1646,1,"1"
4097.4538712240219,227963,1651,1,"1"
4102.7772571406413,227945,1669,1,"1"
4106.1107285952294,227935,1679,1,"1"
4128.2537419286609,227917,1697,1,"1"
4180.5490583294777,227899,1715,1,"1"
4208.9839523190158,227881,1733,1,"1"
4245.4563746719577,227863,1751,1,"1"
4273.8490232538898,227853,1761,1,"1"
4282.7726803559117,227850,1764,1,"1"
4315.240250204266,227845,1769,1,"1"
4357.9891039456361,227835,1779,1,"1"
4365.4802912216255,227830,1784,1,"1"
4368.9187064520347,227822,1792,2,"1-1"
4379.8315895587075,227810,1804,1,"1"
4415.564585376017,227792,1822,1,"1"
4417.7040499611558,227774,1840,1,"1"
4422.2078051159997,227764,1850,1,"1"
4477.4496556409704,227746,1868,1,"1"
4479.7761591968283,227743,1871,1,"1"
4490.9432469948388,227725,1889,1,"1"
4494.0178934594242,227722,1892,1,"1"
4540.8477653436148,227712,1902,1,"1"
4550.1904665490092,227694,1920,1,"1"
4555.1771255365329,227684,1930,2,"1-1"
4588.52065147965,227666,1948,1,"1"
4602.4662753815537,227630,1984,2,"1-1"
4612.9395123448858,227618,1996,2,"1-1"
4618.6123436294884,227603,2011,1,"1"
4627.6701261895751,227589,2025,2,"2"
4631.9536460766094,227570,2044,3,"3"
4651.878887973734,227565,2049,1,"1"
4652.3991329291712,227560,2054,1,"1"
4659.5905916747015,227550,2064,2,"2"
4672.0105488747949,227532,2082,1,"1"
4693.0449144276563,227512,2102,2,"2"
4695.8412304639896,227494,2120,1,"1"
4700.7516722217069,227489,2125,1,"1"
4714.4570023434544,227486,2128,1,"1"
4727.287250151564,227468,2146,1,"1"
4730.9213744059489,227446,2168,2,"2"
4733.18717060988,227428,2186,1,"1"
4744.6269726763503,227418,2196,1,"1"
4771.1268054967959,227403,2211,1,"1"
4839.8511085467308,227400,2214,1,"1"
4903.5018662378807,227364,2250,2,"2"
4911.8375644288262,227346,2268,1,"1"
4920.5599180809559,227328,2286,1,"1"
4920.8544606881906,227325,2289,1,"1"
4933.0730720985684,227307,2307,1,"1"
4933.2160572021503,227289,2325,1,"1"
4933.9436244217777,227271,2343,1,"1"
4936.0703871795959,227259,2355,1,"1"
4941.4160359345478,227241,2373,1,"1"
4943.8258715134689,227223,2391,1,"1"
4945.8097308397555,227208,2406,1,"1"
4985.4355056934519,227190,2424,1,"1"
5003.8467102862833,227180,2434,1,"1"
5006.2390199969177,227162,2452,1,"1"
5007.0593528217278,227154,2460,2,"1-1"
5017.4521826058599,227140,2474,4,"3-1"
5031.5045946835999,227122,2492,1,"1"
5037.4035446842809,227104,2510,1,"1"
5042.8822412102636,227090,2524,1,"1"
5044.4153336815452,227072,2542,1,"1"
5069.3243308445481,227067,2547,1,"1"
5074.1306451994606,227049,2565,1,"1"
5080.8499513278566,227031,2583,1,"1"
5084.6058268239531,227013,2601,1,"1"
5088.7627517768397,227008,2606,1,"1"
5094.2710589599637,227005,2609,1,"1"
5103.4454030369334,226987,2627,1,"1"
5105.7906700477124,226981,2633,2,"2"
5116.5627128541109,226963,2651,1,"1"
5142.9215121927937,226937,2677,6,"3-1-1-1"
5146.8017796527392,226932,2682,1,"1"
5153.3704706148683,226878,2736,3,"2-1"
5153.6955461944635,226862,2752,1,"1"
5155.3968511992052,226844,2770,1,"1"
5159.8952764513388,226814,2800,6,"3-3"
5167.1881044758829,226796,2818,1,"1"
5169.9002188876493,226784,2830,1,"1"
5193.382234644997,226766,2848,1,"1"
5209.4955790383656,226748,2866,1,"1"
5210.3203480630518,226712,2902,2,"2"
5237.6846029626822,226709,2905,1,"1"
5268.024247832529,226691,2923,1,"1"
5287.7693916891449,226673,2941,1,"1"
5303.6594230954443,226655,2959,1,"1"
5315.5568009182534,226637,2977,1,"1"
5321.2500499212292,226619,2995,1,"1"
5323.1171107983209,226601,3013,1,"1"
5324.000803070463,226598,3016,1,"1"
5340.7904077719331,226584,3030,2,"2"
5355.0406087969004,226579,3035,1,"1"
5360.8538815990987,226561,3053,1,"1"
5361.6078694294065,226549,3065,1,"1"
5374.8242749611481,226538,3076,1,"1"
5383.8097910643801,226528,3086,2,"2"
5390.5635536126583,226510,3104,1,"1"
5414.0143590332082,226490,3124,4,"2-1-1"
5416.1698825582025,226485,3129,1,"1"
5428.1578095065606,226482,3132,1,"1"
5443.0170004414167,226465,3149,3,"2-1"
5450.6517989843305,226447,3167,1,"1"
5451.2635767891334,226433,3181,2,"2"
5488.8686722615084,226416,3198,1,"1"
5508.0114567279288,226398,3216,1,"1"
5519.4434698934892,226393,3221,1,"1"
5523.2814183756627,226388,3226,1,"1"
5557.9739266951874,226370,3244,1,"1"
5567.895996951197,226352,3262,1,"1"
5585.1187413335565,226316,3298,2,"2"
5616.5921283364914,226298,3316,1,"1"
5626.231579591893,226280,3334,1,"1"
5632.4160612300157,226275,3339,1,"1"
5634.3908059505957,226247,3367,2,"1-1"
5652.7857388209941,226229,3385,1,"1"
5659.8081531533662,226211,3403,1,"1"
5667.6188903706197,226193,3421,1,"1"
5680.1016377951337,226175,3439,1,"1"
5702.5516128566223,226157,3457,1,"1"
5704.4564874281723,226147,3467,1,"1"
5717.2827297316053,226129,3485,1,"1"
5718.3574448934869,226093,3521,2,"2"
5725.1388151597157,226075,3539,1,"1"
5741.4063945829839,226061,3553,2,"2"
5752.4872180279408,226051,3563,1,"1"
5760.9049934534405,226039,3575,1,"1"
5763.9990401963387,226021,3593,1,"1"
5772.1458786417552,226015,3599,2,"2"
5788.2660463203074,225997,3617,1,"1"
5825.7326217910777,225994,3620,1,"1"
5859.6106169153072,225976,3638,1,"1"
5881.9677579882346,225958,3656,1,"1"
5882.9455146200553,225936,3678,2,"2"
5888.2220274700321,225931,3683,1,"1"
5891.7142726660441,225913,3701,1,"1"
5902.9038185240061,225899,3715,1,"1"
5903.5238459878319,225869,3745,3,"2-1"
5913.6224386191216,225859,3755,1,"1"
5939.831284369885,225845,3769,1,"1"
5947.002437810308,225827,3787,1,"1"
5964.0379389802438,225809,3805,1,"1"
6001.3449610970802,225773,3841,3,"2-1"
6006.7103124602136,225755,3859,1,"1"
6016.6371553508652,225740,3874,3,"3"
6020.8650203691086,225730,3884,1,"1"
6025.7135189033979,225712,3902,1,"1"
6071.8267268114532,225694,3920,1,"1"
6098.9935630296732,225689,3925,1,"1"
6131.0054806514499,225671,3943,1,"1"
6139.4761457065251,225653,3961,1,"1"
6148.5384296003822,225629,3985,2,"2"
6169.1224305646392,225614,4000,3,"2-1"
6169.2379456642238,225604,4010,2,"2"
6176.1264643710201,225580,4034,2,"2"
6183.5973843293768,225575,4039,1,"1"
6205.3077530564397,225541,4073,6,"2-2-2"
6227.6248886847043,225529,4085,1,"1"
6232.4608139487982,225519,4095,2,"1-1"
6243.2865649489286,225501,4113,1,"1"
6251.7218272330647,225483,4131,1,"1"
6262.4044018126751,225453,4161,2,"2"
6262.7448491007044,225441,4173,1,"1"
6265.6795022208644,225423,4191,1,"1"
6271.7965040907675,225405,4209,1,"1"
6276.6517349976511,225387,4227,1,"1"
6278.8344807738422,225378,4236,1,"1"
6295.165607235368,225360,4254,1,"1"
6301.589833345608,225342,4272,1,"1"
6303.3862385592711,225332,4282,1,"1"
6303.4520884787689,225314,4300,1,"1"
6319.9285556726518,225296,4318,1,"1"
6334.2846779520214,225278,4336,1,"1"
6346.5952281317313,225268,4346,1,"1"
6353.1244597537725,225250,4364,1,"1"
6364.2516723767476,225232,4382,1,"1"
6366.8231425819376,225214,4400,1,"1"
6372.6729616771336,225196,4418,1,"1"
6390.7313308923958,225178,4436,1,"1"
6391.5925684580816,225160,4454,1,"1"
6406.3349681801601,225144,4470,1,"1"
6420.6824432921549,225132,4482,1,"1"
6424.3192704110652,225114,4500,1,"1"
6450.6646241423123,225096,4518,1,"1"
6452.427784005351,225078,4536,1,"1"
6454.3783076556647,225060,4554,1,"1"
6455.2111931935733,225046,4568,2,"1-1"
6456.043402290934,225030,4584,1,"1"
6468.2147152926909,225012,4602,1,"1"
6482.5321729153811,225007,4607,1,"1"
6488.4103115023536,224989,4625,1,"1"
6489.7857720563434,224971,4643,1,"1"
6491.6703375800116,224953,4661,1,"1"
6496.8886276113399,224943,4671,2,"2"
6512.4184639786663,224925,4689,1,"1"
6525.6276796898637,224913,4701,1,"1"
6527.1304819150846,224908,4706,1,"1"
6531.4419188716374,224892,4722,1,"1"
6532.9693083796874,224882,4732,1,"1"
6582.5448307481911,224844,4770,3,"1-1-1"
6597.4349280530832,224832,4782,1,"1"
6609.5663262873104,224814,4800,1,"1"
6623.3965236617269,224797,4817,1,"1"
6633.214510652183,224778,4836,3,"2-1"
6635.0185619819867,224760,4854,1,"1"
6638.6287370066766,224748,4866,2,"1-1"
6644.9022469044439,224730,4884,1,"1"
6651.9149983112311,224696,4918,3,"2-1"
6657.7509247333901,224686,4928,1,"1"
6682.7562767559202,224668,4946,1,"1"
6690.3465130808336,224656,4958,1,"1"
6692.6678590999391,224586,5028,10,"6-1-1-1-1"
6709.9631155628758,224568,5046,1,"1"
6713.2653265202252,224548,5066,2,"2"
6714.1438202826694,224524,5090,2,"1-1"
6728.6618681132832,224506,5108,1,"1"
6734.7902831014608,224488,5126,1,"1"
6738.8885596539521,224470,5144,1,"1"
6754.7567136139769,224452,5162,1,"1"
6756.8514426518886,224437,5177,5,"5"
6757.5405325851316,224419,5195,1,"1"
6760.206468753544,224416,5198,1,"1"
6765.2613080810042,224376,5238,4,"2-2"
6768.3438979988759,224358,5256,1,"1"
6776.0755345282878,224340,5274,1,"1"
6799.0731982108846,224322,5292,1,"1"
6801.330549359519,224315,5299,1,"1"
6809.1075482121487,224308,5306,1,"1"
6810.9725545476622,224290,5324,1,"1"
6813.6332067179774,224272,5342,1,"1"
6852.0079853678144,224254,5360,1,"1"
6860.6568468348132,224236,5378,1,"1"
6863.8292533546592,224206,5408,2,"2"
6869.7444411628676,224190,5424,4,"3-1"
6879.6996944533039,224172,5442,1,"1"
6895.5141366508396,224154,5460,1,"1"
6897.3375841570687,224136,5478,1,"1"
6900.8369176935475,224118,5496,1,"1"
6915.1137260579744,224100,5514,1,"1"
6927.7058233486405,224090,5524,1,"1"
6943.4414612295077,224072,5542,1,"1"
6950.5381311702986,224059,5555,1,"1"
6960.2647073822536,224041,5573,1,"1"
6964.458773998479,224023,5591,1,"1"
6971.2444430386495,224005,5609,1,"1"
6972.3504839487623,223987,5627,1,"1"
6972.9729478583413,223958,5656,5,"2-2-1"
6975.593321292029,223909,5705,7,"3-2-1-1"
6980.6574291599745,223904,5710,1,"1"
6988.8287047554586,223886,5728,1,"1"
6992.9751767483249,223850,5764,2,"1-1"
7013.9904980421534,223832,5782,1,"1"
7017.6421263847069,223812,5802,2,"2"
7022.0830869462116,223794,5820,1,"1"
7032.155709448959,223776,5838,1,"1"
7035.2541945034918,223758,5856,1,"1"
7058.332622472456,223740,5874,1,"1"
7065.9985241164959,223723,5891,1,"1"
7075.7950189671838,223705,5909,1,"1"
7080.12060199183,223687,5927,1,"1"
7088.9108001880995,223651,5963,3,"2-1"
7112.7260202783891,223608,6006,7,"3-1-1-1-1"
7128.630032062486,223603,6011,1,"1"
7139.1843826035329,223585,6029,1,"1"
7144.0815078523792,223567,6047,1,"1"
7155.591800890933,223564,6050,1,"1"
7163.503090936877,223546,6068,1,"1"
7164.6899009599338,223492,6122,3,"3"
7166.1018967724567,223467,6147,2,"2"
7168.0291748304726,223449,6165,1,"1"
7177.6392871096277,223444,6170,1,"1"
7194.0825520384433,223426,6188,1,"1"
7203.1356806934009,223390,6224,2,"2"
7216.7462025177201,223372,6242,1,"1"
7222.3219314333355,223354,6260,1,"1"
7226.6311308706672,223336,6278,1,"1"
7229.3891648530753,223318,6296,1,"1"
7229.5187743141832,223300,6314,1,"1"
7247.3590066586003,223282,6332,1,"1"
7267.8800527855537,223264,6350,1,"1"
7279.7832543913228,223261,6353,1,"1"
7283.2500789725045,223243,6371,1,"1"
7289.1744555357473,223225,6389,1,"1"
7290.179685288912,223207,6407,1,"1"
7296.7187288154109,223180,6434,3,"3"
7350.7202723162372,223170,6444,2,"2"
7353.5827915759501,223160,6454,1,"1"
7375.0446633361371,223142,6472,1,"1"
7378.4766849586676,223124,6490,1,"1"
7379.4796535976257,223088,6526,2,"2"
7380.0472928502404,223070,6544,1,"1"
7380.8190504409649,223060,6554,1,"1"
7389.1402217385557,223050,6564,1,"1"
7442.6038914005212,223032,6582,1,"1"
7453.4689595954787,223025,6589,1,"1"
7464.1784019497554,223007,6607,1,"1"
7467.3722599116145,222989,6625,1,"1"
7470.2327226857897,222971,6643,1,"1"
7472.5303086744207,222950,6664,3,"3"
7482.677842239802,222932,6682,1,"1"
7485.6946528363869,222914,6700,1,"1"
7499.1080822306903,222907,6707,1,"1"
7510.8379501141044,222902,6712,1,"1"
7514.6790139357236,222886,6728,2,"2"
7517.4914284910501,222868,6746,1,"1"
7521.2392714599155,222863,6751,1,"1"
7532.8066963343608,222856,6758,1,"1"
7544.4206975451489,222838,6776,1,"1"
7545.2944992492357,222820,6794,1,"1"
7549.5855501003052,222806,6808,1,"1"
7564.0893675488969,222788,6826,1,"1"
7566.5448502042427,222770,6844,1,"1"
7567.9645888531259,222752,6862,1,"1"
7569.1308080993658,222747,6867,1,"1"
7573.098353016142,222729,6885,1,"1"
7577.1198987478374,222711,6903,1,"1"
7588.1339249956327,222704,6910,1,"1"
7591.4791665320836,222686,6928,1,"1"
7600.7875029291954,222668,6946,1,"1"
7602.275725353702,222663,6951,1,"1"
7605.3666339540468,222658,6956,1,"1"
7606.7292225491765,222640,6974,1,"1"
7631.0724276195579,222622,6992,1,"1"
7631.9736048447594,222586,7028,2,"2"
7643.0282040164511,222568,7046,1,"1"
7643.8327856560536,222559,7055,1,"1"
7648.9481045895218,222554,7060,1,"1"
7668.2092784680081,222535,7079,3,"2-1"
7669.2527630415052,222517,7097,1,"1"
7674.2023874167444,222477,7137,3,"2-1"
7681.2057302906151,222470,7144,1,"1"
7687.5383807071612,222458,7156,1,"1"
7688.4692258161695,222449,7165,1,"1"
7688.6399762097335,222442,7172,1,"1"
7702.5150446162006,222426,7188,1,"1"
7724.1989265252805,222408,7206,1,"1"
7727.1376189088487,222390,7224,1,"1"
7727.3479991876511,222372,7242,1,"1"
7762.4509776078849,222355,7259,1,"1"
7775.8556887712766,222341,7273,1,"1"
7777.9207092954903,222298,7316,5,"2-1-1-1"
7798.7667550673459,222280,7334,1,"1"
7809.1655749790953,222262,7352,1,"1"
7816.3120488671411,222226,7388,2,"1-1"
7832.2409137492086,222219,7395,1,"1"
7850.1827989642243,222201,7413,1,"1"
7855.4649409386293,222196,7418,1,"1"
7857.2961027293368,222178,7436,1,"1"
7859.3961508857865,222160,7454,1,"1"
7863.8965282297177,222155,7459,1,"1"
7879.4597004583584,222101,7513,3,"2-1"
7887.914346947211,222083,7531,1,"1"
7907.5762271395051,222065,7549,1,"1"
7908.6016970721885,222047,7567,1,"1"
7915.4240002483175,222029,7585,1,"1"
7919.8767601808195,222024,7590,1,"1"
7931.3643463976478,222006,7608,1,"1"
7946.8778948131931,221988,7626,1,"1"
7947.6792172932028,221970,7644,1,"1"
7961.1256369216517,221956,7658,1,"1"
7962.5767893445709,221946,7668,1,"1"
7965.9195606754556,221923,7691,2,"1-1"
7968.0076544405756,221905,7709,1,"1"
7977.8171915505709,221887,7727,1,"1"
7977.9115250760497,221869,7745,1,"1"
7984.0362325533488,221851,7763,1,"1"
8004.9222740418973,221833,7781,1,"1"
8008.969563065144,221815,7799,1,"1"
8014.5430476757629,221797,7817,1,"1"
8026.1470389581691,221779,7835,1,"1"
8027.049388661866,221769,7845,1,"1"
8028.2058170091032,221751,7863,1,"1"
8037.3032817843041,221733,7881,1,"1"
8047.4713611153484,221717,7897,1,"1"
8115.0818454778873,221694,7920,3,"2-1"
8122.3359494073638,221676,7938,1,"1"
8122.7902045859528,221658,7956,1,"1"
8129.1195077642451,221640,7974,1,"1"
8129.4019195814826,221622,7992,1,"1"
8145.0929645872602,221570,8044,4,"2-1-1"
8152.0035589215004,221552,8062,1,"1"
8157.4992355868317,221534,8080,1,"1"
8160.1333801131623,221516,8098,1,"1"
8164.4403759907264,221498,8116,1,"1"
8174.9673768417597,221480,8134,1,"1"
8203.7516453208791,221462,8152,1,"1"
8208.3179816643624,221444,8170,1,"1"
8215.3260503145266,221426,8188,1,"1"
8220.9233690539477,221408,8206,1,"1"
8223.1250486173012,221390,8224,1,"1"
8225.3688282388939,221372,8242,1,"1"
8248.2861173788697,221354,8260,1,"1"
8258.3403451365211,221336,8278,1,"1"
8288.5070660066303,221318,8296,1,"1"
8310.8585034858388,221297,8317,3,"3"
8312.6499627658577,221279,8335,1,"1"
8319.1221866959313,221261,8353,1,"1"
8329.4034285933812,221252,8362,1,"1"
8330.5657869090028,221234,8380,1,"1"
8351.8279049273406,221216,8398,1,"1"
8366.4539253691564,221203,8411,1,"1"
8371.6039971750597,221194,8420,1,"1"
8387.019557321255,221176,8438,1,"1"
8409.1634878522709,221148,8466,2,"2"
8409.4898439268218,221130,8484,1,"1"
8418.4890138268001,221112,8502,1,"1"
8451.0880690057838,221102,8512,1,"1"
8473.1435833550986,221082,8532,2,"1-1"
8482.4498266372666,221064,8550,2,"2"
8509.8170012916089,221046,8568,1,"1"
8515.2684232358988,221010,8604,2,"2"
8531.4714703315076,220996,8618,1,"1"
8541.711182434623,220942,8672,3,"1-1-1"
8552.9814488443935,220924,8690,1,"1"
8569.4740268452588,220912,8702,2,"1-1"
8569.7884192219972,220892,8722,2,"2"
8571.9040820006976,220874,8740,1,"1"
8579.2116048413664,220856,8758,1,"1"
8585.0918957523136,220851,8763,1,"1"
8585.7730442317206,220825,8789,4,"3-1"
8604.9863304527225,220815,8799,1,"1"
8622.055225354472,220779,8835,4,"2-1-1"
8627.8339104166516,220761,8853,1,"1"
8628.3296537598289,220743,8871,1,"1"
8629.4437959018869,220725,8889,1,"1"
8666.6355414362042,220671,8943,3,"2-1"
8671.1856002091045,220653,8961,1,"1"
8676.2101714060918,220577,9037,6,"2-2-2"
8681.6096318667369,220549,9065,2,"1-1"
8694.9585808269057,220525,9089,2,"2"
8705.729053250212,220507,9107,1,"1"
8713.2709116997394,220487,9127,4,"4"
8719.295231422604,220469,9145,1,"1"
8726.914334213141,220451,9163,1,"1"
8738.1861280709909,220437,9177,1,"1"
8739.9948533337829,220419,9195,1,"1"
8758.3111344750268,220401,9213,1,"1"
8772.4531034187403,220391,9223,1,"1"
8787.3641960951936,220377,9237,1,"1"
8802.8227206384981,220359,9255,1,"1"
8815.8169934926318,220333,9281,2,"1-1"
8834.4333852717136,220315,9299,1,"1"
8834.6736686088116,220293,9321,2,"2"
8859.9285064390297,220275,9339,1,"1"
8862.6049786819422,220221,9393,3,"3"
8872.4768389869259,220203,9411,1,"1"
8879.1047841398868,220167,9447,2,"1-1"
8881.0431105503576,220145,9469,2,"1-1"
8884.9542373300028,220110,9504,5,"3-2"
8890.4582436927958,220092,9522,1,"1"
8890.8890405411639,220080,9534,1,"1"
8891.3407741436513,220062,9552,1,"1"
8891.8499437201335,220048,9566,1,"1"
8894.1669121415252,220036,9578,1,"1"
8900.6357983952803,220018,9596,1,"1"
8903.4033266107308,219982,9632,2,"1-1"
8909.3599675882306,219964,9650,1,"1"
8924.0435060977798,219946,9668,1,"1"
8933.8331237850416,219824,9790,9,"3-2-2-1-1"
8937.582337925247,219788,9826,2,"2"
8953.5087276646555,219774,9840,1,"1"
8953.8040703769766,219761,9853,1,"1"
8958.8618444481381,219743,9871,1,"1"
8968.4407914605399,219736,9878,1,"1"
8973.5125094669656,219718,9896,1,"1"
8976.2939218396186,219700,9914,1,"1"
8983.7788319319825,219682,9932,1,"1"
8994.96572923442,219673,9941,1,"1"
8996.9480290864994,219664,9950,1,"1"
8998.6106662183192,219650,9964,1,"1"
8999.38559898936,219643,9971,1,"1"
9001.8852423493099,219625,9989,1,"1"
9022.686057624931,219607,10007,1,"1"
9023.1021569624263,219589,10025,1,"1"
9062.0229068360695,219553,10061,2,"1-1"
9068.6434813853484,219523,10091,2,"2"
9072.4628893552308,219509,10105,1,"1"
9076.3936004664556,219379,10235,10,"4-3-2-1"
9078.6414329261443,219369,10245,1,"1"
9093.1270614987643,219351,10263,1,"1"
9110.6585217942029,219319,10295,4,"4"
9122.934382211175,219283,10331,2,"1-1"
9123.2443311030074,219265,10349,1,"1"
9126.5111179306368,219177,10437,6,"3-2-1"
9130.8451619081407,219159,10455,1,"1"
9133.2921379196068,219141,10473,1,"1"
9142.6616051066339,219123,10491,1,"1"
9148.9501856402112,219116,10498,1,"1"
9149.0792544475607,219080,10534,2,"1-1"
9149.6926030528139,219062,10552,1,"1"
9157.8544825666559,219044,10570,1,"1"
9158.0943320582574,218928,10686,9,"4-2-1-1-1"
9158.776550514016,218910,10704,1,"1"
9162.417829179567,218892,10722,1,"1"
9164.1999214887946,218874,10740,1,"1"
9165.5034614848628,218856,10758,2,"2"
9169.3373091011126,218828,10786,2,"2"
9187.1751555195624,218810,10804,1,"1"
9192.219321472412,218792,10822,1,"1"
9197.7253856409752,218667,10947,9,"5-2-1-1"
9226.7741926603139,218649,10965,1,"1"
9229.8244755620053,218587,11027,5,"2-2-1"
9230.4516538587286,218569,11045,1,"1"
9237.5867885145071,218551,11063,2,"1-1"
9241.8319240797773,218546,11068,1,"1"
9244.4445453495882,218472,11142,6,"3-3"
9246.9544579930098,218456,11158,1,"1"
9264.7475109027873,218438,11176,1,"1"
9266.7423176188768,218422,11192,1,"1"
9273.370846036767,218381,11233,5,"2-2-1"
9284.5932630331154,218329,11285,6,"6"
9291.0902651097786,218315,11299,2,"1-1"
9293.5883453514816,218297,11317,1,"1"
9309.7735453856767,218275,11339,2,"1-1"
9312.5609962527506,218257,11357,1,"1"
9320.0694385977786,218239,11375,1,"1"
9348.9020323477234,218221,11393,1,"1"
9350.6007108876875,218203,11411,1,"1"
9357.6350102009801,218189,11425,1,"1"
9357.9900790645515,218171,11443,1,"1"
9373.3749341157345,218135,11479,2,"1-1"
9374.9474035353614,218117,11497,1,"1"
9379.044493571826,218110,11504,1,"1"
9382.8809325211696,218092,11522,1,"1"
9384.1225004055304,218074,11540,1,"1"
9386.9138969772212,218024,11590,3,"2-1"
9387.3295647588748,218006,11608,1,"1"
9406.2498906285437,217898,11716,14,"5-3-2-1-1-1-1"
9416.7242486234809,217863,11751,3,"3"
9424.1055772869731,217845,11769,1,"1"
9426.4463431650784,217827,11787,1,"1"
9427.688832200969,217809,11805,1,"1"
9432.0227712536853,217791,11823,1,"1"
9433.4769471760592,217773,11841,1,"1"
9437.1594374384822,217759,11855,1,"1"
9447.9940602833613,217754,11860,1,"1"
9448.2138623935971,217726,11888,2,"2"
9454.1690418136968,217708,11906,1,"1"
9456.1607591833254,217690,11924,1,"1"
9462.7292447155924,217654,11960,2,"2"
9475.0063175404466,217636,11978,1,"1"
9478.0076145106996,217618,11996,1,"1"
9486.5975592130289,217600,12014,1,"1"
9491.4630244382461,217564,12050,2,"1-1"
9499.9325318936571,217546,12068,1,"1"
9501.2805714723527,217528,12086,1,"1"
9516.48290393977,217510,12104,1,"1"
9521.0102197818942,217492,12122,1,"1"
9523.7780642513299,217474,12140,1,"1"
9525.8894395975276,217456,12158,1,"1"
9528.4417253034353,217438,12176,1,"1"
9537.0133275733588,217402,12212,2,"1-1"
9537.8926341925362,217366,12248,2,"2"
9540.8343433473656,217348,12266,1,"1"
9552.838714963611,217330,12284,1,"1"
9554.85311371647,217316,12298,1,"1"
9570.0282509589197,217232,12382,10,"3-2-2-1-1-1"
9584.7432038395073,217206,12408,2,"2"
9588.3650496102673,217188,12426,1,"1"
9593.0121804558548,217128,12486,4,"2-1-1"
9597.5191396968421,217110,12504,1,"1"
9607.2252762443659,217096,12518,1,"1"
9612.248846281891,216921,12693,14,"5-5-2-1-1"
9623.1049244698697,216907,12707,1,"1"
9628.0157534510945,216889,12725,1,"1"
9629.1170260467534,216871,12743,1,"1"
9631.7181458915875,216833,12781,3,"1-1-1"
9645.2211871561376,216815,12799,1,"1"
9658.6658139050833,216797,12817,1,"1"
9679.9946818280077,216779,12835,1,"1"
9684.5339852604648,216743,12871,2,"1-1"
9686.4675855775495,216725,12889,1,"1"
9691.0816942682759,216689,12925,2,"2"
9705.1353330171296,216671,12943,1,"1"
9705.6102363621358,216605,13009,5,"3-1-1"
9713.5883669110772,216587,13027,1,"1"
9729.4502208055619,216533,13081,3,"3"
9731.1446824730829,216515,13099,1,"1"
9732.0539542978477,216502,13112,1,"1"
9742.334358518754,216413,13201,7,"4-3"
9743.6906169412778,216395,13219,1,"1"
9746.8802805584965,216377,13237,1,"1"
9749.0104009882252,216359,13255,1,"1"
9758.4104177336667,216251,13363,10,"4-3-2-1"
9766.6774239635179,216242,13372,1,"1"
9769.5000838801952,216224,13390,1,"1"
9769.6861675637829,216206,13408,1,"1"
9772.2398790983552,216195,13419,1,"1"
9792.4822838074979,216177,13437,1,"1"
9796.5942168351103,216159,13455,1,"1"
9813.6180233075484,216141,13473,1,"1"
9822.1077724304159,216105,13509,2,"1-1"
9833.4038210697636,216087,13527,1,"1"
9834.5740920158642,216069,13545,1,"1"
9850.5341997729829,216062,13552,1,"1"
9853.3298641762103,216005,13609,7,"5-2"
9855.7005531357536,215971,13643,2,"2"
9860.6774877346998,215953,13661,1,"1"
9861.9142325305456,215935,13679,1,"1"
9861.9541711696656,215883,13731,3,"2-1"
9865.517497962981,215865,13749,1,"1"
9880.2767891500353,215633,13981,17,"6-5-2-1-1-1-1"
9880.6390421841552,215619,13995,2,"2"
9881.8046560349885,215583,14031,4,"2-1-1"
9883.944267183846,215566,14048,1,"1"
9886.7960949048102,215557,14057,1,"1"
9890.6920019047866,215531,14083,2,"2"
9892.3152645546779,0,229614,12215,"12215"
----------------------------------------------5
0,229614,0,0,"0"
173.64290252980709,229596,18,1,"1"
303.62196993793839,229578,36,1,"1"
371.04488700304313,229577,37,1,"1"
449.4220165166962,229576,38,1,"1"
463.66161079177039,229575,39,1,"1"
466.51542812545199,229573,41,2,"2"
573.46407890253954,229572,42,1,"1"
576.59454613778416,229571,43,1,"1"
620.64452595505895,229570,44,1,"1"
629.07004332640292,229567,47,1,"1"
670.36520279963543,229566,48,1,"1"
676.88990375588253,229565,49,1,"1"
695.09729201371613,229564,50,1,"1"
696.73646013796656,229563,51,1,"1"
707.8032642402286,229562,52,1,"1"
712.00683642765523,229561,53,1,"1"
716.40690034317879,229560,54,1,"1"
756.72803476271201,229542,72,1,"1"
773.99839030814508,229541,73,1,"1"
783.27959827463724,229534,80,1,"1"
804.77181880604689,229516,98,1,"1"
806.80953218297543,229505,109,1,"1"
818.30590901126732,229503,111,2,"2"
818.35219893013084,229494,120,1,"1"
839.97133691694296,229493,121,1,"1"
862.79458784973554,229492,122,1,"1"
893.02326252542298,229491,123,1,"1"
924.98570187797282,229490,124,1,"1"
945.65439884612431,229489,125,1,"1"
952.52196379522854,229488,126,1,"1"
1008.8619441876838,229487,127,1,"1"
1010.109504919319,229486,128,1,"1"
1013.5679666955947,229484,130,2,"2"
1019.1803314162644,229470,144,1,"1"
1020.3352985418459,229469,145,1,"1"
1025.7633874905018,229459,155,1,"1"
1047.2635367160115,229458,156,1,"1"
1050.2564152292955,229457,157,1,"1"
1067.8206324044079,229454,160,1,"1"
1070.3682224112654,229453,161,1,"1"
1118.8635048194997,229452,162,1,"1"
1120.1089443216151,229451,163,1,"1"
1132.8377790386098,229441,173,1,"1"
1142.2492604026406,229431,183,1,"1"
1143.5227880436828,229430,184,1,"1"
1146.1974451936178,229429,185,1,"1"
1153.5602760129241,229428,186,1,"1"
1168.0397797874143,229427,187,1,"1"
1177.0191870946787,229426,188,1,"1"
1181.9296465123939,229425,189,1,"1"
1182.107353772823,229424,190,1,"1"
1186.1878922816002,229417,197,1,"1"
1195.8461511744244,229416,198,1,"1"
1211.3044781358092,229398,216,1,"1"
1237.8199427545042,229380,234,1,"1"
1253.1424415239437,229379,235,1,"1"
1259.2968276485014,229378,236,1,"1"
1262.3795299863082,229376,238,2,"2"
1262.9434787800087,229358,256,1,"1"
1265.9809816548807,229340,274,1,"1"
1298.5637022324474,229339,275,1,"1"
1303.1015410334401,229338,276,1,"1"
1356.2075498540735,229334,280,4,"3-1"
1365.0043168048794,229333,281,1,"1"
1374.2879686319047,229331,283,2,"2"
1391.2234564321732,229330,284,1,"1"
1404.4732663263912,229327,287,3,"2-1"
1406.6236166800381,229309,305,1,"1"
1407.5197366442796,229291,323,1,"1"
1437.3814611032865,229280,334,3,"3"
1439.6723471308803,229279,335,1,"1"
1448.2932518008702,229269,345,1,"1"
1451.0701405518134,229268,346,1,"1"
1475.8829863428027,229267,347,1,"1"
1477.2988333712208,229249,365,1,"1"
1501.8485354050904,229248,366,1,"1"
1505.7344223926873,229230,384,1,"1"
1511.1896483970893,229212,402,1,"1"
1533.1239055414669,229194,420,1,"1"
1542.6628460857187,229193,421,1,"1"
1561.2823573645971,229192,422,1,"1"
1575.1498896431801,229191,423,1,"1"
1584.4319065942373,229179,435,1,"1"
1588.9636647296654,229177,437,2,"1-1"
1600.902399062832,229165,449,1,"1"
1612.6998497519803,229164,450,1,"1"
1637.2403208465353,229154,460,1,"1"
1657.3861463384865,229136,478,1,"1"
1675.7010984763037,229135,479,1,"1"
1695.9023190016562,229133,481,2,"1-1"
1696.5664067143459,229132,482,1,"1"
1713.5602627687083,229130,484,2,"2"
1715.7223441756685,229112,502,1,"1"
1721.9089688792646,229111,503,1,"1"
1729.3528444005233,229109,505,2,"1-1"
1730.3359369363368,229102,512,1,"1"
1731.6086860449179,229101,513,1,"1"
1741.1846759745879,229096,518,3,"2-1"
1765.7760399004558,229095,519,1,"1"
1777.8066407498122,229083,531,1,"1"
1782.2338110861424,229082,532,1,"1"
1794.4834238260396,229080,534,2,"2"
1795.8766256845331,229079,535,1,"1"
1796.897438196241,229076,538,3,"2-1"
1797.402978435658,229058,556,1,"1"
1808.4162834863357,229055,559,3,"2-1"
1824.1238739252319,229037,577,1,"1"
1825.6885975312862,229036,578,1,"1"
1835.9670153788732,229018,596,1,"1"
1842.531004223337,229017,597,1,"1"
1856.6885481464051,229014,600,3,"3"
1870.9159326071936,229013,601,1,"1"
1871.9980039994653,229010,604,1,"1"
1911.8657353928043,229009,605,1,"1"
1917.6350214730187,229002,612,3,"3"
1917.8875102003826,228984,630,1,"1"
1917.8968289164391,228966,648,1,"1"
1941.3155690515957,228965,649,1,"1"
1951.739907814703,228963,651,2,"2"
1969.4122220524032,228959,655,4,"2-1-1"
1976.8914118197085,228957,657,2,"1-1"
1977.2902644370142,228954,660,1,"1"
1977.6908484160679,228944,670,1,"1"
1989.8296735854376,228935,679,1,"1"
1999.7562244815279,228934,680,1,"1"
2007.5674151836017,228933,681,1,"1"
2027.9687333311683,228931,683,2,"2"
2028.6523090119847,228926,688,1,"1"
2035.4870462041292,228925,689,1,"1"
2048.3473023100423,228915,699,6,"6"
2054.2781078617268,228913,701,2,"2"
2054.6429777055309,228910,704,1,"1"
2056.3582288902339,228906,708,4,"4"
2065.7560210725969,228888,726,1,"1"
2071.893312176358,228870,744,1,"1"
2071.9189270943057,228869,745,1,"1"
2088.5880751204818,228867,747,2,"1-1"
2090.8764819947974,228861,753,6,"2-2-1-1"
2104.0230078074878,228859,755,2,"2"
2133.657534601984,228854,760,1,"1"
2139.2424173255008,228853,761,1,"1"
2146.2731087059014,228843,771,1,"1"
2148.2198656727915,228838,776,1,"1"
2185.0275338701563,228837,777,1,"1"
2188.1329642885939,228833,781,2,"2"
2215.7809349601489,228815,799,1,"1"
2226.6536457907614,228814,800,1,"1"
2257.2251145148061,228813,801,1,"1"
2286.7722921305021,228808,806,1,"1"
2348.9439856020413,228798,816,1,"1"
2374.8264086395525,228780,834,1,"1"
2393.8909709671843,228779,835,1,"1"
2397.3329050274465,228778,836,1,"1"
2408.0327957833147,228777,837,1,"1"
2418.4099208677808,228774,840,3,"2-1"
2431.5398647984462,228773,841,1,"1"
2446.5226167132396,228765,849,2,"1-1"
2450.6630504658924,228755,859,1,"1"
2461.023528224016,228754,860,1,"1"
2501.9136439789836,228753,861,1,"1"
2524.716627216304,228748,866,1,"1"
2562.1628275117382,228745,869,1,"1"
2619.0306245389488,228742,872,1,"1"
2642.5286979454741,228741,873,1,"1"
2648.6826513872829,228732,882,1,"1"
2654.1651299974351,228722,892,1,"1"
2670.5187327562417,228719,895,1,"1"
2674.196232565695,228701,913,1,"1"
2674.9612929177965,228700,914,1,"1"
2699.7793614886436,228672,942,2,"1-1"
2754.8212762382673,228654,960,1,"1"
2756.2520171060119,228636,978,1,"1"
2777.1119521961618,228623,991,1,"1"
2815.4557385835178,228608,1006,3,"1-1-1"
2817.1802061096491,228599,1015,1,"1"
2821.7049353196958,228581,1033,1,"1"
2831.0757948312662,228579,1035,2,"1-1"
2844.390151567577,228561,1053,1,"1"
2847.9552539526003,228545,1069,1,"1"
2859.4061089845636,228542,1072,1,"1"
2881.3014002696636,228524,1090,1,"1"
2886.8388157637755,228513,1101,11,"6-3-1-1"
2893.874583220294,228511,1103,2,"2"
2898.2271879391678,228507,1107,2,"2"
2927.0422795458671,228506,1108,1,"1"
2936.6248414250467,228505,1109,1,"1"
2946.181369251457,228487,1127,1,"1"
2951.5003162962307,228481,1133,2,"1-1"
2986.6972882835257,228463,1151,1,"1"
3010.3101177447315,228445,1169,1,"1"
3015.9002870502204,228435,1179,2,"2"
3019.0319366327926,228417,1197,1,"1"
3038.0857900558976,228414,1200,1,"1"
3040.3887751217103,228413,1201,1,"1"
3046.722378774859,228412,1202,1,"1"
3054.8971147684019,228394,1220,1,"1"
3061.0427934926315,228391,1223,1,"1"
3062.8665250368558,228373,1241,1,"1"
3090.6592853805423,228355,1259,1,"1"
3102.4627110571237,228348,1266,1,"1"
3115.7231413407317,228326,1288,2,"1-1"
3117.0446765673578,228308,1306,1,"1"
3145.0171594482313,228302,1312,2,"2"
3159.9840737958507,228284,1330,1,"1"
3179.2899586773401,228271,1343,3,"3"
3181.9044048855917,228270,1344,1,"1"
3181.953460135896,228253,1361,1,"1"
3201.9433882976646,228248,1366,1,"1"
3207.790557048449,228230,1384,1,"1"
3210.2712583265206,228227,1387,1,"1"
3210.486978020067,228209,1405,1,"1"
3236.7164093845176,228191,1423,1,"1"
3240.6862771446481,228185,1429,2,"2"
3240.9186463458518,228182,1432,1,"1"
3308.4141678977999,228164,1450,1,"1"
3312.9429587496816,228146,1468,1,"1"
3318.7065497525759,228137,1477,3,"3"
3331.7380780351796,228124,1490,1,"1"
3335.1526806929742,228114,1500,1,"1"
3336.0938911801031,228096,1518,1,"1"
3341.3473080914919,228078,1536,1,"1"
3384.7316728032242,228060,1554,1,"1"
3407.2761696259986,228042,1572,1,"1"
3414.0974440143136,228028,1586,1,"1"
3420.9232870955429,228022,1592,2,"2"
3437.901064446392,228021,1593,1,"1"
3476.8108730373106,228003,1611,1,"1"
3510.5157805970312,227998,1616,1,"1"
3512.0056955640648,227988,1626,1,"1"
3518.0614766848062,227979,1635,1,"1"
3527.0697685618743,227959,1655,2,"2"
3605.3552446600529,227948,1666,3,"3"
3613.2367266468746,227938,1676,1,"1"
3636.1616886786155,227933,1681,1,"1"
3636.3457282545887,227923,1691,2,"1-1"
3648.668008050226,227918,1696,1,"1"
3663.2132164203827,227900,1714,1,"1"
3707.413402370194,227882,1732,1,"1"
3746.1885405585767,227879,1735,1,"1"
3771.2706226306459,227864,1750,3,"3"
3778.5986805343455,227859,1755,1,"1"
3780.9901616894508,227841,1773,1,"1"
3798.1360947273747,227838,1776,1,"1"
3817.1412356063634,227820,1794,1,"1"
3820.5491169212014,227817,1797,1,"1"
3824.2999461224563,227814,1800,1,"1"
3872.167603744293,227796,1818,1,"1"
3883.1259307985351,227778,1836,1,"1"
3909.5712688665226,227771,1843,1,"1"
3948.1631592584217,227766,1848,1,"1"
3950.8157952430556,227754,1860,1,"1"
3982.0884875779857,227742,1872,2,"1-1"
3997.5050736235207,227739,1875,1,"1"
4023.8273071706558,227721,1893,1,"1"
4049.7059243539029,227703,1911,1,"1"
4076.5885963345477,227685,1929,1,"1"
4078.4940427424053,227680,1934,1,"1"
4127.1731836935369,227662,1952,1,"1"
4155.9278878235409,227644,1970,1,"1"
4167.1987859182864,227626,1988,1,"1"
4198.3483132772562,227620,1994,2,"1-1"
4200.1224061246912,227602,2012,1,"1"
4201.5705309080895,227599,2015,1,"1"
4203.0169529773048,227591,2023,2,"2"
4235.290038350684,227573,2041,1,"1"
4274.1937587760085,227555,2059,1,"1"
4301.5093946665902,227541,2073,2,"1-1"
4315.3978030985363,227531,2083,1,"1"
4327.3318999970761,227513,2101,1,"1"
4346.0511829387769,227506,2108,1,"1"
4363.3814756510847,227488,2126,1,"1"
4399.4877279368966,227485,2129,1,"1"
4402.290985035459,227469,2145,4,"3-1"
4402.9871337248896,227451,2163,1,"1"
4407.523066536889,227433,2181,1,"1"
4409.7604518054313,227430,2184,1,"1"
4424.5073859427202,227412,2202,1,"1"
4460.9308720471718,227394,2220,1,"1"
4472.3610496025422,227377,2237,1,"1"
4486.7516688732358,227359,2255,1,"1"
4503.474501040695,227344,2270,1,"1"
4507.2403647712781,227339,2275,1,"1"
4509.9304345161527,227321,2293,1,"1"
4538.3856270616297,227295,2319,2,"2"
4539.8557963945641,227283,2331,1,"1"
4567.8120788402748,227265,2349,1,"1"
4570.8919052719448,227262,2352,1,"1"
4611.84859695877,227257,2357,1,"1"
4632.0965728928568,227239,2375,1,"1"
4635.2195272553618,227221,2393,1,"1"
4643.1220690333266,227213,2401,2,"1-1"
4647.477618545151,227201,2413,1,"1"
4657.5830466730131,227183,2431,1,"1"
4666.2380431501379,227165,2449,1,"1"
4671.6740676815098,227147,2467,1,"1"
4676.4637236054332,227142,2472,1,"1"
4682.2654343632203,227137,2477,1,"1"
4704.4368835555342,227121,2493,1,"1"
4745.5105478861069,227103,2511,1,"1"
4752.8982703830998,227085,2529,1,"1"
4765.5983361349263,227076,2538,1,"1"
4776.4686436850679,227071,2543,1,"1"
4794.1504002026804,227066,2548,1,"1"
4829.2020814708176,227061,2553,1,"1"
4831.2507213784693,227043,2571,1,"1"
4843.9201006681214,227031,2583,4,"4"
4854.3782001673999,227013,2601,1,"1"
4861.4379150897676,227008,2606,1,"1"
4873.7394903003851,226990,2624,1,"1"
4883.8340642231178,226987,2627,1,"1"
4900.6663365950089,226974,2640,3,"3"
4919.7418925430011,226956,2658,1,"1"
4923.8072555712533,226944,2670,1,"1"
4949.7797259148438,226941,2673,1,"1"
4968.7833688824494,226932,2682,1,"1"
4975.7596240009043,226927,2687,1,"1"
5020.6917051944574,226909,2705,1,"1"
5025.7581169620071,226879,2735,6,"2-2-1-1"
5028.2625215091666,226874,2740,1,"1"
5056.5548533441734,226869,2745,1,"1"
5077.3171411597305,226851,2763,1,"1"
5081.4373825264784,226848,2766,1,"1"
5088.8404742141256,226830,2784,1,"1"
5103.3058161368181,226808,2806,2,"2"
5147.1028397582513,226797,2817,1,"1"
5156.0479407538896,226790,2824,1,"1"
5170.4412006322955,226772,2842,1,"1"
5192.1208835075549,226759,2855,3,"2-1"
5199.8516486551734,226741,2873,1,"1"
5211.1331779019056,226709,2905,2,"1-1"
5227.1540171959468,226700,2914,1,"1"
5227.4454144391821,226697,2917,1,"1"
5241.3120347543336,226687,2927,1,"1"
5242.0157889179345,226669,2945,1,"1"
5251.0056084326025,226664,2950,1,"1"
5257.0117191308918,226646,2968,1,"1"
5263.5396582289441,226628,2986,1,"1"
5271.5149235041235,226610,3004,1,"1"
5280.1010115818217,226592,3022,1,"1"
5284.270583668098,226589,3025,1,"1"
5297.2296272229569,226582,3032,1,"1"
5307.1055478707221,226568,3046,1,"1"
5314.593218515678,226550,3064,1,"1"
5317.1503841356389,226533,3081,1,"1"
5328.1107934707006,226524,3090,1,"1"
5330.5321044767152,226519,3095,1,"1"
5367.5065209252516,226514,3100,1,"1"
5377.5012211431831,226498,3116,1,"1"
5395.6620306845725,226480,3134,1,"1"
5397.4762156582738,226462,3152,1,"1"
5398.3227837038976,226444,3170,1,"1"
5414.0501853377909,226432,3182,1,"1"
5438.183418492853,226422,3192,1,"1"
5447.5405662493486,226419,3195,1,"1"
5457.2227437952743,226409,3205,2,"2"
5459.2624557475619,226391,3223,1,"1"
5470.129825497459,226373,3241,1,"1"
5470.1789493441029,226361,3253,2,"1-1"
5506.2859277577509,226356,3258,1,"1"
5563.9940817627485,226338,3276,1,"1"
5566.276240182553,226320,3294,1,"1"
5591.9701729977251,226302,3312,1,"1"
5596.111579465949,226284,3330,1,"1"
5598.9282949838553,226266,3348,1,"1"
5611.4192986260368,226246,3368,4,"4"
5620.7121333444165,226228,3386,1,"1"
5629.3282687155988,226210,3404,1,"1"
5648.9726431550625,226192,3422,1,"1"
5649.8998651308393,226174,3440,1,"1"
5656.8619590352582,226148,3466,2,"1-1"
5664.7849322859192,226130,3484,1,"1"
5714.3821581471384,226125,3489,1,"1"
5734.1503577290769,226115,3499,1,"1"
5737.1950046084012,226097,3517,1,"1"
5747.9709967715735,226088,3526,1,"1"
5748.6639716166619,226078,3536,2,"2"
5767.8921311439271,226058,3556,2,"1-1"
5770.4660596741132,226040,3574,1,"1"
5771.6689040573719,226035,3579,1,"1"
5772.2085711241234,226017,3597,1,"1"
5795.3729634245847,225999,3615,1,"1"
5798.498858423105,225981,3633,1,"1"
5798.9603174240983,225963,3651,1,"1"
5825.5158180673689,225956,3658,1,"1"
5831.4681476259839,225944,3670,1,"1"
5833.2990651360997,225926,3688,1,"1"
5834.1165325700449,225906,3708,2,"2"
5836.2135566474353,225895,3719,3,"2-1"
5875.2187398119822,225871,3743,2,"1-1"
5881.7190666492606,225817,3797,3,"2-1"
5887.6359201388286,225797,3817,2,"2"
5892.8041249454682,225779,3835,1,"1"
5900.9169440086171,225767,3847,1,"1"
5909.303936350726,225749,3865,1,"1"
5917.1592984184299,225731,3883,1,"1"
5921.2265558510135,225713,3901,1,"1"
5947.2137426293193,225708,3906,1,"1"
5953.3937113582733,225700,3914,2,"2"
5953.4715345848326,225682,3932,1,"1"
5955.6989434925754,225664,3950,1,"1"
5957.9380156935576,225646,3968,1,"1"
5958.3869851671034,225641,3973,1,"1"
5961.9037836240468,225623,3991,1,"1"
5963.474312975165,225605,4009,1,"1"
5965.6025935194166,225595,4019,1,"1"
5976.4311521683567,225570,4044,2,"2"
5997.911765366759,225552,4062,1,"1"
6011.3046165649512,225534,4080,1,"1"
6016.1458087007022,225516,4098,1,"1"
6034.2472292874118,225509,4105,1,"1"
6035.9272947716627,225491,4123,1,"1"
6037.6762538331168,225473,4141,1,"1"
6044.810471712758,225449,4165,4,"2-2"
6056.1129389944008,225444,4170,1,"1"
6056.9535538850914,225432,4182,1,"1"
6065.1339148409188,225422,4192,2,"1-1"
6074.3096694368405,225344,4270,6,"2-1-1-1-1"
6078.2659266196315,225326,4288,1,"1"
6092.0221223001281,225317,4297,1,"1"
6095.457868788586,225299,4315,1,"1"
6115.3049092706206,225281,4333,1,"1"
6115.7180279924014,225263,4351,1,"1"
6127.0175517281386,225254,4360,1,"1"
6163.5892814493836,225236,4378,1,"1"
6166.5719106824918,225218,4396,1,"1"
6170.148234063473,225200,4414,1,"1"
6200.4981215399102,225195,4419,1,"1"
6205.9575291130886,225188,4426,1,"1"
6208.8281960745999,225178,4436,1,"1"
6209.7668647967948,225160,4454,1,"1"
6218.7204354384958,225151,4463,1,"1"
6229.1519268174688,225144,4470,1,"1"
6234.3688675913945,225137,4477,1,"1"
6245.1221961474321,225119,4495,1,"1"
6263.5700409729952,225101,4513,1,"1"
6274.9544672264001,225083,4531,1,"1"
6292.6064853881917,225065,4549,1,"1"
6303.3797196189071,225037,4577,2,"1-1"
6303.3894846279636,225019,4595,1,"1"
6313.9841183061999,225001,4613,1,"1"
6330.9613110134715,224991,4623,1,"1"
6362.0493350774168,224982,4632,1,"1"
6363.745703978263,224964,4650,1,"1"
6381.9111997631335,224946,4668,1,"1"
6382.9727129340681,224941,4673,1,"1"
6385.5466139932832,224936,4678,1,"1"
6388.9881929403327,224900,4714,2,"1-1"
6390.7812673885956,224882,4732,1,"1"
6391.7917754479076,224864,4750,1,"1"
6391.9099491999377,224846,4768,1,"1"
6400.8459004662536,224828,4786,1,"1"
6403.3108629690059,224810,4804,1,"1"
6403.8075130536481,224786,4828,2,"2"
6423.8356436812855,224772,4842,1,"1"
6433.6900497857896,224769,4845,1,"1"
6491.4379064325294,224748,4866,3,"2-1"
6492.9675349887175,224730,4884,1,"1"
6501.4238570804173,224712,4902,1,"1"
6503.0022835755008,224694,4920,1,"1"
6513.8826305801322,224676,4938,1,"1"
6516.5040851249132,224658,4956,1,"1"
6521.3703475497232,224648,4966,1,"1"
6522.6439191689124,224612,5002,2,"2"
6526.009319134042,224594,5020,1,"1"
6575.0367583857651,224585,5029,1,"1"
6583.427821598355,224575,5039,1,"1"
6586.7303474499877,224563,5051,1,"1"
6589.9923376350362,224545,5069,1,"1"
6599.509324024958,224527,5087,1,"1"
6625.012843830722,224509,5105,1,"1"
6630.1059001574422,224491,5123,1,"1"
6635.2987919602538,224473,5141,1,"1"
6638.3331601570217,224468,5146,1,"1"
6642.0169339216318,224450,5164,1,"1"
6651.8929974599087,224427,5187,3,"2-1"
6659.3514389835627,224409,5205,1,"1"
6661.1512732220526,224395,5219,2,"1-1"
6663.0871379238961,224377,5237,1,"1"
6675.4097551012901,224370,5244,1,"1"
6690.0992777237234,224352,5262,1,"1"
6710.1657375190389,224334,5280,1,"1"
6718.9211460591832,224316,5298,1,"1"
6740.6916002272301,224292,5322,4,"4"
6741.1242817666025,224262,5352,3,"3"
6747.0124363990235,224244,5370,1,"1"
6772.5402495758844,224220,5394,2,"2"
6773.2017134682164,224202,5412,1,"1"
6785.88081066422,224166,5448,2,"2"
6799.3054496020859,224148,5466,1,"1"
6801.7396977799517,224130,5484,1,"1"
6805.1787727364872,224120,5494,1,"1"
6839.9037693725413,224102,5512,1,"1"
6840.115129542708,224084,5530,1,"1"
6846.0618287191728,224065,5549,3,"3"
6862.3960120565353,224047,5567,1,"1"
6865.6960877052534,224029,5585,1,"1"
6882.5750678814002,224011,5603,1,"1"
6906.3423150449153,223998,5616,1,"1"
6922.6772875650149,223980,5634,1,"1"
6924.382093671933,223975,5639,1,"1"
6941.1058704120323,223909,5705,5,"2-1-1-1"
6947.1575956200877,223891,5723,1,"1"
6952.9678076248738,223881,5733,1,"1"
6960.0339252505364,223876,5738,1,"1"
6961.9650605691832,223858,5756,1,"1"
6963.1669045785784,223851,5763,1,"1"
6964.49113513065,223836,5778,3,"2-1"
6972.4324485939997,223800,5814,3,"3"
6979.4292305179424,223782,5832,1,"1"
6994.105193034994,223751,5863,2,"2"
7002.4636315045873,223733,5881,1,"1"
7006.8256542642794,223723,5891,1,"1"
7016.8016586322856,223705,5909,1,"1"
7040.7272385731094,223687,5927,1,"1"
7047.1372329820861,223641,5973,3,"3"
7047.9703789351242,223623,5991,1,"1"
7057.7323670449487,223605,6009,1,"1"
7069.5557377487557,223592,6022,1,"1"
7070.8512224910692,223574,6040,1,"1"
7077.4124247652935,223559,6055,1,"1"
7078.21938051896,223541,6073,1,"1"
7085.043087839671,223531,6083,1,"1"
7087.8614316292087,223513,6101,1,"1"
7088.8051452818045,223495,6119,1,"1"
7100.6835511009158,223477,6137,1,"1"
7108.1383559406322,223468,6146,1,"1"
7114.0352452360958,223459,6155,1,"1"
7115.8875361541122,223441,6173,1,"1"
7116.1940692346789,223423,6191,1,"1"
7118.8504897847515,223405,6209,1,"1"
7119.6193601406176,223387,6227,1,"1"
7126.1361651377101,223369,6245,1,"1"
7129.8906368831704,223351,6263,1,"1"
7133.3601780592217,223333,6281,1,"1"
7146.0228524891909,223315,6299,1,"1"
7152.5766334738737,223305,6309,2,"1-1"
7154.9960667502219,223287,6327,1,"1"
7164.7864320510753,223269,6345,1,"1"
7182.5797507818843,223251,6363,1,"1"
7188.527452946164,223248,6366,1,"1"
7204.7050420033411,223238,6376,1,"1"
7205.8938188896791,223220,6394,1,"1"
7215.9216805038368,223208,6406,1,"1"
7218.1528379216279,223172,6442,3,"2-1"
7232.5508946177333,223136,6478,2,"2"
7243.7644736679695,223116,6498,2,"1-1"
7290.4836798458755,223098,6516,1,"1"
7295.0820187576028,223080,6534,1,"1"
7295.8954604326264,223062,6552,1,"1"
7306.1367110247738,223044,6570,1,"1"
7313.3756017334126,223026,6588,1,"1"
7330.8332009351034,223008,6606,2,"2"
7351.532207872704,222990,6624,1,"1"
7354.1425894603826,222980,6634,2,"1-1"
7354.9678794729189,222944,6670,2,"2"
7367.4276888451795,222922,6692,4,"3-1"
7369.6398462684419,222904,6710,1,"1"
7390.8545609477997,222892,6722,1,"1"
7402.317866247784,222848,6766,3,"3"
7415.4585050847481,222845,6769,1,"1"
7430.8848003423936,222803,6811,3,"2-1"
7432.2250173110833,222794,6820,1,"1"
7439.5015930848258,222776,6838,1,"1"
7443.7148065972297,222771,6843,1,"1"
7450.4834885187238,222753,6861,1,"1"
7464.7134861691202,222735,6879,1,"1"
7489.2858753138098,222717,6897,1,"1"
7501.3026674200919,222699,6915,1,"1"
7502.6520443459276,222692,6922,1,"1"
7513.3270288687409,222674,6940,1,"1"
7518.738839123499,222656,6958,1,"1"
7521.6852100334236,222638,6976,1,"1"
7531.7650755722007,222629,6985,1,"1"
7539.3646709498089,222611,7003,2,"2"
7542.4264574062718,222593,7021,1,"1"
7543.6546364289279,222557,7057,2,"2"
7552.2522333931529,222539,7075,1,"1"
7558.1648835066853,222521,7093,1,"1"
7571.8860161077646,222503,7111,1,"1"
7584.2267025465962,222463,7151,4,"1-1-1-1"
7596.1499324448105,222445,7169,1,"1"
7596.3851467979221,222435,7179,1,"1"
7633.7477282924965,222399,7215,2,"2"
7648.9370695107109,222385,7229,2,"2"
7658.173537283018,222359,7255,4,"2-1-1"
7674.5807616477023,222337,7277,2,"2"
7675.3295867379538,222319,7295,1,"1"
7688.8313304429894,222301,7313,1,"1"
7700.601399483392,222283,7331,1,"1"
7718.1154613165272,222262,7352,3,"3"
7719.6223176834965,222244,7370,1,"1"
7736.1259633355812,222239,7375,1,"1"
7752.0502440568835,222221,7393,1,"1"
7775.1098207454443,222185,7429,2,"2"
7778.2958169112862,222176,7438,1,"1"
7835.2555086162101,222135,7479,5,"3-1-1"
7844.7221811272229,222059,7555,8,"3-2-1-1-1"
7853.4059766013743,222052,7562,1,"1"
7854.6194229877838,222034,7580,1,"1"
7855.5431979779205,222016,7598,1,"1"
7859.5550023681535,221999,7615,3,"2-1"
7864.0285774540544,221990,7624,1,"1"
7878.4390247015654,221980,7634,1,"1"
7920.5720378100259,221962,7652,1,"1"
7936.3651717669254,221957,7657,1,"1"
7968.5733568231362,221907,7707,4,"2-1-1"
7971.7969766304377,221883,7731,2,"1-1"
7999.9983768523516,221865,7749,1,"1"
8023.495257991608,221847,7767,1,"1"
8027.2362934665407,221829,7785,1,"1"
8037.2959881818588,221813,7801,1,"1"
8037.3045430010307,221795,7819,1,"1"
8037.4216195771805,221777,7837,1,"1"
8038.70668566527,221759,7855,1,"1"
8043.7488482920498,221741,7873,1,"1"
8058.4201604706232,221723,7891,1,"1"
8073.764040256262,221718,7896,1,"1"
8078.3953679449533,221704,7910,1,"1"
8082.2839959428911,221695,7919,1,"1"
8083.0352059298539,221686,7928,1,"1"
8089.7943479911937,221668,7946,1,"1"
8111.4928089363138,221656,7958,2,"1-1"
8130.2832684237601,221638,7976,1,"1"
8132.0619422891223,221626,7988,1,"1"
8137.0557700642221,221589,8025,5,"2-2-1"
8142.1233989386938,221584,8030,1,"1"
8162.956308720708,221566,8048,1,"1"
8172.4279852649061,221551,8063,3,"3"
8183.0127546931417,221537,8077,2,"2"
8192.5373986467439,221473,8141,12,"7-3-1-1"
8216.4402857045807,221455,8159,1,"1"
8259.172301863242,221437,8177,1,"1"
8266.9848538481911,221423,8191,2,"2"
8279.849943331199,221405,8209,1,"1"
8315.6471802962842,221387,8227,1,"1"
8316.0921389528939,221365,8249,2,"2"
8318.7137734392927,221347,8267,1,"1"
8319.5499194113982,221329,8285,1,"1"
8328.0139580254836,221311,8303,1,"1"
8328.2673000641698,221293,8321,1,"1"
8339.272467201612,221275,8339,1,"1"
8345.0574159009084,221257,8357,1,"1"
8360.3968797494435,221248,8366,1,"1"
8361.7883235699937,221230,8384,1,"1"
8373.3767201269675,221212,8402,1,"1"
8387.406976332386,221194,8420,1,"1"
8395.7570596513051,221184,8430,1,"1"
8415.3851931913996,221175,8439,1,"1"
8428.9232108820415,221157,8457,1,"1"
8442.5930408697241,221139,8475,1,"1"
8452.9724274330565,221095,8519,3,"2-1"
8453.014570669633,221077,8537,1,"1"
8455.1671111808009,221063,8551,1,"1"
8455.8393979437005,221036,8578,3,"1-1-1"
8462.1238347625895,221011,8603,3,"1-1-1"
8469.4409381775185,221004,8610,1,"1"
8471.186989695967,220877,8737,15,"7-4-1-1-1-1"
8475.7056728428797,220865,8749,1,"1"
8479.6739819643681,220847,8767,1,"1"
8487.860435765022,220829,8785,1,"1"
8493.3227727720623,220811,8803,1,"1"
8495.4148874005023,220719,8895,6,"3-2-1"
8508.1156250660151,220701,8913,1,"1"
8508.3682341588847,220691,8923,1,"1"
8510.9489553401727,220675,8939,1,"1"
8541.5868566231929,220657,8957,1,"1"
8541.9644929888163,220638,8976,3,"2-1"
8545.8491668998067,220614,9000,2,"1-1"
8552.9440587891986,220596,9018,2,"2"
8565.6171585550073,220570,9044,2,"1-1"
8575.060594270346,220552,9062,1,"1"
8577.9823197859896,220536,9078,2,"1-1"
8587.8910933692878,220518,9096,1,"1"
8593.4759701921539,220506,9108,1,"1"
8613.0265496446555,220488,9126,1,"1"
8626.1092915061927,220452,9162,2,"2"
8634.4428982917034,220434,9180,1,"1"
8649.1374597455142,220416,9198,1,"1"
8687.9460696781189,220398,9216,1,"1"
8689.5135211991037,220380,9234,1,"1"
8707.3488296582891,220362,9252,1,"1"
8707.3618929599979,220344,9270,1,"1"
8721.1286450516782,220339,9275,1,"1"
8722.6257654064775,220321,9293,1,"1"
8741.3232505887318,220303,9311,1,"1"
8752.0637942622106,220285,9329,1,"1"
8787.5957834332003,220267,9347,1,"1"
8797.5029704148837,220220,9394,5,"3-1-1"
8833.7917770815566,220215,9399,1,"1"
8836.9869712475302,220203,9411,1,"1"
8839.0608763704968,220166,9448,3,"1-1-1"
8853.7363411082479,220148,9466,1,"1"
8863.0240275351407,220094,9520,4,"3-1"
8863.9870895780696,220076,9538,1,"1"
8887.9749233278817,220040,9574,2,"1-1"
8900.051279683099,220012,9602,2,"2"
8900.5344843988532,219998,9616,2,"2"
8918.8657205058207,219980,9634,1,"1"
8977.6118390723077,219970,9644,1,"1"
8982.1468194744284,219952,9662,1,"1"
8988.6333484557545,219470,10144,36,"6-6-6-4-3-2-2-2-2-1-1-1"
8989.7902392661326,219452,10162,1,"1"
9022.2294081183791,219434,10180,1,"1"
9039.5902428353929,219416,10198,2,"2"
9041.7783686687144,219374,10240,3,"2-1"
9042.0243957682833,219356,10258,1,"1"
9046.1486012227579,219345,10269,1,"1"
9054.6925097723979,219276,10338,9,"3-2-1-1-1-1"
9056.2101674403621,219244,10370,3,"2-1"
9078.1116657676412,219226,10388,1,"1"
9086.5822455670841,219191,10423,3,"2-1"
9115.7449433819475,219173,10441,1,"1"
9117.4519251796009,219155,10459,1,"1"
9123.8442173714629,219150,10464,1,"1"
9123.845078871449,219106,10508,3,"2-1"
9128.5711643486848,219088,10526,1,"1"
9142.0121627212156,219070,10544,1,"1"
9142.8353672739813,219060,10554,1,"1"
9143.8873754175438,219042,10572,1,"1"
9146.2144466059999,218958,10656,6,"5-1"
9153.2363646053545,218940,10674,1,"1"
9162.2500590406453,218882,10732,5,"3-1-1"
9169.9401840503833,218830,10784,4,"3-1"
9175.0840412954331,218784,10830,4,"2-1-1"
9175.9751634690383,218766,10848,1,"1"
9180.374723992074,218746,10868,2,"2"
9180.4114428652974,218728,10886,1,"1"
9183.436821738811,218710,10904,1,"1"
9188.9811219408293,218692,10922,1,"1"
9197.6852490616675,218683,10931,1,"1"
9199.2367920036431,218647,10967,2,"2"
9202.5369280138184,218625,10989,2,"2"
9218.7760509909203,218607,11007,1,"1"
9221.0950315849859,218463,11151,15,"4-4-2-1-1-1-1-1"
9229.5135935565195,218283,11331,13,"4-2-2-1-1-1-1-1"
9231.0741076414924,218224,11390,7,"4-2-1"
9233.0136434616925,218206,11408,1,"1"
9236.7530486911528,218196,11418,1,"1"
9255.7361333627232,218158,11456,4,"3-1"
9263.5305709990407,218144,11470,2,"2"
9264.0517909403043,218112,11502,3,"2-1"
9264.1180018081523,218094,11520,1,"1"
9265.1162234771818,218076,11538,1,"1"
9274.6683408105073,218040,11574,2,"2"
9286.5384293257866,218022,11592,1,"1"
9292.1616438999008,218004,11610,1,"1"
9310.2198394492716,217986,11628,1,"1"
9314.2729264594163,217972,11642,2,"2"
9320.5906940320292,217954,11660,1,"1"
9325.0618016132375,217918,11696,2,"2"
9333.4336247365209,217900,11714,1,"1"
9360.5036744529862,217882,11732,1,"1"
9373.3198141059565,217864,11750,1,"1"
9378.3907816388328,217846,11768,1,"1"
9390.4656466541383,217828,11786,1,"1"
9396.0090412650025,217819,11795,1,"1"
9404.5232653758103,217801,11813,1,"1"
9405.1886134178003,217783,11831,1,"1"
9417.9412229457666,217709,11905,5,"4-1"
9425.8854521641442,217695,11919,1,"1"
9434.164856469939,217677,11937,1,"1"
9437.4374643019946,217631,11983,3,"1-1-1"
9447.7502727131941,217613,12001,1,"1"
9449.203422367973,217553,12061,8,"6-1-1"
9454.6575154875463,217539,12075,1,"1"
9465.9425494525185,217471,12143,6,"3-1-1-1"
9467.5562630870518,217393,12221,10,"5-2-1-1-1"
9468.1751379936923,217357,12257,2,"2"
9475.5346737897962,217339,12275,1,"1"
9477.1057341415344,217303,12311,2,"1-1"
9482.0064852027299,217285,12329,1,"1"
9500.5744299363305,217267,12347,1,"1"
9514.8303731896322,217231,12383,2,"1-1"
9521.3571329411261,217165,12449,5,"2-2-1"
9521.7562354667389,217129,12485,2,"2"
9522.0151986477558,217111,12503,1,"1"
9528.1321289661537,217093,12521,1,"1"
9529.9643558985535,217038,12576,4,"3-1"
9544.8264845227186,217024,12590,1,"1"
9545.2810703835148,216988,12626,2,"2"
9546.2414746124778,216970,12644,1,"1"
9558.2081703946333,216872,12742,8,"3-2-2-1"
9563.3408091454967,216854,12760,1,"1"
9568.9510025433519,216836,12778,1,"1"
9576.2997361368907,216818,12796,1,"1"
9584.8851399998475,216802,12812,2,"2"
9585.7881703175899,216784,12830,1,"1"
9610.4725538295606,216774,12840,2,"1-1"
9625.1936878424676,216758,12856,1,"1"
9628.6961719228893,216534,13080,17,"3-2-2-2-1-1-1-1-1-1-1-1"
9646.7914200549494,216516,13098,1,"1"
9655.3398543394687,216480,13134,2,"1-1"
9668.3858616393081,216462,13152,1,"1"
9689.353975052285,216444,13170,1,"1"
9694.0891136773153,216426,13188,1,"1"
9697.5531681027587,216408,13206,1,"1"
9706.9151755800813,216390,13224,1,"1"
9708.981836763056,216372,13242,1,"1"
9728.8558366364396,216308,13306,5,"2-2-1"
9742.9225360049659,216272,13342,2,"2"
9758.3220927797774,215838,13776,33,"7-5-3-2-2-2-2-1-1-1-1-1-1-1-1-1-1"
9763.9166867849326,215773,13841,5,"3-1-1"
9764.4080402393702,215673,13941,8,"4-2-1-1"
9768.6414087774247,215653,13961,2,"2"
9774.0169864408599,215635,13979,1,"1"
9775.2539213303189,215617,13997,1,"1"
9776.8960430733187,215181,14433,33,"5-4-3-3-2-2-2-2-2-1-1-1-1-1-1-1-1"
9777.9238410620146,215163,14451,1,"1"
9783.0030533822155,215150,14464,1,"1"
9784.1350782747213,215134,14480,1,"1"
9791.5186888296212,215116,14498,1,"1"
9796.3893939206719,215098,14516,1,"1"
9807.0342989753117,215080,14534,1,"1"
9839.5922286057794,215044,14570,2,"1-1"
9840.233286488603,215026,14588,1,"1"
9848.1028955247766,215012,14602,1,"1"
9866.4274361566822,214994,14620,1,"1"
9866.9092764409288,214976,14638,1,"1"
9870.1965280582754,214960,14654,1,"1"
9883.106050067945,214924,14690,2,"1-1"
9885.1977165784101,214906,14708,1,"1"
9894.960737355992,214888,14726,1,"1"
9916.6760490744728,214828,14786,4,"2-1-1"
9928.690828222203,214821,14793,1,"1"
9931.0318356463049,214803,14811,1,"1"
9939.4805703471648,214761,14853,3,"1-1-1"
9940.7481960167279,214743,14871,1,"1"
9951.539849703875,214707,14907,2,"2"
9956.9147413490773,214689,14925,1,"1"
9969.8237224078784,214677,14937,2,"1-1"
9971.5116707113175,0,229614,12120,"12120"
----------------------------------------------6
0,229614,0,0,"0"
53.54529715812928,229611,3,1,"1"
154.09093069188651,229610,4,1,"1"
211.36337327825277,229609,5,1,"1"
258.74008300748972,229608,6,1,"1"
272.63443974413559,229607,7,1,"1"
280.95316118816112,229606,8,1,"1"
365.46478779868039,229605,9,1,"1"
410.1850207213102,229604,10,1,"1"
416.7561261405113,229603,11,1,"1"
474.20175315895369,229602,12,1,"1"
677.40799715950811,229588,26,1,"1"
694.73496928360987,229587,27,1,"1"
747.00033346014584,229586,28,1,"1"
770.99940575139726,229585,29,1,"1"
774.55476883868459,229584,30,1,"1"
804.28758322869442,229583,31,1,"1"
804.68569833349727,229582,32,1,"1"
835.13236148599253,229581,33,1,"1"
858.21674925690138,229579,35,2,"1-1"
867.61390677782163,229578,36,1,"1"
887.42928801146127,229577,37,1,"1"
909.24368423545059,229576,38,1,"1"
915.25139099039313,229575,39,1,"1"
935.25414619391893,229574,40,1,"1"
998.34125875436735,229573,41,1,"1"
1016.1383059025579,229572,42,1,"1"
1030.1082928097167,229558,56,1,"1"
1051.0232593406552,229557,57,1,"1"
1124.9235172164394,229539,75,1,"1"
1144.2302463228689,229529,85,1,"1"
1193.4223170051612,229528,86,1,"1"
1230.0567174165433,229526,88,2,"2"
1243.7748028875521,229524,90,2,"2"
1261.4193856330805,229523,91,1,"1"
1282.5615645577684,229505,109,1,"1"
1288.8239145481359,229502,112,1,"1"
1316.2558660318455,229491,123,1,"1"
1317.57034218844,229490,124,1,"1"
1347.8364861588195,229456,158,2,"2"
1400.6656805043847,229454,160,2,"2"
1412.7694669075811,229436,178,1,"1"
1416.8330515154805,229435,179,1,"1"
1424.5331928524326,229405,209,2,"2"
1430.8054984672469,229387,227,1,"1"
1440.0504347888634,229385,229,2,"2"
1445.3902451274434,229384,230,1,"1"
1458.271858590585,229375,239,1,"1"
1468.5390848647833,229374,240,1,"1"
1487.3504062659574,229373,241,1,"1"
1488.2460957048879,229371,243,2,"2"
1489.7526813192248,229353,261,1,"1"
1494.0327772529606,229352,262,1,"1"
1496.3114177540451,229351,263,1,"1"
1508.975314367884,229350,264,1,"1"
1546.4204324305688,229347,267,3,"3"
1552.355805548405,229346,268,1,"1"
1570.4470316418096,229345,269,1,"1"
1571.0290890963481,229335,279,1,"1"
1580.3997884184996,229334,280,1,"1"
1582.3181916316173,229330,284,2,"2"
1589.9489366227792,229320,294,1,"1"
1592.9541113922335,229318,296,2,"1-1"
1596.1242425197761,229317,297,1,"1"
1600.6196139391209,229316,298,1,"1"
1603.2566324292663,229315,299,1,"1"
1622.3655128973289,229314,300,1,"1"
1627.6459924648791,229313,301,1,"1"
1631.7658468734653,229312,302,1,"1"
1633.6123224058215,229311,303,1,"1"
1642.8825425794939,229305,309,2,"1-1"
1646.7950826299482,229302,312,3,"2-1"
1667.8049602837027,229299,315,3,"2-1"
1694.9848833786259,229298,316,1,"1"
1695.0472075667747,229280,334,1,"1"
1704.3356511585096,229278,336,2,"2"
1729.3084770741168,229276,338,2,"1-1"
1744.5952025225097,229273,341,3,"2-1"
1749.2181888780665,229272,342,1,"1"
1769.5056864099377,229265,349,7,"4-3"
1769.8751881565138,229264,350,1,"1"
1802.8258516406629,229260,354,4,"2-2"
1820.7109481825898,229259,355,1,"1"
1823.3547092597182,229258,356,1,"1"
1826.8150913359011,229256,358,2,"2"
1854.3389725664531,229255,359,1,"1"
1865.3174920504716,229237,377,1,"1"
1874.3261762863683,229234,380,3,"3"
1877.3670203745501,229216,398,1,"1"
1891.3344668270295,229198,416,1,"1"
1897.7674212192235,229191,423,1,"1"
1898.5743371320289,229173,441,1,"1"
1905.1443130835389,229167,447,6,"3-2-1"
1912.6779578311478,229166,448,1,"1"
1923.8531108183652,229165,449,1,"1"
1929.7294633188963,229147,467,1,"1"
1952.1329165342456,229137,477,1,"1"
1960.6622995376165,229135,479,2,"1-1"
1962.4888183708933,229115,499,2,"2"
1971.5982027749087,229109,505,2,"2"
1990.1048629666627,229091,523,1,"1"
1992.7863990245119,229090,524,1,"1"
2001.4551348774178,229089,525,1,"1"
2007.3560579250614,229086,528,3,"3"
2012.630156245036,229068,546,1,"1"
2013.2806046349135,229067,547,1,"1"
2025.0917562981704,229055,559,1,"1"
2025.117402552833,229054,560,1,"1"
2063.4944345055437,229053,561,1,"1"
2072.4733835686516,229044,570,1,"1"
2084.0195374577397,229040,574,4,"4"
2091.7096418209117,229039,575,1,"1"
2095.4745487207219,229038,576,1,"1"
2102.3959217351789,229036,578,2,"1-1"
2102.5906451360183,229035,579,1,"1"
2113.5049590098092,229017,597,1,"1"
2116.7445261023104,229010,604,1,"1"
2118.1094359201452,229008,606,2,"2"
2131.0985965301943,228990,624,1,"1"
2131.6072867873436,228972,642,1,"1"
2201.3225156854605,228970,644,2,"2"
2205.0226713296474,228969,645,1,"1"
2221.9623953724868,228966,648,1,"1"
2229.5404222662114,228952,662,1,"1"
2229.5717872649548,228950,664,2,"2"
2235.2639720973657,228947,667,3,"3"
2235.5663817246655,228937,677,2,"2"
2236.3852360548199,228936,678,1,"1"
2239.6602143341565,228935,679,1,"1"
2245.7929779654619,228932,682,1,"1"
2262.7275586365749,228919,695,5,"5"
2263.8794665831297,228918,696,1,"1"
2282.7057261204127,228907,707,3,"2-1"
2287.242416112811,228906,708,1,"1"
2357.1933118140041,228886,728,2,"2"
2361.9675288314988,228885,729,1,"1"
2398.2252795556651,228867,747,1,"1"
2410.6219378273845,228849,765,1,"1"
2418.9393476733212,228831,783,1,"1"
2422.9809850164702,228830,784,1,"1"
2454.4577615102817,228812,802,1,"1"
2472.0503214071368,228806,808,2,"2"
2480.6935437643583,228788,826,1,"1"
2489.5369093413997,228787,827,1,"1"
2508.28555220625,228784,830,1,"1"
2543.632894957811,228781,833,1,"1"
2545.7183527114616,228778,836,1,"1"
2574.3896453034472,228777,837,1,"1"
2574.6864919902437,228776,838,1,"1"
2581.5348745546171,228775,839,1,"1"
2599.8585681754021,228766,848,1,"1"
2615.7686518505388,228750,864,1,"1"
2646.0613004348852,228740,874,2,"2"
2659.2372445306355,228722,892,1,"1"
2691.560784854928,228691,923,5,"3-2"
2692.1127361822073,228690,924,1,"1"
2694.1689335089704,228672,942,1,"1"
2701.7976526074121,228665,949,7,"7"
2722.570716745679,228658,956,1,"1"
2745.8960115542072,228657,957,1,"1"
2747.962085571191,228656,958,1,"1"
2760.8349575693724,228646,968,4,"3-1"
2793.082418554211,228644,970,2,"1-1"
2798.2012478999095,228643,971,1,"1"
2810.3430532069806,228640,974,1,"1"
2816.6983481676175,228635,979,1,"1"
2818.5350638318878,228630,984,1,"1"
2831.023943033596,228620,994,1,"1"
2842.2870477292709,228602,1012,1,"1"
2863.4920045210529,228601,1013,1,"1"
2869.7528790321503,228600,1014,1,"1"
2887.586371660228,228596,1018,4,"2-1-1"
2917.0322820712663,228588,1026,2,"1-1"
2918.1236314097328,228568,1046,2,"2"
2923.4254574906618,228558,1056,2,"2"
2931.7630102233984,228552,1062,2,"1-1"
2934.2216431283723,228534,1080,1,"1"
2944.5421758307034,228531,1083,1,"1"
2956.2625453858077,228524,1090,3,"3"
2977.7003666963315,228488,1126,2,"2"
2998.5773643817856,228483,1131,1,"1"
3010.3788153826922,228482,1132,1,"1"
3094.6563100749108,228477,1137,1,"1"
3121.5669114537059,228459,1155,1,"1"
3126.5983638801372,228423,1191,2,"2"
3137.8643840851014,228413,1201,1,"1"
3173.4320025241423,228395,1219,1,"1"
3175.5173711816801,228377,1237,1,"1"
3178.6588397271721,228359,1255,1,"1"
3188.8765322240338,228350,1264,1,"1"
3266.2460060748003,228332,1282,1,"1"
3323.9511593461425,228329,1285,1,"1"
3366.4859214237017,228311,1303,1,"1"
3370.6852347198183,228301,1313,1,"1"
3371.7369297999626,228283,1331,1,"1"
3372.1812783437658,228278,1336,1,"1"
3373.3652077368301,228269,1345,1,"1"
3381.3380620228149,228251,1363,1,"1"
3399.2768614746956,228242,1372,1,"1"
3408.7240243154265,228224,1390,1,"1"
3410.0817178367583,228206,1408,1,"1"
3420.1366498409889,228196,1418,1,"1"
3452.8869370070547,228189,1425,1,"1"
3491.6540345823764,228186,1428,1,"1"
3512.5256468429966,228173,1441,1,"1"
3515.9362456825061,228170,1444,1,"1"
3541.3921844612269,228166,1448,2,"1-1"
3570.3643926750233,228148,1466,1,"1"
3571.6139935899805,228132,1482,1,"1"
3596.4991338399677,228114,1500,1,"1"
3603.3458658719287,228113,1501,1,"1"
3627.9815986394287,228095,1519,1,"1"
3630.2423251530167,228085,1529,1,"1"
3657.5853136687188,228082,1532,1,"1"
3671.2286747705225,228064,1550,1,"1"
3715.6335934032818,228046,1568,1,"1"
3755.8752073585661,228028,1586,1,"1"
3759.2771226741597,228027,1587,1,"1"
3782.063544272276,228009,1605,1,"1"
3782.601816542764,227990,1624,3,"2-1"
3816.7344168756231,227966,1648,2,"2"
3828.0246259336795,227963,1651,1,"1"
3867.6252488951927,227945,1669,1,"1"
3867.777596680417,227931,1683,2,"1-1"
3901.9742962368591,227910,1704,3,"1-1-1"
3910.066172287794,227892,1722,1,"1"
3936.9475926035193,227874,1740,1,"1"
3990.9789536016806,227864,1750,1,"1"
4006.969409475591,227846,1768,1,"1"
4009.6187029160405,227843,1771,1,"1"
4017.4680844178865,227825,1789,1,"1"
4032.6654225040857,227816,1798,1,"1"
4050.5042106412839,227798,1816,1,"1"
4056.749235544411,227780,1834,1,"1"
4119.322958251385,227762,1852,1,"1"
4124.1947375044929,227744,1870,1,"1"
4124.3592882546181,227714,1900,2,"2"
4167.6219001689942,227696,1918,1,"1"
4189.7284099986691,227678,1936,1,"1"
4204.7887833068007,227660,1954,1,"1"
4224.0865300405494,227642,1972,1,"1"
4225.5461776448929,227630,1984,1,"1"
4231.1760640078237,227616,1998,2,"2"
4234.0609217080582,227598,2016,1,"1"
4281.0539267074191,227580,2034,1,"1"
4289.5581603323899,227562,2052,1,"1"
4323.0959023629093,227544,2070,1,"1"
4324.6991648049889,227539,2075,1,"1"
4330.5505493011497,227521,2093,1,"1"
4334.7250165657988,227501,2113,2,"2"
4364.7577452167543,227483,2131,1,"1"
4380.350618115689,227465,2149,1,"1"
4395.98021080949,227447,2167,1,"1"
4418.3852282625976,227437,2177,2,"2"
4427.0636957498764,227419,2195,1,"1"
4439.1549856268502,227412,2202,1,"1"
4450.6793515662657,227402,2212,1,"1"
4474.669469587865,227384,2230,1,"1"
4479.5332067910649,227372,2242,2,"1-1"
4487.0894731936896,227367,2247,1,"1"
4491.1623692562007,227349,2265,1,"1"
4497.3765634752872,227331,2283,1,"1"
4498.441030232204,227328,2286,1,"1"
4499.5232816459984,227323,2291,1,"1"
4505.245628694498,227320,2294,1,"1"
4515.4852209895016,227317,2297,1,"1"
4533.9004447583466,227299,2315,1,"1"
4535.3821625064711,227294,2320,1,"1"
4560.295834587836,227284,2330,1,"1"
4635.4301747320606,227271,2343,3,"2-1"
4638.1039031335677,227253,2361,1,"1"
4723.8402071593619,227235,2379,1,"1"
4733.9754792187996,227217,2397,1,"1"
4736.3775807822294,227199,2415,1,"1"
4742.6551418531681,227181,2433,1,"1"
4742.7258163530387,227176,2438,1,"1"
4765.3737904176942,227158,2456,1,"1"
4765.7469936020725,227155,2459,1,"1"
4767.010606742755,227137,2477,1,"1"
4796.5954215353586,227119,2495,1,"1"
4812.7086771776667,227114,2500,1,"1"
4857.0953765183758,227111,2503,1,"1"
4860.6011966859623,227075,2539,2,"2"
4869.7328637807923,227039,2575,2,"2"
4899.0424736312789,227021,2593,1,"1"
4900.9182544441383,227003,2611,1,"1"
4905.3662326977374,226985,2629,1,"1"
4906.0967512878369,226967,2647,1,"1"
4915.0748361103861,226964,2650,1,"1"
4926.6454069056581,226959,2655,1,"1"
4940.0533287554699,226941,2673,1,"1"
4946.215737796334,226931,2683,2,"2"
4956.5209882069039,226913,2701,1,"1"
4972.8492889070239,226895,2719,1,"1"
5008.614645842611,226885,2729,1,"1"
5020.6694335282018,226882,2732,1,"1"
5040.7872503538983,226864,2750,1,"1"
5041.2270444007254,226846,2768,1,"1"
5048.7369796243684,226828,2786,1,"1"
5059.6300656733802,226810,2804,1,"1"
5074.9734127038191,226792,2822,1,"1"
5127.3646905359365,226787,2827,1,"1"
5135.6468232376801,226774,2840,1,"1"
5138.9007995658994,226771,2843,1,"1"
5144.8892827555646,226761,2853,2,"2"
5148.9153658475798,226743,2871,1,"1"
5160.9638406142876,226731,2883,1,"1"
5170.4457612747201,226714,2900,3,"3"
5179.0299620079813,226705,2909,1,"1"
5181.1586491602593,226702,2912,1,"1"
5194.9160266639838,226684,2930,1,"1"
5195.1505252522911,226678,2936,2,"2"
5212.8528107559951,226660,2954,1,"1"
5226.6184053019115,226642,2972,1,"1"
5263.7805753329367,226632,2982,1,"1"
5266.0746676093413,226619,2995,1,"1"
5279.6929445309206,226601,3013,1,"1"
5286.1462364313002,226596,3018,1,"1"
5287.8985156781255,226578,3036,1,"1"
5301.2103369992938,226569,3045,3,"2-1"
5310.6179558289605,226551,3063,6,"5-1"
5312.1286468881199,226533,3081,1,"1"
5337.7777667720193,226515,3099,1,"1"
5338.7397480034879,226506,3108,1,"1"
5355.0599036647118,226503,3111,1,"1"
5355.7241581093485,226489,3125,2,"1-1"
5386.0187215824835,226471,3143,1,"1"
5411.336573109249,226447,3167,2,"1-1"
5416.2581246869531,226429,3185,1,"1"
5424.74852363421,226413,3201,1,"1"
5432.5405185473855,226410,3204,1,"1"
5435.4976288178241,226392,3222,1,"1"
5442.9162386249473,226382,3232,1,"1"
5448.6589870792868,226364,3250,1,"1"
5448.7689198145363,226361,3253,1,"1"
5449.0981157701153,226343,3271,1,"1"
5480.5840769011611,226325,3289,1,"1"
5489.1379531233088,226320,3294,1,"1"
5491.5575342827979,226317,3297,1,"1"
5500.7681218117023,226304,3310,1,"1"
5504.5315961334627,226294,3320,2,"2"
5508.4049836956037,226258,3356,2,"2"
5556.0684721993948,226240,3374,1,"1"
5563.6707772284135,226222,3392,1,"1"
5583.1985488443388,226194,3420,2,"1-1"
5591.025691801894,226184,3430,1,"1"
5594.2093151809586,226166,3448,1,"1"
5595.5496565353542,226163,3451,1,"1"
5610.630831901738,226145,3469,1,"1"
5622.3908812121153,226133,3481,1,"1"
5623.5526228446424,226115,3499,1,"1"
5662.9191829633019,226105,3509,2,"2"
5682.7656537078656,226087,3527,1,"1"
5690.6073596043389,226069,3545,1,"1"
5691.7714355955077,226055,3559,1,"1"
5706.4334743019808,226037,3577,1,"1"
5706.5790046684551,226019,3595,1,"1"
5708.0735252777449,226007,3607,2,"1-1"
5710.0967020110338,226000,3614,1,"1"
5719.8482740559148,225970,3644,3,"3"
5724.0921264527724,225952,3662,1,"1"
5724.2178373601619,225934,3680,1,"1"
5756.2668856172604,225916,3698,1,"1"
5780.0047891311651,225880,3734,2,"2"
5789.6937102242618,225871,3743,1,"1"
5821.6850899039737,225853,3761,1,"1"
5827.8686713662937,225835,3779,1,"1"
5836.6582288466388,225817,3797,1,"1"
5852.3735784224455,225797,3817,2,"2"
5874.5434159063188,225751,3863,3,"2-1"
5877.4095616741697,225725,3889,2,"2"
5881.8802343726165,225707,3907,1,"1"
5883.8097024305089,225702,3912,1,"1"
5888.8490243116985,225684,3930,1,"1"
5900.6650247574189,225662,3952,2,"2"
5929.0804934773359,225644,3970,1,"1"
5962.8613147485612,225604,4010,4,"2-1-1"
5973.0437556119014,225599,4015,1,"1"
5978.9391804742299,225581,4033,1,"1"
5994.458432266435,225563,4051,1,"1"
6024.0667378232547,225545,4069,1,"1"
6025.1494630159877,225538,4076,1,"1"
6036.6169508762541,225533,4081,1,"1"
6047.9747306652735,225515,4099,1,"1"
6061.4129488433473,225497,4117,1,"1"
6064.8855344427893,225479,4135,1,"1"
6066.9786980536473,225461,4153,1,"1"
6073.8616362793637,225447,4167,1,"1"
6074.344329590921,225440,4174,1,"1"
6076.9644539592682,225390,4224,4,"3-1"
6091.8896021789051,225381,4233,1,"1"
6111.8815497273145,225363,4251,1,"1"
6113.2118122827278,225349,4265,1,"1"
6118.4467215961868,225337,4277,1,"1"
6119.9935539575526,225328,4286,1,"1"
6150.6717198115739,225323,4291,1,"1"
6153.3606222591825,225318,4296,1,"1"
6169.0141825695073,225300,4314,1,"1"
6170.1886441213592,225286,4328,1,"1"
6184.5066686633218,225274,4340,1,"1"
6189.9787739143194,225256,4358,1,"1"
6198.3192851916319,225218,4396,6,"3-2-1"
6208.0001206007983,225213,4401,1,"1"
6222.8349066585724,225189,4425,2,"2"
6231.0280424964685,225171,4443,1,"1"
6238.3816050783062,225153,4461,1,"1"
6243.3642660752503,225135,4479,1,"1"
6263.209686549857,225120,4494,3,"3"
6265.314977732306,225115,4499,1,"1"
6266.9925507072639,225097,4517,1,"1"
6272.1185282340011,225079,4535,1,"1"
6274.7710825222566,225061,4553,1,"1"
6279.8348955859374,225051,4563,1,"1"
6287.2667889885543,225033,4581,1,"1"
6291.1820545214159,225028,4586,1,"1"
6295.496013103656,225010,4604,1,"1"
6304.4773779881471,225005,4609,1,"1"
6312.9889299164879,224995,4619,2,"2"
6328.6659893610313,224990,4624,1,"1"
6336.5765238477425,224978,4636,2,"1-1"
6340.6650237814174,224973,4641,1,"1"
6346.0906665997236,224937,4677,2,"2"
6380.4273014130204,224919,4695,1,"1"
6383.2700008725515,224914,4700,1,"1"
6387.6978567029582,224896,4718,1,"1"
6390.5333325573711,224860,4754,2,"1-1"
6391.2946168572889,224842,4772,1,"1"
6399.2649205310954,224837,4777,1,"1"
6407.8016985994718,224813,4801,4,"2-1-1"
6447.321913788197,224795,4819,1,"1"
6465.5779713495704,224777,4837,1,"1"
6497.040988493206,224765,4849,1,"1"
6519.2451865406138,224747,4867,1,"1"
6532.3731642659013,224737,4877,2,"2"
6534.3383839593889,224719,4895,1,"1"
6536.4281581489076,224697,4917,2,"2"
6555.2861813654063,224694,4920,1,"1"
6555.7780624398001,224684,4930,2,"2"
6564.3978367561886,224674,4940,2,"2"
6568.8083207220607,224634,4980,3,"2-1"
6574.9499633361129,224627,4987,1,"1"
6586.560176345738,224618,4996,1,"1"
6587.8502461378939,224582,5032,2,"1-1"
6588.435538472655,224579,5035,1,"1"
6622.2379453928133,224561,5053,1,"1"
6632.889221338919,224543,5071,1,"1"
6640.3403486268589,224533,5081,1,"1"
6640.5999311487494,224530,5084,1,"1"
6643.0995313030126,224512,5102,1,"1"
6678.186423257619,224507,5107,1,"1"
6679.191892563068,224489,5125,1,"1"
6681.7727719021241,224486,5128,1,"1"
6687.1273281390477,224479,5135,1,"1"
6694.7425980945818,224461,5153,1,"1"
6695.6746792288905,224401,5213,5,"2-1-1-1"
6730.5133902908183,224383,5231,1,"1"
6739.8765629221407,224373,5241,2,"1-1"
6739.9042881828454,224359,5255,1,"1"
6756.1622984031092,224323,5291,2,"2"
6763.2174261492064,224305,5309,1,"1"
6765.6409353349864,224287,5327,1,"1"
6766.210105599559,224251,5363,2,"2"
6770.2146991234258,224233,5381,1,"1"
6772.291230586774,224226,5388,1,"1"
6803.1373927358482,224208,5406,1,"1"
6807.5537224922809,224190,5424,1,"1"
6814.3458750942527,224172,5442,1,"1"
6817.8161490261564,224154,5460,1,"1"
6824.536819456167,224130,5484,2,"2"
6833.3264775088091,224112,5502,1,"1"
6843.452256012798,224100,5514,1,"1"
6850.9347419574333,224082,5532,1,"1"
6855.7596725761305,224046,5568,2,"2"
6869.1299330207685,224034,5580,2,"2"
6869.9861780296624,224029,5585,1,"1"
6876.6331758727874,224011,5603,1,"1"
6882.4267197282734,223993,5621,1,"1"
6884.7695997900328,223983,5631,1,"1"
6892.6251106847585,223969,5645,1,"1"
6897.4734228674479,223951,5663,1,"1"
6902.9648304273605,223937,5677,1,"1"
6911.3626239616706,223932,5682,1,"1"
6920.7712806942327,223914,5700,2,"2"
6926.2108962753164,223896,5718,1,"1"
6936.1872017901169,223881,5733,3,"2-1"
6937.7775376846439,223872,5742,1,"1"
6942.8453229206216,223836,5778,2,"1-1"
6952.6137241970673,223822,5792,1,"1"
6953.7350520882783,223816,5798,2,"2"
6954.8325995299856,223802,5812,1,"1"
6964.0022635989026,223784,5830,1,"1"
6994.8158077010348,223766,5848,1,"1"
7002.1496608158041,223718,5896,4,"2-2"
7013.5986500327117,223700,5914,1,"1"
7014.0481638307419,223682,5932,1,"1"
7024.301473405656,223675,5939,1,"1"
7037.1079872570172,223657,5957,1,"1"
7037.8805071731449,223650,5964,1,"1"
7041.9706135330571,223643,5971,1,"1"
7078.2839560285111,223607,6007,2,"1-1"
7086.3488213482615,223571,6043,2,"2"
7100.5345752551566,223554,6060,3,"2-1"
7113.4098630435947,223536,6078,1,"1"
7113.9396497337511,223518,6096,1,"1"
7118.4041460697254,223500,6114,1,"1"
7120.9864954089599,223426,6188,7,"2-2-2-1"
7128.894116771372,223417,6197,1,"1"
7150.6074225943375,223405,6209,2,"1-1"
7151.8729539730621,223396,6218,1,"1"
7157.4606283875246,223378,6236,1,"1"
7189.5158750219234,223368,6246,2,"2"
7201.9748238697985,223356,6258,1,"1"
7203.6672256553938,223346,6268,1,"1"
7220.2288589577756,223292,6322,3,"2-1"
7224.5392570224349,223280,6334,1,"1"
7239.5597289707785,223262,6352,1,"1"
7241.6479692880148,223247,6367,3,"3"
7242.7700078239386,223229,6385,1,"1"
7249.8508421923143,223211,6403,1,"1"
7251.1668898376356,223193,6421,1,"1"
7264.3741683403787,223137,6477,8,"4-1-1-1-1"
7282.3603740013195,223128,6486,1,"1"
7286.1117247769544,223110,6504,1,"1"
7292.9536471477713,223092,6522,1,"1"
7297.7477448042218,223082,6532,1,"1"
7299.8578788162031,223064,6550,1,"1"
7309.6245818584721,223013,6601,5,"2-2-1"
7318.0779603778337,222995,6619,1,"1"
7354.3794012527187,222982,6632,1,"1"
7388.3333163717643,222944,6670,4,"2-1-1"
7398.3994557639762,222926,6688,1,"1"
7398.6246898463769,222908,6706,1,"1"
7407.7173808028547,222890,6724,1,"1"
7414.4416531098905,222858,6756,2,"2"
7440.7777800146687,222822,6792,2,"2"
7466.3504138800208,222804,6810,1,"1"
7475.2681494566559,222786,6828,1,"1"
7475.8729500398204,222768,6846,1,"1"
7489.5742653940406,222750,6864,1,"1"
7501.1487386418357,222732,6882,1,"1"
7509.5747031143637,222714,6900,1,"1"
7516.2808904885669,222696,6918,1,"1"
7518.2859354538459,222678,6936,1,"1"
7541.2540137926144,222673,6941,1,"1"
7554.6494118926266,222655,6959,1,"1"
7558.2600895035321,222637,6977,1,"1"
7575.254131622095,222605,7009,3,"2-1"
7575.6474143594569,222587,7027,1,"1"
7577.9010931164712,222564,7050,5,"4-1"
7580.5638238833617,222546,7068,1,"1"
7608.9368462677267,222528,7086,1,"1"
7617.8136977413069,222510,7104,1,"1"
7630.2144398657674,222486,7128,2,"2"
7639.2220590517727,222476,7138,2,"2"
7660.9254619014164,222458,7156,1,"1"
7664.6839854276104,222440,7174,1,"1"
7671.7825695405527,222422,7192,1,"1"
7681.8699646371979,222413,7201,1,"1"
7689.3426728300874,222403,7211,1,"1"
7715.7504661743842,222385,7229,1,"1"
7723.1352864431447,222370,7244,3,"3"
7731.6884345822918,222334,7280,2,"1-1"
7735.7931918288486,222314,7300,2,"2"
7749.7675662933152,222280,7334,3,"3"
7750.467224555463,222270,7344,2,"2"
7754.269470657724,222252,7362,1,"1"
7767.0933473724763,222219,7395,5,"2-2-1"
7772.8086938923798,222201,7413,1,"1"
7782.647370588591,222183,7431,1,"1"
7783.9171215328288,222176,7438,1,"1"
7786.7434791053811,222158,7456,1,"1"
7821.9104657871285,222151,7463,1,"1"
7834.7381199723068,222133,7481,1,"1"
7844.2426085977413,222115,7499,1,"1"
7848.7124799065396,222099,7515,2,"1-1"
7849.1693077310865,222081,7533,1,"1"
7854.3416651454145,222063,7551,1,"1"
7857.4887011584124,222036,7578,3,"2-1"
7857.9709551706019,222022,7592,2,"1-1"
7869.2394703365389,222004,7610,1,"1"
7869.3134359576206,221999,7615,1,"1"
7873.4443272060844,221983,7631,2,"1-1"
7880.4862619600017,221937,7677,3,"2-1"
7889.8456935381992,221919,7695,1,"1"
7890.131404421174,221901,7713,1,"1"
7901.5369791638195,221883,7731,1,"1"
7905.0509697307007,221878,7736,1,"1"
7907.2764004987412,221873,7741,1,"1"
7907.3343109954803,221846,7768,3,"3"
7915.5441022248679,221828,7786,1,"1"
7924.3449415261948,221810,7804,1,"1"
7931.816629785143,221799,7815,1,"1"
7932.0985802570149,221781,7833,1,"1"
7940.8378760139076,221763,7851,1,"1"
7946.9137807712277,221745,7869,1,"1"
7949.7716240703212,221727,7887,1,"1"
7961.191588516439,221709,7905,1,"1"
7963.7979115804019,221691,7923,1,"1"
7964.9676465925413,221673,7941,1,"1"
7979.6789800799297,221655,7959,1,"1"
7980.8789235601052,221650,7964,1,"1"
7985.5154044370129,221632,7982,1,"1"
7988.4449503158658,221614,8000,1,"1"
7993.5361920455998,221578,8036,2,"1-1"
7993.5615788691184,221564,8050,1,"1"
7998.6343176928449,221557,8057,1,"1"
8001.5798257174783,221539,8075,1,"1"
8002.4280605636495,221521,8093,1,"1"
8016.6391620607292,221503,8111,1,"1"
8031.5458371288696,221485,8129,1,"1"
8037.6428337235739,221449,8165,2,"2"
8048.8965065561933,221421,8193,2,"2"
8073.5673300937415,221403,8211,1,"1"
8105.3625328020926,221385,8229,1,"1"
8113.1063472813867,221367,8247,1,"1"
8124.0196030948728,221353,8261,1,"1"
8133.5501105636395,221332,8282,3,"3"
8136.5404372878284,221314,8300,1,"1"
8148.6701423219565,221296,8318,1,"1"
8151.687103736459,221286,8328,1,"1"
8153.0689293952892,221271,8343,3,"3"
8153.8925066173242,221253,8361,1,"1"
8155.4812960913578,221243,8371,2,"1-1"
8160.9561539347724,221147,8467,7,"3-2-1-1"
8197.6079917785792,221137,8477,1,"1"
8201.4914084064731,221083,8531,3,"3"
8203.7932177751281,221065,8549,1,"1"
8206.1397034331549,221011,8603,3,"3"
8210.3319893552616,220993,8621,1,"1"
8211.3829626268925,220977,8637,2,"1-1"
8218.2384533315962,220959,8655,1,"1"
8225.739386660538,220949,8665,2,"2"
8230.2245247095634,220927,8687,2,"2"
8252.3087483976724,220909,8705,1,"1"
8277.2530037582583,220873,8741,2,"1-1"
8284.3005883709448,220855,8759,1,"1"
8284.4445038749654,220837,8777,1,"1"
8288.7916967759138,220819,8795,1,"1"
8289.5629687074525,220814,8800,1,"1"
8292.9587032984746,220768,8846,6,"3-2-1"
8297.1145756175156,220750,8864,1,"1"
8300.7320650952661,220734,8880,1,"1"
8319.8667921905853,220656,8958,6,"2-1-1-1-1"
8329.7142787206321,220638,8976,1,"1"
8346.5812850025723,220633,8981,1,"1"
8360.5821379836871,220615,8999,1,"1"
8387.6573009963649,220597,9017,1,"1"
8406.3622686548551,220588,9026,1,"1"
8418.1573804645777,220524,9090,5,"2-2-1"
8423.3886326057436,220506,9108,1,"1"
8434.3828608929161,220488,9126,1,"1"
8442.5411251684109,220475,9139,1,"1"
8445.1694584576617,220468,9146,1,"1"
8450.2480711388143,220450,9164,1,"1"
8485.4717205687648,220432,9182,1,"1"
8504.1552037786914,220420,9194,1,"1"
8519.5843959872345,220402,9212,1,"1"
8538.0739029955821,220384,9230,1,"1"
8553.3587181590556,220366,9248,1,"1"
8558.3495993134075,220348,9266,1,"1"
8558.4516782340779,220255,9359,10,"5-2-1-1-1"
8560.5241082628909,220237,9377,1,"1"
8562.6545416851441,220234,9380,1,"1"
8586.2920613567876,220220,9394,1,"1"
8588.4944919914269,220202,9412,1,"1"
8606.1027302960374,220184,9430,1,"1"
8621.1718713431401,220172,9442,1,"1"
8636.0633349390664,220163,9451,1,"1"
8638.4727973058343,220158,9456,1,"1"
8638.6263644096998,220140,9474,1,"1"
8647.9189710845221,220122,9492,1,"1"
8649.5294473540143,220104,9510,1,"1"
8657.5534382741116,220093,9521,1,"1"
8658.2442257156927,220075,9539,1,"1"
8666.5445563595677,220068,9546,1,"1"
8667.4359836274889,220050,9564,1,"1"
8669.6720454171937,220032,9582,1,"1"
8683.6890876136404,220014,9600,1,"1"
8689.1597049198517,219984,9630,3,"2-1"
8702.3603258353214,219966,9648,1,"1"
8717.9724416992576,219944,9670,2,"2"
8751.1683977779776,219876,9738,5,"2-1-1-1"
8751.179329274144,219839,9775,5,"2-2-1"
8751.2617042715174,219821,9793,1,"1"
8755.3998669029479,219803,9811,1,"1"
8770.9052230936359,219785,9829,1,"1"
8800.1078997289133,219723,9891,5,"4-1"
8801.6833134180106,219705,9909,1,"1"
8808.3006459481549,219678,9936,2,"1-1"
8818.7689134940701,219660,9954,1,"1"
8819.7089040303963,219642,9972,1,"1"
8827.1114769783435,219624,9990,1,"1"
8829.4039321388773,219596,10018,2,"1-1"
8832.4636283901436,219578,10036,1,"1"
8835.5786645367953,219560,10054,1,"1"
8845.2861647941372,219551,10063,1,"1"
8850.9156430073726,219533,10081,1,"1"
8851.9074285705956,219515,10099,1,"1"
8858.6086458928185,219497,10117,1,"1"
8865.7135373307847,219492,10122,1,"1"
8865.8557134156035,219474,10140,1,"1"
8868.6479830676581,219440,10174,4,"2-1-1"
8870.2606147178449,219422,10192,1,"1"
8876.2985023638048,219404,10210,1,"1"
8880.0253033754761,219386,10228,1,"1"
8900.7852684002464,219368,10246,1,"1"
8903.303740013489,219350,10264,1,"1"
8921.4296258164177,219298,10316,5,"2-2-1"
8956.6011676638445,219280,10334,1,"1"
8975.5026346931463,219262,10352,1,"1"
8988.4315694503766,219253,10361,1,"1"
9004.0799544194742,219235,10379,1,"1"
9006.9166001913272,219217,10397,1,"1"
9010.0560504048826,219199,10415,2,"2"
9018.9019129493008,219181,10433,1,"1"
9020.6451609251235,219115,10499,10,"5-3-1-1"
9034.0406429041541,219097,10517,1,"1"
9036.1062559436305,219079,10535,1,"1"
9039.9756570143709,219069,10545,1,"1"
9056.7486996678381,219064,10550,1,"1"
9087.1569930569804,219046,10568,1,"1"
9089.0275963793101,219028,10586,1,"1"
9096.5693750650062,219023,10591,1,"1"
9107.0016790842183,218935,10679,10,"3-2-1-1-1-1-1"
9108.9189048034423,218917,10697,1,"1"
9112.7870278200771,218881,10733,2,"1-1"
9119.8642478508973,218872,10742,1,"1"
9120.9982913500498,218862,10752,1,"1"
9125.4975477760672,218844,10770,1,"1"
9131.7795246422447,218776,10838,5,"3-2"
9134.7269614804263,218758,10856,1,"1"
9137.6210763843101,218740,10874,1,"1"
9166.1519858207739,218722,10892,1,"1"
9171.4070552102457,218668,10946,3,"2-1"
9176.0961515679355,218650,10964,1,"1"
9198.5777568899302,218625,10989,3,"1-1-1"
9207.7232348934303,218612,11002,1,"1"
9208.87491606193,218594,11020,1,"1"
9209.53773483441,218576,11038,1,"1"
9211.0711850233401,218558,11056,1,"1"
9223.7599373447756,218540,11074,1,"1"
9228.2805829109748,218527,11087,1,"1"
9241.2111841841725,218509,11105,1,"1"
9244.5223245519246,218491,11123,1,"1"
9249.2042825799581,218473,11141,1,"1"
9256.0565927856896,218442,11172,3,"2-1"
9257.9189907675282,218424,11190,1,"1"
9261.4164289701203,218411,11203,1,"1"
9266.2232968207663,218393,11221,1,"1"
9266.3285493693656,218379,11235,1,"1"
9271.0191720849507,218325,11289,3,"2-1"
9272.4313856475947,218307,11307,1,"1"
9285.596551853283,218292,11322,1,"1"
9321.6647739690816,218274,11340,1,"1"
9328.438787626772,218256,11358,1,"1"
9333.4422164437128,218230,11384,2,"1-1"
9337.9835762997081,218212,11402,1,"1"
9350.020806122111,218194,11420,1,"1"
9353.6485201579799,218176,11438,1,"1"
9361.1090170625266,218158,11456,1,"1"
9366.4353911429134,218140,11474,1,"1"
9370.2684248850601,218100,11514,3,"2-1"
9372.3968721101082,218082,11532,2,"2"
9376.3548202376733,218077,11537,1,"1"
9380.3310247303816,218063,11551,1,"1"
9386.3012904900188,218043,11571,2,"2"
9391.6923413186742,218025,11589,1,"1"
9398.2323368294547,217981,11633,4,"3-1"
9401.6132619515902,217963,11651,2,"1-1"
9404.7561567199737,217906,11708,7,"4-2-1"
9425.4879888652849,217896,11718,1,"1"
9430.0354569361371,217878,11736,1,"1"
9433.7478807055413,217844,11770,3,"3"
9439.2498735517584,217790,11824,3,"2-1"
9446.4881889059507,217518,12096,21,"4-3-3-2-1-1-1-1-1-1-1-1-1"
9455.9143258997537,217500,12114,1,"1"
9464.7090596053167,217482,12132,1,"1"
9481.3272904701826,217382,12232,7,"2-2-2-1"
9488.5676645369549,217367,12247,1,"1"
9497.2326435167979,217349,12265,1,"1"
9499.8445964480889,217283,12331,8,"4-2-1-1"
9506.2590413226371,217265,12349,1,"1"
9524.8717393778134,217247,12367,1,"1"
9529.8847124738604,217238,12376,1,"1"
9536.1945441206772,217233,12381,1,"1"
9540.2043328112541,217179,12435,3,"2-1"
9545.594764248799,217143,12471,2,"2"
9548.4459079448443,217125,12489,1,"1"
9549.4163331911623,217107,12507,1,"1"
9563.5106376810636,217063,12551,3,"2-1"
9566.475072418727,217019,12595,4,"3-1"
9571.924015189632,216963,12651,4,"2-2"
9578.4545875275289,216945,12669,1,"1"
9583.7817496391781,216859,12755,7,"5-2"
9585.5914951274899,216841,12773,1,"1"
9589.9623205479056,216777,12837,4,"3-1"
9596.8437073982295,216759,12855,1,"1"
9603.3650432218146,216720,12894,3,"2-1"
9613.6573742219389,216702,12912,1,"1"
9615.8876370562157,216666,12948,2,"2"
9619.2327806702924,216648,12966,1,"1"
9619.6799466544016,216630,12984,1,"1"
9621.4948904366101,216612,13002,1,"1"
9637.8518460635096,216535,13079,5,"3-1-1"
9639.8108162251847,216517,13097,1,"1"
9654.5109329863881,216486,13128,3,"3"
9664.0475320069563,216450,13164,2,"1-1"
9667.4253368119626,216406,13208,4,"4"
9676.2974600267098,216388,13226,1,"1"
9682.4344507832793,216379,13235,1,"1"
9684.1076412250659,216361,13253,1,"1"
9703.8973270017232,216187,13427,18,"5-3-2-2-2-1-1-1-1"
9709.5337605517689,216083,13531,9,"5-2-1-1"
9710.6590865975904,216065,13549,1,"1"
9711.000275000848,216047,13567,1,"1"
9712.19921718757,215735,13879,21,"4-3-3-2-1-1-1-1-1-1-1-1-1"
9717.5987597914827,215441,14173,22,"4-3-3-2-2-2-1-1-1-1-1-1"
9754.5177107463132,215423,14191,1,"1"
9754.8994823995636,215361,14253,4,"2-1-1"
9765.1598954070123,215325,14289,2,"2"
9766.3065608805427,215307,14307,1,"1"
9780.75858627454,215297,14317,1,"1"
9781.0663087537323,215269,14345,2,"2"
9785.6989332603553,215039,14575,17,"5-3-3-1-1-1-1-1-1"
9786.4125548534812,215021,14593,1,"1"
9791.0472745070001,215003,14611,1,"1"
9791.2478308307054,214967,14647,2,"2"
9793.604958848553,214949,14665,1,"1"
9810.9254706356551,214939,14675,1,"1"
9815.6741259954688,214841,14773,12,"3-2-2-2-2-1"
9821.6546014335381,214823,14791,1,"1"
9821.9079791580571,214658,14956,15,"4-3-2-2-1-1-1-1"
9822.3401881969367,214626,14988,2,"1-1"
9834.543996129174,214608,15006,1,"1"
9835.7604663291349,214556,15058,3,"3"
9836.3271753849622,214520,15094,2,"2"
9847.7743519251853,214502,15112,1,"1"
9849.3829438610992,214493,15121,1,"1"
9850.8949617054022,214457,15157,2,"2"
9853.0277259142695,214412,15202,5,"2-2-1"
9856.7883920180157,214394,15220,1,"1"
9861.8222757022813,214376,15238,1,"1"
9863.335271155991,214304,15310,4,"3-1"
9869.3546577022807,214268,15346,2,"2"
9872.0186588773922,214072,15542,14,"4-3-2-1-1-1-1-1"
9879.8544129473594,214036,15578,2,"1-1"
9887.3020045843459,214018,15596,1,"1"
9887.8214937125013,214000,15614,1,"1"
9899.5690103255929,213964,15650,2,"1-1"
9915.0906865155575,213924,15690,3,"2-1"
9917.335278373057,213906,15708,1,"1"
9917.4525076477603,213812,15802,6,"4-2"
9917.7201620919532,213794,15820,1,"1"
9928.2817779959641,213787,15827,1,"1"
9930.4988743292633,213591,16023,21,"8-5-3-1-1-1-1-1"
9934.3363664469107,213573,16041,1,"1"
9936.0745729856517,213555,16059,1,"1"
9939.7695697029958,213519,16095,2,"1-1"
9943.5485876132043,213514,16100,1,"1"
9958.9623961230918,213496,16118,1,"1"
9971.0756593075021,213442,16172,4,"2-1-1"
9975.4317901607119,0,229614,12036,"12036"
----------------------------------------------7
0,229614,0,0,"0"
90.724525763455119,229613,1,1,"1"
240.36275753655792,229612,2,1,"1"
273.82218054510969,229611,3,1,"1"
310.19934228273985,229609,5,2,"1-1"
315.37791249145937,229608,6,1,"1"
316.4323709437852,229606,8,2,"2"
334.70011623130682,229605,9,1,"1"
393.85740319463093,229604,10,1,"1"
394.36128052159961,229603,11,1,"1"
401.87988543006344,229602,12,1,"1"
408.68016865923516,229601,13,1,"1"
440.37069527316874,229600,14,1,"1"
523.99657171524871,229599,15,1,"1"
545.04873190259445,229598,16,1,"1"
550.99645603710053,229580,34,1,"1"
555.97213816932208,229579,35,1,"1"
631.46939732100532,229578,36,1,"1"
790.99119232656369,229577,37,1,"1"
795.95042103219589,229576,38,1,"1"
801.5371760011318,229575,39,1,"1"
829.77423265403365,229570,44,1,"1"
857.61120834646169,229569,45,1,"1"
878.13408569365981,229568,46,1,"1"
908.59959504110032,229567,47,1,"1"
948.59087644846454,229566,48,1,"1"
950.86159163544846,229565,49,1,"1"
951.96507183392634,229563,51,2,"2"
961.60038571886275,229562,52,1,"1"
974.46792497940407,229561,53,1,"1"
1004.8399648831868,229560,54,1,"1"
1035.1165493956137,229552,62,4,"4"
1053.9408184939612,229551,63,1,"1"
1079.8672186869373,229548,66,3,"2-1"
1086.2691890169285,229547,67,1,"1"
1116.6209882056528,229544,70,1,"1"
1118.60458735971,229543,71,1,"1"
1120.5674072711365,229537,77,6,"6"
1126.3945006203887,229536,78,1,"1"
1138.4642012023489,229535,79,1,"1"
1156.2000623627569,229534,80,1,"1"
1158.0972066779784,229527,87,1,"1"
1184.4117604899877,229517,97,1,"1"
1193.786142871249,229516,98,1,"1"
1204.5643697590945,229515,99,1,"1"
1208.876143709781,229497,117,1,"1"
1237.7294217098677,229496,118,1,"1"
1240.8326197560089,229495,119,1,"1"
1247.3614336640053,229491,123,4,"4"
1256.9115113061016,229488,126,1,"1"
1281.8274584089049,229486,128,2,"2"
1282.0760930185761,229485,129,1,"1"
1288.1897264599493,229467,147,1,"1"
1289.2888325466022,229464,150,3,"2-1"
1306.4800350500541,229463,151,1,"1"
1310.7595760930342,229462,152,1,"1"
1329.0868486552422,229460,154,2,"2"
1352.807750047619,229450,164,1,"1"
1355.9750914022195,229445,169,1,"1"
1371.338682695447,229443,171,2,"2"
1392.4710549437707,229425,189,1,"1"
1436.5199039770712,229423,191,2,"2"
1438.2315940713697,229405,209,1,"1"
1443.385818180773,229392,222,9,"5-4"
1462.5856968920641,229374,240,1,"1"
1479.5329638637245,229373,241,1,"1"
1561.0160501271857,229372,242,1,"1"
1577.9699280720147,229369,245,1,"1"
1603.8335578247097,229368,246,1,"1"
1607.1532392227562,229367,247,1,"1"
1610.0625459839457,229349,265,1,"1"
1613.5526327623684,229347,267,2,"2"
1623.6629818846043,229344,270,1,"1"
1629.6421043870655,229326,288,1,"1"
1630.5516571945591,229308,306,1,"1"
1631.8105083325531,229304,310,4,"2-2"
1637.4707865562459,229303,311,1,"1"
1639.8344960657043,229300,314,1,"1"
1655.2293392497904,229299,315,1,"1"
1695.4831582406878,229298,316,1,"1"
1697.1087846021192,229295,319,1,"1"
1704.759821174858,229292,322,3,"2-1"
1712.7642111889782,229274,340,1,"1"
1716.0608029945422,229267,347,3,"3"
1722.0622480033965,229266,348,1,"1"
1738.3349510592409,229248,366,1,"1"
1738.9174859534905,229230,384,1,"1"
1752.3551408101885,229228,386,2,"2"
1757.8247263172852,229218,396,1,"1"
1758.42034804179,229216,398,2,"2"
1774.4951718424029,229213,401,3,"3"
1797.020325630463,229211,403,2,"2"
1798.5542069277155,229209,405,2,"2"
1800.1552033158653,229208,406,1,"1"
1802.1630601650324,229207,407,1,"1"
1864.8522265518534,229206,408,1,"1"
1894.3771598900889,229205,409,1,"1"
1902.9555041386641,229202,412,3,"2-1"
1923.790035450188,229201,413,1,"1"
1926.5582791371976,229200,414,1,"1"
1927.2831933002651,229198,416,2,"1-1"
1927.4640995473383,229197,417,1,"1"
1941.3007411656404,229196,418,1,"1"
1948.8612196184808,229195,419,1,"1"
1967.6855950503211,229194,420,1,"1"
1974.0190821553683,229193,421,1,"1"
1996.0005962684183,229192,422,1,"1"
1997.7483291220306,229174,440,1,"1"
2015.9438781076346,229172,442,2,"1-1"
2016.1529267581805,229170,444,2,"2"
2016.3597079783517,229168,446,2,"1-1"
2042.0276569814271,229167,447,1,"1"
2077.4900283711927,229166,448,1,"1"
2086.9343263626779,229165,449,1,"1"
2088.5393299248167,229164,450,1,"1"
2092.5349102128926,229163,451,1,"1"
2094.883416828266,229160,454,3,"3"
2100.8422927845481,229148,466,1,"1"
2104.3865767231541,229130,484,1,"1"
2157.1591253715046,229129,485,1,"1"
2175.3196007984816,229128,486,1,"1"
2184.1369009839609,229119,495,5,"5"
2193.546328642497,229101,513,1,"1"
2218.5885527223663,229089,525,1,"1"
2232.1370485364014,229088,526,1,"1"
2249.9137050603781,229087,527,1,"1"
2275.017476324103,229069,545,1,"1"
2275.2174830261865,229063,551,2,"1-1"
2279.6299311786311,229062,552,1,"1"
2288.816208187739,229060,554,2,"2"
2299.530166997868,229042,572,1,"1"
2329.3982894459891,229041,573,1,"1"
2344.7674268532214,229023,591,1,"1"
2371.1264938344943,229020,594,3,"3"
2384.7352254128591,229017,597,1,"1"
2399.8683869058,228999,615,1,"1"
2414.5617879707443,228980,634,3,"3"
2435.133710783784,228970,644,1,"1"
2442.2880584026257,228952,662,1,"1"
2444.3592023130277,228934,680,1,"1"
2446.5940711307635,228933,681,1,"1"
2456.3063527966642,228932,682,1,"1"
2456.7664494778874,228914,700,1,"1"
2473.1651006770671,228896,718,1,"1"
2503.9644878428826,228895,719,1,"1"
2509.3044903914906,228883,731,2,"1-1"
2517.8492897256474,228865,749,1,"1"
2544.7221108449949,228864,750,1,"1"
2545.4817854300836,228853,761,3,"1-1-1"
2575.3327357025087,228850,764,1,"1"
2589.7083300656373,228832,782,1,"1"
2593.6884963804205,228814,800,1,"1"
2595.4951857994033,228813,801,1,"1"
2609.4038451192087,228812,802,1,"1"
2618.6738144414553,228794,820,1,"1"
2622.8016236834674,228793,821,1,"1"
2641.0312629580926,228783,831,1,"1"
2646.3623741472179,228769,845,1,"1"
2647.2238460539884,228757,857,1,"1"
2649.417318371276,228739,875,1,"1"
2661.8245881210842,228721,893,1,"1"
2665.0216210246258,228703,911,1,"1"
2680.066533357397,228685,929,1,"1"
2687.5624973342401,228667,947,1,"1"
2698.6547590202467,228655,959,1,"1"
2699.0628932644145,228637,977,1,"1"
2717.6903380276308,228619,995,1,"1"
2753.9743272268729,228617,997,2,"2"
2756.547041443966,228616,998,1,"1"
2762.5843831913448,228613,1001,1,"1"
2784.8231553308128,228595,1019,1,"1"
2790.8231198134463,228577,1037,1,"1"
2802.3992503563336,228574,1040,1,"1"
2805.6014171129882,228573,1041,1,"1"
2805.9800439118917,228570,1044,1,"1"
2845.9392807736599,228552,1062,1,"1"
2864.3980138913462,228534,1080,1,"1"
2880.2903789676775,228531,1083,3,"2-1"
2884.2130639871657,228528,1086,1,"1"
2914.3207464100078,228523,1091,1,"1"
2923.0462128586059,228522,1092,1,"1"
2942.3934777915015,228521,1093,1,"1"
2963.538375716787,228503,1111,1,"1"
2975.4659827366781,228502,1112,1,"1"
2976.8595155856801,228484,1130,1,"1"
2977.9758893526573,228483,1131,1,"1"
3013.9198731802508,228478,1136,1,"1"
3017.3948474049771,228477,1137,1,"1"
3019.8308541501133,228472,1142,1,"1"
3033.1011426136884,228467,1147,1,"1"
3034.4782971599275,228459,1155,2,"1-1"
3058.4129081558508,228441,1173,1,"1"
3104.5396561673333,228423,1191,1,"1"
3128.6798012674626,228416,1198,1,"1"
3200.8187845853854,228398,1216,1,"1"
3202.84161839535,228380,1234,1,"1"
3222.674317043035,228379,1235,1,"1"
3242.8220726528425,228361,1253,1,"1"
3254.4388899018077,228343,1271,1,"1"
3254.9256838382316,228333,1281,2,"2"
3258.8196946569406,228323,1291,1,"1"
3274.598332029424,228305,1309,1,"1"
3282.1536848466385,228294,1320,1,"1"
3288.1422196592634,228291,1323,1,"1"
3312.699790677761,228284,1330,1,"1"
3365.5237078486352,228266,1348,1,"1"
3390.158051263867,228248,1366,1,"1"
3452.2151895613038,228238,1376,1,"1"
3480.8005923353885,228220,1394,1,"1"
3480.8051234570244,228215,1399,1,"1"
3523.151247718376,228179,1435,2,"2"
3539.2519213419778,228161,1453,1,"1"
3539.6638711592977,228160,1454,1,"1"
3579.9764976826091,228142,1472,1,"1"
3600.933149869345,228124,1490,1,"1"
3605.2914896300772,228106,1508,1,"1"
3608.7861178557232,228101,1513,1,"1"
3612.1176578805093,228083,1531,1,"1"
3656.951597603093,228065,1549,1,"1"
3668.5329955127322,228058,1556,1,"1"
3680.7411904288233,228048,1566,1,"1"
3713.7500005738498,228038,1576,1,"1"
3733.8681089071442,228020,1594,1,"1"
3742.1222338408429,228019,1595,1,"1"
3743.3851788167499,228010,1604,1,"1"
3818.7347173739267,227992,1622,1,"1"
3820.1222368977756,227974,1640,1,"1"
3825.5595979452532,227956,1658,1,"1"
3831.3236477781211,227951,1663,1,"1"
3846.3929320494976,227946,1668,1,"1"
3868.5825773004367,227937,1677,1,"1"
3877.378490453043,227923,1691,2,"2"
3892.7329801168553,227905,1709,1,"1"
3908.4343305601369,227887,1727,1,"1"
3915.5811647295245,227878,1736,1,"1"
3943.6841972353714,227860,1754,1,"1"
3954.9304793012852,227824,1790,2,"1-1"
3962.2950915779797,227812,1802,1,"1"
3969.4960505807585,227807,1807,1,"1"
4033.6543875999228,227789,1825,1,"1"
4067.8082289788417,227786,1828,1,"1"
4072.2520777435598,227768,1846,1,"1"
4090.7009322176473,227758,1856,1,"1"
4108.9966801159489,227740,1874,1,"1"
4142.5651077167031,227737,1877,1,"1"
4171.484340447666,227719,1895,1,"1"
4233.2731245761424,227701,1913,1,"1"
4234.8544122852218,227683,1931,1,"1"
4279.4727808387797,227676,1938,1,"1"
4323.8045884134744,227647,1967,5,"3-1-1"
4329.9453876944053,227629,1985,1,"1"
4336.4288976679209,227622,1992,1,"1"
4342.4832680802219,227606,2008,1,"1"
4389.298694401783,227588,2026,1,"1"
4408.5544096603844,227585,2029,1,"1"
4425.6290414816531,227575,2039,1,"1"
4433.0774135164629,227557,2057,1,"1"
4436.0187536497624,227554,2060,1,"1"
4436.3562985312183,227545,2069,1,"1"
4439.1822578321271,227531,2083,1,"1"
4445.9297274676192,227528,2086,1,"1"
4456.9871831989367,227519,2095,1,"1"
4468.2126822850414,227510,2104,1,"1"
4473.9320103232303,227492,2122,1,"1"
4489.3777097537022,227472,2142,4,"2-1-1"
4502.1271175885213,227463,2151,1,"1"
4527.6915503464134,227453,2161,1,"1"
4544.0451310385824,227425,2189,3,"2-1"
4553.2541748517424,227407,2207,1,"1"
4562.6230283842306,227391,2223,4,"3-1"
4564.3239782653864,227373,2241,1,"1"
4593.9869885909175,227370,2244,1,"1"
4610.9344451074649,227360,2254,1,"1"
4647.1051624070469,227342,2272,1,"1"
4653.3568186279763,227337,2277,1,"1"
4699.3222932697463,227330,2284,1,"1"
4712.588630569322,227312,2302,1,"1"
4738.5566481600326,227306,2308,2,"2"
4744.7122259984126,227303,2311,1,"1"
4758.2809058956755,227285,2329,1,"1"
4780.6309591579766,227282,2332,1,"1"
4783.769251580281,227264,2350,1,"1"
4796.1043979270817,227246,2368,1,"1"
4800.7041843184415,227228,2386,1,"1"
4819.824418526885,227214,2400,1,"1"
4823.8273714878715,227196,2418,1,"1"
4854.2409559115122,227180,2434,1,"1"
4886.1825925839976,227162,2452,1,"1"
4900.9102298620173,227152,2462,2,"1-1"
4901.3930756618829,227134,2480,1,"1"
4921.7346018337348,227131,2483,1,"1"
4926.4531427165739,227121,2493,1,"1"
4936.4657015205612,227103,2511,1,"1"
4937.6335553847402,227093,2521,1,"1"
4969.7608595913753,227084,2530,1,"1"
4991.2846707854878,227066,2548,1,"1"
5012.3072313523535,227048,2566,1,"1"
5025.1830863988198,227024,2590,2,"1-1"
5029.1614658700082,227021,2593,1,"1"
5034.2882483363164,227011,2603,1,"1"
5075.5325087094661,227006,2608,1,"1"
5084.7100538387585,226996,2618,2,"2"
5087.9867036030819,226960,2654,2,"2"
5110.2047460868143,226942,2672,1,"1"
5124.5798643140579,226934,2680,2,"2"
5178.6098935308337,226916,2698,1,"1"
5193.7207034202402,226898,2716,1,"1"
5201.7593747005085,226880,2734,1,"1"
5215.5097199794927,226862,2752,1,"1"
5216.1127170837635,226852,2762,2,"2"
5219.9288268663022,226849,2765,1,"1"
5241.7431565583311,226831,2783,1,"1"
5245.7716115865996,226813,2801,1,"1"
5262.4878047555685,226795,2819,1,"1"
5269.6689448450334,226788,2826,1,"1"
5279.6534046140587,226762,2852,6,"2-2-1-1"
5291.3542639296738,226752,2862,1,"1"
5298.3192108642315,226746,2868,2,"2"
5313.900685171182,226728,2886,1,"1"
5331.5431959408716,226725,2889,1,"1"
5337.96670583181,226707,2907,1,"1"
5339.412207897286,226689,2925,1,"1"
5341.5592393220313,226684,2930,1,"1"
5345.8608587542458,226666,2948,1,"1"
5346.7133615833955,226651,2963,3,"3"
5356.1327367742215,226633,2981,1,"1"
5362.6488868505876,226615,2999,1,"1"
5387.9547885631082,226589,3025,3,"2-1"
5394.1590440628761,226571,3043,1,"1"
5404.1207243525078,226553,3061,1,"1"
5421.8145461689937,226550,3064,1,"1"
5429.4157944205681,226532,3082,1,"1"
5475.6005043789091,226522,3092,2,"2"
5492.6347088714256,226504,3110,1,"1"
5501.4967030454254,226482,3132,2,"2"
5507.8542427720859,226473,3141,1,"1"
5508.2504018088912,226461,3153,1,"1"
5512.6237606622262,226451,3163,1,"1"
5512.8440267209517,226433,3181,1,"1"
5522.9211817538899,226411,3203,4,"2-1-1"
5554.7406267907481,226406,3208,1,"1"
5560.6045757442689,226397,3217,1,"1"
5587.0964508360539,226379,3235,1,"1"
5592.3302878017212,226374,3240,1,"1"
5594.5778690195075,226369,3245,1,"1"
5630.2929617741993,226366,3248,1,"1"
5635.0982552934229,226363,3251,1,"1"
5639.8258398895805,226345,3269,1,"1"
5645.7077282627779,226327,3287,1,"1"
5683.3261943224425,226322,3292,1,"1"
5697.6218078871325,226304,3310,1,"1"
5707.2748899058843,226286,3328,1,"1"
5716.822877185672,226268,3346,1,"1"
5756.0500673914621,226261,3353,1,"1"
5773.4939447054394,226253,3361,2,"2"
5773.5462224269086,226235,3379,1,"1"
5783.7037403319418,226230,3384,1,"1"
5795.2175563157625,226220,3394,1,"1"
5799.2924729523047,226202,3412,1,"1"
5813.928454711272,226184,3430,1,"1"
5816.2492148732563,226164,3450,2,"2"
5816.414904323492,226146,3468,1,"1"
5820.8077101625204,226110,3504,2,"1-1"
5857.3832260973059,226092,3522,1,"1"
5858.0986934866078,226085,3529,1,"1"
5869.9708379340245,226071,3543,2,"2"
5880.8203759238913,226053,3561,1,"1"
5909.9514300163373,226046,3568,1,"1"
5910.8120805598346,226037,3577,1,"1"
5940.6928357877941,226026,3588,1,"1"
5946.0313490951676,226008,3606,1,"1"
5959.1993335116358,225990,3624,1,"1"
5970.1127085355447,225985,3629,1,"1"
5971.7895598053165,225980,3634,1,"1"
5985.9887407871202,225965,3649,5,"5"
5991.9905202128029,225947,3667,1,"1"
5997.9794876480173,225929,3685,1,"1"
6007.721930462576,225897,3717,3,"1-1-1"
6008.8663337606349,225879,3735,1,"1"
6010.871018819138,225861,3753,1,"1"
6026.1704710280555,225858,3756,1,"1"
6028.7834949611888,225840,3774,1,"1"
6029.5910961373529,225822,3792,1,"1"
6045.3677191639053,225804,3810,2,"1-1"
6054.1478023522614,225786,3828,1,"1"
6080.4348799444651,225768,3846,1,"1"
6116.1644773781063,225758,3856,2,"2"
6132.6621654767241,225748,3866,2,"1-1"
6141.075361654377,225730,3884,1,"1"
6144.4062512009905,225712,3902,1,"1"
6177.9182955826836,225694,3920,1,"1"
6181.9552055061367,225676,3938,1,"1"
6230.0431284936312,225658,3956,1,"1"
6230.2551476680219,225640,3974,1,"1"
6268.0425049016249,225594,4020,3,"3"
6283.572400869828,225578,4036,1,"1"
6289.5409587486165,225571,4043,1,"1"
6292.7395157595893,225561,4053,2,"2"
6293.1094912006665,225543,4071,1,"1"
6306.1438606045986,225540,4074,1,"1"
6317.7773284302912,225533,4081,1,"1"
6321.8761245056758,225515,4099,1,"1"
6332.9561259704951,225497,4117,1,"1"
6369.501619591827,225489,4125,2,"2"
6383.9894196789946,225471,4143,1,"1"
6390.0621907402365,225453,4161,1,"1"
6396.0019825484023,225435,4179,1,"1"
6397.2893112922347,225417,4197,1,"1"
6399.7283100118539,225399,4215,1,"1"
6408.2427703134217,225389,4225,1,"1"
6409.618328816041,225371,4243,1,"1"
6438.0209209084423,225361,4253,2,"2"
6475.4516485382774,225343,4271,1,"1"
6478.8744588578129,225325,4289,1,"1"
6479.7522303459073,225307,4307,1,"1"
6500.2646139927174,225289,4325,1,"1"
6512.9474189791481,225271,4343,1,"1"
6513.3529847313048,225268,4346,1,"1"
6535.6154665515451,225258,4356,1,"1"
6551.2748456793506,225240,4374,1,"1"
6556.3050777940662,225230,4384,1,"1"
6557.3186146801954,225212,4402,1,"1"
6571.3562756945748,225202,4412,1,"1"
6578.9538884457988,225199,4415,1,"1"
6593.0361214290533,225181,4433,1,"1"
6609.7772350447067,225145,4469,2,"1-1"
6612.4780427606847,225109,4505,2,"2"
6619.2537312031236,225102,4512,1,"1"
6621.7851528957999,225092,4522,2,"2"
6622.4856108627409,225074,4540,1,"1"
6634.9203458334323,225056,4558,1,"1"
6647.3701631056492,225046,4568,1,"1"
6652.0284713337023,225025,4589,3,"3"
6660.6819547887162,225007,4607,1,"1"
6665.9981831104551,225002,4612,1,"1"
6678.3190669194237,224991,4623,1,"1"
6691.6804557602309,224966,4648,3,"3"
6695.5255610686863,224948,4666,1,"1"
6703.3268328566064,224939,4675,1,"1"
6706.8832102700626,224930,4684,3,"3"
6711.0855420976077,224908,4706,2,"1-1"
6713.8305443688787,224890,4724,1,"1"
6726.6980636741546,224879,4735,1,"1"
6729.2742574468757,224876,4738,1,"1"
6729.6000666769442,224873,4741,1,"1"
6745.0474232602564,224855,4759,1,"1"
6746.9883021928126,224837,4777,1,"1"
6755.3999559683398,224824,4790,3,"2-1"
6756.7210325840288,224806,4808,1,"1"
6782.9320923480864,224792,4822,1,"1"
6811.0392376239079,224774,4840,1,"1"
6842.0364587446356,224767,4847,1,"1"
6859.389251263081,224749,4865,1,"1"
6868.9500323150323,224737,4877,1,"1"
6870.8644831083493,224732,4882,1,"1"
6876.4620645995501,224722,4892,2,"2"
6878.3258056740369,224704,4910,1,"1"
6886.1319878047952,224699,4915,1,"1"
6910.5853562781049,224681,4933,1,"1"
6919.4454978824024,224663,4951,1,"1"
6923.9177396822261,224654,4960,1,"1"
6931.2355655379642,224644,4970,2,"2"
6954.5262669293616,224626,4988,1,"1"
6956.9028902219279,224608,5006,1,"1"
6969.9536084530901,224590,5024,1,"1"
6985.7957833532237,224572,5042,1,"1"
6994.211626436414,224554,5060,1,"1"
7002.5874867564398,224542,5072,1,"1"
7007.2750217376861,224524,5090,1,"1"
7007.4910793849067,224506,5108,1,"1"
7008.5210698439814,224488,5126,1,"1"
7008.630658363566,224440,5174,4,"3-1"
7012.0518865647982,224422,5192,1,"1"
7013.6816602295448,224404,5210,1,"1"
7020.6849884692074,224389,5225,3,"2-1"
7021.151195889779,224375,5239,1,"1"
7030.7247882590209,224357,5257,1,"1"
7031.6215052869911,224329,5285,2,"2"
7049.2212349928377,224311,5303,1,"1"
7069.7484819027432,224293,5321,1,"1"
7079.8976155820337,224279,5335,1,"1"
7080.9826475678483,224269,5345,1,"1"
7093.2867485372772,224251,5363,1,"1"
7093.4693967831226,224239,5375,1,"1"
7100.6193373643191,224229,5385,1,"1"
7107.7150732674118,224189,5425,3,"2-1"
7132.6341040825773,224153,5461,2,"1-1"
7133.8510072965682,224140,5474,1,"1"
7134.1754651152305,224135,5479,1,"1"
7140.5148115806733,224117,5497,1,"1"
7165.7840494701632,224107,5507,2,"2"
7189.2017582024282,224089,5525,1,"1"
7210.3226915339801,224071,5543,1,"1"
7211.9440233245168,224053,5561,1,"1"
7216.9033267538371,224035,5579,1,"1"
7233.1615427416482,224018,5596,1,"1"
7243.3438906213851,224004,5610,1,"1"
7257.6074588472411,223986,5628,1,"1"
7259.1695103200964,223977,5637,1,"1"
7259.3904298511507,223959,5655,1,"1"
7259.7896129537148,223953,5661,2,"2"
7261.1808761715811,223939,5675,1,"1"
7283.4469948034921,223921,5693,1,"1"
7286.3530518975203,223903,5711,1,"1"
7288.672951265421,223885,5729,1,"1"
7296.850232331738,223882,5732,1,"1"
7307.0373921544951,223864,5750,1,"1"
7308.9028268983238,223859,5755,1,"1"
7333.2589283387024,223841,5773,1,"1"
7333.6457267361702,223823,5791,1,"1"
7345.1293749284214,223805,5809,2,"2"
7369.7092995815701,223787,5827,1,"1"
7374.0080899726854,223777,5837,2,"2"
7382.9540253440073,223739,5875,3,"3"
7392.9134651202312,223721,5893,1,"1"
7411.3903206021596,223711,5903,2,"1-1"
7419.7562824629449,223661,5953,4,"3-1"
7423.3271261654463,223647,5967,1,"1"
7428.3841910983474,223629,5985,1,"1"
7438.4288241308877,223619,5995,1,"1"
7446.0697332528953,223602,6012,3,"2-1"
7446.6177292973489,223584,6030,1,"1"
7456.4604089420945,223566,6048,1,"1"
7476.4740231690375,223554,6060,1,"1"
7480.5992270531178,223536,6078,1,"1"
7485.6951863313025,223522,6092,1,"1"
7524.5570287595237,223504,6110,2,"1-1"
7530.402067277143,223486,6128,1,"1"
7534.9576584611095,223468,6146,1,"1"
7539.9767794925456,223450,6164,1,"1"
7543.7310333193072,223432,6182,1,"1"
7548.6050902515972,223345,6269,11,"4-3-2-1-1"
7551.8767184578501,223335,6279,1,"1"
7557.8307706781652,223322,6292,1,"1"
7560.1784313714516,223304,6310,1,"1"
7566.8073166755548,223294,6320,1,"1"
7568.2053250655381,223275,6339,3,"3"
7597.3149716478729,223257,6357,1,"1"
7602.4074716143623,223239,6375,1,"1"
7606.1378344173645,223199,6415,4,"2-2"
7613.2206051814919,223181,6433,1,"1"
7626.6743737545839,223163,6451,1,"1"
7629.6196896478805,223045,6569,10,"3-3-2-1-1"
7640.9084777212856,223011,6603,2,"2"
7648.7802618379601,222955,6659,4,"1-1-1-1"
7655.2215155423701,222937,6677,1,"1"
7659.3534320618601,222904,6710,5,"3-1-1"
7659.7229838759768,222886,6728,1,"1"
7666.5658120819926,222868,6746,1,"1"
7670.1922142164349,222850,6764,1,"1"
7681.2270959714015,222809,6805,5,"2-2-1"
7682.3219338053204,222791,6823,1,"1"
7688.2729951334804,222755,6859,2,"1-1"
7693.5842524944055,222737,6877,1,"1"
7697.6550617826824,222719,6895,1,"1"
7699.5372958968319,222701,6913,1,"1"
7716.3744638975495,222677,6937,4,"2-2"
7747.6708669024738,222659,6955,1,"1"
7758.2987315782748,222643,6971,2,"1-1"
7763.2708480161764,222625,6989,1,"1"
7776.22315720602,222607,7007,1,"1"
7801.8368868457064,222597,7017,2,"2"
7820.8620498953514,222588,7026,1,"1"
7827.1596454357814,222577,7037,1,"1"
7830.4506680967079,222545,7069,2,"2"
7834.8156124532052,222527,7087,1,"1"
7861.6551174799333,222509,7105,1,"1"
7863.3834694507523,222491,7123,1,"1"
7865.2313729978741,222441,7173,8,"4-2-1-1"
7865.4363515090163,222423,7191,1,"1"
7874.1107418591364,222387,7227,2,"2"
7880.2438516058228,222382,7232,1,"1"
7881.2077155775723,222375,7239,1,"1"
7884.5554171607637,222357,7257,1,"1"
7887.3785448657636,222339,7275,1,"1"
7892.3455834255656,222330,7284,1,"1"
7908.7632642126991,222312,7302,1,"1"
7937.1841892486909,222303,7311,1,"1"
7941.011775243187,222285,7329,2,"2"
7941.5503448568115,222243,7371,6,"2-2-2"
7977.0372360874799,222225,7389,1,"1"
7985.0596277378363,222215,7399,1,"1"
7985.2007501444232,222195,7419,2,"2"
7999.2706792967783,222185,7429,1,"1"
7999.453001005003,222175,7439,1,"1"
8005.3509049917229,222157,7457,1,"1"
8010.1779115938871,222145,7469,1,"1"
8011.0960196805217,221969,7645,15,"3-2-2-2-1-1-1-1-1-1"
8023.3756754785754,221951,7663,2,"2"
8025.8133166767566,221946,7668,1,"1"
8051.8343975614807,221910,7704,2,"2"
8052.7731755619507,221892,7722,1,"1"
8053.300765297211,221874,7740,1,"1"
8060.9711068457063,221856,7758,1,"1"
8070.4245630833639,221846,7768,1,"1"
8077.6185258374517,221832,7782,1,"1"
8095.339981989935,221814,7800,1,"1"
8104.829443993679,221797,7817,1,"1"
8118.0577947901338,221779,7835,1,"1"
8134.4197041981324,221761,7853,1,"1"
8138.6436209761314,221751,7863,1,"1"
8143.3772171425007,221733,7881,1,"1"
8168.572192927867,221726,7888,1,"1"
8170.2070193259924,221703,7911,3,"1-1-1"
8174.0293683396339,221685,7929,1,"1"
8187.6322427859031,221667,7947,1,"1"
8189.9100591065244,221645,7969,2,"2"
8195.1703847786011,221615,7999,4,"2-1-1"
8198.4231683867019,221562,8052,6,"2-2-1-1"
8200.5622787318935,221544,8070,1,"1"
8210.4996063866838,221508,8106,2,"2"
8211.4886810925491,221488,8126,2,"2"
8219.0817196806092,221470,8144,1,"1"
8219.6682949814476,221434,8180,2,"2"
8224.2457239005435,221416,8198,1,"1"
8228.2573085661134,221398,8216,1,"1"
8244.2939523123114,221380,8234,1,"1"
8250.2412829286695,221362,8252,1,"1"
8251.2482254646002,221344,8270,1,"1"
8258.8468124656301,221330,8284,1,"1"
8270.7761085471502,221302,8312,4,"4"
8274.0947971304395,221284,8330,1,"1"
8276.8961599981685,221106,8508,14,"2-2-2-1-1-1-1-1-1-1-1"
8282.5234314656736,221078,8536,2,"2"
8284.925110129856,221064,8550,1,"1"
8298.8864700163504,221046,8568,1,"1"
8299.4929008065228,221028,8586,1,"1"
8314.6249908415393,221010,8604,1,"1"
8316.8754907770799,221000,8614,1,"1"
8318.2031920400459,220982,8632,1,"1"
8318.6665493517776,220973,8641,1,"1"
8321.8273121208222,220963,8651,1,"1"
8322.038198126249,220956,8658,1,"1"
8327.4383551690789,220951,8663,1,"1"
8332.4112634248049,220915,8699,2,"2"
8342.1531772230483,220905,8709,1,"1"
8355.4278994179294,220887,8727,1,"1"
8357.876982183363,220877,8737,1,"1"
8360.0025520747658,220864,8750,1,"1"
8361.6397436949283,220845,8769,3,"1-1-1"
8386.3826205452406,220835,8779,1,"1"
8388.9630431335827,220817,8797,1,"1"
8395.7506067845479,220799,8815,1,"1"
8397.2402185399915,220763,8851,2,"2"
8442.5817600980499,220747,8867,1,"1"
8452.4608005302161,220729,8885,1,"1"
8456.6156298974365,220711,8903,1,"1"
8459.9271233106374,220704,8910,1,"1"
8468.4837288305698,220686,8928,1,"1"
8470.0130344812806,220668,8946,2,"2"
8479.4316015915483,220661,8953,1,"1"
8494.3655412847311,220643,8971,1,"1"
8512.9143702956189,220625,8989,1,"1"
8516.9831745537176,220593,9021,4,"2-1-1"
8522.2691578854628,220578,9036,1,"1"
8527.9960494535371,220524,9090,3,"2-1"
8552.1417680855939,220506,9108,1,"1"
8553.3443877267309,220482,9132,2,"2"
8557.375451142887,220464,9150,1,"1"
8561.1558566809908,220446,9168,1,"1"
8562.5171332043537,220428,9186,1,"1"
8578.995902548997,220416,9198,1,"1"
8589.793403987218,220411,9203,1,"1"
8606.549515472896,220402,9212,1,"1"
8611.1265112382134,220388,9226,2,"2"
8612.9584786654905,220370,9244,1,"1"
8630.0999814178122,220356,9258,2,"1-1"
8634.7108640430561,220296,9318,4,"3-1"
8644.1844593641199,220276,9338,2,"2"
8649.7591427904554,220258,9356,1,"1"
8651.9112504492805,220246,9368,1,"1"
8658.3950641009378,220228,9386,1,"1"
8659.7362408916979,220221,9393,1,"1"
8665.5149900553643,220185,9429,2,"1-1"
8683.682948467711,220175,9439,2,"2"
8699.7009722478397,220157,9457,1,"1"
8708.280497149648,220139,9475,1,"1"
8711.9958715622142,220121,9493,1,"1"
8730.7326897111907,220116,9498,1,"1"
8731.4992822838176,220098,9516,2,"2"
8736.1265795572981,220088,9526,1,"1"
8739.9159105474373,220070,9544,1,"1"
8761.8332016707154,220056,9558,1,"1"
8769.4118923711194,220038,9576,1,"1"
8772.8284973227182,220020,9594,1,"1"
8776.1334933607905,220015,9599,1,"1"
8780.0666895765989,219979,9635,2,"2"
8781.1058460132226,219969,9645,1,"1"
8782.4155072020858,219951,9663,1,"1"
8791.4579264137883,219946,9668,1,"1"
8791.5414525074648,219928,9686,1,"1"
8794.3845260632515,219890,9724,4,"2-1-1"
8805.104670226001,219872,9742,1,"1"
8809.6640580739186,219861,9753,1,"1"
8810.0881330563516,219823,9791,3,"2-1"
8826.53138157188,219809,9805,1,"1"
8831.8921752439473,219791,9823,1,"1"
8837.440728390091,219698,9916,8,"4-2-1-1"
8846.3600407568229,219662,9952,2,"2"
8882.9883078977837,219644,9970,1,"1"
8884.0661009007126,219603,10011,5,"2-2-1"
8902.4134280130147,219585,10029,1,"1"
8904.5353618732788,219549,10065,2,"2"
8933.9715809672543,219531,10083,1,"1"
8936.4768049409304,219513,10101,1,"1"
8941.0061537460842,219500,10114,1,"1"
8951.9093059593015,219482,10132,1,"1"
8957.5427109477514,219464,10150,1,"1"
8976.7506165690666,219434,10180,2,"2"
8995.8507894352533,219412,10202,2,"1-1"
9006.7879069991795,219381,10233,3,"2-1"
9013.227622082064,219363,10251,1,"1"
9018.5210648535849,219345,10269,1,"1"
9030.381828981388,219335,10279,1,"1"
9046.7706408459017,219301,10313,2,"2"
9047.0294316197305,219279,10335,2,"1-1"
9056.2980699473137,219225,10389,6,"3-1-1-1"
9063.3889472996598,219211,10403,1,"1"
9069.1949822512361,219193,10421,1,"1"
9073.9343367426227,219175,10439,1,"1"
9099.89457058066,219157,10457,1,"1"
9101.8392332703625,219139,10475,1,"1"
9119.0005074742476,219125,10489,1,"1"
9121.9971119466645,219078,10536,5,"2-1-1-1"
9122.2545357377039,219060,10554,1,"1"
9130.7788263885359,219042,10572,1,"1"
9148.9543091486685,219024,10590,1,"1"
9151.1662774691249,219014,10600,1,"1"
9153.830084484498,218992,10622,2,"1-1"
9158.1750091020276,218970,10644,2,"2"
9169.5297625663388,218938,10676,2,"1-1"
9180.703392352696,218920,10694,1,"1"
9186.820198275962,218902,10712,1,"1"
9186.8845674268669,218884,10730,1,"1"
9190.5768825882569,218866,10748,1,"1"
9194.1870474599727,218830,10784,2,"1-1"
9194.3567843727742,218812,10802,1,"1"
9195.4247245484439,218794,10820,1,"1"
9200.7821339477614,218776,10838,1,"1"
9204.5873157579754,218760,10854,1,"1"
9217.160058542242,218724,10890,2,"1-1"
9220.6443404801139,218713,10901,1,"1"
9229.3760555352528,218683,10931,2,"2"
9233.1293393320466,218665,10949,1,"1"
9239.8295242463719,218647,10967,1,"1"
9259.1940562795153,218627,10987,2,"1-1"
9270.0504785734392,218609,11005,1,"1"
9274.9317220058401,218543,11071,6,"2-2-1-1"
9284.9727086898529,218525,11089,1,"1"
9285.8110609071609,218479,11135,6,"3-2-1"
9303.3521177516468,218433,11181,3,"2-1"
9316.8359299677686,218415,11199,1,"1"
9319.663254388046,218397,11217,1,"1"
9323.0973462060319,218379,11235,1,"1"
9325.27274401264,218372,11242,1,"1"
9326.7092408564931,218358,11256,1,"1"
9331.3841887673534,218322,11292,2,"2"
9334.4038915798246,218304,11310,1,"1"
9341.6783776014381,218286,11328,1,"1"
9343.7766531673242,218268,11346,1,"1"
9345.1200830143061,218218,11396,4,"3-1"
9356.8948584946465,218200,11414,1,"1"
9358.7651729360423,218179,11435,3,"2-1"
9365.2742903458984,218161,11453,1,"1"
9367.702215600355,218143,11471,1,"1"
9367.9098304242343,218125,11489,1,"1"
9390.0420348858188,218091,11523,3,"2-1"
9405.0191125772963,218073,11541,1,"1"
9405.9316976305399,218057,11557,2,"1-1"
9417.0306386252414,218039,11575,1,"1"
9420.6245811892695,218021,11593,1,"1"
9438.6135140636852,218003,11611,1,"1"
9442.9467169521395,217985,11629,1,"1"
9445.6598950978805,217713,11901,21,"5-3-2-2-2-2-1-1-1-1-1"
9455.4731443592173,217703,11911,1,"1"
9464.6767984595772,217685,11929,1,"1"
9512.9026601965634,217649,11965,2,"2"
9513.4349016384804,217631,11983,1,"1"
9514.875903536451,217613,12001,1,"1"
9520.6585740624232,217251,12363,26,"6-3-2-2-2-2-2-1-1-1-1-1-1-1"
9523.2544079274467,217240,12374,1,"1"
9528.5577698201741,217222,12392,1,"1"
9534.5886403925851,217188,12426,2,"2"
9539.1016864116245,217170,12444,1,"1"
9539.9690636040523,217152,12462,1,"1"
9554.6710030748454,217060,12554,8,"5-2-1"
9563.4671141722247,216200,13414,62,"5-5-4-4-4-3-3-2-2-2-2-2-2-2-2-2-2-2-1-1-1-1-1-1-1-1-1-1-1-1"
9572.7041430883201,216178,13436,2,"2"
9573.4931650094204,216160,13454,1,"1"
9577.9821168304534,216124,13490,2,"1-1"
9605.9867578859776,216106,13508,1,"1"
9609.2498759497757,215972,13642,12,"7-1-1-1-1-1"
9610.9248629529102,215956,13658,1,"1"
9618.9742169995116,215938,13676,1,"1"
9621.4685133567382,215920,13694,1,"1"
9633.8212862029632,215910,13704,1,"1"
9634.6650694403088,215892,13722,1,"1"
9650.033036460165,215887,13727,1,"1"
9655.7731299561874,215869,13745,1,"1"
9655.9333313185762,215851,13763,1,"1"
9659.0444305231686,215833,13781,1,"1"
9669.4659925187916,215815,13799,1,"1"
9675.2803837031806,215797,13817,1,"1"
9682.3936232298311,215779,13835,1,"1"
9684.5335692441895,215761,13853,1,"1"
9685.6822246330157,215743,13871,1,"1"
9693.0578403660493,215673,13941,7,"3-2-2"
9710.4970965345528,215658,13956,1,"1"
9720.9988113722611,215640,13974,1,"1"
9723.3388212027658,215078,14536,41,"6-5-4-3-3-3-2-2-2-1-1-1-1-1-1-1-1-1-1-1"
9726.1443396697832,215042,14572,2,"2"
9732.1261937328327,214802,14812,16,"6-3-2-2-2-1"
9761.0406526458719,214784,14830,1,"1"
9768.4877699118806,214766,14848,1,"1"
9773.2251150492029,214748,14866,1,"1"
9782.0708063446564,0,229614,12138,"12138"
----------------------------------------------8
0,229614,0,0,"0"
169.50542457424859,229613,1,1,"1"
324.33383438958305,229595,19,1,"1"
395.4606612346908,229594,20,1,"1"
431.35375747513217,229593,21,1,"1"
462.19996487357855,229592,22,1,"1"
503.96990954041507,229591,23,1,"1"
550.52320701058261,229590,24,1,"1"
590.896418314794,229589,25,1,"1"
598.66065786629213,229588,26,1,"1"
599.31320603420352,229578,36,1,"1"
609.10050654167287,229577,37,1,"1"
626.58059668761189,229576,38,1,"1"
675.98148497895522,229575,39,1,"1"
721.55728736237631,229574,40,1,"1"
723.78676499216715,229573,41,1,"1"
750.53115927763565,229572,42,1,"1"
756.47049125199419,229571,43,1,"1"
763.07116760830434,229570,44,1,"1"
773.87414974389776,229569,45,1,"1"
797.87199155262738,229551,63,1,"1"
835.70247890339772,229550,64,1,"1"
859.36539023779449,229549,65,1,"1"
866.95701204465718,229531,83,1,"1"
902.16987912874777,229530,84,1,"1"
905.39572081534698,229524,90,2,"1-1"
923.89122259211229,229522,92,2,"2"
927.00757598047096,229521,93,1,"1"
932.39909923492587,229520,94,1,"1"
935.47084993491853,229518,96,2,"2"
954.91021180100392,229500,114,1,"1"
958.83768370995165,229499,115,1,"1"
964.48325285609258,229498,116,1,"1"
985.7226449015975,229497,117,1,"1"
1009.3675328942695,229487,127,1,"1"
1017.5836099003927,229485,129,2,"2"
1029.7657569880157,229484,130,1,"1"
1043.9829759555705,229474,140,1,"1"
1046.0042187043516,229464,150,1,"1"
1053.3778410444943,229463,151,1,"1"
1070.6279190290825,229462,152,1,"1"
1083.566976454199,229461,153,1,"1"
1083.8637663013617,229460,154,1,"1"
1103.7273843942271,229459,155,1,"1"
1134.9423071408478,229456,158,3,"2-1"
1140.9326412682976,229455,159,1,"1"
1145.0480302328669,229452,162,3,"2-1"
1160.034775677387,229450,164,2,"2"
1198.198675170968,229449,165,1,"1"
1213.4843724785694,229435,179,1,"1"
1218.8563166390306,229434,180,1,"1"
1223.574986299873,229432,182,2,"2"
1227.4241232749171,229431,183,1,"1"
1229.9974272458385,229429,185,2,"2"
1253.7998613020593,229411,203,1,"1"
1274.9396379053092,229393,221,1,"1"
1295.6892116294348,229375,239,1,"1"
1311.6679096353355,229374,240,1,"1"
1312.1128216994553,229373,241,1,"1"
1319.2228786824887,229372,242,1,"1"
1325.0946828701551,229371,243,1,"1"
1334.5287067174418,229353,261,1,"1"
1347.3758108309628,229349,265,2,"2"
1359.2971753813415,229348,266,1,"1"
1359.6926823369095,229347,267,1,"1"
1363.5183910023663,229343,271,4,"3-1"
1422.7488626505656,229342,272,1,"1"
1455.9718192715147,229341,273,1,"1"
1492.0405700069625,229339,275,2,"2"
1508.4978972735928,229338,276,1,"1"
1530.0543076960946,229335,279,3,"3"
1549.8173257565334,229333,281,2,"2"
1579.5552451952212,229332,282,1,"1"
1592.8903529008339,229314,300,1,"1"
1612.1868313186101,229313,301,1,"1"
1658.71732339501,229312,302,1,"1"
1663.0275972087634,229309,305,3,"3"
1669.1072048695407,229308,306,1,"1"
1685.6537092093638,229305,309,3,"3"
1721.2816884046001,229303,311,2,"1-1"
1729.9184322934457,229298,316,1,"1"
1748.4460318562985,229294,320,4,"4"
1765.2548658945555,229291,323,1,"1"
1771.708893198366,229289,325,2,"1-1"
1776.5324975344108,229288,326,1,"1"
1789.3651994531258,229287,327,1,"1"
1802.8726111392666,229282,332,1,"1"
1812.3848121223818,229264,350,1,"1"
1817.5142420199857,229262,352,2,"1-1"
1829.1482026255717,229261,353,1,"1"
1844.6925836783666,229260,354,1,"1"
1861.1470509769786,229259,355,1,"1"
1907.1199016623618,229257,357,2,"2"
1915.1461696782753,229239,375,1,"1"
1931.3211577705588,229235,379,4,"2-1-1"
1985.7808783678709,229234,380,1,"1"
1997.9495411043467,229216,398,1,"1"
2000.5190573964048,229204,410,1,"1"
2014.3438823521922,229203,411,1,"1"
2016.6325842208314,229199,415,4,"2-1-1"
2022.5441330058472,229198,416,1,"1"
2050.0225397022814,229197,417,1,"1"
2063.2300614512706,229194,420,1,"1"
2063.9433129398108,229193,421,1,"1"
2065.8536699023184,229191,423,2,"2"
2071.2392530551706,229188,426,1,"1"
2095.4229078884086,229185,429,3,"3"
2101.1564799408557,229182,432,3,"2-1"
2113.7239896167416,229180,434,2,"2"
2113.8524988853942,229158,456,2,"2"
2117.1711968284353,229155,459,3,"3"
2119.6041948421876,229154,460,1,"1"
2129.3588589002457,229136,478,1,"1"
2130.7074808963121,229135,479,1,"1"
2149.0526385296143,229117,497,1,"1"
2171.9011719081964,229116,498,1,"1"
2181.4593589466313,229115,499,1,"1"
2191.3026459909711,229110,504,1,"1"
2192.9137241864782,229108,506,2,"2"
2256.423923214455,229105,509,3,"3"
2259.6678104070088,229103,511,2,"2"
2266.2769794999426,229085,529,1,"1"
2290.8590814247927,229073,541,1,"1"
2294.3729194133011,229069,545,2,"2"
2295.870881267746,229064,550,1,"1"
2304.3399017872557,229046,568,1,"1"
2344.6577157814472,229028,586,1,"1"
2393.6148518665605,229023,591,1,"1"
2404.9847591560579,229022,592,1,"1"
2409.0358578008641,229020,594,2,"1-1"
2428.9348328299325,229017,597,1,"1"
2437.5372576192913,229014,600,1,"1"
2439.8878362523442,229013,601,1,"1"
2440.251605014219,229003,611,1,"1"
2450.4140620896733,229000,614,1,"1"
2480.1534689570863,228997,617,1,"1"
2489.7572227781693,228994,620,3,"3"
2506.2978764828408,228987,627,1,"1"
2569.2626107695642,228986,628,1,"1"
2570.0245301239088,228968,646,1,"1"
2570.6314264505154,228950,664,1,"1"
2592.7322679555709,228932,682,1,"1"
2621.6701458812936,228915,699,1,"1"
2638.8750778133763,228897,717,1,"1"
2687.7420782551453,228894,720,1,"1"
2689.3082903808563,228891,723,1,"1"
2692.7720197998615,228873,741,1,"1"
2700.2163469457428,228855,759,1,"1"
2709.0705691210446,228853,761,2,"2"
2731.7473216716248,228835,779,1,"1"
2755.6000430625913,228830,784,1,"1"
2765.1619300965335,228825,789,5,"5"
2769.1448367084945,228824,790,1,"1"
2809.1744991969417,228819,795,1,"1"
2815.3753846767986,228818,796,1,"1"
2819.4490739240591,228817,797,1,"1"
2840.5269170624715,228807,807,1,"1"
2843.0278666013651,228797,817,1,"1"
2876.8541692564377,228796,818,1,"1"
2878.9556909327571,228795,819,1,"1"
2896.2927779663378,228777,837,1,"1"
2905.6609384303424,228776,838,1,"1"
2930.8987580090516,228775,839,1,"1"
2947.831995417002,228774,840,1,"1"
2949.260697996378,228756,858,1,"1"
2961.7695401096712,228755,859,1,"1"
2976.4850656344042,228754,860,1,"1"
3001.1370890742705,228753,861,1,"1"
3007.3384740482684,228735,879,1,"1"
3016.8468641067834,228734,880,1,"1"
3019.8237011949045,228733,881,1,"1"
3050.9254780441206,228728,886,1,"1"
3092.3201018347286,228710,904,1,"1"
3112.1328398643373,228709,905,1,"1"
3150.4946077153827,228703,911,2,"1-1"
3165.7981387057416,228689,925,1,"1"
3166.1923427319934,228671,943,1,"1"
3227.9657506652234,228653,961,1,"1"
3247.0241211314365,228635,979,1,"1"
3253.1342940707145,228634,980,1,"1"
3264.8596435794775,228627,987,1,"1"
3285.0629649866646,228609,1005,1,"1"
3292.1079330866974,228608,1006,1,"1"
3300.2167665754937,228607,1007,1,"1"
3318.9785607654826,228597,1017,1,"1"
3326.0792692509685,228587,1027,1,"1"
3361.6833961613288,228569,1045,1,"1"
3365.7151889797519,228568,1046,1,"1"
3388.8779576028101,228550,1064,1,"1"
3398.1199513188994,228535,1079,3,"3"
3408.6406637547243,228517,1097,1,"1"
3425.068369782377,228514,1100,1,"1"
3429.1225337599262,228513,1101,1,"1"
3433.5517009235891,228495,1119,1,"1"
3444.6730012812218,228490,1124,1,"1"
3465.059305030798,228472,1142,1,"1"
3476.770705165517,228454,1160,1,"1"
3488.1497455587792,228436,1178,1,"1"
3508.7454173263918,228418,1196,1,"1"
3515.1754989074821,228404,1210,1,"1"
3543.4014042280469,228403,1211,1,"1"
3560.3902313228073,228394,1220,1,"1"
3591.8764530666904,228377,1237,1,"1"
3631.5035318518394,228367,1247,1,"1"
3647.7008688140145,228366,1248,1,"1"
3659.1585029169373,228348,1266,1,"1"
3693.3866273366903,228347,1267,1,"1"
3710.5623675848265,228329,1285,1,"1"
3726.9915532642117,228326,1288,1,"1"
3733.302690444345,228321,1293,1,"1"
3739.0951098214414,228303,1311,1,"1"
3762.036819670383,228293,1321,1,"1"
3777.1615254321255,228287,1327,2,"1-1"
3795.151912083039,228282,1332,1,"1"
3798.1196258049263,228278,1336,2,"1-1"
3835.9381133485881,228275,1339,1,"1"
3848.9788333533807,228257,1357,1,"1"
3865.0592773685785,228235,1379,2,"1-1"
3877.126574187253,228217,1397,1,"1"
3888.6823198123038,228199,1415,1,"1"
3921.2282856766365,228189,1425,1,"1"
3924.0482796829438,228180,1434,3,"2-1"
3948.2359560573323,228162,1452,1,"1"
3951.5304238103122,228159,1455,1,"1"
3952.1577865511977,228149,1465,1,"1"
3965.9929724380399,228141,1473,2,"1-1"
3977.4989395088587,228123,1491,1,"1"
3987.5530478099804,228113,1501,1,"1"
4026.1011282041632,228095,1519,1,"1"
4039.4340284698924,228085,1529,1,"1"
4060.3298739836437,228067,1547,1,"1"
4061.3248372206317,228057,1557,1,"1"
4066.5070808846644,228052,1562,1,"1"
4112.3934047713765,228034,1580,1,"1"
4161.5599008474264,228016,1598,1,"1"
4162.2585239870323,227998,1616,1,"1"
4164.5955487244037,227980,1634,1,"1"
4167.7047112673008,227962,1652,1,"1"
4181.1682771361084,227943,1671,3,"3"
4181.7608591007775,227931,1683,1,"1"
4184.4667825396064,227913,1701,1,"1"
4213.5189660351498,227903,1711,1,"1"
4255.7360005590108,227885,1729,1,"1"
4257.9494077858762,227878,1736,1,"1"
4267.9949703014609,227860,1754,1,"1"
4273.4745082923273,227842,1772,1,"1"
4295.9852593967744,227837,1777,1,"1"
4332.7355575971415,227828,1786,1,"1"
4357.2174925877835,227823,1791,1,"1"
4371.8440823076635,227805,1809,1,"1"
4382.0525313001608,227800,1814,1,"1"
4401.7446358069219,227794,1820,2,"1-1"
4429.4850697303409,227752,1862,3,"2-1"
4446.0228109232612,227734,1880,1,"1"
4448.2210873084141,227717,1897,1,"1"
4465.609713016901,227699,1915,1,"1"
4470.4729362035732,227681,1933,1,"1"
4498.0126353716287,227672,1942,1,"1"
4540.3372089994618,227667,1947,1,"1"
4560.7899738847882,227649,1965,1,"1"
4568.567244671307,227635,1979,2,"2"
4586.643453093684,227625,1989,1,"1"
4587.8774876674197,227607,2007,1,"1"
4595.5580802166278,227589,2025,1,"1"
4606.7659245033365,227571,2043,1,"1"
4639.3007554037113,227557,2057,2,"2"
4640.7170316030351,227545,2069,1,"1"
4644.2902954339788,227532,2082,1,"1"
4668.9753572187992,227514,2100,1,"1"
4679.7817656332099,227504,2110,1,"1"
4700.868944877453,227486,2128,1,"1"
4703.5264453376576,227468,2146,1,"1"
4728.5475947442947,227450,2164,1,"1"
4743.2802439700081,227432,2182,1,"1"
4763.8423090578226,227418,2196,1,"1"
4775.238305944803,227415,2199,1,"1"
4797.3616358425552,227397,2217,1,"1"
4806.4630606483179,227365,2249,3,"2-1"
4808.8175678176203,227362,2252,1,"1"
4816.6210895963486,227339,2275,3,"2-1"
4821.5205641273751,227329,2285,2,"2"
4825.5601802268729,227315,2299,1,"1"
4831.7708317385923,227312,2302,1,"1"
4841.8150975327926,227307,2307,1,"1"
4889.2256979527856,227297,2317,1,"1"
4903.3078530904413,227279,2335,1,"1"
4915.834621177778,227261,2353,1,"1"
4930.6656122921413,227243,2371,1,"1"
4937.7554640835306,227225,2389,1,"1"
4940.7774663063319,227218,2396,1,"1"
4958.0330497238228,227213,2401,1,"1"
4971.5950723615133,227195,2419,1,"1"
4986.8097116917543,227170,2444,5,"3-1-1"
4989.5239852238756,227152,2462,1,"1"
4991.3177570784583,227138,2476,1,"1"
4996.3939525646783,227120,2494,1,"1"
5024.9467610527536,227115,2499,1,"1"
5029.3831727999805,227106,2508,1,"1"
5037.2198280628309,227096,2518,1,"1"
5040.628025679629,227078,2536,1,"1"
5046.5957745786536,227062,2552,1,"1"
5062.1652770745022,227044,2570,1,"1"
5064.1200680406027,227026,2588,1,"1"
5091.2908253585974,227021,2593,1,"1"
5095.3506873393189,227006,2608,3,"3"
5110.7208132690084,226998,2616,2,"1-1"
5112.4176409426937,226992,2622,2,"1-1"
5117.2036386086756,226974,2640,1,"1"
5118.9641225799051,226971,2643,1,"1"
5121.2930570127619,226968,2646,1,"1"
5121.8542217239892,226963,2651,1,"1"
5147.3044436072614,226946,2668,3,"3"
5162.6941966177947,226928,2686,1,"1"
5169.7293348828043,226913,2701,3,"3"
5172.0289990288766,226895,2719,1,"1"
5176.2693239529335,226889,2725,2,"2"
5193.1671657643901,226879,2735,1,"1"
5210.656554233462,226861,2753,1,"1"
5233.7197143693866,226843,2771,1,"1"
5283.4653353026124,226819,2795,4,"2-2"
5295.9199867938532,226814,2800,1,"1"
5334.3485558064522,226800,2814,1,"1"
5335.2631752916241,226782,2832,1,"1"
5356.3146595993994,226764,2850,1,"1"
5357.069798413012,226757,2857,1,"1"
5365.2332345906789,226743,2871,4,"3-1"
5387.786262765534,226725,2889,1,"1"
5395.0245336788948,226707,2907,1,"1"
5398.0091467185757,226689,2925,1,"1"
5427.7219237931922,226671,2943,1,"1"
5442.3973437546902,226635,2979,3,"2-1"
5451.7658838184661,226630,2984,1,"1"
5489.8088758691856,226615,2999,3,"2-1"
5490.5987676107852,226603,3011,1,"1"
5497.1658445465191,226585,3029,1,"1"
5513.691608546148,226582,3032,1,"1"
5524.2997283908362,226564,3050,1,"1"
5528.4739289331474,226550,3064,1,"1"
5553.1234950925864,226528,3086,2,"2"
5560.0388247078527,226510,3104,1,"1"
5562.8307361495044,226492,3122,1,"1"
5564.7854640665755,226487,3127,1,"1"
5568.1852469682035,226484,3130,1,"1"
5573.5029197381446,226466,3148,1,"1"
5622.6871901892473,226451,3163,1,"1"
5636.0148200141775,226433,3181,1,"1"
5662.2883195396125,226415,3199,1,"1"
5671.7069676529318,226397,3217,1,"1"
5683.5308479392816,226379,3235,1,"1"
5707.2495013612515,226362,3252,1,"1"
5710.1211286111084,226344,3270,1,"1"
5717.0236214878341,226335,3279,1,"1"
5717.8655840749552,226332,3282,1,"1"
5718.0634362211094,226314,3300,1,"1"
5721.5030848796678,226303,3311,3,"3"
5738.4797795113627,226285,3329,1,"1"
5741.9446060673326,226267,3347,1,"1"
5749.60075950599,226252,3362,1,"1"
5788.1048394638556,226247,3367,1,"1"
5792.892334486568,226229,3385,1,"1"
5841.5869052750968,226211,3403,1,"1"
5870.0681619094867,226193,3421,1,"1"
5922.2619378312647,226183,3431,1,"1"
5940.1650522413438,226165,3449,1,"1"
5945.139407382856,226123,3491,3,"2-1"
5955.4719032533421,226105,3509,1,"1"
5969.9058008981874,226087,3527,1,"1"
5972.2571495400625,226073,3541,4,"3-1"
5984.5996350827463,226063,3551,1,"1"
5986.9839144926646,226045,3569,1,"1"
6021.9383210842834,226027,3587,1,"1"
6035.5620709525474,226009,3605,1,"1"
6039.9370207506909,225991,3623,1,"1"
6044.1553833632079,225973,3641,1,"1"
6054.8005294780105,225962,3652,1,"1"
6060.7075162997062,225959,3655,1,"1"
6084.9311711280052,225923,3691,2,"1-1"
6089.9491185367742,225905,3709,1,"1"
6109.2422593538649,225887,3727,1,"1"
6109.396111379383,225882,3732,1,"1"
6110.4285621478275,225860,3754,4,"2-1-1"
6117.417372894749,225850,3764,2,"2"
6119.1696496724517,225833,3781,1,"1"
6147.8224736073935,225824,3790,3,"3"
6151.1781165675875,225806,3808,1,"1"
6161.2349351668681,225791,3823,3,"3"
6171.6233911705085,225775,3839,1,"1"
6172.4752633766375,225757,3857,1,"1"
6176.8703234597324,225745,3869,2,"1-1"
6191.422849640041,225727,3887,1,"1"
6201.5032782303997,225673,3941,12,"5-4-2-1"
6222.956873612171,225649,3965,2,"1-1"
6223.9941788734486,225631,3983,1,"1"
6224.6923430724537,225628,3986,1,"1"
6226.2019060836883,225620,3994,2,"2"
6226.3388376228841,225588,4026,2,"1-1"
6227.4191042223365,225557,4057,3,"2-1"
6234.6591682645976,225547,4067,1,"1"
6236.3342233489657,225529,4085,1,"1"
6239.394905675088,225511,4103,1,"1"
6255.7861927870917,225457,4157,3,"3"
6276.4601407919517,225445,4169,1,"1"
6279.7334066734438,225412,4202,5,"5"
6280.1991147688523,225394,4220,1,"1"
6295.4810399199941,225376,4238,1,"1"
6306.8990434216794,225358,4256,1,"1"
6312.5153111888476,225355,4259,1,"1"
6323.7953121243017,225345,4269,1,"1"
6331.6838202619756,225342,4272,1,"1"
6344.55982855408,225324,4290,1,"1"
6349.429616405163,225306,4308,1,"1"
6361.5348245730474,225288,4326,1,"1"
6389.730077206309,225278,4336,1,"1"
6389.8796668430678,225269,4345,1,"1"
6392.6580251060277,225257,4357,1,"1"
6412.148363974442,225238,4376,3,"2-1"
6418.3002103612444,225226,4388,1,"1"
6453.786228972549,225221,4393,1,"1"
6483.4108743592542,225203,4411,1,"1"
6493.3717463935927,225185,4429,1,"1"
6501.1777981769719,225167,4447,1,"1"
6515.086640321244,225149,4465,1,"1"
6519.5638873147736,225144,4470,1,"1"
6527.3774839242569,225126,4488,1,"1"
6530.1582190660129,225108,4506,1,"1"
6540.640433052693,225090,4524,1,"1"
6544.5570206483089,225072,4542,1,"1"
6554.0010795756334,225054,4560,1,"1"
6562.919873060664,225036,4578,1,"1"
6565.4084369456168,225026,4588,1,"1"
6590.5508799142881,225019,4595,1,"1"
6592.7727457979609,225016,4598,1,"1"
6609.2421345305102,225009,4605,1,"1"
6616.6069841642948,224955,4659,3,"3"
6625.0320293513023,224937,4677,1,"1"
6636.8762150114517,224930,4684,1,"1"
6648.4883785655502,224920,4694,1,"1"
6656.9608136948746,224910,4704,2,"1-1"
6660.3041527260475,224892,4722,1,"1"
6662.627329054314,224874,4740,1,"1"
6698.0963581847909,224871,4743,1,"1"
6711.0315796707737,224866,4748,1,"1"
6711.9880497630211,224848,4766,1,"1"
6717.071996127539,224830,4784,1,"1"
6743.0404491983863,224820,4794,1,"1"
6789.9860889236297,224802,4812,1,"1"
6794.45289703853,224784,4830,1,"1"
6799.1849647346098,224766,4848,1,"1"
6818.6287830637084,224749,4865,1,"1"
6824.0375041681964,224731,4883,1,"1"
6842.1817534021802,224717,4897,2,"2"
6856.8837993306424,224677,4937,4,"2-1-1"
6857.4698286128214,224667,4947,1,"1"
6869.0328199518326,224649,4965,1,"1"
6871.6174476358592,224635,4979,2,"2"
6898.625928456514,224626,4988,1,"1"
6911.1538165886241,224608,5006,1,"1"
6912.8469026397197,224596,5018,2,"2"
6925.4905472137116,224586,5028,1,"1"
6939.4548164949301,224579,5035,1,"1"
6942.1402027837985,224574,5040,1,"1"
6943.8722495028369,224522,5092,3,"3"
6958.0501665687134,224517,5097,1,"1"
6966.6359027423214,224505,5109,1,"1"
6967.9094554508547,224487,5127,1,"1"
6968.5326291645297,224469,5145,1,"1"
6969.1085667802108,224451,5163,1,"1"
6975.9185686419305,224433,5181,1,"1"
6996.6497074463541,224389,5225,4,"2-2"
7011.5077751276049,224379,5235,1,"1"
7015.7485937673291,224361,5253,1,"1"
7020.3603559604562,224356,5258,1,"1"
7034.2549786080344,224283,5331,13,"7-2-1-1-1-1"
7035.3912497055217,224276,5338,1,"1"
7049.7356804167021,224258,5356,1,"1"
7054.9414368655735,224240,5374,1,"1"
7070.359364146103,224230,5384,1,"1"
7083.5002852795251,224212,5402,1,"1"
7095.7389578415741,224194,5420,1,"1"
7101.5534110479375,224176,5438,1,"1"
7112.1421569401609,224171,5443,1,"1"
7114.941911373533,224137,5477,6,"2-2-1-1"
7120.2918821766325,224132,5482,1,"1"
7179.7640518425624,224103,5511,3,"2-1"
7192.0829317249709,224061,5553,3,"3"
7198.2869918528013,224043,5571,1,"1"
7217.9512818448693,223985,5629,5,"2-2-1"
7235.3786647780598,223967,5647,1,"1"
7251.1295739723773,223919,5695,4,"4"
7259.8500588943634,223883,5731,2,"2"
7268.2247665911191,223876,5738,1,"1"
7268.98497608037,223858,5756,1,"1"
7279.5707676384309,223840,5774,1,"1"
7301.016068846563,223822,5792,1,"1"
7316.6113721197516,223804,5810,1,"1"
7340.0636415177569,223786,5828,1,"1"
7344.7419265643848,223772,5842,2,"1-1"
7350.4219233239473,223754,5860,1,"1"
7362.8756810817431,223747,5867,1,"1"
7365.6592944268959,223740,5874,1,"1"
7378.5047204825305,223735,5879,1,"1"
7385.6014520087174,223699,5915,2,"2"
7390.4209147552638,223663,5951,2,"2"
7394.8423491628919,223645,5969,1,"1"
7402.7544254979812,223593,6021,5,"3-1-1"
7428.6731495133681,223557,6057,2,"2"
7433.647068988781,223539,6075,1,"1"
7438.6777495410515,223536,6078,1,"1"
7444.4341482622831,223518,6096,1,"1"
7449.1729098352444,223494,6120,2,"1-1"
7458.3460967781066,223489,6125,1,"1"
7460.7286082747733,223471,6143,1,"1"
7467.6489080421225,223461,6153,1,"1"
7474.2352948734788,223443,6171,1,"1"
7478.7038816552422,223425,6189,1,"1"
7500.2953840455875,223407,6207,1,"1"
7500.7986097764706,223371,6243,2,"2"
7508.5376375238584,223353,6261,1,"1"
7514.1013398754139,223339,6275,1,"1"
7521.8432474672481,223321,6293,1,"1"
7532.6383646957429,223303,6311,1,"1"
7544.9456423210022,223293,6321,1,"1"
7554.620184876474,223275,6339,1,"1"
7556.8055482275895,223257,6357,1,"1"
7567.6261691262644,223203,6411,3,"3"
7579.8353551350374,223185,6429,1,"1"
7584.9744826275073,223167,6447,1,"1"
7595.1824540933994,223149,6465,1,"1"
7617.374251851902,223131,6483,1,"1"
7638.7074896278691,223113,6501,1,"1"
7654.6169846304401,223099,6515,1,"1"
7659.9389035001495,223071,6543,2,"2"
7664.7884684562287,223066,6548,1,"1"
7671.3177786317783,223057,6557,1,"1"
7690.7411022826273,223039,6575,1,"1"
7693.237753927262,223009,6605,2,"2"
7703.4952373592596,222992,6622,1,"1"
7707.5054741698596,222974,6640,1,"1"
7726.17675335677,222956,6658,1,"1"
7727.9224169313547,222938,6676,1,"1"
7748.0752113798444,222928,6686,1,"1"
7760.4620503602655,222910,6704,1,"1"
7776.1395557662454,222901,6713,1,"1"
7805.9125405345585,222883,6731,1,"1"
7837.9503576457737,222865,6749,1,"1"
7843.9087943942577,222847,6767,1,"1"
7850.6211525339268,222829,6785,1,"1"
7861.1895107511546,222811,6803,1,"1"
7877.7520160292743,222756,6858,7,"2-2-1-1-1"
7884.1814240559916,222704,6910,6,"4-1-1"
7886.0619219135378,222699,6915,1,"1"
7892.8048913482553,222685,6929,1,"1"
7903.7138148753211,222667,6947,1,"1"
7905.3945951177211,222649,6965,1,"1"
7910.2161259250552,222631,6983,1,"1"
7950.2803217043893,222582,7032,7,"5-1-1"
7956.8640132418677,222566,7048,2,"1-1"
7959.2367549374221,222536,7078,2,"1-1"
7984.1448687659522,222500,7114,2,"1-1"
7987.6820654979765,222482,7132,1,"1"
7991.5537301338163,222472,7142,2,"2"
7996.1098587712022,222454,7160,1,"1"
7999.7784544074884,222449,7165,1,"1"
8017.252383256533,222426,7188,3,"2-1"
8020.2592905070096,222408,7206,1,"1"
8045.0263655570634,222390,7224,1,"1"
8046.9444424263847,222367,7247,3,"2-1"
8061.1553698768284,222293,7321,5,"4-1"
8066.9826222681058,222275,7339,1,"1"
8076.2229956700339,222257,7357,1,"1"
8078.7477950464536,222221,7393,2,"2"
8080.277684692609,222203,7411,1,"1"
8088.7617484993243,222185,7429,1,"1"
8105.3142866187172,222167,7447,1,"1"
8112.507109992961,222162,7452,1,"1"
8113.3757188938253,222144,7470,1,"1"
8119.8315237454235,222126,7488,1,"1"
8120.0296726455827,222108,7506,1,"1"
8148.105730635024,222090,7524,1,"1"
8156.7500324574921,222072,7542,1,"1"
8185.0740624139598,222065,7549,1,"1"
8210.3992187101685,222060,7554,1,"1"
8223.4897407238859,222042,7572,1,"1"
8225.4813416455436,222024,7590,1,"1"
8232.1470952237978,222008,7606,2,"1-1"
8239.0108100437101,221990,7624,1,"1"
8253.1819330380786,221904,7710,7,"3-2-1-1"
8254.6166827757133,221899,7715,1,"1"
8261.2351307550034,221869,7745,2,"2"
8270.0986638234226,221851,7763,1,"1"
8272.7946321656946,221833,7781,1,"1"
8284.5974953944005,221815,7799,1,"1"
8285.8899918589159,221810,7804,1,"1"
8291.920424615706,221792,7822,1,"1"
8297.2630123545005,221774,7840,1,"1"
8297.9224459947382,221767,7847,1,"1"
8299.6230724325869,221749,7865,1,"1"
8302.5465307015165,221731,7883,1,"1"
8310.3669765383402,221693,7921,3,"1-1-1"
8321.2939510645574,221675,7939,1,"1"
8323.9351130420382,221660,7954,1,"1"
8327.2853542909725,221601,8013,7,"3-2-1-1"
8329.4458968300532,221583,8031,1,"1"
8329.8217249601075,221563,8051,2,"2"
8340.7342435737446,221528,8086,3,"2-1"
8344.0882386423182,221509,8105,3,"2-1"
8361.880981508808,221491,8123,1,"1"
8361.9218469867956,221473,8141,1,"1"
8378.5133403223263,221415,8199,5,"2-1-1-1"
8383.9469741263274,221384,8230,2,"1-1"
8383.9534726268757,221358,8256,2,"2"
8389.8941812345056,221340,8274,1,"1"
8398.7015760804097,221308,8306,2,"2"
8399.3183670148846,221296,8318,1,"1"
8399.7435282492916,221240,8374,10,"4-4-1-1"
8403.1434339450298,221212,8402,2,"2"
8410.0679134063412,221194,8420,1,"1"
8410.7275574361283,221176,8438,1,"1"
8413.3565254626774,221158,8456,1,"1"
8426.3457848076778,221146,8468,1,"1"
8432.7956501280369,221141,8473,1,"1"
8436.8823282747853,221129,8485,1,"1"
8441.5172081415476,221117,8497,1,"1"
8443.376633612861,221099,8515,1,"1"
8446.3326210903051,221037,8577,5,"3-1-1"
8454.1471669938164,221026,8588,1,"1"
8457.011306292432,221008,8606,1,"1"
8457.0197062107454,220998,8616,1,"1"
8465.1554194497639,220980,8634,1,"1"
8499.0235977064458,220962,8652,1,"1"
8507.9649567519027,220944,8670,1,"1"
8554.5702637399245,220926,8688,1,"1"
8558.9516685922226,220908,8706,1,"1"
8562.9339530655343,220890,8724,1,"1"
8601.598875282074,220872,8742,1,"1"
8602.064498954318,220862,8752,1,"1"
8603.7299685216331,220844,8770,1,"1"
8613.9638317230892,220826,8788,1,"1"
8634.6975521529275,220815,8799,1,"1"
8655.8528131511321,220797,8817,1,"1"
8666.5911087553959,220790,8824,1,"1"
8674.2123255459501,220744,8870,3,"2-1"
8685.9898713479706,220726,8888,1,"1"
8686.5757945000805,220690,8924,2,"2"
8687.0425524906186,220676,8938,2,"2"
8704.4271411757709,220667,8947,1,"1"
8725.2543785209309,220649,8965,1,"1"
8736.2440736541503,220631,8983,1,"1"
8747.6375984895949,220613,9001,1,"1"
8754.0204136594857,220595,9019,1,"1"
8768.7406080712881,220585,9029,1,"1"
8772.4377294049154,220567,9047,1,"1"
8773.2457016311801,220560,9054,1,"1"
8785.4889239571676,220542,9072,1,"1"
8789.2173310739654,220524,9090,1,"1"
8807.0210673042329,220517,9097,1,"1"
8846.0217578713382,220499,9115,1,"1"
8858.4421828687118,220441,9173,4,"4"
8859.3029978318009,220427,9187,1,"1"
8864.0541932248707,220409,9205,1,"1"
8864.2432737798063,220398,9216,1,"1"
8866.6998824123348,220381,9233,1,"1"
8867.9692800209632,220363,9251,1,"1"
8874.6054184497953,220345,9269,1,"1"
8884.4215141920358,220327,9287,1,"1"
8885.8446739368846,220309,9305,1,"1"
8897.9654076605784,220291,9323,1,"1"
8900.2703901782825,220255,9359,3,"1-1-1"
8918.8507462683247,220245,9369,1,"1"
8919.820037891157,220227,9387,1,"1"
8923.3374075618012,220217,9397,2,"2"
8926.4180748240269,220199,9415,1,"1"
8928.6374081671693,220181,9433,1,"1"
8930.8743027220808,220163,9451,1,"1"
8934.4405284211643,220127,9487,2,"1-1"
8941.9175937338659,220091,9523,3,"3"
8943.0730385088937,220073,9541,1,"1"
8946.5062216831284,220055,9559,1,"1"
8949.8429273858928,220027,9587,2,"2"
8955.4642206032822,220009,9605,1,"1"
8961.5782411012933,219973,9641,2,"2"
8980.1603550836389,219955,9659,1,"1"
8984.5688241583684,219937,9677,1,"1"
8985.5976417740712,219919,9695,1,"1"
8989.2365212803561,219901,9713,1,"1"
8991.1281956289386,219894,9720,1,"1"
9012.057040816806,219862,9752,2,"1-1"
9019.8249302200147,219844,9770,1,"1"
9023.8253444311085,219808,9806,2,"2"
9024.0573592822639,219790,9824,1,"1"
9025.3996890149356,219636,9978,12,"6-2-2-1-1"
9047.4704347777842,219629,9985,1,"1"
9087.4224154035619,219584,10030,5,"2-2-1"
9101.871797359905,219566,10048,1,"1"
9108.8290508021601,219548,10066,1,"1"
9131.3536815828029,219530,10084,1,"1"
9143.4446303333953,219512,10102,1,"1"
9154.6218040276926,219494,10120,1,"1"
9156.5641688870255,219476,10138,1,"1"
9161.6651928568099,219390,10224,7,"4-1-1-1"
9167.822231652588,219336,10278,3,"1-1-1"
9174.4878108101238,219264,10350,4,"2-1-1"
9179.3041351074244,219246,10368,1,"1"
9181.3441922863731,219216,10398,2,"1-1"
9186.6457748563662,219198,10416,1,"1"
9203.8557463965317,219180,10434,1,"1"
9206.5330402433465,219162,10452,1,"1"
9219.3022062432174,219144,10470,1,"1"
9224.8573436411443,219126,10488,1,"1"
9229.2341160506803,219112,10502,2,"2"
9232.74062612954,219094,10520,1,"1"
9244.2323072941745,219076,10538,1,"1"
9280.3004748661569,219058,10556,1,"1"
9287.6568082631384,219036,10578,2,"2"
9288.696039838107,219018,10596,1,"1"
9308.6126231896651,218956,10658,5,"2-1-1-1"
9308.8815140162496,218920,10694,2,"1-1"
9316.0595896163704,218909,10705,1,"1"
9326.7238287395448,218891,10723,1,"1"
9330.2235931506366,218855,10759,2,"2"
9362.4284235281721,218846,10768,1,"1"
9372.9380045109829,218839,10775,1,"1"
9397.3786331257634,218821,10793,1,"1"
9402.3811500561878,218816,10798,1,"1"
9402.963117622563,218798,10816,1,"1"
9412.8299356795487,218780,10834,1,"1"
9423.1049701238426,218456,11158,25,"5-2-2-2-2-2-2-1-1-1-1-1-1-1-1"
9429.3342352895688,218438,11176,1,"1"
9432.9707754299125,218420,11194,1,"1"
9433.043048010999,218370,11244,6,"2-1-1-1-1"
9433.3154606129046,218280,11334,7,"2-2-2-1"
9442.3657988561026,218151,11463,13,"6-3-2-1-1"
9464.6307024853813,218141,11473,1,"1"
9470.0929509862635,218123,11491,1,"1"
9481.2862547321583,218114,11500,1,"1"
9485.9446202854106,218096,11518,1,"1"
9505.2202578983852,218078,11536,1,"1"
9521.6685995604112,218062,11552,2,"1-1"
9524.9879779365638,218044,11570,1,"1"
9531.5008017706241,218026,11588,1,"1"
9545.4388710983785,218019,11595,1,"1"
9563.6415620576572,217919,11695,8,"4-2-1-1"
9580.5797189425011,217906,11708,1,"1"
9582.2888958727817,217846,11768,5,"1-1-1-1-1"
9585.0745814470065,217802,11812,4,"3-1"
9592.9150007508742,217784,11830,1,"1"
9595.1095492629647,217474,12140,23,"4-4-4-4-2-2-1-1-1"
9635.4882589580393,217456,12158,1,"1"
9639.9482829585504,217388,12226,5,"2-1-1-1"
9643.4848551618234,217114,12500,21,"4-4-2-2-2-1-1-1-1-1-1-1"
9653.3720127935594,216909,12705,25,"5-5-2-2-2-2-2-1-1-1-1-1"
9653.8060271663635,216855,12759,3,"3"
9679.8935398135418,216844,12770,1,"1"
9683.9702671021332,216826,12788,1,"1"
9691.8287033969518,216808,12806,1,"1"
9691.8355639958063,216790,12824,1,"1"
9719.5047146652723,216773,12841,1,"1"
9724.3523353847595,216755,12859,1,"1"
9742.072249797995,216737,12877,1,"1"
9745.4435791253673,216719,12895,1,"1"
9761.1004885998627,216708,12906,1,"1"
9762.9393863823516,216690,12924,1,"1"
9768.724206868048,216681,12933,1,"1"
9770.8719868112366,216663,12951,1,"1"
9778.9094813852244,216609,13005,4,"2-1-1"
9779.5591489196013,216591,13023,1,"1"
9784.3467119197448,216425,13189,12,"6-2-1-1-1-1"
9786.5387365411825,216407,13207,1,"1"
9802.303726136528,216380,13234,2,"1-1"
9804.0439490481367,216362,13252,1,"1"
9808.2554511342569,216344,13270,1,"1"
9814.7238811564712,216326,13288,1,"1"
9815.3376394093721,216306,13308,2,"2"
9820.6672007619254,216288,13326,1,"1"
9823.6676670238285,216234,13380,3,"2-1"
9838.085106857181,216216,13398,1,"1"
9844.848120197521,216202,13412,1,"1"
9859.7098773698017,216184,13430,1,"1"
9860.8384839234241,216166,13448,1,"1"
9861.2281667970965,216148,13466,1,"1"
9862.4840312872584,216130,13484,1,"1"
9871.1948332963948,0,229614,12233,"12233"
----------------------------------------------9
0,229614,0,0,"0"
374.86853100782781,229613,1,1,"1"
428.78621894484138,229612,2,1,"1"
456.68124935545148,229611,3,1,"1"
510.80770789104446,229610,4,1,"1"
516.9524197897432,229609,5,1,"1"
518.36392004954587,229606,8,1,"1"
522.22770662588698,229605,9,1,"1"
524.63275762064029,229604,10,1,"1"
564.12620489044718,229603,11,1,"1"
565.78784038014032,229602,12,1,"1"
598.92460653425951,229600,14,2,"1-1"
643.54743878047509,229599,15,1,"1"
656.11729613865498,229598,16,1,"1"
658.17123915705054,229580,34,1,"1"
662.84042093311496,229575,39,1,"1"
706.97721682320764,229574,40,1,"1"
713.05674689361285,229569,45,1,"1"
784.78744754562342,229568,46,1,"1"
796.90500247886541,229566,48,2,"2"
804.89022697697305,229563,51,1,"1"
846.50033229464282,229561,53,2,"2"
851.90798465406488,229543,71,1,"1"
856.19098827343453,229542,72,1,"1"
862.49782699014713,229539,75,1,"1"
878.56447051432156,229538,76,1,"1"
881.38477147659751,229537,77,1,"1"
900.7578741142662,229536,78,1,"1"
932.32186167603936,229535,79,1,"1"
944.01878604008652,229525,89,1,"1"
992.07328766693047,229524,90,1,"1"
1026.7270896099446,229523,91,1,"1"
1040.2701220190061,229522,92,1,"1"
1047.3850273852347,229521,93,1,"1"
1053.9128008577302,229520,94,1,"1"
1072.5185255073825,229519,95,1,"1"
1084.4490231082295,229517,97,2,"2"
1120.0157279439263,229507,107,1,"1"
1120.9196927037221,229489,125,1,"1"
1123.1328869767804,229488,126,1,"1"
1146.0744549426406,229487,127,1,"1"
1146.9313679161019,229469,145,1,"1"
1180.410973204316,229468,146,1,"1"
1196.8413777512085,229467,147,1,"1"
1198.3731648459609,229466,148,1,"1"
1204.0308438497741,229464,150,2,"2"
1209.9301609575762,229463,151,1,"1"
1233.5312564889309,229460,154,1,"1"
1284.9991893002534,229455,159,1,"1"
1287.5814340024972,229454,160,1,"1"
1345.7641736773478,229445,169,1,"1"
1352.6649978886621,229444,170,1,"1"
1366.0706118101969,229426,188,1,"1"
1455.1523028460279,229424,190,2,"2"
1464.6153560352609,229423,191,1,"1"
1496.2098256020495,229421,193,2,"2"
1497.8697077001818,229420,194,1,"1"
1502.6158699329146,229417,197,3,"3"
1527.5455124561602,229416,198,1,"1"
1528.192555250725,229415,199,1,"1"
1533.67101210952,229414,200,1,"1"
1538.088142042998,229404,210,1,"1"
1544.8225922946835,229403,211,1,"1"
1548.6673600428871,229401,213,2,"1-1"
1566.0063271313179,229395,219,2,"2"
1584.0465975182306,229393,221,2,"2"
1612.550106297502,229392,222,1,"1"
1632.9031201167095,229374,240,1,"1"
1654.1263644410642,229373,241,1,"1"
1665.3406312288066,229361,253,1,"1"
1665.6294513773798,229343,271,1,"1"
1674.9853544030807,229341,273,2,"1-1"
1677.2392244271207,229340,274,1,"1"
1680.9657654765799,229339,275,1,"1"
1698.8520454399661,229332,282,7,"4-2-1"
1706.654829415256,229331,283,1,"1"
1713.1274773071757,229325,289,2,"2"
1714.9908494923027,229324,290,1,"1"
1721.5854921328321,229323,291,1,"1"
1724.5104531223569,229322,292,1,"1"
1733.7569594833101,229312,302,1,"1"
1734.9508879063821,229310,304,2,"2"
1748.7732555836139,229304,310,2,"2"
1759.074038013363,229303,311,1,"1"
1769.8676491033673,229302,312,1,"1"
1772.8192061718366,229301,313,1,"1"
1814.0927399042898,229283,331,1,"1"
1820.1504340486986,229281,333,2,"2"
1826.8438134489575,229280,334,1,"1"
1832.7253580651313,229277,337,3,"3"
1835.2278499148879,229276,338,1,"1"
1836.3083474947791,229275,339,1,"1"
1840.4518518196535,229271,343,4,"3-1"
1847.7433608927056,229253,361,1,"1"
1857.9728764923352,229252,362,1,"1"
1867.4827688716439,229234,380,1,"1"
1870.1816180229569,229232,382,2,"2"
1903.6632432744093,229231,383,1,"1"
1912.0225771118285,229230,384,1,"1"
1931.8551270826092,229225,389,5,"3-2"
1944.5073841943565,229207,407,1,"1"
1983.3136779263905,229206,408,1,"1"
1989.7077865501235,229204,410,2,"2"
2002.3373223575227,229203,411,1,"1"
2004.1017168203487,229196,418,7,"4-2-1"
2016.6813848459085,229195,419,1,"1"
2035.7201106117307,229194,420,1,"1"
2040.7094007117366,229193,421,1,"1"
2051.6787002206665,229189,425,2,"2"
2052.1488851809072,229188,426,1,"1"
2057.8837404243641,229185,429,1,"1"
2063.3174493710353,229181,433,4,"4"
2078.5482833682427,229177,437,4,"2-2"
2081.5053124499732,229176,438,1,"1"
2107.2544079915374,229172,442,4,"4"
2119.19048157104,229154,460,1,"1"
2133.6613823323537,229153,461,1,"1"
2137.5645967799428,229152,462,1,"1"
2137.6212354347208,229142,472,1,"1"
2196.3802210566701,229132,482,1,"1"
2197.6837339702925,229124,490,4,"4"
2213.6071621654532,229106,508,1,"1"
2221.5788786364578,229105,509,1,"1"
2222.7239166535742,229098,516,5,"4-1"
2223.8868346925592,229093,521,1,"1"
2257.6237138409474,229075,539,1,"1"
2291.9348841713336,229072,542,1,"1"
2334.3046090828398,229054,560,1,"1"
2336.293387767219,229053,561,1,"1"
2357.2631446292844,229035,579,1,"1"
2361.7317530876016,229017,597,1,"1"
2391.0770156928816,228999,615,1,"1"
2391.9818779762977,228998,616,1,"1"
2410.6806986200822,228980,634,1,"1"
2422.0350686876091,228978,636,2,"2"
2422.0804778578704,228974,640,4,"2-1-1"
2438.0281851859172,228971,643,1,"1"
2452.2374398200764,228967,647,2,"1-1"
2457.5118203523257,228958,656,1,"1"
2471.7826925050631,228957,657,1,"1"
2474.4780459911985,228939,675,1,"1"
2486.2837223048859,228934,680,1,"1"
2489.4224472895139,228932,682,2,"2"
2514.4861299177651,228914,700,1,"1"
2527.5188631118272,228896,718,1,"1"
2539.475797060526,228895,719,1,"1"
2576.1087768733141,228888,726,1,"1"
2590.4379506411747,228881,733,1,"1"
2597.849800237972,228879,735,2,"1-1"
2625.5304607993335,228861,753,1,"1"
2654.9151131463746,228860,754,1,"1"
2657.7115963943406,228859,755,1,"1"
2660.569583930152,228849,765,1,"1"
2696.2426402939523,228848,766,1,"1"
2696.801958301332,228830,784,1,"1"
2715.978178732265,228823,791,3,"3"
2717.8924378218735,228805,809,1,"1"
2721.8684486434499,228802,812,1,"1"
2723.3452977255215,228799,815,1,"1"
2725.8673717634547,228781,833,1,"1"
2731.3939207572048,228780,834,1,"1"
2744.3110523314813,228762,852,1,"1"
2755.6356961870288,228761,853,1,"1"
2757.7843461171233,228752,862,1,"1"
2771.5032821394861,228751,863,1,"1"
2810.9574876591209,228741,873,1,"1"
2841.5275352826748,228740,874,1,"1"
2853.2018031318416,228730,884,1,"1"
2884.0320368820944,228709,905,5,"2-1-1-1"
2893.7959774039086,228707,907,2,"2"
2917.264794139634,228704,910,1,"1"
2931.932700776485,228686,928,1,"1"
2940.3100669710393,228685,929,1,"1"
2951.748014279729,228667,947,1,"1"
2953.8896784776348,228666,948,1,"1"
3015.7780837690084,228648,966,1,"1"
3020.7100237196637,228612,1002,2,"1-1"
3041.606409393853,228602,1012,2,"2"
3071.7347890210085,228601,1013,1,"1"
3083.9281148747741,228594,1020,1,"1"
3113.0882880494505,228576,1038,1,"1"
3114.4837035214696,228558,1056,1,"1"
3121.4653951727569,228540,1074,1,"1"
3123.2761401922071,228527,1087,3,"2-1"
3165.1377939782788,228509,1105,1,"1"
3179.425312353947,228491,1123,1,"1"
3186.5680042476174,228473,1141,1,"1"
3217.5099750206659,228455,1159,1,"1"
3235.7923898437739,228445,1169,1,"1"
3236.7068217231995,228429,1185,4,"3-1"
3267.1723506766921,228409,1205,2,"2"
3287.2542266616156,228391,1223,1,"1"
3296.9885329240938,228390,1224,1,"1"
3319.4391413228127,228376,1238,1,"1"
3326.8852594561772,228358,1256,1,"1"
3371.0160719351711,228340,1274,1,"1"
3373.4072521614203,228322,1292,1,"1"
3384.1401198326239,228304,1310,1,"1"
3396.6462385012624,228286,1328,1,"1"
3438.1255965102255,228268,1346,1,"1"
3445.6615023965574,228267,1347,1,"1"
3454.7879101976537,228260,1354,1,"1"
3463.5790640508608,228255,1359,1,"1"
3470.3576678284826,228237,1377,1,"1"
3479.1494237353554,228236,1378,1,"1"
3481.3918184834411,228223,1391,1,"1"
3482.8151883761116,228205,1409,1,"1"
3484.7173175674848,228187,1427,1,"1"
3499.2166588119671,228169,1445,1,"1"
3508.4695772181885,228159,1455,1,"1"
3519.8848318908299,228141,1473,1,"1"
3539.5989837310444,228138,1476,1,"1"
3624.2892123063248,228120,1494,1,"1"
3652.0098380645313,228102,1512,1,"1"
3682.0571729864369,228084,1530,1,"1"
3719.1956566112135,228066,1548,1,"1"
3726.8737514114591,228048,1566,1,"1"
3791.4162776360868,228039,1575,1,"1"
3830.7296789642651,228033,1581,2,"2"
3834.4617126996154,228015,1599,1,"1"
3849.5112988385408,228002,1612,1,"1"
3858.0836771943318,227982,1632,2,"2"
3858.8567395967234,227972,1642,1,"1"
3869.8054344389302,227969,1645,1,"1"
3878.4140614559296,227955,1659,4,"3-1"
3884.6917206277185,227937,1677,1,"1"
3896.5079747895993,227926,1688,3,"2-1"
3903.4844655834995,227916,1698,1,"1"
3916.364562406819,227913,1701,1,"1"
3936.937567798956,227910,1704,1,"1"
3943.076690046576,227903,1711,1,"1"
3954.8055371464238,227885,1729,2,"2"
3980.5849538048324,227867,1747,1,"1"
3982.9543108468838,227858,1756,1,"1"
4048.4698522235085,227840,1774,1,"1"
4093.2000804131685,227822,1792,1,"1"
4111.0312650961705,227806,1808,2,"1-1"
4118.3391557598507,227786,1828,2,"2"
4124.0654677141047,227781,1833,1,"1"
4134.7564861045203,227776,1838,1,"1"
4167.3245311623377,227766,1848,1,"1"
4190.904890583407,227749,1865,1,"1"
4207.8297585583441,227739,1875,1,"1"
4255.2728647471304,227729,1885,1,"1"
4270.2334196863912,227711,1903,1,"1"
4275.2144036758773,227708,1906,1,"1"
4299.5304389138346,227698,1916,1,"1"
4312.9342975843574,227689,1925,3,"3"
4318.7105603233695,227671,1943,1,"1"
4319.767860120317,227666,1948,1,"1"
4327.5163870215611,227661,1953,1,"1"
4370.1889600155082,227652,1962,1,"1"
4373.4409037748337,227634,1980,1,"1"
4384.2482663158826,227616,1998,1,"1"
4386.0247897443451,227598,2016,1,"1"
4399.6092788422702,227595,2019,1,"1"
4424.4197822341403,227590,2024,1,"1"
4438.4631108172862,227572,2042,1,"1"
4458.0495925020132,227554,2060,1,"1"
4505.4209503786906,227536,2078,1,"1"
4515.3561851561954,227531,2083,1,"1"
4519.5884057395433,227513,2101,1,"1"
4524.6350616435093,227508,2106,1,"1"
4527.8456423883954,227498,2116,1,"1"
4537.6944856761456,227495,2119,1,"1"
4554.4601288449721,227492,2122,1,"1"
4565.6546939272021,227484,2130,2,"2"
4587.7062084452436,227466,2148,1,"1"
4606.2659132438203,227448,2166,1,"1"
4606.4931735826704,227443,2171,1,"1"
4609.4320687952168,227425,2189,1,"1"
4616.2200899346626,227407,2207,1,"1"
4694.451765316011,227397,2217,1,"1"
4709.2752547136697,227379,2235,1,"1"
4716.1732264260354,227361,2253,1,"1"
4732.6958956672152,227344,2270,1,"1"
4737.3633158854882,227326,2288,1,"1"
4737.9020637699796,227316,2298,1,"1"
4782.1916253429408,227306,2308,1,"1"
4818.54526875992,227301,2313,1,"1"
4822.9353238121348,227283,2331,1,"1"
4823.7931896034715,227265,2349,1,"1"
4840.9353216212257,227258,2356,1,"1"
4841.0778718518204,227240,2374,1,"1"
4868.6833801538351,227222,2392,1,"1"
4877.8290016962665,227204,2410,1,"1"
4885.8105142362365,227192,2422,1,"1"
4898.1888139314269,227174,2440,1,"1"
4910.6605627223425,227164,2450,1,"1"
4919.501710572099,227146,2468,1,"1"
4920.6951351920197,227136,2478,2,"2"
4961.9340859045196,227118,2496,1,"1"
4978.1260965771016,227100,2514,1,"1"
4980.5695240534506,227082,2532,1,"1"
4983.5290799285376,227074,2540,2,"2"
5006.2130645245525,227064,2550,1,"1"
5015.1299207141092,227059,2555,1,"1"
5019.2680547239752,227054,2560,1,"1"
5020.6624359292346,227036,2578,1,"1"
5070.2666888222629,227018,2596,1,"1"
5085.4901697001133,227000,2614,1,"1"
5108.3493128671234,226988,2626,2,"1-1"
5129.7618398610412,226970,2644,1,"1"
5130.4042123522268,226967,2647,1,"1"
5163.2904315259557,226949,2665,1,"1"
5163.8671535346939,226931,2683,1,"1"
5188.6191903145655,226913,2701,1,"1"
5201.2590627504469,226895,2719,1,"1"
5207.5771041343332,226889,2725,2,"2"
5209.4852248462857,226871,2743,1,"1"
5217.823457725045,226866,2748,1,"1"
5277.1510880715305,226848,2766,1,"1"
5278.8505322220353,226836,2778,1,"1"
5297.3682130521092,226818,2796,1,"1"
5314.098000299311,226800,2814,1,"1"
5336.653825724673,226782,2832,1,"1"
5339.3517599672796,226764,2850,1,"1"
5340.7325301691781,226744,2870,2,"2"
5351.6474933070394,226708,2906,2,"2"
5359.2961811118748,226672,2942,2,"2"
5381.8280938930975,226654,2960,1,"1"
5388.8217025237454,226634,2980,2,"1-1"
5393.2531257882119,226622,2992,1,"1"
5400.6575568406688,226608,3006,1,"1"
5408.650043559197,226590,3024,1,"1"
5464.9933527770727,226585,3029,1,"1"
5492.7869948606412,226567,3047,1,"1"
5492.8566514615759,226555,3059,1,"1"
5525.8428659771971,226552,3062,1,"1"
5527.4184063886851,226534,3080,1,"1"
5530.0784489873022,226529,3085,1,"1"
5561.0027669789933,226521,3093,2,"2"
5564.5012708540862,226503,3111,1,"1"
5590.7384113924372,226485,3129,1,"1"
5618.8602314705695,226453,3161,3,"1-1-1"
5623.3324467615821,226425,3189,2,"2"
5624.6757578289598,226407,3207,1,"1"
5649.4226816998253,226395,3219,1,"1"
5650.7556399588293,226392,3222,1,"1"
5673.1366806520255,226378,3236,2,"2"
5677.4859037836968,226360,3254,1,"1"
5679.1514566508586,226342,3272,1,"1"
5682.9669670916255,226324,3290,1,"1"
5689.0352166750909,226319,3295,1,"1"
5700.8538446019265,226301,3313,1,"1"
5703.3816296348587,226283,3331,1,"1"
5712.4956800324062,226265,3349,1,"1"
5736.6031915124358,226262,3352,1,"1"
5757.5103963138727,226226,3388,2,"2"
5775.6443299234406,226208,3406,1,"1"
5779.5320249085034,226190,3424,1,"1"
5787.2698097091543,226172,3442,1,"1"
5789.6948974719571,226154,3460,1,"1"
5793.3603750785842,226149,3465,1,"1"
5801.2959331938491,226113,3501,2,"2"
5812.9205945797466,226053,3561,10,"3-2-2-1-1-1"
5822.1860245712542,226035,3579,1,"1"
5838.9214634879918,226016,3598,3,"2-1"
5840.3742871665427,225993,3621,5,"3-1-1"
5844.5787167607878,225975,3639,1,"1"
5846.1015608648486,225957,3657,1,"1"
5852.3680750583362,225939,3675,1,"1"
5860.9884904316741,225882,3732,7,"4-1-1-1"
5868.4503437158319,225870,3744,1,"1"
5881.4897645739466,225852,3762,1,"1"
5899.4054128649732,225834,3780,1,"1"
5914.3050233194726,225816,3798,1,"1"
5934.0959255563994,225813,3801,1,"1"
5960.212128055713,225795,3819,1,"1"
5966.291152383058,225777,3837,1,"1"
5998.2834789306862,225762,3852,3,"3"
6004.7392663439077,225744,3870,1,"1"
6009.0009695318895,225714,3900,6,"3-2-1"
6024.3395727047091,225696,3918,1,"1"
6034.4733546665657,225666,3948,4,"3-1"
6040.2844741860272,225648,3966,1,"1"
6044.26911853819,225630,3984,1,"1"
6057.6317661524226,225612,4002,1,"1"
6089.4547310949838,225594,4020,1,"1"
6091.9216324480458,225554,4060,4,"4"
6117.6257118650547,225536,4078,1,"1"
6137.6579484230133,225526,4088,1,"1"
6144.7420044196506,225506,4108,2,"2"
6147.7514792355551,225501,4113,1,"1"
6158.8584317232635,225481,4133,2,"1-1"
6175.8394585697433,225399,4215,5,"2-2-1"
6185.7318700262422,225381,4233,1,"1"
6205.629462321479,225369,4245,1,"1"
6205.8762094644098,225351,4263,1,"1"
6218.4158760324899,225348,4266,1,"1"
6226.1295916673071,225330,4284,1,"1"
6248.3846463304262,225312,4302,1,"1"
6252.7269581845485,225290,4324,4,"3-1"
6254.6309761748907,225281,4333,3,"3"
6271.0606065130578,225272,4342,1,"1"
6292.0670996203316,225256,4358,1,"1"
6292.2733759448029,225238,4376,1,"1"
6304.0393679633689,225228,4386,2,"2"
6307.9526427746241,225218,4396,1,"1"
6318.470384381103,225200,4414,1,"1"
6329.4418734204928,225182,4432,1,"1"
6337.3036173144128,225164,4450,1,"1"
6363.1224513308134,225146,4468,1,"1"
6363.4853981937968,225141,4473,1,"1"
6363.8617258329868,225083,4531,8,"4-3-1"
6371.3687827552212,225080,4534,1,"1"
6383.8530146438316,225075,4539,1,"1"
6389.4387876003238,225057,4557,1,"1"
6397.0205591684125,225039,4575,1,"1"
6398.3351868230729,225025,4589,1,"1"
6428.8769138562848,225007,4607,1,"1"
6441.6519845327184,224989,4625,1,"1"
6455.4908785709249,224979,4635,1,"1"
6486.1408238839804,224961,4653,1,"1"
6490.4648491572843,224943,4671,1,"1"
6491.6898605669221,224931,4683,1,"1"
6498.1474836305479,224913,4701,1,"1"
6518.060007275034,224895,4719,1,"1"
6522.6212689962595,224877,4737,1,"1"
6535.5659870996997,224865,4749,1,"1"
6540.263032266801,224848,4766,1,"1"
6549.9537122893425,224838,4776,1,"1"
6555.3151326745037,224828,4786,2,"1-1"
6560.7759659748217,224818,4796,1,"1"
6567.9009429704874,224800,4814,1,"1"
6571.8761469667706,224786,4828,2,"2"
6642.8615387662294,224739,4875,6,"2-2-2"
6655.9732123935328,224729,4885,1,"1"
6691.7694346604158,224711,4903,1,"1"
6698.4035492903613,224693,4921,1,"1"
6705.321375114946,224684,4930,1,"1"
6718.2043505431457,224666,4948,1,"1"
6746.5980757796988,224646,4968,2,"2"
6747.2565244807865,224628,4986,1,"1"
6750.4274462254198,224610,5004,1,"1"
6751.1285180727418,224583,5031,5,"3-1-1"
6757.4311535619463,224578,5036,1,"1"
6767.8990225548041,224560,5054,1,"1"
6770.0465154086378,224548,5066,1,"1"
6778.8194898858555,224542,5072,2,"2"
6790.0486930767656,224537,5077,1,"1"
6793.952387844728,224521,5093,1,"1"
6807.2013842390625,224503,5111,1,"1"
6843.73093118421,224433,5181,7,"3-2-2"
6870.2026904280119,224423,5191,2,"2"
6870.9862610348182,224399,5215,2,"2"
6885.5450150964461,224381,5233,1,"1"
6894.6164352682044,224363,5251,1,"1"
6896.1867474428764,224345,5269,1,"1"
6901.8299832215735,224340,5274,1,"1"
6909.4485955860691,224322,5292,1,"1"
6917.0660473003991,224308,5306,2,"1-1"
6928.0277975083491,224290,5324,1,"1"
6936.3836435031371,224272,5342,1,"1"
6942.275818987293,224254,5360,1,"1"
6953.2749956905291,224240,5374,1,"1"
6961.7740523651946,224222,5392,1,"1"
6962.6965492507115,224204,5410,1,"1"
6977.8908398766471,224133,5481,13,"4-3-3-2-1"
6981.7057415788995,224130,5484,1,"1"
6992.008057147209,224112,5502,1,"1"
7050.5890745724673,224094,5520,1,"1"
7086.3185695813982,224084,5530,1,"1"
7086.3825574997718,224068,5546,1,"1"
7087.0534370769301,224032,5582,2,"2"
7088.2860661359218,224017,5597,3,"3"
7088.2872361138789,223999,5615,1,"1"
7088.9486459659693,223981,5633,1,"1"
7093.2444490880425,223963,5651,1,"1"
7098.0087930061563,223945,5669,1,"1"
7109.7287054228445,223936,5678,1,"1"
7112.3087538465961,223924,5690,2,"1-1"
7119.6389317764078,223906,5708,1,"1"
7127.1448342843787,223888,5726,1,"1"
7128.5220964293385,223844,5770,3,"2-1"
7154.6373644165596,223826,5788,1,"1"
7162.1772949248616,223808,5806,1,"1"
7169.0036780167984,223790,5824,1,"1"
7178.4979874687942,223772,5842,1,"1"
7182.4137858229888,223738,5876,6,"3-2-1"
7203.7765168930928,223728,5886,2,"2"
7217.775335279819,223692,5922,2,"2"
7228.9249732503249,223678,5936,1,"1"
7244.3767435913214,223664,5950,2,"1-1"
7259.6144015830359,223650,5964,1,"1"
7268.6916666464385,223534,6080,9,"4-2-2-1"
7273.3943936017913,223502,6112,3,"3"
7274.1829671519899,223466,6148,2,"2"
7278.3982645748638,223459,6155,1,"1"
7284.7574904170024,223441,6173,1,"1"
7295.4815646277484,223423,6191,1,"1"
7307.0214608230071,223405,6209,1,"1"
7309.3444126817321,223387,6227,1,"1"
7311.7064732801773,223373,6241,1,"1"
7320.3201782509486,223355,6259,1,"1"
7322.8467105610762,223348,6266,1,"1"
7323.9064797945275,223341,6273,1,"1"
7332.6819041767239,223323,6291,1,"1"
7338.3030411342152,223287,6327,2,"2"
7355.7003304118825,223269,6345,1,"1"
7368.8531420059726,223251,6363,1,"1"
7372.965525769635,223241,6373,2,"2"
7396.4879011724588,223236,6378,1,"1"
7400.9836532212275,223225,6389,1,"1"
7405.5858204077804,223207,6407,1,"1"
7407.3531193481867,223189,6425,1,"1"
7439.078809627119,223171,6443,1,"1"
7441.3408386965002,223153,6461,1,"1"
7441.5085231734938,223112,6502,7,"4-1-1-1"
7442.861877384732,223094,6520,1,"1"
7448.4879705217527,223076,6538,1,"1"
7449.5330811646409,223052,6562,2,"2"
7457.1411202193931,223034,6580,1,"1"
7461.8443610949907,223016,6598,1,"1"
7462.6557995818703,222958,6656,4,"2-2"
7472.8274311476644,222922,6692,2,"2"
7494.7500203947593,222904,6710,1,"1"
7520.9703743565506,222899,6715,1,"1"
7543.0595634050414,222889,6725,1,"1"
7547.8227681659328,222871,6743,1,"1"
7553.4711798431554,222853,6761,1,"1"
7554.076214157315,222839,6775,1,"1"
7562.8216306666091,222821,6793,1,"1"
7575.1871977719593,222803,6811,1,"1"
7586.0685422468669,222785,6829,1,"1"
7621.8118826968366,222769,6845,1,"1"
7628.7514205803627,222751,6863,1,"1"
7628.947890071533,222737,6877,2,"2"
7629.239120553355,222719,6895,1,"1"
7636.0969112471967,222701,6913,1,"1"
7651.509881637342,222691,6923,1,"1"
7651.609160654586,222673,6941,1,"1"
7659.6430639731298,222663,6951,1,"1"
7666.9096416468892,222658,6956,1,"1"
7686.5032317963614,222640,6974,1,"1"
7703.1540757654366,222628,6986,1,"1"
7706.7255573236016,222610,7004,1,"1"
7708.6932439332504,222605,7009,1,"1"
7728.6826396294382,222587,7027,1,"1"
7729.7998029047203,222569,7045,1,"1"
7731.9839601871245,222557,7057,1,"1"
7738.1801478327106,222547,7067,1,"1"
7738.5075358244603,222489,7125,5,"5"
7744.0182694310479,222471,7143,1,"1"
7747.4910809919029,222454,7160,1,"1"
7760.0044072645733,222436,7178,1,"1"
7768.3258947190825,222426,7188,1,"1"
7775.255629245321,222404,7210,2,"1-1"
7791.0812787901978,222389,7225,3,"2-1"
7796.1049685399903,222379,7235,2,"2"
7812.6436515826726,222361,7253,1,"1"
7843.7135764811792,222343,7271,1,"1"
7850.432252329073,222325,7289,1,"1"
7854.0931897791033,222307,7307,1,"1"
7865.9515095726838,222269,7345,3,"2-1"
7875.3902709792847,222244,7370,3,"2-1"
7881.690878193599,222239,7375,1,"1"
7884.6375173553643,222221,7393,1,"1"
7901.4177870464009,222203,7411,1,"1"
7903.2746128122735,222185,7429,1,"1"
7908.775579356372,222167,7447,1,"1"
7910.8937544448545,222141,7473,2,"1-1"
7937.080800999207,222123,7491,1,"1"
7941.2618352009476,222114,7500,1,"1"
7964.74197955823,222090,7524,2,"1-1"
7975.2088464291346,222059,7555,3,"2-1"
7977.1955340531304,222045,7569,2,"1-1"
7982.7120498921877,222027,7587,1,"1"
7988.3274742231551,221993,7621,2,"2"
7999.7722987749003,221975,7639,1,"1"
8011.1234920140805,221958,7656,1,"1"
8013.7637178432151,221930,7684,2,"1-1"
8026.1048357265327,221912,7702,1,"1"
8042.4839994168569,221868,7746,3,"2-1"
8049.6707009457878,221854,7760,1,"1"
8070.9933195934154,221836,7778,1,"1"
8073.2437488026499,221818,7796,1,"1"
8086.3315389960462,221806,7808,1,"1"
8092.0989521786159,221801,7813,1,"1"
8093.8261167785386,221798,7816,1,"1"
8100.3241919052371,221793,7821,1,"1"
8102.9078622034822,221775,7839,1,"1"
8122.8683918065717,221757,7857,2,"2"
8144.1363741412915,221739,7875,1,"1"
8163.2000176395632,221727,7887,1,"1"
8213.8652825228328,221709,7905,1,"1"
8229.9401440370384,221655,7959,4,"2-1-1"
8235.6047049419303,221648,7966,1,"1"
8245.9108865507205,221631,7983,1,"1"
8253.2406726600711,221607,8007,2,"2"
8255.9904941452405,221602,8012,1,"1"
8261.5692362992158,221584,8030,1,"1"
8265.9199026142305,221566,8048,1,"1"
8280.0565618766141,221536,8078,3,"3"
8280.164059619101,221518,8096,1,"1"
8282.0169938256313,221500,8114,1,"1"
8282.6803764033684,221482,8132,1,"1"
8283.1401463368875,221446,8168,2,"2"
8285.8125118180924,221423,8191,3,"1-1-1"
8297.274956226498,221387,8227,2,"2"
8310.6575321254732,221377,8237,1,"1"
8319.1362099331363,221372,8242,1,"1"
8328.1195495329612,221336,8278,2,"1-1"
8344.5119412391559,221319,8295,1,"1"
8372.4710566462309,221301,8313,1,"1"
8376.3284615503653,221296,8318,1,"1"
8377.3105082483271,221278,8336,1,"1"
8382.4580878020715,221260,8354,1,"1"
8388.4896562814629,221242,8372,1,"1"
8395.7455525919304,221237,8377,1,"1"
8413.896483649416,221228,8386,1,"1"
8417.0052960821195,221192,8422,2,"1-1"
8425.0825887842766,221156,8458,2,"1-1"
8429.7204891132424,221138,8476,1,"1"
8433.6176081216308,221133,8481,1,"1"
8439.1994721108804,221119,8495,1,"1"
8441.4210343691811,221101,8513,1,"1"
8445.3363327726547,221089,8525,1,"1"
8452.8921875293527,221084,8530,1,"1"
8475.353703004781,221048,8566,2,"2"
8476.0253046453963,221030,8584,1,"1"
8484.7420666463731,221012,8602,1,"1"
8495.8643298567731,220994,8620,1,"1"
8509.183106747405,220976,8638,2,"2"
8511.3316272022075,220958,8656,1,"1"
8518.944167822754,220913,8701,7,"3-2-2"
8536.0633445902931,220903,8711,1,"1"
8553.3984557988715,220893,8721,1,"1"
8555.1724971101394,220816,8798,6,"2-2-2"
8563.0178334501161,220803,8811,1,"1"
8575.3277073634581,220785,8829,1,"1"
8592.6417674429049,220771,8843,2,"2"
8615.5153596085129,220762,8852,1,"1"
8617.596134571766,220744,8870,1,"1"
8617.7365072539233,220726,8888,1,"1"
8631.4242770909186,220708,8906,1,"1"
8652.8732229150428,220696,8918,2,"1-1"
8660.2666893967562,220657,8957,3,"3"
8664.8617885042586,220620,8994,3,"2-1"
8665.2406385291069,220592,9022,2,"1-1"
8665.3657865685564,220574,9040,1,"1"
8694.7894949286201,220556,9058,1,"1"
8697.9261341423935,220542,9072,2,"2"
8714.8633367888415,220524,9090,1,"1"
8716.929634597911,220511,9103,1,"1"
8717.4962076833162,220499,9115,1,"1"
8720.8271804614396,220481,9133,1,"1"
8731.5770720161654,220469,9145,1,"1"
8739.3244321475631,220451,9163,1,"1"
8755.6762047282209,220415,9199,2,"2"
8772.3604575978643,220379,9235,2,"2"
8775.1055855168252,220343,9271,2,"2"
8802.7225857943577,220307,9307,2,"2"
8806.0492135054319,220289,9325,1,"1"
8806.227903782983,220284,9330,1,"1"
8813.6843705725423,220250,9364,3,"2-1"
8815.5820538878797,220232,9382,1,"1"
8824.8801305585966,220198,9416,2,"2"
8832.2362678900827,220180,9434,1,"1"
8837.5975254904042,220162,9452,1,"1"
8844.4928690905945,220150,9464,1,"1"
8851.6115558209804,220141,9473,1,"1"
8860.0761321842601,220123,9491,1,"1"
8864.5342264284573,220076,9538,5,"3-2"
8870.7156808456311,220022,9592,4,"2-1-1"
8873.0012064362963,220004,9610,1,"1"
8934.3036390742,219948,9666,4,"4"
8934.8729341713297,219930,9684,1,"1"
8937.318993786972,219912,9702,1,"1"
8940.2261036318778,219894,9720,1,"1"
8942.6922501058416,219876,9738,1,"1"
8947.8053828164047,219858,9756,1,"1"
8959.5515047619065,219840,9774,1,"1"
8960.0118778973247,219822,9792,1,"1"
8967.0032892511972,219804,9810,1,"1"
8982.9539605907485,219786,9828,1,"1"
8984.7888176868873,219768,9846,1,"1"
8991.2801462733023,219704,9910,8,"2-2-1-1-1-1"
8995.0992275061453,219699,9915,1,"1"
8998.7020468090323,219681,9933,1,"1"
9005.039029549167,219661,9953,2,"1-1"
9021.1496787456672,219643,9971,1,"1"
9037.0021433237434,219625,9989,1,"1"
9040.0420103495671,219607,10007,1,"1"
9044.3127270181158,219589,10025,1,"1"
9062.8131100927021,219571,10043,1,"1"
9064.8160161970354,219553,10061,1,"1"
9079.7494608041652,219517,10097,2,"2"
9084.6364057485662,219510,10104,1,"1"
9087.0682765783986,219473,10141,5,"3-1-1"
9089.6139143065102,219464,10150,1,"1"
9095.1699753158427,219446,10168,1,"1"
9104.2468744817052,219439,10175,1,"1"
9107.9637804530466,219421,10193,1,"1"
9114.7660716087757,219403,10211,1,"1"
9116.5271997540949,219398,10216,1,"1"
9134.8410384428862,219380,10234,1,"1"
9141.7082645480878,219370,10244,1,"1"
9162.6663302399138,219352,10262,1,"1"
9165.6993034024636,219334,10280,1,"1"
9167.5202940960389,219316,10298,1,"1"
9174.0135573828575,219311,10303,1,"1"
9196.55219188095,219293,10321,1,"1"
9208.0104948166536,219275,10339,1,"1"
9211.8587136586757,219257,10357,1,"1"
9226.4605134930971,219239,10375,1,"1"
9229.4113201942946,219234,10380,1,"1"
9241.4695401898425,219225,10389,1,"1"
9247.1211046021526,219146,10468,9,"4-2-2-1"
9249.2503765438196,219128,10486,1,"1"
9254.1071719063948,219099,10515,3,"2-1"
9267.769783207119,218993,10621,8,"3-2-2-1"
9267.7879579840101,218975,10639,1,"1"
9271.8996023577856,218957,10657,1,"1"
9276.5264111688502,218947,10667,2,"2"
9299.6689347189113,218929,10685,1,"1"
9309.1099140518509,218893,10721,2,"2"
9325.3095267096596,218857,10757,2,"2"
9331.855095448258,218850,10764,1,"1"
9358.13293641159,218832,10782,1,"1"
9362.0146304655736,218782,10832,4,"2-1-1"
9375.3056121180307,218764,10850,1,"1"
9378.5422932944439,218726,10888,3,"2-1"
9386.8809436323772,218721,10893,1,"1"
9392.3733382795563,218703,10911,1,"1"
9396.7358790234393,218685,10929,1,"1"
9403.1237732051377,218667,10947,1,"1"
9411.2037125674342,218649,10965,1,"1"
9426.0154927819403,218631,10983,1,"1"
9454.3907099882545,218613,11001,1,"1"
9454.4559159338987,218581,11033,4,"2-2"
9461.1921320380952,218563,11051,1,"1"
9462.3902385763031,218545,11069,1,"1"
9462.4360461836368,218531,11083,1,"1"
9468.1432108890731,218513,11101,1,"1"
9486.0609169084855,218503,11111,1,"1"
9487.2912953095183,218351,11263,10,"4-2-1-1-1-1"
9500.0775092385829,218333,11281,1,"1"
9504.6979660295256,218319,11295,1,"1"
9512.483112917198,218281,11333,4,"2-1-1"
9515.3728871549065,218263,11351,1,"1"
9517.9460173449006,218227,11387,2,"2"
9518.5116474167662,218209,11405,1,"1"
9521.5405570440453,218191,11423,1,"1"
9538.3406150175579,218173,11441,1,"1"
9545.22801710356,218148,11466,3,"3"
9546.8636681956705,218117,11497,3,"3"
9578.2706221760327,218105,11509,1,"1"
9580.821783695068,218087,11527,2,"2"
9598.0963001452801,218082,11532,1,"1"
9604.3089106695443,217947,11667,15,"3-2-2-2-2-1-1-1-1"
9611.3747211162499,217929,11685,1,"1"
9614.0789257031702,217656,11958,25,"9-3-2-2-1-1-1-1-1-1-1-1-1"
9628.507434156465,217622,11992,2,"1-1"
9632.3283523748869,217458,12156,13,"3-3-2-2-1-1-1"
9635.3267002202447,217384,12230,6,"3-1-1-1"
9636.0361686203596,217372,12242,1,"1"
9638.1065690959222,217354,12260,1,"1"
9663.9480473255244,217331,12283,3,"2-1"
9665.760991271789,217299,12315,3,"2-1"
9684.8870258329953,217203,12411,8,"4-2-1-1"
9699.8672000595052,217185,12429,1,"1"
9703.7295512460169,217164,12450,3,"3"
9722.3021335951544,217146,12468,1,"1"
9728.7294268231435,216906,12708,18,"6-2-2-2-2-1-1-1-1"
9731.6931749762825,216870,12744,2,"2"
9739.8184460995326,216852,12762,1,"1"
9746.3673103657457,216837,12777,1,"1"
9747.1716948441172,216819,12795,1,"1"
9754.5134751895184,216801,12813,1,"1"
9759.1436907168263,216787,12827,1,"1"
9759.1855228588429,216767,12847,2,"1-1"
9776.7902716585559,216731,12883,2,"2"
9788.589170722671,216718,12896,1,"1"
9789.4421658208012,216670,12944,4,"2-1-1"
9794.8243349333388,216652,12962,1,"1"
9796.4502996510055,216634,12980,1,"1"
9796.5862547098623,216621,12993,1,"1"
9807.8408663969058,216603,13011,1,"1"
9812.3228796920012,216585,13029,1,"1"
9812.5257445373209,216531,13083,3,"2-1"
9821.0381219727733,216524,13090,1,"1"
9827.1673796002415,216488,13126,2,"2"
9838.7410566758408,216460,13154,2,"2"
9842.6228374972234,216442,13172,1,"1"
9850.099146154902,216406,13208,2,"1-1"
9852.4251854281974,216399,13215,1,"1"
9889.8059955942899,216381,13233,1,"1"
9889.8969002465037,216363,13251,1,"1"
9892.9669599428089,216345,13269,1,"1"
9897.8742991158724,216323,13291,2,"1-1"
9915.2270407231645,216305,13309,1,"1"
9926.2469438314856,216287,13327,1,"1"
9949.6724648899672,216269,13345,1,"1"
9950.2775469619701,216251,13363,1,"1"
9950.4887137055721,216233,13381,1,"1"
9951.4304357886795,216215,13399,1,"1"
9959.942419897272,216189,13425,2,"2"
9965.2154790013774,216171,13443,1,"1"
9969.1520346071738,216153,13461,1,"1"
9973.5891790280511,216117,13497,2,"1-1"
9976.6306305919552,216099,13515,1,"1"
9977.1428273769725,216082,13532,1,"1"
9983.5719894323356,216072,13542,1,"1"
9993.5257158126969,216054,13560,1,"1"
9996.836007374819,216036,13578,1,"1"
10005.996832665865,215976,13638,6,"3-1-1-1"
10010.807830589223,215942,13672,3,"2-1"
10016.73352449382,215834,13780,9,"2-2-1-1-1-1-1"
10048.411603214194,215816,13798,1,"1"
10049.176531659239,215798,13816,1,"1"
10056.497532225603,215744,13870,3,"2-1"
10060.787258778228,215708,13906,2,"2"
10066.97476455267,215690,13924,1,"1"
10072.031498614793,215678,13936,1,"1"
10073.254854648494,215660,13954,1,"1"
10075.892159500287,215649,13965,1,"1"
10078.433107666211,215631,13983,1,"1"
10082.893505340373,215577,14037,3,"2-1"
10103.034809110322,215559,14055,1,"1"
10107.41009955872,215523,14091,2,"2"
10108.849801495217,215505,14109,1,"1"
10111.158096569448,215487,14127,1,"1"
10113.507085364694,215469,14145,1,"1"
10115.316073478551,215429,14185,4,"2-2"
10140.388317013998,215411,14203,1,"1"
10140.777149285797,215402,14212,1,"1"
10141.112664863353,215164,14450,18,"6-3-3-2-2-1-1"
10143.784098563996,215146,14468,1,"1"
10162.537248390647,215128,14486,1,"1"
10178.68506962273,215110,14504,1,"1"
10190.448127578102,0,229614,12154,"12154"
