f,num_active_particles,num_deleted_particles,total_deleted_rods,avalanche_sizes
0,232287,0,0,"0"
241.79055699935603,232277,10,1,"1"
279.18771646953218,232259,28,1,"1"
316.49405281353154,232257,30,2,"2"
377.02821529209757,232254,33,1,"1"
392.58607835621717,232253,34,1,"1"
456.07524887125402,232241,46,1,"1"
525.41584786393219,232240,47,1,"1"
548.29652575716,232239,48,1,"1"
584.68112389932855,232238,49,1,"1"
607.96892413078479,232237,50,1,"1"
619.94613084513605,232219,68,1,"1"
621.2766124743257,232218,69,1,"1"
637.10804102223085,232200,87,1,"1"
640.37777288907523,232182,105,1,"1"
663.3690845536255,232181,106,1,"1"
716.98952960281247,232180,107,1,"1"
761.37815609154086,232179,108,1,"1"
798.18204833470622,232178,109,1,"1"
831.84639264063696,232177,110,1,"1"
840.47073726784299,232176,111,1,"1"
857.11005933696515,232174,113,2,"2"
906.56094588731219,232162,125,1,"1"
920.37736535932629,232159,128,1,"1"
995.46508791458439,232158,129,1,"1"
1006.4662039006532,232155,132,3,"2-1"
1026.3656960412663,232154,133,1,"1"
1063.145756996885,232153,134,1,"1"
1068.0750364600303,232152,135,1,"1"
1086.8615730221888,232151,136,1,"1"
1186.7307400615559,232133,154,1,"1"
1201.8910855158827,232132,155,1,"1"
1214.158230901407,232130,157,2,"2"
1319.69427737876,232120,167,1,"1"
1328.8865353532794,232106,181,1,"1"
1343.4639870636483,232105,182,1,"1"
1372.2502194769738,232104,183,1,"1"
1375.4515397889409,232102,185,2,"2"
1377.6410132050482,232095,192,1,"1"
1404.5776901443453,232093,194,2,"2"
1433.4076920499249,232092,195,1,"1"
1439.7383764976157,232091,196,1,"1"
1448.1528013892682,232090,197,1,"1"
1449.669075935032,232073,214,1,"1"
1451.6938086342234,232057,230,1,"1"
1468.9100703489917,232039,248,1,"1"
1495.7533455322193,232038,249,1,"1"
1519.6448498504401,232037,250,1,"1"
1528.4797045426078,232019,268,1,"1"
1551.3480412545819,232018,269,1,"1"
1561.6003127499553,232008,279,1,"1"
1563.3703509600623,232006,281,2,"2"
1569.6397303195779,231988,299,1,"1"
1576.6725065243259,231986,301,2,"2"
1579.8236303049168,231985,302,1,"1"
1670.4602809566534,231984,303,1,"1"
1689.0525458334214,231983,304,1,"1"
1701.7704145322082,231982,305,1,"1"
1705.1069357464128,231981,306,1,"1"
1705.6878822274377,231980,307,1,"1"
1710.7860529660645,231962,325,1,"1"
1722.9553194323155,231960,327,2,"2"
1733.4602159429135,231959,328,1,"1"
1750.9989596202556,231941,346,1,"1"
1758.6782008201797,231940,347,1,"1"
1765.3573505189684,231939,348,1,"1"
1771.3628967643101,231903,384,2,"2"
1773.1740279837502,231902,385,1,"1"
1783.9690575318687,231901,386,1,"1"
1788.6532988976769,231900,387,1,"1"
1789.4631301393888,231882,405,1,"1"
1801.9224366413571,231864,423,1,"1"
1824.5337365239873,231863,424,1,"1"
1825.4083619802605,231845,442,1,"1"
1860.7744079627037,231843,444,2,"2"
1881.1145120559099,231842,445,1,"1"
1884.4340403811439,231841,446,1,"1"
1894.5968454185454,231839,448,2,"2"
1901.5198591181945,231838,449,1,"1"
1905.0341890517548,231837,450,1,"1"
1905.5204673803519,231834,453,3,"2-1"
1916.0376187161914,231832,455,2,"1-1"
1948.3638125710368,231830,457,2,"2"
1955.4532187329567,231825,462,1,"1"
1988.9398610261017,231824,463,1,"1"
1992.4248998862624,231815,472,5,"3-2"
1993.4496936948185,231806,481,1,"1"
1995.4709646769163,231788,499,1,"1"
2002.4355129547932,231786,501,2,"1-1"
2015.0674686328221,231785,502,1,"1"
2016.5241394451489,231784,503,1,"1"
2021.5545363520134,231781,506,1,"1"
2026.9098918153857,231776,511,1,"1"
2027.1091172467795,231775,512,1,"1"
2042.877029081071,231774,513,1,"1"
2061.7559098637707,231773,514,1,"1"
2066.3963670591693,231772,515,1,"1"
2074.0586098395579,231754,533,1,"1"
2087.4528947840377,231753,534,1,"1"
2087.8002593540423,231741,546,1,"1"
2090.2459644007117,231740,547,1,"1"
2116.8237516255222,231737,550,1,"1"
2123.8765075747947,231736,551,1,"1"
2127.8472197333199,231722,565,1,"1"
2129.1186304915118,231721,566,1,"1"
2143.4266337495997,231714,573,3,"2-1"
2150.9342197199035,231713,574,1,"1"
2153.1135303271503,231695,592,1,"1"
2155.6494732053479,231689,598,2,"2"
2160.3759420364081,231671,616,1,"1"
2162.7383325578207,231670,617,1,"1"
2182.1968411602129,231652,635,1,"1"
2186.0405914381563,231636,651,4,"3-1"
2193.9865398912821,231618,669,1,"1"
2210.179692717838,231613,674,1,"1"
2217.6757182791885,231612,675,1,"1"
2221.4369973704097,231602,685,1,"1"
2232.4650922657361,231597,690,1,"1"
2246.3192092695513,231594,693,1,"1"
2257.8656197076798,231589,698,1,"1"
2258.4300956580428,231588,699,1,"1"
2277.2752571275068,231577,710,1,"1"
2280.1235754028003,231574,713,1,"1"
2281.3159102941713,231565,722,1,"1"
2285.1838352374521,231547,740,1,"1"
2310.4751217300191,231544,743,1,"1"
2329.4569739398767,231543,744,1,"1"
2368.7132138284874,231542,745,1,"1"
2370.2288488009353,231524,763,1,"1"
2375.9985839488991,231512,775,8,"6-2"
2423.0637088269223,231511,776,1,"1"
2429.2402171047711,231509,778,2,"2"
2433.8454197839801,231505,782,4,"3-1"
2447.2122065393819,231504,783,1,"1"
2461.4096732017433,231486,801,1,"1"
2480.5752590159532,231476,811,1,"1"
2491.7539843095642,231458,829,1,"1"
2512.6376402435435,231457,830,1,"1"
2520.9193118198136,231456,831,1,"1"
2521.3809897768983,231438,849,1,"1"
2521.5582588293237,231420,867,1,"1"
2535.3977212230243,231415,872,1,"1"
2562.5277315433809,231403,884,1,"1"
2585.6291334667499,231402,885,1,"1"
2611.7302658980684,231384,903,1,"1"
2621.1226084398686,231381,906,1,"1"
2622.1067677976762,231380,907,1,"1"
2635.0884627704522,231362,925,1,"1"
2645.1092569378006,231361,926,1,"1"
2659.8885560375661,231351,936,1,"1"
2738.8868518300496,231350,937,1,"1"
2754.3357813038792,231347,940,1,"1"
2772.9206734290992,231335,952,1,"1"
2780.1842454679995,231317,970,1,"1"
2791.872354229879,231316,971,1,"1"
2793.3114303060629,231311,976,1,"1"
2795.2651513542583,231293,994,1,"1"
2804.3819832018312,231283,1004,1,"1"
2854.9419276580547,231279,1008,2,"1-1"
2863.5124055488263,231278,1009,1,"1"
2870.1373766556776,231277,1010,1,"1"
2879.9243108940182,231275,1012,2,"1-1"
2900.8956281096876,231274,1013,1,"1"
2902.7335456896503,231273,1014,1,"1"
2917.5811424217331,231268,1019,1,"1"
2921.2698046700384,231267,1020,1,"1"
2936.2966112599902,231264,1023,1,"1"
2943.6268602902428,231263,1024,1,"1"
2951.0855202901585,231254,1033,1,"1"
2967.7349985197188,231249,1038,1,"1"
2974.2045611523563,231239,1048,1,"1"
2975.6877207863499,231203,1084,2,"2"
2987.4110085988968,231192,1095,3,"3"
2989.8821638213876,231189,1098,1,"1"
3006.0127178522243,231188,1099,1,"1"
3014.0802985555019,231173,1114,1,"1"
3014.4724973590669,231168,1119,1,"1"
3021.0891284221175,231167,1120,1,"1"
3038.4543112606966,231166,1121,1,"1"
3040.312572186715,231148,1139,1,"1"
3053.3962254360672,231142,1145,2,"2"
3069.0691705052641,231124,1163,1,"1"
3070.4619048235804,231123,1164,1,"1"
3075.3296868483244,231105,1182,1,"1"
3087.3856077711744,231100,1187,1,"1"
3121.8454583498778,231076,1211,2,"2"
3125.4906014071234,231058,1229,1,"1"
3129.0144378636819,231053,1234,3,"2-1"
3131.4404154256295,231041,1246,4,"4"
3145.4986933347714,231023,1264,1,"1"
3147.5134713993989,231009,1278,1,"1"
3151.7315249204503,230999,1288,1,"1"
3164.2771969472569,230996,1291,1,"1"
3190.48463421012,230978,1309,1,"1"
3202.0922239291845,230973,1314,1,"1"
3210.2594763102961,230964,1323,1,"1"
3216.8858680600115,230962,1325,2,"1-1"
3236.0941176972256,230936,1351,4,"3-1"
3238.8327999531839,230930,1357,2,"1-1"
3296.3611161957901,230927,1360,1,"1"
3313.5708504649447,230922,1365,1,"1"
3319.2169607051105,230904,1383,1,"1"
3323.4197436667,230899,1388,1,"1"
3347.8673675650625,230881,1406,1,"1"
3351.9187083611673,230863,1424,1,"1"
3364.146865510887,230854,1433,1,"1"
3437.1720096189601,230836,1451,1,"1"
3446.8354814295708,230833,1454,1,"1"
3468.5517333592179,230803,1484,2,"1-1"
3493.4901202267683,230802,1485,1,"1"
3494.0487947242818,230799,1488,1,"1"
3512.4996650845223,230798,1489,1,"1"
3536.0472989843993,230795,1492,1,"1"
3555.5363942739536,230767,1520,2,"2"
3576.4271648198842,230755,1532,1,"1"
3580.2960317363527,230752,1535,1,"1"
3594.0799058771768,230734,1553,1,"1"
3607.3060500180945,230729,1558,1,"1"
3626.6509675289212,230721,1566,4,"2-1-1"
3647.4628060788841,230711,1576,2,"2"
3661.3510905401604,230710,1577,1,"1"
3665.4309794676901,230692,1595,1,"1"
3678.5384742677293,230674,1613,1,"1"
3709.1495407632756,230656,1631,1,"1"
3724.4422296276871,230638,1649,1,"1"
3726.2551098909589,230620,1667,1,"1"
3737.8242615013205,230617,1670,1,"1"
3745.8824004578214,230599,1688,1,"1"
3756.5974896219186,230585,1702,1,"1"
3770.2889629400975,230567,1720,1,"1"
3781.8855052496742,230566,1721,1,"1"
3813.975766838118,230555,1732,1,"1"
3871.5155769189068,230554,1733,1,"1"
3878.6345713874016,230549,1738,1,"1"
3883.315446473157,230531,1756,1,"1"
3892.1875632225529,230513,1774,1,"1"
3895.6598333123079,230495,1792,1,"1"
3907.4019554019123,230477,1810,1,"1"
3922.5367254658927,230459,1828,1,"1"
3929.2630548700076,230445,1842,1,"1"
3937.9432981146197,230436,1851,1,"1"
3944.3043341519792,230418,1869,1,"1"
3969.8511531089121,230411,1876,1,"1"
3973.1586765667721,230396,1891,1,"1"
4012.0851011880914,230393,1894,1,"1"
4019.8242099442809,230379,1908,1,"1"
4043.5069633564158,230370,1917,1,"1"
4084.9728992251144,230352,1935,1,"1"
4097.3541133933222,230334,1953,1,"1"
4114.9881065545251,230324,1963,2,"2"
4136.3356487654646,230298,1989,2,"1-1"
4140.3708611879192,230285,2002,3,"3"
4153.5867668020028,230267,2020,1,"1"
4175.7672771821635,230249,2038,1,"1"
4176.3249145471409,230231,2056,1,"1"
4206.5664315064842,230226,2061,1,"1"
4235.3406671424736,230208,2079,1,"1"
4239.8409472987623,230190,2097,1,"1"
4241.7468639781328,230187,2100,1,"1"
4243.8856024303968,230176,2111,1,"1"
4266.1676194424672,230171,2116,1,"1"
4285.6650504709996,230153,2134,1,"1"
4289.7017458408782,230147,2140,2,"2"
4290.0460938233964,230129,2158,1,"1"
4322.0437432433937,230124,2163,1,"1"
4327.129777677751,230106,2181,1,"1"
4329.5685900861417,230101,2186,1,"1"
4338.8869462565626,230091,2196,1,"1"
4341.5984219002958,230073,2214,1,"1"
4376.7408318033667,230045,2242,8,"8"
4428.797235817392,230035,2252,1,"1"
4454.00400663452,230017,2270,1,"1"
4454.4222282853489,229997,2290,2,"2"
4458.1987157268886,229979,2308,1,"1"
4469.4617478842974,229976,2311,1,"1"
4495.1921250510613,229958,2329,1,"1"
4498.1759999781943,229940,2347,1,"1"
4500.2327792592623,229930,2357,1,"1"
4506.707019517632,229927,2360,1,"1"
4516.433074933997,229913,2374,2,"2"
4529.8819920619117,229902,2385,3,"2-1"
4567.2576586348714,229884,2403,1,"1"
4579.3678319957435,229866,2421,1,"1"
4588.836159326208,229848,2439,1,"1"
4591.4863939259567,229845,2442,1,"1"
4609.4094760366143,229836,2451,1,"1"
4629.8853576990223,229818,2469,1,"1"
4630.8073761812138,229813,2474,1,"1"
4637.800324073407,229803,2484,2,"2"
4653.4244002354999,229793,2494,1,"1"
4655.7083364439641,229775,2512,1,"1"
4663.8313841326326,229757,2530,1,"1"
4711.887743165219,229752,2535,1,"1"
4726.9314601644701,229746,2541,2,"2"
4730.2886036250429,229728,2559,1,"1"
4733.769756979772,229719,2568,1,"1"
4745.919875752078,229683,2604,2,"2"
4764.8985104151379,229633,2654,4,"2-1-1"
4767.0907001672222,229615,2672,1,"1"
4772.2909993226167,229597,2690,1,"1"
4777.3377831625776,229592,2695,1,"1"
4819.1322277460285,229574,2713,1,"1"
4821.6487031586048,229564,2723,2,"1-1"
4832.0100026870932,229546,2741,2,"2"
4835.5019846557898,229540,2747,2,"2"
4837.2546472391659,229526,2761,2,"1-1"
4855.2508853587733,229516,2771,1,"1"
4856.765725605962,229511,2776,1,"1"
4874.5442138334602,229493,2794,1,"1"
4882.3899102153828,229475,2812,1,"1"
4884.5108734141695,229470,2817,1,"1"
4886.8144013656602,229457,2830,1,"1"
4898.4575354777598,229436,2851,3,"1-1-1"
4903.4216976087864,229408,2879,4,"3-1"
4908.5220613536012,229398,2889,2,"2"
4923.6645573275737,229380,2907,1,"1"
4930.9496494006999,229375,2912,1,"1"
4965.9254770020434,229339,2948,2,"2"
5071.35343501237,229329,2958,2,"1-1"
5077.6639082231695,229319,2968,1,"1"
5131.0877163092282,229301,2986,1,"1"
5133.0241825536887,229296,2991,1,"1"
5135.1320823911137,229278,3009,1,"1"
5139.9781740739027,229248,3039,3,"3"
5148.4031237313529,229241,3046,1,"1"
5171.6775319749659,229231,3056,2,"1-1"
5186.8065752255261,229226,3061,1,"1"
5187.7722887947939,229208,3079,1,"1"
5189.9030592055706,229190,3097,1,"1"
5222.814047144685,229174,3113,4,"4"
5223.9062183031974,229164,3123,2,"2"
5224.6921491481971,229146,3141,1,"1"
5226.0176428449486,229136,3151,2,"2"
5251.668369605025,229118,3169,1,"1"
5257.1939043842704,229109,3178,3,"3"
5300.0965313697625,229100,3187,1,"1"
5309.3734793852964,229078,3209,2,"1-1"
5334.8085020388517,229070,3217,2,"1-1"
5342.6109182966093,229052,3235,1,"1"
5346.0946503915902,229034,3253,1,"1"
5381.3613139422241,229012,3275,2,"1-1"
5393.8077918877379,228994,3293,1,"1"
5400.0066069007025,228976,3311,1,"1"
5417.3533500531603,228958,3329,1,"1"
5428.8766192604726,228955,3332,1,"1"
5436.8942028391602,228952,3335,1,"1"
5437.2331369799067,228934,3353,1,"1"
5441.7033039428525,228924,3363,2,"2"
5459.1319600237384,228921,3366,1,"1"
5461.2077952817926,228911,3376,1,"1"
5463.5313087166996,228899,3388,1,"1"
5477.6595579856712,228890,3397,1,"1"
5486.6758466767742,228872,3415,1,"1"
5488.2679847618483,228865,3422,1,"1"
5503.0200353105402,228862,3425,1,"1"
5508.090628910938,228859,3428,1,"1"
5510.8336883291668,228841,3446,1,"1"
5515.1312248617514,228835,3452,2,"2"
5519.9497508112718,228819,3468,1,"1"
5527.1875318670191,228789,3498,2,"2"
5551.7126020792293,228771,3516,1,"1"
5567.0525691805833,228768,3519,1,"1"
5578.6665111154416,228765,3522,1,"1"
5605.0521108845478,228749,3538,1,"1"
5615.6882108265891,228731,3556,1,"1"
5644.8990026064184,228726,3561,1,"1"
5647.5317346102065,228708,3579,1,"1"
5655.231280787094,228703,3584,1,"1"
5667.2384821527603,228685,3602,1,"1"
5670.2382535961215,228667,3620,1,"1"
5672.9525989101585,228649,3638,1,"1"
5687.9343751857314,228644,3643,1,"1"
5709.5200060874722,228626,3661,1,"1"
5713.8966338304781,228608,3679,1,"1"
5769.5046203232268,228590,3697,1,"1"
5770.6521600606484,228576,3711,2,"2"
5785.1816393853414,228558,3729,1,"1"
5787.3580946077454,228548,3739,2,"1-1"
5801.1940680536163,228530,3757,1,"1"
5808.7007952539316,228494,3793,2,"2"
5812.2013807580197,228476,3811,1,"1"
5813.8342067977528,228440,3847,2,"2"
5837.8903893909965,228435,3852,1,"1"
5843.7950881549814,228417,3870,1,"1"
5859.6160609485087,228407,3880,1,"1"
5877.5140149383742,228400,3887,1,"1"
5881.1451171896379,228376,3911,2,"2"
5908.8586012462447,228358,3929,1,"1"
5942.8154889048801,228353,3934,1,"1"
5947.8265168239959,228335,3952,1,"1"
5952.235815765549,228317,3970,1,"1"
5959.1623367176981,228312,3975,1,"1"
5970.6909295979503,228296,3991,1,"1"
5972.3699076032872,228293,3994,1,"1"
5985.3960087180922,228275,4012,1,"1"
5997.8915494179637,228239,4048,2,"2"
6001.0533340926877,228221,4066,1,"1"
6001.2645539216646,228203,4084,1,"1"
6007.3820063037192,228194,4093,1,"1"
6017.255022329743,228158,4129,2,"2"
6024.7382693979043,228140,4147,1,"1"
6043.5342520238664,228122,4165,1,"1"
6048.7365363266008,228119,4168,1,"1"
6086.2083718538306,228101,4186,1,"1"
6117.6911854510172,228083,4204,1,"1"
6164.2379455296468,228065,4222,1,"1"
6164.8833117688218,228060,4227,1,"1"
6166.4506634072577,228042,4245,1,"1"
6171.6357813802078,228037,4250,1,"1"
6180.0999028174892,228032,4255,1,"1"
6187.0044563955344,227984,4303,4,"2-2"
6204.3761543974479,227960,4327,2,"1-1"
6208.2241054739643,227924,4363,3,"3"
6235.9286603162873,227914,4373,1,"1"
6237.6592629675433,227901,4386,1,"1"
6238.412885252912,227883,4404,1,"1"
6240.7204528216644,227865,4422,1,"1"
6266.0430362496727,227829,4458,2,"1-1"
6286.3500472277819,227811,4476,1,"1"
6291.6528227462904,227793,4494,1,"1"
6296.0489014590639,227775,4512,1,"1"
6305.2713472007099,227770,4517,1,"1"
6306.5569098702208,227752,4535,1,"1"
6309.2528936681938,227724,4563,2,"2"
6315.2200758547478,227710,4577,1,"1"
6321.1601126238911,227701,4586,1,"1"
6369.0656964614182,227683,4604,1,"1"
6381.4395206253212,227673,4614,1,"1"
6385.9901213702524,227655,4632,1,"1"
6388.5878100995933,227634,4653,5,"4-1"
6396.1772769420995,227616,4671,1,"1"
6407.3138042813935,227605,4682,3,"2-1"
6413.1605388295511,227600,4687,1,"1"
6416.113147267487,227582,4705,1,"1"
6417.2590897295277,227554,4733,3,"3"
6431.2259808920944,227518,4769,2,"2"
6454.3292294273779,227504,4783,1,"1"
6456.2126818376546,227486,4801,1,"1"
6460.8713771057828,227468,4819,1,"1"
6463.1966359406151,227432,4855,2,"2"
6467.3404058904689,227422,4865,1,"1"
6480.8557858272952,227412,4875,2,"2"
6498.8104710609414,227345,4942,9,"3-2-2-1-1"
6501.1182553455701,227338,4949,1,"1"
6503.3794699527361,227299,4988,5,"2-2-1"
6504.344925029729,227282,5005,3,"1-1-1"
6506.1467528108815,227277,5010,1,"1"
6512.3626406587891,227267,5020,1,"1"
6532.6506808976219,227264,5023,1,"1"
6534.6384853833624,227246,5041,1,"1"
6544.8673111190092,227228,5059,1,"1"
6547.4749108665692,227218,5069,1,"1"
6564.0740668528242,227215,5072,1,"1"
6569.1821575300901,227197,5090,1,"1"
6576.1462956857386,227185,5102,1,"1"
6593.5717094249421,227167,5120,1,"1"
6594.5200810150764,227155,5132,1,"1"
6626.5387554860936,227137,5150,1,"1"
6640.5565549536423,227119,5168,1,"1"
6641.5248459296454,227114,5173,1,"1"
6654.5054026663702,227078,5209,6,"3-2-1"
6666.8186695119603,227069,5218,1,"1"
6682.5416881385172,227059,5228,1,"1"
6691.2119492133734,227041,5246,1,"1"
6691.3296781570398,227032,5255,1,"1"
6694.2453984425847,227014,5273,1,"1"
6701.317389609304,226996,5291,1,"1"
6711.157750095781,226991,5296,1,"1"
6727.9292814923647,226973,5314,1,"1"
6732.7485964727175,226919,5368,3,"2-1"
6735.8411634806325,226905,5382,1,"1"
6738.8017276803403,226895,5392,1,"1"
6741.740843712736,226885,5402,1,"1"
6752.2243590977732,226867,5420,1,"1"
6753.0779203616758,226849,5438,1,"1"
6775.8410354976058,226801,5486,4,"2-1-1"
6783.5109004794695,226787,5500,1,"1"
6791.3178056234829,226772,5515,3,"2-1"
6799.4112472353936,226760,5527,1,"1"
6823.9575095138853,226742,5545,1,"1"
6849.4642447389942,226724,5563,1,"1"
6858.160616291786,226714,5573,2,"2"
6887.9674237421386,226704,5583,1,"1"
6890.752813329269,226668,5619,2,"2"
6902.2344284524179,226665,5622,1,"1"
6913.9000298779529,226647,5640,1,"1"
6915.682389636524,226638,5649,1,"1"
6916.467804853859,226620,5667,1,"1"
6919.3254371170269,226610,5677,1,"1"
6921.4868069994991,226605,5682,1,"1"
6924.5059526396344,226583,5704,2,"2"
6963.8303523170853,226565,5722,1,"1"
6966.4215174435249,226547,5740,1,"1"
6978.8440780877836,226539,5748,2,"1-1"
6984.4296889737816,226530,5757,1,"1"
7003.0586178629283,226506,5781,2,"2"
7026.2637443053718,226425,5862,13,"5-4-2-1-1"
7037.1655751280132,226406,5881,3,"3"
7037.7758569151856,226360,5927,4,"1-1-1-1"
7046.921273518059,226342,5945,1,"1"
7049.5635441476461,226324,5963,1,"1"
7058.702898622415,226306,5981,1,"1"
7066.4139574542442,226270,6017,2,"2"
7072.5818312801766,226265,6022,1,"1"
7081.5605647072734,226247,6040,1,"1"
7082.1280247590175,226229,6058,1,"1"
7090.3707643204334,226211,6076,1,"1"
7112.003687910089,226145,6142,5,"5"
7136.8307775681005,226127,6160,1,"1"
7164.0476182868106,226103,6184,2,"2"
7182.8644810195847,226068,6219,3,"2-1"
7187.6792003784612,226065,6222,1,"1"
7206.924076683149,226047,6240,1,"1"
7209.3929406478892,226019,6268,2,"1-1"
7210.2761973269216,226001,6286,1,"1"
7217.7018957151085,225983,6304,1,"1"
7232.3194125069585,225978,6309,1,"1"
7237.601199222845,225942,6345,2,"1-1"
7238.1533371364139,225924,6363,1,"1"
7240.7628402535083,225919,6368,1,"1"
7244.0613397410398,225899,6388,2,"2"
7245.043110718073,225890,6397,1,"1"
7254.5835654597686,225880,6407,2,"2"
7268.9383100875939,225862,6425,1,"1"
7273.2936839364456,225842,6445,2,"1-1"
7273.5518454427656,225824,6463,1,"1"
7275.7612496487836,225806,6481,1,"1"
7283.26278942314,225784,6503,4,"2-1-1"
7297.6675642255523,225766,6521,1,"1"
7300.3414193506951,225748,6539,1,"1"
7302.5967462263152,225730,6557,1,"1"
7311.9227564645989,225694,6593,2,"1-1"
7315.2324869325466,225652,6635,3,"2-1"
7324.1653580415932,225634,6653,1,"1"
7355.6031706488948,225616,6671,1,"1"
7357.1187730969978,225580,6707,2,"1-1"
7362.2783149116449,225562,6725,1,"1"
7376.6517364276906,225548,6739,2,"2"
7383.3946291088405,225530,6757,1,"1"
7407.634788624041,225489,6798,7,"3-2-1-1"
7420.1253052994507,225475,6812,1,"1"
7438.5970140404006,225457,6830,1,"1"
7449.0828055331713,225452,6835,1,"1"
7452.6960730925803,225443,6844,1,"1"
7461.2131550883078,225425,6862,1,"1"
7461.5509208662825,225413,6874,1,"1"
7471.149249214167,225395,6892,1,"1"
7498.5287028812845,225377,6910,1,"1"
7508.9972318080509,225359,6928,1,"1"
7545.4640013220733,225341,6946,1,"1"
7546.6321771533976,225323,6964,1,"1"
7561.1556849808658,225305,6982,1,"1"
7571.0787438951875,225289,6998,1,"1"
7575.8310631664253,225269,7018,2,"1-1"
7584.0530694379913,225229,7058,3,"3"
7599.4194192518517,225211,7076,1,"1"
7623.2497055602562,225201,7086,1,"1"
7637.7590905348297,225183,7104,1,"1"
7643.5172442993899,225165,7122,2,"2"
7648.8739633972373,225147,7140,1,"1"
7654.2189951430128,225129,7158,1,"1"
7656.1299306676083,225093,7194,2,"2"
7657.195519455091,225088,7199,1,"1"
7671.4510271861054,225070,7217,1,"1"
7685.7837928080771,225061,7226,1,"1"
7685.9466906681355,225043,7244,1,"1"
7688.6477787563845,225021,7266,2,"2"
7689.255832425838,225011,7276,1,"1"
7702.3612316173603,225008,7279,1,"1"
7729.1671444209433,224990,7297,1,"1"
7731.8975825120679,224972,7315,1,"1"
7739.0961664262959,224962,7325,1,"1"
7743.2869272878397,224944,7343,1,"1"
7745.0972543223097,224908,7379,4,"4"
7755.4833495633566,224887,7400,3,"3"
7755.8287517343115,224847,7440,3,"1-1-1"
7769.1665150743156,224842,7445,1,"1"
7781.6833479360694,224824,7463,1,"1"
7810.2626602747387,224806,7481,1,"1"
7851.7136886507897,224801,7486,1,"1"
7875.3002830691721,224783,7504,1,"1"
7875.3684607850801,224774,7513,1,"1"
7876.1085036900658,224756,7531,1,"1"
7880.9432888664442,224715,7572,5,"2-2-1"
7888.808502166049,224697,7590,1,"1"
7900.3985408469971,224686,7601,1,"1"
7906.6321746378862,224681,7606,1,"1"
7912.707755551648,224674,7613,1,"1"
7913.6448609437257,224656,7631,1,"1"
7913.8010954865749,224632,7655,4,"1-1-1-1"
7915.3781024994414,224594,7693,4,"2-2"
7915.7429039856779,224589,7698,1,"1"
7925.5506647125158,224571,7716,1,"1"
7927.783393656704,224535,7752,2,"2"
7935.8241401467867,224517,7770,1,"1"
7936.4727758365088,224499,7788,1,"1"
7938.5471953437936,224481,7806,1,"1"
7948.4003242301378,224471,7816,1,"1"
7950.0589520163712,224461,7826,1,"1"
7954.4478552658948,224456,7831,1,"1"
7955.814740588854,224438,7849,1,"1"
7956.4337293229437,224361,7926,8,"2-1-1-1-1-1-1"
7963.8435682730633,224329,7958,3,"3"
7982.836829490544,224293,7994,2,"2"
7999.9906047175855,224275,8012,1,"1"
8031.6193604286582,224257,8030,1,"1"
8035.654188390351,224245,8042,1,"1"
8040.2264419169578,224227,8060,1,"1"
8043.6357285608674,224209,8078,1,"1"
8050.0266742943286,224191,8096,1,"1"
8052.116981669199,224177,8110,1,"1"
8054.0826206908978,224159,8128,1,"1"
8061.6897334767646,224119,8168,4,"2-2"
8063.5842349829309,224114,8173,1,"1"
8095.1359296297296,224098,8189,1,"1"
8108.0188961758022,224093,8194,1,"1"
8145.701730769666,224075,8212,1,"1"
8150.6480381810834,224013,8274,6,"3-1-1-1"
8154.0479998979263,223959,8328,3,"3"
8155.1913600371963,223941,8346,1,"1"
8155.7423688086983,223923,8364,1,"1"
8175.8864833987891,223905,8382,2,"2"
8186.7147223065731,223892,8395,1,"1"
8193.3942586295525,223874,8413,2,"2"
8193.972179305425,223863,8424,1,"1"
8196.1927349982707,223845,8442,1,"1"
8198.0766479950053,223827,8460,1,"1"
8203.8435802144322,223817,8470,1,"1"
8218.7885795003367,223803,8484,2,"2"
8219.4990336923438,223779,8508,2,"1-1"
8219.549507607624,223755,8532,2,"2"
8221.0475789142984,223737,8550,2,"2"
8224.5837200023543,223719,8568,1,"1"
8225.7749991777473,223701,8586,1,"1"
8236.9332940740169,223683,8604,1,"1"
8246.7093726457406,223665,8622,1,"1"
8255.8537398225526,223647,8640,1,"1"
8257.3341909133396,223605,8682,3,"3"
8283.5650385083736,223587,8700,1,"1"
8284.1117307145196,223569,8718,1,"1"
8293.0020313273544,223551,8736,1,"1"
8294.845802608419,223397,8890,13,"5-2-2-1-1-1-1"
8311.8402092687847,223333,8954,8,"3-2-1-1-1"
8322.5231103779624,223315,8972,1,"1"
8340.3215080363771,223297,8990,1,"1"
8341.4044265259417,223285,9002,1,"1"
8343.4168509434039,223267,9020,1,"1"
8346.3756961970685,223254,9033,1,"1"
8358.9177603507251,223230,9057,2,"1-1"
8392.7843684381533,223225,9062,1,"1"
8395.140651467058,223207,9080,1,"1"
8397.5128229204965,223189,9098,2,"2"
8398.7692358631703,223171,9116,1,"1"
8402.1542028974454,223153,9134,1,"1"
8402.4973948891602,223135,9152,1,"1"
8407.280829030291,223119,9168,2,"2"
8410.5789333376269,223101,9186,1,"1"
8410.9845698496629,223083,9204,1,"1"
8430.9923187336899,223047,9240,2,"1-1"
8439.6643368418445,223035,9252,1,"1"
8443.5148051676151,222977,9310,5,"4-1"
8444.006610057133,222967,9320,1,"1"
8444.9282428867391,222949,9338,1,"1"
8447.5428012341908,222931,9356,1,"1"
8466.802763539441,222913,9374,1,"1"
8472.8194468188703,222895,9392,1,"1"
8479.5813141847175,222882,9405,1,"1"
8484.5794489091531,222864,9423,1,"1"
8486.004045808666,222846,9441,1,"1"
8499.3586431013846,222728,9559,8,"2-2-2-1-1"
8508.0173118823495,222710,9577,1,"1"
8511.3813670787822,222692,9595,1,"1"
8516.3725607658998,222674,9613,1,"1"
8527.8851814022382,222656,9631,1,"1"
8549.0046950454998,222638,9649,1,"1"
8554.5005613117391,222627,9660,1,"1"
8568.3433019501208,222609,9678,1,"1"
8572.4063348238869,222604,9683,1,"1"
8580.6735664110856,222586,9701,1,"1"
8582.8933696142594,222568,9719,1,"1"
8586.5055669812336,222524,9763,6,"3-3"
8590.5979587726597,222330,9957,30,"5-5-5-4-3-2-2-1-1-1-1"
8608.3697390241086,222276,10011,5,"4-1"
8609.2240382221353,222258,10029,1,"1"
8609.6767275920156,222240,10047,1,"1"
8611.5312204451384,222231,10056,1,"1"
8622.2267194880787,222195,10092,2,"1-1"
8624.6808726909567,222177,10110,1,"1"
8644.8167313663707,222159,10128,1,"1"
8646.0568516770763,222154,10133,1,"1"
8649.2453895237013,222136,10151,1,"1"
8664.1122672189376,222118,10169,1,"1"
8678.278265659028,222100,10187,1,"1"
8679.3857217943914,222082,10205,1,"1"
8679.643007769826,222064,10223,1,"1"
8685.3291800544321,222046,10241,1,"1"
8688.0480825330833,222028,10259,1,"1"
8697.0471179161123,222010,10277,1,"1"
8701.0638290987536,221992,10295,1,"1"
8701.1292244037195,221974,10313,1,"1"
8704.6590317023674,221816,10471,12,"4-2-2-2-1-1"
8709.802924029922,221798,10489,1,"1"
8711.2287573581889,221709,10578,9,"4-2-1-1-1"
8714.9281023521253,221691,10596,1,"1"
8719.8963113755817,221673,10614,1,"1"
8723.0892555327755,221657,10630,1,"1"
8724.6938637302501,221639,10648,1,"1"
8728.6019725566948,221634,10653,1,"1"
8731.2722927455598,221606,10681,2,"2"
8740.2856157914484,221551,10736,7,"4-2-1"
8746.5578959422674,221467,10820,6,"3-2-1"
8749.8689039696528,221462,10825,1,"1"
8750.1780905363412,221444,10843,1,"1"
8763.9579341537356,221426,10861,1,"1"
8766.2105773975709,221362,10925,4,"1-1-1-1"
8767.160420004926,221326,10961,2,"2"
8769.034657814711,221308,10979,1,"1"
8770.9889033090585,221297,10990,1,"1"
8780.3229468093705,221263,11024,2,"2"
8787.2048772596718,221241,11046,2,"1-1"
8795.047962319908,221223,11064,1,"1"
8796.5514934344028,221196,11091,2,"1-1"
8803.8952854257168,221144,11143,4,"3-1"
8814.7978636957068,221126,11161,1,"1"
8815.6460403246947,221108,11179,1,"1"
8815.8532636371856,221090,11197,1,"1"
8838.701055030815,221072,11215,1,"1"
8847.5152885290572,221062,11225,1,"1"
8849.3689538904418,221044,11243,1,"1"
8854.303716933422,221026,11261,1,"1"
8876.675584761786,221008,11279,1,"1"
8891.6963277450213,220990,11297,1,"1"
8899.2217535835753,220954,11333,2,"1-1"
8899.9891397315132,220944,11343,1,"1"
8900.9606535623989,220834,11453,11,"5-5-1"
8907.0488096689842,220740,11547,12,"3-3-2-2-1-1"
8910.8316850977226,220716,11571,2,"1-1"
8920.5134416891342,220698,11589,1,"1"
8921.833022947043,220632,11655,6,"4-1-1"
8923.3653495474355,220596,11691,2,"1-1"
8929.7985674558204,220578,11709,1,"1"
8933.802733189541,220547,11740,3,"2-1"
8941.6177739606665,220538,11749,1,"1"
8944.196710212309,220502,11785,2,"2"
8953.7742054124628,220478,11809,2,"1-1"
8966.9823599512911,220460,11827,1,"1"
8975.5702977801848,220442,11845,1,"1"
8987.3168445886149,219534,12753,66,"7-6-6-5-5-3-2-2-2-2-2-2-2-2-2-2-2-2-1-1-1-1-1-1-1-1-1-1"
8991.9310503062461,219527,12760,1,"1"
8995.0276231399876,219491,12796,2,"1-1"
9012.2892394138016,219455,12832,2,"2"
9015.6785643512303,219437,12850,1,"1"
9022.6640492808838,219419,12868,1,"1"
9028.6883862352206,219401,12886,1,"1"
9033.0299072860471,219359,12928,3,"2-1"
9034.4901627273939,219342,12945,1,"1"
9039.0715851381956,219324,12963,1,"1"
9052.5754831720642,219288,12999,2,"2"
9055.3472133699397,219234,13053,3,"3"
9072.0575330358406,219216,13071,1,"1"
9074.1486076053625,219198,13089,1,"1"
9084.2358286696453,219180,13107,1,"1"
9101.2368073066355,219162,13125,1,"1"
9106.3334966816947,219144,13143,1,"1"
9112.4744883004769,219038,13249,12,"4-4-1-1-1-1"
9114.5326236805304,219002,13285,2,"1-1"
9136.8318644506908,218993,13294,1,"1"
9173.8948061800729,218975,13312,1,"1"
9176.157394955264,0,232287,12382,"12382"
----------------------------------------------1
0,232287,0,0,"0"
249.918557731985,232286,1,1,"1"
354.17656917161889,232285,2,1,"1"
462.24999694601911,232273,14,1,"1"
473.47663982476593,232255,32,1,"1"
527.70483388502714,232254,33,1,"1"
584.21948151954246,232241,46,1,"1"
588.85945367453189,232240,47,1,"1"
597.42139137651509,232239,48,1,"1"
613.94889799476528,232238,49,1,"1"
646.68289230346466,232237,50,1,"1"
647.74904550565361,232234,53,1,"1"
680.45996187617652,232232,55,2,"2"
689.42200954380598,232231,56,1,"1"
716.60124484597782,232221,66,1,"1"
731.79367539431166,232209,78,1,"1"
742.3206242004826,232208,79,1,"1"
784.64374494374738,232207,80,1,"1"
785.2434393099652,232195,92,1,"1"
790.03934961789946,232194,93,1,"1"
811.74707622086783,232192,95,2,"2"
900.39623746047016,232174,113,1,"1"
900.83880186310603,232173,114,1,"1"
902.2364322376402,232161,126,1,"1"
927.67757284751474,232160,127,1,"1"
937.16329782640264,232159,128,1,"1"
943.3906612413324,232141,146,1,"1"
952.28386316415265,232139,148,2,"1-1"
961.40473009588561,232121,166,1,"1"
970.48486777004882,232103,184,1,"1"
987.59880557978556,232085,202,1,"1"
1003.171148484053,232082,205,1,"1"
1021.1175070281359,232066,221,1,"1"
1039.3258039818638,232065,222,1,"1"
1040.7966748825775,232064,223,1,"1"
1053.5539785341257,232062,225,2,"2"
1064.4566009394807,232061,226,1,"1"
1067.47120357991,232045,242,1,"1"
1139.7782243168399,232044,243,1,"1"
1145.5174557621422,232032,255,1,"1"
1178.5781044890666,232014,273,1,"1"
1185.1401117600262,232010,277,4,"2-2"
1203.2025147388074,232009,278,1,"1"
1213.7060631932748,231991,296,1,"1"
1225.5366487100507,231990,297,1,"1"
1234.6054443433511,231972,315,1,"1"
1238.5457838874734,231954,333,1,"1"
1250.7340914638107,231944,343,1,"1"
1253.4469090175205,231943,344,1,"1"
1259.0420621336282,231942,345,1,"1"
1281.9603434824785,231924,363,1,"1"
1335.0334445025121,231918,369,2,"1-1"
1344.9576186843508,231900,387,1,"1"
1347.9510038174051,231898,389,2,"2"
1348.6011356035106,231896,391,2,"2"
1360.7073150313556,231895,392,1,"1"
1385.2131889893176,231894,393,1,"1"
1389.0076554633947,231891,396,3,"2-1"
1424.9773993361082,231886,401,1,"1"
1434.9507597403472,231885,402,1,"1"
1441.1114180676877,231884,403,1,"1"
1443.7844339113308,231882,405,2,"2"
1452.0751824145736,231877,410,1,"1"
1453.6466299103035,231876,411,1,"1"
1460.4350828886049,231875,412,1,"1"
1489.519267684482,231865,422,1,"1"
1493.8261299551068,231860,427,1,"1"
1514.8375604423884,231859,428,1,"1"
1527.4062692680343,231858,429,1,"1"
1531.8936329846804,231857,430,1,"1"
1560.2768445659303,231856,431,1,"1"
1577.5665398841575,231855,432,1,"1"
1609.6466303031295,231854,433,1,"1"
1617.8493990508464,231853,434,1,"1"
1656.8493333856466,231852,435,1,"1"
1666.4626192086382,231834,453,1,"1"
1704.7470491080103,231824,463,1,"1"
1722.7288290689187,231823,464,1,"1"
1730.2603945146466,231810,477,1,"1"
1738.9075421392192,231809,478,1,"1"
1745.2620316705957,231808,479,1,"1"
1750.0573996547848,231807,480,1,"1"
1753.8231382453685,231793,494,1,"1"
1765.60707295368,231792,495,1,"1"
1768.9457214126733,231791,496,1,"1"
1784.3638356015688,231789,498,2,"2"
1802.7099631353988,231771,516,1,"1"
1818.6841631061609,231753,534,1,"1"
1827.5359645812596,231752,535,1,"1"
1837.4645768707301,231751,536,1,"1"
1848.565506537785,231748,539,1,"1"
1851.5634806002686,231746,541,2,"2"
1851.6767818844653,231745,542,1,"1"
1865.3136288637641,231743,544,2,"2"
1877.8544865188551,231725,562,1,"1"
1882.4112497359424,231707,580,1,"1"
1885.2361609976922,231706,581,1,"1"
1889.9936868020704,231705,582,1,"1"
1901.0451914393609,231704,583,1,"1"
1902.9245172854046,231703,584,1,"1"
1902.9440250336802,231693,594,1,"1"
1912.8853887412395,231692,595,1,"1"
1917.1725160708804,231691,596,1,"1"
1944.5987895164235,231690,597,1,"1"
1951.6228197282469,231689,598,1,"1"
1956.0454245159292,231687,600,2,"2"
1969.4886055061768,231686,601,1,"1"
1980.4351853431606,231685,602,1,"1"
2020.4727343661525,231679,608,2,"2"
2029.7462449315547,231678,609,1,"1"
2032.7365203846821,231677,610,1,"1"
2073.4846987703809,231659,628,1,"1"
2114.82203673097,231647,640,4,"2-2"
2152.8998543317284,231646,641,1,"1"
2170.9413845511822,231645,642,1,"1"
2172.6397091827562,231641,646,4,"2-1-1"
2180.2656736687404,231631,656,1,"1"
2201.6294435932632,231626,661,1,"1"
2202.9794946735965,231608,679,1,"1"
2210.9656386308625,231597,690,3,"3"
2215.1082074454594,231596,691,1,"1"
2217.8151753821303,231578,709,1,"1"
2221.6052093928633,231575,712,1,"1"
2227.5159547928642,231557,730,1,"1"
2287.6764304238322,231556,731,1,"1"
2290.8142368861904,231555,732,1,"1"
2297.7440043006322,231554,733,1,"1"
2312.7966342286413,231536,751,1,"1"
2331.431009647571,231531,756,3,"2-1"
2335.5334145866168,231530,757,1,"1"
2343.8569272428072,231527,760,1,"1"
2371.1621060901493,231526,761,1,"1"
2376.7711899325227,231517,770,5,"1-1-1-1-1"
2421.6494947853548,231499,788,1,"1"
2424.8706572458418,231481,806,1,"1"
2427.6158989744404,231457,830,2,"2"
2435.5247251088372,231455,832,2,"2"
2437.1396642966715,231454,833,1,"1"
2448.4173183668981,231451,836,1,"1"
2451.2849041075792,231450,837,1,"1"
2467.1613520172582,231432,855,1,"1"
2472.8045210115984,231431,856,1,"1"
2486.824964743862,231424,863,1,"1"
2519.0686185584113,231420,867,2,"1-1"
2532.5986444608798,231413,874,1,"1"
2557.80075222806,231412,875,1,"1"
2560.6317747977773,231411,876,1,"1"
2608.0075708128829,231393,894,1,"1"
2621.6523934976763,231389,898,2,"2"
2625.371011653865,231388,899,1,"1"
2632.1562290504389,231387,900,1,"1"
2639.3281493090385,231381,906,2,"2"
2663.3534147485807,231379,908,2,"2"
2686.6898294998959,231361,926,1,"1"
2697.7010850063511,231360,927,1,"1"
2721.3634677812647,231359,928,1,"1"
2743.4493869184303,231355,932,4,"4"
2766.0402679506651,231354,933,1,"1"
2771.2870382463761,231353,934,1,"1"
2779.2537181444645,231347,940,2,"2"
2782.8940979525782,231346,941,1,"1"
2792.8930901276844,231343,944,1,"1"
2797.2331775125635,231333,954,1,"1"
2847.1254638211908,231315,972,1,"1"
2855.7669749407146,231312,975,1,"1"
2859.6125034239835,231311,976,1,"1"
2862.8602025028449,231308,979,1,"1"
2865.6260068431616,231292,995,1,"1"
2878.5395898801053,231289,998,3,"3"
2908.7976663912168,231271,1016,1,"1"
2910.5527983350239,231270,1017,1,"1"
2923.1947329503778,231266,1021,2,"2"
2942.4785954213498,231265,1022,1,"1"
2949.3336163130912,231251,1036,1,"1"
2953.2047262138326,231248,1039,1,"1"
2966.5609466017941,231247,1040,1,"1"
2968.2142863506351,231229,1058,1,"1"
2985.1715381466024,231211,1076,1,"1"
2998.9345392049208,231202,1085,3,"3"
3004.0989658086191,231196,1091,2,"2"
3008.7840933766306,231178,1109,1,"1"
3014.8273665791644,231160,1127,1,"1"
3031.2136755835959,231159,1128,1,"1"
3038.4416794665217,231141,1146,1,"1"
3046.9830129552702,231140,1147,1,"1"
3058.3987092848324,231139,1148,1,"1"
3060.6487818500345,231136,1151,1,"1"
3074.4528242442593,231106,1181,2,"2"
3093.8600153897555,231088,1199,1,"1"
3098.9116789023542,231082,1205,2,"2"
3122.0412791131225,231081,1206,1,"1"
3132.8981834934534,231076,1211,1,"1"
3142.0961468971423,231058,1229,1,"1"
3184.2177466801304,231053,1234,1,"1"
3193.7896644849529,231035,1252,1,"1"
3195.2815171468819,230999,1288,2,"2"
3200.3296912018486,230996,1291,1,"1"
3224.8133881690464,230995,1292,1,"1"
3233.9665830492308,230992,1295,3,"2-1"
3234.5556538514934,230982,1305,1,"1"
3292.8498756586782,230972,1315,1,"1"
3322.1217048323651,230954,1333,1,"1"
3331.9022851386289,230943,1344,1,"1"
3334.5113406477053,230933,1354,1,"1"
3356.9295311009773,230928,1359,1,"1"
3363.192160881677,230921,1366,1,"1"
3371.3260112251628,230916,1371,1,"1"
3384.4004401151269,230898,1389,1,"1"
3403.662758780014,230880,1407,1,"1"
3407.5177035636575,230862,1425,1,"1"
3413.945174002245,230853,1434,1,"1"
3421.4820751220536,230835,1452,1,"1"
3422.0222080142826,230817,1470,1,"1"
3434.3514764238926,230800,1487,1,"1"
3469.1928278336313,230797,1490,1,"1"
3491.7205761943246,230779,1508,1,"1"
3496.8857383081163,230774,1513,1,"1"
3497.3871629774826,230756,1531,1,"1"
3514.1389247819629,230741,1546,5,"5"
3522.6820073983458,230729,1558,1,"1"
3557.52847968168,230719,1568,2,"1-1"
3559.9893669644557,230716,1571,1,"1"
3606.7521669286193,230698,1589,1,"1"
3614.6866533290236,230680,1607,1,"1"
3624.8173632230591,230679,1608,1,"1"
3640.1314936873205,230677,1610,2,"2"
3662.7889807980478,230667,1620,2,"2"
3664.0073841298981,230649,1638,1,"1"
3687.0846316652483,230631,1656,1,"1"
3687.9606686099755,230626,1661,1,"1"
3701.0504577295724,230621,1666,1,"1"
3717.4176076733102,230611,1676,1,"1"
3739.11574177479,230596,1691,1,"1"
3747.9702303723338,230586,1701,1,"1"
3749.4215183460278,230568,1719,1,"1"
3751.2669548907024,230558,1729,1,"1"
3753.6860158568043,230540,1747,1,"1"
3765.8508415415695,230523,1764,1,"1"
3769.6774537744882,230513,1774,1,"1"
3791.7760745305895,230495,1792,1,"1"
3825.4600959823074,230477,1810,1,"1"
3828.5109289880129,230459,1828,1,"1"
3834.0688269153557,230441,1846,1,"1"
3839.7811790112655,230423,1864,1,"1"
3882.6033325679105,230418,1869,1,"1"
3886.7773586795324,230400,1887,1,"1"
3914.1631636602965,230388,1899,2,"1-1"
3925.7850428461725,230378,1909,1,"1"
3936.140881699665,230360,1927,1,"1"
3977.8760817158418,230350,1937,1,"1"
3995.7724031897451,230332,1955,1,"1"
4015.2804164743247,230329,1958,1,"1"
4026.9499247539256,230319,1968,1,"1"
4031.2204333909699,230314,1973,1,"1"
4031.3896179952676,230309,1978,1,"1"
4035.2968603526456,230304,1983,1,"1"
4057.5587567674097,230286,2001,1,"1"
4061.8738928717539,230251,2036,2,"1-1"
4078.6172384543925,230244,2043,1,"1"
4079.2976925143635,230226,2061,1,"1"
4110.4822485698696,230215,2072,1,"1"
4151.6163406646538,230185,2102,2,"1-1"
4159.9054738858013,230182,2105,1,"1"
4160.9495868070944,230164,2123,1,"1"
4173.7574361799207,230154,2133,2,"1-1"
4177.2973373331106,230147,2140,1,"1"
4191.8567031219736,230144,2143,1,"1"
4201.2516073418683,230126,2161,1,"1"
4205.0526071522272,230108,2179,1,"1"
4236.9182276098791,230103,2184,1,"1"
4290.7434498810926,230085,2202,1,"1"
4293.5365528252478,230067,2220,1,"1"
4328.8734242214723,230049,2238,1,"1"
4330.9637012772382,230046,2241,1,"1"
4371.5614584182176,230041,2246,1,"1"
4382.2168676840547,230036,2251,1,"1"
4397.2607165460395,230024,2263,1,"1"
4400.4165006796175,230019,2268,1,"1"
4424.855016603894,230001,2286,1,"1"
4438.3085234959244,229983,2304,1,"1"
4450.8232793219404,229965,2322,1,"1"
4455.5617720777918,229947,2340,1,"1"
4480.8246601025139,229944,2343,1,"1"
4511.5254947558924,229927,2360,1,"1"
4530.639007441715,229909,2378,1,"1"
4535.3911233904928,229891,2396,1,"1"
4537.6799096101477,229873,2414,1,"1"
4550.3009470280913,229855,2432,1,"1"
4557.4884885807687,229850,2437,1,"1"
4568.1667480524238,229832,2455,1,"1"
4580.8583752141085,229814,2473,1,"1"
4588.7084606727931,229811,2476,1,"1"
4595.4516951954101,229793,2494,4,"2-1-1"
4600.0464361200038,229775,2512,1,"1"
4602.7361719928722,229770,2517,1,"1"
4605.8319579117033,229752,2535,1,"1"
4621.8700196437294,229720,2567,2,"1-1"
4630.1393038777624,229710,2577,2,"2"
4641.5114299589222,229692,2595,1,"1"
4670.4910427634932,229689,2598,1,"1"
4672.6718502115955,229686,2601,1,"1"
4680.9111562604994,229677,2610,1,"1"
4691.3550753996542,229659,2628,1,"1"
4704.0686516693067,229647,2640,1,"1"
4704.6528484301743,229629,2658,1,"1"
4704.9845518272605,229624,2663,1,"1"
4718.2413004371701,229615,2672,1,"1"
4748.9787153684911,229609,2678,2,"2"
4755.7987652558231,229599,2688,2,"2"
4780.6412554865974,229581,2706,1,"1"
4791.8932339481289,229572,2715,1,"1"
4801.2686109209926,229554,2733,1,"1"
4823.0007257855113,229536,2751,1,"1"
4846.134887267488,229527,2760,1,"1"
4849.9596836929086,229509,2778,1,"1"
4879.2049588451964,229506,2781,1,"1"
4896.1956972152811,229492,2795,2,"2"
4903.2207931155053,229474,2813,1,"1"
4905.821691912739,229469,2818,1,"1"
4912.291683401736,229435,2852,3,"2-1"
4913.8682481427359,229418,2869,1,"1"
4923.8893818727511,229413,2874,1,"1"
4923.9351279809352,229399,2888,1,"1"
4924.02995393746,229396,2891,1,"1"
4939.4526879679106,229382,2905,1,"1"
4955.3579228963026,229369,2918,1,"1"
4969.3761700777068,229351,2936,1,"1"
4976.2075782593165,229333,2954,1,"1"
4995.8362174235081,229330,2957,1,"1"
5059.4204277748531,229318,2969,4,"3-1"
5066.3985840646783,229300,2987,1,"1"
5109.9134301446775,229290,2997,1,"1"
5127.3745554279012,229272,3015,1,"1"
5141.6137917266851,229267,3020,1,"1"
5167.6958540257256,229251,3036,1,"1"
5182.4595024696409,229233,3054,1,"1"
5195.8643142134988,229215,3072,1,"1"
5196.0526365088899,229189,3098,6,"4-1-1"
5198.5371727704796,229171,3116,1,"1"
5212.6733447212891,229153,3134,1,"1"
5222.3148070882662,229136,3151,1,"1"
5241.7287039757684,229123,3164,3,"2-1"
5244.5269275036253,229106,3181,1,"1"
5251.1481097274072,229100,3187,2,"1-1"
5252.2522419003608,229097,3190,1,"1"
5263.704150450264,229083,3204,1,"1"
5299.2730333793352,229063,3224,2,"2"
5304.7993186851063,229056,3231,1,"1"
5312.7258832765183,229047,3240,1,"1"
5322.1216845744002,229017,3270,2,"2"
5323.7813424646147,229001,3286,1,"1"
5335.0278969269521,228983,3304,1,"1"
5383.481119082986,228980,3307,1,"1"
5388.5585117475712,228975,3312,1,"1"
5398.0520355031476,228957,3330,1,"1"
5409.5894993038837,228940,3347,1,"1"
5430.2107193191487,228922,3365,1,"1"
5430.5951792486003,228904,3383,1,"1"
5439.7755670628085,228892,3395,1,"1"
5458.5638186042379,228874,3413,1,"1"
5513.2138912659857,228860,3427,1,"1"
5518.5199168703966,228857,3430,1,"1"
5521.9082194755219,228839,3448,1,"1"
5553.8955221565775,228821,3466,1,"1"
5554.152209286679,228815,3472,2,"2"
5557.8362010026094,228807,3480,2,"1-1"
5590.9732772081616,228802,3485,1,"1"
5610.1416408289488,228784,3503,1,"1"
5620.0948119938676,228766,3521,1,"1"
5646.1032130596077,228748,3539,1,"1"
5646.9754959342245,228730,3557,1,"1"
5648.8957700075671,228725,3562,1,"1"
5654.6927872989545,228716,3571,1,"1"
5661.8931130907267,228704,3583,1,"1"
5676.2885238936487,228690,3597,1,"1"
5680.5507299591345,228676,3611,1,"1"
5687.3721669601555,228666,3621,2,"2"
5708.6048243808737,228648,3639,1,"1"
5721.4909447405853,228635,3652,1,"1"
5747.8029832977591,228619,3668,1,"1"
5754.4804467248077,228591,3696,6,"3-2-1"
5780.2063968760676,228579,3708,1,"1"
5783.5441868182543,228561,3726,1,"1"
5796.9019132618569,228537,3750,2,"1-1"
5800.9534394873408,228519,3768,1,"1"
5821.5365473963984,228501,3786,1,"1"
5850.7322971092026,228482,3805,3,"1-1-1"
5851.2985884403497,228470,3817,2,"1-1"
5858.371306927761,228444,3843,2,"2"
5922.1020142415218,228427,3860,1,"1"
5934.2050191925418,228391,3896,2,"1-1"
5936.1054963076522,228373,3914,1,"1"
5959.2415897721376,228370,3917,1,"1"
5975.7979329817053,228352,3935,1,"1"
5999.7344848870807,228344,3943,2,"1-1"
6004.7328952671596,228334,3953,1,"1"
6029.1917776942892,228298,3989,2,"1-1"
6031.4116253210914,228273,4014,3,"1-1-1"
6043.3513349970463,228250,4037,3,"2-1"
6044.6905097461959,228232,4055,1,"1"
6059.700098842226,228214,4073,1,"1"
6068.9209034387677,228196,4091,1,"1"
6070.2102252103914,228178,4109,1,"1"
6080.1924246963863,228160,4127,1,"1"
6086.2342736278697,228142,4145,1,"1"
6099.1495615750628,228124,4163,1,"1"
6114.9959887645291,228110,4177,2,"1-1"
6120.1382671960946,228074,4213,2,"1-1"
6156.9618253142626,228059,4228,3,"3"
6165.6493818024701,228041,4246,1,"1"
6167.5045709687929,228029,4258,2,"2"
6196.5122143612107,228011,4276,1,"1"
6197.4614638355697,228006,4281,1,"1"
6200.5631777015615,227999,4288,1,"1"
6205.2157355384688,227994,4293,1,"1"
6210.4751148276446,227975,4312,3,"3"
6217.6103303078562,227970,4317,1,"1"
6227.5643897909513,227952,4335,1,"1"
6244.726330444706,227926,4361,4,"2-2"
6257.0134230482599,227923,4364,1,"1"
6271.3408772603489,227913,4374,1,"1"
6272.4087849810794,227895,4392,1,"1"
6273.1742691350873,227886,4401,1,"1"
6273.1744041435795,227868,4419,1,"1"
6279.5654884444239,227852,4435,1,"1"
6282.3665997298922,227828,4459,2,"2"
6284.6941721194371,227810,4477,1,"1"
6288.9581496258425,227807,4480,1,"1"
6306.9863285809479,227784,4503,3,"1-1-1"
6337.1150461262996,227766,4521,2,"2"
6346.0489677256719,227763,4524,1,"1"
6347.0157341031809,227738,4549,3,"3"
6354.1242621790643,227718,4569,2,"2"
6355.8387554075434,227700,4587,1,"1"
6358.7183539497219,227688,4599,1,"1"
6382.3556106829374,227670,4617,1,"1"
6386.1611756361217,227652,4635,1,"1"
6397.5090711682678,227634,4653,1,"1"
6411.0706464860205,227616,4671,1,"1"
6416.6710425756573,227598,4689,1,"1"
6420.3499188868782,227580,4707,1,"1"
6421.5787540936353,227570,4717,1,"1"
6423.7942088814807,227562,4725,2,"1-1"
6436.0089696964806,227544,4743,1,"1"
6454.6745134602133,227538,4749,2,"2"
6456.7790410574644,227520,4767,1,"1"
6480.560907585811,227517,4770,1,"1"
6495.6985342662801,227499,4788,1,"1"
6498.5740011943353,227481,4806,1,"1"
6513.2126955441954,227476,4811,1,"1"
6526.3490174468589,227467,4820,1,"1"
6550.319144590806,227431,4856,2,"1-1"
6562.527508951438,227413,4874,1,"1"
6574.1682234684931,227386,4901,5,"4-1"
6574.282885833697,227376,4911,1,"1"
6579.1872268574298,227312,4975,5,"5"
6582.1588728326133,227302,4985,2,"2"
6612.0862433060402,227272,5015,2,"2"
6621.4265590561217,227254,5033,1,"1"
6664.9291578562979,227236,5051,1,"1"
6665.1307211830099,227227,5060,1,"1"
6694.4530877077977,227217,5070,1,"1"
6699.4957797904963,227214,5073,1,"1"
6727.1522697611899,227211,5076,1,"1"
6735.6558951367551,227175,5112,2,"2"
6744.2276322167809,227157,5130,1,"1"
6750.1074068625348,227148,5139,1,"1"
6754.5672429215811,227130,5157,1,"1"
6763.564502212158,227112,5175,1,"1"
6767.4548202906835,227094,5193,1,"1"
6774.1868138903519,227076,5211,1,"1"
6775.8878661458075,227056,5231,4,"3-1"
6784.3375178201049,227028,5259,2,"2"
6785.6845392189834,227010,5277,1,"1"
6786.3638410439025,227007,5280,1,"1"
6803.2125586459069,226989,5298,1,"1"
6814.5570014938676,226984,5303,1,"1"
6820.1805951575116,226966,5321,1,"1"
6820.7981147301889,226948,5339,1,"1"
6823.8162670540742,226930,5357,1,"1"
6828.4039833683037,226920,5367,2,"2"
6829.5098156042486,226910,5377,1,"1"
6835.2401699287984,226892,5395,1,"1"
6840.3733429770054,226885,5402,1,"1"
6874.3375344189935,226872,5415,3,"3"
6882.3450002613381,226869,5418,1,"1"
6889.9769814565425,226845,5442,2,"1-1"
6898.9868118961213,226842,5445,1,"1"
6899.2012875484797,226808,5479,3,"2-1"
6900.0730854216754,226790,5497,1,"1"
6919.4311201850132,226738,5549,4,"3-1"
6921.7223360122453,226726,5561,1,"1"
6939.4454950499075,226708,5579,1,"1"
6946.1149305493363,226672,5615,2,"1-1"
6977.7612173126818,226654,5633,1,"1"
6994.9745810348686,226637,5650,1,"1"
7004.3540436008198,226619,5668,1,"1"
7029.4304394711735,226601,5686,1,"1"
7039.3412365135418,226583,5704,4,"3-1"
7040.1598854799604,226565,5722,1,"1"
7049.2888104201566,226556,5731,1,"1"
7056.0166499081906,226546,5741,2,"2"
7078.8874141047945,226510,5777,2,"2"
7084.5684089680663,226492,5795,1,"1"
7108.7784064575389,226485,5802,1,"1"
7135.411913372347,226470,5817,3,"2-1"
7141.5722468915565,226452,5835,1,"1"
7165.9192914147807,226424,5863,2,"1-1"
7174.0109288492904,226367,5920,7,"5-2"
7180.1460261455331,226362,5925,1,"1"
7183.5773960112338,226344,5943,1,"1"
7188.3399113240639,226326,5961,1,"1"
7200.7138297037327,226321,5966,1,"1"
7201.9658282136179,226318,5969,1,"1"
7205.8940552577096,226308,5979,2,"2"
7217.8486753831248,226290,5997,1,"1"
7218.7700977387476,226272,6015,1,"1"
7232.2847772658697,226260,6027,1,"1"
7255.3237331488162,226246,6041,1,"1"
7255.9452503579514,226243,6044,1,"1"
7262.2322950528987,226232,6055,1,"1"
7263.9064961181666,226213,6074,3,"3"
7280.8636570841509,226195,6092,1,"1"
7287.3452073795033,226182,6105,1,"1"
7288.3351086792827,226177,6110,1,"1"
7293.1298539596319,226116,6171,8,"3-2-2-1"
7297.0061845900955,226098,6189,1,"1"
7319.6212881277843,226088,6199,1,"1"
7338.8810066351134,226070,6217,1,"1"
7346.9030984096235,226052,6235,1,"1"
7348.2526575618231,226049,6238,1,"1"
7364.967212471528,226031,6256,1,"1"
7408.2901750581341,226013,6274,1,"1"
7412.5896775975061,225969,6318,6,"2-2-1-1"
7415.4625181384281,225962,6325,1,"1"
7422.7297754856518,225952,6335,1,"1"
7423.2361145059594,225915,6372,7,"2-2-2-1"
7434.8760221803323,225905,6382,2,"1-1"
7449.9284223673394,225888,6399,1,"1"
7449.9710547502218,225878,6409,2,"2"
7450.512549284148,225869,6418,1,"1"
7481.1103923381761,225864,6423,1,"1"
7484.9449640565044,225846,6441,1,"1"
7496.375201579137,225828,6459,1,"1"
7514.5484330383861,225817,6470,1,"1"
7523.4432224683605,225799,6488,1,"1"
7529.2840147092393,225783,6504,1,"1"
7532.9661146174058,225747,6540,2,"2"
7538.7775810554685,225729,6558,1,"1"
7557.2052564565483,225711,6576,1,"1"
7570.6466168348288,225693,6594,1,"1"
7581.9764032950661,225677,6610,1,"1"
7593.725019659706,225659,6628,1,"1"
7604.843753306478,225641,6646,1,"1"
7628.2426066085063,225623,6664,1,"1"
7631.3940080808643,225603,6684,2,"2"
7635.6398965270118,225585,6702,1,"1"
7636.5949256076556,225567,6720,1,"1"
7645.8466322160839,225549,6738,1,"1"
7651.7248691963314,225499,6788,6,"4-2"
7667.8315949272237,225489,6798,1,"1"
7688.7214866798377,225471,6816,1,"1"
7697.4522967743787,225453,6834,1,"1"
7701.6003303202151,225435,6852,1,"1"
7702.5459680393778,225417,6870,1,"1"
7714.3104508017086,225399,6888,1,"1"
7716.8411533800017,225390,6897,1,"1"
7718.1697201911311,225370,6917,2,"2"
7721.6024534804592,225352,6935,1,"1"
7733.7343715956313,225334,6953,1,"1"
7750.5068144704728,225316,6971,1,"1"
7762.2994417794835,225226,7061,5,"3-1-1"
7779.2396648131917,225178,7109,4,"2-1-1"
7789.3867400506106,225160,7127,1,"1"
7797.2772831951543,225142,7145,1,"1"
7806.2061988256564,225106,7181,2,"1-1"
7811.462949468988,225094,7193,1,"1"
7817.174562691097,225064,7223,6,"5-1"
7821.3046566027833,225046,7241,1,"1"
7829.3482465896877,225037,7250,1,"1"
7831.9623740087136,225005,7282,2,"2"
7843.1016633464142,224939,7348,8,"2-2-1-1-1-1"
7844.3473441950773,224921,7366,1,"1"
7849.1251613821223,224903,7384,1,"1"
7855.8292868643039,224896,7391,1,"1"
7859.5679164745688,224878,7409,1,"1"
7862.3527042028736,224842,7445,2,"2"
7862.5256332018416,224824,7463,1,"1"
7889.9581687222026,224810,7477,1,"1"
7896.1781103411631,224792,7495,1,"1"
7904.3625289373313,224787,7500,1,"1"
7912.9270158397139,224776,7511,1,"1"
7921.4385693209906,224758,7529,1,"1"
7931.4029001755425,224740,7547,1,"1"
7964.2390686426388,224704,7583,2,"1-1"
7965.1827968894941,224686,7601,1,"1"
7965.9788765863532,224668,7619,1,"1"
7993.5038448950309,224658,7629,2,"2"
7998.7232062084631,224640,7647,1,"1"
8016.1531658051936,224626,7661,1,"1"
8016.9910929509524,224608,7679,1,"1"
8020.3795011312004,224590,7697,1,"1"
8020.8985299852175,224572,7715,1,"1"
8031.6549425687044,224554,7733,1,"1"
8033.3109524572301,224486,7801,5,"4-1"
8037.8233505707312,224472,7815,1,"1"
8039.0606547718371,224447,7840,5,"2-1-1-1"
8042.5194962646065,224429,7858,1,"1"
8048.6568141157622,224393,7894,2,"1-1"
8053.8666397271591,224375,7912,1,"1"
8074.8144022900269,224357,7930,2,"2"
8080.3589270323137,224348,7939,1,"1"
8082.0883239420345,224330,7957,1,"1"
8084.2513311692501,224320,7967,2,"2"
8085.0471791090631,224302,7985,1,"1"
8091.7134132484862,224292,7995,1,"1"
8095.2954910661119,224269,8018,3,"3"
8096.3956205582499,224122,8165,17,"4-3-2-2-2-1-1-1-1"
8113.0199523730262,224090,8197,4,"2-2"
8149.2949756724393,224062,8225,2,"1-1"
8170.3618038628347,224051,8236,1,"1"
8172.4016702076915,224033,8254,1,"1"
8179.0708745647635,224015,8272,1,"1"
8189.0833300088962,224008,8279,1,"1"
8191.3578631472683,223999,8288,1,"1"
8195.4786171446212,223983,8304,1,"1"
8196.3245678247258,223911,8376,4,"4"
8206.5433048497016,223893,8394,1,"1"
8206.5919596729746,223888,8399,1,"1"
8211.5461594221761,223876,8411,1,"1"
8213.0447530857728,223861,8426,3,"3"
8226.5265015973091,223837,8450,2,"2"
8232.3398792165881,223819,8468,1,"1"
8247.0281017504931,223731,8556,7,"3-1-1-1-1"
8253.9712897409645,223713,8574,1,"1"
8279.6783841104334,223695,8592,1,"1"
8279.8177062832492,223677,8610,2,"1-1"
8286.7694512426751,223672,8615,1,"1"
8291.347086898284,223654,8633,1,"1"
8291.3578903855087,223636,8651,1,"1"
8295.6911745846155,223601,8686,5,"4-1"
8321.3042845546533,223583,8704,1,"1"
8328.309225380066,223569,8718,1,"1"
8340.5223830347768,223551,8736,1,"1"
8346.823553061442,223546,8741,1,"1"
8353.2291679842947,223528,8759,1,"1"
8355.0759808056846,223518,8769,1,"1"
8360.7626602922719,223500,8787,1,"1"
8368.5018343726424,223464,8823,2,"1-1"
8381.3850707451074,223401,8886,7,"3-2-1-1"
8383.5808557729142,223383,8904,1,"1"
8387.0564595861397,223365,8922,1,"1"
8387.7280871605526,223347,8940,1,"1"
8396.5266141639586,223225,9062,14,"4-3-2-1-1-1-1-1"
8410.9121139025701,223207,9080,1,"1"
8430.1975814550406,223183,9104,2,"2"
8455.3391226568783,223165,9122,1,"1"
8464.4318490136793,223111,9176,4,"2-1-1"
8470.580333246804,223098,9189,1,"1"
8472.8886647287909,223054,9233,4,"2-1-1"
8487.8290417897424,223036,9251,1,"1"
8488.1651663077155,222984,9303,8,"3-3-1-1"
8499.7609788476875,222960,9327,2,"1-1"
8503.1270312666475,222920,9367,3,"1-1-1"
8518.1508405226814,222877,9410,5,"2-2-1"
8522.3365244631404,222859,9428,1,"1"
8532.9858187782429,222841,9446,1,"1"
8533.6568437439055,222823,9464,1,"1"
8536.5074100122929,222781,9506,3,"2-1"
8539.4684459226009,222763,9524,1,"1"
8541.0656197948883,222752,9535,1,"1"
8543.1029311628245,222734,9553,2,"2"
8543.2056395403961,222700,9587,2,"1-1"
8543.8477262093274,222682,9605,1,"1"
8544.7825851656216,222668,9619,2,"1-1"
8550.7630304785816,222658,9629,1,"1"
8559.7665412159095,222586,9701,5,"3-1-1"
8560.8297996156307,222568,9719,1,"1"
8561.4909376114792,222527,9760,4,"2-2"
8565.8654156887042,222509,9778,1,"1"
8573.4087058269197,222479,9808,3,"1-1-1"
8576.9590185659654,222457,9830,2,"2"
8594.3219207953134,222188,10099,28,"4-3-3-3-2-2-1-1-1-1-1-1-1-1-1-1-1"
8596.6997372836286,222170,10117,1,"1"
8608.999826754105,222115,10172,5,"3-1-1"
8610.9014541688193,222061,10226,3,"2-1"
8617.0482751483032,222052,10235,1,"1"
8617.3835166665758,222034,10253,1,"1"
8617.4326905898743,222020,10267,1,"1"
8625.886571777226,221986,10301,4,"3-1"
8631.0006294774084,221970,10317,1,"1"
8647.3994536896225,221934,10353,2,"1-1"
8649.8008240236541,221916,10371,1,"1"
8661.9894178332233,221907,10380,1,"1"
8672.1656309575519,221889,10398,1,"1"
8684.2547285032924,221871,10416,1,"1"
8689.1298042103117,221845,10442,2,"2"
8695.5209518663505,221827,10460,1,"1"
8700.3420796046066,221761,10526,6,"3-2-1"
8715.26854507805,221729,10558,4,"1-1-1-1"
8722.0826227297766,221711,10576,1,"1"
8722.4217627673024,221681,10606,2,"2"
8722.9988794183064,221645,10642,2,"1-1"
8723.7039004318958,221531,10756,7,"2-2-1-1-1"
8730.1490339623269,221485,10802,4,"2-2"
8742.3425300965373,221464,10823,3,"2-1"
8744.7666965100307,221402,10885,4,"1-1-1-1"
8746.9562412305095,221386,10901,2,"2"
8756.3546696166159,221368,10919,1,"1"
8759.360970650745,221350,10937,1,"1"
8759.6224450597401,221340,10947,1,"1"
8764.2908220020763,221329,10958,1,"1"
8765.5308607554234,221269,11018,4,"2-2"
8776.245869390099,221251,11036,1,"1"
8787.0256728366403,221233,11054,1,"1"
8808.5026640014003,221217,11070,1,"1"
8809.9135202451089,221199,11088,1,"1"
8823.5898119945214,221181,11106,1,"1"
8828.749832461026,221163,11124,1,"1"
8830.2704843839838,221145,11142,1,"1"
8841.5770101996222,221127,11160,1,"1"
8853.1850153183514,221109,11178,1,"1"
8853.3310810364765,221099,11188,1,"1"
8876.2464664845047,221092,11195,1,"1"
8884.04264538395,221056,11231,3,"3"
8886.9702898229571,221038,11249,1,"1"
8891.0110706707419,221027,11260,1,"1"
8903.7106209448993,221009,11278,1,"1"
8908.4950621264179,220977,11310,2,"2"
8910.8594482631288,220878,11409,9,"7-1-1"
8928.4937133759286,220828,11459,6,"4-1-1"
8934.2093646760113,220810,11477,1,"1"
8950.5042164575116,220799,11488,1,"1"
8954.4640134779311,220781,11506,1,"1"
8955.6890810094374,220763,11524,1,"1"
8962.5595975014003,220745,11542,2,"2"
8964.004185112206,220727,11560,1,"1"
8966.2392470847863,220668,11619,5,"2-1-1-1"
8966.3948596103746,220590,11697,8,"4-2-1-1"
8971.8274255642045,220576,11711,1,"1"
8975.2679438158648,220558,11729,1,"1"
8982.7188933450361,220524,11763,2,"2"
8985.4932900993063,220515,11772,1,"1"
8989.8800444306144,220001,12286,50,"6-4-4-4-4-3-2-2-2-2-2-2-2-2-1-1-1-1-1-1-1-1-1"
8999.9750132961308,219991,12296,1,"1"
9004.6648076251749,219978,12309,1,"1"
9010.8433538870886,219960,12327,1,"1"
9017.9812239078619,219924,12363,2,"2"
9020.5444778273431,219889,12398,3,"2-1"
9029.8820920152812,219878,12409,1,"1"
9035.5374268278374,219860,12427,1,"1"
9044.6065701727875,219842,12445,1,"1"
9066.7283253359001,219835,12452,1,"1"
9072.0742170789763,219817,12470,1,"1"
9074.7230410710436,219803,12484,1,"1"
9103.1156513723508,219767,12520,2,"2"
9111.6508120660128,219749,12538,1,"1"
9117.3902188574975,219739,12548,1,"1"
9124.3260943130335,219709,12578,2,"2"
9125.0794270570532,219700,12587,1,"1"
9125.6389188023295,219672,12615,2,"2"
9133.5708020614693,219602,12685,6,"4-2"
9153.9373252933929,219372,12915,20,"3-2-2-2-2-1-1-1-1-1-1-1-1-1"
9168.5454749084838,219361,12926,1,"1"
9174.9189974760702,219344,12943,1,"1"
9176.9082371527238,219326,12961,1,"1"
9180.7387521391975,219317,12970,1,"1"
9182.5580971990494,219299,12988,1,"1"
9190.5018398950288,219281,13006,1,"1"
9191.9364499787644,219060,13227,19,"4-3-3-1-1-1-1-1-1-1-1-1"
9192.2321491473685,219042,13245,1,"1"
9209.0215319254803,219022,13265,2,"2"
9218.4272852109279,219004,13283,1,"1"
9227.2996651293633,218986,13301,1,"1"
9228.5113095036158,218968,13319,1,"1"
9250.4020529578502,218794,13493,12,"5-2-1-1-1-1-1"
9258.9538253297633,218760,13527,4,"3-1"
9259.2454385791953,218742,13545,1,"1"
9268.6807193396089,218724,13563,1,"1"
9278.6073995321058,218706,13581,1,"1"
9290.2346626455219,218609,13678,9,"6-2-1"
9320.0015873611464,218577,13710,2,"2"
9323.7012412472995,218557,13730,2,"2"
9329.8312144982665,218539,13748,1,"1"
9348.4561690942755,218521,13766,1,"1"
9352.2487283146547,218503,13784,1,"1"
9356.4075387542798,218474,13813,2,"1-1"
9365.8598260579856,218438,13849,2,"2"
9368.9175564532561,218426,13861,1,"1"
9372.347821440535,218416,13871,1,"1"
9392.7498447348498,218321,13966,8,"3-3-1-1"
9393.9067964065853,218290,13997,3,"1-1-1"
9397.7612367005513,218264,14023,2,"2"
9408.5524936442562,218246,14041,1,"1"
9411.5568506406798,218230,14057,1,"1"
9412.543318178632,218212,14075,1,"1"
9417.5599565621196,218194,14093,1,"1"
9424.0952976372919,218158,14129,2,"2"
9425.3503443588124,218140,14147,1,"1"
9426.7940590510643,218062,14225,6,"2-2-1-1"
9438.8589131217141,217638,14649,33,"7-5-4-4-2-2-2-2-1-1-1-1-1"
9449.1870089256972,217620,14667,1,"1"
9457.0309780475054,217414,14873,17,"5-3-2-2-2-1-1-1"
9457.697632926569,217396,14891,1,"1"
9466.30443524769,0,232287,12232,"12232"
----------------------------------------------2
0,232287,0,0,"0"
214.71615774661061,232286,1,1,"1"
246.22904038198314,232281,6,1,"1"
395.38455247357933,232263,24,1,"1"
446.30433551611247,232261,26,2,"2"
493.83048425271039,232243,44,1,"1"
505.85693842031543,232242,45,1,"1"
653.10967686513163,232241,46,1,"1"
673.98769442271214,232240,47,1,"1"
696.10116118243411,232239,48,1,"1"
716.55168025566854,232238,49,1,"1"
724.945602730122,232237,50,1,"1"
754.35056522764353,232222,65,1,"1"
786.65137209503951,232221,66,1,"1"
824.91625101813031,232220,67,1,"1"
835.90688656989846,232216,71,2,"2"
839.5495230968188,232211,76,1,"1"
864.25615769211231,232193,94,1,"1"
879.71569463262438,232192,95,1,"1"
885.47971064550586,232191,96,1,"1"
919.83477081940521,232173,114,1,"1"
936.87904093770055,232155,132,1,"1"
952.44841531983718,232154,133,1,"1"
1024.7847873940079,232152,135,2,"2"
1030.8786796519851,232149,138,1,"1"
1050.0240546351356,232148,139,1,"1"
1058.5219164029661,232147,140,1,"1"
1077.7423694648687,232146,141,1,"1"
1086.958327650244,232145,142,1,"1"
1094.7420603765731,232144,143,1,"1"
1128.6741574272287,232143,144,1,"1"
1147.4380472725916,232142,145,1,"1"
1151.9570095327269,232139,148,3,"3"
1168.6966027250546,232138,149,1,"1"
1171.0355443063756,232137,150,1,"1"
1194.5765800403615,232134,153,1,"1"
1202.5159207154165,232116,171,1,"1"
1246.1901426275008,232113,174,3,"1-1-1"
1269.5323152717035,232111,176,2,"2"
1277.332707267062,232101,186,1,"1"
1316.4462305159216,232098,189,1,"1"
1337.2363196185772,232097,190,1,"1"
1362.6831369584459,232082,205,3,"3"
1391.041863716958,232079,208,1,"1"
1391.0993919716557,232075,212,2,"1-1"
1415.5252043418272,232066,221,1,"1"
1420.7421261283098,232065,222,1,"1"
1445.0336105560284,232064,223,1,"1"
1445.3690164476263,232063,224,1,"1"
1474.1327273584327,232054,233,3,"2-1"
1484.2429796156332,232052,235,2,"2"
1518.0652849289963,232051,236,1,"1"
1524.0418732233875,232037,250,1,"1"
1529.0978505043545,232036,251,1,"1"
1535.7311730466017,232035,252,1,"1"
1539.393690810309,232030,257,1,"1"
1543.3006036275892,232012,275,1,"1"
1545.2398462358892,231994,293,1,"1"
1545.4575062832487,231993,294,1,"1"
1554.073705961225,231989,298,2,"2"
1575.7926423486847,231986,301,1,"1"
1576.6964233872261,231985,302,1,"1"
1585.4258209973291,231975,312,1,"1"
1591.0822105557459,231957,330,1,"1"
1595.0654278214804,231955,332,2,"2"
1597.43451615903,231954,333,1,"1"
1601.4870905181988,231936,351,1,"1"
1603.2189102220873,231918,369,1,"1"
1605.5702122008688,231917,370,1,"1"
1629.0081848446337,231916,371,1,"1"
1650.7405292562073,231915,372,1,"1"
1653.5311152660986,231914,373,1,"1"
1656.8369426584529,231908,379,2,"2"
1660.4379023184058,231896,391,1,"1"
1672.2497180338876,231895,392,1,"1"
1694.9799092673074,231894,393,1,"1"
1720.8579788715604,231893,394,1,"1"
1772.5024011898713,231892,395,1,"1"
1777.6532249439981,231887,400,1,"1"
1810.245184579936,231886,401,1,"1"
1821.2296174921696,231885,402,1,"1"
1821.421695129359,231884,403,1,"1"
1827.9419013430115,231883,404,1,"1"
1875.8161588992743,231880,407,1,"1"
1879.874303055419,231879,408,1,"1"
1891.6729619444579,231878,409,1,"1"
1891.8557347448416,231874,413,2,"2"
1895.5707234619813,231873,414,1,"1"
1896.4501281309037,231855,432,1,"1"
1897.7584915447937,231854,433,1,"1"
1915.5881599801899,231836,451,1,"1"
1929.2710506784856,231818,469,1,"1"
1932.5992503849648,231800,487,1,"1"
1937.8290422797038,231799,488,1,"1"
1948.6112928044934,231797,490,2,"2"
1949.5599847665696,231791,496,2,"1-1"
1953.3172177712484,231790,497,1,"1"
1957.8117459066673,231786,501,2,"1-1"
1961.3050347620128,231785,502,1,"1"
1996.7428838403578,231784,503,1,"1"
2012.3241069876958,231781,506,3,"1-1-1"
2020.4839755521509,231780,507,1,"1"
2048.7390902897878,231779,508,1,"1"
2050.4471951013061,231777,510,2,"2"
2054.6293609203985,231776,511,1,"1"
2054.9390141778954,231775,512,1,"1"
2063.8950912477972,231774,513,1,"1"
2066.0292855330581,231756,531,1,"1"
2071.1001477455238,231754,533,2,"2"
2085.5524293189746,231752,535,2,"2"
2094.6939578837842,231751,536,1,"1"
2113.0250088110674,231750,537,1,"1"
2114.5165859111926,231749,538,1,"1"
2121.0524573126595,231748,539,1,"1"
2133.6413792658691,231747,540,1,"1"
2137.024953277039,231737,550,2,"1-1"
2140.6136555538069,231736,551,1,"1"
2142.0118893014032,231733,554,1,"1"
2148.4532667117187,231719,568,1,"1"
2153.7262643373356,231717,570,2,"2"
2157.7333736690093,231690,597,3,"2-1"
2199.3044568304513,231687,600,3,"2-1"
2203.3984954702551,231683,604,4,"4"
2204.2406048909834,231678,609,1,"1"
2212.1099322247196,231673,614,1,"1"
2214.6689265915011,231670,617,1,"1"
2227.7587814562539,231669,618,1,"1"
2246.9113378119014,231668,619,1,"1"
2247.4463036958032,231657,630,1,"1"
2283.0422455544876,231639,648,1,"1"
2296.8746526760942,231621,666,1,"1"
2297.2307315183671,231603,684,1,"1"
2298.147926997317,231602,685,1,"1"
2355.7781235899138,231584,703,1,"1"
2378.5831937459066,231583,704,1,"1"
2379.5916768092002,231582,705,1,"1"
2386.5314008865321,231581,706,1,"1"
2415.4720829389648,231563,724,1,"1"
2423.5745321870363,231562,725,1,"1"
2433.5072294226206,231560,727,2,"2"
2437.0727500730618,231557,730,3,"3"
2450.6388103452555,231539,748,1,"1"
2452.238691657697,231534,753,5,"3-1-1"
2458.3056845009196,231533,754,1,"1"
2458.5296301030594,231532,755,1,"1"
2471.6031893800964,231529,758,1,"1"
2480.8886174859904,231528,759,1,"1"
2500.1366196362555,231527,760,1,"1"
2515.9156434219722,231518,769,3,"3"
2519.4728551732496,231516,771,2,"2"
2568.9152048751266,231498,789,1,"1"
2575.0717824542025,231480,807,1,"1"
2581.9615352246483,231477,810,1,"1"
2603.3008464483705,231459,828,1,"1"
2604.5791808172426,231449,838,1,"1"
2632.0049233078626,231448,839,1,"1"
2665.5515886982644,231447,840,1,"1"
2733.8817463450382,231429,858,1,"1"
2734.6751717368234,231423,864,2,"2"
2736.0973792695381,231422,865,1,"1"
2766.4971415549294,231404,883,1,"1"
2768.0028027185922,231398,889,2,"1-1"
2792.0277162932157,231397,890,1,"1"
2794.2042422549298,231387,900,1,"1"
2818.8252023402138,231386,901,1,"1"
2819.8155448454722,231368,919,1,"1"
2826.865281966755,231366,921,2,"1-1"
2836.1549196676624,231364,923,2,"2"
2849.9767724311337,231363,924,1,"1"
2853.5720948742655,231343,944,2,"2"
2890.0917280693598,231325,962,1,"1"
2929.5493821846494,231324,963,1,"1"
2950.5903663335712,231323,964,1,"1"
2959.8445035229697,231322,965,1,"1"
2963.8085151033488,231312,975,1,"1"
2964.8800441788285,231294,993,1,"1"
2978.8822761981442,231284,1003,1,"1"
2979.0188095909675,231283,1004,1,"1"
2986.0608561314243,231274,1013,1,"1"
3003.6757189602176,231257,1030,3,"1-1-1"
3010.2613250795257,231256,1031,1,"1"
3040.2143579575368,231238,1049,1,"1"
3041.0460702263645,231233,1054,1,"1"
3061.9122864681503,231224,1063,1,"1"
3077.7100787843174,231219,1068,1,"1"
3091.3827600262293,231201,1086,1,"1"
3103.6649998157218,231198,1089,1,"1"
3120.3610117848907,231188,1099,1,"1"
3138.4897714951699,231170,1117,1,"1"
3142.6172077924625,231152,1135,1,"1"
3159.831022947385,231147,1140,1,"1"
3180.8413034633486,231129,1158,1,"1"
3226.1283203734374,231111,1176,1,"1"
3251.2556325234004,231096,1191,3,"2-1"
3266.4933283856753,231080,1207,1,"1"
3339.2267715652683,231077,1210,1,"1"
3343.583648224273,231059,1228,1,"1"
3349.3257603716334,231052,1235,1,"1"
3403.6069413648638,231034,1253,1,"1"
3419.5941513402563,231031,1256,1,"1"
3447.3816898177388,231021,1266,1,"1"
3453.4690645338965,231003,1284,1,"1"
3473.7008774409292,230985,1302,1,"1"
3479.3129234291487,230982,1305,1,"1"
3504.4488527012936,230977,1310,1,"1"
3520.9162036406838,230962,1325,3,"2-1"
3533.9736034799689,230952,1335,1,"1"
3536.7896816271918,230938,1349,2,"2"
3538.3971634415875,230928,1359,1,"1"
3564.5273705232685,230910,1377,1,"1"
3576.7472191919887,230898,1389,1,"1"
3578.2026029708259,230893,1394,1,"1"
3599.2833792930483,230888,1399,1,"1"
3618.9015925416211,230885,1402,1,"1"
3630.9288073746752,230867,1420,1,"1"
3633.1885710312872,230849,1438,1,"1"
3639.6701499806777,230831,1456,1,"1"
3640.0673869028938,230825,1462,2,"2"
3657.7099398888704,230815,1472,1,"1"
3668.9430039276426,230814,1473,1,"1"
3711.9532630670292,230809,1478,1,"1"
3720.4440099894514,230791,1496,1,"1"
3732.2631927458378,230773,1514,1,"1"
3744.1621960842735,230755,1532,1,"1"
3758.6346654798895,230744,1543,3,"2-1"
3761.1735995430722,230743,1544,1,"1"
3766.0089833723555,230740,1547,1,"1"
3811.185665780722,230726,1561,2,"1-1"
3816.5193123115819,230717,1570,1,"1"
3820.6204420545005,230712,1575,1,"1"
3822.7224337707748,230696,1591,1,"1"
3837.1006043819157,230678,1609,1,"1"
3840.5090663722044,230660,1627,1,"1"
3871.9613284971465,230651,1636,1,"1"
3878.3288979526387,230633,1654,1,"1"
3879.1409594962347,230615,1672,1,"1"
3897.9351367043928,230609,1678,2,"2"
3900.5482157981678,230606,1681,1,"1"
3905.0583405235725,230593,1694,1,"1"
3920.9420082757456,230588,1699,1,"1"
3921.1117511465873,230570,1717,1,"1"
3925.4860079749119,230552,1735,1,"1"
3927.3860277258991,230534,1753,1,"1"
3953.0336277884217,230531,1756,1,"1"
3971.339308835702,230487,1800,3,"2-1"
3988.5894103070509,230473,1814,4,"3-1"
4013.8280517407666,230455,1832,1,"1"
4037.3428085752339,230437,1850,1,"1"
4042.0670222587269,230419,1868,1,"1"
4042.3095478567279,230401,1886,1,"1"
4092.7139194174347,230373,1914,2,"2"
4124.3034930219592,230355,1932,1,"1"
4128.0726980784011,230352,1935,1,"1"
4138.5924072505522,230334,1953,1,"1"
4172.4858228001067,230316,1971,1,"1"
4196.3622041739354,230298,1989,1,"1"
4213.2289688860637,230288,1999,1,"1"
4222.6202375322846,230275,2012,1,"1"
4268.6938730542342,230261,2026,1,"1"
4270.3489901046314,230254,2033,1,"1"
4272.9300381175781,230236,2051,1,"1"
4282.4823213168656,230229,2058,1,"1"
4284.6367116464162,230211,2076,1,"1"
4310.364362775962,230206,2081,1,"1"
4314.9665498167105,230188,2099,1,"1"
4322.5279041918939,230178,2109,1,"1"
4325.1550954954891,230168,2119,1,"1"
4353.7427687244826,230150,2137,1,"1"
4355.4070645760758,230132,2155,1,"1"
4361.3716340763485,230124,2163,2,"2"
4365.2658466140965,230121,2166,1,"1"
4382.6069851066413,230118,2169,1,"1"
4390.6113953644417,230100,2187,1,"1"
4402.0925440141109,230082,2205,1,"1"
4408.7785232213155,230064,2223,1,"1"
4435.537557439271,230055,2232,1,"1"
4448.0868488344622,230050,2237,1,"1"
4448.7707064831839,230040,2247,1,"1"
4459.4795350724899,230022,2265,1,"1"
4473.118393723079,230006,2281,1,"1"
4494.694893312957,230003,2284,1,"1"
4520.5985865113125,229993,2294,2,"2"
4530.2128513287962,229988,2299,1,"1"
4540.809621551306,229983,2304,1,"1"
4544.8890546782568,229965,2322,1,"1"
4561.8577215825599,229947,2340,1,"1"
4567.7669450608792,229929,2358,1,"1"
4576.404789816329,229920,2367,1,"1"
4622.5178446909713,229902,2385,1,"1"
4622.9173443027121,229891,2396,1,"1"
4624.6521334511272,229873,2414,1,"1"
4631.5961801311842,229868,2419,1,"1"
4640.5629030913933,229863,2424,1,"1"
4641.7912615442974,229860,2427,1,"1"
4658.1986335948814,229843,2444,1,"1"
4665.0600166555905,229825,2462,1,"1"
4675.9588443141192,229807,2480,1,"1"
4679.8652752394728,229804,2483,1,"1"
4719.5280736036875,229786,2501,1,"1"
4721.1347676198611,229768,2519,1,"1"
4745.1157564636324,229763,2524,1,"1"
4782.5992771795909,229745,2542,1,"1"
4783.0560882724803,229735,2552,1,"1"
4802.1892085081408,229717,2570,1,"1"
4808.4803996816281,229705,2582,1,"1"
4813.783761524257,229693,2594,1,"1"
4823.6573854847484,229675,2612,1,"1"
4826.6939022527313,229657,2630,1,"1"
4846.3418273917969,229654,2633,1,"1"
4853.1073518045851,229649,2638,1,"1"
4858.2844055668911,229646,2641,1,"1"
4872.249928839733,229643,2644,1,"1"
4891.7255800781058,229626,2661,3,"1-1-1"
4892.3402358508738,229590,2697,6,"2-2-1-1"
4894.0490745173875,229566,2721,2,"2"
4912.7003269521183,229548,2739,1,"1"
4912.8748307426376,229530,2757,1,"1"
4937.2696526438194,229512,2775,1,"1"
4961.693574643793,229496,2791,1,"1"
4967.4450387692523,229468,2819,2,"2"
4973.3513484822815,229450,2837,1,"1"
5000.9887987460042,229396,2891,5,"5"
5002.1065906059066,229391,2896,1,"1"
5011.2600162325034,229373,2914,1,"1"
5027.2084505039375,229357,2930,1,"1"
5027.9746495829932,229339,2948,1,"1"
5033.4782625805647,229321,2966,1,"1"
5042.8735338241013,229313,2974,2,"1-1"
5058.2366356868079,229308,2979,1,"1"
5068.4688316499287,229290,2997,1,"1"
5082.3906812180012,229272,3015,1,"1"
5093.7629382248533,229254,3033,1,"1"
5107.4065672464676,229251,3036,1,"1"
5125.2221784247949,229245,3042,2,"2"
5127.3133656043738,229235,3052,2,"2"
5142.8588570497632,229215,3072,4,"2-1-1"
5157.4044013242747,229197,3090,1,"1"
5164.9601803826863,229179,3108,1,"1"
5165.1270792199903,229161,3126,1,"1"
5186.63570849402,229143,3144,1,"1"
5230.2141761710982,229125,3162,1,"1"
5235.7823666540762,229115,3172,1,"1"
5243.0823119951792,229097,3190,1,"1"
5248.8099043513976,229089,3198,2,"1-1"
5248.9597421438366,229086,3201,1,"1"
5255.9100673763242,229081,3206,1,"1"
5261.8381708033166,229063,3224,1,"1"
5262.9157918869178,229060,3227,1,"1"
5277.0288989940873,229042,3245,1,"1"
5277.3886382518631,229039,3248,1,"1"
5302.7406010641189,229021,3266,1,"1"
5318.1379223910553,229012,3275,3,"2-1"
5318.1600078107904,229000,3287,1,"1"
5318.7760496930205,228982,3305,1,"1"
5319.7106504404828,228964,3323,1,"1"
5327.5763445379253,228946,3341,1,"1"
5348.9987742531812,228928,3359,1,"1"
5361.8342756732354,228925,3362,1,"1"
5382.4941228663301,228922,3365,1,"1"
5400.1172809217405,228904,3383,1,"1"
5412.3949693678742,228886,3401,1,"1"
5427.738423247818,228844,3443,3,"2-1"
5429.8375306844937,228839,3448,1,"1"
5430.2709317000999,228821,3466,1,"1"
5440.3991134786511,228804,3483,1,"1"
5449.7667467895644,228797,3490,1,"1"
5485.0671592665967,228787,3500,1,"1"
5488.4014043020434,228769,3518,1,"1"
5496.1874549280174,228751,3536,1,"1"
5503.7740360267017,228734,3553,1,"1"
5512.9506784574896,228716,3571,1,"1"
5527.6396692458693,228707,3580,1,"1"
5531.3567496982005,228692,3595,1,"1"
5552.1583711554858,228687,3600,1,"1"
5559.3073282562837,228682,3605,1,"1"
5561.7812404492106,228664,3623,1,"1"
5575.3240281371391,228654,3633,1,"1"
5580.8948469503657,228638,3649,1,"1"
5586.1895689557059,228635,3652,1,"1"
5613.0525385258907,228617,3670,1,"1"
5619.9011799437594,228614,3673,1,"1"
5623.1693460643228,228608,3679,2,"1-1"
5657.4556412038692,228598,3689,1,"1"
5685.5156755106327,228580,3707,1,"1"
5694.9315440507025,228566,3721,1,"1"
5710.2408340456077,228548,3739,1,"1"
5716.187315374078,228530,3757,1,"1"
5746.3930100743655,228523,3764,1,"1"
5758.0068145809382,228505,3782,1,"1"
5759.7025616639821,228487,3800,1,"1"
5786.4918465547098,228469,3818,1,"1"
5793.435291756422,228466,3821,1,"1"
5794.8271771877689,228448,3839,1,"1"
5823.1934231685664,228439,3848,1,"1"
5827.0347388465652,228432,3855,1,"1"
5827.2156995047244,228414,3873,2,"2"
5827.6543564908234,228396,3891,1,"1"
5828.9890231065701,228391,3896,1,"1"
5834.1061279848327,228373,3914,1,"1"
5842.2921205749981,228364,3923,1,"1"
5842.4358911294394,228346,3941,1,"1"
5851.9816365260413,228328,3959,1,"1"
5855.4477706044527,228292,3995,2,"2"
5861.4492781098752,228282,4005,1,"1"
5864.6535588319684,228265,4022,1,"1"
5887.2434168729023,228253,4034,1,"1"
5912.7537620790945,228205,4082,4,"2-1-1"
5919.682021434437,228187,4100,1,"1"
5924.1853672164643,228182,4105,1,"1"
5925.0113257403491,228166,4121,1,"1"
5930.1647840605783,228148,4139,1,"1"
5939.1481555310547,228141,4146,1,"1"
5942.3722518239474,228132,4155,3,"3"
5948.6436870677862,228122,4165,1,"1"
5953.0516736488053,228112,4175,1,"1"
5973.022406714651,228107,4180,1,"1"
5976.8253713233871,228094,4193,3,"3"
6005.3511863149733,228081,4206,3,"2-1"
6041.9691664202801,228063,4224,1,"1"
6053.6173164235142,228049,4238,1,"1"
6084.5592064358325,228039,4248,1,"1"
6092.3942710187748,228029,4258,1,"1"
6093.2261430685921,228024,4263,1,"1"
6128.9575460280275,228021,4266,1,"1"
6139.0493795416496,228016,4271,1,"1"
6154.830751316611,228007,4280,1,"1"
6162.8628093413372,227989,4298,1,"1"
6171.6485659567397,227965,4322,2,"1-1"
6181.169526784357,227947,4340,1,"1"
6187.38630205564,227913,4374,8,"4-2-1-1"
6189.179503848326,227895,4392,1,"1"
6193.2431466486678,227881,4406,2,"2"
6197.8534081863809,227863,4424,1,"1"
6216.4456267480291,227853,4434,1,"1"
6217.2304782507317,227835,4452,1,"1"
6219.498098826828,227832,4455,1,"1"
6226.6384452376733,227814,4473,1,"1"
6231.0439101063976,227796,4491,1,"1"
6241.9996899078815,227778,4509,1,"1"
6254.7224212157935,227764,4523,1,"1"
6270.3970798992441,227761,4526,1,"1"
6273.6685380374083,227743,4544,1,"1"
6278.7059663500031,227738,4549,1,"1"
6280.9892366296199,227733,4554,1,"1"
6283.3124204054202,227697,4590,2,"2"
6298.9248651856715,227677,4610,2,"1-1"
6299.6718056508089,227659,4628,1,"1"
6314.9143846418983,227650,4637,1,"1"
6323.6055452446171,227617,4670,2,"2"
6326.9236539706353,227614,4673,1,"1"
6328.7075649585404,227594,4693,4,"4"
6356.8215641443503,227584,4703,1,"1"
6363.2319037399511,227566,4721,1,"1"
6423.0982439764357,227548,4739,1,"1"
6425.6537918268868,227530,4757,1,"1"
6438.6393822708369,227512,4775,1,"1"
6440.7168799053206,227487,4800,3,"3"
6449.2182693576051,227469,4818,1,"1"
6454.6257358173916,227466,4821,1,"1"
6463.6359160552911,227456,4831,2,"1-1"
6469.9956239084677,227446,4841,2,"1-1"
6474.384007425745,227428,4859,1,"1"
6475.8126848228112,227410,4877,1,"1"
6493.0382980328486,227399,4888,1,"1"
6502.8139768856672,227381,4906,1,"1"
6503.8963437426091,227371,4916,1,"1"
6505.0509885201427,227353,4934,1,"1"
6505.3684971943858,227335,4952,1,"1"
6518.1709146774574,227307,4980,4,"4"
6547.1009323929848,227289,4998,1,"1"
6550.4555264794981,227271,5016,1,"1"
6553.3512593158648,227266,5021,1,"1"
6563.7265483176971,227248,5039,1,"1"
6585.026553578823,227230,5057,1,"1"
6585.3383160628528,227212,5075,1,"1"
6597.7350503055932,227194,5093,1,"1"
6606.3169268383763,227189,5098,1,"1"
6607.3871064774157,227171,5116,1,"1"
6609.859254243037,227153,5134,1,"1"
6610.7088006457961,227107,5180,4,"3-1"
6616.7622672955267,227081,5206,2,"2"
6649.6711960987395,227057,5230,2,"1-1"
6667.2355845818174,227045,5242,1,"1"
6689.2013321868972,227040,5247,1,"1"
6698.9622173379348,227022,5265,1,"1"
6733.3195855332078,227011,5276,1,"1"
6740.6653360707705,226993,5294,1,"1"
6745.9562692287936,226975,5312,1,"1"
6815.8982480358927,226957,5330,1,"1"
6857.6047931324883,226939,5348,1,"1"
6868.0070194764248,226921,5366,1,"1"
6874.7231947515947,226889,5398,3,"3"
6906.7599573675479,226884,5403,1,"1"
6912.8484383850537,226879,5408,1,"1"
6917.12715263461,226876,5411,1,"1"
6926.7867946531915,226866,5421,1,"1"
6926.9214279714934,226800,5487,8,"3-3-1-1"
6930.9238396490391,226782,5505,1,"1"
6934.329678064164,226764,5523,1,"1"
6936.4145381363523,226754,5533,2,"2"
6937.9548917670991,226736,5551,4,"3-1"
6943.6941604527083,226718,5569,1,"1"
6958.2832020443238,226700,5587,1,"1"
6987.2406341817459,226695,5592,1,"1"
6996.245110716296,226690,5597,1,"1"
7023.7486154357312,226672,5615,1,"1"
7025.8549772070173,226654,5633,1,"1"
7035.3876260605875,226636,5651,1,"1"
7041.0046456697564,226631,5656,1,"1"
7043.8706531291182,226603,5684,4,"2-2"
7048.2240031548354,226585,5702,1,"1"
7049.5599260741728,226580,5707,1,"1"
7052.2476615670967,226568,5719,1,"1"
7066.1688698743701,226556,5731,2,"2"
7075.0057182477267,226538,5749,1,"1"
7077.9348840283474,226482,5805,4,"3-1"
7089.7428861595863,226464,5823,1,"1"
7094.9762310254109,226446,5841,1,"1"
7100.7245671670371,226428,5859,1,"1"
7100.7811750246074,226414,5873,2,"2"
7106.4590025801135,226402,5885,2,"1-1"
7117.9105588583643,226366,5921,2,"2"
7139.508509138308,226348,5939,1,"1"
7140.8282016360927,226330,5957,1,"1"
7152.3410754989582,226323,5964,1,"1"
7156.8723000886657,226281,6006,3,"3"
7171.2952080608484,226269,6018,1,"1"
7187.7039987480202,226266,6021,1,"1"
7193.8609583716188,226261,6026,1,"1"
7195.6530191130469,226243,6044,1,"1"
7208.6524897215668,226225,6062,1,"1"
7226.5277875502716,226199,6088,2,"2"
7226.8181969683237,226175,6112,2,"2"
7230.20051793315,226170,6117,1,"1"
7235.9840487473748,226152,6135,1,"1"
7245.1964972184869,226134,6153,1,"1"
7260.6041513734854,226106,6181,2,"2"
7261.7390842715067,226088,6199,1,"1"
7271.6671173926898,226052,6235,2,"2"
7287.4764574365145,226034,6253,1,"1"
7323.2613166510282,226016,6271,1,"1"
7331.0835902613144,226011,6276,1,"1"
7357.4154654962331,225993,6294,1,"1"
7372.4968107263303,225984,6303,1,"1"
7379.4028190129047,225966,6321,1,"1"
7381.0212676072142,225948,6339,1,"1"
7409.0139451466339,225930,6357,1,"1"
7413.3216551880114,225912,6375,1,"1"
7421.8646209366889,225894,6393,1,"1"
7424.4872646246777,225882,6405,1,"1"
7427.4112145891313,225864,6423,1,"1"
7439.6235736807957,225846,6441,1,"1"
7472.5524034522668,225841,6446,1,"1"
7476.8613448633414,225832,6455,1,"1"
7479.0821250523886,225814,6473,1,"1"
7483.5800742153478,225809,6478,1,"1"
7489.9536581552275,225791,6496,1,"1"
7490.1957633657703,225759,6528,2,"2"
7494.9418430027217,225749,6538,1,"1"
7501.448440443658,225731,6556,2,"1-1"
7514.1866287996054,225708,6579,3,"2-1"
7535.3900610286455,225701,6586,1,"1"
7549.2340456788352,225698,6589,1,"1"
7550.8790628967872,225658,6629,3,"2-1"
7555.2094944174605,225648,6639,2,"2"
7557.5132053112839,225630,6657,1,"1"
7557.6828340700877,225619,6668,1,"1"
7566.0017241841697,225601,6686,1,"1"
7596.9403513070583,225583,6704,1,"1"
7597.9377906766958,225565,6722,1,"1"
7600.7966161853537,225555,6732,1,"1"
7604.0297431523986,225485,6802,10,"3-2-2-1-1-1"
7607.4296812709026,225467,6820,1,"1"
7620.398554863973,225449,6838,1,"1"
7645.55825620223,225421,6866,2,"2"
7647.5397953552947,225403,6884,1,"1"
7656.5197293009869,225367,6920,2,"2"
7671.0196473515662,225349,6938,1,"1"
7675.7044384152914,225331,6956,1,"1"
7676.8275028281705,225266,7021,7,"2-2-2-1"
7677.9667548844245,225261,7026,1,"1"
7680.9583516962812,225243,7044,1,"1"
7680.9589268644349,225225,7062,1,"1"
7686.2562932799592,225207,7080,1,"1"
7691.9568194544481,225192,7095,1,"1"
7694.6086628676321,225174,7113,1,"1"
7726.7394318771576,225156,7131,1,"1"
7755.2032831349325,225146,7141,1,"1"
7770.2414508066031,225136,7151,1,"1"
7787.3243086601606,225124,7163,1,"1"
7800.7291377055417,225106,7181,1,"1"
7808.9654207641415,225088,7199,1,"1"
7818.5866975645922,225070,7217,1,"1"
7821.7694039076941,225038,7249,4,"2-2"
7828.922512999512,225020,7267,1,"1"
7848.3650415940283,225002,7285,1,"1"
7864.6452210487687,224990,7297,2,"2"
7866.8590118823358,224972,7315,1,"1"
7870.30389173402,224954,7333,1,"1"
7870.5967602078099,224921,7366,5,"2-2-1"
7882.1713394596454,224914,7373,1,"1"
7898.0234739457737,224890,7397,4,"2-2"
7905.494192721696,224876,7411,1,"1"
7906.412139074052,224858,7429,1,"1"
7906.7228521303668,224851,7436,1,"1"
7922.5002889402913,224837,7450,2,"2"
7927.3373082592061,224827,7460,1,"1"
7932.5984152592637,224817,7470,2,"1-1"
7934.0681172377381,224799,7488,1,"1"
7934.4013866838841,224792,7495,1,"1"
7953.8464851661356,224746,7541,3,"2-1"
7956.1683009525705,224728,7559,1,"1"
7964.5999117228694,224686,7601,6,"2-1-1-1-1"
7965.4844935572437,224668,7619,1,"1"
7973.4052488874477,224650,7637,1,"1"
7974.9683417297965,224640,7647,2,"1-1"
7982.5412217771845,224622,7665,1,"1"
7984.8497065171123,224604,7683,1,"1"
7998.513549105789,224568,7719,2,"2"
8014.7125608870911,224563,7724,1,"1"
8016.7061461193689,224558,7729,1,"1"
8024.8412350160388,224546,7741,1,"1"
8039.2754716688705,224541,7746,1,"1"
8051.8378271551182,224532,7755,1,"1"
8057.3730680723374,224520,7767,1,"1"
8063.0898927057469,224502,7785,1,"1"
8063.1449447217428,224440,7847,5,"4-1"
8065.0652457543247,224430,7857,1,"1"
8070.3289541504691,224417,7870,1,"1"
8072.3985348117367,224399,7888,1,"1"
8084.0710659687438,224381,7906,1,"1"
8109.4952258222984,224363,7924,1,"1"
8118.0663318039415,224345,7942,1,"1"
8132.4135366932742,224327,7960,1,"1"
8147.0000944193926,224291,7996,2,"2"
8172.609478230509,224273,8014,1,"1"
8180.0879935002577,224255,8032,1,"1"
8181.5115392907246,224237,8050,1,"1"
8196.0307839358193,224217,8070,4,"3-1"
8202.2106767524601,224199,8088,1,"1"
8208.2488285850704,223978,8309,24,"8-4-2-2-2-1-1-1-1-1-1"
8212.8648405582881,223945,8342,5,"4-1"
8243.7225674199199,223919,8368,2,"1-1"
8265.1267451365766,223851,8436,8,"4-2-1-1"
8270.4584905015217,223833,8454,1,"1"
8274.0407170456383,223805,8482,4,"2-2"
8281.5710267478353,223787,8500,1,"1"
8301.9327513453409,223775,8512,2,"1-1"
8316.0630819499911,223757,8530,2,"2"
8324.3543836285207,223737,8550,2,"2"
8327.044821647185,223719,8568,1,"1"
8332.0510637502448,223701,8586,1,"1"
8343.0233808982412,223687,8600,2,"2"
8351.4571526028831,223673,8614,1,"1"
8371.790755467202,223657,8630,1,"1"
8372.2867361736207,223639,8648,1,"1"
8385.6680468760696,223612,8675,3,"1-1-1"
8385.9784296647522,223594,8693,1,"1"
8388.9341743954083,223576,8711,1,"1"
8390.8511301515573,223566,8721,1,"1"
8396.3304794387059,223548,8739,1,"1"
8399.6839764326705,223543,8744,1,"1"
8405.1484210258441,223469,8818,5,"2-1-1-1"
8413.2655182832841,223459,8828,2,"1-1"
8429.4883694646269,223452,8835,1,"1"
8439.9435265930369,223441,8846,1,"1"
8453.8567280316747,223423,8864,1,"1"
8459.4399357332477,223404,8883,3,"2-1"
8487.174533057645,223390,8897,2,"2"
8494.2729141364325,223354,8933,2,"2"
8518.5450963512831,223336,8951,1,"1"
8521.5947068531259,223318,8969,1,"1"
8540.2415223464195,223300,8987,1,"1"
8546.8562826622874,223282,9005,1,"1"
8554.3581274638582,223264,9023,1,"1"
8559.3560261491148,223255,9032,1,"1"
8562.1913016116559,223150,9137,15,"3-3-3-2-1-1-1-1"
8562.7284626768287,223132,9155,1,"1"
8564.2239500511059,223125,9162,1,"1"
8576.8538752553704,223114,9173,1,"1"
8593.2793614272014,223078,9209,2,"2"
8593.3114232644402,223060,9227,1,"1"
8599.6230089943892,223036,9251,2,"1-1"
8607.0198018255396,223018,9269,1,"1"
8609.9080709711725,223000,9287,1,"1"
8639.4869651582831,222982,9305,1,"1"
8649.4937735825279,222962,9325,2,"2"
8654.6087517025389,222944,9343,1,"1"
8659.1904065832387,222926,9361,1,"1"
8664.9342362576754,222872,9415,3,"2-1"
8670.5871401639379,222836,9451,2,"1-1"
8687.4540490495165,222818,9469,1,"1"
8705.5355707419276,222800,9487,1,"1"
8708.8721497803162,222790,9497,1,"1"
8710.3650729406927,222772,9515,1,"1"
8710.9184801820229,222754,9533,1,"1"
8711.9705149813326,222736,9551,1,"1"
8713.8453972551888,222723,9564,1,"1"
8716.7252225624725,222705,9582,1,"1"
8724.2129418471177,222689,9598,2,"1-1"
8730.3766600510116,222623,9664,10,"6-3-1"
8735.7752550167352,222605,9682,1,"1"
8751.6005611535547,222587,9700,1,"1"
8790.7022297824296,222540,9747,5,"3-2"
8791.4983090102942,222522,9765,1,"1"
8793.5263058854416,222504,9783,1,"1"
8799.9070010777396,222486,9801,1,"1"
8802.2142770091014,222468,9819,1,"1"
8813.0933426189004,222450,9837,1,"1"
8814.088480877781,222432,9855,1,"1"
8819.146355761939,222414,9873,1,"1"
8820.0797176094584,222286,10001,9,"3-2-1-1-1-1"
8823.835049291727,222268,10019,1,"1"
8828.9876706462364,222250,10037,1,"1"
8831.6635726858058,222236,10051,2,"2"
8834.6451873510996,222200,10087,2,"1-1"
8834.6624881013704,222182,10105,1,"1"
8847.4000208841808,222156,10131,2,"2"
8848.7709798624237,222138,10149,1,"1"
8867.467546825821,222120,10167,1,"1"
8872.9787737569786,222111,10176,1,"1"
8882.3776024074468,222002,10285,9,"5-2-1-1"
8884.4370961646546,221984,10303,1,"1"
8902.9642845398776,221966,10321,1,"1"
8903.2319180841405,221944,10343,2,"1-1"
8907.8797117731428,221920,10367,2,"1-1"
8915.6414440583103,221906,10381,1,"1"
8916.1899466448685,221870,10417,2,"1-1"
8921.2639283835124,221834,10453,2,"2"
8922.8598659780218,221816,10471,1,"1"
8931.7888336561973,221806,10481,1,"1"
8945.5405813523412,221788,10499,1,"1"
8948.4648168366894,221738,10549,4,"4"
8952.1871949895176,221698,10589,3,"2-1"
8952.3486381320527,221663,10624,3,"3"
8956.326233626698,221645,10642,1,"1"
8958.7811389328635,221630,10657,1,"1"
8959.4222114494169,221620,10667,1,"1"
8960.7464837789448,221602,10685,1,"1"
8965.3469855222538,221504,10783,6,"4-1-1"
8971.4140322279563,221459,10828,4,"2-2"
8978.4165651617077,221441,10846,1,"1"
8986.1490805576559,221423,10864,1,"1"
8990.7897032813617,221409,10878,1,"1"
8993.0332009659542,221354,10933,6,"2-2-2"
9004.5076445113755,221336,10951,1,"1"
9006.9561813475248,221318,10969,1,"1"
9021.0990655938003,221300,10987,1,"1"
9024.3422306232642,221291,10996,1,"1"
9026.4699804265456,221240,11047,3,"1-1-1"
9075.9373525204755,221222,11065,1,"1"
9076.9338596166126,221186,11101,2,"2"
9079.5404423184864,221168,11119,1,"1"
9081.32900145243,221132,11155,2,"2"
9092.9717711952344,221072,11215,6,"5-1"
9096.3359285689548,221054,11233,1,"1"
9101.4521759907639,221036,11251,1,"1"
9106.9028458523917,221029,11258,1,"1"
9110.9741442285049,221020,11267,1,"1"
9119.5745922233127,220984,11303,2,"2"
9143.5229718449009,220966,11321,1,"1"
9148.7904613109986,220930,11357,3,"2-1"
9155.2661958151348,220886,11401,3,"3"
9168.2976410848605,220824,11463,5,"4-1"
9168.7132057210129,220696,11591,12,"4-3-2-1-1-1"
9203.6280178771958,220678,11609,1,"1"
9203.8329283479761,220522,11765,16,"3-3-2-2-2-1-1-1-1"
9214.6812669277297,220486,11801,2,"1-1"
9243.5800002831875,220468,11819,1,"1"
9245.1346489333828,220453,11834,1,"1"
9263.5746533469028,220435,11852,1,"1"
9272.4541843807328,220417,11870,1,"1"
9272.5803005006655,220371,11916,3,"2-1"
9274.0276474458351,220335,11952,2,"1-1"
9289.2561060684548,220317,11970,1,"1"
9296.450428243159,220285,12002,3,"2-1"
9303.6925527782187,220205,12082,8,"3-2-1-1-1"
9309.05540481153,220169,12118,2,"2"
9311.5359939275768,220151,12136,1,"1"
9312.0315527688654,220111,12176,3,"2-1"
9313.4117578027744,220093,12194,1,"1"
9317.1220750377724,219676,12611,43,"6-5-4-3-3-2-2-2-2-2-1-1-1-1-1-1-1-1-1-1-1-1"
9320.6595348357223,219667,12620,1,"1"
9323.3951839677775,219649,12638,1,"1"
9328.6423255882473,219567,12720,6,"3-2-1"
9344.506537424626,219555,12732,1,"1"
9347.356931353268,219537,12750,1,"1"
9348.885845588462,219519,12768,2,"2"
9367.8248245332215,219510,12777,1,"1"
9369.2088078290308,219238,13049,20,"6-5-4-2-1-1-1"
9380.6924537991144,219188,13099,4,"4"
9385.0111701571295,219148,13139,3,"1-1-1"
9386.9385475225608,218484,13803,58,"10-9-6-6-5-3-2-2-2-1-1-1-1-1-1-1-1-1-1-1-1-1"
9392.9670682537599,218466,13821,1,"1"
9403.9609033496126,218448,13839,1,"1"
9452.7890063536761,218369,13918,6,"4-1-1"
9458.0989063153684,218351,13936,1,"1"
9461.8674315661829,0,232287,12309,"12309"
----------------------------------------------3
0,232287,0,0,"0"
291.36197670283525,232284,3,1,"1"
338.39007125445954,232283,4,1,"1"
378.53313980555487,232282,5,1,"1"
459.24058160883726,232281,6,1,"1"
476.13392465129493,232280,7,1,"1"
495.84374428558931,232279,8,1,"1"
519.0884717676654,232278,9,1,"1"
549.7986830535051,232277,10,1,"1"
592.26764954878354,232276,11,1,"1"
606.10497007645529,232258,29,1,"1"
627.93555749333439,232240,47,1,"1"
633.59289005558583,232231,56,1,"1"
639.55772278212044,232230,57,1,"1"
651.47083043713246,232227,60,1,"1"
660.0517095828327,232218,69,1,"1"
665.93368389320881,232200,87,1,"1"
680.75492170571636,232199,88,1,"1"
695.32189452181524,232194,93,1,"1"
731.59977465390432,232193,94,1,"1"
762.81847100988841,232192,95,1,"1"
778.15923426843187,232191,96,1,"1"
797.66388540761068,232190,97,1,"1"
807.22302565593361,232189,98,1,"1"
850.46101739183098,232188,99,1,"1"
863.02017984722113,232178,109,1,"1"
867.76750573987704,232168,119,1,"1"
881.2690745215358,232167,120,1,"1"
884.33444553510401,232162,125,1,"1"
906.86360058184732,232161,126,1,"1"
944.10061177401644,232159,128,2,"1-1"
954.98842082268811,232158,129,1,"1"
969.01412152835007,232154,133,2,"2"
985.82825865545044,232136,151,1,"1"
1010.9778427681683,232135,152,1,"1"
1029.8216643676838,232117,170,1,"1"
1080.6671437414166,232107,180,1,"1"
1089.9206823351594,232097,190,1,"1"
1093.380449246223,232095,192,2,"2"
1101.6923490032707,232094,193,1,"1"
1112.4255336031385,232092,195,2,"2"
1114.3461733110105,232089,198,1,"1"
1153.3014452272271,232076,211,1,"1"
1204.7253986156079,232062,225,1,"1"
1281.2183029814128,232052,235,1,"1"
1285.7804032642505,232051,236,1,"1"
1290.9291590314569,232033,254,1,"1"
1326.8494870016152,232026,261,3,"3"
1372.2700496563189,232008,279,1,"1"
1391.7567183776712,232007,280,1,"1"
1397.1583216037234,232006,281,1,"1"
1402.7914965479429,231994,293,1,"1"
1405.838257679055,231993,294,1,"1"
1428.7347028071244,231992,295,1,"1"
1428.8945449417922,231991,296,1,"1"
1444.4327931917262,231986,301,1,"1"
1465.3462096422747,231985,302,1,"1"
1468.3754070155539,231967,320,1,"1"
1470.2326777966825,231966,321,1,"1"
1475.6678314257822,231964,323,2,"2"
1498.3998535185008,231963,324,1,"1"
1533.8047533509225,231962,325,1,"1"
1649.404360367781,231944,343,1,"1"
1707.5219124628127,231943,344,1,"1"
1721.293400161976,231942,345,1,"1"
1725.873704032598,231941,346,1,"1"
1726.0955636880763,231939,348,2,"1-1"
1749.3049004349632,231938,349,1,"1"
1772.5383706180382,231931,356,3,"2-1"
1800.4986486960345,231930,357,1,"1"
1806.3489012923342,231920,367,1,"1"
1827.0655522093107,231919,368,1,"1"
1852.6991639483738,231918,369,1,"1"
1858.8538375888413,231917,370,1,"1"
1873.7760323715081,231916,371,1,"1"
1873.8625564762849,231915,372,1,"1"
1898.165959266805,231914,373,1,"1"
1920.9162019288367,231913,374,1,"1"
1921.9524882366686,231912,375,1,"1"
1927.8390420509313,231911,376,1,"1"
1937.2477744041862,231906,381,5,"3-1-1"
1946.1545134677021,231905,382,1,"1"
1950.5784127032075,231902,385,1,"1"
1959.8644153577793,231901,386,1,"1"
1968.486728119407,231900,387,1,"1"
1979.5247374497421,231882,405,1,"1"
1984.0965710012711,231881,406,1,"1"
1993.7165193454232,231878,409,1,"1"
2000.4872815553354,231875,412,1,"1"
2017.5889985983013,231865,422,1,"1"
2018.4308297332402,231864,423,1,"1"
2021.4760650021801,231859,428,1,"1"
2024.546923949875,231856,431,1,"1"
2026.6048199579341,231854,433,2,"1-1"
2027.5571268746808,231851,436,3,"3"
2031.7160194156356,231850,437,1,"1"
2059.0406678732757,231849,438,1,"1"
2087.3143682171417,231846,441,1,"1"
2091.0404423112277,231845,442,1,"1"
2096.3099032697351,231839,448,2,"2"
2109.8120975555253,231838,449,1,"1"
2148.2432434375182,231820,467,6,"5-1"
2148.2920910459657,231819,468,1,"1"
2151.0525263743943,231818,469,1,"1"
2166.6180777393815,231813,474,5,"3-1-1"
2174.9350862802444,231812,475,1,"1"
2187.7697091983091,231807,480,1,"1"
2188.7864286820673,231803,484,4,"2-2"
2190.6384393646072,231802,485,1,"1"
2198.2409446997481,231799,488,1,"1"
2212.7415678856451,231797,490,2,"2"
2220.1083020710157,231794,493,1,"1"
2225.8891358281248,231776,511,1,"1"
2251.8991067669263,231775,512,1,"1"
2293.3509854647932,231774,513,1,"1"
2295.2009935459264,231767,520,3,"2-1"
2310.5626753504944,231749,538,1,"1"
2310.9731509074809,231746,541,1,"1"
2325.3887674991743,231745,542,1,"1"
2333.8231050016429,231743,544,2,"2"
2334.4254901414115,231727,560,1,"1"
2337.0799808523911,231724,563,3,"2-1"
2387.0061127355457,231706,581,1,"1"
2416.953362030984,231701,586,3,"2-1"
2439.1228395727712,231698,589,3,"3"
2445.4973388258927,231695,592,1,"1"
2448.8779416518551,231694,593,1,"1"
2450.7761679265068,231676,611,1,"1"
2475.4335380979774,231673,614,1,"1"
2484.8451878912165,231671,616,2,"2"
2503.2629695769883,231659,628,1,"1"
2534.2630711789589,231658,629,1,"1"
2539.4534799115631,231653,634,1,"1"
2540.1684804521965,231651,636,2,"1-1"
2543.3774578067409,231649,638,2,"2"
2556.757973959528,231648,639,1,"1"
2562.8746677900117,231643,644,1,"1"
2574.6375510446428,231625,662,1,"1"
2591.5755311206476,231612,675,1,"1"
2594.9091161416072,231594,693,1,"1"
2598.2080989617812,231576,711,1,"1"
2598.7850935598094,231569,718,3,"3"
2621.461319327801,231567,720,2,"2"
2652.4650405177608,231555,732,1,"1"
2652.6849059998463,231549,738,2,"2"
2666.0785441789121,231548,739,1,"1"
2680.0303791636429,231545,742,1,"1"
2702.623062239893,231529,758,1,"1"
2715.0181998953308,231516,771,3,"2-1"
2728.6181468522295,231503,784,1,"1"
2748.3603842866978,231502,785,1,"1"
2765.445885536576,231498,789,2,"2"
2768.9633003059544,231480,807,1,"1"
2772.1889960219805,231462,825,1,"1"
2776.1291314140394,231460,827,2,"2"
2786.7574972171533,231459,828,1,"1"
2821.7123936141265,231458,829,1,"1"
2839.6281840994952,231457,830,1,"1"
2851.0652841915894,231456,831,1,"1"
2858.1657086907403,231438,849,1,"1"
2872.3452597668092,231436,851,2,"2"
2873.372477455222,231435,852,1,"1"
2875.2227848994312,231434,853,1,"1"
2899.6686078408943,231424,863,1,"1"
2902.3297743790185,231423,864,1,"1"
2909.7869125027337,231412,875,1,"1"
2915.5023276628749,231402,885,1,"1"
2927.2999513106843,231401,886,1,"1"
2942.8422118986737,231400,887,1,"1"
2957.9460659798474,231382,905,1,"1"
2959.443791911192,231372,915,1,"1"
2964.1918098161827,231354,933,1,"1"
2979.7269037726251,231347,940,1,"1"
2990.4097542557683,231344,943,1,"1"
3007.0803850171228,231343,944,1,"1"
3018.2009849742681,231325,962,1,"1"
3041.4800938309209,231307,980,1,"1"
3042.9161414804171,231304,983,1,"1"
3086.4458309565143,231301,986,1,"1"
3108.0066768280258,231283,1004,1,"1"
3109.7601130644057,231247,1040,2,"1-1"
3109.8251822652192,231244,1043,1,"1"
3119.7923122669604,231243,1044,1,"1"
3144.075236664954,231227,1060,1,"1"
3151.1183587057967,231193,1094,2,"2"
3152.8046449424742,231175,1112,1,"1"
3219.5409871429902,231173,1114,2,"2"
3239.7116333867734,231167,1120,2,"1-1"
3248.8453692707812,231162,1125,1,"1"
3283.6064990935147,231157,1130,1,"1"
3286.6692128312789,231145,1142,1,"1"
3290.1150419570045,231127,1160,1,"1"
3304.850553475203,231126,1161,1,"1"
3326.110604258829,231119,1168,1,"1"
3339.6220915174795,231101,1186,1,"1"
3351.0966875849963,231094,1193,1,"1"
3352.5030071544475,231076,1211,1,"1"
3387.6254669511382,231058,1229,1,"1"
3393.1579868270669,231040,1247,1,"1"
3405.5395968459329,231037,1250,1,"1"
3424.263606699149,231023,1264,1,"1"
3438.6578467744021,231005,1282,1,"1"
3458.7009698551719,230995,1292,2,"2"
3460.4272404116496,230977,1310,1,"1"
3463.9101379362733,230959,1328,1,"1"
3469.6939288701101,230941,1346,1,"1"
3480.0956801700249,230923,1364,1,"1"
3492.3007444857158,230905,1382,1,"1"
3497.4319718685597,230891,1396,1,"1"
3523.9618704234576,230873,1414,1,"1"
3536.9071521898977,230855,1432,1,"1"
3551.9973050281119,230852,1435,1,"1"
3556.8984652623758,230842,1445,1,"1"
3560.4705055833269,230824,1463,1,"1"
3590.9727213884662,230814,1473,1,"1"
3594.0467289336543,230805,1482,1,"1"
3665.2934227351811,230787,1500,1,"1"
3711.1440669581898,230786,1501,1,"1"
3716.0390517364253,230783,1504,1,"1"
3774.7359394186933,230765,1522,1,"1"
3796.0850715108231,230747,1540,1,"1"
3820.1512427041093,230742,1545,1,"1"
3822.8256788613808,230739,1548,1,"1"
3837.1540345045955,230721,1566,1,"1"
3863.1736375323562,230703,1584,1,"1"
3870.4641133925056,230700,1587,1,"1"
3870.9338786647586,230644,1643,6,"3-1-1-1"
3888.549794285761,230624,1663,2,"2"
3920.5081858369558,230606,1681,1,"1"
3928.7840752423626,230597,1690,3,"2-1"
3931.0067794230754,230583,1704,1,"1"
3954.3480072347079,230577,1710,2,"2"
3990.4203078638216,230564,1723,3,"2-1"
3990.534267200811,230546,1741,1,"1"
3999.9464776413806,230528,1759,1,"1"
4014.1138905153193,230510,1777,1,"1"
4022.0024785468499,230492,1795,1,"1"
4063.9125513409299,230474,1813,1,"1"
4066.9634575863302,230464,1823,1,"1"
4067.0847722934968,230461,1826,1,"1"
4071.2534839887635,230441,1846,4,"4"
4107.2951411511758,230423,1864,1,"1"
4107.3596631274422,230413,1874,2,"2"
4108.6156651956944,230403,1884,1,"1"
4137.4262981426928,230385,1902,1,"1"
4138.685866296315,230382,1905,1,"1"
4160.7869064452616,230364,1923,1,"1"
4186.7405484802057,230348,1939,4,"2-2"
4191.2573819350682,230343,1944,1,"1"
4241.0229847135488,230335,1952,2,"1-1"
4253.5232809209638,230332,1955,1,"1"
4274.6504916566437,230329,1958,1,"1"
4292.5247241243596,230312,1975,3,"2-1"
4332.3022161677218,230300,1987,1,"1"
4341.2002779383356,230291,1996,1,"1"
4366.8708999474493,230273,2014,1,"1"
4369.4765585593113,230255,2032,1,"1"
4378.2118625356843,230237,2050,1,"1"
4394.1837971894829,230234,2053,1,"1"
4404.8367250078509,230231,2056,1,"1"
4427.1472394478224,230226,2061,1,"1"
4441.9565925192255,230223,2064,1,"1"
4447.2370240729824,230205,2082,1,"1"
4464.4429461903774,230202,2085,1,"1"
4476.6449173845558,230184,2103,1,"1"
4482.5864969399217,230166,2121,1,"1"
4520.4140870556585,230148,2139,1,"1"
4527.7223842437734,230130,2157,1,"1"
4548.2249427424376,230094,2193,2,"2"
4574.0770143779046,230091,2196,1,"1"
4576.8149984220636,230086,2201,1,"1"
4592.5352189034538,230076,2211,2,"1-1"
4595.9042616727347,230070,2217,2,"2"
4625.4575511986814,230060,2227,2,"1-1"
4630.8807089349411,230057,2230,1,"1"
4632.5141132754379,230039,2248,1,"1"
4639.750862008108,230021,2266,1,"1"
4639.8907184904137,230008,2279,3,"2-1"
4641.63204793365,229994,2293,1,"1"
4656.3787026009386,229976,2311,1,"1"
4667.2487174676535,229958,2329,1,"1"
4669.4808727055279,229940,2347,1,"1"
4684.5955576084971,229935,2352,1,"1"
4699.1164067663867,229918,2369,1,"1"
4718.4021211923728,229913,2374,1,"1"
4727.8484366367393,229895,2392,1,"1"
4739.6464725098258,229885,2402,1,"1"
4741.866411985593,229867,2420,1,"1"
4751.5625107447049,229864,2423,1,"1"
4756.3033659516796,229849,2438,3,"3"
4810.9900435017544,229831,2456,1,"1"
4815.55926802258,229828,2459,1,"1"
4815.692870185987,229810,2477,1,"1"
4828.9524486904274,229792,2495,1,"1"
4834.835583477452,229778,2509,1,"1"
4837.3839385798537,229769,2518,1,"1"
4874.2932383588168,229755,2532,1,"1"
4878.4800659350412,229737,2550,1,"1"
4889.2477780949548,229725,2562,1,"1"
4901.7641554416105,229707,2580,1,"1"
4905.1678597109831,229704,2583,1,"1"
4918.0453597592186,229686,2601,1,"1"
4931.9816504500996,229668,2619,1,"1"
4936.5792604518638,229650,2637,1,"1"
4947.9155553475975,229643,2644,1,"1"
4966.1083720495117,229625,2662,1,"1"
4974.352150732364,229607,2680,1,"1"
5006.2293733046608,229589,2698,1,"1"
5046.9767621719029,229571,2716,1,"1"
5050.494959279853,229563,2724,2,"1-1"
5069.4905502327456,229551,2736,1,"1"
5073.9357535661484,229546,2741,1,"1"
5074.7078593727092,229504,2783,3,"1-1-1"
5076.818575938817,229486,2801,1,"1"
5079.2022522117941,229468,2819,1,"1"
5087.2430069209031,229450,2837,1,"1"
5090.9383339145252,229432,2855,1,"1"
5104.9847137578208,229426,2861,2,"2"
5130.312101137215,229408,2879,1,"1"
5132.6181232419094,229399,2888,1,"1"
5140.2259783804247,229363,2924,2,"2"
5148.6053104116118,229345,2942,1,"1"
5166.8596191103079,229327,2960,1,"1"
5189.9013842868899,229322,2965,1,"1"
5191.2268243395056,229260,3027,4,"3-1"
5191.244656647018,229242,3045,1,"1"
5196.062044310107,229224,3063,1,"1"
5199.8926737889942,229211,3076,3,"2-1"
5200.6454988609548,229202,3085,1,"1"
5222.2146140179811,229184,3103,1,"1"
5225.3440277550499,229176,3111,2,"2"
5235.1535701667744,229158,3129,1,"1"
5260.4068548193536,229155,3132,1,"1"
5284.6939556315738,229137,3150,1,"1"
5286.2550527191033,229127,3160,2,"2"
5287.7687752149777,229109,3178,1,"1"
5301.2342701200168,229091,3196,1,"1"
5311.0015369920611,229065,3222,2,"1-1"
5331.7548527172648,229060,3227,1,"1"
5338.4208770603927,229044,3243,1,"1"
5363.1017340753406,229026,3261,1,"1"
5377.9701004021399,229021,3266,1,"1"
5382.3515616702325,229007,3280,2,"2"
5383.5564610969359,228989,3298,1,"1"
5394.8722276445533,228958,3329,2,"2"
5425.4585404304971,228922,3365,2,"2"
5440.0011991438414,228917,3370,1,"1"
5443.6935741839179,228863,3424,10,"4-2-1-1-1-1"
5460.632173878832,228845,3442,1,"1"
5465.151485753323,228833,3454,1,"1"
5470.9981710631646,228815,3472,1,"1"
5477.3349077213106,228805,3482,1,"1"
5498.4833126210415,228794,3493,1,"1"
5516.9253353939957,228791,3496,1,"1"
5517.1908986866647,228773,3514,1,"1"
5574.8197509436404,228764,3523,1,"1"
5581.0750423228646,228746,3541,1,"1"
5594.5181015429916,228737,3550,1,"1"
5614.5338567788967,228683,3604,4,"3-1"
5614.8552312174324,228668,3619,1,"1"
5656.697248398902,228650,3637,1,"1"
5685.7816723934893,228645,3642,1,"1"
5700.5991310774161,228631,3656,1,"1"
5716.4407160178707,228611,3676,2,"1-1"
5731.5344995536225,228593,3694,1,"1"
5751.531210731755,228575,3712,1,"1"
5751.8543743782111,228557,3730,1,"1"
5761.9614233736347,228539,3748,1,"1"
5807.9239485481985,228533,3754,2,"2"
5833.0480094498926,228521,3766,1,"1"
5838.2156490587349,228503,3784,1,"1"
5845.7390761261722,228493,3794,1,"1"
5855.5484863010497,228475,3812,1,"1"
5887.9430076170756,228466,3821,1,"1"
5889.5508274790618,228463,3824,1,"1"
5895.2948541590595,228458,3829,1,"1"
5918.2646804405376,228440,3847,1,"1"
5932.279825760419,228344,3943,7,"5-1-1"
5935.7676561288072,228326,3961,1,"1"
5950.9521833516274,228316,3971,2,"2"
5976.5957219283855,228298,3989,1,"1"
5987.3199805649292,228280,4007,1,"1"
6033.7566135279058,228262,4025,1,"1"
6038.1556245208349,228252,4035,1,"1"
6057.513198417766,228233,4054,3,"3"
6062.9032978530449,228215,4072,1,"1"
6069.0636794890233,228205,4082,2,"2"
6077.2628193338041,228187,4100,1,"1"
6092.4126315617887,228169,4118,1,"1"
6093.5097030202851,228149,4138,2,"1-1"
6098.0949658184527,228135,4152,1,"1"
6111.3071758751094,228125,4162,2,"1-1"
6120.4273843962465,228107,4180,1,"1"
6133.4628777731195,228097,4190,1,"1"
6134.3639750198172,228085,4202,1,"1"
6148.2082067822375,228067,4220,1,"1"
6149.1575364621513,228019,4268,8,"2-2-2-1-1"
6159.8424213852404,228001,4286,1,"1"
6165.4063985428802,227989,4298,1,"1"
6166.3605212421216,227981,4306,2,"2"
6167.7888945092391,227945,4342,2,"1-1"
6212.3373028006044,227940,4347,1,"1"
6212.4523291654732,227904,4383,2,"1-1"
6220.3503627729651,227899,4388,1,"1"
6227.7837299592848,227881,4406,1,"1"
6245.1332399188286,227863,4424,1,"1"
6258.8386179713343,227847,4440,1,"1"
6270.0956903875094,227829,4458,1,"1"
6287.0617313101184,227818,4469,1,"1"
6291.2054398920318,227796,4491,2,"1-1"
6303.3325383961892,227785,4502,1,"1"
6325.7544986547973,227767,4520,1,"1"
6368.0628041923555,227731,4556,2,"1-1"
6390.476544462681,227701,4586,2,"2"
6390.8068815689403,227683,4604,1,"1"
6403.1541907739429,227678,4609,1,"1"
6419.1196886436965,227649,4638,3,"1-1-1"
6423.8865958648903,227635,4652,1,"1"
6429.3509871596925,227621,4666,2,"1-1"
6434.3944519590441,227616,4671,1,"1"
6440.1407524831639,227598,4689,1,"1"
6446.8778515415061,227580,4707,1,"1"
6464.0049558942055,227574,4713,2,"1-1"
6467.1871279099387,227569,4718,1,"1"
6468.9078995273394,227566,4721,1,"1"
6470.6155024965738,227561,4726,1,"1"
6472.6201004834274,227544,4743,1,"1"
6472.991689113941,227520,4767,2,"2"
6476.1236807019659,227515,4772,1,"1"
6486.2551398747855,227507,4780,2,"1-1"
6499.1263416908823,227489,4798,1,"1"
6504.3088085342106,227486,4801,1,"1"
6520.8827769009768,227471,4816,3,"2-1"
6534.8068730473378,227453,4834,1,"1"
6548.0154198523496,227439,4848,1,"1"
6560.0744025828308,227434,4853,1,"1"
6562.7712345073924,227396,4891,3,"2-1"
6568.1796710593171,227386,4901,1,"1"
6581.1568631465352,227380,4907,2,"2"
6588.4649620642331,227359,4928,3,"2-1"
6601.522159096734,227347,4940,1,"1"
6602.3382538440192,227311,4976,2,"1-1"
6605.2686812870779,227286,5001,3,"2-1"
6605.3939683226881,227272,5015,1,"1"
6606.9937049767732,227236,5051,2,"2"
6614.9379110043501,227218,5069,1,"1"
6617.0056318057814,227182,5105,2,"1-1"
6642.0390614266007,227146,5141,2,"1-1"
6673.5253857265188,227136,5151,2,"2"
6677.4057007046504,227118,5169,1,"1"
6679.8375401042631,227108,5179,1,"1"
6680.2045778188758,227072,5215,2,"2"
6681.7428896611909,227054,5233,1,"1"
6685.6152930065609,227051,5236,1,"1"
6689.6474241449087,227033,5254,1,"1"
6691.6957345825194,227015,5272,1,"1"
6714.8309984167145,227005,5282,1,"1"
6732.1678590252786,226993,5294,1,"1"
6738.5292430108957,226975,5312,1,"1"
6741.4644361339479,226957,5330,1,"1"
6745.2447886798309,226925,5362,3,"3"
6747.2797230927044,226918,5369,1,"1"
6748.8298114898334,226894,5393,2,"1-1"
6751.5415978506626,226889,5398,1,"1"
6753.1793159006347,226871,5416,1,"1"
6753.4008152375782,226861,5426,2,"2"
6761.8201684483784,226807,5480,3,"2-1"
6782.5692905665082,226769,5518,3,"1-1-1"
6790.2995780779011,226740,5547,2,"2"
6794.442615733602,226731,5556,1,"1"
6801.7225933152404,226713,5574,1,"1"
6810.062926303759,226706,5581,1,"1"
6829.3901613751359,226619,5668,13,"6-3-1-1-1-1"
6843.6860766173595,226609,5678,1,"1"
6844.6302187595911,226593,5694,1,"1"
6848.0063196138863,226575,5712,1,"1"
6860.8101596584902,226557,5730,1,"1"
6873.2760127544661,226554,5733,1,"1"
6878.1596553360378,226536,5751,1,"1"
6889.05762059676,226518,5769,1,"1"
6904.5832887178858,226500,5787,1,"1"
6940.1983605651722,226495,5792,1,"1"
6951.5577066713959,226477,5810,1,"1"
6951.7611485624257,226459,5828,1,"1"
6958.7390587506152,226441,5846,1,"1"
6966.5246257629324,226423,5864,1,"1"
6974.2431322005004,226387,5900,2,"2"
6978.9266179173392,226359,5928,2,"1-1"
6982.0873645519978,226356,5931,1,"1"
6987.6034969748298,226338,5949,1,"1"
6987.9420031149903,226320,5967,1,"1"
7002.5550733177597,226302,5985,1,"1"
7003.9413755937849,226284,6003,1,"1"
7008.1991097534783,226266,6021,1,"1"
7011.516017060665,226185,6102,13,"4-4-2-1-1-1"
7013.6760968938706,226167,6120,1,"1"
7017.7311137246606,226152,6135,1,"1"
7023.9289944030179,226134,6153,1,"1"
7031.6623712283545,226116,6171,1,"1"
7038.4110985271373,226111,6176,1,"1"
7046.746655556768,226093,6194,1,"1"
7052.0238808846252,226068,6219,5,"4-1"
7052.1862683978716,226042,6245,2,"1-1"
7055.4266457007298,226031,6256,1,"1"
7055.567510969674,226013,6274,1,"1"
7062.8729363048842,225995,6292,1,"1"
7070.6118941267296,225983,6304,1,"1"
7086.3075021487739,225965,6322,1,"1"
7087.8456112757458,225943,6344,4,"2-1-1"
7088.3401250542638,225925,6362,1,"1"
7090.1969007218631,225915,6372,1,"1"
7092.2774116931741,225897,6390,1,"1"
7098.8366167599424,225879,6408,1,"1"
7099.4125118441261,225861,6426,1,"1"
7105.766537825225,225825,6462,2,"2"
7115.2210202534989,225812,6475,1,"1"
7120.359583763945,225807,6480,1,"1"
7121.733664590447,225796,6491,1,"1"
7127.0013545939437,225789,6498,1,"1"
7149.4798599504693,225771,6516,1,"1"
7155.9860793100288,225761,6526,2,"2"
7165.216536822747,225751,6536,1,"1"
7165.6381331503044,225733,6554,1,"1"
7171.0378699222774,225724,6563,1,"1"
7172.3506046959901,225719,6568,1,"1"
7175.6892578162287,225683,6604,2,"2"
7182.4338627735051,225674,6613,1,"1"
7188.5709422136624,225656,6631,1,"1"
7191.2799969216321,225638,6649,1,"1"
7197.4508258071282,225531,6756,12,"4-3-1-1-1-1-1"
7207.9368887876117,225513,6774,1,"1"
7211.7870198197043,225495,6792,1,"1"
7219.0665866275776,225477,6810,1,"1"
7220.0130690631895,225457,6830,4,"3-1"
7221.7626920719795,225439,6848,1,"1"
7222.5369261239866,225415,6872,4,"3-1"
7231.6202114331109,225397,6890,1,"1"
7254.5775366591388,225379,6908,1,"1"
7255.4205696534855,225361,6926,1,"1"
7256.3202619279818,225343,6944,1,"1"
7257.1705670334113,225338,6949,1,"1"
7282.806980280463,225318,6969,2,"2"
7290.5833508646883,225300,6987,1,"1"
7316.8767621788056,225289,6998,1,"1"
7318.7269149184494,225271,7016,1,"1"
7328.5036626225829,225266,7021,1,"1"
7343.1726018924246,225248,7039,1,"1"
7344.3190336447351,225230,7057,1,"1"
7351.3565010587354,225190,7097,3,"2-1"
7372.9611560489948,225172,7115,1,"1"
7394.79649568062,225162,7125,1,"1"
7414.3507604906108,225157,7130,1,"1"
7419.8549727920717,225148,7139,1,"1"
7432.1416573968945,225120,7167,4,"2-2"
7433.8961855612697,225102,7185,1,"1"
7435.4934515219929,225074,7213,2,"2"
7452.259739914778,225056,7231,1,"1"
7468.7520534044488,225038,7249,1,"1"
7468.7966924509183,225026,7261,1,"1"
7485.3059215471603,225008,7279,1,"1"
7498.1322951672855,224990,7297,1,"1"
7507.9013831356269,224972,7315,1,"1"
7510.3745634806573,224954,7333,1,"1"
7522.1184627172979,224940,7347,1,"1"
7546.1878358939066,224922,7365,1,"1"
7546.5064294128697,224904,7383,2,"2"
7554.4931501686724,224894,7393,2,"2"
7582.1254407388797,224770,7517,9,"6-2-1"
7598.4405915221796,224744,7543,2,"1-1"
7604.6370122141452,224726,7561,1,"1"
7604.8535432160061,224669,7618,5,"3-1-1"
7606.8234407009659,224649,7638,2,"1-1"
7627.453787570159,224631,7656,1,"1"
7635.4279255579877,224621,7666,1,"1"
7636.4036770721541,224610,7677,1,"1"
7645.771357917818,224592,7695,1,"1"
7649.2210475655875,224574,7713,1,"1"
7656.5574727151497,224560,7727,1,"1"
7667.4182971194932,224553,7734,1,"1"
7668.9387261406118,224543,7744,1,"1"
7670.3293206587259,224525,7762,1,"1"
7675.9580546706638,224458,7829,9,"5-2-1-1"
7686.1097813433908,224449,7838,1,"1"
7692.9517401798194,224431,7856,1,"1"
7695.2189714843844,224370,7917,9,"3-2-2-1-1"
7708.8257721734835,224352,7935,1,"1"
7718.4947814836241,224334,7953,1,"1"
7722.4581252887419,224315,7972,3,"3"
7731.7923241272374,224297,7990,1,"1"
7733.9140017916361,224279,8008,1,"1"
7739.0775656507176,224261,8026,1,"1"
7745.6442220828412,224243,8044,1,"1"
7750.5869179351721,224229,8058,2,"1-1"
7752.7940261894737,224211,8076,1,"1"
7754.2539346458743,224192,8095,3,"1-1-1"
7760.8520484831697,224181,8106,1,"1"
7763.0747302217105,224143,8144,6,"2-2-1-1"
7763.5570950159408,224138,8149,1,"1"
7768.4801793102524,224128,8159,1,"1"
7772.2677764688606,224116,8171,1,"1"
7782.6995077641141,224106,8181,1,"1"
7789.7046202816246,224088,8199,1,"1"
7790.1902266489551,224054,8233,2,"2"
7799.8356368643099,224020,8267,6,"3-3"
7800.1677406915323,223972,8315,3,"2-1"
7805.026908247869,223944,8343,2,"2"
7807.4419142642919,223926,8361,1,"1"
7814.2686030293398,223914,8373,1,"1"
7825.1369916010308,223896,8391,1,"1"
7828.1124956165449,223862,8425,4,"2-1-1"
7831.7747729435405,223816,8471,6,"3-1-1-1"
7840.5948248863278,223798,8489,1,"1"
7861.8554332598824,223780,8507,1,"1"
7864.3619112245633,223763,8524,1,"1"
7888.054897300739,223745,8542,1,"1"
7897.6272151366056,223718,8569,3,"3"
7897.8935206137412,223700,8587,1,"1"
7910.2053617020383,223682,8605,1,"1"
7950.8040045941234,223673,8614,1,"1"
7950.9267279482792,223655,8632,2,"2"
7954.9750178396534,223637,8650,1,"1"
7962.4170027945456,223630,8657,1,"1"
7969.533084669758,223613,8674,1,"1"
7985.8798942381773,223595,8692,2,"2"
7987.6703627465668,223570,8717,3,"3"
7988.6130412547645,223552,8735,1,"1"
7999.632719788402,223539,8748,1,"1"
8000.5186555306627,223522,8765,1,"1"
8006.5627763109442,223497,8790,3,"3"
8044.8315272895052,223492,8795,1,"1"
8065.0169695925715,223464,8823,2,"2"
8067.6864230381907,223446,8841,2,"1-1"
8072.0245375465838,223428,8859,1,"1"
8080.182741243666,223395,8892,3,"2-1"
8086.543300165923,223377,8910,1,"1"
8100.6643586306182,223359,8928,1,"1"
8108.8261934013226,223341,8946,1,"1"
8109.0546221733721,223291,8996,5,"3-1-1"
8131.8646695771222,223281,9006,1,"1"
8132.5507967022204,223263,9024,1,"1"
8133.0542552161332,223245,9042,1,"1"
8143.0490360312479,223227,9060,1,"1"
8153.4881075141921,223209,9078,1,"1"
8170.2345630064756,223191,9096,1,"1"
8186.2813664211062,223173,9114,1,"1"
8190.5348929866677,223164,9123,1,"1"
8200.0520980836791,222990,9297,16,"7-4-2-1-1-1"
8204.7975597565164,222980,9307,1,"1"
8207.9679015565653,222962,9325,1,"1"
8211.7136111233031,222944,9343,1,"1"
8213.0983189712242,222915,9372,3,"2-1"
8224.4473781364777,222905,9382,1,"1"
8229.4501823624687,222790,9497,12,"2-2-2-2-2-1-1"
8229.8428337429505,222772,9515,1,"1"
8235.4317874554654,222736,9551,2,"1-1"
8237.2255798263577,222718,9569,1,"1"
8251.144734456293,222706,9581,1,"1"
8251.4743531785753,222697,9590,1,"1"
8262.1713715934529,222679,9608,1,"1"
8268.0215470200219,222661,9626,1,"1"
8271.9303680901794,222643,9644,2,"2"
8273.033229625853,222617,9670,2,"2"
8276.7412107414966,222599,9688,1,"1"
8279.7014058326931,222585,9702,1,"1"
8298.1372212901515,222531,9756,5,"5"
8305.073841247633,222513,9774,1,"1"
8314.941865224826,222502,9785,1,"1"
8318.6800391828147,222484,9803,1,"1"
8330.6207057385491,222466,9821,2,"2"
8341.3281130990017,222457,9830,1,"1"
8343.329339048154,222447,9840,1,"1"
8352.2910349220292,222429,9858,1,"1"
8353.7420686515343,222373,9914,5,"2-2-1"
8362.1300332927913,222359,9928,1,"1"
8380.1216746819446,222341,9946,1,"1"
8381.2987735014704,222177,10110,18,"4-3-3-2-1-1-1-1-1-1"
8382.2542566994325,222159,10128,1,"1"
8392.7398380639315,222141,10146,1,"1"
8394.725347986523,222096,10191,4,"4"
8414.8786511968392,222076,10211,2,"2"
8417.4200885433183,222069,10218,1,"1"
8419.8861736397776,221998,10289,7,"3-1-1-1-1"
8427.2418000561611,221944,10343,4,"4"
8429.5007972708263,221919,10368,3,"3"
8433.7899112445903,221880,10407,4,"3-1"
8442.566476226395,221856,10431,2,"2"
8448.4858999393127,221828,10459,2,"2"
8458.1927407344247,221810,10477,1,"1"
8469.2515289385901,221792,10495,1,"1"
8469.6217442598499,221756,10531,2,"1-1"
8487.4106697271982,221746,10541,1,"1"
8495.2068148299841,221710,10577,2,"2"
8499.1659916139088,221692,10595,1,"1"
8527.9854103438538,221674,10613,1,"1"
8530.1800531709177,221664,10623,1,"1"
8551.4410766297697,221606,10681,6,"2-1-1-1-1"
8561.3258495542177,221552,10735,3,"3"
8564.7832355874161,221416,10871,15,"5-5-3-2"
8570.0906635870779,221398,10889,1,"1"
8572.3805494243279,221380,10907,1,"1"
8576.104138957764,221362,10925,1,"1"
8578.7396179121297,221345,10942,1,"1"
8581.2795808935607,221334,10953,1,"1"
8583.1857279672968,221316,10971,1,"1"
8612.2729413865654,221298,10989,1,"1"
8622.0915978574449,221262,11025,2,"2"
8625.612292789252,221100,11187,16,"6-4-2-2-1-1"
8626.1891379548269,221082,11205,1,"1"
8653.641246378309,221064,11223,1,"1"
8675.0405127782069,221046,11241,1,"1"
8686.9628632948061,220997,11290,5,"3-2"
8700.9226538552975,220992,11295,1,"1"
8713.6216100545025,220974,11313,1,"1"
8721.1552848956489,220969,11318,1,"1"
8723.0826550157963,220958,11329,1,"1"
8737.192384172773,220940,11347,1,"1"
8738.4239708197802,220922,11365,1,"1"
8743.3527456552911,220877,11410,3,"1-1-1"
8745.8410237918943,220859,11428,1,"1"
8747.6011630169141,220666,11621,21,"5-5-3-2-1-1-1-1-1-1"
8753.390088550721,220648,11639,1,"1"
8761.5928857195213,220634,11653,1,"1"
8763.1400836221183,220528,11759,9,"7-1-1"
8769.7087921323,220510,11777,1,"1"
8779.9119350912715,220492,11795,1,"1"
8794.1754134694293,220446,11841,3,"3"
8796.2711226917763,220428,11859,1,"1"
8820.4429701003792,220410,11877,1,"1"
8828.0826702039012,220392,11895,1,"1"
8831.1908208939403,220374,11913,1,"1"
8834.8992659052365,220356,11931,1,"1"
8839.520260900661,220338,11949,1,"1"
8850.2740825331621,220327,11960,1,"1"
8856.9129816133172,220309,11978,1,"1"
8862.9071388123321,220291,11996,1,"1"
8864.9630900121647,220273,12014,1,"1"
8867.206057420537,220255,12032,1,"1"
8871.622536545543,220227,12060,2,"2"
8889.3706825642894,220217,12070,1,"1"
8892.7396013447978,220199,12088,1,"1"
8894.6477017177349,220186,12101,1,"1"
8902.492653600666,220168,12119,1,"1"
8903.6386976570866,220150,12137,1,"1"
8911.0899820635095,220132,12155,1,"1"
8947.0825749786309,220114,12173,1,"1"
8948.8411345792374,220078,12209,2,"2"
8956.9013098433697,220060,12227,1,"1"
8978.5624184736535,220042,12245,1,"1"
8982.1749290325297,219998,12289,3,"1-1-1"
9017.9913211593084,219980,12307,1,"1"
9034.451238044705,219895,12392,7,"4-2-1"
9044.1740561680981,219823,12464,6,"2-1-1-1-1"
9055.6986255370921,219805,12482,1,"1"
9061.8466642329186,219787,12500,1,"1"
9072.8351707361744,219751,12536,2,"1-1"
9081.7812398918832,219733,12554,1,"1"
9131.6803928856862,219715,12572,1,"1"
9135.6925888063852,219697,12590,1,"1"
9139.1913931939762,219679,12608,1,"1"
9146.5003793745127,219661,12626,1,"1"
9147.4701057605016,219643,12644,1,"1"
9160.9248583231074,219625,12662,1,"1"
9169.8748179398881,219607,12680,1,"1"
9181.9429030641422,219589,12698,1,"1"
9191.0438435042179,219571,12716,1,"1"
9209.9557970486094,219299,12988,18,"4-4-3-2-1-1-1-1-1"
9220.1798929124398,219290,12997,1,"1"
9225.08607315884,219254,13033,2,"2"
9236.6920684976812,219236,13051,1,"1"
9253.5238021166333,219218,13069,1,"1"
9256.3308100089525,219202,13085,2,"2"
9288.8778439530524,219184,13103,1,"1"
9297.9561959504081,219166,13121,1,"1"
9306.4267993966005,219148,13139,1,"1"
9314.4264503150025,219118,13169,2,"2"
9323.9796935922532,218976,13311,11,"3-2-2-2-1-1"
9327.3869177260076,218966,13321,1,"1"
9329.9161775397024,218691,13596,20,"6-3-2-2-2-1-1-1-1-1"
9347.343220382636,218655,13632,2,"1-1"
9348.1949952700033,218637,13650,1,"1"
9351.5996177030247,218559,13728,7,"2-2-1-1-1"
9353.2681913114411,218337,13950,17,"5-3-2-1-1-1-1-1-1-1"
9355.7102699333955,218275,14012,6,"3-2-1"
9361.9517386522057,218187,14100,6,"3-1-1-1"
9386.80504420326,218151,14136,2,"2"
9399.5441676355822,218133,14154,1,"1"
9401.9160603308865,217775,14512,31,"12-8-2-2-1-1-1-1-1-1-1"
9410.0368800491251,217739,14548,2,"2"
9415.7260512570228,217707,14580,2,"1-1"
9419.8992883651808,217668,14619,3,"1-1-1"
9430.3099073149206,217650,14637,1,"1"
9442.6737721429909,217632,14655,1,"1"
9445.3794484456048,217625,14662,1,"1"
9458.9431106722695,217589,14698,2,"1-1"
9459.6644566249379,217579,14708,1,"1"
9465.0628704427272,217568,14719,1,"1"
9469.0204105336361,0,232287,12257,"12257"
----------------------------------------------4
0,232287,0,0,"0"
138.26398486047941,232286,1,1,"1"
184.390680469399,232285,2,1,"1"
314.20055623951976,232284,3,1,"1"
352.6435978496894,232283,4,1,"1"
367.08193865124963,232271,16,1,"1"
407.73666405115199,232270,17,1,"1"
435.73118160044999,232252,35,1,"1"
501.17284430411166,232251,36,1,"1"
606.86192598805587,232250,37,1,"1"
610.89998447948096,232249,38,1,"1"
680.33467971255493,232246,41,1,"1"
683.9982515201126,232245,42,1,"1"
711.16108734551312,232244,43,1,"1"
718.7003583334191,232243,44,1,"1"
775.56644434333396,232242,45,1,"1"
804.73528755699192,232241,46,1,"1"
816.04613924559067,232240,47,1,"1"
833.61423996824499,232239,48,1,"1"
837.10858979367822,232238,49,1,"1"
841.64019880995306,232220,67,1,"1"
847.66217025192293,232218,69,2,"1-1"
904.48834538802657,232217,70,1,"1"
937.69056301074443,232216,71,1,"1"
940.82930308469599,232215,72,1,"1"
942.76670563222797,232210,77,1,"1"
947.25411060033696,232209,78,1,"1"
969.11115927077071,232208,79,1,"1"
974.52348604420899,232207,80,1,"1"
1025.5704442622823,232189,98,1,"1"
1039.3766434191079,232179,108,1,"1"
1065.8421455217651,232169,118,1,"1"
1070.4440099360563,232168,119,1,"1"
1079.9592842810462,232150,137,1,"1"
1088.0710389084763,232141,146,1,"1"
1094.1426484725257,232136,151,1,"1"
1110.5101163960833,232135,152,1,"1"
1141.2561689374013,232133,154,2,"2"
1163.5423486135001,232132,155,1,"1"
1176.7427743820099,232131,156,1,"1"
1246.4452726470613,232126,161,1,"1"
1248.6292777435035,232125,162,1,"1"
1255.2590920253599,232124,163,1,"1"
1263.579644214771,232106,181,1,"1"
1280.252600624729,232093,194,1,"1"
1307.8472434528348,232079,208,1,"1"
1330.4855703303901,232061,226,1,"1"
1384.3540070024419,232045,242,1,"1"
1429.111545130562,232044,243,1,"1"
1457.1498310616355,232043,244,1,"1"
1462.8793509304458,232040,247,1,"1"
1484.2941627030357,232022,265,1,"1"
1485.3209527113713,232021,266,1,"1"
1499.8889711441977,232003,284,1,"1"
1547.9600445684198,232002,285,1,"1"
1571.3264989322042,232001,286,1,"1"
1578.2346945877209,232000,287,1,"1"
1599.2966190790009,231999,288,1,"1"
1599.5928084816328,231998,289,1,"1"
1606.2588677804495,231995,292,3,"3"
1623.8946714549256,231994,293,1,"1"
1625.9450786735795,231976,311,1,"1"
1646.214496339107,231971,316,1,"1"
1647.9272143552212,231970,317,1,"1"
1671.8234274442834,231969,318,1,"1"
1706.7055765958819,231968,319,1,"1"
1709.1832519846732,231950,337,1,"1"
1714.9462682553969,231945,342,1,"1"
1715.8541497621534,231927,360,1,"1"
1729.3440427378214,231909,378,1,"1"
1730.124767578867,231899,388,1,"1"
1743.754343204359,231896,391,3,"2-1"
1750.8487081781348,231895,392,1,"1"
1750.8818909590534,231894,393,1,"1"
1752.0153321903431,231893,394,1,"1"
1769.032713528906,231883,404,1,"1"
1795.4205614522782,231882,405,1,"1"
1802.3092373342943,231881,406,1,"1"
1804.8402769641364,231880,407,1,"1"
1814.5863229625368,231879,408,1,"1"
1816.7406282243896,231861,426,1,"1"
1816.9211451289086,231858,429,1,"1"
1828.7890950663934,231857,430,1,"1"
1849.9556928231875,231855,432,2,"2"
1855.439929356975,231853,434,2,"2"
1857.0336263377496,231851,436,2,"1-1"
1858.9875983703348,231845,442,2,"2"
1891.2760434270456,231842,445,1,"1"
1901.8835935073801,231837,450,3,"2-1"
1903.1056866299493,231819,468,1,"1"
1906.0559325356874,231803,484,1,"1"
1917.732249272203,231802,485,1,"1"
1938.0890579735578,231799,488,3,"3"
1940.4977023107974,231781,506,1,"1"
1940.9216439415766,231780,507,1,"1"
1946.1644212926722,231779,508,1,"1"
1947.3470765488444,231778,509,1,"1"
1947.7729903782472,231777,510,1,"1"
1949.2928812644839,231775,512,2,"2"
1954.725677165037,231773,514,2,"2"
1962.3978092493069,231768,519,1,"1"
1963.6115818637509,231766,521,2,"1-1"
1967.3165544939245,231765,522,1,"1"
1969.817372925243,231764,523,1,"1"
1986.374838026074,231762,525,2,"2"
1988.1094957946777,231761,526,1,"1"
1989.2264988523311,231760,527,1,"1"
1996.460004250107,231759,528,1,"1"
2002.9757176785026,231758,529,1,"1"
2003.5221921741249,231740,547,1,"1"
2021.7749194130045,231739,548,1,"1"
2069.9099035140862,231729,558,1,"1"
2076.5054735960834,231728,559,1,"1"
2083.2195355995491,231727,560,1,"1"
2084.2384812107389,231722,565,1,"1"
2090.5478245945674,231721,566,1,"1"
2094.1559125320532,231719,568,2,"1-1"
2107.870090249819,231718,569,1,"1"
2118.5212720423106,231716,571,2,"2"
2123.6163938175432,231714,573,2,"2"
2166.788523157476,231696,591,1,"1"
2171.6070787597719,231695,592,1,"1"
2174.2247284318405,231693,594,2,"2"
2176.2091605650098,231692,595,1,"1"
2198.2219419590674,231674,613,1,"1"
2201.2962002732102,231672,615,2,"2"
2202.4426898450952,231671,616,1,"1"
2213.5376639589781,231643,644,2,"2"
2228.1366914854843,231642,645,1,"1"
2230.1819366980199,231624,663,1,"1"
2230.5147025650817,231611,676,1,"1"
2252.6438528304366,231610,677,1,"1"
2257.6130129759435,231592,695,1,"1"
2264.2805138208678,231591,696,1,"1"
2317.1743378278561,231590,697,1,"1"
2335.9986281227038,231580,707,1,"1"
2389.0256009739783,231578,709,2,"2"
2394.262039551365,231577,710,1,"1"
2397.9786378395643,231559,728,1,"1"
2403.0864664727405,231558,729,1,"1"
2448.5083494604578,231540,747,2,"2"
2450.9605618195678,231538,749,2,"2"
2506.9869671500032,231537,750,1,"1"
2510.9782672379251,231519,768,1,"1"
2513.5574189987174,231512,775,7,"7"
2539.7639725537442,231507,780,1,"1"
2542.1094869720441,231502,785,1,"1"
2580.6987057406855,231499,788,1,"1"
2584.3264760829302,231498,789,1,"1"
2602.9430862816034,231480,807,1,"1"
2634.6597261227903,231479,808,1,"1"
2640.8764799092214,231461,826,1,"1"
2691.4123184437281,231460,827,1,"1"
2699.8880985900059,231455,832,1,"1"
2700.5831397333204,231444,843,1,"1"
2714.2298978327453,231439,848,1,"1"
2724.0117237482264,231421,866,1,"1"
2727.9750695692514,231420,867,1,"1"
2753.7039978823827,231410,877,1,"1"
2768.1851929970348,231409,878,1,"1"
2769.081729906673,231408,879,1,"1"
2811.251586051706,231407,880,1,"1"
2811.912511551132,231389,898,1,"1"
2814.7368401085428,231383,904,2,"2"
2820.1399647043286,231382,905,1,"1"
2823.2499607574423,231381,906,1,"1"
2828.8459111678217,231378,909,1,"1"
2841.8256673619621,231377,910,1,"1"
2846.8901195961207,231375,912,2,"2"
2865.2435634974545,231357,930,1,"1"
2887.7114852146019,231356,931,1,"1"
2888.5911066419844,231352,935,4,"2-1-1"
2899.8655306710584,231334,953,1,"1"
2902.1724021266627,231333,954,1,"1"
2919.4816326648074,231330,957,1,"1"
2928.0196821084919,231325,962,1,"1"
2936.9342638614594,231320,967,1,"1"
2939.0394036817643,231319,968,1,"1"
2939.8894322711403,231307,980,1,"1"
2941.3984320680001,231289,998,1,"1"
2956.1856915102439,231284,1003,1,"1"
2956.5622072056758,231266,1021,1,"1"
2987.2151569843363,231248,1039,1,"1"
2990.4545391049132,231247,1040,1,"1"
2992.4358198733316,231246,1041,1,"1"
3024.8741481645757,231245,1042,1,"1"
3052.4578095987708,231236,1051,1,"1"
3056.7406010044638,231231,1056,1,"1"
3068.1524512735791,231217,1070,1,"1"
3078.9022536422249,231187,1100,2,"1-1"
3099.3190949259319,231169,1118,1,"1"
3145.7049602780576,231163,1124,2,"2"
3153.3760034967909,231145,1142,1,"1"
3155.6429591408682,231144,1143,1,"1"
3161.8308593343049,231131,1156,1,"1"
3180.8939445151532,231130,1157,1,"1"
3201.671584247907,231122,1165,2,"2"
3214.0583430371594,231110,1177,1,"1"
3260.4720514769915,231098,1189,1,"1"
3312.4570028869189,231095,1192,1,"1"
3329.9386988927804,231076,1211,3,"3"
3330.1934674259305,231058,1229,1,"1"
3330.2750899388002,231052,1235,2,"2"
3359.7354804733332,231034,1253,1,"1"
3374.7849032845916,231016,1271,1,"1"
3396.1095583766682,231011,1276,1,"1"
3404.6113636767332,230993,1294,1,"1"
3417.3318819000688,230975,1312,1,"1"
3429.8363785214642,230957,1330,1,"1"
3435.5426900021066,230952,1335,1,"1"
3444.6028710152427,230934,1353,1,"1"
3446.8422439608576,230916,1371,1,"1"
3489.1856677223395,230898,1389,1,"1"
3515.1836331271484,230872,1415,2,"2"
3522.9510551414055,230854,1433,1,"1"
3530.9783986426814,230836,1451,1,"1"
3547.3625212344755,230818,1469,1,"1"
3554.1602001430119,230800,1487,1,"1"
3556.8536270043528,230798,1489,2,"2"
3581.6907483062373,230789,1498,3,"2-1"
3582.8791238328436,230771,1516,2,"1-1"
3596.3532890819629,230753,1534,1,"1"
3597.0557131046826,230736,1551,3,"2-1"
3618.5820304214212,230718,1569,1,"1"
3650.8335809416526,230708,1579,1,"1"
3678.8610200731468,230703,1584,1,"1"
3711.7154672099541,230698,1589,1,"1"
3714.7542882237844,230686,1601,1,"1"
3730.672098504961,230668,1619,1,"1"
3737.8372691140089,230650,1637,1,"1"
3753.4184227986034,230637,1650,1,"1"
3770.8093364185474,230627,1660,1,"1"
3791.1697950170123,230617,1670,2,"2"
3798.802372535793,230599,1688,1,"1"
3807.6655467904134,230590,1697,1,"1"
3819.2118329027794,230581,1706,1,"1"
3820.1383857411979,230572,1715,3,"3"
3833.2299122910008,230562,1725,2,"1-1"
3860.3865617910033,230559,1728,1,"1"
3864.7767049776085,230556,1731,1,"1"
3884.7280426449697,230553,1734,1,"1"
3886.9700039483005,230544,1743,1,"1"
3923.4491295329954,230526,1761,1,"1"
3925.1852934229955,230508,1779,1,"1"
3929.8465177962694,230503,1784,1,"1"
3949.5276928627054,230485,1802,1,"1"
3962.8742063286154,230480,1807,1,"1"
3994.2645343942427,230471,1816,1,"1"
3997.9855364735172,230468,1819,1,"1"
4023.1078107400654,230456,1831,1,"1"
4042.4522122602161,230438,1849,1,"1"
4055.4050240371403,230435,1852,1,"1"
4063.6835300593916,230417,1870,1,"1"
4085.4410991719519,230402,1885,1,"1"
4092.9505174214701,230384,1903,1,"1"
4105.709489806055,230377,1910,1,"1"
4113.0285601830292,230359,1928,1,"1"
4124.8502020727274,230341,1946,1,"1"
4134.6369398214283,230323,1964,1,"1"
4136.6115930458554,230313,1974,1,"1"
4147.6263711586171,230295,1992,1,"1"
4150.7513580279801,230292,1995,1,"1"
4173.8249856828588,230274,2013,1,"1"
4180.4684935004716,230256,2031,1,"1"
4190.282580864623,230253,2034,1,"1"
4190.5793916652256,230235,2052,1,"1"
4208.3683416369031,230229,2058,2,"2"
4225.4026380532923,230219,2068,1,"1"
4227.9391491766282,230201,2086,1,"1"
4230.8068053036432,230192,2095,1,"1"
4237.3011859115168,230174,2113,1,"1"
4239.0288423950142,230158,2129,2,"1-1"
4239.2505195550611,230140,2147,1,"1"
4245.3069522266769,230137,2150,1,"1"
4249.2534845261234,230119,2168,1,"1"
4251.6247621526973,230101,2186,1,"1"
4252.5926312946003,230083,2204,1,"1"
4257.1188617450025,230072,2215,3,"2-1"
4269.4373893147713,230054,2233,1,"1"
4279.2994489702642,230036,2251,1,"1"
4282.7933148786315,230031,2256,1,"1"
4287.9954191478701,230022,2265,3,"1-1-1"
4294.6078325901935,230004,2283,1,"1"
4297.2225126144585,229991,2296,1,"1"
4321.9174082055779,229973,2314,1,"1"
4341.1158952263277,229963,2324,1,"1"
4411.1169121168268,229940,2347,3,"2-1"
4412.6685647009272,229922,2365,1,"1"
4452.3138581792182,229912,2375,1,"1"
4454.1770792364241,229894,2393,1,"1"
4479.5096146801361,229876,2411,1,"1"
4482.7400226308137,229858,2429,1,"1"
4514.6769360826993,229840,2447,1,"1"
4516.6748499557716,229824,2463,1,"1"
4561.0187961210404,229818,2469,2,"2"
4563.7177371117132,229810,2477,2,"1-1"
4569.2048237097924,229792,2495,1,"1"
4578.9824973675204,229782,2505,1,"1"
4590.4399924748386,229764,2523,1,"1"
4595.5893003554102,229761,2526,1,"1"
4620.7201160876384,229756,2531,1,"1"
4657.4717631595195,229747,2540,3,"3"
4680.8995345996345,229744,2543,1,"1"
4736.7460150184033,229733,2554,1,"1"
4751.2623564857931,229715,2572,1,"1"
4774.8916440218754,229705,2582,1,"1"
4775.0543423946174,229687,2600,1,"1"
4799.115286619578,229646,2641,9,"4-3-1-1"
4812.4699368710135,229628,2659,1,"1"
4821.3527673466551,229623,2664,1,"1"
4848.7263207844308,229605,2682,1,"1"
4849.5751300519187,229595,2692,1,"1"
4862.6246726865238,229583,2704,1,"1"
4872.7407596312023,229571,2716,1,"1"
4900.4843001079125,229565,2722,2,"2"
4919.2514363601267,229560,2727,1,"1"
4923.1817990214386,229542,2745,1,"1"
4929.9311551209976,229524,2763,1,"1"
4935.3898588003904,229514,2773,1,"1"
4937.5957335986222,229496,2791,1,"1"
4951.929354621755,229493,2794,1,"1"
4956.1424506799549,229475,2812,1,"1"
4956.373279153584,229457,2830,1,"1"
4986.04145262169,229439,2848,1,"1"
5015.0806718631475,229421,2866,1,"1"
5023.0393261702675,229411,2876,2,"2"
5040.2981471595913,229393,2894,1,"1"
5043.7707068799564,229375,2912,1,"1"
5056.1106235012921,229370,2917,1,"1"
5065.4606148662015,229352,2935,1,"1"
5068.2649908705107,229349,2938,1,"1"
5077.9505419703883,229331,2956,1,"1"
5094.2384663127132,229326,2961,1,"1"
5096.2472933996978,229308,2979,1,"1"
5097.0541151390198,229305,2982,1,"1"
5100.6855224123019,229287,3000,1,"1"
5103.2261409745161,229263,3024,2,"2"
5123.5065569038888,229260,3027,1,"1"
5133.8359196334468,229242,3045,1,"1"
5165.663605077375,229224,3063,1,"1"
5214.314692640156,229206,3081,1,"1"
5238.7386062845171,229203,3084,1,"1"
5240.5301223526831,229185,3102,1,"1"
5248.7257756672416,229182,3105,1,"1"
5267.2468562689437,229164,3123,1,"1"
5270.7025575259486,229161,3126,1,"1"
5270.768355049001,229143,3144,1,"1"
5284.5938075424583,229140,3147,1,"1"
5288.7701639149473,229124,3163,1,"1"
5292.3892088349985,229096,3191,2,"2"
5292.8674408176757,229091,3196,1,"1"
5294.6175396720673,229073,3214,1,"1"
5304.6291334955195,229055,3232,1,"1"
5313.5723014132882,229037,3250,1,"1"
5319.5969710803693,229032,3255,1,"1"
5329.2169459181096,229023,3264,3,"2-1"
5331.8076127028089,229006,3281,1,"1"
5333.3367665765209,229003,3284,1,"1"
5335.6152176466867,228998,3289,1,"1"
5344.1118159626776,228988,3299,1,"1"
5345.6931955993305,228970,3317,1,"1"
5354.7600236017233,228952,3335,1,"1"
5381.5551875340243,228934,3353,1,"1"
5408.2374584453364,228916,3371,1,"1"
5421.1424970544522,228898,3389,1,"1"
5424.7670407083388,228880,3407,1,"1"
5438.1163979261091,228870,3417,2,"2"
5443.3946379675845,228852,3435,1,"1"
5462.5745839008741,228841,3446,1,"1"
5464.2921982761491,228826,3461,1,"1"
5466.2967593597923,228808,3479,1,"1"
5490.8513317873067,228790,3497,1,"1"
5491.6373227201029,228772,3515,1,"1"
5508.04708510807,228754,3533,1,"1"
5511.6959743981906,228736,3551,1,"1"
5541.3680496382012,228718,3569,1,"1"
5545.3252031608126,228710,3577,2,"1-1"
5557.7376392337947,228692,3595,1,"1"
5563.0938924870416,228674,3613,1,"1"
5563.1890069074443,228656,3631,1,"1"
5569.9404590888835,228651,3636,1,"1"
5581.4266031174366,228633,3654,1,"1"
5625.3584261408678,228630,3657,1,"1"
5627.7085913824176,228616,3671,2,"2"
5633.9270813801922,228598,3689,1,"1"
5647.0912677534234,228589,3698,1,"1"
5662.4544907077479,228577,3710,1,"1"
5682.4513028950842,228559,3728,1,"1"
5724.0791378183185,228541,3746,1,"1"
5759.3824293972802,228527,3760,1,"1"
5763.6029587026342,228509,3778,1,"1"
5766.6895103137686,228491,3796,1,"1"
5771.286704758043,228481,3806,2,"1-1"
5778.2747212483964,228463,3824,1,"1"
5802.5776026392723,228453,3834,1,"1"
5831.6711907371891,228435,3852,1,"1"
5847.2665935771856,228417,3870,1,"1"
5847.5868412234522,228403,3884,1,"1"
5857.1001706394591,228391,3896,2,"1-1"
5857.2787904615734,228377,3910,2,"1-1"
5878.5394380750613,228359,3928,1,"1"
5880.3033437087415,228341,3946,1,"1"
5883.8104098573849,228317,3970,4,"2-2"
5904.240239019844,228310,3977,1,"1"
5907.2820723338818,228298,3989,1,"1"
5941.1628895172453,228280,4007,1,"1"
5942.0901804369332,228244,4043,2,"1-1"
5949.5417097917898,228241,4046,1,"1"
5957.2508605376679,228205,4082,2,"1-1"
5971.0022908939263,228200,4087,1,"1"
5978.8921923918051,228185,4102,3,"2-1"
5984.4934725638686,228182,4105,1,"1"
6002.9645968873338,228164,4123,1,"1"
6019.7642871471799,228146,4141,1,"1"
6027.7499263332156,228105,4182,4,"3-1"
6042.6671493144831,228095,4192,2,"2"
6049.7841598777841,228079,4208,4,"4"
6051.245575003778,228061,4226,1,"1"
6058.664761224527,228043,4244,1,"1"
6069.7705443272389,228038,4249,1,"1"
6077.4596978597492,228029,4258,1,"1"
6080.0576991964836,228011,4276,1,"1"
6080.6893918622245,227993,4294,1,"1"
6093.5337400530798,227975,4312,1,"1"
6095.7259624317367,227957,4330,1,"1"
6101.8949876635534,227933,4354,2,"2"
6119.6903284531518,227915,4372,1,"1"
6120.060031518502,227866,4421,5,"5"
6134.9175189872885,227856,4431,1,"1"
6145.181155090916,227838,4449,1,"1"
6148.7798474338451,227820,4467,1,"1"
6182.218174779071,227815,4472,1,"1"
6185.4125774743152,227797,4490,1,"1"
6185.427392833034,227779,4508,1,"1"
6205.5840285619424,227761,4526,1,"1"
6208.4330989675454,227758,4529,1,"1"
6228.243923055009,227740,4547,1,"1"
6228.2820503620951,227722,4565,1,"1"
6244.4064740780523,227704,4583,1,"1"
6259.6466363011123,227694,4593,1,"1"
6264.6058861061347,227676,4611,1,"1"
6269.4276824051803,227666,4621,1,"1"
6282.3159857427436,227648,4639,1,"1"
6297.1386947038372,227612,4675,2,"1-1"
6301.5411370158763,227594,4693,1,"1"
6304.0394813046187,227584,4703,2,"2"
6312.5445667621161,227572,4715,1,"1"
6314.0974932424106,227554,4733,1,"1"
6329.6455204121266,227536,4751,1,"1"
6334.8565518130881,227518,4769,1,"1"
6338.3563890196619,227513,4774,1,"1"
6349.6117670367548,227495,4792,1,"1"
6349.9302275320424,227490,4797,1,"1"
6352.8761093540852,227487,4800,1,"1"
6370.4143860814283,227482,4805,1,"1"
6374.4108329594274,227464,4823,1,"1"
6384.5314225219599,227446,4841,1,"1"
6389.0152299647434,227436,4851,1,"1"
6393.57202547427,227408,4879,2,"2"
6395.9826492003185,227391,4896,3,"3"
6423.4152339493348,227373,4914,1,"1"
6427.2394166485747,227355,4932,1,"1"
6433.2117202536347,227337,4950,1,"1"
6438.3555423347734,227301,4986,2,"2"
6445.7580725297703,227266,5021,7,"4-1-1-1"
6454.4872932551061,227248,5039,1,"1"
6496.4135880383201,227230,5057,1,"1"
6496.9924094564722,227194,5093,2,"2"
6514.1493148069294,227169,5118,5,"2-1-1-1"
6534.6834667408393,227162,5125,1,"1"
6536.5699666323299,227144,5143,1,"1"
6538.8022736232415,227126,5161,1,"1"
6540.9339110101482,227108,5179,1,"1"
6545.591418932735,227103,5184,1,"1"
6551.1254611515806,227079,5208,2,"1-1"
6583.101086380344,227061,5226,1,"1"
6588.8766032889307,227043,5244,1,"1"
6603.746758290883,227040,5247,1,"1"
6604.9188401966658,227022,5265,1,"1"
6606.6325027084185,227004,5283,1,"1"
6608.6381251095845,226990,5297,1,"1"
6613.2714217808489,226972,5315,1,"1"
6619.1927404208809,226954,5333,1,"1"
6641.7641542957126,226943,5344,1,"1"
6652.3751951906806,226925,5362,1,"1"
6659.1073106576287,226907,5380,1,"1"
6661.3144432961717,226889,5398,1,"1"
6667.4924730992552,226884,5403,1,"1"
6672.1197706188432,226874,5413,1,"1"
6674.3013010710629,226856,5431,1,"1"
6683.0185035827835,226840,5447,1,"1"
6691.8231132310075,226826,5461,1,"1"
6718.0930157340308,226808,5479,1,"1"
6719.6915513750355,226796,5491,1,"1"
6739.4873583602639,226786,5501,1,"1"
6746.0211126136046,226768,5519,1,"1"
6759.6590429884081,226750,5537,1,"1"
6771.6265489402604,226738,5549,1,"1"
6781.3976203783195,226720,5567,1,"1"
6785.7204331859775,226717,5570,1,"1"
6787.6852824331972,226693,5594,4,"2-1-1"
6802.1201101438128,226637,5650,8,"3-2-1-1-1"
6837.667303483634,226601,5686,2,"1-1"
6839.6860275093604,226594,5693,1,"1"
6844.0591764699266,226576,5711,1,"1"
6844.6846765369764,226564,5723,1,"1"
6847.1669084367377,226546,5741,1,"1"
6847.3050821229936,226528,5759,1,"1"
6854.4325974632911,226513,5774,1,"1"
6857.4902638658205,226510,5777,1,"1"
6864.9376895637224,226505,5782,1,"1"
6873.3124158363753,226495,5792,2,"2"
6876.6147150164898,226484,5803,1,"1"
6878.3853375030376,226466,5821,1,"1"
6878.5182088625434,226454,5833,1,"1"
6887.2264708766561,226436,5851,1,"1"
6901.7455361713683,226418,5869,1,"1"
6902.2495972769684,226400,5887,1,"1"
6903.714833752696,226382,5905,1,"1"
6941.5352902105096,226364,5923,1,"1"
6948.652494126628,226346,5941,1,"1"
6963.7303505104783,226336,5951,1,"1"
6970.5571533950006,226331,5956,1,"1"
6972.2197285461471,226323,5964,2,"2"
6995.4028240727885,226296,5991,3,"3"
6998.4970763004785,226278,6009,1,"1"
7000.8456309280236,226260,6027,1,"1"
7013.777615314928,226242,6045,1,"1"
7027.3393117314681,226235,6052,1,"1"
7034.7047219218684,226217,6070,1,"1"
7061.4229689721406,226197,6090,4,"4"
7065.6492975385599,226179,6108,1,"1"
7073.7962108722713,226169,6118,2,"2"
7077.2637257276092,226151,6136,1,"1"
7082.8962342727064,226144,6143,1,"1"
7100.535215684683,226134,6153,1,"1"
7101.4031343629658,226116,6171,1,"1"
7103.0965998928696,226104,6183,1,"1"
7110.9221128259242,226090,6197,2,"2"
7128.1490032794945,226072,6215,2,"2"
7128.9704350507845,226054,6233,1,"1"
7131.8941226663937,226028,6259,4,"3-1"
7139.7343037034889,226010,6277,1,"1"
7152.9598116883662,226005,6282,1,"1"
7153.9297151894498,225993,6294,1,"1"
7189.076651298049,225982,6305,1,"1"
7190.2178453557526,225958,6329,2,"1-1"
7194.1949134189299,225953,6334,1,"1"
7206.3908457045582,225913,6374,3,"3"
7223.5615602905264,225903,6384,1,"1"
7234.6813792602916,225885,6402,1,"1"
7237.1697068346211,225875,6412,1,"1"
7239.2416319457825,225865,6422,1,"1"
7243.2454326685647,225847,6440,1,"1"
7249.8232612621396,225817,6470,3,"3"
7251.1861612862658,225789,6498,2,"1-1"
7266.2669045289522,225759,6528,6,"3-2-1"
7274.7025327820484,225687,6600,6,"3-2-1"
7274.8479479356238,225677,6610,1,"1"
7282.5802088214741,225659,6628,1,"1"
7290.0825246561035,225603,6684,4,"2-2"
7308.3465085089156,225595,6692,2,"1-1"
7313.683364764509,225577,6710,1,"1"
7365.0789102008102,225563,6724,1,"1"
7393.1042115647824,225547,6740,4,"1-1-1-1"
7409.3969901134551,225540,6747,1,"1"
7409.7046564744378,225522,6765,1,"1"
7413.3876427726482,225504,6783,1,"1"
7417.9480808406997,225486,6801,1,"1"
7437.6790983015135,225468,6819,1,"1"
7460.785677967473,225450,6837,1,"1"
7463.214436574066,225432,6855,1,"1"
7468.0895118956278,225360,6927,4,"3-1"
7481.3357855651693,225342,6945,1,"1"
7492.861494433203,225308,6979,6,"3-2-1"
7495.4341059346307,225298,6989,1,"1"
7499.2938977312842,225288,6999,1,"1"
7507.501433092476,225252,7035,2,"1-1"
7514.2928621779201,225232,7055,2,"1-1"
7530.8678107975238,225215,7072,3,"2-1"
7532.792251805231,225197,7090,1,"1"
7557.5240451674626,225096,7191,13,"6-2-2-1-1-1"
7560.9541204181833,225078,7209,1,"1"
7562.5249071697426,225060,7227,1,"1"
7567.2282354183362,225055,7232,1,"1"
7580.0252406808895,225037,7250,1,"1"
7586.9790813925356,224917,7370,18,"4-3-2-2-2-1-1-1-1-1"
7596.5073877159284,224907,7380,1,"1"
7600.7265126843722,224897,7390,1,"1"
7605.5315411888178,224879,7408,1,"1"
7621.5124145491072,224861,7426,2,"2"
7658.2741567737048,224843,7444,1,"1"
7659.283618243915,224825,7462,1,"1"
7663.0426270074659,224807,7480,1,"1"
7667.3980831373219,224789,7498,1,"1"
7686.8263573118638,224777,7510,1,"1"
7690.8928013908608,224756,7531,3,"1-1-1"
7696.4364565561318,224738,7549,1,"1"
7701.660082513732,224666,7621,10,"3-2-2-2-1"
7710.987187750482,224630,7657,2,"2"
7715.0753187256623,224612,7675,1,"1"
7723.8323462953049,224595,7692,1,"1"
7746.1677621584377,224579,7708,2,"2"
7746.7367827820281,224561,7726,2,"1-1"
7750.9530367457364,224527,7760,3,"2-1"
7756.8482213639309,224505,7782,2,"2"
7760.4615480529701,224436,7851,11,"4-4-1-1-1"
7760.6622264340458,224429,7858,1,"1"
7763.4036939200587,224401,7886,4,"3-1"
7764.4524945363173,224396,7891,1,"1"
7794.2741213458548,224378,7909,1,"1"
7796.8934967333489,224278,8009,9,"4-3-2"
7803.3951434785376,224260,8027,1,"1"
7818.5218182196395,224224,8063,2,"1-1"
7820.520602962597,224206,8081,1,"1"
7823.8620407093149,224135,8152,6,"2-1-1-1-1"
7840.2728131659314,224117,8170,1,"1"
7860.1361721032299,224003,8284,11,"3-2-2-2-1-1"
7875.2155794246519,223979,8308,2,"2"
7896.4219612116276,223953,8334,2,"2"
7910.1286079455249,223935,8352,1,"1"
7919.3336132476488,223883,8404,8,"4-4"
7922.0737062439075,223865,8422,1,"1"
7935.1861818120133,223856,8431,1,"1"
7939.5067796386475,223842,8445,1,"1"
7941.6779473021188,223808,8479,3,"2-1"
7974.6098287442246,223790,8497,1,"1"
7980.157908426203,223772,8515,1,"1"
7981.6676608942444,223754,8533,1,"1"
7989.1454252107242,223741,8546,1,"1"
7994.6659512918877,223736,8551,1,"1"
8029.4426660700765,223718,8569,1,"1"
8030.8275314345146,223700,8587,1,"1"
8042.1239486703453,223682,8605,1,"1"
8050.445975737689,223658,8629,2,"2"
8052.4523356546797,223627,8660,5,"5"
8059.750181157583,223620,8667,1,"1"
8076.6431616936125,223579,8708,4,"2-1-1"
8081.831621474691,223561,8726,1,"1"
8111.7908257558656,223543,8744,1,"1"
8113.0380942194415,223525,8762,1,"1"
8130.0996102040017,223507,8780,1,"1"
8142.7407149788751,223471,8816,2,"2"
8145.4630620806265,223380,8907,12,"5-4-2-1"
8162.0665150850855,223362,8925,1,"1"
8172.8230226015694,223344,8943,1,"1"
8177.3275270817303,223326,8961,1,"1"
8190.2733253007564,223290,8997,2,"2"
8195.1634443132734,223272,9015,1,"1"
8202.9872853646666,223254,9033,1,"1"
8204.8229855807385,223236,9051,1,"1"
8207.658751954772,223192,9095,4,"2-1-1"
8209.6103258859494,223181,9106,1,"1"
8214.9882215013713,223176,9111,1,"1"
8223.6402067288163,223158,9129,1,"1"
8224.6332562045936,223151,9136,1,"1"
8225.8233522341634,223115,9172,2,"1-1"
8231.3937352842258,223097,9190,1,"1"
8256.9538946720822,223083,9204,1,"1"
8258.1492788225532,223041,9246,3,"2-1"
8271.3987502780783,223023,9264,1,"1"
8271.4720227678336,223007,9280,2,"1-1"
8276.2697743303925,222989,9298,1,"1"
8276.5608944325832,222971,9316,1,"1"
8299.740972944539,222953,9334,1,"1"
8314.59566452127,222933,9354,2,"2"
8314.6740142592025,222915,9372,1,"1"
8318.164951370687,222888,9399,5,"3-1-1"
8318.8402180480134,222876,9411,1,"1"
8321.945886585343,222858,9429,1,"1"
8350.1211935401279,222840,9447,1,"1"
8354.6269224015559,222822,9465,1,"1"
8358.4591718017782,222810,9477,1,"1"
8370.1053173282871,222803,9484,1,"1"
8375.2124334602031,222785,9502,1,"1"
8375.6593257573622,222776,9511,1,"1"
8376.657716047499,222758,9529,1,"1"
8390.871172668034,222740,9547,1,"1"
8393.6678756028559,222722,9565,1,"1"
8404.5318586619451,222712,9575,1,"1"
8405.5804795456625,222701,9586,1,"1"
8420.945904144939,222683,9604,1,"1"
8433.1581499558342,222676,9611,1,"1"
8440.999415523891,222658,9629,1,"1"
8451.5113119825091,222636,9651,2,"2"
8454.6937713624684,222618,9669,1,"1"
8455.8133576220989,222600,9687,1,"1"
8457.5686251649113,222564,9723,2,"1-1"
8468.780610419215,222546,9741,1,"1"
8475.0038682453687,222528,9759,1,"1"
8479.5027177851698,222506,9781,2,"2"
8489.5762853990091,222488,9799,1,"1"
8496.6389488186724,222448,9839,4,"2-1-1"
8512.8943452380645,222430,9857,1,"1"
8515.5932422692549,222412,9875,1,"1"
8516.7297566284324,222394,9893,1,"1"
8530.8621720843275,222385,9902,1,"1"
8530.8838799727964,222331,9956,3,"1-1-1"
8534.0636908994657,222261,10026,6,"4-2"
8534.9386705565412,222249,10038,1,"1"
8535.7216813181894,222193,10094,4,"2-1-1"
8538.8278376284325,222181,10106,1,"1"
8568.0159243463459,222163,10124,1,"1"
8580.3879790405099,222158,10129,1,"1"
8580.8136945524548,222140,10147,1,"1"
8602.2191143548844,222062,10225,6,"2-2-1-1"
8605.271019206868,222023,10264,5,"4-1"
8608.0314708060396,221995,10292,2,"2"
8609.2344035637652,221990,10297,1,"1"
8621.8917924371508,221954,10333,2,"1-1"
8632.6907822078028,221925,10362,2,"2"
8633.0240397525231,221897,10390,3,"3"
8636.9757102778767,221861,10426,2,"2"
8664.2684592425649,221851,10436,1,"1"
8684.101314499836,221833,10454,1,"1"
8696.0874844326172,221815,10472,1,"1"
8704.6307376535769,221797,10490,1,"1"
8717.6098163116349,221761,10526,2,"2"
8723.4949601747794,221743,10544,1,"1"
8727.0240786787908,221728,10559,3,"3"
8735.4099391228265,221646,10641,8,"4-2-1-1"
8737.6732791711856,221636,10651,1,"1"
8754.4004132835271,221619,10668,1,"1"
8756.3049884795164,221601,10686,1,"1"
8756.3688324275554,221545,10742,4,"2-1-1"
8761.0512210113066,221527,10760,1,"1"
8777.536243457711,221511,10776,2,"1-1"
8782.8897920652562,221493,10794,1,"1"
8796.2090115419687,221475,10812,1,"1"
8798.4466558203112,221466,10821,1,"1"
8810.8796379315099,221384,10903,7,"7"
8811.0781596488541,221379,10908,1,"1"
8828.8367695055877,221372,10915,1,"1"
8830.2532095382376,221354,10933,1,"1"
8863.2059742345555,221347,10940,1,"1"
8871.2863279390003,221329,10958,1,"1"
8877.2253129806195,221311,10976,1,"1"
8883.3176345579668,221293,10994,1,"1"
8884.437370704034,221273,11014,2,"2"
8918.1216221968789,221242,11045,3,"2-1"
8927.4610468251831,221224,11063,2,"2"
8928.9485810356382,221202,11085,2,"2"
8933.5339703518348,221193,11094,1,"1"
8938.8810562015278,220993,11294,22,"4-3-3-2-2-2-2-1-1-1-1"
8945.9182870944478,220975,11312,1,"1"
8958.0559769740903,220957,11330,1,"1"
8958.7787035265974,220939,11348,1,"1"
8988.0770201509113,220746,11541,17,"6-4-2-1-1-1-1-1"
9006.3415011352317,220710,11577,2,"1-1"
9013.7794234436078,220692,11595,1,"1"
9014.9795220708384,220674,11613,1,"1"
9025.0627406736203,220664,11623,1,"1"
9026.5217509059348,220624,11663,3,"1-1-1"
9043.2154925407758,220606,11681,1,"1"
9045.9279924148741,220588,11699,1,"1"
9051.6689884522129,220570,11717,1,"1"
9057.9601082863937,220552,11735,1,"1"
9078.2554564646362,220534,11753,1,"1"
9079.3512032970557,220454,11833,5,"4-1"
9095.9475250666364,220443,11844,1,"1"
9118.6467513586194,220434,11853,1,"1"
9135.6963282714987,219940,12347,36,"5-5-4-4-3-3-2-2-1-1-1-1-1-1-1-1"
9143.431452097002,219929,12358,1,"1"
9149.6737063023793,219911,12376,1,"1"
9152.7006824271539,219897,12390,1,"1"
9153.9999373517876,219881,12406,1,"1"
9195.3884189290147,219829,12458,5,"3-1-1"
9200.3358955802669,219793,12494,2,"2"
9203.3929539975361,219775,12512,2,"2"
9220.7179694474016,219762,12525,1,"1"
9227.3000004985752,219744,12543,1,"1"
9228.1984618221377,219234,13053,36,"6-4-3-3-3-2-2-2-2-2-2-1-1-1-1-1"
9231.9056341706928,219216,13071,1,"1"
9246.3875105762218,219184,13103,4,"2-1-1"
9247.4135406172627,219166,13121,1,"1"
9251.6512482824965,219148,13139,1,"1"
9251.9054375175783,218910,13377,18,"5-3-2-2-1-1-1-1-1-1"
9264.6505359673465,218892,13395,1,"1"
9270.5987035757189,218878,13409,1,"1"
9274.2057124547991,218860,13427,1,"1"
9281.4679526896016,218719,13568,12,"3-2-2-2-1-1-1"
9282.2498303172652,218701,13586,1,"1"
9294.2338489394788,218683,13604,1,"1"
9305.9951003031783,218665,13622,1,"1"
9316.621422490789,218647,13640,1,"1"
9318.3938365708855,218634,13653,1,"1"
9326.7715494402146,218458,13829,14,"3-2-2-2-1-1-1-1-1"
9349.7005639467152,218428,13859,3,"3"
9350.2317555825684,218386,13901,3,"2-1"
9353.3332306025859,218368,13919,1,"1"
9371.9084311398456,218279,14008,9,"3-2-1-1-1-1"
9374.8263753622159,0,232287,12312,"12312"
----------------------------------------------5
0,232287,0,0,"0"
90.95608707729096,232275,12,1,"1"
108.24917661361086,232274,13,1,"1"
134.47813671635095,232256,31,1,"1"
400.41683739468266,232255,32,1,"1"
492.4986994471605,232250,37,1,"1"
519.14560293434363,232249,38,1,"1"
528.44716855613785,232231,56,1,"1"
557.94180347127008,232230,57,1,"1"
581.73803709022809,232229,58,1,"1"
608.95002544019462,232228,59,1,"1"
651.59442101544801,232227,60,1,"1"
681.09679737872159,232226,61,1,"1"
751.10553467780346,232224,63,2,"1-1"
783.587568810162,232206,81,1,"1"
799.74658369005999,232205,82,1,"1"
814.52439910484043,232187,100,1,"1"
821.42192599214002,232184,103,1,"1"
822.9401970850671,232174,113,1,"1"
848.13038735667897,232173,114,1,"1"
858.9590160365093,232172,115,1,"1"
884.74290347849228,232171,116,1,"1"
886.1325177642392,232153,134,1,"1"
897.8763488701918,232151,136,2,"2"
922.19438287279456,232148,139,1,"1"
924.18980239886241,232147,140,1,"1"
960.3391362990543,232144,143,1,"1"
1007.1826173234806,232131,156,1,"1"
1018.6800681632587,232130,157,1,"1"
1041.1151139148055,232112,175,1,"1"
1083.4509075160686,232111,176,1,"1"
1097.8548029557044,232108,179,1,"1"
1115.0978383793433,232099,188,1,"1"
1125.395756722183,232098,189,1,"1"
1129.6684473997516,232097,190,1,"1"
1136.3855782813082,232096,191,1,"1"
1176.9298476596648,232095,192,1,"1"
1178.964752001342,232077,210,1,"1"
1210.7954233910241,232076,211,1,"1"
1252.2221906662901,232058,229,1,"1"
1275.0415628811295,232040,247,1,"1"
1288.6887492792503,232039,248,1,"1"
1330.6643228622306,232038,249,1,"1"
1347.1550057819834,232037,250,1,"1"
1354.8333147967146,232034,253,3,"2-1"
1366.3464494385425,232032,255,2,"2"
1370.6015472179581,232014,273,1,"1"
1372.4999151374211,232013,274,1,"1"
1400.9255043329615,232012,275,1,"1"
1406.3878473059499,232011,276,1,"1"
1418.4108487918193,232010,277,1,"1"
1429.0286282099757,231992,295,1,"1"
1433.7307078984097,231991,296,1,"1"
1436.9002163847565,231989,298,2,"2"
1449.0165742597924,231988,299,1,"1"
1469.1627975604204,231970,317,1,"1"
1473.4725968433529,231963,324,1,"1"
1526.9641823823326,231959,328,2,"1-1"
1555.1831697606383,231958,329,1,"1"
1556.3642075436903,231940,347,1,"1"
1574.8794399572625,231922,365,1,"1"
1579.1520235367661,231921,366,1,"1"
1581.1847787076833,231903,384,1,"1"
1598.5538835601551,231889,398,1,"1"
1656.5952432441211,231884,403,1,"1"
1658.6274825969533,231883,404,1,"1"
1720.5206850680854,231881,406,2,"1-1"
1725.6973472841794,231880,407,1,"1"
1738.3686670408085,231878,409,2,"2"
1741.9169701949813,231877,410,1,"1"
1757.2875223091655,231859,428,1,"1"
1768.7716831110458,231857,430,2,"2"
1783.4517151514794,231842,445,3,"2-1"
1787.2469833977382,231841,446,1,"1"
1791.9975919182559,231840,447,1,"1"
1792.2394686020484,231837,450,3,"3"
1797.2805808086473,231836,451,1,"1"
1801.026830626651,231833,454,1,"1"
1802.5255943740133,231832,455,1,"1"
1816.83101505749,231814,473,1,"1"
1818.4909431212102,231813,474,1,"1"
1863.9619688868606,231812,475,1,"1"
1882.0382868053864,231794,493,1,"1"
1896.3484077626899,231793,494,1,"1"
1910.0961379370526,231775,512,1,"1"
1913.4947876246738,231774,513,1,"1"
1933.68260769367,231773,514,1,"1"
1952.2945609061373,231771,516,2,"2"
1965.8584695372278,231770,517,1,"1"
1970.505120830926,231752,535,1,"1"
1987.9718769280416,231751,536,1,"1"
1988.375485398785,231746,541,1,"1"
1990.3466297293166,231745,542,1,"1"
1990.8086748630228,231744,543,1,"1"
2003.6466685949176,231743,544,1,"1"
2026.6233148288413,231742,545,1,"1"
2031.5520025298695,231724,563,1,"1"
2053.8627674105878,231723,564,1,"1"
2053.9594551517894,231716,571,3,"1-1-1"
2057.897778013496,231715,572,1,"1"
2078.0344051488446,231711,576,2,"1-1"
2079.2547225730932,231709,578,2,"1-1"
2083.2734625664739,231706,581,1,"1"
2086.3510808269148,231688,599,1,"1"
2093.5199211199465,231686,601,2,"2"
2108.5002043674999,231685,602,1,"1"
2115.1526092476029,231684,603,1,"1"
2121.1627797352303,231673,614,3,"3"
2123.508674225156,231655,632,1,"1"
2126.610288013002,231653,634,2,"2"
2149.6152002939216,231635,652,1,"1"
2152.8866808487796,231633,654,2,"2"
2159.7320533114953,231631,656,2,"2"
2160.0765088000144,231628,659,3,"2-1"
2160.9556907689575,231627,660,1,"1"
2161.3066864468328,231626,661,1,"1"
2161.7902875370814,231625,662,1,"1"
2184.9960075431427,231607,680,1,"1"
2192.1362504821977,231604,683,1,"1"
2205.5603469471289,231590,697,1,"1"
2218.5437730129197,231572,715,1,"1"
2220.6516073998564,231565,722,1,"1"
2232.6253775331966,231564,723,1,"1"
2246.8094547693445,231563,724,1,"1"
2249.5017279584681,231562,725,1,"1"
2257.7956542095299,231559,728,3,"3"
2260.4531263103299,231558,729,1,"1"
2325.0066305294758,231543,744,1,"1"
2325.8708161246573,231542,745,1,"1"
2329.1707624654596,231531,756,1,"1"
2331.9638183786901,231513,774,1,"1"
2334.0390960943773,231510,777,1,"1"
2343.4176709143753,231508,779,2,"1-1"
2360.9098653712176,231505,782,3,"2-1"
2401.7034491703921,231495,792,1,"1"
2415.118906631787,231494,793,1,"1"
2434.2787017932533,231476,811,1,"1"
2447.6882628934127,231458,829,1,"1"
2448.9685700938467,231448,839,2,"2"
2451.8896113296764,231447,840,1,"1"
2472.1145362972211,231446,841,1,"1"
2486.957669412398,231416,871,2,"1-1"
2530.5126280846648,231415,872,1,"1"
2530.9913645306497,231414,873,1,"1"
2533.9124973500948,231413,874,1,"1"
2534.450233915315,231395,892,1,"1"
2554.2970655136392,231365,922,2,"2"
2585.1629066135361,231361,926,2,"1-1"
2586.2527938659114,231358,929,1,"1"
2598.3210340199785,231355,932,1,"1"
2609.6217361310969,231337,950,1,"1"
2630.0918321373529,231335,952,2,"2"
2632.2972456065181,231325,962,1,"1"
2654.6714873579253,231307,980,1,"1"
2671.7153533565029,231305,982,2,"2"
2675.2360658575603,231291,996,1,"1"
2695.7743306826819,231290,997,1,"1"
2707.005988561481,231280,1007,1,"1"
2724.0555992017739,231262,1025,1,"1"
2734.4193096077352,231259,1028,1,"1"
2736.6848626262413,231239,1048,2,"1-1"
2751.9130740912728,231221,1066,1,"1"
2753.4861526455202,231203,1084,1,"1"
2756.3599337192918,231193,1094,1,"1"
2757.7327597169447,231184,1103,1,"1"
2761.1079690320184,231182,1105,2,"2"
2762.864329369771,231164,1123,1,"1"
2770.6527190028687,231154,1133,1,"1"
2772.8412296794199,231148,1139,6,"5-1"
2774.0009738035192,231130,1157,1,"1"
2778.5895659538764,231112,1175,1,"1"
2808.5127778926717,231094,1193,1,"1"
2812.7900452191034,231076,1211,1,"1"
2858.0889041019518,231075,1212,1,"1"
2869.344509807328,231057,1230,1,"1"
2871.218468987619,231044,1243,3,"1-1-1"
2878.7755046927346,231043,1244,1,"1"
2881.2645675075405,231040,1247,1,"1"
2885.0680457989711,231039,1248,1,"1"
2900.2293960583283,231036,1251,1,"1"
2922.4639285566695,231035,1252,1,"1"
2927.3965513749718,231034,1253,1,"1"
2945.9414632869862,231033,1254,1,"1"
2961.2625766568467,231032,1255,1,"1"
2972.9527168968489,231022,1265,1,"1"
2990.0277646207383,231010,1277,1,"1"
2994.0020601243773,231009,1278,1,"1"
2997.9675423795097,230991,1296,1,"1"
2998.2249529708997,230990,1297,1,"1"
2998.6523669855178,230972,1315,1,"1"
3001.7459519960107,230971,1316,1,"1"
3004.7642651524461,230962,1325,1,"1"
3022.5306945074849,230957,1330,1,"1"
3024.6093801521788,230939,1348,1,"1"
3025.6006316171593,230921,1366,1,"1"
3027.4974962036672,230903,1384,1,"1"
3040.5309744772749,230902,1385,1,"1"
3049.1373657737427,230880,1407,2,"1-1"
3055.4538328282724,230877,1410,1,"1"
3061.9640450086044,230867,1420,1,"1"
3081.483605241383,230849,1438,1,"1"
3087.5435646855826,230837,1450,1,"1"
3111.7477010917196,230801,1486,2,"2"
3135.6206911208092,230787,1500,4,"3-1"
3143.5762321229145,230769,1518,1,"1"
3148.6630041600029,230751,1536,1,"1"
3159.3380379345185,230747,1540,4,"4"
3191.6695635241317,230729,1558,1,"1"
3194.8149203520575,230722,1565,1,"1"
3199.3973838305219,230704,1583,1,"1"
3218.5077594668574,230686,1601,1,"1"
3239.2518154581953,230685,1602,1,"1"
3242.5510054569536,230667,1620,1,"1"
3277.946492869436,230651,1636,1,"1"
3311.0678414074478,230646,1641,1,"1"
3326.6306582396078,230641,1646,1,"1"
3335.9250071453939,230636,1651,1,"1"
3344.3606232593215,230631,1656,1,"1"
3376.0022471370285,230613,1674,1,"1"
3394.7458593537799,230601,1686,1,"1"
3397.1445740550935,230598,1689,1,"1"
3416.0937449791736,230595,1692,1,"1"
3423.6965456595749,230590,1697,1,"1"
3437.8295940759608,230579,1708,3,"2-1"
3473.1915085946089,230561,1726,1,"1"
3519.1781813480661,230543,1744,1,"1"
3537.1512433569383,230534,1753,1,"1"
3538.6160880677789,230516,1771,1,"1"
3563.6817215346136,230498,1789,1,"1"
3580.1321195206365,230493,1794,1,"1"
3625.0432854451483,230475,1812,1,"1"
3627.9981311709139,230421,1866,4,"3-1"
3659.3118064606374,230403,1884,1,"1"
3667.1432736425463,230385,1902,1,"1"
3678.5521495276066,230367,1920,1,"1"
3739.2065313083426,230351,1936,1,"1"
3758.5660879793145,230346,1941,1,"1"
3764.1744293363013,230336,1951,1,"1"
3781.9564553603227,230318,1969,1,"1"
3786.7139021227849,230309,1978,1,"1"
3790.8694891433975,230292,1995,1,"1"
3796.0338789183352,230291,1996,1,"1"
3798.1376450559383,230290,1997,1,"1"
3838.6073448896746,230277,2010,1,"1"
3841.9240247542566,230265,2022,1,"1"
3856.2129770468,230262,2025,1,"1"
3869.5856639606163,230259,2028,1,"1"
3874.3901703448514,230254,2033,1,"1"
3910.9791622569546,230249,2038,1,"1"
3925.5504338005362,230231,2056,1,"1"
3966.8974445052604,230218,2069,3,"3"
3967.5932865526756,230200,2087,1,"1"
3975.7781521103757,230197,2090,1,"1"
3993.6669355232148,230179,2108,2,"2"
4015.3732388310227,230161,2126,1,"1"
4018.2956236319965,230143,2144,1,"1"
4082.7790694508003,230125,2162,1,"1"
4106.4689751678097,230122,2165,1,"1"
4125.5335084739181,230112,2175,1,"1"
4142.6182298521098,230094,2193,1,"1"
4146.7165784061553,230068,2219,2,"1-1"
4180.0026401657879,230050,2237,1,"1"
4197.2440715635175,230045,2242,1,"1"
4223.2726520353335,230042,2245,1,"1"
4230.0904483294662,230024,2263,1,"1"
4235.6814204911261,230019,2268,1,"1"
4257.5343268999759,230014,2273,1,"1"
4271.3325854803579,230007,2280,1,"1"
4271.6742522607547,229989,2298,1,"1"
4278.4574859775976,229971,2316,1,"1"
4293.5689779903387,229966,2321,1,"1"
4304.7804626052839,229959,2328,1,"1"
4308.9381450696346,229949,2338,2,"2"
4380.7186281059003,229931,2356,1,"1"
4392.0094974314052,229922,2365,1,"1"
4396.8811199386846,229906,2381,1,"1"
4396.9151494488933,229888,2399,6,"5-1"
4420.3862159775745,229879,2408,1,"1"
4424.2019591776098,229876,2411,1,"1"
4439.5810303406997,229866,2421,1,"1"
4440.0252729772592,229848,2439,1,"1"
4460.0566705431802,229835,2452,3,"1-1-1"
4524.4226247650058,229825,2462,1,"1"
4545.1686270923719,229819,2468,2,"2"
4575.5617273994876,229801,2486,1,"1"
4577.0211819436163,229783,2504,1,"1"
4578.9602955653745,229765,2522,2,"1-1"
4587.4951958754555,229748,2539,3,"2-1"
4612.5940748662761,229728,2559,2,"2"
4612.9663277488571,229722,2565,2,"1-1"
4624.3058325199736,229717,2570,1,"1"
4633.8427822439553,229699,2588,1,"1"
4656.1864310113669,229686,2601,1,"1"
4664.0697359820888,229681,2606,1,"1"
4680.210160771423,229665,2622,1,"1"
4713.4090184224196,229656,2631,1,"1"
4718.2548025040769,229646,2641,1,"1"
4722.2101396087273,229636,2651,1,"1"
4728.3409294181174,229623,2664,1,"1"
4744.8152806265834,229605,2682,1,"1"
4751.8001901199714,229587,2700,1,"1"
4752.7020116518306,229577,2710,1,"1"
4772.7318652219901,229574,2713,1,"1"
4795.981427543421,229564,2723,2,"2"
4799.2804691992242,229546,2741,1,"1"
4806.108364350468,229528,2759,1,"1"
4806.8156028400326,229523,2764,1,"1"
4814.9060744939379,229505,2782,1,"1"
4826.0498385827541,229487,2800,1,"1"
4837.8515802966622,229469,2818,1,"1"
4860.6284256460231,229443,2844,2,"1-1"
4887.1679738497369,229438,2849,1,"1"
4891.2755488847079,229420,2867,1,"1"
4907.8361021712381,229396,2891,2,"1-1"
4910.0699276072555,229368,2919,2,"2"
4914.9270200087831,229338,2949,6,"3-2-1"
4915.6764283503235,229320,2967,1,"1"
4926.9139088462998,229312,2975,2,"2"
4935.2763274405606,229307,2980,1,"1"
4947.5013287534712,229298,2989,1,"1"
4952.9140198331197,229280,3007,1,"1"
4960.7235671108047,229262,3025,1,"1"
4968.9038411442198,229244,3043,1,"1"
4978.5662450420105,229228,3059,1,"1"
4982.0541430491176,229210,3077,1,"1"
4985.9599538778803,229205,3082,1,"1"
5003.8618263070184,229191,3096,1,"1"
5014.0310783705991,229185,3102,2,"2"
5028.240466163903,229173,3114,1,"1"
5034.9976327647901,229170,3117,1,"1"
5035.6429541331072,229152,3135,1,"1"
5052.5231784850785,229114,3173,6,"5-1"
5075.6634499065913,229105,3182,1,"1"
5113.063003018131,229087,3200,1,"1"
5121.6544962450198,229079,3208,2,"2"
5122.964214023159,229076,3211,1,"1"
5126.0936125957769,229070,3217,2,"2"
5134.183455902803,229067,3220,1,"1"
5147.2761486570662,229064,3223,1,"1"
5173.3260067261544,229036,3251,2,"1-1"
5176.2625775218794,229026,3261,2,"2"
5191.5135239399297,229023,3264,1,"1"
5221.9792846626815,229005,3282,1,"1"
5227.2786318832505,228987,3300,1,"1"
5240.781685024429,228961,3326,2,"2"
5242.1261778885273,228943,3344,1,"1"
5243.2138641751062,228925,3362,1,"1"
5247.7413650600329,228889,3398,2,"1-1"
5253.3156005557394,228871,3416,1,"1"
5254.5041278440249,228846,3441,2,"2"
5262.9421894503548,228836,3451,2,"2"
5283.2393373174982,228818,3469,1,"1"
5284.8200472887102,228786,3501,3,"3"
5288.1995853642466,228772,3515,1,"1"
5297.2260457985276,228754,3533,1,"1"
5339.4237163838106,228751,3536,1,"1"
5349.1263259163943,228738,3549,3,"3"
5373.970449479747,228735,3552,1,"1"
5389.4365915720246,228722,3565,1,"1"
5396.5613037641897,228704,3583,1,"1"
5406.0910893293412,228686,3601,1,"1"
5431.479278514983,228668,3619,1,"1"
5454.6121376597112,228650,3637,1,"1"
5466.6059475351813,228632,3655,1,"1"
5495.1928364780752,228614,3673,1,"1"
5516.8416526744295,228596,3691,1,"1"
5530.246282680715,228578,3709,1,"1"
5538.4538930797644,228560,3727,1,"1"
5561.2254327045357,228542,3745,1,"1"
5571.3181425924486,228530,3757,1,"1"
5571.7839789151794,228512,3775,1,"1"
5595.4801952595335,228503,3784,1,"1"
5624.719789994957,228497,3790,2,"2"
5645.4418365558604,228494,3793,1,"1"
5668.7782511511205,228476,3811,1,"1"
5675.2156239934748,228473,3814,1,"1"
5679.8940815868064,228463,3824,1,"1"
5687.0242508743231,228445,3842,1,"1"
5694.1368701928241,228387,3900,5,"4-1"
5695.1754075295012,228376,3911,1,"1"
5725.4482420481172,228368,3919,2,"1-1"
5725.8292945323574,228346,3941,2,"1-1"
5726.7332333644936,228339,3948,1,"1"
5746.6771616194364,228334,3953,1,"1"
5766.9285513389004,228327,3960,1,"1"
5768.0363484048721,228293,3994,8,"4-3-1"
5770.6777799977272,228257,4030,2,"1-1"
5774.6698905826925,228245,4042,1,"1"
5781.7197227407933,228227,4060,1,"1"
5786.993091371327,228209,4078,1,"1"
5792.0518538765864,228195,4092,1,"1"
5816.8671635038627,228177,4110,1,"1"
5824.2435278106132,228168,4119,1,"1"
5824.9408402491372,228150,4137,1,"1"
5846.5696981652727,228130,4157,2,"2"
5870.1363614632064,228115,4172,3,"2-1"
5886.9538670556158,228106,4181,1,"1"
5888.1553996057992,228088,4199,1,"1"
5908.1984987527703,228052,4235,2,"2"
5925.0659716849077,228035,4252,1,"1"
5954.7924821281013,228017,4270,1,"1"
5961.5534697682369,227963,4324,3,"2-1"
5968.2853177576071,227939,4348,4,"3-1"
5972.0755007250818,227927,4360,1,"1"
5975.6310994656142,227909,4378,1,"1"
6031.8645450813783,227889,4398,2,"1-1"
6036.5157591449997,227886,4401,1,"1"
6039.5313849518907,227850,4437,2,"1-1"
6048.3912572006175,227841,4446,1,"1"
6051.7412718588384,227822,4465,3,"3"
6052.3389865808267,227798,4489,2,"1-1"
6064.867986663141,227787,4500,1,"1"
6066.6369497881415,227774,4513,1,"1"
6078.6471477169216,227769,4518,1,"1"
6081.5338744839419,227751,4536,1,"1"
6081.7499915088401,227741,4546,1,"1"
6082.7420129557377,227723,4564,1,"1"
6093.3688346694535,227720,4567,1,"1"
6112.6651197237334,227710,4577,1,"1"
6115.6264884906604,227692,4595,1,"1"
6123.3102625072916,227683,4604,1,"1"
6128.6667298347256,227665,4622,1,"1"
6128.8751063729014,227660,4627,1,"1"
6138.62778251282,227644,4643,1,"1"
6142.5811344031044,227626,4661,1,"1"
6185.6944496184879,227608,4679,1,"1"
6191.8645290727218,227590,4697,1,"1"
6197.8331820819767,227580,4707,1,"1"
6197.9566560740886,227575,4712,1,"1"
6218.1182675357786,227563,4724,2,"2"
6227.387286576788,227545,4742,1,"1"
6246.8413034127225,227540,4747,1,"1"
6250.2210767500574,227530,4757,1,"1"
6292.8891817326812,227512,4775,1,"1"
6297.1868825558131,227494,4793,1,"1"
6332.3131279838672,227489,4798,1,"1"
6339.2593452894298,227486,4801,1,"1"
6349.7712291837406,227468,4819,1,"1"
6350.2372215017594,227450,4837,1,"1"
6357.8724931921615,227435,4852,3,"3"
6404.1362859003048,227417,4870,1,"1"
6411.2204910526207,227406,4881,3,"3"
6414.4499634241274,227388,4899,1,"1"
6419.8291848096114,227324,4963,12,"3-2-1-1-1-1-1-1-1"
6421.5346264981326,227306,4981,1,"1"
6432.7117954928281,227288,4999,1,"1"
6433.7064611265378,227272,5015,4,"2-2"
6442.9645167404997,227254,5033,1,"1"
6448.0274775075504,227236,5051,1,"1"
6460.6441431297444,227218,5069,1,"1"
6478.0673104026209,227213,5074,1,"1"
6494.0241521019143,227195,5092,1,"1"
6500.1486424949026,227177,5110,1,"1"
6506.724634952724,227167,5120,2,"2"
6548.9083150965944,227149,5138,1,"1"
6553.9946331218862,227134,5153,1,"1"
6559.2646192914381,227124,5163,2,"2"
6569.6189614529167,227106,5181,1,"1"
6570.9523716666672,227088,5199,1,"1"
6585.9650510044457,227070,5217,1,"1"
6592.3185830460843,227052,5235,1,"1"
6608.1279224380905,227034,5253,1,"1"
6643.8675650170726,226938,5349,12,"3-2-2-2-1-1-1"
6659.7215489754208,226920,5367,1,"1"
6660.7038378424286,226884,5403,2,"2"
6666.8571151990755,226879,5408,1,"1"
6691.7234447537276,226861,5426,1,"1"
6698.5567280048535,226843,5444,1,"1"
6700.9192413485916,226825,5462,1,"1"
6705.6274374399682,226789,5498,2,"2"
6720.7933438478285,226782,5505,1,"1"
6724.5538718126136,226764,5523,1,"1"
6755.516774769545,226754,5533,1,"1"
6764.5769680053618,226736,5551,1,"1"
6778.8148586425905,226724,5563,1,"1"
6778.8503562753867,226714,5573,1,"1"
6809.1064161886561,226696,5591,1,"1"
6810.6245788411134,226686,5601,1,"1"
6832.027319910283,226668,5619,1,"1"
6834.3436167454538,226624,5663,3,"2-1"
6840.1283118617584,226601,5686,5,"2-2-1"
6843.8843625841573,226583,5704,1,"1"
6848.1643520275938,226573,5714,2,"2"
6851.3768129474138,226555,5732,1,"1"
6878.9087395407641,226539,5748,1,"1"
6889.2886526799739,226527,5760,1,"1"
6898.9514368366708,226524,5763,1,"1"
6943.2352098348219,226506,5781,1,"1"
6949.7688987500078,226492,5795,2,"2"
6954.4256619057232,226469,5818,5,"2-2-1"
6959.3569863093544,226452,5835,3,"2-1"
6966.9010031344096,226440,5847,1,"1"
6979.0127031509828,226399,5888,3,"3"
7004.3441370980563,226381,5906,1,"1"
7012.638908041481,226363,5924,2,"2"
7016.8629564332678,226349,5938,1,"1"
7022.1353739233755,226338,5949,1,"1"
7023.8959975651387,226320,5967,1,"1"
7031.9031799625773,226302,5985,1,"1"
7036.5853668077907,226288,5999,1,"1"
7042.2315109997353,226270,6017,1,"1"
7048.0685898579013,226252,6035,1,"1"
7067.5164283891809,226247,6040,1,"1"
7084.6228959319951,226229,6058,1,"1"
7112.7366257829854,226211,6076,1,"1"
7112.7712217495819,226193,6094,1,"1"
7131.4984145834969,226175,6112,1,"1"
7165.8037928123995,226165,6122,1,"1"
7201.6092966137276,226141,6146,2,"2"
7221.8511987410639,226105,6182,3,"2-1"
7232.1752533190593,226087,6200,1,"1"
7260.1798444080096,226077,6210,1,"1"
7263.2167465176308,225973,6314,7,"3-1-1-1-1"
7278.1727828023522,225949,6338,2,"2"
7280.1275791814805,225941,6346,2,"2"
7294.1593390283124,225923,6364,1,"1"
7296.2406162278885,225920,6367,1,"1"
7299.8060430848782,225902,6385,1,"1"
7301.5838323678672,225892,6395,1,"1"
7305.7272476303624,225882,6405,1,"1"
7306.1409585742267,225864,6423,1,"1"
7323.4651182890284,225836,6451,4,"3-1"
7324.9895567574604,225818,6469,1,"1"
7353.7788199426086,225800,6487,1,"1"
7353.9868390998799,225782,6505,1,"1"
7355.553646158256,225764,6523,1,"1"
7363.1066584426289,225741,6546,3,"2-1"
7385.1700054934699,225723,6564,1,"1"
7404.2614229013643,225705,6582,1,"1"
7416.7027374574491,225700,6587,1,"1"
7416.9053202028581,225682,6605,1,"1"
7428.9376905797117,225664,6623,1,"1"
7453.4975791022653,225623,6664,5,"3-1-1"
7454.0973072025317,225613,6674,1,"1"
7499.340782156667,225595,6692,1,"1"
7501.3552614346581,225583,6704,1,"1"
7530.0214020110416,225565,6722,1,"1"
7538.089072592209,225560,6727,1,"1"
7570.0443860371079,225488,6799,5,"4-1"
7572.3030997546375,225470,6817,1,"1"
7574.1264344845749,225452,6835,1,"1"
7574.5297785313332,225442,6845,2,"1-1"
7578.1401087142622,225424,6863,1,"1"
7580.9590733137647,225368,6919,4,"3-1"
7587.7811454572538,225350,6937,1,"1"
7592.8615375187346,225332,6955,1,"1"
7596.0628265631685,225312,6975,2,"1-1"
7607.6909248355314,225292,6995,2,"2"
7610.2777610323437,225254,7033,6,"3-2-1"
7616.7318374944698,225226,7061,2,"1-1"
7659.2889984541698,225216,7071,1,"1"
7663.8715442730982,225198,7089,1,"1"
7669.4686728194965,225180,7107,1,"1"
7669.6425140906003,225162,7125,1,"1"
7673.2526685635521,225144,7143,1,"1"
7700.0580522845348,225090,7197,4,"4"
7710.7194981309221,225080,7207,1,"1"
7716.3779279842465,225062,7225,1,"1"
7723.9341199386699,225051,7236,1,"1"
7726.865253312375,225033,7254,1,"1"
7745.7969760936712,224997,7290,2,"2"
7766.3023537989675,224979,7308,1,"1"
7775.09167558837,224925,7362,3,"1-1-1"
7778.6137715334016,224889,7398,2,"1-1"
7798.9298011994115,224866,7421,3,"1-1-1"
7810.3242075398612,224848,7439,1,"1"
7811.1460574258181,224830,7457,1,"1"
7812.4656726926569,224812,7475,1,"1"
7822.5130349760839,224807,7480,1,"1"
7845.5758040047494,224787,7500,4,"2-2"
7862.4482892519027,224772,7515,1,"1"
7863.2214978193924,224754,7533,1,"1"
7871.4376090106134,224736,7551,1,"1"
7876.6059339995163,224718,7569,2,"1-1"
7893.9984578469857,224709,7578,1,"1"
7896.5924648166929,224706,7581,1,"1"
7912.8634182013666,224688,7599,1,"1"
7913.1962371961663,224670,7617,1,"1"
7920.6930566716492,224652,7635,1,"1"
7945.0939083290023,224634,7653,1,"1"
7947.864520036891,224629,7658,1,"1"
7949.3880843779389,224611,7676,1,"1"
7952.1907200603519,224585,7702,2,"2"
7954.9135294877051,224565,7722,2,"2"
7957.6562725611366,224529,7758,2,"1-1"
7960.8098214078291,224497,7790,2,"2"
7967.5339642470453,224479,7808,1,"1"
7969.9997865527384,224469,7818,2,"2"
7971.4275958955204,224451,7836,1,"1"
7981.1819936388983,224433,7854,1,"1"
8010.2088331495825,224415,7872,1,"1"
8013.1931774539098,224377,7910,4,"3-1"
8016.4113605552448,224351,7936,2,"1-1"
8017.04083416509,224282,8005,9,"5-4"
8023.3661364382715,224230,8057,8,"5-2-1"
8025.9785477849609,224196,8091,3,"1-1-1"
8029.1233215250459,224191,8096,1,"1"
8030.8216571200091,224160,8127,3,"2-1"
8031.9957222800849,224137,8150,3,"2-1"
8035.2164426991558,224107,8180,3,"2-1"
8037.5429388232778,224089,8198,1,"1"
8045.4201059651095,224053,8234,2,"2"
8052.3956739575215,224039,8248,1,"1"
8067.3554779117194,224030,8257,1,"1"
8073.8459336142787,224012,8275,1,"1"
8079.2256596034658,223994,8293,1,"1"
8089.3039499642964,223958,8329,2,"2"
8090.9823569514083,223940,8347,1,"1"
8095.9359356094201,223907,8380,5,"3-1-1"
8097.1756371175734,223889,8398,1,"1"
8103.4760845971041,223871,8416,1,"1"
8104.8599720670218,223835,8452,4,"1-1-1-1"
8109.7969081731489,223817,8470,1,"1"
8114.3224670252421,223799,8488,1,"1"
8115.4747122597028,223781,8506,2,"2"
8121.301121364233,223749,8538,4,"2-1-1"
8128.1688804963969,223739,8548,1,"1"
8136.7679930160866,223721,8566,1,"1"
8140.5919995773384,223703,8584,1,"1"
8154.0051237508296,223667,8620,2,"1-1"
8156.8249949903502,223649,8638,1,"1"
8157.9192546450622,223631,8656,1,"1"
8164.554702240689,223613,8674,1,"1"
8167.6216897430722,223608,8679,1,"1"
8167.6834958783893,223590,8697,1,"1"
8184.4819372215843,223580,8707,2,"2"
8203.4807959005448,223553,8734,5,"2-2-1"
8215.3477771140042,223527,8760,2,"2"
8220.9823779861545,223509,8778,1,"1"
8221.64459408107,223491,8796,1,"1"
8250.8671328007731,223473,8814,1,"1"
8252.1390698707255,223455,8832,1,"1"
8264.1069812719088,223437,8850,1,"1"
8280.5377988355885,223405,8882,2,"2"
8284.2225371661698,223367,8920,4,"2-1-1"
8291.8514028264944,223350,8937,1,"1"
8296.1882232472708,223332,8955,1,"1"
8317.7418284688083,223312,8975,2,"2"
8317.7879097286168,223294,8993,1,"1"
8320.4844539215919,223262,9025,3,"2-1"
8330.52674952897,223248,9039,1,"1"
8330.9986059026123,223230,9057,1,"1"
8335.0290620253963,223190,9097,3,"1-1-1"
8337.9949851136662,223185,9102,1,"1"
8340.5092465806047,223176,9111,1,"1"
8341.8491462482652,223162,9125,1,"1"
8346.1275628889998,223152,9135,2,"2"
8378.1290872244535,223142,9145,1,"1"
8379.8947107276781,223102,9185,3,"1-1-1"
8381.0000723625253,223086,9201,1,"1"
8388.9352904191492,223068,9219,1,"1"
8393.2720486895414,223056,9231,1,"1"
8395.0275703229654,223038,9249,1,"1"
8399.4717622486278,223020,9267,1,"1"
8403.4919405622077,223002,9285,1,"1"
8405.0727027894882,222984,9303,1,"1"
8406.5351222182944,222944,9343,3,"2-1"
8417.4182534454358,222926,9361,1,"1"
8423.8559366831505,222890,9397,2,"1-1"
8430.4943783044109,222883,9404,1,"1"
8432.0401303300896,222858,9429,3,"2-1"
8442.1965536340995,222840,9447,1,"1"
8469.5839706339902,222822,9465,1,"1"
8471.8869503345177,222804,9483,1,"1"
8476.2876655128111,222786,9501,1,"1"
8477.7099372059765,222783,9504,1,"1"
8480.168498487621,222765,9522,1,"1"
8492.9059593793554,222729,9558,2,"1-1"
8493.7395331196512,222711,9576,1,"1"
8495.2292473697089,222693,9594,1,"1"
8499.7672673799461,222675,9612,1,"1"
8503.0212355153562,222640,9647,2,"1-1"
8504.5871490744139,222622,9665,1,"1"
8509.6997248403841,222382,9905,18,"5-4-2-2-2-1-1-1"
8523.9223417903904,222364,9923,1,"1"
8530.149109452921,222336,9951,2,"1-1"
8542.7067311146984,222318,9969,1,"1"
8545.1148126013759,222308,9979,2,"1-1"
8546.9116739070942,222290,9997,1,"1"
8552.5398350535797,222269,10018,3,"1-1-1"
8558.6700584215723,222264,10023,1,"1"
8558.763649110193,222246,10041,1,"1"
8572.0438052656227,222239,10048,1,"1"
8586.6263038064517,222183,10104,4,"2-2"
8597.8276336575273,222065,10222,16,"4-2-2-2-2-2-1-1"
8610.680030122674,222012,10275,7,"3-2-2"
8611.4222857090826,221994,10293,1,"1"
8617.6820401479381,221922,10365,4,"2-2"
8643.7980057497116,221917,10370,1,"1"
8648.3411451258453,221899,10388,1,"1"
8667.7260132668089,221881,10406,1,"1"
8674.4301723088865,221834,10453,7,"3-2-1-1"
8675.9426202009145,221827,10460,1,"1"
8693.6075345360387,221807,10480,2,"1-1"
8696.0536848865031,221789,10498,1,"1"
8710.5750851569173,221753,10534,2,"2"
8716.3881889473014,221735,10552,1,"1"
8721.0475101131415,221717,10570,1,"1"
8721.8044894165432,221699,10588,1,"1"
8729.3370637169246,221688,10599,1,"1"
8729.7196373950574,221634,10653,3,"2-1"
8734.9113029910422,221621,10666,1,"1"
8741.0616763028174,221603,10684,1,"1"
8741.1955404013734,221511,10776,8,"3-3-1-1"
8747.7199313031233,221493,10794,1,"1"
8750.3403329517259,221456,10831,3,"2-1"
8756.8594895742299,221438,10849,1,"1"
8767.1908167371894,221424,10863,2,"2"
8781.0965086797387,221406,10881,1,"1"
8800.2347640964981,221370,10917,2,"1-1"
8845.1403147439032,221352,10935,1,"1"
8849.2020571050325,221334,10953,1,"1"
8858.0212373587401,220656,11631,53,"5-4-4-4-3-2-2-2-2-2-2-2-2-2-2-1-1-1-1-1-1-1-1-1-1-1-1-1"
8859.843386978926,220638,11649,1,"1"
8865.4831107509599,220376,11911,19,"5-2-2-2-1-1-1-1-1-1-1-1"
8875.5400586093565,220358,11929,1,"1"
8878.697463604005,220340,11947,1,"1"
8884.3388148665217,220232,12055,9,"3-2-1-1-1-1"
8892.8175536575018,220126,12161,7,"4-1-1-1"
8893.5630237267615,220117,12170,1,"1"
8905.4604434324647,220108,12179,1,"1"
8922.945853093468,220098,12189,1,"1"
8924.4444696636529,220028,12259,5,"2-1-1-1"
8932.1973403888569,220010,12277,1,"1"
8934.8650967701196,219994,12293,1,"1"
8944.9343727745745,219976,12311,1,"1"
8950.5184119362857,219963,12324,1,"1"
8958.5579216354636,219932,12355,2,"2"
8967.9250265967366,219919,12368,1,"1"
8971.3503938564172,219901,12386,1,"1"
8981.3627134420531,219883,12404,1,"1"
8998.8727055413146,219865,12422,1,"1"
9000.2060426370572,219369,12918,35,"5-5-4-3-2-2-2-2-2-2-1-1-1-1-1-1"
9011.4301278489856,219339,12948,4,"3-1"
9013.2363319365577,219303,12984,4,"2-2"
9016.406579554623,219292,12995,1,"1"
9018.5848127921963,219274,13013,1,"1"
9023.7552624736054,219256,13031,1,"1"
9041.3081582924606,219238,13049,1,"1"
9045.6826033115794,219220,13067,1,"1"
9062.0833687957856,219202,13085,1,"1"
9076.7179830699079,219184,13103,1,"1"
9095.40667985853,219110,13177,5,"2-1-1-1"
9111.7906034800053,219092,13195,1,"1"
9120.6693130963104,0,232287,12394,"12394"
----------------------------------------------6
0,232287,0,0,"0"
283.70753402502845,232284,3,1,"1"
303.38338960231891,232283,4,1,"1"
328.28999694158585,232265,22,1,"1"
357.40494020364468,232264,23,1,"1"
434.32167010272991,232263,24,1,"1"
482.86955405003755,232251,36,1,"1"
544.86898456137544,232250,37,1,"1"
592.43967065300205,232240,47,1,"1"
605.41695138361933,232239,48,1,"1"
664.78404022564189,232238,49,1,"1"
683.78349692686686,232236,51,2,"2"
734.81803381755651,232235,52,1,"1"
737.33429274433934,232234,53,1,"1"
751.09069631473915,232227,60,1,"1"
754.40332531859212,232226,61,1,"1"
772.38485034313089,232225,62,1,"1"
782.38708860068584,232224,63,1,"1"
810.79488805776066,232210,77,1,"1"
817.91370472196832,232209,78,1,"1"
823.58914764667929,232208,79,1,"1"
841.69794535688982,232207,80,1,"1"
869.15676494389425,232206,81,1,"1"
869.53898158881827,232203,84,1,"1"
875.57159944348882,232202,85,1,"1"
892.98190082431074,232201,86,1,"1"
918.69152357973996,232200,87,1,"1"
941.40675850347259,232199,88,1,"1"
941.79632465577322,232192,95,1,"1"
993.43569878817243,232178,109,1,"1"
1007.8502300597377,232177,110,1,"1"
1031.2689823698522,232159,128,1,"1"
1084.7773149503337,232157,130,2,"2"
1091.4840548482089,232145,142,1,"1"
1107.316935116356,232144,143,1,"1"
1120.0143551177509,232143,144,1,"1"
1122.8889344931399,232140,147,1,"1"
1139.1490501622541,232139,148,1,"1"
1193.3762352004205,232136,151,3,"2-1"
1199.0643107830495,232134,153,2,"2"
1250.0739964099243,232131,156,1,"1"
1277.4889885874577,232128,159,3,"2-1"
1278.2279181528354,232127,160,1,"1"
1280.3238219143577,232125,162,2,"2"
1281.3543962683607,232124,163,1,"1"
1328.1949058396253,232115,172,1,"1"
1328.3607346830008,232097,190,1,"1"
1338.8964149374358,232096,191,1,"1"
1349.2414563067346,232083,204,1,"1"
1349.8355925105413,232082,205,1,"1"
1381.466289117074,232081,206,1,"1"
1388.0676559063547,232080,207,1,"1"
1398.0856706292011,232079,208,1,"1"
1401.1589775519512,232061,226,1,"1"
1423.5949429984505,232056,231,1,"1"
1462.6675337295553,232054,233,2,"2"
1477.3854686808095,232044,243,1,"1"
1482.213875151409,232034,253,1,"1"
1510.1362899314188,232018,269,1,"1"
1514.0947036954869,232017,270,1,"1"
1536.6572345529937,232016,271,1,"1"
1552.4510605266521,232015,272,1,"1"
1568.9452703737427,232013,274,2,"2"
1616.6398169626486,232012,275,1,"1"
1623.518663571811,232011,276,1,"1"
1624.1088066946354,232008,279,1,"1"
1634.9118141340764,231990,297,1,"1"
1637.4689025149969,231972,315,1,"1"
1646.1915753502074,231971,316,1,"1"
1667.3828237242296,231953,334,1,"1"
1671.3337230437564,231935,352,1,"1"
1700.441815320987,231930,357,1,"1"
1712.8996136378853,231929,358,1,"1"
1728.5064924716271,231927,360,2,"1-1"
1766.3800634820518,231926,361,1,"1"
1780.2181056069912,231925,362,1,"1"
1784.599897778015,231923,364,2,"1-1"
1805.9035695581565,231921,366,2,"1-1"
1807.3892332601044,231920,367,1,"1"
1820.3453225856297,231917,370,1,"1"
1822.161519590989,231916,371,1,"1"
1829.5968811264024,231902,385,1,"1"
1842.9071869952716,231901,386,1,"1"
1865.8995730372424,231899,388,2,"2"
1870.1132184767359,231898,389,1,"1"
1870.5557874981057,231896,391,2,"2"
1888.8189382797707,231895,392,1,"1"
1894.7310498187321,231894,393,1,"1"
1907.9917892529893,231876,411,1,"1"
1914.6972785004893,231871,416,1,"1"
1916.3892411833042,231870,417,1,"1"
1933.476526604851,231852,435,1,"1"
1936.2697990145316,231834,453,1,"1"
1936.4448346869926,231832,455,2,"2"
1945.9215173591267,231831,456,1,"1"
1949.3855706743618,231818,469,1,"1"
1995.4251798314287,231817,470,1,"1"
2004.8427315821,231816,471,1,"1"
2014.1890931742334,231810,477,2,"2"
2014.7608986475466,231808,479,2,"2"
2023.2374657211801,231807,480,1,"1"
2025.0531793702676,231806,481,1,"1"
2025.6032061363394,231805,482,1,"1"
2047.2360297666999,231803,484,2,"2"
2049.5596670549326,231785,502,1,"1"
2052.2261726275146,231783,504,2,"2"
2063.4649156159371,231781,506,2,"1-1"
2070.3150054805369,231778,509,1,"1"
2105.3598169379861,231760,527,1,"1"
2142.7042272384019,231753,534,3,"1-1-1"
2144.4410771082698,231748,539,1,"1"
2146.0489872277781,231743,544,1,"1"
2148.4693027011417,231740,547,3,"2-1"
2158.6120522508977,231722,565,1,"1"
2211.3218085789572,231719,568,1,"1"
2213.2386266861186,231718,569,1,"1"
2218.0219691640241,231717,570,1,"1"
2270.3359129860223,231714,573,1,"1"
2312.0391270907976,231713,574,1,"1"
2327.8959679183545,231711,576,2,"2"
2335.749045712907,231710,577,1,"1"
2337.3105777963283,231706,581,4,"4"
2387.2861694188809,231688,599,1,"1"
2389.2660483027776,231687,600,1,"1"
2437.8891628927004,231680,607,1,"1"
2459.3245138899533,231677,610,1,"1"
2466.2826177508614,231674,613,1,"1"
2467.8314798295605,231656,631,1,"1"
2470.7466959768053,231640,647,1,"1"
2475.342333524698,231636,651,4,"4"
2488.1142233335631,231618,669,1,"1"
2490.0160757445265,231617,670,1,"1"
2495.7171031467815,231616,671,1,"1"
2504.9992066087866,231615,672,1,"1"
2518.381349139881,231597,690,1,"1"
2525.2123585662112,231593,694,4,"3-1"
2526.7454885420352,231575,712,1,"1"
2527.4689602202461,231574,713,1,"1"
2553.5467462889169,231568,719,2,"2"
2563.0327346968379,231567,720,1,"1"
2569.0504293434005,231549,738,1,"1"
2576.6813534002526,231544,743,1,"1"
2576.9897851010905,231543,744,1,"1"
2586.9420840417265,231541,746,2,"1-1"
2598.0058089223603,231537,750,2,"2"
2605.1631398810209,231535,752,2,"2"
2609.3033352640327,231532,755,3,"2-1"
2617.5680991893023,231531,756,1,"1"
2638.8083446569135,231529,758,2,"1-1"
2639.0335546715755,231511,776,1,"1"
2641.7256241945747,231497,790,1,"1"
2681.689583506849,231491,796,2,"2"
2721.45121825977,231488,799,1,"1"
2736.1138023047451,231487,800,1,"1"
2736.4440105962435,231469,818,1,"1"
2738.7035380042635,231451,836,1,"1"
2750.5083502330081,231441,846,1,"1"
2765.930376798965,231432,855,1,"1"
2771.6902586220622,231428,859,4,"4"
2776.5877925009099,231406,881,2,"1-1"
2779.9499766522513,231388,899,1,"1"
2810.4524451706725,231387,900,1,"1"
2815.6421244329672,231375,912,4,"3-1"
2816.3995442981559,231374,913,1,"1"
2819.8978052841276,231362,925,2,"1-1"
2827.4889300805985,231344,943,1,"1"
2830.4278401360007,231343,944,1,"1"
2834.9309630314319,231333,954,1,"1"
2848.2969818006327,231332,955,1,"1"
2857.7364921703002,231331,956,1,"1"
2890.6717901421193,231313,974,1,"1"
2903.0036175443861,231307,980,2,"1-1"
2913.7404877546342,231304,983,1,"1"
2916.7592908470051,231303,984,1,"1"
2928.0591111481035,231285,1002,1,"1"
2933.5816120894629,231267,1020,1,"1"
2952.1692014207797,231266,1021,1,"1"
2968.7217553016726,231265,1022,1,"1"
2978.0546218777258,231255,1032,1,"1"
2997.6827418567109,231254,1033,1,"1"
3012.9508601307225,231236,1051,1,"1"
3050.8978532530778,231233,1054,1,"1"
3063.4688811394026,231228,1059,1,"1"
3073.8976075496416,231210,1077,1,"1"
3080.2825485689773,231192,1095,1,"1"
3114.8527154833014,231174,1113,1,"1"
3130.8220168310045,231156,1131,1,"1"
3159.84243018302,231138,1149,1,"1"
3162.3607982654644,231137,1150,1,"1"
3165.8000914503218,231119,1168,1,"1"
3178.2059431053208,231114,1173,1,"1"
3179.2799113463952,231111,1176,1,"1"
3182.9987570364447,231093,1194,1,"1"
3183.8846932452789,231075,1212,1,"1"
3187.1114705520222,231072,1215,1,"1"
3205.7215408857687,231054,1233,1,"1"
3208.4771647170232,231040,1247,1,"1"
3209.5829496451888,231022,1265,1,"1"
3224.099701732724,231017,1270,1,"1"
3239.0333444458756,231014,1273,1,"1"
3311.8570219060402,231005,1282,3,"2-1"
3384.0996968806103,230998,1289,1,"1"
3396.7910683119303,230980,1307,1,"1"
3405.5540826153251,230962,1325,1,"1"
3440.8319572919945,230944,1343,1,"1"
3474.9038794217336,230926,1361,1,"1"
3480.5970162295062,230908,1379,1,"1"
3488.4082977506132,230901,1386,1,"1"
3497.1708180119094,230898,1389,1,"1"
3507.1412013755489,230880,1407,1,"1"
3516.888361871534,230865,1422,3,"3"
3527.3373975479954,230860,1427,1,"1"
3543.4276593061622,230857,1430,1,"1"
3559.3393842749247,230850,1437,1,"1"
3566.4778020714521,230832,1455,1,"1"
3571.4192480546944,230814,1473,1,"1"
3577.121650415786,230809,1478,1,"1"
3595.7188450467297,230806,1481,1,"1"
3612.4310868902767,230799,1488,1,"1"
3626.0473350582288,230781,1506,1,"1"
3637.4719300217257,230763,1524,1,"1"
3637.714572450122,230760,1527,1,"1"
3644.2477491802451,230752,1535,2,"2"
3654.6228837264653,230734,1553,1,"1"
3657.3216574661446,230716,1571,1,"1"
3664.3811553216506,230698,1589,1,"1"
3666.4035367741117,230680,1607,1,"1"
3683.644851803072,230670,1617,2,"2"
3685.2378299956431,230652,1635,1,"1"
3699.3392849003853,230634,1653,1,"1"
3708.8135495194811,230616,1671,1,"1"
3713.641301166675,230598,1689,1,"1"
3716.9514630995754,230591,1696,1,"1"
3745.0333995878136,230561,1726,6,"4-1-1"
3775.2028713693921,230555,1732,2,"2"
3782.6111486204891,230550,1737,1,"1"
3820.2542401405599,230545,1742,1,"1"
3827.1078970302347,230527,1760,1,"1"
3852.6396235530947,230509,1778,1,"1"
3862.8627124221653,230491,1796,1,"1"
3866.6482195959684,230473,1814,1,"1"
3905.2560590382564,230459,1828,1,"1"
3911.2122943790664,230452,1835,1,"1"
3923.9196043361894,230442,1845,1,"1"
3926.8135446494894,230428,1859,1,"1"
3929.9916642963476,230410,1877,1,"1"
3936.7766116286862,230405,1882,1,"1"
3954.6399030606199,230400,1887,1,"1"
3977.7046951883844,230397,1890,1,"1"
3983.4744474274125,230379,1908,2,"2"
3984.1985572944955,230361,1926,1,"1"
3985.5319294418396,230343,1944,1,"1"
4004.7890241632936,230325,1962,1,"1"
4012.0474555249289,230316,1971,1,"1"
4018.1058848632838,230304,1983,1,"1"
4022.273591037952,230286,2001,1,"1"
4027.7143080563269,230268,2019,1,"1"
4029.5409160765444,230259,2028,3,"3"
4043.6226821342416,230254,2033,1,"1"
4056.6670507881518,230236,2051,1,"1"
4117.7597434824356,230233,2054,1,"1"
4140.4305616689162,230230,2057,1,"1"
4144.104057904945,230212,2075,1,"1"
4146.1518575541895,230209,2078,1,"1"
4177.9932853783066,230199,2088,1,"1"
4190.1512064260178,230181,2106,1,"1"
4221.5135482475043,230163,2124,1,"1"
4224.8175522289848,230145,2142,1,"1"
4230.4424834691363,230133,2154,1,"1"
4233.7401284911239,230115,2172,1,"1"
4267.9922500130533,230099,2188,1,"1"
4269.0052793881241,230094,2193,1,"1"
4343.8268026399483,230091,2196,1,"1"
4344.5423115851709,230081,2206,1,"1"
4346.7399926372136,230063,2224,1,"1"
4349.111518474152,230058,2229,1,"1"
4358.2591624457309,230047,2240,1,"1"
4363.1324181335976,230029,2258,1,"1"
4377.6952562082433,230013,2274,1,"1"
4416.6519193558725,230002,2285,1,"1"
4440.5290332718696,229978,2309,2,"2"
4441.0119651483647,229973,2314,1,"1"
4484.3636360646742,229970,2317,1,"1"
4486.8812269973168,229952,2335,1,"1"
4502.2784067602461,229945,2342,1,"1"
4508.7559819280978,229927,2360,1,"1"
4512.7988145816826,229920,2367,1,"1"
4534.9135632791076,229915,2372,1,"1"
4534.9855177813897,229897,2390,1,"1"
4539.2612637191378,229892,2395,1,"1"
4572.4507296001784,229883,2404,1,"1"
4579.9386908205252,229867,2420,1,"1"
4601.1921656543682,229849,2438,1,"1"
4606.3495891139246,229831,2456,1,"1"
4623.7565695525718,229813,2474,1,"1"
4624.51927595695,229795,2492,1,"1"
4637.5170323187458,229790,2497,1,"1"
4639.2917513353805,229778,2509,2,"1-1"
4646.4403914212116,229760,2527,1,"1"
4650.1885664849779,229748,2539,1,"1"
4679.9820170683679,229730,2557,1,"1"
4691.2015458597498,229694,2593,2,"1-1"
4705.7950864347222,229676,2611,1,"1"
4724.3566420757161,229658,2629,1,"1"
4739.1905448174302,229640,2647,1,"1"
4743.1512915501071,229622,2665,1,"1"
4744.5077939510466,229604,2683,1,"1"
4749.7662288544716,229598,2689,2,"2"
4755.7566912771417,229580,2707,1,"1"
4768.0647626919608,229562,2725,1,"1"
4770.4779163160811,229559,2728,1,"1"
4781.0968597901201,229543,2744,1,"1"
4799.7266789893765,229525,2762,1,"1"
4815.5230465383083,229457,2830,14,"4-2-2-2-2-1-1"
4841.4336510542207,229454,2833,1,"1"
4850.3268729987622,229451,2836,1,"1"
4866.7664609574613,229446,2841,1,"1"
4873.6911928010195,229428,2859,1,"1"
4874.8302602434742,229418,2869,1,"1"
4958.2037847061847,229404,2883,2,"2"
4969.0188932222409,229386,2901,1,"1"
4984.3650101174508,229383,2904,1,"1"
4990.2193526945093,229365,2922,2,"2"
5009.2904795577433,229350,2937,1,"1"
5015.7596044447246,229338,2949,1,"1"
5017.3857890061299,229320,2967,1,"1"
5019.9919349419324,229314,2973,2,"2"
5029.3907194861067,229296,2991,1,"1"
5034.5816053645567,229293,2994,1,"1"
5037.2473267884279,229283,3004,2,"2"
5048.4941532350913,229265,3022,1,"1"
5048.6068408713609,229247,3040,1,"1"
5066.2504891283943,229237,3050,2,"2"
5108.6270893700548,229234,3053,1,"1"
5111.8176127446541,229216,3071,1,"1"
5125.4753297655534,229185,3102,3,"2-1"
5141.7074444159171,229167,3120,1,"1"
5143.8531009359513,229164,3123,1,"1"
5146.9761132132726,229153,3134,1,"1"
5150.8915836536526,229135,3152,1,"1"
5154.6298039039211,229117,3170,1,"1"
5161.0032972016361,229105,3182,1,"1"
5169.2514685039532,229087,3200,1,"1"
5176.7502030837722,229069,3218,1,"1"
5196.3498649665198,229041,3246,2,"2"
5198.7656251309709,229030,3257,1,"1"
5212.555400813817,229016,3271,1,"1"
5235.4771242688184,229006,3281,1,"1"
5242.9733783189822,228986,3301,2,"1-1"
5268.9290213845115,228983,3304,1,"1"
5277.0074069978746,228965,3322,1,"1"
5283.3813146900447,228947,3340,1,"1"
5300.715012622316,228911,3376,2,"2"
5308.5670617413816,228893,3394,1,"1"
5320.0540896125976,228875,3412,1,"1"
5326.0866186563371,228872,3415,1,"1"
5347.2881822192148,228862,3425,1,"1"
5348.2078002278986,228851,3436,1,"1"
5351.0091964673529,228833,3454,1,"1"
5377.0226495533807,228828,3459,1,"1"
5379.2019008909883,228810,3477,1,"1"
5380.3188393873752,228730,3557,6,"5-1"
5380.6291525356082,228708,3579,2,"1-1"
5390.9628020042637,228694,3593,1,"1"
5422.1947651975142,228691,3596,1,"1"
5424.9373936861784,228680,3607,1,"1"
5444.4686585383979,228662,3625,1,"1"
5445.2218710461102,228652,3635,1,"1"
5446.7194513702107,228645,3642,1,"1"
5458.6071509965304,228627,3660,1,"1"
5482.4883369432591,228609,3678,1,"1"
5497.9304546796357,228604,3683,1,"1"
5505.3029212325146,228586,3701,1,"1"
5508.2604242025318,228568,3719,1,"1"
5509.9847704988224,228550,3737,1,"1"
5546.6771198973138,228547,3740,1,"1"
5555.6590397515438,228529,3758,1,"1"
5598.8512824209847,228513,3774,1,"1"
5607.3311416228808,228495,3792,1,"1"
5609.9689068367461,228487,3800,2,"1-1"
5630.859943471296,228484,3803,1,"1"
5631.9211718534461,228481,3806,1,"1"
5633.2544283414763,228463,3824,1,"1"
5646.2120227299047,228458,3829,1,"1"
5655.4574308776255,228444,3843,2,"2"
5658.3706963742161,228414,3873,2,"2"
5661.0661963230687,228396,3891,1,"1"
5670.6363141878464,228378,3909,1,"1"
5682.7601908602282,228359,3928,3,"2-1"
5692.9663662069761,228333,3954,2,"1-1"
5709.9477101945358,228315,3972,1,"1"
5717.0489071635939,228312,3975,1,"1"
5761.0744994134338,228276,4011,2,"2"
5783.5030235450176,228271,4016,1,"1"
5787.0963744857172,228253,4034,1,"1"
5811.8409128786971,228235,4052,1,"1"
5820.1697047900279,228217,4070,1,"1"
5844.1054866714785,228207,4080,2,"2"
5846.4963112246287,228198,4089,3,"2-1"
5860.9492636189243,228180,4107,1,"1"
5883.5664945870067,228162,4125,1,"1"
5883.9435296449828,228144,4143,1,"1"
5884.6443754834027,228126,4161,1,"1"
5894.1457789436909,228090,4197,2,"2"
5897.2589157623233,228061,4226,2,"2"
5902.7118532152654,228056,4231,1,"1"
5903.0374051345334,228038,4249,1,"1"
5909.3722144373205,228035,4252,1,"1"
5910.0608235271493,228030,4257,1,"1"
5918.4610981732467,227984,4303,3,"2-1"
5940.7940539945685,227948,4339,2,"1-1"
5940.8767583664639,227930,4357,1,"1"
5956.7351040345466,227916,4371,2,"2"
5959.1850755253399,227913,4374,1,"1"
5959.610092738174,227908,4379,1,"1"
5970.0242119099294,227902,4385,2,"1-1"
5976.5973441840861,227884,4403,1,"1"
5978.7957318598719,227856,4431,2,"1-1"
5996.413281052397,227832,4455,2,"2"
6001.4312107719961,227820,4467,1,"1"
6009.3449611082087,227802,4485,1,"1"
6020.2171163785879,227726,4561,6,"3-1-1-1"
6024.2698237560317,227716,4571,2,"2"
6061.0817327936174,227698,4589,1,"1"
6080.4502233387775,227691,4596,1,"1"
6086.4292847850484,227681,4606,1,"1"
6086.5280732549763,227663,4624,1,"1"
6132.015918263246,227647,4640,1,"1"
6157.6015235697505,227629,4658,1,"1"
6223.6260995971334,227611,4676,1,"1"
6248.7894336999489,227594,4693,3,"3"
6249.8047808624224,227584,4703,2,"2"
6281.2683791506715,227571,4716,1,"1"
6287.6152772922078,227549,4738,4,"2-1-1"
6293.2373010623733,227537,4750,4,"3-1"
6320.8391202052608,227527,4760,2,"2"
6320.8408204800726,227522,4765,1,"1"
6346.5266794980098,227512,4775,1,"1"
6353.6864644054594,227509,4778,1,"1"
6354.9316366910734,227469,4818,8,"7-1"
6361.4839946427564,227451,4836,1,"1"
6364.6641425836287,227415,4872,2,"1-1"
6370.9367024634103,227410,4877,1,"1"
6388.7805789570557,227392,4895,1,"1"
6407.7236210810697,227374,4913,1,"1"
6417.1455538660593,227360,4927,4,"4"
6427.5219520620112,227342,4945,1,"1"
6431.1537216120032,227308,4979,2,"1-1"
6449.039313887386,227290,4997,1,"1"
6449.6943264519987,227280,5007,1,"1"
6454.3446900312774,227251,5036,2,"2"
6454.5269734891426,227241,5046,1,"1"
6455.947166726789,227223,5064,1,"1"
6461.6749757541975,227205,5082,1,"1"
6470.5671438981544,227187,5100,1,"1"
6476.0241581075024,227169,5118,1,"1"
6491.1014374836241,227166,5121,1,"1"
6496.1775024914559,227155,5132,1,"1"
6501.9294495604254,227152,5135,1,"1"
6503.9067960484281,227142,5145,1,"1"
6514.7717960608443,227133,5154,1,"1"
6515.9189521436738,227113,5174,2,"2"
6517.4199042121072,227095,5192,1,"1"
6522.6974838454153,227077,5210,1,"1"
6559.1678230512589,227068,5219,1,"1"
6562.369704226724,227050,5237,1,"1"
6567.862490567597,227032,5255,1,"1"
6590.0127645876601,227027,5260,1,"1"
6597.6020384525254,227009,5278,1,"1"
6652.3093728409976,226991,5296,1,"1"
6672.8871263377996,226973,5314,1,"1"
6689.8490176233036,226955,5332,1,"1"
6714.0377824074567,226935,5352,2,"1-1"
6745.1846506104876,226921,5366,1,"1"
6758.9302998024823,226911,5376,1,"1"
6760.2718998216178,226885,5402,2,"1-1"
6770.1916704849891,226868,5419,1,"1"
6791.5512026690085,226853,5434,3,"3"
6803.6944337647919,226821,5466,2,"1-1"
6835.1081358821402,226811,5476,2,"2"
6836.8204028217133,226801,5486,2,"1-1"
6839.1014622607308,226777,5510,2,"2"
6840.9839900313036,226766,5521,1,"1"
6843.3150262447889,226763,5524,1,"1"
6846.3263116700964,226751,5536,1,"1"
6855.5380358121283,226741,5546,1,"1"
6864.6715814643394,226723,5564,1,"1"
6865.2486741847524,226706,5581,1,"1"
6890.811808832239,226701,5586,1,"1"
6892.1483549815612,226683,5604,1,"1"
6898.9487950514931,226678,5609,1,"1"
6908.9563630121856,226660,5627,1,"1"
6909.8390513516078,226642,5645,1,"1"
6914.5299717949583,226628,5659,1,"1"
6925.5528587988265,226610,5677,1,"1"
6929.2841893863333,226598,5689,1,"1"
6951.2757848418278,226588,5699,1,"1"
6959.208257897787,226575,5712,1,"1"
6962.5247708272473,226557,5730,1,"1"
7007.3522208224549,226552,5735,1,"1"
7010.6435529914806,226545,5742,1,"1"
7012.5530190762865,226527,5760,1,"1"
7027.3401839689068,226495,5792,4,"4"
7057.018357302838,226490,5797,1,"1"
7069.8661914589975,226472,5815,1,"1"
7076.3766564729431,226454,5833,1,"1"
7088.7080875792535,226436,5851,1,"1"
7094.4547990490737,226418,5869,1,"1"
7113.4292444246021,226413,5874,1,"1"
7127.4026171651303,226373,5914,4,"2-2"
7128.5870759442842,226355,5932,1,"1"
7134.25812649414,226330,5957,5,"3-1-1"
7157.315123157834,226294,5993,2,"1-1"
7165.8728266808639,226276,6011,1,"1"
7167.8532363545291,226266,6021,2,"1-1"
7169.0955171597952,226230,6057,2,"2"
7192.8613462767335,226212,6075,1,"1"
7221.6809477794441,226194,6093,1,"1"
7235.695442774374,226184,6103,2,"2"
7259.754759142359,226166,6121,1,"1"
7263.9668085615604,226148,6139,1,"1"
7273.6065823634281,226141,6146,1,"1"
7273.726813716431,226123,6164,1,"1"
7276.9601169738871,226069,6218,3,"2-1"
7280.2845217623581,226045,6242,2,"1-1"
7290.3895606168353,226027,6260,1,"1"
7294.8492773528787,226009,6278,1,"1"
7300.7460281651584,225995,6292,1,"1"
7302.6090816108663,225977,6310,1,"1"
7336.1272913729053,225959,6328,1,"1"
7339.9233699112301,225935,6352,2,"1-1"
7344.3090413375639,225902,6385,5,"2-2-1"
7350.6429455126008,225884,6403,1,"1"
7359.7264699235002,225866,6421,1,"1"
7360.0227647066413,225848,6439,1,"1"
7361.3937220433254,225824,6463,2,"1-1"
7379.2133711201459,225810,6477,1,"1"
7390.6007210099933,225802,6485,2,"2"
7395.7776551189545,225784,6503,1,"1"
7408.6534103573531,225775,6512,1,"1"
7413.8295217718032,225757,6530,1,"1"
7415.467808358906,225739,6548,1,"1"
7415.7034330945417,225725,6562,2,"1-1"
7420.0784509324321,225707,6580,1,"1"
7431.5015280765656,225689,6598,1,"1"
7456.8399530744164,225653,6634,2,"2"
7471.7268525022318,225625,6662,4,"2-1-1"
7474.5413053659331,225620,6667,1,"1"
7478.818305254068,225602,6685,1,"1"
7485.9817507766256,225584,6703,1,"1"
7493.9210994167106,225569,6718,1,"1"
7496.1072981205534,225551,6736,1,"1"
7508.5986261028365,225533,6754,1,"1"
7543.0684886486615,225497,6790,2,"2"
7544.6466429737775,225492,6795,1,"1"
7546.3937073050229,225443,6844,9,"3-3-2-1"
7571.7527712226383,225433,6854,1,"1"
7573.0869060820578,225415,6872,1,"1"
7582.3962344026013,225347,6940,8,"2-2-1-1-1-1"
7583.1856065316651,225329,6958,1,"1"
7587.1542039481728,225303,6984,2,"1-1"
7591.3401549719201,225296,6991,1,"1"
7591.8290136788701,225285,7002,1,"1"
7602.7264877367143,225267,7020,1,"1"
7617.5490394175686,225180,7107,13,"6-2-1-1-1-1-1"
7631.2516595398502,225160,7127,2,"1-1"
7659.9745538764801,225149,7138,1,"1"
7664.1201639542433,225131,7156,1,"1"
7685.0124729928402,225072,7215,9,"4-2-1-1-1"
7698.4339778526009,225062,7225,1,"1"
7702.386891515458,225055,7232,1,"1"
7717.7693838878313,225037,7250,1,"1"
7718.5921008427113,225019,7268,1,"1"
7718.7023783078994,225005,7282,2,"2"
7722.7573907519663,225002,7285,1,"1"
7730.9580811438254,224984,7303,1,"1"
7737.6822556806492,224979,7308,1,"1"
7740.28151867828,224961,7326,1,"1"
7751.1763873272967,224943,7344,1,"1"
7757.0873479376132,224915,7372,2,"2"
7775.8272141633597,224905,7382,1,"1"
7783.289821687461,224887,7400,1,"1"
7783.30687307059,224869,7418,1,"1"
7787.83750901647,224851,7436,1,"1"
7791.0588726818478,224819,7468,2,"2"
7812.6599412373753,224795,7492,4,"2-1-1"
7813.4976447805775,224777,7510,1,"1"
7815.5217371743402,224759,7528,1,"1"
7822.7777142687819,224741,7546,1,"1"
7829.3333991783402,224723,7564,1,"1"
7837.6674326618586,224687,7600,2,"2"
7848.723428559505,224661,7626,2,"2"
7860.4462679764993,224643,7644,1,"1"
7862.3777099357821,224625,7662,1,"1"
7863.4018742108019,224607,7680,1,"1"
7866.4576162058893,224589,7698,1,"1"
7871.7279182054654,224571,7716,1,"1"
7886.2813800125386,224553,7734,1,"1"
7886.3008071019185,224535,7752,1,"1"
7903.4321845965596,224499,7788,2,"2"
7908.7056213526421,224481,7806,1,"1"
7915.1292174556329,224478,7809,1,"1"
7930.7604584288656,224460,7827,1,"1"
7942.808359841184,224406,7881,3,"3"
7947.2521732178566,224395,7892,1,"1"
7953.9712326519093,224377,7910,1,"1"
7958.1106802098702,224359,7928,1,"1"
7958.5812164203371,224354,7933,1,"1"
7967.6258226950458,224344,7943,2,"1-1"
7978.0772209198503,224326,7961,1,"1"
7984.6929328272345,224290,7997,2,"2"
8007.6558857713781,224272,8015,1,"1"
8009.9626571968056,224254,8033,1,"1"
8029.250101276165,224238,8049,1,"1"
8050.6443215924974,224220,8067,1,"1"
8053.9085549363508,224215,8072,1,"1"
8060.4930479020441,224197,8090,1,"1"
8070.9449042172764,224161,8126,2,"2"
8075.8317233735261,224121,8166,3,"3"
8078.826621413692,224103,8184,1,"1"
8079.3733331619615,224085,8202,1,"1"
8084.286941143474,224067,8220,1,"1"
8112.1475203125201,224062,8225,1,"1"
8139.6518634221193,224044,8243,1,"1"
8145.5596396402225,224034,8253,1,"1"
8152.0723779584732,224016,8271,1,"1"
8160.2720112557981,224005,8282,1,"1"
8167.4852287463436,223995,8292,1,"1"
8170.6315582578964,223977,8310,1,"1"
8188.2087961882507,223959,8328,1,"1"
8192.9334513711074,223941,8346,1,"1"
8214.4113980224538,223902,8385,5,"3-1-1"
8225.9887563486682,223884,8403,1,"1"
8233.4208784841958,223866,8421,1,"1"
8237.5548299256643,223859,8428,1,"1"
8241.3668308470133,223854,8433,1,"1"
8242.8092309683052,223845,8442,1,"1"
8246.5133916970499,223827,8460,1,"1"
8255.5188985322166,223809,8478,1,"1"
8265.0025151280115,223791,8496,1,"1"
8265.2380057913615,223786,8501,1,"1"
8270.2057202363576,223768,8519,1,"1"
8276.3047029028385,223750,8537,1,"1"
8277.5935915617029,223730,8557,2,"2"
8285.5432193833585,223698,8589,3,"3"
8286.181273751763,223670,8617,4,"3-1"
8298.0345656794816,223652,8635,1,"1"
8303.8238003814458,223616,8671,2,"2"
8346.3721243265718,223604,8683,1,"1"
8347.306946663306,223559,8728,3,"2-1"
8347.3333392356308,223503,8784,4,"2-1-1"
8353.6315683039011,223485,8802,1,"1"
8363.5614000819296,223465,8822,2,"2"
8370.7159948021363,223451,8836,2,"2"
8372.6962644695595,223369,8918,6,"3-2-1"
8389.6028459736899,223351,8936,1,"1"
8403.344633250892,223333,8954,1,"1"
8404.9512352983365,223326,8961,1,"1"
8413.533196168728,223306,8981,2,"2"
8431.9223384737688,223288,8999,1,"1"
8456.1729843368539,223270,9017,1,"1"
8472.7156889857415,223260,9027,1,"1"
8474.1586093844635,223242,9045,1,"1"
8481.4576034020938,223217,9070,5,"4-1"
8483.147205666377,223145,9142,4,"4"
8501.7098289752576,223131,9156,2,"2"
8516.5476350581303,223105,9182,4,"4"
8518.405217681724,223096,9191,1,"1"
8565.0265911464739,223091,9196,1,"1"
8574.9927686008086,223047,9240,3,"1-1-1"
8584.3547549186351,223025,9262,2,"1-1"
8585.1042948495578,223007,9280,1,"1"
8602.8743379911866,222989,9298,1,"1"
8605.1043807044025,222971,9316,1,"1"
8608.1580881073296,222960,9327,1,"1"
8609.5527163854058,222936,9351,2,"2"
8613.5568769107067,222918,9369,1,"1"
8627.626138208705,222900,9387,1,"1"
8639.8895676574666,222882,9405,1,"1"
8650.4729784150186,222828,9459,3,"2-1"
8664.3150991855418,222808,9479,2,"2"
8677.853944183069,222790,9497,1,"1"
8678.7251665377844,222772,9515,1,"1"
8687.9486601741373,222736,9551,2,"2"
8689.3334789737892,222718,9569,1,"1"
8702.7887617253527,222694,9593,2,"1-1"
8711.2171976420213,222676,9611,1,"1"
8713.878834854695,222658,9629,1,"1"
8714.4737803331063,222645,9642,1,"1"
8724.4815502731562,222625,9662,2,"1-1"
8726.7117954800451,222615,9672,2,"2"
8728.2341158519284,222591,9696,2,"2"
8738.6018333262618,222555,9732,2,"2"
8753.3944071564292,222545,9742,2,"1-1"
8758.5130189258707,222527,9760,1,"1"
8759.6990526448353,222514,9773,1,"1"
8761.3835620041427,222304,9983,17,"5-3-3-2-1-1-1-1"
8769.1390745803383,222286,10001,1,"1"
8780.5718692224327,222218,10069,6,"2-1-1-1-1"
8785.9104750198112,222209,10078,1,"1"
8788.4839889891064,222191,10096,1,"1"
8789.8924640473797,222173,10114,1,"1"
8801.7225613262763,222155,10132,1,"1"
8808.4825375316414,222137,10150,1,"1"
8830.1566480897854,222126,10161,1,"1"
8857.6252338082395,222116,10171,1,"1"
8865.522667306177,222098,10189,2,"2"
8868.6454937390135,222052,10235,4,"3-1"
8872.4384026843418,222034,10253,1,"1"
8876.9594541794449,222018,10269,2,"1-1"
8880.5486871410194,222001,10286,1,"1"
8887.9914499940151,221983,10304,1,"1"
8910.5402599790796,221965,10322,1,"1"
8925.59393961366,221947,10340,1,"1"
8928.4126392867693,221929,10358,1,"1"
8928.9232637247751,221924,10363,1,"1"
8934.3459663355825,221906,10381,1,"1"
8951.5906890929673,221888,10399,1,"1"
8969.1571497786936,221870,10417,1,"1"
8969.5165028272168,221852,10435,1,"1"
8972.4921888454646,221750,10537,7,"3-3-1"
8973.4551761307484,221739,10548,1,"1"
8975.0927360909827,221621,10666,10,"4-2-1-1-1-1"
8990.4846612626861,221603,10684,1,"1"
8991.7705270671595,221574,10713,3,"2-1"
8991.8188342646572,221494,10793,10,"7-1-1-1"
9002.6826847203192,221476,10811,1,"1"
9008.1273000857927,221440,10847,2,"1-1"
9026.1176951942198,221412,10875,2,"1-1"
9033.4495903085881,221394,10893,1,"1"
9035.5159276944632,221302,10985,6,"3-1-1-1"
9039.9822042266478,221250,11037,4,"3-1"
9046.0085073355694,221241,11046,1,"1"
9048.2255315915991,221210,11077,2,"2"
9057.3469148560089,221192,11095,1,"1"
9059.1501226026794,221174,11113,1,"1"
9067.6663624702906,221114,11173,5,"4-1"
9069.5253309688214,221103,11184,1,"1"
9086.1608300483713,221067,11220,2,"2"
9090.4870166836135,221013,11274,6,"3-2-1"
9098.640684239761,220997,11290,2,"2"
9099.4221593215498,220981,11306,1,"1"
9102.5698245149015,220971,11316,1,"1"
9105.9278966526126,220953,11334,2,"2"
9107.6597699717058,220861,11426,6,"3-2-1"
9114.064854679038,220843,11444,1,"1"
9114.7269458552946,220817,11470,2,"2"
9117.0263504275517,220799,11488,1,"1"
9122.6934572624141,220781,11506,1,"1"
9123.0521304331596,220763,11524,1,"1"
9124.5214459460913,220745,11542,1,"1"
9152.4880809466104,220735,11552,1,"1"
9161.2633365414713,220699,11588,2,"2"
9166.4354745614546,220681,11606,1,"1"
9167.8986739583088,220663,11624,1,"1"
9175.3034926749369,220645,11642,1,"1"
9183.3600359817901,220627,11660,1,"1"
9186.2677780868325,220591,11696,2,"1-1"
9206.301653240158,220573,11714,1,"1"
9216.5914234504908,220562,11725,1,"1"
9217.2910866740986,220544,11743,1,"1"
9226.2019822075454,220534,11753,1,"1"
9227.2501317172901,220504,11783,2,"1-1"
9230.5547592765124,220493,11794,1,"1"
9243.8350907591648,220482,11805,1,"1"
9250.3982365287302,220472,11815,1,"1"
9250.6406955935672,220454,11833,1,"1"
9257.4413723197067,220436,11851,1,"1"
9262.4668794894715,220327,11960,13,"4-3-2-1-1-1-1"
9276.3517556413171,220309,11978,1,"1"
9277.6024775146743,220291,11996,1,"1"
9279.1208055052157,220286,12001,1,"1"
9280.8065470991623,220279,12008,1,"1"
9281.247087023994,220267,12020,1,"1"
9283.2544211703953,220249,12038,1,"1"
9289.7895797559195,220069,12218,14,"8-2-1-1-1-1"
9291.1306696945448,220053,12234,1,"1"
9293.1927242418169,219949,12338,8,"4-4"
9301.9557947502781,219923,12364,2,"1-1"
9304.7721845368451,219907,12380,1,"1"
9322.1630215906007,219889,12398,1,"1"
9326.1573578966218,219529,12758,36,"8-6-4-3-3-2-2-2-1-1-1-1-1-1"
9329.2551088045384,219511,12776,1,"1"
9336.5114784713624,219461,12826,6,"5-1"
9338.7141637105906,219456,12831,1,"1"
9345.971170690691,219438,12849,1,"1"
9346.2035313810884,219420,12867,1,"1"
9347.0801704575224,219402,12885,1,"1"
9350.0575708644756,219384,12903,1,"1"
9354.0416143402199,219373,12914,1,"1"
9354.1714882995529,219355,12932,1,"1"
9354.5679894456825,219342,12945,1,"1"
9356.2336412018376,219288,12999,3,"3"
9386.1913324725228,219252,13035,2,"2"
9388.1369064867322,219234,13053,1,"1"
9397.2724789929398,219216,13071,1,"1"
9415.8730680956069,219160,13127,4,"2-1-1"
9418.5326699105772,219151,13136,1,"1"
9425.7221099295566,219124,13163,3,"3"
9426.9584540717715,219000,13287,8,"4-2-1-1"
9440.7981899504503,218969,13318,3,"2-1"
9448.4819730260479,218956,13331,1,"1"
9460.6872346466098,218938,13349,1,"1"
9462.5477417310776,218902,13385,2,"2"
9462.6227789515287,218888,13399,1,"1"
9471.3835714413563,218866,13421,2,"1-1"
9475.0003938376085,218764,13523,9,"4-2-1-1-1"
9475.2259891947451,218746,13541,1,"1"
9487.6554948300218,218728,13559,1,"1"
9493.1594108795107,218704,13583,2,"2"
9499.3258285929096,218686,13601,1,"1"
9514.5637655605551,218668,13619,1,"1"
9515.9842515031341,218650,13637,1,"1"
9516.3859520998885,218632,13655,1,"1"
9516.7349362743244,218356,13931,20,"4-3-2-2-2-2-1-1-1-1-1"
9519.361425867437,217921,14366,39,"4-4-4-3-2-2-2-2-2-2-2-2-1-1-1-1-1-1-1-1"
9521.8697382143309,217849,14438,4,"2-2"
9522.7109002425823,217835,14452,1,"1"
9528.3271574476821,217483,14804,32,"4-3-3-3-3-2-2-2-2-1-1-1-1-1-1-1-1"
9528.8389879858551,217467,14820,2,"2"
9533.8682225652028,217452,14835,1,"1"
9550.5161535033767,217434,14853,1,"1"
9551.6865835625558,217398,14889,2,"2"
9578.9652103686894,217382,14905,1,"1"
9582.5284558309886,217354,14933,2,"1-1"
9593.7782417438666,217340,14947,1,"1"
9597.8468202694312,217306,14981,3,"1-1-1"
9598.0040496232032,216844,15443,34,"9-5-3-2-2-2-2-1-1-1-1-1-1-1-1-1"
9602.013788189488,216826,15461,1,"1"
9624.0876238923483,216808,15479,1,"1"
9632.9886451075326,216790,15497,1,"1"
9636.6125661578244,216772,15515,1,"1"
9638.2092194043144,216736,15551,2,"2"
9643.6641305373705,216661,15626,5,"2-2-1"
9648.5632704334821,216643,15644,1,"1"
9669.1872273237805,0,232287,12203,"12203"
----------------------------------------------7
0,232287,0,0,"0"
370.24955916560691,232286,1,1,"1"
402.27567474449791,232285,2,1,"1"
410.17915680639663,232284,3,1,"1"
417.67516934715331,232281,6,1,"1"
485.53235496616873,232280,7,1,"1"
498.4642884299663,232279,8,1,"1"
513.17643865307537,232261,26,1,"1"
538.93922179622882,232259,28,2,"2"
568.14868821355935,232256,31,1,"1"
575.5567452391366,232255,32,1,"1"
580.19263030139859,232254,33,1,"1"
586.85083860206089,232244,43,1,"1"
591.62924579496757,232243,44,1,"1"
604.74001240522045,232242,45,1,"1"
615.94850219204886,232228,59,1,"1"
701.0043244611461,232226,61,2,"2"
702.35289559846944,232225,62,1,"1"
709.604180732386,232222,65,1,"1"
769.25195070459699,232221,66,1,"1"
776.89043279342218,232220,67,1,"1"
811.99231158793646,232219,68,1,"1"
817.62095593924084,232216,71,1,"1"
856.52277512241312,232204,83,1,"1"
909.94657127802395,232203,84,1,"1"
925.45592811961751,232202,85,1,"1"
949.35451819590844,232201,86,1,"1"
974.39385280733313,232200,87,1,"1"
999.4719557718073,232199,88,1,"1"
1010.7558441335449,232198,89,1,"1"
1011.5706288903416,232197,90,1,"1"
1051.746144281024,232196,91,1,"1"
1066.4574754188079,232195,92,1,"1"
1072.1171648874094,232193,94,2,"2"
1081.1692957251128,232175,112,1,"1"
1083.6707874890442,232173,114,2,"2"
1083.6734666669072,232161,126,1,"1"
1090.3502908820237,232151,136,1,"1"
1121.3697777949285,232150,137,1,"1"
1122.7375223839433,232149,138,1,"1"
1123.4073777187139,232148,139,1,"1"
1138.7767605424701,232147,140,1,"1"
1161.4702822435195,232145,142,2,"2"
1167.920826517626,232127,160,1,"1"
1189.390031702829,232124,163,1,"1"
1192.1093536181058,232123,164,1,"1"
1222.097236004839,232111,176,1,"1"
1234.3642256708927,232109,178,2,"1-1"
1238.5966362372103,232107,180,2,"2"
1253.9595980084034,232102,185,1,"1"
1291.1536052622223,232100,187,2,"2"
1293.5218981013663,232097,190,1,"1"
1303.5245486786189,232096,191,1,"1"
1322.0942174827462,232078,209,1,"1"
1328.5129859764843,232066,221,1,"1"
1396.6433183880215,232065,222,1,"1"
1401.6533945719268,232052,235,1,"1"
1405.6114167855205,232051,236,1,"1"
1406.244627470729,232050,237,1,"1"
1410.2104593011807,232049,238,1,"1"
1427.2161300812413,232037,250,1,"1"
1428.901942569405,232036,251,1,"1"
1432.7851322532745,232035,252,1,"1"
1441.077440200587,232017,270,1,"1"
1441.7834464817356,232014,273,1,"1"
1446.6629238097985,232012,275,2,"1-1"
1467.7164815447416,231994,293,1,"1"
1492.0179450887667,231992,295,2,"2"
1505.652426777516,231976,311,1,"1"
1510.5352914557398,231971,316,1,"1"
1518.4715331714679,231969,318,2,"2"
1523.6765395995449,231957,330,2,"1-1"
1524.753079920147,231956,331,1,"1"
1588.8949938544586,231955,332,1,"1"
1596.6878208345363,231945,342,1,"1"
1686.6732387556201,231944,343,1,"1"
1689.9022530464485,231926,361,1,"1"
1698.1554739939345,231925,362,1,"1"
1713.0729069533172,231924,363,1,"1"
1732.0501549086607,231923,364,1,"1"
1732.5591852271459,231922,365,1,"1"
1741.0214357498987,231921,366,1,"1"
1765.8474085511987,231908,379,1,"1"
1779.3820231008931,231890,397,1,"1"
1781.7149510561856,231888,399,2,"2"
1785.3764333381121,231887,400,1,"1"
1821.3716731383147,231886,401,1,"1"
1840.7862998222924,231885,402,1,"1"
1848.4810486335291,231884,403,1,"1"
1853.9304080378395,231882,405,2,"1-1"
1890.6465059819245,231881,406,1,"1"
1900.5597625035898,231876,411,1,"1"
1903.7853234850588,231863,424,1,"1"
1912.2985911516375,231862,425,1,"1"
1921.5914306515547,231861,426,1,"1"
1939.64342930559,231860,427,1,"1"
1942.8049078936506,231855,432,1,"1"
1957.0548354433972,231854,433,1,"1"
1996.7536447407817,231849,438,1,"1"
2002.5989385827224,231846,441,1,"1"
2003.7120637423011,231845,442,1,"1"
2025.0659998165829,231827,460,1,"1"
2041.7297832716674,231812,475,5,"3-1-1"
2042.2586496683518,231811,476,1,"1"
2076.1685981319615,231809,478,2,"1-1"
2086.0384021925415,231791,496,1,"1"
2091.1176451666074,231790,497,1,"1"
2094.6283688899111,231789,498,1,"1"
2115.7844228735912,231786,501,3,"3"
2118.1171473878408,231785,502,1,"1"
2125.9876654402492,231784,503,1,"1"
2134.0328418677468,231766,521,1,"1"
2142.6122275367757,231757,530,1,"1"
2143.3592486604234,231755,532,2,"2"
2153.4249043091413,231745,542,2,"2"
2177.4232981081577,231727,560,1,"1"
2234.0944773049032,231726,561,1,"1"
2239.4036691512592,231725,562,1,"1"
2250.9715328542939,231720,567,1,"1"
2255.9906344795513,231710,577,1,"1"
2263.3695186487103,231692,595,1,"1"
2264.4495783184034,231691,596,1,"1"
2271.8972504832263,231688,599,1,"1"
2278.2971258613611,231670,617,1,"1"
2279.6355710230564,231669,618,1,"1"
2294.0001538041438,231651,636,1,"1"
2307.1275730294333,231649,638,2,"2"
2318.7816151910106,231648,639,1,"1"
2326.9527031088792,231646,641,2,"2"
2327.1633586170428,231636,651,4,"2-1-1"
2360.348362690017,231635,652,1,"1"
2385.6069567440404,231633,654,2,"2"
2388.5690330842508,231630,657,1,"1"
2389.5885666683089,231629,658,1,"1"
2390.4252460521184,231628,659,1,"1"
2414.8424651925748,231622,665,2,"2"
2426.8171402748253,231621,666,1,"1"
2434.0383225772634,231616,671,1,"1"
2445.7164699947389,231615,672,1,"1"
2468.4614239982457,231614,673,1,"1"
2486.5426127124033,231611,676,1,"1"
2488.4699186147286,231593,694,1,"1"
2492.580971067468,231575,712,1,"1"
2496.4778040386805,231563,724,1,"1"
2505.5013563035886,231558,729,1,"1"
2515.3647029628369,231541,746,1,"1"
2534.7361067461215,231532,755,1,"1"
2538.5871311238434,231531,756,1,"1"
2560.7367952163399,231529,758,2,"2"
2561.2062622815824,231523,764,2,"2"
2568.89881311514,231513,774,1,"1"
2576.0853576281215,231512,775,1,"1"
2576.5647581259213,231505,782,1,"1"
2584.1020919974385,231487,800,1,"1"
2601.4762492895675,231482,805,1,"1"
2603.8079225124748,231480,807,2,"2"
2604.6562828463148,231475,812,1,"1"
2606.7251108840037,231457,830,1,"1"
2633.118533448624,231451,836,2,"2"
2679.6061055767514,231433,854,1,"1"
2692.4988314941438,231427,860,2,"2"
2696.1189496796787,231424,863,1,"1"
2711.0417120219518,231423,864,1,"1"
2719.1235185071237,231405,882,1,"1"
2738.3914459255652,231404,883,1,"1"
2746.8118235525617,231386,901,1,"1"
2752.6756543464589,231385,902,1,"1"
2755.0588342859905,231375,912,2,"2"
2770.1478811378538,231358,929,1,"1"
2803.2802774673746,231357,930,1,"1"
2811.4972531460589,231352,935,3,"1-1-1"
2812.5087679455182,231338,949,1,"1"
2813.8913993870779,231336,951,2,"1-1"
2848.7163865139755,231333,954,3,"3"
2858.8914622809048,231317,970,1,"1"
2865.4692918475134,231312,975,1,"1"
2866.2785357160742,231309,978,3,"3"
2883.8760052985031,231307,980,2,"1-1"
2905.1884366292793,231289,998,1,"1"
2914.8777371914916,231288,999,1,"1"
2917.8555430016809,231281,1006,3,"3"
2927.4226191908515,231263,1024,1,"1"
2928.6999313942993,231245,1042,1,"1"
2940.0837702538779,231244,1043,1,"1"
2942.8521024317051,231220,1067,2,"1-1"
2954.9060109479756,231219,1068,1,"1"
2989.9607260824882,231218,1069,1,"1"
2994.8376295230009,231215,1072,1,"1"
3005.0434267033652,231197,1090,1,"1"
3008.6958774034692,231179,1108,1,"1"
3024.1273492733503,231155,1132,2,"2"
3028.5444100321079,231137,1150,1,"1"
3038.8145299961493,231119,1168,1,"1"
3057.6247511762781,231102,1185,1,"1"
3060.1788690420249,231089,1198,1,"1"
3095.8379708370735,231071,1216,1,"1"
3098.4581719979578,231053,1234,1,"1"
3112.9308016830714,231043,1244,1,"1"
3124.3716259775229,231025,1262,1,"1"
3130.5433574309277,231019,1268,2,"2"
3174.338512033909,231009,1278,1,"1"
3176.9154812737725,231007,1280,2,"2"
3210.9187589458375,231001,1286,2,"2"
3225.9462709855579,230983,1304,1,"1"
3246.0003586973553,230965,1322,1,"1"
3250.0945864890446,230939,1348,2,"2"
3255.5182903058226,230934,1353,1,"1"
3284.6207065125418,230931,1356,1,"1"
3286.0237749450412,230929,1358,2,"2"
3286.9835440297693,230911,1376,1,"1"
3289.689201031933,230908,1379,1,"1"
3289.8347299472589,230890,1397,1,"1"
3305.5059676993737,230880,1407,1,"1"
3305.7230002417241,230862,1425,1,"1"
3330.4160799882216,230861,1426,1,"1"
3350.3772724123264,230860,1427,1,"1"
3365.4440385442031,230824,1463,2,"1-1"
3365.8629523365148,230819,1468,1,"1"
3368.5523126195631,230818,1469,1,"1"
3377.8876801277111,230812,1475,2,"1-1"
3387.0551295667542,230794,1493,1,"1"
3444.9364928275281,230776,1511,1,"1"
3473.7932751586354,230758,1529,1,"1"
3477.2889819638704,230746,1541,1,"1"
3493.3407890401854,230743,1544,1,"1"
3503.4677366182909,230733,1554,1,"1"
3509.0885303665723,230727,1560,2,"2"
3534.815420693038,230717,1570,2,"1-1"
3540.382011911277,230705,1582,1,"1"
3566.0044925199372,230704,1583,1,"1"
3572.9279761178609,230701,1586,1,"1"
3588.7985419799506,230689,1598,1,"1"
3590.1671978096947,230671,1616,1,"1"
3597.2503834404301,230653,1634,1,"1"
3629.8567288097906,230635,1652,1,"1"
3629.9005453670716,230630,1657,1,"1"
3632.166570769873,230625,1662,1,"1"
3662.2195522338261,230601,1686,4,"2-1-1"
3670.0012173069758,230583,1704,1,"1"
3688.1339615945512,230565,1722,1,"1"
3779.1914375976439,230547,1740,1,"1"
3791.1082709096299,230529,1758,1,"1"
3802.7374586911269,230526,1761,1,"1"
3842.4142062506785,230520,1767,2,"2"
3842.7084806651483,230502,1785,1,"1"
3845.5884570157286,230484,1803,1,"1"
3849.0768204912488,230466,1821,1,"1"
3898.8921355596613,230448,1839,1,"1"
3910.5449333810329,230438,1849,1,"1"
3917.9329625838936,230420,1867,1,"1"
3928.9924164216782,230402,1885,1,"1"
3937.6300216542504,230392,1895,1,"1"
3956.5330170804086,230382,1905,1,"1"
3975.063798136116,230364,1923,1,"1"
3978.3038257368617,230346,1941,1,"1"
3981.9773461378786,230341,1946,1,"1"
3984.5819794527883,230333,1954,2,"2"
4033.5212154458573,230315,1972,1,"1"
4040.370327131433,230297,1990,1,"1"
4053.2153360505981,230292,1995,1,"1"
4071.3429939332746,230274,2013,1,"1"
4071.6539153496083,230264,2023,2,"2"
4090.039686745768,230261,2026,1,"1"
4091.095353736679,230258,2029,1,"1"
4097.4773070263927,230240,2047,1,"1"
4119.7604755708162,230224,2063,1,"1"
4123.4950137418218,230219,2068,1,"1"
4126.0292381390209,230201,2086,1,"1"
4133.3698899806386,230183,2104,1,"1"
4155.536711233678,230176,2111,1,"1"
4171.8623282796434,230158,2129,1,"1"
4192.6733917922338,230153,2134,1,"1"
4210.5538882883748,230135,2152,1,"1"
4220.715787134558,230130,2157,1,"1"
4224.8862096583707,230115,2172,1,"1"
4225.7501628746386,230112,2175,1,"1"
4247.6852799393318,230102,2185,2,"2"
4257.0575067431755,230084,2203,1,"1"
4272.6540475450529,230062,2225,2,"1-1"
4284.1997947230966,230055,2232,1,"1"
4312.847164745509,230037,2250,1,"1"
4313.3934776534179,230032,2255,1,"1"
4354.3122688444455,230012,2275,2,"1-1"
4365.0148177271485,230007,2280,1,"1"
4365.758073653461,229997,2290,2,"2"
4368.3732545754219,229990,2297,1,"1"
4381.7200608280073,229972,2315,1,"1"
4418.832845397892,229967,2320,1,"1"
4423.8348106794192,229962,2325,1,"1"
4424.6755797551668,229944,2343,1,"1"
4453.7801536641327,229939,2348,1,"1"
4455.9369697771554,229936,2351,1,"1"
4455.9948482772579,229918,2369,1,"1"
4457.2683277091728,229915,2372,1,"1"
4481.123228358907,229897,2390,1,"1"
4493.8985800887158,229887,2400,2,"2"
4494.4784142040471,229869,2418,1,"1"
4500.775494005471,229866,2421,1,"1"
4515.5003650573126,229830,2457,2,"2"
4555.1741773866961,229821,2466,1,"1"
4555.5646342030768,229803,2484,1,"1"
4588.2700021438441,229800,2487,1,"1"
4596.234208434118,229782,2505,1,"1"
4615.3316012119139,229772,2515,2,"2"
4623.5033340900318,229754,2533,1,"1"
4643.2229336195487,229744,2543,1,"1"
4650.71024349655,229741,2546,1,"1"
4683.6778113416522,229723,2564,1,"1"
4694.2549716068725,229705,2582,1,"1"
4754.9685391446728,229687,2600,1,"1"
4779.038408361359,229682,2605,1,"1"
4781.5575098786603,229664,2623,1,"1"
4805.8289539912157,229654,2633,1,"1"
4810.0091958406838,229636,2651,1,"1"
4816.4610474749006,229618,2669,1,"1"
4845.0842263233963,229600,2687,1,"1"
4852.844888082599,229582,2705,1,"1"
4859.6551795608475,229572,2715,1,"1"
4860.741851194708,229554,2733,1,"1"
4862.9592458988518,229536,2751,1,"1"
4868.1745772754466,229520,2767,1,"1"
4873.3286639673534,229502,2785,1,"1"
4891.9039364085693,229496,2791,2,"2"
4907.4099633730993,229478,2809,1,"1"
4923.5206595045538,229460,2827,1,"1"
4924.6687332013171,229455,2832,1,"1"
4930.5337762513154,229437,2850,1,"1"
4947.941724654771,229432,2855,1,"1"
4961.6956270437686,229425,2862,1,"1"
4970.696811884246,229397,2890,2,"2"
4978.6776344915288,229388,2899,1,"1"
5012.2981965391209,229370,2917,1,"1"
5018.9697520466998,229355,2932,5,"4-1"
5026.1206913931128,229350,2937,1,"1"
5036.499320733381,229332,2955,1,"1"
5039.8772687521605,229314,2973,1,"1"
5047.050717797737,229299,2988,1,"1"
5061.7528740039725,229281,3006,1,"1"
5087.1681667227585,229264,3023,3,"2-1"
5088.3001887158725,229246,3041,1,"1"
5093.9604789935574,229210,3077,2,"1-1"
5099.7582591608179,229192,3095,1,"1"
5101.3175460295761,229189,3098,1,"1"
5136.7722378085618,229171,3116,1,"1"
5152.0122020561648,229153,3134,1,"1"
5157.5895833367267,229129,3158,2,"2"
5170.7209716642328,229119,3168,2,"2"
5173.3983479903736,229107,3180,1,"1"
5177.1983325348965,229089,3198,1,"1"
5189.918321226548,229071,3216,1,"1"
5213.8197335976338,229061,3226,1,"1"
5221.0188949390331,229058,3229,1,"1"
5227.5588092529069,229053,3234,1,"1"
5253.5337189163865,229041,3246,1,"1"
5260.0817080570832,229023,3264,1,"1"
5270.6759095139851,228987,3300,2,"2"
5282.4018496168346,228984,3303,1,"1"
5308.0320421452443,228966,3321,1,"1"
5319.8211672907883,228948,3339,1,"1"
5334.5424846453461,228930,3357,1,"1"
5335.0655006085244,228927,3360,1,"1"
5346.6929717707353,228912,3375,3,"3"
5349.4807680694266,228894,3393,1,"1"
5351.3556299002203,228884,3403,1,"1"
5372.7445313495946,228874,3413,2,"2"
5377.3909758787058,228858,3429,4,"4"
5386.9822214541455,228840,3447,1,"1"
5397.3860773911501,228837,3450,1,"1"
5403.5183542686909,228819,3468,1,"1"
5414.2709032284574,228801,3486,1,"1"
5426.9364749470305,228773,3514,3,"3"
5430.8189915549819,228755,3532,1,"1"
5438.3188720988401,228737,3550,1,"1"
5439.0204922901576,228734,3553,1,"1"
5445.1170827817386,228717,3570,5,"4-1"
5446.8925149876932,228710,3577,1,"1"
5482.9621122270037,228692,3595,1,"1"
5488.3817228058297,228683,3604,1,"1"
5503.6494137534155,228665,3622,1,"1"
5508.8535082873286,228662,3625,1,"1"
5530.1878601086837,228652,3635,1,"1"
5542.0405235312201,228638,3649,1,"1"
5548.409013915053,228618,3669,4,"2-2"
5554.3343960990442,228609,3678,1,"1"
5565.9241639258598,228599,3688,1,"1"
5571.2654389293029,228589,3698,2,"2"
5572.7685221921411,228586,3701,1,"1"
5593.0850100366242,228581,3706,1,"1"
5603.1905236325565,228563,3724,1,"1"
5638.8747601809155,228545,3742,1,"1"
5668.0534795209132,228539,3748,2,"2"
5668.0975489730745,228534,3753,1,"1"
5674.5125454065192,228516,3771,1,"1"
5708.3696173059316,228498,3789,1,"1"
5709.7357341588968,228480,3807,1,"1"
5726.4038008122152,228426,3861,4,"2-2"
5735.9322640722066,228416,3871,1,"1"
5736.8665254883836,228398,3889,1,"1"
5742.3378918177559,228384,3903,1,"1"
5751.0733208820593,228364,3923,2,"1-1"
5765.9183498902312,228346,3941,1,"1"
5789.1770804844546,228336,3951,1,"1"
5796.9036410104809,228318,3969,1,"1"
5833.1464964725101,228313,3974,1,"1"
5843.6063088070623,228308,3979,1,"1"
5848.6522605085174,228301,3986,1,"1"
5894.7451046222113,228291,3996,1,"1"
5900.1628819953266,228283,4004,2,"1-1"
5905.5407789810879,228265,4022,1,"1"
5907.6498010578798,228256,4031,1,"1"
5921.9922044601353,228251,4036,1,"1"
5949.7429500947537,228241,4046,2,"2"
5977.1532066958816,228223,4064,1,"1"
5988.1821251497377,228218,4069,1,"1"
5994.3429773617881,228213,4074,1,"1"
6008.6088647460765,228195,4092,1,"1"
6012.6900835136748,228190,4097,1,"1"
6018.740647571557,228154,4133,2,"2"
6024.2277498380399,228149,4138,1,"1"
6044.8125592689494,228131,4156,1,"1"
6049.1908696433602,228117,4170,1,"1"
6063.3194895267507,228107,4180,2,"1-1"
6069.5353749675387,228089,4198,1,"1"
6093.4907283442662,228071,4216,1,"1"
6099.0828026533281,228053,4234,1,"1"
6106.2963337417768,228035,4252,1,"1"
6121.6227904853749,228011,4276,4,"2-2"
6141.0938871366816,227993,4294,1,"1"
6145.7714479263595,227966,4321,5,"4-1"
6149.5276075522088,227948,4339,1,"1"
6150.3819909955337,227936,4351,1,"1"
6156.7605404410833,227918,4369,1,"1"
6208.4272683718846,227900,4387,1,"1"
6220.3037008080764,227882,4405,1,"1"
6221.2907233621308,227872,4415,1,"1"
6223.3997457921769,227854,4433,1,"1"
6223.9487790854528,227845,4442,1,"1"
6234.2493156888168,227827,4460,1,"1"
6235.1601536007547,227821,4466,2,"1-1"
6243.8978924676685,227803,4484,1,"1"
6253.4201508075976,227785,4502,1,"1"
6260.8097245106583,227778,4509,1,"1"
6271.8694624765394,227760,4527,1,"1"
6276.1407263904212,227757,4530,1,"1"
6280.1266431891263,227739,4548,1,"1"
6291.3907830570261,227721,4566,1,"1"
6293.6943968159412,227715,4572,2,"2"
6304.5641423516399,227697,4590,1,"1"
6310.8437361340721,227679,4608,1,"1"
6324.4383111122534,227661,4626,1,"1"
6334.0136396883163,227651,4636,1,"1"
6335.5298842857019,227641,4646,1,"1"
6342.3144354965862,227623,4664,1,"1"
6343.9663173296312,227611,4676,2,"2"
6344.549902292044,227588,4699,3,"2-1"
6350.4535797632179,227570,4717,1,"1"
6367.1266929283393,227558,4729,1,"1"
6370.1249813979721,227549,4738,1,"1"
6376.4665242033043,227543,4744,2,"2"
6377.0574855132663,227525,4762,1,"1"
6380.9031671337443,227514,4773,1,"1"
6385.8038991877129,227496,4791,1,"1"
6397.0962487538764,227478,4809,1,"1"
6405.7134912571919,227473,4814,1,"1"
6406.0395652954476,227453,4834,2,"1-1"
6406.8156179724319,227435,4852,1,"1"
6418.0266409811675,227417,4870,1,"1"
6426.0529252530687,227399,4888,1,"1"
6426.5799569715555,227396,4891,1,"1"
6434.5744023505849,227391,4896,1,"1"
6436.4412627757938,227373,4914,1,"1"
6447.706801721034,227361,4926,1,"1"
6450.8133657030112,227343,4944,1,"1"
6453.4055507248859,227325,4962,1,"1"
6465.1414861059475,227307,4980,1,"1"
6466.3717215818906,227304,4983,1,"1"
6474.8124943335388,227292,4995,1,"1"
6478.0360403341147,227287,5000,1,"1"
6483.4895617466391,227277,5010,1,"1"
6486.8881252290948,227259,5028,1,"1"
6490.8587729582105,227254,5033,1,"1"
6493.5135610795905,227239,5048,3,"3"
6504.3909057331375,227221,5066,1,"1"
6506.1974876906033,227203,5084,1,"1"
6508.3180221247057,227196,5091,1,"1"
6524.5390503487833,227178,5109,1,"1"
6530.4131716560696,227173,5114,1,"1"
6532.0159867561597,227119,5168,3,"3"
6536.8662519763466,227102,5185,1,"1"
6547.1913024197474,227084,5203,1,"1"
6547.7765479655627,227066,5221,1,"1"
6571.8153040953912,227048,5239,1,"1"
6575.9740655723235,227030,5257,1,"1"
6613.7145484665007,227012,5275,1,"1"
6626.6064557924965,226970,5317,6,"3-2-1"
6639.3541343945662,226952,5335,1,"1"
6653.4667736796673,226949,5338,1,"1"
6661.4553812922031,226931,5356,1,"1"
6667.8675322453182,226913,5374,1,"1"
6681.9231559310683,226895,5392,1,"1"
6686.5269919532639,226885,5402,1,"1"
6704.8763999890971,226867,5420,1,"1"
6726.3381347568875,226849,5438,1,"1"
6733.7647460180979,226813,5474,2,"1-1"
6738.6846563920199,226808,5479,1,"1"
6739.89201013405,226790,5497,1,"1"
6764.7065442245894,226778,5509,1,"1"
6782.8703309839157,226766,5521,1,"1"
6801.9776933059929,226748,5539,2,"2"
6804.6903885889542,226738,5549,1,"1"
6805.0101648553173,226720,5567,1,"1"
6805.9572833626344,226715,5572,1,"1"
6815.4339429705115,226702,5585,1,"1"
6815.8301168676553,226684,5603,1,"1"
6841.9848691009838,226681,5606,1,"1"
6851.6663550339126,226661,5626,2,"1-1"
6853.4604218536933,226656,5631,1,"1"
6854.3848440657603,226638,5649,1,"1"
6874.4115037917509,226620,5667,1,"1"
6882.8571923182226,226602,5685,1,"1"
6883.4117688933393,226584,5703,1,"1"
6884.1934324120975,226574,5713,1,"1"
6886.898230316785,226569,5718,1,"1"
6890.3130207206859,226559,5728,2,"1-1"
6902.2014883086022,226541,5746,1,"1"
6911.3007270223925,226515,5772,2,"2"
6935.8801303801001,226497,5790,1,"1"
6943.7317265994407,226486,5801,1,"1"
6944.4589107547436,226468,5819,1,"1"
6947.4994681145026,226463,5824,1,"1"
6958.7173310865146,226452,5835,1,"1"
6963.7759974148667,226438,5849,2,"2"
6969.5540455437358,226410,5877,2,"1-1"
6974.2143736664002,226358,5929,10,"4-3-2-1"
6978.2571096481779,226340,5947,1,"1"
6992.8306377187464,226330,5957,1,"1"
6999.7240943867282,226302,5985,2,"2"
7007.113511992392,226284,6003,1,"1"
7019.3069672677457,226279,6008,1,"1"
7019.4799536534892,226261,6026,1,"1"
7030.6484387418459,226241,6046,2,"2"
7032.4071474981865,226230,6057,1,"1"
7040.6299274311114,226212,6075,1,"1"
7043.6022579766868,226182,6105,2,"2"
7052.4260202801024,226058,6229,8,"3-3-1-1"
7056.9838726101407,226048,6239,1,"1"
7057.0336063140267,226030,6257,1,"1"
7065.3382802683445,226012,6275,2,"2"
7066.1810356953092,226001,6286,1,"1"
7080.0677379391982,225985,6302,1,"1"
7086.0629870046096,225967,6320,1,"1"
7097.7895230833819,225953,6334,1,"1"
7121.6839702154584,225917,6370,2,"1-1"
7147.1314248710405,225910,6377,1,"1"
7151.5739820123599,225892,6395,1,"1"
7158.8876553341324,225856,6431,2,"1-1"
7164.5248513502429,225838,6449,1,"1"
7171.5300080411607,225826,6461,1,"1"
7185.5707241659347,225808,6479,1,"1"
7186.1510026621227,225798,6489,1,"1"
7191.9694118585348,225780,6507,1,"1"
7195.6524885173012,225771,6516,1,"1"
7203.4947499940954,225711,6576,6,"5-1"
7205.9938910568453,225701,6586,1,"1"
7208.5222824242164,225696,6591,1,"1"
7210.7253827279828,225678,6609,1,"1"
7218.9314209257836,225668,6619,1,"1"
7223.0425007306185,225644,6643,2,"1-1"
7226.3545870734706,225626,6661,1,"1"
7228.9522085096305,225610,6677,2,"2"
7235.4216933358948,225592,6695,1,"1"
7236.531169027051,225574,6713,1,"1"
7244.3799637777929,225556,6731,1,"1"
7259.1865440332203,225517,6770,7,"6-1"
7287.5193691692984,225500,6787,3,"3"
7291.268944341281,225486,6801,1,"1"
7291.6062740424322,225456,6831,6,"2-1-1-1-1"
7301.840410988525,225438,6849,1,"1"
7314.0762417942587,225425,6862,1,"1"
7315.123541806478,225416,6871,1,"1"
7343.6966702644622,225398,6889,1,"1"
7347.0659597208914,225380,6907,1,"1"
7348.8192512556689,225363,6924,3,"1-1-1"
7353.5131650524982,225327,6960,2,"2"
7363.0834159405049,225309,6978,2,"1-1"
7365.2227585372984,225263,7024,3,"1-1-1"
7366.9030445889111,225245,7042,1,"1"
7377.5237316971698,225236,7051,1,"1"
7394.4041331723938,225218,7069,1,"1"
7410.0620390175754,225202,7085,1,"1"
7442.3372749622522,225188,7099,2,"2"
7444.5502456849099,225170,7117,1,"1"
7448.3313571177405,225152,7135,1,"1"
7450.2361910573145,225145,7142,1,"1"
7453.4165408422705,225127,7160,1,"1"
7472.7344666086728,225109,7178,1,"1"
7474.1294341418179,225091,7196,1,"1"
7478.5686045728726,225073,7214,1,"1"
7500.1170582399373,225060,7227,1,"1"
7516.066771581678,225042,7245,1,"1"
7523.8665459458525,225024,7263,1,"1"
7540.0871242516459,225021,7266,1,"1"
7545.4301631821927,224999,7288,2,"1-1"
7562.3699452000265,224961,7326,3,"2-1"
7578.9826813666223,224943,7344,1,"1"
7580.5557112290271,224907,7380,2,"2"
7588.0830219429417,224879,7408,2,"2"
7588.1448597315775,224868,7419,1,"1"
7593.5311846347531,224850,7437,1,"1"
7596.9672388987165,224832,7455,1,"1"
7602.8959808405016,224821,7466,1,"1"
7623.7327317722629,224790,7497,2,"1-1"
7627.0814227815408,224778,7509,1,"1"
7628.5103026712623,224764,7523,1,"1"
7632.9929184388357,224746,7541,1,"1"
7654.5258326072699,224728,7559,1,"1"
7661.6643440853086,224710,7577,1,"1"
7666.099043353418,224692,7595,1,"1"
7684.6362760431784,224674,7613,1,"1"
7686.1947581472305,224650,7637,2,"2"
7700.7966095670645,224632,7655,1,"1"
7715.1639922680697,224627,7660,1,"1"
7716.5573409535436,224596,7691,5,"2-2-1"
7721.365304879103,224578,7709,1,"1"
7734.7535369430552,224560,7727,1,"1"
7738.9134923295542,224542,7745,1,"1"
7742.0999379568739,224454,7833,5,"4-1"
7778.9134183230681,224438,7849,2,"1-1"
7779.7494705004392,224422,7865,1,"1"
7785.8567087065794,224408,7879,1,"1"
7804.2490466661793,224388,7899,2,"2"
7805.3183190716536,224378,7909,1,"1"
7829.9837688158987,224368,7919,1,"1"
7833.7361075344979,224350,7937,1,"1"
7840.6192237358309,224332,7955,1,"1"
7842.0120103971512,224314,7973,1,"1"
7855.3218927644693,224302,7985,1,"1"
7855.5412174396388,224284,8003,1,"1"
7858.2971128663357,224266,8021,1,"1"
7881.7527738852605,224230,8057,2,"2"
7883.8818437483169,224219,8068,1,"1"
7926.4874904270546,224201,8086,1,"1"
7932.6605745542884,224183,8104,1,"1"
7938.6578556697614,224168,8119,3,"2-1"
7951.7254839585084,224099,8188,6,"2-2-2"
7960.6141575701349,224081,8206,1,"1"
7965.9571117709665,224063,8224,1,"1"
7973.8803649509318,224027,8260,2,"1-1"
7981.716827932627,223978,8309,9,"3-2-1-1-1-1"
7984.6315135948344,223945,8342,5,"2-1-1-1"
8002.313806211625,223932,8355,1,"1"
8024.3356477599482,223894,8393,3,"2-1"
8040.5864063067702,223876,8411,1,"1"
8047.4327454690474,223858,8429,1,"1"
8048.3516111848458,223822,8465,2,"2"
8107.5075236597804,223812,8475,2,"2"
8109.6677795751993,223794,8493,1,"1"
8110.707017771304,223758,8529,2,"1-1"
8113.9645123649589,223706,8581,5,"2-2-1"
8119.1074120417425,223670,8617,2,"2"
8122.7972419640655,223655,8632,3,"3"
8142.556461204611,223596,8691,7,"3-2-1-1"
8155.7404893693465,223578,8709,1,"1"
8164.4232556342777,223560,8727,1,"1"
8181.4298306797455,223443,8844,13,"4-2-2-1-1-1-1-1"
8195.8223941123288,223425,8862,1,"1"
8196.8697300544045,223407,8880,1,"1"
8199.8641386534164,223400,8887,1,"1"
8205.0836548119696,223364,8923,2,"2"
8229.2387058351324,223346,8941,1,"1"
8239.4526532353957,223328,8959,1,"1"
8245.2371703023782,223296,8991,2,"2"
8253.7882348456005,223282,9005,2,"1-1"
8257.6317793396283,223264,9023,1,"1"
8278.4754355193963,223216,9071,4,"2-1-1"
8279.1709030876773,223180,9107,2,"2"
8287.3495089718454,223164,9123,1,"1"
8306.2617035404,223146,9141,1,"1"
8312.4664670393795,223128,9159,1,"1"
8314.4696288777777,223102,9185,2,"2"
8320.8844468265088,223095,9192,1,"1"
8331.2343871377343,223079,9208,1,"1"
8332.097450165511,223061,9226,1,"1"
8338.8739128090347,223005,9282,6,"2-2-1-1"
8342.1596389322949,222987,9300,1,"1"
8345.9137957563271,222982,9305,1,"1"
8378.4099341016099,222964,9323,1,"1"
8393.5798194220497,222940,9347,2,"2"
8399.7623661319431,222914,9373,2,"2"
8418.0826867305495,222870,9417,4,"3-1"
8436.8005294908162,222834,9453,2,"2"
8437.3218814448755,222816,9471,1,"1"
8460.9789283142309,222798,9489,1,"1"
8462.0174677956729,222788,9499,1,"1"
8465.8224395802335,222781,9506,1,"1"
8469.0902596835676,222572,9715,23,"7-4-4-3-2-1-1-1"
8472.4532157784852,222552,9735,2,"2"
8476.7741383767116,222536,9751,2,"1-1"
8477.1452377757014,222523,9764,1,"1"
8490.4079686615205,222514,9773,1,"1"
8496.2503267321499,222507,9780,1,"1"
8502.7422204834147,222471,9816,2,"2"
8507.6989497012037,222453,9834,1,"1"
8511.9697805044689,222444,9843,1,"1"
8533.7351250140655,222432,9855,1,"1"
8535.3158252033645,222414,9873,1,"1"
8551.4484106593009,222396,9891,1,"1"
8555.7647906357834,222378,9909,1,"1"
8556.9057390619073,222360,9927,1,"1"
8567.5895224867145,222346,9941,2,"2"
8568.1588758202433,222328,9959,1,"1"
8573.5952867841206,222208,10079,10,"4-3-1-1-1"
8581.0582442458526,222160,10127,3,"1-1-1"
8587.7705262005602,222071,10216,8,"4-2-1-1"
8594.2298880489379,222031,10256,3,"2-1"
8604.0260131375235,221979,10308,4,"3-1"
8606.6994105973608,221961,10326,1,"1"
8611.505288950455,221926,10361,3,"2-1"
8622.1560798466999,221909,10378,1,"1"
8628.772561128073,221891,10396,1,"1"
8637.2680016258673,221873,10414,1,"1"
8638.9443033706048,221855,10432,1,"1"
8645.9560632610373,221837,10450,1,"1"
8669.777625385268,221819,10468,1,"1"
8672.9484642145908,221801,10486,1,"1"
8678.0366814430436,221794,10493,1,"1"
8679.5403798303942,221776,10511,2,"2"
8682.452173493999,221758,10529,1,"1"
8693.272781380354,221740,10547,1,"1"
8693.7460355895419,221722,10565,1,"1"
8695.9348295023647,221674,10613,4,"1-1-1-1"
8705.4508672969278,221656,10631,1,"1"
8719.8965528270455,221562,10725,12,"2-2-2-1-1-1-1-1-1"
8723.2032051998303,221544,10743,1,"1"
8733.2759147292672,221526,10761,1,"1"
8740.9930382145321,221514,10773,1,"1"
8741.6337338233097,221504,10783,1,"1"
8744.6996467938825,221486,10801,1,"1"
8745.0788015883973,221464,10823,2,"1-1"
8745.6117979666778,221446,10841,1,"1"
8752.5683014586211,221437,10850,1,"1"
8759.1633024548519,221401,10886,2,"1-1"
8766.5067020507577,221383,10904,1,"1"
8782.4776336389077,221365,10922,1,"1"
8786.1588103825816,221347,10940,1,"1"
8802.0109234505671,221340,10947,1,"1"
8811.9676115954117,221306,10981,2,"1-1"
8812.5411045404016,221291,10996,1,"1"
8821.7161546305779,221273,11014,1,"1"
8829.7066329898116,221255,11032,1,"1"
8853.0766195144533,221219,11068,3,"2-1"
8859.2424383491725,221201,11086,1,"1"
8863.8800445934121,221183,11104,1,"1"
8864.222826155843,221165,11122,1,"1"
8865.3605556564089,221147,11140,1,"1"
8874.7541333839108,221129,11158,1,"1"
8885.7969492267548,221111,11176,2,"2"
8897.3814905642466,221093,11194,1,"1"
8898.0179186990026,221075,11212,1,"1"
8910.2180053804968,221068,11219,1,"1"
8914.1166396582594,221056,11231,1,"1"
8928.1319715253267,221038,11249,1,"1"
8935.5714837892865,221031,11256,1,"1"
8941.1423757152079,221022,11265,1,"1"
8948.1379200294741,221004,11283,1,"1"
8950.6711687273182,220993,11294,1,"1"
8970.374737834949,220975,11312,1,"1"
8975.2263312385949,220957,11330,1,"1"
8982.2580758501535,220941,11346,2,"1-1"
8982.8943595385372,220885,11402,5,"3-1-1"
9007.5100916857118,220858,11429,2,"1-1"
9019.3075295490216,220840,11447,1,"1"
9020.9531751682225,220822,11465,1,"1"
9030.2392268388849,220804,11483,1,"1"
9049.910006670887,220713,11574,8,"5-2-1"
9055.1814663484947,220695,11592,1,"1"
9056.2104522330428,220643,11644,3,"2-1"
9058.6933310303702,220636,11651,1,"1"
9063.3890625034128,220606,11681,3,"2-1"
9067.1630811713858,220588,11699,1,"1"
9076.0760953225563,220576,11711,1,"1"
9076.1865904041624,220558,11729,1,"1"
9081.0506113492829,220540,11747,1,"1"
9090.6667807069916,220522,11765,1,"1"
9109.4654739543148,220504,11783,1,"1"
9116.4683298205691,220486,11801,1,"1"
9118.0495545995527,220468,11819,1,"1"
9119.8282377661781,220209,12078,28,"5-5-4-4-3-1-1-1-1-1-1-1"
9122.7895056041689,220194,12093,3,"3"
9129.5725676466991,220176,12111,1,"1"
9131.6215687241365,220122,12165,3,"3"
9133.9608249724351,219990,12297,11,"3-2-2-2-1-1"
9141.3177399701108,219954,12333,2,"1-1"
9143.9733173119839,219750,12537,15,"4-3-3-1-1-1-1-1"
9144.0743972299333,219732,12555,1,"1"
9147.5496423745426,219258,13029,36,"6-4-4-3-3-2-2-2-2-2-1-1-1-1-1-1"
9162.6968624123765,219240,13047,1,"1"
9171.4735524998978,219062,13225,13,"4-3-2-1-1-1-1"
9178.0391398400152,219053,13234,1,"1"
9191.9439877203258,219017,13270,2,"2"
9194.6120870406558,218999,13288,1,"1"
9214.3394559418339,218990,13297,1,"1"
9215.7363245655197,218954,13333,2,"2"
9221.5321001352622,218936,13351,1,"1"
9239.0948929121132,218862,13425,6,"4-1-1"
9242.8728596273686,218826,13461,2,"2"
9257.4775379451203,218808,13479,1,"1"
9274.9962182800555,218798,13489,1,"1"
9285.5760972561548,218780,13507,1,"1"
9288.3723430089667,218755,13532,3,"2-1"
9291.6877526196786,218719,13568,2,"2"
9301.762902628021,218698,13589,3,"2-1"
9313.5855797739223,218651,13636,4,"2-1-1"
9313.9840779977767,218637,13650,1,"1"
9329.8835416485817,218619,13668,1,"1"
9330.3532288941187,218579,13708,4,"4"
9348.4984540607275,218561,13726,1,"1"
9369.4464784052016,218543,13744,1,"1"
9370.2071244533836,218536,13751,1,"1"
9372.1248000734522,218500,13787,2,"1-1"
9373.1949374618544,218422,13865,7,"3-2-1-1"
9378.6108150218315,218412,13875,1,"1"
9393.4158531877056,218342,13945,6,"3-2-1"
9399.2923384752085,218324,13963,1,"1"
9400.9582813633988,218306,13981,1,"1"
9402.4474106543294,218288,13999,1,"1"
9409.287497931231,218242,14045,4,"3-1"
9436.6102629711841,218216,14071,2,"2"
9440.992118789567,218191,14096,3,"3"
9441.8828271005877,0,232287,12315,"12315"
----------------------------------------------8
0,232287,0,0,"0"
257.24501050345049,232286,1,1,"1"
272.38183437657,232281,6,1,"1"
309.976278267157,232276,11,1,"1"
319.34042036595218,232275,12,1,"1"
385.28693885922354,232274,13,1,"1"
455.83339637134713,232273,14,1,"1"
514.28445089646709,232272,15,1,"1"
519.13276690338398,232271,16,1,"1"
562.08352213719104,232253,34,1,"1"
562.57870998010378,232235,52,1,"1"
575.82693787152505,232234,53,1,"1"
597.63780217517774,232216,71,1,"1"
604.68842697895138,232215,72,1,"1"
641.20681037834777,232210,77,3,"2-1"
668.96631668367888,232209,78,1,"1"
678.00736160818178,232208,79,1,"1"
698.46658538459781,232207,80,1,"1"
704.80014638748366,232206,81,1,"1"
729.70445703398821,232205,82,1,"1"
737.22089192577175,232204,83,1,"1"
743.10053457909441,232203,84,1,"1"
763.87813354830053,232202,85,1,"1"
771.32567757774143,232201,86,1,"1"
793.88363023199054,232200,87,1,"1"
799.38186252283788,232182,105,1,"1"
826.50333919756315,232172,115,1,"1"
833.56106053282008,232171,116,1,"1"
841.28039285681587,232170,117,1,"1"
881.23894809517492,232168,119,2,"2"
903.10721759124044,232167,120,1,"1"
912.57263845272553,232165,122,2,"2"
932.50367113290679,232164,123,1,"1"
933.5402288416351,232161,126,1,"1"
970.1813801293489,232160,127,1,"1"
994.73907633559463,232159,128,1,"1"
1035.8729999294324,232158,129,1,"1"
1041.2848950866171,232140,147,1,"1"
1054.1273737453059,232137,150,1,"1"
1079.6284521243133,232135,152,2,"1-1"
1084.4530643924911,232134,153,1,"1"
1101.0263742946765,232133,154,1,"1"
1108.4467122462156,232132,155,1,"1"
1133.7312491137568,232122,165,1,"1"
1143.4222300111203,232121,166,1,"1"
1173.6829969212047,232120,167,1,"1"
1178.4076764064296,232119,168,1,"1"
1205.8699190463421,232112,175,1,"1"
1208.0073498390523,232110,177,2,"2"
1216.9866288776007,232107,180,3,"3"
1241.1179354907877,232104,183,1,"1"
1274.3602260940677,232099,188,1,"1"
1281.1859849847986,232098,189,1,"1"
1291.9676313207337,232096,191,2,"2"
1305.5428400633261,232093,194,1,"1"
1318.9127303616428,232090,197,1,"1"
1351.8657547033238,232080,207,1,"1"
1352.4875456160601,232066,221,1,"1"
1365.7343204810106,232063,224,1,"1"
1387.4497047994496,232062,225,1,"1"
1389.9958288709699,232061,226,1,"1"
1413.7595952372108,232049,238,1,"1"
1418.6652250908473,232031,256,1,"1"
1441.2531842497776,232028,259,3,"3"
1460.6773123936821,232021,266,3,"2-1"
1485.4957094156805,232015,272,2,"2"
1498.9777033783898,232012,275,1,"1"
1519.3045971451793,232011,276,1,"1"
1539.695889678401,232009,278,2,"2"
1550.8799049717416,232007,280,2,"2"
1568.7901014532233,232003,284,2,"1-1"
1598.690895875581,231998,289,1,"1"
1611.8114339221875,231997,290,1,"1"
1640.728745811103,231996,291,1,"1"
1667.7959399284468,231995,292,1,"1"
1672.4916195036092,231994,293,1,"1"
1673.2647557935131,231993,294,1,"1"
1674.0238064202517,231991,296,2,"2"
1679.0994770792422,231990,297,1,"1"
1689.2756957042789,231972,315,1,"1"
1698.0159854055391,231968,319,4,"2-1-1"
1704.8802229823627,231967,320,1,"1"
1714.0358874003389,231966,321,1,"1"
1715.1298084775403,231965,322,1,"1"
1716.0627802004267,231962,325,1,"1"
1730.9635717203203,231961,326,1,"1"
1732.4238288522779,231943,344,1,"1"
1736.4900603523513,231925,362,1,"1"
1738.7420854043105,231924,363,1,"1"
1739.4776184079615,231923,364,1,"1"
1752.752708975195,231922,365,1,"1"
1762.5619912350401,231921,366,1,"1"
1790.5961229843074,231920,367,1,"1"
1793.7730733999367,231917,370,1,"1"
1808.1498287667762,231899,388,1,"1"
1834.0108666177862,231898,389,1,"1"
1866.3454392166541,231888,399,1,"1"
1871.2044225532716,231886,401,2,"1-1"
1875.9654323459072,231885,402,1,"1"
1890.9977679897563,231884,403,1,"1"
1902.2868572288287,231870,417,2,"2"
1905.5808031954034,231852,435,1,"1"
1909.8904408279345,231851,436,1,"1"
1932.6934842063793,231824,463,7,"1-1-1-1-1-1-1"
1934.1048081581196,231823,464,1,"1"
1935.0087054826522,231805,482,1,"1"
1955.3461380829381,231804,483,1,"1"
1986.2282280625152,231801,486,3,"2-1"
1989.0433999422876,231800,487,1,"1"
2012.3310523372406,231798,489,2,"2"
2024.4901592031256,231797,490,1,"1"
2026.0646442733362,231796,491,1,"1"
2028.7534016254097,231794,493,2,"2"
2037.0390157835111,231791,496,1,"1"
2046.6455677591384,231790,497,1,"1"
2049.9352905153378,231780,507,1,"1"
2066.3539886061121,231777,510,1,"1"
2070.5494558332152,231776,511,1,"1"
2076.6620803703013,231775,512,1,"1"
2083.7115400857101,231764,523,3,"1-1-1"
2086.6581568090683,231762,525,2,"2"
2092.1059688656469,231761,526,1,"1"
2096.5128500525389,231760,527,1,"1"
2118.6242082271028,231742,545,1,"1"
2129.9011423493234,231741,546,1,"1"
2135.4677771993511,231727,560,1,"1"
2137.1289252117817,231725,562,2,"2"
2148.6425257507699,231707,580,1,"1"
2194.3562177679696,231702,585,1,"1"
2194.4865920113916,231701,586,1,"1"
2236.8189927258327,231683,604,1,"1"
2241.3280977733757,231680,607,1,"1"
2259.7238052757548,231679,608,1,"1"
2274.5032113186808,231667,620,1,"1"
2283.7459829152153,231666,621,1,"1"
2299.4265225636404,231648,639,1,"1"
2302.8008316257715,231638,649,2,"1-1"
2309.404255254628,231620,667,1,"1"
2312.1534039386438,231605,682,1,"1"
2328.5019050049591,231604,683,1,"1"
2375.588445646873,231603,684,1,"1"
2383.8340207886213,231593,694,1,"1"
2419.4493898603723,231590,697,3,"2-1"
2434.0768709909553,231572,715,1,"1"
2448.7075005233951,231554,733,1,"1"
2458.5974724074704,231553,734,1,"1"
2486.0695257268931,231535,752,1,"1"
2541.8841104780677,231534,753,1,"1"
2559.7791863133784,231533,754,1,"1"
2566.6932576700433,231532,755,1,"1"
2568.9017356180748,231531,756,1,"1"
2603.7522654918594,231526,761,1,"1"
2604.2370404561379,231525,762,1,"1"
2631.0800656257002,231515,772,1,"1"
2640.2671119353104,231497,790,1,"1"
2669.1797137011804,231494,793,1,"1"
2690.8812485262033,231476,811,1,"1"
2702.5738667136088,231473,814,3,"2-1"
2704.9057833139623,231470,817,1,"1"
2706.1451823778752,231467,820,1,"1"
2735.4964349746297,231466,821,1,"1"
2758.2604902905541,231460,827,2,"2"
2763.3330745960184,231459,828,1,"1"
2775.4089434204175,231447,840,2,"1-1"
2805.0004478954597,231433,854,1,"1"
2811.7489611139663,231423,864,1,"1"
2816.9442555928626,231422,865,1,"1"
2819.9500536808468,231419,868,1,"1"
2830.02964525179,231418,869,1,"1"
2858.5567957956437,231417,870,1,"1"
2858.6940694956006,231416,871,1,"1"
2881.4907630477769,231398,889,1,"1"
2884.0274363178546,231395,892,1,"1"
2908.8222662094122,231394,893,1,"1"
2955.227752670995,231393,894,1,"1"
2958.7620048778958,231383,904,1,"1"
2979.2337582089472,231365,922,1,"1"
2981.5395026034353,231364,923,1,"1"
2981.7600670009679,231361,926,1,"1"
2983.877035481084,231351,936,1,"1"
2984.7953604764762,231330,957,3,"3"
2985.1836850112245,231320,967,1,"1"
3000.1427653472629,231319,968,1,"1"
3007.5418452967651,231318,969,1,"1"
3014.9854239002839,231317,970,1,"1"
3034.0025143081261,231299,988,1,"1"
3048.9199030910463,231281,1006,1,"1"
3073.2615564076632,231270,1017,1,"1"
3074.879466097314,231252,1035,1,"1"
3137.6072185128342,231242,1045,1,"1"
3138.6517716340959,231241,1046,1,"1"
3140.2501912361445,231232,1055,1,"1"
3164.6373700061217,231214,1073,1,"1"
3183.2818610396853,231196,1091,1,"1"
3189.7397415533683,231193,1094,1,"1"
3202.9962755524434,231181,1106,1,"1"
3226.0826490556137,231163,1124,1,"1"
3268.381324336297,231158,1129,1,"1"
3288.1668768778204,231152,1135,2,"2"
3292.777029222389,231134,1153,1,"1"
3313.0648038984018,231116,1171,1,"1"
3314.1563440222822,231098,1189,1,"1"
3328.6881616844698,231089,1198,1,"1"
3365.0536902825315,231088,1199,1,"1"
3385.4050203650449,231085,1202,1,"1"
3414.1990635899565,231071,1216,1,"1"
3426.5191946042537,231053,1234,1,"1"
3480.729286312881,231035,1252,1,"1"
3487.8619027336854,231017,1270,1,"1"
3489.7452939653276,231014,1273,1,"1"
3497.4144176912559,230996,1291,1,"1"
3522.1969039763731,230986,1301,1,"1"
3531.8070632692006,230981,1306,1,"1"
3538.8863685400288,230949,1338,2,"1-1"
3560.7909457709516,230944,1343,1,"1"
3570.9679192355711,230943,1344,1,"1"
3574.7898818951494,230933,1354,1,"1"
3600.5750271728571,230932,1355,1,"1"
3618.9546740772425,230914,1373,1,"1"
3674.610616722814,230896,1391,1,"1"
3682.2624226468502,230884,1403,4,"3-1"
3717.076295525263,230866,1421,1,"1"
3733.2625539303449,230850,1437,1,"1"
3733.9246822658847,230832,1455,1,"1"
3805.4771447331859,230814,1473,1,"1"
3809.9569533355734,230796,1491,1,"1"
3822.3863513968095,230787,1500,1,"1"
3824.8596860675461,230769,1518,1,"1"
3834.3210709701066,230751,1536,1,"1"
3896.4878627765111,230733,1554,1,"1"
3899.6224711394862,230715,1572,1,"1"
3907.1114416338264,230707,1580,2,"1-1"
3926.7545078624339,230689,1598,1,"1"
3940.6050312043017,230684,1603,1,"1"
3956.2548346043245,230675,1612,1,"1"
3956.5483250941979,230657,1630,1,"1"
3992.6006137027025,230646,1641,1,"1"
4037.8008330239668,230633,1654,1,"1"
4059.0369658269633,230618,1669,1,"1"
4063.9908308337226,230615,1672,1,"1"
4064.0453186272484,230603,1684,1,"1"
4080.3289848317381,230598,1689,1,"1"
4104.1965496600887,230588,1699,1,"1"
4107.4764337203351,230579,1708,1,"1"
4117.9864762412644,230561,1726,1,"1"
4149.4329533587061,230543,1744,1,"1"
4161.6965801645056,230537,1750,2,"1-1"
4165.1479830795824,230519,1768,1,"1"
4165.5742143957814,230501,1786,1,"1"
4170.6789626954369,230498,1789,1,"1"
4187.5012646147643,230493,1794,1,"1"
4205.4754656292507,230488,1799,1,"1"
4208.9921399023942,230470,1817,1,"1"
4213.2230550304384,230452,1835,1,"1"
4223.1776524376473,230434,1853,1,"1"
4229.8134404603034,230425,1862,1,"1"
4233.3220110400862,230418,1869,1,"1"
4265.015510045765,230400,1887,1,"1"
4277.7524502761853,230395,1892,1,"1"
4291.9234107040302,230377,1910,1,"1"
4307.4062400736202,230372,1915,1,"1"
4317.1050448732576,230362,1925,1,"1"
4322.5767544482351,230357,1930,1,"1"
4328.7317011115028,230344,1943,1,"1"
4348.5056458180661,230338,1949,2,"2"
4362.5586926896294,230324,1963,4,"2-2"
4376.1869402757848,230312,1975,2,"1-1"
4381.4493438315048,230302,1985,1,"1"
4400.2884964259283,230284,2003,1,"1"
4401.1611545040578,230266,2021,1,"1"
4407.3261425314668,230261,2026,1,"1"
4438.469996447041,230243,2044,1,"1"
4446.9549902618546,230240,2047,1,"1"
4460.4824866125127,230235,2052,1,"1"
4470.4216825697576,230230,2057,1,"1"
4471.6487199951316,230212,2075,1,"1"
4483.1812164126432,230194,2093,1,"1"
4503.6726647186606,230189,2098,1,"1"
4528.0908702415691,230163,2124,2,"1-1"
4538.277934292284,230160,2127,1,"1"
4543.46681542228,230155,2132,1,"1"
4566.8390939014007,230152,2135,1,"1"
4584.2081448124318,230134,2153,1,"1"
4585.2241667738681,230116,2171,1,"1"
4588.5949755367637,230102,2185,1,"1"
4606.2371537328636,230099,2188,1,"1"
4609.9123388521002,230094,2193,1,"1"
4617.7538577079713,230076,2211,1,"1"
4620.4528592555835,230058,2229,1,"1"
4627.9174763077272,230048,2239,1,"1"
4652.1352171381986,230038,2249,1,"1"
4655.4365555431623,230026,2261,1,"1"
4672.49589622023,230014,2273,1,"1"
4675.8168851947503,230005,2282,1,"1"
4681.9813333698903,229987,2300,1,"1"
4701.1620817449984,229969,2318,1,"1"
4713.6072964406931,229951,2336,1,"1"
4722.9670565294509,229948,2339,1,"1"
4735.48001446335,229930,2357,1,"1"
4740.5732025390762,229927,2360,1,"1"
4743.7898105076292,229924,2363,1,"1"
4747.1087724310064,229906,2381,1,"1"
4759.529818056375,229888,2399,1,"1"
4764.9799401886776,229885,2402,1,"1"
4783.5786865660148,229867,2420,1,"1"
4800.0846550022297,229849,2438,1,"1"
4822.4467999358412,229831,2456,1,"1"
4835.1132872766466,229826,2461,1,"1"
4836.1181987488017,229808,2479,1,"1"
4897.7206612605532,229784,2503,4,"2-1-1"
4910.947190007455,229774,2513,1,"1"
4911.4679373745021,229769,2518,1,"1"
4925.8096452415948,229763,2524,2,"2"
4958.0001530895534,229745,2542,1,"1"
4974.0379110994472,229727,2560,1,"1"
5006.1934073802486,229717,2570,2,"2"
5007.9985741982937,229697,2590,4,"3-1"
5035.4068761311228,229679,2608,1,"1"
5042.7434484027299,229667,2620,1,"1"
5065.3378523197134,229652,2635,3,"1-1-1"
5071.4619933576569,229634,2653,1,"1"
5071.7598829324161,229616,2671,1,"1"
5073.4154607460787,229598,2689,1,"1"
5077.4440382165394,229593,2694,1,"1"
5080.1619420417946,229588,2699,1,"1"
5082.1153787650428,229579,2708,1,"1"
5084.8172578909307,229569,2718,1,"1"
5089.9531976628259,229551,2736,1,"1"
5104.6928422841593,229546,2741,1,"1"
5113.4278053819189,229541,2746,1,"1"
5114.1209493013039,229517,2770,2,"2"
5124.8188088752586,229499,2788,1,"1"
5136.4105552061901,229494,2793,1,"1"
5141.350867348624,229489,2798,1,"1"
5169.450555378995,229471,2816,1,"1"
5173.699598697357,229466,2821,1,"1"
5174.1023477338586,229448,2839,1,"1"
5184.3391583907669,229430,2857,1,"1"
5196.9759692815442,229420,2867,2,"2"
5248.7555536647251,229410,2877,1,"1"
5249.2022249165293,229399,2888,1,"1"
5257.5547380778135,229384,2903,3,"3"
5273.0323514074216,229360,2927,8,"3-3-1-1"
5278.4592583075964,229342,2945,1,"1"
5283.1797738370806,229324,2963,1,"1"
5283.253905235998,229314,2973,1,"1"
5291.5168739679511,229308,2979,2,"2"
5298.8961751106008,229290,2997,1,"1"
5327.5824393792127,229272,3015,1,"1"
5341.4097224659936,229254,3033,1,"1"
5358.6266942327902,229236,3051,1,"1"
5367.3075033935593,229231,3056,1,"1"
5372.7372467508067,229221,3066,1,"1"
5377.4797248629939,229215,3072,2,"2"
5381.9271498400021,229199,3088,1,"1"
5398.8020629900302,229176,3111,5,"3-2"
5420.3510115852405,229158,3129,4,"3-1"
5424.4207420475423,229142,3145,1,"1"
5448.1241725687296,229128,3159,1,"1"
5481.8597304574814,229121,3166,1,"1"
5494.8081919371189,229110,3177,1,"1"
5517.4805089142119,229092,3195,1,"1"
5524.5123767009027,229074,3213,1,"1"
5559.2099879895859,229071,3216,1,"1"
5559.411886982597,229061,3226,1,"1"
5590.4034643123068,229043,3244,1,"1"
5597.6037013924961,229033,3254,1,"1"
5613.3774054554488,229019,3268,1,"1"
5615.8771612875062,229001,3286,1,"1"
5621.9617264074759,228983,3304,1,"1"
5648.4075057754544,228973,3314,1,"1"
5666.6270700476744,228955,3332,1,"1"
5675.1875908034281,228935,3352,2,"2"
5676.0751247280232,228928,3359,1,"1"
5689.4036934517026,228910,3377,1,"1"
5728.3541902231937,228892,3395,1,"1"
5730.4649664746257,228876,3411,1,"1"
5731.6892734280509,228868,3419,2,"1-1"
5750.0744799342001,228840,3447,2,"2"
5767.1199588847294,228822,3465,1,"1"
5774.606357357743,228804,3483,1,"1"
5775.6891566598433,228786,3501,1,"1"
5807.9031083347954,228768,3519,1,"1"
5819.041159362705,228763,3524,1,"1"
5821.6985941867961,228745,3542,1,"1"
5825.898320267449,228727,3560,1,"1"
5845.6747434834915,228721,3566,2,"2"
5851.1761614128864,228707,3580,1,"1"
5852.7092193462613,228688,3599,5,"2-2-1"
5876.3530584012278,228670,3617,1,"1"
5882.4218294741349,228652,3635,1,"1"
5888.2800915718753,228634,3653,1,"1"
5912.132894166918,228616,3671,1,"1"
5912.2581241251492,228606,3681,1,"1"
5912.4771495650739,228588,3699,1,"1"
5921.2121700604284,228570,3717,1,"1"
5940.0468865057255,228534,3753,2,"2"
5958.4161100109559,228516,3771,1,"1"
5958.9852673407922,228505,3782,1,"1"
5988.161254384675,228489,3798,4,"2-2"
5989.3549627702505,228484,3803,1,"1"
5996.9435744958846,228473,3814,1,"1"
6003.6954079288271,228468,3819,1,"1"
6006.790472000408,228458,3829,2,"2"
6010.1381415869755,228448,3839,2,"2"
6039.3752728868403,228430,3857,1,"1"
6044.7907798684409,228412,3875,1,"1"
6047.516046631531,228392,3895,4,"2-1-1"
6090.7587157531862,228382,3905,1,"1"
6107.9531382598552,228364,3923,1,"1"
6130.6365814073224,228346,3941,1,"1"
6135.3232798104618,228333,3954,1,"1"
6150.9090516144806,228326,3961,1,"1"
6151.1896295114038,228308,3979,1,"1"
6161.6401015347546,228298,3989,2,"1-1"
6166.7250250751549,228289,3998,1,"1"
6189.005927369798,228271,4016,1,"1"
6203.8010871527231,228235,4052,2,"2"
6250.2896140066869,228227,4060,2,"1-1"
6266.5049772261373,228209,4078,1,"1"
6294.7481109640485,228191,4096,1,"1"
6296.4676478895672,228173,4114,1,"1"
6297.4993666908904,228163,4124,1,"1"
6306.489396647532,228145,4142,1,"1"
6307.6218663696282,228127,4160,1,"1"
6310.157570964755,228091,4196,2,"2"
6311.0834118557841,228081,4206,1,"1"
6319.4146173661547,228076,4211,1,"1"
6346.0141812972497,228058,4229,1,"1"
6371.2832604378273,228040,4247,1,"1"
6374.6015518117629,228037,4250,1,"1"
6375.4665160269187,228027,4260,1,"1"
6390.8504653368609,228009,4278,1,"1"
6408.2097791200604,227991,4296,1,"1"
6409.1233215446873,227973,4314,1,"1"
6421.1836527406722,227959,4328,2,"1-1"
6441.8611670868395,227956,4331,1,"1"
6445.355144370018,227938,4349,1,"1"
6450.3169161122642,227920,4367,1,"1"
6457.1347298579267,227902,4385,1,"1"
6460.5542803348408,227892,4395,1,"1"
6470.335378341194,227874,4413,1,"1"
6537.7503817267088,227867,4420,1,"1"
6549.1459110655069,227843,4444,2,"1-1"
6564.2025278452884,227779,4508,5,"2-2-1"
6599.4892608479659,227772,4515,1,"1"
6601.6145978345476,227754,4533,1,"1"
6618.102841316334,227749,4538,1,"1"
6621.809464914415,227746,4541,1,"1"
6622.1447837022952,227728,4559,1,"1"
6630.7670640797787,227692,4595,3,"1-1-1"
6656.1298921020943,227682,4605,1,"1"
6660.4834672845527,227664,4623,1,"1"
6680.6627899244404,227654,4633,1,"1"
6687.7564573978589,227645,4642,1,"1"
6692.966730865016,227635,4652,1,"1"
6696.2393084747364,227617,4670,1,"1"
6719.1505354936344,227599,4688,1,"1"
6728.9988602758376,227581,4706,1,"1"
6734.1785065192598,227571,4716,1,"1"
6738.2015359222041,227535,4752,2,"1-1"
6747.0109916542106,227518,4769,1,"1"
6747.3968821542057,227500,4787,1,"1"
6751.6693426133943,227495,4792,1,"1"
6752.847981917711,227488,4799,1,"1"
6769.6047341545582,227470,4817,1,"1"
6803.6699470714302,227461,4826,1,"1"
6804.198356590804,227446,4841,3,"2-1"
6819.7793592160679,227432,4855,1,"1"
6825.866410713913,227414,4873,1,"1"
6826.0693104827624,227396,4891,1,"1"
6828.4354095213912,227378,4909,1,"1"
6840.1964202231857,227360,4927,1,"1"
6845.1012169336846,227342,4945,1,"1"
6876.179363325693,227324,4963,2,"2"
6877.7112916393517,227306,4981,1,"1"
6881.4118264370409,227294,4993,1,"1"
6904.4180912695228,227276,5011,1,"1"
6922.0587378126547,227240,5047,2,"1-1"
6930.9731340490343,227222,5065,1,"1"
6945.1336292184424,227217,5070,1,"1"
6954.2534595412408,227199,5088,1,"1"
6981.6571708626661,227189,5098,2,"1-1"
6983.9268501931856,227135,5152,4,"2-1-1"
6994.8403196149138,227108,5179,5,"4-1"
7001.5060626256009,227090,5197,1,"1"
7008.4526637773597,227072,5215,1,"1"
7009.5393775159018,227060,5227,2,"2"
7014.3908636473543,227042,5245,1,"1"
7025.3933430629568,227024,5263,1,"1"
7027.5555046054114,227006,5281,1,"1"
7069.6376265081335,226988,5299,1,"1"
7071.4985823849865,226970,5317,1,"1"
7072.4083113369243,226928,5359,3,"2-1"
7080.0433292305661,226910,5377,1,"1"
7091.7620099253345,226892,5395,1,"1"
7129.8699904070181,226874,5413,1,"1"
7134.6604225850888,226863,5424,1,"1"
7143.0689514474298,226843,5444,2,"2"
7145.2043773885716,226833,5454,1,"1"
7152.1715999992002,226815,5472,1,"1"
7166.6450481640995,226797,5490,1,"1"
7167.2155842648026,226779,5508,1,"1"
7183.4559784662506,226765,5522,2,"2"
7205.5979986379198,226739,5548,2,"2"
7205.9535699236949,226721,5566,1,"1"
7225.4692338047025,226714,5573,1,"1"
7227.3816039307421,226696,5591,1,"1"
7228.9395758118462,226681,5606,1,"1"
7232.3431043709934,226669,5618,1,"1"
7238.2345484187326,226651,5636,1,"1"
7257.0342381815617,226641,5646,1,"1"
7259.5044934481539,226623,5664,1,"1"
7264.8224038514554,226549,5738,8,"4-2-1-1"
7269.6187978116441,226542,5745,1,"1"
7277.544945444818,226524,5763,1,"1"
7286.1227310561553,226481,5806,4,"2-1-1"
7294.9301952022215,226472,5815,1,"1"
7306.1743875388147,226454,5833,1,"1"
7332.8641801447557,226396,5891,5,"3-1-1"
7345.6267777593976,226386,5901,2,"2"
7354.2160850630271,226376,5911,1,"1"
7357.1022833517509,226366,5921,2,"2"
7360.8782429937855,226363,5924,1,"1"
7369.6833045662133,226345,5942,1,"1"
7377.6497737174413,226327,5960,1,"1"
7388.346152700763,226322,5965,1,"1"
7388.8926402349844,226310,5977,1,"1"
7393.7002255128655,226305,5982,1,"1"
7425.1910559656008,226287,6000,1,"1"
7445.9738331177405,226269,6018,1,"1"
7450.1228691079314,226253,6034,2,"1-1"
7494.534605338572,226248,6039,1,"1"
7496.5295546877269,226230,6057,1,"1"
7504.7213581773112,226220,6067,1,"1"
7505.9374500326194,226177,6110,9,"3-2-2-1-1"
7512.4892570335041,226141,6146,2,"2"
7513.7332216921759,226129,6158,1,"1"
7516.434559055615,226111,6176,1,"1"
7528.6686949329032,226093,6194,1,"1"
7546.600855803018,226081,6206,1,"1"
7560.0382292180084,226058,6229,3,"2-1"
7560.7834607677578,226040,6247,1,"1"
7587.0391089355371,226022,6265,1,"1"
7597.1396240669173,226012,6275,1,"1"
7618.4261609978021,225983,6304,2,"1-1"
7637.7475654709306,225973,6314,2,"2"
7652.9426789773024,225963,6324,1,"1"
7655.3082855380453,225952,6335,1,"1"
7667.7965011081642,225936,6351,2,"2"
7670.6376001052931,225918,6369,1,"1"
7673.1022822984532,225900,6387,1,"1"
7675.3103883642116,225882,6405,1,"1"
7685.1734575667469,225864,6423,1,"1"
7694.6396641083629,225846,6441,1,"1"
7700.7388899409461,225833,6454,1,"1"
7701.9507445724421,225823,6464,1,"1"
7713.3454778962632,225818,6469,1,"1"
7720.2236030252861,225800,6487,1,"1"
7723.923115012969,225795,6492,1,"1"
7744.2044423388224,225777,6510,1,"1"
7753.2978156606187,225749,6538,2,"1-1"
7754.2704915380446,225662,6625,6,"2-2-1-1"
7758.7315649022985,225639,6648,2,"2"
7771.933852358633,225634,6653,1,"1"
7788.4911042276026,225616,6671,1,"1"
7794.1346733545897,225598,6689,1,"1"
7798.6440691481121,225580,6707,1,"1"
7801.03675352968,225547,6740,4,"2-1-1"
7806.5136575162114,225519,6768,2,"1-1"
7808.5182951467905,225501,6786,1,"1"
7809.857733263696,225483,6804,1,"1"
7810.4371119742927,225400,6887,15,"7-2-2-2-1-1"
7811.83378589321,225382,6905,1,"1"
7814.8671001071407,225364,6923,1,"1"
7818.5350124282013,225346,6941,1,"1"
7823.8656112653816,225328,6959,1,"1"
7826.1915617694349,225318,6969,2,"1-1"
7842.5925707072993,225280,7007,6,"3-1-1-1"
7850.6087961918356,225262,7025,1,"1"
7860.7672121435417,225227,7060,2,"2"
7870.276082889075,225209,7078,1,"1"
7881.0405692581517,225199,7088,2,"1-1"
7888.1682614664405,225194,7093,1,"1"
7892.060754785487,225176,7111,1,"1"
7893.3338194299813,225167,7120,1,"1"
7897.8861115909049,225146,7141,3,"1-1-1"
7901.4458181663267,225134,7153,1,"1"
7936.650114728337,225117,7170,3,"2-1"
7942.5420172486138,225099,7188,1,"1"
7945.2815191052505,224995,7292,11,"4-2-2-1-1-1"
7947.7016049887743,224971,7316,2,"2"
7955.9914055241788,224941,7346,2,"1-1"
7967.4550523623911,224923,7364,1,"1"
7980.6341684769159,224889,7398,2,"2"
7983.9684314432589,224870,7417,3,"1-1-1"
8008.2412991672545,224860,7427,1,"1"
8025.378993097851,224846,7441,1,"1"
8028.1026643790447,224828,7459,1,"1"
8034.2368619801282,224810,7477,1,"1"
8046.6602858877177,224782,7505,2,"2"
8069.6206595011863,224764,7523,1,"1"
8079.5274800256466,224751,7536,1,"1"
8091.1692940876364,224748,7539,1,"1"
8092.6454018638724,224712,7575,2,"2"
8092.951623539856,224694,7593,1,"1"
8108.113535796565,224676,7611,1,"1"
8118.7637175856216,224664,7623,1,"1"
8122.2127416723943,224648,7639,1,"1"
8138.7797119830529,224630,7657,1,"1"
8141.6823476890313,224602,7685,4,"4"
8143.2204434884179,224584,7703,1,"1"
8149.7338757758116,224541,7746,5,"3-1-1"
8168.7367760356938,224456,7831,9,"4-2-2-1"
8173.7219393036739,224433,7854,3,"2-1"
8177.4037450368633,224397,7890,2,"2"
8178.1902475868264,224343,7944,3,"3"
8189.5987258680425,224327,7960,2,"1-1"
8197.1758857092173,224309,7978,1,"1"
8217.6142108611748,224273,8014,2,"2"
8221.0600497465202,224255,8032,1,"1"
8224.4288031810211,224217,8070,3,"2-1"
8227.6632703840842,224199,8088,1,"1"
8243.8530140362982,224143,8144,8,"3-2-1-1-1"
8245.8423403636552,224122,8165,3,"3"
8246.4888317278292,224104,8183,1,"1"
8247.6177760000828,224086,8201,1,"1"
8248.396600349628,224068,8219,1,"1"
8251.8785020756677,224042,8245,2,"2"
8266.8403108716793,224024,8263,1,"1"
8267.8271552148126,224006,8281,1,"1"
8276.8832749181474,223988,8299,1,"1"
8283.1058392426821,223970,8317,1,"1"
8308.3309048934516,223944,8343,2,"1-1"
8309.3766493611329,223926,8361,1,"1"
8310.7662845295963,223885,8402,5,"2-1-1-1"
8314.7830453440656,223834,8453,4,"2-1-1"
8330.307097021936,223829,8458,1,"1"
8332.6411630091206,223811,8476,1,"1"
8335.5093956167275,223795,8492,1,"1"
8346.2452929761821,223733,8554,10,"8-2"
8348.2626758436054,223715,8572,2,"2"
8359.0776738866207,223565,8722,17,"6-3-3-2-2-1"
8360.2324918474987,223543,8744,2,"2"
8367.0289391321094,223531,8756,1,"1"
8370.3022317208051,223513,8774,1,"1"
8373.2071127105028,223495,8792,1,"1"
8389.1697822990354,223423,8864,4,"4"
8390.3411330648487,223405,8882,1,"1"
8395.923669261183,223366,8921,4,"3-1"
8396.6452446671065,223306,8981,6,"3-2-1"
8404.0087137704195,223222,9065,7,"4-3"
8420.367839319415,223186,9101,2,"1-1"
8430.7565901643356,223168,9119,1,"1"
8461.1198386592296,223151,9136,1,"1"
8466.7369091474284,223133,9154,1,"1"
8484.4102063020055,223115,9172,1,"1"
8501.4166044683916,223105,9182,1,"1"
8511.2360566348871,223087,9200,1,"1"
8525.5035133773708,223069,9218,1,"1"
8533.5130977841945,223051,9236,1,"1"
8541.0989340719771,222989,9298,6,"5-1"
8554.9756882521961,222971,9316,1,"1"
8567.043552991312,222901,9386,5,"2-1-1-1"
8586.8924985641206,222865,9422,2,"1-1"
8596.3978386270937,222847,9440,1,"1"
8599.8063236014696,222815,9472,2,"2"
8602.912132225425,222800,9487,3,"3"
8607.4518362747367,222784,9503,1,"1"
8630.8973157873734,222774,9513,1,"1"
8634.1144438719984,222756,9531,2,"1-1"
8634.402517846127,222738,9549,1,"1"
8637.2218156661766,222720,9567,1,"1"
8642.7194687954234,222710,9577,1,"1"
8644.5422639215867,222685,9602,3,"3"
8654.5739387102985,222667,9620,1,"1"
8655.1768442068824,222650,9637,1,"1"
8660.5350474117477,222641,9646,1,"1"
8697.1685218401162,222623,9664,1,"1"
8709.8570926002667,222618,9669,1,"1"
8712.2435078189319,222588,9699,4,"2-1-1"
8723.7795729556583,222562,9725,2,"1-1"
8728.1874965721217,222544,9743,2,"2"
8731.5124233092483,222526,9761,1,"1"
8732.380483175988,222490,9797,2,"2"
8749.2874405259081,222450,9837,4,"2-1-1"
8762.2746415674246,222422,9865,2,"1-1"
8767.8540304321014,222368,9919,3,"3"
8773.4159148257731,222147,10140,18,"5-4-3-2-1-1-1-1"
8780.0005257244484,222132,10155,1,"1"
8781.0565048578137,222088,10199,3,"2-1"
8784.1229074411531,222076,10211,1,"1"
8784.1346345364254,222058,10229,1,"1"
8807.9549362926755,222032,10255,2,"2"
8808.4433744418766,221996,10291,2,"2"
8813.5937472102632,221960,10327,2,"2"
8822.7244250735621,221940,10347,2,"1-1"
8823.7968558284101,221890,10397,4,"3-1"
8829.9719414926021,221863,10424,3,"2-1"
8832.8104499046167,221851,10436,2,"1-1"
8844.3617696258279,221842,10445,1,"1"
8847.9945248488621,221832,10455,1,"1"
8850.1668104220043,221814,10473,1,"1"
8855.6876819409081,221796,10491,1,"1"
8870.5318820606408,221789,10498,1,"1"
8884.5910749094255,221780,10507,1,"1"
8888.3439886690994,221762,10525,1,"1"
8914.9705507273466,221752,10535,2,"2"
8930.000780084878,221745,10542,1,"1"
8939.9146438679945,221727,10560,1,"1"
8947.7770485316432,221717,10570,1,"1"
8959.1235688595589,221663,10624,3,"2-1"
8967.0825044327466,221636,10651,3,"1-1-1"
9004.6820126156399,221514,10773,12,"7-3-1-1"
9008.557730236822,221492,10795,2,"2"
9010.2212500217065,221424,10863,8,"3-3-1-1"
9023.6756828189482,221406,10881,1,"1"
9029.5477057077951,221388,10899,1,"1"
9030.9517964965016,221370,10917,1,"1"
9039.6158019776012,221360,10927,1,"1"
9039.6845267786412,221316,10971,6,"3-2-1"
9050.6271597887044,221280,11007,2,"1-1"
9053.5255182982401,221262,11025,1,"1"
9083.8239846955858,221250,11037,1,"1"
9085.6129218481929,221237,11050,1,"1"
9087.0168827576126,221232,11055,1,"1"
9101.5202124303632,220486,11801,65,"11-6-5-4-3-3-2-2-2-2-2-2-2-2-2-1-1-1-1-1-1-1-1-1-1-1-1-1-1-1"
9103.5929970601974,220471,11816,1,"1"
9105.0323526352913,220453,11834,1,"1"
9113.7569438843693,220439,11848,1,"1"
9130.8089718940719,220403,11884,2,"2"
9135.2173892900264,220385,11902,1,"1"
9137.9799621639395,220367,11920,1,"1"
9139.0082566764013,220349,11938,1,"1"
9169.0473644431058,220279,12008,6,"4-2"
9186.4296294983706,220261,12026,1,"1"
9202.2101504725961,220233,12054,2,"1-1"
9209.8411203021442,220215,12072,1,"1"
9210.4401623108661,220193,12094,2,"2"
9216.120941876643,220157,12130,2,"2"
9237.5738572714527,220137,12150,2,"2"
9242.8231149611183,220101,12186,2,"1-1"
9243.3499012446846,220083,12204,1,"1"
9252.804293310639,220065,12222,1,"1"
9256.63229591856,220047,12240,1,"1"
9268.6418134302967,220029,12258,1,"1"
9270.2314521808512,219993,12294,3,"2-1"
9281.2026381904452,219984,12303,1,"1"
9306.8209724873104,219970,12317,1,"1"
9340.6834730135615,219952,12335,1,"1"
9348.1592252162463,219918,12369,2,"1-1"
9356.0606192167725,219810,12477,9,"2-2-2-1-1-1"
9360.3982647925477,219782,12505,2,"2"
9364.70334964223,219746,12541,2,"1-1"
9367.7531525089835,219605,12682,11,"3-2-2-1-1-1-1"
9376.2709180069069,219515,12772,7,"4-1-1-1"
9383.8560570398495,219459,12828,6,"4-1-1"
9386.1153924040609,219408,12879,3,"3"
9403.7434603702441,219390,12897,1,"1"
9406.2641558668729,219372,12915,1,"1"
9408.5753745570764,219268,13019,7,"3-2-1-1"
9424.167693690235,219258,13029,1,"1"
9424.2072369189718,219244,13043,1,"1"
9431.4380976754783,219226,13061,1,"1"
9432.8764734468732,219202,13085,2,"1-1"
9446.4136223637324,219184,13103,1,"1"
9447.0737997636461,219166,13121,1,"1"
9452.3019111543454,219148,13139,1,"1"
9459.0646035169011,219112,13175,2,"1-1"
9469.6944587409871,219094,13193,1,"1"
9483.1628981661888,219059,13228,3,"2-1"
9483.3758143646282,219043,13244,1,"1"
9488.5875755812685,219025,13262,1,"1"
9489.9241487197487,219007,13280,1,"1"
9490.0872930203823,218993,13294,1,"1"
9501.5964163495246,218975,13312,1,"1"
9503.0816638323522,218595,13692,28,"6-4-3-3-2-2-2-1-1-1-1-1-1"
9506.7327142864015,218512,13775,6,"4-2"
9510.5940873623331,218494,13793,1,"1"
9515.575936295405,218462,13825,2,"2"
9516.2822572050554,218444,13843,1,"1"
9527.5692573925444,218426,13861,1,"1"
9531.3042112974526,218395,13892,3,"2-1"
9532.778066776611,218377,13910,1,"1"
9537.3736446349922,218366,13921,1,"1"
9541.1748228782853,218356,13931,1,"1"
9544.852164109403,218292,13995,5,"4-1"
9550.3251879965537,218274,14013,1,"1"
9580.2990168299184,218256,14031,1,"1"
9596.9761987251732,218238,14049,1,"1"
9606.6323817810098,218220,14067,1,"1"
9610.0090543456699,218206,14081,1,"1"
9634.7492054368886,218197,14090,1,"1"
9639.4208323758958,218179,14108,1,"1"
9648.5507700855233,218133,14154,3,"2-1"
9648.9153924731636,218097,14190,2,"1-1"
9674.4861961953084,218079,14208,1,"1"
9683.3027543158914,218043,14244,3,"3"
9701.1261712088362,218025,14262,1,"1"
9703.3517596919592,218015,14272,1,"1"
9734.6214998771338,217997,14290,1,"1"
9746.0423431086783,217979,14308,1,"1"
9750.090853537753,217947,14340,2,"2"
9755.7361692191753,217911,14376,2,"2"
9773.0023061506272,0,232287,12279,"12279"
----------------------------------------------9
0,232287,0,0,"0"
318.43808903048796,232286,1,1,"1"
326.51223527219548,232285,2,1,"1"
400.86172722586429,232284,3,1,"1"
434.83863163462757,232274,13,1,"1"
454.39602845588809,232264,23,1,"1"
472.88217005163574,232263,24,1,"1"
518.36331611337562,232260,27,1,"1"
520.08121467859621,232259,28,1,"1"
714.86507515250389,232258,29,1,"1"
764.28875589316897,232257,30,1,"1"
787.45186387308615,232256,31,1,"1"
867.09307581553662,232254,33,2,"1-1"
946.84959230573918,232236,51,1,"1"
994.41637952291217,232235,52,1,"1"
1008.041203205114,232234,53,1,"1"
1032.8313515775631,232233,54,1,"1"
1037.9178969956033,232231,56,2,"2"
1041.4538726170374,232229,58,2,"2"
1042.8568685614202,232228,59,1,"1"
1046.7084121828154,232225,62,1,"1"
1055.1838095608498,232211,76,1,"1"
1056.1598868239357,232201,86,1,"1"
1056.9485689978505,232200,87,1,"1"
1058.066420994526,232199,88,1,"1"
1075.3637891826934,232181,106,1,"1"
1085.7323387138711,232163,124,1,"1"
1095.1023305993212,232162,125,1,"1"
1118.6640107802407,232161,126,1,"1"
1129.066702227741,232143,144,1,"1"
1143.9728909453611,232142,145,1,"1"
1210.6430157887064,232131,156,1,"1"
1216.4203204683131,232130,157,1,"1"
1218.3557433551177,232129,158,1,"1"
1242.829793815509,232128,159,1,"1"
1244.7469285441987,232125,162,1,"1"
1289.2713046643407,232124,163,1,"1"
1291.8872867731523,232121,166,1,"1"
1309.1735999518978,232103,184,1,"1"
1343.8373080838419,232097,190,2,"2"
1375.3363753468891,232096,191,1,"1"
1387.7256501692559,232095,192,1,"1"
1409.4853515575824,232077,210,1,"1"
1455.7840164082786,232076,211,1,"1"
1471.4424195638373,232075,212,1,"1"
1491.6681099483758,232074,213,1,"1"
1497.5725280831696,232072,215,2,"2"
1501.2449680495574,232071,216,1,"1"
1549.0058810160481,232070,217,1,"1"
1570.4626552624677,232069,218,1,"1"
1591.9600828797095,232068,219,1,"1"
1607.0575642338977,232053,234,3,"3"
1621.2673933697949,232052,235,1,"1"
1632.925369626895,232051,236,1,"1"
1658.5099821266444,232050,237,1,"1"
1674.1089318272193,232045,242,1,"1"
1682.7998985060901,232044,243,1,"1"
1689.71565302214,232041,246,1,"1"
1694.3847595917046,232040,247,1,"1"
1729.9770703371896,232028,259,1,"1"
1742.1249552759209,232027,260,1,"1"
1764.0206457473523,232025,262,2,"1-1"
1766.68054219601,232023,264,2,"1-1"
1774.8644756701651,232005,282,1,"1"
1795.2450079030168,232003,284,2,"2"
1799.157588641943,232000,287,1,"1"
1802.4918804149117,231982,305,1,"1"
1815.8088134862567,231974,313,4,"3-1"
1829.6656780948797,231971,316,1,"1"
1857.780346152359,231969,318,2,"2"
1860.7203863654913,231968,319,1,"1"
1873.4725257504244,231958,329,1,"1"
1873.8993928709995,231957,330,1,"1"
1881.6414342623568,231956,331,1,"1"
1889.3298646087683,231955,332,1,"1"
1911.6331946919288,231943,344,1,"1"
1913.439695797759,231931,356,1,"1"
1949.9686682741146,231929,358,2,"2"
1956.379113661884,231911,376,1,"1"
1956.9130554856042,231906,381,1,"1"
1974.4628591519481,231888,399,1,"1"
1979.5150832202023,231885,402,1,"1"
1984.0170775518236,231884,403,1,"1"
1987.2019800221151,231883,404,1,"1"
1987.8693919495431,231882,405,1,"1"
1989.9216775143884,231881,406,1,"1"
2000.7637307471905,231879,408,2,"2"
2007.4560121748718,231876,411,3,"2-1"
2045.6454853557609,231875,412,1,"1"
2060.5378055464153,231864,423,1,"1"
2072.4781603551796,231861,426,1,"1"
2087.5569616211533,231860,427,1,"1"
2087.9680629287614,231842,445,1,"1"
2088.7554759782347,231840,447,2,"2"
2102.4789337561424,231839,448,1,"1"
2105.6411445519948,231837,450,2,"2"
2121.2800672597914,231836,451,1,"1"
2127.4946779156853,231818,469,1,"1"
2140.7238473136649,231808,479,1,"1"
2151.9594959254873,231806,481,2,"2"
2154.2558642878707,231805,482,1,"1"
2163.540659531207,231804,483,1,"1"
2165.0795977468174,231802,485,2,"2"
2168.5710155690645,231801,486,1,"1"
2169.8056812443906,231800,487,1,"1"
2175.4557361675134,231790,497,1,"1"
2188.8740932248415,231788,499,2,"2"
2190.8799649915027,231778,509,1,"1"
2201.11096027241,231772,515,6,"6"
2203.6433478755839,231754,533,1,"1"
2220.1318425700174,231752,535,2,"2"
2244.2283952613457,231734,553,1,"1"
2265.6154703615989,231727,560,1,"1"
2279.1811581812372,231726,561,1,"1"
2298.7284922291137,231708,579,1,"1"
2330.8435224843029,231707,580,1,"1"
2333.9682312535642,231689,598,1,"1"
2341.8673428029906,231684,603,1,"1"
2370.6258425828455,231683,604,1,"1"
2375.7541152381636,231680,607,1,"1"
2393.8475466712589,231675,612,1,"1"
2432.540097066068,231665,622,1,"1"
2444.928161234478,231664,623,1,"1"
2447.0661279744613,231646,641,1,"1"
2468.5544893054462,231628,659,1,"1"
2482.9525463782243,231625,662,1,"1"
2485.115424143185,231607,680,1,"1"
2492.4919434312023,231605,682,2,"2"
2504.0043661788541,231604,683,1,"1"
2514.1307954851422,231602,685,2,"2"
2520.0532242544755,231584,703,1,"1"
2525.0560622055459,231583,704,1,"1"
2528.0903391354018,231565,722,1,"1"
2528.2175525473576,231535,752,2,"2"
2528.974711689546,231534,753,1,"1"
2536.787041254363,231516,771,1,"1"
2615.1885802506463,231498,789,1,"1"
2627.9184163335881,231480,807,1,"1"
2665.4064964002891,231468,819,1,"1"
2665.4442016906919,231467,820,1,"1"
2670.7526491151398,231466,821,1,"1"
2695.8717175924244,231461,826,1,"1"
2697.2128288781414,231449,838,1,"1"
2699.7672706964445,231439,848,1,"1"
2707.9133557639457,231438,849,1,"1"
2712.6813695078822,231437,850,1,"1"
2713.4537880872599,231436,851,1,"1"
2719.678048786654,231418,869,1,"1"
2728.0937659551819,231415,872,1,"1"
2728.481807010869,231414,873,1,"1"
2765.8626562103523,231412,875,2,"2"
2773.2849902549306,231394,893,1,"1"
2793.3324880382493,231384,903,1,"1"
2814.5321554990942,231382,905,2,"1-1"
2818.4646252177549,231379,908,1,"1"
2826.7588736570265,231378,909,1,"1"
2844.7675748447236,231368,919,1,"1"
2847.8871646530501,231366,921,2,"2"
2863.2044653062189,231364,923,2,"1-1"
2887.1801428072226,231359,928,1,"1"
2897.7250076175578,231358,929,1,"1"
2912.1524146693555,231351,936,1,"1"
2914.1137238632259,231344,943,1,"1"
2914.2314607467151,231339,948,1,"1"
2932.8610302252682,231338,949,1,"1"
2943.9856188500598,231320,967,1,"1"
2947.379052070221,231308,979,1,"1"
2963.9372457286677,231305,982,3,"1-1-1"
2989.5220007151402,231290,997,1,"1"
3010.052103333097,231283,1004,7,"4-2-1"
3010.3323428523095,231278,1009,3,"1-1-1"
3022.1186189965033,231277,1010,1,"1"
3043.441092616391,231276,1011,1,"1"
3054.2791369663264,231258,1029,1,"1"
3060.0230526597788,231249,1038,5,"2-2-1"
3091.988929405396,231246,1041,1,"1"
3140.8037344122208,231243,1044,1,"1"
3217.1588778499554,231242,1045,1,"1"
3218.4032459778255,231241,1046,1,"1"
3219.426864091392,231236,1051,1,"1"
3223.0513321058625,231235,1052,1,"1"
3235.731360579724,231217,1070,1,"1"
3242.7382891598763,231199,1088,1,"1"
3310.361704595146,231196,1091,1,"1"
3329.5101062211338,231190,1097,2,"2"
3330.641102311894,231184,1103,2,"2"
3334.3971855109608,231166,1121,1,"1"
3346.136032409418,231148,1139,1,"1"
3372.3346174023063,231131,1156,1,"1"
3374.136369697233,231121,1166,1,"1"
3383.1435312337658,231103,1184,1,"1"
3399.0653540803542,231095,1192,2,"1-1"
3400.7752887765519,231082,1205,1,"1"
3462.8426317519429,231064,1223,1,"1"
3464.8573051036001,231046,1241,1,"1"
3495.5459537796705,231028,1259,1,"1"
3505.7587319326558,231010,1277,1,"1"
3521.4091943303847,231005,1282,1,"1"
3551.8231117016117,230987,1300,1,"1"
3561.5104977630194,230971,1316,1,"1"
3585.391858981282,230953,1334,1,"1"
3590.9999999342899,230950,1337,1,"1"
3601.2815149526355,230931,1356,3,"2-1"
3632.5840261700682,230913,1374,1,"1"
3664.883938158483,230895,1392,1,"1"
3670.703937432565,230888,1399,1,"1"
3672.5908640562543,230870,1417,1,"1"
3694.5992081206987,230852,1435,1,"1"
3729.4748685388572,230834,1453,1,"1"
3753.5405710138757,230824,1463,2,"2"
3755.7099236714953,230806,1481,1,"1"
3758.5663751168618,230788,1499,1,"1"
3768.2103203827819,230787,1500,1,"1"
3782.3349711651376,230769,1518,1,"1"
3785.8391830436058,230759,1528,2,"2"
3790.1586061593157,230723,1564,2,"2"
3791.0144814556757,230705,1582,1,"1"
3799.3488120551779,230704,1583,1,"1"
3800.5414513562305,230686,1601,1,"1"
3803.5172097215509,230668,1619,1,"1"
3813.1996061932336,230665,1622,1,"1"
3821.0572023564173,230647,1640,1,"1"
3821.5442292420521,230629,1658,1,"1"
3821.8701130111408,230626,1661,1,"1"
3826.0106492000541,230608,1679,1,"1"
3843.5036691017613,230590,1697,1,"1"
3868.1987497321729,230572,1715,1,"1"
3879.9743095512922,230554,1733,1,"1"
3882.6077049939031,230536,1751,1,"1"
3911.9396302109571,230535,1752,1,"1"
3945.9280053313973,230530,1757,1,"1"
3970.1864854920941,230512,1775,1,"1"
3974.1144166175309,230494,1793,1,"1"
3974.9246540204131,230470,1817,2,"2"
3976.5506296282429,230458,1829,1,"1"
3983.1542414796559,230441,1846,1,"1"
4000.2636161618634,230435,1852,2,"2"
4001.7429444541181,230430,1857,1,"1"
4005.1891399767192,230412,1875,1,"1"
4011.3279215571406,230402,1885,1,"1"
4015.0026713396041,230384,1903,1,"1"
4020.3849181917858,230381,1906,1,"1"
4027.570518005657,230372,1915,1,"1"
4043.2333163295916,230369,1918,1,"1"
4047.637554951385,230359,1928,1,"1"
4052.4265531672672,230341,1946,1,"1"
4053.7794686544726,230338,1949,1,"1"
4073.2689029716548,230320,1967,1,"1"
4083.4007445577186,230302,1985,1,"1"
4095.8230164868619,230284,2003,1,"1"
4110.9596307771599,230266,2021,1,"1"
4112.7744148178717,230255,2032,1,"1"
4121.7438698136802,230215,2072,3,"3"
4160.470562888574,230205,2082,2,"2"
4189.3898656299243,230188,2099,3,"2-1"
4191.6520805761375,230174,2113,1,"1"
4203.4686247081199,230162,2125,1,"1"
4250.9537592779434,230154,2133,2,"1-1"
4253.7801048535266,230144,2143,2,"2"
4255.1162251421456,230141,2146,1,"1"
4260.1041101249311,230138,2149,1,"1"
4260.9104837340083,230118,2169,2,"2"
4263.0735244770258,230100,2187,1,"1"
4272.8339464414503,230097,2190,1,"1"
4297.9164751318658,230092,2195,1,"1"
4311.0659412477125,230074,2213,1,"1"
4316.1688270813311,230056,2231,1,"1"
4335.5567469468333,230038,2249,1,"1"
4347.6271190001617,230020,2267,1,"1"
4359.4511439500584,230002,2285,1,"1"
4374.1237039066727,229997,2290,1,"1"
4375.5857565499464,229979,2308,1,"1"
4418.6734114443407,229972,2315,1,"1"
4428.1154061791003,229967,2320,1,"1"
4439.1195506103932,229949,2338,1,"1"
4450.7993488400834,229931,2356,1,"1"
4478.7143282554262,229926,2361,1,"1"
4490.9200289523424,229910,2377,1,"1"
4517.1988974399501,229892,2395,1,"1"
4525.0725396950165,229887,2400,1,"1"
4531.1828673334276,229873,2414,1,"1"
4544.9313073551484,229855,2432,1,"1"
4577.7528509496387,229850,2437,1,"1"
4589.6579946834718,229836,2451,1,"1"
4596.7870448608192,229818,2469,1,"1"
4630.6939832256676,229815,2472,1,"1"
4638.5249313483573,229812,2475,1,"1"
4643.571940728857,229794,2493,1,"1"
4646.1210059621444,229776,2511,1,"1"
4656.8975424094842,229758,2529,1,"1"
4662.2986763761237,229753,2534,1,"1"
4676.3491394698931,229740,2547,3,"2-1"
4684.5631474831825,229722,2565,1,"1"
4692.6261147606974,229704,2583,1,"1"
4713.2076106117511,229701,2586,1,"1"
4719.9274760887829,229683,2604,1,"1"
4727.6700023255025,229680,2607,1,"1"
4733.5333249000387,229662,2625,1,"1"
4735.8165927259761,229644,2643,1,"1"
4746.580317638045,229628,2659,2,"1-1"
4751.3001420899436,229610,2677,1,"1"
4757.5249576990846,229592,2695,1,"1"
4783.5488812229951,229574,2713,1,"1"
4797.2409323678894,229562,2725,4,"4"
4801.3466390847834,229544,2743,1,"1"
4812.0407396748014,229534,2753,2,"1-1"
4838.4493870774113,229531,2756,1,"1"
4853.5923538569559,229522,2765,3,"2-1"
4870.3117117391012,229512,2775,1,"1"
4872.5564870827393,229494,2793,1,"1"
4897.6457690451343,229476,2811,1,"1"
4941.9406590631233,229466,2821,1,"1"
4952.283628508374,229448,2839,1,"1"
4972.0713702835228,229441,2846,1,"1"
4982.6283395654864,229427,2860,2,"1-1"
4990.0101334401315,229404,2883,3,"1-1-1"
4994.3623102319907,229392,2895,1,"1"
4998.4899511649992,229374,2913,1,"1"
5010.3988550940185,229369,2918,1,"1"
5012.4131279319499,229351,2936,1,"1"
5031.3550864096806,229342,2945,1,"1"
5037.3093614276168,229306,2981,2,"2"
5042.2892074254696,229300,2987,2,"2"
5080.6292143465316,229297,2990,1,"1"
5097.2619070871369,229279,3008,1,"1"
5105.9900880689111,229272,3015,1,"1"
5110.0266895524792,229269,3018,1,"1"
5113.2714544463788,229251,3036,1,"1"
5114.4815661020857,229233,3054,1,"1"
5116.0481520892035,229221,3066,1,"1"
5116.7230081656789,229203,3084,1,"1"
5125.9785680254918,229185,3102,1,"1"
5126.7052889135193,229172,3115,3,"2-1"
5130.7370545942777,229169,3118,1,"1"
5136.6280177710823,229159,3128,1,"1"
5153.2446110061646,229156,3131,1,"1"
5168.9189324266772,229138,3149,1,"1"
5169.1993531135486,229123,3164,3,"3"
5169.2972187675623,229105,3182,1,"1"
5173.7651214946482,229100,3187,1,"1"
5180.8337451902871,229082,3205,1,"1"
5183.7187094825049,229046,3241,2,"2"
5184.3815239457836,229035,3252,1,"1"
5201.1099231930875,229017,3270,1,"1"
5222.7692188168812,229003,3284,1,"1"
5241.6579339957507,228993,3294,1,"1"
5244.9330557419571,228975,3312,1,"1"
5271.777411832918,228952,3335,2,"2"
5280.3461303960048,228947,3340,1,"1"
5285.2194256222328,228942,3345,1,"1"
5296.5830946929436,228921,3366,3,"3"
5305.1116920126497,228911,3376,1,"1"
5315.8286350928156,228908,3379,1,"1"
5321.3516245343726,228905,3382,1,"1"
5369.7912795309685,228887,3400,1,"1"
5373.1832053787703,228877,3410,1,"1"
5379.0458595518594,228823,3464,4,"1-1-1-1"
5397.059659202725,228805,3482,1,"1"
5421.4871314654902,228787,3500,1,"1"
5438.4072729637219,228769,3518,1,"1"
5459.0959689668216,228751,3536,1,"1"
5459.1665251456761,228733,3554,1,"1"
5460.1561549302405,228728,3559,1,"1"
5463.7456204356076,228710,3577,1,"1"
5484.2698855304398,228696,3591,1,"1"
5488.0101486846524,228678,3609,1,"1"
5490.4714631897778,228662,3625,1,"1"
5493.377056233393,228644,3643,1,"1"
5509.2951788961709,228621,3666,2,"2"
5513.4497953281889,228603,3684,1,"1"
5518.6010021090206,228600,3687,1,"1"
5520.9918773854342,228582,3705,1,"1"
5533.27460587523,228572,3715,2,"1-1"
5548.4248769692922,228556,3731,2,"2"
5556.1890031697476,228546,3741,1,"1"
5575.716106695666,228528,3759,2,"1-1"
5576.2465727128629,228525,3762,1,"1"
5576.8394043471226,228515,3772,1,"1"
5580.454431009729,228505,3782,2,"2"
5583.4514552250712,228500,3787,1,"1"
5593.7273405720825,228497,3790,1,"1"
5598.6834165004448,228479,3808,1,"1"
5612.6122606518538,228461,3826,1,"1"
5627.1304519770192,228458,3829,1,"1"
5643.7489956690752,228448,3839,1,"1"
5655.5334072687274,228432,3855,4,"3-1"
5662.1383925139726,228422,3865,1,"1"
5686.6223782047855,228404,3883,1,"1"
5717.0022432376854,228386,3901,1,"1"
5720.8857270500266,228368,3919,1,"1"
5731.8906551368964,228363,3924,1,"1"
5750.4799378477392,228345,3942,1,"1"
5771.5802596500198,228340,3947,1,"1"
5774.3339872861206,228335,3952,1,"1"
5787.289626145588,228330,3957,1,"1"
5799.2604350276142,228320,3967,1,"1"
5808.18868154745,228317,3970,1,"1"
5811.5101841160713,228299,3988,1,"1"
5820.5012360719684,228281,4006,1,"1"
5836.9014589648332,228271,4016,1,"1"
5842.6761578958249,228253,4034,1,"1"
5859.2539686130131,228235,4052,1,"1"
5873.6406213262499,228206,4081,5,"2-1-1-1"
5897.651227311484,228188,4099,1,"1"
5898.0609111428303,228177,4110,1,"1"
5911.4792411086328,228169,4118,2,"1-1"
5921.8614003036791,228151,4136,1,"1"
5927.0493216939294,228133,4154,1,"1"
5930.8125204622029,228115,4172,1,"1"
5936.355880054567,228097,4190,1,"1"
5950.3522357214615,228092,4195,1,"1"
5990.7756596793006,228074,4213,1,"1"
6000.1953388929878,228065,4222,1,"1"
6006.9636853562415,228029,4258,2,"2"
6010.4463362152674,228011,4276,1,"1"
6017.7627604904119,227993,4294,1,"1"
6021.8536059864973,227955,4332,3,"2-1"
6028.078062535249,227945,4342,2,"1-1"
6036.2138125734755,227926,4361,3,"3"
6037.3453585087145,227908,4379,1,"1"
6046.0547369709657,227890,4397,1,"1"
6046.2683808553211,227880,4407,1,"1"
6064.5167932246277,227862,4425,1,"1"
6072.4011526403156,227859,4428,1,"1"
6116.168013820251,227851,4436,2,"1-1"
6116.9315585281638,227833,4454,1,"1"
6117.3678556786153,227823,4464,1,"1"
6129.6145393534925,227805,4482,1,"1"
6196.1809363489492,227789,4498,1,"1"
6224.5851504303546,227779,4508,1,"1"
6233.6944401499331,227765,4522,1,"1"
6233.8420665986687,227756,4531,1,"1"
6233.9386123209497,227750,4537,2,"2"
6238.8494211533416,227732,4555,1,"1"
6240.4769616440071,227714,4573,1,"1"
6243.6880010890573,227704,4583,1,"1"
6246.7342613665242,227686,4601,1,"1"
6248.3989057738918,227668,4619,1,"1"
6269.1453519522956,227661,4626,1,"1"
6289.5064764946746,227643,4644,1,"1"
6298.9197179876619,227626,4661,3,"3"
6306.4583776677673,227608,4679,1,"1"
6334.1867114760971,227590,4697,1,"1"
6346.6783274716954,227572,4715,1,"1"
6356.5160799702544,227551,4736,2,"1-1"
6362.9522788483,227533,4754,1,"1"
6363.1299798564851,227522,4765,1,"1"
6369.2902505642805,227486,4801,2,"2"
6377.9291551192882,227483,4804,1,"1"
6396.1757342565588,227470,4817,3,"3"
6401.3784944957324,227434,4853,2,"2"
6402.6003848099581,227420,4867,2,"2"
6413.8445156297475,227410,4877,1,"1"
6430.0385029881154,227407,4880,1,"1"
6439.0723105883999,227389,4898,1,"1"
6444.7167757046063,227378,4909,3,"3"
6459.947712630189,227360,4927,1,"1"
6463.0071612517058,227228,5059,18,"8-5-2-2-1"
6467.584599965372,227217,5070,1,"1"
6486.5235640563951,227212,5075,1,"1"
6509.6010536947924,227185,5102,3,"2-1"
6565.8763262860584,227170,5117,3,"2-1"
6606.11019363797,227119,5168,7,"2-2-1-1-1"
6609.8164755335501,227101,5186,1,"1"
6633.9811224932228,227083,5204,1,"1"
6634.2505288474467,227080,5207,1,"1"
6653.4626078797392,227062,5225,1,"1"
6654.1477432305292,227044,5243,1,"1"
6656.3906507942411,227038,5249,2,"2"
6674.7960042293025,227020,5267,1,"1"
6687.8022770023663,227006,5281,1,"1"
6726.3427840368668,226992,5295,1,"1"
6735.2126116174459,226974,5313,1,"1"
6742.3207431335613,226956,5331,2,"1-1"
6749.815634925867,226938,5349,1,"1"
6759.7451712769707,226933,5354,1,"1"
6767.7695206858307,226921,5366,1,"1"
6778.4102644026443,226897,5390,4,"2-2"
6785.7796316385184,226892,5395,1,"1"
6800.9758496985078,226874,5413,1,"1"
6822.7813615631949,226856,5431,1,"1"
6825.2776197760386,226853,5434,1,"1"
6831.8602506545831,226835,5452,1,"1"
6836.7762095588005,226825,5462,1,"1"
6836.8253975974221,226807,5480,1,"1"
6840.9834720169383,226795,5492,1,"1"
6845.1871826324978,226777,5510,1,"1"
6850.3679811150969,226763,5524,1,"1"
6860.4839783632669,226753,5534,1,"1"
6884.233630952388,226726,5561,3,"2-1"
6914.2529126968411,226716,5571,2,"2"
6916.9304413027039,226698,5589,2,"2"
6926.7263706496606,226662,5625,2,"1-1"
6928.4797318921146,226626,5661,2,"1-1"
6936.837526092293,226608,5679,1,"1"
6940.2700874472639,226590,5697,1,"1"
6952.0933420609326,226572,5715,1,"1"
6964.1194316927949,226558,5729,4,"3-1"
6967.5918268730657,226540,5747,1,"1"
6974.5680009831794,226522,5765,1,"1"
6977.5949805322516,226494,5793,2,"2"
6978.0947562910842,226476,5811,1,"1"
6981.2175617219946,226458,5829,1,"1"
6990.7064800101689,226440,5847,1,"1"
7002.4417854849498,226422,5865,1,"1"
7004.934028814153,226404,5883,1,"1"
7024.1295991215602,226382,5905,2,"1-1"
7024.8597490321426,226364,5923,1,"1"
7028.9682583989606,226354,5933,1,"1"
7036.6553252504909,226318,5969,4,"4"
7065.2084366799018,226308,5979,1,"1"
7066.9167364165532,226305,5982,1,"1"
7070.9241893254775,226269,6018,2,"2"
7074.2621480030075,226259,6028,1,"1"
7076.4575475250358,226251,6036,2,"2"
7090.9248308146898,226217,6070,2,"2"
7112.7246601269471,226202,6085,3,"3"
7122.4723147395289,226197,6090,1,"1"
7135.8808882219701,226183,6104,1,"1"
7136.9429643406102,226165,6122,1,"1"
7169.6865483857919,226144,6143,3,"2-1"
7173.4847662653447,226139,6148,1,"1"
7180.4270639997294,226121,6166,1,"1"
7213.9996458715668,226111,6176,2,"2"
7215.6775957846085,226093,6194,1,"1"
7264.0311205740618,226075,6212,1,"1"
7266.722703167603,225999,6288,7,"3-2-1-1"
7290.855099063775,225981,6306,1,"1"
7304.0045743409491,225963,6324,1,"1"
7318.0506986963328,225945,6342,1,"1"
7318.2908093772803,225927,6360,1,"1"
7323.4566569950948,225912,6375,3,"2-1"
7330.488731691923,225907,6380,1,"1"
7362.0658410526021,225865,6422,3,"2-1"
7363.584897235537,225858,6429,1,"1"
7368.8015196702399,225840,6447,1,"1"
7372.2588314088607,225819,6468,3,"2-1"
7373.1296486459123,225814,6473,1,"1"
7374.9986345487059,225762,6525,4,"2-2"
7378.6429739361756,225736,6551,2,"2"
7381.410296508715,225700,6587,2,"2"
7387.2838562642664,225668,6619,2,"1-1"
7387.9036659914373,225650,6637,1,"1"
7399.2302878746932,225643,6644,1,"1"
7414.008819116525,225625,6662,1,"1"
7415.0519376290495,225613,6674,1,"1"
7429.6205066486627,225606,6681,1,"1"
7430.1216368952955,225584,6703,2,"2"
7430.688718273489,225566,6721,1,"1"
7431.7850946881654,225530,6757,2,"2"
7436.0391724501915,225503,6784,5,"3-1-1"
7436.5521259121915,225485,6802,1,"1"
7449.9756285663716,225472,6815,1,"1"
7451.7609644808699,225460,6827,2,"2"
7471.4648434584415,225442,6845,1,"1"
7486.6090871548449,225431,6856,1,"1"
7488.3972376817637,225418,6869,1,"1"
7520.5965546324614,225404,6883,1,"1"
7526.5950765580146,225378,6909,2,"1-1"
7548.7763012241558,225280,7007,8,"2-2-2-1-1"
7552.0233430359158,225262,7025,1,"1"
7563.3989833377454,225244,7043,1,"1"
7572.7613847843868,225226,7061,1,"1"
7576.9541210667348,225190,7097,2,"1-1"
7589.059985311399,225172,7115,1,"1"
7617.7032893464329,225154,7133,1,"1"
7619.4379658981907,225136,7151,1,"1"
7619.5796393605378,225118,7169,1,"1"
7643.1682611732504,225100,7187,1,"1"
7702.2244917009793,225082,7205,1,"1"
7704.8013992086553,225064,7223,1,"1"
7732.8100003921718,225049,7238,3,"3"
7736.167732204729,225029,7258,2,"2"
7743.7959135305209,225013,7274,1,"1"
7758.1555470068233,225003,7284,1,"1"
7772.1820794638725,224989,7298,2,"2"
7777.6851192949298,224973,7314,1,"1"
7795.5773955879322,224955,7332,1,"1"
7798.6873591063677,224937,7350,1,"1"
7806.5250739479716,224932,7355,1,"1"
7819.4308229627259,224916,7371,1,"1"
7819.687668490812,224901,7386,3,"2-1"
7833.8912727435581,224885,7402,2,"2"
7842.8621637628949,224811,7476,10,"3-3-2-1-1"
7846.8859250014038,224782,7505,2,"2"
7847.9259996777464,224773,7514,1,"1"
7854.8255329785834,224757,7530,1,"1"
7855.0696772497031,224725,7562,2,"2"
7871.5450313375059,224707,7580,1,"1"
7883.8523783085257,224689,7598,1,"1"
7889.807036391674,224671,7616,1,"1"
7915.7299150133695,224646,7641,3,"1-1-1"
7917.7549013658754,224628,7659,1,"1"
7921.9959570195615,224610,7677,1,"1"
7938.3659755798717,224592,7695,1,"1"
7951.8175373756258,224557,7730,7,"3-2-1-1"
7962.1400829240592,224495,7792,5,"4-1"
7973.0011233118194,224477,7810,1,"1"
7992.3554968829285,224467,7820,2,"2"
7994.8445600702635,224421,7866,3,"3"
7999.7280566086611,224347,7940,10,"8-2"
8010.947879440344,224337,7950,1,"1"
8015.7749378683047,224330,7957,1,"1"
8020.5156663832113,224316,7971,1,"1"
8048.3937907995269,224298,7989,1,"1"
8050.5737332996077,224286,8001,1,"1"
8056.1479577830287,224281,8006,1,"1"
8057.3710579279477,224239,8048,3,"2-1"
8060.8081398558988,224229,8058,1,"1"
8069.2337533233022,224211,8076,1,"1"
8071.6533604211936,224175,8112,2,"2"
8084.3686237880202,224157,8130,1,"1"
8092.778805654073,224146,8141,1,"1"
8116.3560865626887,224123,8164,3,"2-1"
8135.668491649647,224105,8182,1,"1"
8143.9531360945421,224100,8187,1,"1"
8144.8929918420245,224082,8205,1,"1"
8154.3038602879178,224073,8214,1,"1"
8175.5145478186314,224057,8230,1,"1"
8182.3123427334494,224043,8244,1,"1"
8182.5795382688884,224025,8262,1,"1"
8189.016383534502,224009,8278,1,"1"
8192.0647286183939,223991,8296,1,"1"
8194.7607579871546,223973,8314,1,"1"
8196.8135104362482,223959,8328,1,"1"
8197.124248205404,223941,8346,1,"1"
8208.9534537024665,223923,8364,1,"1"
8214.4475657718031,223885,8402,3,"2-1"
8223.2976403345856,223867,8420,1,"1"
8225.1427278109186,223849,8438,1,"1"
8225.7704705515207,223821,8466,2,"1-1"
8235.3928347524252,223809,8478,1,"1"
8245.3766594267436,223791,8496,1,"1"
8250.2196556315721,223773,8514,1,"1"
8258.2490563497468,223755,8532,1,"1"
8263.5081142135841,223741,8546,2,"1-1"
8264.2575461771812,223732,8555,1,"1"
8264.5405957644962,223714,8573,1,"1"
8274.5095796684036,223683,8604,3,"2-1"
8277.1782701469165,223665,8622,1,"1"
8298.3087509505622,223645,8642,2,"2"
8301.1251292102243,223619,8668,4,"3-1"
8310.2277929953234,223605,8682,2,"2"
8324.3678086521686,223565,8722,3,"2-1"
8335.3242440143804,223547,8740,1,"1"
8335.5691423508597,223537,8750,1,"1"
8345.5443253511494,223517,8770,2,"2"
8355.9916240561415,223499,8788,1,"1"
8358.4494633547383,223494,8793,1,"1"
8359.3517454034609,223489,8798,1,"1"
8374.4654570162274,223465,8822,2,"2"
8380.9891498962006,223351,8936,9,"3-2-1-1-1-1"
8383.6318513790666,223333,8954,1,"1"
8385.7470983842486,223315,8972,1,"1"
8409.0163636215129,223297,8990,1,"1"
8427.9327444995197,223279,9008,2,"2"
8440.4213384948289,223261,9026,1,"1"
8442.9020217112138,223243,9044,1,"1"
8454.661863380983,223207,9080,2,"2"
8456.1881890454624,223189,9098,1,"1"
8462.8436363641194,223153,9134,2,"2"
8465.8411075514196,223135,9152,1,"1"
8477.6327763052577,223067,9220,10,"3-3-2-1-1"
8484.393684471499,223049,9238,1,"1"
8501.493469346613,223031,9256,2,"2"
8506.1726031951985,223009,9278,2,"2"
8508.6705230095013,222955,9332,3,"1-1-1"
8513.2424819076095,222937,9350,1,"1"
8516.6792698428089,222919,9368,1,"1"
8520.0678161381165,222914,9373,1,"1"
8522.5532290340325,222896,9391,1,"1"
8528.3646694172076,222868,9419,2,"1-1"
8530.1955310354861,222829,9458,5,"4-1"
8531.6824383491385,222788,9499,5,"3-2"
8536.2580686187121,222764,9523,2,"1-1"
8537.0050275020476,222751,9536,1,"1"
8540.3996533557911,222733,9554,1,"1"
8541.85213127731,222723,9564,1,"1"
8547.8247899403214,222689,9598,4,"3-1"
8550.5722528689585,222671,9616,1,"1"
8561.9263244325521,222644,9643,3,"2-1"
8575.2953276631597,222626,9661,1,"1"
8576.4627895356552,222617,9670,1,"1"
8582.7412990146568,222581,9706,2,"1-1"
8584.9796416102563,222572,9715,1,"1"
8604.2466250704365,222554,9733,1,"1"
8607.5151847123489,222536,9751,1,"1"
8612.6890035325341,222352,9935,17,"7-2-2-2-1-1-1-1"
8633.1639930668152,222288,9999,6,"5-1"
8634.084517907706,222248,10039,3,"2-1"
8640.2572867587187,222230,10057,1,"1"
8657.4688987620084,222165,10122,7,"3-2-2"
8670.025912019546,222111,10176,3,"2-1"
8678.228196912316,222093,10194,1,"1"
8678.7414335852318,222070,10217,3,"2-1"
8679.9106236023017,222052,10235,1,"1"
8693.2019131020661,222043,10244,1,"1"
8694.9162937859237,221955,10332,10,"4-2-1-1-1-1"
8698.0273940128882,221937,10350,1,"1"
8701.5731353429528,221904,10383,3,"3"
8705.2161757295016,221838,10449,5,"3-2"
8718.0465901461521,221712,10575,14,"5-2-2-2-2-1"
8718.4227498647087,221694,10593,1,"1"
8720.4134200183016,221524,10763,13,"6-2-1-1-1-1-1"
8724.1544197871135,221506,10781,1,"1"
8739.1632873482049,221459,10828,5,"2-1-1-1"
8739.6327849275385,221441,10846,1,"1"
8741.4646990777892,221423,10864,1,"1"
8746.2460329489368,221407,10880,1,"1"
8746.5755740601489,221397,10890,1,"1"
8761.2832774624712,221379,10908,1,"1"
8771.0573238236993,221361,10926,1,"1"
8781.2197570019307,221347,10940,1,"1"
8802.7982228406909,221321,10966,2,"1-1"
8808.9860090810889,221303,10984,1,"1"
8821.1078809383052,221285,11002,1,"1"
8822.0498706513936,221267,11020,1,"1"
8830.9852245266793,221250,11037,1,"1"
8836.468579526243,221232,11055,1,"1"
8857.3332225409176,221214,11073,1,"1"
8857.4053673029284,221197,11090,1,"1"
8868.680880615213,221179,11108,1,"1"
8868.7706825969835,221161,11126,1,"1"
8878.122063196075,221152,11135,1,"1"
8895.268615881334,221132,11155,2,"2"
8898.8023532106927,221105,11182,3,"3"
8924.7564054296745,221091,11196,1,"1"
8928.6889561160042,221073,11214,1,"1"
8931.0375641505234,221059,11228,1,"1"
8931.1443503687424,221041,11246,1,"1"
8931.5712155897654,221023,11264,1,"1"
8936.0942008243437,220980,11307,3,"3"
8960.3305068094924,220962,11325,1,"1"
8961.540328595247,220633,11654,34,"5-3-3-3-3-2-2-2-2-2-2-2-1-1-1"
8967.5897567405427,220622,11665,1,"1"
8973.4594749550979,220464,11823,13,"4-3-3-1-1-1"
8974.7547115646103,220332,11955,11,"3-3-3-1-1"
8982.8453656624351,220314,11973,1,"1"
8985.9342545325908,220286,12001,2,"2"
8996.8252662064315,220268,12019,1,"1"
9006.3428245442028,220250,12037,1,"1"
9015.6453963888271,220232,12055,1,"1"
9032.7375418115444,220214,12073,1,"1"
9046.0563682632855,220123,12164,9,"2-1-1-1-1-1-1-1"
9052.3673021911072,220105,12182,1,"1"
9075.1410872754859,220092,12195,1,"1"
9076.9690978269209,219882,12405,20,"5-3-3-2-2-1-1-1-1-1"
9083.191927771999,219864,12423,1,"1"
9088.7985743557274,219803,12484,5,"4-1"
9092.1389244025959,219785,12502,1,"1"
9093.726962631772,219767,12520,1,"1"
9101.9885529179155,219381,12906,28,"5-4-2-2-2-2-1-1-1-1-1-1-1-1-1-1-1"
9107.5147901670061,219297,12990,7,"4-2-1"
9109.8462937258282,219279,13008,1,"1"
9112.9584243200916,219262,13025,1,"1"
9116.3351219885626,219232,13055,2,"1-1"
9126.3132122083389,219223,13064,1,"1"
9128.7252678570039,219168,13119,4,"2-1-1"
9132.3825908419421,218923,13364,22,"4-3-3-2-2-2-2-1-1-1-1"
9155.8736012020763,218905,13382,1,"1"
9187.2661256485153,218887,13400,1,"1"
9194.2853950075605,218857,13430,2,"2"
9203.2087393090969,218721,13566,9,"5-2-1-1"
9215.1020270190438,218703,13584,1,"1"
9231.2674557850823,218637,13650,6,"3-2-1"
9233.1603856407201,218619,13668,1,"1"
9233.5409543216047,218569,13718,3,"2-1"
9253.5154008139452,218495,13792,5,"3-1-1"
9263.7742337302116,217205,15082,93,"8-7-7-5-4-4-4-3-3-2-2-2-2-2-2-2-2-2-2-2-2-1-1-1-1-1-1-1-1-1-1-1-1-1-1-1-1-1-1-1-1-1-1-1-1"
9264.7180674907304,217187,15100,1,"1"
9264.8850653897571,217159,15128,2,"1-1"
9274.8986685674645,217142,15145,1,"1"
9281.5856619725801,217075,15212,5,"3-1-1"
9281.8598933183257,217039,15248,2,"1-1"
9303.0367403247255,217021,15266,1,"1"
9309.2792154576273,216650,15637,33,"6-4-4-3-3-2-2-2-1-1-1-1-1-1-1"
9314.703938834833,216632,15655,1,"1"
9316.3787720801847,216470,15817,11,"4-2-1-1-1-1-1"
9320.2145843488634,216444,15843,2,"2"
9322.5413601933797,216422,15865,2,"2"
9325.4494320305857,216386,15901,3,"2-1"
9329.0847075635338,216376,15911,1,"1"
9331.4752780864001,216358,15929,1,"1"
9339.0391435074325,216314,15973,4,"2-1-1"
9347.3721989889436,0,232287,12153,"12153"
