f,num_active_particles,num_deleted_particles,total_deleted_rods,avalanche_sizes
0,231405,0,0,"0"
152.13709591684901,231404,1,1,"1"
224.32602517476769,231403,2,1,"1"
244.4127771356639,231389,16,1,"1"
293.92009686591808,231383,22,2,"2"
402.47626668359425,231382,23,1,"1"
427.81545651170381,231381,24,1,"1"
512.97072391836798,231380,25,1,"1"
516.24212628956002,231379,26,1,"1"
530.80687459054593,231376,29,1,"1"
543.5083127172046,231375,30,1,"1"
544.71414874167772,231357,48,1,"1"
605.86250541304116,231339,66,1,"1"
657.38123005407738,231336,69,1,"1"
677.11520018160661,231335,70,1,"1"
688.94345361279625,231334,71,1,"1"
718.50390497195258,231333,72,1,"1"
767.40608189554541,231331,74,2,"2"
829.8884050621682,231330,75,1,"1"
846.77619606407188,231312,93,1,"1"
851.36582916940904,231300,105,1,"1"
904.46690913585905,231299,106,1,"1"
947.39594096896531,231298,107,1,"1"
975.21689169454112,231297,108,1,"1"
978.87719871649881,231296,109,1,"1"
986.68480634883838,231295,110,1,"1"
995.07516124032566,231294,111,1,"1"
1010.090447747552,231282,123,1,"1"
1014.9920844006705,231281,124,1,"1"
1022.3337000324653,231278,127,3,"2-1"
1023.8202401597039,231276,129,2,"1-1"
1050.3277077419077,231275,130,1,"1"
1052.7940447433118,231274,131,1,"1"
1055.6171872966081,231273,132,1,"1"
1057.8185433986771,231255,150,1,"1"
1135.680011707627,231237,168,1,"1"
1146.4693950635583,231219,186,1,"1"
1149.0244348141132,231218,187,1,"1"
1160.7878792194033,231217,188,1,"1"
1296.1961547053859,231215,190,2,"2"
1306.2511533985694,231214,191,1,"1"
1310.0888792955991,231213,192,1,"1"
1354.5576635097655,231195,210,1,"1"
1365.360542884883,231194,211,1,"1"
1393.9085252461587,231193,212,1,"1"
1402.7131280987578,231192,213,1,"1"
1409.4493248601632,231189,216,3,"2-1"
1430.2104847966286,231171,234,1,"1"
1453.5710530907629,231170,235,1,"1"
1463.9066256795534,231169,236,1,"1"
1480.5414707060602,231168,237,1,"1"
1490.9274250817127,231167,238,1,"1"
1509.2631224019706,231155,250,1,"1"
1514.400010871497,231150,255,1,"1"
1515.8197681185679,231149,256,1,"1"
1531.8735101164323,231148,257,1,"1"
1544.7926934439529,231147,258,1,"1"
1571.1125855791865,231145,260,2,"2"
1580.108659023497,231139,266,4,"4"
1588.9171032749082,231138,267,1,"1"
1599.1848156567046,231137,268,1,"1"
1599.498522975887,231136,269,1,"1"
1601.4002098128512,231135,270,1,"1"
1631.3992271321936,231134,271,1,"1"
1650.589803521598,231133,272,1,"1"
1657.025799011873,231132,273,1,"1"
1661.3028580802882,231131,274,1,"1"
1663.4685639924553,231129,276,2,"2"
1671.2526817158039,231111,294,1,"1"
1677.4467214318211,231110,295,1,"1"
1680.9476056644701,231109,296,1,"1"
1702.5418529439717,231091,314,1,"1"
1706.0098953208214,231087,318,4,"4"
1714.7171889863723,231086,319,1,"1"
1761.0459906185927,231085,320,1,"1"
1766.9872516707992,231067,338,1,"1"
1773.428759873759,231065,340,2,"1-1"
1797.7691590029558,231060,345,1,"1"
1801.4712547591614,231042,363,1,"1"
1803.7294104746227,231041,364,1,"1"
1817.4538175607165,231036,369,3,"2-1"
1819.6889416775496,231018,387,1,"1"
1821.2823508979202,231017,388,1,"1"
1826.8427455183485,231005,400,8,"4-2-2"
1830.9210712130509,231002,403,3,"3"
1838.2726007878807,230999,406,3,"3"
1871.6839988300142,230998,407,1,"1"
1875.6205777326456,230997,408,1,"1"
1908.722504957522,230979,426,1,"1"
1918.781644169404,230978,427,1,"1"
1923.2867532661107,230977,428,1,"1"
1931.6348375912523,230975,430,2,"1-1"
1934.9514146256313,230974,431,1,"1"
1948.323618354352,230971,434,3,"2-1"
1954.2830768460844,230953,452,1,"1"
1966.832496103322,230935,470,1,"1"
1977.096380491279,230934,471,1,"1"
1990.9888743375295,230932,473,2,"2"
1997.3243193084463,230920,485,1,"1"
2007.7419299784851,230919,486,1,"1"
2011.7457503049288,230918,487,1,"1"
2014.6836863193307,230917,488,1,"1"
2016.7650893222899,230916,489,1,"1"
2026.640577474348,230915,490,1,"1"
2026.7420718381395,230897,508,1,"1"
2030.9122359923538,230895,510,2,"1-1"
2042.7648319487255,230892,513,1,"1"
2043.9798144957219,230891,514,1,"1"
2047.0228822312338,230889,516,2,"1-1"
2051.0286930846969,230871,534,1,"1"
2060.9620295261084,230869,536,2,"2"
2065.7441322592549,230866,539,1,"1"
2094.2817388176331,230863,542,1,"1"
2153.0113985626972,230857,548,2,"2"
2199.1051800713954,230855,550,2,"2"
2201.0693680320569,230837,568,1,"1"
2229.8812724375421,230836,569,1,"1"
2274.6049964803997,230834,571,2,"1-1"
2281.0605147804381,230816,589,1,"1"
2282.4614955977408,230798,607,1,"1"
2299.0268267135848,230795,610,3,"3"
2300.9870361174881,230791,614,4,"3-1"
2312.6964747986967,230773,632,1,"1"
2328.8955501128917,230770,635,1,"1"
2329.556461489814,230752,653,1,"1"
2372.343712741279,230749,656,1,"1"
2374.1165913607197,230746,659,1,"1"
2376.6809942967225,230745,660,1,"1"
2414.0818717235229,230744,661,1,"1"
2424.797771028223,230743,662,1,"1"
2430.068172025176,230725,680,1,"1"
2448.2542145244292,230720,685,1,"1"
2488.0970805286188,230719,686,1,"1"
2488.1866655984736,230718,687,1,"1"
2493.1741396542266,230715,690,1,"1"
2496.0387505896979,230714,691,1,"1"
2511.6988495787382,230696,709,1,"1"
2561.9685996487019,230695,710,1,"1"
2596.8255417468072,230677,728,1,"1"
2609.8452796639513,230659,746,1,"1"
2620.806182712427,230654,751,1,"1"
2651.5988988915042,230636,769,1,"1"
2717.7523064161142,230631,774,1,"1"
2731.4958635687894,230622,783,1,"1"
2738.6729382870703,230614,791,2,"2"
2747.3765029192646,230602,803,1,"1"
2763.4350157431459,230584,821,1,"1"
2769.6768124050541,230579,826,1,"1"
2790.2546744315532,230578,827,1,"1"
2806.7716946430919,230577,828,1,"1"
2823.8861436292195,230572,833,1,"1"
2824.7836611787475,230571,834,1,"1"
2878.4474326983404,230553,852,1,"1"
2882.8949465966161,230546,859,1,"1"
2891.1037529567197,230543,862,1,"1"
2892.1303624619923,230540,865,1,"1"
2897.16986118257,230522,883,1,"1"
2904.7796412629186,230519,886,1,"1"
2954.9062683470179,230501,904,1,"1"
2969.9746544053978,230483,922,1,"1"
2985.0611526742446,230482,923,1,"1"
3008.3111896761634,230481,924,1,"1"
3016.6985102613917,230463,942,1,"1"
3019.1806143006766,230445,960,1,"1"
3022.0201653341546,230427,978,1,"1"
3029.9675410257987,230422,983,1,"1"
3060.2439907997705,230419,986,1,"1"
3081.8502822836444,230410,995,3,"3"
3108.7050539397901,230392,1013,1,"1"
3115.272724121573,230382,1023,2,"1-1"
3121.9216816586109,230372,1033,1,"1"
3170.1685512253071,230367,1038,1,"1"
3210.8681390299375,230349,1056,1,"1"
3235.9289991895685,230331,1074,1,"1"
3236.1848320185413,230313,1092,6,"6"
3240.0184299077046,230295,1110,1,"1"
3284.0731481982284,230277,1128,1,"1"
3289.7392783083683,230265,1140,1,"1"
3302.7383938502821,230264,1141,1,"1"
3305.6994534763717,230246,1159,1,"1"
3305.7011617043418,230228,1177,1,"1"
3309.7941293979811,230218,1187,1,"1"
3313.2480013552954,230200,1205,1,"1"
3340.9930591830498,230182,1223,1,"1"
3370.89876552543,230164,1241,1,"1"
3377.7686121309325,230146,1259,1,"1"
3388.5070308169702,230139,1266,1,"1"
3414.3731691347039,230119,1286,2,"2"
3426.0182986492532,230114,1291,1,"1"
3436.7797127500935,230096,1309,1,"1"
3463.9652211106668,230086,1319,1,"1"
3477.1596795630121,230068,1337,1,"1"
3511.0266048984645,230063,1342,1,"1"
3513.0416529819627,230060,1345,1,"1"
3520.6947358354905,230057,1348,1,"1"
3525.8147149933543,230039,1366,1,"1"
3536.0229869289574,230035,1370,2,"2"
3536.5487537726217,230034,1371,1,"1"
3542.2526286740931,230020,1385,2,"2"
3577.6947383055885,230002,1403,1,"1"
3585.6773687469959,229990,1415,1,"1"
3604.2908166880711,229985,1420,1,"1"
3612.2362434666534,229976,1429,1,"1"
3636.0279239402817,229966,1439,1,"1"
3659.8023331462018,229942,1463,2,"2"
3661.9281751655185,229939,1466,1,"1"
3691.1196596198429,229921,1484,1,"1"
3695.2519004872702,229916,1489,1,"1"
3720.1646778171207,229915,1490,1,"1"
3720.5745120683673,229911,1494,2,"1-1"
3754.7335485375193,229900,1505,1,"1"
3797.4263502342101,229897,1508,1,"1"
3826.5538438046024,229879,1526,1,"1"
3848.8200013943101,229861,1544,1,"1"
3864.7851540153833,229858,1547,1,"1"
3883.3856547045352,229842,1563,1,"1"
3887.6596139987732,229824,1581,1,"1"
3891.1999013860773,229818,1587,2,"2"
3914.2134266890034,229802,1603,1,"1"
3922.3027038778491,229797,1608,1,"1"
3931.1497714285633,229779,1626,1,"1"
3951.1403300602678,229761,1644,1,"1"
3982.2097069597776,229751,1654,2,"2"
3996.5724622000134,229740,1665,3,"3"
4000.5360949168603,229735,1670,1,"1"
4017.3941400911217,229725,1680,2,"2"
4020.9687305287725,229716,1689,1,"1"
4034.9475175487405,229698,1707,1,"1"
4047.7524226034975,229686,1719,1,"1"
4051.585293742316,229668,1737,1,"1"
4090.909357754811,229654,1751,1,"1"
4114.6492867870138,229636,1769,1,"1"
4116.4766669766859,229631,1774,1,"1"
4157.2847456803793,229624,1781,1,"1"
4174.6520122928878,229606,1799,1,"1"
4177.5244728592525,229603,1802,1,"1"
4190.5839387694741,229589,1816,1,"1"
4202.9088568006773,229584,1821,1,"1"
4206.1667858731407,229579,1826,1,"1"
4228.0216446478116,229561,1844,1,"1"
4252.1966358354266,229543,1862,1,"1"
4268.6834891839844,229525,1880,1,"1"
4318.4467998687178,229520,1885,1,"1"
4348.8725954127058,229517,1888,1,"1"
4355.9936033315198,229499,1906,1,"1"
4370.5579416602513,229489,1916,2,"2"
4372.577196785317,229481,1924,2,"1-1"
4412.5256101004734,229476,1929,1,"1"
4413.8265248991338,229465,1940,1,"1"
4417.8768959867148,229447,1958,1,"1"
4426.8541775277536,229430,1975,1,"1"
4428.5201248980366,229412,1993,1,"1"
4431.6099824587945,229394,2011,1,"1"
4435.2357317202568,229389,2016,1,"1"
4436.1050401602115,229379,2026,1,"1"
4455.4039329720617,229366,2039,3,"3"
4481.7422404906592,229348,2057,1,"1"
4483.5617667281886,229330,2075,1,"1"
4491.7920482581285,229312,2093,1,"1"
4495.8518295815829,229307,2098,1,"1"
4511.1707751279864,229289,2116,1,"1"
4519.081321641348,229284,2121,1,"1"
4520.7308379550841,229277,2128,1,"1"
4557.5351490540661,229259,2146,1,"1"
4566.8213517118511,229241,2164,1,"1"
4570.7927947018388,229236,2169,1,"1"
4581.9934046082226,229218,2187,1,"1"
4582.8608887677774,229215,2190,1,"1"
4588.4769883201761,229203,2202,2,"1-1"
4605.8918863240942,229200,2205,1,"1"
4613.5191100251395,229182,2223,1,"1"
4629.4787548604381,229164,2241,1,"1"
4665.1952165791527,229154,2251,1,"1"
4683.6091848609658,229144,2261,1,"1"
4740.7984192001722,229133,2272,1,"1"
4747.5621107592424,229130,2275,1,"1"
4774.3256698264213,229122,2283,2,"1-1"
4796.2013548898049,229104,2301,1,"1"
4809.4960419123008,229086,2319,1,"1"
4827.1028822085655,229068,2337,1,"1"
4831.2493263237602,229059,2346,3,"3"
4838.9356994412565,229041,2364,1,"1"
4839.7681127309943,229023,2382,1,"1"
4850.462690620825,229018,2387,1,"1"
4882.8959137048723,229000,2405,1,"1"
4887.2387041774882,228995,2410,1,"1"
4888.7593415456895,228977,2428,1,"1"
4889.4836146642401,228959,2446,1,"1"
4895.0692030858136,228941,2464,1,"1"
4918.7552260139491,228925,2480,1,"1"
4941.5685229716828,228907,2498,1,"1"
4947.1894088516137,228897,2508,1,"1"
4972.589509596889,228888,2517,3,"1-1-1"
4990.474975714551,228870,2535,1,"1"
5031.7409134496365,228852,2553,1,"1"
5035.9471593536309,228837,2568,1,"1"
5038.1775036694589,228829,2576,2,"1-1"
5043.2901031789143,228817,2588,2,"2"
5048.6135294990427,228803,2602,1,"1"
5054.3806448055548,228789,2616,1,"1"
5056.5232643794798,228735,2670,3,"2-1"
5132.6577631186337,228684,2721,7,"4-2-1"
5151.184499211784,228666,2739,1,"1"
5167.9819214505333,228656,2749,1,"1"
5171.3912764173419,228644,2761,1,"1"
5182.5762434653561,228637,2768,1,"1"
5194.0719804329765,228627,2778,1,"1"
5196.996052727618,228624,2781,1,"1"
5204.9772446606703,228606,2799,1,"1"
5223.1084403661507,228597,2808,1,"1"
5226.2829026592963,228575,2830,4,"2-1-1"
5229.5858338529351,228570,2835,1,"1"
5241.4874451224514,228560,2845,1,"1"
5253.6339457816011,228544,2861,1,"1"
5291.8399976091023,228541,2864,1,"1"
5302.3212961079626,228523,2882,1,"1"
5303.455362568543,228513,2892,1,"1"
5318.5451342455308,228495,2910,1,"1"
5324.696210851278,228477,2928,1,"1"
5329.6354231820578,228472,2933,1,"1"
5339.0175057223887,228454,2951,1,"1"
5355.4202448374199,228436,2969,1,"1"
5360.9783472776826,228418,2987,1,"1"
5375.1392541271998,228395,3010,5,"3-2"
5392.8911609658444,228390,3015,1,"1"
5411.4087175666218,228345,3060,7,"3-3-1"
5417.4922666262155,228327,3078,1,"1"
5426.0133530676658,228324,3081,1,"1"
5436.1632553567679,228306,3099,1,"1"
5454.7425352168721,228288,3117,2,"2"
5458.4529779066397,228270,3135,1,"1"
5461.9300602105131,228267,3138,1,"1"
5462.633689098333,228259,3146,2,"2"
5479.9056484568509,228250,3155,1,"1"
5482.5626070060771,228215,3190,7,"6-1"
5502.3399927375649,228179,3226,2,"1-1"
5518.09135376415,228169,3236,1,"1"
5524.1647985428344,228154,3251,3,"3"
5531.982603038211,228136,3269,1,"1"
5548.2360582577285,228122,3283,2,"2"
5553.8567965308603,228112,3293,1,"1"
5596.7408461604718,228102,3303,1,"1"
5596.8517873268956,228088,3317,2,"2"
5605.6227770890882,228070,3335,1,"1"
5612.0874749427248,228058,3347,1,"1"
5628.3724496424365,228040,3365,1,"1"
5656.8034663175677,228030,3375,1,"1"
5666.4246522731419,228012,3393,1,"1"
5668.281060687128,228007,3398,1,"1"
5669.1758841694882,228002,3403,1,"1"
5670.4534805746271,227993,3412,1,"1"
5676.9738648537723,227983,3422,2,"2"
5690.5264190762582,227973,3432,1,"1"
5696.5821293813042,227968,3437,1,"1"
5704.9214431593182,227950,3455,1,"1"
5728.3434492397382,227945,3460,1,"1"
5729.0627753102444,227909,3496,2,"2"
5745.7147947484264,227877,3528,6,"5-1"
5748.2445926798555,227859,3546,1,"1"
5753.6405136776566,227849,3556,2,"2"
5757.4858659799329,227837,3568,1,"1"
5776.3529709244149,227817,3588,2,"2"
5787.3481587711703,227799,3606,1,"1"
5798.1485006149151,227794,3611,1,"1"
5815.8257524313194,227776,3629,1,"1"
5833.4672269905723,227758,3647,1,"1"
5837.1571225065827,227744,3661,1,"1"
5858.5767094614403,227734,3671,2,"2"
5881.5388277181364,227716,3689,1,"1"
5893.1089624745227,227707,3698,1,"1"
5897.4816109600233,227697,3708,1,"1"
5900.2192145137142,227683,3722,2,"2"
5904.3069972052326,227676,3729,1,"1"
5907.2312418731808,227666,3739,1,"1"
5941.2342595212212,227656,3749,1,"1"
5959.4472797438884,227646,3759,1,"1"
5961.2152297194289,227599,3806,7,"2-2-1-1-1"
5971.0502241598742,227581,3824,1,"1"
5991.1339347281919,227576,3829,1,"1"
5992.9353259124209,227566,3839,1,"1"
5994.7973609898045,227561,3844,1,"1"
5995.0472231316871,227543,3862,1,"1"
6012.7637286530844,227525,3880,1,"1"
6027.2871438787488,227515,3890,2,"2"
6047.5948746094255,227510,3895,1,"1"
6055.7871701069707,227492,3913,1,"1"
6062.4570313608701,227456,3949,2,"2"
6082.5794149791664,227428,3977,2,"1-1"
6087.1190895625032,227418,3987,1,"1"
6104.9708783750584,227400,4005,1,"1"
6107.1941559426041,227370,4035,6,"5-1"
6109.9633898469119,227352,4053,1,"1"
6111.4367957345639,227334,4071,1,"1"
6117.5496872238746,227304,4101,3,"3"
6132.7534852734516,227299,4106,1,"1"
6138.4952516172571,227282,4123,1,"1"
6151.6425825472643,227279,4126,1,"1"
6156.5701527627089,227276,4129,1,"1"
6159.3049140263629,227257,4148,3,"3"
6187.3331683800798,227239,4166,1,"1"
6190.0977403201705,227236,4169,1,"1"
6201.5994454840366,227224,4181,1,"1"
6221.7547012552568,227206,4199,1,"1"
6237.4871408586259,227177,4228,7,"4-3"
6260.9789475685684,227045,4360,14,"10-3-1"
6268.9467952671866,227028,4377,1,"1"
6305.1303592848253,227012,4393,1,"1"
6318.1340368192523,227007,4398,1,"1"
6321.718917341318,226989,4416,1,"1"
6329.837389195608,226971,4434,1,"1"
6330.1642106407207,226953,4452,1,"1"
6343.3942444485701,226944,4461,1,"1"
6350.3449207702806,226926,4479,1,"1"
6355.8122302127913,226917,4488,1,"1"
6358.372406267722,226899,4506,1,"1"
6386.2133983267586,226881,4524,1,"1"
6429.4596186163853,226878,4527,1,"1"
6437.5411791984825,226873,4532,1,"1"
6467.5349159642365,226853,4552,2,"2"
6485.3221060506903,226850,4555,1,"1"
6520.5482452005217,226814,4591,2,"2"
6535.5293516443362,226796,4609,1,"1"
6538.2906978757846,226778,4627,1,"1"
6568.9776370863001,226768,4637,2,"1-1"
6572.4955203898389,226763,4642,1,"1"
6586.1900551595927,226745,4660,1,"1"
6587.6869486487694,226709,4696,2,"1-1"
6593.2751531556132,226691,4714,1,"1"
6609.975636089137,226673,4732,1,"1"
6650.014380056984,226655,4750,1,"1"
6670.1238751113015,226637,4768,1,"1"
6687.9853757792307,226634,4771,1,"1"
6695.8927201707502,226624,4781,1,"1"
6709.4713095252682,226619,4786,1,"1"
6736.049585194155,226598,4807,3,"3"
6737.463131456002,226595,4810,1,"1"
6746.4723256178495,226588,4817,1,"1"
6762.3152815108269,226570,4835,1,"1"
6768.3244231009221,226565,4840,1,"1"
6793.4457776364388,226533,4872,4,"4"
6809.9286563992073,226515,4890,1,"1"
6813.5694486593775,226490,4915,5,"5"
6814.3328640519703,226485,4920,1,"1"
6852.2186328059215,226467,4938,1,"1"
6852.5467414783807,226449,4956,1,"1"
6852.8669646854087,226436,4969,1,"1"
6865.7199161958388,226418,4987,1,"1"
6866.4199325959253,226400,5005,1,"1"
6869.0459717652211,226382,5023,1,"1"
6873.1339518865943,226364,5041,1,"1"
6873.1364491230024,226357,5048,1,"1"
6874.5191691409918,226343,5062,1,"1"
6901.6904220443348,226325,5080,1,"1"
6907.2896608628207,226318,5087,1,"1"
6910.3218387140732,226300,5105,1,"1"
6910.6782767254517,226282,5123,1,"1"
6918.4584477805038,226264,5141,1,"1"
6933.264298570507,226246,5159,1,"1"
6950.2506130106331,226210,5195,2,"1-1"
6954.3136044524827,226135,5270,9,"6-2-1"
6973.9950391117063,226121,5284,1,"1"
6975.7516034769933,226076,5329,5,"3-2"
6989.327771206149,226064,5341,1,"1"
6994.0220731413365,226046,5359,1,"1"
6997.3656174519811,226013,5392,5,"5"
7001.3661400396713,225945,5460,12,"4-2-2-1-1-1-1"
7010.7209468039719,225927,5478,1,"1"
7011.9200690635726,225924,5481,1,"1"
7022.9082184126773,225906,5499,1,"1"
7054.9705074438889,225888,5517,1,"1"
7059.0964211981736,225870,5535,1,"1"
7067.647772521962,225844,5561,2,"2"
7079.5790922841943,225831,5574,1,"1"
7090.7123869844154,225813,5592,1,"1"
7108.8909157193393,225795,5610,1,"1"
7119.781206483347,225777,5628,2,"2"
7125.2010933967913,225759,5646,1,"1"
7171.6304943674359,225741,5664,1,"1"
7176.6008552291341,225728,5677,1,"1"
7190.4090197467594,225723,5682,1,"1"
7190.4575548456551,225705,5700,1,"1"
7224.0563688882503,225687,5718,1,"1"
7228.2844667362169,225650,5755,5,"3-1-1"
7237.5389238839189,225632,5773,1,"1"
7242.7130277549531,225622,5783,1,"1"
7243.6752454201996,225617,5788,1,"1"
7249.3245254421281,225599,5806,1,"1"
7258.0174780715552,225581,5824,1,"1"
7259.5400028537952,225563,5842,1,"1"
7266.7724546165118,225545,5860,1,"1"
7308.4173193618662,225524,5881,3,"2-1"
7311.9464061311928,225506,5899,1,"1"
7318.7656673242673,225488,5917,1,"1"
7345.141816458754,225476,5929,1,"1"
7348.6291419317031,225458,5947,1,"1"
7353.7059991816777,225448,5957,1,"1"
7353.9740320859346,225430,5975,1,"1"
7378.8208280633617,225412,5993,1,"1"
7387.2609840202649,225394,6011,1,"1"
7425.6711565439973,225376,6029,1,"1"
7430.7774742195788,225358,6047,1,"1"
7433.1998175300432,225340,6065,1,"1"
7445.8297119741756,225333,6072,1,"1"
7456.0223141567785,225319,6086,1,"1"
7470.0312866792965,225310,6095,1,"1"
7481.4901172556856,225292,6113,2,"2"
7483.6704549490041,225274,6131,1,"1"
7493.2560407919509,225232,6173,4,"2-2"
7513.6372836258615,225214,6191,1,"1"
7518.89423016401,225199,6206,1,"1"
7528.2887102488939,225181,6224,1,"1"
7537.7299099742422,225172,6233,1,"1"
7551.5219851804832,225154,6251,1,"1"
7572.7652023682458,225136,6269,1,"1"
7601.168809081355,225126,6279,1,"1"
7603.563675685913,225090,6315,2,"2"
7609.4581859516456,225072,6333,1,"1"
7636.5820338521753,225006,6399,5,"3-2"
7638.6774355276793,224990,6415,1,"1"
7652.6628111981718,224972,6433,1,"1"
7656.4234108406627,224954,6451,1,"1"
7657.2048473765599,224949,6456,1,"1"
7664.2822468510149,224931,6474,1,"1"
7680.0742231045069,224913,6492,1,"1"
7687.6312578613633,224895,6510,1,"1"
7690.6474857922503,224877,6528,1,"1"
7695.9278945039914,224847,6558,3,"2-1"
7707.5861248582451,224829,6576,1,"1"
7707.8748697049123,224811,6594,1,"1"
7720.4877868891745,224787,6618,4,"4"
7729.5667640622632,224782,6623,1,"1"
7741.3409500480993,224765,6640,1,"1"
7742.8147211122678,224725,6680,5,"3-2"
7746.6835816066323,224720,6685,1,"1"
7763.473608068467,224702,6703,1,"1"
7769.7335806358769,224684,6721,1,"1"
7791.7019497162028,224667,6738,3,"1-1-1"
7814.1531729783101,224662,6743,1,"1"
7831.1551258709242,224644,6761,1,"1"
7833.0300951217523,224618,6787,4,"1-1-1-1"
7833.5903908893206,224611,6794,1,"1"
7837.4417146077722,224593,6812,1,"1"
7839.196541119235,224559,6846,3,"2-1"
7852.3694794999183,224539,6866,2,"2"
7857.8878004240159,224521,6884,1,"1"
7882.3616906146208,224490,6915,2,"2"
7885.5059393631527,224481,6924,1,"1"
7897.7768761204279,224463,6942,1,"1"
7914.9136363183416,224445,6960,1,"1"
7931.3765077156577,224413,6992,2,"1-1"
7934.6380915523241,224395,7010,1,"1"
7942.7854260220447,224382,7023,1,"1"
7944.3883410862582,224360,7045,2,"2"
7945.6855273995216,224342,7063,1,"1"
7947.6419350560163,224324,7081,1,"1"
7951.5600805803351,224306,7099,1,"1"
7952.8912030687134,224288,7117,1,"1"
7953.4249428497405,224270,7135,1,"1"
7966.1337583287677,224260,7145,1,"1"
7966.9784107285814,224242,7163,1,"1"
7967.6404994481418,224232,7173,1,"1"
7971.4325506231571,224214,7191,1,"1"
7982.3959710199288,224196,7209,1,"1"
7983.462400486178,224178,7227,1,"1"
8005.2776261498211,224171,7234,1,"1"
8009.6543698870246,224126,7279,7,"5-2"
8010.7506373053893,224108,7297,1,"1"
8021.3297525806365,224090,7315,1,"1"
8035.4715973229886,224072,7333,1,"1"
8047.5153120300329,224054,7351,1,"1"
8048.5447446393873,224044,7361,1,"1"
8051.9640598603246,224037,7368,1,"1"
8069.4339701815124,224022,7383,3,"2-1"
8089.7448412478734,224011,7394,1,"1"
8100.7773762345159,224001,7404,1,"1"
8108.3701354358109,223985,7420,1,"1"
8121.1851789482025,223967,7438,1,"1"
8160.2007645638032,223949,7456,1,"1"
8169.8252026416467,223931,7474,1,"1"
8178.854256001714,223913,7492,1,"1"
8185.7979072850203,223872,7533,3,"1-1-1"
8192.3388072638299,223854,7551,1,"1"
8193.1305119709214,223836,7569,1,"1"
8196.3839049154412,223818,7587,1,"1"
8202.1622491708113,223804,7601,2,"2"
8231.9102729930619,223786,7619,1,"1"
8231.9756197097995,223768,7637,1,"1"
8234.4851119625819,223763,7642,1,"1"
8234.8300612832063,223727,7678,2,"1-1"
8251.481233312832,223714,7691,1,"1"
8271.8706075789178,223690,7715,2,"2"
8288.2735911235923,223651,7754,7,"4-1-1-1"
8291.0940761975653,223633,7772,1,"1"
8291.4922525095226,223597,7808,2,"2"
8297.2601521908964,223577,7828,2,"1-1"
8297.4319380780798,223559,7846,1,"1"
8298.9844148967859,223541,7864,1,"1"
8308.7033020130239,223534,7871,1,"1"
8315.3720654904864,223516,7889,1,"1"
8319.4521808687314,223498,7907,1,"1"
8334.58779479441,223478,7927,2,"2"
8343.6032619934504,223460,7945,1,"1"
8349.9325841212212,223442,7963,1,"1"
8357.3554445335212,223406,7999,2,"2"
8359.3699945333337,223388,8017,1,"1"
8361.6019426984003,223381,8024,1,"1"
8361.9313111882657,223363,8042,1,"1"
8369.1107656419917,223345,8060,1,"1"
8369.3076160555029,223275,8130,5,"2-2-1"
8375.2471574616975,223265,8140,1,"1"
8383.4478408850118,223255,8150,1,"1"
8398.2778661771044,223237,8168,1,"1"
8407.7506668576243,223225,8180,2,"1-1"
8420.4211903158139,223212,8193,1,"1"
8444.416351332944,223202,8203,1,"1"
8446.7591142202964,223184,8221,1,"1"
8456.7504552234441,223168,8237,1,"1"
8472.4597989196191,223150,8255,1,"1"
8474.0139435672427,223132,8273,1,"1"
8475.7178212248291,223104,8301,2,"2"
8489.0182857419059,223086,8319,1,"1"
8496.2504188776056,223071,8334,1,"1"
8498.9831347867366,223051,8354,2,"2"
8531.8202277485052,223033,8372,1,"1"
8550.6360789878527,223015,8390,1,"1"
8551.9146315006346,223010,8395,1,"1"
8558.9981970280878,222992,8413,1,"1"
8588.9288889760574,222974,8431,1,"1"
8597.8629365394845,222956,8449,1,"1"
8600.4043976852699,222896,8509,5,"2-1-1-1"
8612.7872233042144,222878,8527,1,"1"
8620.9615880286892,222842,8563,2,"2"
8629.5926216466505,222824,8581,1,"1"
8641.4252860079196,222758,8647,6,"5-1"
8648.221117428553,222748,8657,1,"1"
8652.073954648391,222738,8667,1,"1"
8654.5059155151921,222720,8685,1,"1"
8659.3001646172688,222702,8703,1,"1"
8659.4702541363094,222669,8736,2,"2"
8661.4857025923102,222651,8754,1,"1"
8672.9878471433003,222615,8790,2,"2"
8681.8915209968727,222597,8808,1,"1"
8691.549871079018,222579,8826,1,"1"
8693.0369545510202,222561,8844,1,"1"
8694.4168543833639,222543,8862,1,"1"
8701.9330900684763,222516,8889,3,"2-1"
8716.5661766692556,222480,8925,2,"2"
8720.9518350783237,222444,8961,2,"1-1"
8741.1226519799566,222426,8979,1,"1"
8741.9683500314404,222408,8997,1,"1"
8743.9583346688687,222390,9015,1,"1"
8747.6511398164785,222372,9033,1,"1"
8758.7413813378171,222358,9047,1,"1"
8772.3674064268998,222340,9065,1,"1"
8807.0933110014703,222322,9083,1,"1"
8813.8304919585044,222304,9101,1,"1"
8825.9642101033023,222299,9106,1,"1"
8828.7640797452368,222261,9144,4,"4"
8841.7209361287842,222243,9162,1,"1"
8858.5256971076251,222225,9180,1,"1"
8872.5484632065818,222207,9198,1,"1"
8882.5048696509293,222189,9216,1,"1"
8883.2841561460609,222171,9234,1,"1"
8895.1325153116777,222153,9252,1,"1"
8903.5571714653925,222135,9270,1,"1"
8922.1432331394917,222123,9282,1,"1"
8945.0227419054045,222113,9292,1,"1"
8947.3889719584931,222095,9310,2,"2"
8956.3745242205659,222074,9331,3,"2-1"
8961.5683945646888,222056,9349,1,"1"
8962.0589336981666,222038,9367,1,"1"
8967.8039863831491,222020,9385,1,"1"
8969.817051717866,222010,9395,1,"1"
8971.4140493535142,222003,9402,1,"1"
8973.3745972371034,221989,9416,2,"1-1"
8988.9632332771544,221971,9434,1,"1"
8989.191841999811,221964,9441,1,"1"
9005.1088867207109,221946,9459,1,"1"
9009.5233196707613,221928,9477,1,"1"
9031.9942490567828,221910,9495,1,"1"
9037.1549685362443,221892,9513,1,"1"
9041.314698383816,221856,9549,2,"1-1"
9043.5756606124451,221838,9567,1,"1"
9048.7331557898906,221820,9585,1,"1"
9057.117589550171,221802,9603,1,"1"
9057.2304082136307,221784,9621,1,"1"
9060.5792745151757,221744,9661,4,"2-1-1"
9065.246301712561,221724,9681,2,"1-1"
9067.0159006761478,221715,9690,1,"1"
9079.0321752294494,221704,9701,1,"1"
9081.5903605815965,221684,9721,2,"2"
9084.6918207797171,221666,9739,1,"1"
9085.7587846943097,221648,9757,1,"1"
9093.8199226881916,221614,9791,3,"3"
9098.3616147267148,221609,9796,1,"1"
9098.4394314789897,221591,9814,1,"1"
9106.9382248814109,221574,9831,1,"1"
9109.7288069957594,221556,9849,1,"1"
9111.4667808247868,221538,9867,1,"1"
9112.3084529827065,221502,9903,2,"2"
9119.6321075289688,221495,9910,1,"1"
9122.3574357540529,221483,9922,1,"1"
9124.9505183259407,221419,9986,5,"2-1-1-1"
9130.6427769453785,221401,10004,1,"1"
9145.6661929300062,221383,10022,1,"1"
9152.0458383389177,221373,10032,1,"1"
9176.8379550030695,221339,10066,2,"2"
9176.9069376600855,221321,10084,1,"1"
9182.6183163671121,221304,10101,1,"1"
9186.7688914007613,221286,10119,1,"1"
9200.7020761053282,221281,10124,1,"1"
9221.9954560338647,221248,10157,3,"2-1"
9226.0826474370951,221181,10224,6,"4-1-1"
9227.4550610425522,221105,10300,8,"2-2-1-1-1-1"
9232.880349155339,220991,10414,10,"6-2-1-1"
9234.6060977598154,220976,10429,1,"1"
9243.3976286629659,220971,10434,1,"1"
9251.3060031625009,220953,10452,1,"1"
9284.0689457466578,220935,10470,1,"1"
9297.9966571761342,220917,10488,1,"1"
9311.0449107273762,220899,10506,1,"1"
9312.6802440150714,220889,10516,1,"1"
9326.0910384261388,220871,10534,1,"1"
9328.4336685198268,220827,10578,3,"2-1"
9333.2243801501736,220813,10592,1,"1"
9333.3709524659062,220739,10666,6,"3-2-1"
9339.7656411454882,220654,10751,9,"3-3-2-1"
9346.4441995507223,220625,10780,3,"2-1"
9356.4555803746953,220607,10798,1,"1"
9368.2130812243122,220589,10816,1,"1"
9372.9841423106736,220571,10834,1,"1"
9373.7582013134543,220561,10844,1,"1"
9384.3759011138209,220543,10862,1,"1"
9390.0457800188378,220525,10880,1,"1"
9390.3157232175763,220507,10898,1,"1"
9394.2090750277785,220498,10907,1,"1"
9402.4073198626702,220480,10925,1,"1"
9406.928749899118,220462,10943,1,"1"
9436.2190188184395,220426,10979,2,"2"
9443.6057282771417,220408,10997,1,"1"
9451.2456120653715,220390,11015,1,"1"
9460.6029326286734,220367,11038,3,"2-1"
9469.3845450991703,220325,11080,3,"3"
9472.8777893872484,220305,11100,2,"1-1"
9482.8749688724001,220287,11118,1,"1"
9501.7451272643775,220282,11123,1,"1"
9503.9164579622739,220270,11135,1,"1"
9516.2864991451115,220252,11153,1,"1"
9516.7046534020647,220242,11163,1,"1"
9529.0076682408053,220206,11199,2,"2"
9531.3778551901632,220196,11209,1,"1"
9540.1633993772084,220178,11227,1,"1"
9544.3625878219264,220160,11245,1,"1"
9545.798031183178,220144,11261,2,"1-1"
9554.8756110749582,220126,11279,1,"1"
9565.4357159053125,220108,11297,1,"1"
9567.0811851849412,220078,11327,3,"3"
9577.229312891468,220062,11343,2,"1-1"
9579.1140608694714,220044,11361,1,"1"
9579.4528585639819,220026,11379,1,"1"
9580.1871155047938,220008,11397,1,"1"
9588.4885852830284,219993,11412,1,"1"
9597.6805200257386,219975,11430,1,"1"
9599.8187432157847,219957,11448,1,"1"
9600.6524154689323,219923,11482,2,"2"
9600.7239708185898,219914,11491,1,"1"
9617.487640637175,219878,11527,2,"2"
9618.5415559010562,219852,11553,2,"1-1"
9618.5558181146116,219798,11607,3,"3"
9626.8830508067658,219780,11625,1,"1"
9628.6049020899191,219775,11630,1,"1"
9636.615253326223,219757,11648,1,"1"
9637.3679225965097,219629,11776,14,"4-4-2-2-1-1"
9638.2553499364985,219611,11794,1,"1"
9641.3020164804784,219473,11932,12,"5-5-1-1"
9651.792972799678,219455,11950,1,"1"
9655.0725419336486,219437,11968,1,"1"
9655.8109655866865,219419,11986,1,"1"
9675.1993517836909,219364,12041,5,"3-2"
9675.4567556102666,219346,12059,1,"1"
9684.9500101626727,219301,12104,4,"2-2"
9685.8609240041787,219283,12122,1,"1"
9688.2440567994981,219265,12140,1,"1"
9692.5783924153511,219245,12160,2,"1-1"
9693.5768947384258,219227,12178,1,"1"
9694.6893169856103,219209,12196,1,"1"
9704.8531305465458,219191,12214,1,"1"
9707.7353032778938,219173,12232,1,"1"
9713.297351549214,219155,12250,2,"2"
9726.6547034319919,219137,12268,1,"1"
9734.329954374316,219119,12286,1,"1"
9734.9296454839514,219101,12304,1,"1"
9740.8386043578339,219084,12321,1,"1"
9741.8421113184377,219066,12339,1,"1"
9745.1919683535889,219012,12393,4,"2-1-1"
9746.3812551852716,219003,12402,1,"1"
9751.9378191648793,218985,12420,1,"1"
9755.6287928350848,218967,12438,1,"1"
9772.5514176185225,218931,12474,2,"2"
9780.1938117305235,218918,12487,1,"1"
9794.3734383719075,218882,12523,2,"2"
9795.1380195124457,218864,12541,1,"1"
9795.6527022149785,218846,12559,1,"1"
9797.0733058098995,218828,12577,1,"1"
9803.6032238903372,218816,12589,2,"1-1"
9806.7766248693024,218798,12607,1,"1"
9811.832352248186,218788,12617,1,"1"
9821.9595855391035,218770,12635,1,"1"
9834.1914604674294,218752,12653,1,"1"
9850.9109429392302,218737,12668,1,"1"
9853.1435664867495,218719,12686,2,"1-1"
9853.9732954840711,218701,12704,1,"1"
9854.7045863746716,218656,12749,5,"4-1"
9862.7413402896182,218576,12829,6,"2-1-1-1-1"
9878.2226739536363,217970,13435,48,"8-7-4-3-3-2-2-2-2-2-1-1-1-1-1-1-1-1-1-1-1-1-1"
9880.6980983184276,217952,13453,1,"1"
9889.7996101123936,217924,13481,2,"2"
9908.5728553610388,217917,13488,1,"1"
9922.8355033841581,217777,13628,13,"4-3-2-2-1-1"
9924.0146762837085,217763,13642,1,"1"
9927.9151683825894,217745,13660,1,"1"
9934.9129901175202,217709,13696,2,"2"
9940.7504964666314,217691,13714,1,"1"
9941.4745890266968,217544,13861,11,"3-2-2-1-1-1-1"
9941.8153383129084,217526,13879,1,"1"
9943.372623965779,217508,13897,1,"1"
9954.1858336258956,217408,13997,8,"5-1-1-1"
9958.2086559772088,217390,14015,1,"1"
9972.6145909157567,217372,14033,1,"1"
9979.6411839614721,217354,14051,1,"1"
9979.6765176730423,217336,14069,1,"1"
9997.7280397015966,217300,14105,2,"2"
10001.769095750155,217256,14149,4,"2-1-1"
10023.529001166189,217187,14218,5,"4-1"
10030.715076247117,217152,14253,3,"1-1-1"
10041.499043502852,0,231405,12265,"12265"
----------------------------------------------1
0,231405,0,0,"0"
253.49115453792473,231404,1,1,"1"
301.86862483543575,231403,2,1,"1"
339.45557367952199,231402,3,1,"1"
374.05206553421993,231401,4,1,"1"
462.54466903321298,231400,5,1,"1"
472.11517538553647,231399,6,1,"1"
529.4571067808829,231381,24,1,"1"
536.33360359341134,231380,25,1,"1"
561.95596996530901,231379,26,1,"1"
589.83931632883935,231361,44,1,"1"
590.02076305631374,231359,46,2,"2"
605.1938887292273,231358,47,1,"1"
640.28248642396954,231355,50,1,"1"
745.81190959683477,231354,51,1,"1"
755.3077962086021,231336,69,1,"1"
778.6830771216022,231335,70,1,"1"
791.97384610078575,231317,88,1,"1"
797.539840448007,231316,89,1,"1"
830.24825653380628,231315,90,1,"1"
830.27464832395481,231314,91,1,"1"
836.00620327282661,231311,94,1,"1"
842.97434200171074,231310,95,1,"1"
853.58735220709173,231309,96,1,"1"
888.23517984572675,231308,97,1,"1"
909.07716440694719,231305,100,3,"3"
936.78815452377933,231304,101,1,"1"
939.60503506240741,231286,119,1,"1"
968.97307899519024,231285,120,1,"1"
977.38362286612619,231284,121,1,"1"
987.10395520563577,231283,122,1,"1"
1007.4051442324411,231282,123,1,"1"
1015.864138410178,231270,135,1,"1"
1024.7733894130777,231269,136,1,"1"
1029.6613624846771,231268,137,1,"1"
1038.3767603387221,231250,155,1,"1"
1059.3998661686003,231249,156,1,"1"
1077.1291280229693,231248,157,1,"1"
1109.3106744650022,231244,161,2,"2"
1110.6356218814876,231243,162,1,"1"
1127.2891567681702,231225,180,1,"1"
1127.5539376382089,231224,181,1,"1"
1158.8898963564475,231223,182,1,"1"
1161.5121206571641,231205,200,1,"1"
1170.6777636581892,231187,218,1,"1"
1180.5014835908369,231184,221,1,"1"
1184.8470513924815,231172,233,1,"1"
1216.3435454888215,231171,234,1,"1"
1271.1089361592958,231170,235,1,"1"
1282.0206346552102,231165,240,1,"1"
1315.0563521673614,231162,243,1,"1"
1317.4079357528806,231156,249,2,"2"
1355.5460919936702,231155,250,1,"1"
1361.325692969993,231154,251,1,"1"
1395.1308749125401,231153,252,1,"1"
1406.3535473045945,231151,254,2,"1-1"
1439.7303521355816,231148,257,3,"2-1"
1462.0296412346386,231136,269,4,"2-2"
1500.4440999097026,231134,271,2,"2"
1511.346451086355,231132,273,2,"2"
1522.3558014943683,231114,291,1,"1"
1524.4625271336433,231113,292,1,"1"
1537.4946206002182,231112,293,1,"1"
1541.2014316294712,231111,294,1,"1"
1542.7299094287675,231110,295,1,"1"
1545.3586295332755,231109,296,1,"1"
1557.4342532602839,231106,299,1,"1"
1563.5401646710486,231105,300,1,"1"
1591.7637914186885,231104,301,1,"1"
1602.5678369957684,231086,319,1,"1"
1605.625247441649,231083,322,1,"1"
1608.9072251339664,231082,323,1,"1"
1614.0957991349392,231081,324,1,"1"
1624.3407801532048,231078,327,3,"2-1"
1690.4181131750531,231066,339,1,"1"
1718.977667985682,231065,340,1,"1"
1725.6815330311395,231064,341,1,"1"
1728.330556798265,231046,359,1,"1"
1738.4262287427084,231045,360,1,"1"
1743.9553856365751,231040,365,1,"1"
1749.0761860661059,231039,366,1,"1"
1755.3450233386441,231034,371,1,"1"
1757.8068933853672,231027,378,7,"4-2-1"
1789.1847547807972,231026,379,1,"1"
1790.0466786824934,231008,397,1,"1"
1793.0089659726459,231005,400,3,"2-1"
1793.3393223357284,231004,401,1,"1"
1802.8712733654258,231003,402,1,"1"
1847.7885005814492,230989,416,1,"1"
1862.2792482511293,230988,417,1,"1"
1878.2116968953915,230987,418,1,"1"
1879.5088696600765,230984,421,1,"1"
1879.7394628513314,230982,423,2,"1-1"
1887.5291211329709,230977,428,1,"1"
1888.8366037433243,230959,446,1,"1"
1889.7544495868094,230941,464,1,"1"
1890.6887279874554,230938,467,3,"2-1"
1911.7179740500371,230935,470,1,"1"
1927.9085743926119,230934,471,1,"1"
1930.5537894162694,230928,477,2,"1-1"
1930.6978775548068,230926,479,2,"2"
1934.3369120540494,230923,482,1,"1"
1958.896942482233,230920,485,3,"2-1"
1968.0457103892732,230910,495,2,"2"
1971.0231268866746,230908,497,2,"2"
1979.8634795474563,230907,498,1,"1"
1982.422206474899,230904,501,3,"3"
1995.1595886256757,230903,502,1,"1"
2017.8188061748144,230896,509,7,"2-2-2-1"
2022.0512005809796,230895,510,1,"1"
2044.4513461775953,230894,511,1,"1"
2057.2481431873543,230885,520,1,"1"
2063.4249514912808,230883,522,2,"2"
2064.417125968474,230865,540,1,"1"
2074.6049054621103,230864,541,1,"1"
2109.3937516866854,230846,559,1,"1"
2109.7490172617904,230836,569,1,"1"
2152.5326828208458,230834,571,2,"2"
2182.2176516393652,230816,589,1,"1"
2184.8323856264683,230815,590,1,"1"
2184.9935204565086,230809,596,2,"2"
2207.3735473470983,230798,607,1,"1"
2239.3233719331347,230797,608,1,"1"
2249.2270678783634,230793,612,4,"4"
2261.3165308033822,230775,630,1,"1"
2281.2999765427562,230772,633,1,"1"
2283.1198859371393,230771,634,1,"1"
2285.7321034413162,230770,635,1,"1"
2293.1070286984718,230767,638,3,"2-1"
2293.5266203671308,230749,656,1,"1"
2323.2451079104712,230731,674,1,"1"
2340.0720454853176,230713,692,1,"1"
2345.1453751747335,230704,701,3,"2-1"
2355.9499564803214,230686,719,1,"1"
2360.1455293069967,230680,725,2,"2"
2394.3784498513064,230677,728,1,"1"
2403.2772565000346,230667,738,1,"1"
2424.3633349341058,230664,741,1,"1"
2425.6445059325874,230646,759,1,"1"
2426.9160578250276,230643,762,1,"1"
2432.9681374694801,230642,763,1,"1"
2443.0896160948309,230632,773,1,"1"
2456.7651681051711,230629,776,1,"1"
2461.717476735294,230628,777,1,"1"
2504.3282360101884,230612,793,1,"1"
2506.4150975720281,230609,796,1,"1"
2530.8127359238142,230608,797,1,"1"
2536.9435950264756,230607,798,1,"1"
2538.0019407743166,230604,801,1,"1"
2542.32408171517,230586,819,1,"1"
2570.4312736513475,230568,837,1,"1"
2626.4591161930707,230558,847,1,"1"
2658.3154410010507,230540,865,1,"1"
2669.3198224129883,230539,866,1,"1"
2677.4537346533434,230526,879,1,"1"
2699.941976631032,230520,885,2,"1-1"
2727.7007257983514,230505,900,3,"2-1"
2734.5221899929625,230487,918,1,"1"
2754.0367942722701,230484,921,1,"1"
2773.9123727473639,230475,930,3,"3"
2797.2891337069982,230474,931,1,"1"
2812.2521610224544,230471,934,1,"1"
2824.956508853837,230469,936,2,"1-1"
2827.5482195013028,230464,941,1,"1"
2829.2470410416472,230459,946,1,"1"
2831.5826064253429,230446,959,3,"3"
2858.4464966226583,230428,977,1,"1"
2869.7331699126571,230410,995,1,"1"
2922.8638479299889,230397,1008,7,"3-1-1-1-1"
2953.3270440780707,230394,1011,1,"1"
2995.8837543754635,230381,1024,1,"1"
3010.6661061653904,230378,1027,1,"1"
3027.6170013077394,230360,1045,1,"1"
3037.0523536269911,230342,1063,1,"1"
3052.1502092076012,230337,1068,1,"1"
3059.2874052420402,230327,1078,1,"1"
3111.7300869577498,230315,1090,2,"1-1"
3117.3977526923909,230297,1108,1,"1"
3121.7831285775505,230285,1120,1,"1"
3133.6707255776873,230267,1138,1,"1"
3148.7568225472473,230249,1156,1,"1"
3164.1846649383797,230246,1159,1,"1"
3179.2726307132739,230228,1177,1,"1"
3185.7845339817541,230227,1178,1,"1"
3197.4113395800105,230217,1188,1,"1"
3238.0369384970172,230203,1202,1,"1"
3258.9036984547902,230194,1211,1,"1"
3266.2524039571158,230176,1229,1,"1"
3294.6901768480452,230171,1234,1,"1"
3308.6365279644615,230153,1252,1,"1"
3314.8493271885727,230135,1270,1,"1"
3336.6568723556798,230123,1282,1,"1"
3353.4355078639037,230118,1287,1,"1"
3409.2142720757192,230108,1297,1,"1"
3417.4342332632978,230094,1311,2,"2"
3450.9815256340116,230076,1329,1,"1"
3457.1397178347356,230064,1341,2,"1-1"
3457.6103138585045,230059,1346,1,"1"
3484.2608414661286,230041,1364,1,"1"
3507.1743669867519,230036,1369,1,"1"
3512.8102613208334,230027,1378,1,"1"
3519.9025512361254,230003,1402,2,"2"
3524.0297560396352,229985,1420,1,"1"
3574.0625461081977,229978,1427,1,"1"
3596.1557344345265,229960,1445,1,"1"
3609.0396203903265,229947,1458,3,"3"
3627.3746749341353,229942,1463,1,"1"
3627.537368978351,229937,1468,1,"1"
3633.6414302270982,229923,1482,2,"2"
3636.3226500760038,229920,1485,1,"1"
3662.202959005077,229902,1503,1,"1"
3674.6055188606283,229892,1513,1,"1"
3699.3655047276802,229887,1518,1,"1"
3700.4382129591954,229877,1528,1,"1"
3706.7196433417871,229868,1537,1,"1"
3725.4359425072321,229850,1555,1,"1"
3730.597722818271,229849,1556,1,"1"
3731.1650587855011,229846,1559,1,"1"
3783.6703799739821,229828,1577,1,"1"
3792.4547592621179,229810,1595,1,"1"
3797.8519596853371,229791,1614,3,"2-1"
3814.6393174209934,229773,1632,1,"1"
3818.392202808343,229755,1650,1,"1"
3820.0116470467178,229737,1668,1,"1"
3828.4682137137661,229727,1678,1,"1"
3833.1042289955913,229709,1696,1,"1"
3851.074437514535,229702,1703,1,"1"
3858.0368156467821,229684,1721,1,"1"
3863.3910424007959,229666,1739,1,"1"
3888.5168512260052,229656,1749,1,"1"
3895.7766541223914,229651,1754,1,"1"
3899.6132306163427,229633,1772,1,"1"
3938.9863144755536,229630,1775,1,"1"
3948.3520217507557,229612,1793,1,"1"
3948.9242973036626,229607,1798,1,"1"
3967.0199230862722,229589,1816,1,"1"
3968.355690590573,229571,1834,1,"1"
3986.854555343406,229553,1852,1,"1"
3992.9510957319799,229539,1866,2,"2"
4022.9407884487955,229521,1884,1,"1"
4041.9603221239358,229503,1902,1,"1"
4064.4062624976273,229498,1907,1,"1"
4066.0685798501258,229480,1925,1,"1"
4081.6572259417076,229463,1942,1,"1"
4087.1578009049645,229460,1945,1,"1"
4124.6962305056222,229442,1963,1,"1"
4125.2024743124348,229439,1966,1,"1"
4143.0168661180314,229421,1984,1,"1"
4156.5249101885947,229403,2002,1,"1"
4159.1307024108974,229393,2012,2,"1-1"
4173.0567993637796,229382,2023,1,"1"
4194.1650105586177,229377,2028,1,"1"
4203.0841897475657,229370,2035,1,"1"
4217.2414913548837,229365,2040,1,"1"
4230.8044087438711,229350,2055,3,"3"
4236.2725975768208,229332,2073,2,"2"
4243.3949145195629,229322,2083,1,"1"
4248.7218571160101,229288,2117,2,"1-1"
4252.1869073715698,229270,2135,1,"1"
4254.4949219455648,229265,2140,1,"1"
4278.7140681128294,229247,2158,1,"1"
4288.4471302849606,229229,2176,1,"1"
4297.9250515104031,229220,2185,1,"1"
4356.8382572036617,229210,2195,2,"2"
4362.9329484552618,229192,2213,1,"1"
4400.462340991875,229174,2231,1,"1"
4414.6019472268608,229156,2249,1,"1"
4437.0967309685566,229151,2254,1,"1"
4438.2987924513654,229146,2259,1,"1"
4440.8802100509711,229128,2277,1,"1"
4458.5361851114676,229110,2295,1,"1"
4480.8918773117775,229092,2313,1,"1"
4483.9934236799754,229074,2331,1,"1"
4494.9369478999524,229056,2349,1,"1"
4505.4918057932646,229051,2354,1,"1"
4510.2508183997279,229041,2364,1,"1"
4519.7322994894212,229038,2367,1,"1"
4547.6802092208436,229031,2374,1,"1"
4554.0399669016979,229013,2392,1,"1"
4556.8502963667033,229003,2402,2,"2"
4565.2935933926738,228985,2420,1,"1"
4597.759344493089,228982,2423,1,"1"
4603.0610464218553,228964,2441,1,"1"
4633.2592828026191,228961,2444,1,"1"
4649.8450397033785,228943,2462,1,"1"
4655.6018041436764,228925,2480,1,"1"
4690.8956621034158,228916,2489,1,"1"
4704.1920529888775,228913,2492,1,"1"
4732.7231187620255,228899,2506,1,"1"
4753.0955103734359,228887,2518,1,"1"
4765.7247247545474,228882,2523,1,"1"
4779.0961645954121,228864,2541,1,"1"
4830.492508139977,228846,2559,1,"1"
4844.7343793861055,228836,2569,2,"2"
4879.1382602011472,228809,2596,3,"3"
4881.1702846550779,228791,2614,1,"1"
4884.9976627845454,228773,2632,1,"1"
4889.2735915240582,228755,2650,1,"1"
4889.6857055832652,228752,2653,1,"1"
4905.6950220594799,228736,2669,1,"1"
4971.0712287581309,228718,2687,1,"1"
4995.4245459152007,228713,2692,1,"1"
5045.9894901629577,228708,2697,1,"1"
5086.7780637143633,228688,2717,2,"2"
5108.9293820737921,228685,2720,1,"1"
5111.1831311165624,228670,2735,3,"3"
5116.1594624664267,228667,2738,1,"1"
5118.7637167482662,228664,2741,1,"1"
5165.6983343623215,228646,2759,1,"1"
5172.5381852793807,228641,2764,1,"1"
5174.2845923738196,228634,2771,1,"1"
5177.8740132615103,228616,2789,1,"1"
5186.7911529411758,228613,2792,1,"1"
5194.5063570880229,228595,2810,1,"1"
5208.7163704618688,228577,2828,1,"1"
5226.9905417091613,228549,2856,4,"2-1-1"
5229.9932258834287,228540,2865,3,"2-1"
5241.1421854247283,228507,2898,7,"6-1"
5255.4420506320694,228489,2916,1,"1"
5255.675619939494,228471,2934,1,"1"
5284.58440110632,228468,2937,1,"1"
5311.3468456557403,228450,2955,1,"1"
5314.8214785953269,228432,2973,1,"1"
5343.9008404630185,228429,2976,1,"1"
5359.6296476209127,228411,2994,1,"1"
5376.2734627539203,228393,3012,1,"1"
5383.4671670424077,228379,3026,1,"1"
5405.5417447197406,228369,3036,1,"1"
5407.6415066762202,228359,3046,1,"1"
5418.5547261233232,228354,3051,1,"1"
5460.6057219256609,228169,3236,25,"17-4-2-1-1"
5462.3040052028628,228156,3249,1,"1"
5485.036524143592,228149,3256,1,"1"
5492.4802696167071,228131,3274,1,"1"
5513.1550611334042,228109,3296,2,"2"
5534.9490669524539,228091,3314,1,"1"
5545.9405187189777,228073,3332,1,"1"
5549.6803228963881,228068,3337,1,"1"
5553.9518661723068,228050,3355,1,"1"
5555.5849462854885,228032,3373,1,"1"
5569.9065797302765,228029,3376,1,"1"
5575.8569659033074,228011,3394,1,"1"
5584.4143350718314,228004,3401,1,"1"
5590.0019165799076,227986,3419,1,"1"
5612.9799516650928,227968,3437,1,"1"
5648.6442597437144,227923,3482,9,"6-2-1"
5677.2642838458432,227905,3500,1,"1"
5688.5531980744117,227887,3518,1,"1"
5690.7906524576201,227874,3531,3,"2-1"
5691.455601697804,227856,3549,1,"1"
5706.4298821562852,227838,3567,1,"1"
5720.7171915943791,227833,3572,1,"1"
5727.4928727990218,227815,3590,1,"1"
5740.2373415118909,227797,3608,1,"1"
5742.2693526753783,227775,3630,2,"1-1"
5745.9140904988253,227757,3648,1,"1"
5760.4408824168995,227747,3658,1,"1"
5768.2928049774755,227734,3671,3,"2-1"
5772.4493933991525,227716,3689,1,"1"
5802.5732062253264,227709,3696,1,"1"
5805.7958282278469,227691,3714,1,"1"
5831.1700660147662,227681,3724,1,"1"
5839.2422710412284,227674,3731,1,"1"
5866.8529283868138,227656,3749,1,"1"
5873.8535337377307,227651,3754,1,"1"
5884.9711233776379,227641,3764,2,"2"
5898.774582703847,227623,3782,1,"1"
5906.1091380338285,227605,3800,1,"1"
5914.763941112481,227587,3818,1,"1"
5920.9169064494945,227580,3825,1,"1"
5927.6896613624249,227562,3843,1,"1"
5956.6053967560656,227557,3848,1,"1"
5985.2325501496007,227539,3866,1,"1"
6010.5071347305275,227521,3884,1,"1"
6040.7702669600312,227486,3919,7,"6-1"
6042.7097217157298,227477,3928,1,"1"
6090.6726925986995,227459,3946,1,"1"
6110.0046444494137,227441,3964,1,"1"
6112.065452377291,227423,3982,1,"1"
6128.5771620046326,227410,3995,1,"1"
6128.6961326284154,227404,4001,2,"2"
6158.8029194656465,227380,4025,2,"2"
6168.0168150459667,227362,4043,1,"1"
6175.8904215215716,227344,4061,1,"1"
6185.4537109400435,227324,4081,2,"1-1"
6187.2616654646718,227305,4100,3,"3"
6201.9408347766321,227287,4118,1,"1"
6217.4615818955035,227269,4136,1,"1"
6220.0135925660979,227251,4154,1,"1"
6224.0084734885986,227233,4172,1,"1"
6238.9657086484822,227219,4186,1,"1"
6268.5394604455732,227209,4196,2,"1-1"
6271.3590788553465,227191,4214,1,"1"
6272.0948364932883,227174,4231,1,"1"
6286.776485782334,227155,4250,3,"1-1-1"
6290.8731557579695,227138,4267,1,"1"
6297.8358642195717,227120,4285,1,"1"
6314.9795257136457,227102,4303,1,"1"
6335.2047533113146,227099,4306,1,"1"
6353.3038996704045,227065,4340,6,"4-1-1"
6373.63465953578,227047,4358,1,"1"
6409.105515014272,227038,4367,1,"1"
6410.8983312509235,227033,4372,1,"1"
6413.1689619690906,227015,4390,1,"1"
6414.5387281237836,226997,4408,1,"1"
6418.4342604474859,226979,4426,1,"1"
6425.1578823804748,226961,4444,1,"1"
6445.965884961126,226943,4462,1,"1"
6448.9553857789942,226925,4480,1,"1"
6458.7514591941908,226915,4490,1,"1"
6464.6933572853277,226912,4493,1,"1"
6472.8030447255123,226888,4517,4,"2-1-1"
6474.6987640452899,226878,4527,1,"1"
6475.4361089078629,226868,4537,1,"1"
6477.001633685556,226861,4544,1,"1"
6491.2046519917785,226849,4556,1,"1"
6508.0165561736349,226831,4574,1,"1"
6529.290762425906,226813,4592,1,"1"
6533.3624154537756,226776,4629,7,"5-1-1"
6536.8193491638531,226767,4638,1,"1"
6538.6830870835065,226731,4674,2,"1-1"
6550.7117548578599,226687,4718,8,"8"
6554.7497089615817,226680,4725,1,"1"
6581.9737147687638,226662,4743,1,"1"
6584.3682292253434,226644,4761,1,"1"
6586.8296945855363,226626,4779,1,"1"
6592.9793036444407,226598,4807,4,"3-1"
6613.541946206974,226580,4825,1,"1"
6632.8445311062251,226562,4843,1,"1"
6638.0682323010878,226552,4853,1,"1"
6649.0579617386275,226534,4871,1,"1"
6653.8527299126172,226516,4889,1,"1"
6653.939931293834,226498,4907,1,"1"
6671.2888927020731,226480,4925,1,"1"
6679.4513037587831,226443,4962,5,"3-2"
6680.6431959590709,226438,4967,1,"1"
6702.4567344375982,226428,4977,1,"1"
6702.7009827413904,226410,4995,1,"1"
6708.5651446112715,226392,5013,1,"1"
6708.873533045884,226374,5031,1,"1"
6742.7502016488197,226356,5049,1,"1"
6744.0524890526385,226353,5052,1,"1"
6744.1053470673687,226339,5066,2,"1-1"
6745.7950472602379,226281,5124,8,"5-1-1-1"
6748.3113924900845,226263,5142,1,"1"
6764.1811048142627,226245,5160,1,"1"
6772.8806879143885,226218,5187,2,"2"
6778.0892524844858,226200,5205,1,"1"
6781.5378362558386,226182,5223,1,"1"
6784.0313184929455,226172,5233,1,"1"
6788.8597339387388,226154,5251,1,"1"
6801.3432695572719,226146,5259,2,"1-1"
6831.5788303899662,226128,5277,1,"1"
6898.4886575824794,226121,5284,1,"1"
6905.345618638451,226103,5302,1,"1"
6906.5638741146913,226085,5320,1,"1"
6912.6285309538753,226071,5334,1,"1"
6923.1579866658913,226053,5352,1,"1"
6925.8706015563539,226035,5370,1,"1"
6937.0929837477333,226017,5388,1,"1"
6940.5084878563684,226005,5400,1,"1"
6955.6884773086022,225989,5416,2,"1-1"
6962.2665155571212,225979,5426,1,"1"
6969.652475800297,225961,5444,1,"1"
6975.8740918820022,225954,5451,1,"1"
6980.9643168568036,225907,5498,3,"2-1"
6991.3837652050961,225889,5516,1,"1"
7029.4420850067545,225871,5534,1,"1"
7060.048848446494,225854,5551,1,"1"
7062.0500421719744,225838,5567,2,"2"
7077.7133250299576,225820,5585,1,"1"
7083.9318896677132,225788,5617,4,"3-1"
7088.216544928684,225774,5631,2,"2"
7108.7316907378708,225769,5636,1,"1"
7129.7094467140359,225731,5674,3,"2-1"
7136.0381355491991,225713,5692,1,"1"
7142.5443575217332,225695,5710,1,"1"
7149.2954812542557,225659,5746,2,"1-1"
7156.9174316211011,225641,5764,1,"1"
7167.2800101903449,225623,5782,1,"1"
7173.5879348490744,225599,5806,2,"2"
7188.9664073616423,225587,5818,1,"1"
7192.2626853393285,225577,5828,1,"1"
7216.6271759798838,225572,5833,1,"1"
7230.3424620572041,225565,5840,1,"1"
7234.0096676285348,225560,5845,1,"1"
7235.3298643807593,225499,5906,7,"3-2-1-1"
7245.8563224842273,225481,5924,1,"1"
7249.0877328496199,225463,5942,1,"1"
7255.2848569631333,225445,5960,1,"1"
7264.564257458188,225425,5980,2,"2"
7269.3673228837197,225420,5985,1,"1"
7289.4081643495483,225413,5992,1,"1"
7291.7785737153763,225359,6046,3,"2-1"
7292.6147751090748,225341,6064,1,"1"
7310.6284095800956,225336,6069,1,"1"
7310.7682518087859,225329,6076,1,"1"
7315.4967226238577,225324,6081,1,"1"
7317.6066862079952,225282,6123,6,"5-1"
7321.4726833483537,225264,6141,1,"1"
7351.7803737612685,225246,6159,1,"1"
7356.5155548287985,225210,6195,2,"2"
7365.0796682835871,225192,6213,1,"1"
7400.8928995588103,225174,6231,1,"1"
7409.3251149034904,225156,6249,1,"1"
7436.3437243502576,225120,6285,2,"1-1"
7444.6413420868375,225102,6303,1,"1"
7462.2584844005924,225092,6313,1,"1"
7466.6544026129723,225074,6331,1,"1"
7481.0651645675161,225056,6349,1,"1"
7486.0725860527655,225043,6362,1,"1"
7501.0890023232905,225025,6380,1,"1"
7503.3951192298864,225020,6385,1,"1"
7514.7513168341557,225002,6403,2,"1-1"
7518.5941316510543,224984,6421,1,"1"
7529.8889248901678,224941,6464,4,"4"
7532.8712649350055,224901,6504,3,"2-1"
7539.0201284050845,224865,6540,2,"2"
7546.8819525256158,224860,6545,1,"1"
7553.3376080857233,224842,6563,1,"1"
7559.9617707405014,224815,6590,3,"2-1"
7563.3222107391621,224797,6608,1,"1"
7563.982781693162,224783,6622,1,"1"
7587.8647144439583,224765,6640,1,"1"
7590.8168745916682,224747,6658,1,"1"
7597.49218858324,224737,6668,1,"1"
7602.6653495409628,224719,6686,1,"1"
7603.9491130626939,224712,6693,1,"1"
7629.6268807447077,224694,6711,1,"1"
7650.9336785299829,224676,6729,1,"1"
7682.2110835890589,224658,6747,1,"1"
7684.216172975377,224640,6765,1,"1"
7698.8156212560189,224622,6783,1,"1"
7699.3319344674801,224604,6801,1,"1"
7717.9087122533247,224599,6806,1,"1"
7726.0875620342749,224581,6824,1,"1"
7734.2480288025927,224576,6829,1,"1"
7748.3144217400213,224558,6847,1,"1"
7769.0998655382346,224549,6856,1,"1"
7769.5644011120585,224521,6884,2,"2"
7771.9270870085456,224516,6889,1,"1"
7782.9843916783784,224498,6907,1,"1"
7793.6954093239092,224480,6925,1,"1"
7794.5530711699603,224444,6961,2,"1-1"
7802.4724855389513,224434,6971,1,"1"
7837.3201488239356,224416,6989,1,"1"
7848.2625415747543,224398,7007,1,"1"
7895.1436595842406,224326,7079,9,"3-2-1-1-1-1"
7902.469060077613,224308,7097,1,"1"
7911.9200546511402,224290,7115,1,"1"
7914.0547593384599,224248,7157,6,"6"
7918.9007801497009,224223,7182,3,"3"
7931.1081084432835,224131,7274,8,"6-2"
7941.7459855713914,224095,7310,2,"2"
7967.0317658193107,224082,7323,1,"1"
7976.3737014054859,224064,7341,1,"1"
7978.080261353678,224034,7371,2,"2"
7980.0141981258375,224016,7389,1,"1"
7980.3518457801747,223998,7407,1,"1"
7984.4567296159066,223984,7421,1,"1"
7993.3652949117359,223964,7441,2,"2"
8009.9294182024005,223950,7455,1,"1"
8038.7062480853911,223896,7509,6,"4-1-1"
8051.9746828082552,223878,7527,1,"1"
8064.2418620618491,223810,7595,7,"2-2-1-1-1"
8077.0043867627255,223792,7613,1,"1"
8080.0796399141236,223735,7670,7,"1-1-1-1-1-1-1"
8087.6544334015853,223717,7688,1,"1"
8103.9895896356611,223677,7728,4,"2-1-1"
8104.6838067991248,223659,7746,1,"1"
8120.7206717955369,223646,7759,1,"1"
8121.1973521643249,223619,7786,3,"2-1"
8121.8863772671766,223555,7850,8,"2-2-2-1-1"
8122.7184555295344,223537,7868,2,"2"
8124.9920075925183,223519,7886,1,"1"
8129.5335117663253,223501,7904,1,"1"
8189.3812931614493,223469,7936,2,"1-1"
8190.2201389366119,223451,7954,1,"1"
8200.8169976333684,223433,7972,1,"1"
8217.1422840867708,223415,7990,1,"1"
8225.823782224772,223405,8000,1,"1"
8234.8466237346893,223356,8049,7,"3-2-1-1"
8238.8233749759547,223325,8080,2,"2"
8243.042293374232,223257,8148,5,"3-2"
8247.506883435155,223239,8166,1,"1"
8254.6422936841445,223221,8184,1,"1"
8257.8032767443747,223211,8194,1,"1"
8261.3483437399973,223181,8224,2,"2"
8267.9223479649045,223163,8242,1,"1"
8273.6777850098515,223154,8251,1,"1"
8275.0650115731059,223136,8269,1,"1"
8283.7665213076398,223096,8309,4,"3-1"
8295.6881369089715,223070,8335,2,"2"
8296.9135903700717,223034,8371,2,"1-1"
8303.3593073858628,223016,8389,1,"1"
8330.173682556604,223006,8399,1,"1"
8335.845974425898,222999,8406,1,"1"
8350.3040864252343,222981,8424,1,"1"
8369.8660301875752,222976,8429,1,"1"
8387.8289829899059,222963,8442,1,"1"
8393.9702708611148,222945,8460,1,"1"
8398.0705659390096,222935,8470,1,"1"
8404.4915105224209,222917,8488,1,"1"
8409.5799151457759,222875,8530,3,"3"
8431.0460941670099,222858,8547,1,"1"
8452.688789578091,222822,8583,2,"1-1"
8453.7291080573978,222786,8619,2,"2"
8459.0595293450369,222768,8637,2,"1-1"
8469.2328595873587,222750,8655,1,"1"
8488.1615923191603,222736,8669,2,"1-1"
8496.4796304937336,222688,8717,6,"4-2"
8511.8987627717452,222677,8728,1,"1"
8529.8290667655328,222659,8746,1,"1"
8537.735067738693,222650,8755,1,"1"
8550.6330101336607,222632,8773,2,"2"
8594.6195134245663,222614,8791,1,"1"
8609.9385396551424,222605,8800,1,"1"
8626.1850943617646,222600,8805,1,"1"
8634.0281430245923,222528,8877,4,"3-1"
8640.151226550508,222510,8895,1,"1"
8652.5898786227954,222492,8913,1,"1"
8666.9560519574807,222476,8929,1,"1"
8673.6550500975263,222401,9004,9,"3-2-2-1-1"
8712.7074582788791,222365,9040,2,"2"
8716.3266514547122,222347,9058,1,"1"
8717.1253609709784,222329,9076,1,"1"
8719.0830681973675,222314,9091,1,"1"
8727.5524032533121,222296,9109,1,"1"
8730.6913703088776,222236,9169,10,"8-2"
8732.0468025842365,222218,9187,1,"1"
8740.3341590906293,222200,9205,1,"1"
8745.9760072586596,222180,9225,2,"2"
8752.3060480803415,222144,9261,4,"2-1-1"
8765.5722519817027,222129,9276,1,"1"
8769.8603114670059,221992,9413,12,"5-4-2-1"
8774.7569371187747,221974,9431,1,"1"
8780.0348753449071,221956,9449,1,"1"
8789.539907932498,221927,9478,3,"2-1"
8798.4670528454972,221819,9586,6,"2-2-2"
8802.980914246762,221810,9595,1,"1"
8808.9378683797113,221803,9602,1,"1"
8819.5086394084992,221785,9620,1,"1"
8848.3283439887618,221767,9638,1,"1"
8849.9712468443649,221749,9656,1,"1"
8852.5518630797396,221737,9668,1,"1"
8856.6304429301963,221719,9686,1,"1"
8857.1869682907582,221701,9704,1,"1"
8862.6372738455011,221665,9740,2,"1-1"
8862.7406848721839,221622,9783,5,"5"
8882.6145994825274,221579,9826,3,"3"
8887.5425001403892,221561,9844,1,"1"
8887.9098600020825,221489,9916,4,"2-2"
8892.1978718589671,221471,9934,1,"1"
8895.5295040726651,221347,10058,13,"5-2-2-1-1-1-1"
8896.7960832538411,221340,10065,1,"1"
8901.7551482320214,221322,10083,1,"1"
8924.5416582479957,221304,10101,1,"1"
8926.9400665850681,221275,10130,3,"2-1"
8932.6985625367561,221262,10143,1,"1"
8948.9631046580034,221226,10179,2,"2"
8955.2185069604038,221208,10197,1,"1"
8957.5122779852809,221190,10215,1,"1"
8963.2982671152567,221180,10225,1,"1"
8974.327452069736,221162,10243,1,"1"
8990.9480605777353,221099,10306,7,"3-2-1-1"
9017.1145968989149,221081,10324,1,"1"
9035.1468018873384,221063,10342,1,"1"
9036.4039584079674,221045,10360,1,"1"
9038.613821074372,221027,10378,1,"1"
9046.8155892789237,221009,10396,1,"1"
9052.1275420226793,220991,10414,1,"1"
9061.7763825368202,220955,10450,2,"1-1"
9066.7843872324174,220925,10480,2,"1-1"
9067.7615349169882,220899,10506,2,"2"
9072.4367819898362,220881,10524,1,"1"
9095.3340791916835,220863,10542,1,"1"
9104.9285318392958,220806,10599,5,"3-1-1"
9105.4698569318334,220789,10616,1,"1"
9110.9543447323376,220771,10634,1,"1"
9144.6259786042156,220753,10652,1,"1"
9145.6888644796072,220735,10670,1,"1"
9152.1540787442518,220724,10681,1,"1"
9184.7094311103083,220715,10690,1,"1"
9185.4190932516321,220701,10704,1,"1"
9199.9972883025494,220665,10740,2,"2"
9200.8999353559848,220658,10747,1,"1"
9203.3984888894611,220640,10765,1,"1"
9230.443441115749,220628,10777,1,"1"
9249.0751189228449,220619,10786,1,"1"
9258.0248162999378,220583,10822,2,"2"
9260.9066114661418,220433,10972,11,"3-2-2-2-1-1"
9261.0346465638831,220426,10979,1,"1"
9262.7461385114093,220414,10991,1,"1"
9280.2969338352759,220386,11019,2,"1-1"
9280.3333897939283,220368,11037,1,"1"
9294.4047804934798,220350,11055,1,"1"
9294.6770136232226,220332,11073,1,"1"
9296.0318209956931,220314,11091,1,"1"
9314.3174523600064,220296,11109,1,"1"
9317.5290442893529,220274,11131,2,"2"
9331.608931547622,220227,11178,5,"4-1"
9351.5683616159549,220209,11196,1,"1"
9358.1100149625654,220173,11232,2,"2"
9361.5391856035731,220157,11248,2,"2"
9362.6612557156823,220139,11266,1,"1"
9365.9107703636491,220121,11284,1,"1"
9384.1360075280281,220103,11302,1,"1"
9388.0139762426534,220093,11312,1,"1"
9397.7107775084751,220075,11330,1,"1"
9404.8214620412909,220061,11344,1,"1"
9407.1245810072523,220043,11362,1,"1"
9408.1471405758202,220036,11369,1,"1"
9415.6800517500869,219727,11678,29,"4-4-3-3-3-2-2-2-1-1-1-1-1-1"
9418.3703743987207,219709,11696,1,"1"
9418.7079687058394,219691,11714,1,"1"
9421.2778878074805,219682,11723,1,"1"
9426.1094210308165,219664,11741,1,"1"
9440.1248960402409,219647,11758,1,"1"
9441.6434904976413,219611,11794,2,"2"
9443.6138809720123,219593,11812,1,"1"
9454.9701561181992,219573,11832,2,"2"
9462.538256011012,219537,11868,2,"2"
9471.7710259781798,219499,11906,3,"2-1"
9511.6549044373223,219117,12288,28,"3-3-2-2-2-2-2-1-1-1-1-1-1-1-1-1-1-1-1"
9517.1542516604168,219107,12298,1,"1"
9519.3512772232807,219089,12316,1,"1"
9527.6871049388064,219071,12334,1,"1"
9548.2102899302208,219045,12360,2,"2"
9552.8611047895738,219027,12378,1,"1"
9568.0094425575953,219009,12396,1,"1"
9571.8358428135598,218982,12423,3,"3"
9576.2292667436432,218964,12441,1,"1"
9576.8317375591705,218910,12495,3,"1-1-1"
9588.5033381323483,218892,12513,1,"1"
9595.4706303289386,218874,12531,1,"1"
9624.345455327566,218856,12549,1,"1"
9648.0257268164896,218843,12562,1,"1"
9648.6810616719849,218801,12604,3,"1-1-1"
9678.8414138235876,218783,12622,1,"1"
9679.814399148032,218771,12634,1,"1"
9681.3276568682377,218753,12652,1,"1"
9691.4570631736897,218645,12760,8,"4-4"
9695.6808553096253,218632,12773,1,"1"
9701.1812716575914,218174,13231,42,"7-5-5-4-3-2-2-2-2-2-2-2-2-1-1"
9702.1369556031386,218156,13249,1,"1"
9709.4219056647253,218146,13259,1,"1"
9718.0491189512795,218020,13385,11,"4-2-1-1-1-1-1"
9727.8276901019599,218002,13403,1,"1"
9729.0299593249383,217972,13433,3,"2-1"
9731.536413498523,217954,13451,1,"1"
9737.3119359472366,217936,13469,1,"1"
9744.4753427393116,217882,13523,3,"3"
9746.8470780472016,217846,13559,2,"2"
9752.514515330271,217828,13577,1,"1"
9752.8586327790945,217792,13613,2,"1-1"
9759.7378543569357,217782,13623,1,"1"
9770.7434869974113,217773,13632,1,"1"
9771.579505187814,217755,13650,1,"1"
9781.1366694001281,217737,13668,1,"1"
9791.1494563547476,217719,13686,1,"1"
9798.1377719096927,217701,13704,1,"1"
9803.5283798751352,217683,13722,1,"1"
9811.8482372959825,217665,13740,1,"1"
9816.2269512358198,217647,13758,1,"1"
9816.6117553332697,217633,13772,1,"1"
9825.4177690897941,217615,13790,1,"1"
9826.291582471229,217600,13805,1,"1"
9829.5791036309402,217584,13821,1,"1"
9830.1561879674919,217566,13839,1,"1"
9831.0192531603388,217556,13849,1,"1"
9835.1375268777538,217538,13867,1,"1"
9837.4575465002872,217520,13885,1,"1"
9837.7190263204811,217502,13903,1,"1"
9842.6832927337891,217484,13921,1,"1"
9846.2025379135284,217466,13939,1,"1"
9863.8593902598623,217438,13967,2,"2"
9880.5687009240555,217420,13985,1,"1"
9884.1833219392993,217352,14053,6,"3-1-1-1"
9892.7055573016441,217299,14106,3,"3"
9895.1438455856114,217281,14124,1,"1"
9898.136598552368,217055,14350,22,"5-4-3-2-2-1-1-1-1-1-1"
9900.8534230314108,217037,14368,1,"1"
9909.4373376972762,217019,14386,1,"1"
9911.0560021503734,216983,14422,2,"1-1"
9913.7956375760386,216853,14552,11,"4-2-1-1-1-1-1"
9928.4214069068457,216835,14570,1,"1"
9932.4130619134867,216767,14638,5,"2-1-1-1"
9932.8016025007928,216752,14653,1,"1"
9935.1177658968518,216734,14671,1,"1"
9948.9299264592464,216708,14697,2,"2"
9958.2827020648947,216690,14715,1,"1"
9968.3493679452549,216680,14725,1,"1"
9973.9113599417651,216662,14743,1,"1"
9978.0204413251431,216644,14761,1,"1"
9980.8967338901475,216626,14779,1,"1"
9989.0070749686565,216560,14845,5,"4-1"
9990.575925482739,216542,14863,1,"1"
9991.5031108795956,216505,14900,3,"2-1"
10013.86881066772,216487,14918,1,"1"
10024.887908806391,216469,14936,1,"1"
10038.169932623432,216455,14950,1,"1"
10039.052261194227,216437,14968,1,"1"
10053.823248315281,216419,14986,1,"1"
10061.965959398243,216401,15004,1,"1"
10066.176980703538,216388,15017,1,"1"
10068.701617996703,216370,15035,1,"1"
10085.426997112325,216352,15053,1,"1"
10095.808113348072,216316,15089,2,"2"
10131.902435547929,216298,15107,1,"1"
10140.952931198677,216280,15125,1,"1"
10149.909428471761,216180,15225,8,"5-2-1"
10172.806110853495,216038,15367,12,"3-3-2-2-1-1"
10176.562476468613,216020,15385,1,"1"
10177.808474940372,216003,15402,1,"1"
10178.207635867673,215985,15420,1,"1"
10188.110023971627,215949,15456,2,"1-1"
10197.838229528379,0,231405,12162,"12162"
----------------------------------------------2
0,231405,0,0,"0"
149.39823383604866,231404,1,1,"1"
334.66610173543819,231386,19,1,"1"
375.42248961563752,231385,20,1,"1"
387.22975489661223,231384,21,1,"1"
399.70695869690201,231383,22,1,"1"
403.13240959693888,231365,40,1,"1"
426.76210470887446,231364,41,1,"1"
451.99924994453562,231346,59,1,"1"
498.38818113440533,231345,60,1,"1"
528.91076081473329,231344,61,1,"1"
531.81923045918427,231343,62,1,"1"
594.11714972700872,231342,63,1,"1"
621.05987214370884,231341,64,1,"1"
672.91694200942857,231338,67,1,"1"
691.37870186588202,231320,85,1,"1"
698.54521353139921,231319,86,1,"1"
711.29402903814866,231318,87,1,"1"
750.30313483235602,231317,88,1,"1"
769.6873146007855,231314,91,1,"1"
827.16385335125631,231296,109,1,"1"
865.69181895308691,231295,110,1,"1"
921.92786588772992,231294,111,1,"1"
935.7009523939854,231293,112,1,"1"
935.987325441346,231292,113,1,"1"
971.07650576307708,231274,131,1,"1"
1024.831512487018,231273,132,1,"1"
1037.1615120200504,231272,133,1,"1"
1043.4606020955594,231254,151,1,"1"
1048.7430243867468,231252,153,2,"2"
1050.5457473923891,231251,154,1,"1"
1088.8604425761698,231250,155,1,"1"
1103.9803615112326,231249,156,1,"1"
1114.3529595842208,231247,158,2,"2"
1186.0469014412147,231246,159,1,"1"
1198.0150966573203,231244,161,2,"2"
1212.7526783508076,231234,171,1,"1"
1223.6351955024993,231233,172,1,"1"
1229.2887852119081,231232,173,1,"1"
1240.072924035491,231220,185,1,"1"
1263.4163274377904,231202,203,1,"1"
1267.6043506032688,231201,204,1,"1"
1279.5133186177823,231200,205,1,"1"
1300.7311871695179,231190,215,1,"1"
1301.1969227102536,231185,220,1,"1"
1325.7697417099032,231184,221,1,"1"
1328.3191394834694,231183,222,1,"1"
1342.3927925630403,231182,223,1,"1"
1348.6469058645509,231179,226,1,"1"
1363.0452326728093,231178,227,1,"1"
1380.7805117344221,231177,228,1,"1"
1381.123381209773,231176,229,1,"1"
1387.054299517459,231175,230,1,"1"
1398.801479224795,231174,231,1,"1"
1404.7990676360846,231172,233,2,"2"
1405.5313166173969,231171,234,1,"1"
1421.8270871134716,231169,236,2,"2"
1437.4401283899012,231167,238,2,"2"
1443.5364662686795,231157,248,1,"1"
1445.9255344379469,231155,250,2,"1-1"
1459.5939217156001,231145,260,1,"1"
1485.5835406157041,231127,278,1,"1"
1487.711866870337,231126,279,1,"1"
1520.3622857765465,231108,297,1,"1"
1520.6189320946507,231090,315,1,"1"
1527.3925737864322,231089,316,1,"1"
1600.8118276926377,231071,334,1,"1"
1608.4518017233349,231066,339,1,"1"
1627.4257436962364,231065,340,1,"1"
1631.0082838122732,231064,341,1,"1"
1631.2275751509735,231055,350,1,"1"
1632.5784880292738,231042,363,1,"1"
1642.5713709440283,231024,381,1,"1"
1642.6356577788049,231023,382,1,"1"
1654.6447854460173,231017,388,2,"2"
1667.4206724255107,231016,389,1,"1"
1669.5864651136812,231015,390,1,"1"
1679.4127322886593,231014,391,1,"1"
1689.1934325059124,231009,396,1,"1"
1699.063631980142,230997,408,1,"1"
1729.3910640201836,230996,409,1,"1"
1768.810693659784,230993,412,3,"2-1"
1779.9109826538295,230975,430,1,"1"
1793.861231377721,230974,431,1,"1"
1809.9125718424682,230956,449,1,"1"
1818.8532298711661,230954,451,2,"2"
1838.8757641681668,230953,452,1,"1"
1849.1107977309637,230952,453,1,"1"
1868.9043566170355,230934,471,1,"1"
1870.8248754901417,230932,473,2,"2"
1878.917276251889,230930,475,2,"2"
1879.2522185010566,230925,480,1,"1"
1911.011034818139,230924,481,1,"1"
1931.043665859097,230921,484,3,"3"
1937.3494720988583,230920,485,1,"1"
1946.5812517490892,230917,488,3,"3"
1949.8798489492629,230914,491,3,"3"
1954.8221607557191,230907,498,3,"3"
1977.1810782903583,230904,501,3,"1-1-1"
1977.8929408653466,230903,502,1,"1"
1978.1218077307142,230901,504,2,"2"
1979.9735816686107,230899,506,2,"2"
1992.4419455662271,230898,507,1,"1"
1993.5750554235433,230880,525,1,"1"
2009.1784217958527,230862,543,1,"1"
2014.1341795261189,230861,544,1,"1"
2015.509679449782,230843,562,1,"1"
2022.928934171166,230837,568,4,"2-1-1"
2028.4240722320944,230835,570,2,"2"
2040.8607343397928,230834,571,1,"1"
2081.628672876448,230833,572,1,"1"
2093.8538114734592,230832,573,1,"1"
2097.3985477546353,230830,575,2,"2"
2123.411200780482,230827,578,1,"1"
2137.898585494183,230809,596,1,"1"
2142.7542001352554,230808,597,1,"1"
2143.0419289785364,230806,599,2,"2"
2175.5124280414257,230803,602,1,"1"
2180.312377895345,230800,605,3,"3"
2188.832640408626,230782,623,1,"1"
2204.6670314676749,230772,633,4,"3-1"
2207.8836556178294,230754,651,1,"1"
2270.1999772455515,230752,653,2,"1-1"
2281.5754849463542,230750,655,2,"2"
2298.0059644280263,230749,656,1,"1"
2342.5258531562922,230748,657,1,"1"
2369.8489859964984,230742,663,2,"2"
2378.2184032149071,230741,664,1,"1"
2384.9931941819054,230738,667,1,"1"
2421.7276365369958,230720,685,1,"1"
2437.1315856009082,230717,688,1,"1"
2446.4034022048645,230716,689,1,"1"
2456.5300706486446,230698,707,1,"1"
2488.4428987178626,230697,708,1,"1"
2494.753969815406,230696,709,1,"1"
2502.7004479153784,230692,713,2,"2"
2508.1816317896642,230680,725,1,"1"
2516.9187740448697,230671,734,1,"1"
2522.800587964538,230666,739,1,"1"
2550.9493407475575,230663,742,1,"1"
2567.8270655990209,230649,756,1,"1"
2587.9263740916053,230644,761,3,"2-1"
2591.775756294167,230608,797,2,"2"
2601.9614658589476,230607,798,1,"1"
2610.550096709138,230597,808,1,"1"
2613.5872451972496,230594,811,3,"3"
2621.8287078444268,230593,812,1,"1"
2721.6026585207546,230588,817,1,"1"
2737.6275308572581,230583,822,1,"1"
2745.9312589863389,230582,823,1,"1"
2750.1387041700336,230564,841,1,"1"
2772.4628715234867,230559,846,1,"1"
2772.9437278496612,230556,849,1,"1"
2773.5767918108922,230553,852,1,"1"
2792.9324625657828,230552,853,1,"1"
2810.6123011739282,230551,854,1,"1"
2810.7245210700416,230550,855,1,"1"
2830.7532652381497,230547,858,1,"1"
2831.2561593059286,230544,861,1,"1"
2836.9870988833864,230541,864,1,"1"
2844.8612336378105,230522,883,7,"6-1"
2857.0993279387021,230504,901,1,"1"
2868.7001273167107,230503,902,1,"1"
2872.1292545796032,230493,912,2,"2"
2874.2202243991578,230492,913,1,"1"
2889.6086065805416,230482,923,2,"2"
2895.6158756895984,230481,924,1,"1"
2899.3620882945479,230471,934,2,"2"
2925.4759959043959,230470,935,1,"1"
2951.1185659084972,230469,936,1,"1"
2976.7174639631926,230451,954,1,"1"
2988.269366902809,230433,972,1,"1"
2988.3383235297865,230415,990,1,"1"
3054.4439040294101,230410,995,1,"1"
3105.6952210822865,230392,1013,1,"1"
3138.7941316291608,230382,1023,1,"1"
3158.8230133223115,230364,1041,1,"1"
3159.7067534374683,230346,1059,1,"1"
3183.6904729751254,230339,1066,1,"1"
3212.1506175562195,230336,1069,1,"1"
3217.0461736726234,230320,1085,1,"1"
3219.6635925787937,230319,1086,1,"1"
3256.0313116254611,230301,1104,1,"1"
3318.091255169651,230298,1107,1,"1"
3319.3446544186477,230297,1108,1,"1"
3319.7980687996005,230279,1126,1,"1"
3323.1974604141997,230273,1132,2,"1-1"
3325.9304865769,230268,1137,1,"1"
3348.612419434045,230250,1155,1,"1"
3354.6197618605547,230245,1160,1,"1"
3389.2728371338053,230235,1170,1,"1"
3404.1398223386632,230217,1188,1,"1"
3444.6591662402284,230205,1200,1,"1"
3460.2036780681115,230190,1215,3,"3"
3500.5410553121619,230172,1233,1,"1"
3520.0200655079534,230163,1242,3,"3"
3525.8313965220946,230151,1254,1,"1"
3528.6825034613694,230148,1257,1,"1"
3531.3745862566748,230142,1263,2,"1-1"
3537.1699699719984,230132,1273,2,"2"
3556.6568581872693,230125,1280,1,"1"
3569.713404282596,230115,1290,1,"1"
3584.7791320962051,230097,1308,1,"1"
3588.1190525704569,230079,1326,1,"1"
3604.7584669562552,230074,1331,1,"1"
3614.7902033577498,230071,1334,1,"1"
3619.9145914834253,230041,1364,6,"6"
3626.1053960770105,230033,1372,2,"1-1"
3629.9287140815395,230015,1390,1,"1"
3655.3284083988005,229997,1408,1,"1"
3662.212970353738,229992,1413,1,"1"
3670.3870359278376,229984,1421,2,"1-1"
3673.8212089304702,229966,1439,1,"1"
3716.4993741253979,229958,1447,2,"2"
3747.5741171849118,229948,1457,2,"2"
3758.3896221285409,229930,1475,1,"1"
3760.0805275352782,229917,1488,3,"2-1"
3783.989880444944,229899,1506,1,"1"
3793.6023876623271,229881,1524,1,"1"
3841.8299116777625,229863,1542,1,"1"
3851.4830662446998,229845,1560,1,"1"
3851.4871006848316,229835,1570,1,"1"
3864.2206726070867,229830,1575,1,"1"
3868.8775439175129,229827,1578,1,"1"
3900.2127287915059,229809,1596,1,"1"
3908.7307199543634,229791,1614,1,"1"
3926.6335271851353,229773,1632,1,"1"
3938.1377606706415,229763,1642,2,"2"
3944.1572176424825,229745,1660,1,"1"
3957.9220931175273,229728,1677,1,"1"
3966.4896300614,229710,1695,1,"1"
3968.7533988623136,229694,1711,1,"1"
3996.0049322381965,229691,1714,1,"1"
4004.7091352803782,229673,1732,1,"1"
4012.1699340790442,229668,1737,1,"1"
4012.262363694234,229632,1773,2,"2"
4046.4241732816813,229614,1791,1,"1"
4049.4420924380534,229609,1796,1,"1"
4055.3153119196318,229591,1814,1,"1"
4084.0169149262438,229573,1832,1,"1"
4100.5087687034038,229555,1850,1,"1"
4106.3820323397067,229548,1857,1,"1"
4117.5039469771027,229530,1875,1,"1"
4169.417618129587,229512,1893,1,"1"
4201.1267984036058,229507,1898,1,"1"
4205.2301189179198,229489,1916,1,"1"
4208.6173895067814,229471,1934,1,"1"
4222.9039187358812,229453,1952,1,"1"
4242.2216037911694,229435,1970,1,"1"
4244.8740077865523,229422,1983,3,"3"
4264.5374756990168,229404,2001,1,"1"
4265.0413597606976,229394,2011,1,"1"
4340.9493417255198,229358,2047,2,"1-1"
4345.1848545015673,229340,2065,1,"1"
4355.4491917613705,229337,2068,1,"1"
4390.1398806313055,229319,2086,1,"1"
4391.4932319599848,229309,2096,1,"1"
4396.2294436545772,229292,2113,3,"1-1-1"
4402.9111845737425,229274,2131,1,"1"
4431.9261087452487,229260,2145,1,"1"
4432.8030491778463,229243,2162,1,"1"
4436.8531569402139,229225,2180,1,"1"
4448.0690859388988,229189,2216,2,"2"
4472.1389550931181,229171,2234,1,"1"
4477.0370275687546,229166,2239,1,"1"
4480.2844262616381,229142,2263,2,"2"
4521.140221408481,229132,2273,1,"1"
4532.3216814677598,229114,2291,1,"1"
4532.6908137248383,229111,2294,1,"1"
4542.1681191088192,229093,2312,1,"1"
4550.8600126226866,229075,2330,1,"1"
4556.3193122404682,229057,2348,1,"1"
4580.5724240141326,229039,2366,1,"1"
4593.1894877551158,229029,2376,1,"1"
4611.1697494342725,229026,2379,1,"1"
4615.3165642356234,229016,2389,1,"1"
4641.6010821393538,228998,2407,1,"1"
4644.9761887023506,228980,2425,1,"1"
4656.408920377763,228962,2443,1,"1"
4663.3524206002749,228926,2479,2,"1-1"
4670.0787271520039,228923,2482,1,"1"
4676.9335792036327,228918,2487,1,"1"
4715.0975636567618,228900,2505,1,"1"
4735.3783698948555,228895,2510,1,"1"
4743.394773753962,228883,2522,1,"1"
4752.1180959127041,228865,2540,1,"1"
4752.4768959235544,228856,2549,1,"1"
4771.0158980882206,228844,2561,4,"2-1-1"
4785.9911066496534,228826,2579,1,"1"
4787.6576960706261,228808,2597,1,"1"
4793.3915998177727,228790,2615,1,"1"
4795.9466224728885,228780,2625,2,"2"
4812.7588374176494,228775,2630,1,"1"
4814.7096687719923,228770,2635,1,"1"
4835.0462836664083,228752,2653,1,"1"
4859.3773990422751,228734,2671,1,"1"
4863.0183666434477,228720,2685,2,"2"
4871.3591872901407,228715,2690,1,"1"
4871.3611916395694,228697,2708,1,"1"
4889.950537112647,228683,2722,1,"1"
4889.9962076265747,228678,2727,1,"1"
4891.9390416615151,228668,2737,1,"1"
4894.2662906444502,228665,2740,1,"1"
4898.1782736905243,228658,2747,1,"1"
4903.5905830583515,228640,2765,1,"1"
4922.0076474131893,228635,2770,1,"1"
4926.9707994592909,228617,2788,1,"1"
4938.8116912951364,228607,2798,1,"1"
4940.6119485224854,228604,2801,1,"1"
4985.9898560999754,228586,2819,1,"1"
4986.9169951058702,228583,2822,1,"1"
4993.4655758908366,228565,2840,1,"1"
5046.9728069661433,228556,2849,1,"1"
5064.5204167257798,228542,2863,2,"2"
5076.4786589547966,228524,2881,1,"1"
5076.6038232911915,228498,2907,6,"2-2-2"
5090.5473593054949,228480,2925,1,"1"
5091.7733799901116,228475,2930,1,"1"
5102.9535998986139,228470,2935,1,"1"
5109.1824922214637,228454,2951,2,"2"
5118.9748238639877,228442,2963,2,"1-1"
5125.455796102472,228424,2981,1,"1"
5130.9460388802736,228406,2999,1,"1"
5200.1764521797131,228389,3016,1,"1"
5210.6352972253471,228371,3034,1,"1"
5210.6376307329574,228353,3052,1,"1"
5215.3688964525272,228343,3062,1,"1"
5248.6017150683565,228325,3080,1,"1"
5250.6925807562902,228307,3098,1,"1"
5265.8147225379753,228289,3116,1,"1"
5286.0931319502033,228271,3134,1,"1"
5295.792940044902,228253,3152,1,"1"
5301.4584833004974,228235,3170,1,"1"
5309.3479380840054,228226,3179,1,"1"
5320.2887659368571,228208,3197,1,"1"
5332.397119751764,228196,3209,1,"1"
5350.8495810421027,228168,3237,2,"2"
5369.6264541345208,228150,3255,1,"1"
5371.3136386909646,228144,3261,2,"2"
5375.1492911838459,228126,3279,1,"1"
5375.5346459005568,228108,3297,1,"1"
5378.5149331225903,228092,3313,2,"1-1"
5380.6324176422631,228074,3331,1,"1"
5387.613265187445,228056,3349,1,"1"
5410.2295674932602,228042,3363,2,"1-1"
5411.4112262129929,228024,3381,1,"1"
5418.1356093885242,228006,3399,1,"1"
5431.6608935569157,227996,3409,2,"2"
5441.3861506437534,227984,3421,1,"1"
5448.3396489533525,227966,3439,2,"2"
5459.9422587999416,227963,3442,1,"1"
5474.8530604462485,227945,3460,1,"1"
5502.2407826087056,227927,3478,1,"1"
5512.275136530413,227909,3496,1,"1"
5520.433641408893,227891,3514,1,"1"
5537.4012830187075,227886,3519,1,"1"
5569.4502972271575,227868,3537,1,"1"
5573.2774772409221,227850,3555,1,"1"
5603.0998900018003,227845,3560,1,"1"
5606.6824228372816,227827,3578,1,"1"
5629.3975094514153,227809,3596,1,"1"
5637.8135401410882,227803,3602,2,"2"
5642.7042617615107,227785,3620,1,"1"
5663.8199121042708,227767,3638,1,"1"
5667.3570284544112,227749,3656,1,"1"
5678.7282182607332,227739,3666,1,"1"
5695.6547433979786,227721,3684,1,"1"
5711.1213580711055,227686,3719,3,"2-1"
5721.5042748607793,227668,3737,1,"1"
5755.0770706264302,227659,3746,1,"1"
5757.6228818743903,227641,3764,1,"1"
5764.3052336388546,227625,3780,1,"1"
5811.2736676207778,227607,3798,1,"1"
5824.8224232853163,227602,3803,1,"1"
5835.8515809827149,227594,3811,2,"1-1"
5856.2772736800971,227576,3829,1,"1"
5856.9383271075731,227564,3841,1,"1"
5870.4524754240483,227543,3862,3,"3"
5882.7007261805929,227540,3865,1,"1"
5894.3578533555701,227502,3903,3,"1-1-1"
5908.7286420726168,227484,3921,1,"1"
5912.0936051481367,227466,3939,1,"1"
5914.803076546792,227448,3957,1,"1"
5941.3344675199378,227441,3964,1,"1"
5945.3118184083296,227429,3976,1,"1"
5952.0772852188729,227424,3981,1,"1"
5967.430770879706,227406,3999,1,"1"
5975.1852845157646,227401,4004,1,"1"
5981.9168659359311,227379,4026,2,"2"
5993.9235006581175,227372,4033,1,"1"
6012.0761856650561,227362,4043,2,"2"
6039.9874528168903,227347,4058,3,"2-1"
6060.180896011464,227338,4067,1,"1"
6060.2414164750871,227329,4076,1,"1"
6069.8940726932406,227311,4094,1,"1"
6087.8072386764734,227297,4108,1,"1"
6092.1863513234712,227287,4118,2,"2"
6098.1636080088456,227269,4136,1,"1"
6129.1497153869777,227255,4150,2,"2"
6129.9302771746643,227221,4184,3,"3"
6137.8354595766677,227203,4202,1,"1"
6148.8893396775848,227185,4220,1,"1"
6179.1890053214311,227165,4240,4,"4"
6179.9425834777803,227104,4301,9,"6-2-1"
6182.1668750249337,227086,4319,1,"1"
6195.6542694336877,227068,4337,1,"1"
6200.2546661142896,227062,4343,2,"2"
6239.3992128202217,227044,4361,1,"1"
6250.0208997674117,226994,4411,4,"4"
6261.454085777098,226976,4429,1,"1"
6277.4827239615843,226956,4449,2,"1-1"
6301.7284738997641,226938,4467,1,"1"
6302.5978482520704,226929,4476,1,"1"
6315.9583176298702,226901,4504,2,"1-1"
6319.7386482497914,226883,4522,1,"1"
6357.9080913383368,226865,4540,1,"1"
6375.9075794089413,226860,4545,1,"1"
6381.963700964945,226842,4563,1,"1"
6390.18652906848,226824,4581,1,"1"
6401.6678431246428,226817,4588,1,"1"
6416.155033674494,226814,4591,1,"1"
6439.0514788602113,226804,4601,1,"1"
6443.6568498238576,226801,4604,1,"1"
6455.2303133439927,226791,4614,1,"1"
6459.6215845963661,226786,4619,1,"1"
6462.417230837169,226768,4637,1,"1"
6475.7960090885572,226744,4661,4,"4"
6486.1139167490201,226726,4679,1,"1"
6490.82144186185,226708,4697,1,"1"
6493.8999629604305,226690,4715,1,"1"
6501.2930101720785,226672,4733,1,"1"
6537.0209208344004,226652,4753,4,"4"
6558.5212759190599,226639,4766,1,"1"
6567.8466128374776,226621,4784,1,"1"
6582.5418379465036,226603,4802,1,"1"
6591.210509235445,226567,4838,2,"2"
6597.0283305107232,226549,4856,1,"1"
6601.5455010303376,226537,4868,1,"1"
6609.574984312555,226519,4886,1,"1"
6610.0204605055324,226516,4889,1,"1"
6613.8453058524929,226494,4911,2,"2"
6633.0756970319371,226476,4929,1,"1"
6637.7533371362133,226462,4943,1,"1"
6656.8526937140477,226426,4979,2,"1-1"
6658.1375962807933,226408,4997,1,"1"
6664.3868567510835,226390,5015,1,"1"
6678.3172202473997,226372,5033,1,"1"
6736.6835891095679,226354,5051,1,"1"
6742.8437517752081,226277,5128,9,"2-2-1-1-1-1-1"
6755.4776708698164,226251,5154,3,"2-1"
6778.9219276231734,226233,5172,1,"1"
6811.0427765731292,226226,5179,1,"1"
6826.1130956720499,226208,5197,1,"1"
6830.4451168657879,226190,5215,1,"1"
6830.4958645530069,226172,5233,1,"1"
6838.0753145107037,226163,5242,1,"1"
6860.1458545815321,226145,5260,1,"1"
6864.2721103621161,226127,5278,1,"1"
6867.5195096275938,226109,5296,1,"1"
6876.2846595639721,226069,5336,4,"4"
6881.3671256093412,226049,5356,2,"1-1"
6890.8716466954875,226031,5374,1,"1"
6899.3842156678693,225993,5412,3,"3"
6916.5186558036767,225975,5430,1,"1"
6923.056791414484,225961,5444,2,"2"
6926.3259204287351,225771,5634,24,"14-4-1-1-1-1-1-1"
6935.236985403114,225726,5679,7,"7"
6942.7294677830914,225716,5689,1,"1"
6946.9127191555699,225689,5716,5,"3-1-1"
6953.0353455319782,225686,5719,1,"1"
6975.0747049553356,225638,5767,4,"3-1"
6981.6534954090612,225598,5807,3,"3"
7010.3440012767132,225561,5844,7,"4-1-1-1"
7017.8769010862161,225543,5862,1,"1"
7039.9242497145624,225540,5865,1,"1"
7043.7493624057779,225535,5870,1,"1"
7045.6050667280406,225517,5888,1,"1"
7063.5115871873959,225499,5906,1,"1"
7064.0500891468419,225494,5911,1,"1"
7085.1836040153767,225487,5918,1,"1"
7092.0544110958672,225427,5978,5,"2-2-1"
7107.5315602851224,225409,5996,1,"1"
7116.1847022386301,225391,6014,1,"1"
7117.3515002157837,225376,6029,3,"3"
7118.4102828151335,225358,6047,1,"1"
7139.5599042516906,225343,6062,1,"1"
7141.9972917845253,225326,6079,3,"1-1-1"
7142.1385346714233,225290,6115,2,"2"
7147.603917545126,225260,6145,2,"2"
7176.7897448763688,225241,6164,3,"2-1"
7194.8609016577011,225223,6182,1,"1"
7201.1090244361048,225188,6217,2,"1-1"
7201.6948587046008,225170,6235,1,"1"
7224.2338956316689,225163,6242,1,"1"
7255.1773061487911,225127,6278,2,"2"
7261.8612552063696,225122,6283,1,"1"
7275.6454185985858,225098,6307,2,"2"
7299.3468540113799,225048,6357,5,"3-1-1"
7303.3193686849017,225030,6375,1,"1"
7305.3700143338629,225012,6393,1,"1"
7307.9192383604495,224994,6411,1,"1"
7323.6453135370948,224976,6429,1,"1"
7324.3454478651365,224966,6439,1,"1"
7334.4388443306752,224948,6457,1,"1"
7336.7681577367121,224912,6493,2,"2"
7339.3257920821661,224876,6529,2,"1-1"
7344.2972879044746,224863,6542,1,"1"
7348.7156717965663,224826,6579,5,"4-1"
7374.1170081487508,224814,6591,1,"1"
7376.0233178634235,224796,6609,1,"1"
7376.0875737316064,224763,6642,5,"3-2"
7386.3448352174328,224745,6660,1,"1"
7391.6251335814522,224733,6672,1,"1"
7394.8934286830436,224720,6685,1,"1"
7414.6295595636066,224701,6704,3,"1-1-1"
7415.6647389849486,224696,6709,1,"1"
7425.6970486460268,224650,6755,3,"1-1-1"
7447.2896446995846,224632,6773,1,"1"
7465.5915059238123,224622,6783,1,"1"
7474.4308290220624,224612,6793,1,"1"
7476.9804999607823,224607,6798,1,"1"
7491.4120533188361,224597,6808,1,"1"
7491.7664244324469,224579,6826,1,"1"
7497.9801126083858,224566,6839,1,"1"
7504.4144790949267,224548,6857,1,"1"
7506.9408958608665,224545,6860,1,"1"
7509.9331102670503,224519,6886,2,"2"
7510.7594116525288,224509,6896,2,"2"
7529.6331270282481,224489,6916,2,"1-1"
7529.7886614148501,224464,6941,3,"2-1"
7531.6467332134325,224454,6951,1,"1"
7544.4492506274,224436,6969,1,"1"
7549.7089806703743,224409,6996,5,"5"
7550.9884058607577,224391,7014,1,"1"
7564.0731462995782,224384,7021,1,"1"
7581.6988345432128,224366,7039,1,"1"
7587.0597877040364,224348,7057,1,"1"
7608.5229930489559,224330,7075,1,"1"
7618.7394380108381,224312,7093,1,"1"
7621.359218089875,224294,7111,1,"1"
7624.0576335395299,224215,7190,8,"3-2-2-1"
7644.9189413526901,224131,7274,12,"5-4-2-1"
7646.5985419710223,224100,7305,3,"2-1"
7675.1736095759306,224078,7327,2,"1-1"
7676.7525350632959,224069,7336,1,"1"
7686.8972788765186,224051,7354,1,"1"
7700.9116092431705,224039,7366,1,"1"
7710.2362287068408,224011,7394,2,"1-1"
7711.7768260574103,223993,7412,1,"1"
7711.7883164542354,223977,7428,1,"1"
7715.8983637878573,223964,7441,1,"1"
7724.9910815704561,223928,7477,3,"2-1"
7726.8214305753754,223910,7495,1,"1"
7750.2903145679902,223892,7513,1,"1"
7760.2203507648783,223876,7529,1,"1"
7762.6120334517573,223858,7547,1,"1"
7770.3707426844585,223840,7565,1,"1"
7774.0523956817442,223822,7583,1,"1"
7776.1950314388132,223804,7601,1,"1"
7785.2544023988958,223784,7621,2,"2"
7802.9067397077124,223751,7654,3,"2-1"
7804.725548132853,223733,7672,1,"1"
7822.4951992824326,223708,7697,3,"2-1"
7824.1898385840541,223617,7788,13,"8-3-2"
7825.1868055145724,223605,7800,2,"2"
7875.9776154380525,223575,7830,3,"2-1"
7880.6340091216107,223557,7848,1,"1"
7901.0756660242805,223533,7872,2,"2"
7910.3772242295199,223515,7890,1,"1"
7919.4351540664047,223497,7908,1,"1"
7924.57501920506,223490,7915,1,"1"
7926.4111264305611,223478,7927,1,"1"
7926.6629415862963,223460,7945,1,"1"
7949.1076196475715,223442,7963,1,"1"
7960.2972438029301,223387,8018,7,"4-2-1"
7972.2692661975971,223373,8032,2,"1-1"
8007.2370220096718,223355,8050,1,"1"
8016.9409012942697,223337,8068,1,"1"
8018.5946292292265,223319,8086,1,"1"
8020.6144904238045,223301,8104,1,"1"
8024.0146805160812,223264,8141,5,"3-2"
8071.2094743057141,223238,8167,2,"2"
8082.0807667365652,223233,8172,1,"1"
8097.9339253350281,223215,8190,1,"1"
8103.9173506273191,223197,8208,2,"2"
8106.2527035214634,223161,8244,3,"2-1"
8123.1788484111803,223121,8284,6,"2-2-1-1"
8125.0267323830103,223103,8302,1,"1"
8144.673939538482,223081,8324,2,"2"
8159.8018045886683,223063,8342,1,"1"
8175.9221412343877,223045,8360,1,"1"
8181.7920975061306,223027,8378,1,"1"
8214.5654960966604,223009,8396,1,"1"
8214.6406837580143,222991,8414,1,"1"
8218.0773939586579,222972,8433,3,"3"
8222.7790133918097,222962,8443,1,"1"
8224.7979019932154,222938,8467,2,"2"
8244.2732116242187,222920,8485,1,"1"
8247.3536241185466,222902,8503,1,"1"
8248.7110953148222,222884,8521,1,"1"
8253.8418946859711,222870,8535,1,"1"
8270.5832298943878,222852,8553,1,"1"
8275.6465898301794,222840,8565,1,"1"
8287.7677491091235,222810,8595,2,"2"
8295.5360942817351,222798,8607,1,"1"
8301.2050006234967,222780,8625,1,"1"
8303.4187147633656,222744,8661,2,"2"
8318.5665211833875,222698,8707,6,"3-2-1"
8337.058753109246,222652,8753,3,"1-1-1"
8352.9479954820526,222643,8762,1,"1"
8361.2470496294845,222625,8780,1,"1"
8368.3756055518752,222607,8798,1,"1"
8405.8812699206574,222589,8816,1,"1"
8416.4366261172581,222571,8834,1,"1"
8418.4576627990282,222559,8846,1,"1"
8438.2171709238919,222541,8864,1,"1"
8440.9695388408672,222487,8918,6,"6"
8442.8391012378161,222469,8936,1,"1"
8447.3611603659338,222440,8965,2,"1-1"
8447.6168841409271,222386,9019,3,"3"
8452.7884091611559,222358,9047,2,"1-1"
8471.8233547238688,222340,9065,1,"1"
8473.5251153977952,222322,9083,1,"1"
8493.1255658682185,222315,9090,1,"1"
8493.9185818334299,222268,9137,7,"3-2-1-1"
8495.1344119261576,222250,9155,2,"1-1"
8503.8825518397316,222232,9173,1,"1"
8508.9377811695031,222166,9239,4,"4"
8510.1301559233361,222134,9271,2,"2"
8511.4189835754241,222124,9281,1,"1"
8511.4493849305891,222088,9317,2,"1-1"
8517.7877348430957,222078,9327,1,"1"
8524.9409362365495,222058,9347,2,"2"
8533.1866954061916,222009,9396,5,"2-1-1-1"
8538.3561622232282,221986,9419,3,"2-1"
8550.2887194453615,221950,9455,2,"2"
8555.4863533200023,221932,9473,1,"1"
8556.8054691678535,221914,9491,1,"1"
8562.9980443399418,221892,9513,2,"2"
8565.9124449111951,221882,9523,1,"1"
8566.3556640657043,221860,9545,2,"2"
8566.3981521853948,221842,9563,1,"1"
8569.1265383228128,221824,9581,1,"1"
8571.2545216096751,221806,9599,1,"1"
8598.7045700159815,221774,9631,2,"2"
8602.5640064061208,221764,9641,1,"1"
8610.5418109981965,221746,9659,1,"1"
8621.5381430648758,221730,9675,1,"1"
8634.5670630985987,221694,9711,4,"2-1-1"
8654.4138362439371,221676,9729,1,"1"
8655.8704919536831,221658,9747,1,"1"
8657.4334801478999,221640,9765,1,"1"
8661.3104605783301,221622,9783,1,"1"
8673.1840507430661,221604,9801,1,"1"
8713.075049421137,221594,9811,1,"1"
8714.7120201461894,221576,9829,1,"1"
8717.974531814054,221558,9847,1,"1"
8739.0273998376306,221458,9947,7,"3-2-1-1"
8739.8366481208996,221420,9985,4,"3-1"
8743.9639920068785,221366,10039,5,"5"
8746.452347121427,221326,10079,4,"3-1"
8747.4674275857724,221290,10115,2,"2"
8749.3620438818871,221266,10139,2,"1-1"
8772.2174241154335,221248,10157,1,"1"
8795.0067126628473,221221,10184,3,"3"
8810.3808600209722,221203,10202,1,"1"
8829.3575144384013,221185,10220,1,"1"
8836.4902116993453,221097,10308,8,"5-2-1"
8839.3886929953951,221061,10344,2,"2"
8845.6619940083219,221043,10362,1,"1"
8851.9120861853226,221031,10374,1,"1"
8854.9066590882812,220959,10446,4,"4"
8863.6344511376155,220941,10464,1,"1"
8868.3079176336469,220925,10480,1,"1"
8869.4218743981037,220895,10510,3,"2-1"
8873.8569218964785,220833,10572,5,"3-2"
8878.0082006257471,220711,10694,11,"6-2-1-1-1"
8917.0802996918028,220701,10704,1,"1"
8919.759043909713,220683,10722,1,"1"
8925.7677347573881,220665,10740,1,"1"
8931.686668313394,220641,10764,2,"2"
8933.3697014362951,220623,10782,1,"1"
8946.8335562481898,220605,10800,1,"1"
8955.09039471094,220587,10818,1,"1"
8957.0608079456233,220569,10836,1,"1"
8965.3361246159584,220562,10843,1,"1"
8967.4112702485309,220543,10862,3,"2-1"
8986.5004467326926,220525,10880,1,"1"
8999.6259619183093,220507,10898,1,"1"
9001.3715586612052,220489,10916,1,"1"
9010.8945595310561,220465,10940,2,"2"
9032.0467471372667,220449,10956,1,"1"
9039.3733496951063,220431,10974,1,"1"
9043.6301889148435,220413,10992,1,"1"
9060.9132428770718,220395,11010,1,"1"
9061.9604089652512,220377,11028,1,"1"
9062.1840010149281,220335,11070,3,"2-1"
9077.3625474210457,220317,11088,1,"1"
9079.087919339323,220256,11149,4,"2-1-1"
9079.8559931978689,220238,11167,1,"1"
9081.15991450412,220220,11185,1,"1"
9114.90131954969,220166,11239,3,"2-1"
9119.3961976446008,220148,11257,1,"1"
9130.6746548048905,220101,11304,5,"3-2"
9134.785478557882,220091,11314,1,"1"
9168.4497656126714,220074,11331,1,"1"
9181.6569928973931,220019,11386,7,"4-1-1-1"
9195.2455481749603,220001,11404,1,"1"
9195.2964554988612,219984,11421,1,"1"
9220.2869394389891,219966,11439,1,"1"
9247.5982937811696,219961,11444,1,"1"
9252.5596366710415,219796,11609,15,"4-2-2-2-2-1-1-1"
9259.3442960950088,219778,11627,1,"1"
9260.3414132608759,219760,11645,1,"1"
9269.2429618106962,219736,11669,2,"2"
9269.3449309304906,219723,11682,1,"1"
9273.4809767046027,219705,11700,1,"1"
9276.9895608604402,219687,11718,1,"1"
9280.5365944193672,219674,11731,1,"1"
9287.0850930764664,219656,11749,1,"1"
9298.6894895854148,219638,11767,1,"1"
9298.7539258770576,219620,11785,1,"1"
9299.3362598912609,219602,11803,1,"1"
9300.09958645181,219584,11821,1,"1"
9303.0353576204689,219377,12028,16,"3-3-2-2-1-1-1-1-1-1"
9313.2997114811023,219349,12056,2,"2"
9319.4614189818985,219331,12074,1,"1"
9329.4412585746832,219242,12163,6,"3-2-1"
9329.6962888584803,219224,12181,1,"1"
9332.3555659262947,219152,12253,4,"3-1"
9336.0869330072819,219138,12267,1,"1"
9339.4868206990486,219120,12285,1,"1"
9340.3579032031212,219109,12296,1,"1"
9345.3351099135161,218963,12442,11,"2-2-2-1-1-1-1-1"
9346.9322065587403,218945,12460,1,"1"
9347.8603278041464,218932,12473,1,"1"
9356.5455628647323,218900,12505,3,"2-1"
9372.4615369567691,218844,12561,4,"1-1-1-1"
9379.9612122087401,218815,12590,3,"3"
9396.0451924648933,218779,12626,2,"2"
9401.5207844231409,218743,12662,2,"1-1"
9480.4586148180078,218732,12673,1,"1"
9487.2464274516806,218714,12691,1,"1"
9493.7708480882247,218694,12711,2,"2"
9494.2290848678585,218584,12821,8,"6-1-1"
9502.4231417185074,218566,12839,1,"1"
9516.9615203303838,218548,12857,1,"1"
9538.5926744833578,218512,12893,2,"1-1"
9555.8284965809125,218495,12910,1,"1"
9562.3257972984193,218459,12946,4,"4"
9567.7307266791231,218441,12964,1,"1"
9573.1076581683847,218431,12974,1,"1"
9582.7277304210638,218351,13054,5,"2-2-1"
9588.5283850073629,218333,13072,1,"1"
9588.5410180229792,218315,13090,1,"1"
9590.4292818317645,218109,13296,16,"3-2-2-2-2-2-1-1-1"
9599.1850898188477,218099,13306,1,"1"
9610.0259602092228,218079,13326,2,"2"
9611.0202040253789,218061,13344,1,"1"
9615.3235648646205,218043,13362,1,"1"
9628.1794387499504,218025,13380,1,"1"
9634.7816716378202,218007,13398,1,"1"
9648.4550119693868,217989,13416,1,"1"
9668.6137685005469,217944,13461,4,"3-1"
9670.9556689416131,217904,13501,3,"2-1"
9675.0557980419489,217886,13519,1,"1"
9681.5852874218617,217855,13550,2,"2"
9685.251042695807,217837,13568,1,"1"
9716.1283358256333,217819,13586,1,"1"
9719.1121744623597,217801,13604,1,"1"
9728.8876720292847,217689,13716,8,"4-2-1-1"
9731.9611170486332,216559,14846,91,"22-10-6-5-4-4-4-4-3-3-3-2-2-2-2-2-1-1-1-1-1-1-1-1-1-1-1-1-1"
9733.598108126278,216523,14882,2,"1-1"
9739.6493990545841,216489,14916,3,"2-1"
9744.9441508363834,216471,14934,1,"1"
9746.4238467546347,216464,14941,1,"1"
9769.5874879253406,216442,14963,2,"1-1"
9769.9855771154453,216424,14981,1,"1"
9775.7916417276501,215892,15513,40,"6-6-4-4-3-2-2-2-1-1-1-1-1-1-1-1-1-1-1"
9802.5341948287441,215875,15530,1,"1"
9820.5514372457874,215832,15573,3,"3"
9823.5778273650576,215814,15591,1,"1"
9834.9429526917738,214940,16465,66,"9-7-6-5-4-4-3-3-2-2-2-2-2-2-2-1-1-1-1-1-1-1-1-1-1-1"
9838.6073966127788,0,231405,12083,"12083"
----------------------------------------------3
0,231405,0,0,"0"
70.128139061773226,231404,1,1,"1"
233.84323345346436,231403,2,1,"1"
249.52432973647734,231402,3,1,"1"
307.29734393043043,231401,4,1,"1"
323.77665556499511,231398,7,1,"1"
344.08531096126677,231397,8,1,"1"
349.37658874487528,231396,9,1,"1"
373.40831647820869,231391,14,1,"1"
498.26329031251424,231373,32,1,"1"
523.36077014204727,231372,33,1,"1"
540.80184762614658,231354,51,1,"1"
554.60955812943973,231353,52,1,"1"
577.56536458383232,231352,53,1,"1"
617.98478636689458,231351,54,1,"1"
700.7584395446388,231350,55,1,"1"
730.3451168742115,231347,58,1,"1"
753.74789445489853,231346,59,1,"1"
755.19058162740851,231345,60,1,"1"
786.59663382426197,231327,78,1,"1"
804.80629895534423,231309,96,1,"1"
826.58312253312295,231308,97,1,"1"
836.12424492649427,231307,98,1,"1"
862.66888436490456,231306,99,1,"1"
863.92773916146632,231305,100,1,"1"
872.89032588436066,231304,101,1,"1"
893.23372007212811,231303,102,1,"1"
919.59679051598596,231302,103,1,"1"
923.88914527798022,231301,104,1,"1"
975.55598465800369,231283,122,1,"1"
977.41456074280825,231282,123,1,"1"
1021.3164186013299,231281,124,1,"1"
1035.6800151988712,231280,125,1,"1"
1048.1810431354713,231277,128,3,"1-1-1"
1050.3045693413967,231276,129,1,"1"
1054.2803636691517,231275,130,1,"1"
1062.82380398639,231274,131,1,"1"
1070.8968664233414,231272,133,2,"2"
1073.2974981356915,231271,134,1,"1"
1080.8204730092302,231270,135,1,"1"
1095.5540014038786,231269,136,1,"1"
1098.7239062779149,231267,138,2,"2"
1118.2062291011855,231266,139,1,"1"
1129.6108534844714,231265,140,1,"1"
1135.0553535787244,231259,146,2,"1-1"
1142.4584396564239,231258,147,1,"1"
1215.5745584549538,231240,165,1,"1"
1223.3041631242611,231237,168,1,"1"
1240.0411469729349,231234,171,3,"2-1"
1242.3585061605825,231233,172,1,"1"
1277.889526641065,231232,173,1,"1"
1330.1812538369793,231231,174,1,"1"
1345.2701089069569,231227,178,4,"4"
1348.7521871528404,231209,196,1,"1"
1370.8293851714318,231208,197,1,"1"
1412.6698447490264,231190,215,1,"1"
1441.4594872016555,231189,216,1,"1"
1457.9719546888459,231188,217,1,"1"
1467.6283412645869,231187,218,1,"1"
1479.0257720615487,231186,219,1,"1"
1531.9854034128505,231168,237,1,"1"
1541.1827486594307,231167,238,1,"1"
1553.5252222957149,231166,239,1,"1"
1565.358084826004,231154,251,1,"1"
1566.0391006665079,231142,263,1,"1"
1570.7843465142112,231124,281,1,"1"
1572.058983668258,231123,282,1,"1"
1586.0157893571852,231111,294,1,"1"
1606.9978744470502,231110,295,1,"1"
1617.5385136234231,231092,313,1,"1"
1620.130443658004,231091,314,1,"1"
1660.1707137617411,231084,321,1,"1"
1663.6592761893494,231081,324,3,"3"
1675.3910444523908,231076,329,3,"3"
1678.5690942769681,231075,330,1,"1"
1682.7353796986474,231074,331,1,"1"
1685.0371070089232,231056,349,1,"1"
1692.9950658866335,231053,352,1,"1"
1699.5777879048128,231048,357,1,"1"
1730.339995676369,231043,362,5,"2-1-1-1"
1731.7385368879934,231038,367,1,"1"
1742.4388323486353,231034,371,2,"1-1"
1744.9077466509602,231029,376,1,"1"
1756.7298034744608,231026,379,1,"1"
1774.5390363755564,231025,380,1,"1"
1782.113545577304,231019,386,6,"2-1-1-1-1"
1791.3952601582546,231010,395,1,"1"
1793.9742341223155,231009,396,1,"1"
1813.9850513659292,231008,397,1,"1"
1816.1869556352178,230998,407,2,"2"
1823.1833593025517,230980,425,1,"1"
1834.254109856998,230978,427,2,"2"
1843.102662797121,230971,434,3,"2-1"
1843.2205584066828,230962,443,1,"1"
1843.793275238213,230956,449,6,"3-2-1"
1859.845973433444,230955,450,1,"1"
1861.4726900898565,230954,451,1,"1"
1866.7781421180055,230953,452,1,"1"
1872.8610824553716,230952,453,1,"1"
1901.3701530118426,230942,463,2,"2"
1902.2791378107372,230941,464,1,"1"
1922.2407241010289,230923,482,1,"1"
1937.036732963066,230906,499,1,"1"
1943.9760399735753,230888,517,1,"1"
1963.6083591078307,230887,518,1,"1"
1974.1049553299531,230886,519,1,"1"
1978.5427136938349,230872,533,2,"2"
1980.98820536217,230868,537,4,"2-1-1"
2006.1331221281703,230867,538,1,"1"
2040.8116802565798,230866,539,1,"1"
2055.6847885190905,230864,541,2,"2"
2060.6405971384088,230862,543,2,"2"
2066.0141315386013,230859,546,1,"1"
2069.0078815859497,230854,551,1,"1"
2086.9826106890782,230853,552,1,"1"
2114.9584190456912,230852,553,1,"1"
2126.1306336909497,230851,554,1,"1"
2137.9852382659219,230849,556,2,"2"
2174.3196385430933,230831,574,1,"1"
2191.81022075898,230828,577,1,"1"
2207.7930625835361,230814,591,1,"1"
2214.500161983487,230809,596,1,"1"
2225.5715260197148,230791,614,1,"1"
2233.3290673385336,230790,615,1,"1"
2251.974889954442,230772,633,1,"1"
2265.9222938408097,230760,645,1,"1"
2278.6499448340523,230757,648,3,"3"
2314.5623210796298,230745,660,1,"1"
2317.8160960429404,230736,669,1,"1"
2360.8414452696807,230735,670,1,"1"
2401.5545646304895,230734,671,1,"1"
2415.4448399301473,230716,689,1,"1"
2427.3950215628988,230698,707,1,"1"
2443.745379156032,230696,709,2,"2"
2445.1617260042367,230679,726,5,"2-2-1"
2454.5497545087646,230674,731,5,"5"
2532.7218848005059,230671,734,1,"1"
2540.7973395094759,230668,737,1,"1"
2554.5029703557907,230662,743,2,"1-1"
2566.2211331080484,230661,744,1,"1"
2595.1386204767696,230660,745,1,"1"
2617.3619017182136,230654,751,2,"2"
2624.7347370791417,230651,754,1,"1"
2635.8020968072833,230650,755,1,"1"
2724.2145720578237,230639,766,3,"3"
2726.2436095404719,230635,770,2,"2"
2743.2501701052647,230632,773,1,"1"
2762.4519341170239,230631,774,1,"1"
2777.6600274347002,230613,792,1,"1"
2782.9817054972887,230612,793,1,"1"
2793.771146298684,230610,795,2,"1-1"
2820.7930313611582,230574,831,2,"2"
2830.4615931128487,230564,841,1,"1"
2839.5415373056321,230546,859,1,"1"
2843.9288227723036,230528,877,1,"1"
2856.4446903316566,230518,887,2,"2"
2870.6729152948733,230516,889,2,"1-1"
2875.8469029055982,230498,907,2,"1-1"
2912.7581999764875,230492,913,2,"2"
2924.7372470112145,230491,914,1,"1"
2926.7609242541312,230473,932,1,"1"
2960.036492218142,230460,945,1,"1"
2963.0458253149704,230442,963,1,"1"
2977.1069871466352,230439,966,1,"1"
3005.1489145741057,230429,976,1,"1"
3037.5948281994029,230424,981,1,"1"
3042.8520519992148,230421,984,1,"1"
3086.6244698072633,230418,987,1,"1"
3108.3216460440808,230400,1005,1,"1"
3108.8426293548737,230382,1023,1,"1"
3156.10802082686,230364,1041,1,"1"
3156.804515289487,230346,1059,1,"1"
3186.5898268730689,230336,1069,1,"1"
3210.8118572314715,230318,1087,1,"1"
3234.0160483462228,230298,1107,4,"4"
3234.107309885901,230291,1114,1,"1"
3237.8562001915657,230273,1132,1,"1"
3239.8067913799991,230270,1135,1,"1"
3296.5328262277831,230267,1138,1,"1"
3359.7199820316887,230249,1156,1,"1"
3391.6479072812303,230231,1174,1,"1"
3406.2975407378785,230213,1192,1,"1"
3407.194852958196,230201,1204,1,"1"
3467.125259519491,230183,1222,1,"1"
3496.8815493316224,230173,1232,1,"1"
3514.4873301600833,230161,1244,1,"1"
3529.9475357798187,230143,1262,1,"1"
3542.2698148374948,230138,1267,1,"1"
3544.1174481893486,230135,1270,1,"1"
3556.7774985368314,230123,1282,1,"1"
3572.5617375551915,230115,1290,2,"1-1"
3597.4173512164621,230094,1311,7,"6-1"
3672.349797481389,230085,1320,1,"1"
3691.340370718086,230075,1330,1,"1"
3719.1549267914315,230057,1348,1,"1"
3728.8832405223502,230052,1353,1,"1"
3749.475750955889,230049,1356,1,"1"
3749.8770803654147,230031,1374,1,"1"
3788.6252310278073,230018,1387,1,"1"
3838.0413735495481,230012,1393,2,"2"
3852.8257177696587,230002,1403,2,"2"
3874.5274058740943,229990,1415,1,"1"
3922.1503646915976,229974,1431,1,"1"
3927.3601910205552,229956,1449,1,"1"
3929.4630841436729,229938,1467,1,"1"
3940.4175098513001,229933,1472,1,"1"
3943.8757641109555,229915,1490,1,"1"
3945.9140491623098,229912,1493,1,"1"
3947.5299158267303,229894,1511,1,"1"
3964.2836031957554,229878,1527,2,"2"
3969.8423810903014,229860,1545,1,"1"
3977.1765793888103,229842,1563,1,"1"
3987.279458112057,229832,1573,1,"1"
4035.4856532462745,229827,1578,1,"1"
4053.6489599066963,229818,1587,1,"1"
4066.9176755528506,229800,1605,1,"1"
4125.7009040474368,229782,1623,1,"1"
4128.4834172419205,229776,1629,2,"2"
4135.4955604218285,229758,1647,1,"1"
4155.4944163037408,229740,1665,1,"1"
4174.2140515150486,229730,1675,2,"2"
4183.647866118562,229716,1689,1,"1"
4221.85658644054,229698,1707,1,"1"
4240.7086469331871,229680,1725,1,"1"
4245.8825347270322,229662,1743,1,"1"
4287.8107964500077,229644,1761,1,"1"
4300.8219012355794,229634,1771,2,"2"
4311.1662489247683,229616,1789,1,"1"
4317.1584414969475,229600,1805,1,"1"
4317.6228828345338,229582,1823,1,"1"
4344.9027969093559,229564,1841,1,"1"
4361.8966422840531,229546,1859,1,"1"
4375.8651680683788,229543,1862,1,"1"
4417.7681836375859,229533,1872,2,"2"
4436.4947482980242,229515,1890,1,"1"
4443.2883540759667,229476,1929,7,"6-1"
4450.6665148999336,229471,1934,1,"1"
4461.21942487656,229453,1952,1,"1"
4534.4472812786789,229435,1970,1,"1"
4576.9738112433597,229428,1977,1,"1"
4601.2523381615047,229410,1995,1,"1"
4607.6667665792183,229407,1998,1,"1"
4635.7802370284708,229402,2003,1,"1"
4639.5545610109002,229392,2013,1,"1"
4660.8105299414246,229374,2031,1,"1"
4673.3543009913819,229356,2049,1,"1"
4692.3257471958441,229338,2067,1,"1"
4693.6030383951265,229320,2085,1,"1"
4693.735368087966,229305,2100,3,"3"
4711.0469869618237,229295,2110,1,"1"
4727.0365635006983,229279,2126,1,"1"
4727.303819316704,229276,2129,1,"1"
4741.7503841625075,229258,2147,1,"1"
4747.5524320130789,229240,2165,1,"1"
4752.5326540368733,229237,2168,1,"1"
4778.6466499593371,229208,2197,5,"3-2"
4784.347356233875,229190,2215,1,"1"
4792.4906068848577,229187,2218,1,"1"
4793.3816483869477,229169,2236,1,"1"
4800.717091084628,229151,2254,1,"1"
4811.3530641939624,229139,2266,2,"2"
4819.462587772914,229121,2284,1,"1"
4819.8009483312962,229103,2302,1,"1"
4828.9963567526356,229085,2320,1,"1"
4831.7493484460338,229082,2323,1,"1"
4836.0027116056881,229068,2337,2,"2"
4848.0023772245395,229050,2355,1,"1"
4857.5788597899009,229044,2361,2,"1-1"
4874.9055661319881,229034,2371,1,"1"
4906.8053652035478,229016,2389,1,"1"
4911.8133487183513,228998,2407,1,"1"
4929.0532240580224,228993,2412,1,"1"
4941.6829886084934,228990,2415,1,"1"
4959.2280670353921,228983,2422,1,"1"
4959.8516955345503,228967,2438,1,"1"
4967.5504512377456,228949,2456,1,"1"
4982.7590098407318,228931,2474,1,"1"
4987.4624970477753,228913,2492,1,"1"
4995.5698832676744,228903,2502,2,"2"
4999.9561566069387,228886,2519,3,"3"
5003.1845084899378,228868,2537,1,"1"
5025.1645401762753,228850,2555,1,"1"
5059.3983815572528,228840,2565,2,"2"
5062.8665801735924,228749,2656,15,"4-4-2-1-1-1-1-1"
5063.8342817304056,228715,2690,3,"2-1"
5084.6601989658257,228710,2695,1,"1"
5091.4926219471272,228680,2725,3,"2-1"
5103.834036356795,228671,2734,3,"2-1"
5106.980393568906,228666,2739,1,"1"
5112.2534460946008,228660,2745,2,"2"
5114.075054119814,228624,2781,2,"2"
5138.3718949188124,228606,2799,1,"1"
5139.1218235034612,228590,2815,4,"2-1-1"
5171.1934285760399,228572,2833,1,"1"
5211.5424050407883,228554,2851,1,"1"
5213.819635767275,228536,2869,1,"1"
5228.9538055016592,228533,2872,1,"1"
5238.9627240633854,228519,2886,1,"1"
5244.087416290191,228501,2904,1,"1"
5276.6426624193218,228494,2911,1,"1"
5284.3400065567375,228476,2929,1,"1"
5299.3871383653259,228471,2934,1,"1"
5305.2686683554102,228453,2952,1,"1"
5354.2509729660715,228435,2970,1,"1"
5368.0198345367889,228417,2988,1,"1"
5370.4699049609917,228414,2991,1,"1"
5389.6766232188238,228399,3006,3,"3"
5412.9713585710897,228389,3016,1,"1"
5416.8556178459248,228371,3034,1,"1"
5443.629055221013,228353,3052,1,"1"
5456.5820448135519,228321,3084,2,"2"
5457.0298025381453,228316,3089,1,"1"
5458.2604315246081,228298,3107,1,"1"
5473.5249453686365,228280,3125,1,"1"
5482.1913663643199,228262,3143,1,"1"
5488.7372089614564,228244,3161,1,"1"
5493.4569333055124,228239,3166,1,"1"
5493.9552217616074,228230,3175,1,"1"
5496.1008093024147,228212,3193,1,"1"
5567.5480692030133,228194,3211,1,"1"
5585.9969180164999,228178,3227,1,"1"
5597.9807981569948,228156,3249,2,"1-1"
5598.2507141686119,228138,3267,1,"1"
5603.4969727080997,228120,3285,1,"1"
5609.5641036382312,228094,3311,2,"2"
5636.5051464104099,228076,3329,1,"1"
5646.8701572739374,228058,3347,1,"1"
5648.3661524247209,228040,3365,1,"1"
5651.0257745235022,228022,3383,1,"1"
5675.0117002849611,228004,3401,1,"1"
5676.2789944902806,227986,3419,1,"1"
5681.4740113397402,227968,3437,1,"1"
5683.836521206671,227950,3455,1,"1"
5691.0309612378032,227932,3473,1,"1"
5719.8094862612215,227910,3495,2,"2"
5728.4286036278827,227892,3513,1,"1"
5728.4610856585105,227885,3520,1,"1"
5738.4303741424101,227867,3538,1,"1"
5746.9225289511805,227860,3545,1,"1"
5778.4750102683083,227855,3550,1,"1"
5787.6416278597944,227850,3555,1,"1"
5793.6652789874233,227841,3564,1,"1"
5803.1183653171456,227817,3588,2,"2"
5829.3442713029235,227804,3601,1,"1"
5850.1863003026829,227786,3619,1,"1"
5854.6478485155021,227776,3629,2,"2"
5862.0270121362528,227758,3647,1,"1"
5869.6142432397019,227740,3665,1,"1"
5894.8391352634435,227723,3682,1,"1"
5909.1971580258742,227705,3700,1,"1"
5974.9816466412231,227695,3710,1,"1"
5976.1440392388986,227685,3720,1,"1"
5991.801316448008,227667,3738,1,"1"
6004.2363717188255,227643,3762,2,"2"
6008.2230833543672,227625,3780,1,"1"
6016.4663693048878,227594,3811,2,"2"
6025.8793609189561,227578,3827,1,"1"
6027.1684571745072,227566,3839,1,"1"
6029.0096734810495,227552,3853,1,"1"
6032.4187639013207,227516,3889,2,"2"
6039.6444190371985,227498,3907,1,"1"
6070.3549696775681,227480,3925,1,"1"
6096.3429158334966,227466,3939,2,"1-1"
6110.1132504160869,227448,3957,1,"1"
6115.2274921115022,227437,3968,1,"1"
6136.5657532889099,227419,3986,1,"1"
6137.5696861695842,227401,4004,1,"1"
6147.2499501801813,227383,4022,1,"1"
6148.1549997989578,227369,4036,1,"1"
6150.2338282246819,227345,4060,2,"2"
6158.773805998374,227327,4078,1,"1"
6161.6452337564942,227309,4096,1,"1"
6163.6464059242317,227291,4114,1,"1"
6172.4769368815641,227140,4265,19,"14-1-1-1-1-1"
6176.0088952952219,227122,4283,1,"1"
6187.8057347999293,227099,4306,2,"1-1"
6192.172014394665,227081,4324,1,"1"
6192.4357689298267,227063,4342,1,"1"
6203.3954747037478,227045,4360,1,"1"
6214.2615567224793,227031,4374,2,"1-1"
6224.3442228946478,227013,4392,1,"1"
6239.2057726946314,226966,4439,9,"7-1-1"
6245.2843209756684,226956,4449,2,"2"
6251.6695656065158,226938,4467,1,"1"
6254.8156863915565,226928,4477,2,"2"
6272.804896510218,226892,4513,2,"2"
6274.4834901119375,226874,4531,1,"1"
6275.858642245581,226846,4559,2,"1-1"
6280.9302877201608,226837,4568,1,"1"
6286.4624743235599,226821,4584,1,"1"
6330.9296985235733,226811,4594,1,"1"
6336.5074891620543,226793,4612,1,"1"
6336.7499127247956,226775,4630,1,"1"
6351.698753507013,226757,4648,1,"1"
6360.7310398282107,226739,4666,1,"1"
6399.902801044449,226729,4676,1,"1"
6402.2825688897874,226711,4694,1,"1"
6406.147621633133,226704,4701,1,"1"
6423.0566526932771,226690,4715,1,"1"
6426.4504986092888,226662,4743,2,"1-1"
6451.024872302798,226652,4753,2,"2"
6456.5947107237707,226634,4771,1,"1"
6458.0273387568022,226616,4789,1,"1"
6458.7891103127295,226606,4799,2,"2"
6461.7303663393286,226601,4804,1,"1"
6465.6438388800907,226583,4822,1,"1"
6467.4721717696339,226565,4840,1,"1"
6468.9178670372148,226560,4845,1,"1"
6469.1172388495816,226512,4893,8,"3-2-2-1"
6471.0605174054463,226509,4896,1,"1"
6488.1041278037746,226493,4912,2,"2"
6490.8652446052338,226476,4929,3,"2-1"
6502.6124254296165,226469,4936,1,"1"
6505.1773058979052,226445,4960,4,"2-2"
6512.5905496237674,226427,4978,1,"1"
6531.6075224509586,226411,4994,1,"1"
6535.1878526445362,226408,4997,1,"1"
6543.2822856977509,226398,5007,1,"1"
6543.999441907783,226340,5065,10,"7-1-1-1"
6561.1434484326319,226322,5083,1,"1"
6578.1810910648583,226304,5101,1,"1"
6581.5664903960032,226286,5119,1,"1"
6583.3094451259931,226268,5137,1,"1"
6586.0946939995492,226265,5140,1,"1"
6587.3398372569718,226247,5158,1,"1"
6588.1110565771905,226229,5176,1,"1"
6596.3553287185887,226211,5194,1,"1"
6598.0315023032208,226191,5214,2,"1-1"
6607.8608477354346,226174,5231,3,"2-1"
6609.3673199533832,226156,5249,1,"1"
6613.4792699154887,226138,5267,1,"1"
6616.1552029030754,226118,5287,2,"2"
6622.4007758937423,226100,5305,1,"1"
6625.2041107962168,226082,5323,1,"1"
6652.1322638473084,226064,5341,1,"1"
6656.169823042741,226046,5359,1,"1"
6670.4099470866622,226019,5386,3,"3"
6675.2134586464163,225951,5454,8,"5-1-1-1"
6680.901619425943,225933,5472,1,"1"
6684.8421399741064,225883,5522,6,"4-2"
6687.5728073301134,225871,5534,1,"1"
6698.928454403519,225829,5576,3,"2-1"
6711.4577065750318,225811,5594,1,"1"
6718.9493494263934,225793,5612,1,"1"
6731.4377991483634,225775,5630,1,"1"
6753.7151759075177,225762,5643,1,"1"
6763.2171462698279,225744,5661,1,"1"
6779.8996827944829,225739,5666,1,"1"
6787.492931477731,225721,5684,1,"1"
6801.4021787704651,225685,5720,2,"1-1"
6813.0052103453554,225670,5735,3,"3"
6831.2217792835481,225660,5745,1,"1"
6834.0058108620733,225643,5762,3,"3"
6861.4322488782691,225625,5780,1,"1"
6870.1936776301673,225587,5818,3,"2-1"
6874.3312022057571,225573,5832,1,"1"
6892.7866378253102,225555,5850,1,"1"
6895.9696717830602,225545,5860,1,"1"
6897.3384357191981,225531,5874,2,"2"
6902.2657681660776,225513,5892,1,"1"
6903.3944026266281,225495,5910,1,"1"
6910.146565410816,225485,5920,2,"2"
6916.3705233388682,225467,5938,1,"1"
6917.4550006509926,225427,5978,4,"3-1"
6925.0638360352796,225409,5996,1,"1"
6930.8652524666559,225402,6003,1,"1"
6995.1116656612776,225378,6027,4,"4"
6997.6087957944756,225360,6045,1,"1"
7030.7085454501384,225342,6063,1,"1"
7033.7469776032949,225324,6081,1,"1"
7053.9242947934235,225321,6084,1,"1"
7066.8537279003522,225289,6116,4,"2-2"
7076.5098758042332,225253,6152,2,"2"
7089.2399852749968,225235,6170,1,"1"
7089.2992797255793,225207,6198,2,"2"
7102.0027902833099,225194,6211,1,"1"
7103.8207999683873,225148,6257,3,"3"
7104.6011560991665,225128,6277,2,"1-1"
7118.813588403249,225119,6286,1,"1"
7123.2914123958799,225114,6291,1,"1"
7123.5336324110622,225104,6301,2,"1-1"
7127.7223217801447,225089,6316,3,"3"
7188.9963765417542,225051,6354,3,"2-1"
7202.9657916497672,225033,6372,1,"1"
7209.2144486102234,225006,6399,3,"1-1-1"
7219.6257068046061,224996,6409,2,"2"
7227.1170028213355,224896,6509,16,"8-3-2-1-1-1"
7227.9003920303212,224891,6514,1,"1"
7249.3593395867338,224877,6528,2,"2"
7257.4890680244525,224859,6546,1,"1"
7307.2042147622642,224823,6582,2,"2"
7314.6656913875213,224805,6600,1,"1"
7315.7747675276514,224787,6618,2,"2"
7320.558361547337,224769,6636,1,"1"
7335.724742498518,224733,6672,2,"1-1"
7344.0918468077734,224724,6681,1,"1"
7344.7182045403379,224706,6699,1,"1"
7349.1763838723846,224657,6748,6,"2-1-1-1-1"
7355.1225297337269,224647,6758,1,"1"
7368.8515322381036,224631,6774,1,"1"
7370.3693335954586,224595,6810,2,"2"
7388.6709441569428,224547,6858,4,"2-2"
7452.9801785854143,224529,6876,1,"1"
7460.3218430887837,224524,6881,1,"1"
7476.9974969525729,224506,6899,1,"1"
7493.5551115760018,224496,6909,1,"1"
7531.4465549656043,224478,6927,1,"1"
7568.9220385673052,224460,6945,1,"1"
7574.0825291299152,224446,6959,2,"2"
7577.3868381406992,224435,6970,1,"1"
7590.6777532943534,224398,7007,5,"2-2-1"
7591.0155199904875,224380,7025,1,"1"
7597.4977755089567,224370,7035,1,"1"
7599.3455817907452,224352,7053,1,"1"
7611.8943558296123,224301,7104,9,"5-1-1-1-1"
7626.7228784497793,224283,7122,1,"1"
7638.5891679281385,224278,7127,1,"1"
7639.6358135379505,224263,7142,1,"1"
7646.6473487247285,224195,7210,6,"2-1-1-1-1"
7650.4882949817202,224177,7228,1,"1"
7653.4128474187328,224159,7246,1,"1"
7669.1250783587193,224141,7264,1,"1"
7681.25366232532,224105,7300,2,"2"
7692.9788111686621,224094,7311,1,"1"
7697.9236671194294,224084,7321,1,"1"
7707.7673102780518,224066,7339,1,"1"
7710.1147328808165,224061,7344,1,"1"
7714.8136743449531,224043,7362,1,"1"
7743.1235150272105,224025,7380,1,"1"
7747.7628670545573,224007,7398,1,"1"
7747.8415281849739,224000,7405,1,"1"
7751.1363266657927,223982,7423,1,"1"
7769.02510671246,223964,7441,1,"1"
7775.5707587767793,223946,7459,1,"1"
7782.3678004840413,223935,7470,1,"1"
7787.2545947704457,223926,7479,1,"1"
7797.3235565975374,223890,7515,2,"2"
7799.058118461593,223840,7565,4,"2-2"
7801.8061428746905,223824,7581,1,"1"
7804.0493089510774,223804,7601,2,"1-1"
7806.4491590464677,223782,7623,2,"1-1"
7849.0101024900196,223764,7641,1,"1"
7857.612089398398,223746,7659,1,"1"
7889.7451016807372,223741,7664,1,"1"
7895.7829273272773,223724,7681,1,"1"
7900.3728384232018,223706,7699,1,"1"
7917.3006301403302,223688,7717,1,"1"
7925.93365728555,223681,7724,1,"1"
7939.8040769255485,223663,7742,1,"1"
7940.3916142413136,223645,7760,1,"1"
7945.7950017913745,223627,7778,1,"1"
7949.7272759670113,223609,7796,1,"1"
7952.5963356605334,223591,7814,1,"1"
7974.0035137819223,223567,7838,2,"2"
7974.7621396690338,223551,7854,1,"1"
7978.8876248443712,223541,7864,1,"1"
7983.0274414942478,223534,7871,1,"1"
7990.4409158606531,223516,7889,1,"1"
8010.3134522698147,223498,7907,1,"1"
8011.3894207194389,223489,7916,1,"1"
8012.3980679776259,223471,7934,1,"1"
8016.4925789327644,223422,7983,4,"2-1-1"
8017.0590167467526,223408,7997,1,"1"
8038.4769960652984,223390,8015,1,"1"
8041.3862591351954,223372,8033,1,"1"
8052.0156576843738,223354,8051,1,"1"
8065.8522059303605,223318,8087,2,"2"
8069.7186172191068,223264,8141,3,"2-1"
8080.7900925218819,223252,8153,1,"1"
8081.0632942348338,223234,8171,1,"1"
8091.4198016677665,223216,8189,1,"1"
8113.5720868103381,223202,8203,2,"2"
8120.6430164490775,223184,8221,1,"1"
8129.8011819533249,223172,8233,1,"1"
8154.1244893083176,223154,8251,1,"1"
8159.3982006196538,223145,8260,1,"1"
8163.7767459177758,223127,8278,1,"1"
8177.6340730756228,223122,8283,1,"1"
8187.7430525769414,223087,8318,3,"3"
8193.3034230682206,223069,8336,1,"1"
8199.925852591201,223055,8350,1,"1"
8211.250422693196,223037,8368,1,"1"
8212.9368408898008,223019,8386,1,"1"
8223.5057919457286,223001,8404,1,"1"
8227.2214762254371,222983,8422,1,"1"
8229.1524203319332,222951,8454,4,"4"
8242.0799364814793,222933,8472,1,"1"
8247.7420307440443,222915,8490,1,"1"
8252.0013422853972,222852,8553,5,"5"
8273.9008026461561,222792,8613,6,"3-1-1-1"
8274.8473227442646,222774,8631,1,"1"
8279.4542571045095,222738,8667,2,"1-1"
8312.5970113307558,222727,8678,1,"1"
8317.3024301393016,222709,8696,1,"1"
8325.5120662375757,222693,8712,2,"1-1"
8344.6266103648213,222675,8730,1,"1"
8349.9121216305648,222657,8748,1,"1"
8363.4991263663487,222641,8764,1,"1"
8368.601570757548,222636,8769,1,"1"
8381.4251783881336,222618,8787,1,"1"
8383.5659687279622,222560,8845,4,"2-1-1"
8397.1556550873956,222533,8872,3,"2-1"
8405.1225719294162,222515,8890,1,"1"
8415.6690831602609,222497,8908,1,"1"
8440.2650262006082,222479,8926,1,"1"
8454.4922787683699,222467,8938,1,"1"
8455.5932763714518,222449,8956,1,"1"
8463.9412515469612,222431,8974,1,"1"
8463.9525233455097,222399,9006,2,"2"
8465.7474618597244,222374,9031,3,"2-1"
8468.1206710082879,222350,9055,2,"1-1"
8480.0287496863202,222332,9073,1,"1"
8489.6099103229171,222327,9078,1,"1"
8498.6384493523419,222309,9096,1,"1"
8503.0746467586396,222291,9114,1,"1"
8504.3243338789198,222263,9142,2,"1-1"
8517.1896414605599,222229,9176,2,"1-1"
8518.0429351629955,222211,9194,1,"1"
8522.138008180229,222193,9212,1,"1"
8525.7253675505199,222059,9346,17,"4-4-4-1-1-1-1-1"
8527.4809658068607,222015,9390,4,"4"
8544.6436826566369,222005,9400,1,"1"
8551.6012585684603,221972,9433,2,"2"
8556.4718931768512,221954,9451,1,"1"
8558.0006366922098,221945,9460,1,"1"
8558.385383988485,221927,9478,1,"1"
8564.5607905633969,221920,9485,1,"1"
8576.0253467323309,221902,9503,1,"1"
8587.4816684881462,221884,9521,1,"1"
8608.4591464718269,221866,9539,2,"2"
8611.7237943175587,221848,9557,1,"1"
8623.1156756585169,221835,9570,1,"1"
8637.6865600732435,221817,9588,1,"1"
8640.6141591204905,221715,9690,8,"4-2-1-1"
8656.0714590187254,221697,9708,1,"1"
8666.5666168802054,221663,9742,2,"2"
8676.385090678521,221645,9760,1,"1"
8690.3021713659036,221609,9796,2,"2"
8719.5883200175485,221591,9814,1,"1"
8725.283196657123,221573,9832,1,"1"
8768.3584514821468,221555,9850,1,"1"
8769.1508765652834,221543,9862,1,"1"
8816.2885806576924,221525,9880,1,"1"
8819.3089866597311,221507,9898,1,"1"
8822.7183925045811,221489,9916,1,"1"
8840.3448558727305,221409,9996,9,"6-1-1-1"
8867.6130622908458,221391,10014,1,"1"
8869.3023683485408,221315,10090,7,"2-2-1-1-1"
8888.8654059335513,221297,10108,1,"1"
8896.0187048349981,221277,10128,2,"2"
8900.3977735545213,221211,10194,5,"4-1"
8903.1190215319002,221193,10212,1,"1"
8903.6203106885914,221175,10230,1,"1"
8914.3206491150777,221162,10243,1,"1"
8939.2243021468421,221138,10267,2,"2"
8945.1804368985504,221131,10274,1,"1"
8953.6876880826021,221007,10398,12,"5-4-2-1"
8965.1039481448061,220995,10410,1,"1"
8973.6511630498571,220977,10428,1,"1"
9004.6478514288356,220959,10446,1,"1"
9013.1298810655353,220941,10464,1,"1"
9013.9303299082057,220923,10482,1,"1"
9014.044632288942,220851,10554,5,"3-1-1"
9014.9704810841758,220833,10572,1,"1"
9016.7940388987608,220815,10590,1,"1"
9022.2635574342585,220761,10644,3,"2-1"
9025.5093241637387,220756,10649,1,"1"
9033.4743451070699,220743,10662,1,"1"
9042.9703210359985,220725,10680,1,"1"
9053.0525361237887,220707,10698,1,"1"
9055.4579441422411,220689,10716,1,"1"
9056.8938939834698,220671,10734,1,"1"
9061.2341327603826,220666,10739,1,"1"
9064.7930374089774,220648,10757,1,"1"
9070.4610787551974,220630,10775,1,"1"
9075.5621430846677,220594,10811,2,"1-1"
9086.7981711718821,220558,10847,2,"2"
9112.9669932984471,220522,10883,4,"3-1"
9114.8186498470131,220504,10901,1,"1"
9115.499522061984,220435,10970,7,"3-2-1-1"
9116.66413021669,220399,11006,2,"1-1"
9141.4603942382655,220394,11011,1,"1"
9146.3882455741295,220376,11029,1,"1"
9146.5188206940511,220358,11047,1,"1"
9152.3022689403697,220340,11065,1,"1"
9156.0569175295532,220320,11085,2,"2"
9159.5561755760937,220302,11103,1,"1"
9159.930977876129,220284,11121,1,"1"
9161.7061629802665,220248,11157,2,"2"
9163.6835836967421,220230,11175,1,"1"
9164.5071574807134,220212,11193,1,"1"
9168.1998736785154,220158,11247,3,"2-1"
9169.6617545900554,220149,11256,1,"1"
9174.9527582578066,220144,11261,1,"1"
9177.0642257581203,220108,11297,2,"1-1"
9178.3077202760633,220090,11315,1,"1"
9179.9620539734806,219829,11576,25,"5-4-4-2-2-2-1-1-1-1-1-1"
9188.4152884447085,219801,11604,2,"1-1"
9193.6231110839144,219783,11622,1,"1"
9193.701920893438,219765,11640,1,"1"
9196.6653243454966,219661,11744,7,"2-2-1-1-1"
9215.8565198452052,219643,11762,1,"1"
9217.0518696776144,219573,11832,6,"3-1-1-1"
9217.0634886667558,219555,11850,1,"1"
9222.3450228073125,219544,11861,1,"1"
9239.048925449506,219537,11868,1,"1"
9248.2865884912226,219530,11875,1,"1"
9251.3789969540449,219520,11885,1,"1"
9256.3143693882703,219446,11959,6,"2-2-1-1"
9260.9817639447811,219437,11968,1,"1"
9268.6878775356072,219419,11986,1,"1"
9271.8448547849039,219399,12006,2,"1-1"
9274.568331612074,219378,12027,3,"2-1"
9288.6370132715383,219368,12037,1,"1"
9305.2520411705846,219350,12055,1,"1"
9315.218533102081,219291,12114,5,"3-1-1"
9315.5229210109246,219273,12132,1,"1"
9330.5506926254329,219255,12150,1,"1"
9338.9501311254462,219248,12157,1,"1"
9357.1597173529553,219236,12169,1,"1"
9382.8084830795506,219218,12187,1,"1"
9398.356156927206,219200,12205,1,"1"
9402.6055530406102,219178,12227,2,"1-1"
9413.0391575455633,219160,12245,1,"1"
9416.5636322405462,219142,12263,1,"1"
9418.8037260239544,219100,12305,4,"2-1-1"
9418.9389781410428,219074,12331,2,"1-1"
9421.9069370879588,219056,12349,1,"1"
9423.9839930890357,219018,12387,3,"1-1-1"
9425.7567212367085,219011,12394,1,"1"
9441.0566186481865,218993,12412,1,"1"
9445.6044257479698,218605,12800,31,"10-3-3-2-2-2-1-1-1-1-1-1-1-1-1"
9452.1666316438859,218552,12853,5,"2-1-1-1"
9455.5958567549078,218534,12871,1,"1"
9455.9737279423152,218525,12880,1,"1"
9468.7564902926297,0,231405,12355,"12355"
----------------------------------------------4
0,231405,0,0,"0"
215.02802855999118,231404,1,1,"1"
255.92274658745973,231386,19,1,"1"
276.11567896989646,231385,20,1,"1"
310.2684150179843,231384,21,1,"1"
498.2050627205636,231383,22,1,"1"
556.2319355010294,231381,24,2,"1-1"
564.12845651350801,231380,25,1,"1"
604.19504797158083,231379,26,1,"1"
605.83542236161736,231378,27,1,"1"
622.03431853498262,231373,32,1,"1"
642.17085883495145,231372,33,1,"1"
642.94809336083631,231371,34,1,"1"
662.42324358050405,231370,35,1,"1"
684.76521641609713,231369,36,1,"1"
694.87243435815981,231368,37,1,"1"
696.28459015122041,231367,38,1,"1"
699.10529494758714,231365,40,2,"1-1"
700.13019665655236,231364,41,1,"1"
713.38318920463121,231363,42,1,"1"
732.62533905272358,231362,43,1,"1"
763.35100526109215,231349,56,1,"1"
787.39884064092769,231348,57,1,"1"
806.18309928675558,231347,58,1,"1"
807.47229267526416,231335,70,1,"1"
850.96431633556665,231334,71,1,"1"
886.95423375528833,231333,72,1,"1"
948.29756014014094,231332,73,1,"1"
1001.1098832292882,231331,74,1,"1"
1002.1171159526139,231330,75,1,"1"
1010.3674323424578,231329,76,1,"1"
1061.2125006387994,231311,94,1,"1"
1062.5436885091724,231310,95,1,"1"
1069.091721561939,231309,96,1,"1"
1078.69111777491,231291,114,1,"1"
1084.8960297148269,231281,124,1,"1"
1088.3401980795297,231270,135,1,"1"
1098.7446034571717,231269,136,1,"1"
1112.4969762254318,231268,137,1,"1"
1114.079697985796,231267,138,1,"1"
1116.4840883597635,231266,139,1,"1"
1132.1990091961188,231265,140,1,"1"
1137.4223363797034,231260,145,1,"1"
1167.0634455425932,231259,146,1,"1"
1185.179511424682,231241,164,1,"1"
1186.2513351081061,231240,165,1,"1"
1190.4223824383175,231222,183,1,"1"
1196.4796919650539,231204,201,1,"1"
1198.766336957807,231203,202,1,"1"
1231.4751828920898,231202,203,1,"1"
1244.2873319976447,231201,204,1,"1"
1248.1429574851104,231200,205,1,"1"
1252.1415095915052,231197,208,1,"1"
1288.5962678636631,231194,211,3,"2-1"
1289.1337679586431,231193,212,1,"1"
1295.6628907848467,231189,216,4,"3-1"
1300.6901275888233,231171,234,1,"1"
1301.2787408284212,231170,235,1,"1"
1306.137560074578,231169,236,1,"1"
1324.7619324059126,231151,254,1,"1"
1327.2996466533336,231150,255,1,"1"
1399.1814653389677,231149,256,1,"1"
1405.1070391957217,231146,259,1,"1"
1464.7691367242248,231134,271,1,"1"
1482.2000139752531,231133,272,1,"1"
1483.0441444455082,231132,273,1,"1"
1490.353339646178,231130,275,2,"2"
1498.6801884849378,231129,276,1,"1"
1530.1637456905592,231128,277,1,"1"
1554.0257861703683,231127,278,1,"1"
1555.1721265911049,231112,293,5,"5"
1566.3845160834335,231094,311,1,"1"
1575.6283239525033,231082,323,1,"1"
1582.4536064673728,231080,325,2,"1-1"
1587.2713926949846,231074,331,4,"3-1"
1592.4575720123191,231062,343,1,"1"
1603.7830250715308,231061,344,1,"1"
1611.8356658945449,231060,345,1,"1"
1691.6723541988163,231059,346,1,"1"
1711.457283718777,231058,347,1,"1"
1730.9730525406869,231040,365,1,"1"
1770.3862031286121,231039,366,1,"1"
1783.6423451507096,231036,369,3,"2-1"
1785.2385479807347,231034,371,2,"2"
1789.6843444632186,231032,373,2,"2"
1790.6176405912354,231031,374,1,"1"
1795.8885064032243,231028,377,1,"1"
1797.8605352515883,231025,380,3,"3"
1802.0867338915609,231024,381,1,"1"
1821.9299613161888,231023,382,1,"1"
1838.114875693125,231022,383,1,"1"
1850.8152364100965,231019,386,1,"1"
1853.5157702491529,231001,404,1,"1"
1864.1515690455676,230999,406,2,"2"
1868.4142566404071,230998,407,1,"1"
1887.3354714959462,230997,408,1,"1"
1912.6164958278591,230996,409,1,"1"
1924.6207755261821,230991,414,1,"1"
1924.8341125106715,230989,416,2,"2"
1926.529153299517,230977,428,1,"1"
1932.1194417870486,230976,429,1,"1"
1960.7575002419267,230973,432,3,"2-1"
1965.1210233689123,230959,446,4,"2-1-1"
1983.776728568871,230958,447,1,"1"
1985.7397035136976,230952,453,2,"1-1"
2000.965967345925,230940,465,1,"1"
2017.4169254870139,230922,483,1,"1"
2031.1693431892379,230921,484,1,"1"
2048.8886110160265,230919,486,2,"2"
2049.5017404980536,230917,488,2,"2"
2052.7346897872344,230899,506,1,"1"
2053.0529003523511,230892,513,3,"3"
2054.4662417169448,230889,516,1,"1"
2066.4405437722453,230886,519,3,"1-1-1"
2071.4363029672754,230885,520,1,"1"
2091.3801793408347,230867,538,1,"1"
2099.0816218594664,230866,539,1,"1"
2117.7514084146724,230862,543,4,"4"
2123.8488176530386,230860,545,2,"2"
2152.20415533097,230824,581,2,"2"
2173.9275123241277,230818,587,4,"3-1"
2230.7498560206222,230817,588,1,"1"
2237.4329341199182,230816,589,1,"1"
2272.157214387531,230803,602,1,"1"
2283.9841488396014,230785,620,1,"1"
2325.9385518543791,230783,622,2,"2"
2332.4959614449244,230782,623,1,"1"
2344.319433933038,230776,629,2,"2"
2353.3967819394188,230771,634,1,"1"
2362.7283930993221,230753,652,1,"1"
2368.0780445942614,230747,658,2,"2"
2422.6039357573577,230729,676,1,"1"
2423.9450640531782,230728,677,1,"1"
2429.4010911794167,230725,680,1,"1"
2451.2794578274475,230722,683,1,"1"
2453.865848482727,230716,689,2,"2"
2471.1644126278711,230711,694,1,"1"
2471.6321517112892,230705,700,2,"2"
2476.2688922405368,230687,718,1,"1"
2513.6391185016332,230684,721,1,"1"
2515.3848296608462,230673,732,1,"1"
2535.8674844385555,230672,733,1,"1"
2540.0927786093066,230662,743,2,"2"
2554.7272884229997,230661,744,1,"1"
2602.476742052319,230643,762,1,"1"
2611.8720806821293,230625,780,1,"1"
2617.8649734064029,230624,781,1,"1"
2621.9044546010277,230614,791,1,"1"
2631.5615320180727,230613,792,1,"1"
2648.5413608710687,230612,793,1,"1"
2661.4062145929929,230611,794,1,"1"
2686.4094733374673,230601,804,1,"1"
2696.2475316943569,230583,822,1,"1"
2795.1197546106036,230577,828,2,"1-1"
2806.2150902435246,230563,842,1,"1"
2811.1706634013822,230545,860,1,"1"
2814.083832031929,230527,878,1,"1"
2815.7704874751648,230521,884,2,"2"
2853.8287540408719,230520,885,1,"1"
2865.4676363611929,230518,887,2,"1-1"
2871.8085588357421,230500,905,1,"1"
2879.8384227801794,230495,910,1,"1"
2916.2962034730831,230494,911,1,"1"
2928.6234068708241,230489,916,1,"1"
2941.8547684309224,230479,926,2,"1-1"
2968.1352907902578,230474,931,1,"1"
2996.7735856863328,230465,940,1,"1"
3008.2977454244228,230447,958,1,"1"
3049.4261916548271,230444,961,1,"1"
3074.6237064868178,230441,964,1,"1"
3081.9957573039205,230435,970,2,"1-1"
3126.3318472038204,230434,971,1,"1"
3136.8773252803308,230430,975,2,"2"
3142.4733960878552,230429,976,1,"1"
3145.2435914349371,230393,1012,2,"2"
3148.6247859015248,230357,1048,2,"2"
3169.9814152706463,230352,1053,1,"1"
3206.382043630399,230334,1071,1,"1"
3245.2134811989977,230324,1081,1,"1"
3256.1727953189848,230306,1099,1,"1"
3262.5030489219635,230305,1100,1,"1"
3267.1478101809298,230300,1105,1,"1"
3268.1476004305564,230282,1123,1,"1"
3283.3191150356893,230264,1141,1,"1"
3297.4668721435592,230263,1142,1,"1"
3300.411303561079,230245,1160,1,"1"
3321.2189331880841,230240,1165,1,"1"
3325.297330781063,230222,1183,1,"1"
3328.6159399955282,230213,1192,1,"1"
3368.5118576351128,230208,1197,1,"1"
3370.7234931337139,230194,1211,2,"2"
3375.0825756984714,230176,1229,1,"1"
3394.824776801493,230164,1241,1,"1"
3413.7758055648819,230159,1246,1,"1"
3447.8107257708648,230141,1264,1,"1"
3462.6444725333386,230123,1282,1,"1"
3470.5963802066799,230112,1293,3,"2-1"
3471.8489980576542,230105,1300,1,"1"
3473.6277914592852,230100,1305,1,"1"
3476.3813153471069,230088,1317,1,"1"
3493.6990623673628,230070,1335,1,"1"
3558.6562802615172,230069,1336,1,"1"
3566.9871740780072,230057,1348,1,"1"
3589.1904942224305,230047,1358,1,"1"
3590.7125528253459,230037,1368,1,"1"
3608.7713445254785,230019,1386,1,"1"
3626.4080818297402,230001,1404,1,"1"
3630.3101644051671,229996,1409,1,"1"
3674.3620040946016,229993,1412,1,"1"
3677.7799404547791,229977,1428,1,"1"
3678.260622432811,229972,1433,1,"1"
3713.1467126359835,229962,1443,1,"1"
3716.6232290883972,229944,1461,1,"1"
3718.2138474924436,229934,1471,1,"1"
3729.0200157228023,229916,1489,1,"1"
3729.1499947979405,229898,1507,1,"1"
3730.5246726945184,229880,1525,1,"1"
3758.5710190259833,229879,1526,1,"1"
3764.328563324807,229863,1542,2,"2"
3775.3449353945753,229845,1560,1,"1"
3793.016134884856,229840,1565,1,"1"
3798.8299007860637,229825,1580,1,"1"
3811.6455235900653,229820,1585,1,"1"
3812.8495126992125,229817,1588,1,"1"
3834.1340633097116,229814,1591,1,"1"
3835.7404660139246,229796,1609,1,"1"
3837.6722042403699,229779,1626,3,"3"
3839.1097569115095,229765,1640,2,"2"
3849.7947396853815,229760,1645,1,"1"
3852.6368220465856,229742,1663,1,"1"
3865.2544044453298,229729,1676,1,"1"
3873.283686462119,229711,1694,1,"1"
3878.8317563945488,229693,1712,1,"1"
3883.5983191260848,229683,1722,1,"1"
3885.4675642496031,229674,1731,1,"1"
3891.6514363859101,229671,1734,1,"1"
3910.7250093718408,229653,1752,1,"1"
3916.3619730202354,229635,1770,1,"1"
3944.1006717847017,229629,1776,2,"2"
3956.4679254139219,229626,1779,1,"1"
3966.9684120041798,229608,1797,4,"2-1-1"
3967.6941391097475,229590,1815,1,"1"
3976.1355018612821,229572,1833,1,"1"
4008.3487724944844,229554,1851,1,"1"
4043.7838662853319,229536,1869,1,"1"
4067.4551538632172,229518,1887,1,"1"
4073.31645840489,229513,1892,1,"1"
4087.0393976037385,229503,1902,2,"2"
4094.9741140836932,229485,1920,1,"1"
4103.4002549245124,229467,1938,1,"1"
4114.2417246846589,229449,1956,1,"1"
4162.2189492189709,229431,1974,1,"1"
4172.7083164906608,229419,1986,1,"1"
4178.9570497695895,229412,1993,1,"1"
4217.3533277798124,229402,2003,2,"2"
4219.9130194023965,229395,2010,1,"1"
4229.4773892567528,229377,2028,1,"1"
4245.0918445314937,229357,2048,2,"2"
4262.6488492742837,229339,2066,1,"1"
4291.0584194593366,229321,2084,1,"1"
4295.757959665757,229303,2102,1,"1"
4301.2121067326752,229285,2120,1,"1"
4312.7571313665021,229267,2138,1,"1"
4330.2030897692202,229249,2156,1,"1"
4347.5616198776661,229239,2166,1,"1"
4353.7033080521505,229234,2171,1,"1"
4362.818040016853,229223,2182,1,"1"
4413.4230695690248,229205,2200,1,"1"
4419.2495935831867,229187,2218,1,"1"
4439.3993380103329,229169,2236,1,"1"
4451.1810392943871,229151,2254,1,"1"
4454.4491656518549,229133,2272,1,"1"
4474.133457895794,228963,2442,22,"17-2-2-1"
4480.007366275353,228943,2462,4,"4"
4499.2474744043811,228925,2480,1,"1"
4502.7376647861811,228907,2498,1,"1"
4516.6549771377531,228898,2507,3,"3"
4525.9357680409357,228893,2512,1,"1"
4536.804106081885,228875,2530,1,"1"
4539.8822503538549,228857,2548,1,"1"
4554.8530797483108,228843,2562,1,"1"
4560.830209071537,228840,2565,1,"1"
4569.390410224335,228830,2575,2,"1-1"
4583.1736258852752,228812,2593,1,"1"
4613.2512498013066,228782,2623,2,"2"
4633.149989516096,228764,2641,1,"1"
4639.0342724936554,228746,2659,1,"1"
4648.64331342063,228712,2693,3,"2-1"
4657.9019988870032,228694,2711,1,"1"
4662.7216184520812,228676,2729,1,"1"
4669.0521338785093,228658,2747,1,"1"
4671.0201094670119,228640,2765,1,"1"
4694.0306961729229,228622,2783,1,"1"
4719.3914967192632,228604,2801,1,"1"
4746.5482529012643,228601,2804,1,"1"
4769.7326927166005,228591,2814,1,"1"
4778.835195584441,228573,2832,1,"1"
4780.4281578496211,228568,2837,1,"1"
4781.0519230149876,228532,2873,2,"2"
4796.565178405499,228520,2885,1,"1"
4807.7868952268118,228513,2892,1,"1"
4809.9190996617144,228496,2909,3,"3"
4811.9438779790926,228489,2916,1,"1"
4824.9050038417026,228477,2928,1,"1"
4846.0942061763863,228472,2933,1,"1"
4854.6788173677778,228462,2943,2,"1-1"
4863.2989592771773,228444,2961,1,"1"
4877.665044003078,228434,2971,1,"1"
4903.9227888020132,228418,2987,4,"4"
4917.7182054273635,228400,3005,1,"1"
4919.0991486273824,228368,3037,2,"2"
4934.8464431503162,228363,3042,1,"1"
4938.3070531007743,228350,3055,1,"1"
4963.2545160237123,228332,3073,1,"1"
4980.8725967381251,228329,3076,1,"1"
4983.4786620262812,228323,3082,2,"2"
4998.8310052834013,228305,3100,1,"1"
5017.6394826544083,228298,3107,1,"1"
5039.7786566982932,228290,3115,2,"1-1"
5081.1376850204342,228272,3133,1,"1"
5089.1271217451176,228254,3151,1,"1"
5089.33547526232,228245,3160,3,"3"
5130.6268143829784,228242,3163,1,"1"
5150.0807368733331,228218,3187,4,"4"
5152.3021951452092,228215,3190,1,"1"
5160.0781805092474,228210,3195,1,"1"
5185.3722025061306,228199,3206,1,"1"
5187.4959959185981,228181,3224,1,"1"
5203.5176139790456,228165,3240,4,"2-2"
5221.3415224695245,228147,3258,1,"1"
5230.0872805091303,228136,3269,1,"1"
5237.5305518493496,228120,3285,1,"1"
5238.5209155699313,228102,3303,1,"1"
5240.0945981476416,228084,3321,1,"1"
5262.2152013091545,228076,3329,2,"2"
5276.1565141959409,228058,3347,1,"1"
5287.1161617903572,228042,3363,1,"1"
5294.2796644142818,228024,3381,1,"1"
5320.4994289407832,228006,3399,1,"1"
5362.3027646030023,228000,3405,2,"2"
5364.7768661793461,227982,3423,1,"1"
5385.2056605242642,227979,3426,1,"1"
5401.9361637088687,227976,3429,1,"1"
5423.6115966932912,227964,3441,1,"1"
5428.6207411702444,227959,3446,1,"1"
5433.555897242356,227941,3464,1,"1"
5438.1200453720985,227923,3482,1,"1"
5452.2946875774196,227914,3491,1,"1"
5457.8062061496503,227882,3523,2,"1-1"
5462.3424734423479,227877,3528,1,"1"
5483.3426693217925,227872,3533,1,"1"
5489.1676033123076,227854,3551,1,"1"
5494.306698795941,227836,3569,1,"1"
5499.0373411484734,227824,3581,1,"1"
5542.1833445155107,227821,3584,1,"1"
5553.0248766510376,227803,3602,1,"1"
5566.145118149283,227779,3626,2,"2"
5566.3773783954239,227761,3644,1,"1"
5570.5951645890136,227756,3649,1,"1"
5579.3478126832333,227738,3667,1,"1"
5583.9688469596867,227733,3672,1,"1"
5587.0040113570421,227715,3690,1,"1"
5602.2497122945306,227697,3708,1,"1"
5611.7893755023233,227687,3718,1,"1"
5615.7539603406385,227669,3736,1,"1"
5658.5331223850108,227662,3743,1,"1"
5697.1833256477075,227634,3771,2,"1-1"
5715.7825046382768,227624,3781,1,"1"
5723.8817135642958,227606,3799,1,"1"
5729.8353141723928,227588,3817,1,"1"
5730.1433351592905,227585,3820,1,"1"
5736.2128965041275,227572,3833,3,"3"
5755.696728447153,227569,3836,1,"1"
5757.4773255400642,227559,3846,2,"2"
5761.0440827147049,227543,3862,1,"1"
5761.9404268826847,227538,3867,1,"1"
5770.8559925163299,227522,3883,1,"1"
5781.1283834018195,227512,3893,1,"1"
5784.5899010797484,227507,3898,1,"1"
5792.1700660487049,227498,3907,1,"1"
5797.3509388763068,227486,3919,1,"1"
5817.1662097001954,227468,3937,1,"1"
5821.6326502069305,227453,3952,3,"2-1"
5831.3340665160831,227443,3962,2,"2"
5833.1792880531357,227425,3980,1,"1"
5859.5654784198014,227409,3996,1,"1"
5873.7875180012034,227400,4005,1,"1"
5879.9566286908512,227367,4038,5,"2-1-1-1"
5880.8839863538369,227349,4056,1,"1"
5897.4608037439875,227331,4074,1,"1"
5901.0269834735582,227313,4092,1,"1"
5918.2736432150559,227310,4095,1,"1"
5920.1071061032153,227292,4113,1,"1"
5924.9368229744796,227274,4131,1,"1"
5929.7935334130852,227256,4149,1,"1"
5970.2056314887432,227238,4167,1,"1"
5971.3493196206082,227228,4177,1,"1"
5981.4656833105337,227210,4195,1,"1"
5999.2670806922333,227192,4213,1,"1"
6005.8459374907279,227174,4231,1,"1"
6016.6194263346624,227160,4245,2,"2"
6021.0059374136736,227142,4263,1,"1"
6024.1056014916685,227123,4282,3,"3"
6027.5288013048867,227113,4292,1,"1"
6038.2526453147411,227107,4298,2,"2"
6041.8568577615788,227089,4316,1,"1"
6055.7047581763472,227068,4337,2,"2"
6085.1039084096192,227034,4371,6,"5-1"
6088.7211640312034,227025,4380,1,"1"
6089.2928223647023,227007,4398,1,"1"
6098.2469579529834,227002,4403,1,"1"
6113.1356598056782,226984,4421,1,"1"
6125.4175928248096,226979,4426,1,"1"
6132.134387249569,226976,4429,1,"1"
6173.4641232404183,226958,4447,1,"1"
6180.129196595115,226940,4465,1,"1"
6241.2764509896469,226922,4483,1,"1"
6251.7755629147741,226906,4499,1,"1"
6292.8065104060297,226870,4535,2,"2"
6302.1070988526253,226860,4545,1,"1"
6308.1465375650041,226839,4566,3,"2-1"
6312.4475996358206,226831,4574,2,"2"
6327.3222195331573,226813,4592,1,"1"
6356.0248942686567,226795,4610,1,"1"
6362.7748954729768,226790,4615,1,"1"
6371.5961862348786,226772,4633,1,"1"
6383.3745755261643,226762,4643,1,"1"
6405.8354196979071,226744,4661,1,"1"
6408.7154428691874,226726,4679,1,"1"
6411.0065307172526,226708,4697,1,"1"
6422.639703169194,226699,4706,1,"1"
6424.9401023214241,226663,4742,2,"1-1"
6427.5995371886183,226653,4752,1,"1"
6437.5963191983064,226629,4776,2,"2"
6438.238364549059,226600,4805,5,"2-2-1"
6438.6596263164192,226587,4818,1,"1"
6445.1590115661811,226582,4823,1,"1"
6461.2612165584978,226568,4837,2,"2"
6472.9391872298902,226550,4855,1,"1"
6483.5862375673169,226532,4873,2,"1-1"
6527.48432992576,226514,4891,1,"1"
6531.2935199409003,226496,4909,1,"1"
6531.4965752038897,226478,4927,1,"1"
6536.4789165196389,226460,4945,1,"1"
6541.7720400637054,226442,4963,1,"1"
6569.2276814382694,226437,4968,1,"1"
6570.8752802993431,226419,4986,1,"1"
6613.8217409401459,226401,5004,1,"1"
6614.387086926833,226389,5016,1,"1"
6633.0062933616118,226379,5026,1,"1"
6649.3421160576363,226374,5031,1,"1"
6664.9057518944373,226356,5049,1,"1"
6674.0016475079983,226338,5067,1,"1"
6697.2744429828308,226312,5093,2,"2"
6720.5355325629662,226294,5111,1,"1"
6721.9251807052433,226276,5129,1,"1"
6735.8014995940903,226258,5147,1,"1"
6758.1503143503469,226240,5165,1,"1"
6763.2458815745231,226222,5183,1,"1"
6783.2380034027929,226212,5193,1,"1"
6791.6541406479555,226194,5211,1,"1"
6805.791044296041,226176,5229,1,"1"
6807.7705975388517,226150,5255,4,"3-1"
6827.9955998338901,226114,5291,2,"2"
6829.5019949491279,226096,5309,1,"1"
6855.0819526028909,226078,5327,1,"1"
6858.5063700584078,226060,5345,1,"1"
6860.9637112018945,226042,5363,1,"1"
6871.2390008867014,225998,5407,4,"4"
6878.0086874384042,225980,5425,1,"1"
6884.1231662264518,225926,5479,3,"2-1"
6893.8951538773144,225908,5497,1,"1"
6897.2413511359455,225890,5515,1,"1"
6899.3219300291285,225852,5553,3,"2-1"
6903.2940334277082,225837,5568,1,"1"
6906.5176342749573,225827,5578,1,"1"
6912.7949566317702,225818,5587,1,"1"
6917.3596964638582,225782,5623,2,"2"
6917.3664725401386,225764,5641,1,"1"
6927.349141901389,225746,5659,1,"1"
6941.8116634268172,225743,5662,1,"1"
6941.8649714952217,225725,5680,1,"1"
6962.1738989329451,225715,5690,1,"1"
6963.0119926466286,225705,5700,2,"2"
6970.2759144764796,225687,5718,1,"1"
6986.6854427470735,225669,5736,1,"1"
6995.2035351696322,225664,5741,1,"1"
7003.5335326243649,225661,5744,1,"1"
7011.9019354113625,225651,5754,2,"2"
7015.9120694986641,225618,5787,5,"3-2"
7031.7183491799842,225606,5799,1,"1"
7074.0516398580994,225588,5817,1,"1"
7074.8922365571425,225581,5824,1,"1"
7076.2303657414559,225563,5842,1,"1"
7096.7231828008689,225545,5860,1,"1"
7107.4650271852352,225503,5902,6,"6"
7126.5504225900868,225500,5905,1,"1"
7130.6985052376685,225482,5923,1,"1"
7139.1376843918442,225464,5941,1,"1"
7143.4651970020068,225446,5959,1,"1"
7143.6928217278582,225428,5977,1,"1"
7144.3108119004773,225410,5995,1,"1"
7151.587078184747,225392,6013,1,"1"
7160.8140026545789,225374,6031,1,"1"
7162.5070647286848,225340,6065,3,"2-1"
7163.2362768658786,225322,6083,1,"1"
7167.0482610027211,225312,6093,1,"1"
7173.5833476221869,225292,6113,2,"1-1"
7173.8102364631777,225256,6149,2,"2"
7178.0057615704955,225238,6167,1,"1"
7195.7188992111651,225220,6185,1,"1"
7226.2467055395828,225202,6203,1,"1"
7242.5593659310953,225184,6221,1,"1"
7264.2666132391651,225171,6234,1,"1"
7265.0380037438572,225153,6252,1,"1"
7300.1692711639516,225140,6265,1,"1"
7301.545069517877,225122,6283,1,"1"
7313.904538653851,225086,6319,2,"2"
7315.8606371884389,225068,6337,1,"1"
7321.3280904924895,225050,6355,1,"1"
7321.7755212658612,225033,6372,3,"3"
7333.4771829220772,225026,6379,1,"1"
7334.5214661944492,225008,6397,1,"1"
7338.167660013627,225003,6402,1,"1"
7357.5999687088351,224985,6420,1,"1"
7369.2374522352738,224972,6433,1,"1"
7374.3952359535942,224954,6451,1,"1"
7388.7469829687261,224944,6461,1,"1"
7397.4746156351357,224939,6466,1,"1"
7403.1951174097721,224921,6484,1,"1"
7405.4066070839208,224906,6499,3,"3"
7408.0435954642016,224868,6537,4,"3-1"
7426.3853597859788,224850,6555,1,"1"
7429.7938055997784,224790,6615,8,"6-2"
7430.4069832756895,224772,6633,1,"1"
7467.9886362732905,224754,6651,1,"1"
7497.2662660417336,224736,6669,1,"1"
7507.9513640668056,224718,6687,1,"1"
7511.5799927512517,224707,6698,1,"1"
7535.1413011942877,224689,6716,1,"1"
7552.4072792307252,224671,6734,1,"1"
7557.6420951588425,224653,6752,1,"1"
7565.510616372967,224633,6772,2,"1-1"
7578.7715449133184,224615,6790,1,"1"
7597.3454636930464,224605,6800,1,"1"
7613.1500170804675,224538,6867,7,"5-1-1"
7613.2726800347182,224531,6874,1,"1"
7635.5832441734883,224495,6910,2,"2"
7661.0439613211847,224481,6924,1,"1"
7679.1387636005065,224463,6942,1,"1"
7686.4455929513542,224407,6998,5,"3-1-1"
7706.9563024891604,224329,7076,12,"5-3-1-1-1-1"
7708.9605727174758,224311,7094,1,"1"
7720.3922382394612,224286,7119,5,"3-1-1"
7727.7878415107252,224268,7137,1,"1"
7735.0535133331559,224232,7173,2,"2"
7742.1941525838529,224210,7195,2,"1-1"
7770.5260524921341,224192,7213,1,"1"
7772.3522716356592,224174,7231,1,"1"
7782.6365816181151,224106,7299,6,"1-1-1-1-1-1"
7792.2986688235951,224088,7317,1,"1"
7794.5752897383409,224070,7335,1,"1"
7799.6022167202218,224052,7353,1,"1"
7800.1528553876042,224045,7360,1,"1"
7803.2436807184395,224042,7363,1,"1"
7806.6632204572652,224015,7390,3,"2-1"
7823.9368414276769,223997,7408,1,"1"
7829.7817570377783,223985,7420,1,"1"
7833.7588996272261,223967,7438,1,"1"
7856.7518764557153,223931,7474,2,"2"
7882.3131389190366,223917,7488,1,"1"
7893.9178927462654,223882,7523,2,"2"
7895.9591773882203,223864,7541,1,"1"
7916.637146714058,223854,7551,1,"1"
7923.6888909005456,223836,7569,1,"1"
7932.7005156232808,223816,7589,2,"1-1"
7936.6791076471472,223788,7617,2,"2"
7948.4058096176041,223766,7639,2,"1-1"
7959.1674155610981,223693,7712,6,"5-1"
7968.9398353162878,223675,7730,1,"1"
7976.2784220607455,223663,7742,1,"1"
8019.6067762922503,223645,7760,1,"1"
8026.3737012575839,223591,7814,3,"2-1"
8029.6877229111778,223573,7832,1,"1"
8034.3932606799472,223555,7850,1,"1"
8036.0897279095707,223537,7868,1,"1"
8039.0525193133217,223501,7904,2,"2"
8053.1509994402459,223498,7907,1,"1"
8061.3834584966444,223493,7912,1,"1"
8063.3850020455329,223457,7948,2,"2"
8070.4959075428669,223439,7966,1,"1"
8072.8258557350982,223423,7982,1,"1"
8074.4930571930245,223405,8000,1,"1"
8094.3888740325656,223337,8068,6,"3-1-1-1"
8103.6038554327779,223319,8086,1,"1"
8120.2727303344445,223314,8091,1,"1"
8121.1203398898724,223304,8101,1,"1"
8128.7075370144121,223299,8106,1,"1"
8138.830932205472,223261,8144,3,"2-1"
8139.7702340402775,223247,8158,2,"2"
8158.5296376800316,223229,8176,1,"1"
8164.5081077120167,223212,8193,1,"1"
8165.3166109025442,223178,8227,2,"2"
8192.3716031714357,223160,8245,2,"2"
8198.3764405943894,223133,8272,3,"2-1"
8198.4138905042473,223115,8290,1,"1"
8211.7157648101875,223099,8306,1,"1"
8219.0349605568117,223081,8324,1,"1"
8229.4303453679349,223076,8329,1,"1"
8231.170432569339,223040,8365,2,"2"
8235.5387577798792,223022,8383,1,"1"
8241.7184544504871,223004,8401,1,"1"
8252.9125668725865,222984,8421,2,"2"
8253.1763628385052,222962,8443,2,"2"
8256.2857296092552,222952,8453,1,"1"
8261.3627198692557,222934,8471,1,"1"
8270.2144139054162,222916,8489,1,"1"
8277.3880079798946,222901,8504,1,"1"
8289.0176598053058,222890,8515,1,"1"
8289.5571695231611,222878,8527,1,"1"
8294.6475015184242,222860,8545,1,"1"
8296.966440032591,222840,8565,2,"1-1"
8297.7854647612039,222822,8583,1,"1"
8301.7683972072755,222806,8599,1,"1"
8305.16394659035,222788,8617,1,"1"
8313.1091194248238,222770,8635,1,"1"
8321.9181148785792,222752,8653,1,"1"
8325.8471732305225,222742,8663,1,"1"
8330.2484340032261,222724,8681,1,"1"
8333.5261251717347,222706,8699,1,"1"
8337.2090476763897,222696,8709,1,"1"
8337.9487675324854,222687,8718,1,"1"
8342.3433040280015,222669,8736,1,"1"
8345.8847329888195,222651,8754,1,"1"
8362.2619948752817,222633,8772,1,"1"
8366.1333089279251,222615,8790,1,"1"
8376.4696135653485,222597,8808,1,"1"
8383.595657554597,222579,8826,1,"1"
8394.6132287732144,222561,8844,1,"1"
8396.7100385990107,222543,8862,1,"1"
8400.6290704468829,222525,8880,1,"1"
8409.0597607337131,222473,8932,6,"3-1-1-1"
8414.8118404617071,222427,8978,4,"3-1"
8415.2273176366416,222391,9014,2,"2"
8426.3444793151139,222345,9060,4,"3-1"
8440.3916071220756,222327,9078,1,"1"
8454.4213878355822,222309,9096,1,"1"
8458.6261963428915,222304,9101,1,"1"
8459.5718208439666,222286,9119,1,"1"
8468.1489045399394,222275,9130,1,"1"
8469.3722701064853,222261,9144,1,"1"
8474.5925155585664,222243,9162,1,"1"
8481.1992792340407,222225,9180,1,"1"
8483.2472086794405,222207,9198,1,"1"
8501.138534552163,222187,9218,2,"2"
8512.8479956586125,222147,9258,6,"2-2-1-1"
8513.9860379937254,222129,9276,1,"1"
8526.9922009062047,222111,9294,1,"1"
8531.8966968914301,222101,9304,1,"1"
8542.0690043749164,222073,9332,2,"2"
8551.4531601271119,222049,9356,2,"2"
8560.6695820117075,222021,9384,2,"2"
8572.1811695078795,222003,9402,1,"1"
8575.4803942411618,221985,9420,1,"1"
8602.330425284068,221967,9438,1,"1"
8614.6602124212186,221949,9456,1,"1"
8614.9155200715195,221921,9484,4,"3-1"
8616.5209811410405,221903,9502,1,"1"
8618.4776368453895,221891,9514,1,"1"
8644.62793551908,221873,9532,1,"1"
8646.1676008376653,221855,9550,1,"1"
8648.1284588741364,221837,9568,1,"1"
8661.5099093761601,221832,9573,1,"1"
8667.193205306965,221814,9591,1,"1"
8675.4324422022146,221796,9609,2,"1-1"
8679.890261954275,221760,9645,2,"2"
8686.1854585949459,221736,9669,2,"1-1"
8691.6989393076547,221714,9691,2,"1-1"
8730.8785041216652,221696,9709,1,"1"
8737.0247402980094,221678,9727,1,"1"
8745.9522745733557,221660,9745,1,"1"
8751.055703209151,221651,9754,1,"1"
8770.6999262067129,221642,9763,1,"1"
8779.6845649471561,221624,9781,1,"1"
8783.5254030602373,221606,9799,1,"1"
8792.9352361159326,221588,9817,1,"1"
8826.3635758739438,221581,9824,1,"1"
8839.9343242536961,221551,9854,3,"3"
8843.3753083319352,221523,9882,4,"1-1-1-1"
8848.1153433283198,221469,9936,5,"3-1-1"
8864.1246460274615,221453,9952,1,"1"
8877.9803603279524,221417,9988,2,"1-1"
8879.1096248295562,221381,10024,2,"2"
8884.5423409213672,221363,10042,1,"1"
8897.8026442644168,221345,10060,1,"1"
8902.5708289838676,221327,10078,1,"1"
8911.9441940330871,221322,10083,1,"1"
8943.3488050953783,221128,10277,17,"7-4-2-1-1-1-1"
8960.0076903318295,221048,10357,9,"6-1-1-1"
8976.6009873364746,221041,10364,1,"1"
8986.0018119144606,221023,10382,1,"1"
9004.4488827572513,221011,10394,1,"1"
9012.2152116884099,220993,10412,1,"1"
9016.1580575287735,220975,10430,1,"1"
9016.8380407000786,220957,10448,1,"1"
9018.6663303729165,220943,10462,2,"2"
9025.1851972059139,220893,10512,3,"3"
9038.1701801168856,220875,10530,1,"1"
9045.7878236590059,220857,10548,1,"1"
9054.9099428019344,220821,10584,3,"2-1"
9068.4308979987418,220803,10602,1,"1"
9070.2751198069709,220794,10611,1,"1"
9078.4171432022013,220740,10665,3,"1-1-1"
9081.6220674808465,220722,10683,1,"1"
9084.1654493938495,220712,10693,2,"2"
9086.7242932954523,220694,10711,1,"1"
9104.2955460216381,220676,10729,1,"1"
9117.1781956823761,220669,10736,1,"1"
9119.638867988564,220650,10755,3,"3"
9126.8268317609763,220614,10791,3,"3"
9130.4151703333173,220596,10809,1,"1"
9136.5596935481117,220578,10827,1,"1"
9137.1292742583446,220560,10845,1,"1"
9155.111670759321,220527,10878,5,"2-1-1-1"
9166.5856351349976,220509,10896,2,"1-1"
9172.4890135166079,220459,10946,5,"3-2"
9174.2303202151725,220441,10964,1,"1"
9180.1953708656438,220423,10982,1,"1"
9184.3369810732293,220387,11018,2,"1-1"
9185.6665739787368,220369,11036,1,"1"
9193.6414161502544,220357,11048,1,"1"
9217.2144975932133,220327,11078,2,"1-1"
9230.7834036378154,220309,11096,1,"1"
9242.2068411702603,220302,11103,1,"1"
9245.2519225909928,220284,11121,1,"1"
9253.1742986496101,220266,11139,1,"1"
9254.4921618111512,220256,11149,1,"1"
9271.5802630289236,220238,11167,1,"1"
9271.6318398413914,220220,11185,1,"1"
9282.4616746659322,220144,11261,6,"2-2-2"
9300.0057391116734,220134,11271,1,"1"
9308.5102244322934,220116,11289,1,"1"
9323.0892930731934,220048,11357,6,"6"
9350.9931448721381,220030,11375,1,"1"
9352.4635516435937,220012,11393,1,"1"
9361.3262025862859,219994,11411,1,"1"
9366.2609965826668,219974,11431,2,"1-1"
9366.6209237139719,219956,11449,1,"1"
9369.2763414881701,219938,11467,1,"1"
9374.9424299358125,219796,11609,15,"7-2-2-2-1-1"
9376.8570080316786,219778,11627,1,"1"
9377.724362484978,219760,11645,1,"1"
9379.4869767903383,219743,11662,1,"1"
9391.4378288753851,219725,11680,1,"1"
9393.8198706703733,219707,11698,1,"1"
9393.8246031533617,219671,11734,2,"2"
9399.4481699225835,219653,11752,1,"1"
9414.2449370615468,219635,11770,1,"1"
9444.2345362443102,219617,11788,1,"1"
9446.8577209715768,219599,11806,1,"1"
9450.6514301802727,219581,11824,1,"1"
9463.9182685758224,219554,11851,2,"1-1"
9469.9118021848008,219536,11869,1,"1"
9475.4312906372925,219518,11887,1,"1"
9506.3180799591591,219500,11905,1,"1"
9509.9019543227405,219464,11941,2,"2"
9544.4944933518564,219446,11959,1,"1"
9546.0875373879098,218636,12769,80,"9-6-4-4-4-3-3-3-3-2-2-2-2-2-2-2-2-2-1-1-1-1-1-1-1-1-1-1-1-1-1-1-1-1-1-1-1-1-1-1-1"
9550.2398283520088,218520,12885,14,"4-3-2-1-1-1-1-1"
9557.9561535772318,218496,12909,2,"2"
9558.6725616944877,218478,12927,1,"1"
9561.9231455573536,218460,12945,1,"1"
9563.2893001888351,218369,13036,7,"4-2-1"
9564.0900290153222,218274,13131,7,"4-1-1-1"
9577.1839835342671,218256,13149,1,"1"
9584.223739176321,218238,13167,1,"1"
9584.4054362554598,218202,13203,2,"2"
9593.9320695288843,218184,13221,1,"1"
9599.0284523740356,218154,13251,3,"2-1"
9605.3149684585824,218136,13269,1,"1"
9621.7708967488197,218110,13295,2,"1-1"
9637.9749760726736,218074,13331,2,"2"
9640.5591926424895,218020,13385,3,"3"
9641.3099086249422,218002,13403,1,"1"
9651.9294299816756,217479,13926,43,"9-9-4-3-2-2-1-1-1-1-1-1-1-1-1-1-1-1-1-1"
9655.6088551279645,217465,13940,2,"2"
9655.6586776355489,217391,14014,7,"5-1-1"
9677.9086270443713,217363,14042,2,"2"
9691.6055622246986,217345,14060,1,"1"
9692.2969243057523,0,231405,12265,"12265"
----------------------------------------------5
0,231405,0,0,"0"
37.849754777707716,231393,12,1,"1"
104.4771181066406,231392,13,1,"1"
156.77267007503201,231391,14,1,"1"
161.38190515253527,231390,15,1,"1"
240.08597111757672,231389,16,1,"1"
320.91179928841456,231388,17,1,"1"
410.20476419330174,231387,18,1,"1"
431.4283101907688,231385,20,2,"2"
506.7969348449376,231367,38,1,"1"
525.69051833417086,231362,43,1,"1"
531.53198970002586,231361,44,1,"1"
538.70704004280765,231343,62,1,"1"
568.07227321765674,231325,80,1,"1"
593.7528781019887,231318,87,1,"1"
630.18519217613414,231317,88,1,"1"
697.1092132195198,231316,89,1,"1"
709.39894548004122,231315,90,1,"1"
749.68079185160536,231314,91,1,"1"
785.66856189055648,231313,92,1,"1"
828.03378520019851,231312,93,1,"1"
857.52087593472356,231311,94,1,"1"
874.40001566901117,231309,96,2,"2"
893.60941392692234,231308,97,1,"1"
928.53627563364023,231307,98,1,"1"
936.11809430396238,231306,99,1,"1"
955.88932931860984,231305,100,1,"1"
976.45021095931395,231304,101,1,"1"
1004.513478494585,231303,102,1,"1"
1030.886457319225,231302,103,1,"1"
1031.312686779457,231301,104,1,"1"
1041.2118793675149,231300,105,1,"1"
1058.0777447891198,231282,123,1,"1"
1058.2867164847685,231264,141,1,"1"
1070.485490005984,231263,142,1,"1"
1075.8925504993085,231260,145,1,"1"
1084.8021807406981,231259,146,1,"1"
1095.6645387039857,231241,164,1,"1"
1096.892441756577,231223,182,1,"1"
1125.1835657564461,231205,200,1,"1"
1165.3720773511743,231187,218,1,"1"
1166.8442003590858,231186,219,1,"1"
1194.0166772397486,231185,220,1,"1"
1198.3442073657618,231184,221,1,"1"
1218.5005055784893,231183,222,1,"1"
1242.7470317665379,231182,223,1,"1"
1244.8659920304558,231181,224,1,"1"
1251.1195564554582,231179,226,2,"2"
1257.7115658238833,231176,229,1,"1"
1267.045803467289,231175,230,1,"1"
1268.0922606934098,231174,231,1,"1"
1313.271753724762,231173,232,1,"1"
1319.2272383592533,231172,233,1,"1"
1323.5160318073024,231154,251,1,"1"
1328.929422884378,231153,252,1,"1"
1350.092564481504,231151,254,2,"2"
1353.0611428809029,231133,272,1,"1"
1358.7998676413818,231132,273,1,"1"
1372.2465800210935,231114,291,1,"1"
1451.3586706851743,231113,292,1,"1"
1464.7969014703808,231104,301,3,"2-1"
1472.2480627132259,231101,304,3,"3"
1478.9703168248816,231091,314,1,"1"
1481.3545538191509,231090,315,1,"1"
1486.7596325139541,231076,329,1,"1"
1496.9551780371767,231075,330,1,"1"
1512.0174870930396,231074,331,1,"1"
1530.8460926352802,231066,339,2,"1-1"
1556.0746023910715,231063,342,1,"1"
1570.1285662892014,231062,343,1,"1"
1596.9803969525526,231061,344,1,"1"
1601.4984776528968,231059,346,2,"2"
1602.4630344409325,231056,349,3,"2-1"
1610.461209235207,231044,361,1,"1"
1614.2943005172579,231043,362,1,"1"
1622.9710554476972,231042,363,1,"1"
1633.1864417236309,231041,364,1,"1"
1655.0850587347859,231040,365,1,"1"
1665.1088734098671,231039,366,1,"1"
1670.3396937619241,231021,384,1,"1"
1709.9965617932235,231017,388,4,"3-1"
1728.7689999295528,231005,400,4,"4"
1731.2860070794632,231004,401,1,"1"
1733.4267712066942,231002,403,2,"2"
1751.7061787080077,231000,405,2,"2"
1756.9206746940147,230997,408,1,"1"
1761.1785156482247,230996,409,1,"1"
1772.6259724831582,230995,410,1,"1"
1781.0387368332738,230994,411,1,"1"
1789.9266550992941,230993,412,1,"1"
1801.2043686244231,230975,430,1,"1"
1803.6966003706773,230957,448,1,"1"
1804.4485533187969,230950,455,1,"1"
1813.7668976426903,230949,456,1,"1"
1816.1000912098241,230947,458,2,"2"
1823.307681683073,230944,461,3,"2-1"
1824.7195664033293,230942,463,2,"2"
1830.372637375362,230941,464,1,"1"
1830.7462756030591,230940,465,1,"1"
1833.9379650137441,230939,466,1,"1"
1843.1007131116025,230921,484,1,"1"
1847.4646810556337,230919,486,2,"2"
1853.3071811704062,230912,493,1,"1"
1854.3134349020788,230911,494,1,"1"
1862.4923527545836,230901,504,1,"1"
1867.2882078306034,230889,516,1,"1"
1891.976854983295,230886,519,3,"2-1"
1893.7510746166763,230885,520,1,"1"
1901.1407607631547,230881,524,4,"2-1-1"
1906.4110096970635,230865,540,6,"3-2-1"
1912.2655857090085,230862,543,1,"1"
1912.8783392836917,230861,544,1,"1"
1933.5142254510195,230855,550,2,"2"
1940.1404200451648,230854,551,1,"1"
1941.3609273843249,230852,553,2,"1-1"
1958.8637454397467,230834,571,1,"1"
1982.9903988782773,230833,572,1,"1"
1995.7731822481946,230831,574,2,"2"
2002.3939828054424,230830,575,1,"1"
2006.5807446336603,230829,576,1,"1"
2017.2832974179566,230825,580,4,"3-1"
2036.6502660235119,230810,595,3,"3"
2038.8147825167994,230808,597,2,"2"
2045.4151672318678,230803,602,1,"1"
2048.1088120707818,230785,620,1,"1"
2070.5592991502963,230784,621,1,"1"
2084.6697978985785,230770,635,1,"1"
2116.7691700704245,230752,653,1,"1"
2134.4109418768721,230751,654,1,"1"
2150.2800454679009,230733,672,1,"1"
2165.1040544269495,230716,689,1,"1"
2171.5843546166375,230715,690,1,"1"
2183.3534943875193,230714,691,1,"1"
2241.2300457984743,230713,692,1,"1"
2260.0722373363615,230695,710,1,"1"
2265.4478846458264,230686,719,3,"2-1"
2274.2618779881659,230683,722,1,"1"
2282.5346192727256,230678,727,1,"1"
2308.5539839976414,230660,745,1,"1"
2338.7221667359149,230655,750,1,"1"
2348.0789997838656,230652,753,1,"1"
2362.1016464161403,230642,763,1,"1"
2373.8824265183434,230624,781,1,"1"
2384.2357866835123,230613,792,1,"1"
2394.1808846858721,230608,797,1,"1"
2416.3244691838318,230605,800,1,"1"
2419.0176579720028,230604,801,1,"1"
2422.1768795092526,230603,802,1,"1"
2436.3204848641212,230600,805,1,"1"
2442.0383656753284,230599,806,1,"1"
2453.6894343821446,230594,811,1,"1"
2494.4747982957301,230587,818,1,"1"
2543.492147581248,230586,819,1,"1"
2556.0840010639918,230583,822,1,"1"
2571.9063166168748,230567,838,1,"1"
2575.7471864076242,230566,839,1,"1"
2578.6766131769405,230565,840,1,"1"
2590.6879543921796,230564,841,1,"1"
2592.7247389916383,230563,842,1,"1"
2597.4670121808008,230549,856,1,"1"
2604.1797898287014,230531,874,1,"1"
2610.5350182067614,230530,875,1,"1"
2618.5156282892335,230527,878,1,"1"
2623.6051001444926,230524,881,1,"1"
2665.8304893540794,230523,882,1,"1"
2676.2929902802816,230522,883,1,"1"
2779.9389050037721,230521,884,1,"1"
2787.5395617516565,230520,885,1,"1"
2793.9466941754595,230502,903,1,"1"
2796.0718518671538,230492,913,1,"1"
2821.6321768398529,230489,916,1,"1"
2822.657184135252,230471,934,1,"1"
2837.8352001457351,230453,952,1,"1"
2839.1214306365532,230450,955,1,"1"
2887.6331523458903,230444,961,2,"2"
2890.4161724002433,230412,993,2,"2"
2929.4910528011578,230394,1011,1,"1"
2938.5847967677419,230393,1012,1,"1"
2966.6929112174998,230375,1030,1,"1"
2969.7637844088931,230357,1048,1,"1"
3011.5653952188768,230339,1066,1,"1"
3019.1920225810795,230321,1084,1,"1"
3030.2452482395402,230320,1085,1,"1"
3087.0019409194806,230302,1103,1,"1"
3110.2632023144761,230284,1121,1,"1"
3112.5394937416327,230266,1139,1,"1"
3127.4049120088175,230263,1142,1,"1"
3150.0345245382605,230245,1160,1,"1"
3157.682827680545,230227,1178,1,"1"
3179.8941703799187,230226,1179,1,"1"
3188.3768755580227,230214,1191,1,"1"
3189.2660978042613,230196,1209,1,"1"
3204.4473711249202,230192,1213,2,"2"
3269.5505329724633,230189,1216,1,"1"
3280.7667832274838,230186,1219,1,"1"
3309.0999186988533,230168,1237,1,"1"
3332.0150636876606,230163,1242,1,"1"
3333.8486931792822,230145,1260,1,"1"
3346.7853641645302,230142,1263,1,"1"
3360.4646428736214,230130,1275,1,"1"
3369.8920205757959,230127,1278,1,"1"
3391.9298463231821,230117,1288,2,"2"
3400.1642664915234,230099,1306,1,"1"
3405.581168949805,230087,1318,1,"1"
3444.5838471623497,230069,1336,1,"1"
3468.5195485288154,230063,1342,2,"2"
3504.7159749871803,230058,1347,1,"1"
3506.9414770449471,230057,1348,1,"1"
3534.399615026733,230039,1366,1,"1"
3547.0144357562008,230021,1384,1,"1"
3556.8956481215546,230003,1402,1,"1"
3584.509704245932,229985,1420,1,"1"
3586.605274296252,229967,1438,1,"1"
3598.1592089831101,229949,1456,1,"1"
3639.737803446199,229913,1492,2,"1-1"
3676.1995725120919,229901,1504,1,"1"
3709.7943023994908,229890,1515,1,"1"
3783.7564872785629,229872,1533,1,"1"
3794.8373234990654,229869,1536,1,"1"
3817.0066117982183,229851,1554,1,"1"
3828.1030027351198,229833,1572,1,"1"
3833.5898794297582,229823,1582,2,"1-1"
3837.409547549365,229814,1591,1,"1"
3861.7288597961019,229796,1609,1,"1"
3908.911109061974,229793,1612,1,"1"
3926.1720697455735,229757,1648,2,"1-1"
3973.023620330202,229739,1666,1,"1"
3986.1434467191166,229721,1684,1,"1"
4031.9180379647764,229703,1702,1,"1"
4065.1084473744586,229685,1720,1,"1"
4142.6448477535741,229667,1738,1,"1"
4158.8135239728172,229664,1741,1,"1"
4170.2101935521996,229646,1759,1,"1"
4212.4487880702818,229628,1777,1,"1"
4213.190635800881,229604,1801,2,"2"
4227.2244775345498,229586,1819,1,"1"
4229.6869963779682,229568,1837,1,"1"
4235.2205810809228,229550,1855,1,"1"
4271.5021998446437,229532,1873,1,"1"
4274.0572729615269,229508,1897,2,"2"
4274.2879517439824,229494,1911,2,"2"
4283.5820057713881,229476,1929,1,"1"
4312.755236054626,229473,1932,1,"1"
4328.180574046195,229455,1950,1,"1"
4347.2357243777715,229443,1962,1,"1"
4360.2113823258132,229425,1980,1,"1"
4370.0296582531792,229413,1992,1,"1"
4384.0517776358602,229399,2006,1,"1"
4408.664734194319,229379,2026,4,"4"
4440.5236663775959,229361,2044,1,"1"
4444.9662478726004,229343,2062,1,"1"
4445.5204496797232,229340,2065,1,"1"
4475.326981476438,229322,2083,1,"1"
4479.624031792775,229309,2096,1,"1"
4485.3552424090276,229297,2108,1,"1"
4488.7244219451804,229280,2125,3,"1-1-1"
4502.5183653107842,229264,2141,4,"2-2"
4512.3883360132886,229259,2146,1,"1"
4520.4488541382343,229252,2153,1,"1"
4525.0708777638965,229249,2156,1,"1"
4531.854620086976,229239,2166,2,"2"
4553.7200377433464,229232,2173,1,"1"
4576.6897461172393,229229,2176,1,"1"
4577.575126408502,229211,2194,1,"1"
4579.6390059813266,229193,2212,1,"1"
4589.0511255007541,229190,2215,1,"1"
4608.4806439554905,229172,2233,1,"1"
4613.2626150586539,229158,2247,1,"1"
4614.3928778755881,229140,2265,1,"1"
4616.1003139313843,229131,2274,1,"1"
4651.1380620023701,229126,2279,1,"1"
4654.628238039274,229119,2286,1,"1"
4678.1676043205389,229103,2302,1,"1"
4691.5312119156188,229085,2320,1,"1"
4706.6429419753913,229082,2323,1,"1"
4740.9893019373749,229046,2359,2,"1-1"
4769.7257874439319,229041,2364,1,"1"
4796.407985796699,229023,2382,1,"1"
4822.8235313520163,229011,2394,1,"1"
4829.9172094852029,229006,2399,1,"1"
4844.3274953207438,228982,2423,2,"2"
4862.6571333394859,228972,2433,2,"2"
4864.2533255099979,228954,2451,1,"1"
4865.91603961899,228949,2456,1,"1"
4870.5434374818933,228944,2461,1,"1"
4889.7515575119032,228941,2464,1,"1"
4890.5472733667784,228923,2482,1,"1"
4901.2276994670274,228918,2487,1,"1"
4907.9969421897586,228900,2505,1,"1"
4917.7631928938745,228882,2523,1,"1"
4978.598833230637,228872,2533,1,"1"
4982.0037801094304,228867,2538,1,"1"
4990.5751153130504,228862,2543,1,"1"
4996.9179759297413,228835,2570,3,"1-1-1"
5021.5504600404392,228816,2589,5,"3-2"
5022.077600661567,228803,2602,3,"2-1"
5028.5829378800872,228785,2620,1,"1"
5036.9919202109086,228767,2638,1,"1"
5043.7948388967261,228752,2653,1,"1"
5047.3851115838988,228736,2669,1,"1"
5048.7287054675808,228718,2687,1,"1"
5065.7337851698567,228708,2697,1,"1"
5069.6721529496381,228703,2702,1,"1"
5080.2173276203885,228685,2720,1,"1"
5103.4858752512491,228675,2730,1,"1"
5108.3130001646232,228657,2748,1,"1"
5113.973718178212,228639,2766,1,"1"
5118.9990711851187,228630,2775,1,"1"
5133.4098170865664,228615,2790,1,"1"
5134.266063515508,228597,2808,1,"1"
5152.5156018379703,228579,2826,1,"1"
5203.6835582418407,228561,2844,1,"1"
5206.0230019555001,228556,2849,1,"1"
5211.6368776121071,228532,2873,2,"1-1"
5222.2922416333877,228514,2891,1,"1"
5238.9857720417704,228496,2909,1,"1"
5245.4000048854878,228478,2927,1,"1"
5284.7613314904092,228460,2945,1,"1"
5369.0820391694624,228457,2948,1,"1"
5375.0224141240597,228439,2966,1,"1"
5377.4389636813821,228421,2984,1,"1"
5379.5140903382789,228414,2991,1,"1"
5386.7949854683948,228396,3009,1,"1"
5396.8145539343768,228378,3027,1,"1"
5405.6196066442308,228360,3045,1,"1"
5409.2106132210565,228351,3054,1,"1"
5412.6233639970569,228339,3066,1,"1"
5427.0497246786299,228321,3084,1,"1"
5431.3755547702804,228311,3094,1,"1"
5435.9085189267516,228293,3112,1,"1"
5468.2196575795688,228286,3119,1,"1"
5471.6261675012856,228270,3135,1,"1"
5475.1339058812837,228252,3153,1,"1"
5479.5466945530115,228245,3160,1,"1"
5484.3264626496102,228238,3167,1,"1"
5537.9674831251277,228232,3173,2,"2"
5538.4497132851475,228206,3199,3,"2-1"
5552.1089835542125,228188,3217,1,"1"
5573.8240801142792,228185,3220,1,"1"
5601.4660097386313,228178,3227,1,"1"
5607.4466806680521,228160,3245,1,"1"
5612.8221781323109,228142,3263,1,"1"
5627.1156621601358,228126,3279,4,"3-1"
5669.139298136276,228090,3315,2,"2"
5728.1797189457357,228080,3325,2,"2"
5746.8133289255748,228062,3343,1,"1"
5761.1961492840474,228046,3359,2,"2"
5763.2733162194081,228028,3377,1,"1"
5766.3621345060819,228010,3395,1,"1"
5772.9689303166342,227998,3407,1,"1"
5774.933966605121,227980,3425,1,"1"
5775.3060613345961,227973,3432,1,"1"
5778.3296828221373,227961,3444,1,"1"
5780.1108367214738,227937,3468,2,"2"
5783.1105377485965,227919,3486,1,"1"
5803.2743172642477,227901,3504,1,"1"
5809.2641051572318,227891,3514,2,"2"
5817.2351254457872,227873,3532,1,"1"
5820.9567774551706,227837,3568,2,"1-1"
5839.1922353164982,227823,3582,1,"1"
5844.2358975910074,227818,3587,1,"1"
5862.4515162062953,227800,3605,1,"1"
5878.8942002609019,227795,3610,1,"1"
5879.0843354021808,227777,3628,1,"1"
5896.0847259333832,227769,3636,2,"1-1"
5902.7389919780326,227764,3641,1,"1"
5915.7620827841592,227746,3659,1,"1"
5951.0837608292168,227718,3687,4,"3-1"
5951.6687755473467,227700,3705,1,"1"
5958.6414998573227,227697,3708,1,"1"
5962.8403033360319,227679,3726,1,"1"
5978.0163686935248,227661,3744,1,"1"
5985.7816717750984,227652,3753,3,"3"
5997.565585056338,227634,3771,1,"1"
6001.9408398340292,227616,3789,1,"1"
6013.4460758340738,227606,3799,2,"2"
6023.019605904954,227588,3817,1,"1"
6025.2778646656898,227570,3835,1,"1"
6043.5620954561628,227565,3840,1,"1"
6050.2314935444838,227547,3858,1,"1"
6053.7010147726705,227537,3868,2,"2"
6060.6204403739612,227475,3930,10,"4-4-2"
6061.0194138986399,227457,3948,1,"1"
6078.2658770835087,227439,3966,1,"1"
6086.2337507618859,227421,3984,1,"1"
6087.9379670329708,227403,4002,1,"1"
6089.5349185345985,227385,4020,1,"1"
6090.8787302385545,227329,4076,8,"4-2-2"
6105.1315971149252,227311,4094,1,"1"
6105.1439682103201,227278,4127,2,"2"
6116.4940814449055,227265,4140,1,"1"
6116.7165364851426,227255,4150,1,"1"
6121.1602448852536,227211,4194,4,"2-1-1"
6132.4459241533468,227175,4230,2,"1-1"
6149.8682222195512,227157,4248,1,"1"
6154.5949515271741,227141,4264,1,"1"
6159.8550599054543,227123,4282,1,"1"
6160.8085712462253,227105,4300,1,"1"
6164.5519578967196,227085,4320,4,"3-1"
6165.187212138515,227069,4336,4,"4"
6167.8165834847769,227051,4354,1,"1"
6191.0689712362246,227021,4384,6,"4-1-1"
6191.9376240144275,226999,4406,2,"2"
6202.3310999061832,226981,4424,1,"1"
6219.0518043463944,226963,4442,1,"1"
6235.6760555030733,226945,4460,1,"1"
6250.5793684277205,226927,4478,1,"1"
6253.7078112520903,226912,4493,1,"1"
6281.8101957945883,226894,4511,1,"1"
6291.5258929161928,226880,4525,1,"1"
6333.5347525412071,226844,4561,2,"1-1"
6357.3744911067179,226834,4571,1,"1"
6399.9516979790205,226816,4589,1,"1"
6402.4498171757614,226798,4607,1,"1"
6407.0906934460781,226780,4625,1,"1"
6409.2603349759511,226762,4643,1,"1"
6423.2142424432759,226744,4661,1,"1"
6424.8206491042711,226645,4760,15,"3-3-2-2-1-1-1-1-1"
6425.9301546104825,226627,4778,1,"1"
6450.2654458049519,226609,4796,1,"1"
6456.5030808881611,226591,4814,1,"1"
6458.4230034689672,226573,4832,1,"1"
6465.982222504198,226555,4850,1,"1"
6486.6448912256828,226537,4868,1,"1"
6499.0246094725544,226519,4886,1,"1"
6510.4960494871411,226501,4904,1,"1"
6526.0060351508055,226465,4940,2,"2"
6540.4129046088383,226460,4945,1,"1"
6586.9195510631189,226442,4963,1,"1"
6619.5907985124513,226424,4981,1,"1"
6624.5246978678624,226406,4999,1,"1"
6628.8612691264952,226388,5017,1,"1"
6629.1148218079425,226369,5036,3,"3"
6632.190599751827,226333,5072,2,"2"
6634.3437002771361,226326,5079,1,"1"
6637.4122385485753,226323,5082,1,"1"
6646.1373871976948,226304,5101,3,"3"
6654.8084413387814,226286,5119,1,"1"
6657.3832155435075,226268,5137,1,"1"
6667.4817140085161,226250,5155,1,"1"
6668.5203109244012,226232,5173,1,"1"
6671.1849084051937,226222,5183,1,"1"
6690.4394269992372,226194,5211,4,"2-2"
6692.7837915466507,226176,5229,1,"1"
6698.6999322453394,226158,5247,1,"1"
6699.2949225606917,226106,5299,3,"2-1"
6701.1924502724178,226088,5317,1,"1"
6719.6933971100943,226070,5335,1,"1"
6724.0524920433936,226058,5347,2,"2"
6728.569971722588,226040,5365,1,"1"
6745.4126146625649,226037,5368,1,"1"
6753.981594317298,226024,5381,3,"2-1"
6790.8623748004356,226006,5399,1,"1"
6813.0376719134229,225992,5413,1,"1"
6833.4341237015351,225958,5447,3,"3"
6855.7837299429275,225953,5452,1,"1"
6862.0270977904456,225935,5470,1,"1"
6871.8325662075522,225930,5475,1,"1"
6872.6589354602747,225912,5493,1,"1"
6889.3250055126891,225894,5511,1,"1"
6902.3512393669789,225885,5520,1,"1"
6905.3089772914736,225873,5532,1,"1"
6911.7728048819354,225855,5550,1,"1"
6914.1988285525204,225837,5568,1,"1"
6914.3841684646268,225819,5586,1,"1"
6914.6550973606199,225801,5604,1,"1"
6929.6608675196212,225783,5622,1,"1"
6952.3142603986198,225765,5640,1,"1"
6975.2120739405918,225747,5658,1,"1"
6976.3785148985035,225717,5688,6,"4-2"
6979.9430773143404,225712,5693,1,"1"
6987.9481174140028,225694,5711,1,"1"
6989.1254978148609,225676,5729,1,"1"
6992.3778953598867,225666,5739,2,"2"
7022.5744323444524,225648,5757,1,"1"
7028.7911156914752,225630,5775,1,"1"
7042.6224292759161,225612,5793,1,"1"
7056.9334065077173,225594,5811,1,"1"
7057.2341459613008,225564,5841,3,"3"
7086.6234404501811,225546,5859,1,"1"
7092.9628845213128,225533,5872,1,"1"
7110.8715444713025,225515,5890,1,"1"
7112.9158935565592,225280,6125,29,"18-3-2-2-1-1-1-1"
7115.9887271126936,225269,6136,1,"1"
7125.6955035861001,225251,6154,1,"1"
7128.6598033057453,225233,6172,1,"1"
7135.3060149597159,225201,6204,4,"3-1"
7135.6310690766204,225194,6211,1,"1"
7142.9132376442303,225185,6220,1,"1"
7143.9211254458933,225167,6238,1,"1"
7146.0916262998089,225149,6256,1,"1"
7152.1848616019688,225140,6265,1,"1"
7152.4181740072399,225122,6283,1,"1"
7160.486427442147,225108,6297,2,"1-1"
7172.3900784900479,225094,6311,2,"2"
7194.7830378912222,225076,6329,1,"1"
7201.9905619607607,225054,6351,4,"2-1-1"
7229.5204020125475,225042,6363,1,"1"
7263.1880828900494,225003,6402,4,"2-2"
7293.8353489224419,224993,6412,1,"1"
7307.5985932909598,224975,6430,1,"1"
7308.7122564476194,224939,6466,2,"2"
7341.975117357093,224921,6484,1,"1"
7349.7380118188657,224885,6520,2,"2"
7374.7786070680932,224867,6538,1,"1"
7378.9066926232827,224862,6543,1,"1"
7392.0398026628172,224844,6561,1,"1"
7411.3666070532563,224834,6571,1,"1"
7420.2415813835623,224816,6589,1,"1"
7429.9175537619358,224798,6607,1,"1"
7443.9929336210753,224780,6625,1,"1"
7471.7155282057465,224732,6673,4,"4"
7479.369327432174,224714,6691,1,"1"
7491.7884832674617,224707,6698,1,"1"
7496.9025449393394,224689,6716,1,"1"
7497.1191452348648,224671,6734,1,"1"
7503.2354583919223,224659,6746,2,"1-1"
7511.1853170183113,224648,6757,1,"1"
7518.3514113404326,224622,6783,4,"2-1-1"
7536.0415936704094,224602,6803,2,"1-1"
7552.3256491383854,224584,6821,1,"1"
7560.1192772945506,224574,6831,2,"2"
7597.9801062244433,224523,6882,9,"5-1-1-1-1"
7623.538749534735,224488,6917,3,"2-1"
7629.5797600720771,224470,6935,1,"1"
7637.1048327801818,224452,6953,1,"1"
7652.2023338716899,224445,6960,1,"1"
7672.1291896006169,224383,7022,5,"2-2-1"
7674.9700217465188,224359,7046,2,"2"
7683.3439783512858,224337,7068,4,"4"
7685.6773031030943,224319,7086,1,"1"
7703.733167927785,224301,7104,1,"1"
7710.0300823976577,224291,7114,1,"1"
7723.1329309408829,224275,7130,1,"1"
7732.2176226331603,224264,7141,1,"1"
7749.7852253712335,224246,7159,1,"1"
7749.8052173104988,224228,7177,1,"1"
7771.4396527295339,224210,7195,1,"1"
7783.6796969556817,224200,7205,1,"1"
7790.9538858188562,224023,7382,26,"6-5-4-2-2-2-1-1-1-1-1"
7827.5721834923042,223987,7418,2,"1-1"
7831.7515083306198,223969,7436,1,"1"
7847.8576944415981,223953,7452,2,"1-1"
7850.021446391881,223935,7470,1,"1"
7864.1859699987872,223917,7488,1,"1"
7865.0722206588525,223889,7516,2,"1-1"
7869.9600364206799,223873,7532,2,"2"
7900.3962774404972,223855,7550,1,"1"
7922.1791767926325,223837,7568,1,"1"
7924.3009098488028,223807,7598,3,"3"
7927.0718645095994,223787,7618,2,"2"
7948.251438206551,223719,7686,6,"1-1-1-1-1-1"
7948.5243435420589,223686,7719,3,"1-1-1"
7953.6495640388539,223630,7775,4,"3-1"
7958.854193558288,223594,7811,2,"2"
7962.2312893718608,223540,7865,3,"3"
7986.0105759247072,223522,7883,1,"1"
8004.6833596547995,223517,7888,1,"1"
8024.1889681653256,223494,7911,3,"3"
8024.2514190661905,223476,7929,1,"1"
8031.6828672720849,223458,7947,1,"1"
8039.9307791016236,223430,7975,4,"3-1"
8040.0182614099849,223378,8027,8,"5-2-1"
8045.3683664520304,223373,8032,1,"1"
8045.4190937002995,223364,8041,1,"1"
8047.5119672643168,223346,8059,1,"1"
8047.8329942028849,223328,8077,1,"1"
8048.8665623618708,223317,8088,1,"1"
8056.7819022199938,223303,8102,1,"1"
8061.923889124354,223285,8120,1,"1"
8064.3699062565465,223265,8140,4,"4"
8076.328059324419,223229,8176,2,"1-1"
8076.6924749734089,223165,8240,8,"3-2-2-1"
8083.8749804810805,223147,8258,1,"1"
8089.7579718561719,223111,8294,2,"2"
8103.5546543826213,223093,8312,1,"1"
8106.2817108456547,223057,8348,4,"3-1"
8108.2541040739261,223021,8384,2,"2"
8108.9088336940295,223003,8402,1,"1"
8111.406581735816,222991,8414,2,"2"
8115.6467542679811,222984,8421,1,"1"
8129.8669312659013,222952,8453,3,"2-1"
8138.5549135214487,222947,8458,1,"1"
8145.1372890633129,222929,8476,1,"1"
8161.9215890076566,222852,8553,9,"5-2-1-1"
8164.2050041671264,222834,8571,1,"1"
8177.6217511386149,222821,8584,1,"1"
8180.0815315548434,222803,8602,1,"1"
8188.3885105044465,222785,8620,1,"1"
8199.2661550227458,222742,8663,5,"3-1-1"
8217.9120207230226,222724,8681,1,"1"
8220.2713835997165,222719,8686,1,"1"
8233.843124717434,222714,8691,1,"1"
8245.4637027996996,222696,8709,1,"1"
8248.6872061003396,222678,8727,1,"1"
8255.6350079189069,222660,8745,1,"1"
8257.8986907414892,222642,8763,1,"1"
8264.8819874288019,222629,8776,1,"1"
8267.7341830848,222595,8810,2,"2"
8274.0712736884125,222579,8826,2,"2"
8285.6325513131069,222561,8844,1,"1"
8286.237720754576,222543,8862,1,"1"
8288.384176066631,222525,8880,1,"1"
8291.9598278146786,222507,8898,1,"1"
8293.9846080226089,222497,8908,1,"1"
8296.7736459633488,222483,8922,1,"1"
8303.7213839117121,222473,8932,1,"1"
8311.4307346450114,222455,8950,1,"1"
8317.8915669011276,222444,8961,1,"1"
8326.9834327231729,222390,9015,3,"3"
8328.1572925551063,222372,9033,1,"1"
8330.8591919465525,222336,9069,2,"2"
8335.3715975039449,222300,9105,2,"2"
8336.8024552631032,222282,9123,1,"1"
8363.4743934264807,222264,9141,1,"1"
8364.1218310754502,222246,9159,1,"1"
8378.9284678001986,222202,9203,6,"3-2-1"
8398.2662746471306,222184,9221,1,"1"
8399.512847637081,222175,9230,1,"1"
8402.1377792710464,222170,9235,1,"1"
8413.8918998821082,222152,9253,1,"1"
8416.0278377667364,222134,9271,1,"1"
8426.5412955356678,222122,9283,1,"1"
8427.1936114992986,222104,9301,1,"1"
8462.3013073482143,221914,9491,18,"6-3-2-2-2-1-1-1"
8479.8388254153797,221896,9509,1,"1"
8497.8636815159061,221878,9527,1,"1"
8503.9826053416036,221860,9545,1,"1"
8539.5387810950833,221851,9554,1,"1"
8539.9952558316654,221833,9572,1,"1"
8561.1505086584093,221815,9590,1,"1"
8565.3416434108112,221797,9608,1,"1"
8576.5923919538764,221779,9626,1,"1"
8580.3483117181877,221769,9636,1,"1"
8590.0890544970862,221733,9672,2,"1-1"
8596.2323953561099,221652,9753,6,"2-2-1-1"
8601.1895230985192,221635,9770,1,"1"
8604.9605298205697,221593,9812,6,"4-2"
8606.2852388056508,221570,9835,3,"3"
8610.5627714552229,221561,9844,1,"1"
8645.5377363072002,221541,9864,2,"2"
8648.8434810924064,221523,9882,1,"1"
8649.2511257018268,221496,9909,3,"3"
8651.235876680299,221478,9927,1,"1"
8651.566684809417,221468,9937,1,"1"
8654.0311415539836,221458,9947,2,"1-1"
8669.3437818468592,221233,10172,23,"4-4-3-3-1-1-1-1-1-1-1-1-1"
8675.5517204973476,221215,10190,1,"1"
8681.7371899948721,221197,10208,1,"1"
8697.8169363948491,221125,10280,4,"4"
8706.6321416552601,221110,10295,1,"1"
8707.2431020272743,221092,10313,1,"1"
8711.0680885626225,221026,10379,6,"2-2-1-1"
8727.303078990768,221008,10397,1,"1"
8733.2035622275835,220990,10415,1,"1"
8735.9856080606478,220963,10442,3,"2-1"
8736.0707476755051,220958,10447,1,"1"
8755.2794310337431,220951,10454,1,"1"
8770.2978406549355,220940,10465,1,"1"
8795.3425928208871,220930,10475,1,"1"
8796.7691538820927,220912,10493,1,"1"
8799.0561374888948,220657,10748,23,"4-4-4-2-2-2-1-1-1-1-1"
8810.846282678438,220639,10766,1,"1"
8812.9266533385435,220585,10820,3,"2-1"
8814.3646236311433,220567,10838,1,"1"
8837.8915651825664,220549,10856,1,"1"
8839.7996371703211,220531,10874,1,"1"
8849.6639479101068,220501,10904,2,"2"
8851.5746213555831,220439,10966,5,"5"
8851.7995300306848,220421,10984,2,"1-1"
8865.3818144945544,220385,11020,2,"2"
8870.3413399381243,220367,11038,1,"1"
8871.362951074565,220355,11050,1,"1"
8872.7238002882932,220337,11068,1,"1"
8877.8817857424146,220319,11086,1,"1"
8883.1265625328306,220289,11116,2,"1-1"
8887.4056019754335,220271,11134,1,"1"
8889.4937931093536,220253,11152,1,"1"
8909.1082642286419,220246,11159,1,"1"
8911.4371024278862,220237,11168,1,"1"
8914.5704076289876,220219,11186,1,"1"
8917.6804038557257,220073,11332,13,"4-2-2-2-2-1"
8933.1852418912567,220028,11377,5,"2-2-1"
8944.0446816051935,219987,11418,3,"1-1-1"
8956.4063033323455,219978,11427,1,"1"
8966.8614772367127,219960,11445,1,"1"
8990.2657681244291,219905,11500,4,"2-1-1"
8990.601849405728,219865,11540,3,"2-1"
8992.0120872726329,219823,11582,3,"3"
9000.1712220322679,219810,11595,1,"1"
9012.810191403596,219786,11619,2,"2"
9013.8918078112802,219619,11786,16,"5-2-2-1-1-1-1-1-1-1"
9023.080666406102,219587,11818,3,"3"
9031.6745321478502,219569,11836,1,"1"
9042.0259080414853,219558,11847,1,"1"
9048.550290323863,219540,11865,1,"1"
9056.7602324098552,219522,11883,1,"1"
9059.8075704403873,219504,11901,1,"1"
9108.5204650566648,219493,11912,1,"1"
9112.9396757829745,219428,11977,7,"3-2-2"
9117.9015386813408,219410,11995,1,"1"
9120.0603958393513,219392,12013,1,"1"
9124.7447367102905,219288,12117,8,"3-1-1-1-1-1"
9135.9411282004621,219270,12135,1,"1"
9152.2084743926462,219198,12207,6,"3-2-1"
9175.9721051849447,219188,12217,1,"1"
9179.8243851246771,219128,12277,5,"2-2-1"
9184.3376846786869,219115,12290,1,"1"
9194.8351269129253,219095,12310,2,"2"
9208.7972076053647,218992,12413,8,"3-1-1-1-1-1"
9246.6640301982825,218962,12443,2,"2"
9247.9760515076869,218929,12476,3,"2-1"
9256.2584232913141,218911,12494,1,"1"
9258.9308761289776,218899,12506,1,"1"
9260.0929053583168,218883,12522,1,"1"
9261.5161057564219,218865,12540,1,"1"
9276.3374727325972,218764,12641,8,"7-1"
9283.530825591497,218751,12654,1,"1"
9291.6394625751527,218721,12684,3,"1-1-1"
9301.2930993365117,218647,12758,5,"3-2"
9303.3901790545715,218629,12776,1,"1"
9305.1162198020702,218611,12794,1,"1"
9308.3540495531197,218598,12807,1,"1"
9316.2279468976303,218542,12863,4,"2-1-1"
9318.4659478556769,218524,12881,1,"1"
9341.0591702583733,218506,12899,1,"1"
9346.481480088265,218488,12917,1,"1"
9346.7525077943919,218400,13005,7,"5-1-1"
9371.0912178438793,218374,13031,2,"2"
9375.0930703177091,218363,13042,1,"1"
9391.6014436455953,218345,13060,1,"1"
9393.8792220560863,218327,13078,1,"1"
9412.5201308513351,218309,13096,1,"1"
9426.8407774395655,218273,13132,2,"1-1"
9430.8119980221327,218260,13145,1,"1"
9437.2255081903968,0,231405,12326,"12326"
----------------------------------------------6
0,231405,0,0,"0"
108.62407780240127,231404,1,1,"1"
204.50799329757353,231402,3,2,"2"
333.92487276391665,231384,21,1,"1"
346.77709091888238,231383,22,1,"1"
369.87318718881966,231382,23,1,"1"
376.84104150800687,231381,24,1,"1"
555.3334134752198,231380,25,1,"1"
638.28196609081624,231379,26,1,"1"
648.13965419978513,231378,27,1,"1"
673.97114827575422,231377,28,1,"1"
674.8495614436182,231376,29,1,"1"
682.80442400305435,231375,30,1,"1"
686.25397380792822,231374,31,1,"1"
712.62243436270114,231373,32,1,"1"
716.1211381862463,231372,33,1,"1"
719.82381967647473,231371,34,1,"1"
720.80846820869363,231370,35,1,"1"
764.09198081871511,231368,37,2,"2"
777.04909771510995,231359,46,1,"1"
795.38953122521752,231352,53,1,"1"
815.04034611249006,231351,54,1,"1"
834.37254844545043,231349,56,2,"2"
858.39606596039721,231347,58,2,"2"
860.1227229475619,231329,76,1,"1"
902.00403639426941,231328,77,1,"1"
945.1183774209951,231323,82,1,"1"
985.52987583263655,231322,83,1,"1"
1019.5276185666497,231321,84,1,"1"
1028.425773412034,231311,94,1,"1"
1039.3927302612774,231308,97,1,"1"
1069.0775009208239,231307,98,1,"1"
1086.1642188763319,231306,99,1,"1"
1099.1965454866749,231305,100,1,"1"
1107.9270740434592,231303,102,2,"1-1"
1124.6137634685558,231302,103,1,"1"
1137.0294259777395,231301,104,1,"1"
1158.14953895554,231300,105,1,"1"
1170.1118326032406,231299,106,1,"1"
1182.5417950746662,231285,120,1,"1"
1184.7318675416045,231284,121,1,"1"
1205.072398713723,231282,123,2,"1-1"
1235.3704688073078,231281,124,1,"1"
1268.1810881573322,231280,125,1,"1"
1274.0469912362021,231279,126,1,"1"
1275.1238886531205,231274,131,1,"1"
1292.2626202235392,231273,132,1,"1"
1292.6860703894311,231267,138,2,"2"
1303.1614010182141,231266,139,1,"1"
1304.8479221297439,231248,157,1,"1"
1308.103338214748,231247,158,1,"1"
1343.2709852480041,231246,159,1,"1"
1354.9336499971821,231233,172,5,"4-1"
1357.4075617345925,231215,190,1,"1"
1387.478775260169,231214,191,1,"1"
1430.1989096162913,231213,192,1,"1"
1450.0853924056473,231212,193,1,"1"
1451.6797759310793,231211,194,1,"1"
1463.0015067312247,231199,206,1,"1"
1471.866990211837,231181,224,1,"1"
1481.2031691604564,231170,235,1,"1"
1493.6932821119949,231152,253,1,"1"
1504.9951626732429,231147,258,5,"5"
1545.8922608216401,231146,259,1,"1"
1553.2605275019509,231145,260,1,"1"
1565.4551995843653,231138,267,1,"1"
1567.1210500171371,231137,268,1,"1"
1589.7324404489159,231135,270,2,"2"
1617.4008174766304,231133,272,2,"2"
1642.2746001668747,231132,273,1,"1"
1642.6184529307141,231131,274,1,"1"
1678.8222028066477,231113,292,1,"1"
1684.4865449321589,231095,310,1,"1"
1686.563937893515,231094,311,1,"1"
1692.2813970943953,231076,329,1,"1"
1693.2586616470251,231064,341,1,"1"
1719.1727934677331,231054,351,1,"1"
1734.8873242637508,231053,352,1,"1"
1748.3043724772217,231052,353,1,"1"
1748.6459582126913,231029,376,7,"5-1-1"
1757.644514193795,231026,379,3,"2-1"
1762.6495327983821,231025,380,1,"1"
1764.3765833175491,231023,382,2,"1-1"
1766.2387015028273,231020,385,3,"2-1"
1773.9979845411478,231019,386,1,"1"
1776.595201942798,231018,387,1,"1"
1776.9958488791492,231017,388,1,"1"
1797.4275844722852,231016,389,1,"1"
1805.8848541870309,231014,391,2,"2"
1840.254473721581,231009,396,1,"1"
1844.3370175787952,231008,397,1,"1"
1865.3196664712796,231005,400,1,"1"
1870.9435199700699,230997,408,4,"2-1-1"
1886.9967322707189,230996,409,1,"1"
1901.4314182284782,230989,416,1,"1"
1906.1400436269932,230988,417,1,"1"
1915.6683729453573,230985,420,3,"2-1"
1915.7880774921507,230967,438,1,"1"
1925.8747909151764,230965,440,2,"2"
1927.4820344473703,230963,442,2,"2"
1929.0615974858063,230958,447,5,"4-1"
1972.9468314186611,230956,449,2,"2"
1973.5718185020889,230953,452,1,"1"
1982.3629860775968,230935,470,1,"1"
1991.6354167515785,230934,471,1,"1"
2015.2100538866869,230916,489,1,"1"
2059.2683017953118,230915,490,1,"1"
2092.4708886652588,230910,495,3,"2-1"
2100.3128190532057,230901,504,1,"1"
2122.2136169158348,230883,522,1,"1"
2161.430446009455,230880,525,1,"1"
2194.5281707489276,230879,526,1,"1"
2198.7788341523524,230861,544,1,"1"
2213.6037984117525,230858,547,1,"1"
2250.1847758892222,230844,561,1,"1"
2255.3314236334854,230842,563,2,"2"
2260.5715776898837,230824,581,1,"1"
2290.9292093983795,230823,582,1,"1"
2326.8030393848699,230805,600,1,"1"
2328.4153835963316,230795,610,2,"2"
2336.3367816526284,230792,613,1,"1"
2364.1738904069948,230789,616,1,"1"
2373.7527216663375,230786,619,3,"2-1"
2405.6183579211779,230781,624,1,"1"
2429.4765389202475,230780,625,1,"1"
2437.2460247115005,230775,630,1,"1"
2443.9855792710464,230774,631,1,"1"
2445.2562019687457,230756,649,1,"1"
2456.4058385654489,230751,654,1,"1"
2461.4452506544471,230747,658,2,"2"
2490.8424116682986,230729,676,1,"1"
2492.8353401097279,230718,687,1,"1"
2494.2744562837797,230714,691,4,"4"
2503.3685681246061,230713,692,1,"1"
2528.4979584597982,230695,710,1,"1"
2559.6390533631702,230681,724,2,"2"
2571.1594176949725,230680,725,1,"1"
2572.3865526785626,230674,731,2,"2"
2580.0622850472905,230656,749,1,"1"
2583.7127989125029,230655,750,1,"1"
2631.6991393992307,230653,752,2,"1-1"
2634.940128897822,230635,770,1,"1"
2652.0521230117452,230634,771,1,"1"
2652.4759518309916,230633,772,1,"1"
2656.8996100031427,230628,777,1,"1"
2659.4857616656623,230610,795,1,"1"
2668.3381249995696,230605,800,1,"1"
2699.5349950530253,230604,801,1,"1"
2710.2067704491024,230586,819,1,"1"
2715.6305543519202,230568,837,1,"1"
2726.8386279643373,230567,838,1,"1"
2736.7091541325276,230564,841,1,"1"
2746.2615736510629,230546,859,1,"1"
2763.9454813773395,230545,860,1,"1"
2814.8414980690209,230523,882,2,"1-1"
2819.6438573560122,230519,886,2,"1-1"
2849.8811879495529,230518,887,1,"1"
2875.0876992059643,230500,905,1,"1"
2875.8832180741074,230497,908,1,"1"
2887.154743992643,230496,909,1,"1"
2899.5777408163476,230495,910,1,"1"
2902.13281749729,230485,920,1,"1"
2923.8633184268706,230484,921,1,"1"
2929.8709934486265,230466,939,1,"1"
2982.7543522730025,230448,957,1,"1"
3024.1230671510671,230445,960,1,"1"
3032.5381540316203,230444,961,1,"1"
3041.1167994253246,230432,973,1,"1"
3063.6707610041071,230429,976,1,"1"
3069.1613710407491,230411,994,1,"1"
3111.1042174682921,230393,1012,1,"1"
3114.0883463546083,230384,1021,1,"1"
3114.5034307377427,230381,1024,1,"1"
3152.4619384639227,230363,1042,1,"1"
3273.9649867771855,230360,1045,1,"1"
3279.9377344844825,230343,1062,1,"1"
3296.1711004426206,230325,1080,1,"1"
3309.4663593281666,230322,1083,1,"1"
3353.5094465029088,230314,1091,2,"1-1"
3374.6446900096776,230296,1109,1,"1"
3381.1751567180081,230278,1127,1,"1"
3389.7301836260463,230275,1130,1,"1"
3393.1063241814018,230270,1135,1,"1"
3399.9192377831464,230265,1140,1,"1"
3404.7540916757684,230262,1143,1,"1"
3417.7227563529991,230257,1148,1,"1"
3432.7084931416275,230256,1149,1,"1"
3436.8723495734266,230238,1167,1,"1"
3456.8370023134189,230220,1185,1,"1"
3491.0007160876326,230202,1203,1,"1"
3504.8015235686194,230193,1212,1,"1"
3520.0742425601043,230192,1213,1,"1"
3533.0127458504171,230182,1223,2,"2"
3538.5475755544139,230164,1241,1,"1"
3547.0278533607921,230159,1246,1,"1"
3561.6793108857923,230141,1264,1,"1"
3568.4816415869072,230129,1276,1,"1"
3570.0861368586093,230111,1294,1,"1"
3615.8002929361887,230095,1310,1,"1"
3625.7024563495297,230080,1325,3,"3"
3632.9963482392195,230062,1343,1,"1"
3634.774696980217,230052,1353,1,"1"
3635.4732805627391,230034,1371,1,"1"
3661.6493990985455,230029,1376,1,"1"
3664.4527785567957,230016,1389,1,"1"
3696.2644773161214,230000,1405,1,"1"
3703.9435454644404,229988,1417,1,"1"
3705.0157740078407,229970,1435,1,"1"
3747.4049579699663,229967,1438,1,"1"
3753.5540354417139,229964,1441,1,"1"
3786.7231410959075,229946,1459,1,"1"
3792.9144779508679,229928,1477,1,"1"
3809.1327073139346,229925,1480,1,"1"
3815.7524124806732,229920,1485,1,"1"
3826.3185124554566,229915,1490,1,"1"
3831.6284652729296,229906,1499,1,"1"
3835.5214085956022,229880,1525,2,"1-1"
3854.6848693375191,229875,1530,1,"1"
3866.2089648037777,229866,1539,1,"1"
3868.1361341769316,229856,1549,1,"1"
3878.2953204069709,229851,1554,1,"1"
3886.4225667131268,229833,1572,1,"1"
3892.603617257826,229830,1575,1,"1"
3917.1782434985721,229825,1580,1,"1"
3929.140679619391,229807,1598,1,"1"
3931.635167373568,229789,1616,1,"1"
3932.2961713857758,229784,1621,1,"1"
3943.8634318969221,229770,1635,2,"2"
3967.1863641109198,229752,1653,1,"1"
3971.5197403526558,229737,1668,3,"1-1-1"
3983.2074692850388,229719,1686,1,"1"
4013.5316487746641,229716,1689,1,"1"
4019.4091945541468,229702,1703,2,"2"
4020.2444177890238,229684,1721,1,"1"
4029.0718785690024,229670,1735,1,"1"
4034.0239585978179,229652,1753,1,"1"
4042.8147248658133,229645,1760,1,"1"
4054.3167701766806,229627,1778,2,"2"
4059.0537531139798,229612,1793,3,"3"
4059.7155130646033,229601,1804,1,"1"
4065.2993056497598,229596,1809,1,"1"
4113.1943023644853,229593,1812,1,"1"
4116.409788917299,229583,1822,2,"2"
4121.7138106311104,229580,1825,1,"1"
4135.5090234350428,229562,1843,1,"1"
4140.7294890263183,229553,1852,1,"1"
4155.2377271764044,229535,1870,1,"1"
4169.5498672190406,229517,1888,1,"1"
4194.2430878518717,229499,1906,1,"1"
4198.5289087678866,229484,1921,3,"2-1"
4231.39639423673,229476,1929,2,"1-1"
4231.3995036379893,229473,1932,1,"1"
4244.541044606186,229455,1950,1,"1"
4295.6093463411526,229437,1968,1,"1"
4314.8261684770559,229419,1986,1,"1"
4322.9026115537317,229412,1993,1,"1"
4328.3241705574201,229394,2011,1,"1"
4330.5775437663842,229389,2016,1,"1"
4339.5692371212135,229371,2034,1,"1"
4350.4748405475975,229353,2052,1,"1"
4355.2826700175629,229335,2070,1,"1"
4361.2889174599341,229313,2092,4,"2-2"
4382.1631210105315,229295,2110,1,"1"
4388.9968041759594,229279,2126,1,"1"
4413.9229733123148,229261,2144,1,"1"
4417.8928493697031,229245,2160,1,"1"
4420.6971247502634,229240,2165,1,"1"
4455.1362845027415,229230,2175,2,"2"
4455.9804223364908,229227,2178,1,"1"
4466.0993822369046,229209,2196,1,"1"
4475.8418627946503,229200,2205,3,"3"
4483.2146905187255,229197,2208,1,"1"
4485.8470852086275,229179,2226,1,"1"
4490.6732703226553,229159,2246,4,"4"
4536.9938062327437,229153,2252,2,"2"
4577.5392833762198,229135,2270,1,"1"
4586.1562063162755,229125,2280,1,"1"
4589.1190313224242,229107,2298,1,"1"
4599.2526234989518,229097,2308,1,"1"
4602.2859603166607,229079,2326,1,"1"
4623.7359403558357,229061,2344,1,"1"
4647.8904734613479,229043,2362,1,"1"
4652.6741520848482,229025,2380,1,"1"
4657.8957627752106,229007,2398,1,"1"
4660.1486979820475,229004,2401,1,"1"
4662.548455851359,228994,2411,2,"2"
4666.340404719379,228989,2416,1,"1"
4692.9364615601462,228971,2434,1,"1"
4711.9785960022855,228953,2452,1,"1"
4714.949549586916,228940,2465,1,"1"
4729.4093721745621,228935,2470,1,"1"
4736.567031675303,228932,2473,1,"1"
4757.4548463524388,228923,2482,1,"1"
4780.6407146248139,228920,2485,1,"1"
4796.9596158934573,228910,2495,2,"2"
4802.740367601994,228905,2500,1,"1"
4804.2063394717925,228887,2518,1,"1"
4811.5576040839405,228871,2534,1,"1"
4830.4839992647803,228866,2539,1,"1"
4834.7795013947043,228848,2557,1,"1"
4844.53417422027,228834,2571,2,"2"
4858.2215976960078,228816,2589,1,"1"
4869.561147556894,228805,2600,3,"1-1-1"
4876.3156268985449,228802,2603,1,"1"
4897.8586828935804,228797,2608,1,"1"
4925.878635480628,228790,2615,1,"1"
4929.1688795122363,228772,2633,1,"1"
4930.903933653949,228754,2651,1,"1"
4961.057963714522,228744,2661,2,"2"
4971.350842979663,228720,2685,2,"2"
4990.4166450161856,228702,2703,1,"1"
4993.7189546161253,228691,2714,1,"1"
5003.8127708106822,228675,2730,1,"1"
5076.3192132703743,228663,2742,2,"1-1"
5084.2010119273327,228643,2762,4,"4"
5109.9165348813494,228625,2780,1,"1"
5112.5732034148714,228607,2798,1,"1"
5133.218975253325,228601,2804,2,"2"
5147.8277424538101,228587,2818,2,"1-1"
5151.0121772279062,228577,2828,1,"1"
5152.4854774545292,228574,2831,1,"1"
5170.5046431363317,228556,2849,1,"1"
5194.3452051306867,228546,2859,1,"1"
5210.4131857322063,228504,2901,3,"3"
5221.9797023610754,228501,2904,1,"1"
5224.6119098954123,228483,2922,1,"1"
5224.8997068247572,228465,2940,1,"1"
5227.0569912297451,228447,2958,1,"1"
5228.1584239273579,228437,2968,2,"2"
5228.4102419990295,228423,2982,4,"3-1"
5234.9563778325628,228411,2994,2,"2"
5244.046845422894,228389,3016,2,"1-1"
5251.4505587407202,228371,3034,1,"1"
5261.086340829539,228353,3052,1,"1"
5262.6833660172388,228333,3072,2,"2"
5267.875549314319,228330,3075,1,"1"
5275.1685157719057,228323,3082,1,"1"
5279.362976717297,228304,3101,3,"2-1"
5280.4238830571439,228233,3172,15,"7-4-3-1"
5282.5530629056793,228215,3190,1,"1"
5282.6161590552192,228206,3199,1,"1"
5290.5480576649743,228196,3209,1,"1"
5300.3620883396443,228178,3227,1,"1"
5310.6454521568339,228160,3245,1,"1"
5338.8354252282525,228124,3281,2,"2"
5363.3415933041933,228106,3299,1,"1"
5366.7651079610177,228087,3318,3,"2-1"
5380.8894806908165,228069,3336,1,"1"
5397.8371079962271,228051,3354,1,"1"
5435.01589577495,228036,3369,3,"1-1-1"
5450.6529679994519,228018,3387,1,"1"
5462.7060723974173,228013,3392,1,"1"
5485.5527383386407,227995,3410,1,"1"
5513.4262336305173,227966,3439,5,"3-2"
5517.3398473743309,227953,3452,1,"1"
5523.6411823120625,227935,3470,1,"1"
5524.1954369827245,227930,3475,1,"1"
5535.6175361666792,227923,3482,1,"1"
5537.0585402448132,227908,3497,1,"1"
5538.3833251676915,227890,3515,1,"1"
5538.4716363784473,227872,3533,1,"1"
5553.6416313920536,227860,3545,1,"1"
5565.0439195630479,227850,3555,1,"1"
5603.3273571663767,227832,3573,1,"1"
5607.7013107601397,227814,3591,1,"1"
5633.7469737699239,227804,3601,1,"1"
5640.7743015269743,227786,3619,1,"1"
5650.5852072436883,227779,3626,1,"1"
5692.2365103030761,227774,3631,1,"1"
5708.2772222321273,227765,3640,1,"1"
5710.6526755933573,227745,3660,2,"1-1"
5718.1243010639373,227740,3665,1,"1"
5740.6241297935039,227722,3683,1,"1"
5742.1106948761453,227704,3701,1,"1"
5748.7100035901767,227687,3718,1,"1"
5753.7848909317436,227678,3727,1,"1"
5768.5909235717618,227666,3739,1,"1"
5780.9096943692248,227648,3757,1,"1"
5790.2785834269162,227630,3775,1,"1"
5795.7685676599995,227612,3793,1,"1"
5816.2294653924846,227594,3811,1,"1"
5826.6584413477303,227584,3821,1,"1"
5835.7515026336705,227566,3839,1,"1"
5838.4554611974427,227557,3848,1,"1"
5863.5670112463476,227536,3869,3,"3"
5867.2991875273528,227527,3878,1,"1"
5868.0742321801772,227509,3896,1,"1"
5874.6980716411772,227499,3906,1,"1"
5879.4321596523687,227496,3909,1,"1"
5895.8349958618328,227478,3927,1,"1"
5903.9541817401168,227475,3930,1,"1"
5927.5446444776653,227439,3966,2,"2"
5932.7397697938086,227421,3984,1,"1"
5935.699972274122,227416,3989,1,"1"
5944.9069005733318,227400,4005,1,"1"
5948.5083646730955,227395,4010,1,"1"
5953.8364798018483,227377,4028,1,"1"
5966.2993588577101,227367,4038,1,"1"
5983.8036388215196,227349,4056,1,"1"
5999.2225756410489,227326,4079,3,"2-1"
6005.4593798232954,227301,4104,5,"3-2"
6041.7872408421454,227283,4122,1,"1"
6069.8256731698339,227265,4140,1,"1"
6077.3248965586336,227260,4145,1,"1"
6078.0913369312548,227250,4155,1,"1"
6080.5097369397063,227186,4219,8,"5-3"
6083.3250930384283,227168,4237,1,"1"
6087.9960664089622,227150,4255,1,"1"
6090.5679572897443,227132,4273,1,"1"
6104.3041750161547,227127,4278,1,"1"
6105.1725980775873,227109,4296,1,"1"
6111.3745326812614,227091,4314,1,"1"
6122.1525512532244,227082,4323,1,"1"
6123.4366478961747,227077,4328,1,"1"
6123.713551992495,227059,4346,1,"1"
6130.5955245093373,227049,4356,2,"2"
6133.4857053780597,227031,4374,1,"1"
6145.5968953288584,227021,4384,1,"1"
6151.088957382306,227003,4402,1,"1"
6156.465707567786,226985,4420,1,"1"
6181.4069203453782,226967,4438,1,"1"
6189.0967886041681,226957,4448,1,"1"
6213.5188044007546,226939,4466,1,"1"
6233.4208324339606,226921,4484,1,"1"
6240.075293064715,226903,4502,1,"1"
6240.4763534266331,226885,4520,1,"1"
6240.846921431923,226880,4525,1,"1"
6251.1158545921917,226862,4543,1,"1"
6259.8041291650661,226844,4561,1,"1"
6262.0501690121273,226826,4579,1,"1"
6264.4046176848369,226808,4597,1,"1"
6265.2941050094269,226794,4611,2,"1-1"
6276.3700308399448,226776,4629,1,"1"
6276.5620393777472,226758,4647,1,"1"
6278.8400352903955,226748,4657,2,"1-1"
6288.3884777939375,226731,4674,3,"1-1-1"
6316.3084817225936,226711,4694,2,"2"
6330.7800554912055,226693,4712,1,"1"
6344.3209874039876,226675,4730,1,"1"
6356.9905843085717,226670,4735,1,"1"
6360.9472875306737,226652,4753,1,"1"
6382.2225317872453,226640,4765,2,"1-1"
6385.2433989037454,226628,4777,2,"2"
6386.5209007764133,226610,4795,1,"1"
6408.0256766153088,226592,4813,1,"1"
6426.0077660864545,226581,4824,1,"1"
6434.0319468607258,226506,4899,13,"7-1-1-1-1-1-1"
6436.3407565316566,226488,4917,1,"1"
6441.667925420099,226470,4935,1,"1"
6442.7692223108716,226452,4953,1,"1"
6473.2263681574887,226434,4971,1,"1"
6480.1518999346818,226416,4989,1,"1"
6496.8782856397029,226398,5007,1,"1"
6507.4109352040005,226388,5017,1,"1"
6528.496691360031,226352,5053,2,"1-1"
6542.9077094099084,226334,5071,1,"1"
6563.7383339783155,226263,5142,7,"7"
6615.8486650546847,226245,5160,1,"1"
6618.7481117854595,226227,5178,1,"1"
6633.5839843653093,226209,5196,1,"1"
6651.268731097628,226191,5214,1,"1"
6660.5833934840466,226173,5232,1,"1"
6665.6333320633548,226170,5235,1,"1"
6688.5190698307106,226141,5264,3,"2-1"
6692.5410897978636,226109,5296,4,"4"
6706.9052678195139,226091,5314,1,"1"
6717.468366724951,226077,5328,2,"2"
6729.5034103850276,226062,5343,3,"2-1"
6737.953293000377,226026,5379,2,"2"
6740.4337976725747,226008,5397,1,"1"
6754.5978319357928,225990,5415,1,"1"
6785.8525666250243,225980,5425,1,"1"
6789.2538389055362,225922,5483,5,"5"
6790.4607655796945,225912,5493,2,"2"
6800.0920134097596,225894,5511,1,"1"
6802.5419513187699,225884,5521,2,"2"
6806.5449566869647,225876,5529,2,"2"
6809.7603630595449,225858,5547,1,"1"
6811.431600570877,225840,5565,1,"1"
6817.7078919771993,225804,5601,2,"2"
6822.1934353752949,225795,5610,1,"1"
6824.8645664176647,225789,5616,2,"2"
6834.9400702093453,225774,5631,1,"1"
6841.5194223544668,225756,5649,1,"1"
6842.8692008419666,225738,5667,1,"1"
6856.2497820002473,225702,5703,6,"3-2-1"
6940.7164715630606,225684,5721,1,"1"
6958.0499287493885,225666,5739,1,"1"
6964.7377410104809,225656,5749,2,"2"
6967.0299000406276,225651,5754,1,"1"
6990.4039490155128,225641,5764,2,"2"
7002.9061084135083,225623,5782,1,"1"
7036.3242135989622,225587,5818,2,"2"
7047.0848306043345,225569,5836,1,"1"
7054.622428358015,225530,5875,5,"2-1-1-1"
7068.7433066021795,225514,5891,1,"1"
7122.628495533565,225501,5904,3,"2-1"
7126.5084620806992,225483,5922,1,"1"
7135.159077844216,225476,5929,1,"1"
7211.295888887571,225462,5943,1,"1"
7216.3281380583321,225444,5961,1,"1"
7221.0392478421354,225426,5979,1,"1"
7235.4163791023884,225408,5997,1,"1"
7258.351731507506,225390,6015,1,"1"
7260.5773331426662,225385,6020,1,"1"
7271.4750893501396,225367,6038,2,"2"
7288.1794800692951,225349,6056,1,"1"
7297.4199862610758,225331,6074,1,"1"
7314.8140628211295,225295,6110,2,"2"
7325.9126621412042,225277,6128,1,"1"
7336.3159286182863,225272,6133,1,"1"
7350.6291501590295,225244,6161,2,"2"
7360.0281983208433,225204,6201,4,"2-2"
7364.2749241016354,225170,6235,2,"2"
7378.8106414482036,225150,6255,2,"2"
7394.4891067350782,225140,6265,2,"2"
7428.9379864873226,225118,6287,2,"2"
7432.7456405047915,225100,6305,1,"1"
7442.7512575652199,225052,6353,6,"5-1"
7450.7862616607972,225034,6371,1,"1"
7455.55370976003,225020,6385,2,"2"
7468.6254470668364,225013,6392,1,"1"
7485.3122266112414,224995,6410,1,"1"
7485.8750725242617,224977,6428,1,"1"
7494.3539545457652,224959,6446,1,"1"
7503.7320631847524,224941,6464,1,"1"
7504.5378273293372,224923,6482,2,"2"
7513.2661927210575,224918,6487,1,"1"
7514.0005381033743,224900,6505,1,"1"
7524.5962667373051,224882,6523,1,"1"
7545.9700517555275,224864,6541,1,"1"
7556.5361853165041,224854,6551,1,"1"
7558.0173233175828,224816,6589,6,"5-1"
7564.7978541993061,224806,6599,2,"2"
7566.2220525981193,224797,6608,1,"1"
7618.342833096186,224779,6626,1,"1"
7629.3313800766664,224770,6635,1,"1"
7636.2631213850054,224752,6653,1,"1"
7640.237058706286,224734,6671,1,"1"
7640.4277649171181,224716,6689,1,"1"
7646.4925368336962,224688,6717,2,"2"
7653.8659465182618,224676,6729,1,"1"
7681.1242202941994,224658,6747,1,"1"
7683.7529911321444,224625,6780,5,"3-2"
7687.8555699488579,224589,6816,2,"2"
7689.0076686661923,224571,6834,1,"1"
7704.9637175529979,224553,6852,1,"1"
7711.487603411163,224513,6892,4,"3-1"
7724.975826871656,224495,6910,1,"1"
7746.885221015812,224477,6928,1,"1"
7756.6770759137644,224459,6946,1,"1"
7760.8810305157604,224441,6964,1,"1"
7772.5438887934879,224423,6982,1,"1"
7780.5831542370879,224405,7000,1,"1"
7783.6092130087827,224387,7018,1,"1"
7785.1061450802636,224369,7036,1,"1"
7785.1248624381142,224341,7064,2,"2"
7785.9581723889323,224326,7079,3,"2-1"
7795.4468338490215,224312,7093,2,"2"
7798.2483407293348,224266,7139,8,"4-2-1-1"
7802.2789803374399,224248,7157,1,"1"
7821.1081290713655,224238,7167,1,"1"
7837.3298735720318,224220,7185,1,"1"
7854.7379999146278,224209,7196,1,"1"
7856.7247966041386,224173,7232,2,"2"
7864.277045274177,224160,7245,1,"1"
7867.1257376325848,224142,7263,1,"1"
7893.1769049509576,224088,7317,3,"3"
7895.0022393552581,224070,7335,1,"1"
7900.7169484884253,224052,7353,1,"1"
7955.1133878768796,224018,7387,3,"2-1"
7973.1681845260428,224009,7396,1,"1"
7976.8646591961196,223995,7410,1,"1"
7982.2942485356616,223985,7420,1,"1"
7993.311612701993,223950,7455,3,"3"
8009.1369037563381,223932,7473,1,"1"
8013.0479302031372,223899,7506,3,"3"
8020.3402172387587,223881,7524,1,"1"
8031.5578434193603,223863,7542,1,"1"
8033.5622911023793,223843,7562,2,"2"
8038.7174859142169,223825,7580,1,"1"
8042.5520712540829,223807,7598,1,"1"
8052.3518489277958,223789,7616,1,"1"
8056.6864506609736,223771,7634,1,"1"
8065.2831785706612,223718,7687,3,"1-1-1"
8075.5448864911295,223711,7694,1,"1"
8076.8225539466748,223693,7712,1,"1"
8078.3263350186426,223673,7732,2,"2"
8081.8036349304093,223655,7750,1,"1"
8121.3347586522932,223639,7766,2,"2"
8123.0655237781975,223621,7784,1,"1"
8146.3555655025839,223614,7791,1,"1"
8153.8402587943401,223609,7796,1,"1"
8153.9579033494711,223591,7814,1,"1"
8162.2441412640919,223555,7850,2,"1-1"
8171.9757582951215,223519,7886,2,"1-1"
8182.1414666018609,223447,7958,8,"5-2-1"
8182.8758085364152,223422,7983,3,"3"
8209.526090243713,223408,7997,2,"2"
8211.9030359274093,223388,8017,2,"2"
8218.5199874814807,223370,8035,1,"1"
8235.9759717579363,223334,8071,2,"2"
8236.1924545839338,223316,8089,1,"1"
8239.6070628641846,223302,8103,1,"1"
8243.2573768130678,223284,8121,1,"1"
8248.0918593845945,223248,8157,2,"2"
8252.6072933296327,223241,8164,1,"1"
8262.3195218769943,223223,8182,1,"1"
8267.9268265135834,223205,8200,1,"1"
8278.896045212643,223187,8218,1,"1"
8289.7729012579293,223169,8236,1,"1"
8323.5993342182574,223095,8310,6,"3-1-1-1"
8330.61527557718,223077,8328,1,"1"
8353.287895230389,223065,8340,1,"1"
8353.8955688269489,223050,8355,1,"1"
8363.7957246837923,223032,8373,1,"1"
8383.8852729420651,223014,8391,1,"1"
8400.3208224153313,222996,8409,1,"1"
8411.612355366271,222978,8427,1,"1"
8426.181066055402,222942,8463,2,"2"
8434.7528042271242,222924,8481,1,"1"
8440.3824063432021,222906,8499,1,"1"
8442.3912532011691,222850,8555,6,"3-3"
8454.6374092539263,222778,8627,4,"2-1-1"
8455.4206587938024,222760,8645,1,"1"
8457.9392752903896,222702,8703,5,"2-1-1-1"
8468.340390320549,222693,8712,1,"1"
8474.0436258384634,222686,8719,1,"1"
8477.0654655342223,222672,8733,1,"1"
8495.4155762785631,222659,8746,1,"1"
8524.011023591007,222621,8784,4,"2-1-1"
8528.2801272241832,222585,8820,2,"1-1"
8534.9955571094888,222567,8838,1,"1"
8559.1492277928992,222549,8856,1,"1"
8560.795357844243,222531,8874,1,"1"
8570.5291099575825,222513,8892,1,"1"
8604.295712498606,222495,8910,1,"1"
8619.4062697026329,222477,8928,1,"1"
8638.7117994358214,222459,8946,1,"1"
8645.4554892230281,222441,8964,1,"1"
8661.3728317168825,222423,8982,2,"2"
8675.0837064059542,222410,8995,1,"1"
8678.4720116649278,222405,9000,1,"1"
8684.9529334028703,222355,9050,6,"2-2-1-1"
8692.4761552862528,222269,9136,6,"2-1-1-1-1"
8696.9475777597436,222233,9172,2,"2"
8730.5346231413296,222197,9208,2,"2"
8754.0615540132876,222185,9220,1,"1"
8756.5292312587026,222167,9238,1,"1"
8756.6985406197673,222149,9256,1,"1"
8759.8100385694779,222131,9274,1,"1"
8766.814796594228,222113,9292,1,"1"
8770.1449597868213,222100,9305,1,"1"
8781.3708498561155,222088,9317,1,"1"
8794.9881687683883,222070,9335,1,"1"
8799.5174893364056,222026,9379,3,"2-1"
8802.5420566688881,221990,9415,2,"2"
8814.5274059477142,221972,9433,1,"1"
8815.8645695391024,221936,9469,2,"2"
8819.9682316754443,221918,9487,1,"1"
8832.4395329652616,221807,9598,9,"6-1-1-1"
8855.0550703047502,221789,9616,1,"1"
8859.6724738256889,221771,9634,1,"1"
8894.667170809269,221762,9643,1,"1"
8897.850486567233,221726,9679,3,"2-1"
8913.8453627493218,221708,9697,1,"1"
8921.3950636628779,221690,9715,1,"1"
8934.9215557011721,221672,9733,1,"1"
8945.8984334746965,221662,9743,1,"1"
8949.895793168047,221546,9859,10,"3-2-1-1-1-1-1"
8950.6475573154221,221518,9887,2,"2"
8953.9164727199241,221506,9899,1,"1"
8976.9314696508154,221488,9917,1,"1"
9006.1387218671935,221470,9935,1,"1"
9023.3694943141545,221452,9953,1,"1"
9026.2275759225486,221402,10003,6,"3-2-1"
9031.8043892182541,221384,10021,1,"1"
9045.9551993140085,221366,10039,1,"1"
9077.2761998852911,221350,10055,1,"1"
9083.0550452073749,221336,10069,1,"1"
9085.378953580308,221326,10079,1,"1"
9087.7057390820009,221269,10136,9,"5-2-1-1"
9091.6776911239103,221257,10148,1,"1"
9102.7820072876548,221239,10166,1,"1"
9133.2651968723221,221221,10184,1,"1"
9134.3742030862359,221203,10202,1,"1"
9148.9295549311701,221185,10220,1,"1"
9149.5905389555119,221175,10230,1,"1"
9151.3699015216644,221157,10248,1,"1"
9153.3155242260236,221129,10276,2,"2"
9160.7413487795202,221111,10294,1,"1"
9183.2743919518525,221093,10312,1,"1"
9186.2919552109215,221075,10330,1,"1"
9190.2614165316372,221057,10348,1,"1"
9194.5459626653665,221039,10366,1,"1"
9199.0200880832544,221021,10384,1,"1"
9203.3402455867381,220985,10420,2,"2"
9216.6997396712159,220974,10431,1,"1"
9217.2163245979627,220956,10449,1,"1"
9222.8350849537637,220582,10823,35,"5-5-3-2-2-2-2-1-1-1-1-1-1-1-1-1-1-1-1-1-1"
9241.8585317985217,220570,10835,1,"1"
9252.1229762034327,220552,10853,1,"1"
9294.516387938871,220534,10871,1,"1"
9310.5853895460077,220516,10889,1,"1"
9313.3049071266942,220509,10896,1,"1"
9319.2726987858368,220499,10906,1,"1"
9323.2971642007669,220488,10917,1,"1"
9325.2674724755998,220470,10935,1,"1"
9337.0000913261829,220452,10953,1,"1"
9341.738062252949,220398,11007,3,"2-1"
9342.1820780049966,220380,11025,1,"1"
9350.9101262204313,220367,11038,1,"1"
9351.5612238589601,220349,11056,1,"1"
9352.3104854223893,220331,11074,1,"1"
9352.5958292458818,220313,11092,1,"1"
9369.3261993765409,220289,11116,2,"1-1"
9369.7350193333023,220269,11136,2,"1-1"
9370.5062940894986,220251,11154,1,"1"
9388.3386107470615,220233,11172,1,"1"
9390.6418566252905,220219,11186,2,"2"
9398.6734374929893,220165,11240,3,"2-1"
9452.3976134026907,220147,11258,1,"1"
9452.8624179833623,220129,11276,1,"1"
9453.9860160653916,220120,11285,1,"1"
9465.8515464367774,220102,11303,1,"1"
9494.1834208288492,220084,11321,1,"1"
9498.592115407333,219708,11697,27,"6-3-2-2-2-2-2-2-2-1-1-1-1"
9501.8772470725871,219690,11715,1,"1"
9505.4907292170865,219672,11733,1,"1"
9508.8794407328787,219654,11751,1,"1"
9513.6132945797181,219626,11779,2,"2"
9516.3719093362506,219608,11797,1,"1"
9518.9226381142034,219599,11806,1,"1"
9541.2606225293457,219582,11823,1,"1"
9549.5535450039279,219572,11833,1,"1"
9585.1623523869221,219554,11851,1,"1"
9601.388681235896,219374,12031,14,"5-3-2-1-1-1-1"
9601.4680071899948,219356,12049,1,"1"
9605.2482686849544,219346,12059,1,"1"
9611.1765105457307,219223,12182,10,"4-3-1-1-1"
9616.8380484296067,219155,12250,5,"3-1-1"
9619.0498464010943,219137,12268,1,"1"
9644.5710626818218,219065,12340,4,"2-1-1"
9662.5711511744867,219047,12358,1,"1"
9664.6039328894112,219027,12378,2,"2"
9671.499222744802,219009,12396,1,"1"
9673.501612072012,218511,12894,41,"11-5-2-2-2-2-2-1-1-1-1-1-1-1-1-1-1-1-1-1-1-1"
9692.539161392262,218493,12912,1,"1"
9694.9096571924438,218457,12948,4,"4"
9700.2538024406749,218439,12966,1,"1"
9702.8841863422167,217887,13518,44,"6-4-4-3-3-3-3-2-2-2-1-1-1-1-1-1-1-1-1-1-1-1"
9718.7626207293833,217869,13536,1,"1"
9719.1763988421208,217851,13554,1,"1"
9719.2525160734749,217833,13572,1,"1"
9719.8576308369757,217815,13590,1,"1"
9727.4451475747719,217240,14165,51,"8-7-5-4-4-3-3-3-3-2-2-1-1-1-1-1-1-1"
9734.9572977255193,217222,14183,1,"1"
9737.2126223826854,217088,14317,10,"6-2-1-1"
9751.187832178488,217070,14335,1,"1"
9755.9375911523839,217034,14371,2,"2"
9766.5822098121007,217016,14389,1,"1"
9770.246123913741,0,231405,12240,"12240"
----------------------------------------------7
0,231405,0,0,"0"
151.04054538399453,231404,1,1,"1"
307.64400918114819,231402,3,2,"2"
349.83688517646067,231390,15,1,"1"
362.02693561328562,231389,16,1,"1"
408.49542664880522,231388,17,1,"1"
422.06362449837843,231387,18,1,"1"
478.251431909563,231386,19,1,"1"
512.31228078307561,231368,37,1,"1"
555.65881534137714,231367,38,1,"1"
635.63603952884887,231365,40,2,"2"
664.67015072709626,231364,41,1,"1"
686.03606346403603,231363,42,1,"1"
693.25055195146024,231358,47,1,"1"
700.84572826760768,231357,48,1,"1"
713.86832667635554,231356,49,1,"1"
728.78530985450493,231355,50,1,"1"
731.83092789460648,231354,51,1,"1"
761.4792512665083,231353,52,1,"1"
764.64026712422378,231352,53,1,"1"
774.24359753012709,231351,54,1,"1"
811.3213166499396,231350,55,1,"1"
811.34906886729721,231349,56,1,"1"
832.0337602972171,231348,57,1,"1"
841.84754496554115,231347,58,1,"1"
841.89680347591377,231346,59,1,"1"
842.10827609272201,231336,69,1,"1"
847.86515004158457,231323,82,1,"1"
874.25023436531467,231321,84,2,"2"
893.70783300194614,231319,86,2,"2"
898.77661873807472,231301,104,1,"1"
899.12252256224247,231298,107,1,"1"
924.11074898251741,231297,108,1,"1"
947.67413236072912,231296,109,1,"1"
973.27473866164792,231290,115,2,"2"
987.43511359023489,231278,127,1,"1"
1003.0916714580452,231268,137,1,"1"
1024.295050103306,231267,138,1,"1"
1027.2643979153104,231266,139,1,"1"
1082.121217575761,231263,142,1,"1"
1087.7474260290137,231262,143,1,"1"
1091.6359244999169,231261,144,1,"1"
1114.7688707665773,231256,149,1,"1"
1134.9926988253462,231253,152,1,"1"
1155.7060535891383,231246,159,1,"1"
1160.9509666445952,231241,164,1,"1"
1174.971101556062,231239,166,2,"2"
1213.0824393575799,231238,167,1,"1"
1227.7447556154093,231237,168,1,"1"
1228.9854695649344,231236,169,1,"1"
1242.6698522700826,231235,170,1,"1"
1256.7665776639483,231234,171,1,"1"
1263.4525338187623,231233,172,1,"1"
1272.1246065512939,231232,173,1,"1"
1314.6833130894674,231227,178,1,"1"
1335.887279231446,231209,196,1,"1"
1340.901119648395,231205,200,4,"4"
1344.2386078396223,231202,203,3,"3"
1380.3165437251923,231190,215,1,"1"
1393.7827745681827,231184,221,2,"2"
1406.8970137356985,231179,226,1,"1"
1435.8816254621374,231176,229,3,"2-1"
1446.6173354072034,231174,231,2,"2"
1448.8566569583568,231170,235,2,"2"
1454.1343576538829,231169,236,1,"1"
1462.0955208878174,231166,239,1,"1"
1466.1278613583061,231165,240,1,"1"
1468.3548088504415,231147,258,1,"1"
1468.6237745306589,231146,259,1,"1"
1502.4441542960385,231145,260,1,"1"
1513.597171998784,231144,261,1,"1"
1556.311131578429,231142,263,2,"2"
1556.4097268903606,231140,265,2,"1-1"
1562.0177279590814,231133,272,3,"3"
1580.8002613353776,231132,273,1,"1"
1608.7278666519474,231131,274,1,"1"
1623.3293437536124,231121,284,1,"1"
1641.9991290411683,231120,285,1,"1"
1647.4205941815003,231119,286,1,"1"
1661.1114651891946,231118,287,1,"1"
1663.4459323017406,231117,288,1,"1"
1663.4637774209186,231116,289,1,"1"
1663.7390480455917,231115,290,1,"1"
1666.7523007158209,231114,291,1,"1"
1692.0236626096621,231113,292,1,"1"
1700.7147649600365,231095,310,1,"1"
1708.3636759195947,231094,311,1,"1"
1734.0585827968223,231093,312,1,"1"
1744.3500250271691,231083,322,1,"1"
1753.132397345244,231082,323,1,"1"
1763.2231271169396,231081,324,1,"1"
1794.9765285024612,231063,342,1,"1"
1809.3581334108153,231062,343,1,"1"
1813.20399232316,231061,344,1,"1"
1832.5362160195377,231060,345,1,"1"
1838.0822476612839,231055,350,1,"1"
1843.7197729382247,231045,360,2,"1-1"
1853.1274166310093,231044,361,1,"1"
1856.6984193241153,231043,362,1,"1"
1863.4237686549657,231042,363,1,"1"
1902.3279516622918,231030,375,4,"4"
1921.340082856894,231029,376,1,"1"
1922.5668241322787,231027,378,2,"1-1"
1931.0104802493179,231026,379,1,"1"
1936.4092307317683,231025,380,1,"1"
1937.2359926335766,231024,381,1,"1"
1949.4479910666003,231023,382,1,"1"
1961.3838090014156,231005,400,1,"1"
1962.7890603911612,231004,401,1,"1"
1968.7922034406392,230986,419,1,"1"
1969.7627824844517,230985,420,1,"1"
1985.6053573206461,230984,421,1,"1"
2009.6734190911573,230983,422,1,"1"
2009.9858133384264,230981,424,2,"2"
2022.3207084268618,230980,425,1,"1"
2028.0973910976461,230979,426,1,"1"
2033.5467789731247,230978,427,1,"1"
2050.9701803736907,230964,441,6,"5-1"
2072.4910153631668,230944,461,4,"4"
2081.9575225110698,230941,464,1,"1"
2093.6515325801788,230928,477,1,"1"
2148.2375657771995,230927,478,1,"1"
2153.9451022608482,230925,480,2,"2"
2163.909345676781,230922,483,1,"1"
2183.7236621250777,230921,484,1,"1"
2224.3488323483857,230903,502,1,"1"
2227.6570715114199,230885,520,1,"1"
2232.297692788658,230867,538,1,"1"
2235.7191132789544,230866,539,1,"1"
2244.2312960182094,230864,541,2,"2"
2255.5191382431299,230858,547,2,"2"
2303.6073120681717,230840,565,1,"1"
2304.5325831055202,230834,571,2,"2"
2305.5827691628219,230831,574,1,"1"
2329.0908304208401,230824,581,1,"1"
2338.5350688037679,230806,599,1,"1"
2341.8326004110882,230796,609,1,"1"
2342.1462527347371,230795,610,1,"1"
2352.5464602246029,230790,615,1,"1"
2353.0853241543468,230785,620,3,"2-1"
2358.7069692186078,230784,621,1,"1"
2378.3592673389367,230774,631,1,"1"
2386.56301979305,230771,634,1,"1"
2392.792972633551,230761,644,1,"1"
2426.0648377898733,230756,649,1,"1"
2430.3018977318802,230750,655,6,"2-2-1-1"
2445.8761020151101,230745,660,1,"1"
2446.0524902940811,230744,661,1,"1"
2446.9539248872234,230737,668,1,"1"
2448.3002643017435,230720,685,1,"1"
2462.0687012356307,230717,688,1,"1"
2470.4872735959671,230699,706,1,"1"
2473.9509793969046,230685,720,1,"1"
2487.8399053880166,230684,721,1,"1"
2500.1205743412215,230681,724,1,"1"
2501.6444544140181,230663,742,1,"1"
2506.038157690758,230662,743,1,"1"
2518.6028635836824,230644,761,1,"1"
2528.7764299435389,230637,768,1,"1"
2543.488096793626,230619,786,1,"1"
2556.3690014179774,230618,787,1,"1"
2578.1393282654362,230612,793,2,"2"
2627.3923734038617,230609,796,1,"1"
2664.3126760816572,230591,814,1,"1"
2675.3779108031604,230584,821,1,"1"
2687.3076950904615,230566,839,2,"2"
2690.2631606879067,230565,840,1,"1"
2707.2413925209412,230564,841,1,"1"
2715.4257384209845,230546,859,1,"1"
2722.6354154638893,230543,862,1,"1"
2731.2046627778909,230525,880,1,"1"
2803.8198086618745,230524,881,1,"1"
2805.3032922081361,230518,887,2,"2"
2814.2365242856663,230500,905,1,"1"
2834.1092084645061,230494,911,2,"2"
2840.0735831528764,230488,917,2,"1-1"
2882.5693955746797,230483,922,1,"1"
2892.4806278284414,230480,925,1,"1"
2902.5913504877412,230479,926,1,"1"
2906.1328867622015,230476,929,1,"1"
2993.591926643523,230466,939,1,"1"
2997.6250226643365,230448,957,1,"1"
2998.5221338432098,230430,975,1,"1"
3006.1655725790756,230425,980,1,"1"
3007.0111985593999,230408,997,1,"1"
3015.0286886358931,230367,1038,7,"2-2-1-1-1"
3031.0489412891429,230349,1056,1,"1"
3037.0672811925547,230344,1061,1,"1"
3120.4346191581226,230341,1064,1,"1"
3196.523476114362,230338,1067,1,"1"
3208.0200954229499,230326,1079,1,"1"
3224.0865739244418,230308,1097,1,"1"
3231.1652284642209,230305,1100,3,"3"
3244.6065853429313,230287,1118,1,"1"
3248.6332949784382,230269,1136,1,"1"
3251.6963352436028,230251,1154,1,"1"
3318.4041878718731,230233,1172,1,"1"
3321.314788421751,230219,1186,2,"2"
3383.7072170747751,230214,1191,1,"1"
3396.9144356140469,230196,1209,1,"1"
3405.3191528428283,230193,1212,1,"1"
3407.7913609851835,230175,1230,1,"1"
3411.6666917804605,230157,1248,1,"1"
3412.4906617232655,230139,1266,1,"1"
3445.3207278329824,230136,1269,1,"1"
3456.4288305131631,230118,1287,1,"1"
3461.0482241346917,230106,1299,1,"1"
3537.7429929617747,230103,1302,1,"1"
3541.225756481896,230085,1320,1,"1"
3543.7920858319799,230075,1330,2,"2"
3548.6853741364148,230070,1335,1,"1"
3572.34441320922,230052,1353,1,"1"
3581.3986166964614,230042,1363,1,"1"
3591.1624338765409,230041,1364,1,"1"
3616.4795418661633,230031,1374,1,"1"
3630.3313863871376,230028,1377,1,"1"
3679.3775828430371,230018,1387,1,"1"
3684.2761616135217,230000,1405,1,"1"
3698.4196768767365,229982,1423,1,"1"
3717.8907452552648,229964,1441,1,"1"
3733.1417703091611,229950,1455,1,"1"
3762.5646734016732,229932,1473,1,"1"
3769.4576149315876,229914,1491,1,"1"
3783.9588463004611,229878,1527,2,"2"
3787.0773438323445,229860,1545,1,"1"
3792.0312018737259,229844,1561,1,"1"
3818.2015775500354,229826,1579,1,"1"
3818.9768899828823,229802,1603,2,"2"
3819.3030280710886,229784,1621,1,"1"
3842.0518114373349,229766,1639,1,"1"
3859.8585191392831,229748,1657,1,"1"
3868.4102968317043,229730,1675,1,"1"
3880.8716427501749,229712,1693,1,"1"
3907.7373574442681,229694,1711,1,"1"
3952.7215195475242,229684,1721,1,"1"
3961.5891279104599,229679,1726,1,"1"
3978.1882016376553,229661,1744,1,"1"
3981.6513014197967,229649,1756,1,"1"
3985.5314218445183,229638,1767,1,"1"
3993.3194293455649,229628,1777,1,"1"
3998.5441328738298,229610,1795,1,"1"
4008.1233438149325,229595,1810,3,"2-1"
4015.1459177794272,229590,1815,1,"1"
4075.1605514303496,229572,1833,1,"1"
4096.7781015222135,229569,1836,1,"1"
4126.9141673087888,229551,1854,1,"1"
4151.3459281785581,229533,1872,1,"1"
4155.9960730426119,229528,1877,1,"1"
4244.7943184973947,229519,1886,1,"1"
4259.1972757745079,229514,1891,1,"1"
4303.4144795114526,229496,1909,1,"1"
4342.9632429728326,229484,1921,4,"4"
4363.7095896168212,229479,1926,1,"1"
4364.029350069156,229461,1944,1,"1"
4383.2070643563893,229451,1954,2,"2"
4400.7258445612588,229441,1964,1,"1"
4414.2027423699346,229423,1982,1,"1"
4445.3826522894815,229403,2002,2,"2"
4449.1680650756698,229388,2017,1,"1"
4476.6397226596137,229385,2020,1,"1"
4482.6009577292543,229375,2030,2,"1-1"
4492.3367531103331,229357,2048,1,"1"
4502.3662998876625,229347,2058,1,"1"
4510.7962716010852,229331,2074,4,"4"
4539.8404365659471,229321,2084,1,"1"
4543.6695782303796,229309,2096,1,"1"
4543.8193174321368,229299,2106,1,"1"
4552.0865695553366,229263,2142,2,"2"
4557.8914876087629,229245,2160,1,"1"
4567.0728070568257,229235,2170,1,"1"
4570.7704663102659,229217,2188,1,"1"
4572.5357687651131,229212,2193,1,"1"
4594.3714172296714,229194,2211,1,"1"
4600.9832782708618,229176,2229,1,"1"
4613.1531006774276,229158,2247,1,"1"
4656.0651994346908,229155,2250,1,"1"
4663.5287173527622,229095,2310,4,"2-1-1"
4665.5018954912584,229041,2364,3,"2-1"
4690.0526953876497,229023,2382,1,"1"
4690.9181639937124,229005,2400,1,"1"
4691.6957680223386,229000,2405,1,"1"
4727.1506524826245,228982,2423,1,"1"
4727.3361293495964,228964,2441,1,"1"
4737.5218924802712,228959,2446,1,"1"
4750.8783300820342,228954,2451,1,"1"
4761.9560471454588,228940,2465,1,"1"
4765.148887840277,228935,2470,1,"1"
4786.9429315373973,228927,2478,2,"1-1"
4796.4998888954588,228911,2494,1,"1"
4818.4012421614061,228906,2499,1,"1"
4832.4951561139587,228888,2517,1,"1"
4863.1975046260941,228876,2529,1,"1"
4872.5681022242215,228858,2547,1,"1"
4892.4067675200122,228840,2565,1,"1"
4893.7673210602907,228830,2575,1,"1"
4901.5850456312573,228812,2593,1,"1"
4921.2372915544238,228807,2598,1,"1"
4933.2745990171352,228804,2601,1,"1"
4968.7671509606471,228786,2619,1,"1"
4971.2513718632672,228783,2622,1,"1"
4972.5035763524202,228778,2627,1,"1"
4998.2382021699941,228764,2641,1,"1"
5012.1284794990815,228746,2659,1,"1"
5036.0053360749171,228728,2677,1,"1"
5042.7994116256968,228710,2695,1,"1"
5056.2608877289867,228692,2713,1,"1"
5061.2632185905377,228664,2741,4,"3-1"
5062.8960771283791,228646,2759,1,"1"
5063.0063146616521,228628,2777,1,"1"
5063.9724306274838,228610,2795,1,"1"
5065.0921836052721,228605,2800,1,"1"
5068.8875189759065,228600,2805,1,"1"
5081.3235410242096,228590,2815,1,"1"
5090.4597973540722,228572,2833,1,"1"
5094.948197468414,228554,2851,1,"1"
5126.0062581319035,228549,2856,1,"1"
5129.5691674371537,228540,2865,3,"3"
5134.9498008455748,228522,2883,1,"1"
5135.5757723564811,228512,2893,2,"2"
5144.3795109556768,228494,2911,1,"1"
5144.5892920041615,228486,2919,2,"1-1"
5148.965700314794,228483,2922,1,"1"
5152.6045942229539,228465,2940,1,"1"
5154.2583687615224,228462,2943,1,"1"
5155.006612501862,228444,2961,1,"1"
5156.1543749807006,228426,2979,1,"1"
5199.7126639071184,228416,2989,1,"1"
5201.7386793357318,228398,3007,1,"1"
5204.8694927060478,228380,3025,4,"3-1"
5212.8017727712595,228370,3035,2,"2"
5223.3627278001823,228364,3041,2,"2"
5262.7963760125367,228359,3046,1,"1"
5275.5952808521415,228349,3056,1,"1"
5299.0830331128627,228329,3076,4,"2-2"
5300.0131626932434,228326,3079,1,"1"
5317.9558622352988,228321,3084,1,"1"
5337.9625799789992,228316,3089,1,"1"
5340.7181706710599,228301,3104,3,"3"
5353.2011788674999,228287,3118,1,"1"
5369.2485129092393,228269,3136,1,"1"
5395.8588952340306,228264,3141,1,"1"
5412.5788181141461,228254,3151,1,"1"
5429.3636332277856,228236,3169,1,"1"
5451.2350770400471,228226,3179,1,"1"
5505.4593726551402,228194,3211,4,"4"
5540.2357682913262,228176,3229,1,"1"
5546.0963550241786,228158,3247,1,"1"
5580.7749230012951,228155,3250,1,"1"
5584.9361353548047,228143,3262,1,"1"
5588.4478826602744,228140,3265,1,"1"
5594.7157942485064,228122,3283,1,"1"
5595.5156370068862,228104,3301,1,"1"
5598.8386866206474,228086,3319,1,"1"
5603.0483929119137,228060,3345,2,"1-1"
5605.3062339327771,228042,3363,1,"1"
5611.546326706266,228024,3381,1,"1"
5644.6705760827699,227988,3417,2,"1-1"
5644.8672093646846,227978,3427,1,"1"
5649.4681459261574,227960,3445,1,"1"
5657.0620535038752,227942,3463,1,"1"
5661.261596273418,227924,3481,1,"1"
5661.9378556830534,227911,3494,1,"1"
5666.2720122221599,227893,3512,1,"1"
5707.6563274704304,227875,3530,1,"1"
5713.3673576143492,227855,3550,2,"2"
5721.400651840202,227850,3555,1,"1"
5749.342918376552,227832,3573,1,"1"
5760.0030547742535,227819,3586,1,"1"
5762.7778923884016,227805,3600,2,"1-1"
5765.6565032221042,227789,3616,1,"1"
5767.629219191952,227764,3641,5,"4-1"
5769.4189093425739,227746,3659,1,"1"
5775.9972574145722,227736,3669,2,"2"
5808.8679516967677,227721,3684,3,"2-1"
5815.4491568025451,227707,3698,1,"1"
5836.0935296151019,227689,3716,1,"1"
5837.2673906175742,227671,3734,1,"1"
5856.054502174884,227661,3744,1,"1"
5874.1068184999522,227625,3780,2,"2"
5885.6433292800002,227607,3798,1,"1"
5892.8011137784715,227589,3816,1,"1"
5901.431167432007,227574,3831,3,"2-1"
5901.9624188280904,227556,3849,1,"1"
5913.2708825392901,227546,3859,1,"1"
5914.1855932099224,227537,3868,1,"1"
5948.8520797063866,227532,3873,1,"1"
5954.0544175572177,227499,3906,5,"3-1-1"
5954.5201979053809,227488,3917,3,"2-1"
5976.5335596815721,227446,3959,3,"1-1-1"
5976.9597760781298,227428,3977,1,"1"
5979.1399392912645,227410,3995,1,"1"
5998.3681596294909,227407,3998,1,"1"
5998.6161773513049,227389,4016,1,"1"
6015.0272035189855,227371,4034,1,"1"
6027.8782760110762,227347,4058,2,"2"
6081.8956801615159,227344,4061,1,"1"
6092.3841645612629,227326,4079,1,"1"
6096.9535730317075,227290,4115,2,"1-1"
6108.2002408427825,227272,4133,1,"1"
6109.7418838562571,227254,4151,1,"1"
6117.3716902719216,227245,4160,1,"1"
6129.7731234289931,227235,4170,1,"1"
6130.2890137765671,227224,4181,1,"1"
6144.7927378010299,227206,4199,1,"1"
6203.4870718481034,227201,4204,1,"1"
6246.5233049208146,227184,4221,1,"1"
6249.1371117477474,227166,4239,1,"1"
6254.9438847733891,227148,4257,1,"1"
6255.5163774196626,227134,4271,1,"1"
6257.8196172985854,227124,4281,1,"1"
6269.3198445877642,227095,4310,5,"2-1-1-1"
6299.4223215666725,227088,4317,1,"1"
6300.0963322400794,227074,4331,2,"2"
6304.96986355844,227056,4349,1,"1"
6312.5922916010231,227038,4367,1,"1"
6314.4104384506954,226981,4424,9,"3-2-2-1-1"
6338.7990427123641,226976,4429,1,"1"
6343.1714317863962,226958,4447,1,"1"
6343.5941418311932,226951,4454,1,"1"
6344.9443416338918,226946,4459,1,"1"
6355.3461863320308,226928,4477,1,"1"
6359.2597952483075,226910,4495,1,"1"
6363.2303351451801,226892,4513,1,"1"
6371.1389697777104,226870,4535,4,"2-1-1"
6384.4411260890165,226863,4542,1,"1"
6393.3814452023744,226845,4560,1,"1"
6405.9442863295999,226827,4578,1,"1"
6413.8887848715176,226809,4596,1,"1"
6435.240285052043,226795,4610,1,"1"
6457.4344563914128,226771,4634,2,"2"
6462.0236356451624,226742,4663,5,"2-2-1"
6469.441753913251,226728,4677,2,"1-1"
6492.3908451878606,226710,4695,1,"1"
6500.8532902798997,226692,4713,1,"1"
6513.4876927274336,226673,4732,3,"3"
6525.420154984391,226657,4748,2,"1-1"
6561.2088456507681,226639,4766,1,"1"
6568.7929366824519,226603,4802,2,"1-1"
6576.0148828655829,226585,4820,1,"1"
6593.1258605888324,226567,4838,1,"1"
6604.1385195615985,226549,4856,1,"1"
6605.4574313181183,226531,4874,1,"1"
6608.7386541744472,226528,4877,1,"1"
6612.6204893351542,226508,4897,2,"2"
6620.5240667026774,226494,4911,1,"1"
6623.1606977257115,226478,4927,1,"1"
6635.7502264629829,226471,4934,1,"1"
6636.136249293033,226457,4948,1,"1"
6657.1318870308969,226445,4960,2,"1-1"
6666.252523909071,226435,4970,1,"1"
6677.2038906798989,226412,4993,5,"3-2"
6686.1028829659026,226407,4998,1,"1"
6700.5699377179317,226380,5025,3,"3"
6729.4375165014408,226245,5160,17,"6-4-4-1-1-1"
6733.2395809077061,226235,5170,1,"1"
6757.6853163385485,226217,5188,1,"1"
6758.687896744791,226199,5206,1,"1"
6823.1321893025033,226181,5224,1,"1"
6840.8512275135445,226163,5242,1,"1"
6871.9365376439337,226127,5278,2,"1-1"
6889.718836823773,226115,5290,1,"1"
6893.1328622758483,226097,5308,1,"1"
6897.9782043636342,226081,5324,1,"1"
6903.9064882651774,226063,5342,1,"1"
6910.2911635256432,226045,5360,1,"1"
6911.7473030376441,226009,5396,2,"2"
6926.6291993758796,226000,5405,1,"1"
6946.729232595696,225982,5423,1,"1"
6950.3285659323965,225979,5426,1,"1"
6952.1695603788503,225961,5444,1,"1"
6952.24351918498,225931,5474,3,"3"
6952.4194223627956,225892,5513,7,"5-1-1"
6953.3574242074965,225874,5531,1,"1"
6957.2096691127999,225864,5541,2,"1-1"
6968.3293272104129,225846,5559,1,"1"
6973.1378168090032,225843,5562,1,"1"
6983.3442994830748,225825,5580,1,"1"
6992.9507295442972,225816,5589,1,"1"
7022.9516180013743,225797,5608,3,"2-1"
7037.1188087377213,225787,5618,1,"1"
7047.8873489469524,225769,5636,1,"1"
7058.6063357216808,225751,5654,1,"1"
7068.8196161725928,225733,5672,1,"1"
7098.202925308512,225715,5690,1,"1"
7108.2741510848282,225682,5723,5,"3-2"
7122.6354343121584,225664,5741,1,"1"
7123.9356216446349,225599,5806,8,"3-2-2-1"
7143.1576622867533,225581,5824,1,"1"
7150.5880678230915,225563,5842,1,"1"
7152.6145176620221,225553,5852,2,"2"
7164.2672099947131,225535,5870,1,"1"
7171.5057705249301,225483,5922,3,"2-1"
7177.0036836813515,225465,5940,1,"1"
7192.1237458473252,225447,5958,1,"1"
7195.1139279519803,225429,5976,1,"1"
7198.1290712273121,225411,5994,1,"1"
7209.2952724402485,225393,6012,1,"1"
7209.435921000606,225357,6048,2,"2"
7221.8823694178172,225339,6066,1,"1"
7240.1860105732776,225321,6084,1,"1"
7249.4693119910617,225303,6102,2,"2"
7269.3994800087066,225285,6120,1,"1"
7305.5520332489896,225265,6140,2,"2"
7309.693335886408,225252,6153,1,"1"
7313.554523587416,225234,6171,1,"1"
7316.858424083247,225225,6180,1,"1"
7333.53181509566,225207,6198,1,"1"
7333.7677137281598,225121,6284,6,"3-2-1"
7341.8853759495905,225114,6291,1,"1"
7346.7935012214366,225096,6309,1,"1"
7347.9192171391414,225082,6323,2,"2"
7352.4489399643589,225068,6337,1,"1"
7358.1513918228993,225050,6355,1,"1"
7371.3298297049287,225032,6373,1,"1"
7377.5874492465909,225022,6383,2,"1-1"
7380.8653754833531,225004,6401,2,"2"
7384.6701597967131,224986,6419,1,"1"
7408.7077210777416,224968,6437,1,"1"
7411.5465851756726,224941,6464,2,"1-1"
7416.999740639234,224905,6500,2,"1-1"
7421.9925414451318,224887,6518,1,"1"
7423.2945121365692,224877,6528,1,"1"
7442.8214082524646,224859,6546,1,"1"
7448.2476756161414,224841,6564,2,"2"
7452.1418993174238,224821,6584,2,"2"
7460.0398010082736,224803,6602,1,"1"
7472.8658974532491,224703,6702,10,"4-2-1-1-1-1"
7476.2699568033322,224696,6709,1,"1"
7494.2181049457367,224680,6725,1,"1"
7499.5672972743532,224665,6740,3,"3"
7502.0851005956338,224658,6747,1,"1"
7513.4482054645341,224632,6773,2,"1-1"
7530.4745171527857,224614,6791,1,"1"
7543.5068740559209,224607,6798,1,"1"
7558.2335613182149,224487,6918,14,"4-2-2-2-2-1-1"
7562.7533470286098,224473,6932,2,"2"
7576.402310002265,224439,6966,3,"3"
7579.0514957119576,224421,6984,1,"1"
7584.604482516148,224367,7038,3,"3"
7593.5731231842046,224347,7058,2,"1-1"
7602.1172418029819,224271,7134,7,"4-1-1-1"
7611.7349283497815,224235,7170,3,"2-1"
7630.8744227197494,224226,7179,1,"1"
7644.967393029161,224216,7189,2,"2"
7673.7842240245463,224200,7205,1,"1"
7679.9512156801929,224182,7223,1,"1"
7680.6810549355723,224164,7241,1,"1"
7681.6953628616202,224155,7250,1,"1"
7683.28104772593,224150,7255,1,"1"
7736.5906260428183,224132,7273,1,"1"
7749.4981119355671,224114,7291,1,"1"
7763.6615166416368,224111,7294,1,"1"
7785.626305555189,224097,7308,2,"1-1"
7788.8638012158199,224079,7326,1,"1"
7793.0660298534885,224009,7396,10,"4-3-2-1"
7804.3926912326897,223991,7414,1,"1"
7817.4078193584301,223973,7432,1,"1"
7831.3901564679327,223955,7450,1,"1"
7916.3105446468144,223937,7468,1,"1"
7916.5583059026394,223919,7486,1,"1"
7925.9429829201226,223901,7504,1,"1"
7930.0519088951778,223883,7522,1,"1"
7931.1180465407215,223847,7558,2,"1-1"
7932.0461951750522,223793,7612,5,"4-1"
7935.7059829123864,223775,7630,1,"1"
7936.1881460805871,223745,7660,2,"1-1"
7939.6831075504033,223725,7680,2,"2"
7949.7470856215041,223707,7698,1,"1"
7958.3511059182101,223689,7716,1,"1"
7958.5200891198074,223671,7734,1,"1"
7977.1100354267046,223653,7752,1,"1"
7981.5837751202707,223635,7770,1,"1"
7999.4968630878302,223626,7779,1,"1"
8004.1276020721361,223608,7797,1,"1"
8023.2545039882425,223590,7815,1,"1"
8027.6158711206217,223569,7836,3,"2-1"
8029.0648609642776,223562,7843,1,"1"
8043.9302757274927,223544,7861,1,"1"
8044.1589642120607,223530,7875,2,"1-1"
8052.0863602730469,223512,7893,1,"1"
8054.0505087319607,223494,7911,1,"1"
8082.7287483096015,223483,7922,1,"1"
8103.8504704394209,223465,7940,1,"1"
8121.518928901306,223447,7958,1,"1"
8152.1628037445116,223438,7967,1,"1"
8155.2340678356859,223392,8013,4,"4"
8163.3184483293944,223379,8026,1,"1"
8189.5109256590749,223361,8044,1,"1"
8190.919693024367,223347,8058,1,"1"
8191.6729943282417,223135,8270,17,"5-4-2-2-1-1-1-1"
8194.666388353995,223117,8288,1,"1"
8196.1263156759615,223091,8314,2,"2"
8197.1755222558713,223008,8397,11,"4-3-2-1-1"
8198.564558870461,222990,8415,1,"1"
8200.8550643997405,222972,8433,1,"1"
8221.4569241859754,222936,8469,2,"1-1"
8235.5738259418704,222918,8487,1,"1"
8243.6412457163206,222882,8523,2,"2"
8253.0895418074469,222864,8541,1,"1"
8261.4834569192953,222854,8551,1,"1"
8263.48133887939,222826,8579,2,"2"
8267.4557923316115,222817,8588,1,"1"
8271.6476978586943,222807,8598,1,"1"
8280.9561186390001,222789,8616,1,"1"
8282.1070452258555,222780,8625,1,"1"
8283.635221029921,222770,8635,2,"2"
8283.7214917142283,222761,8644,1,"1"
8291.8232070050599,222745,8660,2,"2"
8331.7434488976414,222735,8670,1,"1"
8355.8795226189141,222717,8688,1,"1"
8370.3203880779711,222703,8702,2,"2"
8383.8454164696886,222685,8720,1,"1"
8390.2038131702029,222631,8774,4,"1-1-1-1"
8394.4865285374872,222572,8833,7,"3-2-1-1"
8411.4974545778787,222554,8851,1,"1"
8426.498918028321,222536,8869,1,"1"
8437.056435992612,222518,8887,1,"1"
8480.380902664936,222500,8905,2,"2"
8492.0869188986981,222482,8923,1,"1"
8500.940892893821,222454,8951,2,"2"
8509.9306243050487,222436,8969,1,"1"
8510.560377521384,222418,8987,1,"1"
8512.3340069004244,222400,9005,1,"1"
8515.38010411293,222381,9024,3,"2-1"
8520.3654796715182,222367,9038,1,"1"
8549.2224739385019,222349,9056,1,"1"
8555.3609829963571,222284,9121,7,"4-1-1-1"
8555.5484708817785,222266,9139,1,"1"
8561.357908400998,222234,9171,3,"1-1-1"
8568.0292225475696,222216,9189,1,"1"
8570.9245629534944,222198,9207,1,"1"
8572.2299449282909,222180,9225,1,"1"
8578.6980628701349,222162,9243,1,"1"
8593.9298609013895,222144,9261,1,"1"
8597.6020968898392,222126,9279,1,"1"
8607.1773808571288,222108,9297,1,"1"
8616.8152464136638,222103,9302,1,"1"
8630.965839155373,222085,9320,1,"1"
8640.6036974359995,222068,9337,1,"1"
8645.3998898738646,222008,9397,8,"4-2-1-1"
8661.0154369886714,221999,9406,1,"1"
8662.8553207318364,221981,9424,1,"1"
8668.7252994256305,221970,9435,1,"1"
8683.6635940903579,221952,9453,1,"1"
8685.7022240530878,221934,9471,1,"1"
8709.4861830362315,221898,9507,2,"1-1"
8726.7898322969359,221880,9525,1,"1"
8786.351598542662,221873,9532,1,"1"
8821.1440220187251,221817,9588,7,"2-2-1-1-1"
8836.6127729878681,221799,9606,1,"1"
8842.0595619183223,221781,9624,1,"1"
8876.5823546836891,221707,9698,7,"2-2-1-1-1"
8895.8768132473451,221689,9716,1,"1"
8898.9741698590406,221671,9734,1,"1"
8899.8744243037436,221653,9752,2,"2"
8907.1084081144054,221635,9770,1,"1"
8919.1378879176664,221628,9777,1,"1"
8933.5290442979458,221592,9813,2,"1-1"
8936.3350860519349,221574,9831,1,"1"
8964.6627187511094,221520,9885,3,"1-1-1"
8992.429827000773,221500,9905,2,"2"
9001.4237483597062,221439,9966,5,"3-1-1"
9004.8767978709056,221421,9984,1,"1"
9006.6353697231061,221406,9999,1,"1"
9007.6407124797588,221388,10017,1,"1"
9033.3599742932729,221378,10027,1,"1"
9040.9460700991713,221360,10045,1,"1"
9065.1908635746859,221342,10063,1,"1"
9070.0074220833849,221324,10081,1,"1"
9072.6171104660043,221306,10099,1,"1"
9094.3743784805702,221158,10247,13,"3-2-2-2-1-1-1-1"
9109.8460792073329,221147,10258,1,"1"
9117.1095155784042,221111,10294,4,"2-1-1"
9125.0940793651189,221097,10308,2,"1-1"
9129.4089102288817,221088,10317,1,"1"
9134.9693156478406,221076,10329,2,"2"
9143.6888310839786,220998,10407,5,"1-1-1-1-1"
9156.9315389843287,220980,10425,1,"1"
9157.0854430075851,220962,10443,1,"1"
9157.2475076543706,220944,10461,1,"1"
9161.3282088736778,220933,10472,1,"1"
9172.6793309120912,220928,10477,1,"1"
9174.2527795245878,220916,10489,1,"1"
9177.4959662706151,220902,10503,1,"1"
9181.89622684606,220884,10521,1,"1"
9191.9960057721019,220866,10539,1,"1"
9197.0424949682092,220848,10557,1,"1"
9204.1659974257236,220830,10575,1,"1"
9205.3159391609915,220812,10593,1,"1"
9217.881779937934,220794,10611,1,"1"
9250.3231642447918,220776,10629,1,"1"
9250.6466339322451,220769,10636,1,"1"
9258.8896832998489,220751,10654,1,"1"
9259.7421680065036,220715,10690,2,"2"
9262.922681588876,220697,10708,1,"1"
9264.1001258181295,220677,10728,2,"2"
9268.9684196640337,220659,10746,1,"1"
9273.7458350097204,220646,10759,1,"1"
9285.35658396896,220628,10777,1,"1"
9288.2903268981518,220610,10795,1,"1"
9296.7181494312117,220593,10812,1,"1"
9303.1653174352869,220539,10866,3,"3"
9329.3422978095441,220521,10884,1,"1"
9336.3970650921401,220503,10902,1,"1"
9336.6900508764393,220485,10920,1,"1"
9337.5976382612735,220474,10931,1,"1"
9368.2115503166115,220456,10949,1,"1"
9369.1756200810178,220451,10954,1,"1"
9375.6099491001587,220446,10959,1,"1"
9385.1280106089343,220384,11021,5,"2-1-1-1"
9391.5040078860002,220334,11071,4,"4"
9398.2574852545749,220252,11153,6,"4-1-1"
9401.0856254842947,220120,11285,14,"4-4-2-1-1-1-1"
9415.7399127843964,220094,11311,2,"1-1"
9425.5486354004752,220055,11350,5,"4-1"
9426.2807436422445,220037,11368,1,"1"
9429.5199315348073,220003,11402,3,"2-1"
9433.6499297223982,219947,11458,4,"3-1"
9440.5320789073194,219911,11494,4,"2-1-1"
9446.3137435882163,219893,11512,1,"1"
9460.8212438413757,219875,11530,1,"1"
9462.2657904264415,219857,11548,1,"1"
9464.1357457466129,219848,11557,1,"1"
9464.6511952264082,219792,11613,4,"3-1"
9473.8633576032698,219774,11631,1,"1"
9474.7518445310034,219756,11649,1,"1"
9476.2403920719298,219738,11667,1,"1"
9488.7114823985739,219720,11685,1,"1"
9489.3611329395135,219702,11703,1,"1"
9508.3239688053491,219688,11717,1,"1"
9509.9979456073143,219676,11729,1,"1"
9510.7102300457682,219658,11747,1,"1"
9513.1904795497503,219640,11765,1,"1"
9524.779174731988,219622,11783,1,"1"
9531.3450509456725,219612,11793,1,"1"
9532.8226811050426,219396,12009,16,"4-3-2-2-1-1-1-1-1"
9547.9819302663582,219387,12018,1,"1"
9549.2360084336306,219343,12062,3,"2-1"
9561.4849636725976,219325,12080,1,"1"
9565.1105666830008,219307,12098,1,"1"
9567.6333341500085,219227,12178,8,"5-1-1-1"
9570.3983021373533,219205,12200,2,"2"
9588.9089655796834,219169,12236,2,"2"
9591.2261359175991,219151,12254,1,"1"
9599.6371097605679,219133,12272,1,"1"
9601.1806722469264,219113,12292,2,"2"
9619.6311225359532,219041,12364,4,"2-2"
9622.1231613068849,219023,12382,1,"1"
9628.2577358630278,219005,12400,1,"1"
9640.5683449770531,218987,12418,1,"1"
9646.4926350675614,218969,12436,1,"1"
9652.9742340680841,218951,12454,1,"1"
9654.6941792402322,218933,12472,2,"2"
9656.5656946125,218915,12490,1,"1"
9671.7038991122081,218879,12526,2,"2"
9685.0388214230334,218868,12537,1,"1"
9690.6175224589606,218850,12555,1,"1"
9696.6151408183905,218800,12605,3,"1-1-1"
9698.6807031336248,218782,12623,1,"1"
9700.9882111145162,218764,12641,1,"1"
9704.5042466387004,218736,12669,2,"2"
9708.7664980993541,218672,12733,6,"3-2-1"
9709.4123753634121,218654,12751,1,"1"
9712.4450474307141,218636,12769,1,"1"
9717.5752983870188,218552,12853,6,"3-2-1"
9720.6369576678408,218489,12916,5,"3-1-1"
9730.8591730132812,218471,12934,1,"1"
9734.1214183774864,218453,12952,1,"1"
9757.166833537065,218439,12966,1,"1"
9760.2169170513425,218406,12999,2,"2"
9762.7361602042747,218388,13017,1,"1"
9765.4996238132844,218356,13049,2,"1-1"
9765.7332069049844,218315,13090,3,"1-1-1"
9766.0894072804713,218287,13118,2,"2"
9773.5956838490019,218233,13172,3,"2-1"
9780.1725602387887,217843,13562,30,"8-7-3-2-2-2-2-2-1-1"
9797.5712177744117,217831,13574,1,"1"
9800.2280109092408,217813,13592,1,"1"
9801.5985799488408,217777,13628,2,"2"
9804.1206229612235,217610,13795,14,"4-3-2-2-1-1-1"
9824.6020356815679,217595,13810,1,"1"
9825.8685531011124,217577,13828,1,"1"
9826.5678842260222,217503,13902,6,"3-3"
9845.0092398376255,217467,13938,2,"2"
9846.3746406599803,217431,13974,2,"1-1"
9848.3413684216157,217413,13992,1,"1"
9872.2200829593457,217395,14010,1,"1"
9878.1286741029071,217377,14028,1,"1"
9878.9881195784328,217239,14166,11,"4-2-2-1-1-1"
9879.5692453054744,217217,14188,2,"2"
9884.9781129950497,217185,14220,2,"2"
9891.2107531999009,217167,14238,1,"1"
9892.9340620054227,217149,14256,1,"1"
9895.4391562618293,217131,14274,1,"1"
9896.4830769588734,217113,14292,1,"1"
9907.468371982126,217059,14346,3,"2-1"
9916.2063647757495,217014,14391,3,"2-1"
9923.6944807837262,216996,14409,1,"1"
9925.7095957545807,216960,14445,2,"2"
9925.7750206222827,216950,14455,1,"1"
9934.4956130299688,216676,14729,26,"7-3-3-2-2-2-2-1-1-1-1-1"
9935.022249454636,216604,14801,4,"1-1-1-1"
9935.6052935219795,215961,15444,51,"11-8-4-3-3-3-3-2-2-2-2-1-1-1-1-1-1-1-1"
9936.541068206916,215819,15586,11,"4-2-2-1-1-1"
9956.7742467151893,215771,15634,3,"2-1"
9956.8208765930649,215751,15654,2,"2"
9965.5400309380129,215715,15690,2,"2"
9966.8984702607595,215697,15708,1,"1"
9975.9445366504751,215655,15750,3,"3"
9979.3226784019716,215637,15768,1,"1"
9982.2666961842497,215619,15786,1,"1"
9984.541403462621,215601,15804,1,"1"
9986.51329279928,215583,15822,1,"1"
10001.776308688452,215567,15838,1,"1"
10004.657488352233,215549,15856,1,"1"
10010.852057614253,215531,15874,1,"1"
10014.468774105537,215503,15902,2,"1-1"
10017.752924834474,215467,15938,2,"1-1"
10022.428885801604,215449,15956,1,"1"
10041.620832433242,215357,16048,7,"3-3-1"
10049.529643743432,215339,16066,1,"1"
10050.734056835248,0,231405,12122,"12122"
----------------------------------------------8
0,231405,0,0,"0"
161.38767403535587,231404,1,1,"1"
421.74973499810056,231403,2,1,"1"
492.92048387005462,231402,3,1,"1"
511.48619654613174,231390,15,1,"1"
513.47702915980426,231372,33,1,"1"
523.81468814213201,231369,36,1,"1"
596.89359092539235,231368,37,1,"1"
676.78620158390834,231367,38,1,"1"
708.68808585086276,231349,56,1,"1"
726.99917559012442,231331,74,1,"1"
742.57619140622808,231330,75,1,"1"
746.51753523854859,231327,78,3,"3"
779.821541004751,231326,79,1,"1"
788.13435652688725,231325,80,1,"1"
800.85446764440553,231324,81,1,"1"
808.41070835486903,231312,93,1,"1"
821.40240344453616,231311,94,1,"1"
847.2946323165703,231310,95,1,"1"
855.54966045282686,231309,96,1,"1"
875.43940814373548,231308,97,1,"1"
888.20471243944235,231307,98,1,"1"
894.80401666071168,231289,116,1,"1"
923.96872239985214,231285,120,2,"2"
946.44686382719999,231282,123,1,"1"
950.14134254046587,231281,124,1,"1"
963.36795292117199,231280,125,1,"1"
975.54006395988642,231262,143,1,"1"
1010.8296343586438,231261,144,1,"1"
1010.9790566247008,231260,145,1,"1"
1011.4190678318465,231259,146,1,"1"
1016.8137736558897,231258,147,1,"1"
1020.9141478533278,231254,151,2,"2"
1024.8762234640935,231253,152,1,"1"
1075.9175303201673,231243,162,1,"1"
1077.6774403136244,231242,163,1,"1"
1094.8168439293386,231241,164,1,"1"
1096.8979012246036,231240,165,1,"1"
1101.3752578357387,231239,166,1,"1"
1104.0488780824658,231232,173,1,"1"
1105.2263149826679,231229,176,3,"3"
1115.0500228909277,231228,177,1,"1"
1127.4408223399344,231226,179,2,"2"
1128.1951727443363,231224,181,2,"2"
1144.6956382325368,231221,184,1,"1"
1154.5937581749072,231219,186,2,"2"
1159.4109738132306,231218,187,1,"1"
1163.5980014422228,231217,188,1,"1"
1171.7856893117907,231214,191,1,"1"
1226.8114016232141,231213,192,1,"1"
1294.2524206097307,231212,193,1,"1"
1294.5125306683635,231210,195,2,"2"
1308.5495654778424,231209,196,1,"1"
1309.5362740876365,231191,214,1,"1"
1312.8748058380374,231189,216,2,"2"
1337.4766074659933,231188,217,1,"1"
1346.08758465447,231182,223,2,"2"
1350.7611972364955,231164,241,1,"1"
1353.3428755505763,231162,243,2,"2"
1359.1548917437178,231161,244,1,"1"
1384.5085939229236,231158,247,1,"1"
1391.2044900965066,231157,248,1,"1"
1395.0399744660851,231152,253,1,"1"
1413.7947177051381,231151,254,1,"1"
1422.8742539549423,231149,256,2,"2"
1429.4201687748141,231148,257,1,"1"
1442.0213448919158,231146,259,2,"2"
1453.4041607321801,231136,269,1,"1"
1453.8687758247484,231135,270,1,"1"
1454.8102430281172,231123,282,1,"1"
1461.6860336739312,231105,300,1,"1"
1464.1367058786323,231102,303,1,"1"
1467.9260384348779,231089,316,1,"1"
1470.6368658044205,231084,321,1,"1"
1493.186067117804,231081,324,3,"3"
1526.8247714356535,231078,327,1,"1"
1531.3707908656029,231076,329,2,"2"
1531.9097440025357,231075,330,1,"1"
1555.9442290209197,231065,340,6,"4-1-1"
1557.3109252958004,231062,343,1,"1"
1588.2809289676941,231059,346,1,"1"
1619.8790836165153,231058,347,1,"1"
1658.6427373328534,231057,348,1,"1"
1668.5148556939546,231039,366,1,"1"
1669.9354316006525,231032,373,1,"1"
1675.1242167095224,231030,375,2,"2"
1683.7224344886406,231018,387,1,"1"
1684.6667372850002,231013,392,1,"1"
1691.7555219106096,231011,394,2,"1-1"
1714.7850334322359,231009,396,2,"1-1"
1744.0438821497983,230991,414,1,"1"
1757.7216725791336,230988,417,1,"1"
1761.7207570960732,230987,418,1,"1"
1768.1360366919596,230986,419,1,"1"
1784.4709529907127,230983,422,1,"1"
1789.7093659489958,230982,423,1,"1"
1847.3550779602565,230981,424,1,"1"
1865.7431326345938,230980,425,1,"1"
1872.2071350436236,230962,443,1,"1"
1875.0745697383088,230961,444,1,"1"
1876.2206588332479,230960,445,1,"1"
1876.6499980592293,230945,460,1,"1"
1892.2061993927252,230944,461,1,"1"
1894.6258134737025,230943,462,1,"1"
1898.7074965968582,230925,480,1,"1"
1899.7662946681626,230921,484,4,"2-1-1"
1903.1576775045608,230920,485,1,"1"
1913.2935704117513,230908,497,1,"1"
1922.7456675534345,230907,498,1,"1"
1923.6938004379692,230905,500,2,"2"
1938.5592216305226,230893,512,1,"1"
1959.0924575065635,230892,513,1,"1"
1960.2808970834708,230874,531,1,"1"
1960.9889832261313,230871,534,3,"2-1"
1970.1633293674845,230868,537,3,"2-1"
1978.2010287966784,230867,538,1,"1"
1989.1311699654489,230866,539,1,"1"
1992.8776965189927,230865,540,1,"1"
2015.2950990665668,230864,541,1,"1"
2032.3318199118676,230862,543,2,"2"
2035.6518895792976,230860,545,2,"1-1"
2039.154567125516,230857,548,3,"3"
2048.8402598171256,230839,566,1,"1"
2050.1623170407779,230838,567,1,"1"
2062.1784270961998,230820,585,1,"1"
2070.4750327826996,230808,597,1,"1"
2071.3680822559081,230807,598,1,"1"
2095.3307909885311,230805,600,2,"2"
2103.7361420980251,230804,601,1,"1"
2107.2074285578574,230786,619,1,"1"
2108.9775586162664,230768,637,1,"1"
2112.966321503809,230765,640,1,"1"
2114.0997250252881,230747,658,1,"1"
2131.686130209353,230731,674,1,"1"
2146.4223656744616,230730,675,1,"1"
2195.565985082485,230726,679,2,"1-1"
2212.9008800985016,230725,680,1,"1"
2236.4611213769344,230707,698,1,"1"
2278.0561494539297,230706,699,1,"1"
2301.4537646409126,230703,702,1,"1"
2323.0629207482584,230691,714,1,"1"
2328.3405634207193,230673,732,1,"1"
2336.2344203683319,230670,735,1,"1"
2339.9118797723013,230667,738,1,"1"
2359.999592651041,230649,756,1,"1"
2374.4965981490791,230644,761,1,"1"
2408.7655859888,230634,771,2,"2"
2412.4919282606579,230632,773,2,"2"
2416.4991305705776,230614,791,1,"1"
2421.7304222334474,230608,797,2,"2"
2438.8448635982827,230590,815,1,"1"
2461.5368389536998,230572,833,1,"1"
2462.1439540348324,230563,842,1,"1"
2466.1187267368687,230551,854,1,"1"
2488.3723782281954,230548,857,1,"1"
2539.3161935320504,230530,875,1,"1"
2539.8700454152336,230512,893,1,"1"
2547.8032170537012,230511,894,1,"1"
2563.5076826861741,230500,905,1,"1"
2568.1926985501841,230493,912,3,"2-1"
2588.7482021006567,230492,913,1,"1"
2605.4722241438535,230485,920,1,"1"
2624.7071643772661,230482,923,1,"1"
2630.7419599842615,230475,930,1,"1"
2649.3432801367421,230466,939,1,"1"
2657.5337796469626,230465,940,1,"1"
2660.0889934549346,230464,941,1,"1"
2679.3222736216958,230463,942,1,"1"
2719.7676144256875,230455,950,4,"2-2"
2749.9973530712427,230449,956,2,"1-1"
2762.8171981910095,230431,974,1,"1"
2773.6049077897051,230413,992,1,"1"
2779.4964942117458,230410,995,1,"1"
2790.8697308595511,230409,996,1,"1"
2804.1788781660553,230391,1014,1,"1"
2808.657799810941,230390,1015,1,"1"
2811.4050429962904,230385,1020,1,"1"
2825.6378710780882,230375,1030,2,"2"
2831.1316970234443,230372,1033,1,"1"
2847.6063847510072,230371,1034,1,"1"
2872.75979338049,230365,1040,2,"1-1"
2883.1705334162993,230360,1045,1,"1"
2892.9331941509267,230342,1063,1,"1"
2911.1663329691723,230324,1081,1,"1"
2927.5044739530226,230296,1109,2,"1-1"
2931.4534893007872,230278,1127,1,"1"
2956.2441466140222,230260,1145,1,"1"
2983.5097008955336,230242,1163,1,"1"
2986.3691963181436,230239,1166,1,"1"
2990.7270676904377,230236,1169,1,"1"
3026.5643122044403,230218,1187,1,"1"
3029.5123601674941,230215,1190,1,"1"
3034.4753129883102,230197,1208,1,"1"
3046.8905691998229,230179,1226,1,"1"
3056.5270394995041,230176,1229,1,"1"
3078.0397976237914,230158,1247,1,"1"
3186.5624376901715,230155,1250,1,"1"
3205.0921934702706,230154,1251,1,"1"
3259.7180612532279,230144,1261,1,"1"
3259.7376367228703,230137,1268,1,"1"
3287.7159672524172,230134,1271,1,"1"
3303.2092634255268,230116,1289,1,"1"
3347.9045930229986,230115,1290,1,"1"
3396.907548565327,230100,1305,3,"3"
3475.4317345516956,230082,1323,1,"1"
3503.0217205941658,230077,1328,1,"1"
3505.6257357794648,230059,1346,1,"1"
3510.8235402103664,230058,1347,1,"1"
3512.1852125559144,230040,1365,1,"1"
3532.7938435172882,230035,1370,1,"1"
3544.7696026620624,230032,1373,1,"1"
3569.2666731213171,230014,1391,1,"1"
3594.3554620620007,230009,1396,1,"1"
3594.979878335289,229991,1414,1,"1"
3601.7499603491665,229973,1432,1,"1"
3630.2454237414845,229953,1452,4,"2-1-1"
3637.4102397909014,229935,1470,1,"1"
3642.3190484613501,229934,1471,1,"1"
3643.6918146107441,229931,1474,1,"1"
3649.3474874900821,229922,1483,1,"1"
3708.8808741218886,229917,1488,1,"1"
3744.093456409516,229912,1493,1,"1"
3770.7261114769171,229876,1529,2,"2"
3801.5183773120275,229866,1539,1,"1"
3804.5778577858287,229848,1557,1,"1"
3811.5158838473685,229845,1560,1,"1"
3814.5771963204361,229837,1568,2,"2"
3851.1100108267601,229819,1586,1,"1"
3872.601712601042,229783,1622,2,"2"
3919.5999728500597,229765,1640,1,"1"
3919.8187500101121,229729,1676,2,"2"
3937.774483955619,229711,1694,1,"1"
3945.3275533342753,229693,1712,1,"1"
3975.7066182188328,229688,1717,1,"1"
4004.2298736006078,229670,1735,1,"1"
4015.5579472655322,229652,1753,1,"1"
4040.7984856006078,229649,1756,1,"1"
4041.7354597267722,229644,1761,1,"1"
4060.587517355606,229632,1773,1,"1"
4076.4339177440556,229627,1778,1,"1"
4098.1413851476391,229609,1796,1,"1"
4101.4371952913634,229606,1799,1,"1"
4110.2264249196496,229588,1817,1,"1"
4110.782762386475,229570,1835,1,"1"
4110.8245792638791,229552,1853,1,"1"
4135.0692230936156,229547,1858,1,"1"
4162.1505186727372,229534,1871,1,"1"
4177.3157997111166,229520,1885,1,"1"
4184.5527670453821,229502,1903,1,"1"
4189.7372641518505,229499,1906,1,"1"
4207.7398369741004,229485,1920,1,"1"
4218.8635686637472,229473,1932,1,"1"
4228.4565038626561,229459,1946,1,"1"
4260.747011129838,229441,1964,1,"1"
4262.0720913189625,229423,1982,1,"1"
4271.2320977546724,229420,1985,1,"1"
4316.6434335079612,229402,2003,1,"1"
4332.3114728950413,229392,2013,1,"1"
4383.9297946780043,229374,2031,1,"1"
4391.139785722803,229356,2049,1,"1"
4405.8262183882862,229338,2067,1,"1"
4412.2787324975025,229328,2077,2,"2"
4449.2474161487007,229323,2082,1,"1"
4451.3990339840911,229305,2100,1,"1"
4458.4175936109123,229302,2103,1,"1"
4469.3167600797051,229286,2119,1,"1"
4506.1599498156938,229271,2134,3,"2-1"
4513.1053791084341,229266,2139,1,"1"
4513.423181926657,229248,2157,1,"1"
4566.5877015348678,229243,2162,1,"1"
4568.4242061358873,229225,2180,1,"1"
4594.7982981019031,229207,2198,1,"1"
4596.1557870392271,229189,2216,1,"1"
4626.0274752567402,229184,2221,1,"1"
4631.0759357508559,229179,2226,1,"1"
4636.6609710401672,229174,2231,1,"1"
4680.1012017424655,229156,2249,1,"1"
4687.8321341730598,229151,2254,1,"1"
4692.3344823848911,229137,2268,2,"2"
4717.6679329168674,229132,2273,1,"1"
4726.7040915249972,229127,2278,1,"1"
4738.3690552369762,229122,2283,1,"1"
4746.8120132132708,229112,2293,1,"1"
4749.5501444580923,229109,2296,1,"1"
4755.6807835164991,229106,2299,1,"1"
4756.3643071144415,229091,2314,1,"1"
4764.853925955982,229073,2332,1,"1"
4771.9656873573467,229061,2344,1,"1"
4781.154294635634,229043,2362,1,"1"
4785.3179197835034,229017,2388,2,"2"
4790.6196505922062,229012,2393,1,"1"
4796.9069424269846,228999,2406,3,"2-1"
4828.314456648789,228989,2416,1,"1"
4830.2873532114727,228984,2421,1,"1"
4881.8717955339698,228977,2428,1,"1"
4914.6224109747673,228959,2446,1,"1"
4923.8193775969921,228956,2449,1,"1"
4930.8740490164828,228938,2467,1,"1"
4966.8057787760954,228935,2470,1,"1"
4970.3624408688693,228915,2490,2,"1-1"
5006.8952705762231,228897,2508,1,"1"
5016.4170493437578,228879,2526,1,"1"
5018.5281360481449,228874,2531,1,"1"
5023.8561901734638,228864,2541,2,"1-1"
5032.0745563419496,228846,2559,1,"1"
5034.9930274746766,228828,2577,1,"1"
5060.5837686372497,228802,2603,2,"1-1"
5076.1203029400576,228778,2627,6,"4-1-1"
5086.4833508546708,228760,2645,1,"1"
5106.2225173066909,228742,2663,1,"1"
5123.3417776551296,228732,2673,1,"1"
5127.3985231975785,228714,2691,1,"1"
5132.3842971364438,228696,2709,1,"1"
5144.7740851499138,228678,2727,1,"1"
5157.332564050289,228662,2743,1,"1"
5170.8037570518836,228616,2789,3,"2-1"
5171.1609349497212,228598,2807,1,"1"
5176.9078077732565,228593,2812,1,"1"
5200.2440012914922,228575,2830,1,"1"
5203.8927683250213,228557,2848,1,"1"
5206.6457184898509,228539,2866,1,"1"
5214.9272574464967,228521,2884,1,"1"
5223.0257642276292,228514,2891,1,"1"
5241.9838210535336,228496,2909,1,"1"
5242.0715094483621,228491,2914,1,"1"
5261.0163751320479,228473,2932,1,"1"
5340.007175997679,228445,2960,2,"2"
5356.4832874215126,228427,2978,1,"1"
5374.532784583007,228409,2996,1,"1"
5378.2457947088087,228391,3014,1,"1"
5378.293986708697,228386,3019,1,"1"
5405.7459800872512,228368,3037,1,"1"
5418.8712693863008,228365,3040,1,"1"
5422.3437220124952,228347,3058,1,"1"
5446.057370338388,228341,3064,2,"2"
5473.3697019907349,228338,3067,1,"1"
5485.2254373056503,228320,3085,1,"1"
5528.829281133776,228302,3103,1,"1"
5546.7305816372755,228252,3153,4,"2-1-1"
5556.2280038934496,228235,3170,1,"1"
5567.6692146657933,228221,3184,2,"2"
5603.8313335452767,228185,3220,2,"2"
5614.524644999532,228159,3246,4,"3-1"
5636.7150562492034,228154,3251,1,"1"
5642.5197564764121,228151,3254,1,"1"
5661.3625700686107,228140,3265,1,"1"
5715.4684151548345,228130,3275,1,"1"
5722.4700636803473,228112,3293,1,"1"
5725.111439495322,228094,3311,1,"1"
5728.8262347995314,228074,3331,4,"4"
5736.0642504591842,228050,3355,2,"2"
5749.7984285077537,228040,3365,1,"1"
5751.4978846735366,228030,3375,1,"1"
5757.776526344288,228018,3387,1,"1"
5763.5706495964869,228013,3392,1,"1"
5766.5706555297538,227995,3410,1,"1"
5767.0805360165523,227977,3428,1,"1"
5780.8387665757518,227967,3438,1,"1"
5787.3190372587032,227962,3443,1,"1"
5809.0804701913075,227944,3461,1,"1"
5811.7678693878561,227930,3475,1,"1"
5815.1719898976526,227912,3493,1,"1"
5837.9907257838377,227894,3511,1,"1"
5842.4433343550654,227876,3529,1,"1"
5860.6722865070014,227858,3547,1,"1"
5864.7322684900346,227840,3565,1,"1"
5870.3779045384945,227816,3589,2,"2"
5887.606683962701,227810,3595,2,"2"
5897.0115306856851,227807,3598,1,"1"
5898.7653602050732,227789,3616,1,"1"
5901.0579342591345,227771,3634,1,"1"
5926.4416299431978,227753,3652,1,"1"
5927.1188225595024,227735,3670,1,"1"
5937.4755118204293,227697,3708,8,"5-1-1-1"
5955.435721126074,227679,3726,1,"1"
5972.9106944972773,227667,3738,1,"1"
5991.5701711864658,227649,3756,1,"1"
5997.6975798695576,227631,3774,1,"1"
6010.5986681456388,227615,3790,4,"4"
6014.7531338503168,227601,3804,2,"2"
6015.9099792880406,227573,3832,2,"2"
6089.6689787797186,227568,3837,1,"1"
6097.7204949185507,227565,3840,1,"1"
6118.3308336340197,227547,3858,1,"1"
6118.669555330167,227540,3865,1,"1"
6131.6457706554984,227522,3883,1,"1"
6168.6058131666896,227504,3901,1,"1"
6170.5083704421822,227486,3919,1,"1"
6174.6367270567725,227476,3929,1,"1"
6182.3727465068741,227456,3949,4,"2-2"
6195.6473701579853,227438,3967,1,"1"
6206.4994434942118,227429,3976,1,"1"
6207.07683694563,227393,4012,2,"1-1"
6221.3369737393905,227365,4040,4,"4"
6226.3847521437538,227358,4047,1,"1"
6247.515225052035,227340,4065,1,"1"
6252.9990435434584,227326,4079,2,"2"
6256.4583527580489,227312,4093,2,"2"
6269.6042445786143,227294,4111,1,"1"
6271.0400510557029,227276,4129,1,"1"
6275.5478530030459,227258,4147,1,"1"
6277.4278720006059,227240,4165,1,"1"
6280.3950462295625,227230,4175,1,"1"
6305.6141711924865,227212,4193,1,"1"
6309.3282856293863,227194,4211,1,"1"
6319.8280344118111,227176,4229,1,"1"
6328.7574104620799,227158,4247,1,"1"
6330.656723552428,227148,4257,1,"1"
6346.5789082277724,227138,4267,1,"1"
6354.2284622906536,226946,4459,24,"17-2-2-1-1-1"
6355.8429329480623,226936,4469,1,"1"
6362.4553436151928,226931,4474,1,"1"
6363.3683978953104,226913,4492,1,"1"
6368.6583010407912,226895,4510,1,"1"
6380.3162316589942,226877,4528,1,"1"
6386.3162705661616,226840,4565,3,"2-1"
6393.3993524748221,226822,4583,1,"1"
6405.7609065818915,226804,4601,1,"1"
6414.8072068451565,226794,4611,1,"1"
6428.2322868593401,226776,4629,1,"1"
6432.370221614854,226636,4769,22,"7-4-2-2-1-1-1-1-1-1-1"
6437.2794858946363,226626,4779,1,"1"
6448.2148635205167,226608,4797,1,"1"
6479.6344944155881,226590,4815,1,"1"
6500.8699946343177,226572,4833,1,"1"
6502.5435296482083,226560,4845,1,"1"
6520.3871437291427,226551,4854,1,"1"
6537.3290288962808,226546,4859,1,"1"
6545.6007784959875,226528,4877,1,"1"
6568.0914172427574,226510,4895,1,"1"
6570.7827531055254,226505,4900,1,"1"
6590.5336279600642,226487,4918,1,"1"
6604.8513883354472,226469,4936,1,"1"
6648.6147705692638,226459,4946,2,"2"
6655.8287052815813,226441,4964,1,"1"
6667.8377522251931,226423,4982,1,"1"
6696.4051959102298,226405,5000,1,"1"
6697.1243785170473,226369,5036,2,"2"
6725.8000306200329,226359,5046,1,"1"
6750.6572981054123,226341,5064,1,"1"
6755.2577073664761,226323,5082,1,"1"
6770.8218016510373,226305,5100,1,"1"
6781.1778496226325,226289,5116,1,"1"
6796.5205445969777,226271,5134,1,"1"
6800.7653810434404,226253,5152,1,"1"
6812.0148666958503,226247,5158,2,"1-1"
6837.9850390414831,226235,5170,1,"1"
6845.6426006121674,226162,5243,9,"5-2-2"
6846.115943452849,226144,5261,1,"1"
6847.5349749989946,226130,5275,2,"2"
6855.8082730237484,226120,5285,1,"1"
6879.9860174589039,226075,5330,3,"2-1"
6881.1139599940525,226057,5348,1,"1"
6899.9122308005572,226039,5366,1,"1"
6905.4330498601184,226016,5389,3,"2-1"
6908.7940955985905,225972,5433,5,"3-1-1"
6928.1044977347246,225954,5451,1,"1"
6933.9632485041047,225925,5480,5,"4-1"
6952.8554842218537,225907,5498,1,"1"
6954.6753365527875,225889,5516,1,"1"
6956.0876953275747,225867,5538,2,"2"
6962.105775787536,225853,5552,1,"1"
6975.6258514051651,225835,5570,1,"1"
6978.3360149913024,225799,5606,2,"2"
6981.0678214624986,225781,5624,1,"1"
7012.6546991981768,225763,5642,1,"1"
7020.096537403364,225753,5652,2,"2"
7032.8072609662167,225744,5661,1,"1"
7069.0550281024762,225734,5671,2,"2"
7073.1072620937384,225712,5693,2,"2"
7082.3793350806463,225694,5711,1,"1"
7107.6031900232465,225660,5745,3,"2-1"
7110.030129266831,225642,5763,1,"1"
7125.7067371314133,225598,5807,4,"4"
7126.0630113203115,225593,5812,1,"1"
7148.3987428910095,225575,5830,1,"1"
7150.9940407577269,225563,5842,1,"1"
7184.8385117932185,225543,5862,2,"2"
7220.0302714578002,225507,5898,2,"1-1"
7222.6501177450618,225489,5916,1,"1"
7233.3882507309345,225471,5934,1,"1"
7236.2332724176931,225460,5945,1,"1"
7245.1489068404553,225450,5955,1,"1"
7245.8307540273345,225441,5964,1,"1"
7246.3065536868517,225423,5982,1,"1"
7259.5171912636124,225405,6000,1,"1"
7266.0019644880704,225387,6018,1,"1"
7271.1013583123749,225369,6036,1,"1"
7285.8593995114124,225351,6054,1,"1"
7301.4685082259193,225333,6072,1,"1"
7307.516432737425,225323,6082,2,"2"
7307.659074363437,225313,6092,2,"1-1"
7308.7270682393755,225303,6102,2,"2"
7317.6473334363218,225285,6120,1,"1"
7320.2307651099745,225251,6154,6,"3-2-1"
7330.3311139326124,225242,6163,1,"1"
7330.4355421815017,225224,6181,1,"1"
7330.5425480548374,225188,6217,2,"1-1"
7335.101515314248,225170,6235,1,"1"
7373.0576672037741,225158,6247,2,"1-1"
7378.3786950123285,225140,6265,1,"1"
7407.6854025663397,225130,6275,1,"1"
7415.2846687903202,225110,6295,2,"2"
7415.7691990484136,225092,6313,1,"1"
7426.9975499546581,225074,6331,1,"1"
7437.2904990626985,225064,6341,1,"1"
7440.9332613016823,225023,6382,5,"2-2-1"
7443.7929799650019,225013,6392,2,"1-1"
7444.6960026598827,224989,6416,2,"2"
7446.22308056368,224971,6434,1,"1"
7447.2246912402143,224953,6452,1,"1"
7468.8393758805478,224935,6470,1,"1"
7473.8747236483996,224897,6508,3,"2-1"
7500.5058446267803,224887,6518,2,"2"
7507.8888321206814,224875,6530,1,"1"
7510.4263713546179,224831,6574,4,"2-2"
7520.0252205077586,224821,6584,2,"1-1"
7537.9198802106512,224803,6602,1,"1"
7555.0266915026104,224785,6620,1,"1"
7559.9789578995451,224767,6638,1,"1"
7564.1231335863713,224703,6702,4,"2-1-1"
7568.5793232392161,224685,6720,1,"1"
7576.1116633143665,224676,6729,1,"1"
7579.16573487607,224658,6747,1,"1"
7590.0448715241118,224648,6757,1,"1"
7590.7380194284024,224630,6775,1,"1"
7601.6782860280937,224612,6793,1,"1"
7603.9822803332936,224603,6802,1,"1"
7608.7123719634337,224585,6820,1,"1"
7611.2672222890278,224571,6834,2,"2"
7616.7487520046116,224517,6888,3,"2-1"
7618.0982632539444,224463,6942,3,"2-1"
7622.1771918315935,224445,6960,1,"1"
7622.9114853630763,224427,6978,1,"1"
7630.3968060012867,224403,7002,2,"2"
7640.3200486143905,224385,7020,1,"1"
7653.0122212297301,224375,7030,2,"1-1"
7653.0147556840411,224357,7048,1,"1"
7653.9281507053302,224339,7066,1,"1"
7654.9037587114881,224328,7077,1,"1"
7667.6834576237243,224292,7113,2,"2"
7691.5607419856105,224256,7149,2,"2"
7703.9218567949947,224223,7182,5,"5"
7716.1683418621315,224214,7191,1,"1"
7723.5105567501114,224196,7209,1,"1"
7725.3141028158261,224178,7227,1,"1"
7747.2646489251174,224160,7245,1,"1"
7749.1565086366863,224140,7265,4,"4"
7756.7159140851081,224130,7275,1,"1"
7772.1473377260627,224090,7315,4,"2-2"
7784.8815579419761,224080,7325,1,"1"
7815.3488760978516,224062,7343,1,"1"
7823.1083788158203,224057,7348,1,"1"
7825.2012009185655,224052,7353,1,"1"
7826.8935598688904,224028,7377,2,"1-1"
7828.1454365343416,224010,7395,1,"1"
7834.1768857895931,223996,7409,2,"2"
7843.035100713485,223978,7427,1,"1"
7844.6340151771483,223960,7445,1,"1"
7846.2064865611565,223953,7452,1,"1"
7853.1187694016817,223935,7470,1,"1"
7867.1738096503632,223930,7475,1,"1"
7873.9754991113068,223920,7485,1,"1"
7878.1470673318663,223895,7510,5,"2-2-1"
7883.1281634311763,223877,7528,1,"1"
7893.9127270933359,223870,7535,1,"1"
7903.199777276217,223852,7553,1,"1"
7908.4130015870805,223834,7571,1,"1"
7911.264954524805,223780,7625,3,"3"
7913.6804874239078,223744,7661,2,"2"
7914.0162719165428,223732,7673,1,"1"
7934.6625021785931,223700,7705,3,"2-1"
7934.9095234252081,223655,7750,5,"2-2-1"
7965.1252850939009,223637,7768,1,"1"
7980.9126022893697,223619,7786,1,"1"
7983.1986024372391,223598,7807,3,"2-1"
7983.5234114122122,223580,7825,1,"1"
7990.3780818459863,223563,7842,1,"1"
8004.7863049426342,223558,7847,1,"1"
8019.3419188562875,223540,7865,1,"1"
8029.93571242906,223522,7883,1,"1"
8034.9637798568392,223504,7901,1,"1"
8040.6086804992356,223478,7927,2,"2"
8041.7899675418739,223467,7938,1,"1"
8053.1609359998911,223447,7958,2,"2"
8082.0505532365551,223437,7968,1,"1"
8083.2650836522726,223419,7986,1,"1"
8089.9050104360476,223401,8004,1,"1"
8107.8654625782092,223359,8046,4,"2-1-1"
8120.3313809773445,223339,8066,2,"2"
8121.6000276495706,223321,8084,1,"1"
8128.2562077686443,223303,8102,1,"1"
8140.5383194181068,223285,8120,2,"2"
8148.1396349863271,223267,8138,1,"1"
8153.2256116027938,223247,8158,2,"1-1"
8153.842131796081,223234,8171,3,"2-1"
8158.5523513306916,223188,8217,6,"4-1-1"
8172.6710054539153,223178,8227,1,"1"
8177.4639431465521,223160,8245,1,"1"
8185.8087011856032,223142,8263,1,"1"
8189.7837070234236,223124,8281,1,"1"
8210.4927554565966,223106,8299,1,"1"
8213.5238191287372,223088,8317,1,"1"
8228.8648344278863,223057,8348,2,"2"
8237.2777371563116,223045,8360,1,"1"
8250.6721986358425,223027,8378,1,"1"
8274.356430636939,223009,8396,1,"1"
8300.7913868103169,222988,8417,3,"3"
8320.8115793632223,222970,8435,1,"1"
8322.2812999267335,222961,8444,1,"1"
8334.9272980646565,222931,8474,3,"1-1-1"
8356.2812065422313,222922,8483,1,"1"
8364.9440402378186,222904,8501,1,"1"
8381.323684502413,222843,8562,5,"5"
8397.1182813084597,222825,8580,1,"1"
8399.8197954611169,222822,8583,1,"1"
8403.6677392607344,222796,8609,2,"1-1"
8420.6980429219893,222778,8627,1,"1"
8423.1776147888504,222769,8636,1,"1"
8423.8746788836543,222696,8709,11,"4-3-3-1"
8447.7302377494907,222678,8727,1,"1"
8448.7008344323458,222638,8767,4,"4"
8451.9987283063692,222622,8783,1,"1"
8453.4462579509,222604,8801,1,"1"
8458.4958860290917,222594,8811,1,"1"
8458.832432883446,222579,8826,1,"1"
8469.4858186373604,222561,8844,2,"2"
8496.1818548203337,222543,8862,1,"1"
8499.444178407537,222525,8880,1,"1"
8504.167852788185,222507,8898,1,"1"
8522.7247512748072,222492,8913,1,"1"
8529.5703259735947,222479,8926,1,"1"
8532.8664529322468,222461,8944,1,"1"
8542.9699071114082,222443,8962,1,"1"
8551.7548258683473,222438,8967,1,"1"
8617.4060862777987,222431,8974,1,"1"
8628.7338391015001,222421,8984,1,"1"
8634.6542874626648,222403,9002,1,"1"
8646.7311225342382,222367,9038,2,"1-1"
8650.3806768560244,222356,9049,1,"1"
8653.9660004295674,222338,9067,1,"1"
8657.9747318534392,222320,9085,1,"1"
8663.3387814413582,222284,9121,2,"2"
8670.8963326974481,222266,9139,1,"1"
8687.2146034678699,222216,9189,5,"5"
8688.9259492739602,222198,9207,1,"1"
8705.5342887456809,222144,9261,3,"3"
8717.2894627773039,222126,9279,1,"1"
8722.1125042741387,222108,9297,1,"1"
8728.5822574480153,222101,9304,1,"1"
8743.1066350613164,222087,9318,1,"1"
8758.0225768348209,222035,9370,4,"1-1-1-1"
8762.7700935384619,222025,9380,1,"1"
8783.5384771243662,222020,9385,1,"1"
8788.2464949820642,222002,9403,1,"1"
8792.3909681830937,221928,9477,5,"2-1-1-1"
8810.6972149793528,221910,9495,1,"1"
8821.0413551133352,221892,9513,1,"1"
8823.2655512799811,221872,9533,2,"2"
8840.2316758898505,221863,9542,1,"1"
8866.3981300958549,221845,9560,1,"1"
8868.7357256654286,221827,9578,1,"1"
8887.0483724536134,221818,9587,1,"1"
8890.6275079845564,221800,9605,1,"1"
8893.6526454035284,221785,9620,1,"1"
8898.5657405636521,221693,9712,9,"3-2-2-1-1"
8899.7727993225744,221679,9726,2,"1-1"
8905.1744271423795,221659,9746,2,"1-1"
8911.3403132749627,221641,9764,1,"1"
8913.1558680676026,221623,9782,1,"1"
8927.1793590403395,221605,9800,1,"1"
8937.1230452155669,221587,9818,1,"1"
8953.459943188629,221569,9836,1,"1"
8954.0315551228414,221541,9864,2,"1-1"
8955.2389493072878,221523,9882,1,"1"
8974.4739730005076,221505,9900,1,"1"
8978.8248812313213,221419,9986,7,"7"
8993.4204261703708,221401,10004,1,"1"
8997.7710543717385,221383,10022,1,"1"
9006.4041766761657,221365,10040,1,"1"
9009.1920170545163,221339,10066,2,"2"
9009.9585026725472,221321,10084,1,"1"
9010.1769480647854,221285,10120,2,"1-1"
9010.4240457055148,221246,10159,5,"3-1-1"
9014.4418715695956,221232,10173,2,"2"
9033.8724771186462,221214,10191,1,"1"
9047.6074903396402,221086,10319,10,"3-2-1-1-1-1-1"
9048.6860359558868,221068,10337,1,"1"
9061.3722352882942,221057,10348,1,"1"
9073.2528663112098,221037,10368,2,"2"
9074.0040747318217,221016,10389,3,"2-1"
9087.8217610103566,220998,10407,1,"1"
9091.7434334554873,220980,10425,1,"1"
9093.7881467327079,220932,10473,4,"4"
9105.481147347411,220914,10491,1,"1"
9114.1481354207244,220896,10509,1,"1"
9115.9312651417604,220852,10553,4,"3-1"
9132.5031185753924,220839,10566,1,"1"
9134.8959953985141,220821,10584,1,"1"
9146.0454685738314,220803,10602,1,"1"
9147.8222575466207,220773,10632,2,"1-1"
9158.7867029220997,220755,10650,1,"1"
9178.5517299386593,220750,10655,1,"1"
9187.8305321413281,220727,10678,3,"2-1"
9198.0425344347132,220698,10707,3,"2-1"
9198.064131364963,220688,10717,1,"1"
9206.1492982022719,220670,10735,1,"1"
9233.3603172364346,220650,10755,2,"2"
9256.8973808949268,220632,10773,1,"1"
9269.2095486004418,220604,10801,2,"2"
9274.5343188129882,220586,10819,1,"1"
9281.1862407083318,220577,10828,1,"1"
9283.594767681494,220559,10846,1,"1"
9287.2547075562215,220541,10864,1,"1"
9296.2587557297138,220523,10882,1,"1"
9299.2508037687294,220505,10900,1,"1"
9301.9736357907495,220483,10922,2,"2"
9303.2205392563046,220469,10936,1,"1"
9309.4740727191347,220433,10972,2,"2"
9322.8561802472123,220405,11000,2,"1-1"
9333.4786052720883,220295,11110,7,"5-1-1"
9337.8244130164276,220277,11128,1,"1"
9344.9660683315724,220253,11152,4,"3-1"
9345.4606337671048,220244,11161,1,"1"
9354.6897345786292,220226,11179,1,"1"
9362.8491193136833,220208,11197,1,"1"
9363.7928970877783,220201,11204,1,"1"
9370.9486814878128,220191,11214,1,"1"
9373.1075628593571,220155,11250,2,"1-1"
9391.0852764063857,220137,11268,1,"1"
9395.010981397063,220123,11282,2,"2"
9399.6851847317575,220017,11388,8,"4-3-1"
9416.5178825447711,219999,11406,1,"1"
9420.7850702187679,219987,11418,1,"1"
9445.5845754036764,219631,11774,30,"8-5-4-4-2-2-1-1-1-1-1"
9459.0398944984299,219577,11828,3,"2-1"
9466.0991794910587,219567,11838,1,"1"
9482.4085922912091,219526,11879,4,"2-1-1"
9488.3796107387261,219334,12071,20,"5-3-2-2-1-1-1-1-1-1-1-1"
9492.9460612999192,219298,12107,2,"2"
9496.6241410665898,219280,12125,1,"1"
9506.0955535321973,219262,12143,1,"1"
9527.5370752177787,219141,12264,13,"4-2-1-1-1-1-1-1-1"
9531.4301482993724,219128,12277,1,"1"
9536.3413140841858,218799,12606,30,"4-4-3-3-2-2-2-2-1-1-1-1-1-1-1-1"
9543.3773604312464,218705,12700,9,"7-1-1"
9546.5158500360521,218689,12716,2,"1-1"
9547.7333664056769,218677,12728,1,"1"
9558.4350525404261,218663,12742,1,"1"
9559.7711732690441,218645,12760,1,"1"
9565.7183079281731,218627,12778,1,"1"
9568.7171255015546,218609,12796,1,"1"
9579.9662153471927,218547,12858,5,"2-1-1-1"
9586.0014786958127,217914,13491,53,"7-4-3-3-3-3-2-2-2-2-2-2-2-2-2-1-1-1-1-1-1-1-1-1-1-1-1"
9589.1241338747586,217678,13727,17,"3-2-2-2-1-1-1-1-1-1-1-1"
9593.0420647753708,217553,13852,10,"5-2-1-1-1"
9604.2468443926482,217493,13912,5,"2-2-1"
9620.5173359416694,217475,13930,1,"1"
9631.0650404667322,217423,13982,4,"3-1"
9633.54194928588,217405,14000,1,"1"
9640.754103326617,217396,14009,1,"1"
9643.6337803763709,217378,14027,1,"1"
9644.9244622041497,217360,14045,1,"1"
9651.7230603137123,217342,14063,1,"1"
9655.9918356349353,217288,14117,3,"2-1"
9667.7501144190937,217270,14135,1,"1"
9673.6569656353895,217230,14175,3,"2-1"
9707.7063291449485,217154,14251,5,"2-1-1-1"
9711.5814855626813,217118,14287,2,"2"
9712.9537593226469,217100,14305,1,"1"
9715.8998956739979,217082,14323,1,"1"
9727.1484570263256,217064,14341,1,"1"
9748.2624192919611,217046,14359,1,"1"
9751.5052752220672,217028,14377,1,"1"
9753.5138714257864,217016,14389,1,"1"
9764.1412603308509,216957,14448,5,"4-1"
9770.0737771482836,216931,14474,2,"2"
9773.0310206836948,216913,14492,1,"1"
9774.9630581460096,216877,14528,2,"2"
9780.1891511713566,216859,14546,1,"1"
9783.2218258162084,216841,14564,1,"1"
9828.4984994796341,216811,14594,2,"2"
9829.4561460140903,216793,14612,1,"1"
9846.4363887449854,216775,14630,1,"1"
9849.7924648621502,216757,14648,1,"1"
9856.7532654429942,216739,14666,1,"1"
9867.2365290309317,216727,14678,1,"1"
9868.7220333318219,216703,14702,2,"2"
9879.7202087321966,216685,14720,1,"1"
9901.3628879366061,216667,14738,1,"1"
9901.5832836595182,216653,14752,1,"1"
9902.5147762056022,0,231405,12211,"12211"
----------------------------------------------9
0,231405,0,0,"0"
180.57266149961401,231404,1,1,"1"
254.79022438662287,231403,2,1,"1"
271.69071279911998,231402,3,1,"1"
281.14761018200295,231401,4,1,"1"
346.58200987489738,231400,5,1,"1"
435.9374226342207,231395,10,1,"1"
590.00273654068656,231394,11,1,"1"
595.18710503342231,231393,12,1,"1"
603.77676816574819,231381,24,1,"1"
632.68846985459413,231380,25,1,"1"
736.64525952167151,231362,43,1,"1"
751.92312011153672,231361,44,1,"1"
765.07914826535296,231360,45,1,"1"
766.9406517688451,231359,46,1,"1"
787.38997360926328,231358,47,1,"1"
791.45261187556093,231357,48,1,"1"
815.56334973308071,231356,49,1,"1"
846.87737664652514,231354,51,2,"2"
847.87419630573629,231351,54,1,"1"
852.16899710813641,231333,72,1,"1"
868.24016430167853,231332,73,1,"1"
868.46738853340776,231314,91,1,"1"
880.0840168411346,231313,92,1,"1"
882.57999920405405,231312,93,1,"1"
900.10188618364259,231309,96,1,"1"
934.85186192262358,231308,97,1,"1"
960.56121019932357,231307,98,1,"1"
990.08197543300957,231306,99,1,"1"
1030.7594273415289,231305,100,1,"1"
1032.2172237176339,231304,101,1,"1"
1034.3371832460932,231303,102,1,"1"
1053.5432418449318,231302,103,1,"1"
1067.0082527661689,231299,106,3,"2-1"
1077.7545322563346,231298,107,1,"1"
1110.5421018118366,231295,110,3,"1-1-1"
1148.1026152129314,231277,128,1,"1"
1155.7119701311192,231265,140,1,"1"
1182.0549349867774,231263,142,2,"2"
1185.6493813989127,231262,143,1,"1"
1189.3914273414027,231261,144,1,"1"
1190.6474267904423,231260,145,1,"1"
1198.0508023380467,231259,146,1,"1"
1240.0852588180353,231258,147,1,"1"
1256.2606536610306,231257,148,1,"1"
1270.9129512484519,231251,154,2,"2"
1272.9717975467929,231250,155,1,"1"
1274.1269628736902,231232,173,1,"1"
1296.5849285013599,231231,174,1,"1"
1297.3974126207142,231230,175,1,"1"
1299.9595637157936,231228,177,2,"2"
1304.2404591974453,231223,182,1,"1"
1325.3662780082582,231221,184,2,"2"
1340.0392738075559,231220,185,1,"1"
1340.4895988201213,231215,190,3,"1-1-1"
1342.4581315400164,231205,200,2,"2"
1344.0857462738993,231187,218,1,"1"
1349.1211479020476,231181,224,2,"2"
1359.7587214817293,231180,225,1,"1"
1380.9865870479068,231179,226,1,"1"
1382.0007172282233,231178,227,1,"1"
1383.5541918238087,231177,228,1,"1"
1389.387339211705,231159,246,1,"1"
1405.3910545335541,231154,251,1,"1"
1420.8445924273392,231153,252,1,"1"
1435.9990251003987,231151,254,2,"1-1"
1449.1793279478154,231145,260,2,"2"
1450.0884213538593,231135,270,1,"1"
1452.6304190493158,231133,272,2,"2"
1453.9707781597306,231132,273,1,"1"
1462.1094470948335,231131,274,1,"1"
1489.2533174843334,231130,275,1,"1"
1567.424239504202,231112,293,1,"1"
1581.6989453021313,231103,302,1,"1"
1582.1009908020953,231085,320,1,"1"
1600.5737554949267,231083,322,2,"1-1"
1619.7781366099882,231082,323,1,"1"
1625.9647788067389,231079,326,3,"3"
1640.6881558116529,231061,344,1,"1"
1662.2095032554296,231059,346,2,"2"
1673.0216262011113,231058,347,1,"1"
1690.4818879178076,231055,350,1,"1"
1723.0085396547406,231054,351,1,"1"
1727.8564002182031,231052,353,2,"2"
1731.1073649554769,231051,354,1,"1"
1743.7250701319288,231050,355,1,"1"
1744.613408454946,231049,356,1,"1"
1750.1359184662579,231031,374,1,"1"
1750.6220396108172,231029,376,2,"2"
1761.9361857853796,231028,377,1,"1"
1772.886377744441,231026,379,2,"1-1"
1773.66857333077,231025,380,1,"1"
1779.3507435921156,231024,381,1,"1"
1790.0791680446143,231022,383,2,"2"
1795.7289125273046,231004,401,1,"1"
1800.7242942792568,231003,402,1,"1"
1801.5931842822995,230991,414,1,"1"
1807.611824959321,230990,415,1,"1"
1811.1257089343144,230989,416,1,"1"
1822.9194655611011,230988,417,1,"1"
1851.2609928857692,230982,423,6,"5-1"
1863.5909491249467,230964,441,1,"1"
1866.0385682932138,230961,444,1,"1"
1874.3818332122955,230960,445,1,"1"
1879.816765089671,230959,446,1,"1"
1879.9169755910414,230958,447,1,"1"
1897.0084984441773,230956,449,2,"1-1"
1898.7067619712068,230953,452,1,"1"
1902.6710633802206,230951,454,2,"2"
1922.8409678787777,230946,459,1,"1"
1924.2590094453806,230944,461,2,"2"
1956.8132022436764,230942,463,2,"2"
1973.3904063558389,230941,464,1,"1"
1974.4078814599084,230936,469,1,"1"
1990.3626449676356,230931,474,1,"1"
1997.2018292781981,230926,479,1,"1"
1997.3887247222942,230904,501,2,"1-1"
2003.0708765361678,230888,517,1,"1"
2025.0869168406891,230885,520,1,"1"
2054.0742392763573,230880,525,1,"1"
2058.2555333397349,230876,529,4,"3-1"
2071.1635196629632,230875,530,1,"1"
2082.1033379200521,230857,548,1,"1"
2096.3589275553509,230845,560,1,"1"
2106.6477497327951,230842,563,1,"1"
2130.937061237285,230824,581,1,"1"
2136.7771108000452,230821,584,1,"1"
2168.3937064556662,230803,602,1,"1"
2170.9850829505408,230785,620,1,"1"
2176.6871775313439,230767,638,1,"1"
2203.1263360175781,230765,640,2,"2"
2216.5804477596475,230764,641,1,"1"
2223.7810155592001,230755,650,1,"1"
2276.6160343575984,230752,653,1,"1"
2276.7282388034778,230751,654,1,"1"
2285.7222714474083,230750,655,1,"1"
2286.3485035143763,230732,673,1,"1"
2289.2628970553878,230714,691,1,"1"
2291.0442525628159,230711,694,1,"1"
2292.9151178055381,230708,697,1,"1"
2296.0796249534642,230707,698,1,"1"
2315.3209813609324,230704,701,3,"3"
2328.7231132838956,230694,711,1,"1"
2354.6833930589469,230693,712,1,"1"
2363.5815667864063,230675,730,1,"1"
2375.0098057498981,230674,731,1,"1"
2431.0354423432964,230656,749,1,"1"
2432.987022871484,230650,755,2,"2"
2435.8251906547689,230647,758,1,"1"
2443.5653184096691,230629,776,1,"1"
2453.5682883806958,230626,779,1,"1"
2462.0633834164241,230608,797,1,"1"
2489.0604921730373,230607,798,1,"1"
2508.5508310514501,230592,813,1,"1"
2544.3222096619229,230585,820,3,"3"
2568.8568426243955,230567,838,1,"1"
2569.4422302034382,230549,856,1,"1"
2577.7358539510124,230531,874,1,"1"
2583.076368069067,230529,876,2,"2"
2638.9981054823202,230528,877,1,"1"
2655.2215639834844,230521,884,1,"1"
2675.0043737319647,230511,894,1,"1"
2681.5210247726504,230510,895,1,"1"
2765.076851044922,230507,898,1,"1"
2775.5385400688651,230506,899,1,"1"
2781.3977020700759,230505,900,1,"1"
2802.4559021610103,230495,910,2,"2"
2811.0249157840358,230477,928,1,"1"
2811.9702014302234,230476,929,1,"1"
2820.3125539772768,230473,932,1,"1"
2827.7295016320068,230467,938,2,"2"
2829.2699457163485,230464,941,1,"1"
2832.8264173125103,230462,943,2,"2"
2847.5662613463023,230450,955,1,"1"
2864.989968924971,230432,973,1,"1"
2890.4988985670666,230429,976,1,"1"
2932.1765728374371,230420,985,1,"1"
2938.4106367524673,230402,1003,1,"1"
2941.8073062032495,230393,1012,3,"3"
2945.4589200559044,230378,1027,3,"3"
2956.8750339473804,230375,1030,1,"1"
2975.7281470544012,230374,1031,1,"1"
2994.4585191477895,230342,1063,2,"2"
2997.6995595423041,230324,1081,1,"1"
3015.2549711991473,230319,1086,1,"1"
3017.4087427292734,230301,1104,1,"1"
3027.8328539843874,230290,1115,1,"1"
3028.1966806619662,230287,1118,1,"1"
3032.6686687798906,230275,1130,1,"1"
3040.1471987505538,230257,1148,1,"1"
3122.0523928009293,230239,1166,6,"6"
3135.2918273158748,230221,1184,1,"1"
3163.7330639539828,230218,1187,1,"1"
3183.9785398004278,230200,1205,1,"1"
3197.6493551316721,230184,1221,1,"1"
3250.3655832001018,230166,1239,1,"1"
3254.5595952254944,230148,1257,1,"1"
3279.1819753328036,230138,1267,1,"1"
3280.4763502922156,230137,1268,1,"1"
3293.9305665918555,230136,1269,1,"1"
3299.1318160355604,230130,1275,2,"2"
3334.0348278456054,230112,1293,1,"1"
3366.1854113323452,230094,1311,1,"1"
3406.8165104028631,230076,1329,1,"1"
3431.1423040209925,230058,1347,1,"1"
3488.7159827300047,230048,1357,1,"1"
3507.5338328795533,230043,1362,1,"1"
3535.9899157147252,230029,1376,1,"1"
3538.8101185059322,230019,1386,1,"1"
3556.9874565820915,230001,1404,1,"1"
3588.6479505183675,229992,1413,3,"3"
3612.6494955137327,229987,1418,1,"1"
3633.4172983459989,229969,1436,1,"1"
3716.100021507591,229964,1441,1,"1"
3728.7847035914488,229949,1456,1,"1"
3749.352565309352,229937,1468,1,"1"
3780.0237833337951,229930,1475,1,"1"
3805.1258546251206,229925,1480,1,"1"
3818.705615483314,229907,1498,1,"1"
3823.9476554978228,229897,1508,1,"1"
3830.379439488845,229894,1511,1,"1"
3843.6110850961963,229876,1529,1,"1"
3849.1717051188189,229834,1571,3,"3"
3858.6521725704001,229816,1589,1,"1"
3860.6347631406061,229807,1598,1,"1"
3863.3385463181266,229798,1607,1,"1"
3882.0423707778282,229793,1612,1,"1"
3883.4670917533031,229790,1615,1,"1"
3898.7667172396459,229772,1633,1,"1"
3936.0067142779976,229754,1651,1,"1"
3936.9751543842517,229736,1669,1,"1"
3960.1375354732318,229726,1679,2,"2"
3966.9482509234763,229723,1682,1,"1"
3980.1796731742093,229718,1687,1,"1"
3988.9550927966416,229700,1705,1,"1"
4017.4678192054866,229682,1723,1,"1"
4057.2154473727219,229664,1741,1,"1"
4074.4331880729542,229646,1759,1,"1"
4091.8678922729337,229628,1777,1,"1"
4099.1035804209905,229618,1787,1,"1"
4099.3667157452028,229604,1801,1,"1"
4102.3799325328418,229586,1819,1,"1"
4111.363757926405,229581,1824,1,"1"
4140.8856803055814,229563,1842,1,"1"
4141.9371661356981,229547,1858,1,"1"
4177.3189851293737,229544,1861,1,"1"
4187.1762690666574,229541,1864,1,"1"
4207.2958091427427,229534,1871,1,"1"
4208.9250064815751,229529,1876,1,"1"
4268.793067055256,229511,1894,1,"1"
4269.1774436407368,229493,1912,1,"1"
4297.5000912298419,229475,1930,1,"1"
4302.7581302195895,229457,1948,1,"1"
4308.0417098596599,229439,1966,1,"1"
4319.294556000762,229421,1984,1,"1"
4401.3008778379017,229403,2002,1,"1"
4410.8043251763875,229385,2020,1,"1"
4411.6082593423625,229367,2038,1,"1"
4442.1254802026215,229364,2041,1,"1"
4457.4730628146135,229348,2057,1,"1"
4461.3177755337074,229330,2075,1,"1"
4478.8713412810812,229312,2093,1,"1"
4491.7133729652132,229294,2111,1,"1"
4507.8552150798669,229291,2114,1,"1"
4577.7520062959284,229273,2132,1,"1"
4579.6318182583864,229255,2150,1,"1"
4583.2999434644398,229240,2165,3,"2-1"
4594.3075988771707,229235,2170,1,"1"
4613.8575510690862,229230,2175,1,"1"
4624.2713559215281,229225,2180,1,"1"
4628.4098464536055,229220,2185,1,"1"
4628.7106061163759,229215,2190,1,"1"
4639.3720587383086,229197,2208,1,"1"
4640.9933058984698,229191,2214,2,"2"
4648.9637357730999,229176,2229,1,"1"
4663.4449680761663,229158,2247,1,"1"
4670.0290785705292,229148,2257,1,"1"
4671.3657249931257,229130,2275,1,"1"
4679.949735432022,229112,2293,1,"1"
4684.868306240397,229097,2308,3,"3"
4698.6062368966841,229079,2326,1,"1"
4710.9032167291007,229076,2329,1,"1"
4719.3614935568576,229073,2332,1,"1"
4746.6156951431558,229055,2350,1,"1"
4747.3223712414801,229037,2368,1,"1"
4759.6732816910844,229027,2378,1,"1"
4779.1570228739156,229017,2388,1,"1"
4781.1809429720424,228999,2406,1,"1"
4784.7008097299313,228989,2416,1,"1"
4795.3541820083537,228984,2421,1,"1"
4796.6722390056384,228966,2439,1,"1"
4817.0024304606786,228963,2442,1,"1"
4818.4982100190909,228951,2454,1,"1"
4832.3884902931386,228939,2466,1,"1"
4833.1675854146988,228921,2484,1,"1"
4857.8463050396558,228903,2502,1,"1"
4863.7844044975718,228875,2530,4,"2-2"
4871.8464118102183,228865,2540,1,"1"
4884.7772506513047,228860,2545,1,"1"
4895.3150272183357,228820,2585,6,"2-1-1-1-1"
4898.4444998765211,228807,2598,3,"2-1"
4923.3411955145511,228797,2608,1,"1"
4927.2743300014936,228790,2615,1,"1"
4945.1018459281704,228772,2633,1,"1"
4952.3414977001921,228756,2649,1,"1"
4957.9145187927406,228738,2667,1,"1"
4965.3090131072049,228726,2679,1,"1"
4967.2689095570877,228706,2699,2,"2"
4969.9200904546606,228688,2717,1,"1"
4972.597009095578,228685,2720,1,"1"
4977.5391881078303,228667,2738,1,"1"
4983.4007399330621,228662,2743,1,"1"
4999.265321777958,228644,2761,1,"1"
5002.6243033687188,228624,2781,2,"2"
5006.9870297611806,228619,2786,1,"1"
5007.7595608941574,228601,2804,1,"1"
5014.0882560320324,228589,2816,1,"1"
5016.4533263348403,228572,2833,3,"2-1"
5019.9438640374929,228554,2851,1,"1"
5068.3390926885986,228536,2869,1,"1"
5083.8660532920376,228526,2879,1,"1"
5087.1514256946903,228521,2884,1,"1"
5120.3801408150875,228503,2902,1,"1"
5138.3195123594678,228485,2920,1,"1"
5152.5347172948032,228467,2938,1,"1"
5159.1500908054049,228449,2956,1,"1"
5167.3968711515945,228439,2966,1,"1"
5173.5151277812256,228421,2984,1,"1"
5179.3857119883251,228403,3002,1,"1"
5199.6830193560672,228400,3005,1,"1"
5222.3528095746451,228386,3019,4,"4"
5245.7971235432133,228368,3037,1,"1"
5250.2894083067958,228350,3055,1,"1"
5263.95829027536,228324,3081,2,"1-1"
5286.5684339759273,228314,3091,2,"2"
5288.1682366537398,228296,3109,1,"1"
5290.6227241437819,228273,3132,3,"2-1"
5300.708390001505,228255,3150,1,"1"
5348.58967735436,228237,3168,1,"1"
5354.225850283553,228232,3173,1,"1"
5377.6280919825431,228214,3191,1,"1"
5400.0244841875465,228196,3209,1,"1"
5401.9634549465536,228193,3212,1,"1"
5403.438298323299,228190,3215,1,"1"
5407.0235153594731,228172,3233,1,"1"
5411.3409285313628,228154,3251,1,"1"
5432.1767685252116,228142,3263,4,"3-1"
5434.1130147732929,228124,3281,1,"1"
5458.561653793523,228114,3291,1,"1"
5493.8233899439356,228107,3298,1,"1"
5496.8112851079441,228089,3316,1,"1"
5498.6491338136957,228073,3332,1,"1"
5506.0245447129337,228070,3335,1,"1"
5507.80239407308,228052,3353,1,"1"
5518.853591408053,228034,3371,1,"1"
5527.7646232389598,228016,3389,1,"1"
5529.2467724398339,227998,3407,1,"1"
5531.5836010757757,227980,3425,1,"1"
5535.1256200096695,227962,3443,1,"1"
5536.4890749814522,227950,3455,2,"1-1"
5580.7767272936198,227947,3458,1,"1"
5582.0336203643801,227929,3476,1,"1"
5619.3214510493308,227911,3494,1,"1"
5621.5542524192233,227875,3530,2,"2"
5630.4621301274983,227857,3548,1,"1"
5632.1994886379243,227850,3555,1,"1"
5642.4626329499106,227847,3558,1,"1"
5645.5726459525322,227838,3567,1,"1"
5653.4629381719296,227829,3576,1,"1"
5653.5938849278582,227823,3582,2,"2"
5659.2984661746568,227818,3587,1,"1"
5674.7585030218042,227803,3602,3,"3"
5674.8229530292556,227793,3612,2,"2"
5698.8723824825693,227778,3627,3,"2-1"
5714.8701188232462,227764,3641,2,"2"
5721.5287280303992,227761,3644,1,"1"
5760.7886448217951,227743,3662,1,"1"
5771.1195022525017,227738,3667,1,"1"
5782.7184214982717,227733,3672,1,"1"
5798.2297263927376,227711,3694,4,"3-1"
5810.816071280793,227697,3708,1,"1"
5814.6069414665844,227679,3726,1,"1"
5852.1834949137483,227662,3743,1,"1"
5860.171114509264,227644,3761,1,"1"
5879.9760561833036,227626,3779,1,"1"
5880.8093225685934,227560,3845,8,"3-2-2-1"
5896.0192187181856,227533,3872,5,"2-2-1"
5908.0634399611326,227513,3892,4,"2-2"
5910.6375607214959,227495,3910,1,"1"
5911.7918498740473,227481,3924,1,"1"
5927.0182902054739,227463,3942,1,"1"
5943.5430573122012,227453,3952,2,"2"
5946.8442203865834,227435,3970,1,"1"
5947.371329251423,227417,3988,1,"1"
5955.5067988506071,227381,4024,2,"1-1"
5967.7984326159622,227363,4042,1,"1"
6005.908520400335,227349,4056,2,"2"
6029.8850626921512,227339,4066,1,"1"
6065.1598516818212,227333,4072,2,"2"
6069.9754081983992,227315,4090,1,"1"
6070.875386793803,227305,4100,2,"1-1"
6077.2620038835139,227293,4112,1,"1"
6108.395424781379,227275,4130,1,"1"
6112.1803165891324,227086,4319,21,"13-3-2-1-1-1"
6122.0140509084758,227068,4337,1,"1"
6133.8489544591621,227063,4342,1,"1"
6147.9681303328935,227045,4360,1,"1"
6152.4861130685076,227027,4378,1,"1"
6159.2616779720383,226997,4408,6,"5-1"
6174.3897456281074,226979,4426,1,"1"
6174.4072801722068,226961,4444,1,"1"
6180.9239997762743,226943,4462,1,"1"
6190.1369046831178,226925,4480,1,"1"
6203.7095159415057,226889,4516,2,"2"
6224.3075055025747,226879,4526,1,"1"
6233.5416670986124,226869,4536,1,"1"
6276.9496765027588,226851,4554,1,"1"
6278.9739227398322,226833,4572,1,"1"
6298.8428243918279,226828,4577,1,"1"
6347.0428482971292,226810,4595,1,"1"
6392.729743375864,226792,4613,1,"1"
6400.6888571174513,226782,4623,2,"2"
6404.8295228760453,226764,4641,1,"1"
6427.6999327960621,226754,4651,1,"1"
6447.1647619538853,226747,4658,1,"1"
6449.9836765031132,226711,4694,2,"2"
6469.1347275360295,226706,4699,1,"1"
6475.2538627124213,226688,4717,1,"1"
6477.1687882988736,226672,4733,2,"1-1"
6478.2933979181507,226654,4751,1,"1"
6527.479843352723,226636,4769,1,"1"
6530.9139254630363,226616,4789,2,"2"
6530.923706702154,226609,4796,1,"1"
6533.171273197654,226591,4814,1,"1"
6538.0255088244639,226584,4821,1,"1"
6554.4838705897464,226553,4852,5,"4-1"
6563.7662183585644,226546,4859,1,"1"
6564.0227461623763,226528,4877,1,"1"
6579.1720041624103,226510,4895,1,"1"
6594.5718009822212,226492,4913,1,"1"
6596.267975458597,226487,4918,1,"1"
6626.941618600511,226469,4936,1,"1"
6634.37435681849,226456,4949,1,"1"
6636.3943691175873,226446,4959,1,"1"
6668.4882614290946,226441,4964,1,"1"
6668.6979826576717,226431,4974,2,"2"
6696.4567038630048,226413,4992,1,"1"
6723.5360946808123,226400,5005,1,"1"
6724.4378074179776,226382,5023,1,"1"
6734.6225479349205,226370,5035,1,"1"
6736.1055337635235,226352,5053,1,"1"
6756.5649448649729,226334,5071,1,"1"
6766.2419390304312,226329,5076,1,"1"
6767.6105967911462,226311,5094,1,"1"
6770.3941874816483,226301,5104,2,"2"
6786.7124392190381,226296,5109,1,"1"
6790.6401426410157,226290,5115,2,"2"
6792.339975711604,226272,5133,1,"1"
6796.9036443458426,226242,5163,2,"1-1"
6821.5410366325787,226224,5181,1,"1"
6829.4890634510193,226206,5199,1,"1"
6839.1068594026783,226188,5217,1,"1"
6843.7676537643883,226170,5235,1,"1"
6853.0051533939059,226165,5240,1,"1"
6857.6094526630395,226129,5276,2,"2"
6857.7854531879002,226111,5294,1,"1"
6861.9080745350348,226093,5312,1,"1"
6865.4574096834604,226075,5330,1,"1"
6871.1415656075987,226057,5348,1,"1"
6886.1573225329748,226031,5374,2,"1-1"
6913.9859861053719,226024,5381,1,"1"
6938.0251779138853,226006,5399,1,"1"
6954.1938477946433,225937,5468,11,"3-2-2-1-1-1-1"
6960.3253802370746,225898,5507,7,"6-1"
6979.5838063045185,225864,5541,4,"4"
6980.8549483223333,225846,5559,1,"1"
6983.2006258886267,225839,5566,1,"1"
7020.7547601378337,225821,5584,1,"1"
7022.9951140520998,225803,5602,1,"1"
7037.117580485,225763,5642,3,"1-1-1"
7039.9049458844283,225711,5694,5,"2-2-1"
7045.3425750736642,225702,5703,1,"1"
7049.8075064656159,225686,5719,1,"1"
7059.7162466287327,225683,5722,1,"1"
7065.2102889112757,225660,5745,3,"3"
7067.201127849381,225651,5754,1,"1"
7074.1750138785592,225633,5772,1,"1"
7077.0203258392185,225626,5779,1,"1"
7087.5618023724055,225616,5789,1,"1"
7096.1391912377003,225598,5807,1,"1"
7098.2254052093704,225580,5825,1,"1"
7110.4162749308462,225512,5893,6,"3-1-1-1"
7118.6486811913828,225494,5911,1,"1"
7120.6968105212918,225483,5922,1,"1"
7129.962296829518,225465,5940,1,"1"
7146.8696627156769,225447,5958,1,"1"
7163.1981176940508,225415,5990,6,"2-2-2"
7173.7732062742807,225397,6008,1,"1"
7183.4147859854966,225379,6026,1,"1"
7206.5501447632341,225351,6054,2,"2"
7231.0018579395319,225333,6072,1,"1"
7242.5917902711453,225321,6084,1,"1"
7242.7741110063316,225311,6094,1,"1"
7243.7787474445922,225293,6112,1,"1"
7253.8374811386084,225275,6130,1,"1"
7258.1848378964978,225247,6158,3,"3"
7260.1911743069531,225242,6163,1,"1"
7269.4413512948813,225226,6179,1,"1"
7272.9218392799439,225208,6197,1,"1"
7295.034488604585,225198,6207,1,"1"
7317.9952967152467,225184,6221,1,"1"
7322.0734746613653,225166,6239,1,"1"
7327.6721660625535,225148,6257,1,"1"
7358.1927158077478,225118,6287,3,"2-1"
7410.7411931691013,225103,6302,1,"1"
7418.1683662248579,225085,6320,1,"1"
7430.1086239136912,225061,6344,2,"2"
7443.5221599258302,225041,6364,2,"2"
7448.0938027635248,225034,6371,1,"1"
7462.6036645936356,225016,6389,1,"1"
7473.1362810601604,225011,6394,1,"1"
7475.7410258142281,224993,6412,1,"1"
7477.3714561996012,224979,6426,2,"2"
7485.2362250573879,224961,6444,1,"1"
7509.9299867446925,224943,6462,1,"1"
7545.1724154525155,224925,6480,1,"1"
7556.1988071351025,224907,6498,1,"1"
7556.6658821152223,224902,6503,1,"1"
7557.9283240125324,224893,6512,1,"1"
7563.0820258482881,224875,6530,1,"1"
7569.2856289381434,224839,6566,2,"2"
7583.7412859028664,224767,6638,12,"3-2-2-2-2-1"
7587.0686826002711,224749,6656,1,"1"
7595.0348513074196,224742,6663,1,"1"
7606.9366880017751,224724,6681,1,"1"
7616.2034185152916,224710,6695,1,"1"
7632.9070287271325,224674,6731,2,"1-1"
7644.8032738881338,224656,6749,1,"1"
7662.0977925767565,224620,6785,2,"2"
7674.584540184449,224604,6801,1,"1"
7691.990803773846,224586,6819,1,"1"
7698.6002202534573,224566,6839,2,"2"
7710.4236458746609,224556,6849,1,"1"
7725.1364537968457,224544,6861,1,"1"
7730.6913415760582,224526,6879,1,"1"
7744.9759047961397,224512,6893,1,"1"
7754.9310945836341,224494,6911,1,"1"
7758.4729903022162,224483,6922,1,"1"
7767.4068039998265,224478,6927,1,"1"
7772.8102517880507,224462,6943,1,"1"
7782.2481108978591,224430,6975,2,"2"
7786.6670849764087,224400,7005,2,"1-1"
7790.1178964760384,224390,7015,2,"2"
7807.198348623102,224366,7039,2,"2"
7812.7553300164545,224330,7075,2,"1-1"
7813.9308036874736,224320,7085,1,"1"
7860.1390629553762,224296,7109,4,"2-2"
7863.5051282902077,224291,7114,1,"1"
7864.4546708845301,224273,7132,1,"1"
7865.5415141709964,224255,7150,1,"1"
7867.4251788520214,224237,7168,1,"1"
7878.8465988274638,224227,7178,2,"1-1"
7887.6083184953395,224209,7196,1,"1"
7890.992354444601,224191,7214,1,"1"
7915.7046392152761,224173,7232,1,"1"
7918.7319767746012,224116,7289,7,"3-1-1-1-1"
7920.0643056236368,224098,7307,1,"1"
7921.0031210346306,224080,7325,1,"1"
7922.022608946746,224062,7343,1,"1"
7936.8337613915664,224044,7361,1,"1"
7936.9105310233099,224006,7399,3,"1-1-1"
7943.0174834885565,223988,7417,1,"1"
7959.1017794634372,223970,7435,1,"1"
7959.348103999916,223960,7445,1,"1"
7972.8026724649835,223947,7458,1,"1"
7974.9508859112148,223929,7476,1,"1"
7979.096754225885,223911,7494,1,"1"
7981.929811054395,223893,7512,1,"1"
7984.1052610590868,223883,7522,1,"1"
7998.4117892721524,223865,7540,1,"1"
8001.2073073675765,223847,7558,1,"1"
8011.3020785368317,223811,7594,2,"2"
8014.033760866414,223793,7612,2,"2"
8025.49999011211,223770,7635,3,"3"
8031.9954309452714,223752,7653,1,"1"
8047.8283544572632,223734,7671,1,"1"
8064.39781191782,223716,7689,1,"1"
8071.4754307572521,223713,7692,1,"1"
8081.1248382584527,223700,7705,1,"1"
8083.6978898592461,223682,7723,1,"1"
8094.7115403134976,223664,7741,1,"1"
8101.3068291516674,223646,7759,1,"1"
8123.667607979135,223628,7777,1,"1"
8128.7609861384835,223610,7795,1,"1"
8141.6456735507099,223603,7802,1,"1"
8147.186140530076,223586,7819,1,"1"
8163.0815131531335,223568,7837,1,"1"
8173.8687650908105,223554,7851,2,"2"
8178.7213186801337,223536,7869,1,"1"
8190.6755088577147,223526,7879,2,"2"
8191.963535269334,223512,7893,2,"1-1"
8192.4013470953687,223503,7902,1,"1"
8206.3265487624813,223485,7920,1,"1"
8229.5908292677086,223443,7962,3,"2-1"
8231.1181559192937,223425,7980,1,"1"
8241.2321326524634,223407,7998,1,"1"
8256.3873991524197,223389,8016,1,"1"
8284.7478190765287,223380,8025,1,"1"
8290.0908984724701,223344,8061,2,"2"
8300.2928207028508,223326,8079,1,"1"
8301.0800523659291,223282,8123,4,"4"
8317.6179455218789,223264,8141,1,"1"
8323.2885121721229,223246,8159,1,"1"
8323.6865959707557,223210,8195,3,"2-1"
8325.3249548973581,223192,8213,1,"1"
8362.0703153668364,223172,8233,2,"2"
8362.6760070407636,223158,8247,2,"2"
8371.087774114756,223153,8252,1,"1"
8400.5585773391558,223148,8257,1,"1"
8426.8755428754703,223132,8273,2,"1-1"
8444.9803155573863,223114,8291,1,"1"
8475.4727006205449,223101,8304,1,"1"
8480.7712001954878,223083,8322,1,"1"
8523.7828441062775,223049,8356,3,"2-1"
8527.3467955737324,223033,8372,1,"1"
8533.501010763006,223024,8381,1,"1"
8537.0930136488387,223014,8391,1,"1"
8542.4134875272412,222960,8445,3,"3"
8554.5896815640954,222924,8481,2,"2"
8556.5153002286188,222888,8517,2,"2"
8574.7942999182123,222870,8535,1,"1"
8578.2352344388128,222843,8562,3,"2-1"
8592.9930962947255,222825,8580,1,"1"
8603.8596391849078,222807,8598,1,"1"
8623.6653441298258,222789,8616,1,"1"
8631.7545687793627,222779,8626,2,"2"
8638.4659343827589,222772,8633,1,"1"
8641.4816669509073,222708,8697,5,"2-2-1"
8670.7077292146641,222690,8715,1,"1"
8681.868919381759,222675,8730,1,"1"
8683.8907599540998,222657,8748,1,"1"
8691.2071775440818,222623,8782,3,"3"
8702.4606327818601,222605,8800,1,"1"
8708.0976991147418,222585,8820,2,"2"
8728.2710935869,222549,8856,2,"1-1"
8754.9749545620944,222531,8874,1,"1"
8755.5526737704859,222513,8892,1,"1"
8767.1774075860012,222495,8910,1,"1"
8768.624994315107,222477,8928,1,"1"
8779.9060625635229,222365,9040,11,"6-5"
8786.979429172352,222349,9056,1,"1"
8792.9853978050542,222297,9108,4,"2-1-1"
8807.2332992314186,222279,9126,1,"1"
8807.4638659165958,222261,9144,1,"1"
8815.5808472818244,222243,9162,2,"1-1"
8820.7713702607743,222225,9180,1,"1"
8822.2967515143919,222207,9198,1,"1"
8826.8860420753117,222154,9251,7,"3-2-1-1"
8828.1996258622894,222136,9269,1,"1"
8836.2084585502926,222125,9280,1,"1"
8888.906021442268,222118,9287,1,"1"
8927.0447180643987,222097,9308,3,"2-1"
8929.7338888792547,222088,9317,1,"1"
8942.3831917473544,222052,9353,2,"1-1"
8944.0956154258274,222034,9371,1,"1"
8968.822155290869,221964,9441,5,"3-2"
8971.374792418459,221959,9446,1,"1"
8976.3690815756818,221949,9456,1,"1"
9009.1293701100894,221937,9468,1,"1"
9019.0449422387264,221919,9486,1,"1"
9036.1826625853028,221901,9504,1,"1"
9042.2556733568053,221883,9522,1,"1"
9045.469701088552,221865,9540,1,"1"
9047.4166951410862,221829,9576,2,"2"
9050.8742744610954,221817,9588,2,"2"
9062.1170403800716,221797,9608,2,"2"
9071.6587156563346,221783,9622,1,"1"
9073.999634827398,221765,9640,1,"1"
9077.2497410293272,221729,9676,2,"2"
9080.3757194340506,221471,9934,25,"10-4-2-2-1-1-1-1-1-1-1"
9104.1822745508907,221453,9952,1,"1"
9107.680904058614,221440,9965,1,"1"
9108.0078717022971,221430,9975,1,"1"
9113.2397374477187,221412,9993,1,"1"
9114.8238473548026,221405,10000,1,"1"
9128.1224103658769,221387,10018,1,"1"
9161.5831548539518,221377,10028,1,"1"
9176.9740641674562,221361,10044,1,"1"
9179.2083433759035,221325,10080,2,"2"
9179.7009757116502,221303,10102,2,"1-1"
9187.4654102880941,221117,10288,22,"8-4-3-2-2-2-1"
9196.5211670658919,221099,10306,1,"1"
9205.1472643733232,221081,10324,1,"1"
9208.8853000321506,221043,10362,3,"3"
9221.8109216133726,221025,10380,1,"1"
9223.2353370288129,220953,10452,6,"4-1-1"
9262.9244762263024,220935,10470,1,"1"
9263.0084340554786,220883,10522,5,"2-2-1"
9273.3394342733791,220872,10533,1,"1"
9291.5523170238012,220858,10547,1,"1"
9294.3291856306405,220849,10556,1,"1"
9297.4688271826381,220836,10569,1,"1"
9305.7783575938702,220819,10586,1,"1"
9310.9348290209145,220801,10604,1,"1"
9333.9328510364012,220789,10616,1,"1"
9339.8276873282557,220769,10636,2,"2"
9356.5019893901081,220754,10651,1,"1"
9362.8226074684699,220736,10669,1,"1"
9386.9472499541534,220708,10697,2,"2"
9399.1138449736791,220694,10711,1,"1"
9400.7138306372453,220676,10729,1,"1"
9408.321501261853,220571,10834,11,"4-2-2-1-1-1"
9411.4787977317792,220547,10858,2,"1-1"
9418.3565395748919,220529,10876,1,"1"
9419.0916604914255,220511,10894,1,"1"
9428.6927379420613,220493,10912,1,"1"
9432.4679633373707,220457,10948,2,"2"
9447.0406477340366,220439,10966,1,"1"
9449.1886775364601,220419,10986,2,"2"
9473.7479294977147,220401,11004,1,"1"
9474.3589742201275,220383,11022,1,"1"
9475.1481325202003,220373,11032,1,"1"
9476.6906429497903,220355,11050,1,"1"
9486.8736170215925,220337,11068,1,"1"
9507.0921718027239,220319,11086,1,"1"
9510.0108422472367,220301,11104,1,"1"
9512.3760809636969,220283,11122,1,"1"
9513.8846621144712,220247,11158,2,"1-1"
9517.4694291894339,220229,11176,1,"1"
9518.8787107897497,220211,11194,1,"1"
9522.8028742171609,220193,11212,1,"1"
9526.4498617026511,220175,11230,1,"1"
9528.6716565253082,220157,11248,1,"1"
9531.0122827140312,220147,11258,1,"1"
9541.8314293785043,220129,11276,1,"1"
9543.2728814010552,220014,11391,12,"4-2-1-1-1-1-1-1"
9543.9364495778173,219997,11408,1,"1"
9551.6465496895253,219473,11932,44,"6-6-5-4-3-2-2-2-2-2-1-1-1-1-1-1-1-1-1-1"
9551.7448668885118,219464,11941,1,"1"
9575.5045335346167,219402,12003,4,"2-2"
9586.6657512183483,219295,12110,10,"3-2-2-1-1-1"
9587.2771949759917,219277,12128,1,"1"
9599.6370107311377,219259,12146,1,"1"
9609.4742320461646,219239,12166,2,"1-1"
9611.0253227256217,219203,12202,2,"1-1"
9613.9326559343517,219183,12222,2,"2"
9617.4310560655213,219160,12245,3,"2-1"
9619.2175392460194,219142,12263,1,"1"
9632.4082445374297,219124,12281,1,"1"
9632.6889222623358,219100,12305,2,"2"
9640.596326657198,219082,12323,1,"1"
9649.9059204865334,219070,12335,2,"2"
9657.2166460852095,219061,12344,1,"1"
9663.0420430330505,219008,12397,3,"2-1"
9664.1336404781796,218984,12421,2,"2"
9665.3880628278166,218966,12439,1,"1"
9667.334363360038,218948,12457,1,"1"
9678.3199545575153,218932,12473,2,"2"
9695.3516564746915,218896,12509,2,"2"
9697.3237666265159,218817,12588,7,"3-3-1"
9697.6698963121125,218767,12638,5,"3-2"
9697.9337733043994,218749,12656,1,"1"
9702.7772739023039,218731,12674,1,"1"
9704.6862351723339,218695,12710,2,"1-1"
9718.4086042975578,218659,12746,2,"1-1"
9731.2226374865477,218645,12760,1,"1"
9742.8662894057288,218627,12778,1,"1"
9747.583797617317,218609,12796,1,"1"
9762.2792538716167,218537,12868,4,"3-1"
9762.7417987903955,218519,12886,1,"1"
9772.9806911328251,218502,12903,1,"1"
9774.9579855501779,218466,12939,2,"2"
9786.3588381226091,218416,12989,3,"2-1"
9806.5494754800802,218398,13007,1,"1"
9810.7669617671054,218380,13025,1,"1"
9815.2171076207233,218350,13055,2,"2"
9815.9582680221556,218270,13135,7,"6-1"
9842.6864755879851,218257,13148,1,"1"
9843.0120419509021,218239,13166,1,"1"
9845.6405331215119,218176,13229,4,"2-1-1"
9848.8210085450391,218138,13267,3,"2-1"
9849.4393704192025,218104,13301,2,"2"
9853.897981359145,218086,13319,1,"1"
9867.5174516482348,218068,13337,1,"1"
9870.2651248670682,218050,13355,1,"1"
9871.4607918741294,218027,13378,3,"2-1"
9882.2974343598544,217985,13420,3,"2-1"
9889.658973683343,217967,13438,1,"1"
9905.5819098084121,217953,13452,1,"1"
9923.4191111389973,217899,13506,3,"2-1"
9944.3045066869581,217603,13802,27,"4-4-4-2-2-2-2-1-1-1-1-1-1-1"
9953.6726955707163,217585,13820,1,"1"
9954.1040864913084,217567,13838,1,"1"
9966.8752892610446,217549,13856,2,"2"
9967.7395429482185,217508,13897,3,"2-1"
9978.0697938810426,217472,13933,2,"1-1"
9979.9357603943772,217391,14014,6,"2-2-1-1"
9985.1634906376457,217373,14032,1,"1"
10018.859388201185,217355,14050,1,"1"
10038.04267218761,217337,14068,1,"1"
10040.306605063952,217330,14075,1,"1"
10044.691661419622,217312,14093,1,"1"
10050.506468605388,217294,14111,1,"1"
10057.06711538289,217276,14129,1,"1"
10073.309936649686,217262,14143,1,"1"
10082.707760960213,217244,14161,1,"1"
10084.244261994536,217226,14179,1,"1"
10090.26932503044,217208,14197,1,"1"
10106.781690416228,217190,14215,1,"1"
10108.283261680555,217154,14251,2,"2"
10112.105336998127,217136,14269,1,"1"
10112.709751685827,217118,14287,1,"1"
10117.632714580466,217028,14377,7,"2-1-1-1-1-1"
10122.282576263837,217010,14395,1,"1"
10123.738667118318,216978,14427,2,"2"
10129.037470123423,216960,14445,1,"1"
10130.298867923431,216942,14463,1,"1"
10133.810690629929,216924,14481,1,"1"
10139.761803247571,216732,14673,17,"5-4-2-1-1-1-1-1-1"
10147.702057067296,216714,14691,1,"1"
10147.845410400616,216678,14727,2,"2"
10153.614335271805,216660,14745,1,"1"
10158.161976517446,216603,14802,5,"1-1-1-1-1"
10168.736813898871,216585,14820,1,"1"
10174.396700660658,216511,14894,6,"3-1-1-1"
10175.282652314621,216056,15349,36,"6-6-3-3-3-2-1-1-1-1-1-1-1-1-1-1-1-1-1"
10188.441799410028,216009,15396,5,"2-2-1"
10198.627399134011,215981,15424,2,"1-1"
10204.896588269326,215964,15441,1,"1"
10208.259135658484,215910,15495,3,"3"
10221.563595498705,215892,15513,1,"1"
10225.076880579365,215866,15539,2,"2"
10231.848796730939,215853,15552,1,"1"
10245.063152931791,215635,15770,17,"7-2-2-1-1-1-1-1-1"
10256.375498041183,215617,15788,1,"1"
10268.289547357976,215606,15799,1,"1"
10271.591502775309,215588,15817,1,"1"
10284.062816293543,215579,15826,1,"1"
10285.213886018919,215561,15844,1,"1"
10292.065617183553,215493,15912,4,"2-2"
10292.398949408163,215475,15930,1,"1"
10297.687421018325,215457,15948,1,"1"
10306.06623192615,215439,15966,1,"1"
10308.69391051098,215421,15984,1,"1"
10322.862775331079,215385,16020,2,"2"
10327.125625269931,215367,16038,1,"1"
10328.993292032377,215345,16060,2,"2"
10341.134909537377,215327,16078,1,"1"
10343.357869415982,215312,16093,1,"1"
10349.645970590858,215276,16129,2,"2"
10352.764386295124,215258,16147,1,"1"
10353.090615403529,215240,16165,1,"1"
10386.533023625407,0,231405,12115,"12115"
