f,num_active_particles,num_deleted_particles,total_deleted_rods,avalanche_sizes
0,191577,0,0,"0"
173.12412787676021,191576,1,1,"1"
186.23928756007271,191559,18,1,"1"
306.91107551775542,191541,36,1,"1"
383.16487232595267,191540,37,1,"1"
406.45912137951569,191539,38,1,"1"
436.68952586115944,191521,56,1,"1"
453.27224403713279,191520,57,1,"1"
469.88884514262276,191519,58,1,"1"
534.68088424723248,191518,59,1,"1"
560.85103296839907,191517,60,1,"1"
575.78820597303081,191514,63,1,"1"
576.32306339633919,191513,64,1,"1"
596.30147204740285,191512,65,1,"1"
601.02527191283684,191511,66,1,"1"
604.95483023882957,191510,67,1,"1"
608.82163033785673,191509,68,1,"1"
650.83573533043364,191508,69,1,"1"
739.79626170815709,191505,72,3,"2-1"
759.92184180671211,191504,73,1,"1"
761.66454186388432,191503,74,1,"1"
764.72785324751351,191502,75,1,"1"
787.44470179983182,191501,76,1,"1"
802.57414395771787,191500,77,1,"1"
804.23143720967494,191482,95,1,"1"
808.61059407598202,191479,98,1,"1"
848.63216868695713,191478,99,1,"1"
859.10702665144868,191477,100,1,"1"
863.61838020757659,191476,101,1,"1"
897.11462958042239,191475,102,1,"1"
933.9513305500285,191474,103,1,"1"
972.34234731238735,191462,115,1,"1"
988.78714022809572,191457,120,1,"1"
1002.9488063904602,191442,135,1,"1"
1027.4838981734051,191426,151,1,"1"
1050.2619343524514,191424,153,2,"1-1"
1050.5859997941345,191422,155,2,"2"
1052.6529756874604,191421,156,1,"1"
1116.1106882343533,191420,157,1,"1"
1120.391464281518,191419,158,1,"1"
1138.6418879515538,191418,159,1,"1"
1162.4883742014397,191400,177,1,"1"
1198.4128761709151,191399,178,1,"1"
1200.0404632964401,191381,196,1,"1"
1206.4558015598498,191370,207,1,"1"
1212.4688939719038,191352,225,1,"1"
1223.4135885879557,191351,226,1,"1"
1225.7728173499647,191350,227,1,"1"
1230.1470056822143,191348,229,2,"2"
1243.5290186643888,191330,247,1,"1"
1252.7001424150335,191328,249,2,"2"
1272.6116648090594,191327,250,1,"1"
1280.4623074566416,191326,251,1,"1"
1282.0453513997602,191325,252,1,"1"
1286.2542884533273,191307,270,1,"1"
1303.582468355311,191306,271,1,"1"
1305.0686564055072,191303,274,3,"3"
1307.1675861556892,191285,292,1,"1"
1319.7012693307322,191267,310,1,"1"
1324.1585288737303,191249,328,1,"1"
1325.3264084208965,191247,330,2,"2"
1329.9401315914315,191244,333,1,"1"
1333.3162481939039,191241,336,1,"1"
1335.7603276227021,191240,337,1,"1"
1346.5955681179921,191239,338,1,"1"
1356.6180285688488,191237,340,2,"1-1"
1382.6604011343991,191236,341,1,"1"
1418.1980165490684,191233,344,1,"1"
1421.3761736375955,191215,362,1,"1"
1443.0877938928713,191213,364,2,"1-1"
1466.2526548571041,191212,365,1,"1"
1466.5267498542939,191211,366,1,"1"
1477.4902241674963,191209,368,2,"2"
1489.1469100689555,191208,369,1,"1"
1519.9858228208066,191190,387,1,"1"
1528.1502924076224,191186,391,2,"1-1"
1539.0709444758884,191180,397,4,"2-1-1"
1540.9504881271687,191178,399,2,"2"
1554.5036195276052,191177,400,1,"1"
1557.217255669214,191176,401,1,"1"
1560.3741306979698,191175,402,1,"1"
1566.0252850006586,191173,404,2,"2"
1566.752173989179,191172,405,1,"1"
1569.0410122645578,191165,412,1,"1"
1581.519619740088,191147,430,1,"1"
1596.7765115463637,191129,448,1,"1"
1600.5620461565304,191128,449,1,"1"
1618.8301603713503,191127,450,1,"1"
1636.8939003717328,191126,451,1,"1"
1665.9681743964004,191121,456,1,"1"
1670.8669223200077,191111,466,2,"2"
1673.0148195810816,191110,467,1,"1"
1680.1656174408881,191107,470,1,"1"
1697.4587233294833,191106,471,1,"1"
1698.3635582839199,191088,489,1,"1"
1700.1100763011211,191087,490,1,"1"
1730.7006389471519,191051,526,2,"1-1"
1734.6733315854242,191039,538,1,"1"
1736.9579023050308,191021,556,1,"1"
1743.7646726589232,191019,558,2,"2"
1763.1156385875229,191016,561,1,"1"
1774.2267363032124,190998,579,1,"1"
1784.290978732841,190997,580,1,"1"
1800.2926325084356,190994,583,1,"1"
1821.4703201856898,190993,584,1,"1"
1822.9421329338754,190975,602,1,"1"
1848.668318285447,190957,620,1,"1"
1857.0719598498627,190950,627,1,"1"
1860.3879824457413,190947,630,3,"3"
1899.809740129592,190935,642,1,"1"
1914.8343202264377,190934,643,1,"1"
1930.8130901146051,190929,648,1,"1"
1932.0025903886028,190928,649,1,"1"
1934.8549476443732,190927,650,1,"1"
1940.1023701911179,190924,653,1,"1"
1953.8363957516583,190906,671,1,"1"
1975.9270308150908,190888,689,1,"1"
1994.9133872337495,190885,692,1,"1"
1999.1474799071141,190867,710,1,"1"
2020.8640157533639,190864,713,1,"1"
2023.6440948350939,190863,714,1,"1"
2054.0590289587394,190858,719,1,"1"
2059.8243508605074,190846,731,1,"1"
2061.9780926038193,190843,734,1,"1"
2082.4142314440314,190836,741,1,"1"
2111.1237359825732,190829,748,1,"1"
2112.6253450641489,190811,766,1,"1"
2114.3942972573427,190810,767,1,"1"
2125.6455963527078,190774,803,2,"2"
2126.8638784965974,190762,815,1,"1"
2153.186099364998,190758,819,2,"1-1"
2167.0549400845603,190755,822,1,"1"
2189.0322172283672,190737,840,1,"1"
2198.2633050682016,190719,858,1,"1"
2199.7004704064811,190714,863,3,"1-1-1"
2247.7755861410592,190708,869,2,"2"
2259.4708691146916,190705,872,1,"1"
2285.8798013733103,190704,873,1,"1"
2286.7020065288721,190701,876,1,"1"
2300.414971101688,190683,894,1,"1"
2362.1627432600872,190665,912,1,"1"
2362.1668084565154,190647,930,1,"1"
2363.1734717681697,190629,948,1,"1"
2363.9388879258136,190628,949,1,"1"
2376.203488390845,190627,950,1,"1"
2384.859879184442,190626,951,1,"1"
2391.4765021029439,190608,969,1,"1"
2411.2878501289974,190595,982,3,"1-1-1"
2430.3815660176074,190577,1000,1,"1"
2430.3881253191366,190565,1012,1,"1"
2438.833825564509,190560,1017,3,"2-1"
2458.1650490445968,190559,1018,1,"1"
2458.3540092830249,190541,1036,1,"1"
2480.0221994917229,190523,1054,1,"1"
2484.4434472360376,190505,1072,1,"1"
2485.7271129422884,190504,1073,1,"1"
2493.0962189300144,190503,1074,1,"1"
2498.5522271245941,190485,1092,1,"1"
2498.6363635279272,190467,1110,1,"1"
2561.3008084028256,190464,1113,1,"1"
2591.3739999769628,190461,1116,1,"1"
2614.0825446149993,190454,1123,1,"1"
2615.8102287187858,190436,1141,1,"1"
2621.2695119527821,190418,1159,1,"1"
2628.9368793671088,190404,1173,1,"1"
2630.2846208630863,190394,1183,1,"1"
2640.93793838179,190391,1186,1,"1"
2641.1216465529046,190389,1188,2,"2"
2654.0483762228628,190371,1206,1,"1"
2672.6338163391292,190353,1224,1,"1"
2685.0688898938647,190348,1229,1,"1"
2736.5073272009031,190330,1247,1,"1"
2746.9957570445113,190321,1256,1,"1"
2755.2808029231314,190303,1274,1,"1"
2769.790725771818,190289,1288,1,"1"
2771.2992252933623,190271,1306,2,"2"
2783.297783959606,190253,1324,1,"1"
2793.2516022949694,190239,1338,2,"1-1"
2794.4857275194227,190221,1356,1,"1"
2806.2776202403602,190218,1359,1,"1"
2808.7219575579434,190200,1377,1,"1"
2819.9621732424362,190146,1431,3,"3"
2843.3325881195447,190141,1436,1,"1"
2848.0296247991841,190123,1454,1,"1"
2849.8237723558263,190111,1466,1,"1"
2851.551745610444,190100,1477,1,"1"
2879.7649643220107,190082,1495,1,"1"
2892.5484880863046,190071,1506,1,"1"
2896.476233690551,190070,1507,1,"1"
2926.6473663774777,190052,1525,1,"1"
2926.7112191514343,190049,1528,1,"1"
2930.6876563913502,190031,1546,1,"1"
2932.0045617477313,190013,1564,1,"1"
2957.765561247903,189995,1582,1,"1"
2980.3129177663418,189985,1592,1,"1"
3049.5497491280698,189978,1599,1,"1"
3074.877147380862,189942,1635,2,"1-1"
3076.5823308288004,189932,1645,1,"1"
3085.1067930714044,189920,1657,1,"1"
3092.444646389758,189908,1669,1,"1"
3093.52655497053,189898,1679,1,"1"
3093.7845300092713,189880,1697,1,"1"
3131.5241467517758,189862,1715,1,"1"
3140.5568707423831,189858,1719,2,"1-1"
3143.7268095701056,189840,1737,1,"1"
3166.1764011371147,189822,1755,1,"1"
3167.3863966903818,189804,1773,1,"1"
3182.9900148733459,189794,1783,2,"2"
3194.0739407982851,189793,1784,1,"1"
3213.0713168165644,189775,1802,1,"1"
3216.3803965507823,189762,1815,1,"1"
3238.9784929570774,189759,1818,1,"1"
3243.7946162671788,189754,1823,1,"1"
3306.2703916936075,189736,1841,1,"1"
3325.9469160067142,189718,1859,1,"1"
3332.6108261252234,189713,1864,1,"1"
3338.0504410012891,189710,1867,1,"1"
3341.268176252072,189692,1885,1,"1"
3345.4724985193793,189671,1906,3,"2-1"
3350.3743039054743,189662,1915,3,"3"
3363.0487691832041,189653,1924,1,"1"
3364.5628896818621,189639,1938,1,"1"
3372.6828381084856,189609,1968,3,"2-1"
3416.7825125326694,189604,1973,1,"1"
3431.171319992588,189586,1991,1,"1"
3438.0893904968048,189576,2001,2,"2"
3448.0702467161368,189566,2011,1,"1"
3468.4156743216918,189559,2018,1,"1"
3502.9781697274461,189549,2028,1,"1"
3513.2300755107908,189535,2042,1,"1"
3523.6096664037814,189517,2060,1,"1"
3535.1703758654508,189512,2065,1,"1"
3545.9150356382979,189494,2083,1,"1"
3560.1739946813846,189476,2101,1,"1"
3578.3127274843214,189458,2119,1,"1"
3581.5967977423761,189430,2147,2,"2"
3614.4299796561845,189412,2165,1,"1"
3622.0549000185542,189400,2177,4,"4"
3632.7938358714687,189382,2195,1,"1"
3637.981197949855,189364,2213,1,"1"
3655.5459823248066,189346,2231,1,"1"
3663.7262157966661,189328,2249,1,"1"
3664.9317658783393,189323,2254,1,"1"
3665.3030179864027,189314,2263,1,"1"
3666.2386625129475,189296,2281,1,"1"
3667.0048394808041,189278,2299,1,"1"
3674.7810424738077,189275,2302,1,"1"
3694.1518819490611,189263,2314,1,"1"
3703.8880051725396,189245,2332,1,"1"
3713.9553969765084,189242,2335,1,"1"
3719.6679285126611,189224,2353,1,"1"
3743.7956595824699,189219,2358,1,"1"
3754.3490097371919,189213,2364,2,"2"
3762.4216263365829,189195,2382,1,"1"
3770.9421458282386,189181,2396,2,"1-1"
3817.0725279480816,189164,2413,1,"1"
3835.702402006038,189159,2418,1,"1"
3841.8041393470485,189141,2436,1,"1"
3859.186909059455,189135,2442,2,"1-1"
3867.1995338485799,189111,2466,2,"2"
3875.171434361815,189093,2484,1,"1"
3885.851527615454,189079,2498,1,"1"
3889.9933681538846,189069,2508,1,"1"
3892.4211327866437,189066,2511,1,"1"
3894.2246124046933,189048,2529,1,"1"
3895.3841514412147,189030,2547,1,"1"
3899.1480207411428,189027,2550,1,"1"
3925.4379541745357,189018,2559,1,"1"
3931.1436236516174,189008,2569,1,"1"
3934.2203969650081,188990,2587,1,"1"
3935.6928945495838,188987,2590,1,"1"
3935.9489287257284,188969,2608,1,"1"
3945.4348586146662,188959,2618,2,"2"
3961.2274065758465,188953,2624,2,"2"
3968.9791003915093,188935,2642,1,"1"
4005.9956232981276,188921,2656,1,"1"
4014.2577831500689,188911,2666,2,"2"
4038.3717793692767,188893,2684,1,"1"
4048.114369501332,188846,2731,7,"3-1-1-1-1"
4060.9774460311241,188810,2767,2,"2"
4065.3104128357909,188797,2780,1,"1"
4082.1596581554786,188779,2798,1,"1"
4085.7264678595989,188770,2807,1,"1"
4088.9462033053851,188767,2810,1,"1"
4108.9706179150289,188749,2828,1,"1"
4121.4497975141903,188731,2846,1,"1"
4122.0740332468458,188713,2864,1,"1"
4122.2832216960214,188695,2882,1,"1"
4122.9530304824821,188692,2885,1,"1"
4141.8189695051051,188674,2903,1,"1"
4143.9430434210317,188656,2921,1,"1"
4148.8060645025134,188648,2929,2,"2"
4150.1924753471994,188645,2932,1,"1"
4200.8670668571158,188627,2950,1,"1"
4203.9119620998536,188609,2968,1,"1"
4207.8972583792784,188597,2980,1,"1"
4210.7788827028689,188592,2985,1,"1"
4223.7585492387771,188582,2995,1,"1"
4229.6205758474662,188569,3008,3,"2-1"
4233.6820568467419,188551,3026,1,"1"
4244.7584100325939,188506,3071,11,"5-3-1-1-1"
4248.5001779295726,188484,3093,2,"2"
4260.8117983318234,188466,3111,1,"1"
4276.9922831447202,188448,3129,1,"1"
4283.622181839145,188430,3147,1,"1"
4297.5517442669307,188414,3163,1,"1"
4307.6489030443145,188411,3166,1,"1"
4310.0509280453762,188408,3169,1,"1"
4320.9982586186507,188405,3172,1,"1"
4335.3258053579821,188387,3190,1,"1"
4335.8561489781732,188369,3208,1,"1"
4335.9855979288141,188351,3226,1,"1"
4350.6740464913801,188341,3236,1,"1"
4358.4989577369233,188336,3241,1,"1"
4375.8203989455751,188327,3250,3,"3"
4422.0262254190611,188309,3268,1,"1"
4424.8891864723082,188282,3295,3,"3"
4427.706204205937,188264,3313,1,"1"
4429.2015849647623,188228,3349,2,"1-1"
4462.8008250046096,188210,3367,1,"1"
4474.9441533196286,188205,3372,1,"1"
4494.4259408705639,188180,3397,7,"4-2-1"
4494.6272885791568,188177,3400,1,"1"
4502.9826452943425,188172,3405,1,"1"
4507.4785737531192,188163,3414,1,"1"
4527.5000819433008,188145,3432,1,"1"
4527.8282824193984,188127,3450,1,"1"
4540.8328825577091,188117,3460,1,"1"
4554.7338180764837,188099,3478,1,"1"
4556.4791592405309,188085,3492,1,"1"
4588.9136107680861,188061,3516,2,"2"
4622.7513576482315,188051,3526,1,"1"
4628.994422084651,188033,3544,1,"1"
4630.9832543245248,188030,3547,1,"1"
4632.4315024353455,188011,3566,3,"2-1"
4643.0409454233259,187975,3602,2,"1-1"
4649.0801724229441,187970,3607,1,"1"
4673.03953705393,187950,3627,2,"2"
4676.9744894695896,187940,3637,1,"1"
4679.9632940416914,187922,3655,1,"1"
4688.4974977562224,187904,3673,1,"1"
4701.0982112236379,187899,3678,1,"1"
4706.0029894017016,187883,3694,1,"1"
4730.9698845657331,187880,3697,1,"1"
4737.5759684555696,187873,3704,1,"1"
4751.3981159830118,187855,3722,1,"1"
4758.3101198665972,187819,3758,2,"1-1"
4761.7503719718243,187814,3763,1,"1"
4775.9184035351827,187797,3780,3,"3"
4815.409332281808,187779,3798,1,"1"
4831.2622773699013,187743,3834,2,"1-1"
4857.3333035222859,187731,3846,2,"2"
4861.6018164493589,187709,3868,4,"2-2"
4865.4181860494209,187691,3886,1,"1"
4867.0640779552168,187664,3913,2,"1-1"
4867.8719262848799,187659,3918,1,"1"
4876.9495550624706,187656,3921,1,"1"
4881.2724545876117,187638,3939,1,"1"
4890.3265615689943,187620,3957,1,"1"
4901.1287863254993,187602,3975,1,"1"
4907.8872609818463,187584,3993,1,"1"
4945.1499405712748,187570,4007,2,"2"
4970.1389009489121,187552,4025,1,"1"
4982.263494077265,187534,4043,1,"1"
4989.1876640436394,187498,4079,2,"2"
4992.5447404968909,187462,4115,2,"2"
5005.58426247856,187426,4151,2,"1-1"
5009.1175918964891,187391,4186,7,"3-2-1-1"
5031.6823033878463,187382,4195,1,"1"
5041.168617439449,187364,4213,1,"1"
5058.9868178231618,187328,4249,2,"2"
5059.0911550384399,187323,4254,1,"1"
5067.5287326150392,187305,4272,1,"1"
5073.861547132924,187302,4275,1,"1"
5076.2174300388206,187284,4293,1,"1"
5094.7166094181148,187272,4305,2,"2"
5110.2882627766976,187257,4320,3,"3"
5124.7398046948538,187239,4338,1,"1"
5139.1593628515784,187223,4354,1,"1"
5147.7336543967594,187215,4362,2,"1-1"
5156.3047462413206,187165,4412,4,"2-1-1"
5158.5459190303254,187147,4430,1,"1"
5164.8160963365699,187129,4448,1,"1"
5173.3910367378003,187093,4484,2,"1-1"
5176.2880330992275,187075,4502,1,"1"
5191.5588946359803,187057,4520,1,"1"
5191.5781542554969,187039,4538,1,"1"
5203.2674253786645,187021,4556,1,"1"
5206.4433717929942,187003,4574,1,"1"
5214.4529644814002,186985,4592,1,"1"
5218.4173637655194,186967,4610,1,"1"
5223.2385812971488,186925,4652,3,"2-1"
5266.1617680270601,186907,4670,1,"1"
5285.0131764821554,186871,4706,2,"1-1"
5289.2750578200476,186833,4744,5,"3-2"
5308.9497642178585,186815,4762,1,"1"
5314.9277858482792,186797,4780,1,"1"
5324.553363080724,186779,4798,1,"1"
5331.2939411711241,186761,4816,1,"1"
5347.9834271529626,186742,4835,3,"2-1"
5355.4451156467012,186724,4853,1,"1"
5357.4178774600532,186699,4878,5,"4-1"
5361.6614791194534,186669,4908,2,"2"
5377.9317790746354,186651,4926,1,"1"
5392.603543051554,186633,4944,1,"1"
5400.9159864910043,186630,4947,1,"1"
5413.4123678845353,186612,4965,1,"1"
5420.7211330446835,186594,4983,1,"1"
5421.1679904681459,186576,5001,1,"1"
5421.9093432637092,186558,5019,1,"1"
5434.7051472696476,186450,5127,7,"4-2-1"
5458.0411884195291,186432,5145,1,"1"
5458.2356716069817,186396,5181,2,"1-1"
5458.3942354261317,186378,5199,1,"1"
5463.7217298722253,186360,5217,1,"1"
5471.9143775560478,186342,5235,1,"1"
5486.347338944096,186317,5260,2,"1-1"
5486.9025877389704,186285,5292,4,"4"
5513.0939193003423,186272,5305,3,"1-1-1"
5520.3472358475128,186208,5369,4,"3-1"
5520.7573545663245,186190,5387,1,"1"
5538.4343442117433,186172,5405,1,"1"
5548.2344161732581,186148,5429,2,"1-1"
5561.5086724177427,186116,5461,4,"4"
5565.5125832433414,186111,5466,1,"1"
5593.0788677118571,186093,5484,1,"1"
5594.2739484331414,186090,5487,1,"1"
5608.8373639528554,186063,5514,3,"3"
5614.3548268345276,186045,5532,1,"1"
5620.9568491222735,185999,5578,8,"3-1-1-1-1-1"
5634.4062571801542,185981,5596,1,"1"
5637.0920687775242,185963,5614,1,"1"
5666.6147717891763,185958,5619,1,"1"
5667.3762083365664,185945,5632,1,"1"
5668.1996394195721,185927,5650,1,"1"
5679.1703650785485,185924,5653,1,"1"
5685.6744829796553,185906,5671,1,"1"
5692.0445149941688,185888,5689,1,"1"
5692.682423557334,185870,5707,1,"1"
5702.0113784179775,185855,5722,1,"1"
5709.6464886669619,185850,5727,1,"1"
5721.0555138690015,185832,5745,1,"1"
5721.2880496966582,185825,5752,1,"1"
5727.9563484836481,185807,5770,1,"1"
5734.0478520829201,185789,5788,1,"1"
5735.622580705889,185771,5806,1,"1"
5736.2723786991528,185763,5814,2,"1-1"
5758.729484943533,185729,5848,3,"2-1"
5759.0133348677873,185715,5862,1,"1"
5770.6900450638359,185697,5880,1,"1"
5778.0367777294177,185687,5890,2,"2"
5780.3073150226965,185677,5900,2,"1-1"
5789.8592873058169,185659,5918,2,"1-1"
5789.8851846305188,185645,5932,1,"1"
5811.8201449885364,185635,5942,1,"1"
5822.7257586459009,185625,5952,2,"1-1"
5829.6677222016506,185607,5970,1,"1"
5841.5729257926096,185567,6010,4,"2-2"
5843.2013609664355,185557,6020,1,"1"
5845.500376135873,185542,6035,1,"1"
5847.2140530984834,185506,6071,2,"1-1"
5895.1718124756389,185488,6089,1,"1"
5897.5779595238755,185470,6107,1,"1"
5901.0488758306465,185452,6125,1,"1"
5905.2253624239784,185435,6142,3,"3"
5910.9309116414324,185409,6168,2,"2"
5925.6350536854716,185391,6186,1,"1"
5928.0244912838034,185373,6204,1,"1"
5939.2312529510773,185363,6214,1,"1"
5950.5226598914414,185345,6232,1,"1"
5960.170849086976,185313,6264,2,"2"
5965.6294733723935,185295,6282,1,"1"
5994.8336482560917,185277,6300,1,"1"
5998.9843968309269,185259,6318,1,"1"
6022.9408118485262,185229,6348,3,"3"
6023.2554916251293,185175,6402,3,"2-1"
6024.5813095056783,185157,6420,1,"1"
6032.1190409222263,185103,6474,3,"2-1"
6033.172957699896,185091,6486,2,"1-1"
6033.5483613597535,185073,6504,1,"1"
6044.6728758666541,185063,6514,1,"1"
6045.0526252672807,185035,6542,4,"3-1"
6055.8746688190922,185026,6551,1,"1"
6066.4401584059369,185014,6563,1,"1"
6066.6477376434868,184952,6625,4,"2-1-1"
6073.2903355983972,184940,6637,1,"1"
6081.4555299251851,184922,6655,1,"1"
6082.8260908075399,184904,6673,1,"1"
6093.216708777215,184886,6691,1,"1"
6099.7168631915529,184876,6701,2,"2"
6100.9083818096278,184858,6719,1,"1"
6107.4579724515761,184840,6737,1,"1"
6114.331127633056,184831,6746,1,"1"
6115.707069927179,184813,6764,1,"1"
6115.9379586459054,184803,6774,1,"1"
6120.4173232324893,184798,6779,1,"1"
6120.4851069013484,184752,6825,4,"2-1-1"
6120.7117776694959,184629,6948,15,"3-2-2-2-1-1-1-1-1-1"
6130.7998741281626,184611,6966,1,"1"
6146.3410308112825,184606,6971,1,"1"
6151.97852815442,184596,6981,1,"1"
6153.7665659743661,184578,6999,1,"1"
6163.9231677292937,184568,7009,1,"1"
6164.4239376610212,184540,7037,2,"1-1"
6166.7525234402547,184513,7064,2,"2"
6174.1630934446921,184495,7082,1,"1"
6175.966590762373,184477,7100,1,"1"
6178.1049347302878,184453,7124,2,"2"
6178.2410955521664,184444,7133,1,"1"
6183.9571186504272,184426,7151,1,"1"
6198.4278050130679,184419,7158,1,"1"
6206.5493976386997,184401,7176,1,"1"
6224.044251015971,184383,7194,1,"1"
6225.2701891468187,184373,7204,1,"1"
6240.4922767174839,184359,7218,2,"1-1"
6246.3803309803716,184327,7250,2,"1-1"
6247.4017194283306,184309,7268,1,"1"
6256.7872439578396,184291,7286,1,"1"
6279.9887693568799,184277,7300,2,"1-1"
6281.2183665772918,184267,7310,2,"1-1"
6288.6767904282196,184233,7344,4,"2-2"
6291.5951205329284,184215,7362,1,"1"
6297.4766019699036,184197,7380,1,"1"
6298.1414060771895,184187,7390,2,"2"
6315.6198744606409,184159,7418,2,"1-1"
6315.6514867601627,184141,7436,1,"1"
6321.0833830852353,184123,7454,1,"1"
6322.9268604633917,184116,7461,1,"1"
6334.6915342917173,184092,7485,2,"2"
6335.8627908628605,184063,7514,3,"2-1"
6341.8116996173621,184045,7532,1,"1"
6350.7436334874092,184027,7550,1,"1"
6364.482967669991,184009,7568,1,"1"
6365.28475120843,183991,7586,1,"1"
6368.2000906670492,183959,7618,4,"2-1-1"
6368.2212328118176,183954,7623,1,"1"
6387.1272213487982,183936,7641,1,"1"
6387.4177244871798,183918,7659,1,"1"
6389.7973186349118,183900,7677,1,"1"
6394.7758864437619,183845,7732,7,"3-2-1-1"
6398.0782963397614,183727,7850,14,"3-3-3-2-1-1-1"
6400.9841568585862,183709,7868,1,"1"
6410.7465920590012,183691,7886,1,"1"
6421.8514180119901,183673,7904,1,"1"
6424.597195013429,183655,7922,1,"1"
6427.9424600745306,183627,7950,2,"1-1"
6434.6772021329316,183609,7968,1,"1"
6442.1849316308108,183591,7986,1,"1"
6454.6749325930332,183573,8004,1,"1"
6456.8099816237645,183555,8022,1,"1"
6465.6383086681581,183541,8036,1,"1"
6469.7776552834066,183523,8054,1,"1"
6478.209582827646,183505,8072,1,"1"
6483.0937264703853,183487,8090,1,"1"
6488.499930077056,183451,8126,2,"2"
6494.5244741279703,183433,8144,1,"1"
6497.5218055847681,183415,8162,1,"1"
6513.3515964703192,183397,8180,1,"1"
6520.2513393564795,183386,8191,1,"1"
6520.3501656479493,183368,8209,1,"1"
6523.3798596573461,183363,8214,1,"1"
6526.7602752126077,183354,8223,1,"1"
6527.552724941117,183349,8228,1,"1"
6530.9463031598843,183338,8239,1,"1"
6532.9359946040331,183327,8250,1,"1"
6544.6942828361907,183313,8264,2,"1-1"
6548.0733947126137,183295,8282,1,"1"
6558.6484832835167,183269,8308,2,"2"
6559.1505452723723,183233,8344,2,"2"
6576.9151555020053,183215,8362,2,"2"
6586.4382504160876,183161,8416,3,"2-1"
6587.7048553394516,183143,8434,2,"2"
6591.3015857187766,183125,8452,1,"1"
6620.7875927996993,183107,8470,1,"1"
6626.4174940555677,183097,8480,1,"1"
6629.7592542477296,183088,8489,1,"1"
6633.1165650998246,183070,8507,1,"1"
6635.257144426897,183052,8525,1,"1"
6639.4995084972452,183034,8543,1,"1"
6648.3826642966069,183016,8561,1,"1"
6648.4029735700315,182998,8579,1,"1"
6662.9934574943063,182980,8597,1,"1"
6671.0386065947987,182970,8607,1,"1"
6675.2001448926439,182952,8625,1,"1"
6686.5032165640232,182916,8661,2,"1-1"
6713.8472127798013,182898,8679,1,"1"
6718.4091215541775,182880,8697,1,"1"
6731.8191137845388,182862,8715,1,"1"
6732.9345627957209,182848,8729,2,"2"
6738.4701633552468,182828,8749,2,"2"
6739.0378654905844,182805,8772,3,"2-1"
6751.7160506961909,182769,8808,2,"2"
6753.463036401582,182762,8815,1,"1"
6756.0518579000172,182744,8833,1,"1"
6776.6693052850978,182726,8851,1,"1"
6780.0170176530482,182708,8869,1,"1"
6786.2026507970568,182690,8887,1,"1"
6789.198038849172,182678,8899,1,"1"
6798.7656736873323,182660,8917,1,"1"
6801.5757401836445,182642,8935,1,"1"
6816.221263768738,182627,8950,1,"1"
6828.5569440334411,182609,8968,1,"1"
6831.7632783237741,182591,8986,1,"1"
6848.1820108092588,182573,9004,1,"1"
6849.4753078537142,182555,9022,1,"1"
6856.5255914114177,182537,9040,1,"1"
6874.6995806772666,182519,9058,1,"1"
6886.8641793480238,182465,9112,3,"3"
6887.4137479198926,182429,9148,2,"2"
6891.4428844638278,182401,9176,2,"2"
6902.6809264538206,182387,9190,2,"2"
6926.305693355599,182264,9313,10,"7-3"
6943.4767755852981,182192,9385,4,"2-1-1"
6955.1208924170041,182174,9403,1,"1"
6959.4370714101669,182146,9431,2,"2"
6972.1099509633304,182128,9449,1,"1"
6986.0992362600573,182092,9485,4,"2-2"
6993.4330916838662,182038,9539,3,"3"
6997.9775917446668,182004,9573,2,"2"
7006.0292321025354,181986,9591,1,"1"
7008.4631807986998,181968,9609,1,"1"
7011.9564241629578,181956,9621,1,"1"
7015.0851703329154,181938,9639,1,"1"
7039.3107110470755,181905,9672,3,"2-1"
7042.3860500641304,181896,9681,1,"1"
7046.1755868866585,181882,9695,1,"1"
7054.7578750389521,181864,9713,1,"1"
7069.5334306612203,181730,9847,13,"4-2-2-2-1-1-1"
7075.8919514004947,181712,9865,2,"1-1"
7081.8932253573021,181694,9883,1,"1"
7094.4605056679666,181689,9888,1,"1"
7094.8123602242022,181671,9906,1,"1"
7096.2633285478805,181653,9924,1,"1"
7123.1442623588846,181640,9937,1,"1"
7123.1823697514374,181588,9989,6,"2-1-1-1-1"
7127.1346936448326,181572,10005,1,"1"
7135.6687004183186,181554,10023,1,"1"
7144.0659365237743,181536,10041,1,"1"
7147.227327011853,181442,10135,8,"3-2-1-1-1"
7147.9910630952463,181424,10153,1,"1"
7155.6605928742065,181406,10171,1,"1"
7155.9125703888594,181399,10178,1,"1"
7159.9623075158252,181381,10196,1,"1"
7169.9469698464482,181371,10206,1,"1"
7186.1264123618894,181353,10224,1,"1"
7190.4602140477955,181263,10314,5,"3-2"
7194.7471023252238,181245,10332,1,"1"
7202.9125336260304,181209,10368,2,"2"
7205.0720666237776,181191,10386,1,"1"
7212.9891505550186,181173,10404,1,"1"
7215.6276767925156,181161,10416,1,"1"
7216.1728533429241,181143,10434,1,"1"
7216.754562707928,181115,10462,2,"2"
7237.4223375094862,181097,10480,2,"2"
7246.4563901611027,181007,10570,7,"3-2-1-1"
7247.9086492384558,180927,10650,7,"2-2-2-1"
7258.2787933296586,180913,10664,1,"1"
7273.8407404208401,180895,10682,1,"1"
7276.4651812027096,180843,10734,4,"2-1-1"
7289.2669676601718,180793,10784,3,"3"
7289.7701187673092,180775,10802,1,"1"
7292.0202689170892,180763,10814,1,"1"
7307.672344073083,180745,10832,1,"1"
7318.9802694219607,180731,10846,2,"2"
7320.8560355957252,180714,10863,1,"1"
7327.1912131851814,180680,10897,3,"2-1"
7332.8005898458905,180664,10913,1,"1"
7336.21797184149,180646,10931,1,"1"
7338.2851809529438,180610,10967,2,"2"
7339.1100938024247,180592,10985,1,"1"
7351.2165474437807,180580,10997,1,"1"
7357.2632240587645,180562,11015,2,"2"
7365.2892751117897,180553,11024,1,"1"
7367.4032753857582,180473,11104,6,"2-2-1-1"
7378.2115069251095,180458,11119,1,"1"
7380.1806462354743,180440,11137,1,"1"
7381.5687465888132,180422,11155,1,"1"
7383.3116964515193,180404,11173,1,"1"
7390.1141855821606,180388,11189,1,"1"
7392.2483517388173,180282,11295,9,"4-2-1-1-1"
7392.700726973143,180228,11349,3,"2-1"
7393.7384111420415,180192,11385,2,"1-1"
7404.172351681812,180097,11480,9,"4-2-1-1-1"
7404.3058166010587,180079,11498,1,"1"
7405.9609908873754,180007,11570,4,"4"
7409.8099728803609,179989,11588,1,"1"
7410.955851931828,179971,11606,1,"1"
7417.6060290496525,179957,11620,1,"1"
7417.8927883405468,179928,11649,2,"2"
7418.0157166729477,179877,11700,5,"4-1"
7432.7730063535846,179317,12260,49,"5-4-4-4-3-3-3-2-2-2-2-2-1-1-1-1-1-1-1-1-1-1-1-1-1"
7442.9167828432101,179299,12278,1,"1"
7446.6587720472353,179287,12290,1,"1"
7450.7212232221345,179272,12305,1,"1"
7450.9538263273616,179176,12401,8,"3-2-1-1-1"
7451.7604091452286,179147,12430,2,"2"
7453.3978597977375,179081,12496,5,"5"
7461.1900192740377,179063,12514,1,"1"
7461.2858558259995,179012,12565,3,"3"
7473.4613188960784,178976,12601,2,"1-1"
7475.9670987285299,178958,12619,1,"1"
7484.4976448127618,178932,12645,2,"1-1"
7497.3461625230657,178914,12663,1,"1"
7515.0681435689748,178832,12745,7,"2-2-2-1"
7525.8688786885423,178778,12799,3,"1-1-1"
7528.1384314478082,178763,12814,1,"1"
7530.5494759043977,178727,12850,2,"2"
7546.6752491809739,178709,12868,1,"1"
7553.5393987669577,178673,12904,2,"2"
7563.1810173275935,178633,12944,3,"2-1"
7574.752883465062,178615,12962,1,"1"
7579.0412187352931,178597,12980,1,"1"
7585.1913922261747,178519,13058,6,"4-1-1"
7589.1256338139519,178501,13076,1,"1"
7593.3242321459074,178447,13130,3,"3"
7594.0057586828743,178429,13148,1,"1"
7602.4067979528736,178375,13202,4,"3-1"
7610.1742497899122,178303,13274,4,"4"
7624.6804317173683,178267,13310,2,"1-1"
7639.90304931633,178249,13328,1,"1"
7644.5803058655029,178231,13346,1,"1"
7651.8339655277432,178213,13364,2,"2"
7654.5506363007335,178195,13382,1,"1"
7656.5667869639628,178182,13395,1,"1"
7657.7614956785364,177946,13631,19,"4-3-2-2-1-1-1-1-1-1-1-1"
7661.6953443339098,177936,13641,1,"1"
7669.6535530121928,177900,13677,2,"2"
7672.7934185605609,177890,13687,1,"1"
7683.7651138524816,177731,13846,13,"5-4-2-1-1"
7683.80222006243,177713,13864,1,"1"
7693.9639894272541,177695,13882,1,"1"
7698.5542104730648,177677,13900,1,"1"
7699.7097289195372,177659,13918,1,"1"
7707.9424369065637,177643,13934,2,"1-1"
7708.244032382685,177625,13952,1,"1"
7714.8372294372557,177607,13970,1,"1"
7717.5880641102931,177589,13988,1,"1"
7740.8638107814859,177577,14000,1,"1"
7749.1450929831644,177551,14026,2,"2"
7759.8986477917379,177533,14044,1,"1"
7762.0854363901071,177502,14075,3,"3"
7772.8688543960079,177484,14093,1,"1"
7773.0700281445652,177466,14111,1,"1"
7778.1006120990169,177448,14129,1,"1"
7794.6990413146541,177430,14147,1,"1"
7796.4560500916996,177412,14165,1,"1"
7804.0157318958991,177376,14201,2,"1-1"
7808.3219616477963,177322,14255,3,"2-1"
7819.2828457142632,177304,14273,1,"1"
7820.9619758274202,177290,14287,1,"1"
7825.1030943495798,177042,14535,21,"4-3-3-2-2-2-1-1-1-1-1"
7826.3738418101566,177024,14553,1,"1"
7832.0861900220953,177006,14571,1,"1"
7842.4555112007147,176988,14589,1,"1"
7846.636148929585,176890,14687,8,"3-2-2-1"
7847.2473276740302,176872,14705,1,"1"
7852.4836881302372,176829,14748,3,"2-1"
7854.766433064291,176811,14766,1,"1"
7860.8536265563989,176793,14784,1,"1"
7860.9830769649016,0,191577,9961,"9961"
----------------------------------------------1
0,191577,0,0,"0"
262.68626629887535,191568,9,1,"1"
299.67853696564919,191550,27,1,"1"
342.37121264739318,191549,28,1,"1"
447.11986069553785,191540,37,1,"1"
452.30145094335552,191522,55,1,"1"
486.67874251130496,191521,56,1,"1"
489.63047426972599,191520,57,1,"1"
522.21063539261172,191519,58,1,"1"
548.97879653699135,191518,59,1,"1"
561.27505506876264,191517,60,1,"1"
566.59166188612812,191516,61,1,"1"
601.53303776161704,191515,62,1,"1"
619.63091210395976,191514,63,1,"1"
622.80922723560059,191513,64,1,"1"
624.56124171343322,191495,82,1,"1"
649.91592434120366,191493,84,2,"1-1"
665.91000808609238,191475,102,1,"1"
692.65447458493543,191474,103,1,"1"
710.02569686017489,191473,104,1,"1"
720.61390791485121,191472,105,1,"1"
738.98725032512493,191469,108,3,"3"
743.83274203606857,191467,110,2,"1-1"
745.54026261022045,191466,111,1,"1"
763.75051860333303,191465,112,1,"1"
774.52183152060979,191447,130,1,"1"
783.2877268579507,191435,142,1,"1"
788.16945809870742,191417,160,1,"1"
807.88716651999835,191416,161,1,"1"
809.51181894270951,191413,164,3,"3"
819.22524301181886,191412,165,1,"1"
837.00422258632,191411,166,1,"1"
837.57672093673284,191408,169,1,"1"
846.14113276603314,191390,187,1,"1"
869.84075108179479,191372,205,1,"1"
899.62053606263339,191371,206,1,"1"
899.75715210137207,191368,209,1,"1"
903.75285604229782,191367,210,1,"1"
925.86669041251105,191349,228,1,"1"
928.73584384721005,191348,229,1,"1"
942.99768520130681,191347,230,1,"1"
950.12586632188186,191345,232,2,"2"
999.73601203729675,191340,237,1,"1"
1004.2265438632631,191337,240,1,"1"
1012.2654247665224,191336,241,1,"1"
1030.5115385785989,191335,242,1,"1"
1047.9823315077638,191333,244,2,"2"
1070.845840020517,191317,260,1,"1"
1087.071858469368,191316,261,1,"1"
1100.3639516850219,191298,279,1,"1"
1102.7460792331437,191297,280,1,"1"
1136.9465832204444,191296,281,1,"1"
1152.629696687047,191286,291,2,"2"
1163.9737063725004,191268,309,1,"1"
1183.8724128191843,191267,310,1,"1"
1205.0978991041166,191266,311,1,"1"
1227.6689872221086,191265,312,1,"1"
1230.9726854572275,191264,313,1,"1"
1247.3623738278488,191263,314,1,"1"
1256.6053627735268,191262,315,1,"1"
1274.0706527496768,191261,316,1,"1"
1296.5521444598742,191260,317,1,"1"
1305.9739253068776,191242,335,1,"1"
1313.8090831012532,191241,336,1,"1"
1317.358392867887,191240,337,1,"1"
1373.3049692663035,191239,338,1,"1"
1420.1838317450204,191234,343,1,"1"
1430.0916495024615,191233,344,1,"1"
1437.7508102927295,191215,362,1,"1"
1442.5733652387798,191197,380,1,"1"
1466.7323534935895,191196,381,1,"1"
1471.2799028899344,191195,382,1,"1"
1471.8680511588236,191192,385,1,"1"
1472.2451959147249,191191,386,1,"1"
1477.2137339602725,191190,387,1,"1"
1480.837490356128,191189,388,1,"1"
1482.9384598580455,191188,389,1,"1"
1487.7345342039728,191170,407,1,"1"
1509.3326812215755,191169,408,1,"1"
1517.6257640547494,191168,409,1,"1"
1529.4726180694815,191150,427,1,"1"
1533.9778168285648,191132,445,1,"1"
1547.2582941386763,191131,446,1,"1"
1553.2628580694834,191126,451,1,"1"
1569.1136645756801,191114,463,1,"1"
1576.2951860678088,191113,464,1,"1"
1579.3997783983014,191107,470,2,"2"
1617.7070006851436,191089,488,1,"1"
1623.8517874958945,191083,494,2,"1-1"
1631.9601976846602,191073,504,1,"1"
1634.2067699012607,191071,506,2,"2"
1635.8356268087221,191063,514,2,"2"
1644.6025731007164,191061,516,2,"1-1"
1673.3819381860712,191058,519,1,"1"
1697.7008474703905,191055,522,1,"1"
1703.6356583223285,191052,525,1,"1"
1706.3916460593578,191034,543,1,"1"
1707.3986121694268,191033,544,1,"1"
1717.5425485699932,191024,553,3,"1-1-1"
1721.905015279186,191022,555,2,"1-1"
1724.0613527646171,191014,563,2,"1-1"
1727.0574775191174,191013,564,1,"1"
1727.2655925721017,190995,582,1,"1"
1732.0133397522354,190994,583,1,"1"
1733.921090015024,190992,585,2,"2"
1741.6404706090652,190991,586,1,"1"
1762.4693875853927,190981,596,1,"1"
1766.3794073820857,190967,610,1,"1"
1781.5312150462439,190957,620,1,"1"
1799.0639662428289,190939,638,1,"1"
1845.6522773024399,190933,644,2,"2"
1889.4422207309667,190932,645,1,"1"
1965.2403539740808,190929,648,1,"1"
2001.4256584310647,190911,666,1,"1"
2017.3077076086179,190893,684,1,"1"
2034.2334111642317,190881,696,1,"1"
2055.577167161176,190878,699,3,"2-1"
2066.2971823733615,190860,717,1,"1"
2084.256346237973,190857,720,1,"1"
2087.1531979527099,190851,726,2,"2"
2120.0247367900406,190833,744,1,"1"
2122.211071650494,190832,745,1,"1"
2122.910046845454,190831,746,1,"1"
2124.9489539321453,190826,751,1,"1"
2129.3506204213877,190816,761,1,"1"
2132.2640483406481,190804,773,1,"1"
2140.8060463644106,190786,791,1,"1"
2142.4708574828624,190774,803,2,"1-1"
2145.0308268682734,190771,806,1,"1"
2166.5590106487302,190753,824,1,"1"
2183.2567308905013,190752,825,1,"1"
2188.181343389208,190743,834,1,"1"
2194.1051383328941,190742,835,1,"1"
2196.5580221725472,190739,838,1,"1"
2230.4801272210707,190736,841,1,"1"
2235.6227337672103,190718,859,1,"1"
2243.4925783308504,190717,860,1,"1"
2249.1063465393704,190716,861,1,"1"
2254.3787812825381,190698,879,1,"1"
2265.0928304461395,190696,881,2,"1-1"
2277.2702333831689,190678,899,1,"1"
2289.3567360352636,190677,900,1,"1"
2289.9901973925294,190676,901,1,"1"
2295.9178576027857,190675,902,1,"1"
2300.3228818714724,190674,903,1,"1"
2304.0348020213842,190638,939,2,"1-1"
2306.1125732630258,190637,940,1,"1"
2317.55010408422,190619,958,1,"1"
2325.4082682138546,190618,959,1,"1"
2332.6269151773386,190609,968,1,"1"
2350.5740935715075,190606,971,1,"1"
2395.3216231305091,190596,981,1,"1"
2396.1048557177783,190592,985,2,"1-1"
2423.2891626942501,190574,1003,1,"1"
2452.0342249988994,190563,1014,3,"2-1"
2463.1186224158869,190550,1027,1,"1"
2470.5896024231652,190549,1028,1,"1"
2476.8630838718709,190548,1029,1,"1"
2502.5922980885061,190530,1047,1,"1"
2510.2195729623168,190529,1048,1,"1"
2526.2787045547325,190520,1057,1,"1"
2612.1746518841778,190517,1060,1,"1"
2615.0948809248985,190515,1062,2,"2"
2620.3244654937835,190497,1080,1,"1"
2644.5828317050377,190496,1081,1,"1"
2675.5826190826001,190478,1099,1,"1"
2682.7297840763449,190462,1115,1,"1"
2687.4683320725526,190444,1133,1,"1"
2690.0091962102401,190439,1138,1,"1"
2690.5561157558263,190421,1156,1,"1"
2692.5224619739683,190403,1174,1,"1"
2730.4661991525531,190392,1185,1,"1"
2755.0821449978716,190374,1203,1,"1"
2766.3122032263382,190373,1204,1,"1"
2787.9952669098589,190372,1205,1,"1"
2791.8708751059389,190369,1208,1,"1"
2795.3053630352847,190366,1211,1,"1"
2815.9372583527966,190363,1214,1,"1"
2823.3866641565219,190341,1236,2,"2"
2840.7621494311011,190338,1239,1,"1"
2850.5443251583829,190335,1242,1,"1"
2885.7037462664848,190320,1257,1,"1"
2891.7357045494223,190302,1275,1,"1"
2903.5183605787493,190284,1293,1,"1"
2906.0231538712383,190277,1300,3,"2-1"
2909.8117877833733,190268,1309,1,"1"
2911.1811071922157,190250,1327,1,"1"
2914.9696999294852,190230,1347,2,"1-1"
2932.1899678875316,190225,1352,1,"1"
2944.9741149318684,190221,1356,2,"2"
2959.0739115646829,190205,1372,1,"1"
2971.7974228127373,190187,1390,1,"1"
2984.0499928430359,190180,1397,1,"1"
2989.051444126354,190175,1402,1,"1"
3002.6779186939816,190157,1420,1,"1"
3006.1385584757877,190139,1438,1,"1"
3010.8358109914461,190134,1443,1,"1"
3015.9357115671573,190116,1461,1,"1"
3027.4309563406691,190113,1464,1,"1"
3040.7282795536958,190095,1482,1,"1"
3052.7362831108499,190090,1487,1,"1"
3055.1342409462491,190079,1498,1,"1"
3071.3012624341995,190069,1508,1,"1"
3100.2388005794846,190051,1526,1,"1"
3136.5799770671974,190039,1538,1,"1"
3154.1157379267329,190021,1556,1,"1"
3155.601542470039,190015,1562,2,"2"
3156.7056879937495,189998,1579,1,"1"
3172.3928747941468,189987,1590,1,"1"
3174.45764992575,189969,1608,1,"1"
3174.759478198182,189951,1626,1,"1"
3182.9219878896306,189933,1644,1,"1"
3187.9591440519353,189915,1662,1,"1"
3195.7783643426606,189897,1680,1,"1"
3204.3536611493923,189879,1698,1,"1"
3206.0467245468089,189873,1704,2,"2"
3233.5168630407384,189870,1707,1,"1"
3234.2921635549142,189852,1725,1,"1"
3239.2082779961315,189834,1743,1,"1"
3253.7978767394707,189831,1746,1,"1"
3270.4095409982724,189822,1755,3,"3"
3278.0136212398725,189817,1760,1,"1"
3303.436604969128,189799,1778,1,"1"
3307.4004008143693,189781,1796,1,"1"
3317.0450229709641,189771,1806,2,"1-1"
3373.4708157605978,189756,1821,1,"1"
3382.884642685905,189738,1839,1,"1"
3387.8304391003289,189720,1857,1,"1"
3441.6349204410812,189713,1864,1,"1"
3455.3641322856929,189695,1882,1,"1"
3496.7518884627793,189677,1900,1,"1"
3501.0084973441844,189659,1918,1,"1"
3503.2965911185388,189654,1923,1,"1"
3510.5185474961477,189638,1939,1,"1"
3512.423476741742,189620,1957,1,"1"
3518.7096160581391,189603,1974,1,"1"
3523.4152304314871,189585,1992,1,"1"
3525.3554220471365,189580,1997,1,"1"
3530.2283145383144,189562,2015,1,"1"
3536.8876377058391,189555,2022,1,"1"
3565.1747265049848,189537,2040,1,"1"
3572.303980469384,189519,2058,1,"1"
3578.9273502251453,189516,2061,1,"1"
3585.9230059852625,189503,2074,1,"1"
3590.4404505193384,189494,2083,1,"1"
3626.3832121380938,189476,2101,1,"1"
3643.3197418492641,189464,2113,1,"1"
3659.2605882333219,189446,2131,1,"1"
3670.4604090373678,189428,2149,1,"1"
3684.424867988706,189423,2154,1,"1"
3688.7394941126481,189420,2157,1,"1"
3699.4072929661661,189417,2160,1,"1"
3705.9820352885422,189399,2178,1,"1"
3708.3532166659515,189381,2196,1,"1"
3711.1053373617506,189378,2199,1,"1"
3713.0520025090136,189369,2208,3,"3"
3716.7880289588525,189362,2215,1,"1"
3717.8294437553859,189344,2233,1,"1"
3747.3002459481881,189326,2251,1,"1"
3773.886333939718,189294,2283,3,"2-1"
3790.6356758953989,189276,2301,1,"1"
3839.8070822028826,189258,2319,1,"1"
3843.3424860275395,189240,2337,1,"1"
3886.209055844557,189209,2368,7,"7"
3924.2735695019192,189191,2386,1,"1"
3927.9199914857509,189186,2391,1,"1"
3951.3496284351863,189179,2398,1,"1"
3958.2783280071244,189165,2412,1,"1"
3961.8521885341611,189160,2417,1,"1"
3964.3901776346302,189142,2435,1,"1"
3968.62054315044,189139,2438,1,"1"
3981.1147454084471,189136,2441,1,"1"
3989.0023849389399,189133,2444,1,"1"
3995.941363043496,189115,2462,1,"1"
4010.041661697006,189106,2471,3,"3"
4019.4496659450069,189088,2489,1,"1"
4027.0407817636301,189070,2507,1,"1"
4031.1425903101244,189067,2510,1,"1"
4041.4514583304322,189057,2520,1,"1"
4054.9059670544575,189039,2538,1,"1"
4078.0298808283846,189021,2556,1,"1"
4087.5122191277846,189012,2565,1,"1"
4088.7997945602401,188994,2583,1,"1"
4119.9479418094361,188970,2607,2,"1-1"
4148.5195180676956,188960,2617,1,"1"
4153.9590182366792,188947,2630,3,"2-1"
4168.620434893005,188942,2635,1,"1"
4169.7210101111114,188924,2653,1,"1"
4170.6380957963047,188906,2671,1,"1"
4172.2467817826355,188883,2694,7,"3-2-1-1"
4187.7792387852342,188847,2730,2,"2"
4189.3974056294828,188829,2748,1,"1"
4213.5159396068493,188817,2760,1,"1"
4238.8362039968551,188801,2776,1,"1"
4240.1464066823228,188791,2786,2,"2"
4240.8890170794475,188773,2804,1,"1"
4246.9658749837254,188755,2822,1,"1"
4251.0134961979857,188748,2829,1,"1"
4256.7137936994768,188712,2865,2,"2"
4259.9322241334321,188698,2879,1,"1"
4274.5069797345695,188680,2897,1,"1"
4280.1865990175129,188677,2900,1,"1"
4285.340218022815,188659,2918,1,"1"
4295.8482702722204,188654,2923,1,"1"
4329.7532127247396,188643,2934,1,"1"
4330.0820956102525,188640,2937,1,"1"
4330.2700166185186,188637,2940,1,"1"
4339.7858753172932,188625,2952,1,"1"
4345.0726087120538,188607,2970,1,"1"
4346.6570039663757,188589,2988,1,"1"
4358.2126462541237,188586,2991,1,"1"
4386.6672140191695,188568,3009,1,"1"
4395.992481300942,188563,3014,1,"1"
4397.4969954263952,188554,3023,1,"1"
4401.1608571731122,188536,3041,1,"1"
4407.6542845151189,188518,3059,1,"1"
4424.538083848186,188500,3077,1,"1"
4427.8148698861205,188482,3095,1,"1"
4431.6427060586857,188477,3100,1,"1"
4434.8674930302031,188459,3118,1,"1"
4442.1408642717024,188441,3136,6,"5-1"
4454.5499121285357,188423,3154,1,"1"
4471.1482948933071,188405,3172,1,"1"
4476.7513893147916,188387,3190,1,"1"
4489.4886315054446,188369,3208,1,"1"
4493.0524796400687,188332,3245,5,"1-1-1-1-1"
4495.0550346182581,188318,3259,1,"1"
4504.5217388790516,188300,3277,1,"1"
4505.1129286503483,188282,3295,1,"1"
4515.5632120967348,188258,3319,2,"1-1"
4543.1190284662089,188240,3337,1,"1"
4553.8747312564174,188222,3355,1,"1"
4573.6395486250003,188219,3358,1,"1"
4574.6740698853764,188201,3376,1,"1"
4589.2014608023037,188183,3394,1,"1"
4593.3021715790292,188178,3399,1,"1"
4595.4042590195459,188164,3413,2,"1-1"
4596.525948972012,188128,3449,2,"1-1"
4596.6664586733959,188110,3467,1,"1"
4606.3634056310257,188093,3484,1,"1"
4609.8641859319823,188075,3502,1,"1"
4615.9552267510062,188045,3532,3,"3"
4620.3739886741096,188027,3550,1,"1"
4640.1799038039535,188017,3560,1,"1"
4643.6322433458809,187999,3578,1,"1"
4646.8028718770147,187989,3588,1,"1"
4652.0622680485267,187971,3606,1,"1"
4652.3956417077925,187968,3609,1,"1"
4661.8793819549792,187950,3627,2,"2"
4671.615400825799,187930,3647,2,"2"
4676.6617918652028,187912,3665,1,"1"
4677.7707326609789,187900,3677,1,"1"
4695.9284568144149,187895,3682,1,"1"
4698.1310981156703,187877,3700,1,"1"
4709.5775205364062,187859,3718,1,"1"
4723.9229337341694,187823,3754,2,"2"
4737.3747507203125,187795,3782,2,"1-1"
4739.9855202641156,187786,3791,1,"1"
4761.0613599972276,187777,3800,1,"1"
4772.7583095365753,187767,3810,1,"1"
4773.5602596102854,187725,3852,3,"2-1"
4799.5746928609051,187707,3870,1,"1"
4801.7908239135922,187698,3879,3,"2-1"
4806.8924460506705,187688,3889,2,"2"
4831.3244717574335,187683,3894,1,"1"
4865.358711112247,187666,3911,1,"1"
4865.9526899828788,187663,3914,1,"1"
4882.2905007610825,187656,3921,1,"1"
4890.1944830385846,187646,3931,1,"1"
4894.715380575235,187628,3949,1,"1"
4896.4452641839971,187610,3967,1,"1"
4903.3405990626261,187592,3985,1,"1"
4921.5728027583446,187574,4003,1,"1"
4927.8920473123571,187515,4062,7,"5-2"
4944.1279289878294,187499,4078,1,"1"
4948.9135407420745,187494,4083,1,"1"
4964.1159249354469,187476,4101,1,"1"
4966.9867593339786,187467,4110,1,"1"
4977.2772960753864,187449,4128,1,"1"
4997.2359618316186,187446,4131,1,"1"
5006.5592122861844,187437,4140,1,"1"
5006.6250595009496,187430,4147,1,"1"
5059.319994034292,187412,4165,1,"1"
5060.5777951215132,187405,4172,1,"1"
5067.161152700427,187387,4190,1,"1"
5074.6701923609589,187369,4208,1,"1"
5089.0817546398212,187349,4228,2,"2"
5090.1717729147613,187295,4282,3,"3"
5100.7111032989269,187276,4301,3,"1-1-1"
5107.6078936965123,187267,4310,1,"1"
5111.6502046289443,187257,4320,2,"2"
5112.3485010252834,187221,4356,2,"1-1"
5131.8462196024266,187203,4374,1,"1"
5165.0932115263213,187185,4392,1,"1"
5166.042446807437,187173,4404,1,"1"
5183.0342353657106,187155,4422,1,"1"
5190.0738613509693,187144,4433,1,"1"
5197.4705974543622,187105,4472,7,"2-2-1-1-1"
5216.3356657605364,187087,4490,1,"1"
5230.0550454497625,187073,4504,2,"2"
5233.3015646020222,186751,4826,21,"15-2-1-1-1-1"
5261.7254896072491,186733,4844,1,"1"
5271.0332871687506,186715,4862,1,"1"
5277.0207809150952,186697,4880,1,"1"
5287.2949250802931,186643,4934,3,"3"
5294.4672934094633,186619,4958,2,"2"
5298.3700795349914,186601,4976,1,"1"
5303.0394668557146,186583,4994,1,"1"
5312.1610186707439,186573,5004,1,"1"
5320.499199874127,186555,5022,1,"1"
5321.6137193757313,186545,5032,1,"1"
5342.6803633927602,186527,5050,1,"1"
5348.2835134700654,186509,5068,1,"1"
5351.9037669981508,186491,5086,1,"1"
5382.2968868253156,186455,5122,2,"2"
5395.8050428066927,186445,5132,2,"1-1"
5396.9163729557849,186355,5222,5,"3-1-1"
5402.5358693447006,186337,5240,1,"1"
5403.4651645679933,186315,5262,2,"1-1"
5408.4820646971648,186312,5265,1,"1"
5417.8966676495647,186294,5283,1,"1"
5426.8548359275255,186276,5301,1,"1"
5438.8947617845988,186257,5320,3,"2-1"
5450.8042938499784,186247,5330,2,"2"
5461.7739775559503,186229,5348,1,"1"
5466.237434290998,186211,5366,1,"1"
5476.2606661060863,186186,5391,3,"2-1"
5478.920690787043,186179,5398,1,"1"
5523.5299531634655,186172,5405,1,"1"
5563.0430473732204,186148,5429,2,"2"
5563.5968823520807,186130,5447,2,"1-1"
5570.7550563313125,186076,5501,3,"2-1"
5582.656883555067,186061,5516,3,"2-1"
5586.4929170947798,186043,5534,1,"1"
5588.4058286606423,186040,5537,1,"1"
5597.1537505117576,186033,5544,1,"1"
5597.2580268956945,186030,5547,1,"1"
5606.5024960183964,186012,5565,1,"1"
5627.5560808079881,185940,5637,4,"3-1"
5629.5196431051781,185922,5655,1,"1"
5641.7921282223806,185901,5676,3,"2-1"
5644.0974774408778,185896,5681,1,"1"
5647.4779846994252,185885,5692,1,"1"
5650.3652707732144,185867,5710,1,"1"
5658.0102880430159,185843,5734,2,"2"
5663.5778860627142,185825,5752,1,"1"
5663.5913114226905,185807,5770,1,"1"
5675.9133966855343,185798,5779,1,"1"
5680.6043955379964,185780,5797,1,"1"
5699.5408675396011,185762,5815,2,"1-1"
5702.2379473608462,185759,5818,1,"1"
5715.055855262839,185750,5827,1,"1"
5720.7849352417097,185732,5845,1,"1"
5734.7849784191285,185727,5850,1,"1"
5737.7932166295532,185709,5868,1,"1"
5741.4051782594897,185691,5886,1,"1"
5745.3870611398461,185673,5904,1,"1"
5755.2672572839101,185655,5922,1,"1"
5783.3916982155115,185644,5933,1,"1"
5785.9792288582175,185626,5951,1,"1"
5787.1761635681041,185623,5954,1,"1"
5797.753486153666,185616,5961,1,"1"
5815.5307815416963,185554,6023,10,"3-2-2-1-1-1"
5820.567619989728,185518,6059,2,"2"
5822.5543135702192,185500,6077,1,"1"
5833.9369984019922,185482,6095,2,"2"
5839.8340205097402,185417,6160,9,"4-3-1-1"
5840.2369237587427,185377,6200,3,"1-1-1"
5847.3665558476414,185273,6304,9,"2-1-1-1-1-1-1-1"
5850.6076515799741,185261,6316,1,"1"
5862.352597727825,185243,6334,1,"1"
5864.7852576084633,185153,6424,5,"4-1"
5877.8866557695737,185135,6442,1,"1"
5890.9273391539382,185117,6460,1,"1"
5897.762158630755,185107,6470,2,"2"
5898.1041425054555,185089,6488,1,"1"
5913.0080092274429,185071,6506,1,"1"
5916.9542665127547,185061,6516,1,"1"
5925.3259201672527,185043,6534,2,"2"
5959.1309190387155,185038,6539,1,"1"
5959.7408780048481,184995,6582,5,"4-1"
5967.7272112827341,184959,6618,2,"2"
5977.8307013570538,184946,6631,1,"1"
5987.8374409913649,184928,6649,1,"1"
5995.3512825094022,184910,6667,1,"1"
6001.9923304189133,184892,6685,1,"1"
6005.2610983537879,184857,6720,5,"2-2-1"
6011.4722848147576,184839,6738,1,"1"
6011.9887442287272,184829,6748,2,"2"
6015.3626502856878,184739,6838,5,"4-1"
6028.9556321346809,184633,6944,14,"6-2-2-2-1-1"
6030.0051427981707,184628,6949,1,"1"
6032.4389225064006,184618,6959,1,"1"
6039.567672969516,184600,6977,1,"1"
6043.0625663037135,184582,6995,1,"1"
6043.3257010960579,184564,7013,1,"1"
6048.9284206458824,184555,7022,1,"1"
6058.0102853257649,184533,7044,2,"1-1"
6063.3885258124701,184515,7062,1,"1"
6072.3706774910561,184510,7067,1,"1"
6078.2598477908887,184492,7085,1,"1"
6083.5640624954076,184474,7103,1,"1"
6086.330813184607,184456,7121,1,"1"
6101.1157226948608,184438,7139,1,"1"
6105.8635089522959,184426,7151,1,"1"
6113.0406309776217,184408,7169,1,"1"
6114.0288750000727,184390,7187,1,"1"
6118.5487755190225,184372,7205,1,"1"
6121.4648105758961,184359,7218,1,"1"
6122.8565596228982,184347,7230,1,"1"
6124.2018194895381,184332,7245,1,"1"
6127.8458501213936,184289,7288,7,"4-2-1"
6138.5359358761743,184253,7324,2,"1-1"
6143.0268426165485,184235,7342,1,"1"
6153.23823226898,184217,7360,1,"1"
6156.165353364906,184181,7396,2,"2"
6164.5061390952387,184170,7407,1,"1"
6170.9096347444874,184152,7425,1,"1"
6173.2555889884716,184134,7443,1,"1"
6174.8713209840562,184106,7471,4,"4"
6174.9818224617775,184088,7489,1,"1"
6184.7629211197109,184070,7507,1,"1"
6223.0584562458262,184061,7516,1,"1"
6243.8811081864897,184043,7534,1,"1"
6268.4170965192889,183991,7586,3,"1-1-1"
6273.0017099948282,183973,7604,1,"1"
6285.220911103479,183966,7611,1,"1"
6285.9817117626862,183948,7629,1,"1"
6287.6866745222778,183930,7647,1,"1"
6292.1283699482792,183912,7665,1,"1"
6301.5399886896557,183894,7683,1,"1"
6323.4702316298453,183849,7728,7,"3-2-2"
6325.2803217050023,183795,7782,3,"1-1-1"
6337.8076422106933,183776,7801,3,"3"
6339.0847319801769,183758,7819,1,"1"
6351.7777863549591,183753,7824,1,"1"
6364.1945857386299,183717,7860,2,"1-1"
6373.1073567788053,183699,7878,1,"1"
6376.5846722822171,183681,7896,1,"1"
6378.4188878165533,183663,7914,1,"1"
6379.462392675433,183645,7932,1,"1"
6380.4817662376436,183627,7950,1,"1"
6388.0547743494535,183586,7991,5,"3-1-1"
6393.9711112277528,183581,7996,1,"1"
6395.4098439179143,183567,8010,1,"1"
6396.7370283254459,183558,8019,1,"1"
6400.3654482534093,183540,8037,1,"1"
6400.3764862498174,183522,8055,1,"1"
6401.6129031154205,183416,8161,7,"3-2-1-1"
6420.9694834091461,183372,8205,4,"4"
6422.4575392112738,183354,8223,1,"1"
6427.9413610438032,183336,8241,1,"1"
6433.0195545512288,183318,8259,1,"1"
6434.0987818678695,183300,8277,1,"1"
6438.9209378080568,183282,8295,1,"1"
6441.3717190148809,183264,8313,1,"1"
6447.0331180519197,183259,8318,1,"1"
6466.7364885877287,183249,8328,1,"1"
6496.3536633545409,183231,8346,1,"1"
6498.1423271513122,183213,8364,1,"1"
6498.9903612899607,183198,8379,1,"1"
6500.7837562767681,183180,8397,2,"1-1"
6515.1394825607013,183171,8406,1,"1"
6522.5918177382655,183153,8424,1,"1"
6533.5045135970968,183121,8456,2,"1-1"
6533.7339460273051,183103,8474,1,"1"
6535.3152587881732,183050,8527,4,"3-1"
6538.7405369077142,183032,8545,1,"1"
6551.2935080404541,183014,8563,1,"1"
6560.6608587045403,182915,8662,11,"3-3-2-1-1-1"
6563.6497707953704,182879,8698,2,"1-1"
6571.890685853039,182865,8712,1,"1"
6580.6284898921003,182847,8730,1,"1"
6580.8421449543257,182829,8748,1,"1"
6584.0749465652079,182811,8766,1,"1"
6587.1595331485878,182799,8778,1,"1"
6587.3126655733422,182774,8803,3,"3"
6592.7375239601406,182756,8821,1,"1"
6605.2041569956928,182724,8853,3,"2-1"
6609.9204035769044,182706,8871,1,"1"
6609.9580037248334,182688,8889,1,"1"
6612.0437841306612,182670,8907,1,"1"
6612.7784873719056,182545,9032,15,"4-4-3-3-1"
6621.9755635822421,182494,9083,4,"3-1"
6626.3275211262062,182476,9101,1,"1"
6642.010391850974,182458,9119,1,"1"
6643.6619456101616,182442,9135,2,"1-1"
6644.3987433524944,182424,9153,1,"1"
6661.9987945874709,182388,9189,2,"1-1"
6680.3382323083042,182369,9208,3,"3"
6683.4384969801486,182266,9311,8,"4-1-1-1-1"
6690.9533772781888,182259,9318,1,"1"
6693.4705989787635,182241,9336,1,"1"
6702.1290678679243,182223,9354,1,"1"
6718.2161619683111,182205,9372,1,"1"
6720.9315993475911,182187,9390,1,"1"
6732.2841187066497,182169,9408,1,"1"
6741.3144314429019,182133,9444,2,"2"
6762.0888512743149,182064,9513,7,"3-2-1-1"
6773.0959135520152,182046,9531,1,"1"
6773.4971324289818,182022,9555,2,"2"
6790.7654682812927,182004,9573,1,"1"
6790.7684497111159,181990,9587,1,"1"
6795.6894789875078,181972,9605,1,"1"
6797.0713428640502,181954,9623,1,"1"
6799.2993488650363,181918,9659,2,"2"
6805.4092456146645,181896,9681,2,"1-1"
6805.8977895128673,181878,9699,1,"1"
6806.5772934839288,181860,9717,1,"1"
6816.6521773694121,181806,9771,3,"2-1"
6829.3731480063998,181788,9789,1,"1"
6833.8448619253331,181770,9807,1,"1"
6852.948682782805,181752,9825,1,"1"
6865.5268490997805,181734,9843,1,"1"
6866.2341789251495,181719,9858,1,"1"
6867.4407341835122,181688,9889,3,"3"
6882.2355323160909,181662,9915,2,"2"
6891.6380311479697,181644,9933,1,"1"
6891.9322386058129,181619,9958,2,"1-1"
6904.4319464737555,181601,9976,1,"1"
6926.0137112580451,181583,9994,1,"1"
6936.4438186656826,181578,9999,1,"1"
6945.9959215418394,181560,10017,1,"1"
6947.672598196953,181542,10035,1,"1"
6957.6831108976394,181520,10057,2,"2"
6958.6825314498219,181476,10101,4,"2-1-1"
6962.742577425629,181464,10113,1,"1"
6974.4039632607837,181459,10118,1,"1"
6977.7048499632028,181423,10154,2,"2"
6980.7970252726709,181403,10174,2,"1-1"
6987.5889000548123,181385,10192,1,"1"
6996.4760130657141,181349,10228,2,"2"
7004.7979648904329,181331,10246,2,"2"
7037.1445396138115,181326,10251,1,"1"
7049.5466773871485,181315,10262,1,"1"
7076.0129622807017,181256,10321,7,"4-3"
7083.9110305327686,181238,10339,1,"1"
7084.6222477194988,181224,10353,2,"2"
7086.0667575603429,181206,10371,1,"1"
7089.3109557317885,180576,11001,58,"8-6-6-6-4-3-3-3-3-2-2-2-2-2-1-1-1-1-1-1"
7089.9715539240733,180474,11103,6,"3-2-1"
7097.4608714518426,180462,11115,1,"1"
7099.2735163185207,180358,11219,8,"3-2-1-1-1"
7103.7100760153644,180340,11237,1,"1"
7119.6504072170264,180328,11249,1,"1"
7132.1575464829748,180310,11267,1,"1"
7134.2177629192447,180292,11285,1,"1"
7136.8859464962297,180274,11303,1,"1"
7150.9533711935019,180236,11341,4,"1-1-1-1"
7168.9929783790403,180218,11359,1,"1"
7171.9370268713237,180200,11377,1,"1"
7186.697491231268,180182,11395,1,"1"
7202.904555222136,180170,11407,1,"1"
7204.0705860851849,180160,11417,1,"1"
7212.0161850798395,180142,11435,1,"1"
7243.9463298156397,180102,11475,4,"2-1-1"
7244.8029338732003,180084,11493,1,"1"
7255.7373986446846,180048,11529,2,"2"
7261.796885933486,180030,11547,1,"1"
7264.7254058362478,180012,11565,1,"1"
7268.0153193624274,179994,11583,1,"1"
7275.9088160216097,179975,11602,3,"3"
7279.139257067678,179957,11620,1,"1"
7297.7930394770028,179628,11949,29,"4-3-3-2-1-1-1-1-1-1-1-1-1-1-1-1-1-1-1-1-1"
7300.5524337777906,179593,11984,3,"2-1"
7302.4407060758704,179557,12020,2,"2"
7303.1759322855232,179539,12038,1,"1"
7318.3668926443506,179521,12056,1,"1"
7318.7882334256537,179503,12074,1,"1"
7320.83545247248,179492,12085,1,"1"
7329.5377030166419,179482,12095,1,"1"
7346.5660477453221,179473,12104,1,"1"
7351.9284425492733,179455,12122,1,"1"
7352.9753706768661,179421,12156,2,"1-1"
7356.4655980081643,179403,12174,1,"1"
7368.7558993913153,179385,12192,1,"1"
7389.3668003600769,179372,12205,1,"1"
7390.9366097426237,179354,12223,1,"1"
7403.4310010180698,179336,12241,1,"1"
7405.6233047250817,179318,12259,1,"1"
7407.8907622080324,179300,12277,1,"1"
7408.4434438870521,179246,12331,3,"2-1"
7415.091322314749,179210,12367,2,"2"
7447.252253387157,179150,12427,4,"2-1-1"
7457.4845424800842,178910,12667,20,"4-4-3-3-2-2-1-1"
7461.5033406998564,178892,12685,1,"1"
7463.6810742608423,178826,12751,4,"2-1-1"
7467.2556023872176,178808,12769,1,"1"
7467.9799299053229,178782,12795,2,"1-1"
7473.7843715377358,178747,12830,3,"3"
7474.0281652059502,178531,13046,13,"4-3-2-1-1-1-1"
7474.9758567126082,178513,13064,1,"1"
7477.9480338590729,178495,13082,1,"1"
7478.7380962830603,178395,13182,8,"6-1-1"
7504.7457201447833,0,191577,10066,"10066"
----------------------------------------------2
0,191577,0,0,"0"
193.78689850837316,191576,1,1,"1"
244.63503461105341,191558,19,1,"1"
266.12519508452885,191557,20,1,"1"
311.95948641769007,191548,29,1,"1"
334.06593572825636,191536,41,1,"1"
341.19884908454026,191535,42,1,"1"
355.30939575209339,191517,60,1,"1"
365.50138502690015,191516,61,1,"1"
377.31659187249409,191515,62,1,"1"
382.04483072795182,191514,63,1,"1"
450.71274088129053,191502,75,1,"1"
480.52875564512419,191501,76,1,"1"
549.98541224219059,191489,88,1,"1"
558.57078270948318,191488,89,1,"1"
594.24115823040768,191487,90,1,"1"
626.83368379330068,191469,108,1,"1"
639.1091359109364,191468,109,1,"1"
644.86891058526601,191450,127,1,"1"
665.86915459078318,191449,128,1,"1"
678.27581886119037,191446,131,1,"1"
720.54795623300765,191444,133,2,"2"
731.45706900940877,191426,151,1,"1"
732.96497477168646,191425,152,1,"1"
739.55544425989956,191424,153,1,"1"
757.28271512959691,191423,154,1,"1"
760.18101741307532,191422,155,1,"1"
773.07930000026397,191421,156,1,"1"
775.53104532167345,191420,157,1,"1"
778.47158468407838,191408,169,1,"1"
804.30274528008488,191407,170,1,"1"
820.28464489031887,191404,173,3,"3"
829.70225714251978,191403,174,1,"1"
851.2083015079196,191402,175,1,"1"
858.31848878731432,191401,176,1,"1"
867.14361129512781,191399,178,2,"1-1"
868.68743867539297,191392,185,1,"1"
876.59513491345854,191390,187,2,"2"
891.32576061658392,191387,190,1,"1"
918.97096509557866,191386,191,1,"1"
925.68947188430911,191385,192,1,"1"
934.25934379184616,191384,193,1,"1"
968.97660855616959,191383,194,1,"1"
976.70675715082507,191378,199,1,"1"
990.22366990735782,191367,210,1,"1"
1002.5652982878008,191366,211,1,"1"
1010.4329836944135,191363,214,1,"1"
1020.7870040112361,191362,215,1,"1"
1046.3486639315679,191359,218,1,"1"
1050.8894698029121,191356,221,1,"1"
1067.6323240209483,191339,238,1,"1"
1118.1981423962293,191338,239,1,"1"
1124.8496564115533,191335,242,3,"3"
1145.7952550401742,191334,243,1,"1"
1176.1953889935887,191331,246,3,"3"
1180.9170580490504,191330,247,1,"1"
1198.5692630638669,191324,253,2,"2"
1200.8601556649621,191323,254,1,"1"
1201.5482163336198,191316,261,1,"1"
1209.8222829716401,191298,279,1,"1"
1214.5703741613493,191295,282,3,"2-1"
1227.0539077746123,191292,285,1,"1"
1237.6062324268405,191291,286,1,"1"
1251.4498682404105,191285,292,2,"2"
1255.8961251217086,191275,302,1,"1"
1256.7770287257929,191257,320,1,"1"
1262.0042951235469,191255,322,2,"2"
1262.114336962677,191237,340,1,"1"
1262.7949101866595,191228,349,1,"1"
1277.3842810959138,191227,350,1,"1"
1277.4083146469,191226,351,1,"1"
1298.9571229029063,191225,352,1,"1"
1317.647851862715,191207,370,1,"1"
1320.901293891334,191201,376,2,"2"
1328.8411946507415,191190,387,5,"2-1-1-1"
1387.0921913717732,191172,405,1,"1"
1394.6204020162356,191169,408,3,"2-1"
1420.4647514188191,191167,410,2,"2"
1460.54179172821,191149,428,1,"1"
1468.6890337995744,191131,446,1,"1"
1488.6985294956539,191130,447,1,"1"
1489.5925426957403,191112,465,1,"1"
1491.4843112785773,191111,466,1,"1"
1498.4770375646433,191105,472,2,"2"
1518.9918447707405,191098,479,1,"1"
1521.0795619653993,191091,486,1,"1"
1527.6026404786267,191081,496,1,"1"
1536.8369886135758,191080,497,1,"1"
1561.2035578708424,191077,500,1,"1"
1566.1258684961381,191073,504,2,"2"
1599.9587965805706,191072,505,1,"1"
1606.8569137586685,191054,523,1,"1"
1615.1906290403124,191051,526,1,"1"
1630.3967339465005,191050,527,1,"1"
1630.7514328898162,191049,528,1,"1"
1632.0808380446672,191048,529,1,"1"
1633.267913785679,191038,539,1,"1"
1636.5971735418241,191037,540,1,"1"
1648.7015212078577,191019,558,1,"1"
1669.9949836426797,191018,559,1,"1"
1670.952664689227,191017,560,1,"1"
1689.6454080343215,191015,562,2,"1-1"
1696.7145795123274,191014,563,1,"1"
1704.0104136190107,191013,564,1,"1"
1717.1339666793829,191012,565,1,"1"
1717.8851438571357,191002,575,1,"1"
1723.1084180982832,190996,581,2,"1-1"
1729.277815932915,190995,582,1,"1"
1762.5180306260831,190986,591,1,"1"
1763.5186246205913,190979,598,1,"1"
1776.2387179512443,190961,616,1,"1"
1832.2626491607598,190958,619,3,"3"
1832.8217686725598,190940,637,1,"1"
1832.8633105014599,190930,647,1,"1"
1843.7371326943924,190912,665,1,"1"
1846.0258092401018,190898,679,1,"1"
1863.6100905809737,190897,680,1,"1"
1869.9148462400892,190896,681,1,"1"
1946.6275522272513,190878,699,1,"1"
1948.9508760891154,190860,717,1,"1"
1968.5608464642276,190844,733,2,"1-1"
1980.1081155920376,190841,736,1,"1"
1988.8783231610812,190823,754,1,"1"
1997.9875991592994,190816,761,1,"1"
2001.3779078325949,190810,767,2,"1-1"
2051.60469653674,190792,785,1,"1"
2057.0277854371698,190774,803,1,"1"
2067.091470011208,190771,806,1,"1"
2088.6501336511169,190770,807,1,"1"
2112.0565972887944,190752,825,1,"1"
2115.7881416545347,190742,835,1,"1"
2122.1743550881379,190732,845,1,"1"
2123.8232867904094,190722,855,2,"2"
2130.7710448298349,190716,861,2,"2"
2183.8773135452489,190715,862,1,"1"
2185.6304006381856,190703,874,1,"1"
2188.6874006278435,190685,892,1,"1"
2192.3899544411356,190667,910,1,"1"
2195.8290404401637,190664,913,1,"1"
2227.256453118574,190646,931,1,"1"
2229.9560477874497,190643,934,1,"1"
2239.8053490072457,190642,935,1,"1"
2241.6868373675948,190624,953,1,"1"
2255.0455887325575,190623,954,1,"1"
2271.7640705237386,190622,955,1,"1"
2285.7310212791876,190621,956,1,"1"
2305.8859703023018,190618,959,1,"1"
2320.2915013822349,190609,968,1,"1"
2323.9019334937143,190606,971,1,"1"
2332.6429781360234,190603,974,1,"1"
2337.0053775741558,190602,975,1,"1"
2344.2264385844833,190601,976,1,"1"
2362.8783904451448,190583,994,1,"1"
2365.8573984615491,190580,997,3,"3"
2375.7866378691997,190579,998,1,"1"
2390.6654009481335,190578,999,1,"1"
2406.2017141031047,190560,1017,1,"1"
2408.0213132883578,190557,1020,1,"1"
2408.808489494852,190544,1033,3,"2-1"
2409.8632833885449,190542,1035,2,"2"
2417.7820149835511,190539,1038,1,"1"
2431.2073641040433,190521,1056,1,"1"
2433.5743086665279,190503,1074,1,"1"
2451.5789852530993,190502,1075,1,"1"
2464.8032857364678,190501,1076,1,"1"
2526.5790318689815,190492,1085,1,"1"
2535.3863957274393,190474,1103,1,"1"
2552.4958551070622,190471,1106,1,"1"
2559.7782884527455,190468,1109,1,"1"
2608.27576228097,190450,1127,1,"1"
2617.1271311273408,190435,1142,1,"1"
2625.8029181426605,190425,1152,1,"1"
2636.0379067952395,190422,1155,1,"1"
2646.3172535015915,190408,1169,2,"2"
2671.698534936429,190390,1187,1,"1"
2676.3947067724966,190386,1191,2,"2"
2696.7007021371073,190385,1192,1,"1"
2710.9009043773112,190369,1208,1,"1"
2756.2123238275267,190333,1244,2,"1-1"
2771.4903157349877,190328,1249,1,"1"
2807.4690352653624,190319,1258,1,"1"
2808.8103464737783,190301,1276,1,"1"
2809.2781618498129,190298,1279,1,"1"
2856.8095710207526,190280,1297,1,"1"
2864.0898069282048,190271,1306,1,"1"
2871.8825159827452,190268,1309,1,"1"
2872.841027656998,190258,1319,2,"1-1"
2898.3310856038265,190255,1322,1,"1"
2903.7738831474767,190237,1340,1,"1"
2933.8850926828572,190228,1349,3,"2-1"
2941.0328902242823,190225,1352,1,"1"
2945.9678676023536,190207,1370,1,"1"
2960.7066503654237,190189,1388,1,"1"
2965.9415928732437,190177,1400,1,"1"
2970.8575384574647,190166,1411,3,"2-1"
2976.0927670437936,190160,1417,2,"2"
3005.6647382664041,190052,1525,6,"6"
3008.4742197013074,190042,1535,1,"1"
3030.0561713925076,190039,1538,1,"1"
3030.1249944097121,190034,1543,1,"1"
3034.0979249586962,190010,1567,2,"2"
3040.2137475679506,189992,1585,1,"1"
3043.9072972614335,189974,1603,1,"1"
3050.6193675517761,189971,1606,1,"1"
3073.546964130278,189953,1624,1,"1"
3076.0194833168421,189940,1637,3,"3"
3086.7307294353936,189924,1653,1,"1"
3107.9187570134382,189888,1689,2,"2"
3116.8376682737062,189878,1699,1,"1"
3145.2304696410315,189868,1709,2,"2"
3150.3716300064411,189858,1719,1,"1"
3194.6108799943536,189840,1737,1,"1"
3216.6905425405625,189837,1740,1,"1"
3220.4962381897449,189834,1743,1,"1"
3251.7618172937587,189816,1761,1,"1"
3256.0599727062377,189798,1779,1,"1"
3274.5399835563594,189780,1797,1,"1"
3277.7698544313703,189762,1815,1,"1"
3293.112681768333,189751,1826,1,"1"
3307.039527923162,189733,1844,1,"1"
3319.9359124583366,189728,1849,1,"1"
3320.5372527592399,189710,1867,1,"1"
3360.5091709465346,189707,1870,1,"1"
3371.0325887702566,189698,1879,1,"1"
3374.410627767983,189664,1913,2,"2"
3377.7208465086869,189649,1928,3,"2-1"
3378.9460550145927,189643,1934,2,"2"
3399.7080637248469,189636,1941,1,"1"
3406.2675275646502,189618,1959,1,"1"
3408.3169843965834,189604,1973,1,"1"
3418.0777110630556,189599,1978,1,"1"
3420.3566486750178,189581,1996,1,"1"
3422.0231533487731,189563,2014,1,"1"
3426.8191596354645,189558,2019,1,"1"
3439.1816414271661,189540,2037,1,"1"
3443.463820856457,189537,2040,1,"1"
3445.4696843718111,189534,2043,1,"1"
3446.5658576376973,189516,2061,1,"1"
3465.5755057622323,189511,2066,1,"1"
3469.3551891235302,189506,2071,1,"1"
3490.9077876374881,189488,2089,1,"1"
3494.2519441065024,189470,2107,1,"1"
3510.5928450783872,189458,2119,1,"1"
3513.4179990704088,189440,2137,1,"1"
3534.3188131838019,189426,2151,1,"1"
3560.0479414096499,189421,2156,1,"1"
3575.6770255935835,189403,2174,1,"1"
3581.0680548925156,189385,2192,1,"1"
3593.3347994796636,189367,2210,1,"1"
3594.5128395214228,189349,2228,1,"1"
3613.7836109586297,189331,2246,1,"1"
3616.2457036811261,189326,2251,1,"1"
3620.6333648464702,189308,2269,1,"1"
3624.1927655212053,189303,2274,1,"1"
3625.2109652469312,189294,2283,1,"1"
3680.2413276159732,189276,2301,1,"1"
3696.4519905413899,189258,2319,1,"1"
3717.8876877140306,189240,2337,1,"1"
3735.5868333295516,189234,2343,2,"1-1"
3743.2041093306234,189216,2361,1,"1"
3754.5491407013415,189198,2379,2,"2"
3810.0644092370399,189180,2397,1,"1"
3823.2117148553184,189175,2402,1,"1"
3828.9504568071129,189157,2420,1,"1"
3843.1680072862441,189139,2438,1,"1"
3852.2794688165868,189130,2447,1,"1"
3855.0763157759275,189112,2465,1,"1"
3858.1199754903255,189094,2483,1,"1"
3874.2828821556745,189087,2490,1,"1"
3876.8482809667084,189084,2493,1,"1"
3876.9933595045609,189066,2511,1,"1"
3887.4334598571795,189048,2529,1,"1"
3893.6961194717524,189038,2539,1,"1"
3909.6185534398269,189025,2552,1,"1"
3913.4578463242688,189007,2570,1,"1"
3929.5510145699695,188989,2588,1,"1"
3933.6514634496102,188971,2606,1,"1"
3951.7150786051634,188953,2624,1,"1"
3956.6844292463229,188943,2634,1,"1"
3957.086016076074,188933,2644,1,"1"
3970.6376803682265,188930,2647,1,"1"
3973.6098850173839,188912,2665,2,"2"
3979.4667059582107,188894,2683,1,"1"
3981.1347303686675,188891,2686,1,"1"
3987.2106250830111,188888,2689,1,"1"
4001.5469497372555,188870,2707,1,"1"
4015.0364097802071,188852,2725,1,"1"
4036.3121985391249,188842,2735,1,"1"
4042.4469966842521,188839,2738,1,"1"
4046.7001147893602,188836,2741,1,"1"
4047.1275520544177,188818,2759,1,"1"
4061.0446300495851,188800,2777,1,"1"
4105.7997169709806,188740,2837,5,"2-1-1-1"
4107.2546862598319,188735,2842,1,"1"
4116.0646331108801,188717,2860,1,"1"
4117.3534663871706,188663,2914,3,"3"
4120.3963622661367,188645,2932,1,"1"
4125.3403002663354,188635,2942,1,"1"
4168.2575899201565,188624,2953,1,"1"
4170.7121529615106,188618,2959,2,"2"
4179.7964297827693,188600,2977,1,"1"
4190.4845949720047,188580,2997,2,"2"
4196.6282061377442,188566,3011,1,"1"
4212.6142769278968,188548,3029,1,"1"
4218.6144150240607,188529,3048,3,"3"
4224.802715916805,188519,3058,2,"2"
4227.1301417778604,188495,3082,2,"2"
4228.4635798177142,188477,3100,1,"1"
4236.333985077059,188459,3118,1,"1"
4260.4261782027788,188441,3136,1,"1"
4264.3548212589685,188423,3154,1,"1"
4265.4391381514533,188405,3172,2,"1-1"
4278.6435835288476,188387,3190,1,"1"
4281.0852803348307,188377,3200,2,"2"
4282.6848053589219,188341,3236,2,"2"
4283.0207064214028,188323,3254,1,"1"
4285.4540996491596,188298,3279,7,"5-2"
4300.7926915108819,188280,3297,1,"1"
4341.9057797545256,188270,3307,2,"2"
4363.7816953672691,188252,3325,1,"1"
4366.0472753111871,188237,3340,1,"1"
4370.001514096557,188225,3352,1,"1"
4376.5666075466079,188207,3370,1,"1"
4376.9322132796169,188197,3380,2,"2"
4379.9735531900014,188152,3425,11,"7-2-1-1"
4381.9530370352804,188142,3435,1,"1"
4387.6438708277792,188125,3452,3,"3"
4420.9997969217611,188107,3470,1,"1"
4433.1799558132543,188100,3477,1,"1"
4441.6547185581967,188082,3495,1,"1"
4455.3301299097184,188072,3505,2,"1-1"
4461.0113903877318,188054,3523,1,"1"
4481.928151746165,187998,3579,4,"2-1-1"
4489.7693785609681,187980,3597,1,"1"
4508.2296456878203,187963,3614,1,"1"
4515.360733006215,187945,3632,1,"1"
4523.8748587038772,187942,3635,1,"1"
4527.1211136606826,187928,3649,1,"1"
4547.1811792996004,187910,3667,1,"1"
4562.7552705870221,187903,3674,1,"1"
4571.2201324143753,187885,3692,1,"1"
4577.1744211635796,187867,3710,1,"1"
4607.4209763358713,187858,3719,3,"2-1"
4619.6096033376771,187840,3737,1,"1"
4623.3597210889893,187835,3742,1,"1"
4628.1799448916036,187817,3760,1,"1"
4643.5944570998327,187810,3767,1,"1"
4659.113464973615,187792,3785,1,"1"
4664.0246748428299,187789,3788,1,"1"
4675.1673009570377,187755,3822,8,"3-2-2-1"
4692.8995998216787,187748,3829,1,"1"
4700.8073910603798,187745,3832,1,"1"
4716.0823271449954,187742,3835,1,"1"
4722.9229718154966,187736,3841,2,"2"
4744.6766144889789,187727,3850,1,"1"
4747.9130226726284,187711,3866,1,"1"
4768.7661083343501,187693,3884,1,"1"
4771.2249377824173,187686,3891,1,"1"
4772.4810465407363,187676,3901,2,"2"
4774.6408929088402,187673,3904,1,"1"
4787.7606993342688,187668,3909,1,"1"
4793.5070511937929,187646,3931,2,"1-1"
4821.6686533881275,187628,3949,1,"1"
4839.0359184601248,187610,3967,1,"1"
4841.8756339896236,187592,3985,1,"1"
4842.382378228117,187587,3990,1,"1"
4864.1291493385334,187574,4003,3,"3"
4867.2225511801371,187556,4021,1,"1"
4897.4652968431492,187538,4039,1,"1"
4898.7019337486254,187504,4073,2,"2"
4905.7941285605748,187492,4085,1,"1"
4908.553186746658,187483,4094,1,"1"
4933.9035919889375,187465,4112,1,"1"
4946.1667035254432,187451,4126,2,"2"
4952.6516368744296,187433,4144,1,"1"
4970.1598458626222,187415,4162,1,"1"
4986.7878432939287,187397,4180,1,"1"
4989.4890016886175,187379,4198,1,"1"
4990.8084840462079,187343,4234,2,"1-1"
5003.4801971015759,187325,4252,1,"1"
5013.6682130139661,187318,4259,1,"1"
5018.6944335854632,187300,4277,1,"1"
5048.4677195115128,187282,4295,1,"1"
5056.2501916854244,187275,4302,1,"1"
5061.915084268323,187263,4314,1,"1"
5085.1517047592661,187249,4328,1,"1"
5085.8311613828846,187231,4346,1,"1"
5093.0604672759891,187223,4354,2,"1-1"
5098.660882477262,187218,4359,1,"1"
5100.0619742181343,187200,4377,1,"1"
5100.2501295105585,187182,4395,1,"1"
5108.0027526288777,187170,4407,1,"1"
5138.9489108597181,187165,4412,1,"1"
5144.8270319955127,187147,4430,1,"1"
5164.8309276787622,187138,4439,1,"1"
5172.9995744578846,187120,4457,1,"1"
5196.0874264219665,187108,4469,1,"1"
5198.5431169304602,187103,4474,1,"1"
5199.000347639796,187085,4492,1,"1"
5213.0435400790439,187067,4510,1,"1"
5222.6483535540256,187054,4523,1,"1"
5225.296182031926,187036,4541,1,"1"
5240.3611909509109,186995,4582,5,"3-2"
5242.7463399027074,186977,4600,1,"1"
5244.9742620574798,186959,4618,1,"1"
5254.8528536844096,186941,4636,1,"1"
5258.0354699372465,186923,4654,1,"1"
5270.1289937139463,186905,4672,1,"1"
5275.2693829507789,186900,4677,1,"1"
5275.8052989139142,186882,4695,1,"1"
5286.5019086142202,186867,4710,1,"1"
5288.2222568566494,186849,4728,2,"2"
5312.0125868022624,186831,4746,1,"1"
5315.3883200693372,186825,4752,2,"2"
5316.6334927678517,186807,4770,1,"1"
5323.3158679220496,186800,4777,1,"1"
5333.5544285597234,186782,4795,1,"1"
5357.0026367687497,186764,4813,1,"1"
5370.7376265873372,186748,4829,2,"1-1"
5381.1512947105866,186743,4834,1,"1"
5389.5895892478329,186707,4870,2,"2"
5394.7907752737992,186689,4888,1,"1"
5402.5271223033769,186682,4895,1,"1"
5418.9651631894667,186662,4915,2,"1-1"
5446.6431512085519,186648,4929,1,"1"
5450.5878789867229,186598,4979,3,"3"
5451.1445539723873,186562,5015,2,"2"
5458.1095434778808,186544,5033,1,"1"
5465.8219356762393,186537,5040,1,"1"
5473.713244040252,186524,5053,1,"1"
5485.1486311011849,186506,5071,1,"1"
5510.199676438333,186496,5081,1,"1"
5514.2353378924345,186460,5117,2,"1-1"
5524.9120053584702,186442,5135,1,"1"
5562.8603179035281,186424,5153,1,"1"
5566.0084543777366,186421,5156,1,"1"
5580.5446490004288,186418,5159,1,"1"
5583.8095633355715,186400,5177,1,"1"
5594.8611638018783,186382,5195,1,"1"
5594.9379059811336,186366,5211,1,"1"
5598.3699354073206,186348,5229,1,"1"
5599.1958265258809,186330,5247,1,"1"
5600.9518925595667,186327,5250,1,"1"
5600.9962552857451,186309,5268,1,"1"
5629.0213510719659,186291,5286,1,"1"
5636.4197643289681,186273,5304,1,"1"
5637.6274740399267,186243,5334,2,"2"
5649.2539138876873,186225,5352,1,"1"
5684.180854798261,186207,5370,1,"1"
5685.6238009990366,186189,5388,1,"1"
5696.1488549668784,186177,5400,1,"1"
5726.3655058582162,186159,5418,1,"1"
5730.9865162700471,186141,5436,1,"1"
5747.8353830510077,186123,5454,2,"2"
5751.1551513347376,186105,5472,1,"1"
5763.6797795974753,186100,5477,1,"1"
5764.1514030055723,186082,5495,1,"1"
5764.4982854124628,186051,5526,3,"2-1"
5773.2651595832785,186037,5540,2,"2"
5774.3593728582809,186001,5576,2,"1-1"
5775.745474606284,185983,5594,1,"1"
5799.1759713601796,185965,5612,1,"1"
5830.8272998254133,185951,5626,1,"1"
5838.1860016536993,185939,5638,1,"1"
5844.6032557156386,185934,5643,1,"1"
5852.2832494700124,185923,5654,1,"1"
5855.1296287703826,185905,5672,1,"1"
5872.1139473877665,185895,5682,1,"1"
5874.6998824633056,185890,5687,1,"1"
5887.1993875290036,185872,5705,1,"1"
5904.1790231949672,185859,5718,1,"1"
5912.7338005713609,185841,5736,1,"1"
5917.1139409663456,185818,5759,3,"2-1"
5924.8497294421222,185800,5777,1,"1"
5935.6724084395846,185782,5795,1,"1"
5935.8602801362267,185779,5798,1,"1"
5935.9658942345459,185743,5834,2,"1-1"
5953.3562036858493,185717,5860,2,"2"
5958.1628561579364,185699,5878,1,"1"
5960.7556831678958,185681,5896,1,"1"
5974.6683909846497,185663,5914,1,"1"
5986.6776771206287,185645,5932,1,"1"
6011.3148632075363,185622,5955,3,"2-1"
6012.3339543199445,185464,6113,10,"3-3-2-2"
6028.3329296881111,185454,6123,1,"1"
6061.1046362186044,185398,6179,4,"3-1"
6063.4718244643454,185395,6182,1,"1"
6070.1881000656313,185381,6196,2,"1-1"
6081.6214665950856,185372,6205,1,"1"
6086.5550865925661,185354,6223,1,"1"
6088.9497319908514,185339,6238,3,"2-1"
6108.8909210766551,185299,6278,3,"2-1"
6111.7394632317018,185289,6288,1,"1"
6112.3624574499581,185274,6303,3,"2-1"
6115.163112852515,185256,6321,1,"1"
6120.6965514306958,185238,6339,1,"1"
6140.4137426027264,185220,6357,1,"1"
6159.7370219577242,185184,6393,2,"2"
6161.237482606608,185166,6411,1,"1"
6181.2430430035129,185148,6429,1,"1"
6181.9685525176092,185136,6441,1,"1"
6192.5281981264689,185118,6459,1,"1"
6196.9213926290749,185108,6469,1,"1"
6203.1270894615036,185090,6487,1,"1"
6206.3859026442142,185072,6505,1,"1"
6214.4042083468976,185060,6517,1,"1"
6217.9018508214485,185029,6548,5,"3-1-1"
6226.556897748098,185011,6566,1,"1"
6227.632559119992,184993,6584,1,"1"
6231.0092224944883,184953,6624,3,"2-1"
6231.3217027589581,184889,6688,8,"3-1-1-1-1-1"
6237.9255394141856,184882,6695,1,"1"
6247.6238758749905,184821,6756,7,"4-3"
6249.3729364781566,184803,6774,2,"2"
6259.7273987529343,184775,6802,4,"2-1-1"
6268.7986448025349,184721,6856,4,"3-1"
6272.165227860246,184667,6910,3,"3"
6273.5462732541791,184644,6933,3,"2-1"
6273.6409453898332,184626,6951,1,"1"
6274.2771222232022,184613,6964,1,"1"
6275.4838674559114,184583,6994,2,"2"
6275.9185888932543,184565,7012,1,"1"
6277.7114082447179,184547,7030,1,"1"
6282.7453270965898,184523,7054,2,"2"
6291.1633411136072,184514,7063,1,"1"
6300.9907979963564,184496,7081,1,"1"
6310.8119435613644,184476,7101,2,"2"
6321.5640326034681,184430,7147,4,"3-1"
6327.1575173429719,184394,7183,3,"2-1"
6330.7402094108547,184385,7192,1,"1"
6331.3791845806463,184367,7210,1,"1"
6332.127756788952,184357,7220,1,"1"
6337.0090583541114,184331,7246,2,"2"
6347.4021204083201,184318,7259,1,"1"
6353.3685363223212,184282,7295,2,"2"
6372.0551100784051,184271,7306,1,"1"
6374.238912305319,184253,7324,1,"1"
6382.6754818485933,184243,7334,2,"1-1"
6391.2608064572369,184207,7370,2,"2"
6398.4226775040815,184197,7380,1,"1"
6407.182746611943,184187,7390,1,"1"
6408.9454031365376,184169,7408,1,"1"
6409.9558770782069,184127,7450,3,"3"
6421.1122724098786,184117,7460,2,"2"
6462.7776737971008,184085,7492,4,"3-1"
6483.4039061932608,184054,7523,3,"2-1"
6484.0473136930968,184018,7559,3,"2-1"
6485.4872623065185,184000,7577,1,"1"
6494.2282463325946,183982,7595,1,"1"
6498.959959748383,183920,7657,8,"2-1-1-1-1-1-1"
6499.7232818443445,183846,7731,10,"4-3-2-1"
6524.7639539626061,183828,7749,1,"1"
6525.7741035244999,183810,7767,1,"1"
6529.6544246712147,183792,7785,1,"1"
6538.5101875128576,183776,7801,1,"1"
6542.9133344198281,183758,7819,1,"1"
6545.5093186591112,183740,7837,1,"1"
6548.8823634737628,183722,7855,1,"1"
6549.0817965144288,183697,7880,3,"1-1-1"
6558.4024219401235,183661,7916,2,"2"
6560.9378640118166,183643,7934,1,"1"
6567.6267970911413,183625,7952,1,"1"
6571.0474759278886,183607,7970,1,"1"
6585.7918442393166,183600,7977,1,"1"
6586.0146960395987,183534,8043,8,"4-2-1-1"
6587.1894729999849,183529,8048,1,"1"
6606.8482980072658,183511,8066,1,"1"
6614.309774803457,183501,8076,1,"1"
6615.1481709406189,183483,8094,1,"1"
6642.6823841386122,183447,8130,2,"1-1"
6656.9155904240361,183429,8148,1,"1"
6658.6103101550088,183393,8184,2,"1-1"
6664.6336717336644,183375,8202,1,"1"
6684.3785601719828,183361,8216,1,"1"
6688.69850991776,183343,8234,2,"2"
6690.2764541423157,183307,8270,2,"1-1"
6701.3922704130737,183289,8288,1,"1"
6722.7091445606156,183251,8326,3,"2-1"
6723.4233269450242,183233,8344,1,"1"
6725.7005491253049,183215,8362,1,"1"
6725.819672693623,183165,8412,5,"2-2-1"
6743.384831761733,183152,8425,1,"1"
6745.1211463792597,183134,8443,1,"1"
6747.2979648745531,183127,8450,1,"1"
6767.185811876142,183109,8468,1,"1"
6781.0872879255594,183091,8486,1,"1"
6814.8767269681184,183073,8504,1,"1"
6819.2690493703985,183037,8540,2,"2"
6823.6963853221487,183019,8558,1,"1"
6827.6165666905299,183001,8576,1,"1"
6830.4782397192075,182991,8586,1,"1"
6842.5691481169451,182973,8604,1,"1"
6860.5121259509824,182962,8615,1,"1"
6862.6284356195856,182944,8633,1,"1"
6866.1132460744348,182830,8747,10,"3-1-1-1-1-1-1-1"
6866.6805416220141,182812,8765,1,"1"
6873.2251954000903,182636,8941,14,"4-3-3-2-1-1"
6875.4871738752108,182618,8959,1,"1"
6877.7727414886122,182600,8977,1,"1"
6887.1872058436884,182590,8987,1,"1"
6901.4184034719237,182572,9005,1,"1"
6909.8772554807947,182554,9023,1,"1"
6913.2182411746635,182525,9052,3,"3"
6924.2001917985008,182507,9070,1,"1"
6925.725321394505,182465,9112,4,"1-1-1-1"
6935.2934278294169,182447,9130,1,"1"
6935.6620814554062,182285,9292,9,"6-1-1-1"
6942.8599394913808,182267,9310,1,"1"
6946.6419404277358,182235,9342,4,"2-1-1"
6956.1057948799207,182217,9360,1,"1"
6956.5384954206484,182199,9378,1,"1"
6975.4782583285523,182181,9396,1,"1"
6976.2335456450728,182153,9424,2,"2"
6978.4460575588191,182095,9482,5,"3-2"
6990.3590996856392,182077,9500,1,"1"
6998.6550345801934,182059,9518,1,"1"
6999.8229074225255,182041,9536,1,"1"
7004.1074178350591,182023,9554,1,"1"
7007.2318969219859,182005,9572,1,"1"
7015.6366945398495,181969,9608,2,"1-1"
7021.0048546474482,181816,9761,16,"4-2-2-2-2-1-1-1-1"
7024.6587990765538,181798,9779,1,"1"
7034.0525394340484,181788,9789,1,"1"
7036.2714394678724,181770,9807,1,"1"
7036.5738097168269,181752,9825,1,"1"
7062.5524695821332,181734,9843,1,"1"
7063.0976818188192,181719,9858,1,"1"
7082.9483832538199,181673,9904,6,"3-1-1-1"
7094.3734929875709,181651,9926,2,"1-1"
7111.5271715756689,181633,9944,1,"1"
7113.661296440293,181615,9962,1,"1"
7120.3636422736945,181535,10042,6,"3-1-1-1"
7127.6715801512682,181517,10060,1,"1"
7130.2271427509941,181461,10116,6,"3-1-1-1"
7130.3058336632612,181443,10134,1,"1"
7131.8811191289851,181425,10152,1,"1"
7132.7525932742928,181320,10257,10,"6-2-1-1"
7137.5707926932682,181284,10293,2,"2"
7139.8316248320243,181272,10305,1,"1"
7146.5753672750616,181218,10359,3,"2-1"
7146.6305279803773,181149,10428,4,"2-2"
7155.5750357685765,181131,10446,1,"1"
7155.6213399937833,181113,10464,1,"1"
7157.600939184239,181095,10482,1,"1"
7157.6280423381813,181067,10510,2,"2"
7160.2674879383276,181006,10571,7,"4-1-1-1"
7171.4570064093605,180992,10585,1,"1"
7175.0171912084543,180973,10604,3,"3"
7181.981215952098,180959,10618,1,"1"
7192.484409799441,180867,10710,7,"3-2-1-1"
7208.8984474947838,180855,10722,1,"1"
7214.0539066656956,180837,10740,1,"1"
7221.7236046696835,180801,10776,2,"2"
7224.8239875967665,180778,10799,3,"1-1-1"
7226.7363305030294,180760,10817,1,"1"
7248.4040314436052,180737,10840,3,"3"
7264.5807777537984,180719,10858,1,"1"
7267.7670301758762,180701,10876,1,"1"
7276.1589347459003,180684,10893,1,"1"
7278.2823172844328,180668,10909,1,"1"
7295.6319602831909,180654,10923,1,"1"
7299.6538701033523,180618,10959,2,"2"
7299.8525681454284,180600,10977,1,"1"
7310.4772653559803,180582,10995,1,"1"
7315.0939222927682,180552,11025,3,"2-1"
7318.425934648666,180534,11043,1,"1"
7327.5867950280472,180516,11061,1,"1"
7340.5255051182903,180498,11079,1,"1"
7340.9824428948687,180480,11097,1,"1"
7349.0949344440905,180462,11115,1,"1"
7356.1727693204939,180444,11133,1,"1"
7356.2501675235853,180409,11168,2,"1-1"
7358.8950060676225,180397,11180,1,"1"
7363.054052580982,180379,11198,1,"1"
7367.5956988743274,180361,11216,1,"1"
7377.8267864681657,180343,11234,1,"1"
7380.299266498927,180319,11258,2,"2"
7381.9951400337332,180260,11317,7,"4-2-1"
7389.6223563423646,180206,11371,3,"3"
7431.2560224030094,180188,11389,1,"1"
7439.6560470383583,180157,11420,2,"1-1"
7442.6057996512,180139,11438,1,"1"
7443.0132673990847,180121,11456,1,"1"
7449.3350607427337,180085,11492,2,"2"
7462.8885484733401,180075,11502,1,"1"
7468.0137656828883,180057,11520,1,"1"
7470.6275869074252,180009,11568,4,"2-2"
7481.7650419856864,179991,11586,1,"1"
7495.321504344759,179973,11604,1,"1"
7501.0762409163099,179789,11788,17,"4-3-2-2-2-1-1-1-1"
7515.0681419370003,179445,12132,29,"5-4-3-3-1-1-1-1-1-1-1-1-1-1-1-1-1-1"
7520.7128773330915,179427,12150,1,"1"
7535.098886311248,179409,12168,1,"1"
7538.688087088085,179396,12181,1,"1"
7542.3776108586153,179378,12199,1,"1"
7549.8802506765614,179360,12217,1,"1"
7556.9979994661271,179355,12222,1,"1"
7558.3664859051814,179337,12240,1,"1"
7561.7157436581701,179319,12258,1,"1"
7578.5277286966102,179301,12276,1,"1"
7581.1422081877809,179283,12294,1,"1"
7591.4677965563869,179187,12390,7,"1-1-1-1-1-1-1"
7601.0219803133305,179176,12401,1,"1"
7601.0739109274537,179158,12419,1,"1"
7612.6311993743775,179140,12437,1,"1"
7633.8886485998946,179124,12453,1,"1"
7647.2877265685429,179088,12489,2,"2"
7647.5906428808566,179070,12507,1,"1"
7647.6114608743192,179052,12525,1,"1"
7651.4580159068137,179034,12543,1,"1"
7655.0569785581711,179016,12561,1,"1"
7676.7970357993754,178980,12597,2,"1-1"
7684.3894489609092,178971,12606,1,"1"
7694.4818381114974,178899,12678,4,"3-1"
7698.1894088423951,178863,12714,2,"1-1"
7701.9906239807297,178851,12726,1,"1"
7711.173091908282,178833,12744,1,"1"
7714.1356257130428,178824,12753,1,"1"
7730.890584446397,178806,12771,1,"1"
7734.2113797623115,178788,12789,1,"1"
7735.632650600096,178770,12807,1,"1"
7738.624764471022,178734,12843,2,"2"
7743.3801882756325,178721,12856,1,"1"
7746.6701591130422,178703,12874,1,"1"
7748.5546231270919,178649,12928,4,"3-1"
7753.7992293190291,178557,13020,7,"4-1-1-1"
7769.7590754329476,178539,13038,1,"1"
7782.8038745055856,178521,13056,1,"1"
7783.5746322726236,178427,13150,7,"2-1-1-1-1-1"
7794.9913509130984,0,191577,10071,"10071"
----------------------------------------------3
0,191577,0,0,"0"
109.64005193742371,191576,1,1,"1"
231.28897082937897,191558,19,1,"1"
251.50849106238701,191557,20,1,"1"
297.98212454984736,191556,21,1,"1"
307.35826942768472,191553,24,3,"3"
341.27294927443478,191535,42,1,"1"
420.39098288879126,191499,78,2,"1-1"
464.41755731607196,191498,79,1,"1"
486.41289216205371,191497,80,1,"1"
488.12271905746456,191479,98,1,"1"
496.66526615009479,191461,116,1,"1"
515.30248573944903,191460,117,1,"1"
567.14055853023297,191459,118,1,"1"
570.30941099737868,191456,121,1,"1"
573.15076988413136,191455,122,1,"1"
626.42524405166296,191453,124,2,"1-1"
644.66641068716467,191452,125,1,"1"
648.98836776027724,191451,126,1,"1"
670.14902882551155,191450,127,1,"1"
685.81976415900272,191449,128,1,"1"
700.60682934284864,191448,129,1,"1"
700.72763088550892,191447,130,1,"1"
710.65367765899884,191446,131,1,"1"
721.16814313505188,191428,149,1,"1"
728.8173672706157,191423,154,1,"1"
742.22785663270872,191421,156,2,"1-1"
759.36971507016392,191420,157,1,"1"
783.84715671715787,191419,158,1,"1"
807.5713953563419,191401,176,1,"1"
809.9375471732028,191400,177,1,"1"
840.65677044872825,191399,178,1,"1"
855.97272983720177,191381,196,1,"1"
863.33613339611406,191379,198,2,"1-1"
879.5924911244266,191378,199,1,"1"
880.58854552183061,191377,200,1,"1"
883.27188983778308,191376,201,1,"1"
956.38511990715494,191375,202,1,"1"
963.67345811560449,191374,203,1,"1"
976.32974504765173,191356,221,1,"1"
983.95690758241096,191353,224,3,"3"
1045.2780055403116,191351,226,2,"2"
1054.3565575401256,191344,233,1,"1"
1077.8953692931143,191341,236,1,"1"
1089.4236951119069,191340,237,1,"1"
1107.9234717166235,191339,238,1,"1"
1131.5080960929411,191338,239,1,"1"
1150.4706894994913,191335,242,1,"1"
1152.9936981279752,191332,245,1,"1"
1156.1710204396802,191329,248,1,"1"
1161.5490613115101,191318,259,1,"1"
1167.8774793381713,191315,262,1,"1"
1197.1562800620816,191309,268,2,"2"
1217.1660531471716,191307,270,2,"2"
1222.7054225477757,191306,271,1,"1"
1245.1598902294973,191305,272,1,"1"
1259.2517910694992,191304,273,1,"1"
1261.8676116092117,191303,274,1,"1"
1277.0232366521141,191302,275,1,"1"
1280.5422425323916,191301,276,1,"1"
1282.7808044343842,191300,277,1,"1"
1296.6188525838031,191299,278,1,"1"
1297.1027638696862,191296,281,1,"1"
1344.30410909888,191295,282,1,"1"
1361.4935337324671,191294,283,1,"1"
1384.1348332524055,191276,301,1,"1"
1385.1783945389075,191258,319,1,"1"
1392.6013412309862,191257,320,1,"1"
1393.8836435511996,191256,321,1,"1"
1404.0618581078161,191255,322,1,"1"
1406.0644429785632,191252,325,3,"2-1"
1449.5387108829975,191247,330,1,"1"
1488.4469532333203,191246,331,1,"1"
1520.0689284250013,191243,334,1,"1"
1532.6628787134284,191242,335,1,"1"
1534.0813137514901,191224,353,1,"1"
1538.2189869750155,191214,363,1,"1"
1545.3952219894704,191207,370,1,"1"
1547.0798227473024,191204,373,3,"2-1"
1547.4272801216216,191203,374,1,"1"
1562.2687251763539,191202,375,1,"1"
1569.9581773752636,191190,387,1,"1"
1570.9482567861126,191186,391,4,"2-2"
1573.8120592379844,191185,392,1,"1"
1575.9100276709758,191184,393,1,"1"
1580.1966620514586,191166,411,1,"1"
1583.6927663510435,191160,417,2,"1-1"
1586.0433224478491,191158,419,2,"2"
1642.0508479621783,191140,437,1,"1"
1653.6605561771671,191139,438,1,"1"
1657.7704079260652,191132,445,1,"1"
1677.3181409234624,191131,446,1,"1"
1683.6187502811408,191127,450,2,"1-1"
1703.0814855831534,191120,457,3,"2-1"
1726.3741576294724,191117,460,1,"1"
1732.5042119474981,191116,461,1,"1"
1754.7637698475537,191114,463,2,"2"
1770.8955337584387,191096,481,1,"1"
1771.6404459062062,191095,482,1,"1"
1778.4462579714941,191094,483,1,"1"
1781.6268034217933,191093,484,1,"1"
1843.0483406978481,191087,490,2,"2"
1871.0757798979175,191072,505,1,"1"
1880.5784935244724,191069,508,1,"1"
1923.9316361097003,191055,522,1,"1"
1932.6374224297224,191037,540,1,"1"
1955.3228237085762,191035,542,2,"2"
1968.5750436419767,191032,545,1,"1"
1978.6795766350756,191031,546,1,"1"
1986.5079343745233,191013,564,1,"1"
1987.8731260582897,190995,582,1,"1"
2007.5307312110824,190988,589,1,"1"
2012.762996284968,190985,592,1,"1"
2027.7998027200911,190967,610,1,"1"
2052.0529128264825,190949,628,1,"1"
2058.3766640628469,190948,629,1,"1"
2063.951499584105,190938,639,1,"1"
2069.7322234458434,190934,643,4,"3-1"
2087.6854029146693,190931,646,1,"1"
2098.2735795597378,190913,664,1,"1"
2104.8138304154891,190895,682,1,"1"
2117.3878805105164,190877,700,1,"1"
2118.1822781934279,190876,701,1,"1"
2120.3810102501861,190875,702,1,"1"
2125.6253223023468,190870,707,1,"1"
2138.2962287785872,190868,709,2,"2"
2139.0009196716005,190867,710,1,"1"
2144.5185076223834,190849,728,1,"1"
2154.2963393055988,190848,729,1,"1"
2199.9985438567041,190830,747,1,"1"
2213.1849265841188,190794,783,2,"2"
2214.42963233716,190791,786,1,"1"
2248.7318812759172,190788,789,1,"1"
2249.1173465540292,190787,790,1,"1"
2253.6668427238915,190769,808,1,"1"
2267.2527171330275,190751,826,1,"1"
2273.1319866015947,190733,844,1,"1"
2273.3329200398257,190715,862,1,"1"
2275.2752570311641,190697,880,1,"1"
2282.9412037737193,190688,889,1,"1"
2284.1995830413439,190683,894,1,"1"
2327.5246064487937,190682,895,1,"1"
2329.4673698651927,190672,905,1,"1"
2332.2927700251425,190654,923,1,"1"
2341.8158508927049,190636,941,1,"1"
2356.3622058141609,190626,951,1,"1"
2366.5811783447157,190608,969,1,"1"
2380.716858304891,190590,987,1,"1"
2382.5893226706348,190589,988,1,"1"
2389.1993530859504,190571,1006,1,"1"
2398.9201292101557,190568,1009,1,"1"
2418.8386896337879,190550,1027,1,"1"
2428.3949712711847,190532,1045,1,"1"
2428.689999446176,190514,1063,1,"1"
2432.6450170270591,190513,1064,1,"1"
2437.1833957315898,190512,1065,1,"1"
2465.9926615037671,190511,1066,1,"1"
2482.1065875107165,190509,1068,2,"2"
2483.4489253551569,190499,1078,1,"1"
2486.8963716190169,190498,1079,1,"1"
2508.0168382518032,190489,1088,1,"1"
2540.9243925400165,190471,1106,1,"1"
2555.1622516212228,190466,1111,1,"1"
2568.3859966779301,190448,1129,1,"1"
2582.8047159242992,190432,1145,1,"1"
2599.1508504467733,190427,1150,1,"1"
2613.8513008398859,190424,1153,1,"1"
2624.3600621436885,190421,1156,1,"1"
2626.3719374481179,190418,1159,1,"1"
2641.2534539782919,190408,1169,1,"1"
2655.0659887704937,190390,1187,1,"1"
2671.7076154413407,190372,1205,1,"1"
2688.0268938917584,190360,1217,1,"1"
2690.8481816695949,190355,1222,1,"1"
2693.941683173563,190337,1240,1,"1"
2716.2395052636471,190319,1258,1,"1"
2719.3765835125923,190318,1259,1,"1"
2722.1920154511818,190300,1277,1,"1"
2760.7347106309471,190282,1295,1,"1"
2762.2238653020172,190272,1305,1,"1"
2797.1081195116813,190248,1329,2,"2"
2800.9745531332414,190230,1347,1,"1"
2821.5831174065806,190223,1354,1,"1"
2841.2194245460082,190220,1357,1,"1"
2841.8378517925748,190202,1375,1,"1"
2848.5525036875151,190184,1393,1,"1"
2874.6351843378425,190166,1411,1,"1"
2874.7557558598378,190148,1429,2,"2"
2902.2351094537939,190145,1432,1,"1"
2922.2439986316804,190127,1450,1,"1"
2939.8017327967527,190110,1467,1,"1"
2960.9037629946838,190092,1485,1,"1"
2968.1187377508031,190074,1503,1,"1"
3003.8579927651263,190068,1509,2,"2"
3021.3157302793416,190050,1527,1,"1"
3033.709395127044,190032,1545,1,"1"
3034.0212835398233,190029,1548,1,"1"
3034.1556573573512,190024,1553,1,"1"
3050.096202617618,190006,1571,1,"1"
3055.4347267286762,189988,1589,1,"1"
3082.7960239552758,189880,1697,6,"4-2"
3090.7952851710684,189852,1725,3,"2-1"
3104.6760956016487,189842,1735,2,"1-1"
3130.4927367922101,189792,1785,3,"3"
3139.6059573216835,189774,1803,1,"1"
3139.9973108703439,189756,1821,1,"1"
3145.074383344675,189751,1826,1,"1"
3154.3732808401051,189736,1841,3,"2-1"
3183.8220443782106,189729,1848,3,"2-1"
3219.6758978117036,189726,1851,1,"1"
3226.5491340838839,189723,1854,1,"1"
3241.9968986245572,189705,1872,1,"1"
3254.8828881089657,189687,1890,1,"1"
3261.8881181619331,189684,1893,1,"1"
3271.441123473955,189666,1911,1,"1"
3277.8244631408306,189648,1929,1,"1"
3279.2317246088633,189630,1947,1,"1"
3307.1584404260716,189627,1950,1,"1"
3313.6422590192992,189609,1968,1,"1"
3326.903594391651,189604,1973,1,"1"
3338.408506615971,189599,1978,1,"1"
3362.3034820068092,189593,1984,2,"1-1"
3370.4452027165898,189590,1987,1,"1"
3381.8940753458855,189576,2001,1,"1"
3391.9124263375561,189571,2006,1,"1"
3457.6035542032146,189568,2009,1,"1"
3472.6329378609576,189549,2028,5,"4-1"
3476.1599600703512,189531,2046,1,"1"
3483.9221400631154,189513,2064,1,"1"
3503.7576594078159,189508,2069,1,"1"
3529.3091443181224,189490,2087,1,"1"
3549.2213479087536,189472,2105,1,"1"
3552.8264902838046,189382,2195,5,"2-2-1"
3562.2143365128554,189377,2200,1,"1"
3570.3704732783549,189359,2218,1,"1"
3581.6355987398283,189345,2232,1,"1"
3582.4350183348974,189336,2241,3,"2-1"
3586.3945840829319,189318,2259,1,"1"
3596.8213730192306,189312,2265,2,"1-1"
3661.6804372194861,189294,2283,1,"1"
3670.7702473051349,189284,2293,1,"1"
3679.994718862893,189266,2311,1,"1"
3692.9311516013336,189260,2317,2,"2"
3697.1087312282298,189242,2335,1,"1"
3707.1976449488338,189230,2347,2,"1-1"
3736.1698336791474,189227,2350,1,"1"
3736.7644253848539,189209,2368,1,"1"
3743.9899657133583,189191,2386,1,"1"
3745.8274658586024,189173,2404,1,"1"
3756.0315707166915,189155,2422,1,"1"
3778.8247703388702,189142,2435,1,"1"
3794.4652146443418,189124,2453,1,"1"
3794.9048687173477,189119,2458,1,"1"
3839.9699208666734,189101,2476,1,"1"
3868.3467762830105,189074,2503,3,"3"
3879.1439793845425,189058,2519,1,"1"
3884.6223177340576,189040,2537,1,"1"
3890.4699260972334,189022,2555,1,"1"
3891.0826165901076,189004,2573,1,"1"
3898.9009672886627,188988,2589,1,"1"
3911.5792996826863,188972,2605,1,"1"
3914.8571717982904,188954,2623,1,"1"
3915.2643233061649,188936,2641,1,"1"
3918.3285066046706,188918,2659,1,"1"
3918.3333954149316,188913,2664,1,"1"
3929.0406242663325,188895,2682,1,"1"
3938.0196225311515,188885,2692,2,"2"
3946.9049319243245,188882,2695,1,"1"
3955.936475235439,188879,2698,1,"1"
3989.1464686972731,188861,2716,1,"1"
4004.1557364220671,188851,2726,1,"1"
4006.4475464263073,188834,2743,1,"1"
4007.8287427911878,188816,2761,1,"1"
4009.7371725441067,188798,2779,1,"1"
4015.5375612779667,188780,2797,1,"1"
4022.8254835838275,188762,2815,1,"1"
4023.4077200370612,188744,2833,1,"1"
4026.0471028151683,188726,2851,1,"1"
4035.7943497879646,188708,2869,1,"1"
4038.8334163454665,188697,2880,1,"1"
4042.86171031609,188687,2890,2,"2"
4068.6214260010775,188669,2908,1,"1"
4070.019258847557,188651,2926,1,"1"
4078.8049315088074,188648,2929,1,"1"
4078.8712354047489,188643,2934,1,"1"
4143.8260378385121,188625,2952,1,"1"
4164.747332910757,188607,2970,1,"1"
4224.0292764754167,188589,2988,1,"1"
4235.2864651647005,188559,3018,6,"2-2-2"
4262.6364072914348,188545,3032,1,"1"
4275.920695796146,188527,3050,1,"1"
4297.2977485826696,188509,3068,1,"1"
4315.7224233581255,188491,3086,1,"1"
4375.5623733717712,188437,3140,14,"8-3-1-1-1"
4388.0626368953299,188403,3174,3,"2-1"
4396.5447442293316,188398,3179,1,"1"
4399.4611327669345,188380,3197,1,"1"
4399.6750083656498,188362,3215,1,"1"
4422.7343063906346,188344,3233,1,"1"
4423.3486553075081,188326,3251,1,"1"
4437.3544670927286,188308,3269,1,"1"
4446.1386103705554,188290,3287,1,"1"
4449.7157336893079,188272,3305,1,"1"
4460.2513175884906,188236,3341,2,"2"
4474.9572602949038,188218,3359,1,"1"
4475.5739808459384,188215,3362,1,"1"
4480.6303840251385,188197,3380,1,"1"
4485.4309836025022,188187,3390,2,"2"
4488.4962474468375,188151,3426,2,"2"
4491.5644557887235,188133,3444,1,"1"
4495.5830234919058,188115,3462,1,"1"
4501.9138905215486,188079,3498,2,"1-1"
4504.6596348187641,188061,3516,1,"1"
4529.7449167739924,188043,3534,1,"1"
4534.4165354183597,188025,3552,1,"1"
4542.523979650211,188007,3570,1,"1"
4545.1690889594902,187992,3585,3,"3"
4546.4607876427817,187981,3596,1,"1"
4557.8162320195688,187967,3610,2,"2"
4558.5772565109946,187949,3628,1,"1"
4565.2996600053148,187939,3638,2,"1-1"
4578.6148478456407,187933,3644,2,"1-1"
4597.0919593322096,187922,3655,1,"1"
4599.7607294535619,187904,3673,1,"1"
4603.1328749436861,187894,3683,2,"2"
4609.1646506567768,187876,3701,1,"1"
4632.8833302395642,187866,3711,1,"1"
4633.0680249858997,187848,3729,1,"1"
4640.7195059828755,187833,3744,3,"3"
4649.1138298546166,187815,3762,1,"1"
4652.6953757481806,187810,3767,1,"1"
4653.4547186121126,187792,3785,1,"1"
4666.5307814433645,187774,3803,1,"1"
4694.5334863343396,187756,3821,1,"1"
4696.0179183622358,187738,3839,1,"1"
4699.1723810618441,187670,3907,6,"3-2-1"
4712.360529222532,187658,3919,1,"1"
4715.7165444299617,187640,3937,1,"1"
4734.346626496952,187622,3955,1,"1"
4737.6179220241338,187604,3973,1,"1"
4748.4958860800398,187590,3987,2,"1-1"
4754.8905551631478,187578,3999,2,"1-1"
4762.3009014230283,187556,4021,4,"3-1"
4774.3381958575919,187547,4030,1,"1"
4779.1390299619625,187535,4042,1,"1"
4788.3811120833052,187532,4045,1,"1"
4790.0364149409734,187514,4063,1,"1"
4790.3309689647022,187497,4080,3,"3"
4817.9139090375329,187479,4098,1,"1"
4818.8323704871618,187476,4101,1,"1"
4839.7073957063039,187458,4119,1,"1"
4855.8832079741096,187446,4131,1,"1"
4857.3414888226216,187428,4149,1,"1"
4857.5354088093627,187410,4167,1,"1"
4871.2805489446901,187392,4185,1,"1"
4882.8584409562636,187375,4202,1,"1"
4893.2861312122295,187357,4220,1,"1"
4893.6856968883776,187350,4227,1,"1"
4895.163440901747,187332,4245,1,"1"
4903.8867840053144,187316,4261,1,"1"
4913.3899750008004,187298,4279,1,"1"
4917.1677320087174,187293,4284,1,"1"
4921.6424268878845,187287,4290,2,"2"
4948.4108574951251,187269,4308,1,"1"
4962.1658791861846,187251,4326,1,"1"
4964.1951114954127,187233,4344,1,"1"
4967.067928329363,187227,4350,2,"2"
4967.3322595268728,187173,4404,3,"2-1"
4998.7230684448514,187163,4414,1,"1"
5006.0981651541524,187141,4436,2,"2"
5009.9168611828673,187127,4450,2,"2"
5010.1355741550451,187117,4460,1,"1"
5016.0220421076838,187107,4470,1,"1"
5017.1993403248689,187089,4488,1,"1"
5020.5569572158729,187084,4493,1,"1"
5042.4872244327153,187074,4503,2,"2"
5042.9198524457415,187038,4539,2,"2"
5054.8555246142851,187020,4557,1,"1"
5055.8424591916009,187006,4571,1,"1"
5072.5746209923873,186999,4578,1,"1"
5074.0259519803994,186990,4587,1,"1"
5074.3513379217075,186980,4597,2,"2"
5082.3278412750715,186973,4604,1,"1"
5084.5581575852975,186963,4614,1,"1"
5099.8467510184664,186948,4629,3,"3"
5107.8204502283907,186943,4634,1,"1"
5108.4319834281741,186931,4646,2,"2"
5147.1378820697801,186928,4649,1,"1"
5149.5033428704191,186910,4667,1,"1"
5178.2306969887313,186892,4685,1,"1"
5182.2008013119012,186856,4721,2,"2"
5190.3730270677061,186802,4775,3,"1-1-1"
5196.1451033140702,186784,4793,1,"1"
5196.9659656944905,186760,4817,2,"2"
5206.7906790525894,186748,4829,4,"4"
5210.7547126670825,186730,4847,1,"1"
5214.2467828616427,186712,4865,1,"1"
5220.34620115285,186702,4875,1,"1"
5222.9889411788727,186666,4911,2,"2"
5237.8842495454082,186648,4929,1,"1"
5247.2935622635205,186603,4974,7,"4-2-1"
5250.5169707542836,186585,4992,1,"1"
5293.8927648809313,186567,5010,1,"1"
5301.7480916679733,186549,5028,1,"1"
5312.4841940237193,186531,5046,1,"1"
5317.3133276491708,186507,5070,2,"2"
5324.3513776800382,186495,5082,1,"1"
5350.6138865826997,186479,5098,1,"1"
5354.9614720781756,186449,5128,2,"1-1"
5360.7234013961197,186435,5142,2,"2"
5367.572895807124,186432,5145,1,"1"
5372.5241748481239,186427,5150,1,"1"
5385.0264014774284,186409,5168,1,"1"
5410.3559318632779,186404,5173,1,"1"
5423.9819736799755,186396,5181,2,"1-1"
5424.8956186386404,186372,5205,4,"2-1-1"
5462.8853452721414,186354,5223,1,"1"
5467.7332179025316,186349,5228,1,"1"
5471.2196257165097,186331,5246,1,"1"
5472.971315582824,186321,5256,2,"2"
5485.5745623269677,186310,5267,1,"1"
5508.2190782534135,186305,5272,1,"1"
5512.8038379466489,186287,5290,1,"1"
5517.1088539420762,186277,5300,1,"1"
5527.8158583810018,186272,5305,1,"1"
5535.8484870461389,186263,5314,1,"1"
5547.3652186680101,186245,5332,1,"1"
5557.8542425502346,186227,5350,1,"1"
5562.5571896828978,186209,5368,1,"1"
5578.7142811324193,186190,5387,3,"2-1"
5591.5448704265173,186172,5405,1,"1"
5609.8176080958492,186163,5414,1,"1"
5645.8641908484824,186145,5432,1,"1"
5645.8645623845159,186127,5450,1,"1"
5646.703734813651,186109,5468,1,"1"
5648.8974326567923,186091,5486,1,"1"
5650.7620148268488,186086,5491,1,"1"
5666.1183191525706,186068,5509,1,"1"
5667.9411568392943,186063,5514,1,"1"
5669.496972921821,186060,5517,1,"1"
5677.8319876084352,186042,5535,1,"1"
5680.6621423720544,186024,5553,1,"1"
5683.9557558768638,186006,5571,1,"1"
5686.4592223035688,185988,5589,1,"1"
5695.5913931320183,185978,5599,1,"1"
5698.0528570937022,185944,5633,2,"2"
5700.4924109363683,185929,5648,1,"1"
5704.0562624226204,185911,5666,1,"1"
5713.5358034805904,185893,5684,1,"1"
5730.2383224430596,185841,5736,5,"2-1-1-1"
5730.2642701002314,185823,5754,1,"1"
5734.0874048387204,185795,5782,2,"2"
5737.8352412557633,185783,5794,1,"1"
5741.8359819139305,185767,5810,1,"1"
5747.6343848630841,185749,5828,1,"1"
5754.2976654137365,185731,5846,1,"1"
5775.6424985729955,185713,5864,1,"1"
5778.4352050215912,185677,5900,2,"2"
5785.2851599879486,185659,5918,1,"1"
5790.1824831432868,185641,5936,1,"1"
5793.5164839454483,185630,5947,1,"1"
5799.8276360160744,185614,5963,2,"2"
5812.3890542726549,185588,5989,2,"2"
5815.8311557694251,185570,6007,1,"1"
5821.930129846196,185552,6025,1,"1"
5824.5161022902812,185534,6043,1,"1"
5852.3070790476913,185516,6061,1,"1"
5853.7651355123144,185502,6075,1,"1"
5855.3949831346436,185496,6081,2,"2"
5862.4969039549114,185473,6104,3,"2-1"
5863.9234753436722,185445,6132,2,"2"
5870.7156261060109,185427,6150,1,"1"
5875.627126383727,185409,6168,1,"1"
5879.4222124966054,185391,6186,1,"1"
5879.7200997402424,185352,6225,3,"2-1"
5888.0750554940842,185345,6232,1,"1"
5893.6765977232544,185332,6245,1,"1"
5894.5372848165634,185305,6272,3,"2-1"
5905.3688180346453,185287,6290,1,"1"
5911.4314325274381,185269,6308,1,"1"
5916.7875272140318,185251,6326,1,"1"
5917.0851573093769,185233,6344,1,"1"
5922.464585367361,185215,6362,1,"1"
5930.9870421546939,185205,6372,2,"2"
5931.8410950824227,185187,6390,1,"1"
5947.4500393696262,185169,6408,1,"1"
5948.7525877342405,185159,6418,1,"1"
5953.7226052248134,185141,6436,1,"1"
5961.790018997237,185130,6447,1,"1"
5963.2360635128925,185094,6483,2,"2"
5966.964094393189,185076,6501,1,"1"
5996.9029984812205,185063,6514,1,"1"
6009.9524726456684,185045,6532,1,"1"
6010.8586840964181,185027,6550,1,"1"
6041.9763817520079,185009,6568,1,"1"
6043.28433327942,184991,6586,1,"1"
6048.5482208190688,184973,6604,1,"1"
6052.2306619379879,184968,6609,1,"1"
6058.3257908159039,184950,6627,1,"1"
6081.4710776490601,184932,6645,1,"1"
6083.2511897924251,184896,6681,2,"1-1"
6084.3002649467917,184861,6716,2,"2"
6085.6914676727056,184843,6734,1,"1"
6091.3514973125875,184811,6766,2,"2"
6092.0541446887655,184802,6775,1,"1"
6099.8922221577232,184784,6793,1,"1"
6112.2981037012541,184766,6811,1,"1"
6113.442101403456,184748,6829,1,"1"
6122.2905075479621,184712,6865,2,"1-1"
6131.2378708365186,184707,6870,1,"1"
6143.1832224543896,184689,6888,1,"1"
6147.1685285784961,184682,6895,1,"1"
6152.4926509467523,184664,6913,1,"1"
6160.851438804435,184646,6931,1,"1"
6171.044233352618,184631,6946,1,"1"
6173.6175948700293,184626,6951,1,"1"
6176.0102154221386,184608,6969,1,"1"
6176.395141823913,184590,6987,1,"1"
6186.4146602488581,184556,7021,3,"2-1"
6192.960512811992,184551,7026,1,"1"
6229.1264889524691,184540,7037,1,"1"
6239.9482639361177,184504,7073,3,"3"
6247.8200352733065,184486,7091,1,"1"
6249.628629348329,184479,7098,1,"1"
6253.0814878424981,184426,7151,9,"3-3-2-1"
6253.1159820593421,184408,7169,2,"2"
6262.3758711942473,184387,7190,3,"2-1"
6281.8011169247711,184369,7208,1,"1"
6295.6395065091947,184364,7213,1,"1"
6305.8266036542527,184328,7249,2,"2"
6306.9167506295043,184256,7321,4,"3-1"
6307.00357413847,184238,7339,1,"1"
6313.0218224074697,184220,7357,1,"1"
6326.7860753501191,184208,7369,1,"1"
6338.1772170606619,184190,7387,1,"1"
6342.9670561709618,184172,7405,1,"1"
6347.9096301175196,184167,7410,1,"1"
6349.1520981971735,184160,7417,1,"1"
6355.9916058793397,184130,7447,2,"2"
6363.7206018103998,184108,7469,2,"2"
6372.3481622740856,184098,7479,1,"1"
6374.5810210267646,184080,7497,1,"1"
6378.8046907841663,184062,7515,1,"1"
6400.6759437447881,184052,7525,1,"1"
6402.0578158460676,183976,7601,10,"2-2-1-1-1-1-1-1"
6428.7695627084759,183958,7619,1,"1"
6429.7895609540155,183893,7684,9,"5-2-1-1"
6458.7842526833556,183873,7704,2,"2"
6459.5655096583196,183855,7722,1,"1"
6473.7104434399726,183837,7740,1,"1"
6475.0917174004744,183789,7788,4,"2-2"
6478.1131109074931,183755,7822,2,"2"
6484.4643226908129,183737,7840,1,"1"
6489.8152379935345,183726,7851,1,"1"
6492.9871924500794,183708,7869,1,"1"
6498.8897801354588,183672,7905,2,"1-1"
6501.4517081758895,183658,7919,1,"1"
6504.3384841989464,183640,7937,1,"1"
6504.8565853567325,183622,7955,1,"1"
6505.4359211985229,183604,7973,1,"1"
6516.7336530524817,183586,7991,1,"1"
6521.8542910379483,183568,8009,1,"1"
6548.1630480853328,183525,8052,5,"3-2"
6556.0331023312174,183516,8061,1,"1"
6558.3723970619512,183498,8079,1,"1"
6558.4099195823519,183462,8115,2,"2"
6573.0579439115418,183444,8133,1,"1"
6575.51761608586,183426,8151,1,"1"
6584.8353966457289,183408,8169,1,"1"
6591.3818776529852,183372,8205,2,"1-1"
6591.5353533304487,183341,8236,3,"2-1"
6606.7552315036728,183323,8254,1,"1"
6631.8648104985405,183305,8272,1,"1"
6640.4359597154535,183251,8326,3,"3"
6646.6171877543202,183231,8346,2,"2"
6656.0849913919747,183221,8356,1,"1"
6668.3434424397465,183189,8388,2,"2"
6668.3924467181178,183179,8398,1,"1"
6672.3620433733558,183160,8417,3,"2-1"
6681.8140346218925,183146,8431,1,"1"
6682.0699437201256,183128,8449,1,"1"
6684.2999953887729,183116,8461,1,"1"
6702.5960581490599,183003,8574,7,"3-3-1"
6715.4509539636583,182966,8611,3,"3"
6729.4402937122341,182946,8631,2,"2"
6734.4715856767252,182928,8649,1,"1"
6752.1843347722224,182910,8667,1,"1"
6760.8076137739454,182892,8685,1,"1"
6763.2260774502074,182874,8703,1,"1"
6765.0363370074801,182838,8739,4,"3-1"
6772.3860681789174,182820,8757,1,"1"
6774.6654827400807,182802,8775,1,"1"
6776.1235821897153,182784,8793,1,"1"
6778.8951847558801,182766,8811,1,"1"
6782.4321868251245,182748,8829,1,"1"
6786.9049515291545,182730,8847,1,"1"
6795.0477579423878,182712,8865,1,"1"
6802.4541546102,182694,8883,1,"1"
6805.0663207209582,182676,8901,1,"1"
6810.279308985324,182658,8919,1,"1"
6815.3874812614577,182644,8933,1,"1"
6823.8179176447147,182626,8951,1,"1"
6842.1588152407794,182566,9011,6,"4-1-1"
6846.8211924832358,182548,9029,1,"1"
6849.2542283566818,182538,9039,1,"1"
6852.1706382595003,182520,9057,1,"1"
6854.6139358995588,182502,9075,1,"1"
6856.9074358157932,182430,9147,6,"3-2-1"
6858.7364993543797,182412,9165,1,"1"
6870.982070987292,182394,9183,1,"1"
6876.4897933754319,182364,9213,2,"1-1"
6881.5429219335147,182346,9231,1,"1"
6885.7759209794549,182328,9249,1,"1"
6885.9941289981598,182310,9267,1,"1"
6891.6768055228813,182301,9276,1,"1"
6900.3842803855905,182253,9324,3,"3"
6918.1285744794704,182244,9333,1,"1"
6919.5460282748445,182231,9346,1,"1"
6927.8788181610389,182213,9364,1,"1"
6928.5936499786558,182195,9382,1,"1"
6937.0782446568837,182177,9400,1,"1"
6938.6844709059287,182159,9418,1,"1"
6941.4774529725983,182089,9488,6,"5-1"
6960.4816384117603,182071,9506,1,"1"
6963.4334093558464,182062,9515,1,"1"
6971.3799063979304,181968,9609,8,"3-3-1-1"
6975.8313644283962,181961,9616,1,"1"
6977.027689918662,181949,9628,1,"1"
6983.7356915615128,181916,9661,5,"2-2-1"
6994.8131794821984,181832,9745,6,"3-2-1"
7003.4732012753675,181816,9761,1,"1"
7016.6740185224708,181798,9779,1,"1"
7016.8585442756366,181780,9797,1,"1"
7017.6852530998267,181762,9815,1,"1"
7041.6258891783991,181726,9851,2,"1-1"
7048.2860857870364,181690,9887,2,"2"
7053.903145715597,181683,9894,1,"1"
7059.982612763768,181678,9899,1,"1"
7066.1383720481244,181660,9917,1,"1"
7074.0889448749531,181642,9935,1,"1"
7082.0688762030632,181589,9988,5,"3-2"
7084.3758421022412,181571,10006,1,"1"
7094.0288182756767,181553,10024,1,"1"
7095.4305499747652,181544,10033,1,"1"
7104.9596136711207,181527,10050,1,"1"
7108.2204901521027,181509,10068,1,"1"
7109.5625527935745,181491,10086,1,"1"
7120.3066503514028,181362,10215,14,"5-2-2-2-2-1"
7123.2754359477967,181344,10233,1,"1"
7135.2371296890797,181331,10246,1,"1"
7135.2905271061454,181313,10264,1,"1"
7136.3368336865287,181295,10282,1,"1"
7136.8370906160162,181277,10300,1,"1"
7137.8451932892131,181223,10354,3,"1-1-1"
7150.4960493595891,181205,10372,1,"1"
7160.5297135282935,181194,10383,1,"1"
7171.9790180478785,181136,10441,5,"4-1"
7173.6603948135044,181109,10468,2,"1-1"
7175.0362525439587,181091,10486,1,"1"
7188.3306704644428,181080,10497,1,"1"
7197.7240298821371,181062,10515,1,"1"
7207.0615000767111,181019,10558,7,"7"
7211.1934121517661,181001,10576,1,"1"
7237.6006934542665,180983,10594,1,"1"
7242.3134912743899,180927,10650,4,"2-2"
7242.400157904357,180909,10668,1,"1"
7256.9477849860587,180891,10686,1,"1"
7257.2989577954504,180855,10722,2,"2"
7257.8670211022109,180840,10737,1,"1"
7263.6913600323915,180830,10747,1,"1"
7265.9714409560956,180812,10765,1,"1"
7267.9381986906064,180794,10783,1,"1"
7271.5415016270636,180726,10851,5,"3-1-1"
7274.00817146181,180701,10876,3,"3"
7283.5505311790657,180652,10925,5,"4-1"
7285.2557341778975,180610,10967,3,"2-1"
7288.1263004428156,180592,10985,1,"1"
7292.2347215363652,180574,11003,1,"1"
7299.9856051585166,180556,11021,1,"1"
7306.207797244816,180538,11039,1,"1"
7310.807930622228,180520,11057,1,"1"
7320.8018965482088,180502,11075,1,"1"
7322.6821629662236,180452,11125,4,"2-2"
7346.6436039562323,180083,11494,37,"10-4-3-3-2-2-2-1-1-1-1-1-1-1-1-1-1-1"
7349.3602836237214,180019,11558,6,"3-2-1"
7354.0102440159108,180001,11576,1,"1"
7365.0126132207688,179983,11594,1,"1"
7379.3439471708889,179893,11684,5,"5"
7390.7037329728,179875,11702,1,"1"
7393.0255628620534,179857,11720,1,"1"
7404.4774665228533,179850,11727,1,"1"
7405.308009458292,179832,11745,1,"1"
7407.1422923443542,179814,11763,1,"1"
7412.6083714365732,179796,11781,1,"1"
7416.3370135679179,179778,11799,1,"1"
7416.3538649868597,179746,11831,2,"2"
7418.9401206997127,179728,11849,1,"1"
7436.7279775628022,179712,11865,1,"1"
7444.4665034320487,179569,12008,16,"4-3-2-2-2-1-1-1"
7447.266442401009,179551,12026,1,"1"
7447.5887486859756,179498,12079,7,"4-1-1-1"
7457.0599038843602,179462,12115,2,"2"
7461.3566669261572,179444,12133,1,"1"
7461.9371145909727,179426,12151,1,"1"
7464.7051974735041,179408,12169,1,"1"
7468.5507234718862,179390,12187,1,"1"
7471.8085852766289,179378,12199,1,"1"
7472.2996025059538,179126,12451,14,"14"
7487.7903741387936,179108,12469,1,"1"
7491.4597843183974,179090,12487,1,"1"
7498.2584005303952,178736,12841,33,"5-5-3-2-2-2-2-2-2-2-1-1-1-1-1-1"
7500.8833634551975,178685,12892,4,"2-1-1"
7514.6738012916358,178667,12910,1,"1"
7526.3073136715648,178621,12956,3,"1-1-1"
7526.7746560881287,178563,13014,4,"2-2"
7527.2808051851725,178545,13032,1,"1"
7560.7986295611854,178509,13068,2,"2"
7562.0617510962111,178491,13086,1,"1"
7563.3131885159755,178451,13126,3,"2-1"
7565.2977349088342,178444,13133,1,"1"
7570.8107181462974,178390,13187,3,"2-1"
7585.2789004570977,178354,13223,2,"1-1"
7595.1313833929316,177236,14341,88,"9-7-7-4-4-4-3-3-3-2-2-2-2-2-2-2-2-1-1-1-1-1-1-1-1-1-1-1-1-1-1-1-1-1-1-1-1-1-1-1-1-1-1-1-1"
7610.5682175037164,177218,14359,1,"1"
7626.4512471850148,177182,14395,2,"2"
7627.078852581004,177164,14413,1,"1"
7628.0245567769643,177146,14431,2,"2"
7636.2398290318806,177110,14467,2,"2"
7637.0450288294569,177059,14518,4,"1-1-1-1"
7638.6662999585815,177041,14536,1,"1"
7639.6636078704632,177034,14543,1,"1"
7640.0095544526575,177016,14561,1,"1"
7644.8344291855501,176962,14615,3,"2-1"
7648.7257698522626,176944,14633,1,"1"
7655.8051493680905,176926,14651,1,"1"
7660.7780294977547,176908,14669,1,"1"
7673.3449287515541,176758,14819,11,"3-2-2-2-1-1"
7675.0540588428212,176740,14837,1,"1"
7680.7635894860978,176722,14855,1,"1"
7685.9217873842263,176686,14891,2,"2"
7699.9782698682284,176668,14909,1,"1"
7702.1880502801223,176650,14927,1,"1"
7703.3926281220211,176632,14945,1,"1"
7721.2914605814667,176614,14963,1,"1"
7723.2653387232531,176596,14981,1,"1"
7733.9343050402276,176560,15017,2,"2"
7741.2137116387485,176542,15035,1,"1"
7751.1071798945031,176524,15053,1,"1"
7751.6427730666901,176506,15071,1,"1"
7751.9702357315437,176488,15089,1,"1"
7760.590775671003,176470,15107,1,"1"
7762.4461044274585,176452,15125,1,"1"
7766.5818170888388,176434,15143,1,"1"
7766.8776338710259,176425,15152,1,"1"
7778.5539561084279,0,191577,9941,"9941"
----------------------------------------------4
0,191577,0,0,"0"
108.5032240333537,191576,1,1,"1"
152.04314785989357,191575,2,1,"1"
186.33941388799934,191574,3,1,"1"
295.82693699283698,191556,21,1,"1"
310.5696746808984,191555,22,1,"1"
351.99487842056539,191550,27,1,"1"
402.19317408066684,191549,28,1,"1"
411.54807659840088,191536,41,5,"5"
425.59897355312984,191535,42,1,"1"
450.8917728942709,191534,43,1,"1"
482.86333001843309,191533,44,1,"1"
519.8341970435248,191532,45,1,"1"
540.26864295413156,191514,63,1,"1"
580.0908806644054,191496,81,1,"1"
627.28970778012899,191478,99,1,"1"
653.30244867451472,191477,100,1,"1"
654.40589507320317,191459,118,1,"1"
661.92847827757134,191458,119,1,"1"
664.59557891425311,191457,120,1,"1"
678.26982555333745,191456,121,1,"1"
693.54163596135322,191455,122,1,"1"
750.59549053458943,191452,125,1,"1"
753.24026357957962,191451,126,1,"1"
755.82112830438939,191450,127,1,"1"
758.83879138923623,191449,128,1,"1"
760.33430638865241,191448,129,1,"1"
768.24094418971299,191430,147,1,"1"
806.79252019822616,191429,148,1,"1"
833.89137273514848,191428,149,1,"1"
834.10530838358818,191427,150,1,"1"
902.44135185064852,191420,157,1,"1"
924.44826603588865,191419,158,1,"1"
924.94070316745808,191417,160,2,"1-1"
945.36703335585275,191415,162,2,"2"
953.56109180777594,191414,163,1,"1"
963.13588646590335,191396,181,2,"1-1"
1005.5496654107191,191395,182,1,"1"
1017.3590761888016,191393,184,2,"1-1"
1069.0794449892371,191392,185,1,"1"
1075.4241478194008,191391,186,1,"1"
1087.6538125736461,191373,204,1,"1"
1089.7313407113795,191367,210,2,"1-1"
1107.3242845431375,191366,211,1,"1"
1135.8720534508097,191348,229,1,"1"
1163.9939348232795,191347,230,1,"1"
1182.6877414172291,191342,235,1,"1"
1185.3704942377331,191324,253,1,"1"
1200.4282982189077,191321,256,1,"1"
1209.4771382597564,191320,257,1,"1"
1224.7906220814309,191318,259,2,"2"
1231.1127237163803,191317,260,1,"1"
1245.8943579165932,191315,262,2,"2"
1261.8549279187284,191314,263,1,"1"
1264.7701427854829,191311,266,1,"1"
1272.2321338770798,191310,267,1,"1"
1281.8663464713088,191303,274,1,"1"
1289.8904607301722,191296,281,1,"1"
1293.3900466120765,191294,283,2,"2"
1296.5998751752459,191293,284,1,"1"
1355.8529443873113,191283,294,1,"1"
1361.9413749912851,191282,295,1,"1"
1370.3961319274508,191277,300,1,"1"
1377.0579535915431,191276,301,1,"1"
1436.9651886389759,191264,313,1,"1"
1438.6646552381847,191263,314,1,"1"
1449.9319201074129,191262,315,1,"1"
1461.6330750575773,191260,317,2,"2"
1489.2529012814844,191259,318,1,"1"
1497.7600421210286,191241,336,1,"1"
1511.3236106587271,191223,354,1,"1"
1533.6744069713282,191205,372,1,"1"
1549.9939615859748,191203,374,2,"1-1"
1553.2273334803147,191185,392,1,"1"
1560.5797728857947,191176,401,1,"1"
1563.4403809411244,191169,408,3,"2-1"
1567.7884708443798,191159,418,1,"1"
1596.7235311474251,191158,419,1,"1"
1598.0988060584225,191142,435,1,"1"
1599.8020904284137,191141,436,1,"1"
1621.7563861212022,191139,438,2,"2"
1622.5243931519117,191137,440,2,"1-1"
1635.9999949767064,191119,458,1,"1"
1647.2826973298636,191117,460,2,"1-1"
1666.225989295074,191116,461,1,"1"
1675.5925353509747,191115,462,1,"1"
1689.6830919258664,191114,463,1,"1"
1699.8930096623981,191096,481,1,"1"
1724.2219526416434,191090,487,6,"4-1-1"
1725.1343442737855,191072,505,1,"1"
1729.981590856298,191071,506,1,"1"
1738.4900851539585,191061,516,1,"1"
1738.5075612142909,191043,534,1,"1"
1760.8636301218755,191041,536,2,"1-1"
1766.5573671846448,191036,541,1,"1"
1784.6652117876333,191000,577,2,"2"
1821.7779175280411,190982,595,1,"1"
1835.2061309625926,190964,613,1,"1"
1844.3739092473336,190946,631,1,"1"
1864.4188220227531,190928,649,1,"1"
1883.2149531354164,190927,650,1,"1"
1891.0770675458089,190909,668,1,"1"
1893.5982594313693,190906,671,3,"3"
1913.6623592550707,190905,672,1,"1"
1923.8153723100206,190887,690,1,"1"
1944.5831622866251,190886,691,1,"1"
1946.838590532027,190876,701,1,"1"
1967.8094215995795,190875,702,1,"1"
1992.5210628673383,190874,703,1,"1"
2003.4621006670197,190871,706,1,"1"
2010.8196495951763,190870,707,1,"1"
2021.1521415665827,190852,725,1,"1"
2021.2838158467187,190851,726,1,"1"
2028.1275716818318,190850,727,1,"1"
2053.7183437874669,190847,730,1,"1"
2060.2103558527347,190829,748,1,"1"
2063.6719749961317,190817,760,1,"1"
2077.1543513941087,190814,763,1,"1"
2085.5801828212379,190811,766,1,"1"
2086.9967729639752,190810,767,1,"1"
2091.0447031876097,190792,785,1,"1"
2091.6990044499998,190774,803,1,"1"
2095.6359555339218,190754,823,2,"2"
2096.9298743306213,190742,835,1,"1"
2099.9609685654532,190739,838,1,"1"
2109.4676418215399,190736,841,1,"1"
2110.7837572767735,190723,854,3,"2-1"
2151.3013091525804,190705,872,1,"1"
2163.899528537243,190702,875,1,"1"
2167.1323736256195,190684,893,1,"1"
2171.5299492282657,190681,896,1,"1"
2172.7629873577785,190680,897,1,"1"
2178.4413829733044,190676,901,4,"3-1"
2183.100827780449,190670,907,2,"2"
2184.1508008072465,190650,927,2,"2"
2200.6610854116034,190632,945,1,"1"
2203.3119598684148,190614,963,1,"1"
2221.824582531664,190611,966,1,"1"
2235.5399504689485,190606,971,1,"1"
2238.7012456646357,190604,973,2,"2"
2265.400506962394,190603,974,1,"1"
2273.7293487213433,190585,992,1,"1"
2316.5592553006118,190567,1010,1,"1"
2318.9108106400517,190564,1013,1,"1"
2347.5600594199955,190550,1027,1,"1"
2368.1356262626837,190532,1045,1,"1"
2376.826833849897,190523,1054,3,"2-1"
2383.4011595074799,190522,1055,1,"1"
2388.7806459371245,190504,1073,1,"1"
2399.2058410057912,190498,1079,4,"3-1"
2417.7539835098646,190497,1080,1,"1"
2471.106564150864,190479,1098,1,"1"
2472.4006886079901,190461,1116,1,"1"
2496.1708006866888,190443,1134,1,"1"
2502.0509586646608,190438,1139,1,"1"
2504.0285957782671,190420,1157,1,"1"
2509.4783534999733,190417,1160,1,"1"
2541.8459416950132,190414,1163,1,"1"
2579.1156256654235,190411,1166,1,"1"
2580.9532514369721,190393,1184,1,"1"
2584.069264402508,190375,1202,1,"1"
2588.7594253158486,190362,1215,5,"2-2-1"
2603.4217453551796,190344,1233,1,"1"
2604.8369478598543,190316,1261,4,"4"
2612.3662218374261,190302,1275,2,"2"
2622.1119373503238,190286,1291,1,"1"
2625.0306282214069,190268,1309,1,"1"
2640.7858663115958,190267,1310,1,"1"
2652.8679911623512,190249,1328,1,"1"
2683.1492892717088,190237,1340,1,"1"
2701.3060166319624,190219,1358,1,"1"
2718.1177039489053,190183,1394,2,"2"
2721.8260731546293,190165,1412,1,"1"
2772.148196204354,190149,1428,1,"1"
2777.6976421466475,190140,1437,1,"1"
2786.8228589128294,190135,1442,1,"1"
2791.908551164915,190117,1460,1,"1"
2814.852834020674,190099,1478,1,"1"
2834.2331374839123,190094,1483,1,"1"
2838.2889971350428,190082,1495,1,"1"
2860.865428965069,190081,1496,1,"1"
2874.139412528501,190063,1514,1,"1"
2881.7015594582899,190045,1532,1,"1"
2888.3709582542333,190027,1550,1,"1"
2912.0388466037216,190026,1551,1,"1"
2917.355612652842,190016,1561,1,"1"
2922.1370007335036,190004,1573,1,"1"
2948.5355062586782,189999,1578,1,"1"
3003.0266319718676,189994,1583,1,"1"
3035.9513666214771,189973,1604,5,"5"
3047.0179579414839,189970,1607,1,"1"
3091.0942317128306,189969,1608,1,"1"
3113.4044277196131,189964,1613,1,"1"
3127.9472333329782,189955,1622,3,"3"
3128.2847118156756,189937,1640,1,"1"
3138.0281570764719,189919,1658,1,"1"
3158.7443171888435,189901,1676,1,"1"
3165.3008181612827,189898,1679,1,"1"
3176.4388659863152,189889,1688,3,"2-1"
3184.3266786444428,189871,1706,1,"1"
3186.9743883378997,189868,1709,1,"1"
3188.5034590180944,189859,1718,1,"1"
3200.7925045407028,189851,1726,2,"1-1"
3201.5287320539828,189841,1736,1,"1"
3206.9090353669931,189823,1754,1,"1"
3221.3994449778693,189818,1759,1,"1"
3272.6267841131671,189815,1762,1,"1"
3274.7756178246432,189797,1780,1,"1"
3278.7150038232453,189794,1783,1,"1"
3288.1475517471576,189786,1791,2,"1-1"
3288.3310094918183,189774,1803,1,"1"
3303.7109920763528,189756,1821,1,"1"
3316.9168503576711,189742,1835,1,"1"
3323.8309676833287,189720,1857,4,"2-2"
3341.4231285641481,189717,1860,1,"1"
3343.4159904559069,189712,1865,1,"1"
3375.2618948298491,189676,1901,3,"3"
3409.8688400709079,189673,1904,1,"1"
3426.3713313402986,189670,1907,1,"1"
3430.8858742448956,189667,1910,1,"1"
3432.2578363601838,189658,1919,3,"3"
3439.8744543001276,189640,1937,1,"1"
3445.8015194240052,189622,1955,1,"1"
3452.416794206511,189613,1964,1,"1"
3457.9761726400066,189597,1980,1,"1"
3459.9549569173932,189594,1983,1,"1"
3466.6100892202849,189576,2001,1,"1"
3473.1217527707904,189558,2019,1,"1"
3489.7242628421973,189548,2029,1,"1"
3545.9864032527785,189512,2065,2,"1-1"
3555.408758264547,189502,2075,1,"1"
3560.9875399283615,189484,2093,1,"1"
3573.2522602153786,189474,2103,2,"2"
3602.6804939678195,189456,2121,1,"1"
3606.9775808892641,189436,2141,2,"1-1"
3615.0929977879032,189433,2144,1,"1"
3618.042925891757,189428,2149,1,"1"
3627.4310946337696,189410,2167,1,"1"
3630.1823202100454,189393,2184,1,"1"
3656.9826736343366,189375,2202,1,"1"
3721.4017312175815,189357,2220,1,"1"
3729.7228963606049,189348,2229,1,"1"
3780.0250212472538,189342,2235,2,"2"
3782.7945025444583,189314,2263,2,"2"
3812.8270864238939,189296,2281,1,"1"
3814.3036530479235,189282,2295,1,"1"
3823.2402630087631,189264,2313,1,"1"
3838.6337424540488,189246,2331,2,"2"
3857.4995588937227,189228,2349,1,"1"
3858.9128562574474,189210,2367,1,"1"
3868.1248531789238,189192,2385,1,"1"
3883.7722904727862,189187,2390,1,"1"
3895.2508443321117,189169,2408,1,"1"
3914.3983257383711,189151,2426,1,"1"
3914.8006087240319,189133,2444,1,"1"
3916.7379789905408,189115,2462,1,"1"
3919.9811417961955,189110,2467,1,"1"
3933.3052689192587,189086,2491,2,"1-1"
3938.360934388832,189073,2504,1,"1"
3951.9112239877991,189068,2509,1,"1"
3960.4967787131977,189050,2527,1,"1"
3974.4433442141062,189047,2530,1,"1"
3993.2608828612215,189037,2540,1,"1"
4000.9909629382855,189019,2558,1,"1"
4002.4024273244922,189016,2561,1,"1"
4008.5310916202639,189011,2566,1,"1"
4031.6783005363527,188993,2584,1,"1"
4033.2221985350429,188975,2602,1,"1"
4037.0911486603,188970,2607,1,"1"
4055.5437141651782,188965,2612,1,"1"
4066.877782514689,188950,2627,5,"5"
4070.0375261986137,188944,2633,2,"2"
4071.4283239334704,188926,2651,1,"1"
4074.15734737599,188920,2657,2,"1-1"
4076.9730861936696,188902,2675,1,"1"
4118.1752611581378,188884,2693,1,"1"
4124.4793106186289,188866,2711,1,"1"
4136.6165743830543,188848,2729,1,"1"
4141.0333534314641,188830,2747,1,"1"
4145.2515472945997,188812,2765,1,"1"
4158.7612123282488,188809,2768,1,"1"
4164.132751334153,188787,2790,2,"1-1"
4167.7310095310449,188769,2808,1,"1"
4168.3285183583375,188766,2811,1,"1"
4177.2544778174579,188748,2829,1,"1"
4195.201940739722,188743,2834,1,"1"
4207.4748406169992,188738,2839,1,"1"
4227.788403126835,188720,2857,1,"1"
4238.0450349236962,188717,2860,1,"1"
4263.1869971316155,188699,2878,1,"1"
4270.6840242929893,188696,2881,1,"1"
4275.1169317584972,188693,2884,1,"1"
4279.7626186179914,188675,2902,1,"1"
4280.9520828994209,188657,2920,1,"1"
4282.0199157361585,188639,2938,1,"1"
4314.5452725048945,188621,2956,1,"1"
4316.5789000963232,188606,2971,3,"3"
4345.3861544094079,188588,2989,1,"1"
4348.5045495017166,188582,2995,2,"1-1"
4365.5987961039436,188563,3014,3,"2-1"
4389.5482106187519,188558,3019,1,"1"
4408.7097105468329,188522,3055,2,"1-1"
4414.0795895257415,188504,3073,1,"1"
4416.7936869334362,188494,3083,1,"1"
4428.0810708910167,188476,3101,1,"1"
4428.956694770679,188424,3153,6,"4-1-1"
4463.8375824189479,188410,3167,1,"1"
4471.3707256791349,188392,3185,1,"1"
4481.4238797297912,188387,3190,1,"1"
4525.4079618461692,188367,3210,4,"2-2"
4563.2975443834475,188349,3228,1,"1"
4568.2266785906386,188346,3231,1,"1"
4581.9880246713119,188343,3234,1,"1"
4587.8212723244478,188325,3252,2,"1-1"
4593.1052071807435,188316,3261,1,"1"
4615.2993703133898,188307,3270,1,"1"
4626.733542803966,188289,3288,1,"1"
4629.8034730696245,188271,3306,1,"1"
4631.0782277467979,188253,3324,1,"1"
4655.4248740184048,188235,3342,1,"1"
4677.8808962006096,188217,3360,1,"1"
4681.9619894566476,188209,3368,2,"1-1"
4682.5670804754018,188195,3382,1,"1"
4689.1465328944196,188177,3400,1,"1"
4704.2056735945143,188159,3418,1,"1"
4712.2126642293179,188139,3438,2,"2"
4720.9740995717166,188129,3448,1,"1"
4758.5831923054166,188111,3466,1,"1"
4768.4345121545766,188093,3484,1,"1"
4772.6757896324825,188086,3491,1,"1"
4775.8623447961545,188068,3509,1,"1"
4780.6732806430473,188065,3512,1,"1"
4782.061908961582,188060,3517,1,"1"
4784.0335600306871,188042,3535,1,"1"
4798.1966748792893,188019,3558,3,"2-1"
4814.8565808166486,188001,3576,1,"1"
4821.2046486479812,187983,3594,1,"1"
4846.9016697582501,187965,3612,1,"1"
4851.5438576399501,187947,3630,1,"1"
4856.6964912623353,187933,3644,2,"2"
4860.9087478846477,187915,3662,1,"1"
4871.2620493163195,187900,3677,3,"2-1"
4881.1970872416186,187885,3692,3,"3"
4888.6822987422474,187867,3710,1,"1"
4889.7602881514013,187849,3728,1,"1"
4891.8660739971347,187831,3746,1,"1"
4904.3559060344123,187813,3764,1,"1"
4919.0087688887452,187795,3782,1,"1"
4930.0052273802739,187759,3818,2,"2"
4931.2983263174474,187741,3836,1,"1"
4944.8476078758695,187736,3841,1,"1"
4955.3193421990982,187725,3852,1,"1"
4960.6756273209658,187718,3859,1,"1"
4973.7212445638024,187700,3877,1,"1"
4973.9746331686383,187673,3904,3,"3"
4976.9103402267283,187655,3922,1,"1"
4979.9640989794516,187627,3950,2,"1-1"
4982.687760458808,187609,3968,1,"1"
4984.0178060214448,187598,3979,1,"1"
4995.5377169328613,187580,3997,1,"1"
5000.7356826575024,187577,4000,1,"1"
5023.2349109791494,187559,4018,2,"1-1"
5047.7393148751999,187523,4054,2,"2"
5056.2685487777026,187505,4072,1,"1"
5068.6389974186077,187487,4090,1,"1"
5071.8666457881527,187480,4097,1,"1"
5081.4917613767466,187462,4115,1,"1"
5089.7060110826787,187438,4139,2,"2"
5100.2785409308945,187330,4247,6,"4-2"
5103.8719882178093,187327,4250,1,"1"
5104.6057071409687,187324,4253,1,"1"
5110.4801373869986,187309,4268,3,"3"
5113.81615449944,187291,4286,1,"1"
5121.9304779180784,187281,4296,1,"1"
5128.9315156117827,187263,4314,1,"1"
5132.9799256475289,187231,4346,3,"2-1"
5144.8925261846007,187222,4355,1,"1"
5145.4367897088714,187204,4373,1,"1"
5148.3465327246086,187186,4391,1,"1"
5153.1237327363078,187183,4394,1,"1"
5155.7289384354244,187180,4397,1,"1"
5156.9364916375625,187173,4404,1,"1"
5165.0676883802289,187155,4422,1,"1"
5178.4830662883469,187129,4448,2,"1-1"
5180.3287333073222,187111,4466,1,"1"
5192.7717074113543,187096,4481,3,"3"
5192.9865040618342,187089,4488,1,"1"
5196.5560371290358,187041,4536,3,"2-1"
5200.1349869093083,187023,4554,1,"1"
5243.5924551566086,187009,4568,1,"1"
5252.2450917702672,186991,4586,2,"1-1"
5260.9151076081434,186973,4604,1,"1"
5262.9986590115732,186955,4622,1,"1"
5268.6461654141631,186932,4645,3,"2-1"
5272.7791332859842,186898,4679,4,"1-1-1-1"
5274.9350980354729,186884,4693,2,"1-1"
5278.4110587862351,186866,4711,1,"1"
5285.2357192709796,186856,4721,1,"1"
5286.8678948451588,186820,4757,2,"1-1"
5291.3467109831981,186802,4775,1,"1"
5295.0650349014195,186784,4793,1,"1"
5296.58938319766,186781,4796,1,"1"
5298.9325242365248,186757,4820,2,"2"
5306.6195011442287,186744,4833,3,"2-1"
5320.0644387888133,186737,4840,1,"1"
5324.6572597381355,186719,4858,1,"1"
5331.2214148479134,186701,4876,1,"1"
5343.060378162897,186684,4893,3,"3"
5349.9085995196965,186666,4911,1,"1"
5421.015327498033,186647,4930,3,"2-1"
5428.0451979353938,186629,4948,1,"1"
5447.6034301351965,186611,4966,1,"1"
5448.7627387013854,186593,4984,1,"1"
5455.7390045199136,186575,5002,1,"1"
5464.8101116437301,186557,5020,1,"1"
5465.1428297198427,186539,5038,1,"1"
5465.9636258732153,186521,5056,1,"1"
5466.643512972104,186503,5074,1,"1"
5478.4532833333906,186485,5092,1,"1"
5501.6520875084589,186467,5110,1,"1"
5505.0326213224889,186431,5146,2,"2"
5527.0482987488513,186424,5153,1,"1"
5533.3576848698822,186406,5171,1,"1"
5534.2972777358609,186388,5189,1,"1"
5535.4152972804932,186370,5207,1,"1"
5536.9830417019848,186360,5217,2,"1-1"
5555.7673670635959,186334,5243,2,"1-1"
5570.2165980872305,186316,5261,1,"1"
5588.1235230758621,186302,5275,1,"1"
5597.6354848678675,186284,5293,1,"1"
5625.1746627350467,186267,5310,1,"1"
5635.7388185114287,186249,5328,1,"1"
5638.7206176242507,186231,5346,1,"1"
5649.423990004525,186211,5366,2,"2"
5652.9541619757856,186206,5371,1,"1"
5656.2563666688438,186193,5384,1,"1"
5661.0332598556361,186183,5394,1,"1"
5674.8478124758085,186180,5397,1,"1"
5678.8957364555272,186168,5409,1,"1"
5683.9326346486705,186125,5452,5,"2-1-1-1"
5688.3254792300886,186116,5461,1,"1"
5690.7260592470302,186080,5497,2,"2"
5708.0052308346494,186070,5507,2,"2"
5715.6893793049412,186057,5520,3,"2-1"
5726.8897751397117,186021,5556,2,"2"
5733.0675747585419,186003,5574,1,"1"
5733.9490521420885,185993,5584,1,"1"
5735.6138958394595,185975,5602,1,"1"
5750.7019460496713,185957,5620,1,"1"
5752.8530722437226,185906,5671,7,"2-2-1-1-1"
5754.2112749917178,185888,5689,1,"1"
5754.497594271782,185876,5701,1,"1"
5755.5756239332532,185866,5711,1,"1"
5764.9826949805138,185844,5733,2,"1-1"
5768.8615817592472,185826,5751,1,"1"
5787.912888571751,185808,5769,1,"1"
5807.2996182385632,185742,5835,4,"2-2"
5812.3813827181002,185732,5845,1,"1"
5817.2275403714302,185690,5887,3,"2-1"
5820.8329976392151,185672,5905,1,"1"
5825.9594305502351,185654,5923,1,"1"
5831.9072303727789,185626,5951,2,"1-1"
5834.0345905903796,185608,5969,1,"1"
5836.6085562941034,185590,5987,1,"1"
5843.4215835891291,185581,5996,1,"1"
5852.6211215915955,185551,6026,4,"2-1-1"
5889.1519959466759,185545,6032,2,"2"
5919.9317484000048,185527,6050,1,"1"
5949.1016548240159,185505,6072,2,"2"
5951.0255386748568,185487,6090,1,"1"
5962.5407964960432,185469,6108,1,"1"
5974.2267410757604,185433,6144,2,"2"
5980.0473051362233,185421,6156,1,"1"
6000.8521978191629,185403,6174,2,"1-1"
6002.4242448456216,185380,6197,3,"3"
6005.52786205746,185366,6211,2,"2"
6011.2922713469798,185343,6234,3,"2-1"
6022.6872064952768,185303,6274,4,"2-1-1"
6032.3858027242541,185285,6292,1,"1"
6032.5007812444646,185267,6310,1,"1"
6041.1712218351959,185249,6328,1,"1"
6046.207521777008,185231,6346,1,"1"
6056.8436573104009,185195,6382,3,"2-1"
6057.2968087816844,185154,6423,4,"2-2"
6059.9506536412873,185138,6439,2,"1-1"
6079.1315521990346,185094,6483,4,"3-1"
6094.4407719413475,185076,6501,1,"1"
6100.0746130514599,185040,6537,2,"2"
6100.6737471568831,185030,6547,1,"1"
6101.26260082716,185012,6565,1,"1"
6110.1899893271329,184994,6583,1,"1"
6114.9084368323802,184976,6601,1,"1"
6115.8270771409498,184963,6614,1,"1"
6117.7250998805157,184945,6632,1,"1"
6132.721276580055,184940,6637,1,"1"
6137.3097800406222,184922,6655,1,"1"
6138.4979523357451,184908,6669,2,"2"
6145.2095306603815,184890,6687,1,"1"
6146.1164966643491,184872,6705,1,"1"
6159.1318100672233,184856,6721,1,"1"
6166.5248039481121,184820,6757,2,"1-1"
6166.9909252869429,184802,6775,1,"1"
6170.5094314271228,184784,6793,1,"1"
6188.781181817958,184766,6811,2,"2"
6207.0591752707842,184719,6858,5,"2-2-1"
6209.6710285054505,184709,6868,2,"2"
6210.1186178833932,184696,6881,1,"1"
6217.4143032280672,184684,6893,1,"1"
6217.4513053944984,184648,6929,2,"1-1"
6218.9136117758462,184638,6939,1,"1"
6223.2457686392172,184572,7005,5,"3-1-1"
6223.7774177614929,184554,7023,1,"1"
6246.0929547290425,184532,7045,2,"2"
6248.7075819270385,184514,7063,1,"1"
6258.8393165908146,184500,7077,1,"1"
6259.3308953383712,184488,7089,1,"1"
6261.1218774131848,184468,7109,2,"2"
6273.3352274463959,184459,7118,1,"1"
6278.0516620507242,184135,7442,18,"18"
6280.6059407027733,184117,7460,2,"1-1"
6284.5468503273287,184110,7467,1,"1"
6293.8308218683942,184092,7485,1,"1"
6318.7303668372806,184074,7503,1,"1"
6321.6031962501584,184056,7521,1,"1"
6322.4118953873294,184038,7539,1,"1"
6330.0233586279455,184020,7557,1,"1"
6335.9409944803938,184002,7575,1,"1"
6342.2620483930668,183984,7593,1,"1"
6351.5524993660119,183929,7648,9,"3-2-2-1-1"
6353.7820545953164,183896,7681,5,"3-2"
6354.8826590117278,183878,7699,1,"1"
6384.5733980226341,183860,7717,1,"1"
6385.50836476728,183842,7735,1,"1"
6402.5296037357148,183806,7771,2,"1-1"
6416.2367160539661,183797,7780,1,"1"
6419.1932118862078,183779,7798,1,"1"
6419.7189744479274,183755,7822,4,"2-1-1"
6428.3218924356825,183737,7840,1,"1"
6429.2956989972445,183719,7858,1,"1"
6431.6522177424713,183699,7878,2,"2"
6454.1488853125311,183681,7896,1,"1"
6467.8957473283999,183597,7980,10,"4-3-1-1-1"
6475.8228521675028,183579,7998,1,"1"
6475.9198904726009,183561,8016,1,"1"
6487.7415411393704,183543,8034,1,"1"
6496.5243170014883,183525,8052,1,"1"
6502.0237985840749,183489,8088,2,"2"
6512.8230056538596,183456,8121,5,"1-1-1-1-1"
6527.4362192840699,183420,8157,2,"1-1"
6539.8926726298132,183402,8175,1,"1"
6542.3294227894148,183393,8184,1,"1"
6549.4950999530147,183375,8202,1,"1"
6549.9187175809084,183349,8228,4,"2-1-1"
6550.8811639562418,183342,8235,1,"1"
6553.4376964301355,183324,8253,1,"1"
6555.0457415489218,183315,8262,1,"1"
6560.6459426152633,183297,8280,1,"1"
6565.8234618389142,183290,8287,1,"1"
6579.2749138845138,183272,8305,1,"1"
6582.4372972705441,183254,8323,1,"1"
6584.4885480112443,183236,8341,1,"1"
6589.1480201522436,183218,8359,1,"1"
6603.4454156278734,183200,8377,1,"1"
6631.0357798507775,183182,8395,1,"1"
6632.1847115894971,183164,8413,1,"1"
6633.8202162610341,183150,8427,1,"1"
6634.0023893426269,183084,8493,5,"3-2"
6639.2449146311737,183065,8512,3,"2-1"
6648.6222045517825,183008,8569,7,"5-1-1"
6659.7529998636064,182990,8587,1,"1"
6661.0394901693708,182972,8605,1,"1"
6666.595579194247,182962,8615,1,"1"
6672.3171083416446,182746,8831,12,"10-2"
6673.3624882997055,182728,8849,2,"2"
6680.4626087307915,182714,8863,1,"1"
6680.5407769714739,182682,8895,2,"2"
6682.1169536809984,182460,9117,20,"8-3-2-1-1-1-1-1-1-1"
6685.9136212290823,182446,9131,1,"1"
6687.8208519098926,182428,9149,1,"1"
6689.7250042535097,182410,9167,1,"1"
6700.4848143531672,182401,9176,1,"1"
6719.7083373844443,182383,9194,1,"1"
6727.422165221813,182370,9207,1,"1"
6731.5079933043362,182334,9243,2,"1-1"
6746.3035493928337,182316,9261,1,"1"
6757.5837737598667,182306,9271,1,"1"
6766.6930466688873,182288,9289,1,"1"
6775.337127055489,182270,9307,1,"1"
6802.4200471010054,182261,9316,1,"1"
6805.3110418296519,182207,9370,3,"3"
6817.5844753127394,182196,9381,1,"1"
6825.0336554640035,182152,9425,4,"2-1-1"
6834.8699777566226,182134,9443,1,"1"
6845.4278073169753,182116,9461,1,"1"
6850.6109292350448,182109,9468,1,"1"
6872.7117529388725,182073,9504,2,"2"
6873.0290438875891,182025,9552,3,"2-1"
6880.0937004391799,182011,9566,1,"1"
6883.9434529657228,181921,9656,5,"2-1-1-1"
6890.4007095128318,181859,9718,5,"3-1-1"
6890.8406578664681,181839,9738,2,"1-1"
6891.5670838038095,181821,9756,1,"1"
6896.8970606058056,181804,9773,1,"1"
6901.597347567139,181784,9793,2,"2"
6905.067538633285,181766,9811,1,"1"
6917.2714954220537,181730,9847,3,"2-1"
6929.4374507559896,181714,9863,1,"1"
6932.0255692483634,181644,9933,5,"2-1-1-1"
6936.9773451206602,181626,9951,1,"1"
6938.6816302503312,181614,9963,1,"1"
6943.7506987920542,181578,9999,2,"1-1"
6949.6953206499993,181558,10019,2,"1-1"
6950.9273964072318,181498,10079,5,"2-1-1-1"
6963.0203387386027,181462,10115,2,"1-1"
6963.0932568553499,181444,10133,1,"1"
6975.1457286425521,181426,10151,1,"1"
6984.38273443249,181408,10169,1,"1"
6987.3361474777894,181390,10187,1,"1"
6989.8616824631945,181348,10229,3,"1-1-1"
6994.6818464166654,181268,10309,8,"2-1-1-1-1-1-1"
6994.8879283597989,181202,10375,8,"3-2-1-1-1"
6998.1798542644246,181195,10382,1,"1"
7015.1158024498236,181159,10418,2,"2"
7031.2200787400061,181123,10454,2,"1-1"
7049.914099887269,181105,10472,1,"1"
7054.6878797121872,181095,10482,1,"1"
7057.0966556323237,181077,10500,1,"1"
7065.9019532180882,181023,10554,3,"1-1-1"
7077.2714050618124,181008,10569,1,"1"
7077.6841061332116,180990,10587,1,"1"
7092.5154447173118,180954,10623,2,"2"
7094.3067001117051,180936,10641,1,"1"
7099.5820465582074,180882,10695,3,"2-1"
7103.5543987239353,180810,10767,4,"2-1-1"
7103.5691497446296,180731,10846,7,"3-1-1-1-1"
7114.2317569588849,180713,10864,1,"1"
7131.5021104733987,180695,10882,1,"1"
7134.969326861893,180677,10900,1,"1"
7139.1056923068099,180659,10918,1,"1"
7148.4955533795664,180643,10934,1,"1"
7160.710334450253,180625,10952,1,"1"
7166.4690967621409,180607,10970,1,"1"
7169.6149328632291,180589,10988,1,"1"
7172.521678279104,180571,11006,1,"1"
7174.1239310110896,180553,11024,1,"1"
7175.3064108870403,180535,11042,1,"1"
7192.4150024404526,180522,11055,1,"1"
7202.7984308219329,180504,11073,1,"1"
7208.9625933087227,180486,11091,1,"1"
7228.0931571543879,180468,11109,1,"1"
7237.1105289714351,180450,11127,1,"1"
7244.0807318026127,180432,11145,1,"1"
7248.8631596984833,180420,11157,1,"1"
7264.9730879851004,180402,11175,1,"1"
7267.2842479414649,180384,11193,1,"1"
7274.9124465961295,180366,11211,1,"1"
7297.9225394790437,180135,11442,23,"5-4-2-2-1-1-1-1-1-1-1-1-1-1"
7309.9037870247666,180125,11452,1,"1"
7312.6854752691816,180107,11470,1,"1"
7313.7996787958837,180058,11519,5,"3-1-1"
7323.0901458584658,179972,11605,10,"3-2-2-1-1-1"
7327.6086520618683,179954,11623,1,"1"
7329.831569300557,179936,11641,1,"1"
7335.3547343804867,179918,11659,1,"1"
7340.1431921040748,179882,11695,2,"2"
7343.2334718243401,179814,11763,8,"5-2-1"
7345.1939264973944,179796,11781,1,"1"
7354.5992055591123,179764,11813,2,"1-1"
7364.8389403345263,179746,11831,1,"1"
7368.2789232528094,179692,11885,4,"4"
7369.478620842483,179660,11917,2,"2"
7383.9677594016493,179642,11935,1,"1"
7394.99680082542,179624,11953,1,"1"
7396.0841238890289,179461,12116,16,"5-5-2-1-1-1-1"
7399.9371469870193,179432,12145,2,"2"
7419.1889898520285,179396,12181,2,"2"
7439.7275527082093,179378,12199,1,"1"
7445.42365316834,179360,12217,1,"1"
7451.642604539993,179324,12253,2,"1-1"
7461.4973854452646,179288,12289,2,"2"
7464.4487361275287,179270,12307,1,"1"
7466.5056262172811,179236,12341,2,"1-1"
7468.7271305922277,179218,12359,1,"1"
7487.4819988486452,179200,12377,1,"1"
7488.2404528297002,179169,12408,3,"3"
7490.0840171217187,178981,12596,12,"4-3-2-2-1"
7491.4819650563004,178909,12668,6,"4-1-1"
7492.3874712889501,178828,12749,7,"2-2-1-1-1"
7493.8600071097489,178737,12840,8,"3-2-1-1-1"
7497.4101644680386,178719,12858,1,"1"
7498.9992164212745,178701,12876,1,"1"
7507.5937013254434,178683,12894,1,"1"
7530.5954330360055,178647,12930,2,"1-1"
7533.0678477949723,178593,12984,3,"2-1"
7537.3537366525652,178575,13002,1,"1"
7542.386578107732,178557,13020,1,"1"
7548.2775954700364,178539,13038,1,"1"
7554.5544280662189,178521,13056,1,"1"
7556.1953305652441,178503,13074,1,"1"
7564.645714246335,178485,13092,1,"1"
7565.3929759856737,178467,13110,1,"1"
7567.586577069299,178431,13146,2,"2"
7569.6330229323739,178413,13164,1,"1"
7590.492778364378,178402,13175,1,"1"
7592.9428960307669,178347,13230,4,"2-1-1"
7596.3652974888546,178336,13241,1,"1"
7598.2939216206387,178214,13363,11,"7-2-1-1"
7607.1436914926126,178199,13378,1,"1"
7612.2541156251191,178181,13396,1,"1"
7613.1404965246556,178163,13414,1,"1"
7624.6251385571768,178145,13432,1,"1"
7629.3228749720574,178127,13450,1,"1"
7632.1269265412584,178109,13468,1,"1"
7634.5181546815602,178091,13486,1,"1"
7642.1381154545625,178081,13496,1,"1"
7643.9723974645703,178007,13570,5,"4-1"
7646.7999114433014,177989,13588,1,"1"
7649.9446922788429,177971,13606,1,"1"
7653.7613605110209,177905,13672,5,"3-1-1"
7655.6167464309265,177887,13690,1,"1"
7662.2313711076376,177875,13702,1,"1"
7663.6037878462048,177855,13722,2,"2"
7666.7325763815361,177837,13740,1,"1"
7669.8119687628468,177819,13758,1,"1"
7673.5503114933435,177763,13814,5,"2-2-1"
7676.7109642763717,177709,13868,3,"2-1"
7677.3861399120924,177691,13886,1,"1"
7678.9610766644028,177673,13904,2,"1-1"
7679.5337000948784,177655,13922,1,"1"
7681.1094774457151,177637,13940,1,"1"
7697.5793377895861,177619,13958,1,"1"
7698.2767931578246,177601,13976,1,"1"
7718.321241853896,177293,14284,22,"7-7-4-2-1-1"
7724.4416489876139,177257,14320,2,"1-1"
7730.0517502092562,177096,14481,14,"4-4-2-1-1-1-1"
7747.317525739858,177078,14499,1,"1"
7747.8097133626152,177008,14569,6,"5-1"
7748.1800130655738,176990,14587,1,"1"
7766.8634647063236,0,191577,9975,"9975"
----------------------------------------------5
0,191577,0,0,"0"
148.61499741829641,191559,18,1,"1"
170.12732691376129,191558,19,1,"1"
207.15875988731619,191540,37,1,"1"
227.30167019704464,191539,38,1,"1"
227.90821779074128,191538,39,1,"1"
323.05877314259459,191537,40,1,"1"
386.37594938048994,191534,43,1,"1"
387.10884510177146,191533,44,1,"1"
399.06576480124033,191532,45,1,"1"
446.04313883242446,191531,46,1,"1"
467.21930636719878,191524,53,1,"1"
476.67014587405407,191522,55,2,"2"
483.01795546326741,191521,56,1,"1"
492.72326413682072,191519,58,2,"1-1"
503.94160720466181,191509,68,1,"1"
564.56319445596671,191508,69,1,"1"
566.77891468887253,191507,70,1,"1"
567.44924946481581,191506,71,1,"1"
597.17488821811321,191505,72,1,"1"
612.01474153732261,191504,73,1,"1"
655.66767250704345,191503,74,1,"1"
660.18276273677952,191502,75,1,"1"
683.72613102668595,191501,76,1,"1"
687.18598149052775,191500,77,1,"1"
708.8726863185791,191499,78,1,"1"
711.68881791827357,191498,79,1,"1"
729.93599454283287,191480,97,1,"1"
756.87340070154676,191479,98,1,"1"
783.015431201056,191478,99,1,"1"
789.95170267657863,191460,117,1,"1"
791.82420702684192,191459,118,1,"1"
796.36919693175491,191454,123,1,"1"
802.5032752454083,191453,124,1,"1"
819.59417415980704,191452,125,1,"1"
820.05138222975802,191451,126,1,"1"
836.86987039023893,191433,144,1,"1"
841.79356432160409,191424,153,1,"1"
861.55808590292452,191423,154,1,"1"
868.02067778428113,191422,155,1,"1"
880.86015209891275,191420,157,2,"2"
894.6810804470723,191406,171,1,"1"
907.6009868213805,191404,173,2,"1-1"
915.70916877005368,191400,177,2,"1-1"
923.32885961593877,191399,178,1,"1"
931.54282166528765,191396,181,1,"1"
948.48428741347652,191395,182,1,"1"
964.89153740014024,191377,200,1,"1"
981.6063679345134,191374,203,1,"1"
1016.5396828785127,191372,205,2,"2"
1022.0608384011912,191369,208,3,"2-1"
1042.2910564919885,191351,226,1,"1"
1051.2588875475653,191333,244,1,"1"
1060.5994714309438,191332,245,1,"1"
1077.1619072267079,191314,263,1,"1"
1081.0182910870406,191313,264,1,"1"
1095.9052440538121,191295,282,1,"1"
1115.6238921680583,191294,283,1,"1"
1126.2631537518564,191284,293,1,"1"
1141.0431720777103,191283,294,1,"1"
1156.067043649397,191280,297,1,"1"
1183.7336204749895,191279,298,1,"1"
1233.0197926124872,191267,310,1,"1"
1233.9439210885078,191266,311,1,"1"
1257.5465981392349,191263,314,1,"1"
1266.6021465823253,191245,332,1,"1"
1275.1586170834828,191227,350,1,"1"
1275.2607738889801,191225,352,2,"2"
1276.6819259453559,191224,353,1,"1"
1284.5328068313997,191223,354,1,"1"
1287.7243574426043,191205,372,1,"1"
1298.6188570737504,191187,390,1,"1"
1324.4533646186057,191176,401,1,"1"
1334.9309942836558,191174,403,2,"2"
1364.3077796536522,191173,404,1,"1"
1370.2706797800438,191172,405,1,"1"
1379.8164914583961,191167,410,5,"2-2-1"
1398.9572464220412,191164,413,1,"1"
1403.44872625264,191162,415,2,"2"
1432.4542859617447,191161,416,1,"1"
1443.0688769568492,191160,417,1,"1"
1443.8597646944991,191158,419,2,"2"
1455.2602563361788,191136,441,2,"1-1"
1456.3216667604052,191135,442,1,"1"
1465.9248004344938,191134,443,1,"1"
1475.8931753808824,191116,461,1,"1"
1505.5141573111116,191115,462,1,"1"
1509.8832659753066,191097,480,1,"1"
1520.2033893045509,191094,483,1,"1"
1530.26218212706,191092,485,2,"2"
1538.4514872456778,191074,503,1,"1"
1555.7473970228173,191073,504,1,"1"
1562.057792737422,191072,505,1,"1"
1579.715391387788,191071,506,1,"1"
1598.3819095136928,191055,522,1,"1"
1613.3051778982233,191049,528,2,"2"
1629.0222715728387,191048,529,1,"1"
1635.2763123435143,191047,530,1,"1"
1639.5002523608564,191029,548,1,"1"
1650.181626415653,191011,566,1,"1"
1674.1439745175403,191010,567,1,"1"
1682.434556400993,190992,585,1,"1"
1687.9477719493514,190991,586,1,"1"
1696.1115352041713,190981,596,1,"1"
1709.1746576763912,190978,599,1,"1"
1715.6792528407825,190976,601,2,"1-1"
1731.5388473089547,190973,604,1,"1"
1758.9446990312317,190970,607,1,"1"
1780.579388566247,190967,610,1,"1"
1846.7166376355667,190949,628,1,"1"
1912.6451776365345,190946,631,1,"1"
1917.0802032476008,190928,649,1,"1"
1920.8803824795527,190918,659,4,"4"
1939.5677737624856,190911,666,1,"1"
1978.5944169429301,190893,684,1,"1"
2004.2769160259199,190875,702,1,"1"
2005.1608050107227,190866,711,1,"1"
2021.1494110493379,190863,714,1,"1"
2043.4820804604467,190853,724,2,"1-1"
2066.3050958878084,190843,734,1,"1"
2069.865586900738,190839,738,4,"4"
2094.9224651352042,190834,743,1,"1"
2139.0882932478753,190831,746,1,"1"
2145.6289065166038,190830,747,1,"1"
2173.1664291806769,190827,750,3,"3"
2179.7638031265592,190820,757,1,"1"
2201.894611834573,190802,775,1,"1"
2226.5305609829938,190784,793,1,"1"
2240.4727466633326,190783,794,1,"1"
2254.2327038238705,190782,795,1,"1"
2256.0294595143559,190781,796,1,"1"
2264.5885453776368,190763,814,1,"1"
2283.7775070441771,190760,817,1,"1"
2296.407644095465,190750,827,1,"1"
2331.5446454347784,190748,829,2,"2"
2332.716762700155,190730,847,1,"1"
2360.5435341691082,190720,857,2,"2"
2368.0515261571945,190719,858,1,"1"
2373.9543218812237,190707,870,1,"1"
2388.7880302354806,190696,881,1,"1"
2395.1272334816681,190678,899,1,"1"
2396.1264732715313,190677,900,1,"1"
2423.1346002580681,190676,901,1,"1"
2425.0824954270765,190658,919,1,"1"
2473.079057592613,190657,920,1,"1"
2513.7089812358308,190643,934,2,"2"
2517.4270524406079,190630,947,5,"4-1"
2522.9713753448736,190612,965,1,"1"
2524.9812130798709,190609,968,1,"1"
2552.832517181459,190595,982,1,"1"
2559.020411275525,190590,987,1,"1"
2569.9980260037955,190572,1005,1,"1"
2592.4032228561382,190554,1023,1,"1"
2602.1386261732887,190549,1028,1,"1"
2620.4118223963014,190531,1046,1,"1"
2636.1810693444722,190517,1060,2,"1-1"
2637.9500958946523,190511,1066,2,"2"
2642.7912653837257,190439,1138,4,"4"
2655.1471283829605,190438,1139,1,"1"
2702.0671525316225,190420,1157,1,"1"
2704.2993159328489,190419,1158,1,"1"
2710.5575912398763,190414,1163,1,"1"
2726.8350825675266,190411,1166,1,"1"
2738.8696535346817,190375,1202,3,"2-1"
2765.6636117377734,190357,1220,1,"1"
2782.6944520839647,190347,1230,2,"1-1"
2807.1865505512174,190329,1248,1,"1"
2820.7519913468486,190311,1266,1,"1"
2834.7446095372561,190306,1271,1,"1"
2836.2761909108426,190288,1289,1,"1"
2854.220710548303,190270,1307,1,"1"
2862.7113285244359,190263,1314,1,"1"
2869.8771065158758,190262,1315,1,"1"
2873.5968174700961,190244,1333,1,"1"
2888.6523392946706,190235,1342,1,"1"
2889.6747880382441,190217,1360,1,"1"
2896.8823448510993,190199,1378,1,"1"
2906.5260558800778,190195,1382,2,"2"
2907.3440186174198,190192,1385,1,"1"
2908.5741345448409,190189,1388,1,"1"
2935.5199043357907,190177,1400,1,"1"
2969.7899923117657,190159,1418,1,"1"
2970.2338761395417,190156,1421,1,"1"
2993.2353534795311,190146,1431,1,"1"
2997.6430055681235,190128,1449,1,"1"
3004.583828555461,190114,1463,2,"2"
3007.0787396174323,190104,1473,1,"1"
3011.2357268527776,190086,1491,1,"1"
3054.0476647587138,190068,1509,1,"1"
3062.046804154299,190061,1516,1,"1"
3073.0312326640678,190054,1523,1,"1"
3084.4336984701686,190036,1541,1,"1"
3090.3631106239764,190033,1544,1,"1"
3110.600671375214,190015,1562,1,"1"
3168.7607548203682,190012,1565,1,"1"
3182.5395707318639,189991,1586,5,"4-1"
3191.7410977816935,189988,1589,1,"1"
3214.4049565520013,189979,1598,1,"1"
3225.184090860997,189961,1616,1,"1"
3226.8126755486651,189943,1634,1,"1"
3228.9086301480875,189938,1639,1,"1"
3250.807420220664,189926,1651,1,"1"
3257.4856877002089,189908,1669,1,"1"
3268.5730387152635,189891,1686,1,"1"
3274.5288967577821,189873,1704,1,"1"
3286.3547975098118,189870,1707,1,"1"
3303.8078860705318,189852,1725,1,"1"
3317.8044965070167,189834,1743,1,"1"
3346.1486599835976,189831,1746,1,"1"
3359.5860848229649,189828,1749,1,"1"
3359.8078797702306,189810,1767,1,"1"
3367.9353305159243,189792,1785,1,"1"
3384.6390522908287,189787,1790,1,"1"
3386.5258432290902,189778,1799,1,"1"
3387.3488983419948,189766,1811,4,"2-2"
3399.9621951112758,189748,1829,1,"1"
3445.8551726041092,189730,1847,1,"1"
3457.2481784578722,189712,1865,1,"1"
3473.141702759418,189694,1883,1,"1"
3501.5045215662676,189691,1886,1,"1"
3506.9987510516953,189673,1904,1,"1"
3515.7765617803966,189655,1922,1,"1"
3541.1033882206843,189649,1928,2,"2"
3559.752944070307,189639,1938,1,"1"
3579.2718270442392,189621,1956,1,"1"
3588.1276984284254,189618,1959,1,"1"
3600.0565657626512,189613,1964,1,"1"
3639.3863461547571,189509,2068,7,"4-3"
3661.1738743912042,189491,2086,1,"1"
3661.7422975534828,189473,2104,1,"1"
3727.9788478155929,189455,2122,1,"1"
3729.3096353812052,189449,2128,2,"2"
3751.627572892357,189439,2138,2,"2"
3758.2903729923028,189421,2156,1,"1"
3788.5566434120597,189406,2171,5,"5"
3797.1575521834202,189390,2187,1,"1"
3818.5552224467906,189354,2223,2,"2"
3818.9487777025001,189341,2236,1,"1"
3821.5428886927871,189327,2250,1,"1"
3840.800365214433,189316,2261,1,"1"
3878.0366962278927,189286,2291,2,"1-1"
3889.415212804252,189283,2294,1,"1"
3889.6076337157469,189265,2312,1,"1"
3894.9529174512436,189262,2315,1,"1"
3906.9414138208535,189252,2325,1,"1"
3912.3437593947237,189241,2336,3,"1-1-1"
3927.3124712955782,189226,2351,1,"1"
3933.991061846034,189208,2369,1,"1"
3937.8348993794216,189205,2372,1,"1"
3957.5225634784169,189187,2390,1,"1"
3968.1642270363463,189169,2408,1,"1"
3983.6449858814431,189164,2413,1,"1"
3999.988909200511,189146,2431,1,"1"
4035.9557062453628,189128,2449,1,"1"
4060.8265518909284,189118,2459,1,"1"
4082.5111949776669,189100,2477,1,"1"
4083.591613515423,189082,2495,1,"1"
4092.6117928305562,189068,2509,1,"1"
4103.2882026360267,189063,2514,1,"1"
4106.2667181051056,189045,2532,1,"1"
4125.3074135141005,189027,2550,2,"2"
4129.3730006235528,189022,2555,1,"1"
4136.9114883330503,189019,2558,1,"1"
4148.3075821381135,189001,2576,1,"1"
4161.8515108212741,188991,2586,1,"1"
4164.50376754843,188973,2604,1,"1"
4181.8394056646903,188955,2622,1,"1"
4183.7779358698263,188933,2644,2,"1-1"
4184.0806286645784,188930,2647,1,"1"
4193.3024668973885,188912,2665,1,"1"
4202.6134839077704,188894,2683,1,"1"
4207.0274344779054,188884,2693,1,"1"
4210.7707025067075,188879,2698,1,"1"
4270.0942981140834,188861,2716,1,"1"
4290.287930342768,188843,2734,1,"1"
4298.4996834541516,188825,2752,1,"1"
4306.1912848440916,188811,2766,1,"1"
4309.6639796339423,188793,2784,1,"1"
4325.4959328094019,188743,2834,3,"3"
4331.9921505098637,188707,2870,2,"1-1"
4340.1393920785104,188689,2888,1,"1"
4367.395950363285,188671,2906,1,"1"
4376.3224784898166,188657,2920,2,"2"
4382.3023772784572,188639,2938,1,"1"
4396.491994032388,188621,2956,1,"1"
4404.4454110344423,188616,2961,1,"1"
4406.1233139053684,188607,2970,3,"2-1"
4424.054060468342,188593,2984,1,"1"
4433.152859091796,188582,2995,1,"1"
4450.2378886594188,188564,3013,1,"1"
4464.9360961154734,188546,3031,1,"1"
4471.0522384313299,188528,3049,1,"1"
4474.2529846804737,188523,3054,1,"1"
4490.2786481526164,188498,3079,2,"1-1"
4494.9698410524552,188480,3097,1,"1"
4516.9726429725069,188450,3127,6,"3-1-1-1"
4526.1421927706178,188445,3132,1,"1"
4544.0690269657571,188440,3137,1,"1"
4547.8481907754567,188422,3155,1,"1"
4576.3985843302062,188392,3185,2,"2"
4587.1865746505555,188389,3188,1,"1"
4589.4527296098631,188371,3206,1,"1"
4590.8507544329077,188366,3211,1,"1"
4602.3472945220383,188348,3229,1,"1"
4605.4569553035808,188336,3241,4,"4"
4610.5980259108501,188318,3259,1,"1"
4638.5522651777419,188300,3277,1,"1"
4640.598154313353,188288,3289,1,"1"
4642.6470512088836,188276,3301,1,"1"
4666.1176477193603,188238,3339,3,"1-1-1"
4675.2426028246537,188220,3357,1,"1"
4681.9375725145828,188202,3375,1,"1"
4691.4060671317247,188184,3393,1,"1"
4709.4748426987953,188174,3403,2,"1-1"
4718.9257409582578,188169,3408,1,"1"
4719.3805228652973,188166,3411,1,"1"
4724.7476690013782,188159,3418,1,"1"
4732.8647813891175,188149,3428,1,"1"
4737.2183708069542,188141,3436,2,"1-1"
4749.5962954956494,188123,3454,1,"1"
4758.5527494778307,188110,3467,1,"1"
4778.3820272609946,188092,3485,1,"1"
4805.4238732093145,188056,3521,2,"2"
4824.1559536805598,188038,3539,1,"1"
4826.5903968140146,188020,3557,1,"1"
4830.650659784631,187984,3593,2,"2"
4841.3906986401353,187981,3596,1,"1"
4869.8746501464966,187963,3614,1,"1"
4876.6670187923319,187945,3632,1,"1"
4903.2390788075145,187935,3642,1,"1"
4905.8216591003093,187917,3660,1,"1"
4916.4797623679488,187899,3678,1,"1"
4920.2277844291957,187879,3698,2,"2"
4932.6209207746151,187869,3708,1,"1"
4940.442768105092,187859,3718,2,"2"
4961.8342650458844,187852,3725,1,"1"
4970.4325259664865,187834,3743,1,"1"
4976.4794869096277,187806,3771,4,"3-1"
4977.6604411805938,187788,3789,1,"1"
4981.8386536054059,187774,3803,2,"2"
4984.8846496198639,187763,3814,3,"2-1"
4995.499221085438,187745,3832,1,"1"
5011.1317194720787,187727,3850,1,"1"
5013.9269569626867,187709,3868,1,"1"
5019.9302466234076,187691,3886,1,"1"
5037.6310327416804,187681,3896,1,"1"
5067.6054114735462,187663,3914,1,"1"
5069.7445741419997,187651,3926,1,"1"
5070.642296636699,187642,3935,1,"1"
5071.8115293786941,187624,3953,1,"1"
5084.7479864383004,187606,3971,1,"1"
5089.6932474743435,187588,3989,1,"1"
5090.235013557156,187570,4007,1,"1"
5101.7849575090577,187556,4021,1,"1"
5101.9365441827731,187551,4026,1,"1"
5104.4663888538753,187533,4044,1,"1"
5108.3189525700263,187515,4062,1,"1"
5129.3292102137329,187497,4080,1,"1"
5155.9424938216698,187479,4098,1,"1"
5158.0980801713677,187461,4116,1,"1"
5185.7118258858536,187447,4130,1,"1"
5186.3603815332826,187429,4148,1,"1"
5195.8291144556788,187393,4184,2,"2"
5201.5955494802411,187375,4202,1,"1"
5211.4995134759711,187357,4220,1,"1"
5222.5367568723905,187354,4223,1,"1"
5245.7479074023422,187351,4226,1,"1"
5246.6254521175742,187321,4256,4,"3-1"
5257.0724504779791,187303,4274,1,"1"
5263.3723733634779,187281,4296,2,"2"
5265.8946119143402,187274,4303,1,"1"
5270.2545585703956,187256,4321,1,"1"
5275.2953229043387,187238,4339,1,"1"
5292.7525443607256,187235,4342,1,"1"
5307.3187793242705,187217,4360,1,"1"
5334.360620096696,187181,4396,2,"2"
5336.7177599846045,187142,4435,7,"2-1-1-1-1-1"
5352.3929251673235,187124,4453,1,"1"
5355.3368555384604,187106,4471,1,"1"
5364.3493262062384,187100,4477,2,"2"
5367.4332860742979,187092,4485,2,"1-1"
5380.3708745387748,187074,4503,1,"1"
5402.3046677039765,187054,4523,2,"2"
5404.2876515921253,187039,4538,3,"3"
5405.5572680020232,187029,4548,1,"1"
5421.1391338304038,187012,4565,3,"2-1"
5440.2578841556724,186994,4583,2,"2"
5441.110555501461,186958,4619,2,"1-1"
5441.8791636360047,186940,4637,1,"1"
5446.5796703243677,186922,4655,1,"1"
5448.4558196739927,186910,4667,1,"1"
5451.3313798354584,186892,4685,1,"1"
5462.2973704603646,186882,4695,2,"2"
5490.1117318055822,186866,4711,1,"1"
5490.6158285876963,186848,4729,1,"1"
5493.9012046539237,186826,4751,2,"1-1"
5519.0638860289046,186808,4769,1,"1"
5523.9923475027417,186795,4782,1,"1"
5528.8476315636817,186790,4787,1,"1"
5534.763817786491,186775,4802,1,"1"
5540.5269704769444,186757,4820,1,"1"
5554.4453936937061,186739,4838,1,"1"
5592.3376057771893,186723,4854,1,"1"
5592.9502579323316,186716,4861,1,"1"
5593.1311789832753,186696,4881,2,"1-1"
5598.2029176619199,186678,4899,1,"1"
5600.0029550693807,186660,4917,1,"1"
5609.1802225721021,186642,4935,1,"1"
5617.2208035003032,186606,4971,2,"1-1"
5624.8163997075244,186601,4976,1,"1"
5626.2270660190143,186583,4994,1,"1"
5627.4171020128842,186537,5040,4,"2-1-1"
5632.4677201255672,186519,5058,1,"1"
5639.8438835846473,186501,5076,1,"1"
5653.6449877037321,186491,5086,1,"1"
5655.0457324640693,186473,5104,1,"1"
5661.662286550948,186455,5122,1,"1"
5663.5854982444334,186449,5128,2,"2"
5663.6363422274853,186393,5184,4,"2-2"
5678.0532325172471,186375,5202,1,"1"
5681.380894604531,186357,5220,1,"1"
5688.2203495001468,186339,5238,1,"1"
5695.813730287482,186325,5252,2,"1-1"
5721.2944921919197,186307,5270,1,"1"
5723.7859826476051,186289,5288,1,"1"
5732.0253404520299,186282,5295,1,"1"
5733.4817091343866,186264,5313,1,"1"
5743.6275742595008,186246,5331,1,"1"
5746.16994676592,186228,5349,1,"1"
5754.1404949651815,186193,5384,9,"7-2"
5755.5667610787359,186175,5402,1,"1"
5759.7657519604236,186168,5409,1,"1"
5767.6831813668687,186150,5427,1,"1"
5769.0236404929065,186096,5481,3,"2-1"
5771.2663515050153,186078,5499,1,"1"
5784.2298286680279,186060,5517,1,"1"
5785.8554317103271,186057,5520,1,"1"
5789.3334060640418,186039,5538,1,"1"
5793.0229213335315,186032,5545,1,"1"
5800.5566519196836,186014,5563,1,"1"
5822.7062998444899,185996,5581,1,"1"
5826.6841718168289,185978,5599,1,"1"
5835.2830360704011,185960,5617,1,"1"
5867.8331163062303,185910,5667,4,"2-1-1"
5871.5185309634662,185896,5681,1,"1"
5874.4026656957349,185878,5699,1,"1"
5881.7270950352431,185860,5717,1,"1"
5891.2595108330079,185855,5722,1,"1"
5893.0851762919483,185837,5740,1,"1"
5905.4386088174224,185819,5758,1,"1"
5923.9774933241042,185805,5772,1,"1"
5941.5271886866703,185769,5808,2,"1-1"
5943.6658006820962,185763,5814,2,"2"
5959.677261257144,185745,5832,1,"1"
5965.0350144861923,185735,5842,2,"2"
5974.5533071777882,185717,5860,1,"1"
5975.570213034558,185707,5870,2,"2"
5978.8140484749174,185689,5888,1,"1"
5986.4662163741095,185635,5942,7,"4-1-1-1"
5990.0464291046783,185617,5960,1,"1"
5992.881828524798,185607,5970,2,"2"
5994.8127669789819,185598,5979,1,"1"
6002.4014459610007,185580,5997,1,"1"
6004.9196647726249,185544,6033,2,"2"
6009.4628452278821,185526,6051,2,"2"
6019.9833668414058,185511,6066,1,"1"
6019.9954843513842,185502,6075,1,"1"
6030.9197736568785,185484,6093,1,"1"
6038.723336733432,185448,6129,2,"2"
6041.221698273057,185430,6147,1,"1"
6046.9647254410293,185412,6165,2,"1-1"
6051.3263343242452,185394,6183,1,"1"
6056.967650190335,185376,6201,1,"1"
6060.5679294100291,185360,6217,2,"1-1"
6062.7247905887461,185353,6224,1,"1"
6068.8090413122809,185335,6242,2,"2"
6072.6433954570348,185317,6260,1,"1"
6075.1591540763629,185306,6271,1,"1"
6083.5090710600343,185297,6280,1,"1"
6099.6299072971797,185279,6298,1,"1"
6103.5101297202727,185243,6334,2,"2"
6105.7550775728205,185233,6344,1,"1"
6106.4261959949681,185223,6354,1,"1"
6109.5818875445793,185205,6372,1,"1"
6109.5930930085642,185168,6409,5,"2-1-1-1"
6113.0823388121335,185150,6427,1,"1"
6114.9496525214554,185122,6455,4,"2-1-1"
6120.5142734080328,185104,6473,1,"1"
6123.8709964015161,185097,6480,1,"1"
6127.6175267214712,185092,6485,1,"1"
6131.4786785630649,185074,6503,1,"1"
6137.3397992482269,185056,6521,1,"1"
6139.9142324457089,185038,6539,1,"1"
6144.2803017362085,185020,6557,1,"1"
6169.4183701907323,185004,6573,1,"1"
6174.3178233357157,184990,6587,1,"1"
6185.6340995623068,184972,6605,1,"1"
6189.5321209755612,184954,6623,1,"1"
6198.4634983671604,184945,6632,1,"1"
6229.0945096053729,184927,6650,1,"1"
6229.9313913600845,184909,6668,1,"1"
6231.797131741645,184897,6680,1,"1"
6241.4101399190868,184882,6695,1,"1"
6249.5265733597989,184869,6708,1,"1"
6258.5303204370011,184833,6744,2,"2"
6264.7023255511303,184815,6762,1,"1"
6274.5880190464495,184797,6780,1,"1"
6277.9416483508276,184794,6783,1,"1"
6278.3652722983597,184776,6801,1,"1"
6284.078136883355,184758,6819,1,"1"
6307.647333781525,184722,6855,2,"2"
6332.5630224839151,184686,6891,2,"1-1"
6340.6440728781527,184636,6941,4,"3-1"
6341.0460454715067,184618,6959,1,"1"
6342.0015738487,184602,6975,1,"1"
6360.103744729242,184566,7011,2,"1-1"
6364.1235054251838,184556,7021,1,"1"
6367.6451777889515,184538,7039,1,"1"
6368.6654096246366,184520,7057,1,"1"
6373.2803766975067,184502,7075,1,"1"
6389.7646181026812,184463,7114,5,"3-1-1"
6392.8390552338178,184446,7131,1,"1"
6394.8825856452931,184428,7149,1,"1"
6396.9977100433271,184423,7154,1,"1"
6402.5637839831625,184405,7172,1,"1"
6405.037189399256,184369,7208,2,"1-1"
6413.7026765651381,184351,7226,1,"1"
6414.5711535143064,184311,7266,4,"3-1"
6417.465492201879,184293,7284,1,"1"
6433.7642776653165,184283,7294,2,"2"
6433.9144260188295,184265,7312,1,"1"
6436.2847502351678,184253,7324,1,"1"
6438.2380041732631,184235,7342,1,"1"
6446.7772324889957,184217,7360,1,"1"
6450.1921228982155,184212,7365,1,"1"
6452.5005564611074,184194,7383,1,"1"
6459.371701193134,184177,7400,1,"1"
6461.4021548401224,184159,7418,1,"1"
6475.2639917422548,184141,7436,1,"1"
6488.9988200620601,184123,7454,1,"1"
6501.3920849028691,184110,7467,1,"1"
6517.7505110603861,184074,7503,2,"2"
6528.1425564976125,184056,7521,1,"1"
6531.9769663664874,184038,7539,1,"1"
6543.5965933149901,184020,7557,1,"1"
6549.4836794976654,184013,7564,1,"1"
6551.0288665339795,183995,7582,1,"1"
6573.6985532422841,183979,7598,2,"1-1"
6583.0737678150508,183972,7605,1,"1"
6584.999842485403,183963,7614,1,"1"
6611.3584397780542,183945,7632,1,"1"
6612.0617771085999,183925,7652,2,"2"
6616.1777684725903,183913,7664,1,"1"
6627.2169100790707,183895,7682,1,"1"
6627.4329746713574,183890,7687,1,"1"
6632.6120329940068,183872,7705,1,"1"
6653.5708962871295,183848,7729,2,"1-1"
6663.5348405609211,183830,7747,1,"1"
6664.9996448233742,183812,7765,1,"1"
6667.7972397182457,183794,7783,1,"1"
6674.6281467682466,183776,7801,1,"1"
6691.1219612028081,183758,7819,1,"1"
6698.2861397527631,183740,7837,1,"1"
6711.6146370453325,183722,7855,1,"1"
6716.7962882007714,183680,7897,3,"3"
6721.8464892601896,183657,7920,3,"3"
6728.9088347433089,183639,7938,1,"1"
6731.6920126315417,183629,7948,2,"1-1"
6737.8207771887091,183563,8014,6,"5-1"
6738.9969360054529,183470,8107,11,"2-2-2-1-1-1-1-1"
6750.6634300808191,183438,8139,2,"1-1"
6760.5278751425121,183420,8157,1,"1"
6768.8340999612592,183328,8249,10,"6-2-1-1"
6768.8899613880594,183289,8288,5,"3-2"
6791.972866423198,183271,8306,1,"1"
6793.0804267896438,183235,8342,2,"1-1"
6804.3814559343609,183217,8360,1,"1"
6808.9691056432248,183199,8378,1,"1"
6809.935609852987,183192,8385,1,"1"
6829.2003379300531,183170,8407,2,"2"
6837.9350451118598,183051,8526,11,"4-4-1-1-1"
6844.357010406653,183033,8544,1,"1"
6850.7723364959065,183026,8551,1,"1"
6850.8758719535326,182934,8643,10,"3-2-2-1-1-1"
6860.1300133884961,182872,8705,4,"2-2"
6861.0321233305413,182860,8717,1,"1"
6863.3992886200522,182842,8735,1,"1"
6894.6674551811375,182820,8757,2,"2"
6899.367007763577,182802,8775,1,"1"
6922.8411397888058,182784,8793,1,"1"
6936.755619559367,182766,8811,1,"1"
6937.6866773399479,182756,8821,1,"1"
6940.5789181328673,182702,8875,3,"2-1"
6945.286471858476,182693,8884,1,"1"
6968.658813819201,182683,8894,1,"1"
6969.5457862629255,182647,8930,2,"2"
6971.7611952874831,182633,8944,2,"2"
6974.5517648774248,182601,8976,2,"2"
6975.5873013419859,182551,9026,3,"2-1"
6987.634754186759,182531,9046,2,"2"
7007.5239738827095,182513,9064,1,"1"
7009.5150141325566,182486,9091,2,"2"
7010.5087941710244,182450,9127,2,"2"
7010.5320631573195,182432,9145,1,"1"
7016.0900551986615,182421,9156,1,"1"
7029.4894516267341,182403,9174,1,"1"
7034.2836991853483,182385,9192,1,"1"
7043.7644133305275,182367,9210,1,"1"
7052.9848706778257,182332,9245,3,"3"
7054.1633809474815,182312,9265,2,"1-1"
7069.8557147692318,182294,9283,1,"1"
7080.1905066360932,182276,9301,1,"1"
7085.8851883427305,182266,9311,1,"1"
7088.230840318578,182248,9329,1,"1"
7091.9389081673398,182225,9352,3,"3"
7119.4835661118423,182207,9370,1,"1"
7121.6983195124221,182171,9406,2,"1-1"
7126.6946829944673,182159,9418,1,"1"
7130.9830361962559,182141,9436,1,"1"
7131.2935126067478,182123,9454,1,"1"
7135.1702048524394,182105,9472,1,"1"
7139.6962528111617,182033,9544,6,"3-2-1"
7145.2306958313175,182022,9555,1,"1"
7149.9117902401549,182004,9573,1,"1"
7155.932464024977,181994,9583,1,"1"
7163.2091431152048,181958,9619,2,"1-1"
7164.1989563524348,181936,9641,2,"2"
7177.5129938737055,181918,9659,1,"1"
7179.6691937067671,181882,9695,2,"2"
7193.3270616877426,181872,9705,2,"2"
7203.8290116278922,181838,9739,3,"2-1"
7215.2524387747371,181828,9749,1,"1"
7219.1641667411368,181819,9758,1,"1"
7224.3294196704928,181805,9772,1,"1"
7228.8992551834217,181787,9790,1,"1"
7237.0016137882003,181765,9812,2,"1-1"
7238.617526490847,181747,9830,1,"1"
7239.4360979237881,181729,9848,1,"1"
7243.8859107466578,181711,9866,1,"1"
7252.873852331456,181683,9894,2,"1-1"
7257.588178893955,181665,9912,1,"1"
7258.7306431335574,181647,9930,1,"1"
7259.8389305684514,181629,9948,1,"1"
7272.0578227975839,181599,9978,4,"3-1"
7285.5204874563069,181581,9996,1,"1"
7288.1146191066427,181559,10018,2,"2"
7297.134524025646,181541,10036,1,"1"
7298.5085761142891,181523,10054,1,"1"
7319.6947251531528,181505,10072,1,"1"
7320.0338910508935,181487,10090,1,"1"
7331.2034224579083,181480,10097,1,"1"
7339.0615254886452,181288,10289,24,"9-4-4-3-2-1-1"
7341.4063262563477,181271,10306,1,"1"
7343.5404876251978,181264,10313,1,"1"
7353.164647389528,181246,10331,1,"1"
7353.3087246043378,181236,10341,1,"1"
7364.5865696009369,181218,10359,1,"1"
7373.7845753679931,181200,10377,1,"1"
7375.7379668015237,181193,10384,1,"1"
7380.4251870646249,181175,10402,1,"1"
7387.353292531976,181157,10420,1,"1"
7391.8768484231168,181123,10454,3,"1-1-1"
7401.006621422137,181105,10472,1,"1"
7401.911246736463,181069,10508,2,"2"
7409.7299922583779,181051,10526,1,"1"
7410.5226386587674,181033,10544,1,"1"
7424.7237402235178,181021,10556,2,"1-1"
7432.6328977521707,181007,10570,1,"1"
7438.3633800839661,180971,10606,2,"2"
7442.732964862179,180953,10624,1,"1"
7444.4457579250757,180935,10642,1,"1"
7448.1807575649154,180917,10660,1,"1"
7452.2890731447442,180899,10678,1,"1"
7456.68052021315,180885,10692,2,"2"
7457.5110763981329,180864,10713,3,"1-1-1"
7478.698002809032,180828,10749,2,"2"
7481.8702685058279,180821,10756,1,"1"
7488.0540362490374,180785,10792,2,"1-1"
7491.051678312434,180767,10810,1,"1"
7494.6861132313688,180749,10828,1,"1"
7498.4456395737125,180731,10846,1,"1"
7501.9576306243416,180713,10864,1,"1"
7509.2476300363442,180703,10874,1,"1"
7515.1038926395158,180685,10892,1,"1"
7521.9555527653638,180667,10910,1,"1"
7522.1084647159405,180649,10928,1,"1"
7526.2523170313698,180631,10946,1,"1"
7527.4523650007659,180613,10964,1,"1"
7527.9709811557186,180595,10982,1,"1"
7538.88631102817,180577,11000,1,"1"
7539.4379034510939,180559,11018,1,"1"
7550.1437043825899,180523,11054,2,"2"
7553.3998172311385,180505,11072,1,"1"
7559.4137799801929,180473,11104,2,"2"
7573.6535227296008,180455,11122,1,"1"
7578.6575622043229,180437,11140,1,"1"
7579.0635769787987,180361,11216,6,"4-1-1"
7579.1233847644917,180343,11234,1,"1"
7580.7815930292891,180325,11252,1,"1"
7581.0981974900142,180217,11360,6,"4-2"
7582.6356879639306,180199,11378,1,"1"
7597.0519856265946,180157,11420,3,"2-1"
7598.7505487324415,180139,11438,1,"1"
7603.0070459527442,180121,11456,1,"1"
7608.5370804763925,180107,11470,2,"2"
7612.0157424858498,180089,11488,1,"1"
7615.4159023042503,180071,11506,1,"1"
7622.2785663236882,180041,11536,3,"3"
7626.7394151845001,180005,11572,2,"2"
7646.6368845977941,179987,11590,1,"1"
7673.2458053669425,179978,11599,1,"1"
7683.8031136317522,179960,11617,1,"1"
7687.9418392720172,179940,11637,2,"1-1"
7691.2485070770708,179922,11655,1,"1"
7694.2823372343955,179896,11681,2,"2"
7706.6118344151773,179878,11699,1,"1"
7710.8605042422896,179873,11704,1,"1"
7724.9469340317783,179855,11722,1,"1"
7735.2658723376426,179821,11756,2,"2"
7748.9939364617121,179691,11886,10,"3-3-2-1-1"
7751.8844326706303,179250,12327,46,"10-7-6-4-3-2-2-2-2-2-1-1-1-1-1-1"
7753.0086773254516,179214,12363,2,"2"
7754.793071896228,179196,12381,1,"1"
7759.9486482772063,179142,12435,3,"2-1"
7761.0528564368014,179124,12453,1,"1"
7768.0488423062825,179074,12503,3,"3"
7769.261741661142,179056,12521,1,"1"
7771.6701063421224,179038,12539,1,"1"
7778.7432588992751,179002,12575,2,"2"
7792.3860122990372,178984,12593,1,"1"
7807.7677569562484,178971,12606,1,"1"
7819.3763654026798,178953,12624,1,"1"
7824.3992368887139,178922,12655,3,"2-1"
7825.6108266733218,178904,12673,1,"1"
7827.6535426850569,178886,12691,1,"1"
7829.4052282459552,178832,12745,3,"3"
7834.3677298520925,178818,12759,1,"1"
7839.7572788084999,178800,12777,1,"1"
7843.4800066668422,178782,12795,1,"1"
7846.1362710233252,178766,12811,1,"1"
7851.3946625291737,178748,12829,1,"1"
7853.7134318735398,178698,12879,4,"2-1-1"
7854.6458134603809,178680,12897,1,"1"
7867.378441289583,178557,13020,13,"5-3-2-1-1-1"
7869.0289216404199,178539,13038,1,"1"
7874.275559958839,178525,13052,2,"1-1"
7877.8151401978548,178507,13070,1,"1"
7895.2351054877545,178471,13106,2,"1-1"
7896.7343635044772,178175,13402,23,"6-3-2-2-2-2-2-1-1-1-1"
7901.5132883817023,178157,13420,1,"1"
7901.5205820279953,178121,13456,2,"2"
7907.6568087264759,178103,13474,1,"1"
7935.3677463912645,178083,13494,2,"2"
7939.4568199804917,178066,13511,1,"1"
7943.2808110763835,178033,13544,3,"2-1"
7944.1489979973658,178015,13562,1,"1"
7952.9857467139082,0,191577,10052,"10052"
----------------------------------------------6
0,191577,0,0,"0"
165.15846167630426,191576,1,1,"1"
283.61772834687139,191558,19,1,"1"
313.01135866157506,191557,20,1,"1"
316.22212467981171,191556,21,1,"1"
390.97235493511795,191555,22,1,"1"
394.5839812081885,191554,23,1,"1"
394.76303393510295,191552,25,2,"2"
444.87304359989525,191551,26,1,"1"
461.26418335193807,191550,27,1,"1"
514.96540218335804,191549,28,1,"1"
532.1291089175927,191548,29,1,"1"
543.75082233773742,191546,31,2,"2"
545.56784499587968,191545,32,1,"1"
555.81359501665906,191542,35,1,"1"
572.18628838060511,191539,38,1,"1"
607.04021596213852,191538,39,1,"1"
616.49282714876711,191537,40,1,"1"
622.83314678076306,191534,43,1,"1"
650.07926561792294,191533,44,1,"1"
661.85074234470494,191532,45,1,"1"
706.330882561218,191531,46,1,"1"
715.42796737115509,191513,64,1,"1"
740.61698493875258,191512,65,1,"1"
747.49690767888899,191511,66,1,"1"
772.35474490258582,191505,72,2,"2"
786.90938195521016,191504,73,1,"1"
790.40222457138384,191503,74,1,"1"
798.89932752569644,191502,75,1,"1"
798.91793440406104,191501,76,1,"1"
801.5831425989137,191489,88,1,"1"
816.01870706576904,191488,89,1,"1"
857.32024196158511,191487,90,1,"1"
859.64268541535,191486,91,1,"1"
863.73441094446957,191485,92,1,"1"
869.76087986979758,191483,94,2,"1-1"
875.46857630758382,191482,95,1,"1"
880.99608419319816,191481,96,1,"1"
883.65310203583579,191479,98,2,"1-1"
892.56876596441953,191461,116,1,"1"
905.52981989110231,191459,118,2,"2"
923.47703478086657,191456,121,1,"1"
927.42120736306481,191455,122,1,"1"
1005.9219893779901,191437,140,1,"1"
1006.2481261658177,191436,141,1,"1"
1012.2304811337387,191435,142,1,"1"
1015.7279644656778,191434,143,1,"1"
1019.9880364754921,191433,144,1,"1"
1043.3488654271857,191417,160,1,"1"
1047.1637810458408,191414,163,1,"1"
1069.4586975146794,191396,181,1,"1"
1076.557354978125,191395,182,1,"1"
1093.1500378934054,191394,183,1,"1"
1136.1588399329769,191392,185,2,"2"
1148.1655541763637,191374,203,1,"1"
1186.8368973106565,191356,221,1,"1"
1189.4698116734937,191352,225,2,"2"
1203.3021085988275,191340,237,1,"1"
1218.8052351252375,191335,242,1,"1"
1231.2549146310096,191334,243,1,"1"
1232.5102177061788,191321,256,1,"1"
1237.7309163470763,191320,257,1,"1"
1260.6702782842663,191317,260,1,"1"
1294.1944355158805,191299,278,1,"1"
1300.2004735402654,191296,281,1,"1"
1300.9900469406871,191295,282,1,"1"
1318.2333076157963,191293,284,2,"2"
1322.2222136716764,191290,287,1,"1"
1328.5360905405262,191288,289,2,"2"
1329.452635886629,191287,290,1,"1"
1329.7845574372445,191286,291,1,"1"
1351.4577851414585,191285,292,1,"1"
1359.4280717890774,191284,293,1,"1"
1378.6637788771056,191283,294,1,"1"
1384.7416941984673,191265,312,1,"1"
1390.6904564835575,191262,315,1,"1"
1408.7184496704735,191260,317,2,"2"
1430.2892264678621,191250,327,1,"1"
1433.1282734592066,191234,343,1,"1"
1478.3129421655879,191233,344,1,"1"
1491.3088598316126,191232,345,1,"1"
1493.2278096702353,191214,363,1,"1"
1501.357225213362,191196,381,1,"1"
1527.3476062788916,191195,382,1,"1"
1532.7737983115537,191194,383,1,"1"
1545.4763132100245,191166,411,2,"1-1"
1546.7551977506882,191154,423,1,"1"
1557.6771060816725,191153,424,1,"1"
1575.6053694700447,191135,442,1,"1"
1590.4148566679271,191134,443,1,"1"
1591.2508708484479,191116,461,1,"1"
1591.4044684891342,191115,462,1,"1"
1595.6662096273844,191105,472,1,"1"
1604.3472583834105,191087,490,1,"1"
1608.5027864245174,191069,508,1,"1"
1628.8961550842866,191066,511,1,"1"
1636.4273397485431,191056,521,1,"1"
1637.574452551753,191053,524,1,"1"
1638.3171341709615,191052,525,1,"1"
1660.3975496176504,191051,526,1,"1"
1668.6199724169076,191035,542,1,"1"
1687.2590264506932,191025,552,6,"3-1-1-1"
1687.8854707213013,190971,606,3,"3"
1700.9072441179294,190969,608,2,"2"
1710.0754100403447,190951,626,1,"1"
1722.3468497960021,190933,644,1,"1"
1722.4313508298364,190932,645,1,"1"
1722.9038081279634,190914,663,1,"1"
1730.2208104411297,190904,673,1,"1"
1734.8129951492704,190902,675,2,"2"
1741.0064490606112,190901,676,1,"1"
1748.1025653313825,190900,677,1,"1"
1773.644615718677,190895,682,1,"1"
1791.5041402709498,190877,700,1,"1"
1818.6311031467981,190859,718,1,"1"
1853.5774647286523,190841,736,1,"1"
1865.964277230097,190832,745,1,"1"
1866.7372528348453,190831,746,1,"1"
1869.7518156472286,190830,747,1,"1"
1904.4738483764722,190827,750,3,"2-1"
1918.3664019741061,190825,752,2,"1-1"
1962.6541884304509,190824,753,1,"1"
1971.6986568494442,190823,754,1,"1"
2011.2982495014478,190822,755,1,"1"
2088.7122815590869,190812,765,1,"1"
2094.3800315242738,190811,766,1,"1"
2111.9954512502582,190808,769,1,"1"
2118.1184702370692,190807,770,1,"1"
2120.8842255073205,190789,788,1,"1"
2145.3010749591094,190773,804,2,"1-1"
2151.5227897848008,190770,807,1,"1"
2163.0640590550329,190767,810,1,"1"
2181.5990696332319,190749,828,1,"1"
2187.8101551681102,190744,833,3,"1-1-1"
2191.2310285713233,190741,836,1,"1"
2207.9663224954274,190740,837,1,"1"
2257.7641295691724,190730,847,1,"1"
2266.4765557452283,190714,863,1,"1"
2270.2987416170486,190711,866,1,"1"
2280.1222352701843,190706,871,1,"1"
2290.2599473294395,190703,874,1,"1"
2317.4738463117328,190700,877,1,"1"
2337.059033803881,190686,891,1,"1"
2343.4025397524815,190676,901,1,"1"
2344.0409807850415,190658,919,1,"1"
2384.4619597058609,190657,920,1,"1"
2389.3275677678052,190656,921,1,"1"
2392.6434062068165,190653,924,1,"1"
2404.9866618619649,190652,925,1,"1"
2406.4712242566684,190651,926,1,"1"
2445.9354328207078,190650,927,1,"1"
2461.8384398829426,190643,934,1,"1"
2469.7718356113014,190625,952,1,"1"
2470.7153014994301,190622,955,1,"1"
2480.4135921772172,190621,956,1,"1"
2490.3977211666834,190603,974,1,"1"
2492.156765306956,190602,975,1,"1"
2494.6436463447658,190601,976,1,"1"
2509.5574634645523,190598,979,1,"1"
2521.7027028487801,190580,997,1,"1"
2526.5164020291372,190577,1000,1,"1"
2531.5273549212779,190570,1007,1,"1"
2559.9805909667161,190552,1025,1,"1"
2632.1053576676122,190534,1043,1,"1"
2642.8469805602526,190524,1053,1,"1"
2650.8573627147821,190521,1056,1,"1"
2661.8344900430011,190506,1071,1,"1"
2669.4864605673101,190496,1081,1,"1"
2687.1023007630706,190493,1084,1,"1"
2687.7768976618927,190475,1102,1,"1"
2690.0114009108888,190467,1110,2,"1-1"
2699.717001664234,190462,1115,3,"3"
2731.3151590023622,190461,1116,1,"1"
2761.6362314691937,190443,1134,1,"1"
2771.6556073826728,190440,1137,1,"1"
2772.1074173020365,190422,1155,1,"1"
2835.3611106957001,190418,1159,2,"2"
2870.811808741385,190408,1169,2,"2"
2873.3477407621222,190402,1175,2,"2"
2883.2816547151642,190384,1193,1,"1"
2883.9953803000676,190366,1211,1,"1"
2884.2923681779021,190356,1221,1,"1"
2894.2593359317761,190338,1239,1,"1"
2900.8870218417146,190320,1257,1,"1"
2912.6019009525335,190304,1273,2,"2"
2921.4580606334039,190286,1291,1,"1"
2921.7222307353877,190268,1309,1,"1"
2937.0488043015966,190263,1314,1,"1"
2940.783485692074,190260,1317,1,"1"
2950.8428998638665,190242,1335,1,"1"
3010.1266533001794,190224,1353,1,"1"
3049.5072829650126,190211,1366,3,"3"
3050.7485919551973,190201,1376,1,"1"
3061.8185666556619,190198,1379,1,"1"
3087.9047084542644,190180,1397,1,"1"
3092.8348969650715,190173,1404,1,"1"
3105.9027768540363,190155,1422,1,"1"
3111.1153267352847,190134,1443,2,"2"
3122.0319080823842,190116,1461,1,"1"
3131.1470611209038,190101,1476,3,"2-1"
3138.9594162994431,190094,1483,1,"1"
3152.4476549530009,190087,1490,1,"1"
3152.7463161462774,190084,1493,1,"1"
3154.6771315170427,190083,1494,1,"1"
3157.4599806896567,190065,1512,1,"1"
3158.4199476206218,190032,1545,2,"1-1"
3167.3884106157693,190027,1550,1,"1"
3177.6640106746891,190009,1568,1,"1"
3184.8970770754427,190002,1575,1,"1"
3204.6412462711191,189984,1593,1,"1"
3220.0233813789782,189948,1629,2,"2"
3241.8299023314894,189930,1647,1,"1"
3256.143752745586,189920,1657,1,"1"
3256.3246364567785,189902,1675,1,"1"
3279.9046159419413,189897,1680,1,"1"
3288.8146304081906,189885,1692,1,"1"
3299.8888686314563,189867,1710,1,"1"
3310.8133907676061,189864,1713,1,"1"
3317.6871655164064,189861,1716,1,"1"
3332.7370833490145,189851,1726,2,"2"
3357.7263773855275,189833,1744,1,"1"
3359.4883929913558,189830,1747,1,"1"
3361.8103395782196,189823,1754,1,"1"
3377.6902996580375,189805,1772,1,"1"
3392.758916435288,189789,1788,1,"1"
3401.9451828681927,189771,1806,1,"1"
3416.493298998806,189753,1824,1,"1"
3431.9968037946633,189735,1842,1,"1"
3436.0465859417068,189717,1860,1,"1"
3437.1253888567126,189712,1865,1,"1"
3441.8292569069654,189707,1870,1,"1"
3451.8086003895792,189702,1875,1,"1"
3469.51260450579,189684,1893,1,"1"
3485.9797557954785,189666,1911,1,"1"
3504.6061773226138,189648,1929,1,"1"
3508.0549825281528,189630,1947,1,"1"
3513.0202352645933,189612,1965,1,"1"
3515.3240435187449,189594,1983,1,"1"
3526.3205603522174,189584,1993,2,"1-1"
3532.9324886933623,189566,2011,1,"1"
3541.2540498048011,189555,2022,1,"1"
3542.1865492843835,189537,2040,1,"1"
3569.4015593288968,189534,2043,1,"1"
3573.7350926308409,189514,2063,2,"2"
3597.0015759024941,189511,2066,1,"1"
3597.9621299192336,189493,2084,1,"1"
3608.6464400827826,189475,2102,1,"1"
3627.7911864636321,189457,2120,1,"1"
3646.508796033308,189439,2138,1,"1"
3706.7919790337064,189430,2147,1,"1"
3708.0236481357292,189412,2165,1,"1"
3718.7169953263742,189399,2178,3,"2-1"
3726.1514613217505,189393,2184,2,"2"
3739.6976632568762,189383,2194,1,"1"
3743.5677729312642,189365,2212,1,"1"
3744.0818624373665,189362,2215,1,"1"
3744.8808029231382,189351,2226,1,"1"
3746.120674474535,189337,2240,1,"1"
3747.4544274352857,189332,2245,1,"1"
3760.6751676491144,189315,2262,3,"3"
3788.2108216627244,189300,2277,3,"3"
3790.011363337198,189264,2313,2,"2"
3792.2099478464702,189261,2316,1,"1"
3801.1013029023193,189243,2334,1,"1"
3806.7020346640106,189225,2352,1,"1"
3820.4799420415752,189222,2355,1,"1"
3822.124943783715,189212,2365,1,"1"
3826.3434245422409,189206,2371,2,"1-1"
3829.2133723398188,189186,2391,2,"2"
3837.7850406140524,189171,2406,1,"1"
3841.6542440680778,189153,2424,1,"1"
3844.0215585549231,189139,2438,2,"2"
3849.7544909971043,189123,2454,1,"1"
3850.7224728228052,189105,2472,1,"1"
3900.157722092069,189098,2479,1,"1"
3917.5125023079427,189080,2497,1,"1"
3918.959868693888,189062,2515,1,"1"
3921.3557282069287,189044,2533,1,"1"
3924.8653046217109,189029,2548,3,"3"
3949.1386071190368,189009,2568,2,"2"
3956.3804641157562,188991,2586,1,"1"
3964.0342691684928,188984,2593,1,"1"
3969.3421140361984,188970,2607,2,"2"
3973.9935602373093,188952,2625,1,"1"
3976.9670885407104,188942,2635,1,"1"
3978.1851621800256,188924,2653,1,"1"
3991.0512238742667,188921,2656,1,"1"
3995.3064197114545,188905,2672,2,"1-1"
4007.4312386168863,188887,2690,1,"1"
4013.9054738821915,188869,2708,1,"1"
4059.7718345483609,188851,2726,1,"1"
4072.8260655239637,188846,2731,1,"1"
4138.8876547672771,188828,2749,1,"1"
4144.3163156301944,188810,2767,1,"1"
4150.5997642825469,188792,2785,1,"1"
4163.1511924774732,188772,2805,2,"1-1"
4165.2116775956447,188762,2815,1,"1"
4170.3093780512472,188744,2833,1,"1"
4187.9720840731297,188736,2841,2,"1-1"
4202.2439175267054,188731,2846,1,"1"
4214.2524368665681,188719,2858,1,"1"
4214.5183183747959,188714,2863,1,"1"
4242.4696752912632,188707,2870,1,"1"
4242.9246171111545,188689,2888,1,"1"
4254.7562712816134,188671,2906,1,"1"
4259.6315039507981,188653,2924,1,"1"
4262.0449502327929,188638,2939,1,"1"
4268.6532587137744,188620,2957,1,"1"
4277.4464506712075,188602,2975,1,"1"
4280.973675553586,188584,2993,1,"1"
4281.3692407287463,188566,3011,1,"1"
4293.28161211519,188556,3021,1,"1"
4302.7211090628007,188538,3039,1,"1"
4303.1199894348865,188535,3042,1,"1"
4305.1977460711105,188514,3063,5,"3-2"
4310.8368854514665,188496,3081,1,"1"
4311.1839987444318,188450,3127,3,"2-1"
4316.6588839523201,188432,3145,1,"1"
4338.2743443254758,188414,3163,1,"1"
4356.4559228885691,188396,3181,1,"1"
4358.8022559724332,188378,3199,1,"1"
4362.3108346803383,188360,3217,1,"1"
4367.0398637100034,188342,3235,1,"1"
4396.0078251727527,188324,3253,1,"1"
4401.3156902656665,188316,3261,2,"1-1"
4414.7490085224763,188311,3266,1,"1"
4417.4240991603001,188293,3284,1,"1"
4420.8384539048993,188275,3302,1,"1"
4421.6079821201756,188272,3305,1,"1"
4422.6222910334745,188254,3323,1,"1"
4423.0844118538453,188236,3341,1,"1"
4434.4407709524367,188214,3363,6,"4-2"
4439.0686995074229,188196,3381,1,"1"
4441.403211001516,188160,3417,2,"2"
4446.5329928864039,188136,3441,4,"4"
4505.5504956466266,188112,3465,6,"4-1-1"
4506.1981083276305,188105,3472,1,"1"
4506.8829481722296,188100,3477,1,"1"
4547.9289448997697,188097,3480,1,"1"
4558.3229933625344,188079,3498,1,"1"
4580.3197535557456,188061,3516,1,"1"
4606.9214147900457,188043,3534,1,"1"
4612.5210100311351,188025,3552,1,"1"
4618.8904128096347,188020,3557,1,"1"
4623.7668788357651,188006,3571,2,"1-1"
4624.3810040155149,187988,3589,1,"1"
4630.3319359889574,187976,3601,1,"1"
4643.9089477536254,187958,3619,1,"1"
4678.5647268056246,187940,3637,1,"1"
4683.3552038497983,187931,3646,1,"1"
4703.2656529613078,187915,3662,1,"1"
4704.2201873392569,187905,3672,1,"1"
4707.1098459088016,187900,3677,1,"1"
4712.4356266326295,187888,3689,1,"1"
4715.991994553262,187870,3707,1,"1"
4721.0766951080204,187863,3714,1,"1"
4730.683217410794,187846,3731,1,"1"
4748.6347079022507,187839,3738,1,"1"
4763.6133263247375,187821,3756,1,"1"
4774.4509656870277,187816,3761,1,"1"
4778.0521961774084,187798,3779,1,"1"
4779.9981380052986,187748,3829,3,"3"
4786.0777600655556,187735,3842,1,"1"
4790.4315667057717,187730,3847,1,"1"
4792.275686089074,187712,3865,1,"1"
4809.8667970815313,187707,3870,1,"1"
4815.950826197447,187689,3888,1,"1"
4830.217087272782,187684,3893,1,"1"
4837.2602879939095,187648,3929,4,"2-2"
4847.0201179282385,187636,3941,2,"1-1"
4848.1672775431653,187622,3955,1,"1"
4864.8365143643041,187615,3962,1,"1"
4878.9645766468575,187597,3980,1,"1"
4885.913081698408,187579,3998,1,"1"
4886.7302661232243,187564,4013,3,"2-1"
4889.8660028721215,187552,4025,1,"1"
4891.0959068546899,187539,4038,1,"1"
4892.2808390668415,187521,4056,1,"1"
4910.5463997044981,187503,4074,4,"2-1-1"
4918.8952398683532,187491,4086,1,"1"
4932.618211627374,187481,4096,2,"2"
4935.342274503073,187475,4102,2,"2"
4949.2956581558374,187457,4120,1,"1"
4958.2139871829795,187448,4129,3,"3"
4963.5315795609258,187430,4147,1,"1"
4981.2725027672923,187412,4165,1,"1"
5008.5773243639842,187394,4183,1,"1"
5011.3461883320506,187365,4212,7,"4-2-1"
5016.3404619292241,187347,4230,1,"1"
5020.2254984135188,187329,4248,1,"1"
5023.2738114431904,187311,4266,1,"1"
5030.5626452315564,187296,4281,1,"1"
5031.6340915743049,187285,4292,1,"1"
5040.9633979178971,187267,4310,1,"1"
5071.6747023565968,187249,4328,1,"1"
5072.6028964536317,187231,4346,1,"1"
5099.000352503961,187213,4364,1,"1"
5102.4651186917117,187203,4374,1,"1"
5105.8176325136392,187185,4392,1,"1"
5113.5787739704792,187167,4410,1,"1"
5121.1203929661742,187158,4419,1,"1"
5129.6724644566402,187149,4428,1,"1"
5130.9914265908556,187131,4446,1,"1"
5137.4800213518674,187095,4482,2,"2"
5137.7812309654682,187077,4500,1,"1"
5145.6478557550954,187065,4512,1,"1"
5147.4823569978989,187047,4530,1,"1"
5148.0464948446624,187029,4548,1,"1"
5149.2559753179303,187011,4566,1,"1"
5149.8924113918629,186997,4580,1,"1"
5153.5341481279129,186961,4616,2,"2"
5171.6973990210417,186925,4652,2,"2"
5176.5872904558819,186907,4670,1,"1"
5203.9248129087819,186889,4688,1,"1"
5239.8349338349481,186878,4699,1,"1"
5244.824296740363,186860,4717,1,"1"
5245.2095269687588,186853,4724,1,"1"
5259.9453989819021,186848,4729,1,"1"
5264.5373945716456,186830,4747,1,"1"
5275.8383498901767,186794,4783,2,"1-1"
5281.1687508230343,186776,4801,1,"1"
5327.5888557406879,186758,4819,1,"1"
5342.00553439549,186740,4837,1,"1"
5371.6746779681089,186735,4842,1,"1"
5383.718606979417,186729,4848,2,"2"
5386.1594017011194,186711,4866,1,"1"
5388.3870041564242,186697,4880,1,"1"
5391.5816948551119,186679,4898,1,"1"
5397.2838285873968,186661,4916,1,"1"
5402.8976064328072,186643,4934,1,"1"
5407.8929284777669,186633,4944,1,"1"
5417.8118841544338,186615,4962,1,"1"
5418.3539433925725,186605,4972,1,"1"
5420.7164556734042,186569,5008,2,"2"
5431.5170871516275,186551,5026,1,"1"
5434.1649712043891,186519,5058,2,"2"
5444.5018443058289,186509,5068,1,"1"
5445.6313878977808,186499,5078,1,"1"
5447.5866307079923,186481,5096,1,"1"
5450.0877647197804,186463,5114,1,"1"
5467.4304878138264,186453,5124,2,"2"
5479.4572457052154,186440,5137,3,"2-1"
5482.9977687358542,186422,5155,1,"1"
5502.3892663546967,186404,5173,1,"1"
5520.2172888393752,186397,5180,1,"1"
5525.4956419846994,186379,5198,1,"1"
5532.6310695954189,186361,5216,1,"1"
5541.9636729699005,186343,5234,1,"1"
5546.5449457437217,186307,5270,2,"2"
5546.5785662882672,186289,5288,1,"1"
5552.689525986335,186271,5306,1,"1"
5559.3037386966162,186253,5324,1,"1"
5560.3994549571516,186217,5360,2,"2"
5566.5385451206985,186199,5378,1,"1"
5574.5185230154648,186181,5396,1,"1"
5577.8858414252081,186161,5416,2,"2"
5586.8615008391871,186143,5434,1,"1"
5593.0813774751441,186133,5444,1,"1"
5595.9500251622312,186071,5506,7,"3-2-1-1"
5603.3796637220685,186053,5524,1,"1"
5607.537710934801,186017,5560,2,"2"
5617.7568222605914,186012,5565,1,"1"
5646.7118661090426,186007,5570,1,"1"
5677.9598407530721,186002,5575,1,"1"
5678.8362070151261,185984,5593,1,"1"
5694.2138145083472,185966,5611,1,"1"
5704.7235432015277,185961,5616,1,"1"
5711.6364792386921,185947,5630,1,"1"
5714.5208279911039,185929,5648,1,"1"
5719.7773241836549,185919,5658,1,"1"
5726.660018436758,185901,5676,1,"1"
5745.8330200360951,185891,5686,2,"2"
5747.4428897587295,185873,5704,1,"1"
5762.5550932477963,185837,5740,2,"2"
5785.973276369602,185832,5745,1,"1"
5817.5558823452811,185796,5781,2,"2"
5818.122417551891,185776,5801,4,"4"
5832.7335644837185,185758,5819,1,"1"
5855.0972587034885,185740,5837,1,"1"
5858.5748109274882,185722,5855,1,"1"
5866.9761468574989,185715,5862,1,"1"
5870.3352840132902,185697,5880,1,"1"
5871.1392866227952,185679,5898,1,"1"
5878.171377454958,185661,5916,1,"1"
5894.326467550799,185646,5931,3,"2-1"
5894.7032180498518,185637,5940,1,"1"
5915.5700169882057,185619,5958,1,"1"
5920.471122225722,185603,5974,1,"1"
5932.3690466007629,185575,6002,2,"2"
5962.6702603889098,185568,6009,1,"1"
5972.2175209408369,185550,6027,1,"1"
5975.7669066157141,185532,6045,1,"1"
6000.0065288610649,185520,6057,1,"1"
6003.6962577417044,185502,6075,1,"1"
6009.543945964002,185470,6107,4,"3-1"
6013.3781698262619,185456,6121,1,"1"
6016.8247757548615,185438,6139,1,"1"
6018.6325443819997,185420,6157,1,"1"
6019.365039308288,185417,6160,1,"1"
6021.428640888942,185387,6190,2,"1-1"
6023.6226507062902,185369,6208,1,"1"
6030.9677288439834,185351,6226,1,"1"
6032.1895909420991,185333,6244,1,"1"
6034.6237138097486,185315,6262,1,"1"
6049.193279388227,185272,6305,4,"2-1-1"
6063.998154696128,185254,6323,1,"1"
6067.9403179198389,185249,6328,1,"1"
6071.9393047008889,185195,6382,5,"5"
6074.7832570075379,185177,6400,1,"1"
6093.1262426795802,185159,6418,1,"1"
6094.283351631545,185141,6436,1,"1"
6098.098422689256,185123,6454,1,"1"
6100.1435217341786,185118,6459,1,"1"
6148.4733592618786,185082,6495,2,"1-1"
6152.3301582679187,185075,6502,1,"1"
6162.7234459874808,185057,6520,1,"1"
6169.9330683210328,185024,6553,3,"2-1"
6174.1591384232415,185006,6571,1,"1"
6180.6547133881531,184988,6589,1,"1"
6190.7867452757891,184970,6607,2,"2"
6196.8650157709999,184929,6648,5,"2-1-1-1"
6200.0791026752759,184911,6666,1,"1"
6202.0471291936065,184803,6774,6,"5-1"
6218.5007955733417,184778,6799,3,"3"
6225.0693466265739,184760,6817,1,"1"
6226.468577565447,184753,6824,1,"1"
6245.6004486662823,184735,6842,1,"1"
6276.3848481181121,184721,6856,2,"1-1"
6288.4790443414913,184687,6890,2,"2"
6288.5255351001824,184661,6916,2,"1-1"
6289.7462777872788,184643,6934,1,"1"
6297.9449229111096,184625,6952,1,"1"
6299.3521706725205,184607,6970,1,"1"
6311.2728967600078,184571,7006,2,"2"
6323.4506043096426,184553,7024,1,"1"
6332.1894505798227,184543,7034,1,"1"
6336.0271885002903,184495,7082,4,"2-2"
6342.9781026105611,184451,7126,4,"1-1-1-1"
6346.3422339958215,184433,7144,2,"2"
6350.0796456745247,184401,7176,2,"2"
6351.4500946850958,184383,7194,1,"1"
6379.3806745421689,184365,7212,1,"1"
6381.6314395582567,184347,7230,1,"1"
6384.1196673449576,184323,7254,2,"1-1"
6391.1068981417557,184290,7287,5,"2-1-1-1"
6394.5646403882538,184272,7305,1,"1"
6395.3601996754378,184254,7323,1,"1"
6404.6701832263316,184243,7334,1,"1"
6405.6712929435726,184223,7354,2,"2"
6409.7718871516281,184205,7372,1,"1"
6410.028305177947,184191,7386,1,"1"
6410.8735857828515,184182,7395,1,"1"
6413.0788082823701,184164,7413,1,"1"
6429.2950158861286,184155,7422,1,"1"
6433.4389400778064,184112,7465,5,"3-1-1"
6436.7324850547066,184051,7526,9,"4-2-2-1"
6452.8602391583381,184040,7537,1,"1"
6458.1610810627226,184009,7568,2,"1-1"
6461.1448306674538,183973,7604,2,"2"
6467.6260322450016,183968,7609,1,"1"
6478.2883171214044,183956,7621,1,"1"
6495.9787511893246,183938,7639,1,"1"
6497.3897640943087,183933,7644,1,"1"
6506.5443743066335,183915,7662,1,"1"
6510.2939370454342,183899,7678,1,"1"
6518.7233553995147,183881,7696,1,"1"
6519.8238722458464,183871,7706,1,"1"
6521.4708072460126,183829,7748,4,"3-1"
6536.2708110346439,183803,7774,2,"1-1"
6545.1097661322301,183794,7783,1,"1"
6546.7662405157407,183758,7819,2,"2"
6553.0475085718681,183727,7850,3,"2-1"
6554.9372882049347,183722,7855,1,"1"
6555.2151250412144,183704,7873,1,"1"
6557.2813719259757,183686,7891,1,"1"
6557.9344047877894,183598,7979,7,"4-1-1-1"
6566.6124966618299,183580,7997,1,"1"
6576.0385895906529,183562,8015,1,"1"
6583.8851712682335,183544,8033,1,"1"
6585.8779708747115,183526,8051,1,"1"
6593.4731873091005,183517,8060,1,"1"
6594.4107332405292,183499,8078,1,"1"
6602.8538972144725,183390,8187,9,"6-1-1-1"
6604.3357752292432,183372,8205,1,"1"
6608.1648959135136,183318,8259,3,"3"
6609.1976948167376,183313,8264,1,"1"
6617.2163811095461,183281,8296,3,"2-1"
6638.0519927559899,183263,8314,1,"1"
6640.8488770989698,183245,8332,1,"1"
6653.0446236124899,183233,8344,1,"1"
6656.9944508113977,183199,8378,3,"3"
6663.3134085710954,183181,8396,1,"1"
6680.0698095427424,183172,8405,1,"1"
6683.4896890771997,183158,8419,2,"2"
6684.2748727472581,183140,8437,1,"1"
6692.0264203071129,183036,8541,6,"4-2"
6692.7738378959793,183026,8551,1,"1"
6703.2883534806169,183008,8569,1,"1"
6723.6523185108135,182995,8582,1,"1"
6732.02392803968,182977,8600,1,"1"
6732.3497701003371,182959,8618,1,"1"
6734.5988204933265,182941,8636,1,"1"
6741.7933352514638,182927,8650,1,"1"
6744.8506794690138,182909,8668,1,"1"
6745.4789181474071,182884,8693,2,"2"
6747.5260645117451,182848,8729,2,"2"
6748.605040056801,182830,8747,1,"1"
6757.1598439559848,182812,8765,1,"1"
6765.7146686366741,182794,8783,1,"1"
6775.432768602107,182776,8801,1,"1"
6778.5596272628982,182758,8819,1,"1"
6783.5378487620765,182740,8837,1,"1"
6786.612410136303,182722,8855,1,"1"
6798.1699251579184,182550,9027,12,"4-4-2-1-1"
6800.2468699581877,182445,9132,11,"5-2-2-1-1"
6805.9710201227626,182427,9150,1,"1"
6812.0250947628647,182398,9179,2,"2"
6816.6000455220883,182362,9215,2,"2"
6821.3914799941103,182350,9227,1,"1"
6822.759500998598,182332,9245,1,"1"
6823.4976844523944,182304,9273,2,"1-1"
6828.846086509333,182272,9305,2,"1-1"
6832.3650355509872,182254,9323,1,"1"
6873.6519693869914,182236,9341,1,"1"
6878.7985793219696,182200,9377,2,"1-1"
6885.9462172121866,182128,9449,4,"4"
6892.4297878224043,182018,9559,9,"4-2-2-1"
6894.7035515797925,182000,9577,1,"1"
6899.350102087823,181984,9593,2,"1-1"
6907.9181791798374,181966,9611,1,"1"
6909.1016089075792,181930,9647,2,"2"
6914.3310478447047,181912,9665,1,"1"
6914.4099555797566,181897,9680,1,"1"
6917.062440486884,181877,9700,2,"1-1"
6918.937450484349,181859,9718,1,"1"
6921.9148137733073,181847,9730,1,"1"
6930.5495249364021,181793,9784,4,"3-1"
6941.7288206803541,181781,9796,1,"1"
6942.6266990452041,181751,9826,2,"1-1"
6943.5832323477171,181733,9844,1,"1"
6944.0207396052656,181705,9872,2,"1-1"
6944.0419324455988,181669,9908,2,"2"
6960.1609415805424,181649,9928,2,"1-1"
6973.8684291655327,181633,9944,1,"1"
6993.9716280808289,181611,9966,2,"2"
6996.9349288179128,181601,9976,1,"1"
7010.1125061436878,181583,9994,1,"1"
7016.2089153304232,181351,10226,17,"7-4-2-1-1-1-1"
7018.4872988738471,181333,10244,1,"1"
7022.9708653344942,181315,10262,1,"1"
7027.4628848279708,181297,10280,1,"1"
7028.4737514150465,181279,10298,1,"1"
7032.320160776505,181050,10527,26,"5-4-4-3-3-1-1-1-1-1-1-1"
7037.3083816011222,181014,10563,2,"2"
7041.3821982120953,180996,10581,1,"1"
7051.2447308993915,180870,10707,7,"6-1"
7054.066388824127,180852,10725,1,"1"
7057.4343797098963,180836,10741,2,"1-1"
7074.4822240404928,180826,10751,1,"1"
7077.4189256205336,180808,10769,1,"1"
7078.9368611962909,180790,10787,1,"1"
7083.2469790313826,180552,11025,17,"4-2-2-2-2-1-1-1-1-1"
7089.6471486633982,180542,11035,1,"1"
7115.1278176892911,180524,11053,1,"1"
7126.3608722437457,180506,11071,1,"1"
7139.1837444364246,180488,11089,1,"1"
7140.6992072451194,180470,11107,1,"1"
7145.1162584718822,180452,11125,1,"1"
7152.4340246030215,180434,11143,1,"1"
7169.7987808288581,180416,11161,1,"1"
7169.8215283329373,180382,11195,4,"2-1-1"
7181.0571060176717,180373,11204,1,"1"
7184.6565051024227,180359,11218,2,"2"
7192.9659349395715,180332,11245,2,"2"
7201.1890044456741,180316,11261,1,"1"
7206.652991570927,180306,11271,1,"1"
7215.2457402835571,180288,11289,1,"1"
7216.5741879008801,180199,11378,13,"4-4-3-1-1"
7227.3132695511222,180159,11418,3,"2-1"
7227.7091231181803,180141,11436,1,"1"
7227.9872202290699,180123,11454,1,"1"
7235.9558683274081,180087,11490,2,"2"
7247.324799959918,180070,11507,1,"1"
7249.3512804235861,179998,11579,4,"4"
7251.0154285375011,179980,11597,1,"1"
7254.3320494478203,179962,11615,1,"1"
7262.1774182920353,179908,11669,3,"2-1"
7262.6301091690548,179890,11687,1,"1"
7263.6165830378877,179680,11897,22,"5-3-3-3-2-2-2-1-1"
7276.7494829980051,179644,11933,2,"2"
7279.2068348457415,179611,11966,3,"3"
7279.3180073529466,179579,11998,2,"2"
7292.0222997631554,179561,12016,1,"1"
7293.3629041259883,179556,12021,1,"1"
7295.3962836383444,179472,12105,6,"4-1-1"
7302.2671563772692,179436,12141,2,"2"
7313.8111169048279,179410,12167,2,"2"
7315.1529262329004,179392,12185,1,"1"
7331.0015260744503,179374,12203,1,"1"
7332.0016698381232,179356,12221,1,"1"
7337.3112292203205,179338,12239,1,"1"
7343.0985987437271,179320,12257,1,"1"
7343.7975935904215,179302,12275,1,"1"
7345.5309036495555,179160,12417,10,"7-2-1"
7358.3474911543008,179068,12509,6,"2-2-1-1"
7369.3915886708119,178997,12580,9,"5-2-1-1"
7371.9658470464574,178979,12598,1,"1"
7375.9585427607735,178880,12697,9,"2-2-2-1-1-1"
7385.0388983621888,178862,12715,1,"1"
7396.675595780097,178844,12733,1,"1"
7418.1555489078592,178770,12807,7,"3-2-1-1"
7421.8286696983132,178756,12821,2,"2"
7425.4591029557487,178738,12839,1,"1"
7428.2071326090363,178648,12929,5,"1-1-1-1-1"
7433.8736852693264,178544,13033,6,"2-1-1-1-1"
7439.4483046526966,178532,13045,1,"1"
7441.6925291460284,178514,13063,1,"1"
7446.7239161840025,178496,13081,1,"1"
7450.1296508071746,178435,13142,5,"3-2"
7455.6184938269453,178417,13160,1,"1"
7456.0301367149896,178399,13178,1,"1"
7456.6214361638167,178381,13196,1,"1"
7471.7675711656802,178363,13214,1,"1"
7475.1925877493468,178349,13228,1,"1"
7477.5436629080132,178331,13246,1,"1"
7486.8709768551353,178313,13264,1,"1"
7514.7172885610435,178295,13282,1,"1"
7516.6018599879335,178277,13300,1,"1"
7520.9060445345749,0,191577,10079,"10079"
----------------------------------------------7
0,191577,0,0,"0"
128.87404219579753,191576,1,1,"1"
201.33097737743194,191573,4,3,"3"
318.58626906444624,191562,15,1,"1"
416.10837428734669,191550,27,1,"1"
426.98015969716283,191549,28,1,"1"
444.0230127660576,191548,29,1,"1"
446.48039769435508,191547,30,1,"1"
487.94154415071785,191529,48,1,"1"
500.52074550872175,191528,49,1,"1"
511.32930996436721,191527,50,1,"1"
531.1805383742477,191525,52,2,"2"
536.28939477221809,191524,53,1,"1"
536.96723561936153,191522,55,2,"2"
551.38555372328358,191510,67,1,"1"
572.52978048604075,191509,68,1,"1"
600.00173743779487,191504,73,1,"1"
617.2008621894945,191503,74,1,"1"
652.73515975507837,191485,92,1,"1"
656.76136155819916,191484,93,1,"1"
686.30898191820859,191483,94,1,"1"
711.61309391657767,191482,95,1,"1"
784.11535720084896,191470,107,1,"1"
793.90083036500937,191459,118,1,"1"
802.04752893555485,191458,119,1,"1"
808.24019351767379,191457,120,1,"1"
815.95527369345803,191456,121,1,"1"
828.161506425786,191455,122,1,"1"
841.48339521877347,191453,124,2,"2"
847.78851828907511,191452,125,1,"1"
853.05739470863682,191434,143,1,"1"
872.78878771984409,191433,144,1,"1"
892.55746855958728,191432,145,1,"1"
918.07036451517524,191414,163,1,"1"
934.75122170858333,191413,164,1,"1"
942.6834275879022,191412,165,1,"1"
1017.6048490611846,191411,166,1,"1"
1018.6617646567419,191410,167,1,"1"
1037.966523869881,191398,179,1,"1"
1045.3060566724944,191397,180,1,"1"
1048.406955120412,191396,181,1,"1"
1075.0843479034168,191395,182,1,"1"
1104.908785780975,191377,200,1,"1"
1108.3803318274374,191376,201,1,"1"
1163.9001475339435,191364,213,1,"1"
1169.5643682034461,191346,231,1,"1"
1171.7836740636508,191345,232,1,"1"
1178.8920481640512,191335,242,1,"1"
1184.4522648522352,191317,260,1,"1"
1208.9916027130391,191316,261,1,"1"
1247.369027257482,191315,262,1,"1"
1268.2532517118391,191314,263,1,"1"
1284.6288435681217,191313,264,1,"1"
1301.1950907238497,191312,265,1,"1"
1309.8096468548608,191311,266,1,"1"
1323.0471162935587,191308,269,1,"1"
1340.317915602546,191303,274,1,"1"
1345.9464519444302,191302,275,1,"1"
1352.2112197866199,191299,278,1,"1"
1363.9433666126931,191296,281,1,"1"
1368.8031773154153,191295,282,1,"1"
1373.518848177182,191277,300,1,"1"
1379.9086297620563,191275,302,2,"2"
1382.8608846968582,191274,303,1,"1"
1390.2149220791696,191273,304,1,"1"
1398.2216390994324,191255,322,1,"1"
1440.126896351517,191252,325,1,"1"
1447.2546780314519,191251,326,1,"1"
1460.0174681909173,191247,330,2,"1-1"
1460.5789800843636,191229,348,1,"1"
1464.5146573390903,191227,350,2,"2"
1464.5811086734025,191209,368,1,"1"
1483.6399465567854,191191,386,1,"1"
1503.208193489362,191190,387,1,"1"
1513.3594187424201,191178,399,1,"1"
1547.001315460459,191160,417,1,"1"
1563.4028222816041,191142,435,1,"1"
1569.0491964860717,191136,441,2,"2"
1569.448725803117,191118,459,1,"1"
1571.7195091057963,191109,468,1,"1"
1576.902614158085,191091,486,1,"1"
1611.8235846563832,191086,491,1,"1"
1616.4984888207164,191085,492,1,"1"
1643.1861700117647,191067,510,1,"1"
1666.1284016967695,191049,528,1,"1"
1676.5160320499283,191045,532,2,"1-1"
1677.4144770417561,191027,550,1,"1"
1682.029106064816,191025,552,2,"2"
1689.6039284102064,191024,553,1,"1"
1694.2247178568334,191023,554,1,"1"
1697.4673242259876,191022,555,1,"1"
1717.2051239426739,191021,556,1,"1"
1739.0002532081428,191016,561,5,"3-1-1"
1745.3794956972379,191015,562,1,"1"
1750.6682972874853,191012,565,1,"1"
1751.9147971690325,191011,566,1,"1"
1754.3603170136951,191008,569,1,"1"
1764.4739448562391,191007,570,1,"1"
1769.2479830602606,190989,588,1,"1"
1774.6564990112311,190987,590,2,"2"
1779.7739032706836,190975,602,1,"1"
1798.3687119313497,190974,603,1,"1"
1798.7092947397637,190973,604,1,"1"
1818.1230915852939,190966,611,1,"1"
1818.7071033071297,190956,621,1,"1"
1820.2377054921647,190955,622,1,"1"
1823.0427152754423,190954,623,1,"1"
1824.4985133832795,190951,626,1,"1"
1826.854837249695,190950,627,1,"1"
1830.0018586257449,190947,630,1,"1"
1838.5901264325844,190929,648,1,"1"
1897.5467744476109,190923,654,2,"1-1"
1929.8769726404562,190917,660,2,"2"
1943.9111304116454,190916,661,1,"1"
1948.1889466431028,190913,664,3,"3"
1984.1629968954267,190912,665,1,"1"
2042.3886488070277,190911,666,1,"1"
2075.4304216840251,190906,671,1,"1"
2103.6889468611985,190905,672,1,"1"
2115.7375027621165,190896,681,3,"1-1-1"
2168.0109655639453,190891,686,1,"1"
2168.0903723004617,190873,704,1,"1"
2201.2924702839837,190871,706,2,"2"
2238.6496477538717,190853,724,1,"1"
2245.1598434058374,190852,725,1,"1"
2249.4508429245816,190842,735,1,"1"
2260.4621357181832,190834,743,2,"1-1"
2263.8442423305596,190816,761,1,"1"
2270.9023828000454,190813,764,1,"1"
2385.8881246494416,190811,766,2,"2"
2422.3507346468859,190808,769,1,"1"
2427.148893395809,190807,770,1,"1"
2431.10403269475,190789,788,1,"1"
2433.7166864037563,190788,789,1,"1"
2440.0299007171457,190785,792,3,"3"
2452.7058378090555,190784,793,1,"1"
2453.6837296697195,190783,794,1,"1"
2466.6948096640981,190765,812,1,"1"
2477.2476979546495,190762,815,3,"3"
2480.7766309982153,190744,833,1,"1"
2484.9004572420672,190735,842,1,"1"
2485.5627268662311,190717,860,1,"1"
2490.6973771037797,190699,878,1,"1"
2494.5596782507914,190697,880,2,"2"
2497.4570935521933,190679,898,1,"1"
2505.8093871261813,190661,916,1,"1"
2519.4655335966477,190648,929,1,"1"
2531.841806351455,190630,947,1,"1"
2560.0389998971764,190615,962,3,"3"
2574.0211423444671,190597,980,1,"1"
2577.87821404747,190594,983,1,"1"
2586.1265731301519,190576,1001,1,"1"
2587.6534263251774,190558,1019,1,"1"
2599.7993565304973,190555,1022,1,"1"
2610.885242075336,190552,1025,1,"1"
2613.1929695567887,190547,1030,1,"1"
2628.1049574613676,190529,1048,1,"1"
2631.5832625185003,190519,1058,1,"1"
2635.3464631237312,190501,1076,1,"1"
2647.989667315569,190495,1082,2,"2"
2653.5137298668315,190488,1089,3,"1-1-1"
2666.1420450786791,190477,1100,1,"1"
2675.8782173115383,190470,1107,1,"1"
2677.1204665237829,190458,1119,1,"1"
2677.3474259234026,190440,1137,1,"1"
2688.7555961842204,190439,1138,1,"1"
2690.9533108705086,190421,1156,1,"1"
2691.5656144603786,190403,1174,1,"1"
2730.4265861605868,190391,1186,1,"1"
2749.9892971609133,190373,1204,1,"1"
2753.4050231688839,190355,1222,1,"1"
2764.4680844783361,190352,1225,1,"1"
2778.1754464336736,190347,1230,1,"1"
2807.1581835949978,190329,1248,1,"1"
2817.9834736377179,190311,1266,1,"1"
2821.355726218057,190298,1279,1,"1"
2821.7528609633564,190291,1286,1,"1"
2825.0160344740675,190273,1304,1,"1"
2831.4404205236242,190263,1314,2,"2"
2872.1885682714696,190251,1326,1,"1"
2890.084038521803,190250,1327,1,"1"
2891.9776854984025,190240,1337,1,"1"
2918.5808650296158,190237,1340,1,"1"
2930.9803902405652,190232,1345,1,"1"
2933.2969243147136,190214,1363,1,"1"
2936.701130686507,190206,1371,2,"1-1"
3057.6337129545377,190205,1372,1,"1"
3061.3979464824442,190187,1390,1,"1"
3074.7907994866164,190169,1408,1,"1"
3090.7108040891976,190166,1411,1,"1"
3116.6958040473901,190148,1429,1,"1"
3136.9931151948849,190136,1441,1,"1"
3144.0150939279893,190118,1459,1,"1"
3151.4390324416199,190100,1477,1,"1"
3153.2373329346665,190080,1497,2,"2"
3154.0693766214304,190079,1498,1,"1"
3165.8626546365895,190076,1501,1,"1"
3171.4824767997734,190058,1519,1,"1"
3184.787604320858,190040,1537,1,"1"
3193.3554148366411,190022,1555,1,"1"
3195.1288405178234,190004,1573,1,"1"
3236.8484321234137,189994,1583,1,"1"
3238.0872257209917,189993,1584,1,"1"
3240.5786311950628,189975,1602,1,"1"
3252.0251625025212,189957,1620,1,"1"
3259.5231979293412,189939,1638,1,"1"
3262.6595805782417,189921,1656,1,"1"
3272.4034500780781,189911,1666,1,"1"
3273.4037904948532,189908,1669,1,"1"
3290.0087996162688,189905,1672,1,"1"
3321.5941043730909,189900,1677,1,"1"
3348.9455185726215,189882,1695,1,"1"
3349.8748664672526,189864,1713,1,"1"
3353.237793715065,189846,1731,1,"1"
3379.4260340447627,189836,1741,1,"1"
3384.3282773679539,189818,1759,1,"1"
3452.6514401888608,189800,1777,1,"1"
3465.9638527902866,189782,1795,1,"1"
3471.8103309776207,189764,1813,1,"1"
3474.3624087790472,189746,1831,1,"1"
3500.9923356114577,189741,1836,1,"1"
3510.5868218827854,189723,1854,1,"1"
3522.7585388740085,189705,1872,1,"1"
3524.2130104901826,189682,1895,3,"2-1"
3538.1052417720562,189664,1913,1,"1"
3561.4495937128654,189659,1918,1,"1"
3576.0828975506461,189641,1936,1,"1"
3587.2181802041455,189636,1941,1,"1"
3598.8160025026814,189618,1959,1,"1"
3601.9051454813616,189600,1977,1,"1"
3607.2375029537598,189582,1995,1,"1"
3619.2807108480106,189573,2004,1,"1"
3628.1028650359708,189555,2022,1,"1"
3646.7534684553439,189552,2025,1,"1"
3651.5192774995026,189544,2033,2,"1-1"
3653.6251046015527,189541,2036,1,"1"
3655.1322842686382,189523,2054,1,"1"
3655.5744116001488,189505,2072,1,"1"
3665.6707107033872,189487,2090,1,"1"
3700.0990301320116,189480,2097,1,"1"
3706.253497134212,189474,2103,2,"2"
3710.2467696876824,189456,2121,1,"1"
3727.5399803817754,189451,2126,1,"1"
3750.966375579133,189433,2144,1,"1"
3751.4612322983144,189415,2162,1,"1"
3770.764668612288,189412,2165,1,"1"
3779.2535677604574,189405,2172,1,"1"
3800.5124102744949,189387,2190,1,"1"
3803.0476124566712,189369,2208,1,"1"
3810.7995752883871,189348,2229,5,"4-1"
3810.9455373475994,189330,2247,1,"1"
3815.4467068843915,189327,2250,1,"1"
3828.0991709109157,189324,2253,1,"1"
3887.5543836470461,189306,2271,1,"1"
3892.0269241379583,189294,2283,1,"1"
3910.4229265069275,189276,2301,1,"1"
3916.8101638459843,189264,2313,1,"1"
3932.979235392485,189246,2331,1,"1"
3934.5463969315301,189243,2334,1,"1"
3943.7870913012853,189225,2352,1,"1"
3949.1699471596494,189216,2361,1,"1"
3955.6514818102969,189198,2379,1,"1"
3966.101030769204,189193,2384,1,"1"
3967.4006165912833,189181,2396,1,"1"
3973.0097650767589,189178,2399,1,"1"
3989.1685037300495,189152,2425,6,"3-2-1"
3997.1851138286634,189142,2435,2,"2"
3999.2829401495187,189137,2440,1,"1"
4017.8133179447418,189125,2452,1,"1"
4048.3386608082901,189107,2470,1,"1"
4056.7053834561493,189093,2484,1,"1"
4059.7038708950217,189075,2502,1,"1"
4062.1211583766567,189072,2505,1,"1"
4065.0067435916981,189054,2523,1,"1"
4085.9029513129608,189051,2526,1,"1"
4120.3725051039282,189015,2562,2,"1-1"
4128.4080877308916,188975,2602,3,"3"
4146.2515752375566,188957,2620,1,"1"
4149.0072448095143,188948,2629,3,"2-1"
4155.0241078202052,188939,2638,3,"3"
4169.4437031829448,188921,2656,1,"1"
4214.1145343940225,188916,2661,1,"1"
4215.9799242330801,188898,2679,1,"1"
4217.5676235141573,188878,2699,2,"1-1"
4217.9714212590006,188860,2717,1,"1"
4250.7758142026169,188842,2735,1,"1"
4255.8508658498477,188824,2753,1,"1"
4266.3699360829451,188806,2771,1,"1"
4268.4318179969232,188796,2781,1,"1"
4295.6120047994964,188778,2799,1,"1"
4382.0838577528029,188760,2817,1,"1"
4396.1591195464862,188742,2835,1,"1"
4399.0609429123188,188724,2853,1,"1"
4418.4715836944024,188721,2856,1,"1"
4421.7014950782477,188716,2861,1,"1"
4455.5155075370267,188713,2864,1,"1"
4458.2077198673624,188695,2882,1,"1"
4466.6349878407282,188677,2900,1,"1"
4467.1362868820797,188660,2917,1,"1"
4476.1377888238203,188648,2929,2,"1-1"
4478.4958490869813,188630,2947,1,"1"
4478.7930917166032,188612,2965,1,"1"
4484.932568553776,188569,3008,9,"6-1-1-1"
4506.673722455489,188551,3026,1,"1"
4508.8709772542106,188539,3038,1,"1"
4521.7723534861962,188525,3052,1,"1"
4529.6452629251553,188507,3070,1,"1"
4542.5155927465939,188489,3088,1,"1"
4547.4411353407831,188475,3102,4,"3-1"
4549.2737467546685,188470,3107,1,"1"
4574.5193792570772,188452,3125,1,"1"
4594.7536324675348,188434,3143,1,"1"
4594.9363319992335,188416,3161,1,"1"
4599.0096860653739,188398,3179,1,"1"
4599.4524272927056,188389,3188,1,"1"
4603.1193201721853,188371,3206,1,"1"
4607.1128138981348,188353,3224,1,"1"
4613.8873240235798,188335,3242,1,"1"
4630.3900675377054,188332,3245,1,"1"
4653.3767945153395,188325,3252,1,"1"
4677.9880222610782,188322,3255,1,"1"
4697.4318237705229,188304,3273,1,"1"
4700.0004355148658,188298,3279,2,"2"
4711.4967496256913,188280,3297,2,"2"
4767.4323672691571,188268,3309,1,"1"
4788.5757163801209,188250,3327,1,"1"
4795.0098001089309,188240,3337,1,"1"
4832.9604110440396,188222,3355,1,"1"
4839.9040306162851,188204,3373,1,"1"
4853.5413446506145,188186,3391,1,"1"
4862.2245501913121,188172,3405,1,"1"
4865.578394591138,188154,3423,1,"1"
4874.1100713321466,188142,3435,4,"4"
4904.0435072871478,188124,3453,1,"1"
4909.9147178171861,188106,3471,1,"1"
4919.8217831587235,188088,3489,1,"1"
4922.7382647147688,188070,3507,1,"1"
4927.8296613516914,188060,3517,2,"2"
4930.3084807592468,188042,3535,1,"1"
4940.1050522725691,188024,3553,1,"1"
4948.5706262567028,188018,3559,2,"2"
4955.2962949504681,188004,3573,1,"1"
4970.6005683237136,187988,3589,1,"1"
4974.0335112196699,187976,3601,1,"1"
4976.7099274268639,187958,3619,1,"1"
4994.9621790021365,187940,3637,1,"1"
4996.4300504445418,187922,3655,1,"1"
5000.6591506144823,187904,3673,1,"1"
5009.4756142085535,187868,3709,2,"2"
5016.3848061901581,187850,3727,1,"1"
5063.3687610031566,187832,3745,1,"1"
5068.3383825539595,187814,3763,1,"1"
5092.4944315375924,187804,3773,2,"2"
5102.7285244720397,187792,3785,2,"1-1"
5109.3616936603585,187782,3795,1,"1"
5111.786671992053,187770,3807,1,"1"
5120.463475648864,187752,3825,1,"1"
5121.5109970530002,187742,3835,2,"2"
5140.4111125789859,187724,3853,1,"1"
5144.4532275017455,187706,3871,1,"1"
5145.1237728929163,187679,3898,2,"2"
5148.6321681846548,187663,3914,1,"1"
5154.1067903633148,187645,3932,1,"1"
5160.2856071730903,187627,3950,1,"1"
5166.4983516409484,187617,3960,1,"1"
5167.1165173761601,187599,3978,1,"1"
5172.5753704025083,187573,4004,2,"1-1"
5184.0927759116612,187568,4009,1,"1"
5199.4776106753097,187530,4047,6,"3-2-1"
5210.3467128707071,187523,4054,1,"1"
5212.969288933893,187451,4126,4,"4"
5226.4827946458136,187415,4162,2,"2"
5227.2789688820294,187397,4180,1,"1"
5238.2574752904929,187379,4198,1,"1"
5238.9774782330533,187365,4212,4,"3-1"
5241.6556921210795,187347,4230,1,"1"
5253.6333545972893,187342,4235,1,"1"
5267.972989420171,187324,4253,1,"1"
5289.2087679747119,187306,4271,1,"1"
5307.3034518781778,187292,4285,2,"2"
5330.7480475711263,187270,4307,4,"3-1"
5331.9530095690661,187258,4319,1,"1"
5335.4080173278207,187240,4337,1,"1"
5336.0663623199198,187222,4355,1,"1"
5338.7732247432277,187204,4373,1,"1"
5339.5054941249264,187186,4391,1,"1"
5346.332408941691,187168,4409,1,"1"
5348.0910179480907,187151,4426,1,"1"
5358.3408735606472,187133,4444,1,"1"
5373.3952927035352,187115,4462,1,"1"
5389.4024689617108,187097,4480,1,"1"
5389.9160397301939,187079,4498,1,"1"
5396.3354232631245,187069,4508,1,"1"
5404.9596257490957,187051,4526,1,"1"
5421.3433034893569,187023,4554,2,"2"
5459.6304259442677,187013,4564,1,"1"
5460.2561160863697,186977,4600,2,"2"
5464.1571376016691,186965,4612,1,"1"
5464.5866200819473,186947,4630,1,"1"
5491.2589800500764,186942,4635,1,"1"
5507.6782447587593,186932,4645,1,"1"
5509.1310469201098,186918,4659,2,"2"
5512.8920047861893,186908,4669,2,"2"
5513.6011339432125,186884,4693,2,"2"
5527.6476134495506,186881,4696,1,"1"
5565.7138448305504,186876,4701,1,"1"
5568.7263913085626,186871,4706,1,"1"
5569.3044512849447,186853,4724,1,"1"
5569.3688802555507,186848,4729,1,"1"
5571.3644616612892,186830,4747,1,"1"
5571.846248351535,186812,4765,1,"1"
5574.2927629673886,186798,4779,1,"1"
5575.7789457983954,186780,4797,1,"1"
5578.3856030187089,186775,4802,1,"1"
5590.6748898746146,186757,4820,1,"1"
5605.8956182819256,186739,4838,1,"1"
5606.8764328088355,186721,4856,1,"1"
5607.8057533323135,186703,4874,1,"1"
5616.0936876299884,186667,4910,2,"2"
5619.1239284361582,186631,4946,3,"1-1-1"
5623.3517173027121,186595,4982,2,"1-1"
5639.5335133051158,186589,4988,2,"1-1"
5641.7956486676603,186582,4995,1,"1"
5666.0131806271147,186572,5005,1,"1"
5689.7958702028673,186512,5065,4,"2-1-1"
5703.0128276009709,186494,5083,1,"1"
5707.8399685205386,186478,5099,1,"1"
5712.8291262606863,186473,5104,1,"1"
5726.760741875074,186455,5122,1,"1"
5729.0219078205,186450,5127,1,"1"
5747.4485758137798,186436,5141,2,"2"
5747.9227433993437,186418,5159,1,"1"
5748.6796314602707,186404,5173,1,"1"
5771.9276681140718,186393,5184,1,"1"
5772.8201311178691,186375,5202,1,"1"
5780.6224527875984,186357,5220,1,"1"
5791.5680448320563,186354,5223,1,"1"
5811.380989186111,186351,5226,1,"1"
5831.638557584487,186333,5244,1,"1"
5844.8971233160801,186247,5330,5,"3-2"
5845.7340873093644,186229,5348,1,"1"
5846.5246856743406,186215,5362,2,"2"
5860.2103101558823,186204,5373,1,"1"
5868.1113075210114,186190,5387,1,"1"
5870.3153001204128,186180,5397,1,"1"
5882.4204672597816,186162,5415,1,"1"
5882.4623955797688,186144,5433,1,"1"
5890.3721363858549,186141,5436,1,"1"
5904.3190916079684,186138,5439,1,"1"
5927.4684199961966,186131,5446,1,"1"
5928.7972186919151,186122,5455,1,"1"
5930.7018692456577,186104,5473,1,"1"
5930.7098301709348,186086,5491,1,"1"
5938.0071154269435,186079,5498,1,"1"
5942.8047635190351,186061,5516,1,"1"
5953.8766918400715,186041,5536,2,"2"
5966.7377514744994,186023,5554,1,"1"
5972.1108960160127,185995,5582,2,"1-1"
5974.7932449614191,185930,5647,9,"6-3"
5977.5315203825694,185912,5665,1,"1"
5980.865968330826,185902,5675,1,"1"
6013.6819203302857,185884,5693,1,"1"
6022.5532830814109,185871,5706,1,"1"
6028.5005033461966,185853,5724,1,"1"
6033.4561053601774,185843,5734,2,"2"
6052.9460707236385,185829,5748,1,"1"
6064.4182203329356,185813,5764,1,"1"
6074.5083930994069,185793,5784,2,"2"
6079.7490821344636,185767,5810,2,"1-1"
6087.5607505919033,185749,5828,1,"1"
6089.2837829075197,185731,5846,1,"1"
6097.0508953793787,185713,5864,1,"1"
6106.1948962618244,185701,5876,1,"1"
6121.5576205476127,185683,5894,1,"1"
6124.5261442025067,185674,5903,1,"1"
6125.6078514722767,185656,5921,1,"1"
6156.0529979483299,185635,5942,3,"3"
6157.0781213249147,185599,5978,2,"2"
6164.2596607488467,185565,6012,4,"3-1"
6172.0921418727903,185547,6030,2,"2"
6176.6665341128491,185529,6048,1,"1"
6176.8823284028322,185509,6068,2,"2"
6181.7749071394155,185504,6073,1,"1"
6199.1828972218773,185486,6091,1,"1"
6210.75043195748,185443,6134,7,"3-2-1-1"
6211.5824305080641,185425,6152,1,"1"
6222.3261524597365,185407,6170,1,"1"
6223.2648266449196,185389,6188,1,"1"
6228.5589412542731,185351,6226,3,"2-1"
6235.5115532433956,185333,6244,1,"1"
6236.9747120669381,185315,6262,1,"1"
6252.9464178407497,185297,6280,1,"1"
6256.1934774630827,185217,6360,6,"2-2-1-1"
6273.2807506357349,185189,6388,2,"2"
6276.0410887393637,185171,6406,1,"1"
6276.5715133585281,185158,6419,1,"1"
6282.7964206007937,185140,6437,1,"1"
6287.2920706848963,185122,6455,1,"1"
6293.1279736833249,185058,6519,6,"4-1-1"
6294.4716877046285,185040,6537,1,"1"
6304.3352240893082,185022,6555,1,"1"
6325.6524153716309,185004,6573,1,"1"
6325.7317058717736,184986,6591,1,"1"
6336.0576895934828,184968,6609,1,"1"
6337.3147114661115,184950,6627,1,"1"
6337.668807336775,184932,6645,1,"1"
6340.0191878533751,184927,6650,1,"1"
6345.9817716367488,184909,6668,1,"1"
6362.452335245418,184891,6686,1,"1"
6371.8681417872494,184873,6704,1,"1"
6376.9823421025394,184855,6722,1,"1"
6382.8277643930196,184844,6733,1,"1"
6391.9376472780214,184837,6740,1,"1"
6410.9748169616551,184819,6758,1,"1"
6413.9687027456084,184801,6776,1,"1"
6419.8998523302907,184791,6786,1,"1"
6426.2573618813058,184781,6796,2,"2"
6437.2869396564474,184763,6814,1,"1"
6441.1931578359881,184751,6826,1,"1"
6448.1332250567684,184741,6836,2,"1-1"
6463.4291255304033,184686,6891,7,"4-1-1-1"
6465.2867650503167,184677,6900,1,"1"
6469.8438199916291,184659,6918,1,"1"
6477.7129289946479,184642,6935,3,"3"
6489.2685358779872,184618,6959,2,"2"
6490.2170048689668,184595,6982,3,"2-1"
6493.5577791643573,184553,7024,3,"2-1"
6496.2520153585501,184535,7042,1,"1"
6508.2727649644357,184517,7060,1,"1"
6509.8403317803723,184503,7074,2,"1-1"
6512.4559660474806,184485,7092,1,"1"
6525.5847376976772,184467,7110,1,"1"
6526.9627254485822,184387,7190,12,"4-3-2-1-1-1"
6530.3966142884401,184369,7208,1,"1"
6533.1363804522243,184351,7226,1,"1"
6533.7472776315044,184340,7237,1,"1"
6546.8527796362714,184322,7255,1,"1"
6550.7902640277207,184286,7291,2,"2"
6554.9882108399379,184262,7315,2,"1-1"
6555.8702976851946,184244,7333,1,"1"
6558.5975965379703,184226,7351,1,"1"
6560.9333656236622,184208,7369,1,"1"
6562.5438269704819,184190,7387,1,"1"
6569.164799218318,184172,7405,1,"1"
6570.8163249007948,184154,7423,1,"1"
6573.2901202463863,184151,7426,1,"1"
6577.9729711199479,184114,7463,3,"1-1-1"
6598.5754610954737,184096,7481,1,"1"
6599.4492841712135,184078,7499,1,"1"
6606.3710500357438,184060,7517,1,"1"
6611.2225048238406,183957,7620,12,"3-2-2-2-1-1-1"
6627.1149913040226,183954,7623,1,"1"
6647.3145905598331,183936,7641,1,"1"
6648.8062301526834,183918,7659,1,"1"
6650.5273562785405,183909,7668,1,"1"
6663.1930263599679,183891,7686,1,"1"
6676.6186001614406,183877,7700,2,"2"
6682.3795199384767,183856,7721,3,"3"
6683.5641080649175,183842,7735,2,"2"
6694.0492542697439,183644,7933,19,"12-3-3-1"
6711.7201617211131,183630,7947,1,"1"
6714.8096067625775,183584,7993,3,"2-1"
6716.3726386145527,183575,8002,1,"1"
6718.174099239116,183491,8086,12,"4-4-2-2"
6719.9202823604555,183470,8107,3,"2-1"
6729.1775688060061,183452,8125,1,"1"
6731.1293264245605,183445,8132,1,"1"
6732.5640107090821,183427,8150,1,"1"
6733.6832184035056,183414,8163,1,"1"
6736.4778221740507,183396,8181,2,"2"
6741.5117146351104,183323,8254,7,"2-2-2-1"
6743.6176094217244,183305,8272,1,"1"
6749.3056670501792,183281,8296,2,"2"
6751.6098554437795,183263,8314,1,"1"
6752.3260356583414,183245,8332,1,"1"
6761.2980437567412,183238,8339,1,"1"
6762.0219056357009,183220,8357,1,"1"
6780.0694818311085,183184,8393,2,"2"
6799.5542870265826,183177,8400,1,"1"
6803.4735855967174,183133,8444,4,"3-1"
6812.4078405505679,183115,8462,1,"1"
6817.5403326333389,183097,8480,1,"1"
6826.9060464956556,183079,8498,1,"1"
6850.1344952452064,183061,8516,1,"1"
6869.1952970248758,183043,8534,1,"1"
6887.1134523890323,183007,8570,2,"2"
6890.3533802930633,182991,8586,1,"1"
6897.5949226112452,182973,8604,1,"1"
6923.4036469406155,182955,8622,1,"1"
6927.6707642969377,182917,8660,4,"2-1-1"
6934.5874428453908,182892,8685,3,"1-1-1"
6939.1492807412851,182874,8703,1,"1"
6942.7836972226578,182854,8723,2,"2"
6949.0256242127289,182836,8741,1,"1"
6952.1229988153527,182776,8801,4,"2-1-1"
6953.6041236183,182758,8819,1,"1"
6958.1622152875125,182749,8828,1,"1"
6965.3285271606574,182744,8833,1,"1"
6979.5382797938846,182726,8851,1,"1"
6995.0921846734554,182694,8883,2,"1-1"
7007.3568919181907,182647,8930,4,"3-1"
7013.848212240101,182611,8966,2,"2"
7030.0153268209906,182601,8976,1,"1"
7031.8403918809627,182555,9022,5,"4-1"
7032.3511507048161,182546,9031,1,"1"
7033.1383717157551,182528,9049,1,"1"
7038.0376415199153,182510,9067,1,"1"
7040.6091449067253,182503,9074,1,"1"
7047.3145539448151,182485,9092,1,"1"
7060.5241557058271,182467,9110,1,"1"
7106.5115301135311,182449,9128,1,"1"
7111.9387394777568,182431,9146,1,"1"
7130.6594286005238,182411,9166,2,"1-1"
7138.9517339920258,182393,9184,1,"1"
7150.4233594956422,182323,9254,8,"4-1-1-1-1"
7162.7581161172902,182305,9272,1,"1"
7164.2795505056711,182251,9326,3,"2-1"
7167.4647281430289,182215,9362,2,"1-1"
7171.2641632935338,182201,9376,1,"1"
7174.4129925480147,182183,9394,1,"1"
7174.9761786978806,182165,9412,1,"1"
7181.0627341666495,182147,9430,1,"1"
7198.697852315946,182111,9466,2,"2"
7201.6395062597685,182093,9484,1,"1"
7214.9188369708327,182075,9502,1,"1"
7227.8405068762004,182057,9520,1,"1"
7228.0659526323279,182039,9538,1,"1"
7230.004262091401,182021,9556,1,"1"
7245.2003113001283,182008,9569,1,"1"
7250.9135960494386,181990,9587,1,"1"
7254.8720554611446,181980,9597,1,"1"
7259.9546705165021,181952,9625,2,"2"
7262.7185757031211,181934,9643,1,"1"
7278.5001462286227,181878,9699,6,"4-1-1"
7285.7919584043539,181860,9717,1,"1"
7289.9043585610762,181842,9735,1,"1"
7291.4185946331954,181819,9758,3,"2-1"
7291.969892778081,181801,9776,1,"1"
7292.1140473139058,181783,9794,1,"1"
7293.6285813610921,181729,9848,3,"2-1"
7295.0745836225651,181711,9866,1,"1"
7297.6554335811743,181704,9873,1,"1"
7318.725071172933,181594,9983,8,"2-1-1-1-1-1-1"
7318.9259441926761,181528,10049,5,"4-1"
7323.8973929926879,181510,10067,1,"1"
7326.9218559917417,181492,10085,1,"1"
7335.1148498401317,181474,10103,1,"1"
7337.4966049526665,181456,10121,1,"1"
7340.3007282960807,181404,10173,6,"5-1"
7346.7641093536868,181381,10196,3,"3"
7351.7619686914113,181369,10208,1,"1"
7355.815886541438,181351,10226,1,"1"
7366.4924402668075,181153,10424,15,"3-3-3-2-2-1-1"
7388.528469091817,181135,10442,1,"1"
7393.274825657878,181117,10460,1,"1"
7393.7200339869514,181099,10478,1,"1"
7402.4799080943048,181087,10490,1,"1"
7403.3713503531444,181059,10518,2,"1-1"
7405.0168802230846,180812,10765,24,"6-3-3-2-2-2-2-1-1-1-1"
7405.8720891212079,180794,10783,1,"1"
7415.7182158569194,180757,10820,3,"1-1-1"
7425.0719729954744,180703,10874,3,"3"
7427.5826210226223,180678,10899,2,"1-1"
7433.5985111051905,180645,10932,2,"2"
7445.0800773767187,180627,10950,1,"1"
7447.2807091512805,180609,10968,1,"1"
7463.9933536601911,180591,10986,1,"1"
7469.1091989553579,180573,11004,1,"1"
7479.037665022207,180555,11022,1,"1"
7485.5005309308008,180519,11058,2,"2"
7486.4070646211985,180510,11067,1,"1"
7487.9961724238192,180494,11083,1,"1"
7489.3692488205015,180476,11101,1,"1"
7489.5640884834802,180458,11119,1,"1"
7503.8237344788167,180440,11137,1,"1"
7506.0543596710577,180313,11264,13,"4-2-2-1-1-1-1-1"
7506.3071788785683,180308,11269,1,"1"
7507.1680199906668,180290,11287,1,"1"
7512.706512937013,180272,11305,1,"1"
7517.9549048546451,180254,11323,1,"1"
7521.2706375180169,180236,11341,1,"1"
7543.2237094899283,180220,11357,2,"1-1"
7546.5096079990471,180202,11375,1,"1"
7548.2173012245366,180184,11393,1,"1"
7548.4508288837042,180172,11405,1,"1"
7563.0425421072887,180155,11422,1,"1"
7576.8114100472767,180137,11440,1,"1"
7584.6824684306503,179967,11610,13,"7-2-1-1-1-1"
7586.4212727680415,179949,11628,1,"1"
7590.4756639630141,179931,11646,1,"1"
7600.6057012775091,179913,11664,1,"1"
7600.7540966301658,179895,11682,1,"1"
7602.2800503280687,179859,11718,2,"2"
7618.701779683679,179823,11754,2,"2"
7626.5269892974766,179810,11767,1,"1"
7641.6457868768757,179464,12113,26,"7-3-2-2-2-2-2-2-2-1-1"
7643.4803688119382,179446,12131,1,"1"
7665.8810196928753,179435,12142,1,"1"
7666.3380935736541,179418,12159,1,"1"
7679.4227165643942,179400,12177,1,"1"
7680.9996520959758,179318,12259,5,"3-2"
7681.3142658256429,179300,12277,1,"1"
7684.3868067444682,179282,12295,1,"1"
7689.6341790588585,179264,12313,1,"1"
7710.2611198451395,179222,12355,3,"2-1"
7710.6000511517977,179207,12370,1,"1"
7711.8048054410519,179193,12384,1,"1"
7712.9659280561427,179157,12420,2,"2"
7718.9443888002024,179150,12427,1,"1"
7725.3452993225592,179132,12445,1,"1"
7729.1635987428299,179114,12463,1,"1"
7739.0734888301231,179096,12481,1,"1"
7740.362220301693,179083,12494,1,"1"
7744.2918702460147,179065,12512,1,"1"
7750.4851710073362,179029,12548,2,"1-1"
7764.8200837615232,179007,12570,2,"1-1"
7766.1822225619353,178989,12588,1,"1"
7766.6156256550403,178971,12606,1,"1"
7783.4222473344516,178881,12696,5,"4-1"
7785.6379471505179,178852,12725,2,"1-1"
7792.5497046925302,178830,12747,2,"2"
7799.6624530341051,178816,12761,1,"1"
7805.342304183695,178798,12779,1,"1"
7806.2445483816291,178780,12797,1,"1"
7807.5582558829792,178445,13132,27,"5-5-3-2-2-1-1-1-1-1-1-1-1-1-1"
7807.9536871249638,178427,13150,1,"1"
7812.8026258932287,178409,13168,1,"1"
7818.7739781922255,178391,13186,1,"1"
7823.8371140166246,178373,13204,1,"1"
7834.7543348589652,178355,13222,1,"1"
7849.6636467388644,178337,13240,1,"1"
7872.1393897845401,178319,13258,1,"1"
7872.2124380919286,178301,13276,1,"1"
7872.4806824968364,178283,13294,1,"1"
7878.5669027415897,178251,13326,2,"1-1"
7886.6057527975117,178239,13338,1,"1"
7891.207123787729,178203,13374,2,"1-1"
7896.8082107256841,0,191577,10067,"10067"
----------------------------------------------8
0,191577,0,0,"0"
203.24217397298401,191576,1,1,"1"
211.47371115193238,191575,2,1,"1"
227.94669793929725,191557,20,1,"1"
241.25796294855391,191556,21,1,"1"
356.94786859971799,191554,23,2,"2"
367.23903510296128,191551,26,1,"1"
413.64237925512572,191533,44,1,"1"
425.01590052655769,191515,62,1,"1"
431.27600936414564,191514,63,1,"1"
441.38106083069431,191502,75,1,"1"
490.95617149415358,191497,80,1,"1"
590.42693870124185,191496,81,1,"1"
638.68682447488845,191495,82,1,"1"
683.49147242629431,191494,83,1,"1"
715.40682469080662,191491,86,1,"1"
734.48056351422781,191490,87,1,"1"
762.96570730384792,191487,90,3,"3"
764.71367479868684,191469,108,1,"1"
765.43928078457213,191451,126,1,"1"
768.38969468408368,191450,127,1,"1"
782.26039609375482,191447,130,1,"1"
791.64851495154653,191444,133,1,"1"
834.83265628938193,191443,134,1,"1"
854.81360366301442,191442,135,1,"1"
875.76012915440492,191441,136,1,"1"
880.07218517801152,191440,137,1,"1"
894.66059473460871,191430,147,1,"1"
918.1663654850787,191423,154,3,"1-1-1"
943.03015077869486,191422,155,1,"1"
960.47054922874759,191415,162,1,"1"
961.16217529620542,191413,164,2,"1-1"
964.08213343193063,191412,165,1,"1"
976.19902124037401,191411,166,1,"1"
983.52137207908697,191410,167,1,"1"
992.27334446885186,191392,185,1,"1"
993.60282439695641,191391,186,1,"1"
1028.4076782476982,191390,187,1,"1"
1029.3192038601874,191389,188,1,"1"
1056.4564973016784,191388,189,1,"1"
1060.3053130936951,191370,207,1,"1"
1065.9526238788853,191369,208,1,"1"
1067.5702055315692,191351,226,1,"1"
1068.9239558405859,191346,231,1,"1"
1084.9296255079696,191343,234,1,"1"
1105.1868445677812,191342,235,1,"1"
1108.1794622076955,191332,245,1,"1"
1120.5499813735228,191331,246,1,"1"
1122.4627499041467,191330,247,1,"1"
1128.6295046817788,191325,252,1,"1"
1136.2988599611679,191324,253,1,"1"
1140.3216776278196,191322,255,2,"2"
1151.0972225707799,191321,256,1,"1"
1152.4357509401677,191316,261,3,"1-1-1"
1164.4143124327024,191315,262,1,"1"
1171.152485340539,191314,263,1,"1"
1195.7511968648867,191304,273,1,"1"
1205.8924833522992,191303,274,1,"1"
1211.2697497662252,191285,292,1,"1"
1225.5468741954678,191284,293,1,"1"
1237.0364814791074,191283,294,1,"1"
1237.0650575789512,191265,312,1,"1"
1239.3335555571223,191247,330,1,"1"
1241.4575993513699,191246,331,1,"1"
1260.0254195524467,191228,349,1,"1"
1318.0454641555966,191225,352,1,"1"
1322.0833001299241,191224,353,1,"1"
1332.5522518350938,191206,371,1,"1"
1340.5031059557284,191204,373,2,"2"
1343.2695906015947,191203,374,1,"1"
1355.1900751331546,191185,392,1,"1"
1359.3847490340397,191167,410,1,"1"
1373.5881101533382,191158,419,5,"4-1"
1396.0569521458981,191153,424,3,"2-1"
1415.4219289489399,191151,426,2,"1-1"
1443.5455058117514,191150,427,1,"1"
1452.3445576858389,191149,428,1,"1"
1453.0655800528662,191148,429,1,"1"
1453.8337614581615,191147,430,1,"1"
1462.3167489020755,191146,431,1,"1"
1466.6823863060897,191145,432,1,"1"
1482.5800843327941,191143,434,2,"2"
1496.4012896687755,191141,436,2,"2"
1499.2891972427142,191123,454,1,"1"
1515.5215070573479,191120,457,1,"1"
1541.7584698068736,191117,460,1,"1"
1552.5518942143115,191116,461,1,"1"
1556.3788042306842,191115,462,1,"1"
1592.2930015188326,191113,464,2,"2"
1616.9475280589184,191110,467,3,"1-1-1"
1622.2512686368771,191092,485,1,"1"
1631.010007188688,191089,488,1,"1"
1638.5807141545076,191071,506,1,"1"
1667.260955700795,191070,507,1,"1"
1682.0564680772425,191069,508,1,"1"
1686.7520081789564,191062,515,3,"1-1-1"
1708.3467295999753,191044,533,1,"1"
1714.2538079419355,191043,534,1,"1"
1722.5295501059691,191042,535,1,"1"
1722.8859715627939,191039,538,1,"1"
1729.9621075140005,191038,539,1,"1"
1732.1313329138854,191026,551,4,"2-2"
1738.0909611098939,191019,558,3,"2-1"
1748.6325730129111,191001,576,1,"1"
1754.0648216343964,190991,586,1,"1"
1767.2323931025051,190973,604,1,"1"
1793.6025827175449,190963,614,1,"1"
1813.9598554037095,190955,622,2,"1-1"
1839.9675127983992,190954,623,1,"1"
1854.8506767159206,190945,632,1,"1"
1870.2933811596786,190927,650,1,"1"
1871.0354849497326,190924,653,1,"1"
1878.6652222833857,190923,654,1,"1"
1882.4233881923851,190914,663,5,"4-1"
1896.3738525764668,190896,681,1,"1"
1964.8134472385545,190891,686,1,"1"
1975.8242897135899,190886,691,1,"1"
1983.9795524500407,190876,701,2,"2"
2051.4860353039744,190866,711,1,"1"
2079.4804107668228,190865,712,1,"1"
2081.8244744237063,190847,730,1,"1"
2089.7715560120782,190829,748,1,"1"
2120.3413148204158,190828,749,1,"1"
2134.6389870825524,190819,758,3,"3"
2193.6611310373869,190816,761,1,"1"
2223.9637140057903,190797,780,3,"2-1"
2231.3183191894045,190796,781,1,"1"
2235.0540864797313,190795,782,1,"1"
2238.1624833442975,190777,800,1,"1"
2254.4512890503784,190775,802,2,"2"
2258.2302718668934,190772,805,1,"1"
2297.5216373722924,190770,807,2,"2"
2298.7025778356542,190769,808,1,"1"
2320.3220491572029,190764,813,1,"1"
2352.1857306438569,190746,831,1,"1"
2358.3260680286671,190728,849,1,"1"
2359.0177144752211,190710,867,1,"1"
2365.3919121653821,190696,881,2,"2"
2374.8960046477137,190678,899,1,"1"
2380.5365777157349,190677,900,1,"1"
2394.0128233876217,190674,903,1,"1"
2410.1187393417467,190671,906,1,"1"
2410.5563336254904,190670,907,1,"1"
2433.2750226419585,190663,914,1,"1"
2444.1087306194204,190658,919,1,"1"
2451.4128938029221,190653,924,1,"1"
2452.7361263004796,190650,927,1,"1"
2466.2990419267726,190632,945,1,"1"
2469.8846418156304,190629,948,1,"1"
2485.4683287481184,190611,966,1,"1"
2493.5632852789427,190593,984,1,"1"
2537.2597075086519,190590,987,1,"1"
2542.2576294562427,190572,1005,1,"1"
2569.4304505505465,190561,1016,1,"1"
2585.6805460742044,190558,1019,1,"1"
2617.6787871320917,190552,1025,2,"2"
2628.180624597499,190534,1043,1,"1"
2628.948108938439,190531,1046,1,"1"
2646.4260245813985,190513,1064,1,"1"
2660.9439839443621,190508,1069,1,"1"
2662.9177932141579,190490,1087,1,"1"
2688.5207256500298,190472,1105,1,"1"
2705.9763304761486,190469,1108,1,"1"
2723.5730834096144,190451,1126,1,"1"
2727.5201406798569,190441,1136,1,"1"
2746.5356416266591,190431,1146,1,"1"
2759.2292217830536,190413,1164,1,"1"
2760.8042098713527,190395,1182,1,"1"
2763.8037592773981,190377,1200,1,"1"
2769.3819459462461,190366,1211,1,"1"
2781.6609371323707,190365,1212,1,"1"
2785.537033888053,190347,1230,1,"1"
2796.4743723014512,190336,1241,1,"1"
2827.8579354725703,190335,1242,1,"1"
2830.3577199928691,190317,1260,1,"1"
2865.7278527845133,190316,1261,1,"1"
2908.7531169447489,190298,1279,1,"1"
2914.3860415941363,190280,1297,1,"1"
2943.498256483258,190271,1306,1,"1"
2969.6307036069124,190253,1324,1,"1"
2979.4336211085611,190235,1342,1,"1"
2982.9798610633134,190226,1351,1,"1"
2990.8356687404471,190208,1369,1,"1"
3035.171244948162,190205,1372,1,"1"
3037.5050223270719,190187,1390,1,"1"
3049.1573590832413,190184,1393,1,"1"
3054.7233848791552,190181,1396,1,"1"
3059.4814852988261,190163,1414,1,"1"
3103.712946801018,190162,1415,1,"1"
3105.3283441389672,190152,1425,1,"1"
3114.6707633567603,190142,1435,1,"1"
3126.3768414901065,190124,1453,1,"1"
3141.4349203271499,190106,1471,1,"1"
3171.1960847412784,190079,1498,2,"1-1"
3179.4758440436872,190069,1508,1,"1"
3191.5433927082468,190051,1526,1,"1"
3196.4881789359206,190048,1529,1,"1"
3199.3251880689377,190036,1541,4,"3-1"
3247.5283762606246,190033,1544,1,"1"
3259.786551495527,190026,1551,1,"1"
3260.3741390304554,190008,1569,1,"1"
3274.610009430528,190005,1572,1,"1"
3287.6647741958791,189994,1583,1,"1"
3303.6106120013346,189989,1588,1,"1"
3330.4045019892205,189986,1591,1,"1"
3343.1199766319678,189968,1609,1,"1"
3359.0075290384316,189965,1612,1,"1"
3360.2333323757052,189947,1630,1,"1"
3371.1333861504945,189929,1648,1,"1"
3376.9639732095939,189893,1684,2,"2"
3411.0347734331303,189887,1690,2,"2"
3412.8669145960107,189869,1708,1,"1"
3423.9573172175596,189866,1711,1,"1"
3429.2016274325351,189848,1729,1,"1"
3437.9189671112058,189830,1747,4,"4"
3441.0792806135732,189820,1757,1,"1"
3447.7781540684191,189802,1775,1,"1"
3462.6562134270034,189793,1784,1,"1"
3478.186179319478,189780,1797,1,"1"
3489.9213229456964,189759,1818,5,"5"
3501.4969363906921,189741,1836,1,"1"
3528.0452785738912,189736,1841,1,"1"
3543.9616198898357,189722,1855,1,"1"
3564.4229141371725,189717,1860,1,"1"
3566.9173719949276,189699,1878,1,"1"
3585.2770473978962,189681,1896,1,"1"
3587.1198764006599,189663,1914,1,"1"
3621.5362108148483,189656,1921,1,"1"
3626.6797683383784,189651,1926,1,"1"
3629.11205586098,189633,1944,1,"1"
3630.7776052726272,189615,1962,1,"1"
3632.2403065121111,189597,1980,1,"1"
3641.1140213292747,189592,1985,1,"1"
3671.4164328294428,189576,2001,1,"1"
3672.8705009619107,189573,2004,1,"1"
3676.7107456408257,189570,2007,1,"1"
3688.3509081312782,189552,2025,1,"1"
3690.115674299976,189538,2039,2,"2"
3693.7012776075685,189520,2057,1,"1"
3702.6377350554767,189502,2075,1,"1"
3733.0938377919629,189484,2093,1,"1"
3741.5529347744882,189460,2117,2,"2"
3763.920325685564,189442,2135,1,"1"
3786.6194076366746,189424,2153,1,"1"
3789.9579452178,189406,2171,1,"1"
3793.9184331280217,189388,2189,1,"1"
3795.6420721144764,189383,2194,1,"1"
3802.1622323789989,189373,2204,2,"2"
3807.1146791876622,189370,2207,1,"1"
3814.5555317999019,189352,2225,1,"1"
3817.7120686332196,189334,2243,1,"1"
3843.9441070088228,189324,2253,1,"1"
3851.4168075163338,189288,2289,2,"2"
3860.1817341544756,189278,2299,1,"1"
3864.0820140239189,189268,2309,1,"1"
3909.428605390759,189262,2315,2,"2"
3918.7600252169832,189210,2367,10,"4-2-2-1-1"
3923.4312315908319,189192,2385,1,"1"
3927.8242839539848,189182,2395,2,"1-1"
3931.1794066110597,189170,2407,2,"1-1"
3941.9256589957117,189161,2416,1,"1"
3944.4551641987905,189136,2441,5,"3-2"
3970.8194187153531,189130,2447,2,"2"
4025.5890960629672,189112,2465,1,"1"
4026.6107916958467,189100,2477,1,"1"
4052.2852308459287,189082,2495,1,"1"
4055.9508282109027,189077,2500,1,"1"
4058.2052559122812,189060,2517,3,"1-1-1"
4075.2152883887661,189042,2535,1,"1"
4085.2035700756192,189024,2553,1,"1"
4088.0155659513644,189014,2563,1,"1"
4109.8665746733059,189009,2568,1,"1"
4111.9562947549612,188991,2586,1,"1"
4114.3690451846651,188988,2589,1,"1"
4130.9329944977053,188970,2607,1,"1"
4155.1033733685763,188934,2643,2,"1-1"
4170.871952594558,188929,2648,1,"1"
4173.8494793431501,188914,2663,1,"1"
4192.7230827409303,188896,2681,1,"1"
4209.931564647859,188886,2691,1,"1"
4224.6715489229755,188868,2709,1,"1"
4234.1440341210073,188854,2723,2,"2"
4252.2854692722049,188848,2729,2,"2"
4253.7474960166019,188832,2745,2,"1-1"
4265.9069872314612,188814,2763,1,"1"
4286.5236612603812,188804,2773,1,"1"
4310.9679848142678,188786,2791,1,"1"
4326.4129269584064,188768,2809,1,"1"
4333.4897737214214,188762,2815,2,"2"
4343.485215139006,188759,2818,1,"1"
4348.7346627106917,188756,2821,1,"1"
4353.4281493192393,188751,2826,1,"1"
4360.7957419052636,188733,2844,1,"1"
4369.8866231293214,188715,2862,1,"1"
4372.0925203527177,188712,2865,1,"1"
4390.9077020777113,188692,2885,2,"2"
4442.4203621447796,188674,2903,1,"1"
4447.1400813213831,188656,2921,1,"1"
4458.1952743732181,188640,2937,4,"4"
4458.7434020343089,188622,2955,1,"1"
4459.1040706672511,188610,2967,1,"1"
4491.9610023782188,188592,2985,1,"1"
4517.0140778604527,188583,2994,1,"1"
4519.9093224268108,188565,3012,1,"1"
4522.4992856428817,188547,3030,1,"1"
4523.5159746988065,188544,3033,1,"1"
4528.3798418657771,188538,3039,2,"2"
4534.4015403054655,188520,3057,1,"1"
4535.4633714587508,188496,3081,2,"1-1"
4561.77216717793,188489,3088,1,"1"
4586.1996172516547,188471,3106,1,"1"
4586.7355339618416,188453,3124,1,"1"
4588.028666426304,188435,3142,1,"1"
4588.2914833754894,188417,3160,1,"1"
4598.6585474642079,188399,3178,1,"1"
4599.3748789679294,188381,3196,1,"1"
4609.6323428077303,188376,3201,1,"1"
4620.9916365403133,188359,3218,1,"1"
4621.3257693466749,188341,3236,1,"1"
4630.6825189751917,188329,3248,1,"1"
4632.2140579198858,188311,3266,1,"1"
4652.5272033906031,188259,3318,4,"2-1-1"
4664.502367628882,188241,3336,1,"1"
4672.7509432548632,188223,3354,1,"1"
4721.6396509446631,188216,3361,1,"1"
4731.6177202887129,188211,3366,1,"1"
4731.8535940019792,188193,3384,1,"1"
4733.4494218433629,188157,3420,2,"2"
4736.2164148776928,188147,3430,2,"2"
4738.0813423320815,188115,3462,2,"2"
4740.2206860919605,188097,3480,1,"1"
4756.121234999503,188079,3498,1,"1"
4759.9461974356309,188061,3516,1,"1"
4761.7246376958929,188043,3534,1,"1"
4775.0252009604501,188027,3550,1,"1"
4785.5956458551254,187987,3590,3,"2-1"
4794.9047599944279,187977,3600,1,"1"
4799.9905928169028,187972,3605,1,"1"
4834.4568914979445,187954,3623,1,"1"
4838.4406448198197,187939,3638,1,"1"
4842.4048877150472,187934,3643,1,"1"
4850.8671581399276,187898,3679,2,"2"
4857.9221803851397,187880,3697,1,"1"
4864.3134107957512,187860,3717,2,"2"
4866.7720748529218,187842,3735,1,"1"
4895.5255627022116,187839,3738,1,"1"
4902.6377369060137,187836,3741,1,"1"
4908.3830277235302,187804,3773,2,"2"
4925.7903001445438,187786,3791,1,"1"
4926.7556832908058,187773,3804,1,"1"
4935.0172678222107,187755,3822,1,"1"
4943.5047651781997,187747,3830,2,"1-1"
4962.5226573721602,187737,3840,1,"1"
4964.6600185825173,187719,3858,1,"1"
4970.9952937517992,187701,3876,1,"1"
4975.3638896875527,187683,3894,1,"1"
4975.6193647070286,187665,3912,1,"1"
4982.9857766490068,187647,3930,1,"1"
4985.3753947454097,187635,3942,1,"1"
4992.833212643829,187618,3959,1,"1"
5014.8834331049766,187600,3977,1,"1"
5021.3155715190996,187584,3993,1,"1"
5027.6290789967952,187572,4005,1,"1"
5033.8500483285789,187554,4023,1,"1"
5036.4072298290548,187536,4041,1,"1"
5048.6269172900002,187500,4077,2,"2"
5057.6369250145044,187482,4095,1,"1"
5058.9130036724982,187464,4113,1,"1"
5075.5329462738318,187459,4118,1,"1"
5077.8125917593907,187447,4130,1,"1"
5081.0418855342496,187437,4140,1,"1"
5086.0535849878797,187419,4158,1,"1"
5088.5369870229761,187401,4176,1,"1"
5093.5386804368654,187383,4194,1,"1"
5117.265258247533,187358,4219,2,"1-1"
5124.0190778956885,187353,4224,1,"1"
5131.4536141005983,187341,4236,2,"2"
5133.6102250471968,187323,4254,1,"1"
5137.0676033895488,187320,4257,1,"1"
5170.7411075704749,187302,4275,1,"1"
5172.8183540698747,187284,4293,1,"1"
5173.3500423719815,187278,4299,2,"2"
5175.2339314173287,187248,4329,2,"2"
5180.7907456847151,187241,4336,1,"1"
5181.9772092007979,187229,4348,1,"1"
5184.0666611248826,187216,4361,3,"2-1"
5211.1745698506475,187177,4400,5,"5"
5211.4051918377145,187159,4418,1,"1"
5216.4989455139485,187145,4432,1,"1"
5229.9334804627533,187098,4479,4,"2-1-1"
5244.8162073379208,187093,4484,1,"1"
5245.8623351575461,187075,4502,1,"1"
5248.5870157956879,187057,4520,1,"1"
5250.0478845059524,187039,4538,1,"1"
5273.8632634505966,187021,4556,1,"1"
5276.1067200236957,187016,4561,1,"1"
5276.167104076806,187011,4566,1,"1"
5278.5504215150549,187005,4572,2,"2"
5288.6510670304415,186987,4590,1,"1"
5292.2484425513067,186969,4608,1,"1"
5292.4029615687259,186951,4626,1,"1"
5311.6259048408801,186936,4641,3,"3"
5314.7256999037236,186918,4659,1,"1"
5314.7352044457748,186900,4677,1,"1"
5323.1154647041594,186888,4689,1,"1"
5326.5436277924882,186861,4716,3,"3"
5351.6539132036687,186843,4734,1,"1"
5397.5949126342693,186807,4770,2,"1-1"
5402.8592457157474,186793,4784,2,"1-1"
5408.9165504448674,186774,4803,3,"2-1"
5414.155476216235,186756,4821,1,"1"
5438.6783746954661,186738,4839,1,"1"
5453.839180609034,186694,4883,8,"2-2-1-1-1-1"
5464.5472427538252,186686,4891,2,"1-1"
5465.2550686287177,186683,4894,1,"1"
5476.921549691474,186665,4912,1,"1"
5504.0672473820559,186647,4930,1,"1"
5510.6188145342558,186635,4942,1,"1"
5530.3002523479172,186561,5016,8,"4-3-1"
5559.3330686577174,186547,5030,2,"2"
5566.705411081819,186511,5066,2,"2"
5571.6739793819843,186493,5084,1,"1"
5576.5771538374429,186455,5122,3,"2-1"
5591.7779933618967,186437,5140,1,"1"
5595.4780938961612,186427,5150,1,"1"
5636.1443100472925,186422,5155,1,"1"
5643.7034015758327,186400,5177,4,"3-1"
5646.3109198807933,186382,5195,1,"1"
5665.4598557728414,186364,5213,1,"1"
5690.9373723736844,186344,5233,2,"2"
5693.6947383355446,186308,5269,2,"1-1"
5700.426946957612,186283,5294,2,"2"
5728.6885928353786,186265,5312,1,"1"
5732.8520096057737,186247,5330,1,"1"
5741.7272444099253,186229,5348,1,"1"
5751.9041526380806,186190,5387,4,"2-1-1"
5752.0110534930627,186172,5405,1,"1"
5755.2973758645821,186158,5419,1,"1"
5764.5798923875,186122,5455,2,"2"
5767.3448149996057,186108,5469,1,"1"
5779.4377842167105,186090,5487,1,"1"
5782.3257074688418,186081,5496,1,"1"
5787.5354795683816,186063,5514,1,"1"
5792.8346149611652,186045,5532,1,"1"
5801.4739658340113,186027,5550,1,"1"
5803.7772348338658,186009,5568,1,"1"
5804.7462272079028,186002,5575,1,"1"
5806.9002109142275,185984,5593,1,"1"
5810.8703261281025,185966,5611,1,"1"
5827.3354075424559,185948,5629,1,"1"
5853.0182963842481,185928,5649,2,"2"
5859.6911959200224,185910,5667,1,"1"
5866.6909988097495,185892,5685,1,"1"
5871.3588314358321,185874,5703,1,"1"
5891.5057618350629,185867,5710,1,"1"
5900.4193530599005,185862,5715,1,"1"
5930.1404221249686,185812,5765,3,"3"
5939.4374564381887,185802,5775,1,"1"
5944.9848824699156,185797,5780,1,"1"
5967.7218204150113,185779,5798,1,"1"
5973.9443133426748,185761,5816,1,"1"
5982.0387852248059,185758,5819,1,"1"
5989.9094468469148,185738,5839,2,"1-1"
5997.8623828486398,185720,5857,1,"1"
6023.8150966637313,185702,5875,1,"1"
6055.8915683677205,185691,5886,1,"1"
6058.5925462136747,185673,5904,1,"1"
6066.2574201814259,185662,5915,1,"1"
6081.8429883625213,185632,5945,2,"2"
6099.1987385900611,185610,5967,2,"1-1"
6118.2643915064245,185592,5985,1,"1"
6127.992615233492,185404,6173,18,"8-2-1-1-1-1-1-1-1-1"
6156.913596257772,185394,6183,1,"1"
6197.4228965078837,185376,6201,1,"1"
6198.5677041403906,185356,6221,2,"2"
6204.1631233192174,185338,6239,1,"1"
6210.3936434373936,185324,6253,2,"2"
6211.1323806700657,185306,6271,1,"1"
6216.6214392085794,185290,6287,1,"1"
6221.7791085282479,185272,6305,1,"1"
6224.5952939679482,185254,6323,1,"1"
6226.5202058458462,185236,6341,1,"1"
6227.7020256593487,185222,6355,2,"1-1"
6240.2074786948915,185204,6373,1,"1"
6241.4496060141119,185184,6393,2,"1-1"
6245.2629796535412,185166,6411,1,"1"
6254.0917705712445,185148,6429,1,"1"
6272.4617876527973,185130,6447,1,"1"
6286.815114100521,185112,6465,1,"1"
6288.0401226626309,185028,6549,5,"3-2"
6299.2025659306564,185019,6558,1,"1"
6318.814775257676,184990,6587,5,"3-2"
6320.9639669929602,184954,6623,2,"2"
6323.3583224508466,184936,6641,1,"1"
6330.9508985909424,184922,6655,2,"2"
6331.3001143781585,184868,6709,3,"2-1"
6343.077653241914,184850,6727,1,"1"
6344.1083323186394,184832,6745,1,"1"
6345.6461246684003,184814,6763,1,"1"
6346.4725983106691,184782,6795,2,"2"
6348.5224130210336,184748,6829,3,"3"
6363.0889247107434,184730,6847,1,"1"
6382.9931467150273,184725,6852,1,"1"
6383.5737306727833,184707,6870,1,"1"
6387.8006669170509,184689,6888,1,"1"
6389.0359051695468,184671,6906,1,"1"
6395.9480154860585,184624,6953,5,"2-2-1"
6395.977510360568,184606,6971,1,"1"
6412.5443191846362,184597,6980,1,"1"
6438.9325303849691,184587,6990,1,"1"
6443.2740225305542,184569,7008,1,"1"
6444.4853866403773,184555,7022,2,"1-1"
6444.5474633659551,184537,7040,1,"1"
6451.2534256187801,184519,7058,1,"1"
6461.8914140482675,184501,7076,1,"1"
6484.5961408657413,184483,7094,1,"1"
6510.679154387456,184465,7112,1,"1"
6510.7643529415091,184449,7128,1,"1"
6514.745574069847,184425,7152,2,"2"
6527.3480113969599,184418,7159,1,"1"
6533.188099658687,184406,7171,2,"1-1"
6534.2095770240421,184388,7189,1,"1"
6538.1717896166219,184368,7209,2,"1-1"
6538.5806678296149,184348,7229,4,"2-1-1"
6541.4481763091171,184298,7279,6,"3-1-1-1"
6541.6670260307674,184280,7297,1,"1"
6582.148362282509,184251,7326,3,"1-1-1"
6584.2635214721695,184233,7344,1,"1"
6604.1006150323838,184215,7362,1,"1"
6609.9133582029344,184197,7380,1,"1"
6615.8803023908158,184181,7396,1,"1"
6616.0072774711407,184163,7414,1,"1"
6626.8299627102087,184147,7430,1,"1"
6628.9596702961762,184129,7448,1,"1"
6630.9621796332594,184111,7466,1,"1"
6632.9289029646116,184093,7484,1,"1"
6653.2231525999141,184075,7502,1,"1"
6655.5771566164758,184057,7520,1,"1"
6655.8449798945539,184050,7527,1,"1"
6662.0629208808932,183985,7592,9,"3-2-2-1-1"
6664.8842816734405,183980,7597,1,"1"
6666.0939240813059,183961,7616,3,"1-1-1"
6667.3506335636821,183956,7621,1,"1"
6672.6007595883102,183938,7639,1,"1"
6683.709904685089,183920,7657,1,"1"
6693.630237617308,183913,7664,1,"1"
6694.0851023326777,183896,7681,1,"1"
6695.5145740580865,183884,7693,1,"1"
6700.4834386222465,183868,7709,2,"1-1"
6705.4978211016432,183850,7727,1,"1"
6744.4665390016462,183821,7756,5,"3-1-1"
6749.0769345540511,183803,7774,1,"1"
6758.5742361566981,183785,7792,1,"1"
6765.0879596272416,183767,7810,1,"1"
6765.8065438694066,183749,7828,1,"1"
6767.6719962174384,183735,7842,2,"2"
6771.1613035362916,183665,7912,8,"5-1-1-1"
6778.9829358130683,183611,7966,3,"2-1"
6786.3048826803561,183593,7984,1,"1"
6789.9855189819145,183575,8002,1,"1"
6791.5354409988722,183557,8020,1,"1"
6809.0348546847936,183539,8038,1,"1"
6811.9269915521827,183521,8056,1,"1"
6818.3554504947379,183503,8074,1,"1"
6838.9655152004143,183485,8092,1,"1"
6847.1080658633,183369,8208,9,"3-2-2-1-1"
6852.7697406497391,183351,8226,1,"1"
6854.8945769087177,183263,8314,6,"3-1-1-1"
6863.9395551602138,183253,8324,1,"1"
6878.2537461307611,183235,8342,1,"1"
6880.4868457182401,183203,8374,2,"1-1"
6952.6610922910731,183190,8387,1,"1"
6966.8825927619791,183126,8451,5,"2-2-1"
6969.1371361557367,183116,8461,1,"1"
6996.1730564346353,183098,8479,1,"1"
6998.3083718761463,183080,8497,1,"1"
7005.2463881719668,183062,8515,1,"1"
7008.0210557937453,183044,8533,1,"1"
7011.095170453762,183026,8551,1,"1"
7011.1969242577734,183008,8569,1,"1"
7027.5223295239775,182986,8591,2,"2"
7028.2518968167187,182950,8627,2,"2"
7029.2785620292625,182929,8648,3,"3"
7030.4378383792164,182911,8666,1,"1"
7034.6695869472824,182899,8678,1,"1"
7037.4288482618094,182881,8696,1,"1"
7037.7500644122174,182869,8708,1,"1"
7045.5119276981395,182851,8726,1,"1"
7046.8945327882466,182833,8744,1,"1"
7047.8770212066975,182821,8756,1,"1"
7051.8300358768211,182799,8778,2,"1-1"
7058.8608951079977,182781,8796,1,"1"
7069.6218190869376,182772,8805,1,"1"
7075.2226864136546,182760,8817,1,"1"
7078.000545416342,182751,8826,1,"1"
7078.4492899826946,182733,8844,1,"1"
7082.5388543465733,182715,8862,1,"1"
7087.7349129199802,182674,8903,5,"4-1"
7094.5241949308429,182656,8921,1,"1"
7096.8822567760953,182632,8945,2,"2"
7108.7415716295582,182614,8963,1,"1"
7126.194856953668,182596,8981,1,"1"
7133.1998247963611,182585,8992,1,"1"
7135.2110002015206,182567,9010,1,"1"
7135.9644409939719,182513,9064,3,"1-1-1"
7136.1415411271646,182495,9082,1,"1"
7157.7783391001576,182477,9100,1,"1"
7162.1172465781437,182459,9118,1,"1"
7167.8466933232066,182407,9170,4,"1-1-1-1"
7169.1993148956608,182389,9188,1,"1"
7174.0170426294617,182382,9195,1,"1"
7179.8513243141533,182370,9207,1,"1"
7190.7005221355939,182352,9225,1,"1"
7200.4699663109013,182316,9261,2,"1-1"
7215.0512647325022,182298,9279,2,"1-1"
7229.7142147320455,182286,9291,1,"1"
7236.3397628021821,182250,9327,2,"2"
7254.9859945953422,182232,9345,1,"1"
7262.3258543941201,182174,9403,4,"2-1-1"
7263.471249684434,182156,9421,1,"1"
7270.47045896072,182130,9447,2,"1-1"
7272.0940619767071,182058,9519,4,"4"
7288.7101423921658,182040,9537,1,"1"
7289.3504008614091,182033,9544,1,"1"
7291.1695098617402,181997,9580,2,"2"
7295.1517682584117,181919,9658,10,"3-2-2-1-1-1"
7301.1222695038232,181883,9694,2,"1-1"
7320.3328339737909,181865,9712,1,"1"
7327.9095451489484,181856,9721,1,"1"
7342.1990750520108,181804,9773,4,"4"
7343.7669549259599,181786,9791,1,"1"
7348.4673664404445,181768,9809,1,"1"
7353.7660156566044,181750,9827,1,"1"
7359.3204675545276,181725,9852,2,"2"
7367.9333194064693,181707,9870,1,"1"
7384.0701482149198,181689,9888,1,"1"
7384.1266147134202,181667,9910,2,"1-1"
7384.1791534365102,181649,9928,1,"1"
7389.317510475099,181610,9967,5,"4-1"
7389.6160699742022,181598,9979,1,"1"
7389.7441318911788,181524,10053,5,"4-1"
7412.8109659711627,181506,10071,1,"1"
7413.2216078784159,181497,10080,1,"1"
7415.483476400269,181469,10108,2,"1-1"
7420.2285821213718,181451,10126,1,"1"
7430.8227803765812,181323,10254,8,"5-1-1-1"
7441.212497097199,181287,10290,2,"1-1"
7458.5772694434527,181241,10336,4,"2-2"
7459.0189491984784,181223,10354,1,"1"
7488.843955077069,181105,10472,11,"5-3-1-1-1"
7491.3084723501233,181070,10507,3,"3"
7492.0417094972508,181052,10525,1,"1"
7495.0138929818995,181034,10543,1,"1"
7498.3248616350038,180940,10637,7,"2-2-1-1-1"
7520.8973802854107,180922,10655,1,"1"
7523.7532499567114,180904,10673,1,"1"
7552.1827239373224,180817,10760,9,"2-2-1-1-1-1-1"
7561.853636979482,180799,10778,1,"1"
7562.1949399222722,180673,10904,8,"3-3-2"
7562.2308391545503,180559,11018,9,"3-2-1-1-1-1"
7565.1306378851978,180541,11036,1,"1"
7571.7320445507894,180495,11082,3,"3"
7572.8813099798936,180477,11100,1,"1"
7576.8628645712697,180459,11118,1,"1"
7584.2346991766281,180261,11316,16,"4-2-2-2-1-1-1-1-1-1"
7594.0041937332117,180246,11331,1,"1"
7602.8774353897106,180228,11349,1,"1"
7615.2537781446053,180210,11367,1,"1"
7617.898111265592,180198,11379,1,"1"
7628.3605314829874,180180,11397,1,"1"
7655.0913238122967,180153,11424,2,"2"
7668.6893002162042,180097,11480,6,"3-2-1"
7671.2530294646167,180079,11498,1,"1"
7686.4079935741183,180061,11516,1,"1"
7694.0479779822035,180045,11532,1,"1"
7702.0557470400299,180009,11568,2,"2"
7708.4262104767995,179973,11604,2,"2"
7721.5039042204726,179955,11622,1,"1"
7727.9315450420718,179937,11640,1,"1"
7732.195906656988,179905,11672,4,"2-1-1"
7734.7400731663001,179887,11690,1,"1"
7736.5683972428587,179878,11699,1,"1"
7747.2319557020401,179868,11709,1,"1"
7748.6148112483297,179850,11727,1,"1"
7751.4743692875099,179820,11757,2,"2"
7756.2199340169009,179802,11775,1,"1"
7759.0586677959564,179766,11811,2,"1-1"
7759.6687708382897,179701,11876,6,"2-2-1-1"
7767.2076966073355,179696,11881,1,"1"
7767.8961771791201,179678,11899,1,"1"
7790.2257777522054,179476,12101,20,"6-2-2-2-2-1-1-1-1-1-1"
7801.4707627396838,179458,12119,1,"1"
7804.1467759328434,179440,12137,1,"1"
7809.0577208508375,179400,12177,4,"2-1-1"
7824.5032296269983,179376,12201,2,"2"
7827.1624037525326,179358,12219,1,"1"
7830.4522429577901,179340,12237,1,"1"
7831.1667633425677,179322,12255,1,"1"
7837.4643773879825,179304,12273,1,"1"
7842.0909839526767,179286,12291,1,"1"
7843.935279216139,179268,12309,1,"1"
7847.6146354154525,179250,12327,1,"1"
7850.9338622966425,179162,12415,10,"3-3-2-1-1"
7867.6635605030397,179144,12433,1,"1"
7869.9775700579494,179112,12465,2,"1-1"
7878.352785220246,179076,12501,2,"1-1"
7887.0624264456865,179058,12519,1,"1"
7899.827646429806,179040,12537,1,"1"
7900.3137800585982,178986,12591,4,"3-1"
7912.9574808670914,0,191577,10114,"10114"
----------------------------------------------9
0,191577,0,0,"0"
200.60288475668071,191575,2,2,"1-1"
293.38443462015681,191574,3,1,"1"
338.95010243672624,191564,13,1,"1"
350.49757271279015,191563,14,1,"1"
575.76130284277463,191562,15,1,"1"
628.08022779874364,191561,16,1,"1"
631.37688857580645,191552,25,1,"1"
655.33096558477757,191545,32,1,"1"
667.87782806220116,191544,33,1,"1"
678.23712073272941,191526,51,1,"1"
690.31181788459855,191525,52,1,"1"
703.05078137147871,191524,53,1,"1"
721.21655019469767,191523,54,1,"1"
729.69968581779165,191522,55,1,"1"
761.59521241035861,191519,58,1,"1"
765.92427148923332,191518,59,1,"1"
785.67127219398378,191500,77,1,"1"
807.85615862136524,191499,78,1,"1"
817.33724337666661,191498,79,1,"1"
839.84074068999109,191486,91,1,"1"
839.90965243879396,191485,92,1,"1"
858.17190601401091,191484,93,1,"1"
879.17525803182559,191483,94,1,"1"
883.14055677735587,191480,97,3,"2-1"
885.03569574271285,191479,98,1,"1"
893.54233138916652,191477,100,2,"2"
895.75019226299924,191476,101,1,"1"
917.60319483772605,191475,102,1,"1"
926.03383711825279,191471,106,4,"2-2"
941.42609229903485,191470,107,1,"1"
966.46894074739816,191464,113,2,"2"
1006.1300931210031,191463,114,1,"1"
1010.6502376375039,191457,120,2,"2"
1014.6944338098206,191456,121,1,"1"
1024.6991539535236,191455,122,1,"1"
1076.5737112573274,191454,123,1,"1"
1105.8744529822332,191453,124,1,"1"
1138.3153675393278,191452,125,1,"1"
1154.499837448692,191418,159,3,"2-1"
1159.0479568748137,191416,161,2,"1-1"
1163.6849712882395,191398,179,1,"1"
1164.9990174032764,191397,180,1,"1"
1179.9899883045566,191379,198,1,"1"
1184.2127024782847,191378,199,1,"1"
1192.2482680127509,191376,201,2,"2"
1206.6996265865309,191375,202,1,"1"
1262.9749467455733,191357,220,1,"1"
1270.3078694782846,191339,238,1,"1"
1278.451184391944,191338,239,1,"1"
1282.1640308925394,191320,257,1,"1"
1291.1561892135544,191318,259,2,"2"
1292.9213525584842,191300,277,1,"1"
1298.7982083898642,191299,278,1,"1"
1332.8881103988167,191281,296,1,"1"
1376.534590937393,191263,314,1,"1"
1380.2859853271568,191253,324,1,"1"
1384.6372008581779,191252,325,1,"1"
1387.509655386662,191251,326,1,"1"
1388.2518979925826,191240,337,3,"3"
1394.9232263778854,191239,338,1,"1"
1415.5910603656594,191221,356,1,"1"
1418.7981979040665,191220,357,1,"1"
1445.7772950238214,191202,375,1,"1"
1452.8602316546726,191184,393,1,"1"
1460.7835974822333,191182,395,2,"2"
1466.7266556973304,191180,397,2,"2"
1471.3149028606806,191162,415,1,"1"
1491.1299315370559,191159,418,1,"1"
1492.8501119001098,191158,419,1,"1"
1495.3728096826169,191148,429,2,"1-1"
1500.6941775565535,191145,432,1,"1"
1500.8550960488787,191139,438,2,"1-1"
1532.2785806105967,191138,439,1,"1"
1536.8536335689801,191129,448,1,"1"
1537.5566531723641,191128,449,1,"1"
1541.0232700880517,191123,454,1,"1"
1547.4629463757369,191105,472,1,"1"
1548.7980872371543,191091,486,1,"1"
1549.9471042311295,191073,504,1,"1"
1569.9153317497755,191070,507,3,"2-1"
1577.8527457732375,191069,508,1,"1"
1581.9978875122761,191068,509,1,"1"
1588.156822819954,191065,512,1,"1"
1589.5773827759917,191063,514,2,"2"
1607.0688235618181,191056,521,3,"2-1"
1608.5619707897661,191054,523,2,"2"
1612.8756680970821,191036,541,1,"1"
1614.7883996920348,191018,559,1,"1"
1664.3163664557858,191000,577,1,"1"
1679.3888635630342,190999,578,1,"1"
1681.9389127351214,190997,580,2,"2"
1684.6928964317431,190996,581,1,"1"
1697.0700705375746,190995,582,1,"1"
1705.0312537403177,190994,583,1,"1"
1715.7727972205855,190993,584,1,"1"
1751.5211725666886,190992,585,1,"1"
1776.5037276182229,190974,603,1,"1"
1788.5495790828545,190956,621,1,"1"
1790.5113194268249,190948,629,2,"1-1"
1804.286520639675,190945,632,3,"2-1"
1823.2027051098144,190927,650,1,"1"
1828.2553549274719,190909,668,1,"1"
1849.2544617813667,190904,673,1,"1"
1859.4203794579125,190886,691,1,"1"
1864.0836650662134,190883,694,1,"1"
1867.7841807019547,190865,712,1,"1"
1901.5484488679256,190864,713,1,"1"
1903.5239355979818,190863,714,1,"1"
1904.7137050794847,190860,717,1,"1"
1930.3469459400869,190854,723,2,"2"
1935.9927712314886,190853,724,1,"1"
1970.3964709794825,190852,725,1,"1"
1987.3753484224424,190851,726,1,"1"
2014.2116036282434,190848,729,1,"1"
2033.5510966167051,190839,738,1,"1"
2033.6580582579036,190821,756,1,"1"
2037.3290914256231,190818,759,1,"1"
2041.1498709002485,190782,795,2,"1-1"
2041.6651176294617,190764,813,1,"1"
2054.2058597761984,190763,814,1,"1"
2055.1966380005697,190751,826,1,"1"
2086.1552252219403,190745,832,2,"2"
2090.4863992271926,190736,841,3,"2-1"
2117.7241703797063,190730,847,2,"2"
2120.0625024837004,190712,865,1,"1"
2123.7567181356562,190711,866,1,"1"
2124.0560510834944,190693,884,1,"1"
2160.1192470241381,190690,887,1,"1"
2164.7540213285015,190676,901,6,"3-2-1"
2188.1695733446891,190658,919,1,"1"
2208.7800069158911,190655,922,1,"1"
2228.336266738514,190645,932,1,"1"
2232.1924813754408,190642,935,1,"1"
2232.8210226846059,190639,938,1,"1"
2234.623595396657,190630,947,1,"1"
2244.4222747654676,190629,948,1,"1"
2250.447961651771,190619,958,1,"1"
2255.4045245324037,190612,965,1,"1"
2268.0988143283867,190602,975,1,"1"
2269.4722185615519,190597,980,1,"1"
2271.8654932946565,190596,981,1,"1"
2279.185004652807,190593,984,1,"1"
2312.7383716812274,190592,985,1,"1"
2324.6075106960866,190574,1003,1,"1"
2344.7155833942434,190556,1021,1,"1"
2347.7931959207335,190540,1037,1,"1"
2354.4676221773652,190537,1040,1,"1"
2374.4429982932734,190519,1058,1,"1"
2376.9392371386743,190510,1067,1,"1"
2381.0922412571335,190509,1068,1,"1"
2389.7583921884552,190502,1075,3,"2-1"
2394.4267876121025,190497,1080,1,"1"
2394.4971897130017,190479,1098,1,"1"
2397.1973761842637,190476,1101,1,"1"
2401.3190464243635,190458,1119,1,"1"
2407.076380043929,190455,1122,1,"1"
2424.045269939661,190454,1123,1,"1"
2439.2887878905062,190436,1141,1,"1"
2459.7178194499606,190435,1142,1,"1"
2462.9862708067544,190434,1143,1,"1"
2485.7402537918983,190431,1146,1,"1"
2517.7889474901517,190425,1152,2,"2"
2517.8902193668014,190415,1162,1,"1"
2532.7287660935222,190404,1173,1,"1"
2538.9791178373825,190401,1176,1,"1"
2550.6627955788995,190383,1194,1,"1"
2573.6175362501508,190377,1200,2,"2"
2573.874219768054,190366,1211,1,"1"
2578.6204791290006,190360,1217,2,"1-1"
2608.1249496530259,190348,1229,4,"3-1"
2629.78663801936,190345,1232,1,"1"
2639.7373458052698,190335,1242,1,"1"
2668.9649055614436,190325,1252,2,"2"
2683.8083567472072,190324,1253,1,"1"
2697.4440855233242,190312,1265,1,"1"
2701.1715185345138,190309,1268,1,"1"
2708.0485436673825,190291,1286,1,"1"
2729.2659331685049,190286,1291,1,"1"
2733.2531421060639,190273,1304,1,"1"
2739.9683454757424,190255,1322,1,"1"
2750.0598349706643,190235,1342,2,"2"
2751.9574608438561,190234,1343,1,"1"
2795.7401137544884,190216,1361,1,"1"
2796.5747200784112,190206,1371,2,"2"
2801.4597619827641,190199,1378,1,"1"
2805.0181255674324,190181,1396,1,"1"
2876.5180973752676,190163,1414,1,"1"
2884.5084489946671,190145,1432,1,"1"
2916.3636342650316,190127,1450,1,"1"
2949.8306609969263,190109,1468,1,"1"
2955.5479801426973,190106,1471,1,"1"
2961.8216111570041,190088,1489,1,"1"
2979.5438596218378,190074,1503,2,"2"
3015.1147065809373,190071,1506,1,"1"
3016.545666367198,190055,1522,1,"1"
3029.8328663765706,190052,1525,1,"1"
3039.047909798091,190043,1534,1,"1"
3052.0333673189348,190033,1544,2,"2"
3062.6948809130463,190015,1562,1,"1"
3071.1497563694097,190012,1565,1,"1"
3075.8057762160852,190000,1577,1,"1"
3077.8065037728798,189991,1586,1,"1"
3103.0530509214232,189990,1587,1,"1"
3164.1279548312059,189972,1605,1,"1"
3169.6559618167257,189954,1623,1,"1"
3174.6518952233814,189951,1626,1,"1"
3178.3100911565193,189933,1644,1,"1"
3227.4491316415751,189918,1659,3,"3"
3231.3371054766558,189900,1677,1,"1"
3244.849973262551,189882,1695,1,"1"
3249.3744786018951,189864,1713,1,"1"
3250.6279290250836,189846,1731,1,"1"
3265.7972265913809,189843,1734,1,"1"
3277.062560319669,189825,1752,1,"1"
3279.7721777059564,189820,1757,1,"1"
3292.3845693180447,189817,1760,1,"1"
3293.3642177917573,189814,1763,1,"1"
3298.9454341048336,189811,1766,1,"1"
3299.3610856849691,189793,1784,1,"1"
3305.8282265152779,189775,1802,1,"1"
3315.2088758567179,189766,1811,1,"1"
3321.6216269878742,189748,1829,1,"1"
3326.5111596079778,189742,1835,2,"1-1"
3333.7009899901732,189739,1838,1,"1"
3336.887147309119,189721,1856,1,"1"
3358.5744472538863,189703,1874,1,"1"
3382.2625143602099,189698,1879,1,"1"
3385.5333997948755,189693,1884,1,"1"
3392.957705698027,189688,1889,1,"1"
3410.8989480967298,189670,1907,1,"1"
3411.8676436899455,189652,1925,1,"1"
3416.6506767821465,189649,1928,1,"1"
3427.0649000054464,189635,1942,2,"2"
3455.5357363628023,189617,1960,1,"1"
3460.6769459665115,189599,1978,1,"1"
3474.4216597149812,189563,2014,2,"2"
3496.7897269438463,189545,2032,1,"1"
3497.6389614799182,189527,2050,1,"1"
3498.8312068148657,189520,2057,1,"1"
3513.0072523832755,189502,2075,1,"1"
3524.3080557101798,189466,2111,2,"1-1"
3527.6436405773079,189448,2129,1,"1"
3543.1004074095313,189438,2139,1,"1"
3570.0100116927379,189420,2157,1,"1"
3590.2345114188861,189410,2167,2,"1-1"
3610.8039919837292,189405,2172,1,"1"
3612.1547355596399,189387,2190,1,"1"
3615.645449720922,189378,2199,1,"1"
3625.24771147193,189360,2217,1,"1"
3630.043262820499,189342,2235,1,"1"
3639.5962306191627,189318,2259,2,"2"
3649.7749238788056,189313,2264,1,"1"
3649.8249526268914,189295,2282,1,"1"
3663.375411552583,189292,2285,1,"1"
3675.8051929959684,189283,2294,1,"1"
3693.3341876439322,189265,2312,1,"1"
3694.9331017779759,189247,2330,1,"1"
3700.0164615264698,189232,2345,1,"1"
3700.8744858853402,189214,2363,1,"1"
3702.7725530208545,189196,2381,1,"1"
3723.8905006954128,189178,2399,1,"1"
3729.3958534212225,189160,2417,1,"1"
3730.9634747076925,189124,2453,2,"2"
3759.5554606314136,189106,2471,1,"1"
3776.5848542131748,189088,2489,1,"1"
3792.4749465272448,189085,2492,1,"1"
3796.1201418132832,189082,2495,1,"1"
3809.3319482314869,189070,2507,4,"4"
3809.4701854164427,189042,2535,2,"2"
3827.1402914797886,189018,2559,2,"2"
3828.6520003938545,189015,2562,1,"1"
3835.5343635570589,188997,2580,1,"1"
3840.9718416172932,188979,2598,1,"1"
3844.1636126397962,188963,2614,1,"1"
3862.9539049273903,188947,2630,1,"1"
3869.5285229178726,188919,2658,4,"4"
3875.7673648202176,188901,2676,1,"1"
3897.18515552193,188896,2681,1,"1"
3897.8622464179039,188878,2699,1,"1"
3899.1447007741563,188868,2709,1,"1"
3920.9575828676789,188850,2727,1,"1"
3923.1021507615592,188838,2739,1,"1"
3928.6588144639336,188820,2757,1,"1"
3934.0863377891983,188810,2767,1,"1"
3934.6122187390993,188799,2778,1,"1"
3938.8541458119794,188781,2796,1,"1"
3953.0381221753682,188767,2810,1,"1"
3959.8872705162958,188758,2819,1,"1"
3960.4167652474166,188740,2837,1,"1"
3964.1003979369279,188737,2840,1,"1"
3967.8621315021833,188701,2876,3,"3"
3975.9764377505217,188683,2894,2,"2"
3980.7132197375968,188680,2897,1,"1"
4026.0156502995756,188668,2909,1,"1"
4048.4082244898682,188650,2927,1,"1"
4061.8091915236701,188647,2930,1,"1"
4062.3152181279274,188637,2940,2,"2"
4067.2281298680505,188624,2953,1,"1"
4079.122613311672,188588,2989,2,"2"
4080.199698858004,188572,3005,1,"1"
4099.890609785416,188522,3055,3,"3"
4111.9905461789431,188515,3062,1,"1"
4133.5800278726028,188497,3080,1,"1"
4144.3457178817916,188479,3098,1,"1"
4145.5224285122085,188461,3116,1,"1"
4147.3875053599713,188443,3134,1,"1"
4165.3912424162318,188438,3139,1,"1"
4167.9721334220994,188420,3157,1,"1"
4180.51518300109,188405,3172,5,"2-2-1"
4186.4095442409407,188395,3182,1,"1"
4203.2164528931862,188385,3192,1,"1"
4205.8932560292596,188367,3210,1,"1"
4208.3471803485045,188349,3228,1,"1"
4208.5465137272076,188340,3237,1,"1"
4210.552129046001,188322,3255,1,"1"
4227.911784483741,188304,3273,1,"1"
4243.2504900486256,188297,3280,1,"1"
4257.9344319970278,188279,3298,1,"1"
4258.7532057615244,188261,3316,1,"1"
4259.9366302777007,188243,3334,1,"1"
4265.7785328015952,188207,3370,2,"2"
4268.9287735742982,188193,3384,1,"1"
4276.1367740102587,188175,3402,1,"1"
4310.0366554569737,188172,3405,1,"1"
4310.5087696061437,188157,3420,3,"2-1"
4311.7491298713194,188145,3432,4,"3-1"
4319.6828736621655,188142,3435,1,"1"
4336.4788590115295,188135,3442,1,"1"
4339.6925330143795,188117,3460,1,"1"
4346.1335593435442,188099,3478,1,"1"
4350.1520896276979,188081,3496,1,"1"
4369.3521476003807,188059,3518,2,"1-1"
4383.6425361792026,188041,3536,1,"1"
4383.9536538128114,188023,3554,1,"1"
4384.0342774287392,188005,3572,1,"1"
4390.0143192078112,187987,3590,1,"1"
4396.085316198295,187977,3600,1,"1"
4406.4351130347595,187972,3605,1,"1"
4417.0811606632669,187969,3608,1,"1"
4418.3003277616217,187959,3618,1,"1"
4421.1613256970613,187941,3636,1,"1"
4426.8598419002328,187931,3646,1,"1"
4427.701798508032,187877,3700,3,"2-1"
4453.7835943611544,187859,3718,1,"1"
4456.9781773129253,187845,3732,2,"1-1"
4459.0008560611986,187833,3744,1,"1"
4475.9001562951307,187820,3757,1,"1"
4478.617449355148,187802,3775,1,"1"
4481.1134579894724,187788,3789,1,"1"
4496.0480412766829,187770,3807,1,"1"
4501.0187456788935,187758,3819,1,"1"
4508.703221440036,187722,3855,2,"2"
4521.213014870832,187719,3858,1,"1"
4531.6846567422381,187716,3861,1,"1"
4537.7106241666206,187680,3897,2,"2"
4569.5709572104333,187677,3900,1,"1"
4593.5144129787532,187667,3910,1,"1"
4611.9568091148003,187649,3928,1,"1"
4621.3953272931376,187644,3933,1,"1"
4622.7609357473702,187641,3936,1,"1"
4627.5557838982504,187623,3954,1,"1"
4638.1543318202866,187620,3957,1,"1"
4673.4425572643941,187583,3994,7,"3-3-1"
4674.2461087232086,187560,4017,3,"3"
4680.0448727401026,187542,4035,1,"1"
4683.7648237058947,187526,4051,4,"1-1-1-1"
4726.1927331302404,187521,4056,1,"1"
4727.9528404740249,187503,4074,1,"1"
4748.8951482585062,187491,4086,1,"1"
4768.2113788106408,187473,4104,1,"1"
4782.5014996339987,187455,4122,1,"1"
4790.4502289044704,187437,4140,1,"1"
4807.6895971499271,187427,4150,2,"2"
4826.8416506320236,187391,4186,2,"2"
4833.4376145976012,187373,4204,1,"1"
4851.5298831060372,187355,4222,1,"1"
4860.7068176408247,187350,4227,1,"1"
4884.115104887037,187336,4241,1,"1"
4899.6748317791789,187304,4273,2,"2"
4901.0666338617939,187275,4302,2,"2"
4911.8772702128244,187257,4320,1,"1"
4913.6439178365308,187221,4356,2,"2"
4917.6192376067747,187218,4359,1,"1"
4923.7199905614634,187208,4369,1,"1"
4927.1855764929369,187203,4374,1,"1"
4947.0373400613817,187196,4381,1,"1"
4947.2968730441817,187176,4401,2,"1-1"
4961.511921690716,187158,4419,1,"1"
4970.9510970348465,187155,4422,1,"1"
4975.9591554838225,187143,4434,1,"1"
4980.3947704677421,187125,4452,1,"1"
4986.787138367732,187101,4476,4,"4"
4990.9945724229883,187083,4494,1,"1"
5009.7573925305915,187076,4501,1,"1"
5012.7374817732871,187071,4506,1,"1"
5032.3552067880346,187059,4518,1,"1"
5045.9999431174592,187041,4536,1,"1"
5049.802202067809,187025,4552,4,"3-1"
5061.8226111435206,187007,4570,1,"1"
5074.9902209353313,187004,4573,1,"1"
5077.7212659244524,187001,4576,1,"1"
5082.2047138808484,186983,4594,1,"1"
5103.5891010085024,186966,4611,3,"2-1"
5121.071886847657,186948,4629,1,"1"
5123.7739361089925,186943,4634,1,"1"
5131.2493747370872,186925,4652,1,"1"
5138.4777457511018,186907,4670,1,"1"
5139.8013172746114,186889,4688,1,"1"
5143.441707687598,186853,4724,2,"2"
5171.5672883135785,186809,4768,3,"2-1"
5190.2363306043635,186791,4786,1,"1"
5201.750495523811,186773,4804,1,"1"
5222.031521529706,186755,4822,1,"1"
5243.8421863214262,186743,4834,1,"1"
5252.5057841988255,186738,4839,1,"1"
5274.94100252726,186733,4844,1,"1"
5307.769937349638,186715,4862,1,"1"
5309.9298703481036,186697,4880,1,"1"
5314.5230893010539,186679,4898,1,"1"
5337.0393638816122,186657,4920,2,"2"
5337.9632510275997,186565,5012,6,"4-1-1"
5339.7817899661677,186547,5030,1,"1"
5341.1553691457957,186529,5048,1,"1"
5366.2359689712648,186519,5058,1,"1"
5371.5279266143189,186501,5076,1,"1"
5392.6529423724987,186483,5094,1,"1"
5394.8853916149656,186465,5112,1,"1"
5404.1082481493768,186447,5130,1,"1"
5420.5030451175589,186440,5137,1,"1"
5437.2640646253967,186408,5169,2,"2"
5457.358449724984,186390,5187,1,"1"
5457.8810935145939,186372,5205,1,"1"
5464.8914591698222,186358,5219,1,"1"
5466.2679618267539,186348,5229,1,"1"
5471.7551434052084,186330,5247,1,"1"
5472.5639585721365,186321,5256,1,"1"
5490.5087416465312,186298,5279,3,"3"
5498.682545825548,186293,5284,1,"1"
5500.2180029557267,186290,5287,1,"1"
5501.1406457561252,186272,5305,1,"1"
5512.139213291498,186254,5323,1,"1"
5514.8974680889423,186236,5341,1,"1"
5515.6169463020487,186218,5359,1,"1"
5532.8155626789257,186204,5373,1,"1"
5533.8216152732984,186191,5386,1,"1"
5538.1177037425659,186173,5404,1,"1"
5553.0203868932467,186162,5415,1,"1"
5568.5542544458367,186144,5433,1,"1"
5587.0511155685244,186120,5457,2,"2"
5591.8122476670178,186102,5475,1,"1"
5608.9306479005481,186097,5480,1,"1"
5612.070973427577,186079,5498,1,"1"
5630.173231871594,186061,5516,1,"1"
5636.2383380222627,186028,5549,7,"2-2-2-1"
5648.7104389668393,186000,5577,2,"1-1"
5657.6423743570203,185983,5594,1,"1"
5663.19745728629,185965,5612,1,"1"
5675.1106636376489,185911,5666,3,"3"
5678.747571843187,185893,5684,1,"1"
5689.5253840342339,185839,5738,3,"2-1"
5691.8464593552426,185821,5756,1,"1"
5706.9775825055167,185803,5774,1,"1"
5710.506376580759,185794,5783,1,"1"
5742.820732839582,185776,5801,1,"1"
5754.3393043697133,185758,5819,1,"1"
5759.0740231314703,185740,5837,1,"1"
5765.0945946360926,185716,5861,2,"1-1"
5768.5008463385802,185699,5878,1,"1"
5771.2680968195018,185692,5885,1,"1"
5774.1790454372967,185662,5915,4,"2-1-1"
5778.973506702022,185644,5933,1,"1"
5784.4234810071284,185626,5951,1,"1"
5786.4408137980699,185608,5969,1,"1"
5800.1343542752338,185572,6005,2,"2"
5839.2874948893195,185554,6023,1,"1"
5858.0570727126396,185536,6041,1,"1"
5859.9265447771832,185531,6046,1,"1"
5881.7285550364759,185521,6056,1,"1"
5890.4565538674942,185514,6063,1,"1"
5891.6078138059675,185496,6081,1,"1"
5892.4339643496432,185478,6099,1,"1"
5894.3432827573815,185392,6185,14,"3-2-2-2-1-1-1-1-1"
5897.6484098821938,185374,6203,1,"1"
5906.8451723600383,185356,6221,1,"1"
5919.9350349731412,185338,6239,1,"1"
5942.3109895482539,185328,6249,2,"2"
5946.7925202315118,185307,6270,3,"3"
5952.0278525748718,185298,6279,1,"1"
5953.5901959542007,185280,6297,1,"1"
5969.9259681926023,185271,6306,1,"1"
5979.0598113522583,185217,6360,4,"2-1-1"
5988.7066618169247,185199,6378,1,"1"
6009.3169401830301,185181,6396,1,"1"
6010.3177790842856,185171,6406,1,"1"
6010.7229356564121,185143,6434,2,"1-1"
6025.5060441309743,185018,6559,13,"3-3-3-1-1-1-1"
6028.5996082828569,185000,6577,1,"1"
6040.7256481014492,184964,6613,2,"2"
6042.0450940702585,184946,6631,1,"1"
6053.1528630389985,184921,6656,5,"3-1-1"
6060.4244186178958,184903,6674,1,"1"
6063.0751267170444,184885,6692,1,"1"
6093.3979732292783,184792,6785,11,"4-4-3"
6097.6654759024223,184774,6803,1,"1"
6100.926562887862,184765,6812,1,"1"
6135.6858526876085,184747,6830,1,"1"
6135.8268541998877,184737,6840,1,"1"
6138.3045772398536,184719,6858,1,"1"
6146.5105503704899,184702,6875,1,"1"
6154.8273591330662,184679,6898,3,"2-1"
6158.1395371075751,184669,6908,1,"1"
6168.9494735929429,184664,6913,1,"1"
6170.9586746167743,184646,6931,1,"1"
6172.2031699416375,184637,6940,1,"1"
6179.3333012310641,184621,6956,1,"1"
6206.6459507086238,184612,6965,1,"1"
6207.6842925068595,184598,6979,1,"1"
6219.5671733297386,184580,6997,1,"1"
6225.7984025116029,184562,7015,1,"1"
6226.8746013384607,184551,7026,1,"1"
6241.1596510435238,184531,7046,2,"1-1"
6241.8657814448534,184515,7062,1,"1"
6244.77692540718,184497,7080,1,"1"
6248.9511895321193,184478,7099,3,"1-1-1"
6252.0876244310411,184462,7115,1,"1"
6271.5946952031054,184450,7127,1,"1"
6287.5978887175961,184432,7145,1,"1"
6289.9984692830194,184414,7163,1,"1"
6310.5655934292272,184386,7191,4,"2-2"
6325.4233965352887,184368,7209,1,"1"
6334.671988761861,184363,7214,1,"1"
6339.6667036899789,184309,7268,3,"3"
6354.2430596315153,184296,7281,1,"1"
6358.5083129341692,184278,7299,1,"1"
6365.3924035015971,184260,7317,1,"1"
6367.3597763116613,184242,7335,1,"1"
6373.2908668036571,184222,7355,2,"2"
6375.2164987380002,184213,7364,1,"1"
6381.510496550728,184208,7369,1,"1"
6383.1825919030052,184190,7387,1,"1"
6395.0413207672673,184092,7485,6,"4-1-1"
6404.2686625938704,184064,7513,2,"2"
6406.6862007432064,184044,7533,2,"2"
6408.3895283688016,184030,7547,1,"1"
6455.5511942790563,184012,7565,1,"1"
6464.6198710052176,183954,7623,5,"3-1-1"
6466.7746409142246,183933,7644,3,"3"
6486.7326173358724,183885,7692,4,"4"
6487.4332411061232,183797,7780,7,"3-3-1"
6489.3886705216119,183779,7798,1,"1"
6495.7274330155915,183761,7816,1,"1"
6504.217747015573,183743,7834,1,"1"
6517.2037428312387,183686,7891,4,"2-1-1"
6518.6517710503867,183668,7909,1,"1"
6518.8780429852904,183650,7927,1,"1"
6545.8237778995472,183620,7957,3,"3"
6546.0994886141798,183596,7981,2,"1-1"
6549.9203838424528,183560,8017,2,"2"
6560.7130480702172,183499,8078,5,"5"
6567.2230756810613,183481,8096,1,"1"
6570.0024348447951,183471,8106,1,"1"
6576.7398467361036,183435,8142,2,"2"
6579.0550851612306,183417,8160,1,"1"
6582.5813973522199,183399,8178,1,"1"
6584.1953710130783,183394,8183,1,"1"
6598.9990459843302,183376,8201,1,"1"
6599.0535625305129,183358,8219,1,"1"
6613.2986290921617,183296,8281,8,"2-2-1-1-1-1"
6623.6658616065324,183278,8299,1,"1"
6626.73464639945,183260,8317,1,"1"
6628.2886315912929,183224,8353,2,"2"
6648.8265477749055,183206,8371,1,"1"
6649.7115924775762,183188,8389,1,"1"
6654.057791467023,183170,8407,1,"1"
6658.3727605551385,183134,8443,2,"2"
6660.4993854279355,183123,8454,1,"1"
6664.0230321101108,183087,8490,2,"2"
6677.814950878962,183069,8508,1,"1"
6688.9656106619623,183051,8526,1,"1"
6690.2098761622046,183029,8548,2,"2"
6695.8520458319308,183011,8566,1,"1"
6700.1368842818638,182993,8584,1,"1"
6701.6968668765649,182971,8606,2,"2"
6705.5150899333703,182951,8626,2,"2"
6706.3360932983214,182920,8657,3,"1-1-1"
6720.569226872246,182902,8675,1,"1"
6720.6093891874634,182860,8717,3,"2-1"
6740.2172288093498,182842,8735,1,"1"
6742.281069653679,182824,8753,1,"1"
6743.069093435779,182806,8771,1,"1"
6748.5883677864358,182788,8789,1,"1"
6749.6967102636354,182774,8803,1,"1"
6750.3068061018639,182756,8821,1,"1"
6757.5686304039045,182738,8839,1,"1"
6778.2643437335028,182720,8857,1,"1"
6780.4763573195951,182702,8875,1,"1"
6813.9122491989801,182650,8927,4,"3-1"
6815.4614095866782,182619,8958,3,"1-1-1"
6822.9418189324042,182601,8976,1,"1"
6831.3556762464195,182577,9000,2,"2"
6833.6924256380407,182541,9036,2,"2"
6835.293184337499,182492,9085,5,"3-1-1"
6840.6001486137757,182474,9103,1,"1"
6845.9775289417512,182438,9139,2,"1-1"
6860.2613381141446,182425,9152,1,"1"
6860.3256345017071,182415,9162,1,"1"
6876.2842885254677,182408,9169,1,"1"
6876.7018397256052,182372,9205,2,"2"
6883.5104550238511,182354,9223,1,"1"
6896.0444295334992,182336,9241,1,"1"
6913.8973410661392,182327,9250,1,"1"
6930.0929522060178,182309,9268,1,"1"
6948.0163581940496,182285,9292,2,"1-1"
6951.4967837174836,182276,9301,1,"1"
6953.7923334629568,182273,9304,1,"1"
6959.1592430770461,182266,9311,1,"1"
6960.3139829176107,182248,9329,1,"1"
6963.1252062465837,182230,9347,1,"1"
6964.7015770272574,182212,9365,1,"1"
6966.579306346337,182028,9549,18,"5-3-2-2-1-1-1-1-1-1"
6988.0877403725626,182010,9567,1,"1"
7014.4977518664318,181992,9585,1,"1"
7015.6197713417723,181974,9603,1,"1"
7016.8858591802027,181967,9610,1,"1"
7027.5072618136128,181949,9628,1,"1"
7037.5782777000577,181929,9648,2,"1-1"
7041.2541368102175,181911,9666,1,"1"
7041.4071358296187,181893,9684,1,"1"
7043.8285228452305,181875,9702,1,"1"
7051.5025087191643,181857,9720,1,"1"
7056.1848540584224,181805,9772,4,"4"
7059.715245741334,181787,9790,1,"1"
7066.592246379435,181769,9808,1,"1"
7067.3157744755299,181751,9826,1,"1"
7074.9567809161772,181742,9835,1,"1"
7077.2632565321783,181720,9857,2,"2"
7077.9433048383298,181603,9974,12,"4-4-2-1-1"
7098.657182046516,181591,9986,1,"1"
7100.1133910190383,181555,10022,2,"2"
7113.6863321051633,181543,10034,1,"1"
7116.0575998353079,181529,10048,2,"2"
7132.9580705770913,181411,10166,10,"4-1-1-1-1-1-1"
7139.5836691754084,181393,10184,1,"1"
7142.8491117111344,181375,10202,1,"1"
7145.1305749765424,181359,10218,1,"1"
7146.9940073061316,181283,10294,6,"3-2-1"
7158.3610182852244,181267,10310,1,"1"
7161.0056647860383,181249,10328,1,"1"
7174.3205159941135,181231,10346,1,"1"
7176.7097118354513,181224,10353,1,"1"
7192.3135944633023,181206,10371,1,"1"
7198.1536470982974,181188,10389,1,"1"
7200.231553891751,181177,10400,1,"1"
7205.7880738193107,181159,10418,1,"1"
7207.5235128793984,181105,10472,5,"2-2-1"
7217.0210866425559,181015,10562,6,"5-1"
7225.7764098013376,180997,10580,1,"1"
7231.2386038553987,180967,10610,3,"2-1"
7236.1813132641464,180949,10628,1,"1"
7255.4790719616867,180886,10691,7,"4-1-1-1"
7262.4682467294579,180868,10709,1,"1"
7262.9673195045898,180784,10793,7,"3-2-1-1"
7279.6105996025562,180779,10798,1,"1"
7284.3096222542117,180654,10923,15,"4-4-2-1-1-1-1-1"
7307.3607545879313,180630,10947,2,"2"
7309.8470550815109,180612,10965,1,"1"
7315.5697397176255,180601,10976,1,"1"
7317.7111432846259,180529,11048,4,"3-1"
7320.0450825981743,180515,11062,1,"1"
7349.919047654409,180497,11080,1,"1"
7350.656152190164,180479,11098,2,"2"
7353.4844045765958,180301,11276,12,"3-3-2-1-1-1-1"
7357.7990211831166,180292,11285,1,"1"
7365.1028309735702,180250,11327,3,"3"
7370.9631614728441,180232,11345,1,"1"
7374.3237773493565,180214,11363,1,"1"
7376.401256098743,180196,11381,1,"1"
7383.3729953315587,180178,11399,1,"1"
7390.2634927103109,180160,11417,1,"1"
7397.231208917713,180142,11435,1,"1"
7421.142543506211,180124,11453,1,"1"
7439.0889408588409,180106,11471,1,"1"
7439.7379584288528,180088,11489,1,"1"
7445.6316075107807,180070,11507,1,"1"
7459.6481555889013,180052,11525,1,"1"
7465.8164982619783,180016,11561,2,"2"
7479.0677387655396,180009,11568,1,"1"
7479.8408804055098,179991,11586,1,"1"
7484.4743138210633,179973,11604,1,"1"
7488.8266220507576,179955,11622,1,"1"
7489.856665506778,179938,11639,1,"1"
7491.8166847198445,179929,11648,1,"1"
7495.8798234431288,179893,11684,2,"2"
7497.971159599665,179835,11742,5,"2-2-1"
7508.6581464206765,179817,11760,1,"1"
7508.7940916567832,179799,11778,1,"1"
7516.9162579487756,179763,11814,2,"1-1"
7518.4105451249761,179727,11850,2,"2"
7518.4746109484522,179687,11890,3,"3"
7518.9933304073847,179669,11908,1,"1"
7528.9894632251026,179659,11918,1,"1"
7529.7889156071769,179641,11936,1,"1"
7531.8454115519553,179632,11945,1,"1"
7532.475638896889,179596,11981,2,"2"
7532.9057090021734,179578,11999,1,"1"
7549.5201991674421,179560,12017,1,"1"
7564.6018109540819,179542,12035,1,"1"
7569.9082437377956,179524,12053,1,"1"
7570.961034842886,179488,12089,2,"1-1"
7575.5511289068663,179481,12096,1,"1"
7584.2095872693189,179445,12132,2,"2"
7586.7027793186808,179052,12525,36,"6-5-3-2-2-1-1-1-1-1-1-1-1-1-1-1-1-1-1-1-1-1-1"
7598.5691614900998,179034,12543,1,"1"
7601.3311315559813,178966,12611,6,"4-1-1"
7615.1652935683987,178938,12639,2,"1-1"
7615.2672199641702,178920,12657,1,"1"
7615.9664714248956,178902,12675,1,"1"
7631.0771736591905,178820,12757,7,"2-2-2-1"
7633.0844419606929,178777,12800,5,"2-1-1-1"
7634.885323933031,178759,12818,1,"1"
7636.7447249415309,178741,12836,1,"1"
7638.7338421576433,178705,12872,2,"1-1"
7639.5741877043238,178609,12968,7,"3-3-1"
7653.5969818864178,178587,12990,2,"1-1"
7655.1921764679146,178580,12997,1,"1"
7655.5007913239633,178562,13015,1,"1"
7662.402631139722,178456,13121,8,"6-2"
7680.3633986450259,178420,13157,2,"2"
7686.5056719340573,178372,13205,4,"3-1"
7701.0133651160613,178354,13223,1,"1"
7707.4072546931329,178337,13240,1,"1"
7708.1295414415881,178319,13258,1,"1"
7709.6859950851331,178301,13276,1,"1"
7717.4722291798571,178265,13312,2,"1-1"
7718.2613318345793,178247,13330,1,"1"
7721.9236519714286,178236,13341,1,"1"
7733.8221844228556,178012,13565,17,"5-4-2-2-1-1-1-1"
7742.4211600148383,177994,13583,1,"1"
7752.113334390915,177980,13597,1,"1"
7757.1742140417673,177962,13615,1,"1"
7758.9372863983763,177901,13676,5,"2-1-1-1"
7763.8043359928979,177883,13694,1,"1"
7769.4840543278469,177865,13712,1,"1"
7784.3776218712173,177710,13867,13,"4-3-2-1-1-1-1"
7784.3905074438835,177692,13885,1,"1"
7801.268376237249,177656,13921,2,"2"
7808.0146017633006,177620,13957,2,"1-1"
7818.8973734224755,177596,13981,2,"1-1"
7824.1102481879243,177548,14029,4,"2-2"
7834.4283779852449,177530,14047,1,"1"
7835.8055025066242,177322,14255,13,"5-2-2-2-1-1"
7841.8036409349288,176934,14643,32,"4-3-3-3-3-3-2-2-2-2-2-1-1-1"
7854.8052302207734,176898,14679,2,"2"
7855.4074420803618,176844,14733,3,"2-1"
7860.6780665923407,0,191577,9956,"9956"
