f,num_active_particles,num_deleted_particles,total_deleted_rods,avalanche_sizes
0,184907,0,0,"0"
132.57992813641502,184889,18,1,"1"
143.99685507842077,184888,19,1,"1"
234.18641388552183,184887,20,1,"1"
301.00564599346478,184886,21,1,"1"
347.6787484534413,184868,39,1,"1"
430.99267318899177,184867,40,1,"1"
490.75109840205778,184866,41,1,"1"
501.72408511191048,184865,42,1,"1"
532.42629257551255,184864,43,1,"1"
542.45610390727609,184863,44,1,"1"
544.8008707590966,184862,45,1,"1"
563.14811106627246,184844,63,1,"1"
571.46112252688556,184843,64,1,"1"
591.33410752976215,184842,65,1,"1"
604.22856270297552,184841,66,1,"1"
651.80661479393211,184840,67,1,"1"
761.58617268057219,184822,85,1,"1"
768.06784228897607,184821,86,1,"1"
771.65978038566402,184820,87,1,"1"
793.67708740223077,184819,88,1,"1"
795.43952722771837,184818,89,1,"1"
809.06835789813306,184817,90,1,"1"
809.18154950774237,184799,108,1,"1"
813.67397443408777,184798,109,1,"1"
829.05481975314149,184797,110,1,"1"
829.35526485970149,184796,111,1,"1"
833.23826274015562,184795,112,1,"1"
840.65879250847217,184794,113,1,"1"
854.02807320416366,184776,131,1,"1"
856.36071410131888,184775,132,1,"1"
875.86405376422726,184774,133,1,"1"
892.18241491244248,184773,134,1,"1"
902.14454392317964,184772,135,1,"1"
909.9862635267915,184771,136,1,"1"
950.20492168609883,184770,137,1,"1"
1029.7280308204067,184769,138,1,"1"
1030.2516463711288,184767,140,2,"2"
1039.5056696954407,184749,158,1,"1"
1082.9056701746274,184748,159,1,"1"
1091.2710348042478,184743,164,1,"1"
1093.7214539320469,184725,182,1,"1"
1097.5549584093501,184707,200,1,"1"
1108.1781375320556,184706,201,1,"1"
1140.5878920758896,184705,202,1,"1"
1152.0136817779594,184687,220,1,"1"
1185.1542521285785,184677,230,1,"1"
1187.9621452850013,184659,248,1,"1"
1262.5459289192324,184641,266,1,"1"
1297.1697018429222,184636,271,1,"1"
1310.7241860506153,184635,272,1,"1"
1310.9319611203457,184634,273,1,"1"
1316.5427754050193,184633,274,1,"1"
1316.9152751308893,184632,275,1,"1"
1326.0462357427291,184631,276,1,"1"
1326.8367863812985,184629,278,2,"2"
1342.8423575919035,184615,292,1,"1"
1350.1682337095053,184598,309,1,"1"
1360.3193244020847,184597,310,1,"1"
1368.4364543750769,184596,311,1,"1"
1374.6989361789331,184595,312,1,"1"
1379.132886377434,184577,330,1,"1"
1386.4354579525805,184572,335,1,"1"
1386.9956643951205,184554,353,1,"1"
1404.0142559807969,184542,365,8,"6-1-1"
1407.6270869928219,184537,370,1,"1"
1409.6558578278143,184532,375,5,"2-1-1-1"
1422.7071886645642,184516,391,1,"1"
1453.9429987520484,184515,392,1,"1"
1458.1068310716689,184497,410,1,"1"
1474.6392686647109,184496,411,1,"1"
1484.6058077739672,184495,412,1,"1"
1486.6282218536376,184494,413,1,"1"
1505.6388435827903,184491,416,1,"1"
1507.071952635785,184479,428,1,"1"
1512.0655124188424,184478,429,1,"1"
1516.6652243182546,184460,447,1,"1"
1520.9106814349213,184455,452,5,"3-1-1"
1521.9001027311899,184437,470,1,"1"
1528.4565279707958,184436,471,1,"1"
1530.9384466194438,184435,472,1,"1"
1533.5047227417772,184417,490,1,"1"
1547.8373385948416,184399,508,1,"1"
1562.0574941431444,184396,511,3,"1-1-1"
1564.183218563782,184390,517,2,"2"
1590.5715775585409,184389,518,1,"1"
1594.471576855376,184386,521,3,"2-1"
1605.8836979106104,184385,522,1,"1"
1629.1834480642099,184379,528,6,"2-2-1-1"
1643.8839838107274,184378,529,1,"1"
1649.107468520285,184376,531,2,"1-1"
1655.3474103520925,184375,532,1,"1"
1658.8264715862558,184370,537,5,"3-1-1"
1679.432880886678,184352,555,1,"1"
1689.491095428571,184340,567,1,"1"
1691.1359876911056,184338,569,2,"2"
1693.12362047733,184337,570,1,"1"
1709.2580951942471,184324,583,5,"3-2"
1728.0918678490671,184322,585,2,"2"
1741.0858747725508,184304,603,1,"1"
1753.3019704308056,184274,633,2,"2"
1772.0564681748574,184256,651,1,"1"
1782.2609482009707,184244,663,1,"1"
1795.1008825800491,184243,664,1,"1"
1801.7417286061871,184237,670,2,"2"
1845.3863613215183,184234,673,1,"1"
1851.0096829047598,184224,683,1,"1"
1909.3645262675495,184221,686,1,"1"
1924.3818269099479,184220,687,1,"1"
1924.5675820826336,184210,697,2,"2"
1961.5629729754996,184192,715,1,"1"
1969.5019823098505,184174,733,1,"1"
1973.6145092826125,184156,751,1,"1"
1981.3213555104096,184138,769,1,"1"
1981.3759121351095,184120,787,1,"1"
1989.9841811625711,184119,788,1,"1"
2005.3129243811225,184101,806,1,"1"
2052.3566441588455,184097,810,4,"4"
2063.9497412831652,184087,820,2,"2"
2084.4419079982044,184077,830,2,"2"
2108.977118196517,184076,831,1,"1"
2122.2046537513543,184074,833,2,"2"
2123.5760952500741,184056,851,1,"1"
2135.4653197162552,184038,869,1,"1"
2150.1272078289239,184037,870,1,"1"
2152.6795124353307,184034,873,1,"1"
2156.0271789647254,184033,874,1,"1"
2178.6165866663518,184015,892,1,"1"
2184.3468198327728,184012,895,1,"1"
2187.8232088916152,184002,905,1,"1"
2191.1322214549832,183984,923,1,"1"
2225.0020550168392,183981,926,1,"1"
2238.5973963275947,183963,944,1,"1"
2241.1422113424192,183945,962,1,"1"
2254.4019641917071,183943,964,2,"2"
2255.0212155602508,183942,965,1,"1"
2275.2415473049059,183941,966,1,"1"
2285.955522167922,183924,983,7,"4-1-1-1"
2305.5364931331064,183906,1001,1,"1"
2321.1385305766344,183905,1002,1,"1"
2340.7172577998886,183904,1003,1,"1"
2343.4219444908877,183899,1008,1,"1"
2347.9246256153456,183898,1009,1,"1"
2374.5507502977266,183895,1012,1,"1"
2374.9757577588402,183877,1030,1,"1"
2396.778323903065,183876,1031,1,"1"
2411.0470070880506,183866,1041,1,"1"
2412.2262483760924,183861,1046,1,"1"
2441.3606489932258,183858,1049,1,"1"
2442.2263653909745,183840,1067,1,"1"
2447.6788585382683,183835,1072,1,"1"
2456.9232991697804,183817,1090,1,"1"
2485.3255368175242,183812,1095,1,"1"
2488.0105149580622,183809,1098,1,"1"
2496.2852794984065,183791,1116,1,"1"
2508.6822953621167,183786,1121,1,"1"
2554.3243353832177,183766,1141,2,"1-1"
2564.466248892566,183754,1153,1,"1"
2586.3899521652143,183747,1160,1,"1"
2602.4746923364087,183729,1178,1,"1"
2604.1957764947233,183724,1183,1,"1"
2615.5041426322332,183706,1201,1,"1"
2647.8356104711133,183701,1206,1,"1"
2649.3976458826505,183696,1211,1,"1"
2665.8091489388262,183686,1221,1,"1"
2705.3752372212666,183685,1222,1,"1"
2712.9936164137566,183684,1223,1,"1"
2730.4089672253881,183666,1241,1,"1"
2755.5149994310418,183645,1262,2,"2"
2776.5188747408638,183638,1269,1,"1"
2812.278519462513,183637,1270,1,"1"
2814.9042555681503,183619,1288,1,"1"
2838.839915885414,183601,1306,1,"1"
2860.1328850692894,183600,1307,1,"1"
2863.3499472333219,183582,1325,1,"1"
2876.6628275642429,183568,1339,1,"1"
2876.7858315654735,183550,1357,1,"1"
2878.7685016154514,183532,1375,1,"1"
2880.5748336375186,183514,1393,1,"1"
2887.2041186909064,183498,1409,2,"2"
2913.0936237497567,183488,1419,1,"1"
2915.574648047761,183470,1437,1,"1"
2918.2578851965536,183462,1445,2,"1-1"
2949.4253430185131,183454,1453,2,"2"
2957.201214180955,183453,1454,1,"1"
2958.819518812596,183413,1494,6,"5-1"
2961.8401124428174,183410,1497,1,"1"
2966.1957722119232,183392,1515,1,"1"
2973.3613779038719,183374,1533,1,"1"
2977.7459545370921,183356,1551,1,"1"
2978.3519433790534,183329,1578,3,"3"
2998.7184845403181,183316,1591,1,"1"
3005.078651389676,183298,1609,1,"1"
3021.5183280496612,183280,1627,1,"1"
3021.803283760913,183262,1645,1,"1"
3043.2767233939239,183257,1650,1,"1"
3050.0012352815461,183239,1668,1,"1"
3084.504254581138,183221,1686,1,"1"
3087.9397467090998,183218,1689,1,"1"
3098.7473961091605,183200,1707,1,"1"
3125.4680925313746,183197,1710,1,"1"
3126.1478873821025,183179,1728,1,"1"
3151.2050030213281,183161,1746,1,"1"
3172.3113581298567,183143,1764,1,"1"
3172.349993872534,183125,1782,1,"1"
3173.5993780222966,183115,1792,1,"1"
3209.8898390832551,183103,1804,1,"1"
3220.6147727237926,183089,1818,1,"1"
3223.8125805881436,183071,1836,1,"1"
3239.3928741721384,183053,1854,1,"1"
3248.7095651151399,183048,1859,1,"1"
3262.947301652559,183030,1877,1,"1"
3316.2325851325936,183025,1882,1,"1"
3328.9781739206396,183007,1900,1,"1"
3350.9983755400872,182989,1918,1,"1"
3374.605660623507,182971,1936,1,"1"
3381.3423175159614,182953,1954,1,"1"
3384.3749472451336,182935,1972,1,"1"
3392.3197556554883,182930,1977,1,"1"
3401.3685944322269,182915,1992,5,"3-2"
3411.178633871089,182893,2014,4,"2-2"
3412.3601891931512,182875,2032,1,"1"
3422.3555610698245,182857,2050,1,"1"
3423.0698545767896,182844,2063,3,"2-1"
3428.8553361230161,182834,2073,1,"1"
3438.0348900609006,182822,2085,1,"1"
3451.9917302541558,182819,2088,1,"1"
3462.862258178192,182805,2102,2,"2"
3478.254884161981,182792,2115,1,"1"
3493.1736812750232,182774,2133,1,"1"
3502.2174576351999,182756,2151,1,"1"
3506.5505056350557,182738,2169,1,"1"
3510.1528352722739,182735,2172,1,"1"
3525.9633004448874,182717,2190,1,"1"
3536.7615050613381,182705,2202,1,"1"
3547.5572190708804,182700,2207,1,"1"
3551.1963612029622,182690,2217,1,"1"
3572.9108295354358,182666,2241,2,"2"
3573.3674791617286,182636,2271,2,"1-1"
3582.7930904710211,182633,2274,1,"1"
3603.2013214891135,182617,2290,2,"2"
3604.292156082478,182599,2308,1,"1"
3635.7022044147316,182581,2326,1,"1"
3645.8099095843791,182563,2344,1,"1"
3646.8399652700955,182545,2362,1,"1"
3664.2870742817959,182527,2380,1,"1"
3670.5023374262978,182509,2398,1,"1"
3682.8722178148832,182491,2416,1,"1"
3698.0532986830017,182473,2434,1,"1"
3701.5660734563867,182456,2451,3,"2-1"
3707.2594586344271,182438,2469,1,"1"
3711.3969438888671,182420,2487,1,"1"
3716.0696466334671,182396,2511,2,"2"
3721.8276543237034,182383,2524,1,"1"
3726.6753842117978,182365,2542,1,"1"
3740.6397139574565,182347,2560,1,"1"
3743.7053999435457,182295,2612,4,"3-1"
3758.4571865555654,182269,2638,2,"1-1"
3766.9583368950166,182251,2656,1,"1"
3780.535072262117,182233,2674,1,"1"
3787.1529516858136,182224,2683,3,"3"
3804.3264778322427,182188,2719,3,"2-1"
3806.2547749726432,182170,2737,1,"1"
3817.2877512562709,182152,2755,1,"1"
3825.9324792413317,182140,2767,1,"1"
3832.3498923942748,182122,2785,1,"1"
3846.7308109447495,182116,2791,2,"1-1"
3847.6423881163314,182110,2797,2,"2"
3849.0362128216375,182100,2807,1,"1"
3891.481624216633,182084,2823,1,"1"
3910.3404455765376,182066,2841,1,"1"
3912.6174207529839,182063,2844,1,"1"
3916.162666387791,182053,2854,2,"2"
3919.8079183461282,182036,2871,3,"2-1"
3921.6976585210818,182000,2907,2,"2"
3932.1827076690479,181982,2925,1,"1"
3934.0850517407357,181964,2943,1,"1"
3934.8479134800955,181947,2960,1,"1"
3938.1989457962595,181940,2967,1,"1"
3943.7371511394435,181930,2977,1,"1"
3960.6042669796957,181916,2991,1,"1"
3963.126288015274,181910,2997,2,"2"
3965.5836594548555,181904,3003,2,"2"
3970.0339290482329,181892,3015,1,"1"
3998.9740115515615,181874,3033,1,"1"
4005.9723291799478,181856,3051,1,"1"
4010.2760605473322,181838,3069,1,"1"
4014.5031343139381,181820,3087,1,"1"
4016.8166933314851,181808,3099,1,"1"
4040.6517888432913,181793,3114,3,"2-1"
4045.2016486453281,181786,3121,1,"1"
4056.7173655388565,181768,3139,1,"1"
4061.4346023754565,181750,3157,1,"1"
4063.6258290377668,181745,3162,1,"1"
4076.6998041500888,181732,3175,1,"1"
4109.7208383917805,181714,3193,1,"1"
4114.7889987346616,181696,3211,1,"1"
4119.5298710044017,181678,3229,1,"1"
4126.0420276439281,181660,3247,1,"1"
4130.9878655577058,181642,3265,1,"1"
4149.0155915223249,181624,3283,1,"1"
4162.5532759549851,181606,3301,1,"1"
4179.164488930217,181601,3306,1,"1"
4183.9620868103057,181591,3316,1,"1"
4196.1280085504513,181573,3334,1,"1"
4202.3891940127978,181563,3344,1,"1"
4209.8645953454106,181558,3349,1,"1"
4216.673826630873,181546,3361,1,"1"
4225.0709328170633,181539,3368,1,"1"
4248.6988527715203,181521,3386,1,"1"
4274.4567831904506,181509,3398,1,"1"
4281.402964216144,181497,3410,1,"1"
4305.7291089147611,181491,3416,2,"2"
4321.178220580241,181473,3434,1,"1"
4322.5583209632996,181437,3470,2,"2"
4334.096293965411,181419,3488,1,"1"
4338.1941054081408,181401,3506,1,"1"
4349.4489807147102,181396,3511,1,"1"
4355.2768095124493,181381,3526,1,"1"
4356.9897188521236,181361,3546,2,"1-1"
4362.2653717951953,181351,3556,1,"1"
4377.8974941923307,181338,3569,3,"2-1"
4378.3166304198339,181320,3587,1,"1"
4386.3818918991838,181309,3598,1,"1"
4386.7777853586822,181273,3634,2,"2"
4394.8854469379348,181255,3652,1,"1"
4397.7043608322119,181242,3665,3,"3"
4397.8168424878395,181224,3683,1,"1"
4406.8470886731675,181217,3690,1,"1"
4422.4789122565335,181204,3703,1,"1"
4426.6664631993281,181186,3721,1,"1"
4432.9340755145276,181168,3739,1,"1"
4447.8760021838589,181122,3785,3,"2-1"
4467.9958232214722,181104,3803,1,"1"
4477.5368594210004,181086,3821,1,"1"
4480.2082663911233,181075,3832,1,"1"
4493.6234456289249,181061,3846,1,"1"
4504.9099122240077,181043,3864,1,"1"
4516.6059357405647,181025,3882,1,"1"
4518.6140133282524,181007,3900,1,"1"
4526.7641329360249,180987,3920,2,"2"
4555.3101166341994,180977,3930,1,"1"
4556.5294024969262,180959,3948,1,"1"
4557.389108736822,180954,3953,1,"1"
4565.7335301192415,180947,3960,1,"1"
4567.3883523890045,180929,3978,1,"1"
4576.3466382885799,180893,4014,6,"3-2-1"
4591.0969488805831,180875,4032,1,"1"
4596.1137542121287,180857,4050,1,"1"
4603.0421145340288,180839,4068,1,"1"
4626.4280105280095,180821,4086,1,"1"
4639.0149423055636,180803,4104,1,"1"
4667.8120918424665,180800,4107,1,"1"
4667.9682222879374,180782,4125,1,"1"
4671.6733629342252,180724,4183,4,"3-1"
4678.7410427621007,180706,4201,1,"1"
4687.9911977600032,180689,4218,1,"1"
4689.3274169725892,180669,4238,4,"2-1-1"
4709.4222008298293,180651,4256,1,"1"
4711.9964177579132,180646,4261,1,"1"
4718.3369334610534,180628,4279,2,"2"
4724.1438986008434,180610,4297,1,"1"
4752.4763001703041,180592,4315,1,"1"
4758.3083306888693,180572,4335,2,"2"
4761.3123835707866,180542,4365,3,"2-1"
4762.8323330425974,180506,4401,2,"1-1"
4767.1539726428655,180488,4419,1,"1"
4768.2171082685627,180473,4434,3,"3"
4789.0456104615805,180459,4448,1,"1"
4801.5658412662142,180449,4458,1,"1"
4812.8044665769603,180431,4476,1,"1"
4815.183101825417,180391,4516,3,"2-1"
4816.350078222632,180373,4534,1,"1"
4863.2571723626579,180311,4596,5,"2-1-1-1"
4879.6824377571593,180288,4619,3,"3"
4885.073954554362,180192,4715,7,"2-2-1-1-1"
4889.1640756697843,180174,4733,1,"1"
4890.2603947986909,180156,4751,1,"1"
4907.8458954735725,180120,4787,3,"2-1"
4927.5574838565908,180102,4805,1,"1"
4929.7726193581693,180074,4833,2,"2"
4931.4717274564237,180056,4851,1,"1"
4936.6215678817935,180044,4863,1,"1"
4939.4161871482165,180026,4881,1,"1"
4957.7131426915785,180016,4891,1,"1"
4964.9884203759329,179998,4909,1,"1"
4966.4363372930147,179964,4943,3,"2-1"
4968.2856705657778,179946,4961,1,"1"
4990.6889514593213,179920,4987,2,"1-1"
5007.2225101754411,179902,5005,1,"1"
5012.9030594324413,179881,5026,3,"2-1"
5031.0830287638364,179851,5056,2,"2"
5044.6806780493625,179813,5094,3,"2-1"
5045.2758409332318,179800,5107,1,"1"
5052.5744308532603,179782,5125,1,"1"
5077.5440312867604,179779,5128,1,"1"
5077.5793900783929,179774,5133,1,"1"
5077.9780739545367,179769,5138,1,"1"
5094.4241916945912,179764,5143,1,"1"
5102.5354487378872,179746,5161,1,"1"
5113.6270885785516,179728,5179,1,"1"
5127.7929666735736,179703,5204,5,"2-2-1"
5144.6722647170873,179692,5215,1,"1"
5146.9017085759006,179674,5233,1,"1"
5149.7660512735692,179656,5251,1,"1"
5150.577899011746,179638,5269,1,"1"
5160.8472312873801,179620,5287,1,"1"
5167.8522134633358,179613,5294,1,"1"
5173.5555039643268,179570,5337,7,"2-2-1-1-1"
5180.2365057041789,179567,5340,1,"1"
5183.8733926333098,179521,5386,6,"1-1-1-1-1-1"
5192.7407074072944,179503,5404,1,"1"
5211.9926256539502,179467,5440,2,"1-1"
5216.2558602994923,179453,5454,1,"1"
5220.3131272389301,179435,5472,1,"1"
5221.0149177123112,179419,5488,1,"1"
5223.7137102965162,179401,5506,1,"1"
5228.8467392347829,179383,5524,1,"1"
5244.3102498589788,179347,5560,2,"1-1"
5245.7362415847083,179311,5596,3,"2-1"
5257.2997047769177,179304,5603,1,"1"
5292.8714659393981,179286,5621,1,"1"
5315.0409665131237,179268,5639,1,"1"
5322.3984296811013,179250,5657,1,"1"
5324.866496052151,179232,5675,1,"1"
5351.0559011019932,179196,5711,2,"2"
5354.6851710278288,179178,5729,1,"1"
5389.3476235616454,179160,5747,1,"1"
5391.3677662178643,179142,5765,1,"1"
5395.8063723587547,179124,5783,1,"1"
5403.5181579719138,179119,5788,1,"1"
5406.5325157970447,179113,5794,2,"2"
5406.7021694806072,179108,5799,1,"1"
5437.4649042331812,179090,5817,1,"1"
5442.4305958894411,179072,5835,1,"1"
5447.3398022675901,179054,5853,1,"1"
5447.6445528417062,179036,5871,1,"1"
5448.5661878906894,179019,5888,1,"1"
5462.6078351505821,178983,5924,2,"1-1"
5476.5271062170013,178965,5942,1,"1"
5478.9954716260054,178947,5960,1,"1"
5482.1034684493043,178929,5978,1,"1"
5484.6304535024883,178924,5983,1,"1"
5488.3186755519109,178882,6025,3,"3"
5491.2284443517847,178866,6041,1,"1"
5501.0059636971337,178843,6064,3,"2-1"
5518.1277142393619,178763,6144,8,"2-2-2-1-1"
5521.2388166137143,178745,6162,1,"1"
5534.8220441322446,178727,6180,1,"1"
5549.842583345101,178722,6185,1,"1"
5550.2806547804348,178704,6203,1,"1"
5561.7151020240863,178699,6208,1,"1"
5569.1190357801361,178685,6222,2,"1-1"
5569.4441983196275,178667,6240,1,"1"
5582.2716105067557,178649,6258,1,"1"
5588.728496302967,178631,6276,2,"2"
5593.7837728572058,178628,6279,1,"1"
5597.281193035783,178614,6293,1,"1"
5601.2326355671312,178596,6311,1,"1"
5616.5142368138695,178586,6321,1,"1"
5617.3611453800668,178573,6334,1,"1"
5617.9356552072568,178555,6352,1,"1"
5629.7548080845745,178519,6388,2,"2"
5630.9702248259255,178501,6406,1,"1"
5635.0203268944424,178489,6418,1,"1"
5645.2641590877111,178431,6476,8,"1-1-1-1-1-1-1-1"
5649.1854594515944,178413,6494,1,"1"
5679.0365418908705,178377,6530,2,"2"
5681.6399267684355,178359,6548,1,"1"
5688.73926227631,178341,6566,1,"1"
5701.6684604119846,178293,6614,5,"2-2-1"
5710.115689492116,178275,6632,1,"1"
5711.2949787633579,178257,6650,1,"1"
5718.1531354671488,178239,6668,1,"1"
5723.1628443399259,178221,6686,1,"1"
5729.9532426208834,178207,6700,1,"1"
5743.6163109301378,178202,6705,1,"1"
5747.3136164719026,178190,6717,1,"1"
5748.1689570628223,178172,6735,1,"1"
5767.2673782605007,178154,6753,1,"1"
5771.4683643237322,178149,6758,1,"1"
5779.6658530172717,178140,6767,1,"1"
5783.0578695501135,178012,6895,12,"3-2-2-1-1-1-1-1"
5795.2339621265392,178003,6904,1,"1"
5840.4496468589787,177985,6922,1,"1"
5841.5733524001034,177982,6925,1,"1"
5856.5289995379226,177964,6943,1,"1"
5872.8687058579317,177946,6961,1,"1"
5875.663491802261,177933,6974,1,"1"
5882.8054271497276,177908,6999,3,"3"
5882.9924966027247,177890,7017,1,"1"
5887.7179434017253,177872,7035,1,"1"
5894.8356729473189,177862,7045,2,"1-1"
5899.8397141402529,177855,7052,1,"1"
5911.7746931232532,177842,7065,1,"1"
5912.6755771138814,177832,7075,1,"1"
5914.6624937119041,177820,7087,1,"1"
5921.0369758816869,177811,7096,1,"1"
5926.1307179893902,177793,7114,1,"1"
5933.3792452359685,177771,7136,2,"1-1"
5952.3242701283089,177753,7154,1,"1"
5959.8043127064811,177739,7168,2,"1-1"
5961.4443922505243,177670,7237,9,"5-2-2"
5977.2189582006895,177661,7246,1,"1"
5992.9819352535278,177647,7260,1,"1"
5993.609347425142,177629,7278,1,"1"
5995.0163813724748,177611,7296,1,"1"
6001.7842722077066,177593,7314,1,"1"
6002.7226011806069,177575,7332,1,"1"
6013.0081716944169,177565,7342,1,"1"
6022.0449662904912,177523,7384,6,"4-2"
6024.3417048831552,177435,7472,11,"5-2-1-1-1-1"
6042.1542795267642,177288,7619,19,"4-3-3-1-1-1-1-1-1-1-1-1"
6046.6211744666643,177274,7633,2,"2"
6053.0393798294626,177265,7642,1,"1"
6055.2439217291258,177211,7696,10,"4-2-2-1-1"
6064.7347294627143,177193,7714,1,"1"
6065.8463340335138,177173,7734,2,"2"
6067.7243787822727,177155,7752,1,"1"
6070.7092258033508,177137,7770,1,"1"
6075.2931895485253,177127,7780,1,"1"
6078.9457646439241,177117,7790,2,"1-1"
6080.0450115571703,177107,7800,1,"1"
6092.1501284820442,177089,7818,1,"1"
6103.3184257541352,177071,7836,1,"1"
6106.7806263222692,177047,7860,2,"2"
6114.3552232329976,177029,7878,1,"1"
6118.6443771918703,177011,7896,1,"1"
6119.5514602032481,176991,7916,2,"2"
6120.4362279319239,176973,7934,1,"1"
6120.4802146836237,176955,7952,1,"1"
6120.6897994720675,176946,7961,1,"1"
6136.3189489899059,176936,7971,2,"2"
6151.3157750996161,176918,7989,1,"1"
6154.7291401803504,176913,7994,1,"1"
6156.2781709091641,176904,8003,1,"1"
6156.348074002567,176886,8021,1,"1"
6158.8211463076386,176868,8039,1,"1"
6167.9086781948772,176850,8057,1,"1"
6173.9117529893092,176832,8075,1,"1"
6196.4153641576186,176816,8091,1,"1"
6201.8672062732649,176798,8109,1,"1"
6204.7634478639666,176780,8127,1,"1"
6206.3815470121435,176762,8145,1,"1"
6208.7672443725878,176755,8152,1,"1"
6215.9413101087794,176725,8182,2,"1-1"
6219.1885122200247,176707,8200,1,"1"
6219.8051318668859,176689,8218,1,"1"
6237.5667433788076,176671,8236,1,"1"
6240.246662384,176605,8302,5,"4-1"
6240.5668790270702,176567,8340,3,"2-1"
6245.8813344205373,176549,8358,1,"1"
6246.705957580114,176513,8394,2,"2"
6257.7303875926946,176495,8412,1,"1"
6262.5396752855213,176477,8430,1,"1"
6264.3049789312163,176459,8448,1,"1"
6265.1174009067636,176443,8464,1,"1"
6270.5569684992261,176425,8482,1,"1"
6271.7874490544546,176409,8498,1,"1"
6275.0677647579923,176391,8516,1,"1"
6280.5653520802152,176373,8534,1,"1"
6281.8397729370581,176235,8672,11,"4-4-2-1"
6288.7364621071056,176230,8677,1,"1"
6292.3729644809291,176208,8699,2,"2"
6308.0075537213552,176190,8717,1,"1"
6313.8562990851997,176172,8735,1,"1"
6323.5064061910753,176161,8746,1,"1"
6325.5978425529602,176117,8790,3,"2-1"
6330.6814434893131,176099,8808,1,"1"
6331.0918891401325,176083,8824,1,"1"
6332.7470361542373,176053,8854,4,"3-1"
6335.1402475696286,176035,8872,1,"1"
6336.8261878572757,175940,8967,9,"4-2-1-1-1"
6343.7826741837798,175920,8987,2,"1-1"
6345.7256633518291,175902,9005,1,"1"
6378.7317668366532,175888,9019,2,"2"
6382.6984793139891,175870,9037,1,"1"
6391.3137634890663,175852,9055,1,"1"
6393.1328537638201,175798,9109,3,"2-1"
6397.2628565921468,175788,9119,1,"1"
6406.0517663538521,175733,9174,7,"5-2"
6425.9358192972431,175716,9191,1,"1"
6427.1589134188562,175706,9201,1,"1"
6430.0394373339368,175640,9267,5,"3-2"
6438.0395909401059,175626,9281,1,"1"
6448.6181359847378,175604,9303,2,"2"
6449.6182154342541,175586,9321,1,"1"
6452.8723171098209,175568,9339,1,"1"
6456.7598319010804,175559,9348,1,"1"
6464.8002693655926,175550,9357,1,"1"
6465.899365631597,175496,9411,3,"2-1"
6479.2193979465992,175486,9421,2,"2"
6483.3307494337532,175468,9439,1,"1"
6487.0182141246542,175402,9505,5,"2-1-1-1"
6490.8673158579095,175374,9533,2,"1-1"
6491.2407970520635,175356,9551,1,"1"
6494.1501501537323,175338,9569,1,"1"
6499.4307403656103,175312,9595,2,"2"
6503.0454980778077,175294,9613,1,"1"
6511.2952585529201,175276,9631,1,"1"
6516.3689095585141,175258,9649,1,"1"
6533.9805337896887,175240,9667,1,"1"
6534.8020196003044,175216,9691,2,"2"
6544.9893616211557,175198,9709,1,"1"
6546.7417661521204,175155,9752,4,"2-1-1"
6550.1056666110644,175137,9770,1,"1"
6550.638541045827,175101,9806,2,"2"
6566.2383375199252,175083,9824,1,"1"
6569.8861558633871,175033,9874,4,"2-1-1"
6581.7826568839973,175015,9892,1,"1"
6587.5164055883051,174997,9910,2,"2"
6599.2849911897383,174979,9928,1,"1"
6602.8405057258988,174944,9963,3,"1-1-1"
6615.3401904705679,174926,9981,1,"1"
6619.2174477284771,174908,9999,1,"1"
6625.825742734437,174890,10017,1,"1"
6628.2345851272221,174854,10053,2,"2"
6660.3132530094517,174849,10058,1,"1"
6669.6500897016322,174798,10109,3,"2-1"
6673.6848591225598,174762,10145,2,"1-1"
6679.2281044445645,174749,10158,1,"1"
6679.3710776879179,174677,10230,5,"3-1-1"
6679.7819876133235,174631,10276,4,"3-1"
6691.8838920032977,174551,10356,7,"2-1-1-1-1-1"
6693.4377544472236,174517,10390,3,"2-1"
6716.3983164973533,174499,10408,1,"1"
6722.5451186185064,174481,10426,1,"1"
6732.6343569397204,174445,10462,2,"2"
6735.2654156500184,174423,10484,2,"2"
6738.87991381962,174387,10520,2,"1-1"
6740.5007001989534,174005,10902,28,"7-3-2-2-2-1-1-1-1-1-1-1-1-1-1-1-1"
6741.1923143423774,173987,10920,1,"1"
6743.2342844415543,173969,10938,1,"1"
6769.107111200532,173958,10949,1,"1"
6785.7889578462773,173940,10967,1,"1"
6797.9745860263429,173904,11003,2,"2"
6799.201056296477,173780,11127,10,"3-2-1-1-1-1-1"
6800.152680381665,173750,11157,3,"3"
6800.8932687266015,173741,11166,1,"1"
6807.3770859566448,173731,11176,1,"1"
6812.685910053824,173713,11194,1,"1"
6813.4069302270864,173696,11211,1,"1"
6817.583554401559,173683,11224,1,"1"
6817.7893061417853,173593,11314,5,"3-1-1"
6831.4491662946957,173575,11332,1,"1"
6835.8678260824254,173566,11341,1,"1"
6837.0648531034894,173548,11359,1,"1"
6842.9866819656163,173533,11374,1,"1"
6847.3016624974825,173515,11392,1,"1"
6872.6837402540559,173497,11410,2,"2"
6873.413453676706,173477,11430,2,"2"
6878.0474809842908,0,184907,9804,"9804"
----------------------------------------------1
0,184907,0,0,"0"
154.32659957243823,184906,1,1,"1"
156.68761184241683,184888,19,1,"1"
307.23803626755637,184887,20,1,"1"
313.18893770403281,184886,21,1,"1"
358.00493958050021,184868,39,1,"1"
377.81427288216048,184865,42,1,"1"
387.22096954104097,184864,43,1,"1"
509.99912227867122,184863,44,1,"1"
533.50782243329252,184861,46,2,"2"
558.60887996523843,184860,47,1,"1"
623.46262999724274,184844,63,1,"1"
633.49253025696385,184841,66,1,"1"
633.8317693984485,184840,67,1,"1"
634.84279099752496,184838,69,2,"1-1"
637.80421709066945,184837,70,1,"1"
650.09220145908307,184836,71,1,"1"
653.38631018838942,184835,72,1,"1"
654.62753057243538,184834,73,1,"1"
693.46909365290378,184832,75,2,"1-1"
703.16255735843242,184831,76,1,"1"
712.84041816095839,184830,77,1,"1"
718.69773734374644,184829,78,1,"1"
721.42923928800735,184828,79,1,"1"
723.52049894780453,184810,97,1,"1"
723.69518460067457,184809,98,1,"1"
730.49920460967928,184808,99,1,"1"
738.64124457554863,184807,100,1,"1"
741.00049556246734,184789,118,1,"1"
760.48102260828853,184771,136,1,"1"
767.31616774284009,184770,137,1,"1"
780.83183094888079,184752,155,1,"1"
814.37535885191596,184751,156,1,"1"
828.48448862627265,184750,157,1,"1"
837.42018832026679,184749,158,1,"1"
846.86232800752532,184748,159,1,"1"
852.39628979463089,184730,177,1,"1"
880.0433687131025,184729,178,1,"1"
896.56317673176727,184728,179,1,"1"
898.92913916167981,184721,186,1,"1"
904.67762456827961,184718,189,1,"1"
906.05108350185913,184700,207,1,"1"
914.83204761060892,184682,225,1,"1"
935.8300786952957,184681,226,1,"1"
974.8067398796901,184679,228,2,"2"
976.96115353864946,184677,230,2,"1-1"
986.79650859007961,184659,248,1,"1"
993.54954650840125,184658,249,1,"1"
1005.9373316428508,184657,250,1,"1"
1014.7523935050872,184656,251,1,"1"
1039.4845977953962,184655,252,1,"1"
1045.1996577220989,184654,253,1,"1"
1059.1540085543495,184653,254,1,"1"
1068.4101110415575,184635,272,1,"1"
1085.4771628244901,184629,278,2,"2"
1092.2439973056626,184627,280,2,"2"
1104.6122749382055,184626,281,1,"1"
1112.1893173474136,184620,287,2,"2"
1124.3970823730788,184619,288,1,"1"
1127.7453107556189,184618,289,1,"1"
1145.8235314359249,184615,292,1,"1"
1155.787703191301,184612,295,1,"1"
1170.0450072439007,184594,313,1,"1"
1170.1775355185925,184585,322,1,"1"
1171.9669582545912,184582,325,1,"1"
1172.0697753802799,184581,326,1,"1"
1180.7030925468962,184563,344,1,"1"
1193.8739910124871,184562,345,1,"1"
1203.9622961492014,184561,346,1,"1"
1209.1273995805616,184543,364,1,"1"
1213.0710613681003,184540,367,1,"1"
1232.6715044724706,184522,385,1,"1"
1241.5895067883582,184520,387,2,"2"
1268.3175830927507,184519,388,1,"1"
1286.1592949872415,184516,391,1,"1"
1343.8801392371588,184515,392,1,"1"
1350.4131198586751,184510,397,1,"1"
1350.7819639507959,184509,398,1,"1"
1351.5386152984529,184508,399,1,"1"
1351.9993147641903,184490,417,2,"1-1"
1396.2366373626467,184489,418,1,"1"
1413.2911881427287,184488,419,1,"1"
1425.590140481637,184486,421,2,"1-1"
1437.6977335509077,184485,422,1,"1"
1440.7567908517033,184481,426,4,"3-1"
1442.8663891635892,184480,427,1,"1"
1444.3916557510061,184479,428,1,"1"
1461.0376488365057,184476,431,1,"1"
1463.8397454857861,184475,432,1,"1"
1474.3688227379746,184467,440,4,"4"
1478.1184519840383,184466,441,1,"1"
1495.6091036443249,184464,443,2,"2"
1502.9432806907632,184463,444,1,"1"
1523.7311590601373,184462,445,1,"1"
1530.5759506633844,184461,446,1,"1"
1541.7822946971016,184457,450,2,"1-1"
1542.0341181359506,184439,468,1,"1"
1575.2411506510473,184437,470,2,"2"
1582.9532033712737,184419,488,1,"1"
1584.8121195282981,184418,489,1,"1"
1593.4756066775797,184408,499,1,"1"
1601.6979434606603,184401,506,5,"2-1-1-1"
1611.855470001251,184400,507,1,"1"
1619.2385894039003,184399,508,1,"1"
1627.7415080581943,184381,526,1,"1"
1633.1526224653592,184380,527,1,"1"
1634.9799687211316,184379,528,1,"1"
1663.9138761647,184367,540,1,"1"
1675.9424126224217,184349,558,1,"1"
1713.3885034988093,184346,561,1,"1"
1739.0529993124587,184345,562,1,"1"
1739.1263217159658,184331,576,2,"2"
1739.345585650806,184329,578,2,"2"
1750.5431897758538,184327,580,2,"2"
1760.0074498218851,184315,592,1,"1"
1778.0927719638257,184309,598,2,"2"
1800.0244813157524,184308,599,1,"1"
1805.5695557780648,184290,617,1,"1"
1821.7293890144038,184288,619,2,"2"
1825.8019987505061,184283,624,1,"1"
1826.8891089145889,184281,626,2,"2"
1835.4961614638189,184263,644,1,"1"
1839.6622886039456,184245,662,1,"1"
1850.9256243650154,184244,663,1,"1"
1862.2005366007104,184235,672,1,"1"
1867.8917271590406,184232,675,1,"1"
1873.0163777448024,184231,676,1,"1"
1882.1413959488555,184230,677,1,"1"
1903.7730343562694,184212,695,1,"1"
1934.00936068646,184209,698,1,"1"
1934.2076433313414,184203,704,2,"2"
1980.6173191272992,184202,705,1,"1"
1990.6021661345881,184201,706,1,"1"
2008.5471794488915,184199,708,2,"1-1"
2017.9905408687964,184198,709,1,"1"
2058.4083424068708,184197,710,1,"1"
2069.8388424615855,184187,720,1,"1"
2084.1836622699666,184169,738,1,"1"
2086.8594668621463,184168,739,1,"1"
2101.0907493880723,184167,740,1,"1"
2106.7907992940382,184157,750,1,"1"
2117.9182606262093,184153,754,2,"1-1"
2125.8835306857336,184148,759,1,"1"
2139.2069889081777,184136,771,1,"1"
2139.9534474967218,184118,789,1,"1"
2142.535096969028,184107,800,1,"1"
2142.815442926295,184106,801,1,"1"
2153.2767509998162,184088,819,1,"1"
2163.1113614708465,184070,837,1,"1"
2175.3533920293085,184052,855,1,"1"
2181.7190193583847,184051,856,1,"1"
2195.7148643665141,184050,857,1,"1"
2197.0705904223569,184047,860,1,"1"
2202.7026489906248,184034,873,1,"1"
2208.6424707124393,184033,874,1,"1"
2229.5108236207607,184015,892,1,"1"
2235.3003329533672,183997,910,1,"1"
2235.8205150010849,183996,911,1,"1"
2248.2876967212233,183994,913,2,"1-1"
2261.5092800795505,183981,926,3,"2-1"
2264.2997853929996,183963,944,1,"1"
2279.031555503826,183945,962,1,"1"
2282.5154865670988,183944,963,1,"1"
2309.2164086609305,183941,966,1,"1"
2336.0793929878009,183931,976,1,"1"
2347.8182839548945,183921,986,1,"1"
2350.4898246864154,183903,1004,1,"1"
2353.9903539657853,183889,1018,1,"1"
2356.611969069781,183885,1022,2,"2"
2370.2413951346925,183867,1040,1,"1"
2378.9896892299143,183866,1041,1,"1"
2384.326262185552,183857,1050,1,"1"
2392.2204180570848,183848,1059,3,"3"
2393.123203202118,183842,1065,2,"2"
2400.1298759867254,183837,1070,1,"1"
2424.5886260265615,183828,1079,3,"2-1"
2466.031066025404,183810,1097,1,"1"
2467.1053240191986,183792,1115,1,"1"
2497.2814021922268,183789,1118,1,"1"
2501.2648622241322,183747,1160,3,"2-1"
2543.3603520515694,183742,1165,1,"1"
2566.5670331725023,183739,1168,1,"1"
2590.8600978494264,183729,1178,2,"2"
2593.640779736817,183717,1190,1,"1"
2599.8067713777441,183681,1226,2,"1-1"
2607.017676858406,183671,1236,1,"1"
2623.3659579579753,183653,1254,1,"1"
2626.018115295647,183650,1257,1,"1"
2634.7006258453303,183647,1260,1,"1"
2646.1730541105553,183637,1270,2,"2"
2661.3718272089268,183632,1275,1,"1"
2661.7006475657136,183614,1293,1,"1"
2668.0230745264817,183596,1311,1,"1"
2677.1362383697196,183595,1312,1,"1"
2710.8711661990797,183539,1368,8,"6-1-1"
2717.9824723186325,183521,1386,1,"1"
2720.9346100449434,183520,1387,1,"1"
2726.2945966954558,183519,1388,1,"1"
2733.0054454483643,183501,1406,1,"1"
2749.8050768547441,183498,1409,1,"1"
2771.5706150162182,183480,1427,1,"1"
2788.193866386403,183471,1436,1,"1"
2795.6270922894732,183468,1439,1,"1"
2820.991734485186,183450,1457,1,"1"
2835.3392100718993,183432,1475,1,"1"
2838.475213704322,183414,1493,1,"1"
2874.035623455733,183396,1511,1,"1"
2882.6983407967828,183391,1516,1,"1"
2898.6473295162309,183386,1521,1,"1"
2904.0116220521531,183368,1539,1,"1"
2942.9115844251123,183367,1540,1,"1"
2945.6067926101714,183357,1550,1,"1"
2954.0651778445704,183339,1568,1,"1"
2963.9037102959001,183321,1586,1,"1"
2964.2393894412116,183303,1604,1,"1"
2984.7891876822223,183300,1607,1,"1"
2991.1917136854527,183280,1627,2,"2"
2993.0371528370724,183262,1645,1,"1"
3056.7736902707816,183244,1663,1,"1"
3058.8033148233385,183234,1673,2,"1-1"
3086.0845170628104,183216,1691,1,"1"
3092.2134978232198,183198,1709,1,"1"
3108.5026362799586,183190,1717,2,"1-1"
3108.5167734017255,183184,1723,2,"2"
3117.4824652865277,183166,1741,1,"1"
3131.8869360447989,183148,1759,1,"1"
3137.246470533119,183143,1764,1,"1"
3182.9723986223767,183125,1782,1,"1"
3199.0981535119554,183122,1785,1,"1"
3219.6865582146697,183104,1803,1,"1"
3227.185737655303,183099,1808,1,"1"
3229.245378121137,183081,1826,1,"1"
3242.7881299733499,183076,1831,1,"1"
3253.0950977712259,183058,1849,1,"1"
3261.1472148012331,183040,1867,1,"1"
3271.411205259787,183022,1885,1,"1"
3329.4978769603699,183017,1890,1,"1"
3363.2378525288273,182999,1908,1,"1"
3392.4227251792959,182986,1921,3,"3"
3410.3754251822975,182981,1926,1,"1"
3417.4973678259803,182963,1944,1,"1"
3420.7474163487477,182945,1962,1,"1"
3437.6637854127694,182937,1970,2,"2"
3439.1644081096615,182927,1980,1,"1"
3460.5808091599115,182909,1998,1,"1"
3521.5345032729533,182904,2003,1,"1"
3531.7005688717022,182886,2021,1,"1"
3541.539716803547,182870,2037,2,"1-1"
3580.7224287657973,182867,2040,1,"1"
3597.9362880924377,182864,2043,1,"1"
3598.6299978752841,182846,2061,1,"1"
3624.5074382397252,182834,2073,1,"1"
3642.231251085308,182816,2091,1,"1"
3647.4933079009611,182796,2111,2,"2"
3652.1500174655594,182778,2129,1,"1"
3664.4041919050537,182773,2134,1,"1"
3667.5614255469054,182755,2152,1,"1"
3676.1371786791483,182719,2188,2,"2"
3695.2708152251075,182685,2222,4,"4"
3696.7213510718575,182649,2258,2,"1-1"
3697.9917078941376,182631,2276,1,"1"
3712.6638688020794,182618,2289,1,"1"
3715.4151453221871,182613,2294,1,"1"
3728.6613713396978,182595,2312,1,"1"
3757.3927204415158,182566,2341,3,"1-1-1"
3785.8322944231418,182561,2346,1,"1"
3789.4131565239095,182547,2360,1,"1"
3796.3380570728355,182529,2378,1,"1"
3807.7425623667013,182526,2381,1,"1"
3820.7882133930702,182508,2399,1,"1"
3823.3883872262636,182503,2404,1,"1"
3825.220510213604,182485,2422,1,"1"
3848.5957875541862,182480,2427,1,"1"
3849.2558763997436,182471,2436,1,"1"
3871.4804436422642,182453,2454,1,"1"
3873.247427130359,182448,2459,1,"1"
3898.6210572573618,182441,2466,1,"1"
3906.46975875104,182432,2475,1,"1"
3923.1590674821764,182422,2485,1,"1"
3930.4051541500071,182412,2495,1,"1"
3944.3974444880264,182394,2513,1,"1"
3949.5353493281509,182372,2535,2,"2"
3949.9735398529742,182354,2553,1,"1"
3950.4078461717349,182336,2571,1,"1"
3964.1517991155565,182318,2589,1,"1"
3969.7088767747041,182300,2607,1,"1"
3982.7907593300242,182282,2625,1,"1"
3987.5259236667443,182273,2634,1,"1"
3997.7978073377931,182237,2670,2,"1-1"
4001.4003505481546,182222,2685,1,"1"
4012.6016622704706,182202,2705,2,"1-1"
4013.3468301729226,182197,2710,1,"1"
4030.8056732322939,182179,2728,1,"1"
4030.985326749978,182161,2746,1,"1"
4042.5524756495406,182131,2776,3,"2-1"
4056.5567865949297,182113,2794,1,"1"
4060.4659912337347,182108,2799,1,"1"
4070.1847025167481,182091,2816,3,"2-1"
4085.9023376926693,182086,2821,1,"1"
4090.7686154578678,182068,2839,1,"1"
4099.9295785867325,182050,2857,1,"1"
4106.6775625864047,182023,2884,3,"2-1"
4115.804937819451,182016,2891,1,"1"
4122.5744945696788,181998,2909,1,"1"
4171.7591612069682,181980,2927,1,"1"
4172.618553591813,181962,2945,1,"1"
4183.269799302825,181944,2963,1,"1"
4183.7555538923361,181926,2981,1,"1"
4201.7330220310059,181915,2992,1,"1"
4206.3082200844074,181897,3010,1,"1"
4211.43589542051,181847,3060,4,"2-1-1"
4212.8210669970176,181844,3063,1,"1"
4215.0330258882659,181834,3073,1,"1"
4217.3476637738822,181831,3076,1,"1"
4219.5466834025729,181828,3079,1,"1"
4220.1968001539071,181818,3089,1,"1"
4220.6623942401329,181780,3127,3,"2-1"
4234.5241745327194,181774,3133,2,"2"
4247.8086492904704,181752,3155,2,"2"
4260.7483898727651,181749,3158,1,"1"
4304.8411936030934,181744,3163,1,"1"
4306.7781508354137,181732,3175,1,"1"
4309.9119448997271,181719,3188,3,"1-1-1"
4311.578978432326,181709,3198,1,"1"
4316.0143524018122,181694,3213,1,"1"
4317.9785955227753,181676,3231,1,"1"
4335.656054497199,181658,3249,1,"1"
4345.3366042045554,181634,3273,6,"5-1"
4375.4021439761782,181624,3283,1,"1"
4397.1519161357755,181606,3301,1,"1"
4410.1828673616928,181601,3306,1,"1"
4422.1967892650619,181591,3316,2,"2"
4441.171186795953,181573,3334,2,"1-1"
4449.8009090716459,181566,3341,1,"1"
4460.3659399994685,181559,3348,1,"1"
4475.7147311102026,181549,3358,1,"1"
4509.0933251069382,181538,3369,1,"1"
4512.5619090281771,181514,3393,2,"1-1"
4542.4924726814334,181496,3411,1,"1"
4550.355268364463,181486,3421,1,"1"
4553.1944742853793,181481,3426,1,"1"
4567.9151433074394,181463,3444,1,"1"
4587.7683990137521,181453,3454,1,"1"
4589.7418805518528,181435,3472,1,"1"
4598.7120378325162,181417,3490,1,"1"
4600.1667847789622,181414,3493,1,"1"
4605.7186489867927,181396,3511,1,"1"
4609.1656032216579,181378,3529,1,"1"
4648.9924091338999,181324,3583,3,"3"
4652.3558408602094,181306,3601,1,"1"
4683.2581398121174,181288,3619,1,"1"
4691.2261421105841,181283,3624,1,"1"
4698.8221072321112,181280,3627,1,"1"
4707.2481970480667,181262,3645,1,"1"
4708.5238839502445,181244,3663,1,"1"
4740.688843345426,181226,3681,1,"1"
4742.182129785363,181221,3686,1,"1"
4743.6973272783289,181203,3704,1,"1"
4750.4451083726553,181185,3722,1,"1"
4752.2406494418738,181167,3740,1,"1"
4759.7968864817749,181162,3745,1,"1"
4761.4732747021089,181144,3763,1,"1"
4773.9987095049946,181132,3775,1,"1"
4780.1620859897266,181114,3793,1,"1"
4803.2952499301846,181100,3807,1,"1"
4811.2268246218373,181090,3817,1,"1"
4813.0263742333509,181072,3835,1,"1"
4820.3424594343223,181054,3853,1,"1"
4820.7490792591707,181036,3871,1,"1"
4824.6396403740528,181018,3889,1,"1"
4825.7292479578527,181013,3894,1,"1"
4833.2361511726049,181001,3906,1,"1"
4834.1674629301579,180982,3925,3,"2-1"
4846.4804746779182,180964,3943,1,"1"
4872.0601095181637,180952,3955,1,"1"
4899.8996280461906,180934,3973,1,"1"
4902.1872198779802,180916,3991,1,"1"
4913.3129580937375,180884,4023,3,"2-1"
4916.8802867604736,180866,4041,2,"2"
4930.8340414499535,180848,4059,1,"1"
4931.9526811816531,180824,4083,2,"2"
4951.0143069038122,180806,4101,1,"1"
4953.591110810793,180788,4119,1,"1"
4957.2657872188311,180770,4137,1,"1"
4995.6978446375306,180752,4155,1,"1"
5001.1513467975028,180716,4191,2,"2"
5010.3913957432505,180698,4209,1,"1"
5013.2176519593377,180680,4227,1,"1"
5018.1408907589666,180662,4245,1,"1"
5051.6294999443262,180657,4250,1,"1"
5056.4323961422524,180585,4322,4,"3-1"
5059.6558335225591,180567,4340,1,"1"
5061.3760377113258,180551,4356,2,"2"
5063.6082889429863,180532,4375,3,"3"
5077.105150714553,180496,4411,2,"2"
5081.4198778988803,180472,4435,2,"1-1"
5082.2408842587229,180467,4440,1,"1"
5091.9925598207328,180435,4472,2,"2"
5093.0809227737382,180430,4477,1,"1"
5098.9494787654085,180412,4495,1,"1"
5116.8743835046334,180394,4513,1,"1"
5127.9497830829068,180377,4530,3,"2-1"
5130.0639285811239,180333,4574,4,"3-1"
5130.5543750246343,180315,4592,1,"1"
5133.0382518905435,180308,4599,1,"1"
5136.2043626787854,180290,4617,1,"1"
5143.7251139601358,180272,4635,1,"1"
5147.6013937731332,180269,4638,1,"1"
5162.5088499928688,180197,4710,5,"2-2-1"
5175.7486589428818,180179,4728,1,"1"
5178.7163557017502,180148,4759,2,"2"
5181.4393934625396,180130,4777,1,"1"
5188.4060512417764,180110,4797,4,"2-1-1"
5190.9239298795719,180103,4804,1,"1"
5193.4641070978423,180089,4818,1,"1"
5194.9446853588288,180071,4836,1,"1"
5196.684512193814,180042,4865,2,"2"
5207.9325400643338,180024,4883,1,"1"
5224.5335270556834,180006,4901,1,"1"
5227.3973521809476,179988,4919,1,"1"
5230.0032227600477,179952,4955,2,"1-1"
5235.9796415043402,179934,4973,1,"1"
5238.3033382614476,179920,4987,2,"2"
5250.6430213860831,179915,4992,1,"1"
5252.2418681926629,179910,4997,1,"1"
5261.5319170624052,179859,5048,7,"3-3-1"
5262.3769740357357,179841,5066,1,"1"
5269.2032631738648,179824,5083,1,"1"
5274.5852244492908,179806,5101,1,"1"
5286.8320912757281,179796,5111,1,"1"
5299.6487596933266,179778,5129,1,"1"
5302.3128899929679,179760,5147,1,"1"
5314.5814912978158,179742,5165,1,"1"
5320.3499718179273,179724,5183,1,"1"
5322.3570032960743,179706,5201,1,"1"
5346.0995190202284,179696,5211,1,"1"
5347.374562771588,179691,5216,1,"1"
5350.1258099724846,179673,5234,1,"1"
5362.0943763763189,179668,5239,1,"1"
5364.9521754893631,179619,5288,7,"4-2-1"
5376.2291295289115,179603,5304,1,"1"
5376.26001957262,179600,5307,1,"1"
5391.8304098938979,179582,5325,1,"1"
5404.7261572015104,179561,5346,3,"3"
5410.307499475648,179525,5382,4,"3-1"
5422.0529163917745,179507,5400,1,"1"
5436.0922430856817,179489,5418,1,"1"
5443.081805773385,179464,5443,3,"1-1-1"
5459.8081796337456,179446,5461,1,"1"
5466.3419995162249,179428,5479,1,"1"
5469.4739745137676,179423,5484,1,"1"
5470.9771124783811,179418,5489,1,"1"
5471.0975382428678,179402,5505,1,"1"
5475.5556661941064,179384,5523,1,"1"
5481.137994252198,179379,5528,1,"1"
5482.5476431379166,179355,5552,2,"1-1"
5482.9180709180837,179337,5570,1,"1"
5484.0164364918555,179319,5588,1,"1"
5485.7620130922242,179301,5606,1,"1"
5489.9999974748725,179283,5624,1,"1"
5505.9300602444046,179273,5634,1,"1"
5509.6109204353552,179264,5643,1,"1"
5513.93028683786,179255,5652,1,"1"
5515.0332788238975,179211,5696,4,"3-1"
5517.2949323965522,179193,5714,1,"1"
5523.7559202362436,179188,5719,1,"1"
5534.2547045584206,179170,5737,1,"1"
5560.5307451175331,179152,5755,1,"1"
5562.2942416459755,179134,5773,1,"1"
5579.8792555805376,179121,5786,1,"1"
5582.4333093394343,179112,5795,1,"1"
5584.0522657063939,179094,5813,1,"1"
5589.4206067545692,179076,5831,1,"1"
5597.440451835455,179071,5836,1,"1"
5623.966313358359,179043,5864,2,"2"
5630.7707975206631,179032,5875,1,"1"
5645.1832871420711,179013,5894,3,"2-1"
5646.8365461169196,178995,5912,1,"1"
5674.4598072690751,178985,5922,1,"1"
5678.6331285090901,178980,5927,1,"1"
5681.2697206030616,178962,5945,1,"1"
5694.1948776255822,178944,5963,1,"1"
5698.1836704864054,178926,5981,1,"1"
5706.9215132532026,178885,6022,5,"4-1"
5713.5786471222227,178880,6027,1,"1"
5729.3496523164295,178862,6045,1,"1"
5729.5919841970144,178808,6099,4,"2-2"
5742.7361341935321,178790,6117,1,"1"
5749.7332280449309,178785,6122,1,"1"
5752.0562970029723,178768,6139,1,"1"
5754.1293762220894,178750,6157,1,"1"
5767.164675058033,178732,6175,1,"1"
5780.2699317455617,178671,6236,7,"3-2-1-1"
5784.8849868518046,178635,6272,3,"2-1"
5793.2578269156056,178623,6284,1,"1"
5818.8510935538425,178587,6320,3,"3"
5838.2600827964425,178577,6330,1,"1"
5848.6368605764474,178567,6340,1,"1"
5855.2416685532435,178549,6358,1,"1"
5866.7637998291902,178507,6400,6,"3-2-1"
5866.9321647047727,178489,6418,1,"1"
5884.0795612745324,178469,6438,2,"2"
5884.3496989175583,178462,6445,1,"1"
5884.8151632266599,178444,6463,1,"1"
5903.1604892356909,178439,6468,1,"1"
5906.411682218888,178421,6486,1,"1"
5909.264749199684,178384,6523,5,"2-1-1-1"
5927.272815303043,178366,6541,1,"1"
5930.9006483834091,178348,6559,1,"1"
5936.4131567480617,178330,6577,1,"1"
5942.768711165776,178312,6595,1,"1"
5943.8670861938162,178276,6631,2,"2"
5944.5352332643852,178264,6643,1,"1"
5944.6324478526503,178246,6661,1,"1"
5948.5244838081762,178216,6691,2,"2"
5961.0330446094677,178198,6709,1,"1"
5962.2709373476218,178180,6727,1,"1"
5973.8282399626551,178162,6745,1,"1"
5982.8198831702639,178157,6750,1,"1"
6015.4146282744296,178139,6768,1,"1"
6032.5485333794813,178126,6781,1,"1"
6032.8183891079934,178055,6852,9,"5-3-1"
6035.4568894886643,178037,6870,1,"1"
6042.2964154626261,178019,6888,1,"1"
6044.233012028536,178001,6906,1,"1"
6046.9619724294798,177988,6919,1,"1"
6060.4333264762963,177956,6951,2,"2"
6063.0749481360917,177938,6969,1,"1"
6067.4594137203076,177920,6987,1,"1"
6070.5568459529695,177908,6999,1,"1"
6071.6414683052899,177854,7053,4,"2-2"
6078.4648425996165,177734,7173,10,"3-2-2-2-1"
6083.9236690441603,177720,7187,1,"1"
6083.9774518116665,177687,7220,3,"1-1-1"
6103.0954356710172,177669,7238,1,"1"
6103.8613281488952,177651,7256,1,"1"
6105.6724559578824,177597,7310,3,"2-1"
6127.6727645737901,177585,7322,1,"1"
6129.5010953505162,177532,7375,7,"3-3-1"
6131.4757080820036,177496,7411,2,"2"
6135.4458072848947,177391,7516,10,"4-2-1-1-1-1"
6137.1400430774693,177347,7560,3,"2-1"
6141.0328546400351,177311,7596,2,"2"
6143.1974426874767,177276,7631,3,"3"
6151.5288474273793,177112,7795,14,"3-3-2-2-2-1-1"
6153.2724475007944,177094,7813,1,"1"
6166.365302412506,177076,7831,1,"1"
6170.2906953464599,177058,7849,1,"1"
6177.1188970271869,177040,7867,1,"1"
6182.0070875552738,177022,7885,1,"1"
6185.4971087673584,176974,7933,4,"2-2"
6186.1437899448447,176956,7951,1,"1"
6186.4266097885684,176916,7991,3,"1-1-1"
6198.7946678100661,176898,8009,1,"1"
6203.8687064618307,176751,8156,19,"3-2-2-2-2-2-1-1-1-1-1-1"
6204.8999777333302,176723,8184,2,"2"
6205.6125757618165,176647,8260,5,"3-1-1"
6225.4349931850793,176611,8296,2,"2"
6251.6567836354179,176596,8311,1,"1"
6252.2258609264554,176578,8329,1,"1"
6260.3123681937823,176564,8343,2,"2"
6264.4868406517862,176557,8350,1,"1"
6273.2938785189017,176547,8360,1,"1"
6290.1758469112019,176529,8378,1,"1"
6292.3952378706235,176511,8396,1,"1"
6295.8003307723411,176493,8414,1,"1"
6298.0987013201629,176421,8486,4,"2-2"
6300.8837014862165,176403,8504,1,"1"
6304.3579346330889,176385,8522,1,"1"
6308.8334437065105,176321,8586,6,"3-2-1"
6342.3146668006175,176303,8604,1,"1"
6361.4026815369834,176274,8633,3,"2-1"
6365.5318135914995,176256,8651,1,"1"
6365.8852237190722,176238,8669,1,"1"
6367.5607720753978,176228,8679,1,"1"
6374.139797525635,176210,8697,1,"1"
6375.9641113754224,176192,8715,1,"1"
6386.8217563698508,176174,8733,1,"1"
6390.5458605538079,176163,8744,1,"1"
6396.3586587279678,176073,8834,8,"3-2-2-1"
6398.9586830562703,176037,8870,2,"2"
6405.0218553200548,176015,8892,2,"2"
6408.6095175180462,175997,8910,1,"1"
6414.9919933552128,175979,8928,1,"1"
6416.8080120505547,175961,8946,1,"1"
6426.2342339096585,175943,8964,1,"1"
6428.6130537446261,175925,8982,1,"1"
6433.9272540591464,175915,8992,1,"1"
6445.4741320827097,175905,9002,1,"1"
6445.8250356874578,175887,9020,1,"1"
6471.0094600160392,175869,9038,1,"1"
6471.644634551325,175825,9082,4,"3-1"
6492.9609140456423,175803,9104,2,"2"
6497.7800693386616,175767,9140,2,"2"
6507.58944049194,175749,9158,1,"1"
6508.2578421774233,175740,9167,1,"1"
6508.6569396049881,175706,9201,3,"2-1"
6517.4490832272431,175688,9219,1,"1"
6526.2890866154949,175670,9237,1,"1"
6527.127301438567,175663,9244,1,"1"
6528.9941491890932,175645,9262,1,"1"
6535.6055490971112,175636,9271,1,"1"
6536.8561204490661,175584,9323,6,"2-1-1-1-1"
6539.415272249862,175478,9429,8,"3-2-1-1-1"
6566.5207536982407,175460,9447,1,"1"
6568.7059797352931,175442,9465,1,"1"
6570.8259876236025,175359,9548,8,"3-2-1-1-1"
6601.0778255358782,175341,9566,1,"1"
6601.752840897575,175323,9584,1,"1"
6616.610416247072,175309,9598,2,"2"
6620.7189016864895,175225,9682,6,"3-3"
6626.2959472928023,175207,9700,1,"1"
6634.7643905258092,175189,9718,1,"1"
6635.6583103250387,175171,9736,1,"1"
6641.1787620617979,175157,9750,1,"1"
6645.4953526903273,175139,9768,1,"1"
6655.2652693211558,175121,9786,1,"1"
6659.7950596203627,174870,10037,24,"5-4-4-3-2-2-1-1-1-1"
6665.3868291900753,174852,10055,1,"1"
6674.4112311495264,174834,10073,1,"1"
6682.1807369609351,174798,10109,2,"1-1"
6686.4451366709445,174780,10127,1,"1"
6688.6478045114354,174740,10167,3,"2-1"
6690.0126587120812,174722,10185,1,"1"
6690.4503947864887,174704,10203,1,"1"
6694.3422704312443,174659,10248,5,"2-2-1"
6702.5154957105478,174641,10266,1,"1"
6702.5902537325992,174587,10320,3,"3"
6708.7617718806687,174340,10567,25,"3-3-3-3-2-2-1-1-1-1-1-1-1-1-1"
6708.9412061033518,174328,10579,1,"1"
6721.4311682512507,174313,10594,1,"1"
6724.3147986439408,174295,10612,1,"1"
6724.7639353683544,174277,10630,1,"1"
6749.5490874403749,174262,10645,1,"1"
6754.3714187277383,174255,10652,1,"1"
6757.5155676969134,174237,10670,1,"1"
6778.7926878444614,174139,10768,8,"4-2-1-1"
6780.3096408891679,174088,10819,5,"3-1-1"
6791.7371770931622,174052,10855,2,"1-1"
6792.2634078711026,174020,10887,2,"2"
6792.3920833729862,173609,11298,38,"5-4-4-3-3-2-2-2-1-1-1-1-1-1-1-1-1-1-1-1-1"
6793.3673948318492,173591,11316,1,"1"
6811.3089326652562,173573,11334,1,"1"
6815.6719324639544,173555,11352,1,"1"
6816.3699354500932,173067,11840,34,"6-5-4-3-2-2-2-1-1-1-1-1-1-1-1-1-1"
6831.664114145,173049,11858,1,"1"
6837.693390105761,173031,11876,1,"1"
6839.1033038576415,173013,11894,1,"1"
6842.341125777225,172995,11912,1,"1"
6844.2592102471372,172977,11930,1,"1"
6846.3062367040893,172870,12037,8,"4-2-1-1"
6850.351417370116,172861,12046,1,"1"
6873.8894878112824,172843,12064,1,"1"
6874.0629835412565,172771,12136,4,"3-1"
6879.0517546503797,172753,12154,1,"1"
6891.3575231082868,172735,12172,1,"1"
6913.0910118952079,172593,12314,11,"6-3-1-1"
6915.9444918364588,172575,12332,1,"1"
6925.0580796151526,172557,12350,1,"1"
6934.5858311760039,172539,12368,1,"1"
6946.1315325255373,172521,12386,1,"1"
6949.4250047583173,172503,12404,1,"1"
6951.1438054609544,172485,12422,1,"1"
6967.6275483119589,172419,12488,6,"3-1-1-1"
6972.878298274687,172401,12506,1,"1"
6987.6806727203711,172383,12524,1,"1"
6989.2819329848717,172347,12560,4,"2-1-1"
7001.7463179489596,172329,12578,1,"1"
7008.1064973472476,172311,12596,1,"1"
7010.1527572040659,172293,12614,1,"1"
7010.4441658905034,172257,12650,2,"2"
7012.5863041922621,172239,12668,1,"1"
7019.3294775913473,172228,12679,1,"1"
7035.0493836364776,172180,12727,4,"2-2"
7039.5919275351462,172162,12745,1,"1"
7044.8432885627926,172144,12763,1,"1"
7049.1516773005533,172024,12883,9,"3-2-2-1-1"
7054.7626075231938,172006,12901,1,"1"
7060.2501891885504,171988,12919,1,"1"
7062.9416941656536,171827,13080,15,"3-2-2-2-2-1-1-1-1"
7087.7742273286003,171807,13100,2,"1-1"
7088.0790283167526,171789,13118,1,"1"
7089.5613335708122,171627,13280,9,"3-3-1-1-1"
7093.5567391118093,171609,13298,1,"1"
7096.5257744565151,0,184907,9652,"9652"
----------------------------------------------2
0,184907,0,0,"0"
302.2672823058432,184889,18,1,"1"
325.33654522081707,184888,19,1,"1"
353.60679358529359,184887,20,1,"1"
385.29481399965545,184886,21,1,"1"
387.9699023950796,184868,39,1,"1"
390.80946719859122,184867,40,1,"1"
479.11058844851289,184854,53,1,"1"
490.00784351950409,184853,54,1,"1"
493.89256515351155,184852,55,1,"1"
494.44384131783045,184851,56,1,"1"
500.22996665360114,184848,59,1,"1"
539.07340473210661,184847,60,1,"1"
562.60835400269707,184846,61,1,"1"
569.65417332385175,184844,63,2,"2"
577.725703636699,184841,66,1,"1"
589.88784979163518,184838,69,1,"1"
626.45281608446339,184828,79,1,"1"
645.23854180360911,184827,80,1,"1"
666.83235694252153,184822,85,1,"1"
674.47561554126196,184819,88,3,"1-1-1"
674.51404776718573,184818,89,1,"1"
678.73824850542928,184817,90,1,"1"
680.17853165111023,184816,91,1,"1"
696.05660089759033,184814,93,2,"2"
727.70057618625879,184807,100,1,"1"
736.07303321018583,184806,101,1,"1"
737.1776452148207,184804,103,2,"2"
738.53207358499844,184803,104,1,"1"
753.17078491235816,184802,105,1,"1"
774.78928925127548,184784,123,1,"1"
779.6517785014338,184783,124,1,"1"
779.85293757931311,184782,125,1,"1"
799.77874108616663,184781,126,1,"1"
809.12807937237892,184780,127,1,"1"
823.61400252569535,184779,128,1,"1"
848.64222144186817,184778,129,1,"1"
852.23938127396241,184777,130,1,"1"
853.53390967558755,184776,131,1,"1"
862.27965685546917,184775,132,1,"1"
864.70376145180114,184774,133,1,"1"
872.00081534923834,184772,135,2,"2"
934.87871408006424,184771,136,1,"1"
939.59670290674421,184753,154,1,"1"
962.89291389717016,184751,156,2,"2"
967.10838715320176,184750,157,1,"1"
979.6107654913958,184749,158,1,"1"
1006.6571387477934,184737,170,1,"1"
1013.7610860567286,184727,180,6,"6"
1014.6403919845299,184726,181,1,"1"
1025.2385431386947,184725,182,1,"1"
1031.0634061234018,184707,200,1,"1"
1034.0142880209526,184702,205,1,"1"
1034.3829495835255,184684,223,1,"1"
1110.7743878688607,184682,225,2,"1-1"
1142.8640467088269,184677,230,1,"1"
1164.6171684378246,184660,247,1,"1"
1166.3111878763757,184659,248,1,"1"
1183.5163252475111,184658,249,1,"1"
1211.0450297840571,184640,267,1,"1"
1241.1814780154966,184637,270,1,"1"
1248.8583110127572,184627,280,1,"1"
1259.116473544452,184625,282,2,"1-1"
1266.6468717759192,184622,285,3,"2-1"
1295.2179323796897,184621,286,1,"1"
1305.4039327514286,184603,304,1,"1"
1333.3217046161565,184585,322,1,"1"
1334.2909530061327,184584,323,1,"1"
1361.0804826908218,184583,324,1,"1"
1367.3107384046414,184582,325,1,"1"
1373.8613599959181,184564,343,1,"1"
1383.7027853218219,184563,344,1,"1"
1388.269536789571,184554,353,1,"1"
1391.2181371295383,184552,355,2,"1-1"
1398.2321800561535,184534,373,1,"1"
1406.7857298987437,184533,374,1,"1"
1423.3442154468432,184532,375,1,"1"
1445.8081983886177,184529,378,3,"3"
1453.8107762210502,184511,396,1,"1"
1460.4870928813127,184509,398,2,"1-1"
1480.891761846744,184507,400,2,"2"
1486.314949736467,184505,402,2,"1-1"
1491.9807545858755,184502,405,1,"1"
1503.3402966803667,184499,408,1,"1"
1532.5179625697808,184498,409,1,"1"
1537.9290528048691,184497,410,1,"1"
1563.2543730350549,184496,411,1,"1"
1571.232442073584,184478,429,1,"1"
1582.2266769521236,184475,432,1,"1"
1601.3825733247181,184470,437,1,"1"
1608.2048661026276,184468,439,2,"2"
1613.5714124548354,184467,440,1,"1"
1639.8531213272099,184466,441,1,"1"
1641.5022796841365,184457,450,5,"2-1-1-1"
1648.345651582591,184456,451,1,"1"
1653.5023598654936,184452,455,4,"2-1-1"
1663.0945510806475,184451,456,1,"1"
1702.2989644559616,184450,457,1,"1"
1709.4591308431554,184445,462,1,"1"
1711.6391359348381,184438,469,1,"1"
1711.8661394602514,184424,483,1,"1"
1726.0330076884984,184418,489,2,"2"
1743.6065470340322,184408,499,1,"1"
1744.4117192132326,184407,500,1,"1"
1768.0318445474327,184406,501,1,"1"
1784.3482223448204,184405,502,1,"1"
1806.4913071638546,184395,512,1,"1"
1813.7296093291075,184379,528,6,"4-1-1"
1843.8170044361334,184373,534,2,"2"
1844.1157768625662,184355,552,1,"1"
1853.5758186299543,184335,572,2,"1-1"
1857.5526841786898,184317,590,1,"1"
1867.3572614454924,184310,597,1,"1"
1873.3356895682141,184309,598,1,"1"
1882.4757168650569,184304,603,1,"1"
1897.999330195822,184303,604,1,"1"
1904.2491322071157,184285,622,1,"1"
1906.1714614350597,184283,624,2,"2"
1910.0562790560668,184280,627,1,"1"
1919.5556298102003,184262,645,1,"1"
1942.9119141067877,184261,646,1,"1"
1944.4521456313371,184243,664,1,"1"
1949.2256845791178,184241,666,2,"2"
1972.255527416514,184240,667,1,"1"
1981.6837257568238,184239,668,1,"1"
1989.4743997430628,184238,669,1,"1"
2023.6240887752424,184220,687,1,"1"
2026.6556800893595,184208,699,1,"1"
2032.0933903891107,184194,713,1,"1"
2036.3464314764469,184176,731,1,"1"
2040.9335767279213,184166,741,1,"1"
2046.0561799699115,184148,759,1,"1"
2047.5195320619825,184134,773,1,"1"
2052.1124700836381,184131,776,1,"1"
2056.9758339146501,184129,778,2,"2"
2067.2911505370739,184111,796,1,"1"
2076.7239544873114,184099,808,1,"1"
2119.5760314798085,184098,809,1,"1"
2126.6969829445407,184092,815,2,"2"
2143.7590473318323,184087,820,1,"1"
2147.6482160361957,184085,822,2,"2"
2152.7831764074722,184084,823,1,"1"
2164.1879675766913,184083,824,1,"1"
2165.1757052041962,184080,827,1,"1"
2169.3363856524888,184077,830,1,"1"
2194.7051071239284,184076,831,1,"1"
2203.5777301413555,184073,834,3,"2-1"
2214.7355475137397,184072,835,1,"1"
2221.2755461286324,184071,836,1,"1"
2229.675830297263,184068,839,1,"1"
2235.8558461237599,184063,844,1,"1"
2239.7050391454122,184045,862,1,"1"
2242.897753310699,184027,880,1,"1"
2248.2664374706005,184024,883,1,"1"
2267.8146604133499,184017,890,3,"3"
2277.3057819974269,183999,908,1,"1"
2284.5599271418196,183985,922,2,"1-1"
2298.3138160533349,183967,940,1,"1"
2303.98821310626,183957,950,1,"1"
2321.4390593502212,183956,951,1,"1"
2324.1379974472002,183954,953,2,"1-1"
2340.9370223031856,183949,958,1,"1"
2353.8720182655215,183931,976,1,"1"
2355.0886172393689,183928,979,1,"1"
2356.8075251247642,183910,997,1,"1"
2378.4381020028031,183892,1015,1,"1"
2384.7842332786363,183874,1033,1,"1"
2385.2277760145157,183861,1046,1,"1"
2385.523788955149,183849,1058,1,"1"
2390.8640238162529,183831,1076,1,"1"
2431.2592755695841,183813,1094,1,"1"
2434.0372545921791,183795,1112,1,"1"
2434.2303463754224,183781,1126,1,"1"
2443.0822250550873,183745,1162,2,"2"
2445.6873628998887,183735,1172,1,"1"
2485.8844177645424,183722,1185,1,"1"
2492.3180002961803,183712,1195,1,"1"
2493.6388325540779,183707,1200,1,"1"
2555.3873676492367,183569,1338,10,"10"
2568.4919095658006,183551,1356,1,"1"
2580.0004344869449,183546,1361,1,"1"
2585.5289765195648,183537,1370,1,"1"
2618.4767629314033,183532,1375,1,"1"
2628.9851414350837,183490,1417,3,"3"
2657.9704493271875,183472,1435,1,"1"
2730.2169222312737,183469,1438,1,"1"
2739.7165129712557,183460,1447,1,"1"
2765.7687654979622,183442,1465,1,"1"
2774.5735297794145,183424,1483,1,"1"
2779.6895182277667,183406,1501,1,"1"
2784.2081950959468,183401,1506,1,"1"
2817.7275813043702,183396,1511,1,"1"
2818.5083727376687,183384,1523,1,"1"
2852.7279955024742,183366,1541,1,"1"
2855.8887007908484,183348,1559,1,"1"
2868.9696198414736,183330,1577,1,"1"
2874.3539590803975,183312,1595,1,"1"
2885.3599422981215,183294,1613,1,"1"
2909.6523831212035,183285,1622,1,"1"
2942.0957499785918,183267,1640,1,"1"
2957.5044840052583,183262,1645,1,"1"
2973.5625792696719,183234,1673,2,"1-1"
3008.0600231258677,183229,1678,1,"1"
3008.1739328765675,183215,1692,2,"2"
3038.7484845087988,183197,1710,1,"1"
3039.3850132370385,183179,1728,1,"1"
3039.87011097909,183161,1746,1,"1"
3052.5078786273234,183158,1749,1,"1"
3053.575771978255,183140,1767,1,"1"
3059.4311658218458,183135,1772,1,"1"
3088.9542735091363,183100,1807,5,"3-1-1"
3095.1033307711518,183082,1825,1,"1"
3113.9594236740782,183064,1843,1,"1"
3127.7796774824651,183046,1861,1,"1"
3145.0624432854079,183028,1879,1,"1"
3147.0965329182577,183023,1884,1,"1"
3159.7356421662216,183013,1894,1,"1"
3188.8510083014244,183008,1899,1,"1"
3206.5161716634898,182990,1917,1,"1"
3218.5009123347236,182980,1927,1,"1"
3230.8115809017336,182962,1945,1,"1"
3277.5280681111485,182944,1963,1,"1"
3283.6141304992507,182926,1981,1,"1"
3301.9390460906202,182921,1986,1,"1"
3307.3013448826,182913,1994,2,"2"
3324.1858699730219,182895,2012,1,"1"
3335.4511248947988,182881,2026,1,"1"
3339.7145469619481,182871,2036,1,"1"
3342.6930529378819,182853,2054,1,"1"
3343.5445584727818,182835,2072,1,"1"
3347.1124169439404,182830,2077,1,"1"
3354.6291481207527,182812,2095,1,"1"
3369.3867022524364,182794,2113,1,"1"
3374.3288077955658,182776,2131,1,"1"
3374.329944349955,182758,2149,1,"1"
3377.8818241826375,182746,2161,1,"1"
3388.9892771999739,182728,2179,1,"1"
3446.6884768485629,182710,2197,1,"1"
3454.3472241466625,182692,2215,1,"1"
3454.6546332426824,182674,2233,1,"1"
3462.2983645556965,182656,2251,1,"1"
3469.7291479339005,182620,2287,2,"2"
3471.8820412520599,182614,2293,2,"2"
3506.5138356634438,182609,2298,1,"1"
3514.7014216983762,182591,2316,1,"1"
3515.9956766878822,182573,2334,1,"1"
3520.4200466840866,182570,2337,1,"1"
3535.0783202295925,182552,2355,1,"1"
3543.9273872327885,182534,2373,1,"1"
3552.988169423907,182516,2391,1,"1"
3557.7588209068936,182513,2394,1,"1"
3572.05740326158,182508,2399,1,"1"
3592.9203710612087,182505,2402,1,"1"
3609.670099514829,182500,2407,1,"1"
3611.6190958739435,182495,2412,1,"1"
3616.7988124578383,182492,2415,1,"1"
3622.0820899243417,182474,2433,1,"1"
3622.392154389549,182459,2448,5,"4-1"
3634.6304264601563,182449,2458,1,"1"
3654.2777698460709,182425,2482,2,"2"
3684.3051977842183,182407,2500,1,"1"
3691.9769436119827,182396,2511,3,"1-1-1"
3707.9665337194533,182384,2523,1,"1"
3711.6374633674841,182369,2538,3,"3"
3724.4946254073393,182347,2560,2,"2"
3731.9833098826912,182329,2578,1,"1"
3734.9795848370986,182319,2588,1,"1"
3736.9135388349482,182310,2597,3,"3"
3769.4703459692291,182292,2615,1,"1"
3771.5486559533852,182289,2618,1,"1"
3781.7613630591604,182286,2621,1,"1"
3791.113318834462,182281,2626,1,"1"
3791.3282270268469,182278,2629,1,"1"
3795.7161383049834,182273,2634,1,"1"
3796.7852809547771,182255,2652,1,"1"
3801.3973845550181,182237,2670,1,"1"
3801.9193133482836,182228,2679,1,"1"
3804.8814130261699,182192,2715,2,"2"
3805.7596366376538,182187,2720,1,"1"
3808.7087551232025,182177,2730,2,"2"
3810.9009165190305,182165,2742,2,"2"
3812.1423609779713,182147,2760,1,"1"
3827.2258584121341,182144,2763,1,"1"
3850.1118064327447,182126,2781,1,"1"
3862.1748649638371,182121,2786,1,"1"
3862.4350028207909,182103,2804,1,"1"
3862.7424452740102,182091,2816,2,"1-1"
3873.181866868902,182088,2819,1,"1"
3875.8256273626589,182076,2831,1,"1"
3884.4914105776675,182058,2849,1,"1"
3900.6055056984892,182040,2867,1,"1"
3903.3888657923417,182030,2877,1,"1"
3905.5954666606081,182012,2895,1,"1"
3908.3549777697717,181994,2913,1,"1"
3913.2012836708527,181984,2923,1,"1"
3930.4680970766481,181966,2941,1,"1"
3955.0120324434097,181956,2951,1,"1"
3973.5816679817049,181947,2960,1,"1"
3985.866387068053,181929,2978,1,"1"
3995.4558179409287,181911,2996,1,"1"
3995.4932218821814,181902,3005,3,"3"
4002.4130789105416,181884,3023,1,"1"
4004.7756247865427,181857,3050,2,"2"
4008.6383652865406,181821,3086,2,"2"
4034.9582681364909,181803,3104,1,"1"
4069.8918555570699,181785,3122,1,"1"
4081.8224487595935,181753,3154,2,"2"
4082.6407643404755,181739,3168,1,"1"
4106.7339711556042,181721,3186,1,"1"
4107.7433476747728,181715,3192,2,"2"
4120.872410734125,181682,3225,5,"5"
4136.306713348421,181664,3243,1,"1"
4152.0261020867447,181652,3255,2,"1-1"
4191.9000908230419,181642,3265,1,"1"
4194.8461321115974,181635,3272,1,"1"
4197.6709519757733,181617,3290,1,"1"
4203.3827560719237,181599,3308,1,"1"
4222.6945333496333,181581,3326,1,"1"
4231.8012751749266,181578,3329,1,"1"
4243.0471730160834,181548,3359,2,"2"
4246.3487313366395,181541,3366,1,"1"
4248.0863676276904,181523,3384,1,"1"
4249.8486306118621,181518,3389,1,"1"
4289.8488136851629,181513,3394,1,"1"
4291.1540562419023,181495,3412,1,"1"
4293.1089826700418,181452,3455,7,"5-1-1"
4305.6686169624199,181434,3473,1,"1"
4308.8026014684538,181416,3491,1,"1"
4332.3159608530586,181406,3501,2,"2"
4348.0992688550359,181388,3519,1,"1"
4362.435649349849,181370,3537,1,"1"
4395.639240593965,181365,3542,1,"1"
4397.9424638245946,181360,3547,1,"1"
4408.1132978834812,181350,3557,1,"1"
4418.9395560170033,181338,3569,1,"1"
4444.93793314909,181328,3579,1,"1"
4451.5847093312759,181325,3582,1,"1"
4458.2939420472321,181307,3600,1,"1"
4477.9121423092965,181289,3618,1,"1"
4482.4049082998281,181253,3654,2,"1-1"
4487.0363530989744,181246,3661,1,"1"
4493.2917771414686,181228,3679,1,"1"
4494.89846222305,181174,3733,3,"3"
4501.6915424255039,181156,3751,1,"1"
4522.9286985468834,181138,3769,1,"1"
4525.3455780556051,181126,3781,1,"1"
4525.4584483699136,181121,3786,1,"1"
4532.127759880439,181103,3804,1,"1"
4535.967598455456,181085,3822,1,"1"
4565.0336148904071,181067,3840,1,"1"
4582.0094320475228,181049,3858,1,"1"
4596.3398309173936,181000,3907,7,"3-2-1-1"
4600.6521895828928,180982,3925,1,"1"
4631.2699016805373,180964,3943,1,"1"
4632.8107795011283,180957,3950,1,"1"
4648.1827411697095,180939,3968,1,"1"
4651.20449263715,180929,3978,2,"1-1"
4654.2457935772154,180922,3985,1,"1"
4665.3301431563705,180904,4003,1,"1"
4679.4903054864099,180868,4039,2,"2"
4685.429112937064,180850,4057,1,"1"
4692.2865274081405,180838,4069,1,"1"
4694.3576413408673,180820,4087,1,"1"
4702.1188336378982,180800,4107,2,"2"
4702.7618335394691,180782,4125,1,"1"
4706.4920029792929,180777,4130,1,"1"
4716.4063002774419,180764,4143,3,"3"
4718.9692640380999,180732,4175,4,"3-1"
4720.2470956342513,180718,4189,1,"1"
4724.4863931330046,180700,4207,1,"1"
4750.2633537672709,180682,4225,1,"1"
4764.1411388561501,180664,4243,1,"1"
4766.6415977692377,180646,4261,1,"1"
4775.4591383568622,180635,4272,1,"1"
4810.0981361808326,180617,4290,1,"1"
4839.0909261564939,180581,4326,2,"2"
4839.4535323706359,180563,4344,2,"2"
4856.2888858839333,180545,4362,1,"1"
4856.7359044237719,180529,4378,4,"3-1"
4868.8688439818261,180511,4396,1,"1"
4882.4253812143879,180502,4405,1,"1"
4888.3139642911319,180492,4415,2,"1-1"
4901.2981901311941,180474,4433,1,"1"
4902.5027337832535,180438,4469,2,"2"
4906.2579776590328,180420,4487,1,"1"
4928.8070836307779,180405,4502,1,"1"
4950.7664908002907,180400,4507,1,"1"
4950.8221841761397,180390,4517,1,"1"
4954.9364032997428,180380,4527,2,"1-1"
4962.7495492335838,180370,4537,1,"1"
4965.9579406826624,180365,4542,1,"1"
4972.7227232161322,180347,4560,1,"1"
4974.7739675355197,180328,4579,3,"2-1"
4978.9237123147068,180310,4597,1,"1"
4982.0375399014329,180292,4615,1,"1"
4990.5894722153262,180274,4633,1,"1"
5011.4549778425235,180256,4651,1,"1"
5016.8297015523203,180238,4669,1,"1"
5019.3817254728174,180220,4687,1,"1"
5021.5178174021794,180202,4705,2,"1-1"
5021.6754295040992,180168,4739,6,"2-1-1-1-1"
5022.7164769407409,180161,4746,1,"1"
5024.2100990516601,180158,4749,1,"1"
5025.0810739434864,180140,4767,1,"1"
5029.3488795879539,180036,4871,8,"3-2-1-1-1"
5031.6495925482277,180027,4880,1,"1"
5037.8988770445303,180013,4894,1,"1"
5059.424679269071,179999,4908,2,"2"
5062.2583244546677,179994,4913,1,"1"
5074.6322734255837,179980,4927,2,"1-1"
5087.4310673880627,179968,4939,1,"1"
5093.9539139131093,179950,4957,1,"1"
5098.6637168082407,179932,4975,1,"1"
5114.1022083369844,179923,4984,1,"1"
5131.3672981859545,179891,5016,6,"2-2-1-1"
5132.1982629543727,179855,5052,2,"1-1"
5137.025065844432,179841,5066,2,"2"
5138.8445285591433,179823,5084,1,"1"
5153.2617458794066,179801,5106,2,"1-1"
5156.3636497913076,179788,5119,1,"1"
5159.2569477165016,179770,5137,1,"1"
5212.186288303963,179752,5155,1,"1"
5216.5574850125568,179734,5173,1,"1"
5229.8943388369626,179681,5226,5,"2-1-1-1"
5231.2509630822706,179663,5244,1,"1"
5235.5531076177267,179641,5266,2,"2"
5248.2663991686886,179593,5314,6,"4-1-1"
5248.5321254228065,179575,5332,1,"1"
5277.0210038213454,179557,5350,1,"1"
5292.553478981823,179513,5394,8,"2-2-1-1-1-1"
5294.0230216319751,179508,5399,1,"1"
5301.210505997924,179484,5423,2,"1-1"
5301.4611074824006,179466,5441,1,"1"
5302.1352093032692,179448,5459,1,"1"
5305.8643909346583,179420,5487,2,"2"
5316.1043172110394,179415,5492,1,"1"
5333.9440972732409,179406,5501,1,"1"
5342.7176251651326,179401,5506,1,"1"
5346.4292549077145,179383,5524,1,"1"
5350.2808249762411,179378,5529,1,"1"
5353.2479229265282,179360,5547,1,"1"
5373.2085799609249,179342,5565,1,"1"
5377.1403540634064,179333,5574,1,"1"
5379.947063189612,179315,5592,1,"1"
5385.976842939267,179297,5610,1,"1"
5389.0361913655315,179285,5622,2,"1-1"
5398.6560812505459,179280,5627,1,"1"
5400.1220361297801,179271,5636,1,"1"
5402.9019110449217,179253,5654,1,"1"
5406.6723937376355,179240,5667,1,"1"
5411.6468499320008,179235,5672,1,"1"
5421.7805479529916,179230,5677,1,"1"
5432.3361689581843,179220,5687,1,"1"
5434.5878376218225,179202,5705,1,"1"
5443.2156166882905,179193,5714,1,"1"
5443.994609931965,179157,5750,2,"2"
5446.5523763530309,179109,5798,4,"3-1"
5447.9441444292434,179091,5816,1,"1"
5452.9152315268684,179073,5834,1,"1"
5456.5687208651207,179015,5892,5,"4-1"
5462.6509047431073,179012,5895,1,"1"
5471.4920527806426,178994,5913,1,"1"
5479.8607755276907,178971,5936,3,"1-1-1"
5486.5345920039499,178953,5954,1,"1"
5492.8863506823745,178940,5967,1,"1"
5497.9261124935529,178935,5972,1,"1"
5500.7958951078308,178917,5990,1,"1"
5505.8136642566478,178899,6008,1,"1"
5518.8826659238657,178894,6013,1,"1"
5524.7936549113947,178876,6031,1,"1"
5541.1334310414049,178869,6038,1,"1"
5550.823986462814,178851,6056,1,"1"
5551.997393263282,178833,6074,1,"1"
5577.3532436318137,178815,6092,1,"1"
5577.6674980481621,178797,6110,1,"1"
5584.5718091332255,178761,6146,2,"1-1"
5584.9284079502349,178743,6164,1,"1"
5586.4670730345852,178733,6174,1,"1"
5591.1706128653896,178715,6192,1,"1"
5591.512611436684,178697,6210,1,"1"
5599.1660200632959,178692,6215,1,"1"
5600.5367402855345,178676,6231,2,"1-1"
5603.7901458940578,178658,6249,1,"1"
5640.0937175026856,178646,6261,1,"1"
5649.8941183147253,178610,6297,2,"2"
5662.1555070826762,178592,6315,1,"1"
5662.5924527985044,178574,6333,1,"1"
5663.1620085104751,178562,6345,1,"1"
5663.1747863827268,178544,6363,1,"1"
5667.1367913944096,178526,6381,1,"1"
5685.9872834539719,178423,6484,13,"3-3-2-1-1-1-1-1"
5700.0380308520198,178413,6494,1,"1"
5705.0686464859928,178403,6504,2,"2"
5708.1754608274423,178385,6522,1,"1"
5716.9295028480065,178367,6540,1,"1"
5726.1298956926785,178340,6567,3,"2-1"
5732.2231516783031,178322,6585,1,"1"
5736.2737171583867,178304,6603,1,"1"
5737.8766307422857,178286,6621,1,"1"
5748.5628582149857,178276,6631,1,"1"
5754.0812787360737,178254,6653,2,"1-1"
5755.1579106138979,178236,6671,1,"1"
5759.0552955270714,178218,6689,1,"1"
5765.5367716609944,178120,6787,7,"2-2-1-1-1"
5773.1248835282877,178074,6833,3,"2-1"
5775.4668686635596,178056,6851,1,"1"
5781.1165883845006,178038,6869,1,"1"
5799.1727593024543,178020,6887,1,"1"
5811.9986755244599,177990,6917,2,"1-1"
5823.6945194073769,177940,6967,5,"4-1"
5825.0387099298159,177922,6985,1,"1"
5832.5669525581106,177904,7003,1,"1"
5836.4588020862293,177886,7021,1,"1"
5849.2480289371215,177865,7042,3,"3"
5850.0098619541259,177847,7060,1,"1"
5850.7162214804475,177805,7102,3,"2-1"
5859.7048525489026,177783,7124,2,"2"
5875.760332894125,177753,7154,3,"3"
5877.6356602764672,177717,7190,2,"1-1"
5880.5536730166041,177712,7195,1,"1"
5884.1683257893092,177690,7217,2,"1-1"
5886.8465071260844,177680,7227,2,"2"
5887.9438597990447,177664,7243,1,"1"
5889.2764514425626,177646,7261,1,"1"
5901.8012550106405,177628,7279,1,"1"
5924.0158699298763,177503,7404,15,"3-3-2-2-1-1-1-1-1"
5927.8787334111239,177485,7422,1,"1"
5939.6669123283809,177467,7440,1,"1"
5942.0489564889949,177449,7458,1,"1"
5948.8230741018469,177431,7476,1,"1"
5949.6399958975044,177413,7494,1,"1"
5954.9364370617786,177408,7499,1,"1"
5965.8303794389376,177399,7508,1,"1"
5973.9837378082675,177381,7526,1,"1"
5976.2756274791545,177368,7539,1,"1"
5980.2856761307066,177350,7557,1,"1"
5981.3533028595139,177320,7587,2,"2"
6000.3706703368298,177300,7607,2,"2"
6000.9643668716099,177284,7623,1,"1"
6004.4094429657107,177279,7628,1,"1"
6010.3692972211684,177261,7646,1,"1"
6010.4109991671821,177243,7664,1,"1"
6032.7202008517897,177225,7682,2,"2"
6033.5911319904617,177207,7700,1,"1"
6047.0327856517169,177202,7705,1,"1"
6059.8216777466596,177184,7723,1,"1"
6064.8175289617648,177166,7741,1,"1"
6087.7398266931605,177139,7768,3,"2-1"
6087.946417003227,177116,7791,3,"3"
6096.9003763839191,177098,7809,1,"1"
6108.0709530301074,177080,7827,1,"1"
6112.1987758342621,177026,7881,4,"2-2"
6128.3855804687228,177014,7893,1,"1"
6131.3692369976352,177005,7902,1,"1"
6140.923824399325,176996,7911,1,"1"
6141.0144366658069,176913,7994,9,"4-1-1-1-1-1"
6143.7165388643452,176877,8030,2,"1-1"
6144.1722987157773,176863,8044,1,"1"
6146.5187135049473,176853,8054,1,"1"
6146.6199559555844,176817,8090,2,"1-1"
6149.7793853700887,176799,8108,1,"1"
6152.7492447247241,176750,8157,5,"2-1-1-1"
6180.7397890070042,176740,8167,1,"1"
6183.6876952852563,176692,8215,3,"3"
6185.5756563165405,176674,8233,1,"1"
6193.9895682488268,176634,8273,3,"2-1"
6210.884337910883,176616,8291,1,"1"
6212.8695524973427,176574,8333,4,"3-1"
6219.8848815321944,176562,8345,1,"1"
6240.2361601385028,176544,8363,1,"1"
6259.5350595936061,176526,8381,1,"1"
6259.7168027954103,176508,8399,1,"1"
6261.5395726280522,176498,8409,1,"1"
6314.1136930323046,176489,8418,1,"1"
6314.6378076745323,176475,8432,1,"1"
6323.4329997971399,176462,8445,1,"1"
6325.8282625636584,176444,8463,1,"1"
6326.8273904685093,176426,8481,1,"1"
6328.5770695523379,176408,8499,1,"1"
6329.8289676513941,176390,8517,1,"1"
6333.1831898600994,176383,8524,1,"1"
6347.5012366634064,176365,8542,2,"2"
6348.0706597232074,176340,8567,3,"2-1"
6348.4983527417198,176322,8585,1,"1"
6378.3035884593892,176304,8603,1,"1"
6399.6413564412433,176286,8621,1,"1"
6414.9757296957423,176281,8626,1,"1"
6417.4585080117467,176263,8644,1,"1"
6433.5525105291727,176247,8660,2,"2"
6439.2890263635109,176229,8678,1,"1"
6458.6763155820126,176211,8696,1,"1"
6472.7369033958585,176193,8714,1,"1"
6501.6356027486909,176175,8732,1,"1"
6523.2052794714818,176059,8848,9,"3-3-1-1-1"
6527.4973143807592,176023,8884,3,"2-1"
6527.796547466125,175992,8915,3,"3"
6532.4419775982205,175905,9002,6,"4-1-1"
6535.235170253236,175887,9020,1,"1"
6541.6948604653126,175745,9162,11,"4-2-2-1-1-1"
6552.858861003212,175736,9171,1,"1"
6560.5117215268856,175731,9176,1,"1"
6568.5875254202974,175722,9185,1,"1"
6571.9295135269094,175704,9203,1,"1"
6583.8646435355422,175650,9257,3,"3"
6609.8614558728486,175632,9275,1,"1"
6614.2752462778926,175614,9293,1,"1"
6615.3317904175783,175596,9311,1,"1"
6617.6067902189416,174942,9965,50,"9-3-3-3-2-2-2-2-2-2-2-2-2-2-1-1-1-1-1-1-1-1-1-1-1-1"
6622.2974581913177,174924,9983,1,"1"
6625.7005716164304,174856,10051,5,"1-1-1-1-1"
6627.854336317555,174784,10123,4,"4"
6634.8720873627262,174766,10141,1,"1"
6638.1555311930251,174748,10159,1,"1"
6641.7930483253604,174730,10177,1,"1"
6645.8654397260498,173822,11085,70,"6-6-5-5-3-3-3-2-2-2-2-2-2-2-2-2-2-1-1-1-1-1-1-1-1-1-1-1-1-1-1-1-1-1-1-1"
6650.9310867640415,173811,11096,1,"1"
6659.0139181432396,173793,11114,1,"1"
6679.5228701768856,173763,11144,2,"2"
6680.9096767900819,173727,11180,2,"1-1"
6688.559908275005,173682,11225,5,"5"
6690.4775254127881,173664,11243,1,"1"
6695.514593361655,173646,11261,1,"1"
6713.8433958591095,173628,11279,1,"1"
6719.2760909103481,173610,11297,1,"1"
6725.1913459533444,173566,11341,4,"2-2"
6725.7477901219918,173530,11377,2,"2"
6728.6772072438553,173518,11389,1,"1"
6744.4305486502381,173500,11407,1,"1"
6745.3754822175351,0,184907,9795,"9795"
----------------------------------------------3
0,184907,0,0,"0"
226.95186549775269,184904,3,1,"1"
249.05555663196219,184903,4,1,"1"
334.93746224136976,184902,5,1,"1"
383.75017556796996,184901,6,1,"1"
449.58454983379414,184883,24,1,"1"
458.05746495408096,184865,42,1,"1"
479.09787436431139,184863,44,2,"1-1"
484.94591700410126,184845,62,1,"1"
490.73590381201899,184844,63,1,"1"
525.16663378747307,184843,64,1,"1"
559.13025836414533,184842,65,1,"1"
569.50392659705938,184841,66,1,"1"
580.35694625628184,184840,67,1,"1"
594.52402437998512,184839,68,1,"1"
598.82079532803436,184838,69,1,"1"
608.59605118543652,184837,70,1,"1"
624.68305582793278,184819,88,1,"1"
635.37828995237862,184817,90,2,"1-1"
641.40782615955436,184811,96,2,"2"
644.63379140766267,184808,99,3,"3"
672.46668672550163,184798,109,1,"1"
683.00730815988697,184797,110,1,"1"
690.67318762727643,184796,111,1,"1"
699.7207518286375,184795,112,1,"1"
718.4302716036633,184785,122,1,"1"
730.27121007683036,184784,123,1,"1"
749.48656839895136,184783,124,1,"1"
755.9321305864022,184781,126,2,"2"
777.55187620008894,184763,144,1,"1"
778.7579578931452,184762,145,1,"1"
787.71267903603052,184760,147,2,"2"
790.03502697521594,184757,150,1,"1"
793.19573120202415,184739,168,1,"1"
795.25785504918963,184738,169,1,"1"
843.93217226684533,184737,170,1,"1"
858.57976034228341,184736,171,1,"1"
859.84664710775394,184735,172,1,"1"
860.32526420089096,184734,173,1,"1"
871.65450300411692,184732,175,2,"1-1"
875.84212753878296,184731,176,1,"1"
878.07537025505701,184728,179,1,"1"
891.46207656423201,184710,197,1,"1"
905.69940792981674,184705,202,1,"1"
906.82988914622103,184704,203,1,"1"
910.30411170815489,184699,208,3,"1-1-1"
961.27481234753418,184681,226,1,"1"
994.32805775113218,184673,234,2,"1-1"
1003.354805702393,184672,235,1,"1"
1081.4300984852578,184671,236,1,"1"
1094.1205082687732,184670,237,1,"1"
1094.5063720987705,184669,238,1,"1"
1097.3192479905945,184668,239,1,"1"
1112.2313986970446,184667,240,1,"1"
1115.8742832054827,184666,241,1,"1"
1122.6623279052774,184648,259,1,"1"
1153.7739909792326,184645,262,3,"3"
1180.9320037882089,184644,263,1,"1"
1185.3734555045839,184643,264,1,"1"
1189.89861086367,184640,267,1,"1"
1202.2278964542888,184629,278,1,"1"
1208.2072265856571,184628,279,1,"1"
1212.3900672548352,184627,280,1,"1"
1227.1496035630837,184626,281,1,"1"
1228.4481991261177,184625,282,1,"1"
1238.2438212741959,184624,283,1,"1"
1249.3691584471565,184621,286,1,"1"
1255.8506907580584,184620,287,1,"1"
1262.1485045872637,184619,288,1,"1"
1263.3944763800641,184618,289,1,"1"
1296.0477905458388,184600,307,1,"1"
1328.5323225198995,184582,325,1,"1"
1336.5614968300279,184573,334,5,"5"
1336.806778570507,184572,335,1,"1"
1345.6438430894059,184571,336,1,"1"
1387.5112664838191,184570,337,1,"1"
1390.866895035045,184567,340,1,"1"
1406.6569503239066,184566,341,1,"1"
1417.5941293441856,184565,342,1,"1"
1421.5209941728037,184564,343,1,"1"
1429.5820700714953,184563,344,1,"1"
1475.5602593648864,184558,349,1,"1"
1480.5780682779973,184553,354,1,"1"
1491.1710531687968,184533,374,2,"1-1"
1507.8107718936014,184532,375,1,"1"
1537.2291566693452,184531,376,1,"1"
1539.4696624623825,184530,377,1,"1"
1544.551033892744,184527,380,1,"1"
1556.8252145308454,184491,416,2,"2"
1564.8357863696174,184490,417,1,"1"
1574.6486218070943,184475,432,1,"1"
1576.1985560748974,184470,437,1,"1"
1597.8781289909941,184469,438,1,"1"
1640.064774109906,184451,456,1,"1"
1642.6566409877737,184449,458,2,"2"
1651.4210974034274,184448,459,1,"1"
1653.8407277548538,184446,461,2,"2"
1655.0424307738062,184443,464,1,"1"
1656.9130943589082,184432,475,1,"1"
1658.796842607245,184419,488,5,"4-1"
1682.3352781013241,184418,489,1,"1"
1698.9966621114856,184400,507,1,"1"
1705.8526357242617,184399,508,1,"1"
1711.6007483074102,184397,510,2,"2"
1723.6234454611572,184379,528,1,"1"
1732.8652837247107,184376,531,3,"2-1"
1742.3116433142145,184373,534,1,"1"
1744.2707265253036,184372,535,1,"1"
1762.281791984288,184371,536,1,"1"
1764.7836917383913,184353,554,1,"1"
1767.736073063274,184335,572,1,"1"
1776.291239599876,184317,590,1,"1"
1777.4223684926776,184316,591,1,"1"
1791.0754473238851,184294,613,2,"2"
1817.0501536500203,184276,631,1,"1"
1821.7816243508025,184274,633,2,"2"
1832.0079672016136,184256,651,1,"1"
1838.7890877592279,184252,655,4,"4"
1854.0751523608392,184251,656,1,"1"
1889.2670205868105,184241,666,4,"2-1-1"
1890.3391061860093,184238,669,3,"3"
1892.7402423129338,184237,670,1,"1"
1901.2294245508845,184219,688,1,"1"
1905.3545819336853,184209,698,1,"1"
1907.8869452499027,184195,712,1,"1"
1911.8196288366362,184192,715,1,"1"
1914.5606530610057,184174,733,1,"1"
1945.333729452778,184173,734,1,"1"
1966.5993144508759,184155,752,1,"1"
1969.3602224148349,184153,754,2,"2"
1989.4936204371422,184152,755,1,"1"
1992.5293958708805,184148,759,2,"2"
2006.9218113470561,184130,777,1,"1"
2043.6604557791177,184120,787,1,"1"
2046.2145103210883,184116,791,2,"2"
2047.8768473037433,184104,803,1,"1"
2070.0347272140484,184103,804,1,"1"
2075.9323190331884,184100,807,1,"1"
2095.9433237178473,184082,825,1,"1"
2098.7141968619535,184070,837,1,"1"
2099.7972933839551,184067,840,1,"1"
2136.4458623875466,184049,858,1,"1"
2155.4294891678587,184048,859,1,"1"
2179.7830696634851,184046,861,2,"2"
2196.7439652739358,184045,862,1,"1"
2197.9003052900534,184044,863,1,"1"
2208.0361640945735,184026,881,1,"1"
2227.9644307187596,184019,888,1,"1"
2228.2633224676788,184001,906,6,"3-2-1"
2230.9010786813083,183983,924,1,"1"
2248.7051085671255,183974,933,1,"1"
2265.9347334010386,183973,934,1,"1"
2274.3306708492228,183968,939,1,"1"
2276.6712677881333,183963,944,1,"1"
2279.8014673105249,183961,946,2,"2"
2301.4786336270258,183955,952,2,"2"
2316.1914140051917,183937,970,1,"1"
2327.0112820283757,183923,984,1,"1"
2333.8911115780279,183913,994,2,"1-1"
2338.7004183243189,183895,1012,1,"1"
2340.9933676149599,183858,1049,7,"3-2-1-1"
2373.8665423893444,183855,1052,1,"1"
2379.3870960131467,183843,1064,1,"1"
2401.1308821268103,183831,1076,1,"1"
2409.0849355258147,183813,1094,1,"1"
2410.8381453726761,183795,1112,1,"1"
2425.2550071060323,183792,1115,1,"1"
2487.6899894172097,183774,1133,1,"1"
2504.890494766551,183756,1151,1,"1"
2526.7128224326261,183746,1161,1,"1"
2529.8243908249124,183728,1179,1,"1"
2531.5231353674972,183710,1197,1,"1"
2541.2643917872201,183692,1215,1,"1"
2565.4357926408625,183638,1269,3,"3"
2577.7497626070995,183617,1290,3,"2-1"
2584.788443465342,183599,1308,1,"1"
2593.907751882839,183565,1342,2,"2"
2595.520107101433,183564,1343,1,"1"
2616.9173119919051,183559,1348,1,"1"
2619.4152742100391,183556,1351,1,"1"
2639.9589973680345,183551,1356,1,"1"
2657.2423742938736,183544,1363,1,"1"
2688.2582003832799,183526,1381,1,"1"
2771.3342018442409,183521,1386,1,"1"
2787.288343488081,183516,1391,1,"1"
2791.0678876294792,183504,1403,1,"1"
2791.5424295385419,183486,1421,1,"1"
2814.0376896751886,183483,1424,1,"1"
2828.5515011443354,183465,1442,1,"1"
2841.3091358107795,183464,1443,1,"1"
2841.3693877183132,183446,1461,1,"1"
2862.5834672535029,183441,1466,1,"1"
2883.0334144180492,183423,1484,1,"1"
2928.315292426757,183422,1485,1,"1"
2929.224490707436,183415,1492,1,"1"
2935.0541042691311,183387,1520,2,"1-1"
2964.193265577358,183378,1529,3,"2-1"
2978.2783799792755,183365,1542,1,"1"
3023.3650345210867,183347,1560,1,"1"
3035.473575381176,183341,1566,2,"1-1"
3038.0889500683588,183323,1584,1,"1"
3049.09989595044,183309,1598,1,"1"
3052.4949295340039,183303,1604,2,"2"
3068.3071589030346,183285,1622,1,"1"
3110.9475541071674,183276,1631,3,"3"
3115.2012778920403,183258,1649,1,"1"
3127.933055618244,183247,1660,1,"1"
3147.0518070740395,183229,1678,1,"1"
3157.8590662671472,183211,1696,1,"1"
3163.5509241992436,183208,1699,1,"1"
3187.5380617741503,183203,1704,1,"1"
3202.1044778531495,183191,1716,1,"1"
3216.355515131319,183173,1734,1,"1"
3217.1170557891737,183155,1752,1,"1"
3230.9451357566477,183150,1757,1,"1"
3240.4262360448283,183132,1775,1,"1"
3241.3389562442758,183114,1793,1,"1"
3248.3318806494453,183107,1800,1,"1"
3259.4090714652466,183079,1828,2,"2"
3278.3254329972692,183074,1833,1,"1"
3299.2429032120131,183056,1851,1,"1"
3302.691142642705,183020,1887,2,"1-1"
3330.6985402662399,183015,1892,1,"1"
3330.9013920533121,182997,1910,1,"1"
3345.3720238099877,182992,1915,1,"1"
3347.9544200461555,182987,1920,1,"1"
3372.0311192125114,182980,1927,1,"1"
3385.8377780635205,182962,1945,1,"1"
3411.7612426413675,182944,1963,1,"1"
3415.4814213274681,182932,1975,1,"1"
3415.7532268588648,182914,1993,1,"1"
3416.4709953318361,182896,2011,1,"1"
3423.0042581143266,182891,2016,1,"1"
3452.2451686437189,182873,2034,1,"1"
3475.0090982402294,182863,2044,1,"1"
3498.2577650153376,182845,2062,1,"1"
3529.9855399795524,182827,2080,1,"1"
3533.6430105501631,182822,2085,1,"1"
3537.120152291569,182815,2092,1,"1"
3552.8893253504052,182797,2110,1,"1"
3563.1197322970584,182775,2132,4,"3-1"
3585.1098162785856,182757,2150,1,"1"
3587.351724873311,182739,2168,1,"1"
3590.3939628441944,182721,2186,1,"1"
3594.16216841183,182718,2189,1,"1"
3620.4100240305947,182705,2202,1,"1"
3620.9846686284764,182687,2220,1,"1"
3625.2682120479399,182669,2238,1,"1"
3645.2725314499867,182651,2256,1,"1"
3671.8503647455773,182633,2274,1,"1"
3684.0977996586344,182615,2292,1,"1"
3690.7496459251006,182597,2310,1,"1"
3698.0088291207098,182579,2328,1,"1"
3699.9569093525206,182561,2346,1,"1"
3705.1663430245717,182556,2351,1,"1"
3709.5980490205579,182538,2369,1,"1"
3731.1505668218729,182533,2374,1,"1"
3737.9983653908325,182528,2379,1,"1"
3741.5136229792156,182523,2384,1,"1"
3745.774346292083,182505,2402,1,"1"
3753.2277394675998,182487,2420,1,"1"
3771.9895488468401,182484,2423,1,"1"
3776.3115299651145,182466,2441,1,"1"
3777.8591112968966,182461,2446,1,"1"
3784.375656259951,182455,2452,2,"2"
3791.0222726891056,182437,2470,1,"1"
3802.1302719629116,182421,2486,1,"1"
3813.1187767361635,182418,2489,1,"1"
3844.0882782795775,182376,2531,3,"2-1"
3848.2841001356319,182358,2549,1,"1"
3848.8427769058972,182340,2567,1,"1"
3871.3901550735582,182335,2572,1,"1"
3891.4396967643424,182320,2587,3,"2-1"
3897.7579169854494,182302,2605,1,"1"
3908.2962169795164,182297,2610,1,"1"
3911.5349565017927,182288,2619,3,"2-1"
3913.9281539026965,182270,2637,1,"1"
3916.6367670513487,182233,2674,3,"2-1"
3918.0412093717232,182223,2684,2,"2"
3932.6909971498894,182205,2702,1,"1"
3932.8496389753636,182187,2720,1,"1"
3957.3847198290373,182169,2738,1,"1"
3969.1475248311453,182161,2746,2,"1-1"
3973.5777507781386,182151,2756,1,"1"
3978.6088010321992,182133,2774,1,"1"
3992.5086123239339,182097,2810,3,"2-1"
3993.1157662959263,182082,2825,1,"1"
4008.3354941239386,182064,2843,1,"1"
4010.3414379072319,182061,2846,1,"1"
4016.5437897955626,182048,2859,1,"1"
4032.5897729578855,182045,2862,1,"1"
4033.9363881484342,182019,2888,2,"1-1"
4036.8097064994217,182001,2906,1,"1"
4044.1500672122811,181996,2911,1,"1"
4053.0399445756448,181993,2914,1,"1"
4054.1645255412996,181983,2924,2,"2"
4057.3735346781564,181965,2942,1,"1"
4074.1490827554389,181957,2950,2,"1-1"
4085.5593268086209,181939,2968,1,"1"
4101.2187042529094,181921,2986,1,"1"
4116.7263814939533,181916,2991,1,"1"
4120.2671429628899,181882,3025,3,"1-1-1"
4128.053179517231,181864,3043,1,"1"
4128.4615478208398,181856,3051,2,"1-1"
4129.0122309358039,181808,3099,4,"3-1"
4135.1933644907549,181790,3117,1,"1"
4140.3114009256733,181772,3135,1,"1"
4150.1017184581297,181742,3165,3,"2-1"
4151.3575932432141,181726,3181,1,"1"
4157.4383337368263,181708,3199,1,"1"
4160.4920308958135,181690,3217,1,"1"
4164.2985665919059,181680,3227,1,"1"
4172.3793658230943,181673,3234,1,"1"
4182.0481489954391,181658,3249,3,"1-1-1"
4195.6247033120062,181648,3259,1,"1"
4200.7331833820099,181594,3313,10,"5-3-2"
4244.7432850049063,181589,3318,1,"1"
4249.5971718788423,181571,3336,1,"1"
4252.1208268623586,181553,3354,1,"1"
4263.5534019185661,181541,3366,1,"1"
4267.6380305952925,181534,3373,1,"1"
4280.8019265403082,181524,3383,1,"1"
4298.0140973610778,181498,3409,2,"2"
4306.9388528896607,181480,3427,1,"1"
4312.4978482556062,181462,3445,1,"1"
4312.7095663914815,181444,3463,1,"1"
4313.4568791506372,181419,3488,3,"2-1"
4326.3191568913953,181401,3506,1,"1"
4336.4059811967463,181383,3524,1,"1"
4336.7163808637188,181365,3542,1,"1"
4344.5582663167952,181343,3564,2,"2"
4350.5752678710887,181325,3582,1,"1"
4359.1298686679438,181295,3612,2,"1-1"
4360.2911494399796,181277,3630,1,"1"
4368.8488476875782,181259,3648,1,"1"
4377.9467091211254,181245,3662,1,"1"
4404.0203966063591,181235,3672,1,"1"
4414.8360813154777,181230,3677,1,"1"
4416.2129638393335,181212,3695,1,"1"
4417.1806675902772,181202,3705,2,"2"
4422.6530387408666,181188,3719,1,"1"
4436.7368589519947,181170,3737,1,"1"
4449.7923581506757,181152,3755,1,"1"
4453.0441402376027,181138,3769,1,"1"
4472.1294764061749,181128,3779,1,"1"
4475.2087019092187,181125,3782,1,"1"
4479.6050084388435,181107,3800,1,"1"
4480.788101662607,181089,3818,1,"1"
4495.3727654032955,181071,3836,1,"1"
4515.0864956387722,181066,3841,1,"1"
4521.9482296570404,181050,3857,2,"2"
4526.73431919424,181032,3875,1,"1"
4540.7593215889956,181023,3884,1,"1"
4545.0471027080348,181013,3894,1,"1"
4565.354513463285,180995,3912,1,"1"
4572.2430234072053,180986,3921,1,"1"
4572.707236929381,180950,3957,2,"2"
4576.5722748192175,180915,3992,2,"2"
4581.3021723898373,180912,3995,1,"1"
4586.5953172672471,180894,4013,1,"1"
4591.107506369347,180876,4031,1,"1"
4596.0665686159373,180873,4034,1,"1"
4605.484039789274,180855,4052,1,"1"
4608.9385751214995,180837,4070,1,"1"
4613.4640072406528,180822,4085,1,"1"
4616.53609720646,180786,4121,2,"2"
4635.6109127464433,180770,4137,1,"1"
4640.3854922828095,180752,4155,1,"1"
4645.2820180986464,180734,4173,1,"1"
4650.4798021304332,180724,4183,1,"1"
4671.9813223527872,180688,4219,2,"2"
4673.5218381488312,180678,4229,1,"1"
4678.4696877071137,180637,4270,5,"5"
4690.9201719875664,180627,4280,1,"1"
4694.0673822778299,180622,4285,1,"1"
4701.3714516188675,180610,4297,1,"1"
4702.5863740763143,180583,4324,3,"2-1"
4704.3924932854861,180565,4342,1,"1"
4708.1365286703804,180553,4354,2,"2"
4725.2644118041862,180543,4364,1,"1"
4741.0721304029876,180525,4382,1,"1"
4743.0238646634498,180507,4400,1,"1"
4746.6113541236655,180489,4418,1,"1"
4752.8688099197998,180453,4454,2,"2"
4754.3429258982451,180435,4472,1,"1"
4768.5678668296623,180430,4477,1,"1"
4775.749603097921,180425,4482,1,"1"
4779.0595992066983,180407,4500,1,"1"
4782.1879318840056,180389,4518,1,"1"
4817.8000967525722,180379,4528,1,"1"
4825.6524759464946,180374,4533,1,"1"
4826.6299217181731,180356,4551,1,"1"
4836.0337536042316,180338,4569,1,"1"
4836.1805849126285,180333,4574,1,"1"
4839.1744595924365,180315,4592,1,"1"
4866.4766265510225,180280,4627,7,"5-1-1"
4934.9708901747217,180277,4630,1,"1"
4958.4750708368547,180241,4666,2,"2"
4966.59157479245,180223,4684,1,"1"
4989.3647746157649,180141,4766,6,"3-2-1"
5001.2574410359839,180097,4810,4,"1-1-1-1"
5026.7240806295813,180079,4828,1,"1"
5027.9810032869027,180061,4846,1,"1"
5037.7489505749818,180043,4864,1,"1"
5048.7780495787601,180033,4874,2,"2"
5053.6196820092391,180009,4898,2,"2"
5065.6449711762743,179920,4987,5,"4-1"
5068.019442434208,179910,4997,1,"1"
5069.5495938860995,179905,5002,1,"1"
5074.2680802080695,179887,5020,1,"1"
5081.0367614703791,179865,5042,4,"2-1-1"
5106.2886281942465,179847,5060,1,"1"
5139.0516743981689,179829,5078,1,"1"
5160.1603481935381,179821,5086,2,"2"
5163.1699874935448,179803,5104,1,"1"
5168.0791836407188,179792,5115,1,"1"
5188.9859007651248,179774,5133,1,"1"
5189.70697619769,179756,5151,1,"1"
5193.8375266518688,179738,5169,1,"1"
5196.7923071744208,179702,5205,2,"2"
5199.1162473360146,179690,5217,1,"1"
5206.332340090682,179657,5250,5,"3-1-1"
5232.060794482958,179639,5268,1,"1"
5235.95089003875,179611,5296,2,"1-1"
5244.0790578203496,179575,5332,2,"1-1"
5246.7317035669421,179536,5371,5,"3-2"
5251.9795878148743,179531,5376,1,"1"
5274.7153927000072,179521,5386,2,"2"
5283.3269822659886,179505,5402,2,"1-1"
5290.8906986419815,179498,5409,1,"1"
5295.6876216830078,179458,5449,4,"2-1-1"
5297.2575456278846,179440,5467,1,"1"
5306.6292682053527,179431,5476,1,"1"
5311.9386271645726,179413,5494,1,"1"
5313.0845733134083,179395,5512,1,"1"
5320.5725894544785,179371,5536,2,"2"
5356.6920396049009,179353,5554,1,"1"
5361.0219833596557,179335,5572,1,"1"
5364.7464233782111,179321,5586,2,"2"
5365.3608522569966,179303,5604,1,"1"
5365.5366129638114,179285,5622,1,"1"
5377.0474745054089,179267,5640,1,"1"
5388.3332232044313,179249,5658,1,"1"
5392.2039327456132,179213,5694,2,"2"
5410.5664048446588,179190,5717,3,"1-1-1"
5417.791425124371,179168,5739,2,"2"
5419.7030972675211,179150,5757,1,"1"
5422.376998104558,179134,5773,1,"1"
5424.6119500095238,179106,5801,2,"2"
5425.967570274729,179096,5811,1,"1"
5448.6698889428835,179066,5841,2,"1-1"
5469.3764458129435,179048,5859,1,"1"
5474.1729004999761,179030,5877,1,"1"
5476.0762587323416,179025,5882,1,"1"
5482.451543396528,179018,5889,1,"1"
5486.627498369442,179004,5903,2,"1-1"
5497.6775066643477,179001,5906,1,"1"
5501.0885684239702,178991,5916,1,"1"
5527.9702697454495,178986,5921,1,"1"
5531.4013537156643,178974,5933,2,"1-1"
5542.2073878824067,178969,5938,1,"1"
5547.1290372923395,178951,5956,1,"1"
5550.1268868329489,178933,5974,1,"1"
5551.0436480166736,178915,5992,1,"1"
5553.1288149292841,178897,6010,1,"1"
5555.255974996132,178879,6028,1,"1"
5561.7558531880368,178874,6033,1,"1"
5563.3654252914184,178856,6051,1,"1"
5589.4414751682707,178838,6069,1,"1"
5592.5465366672734,178800,6107,3,"1-1-1"
5594.3791084126533,178795,6112,1,"1"
5604.1459987721664,178759,6148,3,"2-1"
5608.2511672543724,178741,6166,1,"1"
5613.1515326440276,178731,6176,1,"1"
5613.2396562565273,178698,6209,3,"3"
5615.0303484221449,178680,6227,1,"1"
5623.9911300879012,178662,6245,1,"1"
5632.9682278868468,178659,6248,1,"1"
5635.1038204160577,178633,6274,2,"2"
5650.8994603339115,178597,6310,2,"2"
5665.1044811009742,178577,6330,2,"1-1"
5678.3460140065972,178559,6348,1,"1"
5684.145137318681,178541,6366,1,"1"
5686.6332216473129,178523,6384,1,"1"
5696.4253421580925,178505,6402,1,"1"
5719.1769119450219,178470,6437,3,"2-1"
5736.2502805590448,178452,6455,1,"1"
5751.6516962709038,178434,6473,1,"1"
5752.1561601546664,178429,6478,1,"1"
5757.1019542643244,178411,6496,1,"1"
5763.8466578623575,178393,6514,1,"1"
5764.2570908284015,178388,6519,1,"1"
5765.6984909484272,178370,6537,1,"1"
5774.8696449738381,178352,6555,1,"1"
5776.5620114692683,178334,6573,1,"1"
5776.9158444468503,178316,6591,1,"1"
5788.8538353501508,178278,6629,3,"2-1"
5790.5559987189172,178260,6647,1,"1"
5797.3181553646464,178242,6665,1,"1"
5803.7862960272996,178188,6719,3,"2-1"
5828.3890031661085,178137,6770,5,"2-2-1"
5830.2716809468193,178101,6806,2,"1-1"
5836.2259440961434,178083,6824,1,"1"
5846.137420078293,178065,6842,1,"1"
5856.9225960865824,178047,6860,1,"1"
5863.6897156961277,178029,6878,1,"1"
5868.2423026497599,178015,6892,2,"2"
5873.1404936834906,177974,6933,5,"2-1-1-1"
5877.0287549009618,177938,6969,2,"2"
5885.9235993226484,177924,6983,2,"2"
5890.6836857723283,177906,7001,1,"1"
5892.3160838674348,177888,7019,1,"1"
5900.6999957112921,177852,7055,2,"1-1"
5907.5963631588938,177840,7067,1,"1"
5913.5467990688239,177822,7085,1,"1"
5916.8660740867545,177804,7103,1,"1"
5926.3450902085315,177770,7137,3,"2-1"
5969.1692642399003,177752,7155,1,"1"
6000.4706756840305,177708,7199,3,"1-1-1"
6016.6125942210947,177655,7252,7,"3-2-1-1"
6027.9629215953337,177565,7342,7,"4-2-1"
6029.5481680783587,177547,7360,1,"1"
6031.2656449613551,177538,7369,1,"1"
6033.8608316959453,177520,7387,1,"1"
6039.0577232066516,177502,7405,1,"1"
6041.7051775541122,177484,7423,1,"1"
6054.6012630173573,177466,7441,1,"1"
6068.6210053500463,177452,7455,1,"1"
6074.7875559898857,177407,7500,7,"2-1-1-1-1-1"
6083.4071279812952,177389,7518,1,"1"
6099.1609079364744,177379,7528,1,"1"
6099.4389203387509,177339,7568,3,"1-1-1"
6109.4912145163144,177330,7577,1,"1"
6112.2260318479593,177312,7595,1,"1"
6115.8182744417254,177294,7613,1,"1"
6115.951004052371,177270,7637,2,"1-1"
6121.3082718048727,177252,7655,1,"1"
6128.809206223782,177234,7673,1,"1"
6129.6600654572803,177229,7678,1,"1"
6134.5120578185715,177213,7694,2,"1-1"
6135.3700896165547,177195,7712,1,"1"
6135.5522094787693,177190,7717,1,"1"
6143.2944826619469,177172,7735,1,"1"
6163.7206456117528,177154,7753,1,"1"
6166.9955937907671,177138,7769,1,"1"
6169.2112689137439,177120,7787,1,"1"
6179.5872359349623,177102,7805,1,"1"
6181.9754985042036,177090,7817,1,"1"
6189.0553580015412,177072,7835,1,"1"
6189.4524238332533,176984,7923,8,"2-2-1-1-1-1"
6190.4101653187881,176966,7941,1,"1"
6198.6933391675348,176948,7959,1,"1"
6199.6196310278256,176930,7977,1,"1"
6207.5396111782993,176912,7995,1,"1"
6208.5688529455729,176876,8031,2,"1-1"
6212.6468834398538,176691,8216,23,"4-3-3-2-2-2-1-1-1-1-1-1-1"
6251.030713137151,176673,8234,1,"1"
6252.7624046679075,176619,8288,3,"2-1"
6264.5298919008283,176609,8298,1,"1"
6271.0034015979736,176535,8372,5,"5"
6287.9923205845262,176525,8382,1,"1"
6292.2748252216952,176507,8400,1,"1"
6303.1226530733975,176491,8416,2,"2"
6306.2060641821372,176473,8434,1,"1"
6311.3054047950773,176455,8452,1,"1"
6322.1042470705333,176437,8470,1,"1"
6323.1868431383964,176419,8488,1,"1"
6330.72659978297,176410,8497,1,"1"
6348.2896558465272,176380,8527,3,"2-1"
6356.3552095094501,176352,8555,3,"2-1"
6369.7177322574116,176305,8602,7,"2-2-1-1-1"
6371.3206668220446,176293,8614,2,"1-1"
6382.9041999370629,176257,8650,2,"1-1"
6398.0066263807857,176218,8689,3,"3"
6398.6936229628427,176200,8707,1,"1"
6401.6513248547644,176146,8761,3,"2-1"
6403.5742684465167,176072,8835,8,"2-1-1-1-1-1-1"
6412.209432713551,176067,8840,1,"1"
6419.3023083220714,176058,8849,1,"1"
6421.8137136569731,176040,8867,1,"1"
6425.5136017936475,176027,8880,1,"1"
6426.3978073255957,176009,8898,2,"2"
6429.0627009308218,175977,8930,2,"2"
6433.2101608826251,175959,8948,1,"1"
6441.8155164401805,175923,8984,2,"2"
6449.8301102536025,175905,9002,1,"1"
6459.0220191721928,175887,9020,1,"1"
6460.75001101406,175857,9050,2,"2"
6506.4185599502389,175839,9068,1,"1"
6512.737034981963,175821,9086,1,"1"
6514.1639167796502,175592,9315,16,"5-3-2-2-1-1-1-1"
6515.1976850005221,175566,9341,2,"2"
6515.9609065981886,175540,9367,2,"1-1"
6518.2305815861164,175522,9385,2,"2"
6524.1269568555472,175504,9403,1,"1"
6529.1398948488877,175486,9421,1,"1"
6555.6326478848387,175468,9439,1,"1"
6566.3207997202926,175450,9457,1,"1"
6567.98658581155,175432,9475,1,"1"
6578.9288713289579,175414,9493,1,"1"
6579.7015845558144,175396,9511,1,"1"
6594.9495425132573,175343,9564,5,"4-1"
6610.0195269506894,175325,9582,1,"1"
6610.8813431612189,175307,9600,1,"1"
6621.983653646711,175289,9618,1,"1"
6628.7605281088772,175237,9670,4,"4"
6637.6821769010476,175201,9706,2,"2"
6652.3437856230867,175183,9724,1,"1"
6654.8721673269174,175165,9742,1,"1"
6657.7433290148756,175147,9760,1,"1"
6657.8069217103321,175134,9773,1,"1"
6659.8357840701474,175116,9791,1,"1"
6668.1306392495708,175104,9803,2,"1-1"
6690.3213590330506,175066,9841,3,"1-1-1"
6693.5279202522015,175000,9907,5,"4-1"
6694.5187304843739,174982,9925,1,"1"
6699.9941561477508,174964,9943,1,"1"
6706.4206923509855,174946,9961,1,"1"
6710.1390246266155,174890,10017,4,"2-2"
6710.6098853755284,174876,10031,1,"1"
6711.8511111052621,174840,10067,2,"1-1"
6714.9985592532475,174822,10085,1,"1"
6717.6114058043313,174780,10127,3,"2-1"
6718.8399602813752,174762,10145,1,"1"
6733.4356290310297,174630,10277,10,"5-1-1-1-1-1"
6733.6146885935959,174621,10286,1,"1"
6734.0461376768308,174603,10304,1,"1"
6734.6103609181882,174567,10340,2,"2"
6742.7504389599626,174549,10358,1,"1"
6761.39001307132,174531,10376,1,"1"
6763.4661652810428,174513,10394,1,"1"
6768.4651992633871,174500,10407,1,"1"
6769.8875251557401,174487,10420,1,"1"
6771.4896159398877,174437,10470,5,"4-1"
6771.7250476281433,174401,10506,2,"2"
6772.0848444980156,174339,10568,5,"2-2-1"
6793.4079806187046,174321,10586,1,"1"
6806.1168292705697,174303,10604,1,"1"
6815.2553425959295,174283,10624,2,"2"
6815.9569631064369,174265,10642,1,"1"
6817.4765612772444,174247,10660,1,"1"
6826.3543497988494,174229,10678,1,"1"
6847.922526199226,174219,10688,2,"2"
6851.2455466983465,174191,10716,2,"2"
6853.9264530963374,173913,10994,30,"5-4-4-3-2-2-2-1-1-1-1-1-1-1-1"
6874.9648446333949,173887,11020,2,"2"
6878.1987678998412,173869,11038,1,"1"
6880.2262701739692,173858,11049,1,"1"
6889.9020960020771,173828,11079,2,"1-1"
6902.0898205604435,173792,11115,2,"1-1"
6912.334137292497,173774,11133,1,"1"
6918.1342449747872,173738,11169,2,"2"
6918.4930167896118,173733,11174,1,"1"
6922.4316084536531,173674,11233,5,"2-1-1-1"
6924.5970754116051,173656,11251,1,"1"
6932.6181316384282,173620,11287,3,"3"
6933.2717045565914,173609,11298,1,"1"
6936.2248090284575,173591,11316,1,"1"
6938.0923244409614,173555,11352,2,"2"
6943.8145475195242,173537,11370,1,"1"
6951.743966445516,173505,11402,2,"2"
6956.2842188077047,173387,11520,9,"3-2-2-2"
6960.202950235649,173369,11538,1,"1"
6964.3647412470091,173351,11556,1,"1"
6965.8234685889693,173338,11569,1,"1"
6978.1436542548863,173320,11587,1,"1"
6978.7662167007902,173295,11612,2,"2"
6985.8254634066652,173121,11786,13,"4-3-1-1-1-1-1-1"
6993.1233106123946,173067,11840,3,"2-1"
6994.8045801750604,173049,11858,1,"1"
6995.3962686463847,173032,11875,1,"1"
7001.0721271483308,173021,11886,1,"1"
7002.6649680070204,173003,11904,1,"1"
7004.6034055189311,172945,11962,5,"3-1-1"
7007.1604529480346,172927,11980,1,"1"
7016.7190419852805,172873,12034,3,"1-1-1"
7021.9082292242956,172855,12052,1,"1"
7022.0474847278365,172837,12070,1,"1"
7026.9252172026481,172819,12088,1,"1"
7039.0912857804042,172637,12270,12,"2-2-2-2-2-1-1"
7041.1037551926511,172601,12306,2,"2"
7048.9011728062324,172489,12418,12,"3-2-2-1-1-1-1-1"
7049.3825250209529,172480,12427,1,"1"
7050.5228449351707,172462,12445,2,"1-1"
7052.7581047981621,172444,12463,1,"1"
7053.4236009067945,172437,12470,1,"1"
7065.4254967126944,172371,12536,4,"2-1-1"
7068.8706811005259,172207,12700,15,"3-3-2-2-1-1-1-1-1"
7074.3841008399331,172189,12718,1,"1"
7074.6526819194269,172153,12754,2,"2"
7077.2578253568672,172143,12764,1,"1"
7083.4404575185017,172125,12782,1,"1"
7086.4965586747066,172113,12794,1,"1"
7088.9845602286496,172078,12829,3,"2-1"
7094.6934467141509,172050,12857,2,"2"
7098.5295387604374,172032,12875,1,"1"
7104.5348845857779,172014,12893,2,"2"
7120.4377718543228,171996,12911,1,"1"
7141.6543003280412,171960,12947,2,"2"
7158.454716708211,171942,12965,1,"1"
7162.1361829142043,171924,12983,1,"1"
7163.6942375184799,171906,13001,1,"1"
7168.4984547885388,171888,13019,1,"1"
7175.7148287935706,171870,13037,1,"1"
7190.3791338301153,171852,13055,1,"1"
7195.1561408059833,171840,13067,1,"1"
7209.1089684077433,171822,13085,1,"1"
7234.7696320960176,171804,13103,1,"1"
7239.5561655124502,171786,13121,1,"1"
7243.6078285100439,171777,13130,1,"1"
7249.4921476029458,171759,13148,1,"1"
7250.250665827074,171725,13182,2,"2"
7260.7226326806122,171705,13202,2,"2"
7267.451559330435,171633,13274,4,"3-1"
7268.1137609622847,171615,13292,1,"1"
7281.294603958514,0,184907,9669,"9669"
----------------------------------------------4
0,184907,0,0,"0"
60.757799128537826,184906,1,1,"1"
149.91241390036859,184905,2,1,"1"
214.33904980454577,184900,7,1,"1"
218.01334206656833,184899,8,1,"1"
347.89405423224349,184881,26,1,"1"
348.95522928806207,184880,27,1,"1"
352.49100673204737,184879,28,1,"1"
370.67494769915339,184878,29,1,"1"
373.45233256131183,184877,30,1,"1"
391.11082080275219,184867,40,1,"1"
432.11376787063688,184866,41,1,"1"
463.75515228617104,184865,42,1,"1"
479.3475544070015,184864,43,1,"1"
495.13359147131638,184863,44,1,"1"
550.20688865378565,184853,54,1,"1"
606.92411506285441,184852,55,1,"1"
617.89778257954265,184834,73,1,"1"
632.77477288695115,184816,91,1,"1"
654.1513460090755,184815,92,1,"1"
655.86180477962682,184797,110,1,"1"
659.23574569310313,184796,111,1,"1"
661.53678923519271,184795,112,1,"1"
691.38685393073217,184794,113,1,"1"
691.68246244762975,184793,114,1,"1"
694.89180251479138,184775,132,1,"1"
706.80301086150507,184774,133,1,"1"
709.64189847319074,184773,134,1,"1"
716.30934020584971,184772,135,1,"1"
740.91833896345622,184763,144,1,"1"
745.42874503239432,184762,145,1,"1"
767.29346697524977,184761,146,1,"1"
769.30889975907155,184760,147,1,"1"
789.17501407643431,184759,148,1,"1"
798.33252003837129,184758,149,1,"1"
799.03736803471031,184748,159,1,"1"
804.43820915775746,184743,164,1,"1"
809.01381734280096,184742,165,1,"1"
812.19968508228965,184724,183,1,"1"
826.10348125016685,184723,184,1,"1"
850.63792065215011,184722,185,1,"1"
855.8981187656201,184721,186,1,"1"
881.24167316775743,184719,188,2,"1-1"
885.22456311449935,184701,206,1,"1"
902.63904452470274,184700,207,1,"1"
940.16004836074944,184699,208,1,"1"
977.50677796839329,184696,211,1,"1"
992.37210171804304,184691,216,1,"1"
993.29383922619195,184690,217,1,"1"
1004.2438491166968,184687,220,1,"1"
1062.5456576492318,184673,234,1,"1"
1067.1091242453547,184655,252,1,"1"
1068.2494869940899,184654,253,1,"1"
1078.0717561423928,184636,271,1,"1"
1127.5517478128256,184631,276,1,"1"
1155.7995451409843,184613,294,1,"1"
1157.4546379252934,184595,312,1,"1"
1162.0609571742837,184577,330,1,"1"
1171.4133151863091,184574,333,1,"1"
1176.737508627411,184571,336,1,"1"
1177.7862756937427,184553,354,1,"1"
1187.6904358515719,184551,356,2,"2"
1192.2661198887508,184533,374,1,"1"
1195.6604533024804,184532,375,1,"1"
1196.3735803858524,184531,376,1,"1"
1216.5463580042617,184528,379,1,"1"
1223.9498538404594,184516,391,1,"1"
1228.6749392986517,184515,392,1,"1"
1239.17629935172,184514,393,1,"1"
1245.1850765205218,184512,395,2,"2"
1260.6839479566945,184511,396,1,"1"
1266.6150081093879,184510,397,1,"1"
1273.6711384917178,184492,415,1,"1"
1275.0084286710651,184490,417,2,"2"
1298.60927153787,184485,422,1,"1"
1314.7503228495336,184483,424,2,"2"
1378.7779485228107,184471,436,1,"1"
1391.1155735732164,184453,454,1,"1"
1399.6026035906355,184451,456,2,"2"
1414.0893839133976,184450,457,1,"1"
1437.0769888726481,184449,458,1,"1"
1449.3089124249223,184447,460,2,"2"
1456.4681667936945,184444,463,3,"2-1"
1458.1914213913021,184443,464,1,"1"
1494.1450520827495,184441,466,2,"1-1"
1518.9234828642088,184440,467,1,"1"
1530.9474181585606,184428,479,1,"1"
1533.8574885891371,184427,480,1,"1"
1562.7976035552847,184422,485,1,"1"
1588.4347733674983,184421,486,1,"1"
1589.5183724276221,184419,488,2,"2"
1643.5102978159086,184417,490,2,"2"
1659.0901787087751,184415,492,2,"2"
1662.1558635731783,184409,498,2,"2"
1665.4628268557117,184399,508,1,"1"
1666.7066325415756,184395,512,2,"1-1"
1671.9560632663924,184385,522,2,"1-1"
1683.9130913445815,184375,532,1,"1"
1683.9607538926696,184374,533,1,"1"
1685.2884729514519,184371,536,3,"2-1"
1693.8691424968461,184369,538,2,"2"
1694.1680621818437,184368,539,1,"1"
1722.7683588331859,184350,557,1,"1"
1735.5473058783816,184347,560,3,"3"
1755.8877011524835,184337,570,1,"1"
1761.4451772969901,184336,571,1,"1"
1771.003076585042,184328,579,2,"1-1"
1781.8326603813689,184323,584,1,"1"
1792.9271534064237,184310,597,1,"1"
1798.84670983158,184292,615,1,"1"
1800.535860407158,184280,627,1,"1"
1801.5426700381788,184270,637,1,"1"
1805.5517039953261,184268,639,2,"1-1"
1827.8288435764571,184250,657,1,"1"
1828.5553017022385,184248,659,2,"2"
1849.4689552402854,184243,664,3,"2-1"
1854.6726482643521,184241,666,2,"2"
1860.9753793870368,184223,684,1,"1"
1874.9119696734865,184205,702,1,"1"
1885.998243440124,184187,720,1,"1"
1888.0024305824804,184181,726,2,"1-1"
1892.300145300436,184179,728,2,"2"
1912.5154423908248,184174,733,1,"1"
1928.8092090834621,184171,736,1,"1"
1934.4639231146389,184169,738,2,"2"
1935.0427144035032,184151,756,1,"1"
1948.4188248158075,184149,758,2,"1-1"
1965.0517211323327,184148,759,1,"1"
2000.4165594551316,184147,760,1,"1"
2023.5881481782974,184146,761,1,"1"
2032.1160562011294,184145,762,1,"1"
2042.6724271738387,184144,763,1,"1"
2045.6637120560479,184139,768,1,"1"
2079.603839847322,184138,769,1,"1"
2092.6554131258968,184137,770,1,"1"
2101.4335392533349,184136,771,1,"1"
2107.2030980972982,184135,772,1,"1"
2115.2340148612407,184134,773,1,"1"
2137.5662905414038,184133,774,1,"1"
2142.9309092592071,184132,775,1,"1"
2144.1321957535392,184131,776,1,"1"
2154.4233941848961,184127,780,2,"1-1"
2169.3893938726537,184109,798,1,"1"
2176.4301463777551,184073,834,2,"1-1"
2176.6557084014162,184063,844,1,"1"
2189.780765765081,184058,849,3,"2-1"
2199.522042312562,184040,867,1,"1"
2202.3038574860589,184022,885,1,"1"
2208.6783192208213,184012,895,1,"1"
2210.2839847339096,183988,919,2,"2"
2211.6284070881838,183987,920,1,"1"
2218.5998555768788,183981,926,4,"2-1-1"
2231.4892148115305,183980,927,1,"1"
2238.1518366151417,183979,928,1,"1"
2256.0217211171675,183978,929,1,"1"
2281.9759150332711,183971,936,3,"2-1"
2290.0267962668422,183969,938,2,"2"
2322.3931255962343,183959,948,1,"1"
2346.2024702005178,183941,966,1,"1"
2373.2871263535822,183929,978,1,"1"
2375.0734089000011,183920,987,3,"3"
2382.7945360189005,183917,990,1,"1"
2409.7028081754956,183914,993,1,"1"
2416.0338858029645,183909,998,1,"1"
2426.269308292281,183906,1001,1,"1"
2440.0773080561225,183888,1019,1,"1"
2443.8366178985293,183885,1022,1,"1"
2447.6583158975927,183867,1040,1,"1"
2473.9887318913529,183849,1058,1,"1"
2474.9526686524282,183777,1130,10,"5-3-1-1"
2501.4884968821484,183774,1133,1,"1"
2529.8973947313752,183756,1151,1,"1"
2551.3432036599975,183738,1169,1,"1"
2551.7154537007409,183720,1187,1,"1"
2571.1759157691254,183717,1190,1,"1"
2574.8870769842847,183714,1193,1,"1"
2625.5849094993787,183696,1211,1,"1"
2650.613672663203,183691,1216,1,"1"
2674.5307089917001,183673,1234,1,"1"
2692.0676875501144,183655,1252,1,"1"
2707.3856499516583,183652,1255,1,"1"
2725.3609011773315,183634,1273,1,"1"
2745.6386930075109,183616,1291,1,"1"
2766.7824541658001,183611,1296,1,"1"
2772.5208047457068,183593,1314,1,"1"
2775.0227970735573,183579,1328,1,"1"
2788.9750665762472,183564,1343,1,"1"
2790.0955281981705,183546,1361,1,"1"
2794.5253906296612,183528,1379,1,"1"
2806.8397170656435,183525,1382,1,"1"
2848.3427660262028,183507,1400,1,"1"
2864.431826323183,183506,1401,1,"1"
2887.0824415600746,183501,1406,1,"1"
2907.6965221503929,183498,1409,1,"1"
2945.9893422898717,183497,1410,1,"1"
2948.6618957473856,183488,1419,3,"3"
2958.694510435279,183470,1437,1,"1"
2967.1411817461762,183465,1442,1,"1"
3082.778711328499,183447,1460,1,"1"
3085.0208730960326,183429,1478,1,"1"
3099.8466122171981,183414,1493,1,"1"
3119.7098696739736,183402,1505,1,"1"
3132.851239676329,183384,1523,1,"1"
3151.7480544906289,183366,1541,1,"1"
3189.9713031509914,183348,1559,1,"1"
3194.1793899430004,183330,1577,1,"1"
3197.4402216295261,183312,1595,1,"1"
3200.046183222014,183294,1613,1,"1"
3208.1546710464427,183289,1618,1,"1"
3231.8166030763246,183271,1636,1,"1"
3268.1453705100243,183266,1641,1,"1"
3279.9977865494493,183248,1659,1,"1"
3309.8043664364868,183230,1677,1,"1"
3315.6909347037181,183212,1695,1,"1"
3321.3022468009203,183198,1709,1,"1"
3327.2410557538747,183193,1714,1,"1"
3339.2479626570012,183187,1720,2,"2"
3352.0421015174543,183169,1738,1,"1"
3361.0034266361695,183164,1743,1,"1"
3367.7785279723321,183159,1748,1,"1"
3386.410603731877,183151,1756,2,"2"
3395.040538644766,183146,1761,1,"1"
3417.6926716642702,183110,1797,2,"2"
3420.0858593364915,183098,1809,2,"2"
3420.7733338318799,183091,1816,1,"1"
3433.1566904996675,183080,1827,1,"1"
3437.2817346149777,183077,1830,1,"1"
3443.5726587328427,183074,1833,1,"1"
3448.6956694553587,183056,1851,1,"1"
3467.274713427506,183053,1854,1,"1"
3468.5353978755593,183048,1859,1,"1"
3486.3118676470481,183030,1877,1,"1"
3488.889967034951,183012,1895,1,"1"
3490.48387139634,183009,1898,1,"1"
3496.5567783609122,182999,1908,2,"2"
3516.7313254262149,182987,1920,1,"1"
3527.0971422917446,182969,1938,4,"2-1-1"
3548.8107302126655,182959,1948,1,"1"
3554.0984718839222,182941,1966,1,"1"
3560.6773838865761,182923,1984,1,"1"
3567.7394738819035,182915,1992,2,"1-1"
3611.2953596702341,182906,2001,3,"3"
3616.3730735457475,182886,2021,2,"2"
3620.7311319433879,182868,2039,1,"1"
3627.2353276862332,182850,2057,1,"1"
3647.3804120024784,182841,2066,1,"1"
3649.3043073088438,182834,2073,1,"1"
3671.0790185898431,182816,2091,1,"1"
3672.2700554785865,182813,2094,1,"1"
3682.1740010759868,182795,2112,1,"1"
3686.1156085210941,182777,2130,1,"1"
3696.0860383482309,182759,2148,1,"1"
3712.7094033874009,182741,2166,1,"1"
3715.156380697068,182727,2180,2,"2"
3728.0119440069775,182715,2192,1,"1"
3731.6629227587187,182695,2212,2,"1-1"
3732.6274726331199,182692,2215,1,"1"
3739.1019565743704,182682,2225,2,"2"
3747.9097239597263,182679,2228,1,"1"
3753.1437229780959,182661,2246,1,"1"
3807.2773568625917,182633,2274,2,"2"
3821.4750689629709,182623,2284,2,"2"
3858.0475562601268,182605,2302,1,"1"
3864.6232535097429,182587,2320,1,"1"
3873.761416290894,182572,2335,5,"4-1"
3895.6271519765291,182555,2352,1,"1"
3896.0522494033453,182547,2360,2,"1-1"
3935.268336824462,182529,2378,1,"1"
3948.1288095629966,182518,2389,1,"1"
3953.4369553495471,182500,2407,1,"1"
3960.5722107442507,182482,2425,1,"1"
3963.8624418796562,182464,2443,1,"1"
4011.5224106335777,182454,2453,1,"1"
4019.3003544093267,182441,2466,1,"1"
4042.7748428364071,182414,2493,3,"3"
4048.0166284878305,182409,2498,1,"1"
4074.520541760276,182391,2516,1,"1"
4081.0180922492927,182386,2521,1,"1"
4097.0820839690296,182368,2539,1,"1"
4097.1098591462733,182350,2557,1,"1"
4105.6076427838088,182332,2575,1,"1"
4111.6429381769985,182320,2587,1,"1"
4116.7824981544218,182315,2592,1,"1"
4121.5535994456759,182297,2610,1,"1"
4126.6851755950665,182279,2628,1,"1"
4129.6181723666468,182265,2642,2,"2"
4136.7119572000183,182262,2645,1,"1"
4161.1487006006237,182259,2648,1,"1"
4169.0363239407361,182223,2684,2,"2"
4172.8486861540077,182205,2702,1,"1"
4180.5047327354905,182185,2722,4,"4"
4189.0516358132463,182167,2740,1,"1"
4189.3862658252019,182149,2758,1,"1"
4195.5697465114999,182131,2776,1,"1"
4199.9347745864361,182113,2794,1,"1"
4200.0777835238669,182077,2830,2,"2"
4200.6400069269912,182063,2844,1,"1"
4203.8380730052259,182045,2862,1,"1"
4208.7223588606385,182027,2880,1,"1"
4215.1161337775593,182022,2885,1,"1"
4215.6416977844856,182004,2903,1,"1"
4227.2006287540989,182001,2906,1,"1"
4227.4064747441707,181995,2912,2,"2"
4230.7699276873991,181971,2936,2,"2"
4235.261672189763,181964,2943,1,"1"
4236.056977500969,181946,2961,1,"1"
4243.450934783029,181930,2977,1,"1"
4265.3858036336651,181912,2995,1,"1"
4288.5965793337837,181894,3013,1,"1"
4295.0651277966117,181876,3031,1,"1"
4295.2457733976389,181870,3037,2,"2"
4311.3654452857718,181852,3055,1,"1"
4321.3638504318205,181832,3075,2,"1-1"
4346.8505637282406,181814,3093,1,"1"
4369.1392608014139,181796,3111,1,"1"
4371.6795268790747,181778,3129,1,"1"
4371.7227875184653,181760,3147,1,"1"
4376.8609265382875,181742,3165,1,"1"
4377.6296645765151,181724,3183,1,"1"
4382.4592710325087,181706,3201,1,"1"
4385.1568282797043,181688,3219,1,"1"
4388.0224185148827,181652,3255,2,"2"
4395.785799205597,181644,3263,2,"1-1"
4412.5456153202676,181635,3272,1,"1"
4424.6723601068034,181610,3297,3,"3"
4433.118289481793,181592,3315,1,"1"
4442.0984546518721,181574,3333,1,"1"
4446.8300571307745,181569,3338,1,"1"
4451.7583433950731,181551,3356,1,"1"
4478.3394820416652,181533,3374,1,"1"
4481.0432639790597,181519,3388,2,"2"
4525.3955393239612,181501,3406,1,"1"
4528.7161783206466,181483,3424,1,"1"
4548.1308382361303,181469,3438,1,"1"
4557.7579029296767,181461,3446,2,"1-1"
4558.3923735044173,181425,3482,2,"2"
4581.303277116037,181413,3494,2,"1-1"
4582.7694895081759,181403,3504,1,"1"
4591.5603126486367,181373,3534,3,"3"
4604.6855527889911,181355,3552,1,"1"
4609.6500415904047,181337,3570,1,"1"
4625.919715344342,181319,3588,1,"1"
4631.547984545663,181314,3593,1,"1"
4639.2840672284865,181297,3610,3,"3"
4639.7592598558313,181279,3628,1,"1"
4645.9848774604361,181261,3646,1,"1"
4646.3274789152856,181243,3664,1,"1"
4646.8632091367663,181225,3682,1,"1"
4649.1573035468082,181207,3700,1,"1"
4650.8935985762682,181202,3705,1,"1"
4652.7313681680498,181184,3723,1,"1"
4655.5561996029037,181166,3741,1,"1"
4655.8222885142104,181163,3744,1,"1"
4656.6686175039613,181145,3762,1,"1"
4657.10333908762,181127,3780,1,"1"
4667.2805154262451,181109,3798,1,"1"
4718.198080205214,181091,3816,1,"1"
4730.8776605389212,181073,3834,1,"1"
4743.9281277786313,180983,3924,5,"3-1-1"
4747.9631547103781,180965,3942,1,"1"
4768.9669536466845,180960,3947,1,"1"
4780.8704947156884,180942,3965,1,"1"
4786.9233570900096,180930,3977,1,"1"
4812.5423097257135,180902,4005,2,"2"
4824.3072276979328,180884,4023,2,"2"
4825.9251017176421,180866,4041,1,"1"
4833.9845800471276,180848,4059,1,"1"
4843.7984288679418,180812,4095,2,"1-1"
4848.0841485995761,180796,4111,2,"2"
4853.1814631823054,180778,4129,1,"1"
4863.1817911248527,180760,4147,1,"1"
4873.2041302134685,180744,4163,1,"1"
4875.8800270578804,180726,4181,1,"1"
4881.5919363570001,180708,4199,1,"1"
4902.1041753342643,180690,4217,1,"1"
4902.63923272378,180683,4224,1,"1"
4906.5266707783876,180665,4242,1,"1"
4918.0956621070654,180656,4251,1,"1"
4925.523713976283,180638,4269,1,"1"
4928.8799998278755,180620,4287,1,"1"
4937.0404039070227,180617,4290,1,"1"
4939.4078469508595,180600,4307,1,"1"
4940.3627855496488,180564,4343,2,"1-1"
4942.819102595151,180546,4361,1,"1"
4946.476696401829,180508,4399,3,"3"
4953.510831433674,180472,4435,2,"1-1"
4954.7802204296049,180469,4438,1,"1"
4959.9560012655747,180458,4449,1,"1"
4961.6756818271315,180448,4459,1,"1"
4962.682015446333,180430,4477,1,"1"
4984.2035573298235,180412,4495,1,"1"
4991.9499338060432,180394,4513,1,"1"
4995.9764213963854,180389,4518,1,"1"
5004.7222530968274,180371,4536,1,"1"
5008.9434878016837,180313,4594,10,"3-3-1-1-1-1"
5021.0435789557123,180306,4601,1,"1"
5022.5686991069197,180288,4619,1,"1"
5039.9398686258419,180256,4651,3,"1-1-1"
5042.1084833794039,180238,4669,1,"1"
5044.9704245318635,180220,4687,1,"1"
5045.6666187897663,180202,4705,1,"1"
5052.4203205013901,180169,4738,2,"2"
5052.7738690270498,180151,4756,2,"2"
5067.7213290661912,180138,4769,3,"3"
5078.4211065497539,180129,4778,1,"1"
5087.8724187720072,180116,4791,1,"1"
5088.4382887076736,180111,4796,1,"1"
5091.6437080811029,180093,4814,1,"1"
5099.1257836846262,180075,4832,1,"1"
5099.9472775701552,180072,4835,1,"1"
5101.4530023386569,180057,4850,3,"2-1"
5123.0259096815462,180039,4868,1,"1"
5127.0618483653388,180021,4886,1,"1"
5148.9725418602384,179937,4970,7,"3-2-1-1"
5180.9312354264057,179919,4988,1,"1"
5182.2069515032936,179901,5006,1,"1"
5186.4890379316566,179887,5020,1,"1"
5221.0019270813682,179877,5030,1,"1"
5222.0998448691762,179859,5048,1,"1"
5232.6988241072786,179829,5078,2,"1-1"
5236.0302182929072,179811,5096,1,"1"
5238.5901750421945,179808,5099,1,"1"
5252.2319064658896,179790,5117,1,"1"
5258.9756302402493,179772,5135,1,"1"
5264.6647323070274,179754,5153,1,"1"
5284.940512775147,179736,5171,1,"1"
5289.3319607628027,179724,5183,1,"1"
5296.8186340086495,179706,5201,1,"1"
5300.2775056380888,179688,5219,1,"1"
5301.6365628673893,179670,5237,1,"1"
5304.5883132928711,179652,5255,1,"1"
5308.4045516595288,179638,5269,1,"1"
5335.1380572713015,179568,5339,4,"3-1"
5343.5922731187156,179550,5357,1,"1"
5349.960882389908,179532,5375,1,"1"
5366.0579978315473,179527,5380,1,"1"
5368.7992134582701,179509,5398,1,"1"
5377.6676353280027,179502,5405,1,"1"
5377.6706145257795,179484,5423,1,"1"
5382.4305912207774,179466,5441,1,"1"
5387.3162628072077,179448,5459,1,"1"
5390.7019122715483,179432,5475,1,"1"
5410.7973414481767,179412,5495,2,"2"
5416.0451437737547,179394,5513,1,"1"
5417.2574236169758,179384,5523,1,"1"
5418.7079806426273,179372,5535,1,"1"
5419.0380341971522,179354,5553,1,"1"
5423.2629714132636,179336,5571,1,"1"
5429.8122836885941,179318,5589,1,"1"
5437.8777521365273,179313,5594,1,"1"
5445.9654896975535,179295,5612,1,"1"
5455.9218698699906,179277,5630,1,"1"
5461.691300330991,179259,5648,1,"1"
5467.2014181309696,179241,5666,1,"1"
5479.7280715086863,179223,5684,1,"1"
5482.2310114134216,179113,5794,9,"3-2-2-1-1"
5483.4116681904188,179103,5804,1,"1"
5484.5611742617875,179067,5840,2,"2"
5485.9710673394266,179021,5886,3,"2-1"
5486.6090152456109,179003,5904,1,"1"
5486.9506343967123,178985,5922,1,"1"
5494.8038723881382,178949,5958,2,"1-1"
5501.3308972342984,178903,6004,3,"1-1-1"
5501.4936092034932,178885,6022,1,"1"
5512.5538450859667,178875,6032,1,"1"
5514.4620533708749,178870,6037,1,"1"
5542.4050466968365,178748,6159,9,"3-2-2-1-1"
5544.0433775623915,178743,6164,1,"1"
5547.8392416344304,178725,6182,1,"1"
5549.9509435718383,178722,6185,1,"1"
5551.5491161771915,178712,6195,2,"2"
5559.9659367987233,178707,6200,1,"1"
5587.4489967388317,178682,6225,3,"2-1"
5592.0092188655726,178669,6238,1,"1"
5593.4741501396647,178651,6256,1,"1"
5606.538430546022,178633,6274,1,"1"
5612.3897086100997,178623,6284,2,"2"
5613.1707953333098,178579,6328,4,"2-2"
5623.3690062502155,178469,6438,10,"5-5"
5639.5743957357063,178451,6456,1,"1"
5642.5042964644508,178433,6474,1,"1"
5655.7922801270561,178415,6492,1,"1"
5655.9500318917835,178397,6510,1,"1"
5662.9418257277484,178379,6528,1,"1"
5665.0540010959203,178329,6578,3,"3"
5668.9025524042036,178311,6596,1,"1"
5670.9409608627748,178293,6614,1,"1"
5674.6816380648033,178275,6632,1,"1"
5707.2642555637167,178257,6650,1,"1"
5714.4522824346068,178221,6686,2,"2"
5723.8678207346202,178203,6704,1,"1"
5725.898036708475,178103,6804,7,"3-2-1-1"
5727.5223814647688,178091,6816,1,"1"
5729.0544306492366,178082,6825,1,"1"
5736.8576024858621,178064,6843,1,"1"
5746.6902772386211,178051,6856,3,"2-1"
5768.6211891609773,178035,6872,2,"2"
5773.3653378053759,178017,6890,1,"1"
5782.2260539545741,178008,6899,1,"1"
5799.9492053542335,177972,6935,2,"1-1"
5802.6855157844957,177928,6979,3,"3"
5816.6090754697725,177910,6997,2,"1-1"
5820.5271871187224,177892,7015,1,"1"
5821.0543500017739,177874,7033,1,"1"
5822.1509035049075,177864,7043,1,"1"
5847.9488456130275,177846,7061,1,"1"
5856.3860026114762,177828,7079,1,"1"
5871.6007368904111,177810,7097,1,"1"
5880.8478155742969,177792,7115,1,"1"
5885.2934699805082,177744,7163,8,"4-2-1-1"
5892.5489025775169,177726,7181,1,"1"
5894.058271180922,177708,7199,1,"1"
5897.6330118618562,177703,7204,1,"1"
5903.3017106610569,177685,7222,1,"1"
5903.9985803520312,177667,7240,1,"1"
5908.4512346988804,177561,7346,8,"3-2-1-1-1"
5946.6596363551216,177527,7380,2,"2"
5947.1879572916623,177509,7398,1,"1"
5949.1281299847878,177475,7432,6,"3-3"
5953.5895919000977,177457,7450,1,"1"
5956.2389402535564,177439,7468,1,"1"
5961.9554924454978,177427,7480,1,"1"
5965.5359943808489,177391,7516,2,"1-1"
5975.4314398608349,177373,7534,1,"1"
5976.3323167047347,177368,7539,1,"1"
5980.9767162903272,177350,7557,1,"1"
5988.1644192275835,177332,7575,1,"1"
6000.9798020344278,177322,7585,2,"2"
6029.8713042182253,177304,7603,1,"1"
6032.9325439152508,177259,7648,5,"2-2-1"
6044.4174651196954,177241,7666,1,"1"
6056.284567067607,177223,7684,1,"1"
6061.2807514094447,177205,7702,1,"1"
6107.7907610095381,177189,7718,1,"1"
6112.7145816746461,177153,7754,2,"1-1"
6113.9410742691152,177115,7792,3,"2-1"
6114.6273669598659,177106,7801,1,"1"
6119.6482622918893,177094,7813,1,"1"
6126.608433592025,177076,7831,1,"1"
6129.7442189013764,177058,7849,1,"1"
6132.3752393461946,177004,7903,3,"2-1"
6141.0595018190006,176986,7921,1,"1"
6145.4542134534195,176950,7957,2,"1-1"
6146.105951378292,176945,7962,1,"1"
6153.3346837913268,176915,7992,3,"3"
6155.6275824159375,176879,8028,2,"2"
6164.9384832988499,176848,8059,3,"2-1"
6178.6518517996146,176830,8077,1,"1"
6188.4460993055918,176825,8082,1,"1"
6200.2256168160429,176808,8099,1,"1"
6236.414135399612,176748,8159,5,"3-1-1"
6236.7349661687513,176730,8177,1,"1"
6237.1019022917544,176720,8187,1,"1"
6241.2861710574371,176702,8205,1,"1"
6242.5148647743254,176684,8223,1,"1"
6248.1766591204787,176666,8241,1,"1"
6256.1629833562638,176630,8277,2,"1-1"
6263.2792871982101,176597,8310,5,"2-2-1"
6267.4857603954279,176561,8346,2,"1-1"
6271.1414675565075,176543,8364,1,"1"
6271.4163593832964,176525,8382,1,"1"
6271.4887658116613,176507,8400,1,"1"
6276.2004941228297,176489,8418,1,"1"
6284.9722214964877,176471,8436,1,"1"
6287.696484009437,176453,8454,1,"1"
6288.186078962387,176435,8472,1,"1"
6291.7206282372199,176430,8477,1,"1"
6301.8843091233484,176394,8513,2,"2"
6309.8338273571571,176376,8531,1,"1"
6317.5912319875997,176371,8536,1,"1"
6324.8028372867966,176343,8564,2,"2"
6339.0933767245197,176322,8585,3,"2-1"
6345.3497433643579,176304,8603,1,"1"
6355.1032097396574,176250,8657,3,"3"
6363.2105727776507,176232,8675,1,"1"
6372.3134570246211,176200,8707,3,"2-1"
6381.0086510802621,176182,8725,1,"1"
6381.7152983042524,176165,8742,3,"3"
6385.5494148805019,176148,8759,1,"1"
6385.5595856258878,176114,8793,4,"1-1-1-1"
6403.7795494688207,176096,8811,1,"1"
6407.5025035503022,176060,8847,2,"2"
6408.2230060137517,176042,8865,1,"1"
6408.902631086673,176006,8901,2,"2"
6416.7931350288754,175988,8919,1,"1"
6433.4225108001528,175970,8937,1,"1"
6437.9332698489607,175934,8973,2,"2"
6439.3143602469745,175918,8989,2,"1-1"
6441.6800211363843,175900,9007,1,"1"
6442.6559198628429,175882,9025,1,"1"
6447.6911241999169,175877,9030,1,"1"
6458.6802823915141,175843,9064,4,"2-1-1"
6459.1045802112067,175825,9082,1,"1"
6465.6685089866951,175809,9098,1,"1"
6467.6634277821777,175759,9148,4,"3-1"
6469.182743966393,175635,9272,10,"5-3-1-1"
6487.2683000583265,175625,9282,1,"1"
6493.5257471926689,174765,10142,64,"12-5-5-4-4-4-3-2-2-2-2-2-2-2-2-2-1-1-1-1-1-1-1-1-1"
6496.1853425219851,174747,10160,1,"1"
6498.2208245503525,174727,10180,2,"1-1"
6499.728880355312,174717,10190,1,"1"
6510.9185409020747,174699,10208,1,"1"
6513.5744757827533,174681,10226,1,"1"
6524.1831259587962,174663,10244,1,"1"
6534.262834304106,174656,10251,1,"1"
6539.2567260340766,174638,10269,1,"1"
6543.3201868575698,174568,10339,6,"3-1-1-1"
6553.8658592797865,174550,10357,1,"1"
6558.1729268432127,174537,10370,1,"1"
6558.5410459178602,174517,10390,2,"2"
6567.3274104221618,174499,10408,1,"1"
6579.8578833052825,174033,10874,34,"8-4-3-2-2-1-1-1-1-1-1-1-1-1-1-1-1-1-1-1"
6588.1564917198602,174015,10892,1,"1"
6596.7970757588209,173961,10946,3,"2-1"
6604.0045415690265,173943,10964,1,"1"
6615.1726324533111,173925,10982,1,"1"
6615.180599327562,173907,11000,1,"1"
6620.7724285040176,173889,11018,1,"1"
6628.0973368745454,173853,11054,2,"1-1"
6637.8452268199517,173817,11090,2,"1-1"
6639.6530611761136,173761,11146,5,"2-1-1-1"
6639.7658169576243,173746,11161,1,"1"
6650.8125571687633,173720,11187,2,"2"
6654.4291019066295,173692,11215,2,"1-1"
6665.2265938438904,173674,11233,1,"1"
6675.2042753937721,173618,11289,4,"2-2"
6686.0109142822757,173600,11307,1,"1"
6689.2514959476084,173487,11420,15,"4-3-2-2-2-1-1"
6700.9712164142438,173451,11456,2,"2"
6706.4963369722973,173433,11474,1,"1"
6715.5305190258232,173415,11492,1,"1"
6718.968765815901,173397,11510,1,"1"
6719.0085522685404,0,184907,9826,"9826"
----------------------------------------------5
0,184907,0,0,"0"
157.40782883750296,184889,18,1,"1"
234.63982467009774,184888,19,1,"1"
264.74795262466694,184870,37,1,"1"
305.9189760105607,184869,38,1,"1"
325.00833062344691,184868,39,1,"1"
331.48099395478022,184858,49,1,"1"
364.26534890994094,184857,50,1,"1"
415.53130572359919,184856,51,1,"1"
426.85334877322424,184841,66,1,"1"
441.44735994397621,184840,67,1,"1"
533.15906542259268,184839,68,1,"1"
540.19983001283299,184838,69,1,"1"
559.29885491430298,184837,70,1,"1"
562.3124850146753,184836,71,1,"1"
583.03678371430271,184818,89,1,"1"
608.25041911336848,184817,90,1,"1"
619.73107264635473,184816,91,1,"1"
649.75881686630805,184815,92,1,"1"
670.99542709678508,184801,106,1,"1"
676.94333743646132,184800,107,1,"1"
678.52486101443662,184799,108,1,"1"
685.35557288012978,184797,110,2,"2"
704.61956778274157,184796,111,1,"1"
719.64640685678819,184778,129,1,"1"
730.47323930160087,184764,143,2,"2"
739.47248919262438,184763,144,1,"1"
754.18553399946916,184762,145,1,"1"
773.61289145722037,184761,146,1,"1"
810.18795177431014,184751,156,1,"1"
820.49968013725356,184750,157,1,"1"
822.32438135881364,184749,158,1,"1"
827.25319320112703,184748,159,1,"1"
853.74545725585563,184747,160,1,"1"
867.93495742291225,184729,178,1,"1"
877.87194581153653,184727,180,2,"1-1"
891.26570786014702,184726,181,1,"1"
902.25765071248588,184723,184,3,"2-1"
909.927822001202,184717,190,2,"2"
919.27318389512584,184716,191,1,"1"
920.99863470719981,184715,192,1,"1"
921.4932582656395,184697,210,1,"1"
929.17105749046709,184679,228,1,"1"
955.00547204856082,184665,242,1,"1"
969.94464595599413,184664,243,1,"1"
1005.6273407598438,184661,246,1,"1"
1029.6209137161741,184660,247,1,"1"
1037.0833327712917,184659,248,1,"1"
1044.5751800599476,184658,249,1,"1"
1046.1585211900531,184640,267,1,"1"
1085.5467417863829,184639,268,1,"1"
1088.7676598882751,184638,269,1,"1"
1091.9474067255385,184620,287,1,"1"
1096.7329931213137,184619,288,1,"1"
1101.4747380868112,184617,290,2,"1-1"
1110.0242767824261,184616,291,1,"1"
1118.2759876287555,184615,292,1,"1"
1155.5219081738044,184611,296,4,"2-2"
1158.1439755510251,184610,297,1,"1"
1164.5126786713683,184592,315,1,"1"
1167.4450656064246,184563,344,3,"3"
1181.2278572976904,184562,345,1,"1"
1190.7252449951216,184561,346,1,"1"
1207.4161898981783,184560,347,1,"1"
1208.1505333572275,184558,349,2,"2"
1233.0050184687343,184557,350,1,"1"
1235.5179388058048,184521,386,2,"1-1"
1242.9690337620473,184520,387,1,"1"
1277.1939408746944,184502,405,1,"1"
1306.469303991269,184501,406,1,"1"
1317.065190534589,184499,408,2,"1-1"
1320.6965257027368,184498,409,1,"1"
1340.1382061093318,184480,427,1,"1"
1343.7772316011528,184479,428,1,"1"
1347.7622221153915,184478,429,1,"1"
1354.6535129546728,184477,430,1,"1"
1380.5481393609232,184475,432,2,"2"
1384.1282779756207,184457,450,1,"1"
1402.1329507944231,184456,451,1,"1"
1408.48726330261,184438,469,1,"1"
1416.0227505676855,184436,471,2,"2"
1417.4143345132379,184426,481,1,"1"
1422.6501634205797,184425,482,1,"1"
1427.7274553527416,184424,483,1,"1"
1433.5030249328327,184421,486,1,"1"
1452.0743483336694,184418,489,1,"1"
1472.31648122053,184400,507,1,"1"
1482.2334944873583,184399,508,1,"1"
1483.8524722900295,184381,526,1,"1"
1488.4205728554709,184380,527,1,"1"
1489.7704931199175,184362,545,1,"1"
1490.0176062245566,184344,563,1,"1"
1491.8490598548899,184343,564,1,"1"
1497.1979431891864,184341,566,2,"2"
1507.4027227606566,184340,567,1,"1"
1520.2362205229394,184339,568,1,"1"
1523.549700807939,184338,569,1,"1"
1534.2422154487274,184337,570,1,"1"
1556.68633690861,184331,576,2,"2"
1562.6517014097972,184330,577,1,"1"
1569.6078038175726,184329,578,1,"1"
1582.1427206239471,184328,579,1,"1"
1615.0116839466421,184310,597,1,"1"
1622.6910699300749,184309,598,1,"1"
1622.9476032146235,184291,616,1,"1"
1641.3227270053626,184286,621,1,"1"
1669.9577208490105,184285,622,1,"1"
1673.4068865562174,184284,623,1,"1"
1678.9024533492193,184274,633,1,"1"
1698.0015178842668,184273,634,1,"1"
1745.2594550974311,184255,652,1,"1"
1746.0638383508883,184252,655,1,"1"
1748.460917382861,184234,673,1,"1"
1752.9177960197867,184218,689,4,"2-2"
1752.9664886398555,184213,694,1,"1"
1819.8175106744609,184210,697,1,"1"
1823.2116297288821,184200,707,1,"1"
1848.3273601761566,184184,723,1,"1"
1869.2834577298049,184108,799,5,"5"
1879.9291362542385,184105,802,1,"1"
1910.1797456469035,184087,820,1,"1"
1925.9115564914284,184086,821,1,"1"
1934.3739099539976,184082,825,2,"1-1"
1937.2647200601864,184064,843,1,"1"
1939.1539694553767,184046,861,1,"1"
1940.6070298234388,184044,863,2,"2"
1950.1421260953939,184041,866,1,"1"
1964.6481792397071,184023,884,1,"1"
1965.654871428449,184011,896,1,"1"
1965.8701543263082,184001,906,4,"2-1-1"
1970.2664227841917,184000,907,1,"1"
1977.5189603762071,183998,909,2,"2"
1982.0670121288033,183980,927,1,"1"
1988.8298608266966,183972,935,4,"3-1"
1989.8233803844521,183970,937,2,"1-1"
1998.0899054469514,183969,938,1,"1"
2008.2661434020215,183951,956,1,"1"
2027.9347514047479,183946,961,1,"1"
2051.5435904145315,183936,971,1,"1"
2077.4402950114863,183933,974,3,"3"
2086.434723069237,183930,977,1,"1"
2088.2688862186392,183924,983,2,"2"
2099.5381031608631,183914,993,1,"1"
2101.6821256070994,183912,995,2,"2"
2127.6181649377695,183909,998,3,"3"
2145.393434404657,183891,1016,1,"1"
2164.2428523118715,183873,1034,1,"1"
2185.7372211212437,183872,1035,1,"1"
2200.505062462867,183871,1036,1,"1"
2233.7313267669242,183865,1042,2,"2"
2242.8273011506594,183862,1045,1,"1"
2250.8660900050304,183844,1063,1,"1"
2259.4626927010672,183843,1064,1,"1"
2266.078485884454,183842,1065,1,"1"
2282.1589725299759,183841,1066,1,"1"
2289.2399371711667,183839,1068,2,"2"
2297.24901964536,183837,1070,2,"2"
2300.2001206257228,183825,1082,1,"1"
2300.6501461108164,183824,1083,1,"1"
2302.0181068077623,183823,1084,1,"1"
2314.7413992176521,183822,1085,1,"1"
2318.3427342422733,183821,1086,1,"1"
2325.913116221614,183803,1104,1,"1"
2331.3427918755469,183785,1122,1,"1"
2352.824711424626,183767,1140,1,"1"
2367.5368282732643,183749,1158,1,"1"
2373.9147517473925,183746,1161,1,"1"
2377.311489313588,183743,1164,1,"1"
2387.2455720150228,183742,1165,1,"1"
2394.4495526446221,183739,1168,1,"1"
2407.0553383665601,183736,1171,1,"1"
2411.5761988753634,183733,1174,1,"1"
2431.5029803663506,183730,1177,1,"1"
2465.8903407662533,183720,1187,1,"1"
2485.6947812693593,183682,1225,6,"3-3"
2485.8983476100093,183664,1243,1,"1"
2530.6573225988477,183652,1255,2,"1-1"
2573.9457302797623,183647,1260,1,"1"
2582.621632401796,183629,1278,1,"1"
2607.7729543738942,183611,1296,1,"1"
2613.2100164867729,183593,1314,1,"1"
2616.7781303492452,183581,1326,1,"1"
2638.7953905371605,183575,1332,2,"2"
2639.5242002963869,183557,1350,1,"1"
2657.0438877773472,183539,1368,1,"1"
2678.1874960664422,183521,1386,1,"1"
2689.2863413504019,183518,1389,1,"1"
2707.6634792491927,183509,1398,3,"3"
2723.5723586589952,183499,1408,1,"1"
2725.5580414765959,183493,1414,2,"2"
2757.6071480226542,183475,1432,1,"1"
2773.6904750671938,183474,1433,1,"1"
2835.484428851375,183456,1451,1,"1"
2852.1716780385791,183450,1457,2,"1-1"
2854.2183345244653,183432,1475,1,"1"
2900.5658218596504,183414,1493,1,"1"
2912.9487147848299,183396,1511,1,"1"
2917.5153407233938,183378,1529,1,"1"
2928.0595603305046,183360,1547,1,"1"
2961.6941824023743,183359,1548,1,"1"
2968.5594384744772,183358,1549,1,"1"
2974.782916470931,183353,1554,1,"1"
3006.8948924180308,183335,1572,1,"1"
3027.2258274366573,183317,1590,1,"1"
3068.3186559854453,183314,1593,1,"1"
3077.4740945828034,183311,1596,1,"1"
3088.8597104044457,183293,1614,1,"1"
3130.184253622027,183275,1632,1,"1"
3134.9973770243528,183257,1650,1,"1"
3137.3325624154331,183250,1657,1,"1"
3146.613503714922,183214,1693,2,"2"
3154.2278008094481,183209,1698,1,"1"
3154.7176480285407,183191,1716,1,"1"
3178.3905249354898,183173,1734,1,"1"
3215.1548644821892,183163,1744,1,"1"
3222.9850100695985,183160,1747,1,"1"
3232.9192148422944,183157,1750,1,"1"
3243.6180716727645,183139,1768,1,"1"
3257.0649589583563,183121,1786,1,"1"
3269.4486062848123,183111,1796,1,"1"
3271.7518213839321,183108,1799,1,"1"
3275.5108022925119,183091,1816,3,"3"
3308.2183596921409,183088,1819,1,"1"
3333.074948607135,183072,1835,4,"2-2"
3338.6846492059408,183036,1871,2,"2"
3345.2686670534258,183018,1889,1,"1"
3383.1485784402489,183000,1907,1,"1"
3387.0398845776176,182990,1917,2,"1-1"
3399.0646258167985,182985,1922,1,"1"
3403.811891834971,182982,1925,1,"1"
3417.6904704099493,182968,1939,2,"2"
3424.9137757560575,182940,1967,2,"2"
3430.9930034713384,182930,1977,1,"1"
3431.4870566614832,182923,1984,1,"1"
3433.978097817143,182887,2020,2,"2"
3439.861148012209,182874,2033,3,"3"
3449.9493449931761,182856,2051,1,"1"
3457.9032088473587,182853,2054,1,"1"
3461.0959387723256,182835,2072,1,"1"
3468.5474788193101,182829,2078,2,"2"
3488.4095315363343,182817,2090,1,"1"
3492.4392436266558,182804,2103,3,"2-1"
3498.2349728474096,182786,2121,1,"1"
3502.53116748313,182750,2157,2,"2"
3508.455962259749,182732,2175,1,"1"
3516.1998007137149,182723,2184,1,"1"
3518.9298809260422,182720,2187,1,"1"
3529.0621149333438,182706,2201,2,"2"
3536.9619324178684,182703,2204,1,"1"
3552.7646049661848,182693,2214,1,"1"
3556.4120003462504,182675,2232,1,"1"
3565.4151497421117,182658,2249,1,"1"
3572.8667302741273,182646,2261,2,"2"
3586.5244609437696,182628,2279,1,"1"
3587.8360996417623,182610,2297,1,"1"
3597.1598755282562,182592,2315,1,"1"
3599.1128973850346,182589,2318,1,"1"
3611.5882103797499,182584,2323,1,"1"
3632.5855962039286,182566,2341,1,"1"
3652.9899786023498,182550,2357,1,"1"
3712.9021405466328,182532,2375,1,"1"
3717.7198732587945,182529,2378,1,"1"
3755.8335186089457,182511,2396,1,"1"
3758.1165234168757,182493,2414,1,"1"
3767.7171987070342,182479,2428,1,"1"
3793.6490410959118,182461,2446,1,"1"
3794.3810379327983,182443,2464,1,"1"
3804.5175063268839,182425,2482,1,"1"
3806.6883038130891,182413,2494,2,"1-1"
3821.2367559248164,182401,2506,1,"1"
3827.8869124331491,182396,2511,1,"1"
3845.4850824691371,182378,2529,1,"1"
3893.2338131518427,182333,2574,4,"4"
3896.2384396215266,182313,2594,6,"4-1-1"
3898.4168300028382,182300,2607,3,"2-1"
3901.328420919157,182282,2625,1,"1"
3904.3997404897341,182264,2643,1,"1"
3949.6567546542124,182246,2661,1,"1"
3952.5061044459558,182228,2679,1,"1"
3953.3005703778545,182210,2697,1,"1"
3971.1302843399139,182205,2702,1,"1"
3987.7474169517945,182200,2707,1,"1"
3993.3738937004509,182182,2725,2,"2"
4009.8728865942594,182164,2743,1,"1"
4028.1625075257921,182146,2761,1,"1"
4030.6752547493093,182120,2787,2,"2"
4036.1066077145983,182102,2805,1,"1"
4036.8496176688609,182084,2823,1,"1"
4059.3238028833202,182053,2854,3,"2-1"
4078.1029157463745,182035,2872,1,"1"
4094.1761158390227,182023,2884,1,"1"
4101.581101768742,182012,2895,1,"1"
4125.0072351478429,181994,2913,1,"1"
4130.4275426589002,181976,2931,1,"1"
4151.5566187967725,181958,2949,1,"1"
4159.0574224995862,181940,2967,1,"1"
4174.8688990728824,181933,2974,1,"1"
4181.5375392028755,181905,3002,2,"1-1"
4202.6036773540836,181887,3020,1,"1"
4206.9344756617347,181869,3038,1,"1"
4214.4450366840501,181855,3052,2,"2"
4217.3979271751259,181838,3069,3,"2-1"
4226.251603299821,181820,3087,1,"1"
4242.8258133122208,181802,3105,1,"1"
4264.967487398023,181792,3115,1,"1"
4277.0779603879973,181787,3120,1,"1"
4284.8162551392816,181777,3130,1,"1"
4290.196334299646,181774,3133,1,"1"
4291.0485379217944,181756,3151,1,"1"
4298.2900956433659,181738,3169,1,"1"
4299.1823824291905,181728,3179,1,"1"
4299.2282975848739,181710,3197,1,"1"
4302.4934517400816,181692,3215,1,"1"
4303.1214510381051,181674,3233,1,"1"
4307.9196643888254,181669,3238,1,"1"
4315.0957446326747,181655,3252,1,"1"
4328.8779216477196,181637,3270,1,"1"
4342.4822034958743,181579,3328,8,"5-2-1"
4343.8130150504285,181572,3335,1,"1"
4366.4117869176407,181554,3353,1,"1"
4371.6318460863995,181537,3370,3,"2-1"
4374.6183363352829,181525,3382,1,"1"
4388.0717976279375,181507,3400,1,"1"
4389.1065567780643,181489,3418,1,"1"
4394.2269375054711,181435,3472,3,"3"
4404.2645686496662,181399,3508,2,"2"
4408.0629016818511,181381,3526,1,"1"
4417.0045728447485,181363,3544,1,"1"
4422.3065222684008,181358,3549,1,"1"
4425.5725720314422,181344,3563,2,"2"
4438.2640400157234,181326,3581,1,"1"
4440.1461649429484,181308,3599,1,"1"
4447.1717844362611,181271,3636,6,"3-2-1"
4469.7346976894551,181268,3639,1,"1"
4471.268081304911,181252,3655,2,"2"
4473.7699950107672,181238,3669,1,"1"
4499.1268846130715,181225,3682,1,"1"
4499.4092345709551,181220,3687,1,"1"
4504.0285901252946,181211,3696,1,"1"
4509.7664705937577,181193,3714,1,"1"
4509.8073350722825,181184,3723,1,"1"
4517.7524493652263,181166,3741,1,"1"
4526.4972854184907,181152,3755,2,"2"
4527.391303514335,181147,3760,1,"1"
4542.4214513982315,181129,3778,1,"1"
4555.7623581526896,181122,3785,1,"1"
4564.6395232437835,181106,3801,1,"1"
4583.0434624003019,181088,3819,1,"1"
4592.0182071645886,181070,3837,1,"1"
4600.5864580713078,181052,3855,1,"1"
4604.2466838582504,181016,3891,2,"2"
4610.317501059013,181002,3905,2,"2"
4625.255697944689,180984,3923,1,"1"
4626.1287134168224,180966,3941,1,"1"
4627.1560051253373,180954,3953,1,"1"
4638.6039103329804,180936,3971,1,"1"
4644.8046423300275,180918,3989,1,"1"
4646.9815648142539,180884,4023,2,"1-1"
4653.6023770549391,180866,4041,1,"1"
4660.8678754964003,180854,4053,2,"2"
4696.6520730795155,180849,4058,1,"1"
4699.7969704682,180844,4063,1,"1"
4710.7451766749273,180826,4081,4,"2-1-1"
4713.1647220016448,180808,4099,1,"1"
4746.2928310868137,180790,4117,1,"1"
4748.9635096681286,180772,4135,1,"1"
4760.765742479377,180762,4145,1,"1"
4770.5784246191115,180730,4177,3,"1-1-1"
4800.7573870510159,180716,4191,2,"2"
4833.4694700492291,180691,4216,5,"2-1-1-1"
4844.2925162916617,180664,4243,3,"3"
4846.7903019950118,180657,4250,1,"1"
4853.4358238807772,180621,4286,2,"2"
4886.4735919397181,180611,4296,1,"1"
4890.3432546694567,180593,4314,1,"1"
4897.2837418113495,180539,4368,3,"3"
4907.1098009524021,180521,4386,1,"1"
4919.2258042261183,180503,4404,1,"1"
4921.9047520756194,180485,4422,1,"1"
4974.4749225499618,180465,4442,2,"2"
4979.8490720059335,180456,4451,1,"1"
4981.3888216303685,180438,4469,1,"1"
4986.3483483503114,180420,4487,1,"1"
4989.6913715810542,180366,4541,3,"3"
5003.9099691045012,180346,4561,2,"2"
5007.6710189039441,180336,4571,1,"1"
5008.4806087580764,180318,4589,1,"1"
5009.7443069091505,180313,4594,1,"1"
5023.4032836992419,180295,4612,1,"1"
5023.7525673527989,180277,4630,1,"1"
5035.0623105062195,180259,4648,1,"1"
5042.5100473361845,180235,4672,4,"2-1-1"
5044.813473193557,180230,4677,1,"1"
5057.2438688289712,180212,4695,1,"1"
5069.835660478082,180194,4713,1,"1"
5074.8349718791987,180166,4741,4,"2-1-1"
5087.3285578824698,180148,4759,1,"1"
5097.3288530266682,180145,4762,1,"1"
5113.3224254903771,180140,4767,1,"1"
5133.2822386194621,180122,4785,1,"1"
5144.7647874457289,180104,4803,1,"1"
5149.6575355268642,180086,4821,1,"1"
5175.5188589157224,180068,4839,1,"1"
5178.6658798400904,180050,4857,1,"1"
5191.2843353348044,180032,4875,1,"1"
5199.239237807602,180014,4893,1,"1"
5200.9471238167143,179996,4911,1,"1"
5202.2392176940566,179978,4929,1,"1"
5204.2377157908086,179973,4934,1,"1"
5218.3703611025794,179953,4954,2,"2"
5242.7825880470882,179939,4968,1,"1"
5251.5665772771044,179930,4977,1,"1"
5252.9392864579395,179925,4982,1,"1"
5275.5264825098739,179859,5048,6,"3-2-1"
5300.3555806646855,179844,5063,1,"1"
5328.0689404091563,179826,5081,1,"1"
5330.930602063323,179811,5096,3,"2-1"
5335.5397829937665,179793,5114,1,"1"
5356.0502566578298,179775,5132,1,"1"
5356.3674386391149,179757,5150,1,"1"
5358.1478394045644,179739,5168,1,"1"
5366.7263840617925,179721,5186,1,"1"
5366.8490900453708,179701,5206,2,"2"
5380.1040191482025,179691,5216,1,"1"
5381.1836344513531,179681,5226,1,"1"
5382.0174438931535,179663,5244,1,"1"
5384.4621041900946,179645,5262,1,"1"
5395.685221112034,179635,5272,1,"1"
5396.4701708036137,179609,5298,2,"2"
5398.2837749936498,179591,5316,1,"1"
5410.0781534238986,179573,5334,1,"1"
5416.5107731210919,179555,5352,1,"1"
5423.0690207382622,179537,5370,1,"1"
5430.4038185718628,179519,5388,1,"1"
5456.5207698169816,179506,5401,1,"1"
5473.6659951716047,179488,5419,1,"1"
5478.5893716424853,179452,5455,2,"2"
5488.6506960484576,179434,5473,1,"1"
5495.7161294798007,179405,5502,5,"4-1"
5499.2874640057998,179387,5520,1,"1"
5502.294124981071,179369,5538,1,"1"
5522.7923094000571,179351,5556,1,"1"
5527.0961278247978,179333,5574,1,"1"
5543.3642484726497,179299,5608,3,"3"
5547.7195435632993,179281,5626,1,"1"
5564.6183740980769,179229,5678,4,"2-2"
5566.8382638253288,179219,5688,1,"1"
5567.1860419622735,179187,5720,2,"1-1"
5576.1657733829334,179169,5738,1,"1"
5587.6574603339104,179155,5752,2,"2"
5597.0728973493697,179141,5766,2,"1-1"
5609.0691558303652,179123,5784,1,"1"
5612.4371502789882,179105,5802,1,"1"
5612.619094107532,179087,5820,1,"1"
5615.6252078184107,179069,5838,1,"1"
5616.6504165673468,179051,5856,1,"1"
5643.3292394760138,179033,5874,1,"1"
5645.7584440000373,179015,5892,1,"1"
5647.9073228390071,178987,5920,4,"3-1"
5662.1090449133862,178963,5944,2,"1-1"
5665.131232953222,178927,5980,2,"2"
5667.0386539983938,178909,5998,1,"1"
5668.3990520960097,178898,6009,1,"1"
5674.4785669137827,178850,6057,3,"1-1-1"
5675.9626916813213,178812,6095,3,"3"
5694.1777180831141,178792,6115,2,"2"
5694.9424396654413,178730,6177,5,"3-2"
5696.0004663217896,178712,6195,1,"1"
5699.8043277917632,178698,6209,2,"1-1"
5704.0891714237214,178662,6245,2,"2"
5708.0164744575204,178644,6263,1,"1"
5709.8608245224032,178635,6272,1,"1"
5711.5672656409524,178617,6290,1,"1"
5723.2229733805198,178599,6308,1,"1"
5724.131145107368,178590,6317,1,"1"
5727.1799827874993,178576,6331,1,"1"
5731.206534702008,178558,6349,1,"1"
5750.3477765024963,178551,6356,1,"1"
5754.5671976760086,178533,6374,1,"1"
5767.5647067307282,178515,6392,1,"1"
5767.5747648750666,178479,6428,2,"2"
5791.4692624849276,178443,6464,2,"1-1"
5795.5227824497497,178438,6469,1,"1"
5810.1168977976022,178422,6485,2,"1-1"
5818.498539599118,178404,6503,1,"1"
5820.2999078720622,178395,6512,1,"1"
5826.329334579681,178385,6522,1,"1"
5835.5971122183664,178367,6540,1,"1"
5838.0632762427103,178354,6553,1,"1"
5850.3900701428411,178351,6556,1,"1"
5850.7543032209578,178333,6574,1,"1"
5852.0112598329497,178315,6592,1,"1"
5854.4750124902548,178293,6614,2,"2"
5856.1083407207816,178279,6628,1,"1"
5858.1282615233795,178261,6646,1,"1"
5866.2996956835941,178243,6664,1,"1"
5878.9245438798807,178229,6678,1,"1"
5884.0950312876366,178206,6701,3,"3"
5886.9541010417661,178188,6719,1,"1"
5895.912524094605,178170,6737,1,"1"
5897.0706962511995,178152,6755,1,"1"
5904.0450602482824,178116,6791,2,"1-1"
5907.0469675223267,178080,6827,2,"2"
5921.9733208531334,178022,6885,4,"3-1"
5924.9306972323384,178017,6890,1,"1"
5945.486738365681,177917,6990,8,"2-2-2-1-1"
5962.498789870222,177899,7008,1,"1"
5963.9662575994143,177882,7025,1,"1"
5966.446671904192,177864,7043,1,"1"
5967.4326290715771,177846,7061,1,"1"
5977.0710801056321,177822,7085,2,"2"
5977.6602391921297,177804,7103,1,"1"
5986.1736164119384,177775,7132,2,"2"
5988.5842542254959,177757,7150,1,"1"
5989.8459493939426,177735,7172,2,"2"
5990.6832776295869,177717,7190,1,"1"
5990.7704719144776,177699,7208,1,"1"
6001.9179844021473,177694,7213,1,"1"
6006.6961302130585,177681,7226,1,"1"
6008.3598741367723,177663,7244,1,"1"
6029.8703802824566,177654,7253,1,"1"
6037.9590209318603,177636,7271,1,"1"
6044.4355179524155,177618,7289,1,"1"
6047.8748819522971,177603,7304,1,"1"
6054.0197643394085,177585,7322,1,"1"
6061.3352855453622,177567,7340,1,"1"
6062.1196832961268,177560,7347,1,"1"
6065.075658406211,177534,7373,2,"1-1"
6066.9494703695673,177508,7399,2,"1-1"
6068.5142364527819,177490,7417,1,"1"
6073.9248461198395,177472,7435,1,"1"
6075.2218824305774,177425,7482,7,"4-2-1"
6088.2211033188223,177407,7500,1,"1"
6088.4452390463357,177397,7510,1,"1"
6104.1946976459658,177379,7528,1,"1"
6111.9820750574872,177361,7546,1,"1"
6120.2243974215371,177343,7564,1,"1"
6135.5465769641205,177297,7610,3,"2-1"
6150.2011610264044,177279,7628,1,"1"
6151.5291854220523,177261,7646,1,"1"
6156.4807465793328,177243,7664,1,"1"
6166.0744564274746,177225,7682,2,"1-1"
6180.0373545451403,177207,7700,1,"1"
6181.5006319557588,177189,7718,1,"1"
6181.6524477310249,177153,7754,2,"1-1"
6184.7446512293982,177146,7761,1,"1"
6185.4229289448467,177128,7779,1,"1"
6193.407031268589,177108,7799,4,"2-1-1"
6213.4204938201483,177090,7817,1,"1"
6221.470081624002,177085,7822,1,"1"
6232.2202988291338,177067,7840,1,"1"
6239.7196202536143,177008,7899,9,"2-2-2-1-1-1"
6240.2871467364967,176990,7917,1,"1"
6246.6490298085964,176972,7935,1,"1"
6246.6936636573919,176960,7947,1,"1"
6257.1314660504459,176938,7969,2,"2"
6271.1852949124705,176920,7987,1,"1"
6279.1829522331791,176871,8036,9,"4-1-1-1-1-1"
6284.3602377229554,176835,8072,2,"1-1"
6297.6778356655004,176817,8090,1,"1"
6302.2734230503293,176799,8108,1,"1"
6305.5940514654112,176789,8118,2,"1-1"
6310.858725723906,176777,8130,1,"1"
6324.8777414303995,176761,8146,1,"1"
6332.6418405571621,176751,8156,1,"1"
6336.2880644786756,176733,8174,1,"1"
6338.9421766793121,176715,8192,1,"1"
6369.1778055452251,176683,8224,2,"2"
6372.2658298416154,176660,8247,3,"3"
6375.7121316988496,176613,8294,7,"3-2-1-1"
6376.5499966718526,176595,8312,1,"1"
6381.5408806220876,176577,8330,1,"1"
6387.3939746136739,176559,8348,1,"1"
6396.5992882776363,176549,8358,1,"1"
6407.6177731549842,176531,8376,1,"1"
6412.9921225603521,176421,8486,10,"2-1-1-1-1-1-1-1-1"
6416.9701484336356,176389,8518,3,"3"
6421.8835123293647,176379,8528,2,"1-1"
6426.3206661198565,176361,8546,1,"1"
6426.5065704175468,176347,8560,1,"1"
6434.4747201297705,176329,8578,1,"1"
6438.3214738460238,176216,8691,13,"4-3-2-1-1-1-1"
6457.1807133535676,176016,8891,21,"5-3-3-1-1-1-1-1-1-1-1-1-1"
6461.6080178364573,175998,8909,1,"1"
6472.7539558239459,175980,8927,1,"1"
6476.3380860073084,175962,8945,1,"1"
6478.6946782517643,175946,8961,1,"1"
6479.0801928797491,175928,8979,1,"1"
6488.8126225469696,175917,8990,1,"1"
6492.7153229352316,175859,9048,4,"2-1-1"
6506.093476879837,175841,9066,1,"1"
6510.5072714273592,175823,9084,1,"1"
6512.5555446318431,175805,9102,1,"1"
6530.4168743830169,175787,9120,1,"1"
6531.8724739572081,175769,9138,1,"1"
6534.7606798769584,175585,9322,14,"3-3-2-2-1-1-1-1"
6539.6681487423712,175571,9336,1,"1"
6546.7756058569912,175491,9416,7,"3-2-1-1"
6550.2623119391556,175467,9440,2,"1-1"
6552.4495810425869,175437,9470,3,"3"
6553.0721811986286,175426,9481,1,"1"
6555.4593337401911,175408,9499,1,"1"
6558.961268061722,175390,9517,1,"1"
6565.0477261426786,175372,9535,1,"1"
6568.4304159117273,175367,9540,1,"1"
6574.7773829131083,175358,9549,1,"1"
6581.294379304426,175327,9580,2,"2"
6581.3014778491588,175291,9616,2,"1-1"
6582.0092577491732,175273,9634,1,"1"
6589.1144790556536,175255,9652,1,"1"
6589.5908635684646,175237,9670,1,"1"
6597.2114390702645,175219,9688,1,"1"
6597.8776847696709,175205,9702,2,"2"
6599.8611830953932,175113,9794,8,"2-2-1-1-1-1"
6603.1213851086468,175095,9812,1,"1"
6606.0866379842373,175026,9881,6,"4-1-1"
6609.9170762769763,175008,9899,1,"1"
6611.993196445027,174990,9917,1,"1"
6614.1347838411366,174972,9935,1,"1"
6618.3124078461069,174954,9953,1,"1"
6639.2911362029372,174880,10027,5,"2-2-1"
6648.6303869385665,174796,10111,11,"3-3-2-1-1-1"
6655.6306498883177,174136,10771,49,"11-8-3-3-2-2-2-2-2-2-1-1-1-1-1-1-1-1-1-1-1-1"
6663.068959472831,174118,10789,1,"1"
6668.7594763094776,174079,10828,4,"2-1-1"
6676.5681065693489,174067,10840,1,"1"
6676.7139225507417,174049,10858,1,"1"
6679.995494488905,173973,10934,6,"3-1-1-1"
6680.882725585634,173962,10945,1,"1"
6681.1772640025129,173932,10975,2,"1-1"
6715.238035280614,173914,10993,1,"1"
6728.7561419051135,173905,11002,1,"1"
6729.2607025947354,173869,11038,2,"1-1"
6733.3272295344423,173845,11062,2,"2"
6741.2257539396733,173774,11133,6,"3-2-1"
6743.1509219709205,173756,11151,1,"1"
6750.1136903018232,173724,11183,2,"1-1"
6754.1910767297477,173717,11190,1,"1"
6754.4224494776954,173699,11208,1,"1"
6767.022720696983,173667,11240,4,"2-2"
6771.4948777010968,173605,11302,4,"2-1-1"
6780.3418725719739,173575,11332,2,"2"
6782.6884645694927,173557,11350,1,"1"
6794.3501972827562,173543,11364,1,"1"
6798.7262867348636,173533,11374,1,"1"
6817.0880235031664,173504,11403,3,"2-1"
6820.0596116567258,173446,11461,4,"3-1"
6823.1718426170592,173322,11585,11,"2-2-2-1-1-1-1-1"
6830.900054918573,173304,11603,1,"1"
6833.2310019778733,173270,11637,4,"2-2"
6840.5823494367905,173244,11663,2,"2"
6850.3236330968903,173226,11681,1,"1"
6851.1594834620073,173208,11699,1,"1"
6853.1777005216336,173190,11717,1,"1"
6857.6710659267019,173136,11771,5,"2-2-1"
6863.9154428161346,173108,11799,2,"1-1"
6874.1673612905588,173090,11817,1,"1"
6877.5388997947912,173080,11827,1,"1"
6880.4690995903311,173062,11845,1,"1"
6882.4782362758797,173044,11863,1,"1"
6890.1944870378884,173020,11887,2,"1-1"
6898.3153024594294,173002,11905,1,"1"
6899.1782552396699,172978,11929,2,"1-1"
6911.2908861109199,172813,12094,15,"5-2-2-1-1-1-1-1-1"
6925.0482165519898,172777,12130,2,"2"
6931.147025381325,172761,12146,1,"1"
6937.6112059688548,0,184907,9740,"9740"
----------------------------------------------6
0,184907,0,0,"0"
46.941839408436955,184906,1,1,"1"
196.95121206149977,184905,2,1,"1"
226.36352722293142,184904,3,1,"1"
242.22549183090629,184886,21,1,"1"
407.60139389213168,184883,24,1,"1"
422.20973584971733,184882,25,1,"1"
422.77369078174473,184881,26,1,"1"
433.33950261784531,184880,27,1,"1"
479.68570655920274,184879,28,1,"1"
518.33742935248551,184878,29,1,"1"
530.05746668853124,184877,30,1,"1"
584.14954187298247,184876,31,1,"1"
598.76309587096341,184875,32,1,"1"
599.37874949447564,184857,50,1,"1"
622.33118261642062,184843,64,2,"2"
697.62783540322971,184842,65,1,"1"
698.18346901974132,184841,66,1,"1"
707.9141339677642,184840,67,1,"1"
720.95024558850218,184839,68,1,"1"
740.73472051957583,184837,70,2,"1-1"
752.60155018248201,184836,71,1,"1"
789.88661634162429,184835,72,1,"1"
793.91747544612451,184834,73,1,"1"
807.90825023887396,184816,91,1,"1"
815.19181781766554,184798,109,1,"1"
820.13473273733712,184797,110,1,"1"
867.60908366440935,184787,120,1,"1"
870.36709355267044,184786,121,1,"1"
872.33279475380971,184783,124,1,"1"
907.82841702454562,184782,125,1,"1"
917.55086916239645,184780,127,2,"2"
918.36221368757072,184779,128,1,"1"
922.1979136730165,184778,129,1,"1"
923.04200813674163,184760,147,1,"1"
924.33795720629996,184742,165,1,"1"
960.01669626915793,184739,168,1,"1"
1020.7883028328615,184734,173,1,"1"
1028.7436014810794,184733,174,1,"1"
1075.4551144486868,184732,175,1,"1"
1093.1476560319536,184720,187,1,"1"
1126.8495197813527,184718,189,2,"2"
1132.1062452091728,184716,191,2,"2"
1157.2166902082829,184698,209,1,"1"
1160.3662929976153,184697,210,1,"1"
1171.711172550999,184696,211,1,"1"
1247.9896634693223,184689,218,1,"1"
1260.7576391143677,184679,228,1,"1"
1297.079221077521,184661,246,1,"1"
1298.0174936726312,184654,253,1,"1"
1309.6614417189785,184652,255,2,"2"
1316.6178871270756,184643,264,5,"2-2-1"
1329.4281699729534,184639,268,4,"2-2"
1331.3605274313597,184634,273,1,"1"
1393.3551901866581,184616,291,1,"1"
1395.0472513956863,184609,298,1,"1"
1406.8349385168704,184573,334,2,"1-1"
1416.0447530010183,184563,344,1,"1"
1417.2993892056081,184562,345,1,"1"
1419.0012475135266,184561,346,1,"1"
1432.5721069000401,184560,347,1,"1"
1433.2319325052788,184559,348,1,"1"
1464.3213944171416,184558,349,1,"1"
1465.1560739466115,184556,351,2,"1-1"
1493.9762915011931,184520,387,2,"1-1"
1496.9805964071256,184518,389,2,"2"
1520.569721398055,184517,390,1,"1"
1523.2427546656654,184511,396,2,"2"
1533.9718816244283,184510,397,1,"1"
1597.556149374891,184503,404,7,"6-1"
1601.7929739607123,184501,406,2,"2"
1609.0989729482517,184491,416,6,"4-2"
1612.9543116042894,184490,417,1,"1"
1619.4884155637415,184472,435,1,"1"
1621.3960486072649,184471,436,1,"1"
1638.0365183344763,184470,437,1,"1"
1643.5900629296771,184469,438,1,"1"
1674.2658248070227,184451,456,1,"1"
1675.3546459596396,184450,457,1,"1"
1688.3936207810434,184449,458,1,"1"
1689.0321176998393,184448,459,1,"1"
1690.6810905836694,184447,460,1,"1"
1696.7744721861409,184429,478,1,"1"
1734.1224463782237,184411,496,1,"1"
1736.4627134267259,184393,514,1,"1"
1736.8553972852994,184388,519,1,"1"
1737.5443034570635,184387,520,1,"1"
1742.8088630013026,184386,521,1,"1"
1753.4503302489068,184384,523,2,"2"
1756.184160884852,184383,524,1,"1"
1775.8897969694319,184382,525,1,"1"
1789.4637049917053,184380,527,2,"2"
1793.6278116840278,184370,537,1,"1"
1806.1762512003802,184368,539,2,"2"
1811.9725591205247,184365,542,1,"1"
1827.0830215298165,184362,545,1,"1"
1838.9247951498401,184355,552,1,"1"
1851.4980526822883,184353,554,2,"2"
1853.2679744815289,184335,572,1,"1"
1867.9648191601223,184334,573,1,"1"
1872.5636199563407,184316,591,1,"1"
1873.4587863143186,184313,594,3,"2-1"
1883.0848936162693,184309,598,4,"2-2"
1889.0977315709265,184308,599,1,"1"
1898.2410833380168,184290,617,1,"1"
1899.8556989817655,184288,619,2,"2"
1903.078511322514,184270,637,1,"1"
1909.6499501080154,184263,644,1,"1"
1927.3880419238576,184261,646,2,"2"
1952.0830193729651,184260,647,1,"1"
1954.2091949194382,184214,693,4,"3-1"
1967.3249153483298,184196,711,1,"1"
1975.312235034834,184190,717,2,"2"
1981.2525100110802,184189,718,1,"1"
1985.8301707715043,184171,736,1,"1"
1988.9919727015083,184161,746,1,"1"
1992.1885200505515,184143,764,1,"1"
1992.8765854952035,184140,767,3,"2-1"
1998.1002532117056,184138,769,2,"2"
2025.2866874290046,184137,770,1,"1"
2037.7217197132816,184136,771,1,"1"
2040.1171128204733,184133,774,1,"1"
2095.0645064886708,184106,801,3,"3"
2101.6376057953353,184103,804,1,"1"
2126.7667049469928,184067,840,3,"1-1-1"
2127.2923009690744,184047,860,4,"2-2"
2130.6502554659896,184042,865,1,"1"
2139.0321938374127,184024,883,1,"1"
2156.0404282461777,184002,905,2,"1-1"
2159.421938205398,183984,923,1,"1"
2169.0553769287176,183981,926,1,"1"
2180.4152549251594,183972,935,1,"1"
2194.0524989372125,183971,936,1,"1"
2194.6292059120251,183970,937,1,"1"
2203.2055584542481,183962,945,4,"2-2"
2220.5309814552825,183959,948,1,"1"
2231.1416598676674,183941,966,1,"1"
2235.1374707162604,183904,1003,7,"5-2"
2244.5837701621867,183901,1006,1,"1"
2246.0530829013342,183887,1020,1,"1"
2268.1055938402642,183872,1035,5,"2-2-1"
2279.2428805205145,183869,1038,1,"1"
2307.7550615835125,183868,1039,1,"1"
2309.1017691811649,183863,1044,1,"1"
2313.9532547798949,183862,1045,1,"1"
2314.6156059135647,183861,1046,1,"1"
2331.082482422501,183851,1056,1,"1"
2338.7442597259219,183841,1066,1,"1"
2340.9117473506913,183823,1084,1,"1"
2345.6141560602823,183805,1102,1,"1"
2375.0903118086858,183787,1120,1,"1"
2398.3066272412125,183769,1138,1,"1"
2398.3907685193381,183760,1147,1,"1"
2415.1245918983527,183745,1162,5,"3-1-1"
2428.0171203416894,183728,1179,1,"1"
2441.4625121824483,183710,1197,1,"1"
2467.5658027158274,183705,1202,1,"1"
2492.4676683724183,183702,1205,1,"1"
2518.570484730009,183701,1206,1,"1"
2557.0680261126513,183696,1211,1,"1"
2649.9260152139223,183686,1221,1,"1"
2657.3203222469001,183668,1239,1,"1"
2676.4052285385283,183658,1249,1,"1"
2690.9814985220924,183640,1267,1,"1"
2720.5069543486693,183622,1285,1,"1"
2728.491410159585,183612,1295,1,"1"
2773.3798413874329,183594,1313,1,"1"
2798.1775159804056,183589,1318,1,"1"
2815.7757236121624,183571,1336,2,"2"
2836.007168336499,183553,1354,1,"1"
2838.5706642436107,183550,1357,1,"1"
2855.1713594846265,183532,1375,1,"1"
2884.1458590784664,183522,1385,2,"2"
2890.5666033474508,183521,1386,1,"1"
2896.109795079813,183516,1391,1,"1"
2899.0385557842283,183513,1394,1,"1"
2945.3680080370464,183491,1416,2,"2"
2949.623543943731,183490,1417,1,"1"
2980.4895565649349,183487,1420,1,"1"
2996.1593424651132,183469,1438,1,"1"
2998.303079676863,183459,1448,1,"1"
2999.328090018832,183449,1458,1,"1"
3002.2005600394291,183448,1459,1,"1"
3009.6913228410394,183445,1462,1,"1"
3021.2715651699405,183433,1474,2,"2"
3035.5226909457879,183415,1492,1,"1"
3042.9081271247746,183379,1528,2,"1-1"
3050.2689778213044,183374,1533,1,"1"
3052.1172367980821,183367,1540,1,"1"
3060.7234638663995,183354,1553,1,"1"
3072.4463143730818,183336,1571,1,"1"
3072.7720831622332,183318,1589,1,"1"
3077.2512208522335,183315,1592,1,"1"
3106.8292831706431,183310,1597,1,"1"
3126.0816069305761,183300,1607,1,"1"
3131.9818166841992,183282,1625,1,"1"
3133.8476814773448,183279,1628,1,"1"
3146.4116469400342,183254,1653,2,"2"
3150.7758475351879,183236,1671,1,"1"
3163.6797157131577,183233,1674,1,"1"
3166.4025348226505,183197,1710,2,"2"
3166.7877464603739,183188,1719,1,"1"
3196.9985389115627,183170,1737,1,"1"
3224.1408054296289,183152,1755,1,"1"
3232.5248824295522,183147,1760,1,"1"
3237.2914532186633,183129,1778,1,"1"
3262.4789376802587,183111,1796,1,"1"
3299.5569647447483,183101,1806,1,"1"
3302.4438421607651,183094,1813,1,"1"
3304.3271219248818,183080,1827,2,"2"
3304.8643099310175,183068,1839,1,"1"
3306.4422857873865,183050,1857,1,"1"
3320.2356957383581,183032,1875,1,"1"
3331.2729398680149,183014,1893,1,"1"
3348.5759391768393,182996,1911,1,"1"
3356.3816879459587,182991,1916,1,"1"
3405.0483375756094,182976,1931,1,"1"
3408.2422251692778,182958,1949,1,"1"
3411.2872450337281,182940,1967,1,"1"
3421.3507300746328,182922,1985,1,"1"
3423.6023081730445,182910,1997,1,"1"
3431.9497740207667,182892,2015,1,"1"
3446.4122778186579,182882,2025,1,"1"
3472.8689717722636,182864,2043,1,"1"
3476.6831772095375,182846,2061,1,"1"
3479.2220658365636,182832,2075,1,"1"
3492.2441535006947,182814,2093,1,"1"
3500.774436804089,182796,2111,1,"1"
3513.041380137769,182786,2121,1,"1"
3518.9900270734206,182768,2139,1,"1"
3533.4725186203655,182765,2142,1,"1"
3540.4843695175009,182755,2152,1,"1"
3542.6142100554325,182747,2160,2,"1-1"
3553.6551537041437,182729,2178,1,"1"
3568.3134119080287,182711,2196,1,"1"
3576.3753396478169,182693,2214,1,"1"
3586.7881739909817,182679,2228,1,"1"
3614.76204174043,182661,2246,1,"1"
3614.9064717854744,182578,2329,13,"6-2-1-1-1-1-1"
3618.4242628309225,182560,2347,1,"1"
3624.8148633642818,182550,2357,2,"2"
3628.7607914891696,182536,2371,2,"1-1"
3631.9049311001122,182526,2381,1,"1"
3657.2980301226021,182523,2384,1,"1"
3670.0445889604694,182518,2389,1,"1"
3670.5766038511606,182515,2392,1,"1"
3673.9386089406062,182469,2438,3,"1-1-1"
3678.9664764400536,182459,2448,1,"1"
3700.7663248239046,182441,2466,1,"1"
3707.9787467616279,182423,2484,1,"1"
3727.4409980273049,182387,2520,2,"1-1"
3745.5805842970262,182384,2523,1,"1"
3748.3783714918727,182381,2526,1,"1"
3748.6669226798449,182363,2544,1,"1"
3777.6555095847502,182353,2554,1,"1"
3785.2800515429444,182335,2572,1,"1"
3791.0024433528724,182317,2590,1,"1"
3802.3791239481211,182281,2626,2,"1-1"
3805.7604661680589,182269,2638,1,"1"
3807.4206651553995,182257,2650,1,"1"
3820.5766007224624,182239,2668,1,"1"
3824.0544515281567,182230,2677,3,"3"
3848.3014379891679,182212,2695,1,"1"
3858.723081665566,182203,2704,3,"3"
3862.6674726557035,182186,2721,1,"1"
3868.9282542428932,182176,2731,1,"1"
3884.9271296025686,182164,2743,1,"1"
3902.9827047219019,182146,2761,1,"1"
3918.0215230753292,182134,2773,1,"1"
3927.6507523166424,182120,2787,2,"2"
3928.8377907936306,182117,2790,1,"1"
3933.2361102615241,182099,2808,1,"1"
3941.6549702887833,182081,2826,1,"1"
3950.1237900071601,182063,2844,1,"1"
3956.0216651422397,182041,2866,2,"1-1"
3976.1294746281719,182031,2876,2,"2"
3982.437353958449,182018,2889,3,"1-1-1"
3987.7456684904651,182000,2907,1,"1"
3988.0644528177322,181982,2925,1,"1"
4007.8297280150246,181964,2943,1,"1"
4019.7270519299818,181946,2961,1,"1"
4023.5582761564592,181933,2974,1,"1"
4035.4243962898613,181921,2986,1,"1"
4043.2501925342463,181913,2994,2,"2"
4067.9625536835065,181895,3012,1,"1"
4073.2453145571631,181877,3030,1,"1"
4075.2902638796309,181863,3044,2,"2"
4075.8356614527875,181853,3054,1,"1"
4084.8244245212286,181848,3059,1,"1"
4089.9721326831236,181830,3077,1,"1"
4126.3549218849348,181827,3080,1,"1"
4137.9651909870809,181809,3098,1,"1"
4144.4808434615579,181786,3121,3,"3"
4167.2893435707201,181776,3131,1,"1"
4176.1199255075926,181758,3149,1,"1"
4208.3170066075954,181755,3152,1,"1"
4219.108829342189,181737,3170,1,"1"
4226.0170697937101,181719,3188,1,"1"
4253.1784902297832,181701,3206,1,"1"
4254.195558839092,181696,3211,1,"1"
4262.4466515100221,181678,3229,1,"1"
4315.3900648943118,181660,3247,2,"2"
4329.8042371756728,181642,3265,1,"1"
4333.5394262511545,181632,3275,1,"1"
4337.9085655769877,181614,3293,1,"1"
4341.4129760781052,181600,3307,1,"1"
4364.6926522397907,181582,3325,1,"1"
4370.2329376537728,181505,3402,13,"8-2-2-1"
4370.7146830309421,181487,3420,1,"1"
4373.1755753329253,181469,3438,1,"1"
4373.9182622477747,181435,3472,2,"2"
4375.4841601861399,181424,3483,1,"1"
4377.06916854683,181406,3501,1,"1"
4379.5815357047759,181388,3519,1,"1"
4393.5845402215828,181383,3524,1,"1"
4406.8848908123691,181365,3542,1,"1"
4408.034410286994,181351,3556,2,"2"
4411.9085063252051,181333,3574,1,"1"
4412.0490564424363,181309,3598,2,"1-1"
4414.1030889958947,181287,3620,2,"2"
4422.2912271712648,181271,3636,1,"1"
4455.8301025110477,181259,3648,2,"1-1"
4507.6005957102388,181243,3664,2,"1-1"
4515.7910361885506,181234,3673,1,"1"
4579.3950329936797,181229,3678,1,"1"
4581.4487580632331,181203,3704,4,"2-1-1"
4586.6336578585515,181171,3736,2,"1-1"
4598.5709764990634,181153,3754,1,"1"
4598.9952512718301,181135,3772,1,"1"
4599.21927298631,181110,3797,5,"4-1"
4600.0962362835071,181092,3815,1,"1"
4601.0238433504019,181083,3824,1,"1"
4615.9187365515209,181076,3831,1,"1"
4637.0710928153212,181058,3849,1,"1"
4662.6551033348242,181036,3871,4,"2-1-1"
4664.388973683589,181018,3889,1,"1"
4664.415693977604,181004,3903,2,"2"
4689.7390740510937,180997,3910,1,"1"
4691.5972466677695,180979,3928,1,"1"
4699.8882360325961,180961,3946,1,"1"
4709.316564005966,180940,3967,3,"1-1-1"
4716.0163535900047,180922,3985,1,"1"
4721.3349848859461,180904,4003,1,"1"
4743.6143188207616,180872,4035,2,"2"
4752.1156861959525,180848,4059,4,"2-1-1"
4756.4011942452753,180839,4068,1,"1"
4757.2389118900737,180799,4108,6,"4-1-1"
4759.3828611269337,180781,4126,1,"1"
4765.0693908832118,180759,4148,2,"2"
4769.8867698052991,180741,4166,1,"1"
4774.1127508101099,180723,4184,1,"1"
4776.2766435797294,180693,4214,2,"2"
4783.6817705022258,180684,4223,1,"1"
4791.2963167508924,180657,4250,2,"1-1"
4791.8469078683274,180639,4268,1,"1"
4797.678295278708,180621,4286,1,"1"
4805.7638967161129,180616,4291,1,"1"
4808.9533404832528,180598,4309,1,"1"
4809.4402646223116,180580,4327,1,"1"
4819.7598948375226,180570,4337,1,"1"
4821.001526341548,180560,4347,2,"1-1"
4821.3484526397697,180555,4352,1,"1"
4828.9375615884692,180537,4370,1,"1"
4868.3919897202586,180519,4388,1,"1"
4872.1198066621964,180501,4406,1,"1"
4876.1065759537232,180483,4424,1,"1"
4882.671828652974,180465,4442,1,"1"
4890.6074471676329,180410,4497,5,"5"
4893.9722293796585,180392,4515,1,"1"
4895.1042860819398,180374,4533,1,"1"
4900.1561805879564,180356,4551,1,"1"
4900.4288422562731,180330,4577,4,"3-1"
4905.8896962725457,180312,4595,1,"1"
4911.1138560853724,180282,4625,2,"2"
4917.908769225528,180264,4643,1,"1"
4919.5058692266848,180254,4653,1,"1"
4920.6627940195403,180247,4660,1,"1"
4926.5048523309224,180051,4856,13,"13"
4927.0812241621998,180033,4874,1,"1"
4932.9213921419923,180022,4885,1,"1"
4937.9500421618022,180019,4888,1,"1"
4941.6449545507176,180001,4906,1,"1"
4942.924599031483,179996,4911,1,"1"
4946.2898601331826,179978,4929,1,"1"
4953.4669898187094,179966,4941,1,"1"
4954.4311799938478,179954,4953,1,"1"
4957.790556382598,179936,4971,1,"1"
4970.7822355991557,179929,4978,1,"1"
4972.2209420832987,179907,5000,2,"1-1"
4976.8579230664373,179889,5018,1,"1"
4980.8149766749611,179853,5054,2,"2"
5004.4834143749567,179838,5069,3,"1-1-1"
5004.5326275203042,179828,5079,1,"1"
5005.3636074399474,179812,5095,1,"1"
5021.0838357692019,179790,5117,2,"1-1"
5022.6318308476721,179781,5126,1,"1"
5053.3344407588747,179763,5144,1,"1"
5071.1101378479125,179737,5170,2,"1-1"
5073.6739143096174,179706,5201,2,"2"
5080.4764382836847,179688,5219,1,"1"
5088.8636567341327,179678,5229,1,"1"
5089.1599108802875,179669,5238,1,"1"
5106.9303752214464,179651,5256,1,"1"
5117.6292192810224,179633,5274,1,"1"
5120.5766720991669,179615,5292,1,"1"
5123.1240603372853,179597,5310,1,"1"
5131.7103871392001,179584,5323,1,"1"
5135.7836833043275,179566,5341,1,"1"
5137.9035839885637,179557,5350,1,"1"
5138.366777291073,179554,5353,1,"1"
5140.0452493361699,179541,5366,1,"1"
5141.2680381595201,179523,5384,1,"1"
5144.0077298619763,179507,5400,1,"1"
5149.7693169308641,179489,5418,1,"1"
5150.6634948241717,179471,5436,1,"1"
5158.89109224803,179452,5455,3,"2-1"
5170.5384396158024,179329,5578,17,"4-4-2-2-2-1-1-1"
5171.7502272872725,179319,5588,1,"1"
5172.0668563654153,179306,5601,1,"1"
5176.2295574243608,179303,5604,1,"1"
5177.3877095740154,179300,5607,1,"1"
5180.8924281795862,179282,5625,1,"1"
5183.3700492341131,179242,5665,6,"3-2-1"
5191.4140391949222,179224,5683,1,"1"
5194.4317547903966,179206,5701,1,"1"
5196.4594815121045,179188,5719,1,"1"
5198.2856338125493,179148,5759,4,"2-1-1"
5205.0415079057784,179130,5777,1,"1"
5221.390421984609,179112,5795,1,"1"
5222.3409946466854,179103,5804,1,"1"
5237.958276078276,179085,5822,1,"1"
5238.3368088157749,179054,5853,3,"3"
5243.3501308165341,179036,5871,1,"1"
5260.9877447039316,179009,5898,2,"1-1"
5302.0921810627542,178999,5908,1,"1"
5305.0085958416594,178939,5968,6,"2-2-1-1"
5326.8472815570985,178903,6004,2,"2"
5372.876696926849,178885,6022,1,"1"
5375.3496665171779,178841,6066,3,"1-1-1"
5380.672109028973,178823,6084,1,"1"
5381.6350427362067,178805,6102,1,"1"
5383.3175956669793,178787,6120,1,"1"
5385.8266796704647,178769,6138,1,"1"
5387.4450983485094,178760,6147,1,"1"
5388.1874170077035,178724,6183,2,"2"
5390.2374951110132,178700,6207,2,"2"
5416.2105523764203,178682,6225,1,"1"
5418.1169448490955,178632,6275,4,"2-1-1"
5439.628260916621,178600,6307,4,"2-1-1"
5440.6366219222255,178590,6317,1,"1"
5443.4383485194276,178581,6326,1,"1"
5468.0061988912357,178563,6344,1,"1"
5472.8047483781565,178545,6362,1,"1"
5473.1130559066669,178527,6380,1,"1"
5475.0439763076747,178514,6393,1,"1"
5489.084434717729,178484,6423,6,"6"
5494.6411764086843,178460,6447,2,"2"
5495.9839000017264,178442,6465,1,"1"
5498.8853878035716,178424,6483,1,"1"
5504.4350234863668,178388,6519,2,"1-1"
5530.0154171830936,178356,6551,3,"1-1-1"
5531.2318773650877,178271,6636,6,"3-1-1-1"
5539.5765516209531,178250,6657,3,"3"
5549.9792637812934,178232,6675,2,"2"
5553.9023449270062,178214,6693,1,"1"
5561.6459840698262,178196,6711,1,"1"
5562.0496842325038,178186,6721,1,"1"
5570.3134145025169,178174,6733,1,"1"
5588.5719728269487,178156,6751,1,"1"
5594.4298404597412,178143,6764,1,"1"
5601.4570863508443,178125,6782,1,"1"
5610.1081539040943,178116,6791,1,"1"
5613.5231682082413,178063,6844,3,"3"
5614.856393365314,178053,6854,2,"2"
5620.5654873627827,178035,6872,1,"1"
5625.3803331415174,178026,6881,1,"1"
5629.2638337131484,178008,6899,1,"1"
5640.596268698846,177990,6917,1,"1"
5646.6065563251796,177972,6935,1,"1"
5646.6455602785318,177954,6953,1,"1"
5669.5036056063655,177884,7023,4,"2-2"
5669.8649139222416,177871,7036,1,"1"
5673.5327765112243,177853,7054,1,"1"
5673.7116671344065,177835,7072,1,"1"
5674.2249878772955,177819,7088,2,"1-1"
5680.0564514005409,177801,7106,1,"1"
5693.8657691500812,177781,7126,2,"2"
5694.7004945669687,177763,7144,1,"1"
5694.8829871666721,177689,7218,6,"3-1-1-1"
5696.1703993489864,177665,7242,4,"4"
5697.4918603460164,177651,7256,1,"1"
5697.7760506511959,177633,7274,1,"1"
5698.56189507612,177615,7292,1,"1"
5708.9254032451854,177606,7301,1,"1"
5713.4416337261318,177588,7319,1,"1"
5713.5426005571953,177576,7331,2,"1-1"
5717.3517048694321,177558,7349,1,"1"
5719.0316269023733,177540,7367,1,"1"
5733.7771198329156,177476,7431,5,"3-1-1"
5737.98233722445,177458,7449,1,"1"
5739.5827001104426,177440,7467,1,"1"
5743.3246528099589,177431,7476,1,"1"
5749.2122330215425,177413,7494,1,"1"
5758.2361879991931,177395,7512,1,"1"
5764.7169322949612,177359,7548,2,"2"
5766.2331737149534,177341,7566,1,"1"
5767.5395590772914,177336,7571,1,"1"
5770.0054552376105,177318,7589,1,"1"
5775.1634320356661,177300,7607,1,"1"
5776.9770762263388,177282,7625,1,"1"
5779.5652725801328,177264,7643,1,"1"
5779.8810467433696,177208,7699,9,"3-2-1-1-1-1"
5786.4969233001457,177190,7717,1,"1"
5789.3069600543549,177172,7735,1,"1"
5817.4795213912221,177129,7778,4,"3-1"
5821.8132003216206,177111,7796,1,"1"
5841.5415336618653,177089,7818,2,"1-1"
5846.2191894697371,177084,7823,1,"1"
5850.6890704484049,177066,7841,1,"1"
5863.5301200429694,177042,7865,2,"2"
5885.5456927710802,177006,7901,4,"4"
5892.6595189510936,176995,7912,1,"1"
5897.1423188538047,176977,7930,1,"1"
5905.1901955483772,176967,7940,2,"2"
5918.8896640210287,176958,7949,1,"1"
5920.6780892650695,176928,7979,3,"2-1"
5927.0513516375904,176910,7997,1,"1"
5929.7620904895248,176900,8007,1,"1"
5966.0829066779697,176887,8020,1,"1"
5970.6112299300894,176877,8030,1,"1"
5974.248562111221,176859,8048,1,"1"
5975.4716833176044,176841,8066,1,"1"
5976.4934174088467,176823,8084,1,"1"
5988.0730929172414,176805,8102,1,"1"
5996.9948170870066,176795,8112,1,"1"
5997.881729678973,176771,8136,2,"2"
6010.7230490206548,176753,8154,1,"1"
6026.1790717429549,176735,8172,1,"1"
6037.4083905496382,176719,8188,1,"1"
6047.7684861140278,176701,8206,1,"1"
6049.9368146329416,176662,8245,5,"4-1"
6057.0562717810471,176631,8276,5,"4-1"
6058.7141163192427,176613,8294,1,"1"
6064.2491894066043,176535,8372,6,"2-1-1-1-1"
6067.5234553264181,176441,8466,8,"3-2-1-1-1"
6075.624663457339,176423,8484,1,"1"
6077.3525240965164,176405,8502,1,"1"
6094.5922165301772,176387,8520,1,"1"
6104.1173539419087,176369,8538,1,"1"
6112.5269649058973,176290,8617,10,"2-2-1-1-1-1-1-1"
6128.0349120497285,176236,8671,4,"1-1-1-1"
6133.0268245564621,176218,8689,1,"1"
6149.7203669483833,176202,8705,1,"1"
6151.8415580727406,176184,8723,1,"1"
6152.6368710127654,176166,8741,1,"1"
6159.5909734471197,176148,8759,1,"1"
6161.1760032535321,176130,8777,1,"1"
6173.8632345670021,175884,9023,18,"5-4-2-1-1-1-1-1-1-1"
6176.2970524585107,175867,9040,1,"1"
6179.9211070764222,175813,9094,3,"3"
6188.4681545759531,175801,9106,1,"1"
6203.8809252387928,175781,9126,2,"2"
6205.2288343822856,175772,9135,1,"1"
6212.1589965488411,175767,9140,1,"1"
6221.3735252723045,175749,9158,1,"1"
6247.7355011010177,175742,9165,1,"1"
6249.3050644065033,175724,9183,1,"1"
6262.2037625630073,175706,9201,1,"1"
6263.5241429260223,175693,9214,1,"1"
6278.2467171026274,175680,9227,1,"1"
6290.7350737153629,175644,9263,2,"2"
6300.2458230215389,175626,9281,1,"1"
6308.3981188065418,175608,9299,1,"1"
6311.3413988606735,175597,9310,1,"1"
6322.1424818732103,175544,9363,7,"2-2-1-1-1"
6324.1416822814908,175526,9381,1,"1"
6325.543650323465,175504,9403,2,"1-1"
6325.6352286479596,175482,9425,2,"1-1"
6328.1262422102145,175464,9443,1,"1"
6329.7533254294331,175434,9473,2,"1-1"
6340.317079874133,175266,9641,11,"3-2-2-1-1-1-1"
6346.5410701614264,175259,9648,1,"1"
6353.1525182635714,175241,9666,1,"1"
6383.5793174859909,175229,9678,2,"1-1"
6389.2081344022508,175224,9683,1,"1"
6402.1690476906106,175215,9692,1,"1"
6405.8297010677034,175197,9710,1,"1"
6409.7453933549868,175179,9728,1,"1"
6411.9965959612755,175169,9738,1,"1"
6422.2694595657904,175105,9802,4,"2-2"
6431.220881473555,175087,9820,1,"1"
6431.5352815757624,175076,9831,1,"1"
6442.9479352847175,175058,9849,1,"1"
6468.6463329452326,175040,9867,1,"1"
6475.64524756427,175006,9901,4,"2-1-1"
6477.3528076293505,174976,9931,3,"2-1"
6485.6565445602546,174958,9949,1,"1"
6497.1182659111428,174947,9960,1,"1"
6508.6710241365836,174809,10098,10,"3-3-1-1-1-1"
6519.4690361058701,174719,10188,6,"3-2-1"
6528.7265879477864,174683,10224,2,"1-1"
6534.0911013314953,174665,10242,1,"1"
6561.1703196535836,174545,10362,8,"2-2-1-1-1-1"
6576.7116104768256,174527,10380,1,"1"
6586.1917898867887,174499,10408,2,"2"
6592.6059392513216,174159,10748,28,"5-5-3-2-2-2-2-1-1-1-1-1-1-1"
6593.5416269473217,174121,10786,3,"2-1"
6607.8928606387035,174103,10804,1,"1"
6610.0740677326121,174085,10822,1,"1"
6616.7523363389837,174067,10840,1,"1"
6624.1162216016919,174049,10858,1,"1"
6633.4370229612568,174014,10893,2,"1-1"
6642.2722187497093,173996,10911,1,"1"
6644.2472769684437,172748,12159,91,"6-5-5-5-5-4-4-4-4-3-3-3-3-2-2-2-2-2-2-2-2-2-2-1-1-1-1-1-1-1-1-1-1-1-1-1-1-1-1-1"
6646.6654803421379,172734,12173,1,"1"
6650.8015224656519,172716,12191,1,"1"
6658.0952464676575,0,184907,9733,"9733"
----------------------------------------------7
0,184907,0,0,"0"
50.560830448367227,184906,1,1,"1"
267.16428303027732,184905,2,1,"1"
270.89504580069064,184900,7,1,"1"
360.96297290785304,184899,8,1,"1"
366.6687574205942,184898,9,1,"1"
375.05135004424238,184881,26,1,"1"
387.74782312464623,184880,27,1,"1"
392.10106235670503,184879,28,1,"1"
419.85354790989163,184878,29,1,"1"
437.09196351890103,184877,30,1,"1"
442.72732895868796,184859,48,1,"1"
471.24249842585147,184858,49,1,"1"
510.53061399807808,184857,50,1,"1"
521.32879697841645,184852,55,1,"1"
585.86916726477011,184851,56,1,"1"
588.20328076881879,184850,57,1,"1"
614.12875094601304,184849,58,1,"1"
619.82721608525105,184848,59,1,"1"
629.87935219048723,184847,60,1,"1"
631.64110946946687,184846,61,1,"1"
659.78828396782228,184845,62,1,"1"
696.31664110555607,184844,63,1,"1"
698.92803697513398,184843,64,1,"1"
713.76980569765294,184830,77,1,"1"
764.76490753232974,184829,78,1,"1"
782.10657381576095,184828,79,1,"1"
819.79010942873413,184818,89,1,"1"
844.23759078005287,184817,90,1,"1"
844.70070450556568,184816,91,1,"1"
849.19175110569813,184815,92,1,"1"
851.51297624389633,184797,110,1,"1"
855.1193096270955,184796,111,1,"1"
866.7566808391025,184794,113,2,"2"
870.36685332791376,184793,114,1,"1"
885.37615186311507,184790,117,1,"1"
896.67530790346893,184789,118,1,"1"
919.67017023130302,184788,119,1,"1"
921.07376830874853,184787,120,1,"1"
939.82271905153539,184786,121,1,"1"
943.97097097161554,184785,122,1,"1"
953.45056921678054,184784,123,1,"1"
993.18452167608609,184782,125,2,"2"
1030.0782370300362,184764,143,1,"1"
1076.4057259355284,184746,161,1,"1"
1122.57536525915,184745,162,1,"1"
1138.9064027010299,184744,163,1,"1"
1164.8643913499363,184743,164,1,"1"
1197.671080374319,184740,167,1,"1"
1203.0836417350981,184738,169,2,"2"
1244.0688196883311,184737,170,1,"1"
1247.172942589478,184736,171,1,"1"
1264.167477279944,184733,174,1,"1"
1281.0122943973381,184732,175,1,"1"
1290.6661569287996,184729,178,1,"1"
1323.6437333416629,184727,180,2,"2"
1337.0961620580103,184726,181,1,"1"
1368.3445570668723,184708,199,1,"1"
1370.1476542896658,184703,204,1,"1"
1380.5717020191771,184697,210,2,"1-1"
1381.6392981255547,184695,212,2,"1-1"
1391.7062736485643,184692,215,1,"1"
1413.6933614338795,184691,216,1,"1"
1422.8673833019527,184690,217,1,"1"
1432.3963625611377,184689,218,1,"1"
1435.2757852355253,184679,228,1,"1"
1436.3709534339616,184678,229,1,"1"
1438.5266132715983,184676,231,2,"2"
1439.7347417324872,184675,232,1,"1"
1440.0161596976363,184673,234,2,"2"
1444.8172516942564,184672,235,1,"1"
1452.383297086194,184671,236,1,"1"
1461.4174354261463,184669,238,2,"2"
1461.8461904315168,184668,239,1,"1"
1478.358314142673,184667,240,1,"1"
1486.6429941065917,184666,241,1,"1"
1504.427070021756,184665,242,1,"1"
1509.9500477731935,184663,244,2,"2"
1512.6631236174667,184645,262,1,"1"
1515.6929848494194,184643,264,2,"1-1"
1534.0447960785179,184641,266,2,"2"
1534.0980490197105,184640,267,1,"1"
1538.3761592555566,184631,276,5,"5"
1551.1688458525009,184613,294,1,"1"
1559.8189284115429,184612,295,1,"1"
1565.1382426943783,184609,298,3,"2-1"
1572.4364211747834,184607,300,2,"2"
1614.5730090080187,184605,302,2,"1-1"
1633.5314463717677,184602,305,3,"3"
1635.1930526979679,184601,306,1,"1"
1650.6632527332386,184598,309,1,"1"
1657.1813962267497,184580,327,1,"1"
1662.7359355728606,184569,338,1,"1"
1683.7703272824451,184566,341,1,"1"
1687.517479921419,184565,342,1,"1"
1702.2671756421068,184555,352,1,"1"
1725.1316106136871,184552,355,1,"1"
1729.5539640427935,184545,362,1,"1"
1752.0740402344204,184535,372,1,"1"
1787.1421415424288,184534,373,1,"1"
1793.9075270184317,184531,376,1,"1"
1794.3996532959229,184530,377,1,"1"
1794.6085764467841,184512,395,1,"1"
1810.73618338607,184509,398,3,"3"
1846.7697081380556,184508,399,1,"1"
1849.3968507247328,184490,417,1,"1"
1855.0816001860194,184489,418,1,"1"
1864.4634700678271,184488,419,1,"1"
1881.3477152510357,184482,425,2,"2"
1885.8008615661856,184481,426,1,"1"
1886.7997904997028,184463,444,1,"1"
1888.2923219564857,184457,450,2,"2"
1895.1299549806126,184439,468,1,"1"
1907.0192046095983,184429,478,1,"1"
1908.4740283778879,184427,480,2,"2"
1908.9539479840321,184426,481,1,"1"
1917.1043779167569,184398,509,2,"2"
1930.3109728520965,184397,510,1,"1"
1954.1830487559318,184383,524,1,"1"
1955.572826121974,184347,560,2,"1-1"
1956.2087898260825,184345,562,2,"2"
1971.1841863496488,184327,580,1,"1"
1992.3049507232538,184318,589,1,"1"
2003.9775298784059,184306,601,1,"1"
2058.7950779745483,184293,614,1,"1"
2074.2346361194004,184275,632,1,"1"
2132.6924298920349,184270,637,1,"1"
2145.1665607701575,184269,638,1,"1"
2146.33389348324,184266,641,1,"1"
2158.1800777788003,184248,659,1,"1"
2176.5429773452852,184243,664,1,"1"
2199.5857461571682,184240,667,3,"3"
2199.7712951304811,184239,668,1,"1"
2203.8880304109471,184236,671,1,"1"
2214.8669925395852,184235,672,1,"1"
2227.8040094763746,184217,690,1,"1"
2241.7495980141043,184216,691,1,"1"
2260.8285991232829,184198,709,1,"1"
2279.0805686820213,184196,711,2,"2"
2285.6495218193131,184195,712,1,"1"
2292.6756388282024,184177,730,1,"1"
2300.433706935054,184159,748,1,"1"
2303.3303640289882,184147,760,1,"1"
2311.0847817962358,184129,778,1,"1"
2315.0156596534016,184128,779,1,"1"
2316.0304446825271,184127,780,1,"1"
2319.8925411777068,184109,798,1,"1"
2347.3324402990279,184107,800,2,"2"
2349.6240023109394,184103,804,2,"1-1"
2375.3033020509611,184102,805,1,"1"
2381.598083192187,184101,806,1,"1"
2387.7096302876766,184083,824,1,"1"
2387.742742567646,184068,839,5,"4-1"
2409.7339041928999,184067,840,1,"1"
2421.6147060445023,184061,846,2,"2"
2423.2094673039223,184043,864,2,"2"
2439.1226275720151,184025,882,1,"1"
2441.8757783895062,184007,900,1,"1"
2457.2528929786608,183997,910,1,"1"
2493.2264243224668,183996,911,1,"1"
2495.9817779934106,183993,914,1,"1"
2497.4791976697934,183988,919,1,"1"
2513.0931607465486,183978,929,1,"1"
2549.2714642239648,183960,947,1,"1"
2554.1470541400527,183942,965,1,"1"
2554.9383091804834,183936,971,2,"2"
2567.0254722230943,183918,989,1,"1"
2569.3027994603608,183900,1007,1,"1"
2606.4017920701849,183882,1025,1,"1"
2664.459100698833,183855,1052,3,"3"
2693.4290075157287,183837,1070,1,"1"
2704.5688415228851,183836,1071,1,"1"
2711.9520977151537,183818,1089,1,"1"
2715.2605159141385,183800,1107,1,"1"
2729.4225704458427,183795,1112,1,"1"
2780.8386584122172,183759,1148,2,"2"
2856.2456509980684,183758,1149,1,"1"
2859.0013041081615,183740,1167,1,"1"
2876.7385125586115,183734,1173,2,"2"
2889.1567686570165,183716,1191,1,"1"
2909.9480679800772,183711,1196,1,"1"
2930.9064248449517,183698,1209,1,"1"
2944.6113780207043,183693,1214,1,"1"
2951.5997482984499,183675,1232,1,"1"
2965.9567629841495,183670,1237,1,"1"
2979.3268719341672,183652,1255,1,"1"
2992.1733322912855,183642,1265,1,"1"
2993.61348727935,183624,1283,1,"1"
3005.5706188492768,183614,1293,1,"1"
3020.2268792571267,183611,1296,1,"1"
3029.3322403899278,183593,1314,1,"1"
3034.9540303868635,183573,1334,2,"1-1"
3091.6414290282951,183570,1337,1,"1"
3098.2098553960141,183552,1355,1,"1"
3116.7308414087324,183540,1367,1,"1"
3120.65629149296,183512,1395,2,"2"
3138.4832065409878,183494,1413,1,"1"
3145.0188348303773,183476,1431,1,"1"
3145.0319211749538,183458,1449,1,"1"
3180.4202548503617,183446,1461,1,"1"
3180.7873141802361,183422,1485,2,"2"
3181.3210503765399,183404,1503,1,"1"
3198.5161871159494,183386,1521,1,"1"
3212.8805567573268,183368,1539,1,"1"
3219.7280933919337,183354,1553,1,"1"
3222.0236543070287,183343,1564,1,"1"
3235.6051076861554,183334,1573,1,"1"
3267.0017080826692,183331,1576,1,"1"
3271.9512935308126,183314,1593,1,"1"
3278.036300566404,183296,1611,1,"1"
3287.1151778311196,183278,1629,1,"1"
3290.2990559460286,183273,1634,1,"1"
3308.3020052321363,183255,1652,1,"1"
3333.6426660379861,183225,1682,2,"2"
3336.9440197956146,183209,1698,1,"1"
3338.0227294316296,183191,1716,1,"1"
3341.6484701797472,183173,1734,1,"1"
3345.7783430421073,183155,1752,1,"1"
3348.1066735716236,183150,1757,1,"1"
3349.1968372034703,183132,1775,1,"1"
3366.5162132609476,183129,1778,1,"1"
3380.6789767813325,183111,1796,1,"1"
3382.0375434112689,183093,1814,1,"1"
3391.3173263819212,183075,1832,1,"1"
3391.4692806100215,183072,1835,1,"1"
3403.7913205131049,183056,1851,4,"4"
3406.4098011248743,183038,1869,1,"1"
3426.2384877170043,183020,1887,1,"1"
3437.1663668162519,183002,1905,1,"1"
3439.5154117341572,182993,1914,3,"2-1"
3482.1623361483148,182990,1917,1,"1"
3486.4616742177263,182972,1935,1,"1"
3496.3334438524539,182954,1953,1,"1"
3505.3706541007305,182942,1965,1,"1"
3508.9158682314578,182908,1999,3,"2-1"
3510.5943139341034,182903,2004,1,"1"
3515.5787224768951,182898,2009,1,"1"
3522.3136337694314,182880,2027,1,"1"
3528.1794878639407,182877,2030,1,"1"
3531.5047789420264,182871,2036,2,"2"
3532.8098684937036,182858,2049,1,"1"
3535.9881138995102,182822,2085,2,"1-1"
3542.3931500762715,182794,2113,2,"2"
3548.1753735762659,182782,2125,2,"1-1"
3551.2870192081059,182754,2153,2,"2"
3581.8119753748301,182736,2171,1,"1"
3582.8221960794758,182724,2183,4,"2-1-1"
3604.5467791523438,182714,2193,2,"2"
3617.0081625314228,182696,2211,1,"1"
3627.8421924720383,182684,2223,1,"1"
3638.9392992930134,182666,2241,1,"1"
3659.0061783904443,182656,2251,1,"1"
3682.1073682451024,182651,2256,1,"1"
3699.136243154644,182638,2269,3,"2-1"
3699.4938072488176,182629,2278,1,"1"
3712.8488155237474,182593,2314,2,"2"
3716.7670269636096,182575,2332,1,"1"
3733.2361464595974,182557,2350,1,"1"
3762.2997332656296,182539,2368,1,"1"
3780.5717233359878,182529,2378,1,"1"
3791.9776394612486,182491,2416,6,"6"
3812.2601724564443,182473,2434,1,"1"
3832.2579633578666,182451,2456,2,"2"
3873.8891491314675,182433,2474,1,"1"
3878.6791681739205,182415,2492,1,"1"
3879.8035574463524,182408,2499,1,"1"
3883.0577582759511,182390,2517,1,"1"
3885.3055964471359,182372,2535,1,"1"
3894.9849477558664,182365,2542,1,"1"
3897.6494072019545,182347,2560,1,"1"
3909.1262194396263,182337,2570,1,"1"
3914.5271756624338,182332,2575,1,"1"
3921.6553575449666,182329,2578,1,"1"
3929.3879243818446,182311,2596,1,"1"
3933.3750769193184,182289,2618,2,"2"
3945.9635598729228,182271,2636,1,"1"
3949.3838493025241,182265,2642,2,"2"
3953.2924006728113,182247,2660,1,"1"
3969.2179524036642,182229,2678,1,"1"
3999.5108063000412,182211,2696,1,"1"
4009.6767511599578,182206,2701,1,"1"
4012.8796621519255,182170,2737,2,"1-1"
4031.3808861475241,182152,2755,1,"1"
4041.1230383069715,182143,2764,1,"1"
4055.1196781499398,182131,2776,1,"1"
4059.2022792677876,182113,2794,1,"1"
4065.0792026467361,182102,2805,1,"1"
4090.1566017010155,182084,2823,1,"1"
4097.3395642819532,182066,2841,1,"1"
4099.2720100666302,182054,2853,1,"1"
4103.2156633751119,182030,2877,2,"2"
4110.1219746015477,182023,2884,1,"1"
4110.7084840172793,182005,2902,1,"1"
4111.3417276965292,181987,2920,1,"1"
4116.9683361754369,181969,2938,1,"1"
4119.2377921785783,181949,2958,2,"1-1"
4132.9939939037658,181931,2976,1,"1"
4139.506708098841,181899,3008,2,"1-1"
4168.29394571185,181889,3018,1,"1"
4178.6427008314477,181879,3028,1,"1"
4180.6974664747622,181861,3046,1,"1"
4181.9188865980095,181843,3064,1,"1"
4183.4346138864939,181818,3089,5,"4-1"
4199.6741238389022,181800,3107,1,"1"
4202.1626480931791,181797,3110,1,"1"
4235.3495965067368,181779,3128,1,"1"
4248.2539365964294,181774,3133,1,"1"
4282.1355747204607,181756,3151,1,"1"
4282.3047047141345,181736,3171,4,"2-1-1"
4283.6913273507907,181718,3189,1,"1"
4327.1452916236158,181700,3207,1,"1"
4330.0741105145235,181695,3212,1,"1"
4346.7745603504391,181685,3222,2,"2"
4351.0132399916356,181667,3240,1,"1"
4363.5253464107818,181649,3258,1,"1"
4366.4409869906558,181631,3276,1,"1"
4382.7791557854698,181626,3281,1,"1"
4385.7181632197644,181623,3284,1,"1"
4393.2474976787271,181605,3302,2,"2"
4396.4015889795564,181593,3314,1,"1"
4409.7238017623476,181557,3350,2,"2"
4411.9700431477286,181537,3370,4,"2-1-1"
4412.6285698091378,181532,3375,1,"1"
4417.223932801965,181521,3386,1,"1"
4429.1242593377683,181468,3439,3,"3"
4437.7697644128903,181450,3457,1,"1"
4438.4000716930541,181432,3475,1,"1"
4440.1401107096162,181414,3493,1,"1"
4441.2277236513592,181409,3498,1,"1"
4454.741216962926,181404,3503,1,"1"
4456.2926476828652,181379,3528,2,"1-1"
4459.4733666525799,181369,3538,1,"1"
4477.2635618901986,181351,3556,1,"1"
4499.0198332488972,181346,3561,1,"1"
4506.5026265179431,181328,3579,1,"1"
4507.4699194152263,181310,3597,1,"1"
4509.4648808523707,181292,3615,1,"1"
4537.0487943416947,181268,3639,4,"2-2"
4544.0576111968448,181244,3663,2,"2"
4563.735520784825,181231,3676,1,"1"
4582.3632999868541,181213,3694,1,"1"
4626.1758735998046,181195,3712,1,"1"
4627.6814207218995,181177,3730,1,"1"
4648.7556973943538,181168,3739,1,"1"
4660.1013819779846,181158,3749,2,"2"
4669.4528697239948,181149,3758,1,"1"
4670.5387926071662,181131,3776,1,"1"
4690.5320832722664,181113,3794,1,"1"
4695.6466674072417,181099,3808,1,"1"
4697.5955384256595,181081,3826,1,"1"
4710.9358043833963,181063,3844,1,"1"
4713.1365795498323,181047,3860,1,"1"
4725.6743701116293,181029,3878,1,"1"
4747.5499253648186,181011,3896,1,"1"
4772.47331661509,180933,3974,6,"2-2-1-1"
4794.8599049772383,180915,3992,1,"1"
4797.7631195623317,180910,3997,1,"1"
4820.585397372618,180892,4015,1,"1"
4822.3651031225445,180874,4033,1,"1"
4836.427976904296,180856,4051,1,"1"
4844.8053546358924,180816,4091,3,"2-1"
4844.8617584758404,180798,4109,1,"1"
4849.5954307524389,180788,4119,1,"1"
4853.1515116811361,180770,4137,1,"1"
4868.8583244026631,180760,4147,2,"2"
4877.53150021088,180747,4160,3,"2-1"
4912.112262317145,180740,4167,1,"1"
4945.352667291153,180722,4185,1,"1"
4948.0788769528172,180698,4209,2,"2"
4948.7844003543669,180680,4227,1,"1"
4951.8389879716369,180662,4245,1,"1"
4952.8367146810879,180644,4263,1,"1"
4960.2061533097249,180608,4299,2,"1-1"
4960.529181722819,180590,4317,1,"1"
4965.055503162037,180572,4335,1,"1"
4979.5125753538341,180554,4353,1,"1"
4992.3069968124801,180542,4365,1,"1"
4993.5812333572849,180505,4402,5,"3-1-1"
4994.3398450995946,180495,4412,1,"1"
5002.975948506587,180477,4430,1,"1"
5009.4594210660343,180459,4448,1,"1"
5016.2840725825981,180454,4453,1,"1"
5019.4741705967126,180439,4468,3,"3"
5031.1698926774307,180421,4486,1,"1"
5043.8196770574423,180414,4493,1,"1"
5046.4105436593727,180396,4511,1,"1"
5057.9430868449208,180378,4529,1,"1"
5076.0204999541083,180364,4543,1,"1"
5087.8334932351418,180358,4549,2,"2"
5089.7399071344717,180348,4559,1,"1"
5093.9671945379896,180333,4574,3,"2-1"
5106.0913674623189,180318,4589,1,"1"
5109.5467408952854,180308,4599,2,"1-1"
5110.0382456364559,180303,4604,1,"1"
5116.2672938549322,180285,4622,1,"1"
5136.882279272415,180268,4639,1,"1"
5138.1634902851993,180250,4657,1,"1"
5147.9289443471662,180232,4675,1,"1"
5173.2333784730408,180214,4693,1,"1"
5201.6885569632723,180171,4736,5,"2-2-1"
5217.1152160115062,180153,4754,1,"1"
5220.4090789805859,180135,4772,1,"1"
5229.9392630094235,180128,4779,1,"1"
5240.3385124705146,180110,4797,1,"1"
5258.5992532033351,180092,4815,1,"1"
5270.5410701554356,180080,4827,1,"1"
5271.0067861502957,180062,4845,1,"1"
5274.1525163630586,180034,4873,2,"1-1"
5277.1307920639802,180016,4891,1,"1"
5281.9488535824257,179995,4912,3,"2-1"
5283.5685420005402,179983,4924,1,"1"
5297.9448606922842,179965,4942,1,"1"
5317.4067081884505,179947,4960,1,"1"
5332.8869366256304,179935,4972,1,"1"
5340.7185563665298,179928,4979,1,"1"
5367.5027382972103,179916,4991,1,"1"
5371.9079466074027,179898,5009,1,"1"
5372.8051960021921,179880,5027,1,"1"
5393.1859635395176,179860,5047,2,"2"
5394.679795332514,179850,5057,1,"1"
5398.9367392453241,179835,5072,3,"2-1"
5414.9385587980069,179817,5090,1,"1"
5415.0284307155634,179799,5108,1,"1"
5416.8383886105285,179757,5150,3,"3"
5428.9781413737728,179739,5168,1,"1"
5444.0041258333531,179721,5186,1,"1"
5452.7996151638517,179703,5204,1,"1"
5462.3083115432,179649,5258,3,"2-1"
5472.5066324224881,179646,5261,1,"1"
5473.1372036270404,179643,5264,1,"1"
5473.6010895410918,179625,5282,1,"1"
5475.7638401549839,179607,5300,1,"1"
5481.8644001208422,179589,5318,1,"1"
5491.4085118426119,179547,5360,3,"2-1"
5496.25557873861,179538,5369,1,"1"
5503.1402623942449,179520,5387,1,"1"
5507.7989735246201,179502,5405,1,"1"
5524.8296044244235,179466,5441,2,"2"
5533.9702777336288,179448,5459,1,"1"
5535.8482086354925,179439,5468,1,"1"
5535.8906725797606,179421,5486,1,"1"
5543.6392014471221,179372,5535,9,"3-3-1-1-1"
5544.3474547672504,179362,5545,1,"1"
5553.1811993312176,179346,5561,2,"1-1"
5558.3214991304949,179343,5564,1,"1"
5560.524964501019,179325,5582,1,"1"
5566.2701975208929,179305,5602,2,"1-1"
5586.500663531805,179287,5620,1,"1"
5588.9297303460662,179267,5640,2,"2"
5596.5701207154561,179262,5645,1,"1"
5602.9148385035805,179248,5659,2,"2"
5605.3076311455798,179208,5699,3,"1-1-1"
5622.7312419389127,179190,5717,1,"1"
5640.3746497360116,179162,5745,4,"2-1-1"
5645.0606945530244,179155,5752,1,"1"
5666.3560472789004,179145,5762,1,"1"
5666.6843878343716,179127,5780,1,"1"
5671.4810512221084,179025,5882,14,"5-2-2-2-1-1-1"
5682.4507751590609,179013,5894,1,"1"
5691.7345231261115,178995,5912,1,"1"
5704.7356559861501,178977,5930,1,"1"
5706.0185375730862,178959,5948,1,"1"
5720.0277063054236,178944,5963,3,"2-1"
5723.3969772142018,178926,5981,1,"1"
5723.5333393927276,178908,5999,1,"1"
5734.4373054053349,178903,6004,1,"1"
5739.8238471930981,178885,6022,2,"2"
5740.4566503772758,178867,6040,1,"1"
5741.0794999549307,178830,6077,5,"3-1-1"
5768.9305828951638,178812,6095,1,"1"
5787.9784332202044,178807,6100,1,"1"
5791.410644862568,178789,6118,1,"1"
5794.0190546832873,178779,6128,2,"2"
5800.4739640733742,178761,6146,1,"1"
5831.8696045053039,178725,6182,2,"2"
5834.4603889549498,178707,6200,1,"1"
5847.4076745847105,178702,6205,1,"1"
5849.6096345283495,178684,6223,1,"1"
5852.2687634820913,178666,6241,1,"1"
5854.6669284785276,178648,6259,1,"1"
5865.6202774878993,178608,6299,4,"3-1"
5873.0182850666906,178590,6317,1,"1"
5876.7003744505782,178572,6335,1,"1"
5876.986670215636,178544,6363,2,"2"
5883.3585962107763,178539,6368,1,"1"
5884.3339386034831,178524,6383,3,"3"
5886.4195296050511,178506,6401,1,"1"
5895.6011715511677,178488,6419,1,"1"
5903.0180701239733,178483,6424,1,"1"
5909.8803182842448,178471,6436,1,"1"
5914.3864482637264,178453,6454,1,"1"
5922.4701545125654,178421,6486,2,"2"
5928.6559007528504,178403,6504,1,"1"
5929.1956610248071,178385,6522,1,"1"
5952.2359802289548,178349,6558,2,"1-1"
5955.0264523078977,178331,6576,1,"1"
5958.1775920696618,178313,6594,1,"1"
5978.8759078664016,178289,6618,2,"2"
5979.3369705707073,178271,6636,1,"1"
5990.8175579992349,178253,6654,1,"1"
6000.7399851133232,178240,6667,1,"1"
6000.9075217080135,178222,6685,1,"1"
6002.9235479679137,178215,6692,1,"1"
6009.6984637899614,178197,6710,1,"1"
6019.9194632847484,178187,6720,1,"1"
6024.9571048433772,178173,6734,2,"2"
6025.0420688911145,178153,6754,2,"2"
6032.2962830202714,178131,6776,2,"1-1"
6033.3685612345043,178113,6794,1,"1"
6036.1920142515028,178095,6812,1,"1"
6040.1735284745046,178077,6830,1,"1"
6047.2784808580891,178059,6848,1,"1"
6048.8549624569578,178046,6861,1,"1"
6049.4611371546334,177978,6929,5,"3-1-1"
6063.1258447898208,177950,6957,4,"2-2"
6077.2868863196572,177941,6966,1,"1"
6082.3445337600688,177923,6984,1,"1"
6099.0771180667862,177869,7038,3,"3"
6103.092864887848,177858,7049,1,"1"
6111.6943873479067,177836,7071,2,"2"
6114.4517532182663,177765,7142,6,"4-1-1"
6114.935328801098,177741,7166,2,"1-1"
6122.212642005401,177711,7196,6,"3-2-1"
6123.5121098647196,177693,7214,1,"1"
6137.8224101106534,177688,7219,1,"1"
6138.413935372002,177670,7237,1,"1"
6148.5460508691776,177594,7313,6,"5-1"
6149.1275746207257,177576,7331,1,"1"
6169.4663756860955,177564,7343,1,"1"
6175.4681012049887,177546,7361,1,"1"
6205.0897943659293,177504,7403,6,"2-2-1-1"
6214.5494533070805,177486,7421,1,"1"
6216.7313071251629,177468,7439,1,"1"
6225.1064897977985,177432,7475,2,"2"
6225.1936734690325,177225,7682,25,"5-4-3-2-2-2-1-1-1-1-1-1-1"
6240.1736586431853,177202,7705,3,"2-1"
6241.2784183214771,177136,7771,5,"2-2-1"
6245.3380115876225,177118,7789,1,"1"
6245.7977346219877,177100,7807,1,"1"
6264.2975430963197,177072,7835,2,"1-1"
6268.8253596236182,177054,7853,1,"1"
6280.8376695348079,177036,7871,1,"1"
6285.6861249482727,176992,7915,4,"2-2"
6290.9890778279714,176976,7931,1,"1"
6299.8325102821764,176962,7945,1,"1"
6301.7152790931304,176944,7963,1,"1"
6310.0359039058903,176937,7970,1,"1"
6317.8284305149382,176924,7983,1,"1"
6318.5783937612832,176862,8045,5,"2-2-1"
6322.2435972394633,176844,8063,1,"1"
6338.4117802015744,176811,8096,3,"2-1"
6340.2032876251969,176793,8114,1,"1"
6345.6564616470077,176775,8132,1,"1"
6347.3392938609095,176761,8146,1,"1"
6353.9827335121936,176749,8158,1,"1"
6359.7942152437718,176733,8174,2,"2"
6362.3622807893171,176715,8192,1,"1"
6364.645258626776,176697,8210,1,"1"
6365.7799584030399,176679,8228,1,"1"
6372.0762035338248,176661,8246,1,"1"
6374.0039979351513,176643,8264,1,"1"
6386.369111557291,176631,8276,1,"1"
6402.4691955630287,176584,8323,3,"3"
6406.1210775949348,176548,8359,2,"1-1"
6409.1139766354008,176530,8377,1,"1"
6424.759422255067,176514,8393,1,"1"
6425.3851036707638,176503,8404,1,"1"
6425.4923541497983,176493,8414,1,"1"
6434.537303684061,176427,8480,7,"4-2-1"
6440.124472773834,176409,8498,1,"1"
6443.0912072946221,176397,8510,1,"1"
6467.2468599218018,176379,8528,1,"1"
6473.0192010326373,176361,8546,1,"1"
6493.3344772840128,176343,8564,1,"1"
6525.7810491740038,176325,8582,1,"1"
6526.0517599695177,176307,8600,1,"1"
6528.2186492681512,176289,8618,1,"1"
6533.2070028826074,176271,8636,1,"1"
6533.502692248213,176185,8722,7,"2-2-2-1"
6536.5906828960915,176167,8740,1,"1"
6543.6453989309484,176127,8780,4,"2-1-1"
6576.8963151236867,176102,8805,3,"3"
6581.7713821603047,176084,8823,1,"1"
6586.538411933233,176079,8828,1,"1"
6587.7104819581546,176061,8846,1,"1"
6588.7185290277266,176027,8880,3,"3"
6594.7444703267392,176005,8902,2,"1-1"
6602.593721055011,175987,8920,1,"1"
6605.8446036991818,175969,8938,1,"1"
6605.884674970338,175951,8956,1,"1"
6630.66961145404,175944,8963,1,"1"
6633.7358137546544,175926,8981,1,"1"
6636.0634112944335,175908,8999,1,"1"
6637.7532680841232,175890,9017,1,"1"
6640.2713513897452,175872,9035,1,"1"
6642.8947117030793,175834,9073,4,"3-1"
6649.8992169140811,175816,9091,1,"1"
6681.5538145331248,175762,9145,3,"3"
6683.7466714095153,175744,9163,1,"1"
6692.4851562529839,175726,9181,1,"1"
6703.1383191762807,175708,9199,1,"1"
6710.293364324596,175690,9217,1,"1"
6711.8891646263837,175596,9311,8,"2-2-1-1-1-1"
6723.473685318314,175578,9329,1,"1"
6729.5282424999459,175560,9347,1,"1"
6729.9159214405217,175542,9365,1,"1"
6734.2482836289018,175529,9378,1,"1"
6740.1485175678154,175493,9414,2,"2"
6750.7917605653383,175475,9432,1,"1"
6760.4637474956653,175457,9450,1,"1"
6763.4000545482531,175347,9560,12,"4-3-2-1-1-1"
6778.1360397939816,175332,9575,3,"3"
6780.6690779467735,175296,9611,2,"1-1"
6784.1844567427261,175278,9629,1,"1"
6788.1308080666531,175260,9647,1,"1"
6788.182731682653,175243,9664,1,"1"
6793.0652981007788,175225,9682,1,"1"
6795.5717344047498,175195,9712,2,"1-1"
6799.8342671001083,175091,9816,7,"2-2-2-1"
6810.6975472157001,175073,9834,1,"1"
6811.2476053679356,175055,9852,1,"1"
6813.5019118684368,175037,9870,1,"1"
6815.502980233985,175019,9888,1,"1"
6830.2641239966142,175001,9906,1,"1"
6835.1286446835893,174983,9924,1,"1"
6835.9002867931795,174903,10004,7,"5-1-1"
6836.5442657817193,174896,10011,1,"1"
6850.7338274570175,174872,10035,2,"2"
6853.4362089055057,174823,10084,5,"2-1-1-1"
6864.4827177642419,174805,10102,1,"1"
6870.4279899750591,174769,10138,2,"2"
6873.551404182379,174751,10156,1,"1"
6881.4873482078765,174733,10174,1,"1"
6886.1245366676412,174719,10188,1,"1"
6890.7811996989531,174701,10206,1,"1"
6901.219956728145,174683,10224,1,"1"
6914.7860744719028,174665,10242,1,"1"
6919.9349079094818,174553,10354,8,"3-2-2-1"
6935.3504088164118,174535,10372,1,"1"
6940.1347013896302,174517,10390,1,"1"
6947.139222993057,174483,10424,2,"1-1"
6948.818690269085,174465,10442,1,"1"
6951.3403364565274,174447,10460,1,"1"
6961.8669896957763,174392,10515,5,"3-2"
6964.238975002907,174374,10533,2,"2"
6965.8816082426229,174356,10551,1,"1"
6967.0707180609406,174336,10571,2,"2"
6973.529695989072,174318,10589,1,"1"
6973.7258145444057,174300,10607,1,"1"
6989.8855060393425,174282,10625,1,"1"
6992.5998835242481,174243,10664,5,"2-1-1-1"
6996.5535034855739,174225,10682,1,"1"
6996.8450818368037,174182,10725,4,"2-2"
6999.58907233233,174165,10742,1,"1"
7000.9611429220222,174147,10760,1,"1"
7001.5207262802905,173603,11304,43,"5-4-3-3-3-2-2-2-2-2-2-1-1-1-1-1-1-1-1-1-1-1-1-1"
7012.4382214916714,173593,11314,1,"1"
7015.7772477394919,173575,11332,1,"1"
7036.5161237123875,173385,11522,18,"6-3-2-2-2-1-1-1"
7047.4704067640741,173374,11533,1,"1"
7049.417373669994,173356,11551,1,"1"
7057.7258424874162,173338,11569,1,"1"
7065.2039424568675,173237,11670,13,"5-3-2-1-1-1"
7066.5006901888801,173103,11804,9,"2-2-1-1-1-1-1"
7067.9758540029643,173085,11822,1,"1"
7076.6984745354621,173073,11834,2,"1-1"
7091.8191134355375,0,184907,9762,"9762"
----------------------------------------------8
0,184907,0,0,"0"
91.114511222897164,184897,10,1,"1"
92.358290050031314,184896,11,1,"1"
210.84099803705595,184895,12,1,"1"
291.66756314272715,184894,13,1,"1"
315.50772926425657,184893,14,1,"1"
345.04771617478366,184892,15,1,"1"
444.17782199618409,184874,33,1,"1"
559.99637082275956,184873,34,1,"1"
571.60546218534603,184855,52,1,"1"
595.05270570250036,184852,55,1,"1"
610.06831659856527,184851,56,1,"1"
626.80576544199243,184833,74,2,"2"
633.39489004952418,184815,92,1,"1"
644.81136950004714,184809,98,2,"2"
667.54259412046861,184808,99,1,"1"
694.43267305140478,184807,100,1,"1"
744.36713886728307,184806,101,1,"1"
762.52935450005464,184804,103,2,"1-1"
768.36698400345051,184803,104,1,"1"
779.71776827361771,184785,122,1,"1"
785.66750630243814,184784,123,1,"1"
788.99948056129119,184772,135,1,"1"
815.05034322233428,184754,153,1,"1"
817.44042441616148,184749,158,1,"1"
837.3522144812091,184746,161,3,"2-1"
887.28202284883855,184728,179,1,"1"
889.7480510857871,184727,180,1,"1"
898.51707259165676,184726,181,1,"1"
907.64030140699981,184725,182,1,"1"
909.4105693168915,184724,183,1,"1"
920.76576310767939,184723,184,1,"1"
925.74632426365963,184722,185,1,"1"
926.84160700494681,184720,187,2,"2"
1005.3680633069145,184719,188,1,"1"
1010.5676124632848,184718,189,1,"1"
1027.0079340737504,184717,190,1,"1"
1044.6406426727888,184707,200,1,"1"
1047.7675913946107,184706,201,1,"1"
1047.9250521694992,184704,203,2,"2"
1055.162703742152,184702,205,2,"2"
1075.2035482910969,184701,206,1,"1"
1088.8987700501793,184700,207,1,"1"
1090.2291039862114,184698,209,2,"2"
1094.0475635867911,184678,229,2,"2"
1164.2218602568919,184677,230,1,"1"
1166.7520561401266,184675,232,2,"2"
1178.9242672953992,184670,237,3,"2-1"
1192.099524885052,184652,255,1,"1"
1196.3469163879236,184647,260,1,"1"
1212.3345800891855,184646,261,1,"1"
1247.0363602587477,184644,263,2,"2"
1265.0113267936113,184643,264,1,"1"
1269.2656677715781,184625,282,1,"1"
1275.0935696509637,184621,286,2,"1-1"
1292.6370984037001,184620,287,1,"1"
1295.3553022925669,184619,288,1,"1"
1296.0396581454092,184617,290,2,"2"
1305.3896273222936,184616,291,1,"1"
1306.5341662303058,184602,305,2,"2"
1318.9934106203968,184600,307,2,"2"
1323.3588683669948,184599,308,1,"1"
1329.4843566724333,184598,309,1,"1"
1389.3082287514003,184597,310,1,"1"
1417.7582844371775,184596,311,1,"1"
1450.5453060362186,184595,312,1,"1"
1478.6684866556877,184583,324,1,"1"
1479.2760509385116,184565,342,1,"1"
1486.1933606934713,184564,343,1,"1"
1490.1011058419804,184546,361,1,"1"
1493.711438010057,184544,363,2,"1-1"
1494.7634310613491,184534,373,1,"1"
1501.5830510350686,184516,391,1,"1"
1504.5585765403798,184515,392,1,"1"
1508.7403392343424,184497,410,1,"1"
1518.4709493001733,184495,412,2,"2"
1523.1998932948925,184494,413,1,"1"
1523.9509906887936,184484,423,1,"1"
1526.2302987310211,184473,434,1,"1"
1529.754578078388,184471,436,2,"2"
1534.1149921295137,184469,438,2,"1-1"
1534.5070584829214,184468,439,1,"1"
1539.6240018404776,184467,440,1,"1"
1550.8179042591719,184464,443,1,"1"
1556.041711508145,184449,458,1,"1"
1562.2545100927318,184448,459,1,"1"
1585.061042562791,184430,477,1,"1"
1589.2629751535308,184418,489,1,"1"
1593.2482269569045,184400,507,1,"1"
1595.1001158067613,184397,510,3,"2-1"
1609.8563447614627,184396,511,1,"1"
1611.9296695609885,184395,512,1,"1"
1620.6996942327607,184377,530,1,"1"
1626.2867025919727,184376,531,1,"1"
1641.0214734224594,184374,533,2,"2"
1659.1298530804077,184369,538,1,"1"
1670.449794972616,184367,540,2,"2"
1688.5547752112684,184362,545,5,"1-1-1-1-1"
1689.1151996004094,184361,546,1,"1"
1694.068876197698,184358,549,1,"1"
1703.1761097491728,184346,561,1,"1"
1734.1067740416377,184340,567,2,"2"
1735.6337281825347,184337,570,3,"3"
1738.3292284629947,184319,588,1,"1"
1748.3514946029413,184318,589,1,"1"
1749.9785622537452,184300,607,1,"1"
1755.1077477945289,184299,608,1,"1"
1759.633298555003,184294,613,1,"1"
1761.7061140403516,184293,614,1,"1"
1811.3373312509852,184290,617,1,"1"
1820.0627268521603,184278,629,1,"1"
1828.4000356984097,184276,631,2,"2"
1832.7537037636866,184258,649,1,"1"
1850.7686977143483,184256,651,2,"2"
1853.7728355254394,184253,654,1,"1"
1885.0217756995726,184252,655,1,"1"
1886.490076491237,184251,656,1,"1"
1888.0902534569541,184250,657,1,"1"
1894.1338148728487,184232,675,1,"1"
1922.7426479114552,184214,693,1,"1"
1929.2336491408196,184196,711,1,"1"
1996.8067822082853,184195,712,1,"1"
1996.9389959530538,184190,717,1,"1"
1997.505889663116,184189,718,1,"1"
2017.8152831458431,184184,723,1,"1"
2020.1873307756841,184180,727,2,"1-1"
2024.9297612375337,184162,745,1,"1"
2029.4766743042239,184161,746,1,"1"
2035.3305178265139,184149,758,1,"1"
2041.4341790354808,184135,772,1,"1"
2042.407170058558,184134,773,1,"1"
2047.4079712993484,184132,775,2,"2"
2051.2762283199927,184114,793,1,"1"
2087.4108149440153,184113,794,1,"1"
2096.6138638118232,184110,797,1,"1"
2112.0956846043318,184092,815,1,"1"
2114.6253280458459,184089,818,3,"3"
2132.446942870396,184088,819,1,"1"
2134.4114075237567,184082,825,2,"1-1"
2147.8986415441927,184079,828,1,"1"
2148.3675694948938,184077,830,2,"2"
2160.1423353719938,184076,831,1,"1"
2190.6964409134939,184056,851,6,"4-2"
2197.9416336888362,184050,857,2,"2"
2207.5076207264428,184044,863,2,"2"
2245.8224892765102,184043,864,1,"1"
2258.5832146212811,184025,882,1,"1"
2283.9353320866994,184023,884,2,"2"
2287.3668881713247,184018,889,1,"1"
2296.392312713383,184015,892,1,"1"
2297.59130448307,183997,910,1,"1"
2299.9619620665385,183979,928,1,"1"
2315.0038702524289,183965,942,1,"1"
2344.5804252654857,183962,945,1,"1"
2346.5575962779681,183944,963,1,"1"
2353.2304066555471,183926,981,1,"1"
2356.7368626304878,183925,982,1,"1"
2380.446693816652,183919,988,2,"1-1"
2423.7316495748332,183901,1006,1,"1"
2427.6218493453966,183883,1024,1,"1"
2440.474744651216,183865,1042,1,"1"
2461.7682935261541,183859,1048,2,"1-1"
2467.0204996624998,183841,1066,1,"1"
2471.5627216229072,183832,1075,3,"3"
2477.1919739372356,183822,1085,1,"1"
2513.9988280845701,183804,1103,1,"1"
2524.3789288886255,183799,1108,1,"1"
2574.5256802647095,183781,1126,1,"1"
2583.6144108132758,183762,1145,3,"2-1"
2585.50936972811,183761,1146,1,"1"
2588.0577417599352,183750,1157,1,"1"
2590.3469853836377,183732,1175,1,"1"
2600.206765556255,183714,1193,1,"1"
2607.8098306621478,183713,1194,1,"1"
2635.0270245119582,183695,1212,1,"1"
2655.1254310603931,183677,1230,1,"1"
2663.9410352847563,183665,1242,1,"1"
2666.7298648319588,183647,1260,1,"1"
2672.1500344671149,183629,1278,1,"1"
2727.9442259140064,183615,1292,1,"1"
2727.956088325333,183579,1328,2,"2"
2732.0493443088117,183573,1334,2,"2"
2736.2329123983955,183570,1337,1,"1"
2779.1064130354052,183560,1347,1,"1"
2791.9898680914744,183542,1365,1,"1"
2792.1433231329174,183524,1383,1,"1"
2806.8551858041487,183519,1388,1,"1"
2817.2575630860474,183512,1395,1,"1"
2830.544035461879,183509,1398,1,"1"
2846.8190037039512,183491,1416,1,"1"
2847.6407336780121,183473,1434,1,"1"
2866.3225828939285,183470,1437,1,"1"
2875.4211574259575,183452,1455,1,"1"
2879.2908970631033,183434,1473,1,"1"
2887.1825272213264,183431,1476,1,"1"
2902.858950316293,183426,1481,1,"1"
2910.016079886233,183408,1499,1,"1"
2940.6002142951952,183398,1509,1,"1"
2948.8656525224269,183397,1510,1,"1"
2949.1490713887647,183392,1515,1,"1"
2989.1413752092139,183386,1521,2,"2"
3044.5516729650731,183376,1531,1,"1"
3064.5789903156674,183362,1545,2,"2"
3131.0003258923989,183326,1581,2,"2"
3131.1328081171437,183318,1589,2,"2"
3143.3287434612603,183300,1607,1,"1"
3159.7958284804627,183295,1612,1,"1"
3175.846916596794,183290,1617,1,"1"
3197.0012233704788,183285,1622,1,"1"
3223.0989952089112,183280,1627,1,"1"
3225.4796906946149,183262,1645,1,"1"
3226.0232524028611,183256,1651,2,"2"
3233.3287106305347,183251,1656,1,"1"
3261.9296141524087,183237,1670,1,"1"
3284.6331607675556,183227,1680,1,"1"
3297.8421864822694,183207,1700,6,"3-2-1"
3301.7080297501388,183204,1703,1,"1"
3307.6609682443345,183191,1716,1,"1"
3312.9782937543373,183173,1734,1,"1"
3317.9428715761364,183155,1752,1,"1"
3319.8639945961691,183137,1770,1,"1"
3330.6559995538782,183119,1788,1,"1"
3332.4082768851499,183114,1793,1,"1"
3341.0266801194975,183100,1807,1,"1"
3343.3564475702697,183082,1825,1,"1"
3370.106298325165,183064,1843,1,"1"
3381.9985879476608,183059,1848,1,"1"
3430.8308093373107,183056,1851,1,"1"
3432.4117128209123,183046,1861,1,"1"
3444.6260789462735,183010,1897,2,"1-1"
3470.2614830592906,183000,1907,1,"1"
3472.2343930002089,182984,1923,1,"1"
3515.5714428586816,182966,1941,1,"1"
3527.5397558755512,182959,1948,1,"1"
3530.599632425688,182952,1955,1,"1"
3538.7231025040815,182934,1973,1,"1"
3568.4250268063415,182929,1978,1,"1"
3592.1078575261467,182911,1996,1,"1"
3619.7700199119063,182899,2008,1,"1"
3631.4830188746328,182881,2026,1,"1"
3633.1387878662549,182871,2036,1,"1"
3641.7309649619328,182866,2041,1,"1"
3648.5862354053479,182854,2053,1,"1"
3665.2488472310729,182836,2071,1,"1"
3666.8432212398889,182826,2081,1,"1"
3671.9980553913219,182823,2084,1,"1"
3676.2326891835087,182813,2094,1,"1"
3687.1433487068571,182795,2112,1,"1"
3687.9397178268041,182777,2130,1,"1"
3703.5185188103283,182750,2157,5,"3-1-1"
3706.3461132896755,182740,2167,2,"2"
3741.489424236046,182722,2185,1,"1"
3752.1434478678643,182719,2188,1,"1"
3757.2456067972339,182716,2191,1,"1"
3759.2074062443571,182707,2200,3,"3"
3781.954709879722,182689,2218,1,"1"
3783.9683809687053,182679,2228,1,"1"
3787.6690996011466,182661,2246,1,"1"
3790.7328251690233,182643,2264,1,"1"
3797.7140007013786,182631,2276,1,"1"
3813.1606263261519,182621,2286,1,"1"
3824.3000214619478,182603,2304,1,"1"
3832.8178261361913,182549,2358,3,"1-1-1"
3839.2982736977633,182531,2376,1,"1"
3842.8917536628915,182513,2394,1,"1"
3847.7093695695958,182497,2410,1,"1"
3862.2482015422756,182479,2428,1,"1"
3872.3831048432617,182461,2446,1,"1"
3877.0447668689167,182456,2451,1,"1"
3887.1002694723798,182453,2454,1,"1"
3889.5008454252084,182446,2461,1,"1"
3906.154407905402,182428,2479,1,"1"
3921.9543026394572,182410,2497,1,"1"
3931.7973708028526,182392,2515,1,"1"
3944.1891965655063,182374,2533,1,"1"
3944.7133956728758,182364,2543,1,"1"
3945.9996210488557,182340,2567,4,"4"
3960.3810164404549,182333,2574,1,"1"
4006.8852262935384,182315,2592,1,"1"
4020.9215850599207,182299,2608,1,"1"
4039.6230133098516,182252,2655,7,"3-2-1-1"
4086.5250194151222,182234,2673,1,"1"
4099.6983959407135,182229,2678,1,"1"
4105.7947807380815,182211,2696,1,"1"
4114.6259468962553,182193,2714,1,"1"
4135.6671540292464,182175,2732,1,"1"
4148.9889898030378,182165,2742,2,"2"
4168.7678675131128,182147,2760,1,"1"
4173.7838975593668,182129,2778,1,"1"
4176.9748269041665,182101,2806,2,"1-1"
4178.6207463130431,182098,2809,1,"1"
4186.5251389820096,182045,2862,3,"3"
4192.9170052280942,182027,2880,1,"1"
4206.8917000906213,182022,2885,1,"1"
4216.8687472177662,182017,2890,1,"1"
4223.0222729587676,181999,2908,1,"1"
4224.4913515773878,181996,2911,1,"1"
4227.6126867717685,181978,2929,1,"1"
4229.1832625393899,181960,2947,1,"1"
4239.4213383869255,181942,2965,1,"1"
4241.4334186048263,181924,2983,1,"1"
4251.7200506055078,181906,3001,1,"1"
4255.6927691183973,181888,3019,1,"1"
4268.0410889302193,181852,3055,2,"2"
4275.1516689438467,181849,3058,1,"1"
4295.6093433786182,181831,3076,1,"1"
4306.7593110575126,181813,3094,1,"1"
4310.3959102774988,181795,3112,1,"1"
4351.50983990641,181777,3130,1,"1"
4366.8671700968825,181766,3141,1,"1"
4369.5110401818138,181741,3166,3,"2-1"
4370.1098826561738,181727,3180,2,"2"
4378.8025178416474,181709,3198,1,"1"
4380.9503566280337,181691,3216,1,"1"
4381.985511206829,181673,3234,1,"1"
4388.6644052506281,181670,3237,1,"1"
4389.4547894084562,181634,3273,2,"2"
4422.7360605880831,181622,3285,1,"1"
4430.2171060278361,181604,3303,1,"1"
4444.5421454629568,181592,3315,1,"1"
4447.0509656435115,181583,3324,1,"1"
4461.4834210946738,181565,3342,1,"1"
4467.7558764225623,181547,3360,1,"1"
4471.9941278505958,181542,3365,1,"1"
4481.3291753600906,181537,3370,1,"1"
4498.1226378325628,181519,3388,1,"1"
4520.2758621492958,181505,3402,1,"1"
4523.6214262451886,181487,3420,1,"1"
4543.4304283106203,181469,3438,1,"1"
4544.052243639514,181457,3450,1,"1"
4551.4071698009766,181439,3468,1,"1"
4552.7500404115181,181421,3486,1,"1"
4552.9752891072294,181403,3504,1,"1"
4557.2133691455056,181393,3514,1,"1"
4570.1357451881577,181375,3532,1,"1"
4571.1796948490473,181368,3539,1,"1"
4573.0324549694351,181344,3563,4,"4"
4576.3283375986794,181339,3568,1,"1"
4580.4017908903998,181321,3586,1,"1"
4588.7603809463481,181303,3604,1,"1"
4597.366347418726,181277,3630,4,"1-1-1-1"
4613.6758210737835,181264,3643,3,"2-1"
4621.3640899969459,181246,3661,1,"1"
4625.543789470642,181224,3683,4,"3-1"
4650.2946679042652,181188,3719,2,"1-1"
4657.5795624782686,181154,3753,3,"1-1-1"
4657.9628182986971,181130,3777,2,"2"
4688.2845449833712,181108,3799,2,"2"
4698.127896457876,181101,3806,1,"1"
4698.9871020922028,181096,3811,1,"1"
4713.2312773644499,181079,3828,3,"2-1"
4725.1801778561303,181061,3846,1,"1"
4725.2250433962645,181048,3859,1,"1"
4725.2640519468696,181043,3864,1,"1"
4727.4319996509021,181025,3882,1,"1"
4730.8212450146439,181007,3900,1,"1"
4737.011240744032,180989,3918,1,"1"
4744.3533468450605,180971,3936,1,"1"
4749.6566743660023,180953,3954,1,"1"
4752.8475767332939,180935,3972,1,"1"
4754.0937360543912,180917,3990,1,"1"
4756.8754969571837,180889,4018,2,"2"
4778.1494761935674,180878,4029,1,"1"
4784.2984449916585,180842,4065,2,"2"
4786.0289790555526,180815,4092,3,"2-1"
4807.2680580447704,180779,4128,2,"1-1"
4830.816751829062,180767,4140,1,"1"
4832.0430616547364,180749,4158,1,"1"
4868.5671991200106,180731,4176,1,"1"
4873.3457131024252,180713,4194,1,"1"
4888.1461853049514,180695,4212,1,"1"
4890.9845706235556,180677,4230,1,"1"
4903.079361113003,180664,4243,1,"1"
4907.4778433998781,180646,4261,1,"1"
4907.9729402807779,180639,4268,1,"1"
4913.1261737104878,180621,4286,1,"1"
4923.1931240342146,180603,4304,1,"1"
4930.4219266638647,180598,4309,1,"1"
4931.6008090576843,180588,4319,1,"1"
4933.0056482477321,180570,4337,1,"1"
4937.8210583117261,180552,4355,1,"1"
4945.9249100426887,180540,4367,1,"1"
4967.8023110780459,180535,4372,1,"1"
4977.9016512445842,180525,4382,1,"1"
4983.5259976216512,180462,4445,9,"2-2-2-1-1-1"
4990.1136803663849,180426,4481,3,"2-1"
5010.3936328388427,180408,4499,1,"1"
5047.6737757246792,180394,4513,2,"2"
5051.116321026414,180376,4531,1,"1"
5079.3598847749909,180366,4541,1,"1"
5103.7379209659302,180361,4546,1,"1"
5128.4273112305,180343,4564,1,"1"
5148.8538984252173,180325,4582,1,"1"
5157.6747065706177,180289,4618,6,"5-1"
5182.0685476426352,180276,4631,1,"1"
5197.8982857882256,180251,4656,3,"3"
5211.8431719840364,180233,4674,1,"1"
5229.050638250812,180230,4677,1,"1"
5229.2459188322891,180212,4695,1,"1"
5250.4432568258389,180194,4713,1,"1"
5271.9777822481583,180176,4731,1,"1"
5273.2119147783706,180158,4749,1,"1"
5284.5599745789159,180140,4767,1,"1"
5292.2489207128692,180122,4785,1,"1"
5302.9480263841051,180104,4803,1,"1"
5309.8808856779951,180068,4839,2,"1-1"
5316.1261607776778,180050,4857,1,"1"
5319.1435393004213,180040,4867,1,"1"
5330.9562775208524,180029,4878,1,"1"
5331.5430260944322,180011,4896,1,"1"
5341.7583044725616,180008,4899,1,"1"
5344.2969943902408,179994,4913,2,"1-1"
5349.6293034367154,179982,4925,1,"1"
5352.6716558676471,179960,4947,2,"2"
5367.6950366987958,179942,4965,1,"1"
5372.4283261873998,179924,4983,1,"1"
5375.3993670581049,179868,5039,6,"3-1-1-1"
5378.6973767443824,179858,5049,1,"1"
5391.2324445196637,179840,5067,1,"1"
5399.7138166478699,179813,5094,3,"3"
5403.2303814409215,179803,5104,2,"2"
5407.7500724583224,179785,5122,1,"1"
5411.4219944917759,179767,5140,1,"1"
5413.5579247819023,179727,5180,6,"2-2-2"
5416.376941683282,179691,5216,2,"2"
5422.6321594317424,179673,5234,1,"1"
5449.3916227822247,179657,5250,2,"1-1"
5470.0447578463254,179643,5264,2,"2"
5487.9481641723332,179625,5282,1,"1"
5496.4474484824286,179602,5305,3,"1-1-1"
5505.4310743851647,179597,5310,1,"1"
5506.1595709297944,179587,5320,1,"1"
5507.322896362668,179569,5338,1,"1"
5509.2222614634502,179551,5356,1,"1"
5511.2493005833849,179534,5373,3,"3"
5525.0527237692349,179516,5391,1,"1"
5530.2450835229201,179511,5396,1,"1"
5532.9755147570677,179493,5414,1,"1"
5548.9563470621197,179484,5423,1,"1"
5558.1974223646657,179466,5441,1,"1"
5595.2983114388499,179430,5477,2,"2"
5596.0498511632268,179412,5495,1,"1"
5598.6314673278894,179391,5516,3,"2-1"
5605.8211658953496,179372,5535,3,"1-1-1"
5608.3361899629163,179336,5571,2,"2"
5613.2791754922646,179300,5607,2,"2"
5617.6114181013754,179289,5618,1,"1"
5625.5995568676153,179271,5636,1,"1"
5630.9032783510547,179253,5654,1,"1"
5632.4268269007662,179239,5668,1,"1"
5666.6141162396971,179155,5752,6,"3-1-1-1"
5673.8253548493394,179145,5762,1,"1"
5688.4280866114159,179121,5786,2,"1-1"
5703.2057686263788,179099,5808,2,"1-1"
5704.9422318543602,179081,5826,1,"1"
5706.7880268600848,179063,5844,1,"1"
5717.5224061504068,179045,5862,1,"1"
5735.7308306102395,179027,5880,1,"1"
5738.5501252993545,179015,5892,1,"1"
5743.6954382730582,178997,5910,1,"1"
5759.1327685332844,178889,6018,14,"3-3-2-1-1-1-1-1-1"
5759.1533806995531,178842,6065,5,"2-1-1-1"
5764.5631104596569,178824,6083,1,"1"
5770.103421275282,178806,6101,1,"1"
5777.0657731704059,178796,6111,1,"1"
5784.1784855456171,178760,6147,2,"2"
5793.0259308594414,178755,6152,1,"1"
5794.5148999392222,178713,6194,3,"2-1"
5794.9571240954301,178695,6212,1,"1"
5800.3224158287039,178690,6217,1,"1"
5800.6868244695061,178672,6235,1,"1"
5803.0467663388736,178654,6253,1,"1"
5807.65422585124,178636,6271,1,"1"
5809.5280735180322,178618,6289,1,"1"
5814.2015851038568,178600,6307,1,"1"
5830.6831487106901,178582,6325,1,"1"
5832.7562822626933,178554,6353,2,"1-1"
5839.8780873527157,178549,6358,1,"1"
5853.7153397161537,178531,6376,1,"1"
5861.8465198724534,178513,6394,1,"1"
5873.33019071545,178493,6414,2,"2"
5874.4911246475731,178445,6462,4,"2-1-1"
5876.0213665774818,178432,6475,1,"1"
5881.1584442944259,178414,6493,1,"1"
5882.7820284767204,178396,6511,1,"1"
5898.1643536435959,178379,6528,1,"1"
5918.7242208926618,178361,6546,1,"1"
5923.9628138809603,178351,6556,2,"2"
5938.9721515184065,178333,6574,1,"1"
5942.4945630947668,178297,6610,2,"2"
5943.8950973057372,178279,6628,1,"1"
5946.3396414318122,178261,6646,1,"1"
5946.8542707845809,178199,6708,6,"3-1-1-1"
5953.4709281492696,178181,6726,1,"1"
5954.2035095035853,178163,6744,1,"1"
5956.0944533421089,178145,6762,1,"1"
5957.2082187485139,178127,6780,1,"1"
5960.3904675443009,178109,6798,1,"1"
5972.555951768506,178100,6807,1,"1"
5979.0053585942833,178090,6817,1,"1"
5986.6534199366224,178073,6834,1,"1"
6002.4599638878408,178055,6852,1,"1"
6008.1480598502403,178009,6898,3,"3"
6011.7241812052725,177996,6911,1,"1"
6015.5069738857037,177976,6931,4,"1-1-1-1"
6030.6066194540144,177939,6968,5,"3-1-1"
6037.2992932240195,177922,6985,1,"1"
6064.6381170512559,177912,6995,1,"1"
6064.7985144929307,177830,7077,8,"4-2-1-1"
6077.9741528401419,177770,7137,4,"2-1-1"
6086.6490365940117,177765,7142,1,"1"
6089.4705252147387,177748,7159,3,"2-1"
6097.3697676699439,177743,7164,1,"1"
6103.7245315596538,177738,7169,1,"1"
6104.3525000542459,177720,7187,1,"1"
6104.5444245570798,177702,7205,1,"1"
6106.5467031370645,177684,7223,1,"1"
6137.189129773803,177666,7241,1,"1"
6138.0921455585431,177648,7259,1,"1"
6140.8864544251519,177634,7273,1,"1"
6147.3950101246492,177598,7309,2,"2"
6160.2956288333589,177553,7354,7,"2-2-1-1-1"
6161.5348750172097,177512,7395,5,"3-2"
6161.8114225704339,177494,7413,1,"1"
6165.7356337756128,177440,7467,3,"2-1"
6199.105313630138,177394,7513,3,"2-1"
6218.7052901300694,177389,7518,1,"1"
6228.1644882527098,177384,7523,1,"1"
6232.6891557966783,177306,7601,5,"5"
6238.1197140816912,177288,7619,1,"1"
6243.5008763076075,177252,7655,3,"3"
6244.3012438277019,177216,7691,2,"2"
6246.1085664381681,177198,7709,1,"1"
6258.4890640590966,177180,7727,1,"1"
6267.0556248337343,177162,7745,1,"1"
6271.0009196796736,177089,7818,7,"4-1-1-1"
6294.2089182829031,177071,7836,1,"1"
6299.8236314299229,177054,7853,1,"1"
6305.3407276875778,177036,7871,1,"1"
6316.3092076445173,177018,7889,1,"1"
6324.6702554499589,177000,7907,1,"1"
6328.5855650118729,176799,8108,21,"4-3-2-2-2-2-1-1-1-1-1-1"
6333.062023589162,176781,8126,1,"1"
6334.9791180737293,176763,8144,1,"1"
6335.7550671216131,176754,8153,1,"1"
6340.4402803716912,176730,8177,2,"1-1"
6349.2251984761479,176712,8195,1,"1"
6359.4548172123823,176707,8200,1,"1"
6362.8734698615463,176689,8218,1,"1"
6370.6678263160848,176671,8236,1,"1"
6370.7284466755036,176642,8265,5,"3-1-1"
6379.2653209566279,176588,8319,3,"2-1"
6391.1324208699962,176570,8337,1,"1"
6394.6781393770589,176552,8355,1,"1"
6416.6840100617273,176528,8379,2,"2"
6442.7762971684624,176518,8389,1,"1"
6446.8591283093456,176491,8416,3,"3"
6451.7225118173837,176476,8431,1,"1"
6458.7695730369942,176462,8445,1,"1"
6460.0511267703469,176444,8463,1,"1"
6478.2690708365417,176431,8476,1,"1"
6480.1092265312482,176383,8524,4,"3-1"
6492.9358842022011,176378,8529,1,"1"
6494.6843461918297,176360,8547,1,"1"
6509.4565141561097,176342,8565,1,"1"
6534.5226275985833,176324,8583,1,"1"
6557.0891000060628,176270,8637,3,"1-1-1"
6569.2679147106646,176263,8644,1,"1"
6570.7244761777829,176251,8656,1,"1"
6570.9879256852282,176221,8686,3,"3"
6573.923552231101,176185,8722,2,"1-1"
6578.5463496344228,176167,8740,1,"1"
6586.9252452947176,176149,8758,1,"1"
6589.1245866666495,176112,8795,3,"3"
6602.624190452927,176094,8813,1,"1"
6620.8847699203079,176060,8847,3,"2-1"
6622.0176095849974,176050,8857,1,"1"
6629.9012490331752,176032,8875,1,"1"
6651.8721918934407,176014,8893,1,"1"
6655.5010343157292,175978,8929,2,"2"
6656.9745989705552,175960,8947,1,"1"
6658.8752577965533,175942,8965,1,"1"
6667.1738182547824,175910,8997,3,"2-1"
6672.881331879511,175892,9015,1,"1"
6674.5005644866442,175882,9025,1,"1"
6684.9776539208251,175846,9061,2,"2"
6692.7674572797177,175690,9217,12,"6-2-2-1-1"
6692.7713805316926,175672,9235,1,"1"
6699.5862103370346,175654,9253,1,"1"
6701.4712935929902,175636,9271,1,"1"
6711.7588124123822,175618,9289,1,"1"
6712.6284867692875,175600,9307,1,"1"
6715.3353883556947,175582,9325,1,"1"
6727.1829865936888,175570,9337,1,"1"
6734.6816214360451,175560,9347,1,"1"
6739.2495871995034,175540,9367,2,"2"
6739.2779378799096,175522,9385,1,"1"
6740.4545437993602,175504,9403,1,"1"
6741.8016109628452,175491,9416,1,"1"
6752.1763861524096,175473,9434,1,"1"
6754.3414727425843,175455,9452,1,"1"
6758.2141507681654,175437,9470,1,"1"
6789.8650229120713,175401,9506,2,"2"
6790.6292839095531,175383,9524,1,"1"
6815.2153916682482,175014,9893,35,"3-3-3-3-3-2-2-2-2-2-2-1-1-1-1-1-1-1-1"
6822.4319256017143,174996,9911,1,"1"
6855.9741059742464,174942,9965,3,"1-1-1"
6862.045247822396,174924,9983,1,"1"
6866.6540028885283,174915,9992,1,"1"
6878.7248661695512,174897,10010,1,"1"
6885.3628793301241,174879,10028,1,"1"
6887.3967721134886,174843,10064,2,"1-1"
6901.1403852389685,174829,10078,1,"1"
6907.4121726674603,174811,10096,1,"1"
6919.9798864879094,174793,10114,1,"1"
6929.008562673107,174775,10132,1,"1"
6937.7971712224662,174631,10276,16,"4-2-2-1-1-1-1-1-1-1-1"
6944.9927294740683,174613,10294,1,"1"
6954.7414760458978,174595,10312,1,"1"
6956.4748966246971,174577,10330,1,"1"
6964.1081862288283,174566,10341,1,"1"
6964.7867694324741,174414,10493,16,"4-3-2-1-1-1-1-1-1-1"
6965.4583270915164,174396,10511,1,"1"
6969.2643068922025,174379,10528,1,"1"
6969.4268750446454,174325,10582,3,"3"
6975.6470894091881,174307,10600,1,"1"
6985.8878870554681,174271,10636,2,"2"
7000.3412871253031,174251,10656,2,"1-1"
7015.172141971263,174233,10674,1,"1"
7017.7815717787043,174218,10689,1,"1"
7022.5316186867294,174200,10707,1,"1"
7035.1104664586728,174102,10805,8,"2-1-1-1-1-1-1"
7038.7829425164955,174088,10819,1,"1"
7039.6338959176574,174053,10854,3,"2-1"
7042.998252108935,174017,10890,2,"2"
7044.9614761576713,174010,10897,1,"1"
7050.1413935397068,173956,10951,3,"2-1"
7054.9219031004759,172994,11913,80,"12-10-5-4-4-3-2-2-2-2-2-2-2-2-2-2-1-1-1-1-1-1-1-1-1-1-1-1-1-1-1-1-1-1-1-1-1-1"
7056.0712427129874,172948,11959,3,"2-1"
7067.1646714948702,172930,11977,1,"1"
7075.1226464779847,172894,12013,2,"2"
7083.9448447721934,172887,12020,1,"1"
7088.0848365570237,172869,12038,1,"1"
7109.5590710273364,172851,12056,1,"1"
7115.8142723015717,172815,12092,2,"2"
7123.0340773341377,172797,12110,2,"2"
7136.6453853322255,172779,12128,1,"1"
7140.9859842635815,172761,12146,1,"1"
7141.5124991297726,172743,12164,1,"1"
7143.3319664069231,172707,12200,2,"1-1"
7154.7115119446244,172689,12218,1,"1"
7170.9141213273761,172676,12231,1,"1"
7177.3934832207378,172658,12249,1,"1"
7177.4490132305527,172636,12271,2,"2"
7179.5638143065671,172051,12856,45,"11-6-4-3-3-3-2-2-2-1-1-1-1-1-1-1-1-1"
7181.3115995460785,172039,12868,1,"1"
7186.6918630997279,172021,12886,1,"1"
7198.1739134450881,172003,12904,1,"1"
7202.7855800499283,0,184907,9679,"9679"
----------------------------------------------9
0,184907,0,0,"0"
74.697416856229935,184906,1,1,"1"
100.41445692218002,184905,2,1,"1"
146.3703172733957,184902,5,1,"1"
269.81695844635232,184884,23,1,"1"
345.72425204663369,184883,24,1,"1"
376.93331996478048,184882,25,1,"1"
378.52469527749258,184877,30,1,"1"
494.65438817738027,184876,31,1,"1"
552.24200852177569,184875,32,1,"1"
579.07516319631463,184874,33,1,"1"
594.25262259704209,184873,34,1,"1"
603.28995094321726,184855,52,1,"1"
609.09894079074263,184854,53,1,"1"
638.75337985089186,184853,54,1,"1"
639.64730251842263,184840,67,1,"1"
641.84638847123506,184839,68,1,"1"
661.51097384850232,184838,69,1,"1"
664.10699147046114,184837,70,1,"1"
672.45797882580928,184836,71,1,"1"
710.24759686736115,184818,89,1,"1"
716.96446350018834,184813,94,1,"1"
724.29420343388028,184811,96,2,"2"
742.16889802615401,184809,98,2,"1-1"
743.13209501730762,184808,99,1,"1"
755.17113246258066,184807,100,1,"1"
772.11648193774761,184806,101,1,"1"
820.77682074860127,184805,102,1,"1"
823.49702770494935,184804,103,1,"1"
829.78754815670527,184801,106,1,"1"
854.13873725859673,184800,107,1,"1"
874.49113909252787,184799,108,1,"1"
875.17629738141602,184798,109,1,"1"
875.62170152830606,184797,110,1,"1"
879.03007511083479,184796,111,1,"1"
897.42204749439634,184778,129,1,"1"
897.49194373864202,184777,130,1,"1"
899.24287970447517,184776,131,1,"1"
899.93738215415681,184774,133,2,"2"
931.71698153126442,184773,134,1,"1"
953.12236939523234,184772,135,1,"1"
963.89873477615197,184758,149,1,"1"
972.77959623675702,184757,150,1,"1"
986.6271737930623,184739,168,1,"1"
991.54309126712974,184738,169,1,"1"
997.33365664730002,184737,170,1,"1"
1014.4523546290784,184719,188,1,"1"
1022.8282050075396,184718,189,1,"1"
1042.4985431136834,184700,207,1,"1"
1077.0581607823162,184699,208,1,"1"
1079.8258837181193,184698,209,1,"1"
1080.1113899817929,184697,210,1,"1"
1091.6117811556167,184696,211,1,"1"
1092.5896379823926,184683,224,1,"1"
1098.2632727392829,184682,225,1,"1"
1109.0090369367292,184665,242,1,"1"
1109.464795190155,184662,245,1,"1"
1113.1740441638849,184659,248,1,"1"
1117.797439411788,184658,249,1,"1"
1124.4341540891864,184640,267,1,"1"
1131.8420800808301,184626,281,1,"1"
1148.9865729536182,184625,282,1,"1"
1152.5692650696553,184622,285,1,"1"
1169.6984838127546,184604,303,1,"1"
1189.7104073139315,184603,304,1,"1"
1191.0855860640679,184593,314,1,"1"
1197.6503968721515,184592,315,1,"1"
1208.3057677510262,184591,316,1,"1"
1211.1423271262965,184590,317,1,"1"
1237.1124164654689,184587,320,1,"1"
1250.4970137146934,184584,323,1,"1"
1257.4778077212504,184583,324,1,"1"
1271.7049683325081,184565,342,1,"1"
1282.3389651830296,184564,343,1,"1"
1291.4952011538701,184562,345,2,"1-1"
1301.8779128283513,184560,347,2,"2"
1304.7811938880307,184557,350,3,"3"
1307.8739061136764,184556,351,1,"1"
1311.9751354553196,184553,354,1,"1"
1317.0367036003377,184517,390,2,"2"
1332.0163165030756,184516,391,1,"1"
1383.4524944565212,184512,395,2,"1-1"
1387.1080291844187,184511,396,1,"1"
1388.2529149010177,184510,397,1,"1"
1394.1164834975473,184508,399,2,"1-1"
1398.7218352929751,184506,401,2,"2"
1425.6901927601332,184501,406,1,"1"
1443.0653803107909,184500,407,1,"1"
1453.7750507807889,184499,408,1,"1"
1454.9539953066264,184481,426,1,"1"
1464.676409103075,184453,454,2,"2"
1468.6877695059029,184450,457,3,"1-1-1"
1476.193777306886,184432,475,1,"1"
1508.8065460843923,184428,479,2,"1-1"
1522.9910092126634,184427,480,1,"1"
1523.0454761652586,184425,482,2,"2"
1553.3979925004319,184423,484,2,"1-1"
1555.4303036294793,184406,501,1,"1"
1573.597568478056,184404,503,2,"2"
1575.3971120845872,184238,669,12,"12"
1593.4411849860121,184237,670,1,"1"
1621.1272845962144,184222,685,5,"2-1-1-1"
1625.5080272908642,184204,703,1,"1"
1627.9986549009964,184191,716,1,"1"
1649.6230569836118,184179,728,1,"1"
1692.773054155823,184178,729,1,"1"
1710.4280446483633,184177,730,1,"1"
1725.7210944933281,184176,731,1,"1"
1741.4885785524878,184158,749,1,"1"
1748.0027669713816,184148,759,1,"1"
1764.7632499169456,184147,760,1,"1"
1785.1363485125485,184129,778,1,"1"
1787.328089616801,184128,779,1,"1"
1803.1641442275409,184123,784,1,"1"
1832.4636607203577,184120,787,1,"1"
1833.1863997658322,184115,792,1,"1"
1835.2391589343117,184105,802,1,"1"
1866.4878372680878,184101,806,4,"4"
1869.5684422826732,184083,824,1,"1"
1874.5826480748678,184065,842,1,"1"
1875.4244672830923,184059,848,2,"2"
1880.8503687446901,184054,853,5,"3-2"
1913.8956109804046,184052,855,2,"2"
1915.3575571169144,184034,873,1,"1"
1918.0510108599301,184032,875,2,"2"
1936.7413060783492,184014,893,1,"1"
1939.7819761367657,184011,896,1,"1"
1989.8415331138392,184010,897,1,"1"
1991.6280574186794,183992,915,1,"1"
1999.1254382691457,183988,919,2,"2"
2001.6475385083313,183983,924,1,"1"
2007.9344956602956,183965,942,1,"1"
2045.2621443231278,183963,944,2,"1-1"
2069.3194724502091,183962,945,1,"1"
2070.9151275224826,183960,947,2,"2"
2083.6227317068137,183942,965,1,"1"
2092.4176729371757,183941,966,1,"1"
2093.7330603983473,183938,969,1,"1"
2095.1791392348478,183920,987,1,"1"
2106.2931710900343,183886,1021,2,"2"
2136.5325847127569,183879,1028,1,"1"
2145.529189983773,183877,1030,2,"2"
2166.824370956489,183875,1032,2,"1-1"
2174.7716757927537,183874,1033,1,"1"
2197.3673365493373,183846,1061,2,"1-1"
2210.5285148612147,183828,1079,1,"1"
2214.0984324432839,183826,1081,2,"2"
2220.0344233141191,183816,1091,1,"1"
2221.2193255998018,183798,1109,1,"1"
2238.0623917353537,183780,1127,1,"1"
2244.8987691482712,183768,1139,1,"1"
2259.136344119062,183767,1140,1,"1"
2283.7334834421131,183758,1149,3,"3"
2284.6396259150479,183757,1150,1,"1"
2308.4152757416732,183756,1151,1,"1"
2311.8339034678374,183733,1174,2,"2"
2323.1401827442487,183732,1175,1,"1"
2334.5078316564454,183714,1193,1,"1"
2336.7211875344037,183713,1194,1,"1"
2337.9912448222176,183704,1203,3,"3"
2358.0480142489741,183703,1204,1,"1"
2372.2976005674632,183689,1218,1,"1"
2386.3023296693937,183683,1224,2,"2"
2420.742086498823,183665,1242,1,"1"
2432.2686767848691,183664,1243,1,"1"
2516.0415947226284,183646,1261,1,"1"
2519.2627093223136,183636,1271,1,"1"
2520.6206534075409,183635,1272,1,"1"
2551.4022594537018,183632,1275,1,"1"
2575.2304607978708,183621,1286,3,"3"
2631.9354437119873,183611,1296,1,"1"
2649.2182150467138,183601,1306,1,"1"
2657.2023161641046,183583,1324,1,"1"
2660.8497508947248,183582,1325,1,"1"
2678.4098042821543,183576,1331,2,"2"
2698.7666639057293,183564,1343,1,"1"
2708.233839557392,183561,1346,1,"1"
2733.5503592069931,183543,1364,1,"1"
2734.2304066755678,183540,1367,1,"1"
2766.0034680193389,183504,1403,2,"2"
2768.7132701833752,183499,1408,1,"1"
2775.9874287318053,183484,1423,1,"1"
2795.5790276001962,183466,1441,1,"1"
2830.8097545453893,183422,1485,3,"3"
2869.4881126338955,183404,1503,1,"1"
2893.2248278118445,183399,1508,1,"1"
2904.9623251859412,183394,1513,1,"1"
2906.4111774538733,183376,1531,1,"1"
2922.1622165331742,183358,1549,1,"1"
2979.9080369460448,183340,1567,1,"1"
3007.8073912654027,183335,1572,1,"1"
3013.4376487621803,183317,1590,1,"1"
3031.1295381413397,183303,1604,1,"1"
3041.1587969809161,183293,1614,1,"1"
3044.2871901176777,183288,1619,1,"1"
3057.4800957267148,183283,1624,1,"1"
3073.9803926535133,183273,1634,1,"1"
3074.8053660260616,183255,1652,1,"1"
3090.9334152252259,183252,1655,1,"1"
3114.4675139793499,183234,1673,1,"1"
3118.7135076083073,183229,1678,1,"1"
3124.223205727928,183226,1681,1,"1"
3134.9752955470813,183211,1696,1,"1"
3136.6494047833662,183193,1714,1,"1"
3138.1456659443484,183175,1732,1,"1"
3139.4340471381897,183172,1735,1,"1"
3160.1433859313506,183154,1753,1,"1"
3164.3149144451936,183144,1763,2,"2"
3167.7825373182741,183127,1780,1,"1"
3175.0420350284594,183122,1785,1,"1"
3177.8274397499913,183114,1793,2,"2"
3189.8706701582532,183096,1811,1,"1"
3216.6156749298884,183042,1865,3,"3"
3240.7773973480926,183020,1887,2,"1-1"
3250.2575251543212,183011,1896,1,"1"
3267.4234359182519,183001,1906,1,"1"
3286.4508115507615,182983,1924,1,"1"
3291.5397772844294,182969,1938,1,"1"
3334.5942222234798,182951,1956,1,"1"
3339.7525974291848,182944,1963,1,"1"
3345.5516153446092,182941,1966,1,"1"
3354.4304178457278,182923,1984,1,"1"
3375.5245720747112,182913,1994,1,"1"
3379.6242360139672,182895,2012,1,"1"
3383.1300850052999,182857,2050,3,"2-1"
3387.8336166753329,182852,2055,1,"1"
3412.43556496253,182834,2073,1,"1"
3426.4731445002813,182816,2091,1,"1"
3436.4683967935393,182798,2109,1,"1"
3439.4999936027889,182780,2127,1,"1"
3443.006191829651,182769,2138,1,"1"
3451.6572918240736,182751,2156,1,"1"
3462.6116324278587,182733,2174,1,"1"
3471.461717580316,182712,2195,3,"3"
3473.9612310829775,182707,2200,1,"1"
3492.9668515810781,182702,2205,1,"1"
3505.7869361920316,182694,2213,2,"1-1"
3559.4912017821416,182676,2231,1,"1"
3573.3495952065346,182671,2236,1,"1"
3589.0427455188192,182653,2254,1,"1"
3598.1146146362839,182641,2266,2,"2"
3598.727466477209,182636,2271,1,"1"
3613.5826712886255,182633,2274,1,"1"
3616.6136496982758,182628,2279,1,"1"
3620.0025473879268,182614,2293,1,"1"
3629.793973385179,182596,2311,1,"1"
3636.961420367064,182578,2329,1,"1"
3646.9397530126221,182568,2339,1,"1"
3658.2404391161949,182550,2357,1,"1"
3659.4124785372887,182547,2360,1,"1"
3670.2429352717377,182529,2378,1,"1"
3672.2261298241015,182511,2396,1,"1"
3675.3311341830827,182493,2414,1,"1"
3685.0200646009175,182475,2432,1,"1"
3689.4830248609937,182457,2450,1,"1"
3702.0984580831864,182450,2457,1,"1"
3712.5555536478082,182440,2467,1,"1"
3724.5017110423637,182422,2485,1,"1"
3732.5364252480713,182417,2490,1,"1"
3736.6666259153449,182381,2526,2,"2"
3738.8423949608391,182378,2529,1,"1"
3740.518788619062,182364,2543,1,"1"
3770.7990800711937,182346,2561,1,"1"
3783.2217989761884,182328,2579,1,"1"
3818.2726718222093,182310,2597,1,"1"
3840.1540312006364,182300,2607,1,"1"
3845.6838587917182,182264,2643,2,"1-1"
3849.4163895456481,182250,2657,1,"1"
3861.3563637316133,182232,2675,1,"1"
3874.9974142438914,182229,2678,1,"1"
3876.6578506176315,182211,2696,1,"1"
3898.0562775829408,182206,2701,1,"1"
3910.8311630405842,182192,2715,2,"1-1"
3924.784592399626,182174,2733,1,"1"
3959.6196938449771,182171,2736,1,"1"
3966.9502594285482,182153,2754,1,"1"
3968.0486526163841,182117,2790,3,"3"
3989.6801949704277,182071,2836,8,"6-1-1"
4008.4472692054924,182053,2854,1,"1"
4012.623471301617,182050,2857,1,"1"
4020.2316081903086,182040,2867,1,"1"
4022.5083198859356,182022,2885,1,"1"
4035.1507845002752,182017,2890,1,"1"
4036.2747638311403,182005,2902,1,"1"
4049.7369852416091,181987,2920,1,"1"
4052.1516593781075,181984,2923,1,"1"
4054.6266754233084,181966,2941,1,"1"
4066.9690846266576,181959,2948,1,"1"
4080.683668734408,181941,2966,1,"1"
4085.9658580438017,181936,2971,1,"1"
4086.8159192571979,181924,2983,1,"1"
4088.4307349771439,181906,3001,1,"1"
4095.8958006500361,181890,3017,1,"1"
4101.5997520196634,181876,3031,1,"1"
4109.0589882128934,181858,3049,1,"1"
4113.4411476858768,181840,3067,1,"1"
4132.7324793379394,181758,3149,6,"3-1-1-1"
4145.6940608446494,181752,3155,2,"1-1"
4156.734287178565,181732,3175,2,"2"
4181.2621600564689,181714,3193,1,"1"
4185.1786799705742,181696,3211,1,"1"
4190.082085357787,181690,3217,2,"2"
4191.5161518520381,181672,3235,1,"1"
4198.4480248756163,181630,3277,3,"3"
4222.626076943463,181612,3295,1,"1"
4240.7332400244486,181592,3315,2,"2"
4248.0653779246304,181574,3333,1,"1"
4250.9873689594951,181558,3349,4,"2-1-1"
4254.4824483075126,181540,3367,1,"1"
4255.4002542771677,181537,3370,1,"1"
4257.5322339949535,181519,3388,1,"1"
4280.4260613336992,181501,3406,1,"1"
4287.6166141660169,181483,3424,1,"1"
4304.3257681470723,181465,3442,1,"1"
4312.3835794988972,181447,3460,2,"2"
4322.1042087889828,181429,3478,1,"1"
4322.6601949277556,181412,3495,3,"1-1-1"
4341.7436152034543,181359,3548,9,"4-4-1"
4350.1070969781085,181337,3570,2,"2"
4350.6399237363994,181319,3588,1,"1"
4357.7608132520991,181301,3606,1,"1"
4362.1719083979615,181288,3619,3,"2-1"
4377.776785256121,181283,3624,1,"1"
4381.5668944093395,181246,3661,7,"5-1-1"
4383.8632553982115,181228,3679,1,"1"
4401.5501793391595,181210,3697,1,"1"
4427.1248166542373,181174,3733,2,"2"
4433.0136756114334,181156,3751,1,"1"
4439.6749439715386,181133,3774,3,"2-1"
4441.6207342574016,181121,3786,1,"1"
4454.2508564063291,181107,3800,1,"1"
4467.6790073922439,181098,3809,1,"1"
4475.5153298097966,181080,3827,1,"1"
4485.8968113410774,181077,3830,1,"1"
4485.921617787465,181050,3857,3,"3"
4498.9983166213879,181032,3875,1,"1"
4515.9878578705675,181000,3907,3,"1-1-1"
4527.0146079392498,180982,3925,1,"1"
4535.1807178676572,180967,3940,3,"2-1"
4539.4067899661422,180949,3958,1,"1"
4558.0258674800398,180931,3976,1,"1"
4560.2351993841967,180895,4012,2,"2"
4563.2100457376555,180885,4022,2,"2"
4584.2517883431801,180865,4042,2,"1-1"
4593.3130286308678,180847,4060,1,"1"
4617.0611857857539,180819,4088,2,"1-1"
4652.4382013360291,180814,4093,1,"1"
4657.0185289366373,180804,4103,1,"1"
4657.3477320135444,180786,4121,1,"1"
4667.8687677401513,180774,4133,4,"4"
4670.1490310704394,180756,4151,1,"1"
4684.1689521805156,180738,4169,1,"1"
4695.3016521157106,180702,4205,3,"2-1"
4700.8886646177552,180688,4219,2,"2"
4707.1847323483962,180670,4237,1,"1"
4748.0827391633266,180652,4255,1,"1"
4757.1160895106514,180634,4273,1,"1"
4761.0765220876947,180616,4291,1,"1"
4764.0528374377946,180592,4315,2,"1-1"
4773.7293647972856,180589,4318,1,"1"
4775.072446088383,180577,4330,2,"2"
4790.1579659168865,180559,4348,1,"1"
4791.5509001226746,180549,4358,1,"1"
4795.5597261118846,180540,4367,1,"1"
4799.30501761701,180522,4385,1,"1"
4801.2950213278491,180504,4403,1,"1"
4825.139638624587,180494,4413,2,"1-1"
4842.9428039616469,180471,4436,3,"1-1-1"
4849.064028277242,180461,4446,1,"1"
4850.9381817652138,180416,4491,7,"4-2-1"
4857.8492446760874,180398,4509,1,"1"
4864.9092476210617,180379,4528,3,"2-1"
4892.9641889525637,180361,4546,1,"1"
4895.1033657395528,180343,4564,1,"1"
4901.6014451983228,180331,4576,1,"1"
4905.0668312265298,180298,4609,5,"3-2"
4911.9944643791514,180280,4627,1,"1"
4916.6372897365782,180252,4655,4,"2-1-1"
4925.285067108719,180234,4673,1,"1"
4938.4768688304939,180216,4691,1,"1"
4939.8291532964931,180180,4727,2,"2"
4953.558184597885,180162,4745,1,"1"
4955.9974041869009,180148,4759,1,"1"
4980.1669079528501,180034,4873,8,"4-2-1-1"
4994.9033639196514,180022,4885,2,"1-1"
5001.8561212528612,180004,4903,1,"1"
5001.9261468389232,179986,4921,1,"1"
5006.1875785574075,179968,4939,1,"1"
5015.0778314969084,179932,4975,2,"1-1"
5018.5971558418087,179914,4993,1,"1"
5023.8058827617815,179909,4998,1,"1"
5043.6535442595195,179891,5016,1,"1"
5046.1304564369429,179873,5034,1,"1"
5051.4330952069149,179837,5070,2,"2"
5072.0086812242425,179819,5088,1,"1"
5090.2444779515326,179806,5101,3,"3"
5090.2574552608312,179788,5119,1,"1"
5091.2981327644429,179779,5128,1,"1"
5093.2980072185883,179769,5138,1,"1"
5095.5228047497285,179751,5156,1,"1"
5099.1447802728926,179733,5174,1,"1"
5109.1088340344158,179715,5192,1,"1"
5120.741418264317,179708,5199,1,"1"
5121.3221912391991,179696,5211,2,"1-1"
5131.0787569054264,179686,5221,1,"1"
5140.4060319596601,179668,5239,1,"1"
5148.8528299885447,179650,5257,1,"1"
5155.9979925292155,179632,5275,1,"1"
5185.6238789753179,179614,5293,1,"1"
5204.5476563937473,179578,5329,2,"1-1"
5209.8545787293406,179573,5334,1,"1"
5233.5534793887518,179555,5352,1,"1"
5243.9855213857563,179552,5355,1,"1"
5261.4359885402409,179502,5405,5,"2-2-1"
5263.9549218259126,179448,5459,3,"3"
5296.2576308491643,179410,5497,3,"2-1"
5296.3662831935562,179387,5520,3,"2-1"
5304.9328688804699,179369,5538,1,"1"
5325.2118558985612,179366,5541,1,"1"
5326.9236037256705,179342,5565,2,"2"
5344.9592186714344,179276,5631,6,"3-1-1-1"
5348.0168723500801,179258,5649,1,"1"
5360.4290021073757,179230,5677,2,"2"
5366.0639387077363,179212,5695,1,"1"
5367.1261325703617,179182,5725,4,"4"
5373.5285610874535,179164,5743,1,"1"
5376.9489758967875,179151,5756,3,"2-1"
5382.0012758978892,179133,5774,1,"1"
5390.724816641592,179122,5785,1,"1"
5399.1600695286133,179104,5803,1,"1"
5401.229710261242,179093,5814,1,"1"
5408.5161118778369,179079,5828,1,"1"
5417.9076318517045,179061,5846,1,"1"
5422.2636820342595,179031,5876,2,"1-1"
5425.7946968261413,179019,5888,1,"1"
5443.2364044276028,179001,5906,1,"1"
5446.6735199141804,178983,5924,1,"1"
5446.863647619999,178965,5942,1,"1"
5447.7781976724418,178958,5949,1,"1"
5454.1199852569825,178946,5961,1,"1"
5459.0654062515423,178931,5976,3,"3"
5470.1780050345315,178921,5986,1,"1"
5478.7349850590081,178903,6004,1,"1"
5486.8722322076646,178873,6034,4,"3-1"
5490.2150558447365,178846,6061,3,"3"
5492.9990830260658,178828,6079,1,"1"
5495.3796131939607,178810,6097,1,"1"
5521.3733728035095,178792,6115,1,"1"
5524.5987471793478,178774,6133,1,"1"
5524.7845770723197,178738,6169,2,"2"
5528.2075014005732,178728,6179,2,"2"
5534.7282793085051,178710,6197,1,"1"
5535.5151784997433,178692,6215,1,"1"
5537.4701721382153,178644,6263,3,"3"
5543.9224555898745,178626,6281,1,"1"
5553.9577151199455,178619,6288,1,"1"
5564.7492236987355,178584,6323,5,"3-2"
5568.4661659537651,178562,6345,2,"1-1"
5570.8948721291308,178544,6363,1,"1"
5603.5803979576822,178537,6370,1,"1"
5611.6884647623428,178519,6388,1,"1"
5614.3371922552524,178501,6406,1,"1"
5617.2217947720073,178465,6442,2,"2"
5636.2317232724208,178455,6452,1,"1"
5638.2422542671848,178439,6468,1,"1"
5662.0050905179987,178421,6486,1,"1"
5669.8186691918454,178403,6504,1,"1"
5671.6660598848657,178385,6522,1,"1"
5675.3337971124392,178367,6540,1,"1"
5677.3211923552453,178349,6558,1,"1"
5684.1727264350002,178331,6576,1,"1"
5711.1831018797593,178313,6594,1,"1"
5716.7912399894931,178277,6630,2,"2"
5721.5506984559015,178255,6652,2,"1-1"
5722.0903359112208,178237,6670,1,"1"
5722.5484892352179,178220,6687,1,"1"
5729.8855549537629,178202,6705,1,"1"
5732.1432107316859,178184,6723,1,"1"
5771.7318191713148,178148,6759,2,"1-1"
5774.5842125040217,178130,6777,1,"1"
5800.8802270554352,178112,6795,1,"1"
5804.7713848176554,178094,6813,1,"1"
5833.4300507565231,178076,6831,1,"1"
5841.3538887955128,178058,6849,1,"1"
5843.1982833695438,178038,6869,2,"2"
5843.9895887522025,177975,6932,6,"3-1-1-1"
5847.6129880070685,177817,7090,18,"4-3-3-2-1-1-1-1-1-1"
5851.2145007498475,177764,7143,3,"3"
5870.4156665041701,177724,7183,3,"3"
5873.5198434307595,177706,7201,1,"1"
5877.3030860089812,177688,7219,1,"1"
5879.1583212912947,177597,7310,15,"4-3-3-1-1-1-1-1"
5891.4863066677053,177579,7328,1,"1"
5897.0153153694864,177564,7343,1,"1"
5905.3226694729801,177546,7361,1,"1"
5910.5911539447179,177528,7379,1,"1"
5923.7597454434899,177519,7388,1,"1"
5932.5029189544466,177501,7406,1,"1"
5937.9765890426197,177489,7418,1,"1"
5942.4636977737982,177471,7436,1,"1"
5952.282586760949,177381,7526,6,"2-2-2"
5959.3726396746943,177363,7544,1,"1"
5962.3165710117246,177351,7556,1,"1"
5969.8752285558485,177337,7570,2,"2"
5972.5257543513271,177313,7594,2,"2"
5973.1825565204026,177295,7612,1,"1"
5975.4859718194175,177282,7625,1,"1"
5982.4692184495161,177272,7635,1,"1"
5984.2643504390717,177198,7709,6,"5-1"
5992.0291346009626,177180,7727,1,"1"
6001.5013982561477,177162,7745,1,"1"
6002.0985100123844,177140,7767,2,"2"
6006.4611563005792,177130,7777,1,"1"
6006.6939008126919,177094,7813,2,"2"
6008.0253667318948,177076,7831,1,"1"
6015.9190731519493,177014,7893,4,"3-1"
6028.891229505718,176992,7915,2,"1-1"
6030.178044318297,176956,7951,3,"3"
6031.3359211485094,176812,8095,10,"2-2-1-1-1-1-1-1"
6038.4453516869153,176802,8105,1,"1"
6039.4961122375298,176760,8147,4,"3-1"
6046.0823090083604,176750,8157,1,"1"
6047.8347032973516,176697,8210,6,"4-1-1"
6052.8241833021129,176688,8219,1,"1"
6054.9040012629712,176670,8237,1,"1"
6058.4155048344892,176652,8255,1,"1"
6065.5097782070679,176594,8313,4,"2-1-1"
6074.2746505062314,176576,8331,1,"1"
6074.7509209514956,176558,8349,1,"1"
6075.3739659081939,176522,8385,2,"2"
6076.6015167857386,176513,8394,1,"1"
6115.4916188157285,176495,8412,1,"1"
6120.6350064142125,176477,8430,1,"1"
6129.5711019703413,176459,8448,1,"1"
6146.1302283717378,176447,8460,2,"1-1"
6152.8914942891715,176429,8478,1,"1"
6155.4683622691882,176411,8496,1,"1"
6158.9083390087835,176385,8522,2,"1-1"
6171.9491204312544,176339,8568,5,"2-1-1-1"
6180.4644062142015,176265,8642,6,"2-1-1-1-1"
6189.1003237128571,176247,8660,1,"1"
6194.4298656616656,176229,8678,1,"1"
6199.254852139803,176211,8696,1,"1"
6205.515540899024,176193,8714,1,"1"
6217.696821429362,176162,8745,2,"1-1"
6247.5332242847599,176116,8791,6,"3-2-1"
6248.9990434229967,176105,8802,1,"1"
6259.285267352252,176069,8838,2,"1-1"
6269.1337035778843,176051,8856,1,"1"
6270.0953105488888,176038,8869,1,"1"
6275.1448257864186,176004,8903,2,"2"
6284.4945240521356,175986,8921,1,"1"
6306.676609690754,175968,8939,1,"1"
6309.425652985653,175957,8950,1,"1"
6313.0147542043633,175939,8968,1,"1"
6316.8310383806565,175922,8985,1,"1"
6339.0348830869452,175906,9001,2,"1-1"
6341.1122313868154,175888,9019,1,"1"
6350.6955836825155,175870,9037,1,"1"
6363.1508326421535,175741,9166,15,"4-4-3-2-1-1"
6367.0627031673048,175736,9171,1,"1"
6381.0256453892471,175721,9186,1,"1"
6381.2040793737506,175703,9204,1,"1"
6386.7724553575954,175685,9222,1,"1"
6389.7388335860278,175667,9240,1,"1"
6401.2952495008676,175649,9258,1,"1"
6403.8752876877925,175615,9292,3,"2-1"
6407.5163207491296,175597,9310,2,"2"
6413.796703366329,175345,9562,30,"4-4-3-2-2-2-2-2-1-1-1-1-1-1-1-1-1"
6418.9188651866007,175327,9580,1,"1"
6420.9531547678762,175309,9598,1,"1"
6452.0653629614635,175291,9616,1,"1"
6452.3071875811847,175273,9634,1,"1"
6460.309555962257,175255,9652,1,"1"
6482.681573737922,175237,9670,2,"1-1"
6484.7717023980404,175217,9690,2,"1-1"
6490.8928365957663,175181,9726,2,"2"
6493.2082635773468,175127,9780,3,"2-1"
6501.0604490523574,174986,9921,15,"5-2-2-1-1-1-1-1-1"
6507.7755010125047,174956,9951,2,"1-1"
6519.6436720223492,174946,9961,1,"1"
6531.6829415466664,174932,9975,2,"2"
6533.2599748607345,174896,10011,2,"2"
6540.5524461674249,174878,10029,1,"1"
6551.7413468423529,174860,10047,1,"1"
6555.1616592661194,174842,10065,1,"1"
6564.5996464685468,174825,10082,1,"1"
6567.9533053741334,174789,10118,2,"2"
6568.4232858410269,174776,10131,1,"1"
6575.5509595064404,174764,10143,1,"1"
6580.5718079013977,174750,10157,1,"1"
6584.2307497800593,174743,10164,1,"1"
6586.4624349600454,174730,10177,1,"1"
6597.2201318730667,174687,10220,7,"4-1-1-1"
6604.208088104634,174669,10238,1,"1"
6628.9789135553765,174656,10251,1,"1"
6650.2001686006979,174638,10269,1,"1"
6651.8769069735863,174628,10279,1,"1"
6656.5381926537766,174610,10297,1,"1"
6659.6206800140499,174434,10473,11,"7-1-1-1-1"
6668.2626740762953,174416,10491,1,"1"
6682.7987401886767,174400,10507,1,"1"
6683.6884456306916,174391,10516,1,"1"
6688.7235567507614,174373,10534,1,"1"
6691.7113849257976,174355,10552,1,"1"
6719.9572663728186,174337,10570,1,"1"
6724.8760771620764,174319,10588,1,"1"
6728.4644295070411,174301,10606,1,"1"
6737.032588421921,174265,10642,2,"1-1"
6743.4306587864694,174247,10660,1,"1"
6763.2830840154857,174238,10669,1,"1"
6777.1707254254961,174130,10777,8,"2-1-1-1-1-1-1"
6788.0404681343216,174112,10795,1,"1"
6794.5204381706517,0,184907,9838,"9838"
