f,num_active_particles,num_deleted_particles,total_deleted_rods,avalanche_sizes
0,191347,0,0,"0"
179.53696475931147,191346,1,1,"1"
225.64240231639474,191328,19,1,"1"
328.94980126925594,191327,20,1,"1"
394.54629644173554,191326,21,1,"1"
410.9427407041137,191325,22,1,"1"
447.47207919524072,191324,23,1,"1"
452.94627294604607,191323,24,1,"1"
460.76154930492589,191305,42,1,"1"
520.69931817910265,191304,43,1,"1"
547.83696341414861,191286,61,1,"1"
561.89635994657965,191285,62,1,"1"
562.29437215063911,191267,80,1,"1"
598.21398615292412,191249,98,1,"1"
619.04730905345025,191248,99,1,"1"
623.65775983422213,191245,102,1,"1"
640.87755935965117,191227,120,1,"1"
661.1145205111942,191226,121,1,"1"
680.65786229542243,191224,123,2,"1-1"
709.69366213169553,191223,124,1,"1"
726.1398927880947,191222,125,1,"1"
729.28684565313472,191206,141,1,"1"
766.22856270020736,191205,142,1,"1"
767.13393572375389,191204,143,1,"1"
770.91341623749224,191194,153,1,"1"
816.91232819758875,191182,165,1,"1"
830.23334820196987,191181,166,1,"1"
867.88830045908503,191180,167,1,"1"
890.4123003604584,191179,168,1,"1"
893.90763536435145,191178,169,1,"1"
959.85234512031718,191177,170,1,"1"
966.2168328927977,191176,171,1,"1"
998.72095920973027,191158,189,2,"2"
1000.2358933603011,191157,190,1,"1"
1017.9466542920486,191156,191,1,"1"
1018.8212582537634,191153,194,1,"1"
1092.1423763029916,191152,195,1,"1"
1121.4620009073849,191139,208,3,"3"
1124.1801461316197,191121,226,1,"1"
1149.0891328686573,191105,242,1,"1"
1174.7543022968193,191104,243,1,"1"
1179.5865824249324,191103,244,1,"1"
1183.1559091990168,191085,262,1,"1"
1190.2178627992384,191082,265,1,"1"
1193.2130680070768,191064,283,1,"1"
1196.2960469628058,191062,285,2,"2"
1201.1851698246803,191056,291,6,"4-2"
1215.680827280692,191038,309,1,"1"
1240.1042333587684,191035,312,1,"1"
1258.5414690539376,191017,330,1,"1"
1259.6277003534331,191016,331,1,"1"
1309.2976209006679,191014,333,2,"1-1"
1309.6098700051846,191013,334,1,"1"
1329.3898524396714,191006,341,1,"1"
1330.6191757908937,191005,342,1,"1"
1339.9488946406877,191004,343,1,"1"
1342.0951550751836,191003,344,1,"1"
1344.5776249885073,191002,345,1,"1"
1356.3693929664223,190984,363,1,"1"
1387.252068860824,190983,364,1,"1"
1391.4822769130139,190982,365,1,"1"
1414.3675725699527,190964,383,1,"1"
1438.7803437111313,190962,385,2,"2"
1445.5629696131796,190959,388,1,"1"
1458.0426562568218,190958,389,1,"1"
1458.6372289287683,190954,393,2,"2"
1458.9291181522515,190952,395,2,"2"
1470.397627306636,190951,396,1,"1"
1505.471945170626,190946,401,1,"1"
1512.5659460314794,190945,402,1,"1"
1523.8658706679016,190927,420,1,"1"
1535.9047402051517,190909,438,1,"1"
1545.4808339361105,190891,456,1,"1"
1551.2870216095503,190890,457,1,"1"
1552.8003903922011,190872,475,1,"1"
1600.0508851764364,190871,476,1,"1"
1608.2672667468605,190853,494,1,"1"
1616.6906653490378,190850,497,1,"1"
1637.3992114839921,190847,500,1,"1"
1647.3111171441285,190829,518,1,"1"
1654.6276322674078,190828,519,1,"1"
1682.9121539123698,190826,521,2,"1-1"
1689.3299039812216,190808,539,1,"1"
1711.5741409887592,190807,540,1,"1"
1719.6766000382788,190804,543,1,"1"
1733.0745718195078,190786,561,1,"1"
1753.745855059482,190768,579,1,"1"
1762.9779081399693,190766,581,2,"2"
1777.1104679545592,190750,597,1,"1"
1785.3573276943325,190732,615,1,"1"
1790.9232841989126,190731,616,1,"1"
1812.3368656643136,190724,623,1,"1"
1815.0460119422987,190723,624,1,"1"
1823.4936671546909,190722,625,1,"1"
1827.3619598418011,190719,628,1,"1"
1855.4625454536606,190716,631,1,"1"
1865.5004579386007,190698,649,1,"1"
1887.5102256306943,190680,667,1,"1"
1894.8706221342004,190679,668,1,"1"
1903.7894060423507,190661,686,1,"1"
1903.7964569002938,190660,687,1,"1"
1908.3722546385086,190657,690,1,"1"
1914.1480295275087,190639,708,1,"1"
1948.646187871811,190637,710,2,"2"
1954.4809565753064,190547,800,5,"4-1"
1968.795603771983,190535,812,1,"1"
1987.7929234390069,190534,813,1,"1"
2007.5203466458065,190533,814,1,"1"
2014.3848442501394,190521,826,1,"1"
2051.8025134502086,190520,827,1,"1"
2059.5005041685708,190519,828,1,"1"
2070.4627689383287,190501,846,1,"1"
2092.6571917557553,190500,847,1,"1"
2097.9697372793398,190486,861,1,"1"
2109.462875098603,190485,862,1,"1"
2113.3953552742596,190467,880,1,"1"
2132.4299759835662,190466,881,1,"1"
2156.7484987269308,190462,885,2,"1-1"
2158.6723916193073,190459,888,1,"1"
2162.3117327317045,190450,897,1,"1"
2162.4258134550873,190449,898,1,"1"
2168.5421111701748,190441,906,4,"2-2"
2184.4686952290863,190439,908,2,"2"
2185.1118693925846,190437,910,2,"2"
2204.627544194168,190426,921,1,"1"
2204.8751799194938,190425,922,1,"1"
2210.0913933756392,190422,925,1,"1"
2212.2508600929364,190410,937,1,"1"
2241.4556216584765,190392,955,1,"1"
2257.4888879660084,190376,971,1,"1"
2283.3184009617889,190373,974,1,"1"
2351.0289086031362,190355,992,1,"1"
2359.5467336687293,190352,995,1,"1"
2368.3552296648154,190351,996,1,"1"
2375.8152422558142,190349,998,2,"2"
2379.2575675538119,190337,1010,1,"1"
2394.7705829267952,190319,1028,1,"1"
2406.9748410379971,190316,1031,1,"1"
2408.9223295244419,190311,1036,3,"2-1"
2422.0057112586705,190308,1039,1,"1"
2425.9368468567113,190272,1075,2,"2"
2431.2699616679411,190270,1077,2,"2"
2444.3927127585607,190269,1078,1,"1"
2447.7640148319911,190266,1081,1,"1"
2457.4199390945196,190265,1082,1,"1"
2460.2301672659737,190264,1083,1,"1"
2463.3068162685549,190246,1101,1,"1"
2464.9329744700572,190228,1119,1,"1"
2490.176552768025,190210,1137,1,"1"
2548.6820403536972,190209,1138,1,"1"
2551.7142581102689,190197,1150,1,"1"
2554.4826141753501,190196,1151,1,"1"
2559.2284728805612,190195,1152,1,"1"
2560.2535057560535,190194,1153,1,"1"
2582.7356042718643,190176,1171,1,"1"
2586.1639119067972,190173,1174,1,"1"
2587.8496154617751,190155,1192,1,"1"
2589.784931664437,190150,1197,1,"1"
2590.6684724573588,190149,1198,1,"1"
2595.9185336658998,190148,1199,1,"1"
2624.9292068635245,190147,1200,1,"1"
2625.751215422285,190146,1201,1,"1"
2653.1395762344441,190128,1219,1,"1"
2655.7768422607969,190127,1220,1,"1"
2657.4593845718573,190124,1223,1,"1"
2664.6915143021588,190115,1232,5,"5"
2685.0706421297305,190097,1250,1,"1"
2698.2831246356986,190079,1268,1,"1"
2749.9563171860418,190061,1286,1,"1"
2753.5659860283831,190058,1289,1,"1"
2767.2185064779796,190040,1307,1,"1"
2769.9240496550015,190022,1325,1,"1"
2788.3273084256139,190012,1335,1,"1"
2790.1352223535773,190002,1345,1,"1"
2791.4154142030079,189999,1348,1,"1"
2810.4929959044339,189985,1362,1,"1"
2817.2548257330882,189967,1380,1,"1"
2828.1602165368822,189949,1398,1,"1"
2830.4942480709924,189944,1403,1,"1"
2835.6109841301854,189926,1421,1,"1"
2845.7041415961221,189908,1439,1,"1"
2856.1708021867539,189890,1457,1,"1"
2858.3508848041038,189872,1475,1,"1"
2861.8864166924018,189854,1493,1,"1"
2864.4814698755677,189848,1499,2,"1-1"
2883.3172706550595,189842,1505,2,"2"
2888.7955322862122,189824,1523,1,"1"
2941.4861176729764,189806,1541,1,"1"
2964.1501219665051,189788,1559,1,"1"
2967.4988635335335,189770,1577,1,"1"
2979.8883775055888,189752,1595,1,"1"
2997.5147055505413,189749,1598,1,"1"
3022.892764399407,189739,1608,1,"1"
3071.0199456267324,189721,1626,1,"1"
3071.4556399664934,189704,1643,1,"1"
3082.6409075781148,189694,1653,1,"1"
3181.5207545205799,189676,1671,1,"1"
3187.5371843781531,189658,1689,1,"1"
3207.2981196681917,189645,1702,3,"3"
3220.4856500121823,189627,1720,1,"1"
3220.6767007632861,189615,1732,1,"1"
3220.9470031006867,189597,1750,1,"1"
3259.0141404331139,189543,1804,4,"4"
3281.1544035072029,189531,1816,1,"1"
3324.4150761106494,189528,1819,1,"1"
3335.0934080905899,189510,1837,1,"1"
3339.2262394380878,189492,1855,1,"1"
3342.7857867924622,189474,1873,1,"1"
3346.2416803159986,189465,1882,1,"1"
3355.6947714847793,189443,1904,2,"1-1"
3384.5405469959169,189432,1915,3,"2-1"
3392.7025422948163,189426,1921,2,"2"
3394.4518939705399,189423,1924,1,"1"
3441.9829180071506,189420,1927,1,"1"
3491.299751906964,189402,1945,1,"1"
3500.3961786596387,189384,1963,1,"1"
3508.6431798556364,189366,1981,1,"1"
3511.7816195890919,189348,1999,1,"1"
3518.2121971368256,189332,2015,1,"1"
3538.4669259670441,189314,2033,1,"1"
3545.5987324706612,189297,2050,1,"1"
3548.7936811099025,189283,2064,1,"1"
3565.1067110152344,189273,2074,1,"1"
3574.226608749043,189268,2079,1,"1"
3582.9225197120568,189258,2089,2,"2"
3598.6689036472517,189248,2099,1,"1"
3599.8839130352158,189243,2104,1,"1"
3614.3185134004698,189238,2109,1,"1"
3615.7911261631589,189225,2122,3,"2-1"
3622.2811501110205,189215,2132,1,"1"
3648.1639249196924,189197,2150,1,"1"
3651.7246983761061,189161,2186,4,"3-1"
3669.4074085440748,189154,2193,1,"1"
3718.0084374100788,189147,2200,1,"1"
3736.0332770994246,189144,2203,1,"1"
3738.0939501668954,189133,2214,1,"1"
3740.011077117797,189115,2232,1,"1"
3761.023884423048,189103,2244,1,"1"
3781.5088927896413,189063,2284,3,"3"
3788.5737995225586,189027,2320,2,"1-1"
3793.5154507351131,189016,2331,1,"1"
3797.7966393000556,189013,2334,1,"1"
3820.1199722395427,188995,2352,1,"1"
3834.4874054944057,188977,2370,1,"1"
3845.7377266283579,188965,2382,2,"2"
3851.152760401762,188962,2385,1,"1"
3857.1381681120015,188957,2390,1,"1"
3865.4249631753942,188939,2408,1,"1"
3869.256279499331,188921,2426,1,"1"
3876.9718920558475,188918,2429,1,"1"
3886.2819330602406,188915,2432,1,"1"
3891.023392784648,188903,2444,2,"1-1"
3894.2173439641788,188885,2462,1,"1"
3894.6015627424208,188863,2484,2,"1-1"
3927.8703082085867,188845,2502,1,"1"
3940.8058812263289,188827,2520,1,"1"
3946.1628237885134,188824,2523,1,"1"
3963.0177068624926,188821,2526,1,"1"
3998.9695349411786,188815,2532,2,"1-1"
4000.1702005571424,188806,2541,3,"3"
4008.2173182120878,188751,2596,9,"4-3-1-1"
4014.0807282152846,188733,2614,1,"1"
4034.4767961640805,188721,2626,1,"1"
4043.3164093785272,188685,2662,2,"1-1"
4048.4892689316366,188682,2665,1,"1"
4064.9549232708773,188669,2678,1,"1"
4073.4189037436622,188651,2696,1,"1"
4077.4952122141972,188633,2714,1,"1"
4100.7726846211117,188626,2721,1,"1"
4100.8696211605047,188620,2727,2,"2"
4115.3659126928915,188602,2745,1,"1"
4128.9883618780741,188588,2759,2,"1-1"
4130.2618539211662,188583,2764,1,"1"
4143.3243690804775,188580,2767,1,"1"
4143.960669179769,188562,2785,1,"1"
4150.5404640769702,188559,2788,1,"1"
4153.5718938403434,188556,2791,1,"1"
4164.3765293116958,188538,2809,1,"1"
4168.9979070945337,188520,2827,1,"1"
4169.5016084668177,188502,2845,1,"1"
4189.2502609940584,188499,2848,1,"1"
4207.1394716203495,188476,2871,3,"3"
4213.9628681157046,188458,2889,1,"1"
4228.2323683026016,188455,2892,1,"1"
4241.8928319413162,188452,2895,1,"1"
4244.0722679233722,188449,2898,1,"1"
4273.6383658599261,188431,2916,1,"1"
4295.5458998397089,188413,2934,1,"1"
4308.4621160591741,188395,2952,1,"1"
4310.7598646718161,188377,2970,1,"1"
4314.5675396428842,188327,3020,4,"3-1"
4331.7518178395712,188309,3038,1,"1"
4346.7961706377391,188306,3041,1,"1"
4357.2115828084161,188288,3059,1,"1"
4360.7342632867458,188270,3077,1,"1"
4407.0183139287547,188234,3113,2,"1-1"
4408.0006996478896,188212,3135,4,"3-1"
4430.7098658908717,188209,3138,1,"1"
4435.3126064693361,188175,3172,2,"1-1"
4443.7311426487804,188157,3190,1,"1"
4452.8405249311254,188125,3222,2,"2"
4475.3364406608307,188107,3240,1,"1"
4479.0430629328393,188089,3258,1,"1"
4479.345664752821,188071,3276,1,"1"
4479.412030436094,188068,3279,1,"1"
4487.9982970107776,188044,3303,4,"4"
4502.8317048464933,188026,3321,1,"1"
4516.86044638763,188014,3333,1,"1"
4525.9010803878218,188004,3343,1,"1"
4529.3018119152393,187986,3361,1,"1"
4533.6495899872507,187976,3371,1,"1"
4540.204842339097,187966,3381,1,"1"
4553.1502204192911,187963,3384,1,"1"
4554.0711679772594,187945,3402,1,"1"
4561.2174710016307,187942,3405,1,"1"
4571.965373179205,187924,3423,1,"1"
4593.1634674886654,187906,3441,1,"1"
4606.3747589222558,187888,3459,1,"1"
4610.2721495530895,187870,3477,1,"1"
4654.7812785830038,187852,3495,1,"1"
4669.8840425602921,187834,3513,1,"1"
4677.2634500362783,187816,3531,1,"1"
4677.8658924026267,187798,3549,1,"1"
4677.9453181023428,187780,3567,1,"1"
4681.4855841032368,187762,3585,1,"1"
4713.8992813027407,187744,3603,1,"1"
4722.5950478957793,187732,3615,1,"1"
4727.77589829109,187729,3618,1,"1"
4732.0126879188729,187711,3636,1,"1"
4738.0338658749588,187693,3654,1,"1"
4757.6346459979686,187675,3672,1,"1"
4761.5474284131633,187668,3679,1,"1"
4765.6363958442107,187654,3693,1,"1"
4777.1731298203758,187648,3699,2,"2"
4788.1063773590595,187645,3702,1,"1"
4809.9232923866284,187627,3720,1,"1"
4817.734609694553,187624,3723,1,"1"
4821.3431356760138,187588,3759,2,"1-1"
4826.5811530821729,187578,3769,1,"1"
4836.3384263652451,187571,3776,1,"1"
4838.0288353554533,187553,3794,1,"1"
4839.8451944592571,187535,3812,1,"1"
4847.3765046146946,187513,3834,2,"1-1"
4866.8399542249208,187495,3852,1,"1"
4884.7668850276332,187477,3870,1,"1"
4900.3052362408052,187462,3885,5,"2-2-1"
4901.8186061503557,187441,3906,3,"3"
4908.3557428704007,187421,3926,2,"1-1"
4918.1644052149204,187403,3944,1,"1"
4922.4242232392962,187391,3956,1,"1"
4934.5346022934673,187377,3970,1,"1"
4940.1278684615945,187364,3983,1,"1"
4942.1579206179367,187349,3998,1,"1"
4947.9775021966707,187331,4016,1,"1"
4964.4852956090326,187314,4033,3,"2-1"
4967.6542656192705,187296,4051,1,"1"
4991.0343469772733,187289,4058,1,"1"
5009.3382570648655,187275,4072,1,"1"
5013.7808219389353,187257,4090,1,"1"
5017.0177149287074,187238,4109,3,"2-1"
5020.3804660774185,187232,4115,2,"1-1"
5024.0112415004378,187208,4139,2,"1-1"
5036.7697485884273,187205,4142,1,"1"
5040.349744564337,187187,4160,1,"1"
5058.3444405469963,187169,4178,1,"1"
5078.9851093295292,187160,4187,1,"1"
5080.3578198017731,187142,4205,1,"1"
5082.5957904139814,187136,4211,2,"2"
5089.3609168772,187118,4229,1,"1"
5094.438162767141,187100,4247,1,"1"
5099.6098923163736,187082,4265,1,"1"
5105.5908228322205,187064,4283,1,"1"
5111.344940715011,187046,4301,1,"1"
5145.598435381673,187034,4313,1,"1"
5153.831463462222,187029,4318,1,"1"
5172.9136880987844,187011,4336,1,"1"
5186.935429885787,186993,4354,1,"1"
5197.4821494368189,186975,4372,1,"1"
5201.6509539726667,186957,4390,1,"1"
5204.2113505256011,186947,4400,1,"1"
5219.2895655095263,186940,4407,1,"1"
5222.6526014094443,186922,4425,1,"1"
5229.8836829378843,186904,4443,1,"1"
5230.6791504170069,186897,4450,1,"1"
5232.9537938903877,186879,4468,1,"1"
5253.7955243370607,186861,4486,1,"1"
5254.0518404288778,186843,4504,1,"1"
5259.8112775259351,186829,4518,1,"1"
5326.7566704129722,186801,4546,2,"1-1"
5334.6741438938598,186765,4582,2,"1-1"
5341.5528191209223,186715,4632,4,"1-1-1-1"
5344.8078002904349,186697,4650,1,"1"
5350.2978055587046,186679,4668,1,"1"
5350.6178617865771,186671,4676,2,"1-1"
5354.7413262446607,186653,4694,1,"1"
5359.3104422111537,186635,4712,1,"1"
5366.1752412937622,186617,4730,1,"1"
5368.0135259432755,186599,4748,1,"1"
5370.6693061102123,186581,4766,1,"1"
5380.8295285036684,186517,4830,5,"2-1-1-1"
5382.5558488691613,186512,4835,1,"1"
5401.1911287760804,186476,4871,2,"2"
5405.9908489221452,186458,4889,1,"1"
5408.229561075791,186429,4918,3,"2-1"
5413.9557848463746,186411,4936,1,"1"
5416.0625728206014,186398,4949,3,"3"
5417.3162377764247,186380,4967,1,"1"
5426.8501996233072,186368,4979,1,"1"
5427.1461740009763,186350,4997,1,"1"
5427.6203751848789,186318,5029,2,"2"
5432.7526249709927,186300,5047,1,"1"
5444.2725067842584,186282,5065,1,"1"
5448.4446633161097,186264,5083,1,"1"
5451.1496060811014,186246,5101,1,"1"
5467.1523963174468,186229,5118,1,"1"
5478.1112336762781,186211,5136,1,"1"
5497.2972164578077,186193,5154,1,"1"
5516.3202770855833,186179,5168,1,"1"
5523.5919536772553,186161,5186,1,"1"
5539.5599872452967,186125,5222,6,"2-1-1-1-1"
5542.1228013211867,186115,5232,1,"1"
5543.8234207322157,186097,5250,1,"1"
5546.6354616177468,186079,5268,1,"1"
5548.1566759747284,186076,5271,1,"1"
5549.5756633395777,186058,5289,1,"1"
5551.1692140710111,186040,5307,1,"1"
5551.9007319404873,186027,5320,1,"1"
5554.7724046660496,185997,5350,2,"1-1"
5566.8334296054982,185979,5368,1,"1"
5571.0750095759713,185961,5386,1,"1"
5572.291339939532,185943,5404,1,"1"
5590.2269726594377,185924,5423,3,"1-1-1"
5591.1113853078177,185906,5441,1,"1"
5602.3588468405424,185888,5459,1,"1"
5609.5424677854189,185882,5465,2,"2"
5615.6425877069505,185877,5470,1,"1"
5621.1128987122302,185859,5488,1,"1"
5624.8900092748536,185847,5500,1,"1"
5656.3701298467686,185803,5544,6,"5-1"
5660.3559664426139,185789,5558,2,"2"
5676.9996704888918,185761,5586,2,"2"
5690.549252125259,185743,5604,1,"1"
5690.828922373179,185731,5616,1,"1"
5693.198583326659,185713,5634,1,"1"
5698.3493023045285,185695,5652,1,"1"
5702.2009325799136,185671,5676,2,"2"
5702.42824960299,185653,5694,1,"1"
5705.87210959615,185648,5699,1,"1"
5711.8316434939925,185630,5717,1,"1"
5713.9439325377571,185623,5724,1,"1"
5734.0612168706957,185605,5742,1,"1"
5748.1720084940334,185587,5760,1,"1"
5759.7145347103433,185569,5778,1,"1"
5762.437914970842,185551,5796,1,"1"
5814.9548291985348,185533,5814,1,"1"
5815.3108776068393,185515,5832,1,"1"
5815.982893820832,185497,5850,1,"1"
5823.7387004435195,185450,5897,3,"2-1"
5832.3238548180207,185431,5916,3,"2-1"
5833.8092105399892,185413,5934,1,"1"
5836.7371221835874,185395,5952,1,"1"
5847.6806927993266,185354,5993,7,"3-2-2"
5855.0584271482367,185343,6004,3,"3"
5869.2889569233475,185325,6022,1,"1"
5875.2577892870604,185307,6040,1,"1"
5878.4959560523048,185293,6054,2,"2"
5885.9114604204715,185281,6066,1,"1"
5891.7514943709684,185274,6073,1,"1"
5897.243765201335,185248,6099,2,"2"
5903.976688331888,185230,6117,1,"1"
5924.2789407877126,185223,6124,1,"1"
5934.8031543330708,185205,6142,1,"1"
5953.0024691876461,185187,6160,1,"1"
5954.162954862034,185169,6178,1,"1"
5962.9032620899379,185151,6196,1,"1"
5966.4640152511929,185053,6294,7,"2-2-1-1-1"
5970.923245132275,185035,6312,1,"1"
5985.5207711977437,185028,6319,1,"1"
5988.0957685029998,185010,6337,1,"1"
5988.5790976436265,184992,6355,1,"1"
5989.2976010241928,184974,6373,1,"1"
6006.8708219364689,184956,6391,1,"1"
6010.6921102153437,184938,6409,1,"1"
6012.4299217613179,184920,6427,1,"1"
6012.7613997829458,184902,6445,1,"1"
6018.3604095738847,184884,6463,1,"1"
6032.1504992463661,184865,6482,3,"3"
6033.665006620713,184839,6508,2,"2"
6036.8860598831025,184834,6513,1,"1"
6039.7522537798432,184816,6531,1,"1"
6049.7087092385482,184798,6549,1,"1"
6053.1490871011229,184733,6614,9,"4-2-1-1-1"
6064.3016085132585,184697,6650,2,"2"
6064.9208261367039,184679,6668,1,"1"
6065.829187738831,184676,6671,1,"1"
6069.2629459344798,184658,6689,1,"1"
6073.5251443524749,184640,6707,1,"1"
6077.0007936691527,184622,6725,1,"1"
6083.4576979475596,184556,6791,5,"2-2-1"
6084.3693630440921,184538,6809,1,"1"
6091.6928456441947,184531,6816,1,"1"
6105.5220478888941,184513,6834,1,"1"
6116.2875158804836,184495,6852,1,"1"
6129.4307707662238,184477,6870,1,"1"
6136.2894199679258,184459,6888,1,"1"
6139.6749419940006,184441,6906,1,"1"
6139.680486362121,184430,6917,1,"1"
6142.8233606717495,184412,6935,1,"1"
6169.7447454301373,184394,6953,1,"1"
6170.0971295861418,184376,6971,1,"1"
6180.204545165946,184358,6989,1,"1"
6183.5329921608436,184238,7109,9,"2-2-2-1-1-1"
6193.1489900729139,184231,7116,1,"1"
6193.7079405683498,184228,7119,1,"1"
6207.3633214163892,184206,7141,2,"1-1"
6219.7934498065397,184188,7159,1,"1"
6235.7686653618493,184174,7173,1,"1"
6254.5148727011801,184169,7178,1,"1"
6254.6650349901947,184151,7196,1,"1"
6257.204433009163,184141,7206,1,"1"
6259.4428937535449,184131,7216,2,"2"
6260.8264932353231,184095,7252,2,"1-1"
6266.3124602884172,184077,7270,1,"1"
6266.97785844583,184055,7292,2,"2"
6287.529614247318,184037,7310,1,"1"
6288.382485122992,184010,7337,3,"2-1"
6292.777651927664,183996,7351,1,"1"
6295.6316381646739,183987,7360,1,"1"
6310.842455865848,183893,7454,7,"5-1-1"
6314.4287716047784,183859,7488,2,"2"
6325.9287093314961,183841,7506,1,"1"
6327.6007744644294,183805,7542,3,"2-1"
6345.5527743722823,183771,7576,3,"3"
6351.8308012521738,183737,7610,3,"3"
6356.9645848943392,183719,7628,1,"1"
6357.398905351929,183706,7641,1,"1"
6358.3828157841745,183692,7655,1,"1"
6368.9719045584789,183674,7673,1,"1"
6388.5101206658665,183656,7691,1,"1"
6392.169863982358,183638,7709,1,"1"
6404.0026421759221,183620,7727,1,"1"
6408.1137501710791,183602,7745,1,"1"
6416.8098650282845,183584,7763,1,"1"
6430.7155901373608,183572,7775,1,"1"
6431.6237434114801,183554,7793,1,"1"
6460.3656486726186,183516,7831,4,"3-1"
6463.1841786928399,183507,7840,1,"1"
6471.5830620329934,183489,7858,1,"1"
6481.4619671952751,183471,7876,1,"1"
6484.5226293430533,183443,7904,2,"2"
6493.0618335350737,183375,7972,6,"3-2-1"
6495.9183606766865,183359,7988,1,"1"
6499.0153816108268,183319,8028,4,"3-1"
6502.4968761926611,183301,8046,1,"1"
6502.6674977646162,183283,8064,1,"1"
6508.383513901651,183269,8078,1,"1"
6517.7358459030402,183215,8132,3,"1-1-1"
6521.3550906565752,183197,8150,1,"1"
6523.2073928522286,183192,8155,1,"1"
6524.1248078684257,183177,8170,1,"1"
6532.6814304312247,183165,8182,1,"1"
6538.1871384645574,183129,8218,2,"1-1"
6558.7887673708237,183111,8236,1,"1"
6560.143808463049,183093,8254,1,"1"
6563.3708162278117,183013,8334,7,"5-2"
6568.7130421614556,182995,8352,1,"1"
6574.6865279062249,182977,8370,1,"1"
6583.1658277368815,182965,8382,1,"1"
6592.0617163101624,182937,8410,2,"2"
6594.9961566299689,182889,8458,3,"2-1"
6595.6682629749102,182876,8471,1,"1"
6610.2708380838803,182858,8489,1,"1"
6614.5760574621554,182840,8507,1,"1"
6625.4749233219491,182822,8525,1,"1"
6636.3894037209684,182795,8552,3,"1-1-1"
6640.6135727216251,182743,8604,4,"2-1-1"
6665.335507991701,182725,8622,1,"1"
6668.9721718967257,182707,8640,1,"1"
6669.1706084956822,182689,8658,1,"1"
6672.430529836498,182677,8670,1,"1"
6689.3906595622584,182660,8687,1,"1"
6697.910795108236,182639,8708,3,"2-1"
6704.3873810142486,182621,8726,1,"1"
6707.1057080935198,182603,8744,1,"1"
6713.941512845443,182475,8872,10,"5-2-1-1-1"
6721.5333186179905,182450,8897,3,"2-1"
6721.6523183259078,182432,8915,1,"1"
6723.4407206688675,182414,8933,1,"1"
6728.2940065510056,182376,8971,4,"3-1"
6728.9200682472438,182356,8991,2,"2"
6739.3696114246195,182338,9009,1,"1"
6742.2599671671169,182328,9019,2,"2"
6766.3562895786708,182323,9024,1,"1"
6768.6622938006967,182305,9042,1,"1"
6778.5562481921343,182300,9047,1,"1"
6785.9331975841442,182194,9153,7,"4-2-1"
6810.024505778174,182179,9168,1,"1"
6814.8716624047047,182168,9179,1,"1"
6816.9344715025736,182150,9197,1,"1"
6818.2612641404621,182116,9231,2,"2"
6820.0773581232124,181946,9401,13,"3-2-2-1-1-1-1-1-1"
6833.3024840997205,181925,9422,3,"2-1"
6837.8586141714131,181907,9440,1,"1"
6839.0530375316193,181894,9453,1,"1"
6853.0333952975188,181889,9458,1,"1"
6854.5258375152152,181879,9468,1,"1"
6860.9595644974379,181861,9486,1,"1"
6866.6607168771052,181846,9501,1,"1"
6874.2392938748762,181828,9519,1,"1"
6874.3977714777493,181690,9657,17,"5-2-2-2-1-1-1-1-1-1"
6878.7426288055512,181672,9675,1,"1"
6880.778051652348,181654,9693,1,"1"
6882.3149487140427,181606,9741,3,"1-1-1"
6893.6801249380705,181588,9759,1,"1"
6895.227505329678,181576,9771,1,"1"
6899.5261609659092,181546,9801,2,"1-1"
6915.3479886115283,181528,9819,1,"1"
6920.6692272679984,181426,9921,12,"4-3-2-1-1-1"
6951.4548645634168,181408,9939,1,"1"
6954.1148167519013,181390,9957,1,"1"
6978.5236264979467,181354,9993,3,"1-1-1"
6980.2044304552674,181347,10000,1,"1"
6988.5489573843752,181329,10018,1,"1"
6992.9675062651177,181319,10028,1,"1"
7001.6752401275717,181301,10046,1,"1"
7017.088202026931,181287,10060,2,"2"
7028.7857254122691,181269,10078,1,"1"
7039.4592803432715,181233,10114,2,"2"
7045.1399907084542,181228,10119,1,"1"
7048.323325727938,181210,10137,1,"1"
7050.3294903790193,181207,10140,1,"1"
7051.4860263976061,181189,10158,1,"1"
7054.342533350864,181157,10190,2,"1-1"
7058.0036711944631,181152,10195,1,"1"
7066.8568378225291,181134,10213,1,"1"
7073.5274011166821,181116,10231,1,"1"
7076.2036510136968,181098,10249,1,"1"
7076.9140195715672,181080,10267,1,"1"
7076.971046611462,181049,10298,5,"2-2-1"
7078.5852083021418,181013,10334,2,"2"
7080.9487608352265,180995,10352,1,"1"
7082.1244386400977,180977,10370,1,"1"
7082.5649959962757,180959,10388,1,"1"
7100.1295163376444,180949,10398,1,"1"
7102.6822467913171,180931,10416,1,"1"
7104.5430483628616,180891,10456,3,"1-1-1"
7109.2520498024069,180873,10474,1,"1"
7129.5673771923584,180855,10492,1,"1"
7136.5975218098865,180848,10499,1,"1"
7140.5818524868992,180830,10517,1,"1"
7145.989507140187,180812,10535,1,"1"
7147.6846579574767,180716,10631,8,"4-2-1-1"
7157.2214402473637,180698,10649,1,"1"
7165.7223150961145,180680,10667,1,"1"
7178.6172903942797,180671,10676,1,"1"
7184.8486291892541,180619,10728,4,"1-1-1-1"
7187.6883465213878,180601,10746,1,"1"
7190.2951685380767,180583,10764,1,"1"
7201.4765771451603,180565,10782,1,"1"
7205.1097086443879,180547,10800,1,"1"
7210.4210773282002,180505,10842,4,"3-1"
7212.203359364592,180487,10860,1,"1"
7215.6751281416182,180460,10887,2,"2"
7225.1327512132984,180430,10917,2,"1-1"
7232.941763739329,180412,10935,1,"1"
7235.7752970013098,180377,10970,5,"2-2-1"
7239.024931190429,180366,10981,1,"1"
7255.0617800571636,180352,10995,1,"1"
7280.5665678716941,180334,11013,1,"1"
7286.4143527311653,180266,11081,5,"4-1"
7288.0097642283881,180230,11117,2,"1-1"
7290.0097367741264,180212,11135,1,"1"
7301.7907657341575,180176,11171,2,"2"
7305.5972203917772,180158,11189,1,"1"
7351.5983546176276,180140,11207,1,"1"
7356.8004811371902,180122,11225,1,"1"
7358.1060468867408,180086,11261,2,"1-1"
7364.7749199672626,180077,11270,1,"1"
7368.8876355688872,180067,11280,1,"1"
7376.1167878966116,180049,11298,1,"1"
7386.8437295715976,180031,11316,1,"1"
7395.0844590312781,179959,11388,4,"4"
7395.2195841088642,179941,11406,1,"1"
7397.4628703006192,179923,11424,1,"1"
7408.8724612395654,179905,11442,1,"1"
7409.0477965127448,179864,11483,5,"2-2-1"
7419.4757537431378,179846,11501,1,"1"
7424.8890416025497,179830,11517,1,"1"
7435.4513586423018,179812,11535,1,"1"
7437.9397047582997,179794,11553,1,"1"
7439.9331984973251,179776,11571,1,"1"
7442.6526490928636,179767,11580,1,"1"
7450.1784453399086,179749,11598,1,"1"
7455.2977338761611,179694,11653,4,"3-1"
7459.6511476379264,179676,11671,1,"1"
7467.586249254211,179604,11743,4,"3-1"
7472.6075713004147,179586,11761,1,"1"
7476.7002236873777,179577,11770,1,"1"
7484.0775049827589,179437,11910,8,"3-2-1-1-1"
7486.3556517436937,179419,11928,1,"1"
7491.7742483399534,179314,12033,8,"2-2-2-1-1"
7503.8419336694269,179296,12051,1,"1"
7505.9733669435664,179278,12069,1,"1"
7515.0473613361373,179238,12109,3,"2-1"
7525.2695030804562,179202,12145,3,"1-1-1"
7527.2182866356861,179184,12163,1,"1"
7533.0905580721965,178857,12490,34,"9-5-3-3-2-2-2-2-1-1-1-1-1-1"
7536.4809604242946,178839,12508,1,"1"
7540.0647860756108,178803,12544,3,"2-1"
7561.6955754613828,178785,12562,1,"1"
7591.1645661948996,178749,12598,2,"1-1"
7603.5399941097539,178731,12616,1,"1"
7603.7089759210603,178722,12625,1,"1"
7604.8730157301707,178710,12637,1,"1"
7608.7610231406179,178692,12655,1,"1"
7611.0077766649993,178674,12673,1,"1"
7617.4337297795337,178656,12691,1,"1"
7619.9311525403918,178638,12709,1,"1"
7622.6828428594254,178602,12745,2,"1-1"
7636.9448682328148,177736,13611,58,"6-4-4-4-3-3-3-3-3-2-2-2-2-2-2-2-1-1-1-1-1-1-1-1-1-1-1"
7641.1473658107261,177718,13629,1,"1"
7651.8224679809018,177700,13647,1,"1"
7653.4096683631606,177682,13665,1,"1"
7659.1954406601035,177628,13719,3,"3"
7660.6989710747775,177610,13737,1,"1"
7662.5550164331189,177556,13791,3,"3"
7674.4214171690792,177484,13863,4,"2-2"
7674.7804547960704,177466,13881,1,"1"
7689.1086442734049,177448,13899,1,"1"
7690.5892976571813,177430,13917,1,"1"
7697.4821505341752,177412,13935,1,"1"
7699.1184879071643,177380,13967,3,"2-1"
7711.6051329000065,177368,13979,2,"2"
7715.2882943843633,177350,13997,1,"1"
7725.8363969459788,177332,14015,1,"1"
7726.8294943191668,177262,14085,4,"2-1-1"
7730.5574941043078,177244,14103,1,"1"
7741.0095734403967,177180,14167,6,"3-1-1-1"
7748.5745010305363,177162,14185,1,"1"
7762.271689944947,177144,14203,1,"1"
7766.2355929299865,177126,14221,1,"1"
7766.3827001758627,0,191347,10030,"10030"
----------------------------------------------1
0,191347,0,0,"0"
37.547400484363799,191346,1,1,"1"
122.4006660494741,191345,2,1,"1"
324.83610732066569,191344,3,1,"1"
331.7117055652181,191326,21,1,"1"
358.645398233349,191308,39,1,"1"
402.68070143931334,191295,52,1,"1"
417.61418376609879,191294,53,1,"1"
449.25970250528195,191293,54,1,"1"
572.36773906136023,191292,55,1,"1"
575.23051329566397,191274,73,1,"1"
591.40223582334545,191256,91,1,"1"
645.6198164953862,191238,109,1,"1"
678.05247600807229,191237,110,1,"1"
684.11109712612972,191236,111,1,"1"
710.0130459252739,191226,121,1,"1"
713.98828075919323,191208,139,1,"1"
769.20126448009466,191207,140,1,"1"
794.40770555026631,191206,141,1,"1"
806.0274072247654,191205,142,1,"1"
811.23323217206178,191204,143,1,"1"
830.18581844306357,191187,160,1,"1"
835.33843056296814,191186,161,1,"1"
872.11639692859694,191185,162,1,"1"
884.81092815727141,191184,163,1,"1"
895.61514521285733,191183,164,1,"1"
910.74027362574589,191182,165,1,"1"
913.22023633889023,191180,167,2,"2"
958.10945107448197,191179,168,1,"1"
962.63846644886996,191174,173,1,"1"
976.86730559099294,191173,174,1,"1"
1001.9799877222902,191172,175,1,"1"
1027.8488726554488,191154,193,1,"1"
1030.1262297336168,191152,195,2,"2"
1040.5103241718537,191134,213,1,"1"
1054.2487317143518,191122,225,1,"1"
1104.6865104239848,191119,228,1,"1"
1115.1009366973392,191116,231,3,"3"
1122.5792810370633,191098,249,1,"1"
1159.7093176965343,191097,250,1,"1"
1204.2498690462537,191096,251,1,"1"
1211.663943930497,191093,254,1,"1"
1216.6642336878417,191092,255,1,"1"
1222.0983125888522,191083,264,1,"1"
1223.4442554991615,191082,265,1,"1"
1241.8094154109192,191081,266,1,"1"
1266.3362444637378,191079,268,2,"2"
1288.9685617127363,191061,286,1,"1"
1306.128416800093,191058,289,1,"1"
1331.6063671772565,191057,290,1,"1"
1338.1963817028882,191056,291,1,"1"
1376.5263279135108,191038,309,1,"1"
1407.2261809527638,191037,310,1,"1"
1421.5604284248036,191036,311,1,"1"
1422.906328001277,191035,312,1,"1"
1432.3125296724284,191032,315,1,"1"
1491.5026003926835,191031,316,1,"1"
1493.1389154945559,191018,329,3,"2-1"
1528.7475281208688,191017,330,1,"1"
1538.0153292350067,191015,332,2,"1-1"
1543.6543188453925,191010,337,1,"1"
1557.3470624931886,191006,341,2,"1-1"
1562.6791998708704,191005,342,1,"1"
1577.1296970138185,191004,343,1,"1"
1577.5986563464744,191003,344,1,"1"
1598.6740983685836,191002,345,1,"1"
1637.5851770480542,190990,357,1,"1"
1652.9105184565065,190987,360,1,"1"
1654.0385526172597,190986,361,1,"1"
1654.3573593832682,190968,379,1,"1"
1670.2268922908672,190965,382,1,"1"
1677.546308321485,190964,383,1,"1"
1758.5147155399327,190962,385,2,"2"
1822.264000053113,190961,386,1,"1"
1827.0269307116048,190947,400,2,"2"
1856.4609506262725,190929,418,1,"1"
1876.5712615886132,190928,419,1,"1"
1892.451111734774,190910,437,1,"1"
1911.5372560676728,190908,439,2,"2"
1911.8042038469514,190907,440,1,"1"
1932.0698830576259,190906,441,1,"1"
1944.5382943078205,190905,442,1,"1"
1958.7397236578333,190904,443,1,"1"
1969.3292897005217,190902,445,2,"2"
1985.3975889713436,190888,459,1,"1"
1986.7413581672549,190886,461,2,"2"
2009.1830104432977,190868,479,1,"1"
2054.7962675577519,190858,489,1,"1"
2060.1259591245589,190857,490,1,"1"
2066.1083811775179,190854,493,1,"1"
2088.7856547583388,190845,502,1,"1"
2089.3057370791221,190827,520,1,"1"
2094.4937798724654,190822,525,3,"2-1"
2103.0798354052581,190816,531,4,"2-1-1"
2107.7059070691089,190815,532,1,"1"
2134.0691594103932,190812,535,1,"1"
2162.9907742277019,190798,549,4,"3-1"
2189.3118664702997,190785,562,1,"1"
2203.0454109025168,190767,580,1,"1"
2208.372481276826,190760,587,1,"1"
2228.7648997615274,190758,589,2,"2"
2251.0489725704615,190744,603,1,"1"
2252.0701664318053,190733,614,1,"1"
2253.784836051499,190717,630,1,"1"
2257.5470056338968,190699,648,1,"1"
2274.8368970763822,190696,651,1,"1"
2293.1699420200944,190691,656,1,"1"
2297.3203536098736,190690,657,1,"1"
2297.9349833629208,190672,675,1,"1"
2301.6718201073286,190660,687,2,"2"
2312.5074240563422,190659,688,1,"1"
2325.836790905988,190656,691,1,"1"
2343.887373224758,190654,693,2,"2"
2349.3604733164066,190648,699,2,"2"
2362.117405309451,190645,702,1,"1"
2365.0965710827986,190627,720,1,"1"
2366.106824324223,190609,738,1,"1"
2369.5726595210285,190591,756,1,"1"
2372.5889346566523,190573,774,1,"1"
2380.353375396965,190570,777,1,"1"
2393.7232803043303,190557,790,1,"1"
2397.7575902030576,190556,791,1,"1"
2406.0846528182992,190538,809,1,"1"
2432.9971722247574,190537,810,1,"1"
2435.3600742401168,190532,815,1,"1"
2448.7851522291094,190526,821,6,"3-2-1"
2478.4242293471962,190516,831,1,"1"
2489.3690743000543,190515,832,1,"1"
2504.4855170341516,190511,836,4,"4"
2518.1002436250192,190510,837,1,"1"
2538.203700324997,190501,846,1,"1"
2542.3486272280788,190490,857,1,"1"
2546.3176206129083,190456,891,3,"3"
2549.2653134944112,190455,892,1,"1"
2567.5887413215546,190450,897,5,"2-1-1-1"
2594.2231153153566,190432,915,1,"1"
2596.7354043104483,190414,933,1,"1"
2607.5960371432679,190411,936,1,"1"
2618.4560008348017,190410,937,1,"1"
2624.3092712496577,190408,939,2,"2"
2634.0960788908792,190401,946,3,"1-1-1"
2640.1358840979174,190383,964,1,"1"
2654.6779179934333,190382,965,1,"1"
2655.5124192617723,190372,975,1,"1"
2656.5244498939546,190336,1011,2,"2"
2658.6587988636079,190333,1014,1,"1"
2659.0177795639961,190330,1017,1,"1"
2677.447387215429,190312,1035,1,"1"
2686.1825064529216,190294,1053,1,"1"
2759.1256183966279,190276,1071,1,"1"
2800.3922706238454,190258,1089,1,"1"
2823.1219359104484,190255,1092,1,"1"
2826.5105051704472,190237,1110,1,"1"
2845.2731327462307,190219,1128,1,"1"
2906.0847390685994,190217,1130,2,"2"
2910.1669263443337,190199,1148,1,"1"
2920.4510285048691,190181,1166,1,"1"
2933.0818263833976,190163,1184,1,"1"
2934.8547246799076,190151,1196,1,"1"
2954.6746447083633,190144,1203,1,"1"
2971.6291291119783,190139,1208,1,"1"
2983.092279816311,190121,1226,1,"1"
2987.8429286171195,190103,1244,1,"1"
2993.8824391451162,190085,1262,1,"1"
3038.498806253669,190082,1265,1,"1"
3067.8461861553383,190064,1283,1,"1"
3110.9075798632239,190059,1288,1,"1"
3117.6387160208283,190041,1306,1,"1"
3144.0091913805254,190032,1315,1,"1"
3147.7737915168373,190029,1318,1,"1"
3152.0266724399667,190011,1336,1,"1"
3163.5683354238504,190004,1343,1,"1"
3208.1963704863792,190001,1346,1,"1"
3216.2431615784976,189983,1364,1,"1"
3264.3355926075419,189965,1382,1,"1"
3267.900010651364,189959,1388,2,"1-1"
3284.1612141431228,189956,1391,1,"1"
3307.8862187700051,189938,1409,1,"1"
3321.1630467658028,189915,1432,3,"2-1"
3324.1936634697563,189897,1450,1,"1"
3352.1723009140082,189879,1468,1,"1"
3353.6692161317815,189861,1486,1,"1"
3358.3480628354978,189843,1504,1,"1"
3384.7916299563299,189825,1522,1,"1"
3406.8811813330176,189811,1536,1,"1"
3418.6967027418032,189810,1537,1,"1"
3425.5828595318671,189792,1555,1,"1"
3447.3407695831543,189780,1567,1,"1"
3468.1056199482045,189768,1579,1,"1"
3486.6864993960098,189750,1597,1,"1"
3492.9863643524463,189744,1603,2,"2"
3497.7185599634772,189737,1610,1,"1"
3504.3892850890743,189719,1628,1,"1"
3535.0512079182454,189710,1637,1,"1"
3545.0297769805775,189696,1651,1,"1"
3545.849288423497,189678,1669,1,"1"
3553.7134076880934,189670,1677,2,"1-1"
3566.8698864288399,189664,1683,2,"2"
3631.3556225144321,189661,1686,1,"1"
3635.8421322074782,189643,1704,1,"1"
3642.1757426754675,189625,1722,1,"1"
3642.2484115660286,189591,1756,2,"2"
3650.5377101465242,189573,1774,1,"1"
3652.5661384328523,189555,1792,1,"1"
3664.4223513898492,189537,1810,1,"1"
3676.9272445716006,189522,1825,1,"1"
3676.9623217392236,189504,1843,1,"1"
3682.7374607260103,189486,1861,1,"1"
3686.300124049958,189474,1873,1,"1"
3689.1677072728153,189459,1888,1,"1"
3694.1566709255653,189456,1891,1,"1"
3711.4777200266858,189439,1908,3,"2-1"
3752.7550710743162,189436,1911,1,"1"
3779.1124223597949,189418,1929,1,"1"
3797.9845846087346,189400,1947,1,"1"
3799.079844232318,189384,1963,4,"3-1"
3808.5443971357163,189366,1981,1,"1"
3817.7442951321464,189348,1999,1,"1"
3841.7850214363693,189330,2017,1,"1"
3856.7758337563532,189305,2042,5,"2-2-1"
3867.6838427994367,189293,2054,2,"1-1"
3887.2157465534697,189278,2069,3,"2-1"
3905.5945872682641,189275,2072,1,"1"
3922.4873493895984,189257,2090,1,"1"
3927.2047709416747,189232,2115,5,"4-1"
3933.6723511386849,189214,2133,1,"1"
3935.0526884174815,189196,2151,1,"1"
3944.5952327104301,189177,2170,3,"3"
3956.4841779544367,189159,2188,1,"1"
3956.7113936325677,189115,2232,3,"2-1"
3977.1136307950796,189097,2250,1,"1"
3980.6651170031414,189079,2268,1,"1"
3982.6483394343113,189061,2286,1,"1"
3985.1127187412944,189051,2296,2,"2"
4003.4166832639648,189033,2314,1,"1"
4005.0912221755261,189030,2317,1,"1"
4035.2269899617836,189012,2335,1,"1"
4037.913690442289,189006,2341,2,"2"
4059.7023593462045,188996,2351,1,"1"
4066.4801427915172,188978,2369,1,"1"
4071.3446962249582,188972,2375,2,"2"
4078.035690120138,188964,2383,2,"1-1"
4090.3177032248955,188946,2401,1,"1"
4103.9315177634562,188943,2404,1,"1"
4105.5911142304594,188938,2409,1,"1"
4124.5681709853552,188928,2419,1,"1"
4148.7468093214029,188910,2437,1,"1"
4161.3971326599994,188892,2455,1,"1"
4175.8972664833491,188879,2468,3,"3"
4177.5034390650335,188861,2486,1,"1"
4179.3854304925026,188837,2510,2,"2"
4213.7192080077648,188819,2528,1,"1"
4244.1369641863403,188801,2546,1,"1"
4246.496123136988,188788,2559,3,"2-1"
4247.7562196819717,188770,2577,1,"1"
4260.2255998176342,188757,2590,1,"1"
4267.9701904053418,188739,2608,1,"1"
4268.0435338441521,188721,2626,1,"1"
4268.3841653189738,188703,2644,1,"1"
4271.6572467303822,188685,2662,1,"1"
4299.5797637731484,188679,2668,2,"2"
4329.1873749081351,188672,2675,1,"1"
4340.3138177562778,188654,2693,1,"1"
4377.8829014324965,188642,2705,1,"1"
4383.5774870845917,188637,2710,1,"1"
4386.5651395126006,188632,2715,1,"1"
4393.6191540084674,188614,2733,1,"1"
4395.2517949942694,188596,2751,1,"1"
4396.0292028741778,188583,2764,3,"3"
4411.4620757575822,188565,2782,1,"1"
4418.1962852329916,188547,2800,1,"1"
4424.7042573358422,188511,2836,2,"2"
4428.9172094229552,188499,2848,4,"3-1"
4431.2282500669944,188481,2866,1,"1"
4441.882646418745,188476,2871,1,"1"
4446.5211306671217,188471,2876,1,"1"
4448.6338876726804,188453,2894,1,"1"
4476.3620195901831,188448,2899,1,"1"
4491.222241450766,188430,2917,1,"1"
4493.6682442844813,188390,2957,3,"3"
4500.3331433282292,188372,2975,1,"1"
4501.5787440521099,188362,2985,2,"1-1"
4523.3058654663337,188346,3001,1,"1"
4537.7059331637493,188320,3027,2,"1-1"
4547.1042055828448,188302,3045,6,"4-1-1"
4550.2024413841718,188299,3048,1,"1"
4557.2705289017467,188289,3058,1,"1"
4559.9610722568959,188286,3061,1,"1"
4560.1527200283945,188268,3079,1,"1"
4568.7261951225382,188263,3084,1,"1"
4605.309759345635,188245,3102,1,"1"
4605.8258369121831,188227,3120,1,"1"
4613.3482179819875,188209,3138,1,"1"
4615.3022423662342,188191,3156,1,"1"
4618.5983575080154,188182,3165,3,"3"
4628.4340359623211,188179,3168,1,"1"
4629.7231036971161,188163,3184,1,"1"
4640.5398047897761,188145,3202,1,"1"
4656.7227429037666,188129,3218,1,"1"
4665.9371680256127,188111,3236,1,"1"
4666.6344593027461,188108,3239,1,"1"
4674.7672021600383,188075,3272,5,"3-1-1"
4684.7664122337674,188057,3290,1,"1"
4687.6550251958433,188023,3324,2,"2"
4696.0867602209491,188020,3327,1,"1"
4710.5168180017508,188008,3339,1,"1"
4727.5686810764691,187990,3357,1,"1"
4729.7706043130738,187976,3371,1,"1"
4738.166685812821,187971,3376,1,"1"
4744.1493293562171,187927,3420,3,"2-1"
4805.3955104282986,187909,3438,1,"1"
4842.8115009663816,187891,3456,1,"1"
4856.1431430340344,187886,3461,1,"1"
4859.5594074382234,187870,3477,1,"1"
4868.0124842951409,187852,3495,1,"1"
4871.1688288237538,187843,3504,1,"1"
4887.5286939839298,187825,3522,1,"1"
4892.9244918721852,187791,3556,3,"2-1"
4911.2992105033327,187773,3574,1,"1"
4920.5885500342119,187763,3584,1,"1"
4929.0345562001912,187745,3602,1,"1"
4930.4160565049378,187691,3656,3,"3"
4935.5605498825598,187688,3659,1,"1"
4940.8110997830481,187670,3677,1,"1"
4947.4969239191951,187660,3687,1,"1"
4986.2026561299472,187642,3705,1,"1"
4989.9397799750586,187624,3723,1,"1"
5002.9149633287307,187619,3728,1,"1"
5025.4843206034684,187609,3738,1,"1"
5063.9416208195698,187594,3753,1,"1"
5064.9127832543882,187558,3789,2,"2"
5066.0460647931077,187540,3807,1,"1"
5079.6723489455553,187522,3825,1,"1"
5108.6375431293018,187504,3843,1,"1"
5129.7040621216529,187495,3852,1,"1"
5134.7169376022221,187477,3870,1,"1"
5156.3898862382794,187459,3888,1,"1"
5157.3251915759083,187450,3897,1,"1"
5157.9482190367444,187432,3915,1,"1"
5160.9829804815354,187422,3925,1,"1"
5189.4347873528113,187404,3943,1,"1"
5198.1931759449781,187394,3953,1,"1"
5206.0672914490087,187376,3971,1,"1"
5218.5193055150676,187358,3989,1,"1"
5226.8332140824032,187340,4007,1,"1"
5229.1165024919483,187322,4025,1,"1"
5264.0431785629289,187308,4039,1,"1"
5269.7347355427146,187290,4057,1,"1"
5283.4317510979608,187272,4075,1,"1"
5288.4015287613092,187254,4093,1,"1"
5289.6762121927441,187236,4111,1,"1"
5296.1987881260839,187218,4129,1,"1"
5304.9571147430106,187215,4132,1,"1"
5324.6724179286848,187203,4144,2,"1-1"
5334.7300750046852,187185,4162,1,"1"
5359.578473614547,187167,4180,1,"1"
5371.4751304963793,187160,4187,1,"1"
5371.527003275537,187142,4205,1,"1"
5399.0001748859631,187124,4223,1,"1"
5401.0769647480574,187088,4259,2,"2"
5404.34681580505,187070,4277,1,"1"
5407.8954077302187,187052,4295,1,"1"
5422.0458892421539,187036,4311,1,"1"
5423.7289520531249,187033,4314,1,"1"
5424.4407624172854,187015,4332,1,"1"
5430.5400427752711,186961,4386,8,"6-2"
5431.080435675125,186925,4422,2,"2"
5449.3248048505257,186907,4440,1,"1"
5453.7260767589732,186889,4458,1,"1"
5462.3011889977761,186853,4494,2,"2"
5464.9726203913651,186829,4518,2,"2"
5468.0799076295525,186826,4521,1,"1"
5477.8014071725001,186796,4551,6,"4-2"
5480.5240553338008,186782,4565,2,"2"
5483.0199252884158,186764,4583,1,"1"
5506.242777606637,186752,4595,1,"1"
5508.4441488479797,186734,4613,1,"1"
5517.1977867366668,186724,4623,2,"2"
5520.4029546767224,186706,4641,1,"1"
5531.7843273741209,186688,4659,1,"1"
5539.7244504029495,186678,4669,1,"1"
5542.9325876274706,186668,4679,1,"1"
5548.9286367085697,186658,4689,1,"1"
5555.077764871513,186639,4708,3,"2-1"
5567.3127652596058,186621,4726,1,"1"
5574.6670255839499,186603,4744,1,"1"
5592.4374290357182,186585,4762,1,"1"
5613.9964944461126,186567,4780,1,"1"
5614.9492489994545,186539,4808,2,"2"
5620.4931275929202,186521,4826,1,"1"
5635.2478608280662,186508,4839,1,"1"
5645.5087306786654,186498,4849,1,"1"
5679.9629654987366,186474,4873,2,"2"
5682.3405194594661,186456,4891,1,"1"
5685.8318777284549,186438,4909,1,"1"
5689.4544429820689,186424,4923,2,"2"
5699.1553596843023,186417,4930,1,"1"
5711.7347664604968,186399,4948,1,"1"
5735.4815292917274,186381,4966,1,"1"
5765.1336847345437,186374,4973,1,"1"
5767.5100826775879,186356,4991,1,"1"
5775.5319470169716,186338,5009,1,"1"
5799.4047735464001,186326,5021,1,"1"
5801.0618173216471,186308,5039,1,"1"
5808.6573331031195,186230,5117,6,"3-2-1"
5835.8954105667281,186212,5135,1,"1"
5838.2575682351289,186201,5146,1,"1"
5862.042200385632,186192,5155,1,"1"
5867.3324770600402,186150,5197,3,"1-1-1"
5871.9430136950896,186132,5215,1,"1"
5877.5186661747175,186114,5233,1,"1"
5886.6502004640379,186096,5251,1,"1"
5895.6709815671002,186074,5273,2,"1-1"
5915.0752391625947,186056,5291,1,"1"
5924.3304809635265,186038,5309,1,"1"
5924.9289434169823,186020,5327,1,"1"
5942.9658477474613,185994,5353,2,"1-1"
5954.6157594344268,185976,5371,1,"1"
5957.14147096136,185958,5389,1,"1"
5977.3264605622544,185940,5407,1,"1"
5986.3677791687223,185931,5416,1,"1"
5986.8929713148073,185924,5423,1,"1"
5987.062073572155,185898,5449,6,"5-1"
5997.9592613000068,185895,5452,1,"1"
6015.8973770683024,185890,5457,1,"1"
6017.7599568037986,185872,5475,1,"1"
6018.619020656799,185856,5491,1,"1"
6030.5915148987788,185838,5509,1,"1"
6035.5650212150103,185822,5525,1,"1"
6051.8733991478948,185815,5532,1,"1"
6055.4190236211252,185797,5550,1,"1"
6069.5773976214541,185779,5568,1,"1"
6070.1141400148108,185766,5581,3,"2-1"
6089.9474440392951,185748,5599,1,"1"
6099.3262935111798,185732,5615,1,"1"
6132.7069007311175,185714,5633,1,"1"
6136.3894217073166,185696,5651,1,"1"
6138.6561598737935,185678,5669,1,"1"
6150.1012098143101,185665,5682,3,"2-1"
6153.4311098777998,185647,5700,1,"1"
6158.3764897197261,185629,5718,1,"1"
6168.6537767381787,185611,5736,1,"1"
6168.8824066473535,185593,5754,1,"1"
6172.2973722648285,185556,5791,4,"3-1"
6179.9090033614675,185502,5845,3,"2-1"
6185.0128628495058,185490,5857,1,"1"
6191.1537333490014,185472,5875,1,"1"
6199.8480793054032,185436,5911,2,"2"
6204.1299200247686,185418,5929,1,"1"
6204.3172961909304,185408,5939,1,"1"
6218.2516953728409,185363,5984,5,"4-1"
6227.68175836712,185339,6008,2,"2"
6236.6649268167666,185321,6026,1,"1"
6245.2559711374251,185309,6038,2,"2"
6247.3133418831403,185291,6056,1,"1"
6252.6264664713281,185286,6061,1,"1"
6256.4620385306189,185268,6079,1,"1"
6260.8778582888908,185259,6088,1,"1"
6261.0276291382088,185223,6124,2,"1-1"
6276.2218074174252,185214,6133,1,"1"
6279.0729402134975,185203,6144,1,"1"
6284.2085129018396,185182,6165,3,"2-1"
6304.6334482226321,185164,6183,1,"1"
6304.8516763716898,185128,6219,2,"2"
6306.3700756064436,185092,6255,2,"2"
6316.90036962471,185074,6273,1,"1"
6320.8390965861081,185067,6280,1,"1"
6321.5337748037819,185049,6298,1,"1"
6328.3280529264175,185037,6310,1,"1"
6348.0995217548862,185019,6328,1,"1"
6350.1065106094293,185001,6346,1,"1"
6351.2402149279915,184983,6364,1,"1"
6368.5517604322613,184965,6382,1,"1"
6370.303593830733,184954,6393,1,"1"
6372.1620709482304,184936,6411,1,"1"
6374.3732256665553,184931,6416,1,"1"
6378.5714456531368,184919,6428,1,"1"
6388.1585011524003,184903,6444,1,"1"
6389.9796992713036,184867,6480,2,"2"
6407.353174050475,184831,6516,2,"2"
6433.0811461100084,184813,6534,1,"1"
6437.1789898433863,184795,6552,1,"1"
6440.8746066112935,184777,6570,1,"1"
6444.4748532799149,184759,6588,1,"1"
6444.7787265636234,184747,6600,2,"2"
6447.3055733966694,184694,6653,9,"4-3-1-1"
6463.2228253903922,184676,6671,1,"1"
6463.8297027754561,184658,6689,1,"1"
6485.052608154132,184648,6699,1,"1"
6485.4119917718272,184641,6706,1,"1"
6487.9345675482245,184623,6724,1,"1"
6489.8495834022515,184605,6742,1,"1"
6507.4852110902802,184584,6763,3,"3"
6514.1629287885789,184566,6781,1,"1"
6535.432114882693,184530,6817,2,"2"
6540.3871629747191,184496,6851,4,"3-1"
6554.8726709252996,184486,6861,1,"1"
6568.9374675727368,184479,6868,1,"1"
6575.7346813296872,184461,6886,1,"1"
6585.0984387024291,184456,6891,1,"1"
6598.7904808192534,184438,6909,1,"1"
6607.031899400904,184420,6927,1,"1"
6610.5039157065621,184402,6945,1,"1"
6612.2584733701942,184384,6963,1,"1"
6618.6973650495638,184348,6999,2,"2"
6624.9752439870863,184334,7013,2,"2"
6629.6983258479577,184292,7055,3,"2-1"
6636.3840295663795,184244,7103,4,"2-2"
6637.9263421896458,184228,7119,1,"1"
6641.1236544896838,184223,7124,1,"1"
6650.5506786957603,184205,7142,1,"1"
6654.262122043313,184137,7210,5,"2-1-1-1"
6669.2440910935265,184125,7222,1,"1"
6671.1030540595466,184089,7258,2,"2"
6672.8874504977421,184079,7268,1,"1"
6678.4001530151863,184070,7277,1,"1"
6695.9447174399529,184034,7313,2,"2"
6703.3977234923177,184016,7331,1,"1"
6704.9724231876417,183988,7359,2,"2"
6707.063410087886,183952,7395,2,"1-1"
6708.1423080435115,183934,7413,1,"1"
6715.3192196927785,183916,7431,1,"1"
6719.4107723987017,183898,7449,1,"1"
6731.7443270813465,183858,7489,3,"2-1"
6761.3862966254346,183846,7501,1,"1"
6764.993680700979,183756,7591,5,"4-1"
6772.0637608233619,183718,7629,3,"3"
6773.6214669083483,183706,7641,1,"1"
6784.075996740763,183672,7675,2,"2"
6784.733474175503,183658,7689,1,"1"
6794.6900315246658,183640,7707,1,"1"
6829.7067145512674,183626,7721,1,"1"
6835.7194181576351,183608,7739,1,"1"
6838.6454494482441,183590,7757,1,"1"
6839.8421699412183,183438,7909,13,"4-2-2-2-1-1-1"
6842.5253992108392,183420,7927,1,"1"
6843.070019864178,183411,7936,1,"1"
6845.6825755905629,183393,7954,1,"1"
6853.2836182917963,183237,8110,11,"3-2-2-1-1-1-1"
6857.4328373632752,183219,8128,1,"1"
6873.879915413575,183201,8146,1,"1"
6876.7948121648697,183183,8164,1,"1"
6879.393424980768,183172,8175,1,"1"
6880.3975860470409,183165,8182,1,"1"
6880.6889369806222,183134,8213,5,"4-1"
6882.4057551915039,183074,8273,6,"2-1-1-1-1"
6888.8412423090549,183056,8291,1,"1"
6894.5374673096348,183042,8305,1,"1"
6895.7553609313418,183031,8316,1,"1"
6902.373275179757,182951,8396,6,"2-2-1-1"
6919.5118898731134,182933,8414,1,"1"
6923.0600837128541,182898,8449,3,"2-1"
6929.1495583341748,182880,8467,1,"1"
6944.1656299755205,182862,8485,1,"1"
6948.9529390367852,182844,8503,1,"1"
6949.9250766651039,182826,8521,1,"1"
6950.793583120324,182808,8539,1,"1"
6952.0560795150432,182790,8557,1,"1"
6954.9845837943712,182758,8589,2,"2"
6962.3797147711275,182722,8625,2,"2"
6970.1263837206061,182704,8643,1,"1"
6981.2716740072583,182646,8701,5,"3-2"
6981.6820030546514,182628,8719,1,"1"
6993.2406493392791,182610,8737,1,"1"
6995.3624882588065,182592,8755,1,"1"
7004.0502263076232,182587,8760,1,"1"
7017.1731716367549,182578,8769,1,"1"
7019.8192881025807,182550,8797,4,"2-2"
7035.0183147972812,182532,8815,1,"1"
7036.5603674141994,182514,8833,1,"1"
7048.9306060586996,182491,8856,3,"1-1-1"
7050.3139472336525,182472,8875,3,"2-1"
7063.8210312558995,182460,8887,1,"1"
7073.4186759305985,182442,8905,1,"1"
7081.8899538397363,182424,8923,1,"1"
7085.6023419762687,182406,8941,1,"1"
7088.8847725711803,182376,8971,3,"3"
7094.4531736885356,182358,8989,1,"1"
7119.9225063496224,182322,9025,2,"2"
7124.7960593011585,182306,9041,1,"1"
7156.5694174218243,182270,9077,2,"1-1"
7161.7334024911142,182252,9095,1,"1"
7162.9412366823144,182220,9127,2,"2"
7163.5491675966059,182202,9145,1,"1"
7167.6798399389763,182184,9163,1,"1"
7168.9533566360597,182169,9178,1,"1"
7168.9924373252688,182160,9187,1,"1"
7185.7960034279386,182149,9198,1,"1"
7188.1951204381712,182131,9216,1,"1"
7199.891324937008,182113,9234,1,"1"
7200.5790025115866,182095,9252,1,"1"
7204.7190869172246,182077,9270,1,"1"
7210.4856651855953,182061,9286,1,"1"
7221.1502944216008,182043,9304,1,"1"
7230.8862715973855,182038,9309,1,"1"
7231.5464368442026,182020,9327,1,"1"
7246.7822357373716,182002,9345,1,"1"
7271.9415050115131,181986,9361,1,"1"
7282.1309792613556,181972,9375,1,"1"
7290.6396792727619,181944,9403,4,"1-1-1-1"
7299.9219357461097,181926,9421,1,"1"
7310.0333545056501,181914,9433,1,"1"
7312.4710469304337,181880,9467,2,"1-1"
7320.1871561354928,181862,9485,1,"1"
7326.0042296518213,181826,9521,2,"2"
7326.1031618979896,181821,9526,1,"1"
7326.8454920896193,181803,9544,1,"1"
7329.5537538249846,181785,9562,1,"1"
7336.1588115502273,181767,9580,1,"1"
7345.1241437357203,181749,9598,1,"1"
7345.4146349808352,181731,9616,1,"1"
7351.8752296947778,181713,9634,1,"1"
7355.0740242100219,181695,9652,1,"1"
7356.3362814748298,181366,9981,41,"6-5-4-3-3-2-2-2-2-2-2-2-1-1-1-1-1-1"
7357.8321548000695,181348,9999,1,"1"
7359.8603036063123,181320,10027,2,"1-1"
7382.8720580091594,181302,10045,1,"1"
7386.4216350892375,181284,10063,1,"1"
7397.9370393506033,181223,10124,7,"2-1-1-1-1-1"
7398.2088179379671,181216,10131,1,"1"
7400.5488384697728,181168,10179,4,"4"
7403.276052853862,181138,10209,3,"3"
7404.0875369200867,181120,10227,1,"1"
7408.3645245584175,181102,10245,1,"1"
7411.8049214555076,181037,10310,8,"2-1-1-1-1-1-1"
7418.1487292766888,181019,10328,1,"1"
7422.9092900862579,181001,10346,1,"1"
7424.8578946079751,180983,10364,1,"1"
7435.4646057133414,180969,10378,1,"1"
7442.9881841858405,180933,10414,2,"2"
7446.1732046448305,180915,10432,1,"1"
7449.370159952321,180897,10450,1,"1"
7453.3650490713353,180879,10468,1,"1"
7456.631839251665,180861,10486,1,"1"
7486.5280575836941,180843,10504,1,"1"
7490.2706776620798,180825,10522,1,"1"
7490.5906869402861,180807,10540,1,"1"
7491.4429596074469,180789,10558,1,"1"
7496.665302426014,180753,10594,2,"1-1"
7505.2547465218795,180711,10636,3,"2-1"
7507.948154233437,180693,10654,1,"1"
7511.104669848407,180637,10710,4,"1-1-1-1"
7514.6300871722915,180619,10728,1,"1"
7516.6498919374299,180601,10746,1,"1"
7519.3584193676861,180583,10764,1,"1"
7520.5870738651574,180565,10782,1,"1"
7525.03410738613,180539,10808,2,"1-1"
7532.757913749846,180525,10822,2,"2"
7537.6862334555071,180434,10913,9,"6-1-1-1"
7549.6251872078392,180398,10949,2,"2"
7553.8637090735865,180362,10985,2,"1-1"
7554.5746373088496,180344,11003,1,"1"
7560.0795125299119,180326,11021,1,"1"
7562.1577013824053,180308,11039,1,"1"
7574.1083447169949,180290,11057,1,"1"
7581.3538842060116,180281,11066,1,"1"
7582.3999905384835,180263,11084,1,"1"
7595.5610471481241,180201,11146,8,"3-2-2-1"
7604.4645727554671,180183,11164,1,"1"
7614.2477408819477,180146,11201,3,"2-1"
7614.4848581056367,180128,11219,1,"1"
7615.9924154485843,180110,11237,1,"1"
7634.2688025632124,179992,11355,8,"4-1-1-1-1"
7639.2016241666151,0,191347,10221,"10221"
----------------------------------------------2
0,191347,0,0,"0"
297.6045394797959,191329,18,1,"1"
322.92664222852142,191328,19,1,"1"
355.24620428440358,191310,37,1,"1"
464.10570361415074,191309,38,1,"1"
544.10856478580968,191291,56,1,"1"
642.19439297218071,191290,57,1,"1"
647.78313846920639,191283,64,1,"1"
676.18740983790565,191282,65,1,"1"
756.74870376689682,191281,66,1,"1"
758.83319691608301,191280,67,1,"1"
767.52996762971475,191262,85,1,"1"
812.70203606186601,191244,103,1,"1"
813.54175518882323,191243,104,1,"1"
819.19493312049781,191242,105,1,"1"
832.97556611570815,191241,106,1,"1"
901.5613387369267,191240,107,1,"1"
945.26643557592081,191222,125,1,"1"
956.77298729765209,191221,126,1,"1"
965.4410812740856,191218,129,1,"1"
971.28766991313637,191200,147,1,"1"
980.8316591570831,191199,148,1,"1"
982.21715746722396,191196,151,1,"1"
984.25851534434969,191195,152,1,"1"
985.14288284225177,191194,153,1,"1"
1000.1128146605419,191176,171,1,"1"
1010.2322605876955,191173,174,3,"1-1-1"
1013.8066820830217,191172,175,1,"1"
1060.8237233314653,191171,176,1,"1"
1099.8219355791373,191170,177,1,"1"
1100.7677544205578,191169,178,1,"1"
1127.2320773081619,191166,181,1,"1"
1137.8584589877114,191165,182,1,"1"
1150.6955659461419,191163,184,2,"2"
1186.5413883314345,191162,185,1,"1"
1191.2260465255126,191155,192,1,"1"
1198.3841190525279,191152,195,1,"1"
1201.9138382502845,191142,205,1,"1"
1228.0580327618018,191141,206,1,"1"
1239.2727160681184,191123,224,1,"1"
1267.7269139550351,191122,225,1,"1"
1289.2452143418211,191104,243,1,"1"
1321.5976677756698,191097,250,1,"1"
1322.4733628441002,191096,251,1,"1"
1354.5102251577198,191093,254,3,"3"
1354.7917440976303,191075,272,1,"1"
1357.5195717579475,191057,290,1,"1"
1374.3871770692699,191056,291,1,"1"
1379.3520889348943,191044,303,1,"1"
1395.498750836171,191043,304,1,"1"
1414.9454504367754,191038,309,1,"1"
1416.6585095008786,191037,310,1,"1"
1421.0829582851472,191036,311,1,"1"
1431.0644013141159,191021,326,1,"1"
1443.0879533875025,191003,344,1,"1"
1449.2110073424315,191002,345,1,"1"
1485.2732378809903,191001,346,1,"1"
1488.8320181132592,190983,364,1,"1"
1513.0041567004841,190982,365,1,"1"
1530.6499238684044,190964,383,1,"1"
1531.2419930655708,190946,401,1,"1"
1556.2561502668618,190945,402,1,"1"
1556.4223128476378,190944,403,1,"1"
1592.5798260772999,190943,404,1,"1"
1608.2771233424344,190942,405,1,"1"
1623.5415938555518,190941,406,1,"1"
1639.1477661861347,190927,420,1,"1"
1643.135623564883,190925,422,2,"2"
1647.0083061615233,190924,423,1,"1"
1653.7194924983785,190922,425,2,"1-1"
1654.9390489664988,190921,426,1,"1"
1657.2552751936007,190903,444,1,"1"
1657.5611255123274,190889,458,1,"1"
1663.4635603090644,190888,459,1,"1"
1689.8193097415301,190887,460,1,"1"
1700.0011523584978,190869,478,1,"1"
1701.8587091131576,190859,488,1,"1"
1716.1062392120753,190858,489,1,"1"
1717.9812298582476,190857,490,1,"1"
1719.4693922246452,190847,500,6,"4-2"
1750.0777275733728,190838,509,1,"1"
1754.0703646178647,190835,512,1,"1"
1764.3071973967878,190834,513,1,"1"
1765.8643296057458,190816,531,1,"1"
1786.3957440962545,190815,532,1,"1"
1812.0095594832612,190814,533,1,"1"
1822.0877610997702,190796,551,1,"1"
1826.9489869373156,190795,552,1,"1"
1831.1760565491224,190785,562,2,"2"
1842.7107091195355,190784,563,1,"1"
1869.9021903210955,190782,565,2,"1-1"
1885.6410306301998,190764,583,1,"1"
1899.9123146509553,190746,601,1,"1"
1905.5475308238738,190745,602,1,"1"
1915.5537655931705,190740,607,1,"1"
1977.2272461216389,190724,623,1,"1"
1981.2527793087479,190718,629,2,"2"
1984.7851265913603,190708,639,1,"1"
1989.0726233464061,190690,657,1,"1"
1993.7009571592052,190672,675,1,"1"
1998.5283179202499,190670,677,2,"2"
2013.6489483386406,190655,692,1,"1"
2019.8246623499565,190637,710,1,"1"
2036.9364143084708,190619,728,1,"1"
2058.5943116835851,190601,746,1,"1"
2064.5969963450525,190595,752,2,"2"
2070.8748806974809,190577,770,1,"1"
2096.8424166281188,190559,788,1,"1"
2101.8685988669049,190557,790,2,"2"
2163.8591815112077,190556,791,1,"1"
2166.3430613619794,190538,809,1,"1"
2167.876599538753,190537,810,1,"1"
2171.7171893146347,190531,816,4,"2-1-1"
2191.9022341747491,190530,817,1,"1"
2208.3730350784676,190494,853,2,"2"
2230.5629835480954,190493,854,1,"1"
2283.1760743604646,190492,855,1,"1"
2286.2443188623761,190482,865,1,"1"
2294.9000355916633,190480,867,2,"2"
2295.9347618494767,190477,870,1,"1"
2297.3584578167693,190476,871,1,"1"
2303.4531020782483,190471,876,1,"1"
2325.4911030554213,190464,883,1,"1"
2340.9017403738376,190446,901,1,"1"
2349.3839703062367,190445,902,1,"1"
2350.700688030629,190442,905,1,"1"
2351.7092418451962,190436,911,2,"1-1"
2385.5002860426516,190435,912,1,"1"
2408.834435389866,190425,922,2,"2"
2410.1021092206179,190413,934,1,"1"
2420.1496603461992,190395,952,1,"1"
2420.8887139942699,190389,958,2,"1-1"
2430.6428221622991,190388,959,1,"1"
2435.4808752454733,190387,960,1,"1"
2438.7364879306638,190384,963,1,"1"
2458.3141261674186,190381,966,1,"1"
2491.6726626034224,190380,967,1,"1"
2499.9731140378863,190368,979,1,"1"
2509.4075011444702,190367,980,1,"1"
2525.9861000645956,190361,986,2,"1-1"
2527.4461578091841,190343,1004,1,"1"
2559.4160140997847,190342,1005,1,"1"
2560.5741729566698,190340,1007,2,"2"
2582.5140150275361,190337,1010,1,"1"
2592.4609282367078,190336,1011,1,"1"
2594.9373795875522,190318,1029,1,"1"
2595.4852163829723,190317,1030,1,"1"
2607.9458411319092,190316,1031,1,"1"
2615.3717510670122,190298,1049,1,"1"
2637.5475115395993,190295,1052,1,"1"
2644.4692574467153,190294,1053,1,"1"
2649.3730887867318,190293,1054,1,"1"
2649.4799071427487,190289,1058,4,"2-2"
2658.0940525719084,190271,1076,1,"1"
2663.8316675211699,190268,1079,1,"1"
2665.3594490003629,190267,1080,1,"1"
2666.3279538920315,190249,1098,1,"1"
2683.9261592211442,190242,1105,5,"2-1-1-1"
2685.0317940506047,190224,1123,1,"1"
2689.7758044736111,190206,1141,1,"1"
2723.7353479131507,190192,1155,1,"1"
2724.8186012732249,190182,1165,2,"2"
2734.5816127503645,190164,1183,1,"1"
2743.347293904852,190146,1201,1,"1"
2750.3117137280747,190143,1204,1,"1"
2751.1460398377758,190140,1207,1,"1"
2773.4772893985355,190122,1225,1,"1"
2796.4699637149238,190112,1235,1,"1"
2805.4842201655288,190105,1242,1,"1"
2816.0391464647769,190087,1260,1,"1"
2817.6651126932634,190077,1270,2,"2"
2839.1063562580212,190065,1282,1,"1"
2844.1702973783463,190062,1285,1,"1"
2844.7730317522655,190057,1290,1,"1"
2852.6313428725139,190045,1302,1,"1"
2856.7842913336249,190009,1338,2,"1-1"
2861.2823504098751,190006,1341,1,"1"
2890.9413452624494,189997,1350,1,"1"
2892.3066680111501,189994,1353,1,"1"
2902.3013856583734,189976,1371,1,"1"
2913.5573845851559,189975,1372,1,"1"
2952.6098562189695,189969,1378,2,"1-1"
2976.3934713063741,189955,1392,2,"1-1"
2981.596947093286,189952,1395,1,"1"
2997.3030485220766,189934,1413,1,"1"
3011.7471205942329,189916,1431,1,"1"
3039.5568555302843,189897,1450,3,"3"
3048.5882602484166,189879,1468,1,"1"
3051.3141458720456,189861,1486,1,"1"
3076.4426973634886,189855,1492,2,"2"
3076.9410753029606,189854,1493,1,"1"
3099.3150900431215,189836,1511,1,"1"
3125.0925905261661,189818,1529,1,"1"
3135.5376007625387,189813,1534,1,"1"
3136.4742810443249,189810,1537,1,"1"
3159.4439519171669,189792,1555,1,"1"
3171.9612582483987,189774,1573,1,"1"
3173.8418589429693,189756,1591,1,"1"
3174.2227088781488,189749,1598,1,"1"
3217.0234678669881,189731,1616,1,"1"
3217.2500222506951,189713,1634,1,"1"
3226.6223879279887,189708,1639,1,"1"
3228.0097204359131,189705,1642,1,"1"
3243.1801425839726,189687,1660,1,"1"
3309.2101582856162,189651,1696,2,"2"
3316.223046919677,189633,1714,1,"1"
3339.1077643432318,189615,1732,1,"1"
3350.2251324245894,189597,1750,1,"1"
3369.9786991705205,189579,1768,1,"1"
3382.0789035126318,189576,1771,1,"1"
3385.1275238705448,189558,1789,1,"1"
3419.1398588731322,189540,1807,1,"1"
3428.3832849357614,189522,1825,1,"1"
3440.1906467627873,189519,1828,1,"1"
3448.6652270278537,189510,1837,1,"1"
3455.4923640202878,189507,1840,1,"1"
3461.8411799946375,189502,1845,1,"1"
3466.1415607346457,189484,1863,1,"1"
3471.1803147977062,189467,1880,1,"1"
3474.9539114717259,189457,1890,2,"2"
3491.492580835793,189439,1908,1,"1"
3492.5608912474945,189421,1926,1,"1"
3499.0649375946082,189418,1929,1,"1"
3506.830849890137,189412,1935,2,"2"
3510.9888844719217,189394,1953,1,"1"
3514.8189258543607,189387,1960,1,"1"
3518.1846738853365,189384,1963,1,"1"
3574.4584060679513,189361,1986,5,"3-1-1"
3583.5198360000754,189343,2004,1,"1"
3617.6203107314868,189325,2022,1,"1"
3639.705452535316,189313,2034,1,"1"
3641.5293568226821,189310,2037,1,"1"
3688.064876538936,189303,2044,1,"1"
3721.7919655896967,189298,2049,1,"1"
3736.7619463296242,189281,2066,1,"1"
3744.0558831950443,189263,2084,1,"1"
3750.1794773391189,189245,2102,1,"1"
3752.5204876968951,189240,2107,1,"1"
3764.2794922380494,189230,2117,2,"1-1"
3785.4601465390365,189212,2135,1,"1"
3801.8372075498883,189207,2140,1,"1"
3840.473129465011,189204,2143,1,"1"
3852.0887490537139,189201,2146,1,"1"
3858.3218647969907,189183,2164,1,"1"
3867.1943818569753,189165,2182,1,"1"
3875.6788168668768,189155,2192,1,"1"
3904.5940317798445,189137,2210,1,"1"
3923.2062555556008,189125,2222,1,"1"
3927.3810547690355,189107,2240,1,"1"
3929.23637548433,189100,2247,1,"1"
3930.5687638310228,189095,2252,1,"1"
3933.8670587463034,189077,2270,1,"1"
3934.053765478654,189074,2273,1,"1"
3938.1481194107573,189050,2297,2,"1-1"
3943.2318500992164,189044,2303,2,"2"
3945.5644831742075,189034,2313,1,"1"
3946.9670832453935,189016,2331,1,"1"
3948.7055440979798,189009,2338,1,"1"
3956.4242607817173,188973,2374,2,"2"
3957.9532638313867,188955,2392,1,"1"
3969.0848903122724,188929,2418,4,"3-1"
3975.8096134580005,188917,2430,1,"1"
3976.689314174389,188899,2448,1,"1"
3977.579778662337,188881,2466,1,"1"
3977.671371241177,188875,2472,2,"1-1"
4051.0325700640619,188857,2490,1,"1"
4053.6870335157273,188821,2526,2,"2"
4072.3164042292888,188818,2529,1,"1"
4086.4256669901092,188815,2532,1,"1"
4105.2914002883244,188800,2547,3,"3"
4105.9811428178718,188792,2555,2,"1-1"
4141.1775099753604,188774,2573,1,"1"
4143.8607303278195,188769,2578,1,"1"
4148.2018953094512,188766,2581,1,"1"
4168.6739268228475,188748,2599,1,"1"
4172.5646771613665,188730,2617,1,"1"
4176.6016075643602,188721,2626,1,"1"
4190.8771807877447,188703,2644,1,"1"
4224.322494515578,188685,2662,1,"1"
4237.9025804507819,188675,2672,2,"2"
4276.7116787507621,188657,2690,1,"1"
4281.8813547076888,188645,2702,2,"2"
4284.146437836007,188633,2714,1,"1"
4294.1841876378139,188592,2755,7,"4-2-1"
4302.984018843119,188582,2765,1,"1"
4307.8293338725307,188564,2783,1,"1"
4309.5257509394551,188555,2792,3,"3"
4314.006677164457,188537,2810,1,"1"
4315.2311410387711,188519,2828,1,"1"
4316.6534408609532,188474,2873,7,"3-2-1-1"
4331.5472696752222,188438,2909,2,"1-1"
4349.1817287277445,188428,2919,2,"1-1"
4365.1787636910794,188425,2922,1,"1"
4371.1421552071715,188407,2940,1,"1"
4403.5472406227564,188404,2943,1,"1"
4404.5630923182644,188394,2953,1,"1"
4409.2859394396064,188381,2966,3,"2-1"
4411.4555334015877,188378,2969,1,"1"
4425.470274433801,188361,2986,1,"1"
4427.2096664625897,188351,2996,1,"1"
4431.1122331736315,188333,3014,1,"1"
4446.6429260758214,188323,3024,1,"1"
4450.7896615675672,188305,3042,1,"1"
4463.7002729810265,188287,3060,1,"1"
4475.2278906034344,188269,3078,1,"1"
4489.5508974038585,188262,3085,1,"1"
4491.0736099644573,188252,3095,1,"1"
4496.6956470212535,188216,3131,2,"2"
4517.6318457451725,188188,3159,2,"2"
4529.896586812546,188177,3170,1,"1"
4532.0257424933143,188159,3188,1,"1"
4534.4854330533108,188152,3195,1,"1"
4539.0892388957991,188142,3205,1,"1"
4549.3362412024862,188139,3208,1,"1"
4552.2827569666842,188129,3218,1,"1"
4560.7581141120236,188116,3231,3,"3"
4573.9201568328454,188098,3249,1,"1"
4587.5986114868201,188095,3252,1,"1"
4590.4893665012023,188077,3270,1,"1"
4592.9040288458882,188059,3288,1,"1"
4597.2148677888072,188041,3306,1,"1"
4618.7182988008171,188023,3324,1,"1"
4621.2135327721517,188005,3342,1,"1"
4634.0888646506291,187987,3360,1,"1"
4641.7164130977899,187969,3378,1,"1"
4652.5661778314889,187937,3410,2,"2"
4671.0859370792823,187919,3428,1,"1"
4690.599199666317,187901,3446,1,"1"
4691.7430773614815,187896,3451,1,"1"
4694.2280819283851,187878,3469,1,"1"
4704.1440952306393,187855,3492,3,"2-1"
4707.1160154585386,187837,3510,1,"1"
4722.7223853642718,187821,3526,1,"1"
4730.2196867752837,187818,3529,1,"1"
4731.0705518791456,187800,3547,1,"1"
4741.5362601824054,187782,3565,1,"1"
4744.052472317353,187764,3583,1,"1"
4746.5143524916675,187658,3689,8,"4-2-1-1"
4749.1420731149501,187640,3707,1,"1"
4766.2434396236749,187622,3725,1,"1"
4802.94102522298,187606,3741,1,"1"
4822.4689628714168,187595,3752,1,"1"
4827.6901689382503,187592,3755,1,"1"
4853.7972231052199,187546,3801,3,"2-1"
4862.9443527315962,187528,3819,1,"1"
4864.7420871925933,187510,3837,1,"1"
4864.8946754728058,187504,3843,2,"2"
4868.2834842559923,187493,3854,3,"2-1"
4892.4143777784357,187475,3872,1,"1"
4896.2975313365096,187457,3890,1,"1"
4912.3557297689767,187446,3901,3,"3"
4921.2047585140035,187440,3907,2,"2"
4925.6636445986278,187437,3910,1,"1"
4933.610827015078,187423,3924,4,"2-1-1"
4948.6100591552831,187405,3942,1,"1"
4950.5867570795363,187388,3959,5,"4-1"
4972.9560881005009,187370,3977,1,"1"
4979.9730666053956,187365,3982,1,"1"
4999.4998286288228,187311,4036,4,"4"
5001.1216849041502,187293,4054,1,"1"
5013.0125839475204,187271,4076,4,"2-2"
5017.7110746995595,187262,4085,1,"1"
5022.8600164077643,187244,4103,1,"1"
5025.0367894963583,187235,4112,1,"1"
5033.8908028504247,187218,4129,3,"3"
5042.6835619227941,187200,4147,1,"1"
5043.4682532535699,187182,4165,1,"1"
5044.6272534718919,187164,4183,1,"1"
5048.1663175013346,187146,4201,1,"1"
5073.3162495920251,187135,4212,1,"1"
5109.6652321305037,187117,4230,1,"1"
5115.9928545240919,187081,4266,2,"2"
5132.9038938602544,187063,4284,1,"1"
5175.6343491685448,187058,4289,1,"1"
5176.7333853001182,187040,4307,1,"1"
5181.1545440883056,187030,4317,1,"1"
5192.1885120558345,187012,4335,1,"1"
5204.5439182191394,186994,4353,1,"1"
5220.451488125922,186976,4371,1,"1"
5232.6326366337735,186958,4389,1,"1"
5233.144991742437,186940,4407,1,"1"
5236.0613086674412,186922,4425,1,"1"
5241.7462969562102,186904,4443,1,"1"
5253.4963981090796,186887,4460,3,"2-1"
5286.2940942715304,186878,4469,3,"1-1-1"
5289.089493146279,186826,4521,4,"3-1"
5297.9611742239085,186808,4539,1,"1"
5311.7203727805263,186798,4549,2,"1-1"
5312.9312180615289,186780,4567,1,"1"
5318.4819928025399,186762,4585,1,"1"
5323.9878457270843,186744,4603,1,"1"
5337.988270241769,186726,4621,1,"1"
5376.0559539712212,186723,4624,1,"1"
5377.4831739918036,186712,4635,1,"1"
5379.8155750984997,186709,4638,1,"1"
5386.2197456930335,186704,4643,1,"1"
5386.5477099367763,186686,4661,1,"1"
5392.0093638515091,186668,4679,1,"1"
5395.5632077734126,186650,4697,1,"1"
5398.8466583473046,186632,4715,1,"1"
5408.3031278536018,186618,4729,1,"1"
5417.4563721695804,186566,4781,4,"2-2"
5417.6910288514227,186548,4799,1,"1"
5435.8348977786818,186530,4817,1,"1"
5437.3375962652062,186512,4835,1,"1"
5447.0808834897398,186494,4853,1,"1"
5450.8666706830218,186484,4863,1,"1"
5469.9127395068153,186466,4881,1,"1"
5504.0494323604835,186448,4899,1,"1"
5513.454413566772,186434,4913,2,"1-1"
5527.3129690341857,186422,4925,1,"1"
5536.9198059818018,186407,4940,1,"1"
5538.7120850320944,186389,4958,1,"1"
5543.3819179411885,186371,4976,1,"1"
5543.8081077414663,186353,4994,1,"1"
5553.9364262712897,186335,5012,1,"1"
5554.9060262450848,186324,5023,1,"1"
5570.0874074692611,186306,5041,1,"1"
5599.4607449655659,186288,5059,1,"1"
5607.3984743802703,186263,5084,3,"2-1"
5608.1290423583478,186245,5102,1,"1"
5610.8928725155274,186205,5142,6,"3-2-1"
5612.3030960623719,186195,5152,2,"2"
5613.4835901754877,186177,5170,1,"1"
5622.9699501857931,186159,5188,1,"1"
5647.6619611692386,186149,5198,2,"1-1"
5665.354825316831,186139,5208,1,"1"
5679.7467042497074,186134,5213,1,"1"
5684.5067539207566,186114,5233,2,"1-1"
5699.6544002937981,186104,5243,1,"1"
5721.2697427499425,186086,5261,1,"1"
5721.6158841421866,186068,5279,1,"1"
5729.19061637502,186020,5327,4,"4"
5734.4304734370835,186002,5345,1,"1"
5743.1453022058586,185992,5355,1,"1"
5764.9943057796563,185974,5373,1,"1"
5777.5985263877637,185956,5391,1,"1"
5822.0028389250347,185946,5401,2,"2"
5829.3769898342152,185936,5411,1,"1"
5875.2358871601273,185918,5429,1,"1"
5875.9750374880623,185911,5436,1,"1"
5884.6124957703851,185897,5450,2,"1-1"
5889.4221059118136,185879,5468,1,"1"
5900.9442731448908,185857,5490,2,"1-1"
5910.3502403506,185839,5508,1,"1"
5912.109772084108,185821,5526,1,"1"
5937.7069545608847,185803,5544,1,"1"
5939.331594772777,185767,5580,2,"1-1"
5942.4886116230209,185749,5598,1,"1"
5949.2815807179095,185744,5603,1,"1"
5949.8217043860677,185708,5639,2,"2"
5953.2305940688384,185690,5657,1,"1"
5961.3908472447347,185672,5675,1,"1"
5964.722678766605,185667,5680,1,"1"
5964.7359349079661,185649,5698,1,"1"
5968.663957846853,185631,5716,1,"1"
5973.3032578444509,185613,5734,1,"1"
5974.9082106845963,185595,5752,1,"1"
5993.0854328347732,185583,5764,1,"1"
5994.9163705810151,185571,5776,1,"1"
5999.8691942356309,185558,5789,1,"1"
6000.4064366030661,185541,5806,1,"1"
6008.5812221984343,185517,5830,2,"2"
6012.0194457310226,185499,5848,1,"1"
6022.219948055611,185481,5866,1,"1"
6043.0656646750977,185455,5892,4,"2-1-1"
6050.2175528957769,185437,5910,1,"1"
6057.9398066038666,185419,5928,1,"1"
6088.9112580667861,185401,5946,1,"1"
6101.1721919063293,185383,5964,1,"1"
6109.4322757874497,185360,5987,3,"3"
6120.4782539501612,185342,6005,1,"1"
6129.9379919671092,185324,6023,1,"1"
6143.6063278691518,185306,6041,1,"1"
6155.03372568141,185288,6059,1,"1"
6165.777637628009,185233,6114,7,"2-2-1-1-1"
6173.1696591736672,185211,6136,2,"2"
6187.1600593016901,185193,6154,1,"1"
6192.1804830461724,185178,6169,1,"1"
6199.7017981921372,185166,6181,1,"1"
6215.3206418759846,185161,6186,1,"1"
6228.0762216699977,185143,6204,1,"1"
6246.5451763875071,185107,6240,2,"2"
6249.3739338449486,185089,6258,1,"1"
6250.7867274795126,185077,6270,1,"1"
6252.7825236734661,185059,6288,1,"1"
6256.0529482579886,185041,6306,1,"1"
6256.16275143455,185023,6324,1,"1"
6264.2654142038928,185013,6334,2,"2"
6275.239968665288,184997,6350,1,"1"
6278.3358339466413,184979,6368,1,"1"
6287.1102900660135,184959,6388,2,"1-1"
6297.6483780348108,184927,6420,3,"2-1"
6297.6986594517457,184911,6436,1,"1"
6303.9795617949649,184893,6454,1,"1"
6305.6621247352086,184875,6472,1,"1"
6316.7167626588653,184843,6504,2,"1-1"
6318.813439158308,184825,6522,1,"1"
6321.2619321713173,184807,6540,1,"1"
6324.5602007371717,184795,6552,1,"1"
6329.1930714425907,184777,6570,1,"1"
6347.8682279814357,184761,6586,1,"1"
6355.2038166876646,184743,6604,1,"1"
6364.1222076570139,184725,6622,1,"1"
6377.3502863218173,184611,6736,7,"5-1-1"
6397.7547591927432,184575,6772,2,"1-1"
6404.5572762369093,184557,6790,1,"1"
6410.0514340645523,184539,6808,1,"1"
6411.781457622903,184521,6826,1,"1"
6430.9670482842002,184509,6838,1,"1"
6443.6752350428233,184491,6856,1,"1"
6445.6837283126843,184472,6875,3,"2-1"
6448.9067839592044,184454,6893,1,"1"
6469.4873081819378,184436,6911,1,"1"
6475.9432200415722,184418,6929,1,"1"
6476.8856081844469,184400,6947,1,"1"
6482.9368268360449,184386,6961,2,"2"
6503.8685828070575,184383,6964,1,"1"
6515.7506825875544,184365,6982,1,"1"
6520.9584668017833,184355,6992,1,"1"
6534.6766189502996,184337,7010,1,"1"
6555.3165764952773,184283,7064,3,"3"
6557.9667383082697,184265,7082,1,"1"
6563.0598511501512,184211,7136,3,"2-1"
6572.995922137321,184197,7150,2,"2"
6586.1863914675214,184162,7185,2,"2"
6593.7081950061774,184126,7221,2,"2"
6600.6370294330409,184108,7239,1,"1"
6605.125593124606,184090,7257,1,"1"
6606.8695553879934,184072,7275,1,"1"
6607.7040887218463,184060,7287,1,"1"
6615.544197364633,184028,7319,4,"3-1"
6625.1179027985017,184010,7337,1,"1"
6638.4492830425597,183992,7355,1,"1"
6646.4880848787789,183956,7391,2,"2"
6647.64748177399,183938,7409,1,"1"
6652.6007557340627,183920,7427,1,"1"
6659.2219363605245,183890,7457,2,"2"
6659.9097419421441,183872,7475,1,"1"
6659.9345179122811,183854,7493,1,"1"
6673.3008607403617,183845,7502,1,"1"
6677.6625166833064,183819,7528,2,"2"
6686.4267569161238,183807,7540,1,"1"
6690.3405159295453,183796,7551,1,"1"
6690.4733117296273,183778,7569,1,"1"
6693.1113307253909,183765,7582,1,"1"
6701.3881201630929,183747,7600,1,"1"
6716.3397268163972,183738,7609,1,"1"
6730.630030491885,183726,7621,1,"1"
6738.6570832143025,183708,7639,1,"1"
6743.1560033499263,183672,7675,2,"2"
6759.4475634233759,183662,7685,1,"1"
6760.767718034157,183655,7692,1,"1"
6765.3935739133349,183635,7712,2,"2"
6769.3684314631446,183621,7726,1,"1"
6777.7325160613973,183614,7733,1,"1"
6778.2322396827221,183584,7763,2,"2"
6784.43010419853,183575,7772,1,"1"
6796.2162970193494,183566,7781,1,"1"
6798.5997207579412,183548,7799,1,"1"
6802.7622756395413,183530,7817,1,"1"
6803.0850031674117,183514,7833,1,"1"
6814.9381597349484,183488,7859,2,"2"
6820.0187216240556,183470,7877,1,"1"
6820.6480029486011,183459,7888,1,"1"
6822.9146415687419,183423,7924,2,"1-1"
6837.3047520863693,183405,7942,1,"1"
6838.0559636795342,183387,7960,1,"1"
6839.4856084258836,183369,7978,1,"1"
6853.2840042637072,183356,7991,1,"1"
6854.4028883188039,183248,8099,8,"3-2-1-1-1"
6856.9294173531689,183212,8135,2,"2"
6860.1910886840187,183192,8155,2,"1-1"
6862.5688038623157,183174,8173,1,"1"
6871.5399223264694,183156,8191,1,"1"
6886.3839849986971,183120,8227,3,"2-1"
6888.3921609276222,183102,8245,1,"1"
6907.4192765717453,183074,8273,2,"2"
6937.8796930235139,183056,8291,1,"1"
6938.1578311222875,183044,8303,1,"1"
6943.4379784445127,183019,8328,3,"2-1"
6951.4720639315983,183004,8343,1,"1"
6974.4161981887464,182992,8355,1,"1"
6977.5982339430529,182985,8362,1,"1"
6987.7801841399469,182967,8380,1,"1"
6989.7876107401535,182949,8398,1,"1"
6990.5565786797188,182931,8416,1,"1"
7002.6266531563142,182894,8453,3,"2-1"
7009.7533252188505,182858,8489,2,"2"
7013.5515786109609,182840,8507,1,"1"
7016.6206335146817,182826,8521,1,"1"
7020.427041639442,182808,8539,1,"1"
7035.2725278390408,182790,8557,1,"1"
7042.08208089047,182772,8575,1,"1"
7055.9651770075106,182754,8593,1,"1"
7066.8964310102047,182736,8611,1,"1"
7067.4952218969893,182718,8629,1,"1"
7070.3552823642749,182709,8638,1,"1"
7088.2042602908296,182697,8650,1,"1"
7092.9595227463433,182679,8668,1,"1"
7105.7445462869437,182661,8686,1,"1"
7111.1362298409222,182637,8710,4,"2-2"
7120.1800892349502,182619,8728,1,"1"
7121.488300958913,182601,8746,1,"1"
7122.7012666626342,182583,8764,1,"1"
7131.02939247624,182563,8784,2,"1-1"
7144.9503861948378,182471,8876,7,"4-1-1-1"
7145.0254061127007,182453,8894,1,"1"
7150.7199600037511,182442,8905,1,"1"
7153.5138582340624,182432,8915,2,"2"
7156.8210254189589,182422,8925,2,"1-1"
7158.7105130269847,182404,8943,1,"1"
7165.6030935601466,182386,8961,1,"1"
7177.9175240498562,182379,8968,1,"1"
7178.8813124562985,182361,8986,1,"1"
7180.1416133212779,182358,8989,1,"1"
7180.515242066931,182340,9007,1,"1"
7180.7170772843738,182322,9025,1,"1"
7188.6683053155602,182304,9043,1,"1"
7190.6836845710523,182255,9092,5,"4-1"
7191.419268152531,182225,9122,2,"1-1"
7195.5939899151481,182207,9140,1,"1"
7213.7423567479909,182081,9266,16,"3-3-3-3-1-1-1-1"
7226.987875901702,182063,9284,1,"1"
7259.2044052462343,182051,9296,1,"1"
7261.1868557677908,181823,9524,17,"5-3-2-2-2-1-1-1"
7268.0260928313637,181816,9531,1,"1"
7268.5538660049933,181811,9536,1,"1"
7290.1133355538814,181775,9572,2,"2"
7298.1639375625764,181762,9585,1,"1"
7303.563401024704,181744,9603,1,"1"
7308.929971822382,181726,9621,2,"2"
7310.6146339186962,181708,9639,1,"1"
7330.1711385166536,181690,9657,1,"1"
7330.3684053591751,181672,9675,1,"1"
7330.9184580944175,181654,9693,1,"1"
7338.6836315976961,181636,9711,1,"1"
7348.6292841993954,181618,9729,1,"1"
7353.1161770088438,181600,9747,1,"1"
7355.0783483632586,181582,9765,1,"1"
7360.0373932836583,181564,9783,1,"1"
7365.7989387003699,181548,9799,1,"1"
7367.2732226556518,181494,9853,3,"2-1"
7371.3417399188565,181482,9865,1,"1"
7378.0788905782938,181464,9883,1,"1"
7385.4093924010567,181442,9905,2,"2"
7386.3772026653633,181350,9997,8,"3-2-2-1"
7388.7411897718375,181343,10004,1,"1"
7391.697772442013,181329,10018,1,"1"
7393.5093348021173,181293,10054,2,"2"
7406.2799612747895,181275,10072,1,"1"
7428.9526875667298,181198,10149,8,"2-2-1-1-1-1"
7437.549588208637,181180,10167,1,"1"
7439.8359108753257,181162,10185,1,"1"
7445.4080389729734,181152,10195,1,"1"
7447.7947521051801,181124,10223,3,"1-1-1"
7448.5629646444713,181084,10263,3,"2-1"
7452.481824301015,181066,10281,1,"1"
7455.854446763602,181057,10290,1,"1"
7456.9789680252488,181039,10308,2,"2"
7463.0022797492593,181034,10313,1,"1"
7482.4201559994081,180838,10509,13,"3-2-2-2-1-1-1-1"
7483.9794147258817,180754,10593,6,"4-2"
7486.5238747867979,180744,10603,1,"1"
7497.6498717605282,180712,10635,4,"2-2"
7505.2190526034938,180478,10869,17,"3-3-2-1-1-1-1-1-1-1-1-1"
7511.7848166347367,180462,10885,1,"1"
7535.0076709354971,180444,10903,1,"1"
7535.3626480053854,180426,10921,1,"1"
7559.3414113461122,180412,10935,2,"2"
7563.3958625053756,180376,10971,2,"1-1"
7568.7138112019065,180366,10981,1,"1"
7571.3273801079831,180348,10999,1,"1"
7582.1195704557522,0,191347,10252,"10252"
----------------------------------------------3
0,191347,0,0,"0"
148.65440549736206,191346,1,1,"1"
359.88374999693065,191328,19,1,"1"
387.65708843292589,191325,22,1,"1"
398.83103417930693,191324,23,1,"1"
407.46213239758754,191323,24,1,"1"
418.51169111490236,191320,27,1,"1"
434.81595329005864,191310,37,1,"1"
450.10355571070562,191307,40,1,"1"
476.62007987771028,191289,58,1,"1"
477.43767679952572,191288,59,1,"1"
496.46644213298697,191287,60,1,"1"
496.58716011746077,191275,72,1,"1"
526.61421812307606,191274,73,1,"1"
541.15361219234239,191273,74,1,"1"
580.61184894468113,191255,92,1,"1"
607.1476894683633,191254,93,1,"1"
611.9765137925225,191252,95,2,"2"
614.13855857299654,191251,96,1,"1"
622.00945626799353,191233,114,1,"1"
628.0237107570473,191232,115,1,"1"
654.4422246089182,191231,116,1,"1"
695.23735627646863,191230,117,1,"1"
731.83011328068517,191228,119,2,"2"
732.83026228992014,191227,120,1,"1"
786.07206651511592,191226,121,1,"1"
809.65038201852326,191223,124,1,"1"
846.45290573511784,191221,126,2,"2"
852.74845573036214,191220,127,1,"1"
854.28324594939284,191202,145,1,"1"
864.71857299424971,191184,163,1,"1"
876.14380309431988,191183,164,1,"1"
876.46020456141014,191180,167,1,"1"
894.43434731166292,191179,168,1,"1"
899.77718800456466,191171,176,2,"1-1"
920.00756398167584,191170,177,1,"1"
952.77940475737034,191160,187,1,"1"
988.6994004072393,191159,188,1,"1"
996.56466545971489,191158,189,1,"1"
1005.059354147395,191156,191,2,"2"
1010.5914162164855,191154,193,2,"2"
1026.540967550816,191153,194,1,"1"
1051.2795908589153,191152,195,1,"1"
1062.9883292859297,191151,196,1,"1"
1082.2956609058713,191150,197,1,"1"
1091.716975915507,191147,200,1,"1"
1099.1264413489343,191129,218,1,"1"
1141.7895706754316,191128,219,1,"1"
1182.3848340968295,191110,237,1,"1"
1195.519191971892,191092,255,1,"1"
1225.8199687438314,191074,273,2,"2"
1241.2986123432879,191073,274,1,"1"
1244.3077756880346,191070,277,1,"1"
1309.7335384480018,191069,278,1,"1"
1326.1950461599802,191051,296,1,"1"
1327.7019731025932,191050,297,1,"1"
1361.119972862218,191049,298,1,"1"
1365.8549733047762,191048,299,1,"1"
1412.7507280484845,191047,300,1,"1"
1458.7000854588873,191029,318,1,"1"
1463.6848120198065,191027,320,2,"2"
1478.2491812868579,191013,334,1,"1"
1479.8459079249708,191010,337,1,"1"
1481.2534466138279,190992,355,1,"1"
1500.4483637996295,190991,356,1,"1"
1501.3324268120755,190990,357,1,"1"
1502.0904481766984,190989,358,1,"1"
1528.2166751362972,190988,359,1,"1"
1547.1857102606307,190987,360,1,"1"
1563.6614502093469,190986,361,1,"1"
1614.9973141677619,190985,362,1,"1"
1618.9852245164516,190984,363,1,"1"
1655.2417993881768,190968,379,1,"1"
1655.6090752343187,190956,391,1,"1"
1673.4621657052094,190938,409,1,"1"
1675.4672305113465,190920,427,1,"1"
1680.292904707617,190919,428,1,"1"
1688.7544435086409,190918,429,1,"1"
1692.4206739445126,190917,430,1,"1"
1704.2080432080786,190916,431,1,"1"
1718.578561579905,190915,432,1,"1"
1726.9228226823443,190901,446,1,"1"
1729.3828943696237,190898,449,3,"3"
1751.7800101434766,190897,450,1,"1"
1757.9140389927577,190896,451,1,"1"
1775.6512286758948,190878,469,1,"1"
1789.4087397610656,190877,470,1,"1"
1791.7706113005881,190875,472,2,"2"
1793.9324675432501,190871,476,2,"1-1"
1822.7528667723052,190870,477,1,"1"
1835.0946824034188,190852,495,1,"1"
1859.2313992702852,190851,496,1,"1"
1887.3323636419971,190849,498,2,"2"
1904.2102360036258,190835,512,1,"1"
1920.5781644176921,190817,530,1,"1"
1927.2644937425648,190799,548,1,"1"
1934.8614219693518,190796,551,1,"1"
1957.5752028498625,190795,552,1,"1"
1969.5078559220376,190777,570,1,"1"
1984.1926817910871,190776,571,1,"1"
1991.5915521003519,190772,575,4,"4"
1994.8985508806368,190771,576,1,"1"
2064.9546350466103,190753,594,1,"1"
2069.6689498405103,190743,604,1,"1"
2084.4559048678861,190740,607,1,"1"
2099.5477619206886,190739,608,1,"1"
2104.6270841045584,190737,610,2,"2"
2107.2098846535132,190736,611,1,"1"
2146.9076083128616,190726,621,1,"1"
2146.95729360103,190708,639,1,"1"
2159.9557181043169,190705,642,3,"3"
2164.2929374813402,190693,654,1,"1"
2214.5366799621856,190692,655,1,"1"
2216.9733732719169,190690,657,2,"2"
2235.3167755257764,190672,675,1,"1"
2246.622626444158,190654,693,1,"1"
2255.4487452591115,190652,695,2,"1-1"
2269.2500892056692,190647,700,1,"1"
2284.4860956101024,190646,701,1,"1"
2301.3757368106362,190628,719,1,"1"
2311.9132652141257,190621,726,1,"1"
2326.8718346885244,190611,736,1,"1"
2329.5507649918991,190593,754,1,"1"
2331.1367030509682,190575,772,1,"1"
2332.8770308629487,190574,773,1,"1"
2337.5547012081315,190556,791,1,"1"
2340.2234231851949,190553,794,1,"1"
2344.6660103457248,190535,812,1,"1"
2359.4284826013181,190517,830,1,"1"
2369.0763790047254,190507,840,2,"2"
2380.6466098673823,190495,852,1,"1"
2387.303561792939,190492,855,1,"1"
2390.9053479118015,190491,856,1,"1"
2412.9046428581091,190490,857,1,"1"
2416.921846268941,190472,875,1,"1"
2433.5160896847315,190465,882,1,"1"
2444.5009400569479,190460,887,1,"1"
2453.2449867898672,190442,905,1,"1"
2464.3682000366839,190439,908,1,"1"
2474.8030561297346,190437,910,2,"1-1"
2475.3979007372695,190427,920,1,"1"
2477.8707238443544,190409,938,1,"1"
2478.2214584363514,190391,956,1,"1"
2493.1936969492558,190388,959,1,"1"
2498.4321625611014,190373,974,1,"1"
2500.0219663826929,190372,975,1,"1"
2514.5497258688865,190360,987,1,"1"
2524.1529982864477,190342,1005,1,"1"
2531.8965809260758,190330,1017,1,"1"
2565.5700258661241,190294,1053,2,"2"
2579.8795003298865,190283,1064,3,"2-1"
2587.4714479840886,190282,1065,1,"1"
2594.5553735299773,190264,1083,1,"1"
2596.5840327892147,190240,1107,2,"1-1"
2616.8810674153815,190239,1108,1,"1"
2619.6774815157387,190232,1115,1,"1"
2621.5182246482445,190231,1116,1,"1"
2625.0531304289843,190228,1119,1,"1"
2632.2965880144893,190227,1120,1,"1"
2639.8555623942548,190222,1125,1,"1"
2655.1532751999939,190204,1143,1,"1"
2661.9344174733465,190197,1150,3,"1-1-1"
2673.8509200700291,190194,1153,1,"1"
2685.8448214885316,190193,1154,1,"1"
2695.9473533398113,190192,1155,1,"1"
2699.9721245864293,190182,1165,1,"1"
2751.5626814042071,190159,1188,5,"4-1"
2774.5126801020065,190141,1206,1,"1"
2774.6064035431577,190123,1224,1,"1"
2788.7332453977501,190120,1227,1,"1"
2837.4265909555425,190110,1237,1,"1"
2845.6272405210411,190098,1249,1,"1"
2852.8616309263689,190093,1254,1,"1"
2871.0193154055705,190090,1257,1,"1"
2872.8978875028697,190084,1263,2,"2"
2878.5136866675075,190066,1281,1,"1"
2879.1296637169689,190048,1299,1,"1"
2907.5855357222104,190042,1305,2,"2"
2918.1544985502169,190024,1323,1,"1"
2991.4000167894051,190010,1337,2,"2"
3000.7767800436227,190003,1344,1,"1"
3008.4111339458696,190000,1347,1,"1"
3009.7983680765742,189982,1365,1,"1"
3025.8972941971456,189981,1366,1,"1"
3045.9980506053471,189978,1369,1,"1"
3071.4618174754087,189960,1387,1,"1"
3078.6732849446425,189959,1388,1,"1"
3083.1924478540536,189941,1406,1,"1"
3104.5583957183476,189923,1424,1,"1"
3110.0595042801092,189920,1427,1,"1"
3117.9178661434703,189902,1445,1,"1"
3120.7395981497007,189890,1457,1,"1"
3130.6834454050331,189872,1475,1,"1"
3130.8940885268885,189856,1491,1,"1"
3136.1047793853686,189842,1505,1,"1"
3138.1930529413089,189833,1514,1,"1"
3147.0338883384334,189815,1532,1,"1"
3168.3520559802168,189812,1535,1,"1"
3172.931142067735,189794,1553,1,"1"
3180.125610446431,189776,1571,1,"1"
3184.4806000616022,189775,1572,1,"1"
3193.5804357190991,189772,1575,1,"1"
3224.7703483794921,189766,1581,2,"2"
3237.3462405806881,189760,1587,2,"2"
3245.7744474341425,189755,1592,1,"1"
3250.829667013084,189743,1604,2,"2"
3251.5161290377609,189725,1622,1,"1"
3253.3453363268563,189707,1640,1,"1"
3268.9783589530643,189695,1652,1,"1"
3269.3313541443954,189682,1665,1,"1"
3273.8661967573062,189671,1676,1,"1"
3300.8194854273811,189668,1679,1,"1"
3302.7460816412513,189650,1697,1,"1"
3304.6874099763145,189645,1702,1,"1"
3309.562826204045,189627,1720,1,"1"
3311.978953098288,189591,1756,2,"2"
3338.4008537230716,189573,1774,1,"1"
3353.8781236313562,189555,1792,1,"1"
3440.6901678712375,189507,1840,3,"3"
3453.7121574122675,189489,1858,1,"1"
3460.7351190043423,189471,1876,1,"1"
3466.6045353380518,189461,1886,1,"1"
3468.5159606682032,189443,1904,1,"1"
3479.9571840934027,189425,1922,1,"1"
3482.5354297683039,189422,1925,1,"1"
3484.4477540892353,189368,1979,3,"3"
3484.6870041099837,189350,1997,1,"1"
3484.9760775791265,189330,2017,2,"1-1"
3499.4707865114883,189323,2024,1,"1"
3502.6912577958215,189320,2027,1,"1"
3531.6239789755882,189315,2032,1,"1"
3557.4450032755758,189309,2038,2,"1-1"
3575.6661445411055,189297,2050,1,"1"
3591.0761408183962,189294,2053,1,"1"
3595.8589435115427,189282,2065,1,"1"
3596.8456690950475,189279,2068,1,"1"
3615.3292362278603,189261,2086,1,"1"
3621.4289812819115,189248,2099,1,"1"
3628.1327439463239,189230,2117,1,"1"
3632.3519434553104,189220,2127,1,"1"
3667.3349418497155,189202,2145,1,"1"
3693.3726945446415,189192,2155,1,"1"
3693.4795171198671,189189,2158,1,"1"
3693.9652137529729,189183,2164,2,"2"
3702.1892512420904,189165,2182,1,"1"
3724.179508349021,189129,2218,2,"1-1"
3729.4161634127386,189111,2236,1,"1"
3737.6504419298999,189093,2254,1,"1"
3751.0413981113888,189075,2272,1,"1"
3792.366260666683,189061,2286,1,"1"
3798.4147875156705,189037,2310,2,"2"
3814.2428640788739,189032,2315,1,"1"
3823.7473549223068,189014,2333,1,"1"
3829.0355179273279,188978,2369,2,"2"
3838.8809612629648,188960,2387,1,"1"
3856.831626385545,188876,2471,6,"3-2-1"
3863.9585086753823,188858,2489,1,"1"
3865.0976853951383,188849,2498,1,"1"
3867.2442798926095,188831,2516,1,"1"
3904.0613430406961,188818,2529,1,"1"
3904.4953478156704,188806,2541,1,"1"
3911.9362934971978,188788,2559,1,"1"
3918.9598034262258,188770,2577,1,"1"
3928.952223400971,188757,2590,1,"1"
3937.3463460268581,188739,2608,1,"1"
3940.6572181144138,188721,2626,1,"1"
3948.9641316926873,188703,2644,1,"1"
3956.5007510205346,188700,2647,1,"1"
3969.3081177924064,188688,2659,1,"1"
3971.5179038455103,188670,2677,1,"1"
3981.7683510072889,188652,2695,1,"1"
4034.50713945192,188649,2698,1,"1"
4041.5152373122423,188631,2716,1,"1"
4043.2945996604481,188595,2752,2,"2"
4064.997115484352,188587,2760,2,"1-1"
4071.2910255922079,188582,2765,1,"1"
4080.4056568019937,188564,2783,1,"1"
4091.9071562953691,188543,2804,3,"3"
4117.1410069144467,188525,2822,1,"1"
4120.9752536802434,188507,2840,1,"1"
4121.7850409240309,188497,2850,1,"1"
4137.7293525195291,188485,2862,1,"1"
4143.1697111842332,188467,2880,1,"1"
4157.8974455894158,188464,2883,1,"1"
4173.2713593795233,188446,2901,1,"1"
4182.2196275217975,188404,2943,3,"2-1"
4182.4023926545997,188386,2961,1,"1"
4186.9770771446047,188376,2971,1,"1"
4199.4988953034635,188373,2974,1,"1"
4202.4666512446656,188361,2986,1,"1"
4206.4910381428708,188343,3004,1,"1"
4218.6674589235836,188325,3022,1,"1"
4230.0257480201799,188302,3045,5,"2-2-1"
4249.0499062046028,188284,3063,1,"1"
4252.6436641651435,188266,3081,1,"1"
4257.685268952112,188263,3084,1,"1"
4261.1344497010896,188258,3089,1,"1"
4264.3400882129545,188229,3118,2,"1-1"
4269.6395254380159,188205,3142,2,"1-1"
4273.5638317456196,188189,3158,1,"1"
4305.2750196505885,188171,3176,1,"1"
4307.6815529944652,188135,3212,2,"2"
4308.4305109122897,188117,3230,1,"1"
4313.5237230969724,188107,3240,1,"1"
4328.1855102629725,188091,3256,1,"1"
4329.5220283135031,188082,3265,1,"1"
4332.414023210803,188064,3283,1,"1"
4347.9614807844555,188046,3301,1,"1"
4348.9882448668495,188033,3314,3,"3"
4356.9946103717912,188030,3317,1,"1"
4359.5644001468781,188012,3335,1,"1"
4363.2960929473174,188009,3338,1,"1"
4380.6586599857865,187991,3356,1,"1"
4382.8484927447735,187981,3366,1,"1"
4385.1407545832089,187971,3376,2,"2"
4399.5441457653906,187959,3388,4,"2-1-1"
4402.426144409711,187932,3415,9,"2-2-1-1-1-1-1"
4407.014902392496,187929,3418,1,"1"
4417.6168425874521,187926,3421,1,"1"
4428.2200382420415,187914,3433,1,"1"
4460.4084284321807,187906,3441,2,"1-1"
4465.693932906277,187888,3459,1,"1"
4469.1957951293734,187870,3477,1,"1"
4470.9886122302469,187852,3495,1,"1"
4481.8485709628412,187847,3500,1,"1"
4484.8575550820851,187838,3509,3,"3"
4506.2373519686371,187830,3517,2,"1-1"
4511.6821391136527,187812,3535,1,"1"
4516.5876704502934,187801,3546,1,"1"
4524.328904552619,187791,3556,2,"2"
4532.8043847792906,187773,3574,1,"1"
4565.5578074166524,187755,3592,1,"1"
4588.4007893766175,187749,3598,2,"2"
4593.8578112812065,187746,3601,1,"1"
4599.5159279899481,187741,3606,1,"1"
4612.3861378895144,187731,3616,1,"1"
4612.6783510777668,187713,3634,1,"1"
4614.8381730197507,187710,3637,1,"1"
4629.5729172412821,187692,3655,1,"1"
4640.4057950752476,187674,3673,1,"1"
4644.7860091966459,187658,3689,1,"1"
4656.2885458268092,187640,3707,1,"1"
4656.5844380966137,187622,3725,1,"1"
4691.4882803527198,187604,3743,1,"1"
4711.4672930156385,187586,3761,1,"1"
4713.4689871949186,187583,3764,1,"1"
4715.2187499242782,187573,3774,1,"1"
4716.7485681293892,187563,3784,2,"1-1"
4722.7253169583737,187549,3798,2,"2"
4727.1671759995534,187531,3816,1,"1"
4739.2455266556299,187513,3834,1,"1"
4748.9560484789272,187504,3843,1,"1"
4761.3947005097634,187492,3855,1,"1"
4775.1651885217379,187474,3873,1,"1"
4779.0142406186733,187456,3891,1,"1"
4782.5638127421926,187442,3905,1,"1"
4819.6175777843619,187424,3923,1,"1"
4847.2068660751929,187406,3941,1,"1"
4848.9412296181599,187388,3959,1,"1"
4856.1642672755797,187372,3975,1,"1"
4872.8818802658434,187349,3998,5,"5"
4877.0736883399495,187344,4003,1,"1"
4877.7473730907659,187337,4010,1,"1"
4888.6640901463697,187319,4028,1,"1"
4889.2958699544743,187313,4034,2,"2"
4898.9636396044361,187271,4076,3,"2-1"
4913.1164324273768,187253,4094,1,"1"
4918.7798716909747,187235,4112,1,"1"
4946.8367032919405,187217,4130,1,"1"
4950.3572704100898,187210,4137,1,"1"
4960.8246561253363,187192,4155,1,"1"
4961.2465637142932,187178,4169,1,"1"
4966.315018180173,187153,4194,3,"3"
4969.4983666880516,187144,4203,1,"1"
4973.6406368765292,187134,4213,1,"1"
4988.1333815591779,187131,4216,1,"1"
4992.8263906769062,187091,4256,3,"1-1-1"
5007.4297333442892,187082,4265,1,"1"
5018.0292676393765,187070,4277,1,"1"
5025.9058090317767,187052,4295,1,"1"
5032.9117742831695,187049,4298,1,"1"
5050.4792966564228,187031,4316,1,"1"
5050.8252451852977,186949,4398,8,"6-1-1"
5064.1359626523254,186931,4416,1,"1"
5070.8866138298927,186913,4434,1,"1"
5085.6548746424914,186895,4452,1,"1"
5089.915651758678,186859,4488,2,"2"
5098.5931602584578,186844,4503,1,"1"
5112.7286995266577,186838,4509,2,"2"
5118.8655957479432,186820,4527,1,"1"
5123.2845097790805,186814,4533,2,"2"
5131.9849672092632,186811,4536,1,"1"
5155.5881037155423,186804,4543,1,"1"
5156.7960114057796,186786,4561,1,"1"
5168.0130070159221,186776,4571,1,"1"
5175.0672229084121,186767,4580,1,"1"
5175.5327372824813,186749,4598,1,"1"
5183.4949763309114,186731,4616,1,"1"
5188.1447384784869,186713,4634,1,"1"
5196.1403549820088,186701,4646,1,"1"
5210.2714138639176,186663,4684,3,"3"
5214.0067647424785,186645,4702,1,"1"
5218.2257160257204,186627,4720,1,"1"
5225.9939158746747,186609,4738,1,"1"
5244.5320495058422,186591,4756,1,"1"
5247.6760535766998,186551,4796,5,"4-1"
5256.1217438302392,186533,4814,1,"1"
5256.3280099568938,186513,4834,2,"2"
5268.0229918943178,186484,4863,3,"1-1-1"
5280.8435183636539,186466,4881,1,"1"
5283.804347382501,186463,4884,1,"1"
5302.29780219452,186453,4894,2,"2"
5302.6692747975776,186435,4912,1,"1"
5303.3346808243741,186399,4948,2,"2"
5311.1893428093999,186381,4966,1,"1"
5313.110029470653,186327,5020,3,"3"
5341.2135522449553,186317,5030,1,"1"
5341.3541100805669,186299,5048,1,"1"
5357.3149774961976,186292,5055,1,"1"
5358.9056655167487,186174,5173,8,"4-2-2"
5369.4517336563267,186132,5215,3,"2-1"
5399.3240697016072,186096,5251,4,"2-1-1"
5433.9344671230847,186091,5256,1,"1"
5436.2756097327929,186073,5274,1,"1"
5449.8810700741333,186035,5312,6,"3-3"
5466.1583821373761,186017,5330,1,"1"
5467.502707321255,185981,5366,2,"2"
5477.352603807416,185971,5376,1,"1"
5484.9456902675965,185939,5408,3,"3"
5492.6146078637948,185929,5418,2,"2"
5497.8098553102927,185924,5423,1,"1"
5514.142322964005,185906,5441,1,"1"
5518.1184834847218,185888,5459,1,"1"
5547.1743823085217,185875,5472,1,"1"
5548.6819992508754,185834,5513,5,"3-1-1"
5566.5616323723389,185822,5525,1,"1"
5575.7399012852802,185813,5534,1,"1"
5578.2979299332455,185799,5548,2,"2"
5578.4933293118183,185789,5558,2,"1-1"
5608.595038062158,185771,5576,1,"1"
5625.5610612105638,185753,5594,1,"1"
5631.0405239190468,185721,5626,3,"1-1-1"
5636.7160643444386,185703,5644,1,"1"
5642.2116057620824,185685,5662,1,"1"
5648.844389439012,185680,5667,1,"1"
5656.8073531629334,185675,5672,1,"1"
5661.8598009747702,185621,5726,3,"2-1"
5677.0059844566376,185603,5744,1,"1"
5685.9018648432639,185585,5762,1,"1"
5691.3618282344423,185582,5765,1,"1"
5692.1724024645318,185564,5783,2,"2"
5695.1409873650646,185546,5801,1,"1"
5706.4189328220918,185539,5808,1,"1"
5712.7851205490979,185521,5826,1,"1"
5725.7568792063466,185503,5844,1,"1"
5730.7225324790452,185496,5851,1,"1"
5735.7147614458945,185491,5856,1,"1"
5737.2983372208464,185484,5863,1,"1"
5739.6920986908835,185474,5873,1,"1"
5754.8715397809656,185456,5891,1,"1"
5755.6215847378517,185438,5909,1,"1"
5757.6202776765076,185431,5916,1,"1"
5759.1791253520842,185413,5934,1,"1"
5778.0606407104924,185395,5952,1,"1"
5780.4626008772775,185392,5955,1,"1"
5787.0056879264102,185336,6011,7,"3-2-1-1"
5818.0787253408598,185300,6047,2,"2"
5835.6431484415953,185282,6065,1,"1"
5838.8078123297028,185248,6099,6,"3-2-1"
5842.6061249357972,185234,6113,1,"1"
5845.2198309432806,185224,6123,2,"2"
5851.154429842577,185206,6141,1,"1"
5868.314157767406,185188,6159,1,"1"
5871.486586869546,185185,6162,1,"1"
5879.9649236829628,185173,6174,1,"1"
5881.5172396019643,185155,6192,1,"1"
5883.7082232363073,185137,6210,1,"1"
5884.5346510520367,185130,6217,1,"1"
5890.903425544464,185123,6224,1,"1"
5912.7037348213389,185097,6250,4,"2-1-1"
5921.2163058420765,185079,6268,1,"1"
5925.4388107375726,185061,6286,1,"1"
5931.9900964061435,185049,6298,1,"1"
5946.133855695517,185031,6316,1,"1"
5946.5804306130094,185004,6343,3,"3"
5955.895269749104,184994,6353,1,"1"
5966.803459457089,184976,6371,1,"1"
5971.835643393294,184958,6389,1,"1"
5974.5374454119737,184936,6411,4,"4"
5976.3160973882113,184868,6479,4,"3-1"
5984.7141976712164,184858,6489,1,"1"
5987.1158085220241,184846,6501,1,"1"
6007.890402575581,184828,6519,1,"1"
6014.20215045852,184800,6547,2,"1-1"
6014.7112950876563,184782,6565,1,"1"
6023.4989466699535,184758,6589,2,"1-1"
6023.6474272306823,184746,6601,1,"1"
6029.7684910211774,184736,6611,1,"1"
6033.4727618254756,184718,6629,1,"1"
6045.3666536773417,184700,6647,1,"1"
6049.0672137391148,184693,6654,1,"1"
6051.4468481635786,184675,6672,1,"1"
6069.9694227371619,184661,6686,2,"2"
6077.5609073502692,184631,6716,2,"1-1"
6109.643044118553,184613,6734,1,"1"
6115.9210251913637,184595,6752,1,"1"
6123.5982627574003,184575,6772,2,"2"
6128.3561901745406,184568,6779,1,"1"
6134.7915995793101,184550,6797,1,"1"
6136.52328218809,184540,6807,1,"1"
6148.5371593936497,184522,6825,1,"1"
6173.1214274778886,184504,6843,1,"1"
6182.2459208093514,184486,6861,1,"1"
6189.865901582767,184468,6879,1,"1"
6195.0359705418014,184450,6897,1,"1"
6196.2701486769911,184432,6915,1,"1"
6201.3838988969392,184414,6933,1,"1"
6203.9454431182176,184407,6940,1,"1"
6205.0903159502714,184389,6958,1,"1"
6230.4095466682538,184375,6972,2,"2"
6234.6581009055026,184357,6990,1,"1"
6246.3235629752262,184334,7013,3,"2-1"
6263.2326709047284,184312,7035,2,"2"
6267.9385134702443,184294,7053,1,"1"
6267.9687782413148,184276,7071,1,"1"
6274.9611774317946,184271,7076,1,"1"
6277.162388687384,184253,7094,1,"1"
6281.4921728714253,184235,7112,1,"1"
6283.7986005622361,184177,7170,4,"3-1"
6287.3906562248249,184159,7188,1,"1"
6293.1487442377211,184141,7206,1,"1"
6300.818576481649,184123,7224,1,"1"
6304.1627637742213,184105,7242,1,"1"
6304.1640643205692,184087,7260,2,"1-1"
6310.7610544415002,184077,7270,1,"1"
6313.2833437872223,184059,7288,1,"1"
6333.6767882819913,184041,7306,1,"1"
6350.3792286464877,184023,7324,1,"1"
6352.3911451535932,184005,7342,1,"1"
6368.7167501679751,184000,7347,1,"1"
6372.9013363983504,183988,7359,1,"1"
6374.9499833199679,183974,7373,1,"1"
6376.6398359417799,183956,7391,1,"1"
6387.1264832610423,183934,7413,2,"2"
6393.6874135281823,183922,7425,1,"1"
6400.8410531846685,183904,7443,1,"1"
6427.9435128517016,183770,7577,11,"3-2-2-2-1-1"
6435.8255976396449,183734,7613,2,"2"
6439.4159328202632,183716,7631,1,"1"
6463.4086660235189,183705,7642,1,"1"
6474.7568302783393,183601,7746,8,"4-1-1-1-1"
6487.0902046559831,183583,7764,1,"1"
6492.4136788572559,183565,7782,1,"1"
6500.2162246488879,183513,7834,4,"2-1-1"
6515.2572183421453,183495,7852,1,"1"
6518.3650787232309,183483,7864,2,"1-1"
6522.5018802682753,183465,7882,1,"1"
6541.7441338447316,183458,7889,1,"1"
6544.2536757610369,183440,7907,1,"1"
6548.6050024878305,183422,7925,1,"1"
6549.0185474006312,183404,7943,1,"1"
6560.7239473427644,183386,7961,1,"1"
6565.9340622823393,183372,7975,2,"2"
6574.122556125998,183354,7993,1,"1"
6594.3916815680977,183343,8004,1,"1"
6605.8020383019293,183289,8058,3,"3"
6607.4996999504101,183201,8146,7,"2-2-1-1-1"
6612.8062039123188,183183,8164,1,"1"
6618.1804907212863,183173,8174,1,"1"
6632.7319048139052,183155,8192,1,"1"
6634.0165913647361,183137,8210,1,"1"
6635.5676954843502,183083,8264,3,"3"
6641.3256384720225,183065,8282,1,"1"
6648.3925812126663,183047,8300,1,"1"
6660.5225347681253,183029,8318,1,"1"
6664.6368757895862,182993,8354,2,"2"
6665.9987201256372,182975,8372,1,"1"
6668.2919785449485,182957,8390,1,"1"
6674.4269022627859,182943,8404,1,"1"
6675.7769363293901,182907,8440,2,"2"
6676.9920991913768,182892,8455,3,"3"
6681.014187271232,182877,8470,1,"1"
6719.6854128718787,182843,8504,4,"2-1-1"
6722.4609602332275,182825,8522,1,"1"
6736.1338004986728,182807,8540,1,"1"
6737.2267379414443,182789,8558,1,"1"
6737.3169073334202,182775,8572,1,"1"
6751.3326630895772,182739,8608,2,"1-1"
6766.7565802110657,182721,8626,1,"1"
6767.5784527060823,182703,8644,1,"1"
6782.964947732924,182543,8804,11,"3-2-2-1-1-1-1"
6784.7251861555014,182509,8838,3,"3"
6818.1269417304129,182495,8852,1,"1"
6829.2880560689246,182459,8888,2,"2"
6857.5572468676564,182456,8891,1,"1"
6866.4649881539526,182438,8909,1,"1"
6867.5897669093101,182420,8927,1,"1"
6872.5295161817476,182408,8939,1,"1"
6872.8858475201823,182396,8951,1,"1"
6874.1649629824606,182296,9051,10,"4-3-1-1-1"
6882.0509373428731,182262,9085,4,"3-1"
6900.8754407619508,182228,9119,3,"2-1"
6909.1016958923883,182210,9137,1,"1"
6917.3644279564614,182192,9155,1,"1"
6933.1570444246745,182182,9165,2,"1-1"
6956.8456521999251,182164,9183,1,"1"
6958.3922994164368,182004,9343,13,"6-2-2-1-1-1"
6977.9961298422695,181986,9361,1,"1"
6985.7936515827896,181972,9375,2,"1-1"
6986.6932410560876,181959,9388,1,"1"
6988.8475205291088,181941,9406,1,"1"
6991.5627589612413,181934,9413,1,"1"
6994.552286441035,181900,9447,4,"2-2"
6996.823987534679,181886,9461,1,"1"
6998.7329319472337,181868,9479,1,"1"
7001.0349673631808,181851,9496,1,"1"
7035.221974718952,181833,9514,1,"1"
7037.4455961712183,181787,9560,3,"3"
7051.6133186020234,181769,9578,1,"1"
7052.6063166348249,181724,9623,7,"3-3-1"
7069.9096019215413,181706,9641,1,"1"
7075.4417261333447,181699,9648,1,"1"
7079.1993825808422,181681,9666,1,"1"
7080.89486955762,181663,9684,1,"1"
7091.1138327013914,181625,9722,4,"3-1"
7096.0156481911145,181581,9766,4,"2-1-1"
7099.8506546522412,181563,9784,1,"1"
7101.3234726474047,181545,9802,1,"1"
7108.7494405453135,181538,9809,1,"1"
7109.2572347956466,181520,9827,1,"1"
7109.8091400559952,181502,9845,1,"1"
7113.9180372905948,181484,9863,1,"1"
7142.7019224349451,181466,9881,1,"1"
7150.1857355590564,181459,9888,1,"1"
7152.9929332855754,181450,9897,1,"1"
7172.2518467151231,181350,9997,11,"5-3-2-1"
7178.9303046031037,181234,10113,8,"2-1-1-1-1-1-1"
7180.2946332742567,181206,10141,2,"2"
7188.4095250323189,181188,10159,1,"1"
7198.2907325623719,181170,10177,1,"1"
7202.0697030993624,181152,10195,1,"1"
7208.6938811921009,180984,10363,11,"3-2-2-1-1-1-1"
7220.5970154183187,180966,10381,1,"1"
7221.2216052393887,180957,10390,1,"1"
7228.5777253313781,180939,10408,1,"1"
7230.3901983305923,180921,10426,1,"1"
7251.939447540055,180903,10444,1,"1"
7255.5688446978311,180893,10454,1,"1"
7256.1936000543228,180875,10472,1,"1"
7261.3137605912971,180857,10490,1,"1"
7261.6292082083019,180839,10508,1,"1"
7268.1085655842899,180807,10540,2,"2"
7274.1663264815834,180749,10598,8,"2-2-1-1-1-1"
7278.3099639661568,180744,10603,1,"1"
7286.1475538621644,180726,10621,1,"1"
7293.2891475999795,180657,10690,7,"2-1-1-1-1-1"
7296.2038101994049,180603,10744,3,"1-1-1"
7296.2268823623208,180585,10762,1,"1"
7309.7164419492592,180551,10796,3,"2-1"
7313.652223520221,180497,10850,3,"2-1"
7335.0135131962061,180479,10868,1,"1"
7336.8056204710019,180431,10916,3,"3"
7341.6935306514288,180381,10966,4,"2-1-1"
7362.9438353614632,180363,10984,1,"1"
7366.1908278798974,180353,10994,1,"1"
7368.6099354396611,180343,11004,1,"1"
7369.8625104639104,180313,11034,2,"1-1"
7375.4549310186039,180295,11052,1,"1"
7375.7278584676951,180241,11106,3,"3"
7380.487432502332,180208,11139,3,"2-1"
7386.9339735247377,180190,11157,1,"1"
7397.9752872119998,180172,11175,1,"1"
7402.8998421251663,180154,11193,2,"2"
7403.9599331094087,180136,11211,1,"1"
7417.4600915728424,180107,11240,2,"1-1"
7418.1927841662891,180089,11258,1,"1"
7420.8925240906847,180071,11276,1,"1"
7426.2732375065398,180053,11294,1,"1"
7427.0738878521597,180035,11312,1,"1"
7439.3323245627753,179981,11366,3,"2-1"
7442.3778631847381,179589,11758,28,"5-4-3-3-2-2-2-2-2-1-1-1"
7486.8025116579265,179431,11916,11,"2-2-2-2-1-1-1"
7489.4830458318293,179413,11934,1,"1"
7491.5536159352177,179395,11952,1,"1"
7498.5160894565197,179377,11970,1,"1"
7499.3761403784674,179359,11988,1,"1"
7499.6067113363979,179287,12060,4,"4"
7509.7791252030338,178243,13104,68,"11-9-5-4-3-3-2-2-2-2-2-2-2-2-2-1-1-1-1-1-1-1-1-1-1-1-1-1-1-1"
7513.8984284097096,178225,13122,1,"1"
7534.0229887082587,178207,13140,1,"1"
7534.3700869303984,178135,13212,4,"2-2"
7535.4600435854354,178117,13230,1,"1"
7547.7934173253489,178110,13237,1,"1"
7550.7459049414811,178092,13255,1,"1"
7560.4763786223511,178052,13295,4,"2-1-1"
7562.3111287013144,177998,13349,3,"2-1"
7570.8570082472224,177500,13847,33,"12-3-3-2-2-1-1-1-1-1-1-1-1-1-1-1"
7571.5291929395216,0,191347,10051,"10051"
----------------------------------------------4
0,191347,0,0,"0"
97.10053367828904,191346,1,1,"1"
196.92017176562246,191345,2,1,"1"
274.69503785232115,191344,3,1,"1"
297.17521579475755,191343,4,1,"1"
363.47109743684916,191342,5,1,"1"
371.52616281736925,191341,6,1,"1"
374.76424991893555,191323,24,1,"1"
394.63073010123821,191322,25,1,"1"
455.79711888821981,191321,26,1,"1"
530.93532722230941,191320,27,1,"1"
553.68853068005899,191317,30,1,"1"
593.49755146210555,191299,48,1,"1"
607.5962196872465,191298,49,1,"1"
637.1164967118184,191280,67,1,"1"
677.34864464710427,191262,85,1,"1"
687.35430063275101,191244,103,1,"1"
708.91630827149481,191226,121,1,"1"
765.45583152030588,191225,122,1,"1"
820.42188245127602,191224,123,1,"1"
837.73489045878364,191223,124,1,"1"
841.01452564406713,191222,125,1,"1"
860.24319860385106,191221,126,1,"1"
865.22334905401669,191203,144,1,"1"
891.50376293489569,191202,145,1,"1"
894.80163974583752,191201,146,1,"1"
901.60596766825802,191200,147,1,"1"
922.26312694915282,191199,148,1,"1"
958.29971380456266,191198,149,1,"1"
966.0442164646521,191195,152,1,"1"
1017.6785478767458,191194,153,1,"1"
1023.3001131154065,191178,169,1,"1"
1025.105454321508,191160,187,1,"1"
1029.6076666899705,191158,189,2,"1-1"
1036.3646430111662,191154,193,4,"4"
1041.6192655148723,191138,209,1,"1"
1046.6023587633133,191120,227,1,"1"
1048.6259286836289,191119,228,1,"1"
1056.9105298278307,191118,229,1,"1"
1084.7677125924049,191115,232,1,"1"
1107.8978378594873,191114,233,1,"1"
1111.5499626888773,191104,243,1,"1"
1115.4387037827946,191086,261,1,"1"
1128.8190058701266,191068,279,1,"1"
1142.4375691601194,191065,282,1,"1"
1193.7321699959484,191062,285,1,"1"
1207.7309016834461,191044,303,1,"1"
1224.771619063464,191026,321,1,"1"
1238.0383674942541,191025,322,1,"1"
1238.9573320699747,191022,325,1,"1"
1246.5717018472762,191019,328,1,"1"
1262.975544414785,191018,329,1,"1"
1267.0634875772498,191000,347,1,"1"
1288.0134456355154,190998,349,2,"2"
1322.085153198429,190980,367,1,"1"
1330.2696269650726,190962,385,1,"1"
1342.257270463884,190944,403,1,"1"
1378.8134193360916,190943,404,1,"1"
1396.3420308292771,190942,405,1,"1"
1402.8909758138795,190931,416,1,"1"
1403.3033796998727,190930,417,1,"1"
1406.8609172107406,190929,418,1,"1"
1449.1233188874605,190911,436,1,"1"
1470.6673094579353,190910,437,1,"1"
1486.9184610390132,190909,438,1,"1"
1510.0974850504897,190891,456,1,"1"
1512.1574916477721,190875,472,1,"1"
1513.7619340296135,190874,473,1,"1"
1544.7298024809634,190856,491,1,"1"
1555.9799656227615,190855,492,1,"1"
1559.4100788089456,190854,493,1,"1"
1581.1078150842714,190853,494,1,"1"
1619.1033549000538,190852,495,1,"1"
1621.5476920829663,190851,496,1,"1"
1624.4319341763471,190850,497,1,"1"
1626.8970293444736,190832,515,1,"1"
1641.8378561083582,190831,516,1,"1"
1642.4950863598783,190830,517,1,"1"
1645.9248641386723,190828,519,2,"2"
1659.119745724297,190827,520,1,"1"
1659.1864961555204,190825,522,2,"2"
1685.9629513725429,190824,523,1,"1"
1702.2403845389722,190788,559,2,"2"
1705.5050424661397,190787,560,1,"1"
1710.9916428022836,190786,561,1,"1"
1712.1520974915829,190768,579,1,"1"
1712.9615074362655,190767,580,1,"1"
1725.5934936934054,190749,598,1,"1"
1729.316524257466,190748,599,1,"1"
1736.9864982754814,190736,611,1,"1"
1768.8368088920543,190728,619,4,"4"
1796.596366202722,190727,620,1,"1"
1822.0293839352237,190720,627,1,"1"
1845.8505625429975,190719,628,1,"1"
1849.2564765236455,190701,646,1,"1"
1861.2635797864875,190700,647,1,"1"
1865.7211835409339,190682,665,1,"1"
1868.8074999347127,190681,666,1,"1"
1876.9342627188526,190674,673,1,"1"
1907.9317610810697,190673,674,1,"1"
1912.3145609107087,190670,677,1,"1"
1931.3656280368598,190663,684,7,"3-2-2"
1984.9364906041301,190660,687,1,"1"
2004.8269901025565,190659,688,1,"1"
2007.7988001774172,190645,702,1,"1"
2012.8992881478484,190644,703,1,"1"
2035.3286666813808,190635,712,3,"2-1"
2044.5763447598549,190634,713,1,"1"
2070.1441153552719,190618,729,6,"4-1-1"
2088.2214241235843,190607,740,1,"1"
2093.4635841180834,190606,741,1,"1"
2093.7373060516998,190596,751,1,"1"
2095.4175926038056,190585,762,1,"1"
2101.9266557330066,190582,765,1,"1"
2105.4613630740137,190580,767,2,"2"
2134.129018870301,190577,770,1,"1"
2152.775408039663,190576,771,1,"1"
2158.0544581699355,190575,772,1,"1"
2168.0358877798908,190573,774,2,"2"
2180.5428639456013,190572,775,1,"1"
2184.8090159316675,190571,776,1,"1"
2189.8428311843659,190568,779,3,"2-1"
2195.3476717351191,190563,784,1,"1"
2214.3800887271273,190562,785,1,"1"
2219.2181953247768,190561,786,1,"1"
2240.196138667714,190543,804,1,"1"
2294.1026109257564,190538,809,1,"1"
2306.0627101698228,190536,811,2,"2"
2308.7360954604492,190533,814,1,"1"
2320.3912450371058,190525,822,4,"2-1-1"
2334.8557420161501,190524,823,1,"1"
2337.0933702571151,190523,824,1,"1"
2348.4269745152797,190505,842,1,"1"
2357.6077405420274,190487,860,1,"1"
2366.246402104066,190485,862,2,"2"
2367.5069418226572,190482,865,1,"1"
2412.4872756206864,190479,868,1,"1"
2429.3989613531753,190476,871,1,"1"
2437.8050166594203,190458,889,1,"1"
2441.630544032666,190440,907,1,"1"
2466.5138034877859,190428,919,1,"1"
2492.5813735980923,190425,922,1,"1"
2496.6219256541985,190424,923,1,"1"
2563.124583815928,190406,941,1,"1"
2564.6739736435443,190395,952,1,"1"
2568.1547107630572,190392,955,1,"1"
2568.6494650865884,190374,973,1,"1"
2571.588521275718,190371,976,1,"1"
2580.4832338454976,190370,977,1,"1"
2584.2293270586629,190352,995,1,"1"
2585.8559531364858,190334,1013,1,"1"
2587.9338344316252,190328,1019,2,"1-1"
2594.8695969654204,190327,1020,1,"1"
2604.4687829440204,190317,1030,1,"1"
2632.7466221576974,190299,1048,1,"1"
2643.8756785214869,190296,1051,1,"1"
2646.2252353721296,190279,1068,1,"1"
2651.2640398014346,190261,1086,1,"1"
2666.3629252161022,190239,1108,2,"2"
2682.4364526593099,190221,1126,1,"1"
2708.2895920035985,190204,1143,1,"1"
2713.0701505333445,190201,1146,1,"1"
2715.0129758066269,190191,1156,2,"2"
2752.5735076385295,190173,1174,1,"1"
2754.4953417046031,190155,1192,1,"1"
2757.68180850508,190137,1210,1,"1"
2778.7148028346674,190119,1228,1,"1"
2781.8871951287465,190101,1246,1,"1"
2786.1884766746589,190080,1267,5,"3-1-1"
2803.702907873685,190069,1278,1,"1"
2817.8561211513979,190051,1296,1,"1"
2821.6533008219044,190048,1299,1,"1"
2858.6993509436638,190030,1317,1,"1"
2869.1374401307157,190021,1326,1,"1"
2909.5982698803928,190011,1336,2,"2"
2931.3896450477273,189993,1354,1,"1"
2943.5436609886187,189992,1355,1,"1"
2954.8186030087118,189989,1358,1,"1"
2956.9796214463663,189971,1376,1,"1"
2958.237360646357,189959,1388,1,"1"
2961.2353851093958,189956,1391,1,"1"
2965.2924928613793,189951,1396,1,"1"
2978.1164948593919,189933,1414,1,"1"
2983.8578089479524,189930,1417,1,"1"
2985.8958655721713,189923,1424,1,"1"
2989.321990131396,189905,1442,1,"1"
2996.870125389009,189891,1456,2,"2"
3026.4071204440829,189888,1459,1,"1"
3043.3463328579014,189878,1469,1,"1"
3048.1730934609309,189860,1487,1,"1"
3053.4557112461421,189842,1505,1,"1"
3057.1539214284849,189841,1506,1,"1"
3067.6506718586047,189819,1528,2,"1-1"
3133.3100558730771,189801,1546,1,"1"
3133.3218513068609,189798,1549,1,"1"
3153.4337699346197,189786,1561,1,"1"
3154.6572554008681,189776,1571,1,"1"
3161.7694873803489,189766,1581,2,"2"
3165.4586567634424,189763,1584,1,"1"
3197.4666938849118,189758,1589,1,"1"
3215.6731750274712,189744,1603,4,"2-1-1"
3220.0426765983243,189726,1621,1,"1"
3245.3934108899116,189708,1639,1,"1"
3258.7786684104767,189705,1642,1,"1"
3265.7005072931051,189687,1660,1,"1"
3279.8072471227965,189673,1674,2,"1-1"
3297.9749079828207,189655,1692,2,"2"
3304.8946203281548,189637,1710,1,"1"
3329.1751157140543,189634,1713,1,"1"
3337.2384623310363,189631,1716,1,"1"
3345.704414978758,189613,1734,1,"1"
3348.6544871395172,189603,1744,1,"1"
3349.7362113239119,189597,1750,2,"2"
3354.231293439967,189579,1768,1,"1"
3357.7727441667816,189576,1771,1,"1"
3359.7856865708595,189571,1776,1,"1"
3361.2619924550372,189535,1812,4,"4"
3371.1890919229395,189530,1817,1,"1"
3399.3468011174887,189517,1830,1,"1"
3423.1790343292405,189499,1848,1,"1"
3437.9849887961336,189481,1866,1,"1"
3480.2707327183116,189463,1884,1,"1"
3480.4892338486889,189460,1887,1,"1"
3487.7311689744779,189442,1905,1,"1"
3527.7585248797695,189424,1923,1,"1"
3576.0676481773176,189406,1941,1,"1"
3589.3758543230369,189388,1959,1,"1"
3595.9468905520857,189370,1977,1,"1"
3598.5478047888432,189359,1988,1,"1"
3608.8282403885523,189341,2006,1,"1"
3608.8880314130402,189323,2024,1,"1"
3635.0507906180919,189307,2040,1,"1"
3639.5532378500302,189293,2054,1,"1"
3662.8254310807097,189257,2090,2,"2"
3670.1267947385631,189240,2107,3,"3"
3689.1009895569041,189222,2125,1,"1"
3708.5079486588938,189205,2142,1,"1"
3727.3135670495062,189202,2145,1,"1"
3735.3868159584295,189184,2163,1,"1"
3744.7034360201915,189166,2181,1,"1"
3785.7996919995048,189148,2199,1,"1"
3834.672920024198,189130,2217,1,"1"
3841.3141027933216,189118,2229,1,"1"
3845.1004528428152,189100,2247,1,"1"
3846.4783055916178,189064,2283,2,"2"
3847.5100590523216,189046,2301,1,"1"
3854.4239450161508,189028,2319,1,"1"
3855.7857813037663,189023,2324,1,"1"
3860.2188897501219,189020,2327,1,"1"
3871.7500623159631,189002,2345,1,"1"
3886.3343773672891,188984,2363,1,"1"
3888.0160395922712,188966,2381,1,"1"
3904.7650393726653,188954,2393,1,"1"
3913.2363118560761,188945,2402,3,"2-1"
3917.3494622198314,188919,2428,2,"2"
3920.4335808246801,188914,2433,1,"1"
3922.5259563915274,188896,2451,1,"1"
3924.4863343071461,188889,2458,1,"1"
3969.784872281622,188878,2469,1,"1"
3970.9421048734889,188842,2505,2,"2"
3971.5018826468554,188824,2523,1,"1"
3974.2522137065703,188806,2541,1,"1"
3976.2145146897192,188801,2546,1,"1"
3997.1765081284243,188794,2553,1,"1"
4007.9444536108285,188789,2558,1,"1"
4014.1327781096397,188777,2570,1,"1"
4019.1657681502311,188759,2588,1,"1"
4031.7539217146091,188741,2606,1,"1"
4062.4241588248947,188723,2624,1,"1"
4062.5985386779803,188705,2642,1,"1"
4091.5261579948756,188702,2645,1,"1"
4116.005662058029,188693,2654,3,"3"
4120.754030848816,188683,2664,1,"1"
4130.7922785871242,188666,2681,5,"2-1-1-1"
4140.9812245166249,188648,2699,1,"1"
4142.0503574975883,188625,2722,3,"3"
4154.3300329955673,188619,2728,2,"2"
4164.0323953066736,188604,2743,3,"3"
4173.2296205348903,188586,2761,1,"1"
4175.9082523258021,188576,2771,1,"1"
4194.1229605017215,188566,2781,2,"2"
4195.8770121244188,188560,2787,2,"2"
4221.515781682604,188542,2805,1,"1"
4225.0911882103037,188530,2817,1,"1"
4239.3371752889461,188188,3159,19,"19"
4242.7537903845505,188185,3162,1,"1"
4254.834585610869,188174,3173,1,"1"
4280.6657540716324,188156,3191,1,"1"
4294.4625412913765,188138,3209,1,"1"
4298.462239477275,188120,3227,1,"1"
4301.7037418740174,188102,3245,1,"1"
4332.0631834069536,188099,3248,1,"1"
4335.6695242818496,188081,3266,1,"1"
4341.642603069452,188063,3284,1,"1"
4342.368598617456,188051,3296,1,"1"
4349.1969993044149,188041,3306,1,"1"
4356.3718784077291,188023,3324,1,"1"
4359.3206338151185,188005,3342,1,"1"
4371.9096902343481,188002,3345,1,"1"
4372.0062589867412,187994,3353,2,"1-1"
4373.4783035944611,187976,3371,1,"1"
4382.9109742225346,187958,3389,1,"1"
4387.3146766005266,187940,3407,1,"1"
4393.0710391720922,187922,3425,1,"1"
4398.8071077209361,187901,3446,3,"2-1"
4400.3868423635495,187883,3464,1,"1"
4417.0574535252508,187865,3482,1,"1"
4424.8027992910174,187847,3500,1,"1"
4467.3576638543746,187829,3518,1,"1"
4472.9453317100024,187811,3536,1,"1"
4473.582826535745,187793,3554,1,"1"
4477.2235611434371,187775,3572,1,"1"
4478.8452233653643,187757,3590,1,"1"
4487.9165895103561,187743,3604,1,"1"
4498.6586238545133,187724,3623,3,"3"
4510.2156005952666,187706,3641,1,"1"
4528.9201125660402,187696,3651,1,"1"
4538.4025358242652,187678,3669,1,"1"
4540.283408434776,187660,3687,1,"1"
4554.9815357967846,187657,3690,1,"1"
4555.6411972234346,187639,3708,1,"1"
4559.6502928336731,187636,3711,1,"1"
4576.0064876315282,187618,3729,1,"1"
4598.7053354869086,187601,3746,1,"1"
4602.6067140057712,187583,3764,1,"1"
4602.9264166798075,187565,3782,1,"1"
4604.2084864315038,187547,3800,1,"1"
4604.6533009858922,187536,3811,1,"1"
4604.9535201241169,187533,3814,1,"1"
4626.8104940139183,187515,3832,1,"1"
4636.1298627264405,187497,3850,1,"1"
4640.6901143669329,187479,3868,1,"1"
4645.6224429991316,187461,3886,1,"1"
4648.251461930623,187443,3904,1,"1"
4652.872698482026,187416,3931,3,"2-1"
4659.7052935883621,187413,3934,1,"1"
4665.5602394409298,187395,3952,1,"1"
4671.7556804793267,187392,3955,1,"1"
4674.914664057047,187374,3973,1,"1"
4688.7953925728407,187345,4002,3,"3"
4694.6367941038752,187327,4020,1,"1"
4696.6749000721657,187309,4038,1,"1"
4717.1655823165538,187275,4072,2,"1-1"
4724.0263944138314,187261,4086,2,"2"
4726.1040629976151,187252,4095,1,"1"
4737.2809253416826,187216,4131,2,"2"
4743.0332074005401,187198,4149,1,"1"
4744.8516683555818,187188,4159,1,"1"
4748.4168035313241,187179,4168,1,"1"
4749.5041525590368,187161,4186,1,"1"
4751.0138414064586,187143,4204,1,"1"
4755.3743042590368,187090,4257,8,"3-2-1-1-1"
4770.8680181217896,187087,4260,1,"1"
4772.5404803437805,187069,4278,1,"1"
4786.8724459740542,187049,4298,2,"2"
4808.2123741240521,187031,4316,1,"1"
4813.486480862779,187013,4334,1,"1"
4823.0217887378312,187010,4337,1,"1"
4823.3734873483008,186994,4353,1,"1"
4849.7993869407701,186976,4371,1,"1"
4853.3730148564855,186958,4389,1,"1"
4868.5559239622444,186940,4407,1,"1"
4871.3013181730812,186922,4425,1,"1"
4885.1998285094578,186913,4434,1,"1"
4892.086094794201,186910,4437,1,"1"
4895.8501662425924,186884,4463,4,"4"
4914.4917079168599,186866,4481,1,"1"
4915.0160099525092,186848,4499,1,"1"
4928.4952295867115,186845,4502,1,"1"
4929.6581356084562,186827,4520,1,"1"
4929.663719137965,186824,4523,1,"1"
4933.7939661104183,186806,4541,1,"1"
4944.4054385713571,186790,4557,2,"1-1"
4944.5565177215249,186785,4562,1,"1"
4944.9344727135594,186767,4580,1,"1"
4945.0117975338981,186749,4598,1,"1"
4949.7860695760173,186746,4601,1,"1"
4952.2327815552508,186741,4606,1,"1"
4963.1276134319332,186721,4626,4,"4"
4968.2600668861141,186716,4631,1,"1"
4980.2217621378886,186698,4649,1,"1"
5003.9782046652472,186662,4685,2,"2"
5024.0041303047265,186644,4703,1,"1"
5025.8220385244849,186616,4731,2,"2"
5026.886449807258,186604,4743,1,"1"
5026.9301706587694,186599,4748,1,"1"
5037.0341167962424,186590,4757,1,"1"
5076.1964866322814,186572,4775,1,"1"
5077.4123229593906,186567,4780,1,"1"
5080.9494855877529,186562,4785,1,"1"
5089.9478517583302,186544,4803,1,"1"
5093.599551086998,186526,4821,1,"1"
5111.2437474954013,186498,4849,2,"2"
5115.4467395031561,186488,4859,1,"1"
5141.4843706239162,186478,4869,2,"2"
5153.0830584573932,186460,4887,1,"1"
5164.3194372953621,186442,4905,1,"1"
5167.2203716684726,186424,4923,2,"2"
5173.3361294795177,186421,4926,1,"1"
5180.1252916180438,186418,4929,1,"1"
5182.2443179815618,186400,4947,1,"1"
5193.6704921470355,186382,4965,1,"1"
5200.7636609882793,186375,4972,1,"1"
5207.5511603060422,186357,4990,1,"1"
5246.8600830183104,186331,5016,2,"1-1"
5252.542581184015,186313,5034,1,"1"
5252.9810645288635,186295,5052,1,"1"
5253.4197905103474,186277,5070,1,"1"
5257.2768522591869,186265,5082,1,"1"
5278.6550176095607,186250,5097,1,"1"
5278.9726645121427,186158,5189,6,"4-2"
5279.1450341379177,186140,5207,1,"1"
5284.9611040394257,186122,5225,1,"1"
5286.3828063752662,186104,5243,1,"1"
5294.2403099563398,186086,5261,1,"1"
5297.312458111599,186073,5274,3,"2-1"
5300.9947024252506,186066,5281,1,"1"
5305.7029117488501,186048,5299,1,"1"
5326.6817469048356,186030,5317,1,"1"
5336.3349451967442,186012,5335,1,"1"
5348.3483480723262,185994,5353,1,"1"
5350.5805915397596,185982,5365,1,"1"
5367.2869168087036,185964,5383,1,"1"
5367.329671548433,185928,5419,2,"2"
5384.0183238722893,185910,5437,1,"1"
5385.7728092180669,185892,5455,1,"1"
5395.0514350884314,185878,5469,2,"2"
5396.2775111821929,185860,5487,1,"1"
5400.4879935587796,185842,5505,1,"1"
5409.9685791023512,185831,5516,1,"1"
5422.8112034914202,185819,5528,1,"1"
5439.6068729936615,185801,5546,1,"1"
5460.1946381572252,185783,5564,1,"1"
5461.9462265430939,185780,5567,1,"1"
5469.0647473423933,185762,5585,1,"1"
5480.5525889575183,185734,5613,2,"1-1"
5492.4495848319748,185716,5631,1,"1"
5492.6733820720547,185698,5649,1,"1"
5494.1712374911258,185680,5667,1,"1"
5500.2022846232067,185662,5685,1,"1"
5503.6062669175635,185644,5703,1,"1"
5506.8602558716793,185626,5721,1,"1"
5509.5514388150577,185608,5739,1,"1"
5510.0953917550178,185572,5775,2,"1-1"
5527.5436123619793,185563,5784,1,"1"
5528.8208744504564,185545,5802,1,"1"
5536.496143950214,185532,5815,1,"1"
5543.102044463928,185501,5846,5,"3-1-1"
5561.2588895827366,185483,5864,1,"1"
5564.5615318224163,185465,5882,1,"1"
5571.9512201778198,185447,5900,1,"1"
5575.2970898536423,185442,5905,1,"1"
5576.0392240546835,185424,5923,1,"1"
5580.1769045499568,185417,5930,1,"1"
5581.0069262753459,185407,5940,2,"2"
5584.8524055420739,185389,5958,1,"1"
5604.1980286462203,185382,5965,1,"1"
5605.9192367863352,185373,5974,1,"1"
5606.2789263798077,185368,5979,1,"1"
5620.084615117722,185350,5997,1,"1"
5625.400632763769,185332,6015,1,"1"
5627.4669516245267,185313,6034,3,"2-1"
5645.9891590691986,185308,6039,1,"1"
5654.5414842410119,185297,6050,1,"1"
5656.2148464261372,185269,6078,4,"2-1-1"
5658.407949744731,185251,6096,1,"1"
5659.8957590768568,185239,6108,1,"1"
5666.2527484149268,185230,6117,1,"1"
5679.1702099210888,185212,6135,1,"1"
5680.2544008823534,185190,6157,2,"1-1"
5689.9759811649919,185183,6164,1,"1"
5692.9422983012182,185165,6182,1,"1"
5708.0984313316412,185147,6200,1,"1"
5731.7083836087504,185144,6203,1,"1"
5757.9117488791189,185126,6221,1,"1"
5796.3348842050909,185108,6239,1,"1"
5802.5647029749052,185096,6251,1,"1"
5809.390055534418,185078,6269,1,"1"
5814.8069367491335,185060,6287,1,"1"
5815.2827040303491,185044,6303,1,"1"
5827.5293300417352,185026,6321,1,"1"
5832.7337686080136,185016,6331,1,"1"
5836.0629783808936,184998,6349,1,"1"
5848.7771951141913,184972,6375,2,"1-1"
5860.0200996082849,184938,6409,2,"2"
5863.5345319379585,184928,6419,2,"2"
5874.1961060759331,184908,6439,2,"1-1"
5883.28016722965,184890,6457,1,"1"
5889.2627476704483,184887,6460,1,"1"
5913.1218804749451,184871,6476,2,"1-1"
5917.386902802662,184853,6494,1,"1"
5919.5711414627149,184838,6509,1,"1"
5936.1458120741609,184820,6527,1,"1"
5948.0929119471002,184793,6554,5,"4-1"
5965.9394070669396,184783,6564,1,"1"
5968.7007834436208,184747,6600,2,"1-1"
5982.1477633278701,184732,6615,3,"2-1"
5990.4026294444466,184714,6633,1,"1"
5997.6759157547649,184696,6651,1,"1"
6000.0122113685393,184680,6667,1,"1"
6000.5387474194922,184662,6685,1,"1"
6016.1139412295861,184644,6703,1,"1"
6017.8432188237584,184626,6721,1,"1"
6024.094051710169,184602,6745,2,"2"
6024.0988888882457,184584,6763,1,"1"
6055.1621307272753,184566,6781,1,"1"
6060.0086267676352,184548,6799,1,"1"
6060.5432477578606,184516,6831,4,"1-1-1-1"
6069.6255404899739,184484,6863,2,"2"
6074.6238536343917,184466,6881,1,"1"
6112.6408500362286,184448,6899,1,"1"
6119.0837490468593,184436,6911,2,"2"
6122.4248156187523,184425,6922,1,"1"
6126.6735936808182,184407,6940,1,"1"
6145.2402182933256,184389,6958,1,"1"
6154.7740764386954,184379,6968,1,"1"
6171.5415379182132,184376,6971,1,"1"
6175.9310298980754,184358,6989,1,"1"
6187.9975269123324,184330,7017,4,"4"
6192.7105905299559,184312,7035,1,"1"
6227.6032005946927,184263,7084,7,"4-1-1-1"
6229.7821965150188,184250,7097,1,"1"
6235.4034206614115,184232,7115,1,"1"
6246.8876627267719,184222,7125,1,"1"
6248.5900557025971,184182,7165,3,"2-1"
6254.0054184914907,184170,7177,1,"1"
6256.7513711534939,184134,7213,2,"1-1"
6263.4858652001058,184106,7241,2,"1-1"
6271.8898377501118,184096,7251,1,"1"
6272.1991130796705,184057,7290,3,"1-1-1"
6281.2791035571636,184046,7301,1,"1"
6290.5492574432137,184028,7319,1,"1"
6290.6170107773532,183954,7393,10,"2-2-2-1-1-1-1"
6297.8034606056463,183936,7411,1,"1"
6299.1141066737928,183912,7435,2,"2"
6304.5778957183602,183900,7447,1,"1"
6341.9071347864119,183864,7483,2,"2"
6342.6323305254882,183832,7515,2,"1-1"
6344.9869111495782,183817,7530,3,"1-1-1"
6346.4335885630298,183799,7548,1,"1"
6347.4830525392636,183781,7566,1,"1"
6350.1057032184717,183763,7584,2,"2"
6358.867317671783,183723,7624,4,"4"
6363.336747912439,183716,7631,1,"1"
6364.1272333794459,183698,7649,1,"1"
6387.044952491563,183626,7721,4,"2-2"
6388.7326633569746,183608,7739,1,"1"
6403.883028153612,183554,7793,3,"3"
6404.3744703235925,183520,7827,3,"2-1"
6423.5336514186702,183394,7953,7,"4-2-1"
6423.9080239465093,183385,7962,1,"1"
6426.210297150179,183367,7980,1,"1"
6431.2150476679053,183351,7996,1,"1"
6447.0674271979224,183320,8027,2,"2"
6473.9115276170269,183302,8045,1,"1"
6483.6044564712856,183284,8063,1,"1"
6488.9128985378466,183277,8070,1,"1"
6489.0814931009427,183263,8084,1,"1"
6508.5036866911169,183245,8102,1,"1"
6523.0531283729842,183233,8114,1,"1"
6530.9742376146351,183215,8132,1,"1"
6541.5112587903886,183197,8150,1,"1"
6545.6849799989423,183179,8168,1,"1"
6546.5842291421422,183166,8181,1,"1"
6550.8853131874648,183093,8254,9,"5-2-1-1"
6558.3987816339104,183075,8272,1,"1"
6565.4400636607379,183044,8303,2,"2"
6582.2916750259728,183008,8339,2,"2"
6595.4550373733673,183001,8346,1,"1"
6597.8060434297895,182955,8392,3,"3"
6605.0888958695668,182937,8410,1,"1"
6612.4722486804721,182926,8421,1,"1"
6615.562606944718,182908,8439,1,"1"
6616.5121045864989,182890,8457,1,"1"
6618.801649537374,182872,8475,1,"1"
6623.4995626234368,182854,8493,1,"1"
6624.4435053361876,182836,8511,1,"1"
6627.4783708647856,182818,8529,1,"1"
6635.1410873297646,182782,8565,2,"2"
6637.0314510811249,182764,8583,1,"1"
6649.8017404031425,182746,8601,1,"1"
6654.8797565847726,182728,8619,1,"1"
6662.3173762983879,182710,8637,1,"1"
6673.9506648937941,182692,8655,1,"1"
6681.4000264814695,182646,8701,4,"3-1"
6681.515843900831,182628,8719,1,"1"
6698.7662626037436,182582,8765,3,"2-1"
6711.7594105464559,182552,8795,2,"2"
6714.2985185643429,182534,8813,1,"1"
6721.6717014546439,182420,8927,9,"4-2-1-1-1"
6735.1773555925784,182402,8945,1,"1"
6743.5225040025143,182393,8954,1,"1"
6758.2893620669893,182375,8972,1,"1"
6764.2856410178492,182357,8990,1,"1"
6767.7327293496328,182339,9008,1,"1"
6773.2166556527091,182303,9044,2,"2"
6775.9533695676764,182217,9130,9,"3-2-2-1-1"
6781.2647101082275,182193,9154,2,"2"
6785.6888951861229,182175,9172,1,"1"
6789.6424185065416,182139,9208,2,"1-1"
6816.0278684103287,182132,9215,1,"1"
6819.2695618784128,182114,9233,1,"1"
6824.4511711227669,182055,9292,9,"5-2-2"
6824.7089731150973,182037,9310,1,"1"
6825.5593557439533,182032,9315,1,"1"
6833.9569086265219,182014,9333,1,"1"
6838.6119224243866,182000,9347,2,"2"
6844.8506677331679,181982,9365,1,"1"
6849.3927597846814,181968,9379,1,"1"
6853.1394174948209,181950,9397,1,"1"
6856.9885908648121,181941,9406,1,"1"
6863.1649574651765,181931,9416,1,"1"
6866.6284316115289,181913,9434,1,"1"
6867.8524473670677,181895,9452,1,"1"
6870.1436344338772,181877,9470,1,"1"
6877.0948443716434,181861,9486,1,"1"
6878.4597139263678,181843,9504,1,"1"
6883.0723798130666,181821,9526,2,"1-1"
6893.0652844471861,181812,9535,1,"1"
6898.3647404003741,181794,9553,1,"1"
6910.7438293698415,181776,9571,1,"1"
6912.8700061970576,181752,9595,2,"2"
6926.5553908223228,181734,9613,1,"1"
6932.8126259552737,181716,9631,1,"1"
6932.912141657157,181698,9649,1,"1"
6937.486953440879,181662,9685,2,"1-1"
6949.848612366307,181653,9694,1,"1"
6960.2780727829067,181635,9712,1,"1"
6967.6381007720311,181389,9958,20,"5-5-4-2-2-1-1"
6971.0357132216986,181371,9976,1,"1"
6971.4898912100671,181327,10020,3,"2-1"
6981.867381215272,181309,10038,1,"1"
6986.7627339653291,181291,10056,1,"1"
6987.0673465764921,181227,10120,5,"2-1-1-1"
6988.5283707610843,181213,10134,1,"1"
6992.8405118333931,181195,10152,1,"1"
6997.4106950256346,181177,10170,1,"1"
7002.5867665267797,181159,10188,1,"1"
7007.5231435389878,181141,10206,1,"1"
7017.5309696756422,181136,10211,1,"1"
7018.0321019431776,181100,10247,2,"2"
7026.6722718894653,181082,10265,1,"1"
7028.6798762687094,181046,10301,2,"2"
7034.0037073203894,181028,10319,1,"1"
7040.8671665231077,180998,10349,2,"2"
7045.4472073198112,180974,10373,2,"2"
7048.4473705316022,180956,10391,1,"1"
7052.1616928970507,180938,10409,1,"1"
7054.2598992307903,180830,10517,6,"3-2-1"
7055.1321285666054,180806,10541,2,"2"
7066.8546920960744,180770,10577,2,"1-1"
7070.6805663875939,180759,10588,1,"1"
7071.0692306466344,180741,10606,1,"1"
7079.2289055811998,180723,10624,1,"1"
7087.0279508806261,180711,10636,2,"2"
7118.9570837155152,180693,10654,1,"1"
7123.9172225891352,180675,10672,1,"1"
7141.5476399764002,180657,10690,1,"1"
7141.7110211521749,180639,10708,1,"1"
7147.3893448219324,180621,10726,1,"1"
7147.5060546676305,180576,10771,5,"2-1-1-1"
7157.7286213404395,180542,10805,2,"1-1"
7208.9648349650188,180524,10823,1,"1"
7212.5644502631412,180505,10842,3,"3"
7223.7311261933946,180475,10872,2,"2"
7226.8923822229708,180457,10890,1,"1"
7239.0510464288936,180439,10908,1,"1"
7240.1592775742174,180421,10926,1,"1"
7250.1029849225743,180403,10944,1,"1"
7254.5835604222639,180388,10959,1,"1"
7257.6691103668827,180370,10977,1,"1"
7258.51634130604,180310,11037,4,"3-1"
7264.2696330956614,180292,11055,1,"1"
7274.6045962291109,180278,11069,1,"1"
7274.9847165848569,180260,11087,1,"1"
7280.1405693602628,180242,11105,1,"1"
7282.4611589572323,180203,11144,3,"2-1"
7282.5783956439836,180181,11166,2,"1-1"
7291.2219929036428,180129,11218,4,"3-1"
7293.2977248981861,180109,11238,2,"2"
7294.6441597074463,180091,11256,1,"1"
7296.58501836913,180041,11306,3,"3"
7297.4018866013739,179897,11450,11,"4-3-1-1-1-1"
7300.9404577796695,179851,11496,3,"2-1"
7306.2505204891841,179748,11599,11,"4-2-1-1-1-1-1"
7321.8364657130141,179730,11617,1,"1"
7333.4953235969979,179717,11630,1,"1"
7337.9050055081652,179699,11648,1,"1"
7339.5188633800617,179688,11659,1,"1"
7354.4782086347532,179058,12289,44,"8-6-4-3-2-2-2-2-2-2-2-2-1-1-1-1-1-1-1"
7355.9402542179978,179040,12307,1,"1"
7375.2518234098634,179022,12325,1,"1"
7382.0906201870275,179015,12332,1,"1"
7382.1337811254107,178997,12350,1,"1"
7384.4611742575662,178990,12357,1,"1"
7394.8653135675622,178972,12375,1,"1"
7419.1537721922859,178962,12385,1,"1"
7426.1820821133288,178944,12403,1,"1"
7434.230494429552,178908,12439,2,"2"
7434.6778048076721,178872,12475,2,"1-1"
7440.1493429279844,178854,12493,1,"1"
7454.362989755532,178839,12508,1,"1"
7471.7490443846809,178821,12526,1,"1"
7476.6909028071941,178814,12533,1,"1"
7476.7449346839039,178278,13069,37,"7-4-3-3-3-2-2-2-2-2-1-1-1-1-1-1-1"
7477.7389769086112,178271,13076,1,"1"
7487.0509818576793,178253,13094,1,"1"
7493.3566779452367,178235,13112,1,"1"
7497.0200035756798,178217,13130,1,"1"
7499.2865411066059,178199,13148,1,"1"
7507.8806304935915,178185,13162,2,"2"
7513.4892210374865,178167,13180,1,"1"
7521.5526936764472,178149,13198,1,"1"
7523.7880269545303,178131,13216,1,"1"
7524.0528248444825,178083,13264,3,"2-1"
7531.8926823175734,178065,13282,1,"1"
7532.972723210989,177991,13356,5,"2-1-1-1"
7537.279114473572,177984,13363,1,"1"
7538.0517260685256,177966,13381,1,"1"
7548.2787438101304,177948,13399,1,"1"
7550.0495356467936,177930,13417,1,"1"
7552.3245098753823,177923,13424,1,"1"
7553.6043714532652,177905,13442,1,"1"
7571.4623098238644,177871,13476,2,"2"
7573.1227160629942,0,191347,10096,"10096"
----------------------------------------------5
0,191347,0,0,"0"
66.660212737511472,191346,1,1,"1"
85.764366922691693,191343,4,1,"1"
144.28239110592202,191331,16,1,"1"
155.71180756134476,191313,34,1,"1"
432.61793751845852,191295,52,1,"1"
445.46712934172808,191286,61,1,"1"
475.56584914568066,191285,62,1,"1"
531.55181761892868,191284,63,1,"1"
533.86403258254245,191283,64,1,"1"
632.81397797392958,191282,65,1,"1"
646.15003928589692,191279,68,1,"1"
648.29714035850498,191278,69,1,"1"
655.03401300714063,191277,70,1,"1"
687.14395397046928,191259,88,1,"1"
689.17354740582289,191258,89,1,"1"
724.9485713737223,191257,90,1,"1"
816.05378404210944,191256,91,1,"1"
832.73113404037588,191255,92,1,"1"
837.22025457117149,191254,93,1,"1"
840.13968160626928,191253,94,1,"1"
892.35104550359802,191252,95,1,"1"
912.53487726270725,191234,113,1,"1"
980.79227172535298,191233,114,1,"1"
1003.9442111509163,191232,115,1,"1"
1008.3937945030293,191230,117,2,"1-1"
1013.2569034719974,191212,135,1,"1"
1013.5631985131818,191211,136,1,"1"
1023.4968207594341,191210,137,1,"1"
1024.9112871787052,191192,155,1,"1"
1032.032587049943,191191,156,1,"1"
1033.6512475047869,191190,157,1,"1"
1049.3131760059568,191189,158,1,"1"
1060.9141500479946,191187,160,2,"2"
1072.9922980418708,191177,170,1,"1"
1077.1050183341424,191174,173,1,"1"
1082.306972747577,191173,174,1,"1"
1097.9157242072786,191163,184,1,"1"
1099.2532338210988,191162,185,1,"1"
1110.4408606291613,191160,187,2,"1-1"
1157.3062324879256,191142,205,1,"1"
1159.9243176239208,191141,206,1,"1"
1163.5889774823113,191140,207,1,"1"
1202.7465604828333,191139,208,1,"1"
1211.2090064247736,191138,209,1,"1"
1250.113118239517,191137,210,1,"1"
1275.0279690483842,191136,211,1,"1"
1276.0211085276078,191135,212,1,"1"
1283.4327253828628,191117,230,1,"1"
1308.643128149097,191116,231,1,"1"
1308.9064026321594,191115,232,1,"1"
1318.9231032565776,191114,233,1,"1"
1322.6586648129714,191113,234,1,"1"
1332.3233039633606,191112,235,1,"1"
1337.4237385473366,191094,253,1,"1"
1391.8345215586958,191093,254,1,"1"
1396.5561166956777,191092,255,1,"1"
1400.9142270662076,191091,256,1,"1"
1413.5594692261004,191073,274,1,"1"
1439.7102898888827,191072,275,1,"1"
1461.024241064395,191069,278,1,"1"
1476.4682948543677,191066,281,3,"3"
1477.5278175326284,191065,282,1,"1"
1481.8176051281353,191064,283,1,"1"
1486.216502538733,191063,284,1,"1"
1491.3189811852203,191062,285,1,"1"
1527.4184740355092,191061,286,1,"1"
1532.6878509075541,191043,304,1,"1"
1546.3191634345897,191042,305,1,"1"
1575.1775588699529,191041,306,1,"1"
1587.4543603837005,191023,324,1,"1"
1598.8810616901501,191005,342,1,"1"
1600.5776711023054,190987,360,1,"1"
1621.6319365283878,190986,361,1,"1"
1651.038850769939,190985,362,1,"1"
1668.7172133471779,190982,365,1,"1"
1675.3317895782814,190980,367,2,"2"
1679.4170777559034,190962,385,1,"1"
1684.3834624370986,190959,388,1,"1"
1693.8576982623333,190941,406,1,"1"
1698.5249177695009,190923,424,1,"1"
1724.0878516782561,190905,442,1,"1"
1733.707672935398,190903,444,2,"1-1"
1745.5615431631172,190902,445,1,"1"
1751.8810409037085,190884,463,1,"1"
1761.4735134979405,190882,465,2,"2"
1766.6635116556777,190879,468,1,"1"
1771.6625382427233,190878,469,1,"1"
1787.6226789940995,190875,472,1,"1"
1789.4099935889915,190874,473,1,"1"
1800.1569569485421,190873,474,1,"1"
1810.5200906202567,190872,475,1,"1"
1826.4048925641764,190862,485,1,"1"
1859.3702004687548,190861,486,1,"1"
1865.5362218944069,190860,487,1,"1"
1875.7897173188696,190857,490,3,"3"
1877.3434485379494,190856,491,1,"1"
1881.1643628801637,190854,493,2,"2"
1881.5155081826078,190853,494,1,"1"
1903.9301717929793,190847,500,2,"1-1"
1904.4733131248038,190829,518,1,"1"
1905.7127133389079,190811,536,1,"1"
1912.0178747476962,190801,546,2,"2"
1916.4051745548218,190783,564,1,"1"
1917.1210886782894,190774,573,1,"1"
1952.3426425698119,190756,591,1,"1"
1962.5757954616431,190738,609,1,"1"
1969.7856235151478,190736,611,2,"2"
1970.0420371601263,190733,614,3,"3"
1992.3528451640989,190730,617,1,"1"
1999.3046237197448,190729,618,1,"1"
2002.462117780711,190726,621,1,"1"
2019.8951125119368,190708,639,1,"1"
2038.7405607500357,190690,657,1,"1"
2043.4696292647563,190672,675,1,"1"
2044.1514723766086,190665,682,1,"1"
2064.0392181585207,190647,700,1,"1"
2077.4249153256865,190629,718,1,"1"
2078.5177392190603,190624,723,1,"1"
2084.2755216222031,190606,741,1,"1"
2126.7374961007158,190604,743,2,"2"
2154.1152476325124,190586,761,1,"1"
2189.0144240262748,190573,774,1,"1"
2193.7932403333525,190555,792,1,"1"
2199.6633050552018,190537,810,1,"1"
2204.348543413997,190525,822,1,"1"
2205.0655971691926,190513,834,1,"1"
2214.9118992542467,190495,852,1,"1"
2215.0930489616258,190475,872,2,"2"
2225.9436012894998,190472,875,1,"1"
2230.0175196578266,190454,893,1,"1"
2261.517207144283,190444,903,1,"1"
2273.8033724283428,190426,921,1,"1"
2284.9926399897313,190423,924,1,"1"
2295.1234698029598,190422,925,1,"1"
2328.4168996959006,190419,928,1,"1"
2337.5103183224123,190418,929,1,"1"
2353.4196759750985,190400,947,1,"1"
2356.4933386207745,190382,965,1,"1"
2360.3511645596136,190369,978,1,"1"
2365.6068622862344,190351,996,1,"1"
2380.0398451822416,190348,999,1,"1"
2389.1895041242947,190332,1015,1,"1"
2395.183227227003,190331,1016,1,"1"
2410.8452910673559,190329,1018,2,"2"
2443.0052867114091,190328,1019,1,"1"
2453.8290111973188,190327,1020,1,"1"
2473.464298204035,190309,1038,1,"1"
2474.6300313068955,190306,1041,3,"2-1"
2479.1447105135562,190288,1059,1,"1"
2498.8906144769039,190276,1071,1,"1"
2517.754184930568,190273,1074,1,"1"
2526.65469559652,190262,1085,1,"1"
2556.4045680495155,190261,1086,1,"1"
2588.7601828373522,190251,1096,1,"1"
2604.4091874896271,190250,1097,1,"1"
2606.0758635581929,190249,1098,1,"1"
2607.4140850415961,190246,1101,1,"1"
2612.0622031087905,190241,1106,3,"1-1-1"
2623.5443045704369,190240,1107,1,"1"
2634.8126920506947,190231,1116,1,"1"
2638.9327094826435,190219,1128,1,"1"
2652.699358867857,190201,1146,1,"1"
2655.0048272022968,190198,1149,1,"1"
2659.9849440092003,190197,1150,1,"1"
2664.8115370413025,190179,1168,1,"1"
2665.5383418859283,190161,1186,1,"1"
2683.1974284298612,190149,1198,1,"1"
2696.8058648125379,190131,1216,1,"1"
2707.7063666895683,190130,1217,1,"1"
2715.9525184293666,190126,1221,2,"1-1"
2741.2398441929395,190108,1239,1,"1"
2745.2034812619918,190105,1242,1,"1"
2746.697648972061,190100,1247,1,"1"
2759.2206064155698,190090,1257,1,"1"
2759.9005843482018,190087,1260,1,"1"
2767.8639924870145,190082,1265,1,"1"
2774.2245012280946,190070,1277,1,"1"
2785.4691545470919,190065,1282,1,"1"
2802.2238608960492,190060,1287,1,"1"
2823.814602464447,190057,1290,1,"1"
2856.7687786765537,190056,1291,1,"1"
2871.603769609253,190038,1309,1,"1"
2884.3844510454096,190020,1327,1,"1"
2925.3028706871519,190006,1341,2,"2"
2944.1094721300819,189988,1359,1,"1"
2945.0957765577409,189970,1377,1,"1"
2984.2397339652157,189969,1378,1,"1"
2996.8803371489039,189958,1389,1,"1"
3009.5519300457358,189948,1399,1,"1"
3017.572433118773,189945,1402,1,"1"
3043.4734287441925,189931,1416,1,"1"
3056.0513320718064,189913,1434,1,"1"
3087.6973805420334,189895,1452,1,"1"
3088.8022994800431,189877,1470,1,"1"
3120.6130352205391,189870,1477,1,"1"
3161.7410018576747,189860,1487,1,"1"
3181.4195437934227,189850,1497,1,"1"
3188.6272523784955,189847,1500,1,"1"
3223.4787650834969,189844,1503,1,"1"
3258.8480985384836,189823,1524,5,"4-1"
3266.1881383557929,189805,1542,1,"1"
3284.4430473742423,189787,1560,1,"1"
3308.3158021051695,189769,1578,1,"1"
3316.2961289080399,189751,1596,1,"1"
3326.1482196260031,189733,1614,1,"1"
3391.0214599440619,189715,1632,1,"1"
3416.4825889756376,189704,1643,1,"1"
3427.3624991905435,189695,1652,1,"1"
3428.5155546489837,189677,1670,1,"1"
3445.5553026071398,189659,1688,1,"1"
3479.1052073181208,189641,1706,1,"1"
3492.3486383776572,189623,1724,1,"1"
3501.741571236686,189605,1742,1,"1"
3508.7466166972713,189587,1760,1,"1"
3509.3982515501975,189584,1763,1,"1"
3512.9503207983253,189566,1781,1,"1"
3526.3534747683179,189563,1784,1,"1"
3546.2605234254606,189533,1814,4,"2-2"
3547.6966545599021,189515,1832,1,"1"
3561.1930157027923,189505,1842,1,"1"
3597.5085048047449,189487,1860,1,"1"
3605.0515634039511,189469,1878,1,"1"
3616.0981790473556,189433,1914,2,"1-1"
3632.4649417087285,189430,1917,1,"1"
3653.1768979434873,189412,1935,1,"1"
3664.8206517809967,189409,1938,1,"1"
3670.4334621822823,189391,1956,1,"1"
3687.2713401991696,189388,1959,1,"1"
3709.1143841511357,189383,1964,1,"1"
3709.5863128688125,189365,1982,1,"1"
3714.8218438710601,189360,1987,1,"1"
3716.6092052619638,189350,1997,1,"1"
3733.3761114108802,189345,2002,1,"1"
3734.8549309817104,189340,2007,1,"1"
3738.946526677566,189322,2025,1,"1"
3747.4953208523643,189304,2043,1,"1"
3752.2261520972429,189292,2055,1,"1"
3758.9106003783404,189274,2073,1,"1"
3770.0046081865385,189256,2091,1,"1"
3771.5850429271418,189253,2094,1,"1"
3772.1720899886527,189199,2148,3,"3"
3783.8280971509867,189181,2166,1,"1"
3792.3977900552914,189168,2179,1,"1"
3808.1706579650454,189139,2208,3,"2-1"
3812.9106066106424,189136,2211,1,"1"
3815.5995714636906,189126,2221,1,"1"
3824.6420754344867,189108,2239,1,"1"
3829.5178843304279,189090,2257,1,"1"
3833.4167040282405,189085,2262,1,"1"
3835.1333516600644,189067,2280,1,"1"
3845.7881557982305,189056,2291,3,"2-1"
3845.8467397712557,189051,2296,1,"1"
3850.6339519502289,189048,2299,1,"1"
3862.4317452010387,189026,2321,2,"2"
3883.6555466543327,189021,2326,1,"1"
3901.0264344892516,189003,2344,1,"1"
3909.7568918991728,189000,2347,1,"1"
3914.3296322567348,188982,2365,1,"1"
3914.9094343995512,188964,2383,1,"1"
3925.758234418447,188946,2401,1,"1"
3927.3784775817976,188928,2419,1,"1"
3933.7722804435866,188914,2433,4,"3-1"
3955.1882327774661,188896,2451,1,"1"
3978.0658160802127,188880,2467,1,"1"
4001.3150220699608,188866,2481,1,"1"
4010.405788763891,188852,2495,1,"1"
4016.7967808821904,188834,2513,1,"1"
4023.8978093303813,188802,2545,2,"1-1"
4032.7840868584699,188788,2559,1,"1"
4038.1421261109722,188763,2584,7,"3-2-2"
4044.8116794551861,188753,2594,1,"1"
4051.667606418881,188735,2612,1,"1"
4053.3822546354359,188627,2720,6,"6"
4068.4611990880849,188615,2732,1,"1"
4101.2306451382901,188612,2735,1,"1"
4109.1675096558029,188594,2753,1,"1"
4117.5792535037808,188582,2765,1,"1"
4143.3483568398515,188569,2778,1,"1"
4153.1560749033015,188513,2834,4,"3-1"
4162.3964454220659,188504,2843,1,"1"
4171.1664497375968,188486,2861,1,"1"
4185.1978781403941,188481,2866,1,"1"
4196.8023126235885,188463,2884,1,"1"
4198.6728062457705,188453,2894,2,"2"
4211.8619139445673,188435,2912,1,"1"
4213.6671729633508,188417,2930,1,"1"
4226.3874670142022,188387,2960,2,"2"
4227.2275062029821,188384,2963,1,"1"
4235.7215847097159,188372,2975,1,"1"
4240.1965945278907,188354,2993,1,"1"
4257.1949334834826,188351,2996,1,"1"
4265.427554837077,188339,3008,1,"1"
4269.3974803636056,188316,3031,3,"2-1"
4273.394433578087,188298,3049,1,"1"
4279.1355372130847,188280,3067,1,"1"
4297.899880707364,188274,3073,2,"2"
4311.8146549872072,188269,3078,1,"1"
4323.2866697801264,188251,3096,1,"1"
4328.9646635749177,188248,3099,1,"1"
4346.3457304970752,188230,3117,1,"1"
4358.2706456691922,188197,3150,2,"2"
4363.9739757919479,188180,3167,5,"2-2-1"
4371.0941409645211,188175,3172,1,"1"
4386.294559255758,188170,3177,1,"1"
4389.6965518050647,188152,3195,1,"1"
4404.9446646578363,188143,3204,3,"3"
4420.5817918646335,188140,3207,1,"1"
4432.2949113674949,188122,3225,1,"1"
4457.900578566675,188119,3228,1,"1"
4470.8576888093758,188101,3246,1,"1"
4479.5568891198336,188098,3249,1,"1"
4479.7901634275804,188080,3267,1,"1"
4494.7055444917387,188073,3274,1,"1"
4510.9850163859601,188055,3292,1,"1"
4522.8396899672834,188050,3297,1,"1"
4531.4436179028644,188032,3315,1,"1"
4531.8057887001714,187998,3349,2,"2"
4534.1385745570024,187991,3356,1,"1"
4550.9919908689662,187937,3410,3,"2-1"
4563.7507152601611,187919,3428,1,"1"
4571.6413083105272,187901,3446,1,"1"
4584.1287432646404,187883,3464,1,"1"
4594.7910786193061,187878,3469,1,"1"
4620.8181945404531,187873,3474,1,"1"
4627.3960032910936,187868,3479,1,"1"
4630.8020388448713,187850,3497,1,"1"
4636.2857840138367,187832,3515,1,"1"
4643.199397362233,187766,3581,4,"2-2"
4651.5880217151062,187748,3599,1,"1"
4652.0919225595444,187730,3617,1,"1"
4653.3730349164161,187712,3635,1,"1"
4660.7134125206512,187698,3649,1,"1"
4670.4611750034328,187691,3656,1,"1"
4686.5181720530854,187673,3674,1,"1"
4698.3317810109847,187653,3694,4,"2-2"
4701.5976775046647,187650,3697,1,"1"
4734.3010025001358,187632,3715,1,"1"
4758.0227475458578,187614,3733,1,"1"
4760.3625532053775,187588,3759,4,"3-1"
4775.1553370014844,187552,3795,3,"3"
4786.3016703892681,187534,3813,1,"1"
4811.4627057881798,187516,3831,1,"1"
4837.9294773602032,187498,3849,1,"1"
4867.0839577151155,187480,3867,1,"1"
4874.746146770588,187474,3873,2,"1-1"
4888.521929779592,187457,3890,1,"1"
4902.2930048253584,187429,3918,2,"2"
4932.8260641400138,187423,3924,2,"2"
4944.4473832136009,187420,3927,1,"1"
4946.4729162593976,187393,3954,9,"4-2-2-1"
4951.9363782788942,187369,3978,2,"2"
4952.6540459406078,187279,4068,5,"4-1"
4976.1865629064778,187276,4071,1,"1"
4990.3001710349172,187273,4074,1,"1"
4993.5788330669366,187268,4079,1,"1"
4996.6602321550345,187250,4097,1,"1"
5014.7247867576016,187236,4111,2,"1-1"
5020.2959299474742,187210,4137,4,"4"
5027.8177210680124,187192,4155,1,"1"
5031.089440444709,187180,4167,1,"1"
5065.0133676804744,187171,4176,1,"1"
5067.2724327870974,187164,4183,1,"1"
5083.5667683285646,187146,4201,1,"1"
5084.1444949228162,187128,4219,1,"1"
5088.0572761178682,187125,4222,1,"1"
5097.2851257964803,187107,4240,1,"1"
5105.5064610789614,187089,4258,1,"1"
5121.2779574802898,187080,4267,1,"1"
5137.2353424739067,187066,4281,1,"1"
5140.7274401743061,187046,4301,4,"4"
5172.3933137450576,187029,4318,1,"1"
5184.163718120777,187000,4347,5,"1-1-1-1-1"
5191.2913105928901,186982,4365,1,"1"
5193.9517917104477,186964,4383,1,"1"
5195.1037149183312,186946,4401,1,"1"
5200.9136009870845,186928,4419,1,"1"
5208.6112163354946,186910,4437,1,"1"
5232.1504971297454,186892,4455,1,"1"
5232.9062904040402,186879,4468,1,"1"
5233.0706139311915,186843,4504,2,"1-1"
5255.5441532376417,186825,4522,1,"1"
5261.1358972744629,186811,4536,1,"1"
5261.4000335208239,186793,4554,1,"1"
5280.8369738071287,186788,4559,1,"1"
5285.7898738978547,186770,4577,1,"1"
5288.4512593923146,186760,4587,1,"1"
5320.9523938847187,186742,4605,1,"1"
5326.4855158732089,186732,4615,2,"2"
5343.8261312310033,186714,4633,1,"1"
5367.508536809728,186696,4651,1,"1"
5388.0862865415356,186678,4669,1,"1"
5396.6367046157611,186662,4685,1,"1"
5397.936251796611,186640,4707,2,"2"
5439.476926594406,186628,4719,1,"1"
5440.0061156478941,186623,4724,1,"1"
5453.3292736799904,186605,4742,1,"1"
5457.1916874028893,186578,4769,2,"1-1"
5468.6753627863782,186560,4787,1,"1"
5475.5603355318872,186557,4790,1,"1"
5512.7562606290012,186513,4834,3,"2-1"
5552.2815414626511,186495,4852,1,"1"
5563.4272884443581,186477,4870,1,"1"
5577.4750117636049,186459,4888,1,"1"
5596.0094241063953,186441,4906,1,"1"
5596.6036336733423,186423,4924,1,"1"
5599.2155101031685,186405,4942,1,"1"
5628.4045188536156,186391,4956,2,"2"
5645.5954567918243,186373,4974,1,"1"
5645.8267013609811,186368,4979,1,"1"
5655.9540153341877,186276,5071,7,"4-2-1"
5659.3462091475303,186267,5080,1,"1"
5673.7166918516077,186231,5116,2,"1-1"
5678.2530504479773,186213,5134,1,"1"
5680.5993108134544,186195,5152,1,"1"
5680.6262105597052,186167,5180,4,"2-1-1"
5698.234946910261,186131,5216,2,"1-1"
5702.3025867151173,186113,5234,1,"1"
5723.1888981316715,186106,5241,1,"1"
5725.2429391310179,186088,5259,1,"1"
5727.0319568592404,186070,5277,1,"1"
5748.512309553922,186052,5295,1,"1"
5758.6554966179629,186025,5322,5,"2-2-1"
5759.3338522264867,186007,5340,1,"1"
5764.5626833146825,185983,5364,2,"1-1"
5766.6662128279686,185947,5400,2,"2"
5774.1683629402405,185929,5418,1,"1"
5774.3865772342406,185895,5452,3,"1-1-1"
5782.5384344997892,185877,5470,1,"1"
5787.2562265004681,185817,5530,5,"2-2-1"
5789.5018184871833,185799,5548,1,"1"
5803.633934085874,185781,5566,1,"1"
5810.3957679434825,185776,5571,1,"1"
5823.218146603911,185758,5589,1,"1"
5830.1114596896032,185742,5605,1,"1"
5832.2134603918021,185728,5619,2,"2"
5856.2872608356474,185700,5647,2,"1-1"
5857.6679357456496,185690,5657,2,"2"
5858.4876029652378,185672,5675,1,"1"
5873.5341491132376,185669,5678,1,"1"
5873.8056859847702,185651,5696,1,"1"
5878.735592490033,185641,5706,1,"1"
5884.2912019578444,185623,5724,1,"1"
5891.4678875765294,185605,5742,1,"1"
5900.6514542058458,185587,5760,1,"1"
5927.8340005056671,185572,5775,1,"1"
5935.9587123342535,185554,5793,1,"1"
5935.9693291156991,185534,5813,2,"2"
5954.915161587207,185516,5831,1,"1"
5985.9334219972407,185498,5849,1,"1"
5987.9217821693765,185487,5860,1,"1"
5993.821980438659,185475,5872,1,"1"
6000.5968184235335,185439,5908,2,"1-1"
6014.2625110370063,185401,5946,6,"2-1-1-1-1"
6017.6888677555371,185383,5964,1,"1"
6033.6880574744791,185369,5978,1,"1"
6034.5253597920218,185351,5996,1,"1"
6036.8446236373029,185333,6014,1,"1"
6049.1966496906698,185321,6026,1,"1"
6049.9369440925793,185285,6062,2,"1-1"
6056.9409855785098,185267,6080,1,"1"
6063.6492201151614,185249,6098,1,"1"
6064.1172122410071,185239,6108,1,"1"
6074.0641784654008,185232,6115,1,"1"
6078.2583157456947,185214,6133,1,"1"
6097.3174267813674,185160,6187,3,"2-1"
6099.356372014975,185151,6196,1,"1"
6099.7201227317482,185115,6232,2,"2"
6109.0350499401993,185097,6250,1,"1"
6119.2124590403901,185038,6309,9,"7-2"
6119.517296149209,185020,6327,1,"1"
6119.7161022210948,184983,6364,5,"2-1-1-1"
6122.4905621318794,184965,6382,1,"1"
6127.8180282248632,184947,6400,1,"1"
6131.8165353521754,184931,6416,1,"1"
6141.3722530130344,184924,6423,1,"1"
6144.5339343271862,184912,6435,1,"1"
6145.6500611235815,184907,6440,1,"1"
6148.4473721174099,184889,6458,1,"1"
6150.0657999447212,184886,6461,1,"1"
6164.2821330779834,184868,6479,1,"1"
6164.8665788754952,184850,6497,1,"1"
6188.3362223633249,184832,6515,1,"1"
6192.3008229256593,184814,6533,1,"1"
6207.8887048855095,184778,6569,2,"2"
6210.171105919273,184760,6587,1,"1"
6211.3239880548954,184731,6616,5,"3-1-1"
6229.6476811578432,184691,6656,3,"1-1-1"
6238.7554860280661,184673,6674,1,"1"
6239.4737494789306,184637,6710,2,"2"
6241.4946996670005,184619,6728,1,"1"
6245.0511749521393,184587,6760,2,"1-1"
6251.9252129703518,184577,6770,2,"1-1"
6252.7213805871761,184559,6788,1,"1"
6258.6030452310988,184552,6795,1,"1"
6261.9687550590015,184534,6813,1,"1"
6262.3769956846681,184529,6818,1,"1"
6263.9902661718816,184511,6836,1,"1"
6265.0322812451359,184501,6846,2,"2"
6272.5656818356911,184483,6864,1,"1"
6281.5546484106981,184465,6882,1,"1"
6308.3691099581711,184449,6898,1,"1"
6319.5137366328627,184431,6916,1,"1"
6344.9769919286719,184413,6934,1,"1"
6354.0324614604824,184401,6946,1,"1"
6374.7564454105413,184387,6960,2,"2"
6376.6366592994555,184333,7014,3,"3"
6379.070126450566,184319,7028,1,"1"
6410.4562586813254,184301,7046,1,"1"
6447.8757107959564,184283,7064,1,"1"
6452.5869341169673,184260,7087,3,"3"
6464.8887156078217,184206,7141,3,"2-1"
6473.4474817255614,184188,7159,1,"1"
6478.434388595917,184181,7166,1,"1"
6484.388723083207,184163,7184,1,"1"
6491.0792669211278,184145,7202,1,"1"
6494.8304017455512,184128,7219,3,"2-1"
6497.875953784076,184110,7237,1,"1"
6500.7374349336687,184092,7255,1,"1"
6509.8103140107332,184056,7291,2,"1-1"
6512.6166578665534,184038,7309,1,"1"
6533.3217531818937,184020,7327,1,"1"
6537.9131012118187,184002,7345,1,"1"
6538.5577934702997,183954,7393,4,"2-1-1"
6542.5386509188447,183936,7411,1,"1"
6553.1728190584145,183918,7429,1,"1"
6565.0497232123389,183894,7453,4,"2-2"
6576.3610566364287,183876,7471,1,"1"
6580.7495261657614,183858,7489,1,"1"
6597.3752534047808,183840,7507,1,"1"
6602.6429451929998,183822,7525,1,"1"
6604.6457518967591,183804,7543,1,"1"
6622.1589373276547,183786,7561,1,"1"
6622.7592824805843,183636,7711,18,"6-5-3-2-1-1"
6624.3845150431007,183610,7737,2,"2"
6628.7138083567579,183592,7755,1,"1"
6635.5587816708548,183556,7791,2,"2"
6638.6583516550272,183551,7796,1,"1"
6640.2375533176637,183533,7814,1,"1"
6649.5667646170723,183515,7832,1,"1"
6653.8212470049293,183497,7850,1,"1"
6669.9386926404104,183483,7864,2,"1-1"
6673.2172348051927,183445,7902,3,"3"
6673.9753222390036,183427,7920,1,"1"
6677.8109065748113,183391,7956,2,"2"
6689.5321371498703,183349,7998,3,"3"
6697.1471126046144,183335,8012,2,"2"
6699.7034727657692,183319,8028,1,"1"
6705.4369377767944,183287,8060,2,"1-1"
6706.1838023717755,183278,8069,1,"1"
6709.0377051187234,183228,8119,6,"2-2-2"
6721.8944692379555,183210,8137,1,"1"
6739.8574160316393,183203,8144,1,"1"
6744.8519393764027,183185,8162,1,"1"
6760.6956451614269,183167,8180,1,"1"
6763.0571833550257,183149,8198,1,"1"
6764.8694708975045,183131,8216,1,"1"
6765.7027085988384,183121,8226,1,"1"
6768.4642363760322,183103,8244,1,"1"
6769.2873182985804,183085,8262,1,"1"
6770.6132850387967,183067,8280,1,"1"
6776.8171836986176,183062,8285,1,"1"
6789.3039056689977,183010,8337,6,"2-1-1-1-1"
6801.6258962155889,182992,8355,1,"1"
6802.675010566888,182974,8373,1,"1"
6803.358108560069,182956,8391,1,"1"
6823.821035153318,182938,8409,1,"1"
6825.3896071903764,182920,8427,2,"2"
6843.7198696519627,182902,8445,1,"1"
6865.8926217695316,182884,8463,1,"1"
6870.2232263654278,182875,8472,1,"1"
6883.503099468523,182845,8502,3,"2-1"
6883.5735233618598,182827,8520,1,"1"
6887.7826261695982,182791,8556,2,"2"
6889.8488441343161,182751,8596,3,"1-1-1"
6919.9498788638612,182733,8614,1,"1"
6932.1103694977119,182716,8631,3,"1-1-1"
6934.7383786159144,182680,8667,2,"1-1"
6946.0017340088207,182598,8749,10,"4-2-2-2"
6954.7193758147341,182570,8777,2,"2"
6958.7485551090849,182554,8793,1,"1"
6970.044887445355,182536,8811,1,"1"
6987.6128826228405,182426,8921,7,"2-2-1-1-1"
6988.6263922649468,182412,8935,1,"1"
6991.0220329605518,182394,8953,1,"1"
6993.5714164841302,182351,8996,5,"2-1-1-1"
6994.2330065077158,182321,9026,2,"2"
6996.4850297445782,182303,9044,1,"1"
6996.8162879433858,182285,9062,1,"1"
7025.4157940035066,182278,9069,1,"1"
7039.1978980690146,182260,9087,1,"1"
7042.0366368116465,182242,9105,1,"1"
7042.174071604155,182222,9125,2,"1-1"
7046.0167190446045,182209,9138,1,"1"
7051.0260524314954,182198,9149,1,"1"
7052.6748144411567,182189,9158,1,"1"
7098.2697860565586,182171,9176,1,"1"
7102.9421450462587,182129,9218,4,"3-1"
7104.2211070008889,182111,9236,1,"1"
7113.3383086511758,182093,9254,1,"1"
7120.2307997086891,182075,9272,2,"2"
7124.66892433877,182039,9308,2,"1-1"
7132.0587744511186,182021,9326,1,"1"
7133.3960489799447,181985,9362,2,"1-1"
7138.3943979192609,181967,9380,1,"1"
7144.2038550766747,181949,9398,1,"1"
7149.1520083075229,181939,9408,1,"1"
7162.6902727707438,181921,9426,1,"1"
7184.490455012975,181905,9442,1,"1"
7192.2390404874714,181869,9478,2,"1-1"
7202.3435190864111,181817,9530,6,"4-2"
7207.4825044201798,181781,9566,2,"2"
7222.84632551512,181763,9584,1,"1"
7228.7721085502089,181745,9602,1,"1"
7256.6990169043156,181727,9620,1,"1"
7275.0780490961752,181655,9692,4,"3-1"
7285.6949644105307,181637,9710,1,"1"
7289.2972800243633,181619,9728,1,"1"
7291.2490127202282,181540,9807,11,"9-2"
7293.5073453229834,181523,9824,1,"1"
7319.0920885997275,181481,9866,3,"2-1"
7323.8106320283114,181445,9902,2,"2"
7330.9952659617556,181427,9920,1,"1"
7334.2314905301992,181332,10015,11,"4-3-2-1-1"
7339.1903186475474,181296,10051,2,"2"
7345.9234132488518,181276,10071,2,"1-1"
7355.6486585878183,181258,10089,1,"1"
7365.0265124811649,181240,10107,1,"1"
7379.3683230733295,181047,10300,20,"4-4-2-2-2-1-1-1-1-1-1"
7387.164458391635,181029,10318,1,"1"
7389.7879385888073,181014,10333,1,"1"
7392.3860556784484,181007,10340,1,"1"
7397.9887359539853,180993,10354,1,"1"
7401.6098008455465,180975,10372,1,"1"
7415.6760344529948,180957,10390,1,"1"
7416.1512070431636,180851,10496,12,"5-2-2-1-1-1"
7418.0542537896135,180833,10514,1,"1"
7429.9202993685522,180797,10550,2,"1-1"
7431.998004795918,180779,10568,1,"1"
7432.8839566846982,180761,10586,1,"1"
7433.3000063413992,180743,10604,2,"1-1"
7435.7017366350001,180725,10622,1,"1"
7442.6353371646255,180553,10794,13,"3-2-2-2-1-1-1-1"
7447.9992655855185,180536,10811,1,"1"
7451.170637886089,180508,10839,2,"2"
7457.814686886556,180481,10866,2,"2"
7481.9743383173318,180463,10884,1,"1"
7482.3997163883532,180453,10894,1,"1"
7485.1341713256925,180435,10912,1,"1"
7492.2087980883825,180417,10930,1,"1"
7492.5862774519046,179913,11434,35,"5-5-3-3-2-2-2-2-1-1-1-1-1-1-1-1-1-1-1"
7493.7972537414871,179830,11517,9,"3-2-2-1-1"
7498.3135227879029,179812,11535,1,"1"
7500.2128432145591,179786,11561,2,"2"
7500.6427760758561,179768,11579,1,"1"
7510.9073208570262,179750,11597,1,"1"
7515.9708351998788,179732,11615,1,"1"
7521.8913500555982,179684,11663,4,"3-1"
7522.0114356234462,179666,11681,1,"1"
7535.769613487194,179648,11699,1,"1"
7536.7412289785507,179630,11717,1,"1"
7536.7784645999036,179612,11735,1,"1"
7542.5429191122412,179558,11789,3,"2-1"
7543.5595967641966,179522,11825,3,"3"
7546.8054944000642,179028,12319,36,"6-4-4-3-2-2-2-1-1-1-1-1-1-1-1-1-1-1-1-1"
7557.3868723922596,179010,12337,1,"1"
7572.5920745943959,179005,12342,1,"1"
7572.6911391915355,178987,12360,1,"1"
7581.4713939208732,178939,12408,3,"1-1-1"
7598.1702419368467,178921,12426,1,"1"
7603.5848614426359,178903,12444,1,"1"
7607.2007881542031,178849,12498,3,"1-1-1"
7609.3569711543078,178813,12534,2,"1-1"
7627.398506284736,178795,12552,1,"1"
7638.7611562459069,178781,12566,1,"1"
7646.3039044587704,178699,12648,6,"3-2-1"
7650.0630442764741,178681,12666,1,"1"
7658.5669503669096,178663,12684,1,"1"
7669.8906297664053,178645,12702,1,"1"
7675.8596649760666,178635,12712,1,"1"
7679.7163897846522,178617,12730,1,"1"
7686.2257859516267,178599,12748,1,"1"
7693.8559218846412,178581,12766,1,"1"
7710.4873315211935,178565,12782,1,"1"
7712.1209340388214,178547,12800,1,"1"
7717.6540310465043,178511,12836,2,"1-1"
7720.383017460108,178409,12938,9,"3-1-1-1-1-1-1"
7730.2588891913747,178235,13112,12,"2-2-2-2-1-1-1-1"
7730.9858473853137,178217,13130,1,"1"
7748.6194577575961,178177,13170,3,"3"
7759.8360699150153,178159,13188,1,"1"
7762.5056543552755,178048,13299,15,"4-4-2-1-1-1-1-1"
7764.358188636571,177987,13360,5,"3-2"
7767.5962140789034,177969,13378,1,"1"
7771.5877204343133,177955,13392,1,"1"
7771.6659783697651,177948,13399,1,"1"
7775.9539691817545,177894,13453,5,"5"
7787.4806970812597,177866,13481,2,"2"
7790.7508655517322,177848,13499,1,"1"
7796.9012516519388,177838,13509,1,"1"
7803.6617988814842,177766,13581,4,"2-1-1"
7822.8370388217563,177748,13599,1,"1"
7827.0855449374621,177730,13617,1,"1"
7830.1064106324775,177718,13629,1,"1"
7831.6156941087829,177665,13682,5,"4-1"
7848.3711673481248,177598,13749,6,"2-1-1-1-1"
7851.7262171820848,177580,13767,1,"1"
7859.3724647688814,177544,13803,2,"2"
7862.8683175599444,177526,13821,1,"1"
7864.0471665853984,177490,13857,2,"2"
7864.3443284011137,177454,13893,4,"2-1-1"
7864.7658392514413,177382,13965,4,"1-1-1-1"
7868.3844796371159,177364,13983,1,"1"
7876.3118891398763,177346,14001,1,"1"
7879.7759972056037,0,191347,10027,"10027"
----------------------------------------------6
0,191347,0,0,"0"
207.24548968655429,191346,1,1,"1"
228.79310017818241,191328,19,1,"1"
249.90947994676128,191325,22,1,"1"
369.65184566263412,191315,32,1,"1"
496.92421658289686,191314,33,1,"1"
501.08867807879432,191313,34,1,"1"
547.65276191526016,191312,35,1,"1"
548.32267565276345,191311,36,1,"1"
567.58343058149615,191310,37,1,"1"
579.31524190997777,191305,42,1,"1"
612.03211795136906,191304,43,1,"1"
631.82115182687619,191292,55,1,"1"
663.90296830887951,191291,56,1,"1"
720.80921344103388,191290,57,1,"1"
749.33073020662948,191272,75,1,"1"
761.86622758949807,191270,77,2,"2"
846.49056003270255,191269,78,1,"1"
891.11499679658118,191268,79,1,"1"
896.86324552913891,191250,97,1,"1"
910.27885206838073,191249,98,1,"1"
927.5513676638484,191248,99,1,"1"
974.4847561456578,191230,117,1,"1"
979.29655569100521,191227,120,1,"1"
981.28574504532298,191209,138,1,"1"
982.48476294125794,191208,139,1,"1"
997.97729105375288,191207,140,1,"1"
1001.77850467926,191189,158,1,"1"
1007.4051405978676,191188,159,1,"1"
1024.4619710993616,191184,163,2,"2"
1055.7426335125335,191183,164,1,"1"
1069.3399760869274,191182,165,1,"1"
1079.8386185078959,191181,166,1,"1"
1082.3551278091661,191168,179,1,"1"
1120.9660647501994,191150,197,1,"1"
1154.2655209710792,191149,198,1,"1"
1157.3663942314924,191148,199,1,"1"
1164.0449281770468,191147,200,1,"1"
1188.6907299373049,191145,202,2,"2"
1190.7535998970736,191144,203,1,"1"
1231.138165111538,191134,213,1,"1"
1273.3864782535691,191131,216,1,"1"
1276.0666751538984,191130,217,1,"1"
1282.4846646424355,191112,235,1,"1"
1284.1618922710175,191094,253,1,"1"
1309.3755834926749,191076,271,1,"1"
1322.6269544039799,191073,274,1,"1"
1326.0408109222642,191072,275,1,"1"
1341.2617080002756,191054,293,1,"1"
1345.4645100187347,191045,302,1,"1"
1372.5227786637788,191044,303,1,"1"
1374.3939015022931,191026,321,1,"1"
1377.7906020714984,191023,324,1,"1"
1389.590365144875,191022,325,1,"1"
1407.7909608063901,191004,343,1,"1"
1429.1227360641037,191003,344,1,"1"
1470.3216404287014,191000,347,1,"1"
1471.2285127537245,190999,348,1,"1"
1487.6980103985425,190997,350,2,"2"
1496.37376376362,190979,368,1,"1"
1507.4255978587723,190965,382,1,"1"
1511.0839466718226,190962,385,1,"1"
1523.3742520061414,190959,388,1,"1"
1531.7085098640421,190958,389,1,"1"
1562.5664181793231,190940,407,1,"1"
1564.7535239360502,190936,411,4,"4"
1595.2416215509272,190935,412,1,"1"
1619.7337436999007,190934,413,1,"1"
1629.7999625684029,190930,417,4,"3-1"
1637.4750945348471,190929,418,1,"1"
1660.4015933392086,190911,436,1,"1"
1660.9668375520246,190908,439,1,"1"
1666.7553678235263,190905,442,1,"1"
1671.4635801597294,190901,446,4,"4"
1690.2843919413508,190883,464,1,"1"
1694.54326584763,190881,466,2,"1-1"
1718.5687622124019,190863,484,1,"1"
1718.9012219262265,190845,502,1,"1"
1741.0987571866622,190827,520,1,"1"
1757.4796815853831,190826,521,1,"1"
1757.7409312643285,190819,528,1,"1"
1759.7124476227411,190818,529,1,"1"
1764.9058310668199,190815,532,1,"1"
1772.8795301148764,190797,550,1,"1"
1784.7945916422123,190796,551,1,"1"
1802.1964899519239,190795,552,1,"1"
1809.3424187517742,190794,553,1,"1"
1830.1519723139816,190793,554,1,"1"
1836.6588798132509,190792,555,1,"1"
1841.8316939608894,190791,556,1,"1"
1843.7249083678098,190789,558,2,"1-1"
1848.3933730157344,190788,559,1,"1"
1851.4816392587582,190770,577,1,"1"
1854.93023617885,190752,595,1,"1"
1857.041088438365,190751,596,1,"1"
1859.1312918922631,190750,597,1,"1"
1873.0664721256449,190748,599,2,"2"
1873.4966036157425,190745,602,1,"1"
1897.1340369925661,190742,605,1,"1"
1965.0441189669154,190741,606,1,"1"
1972.8869953056878,190723,624,1,"1"
1974.8465759133296,190705,642,1,"1"
2014.5440259636789,190687,660,1,"1"
2028.1175174305715,190677,670,1,"1"
2039.2022351143419,190670,677,1,"1"
2074.645426850183,190667,680,1,"1"
2085.4949596249808,190664,683,1,"1"
2086.025116104413,190646,701,1,"1"
2105.2665195629024,190644,703,2,"1-1"
2123.5474182866051,190626,721,1,"1"
2160.5956735891764,190624,723,2,"2"
2181.8238216766831,190606,741,1,"1"
2187.9062763774205,190601,746,1,"1"
2189.698354781538,190598,749,3,"3"
2247.4555972926578,190597,750,1,"1"
2251.7906997010641,190579,768,1,"1"
2253.7345491858014,190578,769,1,"1"
2266.4441629074199,190575,772,1,"1"
2279.9934901954753,190572,775,3,"3"
2296.3179936463557,190558,789,1,"1"
2314.6989808023172,190552,795,4,"3-1"
2315.3330319490196,190549,798,1,"1"
2338.5691564657709,190531,816,1,"1"
2365.1998622918659,190525,822,2,"1-1"
2367.5220336648504,190524,823,1,"1"
2390.6613926099253,190517,830,1,"1"
2396.4501000043733,190499,848,1,"1"
2405.5555397663788,190498,849,1,"1"
2418.9619519641874,190491,856,1,"1"
2421.5995249104717,190490,857,1,"1"
2425.7872119812318,190489,858,1,"1"
2441.4496954202923,190471,876,1,"1"
2442.4540447456197,190453,894,1,"1"
2443.7619722082381,190435,912,1,"1"
2457.4708848782043,190434,913,1,"1"
2460.1168241520709,190416,931,1,"1"
2464.3435003542913,190415,932,1,"1"
2464.5127101725197,190414,933,1,"1"
2468.5274183402294,190409,938,1,"1"
2492.7124630296253,190407,940,2,"2"
2502.851845191763,190406,941,1,"1"
2538.0143376020224,190394,953,1,"1"
2541.8077991867276,190286,1061,6,"4-1-1"
2566.986530737573,190279,1068,1,"1"
2603.4773041072126,190274,1073,1,"1"
2608.9077914198838,190256,1091,1,"1"
2612.796745001493,190255,1092,1,"1"
2621.5592933048338,190250,1097,1,"1"
2627.888323080942,190248,1099,2,"2"
2631.0268803430085,190230,1117,1,"1"
2661.0784010308676,190229,1118,1,"1"
2667.9453955253312,190227,1120,2,"1-1"
2670.177118210459,190226,1121,1,"1"
2671.7868357306211,190208,1139,1,"1"
2720.9228258424846,190205,1142,1,"1"
2722.6371636016925,190204,1143,1,"1"
2749.0415349673431,190186,1161,1,"1"
2757.939410900402,190176,1171,1,"1"
2764.511365405227,190166,1181,2,"1-1"
2766.8912827433819,190149,1198,1,"1"
2772.0712988765622,190143,1204,2,"2"
2773.8030801264481,190140,1207,1,"1"
2779.6143704058354,190137,1210,1,"1"
2788.2458501135798,190119,1228,1,"1"
2793.9301025100913,190101,1246,1,"1"
2810.8284384345698,190083,1264,1,"1"
2816.6052190927858,190072,1275,1,"1"
2828.6960096653379,190054,1293,1,"1"
2842.1593810603631,190036,1311,1,"1"
2854.6305327582631,190018,1329,4,"2-1-1"
2857.3134138074211,190015,1332,1,"1"
2864.892150000629,190012,1335,1,"1"
2866.0096511036336,190009,1338,1,"1"
2881.2227723899628,190006,1341,1,"1"
2898.2424048240582,189988,1359,1,"1"
2949.0330124791103,189970,1377,1,"1"
2966.5080497346253,189962,1385,2,"1-1"
2969.9107837870779,189959,1388,1,"1"
2970.5683702901306,189941,1406,1,"1"
2979.9703791508769,189938,1409,1,"1"
2991.418450217308,189920,1427,1,"1"
3000.9975276927516,189892,1455,2,"1-1"
3043.0294826537011,189887,1460,1,"1"
3078.4533912372608,189869,1478,1,"1"
3130.909845618809,189859,1488,2,"2"
3138.5968954645173,189841,1506,1,"1"
3144.3886908645718,189840,1507,1,"1"
3149.4071569488751,189834,1513,2,"1-1"
3167.7492676075581,189816,1531,1,"1"
3189.6532129580096,189798,1549,1,"1"
3194.6395845735397,189795,1552,1,"1"
3207.742816506905,189777,1570,1,"1"
3207.942039315551,189765,1582,1,"1"
3209.7130797853665,189747,1600,1,"1"
3211.8505859665675,189725,1622,4,"3-1"
3219.9969567443836,189707,1640,1,"1"
3233.8263513954362,189697,1650,1,"1"
3238.4288479102911,189661,1686,2,"2"
3282.2526293416754,189641,1706,2,"2"
3283.8584674702179,189623,1724,1,"1"
3287.3566433302231,189605,1742,1,"1"
3288.6218239230875,189587,1760,1,"1"
3307.4640673878516,189569,1778,1,"1"
3317.382214359965,189551,1796,1,"1"
3328.7540204093234,189533,1814,1,"1"
3337.9584714933753,189532,1815,1,"1"
3343.7961665297516,189529,1818,1,"1"
3353.6499278492861,189479,1868,3,"2-1"
3359.5367573843346,189461,1886,1,"1"
3395.0579979806498,189445,1902,2,"1-1"
3405.9301870479508,189435,1912,1,"1"
3417.641463724869,189430,1917,1,"1"
3419.5522212790856,189412,1935,1,"1"
3423.6971600705524,189409,1938,1,"1"
3433.044706278934,189391,1956,1,"1"
3447.5438135493559,189385,1962,2,"2"
3456.6012359412885,189367,1980,1,"1"
3463.9944445659457,189362,1985,1,"1"
3478.7960679102694,189359,1988,1,"1"
3495.9357466750043,189352,1995,1,"1"
3525.4963372359134,189334,2013,1,"1"
3530.4177426626043,189316,2031,1,"1"
3537.9201269442688,189298,2049,1,"1"
3544.0217808030357,189283,2064,3,"2-1"
3564.9542615911032,189267,2080,1,"1"
3581.8490084140535,189249,2098,1,"1"
3582.6662227519037,189239,2108,1,"1"
3614.1583224453361,189221,2126,1,"1"
3627.1684004591466,189209,2138,1,"1"
3655.1604355301233,189204,2143,1,"1"
3658.0487161702149,189189,2158,5,"2-2-1"
3678.6561624215465,189175,2172,2,"2"
3679.5810223624721,189157,2190,1,"1"
3693.4668397596129,189139,2208,1,"1"
3696.9960348766426,189132,2215,1,"1"
3711.5798988004585,189114,2233,1,"1"
3723.6996983280551,189096,2251,1,"1"
3725.3802361248281,189078,2269,1,"1"
3733.4719183398756,189066,2281,1,"1"
3740.156436614523,189054,2293,1,"1"
3745.5185900996985,189036,2311,1,"1"
3746.5964342016759,189018,2329,1,"1"
3756.1326882618609,189015,2332,1,"1"
3766.9394158403525,188999,2348,1,"1"
3772.305450233498,188981,2366,1,"1"
3788.5717639492291,188969,2378,1,"1"
3815.791854340961,188951,2396,1,"1"
3820.5891911195358,188933,2414,1,"1"
3821.9615378125391,188928,2419,1,"1"
3829.9973338523346,188925,2422,1,"1"
3837.8697475468812,188907,2440,1,"1"
3865.26449028349,188889,2458,1,"1"
3865.5920468082318,188875,2472,2,"2"
3894.0789001090825,188857,2490,1,"1"
3902.5670882436102,188839,2508,1,"1"
3902.8143548212379,188821,2526,1,"1"
3907.0089353435014,188818,2529,1,"1"
3915.6003783042402,188800,2547,1,"1"
3920.1996478846108,188782,2565,1,"1"
3947.3314116298334,188773,2574,1,"1"
3956.2182186962027,188755,2592,1,"1"
3956.5389298446044,188737,2610,1,"1"
3956.9022148332674,188727,2620,1,"1"
3963.0094560496027,188717,2630,1,"1"
3966.5103002735705,188711,2636,2,"2"
3973.3648291423183,188693,2654,1,"1"
3975.576132564117,188675,2672,1,"1"
3978.2192997671682,188656,2691,3,"3"
3983.3259960827522,188638,2709,1,"1"
3990.9096167475309,188604,2743,2,"2"
3997.7010632207762,188599,2748,1,"1"
4002.9975451656642,188589,2758,1,"1"
4009.146104322725,188584,2763,1,"1"
4031.2153761903573,188566,2781,1,"1"
4031.2300803300218,188548,2799,1,"1"
4038.9012921388335,188530,2817,1,"1"
4042.8106089784519,188512,2835,1,"1"
4046.9011484571565,188509,2838,1,"1"
4049.8901838261886,188499,2848,1,"1"
4060.2729829274535,188481,2866,1,"1"
4067.8563572418448,188455,2892,4,"3-1"
4074.8119729019077,188437,2910,1,"1"
4096.4209295927039,188432,2915,1,"1"
4114.4593591613711,188414,2933,1,"1"
4114.8080796335853,188386,2961,4,"2-1-1"
4137.9914437063098,188383,2964,1,"1"
4140.0124500018128,188378,2969,1,"1"
4153.0613561007831,188360,2987,1,"1"
4162.4059303842942,188353,2994,1,"1"
4172.2414540926402,188335,3012,1,"1"
4190.8520513603862,188324,3023,1,"1"
4202.7795311887749,188321,3026,1,"1"
4203.5410007635282,188301,3046,2,"1-1"
4211.5836418587842,188285,3062,1,"1"
4218.1047527056508,188269,3078,2,"2"
4220.3104984589199,188251,3096,1,"1"
4239.2798892071041,188233,3114,1,"1"
4245.6951130168873,188215,3132,1,"1"
4274.0581438463405,188212,3135,1,"1"
4309.2322527982342,188192,3155,2,"2"
4320.0963697357847,188189,3158,1,"1"
4326.4876170806438,188171,3176,1,"1"
4336.531037247024,188162,3185,3,"2-1"
4352.32815588429,188156,3191,2,"2"
4354.1267734364128,188138,3209,1,"1"
4366.1859258398654,188122,3225,4,"4"
4403.1262939088519,188119,3228,1,"1"
4440.1259299157791,188116,3231,1,"1"
4441.4005571556991,188109,3238,1,"1"
4455.2206715016728,188106,3241,1,"1"
4481.5835930363446,188103,3244,1,"1"
4482.2907443860722,188085,3262,1,"1"
4489.264712160294,188067,3280,1,"1"
4490.7681835498779,188064,3283,1,"1"
4491.5704653733455,188028,3319,2,"1-1"
4507.3962204667951,188019,3328,3,"3"
4509.3899589341872,188001,3346,1,"1"
4509.4508294657271,187983,3364,1,"1"
4513.0111777906941,187965,3382,1,"1"
4520.3461847161807,187947,3400,1,"1"
4522.7116290831664,187940,3407,1,"1"
4535.7601986456766,187904,3443,2,"2"
4548.4925764540885,187886,3461,1,"1"
4550.6639687680881,187868,3479,1,"1"
4564.1427274290836,187851,3496,3,"2-1"
4593.7619452982171,187835,3512,1,"1"
4622.9358046520192,187817,3530,1,"1"
4631.993569684535,187745,3602,6,"2-2-1-1"
4642.3889314552307,187727,3620,1,"1"
4643.5290099853601,187709,3638,1,"1"
4660.5297176765444,187674,3673,7,"4-1-1-1"
4667.6445705887654,187656,3691,1,"1"
4668.5228186811364,187638,3709,1,"1"
4671.7769967846962,187628,3719,1,"1"
4673.1289497440921,187610,3737,1,"1"
4680.0259251417183,187597,3750,1,"1"
4688.8434779278841,187586,3761,1,"1"
4731.6603751157782,187583,3764,1,"1"
4737.8541398079151,187580,3767,1,"1"
4756.8574495807425,187558,3789,2,"2"
4835.8705013445815,187540,3807,1,"1"
4839.506715839213,187522,3825,1,"1"
4846.5003681094613,187504,3843,1,"1"
4847.1860100290241,187498,3849,2,"2"
4849.0681764956444,187481,3866,5,"3-1-1"
4853.6226854042407,187407,3940,6,"3-2-1"
4863.7063852858582,187389,3958,1,"1"
4867.6288519593027,187353,3994,2,"1-1"
4877.2771896313316,187335,4012,1,"1"
4909.8957422815092,187314,4033,5,"2-1-1-1"
4914.3217447525049,187283,4064,3,"1-1-1"
4921.7603591671177,187265,4082,1,"1"
4924.4514554581538,187247,4100,1,"1"
4925.0751957500443,187244,4103,1,"1"
4928.172074296911,187241,4106,1,"1"
4969.3465274127821,187222,4125,3,"2-1"
4981.0463047828825,187212,4135,1,"1"
4982.3210854498748,187176,4171,2,"2"
5002.1212808899409,187158,4189,1,"1"
5006.7118364953994,187147,4200,1,"1"
5008.3688992621264,187135,4212,1,"1"
5035.9092521326183,187119,4228,1,"1"
5040.1021034607184,187101,4246,1,"1"
5041.1127194018209,187096,4251,1,"1"
5044.868736259863,187078,4269,1,"1"
5060.4369795140137,187060,4287,1,"1"
5064.27017006613,187046,4301,2,"2"
5074.0481212010818,187019,4328,3,"2-1"
5091.7937397957894,187007,4340,1,"1"
5096.3126317335918,186997,4350,1,"1"
5098.210896408159,186987,4360,2,"1-1"
5102.8641309678605,186969,4378,1,"1"
5106.2367616936554,186954,4393,3,"3"
5109.7333751325841,186936,4411,1,"1"
5112.8207067871999,186918,4429,1,"1"
5130.1467873390347,186902,4445,1,"1"
5146.2187808116441,186884,4463,1,"1"
5150.3292647083244,186870,4477,1,"1"
5153.4890401239627,186853,4494,1,"1"
5168.9195220712036,186835,4512,1,"1"
5190.6370365182447,186825,4522,1,"1"
5201.1422255483903,186812,4535,1,"1"
5211.8049720309682,186794,4553,1,"1"
5214.1999310397814,186776,4571,1,"1"
5218.4542632876191,186762,4585,1,"1"
5221.7046408326078,186755,4592,1,"1"
5223.1100465362224,186743,4604,1,"1"
5228.8039938442207,186740,4607,1,"1"
5246.6798222251164,186722,4625,1,"1"
5263.7717635893059,186719,4628,1,"1"
5266.8471387303262,186701,4646,1,"1"
5268.2425280929638,186683,4664,1,"1"
5269.1243625553689,186629,4718,3,"3"
5282.882431649763,186624,4723,1,"1"
5320.6768435068307,186595,4752,3,"2-1"
5330.6533468133521,186577,4770,1,"1"
5334.4087358060851,186559,4788,1,"1"
5347.1287091551521,186536,4811,3,"3"
5360.2918341019722,186500,4847,2,"2"
5373.6328943284389,186482,4865,1,"1"
5375.5073136343053,186464,4883,1,"1"
5375.9586371831729,186408,4939,4,"2-1-1"
5390.3944295179153,186390,4957,1,"1"
5391.3524511283504,186387,4960,1,"1"
5406.4921476245372,186377,4970,1,"1"
5426.8298575553381,186273,5074,8,"4-2-1-1"
5430.1488876653284,186255,5092,1,"1"
5437.0632051787643,186237,5110,1,"1"
5440.3154545337238,186219,5128,1,"1"
5442.8845311139876,186209,5138,2,"2"
5500.4381021070503,186199,5148,2,"2"
5517.4859283636879,186181,5166,1,"1"
5540.4461821798268,186163,5184,1,"1"
5541.8286500594741,186145,5202,1,"1"
5548.5979227592579,186123,5224,2,"2"
5548.8019710442395,186113,5234,1,"1"
5553.1649909721755,186095,5252,1,"1"
5555.2132680736968,186085,5262,2,"2"
5555.288136560036,186075,5272,2,"2"
5569.8216601696085,186055,5292,2,"1-1"
5583.6274833485686,186038,5309,1,"1"
5595.1897272040123,186020,5327,1,"1"
5601.6577639026627,186002,5345,1,"1"
5606.5388798479134,185984,5363,1,"1"
5608.3751008153567,185966,5381,1,"1"
5618.8014438561959,185952,5395,1,"1"
5619.0481706064302,185934,5413,1,"1"
5632.0233174328423,185916,5431,1,"1"
5641.330275394711,185898,5449,1,"1"
5646.7208799226464,185880,5467,1,"1"
5658.9899917420726,185862,5485,1,"1"
5685.6421501343993,185855,5492,1,"1"
5695.6014861709782,185848,5499,1,"1"
5700.0734276706853,185830,5517,1,"1"
5712.8085414344096,185825,5522,1,"1"
5713.6000423451678,185813,5534,1,"1"
5721.6188140121694,185795,5552,1,"1"
5725.429845210143,185790,5557,1,"1"
5726.407410702599,185754,5593,2,"2"
5735.1460128503049,185688,5659,7,"3-2-1-1"
5736.052079020581,185670,5677,1,"1"
5749.1242533931063,185634,5713,2,"2"
5754.9698196868421,185616,5731,1,"1"
5761.6907323086698,185609,5738,1,"1"
5762.9826840415308,185591,5756,1,"1"
5765.9009866058586,185583,5764,2,"2"
5774.6679146256856,185547,5800,2,"2"
5797.7087887694233,185529,5818,1,"1"
5809.1503039237605,185526,5821,1,"1"
5809.249546621445,185516,5831,1,"1"
5814.9832809043655,185498,5849,1,"1"
5819.9939244056432,185489,5858,1,"1"
5823.5156959299366,185471,5876,1,"1"
5837.8894211961133,185453,5894,1,"1"
5844.4094843341527,185446,5901,1,"1"
5845.5551041085946,185443,5904,1,"1"
5857.4851078152433,185427,5920,2,"1-1"
5860.3850402056314,185409,5938,1,"1"
5870.3112648441511,185391,5956,1,"1"
5873.9033251742903,185382,5965,1,"1"
5875.6858366458846,185364,5983,1,"1"
5877.4544117038067,185346,6001,1,"1"
5881.3162048683171,185328,6019,1,"1"
5884.4014090550781,185315,6032,1,"1"
5907.8210187763134,185297,6050,1,"1"
5912.945281557516,185265,6082,3,"3"
5924.493924645506,185247,6100,1,"1"
5924.7877920962637,185229,6118,1,"1"
5925.4780285246188,185219,6128,1,"1"
5952.8869789644414,185216,6131,1,"1"
5953.5439217869607,185202,6145,1,"1"
5964.8706422117175,185184,6163,1,"1"
5978.8884968926568,185172,6175,4,"2-1-1"
5994.4639518773056,185154,6193,1,"1"
5995.6309244177546,185142,6205,1,"1"
6014.2198491462395,185124,6223,1,"1"
6024.5806200297311,185106,6241,1,"1"
6027.3167557331672,185090,6257,1,"1"
6042.5842314649844,185076,6271,2,"2"
6044.6092941583447,185058,6289,1,"1"
6056.2798869839935,185040,6307,1,"1"
6060.4606769990996,185004,6343,2,"2"
6064.360327555939,184986,6361,1,"1"
6090.0253328973895,184910,6437,10,"4-3-1-1-1"
6096.8031396657007,184900,6447,1,"1"
6101.4653926962037,184888,6459,1,"1"
6108.8869052249438,184870,6477,1,"1"
6132.7467664302676,184859,6488,1,"1"
6134.6287952560524,184841,6506,1,"1"
6144.5771212612053,184829,6518,1,"1"
6145.0236038821085,184819,6528,2,"2"
6150.6112258313069,184812,6535,1,"1"
6168.5171966121079,184794,6553,1,"1"
6171.275070469057,184784,6563,1,"1"
6182.1235459808349,184766,6581,1,"1"
6206.7118267431833,184757,6590,1,"1"
6211.5153987260401,184739,6608,1,"1"
6225.599928236802,184721,6626,1,"1"
6241.0194646246837,184714,6633,1,"1"
6277.1348970632907,184678,6669,2,"2"
6278.8128656386125,184650,6697,2,"2"
6279.7302618361418,184600,6747,4,"1-1-1-1"
6281.622156922559,184582,6765,1,"1"
6289.8252015832059,184546,6801,2,"1-1"
6300.6190618657956,184541,6806,1,"1"
6300.8238355978283,184528,6819,1,"1"
6302.7501972139671,184510,6837,1,"1"
6307.7008442058659,184492,6855,1,"1"
6310.4303413604403,184456,6891,2,"1-1"
6312.4134190343484,184438,6909,1,"1"
6314.2753826407834,184420,6927,1,"1"
6322.0359631914334,184395,6952,3,"2-1"
6329.328682695962,184377,6970,1,"1"
6344.4652456875947,184359,6988,1,"1"
6346.2957935653158,184354,6993,1,"1"
6366.9146230566457,184336,7011,1,"1"
6366.9342377329021,184300,7047,2,"2"
6368.1898264947886,184282,7065,1,"1"
6373.1350407797199,184264,7083,1,"1"
6374.996942589858,184246,7101,1,"1"
6380.1633978721793,184228,7119,1,"1"
6380.6573934858961,184214,7133,2,"2"
6387.500446626289,184204,7143,1,"1"
6396.0922581877412,184190,7157,1,"1"
6406.0867678153481,184187,7160,1,"1"
6407.8320771544359,184175,7172,1,"1"
6409.6329937026194,184157,7190,1,"1"
6418.9819003273551,184125,7222,2,"1-1"
6442.739641741171,183921,7426,15,"5-3-2-2-1-1-1"
6445.3641603368314,183903,7444,1,"1"
6458.4701826489772,183867,7480,2,"2"
6464.5103414748592,183849,7498,1,"1"
6478.6160404341445,183811,7536,3,"3"
6479.4019837884844,183793,7554,1,"1"
6480.2067145746432,183722,7625,11,"4-2-2-1-1-1"
6487.8801418821877,183704,7643,1,"1"
6488.0731404306971,183686,7661,1,"1"
6500.9793184292039,183677,7670,1,"1"
6512.2008021618658,183641,7706,2,"2"
6515.0222106099236,183623,7724,1,"1"
6521.9170313429768,183605,7742,1,"1"
6529.9397253725692,183533,7814,8,"3-2-1-1-1"
6535.2030858803637,183528,7819,1,"1"
6537.6861683640464,183512,7835,1,"1"
6539.2024066786535,183494,7853,1,"1"
6542.1153150987693,183463,7884,3,"1-1-1"
6545.5068076521811,183454,7893,1,"1"
6548.7411632219828,183444,7903,2,"1-1"
6565.6071880136878,183437,7910,1,"1"
6566.5118055891262,183419,7928,1,"1"
6571.4799506614581,183410,7937,1,"1"
6587.1466301489709,183392,7955,1,"1"
6589.4515385563836,183374,7973,1,"1"
6590.7715059801631,183356,7991,1,"1"
6591.1555572838934,183320,8027,2,"2"
6600.3566776637881,183291,8056,2,"2"
6603.5729996590971,183275,8072,1,"1"
6612.5418653141505,183257,8090,1,"1"
6618.6800758357049,183233,8114,2,"2"
6630.8748013243548,183215,8132,1,"1"
6634.1301487682231,183197,8150,1,"1"
6651.1722356941082,183179,8168,1,"1"
6651.2504466022438,183161,8186,1,"1"
6663.5606899701424,183144,8203,1,"1"
6678.4623590008587,183126,8221,1,"1"
6687.2088645645581,183108,8239,1,"1"
6689.8113732978163,183090,8257,1,"1"
6692.7515948284636,183078,8269,1,"1"
6693.6471530407316,183060,8287,1,"1"
6697.5120887580715,183044,8303,1,"1"
6700.2607964471554,183026,8321,1,"1"
6715.0876764734412,183008,8339,1,"1"
6730.3596107800777,182990,8357,1,"1"
6737.3271650241277,182978,8369,1,"1"
6739.8411735179006,182960,8387,1,"1"
6765.5463520008243,182942,8405,1,"1"
6768.8244272780184,182924,8423,1,"1"
6774.7064210838644,182919,8428,1,"1"
6779.8150895587823,182883,8464,2,"2"
6782.3078839111758,182878,8469,1,"1"
6810.1528006671415,182838,8509,3,"1-1-1"
6814.7044357805398,182833,8514,1,"1"
6817.7090071268176,182815,8532,1,"1"
6823.9474238056237,182797,8550,1,"1"
6831.7956877888873,182779,8568,1,"1"
6833.4102129984021,182761,8586,1,"1"
6837.2950336507893,182743,8604,1,"1"
6840.0312778114076,182661,8686,6,"3-2-1"
6859.0684788452791,182649,8698,1,"1"
6882.0366386468313,182631,8716,1,"1"
6894.1961406585742,182595,8752,2,"1-1"
6903.3469163933678,182577,8770,1,"1"
6910.8654150185421,182559,8788,1,"1"
6911.7441678859504,182541,8806,1,"1"
6917.5899920972161,182523,8824,1,"1"
6918.5715550323848,182145,9202,21,"21"
6920.9992404099621,182127,9220,1,"1"
6922.9262888546828,182122,9225,1,"1"
6933.5543744205434,182104,9243,1,"1"
6934.0272369947925,182092,9255,1,"1"
6944.903877811973,182074,9273,1,"1"
6948.6168353353596,182056,9291,1,"1"
6948.7016752440277,182008,9339,4,"2-2"
6958.1679318410525,181990,9357,1,"1"
6963.4408566225266,181916,9431,5,"2-1-1-1"
6964.5755533319552,181898,9449,1,"1"
6968.0751371644174,181888,9459,1,"1"
7004.4218707741293,181876,9471,1,"1"
7004.9641079821877,181858,9489,1,"1"
7006.5670392090697,181840,9507,1,"1"
7014.4751247589638,181833,9514,1,"1"
7026.6056436155695,181806,9541,2,"1-1"
7039.9321049740183,181788,9559,1,"1"
7040.4247191328659,181752,9595,2,"1-1"
7048.2924697025592,181742,9605,1,"1"
7052.3395055024366,181706,9641,2,"2"
7054.1396462712764,181688,9659,1,"1"
7056.7058124295881,181670,9677,1,"1"
7073.0040906718123,181652,9695,1,"1"
7073.4589429773705,181634,9713,1,"1"
7097.5705129036278,181554,9793,6,"3-1-1-1"
7100.274405217232,181536,9811,1,"1"
7103.5991209501017,181518,9829,1,"1"
7106.1942505134493,181513,9834,1,"1"
7117.0561046854118,181495,9852,1,"1"
7121.5596256187901,181477,9870,1,"1"
7144.1862806404897,181441,9906,2,"2"
7167.0431785781957,181428,9919,1,"1"
7173.7482809633684,181410,9937,1,"1"
7180.6925652730315,181374,9973,2,"2"
7187.8441837977962,181338,10009,2,"1-1"
7190.9029251786278,181320,10027,1,"1"
7196.504921155798,181282,10065,3,"3"
7204.4426627764378,181257,10090,3,"3"
7207.5961014101113,181239,10108,1,"1"
7219.3062615592135,181221,10126,1,"1"
7234.2080455974356,181203,10144,1,"1"
7239.6352251097296,181198,10149,1,"1"
7241.834049192199,181144,10203,3,"2-1"
7246.4185384431485,181126,10221,1,"1"
7249.2033686807072,181090,10257,2,"1-1"
7251.2743572625959,181072,10275,1,"1"
7255.6363742929216,181054,10293,1,"1"
7258.6865759444854,181036,10311,1,"1"
7259.7541075295503,180972,10375,4,"4"
7266.2961014553821,180958,10389,1,"1"
7271.3248425773181,180922,10425,2,"2"
7283.2364385465962,180909,10438,1,"1"
7289.7961643365843,180896,10451,1,"1"
7320.0020663785408,180878,10469,1,"1"
7339.8683519228161,180860,10487,1,"1"
7340.5630663398579,180842,10505,1,"1"
7342.6974727429106,180819,10528,3,"3"
7353.4460614224827,180805,10542,1,"1"
7366.9351625937024,180779,10568,2,"2"
7367.0553002802935,180761,10586,1,"1"
7373.6503291710624,180756,10591,1,"1"
7377.0154947379733,180740,10607,1,"1"
7397.0451916999891,180731,10616,1,"1"
7403.7261978129654,180713,10634,1,"1"
7409.4379832009281,180695,10652,1,"1"
7415.7499152493465,180533,10814,12,"3-3-1-1-1-1-1-1"
7417.244894686427,180515,10832,1,"1"
7421.9871112750816,180504,10843,1,"1"
7429.5342063612161,180493,10854,1,"1"
7430.646232861639,180475,10872,1,"1"
7442.3270358881537,180457,10890,1,"1"
7443.1206242461058,180439,10908,1,"1"
7449.7979675662309,180421,10926,1,"1"
7451.3983798455056,180393,10954,2,"2"
7452.0467481241494,180375,10972,1,"1"
7455.643139634175,180352,10995,3,"3"
7455.842164642786,180334,11013,1,"1"
7460.9377873307567,180280,11067,3,"3"
7461.3529700075178,180262,11085,1,"1"
7467.0764374903529,180244,11103,1,"1"
7475.0450049903138,180227,11120,3,"3"
7480.2596436821104,180213,11134,2,"2"
7505.948046635619,180159,11188,4,"2-1-1"
7506.9220618289582,180137,11210,2,"1-1"
7511.5747926543945,180119,11228,1,"1"
7514.7736713384065,180101,11246,1,"1"
7522.2738740856348,0,191347,10257,"10257"
----------------------------------------------7
0,191347,0,0,"0"
118.48236441093722,191346,1,1,"1"
174.70296004136139,191343,4,1,"1"
222.49490213793305,191342,5,1,"1"
224.5110988924682,191341,6,1,"1"
226.99884896044671,191340,7,1,"1"
317.68798333716882,191339,8,1,"1"
433.49748008381744,191321,26,1,"1"
439.79636783625233,191318,29,1,"1"
444.82155289015265,191317,30,1,"1"
483.36932750555007,191316,31,1,"1"
492.57590499887181,191315,32,1,"1"
521.90834873118729,191314,33,1,"1"
523.8628936790991,191313,34,1,"1"
589.2677674349153,191312,35,1,"1"
619.75867207926876,191294,53,1,"1"
668.83655303354328,191291,56,1,"1"
701.81557757454959,191290,57,1,"1"
752.37113320686262,191289,58,1,"1"
765.83144723026112,191287,60,2,"2"
796.00947930368875,191286,61,1,"1"
863.48247174575079,191285,62,1,"1"
865.48790479221998,191267,80,1,"1"
887.60090779259133,191249,98,1,"1"
896.54864678944182,191242,105,1,"1"
899.79591042045843,191239,108,1,"1"
900.39968207964989,191238,109,1,"1"
926.60752778930396,191237,110,1,"1"
939.3210624321664,191236,111,1,"1"
980.26216177628737,191235,112,1,"1"
1004.1689032666631,191217,130,1,"1"
1024.6442902910642,191216,131,1,"1"
1025.5750853771744,191206,141,1,"1"
1088.7214914586673,191203,144,3,"2-1"
1097.0645529406177,191190,157,1,"1"
1103.0452928470672,191189,158,1,"1"
1115.2804428995171,191179,168,1,"1"
1127.3127597524167,191178,169,1,"1"
1144.1455080553785,191176,171,2,"2"
1148.4286591089358,191175,172,1,"1"
1154.8816988628139,191163,184,4,"4"
1252.1748807159995,191160,187,3,"3"
1259.5571373713599,191158,189,2,"2"
1285.956977134982,191157,190,1,"1"
1294.5890896933822,191139,208,1,"1"
1324.6175853864606,191132,215,1,"1"
1331.1479634710604,191131,216,1,"1"
1334.570754385403,191122,225,1,"1"
1370.6134309444703,191121,226,1,"1"
1380.6114791512678,191120,227,1,"1"
1389.0499147416383,191119,228,1,"1"
1408.9432203113283,191101,246,1,"1"
1425.3827061351128,191100,247,1,"1"
1461.9194778014989,191099,248,1,"1"
1469.8103682486685,191098,249,1,"1"
1479.1433038080188,191091,256,1,"1"
1528.119172632282,191080,267,1,"1"
1536.2903248516395,191062,285,1,"1"
1540.9762192962567,191044,303,1,"1"
1571.5281659411144,191026,321,1,"1"
1578.4392592009351,191025,322,1,"1"
1580.0591813388035,191022,325,1,"1"
1585.108848896444,191021,326,1,"1"
1585.998342845777,191019,328,2,"2"
1598.3911734701455,191016,331,1,"1"
1600.6458861164722,191013,334,1,"1"
1618.8495091220868,191001,346,1,"1"
1623.7943497619738,190983,364,1,"1"
1632.2803001924017,190965,382,1,"1"
1640.8015535748652,190964,383,1,"1"
1648.3831002864674,190952,395,1,"1"
1650.2193424733962,190949,398,1,"1"
1666.4823423154717,190931,416,1,"1"
1667.2344161858241,190921,426,2,"2"
1671.9444350333099,190918,429,1,"1"
1687.2517048471682,190917,430,1,"1"
1693.3521598794543,190915,432,2,"1-1"
1697.0720469795144,190914,433,1,"1"
1715.9947908081133,190913,434,1,"1"
1725.436405938897,190895,452,1,"1"
1748.3953586808777,190894,453,1,"1"
1753.1276904111355,190889,458,1,"1"
1753.2992575088431,190886,461,3,"2-1"
1754.6765967038493,190884,463,2,"1-1"
1755.224894677026,190883,464,1,"1"
1778.2389247076167,190873,474,2,"2"
1779.0337678141182,190855,492,1,"1"
1801.2756415666734,190837,510,1,"1"
1817.2633474269633,190825,522,1,"1"
1857.0024891726589,190824,523,1,"1"
1886.5443332918128,190806,541,1,"1"
1887.7479061952899,190788,559,1,"1"
1890.8950336731446,190770,577,1,"1"
1906.3175032600172,190769,578,1,"1"
1908.4044341335759,190767,580,2,"2"
1914.0822905528271,190764,583,1,"1"
1917.8419890946311,190763,584,1,"1"
1937.1471306573417,190762,585,1,"1"
1961.3985286547068,190748,599,1,"1"
1980.45568731406,190745,602,3,"3"
1990.4404575560452,190742,605,1,"1"
1997.7709242789188,190741,606,1,"1"
2013.7528565367779,190738,609,1,"1"
2022.5456665583072,190726,621,1,"1"
2027.6037344567501,190723,624,3,"3"
2033.6368446378149,190705,642,1,"1"
2064.2013466129188,190703,644,2,"1-1"
2083.8972698035691,190700,647,3,"3"
2086.3278886921016,190695,652,3,"2-1"
2092.9496011847164,190677,670,1,"1"
2095.9025582184672,190659,688,1,"1"
2115.980888398371,190646,701,1,"1"
2139.9984923227271,190643,704,3,"3"
2167.8953669074431,190642,705,1,"1"
2168.6593535952584,190640,707,2,"2"
2181.371964920851,190622,725,1,"1"
2181.4521118911825,190612,735,1,"1"
2182.4613750916578,190594,753,1,"1"
2186.1252854736508,190593,754,1,"1"
2187.755769589342,190590,757,1,"1"
2190.8010380153573,190583,764,1,"1"
2215.5205278794665,190573,774,2,"2"
2248.3526866292932,190555,792,1,"1"
2249.8479511684054,190544,803,3,"3"
2256.5297597488002,190526,821,1,"1"
2275.8007510310072,190525,822,1,"1"
2280.9374493758328,190522,825,1,"1"
2284.4268703268108,190521,826,1,"1"
2285.4610362067301,190520,827,1,"1"
2302.7944101298258,190502,845,1,"1"
2307.7547863493587,190499,848,1,"1"
2316.1366550258203,190481,866,1,"1"
2326.547829236536,190465,882,1,"1"
2333.5359213017368,190462,885,1,"1"
2343.6876927674307,190461,886,1,"1"
2347.2831075453059,190443,904,1,"1"
2359.6220398241408,190438,909,1,"1"
2363.2036694897365,190420,927,1,"1"
2363.5550264366229,190410,937,1,"1"
2394.350374287591,190392,955,1,"1"
2400.8683272781846,190374,973,1,"1"
2428.1858179795031,190373,974,1,"1"
2431.9493747490151,190355,992,1,"1"
2447.8632400072206,190354,993,1,"1"
2452.0635855314954,190347,1000,1,"1"
2470.2992959991257,190344,1003,1,"1"
2482.2305472070152,190337,1010,1,"1"
2485.7901609738765,190327,1020,1,"1"
2491.5683741855114,190326,1021,1,"1"
2495.1073590470414,190324,1023,2,"2"
2544.8158388400134,190314,1033,1,"1"
2554.1725306248836,190313,1034,1,"1"
2560.0899068178078,190295,1052,1,"1"
2566.6771134419891,190294,1053,1,"1"
2580.4944397658805,190291,1056,1,"1"
2590.7044425341487,190290,1057,1,"1"
2602.2258250149271,190276,1071,1,"1"
2616.1110371688692,190258,1089,1,"1"
2619.3288923291821,190242,1105,4,"3-1"
2654.2346508512123,190241,1106,1,"1"
2685.6330906944145,190231,1116,1,"1"
2779.7462970260199,190213,1134,1,"1"
2788.6173070439286,190208,1139,1,"1"
2795.8940094212508,190205,1142,1,"1"
2823.7242110292282,190202,1145,1,"1"
2834.5360559603655,190185,1162,1,"1"
2836.9106688219667,190167,1180,1,"1"
2838.7261865079299,190149,1198,1,"1"
2844.3326119490125,190146,1201,1,"1"
2871.1967928462186,190128,1219,1,"1"
2875.7268795386672,190123,1224,1,"1"
2876.2441976077425,190118,1229,1,"1"
2891.7399341553137,190100,1247,1,"1"
2896.8228061837272,190082,1265,1,"1"
2910.854270718628,190077,1270,1,"1"
2915.2518123536574,190059,1288,1,"1"
2932.699385797122,190054,1293,1,"1"
2949.2855353261916,190052,1295,2,"2"
2978.7516059849854,190034,1313,1,"1"
2996.7416604035066,190016,1331,1,"1"
3014.0964165523787,189998,1349,1,"1"
3020.3817311488915,189988,1359,2,"2"
3024.4670648036386,189985,1362,1,"1"
3029.1503040135708,189967,1380,1,"1"
3041.2155461172274,189949,1398,1,"1"
3043.2825212046,189939,1408,2,"2"
3045.0411786069944,189921,1426,1,"1"
3061.3123752133133,189903,1444,1,"1"
3072.5435987089786,189885,1462,1,"1"
3089.8668519212451,189880,1467,1,"1"
3099.2911301384343,189862,1485,1,"1"
3107.4611755854457,189850,1497,1,"1"
3128.3857272190544,189832,1515,1,"1"
3181.3468513393213,189796,1551,2,"1-1"
3189.2852168269942,189778,1569,1,"1"
3189.9285180024053,189772,1575,2,"2"
3190.9159488600408,189754,1593,1,"1"
3220.7390082227962,189734,1613,4,"2-1-1"
3229.5161599390735,189729,1618,1,"1"
3270.8942950803207,189711,1636,1,"1"
3275.3324546214549,189693,1654,1,"1"
3278.7253719870023,189690,1657,1,"1"
3308.8496107671858,189672,1675,1,"1"
3321.7715332649709,189654,1693,1,"1"
3332.8020137086573,189642,1705,1,"1"
3351.0410053337191,189624,1723,1,"1"
3354.5530778892976,189615,1732,1,"1"
3373.5093236722651,189600,1747,1,"1"
3382.213702472734,189595,1752,1,"1"
3382.7401332040463,189588,1759,1,"1"
3388.3206053001613,189587,1760,1,"1"
3392.4157537099554,189584,1763,1,"1"
3400.6126965381022,189569,1778,3,"3"
3404.2521574956709,189566,1781,1,"1"
3409.6143379468649,189548,1799,1,"1"
3422.6362323595908,189530,1817,1,"1"
3436.2383503085812,189505,1842,5,"3-1-1"
3455.633339679554,189502,1845,1,"1"
3464.5623437936551,189493,1854,1,"1"
3466.3166070775642,189486,1861,1,"1"
3469.7005905043329,189483,1864,1,"1"
3470.2756709281302,189465,1882,1,"1"
3481.314056850832,189447,1900,1,"1"
3496.4745415944749,189429,1918,1,"1"
3500.7545785677548,189411,1936,1,"1"
3509.3469365284482,189375,1972,2,"1-1"
3512.3004288721636,189372,1975,1,"1"
3523.0075873769229,189354,1993,1,"1"
3534.0184578645176,189336,2011,1,"1"
3539.0580650802053,189329,2018,1,"1"
3561.8745040200879,189319,2028,1,"1"
3571.7307850629727,189301,2046,1,"1"
3587.8925874447027,189289,2058,1,"1"
3604.7343009011083,189272,2075,3,"2-1"
3605.5337274817875,189254,2093,1,"1"
3630.772952700444,189240,2107,2,"1-1"
3653.8128856970752,189222,2125,1,"1"
3655.3079331654708,189208,2139,2,"2"
3663.6873305459476,189192,2155,1,"1"
3671.1371628758393,189178,2169,2,"1-1"
3687.6206931274969,189172,2175,2,"2"
3688.5285808848607,189154,2193,1,"1"
3696.8571878253542,189136,2211,1,"1"
3725.5843249306199,189100,2247,2,"2"
3729.0076180996221,189097,2250,1,"1"
3743.0251630167586,189094,2253,1,"1"
3744.401803898149,189076,2271,1,"1"
3782.9262965577068,189058,2289,1,"1"
3786.9178154994365,189037,2310,3,"3"
3791.9381054642663,189019,2328,1,"1"
3820.6984779876243,189016,2331,1,"1"
3840.1586364513928,189009,2338,1,"1"
3841.7645357705251,188991,2356,1,"1"
3853.5963383185704,188969,2378,2,"1-1"
3860.2323126798146,188966,2381,1,"1"
3864.94114409446,188948,2399,1,"1"
3865.4794169807042,188896,2451,10,"5-4-1"
3867.1975245447493,188886,2461,1,"1"
3868.1881651454792,188883,2464,1,"1"
3903.5033963947008,188865,2482,1,"1"
3923.1982356483504,188855,2492,1,"1"
3924.130596306089,188837,2510,1,"1"
3930.8179064783244,188819,2528,1,"1"
3941.8568419462299,188816,2531,1,"1"
3944.1923406919946,188798,2549,1,"1"
3971.2160571011982,188793,2554,1,"1"
4021.282628193575,188765,2582,6,"4-1-1"
4029.8473267969985,188747,2600,1,"1"
4039.24532735004,188729,2618,1,"1"
4058.0738779625253,188711,2636,1,"1"
4062.693577561779,188704,2643,1,"1"
4064.1658633543125,188701,2646,1,"1"
4073.6040831934733,188696,2651,1,"1"
4085.8506915297535,188678,2669,1,"1"
4090.9911822172148,188672,2675,2,"2"
4091.4178186232875,188660,2687,1,"1"
4112.5252340749357,188642,2705,1,"1"
4138.9875692992728,188624,2723,1,"1"
4141.0923506705003,188570,2777,5,"5"
4147.5295535755731,188567,2780,1,"1"
4162.3156107116802,188564,2783,1,"1"
4191.6564736627624,188551,2796,3,"3"
4224.7805893669238,188537,2810,1,"1"
4241.7580767998497,188515,2832,4,"3-1"
4262.1415074132537,188487,2860,8,"3-2-1-1-1"
4279.6323278429099,188476,2871,1,"1"
4285.9829830321742,188458,2889,1,"1"
4291.0847962061807,188449,2898,1,"1"
4299.1203077308091,188438,2909,1,"1"
4313.750668492552,188372,2975,10,"4-4-1-1"
4316.3174030597029,188367,2980,1,"1"
4334.6598559046543,188349,2998,1,"1"
4370.1236529741163,188344,3003,1,"1"
4379.3057081408842,188334,3013,1,"1"
4388.4970891664479,188329,3018,1,"1"
4394.5430369980695,188311,3036,1,"1"
4413.3464971523654,188285,3062,2,"1-1"
4419.789811154963,188275,3072,1,"1"
4421.2286225054559,188243,3104,3,"1-1-1"
4478.384809194793,188225,3122,1,"1"
4490.8897667960427,188222,3125,1,"1"
4507.3067605044698,188216,3131,2,"1-1"
4540.73038942728,188213,3134,1,"1"
4544.0159653456194,188195,3152,1,"1"
4545.5950474063447,188177,3170,1,"1"
4552.4186921717064,188174,3173,1,"1"
4554.4603342367864,188156,3191,1,"1"
4565.4053690592464,188138,3209,1,"1"
4570.0241518665025,188120,3227,1,"1"
4589.1361835600028,188102,3245,1,"1"
4605.1923925253677,188060,3287,3,"1-1-1"
4635.4387301925508,188042,3305,1,"1"
4656.2234483600541,188024,3323,1,"1"
4658.2448117101603,188006,3341,1,"1"
4678.9656222852727,187989,3358,3,"2-1"
4687.7924072702481,187975,3372,1,"1"
4695.9312556192053,187957,3390,1,"1"
4738.123345774572,187939,3408,1,"1"
4749.877242210101,187921,3426,1,"1"
4757.5794992490555,187915,3432,2,"2"
4762.8530388081408,187912,3435,1,"1"
4788.911939382554,187900,3447,1,"1"
4791.4815199016957,187889,3458,1,"1"
4801.8307159496399,187853,3494,2,"2"
4803.5638828573974,187841,3506,1,"1"
4804.1197288222675,187783,3564,5,"4-1"
4822.498643143239,187765,3582,1,"1"
4823.0927607937792,187751,3596,2,"1-1"
4825.2355274603196,187748,3599,1,"1"
4825.8569760870623,187736,3611,1,"1"
4843.8106699201189,187718,3629,1,"1"
4850.2574435756433,187700,3647,1,"1"
4851.2315280555476,187690,3657,2,"2"
4860.8101849500981,187672,3675,1,"1"
4869.8034505055539,187654,3693,1,"1"
4873.8334954599759,187651,3696,1,"1"
4898.0344748393773,187633,3714,1,"1"
4909.1532445084631,187606,3741,2,"1-1"
4946.149361120104,187594,3753,2,"1-1"
4966.7028274096447,187576,3771,1,"1"
4969.7204378445122,187560,3787,1,"1"
4971.9324835158468,187553,3794,1,"1"
4980.2741640608374,187537,3810,1,"1"
4987.6023757953808,187525,3822,1,"1"
4991.7956659217352,187520,3827,1,"1"
4992.9282951653204,187509,3838,1,"1"
5002.1051353543517,187473,3874,2,"2"
5031.6227423490782,187464,3883,3,"3"
5041.6225509161568,187446,3901,1,"1"
5044.6124622409798,187428,3919,1,"1"
5045.2204046652359,187421,3926,1,"1"
5048.3456390280753,187416,3931,1,"1"
5061.9448798136655,187405,3942,1,"1"
5064.1520425367044,187400,3947,1,"1"
5076.1288985223446,187395,3952,1,"1"
5105.9573592699289,187388,3959,1,"1"
5110.3998531987354,187370,3977,1,"1"
5113.9419416015317,187360,3987,1,"1"
5118.2289371294282,187342,4005,1,"1"
5122.9510805352265,187324,4023,1,"1"
5126.3542941129572,187311,4036,3,"3"
5139.1163687653152,187293,4054,1,"1"
5143.4526949120218,187281,4066,1,"1"
5155.3082108393583,187271,4076,2,"2"
5160.3571320785795,187265,4082,2,"2"
5160.8915740582524,187247,4100,1,"1"
5173.9364336994295,187229,4118,1,"1"
5177.3455593171348,187214,4133,5,"4-1"
5178.9884738530127,187196,4151,1,"1"
5187.4485858214193,187187,4160,1,"1"
5197.0571935314611,187173,4174,2,"2"
5204.636954767584,187141,4206,3,"1-1-1"
5218.0339182250491,187136,4211,1,"1"
5239.0549923918798,187121,4226,3,"1-1-1"
5239.1618866517874,187110,4237,1,"1"
5239.2815013828777,187080,4267,3,"1-1-1"
5244.9417550946391,187062,4285,1,"1"
5247.1667256119754,187033,4314,3,"1-1-1"
5262.4355124041858,187024,4323,1,"1"
5268.9518541279949,187019,4328,1,"1"
5272.2481059851862,187007,4340,1,"1"
5274.1626051354033,187000,4347,1,"1"
5285.7156362543137,186984,4363,1,"1"
5293.1948873254987,186930,4417,3,"2-1"
5293.2533456292786,186894,4453,2,"1-1"
5301.4329177600548,186872,4475,4,"3-1"
5304.2158608678556,186858,4489,2,"2"
5304.4189081343884,186840,4507,1,"1"
5308.7463445958265,186822,4525,1,"1"
5322.5398441897851,186804,4543,1,"1"
5327.6802930334261,186786,4561,1,"1"
5348.9521113251712,186768,4579,1,"1"
5356.9987873371401,186761,4586,1,"1"
5359.1463425450083,186741,4606,2,"2"
5375.7893972975971,186723,4624,1,"1"
5379.5431312929213,186712,4635,1,"1"
5395.2576650613901,186694,4653,1,"1"
5404.1892907320062,186676,4671,1,"1"
5423.2460998920033,186658,4689,1,"1"
5423.8553328468042,186640,4707,1,"1"
5427.0614198372677,186631,4716,1,"1"
5429.5894732906791,186603,4744,2,"2"
5446.0206129026683,186585,4762,1,"1"
5457.1619544763298,186567,4780,1,"1"
5462.3442213095259,186549,4798,1,"1"
5467.2308686055867,186518,4829,3,"3"
5490.5393879606363,186500,4847,1,"1"
5499.43909331739,186446,4901,3,"3"
5525.4361165581558,186428,4919,1,"1"
5530.6633108592423,186392,4955,2,"2"
5531.118353191815,186374,4973,1,"1"
5536.6969200094754,186369,4978,1,"1"
5560.2155060470204,186359,4988,1,"1"
5585.4204763260213,186354,4993,1,"1"
5586.2861779813638,186318,5029,2,"2"
5601.611575240232,186156,5191,9,"7-1-1"
5607.663598019848,186138,5209,1,"1"
5637.0459053944442,186120,5227,1,"1"
5638.2122058179912,186102,5245,1,"1"
5654.6317165691653,186084,5263,1,"1"
5659.296977084653,186072,5275,4,"3-1"
5659.6743153228072,186047,5300,3,"3"
5662.9183398011774,185981,5366,8,"3-2-2-1"
5664.9815250675265,185957,5390,2,"2"
5675.6804876740207,185954,5393,1,"1"
5678.9339055149849,185936,5411,1,"1"
5680.7428641150937,185918,5429,1,"1"
5685.0579432940785,185900,5447,1,"1"
5710.2145689181525,185882,5465,1,"1"
5710.4669700038894,185877,5470,1,"1"
5725.6499526105517,185863,5484,1,"1"
5744.4132733547594,185856,5491,1,"1"
5761.8492946596798,185838,5509,1,"1"
5767.9932981040647,185820,5527,1,"1"
5778.2956712252444,185809,5538,1,"1"
5792.546125700399,185791,5556,1,"1"
5796.836620946432,185773,5574,1,"1"
5823.35300419542,185759,5588,1,"1"
5827.8152836696427,185741,5606,1,"1"
5828.4487536661318,185736,5611,1,"1"
5838.9789451975448,185733,5614,1,"1"
5847.5481681629526,185713,5634,2,"1-1"
5855.1268621344889,185701,5646,2,"2"
5856.6388257737481,185691,5656,1,"1"
5872.1436043862304,185673,5674,1,"1"
5875.5567622338358,185668,5679,1,"1"
5877.2754688205086,185650,5697,1,"1"
5895.2798770762556,185542,5805,6,"4-2"
5899.4890635344254,185524,5823,1,"1"
5922.7146432522413,185506,5841,1,"1"
5924.0505898618467,185488,5859,1,"1"
5928.5877525865935,185470,5877,1,"1"
5929.1805274992585,185434,5913,2,"1-1"
5962.2749214036467,185374,5973,4,"1-1-1-1"
5983.9998195866528,185356,5991,1,"1"
5987.8193173660002,185347,6000,1,"1"
6009.0302978522241,185329,6018,1,"1"
6018.1937213514893,185311,6036,1,"1"
6022.7585372146395,185271,6076,3,"2-1"
6028.0192729900673,185253,6094,1,"1"
6028.8981430335789,185235,6112,1,"1"
6029.0523647573918,185217,6130,1,"1"
6037.6441569946919,185181,6166,2,"2"
6039.3130210635945,185172,6175,1,"1"
6040.8695942326831,185154,6193,1,"1"
6040.9566922915737,185136,6211,1,"1"
6041.2644662151006,185123,6224,1,"1"
6057.3802346335979,185105,6242,1,"1"
6075.1824229493486,185087,6260,1,"1"
6076.7188250712234,185069,6278,1,"1"
6081.9970656067198,185051,6296,1,"1"
6102.3642722313552,185042,6305,1,"1"
6105.3655579115748,185030,6317,2,"1-1"
6106.3083016416549,185018,6329,1,"1"
6116.0805236760089,185009,6338,1,"1"
6122.2759118051026,184991,6356,1,"1"
6122.7037518833058,184973,6374,1,"1"
6132.5434800989779,184955,6392,1,"1"
6150.0997799188308,184919,6428,2,"2"
6175.4820374927722,184912,6435,1,"1"
6187.6604691182847,184894,6453,1,"1"
6188.3593424620412,184864,6483,4,"2-1-1"
6204.2690909186886,184846,6501,1,"1"
6214.2867151199207,184841,6506,1,"1"
6219.2477681991768,184823,6524,1,"1"
6230.6697062333969,184797,6550,2,"2"
6231.5723468720034,184787,6560,2,"2"
6233.2443474535212,184769,6578,1,"1"
6237.8391412951005,184762,6585,1,"1"
6248.3171331413741,184750,6597,1,"1"
6250.7981398659012,184246,7101,28,"22-1-1-1-1-1-1"
6254.5524664313916,184228,7119,1,"1"
6256.8951066051441,184210,7137,1,"1"
6260.711611568845,184192,7155,1,"1"
6265.5608019431429,184183,7164,1,"1"
6275.1532962247456,184124,7223,6,"2-2-1-1"
6284.0021231817364,184096,7251,2,"1-1"
6286.0658960626724,184078,7269,1,"1"
6290.67861514367,184069,7278,1,"1"
6292.818333558529,184051,7296,1,"1"
6295.2029172302573,184033,7314,1,"1"
6301.2584324376721,184015,7332,1,"1"
6303.8264838026371,183997,7350,1,"1"
6305.6716942395306,183979,7368,1,"1"
6308.2399169529917,183943,7404,2,"2"
6316.7144911378273,183925,7422,1,"1"
6337.3873553861195,183871,7476,4,"4"
6345.8158534011345,183862,7485,1,"1"
6347.7159013275987,183844,7503,1,"1"
6354.7776422587413,183826,7521,1,"1"
6357.154963025393,183815,7532,1,"1"
6359.301940331321,183797,7550,1,"1"
6360.8835732357156,183779,7568,1,"1"
6362.1696324265777,183761,7586,1,"1"
6363.6287537880007,183633,7714,9,"3-2-2-2"
6367.8185965913162,183603,7744,4,"2-1-1"
6375.4757990851867,183585,7762,1,"1"
6385.4581640182278,183576,7771,1,"1"
6410.0789813597894,183558,7789,1,"1"
6412.6495707405284,183540,7807,1,"1"
6420.8431627509499,183526,7821,1,"1"
6432.5289758816507,183508,7839,1,"1"
6433.2880850923493,183496,7851,1,"1"
6433.3950237690051,183487,7860,1,"1"
6433.4962801968604,183469,7878,2,"2"
6448.2531480142507,183451,7896,1,"1"
6449.0192577415191,183433,7914,1,"1"
6453.9440312712368,183421,7926,1,"1"
6455.0555554083057,183403,7944,1,"1"
6460.3401405454588,183375,7972,2,"2"
6475.5724799957297,183367,7980,2,"1-1"
6476.5677348947193,183349,7998,1,"1"
6490.1390768738966,183335,8012,2,"1-1"
6490.537502682937,183317,8030,1,"1"
6509.0823887280267,183281,8066,2,"1-1"
6540.2418878379249,183270,8077,1,"1"
6548.4667350239424,183252,8095,1,"1"
6566.9554811747448,183225,8122,3,"3"
6573.8266712575241,183207,8140,1,"1"
6581.8350220597804,183189,8158,1,"1"
6592.0119004833423,183171,8176,1,"1"
6592.2208684327334,183155,8192,1,"1"
6594.4661074239975,183137,8210,1,"1"
6595.3837769691072,183113,8234,2,"2"
6597.1800769727615,183095,8252,1,"1"
6598.3294640892982,183077,8270,1,"1"
6603.5510137500487,183053,8294,2,"1-1"
6618.7651673406972,183035,8312,1,"1"
6629.613270787836,183017,8330,1,"1"
6632.0438736140468,182978,8369,5,"3-2"
6643.9198830019577,182942,8405,3,"2-1"
6645.9831823683007,182932,8415,1,"1"
6654.7835337189881,182923,8424,1,"1"
6656.2214566356442,182905,8442,1,"1"
6657.3308456353689,182887,8460,1,"1"
6659.3959762684235,182869,8478,1,"1"
6665.0302279825573,182851,8496,1,"1"
6668.2869660945626,182833,8514,1,"1"
6669.7719544810407,182635,8712,22,"4-3-2-2-2-2-1-1-1-1-1-1-1"
6680.5678531379599,182617,8730,1,"1"
6688.1625670698413,182610,8737,1,"1"
6696.972350744807,182540,8807,5,"3-2"
6719.4091897131166,182522,8825,1,"1"
6720.4872679580858,182506,8841,1,"1"
6722.9072563909913,182488,8859,1,"1"
6727.7987448541471,182470,8877,1,"1"
6729.8080022673385,182452,8895,1,"1"
6734.6523487768445,182438,8909,1,"1"
6744.8888170980172,182420,8927,1,"1"
6753.2874578876699,182396,8951,2,"1-1"
6766.7656706176504,182360,8987,2,"1-1"
6768.1864237195796,182342,9005,1,"1"
6772.9999241234755,182324,9023,1,"1"
6774.7105046166007,182216,9131,6,"5-1"
6788.496024097356,182198,9149,1,"1"
6793.661458915607,182180,9167,1,"1"
6802.6838952897597,182162,9185,1,"1"
6803.4117608085426,182151,9196,1,"1"
6807.9994802036381,182133,9214,1,"1"
6820.1180525430318,182128,9219,1,"1"
6821.5935696657953,182123,9224,1,"1"
6838.9261359242682,182105,9242,1,"1"
6842.0509515202111,182087,9260,1,"1"
6861.0404347273625,182069,9278,1,"1"
6866.8210660558843,182033,9314,2,"1-1"
6869.8472447782488,181995,9352,3,"3"
6882.2475899544779,181977,9370,1,"1"
6885.9632785503927,181959,9388,1,"1"
6886.479217348473,181933,9414,4,"3-1"
6895.7534624435939,181915,9432,2,"2"
6897.7217409418436,181897,9450,1,"1"
6909.8517271225401,181846,9501,7,"5-1-1"
6925.1646964815991,181828,9519,1,"1"
6926.8348447228955,181810,9537,1,"1"
6932.3919525467918,181774,9573,2,"2"
6933.5784260657547,181756,9591,1,"1"
6940.2749484892429,181738,9609,1,"1"
6940.2817635934443,181716,9631,2,"2"
6942.5260289978378,181698,9649,2,"1-1"
6944.9288883818963,181680,9667,1,"1"
6951.7347226936945,181662,9685,1,"1"
6953.3203983872163,181644,9703,1,"1"
6957.0332065546208,181617,9730,3,"3"
6958.6773373695851,181599,9748,1,"1"
6961.0843363904396,181563,9784,2,"2"
6962.3543021582072,181553,9794,2,"2"
6965.0350990812922,181523,9824,2,"2"
6987.528824014471,181505,9842,1,"1"
7001.9333694900333,181487,9860,1,"1"
7012.6623757880998,181482,9865,1,"1"
7021.566671415394,181464,9883,1,"1"
7022.4924196762995,181446,9901,1,"1"
7030.7722984028051,181428,9919,1,"1"
7031.3026116260235,181410,9937,1,"1"
7049.8648830290749,181392,9955,1,"1"
7056.520285273813,181374,9973,1,"1"
7066.1839224852756,181363,9984,1,"1"
7081.4870696218195,181345,10002,1,"1"
7082.8318938218963,181327,10020,1,"1"
7085.5539489579787,181309,10038,1,"1"
7107.7584919904484,181273,10074,2,"2"
7111.7818363810429,181185,10162,10,"4-2-2-1-1"
7118.7711020842717,181171,10176,2,"2"
7122.8186754721028,181153,10194,1,"1"
7126.1925332717474,181117,10230,2,"2"
7126.3109391077587,181099,10248,1,"1"
7132.374246927322,181063,10284,2,"2"
7141.6650548293064,181045,10302,1,"1"
7143.6567799881259,181013,10334,4,"3-1"
7158.5234458024224,180977,10370,2,"2"
7171.1612700420192,180959,10388,1,"1"
7176.887895306867,180941,10406,1,"1"
7184.9524339159689,180931,10416,1,"1"
7191.2304537172713,180779,10568,10,"4-4-1-1"
7208.6596642218728,180761,10586,1,"1"
7212.0357592623104,180735,10612,2,"1-1"
7228.1405187803457,180717,10630,1,"1"
7230.2149336417706,180699,10648,1,"1"
7231.7843267484413,180686,10661,1,"1"
7252.5536782216805,180673,10674,1,"1"
7253.8122503974828,180577,10770,11,"4-3-2-2"
7258.9751654598012,180541,10806,4,"4"
7259.6323341801281,180440,10907,10,"4-3-1-1-1"
7267.7817942423117,180422,10925,1,"1"
7270.3615616589223,180386,10961,2,"2"
7285.7859089146114,180368,10979,1,"1"
7289.1165046736105,180354,10993,1,"1"
7295.3822353200312,180318,11029,3,"3"
7295.8427386201192,180305,11042,1,"1"
7296.394780356336,180275,11072,2,"1-1"
7304.7205596983667,180239,11108,2,"2"
7304.9112758719612,180203,11144,2,"1-1"
7314.3127333193861,180185,11162,1,"1"
7317.4002241277385,180167,11180,1,"1"
7326.2114486110968,180149,11198,1,"1"
7331.991234909774,180131,11216,1,"1"
7332.8015477721583,180113,11234,1,"1"
7370.9756904220667,180090,11257,2,"2"
7372.7843512521913,180064,11283,2,"1-1"
7382.7728483370565,180046,11301,1,"1"
7387.1088444278812,180028,11319,1,"1"
7393.9383339277465,180010,11337,1,"1"
7396.1555802065877,179992,11355,1,"1"
7403.3846785319474,179956,11391,2,"2"
7408.5025302487074,179938,11409,1,"1"
7409.2884724289133,179920,11427,1,"1"
7425.6264887913039,179913,11434,1,"1"
7446.3380672408202,179899,11448,1,"1"
7446.7239498373601,179881,11466,1,"1"
7463.5642220701366,179863,11484,1,"1"
7471.0026885977277,179845,11502,1,"1"
7473.0823075403996,179819,11528,2,"1-1"
7476.0289581024235,179801,11546,1,"1"
7478.8424296899557,179783,11564,1,"1"
7492.7316308655263,179761,11586,2,"2"
7501.8273088123178,179734,11613,2,"2"
7507.8822805312693,179724,11623,1,"1"
7527.8722088483637,179688,11659,2,"2"
7534.00942930563,179538,11809,14,"4-2-2-1-1-1-1-1-1"
7534.2585525645591,179490,11857,4,"2-2"
7551.7245381703342,179472,11875,1,"1"
7559.7919042934409,179454,11893,1,"1"
7560.2786760090767,179436,11911,1,"1"
7566.9791120570235,179418,11929,1,"1"
7567.7729484609772,179396,11951,2,"2"
7579.1872066703154,179378,11969,1,"1"
7580.7214058231939,179342,12005,2,"1-1"
7585.7405144672994,179328,12019,2,"2"
7605.3333618042052,179310,12037,1,"1"
7613.9934500888785,179239,12108,4,"2-1-1"
7620.2494994833287,179203,12144,2,"2"
7627.3931889961414,179185,12162,1,"1"
7631.1681993549419,179178,12169,1,"1"
7633.592142010255,179160,12187,1,"1"
7635.5892119000046,179142,12205,1,"1"
7656.0654528047271,179110,12237,2,"1-1"
7658.1258330408191,179076,12271,3,"3"
7665.2031475290278,179058,12289,1,"1"
7679.3370769934618,179040,12307,1,"1"
7684.2120663090427,179004,12343,2,"2"
7690.4714168437768,178986,12361,1,"1"
7692.4371667146506,178972,12375,1,"1"
7703.8383381100357,178876,12471,6,"3-2-1"
7704.6754429801349,178858,12489,1,"1"
7706.0417937331958,178840,12507,1,"1"
7707.4941454560158,178822,12525,1,"1"
7708.0177614770691,178770,12577,4,"1-1-1-1"
7717.4304464234674,178763,12584,1,"1"
7732.1564890405953,178749,12598,1,"1"
7732.8224000971795,178725,12622,2,"2"
7738.8158892618076,178715,12632,1,"1"
7756.4695700462662,178679,12668,2,"2"
7756.5610605776928,178672,12675,1,"1"
7764.5721169225953,0,191347,10125,"10125"
----------------------------------------------8
0,191347,0,0,"0"
202.38551994551443,191329,18,1,"1"
216.85895979759542,191326,21,1,"1"
277.70523282082581,191325,22,1,"1"
296.85305356075315,191322,25,1,"1"
304.69467835440264,191321,26,1,"1"
311.24937519489879,191303,44,1,"1"
360.07548493485132,191302,45,1,"1"
380.42800900209915,191301,46,1,"1"
448.00946748219951,191283,64,1,"1"
495.27736641266091,191282,65,1,"1"
503.54537616734876,191281,66,1,"1"
550.13694299716155,191280,67,1,"1"
570.69774904156407,191279,68,1,"1"
583.5392516101557,191277,70,2,"2"
597.05795704687011,191273,74,4,"4"
615.16166879970558,191244,103,5,"4-1"
775.5068178228903,191243,104,1,"1"
777.69782396952246,191233,114,1,"1"
789.88713986607263,191232,115,1,"1"
812.23811665189328,191214,133,1,"1"
817.65361180465811,191213,134,1,"1"
864.3956870350064,191212,135,1,"1"
888.5856234031952,191200,147,1,"1"
901.22947187897455,191199,148,1,"1"
969.36860775508967,191181,166,1,"1"
980.26034019411702,191180,167,1,"1"
1024.5790745448664,191165,182,3,"3"
1041.2620607652964,191147,200,1,"1"
1043.7560198665237,191146,201,1,"1"
1068.7309458391051,191128,219,1,"1"
1075.1184142741508,191127,220,1,"1"
1079.6876839039819,191126,221,1,"1"
1082.7778820549725,191123,224,1,"1"
1087.8134454303113,191122,225,1,"1"
1096.9826514977779,191121,226,1,"1"
1098.6452471345767,191120,227,1,"1"
1104.5444920441435,191118,229,2,"2"
1116.8681205665282,191117,230,1,"1"
1122.1265628730437,191114,233,1,"1"
1129.4943403463838,191113,234,1,"1"
1174.9502863070747,191111,236,2,"2"
1196.201990261766,191110,237,1,"1"
1215.3419944844636,191109,238,1,"1"
1230.6193608471769,191108,239,1,"1"
1248.3187542786268,191107,240,1,"1"
1256.5615125958182,191097,250,1,"1"
1278.336117484715,191096,251,1,"1"
1282.3496983356572,191095,252,1,"1"
1294.3393404264546,191093,254,2,"2"
1298.1717775190971,191092,255,1,"1"
1301.7394383558255,191091,256,1,"1"
1332.7511506191586,191073,274,1,"1"
1332.9998086696532,191072,275,1,"1"
1359.8408248234482,191054,293,1,"1"
1395.9354037375256,191053,294,1,"1"
1412.3977308818585,191052,295,1,"1"
1414.3398808352563,191051,296,1,"1"
1430.3605064138487,191050,297,1,"1"
1466.5421591424554,191040,307,1,"1"
1498.394945952454,191037,310,1,"1"
1506.4711638457279,191036,311,1,"1"
1506.8481394521241,191035,312,1,"1"
1561.9989029197463,191017,330,1,"1"
1601.6585764397801,191016,331,1,"1"
1620.1610399139602,191007,340,1,"1"
1632.292862158673,190989,358,2,"2"
1643.8104058967981,190953,394,3,"3"
1657.9761637800889,190943,404,1,"1"
1706.0903663970976,190940,407,1,"1"
1727.611384250898,190933,414,1,"1"
1734.3586782882981,190932,415,1,"1"
1737.5660893267536,190931,416,1,"1"
1751.8604294993709,190930,417,1,"1"
1752.8927514356023,190928,419,2,"2"
1777.0238858543546,190927,420,1,"1"
1783.23343565972,190909,438,1,"1"
1789.6372816294065,190906,441,3,"2-1"
1791.0367676651736,190904,443,2,"1-1"
1802.4370616957335,190903,444,1,"1"
1819.9908540381753,190902,445,1,"1"
1830.1010668474901,190901,446,1,"1"
1835.8236297340904,190900,447,1,"1"
1841.6880229649282,190899,448,1,"1"
1851.7837303807357,190881,466,1,"1"
1859.8499157843842,190880,467,1,"1"
1861.1658891694617,190873,474,5,"1-1-1-1-1"
1879.5663920380048,190872,475,1,"1"
1880.1600252953322,190854,493,1,"1"
1896.3608164220921,190836,511,1,"1"
1901.2614358948999,190835,512,1,"1"
1901.8493202894635,190833,514,2,"2"
1920.6511453069184,190825,522,2,"1-1"
1930.7812285981149,190824,523,1,"1"
1972.3733382272105,190823,524,1,"1"
1980.1809750261189,190805,542,1,"1"
1983.2809842170291,190800,547,5,"3-1-1"
1989.0341153837951,190782,565,1,"1"
1994.2814007469258,190764,583,1,"1"
2103.9302063466389,190746,601,1,"1"
2109.6920588219559,190728,619,1,"1"
2135.5551219372101,190716,631,1,"1"
2156.0265919060794,190713,634,1,"1"
2158.5847599233402,190712,635,1,"1"
2172.9481765046576,190707,640,1,"1"
2173.4164143800294,190689,658,1,"1"
2186.5400366970753,190688,659,1,"1"
2190.4478557047141,190686,661,2,"2"
2195.7257542102229,190679,668,1,"1"
2206.2699360112006,190678,669,1,"1"
2222.179188388287,190677,670,1,"1"
2230.3227011373938,190659,688,1,"1"
2232.6170805447923,190654,693,1,"1"
2236.7727707813424,190636,711,1,"1"
2242.6887118374834,190622,725,2,"2"
2244.7527295572877,190619,728,3,"3"
2296.6266329995947,190618,729,1,"1"
2320.8206470232317,190615,732,1,"1"
2324.817589116315,190606,741,1,"1"
2337.5198850787392,190603,744,1,"1"
2350.8127892145544,190602,745,1,"1"
2360.0167406882756,190601,746,1,"1"
2360.3790037191884,190583,764,1,"1"
2367.138718573472,190565,782,1,"1"
2396.7869073831275,190562,785,1,"1"
2405.5172158989162,190559,788,1,"1"
2431.6463296513566,190541,806,1,"1"
2468.4515249832916,190531,816,1,"1"
2473.3369785618397,190530,817,1,"1"
2493.5324804089078,190529,818,1,"1"
2505.7328554714727,190511,836,1,"1"
2564.6180808019544,190493,854,1,"1"
2599.5759541584257,190475,872,1,"1"
2605.1902540796837,190463,884,4,"2-2"
2616.6585915958631,190445,902,1,"1"
2622.5074260678266,190439,908,2,"1-1"
2624.5923663292365,190436,911,1,"1"
2641.0947758780185,190435,912,1,"1"
2648.0011816907131,190430,917,1,"1"
2661.9594820807729,190412,935,1,"1"
2666.0585993017926,190409,938,1,"1"
2669.5742190646133,190391,956,1,"1"
2684.151738006758,190376,971,5,"3-1-1"
2694.3320535150574,190375,972,1,"1"
2697.0052036403995,190372,975,1,"1"
2713.8173213228315,190354,993,1,"1"
2738.4806981936135,190351,996,1,"1"
2744.1518579233521,190348,999,1,"1"
2745.9704500997073,190345,1002,1,"1"
2756.5755089685663,190328,1019,1,"1"
2776.0529050111641,190318,1029,1,"1"
2777.8523688567702,190300,1047,1,"1"
2784.6644496187992,190283,1064,1,"1"
2790.7974723093689,190265,1082,1,"1"
2801.6582760332062,190256,1091,1,"1"
2803.9438274536105,190251,1096,1,"1"
2848.8138107736231,190233,1114,1,"1"
2866.8014539274263,190232,1115,1,"1"
2892.1281016950848,190214,1133,1,"1"
2898.338442124968,190211,1136,1,"1"
2927.7405001417605,190206,1141,1,"1"
2934.6037991285184,190190,1157,1,"1"
2939.9347613245504,190172,1175,1,"1"
2951.4648881533449,190154,1193,1,"1"
2975.8998620638031,190136,1211,1,"1"
2983.3192928700969,190133,1214,1,"1"
3000.3945764130526,190115,1232,1,"1"
3025.4633584205371,190103,1244,1,"1"
3074.022044935326,190085,1262,1,"1"
3075.5702474386876,190067,1280,1,"1"
3078.1975885219363,190049,1298,1,"1"
3098.889141203807,190039,1308,1,"1"
3100.0510494802452,190030,1317,1,"1"
3171.0609029982415,189994,1353,2,"1-1"
3178.1320994685625,189976,1371,1,"1"
3195.5608185282995,189958,1389,1,"1"
3209.9239418677353,189951,1396,3,"2-1"
3223.2002571634157,189933,1414,1,"1"
3260.8327384374629,189930,1417,1,"1"
3272.5236421697177,189912,1435,1,"1"
3298.2814627333951,189894,1453,1,"1"
3314.0063199242541,189884,1463,1,"1"
3329.9543325215332,189866,1481,1,"1"
3343.9119735335121,189848,1499,1,"1"
3391.4236615101372,189830,1517,1,"1"
3391.5041217213711,189821,1526,1,"1"
3397.1613056270048,189818,1529,1,"1"
3398.4333510301035,189815,1532,1,"1"
3415.6286541887966,189810,1537,1,"1"
3449.8154097704323,189774,1573,2,"2"
3463.4035859468322,189755,1592,3,"2-1"
3475.3253108169206,189737,1610,1,"1"
3479.7931413826768,189732,1615,1,"1"
3488.5757463267146,189714,1633,1,"1"
3489.0480735977467,189711,1636,1,"1"
3489.6783926526714,189693,1654,1,"1"
3511.0559866317381,189678,1669,3,"2-1"
3529.9905789795116,189660,1687,4,"2-2"
3554.8046431042098,189642,1705,1,"1"
3571.8287270142728,189632,1715,1,"1"
3575.6125820931384,189614,1733,1,"1"
3601.3560081760893,189596,1751,1,"1"
3610.2300956191948,189560,1787,2,"2"
3610.3712952461633,189542,1805,1,"1"
3613.986644888414,189524,1823,1,"1"
3614.4021955948642,189506,1841,1,"1"
3634.7391665666746,189488,1859,1,"1"
3641.5534643424035,189470,1877,1,"1"
3644.4470422188356,189452,1895,1,"1"
3682.3086948662171,189434,1913,1,"1"
3686.8318615688463,189416,1931,1,"1"
3695.3962090941532,189404,1943,1,"1"
3697.1241289226195,189399,1948,1,"1"
3697.8295973684894,189381,1966,1,"1"
3702.4164086303672,189363,1984,1,"1"
3707.6315186259781,189345,2002,1,"1"
3708.4393229799703,189342,2005,1,"1"
3725.5346205150713,189318,2029,2,"2"
3764.4553652404975,189313,2034,1,"1"
3777.0302610153731,189301,2046,1,"1"
3781.2905318747239,189283,2064,1,"1"
3781.5458028807943,189268,2079,3,"2-1"
3806.4975923433381,189265,2082,1,"1"
3819.7033356527904,189247,2100,1,"1"
3821.729976857293,189215,2132,2,"2"
3844.0539965629023,189202,2145,1,"1"
3853.2957426891985,189184,2163,1,"1"
3859.3519777006632,189178,2169,2,"1-1"
3863.4251326811336,189162,2185,1,"1"
3868.8584255549376,189159,2188,1,"1"
3869.9096472340639,189141,2206,1,"1"
3870.1744300178325,189131,2216,1,"1"
3874.7565579892221,189117,2230,1,"1"
3888.4728183968805,189114,2233,1,"1"
3924.5138219492032,189111,2236,1,"1"
3926.1715256049611,189100,2247,1,"1"
3946.4428637838864,189087,2260,1,"1"
3952.81585095025,189069,2278,1,"1"
3965.4645386056336,189059,2288,2,"2"
3981.3747338397748,189041,2306,1,"1"
3984.198293002617,189023,2324,1,"1"
3990.660626844573,189007,2340,1,"1"
4006.8761876864123,189004,2343,1,"1"
4013.9454551325957,188994,2353,2,"1-1"
4021.6580877894353,188976,2371,1,"1"
4024.2500426434226,188962,2385,1,"1"
4032.5114773284909,188944,2403,1,"1"
4048.73466503397,188939,2408,1,"1"
4050.8250834642477,188921,2426,1,"1"
4052.2814496087244,188918,2429,1,"1"
4052.8903590749815,188913,2434,1,"1"
4054.3358020912624,188903,2444,1,"1"
4056.5912678836366,188897,2450,2,"2"
4066.9600689891249,188886,2461,3,"1-1-1"
4090.385833553677,188870,2477,1,"1"
4092.6709530247763,188864,2483,2,"2"
4099.2688412586449,188831,2516,2,"2"
4105.8746900661317,188824,2523,1,"1"
4110.5045379824978,188812,2535,1,"1"
4126.049769289074,188794,2553,1,"1"
4133.2991323466567,188791,2556,1,"1"
4138.3248523028915,188773,2574,1,"1"
4138.6135439024129,188759,2588,1,"1"
4142.7710021931171,188741,2606,1,"1"
4172.3180459982941,188725,2622,1,"1"
4174.5693223794515,188722,2625,1,"1"
4178.1397745936883,188704,2643,1,"1"
4178.424882714814,188692,2655,1,"1"
4185.720117989179,188674,2673,1,"1"
4197.8300573767965,188650,2697,4,"4"
4209.3451966466673,188647,2700,1,"1"
4210.224897420595,188635,2712,1,"1"
4218.5401494874295,188632,2715,1,"1"
4222.1085042558198,188614,2733,1,"1"
4223.4024665739389,188611,2736,1,"1"
4230.9341206548434,188608,2739,1,"1"
4250.287252684182,188605,2742,1,"1"
4254.6303397610745,188602,2745,1,"1"
4264.3964600269646,188588,2759,2,"2"
4269.2858636176861,188574,2773,1,"1"
4283.3150602119667,188556,2791,1,"1"
4292.3789351808155,188538,2809,1,"1"
4300.9224879303538,188529,2818,1,"1"
4304.8456809456447,188511,2836,1,"1"
4310.1220070834133,188493,2854,1,"1"
4325.8270087725514,188488,2859,1,"1"
4329.539234717221,188470,2877,1,"1"
4345.8740078581241,188456,2891,4,"2-1-1"
4377.3036526811929,188449,2898,1,"1"
4392.1117003697382,188442,2905,1,"1"
4410.0280194002053,188424,2923,1,"1"
4415.6161161797518,188412,2935,1,"1"
4417.7671490024459,188399,2948,3,"1-1-1"
4433.4198057701078,188381,2966,1,"1"
4433.706970786855,188378,2969,1,"1"
4449.3603246219727,188360,2987,1,"1"
4464.0142875005022,188342,3005,1,"1"
4466.8350039357001,188324,3023,1,"1"
4474.2241253351103,188308,3039,1,"1"
4487.2745534137175,188290,3057,1,"1"
4537.5886114106133,188284,3063,2,"2"
4562.3687116953788,188250,3097,2,"2"
4569.107372028232,188232,3115,1,"1"
4574.4623391639761,188214,3133,1,"1"
4594.0935185529297,188196,3151,1,"1"
4596.0848650821526,188191,3156,1,"1"
4597.3291190862437,188173,3174,1,"1"
4606.0459184854844,188170,3177,1,"1"
4620.8347552243704,188165,3182,1,"1"
4651.3642471241183,188151,3196,1,"1"
4652.4290845793275,188133,3214,1,"1"
4657.06506358358,188115,3232,1,"1"
4669.599518226607,188109,3238,2,"2"
4670.0984791210713,188091,3256,1,"1"
4672.0535988846314,188088,3259,1,"1"
4704.0989645496657,188070,3277,1,"1"
4718.2130525383773,188065,3282,1,"1"
4721.81234673374,188047,3300,1,"1"
4768.5413045977393,188029,3318,1,"1"
4789.3571319804596,188019,3328,1,"1"
4812.780888750448,187983,3364,2,"2"
4828.8266141052218,187965,3382,1,"1"
4833.6856890619983,187947,3400,1,"1"
4836.6459787241429,187944,3403,1,"1"
4838.599139092521,187926,3421,1,"1"
4846.0041929339304,187884,3463,3,"2-1"
4850.2438476962334,187845,3502,9,"5-2-2"
4879.1163379566096,187827,3520,1,"1"
4899.0947321953772,187809,3538,1,"1"
4900.1896620777243,187791,3556,1,"1"
4900.7569840290171,187773,3574,1,"1"
4906.8706910823485,187750,3597,5,"5"
4913.6090079982405,187732,3615,1,"1"
4915.7010952538267,187729,3618,1,"1"
4955.9451280764706,187711,3636,1,"1"
4966.3409142083492,187693,3654,1,"1"
4979.5847091013111,187681,3666,4,"2-2"
4995.2591358636719,187674,3673,1,"1"
4998.5518448113617,187638,3709,2,"2"
5008.4462650776304,187620,3727,1,"1"
5010.7911141655832,187602,3745,1,"1"
5012.1527423928455,187584,3763,1,"1"
5034.6482077275323,187566,3781,1,"1"
5036.2292603811675,187546,3801,4,"2-1-1"
5063.9578694522406,187528,3819,1,"1"
5072.1987344564486,187523,3824,1,"1"
5082.7543003782785,187487,3860,2,"2"
5085.8561451117394,187469,3878,1,"1"
5121.9973239408982,187466,3881,1,"1"
5122.7206613761082,187460,3887,2,"2"
5123.7052655581283,187446,3901,1,"1"
5127.6041860779305,187428,3919,1,"1"
5150.548555043184,187410,3937,1,"1"
5156.4983499026002,187399,3948,1,"1"
5164.5497310602959,187381,3966,1,"1"
5164.7013147531543,187374,3973,1,"1"
5166.1598306167498,187338,4009,2,"2"
5166.6147868807357,187320,4027,1,"1"
5173.086730118278,187302,4045,1,"1"
5174.3241341363055,187280,4067,2,"1-1"
5181.3853170994125,187264,4083,1,"1"
5209.1735215056678,187246,4101,1,"1"
5211.9477925959409,187228,4119,1,"1"
5222.0009490473913,187200,4147,2,"2"
5283.6789173865727,187182,4165,1,"1"
5286.1689379569152,187164,4183,1,"1"
5289.6315568087011,187146,4201,1,"1"
5298.0557733681362,187128,4219,1,"1"
5303.2050921484524,187110,4237,1,"1"
5318.3255983831705,187092,4255,1,"1"
5324.0587822593388,187074,4273,2,"2"
5324.1462713935052,187049,4298,5,"3-1-1"
5343.6691961963161,187000,4347,7,"4-2-1"
5347.7794783224299,186982,4365,1,"1"
5348.1992898773597,186964,4383,1,"1"
5360.9921335526715,186946,4401,1,"1"
5393.9155698807599,186941,4406,1,"1"
5395.6677317129561,186923,4424,1,"1"
5397.5575207602378,186904,4443,3,"2-1"
5402.3867339715589,186872,4475,3,"3"
5416.5424990670053,186857,4490,1,"1"
5417.7250186833699,186839,4508,1,"1"
5425.8694328230185,186821,4526,1,"1"
5428.3249516495171,186803,4544,1,"1"
5432.8516380315259,186785,4562,1,"1"
5456.5299124826533,186758,4589,3,"2-1"
5456.6679174377459,186734,4613,2,"1-1"
5467.0460836946577,186716,4631,1,"1"
5473.5786627146481,186698,4649,1,"1"
5485.1730801555095,186680,4667,1,"1"
5531.3148496354261,186662,4685,1,"1"
5538.7061227326576,186644,4703,1,"1"
5565.6105343354293,186626,4721,1,"1"
5581.2503562653346,186608,4739,1,"1"
5593.9158833395268,186601,4746,1,"1"
5594.4607277694704,186583,4764,1,"1"
5651.759262986714,186565,4782,1,"1"
5653.8215473383134,186549,4798,1,"1"
5657.0368250015908,186531,4816,1,"1"
5661.1072503101341,186528,4819,1,"1"
5684.6172895767631,186510,4837,1,"1"
5699.6657995740188,186492,4855,1,"1"
5708.4543475742066,186477,4870,1,"1"
5708.5840453989731,186459,4888,1,"1"
5708.7523930986654,186441,4906,1,"1"
5709.5403695330569,186423,4924,1,"1"
5737.633548449603,186416,4931,1,"1"
5766.1434332031286,186398,4949,1,"1"
5767.6048364224589,186395,4952,1,"1"
5787.3091921558389,186377,4970,1,"1"
5791.7762652521888,186372,4975,1,"1"
5795.7051737636521,186346,5001,4,"1-1-1-1"
5806.3687424393001,186328,5019,1,"1"
5817.6620569774059,186310,5037,1,"1"
5839.9390350448703,186292,5055,1,"1"
5843.5267959959438,186287,5060,1,"1"
5861.8422295590544,186269,5078,1,"1"
5873.9207234151809,186259,5088,1,"1"
5874.3394656203736,186254,5093,1,"1"
5879.2250094503097,186236,5111,1,"1"
5907.9042691611967,186211,5136,3,"2-1"
5916.0450538070627,186204,5143,1,"1"
5920.2199054839111,186186,5161,1,"1"
5932.9777651834993,186168,5179,1,"1"
5940.2952100653001,186150,5197,1,"1"
5945.8380881430603,186132,5215,1,"1"
5949.2727258870882,186114,5233,1,"1"
5965.7773943769153,186096,5251,1,"1"
5970.1156299444601,186093,5254,1,"1"
5974.7294842002948,186075,5272,1,"1"
5976.8179231896484,186068,5279,1,"1"
5985.7686604155433,186063,5284,1,"1"
6011.5085607493902,186040,5307,3,"3"
6021.5892420229529,186022,5325,1,"1"
6032.7302257446336,186004,5343,1,"1"
6047.1161642488096,185989,5358,1,"1"
6048.8347173478996,185971,5376,1,"1"
6054.7256056776778,185961,5386,1,"1"
6087.7438737640377,185915,5432,4,"3-1"
6088.7644856945135,185879,5468,2,"2"
6093.1633681439644,185861,5486,1,"1"
6095.2569284255951,185856,5491,1,"1"
6095.9150300741294,185820,5527,2,"2"
6099.638111399001,185802,5545,1,"1"
6103.4445907363852,185694,5653,6,"5-1"
6108.3620515846533,185676,5671,1,"1"
6109.5862418020843,185658,5689,1,"1"
6127.5183872843727,185622,5725,2,"2"
6133.0439840025165,185580,5767,3,"1-1-1"
6133.5672165604628,185577,5770,1,"1"
6134.3873463586169,185559,5788,1,"1"
6134.8230011803835,185531,5816,2,"2"
6137.9174239569593,185528,5819,1,"1"
6139.100101582485,185516,5831,1,"1"
6143.2315313128993,185507,5840,1,"1"
6144.4317386360381,185483,5864,2,"1-1"
6147.4837622563682,185478,5869,1,"1"
6154.5841268156755,185454,5893,2,"1-1"
6161.4004885819322,185422,5925,4,"2-2"
6168.4878994360533,185404,5943,1,"1"
6169.1726630206595,185386,5961,1,"1"
6200.4606547822868,185368,5979,1,"1"
6216.138618704199,185350,5997,1,"1"
6240.3462927258852,185335,6012,3,"3"
6241.7777672590655,185330,6017,1,"1"
6245.7335018339327,185294,6053,2,"2"
6253.2135563421034,185236,6111,4,"2-1-1"
6254.601718772763,185218,6129,1,"1"
6275.8205179151691,185200,6147,1,"1"
6299.1239712698471,185190,6157,2,"2"
6306.6718238557814,185172,6175,1,"1"
6317.3698671837701,185154,6193,1,"1"
6343.5335360068057,185149,6198,1,"1"
6353.5946371476466,185140,6207,1,"1"
6357.6767542105417,185120,6227,4,"3-1"
6358.6530905008431,185106,6241,1,"1"
6379.1248560706972,185084,6263,4,"2-1-1"
6408.1932765803476,185066,6281,1,"1"
6414.4553827505633,185056,6291,1,"1"
6424.1674330116211,185049,6298,1,"1"
6455.7409427766443,185044,6303,1,"1"
6461.4050892438117,185008,6339,2,"2"
6478.8543563136645,184990,6357,1,"1"
6484.1531653756329,184972,6375,1,"1"
6494.223079359168,184969,6378,1,"1"
6501.6925890855864,184951,6396,1,"1"
6512.0734730473287,184905,6442,3,"3"
6515.1118657014367,184887,6460,1,"1"
6516.3936765017697,184869,6478,1,"1"
6517.9049575462514,184866,6481,1,"1"
6531.5117454377914,184822,6525,4,"2-2"
6536.9805594777508,184812,6535,1,"1"
6552.6738927982251,184807,6540,1,"1"
6555.1049056381207,184771,6576,2,"2"
6557.3468603138072,184709,6638,5,"3-1-1"
6559.1196169723971,184691,6656,1,"1"
6561.0403780586958,184673,6674,1,"1"
6561.2404578985279,184605,6742,5,"2-1-1-1"
6571.5420604256797,184587,6760,1,"1"
6580.9444652282145,184569,6778,1,"1"
6586.3718270564532,184551,6796,1,"1"
6591.4947250105333,184533,6814,1,"1"
6622.1144636873105,184515,6832,1,"1"
6630.0862540601875,184485,6862,3,"1-1-1"
6633.6604256297878,184467,6880,1,"1"
6636.742424735422,184431,6916,2,"2"
6637.2961660521332,184413,6934,1,"1"
6638.6986153733405,184395,6952,1,"1"
6639.1067689022011,184392,6955,1,"1"
6641.1377369460479,184374,6973,1,"1"
6643.127317350898,184360,6987,1,"1"
6649.4007122849571,184342,7005,1,"1"
6650.0254017184025,184306,7041,2,"2"
6661.2558523314201,184288,7059,1,"1"
6689.0045597471671,184270,7077,1,"1"
6691.2558943063323,184252,7095,1,"1"
6691.785031870023,184238,7109,2,"2"
6716.7823481419664,184226,7121,1,"1"
6721.8436532275327,184212,7135,2,"1-1"
6724.4429266907318,184146,7201,4,"4"
6726.0662818994506,184139,7208,1,"1"
6736.2712020645877,184121,7226,1,"1"
6740.7063201110177,184085,7262,2,"1-1"
6743.3276747775808,184067,7280,1,"1"
6744.1640071022885,184057,7290,1,"1"
6746.1880191950486,184039,7308,1,"1"
6773.7144017548899,184007,7340,4,"4"
6781.2600741526167,183911,7436,7,"2-2-1-1-1"
6815.9352301837553,183893,7454,1,"1"
6828.1220649958714,183857,7490,2,"2"
6835.6832281680872,183839,7508,1,"1"
6839.0719311906832,183829,7518,2,"2"
6851.1010663690076,183811,7536,1,"1"
6855.2533826906711,183793,7554,1,"1"
6859.2742452870352,183739,7608,3,"1-1-1"
6872.3292954850667,183727,7620,1,"1"
6877.0229518858296,183673,7674,3,"2-1"
6879.2655077683858,183637,7710,4,"2-1-1"
6882.5356271321598,183619,7728,1,"1"
6884.7765545323027,183610,7737,1,"1"
6886.9450460648859,183538,7809,4,"1-1-1-1"
6891.0991687844244,183446,7901,12,"3-3-3-1-1-1"
6903.4791428410417,183362,7985,5,"2-1-1-1"
6915.6256458220114,183344,8003,1,"1"
6918.8362971273282,183326,8021,1,"1"
6940.2724291435588,183308,8039,1,"1"
6944.6433720869591,183290,8057,1,"1"
6963.1669270297916,183272,8075,1,"1"
6973.1913416341495,183236,8111,2,"2"
6975.312667540049,183220,8127,1,"1"
6978.5210113908006,183184,8163,2,"1-1"
6979.3119583939397,183130,8217,3,"1-1-1"
6979.9833043224025,183036,8311,6,"2-2-1-1"
7010.6158852598328,183018,8329,1,"1"
7019.198689066332,182998,8349,2,"1-1"
7019.2150788347071,182993,8354,1,"1"
7020.0288896040129,182977,8370,1,"1"
7045.6866826162204,182885,8462,7,"6-1"
7046.5355528666933,182867,8480,1,"1"
7054.9490773771768,182823,8524,5,"2-2-1"
7055.3091538027247,182806,8541,1,"1"
7067.3129996399921,182788,8559,1,"1"
7085.2302313323453,182768,8579,4,"2-2"
7093.9381164551914,182759,8588,1,"1"
7101.4088131443286,182699,8648,5,"1-1-1-1-1"
7106.9396722161373,182681,8666,1,"1"
7110.126138919687,182645,8702,2,"2"
7115.4031689442063,182609,8738,2,"2"
7118.8645787472124,182575,8772,2,"1-1"
7126.4976829532725,182565,8782,2,"2"
7132.9907816010364,182529,8818,2,"2"
7138.5358178100814,182445,8902,7,"2-2-2-1"
7146.2755127167447,182424,8923,3,"2-1"
7158.9539401152615,182392,8955,2,"2"
7167.4802191486988,182324,9023,6,"2-2-1-1"
7187.2134520538793,182315,9032,1,"1"
7189.275134059616,182297,9050,1,"1"
7198.7210248681249,182253,9094,6,"2-2-1-1"
7201.8391673948663,182244,9103,1,"1"
7210.6604441186364,182226,9121,1,"1"
7210.8790408034938,182208,9139,1,"1"
7212.7348044687978,182201,9146,1,"1"
7220.1799612441946,182165,9182,2,"1-1"
7224.3654728163028,182140,9207,2,"2"
7230.7155383987056,182122,9225,1,"1"
7239.1600513807462,182104,9243,1,"1"
7265.2595932401664,182086,9261,1,"1"
7272.5297694023266,182068,9279,1,"1"
7274.8412884851114,182061,9286,1,"1"
7278.0822763621745,182043,9304,1,"1"
7305.0489808025959,181985,9362,5,"3-1-1"
7312.1040452773486,181976,9371,1,"1"
7333.1129665251592,181922,9425,3,"3"
7345.9243523487748,181904,9443,1,"1"
7353.9007682269985,181886,9461,1,"1"
7358.9711763389914,181868,9479,1,"1"
7360.7550162971129,181858,9489,2,"1-1"
7365.8290498242704,181822,9525,2,"2"
7384.8561715986616,181804,9543,1,"1"
7385.7053030679099,181786,9561,1,"1"
7388.1132544932871,181776,9571,1,"1"
7389.1576440586105,181758,9589,1,"1"
7405.6347568744222,181747,9600,1,"1"
7412.6291308878017,181729,9618,1,"1"
7423.6723205790131,181711,9636,1,"1"
7425.7959163469914,181693,9654,1,"1"
7429.6233889422247,181639,9708,3,"3"
7435.3352194810841,181603,9744,2,"1-1"
7436.8022034530495,181585,9762,1,"1"
7444.1312896403933,181567,9780,1,"1"
7457.8115289512198,181549,9798,1,"1"
7458.0469473545245,181495,9852,3,"3"
7474.0330894909539,181486,9861,1,"1"
7475.2868114781877,181477,9870,1,"1"
7476.8194601826517,181465,9882,1,"1"
7477.3012347570229,181458,9889,1,"1"
7477.6239079918778,181440,9907,1,"1"
7482.9314892509283,181301,10046,13,"3-3-2-2-1-1-1"
7483.1025228321996,181283,10064,1,"1"
7498.7729736428437,181183,10164,9,"3-2-1-1-1-1"
7527.3246015516715,181165,10182,1,"1"
7547.5468971670716,181154,10193,1,"1"
7551.4674577321775,181136,10211,1,"1"
7551.6128269596329,181129,10218,1,"1"
7554.7298409642408,181111,10236,1,"1"
7559.9444664038456,181069,10278,6,"3-2-1"
7562.7014772337616,181051,10296,1,"1"
7569.1738463073061,181033,10314,1,"1"
7571.6785669402907,181015,10332,1,"1"
7572.5764115307757,180899,10448,9,"4-2-1-1-1"
7588.9040888910649,180881,10466,1,"1"
7589.1122723360068,180871,10476,1,"1"
7596.421866664773,180853,10494,1,"1"
7599.1205673307622,180817,10530,2,"2"
7601.0477165419916,180797,10550,2,"2"
7611.4322763402924,180784,10563,1,"1"
7611.520956232438,180753,10594,3,"2-1"
7618.1501431362112,180744,10603,1,"1"
7621.9393211646538,180726,10621,1,"1"
7627.8208946840059,180708,10639,1,"1"
7632.3530979239558,180672,10675,2,"1-1"
7634.894703392647,180596,10751,6,"3-2-1"
7635.3434737085581,180578,10769,1,"1"
7637.2732976479474,180524,10823,3,"2-1"
7651.8224987876338,180506,10841,1,"1"
7666.773782986882,180412,10935,7,"3-3-1"
7668.9790982480472,180394,10953,1,"1"
7670.2593253625901,180376,10971,1,"1"
7672.2283386137342,180365,10982,1,"1"
7677.8786827049162,180275,11072,5,"2-1-1-1"
7686.0509174322888,180261,11086,1,"1"
7686.8424160351124,180243,11104,1,"1"
7696.8875853152367,180225,11122,1,"1"
7706.8977518009069,180101,11246,11,"3-3-3-1-1"
7709.1088237558643,180083,11264,1,"1"
7710.3641978711803,180078,11269,1,"1"
7725.1203568434548,180060,11287,1,"1"
7733.7729452706781,180042,11305,1,"1"
7734.3463587551869,180037,11310,1,"1"
7742.4186582788006,179993,11354,4,"4"
7754.6867748622726,179975,11372,1,"1"
7761.1271326890492,179957,11390,1,"1"
7766.3911050019769,179946,11401,1,"1"
7770.5791893034329,179910,11437,2,"2"
7788.1862007466498,179860,11487,3,"2-1"
7788.7896232702424,179818,11529,3,"2-1"
7790.9954383491931,179570,11777,25,"6-5-3-3-2-1-1-1-1-1-1"
7798.9717224632514,179520,11827,4,"2-1-1"
7828.4711807584781,179502,11845,1,"1"
7829.3236190783218,179480,11867,2,"2"
7833.3514147299065,179462,11885,1,"1"
7839.8900479794793,179374,11973,5,"2-2-1"
7841.8981185896664,179356,11991,1,"1"
7842.7420983168686,179296,12051,4,"2-1-1"
7860.1120707488881,179194,12153,8,"3-2-2-1"
7872.1255365888383,179176,12171,1,"1"
7877.7285972295176,179078,12269,7,"4-1-1-1"
7878.7295186846713,178588,12759,36,"6-5-4-3-3-2-2-2-2-1-1-1-1-1-1-1"
7879.7477691809991,178570,12777,1,"1"
7887.3612751002165,178552,12795,1,"1"
7897.6233378319484,178516,12831,2,"2"
7899.7773017013578,178498,12849,1,"1"
7925.8931269031209,178480,12867,1,"1"
7927.2256392584759,178462,12885,1,"1"
7931.2320547447634,178434,12913,2,"1-1"
7946.1285369849038,178416,12931,1,"1"
7948.8857640211836,178398,12949,1,"1"
7949.9555042849242,178391,12956,1,"1"
7957.8738593660846,178370,12977,3,"1-1-1"
7958.017788527206,178352,12995,1,"1"
7959.6250837943726,178316,13031,2,"1-1"
7965.3393391948539,178263,13084,5,"5"
7977.1846459468143,178227,13120,2,"2"
7986.8646709677832,178209,13138,1,"1"
8009.3113052378949,178197,13150,1,"1"
8035.7059214020355,178179,13168,1,"1"
8040.5483068846661,0,191347,10099,"10099"
----------------------------------------------9
0,191347,0,0,"0"
54.116053029196827,191346,1,1,"1"
364.42467597195059,191345,2,1,"1"
435.71708909857131,191343,4,2,"2"
438.95160459241305,191342,5,1,"1"
489.27572316918747,191341,6,1,"1"
519.70273004914168,191340,7,1,"1"
541.02405853317362,191339,8,1,"1"
542.96690228553734,191338,9,1,"1"
568.12895768899409,191337,10,1,"1"
574.05841119156548,191336,11,1,"1"
641.2638987371829,191335,12,1,"1"
643.40234088095383,191334,13,1,"1"
689.68559544634763,191316,31,1,"1"
690.53595742135894,191315,32,1,"1"
738.73049012912588,191297,50,1,"1"
759.69647131508418,191296,51,1,"1"
778.24040549278709,191278,69,1,"1"
781.90729314147393,191277,70,1,"1"
794.71115572451811,191267,80,1,"1"
830.32159899006149,191266,81,1,"1"
889.98272074553449,191265,82,1,"1"
906.9741564150354,191263,84,2,"2"
916.66744117276096,191262,85,1,"1"
963.9752286412205,191261,86,1,"1"
986.89885580380337,191260,87,1,"1"
997.00305984181409,191257,90,1,"1"
1008.8391935468263,191256,91,1,"1"
1013.8945679336775,191255,92,1,"1"
1031.5078967623738,191252,95,1,"1"
1036.7205989465983,191251,96,1,"1"
1045.0453329861343,191250,97,1,"1"
1107.3632857467842,191232,115,1,"1"
1125.5717733866932,191231,116,1,"1"
1131.0834673166892,191228,119,1,"1"
1132.6554467547157,191218,129,1,"1"
1134.3245647945541,191217,130,1,"1"
1135.5464427971685,191214,133,1,"1"
1137.9340626120161,191212,135,2,"2"
1175.9459855684877,191209,138,3,"2-1"
1191.7990252019874,191208,139,1,"1"
1194.8156811911763,191207,140,1,"1"
1211.041195620747,191195,152,1,"1"
1229.0728755497303,191177,170,1,"1"
1283.7813726924437,191159,188,1,"1"
1299.4975098949708,191141,206,1,"1"
1308.3108578912907,191123,224,1,"1"
1330.3925927577068,191122,225,1,"1"
1338.7363069228606,191104,243,1,"1"
1360.7729007753794,191086,261,1,"1"
1393.4834241814183,191062,285,2,"2"
1449.9255406201794,191044,303,1,"1"
1453.6132666281799,191040,307,2,"1-1"
1467.7738260334747,191022,325,1,"1"
1470.9888081148035,191021,326,1,"1"
1489.5409303272422,191020,327,1,"1"
1494.7011738322071,191018,329,2,"2"
1508.1325193223408,191017,330,1,"1"
1581.1225347467334,191016,331,1,"1"
1587.0986815113663,190998,349,1,"1"
1594.1553985796056,190980,367,1,"1"
1595.3933894977627,190969,378,3,"2-1"
1606.226499230399,190968,379,1,"1"
1639.1687982171347,190967,380,1,"1"
1656.6468842180045,190965,382,2,"2"
1664.5717349562306,190947,400,1,"1"
1700.8566643299835,190929,418,1,"1"
1706.093618762555,190911,436,1,"1"
1721.2951979636202,190908,439,1,"1"
1724.2641849942679,190890,457,1,"1"
1735.1059974065895,190889,458,1,"1"
1737.8766250906422,190888,459,1,"1"
1745.1380406798762,190886,461,2,"2"
1752.8430404159005,190885,462,1,"1"
1758.717958375978,190884,463,1,"1"
1772.1135372200035,190883,464,1,"1"
1782.0453303545278,190880,467,1,"1"
1786.8560117337074,190862,485,1,"1"
1793.7982223921497,190844,503,1,"1"
1802.3545373965392,190843,504,1,"1"
1805.9327196535119,190842,505,1,"1"
1812.0871047037128,190841,506,1,"1"
1840.0856606739876,190840,507,1,"1"
1862.8027509160629,190839,508,1,"1"
1870.6634725440783,190838,509,1,"1"
1885.6919640623962,190831,516,3,"3"
1885.9989096417419,190830,517,1,"1"
1886.5816980114789,190812,535,1,"1"
1908.4352196456628,190809,538,1,"1"
1927.5609782737765,190791,556,1,"1"
1931.4900197302629,190786,561,5,"3-2"
1934.3329988152102,190784,563,2,"2"
1956.5736242071753,190783,564,1,"1"
1961.9492444940115,190776,571,1,"1"
1965.5926735620667,190773,574,3,"2-1"
1968.7523483919665,190755,592,1,"1"
1972.7394456179368,190743,604,1,"1"
1992.6853082660698,190740,607,1,"1"
2018.6726355539445,190722,625,1,"1"
2026.6048856255591,190720,627,2,"2"
2039.5946676912661,190713,634,1,"1"
2043.7789618445313,190710,637,1,"1"
2044.6768176764906,190707,640,1,"1"
2069.5420840709785,190706,641,1,"1"
2084.5741216900765,190704,643,2,"2"
2087.3149387832336,190695,652,1,"1"
2090.6832454042215,190677,670,1,"1"
2091.9047631039334,190665,682,1,"1"
2092.8686127164701,190649,698,1,"1"
2095.3832441725854,190648,699,1,"1"
2096.2926311025794,190647,700,1,"1"
2097.852522135136,190646,701,1,"1"
2099.4453510949693,190628,719,1,"1"
2117.8193466253974,190610,737,1,"1"
2132.1664812204112,190606,741,4,"4"
2145.7714225625386,190594,753,1,"1"
2162.2606945929351,190585,762,1,"1"
2172.4554558306577,190571,776,1,"1"
2197.7111489765703,190566,781,1,"1"
2205.5865559509907,190565,782,1,"1"
2226.954193921837,190562,785,1,"1"
2237.3572226539782,190551,796,1,"1"
2258.5189749076276,190533,814,1,"1"
2271.9140207972705,190515,832,1,"1"
2313.4362208081006,190497,850,1,"1"
2330.9255927408717,190479,868,1,"1"
2336.6044170939581,190476,871,1,"1"
2362.1211046010371,190473,874,1,"1"
2374.4264810412915,190472,875,1,"1"
2392.6086050109643,190471,876,1,"1"
2445.6652594514821,190469,878,2,"1-1"
2448.8934952518393,190466,881,1,"1"
2449.4027049045794,190448,899,1,"1"
2463.1775345686187,190447,900,1,"1"
2466.0349500682796,190446,901,1,"1"
2481.2931245325094,190440,907,2,"2"
2487.6895906589821,190422,925,1,"1"
2489.2875929015836,190421,926,1,"1"
2535.0039803001014,190403,944,1,"1"
2564.5206773333643,190367,980,3,"3"
2564.552235383685,190364,983,1,"1"
2575.1228897532196,190346,1001,1,"1"
2583.0371448998203,190343,1004,1,"1"
2600.7812604226037,190342,1005,1,"1"
2603.1212774161354,190336,1011,2,"2"
2612.7734755161391,190333,1014,1,"1"
2614.3383608389622,190330,1017,1,"1"
2614.3524702213781,190321,1026,1,"1"
2636.2109700003834,190303,1044,1,"1"
2642.625733156262,190285,1062,1,"1"
2646.3899176736754,190282,1065,1,"1"
2677.4079081299569,190277,1070,1,"1"
2678.9221151025749,190274,1073,1,"1"
2685.7248028755707,190256,1091,1,"1"
2691.4947919396668,190238,1109,1,"1"
2706.2478985627017,190235,1112,3,"2-1"
2718.7030084094881,190233,1114,2,"2"
2722.497091809812,190225,1122,2,"1-1"
2726.6791377352993,190189,1158,2,"1-1"
2728.2304113866494,190171,1176,1,"1"
2731.9922516368188,190168,1179,1,"1"
2744.8827370776903,190150,1197,1,"1"
2750.9675283613587,190132,1215,1,"1"
2762.2284826586556,190129,1218,1,"1"
2782.8127550074946,190126,1221,1,"1"
2785.3554557976063,190115,1232,1,"1"
2788.5466947119362,190097,1250,1,"1"
2816.797098919375,190081,1266,1,"1"
2826.4023771905686,190076,1271,1,"1"
2829.8077927428862,190058,1289,1,"1"
2838.4325234044454,190044,1303,1,"1"
2860.7215377391981,190034,1313,2,"2"
2874.5607717671387,190016,1331,1,"1"
2888.1414283611639,189998,1349,1,"1"
2898.6665735726856,189943,1404,5,"5"
2907.1500626075785,189941,1406,2,"1-1"
2912.0705282052395,189923,1424,1,"1"
2916.8186170014255,189905,1442,1,"1"
2923.9938218209563,189887,1460,1,"1"
2928.3840854771511,189869,1478,1,"1"
2937.5556248990051,189851,1496,1,"1"
2984.8520151545381,189846,1501,1,"1"
2987.3807950619071,189845,1502,1,"1"
2999.4934830863217,189827,1520,1,"1"
3001.9857844236585,189809,1538,1,"1"
3015.3814208385006,189808,1539,1,"1"
3041.9546403981485,189792,1555,1,"1"
3067.1983885329255,189770,1577,2,"2"
3070.0883627141302,189752,1595,1,"1"
3075.6387737251921,189740,1607,4,"2-1-1"
3091.2032327639263,189722,1625,1,"1"
3138.7809137356303,189704,1643,1,"1"
3151.337419217075,189695,1652,3,"2-1"
3161.8432566610122,189677,1670,1,"1"
3172.387403997147,189641,1706,2,"2"
3174.3617802939857,189623,1724,1,"1"
3184.0346660835462,189620,1727,1,"1"
3187.5990481538506,189602,1745,1,"1"
3200.9578666640182,189588,1759,1,"1"
3217.1782452363254,189570,1777,1,"1"
3219.6242389175814,189552,1795,1,"1"
3220.8041429656159,189549,1798,1,"1"
3230.7571391859392,189533,1814,1,"1"
3234.0371320297659,189532,1815,1,"1"
3271.7550417930224,189522,1825,1,"1"
3277.8086047699549,189504,1843,1,"1"
3292.9006431478583,189486,1861,1,"1"
3296.4656135024275,189468,1879,1,"1"
3303.2554768109662,189450,1897,1,"1"
3313.5573087877929,189432,1915,1,"1"
3324.279004498323,189419,1928,1,"1"
3328.6407563000039,189408,1939,1,"1"
3334.18746420555,189390,1957,1,"1"
3337.534006516325,189387,1960,1,"1"
3339.1885531177745,189369,1978,1,"1"
3359.6756241474232,189353,1994,1,"1"
3369.3871771651434,189350,1997,1,"1"
3373.9922704763399,189332,2015,1,"1"
3385.4699220609809,189320,2027,1,"1"
3398.2348498961974,189314,2033,2,"2"
3398.5717745529223,189304,2043,1,"1"
3400.4297171739713,189286,2061,1,"1"
3408.4255589330992,189268,2079,1,"1"
3438.4136347713866,189263,2084,1,"1"
3455.2575825986414,189250,2097,1,"1"
3461.3962891895253,189232,2115,1,"1"
3465.3685029373687,189218,2129,1,"1"
3466.2017457607421,189200,2147,1,"1"
3466.670484937943,189195,2152,1,"1"
3487.0669398242567,189177,2170,1,"1"
3497.0881582975198,189172,2175,1,"1"
3503.5117510942846,189154,2193,1,"1"
3505.1140305460453,189136,2211,1,"1"
3513.6013109334426,189122,2225,1,"1"
3521.5979261248845,189104,2243,1,"1"
3524.3124415862521,189101,2246,1,"1"
3530.3340525874942,189083,2264,1,"1"
3552.8220318701069,189078,2269,1,"1"
3564.8151544213647,189060,2287,1,"1"
3587.6461003124291,189046,2301,1,"1"
3592.197275493756,189028,2319,1,"1"
3594.3455570746564,189025,2322,1,"1"
3608.0259479242832,189007,2340,1,"1"
3633.4447982110646,188989,2358,1,"1"
3657.6585947099243,188986,2361,1,"1"
3661.338962222394,188974,2373,1,"1"
3678.1065146753203,188956,2391,1,"1"
3708.0556005319127,188942,2405,1,"1"
3715.888624990469,188932,2415,1,"1"
3717.7114954790231,188923,2424,1,"1"
3721.978132622482,188905,2442,1,"1"
3723.5636696015517,188900,2447,1,"1"
3731.00312346192,188895,2452,1,"1"
3745.86772568676,188877,2470,1,"1"
3759.2141088190847,188859,2488,1,"1"
3774.8819643478241,188841,2506,1,"1"
3781.0477659077669,188838,2509,1,"1"
3787.8371367054738,188820,2527,1,"1"
3789.9261700871634,188802,2545,1,"1"
3795.192233314202,188784,2563,1,"1"
3795.5255815800488,188774,2573,2,"2"
3802.9316734864524,188771,2576,1,"1"
3825.3876352186544,188764,2583,1,"1"
3849.8471921849241,188759,2588,1,"1"
3858.6933208750193,188752,2595,1,"1"
3865.0393108428161,188747,2600,1,"1"
3867.2191037643902,188735,2612,1,"1"
3870.7380838419226,188689,2658,3,"2-1"
3881.1450879727822,188679,2668,2,"2"
3886.1591126026233,188661,2686,1,"1"
3886.2151924856939,188655,2692,2,"2"
3891.9014268187893,188650,2697,1,"1"
3904.0080187576514,188647,2700,1,"1"
3930.9993621169488,188629,2718,1,"1"
3933.5008070482472,188613,2734,1,"1"
3936.0855666216112,188598,2749,1,"1"
3938.4758847252092,188580,2767,1,"1"
3945.3692481550752,188568,2779,2,"1-1"
3953.1772364959979,188550,2797,1,"1"
3953.2992678672649,188543,2804,1,"1"
3955.5679443869076,188525,2822,1,"1"
3971.0307214765885,188520,2827,1,"1"
3971.8055231826265,188508,2839,1,"1"
3979.4754802272819,188503,2844,1,"1"
3984.6164845023236,188485,2862,1,"1"
3985.2537827851033,188467,2880,1,"1"
4003.5480307493581,188453,2894,1,"1"
4014.4213046759683,188391,2956,12,"5-4-1-1-1"
4034.007985285321,188366,2981,3,"2-1"
4088.8381657036871,188363,2984,1,"1"
4094.4046180185333,188353,2994,1,"1"
4096.2318666822148,188340,3007,1,"1"
4097.5516117814404,188322,3025,1,"1"
4169.3126054369559,188286,3061,2,"2"
4170.4260442050027,188268,3079,1,"1"
4170.9007932842051,188265,3082,1,"1"
4204.890165149357,188243,3104,2,"1-1"
4211.3007359551766,188153,3194,5,"3-1-1"
4221.5522385422746,188139,3208,1,"1"
4226.1319391076659,188136,3211,1,"1"
4237.2385096940152,188118,3229,1,"1"
4255.1997518081289,188100,3247,1,"1"
4256.5455390850202,188072,3275,2,"2"
4259.066360671678,188063,3284,1,"1"
4269.4895601799908,188045,3302,1,"1"
4280.6738125782776,188027,3320,1,"1"
4285.6455280983364,188024,3323,1,"1"
4295.8606178772425,188006,3341,1,"1"
4303.7409623877893,187996,3351,1,"1"
4306.1446837124395,187978,3369,1,"1"
4307.120462960348,187960,3387,2,"2"
4326.9072939872622,187949,3398,1,"1"
4351.0418783629339,187895,3452,3,"2-1"
4356.6519652180141,187885,3462,1,"1"
4358.5028292156276,187876,3471,1,"1"
4376.2335748583373,187858,3489,1,"1"
4385.8805214602107,187846,3501,1,"1"
4395.7708213949454,187828,3519,1,"1"
4399.9487118730367,187818,3529,1,"1"
4400.1847068680518,187800,3547,1,"1"
4406.1023019577169,187776,3571,2,"2"
4416.6157400410748,187758,3589,1,"1"
4425.7332074949927,187755,3592,1,"1"
4427.2169675249161,187737,3610,1,"1"
4438.5162548220014,187719,3628,1,"1"
4440.5950918572262,187696,3651,5,"5"
4449.3415576821208,187678,3669,1,"1"
4475.3589310454254,187660,3687,1,"1"
4482.4768954775027,187655,3692,1,"1"
4483.3763454514728,187625,3722,6,"3-3"
4486.7464997926381,187607,3740,1,"1"
4493.9196348027654,187602,3745,1,"1"
4503.3892273485499,187584,3763,1,"1"
4504.6528484505525,187581,3766,1,"1"
4529.6016792820938,187563,3784,1,"1"
4530.722410939612,187540,3807,5,"5"
4534.5856610385299,187535,3812,1,"1"
4545.7493103814595,187529,3818,2,"2"
4547.3493428968295,187511,3836,1,"1"
4553.9375386068068,187497,3850,1,"1"
4569.2983166032272,187479,3868,1,"1"
4580.5276063019619,187476,3871,1,"1"
4581.6385275502671,187458,3889,1,"1"
4583.6509329343244,187452,3895,2,"2"
4586.1907120287524,187447,3900,1,"1"
4590.0810877046843,187440,3907,1,"1"
4603.756255793709,187431,3916,1,"1"
4613.5807072960806,187428,3919,1,"1"
4618.7919992577008,187425,3922,1,"1"
4628.7235637146414,187407,3940,4,"2-1-1"
4645.1973981080919,187389,3958,1,"1"
4660.1833670229853,187379,3968,1,"1"
4674.8252999214956,187370,3977,1,"1"
4677.8198160233433,187367,3980,1,"1"
4694.8450825642094,187349,3998,1,"1"
4699.884407485637,187331,4016,1,"1"
4708.9175686873332,187321,4026,1,"1"
4725.1292073501609,187316,4031,1,"1"
4728.4949427985857,187298,4049,1,"1"
4741.4260568584186,187284,4063,1,"1"
4745.4470141180955,187266,4081,1,"1"
4778.2005060864412,187248,4099,1,"1"
4783.0973515655405,187197,4150,11,"4-2-2-2-1"
4787.0305660519125,187190,4157,1,"1"
4803.9422599971867,187187,4160,1,"1"
4808.3200476790535,187169,4178,1,"1"
4826.3813976989404,187157,4190,1,"1"
4830.1643032178808,187139,4208,1,"1"
4851.6587209300224,187133,4214,2,"2"
4861.4466560997735,187115,4232,1,"1"
4883.9976470634547,187099,4248,1,"1"
4897.6482681596799,187087,4260,1,"1"
4911.628443490139,187073,4274,1,"1"
4922.1813263388412,187055,4292,1,"1"
4935.2375624949127,187052,4295,1,"1"
4941.1264943270189,187016,4331,2,"1-1"
4948.0580332551044,187013,4334,1,"1"
4950.0255182074379,186995,4352,1,"1"
4961.3460180911297,186985,4362,1,"1"
4962.8907996884836,186952,4395,2,"2"
4978.059981386823,186940,4407,1,"1"
4991.1817549626421,186930,4417,1,"1"
5012.7717578169477,186918,4429,1,"1"
5017.4064771419817,186900,4447,1,"1"
5031.1267764213299,186888,4459,1,"1"
5035.5264427761686,186870,4477,1,"1"
5063.0667995618187,186834,4513,2,"2"
5066.7583777005357,186820,4527,1,"1"
5071.1641363780573,186802,4545,1,"1"
5094.4418902569496,186784,4563,1,"1"
5099.9200275646745,186766,4581,1,"1"
5103.0241468263484,186748,4599,1,"1"
5104.9256358299808,186730,4617,1,"1"
5106.2305597529648,186720,4627,1,"1"
5116.6205163328996,186710,4637,2,"2"
5144.4138742676732,186697,4650,3,"3"
5150.4699137349853,186694,4653,1,"1"
5152.3613390480277,186676,4671,1,"1"
5178.8072057049849,186640,4707,2,"2"
5189.2451751690096,186628,4719,1,"1"
5197.6975200078186,186619,4728,1,"1"
5199.700854705311,186601,4746,1,"1"
5223.9722701430437,186591,4756,2,"2"
5238.3539471834747,186571,4776,2,"1-1"
5243.0141083549934,186561,4786,1,"1"
5244.2952585338662,186545,4802,1,"1"
5257.1946272746336,186535,4812,2,"2"
5261.1141177632044,186517,4830,1,"1"
5262.6632329435142,186512,4835,1,"1"
5264.7474822140857,186507,4840,1,"1"
5295.794378465569,186490,4857,3,"2-1"
5312.1568097882609,186472,4875,1,"1"
5336.7095865494875,186436,4911,2,"1-1"
5342.922155516806,186429,4918,1,"1"
5353.1356223244074,186411,4936,1,"1"
5354.3139715848838,186401,4946,2,"2"
5355.0979538964039,186394,4953,1,"1"
5357.5604393581571,186385,4962,1,"1"
5363.0083088409374,186367,4980,1,"1"
5399.176056036853,186349,4998,1,"1"
5404.960772205498,186331,5016,1,"1"
5406.6305915009361,186313,5034,1,"1"
5431.2533782598784,186295,5052,1,"1"
5432.1921339825894,186277,5070,1,"1"
5434.2421065813096,186241,5106,2,"2"
5439.8219404574484,186223,5124,1,"1"
5444.1036923332776,186208,5139,1,"1"
5451.5594966100371,186190,5157,1,"1"
5457.1587456414672,186172,5175,1,"1"
5457.8574943667554,186155,5192,1,"1"
5462.8389563814926,186095,5252,4,"2-1-1"
5469.1618406265225,186077,5270,1,"1"
5476.7387252338331,186067,5280,1,"1"
5477.3052809922901,186062,5285,1,"1"
5477.8854238735948,186044,5303,1,"1"
5478.4850618000992,186028,5319,1,"1"
5481.4096814040722,185992,5355,2,"2"
5482.3092177552762,185966,5381,6,"4-2"
5490.8757247212197,185950,5397,1,"1"
5512.3909153309687,185932,5415,1,"1"
5547.3520790745761,185918,5429,1,"1"
5576.1066079586772,185900,5447,1,"1"
5579.7776173333787,185882,5465,1,"1"
5600.5804257857171,185875,5472,1,"1"
5602.0839774877231,185839,5508,2,"1-1"
5602.2735462503033,185821,5526,1,"1"
5608.3899072666991,185768,5579,5,"2-1-1-1"
5611.3165617095383,185750,5597,1,"1"
5633.2948127675572,185732,5615,1,"1"
5641.8901735117943,185714,5633,1,"1"
5642.7982758746057,185657,5690,4,"3-1"
5657.8993912699088,185639,5708,1,"1"
5658.3545841778905,185553,5794,7,"4-2-1"
5681.8227627261276,185535,5812,1,"1"
5687.6073910510986,185525,5822,2,"1-1"
5696.5910592322716,185507,5840,1,"1"
5698.9208141636109,185489,5858,1,"1"
5708.3797451795699,185483,5864,2,"2"
5711.1967106590728,185465,5882,1,"1"
5725.6412339741273,185462,5885,1,"1"
5729.6372291102061,185450,5897,1,"1"
5732.463879676664,185447,5900,1,"1"
5732.5149841654766,185423,5924,2,"2"
5737.552999901447,185416,5931,1,"1"
5742.3629145941304,185398,5949,1,"1"
5753.6690771143194,185380,5967,1,"1"
5755.4898737704225,185366,5981,2,"2"
5759.1661560013517,185354,5993,1,"1"
5769.7771942864947,185318,6029,2,"1-1"
5792.127747353411,185300,6047,1,"1"
5810.4980246310406,185293,6054,1,"1"
5847.6467590259208,185275,6072,2,"2"
5859.8459938732458,185265,6082,1,"1"
5865.1638454180011,185249,6098,2,"1-1"
5866.5039880221357,185231,6116,1,"1"
5869.3541130226176,185228,6119,1,"1"
5870.8289441243269,185211,6136,3,"2-1"
5883.7709670886643,185193,6154,1,"1"
5899.5620395959113,185173,6174,2,"2"
5942.5084341505453,185155,6192,2,"1-1"
5944.4675598340373,185137,6210,1,"1"
5949.9976655750788,185111,6236,2,"1-1"
5963.9036852497857,185093,6254,1,"1"
5967.2521784808305,185075,6272,1,"1"
5968.4191165621796,185042,6305,3,"2-1"
5974.9906172533365,185026,6321,1,"1"
5982.7957786301968,185004,6343,2,"1-1"
5983.2216045268287,185001,6346,1,"1"
5985.6623177977654,184985,6362,2,"1-1"
5992.0772238711361,184975,6372,1,"1"
6004.9233771998106,184965,6382,1,"1"
6007.659626945624,184947,6400,1,"1"
6009.821273230933,184929,6418,1,"1"
6010.9061481999006,184887,6460,6,"4-1-1"
6013.8837771358003,184882,6465,1,"1"
6017.5734143112704,184864,6483,1,"1"
6018.6684745919156,184850,6497,2,"2"
6021.9502416831338,184841,6506,1,"1"
6024.4896338846293,184834,6513,1,"1"
6025.0260220244354,184816,6531,1,"1"
6025.9801299437659,184798,6549,1,"1"
6026.6921109580899,184793,6554,1,"1"
6034.7108080708585,184775,6572,1,"1"
6038.8447628850499,184721,6626,4,"3-1"
6043.0051300867026,184704,6643,1,"1"
6043.6282518425869,184695,6652,1,"1"
6052.0383896090743,184677,6670,1,"1"
6063.1276801500908,184659,6688,1,"1"
6065.3641922868101,184641,6706,2,"1-1"
6066.812737770585,184623,6724,1,"1"
6091.8894044721692,184605,6742,1,"1"
6114.2444036287616,184587,6760,2,"2"
6131.5850163821115,184569,6778,1,"1"
6174.8046302520333,184556,6791,1,"1"
6198.3268300689733,184538,6809,1,"1"
6219.2177923094987,184520,6827,1,"1"
6222.6451129068273,184508,6839,1,"1"
6233.3261218868311,184490,6857,1,"1"
6239.9818989416199,184422,6925,6,"3-1-1-1"
6242.5880297973208,184404,6943,1,"1"
6257.8897108419224,184397,6950,1,"1"
6306.4982897238042,184343,7004,3,"1-1-1"
6306.8357208930274,184333,7014,2,"1-1"
6308.3836729825025,184281,7066,4,"2-1-1"
6319.3959495620038,184263,7084,1,"1"
6319.5398042053394,184242,7105,3,"3"
6320.4699956840941,184208,7139,2,"1-1"
6321.1141818331653,184172,7175,2,"2"
6327.340464457382,184165,7182,1,"1"
6339.9375703455489,184147,7200,1,"1"
6346.7396241953684,184105,7242,3,"2-1"
6346.978699057825,184069,7278,2,"1-1"
6348.3227391139626,184051,7296,1,"1"
6350.9536578537536,184033,7314,1,"1"
6353.652473547415,184013,7334,2,"2"
6354.6078534017661,183991,7356,2,"2"
6359.4515563429795,183973,7374,2,"2"
6366.7680733903335,183955,7392,1,"1"
6366.9770246533053,183937,7410,1,"1"
6375.5487873205657,183749,7598,12,"4-2-2-1-1-1-1"
6379.5615218034663,183695,7652,3,"2-1"
6389.9780202867796,183677,7670,1,"1"
6400.4022546387559,183635,7712,3,"3"
6401.5447071277194,183617,7730,1,"1"
6401.6757369765692,183610,7737,1,"1"
6402.346619220406,183592,7755,1,"1"
6412.247812565095,183587,7760,1,"1"
6417.2328468886699,183577,7770,1,"1"
6426.2848273079026,183559,7788,1,"1"
6452.045695711643,183511,7836,4,"3-1"
6458.6097061031733,183493,7854,1,"1"
6472.4134550257431,183457,7890,2,"2"
6472.5144692898884,183439,7908,1,"1"
6473.1565980786845,183421,7926,1,"1"
6487.742918812457,183410,7937,1,"1"
6499.5599099504579,183378,7969,2,"1-1"
6500.2030724769211,183366,7981,2,"2"
6513.5084182158471,183356,7991,1,"1"
6513.9199306316823,183324,8023,4,"3-1"
6520.6300550020314,183304,8043,2,"1-1"
6526.4439543129374,183292,8055,1,"1"
6527.1498851776432,183246,8101,3,"3"
6534.603853499525,183224,8123,2,"1-1"
6537.7917802850616,183215,8132,1,"1"
6544.3175121830409,183197,8150,1,"1"
6550.2558929963698,183167,8180,2,"1-1"
6559.8294885988753,183149,8198,1,"1"
6572.0761080267621,183131,8216,1,"1"
6578.9265074866607,183093,8254,4,"3-1"
6582.9202698513227,183074,8273,3,"2-1"
6585.2285069187956,183056,8291,1,"1"
6593.7697054270202,183042,8305,2,"2"
6595.3089071988452,183024,8323,1,"1"
6597.3914455640761,182976,8371,3,"2-1"
6598.0176784045416,182958,8389,1,"1"
6603.7449981696618,182949,8398,1,"1"
6606.9444194517746,182931,8416,1,"1"
6622.9041390488619,182913,8434,1,"1"
6629.8076491432948,182895,8452,1,"1"
6643.5624838612048,182881,8466,2,"2"
6674.2361265166901,182845,8502,3,"2-1"
6700.742201931037,182827,8520,1,"1"
6703.0384697541076,182816,8531,1,"1"
6722.3758470616158,182802,8545,2,"1-1"
6726.545055928802,182784,8563,1,"1"
6745.4313899096778,182766,8581,1,"1"
6748.2454694259231,182748,8599,1,"1"
6771.4375186540628,182730,8617,1,"1"
6778.485211220649,182712,8635,1,"1"
6780.5328062354392,182694,8653,1,"1"
6788.5305125636742,182658,8689,2,"2"
6801.9585480167761,182605,8742,7,"3-3-1"
6802.1228320779601,182587,8760,1,"1"
6802.1952872915972,182569,8778,1,"1"
6811.4508217343937,182523,8824,4,"1-1-1-1"
6817.5407972718131,182479,8868,3,"2-1"
6833.8500987515881,182466,8881,1,"1"
6838.1498789923107,182455,8892,1,"1"
6847.385840838002,182439,8908,1,"1"
6856.469723849651,182421,8926,1,"1"
6867.6367000299406,182414,8933,1,"1"
6884.1588249523475,182396,8951,1,"1"
6896.7517365537042,182378,8969,1,"1"
6903.7852150171166,182360,8987,1,"1"
6911.8284659861156,182328,9019,2,"1-1"
6914.1591672029008,182274,9073,3,"2-1"
6918.429816381069,182271,9076,1,"1"
6925.2435144968895,182235,9112,2,"2"
6937.357859392152,182217,9130,1,"1"
6937.840610182463,182181,9166,2,"1-1"
6939.1708321534961,182163,9184,1,"1"
6949.0161789002013,182153,9194,1,"1"
6949.9353435495523,182135,9212,1,"1"
6953.4004447185489,182123,9224,1,"1"
6955.4006606613148,182095,9252,2,"2"
6959.1046959277392,182077,9270,1,"1"
6969.0920616362719,182061,9286,1,"1"
6985.1877902448023,182043,9304,1,"1"
6988.2140008109509,182028,9319,1,"1"
6992.552724296138,181974,9373,3,"2-1"
6998.6501208038871,181955,9392,3,"2-1"
7000.6007436890859,181901,9446,4,"4"
7011.741246928792,181761,9586,11,"5-3-1-1-1"
7013.7432346685009,181743,9604,2,"2"
7016.4110380845095,181726,9621,1,"1"
7032.5660239825047,181708,9639,1,"1"
7035.3258265840268,181703,9644,1,"1"
7044.7951174522323,181676,9671,5,"2-1-1-1"
7047.3350179658828,181622,9725,4,"3-1"
7052.1193163719308,181600,9747,2,"2"
7058.7185873439084,181582,9765,1,"1"
7060.9407147907659,181282,10065,21,"7-4-4-2-1-1-1-1"
7100.4419824176139,181264,10083,1,"1"
7100.5337324872589,181246,10101,1,"1"
7102.7664265038147,181228,10119,1,"1"
7112.6777220151662,181210,10137,1,"1"
7117.0133275575108,181192,10155,1,"1"
7124.5320929409254,180972,10375,15,"7-4-3-1"
7124.8230231520274,180956,10391,1,"1"
7136.837415093989,180938,10409,1,"1"
7139.026728282156,180920,10427,1,"1"
7166.4999799708585,180902,10445,1,"1"
7170.7434835104987,180866,10481,2,"2"
7181.6990294849084,180830,10517,2,"1-1"
7189.9017111890607,180823,10524,1,"1"
7194.7351961606091,180717,10630,9,"4-3-1-1"
7201.2975363266587,180707,10640,2,"2"
7203.4638236703722,180679,10668,2,"1-1"
7208.083236966716,180661,10686,1,"1"
7232.2876790959281,180643,10704,1,"1"
7235.6816618443754,180557,10790,9,"4-1-1-1-1-1"
7253.4795147829582,180541,10806,1,"1"
7255.0957328745017,180523,10824,1,"1"
7258.0985733259486,180505,10842,1,"1"
7262.0279943863707,180498,10849,1,"1"
7265.8031192882518,180462,10885,2,"2"
7273.7783371108244,180408,10939,3,"1-1-1"
7282.306419326279,180372,10975,2,"2"
7284.9618990428971,180354,10993,1,"1"
7289.4736596466382,180310,11037,3,"1-1-1"
7307.1319491697004,180292,11055,1,"1"
7324.4550936699306,180222,11125,5,"2-2-1"
7324.6815916010928,179902,11445,22,"5-4-3-2-2-2-1-1-1-1"
7325.4653906029271,179866,11481,2,"1-1"
7326.8015058598812,179812,11535,3,"1-1-1"
7332.9332815581702,179776,11571,2,"1-1"
7344.0430533459848,179758,11589,1,"1"
7344.8854920403237,179720,11627,3,"2-1"
7346.0536804138055,179684,11663,2,"1-1"
7349.7936462238122,179666,11681,1,"1"
7350.6237272410517,179655,11692,1,"1"
7354.8448254484574,179637,11710,1,"1"
7355.1110303921905,179619,11728,1,"1"
7372.4119133356098,179511,11836,6,"3-1-1-1"
7374.2370518301477,179504,11843,1,"1"
7379.2128518702175,179486,11861,1,"1"
7380.3932975669322,179448,11899,4,"3-1"
7382.9376192655327,179383,11964,7,"6-1"
7385.7041519767035,179365,11982,1,"1"
7392.0140613963495,179289,12058,5,"3-2"
7401.3015702713183,179235,12112,3,"2-1"
7401.7491133269705,179217,12130,1,"1"
7402.3321194670225,179199,12148,1,"1"
7432.6888669312984,179181,12166,1,"1"
7436.4249545910761,179163,12184,2,"2"
7438.4293289389925,179085,12262,5,"3-2"
7454.9853128177556,179073,12274,1,"1"
7477.6036776983074,179037,12310,2,"2"
7484.2423112001043,179019,12328,1,"1"
7485.0317355762518,0,191347,10163,"10163"
