f,num_active_particles,num_deleted_particles,total_deleted_rods,avalanche_sizes
0,201103,0,0,"0"
124.22360558529415,201091,12,1,"1"
172.57118635157218,201090,13,1,"1"
431.04503433387526,201072,31,1,"1"
440.72619589789912,201065,38,1,"1"
463.07005258004153,201064,39,1,"1"
466.62520163476944,201061,42,1,"1"
528.00431765154235,201049,54,1,"1"
551.56716635823534,201048,55,1,"1"
553.21708084449585,201030,73,1,"1"
578.60221147946368,201029,74,1,"1"
579.79231408735461,201011,92,1,"1"
650.26904253885402,201001,102,1,"1"
683.80468768744936,200983,120,1,"1"
686.37725150470726,200982,121,1,"1"
698.77490832289322,200981,122,1,"1"
765.9862767913811,200980,123,1,"1"
766.89121340409031,200979,124,1,"1"
771.11434456317261,200972,131,1,"1"
799.69281111898533,200967,136,1,"1"
821.60502266271067,200966,137,1,"1"
824.33483089279321,200965,138,1,"1"
828.6500058600933,200964,139,1,"1"
846.4452256762055,200963,140,1,"1"
859.38304816707841,200956,147,1,"1"
864.89184597695873,200955,148,1,"1"
871.22080234740258,200954,149,1,"1"
881.15211759978263,200953,150,1,"1"
885.73467977223072,200931,172,2,"2"
897.74308435677244,200928,175,1,"1"
904.43013204197314,200927,176,1,"1"
919.62473601313422,200926,177,1,"1"
967.95028140820523,200921,182,1,"1"
979.52763542332764,200919,184,2,"2"
1013.7561675667145,200918,185,1,"1"
1052.6806834304944,200908,195,1,"1"
1080.7015939227922,200905,198,1,"1"
1119.8998451492275,200887,216,1,"1"
1129.5747899501036,200876,227,1,"1"
1139.6824391118455,200873,230,1,"1"
1147.2902387154159,200872,231,1,"1"
1200.6309116243576,200867,236,1,"1"
1215.716194497691,200866,237,1,"1"
1242.2522339395732,200865,238,1,"1"
1273.6047077046242,200864,239,1,"1"
1298.4812315672439,200861,242,1,"1"
1312.8874850103753,200860,243,1,"1"
1324.7605561607229,200843,260,1,"1"
1346.0893940950359,200825,278,1,"1"
1348.1691684321436,200807,296,1,"1"
1358.6824014519786,200805,298,2,"2"
1361.9270511034908,200804,299,1,"1"
1366.1211999135135,200801,302,1,"1"
1370.435134003849,200800,303,1,"1"
1373.283567933639,200799,304,1,"1"
1381.5082788063612,200796,307,1,"1"
1412.8856116254806,200795,308,1,"1"
1442.9467838340638,200794,309,1,"1"
1447.104349983608,200776,327,1,"1"
1462.3988024725629,200758,345,1,"1"
1463.6145175484583,200755,348,1,"1"
1464.456680940224,200737,366,1,"1"
1470.6096842675947,200736,367,1,"1"
1480.107471355182,200735,368,1,"1"
1502.134215066272,200717,386,1,"1"
1511.3829538560385,200710,393,1,"1"
1513.089055515906,200709,394,1,"1"
1531.0886883605513,200708,395,1,"1"
1534.0502993222317,200690,413,1,"1"
1537.694060282085,200689,414,1,"1"
1557.4586776364199,200687,416,2,"2"
1582.1640556326092,200684,419,1,"1"
1594.1609014996166,200681,422,1,"1"
1598.8442715618487,200676,427,1,"1"
1605.6627265588786,200658,445,1,"1"
1671.8762992102083,200651,452,1,"1"
1687.6215177543677,200619,484,2,"2"
1703.5790461768722,200618,485,1,"1"
1720.033010167002,200600,503,1,"1"
1729.4035836584778,200595,508,1,"1"
1780.5151982308771,200577,526,1,"1"
1783.8599773875178,200571,532,2,"2"
1808.2672750586978,200568,535,1,"1"
1818.709468717037,200550,553,2,"2"
1841.2656843657646,200549,554,1,"1"
1850.8852945403955,200547,556,2,"2"
1860.3775104525598,200529,574,1,"1"
1866.5687211856884,200525,578,2,"1-1"
1866.8972157673691,200507,596,1,"1"
1873.7167107578377,200471,632,2,"1-1"
1876.7259358732708,200470,633,1,"1"
1885.6623651272328,200452,651,1,"1"
1886.2190005470698,200450,653,2,"2"
1891.2939913989733,200443,660,1,"1"
1898.0240669586703,200425,678,1,"1"
1957.062604482629,200407,696,1,"1"
1970.6116249907479,200390,713,3,"3"
1989.2024435143817,200372,731,1,"1"
2026.2982234223427,200371,732,1,"1"
2067.0169291357238,200370,733,1,"1"
2124.9856062934869,200352,751,1,"1"
2138.466255069307,200348,755,2,"2"
2153.2058701618289,200347,756,1,"1"
2157.7109995019291,200344,759,1,"1"
2172.8401271559901,200343,760,1,"1"
2196.6836972577253,200325,778,1,"1"
2220.0164743180394,200324,779,1,"1"
2225.4552790076618,200323,780,1,"1"
2230.5749049012225,200317,786,2,"2"
2240.1477268708991,200299,804,1,"1"
2251.3698709958476,200292,811,1,"1"
2269.3250737322742,200286,817,2,"1-1"
2280.9348361406132,200281,822,1,"1"
2319.1275982570783,200280,823,1,"1"
2319.9815428176425,200266,837,1,"1"
2330.6273485556048,200263,840,1,"1"
2331.4935629202391,200258,845,1,"1"
2338.0972403606129,200240,863,1,"1"
2354.241870540221,200237,866,1,"1"
2369.7339421815236,200234,869,1,"1"
2371.5705728177527,200216,887,1,"1"
2389.9001953805714,200213,890,1,"1"
2418.7854644713507,200210,893,1,"1"
2428.9390880176898,200207,896,1,"1"
2443.2495093176572,200204,899,1,"1"
2458.0617894442926,200190,913,2,"2"
2474.1251085455056,200178,925,1,"1"
2478.5867649920801,200150,953,2,"2"
2480.0307786266435,200132,971,1,"1"
2507.8368914570851,200114,989,1,"1"
2509.8152306889328,200102,1001,2,"2"
2519.9247212690952,200084,1019,1,"1"
2550.8732730697816,200079,1024,1,"1"
2597.6105344137882,200076,1027,1,"1"
2597.7078236750131,200073,1030,1,"1"
2635.5771992632731,200067,1036,2,"1-1"
2653.6347216609279,200051,1052,1,"1"
2670.3435666274881,200048,1055,1,"1"
2697.7959664013761,200038,1065,1,"1"
2714.4497435894159,200035,1068,1,"1"
2739.9966601938595,200017,1086,1,"1"
2750.8625182523078,200014,1089,1,"1"
2751.7557572560199,200009,1094,1,"1"
2754.2292386065524,199991,1112,1,"1"
2757.5490928182357,199986,1117,1,"1"
2777.1566059507372,199983,1120,1,"1"
2791.2944572005335,199965,1138,1,"1"
2791.5395458660482,199947,1156,1,"1"
2796.6676327970972,199929,1174,1,"1"
2802.2764827761375,199926,1177,1,"1"
2834.5526429994184,199908,1195,1,"1"
2842.4897211757389,199890,1213,1,"1"
2850.8956919495395,199887,1216,1,"1"
2862.7538924470655,199884,1219,1,"1"
2938.5884200270084,199866,1237,1,"1"
2948.3405226121213,199863,1240,1,"1"
2965.0871819233116,199860,1243,1,"1"
2973.8173213273171,199842,1261,1,"1"
2993.8391525441912,199835,1268,1,"1"
3017.6156055807078,199832,1271,1,"1"
3053.3268120776238,199821,1282,1,"1"
3073.6639273198839,199818,1285,1,"1"
3127.9875234698006,199809,1294,3,"3"
3130.8630349378727,199793,1310,4,"4"
3137.4998126594451,199784,1319,1,"1"
3139.3020713329947,199781,1322,1,"1"
3139.9755883611138,199766,1337,1,"1"
3140.54393203687,199756,1347,2,"2"
3154.4143633180925,199738,1365,1,"1"
3157.2716799306718,199732,1371,2,"2"
3157.8933835008665,199729,1374,1,"1"
3209.6730742912387,199711,1392,1,"1"
3211.6978323223216,199705,1398,2,"1-1"
3241.0487908327327,199702,1401,1,"1"
3247.780625773783,199691,1412,1,"1"
3257.457914732965,199677,1426,1,"1"
3325.3568367303428,199671,1432,2,"1-1"
3352.9393268452186,199668,1435,1,"1"
3356.0819416574409,199650,1453,1,"1"
3356.932784031907,199632,1471,1,"1"
3386.9639200125794,199614,1489,1,"1"
3398.9343618581811,199604,1499,1,"1"
3430.0809304105051,199599,1504,1,"1"
3438.157889089176,199587,1516,1,"1"
3463.7713643958186,199584,1519,1,"1"
3475.9759217063697,199566,1537,1,"1"
3524.1262689495238,199557,1546,3,"2-1"
3526.8963189764349,199545,1558,2,"1-1"
3573.8114557697986,199542,1561,1,"1"
3615.673847423504,199532,1571,1,"1"
3629.325907344476,199514,1589,1,"1"
3632.5865452593989,199496,1607,1,"1"
3637.1560050708654,199478,1625,1,"1"
3652.9716923703968,199472,1631,2,"2"
3662.2680629796769,199469,1634,1,"1"
3663.8986916841754,199466,1637,1,"1"
3667.6982758584772,199448,1655,1,"1"
3687.8009414848225,199434,1669,1,"1"
3693.8202757288377,199418,1685,1,"1"
3700.3435277725002,199400,1703,1,"1"
3726.0491630222118,199397,1706,1,"1"
3740.1031820352596,199387,1716,1,"1"
3755.5636367590428,199377,1726,2,"2"
3761.392139935474,199361,1742,1,"1"
3768.7086464499962,199325,1778,2,"2"
3783.7528133318974,199322,1781,1,"1"
3805.3418311524833,199304,1799,1,"1"
3810.7052603573561,199297,1806,1,"1"
3818.2049207369209,199279,1824,1,"1"
3831.7605562130921,199272,1831,1,"1"
3833.3150110521697,199254,1849,1,"1"
3838.864060670272,199236,1867,1,"1"
3859.3606724579777,199218,1885,1,"1"
3869.7943627888521,199200,1903,1,"1"
3870.1229348342758,199188,1915,1,"1"
3880.0661646226722,199170,1933,1,"1"
3881.6044563887963,199152,1951,1,"1"
3882.1466669761076,199142,1961,2,"1-1"
3883.7835932558919,199124,1979,1,"1"
3891.4929367104237,199113,1990,1,"1"
3900.0616811506006,199095,2008,1,"1"
3908.4614286027572,199077,2026,1,"1"
3910.7273902984889,199031,2072,5,"4-1"
3913.8473689033735,199021,2082,1,"1"
3918.2257726029416,199016,2087,1,"1"
3979.9654966306475,198998,2105,1,"1"
3986.4254472460184,198962,2141,2,"2"
3987.6922661904919,198944,2159,1,"1"
3998.5116565359249,198926,2177,1,"1"
3999.6194812929061,198914,2189,1,"1"
4004.9929841273602,198896,2207,1,"1"
4012.0104507791007,198878,2225,1,"1"
4014.215571150753,198872,2231,2,"2"
4023.3228474187208,198859,2244,3,"3"
4043.6400118955034,198856,2247,1,"1"
4045.5216845577256,198851,2252,1,"1"
4066.1657541630743,198833,2270,1,"1"
4072.7565639517334,198830,2273,1,"1"
4081.096683113682,198812,2291,1,"1"
4088.7691544412291,198794,2309,1,"1"
4108.1832196778041,198776,2327,1,"1"
4112.4827963077623,198748,2355,2,"2"
4151.3491110181694,198741,2362,1,"1"
4156.1293679747414,198726,2377,5,"2-2-1"
4164.3440732611916,198719,2384,1,"1"
4175.8219960923343,198701,2402,1,"1"
4177.9916467746725,198673,2430,6,"3-2-1"
4182.5450041827544,198655,2448,1,"1"
4184.1160130028902,198637,2466,1,"1"
4192.890347911909,198630,2473,1,"1"
4242.3362422389964,198623,2480,1,"1"
4275.4547655860442,198613,2490,2,"1-1"
4276.4911027813041,198606,2497,1,"1"
4283.4634017470389,198588,2515,1,"1"
4285.6022855561678,198571,2532,3,"1-1-1"
4306.369322586931,198553,2550,1,"1"
4310.1190715393086,198535,2568,1,"1"
4331.6328479823769,198525,2578,1,"1"
4331.7392290554253,198507,2596,1,"1"
4339.764984499483,198504,2599,1,"1"
4355.6723642798197,198492,2611,1,"1"
4371.6248434710906,198489,2614,1,"1"
4372.7719636763732,198471,2632,1,"1"
4375.3125615867712,198468,2635,1,"1"
4385.9316643880138,198450,2653,1,"1"
4395.7645096616307,198445,2658,1,"1"
4405.1232701538665,198440,2663,1,"1"
4409.3626064025857,198422,2681,1,"1"
4419.9815408536815,198412,2691,1,"1"
4435.0801255434617,198394,2709,1,"1"
4437.2476934493216,198369,2734,3,"3"
4440.1796751033235,198364,2739,1,"1"
4445.5185433724737,198346,2757,1,"1"
4455.5100122816284,198343,2760,1,"1"
4458.2999235285888,198333,2770,1,"1"
4480.601736928149,198315,2788,1,"1"
4483.176933804938,198297,2806,1,"1"
4508.5830397431318,198290,2813,1,"1"
4508.7468682573381,198287,2816,1,"1"
4510.1427131969267,198284,2819,1,"1"
4535.9244182898483,198266,2837,6,"3-2-1"
4540.2747700452519,198250,2853,1,"1"
4546.4249948632068,198216,2887,2,"2"
4555.941354014114,198205,2898,1,"1"
4556.7502107520031,198187,2916,1,"1"
4577.3439817488133,198169,2934,1,"1"
4585.9968426058322,198166,2937,1,"1"
4590.5073372647685,198148,2955,1,"1"
4603.6685408390167,198130,2973,1,"1"
4609.5019085008917,198118,2985,1,"1"
4609.5495460007787,198106,2997,1,"1"
4618.5671740879525,198099,3004,1,"1"
4622.2791613334539,198079,3024,4,"2-2"
4624.867282094714,198069,3034,1,"1"
4644.3852951167755,198063,3040,2,"2"
4667.07201078053,198045,3058,1,"1"
4674.5257317719197,198008,3095,5,"4-1"
4686.4694635416972,197990,3113,1,"1"
4707.9361425103853,197972,3131,1,"1"
4728.3387640356896,197954,3149,1,"1"
4750.7394889010229,197944,3159,2,"1-1"
4768.4396656516947,197915,3188,2,"2"
4803.1916549496818,197912,3191,1,"1"
4822.2486795902178,197894,3209,1,"1"
4847.1348622876903,197884,3219,1,"1"
4859.1784360960355,197872,3231,1,"1"
4873.2593889911041,197854,3249,1,"1"
4878.2618338387956,197847,3256,1,"1"
4881.4611320296735,197813,3290,3,"2-1"
4910.4026867776183,197795,3308,1,"1"
4938.4312003727136,197777,3326,1,"1"
4942.5096073404375,197741,3362,2,"1-1"
4944.5598302881026,197723,3380,1,"1"
4956.3197878040801,197705,3398,1,"1"
4957.6426338595284,197700,3403,1,"1"
4959.8062379596395,197693,3410,1,"1"
4959.8692285935949,197675,3428,1,"1"
4963.9316610557789,197657,3446,1,"1"
5031.1914875221746,197621,3482,3,"2-1"
5053.2022059031087,197603,3500,1,"1"
5059.4402783470578,197585,3518,1,"1"
5077.6404113201779,197567,3536,1,"1"
5078.4905862967162,197560,3543,1,"1"
5081.7181374559468,197535,3568,3,"2-1"
5110.7450306947967,197523,3580,1,"1"
5110.7738427337672,197518,3585,1,"1"
5118.9184940190244,197511,3592,1,"1"
5121.5280951026452,197475,3628,2,"2"
5127.9227615586542,197466,3637,1,"1"
5127.9795316565442,197448,3655,1,"1"
5137.7005667942331,197426,3677,4,"2-1-1"
5162.4759344713084,197408,3695,1,"1"
5169.6435052411289,197378,3725,2,"1-1"
5173.8356360459074,197360,3743,1,"1"
5175.3591035583167,197355,3748,1,"1"
5188.1080862183717,197337,3766,1,"1"
5196.4259652296987,197319,3784,1,"1"
5200.2270197847211,197307,3796,1,"1"
5203.954142801379,197289,3814,1,"1"
5221.9847944217581,197279,3824,1,"1"
5231.9840998256523,197261,3842,1,"1"
5244.3440404784787,197243,3860,1,"1"
5253.2539767539101,197211,3892,4,"4"
5262.4384187695541,197181,3922,3,"1-1-1"
5275.9738456026871,197163,3940,1,"1"
5285.5761735432925,197145,3958,1,"1"
5322.3358336056517,197142,3961,1,"1"
5336.0139285629839,197137,3966,1,"1"
5346.8608557509879,197130,3973,1,"1"
5361.9926010206564,197123,3980,1,"1"
5379.9903358757892,197105,3998,1,"1"
5380.5256959953595,197067,4036,3,"2-1"
5383.59132330597,197049,4054,1,"1"
5385.1495489305471,197033,4070,2,"2"
5388.9322524136887,197021,4082,1,"1"
5426.7146841727827,197003,4100,1,"1"
5433.9798056252921,196996,4107,1,"1"
5441.1443022231751,196982,4121,2,"1-1"
5454.8189536642103,196964,4139,1,"1"
5455.0084992645679,196912,4191,8,"3-2-2-1"
5458.1441319185378,196894,4209,1,"1"
5467.01380440301,196876,4227,1,"1"
5468.4712223370952,196858,4245,1,"1"
5472.8250927401396,196840,4263,1,"1"
5481.8420843333333,196831,4272,3,"3"
5501.0047642524878,196817,4286,1,"1"
5512.2799635200436,196799,4304,1,"1"
5521.4268057253958,196771,4332,3,"2-1"
5523.4055090174515,196759,4344,1,"1"
5525.0265005297833,196741,4362,1,"1"
5530.3194326386247,196724,4379,3,"1-1-1"
5538.0855889251197,196713,4390,1,"1"
5542.7430024910554,196695,4408,1,"1"
5548.0591793146968,196682,4421,3,"1-1-1"
5553.7852073873501,196664,4439,1,"1"
5580.6194734601886,196636,4467,2,"1-1"
5601.1901517052584,196618,4485,1,"1"
5605.3136837112434,196613,4490,1,"1"
5621.8900417312097,196595,4508,1,"1"
5636.7602697370548,196585,4518,1,"1"
5638.8026437996741,196569,4534,1,"1"
5640.7250768718004,196551,4552,1,"1"
5643.4070753691376,196533,4570,1,"1"
5645.7642032048334,196509,4594,2,"2"
5654.3711240184457,196491,4612,1,"1"
5678.4406708251827,196485,4618,2,"2"
5678.582396207079,196464,4639,3,"2-1"
5708.8749844672911,196438,4665,2,"1-1"
5717.2303216763603,196426,4677,1,"1"
5718.1523847119561,196408,4695,1,"1"
5718.7485782162075,196390,4713,1,"1"
5721.0625819941579,196381,4722,1,"1"
5722.3924321323175,196315,4788,5,"4-1"
5733.4995489436315,196297,4806,1,"1"
5735.836535556281,196283,4820,2,"2"
5737.5878060765053,196269,4834,1,"1"
5738.521185041086,196241,4862,2,"2"
5739.4409878745564,196223,4880,1,"1"
5748.9268232852319,196211,4892,1,"1"
5759.3761995505774,196193,4910,1,"1"
5764.3832057940881,196175,4928,1,"1"
5778.1385761207302,196169,4934,2,"2"
5781.4957373858961,196151,4952,1,"1"
5787.7690332041511,196115,4988,2,"2"
5790.240983874337,196097,5006,1,"1"
5801.8525434548028,196092,5011,1,"1"
5814.3908667493743,196074,5029,1,"1"
5817.3744086692359,196056,5047,1,"1"
5818.0343989240582,196038,5065,1,"1"
5825.9580763346721,196029,5074,1,"1"
5832.8131118992496,196024,5079,1,"1"
5833.4238799574205,196017,5086,1,"1"
5835.8011276007064,195999,5104,1,"1"
5859.8394536901378,195981,5122,1,"1"
5861.1927824170734,195963,5140,1,"1"
5873.4884253972205,195909,5194,3,"2-1"
5891.9282200368225,195891,5212,1,"1"
5893.8678616037123,195873,5230,1,"1"
5920.264698663841,195863,5240,1,"1"
5933.6878243905958,195858,5245,1,"1"
5934.0117909815135,195848,5255,1,"1"
5938.5871845779902,195830,5273,1,"1"
5941.4605697029165,195825,5278,1,"1"
5952.2709847866754,195807,5296,1,"1"
5956.7754414443934,195787,5316,2,"2"
5957.453195008462,195769,5334,1,"1"
5957.5604215321409,195751,5352,1,"1"
5965.2191836713273,195701,5402,5,"2-2-1"
5965.7131262226449,195689,5414,1,"1"
5976.5781287958516,195671,5432,1,"1"
5996.3718908107403,195653,5450,1,"1"
6003.1457135041446,195635,5468,1,"1"
6016.5687463849154,195617,5486,1,"1"
6018.8398688017733,195599,5504,1,"1"
6020.3927434597208,195563,5540,3,"2-1"
6031.904308409853,195545,5558,1,"1"
6036.6968678817275,195517,5586,2,"2"
6041.3123539691142,195503,5600,2,"2"
6043.2373116852123,195469,5634,2,"2"
6043.2521134213785,195456,5647,1,"1"
6050.2102144837863,195438,5665,1,"1"
6055.8265810565481,195420,5683,1,"1"
6057.265698195215,195391,5712,2,"1-1"
6072.969748375639,195373,5730,1,"1"
6082.4375101943087,195368,5735,1,"1"
6085.2309417029846,195361,5742,1,"1"
6086.2861266484242,195351,5752,2,"1-1"
6090.0746291127407,195333,5770,1,"1"
6105.3788828504466,195297,5806,2,"2"
6108.2093931777326,195279,5824,1,"1"
6112.1798251923974,195261,5842,1,"1"
6112.7687294074649,195225,5878,2,"2"
6116.3745381809767,195207,5896,1,"1"
6119.9309940038856,195195,5908,1,"1"
6124.8680531678183,195183,5920,1,"1"
6130.7628887733808,195165,5938,1,"1"
6131.5157184028185,195129,5974,2,"1-1"
6135.4200377596235,195111,5992,1,"1"
6136.5811760712231,195077,6026,2,"2"
6137.8329220796686,195059,6044,1,"1"
6138.0223175118017,195052,6051,1,"1"
6142.7892568213465,195040,6063,1,"1"
6161.3514485571877,195022,6081,1,"1"
6165.5980988211932,195004,6099,1,"1"
6168.8080434435069,194988,6115,1,"1"
6170.4584737506093,194981,6122,1,"1"
6171.346309883631,194972,6131,1,"1"
6179.6823897012409,194958,6145,2,"2"
6184.742253732612,194922,6181,2,"1-1"
6191.7620773161616,194904,6199,1,"1"
6195.9486994076724,194872,6231,3,"3"
6225.598482026845,194842,6261,2,"1-1"
6228.5724041162084,194835,6268,1,"1"
6228.9325389415171,194817,6286,1,"1"
6229.8172605702675,194723,6380,7,"2-2-2-1"
6243.1324699810202,194705,6398,1,"1"
6246.6530439069984,194687,6416,1,"1"
6257.4933733573707,194669,6434,1,"1"
6279.7360532419279,194633,6470,2,"2"
6294.1024551594846,194623,6480,1,"1"
6329.3526601766025,194616,6487,1,"1"
6340.005156131725,194564,6539,4,"3-1"
6345.3672571755906,194464,6639,7,"3-2-1-1"
6348.6871678166272,194454,6649,1,"1"
6366.7353498866623,194436,6667,1,"1"
6372.279838031096,194429,6674,1,"1"
6374.8445831879162,194389,6714,3,"2-1"
6375.7722452897306,194371,6732,1,"1"
6387.5945774529446,194353,6750,1,"1"
6388.6069235789773,194335,6768,1,"1"
6397.0864525839534,194317,6786,1,"1"
6428.2042863556098,194299,6804,1,"1"
6430.2652339036367,194281,6822,1,"1"
6433.6730545560813,194276,6827,1,"1"
6433.8072164110872,194258,6845,1,"1"
6439.5406699816158,194246,6857,1,"1"
6463.5352437421761,194232,6871,2,"2"
6475.4343856682817,194214,6889,1,"1"
6476.0056725623108,194186,6917,2,"2"
6478.3962115657878,194168,6935,1,"1"
6487.4101606401837,194150,6953,1,"1"
6513.9667805339595,194139,6964,1,"1"
6535.6749010619287,194126,6977,1,"1"
6549.2445007234246,194108,6995,1,"1"
6553.3617122447358,194090,7013,1,"1"
6553.9510498883301,194072,7031,1,"1"
6556.069575155575,194043,7060,3,"3"
6576.3298517247404,194031,7072,1,"1"
6584.7435312872012,193974,7129,5,"2-2-1"
6585.2628487335378,193956,7147,1,"1"
6586.9374001071747,193940,7163,1,"1"
6603.4511324429805,193922,7181,1,"1"
6603.9648581277252,193904,7199,1,"1"
6606.7849631404333,193886,7217,1,"1"
6610.5714010223974,193868,7235,1,"1"
6613.3884416142027,193850,7253,1,"1"
6633.5031024931059,193832,7271,1,"1"
6633.6732120589932,193820,7283,1,"1"
6634.5445114466902,193817,7286,1,"1"
6634.7372832203864,193812,7291,1,"1"
6640.0612499001254,193805,7298,1,"1"
6641.0692516703039,193754,7349,7,"6-1"
6652.8300063507077,193747,7356,1,"1"
6655.1664545522026,193740,7363,1,"1"
6663.3133579108544,193735,7368,1,"1"
6663.5023342237364,193717,7386,1,"1"
6668.6713766196908,193699,7404,1,"1"
6671.8016543103267,193681,7422,1,"1"
6681.0785568757283,193663,7440,1,"1"
6681.8176082258551,193647,7456,1,"1"
6683.0948549452978,193629,7474,1,"1"
6687.98882753219,193622,7481,1,"1"
6701.5951784205199,193612,7491,2,"2"
6707.7901276159564,193600,7503,1,"1"
6716.1859963552915,193541,7562,4,"2-2"
6724.4755831035245,193523,7580,1,"1"
6738.3265978637801,193505,7598,1,"1"
6751.462471303339,193494,7609,1,"1"
6763.5755427954136,193458,7645,2,"2"
6772.4336675133572,193440,7663,1,"1"
6782.9574949535163,193422,7681,1,"1"
6792.1034842768395,193396,7707,2,"2"
6794.2589613217688,193378,7725,1,"1"
6798.7795971363666,193371,7732,1,"1"
6802.3109777368672,193353,7750,1,"1"
6803.0118162683057,193335,7768,1,"1"
6805.3315598420695,193317,7786,1,"1"
6808.5143053553502,193308,7795,1,"1"
6815.0380485119003,193272,7831,2,"1-1"
6822.1972910701543,193254,7849,1,"1"
6835.8074400015366,193244,7859,1,"1"
6855.5076724632672,193218,7885,2,"1-1"
6855.7103808889524,193200,7903,1,"1"
6856.3469021295068,193178,7925,2,"2"
6861.6208753639376,193173,7930,1,"1"
6868.0910335693816,193155,7948,1,"1"
6873.4262684225423,193137,7966,1,"1"
6873.9859790242999,193115,7988,2,"2"
6878.7730158894128,193024,8079,7,"2-2-2-1"
6879.3574828245464,193006,8097,1,"1"
6882.9639201194759,192988,8115,1,"1"
6884.449772465171,192970,8133,1,"1"
6895.840892644278,192952,8151,1,"1"
6895.8631889417593,192898,8205,3,"3"
6896.8997676872041,192880,8223,1,"1"
6904.7031358147642,192873,8230,1,"1"
6917.3196151018465,192837,8266,2,"2"
6920.1613090620203,192819,8284,1,"1"
6924.8549021119225,192730,8373,8,"4-2-1-1"
6936.3595121557728,192712,8391,1,"1"
6937.7885251951657,192694,8409,1,"1"
6941.2422479248798,192676,8427,1,"1"
6963.3438808011133,192658,8445,1,"1"
6971.5484537643488,192637,8466,3,"3"
6971.9906112279332,192626,8477,1,"1"
6973.0820768507319,192614,8489,1,"1"
6984.8173718355756,192599,8504,1,"1"
7040.2352730505736,192563,8540,2,"2"
7043.2955063399768,192545,8558,1,"1"
7044.2412380047399,192527,8576,1,"1"
7063.4242681476317,192473,8630,3,"2-1"
7065.1057602196324,192453,8650,2,"2"
7070.6769262402177,192448,8655,1,"1"
7078.913419494972,192432,8671,1,"1"
7089.8632593345801,192414,8689,1,"1"
7097.4522384436505,192378,8725,2,"2"
7101.7355961529347,192342,8761,2,"2"
7102.9539832303662,192312,8791,3,"2-1"
7111.3091823633085,192169,8934,16,"4-2-2-2-1-1-1-1-1-1"
7112.4044416505867,192133,8970,2,"2"
7114.551028151147,192097,9006,2,"2"
7136.3355055972788,192079,9024,1,"1"
7138.8889565516793,192043,9060,2,"1-1"
7141.2546066035502,192002,9101,3,"2-1"
7158.3453893468359,191984,9119,1,"1"
7158.6987662065103,191971,9132,1,"1"
7160.3002265011992,191953,9150,1,"1"
7168.2431038339046,191917,9186,4,"2-2"
7174.3073267559466,191863,9240,3,"2-1"
7178.8560671450805,191845,9258,1,"1"
7184.8785897312955,191797,9306,3,"2-1"
7211.2121444205559,191779,9324,1,"1"
7215.6594814518867,191761,9342,1,"1"
7223.0093351711121,191754,9349,1,"1"
7251.1155511267789,191740,9363,1,"1"
7251.6142005916518,191722,9381,1,"1"
7255.6440778108854,191704,9399,2,"1-1"
7267.6517337704981,191692,9411,2,"1-1"
7271.3403344102244,191645,9458,5,"2-2-1"
7278.8950793478089,191609,9494,2,"2"
7304.8359006529645,191591,9512,1,"1"
7306.3064104767509,191573,9530,1,"1"
7309.6493704456225,191555,9548,1,"1"
7330.1931809414336,191537,9566,1,"1"
7336.158091281417,191519,9584,1,"1"
7336.5787854637183,191512,9591,1,"1"
7352.2929708926067,191494,9609,1,"1"
7360.5763988414437,191482,9621,1,"1"
7361.6348664750976,191468,9635,2,"2"
7367.5818948040996,191450,9653,1,"1"
7371.7060676935444,191432,9671,1,"1"
7377.2088683765714,191414,9689,1,"1"
7397.194544421618,191396,9707,1,"1"
7399.7295410425149,191310,9793,6,"3-2-1"
7409.5994730419416,191294,9809,1,"1"
7417.5123828155174,191276,9827,1,"1"
7433.9336462003812,191265,9838,1,"1"
7441.5310004977264,191213,9890,6,"4-1-1"
7450.560898200667,191201,9902,1,"1"
7451.2051689624286,191106,9997,10,"5-2-1-1-1"
7459.0199567723002,191088,10015,1,"1"
7460.9338487035857,191072,10031,1,"1"
7461.1264018962083,190976,10127,7,"3-2-1-1"
7470.2865460875873,190880,10223,7,"2-1-1-1-1-1"
7470.4872967448937,190834,10269,3,"3"
7476.7516205764259,190819,10284,1,"1"
7488.8253384827567,190801,10302,1,"1"
7490.8802315535258,190757,10346,3,"3"
7496.8434956588817,190725,10378,2,"2"
7498.3242550747027,190626,10477,11,"4-3-1-1-1-1"
7503.5767424700434,190621,10482,1,"1"
7506.3423333072524,190609,10494,1,"1"
7512.4616119762395,190591,10512,1,"1"
7517.1925471594768,190545,10558,3,"1-1-1"
7523.403978962775,190527,10576,1,"1"
7528.5082302767987,190491,10612,2,"2"
7530.2679624901184,190473,10630,1,"1"
7545.5947836210189,190455,10648,1,"1"
7550.9456569708163,190437,10666,1,"1"
7556.1266576939179,190401,10702,3,"1-1-1"
7556.1721744523711,190383,10720,1,"1"
7559.543636485635,190365,10738,1,"1"
7566.268158116367,190349,10754,1,"1"
7570.8794178922535,190331,10772,1,"1"
7571.1445253014535,190313,10790,1,"1"
7581.2826532212994,190295,10808,1,"1"
7585.9911185762603,190277,10826,1,"1"
7588.1495611225055,190205,10898,4,"2-1-1"
7593.9914146047686,190177,10926,2,"2"
7605.7654276855301,190159,10944,1,"1"
7609.9169898398059,190141,10962,1,"1"
7610.4712192382176,190136,10967,1,"1"
7611.3205520376077,190118,10985,1,"1"
7613.7394590640097,190100,11003,1,"1"
7618.0420865395563,190082,11021,1,"1"
7627.7577996245909,190064,11039,1,"1"
7636.1697225298585,190009,11094,5,"3-1-1"
7646.5399708478744,189991,11112,1,"1"
7654.995001048831,189269,11834,72,"9-7-6-4-4-3-3-3-3-2-2-2-2-2-1-1-1-1-1-1-1-1-1-1-1-1-1-1-1-1-1-1-1-1"
7656.3347413978872,189255,11848,1,"1"
7665.4923696881342,189222,11881,3,"3"
7674.6277142933186,189204,11899,1,"1"
7676.0350586587674,189186,11917,1,"1"
7679.4460458084013,189174,11929,1,"1"
7679.7287809561667,189156,11947,1,"1"
7708.0479505687626,189141,11962,1,"1"
7709.120037112727,189130,11973,1,"1"
7721.5990976211988,189112,11991,1,"1"
7729.0409887430578,188731,12372,29,"7-4-3-2-2-2-1-1-1-1-1-1-1-1-1"
7731.3109988701608,188720,12383,1,"1"
7755.8779873170106,188702,12401,1,"1"
7762.3381176620469,188684,12419,1,"1"
7764.8969408432149,188662,12441,2,"2"
7771.0434282222441,188644,12459,1,"1"
7773.3211555853859,188616,12487,2,"2"
7774.7898754890912,188604,12499,1,"1"
7781.5676903680924,188586,12517,1,"1"
7791.8591795417087,188433,12670,14,"3-3-3-2-2-1"
7811.326929018137,188417,12686,1,"1"
7814.8674859652065,188402,12701,1,"1"
7825.2809794047635,188384,12719,1,"1"
7826.1031354025126,188374,12729,1,"1"
7871.3813206391096,188356,12747,1,"1"
7875.4323473072936,188341,12762,1,"1"
7880.712976702197,188308,12795,2,"2"
7903.8538073748296,188290,12813,1,"1"
7916.9490843651447,0,201103,10612,"10612"
----------------------------------------------1
0,201103,0,0,"0"
69.515774268711496,201100,3,1,"1"
175.36647217841278,201097,6,1,"1"
303.19844027248411,201096,7,1,"1"
315.44566481505757,201079,24,1,"1"
331.91414872198061,201078,25,1,"1"
346.48464810025087,201077,26,1,"1"
385.9180180654875,201076,27,1,"1"
390.28118224240251,201075,28,1,"1"
399.67029163085863,201057,46,1,"1"
480.97533269122505,201056,47,1,"1"
515.16911124901992,201055,48,1,"1"
523.53040043420606,201039,64,1,"1"
615.32678214408509,201027,76,1,"1"
622.77078106426279,201025,78,2,"2"
683.02994318375215,201024,79,1,"1"
690.82716237964326,201006,97,1,"1"
722.52407867562488,201005,98,1,"1"
740.88977714907696,200987,116,1,"1"
779.5379501736254,200986,117,1,"1"
808.39635553928304,200968,135,1,"1"
839.21066861782867,200967,136,1,"1"
850.54102948944455,200966,137,1,"1"
876.62933836060427,200948,155,1,"1"
886.04378474745431,200947,156,1,"1"
918.65984612799537,200945,158,2,"2"
931.98879167037035,200944,159,1,"1"
958.00532372424436,200943,160,1,"1"
980.58326498559495,200925,178,1,"1"
982.43815045233123,200924,179,1,"1"
1001.2358284228875,200906,197,1,"1"
1035.3817720268019,200888,215,1,"1"
1125.5821944475395,200886,217,2,"2"
1143.3202213070197,200885,218,1,"1"
1171.9947579831303,200867,236,1,"1"
1174.3054599718423,200849,254,1,"1"
1202.1994316017135,200846,257,1,"1"
1218.1413501306279,200845,258,1,"1"
1242.6691359273032,200812,291,2,"2"
1247.4145576064104,200810,293,2,"2"
1249.2475860238571,200809,294,1,"1"
1254.4053159286516,200808,295,1,"1"
1261.0783109373012,200803,300,1,"1"
1267.6822883641307,200801,302,2,"2"
1270.3553220182489,200800,303,1,"1"
1293.8433261453581,200795,308,1,"1"
1301.6134684238004,200781,322,1,"1"
1343.7004867185383,200763,340,1,"1"
1353.6793357073318,200745,358,1,"1"
1357.9592082730446,200744,359,1,"1"
1366.4297369850053,200738,365,2,"2"
1377.7008019550281,200735,368,1,"1"
1397.2202786977477,200729,374,2,"1-1"
1421.320490834627,200727,376,2,"1-1"
1440.3364322534801,200724,379,1,"1"
1520.7348870383735,200706,397,1,"1"
1542.0618334846645,200705,398,1,"1"
1550.330210929008,200703,400,2,"2"
1558.5858643232621,200702,401,1,"1"
1563.8773882537023,200699,404,1,"1"
1594.6008615533597,200698,405,1,"1"
1613.273658893467,200695,408,1,"1"
1642.1809817060075,200694,409,1,"1"
1711.7593341790875,200676,427,1,"1"
1725.3675179928778,200675,428,1,"1"
1762.3185891131277,200657,446,1,"1"
1833.5787459023461,200656,447,1,"1"
1855.9474254113061,200655,448,1,"1"
1856.3021612721029,200637,466,1,"1"
1865.4128955242272,200636,467,1,"1"
1885.8410955558829,200633,470,1,"1"
1890.1787643105913,200630,473,1,"1"
1906.5022861243947,200612,491,1,"1"
1927.2429813490764,200611,492,1,"1"
1952.8366308173497,200593,510,1,"1"
1964.646266885421,200578,525,1,"1"
1974.0309348225505,200566,537,1,"1"
2013.2375290270697,200556,547,1,"1"
2018.0659554449749,200546,557,1,"1"
2027.3032713890989,200545,558,1,"1"
2034.8696491854803,200527,576,1,"1"
2041.7277402700392,200513,590,2,"1-1"
2054.7638757925156,200512,591,1,"1"
2071.4865161487269,200509,594,1,"1"
2093.8717713549117,200506,597,1,"1"
2098.1883298071816,200496,607,1,"1"
2109.653171482787,200493,610,1,"1"
2118.0307978049545,200475,628,1,"1"
2120.4435445645754,200457,646,1,"1"
2149.0931559639739,200454,649,1,"1"
2173.9133216810587,200450,653,4,"4"
2177.943211163928,200447,656,1,"1"
2181.7241322350574,200433,670,1,"1"
2209.365841984556,200415,688,1,"1"
2213.0806743333069,200412,691,1,"1"
2261.8666610486139,200411,692,1,"1"
2274.6113216855965,200393,710,1,"1"
2286.6298305069313,200375,728,1,"1"
2301.362456677828,200357,746,1,"1"
2339.4870344764327,200339,764,1,"1"
2361.7162144399131,200336,767,1,"1"
2387.1301816393029,200330,773,2,"2"
2387.2934964123515,200327,776,1,"1"
2417.8505570457619,200315,788,1,"1"
2428.7034127401316,200312,791,1,"1"
2460.5274980032823,200300,803,1,"1"
2464.6182125483811,200282,821,1,"1"
2501.2868773202035,200275,828,1,"1"
2520.4956960757522,200272,831,1,"1"
2540.5169684343755,200254,849,1,"1"
2557.8729492643638,200242,861,1,"1"
2569.6179696556947,200224,879,1,"1"
2593.1705756269735,200208,895,1,"1"
2598.35488459209,200206,897,2,"2"
2606.2512274368851,200188,915,1,"1"
2653.9035622856509,200185,918,1,"1"
2658.531189358278,200176,927,1,"1"
2668.5567442050797,200164,939,1,"1"
2687.088131338825,200158,945,2,"2"
2709.5770018984695,200151,952,1,"1"
2755.2234326108969,200139,964,1,"1"
2783.3652583962526,200121,982,1,"1"
2790.9345756494895,200118,985,1,"1"
2791.0038443641997,200100,1003,1,"1"
2798.2041896301694,200090,1013,1,"1"
2799.2155115079231,200072,1031,1,"1"
2823.1235596646452,200069,1034,1,"1"
2849.6234743710879,200057,1046,1,"1"
2897.2206726819763,200048,1055,3,"2-1"
2898.4167463085701,200038,1065,1,"1"
2948.6747321283606,200020,1083,1,"1"
2968.257326923444,200002,1101,1,"1"
2997.553235246412,199986,1117,1,"1"
3052.4708043492728,199983,1120,1,"1"
3056.079458804877,199980,1123,1,"1"
3064.5249462306579,199975,1128,1,"1"
3071.3405209473754,199963,1140,1,"1"
3109.0850325439555,199954,1149,1,"1"
3118.1257915860951,199947,1156,1,"1"
3125.7950387969327,199935,1168,1,"1"
3143.7760867219163,199917,1186,1,"1"
3144.7621444887604,199899,1204,1,"1"
3161.9122361286454,199896,1207,1,"1"
3180.8063076566991,199893,1210,1,"1"
3181.8886143143254,199886,1217,1,"1"
3185.1988002190637,199868,1235,1,"1"
3205.2577127449294,199857,1246,1,"1"
3217.5160516172091,199839,1264,1,"1"
3240.7689220388602,199821,1282,1,"1"
3243.2918125789834,199816,1287,1,"1"
3253.0449371531063,199804,1299,1,"1"
3273.9137740964538,199801,1302,1,"1"
3298.3698420733522,199798,1305,1,"1"
3304.7978207285796,199765,1338,7,"5-2"
3305.6265378822882,199753,1350,1,"1"
3307.9589640704235,199737,1366,1,"1"
3308.6736464657629,199730,1373,1,"1"
3326.7840578392552,199712,1391,1,"1"
3329.3869348934654,199694,1409,1,"1"
3334.338628425387,199676,1427,1,"1"
3336.0421614203974,199658,1445,1,"1"
3340.7882932880198,199640,1463,1,"1"
3353.2083134322033,199622,1481,1,"1"
3364.6542172678701,199604,1499,1,"1"
3364.6613114657321,199586,1517,1,"1"
3371.3532303983957,199583,1520,1,"1"
3391.3764545602753,199565,1538,1,"1"
3394.8938386484724,199547,1556,1,"1"
3397.9396020421486,199537,1566,1,"1"
3419.3344841326875,199519,1584,1,"1"
3422.5936112586223,199501,1602,1,"1"
3427.4019233335098,199493,1610,2,"1-1"
3444.769323930293,199483,1620,2,"2"
3445.2618839459124,199465,1638,1,"1"
3463.9962424262899,199462,1641,1,"1"
3473.1851998409834,199456,1647,2,"1-1"
3477.4029786866854,199453,1650,1,"1"
3478.9916343030186,199435,1668,1,"1"
3490.3038968918636,199417,1686,1,"1"
3491.1333667156141,199381,1722,2,"1-1"
3517.380710002064,199371,1732,1,"1"
3527.8106533100477,199353,1750,1,"1"
3537.4848555299218,199335,1768,1,"1"
3540.1336368048878,199317,1786,1,"1"
3578.8136947627168,199299,1804,1,"1"
3600.3058106324074,199296,1807,1,"1"
3605.8415352328229,199291,1812,1,"1"
3623.6143457935486,199275,1828,1,"1"
3623.6861324685433,199268,1835,1,"1"
3635.3897445800749,199246,1857,2,"2"
3636.0213089417507,199228,1875,1,"1"
3646.0958872380052,199218,1885,2,"2"
3647.6559285554008,199200,1903,1,"1"
3648.7891261848799,199190,1913,2,"2"
3674.6472650946266,199172,1931,1,"1"
3693.2061440181942,199166,1937,2,"2"
3698.3181843657126,199163,1940,1,"1"
3704.2810712134774,199145,1958,1,"1"
3765.5750164211863,199126,1977,3,"2-1"
3768.7976634143661,199108,1995,1,"1"
3783.1096395684062,199101,2002,1,"1"
3784.3234879561965,199083,2020,1,"1"
3847.0911947290083,199073,2030,1,"1"
3859.728324335711,199057,2046,1,"1"
3861.4787625589543,199054,2049,1,"1"
3867.6742178181271,199036,2067,1,"1"
3874.5531845532805,199033,2070,1,"1"
3882.4532427704903,199015,2088,1,"1"
3885.7927431952971,198997,2106,1,"1"
3917.1198181777136,198988,2115,1,"1"
3928.434990829368,198972,2131,4,"4"
3940.2395450068225,198928,2175,10,"3-2-1-1-1-1-1"
3940.2661491858412,198921,2182,1,"1"
3947.8347462533388,198903,2200,1,"1"
3950.5250625553103,198891,2212,2,"2"
3958.3719561637799,198886,2217,1,"1"
3983.8882743155518,198868,2235,1,"1"
3992.7284215802415,198865,2238,1,"1"
3996.8209086838178,198841,2262,2,"2"
4004.4230310157154,198823,2280,1,"1"
4032.2461229815431,198820,2283,1,"1"
4033.8105986508394,198802,2301,1,"1"
4074.1199895912205,198776,2327,6,"3-2-1"
4085.0226261481721,198758,2345,1,"1"
4093.9401238194127,198744,2359,1,"1"
4102.6427053272091,198741,2362,1,"1"
4120.6682324648937,198724,2379,3,"3"
4122.83419126424,198706,2397,1,"1"
4126.9570626854611,198688,2415,1,"1"
4130.4618560134686,198685,2418,1,"1"
4151.1939671763075,198667,2436,1,"1"
4159.7096435766707,198649,2454,1,"1"
4171.3235546724345,198638,2465,1,"1"
4177.2144980689873,198620,2483,1,"1"
4179.1466279602382,198613,2490,1,"1"
4186.8823311066717,198595,2508,1,"1"
4193.6869687527205,198586,2517,3,"2-1"
4199.0185031503606,198568,2535,1,"1"
4205.6859452396193,198550,2553,1,"1"
4224.2013622961931,198544,2559,2,"1-1"
4236.6561653278222,198534,2569,1,"1"
4243.7700827212739,198527,2576,1,"1"
4248.4677942627413,198509,2594,1,"1"
4252.7968128664997,198497,2606,1,"1"
4303.2007353581557,198479,2624,1,"1"
4310.9576777014272,198461,2642,1,"1"
4319.625203293318,198443,2660,1,"1"
4330.7513380322052,198432,2671,1,"1"
4344.0946845601102,198414,2689,1,"1"
4347.8382201460781,198396,2707,1,"1"
4348.3488731775969,198378,2725,1,"1"
4356.2338936348333,198368,2735,1,"1"
4362.5511063317927,198356,2747,1,"1"
4368.1822621150532,198349,2754,1,"1"
4369.0741890794097,198346,2757,1,"1"
4379.4319327021658,198328,2775,1,"1"
4400.2890226212921,198310,2793,1,"1"
4401.735607215569,198292,2811,1,"1"
4401.9974227808798,198274,2829,1,"1"
4414.1535801943692,198256,2847,1,"1"
4414.4910246295594,198241,2862,1,"1"
4429.3171761697795,198223,2880,1,"1"
4443.3621911255977,198217,2886,2,"1-1"
4476.7176576777692,198205,2898,1,"1"
4481.7898035179378,198187,2916,1,"1"
4493.6505040663651,198169,2934,1,"1"
4501.7625268318534,198152,2951,1,"1"
4509.7311256894345,198134,2969,1,"1"
4520.2610727635574,198125,2978,3,"2-1"
4523.1346263111036,198122,2981,1,"1"
4531.0770798192252,198119,2984,1,"1"
4546.8735712232692,198101,3002,1,"1"
4583.8396521484983,198083,3020,1,"1"
4584.7217453109188,198080,3023,1,"1"
4584.7458130467603,198062,3041,1,"1"
4585.468733477468,198056,3047,2,"2"
4585.7443709671434,198012,3091,3,"2-1"
4587.0483392428387,198006,3097,2,"1-1"
4595.3698650639826,197985,3118,2,"2"
4596.5432072094072,197982,3121,1,"1"
4598.8222100044086,197964,3139,1,"1"
4600.8023193860217,197946,3157,1,"1"
4600.8045271495821,197910,3193,2,"2"
4602.2553455898906,197907,3196,1,"1"
4613.1590023042509,197900,3203,1,"1"
4613.6087178548669,197897,3206,1,"1"
4620.9975442764608,197879,3224,1,"1"
4624.2629174360045,197861,3242,1,"1"
4647.0867588509263,197843,3260,1,"1"
4649.1511784689801,197831,3272,1,"1"
4672.7679736151513,197813,3290,1,"1"
4679.8809177315306,197795,3308,1,"1"
4684.1090659541551,197777,3326,1,"1"
4707.1224120626284,197771,3332,2,"2"
4710.0800912260447,197753,3350,1,"1"
4713.5486248692323,197739,3364,1,"1"
4718.5249049573831,197721,3382,1,"1"
4744.4748461451982,197715,3388,2,"1-1"
4778.8841063880709,197701,3402,1,"1"
4785.056503184629,197698,3405,1,"1"
4789.4106602082111,197680,3423,1,"1"
4796.2120289118102,197648,3455,4,"2-1-1"
4830.2913777102713,197630,3473,1,"1"
4841.2001290103926,197612,3491,1,"1"
4842.3759802943623,197594,3509,1,"1"
4855.1569421134946,197582,3521,1,"1"
4867.1273825463622,197573,3530,1,"1"
4880.4561834945798,197555,3548,1,"1"
4882.9870843149556,197531,3572,4,"4"
4883.3380575217507,197524,3579,1,"1"
4897.2541622534482,197506,3597,1,"1"
4905.38914811835,197476,3627,4,"4"
4906.2511320057374,197432,3671,8,"4-4"
4935.7661359115018,197396,3707,2,"1-1"
4963.6411432276382,197378,3725,1,"1"
4977.9614485111333,197365,3738,1,"1"
4978.2149805772242,197349,3754,4,"4"
4986.6067287712985,197342,3761,1,"1"
5007.3344236098201,197330,3773,1,"1"
5021.510313620799,197312,3791,1,"1"
5025.0059919334881,197294,3809,1,"1"
5028.0012555585981,197276,3827,1,"1"
5028.944654793424,197258,3845,1,"1"
5070.6168219926367,197222,3881,2,"1-1"
5071.7523868013104,197210,3893,1,"1"
5079.4543041566994,197198,3905,1,"1"
5086.832119296505,197180,3923,1,"1"
5087.65536210748,197162,3941,1,"1"
5092.1877476034433,197144,3959,1,"1"
5101.8189463867238,197129,3974,1,"1"
5115.2124075978891,197105,3998,2,"2"
5117.6637915103765,197095,4008,2,"1-1"
5120.4432307451725,197083,4020,1,"1"
5124.6695317730164,197065,4038,1,"1"
5126.1630710489344,197047,4056,1,"1"
5152.6038760076808,197029,4074,1,"1"
5154.0401378979413,197011,4092,1,"1"
5167.2843899314112,196999,4104,1,"1"
5169.0784793771745,196996,4107,1,"1"
5174.3235085540182,196978,4125,1,"1"
5176.4160054584991,196960,4143,1,"1"
5179.5747954065446,196942,4161,1,"1"
5181.813907538668,196924,4179,1,"1"
5183.7976017157716,196906,4197,1,"1"
5187.4570262330662,196895,4208,1,"1"
5196.3651808589439,196885,4218,2,"2"
5199.5737684483292,196809,4294,6,"3-2-1"
5215.272153463291,196773,4330,2,"2"
5225.2345373080161,196768,4335,1,"1"
5227.0755978914149,196761,4342,1,"1"
5238.7046740544965,196743,4360,1,"1"
5246.1457720344852,196725,4378,1,"1"
5250.73975786557,196707,4396,1,"1"
5271.7237372354211,196671,4432,2,"1-1"
5272.0076295327735,196666,4437,1,"1"
5273.0349368669931,196648,4455,1,"1"
5276.624749117781,196616,4487,4,"4"
5283.6211356995072,196556,4547,5,"4-1"
5295.0454356329537,196540,4563,4,"2-2"
5308.1834428206621,196520,4583,4,"2-1-1"
5324.315297795154,196484,4619,2,"2"
5330.8017385267676,196448,4655,2,"1-1"
5341.7874560921236,196443,4660,1,"1"
5357.1064604936246,196425,4678,1,"1"
5357.4494434666422,196407,4696,1,"1"
5360.310633324747,196400,4703,1,"1"
5367.2023283981725,196385,4718,1,"1"
5370.0528485206423,196367,4736,1,"1"
5395.528637448263,196349,4754,1,"1"
5398.2583061428477,196331,4772,1,"1"
5425.3855571479899,196313,4790,1,"1"
5463.9708498723694,196295,4808,1,"1"
5507.5754235374616,196277,4826,1,"1"
5514.8516510329991,196263,4840,1,"1"
5536.8477708227638,196241,4862,2,"2"
5537.9060513022041,196229,4874,1,"1"
5541.7159304229481,196214,4889,1,"1"
5548.26456265869,196209,4894,1,"1"
5551.9290239209977,196191,4912,1,"1"
5552.3555549528446,196181,4922,2,"2"
5557.5614064845431,196170,4933,1,"1"
5558.4498511237689,196152,4951,1,"1"
5570.4538758832587,196134,4969,1,"1"
5577.0756869924116,196116,4987,1,"1"
5599.2336033280289,196098,5005,1,"1"
5605.3130565437959,196095,5008,1,"1"
5618.3298068906533,196077,5026,1,"1"
5631.8867253253748,196045,5058,4,"3-1"
5650.0662544215847,196027,5076,1,"1"
5651.9302067212056,196009,5094,1,"1"
5654.2207731217432,195991,5112,1,"1"
5702.7045680817146,195973,5130,1,"1"
5705.7435706474653,195955,5148,1,"1"
5711.0391874463185,195937,5166,1,"1"
5721.4075609094007,195927,5176,1,"1"
5731.276156006732,195915,5188,1,"1"
5761.7583957685456,195897,5206,1,"1"
5767.6014260433085,195879,5224,1,"1"
5775.5130580784326,195867,5236,1,"1"
5776.506223023046,195844,5259,3,"2-1"
5780.0879371012206,195826,5277,1,"1"
5798.2069125851467,195790,5313,2,"2"
5807.3412940766684,195772,5331,1,"1"
5812.8748130728172,195763,5340,1,"1"
5813.1464748907056,195717,5386,3,"3"
5814.4170670764352,195699,5404,1,"1"
5817.8688966329655,195681,5422,1,"1"
5822.8080838733549,195656,5447,2,"2"
5830.0046279651879,195653,5450,1,"1"
5851.6913464539775,195635,5468,1,"1"
5854.1293488573056,195625,5478,1,"1"
5871.7329082136794,195611,5492,1,"1"
5899.5370332871471,195604,5499,1,"1"
5907.7402505481696,195586,5517,1,"1"
5908.657226262917,195581,5522,1,"1"
5913.6253903612351,195563,5540,1,"1"
5923.109195749933,195545,5558,1,"1"
5925.0081925209388,195533,5570,1,"1"
5947.92650933798,195515,5588,1,"1"
5962.5410556532725,195501,5602,1,"1"
5973.0925354233514,195490,5613,1,"1"
5995.8458947328381,195430,5673,4,"3-1"
6001.1401427389828,195347,5756,7,"3-1-1-1-1"
6003.9332004401158,195286,5817,9,"3-2-2-1-1"
6014.9888511003401,195268,5835,1,"1"
6024.3206552248612,195261,5842,1,"1"
6037.8473326108124,195251,5852,1,"1"
6045.1189586616019,195233,5870,1,"1"
6064.1772374527545,195221,5882,1,"1"
6066.2792122855481,195211,5892,1,"1"
6068.4092885034834,195190,5913,3,"3"
6075.9696367557435,195172,5931,1,"1"
6096.6677377649457,195145,5958,3,"2-1"
6098.1453678145872,195108,5995,5,"3-2"
6099.4667592432761,195099,6004,3,"2-1"
6108.0138807986086,195081,6022,1,"1"
6108.4492931712484,195045,6058,6,"2-2-1-1"
6108.5063898943845,195027,6076,1,"1"
6116.6178632848178,195009,6094,1,"1"
6134.6460358048334,194991,6112,1,"1"
6142.4039559953844,194988,6115,1,"1"
6145.1286560375784,194974,6129,2,"2"
6148.4207744396563,194956,6147,1,"1"
6154.459601625088,194938,6165,1,"1"
6173.8222453747912,194924,6179,1,"1"
6176.741387761027,194906,6197,1,"1"
6188.076194972733,194888,6215,1,"1"
6208.6292394872708,194872,6231,1,"1"
6217.3898386296114,194854,6249,1,"1"
6225.6555679156672,194836,6267,1,"1"
6232.8251080851969,194818,6285,1,"1"
6236.7003501707959,194806,6297,1,"1"
6243.7169152005445,194788,6315,1,"1"
6248.9079361494214,194783,6320,1,"1"
6261.1745408345278,194771,6332,2,"2"
6284.881854076225,194735,6368,2,"1-1"
6291.2796075839624,194717,6386,1,"1"
6296.1582708571259,194699,6404,1,"1"
6309.3803473960816,194688,6415,1,"1"
6319.4444533671585,194679,6424,1,"1"
6321.6386010667184,194661,6442,1,"1"
6329.3302795530108,194643,6460,1,"1"
6359.4384776563011,194607,6496,2,"2"
6363.2154511933431,194589,6514,1,"1"
6365.8012524239921,194579,6524,1,"1"
6366.6371100104325,194561,6542,1,"1"
6372.4510141203809,194543,6560,1,"1"
6374.962008648783,194538,6565,1,"1"
6375.3948093325898,194520,6583,1,"1"
6377.2135881833965,194490,6613,2,"2"
6377.2791286352722,194472,6631,1,"1"
6380.5903211877985,194454,6649,1,"1"
6386.0550631816668,194444,6659,1,"1"
6388.3366134653024,194426,6677,1,"1"
6410.1839030052197,194408,6695,1,"1"
6413.5929317508389,194390,6713,1,"1"
6419.9704978882137,194354,6749,2,"2"
6432.4320847535309,194340,6763,1,"1"
6455.150234387881,194322,6781,1,"1"
6460.4235804474774,194304,6799,1,"1"
6462.8443438482718,194251,6852,7,"2-2-2-1"
6466.0238420961232,194233,6870,1,"1"
6475.0717786005498,194215,6888,1,"1"
6487.8147000419713,194179,6924,2,"2"
6492.818976665164,194169,6934,1,"1"
6502.7902584542035,194154,6949,1,"1"
6506.3931605531989,194143,6960,1,"1"
6538.1538209141054,194103,7000,3,"3"
6543.1774498712784,194067,7036,2,"2"
6545.9301804215675,194056,7047,1,"1"
6546.6192086407727,194038,7065,1,"1"
6549.2855822557394,194020,7083,1,"1"
6553.3325341017844,194010,7093,2,"2"
6560.0333856542939,193992,7111,1,"1"
6569.8690789199454,193974,7129,1,"1"
6573.6751069489092,193967,7136,1,"1"
6580.5770925962233,193935,7168,2,"2"
6581.8467964693091,193917,7186,1,"1"
6582.009114383045,193912,7191,1,"1"
6585.6620388945212,193894,7209,1,"1"
6587.4936174597706,193858,7245,2,"2"
6603.7318779694506,193849,7254,1,"1"
6614.2134794113454,193831,7272,1,"1"
6614.9689225055417,193795,7308,2,"1-1"
6617.7519702332047,193777,7326,1,"1"
6621.8856137669782,193722,7381,7,"3-1-1-1-1"
6622.6657821837562,193696,7407,2,"1-1"
6636.4862968003672,193678,7425,1,"1"
6642.9426306110909,193660,7443,1,"1"
6649.640561896862,193642,7461,1,"1"
6657.2029067041085,193624,7479,1,"1"
6666.9569403560936,193612,7491,1,"1"
6667.3675095722565,193576,7527,3,"1-1-1"
6669.1942345268099,193558,7545,1,"1"
6701.0725715304579,193491,7612,9,"4-2-1-1-1"
6701.203102444555,193473,7630,1,"1"
6713.7023649704797,193455,7648,1,"1"
6715.294760666301,193437,7666,1,"1"
6724.4883819511542,193419,7684,1,"1"
6725.4418695118302,193383,7720,2,"2"
6730.9669151188527,193365,7738,1,"1"
6751.1097401285197,193337,7766,2,"2"
6757.6430425051012,193195,7908,9,"8-1"
6769.4580057676121,193177,7926,1,"1"
6774.2744809364076,193159,7944,1,"1"
6776.8554861304765,193141,7962,1,"1"
6778.1012724415568,193129,7974,2,"1-1"
6790.8742211074368,192973,8130,22,"5-5-4-3-2-1-1-1"
6791.6342647089496,192955,8148,1,"1"
6792.6899714987658,192937,8166,1,"1"
6795.9708814847927,192928,8175,1,"1"
6806.6405768017494,192915,8188,1,"1"
6808.9858421030203,192905,8198,1,"1"
6810.5746468714642,192887,8216,1,"1"
6829.258818764707,192869,8234,1,"1"
6844.6649414825379,192851,8252,1,"1"
6848.8755733598937,192833,8270,1,"1"
6855.2475588199241,192815,8288,1,"1"
6857.6510592687036,192797,8306,1,"1"
6864.296293631267,192790,8313,1,"1"
6886.7290826182189,192710,8393,6,"2-2-1-1"
6891.1629965039128,192692,8411,1,"1"
6893.1424329388537,192674,8429,1,"1"
6901.5982743452687,192622,8481,4,"2-1-1"
6908.1470272116376,192604,8499,1,"1"
6912.1648949053806,192586,8517,1,"1"
6916.0814150393771,192568,8535,1,"1"
6916.20115621881,192550,8553,1,"1"
6922.998386230398,192529,8574,3,"3"
6935.0287301034441,192508,8595,3,"2-1"
6956.8618575859246,192490,8613,1,"1"
6962.4609317173818,192472,8631,1,"1"
6965.001167143605,192458,8645,2,"2"
6981.7971130874612,192440,8663,1,"1"
6983.0607627233021,192435,8668,1,"1"
6991.6480184616312,192409,8694,2,"2"
7000.1496826935627,192393,8710,1,"1"
7003.5472874362331,192375,8728,1,"1"
7016.2005249557706,192357,8746,1,"1"
7017.2790657386113,192321,8782,2,"2"
7029.3015396806359,192303,8800,1,"1"
7048.2312845725373,192289,8814,2,"2"
7050.1030232963994,192261,8842,2,"2"
7054.6993395447744,192243,8860,1,"1"
7075.4343716207977,192222,8881,3,"1-1-1"
7084.9603869666144,192208,8895,1,"1"
7098.351073588894,192196,8907,1,"1"
7107.8393678550947,192182,8921,1,"1"
7113.2650051599703,192164,8939,1,"1"
7118.1358734472469,192146,8957,1,"1"
7120.5688869836922,192128,8975,1,"1"
7126.7112756758615,192118,8985,1,"1"
7129.4037888199746,192111,8992,1,"1"
7147.6132107607118,192093,9010,1,"1"
7169.2909896827068,192075,9028,1,"1"
7185.0405647149591,192057,9046,1,"1"
7199.0308866450769,192039,9064,1,"1"
7216.8537530464073,192021,9082,1,"1"
7220.35590873201,192003,9100,1,"1"
7228.6022974807047,191990,9113,1,"1"
7229.1042248280355,191954,9149,2,"2"
7232.0113416261511,191942,9161,1,"1"
7234.6817299991062,191919,9184,2,"2"
7243.1848222484141,191901,9202,1,"1"
7246.1397970064836,191883,9220,1,"1"
7251.3101699691342,191865,9238,1,"1"
7259.0882637414379,191847,9256,1,"1"
7270.7036153398258,191811,9292,2,"1-1"
7285.6483828066312,191757,9346,3,"2-1"
7288.062601084207,191724,9379,3,"2-1"
7291.5019602507818,191708,9395,1,"1"
7294.2690341876587,191690,9413,1,"1"
7300.5954920139184,191672,9431,1,"1"
7312.2897912245744,191654,9449,1,"1"
7312.3927197409175,191600,9503,3,"3"
7312.9087759558388,191591,9512,1,"1"
7320.43978939312,191529,9574,5,"2-2-1"
7331.5599292789702,191522,9581,1,"1"
7333.1763381198116,191504,9599,1,"1"
7342.3442073724964,191486,9617,1,"1"
7348.2712484362228,191468,9635,1,"1"
7352.6118755758489,191450,9653,1,"1"
7383.0487399524345,191414,9689,2,"2"
7393.8741604866764,191409,9694,1,"1"
7404.6186910418746,191391,9712,1,"1"
7404.6476837719792,191373,9730,1,"1"
7409.0444314820397,191355,9748,1,"1"
7419.0130052048589,191315,9788,3,"3"
7432.5838609218727,191273,9830,4,"2-1-1"
7445.3297836325892,191237,9866,2,"2"
7449.7140823504305,191230,9873,1,"1"
7464.2034443890334,191208,9895,2,"1-1"
7471.496357426231,191136,9967,4,"3-1"
7483.7317796535272,191118,9985,1,"1"
7494.0134481917748,191100,10003,1,"1"
7503.0973210564698,191082,10021,1,"1"
7518.8075809992051,191052,10051,3,"3"
7528.3369936039107,191034,10069,1,"1"
7544.8855193688078,191027,10076,1,"1"
7570.6578654829209,191009,10094,1,"1"
7576.6147963681869,190995,10108,2,"2"
7586.195777570515,190983,10120,1,"1"
7597.4961840939995,190965,10138,1,"1"
7603.4216422627233,190881,10222,6,"3-2-1"
7605.473916007867,190863,10240,1,"1"
7608.8605591462365,190845,10258,1,"1"
7615.2295385052548,190755,10348,5,"2-2-1"
7616.9463918790689,190719,10384,2,"2"
7618.0667525022254,190701,10402,1,"1"
7624.4821538683018,190689,10414,2,"1-1"
7631.6102426303341,190671,10432,1,"1"
7635.9177948439365,190653,10450,1,"1"
7641.5663821778253,190635,10468,1,"1"
7648.5213757228712,190603,10500,2,"2"
7673.7171964315385,190585,10518,1,"1"
7676.1882810726793,190549,10554,2,"1-1"
7677.0611025446306,190513,10590,2,"2"
7677.5340641699759,190270,10833,24,"4-4-2-2-2-2-1-1-1-1-1-1-1-1"
7678.6524070711939,190252,10851,1,"1"
7688.4668295827541,190234,10869,1,"1"
7691.7808693904144,190216,10887,1,"1"
7702.3329289436306,190180,10923,2,"2"
7713.566166292555,190162,10941,1,"1"
7715.8115951841755,190121,10982,3,"2-1"
7721.6757834902501,190103,11000,1,"1"
7723.0236649637054,190051,11052,4,"2-1-1"
7726.0132052260169,190033,11070,1,"1"
7729.2563515688216,190015,11088,1,"1"
7735.7866699679935,189997,11106,1,"1"
7740.9705131157398,189979,11124,1,"1"
7745.8920264387662,189974,11129,1,"1"
7753.1900528647284,189954,11149,2,"2"
7765.927481086881,189936,11167,1,"1"
7771.602024893511,189918,11185,1,"1"
7777.5216918508349,189900,11203,1,"1"
7778.0953898752932,189865,11238,5,"5"
7778.5604222113489,189847,11256,1,"1"
7782.5712077414801,189829,11274,1,"1"
7791.8612397278212,189793,11310,2,"2"
7801.3311094414721,189775,11328,1,"1"
7802.344215783839,189757,11346,1,"1"
7803.7790092683736,189741,11362,1,"1"
7828.1774199013626,189730,11373,1,"1"
7840.2982631032155,189479,11624,23,"6-4-2-2-2-2-1-1-1-1-1"
7847.3382019707196,189461,11642,1,"1"
7859.6802555462837,189425,11678,2,"2"
7872.8654992970596,189389,11714,2,"1-1"
7878.1974501551522,189353,11750,2,"1-1"
7883.141371252239,189339,11764,1,"1"
7884.258043650776,189317,11786,2,"1-1"
7896.5666635729476,189253,11850,8,"3-2-1-1-1"
7910.4840291280407,189235,11868,1,"1"
7920.2573348101168,189225,11878,1,"1"
7920.3621863699909,189213,11890,1,"1"
7924.1334548606437,189204,11899,1,"1"
7928.5330681793912,189186,11917,1,"1"
7937.4316480555844,189168,11935,1,"1"
7944.9273836121665,189108,11995,4,"4"
7948.3974688589369,189034,12069,6,"3-2-1"
7951.5753748151637,189016,12087,1,"1"
7952.6059360545105,188998,12105,2,"2"
7955.4599603415463,188986,12117,1,"1"
7955.9645403726763,188968,12135,1,"1"
7994.7215673733135,188944,12159,2,"2"
7998.2998606087576,188928,12175,2,"1-1"
8002.1291373859358,188910,12193,1,"1"
8008.4304071805154,188896,12207,1,"1"
8009.0669568125822,188878,12225,1,"1"
8024.7530489178353,188842,12261,2,"2"
8027.5132728616236,188824,12279,1,"1"
8032.8752124266412,188806,12297,1,"1"
8033.8383043276745,188788,12315,1,"1"
8033.8827879828059,188778,12325,1,"1"
8049.0100088878726,188760,12343,1,"1"
8053.7047295941547,188742,12361,1,"1"
8058.9338288598683,188678,12425,4,"3-1"
8075.5516129709849,188575,12528,12,"4-2-2-1-1-1-1"
8076.1367741437143,188563,12540,1,"1"
8076.6770213968293,188094,13009,43,"9-6-5-3-3-2-2-2-1-1-1-1-1-1-1-1-1-1-1"
8086.2951229160944,188085,13018,1,"1"
8120.4893396816851,188055,13048,2,"1-1"
8120.8633845957547,188011,13092,3,"2-1"
8125.0553764887782,187975,13128,2,"2"
8131.7974950234311,187957,13146,1,"1"
8140.625164797314,187939,13164,1,"1"
8141.0636582156949,187921,13182,1,"1"
8151.7578302335496,187831,13272,6,"2-2-1-1"
8162.5573670739759,187819,13284,1,"1"
8196.4818729643903,187797,13306,2,"1-1"
8196.783908610967,187790,13313,1,"1"
8200.9945780262879,187776,13327,1,"1"
8227.8779776531101,187769,13334,1,"1"
8229.6744301135677,187751,13352,1,"1"
8237.4871372891212,187744,13359,1,"1"
8241.0065966100028,187726,13377,1,"1"
8246.142774117945,187708,13395,1,"1"
8268.3373429603143,187690,13413,1,"1"
8270.154283837177,187638,13465,3,"2-1"
8270.2590547327727,187621,13482,1,"1"
8274.7273627516788,187614,13489,1,"1"
8277.3750447228194,187596,13507,1,"1"
8289.5690874200045,187578,13525,1,"1"
8300.395909159959,187542,13561,2,"2"
8308.0902061951765,187527,13576,1,"1"
8309.0692753027761,187509,13594,1,"1"
8310.7422163447482,187497,13606,1,"1"
8333.5404281705996,187479,13624,1,"1"
8349.7335580123672,187461,13642,1,"1"
8354.0985427371343,187443,13660,1,"1"
8360.1305561660756,187425,13678,1,"1"
8379.7921892913764,187389,13714,2,"2"
8391.3660506247888,187373,13730,1,"1"
8392.121322939005,187355,13748,1,"1"
8395.3990262480202,0,201103,10564,"10564"
----------------------------------------------2
0,201103,0,0,"0"
187.66666257384395,201098,5,1,"1"
191.3064904432843,201097,6,1,"1"
251.96574277978331,201079,24,1,"1"
288.02551794090652,201078,25,1,"1"
348.27803585666175,201077,26,1,"1"
409.23875114192231,201059,44,1,"1"
471.14433780425657,201056,47,1,"1"
474.82690987529458,201055,48,1,"1"
495.85339040543505,201054,49,1,"1"
496.22965851836193,201053,50,1,"1"
560.34204306789911,201044,59,1,"1"
585.8864950915887,201042,61,2,"1-1"
649.39956769834282,201039,64,1,"1"
674.91988040832064,201021,82,1,"1"
681.58306256769083,201020,83,1,"1"
709.42849904076786,201019,84,1,"1"
723.6847151038545,201001,102,1,"1"
728.67910435674833,200999,104,2,"1-1"
766.89875565534953,200998,105,1,"1"
777.5775856597952,200997,106,1,"1"
810.995455032829,200996,107,1,"1"
832.0141156615133,200986,117,1,"1"
862.90902095243302,200983,120,1,"1"
889.40490161804632,200967,136,1,"1"
942.36832634539417,200966,137,1,"1"
961.46172368622013,200965,138,1,"1"
964.9075282155718,200963,140,2,"2"
982.30807345083338,200960,143,1,"1"
1082.4419050290155,200942,161,1,"1"
1128.5542178283674,200939,164,1,"1"
1159.7422633423134,200921,182,1,"1"
1163.7137949321818,200919,184,2,"2"
1168.333758598671,200918,185,1,"1"
1187.4298317959883,200900,203,1,"1"
1198.6476491128235,200898,205,2,"1-1"
1226.8044394406181,200886,217,1,"1"
1316.4520480618858,200884,219,2,"2"
1317.8887498023278,200877,226,1,"1"
1318.5038283117351,200876,227,1,"1"
1319.1221241999092,200875,228,1,"1"
1330.1516835574598,200872,231,1,"1"
1379.0132316818592,200865,238,1,"1"
1385.1214515169543,200862,241,1,"1"
1463.8020819017365,200859,244,1,"1"
1470.7945771774851,200856,247,1,"1"
1492.2436255043601,200838,265,1,"1"
1495.3170566861452,200837,266,1,"1"
1498.8657181188091,200834,269,1,"1"
1511.6746467583671,200828,275,2,"2"
1518.5759353454982,200827,276,1,"1"
1542.728452693575,200809,294,1,"1"
1548.3020188663845,200785,318,2,"2"
1558.9400285047632,200784,319,1,"1"
1561.5990575119863,200783,320,1,"1"
1577.0032079501827,200780,323,1,"1"
1577.8925326058065,200773,330,1,"1"
1580.6799730785012,200769,334,4,"2-2"
1586.1435661948713,200768,335,1,"1"
1601.0799120781464,200750,353,1,"1"
1606.1788461013587,200732,371,1,"1"
1607.5180590446839,200729,374,1,"1"
1616.6135816823225,200717,386,1,"1"
1618.2695039076978,200716,387,1,"1"
1622.0388039896527,200710,393,2,"1-1"
1624.8966773258744,200706,397,2,"1-1"
1633.892464140986,200705,398,1,"1"
1646.4084119130366,200703,400,2,"2"
1650.3579756776855,200685,418,1,"1"
1664.7060420234122,200680,423,1,"1"
1694.4729436331329,200662,441,1,"1"
1727.2995928105022,200661,442,1,"1"
1745.7626804234815,200637,466,2,"2"
1773.9048446945117,200619,484,1,"1"
1779.6799869474546,200614,489,1,"1"
1813.489971490442,200596,507,1,"1"
1839.5486871143082,200586,517,1,"1"
1839.5949531745671,200575,528,1,"1"
1856.7497918878771,200557,546,1,"1"
1893.7428798715835,200550,553,1,"1"
1960.9605933932121,200532,571,1,"1"
2005.6853273524346,200514,589,1,"1"
2050.5938176233176,200511,592,1,"1"
2073.2755999534797,200493,610,1,"1"
2097.9401901589122,200475,628,1,"1"
2112.3658109791472,200470,633,1,"1"
2123.3650572383235,200452,651,2,"2"
2131.5724750720115,200449,654,1,"1"
2140.630649610503,200446,657,1,"1"
2142.7062468922472,200434,669,1,"1"
2162.5690296631665,200429,674,1,"1"
2174.9770281603187,200426,677,1,"1"
2186.4459734796069,200421,682,1,"1"
2199.353964935101,200417,686,2,"1-1"
2225.9655398312971,200403,700,1,"1"
2226.9792914261093,200396,707,1,"1"
2233.3992074338162,200378,725,1,"1"
2247.3436219727364,200342,761,2,"2"
2247.9800166424452,200341,762,1,"1"
2248.2174035079424,200338,765,1,"1"
2251.8417327564766,200337,766,1,"1"
2254.118328255845,200319,784,1,"1"
2310.6127496810223,200301,802,1,"1"
2342.8329956849402,200283,820,1,"1"
2344.7855400946751,200276,827,1,"1"
2351.3766506526031,200258,845,1,"1"
2361.8528468539002,200257,846,1,"1"
2367.1527769948839,200239,864,1,"1"
2371.0685781369466,200221,882,1,"1"
2375.1602794083296,200203,900,1,"1"
2376.33783908531,200194,909,1,"1"
2392.5544648098412,200191,912,1,"1"
2421.2365399943437,200173,930,1,"1"
2433.6880462026143,200170,933,1,"1"
2434.2620973894345,200167,936,1,"1"
2435.7657635773935,200149,954,1,"1"
2437.2841756470525,200131,972,1,"1"
2442.8126309174181,200130,973,1,"1"
2481.7923779515868,200127,976,1,"1"
2481.9858653580222,200126,977,1,"1"
2530.2896036760176,200108,995,2,"2"
2555.2789437981551,200090,1013,1,"1"
2594.0051062965285,200087,1016,1,"1"
2617.3474423198836,200069,1034,1,"1"
2619.4827092275891,200066,1037,1,"1"
2658.9664659219566,200048,1055,1,"1"
2667.0280429125946,200036,1067,1,"1"
2671.1646435859016,200018,1085,1,"1"
2681.8726869063617,200000,1103,1,"1"
2695.4507766148395,199995,1108,1,"1"
2696.1874750608258,199992,1111,1,"1"
2702.7425547367097,199986,1117,2,"2"
2715.9627834838216,199983,1120,1,"1"
2737.255862724875,199973,1130,2,"2"
2746.3835600828284,199937,1166,2,"2"
2784.6007311733156,199919,1184,1,"1"
2821.3874467983687,199917,1186,2,"2"
2839.5980863714126,199899,1204,1,"1"
2844.216324963736,199881,1222,1,"1"
2847.3802397882264,199863,1240,1,"1"
2849.7751695943466,199845,1258,1,"1"
2872.0097020604726,199838,1265,1,"1"
2875.7321850609251,199820,1283,1,"1"
2880.994586645033,199802,1301,1,"1"
2883.5215963475935,199784,1319,1,"1"
2917.5573681779465,199766,1337,1,"1"
2931.6151564841366,199756,1347,1,"1"
2949.2538949181553,199741,1362,1,"1"
2958.3300102276867,199729,1374,1,"1"
2961.5957781315574,199726,1377,1,"1"
2987.6925083574938,199708,1395,1,"1"
2991.8653808888521,199690,1413,1,"1"
2995.8069966667249,199687,1416,1,"1"
3018.4509308561264,199681,1422,2,"2"
3023.3738148821321,199663,1440,1,"1"
3033.2054454644244,199645,1458,1,"1"
3048.2704085197361,199627,1476,1,"1"
3083.7362825048112,199609,1494,1,"1"
3103.1635991026205,199591,1512,1,"1"
3123.4811488373985,199590,1513,1,"1"
3128.5423895236604,199587,1516,1,"1"
3157.626374324886,199569,1534,1,"1"
3170.6765530774405,199557,1546,1,"1"
3182.9233705060765,199551,1552,2,"1-1"
3189.2325954612284,199548,1555,1,"1"
3211.4140814009779,199530,1573,1,"1"
3219.8004122548837,199517,1586,3,"3"
3223.0351685043397,199514,1589,1,"1"
3229.3170743133664,199496,1607,1,"1"
3232.5173422053099,199478,1625,1,"1"
3233.4239441870304,199460,1643,1,"1"
3262.4604616280776,199457,1646,1,"1"
3269.7423121010402,199445,1658,1,"1"
3316.5590059529768,199433,1670,1,"1"
3317.5031837319589,199415,1688,1,"1"
3331.0665674023207,199397,1706,1,"1"
3350.1859878026908,199394,1709,1,"1"
3352.901871480814,199391,1712,1,"1"
3371.1386878766816,199373,1730,1,"1"
3374.6184701989323,199355,1748,1,"1"
3395.4708889120157,199337,1766,1,"1"
3405.7120988992938,199321,1782,1,"1"
3430.7718056321537,199303,1800,1,"1"
3430.7791673858428,199289,1814,1,"1"
3451.6298559716233,199273,1830,1,"1"
3455.474885163881,199255,1848,1,"1"
3456.4172123969843,199237,1866,1,"1"
3459.300834494094,199234,1869,1,"1"
3476.7075613356378,199198,1905,2,"2"
3487.172161857578,199180,1923,1,"1"
3501.9228978619026,199168,1935,1,"1"
3503.0095520464824,199150,1953,1,"1"
3516.7393448865269,199147,1956,1,"1"
3555.0476955074273,199129,1974,1,"1"
3558.9901544255185,199126,1977,1,"1"
3561.3006961107267,199117,1986,1,"1"
3571.0056671905008,199114,1989,1,"1"
3579.8421118303495,199108,1995,2,"2"
3585.3443098983603,199101,2002,1,"1"
3603.9618452132304,199083,2020,1,"1"
3605.1658132375187,199076,2027,1,"1"
3629.3243723198298,199073,2030,1,"1"
3647.2607340975551,199055,2048,1,"1"
3673.0004705301981,199042,2061,1,"1"
3683.1335754461475,199039,2064,1,"1"
3697.134121882139,199025,2078,2,"1-1"
3709.630859448243,199009,2094,1,"1"
3718.4676987024814,199006,2097,1,"1"
3724.2588780328806,199003,2100,1,"1"
3726.2466828320248,199000,2103,1,"1"
3753.3825529441501,198982,2121,1,"1"
3796.3355744276423,198964,2139,1,"1"
3832.1573590169191,198957,2146,1,"1"
3849.4902762711699,198939,2164,1,"1"
3863.9162737422166,198921,2182,1,"1"
3865.2424953577574,198914,2189,1,"1"
3866.886754160209,198891,2212,3,"2-1"
3889.5680645158404,198884,2219,1,"1"
3900.2562647396535,198878,2225,2,"2"
3904.2848147115265,198860,2243,1,"1"
3916.1178701658459,198842,2261,1,"1"
3925.7374078008761,198824,2279,1,"1"
3938.9826156600793,198819,2284,1,"1"
3956.6143649590013,198801,2302,1,"1"
3963.8357855152835,198785,2318,2,"2"
3965.1040417610857,198767,2336,1,"1"
3973.9217110834406,198749,2354,1,"1"
3983.0240138733861,198737,2366,1,"1"
3986.3394504940184,198701,2402,2,"2"
3994.9353837835056,198683,2420,1,"1"
3996.2164945429058,198665,2438,1,"1"
4012.7653243591249,198651,2452,2,"2"
4075.9226742029455,198648,2455,1,"1"
4088.0530250629099,198642,2461,2,"1-1"
4092.0539069759975,198614,2489,2,"2"
4110.0971507659106,198604,2499,2,"2"
4116.4314560232942,198593,2510,1,"1"
4135.1206179471546,198586,2517,1,"1"
4155.3991479371043,198568,2535,1,"1"
4167.2607482091953,198562,2541,2,"2"
4169.342603015526,198556,2547,2,"2"
4178.0065022929784,198538,2565,1,"1"
4181.7853720149878,198520,2583,1,"1"
4185.6332839311754,198511,2592,1,"1"
4196.6608598352959,198493,2610,1,"1"
4233.6032453517846,198475,2628,1,"1"
4235.1404951055074,198449,2654,6,"5-1"
4237.6422230903863,198446,2657,1,"1"
4246.0663098335281,198439,2664,1,"1"
4267.0553579461639,198421,2682,1,"1"
4272.9072936414914,198414,2689,1,"1"
4282.3242465472604,198396,2707,1,"1"
4296.0979318328591,198393,2710,1,"1"
4306.3891013473194,198375,2728,1,"1"
4306.4000843991735,198369,2734,2,"2"
4334.5468311405139,198333,2770,2,"2"
4341.9336913419511,198315,2788,1,"1"
4350.8754017118135,198297,2806,1,"1"
4351.0185541398223,198279,2824,1,"1"
4353.3353941535561,198261,2842,1,"1"
4356.8894930034458,198249,2854,1,"1"
4384.6671178136139,198231,2872,1,"1"
4402.492324070513,198213,2890,1,"1"
4406.0571157809136,198195,2908,1,"1"
4407.3861699021172,198192,2911,1,"1"
4408.7595523392456,198185,2918,1,"1"
4422.0271342063734,198180,2923,1,"1"
4423.6076969964197,198162,2941,1,"1"
4436.7887868181851,198156,2947,2,"2"
4444.8410137120864,198138,2965,1,"1"
4449.1455286231176,198120,2983,1,"1"
4450.2880275057132,198102,3001,1,"1"
4458.4219474408183,198084,3019,1,"1"
4466.4345602745407,198079,3024,1,"1"
4477.8976139033884,198061,3042,1,"1"
4484.9230654211469,198045,3058,1,"1"
4494.7386887292478,198033,3070,1,"1"
4502.9699031361843,198030,3073,1,"1"
4513.48519808931,198018,3085,4,"4"
4516.201072815521,198000,3103,1,"1"
4522.59997551163,197982,3121,1,"1"
4523.9824329857165,197913,3190,11,"4-2-2-1-1-1"
4526.6419414684542,197908,3195,1,"1"
4528.5588256278497,197890,3213,1,"1"
4541.9116624185499,197842,3261,7,"4-3"
4548.3908678881553,197824,3279,1,"1"
4556.337292456592,197812,3291,1,"1"
4560.513801003246,197809,3294,1,"1"
4574.6160422190123,197797,3306,2,"1-1"
4575.8091112837592,197779,3324,1,"1"
4583.5155675268034,197761,3342,1,"1"
4585.6220504541207,197743,3360,1,"1"
4647.0095793234041,197725,3378,1,"1"
4658.9438715658771,197716,3387,1,"1"
4659.2355664424749,197698,3405,1,"1"
4660.3706997822637,197682,3421,1,"1"
4666.7106576480464,197664,3439,1,"1"
4687.5710294189694,197652,3451,1,"1"
4695.1258888634402,197634,3469,1,"1"
4715.7933045408718,197616,3487,1,"1"
4717.0491883468294,197598,3505,4,"4"
4726.7464964253959,197570,3533,4,"3-1"
4727.2401003011346,197552,3551,1,"1"
4749.6491498326568,197534,3569,1,"1"
4761.642795533332,197516,3587,1,"1"
4764.3994048244449,197513,3590,1,"1"
4767.470796075494,197495,3608,1,"1"
4804.4857611337375,197485,3618,1,"1"
4804.7809077029697,197467,3636,1,"1"
4805.8957114145496,197455,3648,1,"1"
4833.2396700464833,197419,3684,2,"2"
4867.9952384164553,197401,3702,1,"1"
4879.3671313786772,197391,3712,1,"1"
4888.9766863858331,197379,3724,1,"1"
4906.8857633392054,197353,3750,6,"4-2"
4917.5608945484519,197339,3764,2,"2"
4918.2875414293921,197321,3782,1,"1"
4918.4668146854447,197303,3800,1,"1"
4927.7031500477988,197287,3816,1,"1"
4930.6949286120162,197282,3821,1,"1"
4940.764799453249,197270,3833,2,"2"
4941.1754138356973,197265,3838,1,"1"
4958.5482238852674,197247,3856,1,"1"
4972.7066376437642,197241,3862,2,"2"
4978.8341551425738,197169,3934,6,"5-1"
4981.9266104748394,197157,3946,1,"1"
5007.9350606589678,197139,3964,1,"1"
5011.5138922647075,197129,3974,1,"1"
5016.0680774275052,197122,3981,1,"1"
5044.4492319048713,197110,3993,1,"1"
5046.1889571918864,197092,4011,1,"1"
5046.9110320160762,197078,4025,2,"2"
5062.7275154276085,197062,4041,1,"1"
5067.6961459181503,197034,4069,2,"2"
5071.2118226792118,197016,4087,1,"1"
5073.7292732336309,196953,4150,9,"3-3-1-1-1"
5084.6446303855482,196942,4161,1,"1"
5092.4634952555616,196924,4179,1,"1"
5111.9657780365233,196906,4197,1,"1"
5114.4299994884432,196888,4215,1,"1"
5132.2410113058813,196881,4222,1,"1"
5135.2352473517667,196878,4225,1,"1"
5137.4316130989992,196860,4243,1,"1"
5144.529323007042,196842,4261,1,"1"
5153.7536663567507,196824,4279,1,"1"
5158.4443789447841,196806,4297,1,"1"
5174.7379428107124,196801,4302,1,"1"
5175.6035351182518,196789,4314,2,"1-1"
5177.3152153434112,196775,4328,1,"1"
5187.7892010286751,196750,4353,3,"3"
5212.828375089568,196736,4367,2,"2"
5252.5042512444606,196718,4385,1,"1"
5264.5620502723477,196700,4403,1,"1"
5277.4451198149009,196686,4417,1,"1"
5279.0137980734617,196668,4435,1,"1"
5296.4829072064676,196632,4471,2,"2"
5307.2486468690477,196622,4481,2,"1-1"
5308.2232776034507,196604,4499,1,"1"
5318.7291451854435,196586,4517,2,"1-1"
5328.9253977622811,196562,4541,4,"4"
5344.4804329209082,196503,4600,8,"4-3-1"
5381.9179592265582,196500,4603,1,"1"
5385.3582468798622,196482,4621,1,"1"
5387.644473192925,196464,4639,1,"1"
5392.3159336322742,196438,4665,4,"3-1"
5402.8681092625166,196428,4675,1,"1"
5407.7509983265527,196392,4711,2,"2"
5410.4100987520978,196374,4729,1,"1"
5447.8594334723994,196356,4747,1,"1"
5491.2041673240165,196349,4754,1,"1"
5492.5642747721959,196331,4772,1,"1"
5501.7115201785173,196305,4798,2,"1-1"
5506.5112900550675,196295,4808,1,"1"
5514.8026829099417,196277,4826,1,"1"
5515.4867144421332,196259,4844,1,"1"
5515.7306404458095,196249,4854,1,"1"
5520.5492542680504,196231,4872,1,"1"
5528.1339867483885,196213,4890,2,"1-1"
5531.8133473929247,196195,4908,1,"1"
5535.6847037274229,196192,4911,1,"1"
5539.7108320608231,196143,4960,9,"4-3-1-1"
5546.7515977851717,196114,4989,3,"2-1"
5563.8730377180082,196107,4996,1,"1"
5574.5619321451477,196090,5013,3,"2-1"
5577.7326439529916,196076,5027,1,"1"
5582.4845674003609,196037,5066,5,"2-2-1"
5589.2393140960812,196019,5084,1,"1"
5594.8366448118704,196001,5102,1,"1"
5599.0245756303602,195983,5120,1,"1"
5599.0695655107984,195965,5138,1,"1"
5608.3819633254652,195947,5156,1,"1"
5615.4575615945414,195929,5174,1,"1"
5617.181028003085,195911,5192,1,"1"
5624.2564765627658,195845,5258,8,"5-2-1"
5627.6051637657547,195827,5276,1,"1"
5640.1548192482951,195809,5294,1,"1"
5653.0590684181698,195806,5297,1,"1"
5664.3126583974808,195803,5300,1,"1"
5667.2737991330159,195785,5318,1,"1"
5683.1520929295802,195767,5336,1,"1"
5688.0642800100513,195757,5346,1,"1"
5688.3648857106537,195747,5356,1,"1"
5693.253428370298,195729,5374,1,"1"
5708.7098309035446,195699,5404,2,"1-1"
5719.6311261846513,195679,5424,2,"2"
5745.1498844265288,195661,5442,1,"1"
5772.7864587323074,195605,5498,4,"4"
5786.5645464367835,195587,5516,1,"1"
5810.1151683155658,195575,5528,1,"1"
5810.2879459641217,195557,5546,1,"1"
5815.8177739513321,195532,5571,2,"1-1"
5834.3264460164437,195514,5589,1,"1"
5880.1253566360292,195496,5607,1,"1"
5885.5805392820885,195462,5641,2,"1-1"
5892.0629603467987,195444,5659,1,"1"
5920.2958379897436,195426,5677,1,"1"
5923.936251567,195408,5695,1,"1"
5929.775084970418,195394,5709,2,"2"
5938.0039352317062,195384,5719,2,"2"
5948.8391511018635,195366,5737,1,"1"
5964.4063708540316,195312,5791,3,"2-1"
5967.8199794833918,195294,5809,1,"1"
5969.7793142074697,195276,5827,1,"1"
5972.6951037869458,195264,5839,1,"1"
5979.4168237327203,195259,5844,1,"1"
5982.2366727459366,195241,5862,1,"1"
6029.6570813781764,195230,5873,1,"1"
6032.7258012803595,195218,5885,1,"1"
6042.0596717337985,195198,5905,4,"2-2"
6043.9771750172667,195161,5942,5,"3-1-1"
6055.3287864861959,195143,5960,1,"1"
6062.2442670421215,195129,5974,2,"2"
6064.1842975071395,195104,5999,3,"2-1"
6072.2578446233347,195086,6017,1,"1"
6085.6539998580629,195068,6035,1,"1"
6087.2342485457439,195054,6049,2,"2"
6097.0991071060071,195044,6059,2,"2"
6107.7717481884438,195026,6077,1,"1"
6108.1259482064606,195017,6086,1,"1"
6114.5870489325953,194999,6104,1,"1"
6136.9371253413592,194987,6116,1,"1"
6164.2644162357556,194969,6134,1,"1"
6166.3773785755102,194921,6182,6,"3-2-1"
6188.0034847033194,194903,6200,2,"1-1"
6193.2019554563094,194900,6203,1,"1"
6228.8529463611158,194895,6208,1,"1"
6253.8645469915564,194853,6250,4,"2-1-1"
6280.2589643724805,194825,6278,2,"1-1"
6281.7420732895425,194807,6296,1,"1"
6288.4564018556084,194789,6314,1,"1"
6292.7069319319799,194759,6344,2,"2"
6306.4230994015397,194752,6351,1,"1"
6315.6097184786859,194714,6389,3,"2-1"
6325.0962515805268,194700,6403,2,"2"
6325.4587718597531,194682,6421,1,"1"
6336.1447657971985,194664,6439,1,"1"
6346.8038093374598,194646,6457,1,"1"
6353.8980936272992,194628,6475,1,"1"
6360.0537536145248,194610,6493,1,"1"
6364.8982219655818,194571,6532,5,"2-1-1-1"
6373.8680445365626,194553,6550,1,"1"
6378.2425883847836,194535,6568,1,"1"
6381.3522896710729,194517,6586,1,"1"
6386.3969301780462,194499,6604,1,"1"
6393.5776498860869,194481,6622,1,"1"
6394.3072578149659,194463,6640,1,"1"
6398.5797556858861,194445,6658,1,"1"
6402.3042659908724,194427,6676,1,"1"
6405.6139923562287,194409,6694,1,"1"
6412.5216959741074,194391,6712,1,"1"
6414.8845391932491,194373,6730,1,"1"
6415.3864383873315,194355,6748,1,"1"
6417.2559920810263,194331,6772,2,"2"
6417.3089109661259,194313,6790,1,"1"
6418.0849072970177,194306,6797,1,"1"
6422.2336038029462,194283,6820,3,"3"
6429.8419473072745,194265,6838,1,"1"
6432.6906147379741,194247,6856,1,"1"
6433.7323028657802,194233,6870,2,"1-1"
6434.4448118352202,194215,6888,1,"1"
6459.4798654353281,194197,6906,1,"1"
6460.8269807236484,194183,6920,2,"2"
6470.7472821003894,194165,6938,1,"1"
6471.0090812765566,194147,6956,1,"1"
6475.021303727468,194071,7032,10,"4-2-1-1-1-1"
6476.2428323888462,194039,7064,2,"2"
6481.3127541702652,194003,7100,2,"1-1"
6485.4085746488727,193985,7118,1,"1"
6509.8463426639546,193945,7158,4,"2-1-1"
6515.7578910413577,193929,7174,2,"1-1"
6526.6721678401818,193911,7192,1,"1"
6531.8996301606994,193897,7206,1,"1"
6536.3567045766249,193879,7224,1,"1"
6539.8980394663495,193861,7242,1,"1"
6593.4029453592993,193843,7260,1,"1"
6599.8838370037747,193827,7276,1,"1"
6607.6010736288436,193809,7294,1,"1"
6630.6439952137334,193773,7330,2,"2"
6641.2616818798488,193766,7337,1,"1"
6646.1605238392331,193748,7355,1,"1"
6660.6597439317784,193730,7373,1,"1"
6662.288788494544,193712,7391,1,"1"
6663.4812610859062,193694,7409,1,"1"
6673.8307527857169,193676,7427,1,"1"
6693.4875571568882,193664,7439,1,"1"
6695.8051924320307,193618,7485,4,"1-1-1-1"
6700.7795273912916,193600,7503,1,"1"
6713.9442470489812,193582,7521,1,"1"
6719.9020181241231,193495,7608,9,"4-2-1-1-1"
6720.7697273803078,193459,7644,2,"2"
6730.9179239997811,193456,7647,1,"1"
6731.8863273056086,193445,7658,1,"1"
6742.0002054377255,193427,7676,1,"1"
6747.6094348807874,193409,7694,1,"1"
6751.516175471279,193384,7719,3,"2-1"
6759.6461757740935,193375,7728,1,"1"
6774.1674863298049,193345,7758,2,"1-1"
6775.3560550452803,193327,7776,1,"1"
6783.3413213952563,193309,7794,1,"1"
6784.8121215916435,193293,7810,2,"2"
6788.9332587946055,193284,7819,1,"1"
6790.2800360128558,193266,7837,1,"1"
6804.8895422746646,193250,7853,1,"1"
6819.8103700345573,193204,7899,4,"3-1"
6824.0174801442645,193186,7917,1,"1"
6835.7846531410232,193150,7953,2,"2"
6846.1445878691038,193139,7964,1,"1"
6856.9111521156219,193121,7982,1,"1"
6861.4218459077065,193077,8026,3,"2-1"
6867.9254185413147,193070,8033,1,"1"
6868.0924478772313,193052,8051,1,"1"
6879.9174228509664,193034,8069,1,"1"
6880.5717560743487,193024,8079,1,"1"
6886.3357839285663,192950,8153,8,"2-2-2-1-1"
6893.5989725966338,192936,8167,1,"1"
6905.5346642348923,192918,8185,1,"1"
6907.7201069477933,192900,8203,1,"1"
6912.9167994263116,192890,8213,1,"1"
6917.7089418926498,192872,8231,1,"1"
6940.8406343181896,192865,8238,1,"1"
6959.392555764367,192849,8254,1,"1"
6960.9804947661114,192831,8272,1,"1"
6962.938601495699,192813,8290,1,"1"
6965.5827260221276,192795,8308,1,"1"
6987.6898998826846,192783,8320,1,"1"
6991.6787549013534,192757,8346,2,"1-1"
6995.8996989909756,192733,8370,2,"2"
7015.5340030716925,192697,8406,2,"2"
7019.2060582234108,192679,8424,1,"1"
7028.192605244968,192665,8438,2,"2"
7044.2343874740782,192634,8469,3,"3"
7044.7915018873919,192616,8487,1,"1"
7053.9626525185458,192592,8511,2,"2"
7095.0471149610094,192579,8524,1,"1"
7108.9821244422428,192561,8542,1,"1"
7112.6299144984741,192543,8560,1,"1"
7119.4195519439372,192525,8578,1,"1"
7121.7584723974105,192507,8596,1,"1"
7129.8396319753847,192500,8603,1,"1"
7144.1984593291918,192482,8621,1,"1"
7145.8224264050659,192464,8639,1,"1"
7154.0816878683727,192446,8657,1,"1"
7160.2754635495639,192437,8666,1,"1"
7160.7692986427601,192401,8702,2,"1-1"
7174.6815163241426,192383,8720,1,"1"
7194.3523541575551,192345,8758,3,"3"
7195.0154337586273,192309,8794,2,"2"
7212.0431138362401,192291,8812,1,"1"
7214.9456323823497,192273,8830,1,"1"
7221.4021261342587,192237,8866,2,"2"
7222.6506598979813,192219,8884,1,"1"
7224.2983542380816,192201,8902,1,"1"
7229.8895506686749,192165,8938,3,"1-1-1"
7230.9852599761871,192093,9010,4,"3-1"
7232.4123629498499,192075,9028,1,"1"
7240.76137831916,192065,9038,1,"1"
7241.8975299349158,192047,9056,1,"1"
7242.6430586651122,192029,9074,1,"1"
7274.274525545281,191976,9127,5,"4-1"
7296.1719460076811,191958,9145,1,"1"
7296.2556042983033,191940,9163,1,"1"
7302.7643454385652,191904,9199,2,"2"
7321.8310720304235,191886,9217,1,"1"
7327.1757328840322,191832,9271,3,"3"
7328.2463586121294,191816,9287,1,"1"
7335.3378050652509,191798,9305,1,"1"
7335.4835411900831,191780,9323,1,"1"
7342.0041496726444,191762,9341,1,"1"
7365.833748751058,191752,9351,1,"1"
7384.7813157347209,191734,9369,1,"1"
7389.2228903047908,191686,9417,3,"2-1"
7389.9156193177841,191641,9462,5,"3-2"
7392.9930351968578,191594,9509,5,"4-1"
7397.4977316501254,191583,9520,1,"1"
7415.5873512241269,191565,9538,1,"1"
7415.8777953806657,191547,9556,1,"1"
7422.2066624707213,191511,9592,2,"1-1"
7425.4648420448966,191506,9597,1,"1"
7445.955274394486,191463,9640,5,"5"
7456.8712478459884,191451,9652,1,"1"
7458.9510137490897,191421,9682,2,"1-1"
7461.1531723348044,191283,9820,14,"3-2-2-2-1-1-1-1-1"
7475.283208653299,191265,9838,1,"1"
7476.1948868029531,191247,9856,1,"1"
7490.3289860319665,191187,9916,5,"2-2-1"
7499.8372262994853,191165,9938,2,"1-1"
7509.0900368931943,190402,10701,76,"14-7-5-4-4-4-4-3-3-3-2-2-2-2-2-2-1-1-1-1-1-1-1-1-1-1-1-1-1"
7517.0459838676916,190384,10719,1,"1"
7519.4715814990886,190370,10733,1,"1"
7529.016577570691,190324,10779,5,"4-1"
7531.8718405250402,190108,10995,21,"3-3-3-2-2-2-2-1-1-1-1"
7539.1266940783189,190072,11031,2,"1-1"
7548.4079473613192,190050,11053,2,"2"
7550.8231386852885,190032,11071,1,"1"
7556.0501380789729,190014,11089,1,"1"
7557.148920663707,189996,11107,1,"1"
7557.5850787504423,189984,11119,1,"1"
7565.2720976739429,189930,11173,3,"2-1"
7565.7858061654779,189912,11191,1,"1"
7586.1362970161126,189894,11209,1,"1"
7586.2038303426416,189858,11245,2,"1-1"
7594.2939840596291,189840,11263,1,"1"
7600.5869405868552,189818,11285,2,"2"
7605.9041555433369,189800,11303,1,"1"
7610.2942956555935,189772,11331,2,"2"
7612.7458885371798,189695,11408,6,"4-1-1"
7619.3735652471787,189677,11426,1,"1"
7619.5943854739053,189577,11526,6,"2-2-2"
7637.4070180429308,189559,11544,1,"1"
7654.6654040103949,189541,11562,1,"1"
7662.9786633096737,189523,11580,1,"1"
7665.5369410109279,189505,11598,1,"1"
7669.3803215805747,189487,11616,1,"1"
7674.0821350055576,189445,11658,4,"3-1"
7674.5049366791545,189436,11667,1,"1"
7697.0556163761003,189418,11685,1,"1"
7698.721057991268,189370,11733,3,"3"
7699.636011789943,189322,11781,3,"3"
7699.8412177915106,189286,11817,2,"2"
7705.1184329959324,189275,11828,1,"1"
7711.3371391131104,189251,11852,2,"2"
7711.4489681242349,189233,11870,2,"1-1"
7719.9528055005521,189215,11888,1,"1"
7734.4467594912876,189195,11908,2,"2"
7739.3031162310226,189159,11944,2,"1-1"
7745.1829187581325,189029,12074,9,"2-2-2-1-1-1"
7750.649328706395,189017,12086,1,"1"
7767.287856683919,188999,12104,1,"1"
7779.7633357440618,188981,12122,1,"1"
7793.5533149061303,188966,12137,1,"1"
7795.1977818105552,188948,12155,1,"1"
7809.6748002090244,188912,12191,2,"1-1"
7815.612141611603,188894,12209,1,"1"
7817.5549991315511,188882,12221,1,"1"
7827.8754054663996,188846,12257,2,"1-1"
7828.2193942419381,188824,12279,2,"1-1"
7860.5644520258256,188813,12290,1,"1"
7866.6101194625508,188795,12308,1,"1"
7869.005823669916,188759,12344,2,"1-1"
7870.4963432651957,188726,12377,3,"3"
7872.0198371272463,188708,12395,1,"1"
7872.2033030939456,188682,12421,2,"2"
7873.0589714890939,188623,12480,5,"2-1-1-1"
7891.1103344752373,188605,12498,1,"1"
7891.5028027513881,188587,12516,1,"1"
7892.7061968552525,188567,12536,2,"1-1"
7898.8671497025971,188531,12572,3,"2-1"
7909.0455994962585,188513,12590,1,"1"
7910.9087153655701,188495,12608,1,"1"
7913.8956362714471,188477,12626,1,"1"
7914.5798192901038,188459,12644,1,"1"
7917.9368192643105,188441,12662,1,"1"
7919.5226858042952,188423,12680,1,"1"
7920.248175845737,188218,12885,16,"4-2-2-2-2-1-1-1-1"
7923.7554109006087,188174,12929,4,"3-1"
7930.2224163311348,188156,12947,1,"1"
7938.6792933262705,188138,12965,1,"1"
7946.1715169291692,188120,12983,1,"1"
7956.384358600847,188092,13011,2,"2"
7957.4825135326691,188082,13021,1,"1"
7960.8689164155967,188064,13039,1,"1"
7962.4369565696406,188046,13057,1,"1"
7967.9885556080408,188012,13091,2,"2"
7976.9086767679728,187950,13153,6,"2-2-1-1"
7978.6477795105757,187932,13171,1,"1"
7983.2216016327793,187914,13189,1,"1"
7984.3981837295114,187896,13207,1,"1"
7986.2079696807832,187878,13225,1,"1"
7986.7180932159663,187858,13245,2,"2"
7990.3171921391113,187822,13281,2,"2"
7992.2044030340458,187766,13337,4,"4"
7998.2262374685588,187748,13355,1,"1"
7999.5512799663493,187738,13365,1,"1"
8001.2436943173243,187720,13383,1,"1"
8009.3848122410645,187698,13405,2,"2"
8013.0338529990859,187680,13423,1,"1"
8025.0783667902233,187662,13441,1,"1"
8038.9106351411001,187644,13459,1,"1"
8054.3287311084414,187626,13477,1,"1"
8067.6134024357234,187608,13495,1,"1"
8070.1714823557104,187586,13517,2,"2"
8076.6653057814356,187568,13535,1,"1"
8081.4346894216551,187516,13587,4,"2-1-1"
8089.595179882549,187498,13605,1,"1"
8096.6486943911923,187480,13623,1,"1"
8099.5297548775707,187393,13710,6,"5-1"
8105.2775200718779,187381,13722,1,"1"
8108.8685356510241,187363,13740,1,"1"
8110.85447424017,187345,13758,1,"1"
8115.6193680200577,187327,13776,1,"1"
8116.1142458324812,187315,13788,1,"1"
8121.5733416112034,187233,13870,7,"4-1-1-1"
8125.5290385458939,187215,13888,1,"1"
8134.7196545452607,187197,13906,1,"1"
8140.6847034228131,187179,13924,1,"1"
8143.721411079584,187161,13942,1,"1"
8147.8517416917466,187125,13978,2,"2"
8150.5881786020327,187107,13996,1,"1"
8152.4833809160782,186717,14386,27,"8-3-3-3-2-2-2-1-1-1-1"
8162.2077255841396,186699,14404,1,"1"
8162.5295410558929,186573,14530,9,"4-2-1-1-1"
8165.5372631634991,186555,14548,1,"1"
8175.5388198048631,186519,14584,2,"1-1"
8177.1950795732537,186493,14610,2,"2"
8180.5661231181848,186457,14646,2,"2"
8193.1626527687931,186439,14664,1,"1"
8193.9036064491065,186399,14704,3,"2-1"
8196.9209435625162,186387,14716,1,"1"
8207.2167571515183,186369,14734,1,"1"
8208.3331414670138,186333,14770,2,"2"
8208.9337587777118,186105,14998,16,"6-2-2-2-1-1-1-1"
8218.2911234706062,186087,15016,1,"1"
8222.2838640476912,0,201103,10457,"10457"
----------------------------------------------3
0,201103,0,0,"0"
174.7759527042241,201102,1,1,"1"
178.16688970116383,201101,2,1,"1"
212.70060854868919,201098,5,1,"1"
278.9569051552848,201086,17,1,"1"
289.83364959862575,201081,22,1,"1"
443.61127281900679,201063,40,1,"1"
453.95081355544903,201062,41,1,"1"
461.05745257365652,201061,42,1,"1"
484.86651582306143,201060,43,1,"1"
496.31847691203711,201059,44,1,"1"
532.57789557706485,201058,45,1,"1"
556.36968494095868,201057,46,1,"1"
584.01821088380188,201039,64,1,"1"
603.29265162955949,201021,82,1,"1"
633.04224092974925,201020,83,1,"1"
636.56255043051704,201019,84,1,"1"
647.24487416866452,201018,85,1,"1"
661.7739546595551,201001,102,1,"1"
662.27914900044743,201000,103,1,"1"
685.46807435380435,200999,104,1,"1"
719.17119026097441,200998,105,1,"1"
724.06714007712014,200997,106,1,"1"
733.1686283125465,200990,113,1,"1"
805.62993280614569,200989,114,1,"1"
831.45957692489947,200988,115,1,"1"
860.85137991760894,200985,118,1,"1"
872.58173713590827,200983,120,2,"2"
881.52998253876763,200982,121,1,"1"
918.16368615387057,200981,122,1,"1"
956.65850640845417,200963,140,1,"1"
962.75281249254783,200945,158,1,"1"
975.83528813385669,200942,161,1,"1"
997.75422379664394,200939,164,1,"1"
1014.81586591814,200938,165,1,"1"
1020.8844117601996,200937,166,1,"1"
1030.9377738149242,200936,167,1,"1"
1039.2068825416181,200934,169,2,"2"
1050.7244378594044,200927,176,1,"1"
1070.1461564292954,200886,217,9,"6-2-1"
1078.2144720451633,200884,219,2,"2"
1090.3795916782756,200883,220,1,"1"
1137.496470807994,200882,221,1,"1"
1141.4357033612519,200865,238,1,"1"
1150.6504685060331,200864,239,1,"1"
1176.7246464127422,200861,242,1,"1"
1180.1118566367406,200843,260,1,"1"
1185.0400600679088,200831,272,1,"1"
1301.5690135393622,200830,273,1,"1"
1309.7482118638809,200829,274,1,"1"
1311.3347895975921,200828,275,1,"1"
1314.6474119731299,200825,278,1,"1"
1385.5170725903013,200822,281,1,"1"
1389.8074693436172,200804,299,1,"1"
1391.3867136094073,200799,304,1,"1"
1400.9509801313359,200792,311,1,"1"
1401.200712322192,200791,312,1,"1"
1406.0077358643182,200790,313,1,"1"
1438.2041916040773,200780,323,1,"1"
1446.2781194644899,200762,341,1,"1"
1456.1489401077736,200756,347,2,"1-1"
1458.6964564244215,200738,365,1,"1"
1506.9951494564625,200735,368,1,"1"
1507.4960573376629,200717,386,1,"1"
1519.8629016149687,200703,400,1,"1"
1560.8995935892472,200700,403,1,"1"
1597.3350150416177,200682,421,1,"1"
1600.8822872090434,200681,422,1,"1"
1626.4228486174977,200663,440,1,"1"
1633.1120669665186,200662,441,1,"1"
1636.9254407809781,200644,459,1,"1"
1648.2190546238819,200642,461,2,"2"
1651.5938685383016,200640,463,2,"1-1"
1691.5770800305713,200637,466,1,"1"
1717.9376337741012,200632,471,1,"1"
1744.8471155939528,200620,483,2,"1-1"
1794.8931541557943,200617,486,1,"1"
1797.564359688098,200599,504,1,"1"
1806.7886874480741,200598,505,1,"1"
1813.7973556615582,200597,506,1,"1"
1814.9718587645662,200579,524,1,"1"
1818.0980382473554,200574,529,1,"1"
1836.365267245211,200573,530,1,"1"
1855.3598565901232,200572,531,1,"1"
1883.484055809663,200561,542,1,"1"
1906.76253176001,200543,560,1,"1"
1907.7638255023387,200540,563,1,"1"
1914.0048999290484,200525,578,1,"1"
1934.2725230839458,200524,579,1,"1"
2002.3090232291272,200506,597,1,"1"
2006.1916292946414,200503,600,1,"1"
2032.797331158263,200485,618,1,"1"
2099.7097389961373,200473,630,1,"1"
2105.076249877392,200472,631,1,"1"
2133.788955664817,200454,649,1,"1"
2157.6995835585508,200451,652,1,"1"
2178.2757753839314,200448,655,1,"1"
2207.7046973073807,200421,682,5,"5"
2220.8784173647032,200405,698,1,"1"
2229.9874059470653,200396,707,1,"1"
2230.7072314945422,200378,725,1,"1"
2255.2248858426387,200324,779,3,"3"
2266.2817078373896,200321,782,1,"1"
2282.3460139749964,200303,800,1,"1"
2295.5243494785614,200285,818,1,"1"
2320.0380282916599,200284,819,1,"1"
2334.8856033752299,200279,824,1,"1"
2362.1045099970015,200273,830,2,"2"
2368.2567083396466,200255,848,1,"1"
2378.7292000905181,200237,866,1,"1"
2383.4183600772703,200201,902,8,"5-2-1"
2389.9944380026463,200183,920,1,"1"
2394.0685179606671,200182,921,1,"1"
2402.7164451765107,200176,927,2,"2"
2405.5954769332561,200160,943,1,"1"
2415.3353484517488,200157,946,1,"1"
2444.1229563148422,200144,959,1,"1"
2463.4300871723326,200141,962,1,"1"
2473.6044374393709,200138,965,1,"1"
2508.0924229255852,200120,983,1,"1"
2521.5082324407695,200102,1001,1,"1"
2544.6205959949252,200093,1010,3,"2-1"
2555.6113031813779,200075,1028,1,"1"
2572.1662946360625,200047,1056,2,"2"
2633.4979679912358,200029,1074,1,"1"
2638.4487824856374,200026,1077,1,"1"
2675.4974375116508,200006,1097,2,"2"
2675.5814442079245,199992,1111,1,"1"
2684.0969254318429,199974,1129,1,"1"
2690.3716555915134,199956,1147,1,"1"
2708.6910405659551,199949,1154,1,"1"
2709.9196517134797,199935,1168,2,"1-1"
2715.9997380736481,199917,1186,1,"1"
2721.1180036508918,199914,1189,1,"1"
2788.0031246945632,199909,1194,1,"1"
2800.3346516057563,199908,1195,1,"1"
2842.5329370706204,199890,1213,1,"1"
2846.1120452941791,199872,1231,1,"1"
2856.3062295654486,199854,1249,1,"1"
2863.0940390161959,199841,1262,3,"3"
2863.8244093079784,199823,1280,1,"1"
2880.2634340892455,199816,1287,1,"1"
2904.5375824236958,199798,1305,1,"1"
2904.8634771319571,199780,1323,1,"1"
2905.489105502837,199767,1336,3,"2-1"
2906.8448054288742,199749,1354,1,"1"
2908.3819968034422,199742,1361,1,"1"
2910.3754930451269,199732,1371,1,"1"
2919.7542651887056,199718,1385,2,"2"
2930.537605045693,199712,1391,2,"2"
2939.0859677301469,199694,1409,1,"1"
2953.041901662355,199676,1427,1,"1"
2971.3434743768053,199658,1445,1,"1"
2983.4421529523761,199640,1463,1,"1"
3012.4205399992206,199637,1466,1,"1"
3033.6480909875277,199619,1484,1,"1"
3056.8435299688635,199601,1502,1,"1"
3060.2386606186051,199589,1514,1,"1"
3062.9727065028692,199586,1517,1,"1"
3067.6523131095591,199568,1535,1,"1"
3120.0397803691644,199529,1574,3,"3"
3134.638490978944,199511,1592,1,"1"
3144.0433631081032,199508,1595,1,"1"
3172.9669869820418,199494,1609,1,"1"
3184.0807897609375,199491,1612,1,"1"
3187.8052020394921,199473,1630,1,"1"
3229.2379407311823,199467,1636,2,"2"
3233.5302268721907,199449,1654,1,"1"
3239.0917050514599,199446,1657,1,"1"
3293.574398094252,199410,1693,2,"2"
3305.5759337108657,199392,1711,1,"1"
3310.2480118967583,199374,1729,1,"1"
3320.8112478574235,199369,1734,1,"1"
3375.4820053124859,199351,1752,1,"1"
3395.5092365935634,199348,1755,1,"1"
3399.8625521844897,199330,1773,1,"1"
3402.7169212745021,199312,1791,1,"1"
3406.2144003019271,199294,1809,1,"1"
3455.8441760997825,199276,1827,1,"1"
3467.0291242847134,199263,1840,3,"2-1"
3471.7934734506866,199245,1858,1,"1"
3494.2074764155636,199242,1861,1,"1"
3496.0928840848414,199224,1879,1,"1"
3496.8685258951487,199206,1897,1,"1"
3518.3458651297788,199190,1913,1,"1"
3521.6220982882114,199172,1931,1,"1"
3536.0841344752284,199159,1944,1,"1"
3606.6213036639074,199141,1962,1,"1"
3606.9915998484448,199138,1965,1,"1"
3620.0164873495582,199126,1977,1,"1"
3628.4787095083575,199123,1980,1,"1"
3657.823631985214,199109,1994,1,"1"
3658.1241262473673,199106,1997,1,"1"
3658.2867095140473,199088,2015,1,"1"
3668.8981073288833,199070,2033,1,"1"
3678.1520200733366,199052,2051,1,"1"
3681.4398775962763,199034,2069,1,"1"
3685.7264237378859,199016,2087,1,"1"
3694.4402264913301,199009,2094,1,"1"
3731.9105734700433,198991,2112,1,"1"
3746.2035588538633,198973,2130,1,"1"
3794.1355014961273,198955,2148,1,"1"
3797.7500623548403,198950,2153,1,"1"
3816.8961555203155,198932,2171,1,"1"
3820.2650172421318,198919,2184,3,"3"
3822.5115090868439,198904,2199,3,"2-1"
3848.8996982165045,198886,2217,1,"1"
3862.2365495027384,198868,2235,1,"1"
3865.057843984504,198865,2238,1,"1"
3866.617441208914,198858,2245,1,"1"
3905.6388391655855,198852,2251,2,"2"
3930.7307512836878,198847,2256,1,"1"
3942.097259907282,198829,2274,1,"1"
3945.5791371369733,198820,2283,3,"2-1"
3970.6904759640852,198802,2301,1,"1"
3978.7501531770372,198784,2319,1,"1"
4027.9146347617875,198766,2337,1,"1"
4042.5979964027706,198761,2342,1,"1"
4080.4218773412717,198754,2349,1,"1"
4088.0370765465182,198742,2361,4,"4"
4094.0293011379349,198724,2379,1,"1"
4105.0799041720193,198714,2389,1,"1"
4108.57045708431,198707,2396,1,"1"
4121.6780499516226,198689,2414,1,"1"
4127.8303409389137,198682,2421,1,"1"
4129.4977686862521,198674,2429,2,"1-1"
4149.2659918891341,198662,2441,1,"1"
4152.140091732882,198647,2456,1,"1"
4160.6162557365178,198644,2459,1,"1"
4169.0583587389847,198626,2477,1,"1"
4177.821182867805,198617,2486,1,"1"
4186.7908904961187,198599,2504,1,"1"
4230.210900022139,198582,2521,3,"2-1"
4231.1333685705395,198564,2539,1,"1"
4238.2227658290103,198557,2546,1,"1"
4238.3367929463329,198543,2560,1,"1"
4241.6623751313045,198540,2563,1,"1"
4251.9387659022623,198522,2581,1,"1"
4258.9852617064198,198519,2584,1,"1"
4259.2300424888244,198511,2592,2,"2"
4280.1053379418317,198474,2629,5,"5"
4284.7420523061155,198464,2639,1,"1"
4298.4339391383128,198461,2642,1,"1"
4300.0606426469531,198443,2660,1,"1"
4341.9973500884444,198425,2678,1,"1"
4357.9153780845054,198422,2681,1,"1"
4381.7288781510642,198406,2697,1,"1"
4384.8689509944443,198388,2715,1,"1"
4400.0209012628857,198385,2718,1,"1"
4402.6914463874637,198367,2736,1,"1"
4405.9425702293684,198349,2754,1,"1"
4413.5276783364716,198331,2772,1,"1"
4449.6625722540703,198313,2790,1,"1"
4451.3539710098821,198295,2808,1,"1"
4455.6631894035218,198281,2822,1,"1"
4465.5120301814513,198263,2840,1,"1"
4470.9691865812965,198257,2846,2,"1-1"
4478.739748478105,198239,2864,1,"1"
4481.3553326668598,198227,2876,1,"1"
4499.0069702828168,198212,2891,1,"1"
4507.2745988667712,198200,2903,1,"1"
4515.6620144527797,198197,2906,1,"1"
4520.7814755239333,198179,2924,1,"1"
4524.255165234068,198157,2946,2,"2"
4526.0597776664899,198139,2964,1,"1"
4527.3723648405967,198121,2982,1,"1"
4527.3729849549409,198118,2985,1,"1"
4528.6480551944896,198100,3003,1,"1"
4529.4521925832423,198095,3008,1,"1"
4542.2330624975875,198086,3017,1,"1"
4551.2692811725292,198068,3035,1,"1"
4552.8338229255132,198054,3049,2,"2"
4575.5761114314182,198036,3067,1,"1"
4581.0468493579065,198033,3070,1,"1"
4607.4175736776033,198021,3082,1,"1"
4608.6661931289755,198018,3085,1,"1"
4614.2505184346746,198011,3092,1,"1"
4645.4861767231887,198004,3099,1,"1"
4651.1282684142398,197968,3135,2,"2"
4668.6193159639379,197950,3153,1,"1"
4679.7943197455324,197918,3185,4,"3-1"
4681.5276126219051,197876,3227,5,"2-1-1-1"
4683.6151243886243,197869,3234,1,"1"
4695.4327426692462,197851,3252,1,"1"
4710.7041144703699,197833,3270,1,"1"
4723.4600824820063,197815,3288,1,"1"
4739.9016007069586,197812,3291,1,"1"
4772.4521928840259,197805,3298,1,"1"
4786.9508198267949,197791,3312,2,"2"
4798.8059036863515,197753,3350,4,"3-1"
4807.1604252498555,197735,3368,1,"1"
4819.437717691414,197719,3384,1,"1"
4836.8290971396045,197633,3470,6,"3-1-1-1"
4846.1059103374173,197615,3488,1,"1"
4846.2137919999177,197612,3491,1,"1"
4851.4289788359201,197594,3509,1,"1"
4858.9189959635669,197576,3527,1,"1"
4885.1081542370111,197558,3545,1,"1"
4888.9345701591392,197555,3548,1,"1"
4910.4081121937188,197525,3578,2,"1-1"
4926.9470487035633,197513,3590,1,"1"
4948.9924636058931,197495,3608,1,"1"
4954.5127663819248,197486,3617,3,"2-1"
4963.7991510833099,197475,3628,1,"1"
4974.8718284310307,197464,3639,1,"1"
4976.2332998893835,197448,3655,4,"4"
5013.0963066182558,197430,3673,1,"1"
5014.1641892448033,197412,3691,1,"1"
5016.5982179226221,197394,3709,1,"1"
5017.4784501351924,197376,3727,1,"1"
5026.371738212194,197358,3745,1,"1"
5033.9458030012674,197340,3763,1,"1"
5034.1503469366353,197328,3775,1,"1"
5043.2423507876274,197292,3811,2,"2"
5045.658144536108,197272,3831,4,"2-1-1"
5051.6712014013247,197261,3842,1,"1"
5053.3800182804616,197243,3860,1,"1"
5059.4414305834116,197225,3878,1,"1"
5060.1835704969562,197196,3907,5,"2-1-1-1"
5070.1120462601375,197178,3925,1,"1"
5075.1978504164481,197163,3940,3,"2-1"
5095.4541137006781,197151,3952,1,"1"
5129.2842830965883,197139,3964,1,"1"
5140.7332465609588,197121,3982,1,"1"
5147.4001478183063,197103,4000,1,"1"
5152.9224955086183,197098,4005,1,"1"
5159.2585633298468,197080,4023,1,"1"
5165.7629979012318,197062,4041,1,"1"
5171.9711345070809,197034,4069,6,"2-2-1-1"
5182.4520982276117,197016,4087,1,"1"
5185.7571029606079,196980,4123,2,"1-1"
5206.8954169984063,196962,4141,1,"1"
5207.899783851075,196944,4159,1,"1"
5211.9882911678369,196933,4170,1,"1"
5220.195223695483,196921,4182,1,"1"
5229.5128020411712,196903,4200,1,"1"
5240.882495691616,196896,4207,1,"1"
5249.3402758580214,196891,4212,1,"1"
5253.7472166578773,196873,4230,1,"1"
5256.1481485940185,196870,4233,1,"1"
5281.3675507035996,196861,4242,1,"1"
5316.6502927778538,196856,4247,1,"1"
5350.6132952332455,196849,4254,1,"1"
5361.4807904209165,196831,4272,1,"1"
5366.2424313652664,196820,4283,1,"1"
5386.6630446417375,196784,4319,2,"1-1"
5396.1784380700828,196766,4337,1,"1"
5405.0162881860979,196748,4355,1,"1"
5424.3909535689663,196730,4373,1,"1"
5425.4196348681671,196703,4400,7,"7"
5425.8710639804785,196689,4414,1,"1"
5440.4645786284582,196671,4432,1,"1"
5441.9740841099374,196668,4435,1,"1"
5442.1400128995847,196650,4453,1,"1"
5458.0504244168669,196647,4456,1,"1"
5463.4411192590997,196629,4474,1,"1"
5473.2809982124036,196611,4492,1,"1"
5483.5896067614203,196590,4513,3,"3"
5496.3437370732181,196578,4525,2,"1-1"
5507.0485476945287,196575,4528,1,"1"
5508.4770572658954,196557,4546,1,"1"
5514.9452572495829,196539,4564,1,"1"
5570.6813839537635,196528,4575,1,"1"
5585.1970098599577,196510,4593,1,"1"
5609.3442593257578,196492,4611,1,"1"
5623.4635126506473,196470,4633,2,"1-1"
5628.4289565225099,196467,4636,1,"1"
5628.950673072537,196449,4654,1,"1"
5636.4754711930755,196431,4672,1,"1"
5652.7228080782825,196413,4690,1,"1"
5657.8604277270997,196395,4708,4,"2-1-1"
5658.2065258950061,196377,4726,1,"1"
5662.3956216360639,196359,4744,1,"1"
5688.3353642264683,196356,4747,1,"1"
5690.6588409911437,196338,4765,1,"1"
5701.76145708677,196331,4772,1,"1"
5709.8808571594354,196313,4790,1,"1"
5711.2307510413148,196295,4808,1,"1"
5721.047298604718,196226,4877,10,"4-2-1-1-1-1"
5721.9037245625341,196208,4895,1,"1"
5723.8372681454966,196201,4902,1,"1"
5741.275893441848,196183,4920,1,"1"
5741.6635727681341,196169,4934,1,"1"
5751.3041561482305,196151,4952,1,"1"
5762.9602133105473,196090,5013,7,"2-2-1-1-1"
5771.2541607379089,196072,5031,1,"1"
5773.4094577830183,196047,5056,3,"3"
5773.5360039226125,196029,5074,1,"1"
5775.0458492144335,196017,5086,1,"1"
5776.6171687162014,196005,5098,1,"1"
5777.0386040501735,195943,5160,6,"4-2"
5782.6677402218947,195936,5167,1,"1"
5786.6141272883578,195920,5183,1,"1"
5791.4555705655239,195902,5201,1,"1"
5815.9932728134336,195884,5219,1,"1"
5820.8436703485495,195863,5240,3,"3"
5821.4136594863721,195839,5264,4,"4"
5831.0536267238203,195821,5282,1,"1"
5838.5197147082954,195818,5285,1,"1"
5861.0771704236176,195800,5303,1,"1"
5891.2294876535061,195764,5339,2,"1-1"
5893.8269616677208,195746,5357,1,"1"
5897.3006579456569,195728,5375,1,"1"
5900.1316784764313,195710,5393,1,"1"
5902.2342255958301,195703,5400,1,"1"
5909.9742739930871,195685,5418,1,"1"
5918.8817458370431,195675,5428,1,"1"
5937.5509549222188,195657,5446,1,"1"
5939.1339273360054,195614,5489,7,"6-1"
5949.239875130439,195578,5525,2,"2"
5955.2502451123537,195575,5528,1,"1"
5970.6490265979128,195557,5546,1,"1"
5972.4491757891155,195539,5564,1,"1"
5973.7101332641932,195532,5571,1,"1"
5978.1342616335905,195514,5589,1,"1"
5979.5792096753139,195500,5603,1,"1"
5981.0787466253241,195482,5621,1,"1"
5986.6370757968734,195472,5631,1,"1"
5996.8978846519049,195432,5671,4,"2-1-1"
6001.5656583552254,195414,5689,1,"1"
6008.5424902253317,195390,5713,2,"2"
6011.2412794918209,195372,5731,1,"1"
6013.4854779149091,195354,5749,1,"1"
6015.7801326625959,195336,5767,1,"1"
6016.085375552766,195318,5785,1,"1"
6028.7561441951693,195300,5803,1,"1"
6034.2274201691616,195264,5839,2,"2"
6044.7340380510741,195246,5857,1,"1"
6050.1287764445042,195228,5875,1,"1"
6057.6312387608414,195210,5893,1,"1"
6065.2150745509589,195203,5900,1,"1"
6077.6817461893452,195169,5934,3,"1-1-1"
6079.2102338461009,195162,5941,1,"1"
6079.8023455099856,195144,5959,1,"1"
6085.8923474086978,195133,5970,1,"1"
6093.5474729105845,195115,5988,1,"1"
6095.7807382153042,195055,6048,4,"4"
6100.9797697754848,195037,6066,1,"1"
6106.3007924991261,195032,6071,1,"1"
6112.4118100487685,195014,6089,1,"1"
6125.7483201264513,195003,6100,1,"1"
6128.2941539752564,194985,6118,2,"2"
6134.8413994013526,194967,6136,1,"1"
6140.6995160334318,194949,6154,1,"1"
6142.3970161766974,194940,6163,1,"1"
6156.1921161921673,194922,6181,1,"1"
6169.0744239495807,194904,6199,1,"1"
6174.9923268642187,194886,6217,1,"1"
6208.0772120220054,194879,6224,1,"1"
6214.2923509646207,194843,6260,2,"1-1"
6223.3796517646851,194834,6269,1,"1"
6226.593210312768,194816,6287,1,"1"
6237.5548463519945,194798,6305,1,"1"
6247.0530071889552,194776,6327,2,"2"
6249.5042615199554,194758,6345,1,"1"
6255.0151052148494,194740,6363,1,"1"
6257.4224201270927,194737,6366,1,"1"
6262.4504046971297,194719,6384,1,"1"
6276.1240885113457,194701,6402,1,"1"
6276.5858581716584,194647,6456,3,"1-1-1"
6277.896883239564,194629,6474,1,"1"
6286.2693200979647,194615,6488,1,"1"
6289.3596167032156,194608,6495,1,"1"
6290.7689875420474,194590,6513,1,"1"
6305.0486020188046,194572,6531,1,"1"
6307.5792962393671,194554,6549,1,"1"
6336.8827767391567,194538,6565,1,"1"
6337.5589327834296,194520,6583,1,"1"
6342.7156802550326,194502,6601,1,"1"
6353.7792066203892,194474,6629,2,"2"
6355.0759343905647,194456,6647,1,"1"
6359.5266788969166,194444,6659,1,"1"
6363.9106321756499,194426,6677,1,"1"
6367.3041722282569,194408,6695,1,"1"
6372.3862932785196,194390,6713,1,"1"
6382.0306893873831,194380,6723,1,"1"
6382.6338933996112,194362,6741,1,"1"
6386.9598830702353,194334,6769,4,"2-1-1"
6399.1475664976369,194329,6774,1,"1"
6423.3600295684118,194319,6784,1,"1"
6426.7177946312586,194301,6802,1,"1"
6428.5513518445186,194289,6814,1,"1"
6440.5056541300182,194271,6832,1,"1"
6453.5838760568258,194253,6850,1,"1"
6454.9396240536826,194248,6855,1,"1"
6484.1303718581639,194220,6883,2,"1-1"
6486.1756135509031,194202,6901,1,"1"
6492.7800192760487,194190,6913,1,"1"
6497.0031223093156,194172,6931,1,"1"
6509.1124663927185,194154,6949,1,"1"
6512.972331543564,194136,6967,2,"1-1"
6518.8015444114735,194118,6985,1,"1"
6523.8726239154594,194100,7003,1,"1"
6528.8450672078516,194076,7027,2,"2"
6549.5740644058342,194058,7045,1,"1"
6566.9499821082927,194024,7079,4,"3-1"
6581.2838522105449,193988,7115,2,"2"
6581.4640448318287,193970,7133,1,"1"
6597.7448781476469,193898,7205,4,"4"
6598.7525757188178,193852,7251,3,"2-1"
6608.0742443164445,193830,7273,2,"2"
6617.7944707864272,193812,7291,2,"1-1"
6621.3803063361465,193794,7309,1,"1"
6633.1616991058954,193776,7327,2,"2"
6635.1620799344182,193758,7345,1,"1"
6641.9485656358484,193722,7381,2,"2"
6643.5994075934195,193686,7417,3,"3"
6650.4548109317948,193668,7435,1,"1"
6656.6279342889238,193632,7471,2,"2"
6669.9522287942409,193604,7499,2,"2"
6674.2099612220009,193592,7511,1,"1"
6674.577321402423,193574,7529,1,"1"
6681.5731376464137,193547,7556,3,"3"
6684.5500665661812,193535,7568,1,"1"
6684.8593461794599,193499,7604,2,"1-1"
6700.3805058082389,193489,7614,1,"1"
6714.4287289289441,193397,7706,10,"3-2-2-1-1-1"
6722.3020509203561,193385,7718,1,"1"
6736.2262082116522,193380,7723,1,"1"
6737.1247609064321,193362,7741,1,"1"
6745.7422748732679,193344,7759,1,"1"
6753.9962476756682,193308,7795,2,"2"
6756.3750287659295,193293,7810,1,"1"
6772.7216779835826,193281,7822,1,"1"
6775.0397657945568,193263,7840,1,"1"
6779.5197497985937,193245,7858,2,"2"
6785.3528520687987,193231,7872,2,"2"
6797.7911966644433,193213,7890,1,"1"
6799.3578706075878,193195,7908,1,"1"
6814.8776101309122,193159,7944,2,"2"
6818.5457102411383,193107,7996,4,"2-2"
6824.2911566273269,193089,8014,1,"1"
6829.5797280911092,193071,8032,1,"1"
6832.8161972848811,193037,8066,2,"1-1"
6837.1895054115148,193019,8084,1,"1"
6843.9335070497964,192965,8138,3,"2-1"
6845.5256003431014,192938,8165,3,"2-1"
6852.430109294708,192920,8183,1,"1"
6853.2933102549932,192842,8261,8,"4-2-1-1"
6856.5677593478595,192835,8268,1,"1"
6861.4504964944699,192799,8304,2,"2"
6887.4872212590362,192781,8322,1,"1"
6903.6971944850002,192763,8340,1,"1"
6908.2554416929406,192745,8358,1,"1"
6918.0594660850275,192727,8376,1,"1"
6925.9874815968496,192709,8394,1,"1"
6929.0996489357804,192691,8412,1,"1"
6955.7536888622808,192673,8430,1,"1"
6970.4061351402288,192575,8528,8,"5-2-1"
6971.0443224992086,192557,8546,1,"1"
6974.5768160378602,192536,8567,3,"2-1"
6975.4912840888373,192518,8585,1,"1"
6978.5659523543982,192500,8603,1,"1"
6982.369601954787,192438,8665,4,"4"
6987.3672786008592,192420,8683,1,"1"
6994.877337494022,192410,8693,1,"1"
7005.8450234441543,192392,8711,1,"1"
7011.5042714692081,192374,8729,1,"1"
7012.6204845779839,192356,8747,1,"1"
7018.5913187146352,192338,8765,1,"1"
7026.0837602107467,192320,8783,1,"1"
7029.7321713379351,192302,8801,1,"1"
7043.4464199799586,192295,8808,1,"1"
7059.5143697630892,192277,8826,1,"1"
7060.2642997437979,192239,8864,4,"4"
7061.7746053971141,192221,8882,1,"1"
7066.5070357599261,192192,8911,3,"2-1"
7086.0572599200841,192177,8926,1,"1"
7090.4656727590382,192170,8933,1,"1"
7093.8506555471158,192152,8951,1,"1"
7106.9022825514085,192134,8969,1,"1"
7114.2428348724152,192106,8997,4,"4"
7122.9330888803734,192092,9011,1,"1"
7125.0215084984529,192074,9029,1,"1"
7149.0567667253263,192050,9053,2,"2"
7159.3606314519757,192032,9071,1,"1"
7171.1981345287923,192020,9083,1,"1"
7175.7611129250417,192002,9101,1,"1"
7179.4649857779405,191874,9229,9,"5-2-1-1"
7182.8506020674977,191856,9247,1,"1"
7188.9342617179464,191838,9265,1,"1"
7190.0063860764467,191820,9283,1,"1"
7193.5465271582152,191734,9369,6,"6"
7211.379717348681,191716,9387,1,"1"
7217.9462026242345,191662,9441,3,"2-1"
7220.9743638269019,191648,9455,1,"1"
7224.4801821901538,191630,9473,1,"1"
7227.0673872761035,191612,9491,1,"1"
7236.5149892214386,191549,9554,7,"3-2-1-1"
7249.7777674866829,191531,9572,1,"1"
7251.1744571104819,191513,9590,1,"1"
7259.2065670883339,191502,9601,1,"1"
7266.0971094510705,191488,9615,2,"2"
7290.786005528832,191470,9633,1,"1"
7293.8094060243284,191452,9651,1,"1"
7295.1313520135882,191434,9669,1,"1"
7306.2648852655666,191422,9681,1,"1"
7309.6034962832991,191393,9710,3,"3"
7319.7571192316518,191375,9728,1,"1"
7321.0077982390812,191357,9746,1,"1"
7340.7570581006585,191339,9764,1,"1"
7346.7521981017808,191303,9800,2,"2"
7348.7685029491822,191287,9816,2,"1-1"
7350.1792295218693,191199,9904,6,"2-2-1-1"
7353.4077493549157,191171,9932,2,"2"
7355.6509054942353,191153,9950,1,"1"
7368.6316453799718,191135,9968,1,"1"
7369.9950340962305,191119,9984,1,"1"
7372.1356467127544,191101,10002,1,"1"
7376.719038602474,191013,10090,7,"3-2-2"
7382.8498104159044,190995,10108,1,"1"
7413.1504496694979,190815,10288,10,"10"
7443.7092653329555,190787,10316,2,"2"
7459.3789985812291,190769,10334,1,"1"
7475.6115631784551,190733,10370,2,"2"
7483.318594662238,190715,10388,1,"1"
7491.9155986700853,190697,10406,1,"1"
7493.2050559621339,190652,10451,4,"3-1"
7496.8484572691259,190634,10469,1,"1"
7500.9986774263134,190627,10476,1,"1"
7518.7941974982696,190620,10483,1,"1"
7522.2115618593407,190584,10519,2,"2"
7524.9521002909041,190566,10537,1,"1"
7526.2658039545222,190548,10555,1,"1"
7544.5169374439847,190522,10581,2,"1-1"
7580.5573558161441,190504,10599,1,"1"
7592.6121261559229,190494,10609,1,"1"
7600.9144898575378,190458,10645,4,"1-1-1-1"
7612.6736653140142,190422,10681,2,"1-1"
7615.0338173693044,190402,10701,2,"2"
7634.1117761268979,190392,10711,1,"1"
7635.6341986612824,190374,10729,1,"1"
7636.5173153305313,190356,10747,1,"1"
7637.7206689954583,190345,10758,1,"1"
7640.0290049522828,190327,10776,1,"1"
7648.7418104219905,190309,10794,1,"1"
7649.1179702616955,190291,10812,1,"1"
7652.4049973201891,190284,10819,1,"1"
7656.1255122469875,190248,10855,2,"2"
7659.8538542238657,190212,10891,2,"2"
7670.4763830304901,190194,10909,1,"1"
7673.4766847679757,190126,10977,5,"2-1-1-1"
7682.5376284890344,190108,10995,1,"1"
7683.5608406619294,190090,11013,1,"1"
7692.743928060192,190076,11027,2,"2"
7705.1362413354009,190040,11063,2,"2"
7706.9816956027116,190022,11081,1,"1"
7711.3597608180662,190004,11099,1,"1"
7724.0725595631811,189961,11142,4,"2-2"
7743.720011303536,189943,11160,1,"1"
7745.0731189396165,189936,11167,1,"1"
7752.6742099310968,188960,12143,96,"10-9-8-7-7-7-5-3-3-3-3-2-2-2-2-2-2-2-2-2-1-1-1-1-1-1-1-1-1-1-1-1-1"
7773.5109585313267,188924,12179,2,"1-1"
7775.9601753509924,188876,12227,4,"3-1"
7779.5446685731531,188854,12249,2,"1-1"
7783.8799549458026,188836,12267,1,"1"
7793.8660423447445,188818,12285,1,"1"
7808.3475592834066,188800,12303,1,"1"
7819.4499952319175,188788,12315,1,"1"
7835.1732695992578,188770,12333,1,"1"
7841.2896532051836,188752,12351,1,"1"
7842.6159853897188,188694,12409,4,"3-1"
7863.8250944328611,188676,12427,1,"1"
7865.3002049700508,188548,12555,12,"4-3-1-1-1-1-1"
7867.6375116945692,188541,12562,1,"1"
7876.5756610869958,188528,12575,1,"1"
7896.3159280657837,188510,12593,1,"1"
7912.1475716055875,188492,12611,1,"1"
7913.4785037177289,188462,12641,2,"2"
7913.482329047396,188426,12677,2,"1-1"
7914.6233052564048,188367,12736,5,"2-2-1"
7930.3161555960969,188349,12754,1,"1"
7938.0557875543727,188331,12772,1,"1"
7952.8909498139892,188313,12790,2,"2"
7956.596654490043,188240,12863,7,"4-2-1"
7961.6323879762467,188222,12881,1,"1"
7966.6173798251757,187880,13223,25,"5-4-3-3-2-2-1-1-1-1-1-1"
7975.4259288299791,187868,13235,1,"1"
7978.2573211386789,187850,13253,1,"1"
7987.4121263073848,187824,13279,2,"2"
7997.5060183772839,187806,13297,1,"1"
8023.6267165868985,187712,13391,6,"3-1-1-1"
8032.1639379301614,187694,13409,1,"1"
8036.0430435045791,187676,13427,1,"1"
8043.0952185062588,187658,13445,1,"1"
8049.3832114512115,187591,13512,7,"3-3-1"
8054.8774285573982,187573,13530,1,"1"
8059.0319290227735,187555,13548,1,"1"
8066.6865465852225,187537,13566,1,"1"
8077.1576458213485,187526,13577,1,"1"
8080.7191694522862,187508,13595,1,"1"
8096.68794661227,187490,13613,1,"1"
8097.621080728698,187472,13631,1,"1"
8097.9397038058141,187454,13649,1,"1"
8103.0344315606644,187410,13693,3,"1-1-1"
8118.1846470155024,187380,13723,3,"2-1"
8119.2416451221461,187364,13739,1,"1"
8131.0704465659301,187346,13757,1,"1"
8137.5954591539821,187328,13775,1,"1"
8145.6088806692997,187294,13809,2,"1-1"
8153.7458932142235,187276,13827,1,"1"
8157.0098049530206,187261,13842,1,"1"
8160.2436199657814,187219,13884,3,"2-1"
8166.7674760250802,187201,13902,1,"1"
8167.8307399628748,187165,13938,2,"1-1"
8168.4651683414049,187153,13950,1,"1"
8179.2792522816053,187103,14000,4,"2-1-1"
8185.8286923663691,0,201103,10536,"10536"
----------------------------------------------4
0,201103,0,0,"0"
241.30276509511964,201102,1,1,"1"
321.71481736797796,201100,3,2,"2"
340.67147079952196,201082,21,1,"1"
403.6116619168165,201081,22,1,"1"
467.8168936777829,201080,23,1,"1"
490.6279803856732,201079,24,1,"1"
550.81569079519306,201061,42,1,"1"
557.11879402921716,201060,43,1,"1"
610.58835037539336,201044,59,1,"1"
618.28277099094157,201043,60,1,"1"
627.98954865641792,201025,78,1,"1"
671.10398480900562,201024,79,1,"1"
705.98421016237728,201019,84,1,"1"
744.6753395891501,201014,89,1,"1"
792.82161895181241,201013,90,1,"1"
812.33620458125324,201008,95,1,"1"
844.44541939039982,201007,96,1,"1"
869.76332594684766,200989,114,1,"1"
871.83738463686484,200988,115,1,"1"
922.00586865648222,200987,116,1,"1"
924.18531071773759,200975,128,1,"1"
929.38369922549384,200968,135,1,"1"
943.233051639015,200937,166,4,"4"
961.48875408677043,200934,169,1,"1"
963.04836199077113,200933,170,1,"1"
983.07778894046749,200932,171,1,"1"
985.49956120823992,200922,181,1,"1"
1011.2453020155031,200920,183,2,"2"
1023.2328461870929,200902,201,1,"1"
1027.2538781718533,200900,203,2,"2"
1098.9979941503502,200899,204,1,"1"
1100.2443375073365,200881,222,1,"1"
1134.8967904857784,200863,240,1,"1"
1146.7685728944955,200845,258,1,"1"
1148.1771589898412,200833,270,1,"1"
1155.1413025505747,200820,283,1,"1"
1169.581303069838,200817,286,1,"1"
1183.503479740936,200816,287,1,"1"
1190.014970115405,200798,305,1,"1"
1201.9909340400293,200797,306,1,"1"
1208.1787374136809,200796,307,1,"1"
1212.890986811331,200784,319,1,"1"
1239.3158917008163,200783,320,1,"1"
1253.6746720077995,200782,321,1,"1"
1265.115396749075,200775,328,1,"1"
1305.0963785747888,200774,329,1,"1"
1314.6592471549568,200772,331,2,"2"
1329.0403893476716,200770,333,2,"2"
1347.2334671908495,200767,336,3,"3"
1357.8284541969422,200764,339,1,"1"
1385.3218516032325,200763,340,1,"1"
1398.3641960178529,200762,341,1,"1"
1412.114526824786,200757,346,1,"1"
1441.4894407456709,200756,347,1,"1"
1442.0156525763678,200746,357,1,"1"
1515.8048158467248,200745,358,1,"1"
1587.0989455241975,200744,359,1,"1"
1614.512728566355,200742,361,2,"1-1"
1616.1890315614064,200741,362,1,"1"
1619.8740245641834,200740,363,1,"1"
1624.7451439275594,200722,381,1,"1"
1634.350340986706,200704,399,1,"1"
1648.7596186819897,200703,400,1,"1"
1658.8992517169179,200702,401,1,"1"
1660.6051464075065,200699,404,1,"1"
1667.115366665709,200696,407,1,"1"
1704.7444167693891,200693,410,1,"1"
1709.0939637750644,200679,424,1,"1"
1719.3860194296624,200676,427,1,"1"
1728.4816914963569,200673,430,1,"1"
1738.3091678737983,200655,448,1,"1"
1744.4035212651008,200652,451,1,"1"
1747.4960596079543,200634,469,1,"1"
1753.2994308967895,200633,470,1,"1"
1759.9531459078473,200615,488,1,"1"
1787.7089628099511,200597,506,1,"1"
1832.3481161304503,200596,507,1,"1"
1858.3363121619047,200578,525,2,"2"
1904.8660324720793,200575,528,1,"1"
1916.8795787831818,200568,535,1,"1"
1942.6256121872811,200561,542,1,"1"
1953.9535754514723,200543,560,1,"1"
1971.4769266293406,200540,563,1,"1"
1990.5376008242993,200523,580,1,"1"
2061.4012406887337,200505,598,1,"1"
2081.49408001037,200476,627,2,"1-1"
2103.0477874978747,200475,628,1,"1"
2140.5442576837236,200474,629,1,"1"
2172.3232381208468,200471,632,1,"1"
2183.5324155677677,200470,633,1,"1"
2189.6954670945233,200452,651,1,"1"
2201.0166452892063,200451,652,1,"1"
2201.7852075258802,200441,662,1,"1"
2211.814031244664,200423,680,1,"1"
2229.4661387157566,200422,681,1,"1"
2257.7369388781763,200404,699,1,"1"
2280.3156096825974,200386,717,1,"1"
2287.6670164563661,200383,720,1,"1"
2289.8245412777414,200365,738,1,"1"
2363.9838653132842,200361,742,2,"1-1"
2375.6406379757518,200343,760,1,"1"
2382.7744910774186,200325,778,1,"1"
2398.1567449383824,200321,782,2,"1-1"
2399.901592014558,200303,800,1,"1"
2410.7192183611692,200285,818,1,"1"
2430.5312844738646,200282,821,1,"1"
2449.2004114128626,200264,839,1,"1"
2455.1870895036059,200261,842,1,"1"
2468.3055582204147,200243,860,1,"1"
2486.2753793657625,200225,878,1,"1"
2493.6955625952705,200222,881,1,"1"
2510.1132033083336,200219,884,1,"1"
2536.5809343403325,200216,887,1,"1"
2537.2399660708279,200211,892,1,"1"
2569.4329174579857,200208,895,1,"1"
2570.018766709582,200190,913,1,"1"
2578.9112106609509,200172,931,1,"1"
2581.5066920490863,200154,949,1,"1"
2594.6243539739521,200151,952,1,"1"
2606.0527358421664,200133,970,1,"1"
2612.1838664473748,200127,976,2,"2"
2617.2478307797978,200121,982,2,"2"
2622.6087810136814,200103,1000,1,"1"
2686.2266192387542,200085,1018,1,"1"
2686.7656536223067,200078,1025,1,"1"
2699.7522146995334,200066,1037,1,"1"
2706.5351522853434,200048,1055,1,"1"
2737.5746540779005,200045,1058,1,"1"
2775.1229291994173,200042,1061,1,"1"
2781.4927701919619,200037,1066,1,"1"
2785.8926276274551,200031,1072,2,"2"
2787.0924940019527,200028,1075,1,"1"
2844.0911468987006,200025,1078,1,"1"
2849.1939214443728,200015,1088,1,"1"
2866.6884194665645,200004,1099,1,"1"
2886.4957920010215,199986,1117,1,"1"
2892.8063778949559,199983,1120,1,"1"
2899.0920754185563,199974,1129,1,"1"
2902.7302219665062,199967,1136,1,"1"
2917.7035882876089,199966,1137,1,"1"
3016.9617028483453,199963,1140,1,"1"
3053.686904788955,199945,1158,1,"1"
3100.3894121408707,199927,1176,1,"1"
3108.7607111938933,199909,1194,1,"1"
3126.6047852640754,199906,1197,1,"1"
3128.6332340065505,199870,1233,2,"1-1"
3129.7789883490555,199860,1243,2,"1-1"
3162.2583290437424,199842,1261,1,"1"
3169.7931290073739,199839,1264,1,"1"
3195.9204375546647,199821,1282,1,"1"
3218.7613850130087,199800,1303,2,"1-1"
3219.6821613035754,199782,1321,1,"1"
3236.6712601089835,199764,1339,1,"1"
3247.9240308050476,199758,1345,2,"2"
3274.1318526152636,199740,1363,1,"1"
3283.4269473428062,199728,1375,1,"1"
3319.689879070967,199710,1393,1,"1"
3333.6660285082789,199692,1411,1,"1"
3344.265975309364,199685,1418,1,"1"
3368.9391985632155,199673,1430,1,"1"
3373.1393437221836,199661,1442,1,"1"
3376.1571989559684,199658,1445,1,"1"
3395.4843344909327,199640,1463,1,"1"
3404.4863210222115,199631,1472,1,"1"
3431.5621096818595,199628,1475,1,"1"
3437.14237634651,199610,1493,1,"1"
3450.2569768840508,199592,1511,1,"1"
3464.5329971201941,199582,1521,1,"1"
3477.7379455205737,199571,1532,1,"1"
3477.9073042920263,199553,1550,1,"1"
3479.1132501099023,199535,1568,1,"1"
3501.5366999763619,199517,1586,1,"1"
3528.1116166495349,199499,1604,1,"1"
3533.4411421126215,199481,1622,1,"1"
3535.8566680753934,199474,1629,1,"1"
3556.3586756493219,199456,1647,1,"1"
3565.5322780660063,199453,1650,1,"1"
3590.8067240065552,199450,1653,1,"1"
3627.5336833523947,199432,1671,1,"1"
3639.2096122588641,199414,1689,1,"1"
3647.7031533039121,199411,1692,1,"1"
3702.370036427812,199405,1698,2,"2"
3710.443587894978,199402,1701,1,"1"
3748.9368064042196,199384,1719,1,"1"
3784.7269731279421,199372,1731,1,"1"
3817.4852638361604,199354,1749,1,"1"
3838.1428545907829,199342,1761,1,"1"
3852.4921096167664,199335,1768,1,"1"
3855.5403841369707,199317,1786,1,"1"
3881.7744906801577,199299,1804,1,"1"
3892.5511373208469,199281,1822,1,"1"
3908.2237674783078,199271,1832,2,"2"
3917.3216930014696,199254,1849,1,"1"
3950.5633980004077,199236,1867,1,"1"
3954.9935191512136,199233,1870,1,"1"
3958.2727213567819,199230,1873,1,"1"
3963.1456666337226,199212,1891,1,"1"
3984.4348296195576,199194,1909,1,"1"
4002.6471309255726,199187,1916,1,"1"
4047.9929819577519,199171,1932,1,"1"
4061.6871083675101,199165,1938,2,"2"
4062.4759996730436,199162,1941,1,"1"
4085.4812972714376,199144,1959,1,"1"
4101.2001426230972,199126,1977,1,"1"
4101.2036474066344,199114,1989,4,"4"
4102.7921433993579,199111,1992,1,"1"
4109.0333214012207,199100,2003,3,"1-1-1"
4116.6599866156921,199086,2017,1,"1"
4124.7263855317306,199068,2035,1,"1"
4137.1648017802181,199065,2038,1,"1"
4144.7333926124238,199047,2056,1,"1"
4163.8840403478389,199040,2063,1,"1"
4168.1584153026433,199027,2076,3,"3"
4182.3097247333735,199017,2086,1,"1"
4185.9826284762439,199012,2091,1,"1"
4204.9426715984409,198994,2109,1,"1"
4230.0085646920397,198976,2127,1,"1"
4231.3131112181591,198970,2133,2,"2"
4252.4431203220665,198935,2168,11,"5-2-1-1-1-1"
4261.8863844196121,198928,2175,1,"1"
4262.3050449896309,198922,2181,2,"1-1"
4265.1171401731699,198904,2199,1,"1"
4269.690872311543,198889,2214,3,"1-1-1"
4272.7522148621047,198871,2232,1,"1"
4273.989880572075,198865,2238,2,"2"
4291.3373637729728,198862,2241,1,"1"
4306.2221682260415,198844,2259,1,"1"
4307.261893421708,198826,2277,1,"1"
4310.5377358695814,198808,2295,1,"1"
4311.7145626674046,198788,2315,4,"2-1-1"
4313.9051921770833,198768,2335,2,"2"
4324.8856103290082,198761,2342,1,"1"
4326.6448061671354,198743,2360,1,"1"
4326.8840829084656,198725,2378,1,"1"
4334.8639207058159,198718,2385,1,"1"
4335.9137226164603,198708,2395,1,"1"
4343.6727135140345,198672,2431,2,"2"
4352.6128869616086,198666,2437,2,"2"
4355.5881421060558,198648,2455,1,"1"
4356.2614942000946,198633,2470,3,"2-1"
4364.2741078557501,198615,2488,1,"1"
4378.5792728050119,198608,2495,1,"1"
4386.6822482743055,198591,2512,3,"1-1-1"
4388.4352670105964,198580,2523,1,"1"
4417.3628191299767,198562,2541,1,"1"
4452.9929140679878,198544,2559,1,"1"
4475.9772542441387,198526,2577,1,"1"
4490.4188570825827,198508,2595,1,"1"
4497.8039850270343,198502,2601,2,"2"
4511.6105107894537,198499,2604,1,"1"
4531.1519493020696,198485,2618,1,"1"
4550.5104403268197,198467,2636,1,"1"
4564.5346412615991,198447,2656,4,"3-1"
4566.6099992697164,198444,2659,1,"1"
4568.0652115949688,198432,2671,1,"1"
4584.3863983060655,198414,2689,1,"1"
4593.0590355783506,198382,2721,2,"2"
4600.4093589009071,198364,2739,1,"1"
4602.4949602475117,198361,2742,1,"1"
4604.2409628716714,198354,2749,1,"1"
4607.5875526714808,198348,2755,2,"1-1"
4609.8050852594561,198334,2769,2,"2"
4615.6651889152427,198316,2787,1,"1"
4623.0546857244071,198298,2805,1,"1"
4625.9746145581057,198280,2823,1,"1"
4642.3677941122151,198262,2841,1,"1"
4644.5663202785581,198259,2844,1,"1"
4645.6759472697358,198228,2875,5,"2-1-1-1"
4652.5517449160134,198210,2893,1,"1"
4667.4200463566631,198190,2913,2,"1-1"
4698.5161873971683,198170,2933,2,"1-1"
4705.5517180280431,198152,2951,1,"1"
4706.1555223826172,198134,2969,1,"1"
4709.1545814294841,198116,2987,1,"1"
4710.5309685630682,198100,3003,1,"1"
4716.8031470555561,198082,3021,1,"1"
4734.3102788700153,198073,3030,1,"1"
4741.442285871467,198054,3049,5,"3-1-1"
4754.6144236450373,198051,3052,1,"1"
4777.8151019985462,198039,3064,1,"1"
4778.4107652164785,198021,3082,1,"1"
4781.4925475893579,198003,3100,1,"1"
4790.6917264855656,197985,3118,1,"1"
4794.26929934891,197967,3136,1,"1"
4795.7845511384639,197949,3154,1,"1"
4799.1340654496853,197942,3161,1,"1"
4805.7658824466625,197939,3164,1,"1"
4809.1953445579111,197903,3200,2,"2"
4817.4992416745208,197898,3205,1,"1"
4820.9597999097423,197889,3214,1,"1"
4822.0114791969618,197853,3250,2,"1-1"
4825.4539686304233,197835,3268,1,"1"
4826.1053645398388,197817,3286,1,"1"
4831.1690616135411,197799,3304,1,"1"
4833.0367242460052,197781,3322,1,"1"
4835.7530770218791,197778,3325,1,"1"
4854.7855586191145,197742,3361,2,"1-1"
4861.5775480809843,197688,3415,3,"1-1-1"
4862.8934454878745,197656,3447,3,"2-1"
4882.5986745598684,197638,3465,1,"1"
4884.7629572439373,197620,3483,1,"1"
4896.0796833840986,197602,3501,1,"1"
4907.0323043942599,197584,3519,1,"1"
4911.656197676667,197566,3537,1,"1"
4925.3039833752127,197542,3561,2,"2"
4931.1798135326962,197512,3591,6,"2-2-2"
4947.6532860890975,197509,3594,1,"1"
4963.225919784385,197491,3612,1,"1"
5022.2892882839205,197481,3622,2,"2"
5035.659821477906,197445,3658,2,"1-1"
5038.1681094263276,197427,3676,1,"1"
5039.4323971006015,197409,3694,1,"1"
5051.4803105031197,197406,3697,1,"1"
5068.5583471579257,197388,3715,1,"1"
5077.2855372471113,197370,3733,1,"1"
5082.8678402919741,197363,3740,1,"1"
5106.4797903607378,197345,3758,1,"1"
5110.1695326977051,197327,3776,1,"1"
5119.5341588126939,197287,3816,3,"3"
5131.931512705306,197269,3834,1,"1"
5133.3491848999947,197266,3837,1,"1"
5144.6378845006184,197248,3855,1,"1"
5151.3439269219698,197230,3873,1,"1"
5173.2171045197256,197206,3897,2,"2"
5176.0572540722333,197188,3915,1,"1"
5180.2991884845169,197185,3918,1,"1"
5185.4634733055782,197151,3952,4,"2-1-1"
5187.7403506179589,197126,3977,2,"1-1"
5198.3617032728234,197108,3995,1,"1"
5199.3827062975706,197099,4004,1,"1"
5204.4736274704446,197077,4026,2,"2"
5207.3396350374733,197031,4072,3,"3"
5231.8885759225986,197013,4090,1,"1"
5240.9532737982936,196977,4126,2,"2"
5245.0207382014587,196959,4144,1,"1"
5247.7987265529373,196953,4150,2,"1-1"
5254.2271349824659,196935,4168,1,"1"
5259.0895726152412,196899,4204,2,"2"
5259.5303449545436,196881,4222,1,"1"
5264.709746551468,196876,4227,1,"1"
5279.35909181438,196862,4241,1,"1"
5280.5131595371295,196844,4259,1,"1"
5292.3051079638326,196826,4277,1,"1"
5298.8723696909574,196808,4295,1,"1"
5334.4944259033928,196803,4300,1,"1"
5337.880622763495,196785,4318,1,"1"
5342.559540919945,196767,4336,1,"1"
5360.2860848628279,196749,4354,1,"1"
5375.3580187461948,196713,4390,2,"2"
5380.2752009482629,196695,4408,1,"1"
5381.2197832111842,196686,4417,1,"1"
5382.6355615307375,196676,4427,1,"1"
5391.1435665865474,196658,4445,1,"1"
5392.0226923467335,196640,4463,1,"1"
5399.1629654123726,196635,4468,1,"1"
5401.1909587903237,196621,4482,1,"1"
5406.4037397280272,196603,4500,1,"1"
5420.4061178541378,196548,4555,7,"3-1-1-1-1"
5423.861901712331,196541,4562,1,"1"
5429.1805494446053,196523,4580,1,"1"
5446.4182106858771,196505,4598,1,"1"
5454.0004681485871,196487,4616,1,"1"
5463.7360367234387,196444,4659,7,"3-2-1-1"
5496.1921066186787,196426,4677,1,"1"
5500.1123459046967,196414,4689,1,"1"
5500.1432470147074,196399,4704,3,"3"
5500.3227710218653,196381,4722,1,"1"
5508.6490372105609,196369,4734,1,"1"
5531.6764856039781,196351,4752,1,"1"
5536.9354281520982,196333,4770,1,"1"
5543.2871042967427,196330,4773,1,"1"
5548.2935642818529,196323,4780,1,"1"
5552.5651263599902,196311,4792,1,"1"
5573.3649579374505,196283,4820,4,"2-2"
5583.0971798035816,196278,4825,1,"1"
5595.4584264964305,196257,4846,3,"1-1-1"
5599.7541067850716,196239,4864,1,"1"
5599.8394977349099,196193,4910,3,"2-1"
5616.4534570924634,196175,4928,1,"1"
5635.042460824081,196168,4935,1,"1"
5650.891855429004,196150,4953,1,"1"
5654.8129204229126,196130,4973,4,"1-1-1-1"
5663.7474978667788,196074,5029,6,"3-2-1"
5672.3709740306558,196056,5047,1,"1"
5674.6667296146652,196038,5065,1,"1"
5699.0812036164525,196005,5098,3,"2-1"
5706.4066490546447,195987,5116,1,"1"
5710.0303885823459,195951,5152,2,"1-1"
5710.4192715637082,195933,5170,1,"1"
5711.5825645271698,195915,5188,1,"1"
5749.0707278761565,195899,5204,1,"1"
5754.5737976495429,195881,5222,1,"1"
5755.2800664975684,195870,5233,1,"1"
5756.8526067281437,195852,5251,1,"1"
5761.2791286853553,195834,5269,1,"1"
5766.9179810365385,195816,5287,1,"1"
5770.8305870243303,195756,5347,4,"4"
5787.2020875061498,195738,5365,1,"1"
5792.0003256978353,195726,5377,1,"1"
5796.2173569321403,195714,5389,1,"1"
5812.2662931410623,195692,5411,2,"2"
5819.7181025137797,195674,5429,1,"1"
5821.3296822776219,195646,5457,4,"1-1-1-1"
5821.3580695078035,195628,5475,1,"1"
5825.7482140453967,195610,5493,1,"1"
5831.6054935243628,195556,5547,3,"3"
5835.5104650656858,195542,5561,1,"1"
5837.2990282423725,195539,5564,1,"1"
5838.0299037684927,195525,5578,1,"1"
5844.7115660975014,195507,5596,1,"1"
5850.0763831163085,195497,5606,2,"2"
5851.4072245385432,195494,5609,1,"1"
5856.9706690262537,195476,5627,1,"1"
5860.121371217132,195458,5645,2,"1-1"
5861.9853934939938,195440,5663,1,"1"
5866.0360182137965,195426,5677,1,"1"
5875.1985748448997,195408,5695,1,"1"
5886.0549245293514,195403,5700,1,"1"
5899.0368529407569,195367,5736,4,"2-1-1"
5906.6036952233217,195349,5754,1,"1"
5939.6178289818263,195331,5772,1,"1"
5945.1356838233905,195313,5790,2,"2"
5956.0652026581902,195269,5834,3,"2-1"
5960.5520277362448,195251,5852,1,"1"
5962.2793720155232,195233,5870,1,"1"
5972.3034834695072,195215,5888,1,"1"
5974.1674163419812,195197,5906,1,"1"
5988.3811828986309,195165,5938,4,"4"
5992.9216479162505,195147,5956,1,"1"
6000.7678847167044,195129,5974,1,"1"
6003.1299245533446,195111,5992,1,"1"
6003.6687212253637,195099,6004,1,"1"
6005.2861033906984,195063,6040,2,"2"
6031.8357559158385,195048,6055,1,"1"
6033.5877600488648,195036,6067,1,"1"
6041.9307537351642,195023,6080,1,"1"
6045.0486344452538,195016,6087,1,"1"
6058.6980098232825,194980,6123,2,"1-1"
6059.7369139489256,194944,6159,2,"1-1"
6060.6004422596952,194926,6177,1,"1"
6060.9965144376256,194909,6194,3,"2-1"
6063.7779555360057,194896,6207,1,"1"
6064.1645067000236,194878,6225,1,"1"
6067.3833981259413,194860,6243,1,"1"
6071.6940197420563,194842,6261,1,"1"
6090.4553597099439,194810,6293,3,"2-1"
6116.6245885365506,194801,6302,1,"1"
6119.6429056842735,194783,6320,1,"1"
6127.511607826561,194729,6374,3,"3"
6135.029784107589,194711,6392,2,"2"
6138.0420735438911,194706,6397,1,"1"
6138.0657737164702,194684,6419,2,"2"
6155.0766203717649,194666,6437,1,"1"
6156.7688070271879,194630,6473,2,"2"
6167.0273506720287,194612,6491,1,"1"
6174.7478008158687,194594,6509,1,"1"
6182.7296637648951,194580,6523,1,"1"
6201.6844430044011,194542,6561,4,"3-1"
6204.0946233749482,194524,6579,1,"1"
6206.1377217548852,194506,6597,1,"1"
6209.5740990683953,194488,6615,1,"1"
6219.9587473462361,194481,6622,1,"1"
6220.474610119496,194463,6640,1,"1"
6224.7613108795567,194449,6654,2,"1-1"
6269.517710857981,194435,6668,1,"1"
6270.4844241897945,194417,6686,1,"1"
6272.5720964448101,194399,6704,1,"1"
6278.4904828212657,194381,6722,1,"1"
6281.9917709836573,194363,6740,1,"1"
6282.8264119242931,194353,6750,1,"1"
6287.258855094864,194335,6768,1,"1"
6289.0389134558818,194306,6797,3,"2-1"
6290.6605194707672,194260,6843,3,"2-1"
6293.3367701575771,194242,6861,1,"1"
6312.4557188688423,194214,6889,2,"2"
6316.3349451298736,194196,6907,1,"1"
6320.5620649511648,194178,6925,1,"1"
6325.4931822534027,194160,6943,1,"1"
6325.9281497027814,194148,6955,1,"1"
6327.2046332688433,194130,6973,1,"1"
6330.9782647918746,194112,6991,1,"1"
6334.7052005126434,194094,7009,1,"1"
6342.7885270188226,194037,7066,6,"3-3"
6359.2177876113683,194017,7086,2,"2"
6360.6573691516314,193999,7104,1,"1"
6365.0116561989462,193981,7122,1,"1"
6402.1653296847044,193916,7187,7,"3-2-1-1"
6407.7909746931473,193898,7205,1,"1"
6410.0328978145626,193880,7223,1,"1"
6410.592767190059,193862,7241,1,"1"
6429.3841389677236,193844,7259,1,"1"
6429.7799570430916,193826,7277,1,"1"
6458.8746180769504,193772,7331,3,"3"
6460.8122539032802,193744,7359,4,"2-1-1"
6463.3146527236868,193726,7377,1,"1"
6470.1344721753612,193708,7395,1,"1"
6494.8174335415079,193698,7405,1,"1"
6495.1670177733322,193680,7423,1,"1"
6502.1013489948218,193673,7430,1,"1"
6502.4261302972136,193655,7448,1,"1"
6506.8001062915328,193637,7466,1,"1"
6512.7123957201957,193623,7480,1,"1"
6513.6842736904218,193614,7489,1,"1"
6517.1815902358194,193596,7507,1,"1"
6518.8418268020487,193584,7519,1,"1"
6527.0415461521079,193566,7537,1,"1"
6534.8013798652137,193548,7555,1,"1"
6542.184939451161,193530,7573,1,"1"
6544.9386301056111,193525,7578,1,"1"
6573.2990879317113,193509,7594,1,"1"
6574.6848405782075,193473,7630,2,"2"
6584.8574203798426,193461,7642,1,"1"
6585.2944801989606,193373,7730,11,"4-3-2-1-1"
6589.5319068209283,193359,7744,1,"1"
6599.3016900286248,193340,7763,3,"2-1"
6600.5834729020225,193328,7775,1,"1"
6606.9455143942751,193316,7787,1,"1"
6607.5136445063135,193298,7805,1,"1"
6612.2575919354376,193280,7823,1,"1"
6614.4196231176193,193262,7841,1,"1"
6625.4832168373659,193226,7877,2,"2"
6629.1371898797834,193204,7899,2,"2"
6636.0263496145071,193192,7911,1,"1"
6642.097992083116,193174,7929,1,"1"
6642.8068335375619,193162,7941,1,"1"
6643.9481635534776,193144,7959,1,"1"
6648.4876650293709,193135,7968,1,"1"
6651.3611217928556,193128,7975,1,"1"
6652.1414614656014,193110,7993,1,"1"
6672.8583624874682,193092,8011,1,"1"
6675.7612616721517,193074,8029,1,"1"
6683.9065657775345,193056,8047,1,"1"
6684.1701526989355,193044,8059,2,"2"
6687.6478461911674,192971,8132,8,"3-2-2-1"
6703.1515903827685,192729,8374,19,"3-3-2-2-2-2-2-1-1-1"
6706.6310264710655,192711,8392,1,"1"
6724.0203138176721,192693,8410,1,"1"
6724.3190932589359,192681,8422,1,"1"
6724.9630429027384,192674,8429,1,"1"
6727.2215488215179,192656,8447,1,"1"
6750.2659617775953,192638,8465,1,"1"
6751.4344677385307,192620,8483,1,"1"
6752.0187301259193,192602,8501,1,"1"
6763.3272879386959,192584,8519,1,"1"
6766.1920097722323,192577,8526,1,"1"
6766.693572834929,192559,8544,1,"1"
6773.2758186014971,192523,8580,2,"2"
6786.6410062105924,192487,8616,2,"2"
6792.9612876417732,192469,8634,1,"1"
6796.9055007346897,192427,8676,3,"1-1-1"
6810.4248646236556,192396,8707,3,"1-1-1"
6816.3172757706525,192378,8725,1,"1"
6820.4787232994968,192360,8743,1,"1"
6822.8903587002969,192324,8779,2,"2"
6829.7627886876462,192306,8797,1,"1"
6848.5839607745547,192295,8808,1,"1"
6864.95731894859,192244,8859,3,"2-1"
6866.8265328902335,192226,8877,1,"1"
6867.9326674850481,192208,8895,1,"1"
6877.2066842060658,192190,8913,1,"1"
6881.5940167143735,192154,8949,2,"2"
6883.9663527040057,192079,9024,9,"3-3-2-1"
6895.1101919356925,192061,9042,1,"1"
6900.8123705613143,192025,9078,2,"2"
6904.7832530717778,192009,9094,1,"1"
6918.0567452741234,191991,9112,1,"1"
6918.0956169020337,191965,9138,2,"2"
6935.6783552430024,191955,9148,1,"1"
6956.5571918627929,191937,9166,1,"1"
6966.7960161101055,191901,9202,2,"2"
6968.9757910055214,191883,9220,1,"1"
6975.2229712955414,191876,9227,1,"1"
7000.5136163413326,191865,9238,1,"1"
7013.8734452904109,191847,9256,1,"1"
7014.8230267647468,191831,9272,1,"1"
7015.8601414428222,191813,9290,1,"1"
7016.9291145535426,191777,9326,2,"2"
7020.2599348346157,191735,9368,3,"3"
7032.0211362755708,191717,9386,1,"1"
7032.6125408296402,191671,9432,3,"2-1"
7036.0796291146244,191655,9448,2,"2"
7037.7557211850681,191641,9462,1,"1"
7038.8845889926461,191604,9499,3,"1-1-1"
7039.8996595595536,191556,9547,3,"2-1"
7041.5155857094287,191520,9583,2,"2"
7042.3477161728733,191489,9614,5,"2-2-1"
7053.4809794125149,191471,9632,1,"1"
7055.7361177852335,191399,9704,6,"2-2-1-1"
7069.3499651232432,191381,9722,1,"1"
7071.4924677481822,191363,9740,1,"1"
7073.2203089699633,191354,9749,1,"1"
7078.7424684394891,191336,9767,1,"1"
7085.4608654820895,191329,9774,1,"1"
7085.7934247888843,191307,9796,2,"1-1"
7107.8388485193573,191289,9814,1,"1"
7108.0854646943417,191282,9821,1,"1"
7111.4657682925299,191254,9849,2,"2"
7120.5059189703406,191236,9867,1,"1"
7129.0997931160255,191224,9879,1,"1"
7144.074686350822,191206,9897,1,"1"
7151.3428623005921,191199,9904,1,"1"
7171.9434236556199,191181,9922,1,"1"
7175.1154681008265,191163,9940,1,"1"
7181.6706842743015,191156,9947,1,"1"
7187.0055353320577,191138,9965,1,"1"
7195.2217503618695,191131,9972,1,"1"
7205.2101166686134,191113,9990,1,"1"
7210.9746418719415,190878,10225,22,"7-3-2-2-2-1-1-1-1-1-1"
7212.5193368921118,190871,10232,1,"1"
7213.5470645200721,190864,10239,1,"1"
7214.6347523650402,190846,10257,1,"1"
7216.2793676455258,190832,10271,2,"2"
7217.8453631764023,190820,10283,1,"1"
7227.9069320771978,190806,10297,1,"1"
7244.7266666283058,190770,10333,2,"1-1"
7253.0932346725413,190758,10345,1,"1"
7257.0642619642667,190714,10389,3,"1-1-1"
7276.2516508050358,190696,10407,1,"1"
7283.9779401887081,190642,10461,3,"2-1"
7294.3777588249122,190624,10479,1,"1"
7299.9849816514607,190606,10497,1,"1"
7308.7068693987712,190570,10533,2,"2"
7322.7636057764867,190552,10551,1,"1"
7328.9009072956596,190516,10587,2,"2"
7329.8108450882282,190498,10605,1,"1"
7349.3699552759035,190489,10614,1,"1"
7351.5838417902905,190457,10646,3,"2-1"
7356.6334690370331,190412,10691,5,"2-2-1"
7364.4826900878516,190392,10711,2,"1-1"
7368.4290413360004,190349,10754,5,"4-1"
7383.5498668011533,190336,10767,1,"1"
7384.2072158257552,190318,10785,1,"1"
7391.2435345426229,190282,10821,2,"1-1"
7394.9843240654454,190264,10839,1,"1"
7404.2026796137679,190171,10932,8,"3-2-1-1-1"
7411.628590511682,190156,10947,1,"1"
7413.456347137786,190145,10958,1,"1"
7418.3708810390517,190127,10976,1,"1"
7418.9715716108294,189899,11204,19,"4-3-3-2-2-2-1-1-1"
7420.5053615129327,189881,11222,1,"1"
7433.0409101440609,189853,11250,2,"2"
7437.5891458927781,189818,11285,2,"2"
7441.8094214558114,189800,11303,1,"1"
7445.4578687935436,189782,11321,1,"1"
7454.3835154605758,189760,11343,2,"2"
7457.1095830381682,189642,11461,16,"4-4-3-3-2"
7469.3653609238245,189589,11514,7,"4-3"
7472.5275307106494,189571,11532,1,"1"
7475.4694462659781,189553,11550,1,"1"
7490.0286916537543,189535,11568,1,"1"
7496.3426148375502,189517,11586,1,"1"
7505.8465586983293,189481,11622,2,"1-1"
7515.9866605343723,189445,11658,2,"2"
7517.3244826559967,189433,11670,1,"1"
7527.5943826753346,189415,11688,1,"1"
7527.8837498646699,189403,11700,1,"1"
7545.917900388954,189109,11994,24,"4-3-2-2-2-1-1-1-1-1-1-1-1-1-1-1"
7553.53888069203,189091,12012,1,"1"
7561.5248311579708,188944,12159,17,"3-3-3-2-2-2-2"
7563.8994873855609,188930,12173,1,"1"
7574.0563412801421,188912,12191,1,"1"
7576.7811534156199,188894,12209,1,"1"
7577.3795407315301,188842,12261,4,"2-2"
7583.7160358192095,188806,12297,2,"2"
7588.2240051572035,188768,12335,3,"2-1"
7606.6417709750604,188750,12353,1,"1"
7616.876491281083,188732,12371,1,"1"
7620.7256523065071,188714,12389,1,"1"
7623.9797797421024,188696,12407,1,"1"
7639.1889225111045,188660,12443,2,"1-1"
7640.6822498064503,188642,12461,1,"1"
7642.6913323341314,188624,12479,1,"1"
7644.4285769910393,188606,12497,1,"1"
7647.1385739953203,188532,12571,5,"3-1-1"
7663.0428854524316,188514,12589,1,"1"
7663.5507245050931,188478,12625,2,"2"
7676.9435039153923,188414,12689,5,"5"
7678.852524536479,188378,12725,2,"1-1"
7685.2205548429019,188321,12782,5,"2-2-1"
7689.5251619461415,188309,12794,1,"1"
7689.8650658331289,188164,12939,12,"4-4-3-1"
7719.7109696061625,188146,12957,1,"1"
7723.7525478899097,188128,12975,1,"1"
7725.2140147878481,188110,12993,1,"1"
7732.9595995312429,188098,13005,1,"1"
7734.6151170637468,188080,13023,1,"1"
7739.6406303259746,188044,13059,3,"2-1"
7740.0574095996653,188008,13095,2,"1-1"
7751.6241404378434,187926,13177,5,"3-2"
7757.2312390105735,187908,13195,1,"1"
7758.6308444698443,187890,13213,1,"1"
7764.4539230706787,187872,13231,1,"1"
7767.5982217158753,187836,13267,2,"1-1"
7767.9154187528984,187803,13300,2,"2"
7769.5722274252603,187787,13316,1,"1"
7779.4887345406769,187751,13352,2,"1-1"
7782.871058104306,187740,13363,1,"1"
7792.1507101968509,187624,13479,9,"4-3-1-1"
7798.9468005192612,187588,13515,2,"2"
7801.805702108486,187570,13533,1,"1"
7809.7545720840299,187552,13551,1,"1"
7810.9955060537677,187534,13569,1,"1"
7811.7594728604745,187459,13644,7,"2-1-1-1-1-1"
7814.7007225295702,187382,13721,5,"4-1"
7821.9804646240009,187364,13739,1,"1"
7824.468688161337,187328,13775,4,"1-1-1-1"
7827.7042018216043,187193,13910,11,"3-3-3-1-1"
7829.9647352104248,187175,13928,1,"1"
7836.8488003062921,187157,13946,1,"1"
7845.6256909467202,187093,14010,5,"2-1-1-1"
7850.9838289372765,187057,14046,2,"1-1"
7851.2959913663262,187021,14082,2,"2"
7851.5041703960997,187004,14099,1,"1"
7863.6476061628537,186988,14115,1,"1"
7879.9657149698687,186970,14133,1,"1"
7880.4562063998146,186952,14151,1,"1"
7889.8963894728849,186934,14169,1,"1"
7896.1499261895324,186780,14323,12,"3-3-3-1-1-1"
7896.2948543961938,186758,14345,2,"2"
7899.9535373015788,186740,14363,1,"1"
7901.2699834343603,186722,14381,1,"1"
7902.2600986018997,186704,14399,1,"1"
7904.5840596168218,186678,14425,2,"1-1"
7915.371510271224,186660,14443,1,"1"
7925.6617754783265,186648,14455,1,"1"
7926.7997816514107,186612,14491,2,"2"
7932.3124758355916,186590,14513,2,"1-1"
7940.1942699685951,186572,14531,1,"1"
7941.3587421843949,186562,14541,1,"1"
7944.6836600512061,186490,14613,6,"2-2-1-1"
7953.9912077366589,186481,14622,1,"1"
7961.4438347219766,186463,14640,1,"1"
7962.4491473067455,186445,14658,1,"1"
7968.8830705354403,186427,14676,1,"1"
7970.795105748175,186401,14702,2,"2"
7974.1153641706669,186383,14720,1,"1"
7981.6407978699453,186365,14738,1,"1"
8007.4481802729661,186354,14749,1,"1"
8010.4965526182914,186300,14803,3,"1-1-1"
8013.7310796884067,186276,14827,2,"2"
8023.4191361574976,186258,14845,1,"1"
8027.0713060980079,186240,14863,1,"1"
8029.0918760250206,186212,14891,2,"2"
8030.6868315109605,186095,15008,10,"4-2-2-1-1"
8040.1757358422537,186041,15062,3,"2-1"
8042.5936029236755,186011,15092,2,"1-1"
8049.8821860783246,185698,15405,24,"4-3-3-3-2-2-1-1-1-1-1-1-1"
8050.6550186933982,185680,15423,1,"1"
8051.2773907165229,185644,15459,2,"2"
8052.3795272829875,185626,15477,1,"1"
8065.8538939598811,185556,15547,5,"2-1-1-1"
8067.8760391770938,185538,15565,1,"1"
8100.8768268394606,185428,15675,8,"3-2-1-1-1"
8111.951500420264,185410,15693,1,"1"
8129.0057008824197,185392,15711,1,"1"
8135.4723489699463,185338,15765,3,"2-1"
8152.7098201694371,185320,15783,1,"1"
8155.0814014909265,185302,15801,1,"1"
8164.9134575118178,185274,15829,2,"2"
8168.6645735191041,185256,15847,1,"1"
8170.4046619763185,185238,15865,1,"1"
8173.247898411294,185184,15919,3,"2-1"
8186.3346404873764,184814,16289,27,"8-4-3-2-2-2-1-1-1-1-1-1"
8198.0289051039199,184745,16358,6,"2-1-1-1-1"
8201.6485194989491,184727,16376,1,"1"
8216.5138405234047,184709,16394,1,"1"
8216.8636996205023,184655,16448,3,"3"
8228.8845703161296,184619,16484,2,"1-1"
8230.9186484567417,184569,16534,3,"2-1"
8230.9731836445117,0,201103,10364,"10364"
----------------------------------------------5
0,201103,0,0,"0"
148.50960989919025,201085,18,1,"1"
203.70857307108005,201082,21,1,"1"
273.28132209472938,201081,22,1,"1"
293.32162902137861,201063,40,1,"1"
301.79183824148095,201049,54,1,"1"
313.73148095235746,201048,55,1,"1"
358.36068717572618,201047,56,1,"1"
404.41326164124354,201046,57,1,"1"
448.58664583118548,201045,58,1,"1"
450.02174085198203,201027,76,1,"1"
535.18095917045673,201024,79,1,"1"
632.91215118459036,201012,91,1,"1"
653.39335203718804,201011,92,1,"1"
708.13275964386003,201008,95,1,"1"
711.28639559143483,200993,110,1,"1"
720.3285144040151,200990,113,1,"1"
753.33384699246972,200978,125,1,"1"
791.85305244715391,200977,126,1,"1"
802.44691452326776,200974,129,1,"1"
804.72764171043775,200973,130,1,"1"
864.59581288284335,200955,148,1,"1"
871.29620230834576,200954,149,1,"1"
872.98042843714381,200953,150,1,"1"
879.32090602116546,200952,151,1,"1"
883.5143776319693,200951,152,1,"1"
891.63297826564417,200948,155,1,"1"
915.41408849432139,200947,156,1,"1"
929.72750962218367,200929,174,1,"1"
932.40318972096304,200911,192,1,"1"
937.30416701956483,200906,197,3,"2-1"
946.24427281204009,200904,199,2,"2"
972.66420570359207,200894,209,1,"1"
997.50927699166709,200880,223,1,"1"
1031.622767743446,200879,224,1,"1"
1082.7264621481295,200869,234,1,"1"
1094.769749388747,200852,251,1,"1"
1117.0367232836497,200851,252,1,"1"
1120.150634170755,200833,270,1,"1"
1121.1922567192717,200815,288,1,"1"
1122.1737479148608,200812,291,1,"1"
1130.3258540931799,200811,292,1,"1"
1131.913240571213,200808,295,1,"1"
1143.4195565177611,200807,296,1,"1"
1176.3397251472086,200806,297,1,"1"
1193.5541699248172,200801,302,1,"1"
1207.646330687036,200800,303,1,"1"
1211.7221255400939,200782,321,1,"1"
1215.4266939156237,200781,322,1,"1"
1230.2590986559746,200780,323,1,"1"
1249.3966331799775,200762,341,1,"1"
1250.0087884295517,200754,349,2,"1-1"
1258.4250948967365,200751,352,3,"2-1"
1284.5244644320201,200750,353,1,"1"
1285.1927144729962,200732,371,1,"1"
1317.9157285347571,200731,372,1,"1"
1325.3170577521876,200720,383,1,"1"
1327.1830892485459,200717,386,3,"3"
1373.0545145824258,200716,387,1,"1"
1396.0934357181077,200715,388,1,"1"
1397.1891119158995,200697,406,1,"1"
1405.1433548197215,200694,409,3,"2-1"
1443.6931390419868,200689,414,1,"1"
1481.1364913991097,200688,415,1,"1"
1499.1271305881451,200671,432,3,"2-1"
1510.3350697202959,200670,433,1,"1"
1526.3366392933765,200665,438,1,"1"
1528.6447235199976,200647,456,1,"1"
1533.3250652649795,200607,496,3,"3"
1609.7018591750427,200589,514,1,"1"
1640.4086380140245,200579,524,1,"1"
1682.154056809424,200561,542,1,"1"
1685.2894063922124,200560,543,1,"1"
1692.3564331771922,200543,560,1,"1"
1705.5501747421042,200525,578,1,"1"
1734.769228203291,200524,579,1,"1"
1740.5199427771404,200521,582,1,"1"
1779.8394257476241,200503,600,1,"1"
1793.7525332786408,200485,618,1,"1"
1794.4032823074879,200467,636,1,"1"
1859.6581899183652,200449,654,1,"1"
1866.3626662894283,200431,672,1,"1"
1894.9791488029423,200429,674,2,"2"
1917.7027069896706,200426,677,1,"1"
1934.8886505473893,200423,680,1,"1"
1936.5341390257756,200420,683,1,"1"
1949.5666342437039,200402,701,1,"1"
1954.7774920031775,200384,719,1,"1"
1955.4520376891885,200378,725,2,"2"
1973.4325358682702,200377,726,1,"1"
2029.8025971065515,200359,744,1,"1"
2030.3658176877923,200358,745,1,"1"
2030.4567401372296,200322,781,2,"1-1"
2059.3380863656889,200316,787,2,"2"
2060.7375798118442,200315,788,1,"1"
2064.8102099313419,200314,789,1,"1"
2107.8868045676445,200307,796,1,"1"
2117.2689013272038,200304,799,1,"1"
2139.9703044411513,200301,802,1,"1"
2144.4843439749106,200286,817,1,"1"
2160.0391344088403,200274,829,1,"1"
2167.9462119119312,200271,832,1,"1"
2171.0594874123144,200253,850,1,"1"
2195.343916684013,200235,868,1,"1"
2204.771854391508,200199,904,2,"2"
2226.5495924491743,200196,907,1,"1"
2254.1514596952616,200193,910,1,"1"
2267.9636852841509,200175,928,1,"1"
2279.3614026087589,200172,931,1,"1"
2297.0257188634218,200170,933,2,"2"
2323.9039931965026,200147,956,3,"3"
2330.7168562264419,200146,957,1,"1"
2337.2595641068456,200128,975,1,"1"
2345.4617789150061,200125,978,1,"1"
2359.1058813361706,200107,996,1,"1"
2366.5064905652716,200104,999,1,"1"
2393.724525002232,200101,1002,1,"1"
2394.9552990660754,200098,1005,1,"1"
2400.6995613758377,200080,1023,1,"1"
2407.1017135550278,200070,1033,2,"1-1"
2419.2417721527513,200065,1038,1,"1"
2456.720801708831,200047,1056,1,"1"
2473.1456664291436,200044,1059,1,"1"
2501.8373876813434,200041,1062,1,"1"
2524.1217719394049,200034,1069,1,"1"
2530.4690833567033,200016,1087,1,"1"
2544.1660246963183,200013,1090,1,"1"
2560.5606661279867,200003,1100,2,"2"
2597.5401232758995,199985,1118,1,"1"
2601.583612767562,199969,1134,1,"1"
2610.4968680279708,199968,1135,1,"1"
2610.5953970702376,199955,1148,3,"2-1"
2627.0341314528487,199952,1151,1,"1"
2669.0943730144936,199934,1169,1,"1"
2680.2164778081465,199916,1187,1,"1"
2689.8561649591943,199898,1205,1,"1"
2700.0269074503744,199880,1223,1,"1"
2701.4097224144525,199877,1226,1,"1"
2703.8620413213152,199859,1244,1,"1"
2719.7199041827207,199856,1247,1,"1"
2748.2402791824875,199846,1257,1,"1"
2767.8472745967442,199836,1267,1,"1"
2813.0187593530532,199818,1285,1,"1"
2813.6585834871453,199815,1288,1,"1"
2828.9492437291201,199805,1298,1,"1"
2831.2361625676822,199769,1334,2,"2"
2839.2817215190089,199766,1337,1,"1"
2859.3078684928828,199763,1340,1,"1"
2896.9506078806767,199745,1358,1,"1"
2902.7951930278123,199742,1361,1,"1"
2949.658158220022,199724,1379,1,"1"
2953.205122510868,199721,1382,1,"1"
2956.2330586822759,199703,1400,1,"1"
2957.3891335832186,199700,1403,1,"1"
2982.6548119982781,199697,1406,1,"1"
3016.5891974938313,199694,1409,1,"1"
3016.8687927084393,199691,1412,1,"1"
3019.3822015205151,199688,1415,1,"1"
3076.249200443167,199685,1418,1,"1"
3080.4644970424929,199667,1436,1,"1"
3102.0585140213602,199661,1442,2,"2"
3104.2754038180979,199643,1460,1,"1"
3109.9870378723795,199625,1478,1,"1"
3113.79589593422,199607,1496,1,"1"
3122.5902106561289,199596,1507,1,"1"
3135.0543911426166,199593,1510,1,"1"
3136.817132526156,199586,1517,1,"1"
3152.0860289391999,199572,1531,1,"1"
3181.4103773589177,199562,1541,1,"1"
3204.8240275297148,199544,1559,1,"1"
3237.5106148732139,199541,1562,1,"1"
3242.9097280539731,199523,1580,1,"1"
3268.2989000358439,199505,1598,1,"1"
3292.4383970770759,199487,1616,1,"1"
3293.5131094143221,199469,1634,1,"1"
3294.7976920410483,199451,1652,1,"1"
3311.68286408114,199433,1670,1,"1"
3313.4584293390139,199415,1688,1,"1"
3333.5861120625582,199404,1699,1,"1"
3345.8785924811245,199397,1706,1,"1"
3363.898163423893,199383,1720,1,"1"
3392.6124658329177,199378,1725,1,"1"
3399.5977438986947,199360,1743,1,"1"
3400.5534386426757,199342,1761,1,"1"
3415.315150805116,199339,1764,1,"1"
3475.7753577822159,199321,1782,1,"1"
3494.9044205030536,199318,1785,1,"1"
3496.0111203600595,199306,1797,1,"1"
3519.1641955188079,199288,1815,1,"1"
3530.6031197804282,199270,1833,1,"1"
3567.7315451557624,199252,1851,1,"1"
3568.4335182091631,199234,1869,1,"1"
3581.2259041275574,199222,1881,1,"1"
3581.7896941710346,199219,1884,1,"1"
3584.367527517677,199201,1902,1,"1"
3587.8964663355605,199184,1919,3,"3"
3592.2278624344945,199166,1937,1,"1"
3618.0855541693595,199148,1955,1,"1"
3621.1015581724246,199130,1973,1,"1"
3646.8278980435985,199121,1982,3,"2-1"
3658.1228733283251,199103,2000,1,"1"
3658.6837079406459,199085,2018,1,"1"
3666.7081339322876,199073,2030,1,"1"
3701.0941412446682,199067,2036,2,"1-1"
3738.7716705690132,199049,2054,1,"1"
3743.4777536377474,199043,2060,2,"2"
3747.1662053272671,199025,2078,1,"1"
3749.7043898480169,199022,2081,1,"1"
3783.3112102560922,199006,2097,1,"1"
3800.155139245147,198999,2104,1,"1"
3827.4267840399216,198989,2114,1,"1"
3842.9784730944993,198986,2117,1,"1"
3873.930098907088,198983,2120,1,"1"
3874.4826855967776,198965,2138,1,"1"
3881.0896236436838,198947,2156,1,"1"
3891.415585692796,198929,2174,1,"1"
3892.6399557231739,198911,2192,1,"1"
3892.9761661576827,198899,2204,1,"1"
3894.8571936000253,198894,2209,1,"1"
3894.8671742472561,198876,2227,1,"1"
3912.5400345562625,198873,2230,1,"1"
3933.9752367737628,198855,2248,1,"1"
3944.5520579021695,198852,2251,1,"1"
3946.0780573776569,198808,2295,3,"2-1"
3973.7099352968798,198790,2313,1,"1"
3974.8316319835676,198772,2331,1,"1"
3976.5412800906765,198769,2334,1,"1"
3992.3918934302214,198751,2352,1,"1"
4003.4741596249828,198733,2370,1,"1"
4012.3976134813247,198717,2386,1,"1"
4033.5046044780574,198705,2398,2,"2"
4036.0700035858677,198702,2401,1,"1"
4040.0264517977871,198684,2419,1,"1"
4044.8779517049029,198666,2437,1,"1"
4084.7978260031573,198648,2455,2,"2"
4087.8127052644786,198641,2462,1,"1"
4092.9717178806691,198638,2465,1,"1"
4108.0452858699073,198620,2483,1,"1"
4111.4381549226609,198611,2492,1,"1"
4124.1926207730139,198593,2510,1,"1"
4146.1550688605839,198575,2528,1,"1"
4147.8210822879673,198557,2546,1,"1"
4151.72518305831,198539,2564,1,"1"
4163.8622702168241,198521,2582,1,"1"
4177.0487026147757,198515,2588,2,"2"
4194.7652671505757,198466,2637,7,"5-1-1"
4209.4487588322818,198448,2655,1,"1"
4225.2185121716448,198441,2662,1,"1"
4225.490042329292,198432,2671,3,"2-1"
4231.7184829089047,198414,2689,1,"1"
4254.6080692765418,198409,2694,1,"1"
4259.4222676142917,198399,2704,2,"1-1"
4265.4674230272485,198381,2722,1,"1"
4280.5779593238221,198363,2740,1,"1"
4292.4338295403413,198345,2758,1,"1"
4313.9055343304562,198327,2776,1,"1"
4318.1055412937458,198309,2794,1,"1"
4323.2931339856277,198291,2812,1,"1"
4342.6932529747091,198273,2830,1,"1"
4355.5032730911344,198257,2846,4,"4"
4363.5426548390924,198254,2849,1,"1"
4371.2969212270154,198233,2870,3,"2-1"
4375.4989596192236,198215,2888,1,"1"
4389.0556009960883,198197,2906,1,"1"
4415.9962739216307,198179,2924,1,"1"
4431.2523099992086,198161,2942,1,"1"
4438.7912871217559,198143,2960,1,"1"
4444.6411494724862,198140,2963,1,"1"
4450.1530790714887,198122,2981,1,"1"
4453.5039710935744,198112,2991,1,"1"
4455.8902722497887,198109,2994,1,"1"
4463.6032994205289,198091,3012,1,"1"
4478.4974267644047,198088,3015,1,"1"
4482.3668796486636,198070,3033,1,"1"
4483.3782720079253,198055,3048,1,"1"
4485.4291744939337,198037,3066,1,"1"
4489.629161814426,198032,3071,1,"1"
4489.7663965798802,198020,3083,1,"1"
4498.9612935342066,198002,3101,1,"1"
4502.8150039842421,197984,3119,1,"1"
4509.6501909025728,197960,3143,4,"1-1-1-1"
4511.8587619273394,197942,3161,1,"1"
4538.8189042660542,197924,3179,1,"1"
4542.4436100849489,197910,3193,1,"1"
4554.98737700335,197892,3211,1,"1"
4556.6422436590919,197889,3214,1,"1"
4556.9031665916691,197884,3219,1,"1"
4567.4493466837921,197866,3237,1,"1"
4569.2257757446177,197852,3251,1,"1"
4576.4956549114358,197834,3269,1,"1"
4577.6663835219533,197831,3272,1,"1"
4578.1541425172491,197828,3275,1,"1"
4587.4096371060978,197810,3293,1,"1"
4607.0468410982385,197792,3311,1,"1"
4617.1909171896241,197782,3321,2,"1-1"
4659.8273804937207,197779,3324,1,"1"
4666.3793806188796,197761,3342,1,"1"
4666.9796653779485,197756,3347,1,"1"
4670.8699596996221,197738,3365,1,"1"
4676.3742628075552,197710,3393,2,"2"
4676.6714057953977,197697,3406,3,"2-1"
4682.7983354591488,197679,3424,1,"1"
4683.9187802601664,197667,3436,1,"1"
4691.2129209518298,197649,3454,1,"1"
4761.7045900062612,197642,3461,1,"1"
4769.0273272441837,197630,3473,1,"1"
4788.6501285480053,197623,3480,1,"1"
4798.1732916569626,197586,3517,7,"2-2-2-1"
4809.7465636313227,197568,3535,1,"1"
4817.1807188146267,197552,3551,1,"1"
4820.5808386491581,197516,3587,2,"2"
4821.2017403165992,197498,3605,1,"1"
4837.8738881947065,197480,3623,1,"1"
4842.2475475582569,197462,3641,1,"1"
4843.4238144236278,197455,3648,1,"1"
4846.5016049692067,197437,3666,1,"1"
4860.8816905884687,197419,3684,1,"1"
4864.3591740599513,197401,3702,1,"1"
4870.4112957826874,197396,3707,1,"1"
4872.394874854037,197387,3716,1,"1"
4875.0158481714925,197369,3734,2,"2"
4881.1507185406963,197351,3752,1,"1"
4900.9584257071319,197333,3770,1,"1"
4906.4423681402468,197305,3798,2,"2"
4908.6970938377981,197257,3846,3,"3"
4930.1398993563507,197221,3882,2,"2"
4933.0366604874971,197193,3910,3,"2-1"
4948.4050531566281,197164,3939,2,"1-1"
4964.0530866230565,197154,3949,1,"1"
5004.9399843440078,197136,3967,1,"1"
5013.7755753138563,197115,3988,3,"2-1"
5023.9366412239624,197099,4004,2,"1-1"
5030.121663462427,197073,4030,2,"1-1"
5032.690964098274,197055,4048,1,"1"
5035.7227815100032,197052,4051,1,"1"
5055.4012554577585,197034,4069,1,"1"
5066.1823748863108,197016,4087,1,"1"
5072.3614960495415,196997,4106,3,"1-1-1"
5079.4850462802169,196961,4142,2,"1-1"
5100.5734388104793,196943,4160,1,"1"
5101.8643528948023,196925,4178,1,"1"
5110.3016293140045,196907,4196,1,"1"
5112.6875311640306,196889,4214,1,"1"
5155.5445766441835,196871,4232,1,"1"
5155.8366975664303,196823,4280,3,"3"
5183.0112140579768,196816,4287,1,"1"
5184.1972121316339,196799,4304,3,"3"
5184.8403813620162,196789,4314,1,"1"
5187.1574943004744,196769,4334,2,"1-1"
5192.5099871437415,196755,4348,2,"1-1"
5197.2464130347407,196743,4360,1,"1"
5204.8237589385371,196725,4378,1,"1"
5205.3550376961757,196719,4384,2,"2"
5225.0108191334821,196716,4387,1,"1"
5227.1978425472835,196698,4405,1,"1"
5239.9684468435098,196670,4433,4,"3-1"
5250.3024852658746,196660,4443,1,"1"
5253.5139882835838,196646,4457,1,"1"
5266.4290027860607,196639,4464,1,"1"
5268.5483751284264,196621,4482,1,"1"
5274.7622117648925,196615,4488,2,"2"
5275.2696429991865,196579,4524,2,"2"
5279.9782202709494,196563,4540,1,"1"
5287.6096609562455,196545,4558,1,"1"
5287.9980458492282,196527,4576,1,"1"
5313.9509499463329,196509,4594,1,"1"
5314.9213606047688,196473,4630,2,"2"
5328.5309741702313,196455,4648,1,"1"
5331.118906052322,196437,4666,1,"1"
5354.3778286560537,196419,4684,1,"1"
5354.7263494459903,196401,4702,1,"1"
5374.8018702749705,196383,4720,1,"1"
5375.4743142012185,196373,4730,1,"1"
5385.6248153739562,196355,4748,1,"1"
5387.5171286972072,196337,4766,1,"1"
5403.5807689298417,196319,4784,1,"1"
5408.3134502107359,196301,4802,1,"1"
5409.4047729570621,196283,4820,1,"1"
5415.7882826219666,196273,4830,1,"1"
5417.3602120504229,196270,4833,1,"1"
5434.3959541090944,196252,4851,1,"1"
5449.7941623993411,196234,4869,1,"1"
5457.2831902577764,196188,4915,6,"2-1-1-1-1"
5459.1478147802873,196181,4922,1,"1"
5460.814595760371,196158,4945,5,"2-2-1"
5461.284357381689,196140,4963,1,"1"
5478.3396414083409,196122,4981,1,"1"
5484.1245936913929,196115,4988,1,"1"
5488.1854234452467,196103,5000,1,"1"
5498.2833441947832,196085,5018,1,"1"
5509.2744808599818,196076,5027,1,"1"
5511.4846430874286,196069,5034,1,"1"
5538.614817573256,196052,5051,3,"2-1"
5590.1085214158502,196034,5069,1,"1"
5603.3714970420951,196016,5087,1,"1"
5609.0049215154741,195998,5105,1,"1"
5613.6476693751192,195988,5115,2,"2"
5625.9228296309948,195978,5125,1,"1"
5629.4111001751562,195960,5143,1,"1"
5668.4117524705598,195957,5146,1,"1"
5679.2173889905253,195951,5152,2,"2"
5681.6614491593436,195934,5169,1,"1"
5683.6328640965885,195924,5179,2,"2"
5701.8280493054799,195921,5182,1,"1"
5703.9466489899614,195903,5200,1,"1"
5706.0838503748446,195885,5218,1,"1"
5716.3954497057957,195873,5230,1,"1"
5717.264464140856,195779,5324,6,"2-2-1-1"
5719.1603553087743,195761,5342,1,"1"
5719.856232876753,195748,5355,1,"1"
5736.9666566273681,195743,5360,1,"1"
5757.4546997047883,195736,5367,1,"1"
5759.3431284773105,195731,5372,1,"1"
5770.9348223938896,195683,5420,5,"3-1-1"
5780.8258423709449,195596,5507,10,"8-1-1"
5795.8811261741866,195587,5516,1,"1"
5802.9368814251839,195557,5546,2,"2"
5804.9530717599373,195539,5564,1,"1"
5806.5726769408129,195524,5579,1,"1"
5836.567449818338,195506,5597,1,"1"
5856.0661696742145,195476,5627,2,"2"
5878.3595335441687,195464,5639,1,"1"
5884.0778433444775,195446,5657,1,"1"
5916.2845572531851,195434,5669,1,"1"
5919.8754980474869,195416,5687,1,"1"
5932.4327898591973,195398,5705,1,"1"
5936.9119361927815,195382,5721,1,"1"
5941.1997652794353,195367,5736,1,"1"
5949.3171971607071,195349,5754,1,"1"
5958.7110408128074,195333,5770,1,"1"
5967.2619201247308,195315,5788,1,"1"
5975.8798532464634,195297,5806,1,"1"
5992.6688781407674,195279,5824,1,"1"
5995.70445780095,195225,5878,3,"2-1"
6017.3984374613783,195207,5896,1,"1"
6036.5057596890811,195189,5914,1,"1"
6040.3292504056599,195171,5932,1,"1"
6054.1440033376211,195156,5947,3,"3"
6067.3676875681977,195138,5965,4,"3-1"
6096.0509765091829,195108,5995,4,"3-1"
6112.2534088016391,195096,6007,1,"1"
6114.6355487156588,195084,6019,4,"3-1"
6127.2119285220597,195066,6037,1,"1"
6129.4493754375117,195059,6044,1,"1"
6132.1710206817006,195041,6062,1,"1"
6138.6221611780093,195031,6072,1,"1"
6145.8942177479012,195015,6088,1,"1"
6147.0402652182302,194987,6116,4,"2-1-1"
6147.9897532590285,194977,6126,2,"2"
6151.9832763769809,194923,6180,3,"3"
6154.1741073466328,194905,6198,1,"1"
6161.4412920588356,194887,6216,1,"1"
6174.471053427138,194882,6221,1,"1"
6176.4198563028922,194862,6241,2,"1-1"
6179.2985575796274,194779,6324,9,"4-1-1-1-1-1"
6184.7465340600338,194743,6360,3,"2-1"
6190.8594463079844,194732,6371,1,"1"
6192.6552485067241,194714,6389,1,"1"
6194.7467954468211,194692,6411,2,"2"
6196.1541005499394,194645,6458,4,"3-1"
6203.8399494959212,194627,6476,1,"1"
6211.4736477847327,194609,6494,1,"1"
6212.2975262619102,194599,6504,1,"1"
6215.5310648678687,194581,6522,1,"1"
6220.6262578123096,194563,6540,1,"1"
6232.9891506155809,194545,6558,1,"1"
6243.9581245079535,194519,6584,2,"2"
6246.5227865082261,194501,6602,1,"1"
6252.6404450455602,194428,6675,9,"4-2-1-1-1"
6259.2826642587179,194411,6692,1,"1"
6275.1665203130597,194393,6710,1,"1"
6283.9656793987897,194386,6717,1,"1"
6292.7749390788158,194379,6724,1,"1"
6294.5318879781253,194363,6740,1,"1"
6297.1037738666901,194335,6768,2,"2"
6297.918036959315,194268,6835,9,"4-2-1-1-1"
6300.1391544513745,194250,6853,1,"1"
6310.2637044404009,194232,6871,1,"1"
6333.0599722084116,194214,6889,1,"1"
6340.1388627030019,194196,6907,1,"1"
6348.8918141207814,194186,6917,1,"1"
6350.3793568001574,194142,6961,4,"2-1-1"
6350.51135373745,194124,6979,1,"1"
6373.0520082958865,194106,6997,1,"1"
6379.2309062246777,194101,7002,1,"1"
6386.637895346923,194069,7034,3,"2-1"
6387.011012775105,194033,7070,2,"1-1"
6399.5278657229092,194005,7098,4,"3-1"
6403.2893301525828,193982,7121,3,"3"
6421.8408590605159,193964,7139,1,"1"
6438.4529261715579,193946,7157,1,"1"
6451.1698188422897,193894,7209,4,"3-1"
6463.4702106962841,193876,7227,1,"1"
6465.2579877548915,193856,7247,2,"2"
6483.0605302972126,193838,7265,1,"1"
6506.9370091616474,193831,7272,1,"1"
6518.055276465805,193824,7279,1,"1"
6520.7593022752462,193800,7303,2,"2"
6566.664908882799,193782,7321,1,"1"
6574.1467677059081,193764,7339,1,"1"
6615.6571320120511,193746,7357,1,"1"
6618.9177826617733,193710,7393,2,"2"
6620.6337123712738,193692,7411,2,"1-1"
6640.8496170673225,193674,7429,1,"1"
6644.8146861223713,193656,7447,1,"1"
6675.14926397819,193638,7465,1,"1"
6682.9644381267281,193620,7483,1,"1"
6682.970740599505,193602,7501,1,"1"
6683.2965814399759,193595,7508,1,"1"
6688.7554276951323,193577,7526,1,"1"
6688.8174430803128,193559,7544,1,"1"
6690.142416590892,193547,7556,1,"1"
6707.0422743065674,193529,7574,1,"1"
6717.4238594900107,193496,7607,2,"1-1"
6727.5138058733719,193478,7625,1,"1"
6752.1278455004212,193460,7643,1,"1"
6756.0823702078142,193442,7661,1,"1"
6760.0581895227524,193418,7685,2,"2"
6764.0875265426657,193408,7695,1,"1"
6766.1921565953471,193372,7731,2,"2"
6769.8696569377289,193354,7749,1,"1"
6771.3437527591932,193318,7785,2,"2"
6773.4968999920302,193282,7821,2,"2"
6783.792393015271,193246,7857,2,"2"
6787.7448146335337,193228,7875,1,"1"
6799.1277446371441,193210,7893,1,"1"
6800.2097028073913,193192,7911,1,"1"
6803.6479991657743,193164,7939,2,"1-1"
6817.5180133745835,193110,7993,3,"2-1"
6817.5212611658881,193092,8011,1,"1"
6823.9801836984789,193087,8016,1,"1"
6824.9486506973863,193069,8034,1,"1"
6827.2359714907379,193047,8056,2,"1-1"
6838.3308755258568,193031,8072,1,"1"
6864.2485857269839,193021,8082,1,"1"
6864.6282203481351,193011,8092,1,"1"
6871.782061065348,192993,8110,1,"1"
6886.4204730778993,192975,8128,1,"1"
6900.8156180763463,192957,8146,1,"1"
6900.8194300150963,192944,8159,1,"1"
6900.9325751015876,192926,8177,1,"1"
6902.6499884815112,192908,8195,1,"1"
6920.3118263398474,192609,8494,32,"4-4-3-3-3-2-2-2-2-2-1-1-1-1-1"
6920.894991286179,192595,8508,1,"1"
6926.9770557634356,192563,8540,3,"2-1"
6943.0589743148448,192545,8558,1,"1"
6956.0841432551779,192531,8572,2,"2"
6977.9231375922545,192477,8626,3,"2-1"
7014.209625484481,192441,8662,4,"4"
7037.4881076156671,192426,8677,1,"1"
7041.2644470022024,192398,8705,2,"2"
7053.0345429662802,192380,8723,1,"1"
7053.6828551832632,192369,8734,1,"1"
7073.4171782175117,192351,8752,1,"1"
7081.7981927951223,192311,8792,4,"2-1-1"
7091.6823948023448,192293,8810,1,"1"
7093.5875948303883,192284,8819,1,"1"
7102.9208793199514,192214,8889,6,"3-2-1"
7109.0133869985839,192196,8907,1,"1"
7112.395650560381,192167,8936,3,"2-1"
7112.9100598165933,192152,8951,1,"1"
7114.0672239360238,192057,9046,10,"4-3-2-1"
7118.4847021138194,192039,9064,1,"1"
7125.4054960778494,192021,9082,1,"1"
7128.9793758069818,192007,9096,1,"1"
7139.1689643596719,191984,9119,3,"3"
7139.7785866925087,191966,9137,1,"1"
7140.1080811806241,191948,9155,1,"1"
7153.1856133137771,191941,9162,1,"1"
7178.2122843514835,191923,9180,1,"1"
7179.2701620522239,191905,9198,1,"1"
7180.0001963196819,191887,9216,1,"1"
7181.2666812823109,191869,9234,1,"1"
7181.3485616952494,191851,9252,1,"1"
7222.9217969291922,191808,9295,4,"3-1"
7256.9137735174772,191790,9313,1,"1"
7257.2193132320035,191772,9331,1,"1"
7261.6898533607009,191700,9403,4,"3-1"
7271.7967584463286,191693,9410,1,"1"
7277.5982272917445,191675,9428,1,"1"
7289.7805940816406,191486,9617,20,"4-3-3-3-2-2-1-1-1"
7310.5735367993866,191468,9635,1,"1"
7326.2067755060361,191450,9653,1,"1"
7338.3003203438857,191428,9675,2,"2"
7341.3194015635199,191412,9691,1,"1"
7344.8912999068352,191394,9709,1,"1"
7351.7096006521288,191376,9727,1,"1"
7352.9357594739304,191321,9782,5,"3-1-1"
7353.8710363931386,191303,9800,1,"1"
7358.8810440883808,191291,9812,1,"1"
7360.8066898365678,191273,9830,1,"1"
7369.9219916993297,191255,9848,1,"1"
7375.2045637573838,191237,9866,1,"1"
7376.4632114907918,191200,9903,5,"4-1"
7382.5041293012491,191170,9933,2,"2"
7385.5652772147605,191148,9955,2,"1-1"
7388.6819313897959,191130,9973,1,"1"
7405.1996437593025,191112,9991,1,"1"
7407.97839698595,191094,10009,1,"1"
7420.5707926679343,191080,10023,1,"1"
7424.094082034484,191062,10041,1,"1"
7424.2718719342574,191044,10059,1,"1"
7424.654178475771,191026,10077,1,"1"
7424.9831590595923,191008,10095,1,"1"
7430.8894660668238,190990,10113,1,"1"
7443.608072889986,190972,10131,1,"1"
7448.2489193830697,190954,10149,1,"1"
7455.9806376802371,190918,10185,2,"2"
7456.8132342993267,190900,10203,1,"1"
7459.4303859456631,190876,10227,2,"2"
7460.6343577151374,190858,10245,1,"1"
7471.2230771166405,190840,10263,1,"1"
7477.6286307826367,190822,10281,1,"1"
7480.8745835281625,190804,10299,1,"1"
7489.1832396562077,190726,10377,6,"3-1-1-1"
7492.3332883360135,190672,10431,3,"2-1"
7530.1162287682509,190663,10440,1,"1"
7531.9983191573601,190652,10451,1,"1"
7546.1483849480665,190472,10631,22,"4-4-2-2-2-2-1-1-1-1-1-1"
7547.0538331942689,190413,10690,6,"2-1-1-1-1"
7548.6552446271335,190388,10715,3,"1-1-1"
7551.4908285504025,190370,10733,1,"1"
7558.806233836699,190163,10940,20,"5-3-2-2-2-1-1-1-1-1-1"
7574.2374099116587,190072,11031,8,"3-2-1-1-1"
7578.7713138858753,190054,11049,1,"1"
7581.7192168795036,189994,11109,6,"2-2-2"
7589.4126134591834,189976,11127,1,"1"
7591.9562060159278,189958,11145,1,"1"
7598.4132248358119,189915,11188,5,"2-2-1"
7601.1828832225774,189904,11199,1,"1"
7610.945035140704,189886,11217,1,"1"
7612.9249076679025,189850,11253,2,"2"
7613.0226550433472,189817,11286,2,"1-1"
7617.50268843084,189799,11304,1,"1"
7624.1934962067044,189781,11322,1,"1"
7625.8137850808735,189770,11333,1,"1"
7634.7675947140788,189752,11351,1,"1"
7638.7981746503501,189738,11365,1,"1"
7644.2365405759101,189720,11383,1,"1"
7651.4544447724793,189709,11394,1,"1"
7651.9260810550059,189697,11406,1,"1"
7657.5848129544856,189679,11424,1,"1"
7661.310096801798,189661,11442,1,"1"
7661.4180383086368,189651,11452,1,"1"
7665.7505642209917,189633,11470,1,"1"
7667.201378170249,189615,11488,1,"1"
7675.1423909689447,189600,11503,1,"1"
7676.0490271410972,189574,11529,2,"2"
7676.4545022244083,189556,11547,1,"1"
7677.0255395417244,189538,11565,1,"1"
7681.0772007768801,189520,11583,1,"1"
7689.7301152006021,189508,11595,1,"1"
7703.9057844003337,189490,11613,1,"1"
7714.4371819290227,189413,11690,8,"3-2-1-1-1"
7725.2916474038348,189395,11708,1,"1"
7726.973234720027,189377,11726,1,"1"
7730.966524155644,189359,11744,1,"1"
7732.6759642149427,189341,11762,1,"1"
7739.8122224729532,189323,11780,1,"1"
7743.0340445317297,189305,11798,1,"1"
7757.156075011977,189287,11816,1,"1"
7758.5447898453858,189269,11834,1,"1"
7758.7034047847337,189251,11852,1,"1"
7761.971334800005,189233,11870,1,"1"
7764.2148701721117,189215,11888,1,"1"
7771.461229999888,189203,11900,1,"1"
7784.5952127038454,189167,11936,2,"1-1"
7785.105593124179,189083,12020,5,"5"
7797.4050824125843,188069,13034,82,"9-9-6-5-5-4-3-3-3-3-3-2-2-2-2-2-2-2-2-1-1-1-1-1-1-1-1-1-1-1-1-1"
7800.656938483563,188041,13062,2,"1-1"
7801.9409852854214,188023,13080,1,"1"
7802.5249733614464,188005,13098,1,"1"
7807.471356583651,187987,13116,1,"1"
7819.6429489842803,187971,13132,1,"1"
7825.6156160708788,187953,13150,1,"1"
7838.5850755218235,187938,13165,1,"1"
7851.3400733146018,187927,13176,1,"1"
7877.0190547120137,187909,13194,1,"1"
7883.6399978935715,187891,13212,1,"1"
7896.3719333309518,187810,13293,7,"3-2-2"
7903.8482034980252,187792,13311,1,"1"
7906.012464173552,187774,13329,1,"1"
7908.4310705711578,187762,13341,1,"1"
7909.420986064285,187751,13352,1,"1"
7910.9593514849612,187612,13491,11,"3-3-1-1-1-1-1"
7924.1570737510592,187596,13507,1,"1"
7925.1540271281965,187558,13545,3,"2-1"
7937.8309548245452,187540,13563,1,"1"
7954.4222032402768,187526,13577,1,"1"
7956.1740442395858,187508,13595,1,"1"
7971.8253611917053,187398,13705,9,"2-2-1-1-1-1-1"
7972.0254042693505,187368,13735,2,"2"
7978.3187434072997,187350,13753,1,"1"
7985.7916658885661,187332,13771,1,"1"
7989.6569831534525,187314,13789,1,"1"
7990.5686952842179,187296,13807,1,"1"
7990.8128946585912,187278,13825,1,"1"
7999.4633941054026,187260,13843,1,"1"
8001.4784261879122,187220,13883,3,"2-1"
8001.8090448172079,187202,13901,1,"1"
8005.3978451243929,187166,13937,2,"2"
8015.4795934729282,187149,13954,1,"1"
8019.5949171618822,187131,13972,1,"1"
8022.4288654367128,187093,14010,3,"3"
8028.2947623571299,187075,14028,1,"1"
8033.8371701252436,187026,14077,3,"3"
8043.9056095695378,187004,14099,2,"2"
8065.5599406339079,186986,14117,1,"1"
8066.9898839032639,186970,14133,1,"1"
8081.0437713407364,186952,14151,1,"1"
8084.6079167769058,186942,14161,1,"1"
8092.8301918746338,186924,14179,1,"1"
8095.2175459606397,186888,14215,2,"2"
8095.9416041827244,186870,14233,1,"1"
8097.5063769350509,0,201103,10510,"10510"
----------------------------------------------6
0,201103,0,0,"0"
334.51517375054686,201085,18,1,"1"
417.42641231704454,201073,30,1,"1"
442.77441237384056,201072,31,1,"1"
455.545325946802,201065,38,1,"1"
509.47592322311806,201064,39,1,"1"
530.49350279550242,201063,40,1,"1"
575.68608977827205,201062,41,1,"1"
598.53104136152467,201059,44,1,"1"
601.1654571674195,201058,45,1,"1"
608.35822018128727,201042,61,1,"1"
620.91978243009908,201039,64,1,"1"
622.53403176777874,201038,65,1,"1"
669.81265985809455,201037,66,1,"1"
690.1960713936046,201036,67,1,"1"
701.43868577365765,201035,68,1,"1"
790.95587170193357,201034,69,1,"1"
797.50937980453716,201031,72,1,"1"
836.42796779345474,201026,77,1,"1"
859.41857990515189,201008,95,1,"1"
872.10104296310942,201007,96,1,"1"
914.1649003524833,201004,99,1,"1"
916.39393273250653,201003,100,1,"1"
981.78024392661951,200985,118,1,"1"
987.10795681552031,200982,121,1,"1"
989.76466283059358,200980,123,2,"1-1"
1003.0749535482761,200973,130,1,"1"
1025.4624848536293,200972,131,1,"1"
1071.2155422639889,200971,132,1,"1"
1108.2674506910578,200969,134,2,"1-1"
1115.0171143990121,200947,156,2,"1-1"
1116.4076362188016,200946,157,1,"1"
1116.8967604230209,200945,158,1,"1"
1125.4471073497084,200944,159,1,"1"
1134.7248580862947,200940,163,2,"1-1"
1145.1927538109617,200939,164,1,"1"
1171.549062854654,200927,176,1,"1"
1191.1781479610813,200924,179,1,"1"
1193.0565914926283,200906,197,1,"1"
1263.8406090108217,200904,199,2,"2"
1276.1039664372968,200903,200,1,"1"
1276.1325330197008,200902,201,1,"1"
1279.2529290738321,200884,219,1,"1"
1280.9850026149343,200872,231,1,"1"
1285.43632455071,200871,232,1,"1"
1289.2111375867898,200869,234,2,"2"
1314.7072732121221,200868,235,1,"1"
1343.1693243425891,200850,253,1,"1"
1352.5446277537171,200849,254,1,"1"
1355.6797530289991,200848,255,1,"1"
1373.569198569234,200847,256,1,"1"
1433.1114790107706,200829,274,1,"1"
1441.3340202613686,200826,277,1,"1"
1483.2117630702685,200825,278,1,"1"
1507.4414535199642,200819,284,2,"2"
1531.3033861594117,200817,286,2,"2"
1536.6388508022699,200816,287,1,"1"
1552.197564011042,200804,299,1,"1"
1560.6562383329683,200786,317,1,"1"
1587.7819243114423,200785,318,1,"1"
1589.7858537679303,200784,319,1,"1"
1604.4156215492187,200766,337,1,"1"
1606.3917629915443,200765,338,1,"1"
1623.5781002887836,200747,356,1,"1"
1629.537669254993,200729,374,1,"1"
1630.0971893107553,200728,375,1,"1"
1635.5579320792142,200727,376,1,"1"
1643.9486690222059,200726,377,1,"1"
1684.8499660350074,200725,378,1,"1"
1691.1697754381614,200717,386,2,"2"
1709.5102418795393,200714,389,1,"1"
1710.5044677951573,200711,392,1,"1"
1714.6153133369612,200706,397,1,"1"
1752.0703537138295,200688,415,1,"1"
1754.4450205970204,200670,433,1,"1"
1796.0633366467518,200667,436,1,"1"
1809.6712851606599,200649,454,1,"1"
1817.4197102472017,200642,461,1,"1"
1826.5463910775345,200624,479,1,"1"
1832.8390558051638,200606,497,1,"1"
1845.0309416060588,200588,515,1,"1"
1875.0538755541631,200570,533,1,"1"
1880.2580884161225,200567,536,1,"1"
1893.3656962003597,200549,554,1,"1"
1943.0990023177155,200548,555,1,"1"
1954.2042464925134,200530,573,1,"1"
1963.1820297448473,200527,576,1,"1"
1992.3746637712413,200526,577,1,"1"
2026.5109212520156,200508,595,1,"1"
2040.872451866227,200507,596,1,"1"
2051.2933487994751,200489,614,1,"1"
2052.2057340104134,200471,632,1,"1"
2054.430287050704,200468,635,1,"1"
2102.0263651208274,200450,653,1,"1"
2108.3516764153746,200432,671,1,"1"
2140.3154651216887,200431,672,1,"1"
2158.1922384538702,200422,681,1,"1"
2168.8158249834601,200404,699,1,"1"
2212.1199359870998,200401,702,1,"1"
2212.2271473883952,200397,706,4,"4"
2214.7223599862632,200396,707,1,"1"
2226.2555233914209,200393,710,1,"1"
2228.5427564430488,200375,728,1,"1"
2260.7275332567438,200368,735,1,"1"
2274.3242315177363,200350,753,1,"1"
2289.0284495230248,200332,771,1,"1"
2366.46272621751,200322,781,1,"1"
2374.4948595108012,200312,791,2,"2"
2382.4574640165042,200294,809,1,"1"
2383.9878560760294,200282,821,2,"1-1"
2395.578739509705,200277,826,1,"1"
2435.1486972712523,200274,829,1,"1"
2438.2146350526023,200271,832,1,"1"
2443.6012231072127,200253,850,1,"1"
2447.0486213784975,200250,853,1,"1"
2481.1890254125515,200232,871,1,"1"
2486.6562623513641,200198,905,2,"1-1"
2501.7521127336522,200180,923,1,"1"
2508.644105734068,200177,926,1,"1"
2525.0130991157966,200174,929,1,"1"
2540.4235700190175,200163,940,1,"1"
2590.7266095913646,200157,946,2,"2"
2592.6198684514798,200154,949,1,"1"
2593.0600082710525,200129,974,5,"4-1"
2597.222762347511,200111,992,1,"1"
2599.499702711551,200093,1010,1,"1"
2620.8886376309288,200090,1013,1,"1"
2624.844402427118,200072,1031,1,"1"
2640.9762582929184,200054,1049,1,"1"
2660.8030266551245,200036,1067,1,"1"
2672.6852490462525,200024,1079,1,"1"
2692.4629082454444,200006,1097,1,"1"
2705.8495931977395,199993,1110,1,"1"
2706.7663601222739,199979,1124,1,"1"
2707.2127680268659,199976,1127,1,"1"
2726.9155532000423,199958,1145,1,"1"
2738.9240014834941,199940,1163,1,"1"
2764.6351331750529,199928,1175,1,"1"
2766.6558611700998,199925,1178,1,"1"
2773.7971498400129,199922,1181,1,"1"
2789.2332601065596,199919,1184,1,"1"
2809.6198130341822,199913,1190,2,"2"
2825.7430620759756,199897,1206,2,"2"
2860.344740774025,199865,1238,2,"2"
2871.4996634501126,199862,1241,1,"1"
2905.869633469069,199844,1259,1,"1"
2906.6775815114961,199832,1271,1,"1"
2981.5845129419754,199814,1289,1,"1"
3005.3042918138185,199778,1325,2,"1-1"
3008.4759192085166,199773,1330,1,"1"
3022.8857988744717,199755,1348,1,"1"
3032.3630198592609,199737,1366,1,"1"
3034.9418567334842,199719,1384,1,"1"
3077.1870517834222,199701,1402,1,"1"
3079.5430002110411,199689,1414,1,"1"
3102.1692115243595,199686,1417,1,"1"
3202.0820971132102,199668,1435,1,"1"
3205.8541847764318,199650,1453,1,"1"
3209.5187525272427,199632,1471,1,"1"
3226.8881661417449,199614,1489,1,"1"
3228.2099395504806,199596,1507,1,"1"
3234.7255401153134,199578,1525,1,"1"
3256.3255027067203,199560,1543,1,"1"
3258.8859724911886,199542,1561,1,"1"
3260.5166610478559,199498,1605,3,"2-1"
3266.406203337513,199495,1608,1,"1"
3267.2788132960827,199477,1626,1,"1"
3272.3362964250196,199474,1629,1,"1"
3273.4924860176602,199456,1647,1,"1"
3274.5408010762449,199446,1657,2,"1-1"
3292.1950844551588,199443,1660,1,"1"
3312.1134572004148,199433,1670,1,"1"
3378.5514528717767,199430,1673,1,"1"
3388.9097670553906,199412,1691,1,"1"
3390.2615091212624,199406,1697,2,"2"
3399.7606851903447,199370,1733,2,"1-1"
3401.6330083433709,199358,1745,1,"1"
3430.1059565687178,199340,1763,1,"1"
3435.0732245221498,199322,1781,1,"1"
3455.6039559148862,199304,1799,1,"1"
3472.0117380772217,199286,1817,1,"1"
3491.4191454065053,199250,1853,2,"2"
3492.7256894705106,199247,1856,1,"1"
3497.7418012489679,199242,1861,1,"1"
3511.3342095442363,199224,1879,1,"1"
3515.8538855305251,199221,1882,1,"1"
3525.7619194351578,199203,1900,1,"1"
3537.6884094463976,199187,1916,1,"1"
3558.172371746638,199169,1934,1,"1"
3562.0249473936979,199151,1952,1,"1"
3579.5504119662733,199148,1955,1,"1"
3589.7343713000714,199114,1989,2,"2"
3590.6512842967904,199103,2000,1,"1"
3601.0239203622527,199092,2011,3,"2-1"
3606.3995424857117,199078,2025,4,"3-1"
3628.7360566896232,199068,2035,1,"1"
3631.735196279104,199061,2042,1,"1"
3635.492442113009,199043,2060,1,"1"
3648.3528863851643,199025,2078,1,"1"
3670.5597528850544,199014,2089,1,"1"
3689.992652283915,198995,2108,3,"2-1"
3696.0153253824078,198985,2118,2,"1-1"
3702.8418306862109,198967,2136,1,"1"
3724.1684889136914,198964,2139,1,"1"
3732.991025450458,198961,2142,1,"1"
3775.9485015703085,198952,2151,1,"1"
3783.3872199630614,198940,2163,2,"2"
3786.7182650937561,198930,2173,1,"1"
3807.8316951407205,198924,2179,2,"1-1"
3813.0277396531446,198906,2197,1,"1"
3824.4125727585497,198900,2203,2,"2"
3830.2495007204338,198888,2215,1,"1"
3835.4217326511352,198875,2228,1,"1"
3835.8370781928597,198857,2246,1,"1"
3847.097574555798,198854,2249,1,"1"
3856.7598494520157,198842,2261,1,"1"
3865.3137887816729,198796,2307,6,"2-2-1-1"
3880.8886790476772,198790,2313,2,"2"
3905.4017368843661,198772,2331,1,"1"
3912.341376359208,198758,2345,1,"1"
3915.4647028751519,198747,2356,3,"2-1"
3924.3513966436867,198727,2376,2,"1-1"
3935.2352674638364,198709,2394,1,"1"
3945.234339428263,198691,2412,1,"1"
3953.6996398238875,198673,2430,1,"1"
3980.0514895545839,198637,2466,2,"2"
3993.6903352380687,198624,2479,1,"1"
3996.37040470072,198606,2497,1,"1"
4005.0821027086181,198603,2500,1,"1"
4008.1113835308024,198600,2503,1,"1"
4025.3920392375412,198582,2521,1,"1"
4049.7211408875205,198564,2539,1,"1"
4094.6508568354907,198558,2545,2,"2"
4095.8058169986102,198547,2556,1,"1"
4106.6529198382423,198544,2559,1,"1"
4115.8741488745472,198541,2562,1,"1"
4116.9611527833185,198528,2575,3,"2-1"
4117.330927209834,198510,2593,1,"1"
4119.9702089156262,198507,2596,1,"1"
4131.011364492706,198489,2614,1,"1"
4131.3017244872444,198453,2650,2,"2"
4139.1122255618629,198450,2653,1,"1"
4151.1743624435212,198432,2671,1,"1"
4164.4926049403921,198427,2676,1,"1"
4171.1704050697081,198397,2706,6,"3-2-1"
4172.916701267729,198385,2718,1,"1"
4182.6922788076827,198379,2724,2,"2"
4182.984694084319,198365,2738,2,"2"
4203.3367325944964,198331,2772,2,"2"
4203.3452668527725,198325,2778,2,"2"
4204.6777710547703,198318,2785,1,"1"
4213.6165011057001,198282,2821,2,"2"
4225.2700377105875,198279,2824,1,"1"
4256.7053107855891,198255,2848,2,"2"
4276.727254867028,198237,2866,1,"1"
4284.7546903947286,198234,2869,1,"1"
4286.8065080738588,198231,2872,1,"1"
4292.5783239951934,198228,2875,1,"1"
4308.0097622164049,198210,2893,1,"1"
4318.6103178676622,198190,2913,4,"4"
4323.0210592225185,198172,2931,1,"1"
4324.4300599145508,198154,2949,1,"1"
4327.2519956395063,198136,2967,2,"2"
4332.9281815542636,198133,2970,1,"1"
4354.7554278667694,198121,2982,1,"1"
4371.3301718674493,198103,3000,1,"1"
4373.1761245839107,198098,3005,1,"1"
4378.0875260931271,198080,3023,1,"1"
4381.6346693435598,198062,3041,1,"1"
4382.9369358660133,198059,3044,1,"1"
4391.2833490510375,198048,3055,1,"1"
4399.0534180114246,198030,3073,1,"1"
4413.2030969203206,198012,3091,1,"1"
4424.7628265181138,197994,3109,1,"1"
4449.8912432617562,197976,3127,1,"1"
4463.8964843951426,197973,3130,1,"1"
4476.218628733337,197937,3166,2,"1-1"
4476.7242437453942,197919,3184,1,"1"
4481.3224955354008,197916,3187,1,"1"
4484.2753665090131,197898,3205,1,"1"
4495.0085577611553,197880,3223,1,"1"
4529.2747649774456,197873,3230,1,"1"
4542.0922242108636,197867,3236,2,"2"
4543.5741308924835,197852,3251,1,"1"
4568.4991744772296,197847,3256,1,"1"
4600.054187020377,197829,3274,1,"1"
4610.022168708133,197823,3280,2,"1-1"
4616.3240621801579,197805,3298,1,"1"
4618.7366149186619,197802,3301,1,"1"
4625.0113396829229,197797,3306,1,"1"
4652.9100518436599,197769,3334,8,"5-1-1-1"
4661.9163655222574,197764,3339,1,"1"
4669.1846050131398,197754,3349,2,"2"
4677.5219905933645,197747,3356,1,"1"
4700.3349972848073,197740,3363,1,"1"
4706.3066988526298,197722,3381,1,"1"
4716.651322003434,197715,3388,1,"1"
4716.8659640908008,197697,3406,1,"1"
4727.1675132770997,197694,3409,1,"1"
4739.8924519993143,197683,3420,1,"1"
4752.719429476354,197665,3438,1,"1"
4755.3965030933559,197658,3445,1,"1"
4761.7510316945236,197651,3452,1,"1"
4763.5972302571081,197644,3459,1,"1"
4763.6368089836678,197626,3477,1,"1"
4792.5563392072054,197608,3495,1,"1"
4792.8537049687911,197605,3498,1,"1"
4802.046926436381,197572,3531,2,"2"
4826.4638434026028,197554,3549,1,"1"
4828.184856734867,197542,3561,1,"1"
4835.9806725793123,197524,3579,1,"1"
4847.7808867012773,197514,3589,1,"1"
4848.0239931456044,197496,3607,1,"1"
4850.6602442475605,197478,3625,1,"1"
4860.9263989039719,197471,3632,1,"1"
4864.1580522473778,197453,3650,1,"1"
4879.0997812973264,197435,3668,1,"1"
4885.3009952410039,197430,3673,1,"1"
4886.8905801602195,197399,3704,3,"3"
4913.3095610384016,197387,3716,1,"1"
4915.7825041748902,197380,3723,1,"1"
4926.9754765710459,197362,3741,1,"1"
4940.8999682121475,197344,3759,1,"1"
4943.7243004563215,197334,3769,2,"2"
4959.9278734498248,197316,3787,1,"1"
4965.5538676663764,197298,3805,1,"1"
4973.6008593797333,197287,3816,1,"1"
4976.654034871558,197269,3834,1,"1"
4991.5253894989846,197257,3846,1,"1"
4992.5225588528419,197239,3864,1,"1"
4992.9209798897418,197232,3871,1,"1"
5000.4041107183448,197229,3874,1,"1"
5003.498082639675,197214,3889,3,"3"
5026.5504483111008,197196,3907,1,"1"
5027.2276959881174,197178,3925,1,"1"
5027.8719766140093,197160,3943,1,"1"
5083.5061636906403,197142,3961,1,"1"
5086.4056570631819,197135,3968,1,"1"
5088.1200925630728,197118,3985,1,"1"
5118.0930797209485,197115,3988,1,"1"
5158.9592525523649,197079,4024,2,"2"
5171.8789243785504,197074,4029,1,"1"
5178.7815292974465,197060,4043,2,"2"
5189.4652164731306,197042,4061,1,"1"
5227.1117260057663,197024,4079,1,"1"
5234.1143710184051,197021,4082,1,"1"
5234.1470087565858,197003,4100,1,"1"
5262.8568494543115,196975,4128,2,"2"
5293.0453710117381,196957,4146,1,"1"
5308.2364672920967,196939,4164,1,"1"
5316.9223766229734,196927,4176,1,"1"
5336.0703100049395,196887,4216,3,"2-1"
5338.0363810405206,196869,4234,1,"1"
5350.3177709579059,196836,4267,2,"2"
5353.6987969518395,196804,4299,2,"2"
5395.964446232264,196794,4309,1,"1"
5399.2330280123333,196776,4327,1,"1"
5408.0409336226057,196758,4345,1,"1"
5413.7673310142036,196740,4363,1,"1"
5416.5914733275658,196724,4379,1,"1"
5438.3810615867042,196706,4397,1,"1"
5446.362933147132,196688,4415,1,"1"
5474.4032178329553,196674,4429,1,"1"
5481.3389380639173,196669,4434,1,"1"
5482.5721242628197,196664,4439,1,"1"
5484.1238442091117,196646,4457,1,"1"
5491.1577907390383,196628,4475,1,"1"
5491.7607100311989,196614,4489,2,"2"
5510.9283121843446,196592,4511,2,"2"
5516.7265879535125,196580,4523,1,"1"
5520.3976619273144,196573,4530,1,"1"
5534.6385296654635,196555,4548,2,"2"
5539.5584052919266,196548,4555,1,"1"
5565.7427348392066,196530,4573,1,"1"
5579.9878944548191,196494,4609,2,"2"
5583.3684290630936,196487,4616,1,"1"
5587.3203286509615,196473,4630,2,"2"
5612.3206608301161,196434,4669,4,"3-1"
5614.7283931692145,196416,4687,1,"1"
5626.8183721417681,196398,4705,1,"1"
5626.8834576355448,196377,4726,3,"2-1"
5632.8161482516089,196371,4732,2,"2"
5638.3032533094729,196368,4735,1,"1"
5658.0092582214656,196362,4741,2,"2"
5681.1188240429719,196355,4748,1,"1"
5687.7445325346198,196337,4766,1,"1"
5692.1845131459222,196326,4777,1,"1"
5703.109989575205,196308,4795,1,"1"
5707.4240529434201,196288,4815,4,"2-1-1"
5723.581208840169,196270,4833,1,"1"
5728.4361616748183,196267,4836,1,"1"
5733.4243060394647,196257,4846,1,"1"
5738.9566014815455,196250,4853,1,"1"
5740.1080309885529,196220,4883,2,"1-1"
5753.3191233724792,196213,4890,1,"1"
5754.9797741303319,196210,4893,1,"1"
5758.085097368692,196200,4903,2,"2"
5767.7778064320255,196182,4921,1,"1"
5773.9175122578872,196164,4939,1,"1"
5785.5436271835824,196146,4957,1,"1"
5801.816186443456,196141,4962,1,"1"
5812.757937306259,196123,4980,1,"1"
5829.2253983612445,196105,4998,1,"1"
5834.183474341633,196087,5016,1,"1"
5836.8383088161509,196080,5023,1,"1"
5869.8110128309072,196075,5028,1,"1"
5870.3733379793493,196052,5051,3,"2-1"
5881.6631046663015,196034,5069,1,"1"
5886.1907539330477,196016,5087,1,"1"
5886.2399306660627,196013,5090,1,"1"
5906.0097019182876,195995,5108,1,"1"
5906.2634703699132,195977,5126,1,"1"
5921.4816221207502,195974,5129,1,"1"
5931.7459038018715,195967,5136,1,"1"
5962.4032226895552,195949,5154,1,"1"
5966.4198984359173,195931,5172,1,"1"
5978.7140324490201,195917,5186,1,"1"
6006.0200334318242,195881,5222,2,"1-1"
6008.3438372772816,195863,5240,1,"1"
6012.8044796075983,195845,5258,2,"1-1"
6014.2336802078426,195827,5276,1,"1"
6014.4311092267462,195791,5312,2,"2"
6018.2254275767827,195773,5330,1,"1"
6035.4842042508053,195770,5333,1,"1"
6043.1379738798123,195752,5351,1,"1"
6058.9639454057169,195734,5369,1,"1"
6089.1860228509731,195716,5387,1,"1"
6089.3526135004849,195698,5405,1,"1"
6090.7299813379886,195680,5423,1,"1"
6095.2844877763664,195662,5441,1,"1"
6095.9917534815759,195655,5448,1,"1"
6105.0549531864681,195646,5457,1,"1"
6106.2340789414438,195603,5500,4,"2-1-1"
6130.22312430703,195585,5518,1,"1"
6140.9216283537562,195580,5523,1,"1"
6152.3957277134714,195568,5535,2,"2"
6154.1057508710755,195532,5571,2,"2"
6174.3253078920879,195514,5589,1,"1"
6175.2972694820046,195496,5607,1,"1"
6182.7896855591025,195478,5625,1,"1"
6183.0714878700992,195460,5643,1,"1"
6189.2808100894572,195446,5657,2,"2"
6209.9680459420042,195428,5675,1,"1"
6217.9796890229018,195414,5689,1,"1"
6223.2750333783833,195396,5707,1,"1"
6234.5997767663903,195345,5758,7,"2-2-2-1"
6247.0740314254854,195327,5776,1,"1"
6256.0477591521831,195309,5794,1,"1"
6256.8380667158253,195295,5808,2,"2"
6268.2719268325436,195283,5820,1,"1"
6282.3039931616986,195265,5838,1,"1"
6290.3227478267472,195258,5845,1,"1"
6304.644094690746,195253,5850,1,"1"
6308.5932362596386,195235,5868,2,"2"
6321.6530781817428,195217,5886,1,"1"
6332.1950572613896,195081,6022,13,"5-3-2-2-1"
6333.265489475908,195060,6043,3,"3"
6343.9032203301913,195049,6054,1,"1"
6343.9844337253908,195031,6072,1,"1"
6364.7426594871904,195013,6090,1,"1"
6376.4340736079848,194999,6104,2,"2"
6394.9758476596799,194971,6132,2,"1-1"
6401.745965071872,194913,6190,4,"3-1"
6408.3901659947687,194899,6204,1,"1"
6410.2216334377817,194881,6222,1,"1"
6415.3076571761876,194831,6272,8,"5-3"
6438.1468304708342,194813,6290,1,"1"
6448.0925303583563,194753,6350,4,"2-2"
6472.9435362824679,194739,6364,1,"1"
6474.1010215590286,194721,6382,1,"1"
6476.1546740534786,194703,6400,1,"1"
6480.0905638298173,194685,6418,1,"1"
6492.6195984846718,194667,6436,1,"1"
6495.2175524855893,194649,6454,1,"1"
6509.838535622408,194642,6461,1,"1"
6510.8037651505301,194624,6479,1,"1"
6513.3035804632145,194603,6500,3,"1-1-1"
6521.8174696616425,194594,6509,1,"1"
6524.0763538085275,194576,6527,1,"1"
6542.3843751726918,194564,6539,1,"1"
6577.5255380920444,194559,6544,1,"1"
6587.7697241902333,194523,6580,2,"2"
6601.7683289476008,194505,6598,1,"1"
6612.5617514172081,194487,6616,1,"1"
6615.8988755891751,194469,6634,1,"1"
6625.8677213967603,194438,6665,5,"3-1-1"
6630.685974159489,194420,6683,1,"1"
6653.8894135451874,194413,6690,1,"1"
6659.3855907827901,194396,6707,1,"1"
6662.6394635748429,194378,6725,1,"1"
6672.63959850827,194360,6743,1,"1"
6674.1081348273374,194346,6757,2,"2"
6704.0351937138394,194328,6775,1,"1"
6706.5468591153149,194314,6789,1,"1"
6710.431679243653,194302,6801,1,"1"
6716.9691219592487,194284,6819,1,"1"
6721.5642248294935,194266,6837,1,"1"
6727.2492083775696,194230,6873,2,"1-1"
6731.9637153833728,194212,6891,1,"1"
6733.3190062728736,194176,6927,2,"1-1"
6737.8154216921348,194169,6934,1,"1"
6743.8458929484486,194151,6952,1,"1"
6753.0940735136137,194123,6980,2,"1-1"
6761.7670376859196,194105,6998,1,"1"
6763.1545238594972,194087,7016,1,"1"
6770.1609845448238,194067,7036,2,"2"
6781.3374408163945,194051,7052,1,"1"
6798.9927188705087,194033,7070,1,"1"
6815.9035015537565,194015,7088,1,"1"
6821.7529999491026,193997,7106,1,"1"
6825.1261308811208,193965,7138,4,"2-1-1"
6828.213485066085,193911,7192,3,"3"
6829.8038118421882,193889,7214,2,"2"
6841.0589522748478,193871,7232,1,"1"
6863.8910801263846,193853,7250,1,"1"
6890.0774430218244,193843,7260,1,"1"
6897.0096472467558,193825,7278,1,"1"
6897.5153455096497,193788,7315,3,"3"
6924.6455955193614,193781,7322,1,"1"
6949.8714669215024,193776,7327,1,"1"
6949.9794211996996,193758,7345,1,"1"
6964.9072248279599,193740,7363,1,"1"
6966.7682675741253,193724,7379,1,"1"
6967.7120647659704,193706,7397,1,"1"
6976.8310178224865,193688,7415,1,"1"
6980.7894776510129,193670,7433,1,"1"
6988.3815403829949,193656,7447,2,"2"
6991.7861978732035,193638,7465,1,"1"
6996.1635088137236,193620,7483,1,"1"
7001.6584424282337,193602,7501,1,"1"
7002.8864820778499,193584,7519,1,"1"
7012.2142361805663,193566,7537,1,"1"
7019.4379632052296,193550,7553,2,"2"
7020.6931149057627,193536,7567,1,"1"
7022.5928524490455,193486,7617,5,"5"
7024.942128079766,193468,7635,1,"1"
7031.0226179489528,193434,7669,2,"1-1"
7035.303533130158,193398,7705,2,"2"
7046.6626328808843,193380,7723,1,"1"
7049.801257993342,193362,7741,1,"1"
7062.4386322496748,193308,7795,4,"4"
7071.0765969849726,193298,7805,1,"1"
7071.4803838154594,193262,7841,2,"2"
7074.295171499215,193244,7859,1,"1"
7089.6973927383042,193232,7871,1,"1"
7095.8484015368076,193222,7881,1,"1"
7102.9718481762184,193204,7899,1,"1"
7105.7927431181215,193178,7925,2,"2"
7122.8137684335152,193160,7943,1,"1"
7130.1364737759504,193095,8008,7,"5-1-1"
7132.0424825141527,193066,8037,3,"1-1-1"
7149.3755495662217,193030,8073,2,"1-1"
7150.8622787775366,193012,8091,1,"1"
7155.4884552965968,192958,8145,6,"2-2-1-1"
7188.9792312012651,192940,8163,1,"1"
7216.923589578364,192904,8199,2,"2"
7227.6913296876264,192886,8217,1,"1"
7239.0270592752122,192868,8235,1,"1"
7244.1672907029797,192830,8273,3,"2-1"
7247.3626666430591,192819,8284,1,"1"
7260.6388132448265,192729,8374,5,"3-2"
7268.2486820963295,192701,8402,2,"2"
7277.7706627243715,192683,8420,1,"1"
7286.7355449953075,192665,8438,1,"1"
7296.3926782444596,192647,8456,1,"1"
7300.6514385022347,192637,8466,1,"1"
7301.8346525683737,192619,8484,1,"1"
7306.8923407976599,192614,8489,1,"1"
7313.3584374403727,192596,8507,1,"1"
7324.267847188893,192523,8580,9,"3-3-1-1-1"
7332.0316065714569,192505,8598,1,"1"
7334.706400392578,192487,8616,1,"1"
7344.169485525651,192451,8652,2,"2"
7352.1145855715122,192433,8670,1,"1"
7352.9634822098469,192415,8688,1,"1"
7357.8085735612613,192368,8735,3,"2-1"
7361.3554344817185,192332,8771,2,"2"
7361.6273028895212,192314,8789,1,"1"
7396.6400610841711,192296,8807,1,"1"
7405.2011348955621,192278,8825,1,"1"
7406.9026919573316,192271,8832,1,"1"
7407.5572554787086,192253,8850,1,"1"
7410.0529353693646,192177,8926,10,"7-2-1"
7420.4906700630027,192159,8944,1,"1"
7444.3082875029522,192137,8966,2,"2"
7444.8870165784174,192101,9002,2,"1-1"
7456.4294659287852,192041,9062,5,"2-1-1-1"
7461.728734933954,192023,9080,1,"1"
7472.9364732567337,191851,9252,12,"5-2-2-1-1-1"
7478.4162022369637,191833,9270,1,"1"
7495.9099980808915,191822,9281,1,"1"
7496.5872172202271,191768,9335,4,"3-1"
7501.5127524125301,191750,9353,1,"1"
7507.5560602683345,191427,9676,31,"5-4-4-4-3-2-2-2-2-2-1"
7528.6226928319466,191409,9694,1,"1"
7530.5196738704635,191373,9730,2,"2"
7536.3263240670685,191212,9891,16,"4-2-2-2-1-1-1-1-1-1"
7543.3699161395816,191176,9927,2,"1-1"
7546.2408362342767,191166,9937,1,"1"
7546.7105657021357,191148,9955,1,"1"
7547.71469480624,190971,10132,16,"5-3-2-2-1-1-1-1"
7551.4423770793283,190951,10152,2,"2"
7554.5722800099229,190884,10219,7,"2-2-1-1-1"
7554.9457495150964,190848,10255,2,"2"
7561.2721326018955,190812,10291,2,"2"
7579.4049546394326,190794,10309,1,"1"
7588.4159190725777,190776,10327,1,"1"
7594.9251200714289,190758,10345,1,"1"
7609.2157683895866,190740,10363,1,"1"
7613.540250830426,190722,10381,1,"1"
7616.4114382250546,190704,10399,1,"1"
7617.8035805159925,190682,10421,2,"1-1"
7622.8042969786229,190677,10426,1,"1"
7625.9441880384866,190659,10444,1,"1"
7652.3665284238323,190641,10462,1,"1"
7672.4768061714994,190605,10498,2,"2"
7680.2231337594321,190585,10518,2,"1-1"
7685.5594749349948,190567,10536,1,"1"
7689.4316642311278,190549,10554,1,"1"
7690.4113309212398,190531,10572,1,"1"
7698.433012858598,190513,10590,1,"1"
7703.307631247033,190503,10600,1,"1"
7705.709794721407,190363,10740,11,"4-2-2-1-1-1"
7711.2992232735833,190349,10754,1,"1"
7715.4222068035315,190331,10772,1,"1"
7718.1638445467961,190321,10782,1,"1"
7721.7143327956946,190316,10787,1,"1"
7726.7282207752141,190170,10933,11,"3-2-2-2-1-1"
7753.4932173844409,190116,10987,3,"2-1"
7775.3410077764838,190100,11003,2,"2"
7776.7397863381402,190082,11021,1,"1"
7792.5903153018908,190057,11046,3,"3"
7793.3256568702736,190039,11064,1,"1"
7799.3195272585299,190006,11097,3,"2-1"
7806.9131303169906,189978,11125,2,"1-1"
7811.450403541754,189968,11135,1,"1"
7818.654915193677,189790,11313,13,"3-2-2-2-2-1-1"
7821.1248547786445,189772,11331,1,"1"
7829.4006081326661,189756,11347,1,"1"
7829.6027169922718,189738,11365,1,"1"
7834.6900876740492,189720,11383,1,"1"
7845.8629250743461,189700,11403,2,"2"
7854.2331927404002,189682,11421,1,"1"
7860.3514987577764,189646,11457,2,"2"
7869.0587346046023,189628,11475,1,"1"
7878.5149462096906,189610,11493,1,"1"
7879.7192136468966,189603,11500,1,"1"
7880.8235742668303,189585,11518,1,"1"
7890.2729309211109,189567,11536,1,"1"
7890.2756646222379,189558,11545,1,"1"
7896.6229033151767,189450,11653,8,"3-3-2"
7906.3421776752466,189436,11667,2,"2"
7914.4764617938044,189416,11687,2,"2"
7916.3951421196634,189380,11723,2,"2"
7925.0113947194013,189370,11733,1,"1"
7926.3079367987002,189352,11751,1,"1"
7935.0491897148495,189334,11769,1,"1"
7937.4750109445804,187580,13523,137,"9-8-7-7-6-6-6-5-5-4-4-3-3-3-3-2-2-2-2-2-2-2-2-2-2-2-2-2-2-2-2-2-2-2-1-1-1-1-1-1-1-1-1-1-1-1-1-1-1-1-1-1-1-1"
7942.2272125717973,187544,13559,2,"2"
7970.1861361089359,187526,13577,1,"1"
7970.4735840706635,187514,13589,1,"1"
7981.1512136161309,187496,13607,1,"1"
7992.1333251502529,187478,13625,1,"1"
8004.8522100974269,187368,13735,9,"5-1-1-1-1"
8008.1634526418602,187350,13753,1,"1"
8008.7951656190608,187321,13782,2,"2"
8033.9283685407727,187285,13818,2,"1-1"
8038.0530012615181,187261,13842,2,"1-1"
8042.3934703843852,187225,13878,2,"2"
8052.6136846393538,187215,13888,1,"1"
8054.0842988770864,187197,13906,1,"1"
8063.4819161089445,187185,13918,1,"1"
8086.7752106951802,187167,13936,1,"1"
8097.2563737902237,0,201103,10531,"10531"
----------------------------------------------7
0,201103,0,0,"0"
109.50430575673595,201102,1,1,"1"
377.66903633948516,201101,2,1,"1"
493.79494898889976,201083,20,1,"1"
513.33635886010597,201082,21,1,"1"
520.00734480553888,201072,31,1,"1"
527.16115105000426,201069,34,1,"1"
532.9849037975813,201062,41,1,"1"
535.73505190092362,201061,42,1,"1"
571.09215967462421,201060,43,1,"1"
574.68463071487122,201058,45,2,"2"
583.70523957879016,201055,48,1,"1"
601.60649108308155,201054,49,1,"1"
620.96418359359041,201053,50,1,"1"
627.68720095257004,201050,53,1,"1"
654.83211142935306,201049,54,1,"1"
691.25534146645543,201048,55,1,"1"
758.84768372663393,201047,56,1,"1"
764.6614934003677,201042,61,1,"1"
790.0663901933799,201041,62,1,"1"
791.66046047107022,201038,65,1,"1"
844.45500199387038,201037,66,1,"1"
873.79365440777894,201036,67,1,"1"
1009.9579566535959,201035,68,1,"1"
1025.1204513250088,201034,69,1,"1"
1027.8870803704306,201016,87,1,"1"
1083.0964067736618,201015,88,1,"1"
1092.8591026396052,200997,106,1,"1"
1119.8062630441782,200980,123,1,"1"
1124.2553150631288,200962,141,1,"1"
1128.2309601473098,200944,159,1,"1"
1129.9292185863653,200932,171,1,"1"
1144.3194300512357,200929,174,1,"1"
1163.7568906008544,200927,176,2,"2"
1183.9597149278648,200925,178,2,"2"
1187.7891702154143,200920,183,1,"1"
1253.4030767513379,200919,184,1,"1"
1295.5218957661091,200907,196,4,"1-1-1-1"
1296.1075245247887,200904,199,1,"1"
1299.6387523153751,200886,217,1,"1"
1310.9471977277733,200885,218,1,"1"
1389.8795363148288,200879,224,2,"2"
1427.3783406864716,200878,225,1,"1"
1430.9182735167271,200877,226,1,"1"
1442.3401152071426,200876,227,1,"1"
1485.1687574611944,200875,228,1,"1"
1486.7373237501026,200874,229,1,"1"
1521.2189595260529,200872,231,2,"2"
1560.4140466435654,200869,234,1,"1"
1563.4018454618204,200867,236,2,"2"
1567.5474372611818,200866,237,1,"1"
1579.4978748760625,200848,255,1,"1"
1581.521061388275,200837,266,1,"1"
1594.3704232430675,200836,267,1,"1"
1598.2845387255547,200835,268,1,"1"
1603.8754389923333,200817,286,1,"1"
1604.4719561537968,200814,289,1,"1"
1616.7074185314557,200813,290,1,"1"
1617.7962580724377,200809,294,2,"1-1"
1672.7622396979702,200791,312,1,"1"
1684.1272990184727,200773,330,1,"1"
1694.1831574697683,200755,348,1,"1"
1725.2998128534109,200750,353,1,"1"
1734.8998212621441,200749,354,1,"1"
1740.2690535636229,200731,372,1,"1"
1748.8235742177321,200713,390,1,"1"
1777.0163882601755,200695,408,1,"1"
1819.7613622813042,200677,426,1,"1"
1821.8506363575057,200674,429,3,"3"
1835.2625902370833,200668,435,2,"2"
1884.8419872030911,200667,436,1,"1"
1889.0023772476736,200660,443,1,"1"
1905.392442347998,200656,447,4,"4"
1908.4369731371185,200638,465,1,"1"
1917.6493840874809,200626,477,1,"1"
1926.9151825569409,200608,495,1,"1"
1976.7738920243833,200605,498,1,"1"
1996.2102087152682,200597,506,2,"1-1"
1998.3219444883307,200587,516,1,"1"
2003.29455675094,200586,517,1,"1"
2054.2678071151327,200574,529,1,"1"
2080.3078947813133,200571,532,1,"1"
2166.2438196540752,200558,545,1,"1"
2180.8405631388537,200557,546,1,"1"
2193.2908440837218,200541,562,1,"1"
2201.4651258588033,200523,580,1,"1"
2209.1066482096448,200522,581,1,"1"
2209.2308241135984,200504,599,1,"1"
2226.2022668658874,200501,602,1,"1"
2250.1754620920392,200492,611,1,"1"
2282.2442785362055,200474,629,1,"1"
2285.8490238900786,200456,647,1,"1"
2286.4964908482357,200455,648,1,"1"
2290.4872104944325,200441,662,1,"1"
2300.9251118598995,200426,677,1,"1"
2330.9824589134346,200414,689,1,"1"
2336.7589066878436,200411,692,1,"1"
2354.6078861056894,200393,710,1,"1"
2370.7853507075947,200385,718,2,"1-1"
2393.8132365296506,200382,721,1,"1"
2402.0868797718936,200364,739,1,"1"
2417.3148253526142,200346,757,1,"1"
2418.6631008544273,200328,775,1,"1"
2422.600809710153,200322,781,2,"2"
2422.9322389953941,200304,799,1,"1"
2435.1687186283566,200286,817,1,"1"
2445.739609756984,200283,820,1,"1"
2469.497105274057,200265,838,1,"1"
2477.7371867898219,200247,856,1,"1"
2479.0822969671326,200237,866,1,"1"
2480.4463508225394,200227,876,1,"1"
2480.5623006575402,200209,894,1,"1"
2483.1944782725004,200206,897,1,"1"
2522.0255818592054,200203,900,1,"1"
2528.759293297212,200193,910,2,"2"
2561.5151741446548,200157,946,2,"1-1"
2561.7116095886718,200142,961,1,"1"
2565.9676102447393,200135,968,1,"1"
2606.3005197851994,200117,986,1,"1"
2620.3699264210459,200099,1004,1,"1"
2639.3896826547675,200081,1022,1,"1"
2649.5582469092419,200063,1040,1,"1"
2684.357728061188,200060,1043,1,"1"
2692.1961198134572,200048,1055,1,"1"
2727.7221581521135,200045,1058,1,"1"
2740.6817852942049,200027,1076,1,"1"
2783.4516764475343,200009,1094,1,"1"
2796.0267111148041,200004,1099,1,"1"
2828.3115862520353,199986,1117,1,"1"
2837.8967238768105,199974,1129,1,"1"
2848.7280096427589,199971,1132,1,"1"
2857.933011065938,199968,1135,1,"1"
2865.7512383030162,199963,1140,1,"1"
2926.7673905660131,199945,1158,1,"1"
2930.9595981917446,199927,1176,1,"1"
2931.8818579297094,199909,1194,1,"1"
2953.4549018836037,199901,1202,2,"1-1"
2959.9826841870181,199898,1205,1,"1"
2966.3951283528449,199880,1223,1,"1"
2966.6679690807787,199862,1241,1,"1"
2993.349568309829,199859,1244,1,"1"
2995.5655613992221,199841,1262,1,"1"
3007.174233186749,199835,1268,2,"1-1"
3011.9520980615848,199828,1275,1,"1"
3013.4738978587966,199827,1276,1,"1"
3023.2047072189011,199809,1294,1,"1"
3023.7023232515203,199806,1297,1,"1"
3026.399825367715,199792,1311,1,"1"
3030.0129334975636,199774,1329,1,"1"
3110.159415988096,199754,1349,4,"4"
3112.6133416081407,199742,1361,1,"1"
3117.9011967546717,199724,1379,1,"1"
3132.4439989190764,199706,1397,1,"1"
3139.4396066403774,199688,1415,1,"1"
3152.6149261251662,199670,1433,1,"1"
3167.9945580990311,199660,1443,2,"2"
3180.4208524658634,199642,1461,1,"1"
3181.7144296547167,199624,1479,1,"1"
3197.228435719338,199606,1497,1,"1"
3206.1769606362254,199603,1500,1,"1"
3209.1283578713419,199585,1518,1,"1"
3210.2606376244448,199576,1527,3,"3"
3212.1139225779634,199563,1540,3,"2-1"
3218.5488628938842,199545,1558,1,"1"
3231.5982646349348,199527,1576,1,"1"
3241.8092437213882,199509,1594,1,"1"
3251.2679952734588,199497,1606,1,"1"
3276.8819514365346,199479,1624,1,"1"
3287.0198140640446,199466,1637,3,"1-1-1"
3328.7767786455374,199448,1655,1,"1"
3330.4841111556007,199445,1658,1,"1"
3342.8212748804517,199429,1674,1,"1"
3343.4255497870859,199411,1692,1,"1"
3365.0958199992588,199408,1695,1,"1"
3413.5539021284985,199390,1713,1,"1"
3422.4372969049382,199385,1718,1,"1"
3440.4355771348446,199367,1736,1,"1"
3441.6982910530796,199349,1754,1,"1"
3477.9474973158249,199337,1766,1,"1"
3498.2101994381132,199334,1769,1,"1"
3499.6069667550191,199331,1772,1,"1"
3504.5392489822334,199328,1775,1,"1"
3538.0887299172446,199316,1787,2,"2"
3550.8943967121754,199305,1798,1,"1"
3555.4205585954214,199292,1811,1,"1"
3558.0173165946958,199274,1829,1,"1"
3561.1435571953434,199271,1832,1,"1"
3571.1132265598185,199268,1835,1,"1"
3591.0432450704493,199258,1845,1,"1"
3624.8132999012314,199246,1857,1,"1"
3637.288117928525,199236,1867,1,"1"
3670.6523318624104,199212,1891,2,"2"
3702.7823446732,199194,1909,1,"1"
3702.9613324656998,199176,1927,1,"1"
3703.4882756577103,199170,1933,2,"1-1"
3703.9089517576676,199152,1951,1,"1"
3723.3442503028205,199134,1969,1,"1"
3739.3144559406446,199116,1987,1,"1"
3748.1767098201753,199113,1990,1,"1"
3753.4252584021351,199095,2008,1,"1"
3781.0069429289711,199092,2011,1,"1"
3806.7707788338912,199074,2029,1,"1"
3828.8649021714014,199069,2034,1,"1"
3840.4033621467051,199066,2037,1,"1"
3861.1257639688406,199048,2055,1,"1"
3870.0090223154825,199045,2058,1,"1"
3900.9334030619852,199027,2076,1,"1"
3918.8788951497922,199024,2079,1,"1"
3923.9004725212335,199012,2091,1,"1"
3947.7470925408379,198994,2109,1,"1"
3952.2655402108117,198976,2127,1,"1"
3961.8544454963903,198958,2145,1,"1"
3998.7175263421072,198948,2155,2,"2"
4009.3323734301725,198943,2160,1,"1"
4017.4893382386108,198907,2196,2,"2"
4019.7184049829793,198890,2213,1,"1"
4036.2213891193223,198872,2231,1,"1"
4038.4094518698021,198865,2238,1,"1"
4051.8580319073426,198862,2241,1,"1"
4053.2490270585463,198853,2250,3,"3"
4067.1922209216432,198829,2274,4,"2-1-1"
4094.902334342386,198811,2292,1,"1"
4136.8639534614176,198808,2295,1,"1"
4146.2648751525767,198805,2298,1,"1"
4167.794805203107,198787,2316,1,"1"
4186.9670718128082,198769,2334,1,"1"
4199.367183607882,198751,2352,1,"1"
4204.6693332095765,198744,2359,1,"1"
4205.2560980011312,198726,2377,1,"1"
4218.3348150312431,198708,2395,1,"1"
4219.0698311067481,198701,2402,1,"1"
4219.5866933342422,198683,2420,1,"1"
4220.1213583697809,198665,2438,1,"1"
4221.1647266258242,198658,2445,1,"1"
4222.7903620670313,198640,2463,1,"1"
4226.9546227244691,198622,2481,1,"1"
4227.3213549008642,198611,2492,3,"2-1"
4230.1587765154873,198602,2501,3,"3"
4252.9383250276196,198595,2508,1,"1"
4255.6581831708127,198577,2526,1,"1"
4277.486914405692,198574,2529,1,"1"
4298.0102843644481,198565,2538,1,"1"
4315.7670214159261,198547,2556,1,"1"
4320.4028817795888,198541,2562,2,"2"
4320.4507671823294,198523,2580,1,"1"
4327.3769905378522,198520,2583,1,"1"
4328.1962607376854,198502,2601,1,"1"
4368.6745752397846,198484,2619,1,"1"
4369.280584823643,198466,2637,1,"1"
4370.1100445183056,198448,2655,1,"1"
4372.1225485251643,198438,2665,1,"1"
4373.129346751045,198420,2683,1,"1"
4384.1818198720448,198417,2686,1,"1"
4391.6205552619049,198399,2704,1,"1"
4422.1569027458781,198382,2721,1,"1"
4428.3635589379337,198364,2739,1,"1"
4430.8203940573976,198357,2746,1,"1"
4436.0207778298636,198339,2764,1,"1"
4445.9861449498185,198321,2782,1,"1"
4478.649459415672,198303,2800,1,"1"
4482.8723045959887,198300,2803,1,"1"
4503.7982761274725,198297,2806,1,"1"
4519.846278079538,198279,2824,1,"1"
4524.6919994249911,198267,2836,1,"1"
4541.9620438501679,198260,2843,1,"1"
4554.5023023519734,198242,2861,1,"1"
4555.7036602965236,198239,2864,1,"1"
4566.6015506502081,198232,2871,1,"1"
4609.7246680721137,198225,2878,1,"1"
4620.7131371780524,198215,2888,1,"1"
4647.2277091198994,198212,2891,1,"1"
4656.1499384016306,198194,2909,1,"1"
4658.7482475363313,198176,2927,1,"1"
4685.7482862547404,198165,2938,1,"1"
4714.1460167698706,198140,2963,2,"2"
4727.6359283861602,198114,2989,2,"2"
4729.1439935036833,198096,3007,1,"1"
4734.8482934073254,198078,3025,1,"1"
4739.1142907799549,198060,3043,1,"1"
4760.9731492332885,198039,3064,3,"3"
4761.9514536434417,198021,3082,1,"1"
4765.4917022416603,198003,3100,1,"1"
4791.4603058054117,197993,3110,1,"1"
4798.913895409275,197975,3128,1,"1"
4799.6463736529968,197947,3156,8,"4-3-1"
4809.4800168712645,197929,3174,1,"1"
4811.112188852414,197924,3179,1,"1"
4821.0499317683416,197921,3182,1,"1"
4823.2388569122595,197903,3200,1,"1"
4828.7524701246384,197868,3235,7,"4-2-1"
4834.1980420080899,197850,3253,1,"1"
4844.2113018312239,197832,3271,1,"1"
4844.7346853616546,197819,3284,1,"1"
4857.9507581321541,197801,3302,1,"1"
4868.684236081147,197783,3320,1,"1"
4871.8573581620631,197765,3338,1,"1"
4873.5582843416569,197758,3345,1,"1"
4892.3731953507595,197740,3363,1,"1"
4908.4921221590403,197737,3366,1,"1"
4925.5012783143584,197723,3380,1,"1"
4944.107706318182,197716,3387,1,"1"
4950.2688553695516,197701,3402,1,"1"
4951.813241099474,197683,3420,1,"1"
4961.7269655139025,197680,3423,1,"1"
4964.6315997671245,197665,3438,1,"1"
4972.3301610305725,197649,3454,1,"1"
4996.5807884171427,197638,3465,1,"1"
5002.6694229996083,197620,3483,1,"1"
5002.7737253440346,197617,3486,1,"1"
5025.0020069075645,197602,3501,1,"1"
5034.4423041159735,197584,3519,1,"1"
5037.81082762605,197566,3537,1,"1"
5046.7775820068064,197548,3555,1,"1"
5054.1007627663676,197530,3573,1,"1"
5054.9682041754149,197512,3591,1,"1"
5056.2070661592825,197503,3600,1,"1"
5063.2147271945805,197498,3605,1,"1"
5095.6599220087628,197480,3623,1,"1"
5098.5972948744729,197462,3641,1,"1"
5100.2803675761925,197448,3655,1,"1"
5122.5402363380326,197424,3679,2,"2"
5129.5967592516618,197412,3691,1,"1"
5134.8889056068674,197394,3709,1,"1"
5137.9340197186602,197382,3721,1,"1"
5142.1025218875029,197364,3739,1,"1"
5152.7103611043103,197346,3757,1,"1"
5158.1139822237747,197343,3760,1,"1"
5164.8452763357218,197340,3763,1,"1"
5172.3068146126889,197333,3770,1,"1"
5186.1284521997695,197326,3777,1,"1"
5186.8792768034491,197308,3795,1,"1"
5204.2448096238568,197290,3813,1,"1"
5248.9016047005862,197262,3841,2,"2"
5271.792388568796,197247,3856,3,"3"
5279.9722087300643,197244,3859,1,"1"
5283.1497471532493,197233,3870,1,"1"
5298.7771216131496,197220,3883,3,"1-1-1"
5300.432298590692,197202,3901,1,"1"
5304.5740896435163,197199,3904,1,"1"
5306.8408586665564,197181,3922,1,"1"
5312.7175855887572,197163,3940,1,"1"
5315.4674193099063,197153,3950,1,"1"
5322.8923015797072,197115,3988,3,"2-1"
5322.9171874198491,197097,4006,1,"1"
5346.6214118582084,197065,4038,6,"5-1"
5350.6828577811375,197050,4053,3,"2-1"
5355.1056420754558,197032,4071,1,"1"
5360.8757091614689,197014,4089,1,"1"
5372.6179147783014,197004,4099,1,"1"
5384.8046269258384,196994,4109,2,"1-1"
5386.2545913886606,196894,4209,13,"3-3-2-1-1-1-1-1"
5392.0406383284062,196882,4221,1,"1"
5392.775847421517,196879,4224,1,"1"
5414.016245765516,196830,4273,7,"6-1"
5436.1036138010113,196827,4276,1,"1"
5468.766251563593,196811,4292,1,"1"
5470.6880504555766,196806,4297,1,"1"
5475.6270951268898,196786,4317,4,"2-2"
5506.1573929160095,196772,4331,2,"2"
5514.2103551310483,196736,4367,2,"2"
5562.5613535248922,196718,4385,1,"1"
5562.8488131934582,196704,4399,1,"1"
5575.5291309355944,196686,4417,1,"1"
5593.2783531386758,196668,4435,1,"1"
5606.6389214894079,196654,4449,2,"2"
5616.7135741065649,196651,4452,1,"1"
5616.7634981701867,196633,4470,1,"1"
5626.9016985392509,196615,4488,1,"1"
5627.0424080642542,196600,4503,3,"1-1-1"
5651.6258831406176,196582,4521,1,"1"
5652.0258668128836,196521,4582,6,"5-1"
5654.2624234330124,196514,4589,1,"1"
5654.7465301953935,196496,4607,1,"1"
5666.8898763430498,196471,4632,2,"2"
5671.5121353754494,196453,4650,1,"1"
5677.7409996286315,196448,4655,1,"1"
5677.8249229643579,196416,4687,3,"2-1"
5690.6492813092973,196409,4694,1,"1"
5700.1947350119835,196393,4710,1,"1"
5731.3227377986559,196383,4720,1,"1"
5742.5595877247051,196365,4738,1,"1"
5744.0725703532435,196293,4810,4,"2-1-1"
5745.346596490831,196290,4813,1,"1"
5754.9591678270745,196271,4832,3,"1-1-1"
5776.1876334812123,196253,4850,1,"1"
5778.2732651487177,196235,4868,2,"2"
5786.4130934191526,196217,4886,1,"1"
5804.9556147702888,196198,4905,5,"3-2"
5808.4862382575775,196180,4923,1,"1"
5817.846531734519,196165,4938,1,"1"
5819.5961919083893,196147,4956,1,"1"
5828.8374608504118,196129,4974,1,"1"
5868.7797871112571,196111,4992,1,"1"
5885.6386791974301,196084,5019,5,"3-2"
5889.4609858387603,196066,5037,1,"1"
5892.5352530669661,196048,5055,1,"1"
5911.0540744716245,196007,5096,3,"3"
5916.7452273138033,195989,5114,1,"1"
5942.0977160860211,195969,5134,6,"2-2-1-1"
5948.3272951086037,195951,5152,1,"1"
5958.8871746130153,195933,5170,1,"1"
5963.1592543500856,195915,5188,1,"1"
5967.5154601208551,195860,5243,7,"3-1-1-1-1"
5970.6454334404416,195842,5261,1,"1"
5974.368899521528,195830,5273,1,"1"
5980.9152010408106,195812,5291,1,"1"
6027.7034196192171,195788,5315,2,"2"
6046.4707309986452,195741,5362,4,"3-1"
6054.059894106058,195711,5392,3,"3"
6054.4925181089839,195675,5428,2,"2"
6055.1679163304871,195672,5431,1,"1"
6066.2841046478352,195654,5449,1,"1"
6070.3654262880946,195625,5478,5,"3-1-1"
6074.7025319443064,195601,5502,2,"1-1"
6079.4987002894459,195589,5514,1,"1"
6089.7746384301836,195571,5532,1,"1"
6098.7751978970182,195553,5550,1,"1"
6102.3581766784673,195543,5560,1,"1"
6118.7338674150806,195509,5594,2,"1-1"
6149.9677682178854,195491,5612,1,"1"
6152.5245670179229,195473,5630,1,"1"
6161.8766661098371,195464,5639,1,"1"
6166.8281353588163,195452,5651,1,"1"
6172.3411789173033,195445,5658,1,"1"
6172.4512489740428,195427,5676,1,"1"
6176.0722036142906,195415,5688,1,"1"
6199.0934196762964,195397,5706,1,"1"
6202.7181540817992,195379,5724,1,"1"
6203.4210936879663,195361,5742,1,"1"
6213.7601388032026,195343,5760,1,"1"
6214.1252994395327,195325,5778,1,"1"
6222.6901387160142,195307,5796,1,"1"
6224.8098242566775,195289,5814,1,"1"
6225.5768358292089,195271,5832,1,"1"
6230.4375528105547,195258,5845,1,"1"
6234.5645686360103,195220,5883,3,"2-1"
6241.8642172694017,195202,5901,1,"1"
6246.0079071697919,195173,5930,3,"1-1-1"
6254.7588632518227,195156,5947,1,"1"
6260.8234365702501,195138,5965,1,"1"
6265.7636865826589,195120,5983,1,"1"
6271.642624986117,195102,6001,1,"1"
6287.4297070401326,195084,6019,1,"1"
6300.181760007591,195066,6037,1,"1"
6313.0099039541637,195048,6055,1,"1"
6313.1585036462411,195030,6073,1,"1"
6314.725613392844,195020,6083,1,"1"
6315.7349110995037,195002,6101,1,"1"
6344.5063867340059,194984,6119,1,"1"
6348.8707280365361,194966,6137,1,"1"
6357.0383897031834,194948,6155,1,"1"
6377.8979284193701,194901,6202,3,"3"
6398.0142067475963,194883,6220,1,"1"
6401.6494216243163,194865,6238,1,"1"
6404.2465042481199,194847,6256,1,"1"
6405.8038759271121,194829,6274,1,"1"
6413.9206984013454,194811,6292,1,"1"
6425.6806146241161,194793,6310,1,"1"
6426.3918110940904,194775,6328,1,"1"
6430.7850509905738,194757,6346,1,"1"
6448.1710742495761,194731,6372,4,"2-1-1"
6452.9908608727628,194724,6379,1,"1"
6469.4192249733669,194694,6409,2,"2"
6475.7468501597677,194676,6427,1,"1"
6483.6897496070769,194641,6462,3,"2-1"
6488.4219758355366,194630,6473,1,"1"
6497.8302217019245,194620,6483,1,"1"
6498.0091281140567,194602,6501,1,"1"
6505.7720080077061,194584,6519,1,"1"
6507.3227593413549,194572,6531,1,"1"
6518.6525887623102,194560,6543,1,"1"
6521.7494681297167,194542,6561,1,"1"
6525.5474628612701,194524,6579,1,"1"
6528.269210744681,194508,6595,1,"1"
6530.6248192963267,194490,6613,1,"1"
6534.5745969154914,194485,6618,1,"1"
6537.6437300582484,194467,6636,1,"1"
6540.2480311501058,194401,6702,10,"6-2-2"
6551.9120745507853,194389,6714,1,"1"
6564.6934140607655,194371,6732,1,"1"
6573.9096078742887,194353,6750,1,"1"
6591.0257685822444,194335,6768,1,"1"
6593.8082810541719,194315,6788,2,"2"
6598.0004640227426,194297,6806,1,"1"
6599.1473704895907,194225,6878,4,"2-1-1"
6604.8680972899865,194109,6994,9,"6-1-1-1"
6611.1841430789582,194091,7012,1,"1"
6617.0256580097266,194073,7030,1,"1"
6651.4993699479146,194055,7048,1,"1"
6667.8883605691844,194037,7066,1,"1"
6676.8752412081294,194019,7084,1,"1"
6679.236570825924,193995,7108,2,"2"
6680.8197220657357,193977,7126,1,"1"
6683.2932928833752,193959,7144,1,"1"
6691.5593975419597,193941,7162,1,"1"
6697.9929031197707,193923,7180,1,"1"
6710.2716380731608,193913,7190,1,"1"
6713.7658146610902,193895,7208,1,"1"
6727.1552864000359,193877,7226,1,"1"
6731.3585325489157,193859,7244,1,"1"
6748.5303303081391,193847,7256,2,"2"
6760.0982527978658,193829,7274,1,"1"
6765.1331908276879,193811,7292,1,"1"
6771.8270940059838,193804,7299,1,"1"
6781.1590426277726,193786,7317,1,"1"
6803.7611812169898,193768,7335,1,"1"
6804.3031639492256,193754,7349,2,"2"
6805.377841013913,193728,7375,2,"2"
6816.4763487446808,193687,7416,5,"2-1-1-1"
6821.4106211640628,193651,7452,2,"2"
6823.6466225179438,193644,7459,1,"1"
6831.0201756822034,193630,7473,1,"1"
6837.4547029892638,193618,7485,1,"1"
6845.160370791551,193558,7545,6,"3-2-1"
6847.0362876796926,193522,7581,2,"1-1"
6853.6650032046682,193504,7599,1,"1"
6871.0023578756791,193468,7635,2,"2"
6874.9626946648987,193450,7653,1,"1"
6891.1891605631499,193432,7671,1,"1"
6899.2427004125593,193425,7678,1,"1"
6915.469119484158,193407,7696,1,"1"
6929.2421819547162,193400,7703,1,"1"
6931.92518441027,193382,7721,1,"1"
6934.5812903722226,193346,7757,2,"2"
6947.4668473357542,193322,7781,2,"2"
6959.5546532551325,193315,7788,1,"1"
6960.3103562776778,193297,7806,1,"1"
6966.967954317457,193279,7824,1,"1"
6992.8831082705283,193261,7842,1,"1"
6994.8715580377075,193246,7857,1,"1"
6997.1566700764633,193231,7872,1,"1"
7005.5964177140877,193213,7890,1,"1"
7021.7458143683853,193208,7895,1,"1"
7033.3514974639529,193170,7933,3,"2-1"
7041.3457235787846,193152,7951,1,"1"
7046.0864887758908,193080,8023,4,"2-1-1"
7048.5873682605679,193062,8041,1,"1"
7049.1006019954511,193044,8059,1,"1"
7051.522071024383,193028,8075,2,"1-1"
7052.5725411906815,193010,8093,1,"1"
7056.3933616875647,192968,8135,3,"2-1"
7057.3159001234808,192957,8146,1,"1"
7061.9548857465343,192950,8153,1,"1"
7068.4332715220389,192914,8189,2,"1-1"
7081.4662682191947,192873,8230,5,"3-1-1"
7083.6881886000901,192837,8266,2,"2"
7084.0944633765685,192793,8310,3,"3"
7087.8404176963531,192771,8332,2,"2"
7090.9061792534112,192753,8350,2,"2"
7096.5581016478327,192742,8361,1,"1"
7107.8522742271634,192724,8379,1,"1"
7113.1811016693646,192575,8528,16,"8-4-3-1"
7128.1007199250944,192548,8555,3,"3"
7135.2512907659429,192524,8579,2,"2"
7142.1243624132503,192513,8590,1,"1"
7143.6014132876808,192506,8597,1,"1"
7153.4618067063975,192488,8615,1,"1"
7164.5125166064272,192474,8629,1,"1"
7165.9544796822338,192445,8658,5,"5"
7177.176250161504,192427,8676,1,"1"
7183.1564020426067,192413,8690,2,"2"
7184.0625774877617,192395,8708,1,"1"
7189.0993798596201,192377,8726,1,"1"
7201.7037074309892,192359,8744,1,"1"
7209.0893563563213,192350,8753,1,"1"
7225.2410525638516,192339,8764,1,"1"
7226.5200981389489,192321,8782,1,"1"
7231.5676917113196,192245,8858,5,"4-1"
7234.7900724400652,192199,8904,5,"3-2"
7254.4232044702985,192181,8922,1,"1"
7260.271004075591,192163,8940,1,"1"
7279.8348208939533,192145,8958,1,"1"
7282.1884865841057,192127,8976,1,"1"
7290.2891677815041,192103,9000,2,"2"
7295.5318299087476,192065,9038,3,"2-1"
7298.4429935779999,192047,9056,1,"1"
7298.649204806773,191993,9110,3,"2-1"
7302.3904117548036,191916,9187,9,"4-2-1-1-1"
7307.0268786568049,191898,9205,1,"1"
7322.7681518763457,191885,9218,1,"1"
7323.037244018311,191878,9225,1,"1"
7323.5393509881187,191867,9236,1,"1"
7334.4719031535888,191849,9254,1,"1"
7335.7102970482338,191831,9272,1,"1"
7357.5932706275953,191813,9290,1,"1"
7360.184560828774,191795,9308,1,"1"
7362.7781430085997,191777,9326,1,"1"
7365.4330601012462,191759,9344,1,"1"
7373.191396436845,191744,9359,1,"1"
7389.9519070726965,191643,9460,10,"3-2-1-1-1-1-1"
7407.4188328941582,191628,9475,1,"1"
7443.671723612405,191610,9493,1,"1"
7449.5000549370106,191592,9511,1,"1"
7455.4604875276937,191574,9529,1,"1"
7467.6804365083462,191544,9559,2,"1-1"
7468.6105581477641,191535,9568,1,"1"
7473.0507450895366,191524,9579,1,"1"
7481.9307144314498,191506,9597,1,"1"
7483.4382509196921,191471,9632,3,"3"
7487.7748746006855,191442,9661,3,"2-1"
7496.2321906203479,191424,9679,1,"1"
7504.9921125566225,191390,9713,2,"1-1"
7507.3394019215075,191360,9743,2,"1-1"
7510.2532657435686,190752,10351,60,"7-6-6-5-5-3-3-3-3-3-2-2-1-1-1-1-1-1-1-1-1-1-1-1"
7539.2727587951422,190736,10367,1,"1"
7543.0412437065279,190718,10385,1,"1"
7544.6012482178357,190700,10403,1,"1"
7549.691653010801,190690,10413,1,"1"
7579.8681354502269,190668,10435,2,"1-1"
7581.6554253002641,190650,10453,1,"1"
7584.9803553063175,190632,10471,1,"1"
7586.0847779733731,190596,10507,2,"2"
7593.4167178094631,190584,10519,1,"1"
7594.6095401703114,190568,10535,1,"1"
7597.3319451330617,190506,10597,5,"3-2"
7599.5339695681923,190426,10677,8,"5-1-1-1"
7600.2056363636821,190408,10695,1,"1"
7625.3685978141857,190390,10713,1,"1"
7635.3276571634951,190372,10731,1,"1"
7639.6414067211053,190354,10749,1,"1"
7650.0920183368225,190336,10767,1,"1"
7667.8140908543519,190318,10785,1,"1"
7674.2993078069348,190264,10839,5,"2-1-1-1"
7679.1244916736277,190202,10901,4,"2-1-1"
7679.7435108834252,190168,10935,3,"3"
7689.9108498799806,190161,10942,1,"1"
7690.5627793935682,190143,10960,1,"1"
7704.4472995163123,190125,10978,1,"1"
7724.3665528035444,190107,10996,1,"1"
7725.1247630015596,190089,11014,1,"1"
7725.5794138907158,190071,11032,1,"1"
7730.0691333379891,190053,11050,1,"1"
7739.650251343116,190017,11086,2,"2"
7746.6360668948055,189999,11104,1,"1"
7751.0749004031431,189981,11122,1,"1"
7753.8005425682795,189945,11158,2,"1-1"
7753.9065478193679,189886,11217,5,"3-1-1"
7755.4827328964193,189861,11242,2,"1-1"
7769.7881469465265,189843,11260,1,"1"
7776.2531166709978,189836,11267,1,"1"
7795.6493800020535,189818,11285,1,"1"
7796.4642326961202,189800,11303,1,"1"
7798.7757614752963,189726,11377,5,"3-1-1"
7799.9380488603611,189671,11432,5,"2-1-1-1"
7801.9441726769828,189653,11450,1,"1"
7802.1682410786307,189635,11468,1,"1"
7808.4178284363034,189603,11500,4,"2-1-1"
7809.3932955630298,189585,11518,1,"1"
7819.0360946165074,189567,11536,1,"1"
7819.44725037844,189487,11616,6,"2-2-1-1"
7822.7130134224371,189469,11634,1,"1"
7823.8623828171767,189451,11652,1,"1"
7824.2884315441852,189435,11668,1,"1"
7828.855917003124,189417,11686,1,"1"
7832.4073087959196,189399,11704,1,"1"
7834.5273460419539,189348,11755,3,"2-1"
7842.419363033323,189297,11806,3,"2-1"
7844.8035950135536,189275,11828,2,"2"
7850.7332437187879,189257,11846,1,"1"
7866.595855641559,189239,11864,1,"1"
7871.9953610938164,189221,11882,1,"1"
7882.2057626821679,189209,11894,1,"1"
7894.456529008311,189198,11905,1,"1"
7906.7993215786719,189186,11917,1,"1"
7914.2640100799908,189179,11924,1,"1"
7915.6255992971101,189167,11936,1,"1"
7918.9838440836947,189149,11954,1,"1"
7920.9908277513387,189009,12094,10,"4-2-1-1-1-1"
7921.2424774244291,188718,12385,27,"5-5-3-3-2-2-2-1-1-1-1-1"
7926.002374531231,188700,12403,1,"1"
7932.6632619991342,188682,12421,1,"1"
7954.2274211032127,188518,12585,12,"3-2-2-1-1-1-1-1"
7979.2446654198011,188500,12603,1,"1"
7979.6408397661053,188482,12621,1,"1"
7993.4191721285251,188464,12639,1,"1"
8000.1589607084125,188446,12657,1,"1"
8000.4427962529189,188410,12693,2,"2"
8004.0846431066684,188392,12711,1,"1"
8006.900827456092,188374,12729,1,"1"
8008.4532373289321,188302,12801,4,"3-1"
8015.081894187887,188284,12819,1,"1"
8037.5463036668089,188266,12837,1,"1"
8042.6512309157506,188234,12869,2,"2"
8044.0922739536963,188216,12887,1,"1"
8046.1761596482156,188162,12941,3,"3"
8052.4369938327509,188043,13060,9,"3-3-2-1"
8076.0124827844566,188007,13096,2,"1-1"
8108.9220733319962,187989,13114,1,"1"
8111.7919246430447,187971,13132,1,"1"
8124.901382445194,187953,13150,1,"1"
8132.7601037148797,187935,13168,1,"1"
8142.0520530309377,187899,13204,2,"1-1"
8143.3213375094647,187881,13222,1,"1"
8149.859421795697,187865,13238,1,"1"
8155.2258383482122,187729,13374,12,"4-2-2-1-1-1-1"
8155.6599019030027,187668,13435,5,"3-1-1"
8162.2346728104894,187614,13489,3,"2-1"
8164.8307696738921,187596,13507,1,"1"
8174.771028045091,187582,13521,1,"1"
8177.1089932909736,187500,13603,6,"3-2-1"
8203.9268476342695,187482,13621,1,"1"
8206.1283072890255,187464,13639,1,"1"
8217.7700053687931,187402,13701,4,"2-1-1"
8219.7604856169382,187384,13719,1,"1"
8220.7221832224677,187366,13737,1,"1"
8221.8931944134365,187348,13755,1,"1"
8224.2859824661646,187330,13773,1,"1"
8227.6876713221372,187300,13803,2,"2"
8239.5243765796276,187282,13821,1,"1"
8248.4887327004471,187264,13839,1,"1"
8253.293547596506,187248,13855,1,"1"
8255.4856804356368,187212,13891,2,"1-1"
8274.7887478813136,187194,13909,1,"1"
8276.3195041402942,187176,13927,1,"1"
8276.7814746210242,187158,13945,1,"1"
8279.5927209541387,187144,13959,1,"1"
8281.22703583574,187126,13977,1,"1"
8301.3137106550039,187098,14005,2,"2"
8307.2399728137189,187080,14023,1,"1"
8313.7534083072733,187044,14059,2,"2"
8319.3524816489153,187026,14077,1,"1"
8319.9859270693778,186675,14428,26,"8-3-2-2-2-2-1-1-1-1-1-1-1"
8331.0535264250957,186639,14464,2,"2"
8331.2084882554973,186627,14476,1,"1"
8346.6751272979163,186609,14494,1,"1"
8347.2765408645246,186591,14512,1,"1"
8347.9699203941218,186573,14530,1,"1"
8354.98071028917,186560,14543,1,"1"
8389.6145929487157,186542,14561,1,"1"
8391.3612071189764,186230,14873,23,"6-4-3-2-2-2-2-1-1"
8399.6348469526001,186202,14901,2,"2"
8400.8382814023807,186184,14919,1,"1"
8401.1984084806736,186173,14930,1,"1"
8427.7727201450562,186155,14948,1,"1"
8430.7244372882978,186137,14966,2,"2"
8439.3047362493089,185987,15116,11,"3-2-2-2-1-1"
8440.5629173651851,185947,15156,3,"1-1-1"
8444.1896240988463,185929,15174,1,"1"
8446.0544713245345,185911,15192,1,"1"
8448.2662005657312,185893,15210,1,"1"
8453.377682492599,185875,15228,1,"1"
8457.8717278473159,185866,15237,1,"1"
8460.7392998312316,185670,15433,14,"6-3-2-2-1"
8462.3482792751274,185616,15487,3,"2-1"
8476.2798789157059,185212,15891,31,"6-4-4-2-2-2-1-1-1-1-1-1-1-1-1-1-1"
8494.7923447539943,185194,15909,1,"1"
8497.0699604313868,185176,15927,1,"1"
8498.9539870400058,185158,15945,1,"1"
8516.5340536125677,0,201103,10395,"10395"
----------------------------------------------8
0,201103,0,0,"0"
189.50545672104252,201100,3,1,"1"
499.53692675912032,201082,21,1,"1"
594.70223347732292,201081,22,1,"1"
636.99636524933362,201080,23,1,"1"
653.51296577030701,201062,41,1,"1"
682.3266838360563,201055,48,1,"1"
695.29013327010978,201054,49,1,"1"
710.00471855867045,201051,52,1,"1"
755.83332681427896,201048,55,1,"1"
773.96989757991014,201047,56,1,"1"
778.60041271814828,201046,57,1,"1"
810.61157727225623,201028,75,1,"1"
812.69392077942916,201027,76,1,"1"
858.69606260986313,201009,94,1,"1"
863.85176328988803,201008,95,1,"1"
885.64168779540705,201007,96,1,"1"
923.49143276203756,201006,97,1,"1"
942.88414920121693,201005,98,1,"1"
950.49403010931428,200987,116,1,"1"
992.11533389520787,200978,125,1,"1"
1019.363488097717,200977,126,1,"1"
1038.1497041720927,200959,144,1,"1"
1085.3779561084345,200941,162,1,"1"
1118.1671231607888,200940,163,1,"1"
1121.6464930432517,200939,164,1,"1"
1145.6473935386771,200938,165,1,"1"
1150.1637740196652,200937,166,1,"1"
1162.2390342991455,200925,178,1,"1"
1163.3669564444951,200915,188,1,"1"
1202.4939785341599,200913,190,2,"2"
1222.2504094401338,200895,208,1,"1"
1251.2500405584285,200892,211,3,"2-1"
1254.2653616216371,200891,212,1,"1"
1289.36416327712,200884,219,1,"1"
1291.1532603747619,200882,221,2,"2"
1318.3154165353467,200879,224,1,"1"
1318.6785157929728,200861,242,1,"1"
1328.862029711071,200843,260,1,"1"
1333.3369719006735,200842,261,1,"1"
1351.6019577183147,200841,262,1,"1"
1356.9104040243394,200840,263,1,"1"
1365.5691342189075,200838,265,2,"2"
1387.0399534060543,200835,268,1,"1"
1394.2440915237025,200833,270,2,"2"
1407.9465408304059,200815,288,1,"1"
1435.1942218594988,200812,291,1,"1"
1435.5611751953249,200807,296,1,"1"
1438.7845281728557,200804,299,1,"1"
1453.0931140970824,200803,300,1,"1"
1459.5423458069261,200801,302,2,"1-1"
1470.1178170737514,200796,307,1,"1"
1490.7814820732692,200795,308,1,"1"
1508.6994744788601,200794,309,1,"1"
1547.8884412342543,200792,311,2,"2"
1568.721720595061,200781,322,1,"1"
1574.3571608795951,200780,323,1,"1"
1597.8916055862614,200775,328,1,"1"
1612.2101625074185,200774,329,1,"1"
1634.2717037710343,200772,331,2,"2"
1656.348244913476,200769,334,3,"2-1"
1687.2194952131929,200768,335,1,"1"
1712.9099156335926,200750,353,1,"1"
1728.740810116622,200732,371,1,"1"
1744.5727236442563,200731,372,1,"1"
1752.6421092871497,200726,377,1,"1"
1788.3332343805612,200708,395,1,"1"
1800.6220169913051,200690,413,1,"1"
1820.6751403741034,200672,431,1,"1"
1830.9712452565052,200654,449,1,"1"
1882.0235438688715,200648,455,2,"2"
1886.1906621080477,200632,471,2,"1-1"
1906.8415273619926,200631,472,1,"1"
1922.595621934689,200621,482,1,"1"
1955.6384447230512,200603,500,1,"1"
1967.6001350792239,200585,518,1,"1"
1986.4222653133759,200567,536,1,"1"
2009.925540100643,200562,541,1,"1"
2027.0701882047736,200544,559,1,"1"
2042.8129477617447,200541,562,1,"1"
2073.7627794566411,200540,563,1,"1"
2079.0939101881568,200539,564,1,"1"
2085.5772298886586,200521,582,1,"1"
2143.1216420096362,200518,585,1,"1"
2166.1163789055568,200500,603,1,"1"
2167.5435808113762,200493,610,1,"1"
2187.549558968843,200488,615,1,"1"
2203.9448053247165,200476,627,1,"1"
2211.4972151406555,200460,643,1,"1"
2255.7325422051513,200457,646,1,"1"
2264.9274692836561,200456,647,1,"1"
2271.4528450013127,200453,650,1,"1"
2291.057196310288,200435,668,1,"1"
2295.1650758634819,200434,669,1,"1"
2297.7307817919104,200429,674,1,"1"
2318.7766767826934,200426,677,1,"1"
2349.6313656823772,200425,678,1,"1"
2367.2012168372512,200407,696,1,"1"
2374.0369341645028,200389,714,1,"1"
2388.71631921464,200388,715,1,"1"
2397.793029918987,200381,722,1,"1"
2405.5711203097999,200363,740,1,"1"
2412.6373809348956,200345,758,1,"1"
2426.0252296553463,200342,761,1,"1"
2430.0306894692203,200324,779,1,"1"
2458.5952754552982,200306,797,1,"1"
2463.1267475418267,200303,800,1,"1"
2484.6125715599305,200292,811,1,"1"
2485.8619735391399,200272,831,4,"3-1"
2521.2532714138483,200263,840,3,"1-1-1"
2547.5108009197547,200260,843,1,"1"
2547.8271914374486,200257,846,1,"1"
2551.6786856938274,200239,864,1,"1"
2567.6717900441231,200234,869,1,"1"
2581.1103715939553,200229,874,3,"2-1"
2589.2879143056784,200226,877,1,"1"
2614.1209479235872,200223,880,1,"1"
2640.7166219402638,200220,883,1,"1"
2640.9470239280595,200217,886,1,"1"
2655.8206562607306,200203,900,1,"1"
2690.0933861981116,200200,903,1,"1"
2692.6628967271872,200197,906,1,"1"
2727.2896726605522,200179,924,1,"1"
2738.3017143082202,200176,927,1,"1"
2741.2475329932513,200158,945,1,"1"
2742.2074275656037,200140,963,1,"1"
2827.4845531662513,200131,972,3,"3"
2918.1506163901863,200113,990,1,"1"
2943.7783882065169,200095,1008,1,"1"
2951.4122291264571,200077,1026,1,"1"
3037.7648021088658,200059,1044,1,"1"
3054.9102192114551,200041,1062,1,"1"
3071.9915757610866,200023,1080,1,"1"
3083.7487531636866,200006,1097,1,"1"
3089.4912123935228,199994,1109,1,"1"
3114.7528688656239,199982,1121,1,"1"
3116.5763958095645,199964,1139,1,"1"
3146.4320168769473,199949,1154,1,"1"
3155.1119191429857,199946,1157,1,"1"
3173.7383434941339,199939,1164,1,"1"
3183.2083463456847,199932,1171,1,"1"
3207.3484145199059,199896,1207,2,"2"
3207.7541780306883,199878,1225,1,"1"
3214.0614913364634,199873,1230,1,"1"
3237.1853887732805,199870,1233,1,"1"
3256.0816491763217,199867,1236,1,"1"
3257.3177585073859,199861,1242,2,"2"
3265.2847963969753,199843,1260,1,"1"
3273.7103861647229,199840,1263,1,"1"
3300.8891182532388,199824,1279,1,"1"
3328.6672991975047,199806,1297,1,"1"
3346.0944756959357,199801,1302,1,"1"
3347.4432542514764,199783,1320,1,"1"
3374.1542880556085,199765,1338,1,"1"
3392.7244651497322,199755,1348,2,"2"
3400.1233823536331,199737,1366,1,"1"
3460.2990210479443,199715,1388,2,"2"
3477.2420114127322,199712,1391,1,"1"
3478.6453472508792,199694,1409,1,"1"
3485.9768635222454,199676,1427,1,"1"
3492.7095606849944,199671,1432,1,"1"
3502.9877313177822,199668,1435,1,"1"
3505.0133576191743,199663,1440,1,"1"
3508.2248414055452,199651,1452,1,"1"
3515.9364443213453,199633,1470,1,"1"
3520.9408835802506,199621,1482,1,"1"
3524.4625943919586,199608,1495,3,"2-1"
3551.810631451468,199590,1513,1,"1"
3568.4634943776518,199572,1531,1,"1"
3630.1344984232401,199565,1538,1,"1"
3644.6966123954089,199562,1541,1,"1"
3650.9962492812565,199544,1559,1,"1"
3653.4414557980126,199526,1577,1,"1"
3665.9659881843095,199514,1589,2,"1-1"
3703.1692686845422,199511,1592,1,"1"
3706.0835149492214,199498,1605,1,"1"
3714.7880399594665,199495,1608,1,"1"
3745.978178097102,199477,1626,1,"1"
3763.7149872806117,199459,1644,1,"1"
3768.8807747346968,199449,1654,1,"1"
3786.9592675337562,199431,1672,1,"1"
3803.7911192915258,199428,1675,1,"1"
3821.123075591719,199410,1693,1,"1"
3841.1064728326887,199392,1711,1,"1"
3842.8583492588432,199389,1714,1,"1"
3858.8819011809132,199371,1732,1,"1"
3882.2443453923479,199353,1750,1,"1"
3887.1063651669715,199335,1768,1,"1"
3889.8884117394509,199317,1786,1,"1"
3902.1039529156683,199314,1789,1,"1"
3917.4487186775345,199308,1795,2,"2"
3947.7503884028069,199305,1798,1,"1"
3957.7497217820751,199300,1803,1,"1"
4028.2496752879715,199282,1821,1,"1"
4059.2878029596036,199276,1827,2,"2"
4073.0940307201636,199269,1834,1,"1"
4076.0229363934141,199251,1852,1,"1"
4099.4496183388674,199245,1858,2,"2"
4104.5087473758267,199227,1876,1,"1"
4109.1264038672107,199209,1894,1,"1"
4128.9974026579421,199191,1912,1,"1"
4141.1990286044229,199179,1924,2,"2"
4144.8607333668051,199161,1942,1,"1"
4147.908010847239,199158,1945,1,"1"
4149.1821625839684,199140,1963,1,"1"
4156.7827142477499,199122,1981,1,"1"
4175.1325691274478,199104,1999,1,"1"
4183.6166601534242,199101,2002,1,"1"
4211.2236287540782,199089,2014,1,"1"
4214.7855351180024,199083,2020,2,"2"
4225.5503445864415,199076,2027,1,"1"
4230.3646862477954,199073,2030,1,"1"
4241.8474091948083,199055,2048,1,"1"
4243.1164133514703,199052,2051,1,"1"
4243.5365067700595,199016,2087,2,"2"
4250.3091175548416,198980,2123,2,"2"
4273.5985413369535,198962,2141,1,"1"
4283.5322750370142,198944,2159,1,"1"
4297.462053620412,198934,2169,1,"1"
4297.7095417244745,198882,2221,6,"5-1"
4304.0804343275413,198877,2226,1,"1"
4314.0288286706873,198859,2244,1,"1"
4314.4821907698733,198853,2250,2,"2"
4324.4779543834875,198835,2268,1,"1"
4330.7892902356707,198817,2286,1,"1"
4340.7333326274775,198807,2296,1,"1"
4343.8516008837769,198789,2314,1,"1"
4354.520604799598,198774,2329,1,"1"
4361.8958751566233,198745,2358,7,"2-2-2-1"
4368.0961433012271,198727,2376,1,"1"
4371.8496570728194,198709,2394,1,"1"
4373.8198115422265,198699,2404,2,"1-1"
4374.5363977729876,198673,2430,2,"2"
4385.0087288856457,198655,2448,1,"1"
4445.725041316171,198637,2466,1,"1"
4453.8915240497818,198619,2484,1,"1"
4457.8898415325266,198612,2491,1,"1"
4479.6595884471999,198594,2509,1,"1"
4497.2334687126104,198587,2516,1,"1"
4498.0493873159458,198584,2519,1,"1"
4522.3850005018239,198566,2537,1,"1"
4536.6840281236809,198557,2546,3,"2-1"
4537.3207982556969,198539,2564,1,"1"
4541.6696591434802,198525,2578,1,"1"
4556.4738101168241,198522,2581,1,"1"
4591.5426637919518,198506,2597,1,"1"
4600.0896745814816,198488,2615,1,"1"
4610.2630408590767,198453,2650,9,"6-1-1-1"
4612.8089553417994,198434,2669,5,"2-2-1"
4618.2505333284935,198418,2685,1,"1"
4631.5334555601912,198400,2703,1,"1"
4638.3825422116006,198382,2721,1,"1"
4646.9304366835358,198364,2739,1,"1"
4654.515501593577,198346,2757,1,"1"
4692.5789690214297,198328,2775,1,"1"
4694.1629845402031,198325,2778,1,"1"
4697.9402132039486,198320,2783,1,"1"
4705.2194059154208,198314,2789,2,"2"
4706.7330708529762,198302,2801,1,"1"
4708.5855716056185,198274,2829,2,"2"
4720.74608405052,198256,2847,2,"2"
4721.7305021855791,198238,2865,1,"1"
4762.4172449660045,198220,2883,1,"1"
4763.0258856540204,198202,2901,1,"1"
4765.6686249830209,198184,2919,1,"1"
4793.3617900293111,198166,2937,1,"1"
4803.9060498896115,198148,2955,1,"1"
4807.1874189928994,198130,2973,1,"1"
4842.2403640018865,198112,2991,1,"1"
4846.3059418025996,198098,3005,1,"1"
4858.2432736625506,198068,3035,2,"2"
4860.6897467562958,198059,3044,3,"2-1"
4872.4832312571461,198047,3056,1,"1"
4885.1691678874431,198029,3074,1,"1"
4898.3489384436371,198018,3085,1,"1"
4903.0792093618829,198007,3096,3,"2-1"
4903.4128476018304,197989,3114,1,"1"
4913.2368157051242,197977,3126,1,"1"
4931.36113567953,197970,3133,1,"1"
4932.0876774549624,197885,3218,15,"6-4-2-1-1-1"
4933.9501134057582,197882,3221,1,"1"
4947.1661224938307,197864,3239,1,"1"
4953.4647415341115,197853,3250,1,"1"
4976.011682994872,197846,3257,1,"1"
4988.153735634859,197834,3269,2,"1-1"
4989.1709019036643,197827,3276,1,"1"
5000.4507025224229,197809,3294,1,"1"
5001.2542697249182,197779,3324,2,"2"
5024.0550178841886,197761,3342,1,"1"
5031.1489457916941,197743,3360,1,"1"
5049.7168693677222,197697,3406,6,"3-2-1"
5074.6282907051318,197679,3424,1,"1"
5075.7638173825735,197655,3448,2,"1-1"
5078.7236624850266,197637,3466,1,"1"
5081.781548631242,197619,3484,1,"1"
5094.9868159082207,197601,3502,1,"1"
5102.796323108545,197598,3505,1,"1"
5120.2584572212718,197588,3515,1,"1"
5129.2728197875831,197570,3533,1,"1"
5140.4191455210903,197552,3551,1,"1"
5174.1333820664886,197534,3569,1,"1"
5187.490308983769,197516,3587,1,"1"
5195.8186112722015,197506,3597,2,"1-1"
5199.5778115043986,197488,3615,1,"1"
5205.3178407363939,197452,3651,2,"2"
5218.2419084276771,197434,3669,1,"1"
5231.7820132890347,197416,3687,1,"1"
5249.2047756966167,197398,3705,1,"1"
5260.1080810267558,197383,3720,1,"1"
5267.8785721822524,197369,3734,2,"2"
5273.7168333267864,197366,3737,1,"1"
5278.534960313701,197348,3755,1,"1"
5285.8036219355772,197330,3773,1,"1"
5286.5570931710663,197312,3791,1,"1"
5296.9641164156628,197300,3803,1,"1"
5298.6307106077975,197286,3817,1,"1"
5318.2321972923546,197254,3849,4,"2-1-1"
5332.1271008699978,197247,3856,1,"1"
5339.2367002416495,197233,3870,2,"2"
5357.1962312265578,197215,3888,1,"1"
5378.7604897166766,197202,3901,1,"1"
5382.3434800389387,197163,3940,4,"3-1"
5395.9106176691848,197147,3956,1,"1"
5396.421312759092,197142,3961,1,"1"
5431.3756308691309,197105,3998,7,"2-2-2-1"
5437.1481925829385,197087,4016,1,"1"
5437.916123983,197069,4034,1,"1"
5445.1126561477995,197051,4052,1,"1"
5446.5343728492253,197033,4070,1,"1"
5456.9396665292716,197018,4085,1,"1"
5473.247087382857,197008,4095,1,"1"
5475.3395019241434,196982,4121,2,"2"
5494.7927301228538,196975,4128,1,"1"
5496.9442612598496,196947,4156,4,"3-1"
5505.1802117738061,196929,4174,1,"1"
5511.0616550944542,196926,4177,1,"1"
5514.57565039973,196890,4213,2,"2"
5534.7178062889079,196883,4220,1,"1"
5551.5459105789796,196859,4244,2,"2"
5553.8642574338555,196839,4264,4,"2-2"
5556.6870241006072,196827,4276,1,"1"
5559.896989613806,196809,4294,1,"1"
5560.0325485596486,196797,4306,2,"1-1"
5570.0571497191813,196794,4309,1,"1"
5571.3259716307757,196776,4327,1,"1"
5571.880351989631,196766,4337,2,"1-1"
5582.0385976850966,196713,4390,6,"6"
5595.1504293250246,196695,4408,1,"1"
5604.3891634837764,196677,4426,1,"1"
5609.3489782108536,196659,4444,1,"1"
5619.7455045445713,196641,4462,1,"1"
5623.4781331917848,196629,4474,1,"1"
5626.0115322132851,196619,4484,1,"1"
5635.3421437191173,196612,4491,1,"1"
5639.4182708687986,196600,4503,1,"1"
5650.779641480879,196582,4521,1,"1"
5665.8802843962367,196564,4539,1,"1"
5669.1885804833273,196546,4557,1,"1"
5675.4738569523633,196528,4575,1,"1"
5721.2653938242929,196513,4590,1,"1"
5744.4688759674618,196477,4626,2,"1-1"
5752.9278466391816,196441,4662,2,"1-1"
5764.5526915730679,196434,4669,1,"1"
5787.4399341575918,196416,4687,1,"1"
5787.5113926536496,196388,4715,2,"2"
5792.6291618727337,196370,4733,1,"1"
5801.0887726999445,196352,4751,1,"1"
5802.365139556583,196327,4776,3,"3"
5814.3042712002562,196292,4811,5,"3-2"
5814.9801190213184,196274,4829,1,"1"
5816.9121214607176,196244,4859,2,"1-1"
5819.1954129633796,196226,4877,1,"1"
5820.6022998276649,196208,4895,1,"1"
5829.4702043746702,196172,4931,2,"2"
5842.2622218558499,196154,4949,1,"1"
5845.0527437674245,196130,4973,2,"2"
5847.4977144650366,196112,4991,1,"1"
5863.0409508218836,196062,5041,4,"2-1-1"
5916.6094040509079,196054,5049,2,"1-1"
5959.2624262610407,196049,5054,1,"1"
5959.7072354555703,196011,5092,3,"2-1"
5975.232909728622,195993,5110,1,"1"
5975.2901414481776,195962,5141,5,"2-2-1"
5977.1785898301587,195944,5159,1,"1"
5985.4430608751045,195926,5177,1,"1"
5992.013905666292,195923,5180,1,"1"
5994.759442775362,195905,5198,1,"1"
5997.2899692744486,195847,5256,8,"3-2-2-1"
6004.345241646618,195829,5274,1,"1"
6016.190922620729,195811,5292,1,"1"
6024.3637811793133,195775,5328,3,"1-1-1"
6024.4619195674859,195763,5340,1,"1"
6034.7536710829045,195745,5358,1,"1"
6052.626896442539,195735,5368,2,"2"
6055.4498731403874,195717,5386,1,"1"
6056.7033684235475,195705,5398,1,"1"
6072.6069654167459,195693,5410,1,"1"
6072.7373818767419,195675,5428,1,"1"
6074.2573801274284,195657,5446,1,"1"
6081.4767463117532,195639,5464,1,"1"
6085.7182063516111,195589,5514,3,"2-1"
6087.0155992447626,195553,5550,2,"1-1"
6139.6232896992069,195535,5568,1,"1"
6140.803233052412,195528,5575,1,"1"
6141.5863139588182,195521,5582,1,"1"
6143.2526484586369,195514,5589,1,"1"
6164.5283979953674,195505,5598,1,"1"
6165.6011586681816,195487,5616,1,"1"
6168.7117314744746,195469,5634,1,"1"
6171.0906229840848,195447,5656,2,"2"
6174.4608398741448,195429,5674,1,"1"
6180.7232984780439,195411,5692,1,"1"
6185.9822781861603,195393,5710,1,"1"
6189.4062172976055,195375,5728,1,"1"
6190.1556081035433,195357,5746,1,"1"
6194.0345746129733,195339,5764,2,"2"
6207.4996816124658,195325,5778,2,"2"
6209.4340835492458,195307,5796,1,"1"
6224.3455067115847,195271,5832,2,"1-1"
6232.2665634094901,195266,5837,1,"1"
6232.5816077837271,195246,5857,2,"2"
6233.9035895560328,195237,5866,1,"1"
6234.7144471225674,195201,5902,2,"1-1"
6240.0368375063445,195183,5920,1,"1"
6253.7413278350978,195176,5927,1,"1"
6259.2279843700344,195171,5932,1,"1"
6267.923624161398,195100,6003,7,"5-1-1"
6280.4385480813553,195082,6021,1,"1"
6280.9139891697496,195064,6039,1,"1"
6289.9626705915416,195046,6057,1,"1"
6348.3289099839758,195010,6093,2,"2"
6405.4504355387016,194992,6111,1,"1"
6414.4314351936337,194974,6129,1,"1"
6416.0940376242161,194958,6145,1,"1"
6420.3607544128536,194940,6163,1,"1"
6424.5841270362716,194915,6188,3,"3"
6429.5240212887893,194897,6206,1,"1"
6458.1574487717635,194870,6233,3,"3"
6464.7773128539784,194852,6251,1,"1"
6474.1168753872598,194840,6263,1,"1"
6476.5391179028584,194813,6290,2,"2"
6477.7426480163749,194795,6308,1,"1"
6484.1892879350671,194777,6326,1,"1"
6489.8949567868285,194759,6344,1,"1"
6493.8357570828857,194741,6362,1,"1"
6496.6107981971145,194723,6380,1,"1"
6498.543541812438,194705,6398,1,"1"
6507.1450044088224,194687,6416,1,"1"
6524.9589123507194,194672,6431,1,"1"
6528.5091058155522,194654,6449,1,"1"
6548.8068077863072,194611,6492,7,"3-1-1-1-1"
6550.3515456032928,194562,6541,5,"3-1-1"
6561.1572806223703,194544,6559,1,"1"
6568.4512778177632,194526,6577,1,"1"
6587.4969407232275,194508,6595,1,"1"
6598.439027304752,194490,6613,1,"1"
6608.021877585029,194483,6620,1,"1"
6612.3898874674824,194476,6627,1,"1"
6614.2075926641965,194464,6639,1,"1"
6614.3550826457631,194454,6649,1,"1"
6624.3473010152848,194447,6656,1,"1"
6624.8768215288464,194437,6666,1,"1"
6643.1539321920973,194419,6684,1,"1"
6672.8186754945464,194401,6702,1,"1"
6673.8293174337205,194347,6756,5,"2-2-1"
6673.9181809256515,194311,6792,2,"1-1"
6687.9565434787619,194293,6810,1,"1"
6696.63503052333,194275,6828,1,"1"
6696.9621596733286,194257,6846,1,"1"
6698.7310827402043,194239,6864,1,"1"
6711.7141589140283,194225,6878,1,"1"
6712.8591058672491,194207,6896,1,"1"
6722.8583264040099,194195,6908,1,"1"
6752.8081547026077,194179,6924,2,"1-1"
6756.4880719353232,194161,6942,1,"1"
6758.1022178705316,194143,6960,1,"1"
6766.5274857276854,194125,6978,1,"1"
6771.6014686199742,194120,6983,1,"1"
6779.6028777103238,194102,7001,1,"1"
6789.171766044301,194084,7019,1,"1"
6795.2770692133909,194026,7077,8,"2-2-2-1-1"
6795.4456430356731,194008,7095,1,"1"
6838.5586742289288,194001,7102,1,"1"
6845.8305728794958,193983,7120,1,"1"
6847.7746324952823,193965,7138,1,"1"
6853.6426369740202,193735,7368,14,"13-1"
6859.9602840861235,193717,7386,1,"1"
6883.1685377100757,193699,7404,1,"1"
6885.1027743160512,193677,7426,2,"1-1"
6888.5063829547889,193569,7534,9,"3-1-1-1-1-1-1"
6889.2575729998416,193551,7552,1,"1"
6898.8361650377119,193533,7570,2,"1-1"
6901.9650911703084,193526,7577,1,"1"
6909.8478652009817,193479,7624,4,"2-1-1"
6926.4795815380503,193461,7642,1,"1"
6929.4929058952257,193443,7660,1,"1"
6930.6615429761341,193425,7678,1,"1"
6933.8933824496762,193407,7696,1,"1"
6934.3714619365728,193388,7715,3,"2-1"
6936.4397640115758,193370,7733,1,"1"
6940.5273281783311,193342,7761,2,"2"
6956.0166884350328,193324,7779,1,"1"
6958.0032134842786,193306,7797,1,"1"
6961.1428392809512,193288,7815,1,"1"
6963.5801364350809,193270,7833,1,"1"
6967.8636533141207,193252,7851,1,"1"
6968.7623717958586,193218,7885,3,"2-1"
6974.7542319350323,193182,7921,2,"2"
6989.4380581286741,193170,7933,1,"1"
6996.7374884990732,193082,8021,6,"2-2-1-1"
7002.9111294112527,193064,8039,1,"1"
7014.8290008268932,193046,8057,1,"1"
7050.7254450830005,193028,8075,1,"1"
7071.0303012187142,193014,8089,1,"1"
7086.8053003125133,192996,8107,1,"1"
7104.2973159004887,192961,8142,2,"2"
7115.1133042542006,192949,8154,1,"1"
7118.4325501953545,192931,8172,1,"1"
7146.8329706473432,192913,8190,1,"1"
7164.5549235691897,192895,8208,1,"1"
7171.0267984881302,192880,8223,1,"1"
7176.8065640712848,192856,8247,2,"2"
7178.0920992825831,192816,8287,3,"1-1-1"
7185.5348273205909,192798,8305,1,"1"
7201.2450124972029,192752,8351,6,"2-2-2"
7206.5788510817138,192734,8369,1,"1"
7213.1811064491194,192716,8387,1,"1"
7218.4197931918052,192704,8399,1,"1"
7228.5926544204131,192699,8404,1,"1"
7241.4336229860828,192681,8422,1,"1"
7260.2432747260054,192663,8440,1,"1"
7265.093857665609,192645,8458,1,"1"
7267.4380545829054,192609,8494,4,"4"
7269.367862634148,192550,8553,4,"4"
7282.7449828209865,192534,8569,1,"1"
7295.995879757189,192516,8587,1,"1"
7319.8736984720672,192501,8602,1,"1"
7322.4368937834834,192483,8620,1,"1"
7327.4291514851857,192465,8638,1,"1"
7332.5683369464732,192455,8648,1,"1"
7334.6493168734523,192437,8666,1,"1"
7338.2947720664652,192419,8684,1,"1"
7341.8012027464729,192401,8702,1,"1"
7353.1139651299818,192383,8720,1,"1"
7353.7585034454951,192365,8738,1,"1"
7363.5581587773095,192334,8769,3,"2-1"
7366.2305269391709,192316,8787,1,"1"
7369.4457379393361,192298,8805,1,"1"
7377.3665676358769,192277,8826,3,"2-1"
7381.5150775079237,192259,8844,1,"1"
7417.9138808500657,192223,8880,2,"1-1"
7431.4788274832335,192205,8898,1,"1"
7442.2864545376515,192178,8925,2,"2"
7449.1698438566946,192152,8951,4,"3-1"
7449.2818525716948,192134,8969,1,"1"
7458.7051153257908,192116,8987,1,"1"
7459.8886087348083,192098,9005,1,"1"
7463.6164903512708,192028,9075,6,"3-3"
7469.6779526352029,192019,9084,1,"1"
7470.7719686954815,191991,9112,2,"2"
7471.2685964656484,191967,9136,2,"1-1"
7472.6914256491282,191942,9161,3,"2-1"
7475.6734985305275,191924,9179,1,"1"
7486.1959639216311,191897,9206,3,"2-1"
7488.9280215650633,191875,9228,2,"2"
7489.3079332044299,191821,9282,3,"2-1"
7507.6085932941824,191803,9300,1,"1"
7513.8359817162018,191791,9312,1,"1"
7535.0725476008702,191773,9330,2,"1-1"
7535.3082365221844,191755,9348,1,"1"
7540.8456317316395,191743,9360,1,"1"
7541.5518660174112,191725,9378,1,"1"
7541.9603906430348,191706,9397,3,"3"
7546.8547772265183,191688,9415,1,"1"
7551.2374352017541,191670,9433,1,"1"
7551.6774250701274,191642,9461,2,"1-1"
7565.6179482723364,191624,9479,1,"1"
7565.9378038411505,191606,9497,1,"1"
7581.371582932652,191588,9515,1,"1"
7592.1548238442028,191570,9533,1,"1"
7601.1779351278528,191565,9538,1,"1"
7604.7457441877004,191553,9550,1,"1"
7609.2805775071629,191519,9584,2,"1-1"
7611.8306261186272,191501,9602,1,"1"
7615.8490210232058,191477,9626,2,"2"
7619.7465443376896,191459,9644,1,"1"
7625.7846928229483,191441,9662,1,"1"
7627.0154693166214,191401,9702,4,"2-2"
7638.6827748269261,191383,9720,1,"1"
7638.7714434410555,191371,9732,1,"1"
7644.9548078445441,191339,9764,2,"2"
7648.6968546873068,191303,9800,2,"1-1"
7656.2550081146737,191267,9836,2,"1-1"
7669.8161724466254,191249,9854,1,"1"
7671.8120776757105,191231,9872,1,"1"
7676.9689246202606,191030,10073,21,"4-4-2-2-2-2-2-1-1-1"
7687.0375325410705,191012,10091,1,"1"
7693.9273101285498,190994,10109,1,"1"
7695.1712823254957,190962,10141,4,"2-1-1"
7712.1300925047262,190940,10163,2,"1-1"
7718.2105792303446,190922,10181,1,"1"
7721.282051309513,190904,10199,1,"1"
7721.7244343983575,190886,10217,1,"1"
7734.6255859566918,190844,10259,3,"3"
7735.0353542003668,190834,10269,1,"1"
7770.0874191942166,190816,10287,1,"1"
7772.4129220522445,190792,10311,2,"2"
7786.373040909506,190783,10320,1,"1"
7788.0105198066167,190765,10338,1,"1"
7789.7828263136871,190729,10374,2,"1-1"
7795.5704575700511,190695,10408,2,"2"
7795.7508116061281,190660,10443,5,"2-2-1"
7808.4113842037113,190628,10475,4,"2-1-1"
7812.3057078338288,190578,10525,4,"4"
7824.2868720391834,190488,10615,5,"4-1"
7826.0962006858072,190470,10633,1,"1"
7826.7453165086972,190452,10651,1,"1"
7827.2734330789408,190416,10687,4,"3-1"
7835.483467711485,190283,10820,11,"2-2-2-1-1-1-1-1"
7836.0608049975745,190272,10831,1,"1"
7841.2480694291089,190218,10885,3,"2-1"
7843.4406279091845,190200,10903,2,"1-1"
7848.2463352241875,190184,10919,1,"1"
7849.2718842000695,190151,10952,3,"2-1"
7852.1261152541929,190138,10965,1,"1"
7852.8597230996284,190120,10983,1,"1"
7860.0524565285114,190102,11001,1,"1"
7861.6969966617589,189945,11158,16,"4-3-3-2-1-1-1-1"
7874.8943129821373,189909,11194,2,"2"
7880.1672052342083,189223,11880,59,"8-6-5-5-4-2-2-2-2-2-2-2-1-1-1-1-1-1-1-1-1-1-1-1-1-1-1-1-1"
7880.4471483292064,189205,11898,1,"1"
7881.6699547960197,189189,11914,1,"1"
7881.9033198335692,189171,11932,1,"1"
7882.4604226550437,189160,11943,1,"1"
7886.3517754231452,189146,11957,2,"2"
7911.2643288850495,189128,11975,1,"1"
7911.5881107536716,189110,11993,1,"1"
7922.6122994043681,189092,12011,1,"1"
7931.81910776726,189074,12029,1,"1"
7950.669500024077,189056,12047,1,"1"
7955.7779181650167,189038,12065,1,"1"
7965.5756090156838,189020,12083,1,"1"
7976.4598910063214,189002,12101,1,"1"
7989.1934928157443,188984,12119,1,"1"
7989.3893175313051,0,201103,10666,"10666"
----------------------------------------------9
0,201103,0,0,"0"
165.0802930782333,201102,1,1,"1"
166.23414322114297,201101,2,1,"1"
178.09414848921494,201100,3,1,"1"
313.76052443980473,201099,4,1,"1"
460.94760909423013,201087,16,1,"1"
461.29850598467448,201086,17,1,"1"
484.05902000143072,201085,18,1,"1"
581.48157381561202,201067,36,1,"1"
612.13136387170402,201057,46,1,"1"
637.44881128638576,201056,47,1,"1"
652.45316223846328,201044,59,1,"1"
673.48541114780971,201043,60,1,"1"
737.03655639671194,201025,78,1,"1"
738.15487900740732,201023,80,2,"2"
747.6149026573903,201022,81,1,"1"
748.3290539056477,201021,82,1,"1"
749.58390718608916,201016,87,1,"1"
831.12227164380977,201014,89,2,"2"
835.4645441457036,201013,90,1,"1"
876.61387527882994,201012,91,1,"1"
926.14333574956538,201011,92,1,"1"
969.92434938676115,201002,101,1,"1"
1006.4838765125011,200984,119,1,"1"
1081.1525275739732,200983,120,1,"1"
1086.9296554864281,200980,123,1,"1"
1127.9959978951545,200977,126,1,"1"
1176.6483457848487,200976,127,1,"1"
1204.1806339006368,200966,137,1,"1"
1270.5374043999709,200948,155,1,"1"
1311.9394995192113,200945,158,1,"1"
1317.0648414694165,200927,176,1,"1"
1328.2363618717795,200926,177,1,"1"
1337.4705222466916,200925,178,1,"1"
1351.2030821401147,200924,179,1,"1"
1383.3872265581069,200921,182,1,"1"
1445.4691150413846,200914,189,1,"1"
1449.0273015005978,200913,190,1,"1"
1451.8513503795073,200912,191,1,"1"
1457.464175041961,200910,193,2,"2"
1462.7039942573938,200905,198,5,"4-1"
1510.0263333407249,200904,199,1,"1"
1517.2690371836529,200886,217,1,"1"
1531.9145804176867,200874,229,1,"1"
1544.4478283176479,200872,231,2,"2"
1546.1509183631458,200867,236,1,"1"
1568.6449901522101,200866,237,1,"1"
1578.2385984926668,200863,240,1,"1"
1582.7784363235839,200858,245,1,"1"
1600.2958150500313,200857,246,1,"1"
1603.0013007664515,200855,248,2,"2"
1605.5058599502433,200854,249,1,"1"
1639.8989953730888,200836,267,1,"1"
1657.5672874106353,200835,268,1,"1"
1664.4977880281083,200834,269,1,"1"
1674.4201302215833,200831,272,1,"1"
1676.619965032557,200830,273,1,"1"
1687.1480860501883,200829,274,1,"1"
1710.5519630701733,200808,295,2,"1-1"
1729.622243428613,200802,301,2,"1-1"
1775.1698717162083,200801,302,1,"1"
1778.6725351541627,200783,320,1,"1"
1786.6087528742451,200780,323,1,"1"
1788.7386937665356,200777,326,1,"1"
1800.9965471394987,200765,338,1,"1"
1816.009321597485,200758,345,1,"1"
1819.185801050264,200740,363,1,"1"
1826.9162161096476,200738,365,2,"2"
1836.4666063857692,200720,383,1,"1"
1851.7416872367542,200717,386,1,"1"
1852.1273706759257,200714,389,1,"1"
1855.7733093635409,200696,407,1,"1"
1865.5452354162251,200685,418,1,"1"
1897.2490220831144,200667,436,1,"1"
1912.8244690820902,200666,437,1,"1"
1943.0356047125963,200630,473,2,"2"
1945.9699493676569,200612,491,1,"1"
1951.0113540136499,200594,509,1,"1"
1961.6869967895075,200576,527,1,"1"
1972.7144091316584,200564,539,1,"1"
1986.2795680624006,200547,556,1,"1"
1987.5956980785827,200546,557,1,"1"
1994.3099540351452,200528,575,1,"1"
2023.4005232238969,200510,593,1,"1"
2039.3241592405086,200492,611,1,"1"
2048.3405776922568,200482,621,1,"1"
2104.8193379515233,200472,631,1,"1"
2105.1670534990512,200460,643,1,"1"
2113.5430043414867,200442,661,1,"1"
2138.6255571974598,200424,679,1,"1"
2157.800622584271,200423,680,1,"1"
2185.6943142023047,200417,686,2,"2"
2187.6969209586309,200416,687,1,"1"
2206.0456959229468,200413,690,1,"1"
2222.3224813564248,200410,693,1,"1"
2266.3443134921017,200407,696,1,"1"
2275.0220551536208,200397,706,1,"1"
2277.6673290565814,200390,713,1,"1"
2279.5224180451055,200372,731,1,"1"
2303.8289731292393,200354,749,1,"1"
2310.918529135477,200351,752,1,"1"
2333.1235686404452,200333,770,1,"1"
2343.4985697413772,200306,797,5,"4-1"
2369.4974956668757,200288,815,1,"1"
2376.0548217618334,200270,833,1,"1"
2402.8217151535318,200267,836,1,"1"
2420.6775856256263,200264,839,1,"1"
2433.3774866925328,200263,840,1,"1"
2454.9799188426819,200251,852,1,"1"
2486.3054657545676,200245,858,2,"1-1"
2496.7488797316641,200227,876,1,"1"
2503.0642677910155,200217,886,1,"1"
2512.4404434589928,200202,901,3,"2-1"
2545.0699357497965,200184,919,1,"1"
2563.1727192183807,200181,922,1,"1"
2564.2984768269662,200163,940,1,"1"
2566.5038174135316,200160,943,1,"1"
2569.9593605306513,200157,946,1,"1"
2574.4102637522606,200154,949,1,"1"
2597.4763546534605,200148,955,2,"2"
2619.306775678976,200141,962,1,"1"
2619.7113386816732,200123,980,1,"1"
2654.4163060160276,200117,986,2,"2"
2671.681941037386,200099,1004,4,"2-1-1"
2672.4275784098359,200096,1007,1,"1"
2677.9666758770459,200078,1025,1,"1"
2685.6338571059364,200075,1028,1,"1"
2691.0445821528742,200073,1030,2,"2"
2714.7325769656745,200037,1066,2,"1-1"
2719.8626199291016,200034,1069,1,"1"
2734.9150192091406,200016,1087,1,"1"
2778.3673148453581,199998,1105,1,"1"
2794.6258554590045,199995,1108,1,"1"
2815.3775978351537,199990,1113,1,"1"
2819.4864736092673,199978,1125,1,"1"
2829.0010237615238,199960,1143,1,"1"
2830.4865010275043,199957,1146,1,"1"
2853.8703576271905,199939,1164,1,"1"
2858.3704213671481,199921,1182,1,"1"
2860.8965078379301,199920,1183,1,"1"
2865.6263090033508,199915,1188,1,"1"
2877.165100801571,199879,1224,2,"2"
2889.0082167780815,199861,1242,1,"1"
2892.8160774793855,199843,1260,1,"1"
2914.4209147010765,199826,1277,5,"2-1-1-1"
2922.1654189958517,199823,1280,1,"1"
2925.5338065089209,199805,1298,1,"1"
2934.868975288251,199787,1316,1,"1"
2964.1631567033191,199769,1334,1,"1"
2972.061600393622,199758,1345,1,"1"
2987.7413484628987,199751,1352,1,"1"
2994.820319379603,199748,1355,1,"1"
3003.245083915856,199730,1373,1,"1"
3004.7545072279258,199712,1391,1,"1"
3118.4961736296395,199694,1409,1,"1"
3120.0212072190861,199676,1427,1,"1"
3141.8777661507988,199658,1445,1,"1"
3167.9495970707039,199640,1463,1,"1"
3179.320720191135,199633,1470,1,"1"
3203.8708457949192,199615,1488,1,"1"
3207.8404491280203,199612,1491,1,"1"
3228.6960969505735,199588,1515,2,"2"
3236.3539522520018,199570,1533,1,"1"
3258.8941982797246,199556,1547,1,"1"
3280.358034666694,199538,1565,1,"1"
3325.6592302797681,199520,1583,1,"1"
3331.0409143804832,199502,1601,1,"1"
3334.772500284414,199499,1604,1,"1"
3365.0294199414411,199481,1622,1,"1"
3417.858051667929,199478,1625,1,"1"
3420.4875692709488,199471,1632,1,"1"
3422.5438890615046,199453,1650,1,"1"
3446.4440634409225,199425,1678,2,"2"
3472.5480982994281,199406,1697,3,"3"
3474.7581281912508,199392,1711,1,"1"
3493.9588429468517,199374,1729,1,"1"
3494.9339061817682,199371,1732,1,"1"
3503.6577709647404,199353,1750,1,"1"
3504.8970851208801,199343,1760,1,"1"
3506.0065375268746,199325,1778,1,"1"
3521.8386737250539,199315,1788,2,"2"
3555.0432584152541,199297,1806,1,"1"
3565.1831448324397,199280,1823,3,"3"
3587.2225742470378,199262,1841,1,"1"
3596.567072174541,199250,1853,1,"1"
3599.4742530303861,199234,1869,4,"4"
3621.8867676595587,199216,1887,1,"1"
3627.5450801310676,199198,1905,1,"1"
3640.2780801916665,199180,1923,1,"1"
3649.975821439617,199156,1947,2,"2"
3663.8062491493747,199143,1960,1,"1"
3690.6845876530838,199125,1978,1,"1"
3692.2611349120507,199107,1996,1,"1"
3705.4944798202814,199073,2030,2,"2"
3712.1978257071905,199055,2048,1,"1"
3713.1048248239754,199037,2066,1,"1"
3745.1550393567086,199019,2084,1,"1"
3745.5646645598881,199001,2102,1,"1"
3756.435148873717,198986,2117,1,"1"
3758.2578925744174,198979,2124,1,"1"
3759.5232578130672,198976,2127,1,"1"
3795.6300335877618,198958,2145,1,"1"
3797.2747393894633,198940,2163,1,"1"
3822.5542189489215,198934,2169,2,"2"
3823.3200545588179,198916,2187,1,"1"
3825.065896339177,198898,2205,1,"1"
3832.2337674860605,198895,2208,1,"1"
3834.5884888502273,198892,2211,1,"1"
3861.6978720233833,198874,2229,1,"1"
3878.5154471700084,198857,2246,1,"1"
3880.636777767425,198846,2257,1,"1"
3900.5898407395493,198828,2275,1,"1"
3938.1029746435934,198810,2293,1,"1"
3966.1486247968301,198792,2311,1,"1"
3972.88609393349,198789,2314,1,"1"
3984.6623297387241,198771,2332,1,"1"
4001.4831709159198,198768,2335,1,"1"
4005.664230281152,198750,2353,1,"1"
4020.2820013463097,198747,2356,1,"1"
4022.257247421951,198729,2374,1,"1"
4032.4761809961396,198723,2380,2,"2"
4039.3752810309161,198717,2386,2,"2"
4059.0326302676385,198701,2402,4,"2-1-1"
4064.2410355942534,198685,2418,4,"4"
4070.9619266509717,198667,2436,1,"1"
4083.733003820174,198657,2446,1,"1"
4085.7212849817506,198639,2464,1,"1"
4088.2639039774158,198621,2482,1,"1"
4107.6090840644556,198603,2500,1,"1"
4109.7396283170528,198600,2503,1,"1"
4121.377102173743,198582,2521,1,"1"
4121.4102734772123,198576,2527,2,"2"
4124.4568146338424,198552,2551,2,"1-1"
4131.7802427171437,198545,2558,1,"1"
4150.5507955834655,198534,2569,1,"1"
4160.4952197431949,198516,2587,4,"2-1-1"
4177.7285591212849,198498,2605,1,"1"
4191.9642741667385,198480,2623,1,"1"
4206.4877745429558,198459,2644,5,"3-1-1"
4209.5999326590672,198447,2656,1,"1"
4211.6505224152825,198429,2674,1,"1"
4231.1339597138958,198413,2690,1,"1"
4253.1626557395266,198367,2736,6,"2-2-2"
4256.4391911452176,198355,2748,4,"4"
4279.5946486716566,198337,2766,1,"1"
4286.6026016275246,198319,2784,1,"1"
4291.5674487545639,198316,2787,1,"1"
4306.0436258437257,198298,2805,1,"1"
4324.2211915848266,198280,2823,1,"1"
4326.4894415635554,198262,2841,1,"1"
4345.5406385175729,198244,2859,1,"1"
4346.0951487285756,198226,2877,1,"1"
4366.033637663978,198208,2895,1,"1"
4367.2938439966047,198190,2913,2,"2"
4373.4121748165016,198187,2916,1,"1"
4375.266235579672,198169,2934,1,"1"
4398.182146488035,198151,2952,1,"1"
4400.0670857269588,198144,2959,1,"1"
4405.0206092851531,198139,2964,1,"1"
4409.1560708846628,198136,2967,1,"1"
4418.857314556355,198131,2972,1,"1"
4429.8452931806887,198113,2990,1,"1"
4450.6555693090222,198101,3002,2,"1-1"
4458.9478296263887,198083,3020,1,"1"
4460.2597868457651,198065,3038,1,"1"
4466.9795243743019,198047,3056,1,"1"
4493.143208458042,198029,3074,1,"1"
4506.6281157803578,198015,3088,1,"1"
4521.6994867824205,198012,3091,1,"1"
4527.1803353009373,198009,3094,1,"1"
4537.2462689807908,197973,3130,2,"1-1"
4546.3876145723643,197955,3148,1,"1"
4556.5630490671356,197950,3153,1,"1"
4566.1091438733347,197932,3171,1,"1"
4585.9458622528191,197920,3183,1,"1"
4631.6009015695372,197910,3193,2,"2"
4644.492736587591,197874,3229,2,"1-1"
4652.3974747879147,197864,3239,1,"1"
4667.2927524417883,197846,3257,1,"1"
4688.0513365647876,197836,3267,1,"1"
4697.9850428151258,197807,3296,3,"3"
4706.2921469639159,197798,3305,1,"1"
4733.0193308012567,197780,3323,1,"1"
4735.8994514254982,197762,3341,1,"1"
4747.0497045633792,197759,3344,1,"1"
4753.6219619247086,197752,3351,1,"1"
4766.4543877783835,197749,3354,1,"1"
4772.336079411617,197731,3372,1,"1"
4774.3528440997388,197713,3390,1,"1"
4777.1127225118034,197698,3405,1,"1"
4803.3010419575303,197688,3415,1,"1"
4807.0974769923569,197670,3433,1,"1"
4810.1136571879379,197652,3451,1,"1"
4811.3856170020226,197634,3469,1,"1"
4847.1780283511325,197616,3487,1,"1"
4853.4824030061318,197602,3501,2,"2"
4856.3530237035147,197584,3519,1,"1"
4857.8762383594694,197566,3537,1,"1"
4882.0631768384674,197548,3555,1,"1"
4887.9378293906229,197543,3560,1,"1"
4923.2806960975113,197525,3578,1,"1"
4927.2995081817226,197507,3596,1,"1"
4927.61765770906,197489,3614,1,"1"
4942.8782814240622,197471,3632,1,"1"
4954.2860839392279,197453,3650,1,"1"
4954.7855874928537,197439,3664,2,"2"
4978.9968542345268,197421,3682,1,"1"
4985.0023940482897,197403,3700,1,"1"
4985.9809219259005,197385,3718,1,"1"
4998.6399792470438,197367,3736,1,"1"
5014.6084036929715,197352,3751,1,"1"
5032.9899892754738,197349,3754,1,"1"
5066.5942791877169,197343,3760,2,"2"
5073.1016131597025,197325,3778,1,"1"
5091.3334612100452,197320,3783,1,"1"
5115.0853748590689,197307,3796,1,"1"
5136.4524032915861,197289,3814,1,"1"
5146.3409247292066,197271,3832,2,"2"
5150.8049231621981,197253,3850,1,"1"
5158.8530001719218,197243,3860,2,"2"
5169.13578782694,197228,3875,3,"3"
5186.3137407663326,197221,3882,1,"1"
5186.6212340337279,197203,3900,1,"1"
5197.412982159266,197175,3928,2,"2"
5199.2958144048316,197165,3938,1,"1"
5208.8869448409287,197153,3950,1,"1"
5209.1582500813693,197135,3968,1,"1"
5217.9632237263249,197121,3982,2,"2"
5220.7374779127686,197073,4030,8,"3-2-2-1"
5224.2581950295662,197055,4048,1,"1"
5256.0294836062913,197037,4066,1,"1"
5282.2840938711015,197019,4084,1,"1"
5283.2292747212377,197016,4087,1,"1"
5285.2569571047406,197006,4097,1,"1"
5292.6011061121117,197001,4102,1,"1"
5293.5835484368008,196994,4109,1,"1"
5310.5146310306354,196976,4127,1,"1"
5313.6525140767953,196958,4145,1,"1"
5327.4901023915845,196922,4181,2,"1-1"
5333.0141476440822,196897,4206,5,"3-1-1"
5334.731259015959,196875,4228,2,"2"
5350.7180256592401,196868,4235,1,"1"
5350.8074324651298,196832,4271,2,"1-1"
5384.7199794845092,196811,4292,3,"3"
5395.6416261204968,196793,4310,1,"1"
5445.3553192834506,196787,4316,2,"1-1"
5457.5954881984271,196769,4334,1,"1"
5481.7483340964527,196751,4352,1,"1"
5484.8829883214621,196733,4370,1,"1"
5486.6163231597584,196726,4377,1,"1"
5492.014151798965,196708,4395,1,"1"
5492.8097258615599,196690,4413,1,"1"
5530.3711244829738,196672,4431,1,"1"
5530.6207693923379,196654,4449,1,"1"
5534.514474671545,196636,4467,1,"1"
5544.9358383959789,196618,4485,1,"1"
5545.128082240717,196601,4502,3,"2-1"
5564.8585665903365,196598,4505,1,"1"
5565.9383203852831,196580,4523,2,"2"
5569.8922995583562,196544,4559,2,"2"
5577.3123096158533,196531,4572,1,"1"
5588.4734301769131,196513,4590,1,"1"
5595.7036685564644,196459,4644,3,"3"
5598.1864448652641,196453,4650,2,"2"
5598.822637884663,196417,4686,2,"2"
5609.6563770907478,196393,4710,2,"2"
5615.9348710699132,196390,4713,1,"1"
5641.4488321432027,196372,4731,1,"1"
5655.8827264273759,196358,4745,2,"2"
5659.1943688707679,196322,4781,2,"1-1"
5668.8836614996162,196313,4790,3,"3"
5672.1594617733363,196237,4866,12,"3-2-2-2-1-1-1"
5678.8514096376157,196219,4884,1,"1"
5688.0780604447473,196201,4902,1,"1"
5688.9216242612538,196183,4920,1,"1"
5695.3500669626183,196171,4932,2,"1-1"
5700.614236750549,196153,4950,1,"1"
5702.0733762974996,196146,4957,1,"1"
5704.365851733497,196126,4977,2,"2"
5707.3106800394698,196108,4995,1,"1"
5709.3960074365896,196086,5017,2,"1-1"
5722.6154106872091,196068,5035,1,"1"
5726.2176515186575,196047,5056,3,"1-1-1"
5740.3103119493708,196029,5074,1,"1"
5745.2151600113411,196018,5085,1,"1"
5760.1925088222661,196000,5103,1,"1"
5765.1494193067556,195982,5121,1,"1"
5777.1798549040695,195964,5139,1,"1"
5777.3939405757292,195946,5157,1,"1"
5781.6412720610597,195928,5175,1,"1"
5785.1707996561709,195910,5193,1,"1"
5815.844305467519,195892,5211,1,"1"
5817.0707908810973,195885,5218,1,"1"
5822.7775508558261,195873,5230,1,"1"
5822.9183697386525,195861,5242,1,"1"
5836.4505068487224,195825,5278,2,"1-1"
5845.3425244759055,195807,5296,1,"1"
5880.4036760904801,195800,5303,1,"1"
5887.6323598230629,195782,5321,1,"1"
5901.3615861838935,195764,5339,1,"1"
5907.0234989154515,195743,5360,3,"2-1"
5919.3341865371685,195726,5377,1,"1"
5938.2329780139198,195716,5387,1,"1"
5949.6241656665989,195694,5409,2,"2"
5951.4877099785481,195658,5445,2,"1-1"
5957.9455817069083,195640,5463,1,"1"
5969.6617755410643,195624,5479,2,"1-1"
5975.5718360521369,195606,5497,1,"1"
5983.0504528712972,195588,5515,1,"1"
6001.6023664638496,195570,5533,1,"1"
6001.7474160917,195552,5551,1,"1"
6002.1898073937791,195534,5569,1,"1"
6012.7531298600579,195516,5587,1,"1"
6027.3644495717563,195488,5615,2,"1-1"
6029.9656151529434,195470,5633,1,"1"
6034.0389285836354,195452,5651,1,"1"
6035.179217631925,195442,5661,1,"1"
6047.8557857541327,195416,5687,2,"2"
6055.4447115938792,195398,5705,1,"1"
6097.7324832199483,195344,5759,4,"2-1-1"
6103.899285449007,195334,5769,2,"2"
6111.4051714553807,195316,5787,1,"1"
6121.2383404181746,195298,5805,1,"1"
6137.4332958582281,195262,5841,2,"2"
6144.5599882391934,195259,5844,1,"1"
6155.2847155599729,195241,5862,1,"1"
6180.2476825026733,195223,5880,1,"1"
6214.5142459484496,195199,5904,2,"2"
6237.9589082738103,195181,5922,1,"1"
6246.1804321461268,195167,5936,1,"1"
6247.1574917184944,195149,5954,1,"1"
6260.3098127013382,195137,5966,1,"1"
6261.9131523931919,195117,5986,2,"2"
6266.8697570601325,195106,5997,1,"1"
6297.1260535677166,195095,6008,1,"1"
6307.3931017375189,195045,6058,5,"2-2-1"
6331.2951680581527,195027,6076,1,"1"
6336.2627948160371,195009,6094,1,"1"
6352.2271215345054,194993,6110,1,"1"
6375.2564061783769,194979,6124,2,"2"
6384.8196299417214,194972,6131,1,"1"
6394.7965577725699,194948,6155,2,"2"
6408.8036172737447,194930,6173,1,"1"
6420.7084967483788,194912,6191,1,"1"
6425.4591587433069,194876,6227,2,"2"
6440.9940025181313,194858,6245,1,"1"
6441.1941719389488,194725,6378,14,"7-2-1-1-1-1-1"
6463.4387398399585,194707,6396,1,"1"
6463.8341009618616,194694,6409,3,"2-1"
6467.1616011314873,194661,6442,2,"2"
6469.0109587847855,194643,6460,1,"1"
6472.09426426552,194618,6485,3,"2-1"
6475.4387248119265,194600,6503,1,"1"
6482.3198711220502,194582,6521,1,"1"
6491.784029285157,194561,6542,3,"2-1"
6497.2822579494732,194543,6560,1,"1"
6503.8927844915834,194536,6567,1,"1"
6514.2309170058988,194518,6585,1,"1"
6518.5805783743835,194511,6592,1,"1"
6538.0492712600408,194493,6610,1,"1"
6540.3595721241427,194478,6625,1,"1"
6549.6503015196959,194460,6643,1,"1"
6564.3762487811318,194442,6661,1,"1"
6570.4970188134921,194424,6679,1,"1"
6574.6826094099779,194406,6697,1,"1"
6576.7569910343318,194388,6715,1,"1"
6578.3381241409434,194370,6733,1,"1"
6582.5701496650054,194352,6751,1,"1"
6588.1461994419142,194337,6766,1,"1"
6597.5843660369546,194327,6776,2,"2"
6607.7056652338042,194312,6791,1,"1"
6632.2420485852817,194305,6798,1,"1"
6633.1848425988364,194287,6816,1,"1"
6634.349645737313,194276,6827,1,"1"
6653.7419376405805,194255,6848,3,"2-1"
6655.398617891814,194237,6866,1,"1"
6656.7674205867888,194230,6873,1,"1"
6660.3934571841073,194212,6891,1,"1"
6662.1179016942015,194190,6913,2,"1-1"
6676.7384074828578,194172,6931,1,"1"
6681.3913841364047,194154,6949,1,"1"
6692.5049641933947,194139,6964,3,"3"
6699.0916049191937,194103,7000,2,"1-1"
6703.2263066329997,194049,7054,3,"2-1"
6719.4389605280212,194037,7066,1,"1"
6722.3755087606678,194025,7078,1,"1"
6722.573945716289,194019,7084,2,"2"
6723.3422176971253,194001,7102,1,"1"
6728.7239536323605,193983,7120,1,"1"
6729.7738852661587,193967,7136,2,"1-1"
6732.2848499461606,193939,7164,3,"3"
6732.7623452636626,193914,7189,3,"3"
6775.7529979160763,193896,7207,1,"1"
6792.4707664231155,193878,7225,1,"1"
6795.7790147548913,193860,7243,1,"1"
6797.7347517826956,193853,7250,1,"1"
6810.2278050147934,193835,7268,1,"1"
6810.3667933294419,193817,7286,1,"1"
6816.738432156385,193799,7304,1,"1"
6829.1021406649888,193783,7320,2,"1-1"
6840.5776241532203,193765,7338,1,"1"
6841.3813476416453,193741,7362,2,"2"
6849.8210317795847,193723,7380,1,"1"
6853.1092058616368,193653,7450,5,"4-1"
6860.9591193255274,193635,7468,1,"1"
6864.7480399333081,193617,7486,1,"1"
6877.8852788895629,193599,7504,1,"1"
6884.9275248853228,193581,7522,1,"1"
6904.3740278305568,193563,7540,1,"1"
6907.0614283626655,193539,7564,2,"2"
6907.2986161172257,193521,7582,1,"1"
6907.8508525943907,193503,7600,1,"1"
6921.7919324984314,193479,7624,4,"4"
6926.9417213459983,193461,7642,1,"1"
6928.1920342103385,193450,7653,1,"1"
6928.8195795151241,193432,7671,1,"1"
6933.3304681507298,193308,7795,14,"4-3-3-2-1-1"
6940.1757874495943,193290,7813,1,"1"
6953.7136853040074,193272,7831,1,"1"
6954.8624050792023,193254,7849,1,"1"
6956.3615451575452,193218,7885,2,"2"
6957.0176814366732,193208,7895,1,"1"
6983.3860659270276,193190,7913,1,"1"
6985.0730624480102,193154,7949,2,"1-1"
7004.0420540786799,193110,7993,6,"4-1-1"
7007.4111627280472,193101,8002,1,"1"
7010.4774606303263,193094,8009,1,"1"
7015.2332712750567,193080,8023,2,"2"
7029.5102686226701,192950,8153,14,"3-3-2-1-1-1-1-1-1"
7030.5993473481512,192926,8177,2,"2"
7045.7751203143089,192908,8195,1,"1"
7058.2256420995618,192893,8210,1,"1"
7059.7357048782005,192875,8228,1,"1"
7064.4155798919237,192863,8240,1,"1"
7067.8945454858367,192845,8258,1,"1"
7070.265968648293,192809,8294,2,"1-1"
7074.4460235627712,192762,8341,5,"4-1"
7088.9970050058946,192702,8401,4,"3-1"
7095.8760711595414,192684,8419,1,"1"
7106.1696486999117,192648,8455,4,"2-2"
7114.7071852798445,192632,8471,1,"1"
7122.1037763329114,192623,8480,1,"1"
7125.1297320296462,192593,8510,4,"3-1"
7125.4860455209418,192497,8606,7,"3-2-1-1"
7130.5254589367696,192479,8624,1,"1"
7147.883140806729,192461,8642,1,"1"
7156.6534732865921,192371,8732,10,"3-3-2-2"
7162.3021457287969,192353,8750,1,"1"
7173.1469335267702,192317,8786,2,"1-1"
7176.4703208686442,192299,8804,1,"1"
7179.8675150899462,192285,8818,1,"1"
7189.0596910987142,192275,8828,1,"1"
7201.3900346368146,192227,8876,4,"3-1"
7207.0044559282633,192216,8887,1,"1"
7221.4750026877837,192198,8905,1,"1"
7231.5471674794917,192162,8941,2,"2"
7242.8372063581519,192144,8959,1,"1"
7250.4810672576177,192104,8999,3,"3"
7264.1231042328109,192038,9065,8,"5-1-1-1"
7269.6929656561479,192020,9083,1,"1"
7280.9389175776741,192002,9101,1,"1"
7282.1480941739701,191990,9113,1,"1"
7292.3836231514933,191972,9131,1,"1"
7292.9800830101203,191954,9149,1,"1"
7314.4364054911002,191936,9167,1,"1"
7314.6457517774325,191926,9177,1,"1"
7325.4697587915298,191908,9195,1,"1"
7342.3836305608274,191890,9213,1,"1"
7346.5771923125112,191836,9267,4,"1-1-1-1"
7379.9986799591661,191827,9276,1,"1"
7385.1064233171974,191791,9312,2,"1-1"
7389.8045352817626,191767,9336,2,"2"
7397.1577182957244,191749,9354,1,"1"
7413.9147240074926,191713,9390,2,"2"
7414.4574382986402,191695,9408,1,"1"
7417.1746924362242,191677,9426,1,"1"
7430.7235629808274,191659,9444,1,"1"
7434.5407062330605,191641,9462,1,"1"
7438.884629536461,191630,9473,1,"1"
7445.3374898909806,191590,9513,3,"3"
7452.5076096542971,191572,9531,1,"1"
7463.1021465846325,191554,9549,1,"1"
7464.0134029281035,191514,9589,4,"4"
7472.474468354636,191266,9837,27,"4-4-4-3-3-3-2-1-1-1-1"
7492.945577080417,191246,9857,2,"2"
7496.0049921525679,191228,9875,1,"1"
7500.0404140814971,191210,9893,1,"1"
7508.2961200271529,191170,9933,4,"2-2"
7521.8730755504494,191152,9951,1,"1"
7531.5818184574355,191134,9969,1,"1"
7531.7071616929798,191116,9987,1,"1"
7533.7777276875395,191098,10005,1,"1"
7535.9000148390796,191080,10023,1,"1"
7538.4500201019446,191052,10051,2,"2"
7549.3355340522094,191034,10069,1,"1"
7552.800672638271,191016,10087,1,"1"
7569.2249483575333,190998,10105,1,"1"
7580.4423353604343,190980,10123,1,"1"
7591.18384969406,190962,10141,1,"1"
7617.0653989525126,190944,10159,1,"1"
7631.2257275545808,190932,10171,1,"1"
7632.731829156477,190914,10189,1,"1"
7634.0146164151174,190896,10207,1,"1"
7641.9631966965562,190885,10218,1,"1"
7650.1726804918717,190867,10236,1,"1"
7652.8004252552237,190849,10254,1,"1"
7653.8595679522632,190831,10272,1,"1"
7664.0849394100123,190813,10290,1,"1"
7666.5542332609912,190764,10339,6,"4-1-1"
7671.2001140968378,190746,10357,1,"1"
7683.0550234455668,189831,11272,84,"8-7-6-4-4-4-4-3-3-3-3-3-3-2-2-2-2-2-2-1-1-1-1-1-1-1-1-1-1-1-1-1-1-1-1-1"
7691.6473388885834,189813,11290,1,"1"
7700.6905431223577,189798,11305,1,"1"
7702.6485707960701,189787,11316,1,"1"
7703.345703527345,189762,11341,2,"2"
7704.4329854542584,189703,11400,4,"3-1"
7704.833652409101,189150,11953,44,"6-5-3-3-3-3-2-2-2-2-2-1-1-1-1-1-1-1-1-1-1-1"
7710.2598986767744,189108,11995,3,"2-1"
7718.0218473621626,189090,12013,1,"1"
7721.6212471618346,189057,12046,2,"2"
7724.1159322989924,189021,12082,2,"2"
7736.4206696374122,0,201103,10655,"10655"
