# Individual stretched-cutoff fits; xmgrace XY sets
# Columns: avalanche_size conditional_CCDF
# Sets alternate empirical data and fitted model.
# S0: Ts=2; empirical; xmin=34
34 1
35 0.945657134165
36 0.894305851334
37 0.851789879323
38 0.812252814116
39 0.773362235067
40 0.736182942906
41 0.701310718994
42 0.667338505223
43 0.636598722239
44 0.607595578542
45 0.579783997566
46 0.551389311429
47 0.526404522868
48 0.502256363452
49 0.478906804584
50 0.456951627624
51 0.436657032755
52 0.413687759862
53 0.398374911267
54 0.384798701957
55 0.371108406855
56 0.357494168948
57 0.344234864618
58 0.331419227259
59 0.319414866646
60 0.307816144407
61 0.296077983977
62 0.284238413954
63 0.271777710171
64 0.259659263766
65 0.249277456647
66 0.239973126458
67 0.230934996451
68 0.222087009431
69 0.213353108204
70 0.205468512321
71 0.198243078795
72 0.19070074029
73 0.184387993104
74 0.177948483927
75 0.171255450766
76 0.164422979414
77 0.158287699016
78 0.152228475814
79 0.146486157591
80 0.14131426833
81 0.136256464862
82 0.131655004563
83 0.126800020282
84 0.122667579353
85 0.118471757428
86 0.114808335869
87 0.111271676301
88 0.107823750127
89 0.104439204949
90 0.10137156475
91 0.0984306865429
92 0.0958067133151
93 0.0935376736639
94 0.0909137004361
95 0.0885052225941
96 0.085792515972
97 0.0834727715242
98 0.0813811986614
99 0.0794797687861
100 0.0774769293175
101 0.0753092992597
102 0.0730656120069
103 0.0711008011358
104 0.0692754284555
105 0.0673106175844
106 0.0655613020992
107 0.0641669201907
108 0.0626964810871
109 0.0611246323902
110 0.0596922218842
111 0.0581330493865
112 0.0569161342663
113 0.0555851333536
114 0.0541400466484
115 0.0528217219349
116 0.0513893114289
117 0.0504639488896
118 0.0491075955785
119 0.0479033566575
120 0.0466357367407
121 0.0455836122097
122 0.0446075448737
123 0.0438469729236
124 0.0427821721935
125 0.0417934286584
126 0.0408934185174
127 0.0401962275631
128 0.0392328364263
129 0.038383531082
130 0.0376863401278
131 0.0368370347835
132 0.03597505324
133 0.0353158908833
134 0.0344412331407
135 0.0338454517797
136 0.0329707940371
137 0.0325271270662
138 0.0319186695061
139 0.0314623263361
140 0.0309679545685
141 0.0302580874151
142 0.029649629855
143 0.0292059628841
144 0.0285721529257
145 0.0280524287598
146 0.0274186188013
147 0.0268862184363
148 0.0262904370753
149 0.0257960653078
150 0.0254791603286
151 0.024984788561
152 0.0244650643951
153 0.0240467498225
154 0.0235777304533
155 0.0231720920799
156 0.0227791299057
157 0.0222974343373
158 0.0219171483622
159 0.0215368623872
160 0.0212326336071
161 0.0209030524288
162 0.0205100902545
163 0.0202819186695
164 0.0199776898895
165 0.0195466991177
166 0.0192171179394
167 0.0187988033668
168 0.0185833079809
169 0.0181903458067
170 0.0178987932258
171 0.0174424500558
172 0.0171635736741
173 0.0168339924957
174 0.016555116114
175 0.0163396207281
176 0.0160734205456
177 0.0158325727614
178 0.0155536963797
179 0.0152494675996
180 0.0150593246121
181 0.0147931244296
182 0.0146156576412
183 0.0144001622553
184 0.014222695467
185 0.0139184666869
186 0.0135255045127
187 0.0132085995335
188 0.0130691613427
189 0.0128916945543
190 0.0125874657743
191 0.0124480275834
192 0.0122325321975
193 0.011966332015
194 0.0117254842308
195 0.0114085792516
196 0.0113071696582
197 0.011066321874
198 0.0108761788865
199 0.0106733596998
200 0.0105085691106
201 0.0102296927289
202 0.0100015211439
203 0.00981137815637
204 0.00962123516885
205 0.00944376838049
206 0.00925362539296
207 0.00901277760876
208 0.0088353108204
209 0.00873390122706
210 0.00858178683703
211 0.00841699624785
212 0.00821417706115
213 0.00806206267113
214 0.00793530067944
215 0.00771980529358
216 0.00758036710273
217 0.00744092891188
218 0.00720008112767
219 0.00709867153433
220 0.00694655714431
221 0.00679444275428
222 0.00662965216509
223 0.00647753777507
224 0.00640148058006
225 0.00631274718588
226 0.00610992799919
227 0.0059831660075
228 0.00586908021499
229 0.0057423182233
230 0.00561555623162
231 0.00545076564243
232 0.00531132745158
233 0.00517188926072
234 0.00499442247237
235 0.00480427948484
236 0.00467751749315
237 0.00451272690397
238 0.00439864111145
239 0.00427187911976
240 0.00413244092891
241 0.00399300273806
242 0.00390426934388
243 0.00376483115303
244 0.00366342155968
245 0.00360004056384
246 0.00352398336883
247 0.00348595477132
248 0.00339722137714
249 0.00332116418213
250 0.00321975458878
251 0.00313102119461
252 0.00300425920292
253 0.00290284960957
254 0.00282679241456
255 0.00267467802454
256 0.00256059223203
257 0.00242115404117
258 0.00234509684616
259 0.00228171585032
260 0.00223101105365
261 0.00211692526113
262 0.00207889666362
263 0.00205354426529
264 0.00201551566778
265 0.00197748707028
266 0.00193945847277
267 0.0018887536761
268 0.00186340127776
269 0.00177466788358
270 0.00171128688774
271 0.00162255349356
272 0.00157184869689
273 0.00147043910354
274 0.00141973430687
275 0.00136902951019
276 0.00131832471352
277 0.00126761991684
278 0.001204238921
279 0.00117888652267
280 0.00115353412433
281 0.00112818172599
282 0.00109015312849
283 0.00106480073015
284 0.00105212453098
285 0.00101409593348
286 0.00101409593348
287 0.00101409593348
288 0.000988743535138
289 0.000938038738465
290 0.000887333941791
291 0.000849305344286
292 0.000798600547612
293 0.00073521955177
294 0.00073521955177
295 0.00073521955177
296 0.000697190954264
297 0.000684514755096
298 0.000646486157591
299 0.000621133759254
300 0.000608457560085
301 0.000595781360917
302 0.00057042896258
303 0.00057042896258
304 0.000545076564243
305 0.000519724165906
306 0.000507047966738
307 0.000481695568401
308 0.000469019369232
309 0.000469019369232
310 0.000469019369232
311 0.000430990771727
312 0.000418314572559
313 0.000392962174222
314 0.000380285975053
315 0.000354933576716
316 0.000354933576716
317 0.000354933576716
318 0.000354933576716
319 0.000354933576716
320 0.000342257377548
321 0.000329581178379
322 0.000304228780043
323 0.000304228780043
324 0.000304228780043
325 0.000291552580874
326 0.000278876381706
327 0.000266200182537
328 0.000253523983369
329 0.000253523983369
330 0.000253523983369
331 0.0002408477842
332 0.0002408477842
333 0.000215495385864
334 0.000215495385864
335 0.000215495385864
336 0.000202819186695
337 0.000202819186695
338 0.000190142987527
339 0.000190142987527
340 0.000190142987527
341 0.000190142987527
342 0.000190142987527
343 0.000190142987527
344 0.000177466788358
345 0.000177466788358
346 0.000177466788358
347 0.000177466788358
348 0.000177466788358
349 0.00016479058919
350 0.00016479058919
351 0.00016479058919
352 0.00016479058919
353 0.00016479058919
354 0.000152114390021
355 0.000152114390021
356 0.000139438190853
357 0.000126761991684
358 0.000126761991684
359 0.000114085792516
360 0.000114085792516
361 0.000101409593348
362 8.87333941791e-05
363 7.60571950106e-05
364 7.60571950106e-05
365 7.60571950106e-05
366 7.60571950106e-05
367 7.60571950106e-05
368 7.60571950106e-05
369 6.33809958422e-05
370 5.07047966738e-05
371 5.07047966738e-05
372 5.07047966738e-05
373 5.07047966738e-05
374 5.07047966738e-05
375 5.07047966738e-05
376 5.07047966738e-05
377 5.07047966738e-05
378 5.07047966738e-05
379 3.80285975053e-05
380 3.80285975053e-05
381 3.80285975053e-05
382 3.80285975053e-05
383 3.80285975053e-05
384 2.53523983369e-05
385 2.53523983369e-05
386 2.53523983369e-05
387 2.53523983369e-05
388 2.53523983369e-05
389 2.53523983369e-05
390 2.53523983369e-05
391 2.53523983369e-05
392 2.53523983369e-05
393 2.53523983369e-05
394 2.53523983369e-05
395 2.53523983369e-05
396 2.53523983369e-05
397 1.26761991684e-05
398 1.26761991684e-05
399 1.26761991684e-05
400 1.26761991684e-05
401 1.26761991684e-05
402 1.26761991684e-05
403 1.26761991684e-05
404 1.26761991684e-05
405 1.26761991684e-05
406 1.26761991684e-05
407 1.26761991684e-05
408 1.26761991684e-05
409 1.26761991684e-05
410 1.26761991684e-05
411 1.26761991684e-05
412 1.26761991684e-05
413 1.26761991684e-05
414 1.26761991684e-05
415 1.26761991684e-05
416 1.26761991684e-05
417 1.26761991684e-05
418 1.26761991684e-05
419 1.26761991684e-05
420 1.26761991684e-05
421 1.26761991684e-05
422 1.26761991684e-05
423 1.26761991684e-05
424 1.26761991684e-05
425 1.26761991684e-05
426 1.26761991684e-05
427 1.26761991684e-05
428 1.26761991684e-05
429 1.26761991684e-05
430 1.26761991684e-05
431 1.26761991684e-05
432 1.26761991684e-05
433 1.26761991684e-05
434 1.26761991684e-05
435 1.26761991684e-05
&
# S1: Ts=2; model; xmin=34
34 1
35 0.946207358529
36 0.896251295668
37 0.849781707725
38 0.806487786061
39 0.766092777996
40 0.728349554583
41 0.693036844796
42 0.659956022887
43 0.628928357011
44 0.599792644207
45 0.572403170368
46 0.54662794464
47 0.522347166489
48 0.499451890703
49 0.47784286141
50 0.457429490857
51 0.438128962622
52 0.419865442059
53 0.402569379464
54 0.386176893625
55 0.370629225243
56 0.355872251255
57 0.341856052373
58 0.328534527219
59 0.315865047378
60 0.303808148452
61 0.292327252843
62 0.281388420591
63 0.270960125033
64 0.26101305049
65 0.25151990953
66 0.242455277655
67 0.233795443538
68 0.225518273141
69 0.21760308627
70 0.210030544265
71 0.202782547695
72 0.19584214304
73 0.18919343748
74 0.182821520974
75 0.176712394941
76 0.170852906896
77 0.165230690484
78 0.159834110409
79 0.154652211799
80 0.149674673608
81 0.14489176569
82 0.140294309215
83 0.135873640133
84 0.131621575425
85 0.127530381889
86 0.123592747266
87 0.119801753478
88 0.116150851838
89 0.112633840036
90 0.109244840775
91 0.105978281925
92 0.102828878056
93 0.0997916132651
94 0.096861725171
95 0.0940346900084
96 0.0913062087204
97 0.088672193982
98 0.0861287580817
99 0.0836722015969
100 0.0812990028058
101 0.0790058077799
102 0.076789421109
103 0.0746467972126
104 0.0725750321959
105 0.0705713562124
106 0.0686331262962
107 0.0667578196334
108 0.0649430272399
109 0.0631864480206
110 0.0614858831811
111 0.0598392309713
112 0.0582444817363
113 0.0566997132553
114 0.0552030863504
115 0.0537528407456
116 0.0523472911628
117 0.0509848236364
118 0.0496638920354
119 0.048383014778
120 0.047140771728
121 0.0459358012608
122 0.0447667974887
123 0.0436325076361
124 0.0425317295557
125 0.041463309376
126 0.040426139274
127 0.039419155364
128 0.0384413356966
129 0.0374916983616
130 0.0365692996879
131 0.0356732325355
132 0.0348026246742
133 0.0339566372437
134 0.0331344632913
135 0.0323353263816
136 0.0315584792752
137 0.0308032026728
138 0.0300688040194
139 0.0293546163676
140 0.028659997295
141 0.0279843278738
142 0.0273270116888
143 0.0266874739028
144 0.0260651603651
145 0.0254595367622
146 0.0248700878074
147 0.0242963164685
148 0.0237377432306
149 0.0231939053923
150 0.0226643563944
151 0.0221486651783
152 0.0216464155739
153 0.0211572057141
154 0.0206806474755
155 0.0202163659442
156 0.0197639989046
157 0.0193231963503
158 0.0188936200169
159 0.0184749429348
160 0.0180668490003
161 0.0176690325665
162 0.0172811980505
163 0.0169030595576
164 0.0165343405211
165 0.0161747733577
166 0.0158240991363
167 0.0154820672618
168 0.0151484351704
169 0.014822968039
170 0.0145054385049
171 0.0141956263982
172 0.0138933184844
173 0.0135983082171
174 0.0133103955011
175 0.0130293864645
176 0.0127550932406
177 0.0124873337573
178 0.0122259315355
179 0.0119707154953
180 0.0117215197694
181 0.0114781835245
182 0.0112405507883
183 0.0110084702845
184 0.010781795273
185 0.0105603833972
186 0.0103440965361
187 0.0101328006625
188 0.00992636570645
189 0.00972466542391
190 0.00952757726999
191 0.0093349822771
192 0.00914676493759
193 0.0089628130906
194 0.00878301781313
195 0.00860727331505
196 0.00843547683786
197 0.00826752855724
198 0.00810333148892
199 0.00794279139809
200 0.00778581671192
201 0.00763231843526
202 0.00748221006929
203 0.007335407533
204 0.00719182908751
205 0.00705139526297
206 0.006914028788
207 0.00677965452161
208 0.00664819938748
209 0.00651959231042
210 0.00639376415512
211 0.00627064766691
212 0.00615017741454
213 0.00603228973497
214 0.0059169226799
215 0.00580401596421
216 0.00569351091609
217 0.0055853504288
218 0.00547947891408
219 0.00537584225707
220 0.00527438777275
221 0.00517506416377
222 0.00507782147971
223 0.00498261107763
224 0.00488938558394
225 0.00479809885745
226 0.00470870595368
227 0.00462116309027
228 0.00453542761351
229 0.00445145796598
230 0.00436921365515
231 0.00428865522303
232 0.00420974421676
233 0.00413244316012
234 0.00405671552598
235 0.00398252570953
236 0.00390983900242
237 0.0038386215677
238 0.00376884041547
239 0.00370046337933
240 0.00363345909361
241 0.00356779697118
242 0.003503447182
243 0.00344038063238
244 0.00337856894475
245 0.00331798443815
246 0.00325860010926
247 0.00320038961399
248 0.00314332724964
249 0.00308738793763
250 0.00303254720668
251 0.0029787811765
252 0.00292606654203
253 0.00287438055808
254 0.00282370102442
255 0.00277400627136
256 0.00272527514568
257 0.00267748699707
258 0.00263062166485
259 0.00258465946518
260 0.00253958117855
261 0.00249536803769
262 0.00245200171582
263 0.00240946431522
264 0.00236773835612
265 0.00232680676595
266 0.00228665286883
267 0.00224726037542
268 0.00220861337303
269 0.002170696316
270 0.00213349401638
271 0.0020969916348
272 0.00206117467171
273 0.00202602895878
274 0.00199154065051
275 0.00195769621621
276 0.00192448243205
277 0.00189188637339
278 0.00185989540737
279 0.00182849718563
280 0.00179767963723
281 0.00176743096184
282 0.00173773962301
283 0.00170859434174
284 0.00167998409008
285 0.00165189808506
286 0.00162432578265
287 0.00159725687197
288 0.0015706812696
289 0.00154458911408
290 0.00151897076055
291 0.00149381677548
292 0.00146911793165
293 0.00144486520312
294 0.00142104976047
295 0.00139766296607
296 0.00137469636951
297 0.00135214170316
298 0.00132999087781
299 0.00130823597848
300 0.00128686926025
301 0.00126588314432
302 0.00124527021404
303 0.00122502321115
304 0.00120513503205
305 0.0011855987242
306 0.00116640748258
307 0.00114755464631
308 0.00112903369524
309 0.00111083824673
310 0.00109296205249
311 0.00107539899544
312 0.00105814308673
313 0.00104118846278
314 0.00102452938244
315 0.00100816022415
316 0.000992075483247
317 0.000976269769292
318 0.000960737803491
319 0.000945474416157
320 0.000930474544246
321 0.000915733228958
322 0.000901245613386
323 0.00088700694023
324 0.000873012549568
325 0.000859257876676
326 0.000845738449908
327 0.000832449888619
328 0.000819387901146
329 0.000806548282835
330 0.000793926914119
331 0.000781519758632
332 0.000769322861382
333 0.00075733234696
334 0.000745544417793
335 0.000733955352439
336 0.000722561503925
337 0.00071135929812
338 0.00070034523215
339 0.000689515872853
340 0.000678867855263
341 0.000668397881135
342 0.000658102717509
343 0.000647979195295
344 0.000638024207906
345 0.00062823470991
346 0.000618607715724
347 0.000609140298333
348 0.000599829588037
349 0.000590672771234
350 0.000581667089223
351 0.000572809837043
352 0.000564098362329
353 0.000555530064206
354 0.000547102392198
355 0.000538812845167
356 0.000530658970278
357 0.000522638361982
358 0.000514748661028
359 0.000506987553493
360 0.000499352769838
361 0.000491842083981
362 0.000484453312397
363 0.000477184313228
364 0.000470032985428
365 0.000462997267914
366 0.00045607513874
367 0.000449264614294
368 0.000442563748509
369 0.000435970632088
370 0.000429483391755
371 0.000423100189517
372 0.000416819221941
373 0.000410638719452
374 0.000404556945642
375 0.000398572196599
376 0.000392682800244
377 0.000386887115689
378 0.000381183532606
379 0.000375570470611
380 0.000370046378658
381 0.000364609734455
382 0.00035925904388
383 0.000353992840422
384 0.000348809684625
385 0.000343708163548
386 0.000338686890239
387 0.000333744503216
388 0.00032887966596
389 0.000324091066421
390 0.000319377416533
391 0.00031473745174
392 0.000310169930531
393 0.000305673633989
394 0.000301247365341
395 0.000296889949528
396 0.000292600232777
397 0.000288377082184
398 0.000284219385307
399 0.000280126049766
400 0.000276096002853
401 0.000272128191149
402 0.000268221580146
403 0.000264375153888
404 0.000260587914605
405 0.000256858882362
406 0.000253187094719
407 0.00024957160639
408 0.000246011488916
409 0.000242505830338
410 0.000239053734883
411 0.000235654322655
412 0.00023230672933
413 0.000229010105857
414 0.000225763618172
415 0.000222566446907
416 0.000219417787113
417 0.00021631684799
418 0.000213262852612
419 0.00021025503767
420 0.000207292653214
421 0.000204374962398
422 0.000201501241238
423 0.000198670778365
424 0.000195882874792
425 0.00019313684368
426 0.000190432010114
427 0.000187767710873
428 0.000185143294219
429 0.000182558119679
430 0.000180011557838
431 0.00017750299013
432 0.00017503180864
433 0.000172597415906
434 0.000170199224723
435 0.000167836657956
&
# S2: Ts=8; empirical; xmin=88
88 1
89 0.969330548532
90 0.940309992305
91 0.913048257667
92 0.886775860174
93 0.862921842366
94 0.837638782016
95 0.813015279763
96 0.789271188304
97 0.765527096845
98 0.743321974277
99 0.720457293613
100 0.699351434539
101 0.677805870067
102 0.656590084643
103 0.637902605254
104 0.615697482687
105 0.598439045839
106 0.578982082005
107 0.564361877542
108 0.548532483236
109 0.535781026712
110 0.522040233044
111 0.50928877652
112 0.495987688249
113 0.483346158074
114 0.472463449489
115 0.461031109157
116 0.449598768825
117 0.437177091349
118 0.427503572606
119 0.41673079037
120 0.403649554798
121 0.394415741453
122 0.383093327471
123 0.373199956029
124 0.363636363636
125 0.354292623942
126 0.346817632186
127 0.339342640431
128 0.33109816423
129 0.324282730571
130 0.31603825437
131 0.308893041662
132 0.300978344509
133 0.292623941959
134 0.285039023854
135 0.279432780037
136 0.272947125426
137 0.265911839068
138 0.259646037155
139 0.252280971749
140 0.246125096186
141 0.241728042212
142 0.236561503792
143 0.231614818072
144 0.225458942509
145 0.221061888535
146 0.216994613609
147 0.211608222491
148 0.206111905024
149 0.201385072002
150 0.197647576124
151 0.193470374849
152 0.189513026272
153 0.185225898648
154 0.181598329119
155 0.17808068594
156 0.173243926569
157 0.169286577993
158 0.166098713862
159 0.162800923381
160 0.158953501154
161 0.154996152578
162 0.151368583049
163 0.147521160822
164 0.145212707486
165 0.140925579861
166 0.137957568429
167 0.134989556997
168 0.130702429372
169 0.12773441794
170 0.124766406508
171 0.122238100473
172 0.118720457294
173 0.116192151259
174 0.112784434429
175 0.110366054743
176 0.108277454106
177 0.105969000769
178 0.103660547433
179 0.101022315049
180 0.0980543036166
181 0.0954160712323
182 0.0936572496427
183 0.0916785753545
184 0.0898098274156
185 0.0883807848741
186 0.0864021105859
187 0.0849730680444
188 0.0837638782016
189 0.0829943937562
190 0.0817852039134
191 0.0809057931186
192 0.0794767505771
193 0.078157634385
194 0.0771682972408
195 0.0762888864461
196 0.0749697702539
197 0.0742002858085
198 0.073101022315
199 0.0720017588216
200 0.0706826426294
201 0.0693635264373
202 0.0683741892932
203 0.066725294053
204 0.0648565461141
205 0.0634275035726
206 0.0624381664285
207 0.0612289765857
208 0.0603495657909
209 0.0599098603935
210 0.0588105969001
211 0.0580411124547
212 0.0568319226119
213 0.0559525118171
214 0.0550731010223
215 0.0544135429262
216 0.0537539848302
217 0.0533142794328
218 0.052434868638
219 0.0516653841926
220 0.0511157524459
221 0.0500164889524
222 0.0494668572057
223 0.0485874464109
224 0.0478179619655
225 0.0471584038694
226 0.0460591403759
227 0.0457293613279
228 0.0451797295812
229 0.0449598768825
230 0.0445201714851
231 0.043530834341
232 0.0426514235462
233 0.0423216444982
234 0.0414422337034
235 0.041002528306
236 0.0407826756073
237 0.0404528965593
238 0.0393536330658
239 0.0388040013191
240 0.0384742222711
241 0.0382543695724
242 0.0379245905243
243 0.0372650324283
244 0.0369352533802
245 0.0363856216335
246 0.0358359898868
247 0.034956579092
248 0.0341870946466
249 0.0336374628999
250 0.0334176102012
251 0.0333076838518
252 0.0324282730571
253 0.0322084203584
254 0.0314389359129
255 0.0311091568649
256 0.0305595251182
257 0.0300098933714
258 0.0296801143234
259 0.0290205562273
260 0.0286907771793
261 0.0279212927339
262 0.0270418819391
263 0.026382323843
264 0.0256128393976
265 0.0251731340002
266 0.0250632076509
267 0.0249532813015
268 0.0244036495548
269 0.0239639441574
270 0.0237440914587
271 0.02352423876
272 0.023194459712
273 0.0229746070133
274 0.022864680664
275 0.0223150489172
276 0.0222051225679
277 0.0218753435198
278 0.0214356381225
279 0.0211058590744
280 0.020666153677
281 0.0202264482797
282 0.0198966692316
283 0.0198966692316
284 0.0194569638342
285 0.0185775530395
286 0.0184676266901
287 0.0180279212927
288 0.0179179949434
289 0.0179179949434
290 0.017808068594
291 0.017478289546
292 0.0173683631967
293 0.0170385841486
294 0.0169286577993
295 0.0164889524019
296 0.0159393206552
297 0.0158293943058
298 0.0156095416071
299 0.0153896889084
300 0.0150599098604
301 0.0144003517643
302 0.014290425415
303 0.0141804990656
304 0.0139606463669
305 0.0137407936682
306 0.0134110146202
307 0.0130812355722
308 0.0128613828735
309 0.0127514565241
310 0.0126415301748
311 0.0126415301748
312 0.0120918984281
313 0.0118720457294
314 0.0118720457294
315 0.0118720457294
316 0.01176211938
317 0.011432340332
318 0.011432340332
319 0.0112124876333
320 0.0112124876333
321 0.0108827085852
322 0.0105529295372
323 0.0101132241398
324 0.0100032977905
325 0.0100032977905
326 0.00989337144113
327 0.00967351874244
328 0.00967351874244
329 0.0095635923931
330 0.0095635923931
331 0.0095635923931
332 0.0095635923931
333 0.00945366604375
334 0.00923381334506
335 0.00901396064637
336 0.00879410794768
337 0.00857425524898
338 0.00846432889964
339 0.0081345498516
340 0.0081345498516
341 0.0081345498516
342 0.00791469715291
343 0.00780477080356
344 0.00769484445422
345 0.00769484445422
346 0.00769484445422
347 0.00769484445422
348 0.00769484445422
349 0.00769484445422
350 0.00758491810487
351 0.00758491810487
352 0.00736506540618
353 0.00736506540618
354 0.00736506540618
355 0.00725513905683
356 0.00703528635814
357 0.0067055073101
358 0.00648565461141
359 0.00648565461141
360 0.00626580191272
361 0.00615587556337
362 0.00615587556337
363 0.00615587556337
364 0.00615587556337
365 0.00604594921403
366 0.00593602286468
367 0.00560624381664
368 0.00560624381664
369 0.00560624381664
370 0.00560624381664
371 0.00560624381664
372 0.00560624381664
373 0.00560624381664
374 0.0054963174673
375 0.00538639111795
376 0.00527646476861
377 0.00527646476861
378 0.00516653841926
379 0.00505661206991
380 0.00505661206991
381 0.00505661206991
382 0.00494668572057
383 0.00494668572057
384 0.00483675937122
385 0.00483675937122
386 0.00483675937122
387 0.00483675937122
388 0.00472683302188
389 0.00472683302188
390 0.00461690667253
391 0.00450698032318
392 0.00450698032318
393 0.00450698032318
394 0.00450698032318
395 0.00428712762449
396 0.00428712762449
397 0.00428712762449
398 0.00428712762449
399 0.00428712762449
400 0.00428712762449
401 0.00428712762449
402 0.00428712762449
403 0.00417720127515
404 0.0040672749258
405 0.00395734857645
406 0.00373749587776
407 0.00373749587776
408 0.00362756952842
409 0.00362756952842
410 0.00351764317907
411 0.00351764317907
412 0.00340771682972
413 0.00329779048038
414 0.00307793778169
415 0.00296801143234
416 0.00296801143234
417 0.00285808508299
418 0.00285808508299
419 0.00285808508299
420 0.00285808508299
421 0.00285808508299
422 0.00285808508299
423 0.00285808508299
424 0.00274815873365
425 0.0026382323843
426 0.00252830603496
427 0.00252830603496
428 0.00241837968561
429 0.00241837968561
430 0.00230845333626
431 0.00230845333626
432 0.00230845333626
433 0.00208860063757
434 0.00208860063757
435 0.00208860063757
436 0.00208860063757
437 0.00208860063757
438 0.00208860063757
439 0.00208860063757
440 0.00208860063757
441 0.00208860063757
442 0.00208860063757
443 0.00208860063757
444 0.00197867428823
445 0.00197867428823
446 0.00197867428823
447 0.00197867428823
448 0.00197867428823
449 0.00197867428823
450 0.00197867428823
451 0.00197867428823
452 0.00186874793888
453 0.00186874793888
454 0.00186874793888
455 0.00186874793888
456 0.00175882158954
457 0.00175882158954
458 0.00175882158954
459 0.00175882158954
460 0.00164889524019
461 0.00164889524019
462 0.00164889524019
463 0.00164889524019
464 0.00153896889084
465 0.00153896889084
466 0.00153896889084
467 0.00153896889084
468 0.00153896889084
469 0.00153896889084
470 0.0014290425415
471 0.00131911619215
472 0.00120918984281
473 0.00120918984281
474 0.00120918984281
475 0.00120918984281
476 0.00120918984281
477 0.00120918984281
478 0.00120918984281
479 0.00120918984281
480 0.00120918984281
481 0.00120918984281
482 0.00120918984281
483 0.00120918984281
484 0.000989337144113
485 0.000879410794768
486 0.000879410794768
487 0.000879410794768
488 0.000879410794768
489 0.000879410794768
490 0.000879410794768
491 0.000879410794768
492 0.000769484445422
493 0.000769484445422
494 0.000769484445422
495 0.000769484445422
496 0.000769484445422
497 0.000769484445422
498 0.000769484445422
499 0.000769484445422
500 0.000769484445422
501 0.000769484445422
502 0.000769484445422
503 0.000769484445422
504 0.000769484445422
505 0.000769484445422
506 0.000769484445422
507 0.000769484445422
508 0.000659558096076
509 0.000659558096076
510 0.000659558096076
511 0.00054963174673
512 0.000439705397384
513 0.000439705397384
514 0.000439705397384
515 0.000439705397384
516 0.000439705397384
517 0.000439705397384
518 0.000439705397384
519 0.000439705397384
520 0.000439705397384
521 0.000439705397384
522 0.000439705397384
523 0.000439705397384
524 0.000329779048038
525 0.000329779048038
526 0.000329779048038
527 0.000329779048038
528 0.000329779048038
529 0.000329779048038
530 0.000329779048038
531 0.000329779048038
532 0.000329779048038
533 0.000329779048038
534 0.000329779048038
535 0.000329779048038
536 0.000329779048038
537 0.000329779048038
538 0.000329779048038
539 0.000329779048038
540 0.000329779048038
541 0.000329779048038
542 0.000329779048038
543 0.000329779048038
544 0.000329779048038
545 0.000329779048038
546 0.000329779048038
547 0.000329779048038
548 0.000329779048038
549 0.000329779048038
550 0.000329779048038
551 0.000329779048038
552 0.000329779048038
553 0.000329779048038
554 0.000329779048038
555 0.000329779048038
556 0.000329779048038
557 0.000329779048038
558 0.000329779048038
559 0.000329779048038
560 0.000329779048038
561 0.000329779048038
562 0.000329779048038
563 0.000329779048038
564 0.000329779048038
565 0.000329779048038
566 0.000329779048038
567 0.000219852698692
568 0.000219852698692
569 0.000219852698692
570 0.000219852698692
571 0.000219852698692
572 0.000219852698692
573 0.000219852698692
574 0.000219852698692
575 0.000219852698692
576 0.000219852698692
577 0.000109926349346
578 0.000109926349346
579 0.000109926349346
580 0.000109926349346
581 0.000109926349346
582 0.000109926349346
583 0.000109926349346
584 0.000109926349346
585 0.000109926349346
586 0.000109926349346
587 0.000109926349346
588 0.000109926349346
589 0.000109926349346
590 0.000109926349346
591 0.000109926349346
592 0.000109926349346
593 0.000109926349346
594 0.000109926349346
595 0.000109926349346
596 0.000109926349346
597 0.000109926349346
598 0.000109926349346
599 0.000109926349346
600 0.000109926349346
601 0.000109926349346
602 0.000109926349346
603 0.000109926349346
604 0.000109926349346
605 0.000109926349346
606 0.000109926349346
607 0.000109926349346
608 0.000109926349346
609 0.000109926349346
610 0.000109926349346
611 0.000109926349346
612 0.000109926349346
613 0.000109926349346
614 0.000109926349346
615 0.000109926349346
616 0.000109926349346
617 0.000109926349346
618 0.000109926349346
619 0.000109926349346
620 0.000109926349346
621 0.000109926349346
622 0.000109926349346
623 0.000109926349346
624 0.000109926349346
625 0.000109926349346
626 0.000109926349346
627 0.000109926349346
628 0.000109926349346
629 0.000109926349346
630 0.000109926349346
631 0.000109926349346
632 0.000109926349346
633 0.000109926349346
634 0.000109926349346
635 0.000109926349346
636 0.000109926349346
637 0.000109926349346
638 0.000109926349346
639 0.000109926349346
&
# S3: Ts=8; model; xmin=88
88 1
89 0.968929612758
90 0.93905865791
91 0.910330733195
92 0.882692593535
93 0.856093945227
94 0.830487255465
95 0.805827575907
96 0.782072379117
97 0.759181406839
98 0.737116529127
99 0.715841613464
100 0.695322403074
101 0.675526403697
102 0.656422778171
103 0.637982248207
104 0.620177002819
105 0.602980612885
106 0.586367951395
107 0.570315118941
108 0.554799374083
109 0.539799068218
110 0.525293584624
111 0.511263281389
112 0.497689437938
113 0.484554204905
114 0.471840557114
115 0.459532249457
116 0.447613775464
117 0.436070328376
118 0.424887764566
119 0.414052569133
120 0.40355182353
121 0.393373175096
122 0.383504808355
123 0.373935417983
124 0.364654183312
125 0.355650744295
126 0.346915178827
127 0.338437981333
128 0.33021004255
129 0.32222263043
130 0.314467372085
131 0.306936236718
132 0.299621519478
133 0.292515826178
134 0.285612058836
135 0.27890340197
136 0.272383309628
137 0.266045493081
138 0.259883909167
139 0.253892749227
140 0.248066428614
141 0.242399576731
142 0.236887027573
143 0.231523810748
144 0.22630514294
145 0.221226419798
146 0.216283208226
147 0.21147123905
148 0.206786400034
149 0.202224729248
150 0.197782408741
151 0.193455758522
152 0.18924123083
153 0.185135404665
154 0.181134980585
155 0.177236775739
156 0.173437719133
157 0.169734847114
158 0.166125299059
159 0.162606313262
160 0.159175223009
161 0.155829452823
162 0.152566514885
163 0.149384005607
164 0.146279602365
165 0.143251060368
166 0.140296209666
167 0.137412952294
168 0.13459925953
169 0.131853169276
170 0.129172783558
171 0.126556266117
172 0.124001840115
173 0.121507785933
174 0.119072439062
175 0.116694188081
176 0.114371472719
177 0.112102782
178 0.109886652458
179 0.107721666432
180 0.105606450425
181 0.103539673532
182 0.101520045932
183 0.0995463174353
184 0.0976172760971
185 0.095731746878
186 0.0938885903619
187 0.0920867015233
188 0.0903250085421
189 0.0886024716657
190 0.0869180821135
191 0.0852708610253
192 0.083659858449
193 0.0820841523674
194 0.0805428477613
195 0.0790350757092
196 0.0775599925198
197 0.0761167788975
198 0.0747046391389
199 0.0733228003594
200 0.0719705117481
201 0.07064704385
202 0.069351687875
203 0.0680837550317
204 0.0668425758853
205 0.0656274997394
206 0.0644378940391
207 0.0632731437964
208 0.0621326510352
209 0.061015834257
210 0.0599221279249
211 0.0588509819655
212 0.0578018612894
213 0.0567742453271
214 0.0557676275821
215 0.054781515199
216 0.0538154285464
217 0.0528689008145
218 0.0519414776264
219 0.0510327166624
220 0.0501421872972
221 0.0492694702494
222 0.0484141572429
223 0.0475758506795
224 0.0467541633224
225 0.0459487179906
226 0.0451591472627
227 0.0443850931914
228 0.0436262070267
229 0.0428821489485
230 0.0421525878078
231 0.0414372008765
232 0.0407356736047
233 0.040047699387
234 0.0393729793352
235 0.0387112220586
236 0.0380621434517
237 0.0374254664882
238 0.0368009210218
239 0.036188243593
240 0.0355871772423
241 0.0349974713291
242 0.0344188813561
243 0.0338511687996
244 0.0332941009446
245 0.0327474507252
246 0.0322109965699
247 0.0316845222516
248 0.0311678167425
249 0.0306606740727
250 0.0301628931936
251 0.029674277846
252 0.0291946364305
253 0.0287237818838
254 0.028261531557
255 0.0278077070989
256 0.0273621343415
257 0.0269246431901
258 0.0264950675157
259 0.026073245051
260 0.0256590172897
261 0.0252522293878
262 0.0248527300691
263 0.0244603715324
264 0.0240750093619
265 0.0236965024396
266 0.0233247128612
267 0.0229595058538
268 0.0226007496955
269 0.0222483156384
270 0.0219020778329
271 0.0215619132543
272 0.021227701632
273 0.02089932538
274 0.0205766695297
275 0.0202596216643
276 0.0199480718559
277 0.019641912603
278 0.0193410387706
279 0.0190453475322
280 0.0187547383124
281 0.018469112732
282 0.018188374554
283 0.0179124296319
284 0.0176411858578
285 0.0173745531141
286 0.0171124432246
287 0.0168547699076
288 0.0166014487311
289 0.0163523970674
290 0.0161075340508
291 0.0158667805349
292 0.0156300590523
293 0.0153972937743
294 0.0151684104722
295 0.0149433364797
296 0.0147220006562
297 0.0145043333507
298 0.0142902663672
299 0.0140797329304
300 0.0138726676531
301 0.0136690065037
302 0.0134686867747
303 0.0132716470524
304 0.0130778271868
305 0.0128871682628
306 0.012699612572
307 0.0125151035845
308 0.012333585923
309 0.0121550053358
310 0.0119793086714
311 0.0118064438541
312 0.0116363598592
313 0.0114690066896
314 0.0113043353526
315 0.0111422978375
316 0.0109828470937
317 0.0108259370093
318 0.01067152239
319 0.0105195589391
320 0.0103700032376
321 0.0102228127245
322 0.0100779456784
323 0.00993536119859
324 0.00979501918755
325 0.00965688033307
326 0.00952090609123
327 0.00938705866976
328 0.00925530101166
329 0.00912559677931
330 0.00899791033898
331 0.00887220674564
332 0.00874845172816
333 0.0086266116749
334 0.00850665361958
335 0.00838854522752
336 0.00827225478221
337 0.00815775117217
338 0.00804500387813
339 0.00793398296056
340 0.00782465904737
341 0.00771700332204
342 0.00761098751193
343 0.00750658387687
344 0.00740376519808
345 0.00730250476726
346 0.007202776376
347 0.00710455430538
348 0.00700781331587
349 0.00691252863737
350 0.00681867595958
351 0.00672623142254
352 0.00663517160735
353 0.00654547352715
354 0.00645711461834
355 0.00637007273186
356 0.00628432612484
357 0.0061998534523
358 0.00611663375911
359 0.0060346464721
360 0.00595387139237
361 0.00587428868772
362 0.00579587888535
363 0.00571862286456
364 0.00564250184982
365 0.00556749740377
366 0.00549359142058
367 0.00542076611928
368 0.00534900403738
369 0.00527828802451
370 0.00520860123631
371 0.00513992712835
372 0.00507224945026
373 0.00500555223993
374 0.0049398198179
375 0.0048750367818
376 0.00481118800095
377 0.00474825861108
378 0.00468623400914
379 0.00462509984824
380 0.0045648420327
381 0.00450544671318
382 0.00444690028194
383 0.00438918936818
384 0.0043323008335
385 0.00427622176746
386 0.00422093948319
387 0.00416644151313
388 0.00411271560488
389 0.00405974971705
390 0.00400753201531
391 0.00395605086846
392 0.00390529484453
393 0.00385525270712
394 0.00380591341162
395 0.00375726610167
396 0.00370930010559
397 0.00366200493294
398 0.00361537027113
399 0.00356938598209
400 0.00352404209903
401 0.00347932882327
402 0.00343523652108
403 0.00339175572066
404 0.00334887710914
405 0.00330659152964
406 0.00326488997841
407 0.00322376360198
408 0.00318320369445
409 0.00314320169476
410 0.00310374918405
411 0.00306483788305
412 0.00302645964956
413 0.00298860647592
414 0.00295127048663
415 0.0029144439359
416 0.0028781192053
417 0.00284228880152
418 0.00280694535405
419 0.00277208161301
420 0.00273769044697
421 0.00270376484082
422 0.00267029789369
423 0.00263728281693
424 0.00260471293207
425 0.00257258166892
426 0.00254088256356
427 0.00250960925652
428 0.00247875549091
429 0.00244831511061
430 0.00241828205849
431 0.00238865037463
432 0.00235941419469
433 0.00233056774815
434 0.00230210535671
435 0.00227402143266
436 0.00224631047731
437 0.00221896707942
438 0.00219198591369
439 0.00216536173926
440 0.00213908939823
441 0.00211316381427
442 0.00208757999114
443 0.00206233301137
444 0.00203741803485
445 0.00201283029756
446 0.00198856511017
447 0.00196461785686
448 0.00194098399399
449 0.00191765904889
450 0.00189463861865
451 0.00187191836893
452 0.00184949403279
453 0.00182736140953
454 0.00180551636359
455 0.00178395482344
456 0.00176267278048
457 0.00174166628802
458 0.00172093146016
459 0.00170046447085
460 0.00168026155283
461 0.00166031899667
462 0.00164063314978
463 0.00162120041548
464 0.00160201725205
465 0.00158308017181
466 0.00156438574026
467 0.00154593057512
468 0.00152771134555
469 0.00150972477124
470 0.00149196762157
471 0.00147443671482
472 0.00145712891738
473 0.00144004114287
474 0.00142317035147
475 0.00140651354908
476 0.00139006778661
477 0.0013738301592
478 0.00135779780557
479 0.00134196790723
480 0.00132633768781
481 0.00131090441242
482 0.00129566538689
483 0.00128061795717
484 0.00126575950868
485 0.00125108746564
486 0.00123659929045
487 0.0012222924831
488 0.00120816458053
489 0.00119421315605
490 0.00118043581878
491 0.00116683021303
492 0.00115339401775
493 0.00114012494601
494 0.0011270207444
495 0.00111407919256
496 0.00110129810257
497 0.00108867531852
498 0.00107620871595
499 0.00106389620134
500 0.00105173571169
501 0.00103972521394
502 0.00102786270458
503 0.00101614620913
504 0.00100457378173
505 0.000993143504635
506 0.000981853487813
507 0.000970701868498
508 0.000959686810763
509 0.000948806505098
510 0.000938059168
511 0.000927443041568
512 0.0009169563931
513 0.000906597514704
514 0.000896364722912
515 0.000886256358299
516 0.000876270785114
517 0.00086640639091
518 0.000856661586184
519 0.000847034804025
520 0.000837524499766
521 0.000828129150637
522 0.000818847255432
523 0.000809677334179
524 0.000800617927812
525 0.000791667597848
526 0.00078282492608
527 0.00077408851426
528 0.000765456983798
529 0.000756928975461
530 0.00074850314908
531 0.00074017818326
532 0.000731952775092
533 0.000723825639877
534 0.000715795510849
535 0.000707861138902
536 0.000700021292326
537 0.000692274756543
538 0.00068462033385
539 0.000677056843164
540 0.000669583119772
541 0.000662198015088
542 0.000654900396408
543 0.000647689146676
544 0.000640563164247
545 0.000633521362656
546 0.000626562670397
547 0.000619686030694
548 0.000612890401288
549 0.000606174754214
550 0.000599538075596
551 0.000592979365434
552 0.000586497637401
553 0.000580091918638
554 0.00057376124956
555 0.000567504683653
556 0.000561321287289
557 0.000555210139533
558 0.000549170331954
559 0.000543200968446
560 0.000537301165047
561 0.000531470049757
562 0.000525706762367
563 0.000520010454286
564 0.00051438028837
565 0.000508815438758
566 0.000503315090705
567 0.000497878440423
568 0.000492504694919
569 0.00048719307184
570 0.000481942799321
571 0.000476753115828
572 0.000471623270015
573 0.000466552520573
574 0.000461540136085
575 0.000456585394887
576 0.000451687584922
577 0.000446846003609
578 0.000442059957703
579 0.000437328763159
580 0.000432651745006
581 0.000428028237214
582 0.000423457582564
583 0.000418939132528
584 0.00041447224714
585 0.000410056294876
586 0.000405690652536
587 0.000401374705123
588 0.000397107845726
589 0.000392889475409
590 0.000388719003095
591 0.000384595845456
592 0.000380519426804
593 0.000376489178981
594 0.000372504541258
595 0.000368564960224
596 0.000364669889687
597 0.000360818790572
598 0.000357011130822
599 0.000353246385296
600 0.000349524035677
601 0.000345843570375
602 0.000342204484429
603 0.000338606279421
604 0.000335048463381
605 0.000331530550697
606 0.000328052062028
607 0.000324612524218
608 0.000321211470207
609 0.000317848438948
610 0.000314522975324
611 0.000311234630067
612 0.000307982959674
613 0.000304767526332
614 0.000301587897834
615 0.000298443647507
616 0.000295334354134
617 0.000292259601876
618 0.000289218980203
619 0.000286212083818
620 0.000283238512588
621 0.000280297871469
622 0.000277389770442
623 0.000274513824438
624 0.000271669653277
625 0.000268856881597
626 0.000266075138788
627 0.000263324058933
628 0.000260603280737
629 0.000257912447469
630 0.000255251206897
631 0.000252619211231
632 0.00025001611706
633 0.000247441585291
634 0.000244895281096
635 0.000242376873851
636 0.000239886037079
637 0.000237422448397
638 0.000234985789455
639 0.000232575745891
&
# S4: Ts=16; empirical; xmin=7
7 1
8 0.851837987572
9 0.740005933912
10 0.65293548396
11 0.582008601399
12 0.525414611287
13 0.475802672479
14 0.43445107157
15 0.400453084664
16 0.370187361877
17 0.342464348005
18 0.316557554785
19 0.293079783384
20 0.273606015988
21 0.257088113044
22 0.241565665388
23 0.226863983097
24 0.213559820208
25 0.201897188047
26 0.191335379701
27 0.181730206661
28 0.173311815971
29 0.165179029445
30 0.157317982803
31 0.14960112467
32 0.142727214749
33 0.135839440549
34 0.129558921803
35 0.123796927121
36 0.118120890974
37 0.11316302452
38 0.10851849079
39 0.104278794029
40 0.100280335737
41 0.0963123788609
42 0.0927326218185
43 0.089496698915
44 0.0862857317151
45 0.0834546457815
46 0.0805875127205
47 0.0778229753299
48 0.0751776707455
49 0.0726848732389
50 0.0703307185302
51 0.0680569766442
52 0.06580264475
53 0.0637035927895
54 0.0617542750507
55 0.0597134530653
56 0.0577474981907
57 0.0558480918592
58 0.0540374169183
59 0.0523265647919
60 0.050521435563
61 0.0489963647858
62 0.0474962497123
63 0.0461957802678
64 0.0448675822637
65 0.0436087056586
66 0.0424274690203
67 0.0413405094846
68 0.0402812785084
69 0.0392248203883
70 0.0382155008194
71 0.0373614611842
72 0.0365268315407
73 0.035706066177
74 0.0349213479407
75 0.0341837682558
76 0.0334905542662
77 0.0327807031408
78 0.0320958077191
79 0.0314192308652
80 0.0308147482663
81 0.0301548085482
82 0.0295031873979
83 0.0288876133751
84 0.0282914493441
85 0.0276814210332
86 0.0270492098747
87 0.0264585915555
88 0.0259289760675
89 0.0253744048758
90 0.0247283294375
91 0.0242181239411
92 0.0235997770624
93 0.0230590701505
94 0.0225266818065
95 0.0220081577422
96 0.0214397222707
97 0.0209156524946
98 0.0203804912946
99 0.0199118786376
100 0.0193794902936
101 0.0188970133568
102 0.0184644478273
103 0.018018018018
104 0.0175826796325
105 0.0171667512388
106 0.0167702328367
107 0.0163986701383
108 0.0160243345839
109 0.0156888190129
110 0.0153782591456
111 0.0150954278378
112 0.0148098236741
113 0.0145408566461
114 0.0142746624741
115 0.0139668754627
116 0.0137228641384
117 0.0134705342462
118 0.0132487057695
119 0.0130435144286
120 0.0127939573923
121 0.0125776746275
122 0.0123197990234
123 0.0120979705467
124 0.011878914926
125 0.0116321307457
126 0.0114269394048
127 0.0112245209198
128 0.0110165567229
129 0.0108058196701
130 0.0105923097613
131 0.010412074124
132 0.0101902456473
133 0.0100044642981
134 0.0098575029323
135 0.00967449443904
136 0.00952198736132
137 0.00936393457169
138 0.00923361034164
139 0.00900623615305
140 0.00887036621109
141 0.00874558769296
142 0.00859862632716
143 0.00845443781732
144 0.00832411358727
145 0.00817437936552
146 0.0080218722878
147 0.00788600234584
148 0.00776676953962
149 0.00763089959766
150 0.00750334822357
151 0.00738688827331
152 0.00727874689094
153 0.00717892407643
154 0.00706523698213
155 0.00692936704017
156 0.00684895421738
157 0.00674635854691
158 0.00663821716453
159 0.00655780434174
160 0.00647461866298
161 0.00637756870444
162 0.00625833589823
163 0.00615574022776
164 0.00603928027751
165 0.00591450175938
166 0.00582577036871
167 0.0057259475542
168 0.00556512190861
169 0.00546529909411
170 0.00538765912727
171 0.00527674488893
172 0.00516860350655
173 0.00506600783609
174 0.00496063930967
175 0.00483308793558
176 0.00473049226512
177 0.00461680517082
178 0.00451698235632
179 0.00443934238948
180 0.00434783814285
181 0.00424524247239
182 0.00412600966618
183 0.00402618685167
184 0.00392913689313
185 0.003804358375
186 0.00371008127241
187 0.00361303131386
188 0.00355480133873
189 0.00343834138848
190 0.00335792856568
191 0.00326919717501
192 0.00319710292009
193 0.00312778152113
194 0.00306955154601
195 0.00298636586725
196 0.00291981732425
197 0.00283108593358
198 0.00275344596674
199 0.00272017169524
200 0.00266194172011
201 0.0026092574569
202 0.00255102748178
203 0.00248170608281
204 0.00241793039577
205 0.00237356470043
206 0.00231810758127
207 0.00227096902997
208 0.00223492190251
209 0.00217669192738
210 0.00213509908801
211 0.00209350624863
212 0.00204359484138
213 0.00200754771392
214 0.0019687277305
215 0.00191049775537
216 0.00187722348387
217 0.00184672206833
218 0.00179958351704
219 0.00176353638958
220 0.00174135354191
221 0.00173026211807
222 0.00169698784657
223 0.00167203214295
224 0.00163321215953
225 0.00161102931186
226 0.00158052789632
227 0.00155557219269
228 0.00152784363311
229 0.00149179650565
230 0.00145297652223
231 0.00142524796264
232 0.00138365512327
233 0.00134760799581
234 0.00133097086006
235 0.00129769658856
236 0.00127274088493
237 0.00125610374918
238 0.00122282947768
239 0.00120341948597
240 0.0011812366383
241 0.00115350807872
242 0.00113687094297
243 0.00112855237509
244 0.00112023380721
245 0.00110082381551
246 0.00108418667975
247 0.00106477668805
248 0.0010342752725
249 0.000998228145043
250 0.000962181017583
251 0.00093167960204
252 0.000917815322247
253 0.000884541050746
254 0.000862358203078
255 0.000834629643494
256 0.000806901083909
257 0.000773626812408
258 0.000756989676657
259 0.000743125396865
260 0.000723715405156
261 0.000709851125364
262 0.000687668277696
263 0.000676576853862
264 0.00066271257407
265 0.000640529726402
266 0.000618346878735
267 0.000607255454901
268 0.000593391175109
269 0.00059061831915
270 0.000565662615524
271 0.000540706911898
272 0.000524069776147
273 0.00051852406423
274 0.000493568360604
275 0.000482476936771
276 0.000468612656978
277 0.000457521233145
278 0.000446429809311
279 0.000432565529518
280 0.000424246961643
281 0.000404836969934
282 0.000402064113975
283 0.000390972690142
284 0.000379881266308
285 0.000377108410349
286 0.000360471274599
287 0.000335515570973
288 0.000332742715014
289 0.000329969859056
290 0.000324424147139
291 0.000318878435222
292 0.000310559867347
293 0.000302241299471
294 0.000288377019679
295 0.000280058451804
296 0.000271739883928
297 0.000266194172011
298 0.000257875604136
299 0.000252329892219
300 0.000244011324344
301 0.00023291990051
302 0.000227374188593
303 0.000216282764759
304 0.000205191340925
305 0.000199645629009
306 0.00019687277305
307 0.00019687277305
308 0.00019687277305
309 0.00019687277305
310 0.000185781349216
311 0.000183008493258
312 0.000174689925382
313 0.000169144213466
314 0.000163598501549
315 0.00016082564559
316 0.000152507077715
317 0.000144188509839
318 0.000141415653881
319 0.000138642797923
320 0.000138642797923
321 0.000138642797923
322 0.000138642797923
323 0.000135869941964
324 0.000130324230047
325 0.00012477851813
326 0.000122005662172
327 0.000122005662172
328 0.000119232806213
329 0.000119232806213
330 0.000119232806213
331 0.000119232806213
332 0.000113687094297
333 0.00010814138238
334 0.00010814138238
335 0.00010814138238
336 0.00010814138238
337 0.000105368526421
338 9.98228145043e-05
339 9.70499585458e-05
340 9.42771025874e-05
341 8.87313906704e-05
342 8.5958534712e-05
343 8.5958534712e-05
344 8.5958534712e-05
345 8.5958534712e-05
346 8.5958534712e-05
347 8.31856787535e-05
348 8.04128227951e-05
349 8.04128227951e-05
350 7.76399668366e-05
351 7.76399668366e-05
352 7.76399668366e-05
353 7.76399668366e-05
354 7.76399668366e-05
355 7.76399668366e-05
356 7.76399668366e-05
357 7.76399668366e-05
358 7.76399668366e-05
359 7.48671108782e-05
360 7.20942549197e-05
361 7.20942549197e-05
362 7.20942549197e-05
363 7.20942549197e-05
364 7.20942549197e-05
365 7.20942549197e-05
366 7.20942549197e-05
367 7.20942549197e-05
368 7.20942549197e-05
369 7.20942549197e-05
370 6.65485430028e-05
371 6.65485430028e-05
372 6.37756870444e-05
373 6.37756870444e-05
374 6.10028310859e-05
375 6.10028310859e-05
376 6.10028310859e-05
377 6.10028310859e-05
378 6.10028310859e-05
379 6.10028310859e-05
380 6.10028310859e-05
381 6.10028310859e-05
382 6.10028310859e-05
383 6.10028310859e-05
384 6.10028310859e-05
385 6.10028310859e-05
386 5.82299751275e-05
387 5.82299751275e-05
388 5.82299751275e-05
389 5.82299751275e-05
390 5.82299751275e-05
391 5.82299751275e-05
392 5.82299751275e-05
393 5.5457119169e-05
394 5.26842632106e-05
395 5.26842632106e-05
396 5.26842632106e-05
397 4.71385512937e-05
398 4.71385512937e-05
399 4.71385512937e-05
400 4.71385512937e-05
401 4.71385512937e-05
402 4.43656953352e-05
403 4.43656953352e-05
404 4.43656953352e-05
405 4.43656953352e-05
406 4.15928393768e-05
407 4.15928393768e-05
408 4.15928393768e-05
409 4.15928393768e-05
410 4.15928393768e-05
411 4.15928393768e-05
412 3.88199834183e-05
413 3.88199834183e-05
414 3.60471274599e-05
415 3.60471274599e-05
416 3.60471274599e-05
417 3.60471274599e-05
418 3.60471274599e-05
419 3.60471274599e-05
420 3.60471274599e-05
421 3.60471274599e-05
422 3.60471274599e-05
423 3.60471274599e-05
424 3.32742715014e-05
425 3.32742715014e-05
426 2.77285595845e-05
427 2.77285595845e-05
428 2.77285595845e-05
429 2.77285595845e-05
430 2.77285595845e-05
431 2.77285595845e-05
432 2.77285595845e-05
433 2.77285595845e-05
434 2.77285595845e-05
435 2.77285595845e-05
436 2.77285595845e-05
437 2.49557036261e-05
438 2.49557036261e-05
439 2.49557036261e-05
440 2.49557036261e-05
441 2.49557036261e-05
442 2.49557036261e-05
443 2.49557036261e-05
444 2.49557036261e-05
445 2.49557036261e-05
446 2.49557036261e-05
447 2.49557036261e-05
448 2.49557036261e-05
449 2.49557036261e-05
450 2.49557036261e-05
451 2.21828476676e-05
452 2.21828476676e-05
453 2.21828476676e-05
454 2.21828476676e-05
455 2.21828476676e-05
456 2.21828476676e-05
457 2.21828476676e-05
458 2.21828476676e-05
459 2.21828476676e-05
460 2.21828476676e-05
461 2.21828476676e-05
462 2.21828476676e-05
463 1.94099917092e-05
464 1.94099917092e-05
465 1.94099917092e-05
466 1.94099917092e-05
467 1.94099917092e-05
468 1.94099917092e-05
469 1.94099917092e-05
470 1.94099917092e-05
471 1.94099917092e-05
472 1.94099917092e-05
473 1.66371357507e-05
474 1.66371357507e-05
475 1.66371357507e-05
476 1.66371357507e-05
477 1.66371357507e-05
478 1.66371357507e-05
479 1.66371357507e-05
480 1.66371357507e-05
481 1.66371357507e-05
482 1.66371357507e-05
483 1.66371357507e-05
484 1.66371357507e-05
485 1.66371357507e-05
486 1.66371357507e-05
487 1.66371357507e-05
488 1.66371357507e-05
489 1.66371357507e-05
490 1.66371357507e-05
491 1.66371357507e-05
492 1.66371357507e-05
493 1.66371357507e-05
494 1.66371357507e-05
495 1.66371357507e-05
496 1.66371357507e-05
497 1.66371357507e-05
498 1.66371357507e-05
499 1.66371357507e-05
500 1.66371357507e-05
501 1.66371357507e-05
502 1.66371357507e-05
503 1.66371357507e-05
504 1.66371357507e-05
505 1.66371357507e-05
506 1.66371357507e-05
507 1.66371357507e-05
508 1.66371357507e-05
509 1.66371357507e-05
510 1.66371357507e-05
511 1.66371357507e-05
512 1.66371357507e-05
513 1.66371357507e-05
514 1.66371357507e-05
515 1.66371357507e-05
516 1.66371357507e-05
517 1.66371357507e-05
518 1.66371357507e-05
519 1.66371357507e-05
520 1.66371357507e-05
521 1.66371357507e-05
522 1.66371357507e-05
523 1.66371357507e-05
524 1.66371357507e-05
525 1.66371357507e-05
526 1.66371357507e-05
527 1.66371357507e-05
528 1.66371357507e-05
529 1.66371357507e-05
530 1.10914238338e-05
531 8.31856787535e-06
532 8.31856787535e-06
533 8.31856787535e-06
534 8.31856787535e-06
535 8.31856787535e-06
536 8.31856787535e-06
537 8.31856787535e-06
538 8.31856787535e-06
539 8.31856787535e-06
540 8.31856787535e-06
541 8.31856787535e-06
542 8.31856787535e-06
543 8.31856787535e-06
544 8.31856787535e-06
545 8.31856787535e-06
546 8.31856787535e-06
547 8.31856787535e-06
548 8.31856787535e-06
549 8.31856787535e-06
550 8.31856787535e-06
551 8.31856787535e-06
552 8.31856787535e-06
553 8.31856787535e-06
554 8.31856787535e-06
555 8.31856787535e-06
556 8.31856787535e-06
557 8.31856787535e-06
558 8.31856787535e-06
559 8.31856787535e-06
560 8.31856787535e-06
561 8.31856787535e-06
562 8.31856787535e-06
563 8.31856787535e-06
564 8.31856787535e-06
565 8.31856787535e-06
566 8.31856787535e-06
567 8.31856787535e-06
568 8.31856787535e-06
569 8.31856787535e-06
570 8.31856787535e-06
571 8.31856787535e-06
572 8.31856787535e-06
573 8.31856787535e-06
574 8.31856787535e-06
575 8.31856787535e-06
576 8.31856787535e-06
577 8.31856787535e-06
578 8.31856787535e-06
579 8.31856787535e-06
580 8.31856787535e-06
581 8.31856787535e-06
582 8.31856787535e-06
583 8.31856787535e-06
584 8.31856787535e-06
585 8.31856787535e-06
586 8.31856787535e-06
587 8.31856787535e-06
588 8.31856787535e-06
589 8.31856787535e-06
590 8.31856787535e-06
591 8.31856787535e-06
592 8.31856787535e-06
593 8.31856787535e-06
594 8.31856787535e-06
595 8.31856787535e-06
596 8.31856787535e-06
597 8.31856787535e-06
598 5.5457119169e-06
599 5.5457119169e-06
600 5.5457119169e-06
601 5.5457119169e-06
602 5.5457119169e-06
603 5.5457119169e-06
604 5.5457119169e-06
605 5.5457119169e-06
606 5.5457119169e-06
607 5.5457119169e-06
608 5.5457119169e-06
609 5.5457119169e-06
610 5.5457119169e-06
611 5.5457119169e-06
612 5.5457119169e-06
613 5.5457119169e-06
614 5.5457119169e-06
615 2.77285595845e-06
616 2.77285595845e-06
617 2.77285595845e-06
618 2.77285595845e-06
619 2.77285595845e-06
620 2.77285595845e-06
621 2.77285595845e-06
622 2.77285595845e-06
623 2.77285595845e-06
624 2.77285595845e-06
625 2.77285595845e-06
626 2.77285595845e-06
627 2.77285595845e-06
628 2.77285595845e-06
629 2.77285595845e-06
630 2.77285595845e-06
631 2.77285595845e-06
632 2.77285595845e-06
633 2.77285595845e-06
634 2.77285595845e-06
635 2.77285595845e-06
&
# S5: Ts=16; model; xmin=7
7 1
8 0.853202840981
9 0.741181368278
10 0.652972903827
11 0.581776232527
12 0.523149948403
13 0.474071624148
14 0.43241358374
15 0.396634949904
16 0.365592612212
17 0.338420801595
18 0.314451890808
19 0.293162851187
20 0.274138170071
21 0.257043615312
22 0.241607318859
23 0.227605904171
24 0.21485415595
25 0.203197220479
26 0.192504642089
27 0.182665750738
28 0.173586056797
29 0.165184405564
30 0.157390711208
31 0.150144137066
32 0.143391623058
33 0.137086685406
34 0.131188431695
35 0.125660747563
36 0.120471621118
37 0.115592578666
38 0.110998210919
39 0.106665773224
40 0.10257484668
41 0.0987070495889
42 0.0950457907478
43 0.0915760576716
44 0.088284234121
45 0.0851579423116
46 0.082185906002
47 0.0793578313106
48 0.0766643026418
49 0.0740966915369
50 0.0716470766165
51 0.0693081730742
52 0.0670732704187
53 0.0649361773622
54 0.0628911729177
55 0.0609329629049
56 0.0590566411802
57 0.057257655005
58 0.0555317740453
59 0.0538750625676
60 0.0522838544539
61 0.0507547307077
62 0.0492844991672
63 0.0478701761772
64 0.0465089700029
65 0.0451982657967
66 0.0439356119493
67 0.0427187076819
68 0.0415453917468
69 0.0404136321257
70 0.0393215166223
71 0.0382672442623
72 0.0372491174192
73 0.036265534597
74 0.0353149838063
75 0.0343960364783
76 0.0335073418656
77 0.0326476218862
78 0.0318156663694
79 0.0310103286684
80 0.0302305216071
81 0.0294752137304
82 0.0287434258348
83 0.0280342277515
84 0.0273467353646
85 0.0266801078419
86 0.026033545062
87 0.0254062852219
88 0.0247976026098
89 0.024206805531
90 0.0236332343737
91 0.0230762598043
92 0.0225352810832
93 0.0220097244895
94 0.0214990418493
95 0.0210027091576
96 0.0205202252881
97 0.020051110784
98 0.0195949067242
99 0.019151173659
100 0.0187194906116
101 0.0182994541386
102 0.0178906774482
103 0.0174927895694
104 0.0171054345707
105 0.016728270824
106 0.0163609703112
107 0.0160032179697
108 0.0156547110754
109 0.0153151586607
110 0.0149842809639
111 0.0146618089093
112 0.0143474836161
113 0.0140410559335
114 0.0137422860003
115 0.0134509428288
116 0.0131668039102
117 0.0128896548403
118 0.0126192889654
119 0.0123555070454
120 0.0120981169353
121 0.0118469332816
122 0.0116017772348
123 0.0113624761758
124 0.0111288634559
125 0.0109007781497
126 0.0106780648195
127 0.0104605732921
128 0.0102481584449
129 0.0100406800035
130 0.00983800234789
131 0.00963999432814
132 0.00944652908869
133 0.00925748390057
134 0.00907274000138
135 0.00889218244253
136 0.00871569994343
137 0.00854318475212
138 0.00837453251219
139 0.00820964213555
140 0.00804841568076
141 0.0078907582367
142 0.00773657781127
143 0.00758578522484
144 0.0074382940083
145 0.00729402030541
146 0.00715288277926
147 0.00701480252265
148 0.00687970297224
149 0.00674750982614
150 0.00661815096503
151 0.00649155637635
152 0.0063676580817
153 0.00624639006705
154 0.00612768821581
155 0.00601149024456
156 0.00589773564126
157 0.00578636560601
158 0.00567732299396
159 0.00557055226061
160 0.00546599940906
161 0.00536361193941
162 0.00526333880003
163 0.00516513034067
164 0.00506893826735
165 0.00497471559897
166 0.00488241662549
167 0.00479199686769
168 0.0047034130384
169 0.00461662300512
170 0.0045315857541
171 0.00444826135558
172 0.00436661093041
173 0.00428659661779
174 0.00420818154418
175 0.00413132979332
176 0.0040560063773
177 0.00398217720861
178 0.00390980907327
179 0.00383886960475
180 0.00376932725889
181 0.00370115128965
182 0.0036343117257
183 0.00356877934776
184 0.00350452566677
185 0.00344152290276
186 0.00337974396443
187 0.00331916242939
188 0.0032597525251
189 0.00320148911042
190 0.00314434765773
191 0.00308830423569
192 0.0030333354925
193 0.00297941863979
194 0.00292653143689
195 0.00287465217577
196 0.00282375966632
197 0.00277383322216
198 0.00272485264691
199 0.00267679822086
200 0.00262965068807
201 0.00258339124385
202 0.00253800152269
203 0.00249346358647
204 0.00244975991314
205 0.00240687338563
206 0.00236478728119
207 0.00232348526101
208 0.00228295136018
209 0.0022431699779
210 0.00220412586803
211 0.00216580412993
212 0.00212819019951
213 0.00209126984062
214 0.00205502913664
215 0.00201945448232
216 0.0019845325759
217 0.00195025041141
218 0.00191659527122
219 0.00188355471879
220 0.00185111659163
221 0.0018192689945
222 0.00178800029272
223 0.00175729910574
224 0.00172715430088
225 0.00169755498723
226 0.00166849050972
227 0.00163995044337
228 0.00161192458767
229 0.00158440296118
230 0.0015573757962
231 0.00153083353363
232 0.00150476681796
233 0.00147916649242
234 0.00145402359422
235 0.00142932934994
236 0.00140507517105
237 0.00138125264957
238 0.00135785355375
239 0.00133486982401
240 0.00131229356887
241 0.00129011706106
242 0.00126833273367
243 0.00124693317646
244 0.00122591113222
245 0.00120525949327
246 0.00118497129801
247 0.00116503972758
248 0.00114545810261
249 0.00112621988004
250 0.00110731865002
251 0.00108874813289
252 0.0010705021763
253 0.00105257475226
254 0.00103495995442
255 0.00101765199532
256 0.00100064520372
257 0.000983934022089
258 0.000967513003989
259 0.000951376811682
260 0.000935520213712
261 0.000919938082568
262 0.000904625392407
263 0.000889577216826
264 0.000874788726699
265 0.000860255188053
266 0.000845971960006
267 0.000831934492756
268 0.000818138325607
269 0.000804579085055
270 0.000791252482917
271 0.000778154314498
272 0.000765280456808
273 0.000752626866825
274 0.000740189579788
275 0.000727964707541
276 0.00071594843691
277 0.000704137028122
278 0.000692526813257
279 0.000681114194743
280 0.000669895643874
281 0.000658867699378
282 0.000648026966005
283 0.000637370113157
284 0.000626893873541
285 0.000616595041862
286 0.000606470473539
287 0.000596517083454
288 0.000586731844728
289 0.000577111787527
290 0.000567653997889
291 0.000558355616587
292 0.000549213838012
293 0.000540225909079
294 0.000531389128161
295 0.000522700844048
296 0.000514158454929
297 0.000505759407389
298 0.00049750119544
299 0.000489381359569
300 0.000481397485798
301 0.000473547204784
302 0.000465828190916
303 0.000458238161453
304 0.000450774875665
305 0.000443436134002
306 0.000436219777278
307 0.00042912368587
308 0.000422145778941
309 0.000415284013673
310 0.000408536384521
311 0.000401900922482
312 0.000395375694376
313 0.000388958802152
314 0.000382648382196
315 0.000376442604662
316 0.00037033967282
317 0.000364337822406
318 0.000358435320998
319 0.0003526304674
320 0.000346921591037
321 0.000341307051367
322 0.000335785237301
323 0.000330354566642
324 0.000325013485526
325 0.000319760467881
326 0.000314594014899
327 0.000309512654515
328 0.000304514940893
329 0.000299599453935
330 0.000294764798788
331 0.000290009605367
332 0.000285332527885
333 0.000280732244396
334 0.000276207456346
335 0.000271756888131
336 0.000267379286666
337 0.000263073420962
338 0.000258838081715
339 0.000254672080896
340 0.000250574251356
341 0.000246543446439
342 0.000242578539595
343 0.000238678424009
344 0.000234842012236
345 0.000231068235839
346 0.000227356045041
347 0.000223704408375
348 0.00022011231235
349 0.000216578761119
350 0.000213102776153
351 0.000209683395924
352 0.000206319675591
353 0.000203010686697
354 0.000199755516869
355 0.000196553269519
356 0.000193403063563
357 0.000190304033134
358 0.000187255327306
359 0.000184256109822
360 0.000181305558829
361 0.000178402866617
362 0.000175547239359
363 0.000172737896865
364 0.000169974072333
365 0.000167255012108
366 0.000164579975445
367 0.000161948234278
368 0.00015935907299
369 0.00015681178819
370 0.000154305688496
371 0.000151840094319
372 0.000149414337648
373 0.000147027761851
374 0.000144679721465
375 0.000142369582001
376 0.000140096719746
377 0.000137860521576
378 0.00013566038476
379 0.000133495716784
380 0.000131365935166
381 0.000129270467278
382 0.000127208750173
383 0.000125180230414
384 0.000123184363905
385 0.000121220615729
386 0.000119288459984
387 0.000117387379625
388 0.00011551686631
389 0.000113676420244
390 0.000111865550034
391 0.000110083772537
392 0.00010833061272
393 0.000106605603514
394 0.00010490828568
395 0.000103238207667
396 0.000101594925482
397 9.9978002557e-05
398 9.83870096214e-05
399 9.68215245728e-05
400 9.52811323544e-05
401 9.37654248321e-05
402 9.22740006754e-05
403 9.08064652386e-05
404 8.93624304464e-05
405 8.79415146797e-05
406 8.65433426643e-05
407 8.51675453618e-05
408 8.3813759862e-05
409 8.24816292776e-05
410 8.11708026405e-05
411 7.98809348003e-05
412 7.86116863244e-05
413 7.73627234e-05
414 7.61337177377e-05
415 7.49243464774e-05
416 7.37342920948e-05
417 7.25632423108e-05
418 7.14108900015e-05
419 7.02769331109e-05
420 6.91610745638e-05
421 6.80630221814e-05
422 6.69824885982e-05
423 6.59191911794e-05
424 6.48728519412e-05
425 6.3843197472e-05
426 6.2829958854e-05
427 6.18328715879e-05
428 6.08516755176e-05
429 5.98861147569e-05
430 5.89359376174e-05
431 5.80008965372e-05
432 5.70807480116e-05
433 5.61752525244e-05
434 5.5284174481e-05
435 5.44072821418e-05
436 5.35443475579e-05
437 5.2695146507e-05
438 5.18594584308e-05
439 5.10370663735e-05
440 5.02277569214e-05
441 4.94313201432e-05
442 4.86475495322e-05
443 4.7876241948e-05
444 4.71171975613e-05
445 4.63702197976e-05
446 4.56351152832e-05
447 4.49116937917e-05
448 4.41997681915e-05
449 4.34991543938e-05
450 4.28096713025e-05
451 4.21311407639e-05
452 4.14633875175e-05
453 4.08062391486e-05
454 4.01595260402e-05
455 3.95230813269e-05
456 3.88967408493e-05
457 3.82803431087e-05
458 3.76737292233e-05
459 3.70767428846e-05
460 3.64892303149e-05
461 3.59110402253e-05
462 3.53420237745e-05
463 3.47820345287e-05
464 3.42309284208e-05
465 3.36885637126e-05
466 3.31548009553e-05
467 3.26295029525e-05
468 3.21125347222e-05
469 3.16037634612e-05
470 3.11030585085e-05
471 3.06102913105e-05
472 3.01253353858e-05
473 2.96480662919e-05
474 2.91783615909e-05
475 2.87161008168e-05
476 2.82611654434e-05
477 2.78134388522e-05
478 2.73728063009e-05
479 2.69391548934e-05
480 2.65123735484e-05
481 2.60923529708e-05
482 2.56789856217e-05
483 2.52721656898e-05
484 2.48717890635e-05
485 2.44777533028e-05
486 2.40899576119e-05
487 2.37083028126e-05
488 2.33326913177e-05
489 2.29630271051e-05
490 2.25992156924e-05
491 2.22411641114e-05
492 2.1888780884e-05
493 2.15419759976e-05
494 2.12006608808e-05
495 2.08647483811e-05
496 2.05341527407e-05
497 2.02087895742e-05
498 1.98885758464e-05
499 1.95734298506e-05
500 1.92632711862e-05
501 1.89580207383e-05
502 1.86576006566e-05
503 1.83619343347e-05
504 1.80709463901e-05
505 1.77845626443e-05
506 1.75027101036e-05
507 1.72253169393e-05
508 1.69523124692e-05
509 1.66836271394e-05
510 1.64191925051e-05
511 1.61589412137e-05
512 1.59028069864e-05
513 1.56507246013e-05
514 1.54026298762e-05
515 1.51584596516e-05
516 1.49181517745e-05
517 1.46816450819e-05
518 1.44488793851e-05
519 1.42197954538e-05
520 1.39943350007e-05
521 1.37724406662e-05
522 1.35540560039e-05
523 1.33391254651e-05
524 1.31275943851e-05
525 1.29194089686e-05
526 1.2714516276e-05
527 1.25128642092e-05
528 1.23144014983e-05
529 1.21190776885e-05
530 1.19268431267e-05
531 1.17376489487e-05
532 1.15514470667e-05
533 1.13681901565e-05
534 1.11878316457e-05
535 1.10103257013e-05
536 1.08356272178e-05
537 1.06636918059e-05
538 1.04944757807e-05
539 1.03279361505e-05
540 1.01640306057e-05
541 1.00027175078e-05
542 9.84395587911e-06
543 9.68770539134e-06
544 9.53392635594e-06
545 9.3825797135e-06
546 9.23362702387e-06
547 9.08703045621e-06
548 8.94275277907e-06
549 8.8007573511e-06
550 8.66100811148e-06
551 8.52346957059e-06
552 8.38810680104e-06
553 8.25488542855e-06
554 8.12377162318e-06
555 7.99473209068e-06
556 7.86773406392e-06
557 7.74274529447e-06
558 7.61973404428e-06
559 7.49866907779e-06
560 7.37951965346e-06
561 7.26225551639e-06
562 7.14684689029e-06
563 7.03326446994e-06
564 6.9214794135e-06
565 6.81146333559e-06
566 6.70318829954e-06
567 6.59662681046e-06
568 6.49175180822e-06
569 6.38853666057e-06
570 6.28695515614e-06
571 6.18698149812e-06
572 6.08859029716e-06
573 5.99175656535e-06
574 5.8964557097e-06
575 5.80266352568e-06
576 5.71035619124e-06
577 5.61951026079e-06
578 5.53010265902e-06
579 5.4421106751e-06
580 5.35551195702e-06
581 5.27028450581e-06
582 5.1864066698e-06
583 5.10385713937e-06
584 5.02261494129e-06
585 4.94265943352e-06
586 4.86397029997e-06
587 4.78652754521e-06
588 4.71031148952e-06
589 4.63530276373e-06
590 4.56148230465e-06
591 4.48883134962e-06
592 4.41733143242e-06
593 4.34696437801e-06
594 4.27771229838e-06
595 4.20955758762e-06
596 4.14248291769e-06
597 4.0764712339e-06
598 4.0115057508e-06
599 3.94756994759e-06
600 3.88464756407e-06
601 3.82272259669e-06
602 3.76177929429e-06
603 3.70180215425e-06
604 3.64277591824e-06
605 3.58468556882e-06
606 3.52751632526e-06
607 3.47125364009e-06
608 3.41588319508e-06
609 3.36139089785e-06
610 3.30776287838e-06
611 3.25498548526e-06
612 3.20304528234e-06
613 3.15192904543e-06
614 3.10162375872e-06
615 3.05211661167e-06
616 3.00339499582e-06
617 2.95544650131e-06
618 2.90825891403e-06
619 2.86182021247e-06
620 2.81611856467e-06
621 2.77114232516e-06
622 2.726880032e-06
623 2.68332040398e-06
624 2.64045233778e-06
625 2.59826490501e-06
626 2.55674734972e-06
627 2.51588908529e-06
628 2.47567969214e-06
629 2.43610891493e-06
630 2.39716665995e-06
631 2.3588429926e-06
632 2.32112813481e-06
633 2.28401246272e-06
634 2.24748650413e-06
635 2.21154093616e-06
&
# S6: Ts=32; empirical; xmin=5
5 1
6 0.753569537659
7 0.596700656139
8 0.489079711993
9 0.41129476525
10 0.352441604486
11 0.307296411492
12 0.271816461136
13 0.243243011509
14 0.219258890887
15 0.198983102438
16 0.18192691799
17 0.167770949397
18 0.154793930339
19 0.143190923375
20 0.132754004677
21 0.123168073189
22 0.114786813771
23 0.107322991445
24 0.10040362945
25 0.0941744888182
26 0.0883226120377
27 0.0829337408926
28 0.0781579235055
29 0.0735278671517
30 0.0693179455411
31 0.0657789533929
32 0.0626429476311
33 0.0595498127614
34 0.0569068222594
35 0.0545574973688
36 0.0522917707179
37 0.0501932405464
38 0.0481204329103
39 0.0462319701104
40 0.0443970959258
41 0.0426822602392
42 0.0411817790134
43 0.0396491446185
44 0.0381915342849
45 0.0368239528249
46 0.0355721227737
47 0.0343395846239
48 0.03321208016
49 0.0322110448279
50 0.0312100094959
51 0.0303268691173
52 0.0293579869544
53 0.0285305787356
54 0.0276517254462
55 0.026903628378
56 0.026142670042
57 0.0254503051336
58 0.0248158159295
59 0.0241598912794
60 0.0234953924509
61 0.0229402143973
62 0.0223743186208
63 0.0217977051211
64 0.0212382399784
65 0.0206723442018
66 0.0200978742468
67 0.0194933946673
68 0.018783881402
69 0.0178664443096
70 0.0169039927805
71 0.0161537521677
72 0.0158022108519
73 0.0154228034563
74 0.0150369654268
75 0.0147197208248
76 0.0143896149551
77 0.0140916622545
78 0.0137851353756
79 0.0134893262196
80 0.013229957322
81 0.0129384352553
82 0.0126383390102
83 0.0123360992204
84 0.0120745867782
85 0.0118173614252
86 0.011605150509
87 0.0113822218697
88 0.0111635803197
89 0.0109578000373
90 0.010734871398
91 0.0105505265617
92 0.0103704688146
93 0.0101732627107
94 0.0100039226866
95 0.00980242949346
96 0.00965881200471
97 0.00943802691006
98 0.00923224662767
99 0.00904361470214
100 0.00887856176731
101 0.00874351845699
102 0.00861919286971
103 0.00847343183635
104 0.00831480953534
105 0.00815190014512
106 0.00801471329019
107 0.00789253124752
108 0.00777249274946
109 0.00763959298375
110 0.00751526739647
111 0.00738451117537
112 0.00724732432044
113 0.00711871164395
114 0.0070029602351
115 0.0068979265493
116 0.00679932349732
117 0.00670286398995
118 0.00655281586737
119 0.00644135154775
120 0.00633631786194
121 0.00623771480996
122 0.00611981985651
123 0.00601478617071
124 0.00593333147559
125 0.00584330260205
126 0.00575113018389
127 0.00565252713192
128 0.00555606762455
129 0.00547246938482
130 0.00537172278824
131 0.00529241163773
132 0.00520452630879
133 0.00511021034603
134 0.00503518628474
135 0.0049451574112
136 0.00487013334991
137 0.0047629561195
138 0.00470936750429
139 0.00461719508614
140 0.00454217102485
141 0.0044778646866
142 0.00441570189296
143 0.00431924238559
144 0.00424850541352
145 0.00418205553067
146 0.00411989273703
147 0.00401271550662
148 0.0039033947316
149 0.00383265775952
150 0.00375120306441
151 0.00368475318156
152 0.00362259038792
153 0.00354327923741
154 0.00350040834525
155 0.00342752782857
156 0.0033589344011
157 0.00328176679521
158 0.00323675235843
159 0.00317030247558
160 0.00312528803881
161 0.00306955587899
162 0.00299881890692
163 0.0029409432025
164 0.00289164167651
165 0.00284448369513
166 0.00278875153531
167 0.00273730646472
168 0.00267514367108
169 0.00264513404656
170 0.00260011960979
171 0.00254438744998
172 0.0024993730132
173 0.00245864566565
174 0.00241791831809
175 0.00235575552445
176 0.00231288463229
177 0.00224857829404
178 0.00220570740187
179 0.00217569777736
180 0.00212210916215
181 0.00208781244842
182 0.00204708510086
183 0.00199778357488
184 0.00196134331654
185 0.00191847242437
186 0.00188417571064
187 0.00184130481847
188 0.0017962903817
189 0.00175127594493
190 0.00170626150816
191 0.00166982124982
192 0.00162051972383
193 0.00159694073314
194 0.00157550528705
195 0.00155621338558
196 0.00152834730567
197 0.00149405059194
198 0.00147047160125
199 0.00142545716448
200 0.00139330399535
201 0.00136115082623
202 0.00133757183554
203 0.00131399284485
204 0.00127969613112
205 0.00125826068503
206 0.00123468169434
207 0.00120895915904
208 0.00117894953453
209 0.00116180117766
210 0.00114250927619
211 0.00112964800854
212 0.00111678674089
213 0.0010932077502
214 0.00108249002716
215 0.00106105458108
216 0.00103533204578
217 0.00101175305509
218 0.000998891787438
219 0.000973169252139
220 0.000949590261448
221 0.000930298359974
222 0.000915293547716
223 0.000902432280067
224 0.000880996833985
225 0.000870279110943
226 0.000868135566335
227 0.000850987209469
228 0.00083812594182
229 0.000825264674171
230 0.000810259861913
231 0.000797398594263
232 0.000786680871222
233 0.000769532514356
234 0.000754527702099
235 0.000733092256016
236 0.000715943899151
237 0.000705226176109
238 0.00069236490846
239 0.000685934274635
240 0.000677360096202
241 0.000662355283945
242 0.000649494016295
243 0.000625915025605
244 0.000615197302563
245 0.000602336034914
246 0.000587331222656
247 0.000570182865791
248 0.000550890964316
249 0.000544460330492
250 0.000525168429018
251 0.000512307161368
252 0.000499445893719
253 0.000480153992245
254 0.00047372335842
255 0.000467292724595
256 0.000456575001554
257 0.000450144367729
258 0.00043728310008
259 0.000428708921647
260 0.000417991198606
261 0.000411560564781
262 0.000405129930956
263 0.000398699297132
264 0.000390125118699
265 0.000381550940266
266 0.000372976761833
267 0.000370833217225
268 0.0003644025834
269 0.000362259038792
270 0.000362259038792
271 0.000355828404967
272 0.000351541315751
273 0.000345110681926
274 0.000334392958885
275 0.000332249414276
276 0.000330105869668
277 0.00032796232506
278 0.000323675235843
279 0.000317244602019
280 0.000310813968194
281 0.000302239789761
282 0.000300096245153
283 0.000297952700545
284 0.000297952700545
285 0.00029152206672
286 0.00029152206672
287 0.000287234977503
288 0.000280804343679
289 0.000274373709854
290 0.000272230165246
291 0.000272230165246
292 0.000270086620638
293 0.000267943076029
294 0.000263655986813
295 0.000257225352988
296 0.000252938263772
297 0.000250794719164
298 0.000246507629947
299 0.000246507629947
300 0.000246507629947
301 0.000240076996122
302 0.000237933451514
303 0.000235789906906
304 0.000233646362298
305 0.000233646362298
306 0.000233646362298
307 0.000229359273081
308 0.000229359273081
309 0.000227215728473
310 0.000225072183865
311 0.000225072183865
312 0.000225072183865
313 0.000222928639256
314 0.000222928639256
315 0.000222928639256
316 0.00021864155004
317 0.000216498005432
318 0.000212210916215
319 0.000210067371607
320 0.000203636737782
321 0.000203636737782
322 0.000199349648566
323 0.000199349648566
324 0.000197206103958
325 0.000192919014741
326 0.000190775470133
327 0.000190775470133
328 0.000190775470133
329 0.000190775470133
330 0.000190775470133
331 0.000190775470133
332 0.000190775470133
333 0.000190775470133
334 0.000190775470133
335 0.000186488380916
336 0.000184344836308
337 0.000177914202484
338 0.000173627113267
339 0.000171483568659
340 0.000169340024051
341 0.000167196479442
342 0.000165052934834
343 0.000162909390226
344 0.000162909390226
345 0.000160765845618
346 0.000160765845618
347 0.000158622301009
348 0.000154335211793
349 0.000147904577968
350 0.00014576103336
351 0.000141473944144
352 0.000137186854927
353 0.000135043310319
354 0.000132899765711
355 0.000132899765711
356 0.000130756221102
357 0.000130756221102
358 0.000128612676494
359 0.000126469131886
360 0.000126469131886
361 0.000126469131886
362 0.000124325587278
363 0.000122182042669
364 0.000120038498061
365 0.000120038498061
366 0.000115751408845
367 0.000113607864236
368 0.000111464319628
369 0.00010932077502
370 0.000107177230412
371 0.000102890141195
372 0.000100746596587
373 0.000100746596587
374 9.64595073706e-05
375 9.64595073706e-05
376 9.43159627623e-05
377 9.43159627623e-05
378 9.00288735459e-05
379 8.57417843294e-05
380 8.57417843294e-05
381 8.35982397212e-05
382 8.14546951129e-05
383 8.14546951129e-05
384 7.93111505047e-05
385 7.93111505047e-05
386 7.93111505047e-05
387 7.71676058965e-05
388 7.71676058965e-05
389 7.71676058965e-05
390 7.71676058965e-05
391 7.50240612882e-05
392 7.07369720718e-05
393 7.07369720718e-05
394 7.07369720718e-05
395 6.64498828553e-05
396 6.64498828553e-05
397 6.43063382471e-05
398 6.43063382471e-05
399 6.21627936388e-05
400 6.21627936388e-05
401 6.21627936388e-05
402 6.21627936388e-05
403 6.21627936388e-05
404 6.21627936388e-05
405 5.78757044223e-05
406 5.78757044223e-05
407 5.78757044223e-05
408 5.78757044223e-05
409 5.78757044223e-05
410 5.78757044223e-05
411 5.78757044223e-05
412 5.78757044223e-05
413 5.78757044223e-05
414 5.78757044223e-05
415 5.78757044223e-05
416 5.35886152059e-05
417 5.14450705976e-05
418 5.14450705976e-05
419 5.14450705976e-05
420 5.14450705976e-05
421 5.14450705976e-05
422 5.14450705976e-05
423 5.14450705976e-05
424 4.93015259894e-05
425 4.93015259894e-05
426 4.71579813812e-05
427 4.71579813812e-05
428 4.50144367729e-05
429 4.50144367729e-05
430 4.50144367729e-05
431 4.50144367729e-05
432 4.50144367729e-05
433 4.50144367729e-05
434 4.28708921647e-05
435 4.28708921647e-05
436 4.28708921647e-05
437 4.28708921647e-05
438 4.28708921647e-05
439 4.07273475565e-05
440 4.07273475565e-05
441 4.07273475565e-05
442 4.07273475565e-05
443 4.07273475565e-05
444 4.07273475565e-05
445 4.07273475565e-05
446 4.07273475565e-05
447 4.07273475565e-05
448 4.07273475565e-05
449 4.07273475565e-05
450 3.85838029482e-05
451 3.85838029482e-05
452 3.85838029482e-05
453 3.85838029482e-05
454 3.85838029482e-05
455 3.85838029482e-05
456 3.644025834e-05
457 3.42967137318e-05
458 3.21531691235e-05
459 3.21531691235e-05
460 3.21531691235e-05
461 3.21531691235e-05
462 3.21531691235e-05
463 3.21531691235e-05
464 3.00096245153e-05
465 3.00096245153e-05
466 3.00096245153e-05
467 3.00096245153e-05
468 2.57225352988e-05
469 2.57225352988e-05
470 2.57225352988e-05
471 2.57225352988e-05
472 2.35789906906e-05
473 2.35789906906e-05
474 2.35789906906e-05
475 2.35789906906e-05
476 2.35789906906e-05
477 2.35789906906e-05
478 2.35789906906e-05
479 2.35789906906e-05
480 2.35789906906e-05
481 2.35789906906e-05
482 2.35789906906e-05
483 2.35789906906e-05
484 2.35789906906e-05
485 2.35789906906e-05
486 2.35789906906e-05
487 2.35789906906e-05
488 2.35789906906e-05
489 2.35789906906e-05
490 2.35789906906e-05
491 2.35789906906e-05
492 2.35789906906e-05
493 1.92919014741e-05
494 1.92919014741e-05
495 1.92919014741e-05
496 1.92919014741e-05
497 1.92919014741e-05
498 1.92919014741e-05
499 1.92919014741e-05
500 1.92919014741e-05
501 1.92919014741e-05
502 1.92919014741e-05
503 1.92919014741e-05
504 1.92919014741e-05
505 1.92919014741e-05
506 1.92919014741e-05
507 1.92919014741e-05
508 1.71483568659e-05
509 1.71483568659e-05
510 1.71483568659e-05
511 1.71483568659e-05
512 1.71483568659e-05
513 1.71483568659e-05
514 1.71483568659e-05
515 1.71483568659e-05
516 1.71483568659e-05
517 1.71483568659e-05
518 1.50048122576e-05
519 1.28612676494e-05
520 1.28612676494e-05
521 1.28612676494e-05
522 1.28612676494e-05
523 1.28612676494e-05
524 1.28612676494e-05
525 1.28612676494e-05
526 1.28612676494e-05
527 1.07177230412e-05
528 1.07177230412e-05
529 1.07177230412e-05
530 1.07177230412e-05
531 8.57417843294e-06
532 8.57417843294e-06
533 6.43063382471e-06
534 6.43063382471e-06
535 6.43063382471e-06
536 6.43063382471e-06
537 6.43063382471e-06
538 6.43063382471e-06
539 6.43063382471e-06
540 6.43063382471e-06
541 6.43063382471e-06
542 4.28708921647e-06
543 4.28708921647e-06
544 4.28708921647e-06
545 4.28708921647e-06
546 4.28708921647e-06
547 4.28708921647e-06
548 4.28708921647e-06
549 4.28708921647e-06
550 4.28708921647e-06
551 4.28708921647e-06
552 4.28708921647e-06
553 4.28708921647e-06
554 4.28708921647e-06
555 4.28708921647e-06
556 4.28708921647e-06
557 4.28708921647e-06
558 4.28708921647e-06
559 4.28708921647e-06
560 4.28708921647e-06
561 4.28708921647e-06
562 4.28708921647e-06
563 4.28708921647e-06
564 4.28708921647e-06
565 4.28708921647e-06
566 4.28708921647e-06
567 4.28708921647e-06
568 4.28708921647e-06
569 4.28708921647e-06
570 4.28708921647e-06
571 4.28708921647e-06
572 4.28708921647e-06
573 4.28708921647e-06
574 4.28708921647e-06
575 2.14354460824e-06
576 2.14354460824e-06
577 2.14354460824e-06
578 2.14354460824e-06
579 2.14354460824e-06
580 2.14354460824e-06
581 2.14354460824e-06
582 2.14354460824e-06
583 2.14354460824e-06
584 2.14354460824e-06
585 2.14354460824e-06
586 2.14354460824e-06
587 2.14354460824e-06
588 2.14354460824e-06
589 2.14354460824e-06
590 2.14354460824e-06
591 2.14354460824e-06
592 2.14354460824e-06
593 2.14354460824e-06
594 2.14354460824e-06
595 2.14354460824e-06
596 2.14354460824e-06
597 2.14354460824e-06
598 2.14354460824e-06
&
# S7: Ts=32; model; xmin=5
5 1
6 0.758433398218
7 0.601863304758
8 0.493352353916
9 0.414369799068
10 0.354686829414
11 0.308235731671
12 0.271208816639
13 0.241106092062
14 0.21622400509
15 0.19536505415
16 0.177664939992
17 0.162485525641
18 0.149346263879
19 0.137878958365
20 0.127797141376
21 0.118874869884
22 0.110931743976
23 0.103822128727
24 0.0974272729777
25 0.0916494609137
26 0.0864076135878
27 0.0816339401828
28 0.077271359698
29 0.0732714951881
30 0.0695930984452
31 0.0662008017561
32 0.0630641206645
33 0.0601566511422
34 0.057455418631
35 0.0549403466835
36 0.052593820497
37 0.0504003262725
38 0.0483461515672
39 0.0464191350158
40 0.0446084562487
41 0.0429044587249
42 0.0412984996548
43 0.0397828223362
44 0.0383504471186
45 0.0369950779229
46 0.0357110218053
47 0.0344931195047
48 0.0333366852761
49 0.032237454602
50 0.0311915386144
51 0.0301953842485
52 0.0292457393128
53 0.0283396217857
54 0.0274742927585
55 0.0266472325334
56 0.0258561194578
57 0.0250988111399
58 0.02437332774
59 0.0236778370778
60 0.0230106413301
61 0.022370165127
62 0.0217549448774
63 0.0211636191817
64 0.0205949202035
65 0.020047665892
66 0.0195207529596
67 0.0190131505312
68 0.0185238943912
69 0.0180520817652
70 0.017596866579
71 0.017157455145
72 0.0167331022329
73 0.0163231074848
74 0.0159268121405
75 0.0155435960423
76 0.0151728748929
77 0.0148140977402
78 0.0144667446694
79 0.0141303246821
80 0.0138043737445
81 0.0134884529906
82 0.0131821470654
83 0.0128850625955
84 0.0125968267771
85 0.0123170860695
86 0.0120455049862
87 0.011781764975
88 0.0115255633795
89 0.0112766124751
90 0.0110346385737
91 0.0107993811915
92 0.0105705922744
93 0.0103480354768
94 0.0101314854898
95 0.00992072741398
96 0.00971555617468
97 0.00951577597544
98 0.00932119978724
99 0.00913164887077
100 0.00894695232922
101 0.00876694668942
102 0.00859147550925
103 0.00842038900944
104 0.00825354372797
105 0.00809080219562
106 0.007932032631
107 0.00777710865388
108 0.00762590901546
109 0.00747831734449
110 0.00733422190813
111 0.00719351538664
112 0.00705609466086
113 0.0069218606118
114 0.00679071793139
115 0.00666257494382
116 0.00653734343675
117 0.00641493850161
118 0.00629527838276
119 0.00617828433455
120 0.00606388048615
121 0.00595199371348
122 0.00584255351779
123 0.00573549191063
124 0.00563074330474
125 0.00552824441049
126 0.00542793413758
127 0.00532975350175
128 0.00523364553605
129 0.00513955520658
130 0.00504742933238
131 0.00495721650917
132 0.00486886703682
133 0.00478233285036
134 0.00469756745415
135 0.0046145258593
136 0.00453316452397
137 0.00445344129644
138 0.00437531536089
139 0.00429874718556
140 0.0042236984734
141 0.00415013211488
142 0.00407801214295
143 0.00400730368999
144 0.00393797294672
145 0.00386998712289
146 0.00380331440966
147 0.0037379239437
148 0.00367378577275
149 0.00361087082272
150 0.00354915086617
151 0.00348859849212
152 0.00342918707714
153 0.00337089075763
154 0.00331368440329
155 0.00325754359164
156 0.0032024445836
157 0.00314836430009
158 0.00309528029953
159 0.00304317075627
160 0.0029920144399
161 0.00294179069534
162 0.00289247942377
163 0.00284406106421
164 0.00279651657599
165 0.00274982742167
166 0.00270397555084
167 0.0026589433844
168 0.00261471379946
169 0.00257127011488
170 0.00252859607727
171 0.00248667584754
172 0.002445493988
173 0.00240503544984
174 0.00236528556118
175 0.00232623001544
176 0.00228785486026
177 0.0022501464867
178 0.00221309161891
179 0.00217667730412
180 0.00214089090303
181 0.00210572008051
182 0.0020711527966
183 0.00203717729791
184 0.00200378210922
185 0.00197095602545
186 0.00193868810382
187 0.00190696765641
188 0.00187578424282
189 0.00184512766317
190 0.00181498795135
191 0.00178535536842
192 0.00175622039628
193 0.00172757373158
194 0.00169940627973
195 0.00167170914921
196 0.00164447364604
197 0.00161769126835
198 0.00159135370126
199 0.00156545281181
200 0.0015399806441
201 0.00151492941461
202 0.00149029150758
203 0.00146605947066
204 0.0014422260106
205 0.00141878398907
206 0.00139572641872
207 0.00137304645921
208 0.00135073741348
209 0.0013287927241
210 0.00130720596969
211 0.00128597086148
212 0.00126508124001
213 0.00124453107188
214 0.00122431444659
215 0.00120442557351
216 0.00118485877894
217 0.0011656085032
218 0.0011466692979
219 0.00112803582317
220 0.00110970284512
221 0.00109166523319
222 0.00107391795777
223 0.00105645608772
224 0.00103927478809
225 0.00102236931782
226 0.00100573502753
227 0.000989367357383
228 0.000973261835022
229 0.000957414073513
230 0.000941819769391
231 0.000926474700741
232 0.000911374725338
233 0.000896515778833
234 0.000881893872991
235 0.000867505093978
236 0.000853345600691
237 0.000839411623138
238 0.000825699460854
239 0.000812205481366
240 0.000798926118696
241 0.000785857871904
242 0.000772997303668
243 0.000760341038902
244 0.000747885763414
245 0.00073562822259
246 0.000723565220121
247 0.000711693616758
248 0.000700010329102
249 0.000688512328418
250 0.000677196639489
251 0.000666060339493
252 0.000655100556909
253 0.000644314470449
254 0.000633699308025
255 0.000623252345728
256 0.000612970906843
257 0.000602852360886
258 0.000592894122665
259 0.000583093651357
260 0.000573448449619
261 0.000563956062715
262 0.000554614077659
263 0.000545420122388
264 0.000536371864949
265 0.000527467012709
266 0.000518703311579
267 0.00051007854526
268 0.000501590534506
269 0.000493237136407
270 0.00048501624368
271 0.000476925783989
272 0.000468963719272
273 0.000461128045084
274 0.000453416789959
275 0.000445828014786
276 0.000438359812196
277 0.000431010305963
278 0.000423777650428
279 0.000416660029919
280 0.000409655658201
281 0.000402762777926
282 0.000395979660103
283 0.000389304603576
284 0.000382735934514
285 0.000376272005915
286 0.000369911197113
287 0.000363651913309
288 0.000357492585098
289 0.000351431668017
290 0.000345467642094
291 0.000339599011418
292 0.000333824303705
293 0.000328142069883
294 0.000322550883682
295 0.000317049341232
296 0.000311636060673
297 0.000306309681769
298 0.000301068865532
299 0.000295912293855
300 0.000290838669149
301 0.000285846713992
302 0.000280935170783
303 0.000276102801402
304 0.000271348386879
305 0.000266670727068
306 0.000262068640329
307 0.000257540963215
308 0.000253086550167
309 0.000248704273215
310 0.000244393021682
311 0.000240151701897
312 0.000235979236914
313 0.000231874566232
314 0.000227836645528
315 0.000223864446387
316 0.000219956956043
317 0.000216113177124
318 0.000212332127399
319 0.000208612839534
320 0.000204954360848
321 0.000201355753081
322 0.000197816092155
323 0.000194334467953
324 0.000190909984091
325 0.000187541757699
326 0.000184228919208
327 0.000180970612137
328 0.000177765992885
329 0.000174614230529
330 0.000171514506625
331 0.000168466015008
332 0.000165467961603
333 0.000162519564236
334 0.000159620052447
335 0.000156768667305
336 0.000153964661236
337 0.000151207297842
338 0.000148495851727
339 0.000145829608333
340 0.000143207863769
341 0.000140629924649
342 0.000138095107929
343 0.000135602740753
344 0.000133152160296
345 0.000130742713608
346 0.000128373757469
347 0.00012604465824
348 0.000123754791718
349 0.000121503542992
350 0.000119290306307
351 0.000117114484922
352 0.000114975490978
353 0.000112872745364
354 0.000110805677586
355 0.000108773725639
356 0.000106776335881
357 0.000104812962907
358 0.000102883069428
359 0.000100986126151
360 9.91216116595e-05
361 9.72890122998e-05
362 9.54878220634e-05
363 9.37175424762e-05
364 9.19776824875e-05
365 9.02677583607e-05
366 8.85872935668e-05
367 8.69358186777e-05
368 8.53128712637e-05
369 8.37179957904e-05
370 8.21507435187e-05
371 8.06106724055e-05
372 7.90973470064e-05
373 7.76103383799e-05
374 7.6149223993e-05
375 7.47135876281e-05
376 7.33030192918e-05
377 7.19171151247e-05
378 7.05554773127e-05
379 6.92177139999e-05
380 6.79034392025e-05
381 6.6612272724e-05
382 6.53438400721e-05
383 6.40977723765e-05
384 6.28737063081e-05
385 6.16712839993e-05
386 6.04901529655e-05
387 5.93299660282e-05
388 5.81903812386e-05
389 5.70710618023e-05
390 5.59716760065e-05
391 5.48918971459e-05
392 5.38314034523e-05
393 5.2789878023e-05
394 5.1767008752e-05
395 5.07624882606e-05
396 4.97760138308e-05
397 4.88072873379e-05
398 4.78560151855e-05
399 4.69219082404e-05
400 4.60046817693e-05
401 4.51040553756e-05
402 4.42197529379e-05
403 4.33515025489e-05
404 4.24990364549e-05
405 4.16620909973e-05
406 4.08404065536e-05
407 4.00337274798e-05
408 3.92418020543e-05
409 3.84643824209e-05
410 3.77012245347e-05
411 3.69520881071e-05
412 3.62167365522e-05
413 3.54949369343e-05
414 3.47864599156e-05
415 3.40910797045e-05
416 3.34085740056e-05
417 3.2738723969e-05
418 3.20813141419e-05
419 3.14361324191e-05
420 3.08029699957e-05
421 3.01816213198e-05
422 2.9571884046e-05
423 2.89735589889e-05
424 2.83864500786e-05
425 2.78103643155e-05
426 2.72451117265e-05
427 2.66905053213e-05
428 2.61463610499e-05
429 2.561249776e-05
430 2.50887371555e-05
431 2.45749037553e-05
432 2.4070824853e-05
433 2.35763304766e-05
434 2.30912533489e-05
435 2.26154288492e-05
436 2.21486949744e-05
437 2.16908923014e-05
438 2.12418639497e-05
439 2.08014555443e-05
440 2.03695151797e-05
441 1.99458933841e-05
442 1.95304430837e-05
443 1.91230195682e-05
444 1.87234804561e-05
445 1.83316856609e-05
446 1.79474973576e-05
447 1.75707799497e-05
448 1.72014000365e-05
449 1.68392263812e-05
450 1.6484129879e-05
451 1.61359835258e-05
452 1.57946623875e-05
453 1.54600435696e-05
454 1.51320061867e-05
455 1.48104313337e-05
456 1.44952020555e-05
457 1.41862033195e-05
458 1.38833219859e-05
459 1.35864467806e-05
460 1.32954682668e-05
461 1.30102788181e-05
462 1.27307725915e-05
463 1.24568455009e-05
464 1.21883951908e-05
465 1.19253210102e-05
466 1.16675239877e-05
467 1.14149068058e-05
468 1.11673737762e-05
469 1.09248308154e-05
470 1.06871854207e-05
471 1.0454346646e-05
472 1.02262250786e-05
473 1.00027328158e-05
474 9.78378344219e-06
475 9.56929200702e-06
476 9.359175002e-06
477 9.15335033924e-06
478 8.95173732973e-06
479 8.75425666191e-06
480 8.5608303807e-06
481 8.37138186649e-06
482 8.18583581497e-06
483 8.00411821655e-06
484 7.82615633677e-06
485 7.65187869645e-06
486 7.48121505223e-06
487 7.31409637766e-06
488 7.15045484423e-06
489 6.99022380257e-06
490 6.83333776452e-06
491 6.67973238466e-06
492 6.52934444256e-06
493 6.38211182524e-06
494 6.23797350996e-06
495 6.09686954667e-06
496 5.95874104159e-06
497 5.82353014023e-06
498 5.69118001126e-06
499 5.56163483012e-06
500 5.43483976312e-06
501 5.31074095167e-06
502 5.18928549698e-06
503 5.07042144438e-06
504 4.95409776868e-06
505 4.84026435887e-06
506 4.72887200376e-06
507 4.61987237743e-06
508 4.51321802497e-06
509 4.40886234843e-06
510 4.30675959306e-06
511 4.20686483338e-06
512 4.10913396021e-06
513 4.01352366686e-06
514 3.91999143656e-06
515 3.82849552905e-06
516 3.73899496842e-06
517 3.65144953007e-06
518 3.56581972882e-06
519 3.48206680645e-06
520 3.40015271982e-06
521 3.32004012904e-06
522 3.24169238575e-06
523 3.16507352183e-06
524 3.09014823796e-06
525 3.01688189241e-06
526 2.94524049027e-06
527 2.87519067232e-06
528 2.80669970476e-06
529 2.73973546849e-06
530 2.67426644862e-06
531 2.61026172454e-06
532 2.54769095975e-06
533 2.48652439194e-06
534 2.42673282325e-06
535 2.36828761069e-06
536 2.31116065674e-06
537 2.25532440001e-06
538 2.20075180579e-06
539 2.1474163574e-06
540 2.09529204709e-06
541 2.04435336737e-06
542 1.99457530203e-06
543 1.94593331815e-06
544 1.8984033574e-06
545 1.85196182767e-06
546 1.80658559534e-06
547 1.76225197701e-06
548 1.71893873158e-06
549 1.67662405259e-06
550 1.63528656061e-06
551 1.59490529572e-06
552 1.55545971003e-06
553 1.51692966033e-06
554 1.47929540095e-06
555 1.44253757706e-06
556 1.40663721704e-06
557 1.37157572622e-06
558 1.33733487973e-06
559 1.3038968163e-06
560 1.27124403126e-06
561 1.23935937035e-06
562 1.20822602345e-06
563 1.17782751829e-06
564 1.14814771435e-06
565 1.1191707967e-06
566 1.0908812702e-06
567 1.06326395366e-06
568 1.03630397397e-06
569 1.00998676078e-06
570 9.84298040518e-07
571 9.59223831143e-07
572 9.34750436832e-07
573 9.10864442538e-07
574 8.87552708884e-07
575 8.6480236694e-07
576 8.42600813233e-07
577 8.20935704859e-07
578 7.99794954598e-07
579 7.79166725917e-07
580 7.59039428533e-07
581 7.39401713745e-07
582 7.20242469665e-07
583 7.01550816884e-07
584 6.83316104033e-07
585 6.65527903565e-07
586 6.48176007312e-07
587 6.31250422489e-07
588 6.14741367255e-07
589 5.98639267158e-07
590 5.82934750581e-07
591 5.67618645309e-07
592 5.52681974519e-07
593 5.38115952908e-07
594 5.23911983019e-07
595 5.10061651693e-07
596 4.96556726293e-07
597 4.83389151484e-07
598 4.70551045573e-07
&
# S8: Ts=64; empirical; xmin=13
13 1
14 0.893198916292
15 0.805781328124
16 0.731875210753
17 0.666841083243
18 0.610155695864
19 0.562470203835
20 0.52144742503
21 0.484424599714
22 0.452215671911
23 0.421704398786
24 0.39539075127
25 0.370588714085
26 0.348216881199
27 0.32805432495
28 0.309077801421
29 0.291159405123
30 0.274927035732
31 0.260345809932
32 0.247090150115
33 0.23477633981
34 0.223520656737
35 0.213090545459
36 0.203520889292
37 0.194009371984
38 0.185614120766
39 0.177765374821
40 0.170451506378
41 0.163788793154
42 0.157184218788
43 0.150916849804
44 0.144765758538
45 0.139184428088
46 0.133754258671
47 0.128149672678
48 0.123207869676
49 0.118707922001
50 0.114533551935
51 0.110266159696
52 0.106196439576
53 0.102359274892
54 0.09892908222
55 0.0959291171033
56 0.0927198520947
57 0.0895803537168
58 0.0864989941977
59 0.0837432122882
60 0.0814060301624
61 0.0792432646132
62 0.0771153823793
63 0.0749758723736
64 0.0728712456832
65 0.0709642911129
66 0.0693247752933
67 0.0673713096359
68 0.0655108661527
69 0.0636853059848
70 0.0621155567959
71 0.060441157661
72 0.0590690805921
73 0.0577783979256
74 0.0563016709108
75 0.054824943896
76 0.0536389111755
77 0.0523366007372
78 0.0511389402449
79 0.0499529075243
80 0.0486273415425
81 0.0474645643655
82 0.0463599260474
83 0.0453715654469
84 0.0440692550087
85 0.0427785723422
86 0.0420227671771
87 0.0410809176637
88 0.0401855792375
89 0.0393134963547
90 0.0383949023849
91 0.0375577028174
92 0.0365344589016
93 0.0354995872141
94 0.0348949430821
95 0.0338251880792
96 0.0330461273706
97 0.0322089278032
98 0.0315694003558
99 0.0308601062778
100 0.030243834374
101 0.0296043069267
102 0.029081057197
103 0.0285578074674
104 0.0277903745305
105 0.0269415471913
106 0.0262206253416
107 0.0256276089813
108 0.0250578481646
109 0.0244997151196
110 0.0238601876722
111 0.0232787990837
112 0.0226974104952
113 0.0222322996244
114 0.0218369553842
115 0.0213369611981
116 0.0207672003814
117 0.0202672061953
118 0.0198486064116
119 0.0193834955407
120 0.0189300124417
121 0.0183951349403
122 0.0178835129824
123 0.0174184021116
124 0.0168951523819
125 0.0165695747724
126 0.0162323693911
127 0.0157207474332
128 0.0152905198777
129 0.014918431181
130 0.014616109115
131 0.0143254148208
132 0.0140347205265
133 0.0136393762863
134 0.0133137986768
135 0.0130114766107
136 0.0128370600342
137 0.0125231101964
138 0.0123021825328
139 0.0120114882385
140 0.0117905605749
141 0.0114998662806
142 0.0111626608993
143 0.0109882443227
144 0.0107556888873
145 0.0105231334519
146 0.0103022057883
147 0.0100231392658
148 0.00977895605865
149 0.00962779502564
150 0.00930221741608
151 0.00910454529598
152 0.0088254787735
153 0.00863943442518
154 0.00841850676155
155 0.00825571795677
156 0.00802316252137
157 0.00772084045534
158 0.00749991279171
159 0.007232474041
160 0.00701154637737
161 0.00683712980082
162 0.00669759653958
163 0.00655806327833
164 0.00639527447355
165 0.00627899675585
166 0.0061045801793
167 0.00597667468983
168 0.00586039697213
169 0.00568598039558
170 0.00549993604726
171 0.00541854164486
172 0.00529063615539
173 0.00517435843769
174 0.00505808071999
175 0.0049766863176
176 0.00476738642574
177 0.00463948093627
178 0.0045115754468
179 0.00441855327264
180 0.00430227555494
181 0.00420925338077
182 0.00415111452192
183 0.00404646457599
184 0.0039650701736
185 0.00376739805351
186 0.00366274810758
187 0.00359298147696
188 0.00352321484634
189 0.00345344821572
190 0.0033836815851
191 0.00337205381333
192 0.00331391495448
193 0.00323252055209
194 0.00322089278032
195 0.00317438169324
196 0.00313949837793
197 0.00309298729085
198 0.00304647620377
199 0.00299996511668
200 0.00298833734491
201 0.00291857071429
202 0.00288368739898
203 0.00277903745305
204 0.00275578190951
205 0.0027208985942
206 0.00258136533296
207 0.00252322647411
208 0.00247671538703
209 0.00240694875641
210 0.00234880989756
211 0.00226741549517
212 0.00222090440809
213 0.00217439332101
214 0.0021395100057
215 0.00205811560331
216 0.00201160451623
217 0.00198834897269
218 0.00195346565738
219 0.00188369902676
220 0.00181393239613
221 0.00176742130905
222 0.00174416576551
223 0.00172091022197
224 0.00169765467843
225 0.00165114359135
226 0.00165114359135
227 0.00161626027604
228 0.00153486587365
229 0.00149998255834
230 0.00144184369949
231 0.00137207706887
232 0.00131393821002
233 0.00130231043825
234 0.00126742712294
235 0.00123254380763
236 0.00119766049232
237 0.00115114940524
238 0.00113952163347
239 0.00111626608993
240 0.00106975500285
241 0.00102324391577
242 0.001011616144
243 0.000999988372228
244 0.000988360600458
245 0.000941849513378
246 0.000941849513378
247 0.000918593969838
248 0.000918593969838
249 0.000883710654527
250 0.000872082882757
251 0.000837199567447
252 0.000813944023907
253 0.000802316252137
254 0.000802316252137
255 0.000790688480367
256 0.000779060708596
257 0.000732549621516
258 0.000732549621516
259 0.000697666306206
260 0.000674410762666
261 0.000662782990895
262 0.000639527447355
263 0.000616271903815
264 0.000604644132045
265 0.000604644132045
266 0.000604644132045
267 0.000593016360275
268 0.000581388588505
269 0.000581388588505
270 0.000569760816735
271 0.000558133044965
272 0.000546505273194
273 0.000534877501424
274 0.000523249729654
275 0.000511621957884
276 0.000499994186114
277 0.000488366414344
278 0.000488366414344
279 0.000488366414344
280 0.000488366414344
281 0.000488366414344
282 0.000476738642574
283 0.000465110870804
284 0.000453483099034
285 0.000453483099034
286 0.000453483099034
287 0.000441855327264
288 0.000441855327264
289 0.000430227555494
290 0.000430227555494
291 0.000418599783723
292 0.000418599783723
293 0.000406972011953
294 0.000383716468413
295 0.000383716468413
296 0.000383716468413
297 0.000383716468413
298 0.000372088696643
299 0.000360460924873
300 0.000360460924873
301 0.000337205381333
302 0.000337205381333
303 0.000337205381333
304 0.000337205381333
305 0.000337205381333
306 0.000337205381333
307 0.000325577609563
308 0.000313949837793
309 0.000313949837793
310 0.000313949837793
311 0.000302322066022
312 0.000279066522482
313 0.000267438750712
314 0.000267438750712
315 0.000267438750712
316 0.000267438750712
317 0.000267438750712
318 0.000267438750712
319 0.000255810978942
320 0.000255810978942
321 0.000255810978942
322 0.000244183207172
323 0.000232555435402
324 0.000232555435402
325 0.000232555435402
326 0.000232555435402
327 0.000232555435402
328 0.000232555435402
329 0.000232555435402
330 0.000232555435402
331 0.000220927663632
332 0.000220927663632
333 0.000220927663632
334 0.000220927663632
335 0.000220927663632
336 0.000220927663632
337 0.000197672120092
338 0.000197672120092
339 0.000197672120092
340 0.000197672120092
341 0.000174416576551
342 0.000174416576551
343 0.000174416576551
344 0.000174416576551
345 0.000174416576551
346 0.000174416576551
347 0.000174416576551
348 0.000174416576551
349 0.000174416576551
350 0.000174416576551
351 0.000174416576551
352 0.000174416576551
353 0.000174416576551
354 0.000162788804781
355 0.000162788804781
356 0.000162788804781
357 0.000151161033011
358 0.000151161033011
359 0.000151161033011
360 0.000151161033011
361 0.000151161033011
362 0.000151161033011
363 0.000151161033011
364 0.000151161033011
365 0.000151161033011
366 0.000151161033011
367 0.000151161033011
368 0.000151161033011
369 0.000151161033011
370 0.000151161033011
371 0.000151161033011
372 0.000151161033011
373 0.000151161033011
374 0.000151161033011
375 0.000151161033011
376 0.000151161033011
377 0.000151161033011
378 0.000151161033011
379 0.000151161033011
380 0.000151161033011
381 0.000151161033011
382 0.000139533261241
383 0.000139533261241
384 0.000139533261241
385 0.000127905489471
386 0.000116277717701
387 0.000116277717701
388 0.000116277717701
389 0.000116277717701
390 0.000116277717701
391 0.000116277717701
392 0.000116277717701
393 0.000116277717701
394 0.000116277717701
395 0.000116277717701
396 0.000116277717701
397 0.000116277717701
398 0.000116277717701
399 0.000104649945931
400 0.000104649945931
401 0.000104649945931
402 0.000104649945931
403 0.000104649945931
404 0.000104649945931
405 0.000104649945931
406 0.000104649945931
407 0.000104649945931
408 0.000104649945931
409 0.000104649945931
410 0.000104649945931
411 9.30221741608e-05
412 9.30221741608e-05
413 9.30221741608e-05
414 8.13944023907e-05
415 8.13944023907e-05
416 8.13944023907e-05
417 8.13944023907e-05
418 6.97666306206e-05
419 6.97666306206e-05
420 6.97666306206e-05
421 6.97666306206e-05
422 6.97666306206e-05
423 6.97666306206e-05
424 6.97666306206e-05
425 6.97666306206e-05
426 6.97666306206e-05
427 6.97666306206e-05
428 6.97666306206e-05
429 6.97666306206e-05
430 6.97666306206e-05
431 6.97666306206e-05
432 6.97666306206e-05
433 6.97666306206e-05
434 6.97666306206e-05
435 6.97666306206e-05
436 6.97666306206e-05
437 6.97666306206e-05
438 6.97666306206e-05
439 6.97666306206e-05
440 6.97666306206e-05
441 6.97666306206e-05
442 6.97666306206e-05
443 6.97666306206e-05
444 6.97666306206e-05
445 6.97666306206e-05
446 5.81388588505e-05
447 5.81388588505e-05
448 5.81388588505e-05
449 5.81388588505e-05
450 5.81388588505e-05
451 5.81388588505e-05
452 5.81388588505e-05
453 5.81388588505e-05
454 5.81388588505e-05
455 5.81388588505e-05
456 5.81388588505e-05
457 5.81388588505e-05
458 5.81388588505e-05
459 5.81388588505e-05
460 5.81388588505e-05
461 5.81388588505e-05
462 5.81388588505e-05
463 4.65110870804e-05
464 4.65110870804e-05
465 4.65110870804e-05
466 4.65110870804e-05
467 4.65110870804e-05
468 4.65110870804e-05
469 4.65110870804e-05
470 4.65110870804e-05
471 4.65110870804e-05
472 3.48833153103e-05
473 3.48833153103e-05
474 2.32555435402e-05
475 2.32555435402e-05
476 2.32555435402e-05
477 2.32555435402e-05
478 2.32555435402e-05
479 2.32555435402e-05
480 2.32555435402e-05
481 2.32555435402e-05
482 2.32555435402e-05
483 2.32555435402e-05
484 2.32555435402e-05
485 2.32555435402e-05
486 2.32555435402e-05
487 2.32555435402e-05
488 2.32555435402e-05
489 2.32555435402e-05
490 2.32555435402e-05
491 2.32555435402e-05
492 2.32555435402e-05
493 2.32555435402e-05
494 2.32555435402e-05
495 2.32555435402e-05
496 2.32555435402e-05
497 2.32555435402e-05
498 2.32555435402e-05
499 2.32555435402e-05
500 2.32555435402e-05
501 2.32555435402e-05
502 2.32555435402e-05
503 2.32555435402e-05
504 1.16277717701e-05
505 1.16277717701e-05
506 1.16277717701e-05
507 1.16277717701e-05
508 1.16277717701e-05
509 1.16277717701e-05
510 1.16277717701e-05
511 1.16277717701e-05
512 1.16277717701e-05
513 1.16277717701e-05
514 1.16277717701e-05
515 1.16277717701e-05
516 1.16277717701e-05
517 1.16277717701e-05
518 1.16277717701e-05
519 1.16277717701e-05
520 1.16277717701e-05
521 1.16277717701e-05
522 1.16277717701e-05
523 1.16277717701e-05
524 1.16277717701e-05
525 1.16277717701e-05
526 1.16277717701e-05
527 1.16277717701e-05
528 1.16277717701e-05
529 1.16277717701e-05
530 1.16277717701e-05
531 1.16277717701e-05
&
# S9: Ts=64; model; xmin=13
13 1
14 0.894446630414
15 0.806039405768
16 0.731086727189
17 0.666864468057
18 0.611322285014
19 0.562889961959
20 0.520346385874
21 0.482728861513
22 0.449269064943
23 0.419346985332
24 0.392457258978
25 0.368184195867
26 0.346183004242
27 0.32616550089
28 0.30788911253
29 0.291148322263
30 0.275767953657
31 0.26159785076
32 0.248508629095
33 0.236388255911
34 0.225139278084
35 0.214676559904
36 0.204925425336
37 0.195820123383
38 0.187302553298
39 0.179321200076
40 0.17183024112
41 0.164788793029
42 0.158160273706
43 0.151911859838
44 0.146014023644
45 0.140440135784
46 0.135166123755
47 0.13017017699
48 0.125432491427
49 0.12093504758
50 0.116661417115
51 0.11259659379
52 0.108726845277
53 0.105039582942
54 0.101523247104
55 0.0981672056961
56 0.0949616645405
57 0.0918975877352
58 0.0889666268474
59 0.0861610578136
60 0.0834737245886
61 0.080897988725
62 0.0784276841709
63 0.0760570766726
64 0.073780827248
65 0.0715939592659
66 0.0694918287258
67 0.0674700973837
68 0.0655247084134
69 0.0636518643314
70 0.0618480069442
71 0.0601097991076
72 0.0584341081114
73 0.0568179905235
74 0.0552586783485
75 0.053753566369
76 0.0523002005563
77 0.0508962674451
78 0.0495395843832
79 0.0482280905716
80 0.0469598388233
81 0.0457329879749
82 0.0445457958908
83 0.0433966130085
84 0.0422838763765
85 0.0412061041417
86 0.0401618904482
87 0.0391499007117
88 0.0381688672384
89 0.0372175851594
90 0.0362949086549
91 0.035399747444
92 0.0345310635196
93 0.0336878681084
94 0.0328692188375
95 0.0320742170931
96 0.0313020055549
97 0.030551765894
98 0.029822716621
99 0.0291141110736
100 0.0284252355332
101 0.0277554074607
102 0.027103973844
103 0.0264703096474
104 0.0258538163571
105 0.0252539206154
106 0.0246700729377
107 0.0241017465055
108 0.0235484360325
109 0.0230096566959
110 0.0224849431308
111 0.0219738484827
112 0.0214759435138
113 0.0209908157602
114 0.0205180687367
115 0.0200573211854
116 0.0196082063664
117 0.019170371387
118 0.0187434765675
119 0.018327194841
120 0.0179212111851
121 0.0175252220845
122 0.0171389350208
123 0.0167620679898
124 0.0163943490427
125 0.016035515852
126 0.0156853152986
127 0.0153435030804
128 0.0150098433396
129 0.0146841083096
130 0.0143660779784
131 0.0140555397692
132 0.0137522882357
133 0.0134561247731
134 0.0131668573417
135 0.0128843002049
136 0.0126082736785
137 0.0123386038923
138 0.0120751225626
139 0.0118176667752
140 0.0115660787785
141 0.0113202057855
142 0.0110798997854
143 0.010845017363
144 0.0106154195269
145 0.0103909715445
146 0.0101715427846
147 0.00995700656708
148 0.00974724001851
149 0.00954212393467
150 0.00934154264838
151 0.0091453839032
152 0.00895353873237
153 0.00876590134288
154 0.00858236900431
155 0.00840284194228
156 0.00822722323627
157 0.00805541872164
158 0.00788733689557
159 0.00772288882681
160 0.00756198806909
161 0.00740455057787
162 0.0072504946305
163 0.00709974074939
164 0.00695221162833
165 0.00680783206151
166 0.00666652887539
167 0.00652823086314
168 0.00639286872158
169 0.0062603749905
170 0.00613068399429
171 0.00600373178573
172 0.00587945609187
173 0.00575779626194
174 0.00563869321714
175 0.0055220894023
176 0.00540792873923
177 0.00529615658189
178 0.00518671967299
179 0.0050795661023
180 0.00497464526633
181 0.00487190782951
182 0.00477130568671
183 0.00467279192701
184 0.00457632079884
185 0.00448184767621
186 0.0043893290262
187 0.00429872237749
188 0.00420998628996
189 0.00412308032538
190 0.00403796501904
191 0.0039546018523
192 0.00387295322612
193 0.00379298243539
194 0.00371465364419
195 0.0036379318618
196 0.00356278291947
197 0.00348917344803
198 0.00341707085611
199 0.00334644330918
200 0.00327725970913
201 0.00320948967458
202 0.00314310352184
203 0.00307807224633
204 0.00301436750473
205 0.0029519615976
206 0.00289082745258
207 0.00283093860806
208 0.00277226919739
209 0.00271479393352
210 0.00265848809423
211 0.00260332750759
212 0.00254928853811
213 0.00249634807307
214 0.00244448350942
215 0.00239367274098
216 0.00234389414607
217 0.00229512657545
218 0.00224734934064
219 0.00220054220258
220 0.00215468536063
221 0.00210975944181
222 0.00206574549048
223 0.00202262495817
224 0.00198037969382
225 0.0019389919342
226 0.00189844429465
227 0.00185871976006
228 0.00181980167613
229 0.00178167374083
230 0.0017443199961
231 0.00170772481981
232 0.00167187291792
233 0.00163674931684
234 0.00160233935599
235 0.00156862868063
236 0.00153560323478
237 0.00150324925437
238 0.00147155326065
239 0.00144050205361
240 0.00141008270575
241 0.00138028255584
242 0.00135108920302
243 0.0013224905009
244 0.00129447455192
245 0.00126702970175
246 0.00124014453397
247 0.00121380786476
248 0.00118800873777
249 0.00116273641915
250 0.00113798039268
251 0.00111373035499
252 0.00108997621094
253 0.00106670806913
254 0.00104391623745
255 0.00102159121884
256 0.00099972370704
257 0.000978304582539
258 0.000957324908575
259 0.000936775927241
260 0.000916649055686
261 0.000896935882409
262 0.000877628163638
263 0.000858717819798
264 0.000840196932059
265 0.000822057738972
266 0.000804292633178
267 0.000786894158194
268 0.000769855005283
269 0.000753168010383
270 0.000736826151117
271 0.000720822543873
272 0.00070515044094
273 0.000689803227722
274 0.000674774420011
275 0.000660057661316
276 0.000645646720265
277 0.000631535488052
278 0.000617717975954
279 0.00060418831289
280 0.000590940743048
281 0.000577969623559
282 0.000565269422216
283 0.000552834715256
284 0.00054066018518
285 0.000528740618626
286 0.000517070904292
287 0.000505646030891
288 0.000494461085169
289 0.000483511249946
290 0.000472791802218
291 0.000462298111286
292 0.000452025636931
293 0.000441969927627
294 0.000432126618792
295 0.000422491431078
296 0.000413060168692
297 0.000403828717756
298 0.000394793044703
299 0.000385949194706
300 0.000377293290133
301 0.000368821529043
302 0.000360530183713
303 0.000352415599186
304 0.000344474191858
305 0.000336702448095
306 0.000329096922868
307 0.000321654238428
308 0.000314371083001
309 0.000307244209513
310 0.000300270434333
311 0.000293446636058
312 0.000286769754303
313 0.000280236788528
314 0.000273844796888
315 0.000267590895098
316 0.00026147225533
317 0.000255486105126
318 0.000249629726335
319 0.000243900454072
320 0.000238295675693
321 0.000232812829797
322 0.000227449405243
323 0.000222202940187
324 0.00021707102114
325 0.000212051282041
326 0.000207141403353
327 0.000202339111169
328 0.000197642176346
329 0.000193048413647
330 0.000188555680902
331 0.000184161878187
332 0.000179864947019
333 0.000175662869562
334 0.000171553667855
335 0.000167535403051
336 0.000163606174669
337 0.000159764119866
338 0.000156007412713
339 0.000152334263501
340 0.000148742918041
341 0.000145231656993
342 0.000141798795199
343 0.00013844268103
344 0.000135161695751
345 0.00013195425289
346 0.000128818797624
347 0.000125753806176
348 0.000122757785219
349 0.0001198292713
350 0.000116966830268
351 0.000114169056711
352 0.000111434573412
353 0.00010876203081
354 0.000106150106466
355 0.00010359750455
356 0.000101102955332
357 9.86652146788e-05
358 9.62830635661e-05
359 9.39553075986e-05
360 9.16807765367e-05
361 8.94583238337e-05
362 8.72868261818e-05
363 8.51651830654e-05
364 8.30923163242e-05
365 8.1067169723e-05
366 7.90887085305e-05
367 7.71559191054e-05
368 7.52678084909e-05
369 7.34234040154e-05
370 7.16217529023e-05
371 6.98619218857e-05
372 6.81429968338e-05
373 6.6464082379e-05
374 6.48243015557e-05
375 6.32227954439e-05
376 6.16587228193e-05
377 6.01312598107e-05
378 5.86395995635e-05
379 5.7182951909e-05
380 5.57605430402e-05
381 5.43716151936e-05
382 5.30154263367e-05
383 5.16912498616e-05
384 5.0398374284e-05
385 4.9136102948e-05
386 4.79037537362e-05
387 4.67006587852e-05
388 4.55261642065e-05
389 4.43796298125e-05
390 4.32604288478e-05
391 4.21679477249e-05
392 4.11015857654e-05
393 4.0060754946e-05
394 3.90448796487e-05
395 3.80533964163e-05
396 3.70857537118e-05
397 3.61414116828e-05
398 3.52198419304e-05
399 3.43205272815e-05
400 3.34429615663e-05
401 3.25866493995e-05
402 3.17511059662e-05
403 3.09358568105e-05
404 3.01404376291e-05
405 2.9364394069e-05
406 2.86072815278e-05
407 2.78686649589e-05
408 2.71481186798e-05
409 2.64452261839e-05
410 2.57595799562e-05
411 2.50907812923e-05
412 2.44384401207e-05
413 2.38021748284e-05
414 2.31816120905e-05
415 2.25763867014e-05
416 2.19861414116e-05
417 2.1410526765e-05
418 2.08492009409e-05
419 2.03018295989e-05
420 1.9768085726e-05
421 1.92476494872e-05
422 1.87402080787e-05
423 1.82454555839e-05
424 1.77630928325e-05
425 1.72928272615e-05
426 1.68343727796e-05
427 1.63874496339e-05
428 1.59517842794e-05
429 1.552710925e-05
430 1.51131630338e-05
431 1.47096899489e-05
432 1.43164400227e-05
433 1.39331688734e-05
434 1.35596375935e-05
435 1.31956126355e-05
436 1.28408657001e-05
437 1.24951736267e-05
438 1.21583182854e-05
439 1.18300864717e-05
440 1.15102698026e-05
441 1.11986646161e-05
442 1.08950718702e-05
443 1.05992970469e-05
444 1.03111500555e-05
445 1.00304451389e-05
446 9.75700078243e-06
447 9.49063962263e-06
448 9.23118835972e-06
449 8.97847767056e-06
450 8.73234212373e-06
451 8.4926200965e-06
452 8.25915369296e-06
453 8.03178866426e-06
454 7.81037433006e-06
455 7.59476350176e-06
456 7.38481240703e-06
457 7.18038061631e-06
458 6.98133097021e-06
459 6.78752950867e-06
460 6.59884540133e-06
461 6.41515087985e-06
462 6.2363211708e-06
463 6.06223443045e-06
464 5.89277168073e-06
465 5.72781674635e-06
466 5.56725619349e-06
467 5.41097926943e-06
468 5.25887784342e-06
469 5.11084634902e-06
470 4.96678172757e-06
471 4.8265833722e-06
472 4.69015307403e-06
473 4.55739496874e-06
474 4.42821548408e-06
475 4.30252328931e-06
476 4.18022924475e-06
477 4.0612463531e-06
478 3.94548971117e-06
479 3.83287646299e-06
480 3.72332575382e-06
481 3.61675868521e-06
482 3.5130982704e-06
483 3.41226939171e-06
484 3.31419875776e-06
485 3.21881486232e-06
486 3.12604794361e-06
487 3.03582994454e-06
488 2.9480944741e-06
489 2.86277676909e-06
490 2.77981365671e-06
491 2.69914351858e-06
492 2.62070625456e-06
493 2.54444324821e-06
494 2.47029733214e-06
495 2.39821275505e-06
496 2.32813514878e-06
497 2.26001149595e-06
498 2.19379009914e-06
499 2.12942054989e-06
500 2.06685369852e-06
501 2.00604162515e-06
502 1.94693761069e-06
503 1.8894961088e-06
504 1.83367271822e-06
505 1.77942415602e-06
506 1.72670823129e-06
507 1.67548381913e-06
508 1.62571083584e-06
509 1.57735021389e-06
510 1.53036387807e-06
511 1.48471472161e-06
512 1.44036658367e-06
513 1.39728422621e-06
514 1.35543331214e-06
515 1.31478038401e-06
516 1.27529284244e-06
517 1.23693892595e-06
518 1.19968769052e-06
519 1.16350898993e-06
520 1.12837345667e-06
521 1.09425248296e-06
522 1.06111820219e-06
523 1.02894347109e-06
524 9.97701852246e-07
525 9.67367596694e-07
526 9.37915627053e-07
527 9.09321521414e-07
528 8.81561496913e-07
529 8.54612394408e-07
530 8.28451662827e-07
531 8.0305734429e-07
&
# S10: Ts=128; empirical; xmin=22
22 1
23 0.931214927531
24 0.86897097807
25 0.814404241402
26 0.765414672772
27 0.718249733191
28 0.677419354839
29 0.640375942438
30 0.605983406204
31 0.573346645092
32 0.543291906221
33 0.515027369436
34 0.491479326609
35 0.468034564671
36 0.445760319482
37 0.426618927944
38 0.408097221744
39 0.390401762661
40 0.373670258546
41 0.357833855476
42 0.343822081454
43 0.328743071574
44 0.315798533411
45 0.304093365924
46 0.29252590629
47 0.282025682515
48 0.271215616071
49 0.261679347265
50 0.252349640238
51 0.243570764623
52 0.235824697903
53 0.227217957104
54 0.22050469928
55 0.213447171825
56 0.206320790443
57 0.199159982098
58 0.192309016422
59 0.186559713568
60 0.181671084794
61 0.176920163872
62 0.171480703687
63 0.16580025476
64 0.161772300065
65 0.157262367887
66 0.152752435708
67 0.148345784418
68 0.144180121871
69 0.140014459325
70 0.136261920336
71 0.132715943127
72 0.129135538954
73 0.125520707818
74 0.122663269873
75 0.119599270148
76 0.116328708645
77 0.11336798981
78 0.1098220126
79 0.107136709471
80 0.104485833305
81 0.101662822322
82 0.098805384377
83 0.0960856542844
84 0.0936069129342
85 0.0910593176576
86 0.0887527111234
87 0.0859985540675
88 0.0838296553861
89 0.0818673184838
90 0.0796984198024
91 0.0777705098633
92 0.0761180156298
93 0.0746720831755
94 0.0734327125004
95 0.0716425104142
96 0.0695768926223
97 0.0676834096464
98 0.0663751850449
99 0.0645849829587
100 0.0632079044308
101 0.061865252866
102 0.0609357248597
103 0.059420938479
104 0.0581471408407
105 0.0570454780184
106 0.0555306916377
107 0.0544290288154
108 0.0530863772507
109 0.0516404447964
110 0.0507797707164
111 0.0494371191517
112 0.0483698832926
113 0.0472682204703
114 0.0462698385375
115 0.04478947912
116 0.0436878162977
117 0.042861569181
118 0.0416566254691
119 0.0405205356835
120 0.0395221537508
121 0.0388336144869
122 0.0380073673701
123 0.037112266327
124 0.0367335697318
125 0.0358040417255
126 0.0351499294247
127 0.0343581092712
128 0.0334974351912
129 0.0326367611113
130 0.0319482218474
131 0.031190828657
132 0.0303990085035
133 0.0298826040555
134 0.0294006265707
135 0.0288497951596
136 0.028230109822
137 0.0277481323372
138 0.0271628739629
139 0.0263710538093
140 0.025785795435
141 0.0250284022446
142 0.0244087169071
143 0.0240300203119
144 0.0234447619375
145 0.0231004923056
146 0.0227217957104
147 0.0224119530416
148 0.0220676834096
149 0.0214479980721
150 0.0210348745137
151 0.0205873239922
152 0.0201742004338
153 0.0197266499122
154 0.019347953317
155 0.0190381106483
156 0.0185561331635
157 0.0179708747891
158 0.0177298860468
159 0.0173167624884
160 0.0168692119668
161 0.0165249423348
162 0.0162495266293
163 0.0158019761077
164 0.0155265604021
165 0.0151134368437
166 0.0147347402486
167 0.0143216166902
168 0.0138052122422
169 0.0133232347575
170 0.0131510999415
171 0.0127035494199
172 0.0125314146039
173 0.0121182910455
174 0.0117740214136
175 0.0114641787448
176 0.0111887630392
177 0.0106379316281
178 0.0103625159225
179 0.0101559541433
180 0.0100182462905
181 0.00977725754811
182 0.00943298791614
183 0.00915757221056
184 0.00895101043137
185 0.00877887561538
186 0.00867559472579
187 0.00864116776259
188 0.0085723138362
189 0.00840017902021
190 0.00826247116742
191 0.00815919027783
192 0.00798705546184
193 0.00774606671945
194 0.00764278582986
195 0.00733294316108
196 0.0071263813819
197 0.0071263813819
198 0.00695424656591
199 0.00681653871312
200 0.00664440389713
201 0.00647226908114
202 0.00636898819155
203 0.00616242641237
204 0.00602471855958
205 0.00585258374359
206 0.00578372981719
207 0.0057148758908
208 0.0056115950012
209 0.00554274107481
210 0.00540503322202
211 0.00506076359004
212 0.00495748270045
213 0.00492305573725
214 0.00485420181086
215 0.00468206699487
216 0.00447550521568
217 0.00444107825249
218 0.0042689434365
219 0.00409680862051
220 0.00406238165731
221 0.00389024684133
222 0.00385581987813
223 0.00385581987813
224 0.00375253898854
225 0.00368368506214
226 0.00364925809894
227 0.00354597720935
228 0.00344269631976
229 0.00340826935656
230 0.00333941543016
231 0.00333941543016
232 0.00330498846697
233 0.00323613454057
234 0.00320170757737
235 0.00320170757737
236 0.00316728061418
237 0.00313285365098
238 0.00299514579819
239 0.0028918649086
240 0.0028230109822
241 0.00275415705581
242 0.00271973009261
243 0.00268530312941
244 0.00265087616621
245 0.00261644920302
246 0.00251316831342
247 0.00247874135023
248 0.00244431438703
249 0.00244431438703
250 0.00240988742383
251 0.00237546046063
252 0.00237546046063
253 0.00230660653424
254 0.00230660653424
255 0.00216889868145
256 0.00216889868145
257 0.00210004475505
258 0.00203119082866
259 0.00203119082866
260 0.00196233690226
261 0.00196233690226
262 0.00189348297587
263 0.00179020208627
264 0.00179020208627
265 0.00175577512308
266 0.00172134815988
267 0.00165249423348
268 0.00158364030709
269 0.00158364030709
270 0.00151478638069
271 0.00151478638069
272 0.00151478638069
273 0.0014459324543
274 0.0014115054911
275 0.0014115054911
276 0.0013770785279
277 0.00134265156471
278 0.00127379763831
279 0.00127379763831
280 0.00123937067511
281 0.00120494371192
282 0.00120494371192
283 0.00120494371192
284 0.00117051674872
285 0.00117051674872
286 0.00117051674872
287 0.00113608978552
288 0.00103280889593
289 0.00103280889593
290 0.00103280889593
291 0.00103280889593
292 0.00103280889593
293 0.00099838193273
294 0.000929528006335
295 0.000895101043137
296 0.000860674079939
297 0.000791820153544
298 0.000791820153544
299 0.000791820153544
300 0.000757393190347
301 0.000757393190347
302 0.000722966227149
303 0.000654112300754
304 0.000619685337556
305 0.000585258374359
306 0.000550831411161
307 0.000481977484766
308 0.000481977484766
309 0.000481977484766
310 0.000447550521568
311 0.000413123558371
312 0.000413123558371
313 0.000413123558371
314 0.000413123558371
315 0.000413123558371
316 0.000413123558371
317 0.000413123558371
318 0.000413123558371
319 0.000413123558371
320 0.000413123558371
321 0.000413123558371
322 0.000378696595173
323 0.000378696595173
324 0.000378696595173
325 0.000378696595173
326 0.000378696595173
327 0.000378696595173
328 0.000378696595173
329 0.000378696595173
330 0.000344269631976
331 0.000309842668778
332 0.000309842668778
333 0.000275415705581
334 0.000275415705581
335 0.000275415705581
336 0.000275415705581
337 0.000275415705581
338 0.000275415705581
339 0.000275415705581
340 0.000275415705581
341 0.000275415705581
342 0.000275415705581
343 0.000275415705581
344 0.000275415705581
345 0.000275415705581
346 0.000275415705581
347 0.000275415705581
348 0.000275415705581
349 0.000240988742383
350 0.000240988742383
351 0.000240988742383
352 0.000240988742383
353 0.000240988742383
354 0.000240988742383
355 0.000240988742383
356 0.000240988742383
357 0.000240988742383
358 0.000240988742383
359 0.000240988742383
360 0.000206561779185
361 0.000206561779185
362 0.000206561779185
363 0.000206561779185
364 0.000206561779185
365 0.000206561779185
366 0.000206561779185
367 0.000206561779185
368 0.000206561779185
369 0.000206561779185
370 0.000206561779185
371 0.000206561779185
372 0.000206561779185
373 0.000206561779185
374 0.000206561779185
375 0.000172134815988
376 0.00013770785279
377 0.00013770785279
378 0.00013770785279
379 0.00013770785279
380 0.00013770785279
381 0.00013770785279
382 0.00013770785279
383 0.00013770785279
384 0.00013770785279
385 0.00013770785279
386 0.00013770785279
387 0.00013770785279
388 0.00013770785279
389 0.00013770785279
390 0.00013770785279
391 0.00013770785279
392 0.00013770785279
393 0.00013770785279
394 0.00013770785279
395 0.000103280889593
396 0.000103280889593
397 0.000103280889593
398 0.000103280889593
399 0.000103280889593
400 0.000103280889593
401 0.000103280889593
402 0.000103280889593
403 0.000103280889593
404 0.000103280889593
405 0.000103280889593
406 0.000103280889593
407 0.000103280889593
408 0.000103280889593
409 0.000103280889593
410 0.000103280889593
411 0.000103280889593
412 0.000103280889593
413 0.000103280889593
414 6.88539263952e-05
415 6.88539263952e-05
416 6.88539263952e-05
417 6.88539263952e-05
418 6.88539263952e-05
419 6.88539263952e-05
420 6.88539263952e-05
421 6.88539263952e-05
422 6.88539263952e-05
423 6.88539263952e-05
424 6.88539263952e-05
425 6.88539263952e-05
426 6.88539263952e-05
427 6.88539263952e-05
428 6.88539263952e-05
429 6.88539263952e-05
430 6.88539263952e-05
431 6.88539263952e-05
432 6.88539263952e-05
433 6.88539263952e-05
434 6.88539263952e-05
435 6.88539263952e-05
436 6.88539263952e-05
437 6.88539263952e-05
438 6.88539263952e-05
439 6.88539263952e-05
440 6.88539263952e-05
441 6.88539263952e-05
442 6.88539263952e-05
443 6.88539263952e-05
444 6.88539263952e-05
445 6.88539263952e-05
446 6.88539263952e-05
447 6.88539263952e-05
448 6.88539263952e-05
449 6.88539263952e-05
450 6.88539263952e-05
451 6.88539263952e-05
452 6.88539263952e-05
453 6.88539263952e-05
454 3.44269631976e-05
455 3.44269631976e-05
456 3.44269631976e-05
457 3.44269631976e-05
458 3.44269631976e-05
459 3.44269631976e-05
460 3.44269631976e-05
461 3.44269631976e-05
462 3.44269631976e-05
463 3.44269631976e-05
464 3.44269631976e-05
465 3.44269631976e-05
466 3.44269631976e-05
467 3.44269631976e-05
468 3.44269631976e-05
469 3.44269631976e-05
470 3.44269631976e-05
471 3.44269631976e-05
472 3.44269631976e-05
473 3.44269631976e-05
474 3.44269631976e-05
475 3.44269631976e-05
476 3.44269631976e-05
477 3.44269631976e-05
478 3.44269631976e-05
479 3.44269631976e-05
480 3.44269631976e-05
481 3.44269631976e-05
482 3.44269631976e-05
483 3.44269631976e-05
484 3.44269631976e-05
&
# S11: Ts=128; model; xmin=22
22 1
23 0.931400238575
24 0.869954246772
25 0.814659387559
26 0.764686983172
27 0.719346766762
28 0.678059615568
29 0.640336415862
30 0.605761521305
31 0.573979689714
32 0.544685680417
33 0.517615905722
34 0.492541682129
35 0.469263737571
36 0.447607712364
37 0.427420451977
38 0.408566934991
39 0.390927713852
40 0.374396772077
41 0.35887972161
42 0.344292279464
43 0.330558974884
44 0.317612047662
45 0.305390505715
46 0.293839315921
47 0.282908706927
48 0.27255356641
49 0.262732918333
50 0.253409468167
51 0.244549206099
52 0.236121059832
53 0.228096589982
54 0.220449722127
55 0.213156510526
56 0.206194929256
57 0.199544687164
58 0.193187063541
59 0.187104761907
60 0.181281779612
61 0.175703291342
62 0.170355544815
63 0.165225767244
64 0.160302081285
65 0.155573429387
66 0.151029505589
67 0.146660693921
68 0.142458012696
69 0.138413064038
70 0.134517988095
71 0.130765421441
72 0.127148459224
73 0.123660620688
74 0.120295817711
75 0.117048326073
76 0.113912759178
77 0.110884043987
78 0.107957398957
79 0.105128313793
80 0.102392530839
81 0.0997460279681
82 0.0971850028167
83 0.094705858259
84 0.0923051890011
85 0.089979769198
86 0.0877265410065
87 0.0855426039911
88 0.083425205311
89 0.0813717306228
90 0.0793796956395
91 0.0774467382906
92 0.0755706114353
93 0.0737491760848
94 0.0719803950915
95 0.0702623272694
96 0.0685931219125
97 0.066971013679
98 0.0653943178144
99 0.0638614256881
100 0.0623708006188
101 0.0609209739686
102 0.0595105414856
103 0.058138159876
104 0.0568025435909
105 0.0555024618114
106 0.054236735618
107 0.0530042353315
108 0.051803878014
109 0.0506346251186
110 0.0494954802771
111 0.0483854872174
112 0.047303727802
113 0.0462493201778
114 0.0452214170329
115 0.0442192039498
116 0.0432418978522
117 0.0422887455374
118 0.041359022289
119 0.0404520305658
120 0.0395670987611
121 0.0387035800288
122 0.037860851172
123 0.0370383115895
124 0.0362353822786
125 0.0354515048883
126 0.0346861408225
127 0.0339387703878
128 0.0332088919856
129 0.0324960213441
130 0.0317996907888
131 0.0311194485489
132 0.0304548580987
133 0.0298054975296
134 0.0291709589541
135 0.0285508479369
136 0.0279447829547
137 0.0273523948801
138 0.0267733264909
139 0.0262072320015
140 0.0256537766166
141 0.0251126361049
142 0.0245834963929
143 0.0240660531764
144 0.02356001155
145 0.0230650856533
146 0.0225809983322
147 0.0221074808155
148 0.021644272406
149 0.0211911201846
150 0.0207477787271
151 0.0203140098336
152 0.0198895822692
153 0.0194742715158
154 0.0190678595341
155 0.0186701345359
156 0.0182808907656
157 0.0178999282909
158 0.0175270528022
159 0.0171620754196
160 0.0168048125085
161 0.0164550855021
162 0.0161127207312
163 0.0157775492609
164 0.0154494067333
165 0.0151281332169
166 0.0148135730616
167 0.0145055747597
168 0.0142039908113
169 0.0139086775961
170 0.0136194952495
171 0.013336307543
172 0.0130589817701
173 0.0127873886354
174 0.0125214021486
175 0.0122608995223
176 0.0120057610731
177 0.0117558701267
178 0.0115111129268
179 0.0112713785465
180 0.0110365588034
181 0.0108065481776
182 0.010581243733
183 0.0103605450405
184 0.0101443541049
185 0.00993257529356
186 0.00972511526825
187 0.00952188291871
188 0.00932278929892
189 0.00912774756543
190 0.00893667291773
191 0.00874948254075
192 0.00856609554921
193 0.00838643293391
194 0.00821041750971
195 0.00803797386537
196 0.00786902831491
197 0.00770350885068
198 0.00754134509785
199 0.00738246827052
200 0.00722681112907
201 0.00707430793907
202 0.00692489443135
203 0.00677850776341
204 0.00663508648205
205 0.00649457048719
206 0.00635690099674
207 0.00622202051268
208 0.0060898727881
209 0.00596040279533
210 0.00583355669494
211 0.00570928180585
212 0.00558752657615
213 0.00546824055498
214 0.00535137436515
215 0.00523687967658
216 0.00512470918061
217 0.00501481656497
218 0.00490715648955
219 0.00480168456288
220 0.00469835731923
221 0.00459713219648
222 0.00449796751452
223 0.00440082245438
224 0.00430565703781
225 0.00421243210761
226 0.00412110930839
227 0.00403165106791
228 0.00394402057896
229 0.00385818178173
230 0.00377409934667
231 0.0036917386578
232 0.00361106579653
233 0.00353204752584
234 0.003454651275
235 0.00337884512461
236 0.00330459779207
237 0.00323187861744
238 0.00316065754969
239 0.00309090513331
240 0.00302259249523
241 0.00295569133216
242 0.00289017389818
243 0.00282601299271
244 0.00276318194877
245 0.00270165462152
246 0.00264140537714
247 0.00258240908194
248 0.0025246410918
249 0.00246807724182
250 0.00241269383625
251 0.00235846763873
252 0.00230537586263
253 0.00225339616182
254 0.00220250662147
255 0.00215268574921
256 0.00210391246646
257 0.00205616609998
258 0.00200942637358
259 0.00196367340009
260 0.00191888767349
261 0.00187505006121
262 0.00183214179666
263 0.00179014447187
264 0.00174904003038
265 0.00170881076021
266 0.00166943928706
267 0.00163090856762
268 0.00159320188308
269 0.00155630283273
270 0.00152019532774
271 0.00148486358512
272 0.0014502921217
273 0.00141646574834
274 0.00138336956429
275 0.00135098895155
276 0.00131930956947
277 0.00128831734944
278 0.00125799848966
279 0.00122833945006
280 0.00119932694729
281 0.00117094794989
282 0.00114318967348
283 0.0011160395761
284 0.00108948535363
285 0.00106351493532
286 0.00103811647941
287 0.00101327836883
288 0.000988989206979
289 0.000965237813654
290 0.000942013220973
291 0.000919304669447
292 0.000897101604101
293 0.000875393670689
294 0.000854170711973
295 0.000833422764086
296 0.000813140052962
297 0.000793312990838
298 0.000773932172828
299 0.000754988373561
300 0.000736472543889
301 0.000718375807651
302 0.000700689458514
303 0.000683404956858
304 0.000666513926738
305 0.000650008152891
306 0.000633879577807
307 0.000618120298856
308 0.000602722565468
309 0.000587678776364
310 0.000572981476843
311 0.000558623356121
312 0.000544597244712
313 0.000530896111869
314 0.000517513063063
315 0.000504441337512
316 0.000491674305759
317 0.00047920546729
318 0.000467028448195
319 0.000455136998877
320 0.000443524991798
321 0.000432186419266
322 0.000421115391268
323 0.000410306133333
324 0.00039975298444
325 0.000389450394961
326 0.000379392924642
327 0.000369575240619
328 0.00035999211547
329 0.000350638425299
330 0.000341509147861
331 0.000332599360711
332 0.000323904239392
333 0.000315419055649
334 0.000307139175687
335 0.000299060058439
336 0.000291177253885
337 0.000283486401388
338 0.000275983228061
339 0.000268663547164
340 0.000261523256531
341 0.000254558337017
342 0.000247764850982
343 0.00024113894079
344 0.000234676827343
345 0.000228374808637
346 0.000222229258341
347 0.000216236624401
348 0.000210393427673
349 0.000204696260571
350 0.000199141785746
351 0.000193726734781
352 0.000188447906916
353 0.000183302167784
354 0.000178286448181
355 0.000173397742848
356 0.000168633109277
357 0.000163989666537
358 0.00015946459412
359 0.000155055130807
360 0.000150758573554
361 0.000146572276393
362 0.000142493649361
363 0.000138520157434
364 0.000134649319491
365 0.000130878707287
366 0.000127205944454
367 0.000123628705505
368 0.000120144714868
369 0.000116751745928
370 0.000113447620091
371 0.000110230205858
372 0.000107097417921
373 0.000104047216274
374 0.000101077605329
375 9.8186633065e-05
376 9.53723901751e-05
377 9.26330092377e-05
378 8.99666638989e-05
379 8.73715680696e-05
380 8.48459751356e-05
381 8.23881771828e-05
382 7.99965042345e-05
383 7.76693235029e-05
384 7.54050386529e-05
385 7.32020890787e-05
386 7.10589491937e-05
387 6.89741277323e-05
388 6.69461670638e-05
389 6.49736425183e-05
390 6.30551617251e-05
391 6.11893639616e-05
392 5.93749195147e-05
393 5.76105290528e-05
394 5.58949230095e-05
395 5.42268609771e-05
396 5.26051311124e-05
397 5.10285495519e-05
398 4.94959598378e-05
399 4.80062323545e-05
400 4.65582637745e-05
401 4.51509765154e-05
402 4.3783318205e-05
403 4.2454261158e-05
404 4.11628018606e-05
405 3.9907960465e-05
406 3.86887802936e-05
407 3.75043273508e-05
408 3.63536898459e-05
409 3.52359777223e-05
410 3.41503221972e-05
411 3.30958753091e-05
412 3.20718094731e-05
413 3.10773170457e-05
414 3.01116098964e-05
415 2.91739189884e-05
416 2.82634939659e-05
417 2.73796027503e-05
418 2.65215311434e-05
419 2.56885824377e-05
420 2.48800770353e-05
421 2.40953520726e-05
422 2.33337610529e-05
423 2.25946734861e-05
424 2.18774745346e-05
425 2.11815646671e-05
426 2.05063593176e-05
427 1.98512885525e-05
428 1.92157967429e-05
429 1.85993422442e-05
430 1.80013970812e-05
431 1.74214466399e-05
432 1.68589893649e-05
433 1.63135364634e-05
434 1.57846116141e-05
435 1.52717506827e-05
436 1.47745014428e-05
437 1.4292423302e-05
438 1.3825087034e-05
439 1.33720745157e-05
440 1.29329784699e-05
441 1.25074022131e-05
442 1.2094959408e-05
443 1.16952738217e-05
444 1.13079790884e-05
445 1.09327184771e-05
446 1.05691446639e-05
447 1.02169195095e-05
448 9.87571384059e-06
449 9.54520723617e-06
450 9.22508781842e-06
451 8.91505204781e-06
452 8.61480452241e-06
453 8.32405778139e-06
454 8.04253211317e-06
455 7.76995536678e-06
456 7.50606276811e-06
457 7.25059673945e-06
458 7.0033067231e-06
459 6.76394900911e-06
460 6.532286566e-06
461 6.30808887581e-06
462 6.09113177252e-06
463 5.88119728395e-06
464 5.67807347684e-06
465 5.48155430591e-06
466 5.29143946604e-06
467 5.10753424732e-06
468 4.9296493938e-06
469 4.7576009653e-06
470 4.59121020213e-06
471 4.43030339281e-06
472 4.27471174513e-06
473 4.12427125984e-06
474 3.97882260694e-06
475 3.83821100547e-06
476 3.70228610558e-06
477 3.5709018732e-06
478 3.44391647777e-06
479 3.32119218227e-06
480 3.20259523579e-06
481 3.08799576876e-06
482 2.9772676905e-06
483 2.87028858914e-06
484 2.76693963419e-06
&
# S12: Ts=512; empirical; xmin=8
8 1
9 0.811149558409
10 0.672419550806
11 0.568761057545
12 0.48817331126
13 0.42257053737
14 0.371043263868
15 0.329037025458
16 0.293773669364
17 0.263825040322
18 0.238587192076
19 0.216738548113
20 0.197618320177
21 0.181333087018
22 0.167023113378
23 0.154517873257
24 0.143653945901
25 0.134246594809
26 0.125741610476
27 0.117535046646
28 0.110607427828
29 0.104312176267
30 0.0985924499613
31 0.0929793024065
32 0.0881264166092
33 0.0836856353159
34 0.0794011695242
35 0.075386703235
36 0.0716848679489
37 0.0683809266667
38 0.0650840906346
39 0.062050148855
40 0.0595135745803
41 0.0571120000568
42 0.0546535835329
43 0.0524793770117
44 0.0504259597417
45 0.0484293844722
46 0.0465393879538
47 0.0448341279371
48 0.0430862364201
49 0.0416083444057
50 0.0399670316397
51 0.0385744026261
52 0.037338089114
53 0.0361301966023
54 0.0349507250908
55 0.0337144115787
56 0.0325065190669
57 0.0315259945574
58 0.0303891545463
59 0.0293944195366
60 0.0284991580279
61 0.0277033700201
62 0.0268578452619
63 0.0260620572541
64 0.0253231112469
65 0.0246267967401
66 0.023894955983
67 0.0231986414762
68 0.0224383797188
69 0.0217136442117
70 0.0211025927058
71 0.0205768042006
72 0.0200083841951
73 0.0194968061901
74 0.0189852281851
75 0.0184949659303
76 0.0180047036755
77 0.0175570729212
78 0.0172018104177
79 0.016718653413
80 0.0162710226586
81 0.0158731286548
82 0.0155533924016
83 0.0150489196467
84 0.0147007623933
85 0.0143739208901
86 0.0139973426365
87 0.0137060273836
88 0.0133649753803
89 0.0130949758777
90 0.0127610291244
91 0.0124768191216
92 0.0122281353692
93 0.0119510306165
94 0.0116455048635
95 0.0114039263612
96 0.0111126111083
97 0.0109207693565
98 0.0106365593537
99 0.0103310336007
100 0.0100752445982
101 0.00982656084581
102 0.00960629809366
103 0.00944998259214
104 0.00922971983999
105 0.00903077283805
106 0.00881761533597
107 0.00858314208369
108 0.00841261608202
109 0.00823498483029
110 0.00803603782835
111 0.00784419607648
112 0.00766656482475
113 0.00748893357302
114 0.00728998657108
115 0.00710525006928
116 0.0069844608181
117 0.00680682956637
118 0.0067073560654
119 0.00653683006373
120 0.006359198812
121 0.00625262006096
122 0.00609630455944
123 0.00596841005819
124 0.00585472605708
125 0.00572683155584
126 0.00561314755473
127 0.00549946355362
128 0.0053644638023
129 0.00528630605154
130 0.00520104305071
131 0.00505183279926
132 0.00494525404822
133 0.00483157004711
134 0.00473209654614
135 0.00463972829524
136 0.00451893904406
137 0.00439814979288
138 0.00431999204212
139 0.00419920279094
140 0.00412815029025
141 0.00399315053893
142 0.00391499278817
143 0.0038155192872
144 0.00369473003602
145 0.00362367753533
146 0.0035384145345
147 0.00350288828415
148 0.00343183578346
149 0.00338920428304
150 0.00329683603214
151 0.00321157303131
152 0.00315473103076
153 0.00309078378014
154 0.00302683652951
155 0.00294157352868
156 0.00288473152813
157 0.0028207842775
158 0.00277104752702
159 0.00272131077653
160 0.00265025827584
161 0.00257920577515
162 0.00247262702411
163 0.00242289027362
164 0.002358943023
165 0.00230920627251
166 0.00225236427196
167 0.00218841702134
168 0.00213868027085
169 0.00211025927058
170 0.00207473302023
171 0.00204631201995
172 0.0019894700194
173 0.0019184175187
174 0.00186868076822
175 0.00184736501801
176 0.00176920726725
177 0.00170526001663
178 0.00168394426642
179 0.00163420751593
180 0.00157736551538
181 0.0015489445151
182 0.00151341826476
183 0.00148499726448
184 0.00143526051399
185 0.00142815526392
186 0.00141394476379
187 0.00139262901358
188 0.00137841851344
189 0.00135710276323
190 0.00132868176295
191 0.00130026076268
192 0.00125052401219
193 0.00121499776185
194 0.00120078726171
195 0.00117236626143
196 0.00115105051122
197 0.00112973476101
198 0.00112973476101
199 0.00110131376074
200 0.00107289276046
201 0.00104447176018
202 0.00101605075991
203 0.00100184025977
204 0.000987629759629
205 0.000973419259491
206 0.000966314009422
207 0.000944998259214
208 0.000930787759075
209 0.000909472008867
210 0.000902366758798
211 0.00088105100859
212 0.000859735258382
213 0.000852630008313
214 0.000809998507897
215 0.000802893257828
216 0.000795788007759
217 0.00078868275769
218 0.000774472257551
219 0.000760261757413
220 0.000746051257274
221 0.000724735507066
222 0.000724735507066
223 0.000724735507066
224 0.000710525006928
225 0.000703419756858
226 0.000682104006651
227 0.000667893506512
228 0.000639472506235
229 0.000625262006096
230 0.000618156756027
231 0.000603946255888
232 0.000603946255888
233 0.000596841005819
234 0.000575525255611
235 0.000575525255611
236 0.000561314755473
237 0.000554209505404
238 0.000554209505404
239 0.000532893755196
240 0.00049026225478
241 0.00049026225478
242 0.000461841254503
243 0.000447630754364
244 0.000433420254226
245 0.000433420254226
246 0.000426315004157
247 0.000412104504018
248 0.000412104504018
249 0.00039078875381
250 0.000383683503741
251 0.000362367753533
252 0.000355262503464
253 0.000348157253395
254 0.000333946753256
255 0.000326841503187
256 0.000319736253117
257 0.000305525752979
258 0.00029842050291
259 0.00029131525284
260 0.00029131525284
261 0.000284210002771
262 0.000277104752702
263 0.000277104752702
264 0.000269999502632
265 0.000248683752425
266 0.000248683752425
267 0.000241578502355
268 0.000241578502355
269 0.000241578502355
270 0.000227368002217
271 0.000220262752148
272 0.000220262752148
273 0.000220262752148
274 0.000220262752148
275 0.000206052252009
276 0.00019184175187
277 0.00019184175187
278 0.00019184175187
279 0.000184736501801
280 0.000184736501801
281 0.000184736501801
282 0.000177631251732
283 0.000177631251732
284 0.000170526001663
285 0.000163420751593
286 0.000149210251455
287 0.000142105001386
288 0.000142105001386
289 0.000142105001386
290 0.000142105001386
291 0.000134999751316
292 0.000127894501247
293 0.000113684001108
294 0.000106578751039
295 0.000106578751039
296 9.94735009699e-05
297 9.94735009699e-05
298 9.94735009699e-05
299 8.52630008313e-05
300 8.52630008313e-05
301 8.52630008313e-05
302 8.52630008313e-05
303 7.8157750762e-05
304 7.8157750762e-05
305 7.10525006928e-05
306 7.10525006928e-05
307 7.10525006928e-05
308 7.10525006928e-05
309 7.10525006928e-05
310 7.10525006928e-05
311 7.10525006928e-05
312 6.39472506235e-05
313 5.68420005542e-05
314 5.68420005542e-05
315 5.68420005542e-05
316 5.68420005542e-05
317 4.97367504849e-05
318 4.97367504849e-05
319 4.26315004157e-05
320 3.55262503464e-05
321 3.55262503464e-05
322 3.55262503464e-05
323 3.55262503464e-05
324 3.55262503464e-05
325 3.55262503464e-05
326 3.55262503464e-05
327 2.84210002771e-05
328 2.84210002771e-05
329 2.84210002771e-05
330 2.84210002771e-05
331 2.84210002771e-05
332 2.13157502078e-05
333 1.42105001386e-05
334 1.42105001386e-05
335 1.42105001386e-05
336 1.42105001386e-05
337 1.42105001386e-05
338 1.42105001386e-05
339 1.42105001386e-05
340 1.42105001386e-05
341 1.42105001386e-05
342 1.42105001386e-05
343 1.42105001386e-05
344 1.42105001386e-05
345 1.42105001386e-05
346 1.42105001386e-05
347 1.42105001386e-05
348 1.42105001386e-05
349 1.42105001386e-05
350 1.42105001386e-05
351 7.10525006928e-06
352 7.10525006928e-06
353 7.10525006928e-06
354 7.10525006928e-06
355 7.10525006928e-06
356 7.10525006928e-06
357 7.10525006928e-06
358 7.10525006928e-06
359 7.10525006928e-06
360 7.10525006928e-06
361 7.10525006928e-06
362 7.10525006928e-06
363 7.10525006928e-06
364 7.10525006928e-06
365 7.10525006928e-06
366 7.10525006928e-06
367 7.10525006928e-06
368 7.10525006928e-06
369 7.10525006928e-06
370 7.10525006928e-06
371 7.10525006928e-06
372 7.10525006928e-06
373 7.10525006928e-06
374 7.10525006928e-06
375 7.10525006928e-06
376 7.10525006928e-06
377 7.10525006928e-06
378 7.10525006928e-06
379 7.10525006928e-06
380 7.10525006928e-06
381 7.10525006928e-06
382 7.10525006928e-06
383 7.10525006928e-06
384 7.10525006928e-06
385 7.10525006928e-06
386 7.10525006928e-06
387 7.10525006928e-06
388 7.10525006928e-06
389 7.10525006928e-06
390 7.10525006928e-06
391 7.10525006928e-06
392 7.10525006928e-06
393 7.10525006928e-06
394 7.10525006928e-06
395 7.10525006928e-06
396 7.10525006928e-06
397 7.10525006928e-06
398 7.10525006928e-06
399 7.10525006928e-06
400 7.10525006928e-06
401 7.10525006928e-06
&
# S13: Ts=512; model; xmin=8
8 1
9 0.810836557909
10 0.672782914023
11 0.568626612442
12 0.48790399298
13 0.423938938706
14 0.372299283125
15 0.329943165951
16 0.294723173039
17 0.26508610024
18 0.23988458931
19 0.2182552568
20 0.199537691446
21 0.183219320303
22 0.168897080804
23 0.156250267161
24 0.145020962783
25 0.134999720274
26 0.126014933689
27 0.117924849316
28 0.110611488931
29 0.103975977404
30 0.0979349140569
31 0.0924175283672
32 0.0873634312414
33 0.0827208228309
34 0.0784450534786
35 0.0744974600928
36 0.0708444190304
37 0.0674565704292
38 0.06430817925
39 0.0613766060376
40 0.058641866283
41 0.0560862617507
42 0.0536940705796
43 0.0514512856368
44 0.0493453926829
45 0.0473651815386
46 0.0455005847318
47 0.0437425391248
48 0.0420828668376
49 0.0405141724359
50 0.0390297538821
51 0.037623525171
52 0.0362899489232
53 0.0350239774882
54 0.0338210013472
55 0.0326768037927
56 0.0315875210235
57 0.0305496069236
58 0.0295598019045
59 0.0286151052805
60 0.0277127507241
61 0.0268501844136
62 0.0260250455382
63 0.0252351488733
64 0.024478469177
65 0.0237531271926
66 0.023057377069
67 0.0223895950381
68 0.0217482692044
69 0.0211319903259
70 0.0205394434745
71 0.0199694004832
72 0.0194207130933
73 0.0188923067313
74 0.0183831748462
75 0.0178923737534
76 0.0174190179316
77 0.0169622757273
78 0.0165213654295
79 0.0160955516744
80 0.0156841421526
81 0.0152864845866
82 0.0149019639558
83 0.0145299999443
84 0.0141700445922
85 0.0138215801319
86 0.0134841169918
87 0.0131571919544
88 0.0128403664535
89 0.0125332249999
90 0.0122353737234
91 0.0119464390228
92 0.011666066313
93 0.0113939188632
94 0.0111296767166
95 0.0108730356869
96 0.0106237064245
97 0.010381413547
98 0.010145894829
99 0.00991690044647
100 0.00969419227182
101 0.00947754321568
102 0.00926673661154
103 0.00906156564053
104 0.00886183279307
105 0.00866734936485
106 0.00847793498452
107 0.00829341717095
108 0.00811363091781
109 0.00793841830367
110 0.00776762812579
111 0.00760111555594
112 0.00743874181671
113 0.00728037387708
114 0.00712588416567
115 0.00697515030083
116 0.00682805483612
117 0.00668448502042
118 0.00654433257159
119 0.00640749346283
120 0.00627386772099
121 0.00614335923588
122 0.00601587558023
123 0.00589132783922
124 0.00576963044932
125 0.00565070104572
126 0.00553446031782
127 0.00542083187232
128 0.00530974210352
129 0.00520112007026
130 0.00509489737919
131 0.00499100807403
132 0.00488938853045
133 0.00478997735611
134 0.00469271529585
135 0.00459754514144
136 0.00450441164581
137 0.00441326144145
138 0.0043240429628
139 0.00423670637231
140 0.00415120349003
141 0.00406748772661
142 0.00398551401934
143 0.00390523877126
144 0.00382661979308
145 0.0037496162477
146 0.00367418859742
147 0.00360029855336
148 0.00352790902733
149 0.00345698408571
150 0.00338748890555
151 0.00331938973242
152 0.00325265384027
153 0.00318724949297
154 0.00312314590749
155 0.00306031321877
156 0.00299872244596
157 0.0029383454602
158 0.00287915495371
159 0.00282112441022
160 0.00276422807655
161 0.00270844093549
162 0.00265373867969
163 0.00260009768667
164 0.00254749499488
165 0.00249590828062
166 0.00244531583603
167 0.00239569654784
168 0.00234702987706
169 0.00229929583937
170 0.00225247498641
171 0.00220654838769
172 0.00216149761325
173 0.00211730471697
174 0.0020739522206
175 0.00203142309827
176 0.00198970076168
177 0.00194876904585
178 0.00190861219536
179 0.00186921485114
180 0.00183056203774
181 0.00179263915106
182 0.00175543194659
183 0.00171892652798
184 0.00168310933613
185 0.00164796713859
186 0.00161348701944
187 0.00157965636942
188 0.00154646287651
189 0.0015138945168
190 0.00148193954567
191 0.00145058648934
192 0.00141982413666
193 0.0013896415312
194 0.00136002796363
195 0.0013309729644
196 0.00130246629655
197 0.00127449794892
198 0.00124705812949
199 0.00122013725899
200 0.00119372596471
201 0.00116781507455
202 0.00114239561122
203 0.00111745878668
204 0.00109299599675
205 0.0010689988159
206 0.00104545899221
207 0.00102236844252
208 0.000999719247708
209 0.000977503648142
210 0.000955714039285
211 0.000934342967439
212 0.000913383125623
213 0.000892827349598
214 0.000872668614011
215 0.000852900028672
216 0.000833514834947
217 0.000814506402269
218 0.000795868224765
219 0.000777593917985
220 0.000759677215746
221 0.000742111967068
222 0.000724892133216
223 0.00070801178483
224 0.000691465099154
225 0.000675246357345
226 0.000659349941878
227 0.000643770334028
228 0.000628502111429
229 0.000613539945719
230 0.000598878600255
231 0.000584512927897
232 0.000570437868873
233 0.000556648448702
234 0.000543139776186
235 0.000529907041468
236 0.000516945514149
237 0.000504250541466
238 0.000491817546525
239 0.000479642026596
240 0.000467719551456
241 0.000456045761785
242 0.00044461636762
243 0.000433427146848
244 0.000422473943756
245 0.000411752667618
246 0.000401259291333
247 0.000390989850107
248 0.000380940440171
249 0.000371107217547
250 0.000361486396845
251 0.000352074250106
252 0.000342867105677
253 0.000333861347124
254 0.000325053412175
255 0.000316439791707
256 0.000308017028751
257 0.00029978171754
258 0.000291730502582
259 0.000283860077765
260 0.000276167185486
261 0.000268648615811
262 0.000261301205664
263 0.000254121838034
264 0.000247107441215
265 0.000240254988065
266 0.00023356149529
267 0.000227024022749
268 0.000220639672782
269 0.000214405589561
270 0.000208318958457
271 0.000202377005426
272 0.000196576996421
273 0.000190916236813
274 0.000185392070835
275 0.000180001881044
276 0.000174743087791
277 0.000169613148718
278 0.000164609558261
279 0.000159729847173
280 0.000154971582056
281 0.00015033236491
282 0.000145809832695
283 0.000141401656901
284 0.000137105543137
285 0.000132919230722
286 0.000128840492296
287 0.000124867133435
288 0.00012099699228
289 0.000117227939168
290 0.000113557876285
291 0.000109984737316
292 0.000106506487104
293 0.000103121121327
294 9.98266661696e-05
295 9.66211780095e-05
296 9.35027431079e-05
297 9.04694773071e-05
298 8.75195257328e-05
299 8.46510625037e-05
300 8.18622904446e-05
301 7.91514408058e-05
302 7.65167729866e-05
303 7.39565742629e-05
304 7.14691595196e-05
305 6.9052870986e-05
306 6.67060779754e-05
307 6.44271766276e-05
308 6.22145896542e-05
309 6.00667660872e-05
310 5.798218103e-05
311 5.59593354108e-05
312 5.39967557374e-05
313 5.20929938549e-05
314 5.02466267049e-05
315 4.8456256086e-05
316 4.67205084151e-05
317 4.50380344917e-05
318 4.34075092612e-05
319 4.18276315803e-05
320 4.02971239828e-05
321 3.88147324457e-05
322 3.73792261569e-05
323 3.59893972816e-05
324 3.46440607304e-05
325 3.33420539268e-05
326 3.2082236575e-05
327 3.08634904275e-05
328 2.96847190526e-05
329 2.85448476023e-05
330 2.74428225787e-05
331 2.63776116016e-05
332 2.53482031745e-05
333 2.43536064507e-05
334 2.33928509991e-05
335 2.24649865691e-05
336 2.15690828554e-05
337 2.0704229262e-05
338 1.98695346658e-05
339 1.90641271794e-05
340 1.82871539138e-05
341 1.753778074e-05
342 1.68151920503e-05
343 1.61185905196e-05
344 1.5447196865e-05
345 1.48002496059e-05
346 1.41770048233e-05
347 1.35767359188e-05
348 1.29987333728e-05
349 1.24423045027e-05
350 1.19067732209e-05
351 1.13914797922e-05
352 1.08957805911e-05
353 1.04190478589e-05
354 9.96066946113e-06
355 9.52004864407e-06
356 9.09660379211e-06
357 8.68976818502e-06
358 8.29898975496e-06
359 7.92373084402e-06
360 7.56346796227e-06
361 7.21769154588e-06
362 6.88590571563e-06
363 6.5676280363e-06
364 6.26238927637e-06
365 5.96973316846e-06
366 5.68921617072e-06
367 5.42040722884e-06
368 5.16288753905e-06
369 4.91625031218e-06
370 4.68010053889e-06
371 4.45405475602e-06
372 4.23774081393e-06
373 4.03079764566e-06
374 3.83287503725e-06
375 3.64363339944e-06
376 3.46274354113e-06
377 3.28988644471e-06
378 3.12475304243e-06
379 2.96704399549e-06
380 2.8164694742e-06
381 2.67274894072e-06
382 2.53561093344e-06
383 2.40479285363e-06
384 2.28004075409e-06
385 2.16110913043e-06
386 2.04776071411e-06
387 1.93976626828e-06
388 1.83690438582e-06
389 1.73896128985e-06
390 1.64573063688e-06
391 1.5570133225e-06
392 1.47261728956e-06
393 1.3923573392e-06
394 1.3160549448e-06
395 1.24353806796e-06
396 1.17464097804e-06
397 1.10920407437e-06
398 1.04707371096e-06
399 9.88102024424e-07
400 9.32146764998e-07
401 8.7907113e-07
&
# S14: Ts=1024; empirical; xmin=13
13 1
14 0.880908194145
15 0.783049940646
16 0.701643510391
17 0.633997090836
18 0.573088562305
19 0.522295229974
20 0.477838524686
21 0.440253465082
22 0.407416695925
23 0.376887194663
24 0.349651401916
25 0.325976827005
26 0.303990904683
27 0.284746952902
28 0.267141495711
29 0.251241410443
30 0.236060256475
31 0.22305261574
32 0.210830783635
33 0.200096972129
34 0.190115530588
35 0.180735985019
36 0.172376318737
37 0.164351039107
38 0.157027971443
39 0.150306799753
40 0.14390329538
41 0.137432913678
42 0.131347076625
43 0.125996890204
44 0.120930932437
45 0.115998729331
46 0.111384193543
47 0.1072545184
48 0.10269014061
49 0.0988446941198
50 0.0947150189764
51 0.0911203624751
52 0.0881276019461
53 0.0850846834194
54 0.0820584842253
55 0.0794502683453
56 0.0767584558024
57 0.0745013459063
58 0.0723779906706
59 0.0703215127652
60 0.0682148768621
61 0.0656735383124
62 0.0638678503954
63 0.0615271438364
64 0.0596545785892
65 0.0579492066677
66 0.0562605540787
67 0.0546053401548
68 0.0531340388892
69 0.0516460182909
70 0.0502415943556
71 0.0488204510876
72 0.0471317984986
73 0.0459781645517
74 0.0448746886024
75 0.0438046513183
76 0.0424169467155
77 0.0411964354383
78 0.0401765561519
79 0.0389560448747
80 0.0377856915952
81 0.036682215646
82 0.0357459330224
83 0.0347762117336
84 0.033689455117
85 0.0329036464864
86 0.0319004865326
87 0.0311146779021
88 0.0302619919413
89 0.0294594639782
90 0.0286067780174
91 0.0279045660497
92 0.0272525120797
93 0.0266171774423
94 0.0260320008025
95 0.0252796308371
96 0.024594138202
97 0.0241427162228
98 0.0233736269248
99 0.0227048536222
100 0.0221363963151
101 0.0216682550033
102 0.0211165170286
103 0.0204310243935
104 0.0201300764073
105 0.019528180435
106 0.0190098811255
107 0.0183578271555
108 0.017839527846
109 0.0174717025296
110 0.0169534032201
111 0.0165019812409
112 0.0161843139222
113 0.0159000852686
114 0.0153817859591
115 0.014963802645
116 0.0146294159937
117 0.0141779940145
118 0.013927204026
119 0.013542659377
120 0.0133587467188
121 0.0131413953955
122 0.0127902894116
123 0.0124726220929
124 0.0120880774439
125 0.011854006788
126 0.0113691461437
127 0.011051478825
128 0.0108675661668
129 0.0106334955109
130 0.0103492668573
131 0.00993128354316
132 0.00973065155239
133 0.00936282623598
134 0.00922907157546
135 0.00901172025213
136 0.00891140425674
137 0.00877764959623
138 0.00859373693802
139 0.00837638561469
140 0.00809215696109
141 0.00787480563776
142 0.00759057698417
143 0.00740666432596
144 0.00717259367006
145 0.00693852301416
146 0.00682148768621
147 0.00662085569544
148 0.00643694303723
149 0.00620287238133
150 0.00601895972313
151 0.00586848573005
152 0.00580160839979
153 0.00560097640902
154 0.00540034441825
155 0.00521643176004
156 0.00511611576466
157 0.00498236110414
158 0.0048653257762
159 0.00479844844594
160 0.00473157111568
161 0.00466469378542
162 0.00451421979235
163 0.00446406179465
164 0.00431358780157
165 0.00424671047132
166 0.00407951714568
167 0.00396248181773
168 0.00391232382003
169 0.00384544648978
170 0.00374513049439
171 0.00361137583388
172 0.00351105983849
173 0.0034609018408
174 0.00341074384311
175 0.00329370851516
176 0.00309307652439
177 0.00297604119644
178 0.00289244453361
179 0.00284228653592
180 0.00277540920566
181 0.00270853187541
182 0.00260821588002
183 0.00255805788233
184 0.00250789988464
185 0.00245774188694
186 0.00244102255438
187 0.00239086455669
188 0.00234070655899
189 0.00227382922874
190 0.00224039056361
191 0.00219023256592
192 0.00212335523566
193 0.00208991657053
194 0.00202303924027
195 0.00197288124258
196 0.00192272324489
197 0.00190600391232
198 0.00190600391232
199 0.00183912658207
200 0.00178896858437
201 0.00170537192155
202 0.00167193325642
203 0.00155489792847
204 0.00153817859591
205 0.00150473993078
206 0.00147130126565
207 0.00145458193309
208 0.00142114326796
209 0.00142114326796
210 0.00138770460283
211 0.00133754660514
212 0.00130410794001
213 0.00128738860745
214 0.00125394994232
215 0.00122051127719
216 0.00122051127719
217 0.0011703532795
218 0.0011703532795
219 0.0011201952818
220 0.00103659861898
221 0.00098644062129
222 0.00098644062129
223 0.000953001956162
224 0.000919563291033
225 0.000902843958469
226 0.000835966628212
227 0.000802527963084
228 0.000802527963084
229 0.000802527963084
230 0.000802527963084
231 0.000769089297955
232 0.000769089297955
233 0.000769089297955
234 0.000752369965391
235 0.000718931300262
236 0.000702211967698
237 0.00066877330257
238 0.000652053970006
239 0.000635334637441
240 0.000601895972313
241 0.000601895972313
242 0.000601895972313
243 0.000568457307184
244 0.000568457307184
245 0.00055173797462
246 0.000535018642056
247 0.000535018642056
248 0.000518299309492
249 0.000518299309492
250 0.000484860644363
251 0.000451421979235
252 0.000417983314106
253 0.000401263981542
254 0.000401263981542
255 0.000384544648978
256 0.000384544648978
257 0.000367825316413
258 0.000351105983849
259 0.000334386651285
260 0.000334386651285
261 0.000317667318721
262 0.000317667318721
263 0.000317667318721
264 0.000317667318721
265 0.000300947986156
266 0.000284228653592
267 0.000234070655899
268 0.000234070655899
269 0.000234070655899
270 0.000217351323335
271 0.000217351323335
272 0.000200631990771
273 0.000200631990771
274 0.000200631990771
275 0.000200631990771
276 0.000200631990771
277 0.000200631990771
278 0.000183912658207
279 0.000183912658207
280 0.000183912658207
281 0.000183912658207
282 0.000183912658207
283 0.000183912658207
284 0.000167193325642
285 0.000167193325642
286 0.000167193325642
287 0.000167193325642
288 0.000167193325642
289 0.000150473993078
290 0.000133754660514
291 0.000133754660514
292 0.000133754660514
293 0.000133754660514
294 0.000133754660514
295 0.000133754660514
296 0.00011703532795
297 0.000100315995385
298 0.000100315995385
299 0.000100315995385
300 0.000100315995385
301 0.000100315995385
302 0.000100315995385
303 0.000100315995385
304 0.000100315995385
305 0.000100315995385
306 0.000100315995385
307 0.000100315995385
308 0.000100315995385
309 0.000100315995385
310 0.000100315995385
311 0.000100315995385
312 0.000100315995385
313 0.000100315995385
314 0.000100315995385
315 0.000100315995385
316 0.000100315995385
317 0.000100315995385
318 0.000100315995385
319 0.000100315995385
320 0.000100315995385
321 0.000100315995385
322 0.000100315995385
323 0.000100315995385
324 0.000100315995385
325 0.000100315995385
326 0.000100315995385
327 0.000100315995385
328 0.000100315995385
329 0.000100315995385
330 0.000100315995385
331 0.000100315995385
332 0.000100315995385
333 0.000100315995385
334 0.000100315995385
335 0.000100315995385
336 0.000100315995385
337 0.000100315995385
338 0.000100315995385
339 0.000100315995385
340 0.000100315995385
341 0.000100315995385
342 0.000100315995385
343 0.000100315995385
344 0.000100315995385
345 0.000100315995385
346 0.000100315995385
347 0.000100315995385
348 0.000100315995385
349 0.000100315995385
350 0.000100315995385
351 0.000100315995385
352 0.000100315995385
353 0.000100315995385
354 0.000100315995385
355 0.000100315995385
356 0.000100315995385
357 0.000100315995385
358 0.000100315995385
359 0.000100315995385
360 8.35966628212e-05
361 6.6877330257e-05
362 6.6877330257e-05
363 6.6877330257e-05
364 6.6877330257e-05
365 6.6877330257e-05
366 6.6877330257e-05
367 6.6877330257e-05
368 6.6877330257e-05
369 6.6877330257e-05
370 6.6877330257e-05
371 6.6877330257e-05
372 6.6877330257e-05
373 6.6877330257e-05
374 6.6877330257e-05
375 6.6877330257e-05
376 6.6877330257e-05
377 6.6877330257e-05
378 6.6877330257e-05
379 6.6877330257e-05
380 6.6877330257e-05
381 6.6877330257e-05
382 6.6877330257e-05
383 6.6877330257e-05
384 6.6877330257e-05
385 6.6877330257e-05
386 6.6877330257e-05
387 6.6877330257e-05
388 6.6877330257e-05
389 6.6877330257e-05
390 6.6877330257e-05
391 6.6877330257e-05
392 6.6877330257e-05
393 6.6877330257e-05
394 6.6877330257e-05
395 6.6877330257e-05
396 6.6877330257e-05
397 6.6877330257e-05
398 6.6877330257e-05
399 6.6877330257e-05
400 6.6877330257e-05
401 6.6877330257e-05
402 6.6877330257e-05
403 6.6877330257e-05
404 5.01579976927e-05
405 5.01579976927e-05
406 5.01579976927e-05
407 5.01579976927e-05
408 5.01579976927e-05
409 5.01579976927e-05
410 5.01579976927e-05
411 5.01579976927e-05
412 5.01579976927e-05
413 5.01579976927e-05
414 5.01579976927e-05
415 5.01579976927e-05
416 5.01579976927e-05
417 5.01579976927e-05
418 5.01579976927e-05
419 5.01579976927e-05
420 3.34386651285e-05
421 3.34386651285e-05
422 3.34386651285e-05
423 3.34386651285e-05
424 3.34386651285e-05
425 3.34386651285e-05
426 3.34386651285e-05
427 3.34386651285e-05
428 3.34386651285e-05
429 3.34386651285e-05
430 1.67193325642e-05
431 1.67193325642e-05
432 1.67193325642e-05
433 1.67193325642e-05
434 1.67193325642e-05
435 1.67193325642e-05
436 1.67193325642e-05
&
# S15: Ts=1024; model; xmin=13
13 1
14 0.881605930951
15 0.784020508962
16 0.70250735564
17 0.63362471889
18 0.57481908441
19 0.524161083078
20 0.480169233944
21 0.441689509422
22 0.407811303943
23 0.377807694416
24 0.351092248093
25 0.327187314053
26 0.30570041967
27 0.286306476064
28 0.268734205924
29 0.252755680317
30 0.238178172121
31 0.22483775476
32 0.212594229316
33 0.20132707233
34 0.19093217487
35 0.181319200087
36 0.172409427978
37 0.164133986762
38 0.156432393123
39 0.149251340831
40 0.142543690302
41 0.136267621671
42 0.130385921637
43 0.124865380329
44 0.119676279088
45 0.114791953754
46 0.110188420907
47 0.10584405685
48 0.101739320939
49 0.0978565163513
50 0.0941795825791
51 0.0906939148971
52 0.0873862068474
53 0.084244312425
54 0.0812571251821
55 0.0784144719012
56 0.0757070188538
57 0.0731261889583
58 0.0706640884045
59 0.0683134415196
60 0.0660675328281
61 0.0639201554062
62 0.0618655647551
63 0.059898437526
64 0.0580138345185
65 0.0562071674498
66 0.0544741690602
67 0.0528108661744
68 0.0512135553872
69 0.0496787810832
70 0.0482033155372
71 0.0467841408706
72 0.0454184326677
73 0.0441035450791
74 0.0428369972578
75 0.0416164609933
76 0.0404397494234
77 0.039304806717
78 0.0382096986326
79 0.0371526038681
80 0.0361318061274
81 0.0351456868346
82 0.0341927184375
83 0.0332714582443
84 0.0323805427472
85 0.0315186823875
86 0.0306846567238
87 0.0298773099683
88 0.0290955468586
89 0.0283383288364
90 0.0276046705079
91 0.0268936363615
92 0.026204337721
93 0.0255359299172
94 0.0248876096567
95 0.0242586125763
96 0.0236482109637
97 0.023055711636
98 0.0224804539596
99 0.0219218080039
100 0.0213791728164
101 0.0208519748111
102 0.0203396662617
103 0.0198417238911
104 0.0193576475512
105 0.018886958986
106 0.018429200671
107 0.0179839347259
108 0.0175507418923
109 0.017129220575
110 0.0167189859398
111 0.0163196690658
112 0.0159309161476
113 0.0155523877441
114 0.0151837580712
115 0.0148247143348
116 0.0144749561025
117 0.0141341947101
118 0.013802152702
119 0.0134785633021
120 0.013163169915
121 0.0128557256529
122 0.0125559928897
123 0.0122637428382
124 0.0119787551498
125 0.0117008175364
126 0.0114297254108
127 0.011165281547
128 0.0109072957572
129 0.010655584586
130 0.0104099710202
131 0.0101702842124
132 0.00993635921955
133 0.009708036754
134 0.00948516294675
135 0.00926758912258
136 0.00905517158603
137 0.00884777141766
138 0.00864525428018
139 0.0084474902338
140 0.00825435356031
141 0.00806572259536
142 0.00788147956873
143 0.00770151045179
144 0.00752570481218
145 0.00735395567496
146 0.00718615939022
147 0.00702221550649
148 0.00686202665
149 0.00670549840915
150 0.00655253922421
151 0.00640306028178
152 0.00625697541387
153 0.00611420100141
154 0.00597465588184
155 0.00583826126068
156 0.00570494062689
157 0.00557461967179
158 0.00544722621132
159 0.00532269011165
160 0.00520094321783
161 0.00508191928531
162 0.00496555391441
163 0.00485178448733
164 0.00474055010777
165 0.00463179154294
166 0.00452545116798
167 0.00442147291245
168 0.00431980220906
169 0.00422038594433
170 0.00412317241125
171 0.00402811126369
172 0.00393515347265
173 0.00384425128417
174 0.00375535817881
175 0.0036684288327
176 0.00358341908006
177 0.00350028587712
178 0.00341898726738
179 0.00333948234819
180 0.00326173123849
181 0.00318569504785
182 0.00311133584653
183 0.00303861663666
184 0.00296750132452
185 0.00289795469374
186 0.00282994237948
187 0.00276343084352
188 0.0026983873503
189 0.00263477994367
190 0.00257257742458
191 0.00251174932945
192 0.00245226590938
193 0.00239409810998
194 0.00233721755195
195 0.00228159651233
196 0.00222720790633
197 0.00217402526981
198 0.00212202274234
199 0.00207117505083
200 0.00202145749372
201 0.0019728459256
202 0.00192531674247
203 0.00187884686738
204 0.00183341373657
205 0.00178899528608
206 0.00174556993872
207 0.00170311659154
208 0.00166161460365
209 0.00162104378444
210 0.00158138438214
211 0.00154261707278
212 0.00150472294948
213 0.00146768351207
214 0.00143148065698
215 0.00139609666755
216 0.00136151420452
217 0.00132771629688
218 0.00129468633296
219 0.00126240805181
220 0.00123086553481
221 0.00120004319754
222 0.00116992578192
223 0.00114049834851
224 0.00111174626913
225 0.00108365521955
226 0.00105621117259
227 0.00102940039122
228 0.00100320942197
229 0.000977625088503
230 0.000952634485359
231 0.000928224971877
232 0.000904384166283
233 0.00088109993995
234 0.000858360411804
235 0.000836153942892
236 0.000814469131093
237 0.000793294805966
238 0.000772620023749
239 0.000752434062473
240 0.000732726417226
241 0.000713486795518
242 0.00069470511279
243 0.000676371488019
244 0.000658476239451
245 0.000641009880434
246 0.000623963115362
247 0.000607326835717
248 0.000591092116214
249 0.000575250211042
250 0.00055979255019
251 0.000544710735878
252 0.000529996539061
253 0.000515641896024
254 0.000501638905057
255 0.000487979823216
256 0.000474657063147
257 0.00046166319
258 0.000448990918406
259 0.000436633109524
260 0.000424582768162
261 0.000412833039961
262 0.000401377208639
263 0.000390208693303
264 0.000379321045819
265 0.00036870794824
266 0.000358363210294
267 0.000348280766919
268 0.000338454675863
269 0.000328879115327
270 0.000319548381663
271 0.00031045688712
272 0.000301599157634
273 0.000292969830674
274 0.000284563653125
275 0.000276375479213
276 0.000268400268481
277 0.000260633083803
278 0.000253069089431
279 0.000245703549095
280 0.00023853182413
281 0.000231549371644
282 0.000224751742724
283 0.000218134580672
284 0.000211693619286
285 0.000205424681157
286 0.000199323676018
287 0.000193386599111
288 0.000187609529591
289 0.000181988628957
290 0.000176520139519
291 0.000171200382881
292 0.000166025758467
293 0.000160992742065
294 0.000156097884399
295 0.000151337809728
296 0.000146709214473
297 0.000142208865861
298 0.000137833600607
299 0.000133580323602
300 0.000129446006639
301 0.000125427687155
302 0.000121522466997
303 0.000117727511207
304 0.000114040046832
305 0.000110457361753
306 0.00010697680353
307 0.000103595778281
308 0.000100311749558
309 9.71222372664e-05
310 9.40248165828e-05
311 9.10171169045e-05
312 8.80968208107e-05
313 8.52616630428e-05
314 8.25094295022e-05
315 7.98379562645e-05
316 7.72451286112e-05
317 7.47288800763e-05
318 7.22871915105e-05
319 6.99180901598e-05
320 6.761964876e-05
321 6.5389984647e-05
322 6.32272588807e-05
323 6.11296753845e-05
324 5.90954800987e-05
325 5.71229601485e-05
326 5.5210443025e-05
327 5.33562957812e-05
328 5.15589242398e-05
329 4.98167722156e-05
330 4.81283207502e-05
331 4.64920873593e-05
332 4.49066252934e-05
333 4.33705228102e-05
334 4.18824024592e-05
335 4.04409203784e-05
336 3.90447656032e-05
337 3.76926593868e-05
338 3.6383354531e-05
339 3.51156347301e-05
340 3.38883139246e-05
341 3.27002356661e-05
342 3.15502724939e-05
343 3.04373253206e-05
344 2.93603228296e-05
345 2.83182208826e-05
346 2.73100019366e-05
347 2.63346744721e-05
348 2.53912724305e-05
349 2.44788546611e-05
350 2.35965043781e-05
351 2.27433286274e-05
352 2.19184577619e-05
353 2.1121044927e-05
354 2.03502655546e-05
355 1.96053168661e-05
356 1.88854173846e-05
357 1.81898064557e-05
358 1.7517743777e-05
359 1.68685089357e-05
360 1.6241400955e-05
361 1.5635737849e-05
362 1.50508561853e-05
363 1.44861106554e-05
364 1.39408736543e-05
365 1.34145348665e-05
366 1.29065008605e-05
367 1.24161946907e-05
368 1.19430555071e-05
369 1.14865381721e-05
370 1.10461128845e-05
371 1.06212648113e-05
372 1.02114937262e-05
373 9.8163136546e-06
374 9.43525252717e-06
375 9.06785183807e-06
376 8.71366631172e-06
377 8.37226357508e-06
378 8.04322383685e-06
379 7.72613957334e-06
380 7.42061522019e-06
381 7.12626687083e-06
382 6.84272198059e-06
383 6.56961907741e-06
384 6.30660747825e-06
385 6.05334701143e-06
386 5.80950774465e-06
387 5.57476971896e-06
388 5.34882268832e-06
389 5.13136586455e-06
390 4.92210766789e-06
391 4.72076548297e-06
392 4.52706541965e-06
393 4.34074207978e-06
394 4.16153832861e-06
395 3.98920507128e-06
396 3.82350103434e-06
397 3.66419255216e-06
398 3.51105335816e-06
399 3.36386438082e-06
400 3.222413544e-06
401 3.08649557224e-06
402 2.95591180044e-06
403 2.83046998784e-06
404 2.70998413643e-06
405 2.59427431337e-06
406 2.48316647833e-06
407 2.37649231372e-06
408 2.27408906039e-06
409 2.17579935613e-06
410 2.0814710785e-06
411 1.99095719189e-06
412 1.90411559753e-06
413 1.82080898792e-06
414 1.74090470428e-06
415 1.66427459813e-06
416 1.59079489581e-06
417 1.52034606671e-06
418 1.45281269492e-06
419 1.38808335404e-06
420 1.32605048508e-06
421 1.26661027766e-06
422 1.20966255435e-06
423 1.15511065801e-06
424 1.10286134192e-06
425 1.05282466323e-06
426 1.00491387867e-06
427 9.59045343585e-07
428 9.15138413382e-07
429 8.7311534791e-07
430 8.32901218217e-07
431 7.9442381562e-07
432 7.57613564217e-07
433 7.22403434739e-07
434 6.88728861498e-07
435 6.56527661347e-07
436 6.25739955296e-07
&
# S16: Ts=4096; empirical; xmin=18
18 1
19 0.913686877411
20 0.838659526689
21 0.772643519318
22 0.715523694363
23 0.663154258076
24 0.618586975298
25 0.578597339782
26 0.541601888639
27 0.506391432026
28 0.477802729314
29 0.450336845742
30 0.424425634825
31 0.401220705937
32 0.380290205562
33 0.361144699718
34 0.341826452467
35 0.324667472793
36 0.308976795071
37 0.294955950941
38 0.28079115564
39 0.267864340416
40 0.255196637301
41 0.243565382622
42 0.232365981459
43 0.222606092014
44 0.212961363505
45 0.203978810388
46 0.195341740082
47 0.187539586572
48 0.180543559625
49 0.173461161974
50 0.167069729948
51 0.160851039327
52 0.15517936316
53 0.149651638164
54 0.143807220591
55 0.138394656533
56 0.133673058099
57 0.129066620602
58 0.124920826856
59 0.120832613577
60 0.116888351471
61 0.113203201474
62 0.109719583117
63 0.106207174526
64 0.102550814764
65 0.099556630391
66 0.0961881729717
67 0.0934243104739
68 0.0902285944608
69 0.0874071514942
70 0.0846720792307
71 0.0819082167329
72 0.0797489491564
73 0.077013876893
74 0.0745954972073
75 0.0724362296309
76 0.0705360741636
77 0.0688086601025
78 0.0666781827604
79 0.0648356077618
80 0.0627339206541
81 0.0612944089365
82 0.0598261069845
83 0.0582714343295
84 0.0569182933149
85 0.0553636206599
86 0.0538377382392
87 0.0525709679277
88 0.0515920999597
89 0.0502677491795
90 0.0493464616802
91 0.0481372718374
92 0.0468705015259
93 0.0453734093396
94 0.0442505901998
95 0.0433293027005
96 0.0423504347325
97 0.0410548741867
98 0.0401623769217
99 0.0391547187194
100 0.0381758507514
101 0.0370530316117
102 0.0358438417689
103 0.0349225542696
104 0.0337421546611
105 0.0329072378649
106 0.032101111303
107 0.031035872632
108 0.030460067945
109 0.0298842632579
110 0.029078136696
111 0.0283008003685
112 0.0276674152128
113 0.0270628202914
114 0.0262854839638
115 0.0257096792768
116 0.0251914550584
117 0.024500489434
118 0.0239246847469
119 0.0230609777164
120 0.0225139632637
121 0.0217366269361
122 0.0213623538896
123 0.0207577589682
124 0.0204410663903
125 0.0199228421719
126 0.0193182472505
127 0.0188288132665
128 0.0181954281108
129 0.0177923648298
130 0.0174180917833
131 0.0171589796741
132 0.0167847066275
133 0.0162952726435
134 0.0159785800656
135 0.015517936316
136 0.0151436632694
137 0.0146542292854
138 0.0143663269419
139 0.0140784245984
140 0.0138768929579
141 0.01356020038
142 0.0131859273334
143 0.0128404445212
144 0.012581332412
145 0.0123798007716
146 0.0119479472563
147 0.0115736742097
148 0.0114009328036
149 0.0111706109288
150 0.0108539183509
151 0.0106523867104
152 0.0105084355387
153 0.0101629527264
154 0.00973109921115
155 0.00950077733633
156 0.00924166522715
157 0.00906892382104
158 0.00889618241492
159 0.00883860194622
160 0.00857948983705
161 0.00837795819658
162 0.00820521679046
163 0.0080612656187
164 0.00785973397823
165 0.00771578280647
166 0.00760062186906
167 0.007514251166
168 0.00734150975989
169 0.00711118788507
170 0.00696723671331
171 0.00688086601025
172 0.00673691483849
173 0.00653538319802
174 0.0063626417919
175 0.00624748085449
176 0.00618990038579
177 0.00601715897967
178 0.00590199804226
179 0.00572925663615
180 0.00567167616744
181 0.00547014452698
182 0.00532619335521
183 0.00518224218345
184 0.00509587148039
185 0.00492313007428
186 0.00472159843381
187 0.00463522773075
188 0.00457764726205
189 0.0045488570277
190 0.00449127655899
191 0.00440490585593
192 0.00428974491852
193 0.00417458398111
194 0.00414579374676
195 0.00391547187194
196 0.00382910116888
197 0.00380031093453
198 0.00365635976277
199 0.00356998905971
200 0.00333966718489
201 0.00328208671619
202 0.00325329648183
203 0.00313813554442
204 0.00313813554442
205 0.00302297460701
206 0.00296539413831
207 0.00287902343525
208 0.0028502332009
209 0.00270628202914
210 0.00267749179478
211 0.00264870156043
212 0.00253354062302
213 0.00253354062302
214 0.00244716991996
215 0.00236079921691
216 0.00233200898255
217 0.00227442851385
218 0.0022456382795
219 0.00215926757644
220 0.00201531640468
221 0.00192894570162
222 0.00187136523291
223 0.00178499452986
224 0.0016986238268
225 0.00164104335809
226 0.00158346288939
227 0.00155467265504
228 0.00152588242068
229 0.00146830195198
230 0.00146830195198
231 0.00146830195198
232 0.00141072148327
233 0.00141072148327
234 0.00132435078022
235 0.00126677031151
236 0.00123798007716
237 0.00123798007716
238 0.00118039960845
239 0.00118039960845
240 0.00118039960845
241 0.0011516093741
242 0.0010940289054
243 0.00106523867104
244 0.00103644843669
245 0.00100765820234
246 0.00100765820234
247 0.000950077733633
248 0.000950077733633
249 0.00092128749928
250 0.000863707030575
251 0.000863707030575
252 0.000834916796223
253 0.00080612656187
254 0.00080612656187
255 0.000748546093165
256 0.000748546093165
257 0.000748546093165
258 0.000748546093165
259 0.000748546093165
260 0.00069096562446
261 0.000633385155755
262 0.000604594921403
263 0.00057580468705
264 0.00057580468705
265 0.000547014452698
266 0.000547014452698
267 0.000518224218345
268 0.000518224218345
269 0.000431853515288
270 0.000431853515288
271 0.000431853515288
272 0.000431853515288
273 0.000431853515288
274 0.000403063280935
275 0.000374273046583
276 0.000374273046583
277 0.000374273046583
278 0.000374273046583
279 0.00034548281223
280 0.00034548281223
281 0.00034548281223
282 0.00034548281223
283 0.00034548281223
284 0.00034548281223
285 0.00034548281223
286 0.00034548281223
287 0.000316692577878
288 0.000316692577878
289 0.000316692577878
290 0.000316692577878
291 0.000316692577878
292 0.000287902343525
293 0.000287902343525
294 0.000287902343525
295 0.000259112109173
296 0.000259112109173
297 0.000259112109173
298 0.00023032187482
299 0.00023032187482
300 0.00023032187482
301 0.00023032187482
302 0.00023032187482
303 0.00023032187482
304 0.000201531640468
305 0.000201531640468
306 0.000201531640468
307 0.000201531640468
308 0.000172741406115
309 0.000172741406115
310 0.000172741406115
311 0.000172741406115
312 0.000172741406115
313 0.000172741406115
314 0.000172741406115
315 0.000172741406115
316 0.000172741406115
317 0.000172741406115
318 0.000172741406115
319 0.000172741406115
320 0.000172741406115
321 0.000172741406115
322 0.000172741406115
323 0.000143951171763
324 0.000143951171763
325 0.000143951171763
326 0.000143951171763
327 0.00011516093741
328 0.00011516093741
329 8.63707030575e-05
330 8.63707030575e-05
331 8.63707030575e-05
332 8.63707030575e-05
333 8.63707030575e-05
334 8.63707030575e-05
335 5.7580468705e-05
336 5.7580468705e-05
337 5.7580468705e-05
338 5.7580468705e-05
339 5.7580468705e-05
340 5.7580468705e-05
341 5.7580468705e-05
342 5.7580468705e-05
343 5.7580468705e-05
344 5.7580468705e-05
345 5.7580468705e-05
346 5.7580468705e-05
347 5.7580468705e-05
348 5.7580468705e-05
349 5.7580468705e-05
350 5.7580468705e-05
351 5.7580468705e-05
352 5.7580468705e-05
353 5.7580468705e-05
354 5.7580468705e-05
355 5.7580468705e-05
356 5.7580468705e-05
357 5.7580468705e-05
358 5.7580468705e-05
359 5.7580468705e-05
360 5.7580468705e-05
361 5.7580468705e-05
362 5.7580468705e-05
363 5.7580468705e-05
364 5.7580468705e-05
365 5.7580468705e-05
366 5.7580468705e-05
367 5.7580468705e-05
368 5.7580468705e-05
369 5.7580468705e-05
370 5.7580468705e-05
371 2.87902343525e-05
372 2.87902343525e-05
373 2.87902343525e-05
374 2.87902343525e-05
375 2.87902343525e-05
376 2.87902343525e-05
377 2.87902343525e-05
378 2.87902343525e-05
379 2.87902343525e-05
380 2.87902343525e-05
381 2.87902343525e-05
382 2.87902343525e-05
383 2.87902343525e-05
384 2.87902343525e-05
385 2.87902343525e-05
386 2.87902343525e-05
387 2.87902343525e-05
388 2.87902343525e-05
389 2.87902343525e-05
390 2.87902343525e-05
391 2.87902343525e-05
392 2.87902343525e-05
393 2.87902343525e-05
394 2.87902343525e-05
395 2.87902343525e-05
396 2.87902343525e-05
397 2.87902343525e-05
398 2.87902343525e-05
399 2.87902343525e-05
400 2.87902343525e-05
401 2.87902343525e-05
402 2.87902343525e-05
403 2.87902343525e-05
404 2.87902343525e-05
405 2.87902343525e-05
406 2.87902343525e-05
&
# S17: Ts=4096; model; xmin=18
18 1
19 0.91433961658
20 0.839669644441
21 0.774123094998
22 0.716221106949
23 0.664778800017
24 0.618836954638
25 0.577611679408
26 0.540456817968
27 0.506835516619
28 0.476298471637
29 0.448467109856
30 0.423020455917
31 0.399684784758
32 0.378225399734
33 0.358440048261
34 0.3401536101
35 0.323213782818
36 0.307487554634
37 0.292858303461
38 0.279223397365
39 0.2664921991
40 0.254584398218
41 0.243428610286
42 0.232961195066
43 0.223125255118
44 0.213869783788
45 0.205148937468
46 0.196921411676
47 0.189149904258
48 0.18180065196
49 0.174843029062
50 0.168249198674
51 0.161993808884
52 0.156053727239
53 0.150407808089
54 0.145036688182
55 0.139922606643
56 0.135049246024
57 0.130401591653
58 0.125965806875
59 0.12172912216
60 0.117679736334
61 0.113806728418
62 0.110099978797
63 0.106550098587
64 0.103148366235
65 0.0998866705205
66 0.0967574592112
67 0.0937536927425
68 0.0908688023638
69 0.0880966522589
70 0.0854315052136
71 0.0828679914511
72 0.0804010803056
73 0.0780260544374
74 0.075738486332
75 0.073534216852
76 0.0714093356388
77 0.0693601631814
78 0.0673832343919
79 0.0654752835428
80 0.0636332304384
81 0.0618541677043
82 0.0601353490922
83 0.0584741787088
84 0.0568682010838
85 0.0553150920034
86 0.0538126500429
87 0.0523587887358
88 0.0509515293268
89 0.0495889940573
90 0.0482693999402
91 0.0469910529827
92 0.0457523428203
93 0.0445517377288
94 0.0433877799838
95 0.0422590815405
96 0.0411643200075
97 0.0401022348936
98 0.0390716241042
99 0.0380713406704
100 0.0371002896923
101 0.0361574254795
102 0.0352417488767
103 0.0343523047584
104 0.0334881796814
105 0.0326484996841
106 0.0318324282217
107 0.0310391642276
108 0.0302679402924
109 0.0295180209526
110 0.0287887010805
111 0.02807930437
112 0.0273891819106
113 0.0267177108435
114 0.0260642930956
115 0.0254283541855
116 0.0248093420967
117 0.0242067262136
118 0.0236199963177
119 0.0230486616374
120 0.0224922499511
121 0.0219503067381
122 0.021422394375
123 0.0209080913756
124 0.0204069916702
125 0.0199187039228
126 0.0194428508841
127 0.0189790687781
128 0.0185270067188
129 0.0180863261581
130 0.0176567003607
131 0.0172378139051
132 0.0168293622098
133 0.0164310510827
134 0.0160425962925
135 0.0156637231606
136 0.0152941661731
137 0.0149336686114
138 0.0145819821996
139 0.0142388667694
140 0.0139040899402
141 0.0135774268139
142 0.0132586596844
143 0.0129475777598
144 0.0126439768974
145 0.0123476593508
146 0.0120584335284
147 0.0117761137622
148 0.0115005200874
149 0.0112314780312
150 0.0109688184115
151 0.0107123771433
152 0.0104619950543
153 0.0102175177082
154 0.00997879523505
155 0.00974568216959
156 0.00951803729558
157 0.00929572349701
158 0.00907860761548
159 0.0088665603133
160 0.00865945594231
161 0.00845717241795
162 0.00825959109848
163 0.008066596669
164 0.0078780770301
165 0.00769392319097
166 0.00751402916664
167 0.00733829187931
168 0.0071666110635
169 0.00699888917483
170 0.0068350313024
171 0.00667494508439
172 0.00651854062698
173 0.00636573042627
174 0.00621642929314
175 0.00607055428092
176 0.00592802461575
177 0.00578876162946
178 0.00565268869502
179 0.00551973116418
180 0.00538981630756
181 0.00526287325668
182 0.00513883294831
183 0.00501762807057
184 0.0048991930111
185 0.00478346380699
186 0.00467037809645
187 0.00455987507222
188 0.00445189543649
189 0.00434638135753
190 0.00424327642761
191 0.00414252562253
192 0.00404407526239
193 0.00394787297377
194 0.00385386765308
195 0.00376200943127
196 0.00367224963953
197 0.00358454077629
198 0.00349883647518
199 0.00341509147407
200 0.00333326158514
201 0.00325330366588
202 0.00317517559103
203 0.00309883622539
204 0.00302424539756
205 0.0029513638744
206 0.00288015333639
207 0.00281057635373
208 0.00274259636309
209 0.00267617764524
210 0.00261128530325
211 0.00254788524133
212 0.00248594414447
213 0.00242542945848
214 0.00236630937081
215 0.00230855279183
216 0.00225212933673
217 0.0021970093079
218 0.0021431636779
219 0.00209056407282
220 0.00203918275625
221 0.0019889926136
222 0.00193996713695
223 0.00189208041028
224 0.00184530709516
225 0.00179962241682
226 0.00175500215062
227 0.00171142260891
228 0.00166886062819
229 0.00162729355676
230 0.00158669924256
231 0.00154705602146
232 0.00150834270577
233 0.00147053857318
234 0.00143362335585
235 0.00139757722996
236 0.00136238080537
237 0.0013280151157
238 0.00129446160859
239 0.0012617021362
240 0.00122971894606
241 0.00119849467202
242 0.00116801232558
243 0.00113825528731
244 0.00110920729857
245 0.00108085245342
246 0.00105317519075
247 0.00102616028656
248 0.000999792846509
249 0.000974058298576
250 0.000948942385955
251 0.000924431160102
252 0.000900510973959
253 0.000877168475347
254 0.000854390600514
255 0.000832164567845
256 0.000810477871719
257 0.000789318276524
258 0.000768673810798
259 0.000748532761528
260 0.000728883668571
261 0.000709715319213
262 0.000691016742855
263 0.000672777205822
264 0.000654986206294
265 0.000637633469354
266 0.000620708942148
267 0.000604202789167
268 0.000588105387617
269 0.000572407322917
270 0.000557099384281
271 0.000542172560412
272 0.000527618035286
273 0.000513427184035
274 0.000499591568916
275 0.000486102935377
276 0.000472953208205
277 0.000460134487762
278 0.000447639046299
279 0.000435459324358
280 0.000423587927246
281 0.000412017621592
282 0.000400741331968
283 0.000389752137598
284 0.000379043269123
285 0.000368608105447
286 0.000358440170642
287 0.000348533130925
288 0.000338880791694
289 0.000329477094631
290 0.000320316114867
291 0.0003113920582
292 0.000302699258375
293 0.000294232174429
294 0.000285985388074
295 0.000277953601151
296 0.00027013163313
297 0.000262514418657
298 0.000255097005163
299 0.000247874550512
300 0.000240842320701
301 0.000233995687612
302 0.000227330126798
303 0.000220841215328
304 0.000214524629668
305 0.000208376143605
306 0.000202391626215
307 0.000196567039874
308 0.000190898438306
309 0.000185381964671
310 0.000180013849694
311 0.000174790409827
312 0.000169708045453
313 0.000164763239125
314 0.000159952553835
315 0.000155272631327
316 0.000150720190434
317 0.000146292025457
318 0.000141985004567
319 0.000137796068249
320 0.000133722227771
321 0.000129760563683
322 0.000125908224348
323 0.000122162424501
324 0.000118520443842
325 0.000114979625643
326 0.000111537375403
327 0.00010819115951
328 0.000104938503942
329 0.000101776992991
330 9.87042680067e-05
331 9.57180261764e-05
332 9.2816019317e-05
333 8.99960526994e-05
334 8.72559838924e-05
335 8.45937216305e-05
336 8.20072247046e-05
337 7.94945008741e-05
338 7.70536058009e-05
339 7.46826420048e-05
340 7.23797578396e-05
341 7.01431464889e-05
342 6.79710449835e-05
343 6.58617332365e-05
344 6.38135330997e-05
345 6.18248074367e-05
346 5.98939592162e-05
347 5.80194306233e-05
348 5.61997021874e-05
349 5.4433291929e-05
350 5.27187545231e-05
351 5.10546804789e-05
352 4.94396953374e-05
353 4.78724588838e-05
354 4.63516643765e-05
355 4.48760377917e-05
356 4.3444337083e-05
357 4.20553514566e-05
358 4.07079006606e-05
359 3.94008342891e-05
360 3.81330311006e-05
361 3.69033983502e-05
362 3.57108711352e-05
363 3.4554411755e-05
364 3.34330090831e-05
365 3.23456779525e-05
366 3.12914585543e-05
367 3.02694158477e-05
368 2.92786389832e-05
369 2.8318240737e-05
370 2.73873569581e-05
371 2.64851460255e-05
372 2.56107883188e-05
373 2.47634856976e-05
374 2.39424609938e-05
375 2.31469575134e-05
376 2.23762385492e-05
377 2.16295869038e-05
378 2.09063044229e-05
379 2.02057115382e-05
380 1.95271468201e-05
381 1.88699665403e-05
382 1.82335442434e-05
383 1.76172703277e-05
384 1.70205516355e-05
385 1.64428110518e-05
386 1.58834871117e-05
387 1.53420336163e-05
388 1.48179192576e-05
389 1.43106272508e-05
390 1.38196549748e-05
391 1.33445136213e-05
392 1.28847278507e-05
393 1.24398354557e-05
394 1.20093870335e-05
395 1.15929456636e-05
396 1.11900865939e-05
397 1.08003969339e-05
398 1.04234753538e-05
399 1.00589317916e-05
400 9.70638716558e-06
401 9.36547309416e-06
402 9.03583162204e-06
403 8.71711495209e-06
404 8.40898518384e-06
405 8.11111405763e-06
406 7.82318270487e-06
&
# S18: Ts=8192; empirical; xmin=21
21 1
22 0.925120674969
23 0.860949985803
24 0.803147689936
25 0.75321461891
26 0.707013345232
27 0.664949499047
28 0.626090131019
29 0.592098324747
30 0.559729039062
31 0.529022836977
32 0.502048432239
33 0.477386119336
34 0.454670831136
35 0.433780878595
36 0.413783312376
37 0.394313065347
38 0.376708716992
39 0.35877986452
40 0.343730986087
41 0.327384091186
42 0.314038859368
43 0.301423761814
44 0.289254857421
45 0.278100028394
46 0.268040400763
47 0.258183588204
48 0.247677767412
49 0.238510526102
50 0.229911166998
51 0.221149555835
52 0.213077515921
53 0.205776173285
54 0.198880460796
55 0.191700807204
56 0.18590029611
57 0.180383726119
58 0.174907719142
59 0.169756216282
60 0.164888654525
61 0.160386159899
62 0.155478035128
63 0.150529347341
64 0.146107978745
65 0.141929988237
66 0.137468056626
67 0.134060763396
68 0.129720520829
69 0.126475479658
70 0.122621993267
71 0.119214700037
72 0.11592909585
73 0.112684054679
74 0.109479576522
75 0.106072283292
76 0.102746116091
77 0.100231209183
78 0.0976351762463
79 0.0950391433091
80 0.0925242364012
81 0.0902121445666
82 0.0877378006733
83 0.0850606417069
84 0.0829513649454
85 0.0808015251694
86 0.0790978785543
87 0.0766640976757
88 0.0748793250314
89 0.0733784934896
90 0.0715531578307
91 0.0700117632742
92 0.0685514947471
93 0.066401654971
94 0.0648602604146
95 0.0631971768142
96 0.0616152192431
97 0.0601549507159
98 0.0588569342474
99 0.0574777917495
100 0.0558147081491
101 0.0548411957977
102 0.0532998012412
103 0.0524479779337
104 0.0509471463919
105 0.0498519449966
106 0.0487161805865
107 0.0476209791912
108 0.046728592869
109 0.0455522654444
110 0.044457064049
111 0.0434429886829
112 0.0423477872876
113 0.04149596398
114 0.0403196365554
115 0.0397517543504
116 0.0388593680282
117 0.0380075447207
118 0.0371962844279
119 0.0364661501643
120 0.0357765789153
121 0.0350870076664
122 0.0342351843589
123 0.0336673021539
124 0.0329371678903
125 0.0320042185535
126 0.0311929582607
127 0.0300977568653
128 0.0290836814992
129 0.0286780513528
130 0.0280290431185
131 0.0272583458403
132 0.0265282115767
133 0.0258792033424
134 0.0254330101813
135 0.0249868170202
136 0.0241349937127
137 0.0235265484931
138 0.0231614813613
139 0.0226747251856
140 0.0223096580538
141 0.0218634648927
142 0.021376708717
143 0.0209710785706
144 0.0204843223948
145 0.0199164401898
146 0.0196324990873
147 0.0191863059263
148 0.0186995497505
149 0.0183750456334
150 0.017847726443
151 0.0174420962966
152 0.0171581551941
153 0.0168336510769
154 0.016711962033
155 0.0162252058573
156 0.0155356346084
157 0.0152922565205
158 0.0148055003448
159 0.0144809962276
160 0.0139942400519
161 0.0138319879933
162 0.0135480468908
163 0.0131829797591
164 0.0128990386566
165 0.0125745345394
166 0.0123717194662
167 0.0121283413783
168 0.0117227112319
169 0.011479333144
170 0.0114387701294
171 0.0112765180708
172 0.0109925769683
173 0.0108303249097
174 0.0106680728512
175 0.0104246947633
176 0.0101001906462
177 0.00981624954367
178 0.00957287145581
179 0.00945118241188
180 0.00924836733866
181 0.0090049892508
182 0.00884273719223
183 0.0087210481483
184 0.00859935910437
185 0.00839654403115
186 0.00827485498722
187 0.00803147689936
188 0.00786922484079
189 0.00766640976757
190 0.00766640976757
191 0.00754472072364
192 0.00754472072364
193 0.00746359469436
194 0.00734190565043
195 0.00726077962114
196 0.00717965359185
197 0.006936275504
198 0.00685514947471
199 0.00665233440149
200 0.00649008234292
201 0.00632783028435
202 0.00632783028435
203 0.00620614124042
204 0.00604388918184
205 0.00584107410863
206 0.00555713300613
207 0.0054354439622
208 0.00531375491827
209 0.00519206587434
210 0.00502981381576
211 0.00490812477183
212 0.00486756175719
213 0.00462418366933
214 0.00442136859611
215 0.00425911653754
216 0.00425911653754
217 0.00409686447897
218 0.0039346124204
219 0.00389404940575
220 0.00389404940575
221 0.00389404940575
222 0.00385348639111
223 0.00385348639111
224 0.00365067131789
225 0.00356954528861
226 0.00352898227396
227 0.00348841925932
228 0.00340729323003
229 0.00336673021539
230 0.00332616720075
231 0.0032856041861
232 0.00320447815682
233 0.00316391514217
234 0.00312335212753
235 0.00304222609824
236 0.00304222609824
237 0.00304222609824
238 0.0030016630836
239 0.00296110006896
240 0.00292053705431
241 0.00275828499574
242 0.00259603293717
243 0.00255546992252
244 0.00239321786395
245 0.00227152882002
246 0.00219040279074
247 0.00210927676145
248 0.00202815073216
249 0.00198758771752
250 0.00198758771752
251 0.00186589867359
252 0.00182533565895
253 0.00182533565895
254 0.0017847726443
255 0.0017847726443
256 0.0017847726443
257 0.00170364661502
258 0.00162252058573
259 0.00158195757109
260 0.00154139455644
261 0.00154139455644
262 0.00146026852716
263 0.00141970551251
264 0.00141970551251
265 0.00137914249787
266 0.00137914249787
267 0.00137914249787
268 0.00137914249787
269 0.00133857948323
270 0.00133857948323
271 0.00133857948323
272 0.00133857948323
273 0.00129801646858
274 0.00125745345394
275 0.00125745345394
276 0.0012168904393
277 0.0012168904393
278 0.00109520139537
279 0.00105463838072
280 0.00105463838072
281 0.00101407536608
282 0.00101407536608
283 0.000932949336795
284 0.000932949336795
285 0.000892386322151
286 0.000892386322151
287 0.000892386322151
288 0.000811260292865
289 0.000770697278222
290 0.000770697278222
291 0.000770697278222
292 0.000730134263578
293 0.000649008234292
294 0.000649008234292
295 0.000649008234292
296 0.000649008234292
297 0.000649008234292
298 0.000649008234292
299 0.000608445219649
300 0.000608445219649
301 0.000608445219649
302 0.000608445219649
303 0.000608445219649
304 0.000567882205005
305 0.000567882205005
306 0.000567882205005
307 0.000567882205005
308 0.000567882205005
309 0.000567882205005
310 0.000527319190362
311 0.000527319190362
312 0.000527319190362
313 0.000527319190362
314 0.000527319190362
315 0.000527319190362
316 0.000527319190362
317 0.000527319190362
318 0.000527319190362
319 0.000527319190362
320 0.000527319190362
321 0.000527319190362
322 0.000486756175719
323 0.000365067131789
324 0.000365067131789
325 0.000365067131789
326 0.000365067131789
327 0.000365067131789
328 0.000365067131789
329 0.000365067131789
330 0.000365067131789
331 0.000324504117146
332 0.000324504117146
333 0.000283941102503
334 0.000283941102503
335 0.000283941102503
336 0.000283941102503
337 0.000283941102503
338 0.000283941102503
339 0.000283941102503
340 0.000243378087859
341 0.000243378087859
342 0.000243378087859
343 0.000243378087859
344 0.000243378087859
345 0.000243378087859
346 0.000243378087859
347 0.000243378087859
348 0.000243378087859
349 0.000243378087859
350 0.000202815073216
351 0.000202815073216
352 0.000202815073216
353 0.000162252058573
354 0.00012168904393
355 8.11260292865e-05
356 8.11260292865e-05
357 4.05630146432e-05
358 4.05630146432e-05
359 4.05630146432e-05
360 4.05630146432e-05
361 4.05630146432e-05
362 4.05630146432e-05
363 4.05630146432e-05
364 4.05630146432e-05
365 4.05630146432e-05
366 4.05630146432e-05
367 4.05630146432e-05
368 4.05630146432e-05
369 4.05630146432e-05
370 4.05630146432e-05
371 4.05630146432e-05
372 4.05630146432e-05
373 4.05630146432e-05
374 4.05630146432e-05
375 4.05630146432e-05
376 4.05630146432e-05
377 4.05630146432e-05
378 4.05630146432e-05
379 4.05630146432e-05
380 4.05630146432e-05
381 4.05630146432e-05
382 4.05630146432e-05
383 4.05630146432e-05
384 4.05630146432e-05
385 4.05630146432e-05
386 4.05630146432e-05
387 4.05630146432e-05
388 4.05630146432e-05
389 4.05630146432e-05
390 4.05630146432e-05
391 4.05630146432e-05
392 4.05630146432e-05
393 4.05630146432e-05
394 4.05630146432e-05
395 4.05630146432e-05
396 4.05630146432e-05
397 4.05630146432e-05
398 4.05630146432e-05
399 4.05630146432e-05
400 4.05630146432e-05
401 4.05630146432e-05
402 4.05630146432e-05
403 4.05630146432e-05
404 4.05630146432e-05
405 4.05630146432e-05
406 4.05630146432e-05
407 4.05630146432e-05
408 4.05630146432e-05
409 4.05630146432e-05
410 4.05630146432e-05
411 4.05630146432e-05
412 4.05630146432e-05
413 4.05630146432e-05
414 4.05630146432e-05
415 4.05630146432e-05
416 4.05630146432e-05
417 4.05630146432e-05
418 4.05630146432e-05
419 4.05630146432e-05
420 4.05630146432e-05
421 4.05630146432e-05
422 4.05630146432e-05
423 4.05630146432e-05
424 4.05630146432e-05
425 4.05630146432e-05
426 4.05630146432e-05
427 4.05630146432e-05
428 4.05630146432e-05
429 4.05630146432e-05
430 4.05630146432e-05
431 4.05630146432e-05
432 4.05630146432e-05
433 4.05630146432e-05
434 4.05630146432e-05
435 4.05630146432e-05
436 4.05630146432e-05
437 4.05630146432e-05
438 4.05630146432e-05
439 4.05630146432e-05
440 4.05630146432e-05
441 4.05630146432e-05
442 4.05630146432e-05
443 4.05630146432e-05
444 4.05630146432e-05
445 4.05630146432e-05
446 4.05630146432e-05
447 4.05630146432e-05
448 4.05630146432e-05
449 4.05630146432e-05
450 4.05630146432e-05
451 4.05630146432e-05
452 4.05630146432e-05
453 4.05630146432e-05
454 4.05630146432e-05
455 4.05630146432e-05
456 4.05630146432e-05
457 4.05630146432e-05
458 4.05630146432e-05
459 4.05630146432e-05
460 4.05630146432e-05
461 4.05630146432e-05
462 4.05630146432e-05
463 4.05630146432e-05
464 4.05630146432e-05
465 4.05630146432e-05
466 4.05630146432e-05
467 4.05630146432e-05
468 4.05630146432e-05
469 4.05630146432e-05
470 4.05630146432e-05
471 4.05630146432e-05
472 4.05630146432e-05
473 4.05630146432e-05
474 4.05630146432e-05
475 4.05630146432e-05
476 4.05630146432e-05
477 4.05630146432e-05
478 4.05630146432e-05
479 4.05630146432e-05
480 4.05630146432e-05
481 4.05630146432e-05
482 4.05630146432e-05
483 4.05630146432e-05
484 4.05630146432e-05
485 4.05630146432e-05
486 4.05630146432e-05
487 4.05630146432e-05
488 4.05630146432e-05
489 4.05630146432e-05
&
# S19: Ts=8192; model; xmin=21
21 1
22 0.927734280869
23 0.863379383988
24 0.805775580437
25 0.753973063749
26 0.707187289566
27 0.664765127795
28 0.626158914984
29 0.590906352859
30 0.558614783954
31 0.52894878012
32 0.501620263737
33 0.476380583366
34 0.4530141108
35 0.431333032097
36 0.411173082824
37 0.392390035349
38 0.374856789179
39 0.358460947947
40 0.343102791456
41 0.328693570283
42 0.315154065136
43 0.302413364636
44 0.29040782418
45 0.279080175613
46 0.268378763046
47 0.258256884626
48 0.248672223676
49 0.239586355471
50 0.230964318279
51 0.222774239207
52 0.214987006905
53 0.207575984502
54 0.20051675716
55 0.193786909525
56 0.187365829052
57 0.181234531804
58 0.175375507805
59 0.169772583454
60 0.164410798878
61 0.159276298363
62 0.154356232301
63 0.149638669255
64 0.145112516978
65 0.140767451335
66 0.136593852236
67 0.132582745793
68 0.128725752008
69 0.1250150374
70 0.121443272032
71 0.11800359048
72 0.114689556325
73 0.111495129811
74 0.108414638348
75 0.105442749574
76 0.102574446719
77 0.099805006056
78 0.0971299762251
79 0.0945451592686
80 0.092046593202
81 0.0896305359866
82 0.0872934507736
83 0.0850319923039
84 0.0828429943614
85 0.080723458186
86 0.0786705417627
87 0.0766815499122
88 0.0747539251124
89 0.0728852389917
90 0.0710731844367
91 0.0693155682635
92 0.0676103044072
93 0.0659554075877
94 0.0643489874138
95 0.06278924289
96 0.0612744572965
97 0.0598029934116
98 0.0583732890515
99 0.0569838529027
100 0.0556332606253
101 0.0543201512078
102 0.0530432235535
103 0.0518012332827
104 0.0505929897347
105 0.0494173531555
106 0.048273232058
107 0.0471595807425
108 0.0460753969666
109 0.0450197197538
110 0.0439916273319
111 0.0429902351918
112 0.0420146942596
113 0.041064189173
114 0.0401379366567
115 0.0392351839893
116 0.038355207556
117 0.0374973114823
118 0.036660826342
119 0.0358451079367
120 0.0350495361413
121 0.0342735138104
122 0.0335164657448
123 0.032777837711
124 0.0320570955132
125 0.0313537241128
126 0.0306672267936
127 0.0299971243702
128 0.0293429544358
129 0.0287042706482
130 0.0280806420521
131 0.0274716524339
132 0.026876899709
133 0.0262959953395
134 0.0257285637787
135 0.0251742419438
136 0.0246326787131
137 0.0241035344471
138 0.0235864805322
139 0.0230811989459
140 0.0225873818421
141 0.0221047311553
142 0.0216329582231
143 0.021171783426
144 0.0207209358433
145 0.0202801529245
146 0.0198491801748
147 0.0194277708557
148 0.0190156856975
149 0.0186126926252
150 0.0182185664955
151 0.0178330888462
152 0.017456047655
153 0.0170872371099
154 0.016726457388
155 0.0163735144446
156 0.0160282198106
157 0.0156903903983
158 0.0153598483152
159 0.0150364206857
160 0.0147199394796
161 0.0144102413477
162 0.0141071674642
163 0.0138105633752
164 0.0135202788531
165 0.0132361677567
166 0.0129580878973
167 0.0126859009093
168 0.0124194721265
169 0.0121586704623
170 0.0119033682953
171 0.0116534413587
172 0.0114087686346
173 0.0111692322508
174 0.0109347173836
175 0.0107051121618
176 0.0104803075766
177 0.0102601973926
178 0.0100446780639
179 0.00983364865216
180 0.00962701074783
181 0.00942466839438
182 0.0092265280151
183 0.00903249834253
184 0.00884249035037
185 0.00865641718777
186 0.00847419411594
187 0.00829573844695
188 0.00812096948459
189 0.00794980846732
190 0.00778217851316
191 0.0076180045664
192 0.00745721334617
193 0.00729973329672
194 0.00714549453931
195 0.00699442882574
196 0.00684646949348
197 0.00670155142209
198 0.00655961099129
199 0.00642058604021
200 0.00628441582805
201 0.00615104099602
202 0.00602040353041
203 0.0058924467269
204 0.00576711515603
205 0.00564435462967
206 0.00552411216861
207 0.00540633597113
208 0.00529097538258
209 0.00517798086581
210 0.00506730397264
211 0.00495889731607
212 0.00485271454345
213 0.00474871031037
214 0.00464684025537
215 0.00454706097543
216 0.00444933000215
217 0.00435360577868
218 0.00425984763725
219 0.00416801577748
220 0.0040780712452
221 0.00398997591197
222 0.00390369245515
223 0.00381918433856
224 0.00373641579369
225 0.00365535180141
226 0.0035759580743
227 0.00349820103932
228 0.00342204782112
229 0.00334746622573
230 0.0032744247247
231 0.00320289243973
232 0.00313283912765
233 0.00306423516592
234 0.00299705153839
235 0.00293125982153
236 0.00286683217105
237 0.00280374130877
238 0.00274196050999
239 0.00268146359106
240 0.00262222489737
241 0.00256421929158
242 0.00250742214225
243 0.00245180931268
244 0.00239735715008
245 0.00234404247501
246 0.0022918425711
247 0.00224073517503
248 0.00219069846674
249 0.00214171105993
250 0.00209375199276
251 0.00204680071881
252 0.00200083709823
253 0.00195584138919
254 0.0019117942394
255 0.001868676678
256 0.00182647010754
257 0.00178515629615
258 0.00174471737001
259 0.00170513580586
260 0.00166639442379
261 0.00162847638014
262 0.00159136516065
263 0.00155504457364
264 0.00151949874349
265 0.00148471210419
266 0.00145066939306
267 0.00141735564461
268 0.00138475618455
269 0.00135285662396
270 0.00132164285354
271 0.00129110103802
272 0.00126121761071
273 0.00123197926815
274 0.00120337296491
275 0.00117538590845
276 0.00114800555415
277 0.00112121960043
278 0.00109501598398
279 0.00106938287508
280 0.00104430867303
281 0.00101978200171
282 0.00099579170518
283 0.000972326843424
284 0.000949376688153
285 0.000926930718717
286 0.000904978618093
287 0.000883510268966
288 0.000862515749887
289 0.000841985331513
290 0.000821909472926
291 0.000802278818031
292 0.000783084192024
293 0.000764316597935
294 0.000745967213247
295 0.000728027386575
296 0.000710488634422
297 0.000693342637992
298 0.000676581240077
299 0.000660196441999
300 0.000644180400619
301 0.0006285254254
302 0.000613223975535
303 0.00059826865713
304 0.000583652220438
305 0.000569367557156
306 0.000555407697768
307 0.000541765808943
308 0.000528435190985
309 0.000515409275331
310 0.000502681622096
311 0.000490245917669
312 0.000478095972355
313 0.000466225718058
314 0.000454629206012
315 0.000443300604556
316 0.000432234196951
317 0.000421424379233
318 0.000410865658116
319 0.000400552648928
320 0.000390480073586
321 0.000380642758612
322 0.000371035633185
323 0.000361653727229
324 0.000352492169535
325 0.000343546185922
326 0.000334811097429
327 0.000326282318539
328 0.00031795535544
329 0.000309825804317
330 0.000301889349671
331 0.000294141762673
332 0.00028657889955
333 0.000279196699992
334 0.000271991185602
335 0.000264958458355
336 0.000258094699105
337 0.000251396166107
338 0.000244859193566
339 0.000238480190217
340 0.00023225563793
341 0.000226182090333
342 0.000220256171473
343 0.000214474574488
344 0.000208834060307
345 0.000203331456379
346 0.000197963655418
347 0.000192727614173
348 0.000187620352216
349 0.000182638950763
350 0.000177780551499
351 0.000173042355441
352 0.000168421621809
353 0.000163915666921
354 0.000159521863111
355 0.000155237637661
356 0.000151060471757
357 0.000146987899456
358 0.000143017506681
359 0.000139146930227
360 0.000135373856784
361 0.000131696021986
362 0.000128111209464
363 0.000124617249927
364 0.000121212020255
365 0.000117893442603
366 0.000114659483532
367 0.000111508153145
368 0.000108437504244
369 0.000105445631501
370 0.000102530670642
371 9.96907976473e-05
372 9.69242279653e-05
373 9.42292157403e-05
374 9.16040530545e-05
375 8.90470691824e-05
376 8.65566298598e-05
377 8.41311365646e-05
378 8.17690258114e-05
379 7.94687684584e-05
380 7.72288690264e-05
381 7.504786503e-05
382 7.29243263212e-05
383 7.08568544447e-05
384 6.88440820042e-05
385 6.68846720406e-05
386 6.49773174213e-05
387 6.31207402403e-05
388 6.13136912295e-05
389 5.95549491803e-05
390 5.78433203755e-05
391 5.61776380321e-05
392 5.45567617537e-05
393 5.29795769929e-05
394 5.14449945237e-05
395 4.99519499232e-05
396 4.84994030631e-05
397 4.70863376101e-05
398 4.57117605361e-05
399 4.43747016368e-05
400 4.30742130587e-05
401 4.18093688364e-05
402 4.05792644366e-05
403 3.9383016312e-05
404 3.82197614626e-05
405 3.70886570051e-05
406 3.59888797512e-05
407 3.49196257924e-05
408 3.38801100938e-05
409 3.28695660948e-05
410 3.18872453177e-05
411 3.09324169829e-05
412 3.00043676326e-05
413 2.910240076e-05
414 2.82258364473e-05
415 2.73740110089e-05
416 2.65462766426e-05
417 2.57420010865e-05
418 2.49605672837e-05
419 2.42013730518e-05
420 2.34638307599e-05
421 2.27473670117e-05
422 2.20514223341e-05
423 2.13754508728e-05
424 2.07189200923e-05
425 2.00813104836e-05
426 1.9462115276e-05
427 1.88608401556e-05
428 1.82770029883e-05
429 1.77101335495e-05
430 1.71597732577e-05
431 1.66254749148e-05
432 1.61068024502e-05
433 1.56033306712e-05
434 1.5114645017e-05
435 1.46403413191e-05
436 1.41800255655e-05
437 1.37333136696e-05
438 1.32998312444e-05
439 1.2879213381e-05
440 1.24711044309e-05
441 1.20751577938e-05
442 1.16910357091e-05
443 1.13184090516e-05
444 1.09569571315e-05
445 1.06063674989e-05
446 1.02663357519e-05
447 9.93656534787e-06
448 9.61676742084e-06
449 9.30666060028e-06
450 9.0059708352e-06
451 8.71443122108e-06
452 8.43178183108e-06
453 8.1577695501e-06
454 7.89214791319e-06
455 7.63467694642e-06
456 7.38512301179e-06
457 7.14325865536e-06
458 6.90886245813e-06
459 6.68171889096e-06
460 6.46161817164e-06
461 6.24835612595e-06
462 6.04173405083e-06
463 5.84155858119e-06
464 5.64764155953e-06
465 5.45979990796e-06
466 5.27785550342e-06
467 5.10163505552e-06
468 4.9309699871e-06
469 4.76569631735e-06
470 4.60565454741e-06
471 4.45068954891e-06
472 4.30065045454e-06
473 4.15539055132e-06
474 4.01476717604e-06
475 3.87864161333e-06
476 3.74687899596e-06
477 3.61934820714e-06
478 3.49592178539e-06
479 3.37647583115e-06
480 3.26088991609e-06
481 3.14904699383e-06
482 3.04083331337e-06
483 2.93613833402e-06
484 2.83485464248e-06
485 2.73687787178e-06
486 2.64210662226e-06
487 2.55044238417e-06
488 2.46178946228e-06
489 2.37605490228e-06
