replicate,maximum_synthetic_ks,synthetic_ks_ts_512,synthetic_ks_ts_1024,synthetic_ks_ts_4096,synthetic_ks_ts_8192
0,0.002031573097155459,0.0019677692853595774,0.0010446823297056707,0.002031573097155459,0.0013672085339320184
1,0.002361669245852238,0.00155670607807315,0.0017272081271967887,0.002361669245852238,0.0016705264054082125
2,0.004077082145429012,0.004077082145429012,0.001335524546033362,0.001862422928819385,0.0018667123685042197
3,0.0027133438230950158,0.0016978409300218433,0.0020747330243300888,0.0027133438230950158,0.0009760887845740029
4,0.0017558353748002853,0.0017558353748002853,0.0012979738805876107,0.0013432003163085238,0.0012309370548861942
5,0.001894810863291907,0.001894810863291907,0.001229595375680237,0.0018136856401160806,0.0014399574417185423
6,0.0023664766376898516,0.0021183917819589393,0.002029077204216634,0.00134642282780284,0.0023664766376898516
7,0.0026191614119302487,0.0026191614119302487,0.0012937883346105794,0.00163065823190367,0.001442064049160252
8,0.0032175841437621644,0.0032175841437621644,0.0013636661943593475,0.0021033910994674443,0.0014404069127739172
9,0.003185766383572153,0.0011155233502344597,0.002288768700723365,0.0011402714917332357,0.003185766383572153
10,0.002226806163302175,0.0018934468759266299,0.002226806163302175,0.0018829894243302947,0.0009290398320869198
11,0.004097190250478611,0.0018679879202035954,0.004097190250478611,0.0009474019174259274,0.0018629869473655303
12,0.004542551982760268,0.004542551982760268,0.0015764613510154124,0.002932923146161004,0.0026650749011654096
13,0.0028529318245602564,0.0025612276037703108,0.0010647698177174147,0.0028529318245602564,0.0024926813988647156
14,0.002011794412615786,0.001930037703778864,0.0014047385570857829,0.0019173172682502293,0.002011794412615786
15,0.0032150962643600067,0.0013068052390757812,0.0032150962643600067,0.0016402349943966943,0.0015844760094473054
16,0.002664478797312131,0.002664478797312131,0.0010701000763968516,0.002543911694175116,0.0011094359206408333
17,0.003446275692129519,0.002030913755017183,0.003446275692129519,0.002171724378370099,0.0011166684994693976
18,0.0022643070689787326,0.0020943143288325583,0.0022643070689787326,0.0011171175752024975,0.0008860532924196418
19,0.0023442470739725163,0.0023442470739725163,0.001406893442946866,0.0022821159232204735,0.0018118379547308328
20,0.001988694591843587,0.0018175301599204774,0.0015994244020433035,0.0009404032043337507,0.001988694591843587
21,0.0016633559198077075,0.0011583872985961863,0.0012768394823996498,0.001493820268106072,0.0016633559198077075
22,0.002462263692351474,0.0021036518055818076,0.0017103479926279253,0.0013626663444340492,0.002462263692351474
23,0.002202212230652506,0.0013467726602151564,0.0011986048564540663,0.002202212230652506,0.0012303287800716767
24,0.0017918887324981925,0.001359103680791951,0.0017918887324981925,0.0016661799525687915,0.0015169740391400843
25,0.0019992859524879947,0.0019992859524879947,0.0006421698957433941,0.0011119191100937287,0.0019954913714069766
26,0.002548411585510779,0.0019758128867592983,0.002548411585510779,0.001585448408786494,0.0018566916753979257
27,0.0020431325156492486,0.0012199906995566945,0.0016295045995591284,0.0013918311672355965,0.0020431325156492486
28,0.002886545295153975,0.0012090500201654142,0.002886545295153975,0.0013401412613686103,0.0016103626035531837
29,0.003155019191507291,0.0020549688693473067,0.0023861557109920994,0.0015810215221849777,0.003155019191507291
30,0.0033926849650687263,0.0033926849650687263,0.002868558437008728,0.0029508924094096,0.0019186998962309465
31,0.004542981816840652,0.004542981816840652,0.0024436241033384265,0.0009283274077298564,0.0022392824630801944
32,0.001825607518089578,0.0012493510653875384,0.001825607518089578,0.0015483329785888622,0.0016753443814619962
33,0.0025044745870538287,0.0016052129771464974,0.0025044745870538287,0.0016512026067828922,0.002204103299542348
34,0.0015526088323706277,0.0014176416531046232,0.0015495197587534482,0.0015526088323706277,0.0015333509443790083
35,0.003277862762104622,0.003277862762104622,0.0012983315359684777,0.0015995191429631905,0.0011244445847741202
36,0.002238568991402734,0.00201110542020555,0.002238568991402734,0.0020554227020771476,0.0018426120755161979
37,0.0025617695597316414,0.0010271842800789188,0.0018722849345008674,0.0009736286855942522,0.0025617695597316414
38,0.0021324504061233096,0.001930131103622501,0.001807928310570417,0.0018077001531828785,0.0021324504061233096
39,0.002309983191380871,0.002309983191380871,0.001986757276617346,0.001469524230988839,0.0014308219073891348
40,0.0021556819928463256,0.0019187543965266118,0.0021556819928463256,0.001313836541725677,0.00091171551291791
41,0.002675986457382873,0.0020151471995117076,0.002675986457382873,0.0012257772794606048,0.0017796214974704627
42,0.0028227377974543444,0.0009259167424782166,0.001192191662109987,0.0013602091419139262,0.0028227377974543444
43,0.00260985532900726,0.00202745310141772,0.001170295323664472,0.00260985532900726,0.001976113278049252
44,0.0018225357504467743,0.0016034101639019749,0.0017129417988965834,0.0017145586543852454,0.0018225357504467743
45,0.0031978404100620472,0.0031978404100620472,0.0013771900433008355,0.0016389742004158658,0.002015207955996523
46,0.003144248491325885,0.003144248491325885,0.0018651254586536936,0.0007789308703827214,0.0011141727405336033
47,0.002607974944873581,0.002607974944873581,0.0024589481423370474,0.0011030048270259107,0.00203022769199368
48,0.0026378976518225405,0.0020936361301999717,0.0026378976518225405,0.001784440822896638,0.002120888274556587
49,0.0031974900039993814,0.0013744214346493866,0.0007569308951516085,0.0018265782626640803,0.0031974900039993814
50,0.002172726024836813,0.001773536026475453,0.0015706594124844653,0.002172726024836813,0.0015929091908819526
51,0.0028084790455397135,0.002243015663880299,0.0009474858167529687,0.0010666536330339316,0.0028084790455397135
52,0.0026898860487948317,0.0016816230704391755,0.0026898860487948317,0.0018091109794848848,0.0013294550759627155
53,0.0023570949042392986,0.0015581799469247537,0.001332927410852447,0.0023570949042392986,0.0011449008015742557
54,0.0030676039410646727,0.0017022528232871759,0.0030676039410646727,0.001215767501261955,0.0021367169161755073
55,0.0021408170919910985,0.0014788594045382908,0.0007778870652926928,0.0021408170919910985,0.0011227378935481092
56,0.0035316832707595336,0.0035316832707595336,0.0014595277981108712,0.0035170855950954483,0.0019955440290748694
57,0.002352543457467271,0.0015167337039880824,0.002312897061295338,0.002352543457467271,0.0019236705832852419
58,0.0018503361077115699,0.0012599778422778263,0.0016982216189462829,0.00171246647283968,0.0018503361077115699
59,0.0027829389764575385,0.0018192864845996137,0.0012615097596432312,0.002485679853727607,0.0027829389764575385
60,0.0021124836563167215,0.0021124836563167215,0.0018687644954304972,0.0016697279211445037,0.001918711243421689
61,0.0029989305335099137,0.0015418994309673861,0.0029989305335099137,0.0011158619164706451,0.0018367414372681967
62,0.001997287240887796,0.0016429690183933365,0.001997287240887796,0.0018186139985877925,0.0011191414204322347
63,0.002407426153460568,0.0010933694606506394,0.0016228102604500805,0.0017506257356506016,0.002407426153460568
64,0.0025277810510526133,0.0019194039021028786,0.0025277810510526133,0.0020791234281969384,0.0015945540523115698
65,0.0012573327167409443,0.0012573327167409443,0.0011666281551333813,0.0012185724922726404,0.0011484627817411885
66,0.0029169185237814532,0.0029169185237814532,0.0009266042715815326,0.0011942412805011349,0.002650700701481934
67,0.0013626773582343654,0.0009123309888586784,0.0013626773582343654,0.0009839135918549846,0.0012265551451169643
68,0.0027534615709507992,0.0027534615709507992,0.001032875826495916,0.0012128981164833963,0.001827841111399886
69,0.0025995342180318293,0.0016862459987514455,0.0020987212122912657,0.0025995342180318293,0.002129233882714021
70,0.0021001957257644754,0.0011613851308944767,0.0015028366164854257,0.0021001957257644754,0.0018824955602387838
71,0.003020880672481241,0.0026395074591522016,0.003020880672481241,0.001675674667300009,0.002105390085557879
72,0.0027241568759835966,0.0027241568759835966,0.0014396764585224986,0.0012641298314330918,0.0021605192958098485
73,0.002938737317710105,0.0014646095612439458,0.00255633031997593,0.002938737317710105,0.002555683946058873
74,0.0019484855782899713,0.0018032145700930813,0.0010924932260362175,0.0019484855782899713,0.0013076344354566727
75,0.002477342911920033,0.002072771495463699,0.002477342911920033,0.0014489263951579234,0.0018905345775650506
76,0.0019993776962092813,0.0019993776962092813,0.0014152538156100292,0.0016093128279621727,0.0009980416263862812
77,0.0024892073305314844,0.0022556192401168573,0.0018486005568830732,0.0024892073305314844,0.001339976534712961
78,0.002111344711325458,0.0013500157889030362,0.002111344711325458,0.0010019867821989548,0.0012585781300934462
79,0.002178281694047879,0.002178281694047879,0.0019044710486925687,0.0008643567791221662,0.001559253278619166
80,0.00181617860510902,0.0017339418742894908,0.001704845017022949,0.0010658957466801455,0.00181617860510902
81,0.004127644213085424,0.0014349947899482407,0.004127644213085424,0.0012804269020774972,0.0019584704951985943
82,0.002152949796776771,0.002152949796776771,0.001011493119925877,0.0017947918748588143,0.0012836726161505885
83,0.005478948671251982,0.0019192179675117105,0.005478948671251982,0.0027741186333738455,0.004527016318012889
84,0.003335129576309881,0.001245178585682294,0.002033787359980499,0.0017669143168392853,0.003335129576309881
85,0.0029823630810356105,0.0029823630810356105,0.0023515532623819,0.0014856830671150512,0.0023581211585436135
86,0.0021146324373688685,0.0021146324373688685,0.0012760465892427408,0.001325219527073207,0.000959994319029045
87,0.0024713444306755372,0.0024713444306755372,0.000915839339554636,0.002163936188733895,0.0010939360518670282
88,0.0021718763493941973,0.002048085715262604,0.0021718763493941973,0.0015066033221277086,0.0019544419383626943
89,0.0028490549466507753,0.0028490549466507753,0.001825601887988304,0.0016730755937642283,0.0015847598047494804
90,0.0032585555237779618,0.0019758249713621723,0.001827034895195534,0.002091733482025737,0.0032585555237779618
91,0.004026988314848046,0.0019952992331765396,0.002150590168190858,0.0012533511451986445,0.004026988314848046
92,0.0036371812426587713,0.0036371812426587713,0.002063000185391073,0.0025608190980762335,0.0011912059906629135
93,0.0024695562015246697,0.0024695562015246697,0.0014989714882766014,0.0011925962535587198,0.0012956265118514443
94,0.0026505114738061275,0.0021210820847034073,0.0026505114738061275,0.0017527363062541657,0.0015784298568713162
95,0.0030708953701993336,0.0030708953701993336,0.0021506123019325862,0.0019963688127608847,0.002577481223007938
96,0.002941733906837274,0.0014366224023820706,0.002941733906837274,0.0017597087023644153,0.0021884568268832894
97,0.0015622403058414003,0.0011372335934768385,0.0015622403058414003,0.0014028379504990585,0.001450224997704419
98,0.0025734882744825605,0.0025734882744825605,0.0014835583309373845,0.0024244571415956706,0.0015691851338444085
99,0.0021935899339867726,0.0016647166303612737,0.0018068734252543739,0.0008598418216857473,0.0021935899339867726
100,0.003777995706355952,0.002036444602266596,0.0031990495543305353,0.001796409887329653,0.003777995706355952
101,0.0022172186766659108,0.0012781410064685028,0.0022172186766659108,0.0018687897364564332,0.0019147339364173899
102,0.0027997736270840567,0.0014900177915091462,0.001489878806490097,0.0015529843202541915,0.0027997736270840567
103,0.0016602423525499677,0.0013329762291005576,0.0012202290714526942,0.0014912755948158773,0.0016602423525499677
104,0.0023129114323988675,0.0010897637004975147,0.0023129114323988675,0.001002669118921995,0.0015283228026253814
105,0.0027822778150569105,0.001347718529453007,0.0027822778150569105,0.0012633849491822113,0.0027508479271043385
106,0.0027823604466071794,0.0009878635795250723,0.0013170766444383086,0.0021689713441697678,0.0027823604466071794
107,0.003310356794424596,0.002250444239200955,0.0015825148028983937,0.00219362478174856,0.003310356794424596
108,0.0023333384792154632,0.0023333384792154632,0.0019899366495470527,0.0017013340119692577,0.002236456911372864
109,0.0024710317707771212,0.0016873224031752065,0.001150702098564993,0.002031121083104548,0.0024710317707771212
110,0.002622232565439808,0.001077667723001774,0.002622232565439808,0.0018327398085110636,0.0009935983209498067
111,0.0025341136566950917,0.0010487019194316272,0.002134267731982331,0.0014063566209968625,0.0025341136566950917
112,0.002697898266551757,0.002130474785223324,0.002697898266551757,0.0018411492712656075,0.0019139873378606342
113,0.0025220311389720362,0.002516554222052214,0.0010848406941931232,0.0025220311389720362,0.0017996758760087106
114,0.003182654648957395,0.0016615142480049805,0.0016750891050746342,0.0008740772599594715,0.003182654648957395
115,0.0022898879634828395,0.0010792165881723381,0.0022898879634828395,0.0015794126736021763,0.0010149554676220918
116,0.002289419176885965,0.002088378579620964,0.0017343632465798842,0.002289419176885965,0.0021487017588962543
117,0.0027567446586159727,0.002161949793466844,0.0026133276304916575,0.0012508131457041882,0.0027567446586159727
118,0.0025031885748193483,0.001690127538755637,0.0025031885748193483,0.0024361355240971605,0.0022348426875650196
119,0.0027542587415990694,0.0027542587415990694,0.0020508987233498477,0.0008629615544724079,0.000958303874792843
120,0.0030838239791219912,0.0030838239791219912,0.001559550663958853,0.0016465489340509176,0.0015141891173898747
121,0.0020974145348365836,0.0019744618772736255,0.0005975559537103325,0.0015878279254154526,0.0020974145348365836
122,0.0023041820713993744,0.0023041820713993744,0.0022108839952332815,0.0014413680116978078,0.002172758270628572
123,0.0022957198819226754,0.001712845909593197,0.0012788589334423173,0.0018974840162208628,0.0022957198819226754
124,0.0019903929492844363,0.0007848586956050729,0.0015599353100659852,0.001188254042713166,0.0019903929492844363
125,0.002662514896218826,0.002662514896218826,0.001094631525226375,0.0010880180215990798,0.0013959235432500217
126,0.002367500954427504,0.0023084421817994305,0.002367500954427504,0.0020747433753519617,0.0015799221376726624
127,0.002827606887096379,0.0015950303554493617,0.002827606887096379,0.0015911952061029577,0.0021455064144145775
128,0.002020013566642165,0.0019519537719799862,0.002020013566642165,0.002013833368208262,0.0013959255611460941
129,0.002064146415546142,0.001437468270986092,0.002064146415546142,0.0009614471494759358,0.0019429491578238922
130,0.003465901178667019,0.003465901178667019,0.001686176331030409,0.0032332750185528614,0.002283425627601976
131,0.0023680485946554475,0.0008522794284137047,0.0023680485946554475,0.001723787261980636,0.002067850005858185
132,0.0016814972790031302,0.0013212521403053457,0.0011568773178669556,0.0016814972790031302,0.0015700139272748492
133,0.0028137135144359338,0.0023849058410727597,0.002300965126679766,0.0028137135144359338,0.0022456678392653306
134,0.0019514082812013278,0.0019514082812013278,0.0012531983228866173,0.0013032412499485169,0.0015821364514750913
135,0.002032707367211062,0.0010288857673475538,0.002032707367211062,0.0019765744019732967,0.0016415851076398424
136,0.0015696382410135268,0.0014457392655317092,0.0014092883532501044,0.001011736910554395,0.0015696382410135268
137,0.0018815724468235762,0.001112682875948845,0.0018420476384727325,0.0018815724468235762,0.001313041914820623
138,0.003237789670056279,0.0013110453337897843,0.0023909724727345094,0.0016194393802556606,0.003237789670056279
139,0.0015179595596389595,0.0015013246835882121,0.0015179595596389595,0.0009306579648881708,0.0010499748699348554
140,0.0022581693223455712,0.002105218562271416,0.001523261784626917,0.0022581693223455712,0.001493763171138418
141,0.003078892816472223,0.0027695889346162073,0.0023927567142926764,0.0009240173595441714,0.003078892816472223
142,0.003555069885148754,0.0032802614387593687,0.003555069885148754,0.0017699075596954161,0.003171728993286105
143,0.002993995421550877,0.002993995421550877,0.0011433049193177447,0.0023612441267637507,0.0014950083568324724
144,0.0033373291165320063,0.0017577091903151487,0.0033373291165320063,0.0018780871523192966,0.002386538450343534
145,0.002841262070976791,0.0011124614933663013,0.001242376501270126,0.0017853968549379484,0.002841262070976791
146,0.0022857298938849246,0.0019808398538689875,0.0021576406419654415,0.001865749483517809,0.0022857298938849246
147,0.001921608727914803,0.0012055353830067173,0.0008768860809944545,0.0012915991666354043,0.001921608727914803
148,0.0029134945532863776,0.002093340591978521,0.0018976915064303768,0.0011018384772766288,0.0029134945532863776
149,0.0029585523764774635,0.0019406567499430372,0.001081068405740515,0.0029585523764774635,0.001983436545719197
150,0.0021492568176796345,0.0021492568176796345,0.0016983792532520026,0.0016786561182994264,0.0020574948012818117
151,0.0022276077816471007,0.0021626190124455213,0.0022276077816471007,0.0009429978182312615,0.0015861063279095644
152,0.0031032299822530973,0.0018537372229796567,0.001360013313166153,0.0031032299822530973,0.0017199364982674048
153,0.0022793294898038052,0.0015526683538059083,0.0012203658004478202,0.0022793294898038052,0.0016343582669320345
154,0.0016524803490504114,0.001524282609842914,0.0013214373441015614,0.0016309796127299547,0.0016524803490504114
155,0.0027830725599750084,0.0013552497236637429,0.0013320558967778728,0.0015958739782320208,0.0027830725599750084
156,0.0023634118329153297,0.0020848135634640996,0.0023634118329153297,0.0013814135262283367,0.0021864131322925084
157,0.001826550339456584,0.0010704070443821045,0.0014543016822523014,0.0012534178514955752,0.001826550339456584
158,0.002037388860971878,0.002007587324628468,0.002037388860971878,0.0009005392973731041,0.0013719871961875574
159,0.003597965301470163,0.0028664311530002262,0.003597965301470163,0.001930751350628146,0.002614068609751219
160,0.003536263956612107,0.0018521889542420789,0.0014372569746259334,0.0020520636952602866,0.003536263956612107
161,0.0037235729313815358,0.0014447117305758095,0.000762239724858671,0.0037235729313815358,0.002493853691566572
162,0.00251746373128775,0.0017460934230131286,0.0023950745789035333,0.0022323591402011456,0.00251746373128775
163,0.0024886717850944873,0.002130826899191862,0.0015671396779781688,0.0024886717850944873,0.0015277989553311722
164,0.003258601150183893,0.003258601150183893,0.0015251391779928514,0.001337907227886681,0.002858894767361425
165,0.0025349146027493497,0.0025349146027493497,0.001733766296870165,0.0013412929536253948,0.0014744115293533477
166,0.002000192744406326,0.0017025837027743185,0.002000192744406326,0.0015540645819456245,0.0017594752898903443
167,0.001816307941321399,0.0010566721210325536,0.001816307941321399,0.0015420315018383202,0.001793672898637494
168,0.003052675298865104,0.0024387830922751874,0.00259590808367971,0.0016524514337769025,0.003052675298865104
169,0.002434686157027466,0.0012078765151848359,0.0021084708662850726,0.0019159296075382248,0.002434686157027466
170,0.00291331160156727,0.00291331160156727,0.0020543994746485827,0.0018459521655452837,0.0016018411779135933
171,0.0031835827064190525,0.002479583049988132,0.0031835827064190525,0.0022963745075798014,0.0016046514224714592
172,0.0027413932199087665,0.0008580159923942121,0.0023797392231835746,0.0027413932199087665,0.0019505142495092609
173,0.0014442361687145855,0.0012211902326514368,0.001292577947157314,0.0014442361687145855,0.0009512080345022156
174,0.002089226377552267,0.00133934990161666,0.002089226377552267,0.0020451012014339187,0.0018735037060872983
175,0.0022128626338541735,0.0015737364214469807,0.001914878720242874,0.0013149118679790517,0.0022128626338541735
176,0.0023078542377720224,0.0014069989970882935,0.00134098009273953,0.002232872627152438,0.0023078542377720224
177,0.0016294718411119513,0.0016294718411119513,0.0015547726169945486,0.001191968144458433,0.000752401000203573
178,0.0023956044680222277,0.0011039257145661896,0.0015787164693999989,0.0014416482595043245,0.0023956044680222277
179,0.002125610919640031,0.0014766150253120447,0.002125610919640031,0.0020256026241421976,0.001829066924174394
180,0.0026373711487250318,0.0010871924594877402,0.0015108828706767996,0.0026373711487250318,0.0013794301858198743
181,0.0029085258673877956,0.0013176780234039898,0.0029085258673877956,0.0013281513207756834,0.001361921728464499
182,0.0022415697377208277,0.0022415697377208277,0.0010859393350759472,0.0013499472055652495,0.0012379965575795848
183,0.00227795523035057,0.0020745866380769973,0.001237053604417726,0.0018154475009566906,0.00227795523035057
184,0.0016730084199240158,0.0016730084199240158,0.0014246565193370975,0.0010490712851987105,0.0016705179619617705
185,0.003744251577880442,0.0022208548506601478,0.0019491794635719817,0.001937097588185166,0.003744251577880442
186,0.002926376468579628,0.0019108181758900056,0.002926376468579628,0.0011848537560503747,0.0014216457201975952
187,0.0027282026564096062,0.0009649808762929313,0.0011540990190443967,0.0027282026564096062,0.001111085884855978
188,0.0015120671949410136,0.0015120671949410136,0.001491624428953786,0.0013003294717463532,0.001076750615226052
189,0.00244062602759626,0.00244062602759626,0.0011798357988479502,0.0022690936513943827,0.0016476376024203154
190,0.002933409432458456,0.0016600255864063218,0.0008538054442223109,0.002933409432458456,0.0022773907458183418
191,0.002484742982664989,0.001875560172073798,0.0022426765631139434,0.002484742982664989,0.0012286484153255506
192,0.0020982051881547337,0.0019760803945514382,0.0020982051881547337,0.001999699657905585,0.0018837659178132515
193,0.0018160545719179133,0.0018160545719179133,0.001368317651010198,0.0015269485702967822,0.0014234701823170326
194,0.0026396355715724296,0.0009571588054112512,0.0011436826066740235,0.0026396355715724296,0.0020267925291943545
195,0.0024339187801655227,0.002137802740765471,0.0010201971686446543,0.001469353389107697,0.0024339187801655227
196,0.0017056548900462598,0.001279594456201516,0.0017056548900462598,0.0011781401218325938,0.0014431401439938263
197,0.0029414898862306638,0.001415379242522996,0.0029414898862306638,0.0011126842765667444,0.002679654320578373
198,0.0026491076083725584,0.0024026237648768767,0.0010445335977073977,0.0026491076083725584,0.0026318867022959713
199,0.0024215084473124815,0.0024215084473124815,0.0012995142386599268,0.001962341295106529,0.002308218732612999
200,0.0022238508023512127,0.0022238508023512127,0.0019582991575702313,0.0013917107219058034,0.0017489274035717983
201,0.0017552064459754324,0.0017552064459754324,0.0011775202439452404,0.0017090016446354994,0.0016029211542869515
202,0.002952033140288579,0.0013629499448335747,0.0010882115580332918,0.002435616536487606,0.002952033140288579
203,0.0019188209306951753,0.0011385405548034466,0.0016001643022454104,0.0019188209306951753,0.0008229710956557668
204,0.001600544741634513,0.001600544741634513,0.0012683362388759,0.001009383188648627,0.0013433719497102925
205,0.0017598724276931543,0.0016073283340721778,0.00149641522216859,0.0017598724276931543,0.0016116359905542499
206,0.002359570689180246,0.0013823142153928103,0.0017558026933578441,0.002359570689180246,0.0011291906642293403
207,0.001655935303437328,0.0009545034423269483,0.0015124721910714234,0.0012641050484244465,0.001655935303437328
208,0.0026650093846390943,0.000846300474809214,0.0008709605977079704,0.0026650093846390943,0.0014083928252579536
209,0.001741653502048357,0.001362388161003536,0.001741653502048357,0.0009457958968603908,0.0010670043530507378
210,0.0028536773037693974,0.0025672804961158757,0.0009286698046248043,0.001960969021618797,0.0028536773037693974
211,0.003413656042189017,0.0015231132599345942,0.003413656042189017,0.0020576306376018927,0.0019137823068985371
212,0.0023924690893168954,0.0023924690893168954,0.0016127973602378942,0.002232723252887703,0.0017449760750561372
213,0.002497224892079708,0.0012770482472757028,0.0017542632554449211,0.002497224892079708,0.0015108709015716482
214,0.0019421396295509208,0.0015400380238325129,0.0019421396295509208,0.0013406051928681606,0.0015046753044910544
215,0.002651155082405876,0.001302736087319456,0.0020865615770678803,0.002651155082405876,0.001353241883565448
216,0.003085041367644148,0.000990638768402552,0.00247429275985378,0.001603570262764642,0.003085041367644148
217,0.0029753003939936296,0.0016662417165196342,0.002391016189613182,0.0020416352567670937,0.0029753003939936296
218,0.003184386038231235,0.001366323243654266,0.0019270830381762916,0.0026037970754013706,0.003184386038231235
219,0.002731009827967479,0.0012121684693591206,0.0020548444605076877,0.0013534046647475373,0.002731009827967479
220,0.0016649126947327897,0.0011858588018636151,0.001331280087684572,0.0015583470689408685,0.0016649126947327897
221,0.0018503215509682036,0.0013490488443049786,0.001054330847577889,0.0018503215509682036,0.001407127359538518
222,0.0018440475179829496,0.000692305999420606,0.0015244390952744435,0.0018440475179829496,0.0015364967832180998
223,0.003060384611467515,0.001755099010569111,0.00305259829698723,0.0014006932969038433,0.003060384611467515
224,0.002076846568898505,0.0014262223504249993,0.002076846568898505,0.0013908883204598321,0.001922256574038994
225,0.001771598419779613,0.0014898218396031948,0.001771598419779613,0.0017258314648203044,0.0015477427670458344
226,0.0019044815094874101,0.001152336970446477,0.0019044815094874101,0.0018818674533380708,0.0015594648807252254
227,0.0025025695144968996,0.0007650601995067285,0.0025025695144968996,0.0023428292645122917,0.001967141282889523
228,0.002380749082351419,0.0010870146227685007,0.0014758960567975432,0.0012720773062644408,0.002380749082351419
229,0.0025103617867119343,0.0024157290743367366,0.0007287073126635013,0.002138377930103519,0.0025103617867119343
230,0.002065918603541328,0.0020058886608659288,0.001681107184385966,0.0011639469576821826,0.002065918603541328
231,0.002139804609349427,0.0013678151275487993,0.0012434409713566463,0.002139804609349427,0.00139839858210411
232,0.001964687460317971,0.0014505360419380109,0.001346038776493974,0.001964687460317971,0.001593630045491179
233,0.003095765411127105,0.00212232467390161,0.003095765411127105,0.002412875358149491,0.0021001716684695415
234,0.004570308518590194,0.0019442423387879826,0.004570308518590194,0.002641488326973862,0.001663470660884958
235,0.003256544779376147,0.0022692959859899053,0.0010516254278182258,0.001574242502678791,0.003256544779376147
236,0.002412673384777131,0.0010510953629924158,0.0014583928130721402,0.002412673384777131,0.0018558222032161176
237,0.0028741212023000173,0.0028741212023000173,0.002515178671587348,0.0017805494776442776,0.001493578216957947
238,0.0018779004092046303,0.0012691958803105197,0.0017578035101279976,0.0018779004092046303,0.0015526492137178938
239,0.0028301860913882426,0.001569480022634795,0.0028301860913882426,0.001256179571296312,0.0017387371789185924
240,0.002148114617695429,0.0014739644334216262,0.0016870152458510201,0.0013426084402985428,0.002148114617695429
241,0.004321364714140019,0.0024786821458959163,0.004321364714140019,0.0016674121525274144,0.0024744546339365847
242,0.002559150654202813,0.0018353090938857952,0.002559150654202813,0.0019234923481662447,0.002268674081845834
243,0.0018134819325765772,0.0018134819325765772,0.0013253746359930263,0.001438435462808474,0.0010858742670663002
244,0.00254271022950614,0.0012741611630648908,0.00254271022950614,0.0009069899296471062,0.0013896432011324955
245,0.003456163283419411,0.003456163283419411,0.0011095489696154592,0.001170964352349091,0.0019471398985563826
246,0.002285944424357589,0.002285944424357589,0.0015529138575353651,0.0016805416084842983,0.0020996383732155843
247,0.0019717552036874197,0.0019717552036874197,0.0013487599566142094,0.0008606751113227062,0.0011561821008727602
248,0.003065164016293531,0.0022057290166557775,0.003065164016293531,0.0024227844081691208,0.002157471648725262
249,0.0019053086987518286,0.0011834263625998265,0.0019053086987518286,0.0015196507646354218,0.0014588822045184524
250,0.004487864630082994,0.0021853034932207693,0.0034697812218166257,0.004487864630082994,0.002309069586316992
251,0.0018712976319981145,0.0015666633260813523,0.0018712976319981145,0.0016280733242318435,0.001539329317681859
252,0.0022115339221921992,0.0014948958313460992,0.0022115339221921992,0.0015928678253820383,0.0019177508986781833
253,0.0026389693444297535,0.001429701062240829,0.0026389693444297535,0.002047102966594938,0.0020058833430086076
254,0.002906118390408441,0.002906118390408441,0.0014895113111680347,0.001770973793203512,0.0011721690222036285
255,0.001690378626351352,0.001690378626351352,0.0016169516263941919,0.0007466445841085578,0.001570729459342779
256,0.002087362308214824,0.0010599008369968077,0.002087362308214824,0.002052201413483612,0.0014980162760133697
257,0.0025384475737356693,0.002291860313891836,0.0025384475737356693,0.001238552743758059,0.0024827835191111314
258,0.0024045936201965157,0.0012068837001866228,0.0013673508436972126,0.0024045936201965157,0.001760764625909017
259,0.0024715284921784098,0.0024715284921784098,0.002249606688032868,0.0008794872659617647,0.0019648219030258263
260,0.00331180653547658,0.0012766643552002965,0.0014587565450230322,0.0024788580511418967,0.00331180653547658
261,0.0021264737130132216,0.0021264737130132216,0.0015284646012292402,0.0013750978005322434,0.0008629018350416184
262,0.0028827378223894584,0.0028827378223894584,0.0012284179673379692,0.0025981472917061543,0.0012587049166652153
263,0.0035431867255077965,0.0013630519119267603,0.002216095271568075,0.001093512166305155,0.0035431867255077965
264,0.003183876455539192,0.0020346083758019384,0.0018892866241304596,0.0016102759273494693,0.003183876455539192
265,0.002818816888554787,0.001359996709000888,0.0014748098519009323,0.002818816888554787,0.0014620494670927187
266,0.002196232785948604,0.0009610955018536371,0.0015308696825879764,0.0013885903977730596,0.002196232785948604
267,0.00193511995995449,0.0010889635313975354,0.0009872330162360443,0.00193511995995449,0.0009815975966602775
268,0.0017847477165156,0.001669922259629697,0.0017847477165156,0.001211478614298822,0.0016155158744321219
269,0.0030908897360577003,0.002379607569430009,0.0030908897360577003,0.0017137546742418408,0.0019076168346076061
270,0.0017917863531723144,0.001725537281620726,0.0017917863531723144,0.0014350204351496476,0.0011462679260128006
271,0.002647659589205542,0.002647659589205542,0.0012773660549307841,0.0014351145146147826,0.0012762181424087748
272,0.0034255359113377626,0.0034255359113377626,0.002031083676232087,0.0013928630117280294,0.0017177197828369684
273,0.0019163113385396446,0.0019163113385396446,0.0008213137479035071,0.0015843445197512018,0.0017055862982348347
274,0.00285525351715632,0.0017191615940393978,0.00285525351715632,0.0019517502812337328,0.0008703360067503496
275,0.002724802806021609,0.0019648151328375274,0.002699068833486029,0.002724802806021609,0.0021308168147982087
276,0.002354736801715107,0.002328084358462379,0.0009398533186623093,0.002354736801715107,0.001021217380029138
277,0.0022064924498318705,0.0021967176501931363,0.0022064924498318705,0.000770938614237382,0.002103320019171906
278,0.0028973206523787987,0.0014287960165687563,0.0028973206523787987,0.001987274165338504,0.0012946256225019326
279,0.0025621089920156437,0.001147964693868353,0.0024417766791544615,0.0025621089920156437,0.0019255761060586463
280,0.0017318393085907213,0.001067629926212732,0.0016055224017916814,0.001450150639239256,0.0017318393085907213
281,0.0033291058284984354,0.0019695037044160646,0.0027545134851645336,0.0022027384835614505,0.0033291058284984354
282,0.003349852382525803,0.003349852382525803,0.0017978851426376785,0.0009011139321708495,0.0019246620379747004
283,0.002641406960503412,0.0016733753150871555,0.0008812743344523977,0.002641406960503412,0.0016212326384782427
284,0.0028465540369148057,0.0012148079856854066,0.0028465540369148057,0.0015424248405264684,0.0024917034671133598
285,0.002228887849461514,0.0014391722440160182,0.002228887849461514,0.0021300957896809303,0.0018893196860503836
286,0.0038148867194501834,0.0014341498933834185,0.0036220754526272714,0.0014219755399313971,0.0038148867194501834
287,0.0029813148038859705,0.002081382017856681,0.001463428068706668,0.0029813148038859705,0.0015792772367216323
288,0.0017305614705452887,0.0013000233348410273,0.0013061403210814504,0.001630321039599869,0.0017305614705452887
289,0.0028026833281223906,0.0016284186360666641,0.002120842734571693,0.0013318195877850547,0.0028026833281223906
290,0.0022901959118266924,0.0016039984666086915,0.0016341687737345678,0.0022901959118266924,0.0010176877964097608
291,0.0019492275168606632,0.001649249737145142,0.001875431767761393,0.0013907802978213035,0.0019492275168606632
292,0.002789657743543561,0.0007697664893693279,0.002789657743543561,0.0016967021076070843,0.002050718298871046
293,0.0033490022414327525,0.0028192660838846084,0.002791559039256375,0.001744537250310707,0.0033490022414327525
294,0.0022225467008671895,0.00129758429525495,0.0007843210368967402,0.0019636717604651355,0.0022225467008671895
295,0.0028080031343764023,0.00262932238336111,0.0012635267682147289,0.0028080031343764023,0.001369600573634111
296,0.0032232054345335825,0.0024740494573893823,0.0014399511442737545,0.0032232054345335825,0.0010678567106087167
297,0.0032435705929637626,0.0020108954647619637,0.000883585431505185,0.0022959925696574013,0.0032435705929637626
298,0.002871359313039612,0.002871359313039612,0.0015147080671091828,0.0015199611547369596,0.0016853279670321353
299,0.0031292214838006815,0.0019929576540792526,0.002400762973909898,0.0031292214838006815,0.0014580794540149933
300,0.0027052910401103025,0.002242677603221943,0.002702096816428079,0.0027052910401103025,0.0013054678658761532
301,0.002444826870122374,0.0022470069075040122,0.0013720456004014947,0.002235706053920261,0.002444826870122374
302,0.0023888568166671176,0.001037592981925406,0.0012891958203278264,0.000997986764788572,0.0023888568166671176
303,0.0024686743106542286,0.0009159350203107319,0.0024686743106542286,0.0022421819678790644,0.0010707343573925776
304,0.0028967840724178906,0.0016887363164843627,0.0021121884780370137,0.0020724263882990757,0.0028967840724178906
305,0.0026289427238972984,0.0026289427238972984,0.0022357618282673464,0.001827917478708918,0.00243902445195443
306,0.0020277095162679615,0.0020277095162679615,0.0011993613478389342,0.0016265257101044095,0.001868508320092055
307,0.002403526165976,0.002403526165976,0.002059696517471732,0.0008598908084018753,0.0019860491850215434
308,0.0019711426017419154,0.0015050424471088064,0.0019711426017419154,0.0014030960936177728,0.001257540761940068
309,0.0021874078207261283,0.001511178685679404,0.0021874078207261283,0.0013666762076827155,0.0018894059449620082
310,0.0030331399155478223,0.001417676116414357,0.0030331399155478223,0.0020320470665452506,0.0007430488881410291
311,0.001464278572055222,0.0012072665445806985,0.001464278572055222,0.0013831438150607722,0.0011035067104656626
312,0.0020392547616608914,0.001213763441715754,0.0010115678797929517,0.001554805810787041,0.0020392547616608914
313,0.002770536923807243,0.0015667561894729953,0.002770536923807243,0.001764126331561422,0.0012928350560544866
314,0.0035104210494365518,0.0012839088496480189,0.0035104210494365518,0.003108403213799793,0.00152158772905564
315,0.0031109627480502278,0.0017316428345748314,0.0025456716084709674,0.0023702627870307302,0.0031109627480502278
316,0.0017517691586153017,0.0017517691586153017,0.0014954227734778613,0.0010769269237255186,0.0013811922008042377
317,0.002987999479300396,0.0020854513823491683,0.002987999479300396,0.0024892280851203097,0.0023009536614292947
318,0.0026927946386095525,0.0019619796795266042,0.00129958556692511,0.001649770507888615,0.0026927946386095525
319,0.0025361030774091464,0.0025345882471115577,0.001451280503439456,0.0025361030774091464,0.0017427795884115138
320,0.00221364364648019,0.0008178757167576212,0.00221364364648019,0.001089066181870102,0.0011427702477494472
321,0.0021975994242403596,0.0012298124753210016,0.0021975994242403596,0.001555584792160225,0.0012995385411508353
322,0.001954618849224654,0.001954618849224654,0.0010903828860380216,0.001515208518050204,0.0018512232263619977
323,0.0024041537986714268,0.0024041537986714268,0.0017008696831876668,0.0012775075167047456,0.0018909128691485533
324,0.0016948690849606374,0.0010460057339616302,0.0016948690849606374,0.001307459923069354,0.0015504472758628984
325,0.002348660101594513,0.001427072824779163,0.002348660101594513,0.001952463211460309,0.0013612245553812352
326,0.0016536651401951041,0.0015127757784191287,0.0009216658951899381,0.001640958241488688,0.0016536651401951041
327,0.0017191765005204473,0.001356415285733381,0.0017191765005204473,0.0010657386003490865,0.00117960110550841
328,0.002649937174177497,0.002649937174177497,0.0018397735605949206,0.0013909395164386495,0.0015274213408725812
329,0.002635188025477353,0.0011533845413702615,0.000952225171006793,0.002635188025477353,0.0022184973483841963
330,0.0032037464875976362,0.0027108060836300574,0.0010542933698193258,0.0018680558505671518,0.0032037464875976362
331,0.0015536491174991118,0.0012381979500296625,0.0011489076999007253,0.0013905902287251193,0.0015536491174991118
332,0.0016168430467222716,0.0016168430467222716,0.0011721712204644241,0.0013423659655272813,0.0011389709097290035
333,0.002897494034287962,0.002897494034287962,0.002776334989977536,0.0008322800434579225,0.002105868983800052
334,0.002426374150638372,0.0012513955660427567,0.0018916939501891772,0.002346422480998256,0.002426374150638372
335,0.00319239423107337,0.001473112099612539,0.00319239423107337,0.0020251224690787106,0.002489073210413806
336,0.0017088691248029475,0.0010372127558248012,0.0017088691248029475,0.0012168170280660862,0.000714082145952255
337,0.0028570579015513853,0.0016441693846686034,0.0013425059480087764,0.0018838200042609055,0.0028570579015513853
338,0.0015022847711017029,0.0015022847711017029,0.0011676158246561874,0.0012758665598969765,0.0009082589573533584
339,0.003052499098343542,0.003052499098343542,0.0020099953049523833,0.0014219646624435978,0.0029981063202353386
340,0.002486921745490922,0.0024530195071780225,0.0021667891283499996,0.002486921745490922,0.0010277696249617052
341,0.002223570322962387,0.001457419951118477,0.0019233960933406902,0.0018165880538824064,0.002223570322962387
342,0.0017428074522679582,0.0010288029662666176,0.001366579926021405,0.0010795747681185963,0.0017428074522679582
343,0.001925535558575886,0.0011741520700693509,0.001925535558575886,0.0017525873064460074,0.0006015833078101829
344,0.0016838888019701792,0.001508443003919585,0.0014174818551682122,0.000751534169637913,0.0016838888019701792
345,0.002421999842619371,0.0014092687908585644,0.0014376711201554704,0.002248619612672753,0.002421999842619371
346,0.0018922488856492892,0.0006673019297090965,0.001866045746157008,0.0009972467877962243,0.0018922488856492892
347,0.0020819614914222018,0.0017025187280581278,0.0020819614914222018,0.001926573293658973,0.0016961331377998434
348,0.002884339844697714,0.0025259615616538555,0.002884339844697714,0.0011874500367576868,0.0027913512238638694
349,0.0014941561356920374,0.0008698522821521393,0.001398377194475331,0.0014941561356920374,0.0009617284028695661
350,0.0028109356064779933,0.0028109356064779933,0.002259056674321913,0.0012653895414279637,0.002683201945379299
351,0.0027808209474639023,0.0027201636019036357,0.0027808209474639023,0.00247197796320775,0.001926842245721816
352,0.0020414493959074465,0.0020414493959074465,0.0010807768278670027,0.0012701625007902617,0.0015963080213626801
353,0.002179811277923549,0.0012875384004226165,0.002179811277923549,0.0013127860968261684,0.0012763319221101854
354,0.002255339506301468,0.0012693964910239774,0.002255339506301468,0.0012101853346930813,0.0019162885954745468
355,0.003797435938110494,0.003797435938110494,0.002912140703691446,0.0036556870316910572,0.0013259298863219637
356,0.0020834004338835532,0.0020834004338835532,0.0015488741428614228,0.0012235066815169393,0.0017330497011929236
357,0.0023112049065916462,0.0018619210935109098,0.002031267155659433,0.0023112049065916462,0.0019018462017262872
358,0.0013592890280875736,0.0010294234267260727,0.0013592890280875736,0.0010803793134368522,0.0011673651827045495
359,0.0030213562481362644,0.0017815603937738067,0.0019913456153523024,0.0012566340717681257,0.0030213562481362644
360,0.0020725234982313934,0.0018969967698821977,0.0015482610862779245,0.0008189045677124973,0.0020725234982313934
361,0.0023019951698495245,0.0017215847063894174,0.0012715288556629512,0.0023019951698495245,0.0015752799128745387
362,0.0016695175119680883,0.0011175936536186315,0.0016695175119680883,0.001414421412713196,0.001409270860457501
363,0.003603838391494585,0.0020661075011447205,0.0009063739507987334,0.003603838391494585,0.0018328968464421114
364,0.0017192763900555352,0.0008227154914249857,0.0014335486520228313,0.0017192763900555352,0.001320197986608318
365,0.0030686099452224003,0.0015102963040219408,0.0020774946991736765,0.0015199555476042015,0.0030686099452224003
366,0.0029667521866023616,0.0021351621798273435,0.0012113052543843983,0.0029667521866023616,0.0016099743038086034
367,0.0033068498054442674,0.0011907410562913556,0.0013639662856811396,0.0020824072404829197,0.0033068498054442674
368,0.002881606511642154,0.002881606511642154,0.002321754427656808,0.001224630613508082,0.0013109687217185417
369,0.0025230601857209045,0.002006674852472523,0.0025230601857209045,0.0019896240758061623,0.0011721798262498972
370,0.002386975224853871,0.0019764131574975252,0.002386975224853871,0.001310593567741214,0.0013320065018377347
371,0.00194489420150612,0.0017275983324764876,0.0019099569959133422,0.00194489420150612,0.0010794442949086935
372,0.0022226908425132808,0.0016428223144026588,0.0022226908425132808,0.0016278877472603037,0.0015568122160897202
373,0.0025714711367790244,0.001434877064236284,0.0025714711367790244,0.0017700863429403468,0.0021190944012214885
374,0.002202873986879017,0.0020888879139221994,0.002202873986879017,0.0019185682410811644,0.002154207517645834
375,0.0022249140970296843,0.0022249140970296843,0.0011559847487423447,0.001517298335851569,0.0016135579906172426
376,0.0021040848791850086,0.001660151310733271,0.0021040848791850086,0.001102107870817881,0.0015629107643776452
377,0.0026071281603475827,0.0026071281603475827,0.0017336906726883594,0.0015501949326832687,0.0014472348113437894
378,0.001965976757924204,0.001965976757924204,0.0013135519777244253,0.0016175439607244435,0.0015200041615394122
379,0.0017888543186403982,0.0017888543186403982,0.001529861169082991,0.0014441202509772877,0.0015527538985420364
380,0.002081560264738519,0.0017862492509646,0.0010074991414658063,0.002081560264738519,0.0009726355958264987
381,0.002073834768131777,0.0016024007671152085,0.0010408974920641523,0.001630610194796156,0.002073834768131777
382,0.0015258315935443856,0.0011820129878226115,0.0010998364600074417,0.0011334064683965472,0.0015258315935443856
383,0.0021325448504657674,0.0017003411580607253,0.0014575498540846388,0.0021325448504657674,0.0016920910593470895
384,0.0015878600470791149,0.0010896168220128621,0.0009045470414333345,0.0015748277521382414,0.0015878600470791149
385,0.0025457406513226255,0.001757624807995961,0.0025457406513226255,0.0014928141147225182,0.0012955044827835938
386,0.0033775431450768223,0.0017538068451318778,0.0017614357792625768,0.0033775431450768223,0.000939296761794467
387,0.0024232433931707376,0.0020122308738289574,0.0024232433931707376,0.0011810824730433822,0.0016245824891812921
388,0.0028262030083035516,0.0028262030083035516,0.0017584873616433017,0.0019739533732437697,0.0022977081694309787
389,0.00180874184160551,0.00140490572470775,0.0013096116592921092,0.0014672248375606767,0.00180874184160551
390,0.002117870449196091,0.001936713322646666,0.001139957917058565,0.0017680645220111701,0.002117870449196091
391,0.0031837677642364004,0.0021197297223693456,0.00082747499855651,0.0031837677642364004,0.0011952682820660643
392,0.0028840190878314242,0.001092793286700089,0.0024772046626928557,0.0018480330356666075,0.0028840190878314242
393,0.00430740712369615,0.0019516564178324591,0.0016724362512993696,0.00430740712369615,0.001987854599419081
394,0.002129294308293894,0.0014081331709837608,0.001832884126747647,0.002129294308293894,0.0014443420650550598
395,0.0016511358086314099,0.0015777809360306705,0.0015239835353031417,0.0015209984114220587,0.0016511358086314099
396,0.003328421625483746,0.001676974048724078,0.0015638261170956569,0.0027199824461257016,0.003328421625483746
397,0.0023790558597247546,0.0023790558597247546,0.0012103491959248869,0.0014028361236162468,0.0014887485724357497
398,0.002353785625896554,0.002353785625896554,0.0019219060893753692,0.0007769149181521273,0.0013835719916712175
399,0.002156279121187571,0.002156279121187571,0.0009299435239674692,0.0019487150474406523,0.001500775867111448
400,0.0032645428533772947,0.0025976384427466304,0.0032645428533772947,0.0028387321776895957,0.0024398496180554896
401,0.0014949862937904124,0.001332200793594862,0.001041182870284263,0.0008279632477088406,0.0014949862937904124
402,0.0029424114269039903,0.0011430179035780696,0.0029424114269039903,0.0010873441570528053,0.0009121235343473311
403,0.0019081658404009882,0.0019081658404009882,0.0013372841545195024,0.0013810330414179006,0.0015050566661629905
404,0.002372836557021585,0.0018709404869001744,0.00223732135575605,0.002372836557021585,0.0018117723151936937
405,0.0018095027490483417,0.0007999368765966297,0.0018095027490483417,0.001507418528429172,0.001642314240834386
406,0.002121969621951658,0.0012845461772896805,0.0015243448677468574,0.0012079996107219326,0.002121969621951658
407,0.0022055028811079347,0.0015089274290391863,0.00211558497556269,0.002148724298640159,0.0022055028811079347
408,0.00214053038641579,0.001043236529179925,0.0016266673606082083,0.0006780169318805207,0.00214053038641579
409,0.00293882632890774,0.0010253180620131142,0.00293882632890774,0.0023997874071489678,0.001211956825570626
410,0.00205155429820425,0.0017553784760314661,0.00205155429820425,0.0018201823657425509,0.0014740149388049462
411,0.0021014512621005954,0.0021014512621005954,0.001654526646311577,0.0020956625553461006,0.0015399202020135172
412,0.0030206059008653363,0.0030206059008653363,0.0015261020855015794,0.0013827101833482347,0.0019520802041494978
413,0.002179668802102963,0.001979115185880981,0.002179668802102963,0.0017023207173461063,0.0019076272969930919
414,0.0024657005798313647,0.0014134275530149898,0.0024657005798313647,0.0020827098024125412,0.0020098088808279124
415,0.0028576962272026107,0.0012965894718396376,0.0007841238136765405,0.0013262743557451717,0.0028576962272026107
416,0.003121673284636195,0.003121673284636195,0.0014700214480831142,0.0011782933707719934,0.0010999271833966873
417,0.0034298708451090953,0.0021503235232038787,0.0034298708451090953,0.0015460331235447322,0.0016180205639451106
418,0.002101654436995948,0.001742449593728268,0.0018397376183740821,0.0010514340855831694,0.002101654436995948
419,0.0022449033688434206,0.0016698009149176407,0.0022449033688434206,0.0011146640256189944,0.0014521262176225846
420,0.00354869729784979,0.0023708907943833513,0.001214432359702311,0.00354869729784979,0.001897482196221656
421,0.003836681253474805,0.0026195125574847156,0.0019059712149214203,0.003836681253474805,0.0014937444997469296
422,0.0027005234101800113,0.0015155602369166243,0.0027005234101800113,0.0016908503310171241,0.001707613475821046
423,0.0031689312364481803,0.0031689312364481803,0.0015394385845280412,0.0016623772682494709,0.001415657644109003
424,0.0022907016211790587,0.0011146013331704285,0.002135158607095844,0.00211116257489119,0.0022907016211790587
425,0.0030404514928606963,0.001047266429859861,0.0018139186124852547,0.0015738303939755172,0.0030404514928606963
426,0.0019401197248494206,0.0010221489830744002,0.0013418697369982358,0.001697888095900324,0.0019401197248494206
427,0.002076155884046388,0.001048130861766805,0.001432228486483944,0.002076155884046388,0.0013963124914105896
428,0.002779745727462035,0.002779745727462035,0.0012465081199930506,0.0023603791725654855,0.002238509487306528
429,0.0019169620490400163,0.0013918036947101475,0.001684826057916311,0.0019169620490400163,0.0011464082591212676
430,0.003386287243167585,0.001087042489939738,0.0013757438765743535,0.003386287243167585,0.0026000063519031613
431,0.0024178893294033166,0.001289660735856013,0.002079111658640942,0.0018484224636233781,0.0024178893294033166
432,0.003395493559437912,0.003395493559437912,0.0007849537632170778,0.0012433506255461468,0.002234650882133815
433,0.0024278393844308077,0.0024278393844308077,0.002185365588690924,0.001817032197031887,0.0016705551390320261
434,0.001624941250763512,0.0012069974508881198,0.0014341358749947464,0.0012748562518808404,0.001624941250763512
435,0.003174308175426299,0.0019675275479221765,0.0018009451996313652,0.0011662646590427928,0.003174308175426299
436,0.003644857789526057,0.003644857789526057,0.0016232588408778836,0.002329835530986313,0.0012670901220284136
437,0.002841479695653848,0.002492149614210265,0.0017780556062221287,0.002841479695653848,0.0017534613857116965
438,0.002646740965304817,0.002646740965304817,0.0012030066998164335,0.0016367154010300533,0.0017001853319902338
439,0.0032754595867840464,0.0023107245463923898,0.0014241918010156895,0.0032754595867840464,0.001849805045662234
440,0.003548809232741007,0.0008042560336809501,0.0029211469818908875,0.003548809232741007,0.001303518678803961
441,0.0016921402730828983,0.0009801613438777945,0.001521784128975856,0.0016921402730828983,0.0016475659899294337
442,0.0022644585535138706,0.0014253860664393825,0.0014780375923483247,0.0022644585535138706,0.0014796942009696057
443,0.003843833666976826,0.0012548993096899164,0.0033908956779222788,0.001531343225512849,0.003843833666976826
444,0.0033099750346630152,0.0033099750346630152,0.0015937487428734354,0.002029673533476384,0.0015661878475989321
445,0.0034760283985070806,0.0034760283985070806,0.002056554358647933,0.0019373854463574647,0.0030622457918362267
446,0.002367184125650179,0.002337735263106988,0.002367184125650179,0.0010948496378400119,0.002031312795670037
447,0.0029689766835645504,0.0015910203568086922,0.0029689766835645504,0.0015216699148170587,0.0013193044227224338
448,0.002128336891238647,0.0011092124263586411,0.002128336891238647,0.002036237731324664,0.0012389617828146848
449,0.00228547101385429,0.001244858126459275,0.0017984844586059756,0.0019523113932587988,0.00228547101385429
450,0.0037181894793356096,0.0014617368876186365,0.0024789922346213633,0.0037181894793356096,0.0026357470532093474
451,0.0024379766365573152,0.0013460634974172825,0.0024379766365573152,0.0018236330499625808,0.0022248510085945694
452,0.002271894246751227,0.002271894246751227,0.0015223801886092847,0.0013543674197989963,0.0022649189501329214
453,0.0016731933526183407,0.0015321813345335888,0.0016731933526183407,0.0008849262962659088,0.001488755557241983
454,0.0027529401044720236,0.0017993246064766932,0.0027529401044720236,0.0023547462826803978,0.0012797555033817742
455,0.0025291814844674576,0.0025291814844674576,0.002075031647484127,0.0016424370111135511,0.0023896050997698204
456,0.002900809419817185,0.002900809419817185,0.00260062056028465,0.0015956392123905871,0.0011991441311404172
457,0.003570675812832158,0.003570675812832158,0.0015590400985822372,0.0018072286324510856,0.001463023215771353
458,0.0025948526152088924,0.0017471864360804057,0.0013761608101398037,0.001947139391449304,0.0025948526152088924
459,0.0020012339540218527,0.0017670355608787047,0.0020012339540218527,0.0016863546867174062,0.0012826223915151092
460,0.0021691856051672953,0.001624835695756388,0.001491700852289446,0.0011378095524767762,0.0021691856051672953
461,0.0028653637041440583,0.0010925880738252847,0.0028653637041440583,0.0028337925849987178,0.0014678760471830699
462,0.002801304065088661,0.002393367127853485,0.002801304065088661,0.001202926008514904,0.0012104322162562742
463,0.0025181114005276006,0.0011026493214307542,0.0025181114005276006,0.0018962660283179389,0.001522985144908784
464,0.002134178543544585,0.001373402605673646,0.000919789142664662,0.0006645060563416072,0.002134178543544585
465,0.002167093697763911,0.0010055075644996858,0.0016362475809372778,0.0013873281743791432,0.002167093697763911
466,0.0017170705073737413,0.0013896097149512787,0.0009794780546576454,0.0015826508519332094,0.0017170705073737413
467,0.002212605668010903,0.001984816310657833,0.0010318988938389229,0.002212605668010903,0.0019985913760918184
468,0.0029793250020779816,0.0020713993158348876,0.0016732245010421254,0.0029793250020779816,0.0019334740031627662
469,0.002269979567683822,0.0014595976944005162,0.002210089234655155,0.0022128448715333926,0.002269979567683822
470,0.003029312603215817,0.0015674160116614377,0.003029312603215817,0.0021023892639572828,0.002610798002739334
471,0.0024317290441022155,0.0012486908551024856,0.0024317290441022155,0.002138356914783479,0.0017369565289681033
472,0.0020277531043077224,0.0019877256680508326,0.0020277531043077224,0.0015372376520357278,0.0014872406832049934
473,0.0018426238998877076,0.0011894459184558226,0.0012899242377618636,0.0016780002596036292,0.0018426238998877076
474,0.0027761389382928714,0.002166116684025776,0.0027761389382928714,0.0011451595517120161,0.0012353810690800548
475,0.0022796144545327857,0.0016284067096411503,0.0022796144545327857,0.0014157646558263792,0.0016680567792429768
476,0.0021707783004273895,0.0021707783004273895,0.001148791065474608,0.0016875912267438897,0.0012671555653213096
477,0.0027020545661871065,0.0027020545661871065,0.0017509304311491558,0.0020319254321648494,0.001549347449661398
478,0.0016563430061414253,0.0008789330867186029,0.000610462611462248,0.0016563430061414253,0.0013758188608684607
479,0.0020064181229459965,0.0013504606094957294,0.0020064181229459965,0.0012552489380577292,0.001298040757119756
480,0.0021222981040985855,0.0016775400344889446,0.0014525354232473031,0.001390709257075018,0.0021222981040985855
481,0.002308621196075583,0.002308621196075583,0.0012768364607882443,0.0016052501070726866,0.001033140241439079
482,0.003934174112981581,0.003934174112981581,0.0030639658010812587,0.001446520957184061,0.0016426043437761662
483,0.0037305077466222025,0.0037305077466222025,0.0013129157272019354,0.0011763933388635461,0.0021006237479636036
484,0.002610748786390782,0.002610748786390782,0.0016390426528676283,0.0012385125975269973,0.0019412371723152022
485,0.0033922591776033295,0.0017455668871700913,0.0033922591776033295,0.0021602503349665847,0.002795481391299648
486,0.003174623564407064,0.003174623564407064,0.0013622491308072915,0.0012059622869312059,0.001988464199526696
487,0.0024126395952159263,0.0009365222375377902,0.0015957677414210059,0.0016955098188129458,0.0024126395952159263
488,0.0027921782266258077,0.000980272012163358,0.002586986457922935,0.0027921782266258077,0.001791037208256463
489,0.002536773325667707,0.002100742616215734,0.002536773325667707,0.001285921132564316,0.0018504968196377813
490,0.0037891974953626617,0.0013755441958476222,0.001837081028378762,0.0037891974953626617,0.003253873681098196
491,0.0019387707196278914,0.0019387707196278914,0.0017246683364571247,0.001807280260055777,0.0016686795151859002
492,0.002462637889785624,0.002462637889785624,0.001254760289311041,0.0017327343551090113,0.002067944093332774
493,0.0019185572207454649,0.0019185572207454649,0.0016180529142477695,0.0011803406763714608,0.001165682209613772
494,0.0023602001694582597,0.001096057216299684,0.0022643974997096916,0.0023602001694582597,0.0016377716653372953
495,0.003355488198170886,0.0015726607190804653,0.0021724277221259747,0.003355488198170886,0.0009697613188812682
496,0.0020260075538427458,0.0020260075538427458,0.001186650714438131,0.0011621592575026263,0.0011536748166132982
497,0.0023765565553481305,0.0019038620710263299,0.0023765565553481305,0.001349567369519633,0.0017167034368918976
498,0.0024024244721376764,0.0017682810322894316,0.0013422314030560045,0.0024024244721376764,0.0017911378840191894
499,0.0033193994097637236,0.0033193994097637236,0.0025477120909435103,0.0015059267473441773,0.0007767945237232565
500,0.0021385624703411654,0.0021385624703411654,0.001296902415094836,0.0013025967404479144,0.0009732362211413159
501,0.003981798281419507,0.0014170421088856855,0.0015182609835798777,0.0018672486356604567,0.003981798281419507
502,0.0017124908664960525,0.0017124908664960525,0.0010861812776706836,0.001279388052253444,0.001079866889275194
503,0.0027997151916684393,0.0020382180405185135,0.001739710737232919,0.0015445865491365285,0.0027997151916684393
504,0.0025814042782638658,0.002152275077030197,0.0012958754358528557,0.0017075590930097917,0.0025814042782638658
505,0.0027056617499548463,0.0020336650248358734,0.0022863421469191403,0.0024091611316932604,0.0027056617499548463
506,0.0022364019740934715,0.0012644593352237332,0.0022364019740934715,0.002050556146465543,0.0014359569830650898
507,0.003809671026447581,0.003809671026447581,0.0026547329020625288,0.0016235047770495337,0.0016346305125282123
508,0.00150988358362536,0.00150988358362536,0.0014517494717705137,0.0008888408639744494,0.001454095349278428
509,0.002751223602141195,0.001720994679624055,0.002751223602141195,0.002384294580789481,0.0007945077258328936
510,0.0027397030039471026,0.0010615695424994742,0.0024631386177562664,0.0027397030039471026,0.0007786726102461117
511,0.003060041011327619,0.0023862925466526796,0.0016974042196171713,0.003060041011327619,0.001994964700930607
512,0.002069156975152975,0.0015579479119041117,0.002069156975152975,0.0017265374454477067,0.0012571588151084612
513,0.0017269402353987107,0.0011933020169859754,0.0014066947826836262,0.0016584345685710655,0.0017269402353987107
514,0.002600422766719457,0.0015789419291653006,0.0012873270232959255,0.002512893356909518,0.002600422766719457
515,0.002696143985723376,0.0018859139407169656,0.002696143985723376,0.0009443372637774061,0.001504333845374628
516,0.002556544086998569,0.002373635474618996,0.002556544086998569,0.0023723885406889966,0.0020103476641031293
517,0.002874684404018668,0.0015856407337492273,0.0016279875158986545,0.002874684404018668,0.001959216327622748
518,0.0020758695002977,0.0020422029612433557,0.0018777329945077748,0.0020758695002977,0.0013679440103868679
519,0.002050699138965606,0.001493513449471795,0.0009887775435092339,0.002050699138965606,0.0017114529473190032
520,0.002974690748408726,0.002974690748408726,0.0011461953055396101,0.001093865220767154,0.002303510322770763
521,0.0034917528584352264,0.0010152381436280278,0.0018106129047867903,0.0034917528584352264,0.0026772117870635936
522,0.001983807868909948,0.001983807868909948,0.001641419574963332,0.0015297069998954083,0.0017627136794757803
523,0.0020590232226450067,0.0015332003516951298,0.0011899230290751683,0.002018520714970329,0.0020590232226450067
524,0.0017307057217400557,0.0010940245060733211,0.0010931853929319058,0.0017307057217400557,0.001558581145224558
525,0.001864295254684123,0.0018104279654756472,0.0016640929040093733,0.001316352802507026,0.001864295254684123
526,0.002330480046297323,0.0023071160158769644,0.0011392696406129499,0.0018290562012345246,0.002330480046297323
527,0.0038378087352578527,0.0015778611155780053,0.001890192737511398,0.0016147951151296303,0.0038378087352578527
528,0.002697855025209972,0.0017456488533071912,0.002697855025209972,0.0022869338863356348,0.0020362902313174613
529,0.0025484271122833135,0.0025484271122833135,0.0020765898579814257,0.0020953485840928265,0.0019130136486609772
530,0.0028435853247535947,0.0028435853247535947,0.0018424993687451985,0.0021822174712917697,0.000964339198607389
531,0.0025626334951504015,0.0015589142255666433,0.0025626334951504015,0.0013917890505709685,0.0016718910552790955
532,0.0020201196106931496,0.0018994145972202059,0.0016311095166192668,0.0020201196106931496,0.0010865722537369837
533,0.002693597339130216,0.0021449316404169583,0.0009743093149341131,0.0012416422707274277,0.002693597339130216
534,0.0024160996867994833,0.0016552536977021415,0.002054353765437833,0.001507986545016271,0.0024160996867994833
535,0.0019827543123614733,0.0013561165673469655,0.0016516711784621552,0.0010101807960903875,0.0019827543123614733
536,0.0024471041956126705,0.0017323778764574138,0.0020737896097984265,0.0024471041956126705,0.0021326273959853537
537,0.0032819571679951753,0.0016433907870657682,0.001848783457716885,0.0020016349857788773,0.0032819571679951753
538,0.0018967072319078238,0.0013981490151189213,0.0017526439171065833,0.0011444236301105803,0.0018967072319078238
539,0.0017257726432378107,0.0007606185771921736,0.0010845062738279454,0.001350118027225844,0.0017257726432378107
540,0.003926288885596929,0.0009760361381697669,0.003084007680839662,0.0016171423613051683,0.003926288885596929
541,0.002981923295243216,0.002312198981069824,0.002981923295243216,0.0025773240450900348,0.001182822576533682
542,0.0024911229060784468,0.0011906528076631728,0.0016644535532421845,0.0013835671551021833,0.0024911229060784468
543,0.002478330450422228,0.002478330450422228,0.0015225642621744528,0.0013009177986019749,0.001591343249634225
544,0.0012431210099317358,0.0009358738091818641,0.001220838595554774,0.0012431210099317358,0.0011142452412501447
545,0.0016355259026120672,0.0016355259026120672,0.0009702124191464101,0.001032616645770701,0.0012674297967444903
546,0.0023807880292373573,0.0019238085631830826,0.0023807880292373573,0.001911319730092953,0.001993171015608808
547,0.001864544873472318,0.0013541081475947903,0.001864544873472318,0.0016852815523586973,0.0011816234381394342
548,0.0031356500742222293,0.0031356500742222293,0.0015581742195809323,0.002016508548615681,0.0016297215047019753
549,0.0024218246127890586,0.0024218246127890586,0.0017643554994525301,0.0009052109860516744,0.0015100190705598093
550,0.0019247730098073124,0.0013260608815872654,0.0012105450276569396,0.0016067777689783291,0.0019247730098073124
551,0.003396214869484826,0.0013648273219406537,0.000972960915436194,0.0023291037151811356,0.003396214869484826
552,0.002440934668172967,0.002440934668172967,0.00199950116863179,0.001720431179768167,0.0015725356972837723
553,0.002448425859275849,0.002448425859275849,0.0015957930038447143,0.0017186146628820342,0.0023873908139544486
554,0.002710345837002248,0.002710345837002248,0.0016993061872471182,0.0015052914842652032,0.0009030312414616548
555,0.002243289160520967,0.0016348008997962848,0.0010974919481343548,0.0011469744154599393,0.002243289160520967
556,0.002874696569930335,0.0012192108807714819,0.002124499526402923,0.0011548185702090485,0.002874696569930335
557,0.0014657577120070209,0.0010705105061519227,0.0013676770541214411,0.0014657577120070209,0.0010676604712138715
558,0.0025130849201256966,0.0010053752385306702,0.0025130849201256966,0.001351402503786625,0.001216116241609
559,0.0035324353277494946,0.0035324353277494946,0.0018565794161231608,0.0027370404427057293,0.001500924022298622
560,0.0025665227965169513,0.0025665227965169513,0.0017778905944145773,0.0017175062391692475,0.0018351247334084109
561,0.0021243121067489046,0.0018724338793089101,0.0021243121067489046,0.0013791840499824404,0.0014744751469071282
562,0.001838495518244665,0.001167269223589229,0.0014172535462880775,0.001838495518244665,0.0014305151847509578
563,0.003134881153493252,0.0014901348763666222,0.002856247870584583,0.003134881153493252,0.0015186902236511424
564,0.00411081914102801,0.0015036960286319845,0.002008292042458115,0.00411081914102801,0.0013096995309471726
565,0.003072183129318118,0.0025274665848252775,0.0014578822352042664,0.00220835202093439,0.003072183129318118
566,0.0025227943245994533,0.0025227943245994533,0.0015461165922869835,0.0020677570299096337,0.0014609216637665456
567,0.0034956112015025465,0.0020526718029537927,0.0013053669539281332,0.0017840223243225095,0.0034956112015025465
568,0.0025407714303150586,0.0025407714303150586,0.0020866143261560888,0.0022691497167445784,0.001344480036356066
569,0.0020113244356523285,0.0014552041119800796,0.0019085849838132996,0.001177301443330503,0.0020113244356523285
570,0.0021516121204609995,0.0012203355769974111,0.001473996614298978,0.0021516121204609995,0.001003340504050959
571,0.0030189603484539473,0.0017237652598734998,0.0015134916976093926,0.002029105472585946,0.0030189603484539473
572,0.0030507271193402907,0.0030507271193402907,0.002474478809039393,0.0012980543787697307,0.0012049252449537473
573,0.0024028899348869093,0.0012076826033948773,0.0014532587291636867,0.0024028899348869093,0.001784820799325959
574,0.0015679797221004321,0.0011420569869226016,0.0013472853511559135,0.0013644625357253082,0.0015679797221004321
575,0.0019509464453975056,0.0013738550287998308,0.0019509464453975056,0.0009318857983959816,0.0014416633026991255
576,0.002514031358125557,0.0020164277833605304,0.002206122353979656,0.0016520698617568108,0.002514031358125557
577,0.00204152689858067,0.0016754824072016117,0.0011471738975030732,0.001412678261239586,0.00204152689858067
578,0.0025795363660814363,0.0025795363660814363,0.0015589611566360073,0.0008875630388959777,0.001670574097117794
579,0.002937792635516856,0.0014475776287096176,0.0012607933859137277,0.002528428522118653,0.002937792635516856
580,0.002097340136787751,0.0011063933369817036,0.0017532716993958752,0.0020543056930946713,0.002097340136787751
581,0.0037000179971511393,0.0037000179971511393,0.0018834238946819903,0.00146627747141026,0.0012832248607889118
582,0.0020807614132410945,0.0013326538993046755,0.0020807614132410945,0.001983387498607825,0.0020619122288348946
583,0.0019442018934603955,0.0011723295016727864,0.0018649428521353706,0.0018478385462579183,0.0019442018934603955
584,0.0032920041026111013,0.0014988398933964975,0.0022764717279063484,0.0032920041026111013,0.0015361496000956265
585,0.0034925128796085003,0.001578279160831475,0.0026459226970313443,0.0018204298312483047,0.0034925128796085003
586,0.002646462189844989,0.0024408440933687547,0.002646462189844989,0.001225735875358902,0.0017315428790324605
587,0.0019512837003007322,0.0015495489296525333,0.0019512837003007322,0.001328221564175558,0.0014794056486580054
588,0.0021455680433888347,0.0021455680433888347,0.0008824148956186884,0.0019694653538613327,0.0008921200651432759
589,0.003125328107844716,0.0023477260872873384,0.003125328107844716,0.002246193202114055,0.0021256341293742764
590,0.003063925600134909,0.0021271218781477863,0.0017634239930153228,0.003063925600134909,0.0027382740856734533
591,0.003372115225839245,0.0033037745222802006,0.0019074114485292393,0.003372115225839245,0.0010222321261285083
592,0.003018234601388725,0.001395457531840727,0.002490730337458502,0.003018234601388725,0.0027493140036706776
593,0.0017960411816890232,0.0017086885976114186,0.0017960411816890232,0.001383785243098845,0.001483713370143136
594,0.002888106020919212,0.0018109939432882083,0.002888106020919212,0.002496299224369891,0.0016838626274524593
595,0.0021821986739756216,0.001790766891835216,0.002060344019843563,0.0019014532124728145,0.0021821986739756216
596,0.0024517687267587296,0.0006400025347593763,0.0024517687267587296,0.0011210037929932914,0.0021463169943531923
597,0.002069401330233811,0.002069401330233811,0.0015551544611292212,0.0007308612431078387,0.001005462907962662
598,0.003143290547579003,0.001468220928043773,0.0024149677356211097,0.002071533866252473,0.003143290547579003
599,0.003924213281214617,0.003924213281214617,0.0022134154843578835,0.0024321438512305837,0.0015051525848966962
600,0.0023486792364278974,0.0023486792364278974,0.002261714096264411,0.001725044100195694,0.0015276174865501702
601,0.0024485121190940262,0.001313792715290918,0.0019435312056346743,0.0024485121190940262,0.0017305262122842835
602,0.002591488193033342,0.002591488193033342,0.0013226381106977714,0.001662945541200167,0.0018448618234769842
603,0.0026796940193519747,0.0009633590699870132,0.0017626970987083546,0.002096731372809635,0.0026796940193519747
604,0.0026954006260432317,0.0016713845424178864,0.0015218910773747707,0.0026954006260432317,0.0017080420483343017
605,0.0036976766005694106,0.0021271634428842168,0.001930018649332399,0.0018068271428270943,0.0036976766005694106
606,0.002458595838581268,0.001857654724182256,0.0013520754972405902,0.001987779408463841,0.002458595838581268
607,0.0021298588108125127,0.0021298588108125127,0.0010320190052124367,0.0009329463714151109,0.0014394394833049384
608,0.0025092832704364243,0.0011136313460370362,0.0018667142833705963,0.0008699071077522547,0.0025092832704364243
609,0.003455734701189539,0.0027941991367336216,0.0014738497487262192,0.0014201780754649063,0.003455734701189539
610,0.0035803061668550074,0.0020320297472361526,0.0020808241824024076,0.00146491085542233,0.0035803061668550074
611,0.0030447626153440877,0.0014963446186830875,0.0030447626153440877,0.001933922565454771,0.0020428319751039092
612,0.0013315043952932815,0.0013052110232614211,0.0012925794669536028,0.0013315043952932815,0.0012062703948370057
613,0.002656687044435224,0.002656687044435224,0.002135361407198888,0.001253660574074944,0.002270587584037753
614,0.0022173348735911036,0.0022173348735911036,0.0016488324945962418,0.0005647863141224896,0.001762106406769992
615,0.003145076981821815,0.0019690393488177582,0.0021909932315163916,0.003145076981821815,0.00220513199807848
616,0.002107514528674359,0.002107514528674359,0.0017036046499682156,0.001508208683944412,0.0012677000990759524
617,0.002425810238911974,0.0011040966067344948,0.0018871619840975518,0.0018978464154495445,0.002425810238911974
618,0.002195149796351159,0.0015018396990178484,0.0017058825166672564,0.002195149796351159,0.0018967515537854363
619,0.00222249645291156,0.00222249645291156,0.0014308650797020261,0.0011777761186116953,0.001005800905156784
620,0.0027666898511545246,0.0021451381063052333,0.0027666898511545246,0.0023355319183384626,0.0021775207429751142
621,0.0017573208315400102,0.0013875797408307022,0.0017573208315400102,0.0011577482222958624,0.0016167313625591317
622,0.0020544932014989747,0.0018169067906754766,0.0012551997159905015,0.0020544932014989747,0.0017660792350659982
623,0.002722394443131826,0.0007571573687235045,0.002117055723007022,0.002722394443131826,0.001966724785721685
624,0.0024992471199877797,0.0024992471199877797,0.001960553486732297,0.001591536175992725,0.0013690722787600418
625,0.0031985917239133466,0.0010325151207019323,0.0031985917239133466,0.001616865946019952,0.0025231565635797093
626,0.004379837105731532,0.004379837105731532,0.0018334734495280003,0.0018143350598029684,0.0038922679049894215
627,0.0030169948255179824,0.0030169948255179824,0.0011660577690594254,0.0027149501115605323,0.002698014092258283
628,0.0013466860902963118,0.0011269435210669032,0.0013370824495851918,0.0012216393896962163,0.0013466860902963118
629,0.002569286417743566,0.002074693684822937,0.0016260717715153028,0.0011534486068809913,0.002569286417743566
630,0.0030250149656881886,0.0017674537610331553,0.0018052682853731405,0.0030250149656881886,0.001554892081082171
631,0.002374738597635845,0.002374738597635845,0.0015287513641724093,0.001971973448679498,0.0006336746179733677
632,0.002464848732245173,0.0018713105094422255,0.0020905024579241926,0.002464848732245173,0.002130030469413652
633,0.0024337189077707766,0.0018561777296898785,0.00239545484032766,0.0024337189077707766,0.0011176199329552272
634,0.002070714375770555,0.002070714375770555,0.002001312227553953,0.0016641364810014714,0.0015182749240376658
635,0.00215426636201288,0.00215426636201288,0.001597644127046327,0.0012935864647958262,0.001689916461066976
636,0.0036669209597779973,0.001734193086707081,0.0011582526516323854,0.0036669209597779973,0.0029820196568096646
637,0.0016314799443611916,0.0010490706292699548,0.0016314799443611916,0.0015349356776699352,0.001445627443520836
638,0.002010742848954805,0.0015272633284476589,0.001312632967692906,0.002010742848954805,0.001544616030343282
639,0.002065982882290318,0.0014131099320153773,0.002065982882290318,0.001768488466939111,0.0013204485000159472
640,0.0028560510721462318,0.0016547409664839918,0.0028560510721462318,0.0013365363688260246,0.001034611160204535
641,0.0019378530443259767,0.0011695827039145401,0.0019378530443259767,0.001478853397251484,0.0014807984267951602
642,0.0027626673399532287,0.0015964339220762291,0.0016240210952305767,0.0019451944998120085,0.0027626673399532287
643,0.0022252906408717354,0.0022252906408717354,0.0018141597214659244,0.000810564267969438,0.002136776828000897
644,0.0021822916735453335,0.0013430221355941185,0.0021822916735453335,0.0021666735444985097,0.0018214512136592864
645,0.002412597654248838,0.0015686879633364237,0.002412597654248838,0.0011988648294423143,0.0012421028301558001
646,0.0020068101814104677,0.001738123358007937,0.0020068101814104677,0.001991844560073064,0.0017695828372416011
647,0.0024427193554964477,0.0024427193554964477,0.0016130908564937485,0.0019273188652584317,0.0016371755972286461
648,0.003760980250140822,0.002196636793527551,0.002015708451150844,0.0021196628787871763,0.003760980250140822
649,0.0028991819459878165,0.0028991819459878165,0.0012655604289164568,0.0025609410473347305,0.0026139202693162
650,0.00282536952829493,0.00282536952829493,0.0013690340592457106,0.001488957570066285,0.0022852208809058805
651,0.0024654460607220763,0.0013067375383875035,0.0013922665919978705,0.0024654460607220763,0.0009542014785414166
652,0.0030178866386955105,0.0030178866386955105,0.0023077645447681094,0.001165843271492717,0.0010959533494278029
653,0.0024368834979145437,0.0012974780856359613,0.0024368834979145437,0.0017071653776122853,0.001708049465854733
654,0.0024503239172578573,0.001547729627586758,0.0009795062169676294,0.0024503239172578573,0.0020082347628599118
655,0.0015162762670283547,0.0007986015076033581,0.001434921111542864,0.0014289935621719652,0.0015162762670283547
656,0.0021320074264268296,0.0014896209431565222,0.0021320074264268296,0.0012282754943572227,0.0010691851155248955
657,0.002481972111099906,0.0019693573062741776,0.0013114328223287064,0.0011204886574739392,0.002481972111099906
658,0.0029675462230011607,0.0026834609643485163,0.0015583031966807104,0.0012490188986148953,0.0029675462230011607
659,0.0022905728269601022,0.0022905728269601022,0.0012860015893965127,0.001175908907929235,0.0010927605166330956
660,0.002748093748779934,0.002387248686493204,0.002748093748779934,0.001674300543464402,0.001526494974235626
661,0.002556415665162126,0.002556415665162126,0.001316380602215672,0.0016582661745316307,0.0013166175086634369
662,0.0033978393327019907,0.0033978393327019907,0.0014724676412574134,0.0025382234322329777,0.0017618255440424169
663,0.0013295466159655156,0.0011509561897987686,0.0013128020934841667,0.0013158901122924949,0.0013295466159655156
664,0.00279938398361268,0.001235143650694881,0.0016392816634327456,0.002228984665558653,0.00279938398361268
665,0.002319837435587002,0.001326217040424127,0.0018063226452509351,0.002319837435587002,0.0022496338098668134
666,0.002162380287938803,0.0010604980723918633,0.002162380287938803,0.0015590674854705222,0.0009353352197923881
667,0.0033093156210141084,0.0022667618425378233,0.0021333775424720036,0.0033093156210141084,0.0018120320559007475
668,0.0025760361743732973,0.0025760361743732973,0.0010814444617268382,0.0017515624310443512,0.002335446265001928
669,0.001803973939004333,0.0011100810232831382,0.0011993176923748017,0.001803973939004333,0.0012991327909319672
670,0.0023912430563606257,0.000933813225001523,0.002111855558916964,0.0014336061210818984,0.0023912430563606257
671,0.0025340189954903003,0.0017951097223634083,0.0025340189954903003,0.0014971220433163124,0.001800198260395569
672,0.003369531790374136,0.003369531790374136,0.0021758528973778724,0.0006920159943131221,0.0020424586606091477
673,0.0016434839001726598,0.0009603716574095866,0.0016434839001726598,0.0013748808370561694,0.0015239328533831475
674,0.002702830999182948,0.001955180366784215,0.0018552818876776955,0.002702830999182948,0.0021719125222080526
675,0.0033489922421943152,0.0019573841472226294,0.0018158709806046502,0.0033489922421943152,0.002807598494996122
676,0.002379326946771121,0.0015885570806225824,0.0015122461406271714,0.0017083247061944196,0.002379326946771121
677,0.002421162469012361,0.0021496842196460364,0.0010336275675516537,0.002421162469012361,0.0013976192391234044
678,0.0023036238391639374,0.0018238603993778746,0.0023036238391639374,0.0014691850578044674,0.0022852577383802863
679,0.0020225442173673613,0.0020225442173673613,0.0016140349878674964,0.0009981297887518004,0.0020219108442978695
680,0.0022464541757446777,0.0015144054827550546,0.0017797590694513254,0.0022464541757446777,0.001910646713682962
681,0.001490217235757818,0.001490217235757818,0.0008843084328676865,0.0014105444750704965,0.0009388509650367638
682,0.0024738378214714807,0.00055421625765395,0.0013588786596205882,0.0018839768497642684,0.0024738378214714807
683,0.0016424723546712983,0.0016424723546712983,0.0012561453155233437,0.0015572823596623486,0.0007624074627937127
684,0.0027807303574640674,0.002073870991194271,0.0011052122035191125,0.0015089191733836937,0.0027807303574640674
685,0.002912777705010139,0.0013539717282430308,0.0012246612256932021,0.002912777705010139,0.0019536194085526537
686,0.0029295255105575846,0.001424280902355357,0.0029295255105575846,0.0016526868525216232,0.001031154211536378
687,0.002541510452385376,0.002541510452385376,0.0013482399204350903,0.0021084443916626894,0.0011088334028392932
688,0.002995548735808984,0.0019845839382687247,0.0018599722545146191,0.002995548735808984,0.0020246955775879982
689,0.002655111191532167,0.002655111191532167,0.0012717412821429686,0.0016297814197012706,0.0015420961985100345
690,0.0018809461877913047,0.0013774287147056974,0.001785786469174877,0.0009542897846553933,0.0018809461877913047
691,0.002256460151405626,0.00166449014296699,0.002256460151405626,0.0005301273891862301,0.0016353553677446175
692,0.0022657934026478754,0.0020424785177353133,0.0016506730598969677,0.0022657934026478754,0.001041438551278584
693,0.002439134474072402,0.0015106201527297358,0.0011898055735131141,0.001384752506394249,0.002439134474072402
694,0.0028796301168316774,0.0028796301168316774,0.0009665097844034909,0.000982846862933373,0.002449580602976842
695,0.0035214470765311257,0.0017741247101378255,0.0008117080506615526,0.0014241288692297682,0.0035214470765311257
696,0.003131208493286075,0.0007115894558886726,0.0013907128874733055,0.0019180384914396775,0.003131208493286075
697,0.0028198821995144008,0.001839389113596046,0.002663183297298255,0.0028198821995144008,0.002583702686797529
698,0.0017339043084209638,0.001472107676125961,0.0017339043084209638,0.0010799171700922594,0.0014504189168400572
699,0.002814082685313579,0.0015869139362387763,0.0010641299651067415,0.0019867211868132006,0.002814082685313579
700,0.0022608722431248784,0.0015505790032026567,0.0022608722431248784,0.0015864778608152275,0.0014713320344587055
701,0.00268476420768049,0.002461421309493339,0.00268476420768049,0.002469015429403254,0.002069148996255543
702,0.0024336666787333483,0.0024336666787333483,0.0012082398919399662,0.0012193863401689375,0.002265596247453927
703,0.002802646708571721,0.001607276707796812,0.002393540321364518,0.0019237138566277068,0.002802646708571721
704,0.001984185882481504,0.001724746948663869,0.0012635611796639745,0.001984185882481504,0.0011348733313607529
705,0.0017983538744453798,0.0017983538744453798,0.0016780092481692988,0.0014756157711328655,0.0017823531182271646
706,0.0030213994662037225,0.0017825231773396788,0.0015421701297864132,0.0030213994662037225,0.0014747220858024601
707,0.0017798103434619739,0.001308136137043614,0.0017798103434619739,0.0008616970673970825,0.0012623333377231871
708,0.002307005732036904,0.002307005732036904,0.0015940843462898258,0.0016168571985797353,0.0017081521034311153
709,0.002401376185537374,0.002401376185537374,0.0016479278939725006,0.0015956682735508432,0.0012966921586595737
710,0.0022177888815533287,0.0011653550462800144,0.0016550580424214978,0.0017004841776616098,0.0022177888815533287
711,0.002797463395815658,0.001812858143089291,0.0011773931761274725,0.0020631677943061533,0.002797463395815658
712,0.0026447430577828945,0.002630360861938158,0.0018443724429223485,0.0024310267085824178,0.0026447430577828945
713,0.0030499280929228156,0.001986995720936191,0.0030499280929228156,0.001620000612198358,0.0018076816004246599
714,0.0032696604181822186,0.0032696604181822186,0.0014405721513667813,0.0013605628230994316,0.0017337051154551752
715,0.0036546389193696793,0.0010698282266725367,0.0012297221433227312,0.00318769085582038,0.0036546389193696793
716,0.002358402258717085,0.0018804059225474568,0.002248874206088436,0.001381130749498083,0.002358402258717085
717,0.0024405311859319045,0.0024405311859319045,0.001188395897905814,0.0020249564663372133,0.0013480873506642177
718,0.0034565400112354094,0.001122741067617894,0.0034565400112354094,0.0019073969166901739,0.0014749925214371795
719,0.0025750318434436537,0.0018155345776255105,0.0013371374249787626,0.0025750318434436537,0.0024815312858738336
720,0.002881126075439999,0.0009720709014267026,0.0019455217064512365,0.0009778193077707442,0.002881126075439999
721,0.0016177874214156063,0.0011485426585022829,0.0012647152102774895,0.0008108792660551645,0.0016177874214156063
722,0.00208215005439244,0.00208215005439244,0.0016383705397599035,0.001566199135470181,0.001166431460291717
723,0.0026462085991181272,0.0018068890871156817,0.0009994662388423947,0.001992190743233535,0.0026462085991181272
724,0.0024462927398298806,0.002395192240125077,0.0013030105998238506,0.0024462927398298806,0.001408955047201732
725,0.0020237631704987935,0.0019575547130240567,0.0020237631704987935,0.001462454841884564,0.0014667500941579759
726,0.0026359252076635364,0.0012442809045408176,0.0026359252076635364,0.0013170053667764803,0.0025357092511545387
727,0.0020219964517906863,0.0020219964517906863,0.001450839571492557,0.0011724808804890463,0.0013002376688536765
728,0.0025437534004391638,0.0011093767660621812,0.0025437534004391638,0.0017116337845122231,0.002188581156173708
729,0.0024783339165103113,0.0016641919991721155,0.000856830128653896,0.0024783339165103113,0.0019310652521026817
730,0.002235251171198993,0.002235251171198993,0.0010752409812111452,0.002063500286989761,0.0018784266401046246
731,0.002116074285619496,0.0014447754036646665,0.0015615607821473088,0.002116074285619496,0.0012998263463951387
732,0.002923960795340519,0.001498592002554644,0.002923960795340519,0.0014972300159874496,0.0014939481989594272
733,0.003067373873132162,0.003067373873132162,0.0015619790564192215,0.0019497236990463351,0.002582708610556317
734,0.0018985842242985607,0.0015788767481201282,0.0016622237082288827,0.0018985842242985607,0.0014973945544821676
735,0.0020644114943114134,0.0009047246848583601,0.0020644114943114134,0.001203873912532516,0.0013973908404419921
736,0.003819355866864438,0.002302792685108357,0.0008064831773477721,0.0020131036162573945,0.003819355866864438
737,0.002767139597949164,0.0020189759637438964,0.002767139597949164,0.0021150365952088412,0.0019607050795019676
738,0.002089775787606718,0.0013630672419913115,0.0017322005454837308,0.002089775787606718,0.0020231742513939777
739,0.003017959886629562,0.0019854118971582846,0.0014549105303156007,0.0013491357460126974,0.003017959886629562
740,0.002388218542175302,0.0014456851026575512,0.002388218542175302,0.0014348557321607336,0.0020071290740298897
741,0.0015752402325759363,0.0014862463185427721,0.0011831845683895614,0.0015752402325759363,0.0015213558484161727
742,0.003121340155491814,0.0013645520408910317,0.001841060598204547,0.003121340155491814,0.0025559070807094075
743,0.0014189443121074286,0.001055083269982715,0.0014189443121074286,0.0013012335085134108,0.0010299460853059328
744,0.0019602912928767813,0.0019602912928767813,0.00111861297653848,0.0013913039076345335,0.0019294472643210936
745,0.0029000735999632488,0.0029000735999632488,0.0010596615471402115,0.0020192919538005727,0.001910687072104733
746,0.002729525756240969,0.001444681509681467,0.0012185054781430615,0.002729525756240969,0.0023640781199912864
747,0.0027745292947849443,0.001986154468318957,0.0023622658751043524,0.002282562333513094,0.0027745292947849443
748,0.0021839774302021553,0.0018824587209467225,0.0021839774302021553,0.0018499744368235538,0.0013983535998057794
749,0.003441954781695733,0.00272008825650244,0.003441954781695733,0.0018106624359767176,0.001993775551911381
750,0.002902963951201043,0.002902963951201043,0.0013765241875938472,0.0015695802198563147,0.0008692568747311613
751,0.002704855837566411,0.0013875745090115021,0.002704855837566411,0.0012258287410431556,0.0017534818040815248
752,0.0020199143835957223,0.0012803223952568,0.0013689116635546006,0.0020199143835957223,0.0012486023811742464
753,0.0036956484009988966,0.001105524039008987,0.0009992675956405073,0.0034673644612850385,0.0036956484009988966
754,0.0013087057128239321,0.0013087057128239321,0.0011075199082909437,0.0010822573537850877,0.0012711760718687737
755,0.0026515900090782196,0.0018786496052577428,0.001200514699548516,0.0026515900090782196,0.0010261488762757232
756,0.0026181872007020046,0.0014697743374905148,0.0021584054458589907,0.0026181872007020046,0.0020558819596286915
757,0.002658413374321711,0.001157217037463576,0.002133192774756598,0.002658413374321711,0.0014292412542357136
758,0.002309428236719202,0.00142551395152124,0.0014148350371691043,0.002309428236719202,0.0011418091932129393
759,0.0015801424357156368,0.0012139674485733276,0.0014425384865531798,0.0015801424357156368,0.0013714346505554476
760,0.0027799157605282176,0.0014114072137026423,0.001560588593892298,0.002212361861746892,0.0027799157605282176
761,0.00246882514604041,0.0016885166468245116,0.00246882514604041,0.0019134887402990908,0.0018472748982920617
762,0.003321627897085566,0.0014397804290900984,0.002728173250724275,0.0016677501628639124,0.003321627897085566
763,0.0028537653889638692,0.0023446478750066557,0.0019522422544803186,0.0028537653889638692,0.002031123791451983
764,0.002033799828365712,0.001696436191182371,0.0011561892470205448,0.0011779996209584365,0.002033799828365712
765,0.002061680285549594,0.0016254050042847634,0.0013614896301894497,0.002061680285549594,0.0011590343995718788
766,0.001433243658969796,0.0013008217088466,0.0011568421717976785,0.0011461342023823262,0.001433243658969796
767,0.0034225560881305794,0.0017390775094739408,0.001957102548462819,0.001619113803275729,0.0034225560881305794
768,0.0025768121480505835,0.001799729436336106,0.0025768121480505835,0.0015602703309978705,0.0016959590353446963
769,0.0018949092953468583,0.0014135293541371885,0.0018949092953468583,0.0015073388850570524,0.0010626639262476534
770,0.0019002298503518755,0.001129282078823235,0.001778941637765541,0.0009154986891867223,0.0019002298503518755
771,0.0023190299078007515,0.0023190299078007515,0.0019609139789475982,0.0014528948080763104,0.0023167961642007184
772,0.0019511854631499848,0.0019511854631499848,0.0018614240827262707,0.0015008559436281432,0.0015284027033822256
773,0.002019707702918261,0.0013198745798753686,0.0016437954132157984,0.002019707702918261,0.0017626441687463301
774,0.00116277749621585,0.00116277749621585,0.0009081420084101621,0.0008799313114978835,0.0010448366735399395
775,0.0025467122662886643,0.0010568106729901272,0.0025467122662886643,0.0008172002683912716,0.0016978812261935206
776,0.0033862615937431118,0.0019230027452169507,0.0033862615937431118,0.0018152958672443265,0.002589661752045447
777,0.0021552726645444054,0.0021552726645444054,0.0014576220937285167,0.000969146559409495,0.0020705957553648346
778,0.0021675579319104243,0.0014269388245404802,0.0016586732234703527,0.0021675579319104243,0.0018583535740617219
779,0.0020996237884626234,0.001884809182435776,0.00146800043933204,0.0013599863203347384,0.0020996237884626234
780,0.0040902289101169,0.0035064760982301824,0.0040902289101169,0.003526156750853382,0.002720261767185539
781,0.0029791408504115102,0.0013977861497479482,0.0029791408504115102,0.0023355981334257647,0.0013049713459759582
782,0.0024589093076400337,0.0024589093076400337,0.0007549044443395381,0.0011481813323611645,0.001962644344109532
783,0.0021743865068862833,0.001472587236353018,0.001914779529507693,0.001761484639453692,0.0021743865068862833
784,0.002970835030528307,0.002970835030528307,0.0020423975440927444,0.0014735053065295656,0.0021212143323598998
785,0.0034200964642293052,0.0028189555929368226,0.0018356243954672502,0.0022899833828136373,0.0034200964642293052
786,0.0012907598871554349,0.0011094136893833317,0.0012907598871554349,0.0010374327216414736,0.0011178538755080014
787,0.002393641407470559,0.0021602148931434417,0.0014332905520676453,0.001052722508617765,0.002393641407470559
788,0.00342811330634607,0.0009919030141948282,0.0017769719219643543,0.002365251675922775,0.00342811330634607
789,0.0031942156578198544,0.0031942156578198544,0.00148716375744673,0.0017083728881028826,0.001060729928177212
790,0.002305070738304077,0.0010306293437682967,0.0017394828575312271,0.0018373404455381825,0.002305070738304077
791,0.0017312995394737074,0.0017312995394737074,0.001005190901565589,0.0012853427206630519,0.001696172405269869
792,0.002806264425311289,0.002806264425311289,0.0019407768565811168,0.0018480728654777234,0.0022333704194557047
793,0.0022371142261773946,0.0013433228949022435,0.0022371142261773946,0.0014828465216917275,0.0016280433421089202
794,0.0019114636322701273,0.00117814879948841,0.0016329023351591698,0.0013304132388645695,0.0019114636322701273
795,0.0019388261218993286,0.0019388261218993286,0.0015788502605061927,0.001326626568078304,0.0013120688688168514
796,0.002769646486921129,0.0018002167895856402,0.002011507602059426,0.0012149768997506138,0.002769646486921129
797,0.0028443956582057117,0.0015560790341010156,0.0028443956582057117,0.0017436531117484555,0.0027723682592360466
798,0.0024301149277333733,0.0017177704321498233,0.0024301149277333733,0.002326628864025737,0.0021499889833300756
799,0.00203865268682879,0.00203865268682879,0.0018521755131905016,0.0013314929171179823,0.00194926847721677
800,0.0015133332334885674,0.0009924143793487161,0.001500029717120488,0.001274814328174556,0.0015133332334885674
801,0.0028304477748739565,0.0028304477748739565,0.0014121968240876637,0.0020393796337512815,0.0007607559323612456
802,0.0020067299121508952,0.0011057811851901134,0.0014560733029784778,0.0020067299121508952,0.0009881782290688257
803,0.0017162167651628701,0.0017162167651628701,0.0015235431537274913,0.0013351478616825396,0.0007072200476972157
804,0.0014797024057716657,0.0010896671672094849,0.001121859626184496,0.0013556994070963446,0.0014797024057716657
805,0.00275373468217871,0.001395821848269696,0.00275373468217871,0.0019727416670693443,0.0026832356298465143
806,0.0034338971557309472,0.0034338971557309472,0.0025136399042903212,0.0015687180195966821,0.0028281307807382916
807,0.0019122810296694492,0.001110191402311611,0.0019122810296694492,0.0014467972670113571,0.0015931582172503123
808,0.002655656677387208,0.0014753960302912317,0.001783325830177207,0.0020984770732124236,0.002655656677387208
809,0.0033514283312970905,0.0033514283312970905,0.0024358248345912603,0.002654290434890849,0.0029810689325142636
810,0.0028172647319386623,0.0028172647319386623,0.0015659818675555215,0.0024945661273555464,0.002549812321581968
811,0.0027645531979955673,0.0009936213564781804,0.0013764381468351905,0.0027645531979955673,0.0018910877299466167
812,0.0030391119243560194,0.0020157705124448366,0.00151678887372253,0.0013459976719653044,0.0030391119243560194
813,0.0019468823024745285,0.0010334862987353421,0.0008397143180414179,0.0014718662439499042,0.0019468823024745285
814,0.0017647204215786028,0.0010274374348606674,0.0011953850523289677,0.0017647204215786028,0.0015253569259326971
815,0.0018987022695370337,0.001322807025888606,0.001348699084617988,0.0016410394368427395,0.0018987022695370337
816,0.0022199749821126824,0.0017788915592168442,0.0014381200727766608,0.0020612680378717663,0.0022199749821126824
817,0.003056013142257119,0.002708999904055598,0.0011901001165977032,0.0025094223823985407,0.003056013142257119
818,0.004072732429219461,0.0025209395151321035,0.004072732429219461,0.0015010839496534811,0.0016707477929659431
819,0.002991811948697576,0.0017516249246691817,0.002212955169795139,0.0015545840674972,0.002991811948697576
820,0.001986392309375362,0.0010150480698702946,0.0013965379983119641,0.001986392309375362,0.0017884566050064832
821,0.002584639473644179,0.002584639473644179,0.002117610748362253,0.001094704031600724,0.0020956320032906595
822,0.0034295422615919224,0.0029755163967512543,0.0034295422615919224,0.0029801103694145903,0.002265517098990588
823,0.0022195748745693633,0.0016604943263360816,0.0020167622710358657,0.0015321289916752634,0.0022195748745693633
824,0.0031932283480142765,0.0013742897784642383,0.0010419778373303712,0.0026303407772302334,0.0031932283480142765
825,0.0037077126551845474,0.0022263508782571773,0.0009570777430426558,0.0037077126551845474,0.0025017089528581726
826,0.002397270861708267,0.0009447021837460934,0.0013858193055366064,0.002397270861708267,0.0013397613805992692
827,0.0022769099721932085,0.0016978171558000854,0.0013578694460256724,0.0015443493551631216,0.0022769099721932085
828,0.001964378431756675,0.0015646367728258115,0.0013713473149941091,0.001131578690128865,0.001964378431756675
829,0.0034760915360103617,0.0034760915360103617,0.0019854556368020804,0.0016286237842437767,0.001292327105056279
830,0.0028051042149145333,0.0018621368723733545,0.002219306926329989,0.0028051042149145333,0.0020240914312474323
831,0.004841209865290408,0.0033918042370774115,0.004841209865290408,0.0017097764675172156,0.001384074963467291
832,0.002317172751148955,0.0015984881524949701,0.001595054138776808,0.002317172751148955,0.0008234465980139494
833,0.0032751258692098606,0.0015777950940522034,0.0014590318739524655,0.00127226445887052,0.0032751258692098606
834,0.002425436455014085,0.0016421348663367419,0.002425436455014085,0.0015695388061827131,0.0018767100121462876
835,0.0021443798418376847,0.0011688235135440816,0.0013124138682676367,0.0021443798418376847,0.0012082449746373403
836,0.002410259653929603,0.0018363551797448974,0.002410259653929603,0.0018474799407670606,0.001161091985771856
837,0.002888323221485356,0.0008055479422391931,0.0014199960860336591,0.002744081926992825,0.002888323221485356
838,0.002693097505164388,0.002693097505164388,0.0022597468079071925,0.0020533694438249483,0.0023835628797262975
839,0.003662384526484763,0.0012975816360306092,0.001863703837095415,0.0007486377348863149,0.003662384526484763
840,0.0018696672750486143,0.0014251474123979646,0.0014657469639005605,0.0012367020449710608,0.0018696672750486143
841,0.0024827891601937324,0.0024827891601937324,0.0017448010465638264,0.0017591847762944979,0.001206780679038677
842,0.002898316078201235,0.0010789434841847745,0.0024994223475254262,0.0017317802715054453,0.002898316078201235
843,0.0022839990432934887,0.0019377107545901495,0.0020011773339245753,0.0012798507165333595,0.0022839990432934887
844,0.004364718839547033,0.004364718839547033,0.0016418688086727862,0.0022146196109358307,0.0016854721111245197
845,0.002307308197622704,0.001755155506650563,0.002307308197622704,0.0012826166617508905,0.0015004417071868836
846,0.0022147833578330944,0.0015229892600429062,0.0007302522600137751,0.0022147833578330944,0.001732634205208028
847,0.002680667602089626,0.0011513488721167642,0.0015058759297588153,0.0018865745592893113,0.002680667602089626
848,0.0029072462989778725,0.0021578674829152433,0.0029072462989778725,0.0015643853522911977,0.002036028124464684
849,0.003029955733918399,0.0022190070884108293,0.0013461496390565486,0.003029955733918399,0.0017985010414641733
850,0.003053198441473559,0.003053198441473559,0.0018432338815809746,0.0010249580247163603,0.002174976571716586
851,0.0024414467962106112,0.0024414467962106112,0.0015076564768912726,0.001509068474068398,0.0024041989105458295
852,0.0014626926990553013,0.0009271841713937023,0.0013118996735973498,0.001332064070975525,0.0014626926990553013
853,0.0017532606254616612,0.0008838680430222068,0.000973059721556202,0.0014043130284102645,0.0017532606254616612
854,0.002029078095788339,0.0009719688380241953,0.0018156381486791329,0.002029078095788339,0.0009951567673734951
855,0.001741171998959179,0.001741171998959179,0.0008894533874519439,0.0014549785562213424,0.0016217485561572653
856,0.003420350012124762,0.0011899000835691176,0.0013397584462447876,0.001270331451283635,0.003420350012124762
857,0.0018355165019878494,0.0018355165019878494,0.0013609525520120735,0.0017015670769622293,0.0015162301725678562
858,0.002115594573780799,0.002115594573780799,0.0015402078010919584,0.0011103470403307503,0.001054782381601782
859,0.002298682796844309,0.002298682796844309,0.000897861800841504,0.002035871351291796,0.0010498843364170618
860,0.0025607923199935656,0.0025607923199935656,0.0019704473921466348,0.0022003151035855373,0.0024176562017412806
861,0.0024880680008486644,0.0024532304910641622,0.0024880680008486644,0.001700679076864664,0.002160021947582774
862,0.002227553565368745,0.0020248056985119334,0.0016280763125041675,0.0009362394651617201,0.002227553565368745
863,0.0029485289882097976,0.0029485289882097976,0.002118860094902253,0.0013399627005040715,0.0010401784294440941
864,0.0025082523336804607,0.0020591785043408972,0.0025082523336804607,0.0022314179121237787,0.0020046759602938835
865,0.001898277453822872,0.0014604703299428978,0.001167241879570402,0.001898277453822872,0.001623686395745283
866,0.0020491076826438803,0.0008146867028605564,0.001306794785283838,0.0014783125781618889,0.0020491076826438803
867,0.002215015612625937,0.0012253259226917557,0.002215015612625937,0.0012651250656967317,0.001748123185666195
868,0.003061392247129535,0.0011507634296572533,0.003061392247129535,0.0019490293043299411,0.0017352692950053372
869,0.0019319155907769892,0.0015557204400313829,0.0014694224155330504,0.0015915100968229012,0.0019319155907769892
870,0.0030504620625372847,0.0018405230894280311,0.0030504620625372847,0.0024512184311892282,0.0016104174435898067
871,0.001290347182995255,0.00095347560613529,0.001290347182995255,0.0011384847082045457,0.001174690112136223
872,0.0028122108473942475,0.0014545114881924226,0.001217482224626587,0.0023524808446614975,0.0028122108473942475
873,0.0022866657789528677,0.0015540399829330198,0.000900860092516359,0.0012923354158711486,0.0022866657789528677
874,0.0026210691966425115,0.0010512229850843102,0.0013529380202098595,0.0016202663161261066,0.0026210691966425115
875,0.0023632256976895694,0.0013116251946749813,0.001685581917574397,0.0023632256976895694,0.0010760326119547414
876,0.0020144797334296083,0.0013949464230915698,0.0008764850919774636,0.0009246728140780425,0.0020144797334296083
877,0.0015228442129232578,0.0015228442129232578,0.001419774128162854,0.0009768017219640157,0.001027908190283311
878,0.0024144860211894326,0.0008927949609028873,0.0024144860211894326,0.0011820707190920432,0.001976536210561597
879,0.0023749067383143085,0.001809621793254057,0.0023749067383143085,0.0009275007444450312,0.0014478782081601693
880,0.0026502696180185636,0.0024144496065590104,0.002423186759968332,0.002282070506883005,0.0026502696180185636
881,0.00271848243359607,0.00271848243359607,0.0016567508348983295,0.0019923421661629526,0.0016404532350257073
882,0.0037985092140166987,0.0014425644204504318,0.0037985092140166987,0.0024028322418766512,0.0021749126471047875
883,0.002517725904511714,0.0012113391285587527,0.0019165832183297982,0.001522147667236684,0.002517725904511714
884,0.0019653158389258962,0.0012184972561861684,0.0019653158389258962,0.0013444895653330624,0.0019137581818741145
885,0.0016387838469412164,0.0009433374520740889,0.0016387838469412164,0.0016216196543982209,0.0015714327942099593
886,0.0036006000687598405,0.0020064496377716345,0.0019344209220784059,0.0036006000687598405,0.0013815340721271552
887,0.0020497721329058027,0.0015436140567977596,0.0017875407116623165,0.0020497721329058027,0.0015823084878266447
888,0.0017599753345156621,0.001486718188156655,0.0016010799973175116,0.0014709868117517289,0.0017599753345156621
889,0.002369242855729259,0.001144695479041058,0.0019724390670375347,0.0014651178143746946,0.002369242855729259
890,0.002539939596387597,0.0013693314615782493,0.0019675526317769476,0.002539939596387597,0.00238071798831041
891,0.0016343109368387454,0.0008867771432598537,0.0015290740808623915,0.0015047303432722536,0.0016343109368387454
892,0.002509438487308724,0.001589093339496861,0.002509438487308724,0.0022356950090637318,0.0020035544035448827
893,0.002735051397260546,0.0012610923604072788,0.002735051397260546,0.0019965880414027914,0.002489593129982204
894,0.002443797491087474,0.001364292782388088,0.002128844243431127,0.0020507635653687073,0.002443797491087474
895,0.00211932166640294,0.0013082081416997404,0.0017023799882728285,0.0018811757839515275,0.00211932166640294
896,0.0028743625035750897,0.0024613677341126516,0.0028743625035750897,0.0023217150199154046,0.0014040064649226691
897,0.0016934441599713024,0.0016934441599713024,0.0015908661176098349,0.0016846509346842842,0.00141358664677671
898,0.001974939521588115,0.001974939521588115,0.001652688771735078,0.0011164665647872551,0.0008910500747360273
899,0.004022778180394648,0.002142908928938203,0.004022778180394648,0.0017593702222730712,0.0017427437159407422
900,0.002568152059363338,0.0017297325667943175,0.002537948575243143,0.002568152059363338,0.0020286740426855854
901,0.0026857177910948327,0.0011341458871051424,0.002589874774501677,0.0026857177910948327,0.0021060425688393947
902,0.001936404142732856,0.0014592419872569429,0.001936404142732856,0.0015599671044538854,0.001257699659680922
903,0.003833485375068668,0.003833485375068668,0.001870735525619005,0.0011817240283698571,0.00258786316991233
904,0.003364972643957409,0.0021965350817377827,0.002025121957892284,0.003364972643957409,0.0022917759432211637
905,0.0031847412998031732,0.002082182160436541,0.0031847412998031732,0.0020244586013871135,0.0013489964230332108
906,0.0023974836503327657,0.001633402648072324,0.0007612878208935747,0.002088079733995385,0.0023974836503327657
907,0.0025512454896158276,0.001989200881528874,0.0023288767937068577,0.001981641279181434,0.0025512454896158276
908,0.0035817844411715205,0.0024787945402758027,0.0021669027517226547,0.0022993911241957488,0.0035817844411715205
909,0.002983964727437838,0.0013691244354671617,0.002983964727437838,0.0010489648478739788,0.0012235562610896644
910,0.0035690063283512208,0.0024968102685185567,0.0035690063283512208,0.0015625843062263556,0.002269477161363942
911,0.0027533241554010823,0.001085568024946748,0.001510038620467391,0.0013402879926029954,0.0027533241554010823
912,0.0020153889404781467,0.001850708483228547,0.0020153889404781467,0.0017918716988670758,0.0011321048083510754
913,0.0021050304868138747,0.0015129595948909502,0.0019742381492173777,0.0021050304868138747,0.0019085101320952536
914,0.001905582903135361,0.0016624901265609449,0.001905582903135361,0.0012505762871738435,0.0014669019068733191
915,0.0027309961282909745,0.001838829222725602,0.0027309961282909745,0.0017798282893544126,0.0014837549544908235
916,0.003058017958323944,0.0020018258714412374,0.003058017958323944,0.0018650136539597462,0.0024179516005339297
917,0.002386723222615239,0.0016551858212913162,0.002386723222615239,0.0021631847648101443,0.0020932104395646745
918,0.0035756218699124487,0.0014504966277909537,0.0035756218699124487,0.0016955147021102124,0.002184655457341922
919,0.001988273705411603,0.001115950744689509,0.0019462295673869645,0.0017220413024848225,0.001988273705411603
920,0.003109343625525729,0.001823978413694416,0.0014746209699999513,0.0027982846385898874,0.003109343625525729
921,0.0020604700541920207,0.001366091881326803,0.0020604700541920207,0.0011171594745594815,0.0016398687620635677
922,0.0029805664832068812,0.0014452567579070486,0.0029805664832068812,0.0028338487776649046,0.002121799386097578
923,0.004025751145986578,0.0022705624010724013,0.0014173298715091098,0.0019461974675892835,0.004025751145986578
924,0.0029847180033752974,0.0029847180033752974,0.0011431543761237783,0.0016232517007809255,0.0022090545437001285
925,0.0023400226174677963,0.001421388508325211,0.0015243728445178129,0.0015851959741032262,0.0023400226174677963
926,0.0016400827902373072,0.0016400827902373072,0.0013323962916699794,0.0008326613959640516,0.0010246348113213122
927,0.0022712133884676966,0.0022712133884676966,0.0019241379187021623,0.0021176668846148994,0.0018472659878229214
928,0.0022729697228505152,0.0022729697228505152,0.0019014725253056475,0.0017628979790883514,0.0009546675543719574
929,0.002632129444876785,0.002632129444876785,0.0017028068531055318,0.001262032669871016,0.001937656300028845
930,0.002321657919940212,0.002321657919940212,0.0013661975041833196,0.0018615442620500966,0.002138625035629005
931,0.002606490354844143,0.002606490354844143,0.0020683440866272607,0.001412168948682041,0.0022621289997881155
932,0.0026599653823520253,0.0012494375088765164,0.0012345107267588418,0.0026599653823520253,0.0019005262845067372
933,0.0018097642839905448,0.0017163176733958618,0.0018097642839905448,0.0016596283599411565,0.0011716243621364697
934,0.0024699852933568467,0.0016355917704667933,0.0012625898857598628,0.0024699852933568467,0.0023114357926360407
935,0.001704483688026226,0.001486349473943216,0.001586154558114533,0.001022299577885244,0.001704483688026226
936,0.001894634649288296,0.001894634649288296,0.0014050219757866245,0.0017828127679873629,0.0006155330305492868
937,0.002404401500586073,0.0023892272564668415,0.0015452439244186267,0.002404401500586073,0.0008483185826819728
938,0.0015559617436182172,0.0012352852141140902,0.001393055155419931,0.000982652472577561,0.0015559617436182172
939,0.002938957803633291,0.0012627158384663217,0.001487857604550058,0.002938957803633291,0.0021404215148275174
940,0.0019393553047602485,0.0018942137952062676,0.0019393553047602485,0.0015321983909967751,0.0017525997365704926
941,0.0019745309789399035,0.0019745309789399035,0.0013851246967206965,0.001298542522899293,0.0014916441358432397
942,0.0020414579984686654,0.0018738082844944048,0.00196118881972418,0.0009573659618926089,0.0020414579984686654
943,0.002716796474019789,0.002716796474019789,0.0024422619635102727,0.0018047639024538764,0.0023359293425188332
944,0.0022726984417221208,0.0020759840934702622,0.0022726984417221208,0.0020102616208020896,0.00197016604385436
945,0.0017091504392350299,0.0015925967662091534,0.0017091504392350299,0.0014799121102134771,0.00160371824612629
946,0.002170596224849497,0.002170596224849497,0.0007920106646202296,0.001562877898523829,0.001587225912032475
947,0.0031427426864618635,0.0031427426864618635,0.0016724800382567628,0.0011423603738524024,0.0012407865315061106
948,0.002428741660997269,0.0017581148552896497,0.002428741660997269,0.0013532919152264011,0.0018267675976446074
949,0.002626054550349255,0.0013820414742656828,0.0013878199447519557,0.0019384845369310177,0.002626054550349255
950,0.002524909812560816,0.0016557265694252532,0.002524909812560816,0.0011507196091706806,0.0021930083831830927
951,0.001860595114358654,0.001860595114358654,0.0017835746832592925,0.0015373982881482506,0.0018286307042562067
952,0.002368085066203618,0.002186417882623193,0.0020353943104793326,0.002368085066203618,0.0015996493294629932
953,0.0018398227358701336,0.0014873015219747376,0.0011400850338213475,0.0015338742548328677,0.0018398227358701336
954,0.0027971025884326872,0.0027971025884326872,0.0017118604982311325,0.001686164326170303,0.0015282029715300016
955,0.0023694994303362638,0.0018332055102263656,0.0014169235342098851,0.00126887154961286,0.0023694994303362638
956,0.00415714540084805,0.0019849981478366474,0.00415714540084805,0.0028232795640785735,0.0013813847065963225
957,0.0024771929348237354,0.0012574334356940664,0.0024771929348237354,0.0018773991214695585,0.001636283723280063
958,0.0020023058805686,0.0011289649938177604,0.0020023058805686,0.0011583786712651145,0.0010363468757337846
959,0.002768392300303346,0.0017369496306119947,0.002768392300303346,0.0015513207361843584,0.0017677357984497433
960,0.0018074320189668258,0.0010076581795193107,0.001365450327935669,0.0012941082304360751,0.0018074320189668258
961,0.002302310358244797,0.0018201374506057189,0.002302310358244797,0.0013046119410351498,0.0015345407418754786
962,0.0026377090909881495,0.0014695262953761667,0.001820409959481517,0.0026377090909881495,0.001201935009118471
963,0.0020755268784665715,0.0020755268784665715,0.0015658793735161547,0.001819083328678417,0.0013304080194634915
964,0.0024008416838524615,0.0008993578440178451,0.0022329533520299982,0.0024008416838524615,0.0013582758949195473
965,0.0028560938550055703,0.0028560938550055703,0.001797310436717825,0.0015726662777031941,0.0011787581369822053
966,0.0035899941358229492,0.0035899941358229492,0.0018696572080508789,0.0025902845849186673,0.002430423088261857
967,0.0024731209857773995,0.002356634520604972,0.0024731209857773995,0.002405672838029782,0.0016690519778622681
968,0.002185903492161939,0.0016650710166200011,0.0011179372248220076,0.0015254202399365147,0.002185903492161939
969,0.002402766579205129,0.002402766579205129,0.0018875269545227669,0.0014161932905488728,0.002303798919578992
970,0.0019700979185584,0.0017563591375526766,0.0013397536860678683,0.0019492095248135333,0.0019700979185584
971,0.0030145247914721285,0.0017739517110405556,0.0030145247914721285,0.001801955096756569,0.0016470395318299857
972,0.002301363531085676,0.0013301299344030126,0.0017738143390665373,0.0017021801668229974,0.002301363531085676
973,0.0025201870514701685,0.0025201870514701685,0.0016313282283601516,0.001936168965925411,0.001112504202709086
974,0.002766913625917966,0.00263422279961395,0.002766913625917966,0.0021257596448125415,0.0020598874726117655
975,0.003129734547174051,0.0018295644362555374,0.0014154371049344139,0.0013019391915359835,0.003129734547174051
976,0.002740575103394316,0.0009278758127241327,0.00111349477524747,0.0015516038449664427,0.002740575103394316
977,0.002329179004212256,0.002329179004212256,0.001650110768717017,0.000792780378213731,0.0011247704591839658
978,0.002430877340029003,0.0017486875865980467,0.002134191894247739,0.0016565378651550722,0.002430877340029003
979,0.002746551641439443,0.002272355334463405,0.0014248625665869152,0.001887790313806259,0.002746551641439443
980,0.0021805911584170667,0.002043210298159681,0.0021805911584170667,0.0018032591600087855,0.0018088154435565995
981,0.001414773650683876,0.0012877492843927918,0.0010963381499570213,0.001414773650683876,0.0014051129049241773
982,0.002085365722099275,0.0010393952074552182,0.0018132456880436965,0.0007873638546854744,0.002085365722099275
983,0.00251793920747434,0.0012994475811834993,0.000994911763710471,0.00251793920747434,0.0013383422148384727
984,0.002115135379291422,0.0016490705952075801,0.002115135379291422,0.0008307458430437675,0.0014653702863037799
985,0.002345781170991823,0.0010755667511497258,0.002345781170991823,0.001783025060559995,0.0016079687323433678
986,0.0027264968187084015,0.0020709812771877445,0.0027264968187084015,0.0011894068895076382,0.0015622227645539777
987,0.0037665517198911536,0.0037665517198911536,0.00195438989741481,0.0011636074018032128,0.0020985404468424895
988,0.0018326391437443745,0.0009044144683459931,0.0018042553413359919,0.0018326391437443745,0.0011381470671284477
989,0.0019877101884809845,0.0019877101884809845,0.001231295391483589,0.0016939252312609954,0.0012640991138729851
990,0.0019199999336521612,0.0019199999336521612,0.0006927020148014273,0.0013949759839828602,0.0016236709908782343
991,0.0029381469336678956,0.0017483507760702732,0.0029381469336678956,0.0015519175952302122,0.0012926996862798745
992,0.0022703256763239033,0.0013189101174660711,0.0012454592777130236,0.0022381024651439985,0.0022703256763239033
993,0.0020125809443786724,0.0012783230951577407,0.0010418650403031249,0.0020125809443786724,0.001251380737658514
994,0.0029880837552762607,0.0029880837552762607,0.002235827416902758,0.002637074506212117,0.001700363038857844
995,0.0026308097788027562,0.0023794457512901213,0.0014909131937359543,0.0016937087462155498,0.0026308097788027562
996,0.0026137474766493862,0.0024541956569457124,0.0026137474766493862,0.001989645128361528,0.0010613470976360562
997,0.002072303981164758,0.002072303981164758,0.001362999075733673,0.0013218252929146912,0.0012859756087275631
998,0.0024021427973828224,0.0024021427973828224,0.00234044659492072,0.0013713490305578002,0.0019802263451699775
