f,num_active_particles,num_deleted_particles,total_deleted_rods,avalanche_sizes
0,992082,0,0,"0"
193.90055729013955,992081,1,1,"1"
446.55036710157992,992080,2,1,"1"
581.23816180209928,992079,3,1,"1"
615.61189839933093,992078,4,1,"1"
711.86386047950543,992075,7,1,"1"
721.70491978130042,992057,25,1,"1"
868.53512349632899,992056,26,1,"1"
899.40153333892988,992055,27,1,"1"
925.9030625193684,992037,45,1,"1"
926.00196014762571,992019,63,1,"1"
950.35042199480802,992009,73,1,"1"
1052.160924387018,991991,91,1,"1"
1092.5025540560848,991990,92,1,"1"
1101.1893860171276,991989,93,1,"1"
1167.3507561606539,991971,111,1,"1"
1206.4988618531236,991970,112,1,"1"
1231.6710250130759,991969,113,1,"1"
1255.8783724951293,991968,114,1,"1"
1261.5925412414524,991967,115,1,"1"
1287.7692111636813,991966,116,1,"1"
1319.3562377878147,991965,117,1,"1"
1331.9118393022734,991964,118,1,"1"
1343.8501657059551,991946,136,1,"1"
1457.0100484956604,991945,137,1,"1"
1492.5561976136503,991944,138,1,"1"
1549.7736254149493,991927,155,1,"1"
1584.4027849491599,991926,156,1,"1"
1622.8203177647479,991921,161,1,"1"
1635.0989362344587,991920,162,1,"1"
1654.9225436294532,991919,163,1,"1"
1657.6636093616703,991918,164,1,"1"
1707.3422796556165,991917,165,1,"1"
1749.1347599343226,991916,166,1,"1"
1827.3732698434258,991915,167,1,"1"
1855.7662650853729,991914,168,1,"1"
1868.1804966219659,991896,186,1,"1"
1995.7557266412482,991895,187,1,"1"
2005.9302741082461,991894,188,1,"1"
2024.0443748861712,991893,189,1,"1"
2068.0003345992,991891,191,2,"2"
2092.5825111426652,991890,192,1,"1"
2095.072443410882,991872,210,1,"1"
2115.8566829433212,991871,211,1,"1"
2141.3559999717418,991870,212,1,"1"
2179.6613744378988,991869,213,1,"1"
2194.933592577655,991868,214,1,"1"
2195.8794225452239,991867,215,1,"1"
2205.5223617147103,991866,216,1,"1"
2262.7820970519183,991848,234,1,"1"
2288.2580286325506,991831,251,1,"1"
2301.8155009550883,991821,261,1,"1"
2333.939665821883,991820,262,1,"1"
2335.4713900313559,991819,263,1,"1"
2360.448296829145,991818,264,1,"1"
2424.9385865162335,991817,265,1,"1"
2431.110076118146,991812,270,1,"1"
2437.4968707046969,991811,271,1,"1"
2466.8272701075011,991806,276,1,"1"
2488.0065963109996,991805,277,1,"1"
2495.9579723088596,991802,280,1,"1"
2538.962228798332,991801,281,1,"1"
2574.9636635031911,991800,282,1,"1"
2596.8607027141707,991799,283,1,"1"
2598.1322804873821,991781,301,1,"1"
2619.1737090984539,991780,302,1,"1"
2693.8694237996674,991775,307,1,"1"
2728.3892063827507,991774,308,1,"1"
2758.3125623511482,991773,309,1,"1"
2806.3751135244061,991772,310,1,"1"
2826.1360838175101,991770,312,2,"2"
2831.0374276434877,991769,313,1,"1"
2856.6373848450157,991768,314,1,"1"
2867.7705224278038,991767,315,1,"1"
2880.1391405015852,991749,333,1,"1"
2930.9598030540501,991748,334,1,"1"
2943.5116178814546,991747,335,1,"1"
2956.5955959660391,991746,336,1,"1"
2961.0235702613122,991745,337,1,"1"
2967.7348557384894,991727,355,1,"1"
2995.8282790113099,991726,356,1,"1"
3053.8978871530985,991725,357,1,"1"
3056.2562029711448,991724,358,1,"1"
3068.5643989739592,991723,359,1,"1"
3085.3249404875446,991721,361,2,"1-1"
3111.6421809290841,991720,362,1,"1"
3116.4999333974069,991719,363,1,"1"
3125.3090246965107,991710,372,1,"1"
3164.2956074800845,991709,373,1,"1"
3164.443239577291,991708,374,1,"1"
3192.2893080415129,991690,392,1,"1"
3196.4461026378463,991689,393,1,"1"
3226.6117944205625,991688,394,1,"1"
3232.8093468982461,991678,404,1,"1"
3239.4567563858136,991677,405,1,"1"
3262.2221909038935,991676,406,1,"1"
3265.6671065086748,991658,424,1,"1"
3266.447129473132,991640,442,1,"1"
3284.7027451319127,991639,443,1,"1"
3345.9012839539573,991621,461,1,"1"
3350.2787313790768,991603,479,1,"1"
3353.0471419682308,991589,493,1,"1"
3362.4246265043921,991588,494,1,"1"
3407.9325910318926,991587,495,1,"1"
3417.4441271772698,991586,496,1,"1"
3437.7561827585437,991585,497,1,"1"
3443.2577357723485,991584,498,1,"1"
3446.3783059573689,991583,499,1,"1"
3449.917169954721,991582,500,1,"1"
3477.3321275251687,991577,505,1,"1"
3481.3877443150077,991572,510,1,"1"
3499.4741131120941,991571,511,1,"1"
3510.0923111601173,991570,512,1,"1"
3521.7406116836783,991569,513,1,"1"
3534.360142539279,991568,514,1,"1"
3542.7818412944025,991567,515,1,"1"
3559.9268020510131,991566,516,1,"1"
3562.6522392436655,991565,517,1,"1"
3580.1707175599968,991564,518,1,"1"
3592.276561681665,991563,519,1,"1"
3603.492179907777,991562,520,1,"1"
3604.0318265714504,991561,521,1,"1"
3610.9848322196831,991560,522,1,"1"
3620.1377579603145,991559,523,1,"1"
3621.9185528700723,991556,526,3,"1-1-1"
3640.6188414283693,991538,544,1,"1"
3646.0372710218462,991537,545,1,"1"
3653.4988769064466,991536,546,1,"1"
3696.0579212467537,991535,547,1,"1"
3714.611958921862,991533,549,2,"1-1"
3729.9588282596269,991532,550,1,"1"
3737.1076531310264,991514,568,1,"1"
3746.300457379507,991513,569,1,"1"
3753.2170087980089,991512,570,1,"1"
3795.9928652419835,991511,571,1,"1"
3797.2695536666083,991501,581,1,"1"
3808.9341238907605,991491,591,1,"1"
3817.2047138570374,991490,592,1,"1"
3843.968372981843,991472,610,1,"1"
3848.1050082035504,991471,611,1,"1"
3863.1032959629079,991470,612,1,"1"
3874.1638661159263,991469,613,1,"1"
3877.2981665881089,991468,614,1,"1"
3880.7620973069725,991463,619,1,"1"
3894.7512898917489,991458,624,1,"1"
3898.3781649976277,991457,625,1,"1"
3900.6695799957965,991456,626,1,"1"
3905.1339118331725,991455,627,1,"1"
3924.2750444151402,991454,628,1,"1"
3940.6816639875619,991453,629,1,"1"
3944.853898548387,991435,647,1,"1"
3960.2399702831422,991417,665,1,"1"
3970.0826273380389,991416,666,1,"1"
3988.8003688585086,991415,667,1,"1"
3997.6761118864551,991414,668,1,"1"
3999.5916159850517,991413,669,1,"1"
4003.5529786769257,991412,670,1,"1"
4007.7062554804543,991411,671,1,"1"
4055.67845229969,991410,672,1,"1"
4066.3520308669272,991409,673,1,"1"
4066.4216027616267,991408,674,1,"1"
4075.3879216931891,991406,676,2,"1-1"
4094.0232481283992,991405,677,1,"1"
4110.1400401440851,991404,678,1,"1"
4114.4107629834662,991386,696,1,"1"
4122.6382597806742,991385,697,1,"1"
4126.3122474728707,991384,698,1,"1"
4127.158544089878,991382,700,2,"1-1"
4138.4542377296066,991381,701,1,"1"
4192.2286574509544,991380,702,1,"1"
4203.8564370275744,991379,703,1,"1"
4209.4204351143762,991378,704,1,"1"
4215.4973869825917,991360,722,1,"1"
4223.9980130734011,991358,724,2,"2"
4235.2514844048674,991357,725,1,"1"
4235.4909147007447,991356,726,1,"1"
4264.6695485301261,991355,727,1,"1"
4273.2520487889715,991354,728,1,"1"
4284.5486122985749,991353,729,1,"1"
4300.2701749994076,991351,731,2,"1-1"
4300.7077866305399,991333,749,1,"1"
4327.4303018329811,991332,750,1,"1"
4329.6237829043403,991331,751,1,"1"
4345.9007321418694,991330,752,1,"1"
4383.7232582470333,991329,753,1,"1"
4412.5954847600733,991328,754,1,"1"
4414.7210528528876,991327,755,1,"1"
4434.3009784638762,991326,756,1,"1"
4461.5649384787666,991325,757,1,"1"
4463.693296399575,991320,762,1,"1"
4475.5160256005793,991309,773,3,"2-1"
4480.5889861354526,991307,775,2,"2"
4532.3510964596253,991306,776,1,"1"
4546.1588072714467,991305,777,1,"1"
4549.7853149748507,991304,778,1,"1"
4562.4774308075885,991286,796,1,"1"
4567.9002537170809,991285,797,1,"1"
4569.6533528478103,991275,807,1,"1"
4586.2400485535472,991273,809,2,"1-1"
4600.0737760309339,991271,811,2,"2"
4605.910746989427,991269,813,2,"2"
4607.0843834972111,991257,825,4,"3-1"
4617.3748717864792,991256,826,1,"1"
4619.5346254954902,991255,827,1,"1"
4646.9756702906452,991237,845,1,"1"
4648.8752893131177,991236,846,1,"1"
4666.8450561457958,991235,847,1,"1"
4671.8464342370689,991234,848,1,"1"
4680.8783890738432,991233,849,1,"1"
4701.0978809796434,991232,850,1,"1"
4706.6773810225222,991231,851,1,"1"
4707.2639149971537,991230,852,1,"1"
4716.0310558915789,991228,854,2,"2"
4721.1964553130229,991226,856,2,"2"
4724.7714966728372,991225,857,1,"1"
4731.3593948546659,991224,858,1,"1"
4747.0992919406708,991223,859,1,"1"
4764.5058037874469,991221,861,2,"2"
4786.3341092749024,991208,874,1,"1"
4797.5747211700073,991207,875,1,"1"
4823.4779506461928,991198,884,5,"2-1-1-1"
4833.0986369145157,991180,902,1,"1"
4835.3378622247774,991179,903,1,"1"
4844.6572330263052,991161,921,1,"1"
4845.4478755139971,991160,922,1,"1"
4875.4609825571188,991159,923,1,"1"
4882.9183904765587,991154,928,1,"1"
4909.1832200526233,991153,929,1,"1"
4909.6372021885827,991152,930,1,"1"
4925.0584762674926,991151,931,1,"1"
4941.6622714407367,991148,934,1,"1"
4948.3442015918681,991147,935,1,"1"
4957.2671876931663,991146,936,1,"1"
4961.9699869393316,991128,954,1,"1"
5012.3978695577089,991123,959,1,"1"
5021.650615816814,991121,961,2,"2"
5021.9784142342687,991120,962,1,"1"
5034.2943555266966,991119,963,1,"1"
5037.5603832690831,991101,981,1,"1"
5066.4326657786796,991100,982,1,"1"
5076.0365535644651,991099,983,1,"1"
5095.4829282485389,991081,1001,1,"1"
5120.0837938522745,991078,1004,3,"3"
5129.6149502367234,991077,1005,1,"1"
5129.7397382203872,991075,1007,2,"2"
5131.3874264677925,991057,1025,1,"1"
5149.2457863472946,991056,1026,1,"1"
5191.8480120306112,991038,1044,1,"1"
5211.0417825029181,991037,1045,1,"1"
5227.9848313251541,991036,1046,1,"1"
5268.7565611546988,991034,1048,2,"2"
5275.0152047815827,991016,1066,1,"1"
5289.0872793358876,991015,1067,1,"1"
5312.2239012148657,991014,1068,1,"1"
5332.8092127055897,990996,1086,1,"1"
5347.077493537593,990978,1104,1,"1"
5360.5318999990177,990977,1105,1,"1"
5361.5614081204731,990976,1106,1,"1"
5378.9725125931454,990958,1124,1,"1"
5386.6140914911957,990948,1134,1,"1"
5387.5241211855719,990930,1152,1,"1"
5390.2265871355376,990927,1155,3,"2-1"
5406.8048913418043,990926,1156,1,"1"
5459.9634950231148,990925,1157,1,"1"
5478.9242724074393,990924,1158,1,"1"
5509.9903128450078,990923,1159,1,"1"
5513.2778077652747,990921,1161,2,"1-1"
5527.5126422863841,990903,1179,1,"1"
5537.8896649492881,990902,1180,1,"1"
5550.4736591492083,990901,1181,1,"1"
5567.8902229477962,990895,1187,2,"2"
5584.7363974846894,990894,1188,1,"1"
5589.7863235184395,990893,1189,1,"1"
5619.555735836464,990875,1207,1,"1"
5624.7019532126178,990874,1208,1,"1"
5644.8746630334372,990873,1209,1,"1"
5650.3346497167968,990855,1227,1,"1"
5665.0497367823682,990837,1245,1,"1"
5710.314263548189,990835,1247,2,"2"
5720.7570931318205,990834,1248,1,"1"
5724.7225178886156,990816,1266,1,"1"
5733.3516233956607,990806,1276,1,"1"
5754.6140697935007,990805,1277,1,"1"
5779.6049497148442,990804,1278,1,"1"
5804.7390583843408,990803,1279,1,"1"
5810.925783202867,990800,1282,3,"2-1"
5839.3203120906655,990782,1300,1,"1"
5846.5379012643361,990781,1301,1,"1"
5851.9232868379086,990775,1307,2,"2"
5875.2426519251785,990770,1312,1,"1"
5896.7583835776404,990764,1318,2,"2"
5932.5138133783084,990763,1319,1,"1"
5937.3465092238321,990762,1320,1,"1"
5943.1098988352951,990761,1321,1,"1"
5950.9948365884329,990754,1328,3,"3"
5954.8595026778994,990753,1329,1,"1"
5958.1630680849776,990735,1347,1,"1"
5973.4496498828794,990717,1365,1,"1"
5984.4564739249017,990715,1367,2,"2"
5987.8719084167433,990701,1381,1,"1"
5995.7982951786289,990691,1391,1,"1"
6006.5815213111982,990673,1409,1,"1"
6011.6008258044085,990663,1419,1,"1"
6021.037813991029,990645,1437,1,"1"
6027.8993802188561,990644,1438,1,"1"
6031.5312843585143,990643,1439,1,"1"
6037.088558692787,990641,1441,2,"2"
6042.9647059536355,990623,1459,1,"1"
6044.7256321127079,990622,1460,1,"1"
6049.4828019302777,990621,1461,1,"1"
6052.1046520831842,990616,1466,1,"1"
6072.9714028917333,990615,1467,1,"1"
6080.3490734720017,990614,1468,1,"1"
6080.4777425342409,990613,1469,1,"1"
6095.1853803608865,990612,1470,1,"1"
6095.2888152100195,990610,1472,2,"2"
6115.6117358514903,990609,1473,1,"1"
6134.2679327800979,990608,1474,1,"1"
6140.5879031375189,990590,1492,1,"1"
6142.3687844355336,990589,1493,1,"1"
6147.5589898375401,990586,1496,3,"3"
6161.0550746497538,990585,1497,1,"1"
6176.0053343824438,990579,1503,6,"3-1-1-1"
6181.5742421296418,990576,1506,3,"3"
6202.3654805324231,990571,1511,1,"1"
6206.0634193455917,990570,1512,1,"1"
6232.792929868695,990567,1515,3,"3"
6234.4728054898187,990566,1516,1,"1"
6236.695791443306,990563,1519,3,"3"
6252.562158284044,990560,1522,3,"2-1"
6271.800673232482,990559,1523,1,"1"
6285.63377554402,990557,1525,2,"2"
6285.8776993218517,990556,1526,1,"1"
6287.2796617031781,990555,1527,1,"1"
6316.5991044290004,990554,1528,1,"1"
6338.2160410967517,990552,1530,2,"1-1"
6343.7930328068269,990549,1533,3,"3"
6346.9722514144132,990548,1534,1,"1"
6356.9663743835899,990538,1544,2,"2"
6360.6786359683765,990537,1545,1,"1"
6365.3532080621026,990535,1547,2,"2"
6369.6003892130384,990534,1548,1,"1"
6374.541028172046,990532,1550,2,"1-1"
6385.7941426535581,990522,1560,1,"1"
6394.9025784639216,990521,1561,1,"1"
6397.4511160137527,990520,1562,1,"1"
6424.0976562341566,990518,1564,2,"1-1"
6429.6943567450544,990517,1565,1,"1"
6436.60230728636,990516,1566,1,"1"
6442.7228612985209,990515,1567,1,"1"
6454.2386004203699,990513,1569,2,"1-1"
6456.2205872115801,990512,1570,1,"1"
6460.635082995027,990511,1571,1,"1"
6487.016781994912,990510,1572,1,"1"
6487.8035942484894,990492,1590,1,"1"
6494.8129550851145,990474,1608,1,"1"
6537.2425164991091,990473,1609,1,"1"
6540.5535937845489,990472,1610,1,"1"
6553.9934995878893,990465,1617,3,"3"
6557.8661655810829,990464,1618,1,"1"
6558.2440078608388,990463,1619,1,"1"
6558.5444584302841,990462,1620,1,"1"
6564.0802775564071,990461,1621,1,"1"
6578.8260250666071,990443,1639,1,"1"
6582.0339438273322,990442,1640,1,"1"
6584.6387152316256,990441,1641,1,"1"
6587.0771589118958,990440,1642,1,"1"
6594.8300830838925,990438,1644,2,"2"
6613.5351568941542,990436,1646,2,"1-1"
6633.8518403134995,990433,1649,3,"2-1"
6635.397563746852,990432,1650,1,"1"
6648.3310750353194,990427,1655,5,"4-1"
6650.0915378211002,990425,1657,2,"2"
6660.6464729424451,990407,1675,1,"1"
6662.0567837627341,990406,1676,1,"1"
6674.0067411402524,990395,1687,3,"3"
6709.8696860819991,990394,1688,1,"1"
6715.9909645482212,990393,1689,1,"1"
6721.2860051831176,990392,1690,1,"1"
6735.812294856024,990391,1691,1,"1"
6749.6230611268511,990390,1692,1,"1"
6761.4494900826485,990389,1693,1,"1"
6762.931391860423,990384,1698,1,"1"
6768.6448608182,990382,1700,2,"2"
6806.114179552872,990381,1701,1,"1"
6812.0359756128828,990378,1704,3,"3"
6812.8011352664944,990372,1710,2,"2"
6824.8255334172263,990354,1728,1,"1"
6829.1231029412829,990347,1735,1,"1"
6832.1333985272486,990346,1736,1,"1"
6847.2286927238283,990345,1737,1,"1"
6873.6021118659519,990344,1738,1,"1"
6882.028419186674,990343,1739,1,"1"
6885.3288220419918,990342,1740,1,"1"
6891.1900534339793,990341,1741,1,"1"
6891.748626742401,990323,1759,1,"1"
6901.8899029504446,990321,1761,2,"2"
6926.4361266806227,990320,1762,1,"1"
6953.8201759325138,990319,1763,1,"1"
6956.7481259373653,990318,1764,1,"1"
6963.975784088183,990312,1770,2,"1-1"
6974.2331641460005,990311,1771,1,"1"
6975.9582443982854,990293,1789,1,"1"
6979.7292085880072,990292,1790,1,"1"
6983.7783017248439,990290,1792,2,"1-1"
6988.6233800690779,990272,1810,1,"1"
6995.5363903328835,990268,1814,4,"3-1"
6999.5516300389199,990267,1815,1,"1"
7015.6102103453704,990249,1833,1,"1"
7025.023326885972,990248,1834,1,"1"
7056.4430232578943,990246,1836,2,"2"
7057.2553084690617,990240,1842,2,"2"
7097.2334398425628,990233,1849,3,"2-1"
7098.802827559929,990228,1854,1,"1"
7108.1116608828033,990226,1856,2,"2"
7109.8670182303467,990225,1857,1,"1"
7136.0321643979696,990205,1877,2,"2"
7175.6011595551854,990204,1878,1,"1"
7181.1411122122527,990203,1879,1,"1"
7182.4958969867639,990202,1880,1,"1"
7186.5422110692625,990197,1885,1,"1"
7188.5298685326825,990196,1886,1,"1"
7190.3327579205425,990195,1887,1,"1"
7193.948718243746,990194,1888,1,"1"
7194.5566279234308,990176,1906,1,"1"
7196.5806997019981,990175,1907,1,"1"
7197.4475075626842,990157,1925,1,"1"
7211.5948712531135,990156,1926,1,"1"
7227.1331470267778,990154,1928,2,"1-1"
7249.611611750136,990151,1931,1,"1"
7250.5572605669986,990150,1932,1,"1"
7253.0124580460124,990132,1950,1,"1"
7266.7330100440004,990114,1968,1,"1"
7296.0421017025383,990113,1969,1,"1"
7309.7948215154202,990111,1971,2,"2"
7317.6328085621144,990108,1974,1,"1"
7318.4266148606248,990107,1975,1,"1"
7323.7102083372183,990101,1981,2,"2"
7326.7082425203807,990096,1986,1,"1"
7344.0549825268563,990095,1987,1,"1"
7347.0823009178384,990093,1989,2,"2"
7355.3845032806994,990092,1990,1,"1"
7364.2418524513978,990091,1991,1,"1"
7370.6705965600768,990090,1992,1,"1"
7382.032141692288,990088,1994,2,"1-1"
7382.8912407767657,990087,1995,1,"1"
7385.4193243951804,990086,1996,1,"1"
7385.8226546477317,990085,1997,1,"1"
7392.5744336674798,990084,1998,1,"1"
7395.3897952443622,990083,1999,1,"1"
7398.7881851777056,990080,2002,3,"2-1"
7400.5754024079451,990077,2005,3,"3"
7406.6513132238506,990059,2023,1,"1"
7427.3813191645831,990058,2024,1,"1"
7428.0034450542253,990048,2034,1,"1"
7437.6886530733073,990043,2039,1,"1"
7437.883935042436,990042,2040,1,"1"
7440.1764183453242,990024,2058,1,"1"
7443.8350407949374,990023,2059,1,"1"
7452.1510062925845,990021,2061,2,"2"
7461.0750817008648,990020,2062,1,"1"
7462.4110731810033,990002,2080,1,"1"
7477.9885987282314,990001,2081,1,"1"
7500.1237442999145,989998,2084,1,"1"
7506.6888185496709,989997,2085,1,"1"
7510.8998769787859,989996,2086,1,"1"
7512.1685165589561,989995,2087,1,"1"
7514.2769962645443,989992,2090,3,"1-1-1"
7521.5892101520203,989991,2091,1,"1"
7548.3108346511799,989973,2109,1,"1"
7549.6963310512856,989971,2111,2,"2"
7551.2211380158415,989969,2113,2,"2"
7555.3973589259849,989967,2115,2,"1-1"
7567.7614174683413,989949,2133,1,"1"
7576.153207295255,989931,2151,1,"1"
7594.8434325872877,989928,2154,3,"3"
7606.2094758701514,989926,2156,2,"2"
7613.1721550118527,989908,2174,1,"1"
7613.558692177683,989907,2175,1,"1"
7635.1815741096852,989906,2176,1,"1"
7649.1528124083115,989905,2177,1,"1"
7652.527459519948,989903,2179,2,"2"
7657.5372731182106,989893,2189,1,"1"
7674.7004880078375,989892,2190,1,"1"
7687.1019538221271,989891,2191,1,"1"
7698.9216227382994,989873,2209,1,"1"
7727.2107389322045,989863,2219,1,"1"
7744.7476921063135,989862,2220,1,"1"
7745.1427510187677,989861,2221,1,"1"
7747.5946744994862,989855,2227,2,"2"
7749.1198855376706,989837,2245,1,"1"
7750.7133773022142,989827,2255,1,"1"
7751.0357443672474,989826,2256,1,"1"
7751.5008937575449,989816,2266,2,"2"
7761.7373592124095,989798,2284,1,"1"
7766.3592357557973,989797,2285,1,"1"
7770.2367873986823,989795,2287,2,"2"
7775.2368740549382,989777,2305,1,"1"
7777.461933845655,989776,2306,1,"1"
7784.9265152279113,989775,2307,1,"1"
7791.7286646469092,989774,2308,1,"1"
7795.6076154437287,989772,2310,2,"1-1"
7796.4625120930559,989770,2312,2,"2"
7797.5941519851449,989769,2313,1,"1"
7798.1249660077401,989768,2314,1,"1"
7807.7324626417176,989765,2317,3,"1-1-1"
7824.9901740011373,989764,2318,1,"1"
7839.3986553256909,989763,2319,1,"1"
7853.7235048418497,989758,2324,1,"1"
7854.687826065765,989756,2326,2,"2"
7857.7573042781887,989754,2328,2,"1-1"
7857.860805150478,989752,2330,2,"2"
7858.1804795722755,989749,2333,3,"3"
7862.1467625901687,989746,2336,3,"2-1"
7862.1890619911137,989745,2337,1,"1"
7862.9062984390857,989744,2338,1,"1"
7869.441428869035,989741,2341,3,"2-1"
7876.2906443568818,989740,2342,1,"1"
7882.389967227803,989735,2347,1,"1"
7885.5731377838638,989732,2350,1,"1"
7894.3091770056935,989731,2351,1,"1"
7910.4525755747136,989728,2354,3,"2-1"
7917.3050288452796,989726,2356,2,"2"
7929.1264946022193,989724,2358,2,"2"
7945.9115387717957,989722,2360,2,"2"
7970.7709838032706,989721,2361,1,"1"
7979.6209225075254,989720,2362,1,"1"
7982.7801807820479,989719,2363,1,"1"
7984.5132899919045,989718,2364,1,"1"
7990.663370617327,989700,2382,1,"1"
7999.9451269234723,989699,2383,1,"1"
8000.9880320458624,989697,2385,2,"1-1"
8003.404519908293,989681,2401,1,"1"
8008.3793761641846,989679,2403,2,"2"
8022.2258967684265,989678,2404,1,"1"
8024.634691625306,989677,2405,1,"1"
8034.8019733144674,989659,2423,1,"1"
8046.3540295084767,989641,2441,1,"1"
8056.2039870463595,989640,2442,1,"1"
8058.4122770379809,989639,2443,1,"1"
8058.4482519663798,989638,2444,1,"1"
8064.4151639977399,989626,2456,1,"1"
8065.3682559514873,989625,2457,1,"1"
8073.3605229948644,989624,2458,1,"1"
8087.750557650279,989623,2459,1,"1"
8094.4449633767845,989622,2460,1,"1"
8095.2102842258473,989620,2462,2,"2"
8108.7669762960704,989602,2480,1,"1"
8124.0243215993905,989601,2481,1,"1"
8125.8039595575574,989600,2482,1,"1"
8140.7814023413903,989598,2484,2,"2"
8145.4902539411223,989597,2485,1,"1"
8147.5394147255192,989595,2487,2,"2"
8190.2284848867421,989577,2505,1,"1"
8191.1083828557848,989568,2514,1,"1"
8223.1989147398017,989567,2515,1,"1"
8223.7423382425513,989549,2533,1,"1"
8245.2372685819646,989531,2551,1,"1"
8252.9595010668636,989521,2561,1,"1"
8257.7428765808854,989520,2562,1,"1"
8270.6777954130957,989519,2563,1,"1"
8280.5559208148225,989517,2565,2,"2"
8288.35827484322,989516,2566,1,"1"
8288.4083853996726,989515,2567,1,"1"
8296.7733708470223,989506,2576,1,"1"
8298.4711580507701,989502,2580,4,"2-1-1"
8304.2189012379113,989500,2582,2,"2"
8305.1066409526993,989499,2583,1,"1"
8312.5239639480733,989497,2585,2,"2"
8313.2386826034126,989496,2586,1,"1"
8325.9834398699168,989495,2587,1,"1"
8326.6013292190855,989481,2601,1,"1"
8330.3155817663701,989471,2611,1,"1"
8343.4493302659102,989468,2614,1,"1"
8344.2391438889827,989465,2617,3,"2-1"
8352.7632307111144,989462,2620,3,"2-1"
8356.1973960556315,989461,2621,1,"1"
8357.8727337638138,989456,2626,1,"1"
8367.5339063812426,989453,2629,3,"3"
8372.3238609716154,989452,2630,1,"1"
8374.5398392484658,989451,2631,1,"1"
8395.1159759473849,989450,2632,1,"1"
8398.0107358347304,989449,2633,1,"1"
8405.2427314802499,989448,2634,1,"1"
8415.2940534894387,989446,2636,2,"2"
8432.9217176811944,989445,2637,1,"1"
8436.8457007711822,989444,2638,1,"1"
8448.4432674623949,989440,2642,4,"4"
8448.812254221175,989422,2660,1,"1"
8449.7772821554172,989421,2661,1,"1"
8458.767471759842,989416,2666,1,"1"
8459.5692204769766,989413,2669,1,"1"
8464.764549140782,989412,2670,1,"1"
8487.4950439415061,989411,2671,1,"1"
8504.0974339657459,989410,2672,1,"1"
8506.0561848282996,989407,2675,3,"2-1"
8506.9492019276131,989406,2676,1,"1"
8509.5331971492396,989405,2677,1,"1"
8515.5332362463596,989404,2678,1,"1"
8538.0318133679484,989401,2681,3,"2-1"
8543.0264169865568,989400,2682,1,"1"
8550.2240666719827,989399,2683,1,"1"
8569.7608270204255,989387,2695,4,"4"
8573.3205102631873,989386,2696,1,"1"
8577.0656994772216,989385,2697,1,"1"
8580.2879125412346,989367,2715,1,"1"
8585.2163521066013,989366,2716,1,"1"
8593.7578451243044,989363,2719,3,"2-1"
8595.7389155821384,989362,2720,1,"1"
8596.9067727279089,989360,2722,2,"2"
8612.5927319995371,989342,2740,1,"1"
8614.3807509265371,989341,2741,1,"1"
8627.2598260243158,989340,2742,1,"1"
8630.8916195464572,989339,2743,1,"1"
8635.9882136978104,989338,2744,1,"1"
8637.2495016239372,989320,2762,1,"1"
8649.9183286936895,989310,2772,1,"1"
8660.2508498339521,989292,2790,1,"1"
8675.3163627522408,989287,2795,1,"1"
8675.3785742033015,989286,2796,1,"1"
8685.9431860696641,989285,2797,1,"1"
8689.0927839114938,989284,2798,1,"1"
8714.2425780544909,989281,2801,3,"3"
8724.0516138134317,989279,2803,2,"2"
8727.5407860471314,989276,2806,3,"2-1"
8728.1373850842992,989275,2807,1,"1"
8744.6609242264385,989274,2808,1,"1"
8745.5196673440823,989260,2822,1,"1"
8747.675009553539,989257,2825,3,"2-1"
8763.2166455859788,989255,2827,2,"2"
8770.2582702017971,989250,2832,5,"2-2-1"
8775.6295562183259,989239,2843,3,"2-1"
8781.4470396101806,989236,2846,1,"1"
8781.6658025115285,989235,2847,1,"1"
8801.5699785383058,989217,2865,1,"1"
8809.9963130732285,989199,2883,1,"1"
8810.208581793373,989196,2886,3,"1-1-1"
8824.7573629527687,989190,2892,2,"1-1"
8846.1439520953209,989187,2895,3,"2-1"
8848.1654467174576,989186,2896,1,"1"
8853.0132927431132,989185,2897,1,"1"
8864.1972786318765,989183,2899,2,"2"
8871.4599635372251,989182,2900,1,"1"
8876.7992116676196,989181,2901,1,"1"
8884.7476769278874,989180,2902,1,"1"
8902.734992232201,989178,2904,2,"2"
8908.3349769180113,989175,2907,3,"1-1-1"
8918.1715893649416,989170,2912,1,"1"
8925.1908713342018,989152,2930,1,"1"
8937.0339096694315,989151,2931,1,"1"
8947.5572539186687,989150,2932,1,"1"
8961.0363826574285,989149,2933,1,"1"
8965.8734971898448,989148,2934,1,"1"
8972.6106458000777,989147,2935,1,"1"
8973.3057678528367,989145,2937,2,"1-1"
8975.3502517510606,989141,2941,4,"2-1-1"
8978.3244720290295,989138,2944,3,"3"
8981.7682966372795,989137,2945,1,"1"
8998.2083858967944,989129,2953,4,"4"
9001.1679014248784,989128,2954,1,"1"
9013.7340074144977,989127,2955,1,"1"
9013.9760652433233,989126,2956,1,"1"
9017.1315511230223,989123,2959,1,"1"
9018.1542120154045,989120,2962,3,"2-1"
9018.2954759475542,989118,2964,2,"2"
9027.5226792348112,989116,2966,2,"2"
9029.849000910066,989111,2971,5,"3-1-1"
9030.3552974992926,989110,2972,1,"1"
9034.1789587391449,989109,2973,1,"1"
9039.915944709428,989108,2974,1,"1"
9044.132512448843,989107,2975,1,"1"
9045.050011302279,989106,2976,1,"1"
9049.1985952556115,989102,2980,4,"2-1-1"
9053.8814319786215,989092,2990,1,"1"
9063.5027951903867,989074,3008,1,"1"
9067.748494641377,989056,3026,1,"1"
9068.2793032631635,989055,3027,1,"1"
9111.564340637713,989037,3045,1,"1"
9125.1617481266967,989035,3047,2,"2"
9137.377767446922,989034,3048,1,"1"
9198.0081768179789,989020,3062,1,"1"
9213.733380304664,989006,3076,1,"1"
9231.9312804548335,989004,3078,2,"2"
9243.9481864329282,989003,3079,1,"1"
9256.7440858163609,988998,3084,1,"1"
9265.0951511869134,988980,3102,1,"1"
9268.4157598156362,988979,3103,1,"1"
9314.7210946019986,988972,3110,3,"1-1-1"
9336.1240261183684,988970,3112,2,"2"
9387.2072472667896,988952,3130,1,"1"
9414.4227130311137,988951,3131,1,"1"
9420.3069301742944,988938,3144,1,"1"
9437.3896685501622,988932,3150,2,"2"
9445.1799513581846,988922,3160,1,"1"
9452.2646250073158,988921,3161,1,"1"
9466.8180802964762,988903,3179,1,"1"
9489.7697580656441,988885,3197,1,"1"
9506.005441154497,988882,3200,3,"3"
9519.4190199744316,988880,3202,2,"2"
9563.3221599368189,988878,3204,2,"2"
9575.171644275295,988860,3222,1,"1"
9585.493421016814,988851,3231,1,"1"
9628.4819442895023,988833,3249,1,"1"
9629.4936406868692,988823,3259,1,"1"
9636.8616306197127,988822,3260,1,"1"
9653.161811740536,988820,3262,2,"2"
9663.3425214625768,988802,3280,1,"1"
9686.3950201830357,988784,3298,1,"1"
9698.1349794806247,988766,3316,1,"1"
9700.4791294251718,988765,3317,1,"1"
9703.0895305845406,988764,3318,1,"1"
9732.1926318795977,988763,3319,1,"1"
9734.7093096123572,988762,3320,1,"1"
9737.8472213329151,988757,3325,1,"1"
9739.7767719775202,988756,3326,1,"1"
9762.5997968506381,988746,3336,1,"1"
9772.4863825370248,988744,3338,2,"2"
9785.3742763553164,988739,3343,1,"1"
9789.3246837658717,988721,3361,1,"1"
9792.3258109698381,988702,3380,3,"3"
9797.1057932215936,988701,3381,1,"1"
9798.7037888317136,988683,3399,1,"1"
9810.489529225104,988665,3417,1,"1"
9814.6212410873959,988660,3422,1,"1"
9818.7353465899305,988659,3423,1,"1"
9828.2762662108253,988658,3424,1,"1"
9833.8350913589056,988640,3442,1,"1"
9839.5763198263339,988639,3443,1,"1"
9889.3381981872881,988621,3461,1,"1"
9916.1525325240164,988620,3462,1,"1"
9921.6897458168696,988602,3480,1,"1"
9922.2694002726967,988601,3481,1,"1"
9930.652088090299,988600,3482,1,"1"
9945.3733248109656,988599,3483,1,"1"
9955.4944440018717,988590,3492,1,"1"
9956.2073109623307,988585,3497,1,"1"
9957.2662199901806,988583,3499,2,"2"
9988.107687747548,988565,3517,1,"1"
10008.662858274734,988556,3526,1,"1"
10036.886965170044,988555,3527,1,"1"
10057.893749119386,988541,3541,6,"6"
10072.127315410224,988523,3559,1,"1"
10073.161606338845,988488,3594,5,"4-1"
10078.234583216776,988487,3595,1,"1"
10084.064364733178,988469,3613,1,"1"
10098.075909473884,988451,3631,1,"1"
10099.755471380029,988446,3636,1,"1"
10101.233107117903,988445,3637,1,"1"
10152.335542550314,988444,3638,1,"1"
10153.606031033685,988443,3639,1,"1"
10189.782962999368,988425,3657,1,"1"
10201.133373669209,988407,3675,1,"1"
10216.16109194572,988406,3676,1,"1"
10223.752089782718,988396,3686,1,"1"
10227.264100750568,988395,3687,1,"1"
10231.34032464247,988393,3689,2,"2"
10232.094029462425,988390,3692,3,"3"
10239.856871817807,988376,3706,1,"1"
10290.122487720166,988372,3710,4,"3-1"
10290.735410119736,988359,3723,1,"1"
10307.580434216772,988358,3724,1,"1"
10321.992754532837,988355,3727,1,"1"
10322.567826639701,988354,3728,1,"1"
10329.163518748346,988336,3746,1,"1"
10344.560169554632,988331,3751,1,"1"
10404.436885734167,988326,3756,1,"1"
10404.984621793825,988325,3757,1,"1"
10405.656112276425,988307,3775,1,"1"
10410.134191726147,988305,3777,2,"2"
10437.928249986213,988303,3779,2,"1-1"
10446.360697778071,988285,3797,1,"1"
10447.741429041478,988284,3798,1,"1"
10454.707262066995,988281,3801,3,"3"
10458.233130220327,988279,3803,2,"2"
10502.467132343239,988277,3805,2,"1-1"
10505.669560133267,988259,3823,1,"1"
10519.478831623597,988258,3824,1,"1"
10539.731365092402,988240,3842,1,"1"
10540.072815037185,988239,3843,1,"1"
10541.039755760476,988238,3844,1,"1"
10546.428259875598,988236,3846,2,"2"
10546.665745205775,988228,3854,4,"3-1"
10569.739710458482,988227,3855,1,"1"
10585.170036017873,988226,3856,1,"1"
10585.956454358893,988225,3857,1,"1"
10629.994502314423,988220,3862,1,"1"
10639.810016049305,988219,3863,1,"1"
10657.995528864702,988217,3865,2,"1-1"
10666.411841933519,988216,3866,1,"1"
10705.901580948484,988214,3868,2,"2"
10721.122717263319,988196,3886,1,"1"
10735.10788567879,988195,3887,1,"1"
10737.628828044328,988194,3888,1,"1"
10743.422335713432,988193,3889,1,"1"
10751.641506707057,988175,3907,1,"1"
10753.050137093742,988173,3909,2,"2"
10754.158819065793,988172,3910,1,"1"
10775.497993153089,988158,3924,2,"2"
10813.735168807438,988157,3925,1,"1"
10817.278463193683,988143,3939,2,"2"
10828.805836774334,988125,3957,1,"1"
10834.779400492425,988124,3958,1,"1"
10853.097097810936,988123,3959,1,"1"
10853.408439606879,988122,3960,1,"1"
10876.172628016104,988086,3996,2,"1-1"
10884.281831149459,988068,4014,1,"1"
10889.667278888253,988067,4015,1,"1"
10903.952845131525,988066,4016,1,"1"
10909.347308846929,988065,4017,1,"1"
10914.429103214385,988047,4035,1,"1"
10914.478271189149,988045,4037,2,"2"
10938.342344927485,988027,4055,1,"1"
10954.872257790936,988009,4073,1,"1"
10992.992597990562,988008,4074,1,"1"
11010.988003800481,987990,4092,1,"1"
11014.584748753561,987972,4110,1,"1"
11027.608970745678,987958,4124,1,"1"
11038.386931978832,987956,4126,2,"2"
11050.059270275067,987955,4127,1,"1"
11053.758185144834,987950,4132,1,"1"
11089.199940523042,987940,4142,1,"1"
11099.517656407368,987927,4155,1,"1"
11106.655735557522,987926,4156,1,"1"
11113.171758080682,987924,4158,2,"2"
11125.777368276709,987906,4176,1,"1"
11131.69508016217,987901,4181,1,"1"
11143.587553741863,987883,4199,1,"1"
11221.70095861007,987869,4213,1,"1"
11244.112004129409,987868,4214,1,"1"
11247.237264351528,987863,4219,1,"1"
11258.845630932821,987857,4225,2,"2"
11266.069476783387,987839,4243,1,"1"
11272.438429265469,987834,4248,1,"1"
11276.052650167343,987820,4262,1,"1"
11306.507341146638,987819,4263,1,"1"
11353.164565948353,987801,4281,1,"1"
11355.172269736584,987792,4290,1,"1"
11357.304851546533,987787,4295,1,"1"
11358.628655562627,987782,4300,1,"1"
11364.59787859692,987774,4308,4,"2-1-1"
11371.299114789887,987773,4309,1,"1"
11415.211943731658,987772,4310,1,"1"
11420.551051409328,987771,4311,1,"1"
11421.638273693157,987757,4325,1,"1"
11448.561518729806,987756,4326,1,"1"
11489.567530988958,987751,4331,1,"1"
11497.046268805698,987733,4349,1,"1"
11505.738553201078,987715,4367,1,"1"
11521.863706008977,987697,4385,1,"1"
11530.863071992246,987679,4403,1,"1"
11535.858536849508,987677,4405,2,"2"
11541.397209521143,987675,4407,2,"2"
11561.104018591654,987674,4408,1,"1"
11563.124781542172,987673,4409,1,"1"
11581.161094904688,987672,4410,1,"1"
11595.274752927729,987670,4412,2,"2"
11607.404152310577,987669,4413,1,"1"
11615.694071993785,987651,4431,1,"1"
11615.814496337191,987633,4449,1,"1"
11648.228575450008,987622,4460,1,"1"
11653.041446843272,987621,4461,1,"1"
11656.619513529169,987620,4462,1,"1"
11657.058958681047,987618,4464,2,"1-1"
11663.705635849998,987617,4465,1,"1"
11665.559086705722,987615,4467,2,"2"
11685.630744016915,987597,4485,1,"1"
11693.984388397292,987596,4486,1,"1"
11739.447243120005,987578,4504,1,"1"
11746.815300040485,987577,4505,1,"1"
11767.484711562198,987559,4523,1,"1"
11785.304015474399,987558,4524,1,"1"
11787.44040196379,987557,4525,1,"1"
11801.526560527504,987555,4527,2,"1-1"
11809.729358244816,987537,4545,1,"1"
11811.766988716256,987527,4555,1,"1"
11816.12296201909,987518,4564,3,"2-1"
11845.341007511377,987516,4566,2,"2"
11847.470906122566,987515,4567,1,"1"
11848.011870499697,987514,4568,1,"1"
11854.982795435701,987496,4586,1,"1"
11860.268418673413,987478,4604,1,"1"
11872.455927371735,987477,4605,1,"1"
11879.993996023139,987476,4606,1,"1"
11883.489194922273,987474,4608,2,"2"
11889.449405192163,987473,4609,1,"1"
11896.502833418817,987455,4627,1,"1"
11899.129027398407,987454,4628,1,"1"
11904.467979001407,987436,4646,1,"1"
11932.018450403648,987434,4648,2,"2"
11932.418233973598,987421,4661,1,"1"
11936.110643890144,987403,4679,1,"1"
11938.083666924695,987385,4697,1,"1"
11938.486017681062,987375,4707,1,"1"
11949.302561251576,987365,4717,1,"1"
11954.466276516368,987349,4733,4,"3-1"
11962.93325459368,987348,4734,1,"1"
11972.058808133354,987347,4735,1,"1"
12013.526532435952,987344,4738,1,"1"
12033.910752927093,987330,4752,1,"1"
12037.711114191361,987328,4754,2,"1-1"
12050.331506246643,987310,4772,1,"1"
12059.362048121118,987309,4773,1,"1"
12064.403969722289,987305,4777,4,"3-1"
12072.250223732208,987287,4795,1,"1"
12082.176889760709,987286,4796,1,"1"
12085.494329754058,987283,4799,1,"1"
12092.775381867796,987282,4800,1,"1"
12101.666965613882,987281,4801,1,"1"
12108.272554114434,987280,4802,1,"1"
12112.006045579563,987262,4820,1,"1"
12115.236473737748,987244,4838,1,"1"
12119.145207698002,987243,4839,1,"1"
12120.082919208864,987241,4841,2,"2"
12134.17623767543,987240,4842,1,"1"
12148.170988617891,987239,4843,1,"1"
12149.386083567955,987221,4861,1,"1"
12151.204518769675,987203,4879,1,"1"
12165.362400154501,987185,4897,1,"1"
12172.109614353587,987184,4898,1,"1"
12183.294108074319,987166,4916,1,"1"
12183.466236862298,987148,4934,1,"1"
12187.871083355631,987147,4935,1,"1"
12188.071786839408,987129,4953,1,"1"
12195.424456934177,987127,4955,2,"2"
12210.080281748396,987109,4973,1,"1"
12218.342849142922,987091,4991,1,"1"
12237.312378613287,987065,5017,2,"1-1"
12243.957753633762,987041,5041,2,"2"
12272.907373600658,987028,5054,1,"1"
12273.925221452046,987027,5055,1,"1"
12282.894693087763,987007,5075,4,"2-2"
12287.214216291472,986994,5088,1,"1"
12287.923782299617,986993,5089,1,"1"
12306.891952286498,986983,5099,1,"1"
12348.094190913445,986982,5100,1,"1"
12361.364657582913,986980,5102,2,"1-1"
12369.062629909651,986979,5103,1,"1"
12371.670097740845,986974,5108,1,"1"
12384.882744720553,986973,5109,1,"1"
12391.717876429529,986970,5112,3,"1-1-1"
12405.634286391462,986952,5130,1,"1"
12428.433882150201,986950,5132,2,"1-1"
12445.441033324309,986949,5133,1,"1"
12446.372239342661,986948,5134,1,"1"
12447.207938321935,986946,5136,2,"2"
12464.434720425761,986945,5137,1,"1"
12464.899508492434,986944,5138,1,"1"
12467.77486224946,986941,5141,3,"2-1"
12474.552120951212,986928,5154,1,"1"
12500.348210602597,986927,5155,1,"1"
12511.808027906871,986922,5160,1,"1"
12511.844501957647,986921,5161,1,"1"
12519.329669716128,986897,5185,2,"2"
12523.566220665329,986896,5186,1,"1"
12524.530930927969,986895,5187,1,"1"
12533.507628251946,986893,5189,2,"2"
12534.359176649305,986892,5190,1,"1"
12538.492976900061,986887,5195,3,"1-1-1"
12543.759452421396,986885,5197,2,"1-1"
12545.156391343013,986876,5206,1,"1"
12568.395640391891,986858,5224,1,"1"
12614.893340412125,986843,5239,5,"5"
12624.042962949601,986825,5257,1,"1"
12629.473102934042,986820,5262,5,"2-1-1-1"
12631.259174666166,986818,5264,2,"1-1"
12643.538241627984,986800,5282,1,"1"
12646.590669220155,986782,5300,1,"1"
12658.088268009855,986764,5318,1,"1"
12669.9696850277,986746,5336,1,"1"
12686.298190287356,986741,5341,1,"1"
12705.209799783912,986740,5342,1,"1"
12726.903534725854,986722,5360,1,"1"
12753.509094043984,986713,5369,1,"1"
12758.472186038684,986703,5379,1,"1"
12784.123935144606,986685,5397,1,"1"
12791.26349574296,986675,5407,1,"1"
12797.298759848303,986647,5435,2,"2"
12800.403644645578,986638,5444,1,"1"
12809.589227994522,986628,5454,1,"1"
12820.535455083073,986610,5472,1,"1"
12834.998789158632,986596,5486,1,"1"
12839.941324191055,986578,5504,1,"1"
12843.601798096117,986560,5522,1,"1"
12866.322575030848,986557,5525,1,"1"
12899.362815444934,986539,5543,1,"1"
12961.924954566075,986521,5561,1,"1"
12969.40051651224,986503,5579,1,"1"
12981.583437009245,986500,5582,1,"1"
12985.939683262244,986482,5600,1,"1"
13000.330292769859,986464,5618,1,"1"
13004.154143861662,986463,5619,1,"1"
13039.448468400036,986445,5637,1,"1"
13058.782474993677,986427,5655,1,"1"
13092.923458265914,986409,5673,1,"1"
13096.603022256835,986391,5691,1,"1"
13110.593414589832,986378,5704,1,"1"
13130.297094297912,986377,5705,1,"1"
13173.517149051111,986359,5723,1,"1"
13174.867775390796,986339,5743,2,"2"
13259.106051479315,986329,5753,1,"1"
13263.98876343773,986311,5771,1,"1"
13280.68142452376,986306,5776,1,"1"
13301.043209568317,986288,5794,1,"1"
13309.421954504554,986270,5812,1,"1"
13332.908448800716,986261,5821,1,"1"
13343.084479875577,986243,5839,1,"1"
13344.907429535864,986233,5849,1,"1"
13348.562623622769,986215,5867,1,"1"
13354.52374341701,986197,5885,1,"1"
13392.997878412258,986179,5903,1,"1"
13397.340475084082,986169,5913,2,"2"
13401.092913037817,986151,5931,1,"1"
13404.266683498532,986133,5949,1,"1"
13427.034049199214,986115,5967,1,"1"
13440.765682717894,986097,5985,1,"1"
13446.38728672567,986087,5995,1,"1"
13464.492725520739,986082,6000,1,"1"
13466.389656811833,986079,6003,1,"1"
13563.306317714163,986061,6021,1,"1"
13592.822674345956,986043,6039,1,"1"
13645.614220311103,986025,6057,1,"1"
13672.416688511576,986011,6071,1,"1"
13676.746117360583,985993,6089,1,"1"
13720.915809613593,985975,6107,1,"1"
13725.081442570168,985957,6125,1,"1"
13746.055489389437,985891,6191,5,"4-1"
13760.361235876042,985873,6209,1,"1"
13764.740978445219,985855,6227,1,"1"
13777.697360468934,985837,6245,1,"1"
13782.124164564371,985817,6265,2,"2"
13798.615494037549,985799,6283,1,"1"
13810.246032919862,985781,6301,1,"1"
13817.223954678309,985776,6306,1,"1"
13833.554156025995,985762,6320,2,"2"
13844.538957311617,985744,6338,1,"1"
13855.24907251241,985706,6376,3,"2-1"
13865.728447286707,985696,6386,1,"1"
13898.847631379367,985686,6396,1,"1"
13908.432178486766,985668,6414,1,"1"
13914.352877507294,985654,6428,1,"1"
13928.576494626526,985644,6438,2,"2"
13932.423597774474,985626,6456,1,"1"
13943.830911578758,985621,6461,1,"1"
13947.514025203851,985611,6471,1,"1"
13954.712550220649,985601,6481,1,"1"
13987.14817712757,985596,6486,1,"1"
13989.138748883697,985578,6504,1,"1"
14007.145431117584,985560,6522,1,"1"
14045.389127491761,985555,6527,1,"1"
14109.51594741215,985545,6537,4,"3-1"
14138.199920487283,985527,6555,1,"1"
14151.787725277145,985509,6573,1,"1"
14156.562022909353,985491,6591,1,"1"
14156.824532489691,985473,6609,1,"1"
14168.902734377407,985455,6627,1,"1"
14174.875450772506,985452,6630,1,"1"
14189.520198188222,985416,6666,2,"2"
14198.120566698037,985398,6684,1,"1"
14207.466056807876,985380,6702,1,"1"
14223.341658198042,985379,6703,1,"1"
14235.870353233817,985376,6706,1,"1"
14249.610561777949,985358,6724,1,"1"
14285.237996359976,985340,6742,1,"1"
14287.26779884206,985335,6747,1,"1"
14319.180803618747,985321,6761,1,"1"
14338.234566520037,985319,6763,2,"2"
14372.708891298756,985314,6768,1,"1"
14373.152728994293,985305,6777,1,"1"
14381.668367211816,985291,6791,1,"1"
14394.352196472752,985273,6809,1,"1"
14398.207645342589,985255,6827,1,"1"
14405.814939214972,985245,6837,2,"2"
14411.220353604129,985235,6847,2,"2"
14417.534743925909,985226,6856,1,"1"
14419.302789869538,985191,6891,2,"1-1"
14443.311213276873,985173,6909,1,"1"
14451.383532991098,985155,6927,2,"2"
14462.89179340032,985146,6936,1,"1"
14493.325548712544,985145,6937,1,"1"
14506.586166088835,985135,6947,1,"1"
14506.646231288863,985122,6960,1,"1"
14518.640503647388,985112,6970,1,"1"
14550.597852089397,985105,6977,3,"1-1-1"
14553.629511884497,985087,6995,1,"1"
14566.518459518678,985077,7005,1,"1"
14573.140184366495,985053,7029,2,"1-1"
14583.181374826905,985035,7047,1,"1"
14604.303764597267,985017,7065,1,"1"
14619.612347807059,985012,7070,1,"1"
14623.743878321757,985007,7075,1,"1"
14649.218750495969,984989,7093,1,"1"
14649.711156344643,984971,7111,1,"1"
14659.251949940362,984953,7129,1,"1"
14677.849611237772,984935,7147,1,"1"
14695.702956312407,984917,7165,1,"1"
14709.835801352805,984914,7168,1,"1"
14723.751849875927,984900,7182,1,"1"
14725.260157464154,984886,7196,1,"1"
14725.99726505881,984885,7197,1,"1"
14729.897751793607,984867,7215,1,"1"
14731.315790005166,984849,7233,1,"1"
14731.551575607982,984831,7251,1,"1"
14760.652285118547,984823,7259,2,"1-1"
14762.07025985226,984813,7269,2,"2"
14821.732870417234,984793,7289,2,"2"
14827.498669012764,984790,7292,1,"1"
14900.46850280951,984754,7328,2,"2"
14944.748476440938,984736,7346,1,"1"
14975.853419631461,984718,7364,1,"1"
14978.34350220218,984715,7367,1,"1"
14989.051060525628,984705,7377,1,"1"
14993.028232808265,984687,7395,1,"1"
15006.22014037501,984678,7404,1,"1"
15013.502492579801,984660,7422,1,"1"
15058.2730886553,984645,7437,5,"3-2"
15092.544751375541,984627,7455,1,"1"
15099.163153026038,984609,7473,1,"1"
15101.208834252117,984600,7482,1,"1"
15115.825814863147,984582,7500,1,"1"
15131.764955116216,984564,7518,1,"1"
15141.709418480112,984563,7519,1,"1"
15207.925794147723,984545,7537,1,"1"
15227.970457551946,984491,7591,3,"3"
15244.826826121569,984486,7596,1,"1"
15250.021278430308,984473,7609,3,"3"
15259.837540111315,984471,7611,2,"2"
15271.092308685316,984453,7629,1,"1"
15282.924865262999,984443,7639,1,"1"
15290.200395015958,984427,7655,2,"1-1"
15314.573355755201,984414,7668,1,"1"
15322.110009580207,984396,7686,1,"1"
15322.192158467507,984378,7704,1,"1"
15334.083143704091,984375,7707,1,"1"
15362.256114050013,984365,7717,1,"1"
15367.901407170488,984347,7735,1,"1"
15408.262002697706,984338,7744,1,"1"
15421.633396183579,984320,7762,1,"1"
15443.346130576538,984309,7773,3,"1-1-1"
15449.43754221659,984289,7793,2,"2"
15492.166170575976,984279,7803,2,"1-1"
15501.304760396435,984261,7821,1,"1"
15554.329098398419,984243,7839,1,"1"
15564.176821823692,984225,7857,1,"1"
15570.554775433066,984205,7877,4,"4"
15642.398157090276,984202,7880,1,"1"
15644.694321991947,984197,7885,1,"1"
15649.697547082173,984179,7903,1,"1"
15651.13124188099,984174,7908,1,"1"
15657.38529067034,984156,7926,1,"1"
15659.796408456834,984151,7931,1,"1"
15660.608302182567,984133,7949,1,"1"
15661.618727257555,984132,7950,1,"1"
15662.264003553069,984127,7955,1,"1"
15665.088401518833,984109,7973,1,"1"
15724.074683706329,984099,7983,1,"1"
15728.190150185264,984081,8001,1,"1"
15741.883078652771,984078,8004,1,"1"
15807.344988099514,984073,8009,1,"1"
15824.007037859377,984064,8018,1,"1"
15831.050097117393,984046,8036,1,"1"
15831.832375300382,984036,8046,1,"1"
15841.195853562318,984031,8051,1,"1"
15864.183444369664,984013,8069,1,"1"
15866.313297278215,984008,8074,1,"1"
15869.565601555852,983990,8092,1,"1"
15872.495159417027,983972,8110,1,"1"
15885.759309663265,983936,8146,2,"1-1"
15893.524796578173,983931,8151,1,"1"
15900.259569725858,983918,8164,1,"1"
16004.42927575646,983900,8182,1,"1"
16010.344949279584,983882,8200,1,"1"
16013.714275630804,983846,8236,2,"1-1"
16015.495694831423,983821,8261,5,"4-1"
16017.448782716003,983810,8272,1,"1"
16039.363803399423,983782,8300,2,"2"
16040.200427326512,983759,8323,2,"1-1"
16041.263826559212,983741,8341,1,"1"
16046.318568144898,983736,8346,1,"1"
16092.67950345632,983718,8364,1,"1"
16096.362788893917,983713,8369,1,"1"
16123.969642714172,983695,8387,1,"1"
16128.521602023211,983649,8433,3,"3"
16129.228755109112,983631,8451,1,"1"
16144.717723943975,983613,8469,1,"1"
16149.297322362841,983610,8472,1,"1"
16157.646352593843,983592,8490,1,"1"
16179.239105648647,983574,8508,1,"1"
16179.955041729399,983564,8518,2,"2"
16206.579740265168,983546,8536,1,"1"
16217.890559698071,983531,8551,1,"1"
16223.284676349589,983513,8569,1,"1"
16233.657519440241,983504,8578,1,"1"
16238.149152997972,983494,8588,1,"1"
16240.211868845547,983481,8601,1,"1"
16257.314734975163,983463,8619,1,"1"
16284.080392326463,983445,8637,1,"1"
16291.195875336287,983427,8655,1,"1"
16292.370343342152,983426,8656,1,"1"
16302.310426455762,983408,8674,1,"1"
16334.880601526558,983390,8692,1,"1"
16345.423404365665,983387,8695,1,"1"
16353.105343021009,983377,8705,2,"2"
16363.39088664562,983359,8723,1,"1"
16408.049946049076,983341,8741,1,"1"
16420.874729829597,983336,8746,1,"1"
16449.226569783634,983327,8755,1,"1"
16487.847335644525,983317,8765,2,"2"
16500.087376768639,983312,8770,1,"1"
16530.819319845163,983307,8775,1,"1"
16535.040978028323,983304,8778,1,"1"
16543.874718196887,983252,8830,4,"3-1"
16549.230406853389,983242,8840,1,"1"
16557.315180336816,983228,8854,1,"1"
16583.306060628529,983210,8872,1,"1"
16646.022357627713,983192,8890,1,"1"
16662.88312945301,983174,8908,1,"1"
16671.81699094173,983137,8945,4,"3-1"
16674.130247201258,983119,8963,1,"1"
16675.593571748341,983114,8968,1,"1"
16701.531376604045,983101,8981,1,"1"
16724.924369347944,983083,8999,1,"1"
16729.736746008908,983078,9004,1,"1"
16734.48976748827,983060,9022,1,"1"
16758.427866960508,983055,9027,1,"1"
16766.598858407331,983048,9034,1,"1"
16767.003612640805,983043,9039,1,"1"
16784.414631233118,983038,9044,1,"1"
16823.155390953008,983020,9062,1,"1"
16836.87023736956,983002,9080,1,"1"
16892.971867196495,982984,9098,1,"1"
16894.62326876869,982966,9116,1,"1"
16901.359601742162,982948,9134,1,"1"
16902.988574259583,982938,9144,1,"1"
16904.659093759288,982920,9162,1,"1"
16914.38843291915,982917,9165,1,"1"
16926.996308932852,982899,9183,1,"1"
16941.454539835515,982894,9188,1,"1"
17027.051512496113,982889,9193,1,"1"
17033.065238873955,982871,9211,1,"1"
17087.652476004754,982866,9216,1,"1"
17093.266197328088,982848,9234,1,"1"
17095.583498448639,982843,9239,1,"1"
17115.09885674464,982824,9258,3,"2-1"
17134.674225192186,982806,9276,1,"1"
17162.102764721138,982801,9281,1,"1"
17168.06725751995,982783,9299,1,"1"
17178.401580721747,982765,9317,1,"1"
17205.868713287338,982747,9335,1,"1"
17227.841111379905,982729,9353,1,"1"
17236.364626712584,982707,9375,2,"2"
17265.639847039296,982692,9390,3,"3"
17268.626530694972,982687,9395,1,"1"
17270.676113894773,982673,9409,1,"1"
17273.13903176396,982655,9427,1,"1"
17319.938608926324,982645,9437,1,"1"
17337.042500180731,982627,9455,1,"1"
17360.122210020669,982609,9473,1,"1"
17367.849036765529,982599,9483,2,"2"
17402.016210375255,982589,9493,2,"2"
17409.469320415319,982571,9511,1,"1"
17409.997099602529,982553,9529,1,"1"
17436.147928097689,982535,9547,1,"1"
17439.307349293176,982517,9565,1,"1"
17444.614942419757,982507,9575,1,"1"
17454.027949541371,982493,9589,1,"1"
17461.048580555667,982475,9607,1,"1"
17475.405533845067,982457,9625,1,"1"
17487.870384394966,982448,9634,1,"1"
17489.84316507593,982430,9652,1,"1"
17508.633127249585,982425,9657,1,"1"
17536.632173061236,982411,9671,1,"1"
17537.168343257279,982401,9681,1,"1"
17538.937288316025,982396,9686,1,"1"
17542.752168906904,982378,9704,1,"1"
17554.240234380457,982360,9722,1,"1"
17557.278207869982,982342,9740,1,"1"
17585.414445115519,982324,9758,1,"1"
17610.519124368366,982301,9781,2,"1-1"
17628.826678620055,982283,9799,1,"1"
17629.793402590316,982265,9817,1,"1"
17633.365562798972,982247,9835,1,"1"
17636.622855447687,982209,9873,3,"2-1"
17660.184998521356,982195,9887,2,"1-1"
17663.437747208573,982185,9897,1,"1"
17677.397165580955,982167,9915,1,"1"
17696.776038362088,982160,9922,1,"1"
17706.717870961449,982157,9925,1,"1"
17746.849497630166,982139,9943,1,"1"
17768.658458622493,982121,9961,1,"1"
17789.907248435091,982111,9971,1,"1"
17825.503925134784,982083,9999,3,"3"
17837.817049188328,982073,10009,2,"2"
17863.630648638391,982055,10027,1,"1"
17889.862008553071,982045,10037,1,"1"
17902.626331629275,982027,10055,1,"1"
17907.82166824074,982009,10073,1,"1"
17913.222905484974,981991,10091,1,"1"
17927.316477817865,981973,10109,1,"1"
17929.235551351001,981955,10127,1,"1"
17929.564529795796,981950,10132,1,"1"
17930.392146483478,981932,10150,1,"1"
17971.668500730371,981914,10168,1,"1"
17994.911618937203,981896,10186,1,"1"
18010.298130104969,981882,10200,1,"1"
18021.636000815706,981877,10205,1,"1"
18048.179088640609,981859,10223,1,"1"
18050.115931135137,981854,10228,1,"1"
18088.844292546499,981836,10246,1,"1"
18089.730227392945,981818,10264,1,"1"
18103.123569776566,981808,10274,1,"1"
18108.043676979571,981805,10277,1,"1"
18137.851775120762,981787,10295,1,"1"
18180.69887930432,981777,10305,1,"1"
18184.132190129545,981772,10310,1,"1"
18211.318895866894,981762,10320,1,"1"
18215.424467833229,981744,10338,1,"1"
18221.174103695841,981726,10356,1,"1"
18234.413777702375,981721,10361,1,"1"
18269.186696746165,981675,10407,3,"3"
18281.63819233474,981657,10425,1,"1"
18289.248208595931,981639,10443,1,"1"
18292.598090182033,981633,10449,2,"2"
18296.749899998191,981605,10477,4,"4"
18296.751817464312,981600,10482,1,"1"
18310.296756666128,981582,10500,1,"1"
18311.156342188497,981579,10503,1,"1"
18312.098694792461,981574,10508,1,"1"
18316.028974600038,981556,10526,1,"1"
18323.302111642461,981538,10544,1,"1"
18350.661901700103,981533,10549,1,"1"
18358.201401351143,981528,10554,1,"1"
18388.599575994624,981510,10572,1,"1"
18398.180276219784,981507,10575,1,"1"
18401.473088407987,981489,10593,1,"1"
18406.766503404098,981473,10609,1,"1"
18409.511176096938,981455,10627,1,"1"
18417.518770987983,981438,10644,1,"1"
18418.58203878723,981420,10662,1,"1"
18426.369316149347,981402,10680,1,"1"
18435.677407230771,981366,10716,2,"2"
18439.325600227756,981328,10754,3,"2-1"
18444.103111612098,981310,10772,1,"1"
18451.194934965624,981274,10808,2,"2"
18483.210403331774,981256,10826,1,"1"
18484.068484104126,981220,10862,2,"2"
18484.323255484687,981197,10885,2,"1-1"
18486.938919387143,981183,10899,1,"1"
18495.993249018964,981178,10904,1,"1"
18518.555506414647,981173,10909,1,"1"
18525.954037883632,981168,10914,1,"1"
18569.329137679433,981150,10932,1,"1"
18570.329482045167,981141,10941,1,"1"
18570.611352715256,981105,10977,2,"1-1"
18572.337476966586,981100,10982,1,"1"
18585.512056554348,981090,10992,1,"1"
18602.372803948354,981072,11010,1,"1"
18609.009016167409,981067,11015,1,"1"
18611.17366724298,981062,11020,1,"1"
18612.510927817788,981044,11038,1,"1"
18617.392829920984,981035,11047,1,"1"
18637.40094415921,981017,11065,1,"1"
18654.004045851798,980983,11099,3,"2-1"
18657.890515606621,980978,11104,1,"1"
18657.970061836317,980960,11122,1,"1"
18663.783389932851,980942,11140,1,"1"
18666.690981384472,980924,11158,1,"1"
18711.391496954126,980906,11176,1,"1"
18717.867249892457,980896,11186,2,"1-1"
18733.547472191327,980878,11204,1,"1"
18747.984828452456,980873,11209,1,"1"
18750.576384627802,980864,11218,1,"1"
18751.297893746942,980838,11244,2,"1-1"
18752.536088294801,980830,11252,2,"1-1"
18763.385029216795,980812,11270,1,"1"
18769.966774527195,980794,11288,1,"1"
18780.104347482207,980776,11306,1,"1"
18780.901432949264,980766,11316,1,"1"
18781.185099526836,980756,11326,2,"2"
18786.521943367941,980720,11362,2,"2"
18787.056780605872,980702,11380,1,"1"
18795.777880314079,980684,11398,1,"1"
18811.436079217121,980666,11416,1,"1"
18814.675822971916,980656,11426,1,"1"
18831.912381803424,980638,11444,1,"1"
18846.816036708984,980620,11462,1,"1"
18850.002587780102,980602,11480,1,"1"
18855.689098758812,980584,11498,1,"1"
18858.074909207535,980566,11516,1,"1"
18865.17366354691,980561,11521,1,"1"
18869.262500265708,980543,11539,1,"1"
18871.372035925233,980525,11557,1,"1"
18898.897535020471,980507,11575,1,"1"
18906.577184182355,980489,11593,1,"1"
18938.571497758516,980471,11611,1,"1"
18972.288455255319,980453,11629,1,"1"
18976.789637432219,980435,11647,1,"1"
19020.119197464584,980425,11657,1,"1"
19026.592784057801,980407,11675,1,"1"
19027.537280525132,980389,11693,1,"1"
19043.908507080574,980371,11711,1,"1"
19100.834140865038,980353,11729,1,"1"
19111.264070976456,980335,11747,1,"1"
19137.592818760266,980317,11765,1,"1"
19151.323095724543,980307,11775,1,"1"
19160.461730164105,980289,11793,1,"1"
19165.823126390405,980284,11798,1,"1"
19172.153631712601,980274,11808,2,"2"
19200.547250746204,980256,11826,1,"1"
19212.211861229771,980238,11844,1,"1"
19254.169254233901,980220,11862,1,"1"
19263.829793858386,980215,11867,1,"1"
19275.077668701051,980210,11872,1,"1"
19279.842733673981,980184,11898,2,"1-1"
19291.001069506761,980174,11908,1,"1"
19303.835725448393,980156,11926,1,"1"
19304.242653872116,980146,11936,2,"2"
19311.470135992768,980138,11944,2,"2"
19321.889398836542,980120,11962,1,"1"
19323.405815962709,980117,11965,1,"1"
19326.978600850402,980099,11983,1,"1"
19346.133535394762,980081,12001,1,"1"
19346.296062473877,980063,12019,1,"1"
19351.807378626589,980058,12024,1,"1"
19371.188098981864,980044,12038,2,"2"
19387.61732940712,980031,12051,1,"1"
19388.552400938232,979999,12083,2,"2"
19393.625738526862,979990,12092,1,"1"
19430.895463608202,979985,12097,1,"1"
19442.428855931648,979967,12115,1,"1"
19491.967114264462,979949,12133,1,"1"
19502.669030850757,979944,12138,1,"1"
19534.38714284094,979939,12143,1,"1"
19554.103317369398,979929,12153,1,"1"
19560.537428896085,979911,12171,1,"1"
19599.107593804798,979898,12184,1,"1"
19601.681610404383,979888,12194,1,"1"
19614.783841359265,979861,12221,2,"2"
19662.814649253298,979843,12239,1,"1"
19691.466014147893,979825,12257,1,"1"
19691.640507659529,979820,12262,1,"1"
19701.407588500024,979802,12280,1,"1"
19718.300145227404,979797,12285,1,"1"
19742.864466719151,979779,12303,1,"1"
19744.253364691376,979761,12321,1,"1"
19747.642162918917,979751,12331,1,"1"
19755.969964778022,979736,12346,3,"3"
19760.548428793696,979718,12364,2,"2"
19762.150857385655,979700,12382,1,"1"
19780.584242462472,979697,12385,1,"1"
19794.896242914492,979687,12395,1,"1"
19824.718784256453,979669,12413,1,"1"
19826.422635036768,979633,12449,2,"1-1"
19834.085550011092,979627,12455,2,"2"
19840.45922444361,979609,12473,1,"1"
19849.061594662318,979591,12491,1,"1"
19859.395655120963,979586,12496,1,"1"
19868.261263045941,979568,12514,1,"1"
19871.221778688319,979550,12532,1,"1"
19891.060902041223,979532,12550,1,"1"
19892.302305403839,979514,12568,1,"1"
19912.413503497606,979496,12586,2,"2"
19918.581058019954,979478,12604,1,"1"
19925.059029015189,979473,12609,1,"1"
19932.334727970363,979455,12627,1,"1"
19945.166765100359,979450,12632,1,"1"
19950.603903801559,979436,12646,1,"1"
19991.775582199723,979418,12664,1,"1"
20013.423796736985,979413,12669,1,"1"
20036.523056215985,979395,12687,1,"1"
20053.100794757811,979377,12705,1,"1"
20053.144314804125,979372,12710,1,"1"
20077.630323306559,979358,12724,1,"1"
20082.180792022587,979333,12749,5,"3-2"
20105.213093966082,979328,12754,1,"1"
20122.525257161546,979310,12772,1,"1"
20132.914799581398,979292,12790,1,"1"
20138.801806088042,979286,12796,2,"2"
20153.533870131098,979276,12806,1,"1"
20154.946072261919,979267,12815,1,"1"
20163.407978594754,979249,12833,1,"1"
20188.961177809917,979189,12893,7,"2-2-2-1"
20191.514803156057,979184,12898,1,"1"
20194.896818561079,979179,12903,1,"1"
20209.478989483672,979161,12921,1,"1"
20241.043299257341,979158,12924,1,"1"
20243.100777380012,979140,12942,1,"1"
20245.894952040373,979130,12952,2,"2"
20253.12028114526,979123,12959,1,"1"
20290.88811523945,979120,12962,1,"1"
20311.794202329937,979108,12974,1,"1"
20320.313827608526,979090,12992,1,"1"
20349.898437017735,979076,13006,2,"2"
20352.636249227631,979058,13024,1,"1"
20357.656851139451,979040,13042,1,"1"
20359.416493938326,979022,13060,1,"1"
20364.493082797118,979017,13065,1,"1"
20371.472378219692,978999,13083,1,"1"
20379.901491549623,978981,13101,1,"1"
20385.485899642936,978972,13110,1,"1"
20397.976989687068,978963,13119,1,"1"
20403.215259838697,978945,13137,1,"1"
20412.052104492032,978931,13151,2,"2"
20422.796209598764,978913,13169,1,"1"
20426.280364463022,978895,13187,1,"1"
20436.36024585662,978881,13201,2,"2"
20436.404485289611,978863,13219,1,"1"
20450.422376462317,978858,13224,1,"1"
20451.940435637189,978853,13229,1,"1"
20476.787701819601,978841,13241,4,"3-1"
20481.950787956848,978823,13259,1,"1"
20492.551630531343,978805,13277,1,"1"
20492.760287616551,978800,13282,1,"1"
20494.136273760716,978782,13300,1,"1"
20510.199343805198,978764,13318,1,"1"
20519.709707454036,978746,13336,1,"1"
20531.862663499134,978736,13346,1,"1"
20538.700899016909,978731,13351,1,"1"
20544.545227870254,978713,13369,1,"1"
20545.959670747856,978695,13387,1,"1"
20548.728150418996,978690,13392,1,"1"
20588.852380657216,978672,13410,1,"1"
20593.037794352244,978667,13415,1,"1"
20597.418163816383,978657,13425,1,"1"
20615.161897403614,978639,13443,1,"1"
20623.912080576443,978634,13448,1,"1"
20626.603618543522,978626,13456,2,"2"
20652.539277700565,978621,13461,1,"1"
20657.883814154517,978603,13479,1,"1"
20660.993020249691,978585,13497,1,"1"
20667.813285266562,978571,13511,1,"1"
20680.274112978175,978566,13516,1,"1"
20687.80855494698,978548,13534,1,"1"
20694.290537267705,978534,13548,2,"1-1"
20695.516634779873,978494,13588,4,"2-1-1"
20706.259909397078,978476,13606,1,"1"
20725.276242194064,978462,13620,1,"1"
20732.201515303452,978452,13630,1,"1"
20733.678546056111,978434,13648,1,"1"
20736.554806012078,978431,13651,1,"1"
20736.853217273052,978413,13669,1,"1"
20741.041139425059,978395,13687,1,"1"
20756.156973158886,978378,13704,1,"1"
20759.146660974249,978360,13722,1,"1"
20764.948212158677,978342,13740,1,"1"
20768.696075920532,978324,13758,1,"1"
20776.414431136931,978314,13768,1,"1"
20776.851568588965,978311,13771,1,"1"
20782.376937243134,978302,13780,1,"1"
20791.527380034946,978284,13798,1,"1"
20810.468505552417,978271,13811,1,"1"
20827.976865468456,978253,13829,1,"1"
20831.547667190483,978235,13847,1,"1"
20848.622830128264,978217,13865,1,"1"
20854.213708709383,978212,13870,1,"1"
20861.848173395749,978194,13888,1,"1"
20863.704507310249,978189,13893,1,"1"
20866.340749838157,978145,13937,4,"1-1-1-1"
20890.521257494813,978135,13947,1,"1"
20892.432317914219,978117,13965,1,"1"
20896.764550122713,978099,13983,1,"1"
20912.580291442842,978081,14001,1,"1"
20915.98827743081,978063,14019,1,"1"
20947.795925519975,978049,14033,2,"2"
20951.662833093993,978039,14043,1,"1"
20959.082561110459,978021,14061,1,"1"
20965.531766474927,978016,14066,1,"1"
20968.775288325145,977998,14084,1,"1"
20975.520518411755,977993,14089,1,"1"
20991.731938038545,977990,14092,1,"1"
21009.246325290726,977977,14105,1,"1"
21014.755223598844,977967,14115,1,"1"
21016.210516460622,977949,14133,1,"1"
21023.420040541791,977931,14151,1,"1"
21031.7816662484,977913,14169,1,"1"
21035.233818131543,977910,14172,1,"1"
21035.542415973639,977900,14182,2,"1-1"
21049.505704460862,977882,14200,1,"1"
21092.153336491305,977841,14241,9,"4-2-2-1"
21096.633751616198,977823,14259,1,"1"
21106.085068283621,977813,14269,1,"1"
21123.981980068544,977803,14279,1,"1"
21127.969150499648,977776,14306,3,"1-1-1"
21130.403383784243,977756,14326,2,"1-1"
21153.804051350435,977746,14336,1,"1"
21157.514616226115,977728,14354,1,"1"
21175.100797721399,977723,14359,1,"1"
21181.42340139328,977645,14437,7,"4-2-1"
21191.435206029219,977627,14455,1,"1"
21196.20368219832,977622,14460,1,"1"
21201.381490442986,977610,14472,2,"2"
21203.795124210184,977592,14490,1,"1"
21209.907871890533,977556,14526,2,"1-1"
21223.475321701069,977546,14536,1,"1"
21225.17425222183,977528,14554,1,"1"
21230.188054106395,977506,14576,2,"1-1"
21253.968363199128,977488,14594,1,"1"
21271.67205296666,977452,14630,2,"2"
21276.404430266612,977447,14635,1,"1"
21302.577945157129,977426,14656,3,"3"
21306.849220022417,977413,14669,1,"1"
21316.850423680426,977395,14687,1,"1"
21326.197509993788,977377,14705,1,"1"
21336.435008556327,977368,14714,1,"1"
21350.247889479982,977328,14754,3,"2-1"
21352.39760793875,977310,14772,1,"1"
21365.43837168605,977292,14790,1,"1"
21366.074197583323,977287,14795,1,"1"
21409.316667319079,977278,14804,1,"1"
21410.580681167128,977260,14822,1,"1"
21417.890045148197,977246,14836,2,"2"
21440.02956216902,977232,14850,1,"1"
21476.772006404524,977223,14859,1,"1"
21477.500467384136,977205,14877,1,"1"
21509.163461267231,977187,14895,1,"1"
21509.63092453804,977169,14913,1,"1"
21509.90176679903,977164,14918,1,"1"
21528.763508343021,977146,14936,1,"1"
21529.141865367958,977137,14945,1,"1"
21541.746589451905,977127,14955,2,"2"
21543.871609194397,977117,14965,2,"1-1"
21555.013418185223,977099,14983,1,"1"
21563.093708913777,977081,15001,1,"1"
21566.186493251167,977063,15019,1,"1"
21566.646610696713,977058,15024,1,"1"
21624.858361716157,977040,15042,1,"1"
21629.117019147961,977022,15060,1,"1"
21644.461386565588,977004,15078,1,"1"
21645.188913338014,976984,15098,2,"1-1"
21651.27055422842,976971,15111,1,"1"
21678.741466576768,976953,15129,1,"1"
21683.686503516448,976935,15147,1,"1"
21695.122207554654,976930,15152,1,"1"
21728.449378772297,976894,15188,2,"2"
21734.659301076284,976876,15206,1,"1"
21752.024834975182,976858,15224,1,"1"
21768.306652575651,976840,15242,1,"1"
21770.80985155762,976822,15260,1,"1"
21774.258227224302,976804,15278,1,"1"
21782.636570637133,976794,15288,1,"1"
21788.735391238904,976760,15322,3,"2-1"
21796.134059527209,976742,15340,1,"1"
21804.030110468655,976724,15358,1,"1"
21815.290307877349,976706,15376,1,"1"
21815.372518375058,976696,15386,2,"2"
21818.795662230663,976686,15396,1,"1"
21848.041863422499,976668,15414,1,"1"
21890.975906477968,976650,15432,1,"1"
21892.791401433737,976640,15442,2,"2"
21899.580369500101,976637,15445,1,"1"
21905.166131798029,976623,15459,1,"1"
21910.389878046732,976605,15477,1,"1"
21915.208232609111,976596,15486,1,"1"
21928.240678711576,976578,15504,1,"1"
21931.22709894523,976573,15509,1,"1"
21934.562026457152,976555,15527,1,"1"
21946.701658061957,976532,15550,3,"3"
21954.656056402695,976514,15568,1,"1"
21968.315376046332,976478,15604,2,"2"
21984.115187516683,976460,15622,1,"1"
21985.581064166472,976442,15640,1,"1"
21995.51693194254,976425,15657,1,"1"
22016.289674724172,976420,15662,1,"1"
22016.391500591672,976411,15671,1,"1"
22047.563370353808,976393,15689,1,"1"
22048.850122762906,976375,15707,1,"1"
22056.545038279775,976357,15725,1,"1"
22065.855068993533,976340,15742,1,"1"
22065.894279793429,976330,15752,2,"1-1"
22071.417544618471,976312,15770,1,"1"
22073.272227090718,976294,15788,1,"1"
22076.10409933771,976291,15791,1,"1"
22094.374650004916,976271,15811,2,"1-1"
22104.032158063852,976253,15829,1,"1"
22111.114385810695,976235,15847,1,"1"
22117.463943981973,976217,15865,1,"1"
22122.081363865651,976214,15868,1,"1"
22126.572419454533,976199,15883,3,"3"
22149.666994690189,976165,15917,6,"6"
22151.038547486729,976151,15931,1,"1"
22155.228429739749,976148,15934,1,"1"
22158.012998557628,976134,15948,1,"1"
22177.450151944035,976116,15966,1,"1"
22181.58395491149,976107,15975,1,"1"
22199.510693242148,976102,15980,1,"1"
22210.019751880787,976084,15998,1,"1"
22220.169819200437,976075,16007,1,"1"
22225.983038817743,976065,16017,2,"2"
22237.998918054411,976047,16035,1,"1"
22247.023166665462,976029,16053,1,"1"
22252.022196454815,975999,16083,3,"2-1"
22255.164513413318,975981,16101,1,"1"
22276.961536612052,975963,16119,1,"1"
22294.557663252828,975950,16132,1,"1"
22312.964877619364,975932,16150,1,"1"
22318.345919820997,975914,16168,1,"1"
22323.166826497254,975884,16198,2,"1-1"
22337.986320056749,975866,16216,1,"1"
22356.007278980818,975848,16234,1,"1"
22361.435147840319,975830,16252,1,"1"
22365.121971870416,975810,16272,2,"1-1"
22367.534755069628,975792,16290,1,"1"
22378.518366371951,975782,16300,1,"1"
22379.361267568882,975777,16305,1,"1"
22391.755959870581,975759,16323,1,"1"
22395.116803988338,975751,16331,2,"1-1"
22412.995673259869,975733,16349,1,"1"
22426.503766696442,975715,16367,1,"1"
22427.311817030935,975679,16403,2,"2"
22440.763752186045,975661,16421,1,"1"
22440.933604486654,975643,16439,1,"1"
22451.415474226778,975625,16457,1,"1"
22452.093744079655,975607,16475,1,"1"
22453.740078387469,975602,16480,1,"1"
22463.143614448629,975589,16493,1,"1"
22497.291876025225,975582,16500,1,"1"
22499.428769700546,975573,16509,1,"1"
22508.68904179036,975563,16519,1,"1"
22531.526537959868,975558,16524,1,"1"
22537.061569673671,975540,16542,1,"1"
22557.575729491906,975522,16560,1,"1"
22563.192999083767,975517,16565,1,"1"
22567.24718529918,975499,16583,1,"1"
22586.005475436545,975488,16594,1,"1"
22595.567991745222,975470,16612,1,"1"
22637.172388457704,975456,16626,1,"1"
22644.479734188546,975438,16644,2,"2"
22657.195426697141,975424,16658,1,"1"
22699.416869743498,975406,16676,1,"1"
22731.611972300096,975401,16681,1,"1"
22739.046007784113,975383,16699,1,"1"
22741.263606679706,975365,16717,1,"1"
22756.974153542749,975347,16735,1,"1"
22763.502401834616,975329,16753,1,"1"
22768.715717242245,975311,16771,1,"1"
22772.613185410697,975293,16789,1,"1"
22782.305326847116,975252,16830,4,"3-1"
22791.356474474807,975234,16848,1,"1"
22797.140187557023,975229,16853,1,"1"
22829.695878167731,975224,16858,1,"1"
22845.363043574798,975206,16876,1,"1"
22857.064335614217,975188,16894,1,"1"
22863.249606018529,975170,16912,1,"1"
22864.11232630234,975152,16930,1,"1"
22887.06283524802,975134,16948,1,"1"
22888.045761726655,975116,16966,1,"1"
22906.734055575958,975054,17028,5,"3-1-1"
22908.56809661513,975036,17046,1,"1"
22913.255204545203,975031,17051,1,"1"
22913.800383213606,975026,17056,1,"1"
22914.384838593793,975012,17070,1,"1"
22935.946512929029,974994,17088,1,"1"
22950.168217912938,974983,17099,1,"1"
22951.367074618065,974947,17135,2,"2"
22960.024439665274,974933,17149,2,"2"
22965.379468364812,974897,17185,2,"2"
22983.981514395375,974879,17203,1,"1"
22992.635426932746,974865,17217,1,"1"
23001.035712789908,974847,17235,1,"1"
23020.622889717288,974829,17253,1,"1"
23023.635327283722,974815,17267,2,"2"
23033.611972845792,974797,17285,1,"1"
23038.245546593378,974779,17303,1,"1"
23039.5339270277,974761,17321,1,"1"
23042.590929684571,974668,17414,15,"8-2-1-1-1-1-1"
23051.405516292154,974650,17432,1,"1"
23062.584389347816,974636,17446,1,"1"
23072.182448808657,974628,17454,2,"2"
23073.068082928879,974610,17472,1,"1"
23073.089511702678,974596,17486,2,"2"
23077.895876027673,974549,17533,7,"3-3-1"
23109.658608967686,974525,17557,2,"1-1"
23133.820367179469,974520,17562,1,"1"
23138.525817571342,974502,17580,1,"1"
23154.582490217806,974492,17590,2,"1-1"
23162.167061707638,974474,17608,1,"1"
23163.615158965611,974444,17638,4,"2-1-1"
23182.61536109645,974426,17656,1,"1"
23189.820263969097,974396,17686,2,"1-1"
23191.75670085118,974378,17704,1,"1"
23193.625838144013,974364,17718,2,"2"
23200.887586977871,974359,17723,1,"1"
23205.363559998827,974340,17742,3,"2-1"
23219.06249940455,974331,17751,1,"1"
23224.008479156764,974313,17769,1,"1"
23242.119704823261,974295,17787,1,"1"
23260.903274593653,974277,17805,2,"2"
23276.415798324295,974267,17815,1,"1"
23338.108137466326,974249,17833,1,"1"
23341.964406238541,974246,17836,1,"1"
23361.511379631691,974222,17860,4,"3-1"
23380.358840010787,974204,17878,1,"1"
23385.040835769094,974186,17896,1,"1"
23400.478052308034,974176,17906,1,"1"
23413.708790181972,974171,17911,1,"1"
23415.320174004468,974153,17929,1,"1"
23447.00789165256,974135,17947,1,"1"
23449.418331463159,974099,17983,2,"2"
23487.664596866118,974089,17993,1,"1"
23495.331030757156,974084,17998,1,"1"
23510.102759509064,974066,18016,1,"1"
23513.602560887746,974048,18034,1,"1"
23520.307519344446,974030,18052,1,"1"
23526.577845861219,974021,18061,1,"1"
23531.539797305781,974011,18071,2,"1-1"
23540.310277118639,974001,18081,1,"1"
23542.527781730641,973983,18099,1,"1"
23558.114474588201,973965,18117,1,"1"
23560.031581326573,973947,18135,1,"1"
23560.810857860859,973937,18145,2,"2"
23595.354925328818,973932,18150,1,"1"
23612.502740159998,973896,18186,2,"2"
23639.685676522538,973882,18200,1,"1"
23647.263558258492,973864,18218,1,"1"
23658.243501785404,973846,18236,1,"1"
23666.973886256874,973828,18254,1,"1"
23668.281812687237,973792,18290,2,"2"
23692.422916963445,973750,18332,3,"2-1"
23694.525850765211,973732,18350,1,"1"
23708.262954400278,973727,18355,1,"1"
23711.335295768982,973724,18358,1,"1"
23712.824313691643,973719,18363,1,"1"
23722.240816934904,973709,18373,2,"1-1"
23724.322781803909,973691,18391,1,"1"
23737.889412786411,973682,18400,1,"1"
23738.948605684545,973664,18418,1,"1"
23741.227493218154,973659,18423,1,"1"
23780.223546740894,973656,18426,1,"1"
23788.046971193729,973620,18462,2,"2"
23795.255052816239,973602,18480,1,"1"
23795.443095470779,973584,18498,1,"1"
23800.669841225306,973554,18528,2,"1-1"
23803.724795099308,973536,18546,1,"1"
23813.381350055308,973518,18564,1,"1"
23825.157262460161,973500,18582,1,"1"
23834.636536454422,973482,18600,1,"1"
23846.294220356802,973477,18605,1,"1"
23849.69860168123,973459,18623,1,"1"
23862.280143536882,973441,18641,1,"1"
23866.269757940867,973423,18659,1,"1"
23871.522430613688,973405,18677,1,"1"
23877.308100416325,973385,18697,4,"4"
23891.854428825034,973380,18702,1,"1"
23900.010783385915,973363,18719,3,"2-1"
23902.605329602688,973321,18761,6,"3-1-1-1"
23917.744961132797,973303,18779,1,"1"
23926.260292708252,973285,18797,1,"1"
23931.443580282736,973276,18806,1,"1"
23939.291157577467,973258,18824,1,"1"
23961.454170853554,973238,18844,2,"2"
23965.36275662035,973220,18862,1,"1"
23968.888629914414,973215,18867,1,"1"
23972.756628861596,973193,18889,2,"2"
23974.04514251856,973188,18894,1,"1"
23992.591700557867,973152,18930,4,"3-1"
23993.827548621492,973142,18940,2,"1-1"
24023.384902110636,973124,18958,1,"1"
24045.456553375447,973114,18968,2,"2"
24047.790715243791,973109,18973,1,"1"
24050.969351083124,973091,18991,1,"1"
24069.705244463872,973073,19009,1,"1"
24072.364750063272,973068,19014,1,"1"
24072.816464684318,973050,19032,1,"1"
24081.650775536826,973045,19037,1,"1"
24087.636510687658,973027,19055,1,"1"
24098.92629649465,973022,19060,1,"1"
24102.826252812003,972986,19096,2,"2"
24106.951411385373,972977,19105,1,"1"
24123.699783013548,972959,19123,1,"1"
24135.919335450173,972941,19141,1,"1"
24142.325222545831,972938,19144,1,"1"
24160.161529709876,972920,19162,1,"1"
24165.509239938987,972902,19180,1,"1"
24177.613126460605,972897,19185,1,"1"
24178.158905135275,972894,19188,1,"1"
24181.339068585046,972876,19206,1,"1"
24192.713236250642,972840,19242,2,"2"
24200.908650819561,972820,19262,2,"2"
24204.754370675368,972802,19280,1,"1"
24216.817451110906,972784,19298,1,"1"
24222.358878047657,972750,19332,3,"3"
24239.786037269929,972737,19345,1,"1"
24272.585514858765,972719,19363,1,"1"
24274.589760949737,972701,19381,1,"1"
24295.25221171369,972692,19390,1,"1"
24305.787570604462,972682,19400,1,"1"
24307.477120976349,972646,19436,2,"2"
24315.659516372751,972628,19454,1,"1"
24316.666345672722,972604,19478,2,"1-1"
24335.500952842798,972586,19496,1,"1"
24359.477546694183,972568,19514,1,"1"
24364.963618771591,972532,19550,2,"2"
24388.873114885992,972514,19568,1,"1"
24400.779092587883,972484,19598,3,"2-1"
24406.53528417815,972466,19616,1,"1"
24420.175108674492,972453,19629,1,"1"
24422.502819096204,972439,19643,2,"2"
24431.951874985174,972410,19672,3,"3"
24447.533730733303,972382,19700,2,"2"
24461.151542258398,972364,19718,1,"1"
24462.50038814473,972346,19736,1,"1"
24479.269503060194,972329,19753,1,"1"
24480.532476874909,972311,19771,1,"1"
24488.411724170102,972294,19788,1,"1"
24508.996354875471,972276,19806,1,"1"
24510.625714893329,972258,19824,1,"1"
24515.599550004932,972240,19842,1,"1"
24526.316012050931,972222,19860,1,"1"
24535.343806152723,972186,19896,2,"2"
24536.086175430566,972172,19910,2,"2"
24549.654956786995,972153,19929,3,"2-1"
24556.327659094717,972133,19949,4,"3-1"
24556.853176076052,972128,19954,1,"1"
24558.460674226269,972119,19963,1,"1"
24563.71020227699,972101,19981,1,"1"
24581.481835941835,972083,19999,1,"1"
24581.623108236745,972065,20017,1,"1"
24585.176136358321,972054,20028,1,"1"
24603.028004484357,972036,20046,1,"1"
24617.778432808915,972018,20064,1,"1"
24623.682108651083,971950,20132,6,"4-1-1"
24635.261361688892,971932,20150,1,"1"
24644.973192065969,971919,20163,1,"1"
24647.41067894399,971909,20173,1,"1"
24650.015360832203,971899,20183,1,"1"
24654.727075566538,971881,20201,1,"1"
24661.83520157151,971819,20263,5,"3-1-1"
24666.720729058747,971792,20290,2,"2"
24667.283063452574,971774,20308,1,"1"
24670.340370799207,971764,20318,1,"1"
24677.06877230369,971734,20348,3,"2-1"
24691.202288584507,971724,20358,2,"2"
24698.218667863566,971658,20424,5,"5"
24698.408355412121,971648,20434,1,"1"
24708.838217122713,971641,20441,1,"1"
24714.077306350435,971623,20459,1,"1"
24721.002180668136,971618,20464,1,"1"
24724.541379423699,971600,20482,1,"1"
24727.651565189444,971590,20492,2,"2"
24727.920576251185,971585,20497,1,"1"
24742.477403670284,971575,20507,1,"1"
24758.240951353004,971538,20544,5,"5"
24764.958522189481,971528,20554,2,"2"
24785.21235538922,971510,20572,1,"1"
24787.361664443488,971505,20577,1,"1"
24787.909190183487,971487,20595,1,"1"
24790.108429653061,971482,20600,1,"1"
24794.225230881962,971472,20610,2,"2"
24813.884213200687,971454,20628,1,"1"
24850.426469378868,971436,20646,1,"1"
24861.600867980807,971418,20664,1,"1"
24871.369824358564,971400,20682,1,"1"
24878.5096709192,971391,20691,1,"1"
24881.231933602914,971373,20709,1,"1"
24888.245139036113,971355,20727,1,"1"
24890.123511459256,971337,20745,1,"1"
24900.872552970432,971319,20763,1,"1"
24906.086741852905,971301,20781,1,"1"
24908.028459176447,971283,20799,1,"1"
24920.377982937644,971265,20817,1,"1"
24922.591587416882,971247,20835,1,"1"
24930.581782976176,971238,20844,1,"1"
24959.567969660904,971220,20862,1,"1"
24972.107468632472,971202,20880,1,"1"
24978.621370685167,971184,20898,1,"1"
24983.656086393068,971150,20932,6,"4-1-1"
25002.814384816844,971132,20950,1,"1"
25007.775010890171,971114,20968,1,"1"
25026.48370074225,971096,20986,1,"1"
25029.286534860094,971048,21034,6,"5-1"
25033.979832344674,971017,21065,3,"2-1"
25037.577819278846,970981,21101,2,"2"
25102.585707847633,970963,21119,1,"1"
25106.75941708366,970927,21155,3,"3"
25116.203717018609,970909,21173,1,"1"
25119.157892652627,970891,21191,1,"1"
25120.072021566863,970873,21209,1,"1"
25134.970736353102,970823,21259,5,"2-1-1-1"
25142.241049932298,970818,21264,1,"1"
25154.865628947915,970810,21272,2,"2"
25158.300718877388,970792,21290,1,"1"
25159.118751646922,970778,21304,1,"1"
25162.310726804721,970760,21322,1,"1"
25164.636975362329,970742,21340,1,"1"
25172.351463678362,970737,21345,1,"1"
25176.197326049711,970718,21364,3,"2-1"
25185.87155525752,970706,21376,1,"1"
25187.542793589171,970688,21394,1,"1"
25191.222313565293,970670,21412,1,"1"
25205.294822415308,970660,21422,2,"2"
25212.454519060844,970654,21428,2,"2"
25241.109685752279,970649,21433,1,"1"
25260.030120635925,970631,21451,1,"1"
25278.250490272399,970613,21469,1,"1"
25281.241453501891,970603,21479,2,"2"
25297.750373810686,970594,21488,1,"1"
25309.663708348242,970558,21524,2,"1-1"
25319.147854380055,970540,21542,1,"1"
25331.168579433092,970535,21547,1,"1"
25352.10732992967,970517,21565,1,"1"
25359.237608255753,970479,21603,6,"4-2"
25377.631931881861,970461,21621,1,"1"
25388.983553275011,970433,21649,2,"1-1"
25421.150989863421,970428,21654,1,"1"
25428.7831469292,970415,21667,1,"1"
25430.210628188503,970410,21672,1,"1"
25453.773732293856,970396,21686,1,"1"
25457.372264222526,970378,21704,1,"1"
25457.918362231976,970360,21722,1,"1"
25478.506992573628,970351,21731,1,"1"
25479.609155172511,970315,21767,2,"2"
25480.901035492796,970305,21777,1,"1"
25490.99306076088,970285,21797,2,"1-1"
25493.42852352772,970267,21815,1,"1"
25494.041003882485,970249,21833,1,"1"
25534.636299679965,970219,21863,3,"2-1"
25545.105409503445,970207,21875,1,"1"
25548.114396889319,970189,21893,1,"1"
25572.786505700733,970153,21929,2,"1-1"
25581.379743758218,970135,21947,1,"1"
25595.861138149292,970117,21965,1,"1"
25601.422086915743,970114,21968,1,"1"
25619.439042200425,970096,21986,1,"1"
25625.177639258811,970078,22004,1,"1"
25630.554787399335,970044,22038,3,"2-1"
25633.161140129188,970030,22052,1,"1"
25647.975185593459,970012,22070,1,"1"
25671.673474637009,969999,22083,1,"1"
25676.753880864922,969981,22101,1,"1"
25691.548725964254,969967,22115,2,"1-1"
25692.952580965924,969949,22133,1,"1"
25697.960550382773,969936,22146,1,"1"
25717.807853357757,969918,22164,1,"1"
25718.484832585331,969900,22182,1,"1"
25721.131969594982,969882,22200,1,"1"
25721.924800440738,969875,22207,1,"1"
25722.248816285402,969844,22238,5,"3-1-1"
25729.885617824129,969826,22256,1,"1"
25745.727549117888,969808,22274,1,"1"
25751.042871628579,969790,22292,1,"1"
25768.678335201857,969772,22310,1,"1"
25774.324660666509,969767,22315,1,"1"
25777.466513435753,969753,22329,1,"1"
25778.549257439874,969735,22347,1,"1"
25782.523801436131,969693,22389,3,"3"
25798.355978336167,969675,22407,1,"1"
25808.221383221095,969657,22425,1,"1"
25810.302440698662,969639,22443,1,"1"
25813.154616339762,969621,22461,1,"1"
25827.931292926674,969611,22471,2,"2"
25835.797545666854,969593,22489,1,"1"
25838.710264879086,969575,22507,1,"1"
25842.317913320847,969570,22512,1,"1"
25870.860970217364,969548,22534,2,"2"
25884.705767597443,969530,22552,1,"1"
25907.118510149034,969512,22570,1,"1"
25919.489815199817,969492,22590,2,"2"
25921.952444331688,969474,22608,1,"1"
25945.266841764307,969456,22626,1,"1"
25958.946815481951,969438,22644,1,"1"
25968.166147787433,969426,22656,1,"1"
25972.622394475216,969408,22674,1,"1"
25982.914716240466,969390,22692,1,"1"
25990.006262909184,969385,22697,1,"1"
26016.281305472243,969367,22715,1,"1"
26019.769783158776,969362,22720,1,"1"
26020.010759583885,969344,22738,1,"1"
26027.638791507579,969335,22747,1,"1"
26037.070365247469,969317,22765,1,"1"
26068.130598189444,969291,22791,4,"1-1-1-1"
26101.253569810877,969273,22809,1,"1"
26101.904435224056,969255,22827,1,"1"
26102.680316098307,969237,22845,1,"1"
26114.823259569555,969210,22872,3,"2-1"
26126.059911644454,969192,22890,1,"1"
26142.622103473936,969156,22926,2,"2"
26143.660901533964,969138,22944,1,"1"
26213.082559102982,969128,22954,2,"2"
26219.067711902873,969110,22972,1,"1"
26222.949558048709,969092,22990,1,"1"
26228.549823514579,969067,23015,5,"2-2-1"
26240.224646414837,969040,23042,5,"3-1-1"
26253.710937653443,969025,23057,3,"2-1"
26260.367479883716,969020,23062,1,"1"
26265.599095912563,969010,23072,1,"1"
26271.234683385341,969005,23077,1,"1"
26290.79615589164,968987,23095,1,"1"
26298.502114799649,968973,23109,1,"1"
26306.237007861127,968955,23127,1,"1"
26309.541675163022,968950,23132,1,"1"
26355.402761604175,968932,23150,1,"1"
26367.771629463288,968922,23160,2,"1-1"
26372.966823528281,968917,23165,1,"1"
26389.511198354183,968881,23201,2,"2"
26390.425143181496,968863,23219,1,"1"
26411.108858085841,968837,23245,2,"2"
26418.029316214404,968801,23281,2,"2"
26425.433758543346,968783,23299,1,"1"
26438.403890926624,968765,23317,1,"1"
26442.04588423836,968747,23335,1,"1"
26446.051534431284,968723,23359,2,"2"
26452.826297328786,968705,23377,1,"1"
26467.852090593609,968687,23395,1,"1"
26474.038924360437,968682,23400,1,"1"
26485.164819769958,968664,23418,1,"1"
26489.985452893819,968649,23433,3,"2-1"
26495.645890805277,968631,23451,1,"1"
26495.873146785427,968613,23469,1,"1"
26511.633643118541,968604,23478,1,"1"
26515.846399121612,968586,23496,1,"1"
26552.098839535134,968581,23501,1,"1"
26592.978087631291,968563,23519,1,"1"
26596.568776116725,968545,23537,1,"1"
26600.144077316774,968527,23555,1,"1"
26601.663676602158,968509,23573,1,"1"
26605.780367164258,968499,23583,2,"2"
26618.327206907754,968480,23602,3,"3"
26646.77146047707,968462,23620,1,"1"
26660.932842232472,968444,23638,1,"1"
26665.856532495578,968426,23656,1,"1"
26680.115027522039,968404,23678,2,"1-1"
26684.56527183127,968394,23688,2,"2"
26687.620697449045,968376,23706,1,"1"
26688.084670882949,968352,23730,2,"2"
26689.885416945504,968334,23748,1,"1"
26693.725176888493,968316,23766,1,"1"
26697.87827201586,968298,23784,1,"1"
26709.543135913289,968289,23793,1,"1"
26716.752928132213,968271,23811,1,"1"
26720.528678533512,968239,23843,2,"2"
26723.869989008494,968221,23861,1,"1"
26724.639991209213,968203,23879,1,"1"
26728.021325103709,968185,23897,1,"1"
26734.817711321786,968167,23915,1,"1"
26767.668441036723,968149,23933,1,"1"
26771.974101000116,968134,23948,3,"2-1"
26780.936912461471,968114,23968,2,"2"
26784.057151332552,968096,23986,1,"1"
26788.209271077227,968091,23991,1,"1"
26794.461701803528,968055,24027,2,"2"
26806.382824389097,968045,24037,1,"1"
26807.708917566113,968027,24055,1,"1"
26812.268282142883,968009,24073,1,"1"
26815.746049644982,967991,24091,1,"1"
26823.407986740953,967973,24109,1,"1"
26829.049346114643,967964,24118,1,"1"
26846.082910357112,967954,24128,1,"1"
26865.066457798719,967936,24146,1,"1"
26866.025671785352,967918,24164,1,"1"
26880.708893326868,967900,24182,1,"1"
26884.007718747533,967882,24200,1,"1"
26887.402999470203,967862,24220,2,"1-1"
26901.249421070512,967844,24238,1,"1"
26933.158482976156,967812,24270,2,"2"
26935.436990751376,967776,24306,2,"2"
26936.669443550487,967758,24324,1,"1"
26936.929940094637,967740,24342,1,"1"
26981.823855555875,967735,24347,1,"1"
26994.099834302215,967717,24365,1,"1"
26994.987090943956,967699,24383,1,"1"
27003.907345318639,967681,24401,1,"1"
27009.86903573589,967663,24419,1,"1"
27014.906957786348,967589,24493,5,"5"
27040.148385687844,967559,24523,3,"2-1"
27047.862285835625,967541,24541,1,"1"
27058.154201763344,967517,24565,4,"4"
27073.378901879652,967512,24570,1,"1"
27076.874457464277,967494,24588,1,"1"
27078.207371474407,967489,24593,1,"1"
27092.609683950112,967464,24618,5,"5"
27109.808783423312,967446,24636,1,"1"
27126.329268584392,967435,24647,1,"1"
27128.396573481921,967417,24665,1,"1"
27151.418500176012,967412,24670,1,"1"
27195.314473044236,967402,24680,1,"1"
27201.333346691099,967384,24698,1,"1"
27217.978775910116,967366,24716,1,"1"
27229.03828692378,967342,24740,2,"1-1"
27235.40757173075,967332,24750,1,"1"
27238.066143624008,967314,24768,1,"1"
27247.454728947589,967296,24786,1,"1"
27253.317063683106,967260,24822,2,"1-1"
27256.808732670324,967220,24862,3,"1-1-1"
27258.38794636177,967211,24871,1,"1"
27285.387920766476,967193,24889,1,"1"
27285.547553558536,967175,24907,1,"1"
27288.228240460834,967153,24929,2,"2"
27299.447231026938,967134,24948,3,"3"
27301.693062470084,967116,24966,1,"1"
27302.492645848091,967082,25000,3,"1-1-1"
27302.642133893969,967064,25018,1,"1"
27306.142715250829,967059,25023,1,"1"
27307.341687690514,967031,25051,2,"1-1"
27310.584393336045,967021,25061,2,"1-1"
27313.266535351177,967003,25079,1,"1"
27334.334921817819,966983,25099,2,"1-1"
27334.382662635908,966965,25117,1,"1"
27346.848597065651,966941,25141,2,"2"
27357.757847312256,966923,25159,1,"1"
27366.048690152194,966905,25177,1,"1"
27370.275720766076,966887,25195,1,"1"
27391.782958553991,966865,25217,4,"2-1-1"
27400.475928619057,966847,25235,1,"1"
27401.64107100309,966842,25240,1,"1"
27401.718812221308,966837,25245,1,"1"
27404.172889805104,966827,25255,1,"1"
27408.628550652349,966807,25275,2,"2"
27438.631073031123,966789,25293,1,"1"
27448.741817844133,966771,25311,1,"1"
27456.948990693953,966735,25347,2,"1-1"
27462.50698507336,966687,25395,8,"4-2-1-1"
27466.826455169103,966669,25413,1,"1"
27468.956267864021,966651,25431,1,"1"
27488.185804259479,966586,25496,5,"4-1"
27492.951182132776,966573,25509,1,"1"
27498.52561023079,966556,25526,1,"1"
27499.739653072949,966514,25568,3,"1-1-1"
27511.590896983973,966496,25586,1,"1"
27534.591121225469,966478,25604,1,"1"
27538.505344669182,966460,25622,1,"1"
27541.310753233505,966418,25664,3,"2-1"
27554.489902834357,966400,25682,1,"1"
27564.136895582291,966382,25700,1,"1"
27565.227327116409,966377,25705,1,"1"
27573.215731093507,966357,25725,2,"1-1"
27573.45801693869,966334,25748,2,"2"
27577.783891440835,966316,25766,1,"1"
27599.908121844066,966301,25781,3,"2-1"
27610.576911986034,966283,25799,1,"1"
27646.011012842682,966265,25817,1,"1"
27668.212001509706,966256,25826,1,"1"
27684.664693407136,966238,25844,1,"1"
27687.992317230623,966220,25862,1,"1"
27693.802220181828,966210,25872,1,"1"
27705.21094634902,966200,25882,1,"1"
27706.08211518982,966166,25916,3,"3"
27713.37348295861,966157,25925,1,"1"
27716.097418818237,966152,25930,1,"1"
27723.083007108748,966134,25948,1,"1"
27730.319157558544,966121,25961,1,"1"
27739.750808299203,966111,25971,1,"1"
27743.47836045978,966097,25985,1,"1"
27745.383646134793,966079,26003,1,"1"
27769.600506450828,966061,26021,1,"1"
27772.989207966464,966043,26039,1,"1"
27786.022400577996,966038,26044,1,"1"
27797.604925712661,966020,26062,1,"1"
27801.267612948566,965984,26098,2,"2"
27809.894520031346,965970,26112,1,"1"
27826.090375961259,965956,26126,2,"2"
27839.662232331375,965939,26143,1,"1"
27842.122268030787,965927,26155,2,"1-1"
27854.070801697282,965909,26173,1,"1"
27859.517221605918,965852,26230,9,"2-2-2-1-1-1"
27862.608994343693,965834,26248,1,"1"
27874.996063648949,965816,26266,1,"1"
27876.544228352592,965807,26275,1,"1"
27897.988375538134,965789,26293,1,"1"
27900.522347551905,965771,26311,1,"1"
27916.725904860861,965757,26325,2,"1-1"
27922.080743982762,965739,26343,1,"1"
27933.537692768612,965721,26361,1,"1"
27940.94851279772,965711,26371,2,"2"
27969.988291254591,965701,26381,2,"1-1"
27975.026881223908,965683,26399,1,"1"
27984.316337773544,965665,26417,1,"1"
27992.352066325046,965637,26445,2,"2"
28044.317770745918,965619,26463,1,"1"
28046.768206970086,965601,26481,1,"1"
28053.752535095929,965583,26499,1,"1"
28062.058872660673,965538,26544,5,"5"
28064.162882775498,965528,26554,1,"1"
28078.414063005785,965510,26572,1,"1"
28083.103090450495,965485,26597,5,"2-1-1-1"
28085.491996897203,965475,26607,1,"1"
28086.188560940675,965457,26625,1,"1"
28086.978188997822,965439,26643,1,"1"
28127.037528845871,965362,26720,9,"6-2-1"
28147.116491782552,965344,26738,1,"1"
28157.882987636935,965314,26768,4,"3-1"
28161.832764749579,965294,26788,4,"3-1"
28167.512176392011,965274,26808,2,"2"
28170.105739138209,965256,26826,1,"1"
28175.215667422242,965229,26853,2,"1-1"
28176.136617964159,965211,26871,1,"1"
28177.294511486929,965167,26915,4,"2-1-1"
28178.096633727964,965149,26933,1,"1"
28179.525986931905,965121,26961,2,"1-1"
28186.758064413872,965104,26978,1,"1"
28192.003731086901,965099,26983,1,"1"
28200.126378855723,965057,27025,6,"3-3"
28202.000256210111,965021,27061,2,"1-1"
28208.393365208434,965003,27079,1,"1"
28226.224749865385,964998,27084,1,"1"
28233.635235765418,964980,27102,1,"1"
28235.632774008831,964963,27119,1,"1"
28247.970646502472,964927,27155,2,"1-1"
28248.750557124546,964918,27164,1,"1"
28248.786692940088,964874,27208,4,"3-1"
28251.376263341455,964856,27226,1,"1"
28255.181947799938,964847,27235,1,"1"
28259.129409764431,964829,27253,1,"1"
28264.38565282604,964819,27263,1,"1"
28265.123108329404,964814,27268,1,"1"
28265.951291160847,964796,27286,1,"1"
28269.588113585542,964791,27291,1,"1"
28273.406178973892,964712,27370,11,"3-3-1-1-1-1-1"
28280.451874538241,964702,27380,1,"1"
28286.418262604322,964684,27398,1,"1"
28295.700764902012,964666,27416,1,"1"
28296.136184610681,964611,27471,5,"2-2-1"
28307.601905240215,964588,27494,3,"3"
28311.660442137538,964570,27512,1,"1"
28322.062812511485,964544,27538,2,"1-1"
28328.100114255019,964526,27556,1,"1"
28329.431298599058,964508,27574,1,"1"
28348.69629418249,964505,27577,1,"1"
28351.410581630927,964486,27596,3,"3"
28358.104159450551,964475,27607,1,"1"
28381.183280592028,964451,27631,2,"2"
28398.781282220578,964441,27641,2,"2"
28400.11071862021,964423,27659,1,"1"
28409.469609710013,964405,27677,1,"1"
28410.427059136578,964387,27695,1,"1"
28411.814207201391,964377,27705,1,"1"
28416.562171680751,964359,27723,1,"1"
28416.788320889325,964345,27737,1,"1"
28418.899505371206,964325,27757,2,"2"
28419.27151363307,964316,27766,1,"1"
28421.271944944645,964298,27784,1,"1"
28422.504093314321,964280,27802,1,"1"
28446.511358330838,964270,27812,1,"1"
28453.227396758211,964252,27830,1,"1"
28462.102629652367,964238,27844,1,"1"
28467.685267290257,964220,27862,1,"1"
28472.228616556156,964202,27880,1,"1"
28478.495751090068,964166,27916,2,"1-1"
28482.383030012552,964161,27921,1,"1"
28486.284929618803,964152,27930,1,"1"
28488.973141449253,964134,27948,1,"1"
28491.502791836407,964116,27966,1,"1"
28495.383276978082,964098,27984,1,"1"
28501.241701671173,964080,28002,1,"1"
28514.967822435741,964062,28020,1,"1"
28516.704555306213,964052,28030,1,"1"
28517.075222077336,964043,28039,1,"1"
28529.523099977756,964025,28057,1,"1"
28533.417253823955,964007,28075,1,"1"
28536.027701699102,963989,28093,1,"1"
28546.382301655231,963979,28103,2,"2"
28550.805503689775,963974,28108,1,"1"
28553.208835226025,963965,28117,1,"1"
28556.374826145086,963955,28127,2,"1-1"
28566.164347128735,963937,28145,1,"1"
28573.310141127,963919,28163,1,"1"
28599.392034648085,963901,28181,1,"1"
28628.644774253207,963883,28199,1,"1"
28628.650574784904,963865,28217,1,"1"
28638.689407331665,963841,28241,2,"1-1"
28649.290095630524,963823,28259,1,"1"
28654.656527761148,963818,28264,1,"1"
28656.816849036633,963806,28276,2,"1-1"
28657.288410769717,963787,28295,3,"2-1"
28665.011788467651,963721,28361,5,"2-2-1"
28677.424530476572,963703,28379,1,"1"
28679.202252577034,963667,28415,2,"2"
28699.819475250482,963654,28428,1,"1"
28701.57212793022,963636,28446,1,"1"
28703.920308893543,963618,28464,1,"1"
28731.571857185787,963600,28482,1,"1"
28738.581414836579,963582,28500,1,"1"
28749.632039033739,963564,28518,1,"1"
28754.355819304812,963548,28534,2,"1-1"
28764.661617515289,963530,28552,1,"1"
28770.874011816646,963512,28570,1,"1"
28771.053552914665,963502,28580,1,"1"
28773.740380389194,963484,28598,1,"1"
28775.458459378133,963470,28612,1,"1"
28777.992337159394,963452,28630,1,"1"
28794.907926937318,963434,28648,1,"1"
28800.751284049598,963416,28666,1,"1"
28806.955137776877,963398,28684,1,"1"
28822.519565279592,963380,28702,1,"1"
28822.818175257085,963362,28720,1,"1"
28824.345047546645,963348,28734,2,"2"
28830.88925677324,963330,28752,2,"1-1"
28852.293914985534,963312,28770,1,"1"
28863.407170353606,963294,28788,1,"1"
28874.803642586281,963289,28793,1,"1"
28884.78867283518,963253,28829,2,"2"
28898.671618561919,963230,28852,3,"2-1"
28917.489603609349,963221,28861,1,"1"
28934.33074548576,963149,28933,4,"3-1"
28939.031294417156,963131,28951,1,"1"
28961.654622429614,963121,28961,2,"2"
28963.252163070636,963116,28966,1,"1"
28968.510520179319,963080,29002,2,"1-1"
28970.41293741855,963070,29012,1,"1"
28977.463120084671,963056,29026,2,"1-1"
28984.873198773796,963020,29062,4,"4"
28990.111947932925,963002,29080,1,"1"
28993.179368003199,962981,29101,3,"1-1-1"
28998.236999616867,962976,29106,1,"1"
29007.733437082999,962958,29124,1,"1"
29019.893005574326,962940,29142,1,"1"
29020.255313718564,962922,29160,1,"1"
29022.656378375395,962909,29173,1,"1"
29025.484646309927,962891,29191,1,"1"
29044.015707840103,962871,29211,2,"2"
29046.754114873471,962866,29216,1,"1"
29052.773295835435,962842,29240,4,"2-2"
29062.785827278571,962828,29254,2,"2"
29072.664509827198,962816,29266,1,"1"
29077.291369270741,962732,29350,12,"3-3-2-2-1-1"
29079.729972603225,962722,29360,2,"2"
29097.277989185452,962704,29378,1,"1"
29100.934569200148,962686,29396,1,"1"
29109.305544443228,962654,29428,2,"2"
29114.653106548532,962649,29433,1,"1"
29116.041181668064,962631,29451,1,"1"
29144.210625783104,962611,29471,2,"2"
29152.690832546032,962593,29489,1,"1"
29160.143394819293,962583,29499,1,"1"
29160.318150609881,962565,29517,1,"1"
29161.211141952204,962529,29553,2,"1-1"
29174.332609510217,962511,29571,1,"1"
29183.438868112353,962493,29589,1,"1"
29190.556400470305,962488,29594,1,"1"
29200.950240129423,962470,29612,1,"1"
29202.707468952882,962452,29630,1,"1"
29203.784799909969,962442,29640,1,"1"
29214.640415274887,962424,29658,1,"1"
29215.841240250789,962406,29676,1,"1"
29224.06787557017,962389,29693,1,"1"
29234.848497320396,962369,29713,2,"1-1"
29247.615044721235,962351,29731,1,"1"
29250.194268605719,962282,29800,7,"3-1-1-1-1"
29251.366033681566,962264,29818,1,"1"
29270.327823742165,962259,29823,1,"1"
29272.6407813757,962241,29841,1,"1"
29295.010180165624,962223,29859,1,"1"
29297.434988818466,962208,29874,1,"1"
29300.983124203263,962203,29879,1,"1"
29304.332458659639,962192,29890,1,"1"
29306.865023528197,962171,29911,3,"2-1"
29317.727811459106,962153,29929,1,"1"
29323.306670035563,962135,29947,1,"1"
29341.288553555798,962113,29969,2,"2"
29365.494773283659,962095,29987,1,"1"
29385.736523831016,962084,29998,1,"1"
29387.731887842336,962066,30016,1,"1"
29388.935154155584,962030,30052,2,"2"
29411.462621657596,962012,30070,1,"1"
29416.135514058205,961994,30088,1,"1"
29422.532551439588,961970,30112,2,"2"
29426.499544586612,961952,30130,1,"1"
29434.751812271905,961942,30140,1,"1"
29435.728283449793,961932,30150,1,"1"
29438.060697836121,961914,30168,1,"1"
29467.193963791899,961896,30186,1,"1"
29480.010326007159,961886,30196,2,"2"
29485.396039315699,961871,30211,3,"2-1"
29495.739819512026,961861,30221,1,"1"
29497.508959693412,961843,30239,1,"1"
29505.52905459212,961825,30257,1,"1"
29508.604488898494,961807,30275,1,"1"
29510.002296590366,961771,30311,2,"2"
29511.281167777757,961699,30383,8,"2-2-2-2"
29516.124869788193,961690,30392,1,"1"
29520.581539436131,961672,30410,1,"1"
29529.439274231569,961654,30428,1,"1"
29536.548231414039,961636,30446,1,"1"
29541.529975178008,961596,30486,8,"7-1"
29561.890845975136,961586,30496,1,"1"
29564.067637469394,961568,30514,1,"1"
29566.879489811141,961563,30519,1,"1"
29574.634337765103,961545,30537,1,"1"
29598.308343333782,961527,30555,1,"1"
29598.502947171852,961494,30588,5,"2-2-1"
29614.911203155534,961476,30606,1,"1"
29646.386157282715,961471,30611,1,"1"
29647.496915534241,961443,30639,2,"1-1"
29666.401752961228,961425,30657,1,"1"
29667.019348364469,961389,30693,2,"2"
29675.064688589246,961371,30711,1,"1"
29680.150934947302,961358,30724,1,"1"
29699.131200615815,961353,30729,1,"1"
29701.665425160842,961343,30739,2,"2"
29729.891023665317,961325,30757,2,"1-1"
29734.309417366549,961290,30792,2,"1-1"
29737.908772907558,961285,30797,1,"1"
29741.687392410113,961249,30833,2,"2"
29748.955738784178,961213,30869,2,"2"
29751.464413403617,961199,30883,1,"1"
29752.244918775516,961185,30897,2,"2"
29755.818005342502,961167,30915,1,"1"
29765.030797592684,961149,30933,1,"1"
29786.979295901241,961131,30951,1,"1"
29800.903203512629,961113,30969,1,"1"
29804.052849842155,961095,30987,1,"1"
29815.62155086999,961025,31057,5,"3-1-1"
29820.496331433689,961007,31075,1,"1"
29829.482045364843,961002,31080,1,"1"
29846.656229072039,960966,31116,2,"1-1"
29854.75917286914,960956,31126,1,"1"
29856.198420248133,960947,31135,1,"1"
29856.502438815322,960938,31144,1,"1"
29858.795519789444,960928,31154,1,"1"
29874.475794962116,960910,31172,1,"1"
29880.547774184834,960891,31191,3,"2-1"
29896.294837224952,960855,31227,2,"2"
29913.802189884722,960811,31271,8,"6-1-1"
29941.61724678161,960793,31289,1,"1"
29945.893623614,960783,31299,1,"1"
29953.203074162764,960765,31317,1,"1"
29955.670028603749,960747,31335,1,"1"
29961.745741857827,960729,31353,1,"1"
29962.579893327515,960719,31363,2,"2"
29975.587522975296,960684,31398,3,"3"
29985.394435020418,960674,31408,1,"1"
29999.658440059655,960656,31426,1,"1"
30027.248453515069,960620,31462,2,"2"
30048.700464790167,960610,31472,1,"1"
30057.682522240473,960574,31508,4,"1-1-1-1"
30086.993595757162,960560,31522,1,"1"
30087.506866373922,960542,31540,1,"1"
30095.061763374448,960537,31545,1,"1"
30098.531688833369,960519,31563,1,"1"
30138.445542520443,960501,31581,1,"1"
30139.632991833365,960483,31599,1,"1"
30140.507409582089,960459,31623,2,"1-1"
30142.680767332815,960423,31659,2,"1-1"
30149.549314255542,960418,31664,1,"1"
30159.465134240392,960390,31692,2,"1-1"
30165.428930848549,960372,31710,1,"1"
30182.436568521753,960354,31728,1,"1"
30209.872041590384,960336,31746,1,"1"
30212.124503614374,960312,31770,4,"2-1-1"
30216.626356143141,960303,31779,1,"1"
30237.476243097324,960285,31797,1,"1"
30238.739097445505,960247,31835,4,"1-1-1-1"
30246.872987437488,960229,31853,1,"1"
30255.306077196932,960211,31871,1,"1"
30255.989589995472,960191,31891,4,"4"
30257.256154446699,960147,31935,4,"3-1"
30262.346975312488,960040,32042,17,"9-2-2-1-1-1-1"
30265.452656014717,960005,32077,7,"5-1-1"
30269.546960666878,959972,32110,5,"2-1-1-1"
30269.939013694737,959967,32115,1,"1"
30273.775068648283,959947,32135,2,"2"
30281.566154799482,959937,32145,1,"1"
30292.200716566986,959879,32203,4,"2-1-1"
30298.45311420337,959809,32273,5,"2-2-1"
30301.43246356969,959791,32291,1,"1"
30310.40176837115,959781,32301,2,"1-1"
30321.127853786424,959739,32343,3,"1-1-1"
30330.52692977896,959721,32361,1,"1"
30332.740528732629,959703,32379,2,"2"
30334.457118955379,959513,32569,13,"11-1-1"
30339.012977902952,959508,32574,1,"1"
30343.449043787838,959485,32597,2,"1-1"
30344.079762202728,959467,32615,1,"1"
30350.709824126585,959462,32620,1,"1"
30353.188638743442,959453,32629,1,"1"
30364.293959026862,959434,32648,3,"2-1"
30373.130189836462,959422,32660,1,"1"
30381.621598934369,959404,32678,1,"1"
30405.7625376127,959386,32696,1,"1"
30421.640666654832,959350,32732,2,"2"
30443.75011085422,959345,32737,1,"1"
30454.839331342751,959327,32755,1,"1"
30475.124516394688,959309,32773,1,"1"
30476.613831908089,959226,32856,9,"2-1-1-1-1-1-1-1"
30485.592192658845,959166,32916,8,"3-2-2-1"
30487.005873298025,959161,32921,1,"1"
30488.00575832048,959025,33057,11,"3-2-2-1-1-1-1"
30504.128707474305,959012,33070,1,"1"
30509.563920453882,958958,33124,3,"1-1-1"
30530.966648339556,958940,33142,1,"1"
30535.053851102435,958922,33160,1,"1"
30543.098291690847,958904,33178,1,"1"
30547.50880415452,958886,33196,1,"1"
30549.72985572066,958868,33214,1,"1"
30563.143269557622,958822,33260,4,"2-1-1"
30569.151344851762,958804,33278,1,"1"
30578.186504397519,958780,33302,2,"1-1"
30578.844399364396,958762,33320,1,"1"
30581.840084936968,958744,33338,1,"1"
30593.424966495499,958726,33356,1,"1"
30596.66339280198,958708,33374,1,"1"
30610.307116680811,958672,33410,2,"1-1"
30621.402414657408,958648,33434,2,"2"
30631.956566782876,958638,33444,1,"1"
30644.981445422189,958633,33449,1,"1"
30649.146892511748,958612,33470,3,"3"
30653.259009679114,958594,33488,1,"1"
30653.494562653024,958576,33506,1,"1"
30653.795382036882,958558,33524,1,"1"
30656.641496774624,958540,33542,1,"1"
30662.80304630613,958522,33560,1,"1"
30665.805510112397,958504,33578,1,"1"
30673.736484301338,958494,33588,1,"1"
30691.999465522415,958454,33628,3,"2-1"
30693.476486541545,958442,33640,1,"1"
30720.646187376809,958406,33676,2,"1-1"
30725.710543854853,958388,33694,1,"1"
30733.314473986342,958383,33699,1,"1"
30736.847340785276,958369,33713,2,"1-1"
30738.829927545259,958360,33722,1,"1"
30740.13905861861,958355,33727,1,"1"
30749.749416434792,958341,33741,2,"2"
30754.990590683708,958323,33759,1,"1"
30757.215800766993,958305,33777,1,"1"
30762.638354677259,958287,33795,1,"1"
30763.808097575249,958269,33813,1,"1"
30783.750391011465,958251,33831,1,"1"
30784.637835836656,958217,33865,3,"1-1-1"
30785.463613652599,958210,33872,1,"1"
30795.441450221122,958152,33930,10,"3-2-2-1-1-1"
30808.972147636778,958132,33950,2,"1-1"
30809.017289170275,958119,33963,1,"1"
30818.498483411178,958083,33999,2,"1-1"
30823.518116720788,958073,34009,1,"1"
30827.662927347912,957983,34099,5,"4-1"
30830.22861899521,957958,34124,3,"1-1-1"
30840.63431159137,957940,34142,1,"1"
30845.974139958318,957931,34151,1,"1"
30846.070878652088,957913,34169,1,"1"
30846.159492398074,957908,34174,1,"1"
30850.30063170275,957872,34210,2,"1-1"
30850.368445858381,957867,34215,1,"1"
30855.412625299246,957805,34277,5,"2-2-1"
30868.456258307422,957787,34295,1,"1"
30871.066268789204,957769,34313,1,"1"
30876.840709531476,957679,34403,5,"3-2"
30888.296508550866,957661,34421,1,"1"
30889.911296352388,957649,34433,2,"1-1"
30893.225423171054,957644,34438,1,"1"
30912.393962758055,957632,34450,1,"1"
30923.328355334419,957610,34472,2,"1-1"
30959.280443923333,957605,34477,1,"1"
30968.955313251976,957586,34496,3,"1-1-1"
30971.810205295769,957568,34514,1,"1"
30982.270979474037,957550,34532,1,"1"
30999.687145338969,957532,34550,1,"1"
31000.935254692871,957476,34606,4,"2-1-1"
31003.491562716867,957400,34682,6,"3-1-1-1"
31007.103652341313,957386,34696,2,"2"
31021.457178078472,957368,34714,1,"1"
31043.187629361972,957350,34732,1,"1"
31046.828091620835,957340,34742,1,"1"
31056.435472081488,957317,34765,3,"2-1"
31086.307131251939,957299,34783,1,"1"
31099.497317529695,957281,34801,1,"1"
31104.344280606274,957263,34819,1,"1"
31104.619583901345,957253,34829,2,"2"
31110.171499105647,957243,34839,1,"1"
31113.733231640334,957198,34884,5,"5"
31119.494642289705,957174,34908,2,"2"
31139.581001564806,957150,34932,2,"2"
31142.423264026049,957132,34950,1,"1"
31143.925131905769,957096,34986,2,"1-1"
31148.99284841997,957078,35004,1,"1"
31149.073950394213,957068,35014,1,"1"
31158.065125672441,957058,35024,1,"1"
31165.532193225503,957040,35042,1,"1"
31167.631831826333,957016,35066,4,"2-1-1"
31171.642303771474,956998,35084,1,"1"
31181.374687530224,956980,35102,1,"1"
31182.286466594949,956970,35112,1,"1"
31191.966976854786,956948,35134,2,"2"
31204.905093328969,956920,35162,2,"1-1"
31209.275689985439,956908,35174,1,"1"
31212.22965380501,956890,35192,1,"1"
31215.413770587144,956880,35202,2,"2"
31222.455791081487,956732,35350,18,"4-3-2-2-2-1-1-1-1-1"
31223.099801171455,956725,35357,1,"1"
31223.785016059363,956707,35375,1,"1"
31225.449621968211,956689,35393,1,"1"
31226.148487831728,956671,35411,1,"1"
31229.633840962073,956618,35464,9,"2-2-1-1-1-1-1"
31261.958888064539,956596,35486,2,"1-1"
31263.238263289946,956568,35514,2,"2"
31281.772174780181,956544,35538,4,"4"
31301.40833280739,956501,35581,3,"3"
31306.348588831137,956496,35586,1,"1"
31307.358017055914,956478,35604,1,"1"
31318.408548608229,956460,35622,1,"1"
31322.951365487577,956450,35632,2,"1-1"
31331.677989118332,956358,35724,6,"3-2-1"
31358.775203791123,956342,35740,1,"1"
31368.462779802216,956328,35754,2,"1-1"
31369.203726481013,956310,35772,1,"1"
31369.288653045103,956157,35925,25,"6-4-3-3-2-2-1-1-1-1-1"
31371.057410878602,956139,35943,1,"1"
31374.067644128361,956103,35979,4,"3-1"
31376.582896137763,956083,35999,2,"2"
31387.753731770023,956019,36063,10,"4-2-1-1-1-1"
31398.460877142377,955991,36091,2,"2"
31403.494280403378,955977,36105,2,"2"
31408.111925056131,955958,36124,3,"2-1"
31411.201617865478,955940,36142,1,"1"
31417.462710137766,955878,36204,5,"5"
31420.683703462793,955860,36222,2,"2"
31426.165041424432,955850,36232,1,"1"
31429.715660235743,955840,36242,1,"1"
31438.551617796871,955822,36260,1,"1"
31444.338499028145,955804,36278,1,"1"
31449.101863647571,955786,36296,1,"1"
31463.254423995168,955768,36314,1,"1"
31465.319489317466,955750,36332,1,"1"
31470.768709888125,955740,36342,1,"1"
31477.900155867639,955722,36360,1,"1"
31495.553494377782,955708,36374,1,"1"
31506.231336166085,955690,36392,1,"1"
31570.08778357062,955679,36403,1,"1"
31587.751764629455,955661,36421,1,"1"
31596.459250482938,955641,36441,2,"1-1"
31597.13727219417,955623,36459,1,"1"
31609.374166116912,955571,36511,8,"5-1-1-1"
31610.391925997817,955547,36535,2,"1-1"
31615.055259848898,955537,36545,2,"2"
31623.56358631908,955524,36558,1,"1"
31643.433629196177,955515,36567,1,"1"
31654.487553701296,955439,36643,12,"4-3-3-2"
31658.693682099045,955403,36679,2,"2"
31689.749333731848,955385,36697,1,"1"
31691.910208706788,955375,36707,1,"1"
31699.532828993979,955357,36725,1,"1"
31703.234232366412,955339,36743,1,"1"
31734.082132791114,955334,36748,1,"1"
31734.225986547321,955320,36762,1,"1"
31755.038567000505,955302,36780,1,"1"
31756.611619822277,955284,36798,1,"1"
31786.507099551374,955271,36811,1,"1"
31805.223919524604,955216,36866,7,"2-2-1-1-1"
31807.673407041435,955206,36876,2,"1-1"
31814.988359956071,955201,36881,1,"1"
31816.918658889044,955183,36899,1,"1"
31820.074047034457,955173,36909,1,"1"
31820.906256119084,955163,36919,2,"2"
31828.607774467797,955158,36924,1,"1"
31848.425719440631,955149,36933,1,"1"
31851.96524959803,955140,36942,1,"1"
31853.891718456136,955122,36960,1,"1"
31861.922715688448,955086,36996,2,"1-1"
31871.728225320749,955068,37014,1,"1"
31878.270768629503,955050,37032,1,"1"
31886.374883185443,955045,37037,1,"1"
31894.945626428402,955027,37055,1,"1"
31909.911746557947,954991,37091,2,"2"
31915.928348199162,954981,37101,1,"1"
31916.78297715159,954967,37115,1,"1"
31917.025362689783,954958,37124,1,"1"
31919.907544531216,954936,37146,2,"1-1"
31934.128645040968,954918,37164,2,"1-1"
31941.539324262732,954900,37182,1,"1"
31944.260502757428,954886,37196,1,"1"
31955.598632544359,954855,37227,2,"2"
31984.073457091072,954850,37232,1,"1"
31985.716647072386,954840,37242,1,"1"
31992.425974999063,954831,37251,1,"1"
32006.704707722372,954795,37287,2,"1-1"
32007.02963578351,954777,37305,1,"1"
32008.903286969449,954759,37323,1,"1"
32018.12411991589,954733,37349,2,"2"
32026.400724432726,954715,37367,1,"1"
32045.005518888513,954697,37385,1,"1"
32064.31230627498,954599,37483,11,"4-2-2-1-1-1"
32085.958740164642,954563,37519,2,"2"
32086.057892987919,954535,37547,2,"1-1"
32097.88737733191,954479,37603,4,"2-1-1"
32113.264288579619,954461,37621,1,"1"
32118.780363806443,954443,37639,1,"1"
32131.900567647393,954425,37657,1,"1"
32138.700313716643,954407,37675,1,"1"
32147.129946466335,954383,37699,4,"2-1-1"
32148.118326350745,954365,37717,1,"1"
32149.058945809811,954347,37735,1,"1"
32151.209052425689,954329,37753,1,"1"
32162.468281869456,954324,37758,1,"1"
32164.108145015762,954315,37767,1,"1"
32169.265771714861,954301,37781,2,"1-1"
32179.573907441154,954291,37791,1,"1"
32180.531174026404,954286,37796,1,"1"
32181.212291423126,954256,37826,3,"2-1"
32186.627607927545,954242,37840,2,"2"
32187.729371958929,954224,37858,1,"1"
32193.552830615899,954206,37876,1,"1"
32210.065662489687,954152,37930,4,"2-2"
32217.439169876594,954142,37940,1,"1"
32219.95372825177,954124,37958,1,"1"
32233.257308901997,954115,37967,1,"1"
32240.988673328324,954097,37985,1,"1"
32248.327297458913,954070,38012,2,"1-1"
32257.798049347955,954052,38030,1,"1"
32258.979280307456,954034,38048,1,"1"
32262.425510808192,954029,38053,1,"1"
32274.648774689613,953993,38089,2,"1-1"
32280.943323855903,953983,38099,1,"1"
32289.785332972799,953953,38129,2,"1-1"
32291.592294748869,953935,38147,1,"1"
32299.831910186007,953917,38165,1,"1"
32320.210364201856,953899,38183,1,"1"
32320.700044779394,953839,38243,4,"2-1-1"
32327.571362973929,953821,38261,1,"1"
32332.020888012285,953803,38279,1,"1"
32332.612783987093,953785,38297,1,"1"
32341.31684641619,953767,38315,1,"1"
32343.369638786124,953731,38351,4,"2-1-1"
32347.734558865319,953629,38453,16,"7-3-2-1-1-1-1"
32354.798546768441,953614,38468,3,"3"
32360.393955805364,953586,38496,2,"1-1"
32361.720565702621,953442,38640,16,"9-2-1-1-1-1-1"
32372.898934213696,953424,38658,1,"1"
32384.479819848257,953065,39017,53,"4-4-3-3-3-2-2-2-2-2-2-2-2-2-2-1-1-1-1-1-1-1-1-1-1-1-1-1-1-1-1"
32388.293456587253,953047,39035,1,"1"
32396.625498425539,953029,39053,1,"1"
32399.061042373938,953011,39071,1,"1"
32399.841408795801,952993,39089,1,"1"
32400.424694657177,952967,39115,2,"2"
32400.521170961798,952949,39133,1,"1"
32409.76830719662,952931,39151,1,"1"
32441.590368444715,952537,39545,40,"9-5-3-2-2-2-2-2-2-1-1-1-1-1-1-1-1-1-1-1"
32442.080921137978,952528,39554,1,"1"
32446.077596443578,952483,39599,5,"3-1-1"
32452.044107612823,952473,39609,1,"1"
32452.323419164542,952455,39627,1,"1"
32454.802218765966,952437,39645,1,"1"
32455.679927513876,952410,39672,3,"3"
32469.503410641984,952401,39681,1,"1"
32475.403781435612,952396,39686,1,"1"
32490.732856996281,952378,39704,1,"1"
32494.546016494602,952316,39766,6,"2-2-1-1"
32499.259260843788,952298,39784,1,"1"
32504.395676798857,952288,39794,1,"1"
32511.855722453998,952252,39830,2,"2"
32530.050182219558,952242,39840,1,"1"
32532.149323942715,952228,39854,1,"1"
32533.141883760549,952223,39859,1,"1"
32539.653848859587,952205,39877,1,"1"
32540.908437023871,952187,39895,1,"1"
32543.20070935084,952169,39913,1,"1"
32546.998706572471,952151,39931,1,"1"
32554.270646481851,952133,39949,1,"1"
32556.768404331127,952124,39958,1,"1"
32557.013465090829,952106,39976,1,"1"
32557.656960897872,952088,39994,1,"1"
32572.827145002739,952070,40012,1,"1"
32581.508505568901,952052,40030,1,"1"
32582.503429485056,952034,40048,1,"1"
32593.302391475561,952016,40066,1,"1"
32595.425142715194,951998,40084,1,"1"
32622.599472975297,951980,40102,1,"1"
32623.010384241406,951971,40111,1,"1"
32638.973700587761,951953,40129,1,"1"
32639.203564810447,951935,40147,1,"1"
32645.878572833273,951915,40167,2,"1-1"
32660.539261412039,951842,40240,9,"5-2-1-1"
32665.07367046384,951824,40258,1,"1"
32665.292115589124,951806,40276,1,"1"
32698.017234261355,951788,40294,1,"1"
32704.527461424215,951770,40312,1,"1"
32712.891934736374,951726,40356,4,"4"
32723.304156943061,951708,40374,1,"1"
32725.987403333482,951694,40388,2,"1-1"
32732.476338955501,951676,40406,1,"1"
32737.05524259706,951666,40416,1,"1"
32749.398019541302,951656,40426,1,"1"
32756.580478817821,951638,40444,1,"1"
32757.530573400429,951628,40454,1,"1"
32766.523609022821,951610,40472,1,"1"
32769.560236512836,951550,40532,8,"6-1-1"
32812.462263806257,951532,40550,1,"1"
32818.048257652124,951518,40564,2,"2"
32827.789770898788,951508,40574,1,"1"
32827.94603879784,951490,40592,1,"1"
32835.742950939464,951480,40602,1,"1"
32838.052902889889,951338,40744,9,"6-2-1"
32838.300869632309,951320,40762,1,"1"
32864.902379341787,951311,40771,1,"1"
32866.48484044888,951297,40785,2,"2"
32872.633114798868,951280,40802,1,"1"
32883.313636227103,951244,40838,2,"2"
32898.194933109851,951224,40858,2,"2"
32902.874730851523,951215,40867,1,"1"
32907.40291452907,951173,40909,3,"2-1"
32908.209265634265,951155,40927,1,"1"
32928.595170891247,951119,40963,2,"2"
32929.469166850649,951053,41029,5,"2-1-1-1"
32934.154558748211,951043,41039,1,"1"
32936.034591032352,951032,41050,1,"1"
32937.270451032047,951000,41082,4,"1-1-1-1"
32941.310471530021,950982,41100,1,"1"
32944.13524449859,950964,41118,1,"1"
32947.749224398685,950946,41136,2,"1-1"
32952.504200191761,950897,41185,5,"2-1-1-1"
32963.167237887807,950879,41203,1,"1"
32982.551273982637,950853,41229,2,"1-1"
32983.337286440081,950835,41247,1,"1"
32983.797074120732,950817,41265,1,"1"
32990.6082064074,950803,41279,1,"1"
32996.110959546269,950774,41308,2,"2"
32998.775137560704,950756,41326,1,"1"
33000.93439414497,950743,41339,1,"1"
33016.790621919426,950719,41363,2,"2"
33018.564772586957,950710,41372,1,"1"
33018.965053537031,950692,41390,1,"1"
33024.873410016495,950650,41432,3,"2-1"
33027.518675270621,950572,41510,5,"2-1-1-1"
33027.784244086019,950562,41520,1,"1"
33031.025073379293,950542,41540,2,"2"
33034.069123371351,950524,41558,1,"1"
33037.026560897495,950456,41626,6,"2-1-1-1-1"
33044.608816679036,950383,41699,8,"4-3-1"
33047.210854409394,950365,41717,1,"1"
33048.981706810817,950352,41730,1,"1"
33056.159647652683,950343,41739,1,"1"
33056.762997948557,950325,41757,1,"1"
33062.31575036086,950307,41775,1,"1"
33062.895994960221,950251,41831,4,"4"
33068.463125085058,950233,41849,1,"1"
33085.679730512602,950215,41867,1,"1"
33087.702510922776,950201,41881,2,"2"
33102.014940878835,950183,41899,1,"1"
33136.535498679084,950173,41909,1,"1"
33142.961657414242,950137,41945,2,"2"
33162.443505320894,950110,41972,3,"1-1-1"
33184.06265878398,950092,41990,1,"1"
33185.601675866397,950034,42048,5,"2-1-1-1"
33209.518406436357,950016,42066,1,"1"
33214.964527569282,949998,42084,1,"1"
33215.860339068204,949980,42102,1,"1"
33229.729334120027,949962,42120,1,"1"
33261.188702930493,949926,42156,2,"2"
33263.504662766376,949912,42170,1,"1"
33281.078758934949,949894,42188,1,"1"
33299.733552479724,949872,42210,2,"2"
33305.454230384174,949854,42228,1,"1"
33312.71870761372,949805,42277,3,"2-1"
33346.29206483555,949787,42295,1,"1"
33346.856887568079,949769,42313,1,"1"
33355.835937051728,949747,42335,2,"1-1"
33364.77893513647,949737,42345,1,"1"
33380.272826459885,949720,42362,1,"1"
33383.100631309761,949691,42391,2,"2"
33384.175391103694,949671,42411,2,"2"
33386.633544745251,949599,42483,4,"2-2"
33393.230334009386,949581,42501,1,"1"
33396.776892694885,949571,42511,2,"2"
33399.238848041219,949535,42547,4,"2-1-1"
33400.812980996918,949491,42591,4,"2-2"
33403.36132298231,949455,42627,2,"2"
33407.109384296564,949437,42645,1,"1"
33423.733455553796,949419,42663,1,"1"
33449.190194426308,949383,42699,2,"2"
33451.189613556009,949370,42712,1,"1"
33466.37032650024,949322,42760,5,"2-1-1-1"
33474.111240686987,949254,42828,5,"4-1"
33483.271280723515,949236,42846,2,"2"
33497.572525920921,949218,42864,1,"1"
33499.311995135176,949208,42874,1,"1"
33499.886454116779,949172,42910,2,"2"
33500.804099908324,949115,42967,9,"3-3-1-1-1"
33509.788790020299,949105,42977,1,"1"
33512.754388725203,949032,43050,7,"5-1-1"
33527.363379822389,948994,43088,3,"3"
33551.637245715363,948966,43116,2,"1-1"
33552.266721317021,948953,43129,1,"1"
33572.238595660434,948917,43165,2,"2"
33574.888890096285,948912,43170,1,"1"
33578.338569456741,948894,43188,1,"1"
33578.752651649716,948876,43206,1,"1"
33582.161722564197,948858,43224,1,"1"
33583.126921960538,948822,43260,2,"1-1"
33584.818502509603,948750,43332,4,"4"
33585.874341900169,948681,43401,9,"5-1-1-1-1"
33603.533603868105,948663,43419,1,"1"
33604.629220708201,948645,43437,1,"1"
33609.914915214642,948627,43455,1,"1"
33616.365365412232,948603,43479,2,"2"
33631.558746656112,948585,43497,1,"1"
33637.289664033233,948578,43504,1,"1"
33644.835407909362,948560,43522,1,"1"
33646.393666290307,948542,43540,1,"1"
33658.765896560311,948524,43558,1,"1"
33663.399904540354,948506,43576,1,"1"
33672.902109613409,948488,43594,1,"1"
33674.391637727036,948483,43599,1,"1"
33677.324304880807,948465,43617,1,"1"
33677.81570729932,948435,43647,2,"2"
33682.88970566442,948239,43843,18,"3-3-3-2-2-2-1-1-1"
33691.029233145309,948226,43856,1,"1"
33697.076434981362,948209,43873,1,"1"
33709.607633378801,948199,43883,1,"1"
33711.933800574894,948181,43901,1,"1"
33715.654644984003,948163,43919,1,"1"
33722.384307861059,948154,43928,1,"1"
33723.065737394565,948144,43938,1,"1"
33731.234630585917,948126,43956,1,"1"
33774.333743818468,948108,43974,1,"1"
33798.585326751738,948103,43979,1,"1"
33802.434749587796,948085,43997,1,"1"
33804.619162750605,948043,44039,4,"2-1-1"
33807.935773396486,948038,44044,1,"1"
33809.885153126874,948025,44057,1,"1"
33809.970254477084,948007,44075,1,"1"
33822.91195081397,947989,44093,1,"1"
33825.378922166587,947971,44111,1,"1"
33836.378992169259,947953,44129,1,"1"
33842.949244453732,947935,44147,1,"1"
33850.358611713942,947917,44165,1,"1"
33851.800643697163,947765,44317,12,"3-3-1-1-1-1-1-1"
33864.156704999747,947745,44337,2,"2"
33880.417452511509,947727,44355,1,"1"
33885.964039725492,947709,44373,1,"1"
33886.196431692348,947691,44391,1,"1"
33892.966873040154,947677,44405,1,"1"
33898.778269580886,947623,44459,3,"3"
33940.474661544147,947596,44486,3,"3"
33946.174628924193,947579,44503,1,"1"
33952.561784476195,947561,44521,1,"1"
33958.024849512243,947543,44539,1,"1"
33970.85618979569,947525,44557,1,"1"
33973.745637602035,947507,44575,1,"1"
33974.309387363151,947489,44593,2,"2"
33975.983979201934,947471,44611,1,"1"
33999.098213471436,947453,44629,1,"1"
34001.431145676164,947435,44647,1,"1"
34012.144895610996,947417,44665,1,"1"
34017.05846729067,947399,44683,1,"1"
34030.595650901458,947381,44701,1,"1"
34035.708123590979,947332,44750,5,"3-2"
34043.775634287893,947300,44782,2,"1-1"
34066.873345022846,947260,44822,4,"3-1"
34067.458552978795,947246,44836,1,"1"
34069.141816869473,947228,44854,1,"1"
34072.326670754199,947210,44872,1,"1"
34080.650312017962,947197,44885,1,"1"
34081.505532926982,947179,44903,1,"1"
34110.697110777168,947021,45061,12,"3-2-2-1-1-1-1-1"
34113.54730911331,947003,45079,1,"1"
34140.277728342204,946979,45103,2,"2"
34142.20541279974,946970,45112,1,"1"
34148.871182359508,946952,45130,1,"1"
34150.209390468699,946921,45161,3,"1-1-1"
34156.249721377979,946899,45183,2,"2"
34156.805136831994,946881,45201,1,"1"
34160.519850551202,946863,45219,2,"2"
34164.435191629949,946845,45237,1,"1"
34167.527694923017,946827,45255,1,"1"
34190.726866699748,946818,45264,1,"1"
34192.522036173468,946800,45282,1,"1"
34196.505257053752,946786,45296,2,"2"
34204.378523142979,946768,45314,1,"1"
34207.12979633901,946745,45337,3,"2-1"
34212.515716890965,946727,45355,1,"1"
34228.623574191624,946709,45373,1,"1"
34238.464585963302,946691,45391,1,"1"
34244.143621142844,946672,45410,3,"2-1"
34246.860771593601,946650,45432,2,"2"
34249.046674906633,946632,45450,1,"1"
34265.643792398871,946596,45486,2,"2"
34275.445243716371,946578,45504,1,"1"
34294.616517406786,946552,45530,4,"2-1-1"
34299.055090000846,946534,45548,1,"1"
34308.871806469433,946520,45562,1,"1"
34312.485450597225,946417,45665,10,"2-2-1-1-1-1-1-1"
34320.921574173502,946193,45889,20,"5-2-2-2-2-1-1-1-1-1-1-1"
34323.275427798952,946163,45919,3,"3"
34324.117695159788,946145,45937,2,"2"
34328.156517553849,946140,45942,1,"1"
34335.726451260169,946122,45960,2,"1-1"
34341.366038936612,946104,45978,1,"1"
34353.449309587995,946086,45996,1,"1"
34364.698677629363,946058,46024,2,"2"
34367.338953258244,945973,46109,9,"2-2-2-1-1-1"
34372.146446480016,945955,46127,1,"1"
34384.091030979798,945919,46163,2,"1-1"
34386.773154944916,945902,46180,1,"1"
34388.482565062026,945886,46196,2,"1-1"
34390.297971596003,945850,46232,2,"1-1"
34390.806158605992,945832,46250,1,"1"
34392.129316786806,945814,46268,1,"1"
34398.633668048176,945796,46286,1,"1"
34407.480363412855,945778,46304,1,"1"
34408.314067215353,945743,46339,2,"2"
34408.315299019021,945725,46357,1,"1"
34436.739602811525,945707,46375,1,"1"
34446.185028665444,945677,46405,2,"2"
34449.353740979976,945659,46423,1,"1"
34458.365831089846,945623,46459,2,"2"
34459.9705095178,945591,46491,2,"1-1"
34463.868663478759,945573,46509,1,"1"
34473.938553494991,945555,46527,1,"1"
34474.178258537955,945537,46545,1,"1"
34482.859349536237,945512,46570,5,"2-2-1"
34486.326142362093,945494,46588,1,"1"
34491.890630987546,945440,46642,5,"2-1-1-1"
34517.986923464108,945431,46651,1,"1"
34520.527202822712,945413,46669,1,"1"
34530.788612564371,945395,46687,1,"1"
34540.147697209468,945385,46697,1,"1"
34542.143229392859,945367,46715,1,"1"
34552.303369782152,944497,47585,89,"8-6-5-5-5-4-4-3-3-3-3-3-3-2-2-2-2-2-2-2-2-2-1-1-1-1-1-1-1-1-1-1-1-1-1-1-1-1"
34557.053426330618,944479,47603,1,"1"
34557.551651643516,944461,47621,1,"1"
34567.194096257495,944451,47631,1,"1"
34583.543429256802,944434,47648,1,"1"
34583.823827728818,944382,47700,4,"4"
34588.870095709419,944346,47736,2,"1-1"
34588.943359270808,944285,47797,6,"3-2-1"
34589.136518802079,944234,47848,5,"4-1"
34592.613300372155,944225,47857,1,"1"
34599.277002162351,944218,47864,1,"1"
34605.586660942849,944050,48032,16,"4-3-3-2-1-1-1-1"
34615.552564186757,944032,48050,1,"1"
34628.155675977941,944023,48059,1,"1"
34629.046025494506,944005,48077,1,"1"
34630.964046580193,943942,48140,7,"6-1"
34632.065092310891,943924,48158,1,"1"
34638.706637099938,943915,48167,1,"1"
34640.3740830569,943897,48185,1,"1"
34646.429531407412,943857,48225,4,"3-1"
34650.929959835077,943839,48243,1,"1"
34656.752183101882,943830,48252,1,"1"
34663.541343309036,943794,48288,2,"1-1"
34671.045055810922,943776,48306,1,"1"
34672.188619834742,943758,48324,1,"1"
34673.636463085546,943748,48334,1,"1"
34693.98542386997,943734,48348,1,"1"
34718.541626715494,943716,48366,1,"1"
34718.623357264907,943698,48384,1,"1"
34720.004213669657,943680,48402,1,"1"
34721.149461593115,943666,48416,1,"1"
34727.064675185,943616,48466,5,"1-1-1-1-1"
34732.941715328117,943598,48484,1,"1"
34748.945895036326,943584,48498,1,"1"
34756.510347013245,943575,48507,1,"1"
34757.103416895457,943557,48525,1,"1"
34767.612627626055,943539,48543,1,"1"
34771.027762564801,943521,48561,1,"1"
34771.94535657399,943501,48581,2,"2"
34777.5584983886,943483,48599,1,"1"
34804.009979039358,943478,48604,1,"1"
34807.332784850652,943458,48624,2,"1-1"
34807.755912182649,943404,48678,3,"2-1"
34809.513587614107,943386,48696,1,"1"
34821.869985097408,943368,48714,1,"1"
34826.318723748358,943332,48750,4,"3-1"
34827.240891156289,943314,48768,1,"1"
34827.359414143437,943296,48786,1,"1"
34828.956417307723,943278,48804,1,"1"
34836.571655841472,943244,48838,2,"1-1"
34840.767077353863,943132,48950,10,"3-3-2-1-1"
34848.312795665559,943036,49046,6,"2-1-1-1-1"
34851.157317981604,943018,49064,1,"1"
34852.412162858076,942994,49088,2,"1-1"
34862.753660473398,942955,49127,3,"2-1"
34868.833977533061,942937,49145,1,"1"
34873.033640023925,942877,49205,6,"2-2-2"
34878.209548105835,942859,49223,1,"1"
34883.019532679784,942841,49241,1,"1"
34885.678576478538,942832,49250,1,"1"
34888.488647938182,942818,49264,1,"1"
34890.442013346306,942800,49282,1,"1"
34905.103117891922,942786,49296,1,"1"
34910.109531763701,942769,49313,1,"1"
34919.976031855535,942739,49343,3,"3"
34921.945127424282,942726,49356,1,"1"
34922.567015768203,942654,49428,4,"4"
34959.894331252865,942636,49446,1,"1"
34967.562892902613,942618,49464,1,"1"
34967.61385443341,942584,49498,3,"3"
34983.977651451642,942566,49516,1,"1"
34985.138742688461,942548,49534,1,"1"
34989.747388836659,942530,49552,1,"1"
34998.601643014379,942438,49644,8,"5-2-1"
35013.803972148547,942420,49662,1,"1"
35027.290957939571,942396,49686,2,"2"
35027.988875240611,942387,49695,1,"1"
35030.541907819766,942369,49713,1,"1"
35035.128045539277,942297,49785,4,"2-2"
35045.172153787287,942284,49798,1,"1"
35047.614088095019,942262,49820,2,"1-1"
35059.287978430824,942244,49838,1,"1"
35073.054033719069,942226,49856,1,"1"
35073.187786161834,942190,49892,2,"1-1"
35073.228780649777,942152,49930,3,"2-1"
35134.396255957268,942120,49962,2,"1-1"
35146.136504725771,942115,49967,1,"1"
35149.642875504207,942029,50053,5,"2-2-1"
35149.857342794756,942011,50071,1,"1"
35153.761737553737,941993,50089,1,"1"
35153.791920166492,941953,50129,4,"2-1-1"
35153.995424642999,941871,50211,7,"3-2-1-1"
35159.967522494982,941862,50220,1,"1"
35160.811593692932,941804,50278,5,"3-1-1"
35163.889073455939,941786,50296,1,"1"
35175.667806954785,941768,50314,1,"1"
35177.849060835164,941742,50340,2,"1-1"
35183.323679434528,941666,50416,5,"2-1-1-1"
35192.995821791308,941648,50434,1,"1"
35206.308163203546,941630,50452,1,"1"
35206.769584762245,941599,50483,3,"2-1"
35207.206191728445,941581,50501,1,"1"
35213.753633501954,941545,50537,2,"1-1"
35215.975876956029,941527,50555,1,"1"
35218.878666101285,941509,50573,1,"1"
35219.16517035936,941491,50591,1,"1"
35237.315331319507,941477,50605,1,"1"
35247.804776720412,941459,50623,1,"1"
35257.713888183374,941447,50635,1,"1"
35263.085730271894,941429,50653,1,"1"
35271.018189472881,941411,50671,1,"1"
35276.413778754548,941398,50684,1,"1"
35287.458076918396,941380,50702,1,"1"
35300.992679627947,941371,50711,1,"1"
35308.429994416074,941353,50729,1,"1"
35318.359199222963,941343,50739,1,"1"
35320.659138528899,941325,50757,1,"1"
35333.282383625941,941307,50775,1,"1"
35334.719335909336,941297,50785,1,"1"
35335.66848145429,941275,50807,2,"2"
35348.879403314393,941268,50814,1,"1"
35349.412330965853,941250,50832,1,"1"
35359.049559029125,941232,50850,1,"1"
35368.399329747699,941214,50868,1,"1"
35384.747333995016,941196,50886,1,"1"
35384.882695117674,941178,50904,1,"1"
35391.617832896067,941138,50944,4,"2-2"
35403.626335040412,941116,50966,2,"2"
35405.14594349097,941080,51002,2,"2"
35409.402154893876,941044,51038,2,"2"
35410.272860255667,941034,51048,1,"1"
35412.826636001577,941016,51066,1,"1"
35420.816726118261,940998,51084,1,"1"
35441.637820945783,940962,51120,2,"2"
35447.102138170041,940928,51154,3,"2-1"
35455.901102685937,940910,51172,1,"1"
35458.601089430435,940900,51182,1,"1"
35466.44898780853,940890,51192,1,"1"
35466.646616665013,940872,51210,1,"1"
35471.143587457977,940854,51228,1,"1"
35480.591212256499,940832,51250,2,"2"
35481.469394641485,940818,51264,1,"1"
35482.246111579931,940800,51282,1,"1"
35487.91386262446,940782,51300,1,"1"
35498.656430307165,940746,51336,2,"2"
35505.65798885798,940723,51359,3,"2-1"
35510.306172480952,940687,51395,2,"2"
35514.994371983834,940660,51422,3,"2-1"
35527.341505030112,940642,51440,1,"1"
35529.220776138172,940624,51458,1,"1"
35543.148423487743,940532,51550,8,"4-2-1-1"
35543.969090075669,940514,51568,1,"1"
35551.396114724383,940509,51573,1,"1"
35559.150356436869,940455,51627,3,"2-1"
35567.167976024917,940437,51645,1,"1"
35571.158478384452,940401,51681,2,"2"
35576.316048119443,940347,51735,3,"3"
35582.238503890258,940329,51753,1,"1"
35587.272262445222,940311,51771,1,"1"
35601.406950554672,940293,51789,1,"1"
35608.628664617187,940203,51879,7,"3-2-1-1"
35609.043650365769,940190,51892,1,"1"
35610.401531473297,940129,51953,9,"4-2-2-1"
35612.417295342741,940111,51971,1,"1"
35624.730946010466,940093,51989,1,"1"
35625.072565120456,940058,52024,3,"2-1"
35627.469234588178,940032,52050,2,"1-1"
35627.733317335165,940014,52068,1,"1"
35645.752887729439,940001,52081,1,"1"
35658.202405481163,939992,52090,1,"1"
35660.347691084491,939974,52108,1,"1"
35669.061407221612,939964,52118,1,"1"
35676.642582833694,939946,52136,1,"1"
35677.299378863754,939851,52231,8,"4-2-1-1"
35698.885806858103,939819,52263,2,"1-1"
35700.869900292622,939801,52281,1,"1"
35707.873087607062,939783,52299,1,"1"
35708.198740640029,939765,52317,1,"1"
35716.475359187782,939747,52335,1,"1"
35723.759000926184,939742,52340,1,"1"
35734.582131734605,939724,52358,1,"1"
35736.555582942536,939706,52376,1,"1"
35743.707626039228,939688,52394,1,"1"
35746.171740383143,939670,52412,1,"1"
35750.389226499123,939634,52448,2,"2"
35759.437580919359,939616,52466,1,"1"
35761.979341302518,939611,52471,1,"1"
35767.090207882298,939519,52563,6,"4-1-1"
35770.390024221873,939501,52581,1,"1"
35774.271889437245,939483,52599,1,"1"
35775.327254155171,939465,52617,1,"1"
35776.304738763341,939447,52635,1,"1"
35776.475504750873,939393,52689,3,"2-1"
35789.368627568569,939357,52725,2,"2"
35793.195187253827,939339,52743,1,"1"
35823.40827875481,939322,52760,1,"1"
35827.761467144897,939304,52778,1,"1"
35858.059663343673,939294,52788,1,"1"
35864.135918707063,939276,52806,1,"1"
35898.994786177493,939258,52824,1,"1"
35914.521023673326,939240,52842,1,"1"
35934.410347669749,939222,52860,1,"1"
35948.95768461268,939205,52877,1,"1"
35956.157910596135,939193,52889,2,"1-1"
35956.765392843532,939175,52907,2,"2"
35957.730073728468,939139,52943,2,"2"
35961.382850027861,939121,52961,1,"1"
35962.371142380558,939061,53021,4,"3-1"
35964.014037294401,939056,53026,1,"1"
35965.84877432762,938990,53092,5,"2-2-1"
35971.885635647639,938972,53110,1,"1"
35981.459263215424,938936,53146,2,"1-1"
35989.207703620988,938927,53155,1,"1"
35991.31199013249,938918,53164,1,"1"
35996.287444031841,938864,53218,3,"2-1"
35997.958275110926,938846,53236,1,"1"
36003.899604381913,938828,53254,1,"1"
36009.558026180333,938811,53271,1,"1"
36019.258940239575,938793,53289,1,"1"
36025.402008374149,938783,53299,1,"1"
36030.726051395846,938765,53317,1,"1"
36039.066635654002,938755,53327,1,"1"
36055.192083624432,938737,53345,1,"1"
36056.88718487983,938719,53363,1,"1"
36066.324641162639,938710,53372,1,"1"
36079.023369416456,938690,53392,2,"2"
36079.182186589424,938672,53410,1,"1"
36095.18728233601,938659,53423,1,"1"
36108.865566503329,938641,53441,1,"1"
36117.80665858549,938623,53459,1,"1"
36133.505734628547,938605,53477,1,"1"
36139.582966588445,938557,53525,4,"3-1"
36151.459363002898,938537,53545,2,"2"
36160.472314125087,938380,53702,13,"8-3-1-1"
36184.297499849818,938236,53846,8,"4-2-2"
36193.663083821331,938226,53856,1,"1"
36211.277702440653,938190,53892,2,"2"
36225.436545103214,938178,53904,1,"1"
36254.027821240801,938168,53914,1,"1"
36254.272506958863,938148,53934,2,"1-1"
36263.785509506437,938128,53954,2,"1-1"
36269.000933111158,938110,53972,1,"1"
36283.894542310423,938092,53990,1,"1"
36293.956148192257,938064,54018,2,"1-1"
36306.198319543029,938046,54036,1,"1"
36327.970904271388,938028,54054,1,"1"
36331.819353622006,938018,54064,1,"1"
36332.207916612278,938000,54082,1,"1"
36337.09579634737,937986,54096,1,"1"
36340.288933724485,937950,54132,2,"1-1"
36351.681191098432,937932,54150,1,"1"
36359.114712982635,937914,54168,1,"1"
36359.978099682572,937900,54182,1,"1"
36365.436540245413,937882,54200,1,"1"
36371.339609281466,937869,54213,1,"1"
36375.508054687947,937851,54231,1,"1"
36377.808509665541,937833,54249,1,"1"
36378.636060733799,937815,54267,1,"1"
36383.260332342958,937806,54276,1,"1"
36400.863611999077,937797,54285,1,"1"
36411.043162318361,937779,54303,1,"1"
36412.166245203378,937761,54321,1,"1"
36415.182747365085,937743,54339,1,"1"
36425.070499844267,937725,54357,1,"1"
36426.625467492573,937713,54369,1,"1"
36429.000815395542,937695,54387,1,"1"
36432.253659112197,937673,54409,2,"1-1"
36445.803396798088,937601,54481,6,"2-1-1-1-1"
36446.671468531262,937592,54490,1,"1"
36460.807115584677,937552,54530,4,"2-1-1"
36463.24294017745,937539,54543,1,"1"
36465.098556015771,937450,54632,8,"3-2-2-1"
36469.616934232421,937432,54650,1,"1"
36473.334422048174,937419,54663,1,"1"
36474.336584921504,937401,54681,1,"1"
36482.606887036251,937383,54699,1,"1"
36484.158092923033,937353,54729,3,"2-1"
36484.445088203662,937317,54765,2,"2"
36488.48790087652,937259,54823,6,"4-1-1"
36490.774081099851,937249,54833,2,"2"
36496.297014136617,937207,54875,3,"3"
36502.522551101523,937189,54893,1,"1"
36504.200005596504,937122,54960,7,"4-2-1"
36504.596830056355,937108,54974,1,"1"
36509.253583804173,937054,55028,3,"2-1"
36512.789089327489,937036,55046,1,"1"
36523.324570966033,936969,55113,5,"2-1-1-1"
36537.650288311008,936951,55131,1,"1"
36538.72432532112,936946,55136,1,"1"
36546.670340344135,936922,55160,2,"2"
36548.073478483449,936886,55196,2,"2"
36548.822904942019,936814,55268,4,"3-1"
36549.03357918968,936796,55286,1,"1"
36559.081660254938,936778,55304,1,"1"
36571.112103844156,936742,55340,2,"2"
36573.677165758294,936671,55411,7,"2-2-1-1-1"
36574.181036623791,936653,55429,1,"1"
36583.068771710663,936635,55447,1,"1"
36591.466177982802,935719,56363,93,"7-6-5-5-4-4-4-3-3-3-3-3-3-2-2-2-2-2-2-2-2-2-2-2-2-1-1-1-1-1-1-1-1-1-1-1-1-1-1-1-1"
36602.989754004469,935671,56411,4,"4"
36608.632953605091,935653,56429,1,"1"
36623.713195059849,935635,56447,1,"1"
36631.035674208826,935617,56465,1,"1"
36641.153365282546,935586,56496,3,"2-1"
36646.179954554238,935568,56514,1,"1"
36648.800181589519,935556,56526,1,"1"
36648.948199457038,935538,56544,1,"1"
36649.463475255157,935520,56562,1,"1"
36649.70557420377,935446,56636,7,"4-1-1-1"
36649.723902522797,935411,56671,2,"1-1"
36655.292478363575,935357,56725,3,"3"
36664.63039264908,935259,56823,8,"3-2-2-1"
36665.36782517231,935241,56841,2,"2"
36666.532339894584,935227,56855,1,"1"
36675.107816164054,935191,56891,2,"2"
36678.713670764722,935173,56909,1,"1"
36686.192035106869,935164,56918,1,"1"
36690.008803349105,935128,56954,2,"2"
36705.30920046151,935092,56990,2,"1-1"
36705.917152561422,935038,57044,3,"3"
36709.443713716792,935029,57053,1,"1"
36738.739077712591,934993,57089,2,"2"
36749.179149400377,934957,57125,2,"2"
36759.464070515933,934939,57143,1,"1"
36780.445696832059,934921,57161,1,"1"
36781.231012195931,934903,57179,1,"1"
36784.174606538632,934885,57197,1,"1"
36804.03435845593,934867,57215,1,"1"
36806.999559301868,934849,57233,1,"1"
36821.384272402611,934831,57251,1,"1"
36837.875937174438,934813,57269,1,"1"
36846.771991936206,934803,57279,1,"1"
36849.001972362064,934785,57297,1,"1"
36852.727040443708,934767,57315,1,"1"
36854.81325563624,934749,57333,1,"1"
36855.58257998716,934731,57351,1,"1"
36859.356004612549,934698,57384,3,"2-1"
36862.57126713264,934676,57406,2,"2"
36865.346972208485,934658,57424,1,"1"
36865.945893776487,934622,57460,2,"2"
36869.913362683161,934608,57474,1,"1"
36870.520312348774,934598,57484,1,"1"
36876.681810434849,934580,57502,1,"1"
36883.347768807442,934575,57507,1,"1"
36906.243436556157,934539,57543,2,"2"
36912.742760618181,934521,57561,1,"1"
36931.489637817023,934395,57687,12,"2-2-2-1-1-1-1-1-1"
36936.951596582679,934359,57723,2,"1-1"
36956.919919568521,934341,57741,1,"1"
36958.377119945406,934323,57759,1,"1"
36962.300856719026,934305,57777,1,"1"
36966.254442457976,934287,57795,1,"1"
36968.321446947935,934269,57813,1,"1"
36975.174655626601,934252,57830,1,"1"
36979.981283041947,934234,57848,1,"1"
36985.569636155327,934216,57866,1,"1"
36996.669041104353,934198,57884,1,"1"
36998.51249367353,934180,57902,2,"1-1"
36998.572041932021,932189,59893,174,"6-6-5-5-5-5-4-4-4-4-3-3-3-3-3-3-3-3-3-3-3-3-2-2-2-2-2-2-2-2-2-2-2-2-2-2-2-2-2-2-2-2-2-2-2-2-2-1-1-1-1-1-1-1-1-1-1-1-1-1-1-1-1-1-1-1-1-1-1-1-1-1-1-1-1-1-1-1-1-1-1-1-1-1-1-1-1"
36999.540570360652,932159,59923,2,"1-1"
37003.867856781289,932141,59941,1,"1"
37004.939822048997,932123,59959,1,"1"
37006.138618909266,932105,59977,1,"1"
37011.978886605291,932079,60003,2,"1-1"
37016.558774126068,932065,60017,1,"1"
37027.929300450465,932043,60039,2,"1-1"
37029.131287996257,932025,60057,1,"1"
37033.395410569312,931993,60089,2,"1-1"
37037.376992804187,931984,60098,1,"1"
37046.022190646603,931966,60116,1,"1"
37053.600359908873,931930,60152,2,"1-1"
37065.177695643804,931912,60170,1,"1"
37067.195631048926,931869,60213,3,"3"
37073.856789482059,931834,60248,3,"2-1"
37086.456137028938,931825,60257,1,"1"
37086.799405470934,931807,60275,1,"1"
37090.231453745022,931755,60327,4,"2-2"
37093.957297055698,931737,60345,1,"1"
37095.319747705827,931671,60411,5,"3-1-1"
37100.098916621908,931653,60429,1,"1"
37102.49192118871,931617,60465,2,"2"
37105.797037339478,931603,60479,1,"1"
37116.653065130056,931588,60494,1,"1"
37136.883973512166,931552,60530,2,"1-1"
37148.117717822446,931534,60548,1,"1"
37149.473775272927,931498,60584,2,"2"
37155.858435328206,931470,60612,2,"2"
37162.007209233976,931420,60662,3,"2-1"
37162.845265187294,931273,60809,14,"3-3-3-1-1-1-1-1"
37167.220446128347,931237,60845,2,"1-1"
37169.328963969958,931219,60863,1,"1"
37175.26096523989,931163,60919,4,"2-1-1"
37180.826786871687,931145,60937,1,"1"
37183.505085046272,931116,60966,2,"2"
37190.870843888915,931098,60984,1,"1"
37192.485113942108,931080,61002,1,"1"
37193.066647450119,931012,61070,5,"2-2-1"
37198.019162616663,930998,61084,1,"1"
37209.054129673845,930980,61102,1,"1"
37210.160801215097,930962,61120,1,"1"
37229.79811858938,930944,61138,1,"1"
37237.503777385646,930908,61174,2,"2"
37238.607678974426,930890,61192,1,"1"
37250.448964620395,930881,61201,1,"1"
37251.736353849577,930863,61219,1,"1"
37259.064287194662,930793,61289,5,"4-1"
37265.221790561627,930775,61307,1,"1"
37266.823457058868,930757,61325,1,"1"
37266.976019189737,930744,61338,1,"1"
37277.251782066021,930726,61356,1,"1"
37278.546607854871,0,992082,52563,"52563"
