f,num_active_particles,num_deleted_particles,total_deleted_rods,avalanche_sizes
0,623114,0,0,"0"
132.4764337909713,623113,1,1,"1"
206.70070329666004,623112,2,1,"1"
419.00626307766407,623111,3,1,"1"
446.87495974296496,623108,6,1,"1"
462.8057379060732,623090,24,1,"1"
486.60657107859095,623077,37,1,"1"
519.56152866375248,623065,49,1,"1"
531.73780932305374,623064,50,1,"1"
649.10524288140095,623046,68,1,"1"
651.4603144786696,623045,69,1,"1"
747.07076286124777,623027,87,1,"1"
753.50007275355085,623013,101,1,"1"
817.29235475066662,623012,102,1,"1"
872.54124181710938,623011,103,1,"1"
963.28107714277496,623010,104,1,"1"
1029.579136833152,623009,105,1,"1"
1104.6014034733601,623008,106,1,"1"
1112.4033673424453,623007,107,1,"1"
1121.5789295569148,623006,108,1,"1"
1165.6625369288543,623005,109,1,"1"
1203.935544315799,622987,127,1,"1"
1242.4636722498601,622986,128,1,"1"
1260.2869283424279,622985,129,1,"1"
1295.8073031325084,622984,130,1,"1"
1314.1117463899568,622983,131,1,"1"
1332.7578482763145,622982,132,1,"1"
1391.8132797408155,622981,133,1,"1"
1415.0877608118717,622980,134,1,"1"
1458.2781980694765,622979,135,1,"1"
1476.2894742400781,622978,136,1,"1"
1541.8726716171532,622973,141,1,"1"
1551.922941335989,622963,151,1,"1"
1559.6482262618324,622962,152,1,"1"
1563.3419492218613,622961,153,1,"1"
1567.8553845909764,622957,157,2,"1-1"
1615.3542124310341,622956,158,1,"1"
1643.3281028540644,622955,159,1,"1"
1657.3605292261391,622954,160,1,"1"
1716.0417346915949,622936,178,1,"1"
1723.3714198416317,622935,179,1,"1"
1767.1354500465461,622926,188,1,"1"
1783.4293742601362,622925,189,1,"1"
1805.9803867788512,622924,190,1,"1"
1844.1250856261954,622923,191,1,"1"
1847.8658134562838,622913,201,1,"1"
1849.0877945718746,622912,202,1,"1"
1880.3768619187538,622894,220,1,"1"
1885.9827271060512,622893,221,1,"1"
1913.1413544739996,622892,222,1,"1"
1931.7373775587839,622891,223,1,"1"
1933.2751819535742,622873,241,1,"1"
1957.7323009663846,622864,250,1,"1"
1994.8355541099581,622863,251,1,"1"
1995.5278068711773,622860,254,1,"1"
2013.0867570819976,622859,255,1,"1"
2013.221726216223,622858,256,1,"1"
2025.0542704389654,622849,265,1,"1"
2033.5040155956656,622848,266,1,"1"
2062.4946263127354,622847,267,1,"1"
2063.0863004486409,622846,268,1,"1"
2079.7358989735008,622845,269,1,"1"
2090.9833710370253,622843,271,2,"1-1"
2111.6621870830995,622842,272,1,"1"
2111.8947461102189,622836,278,2,"2"
2140.8709122658588,622834,280,2,"2"
2151.7600647634135,622833,281,1,"1"
2158.6389342840221,622832,282,1,"1"
2163.2775551903928,622831,283,1,"1"
2167.6291076027987,622826,288,1,"1"
2173.3271201547414,622825,289,1,"1"
2191.0840366731113,622824,290,1,"1"
2194.7070185016887,622806,308,1,"1"
2213.6997643740447,622805,309,1,"1"
2227.2199842705159,622804,310,1,"1"
2227.2880698769191,622803,311,1,"1"
2257.3358492132056,622802,312,1,"1"
2260.8158079174941,622801,313,1,"1"
2263.9103754530174,622783,331,1,"1"
2265.3487952766714,622782,332,1,"1"
2269.3829113539882,622772,342,2,"2"
2274.4244675597383,622754,360,1,"1"
2305.1405795215583,622753,361,1,"1"
2345.8731505094497,622735,379,1,"1"
2347.2248528700943,622734,380,1,"1"
2402.2918374326746,622733,381,1,"1"
2408.5778592727761,622732,382,1,"1"
2432.7659354505918,622731,383,1,"1"
2461.5663857219288,622730,384,1,"1"
2471.4269013536755,622729,385,1,"1"
2476.113646941541,622728,386,1,"1"
2481.5807059857348,622722,392,2,"2"
2497.1904192777929,622721,393,1,"1"
2497.203054867126,622720,394,1,"1"
2499.9499139069731,622719,395,1,"1"
2516.597603170062,622718,396,1,"1"
2520.7371752308363,622717,397,1,"1"
2531.7289128884622,622716,398,1,"1"
2533.8229218072597,622715,399,1,"1"
2550.8614240168199,622714,400,1,"1"
2551.5720445080065,622712,402,2,"2"
2555.1589179780117,622711,403,1,"1"
2582.0950403491415,622710,404,1,"1"
2590.2203857641298,622692,422,1,"1"
2615.6611135641497,622691,423,1,"1"
2626.6456093167367,622690,424,1,"1"
2627.7973043613069,622685,429,1,"1"
2644.4989380406878,622680,434,1,"1"
2661.0370786404233,622679,435,1,"1"
2669.1656719153757,622677,437,2,"2"
2674.2207419962879,622676,438,1,"1"
2716.6252077509298,622674,440,2,"1-1"
2723.037104853549,622673,441,1,"1"
2755.7325291626184,622663,451,1,"1"
2790.5449362300451,622662,452,1,"1"
2796.4991683365338,622661,453,1,"1"
2809.722088284364,622660,454,1,"1"
2815.3808975233201,622659,455,1,"1"
2820.7196319991326,622658,456,1,"1"
2824.3218031412325,622657,457,1,"1"
2838.2342328523682,622656,458,1,"1"
2843.6773962157945,622654,460,2,"2"
2852.4501872991464,622652,462,2,"1-1"
2862.2098641802195,622651,463,1,"1"
2863.6813522935995,622650,464,1,"1"
2865.6762426856135,622632,482,1,"1"
2871.5509821587507,622631,483,1,"1"
2874.3653317376097,622613,501,1,"1"
2880.2625913324423,622612,502,1,"1"
2889.0725490896234,622594,520,1,"1"
2936.4363228593438,622592,522,2,"1-1"
2947.6236754196739,622591,523,1,"1"
2955.6691076816828,622590,524,1,"1"
2979.6120427129895,622589,525,1,"1"
2979.9478728135791,622571,543,1,"1"
2982.4195901423509,622570,544,1,"1"
3005.1201954516364,622567,547,1,"1"
3006.3283277087849,622566,548,1,"1"
3014.9426953073375,622564,550,2,"1-1"
3046.7891167201556,622563,551,1,"1"
3051.1030612263089,622549,565,1,"1"
3095.9629235080406,622548,566,1,"1"
3120.2573128297904,622530,584,1,"1"
3127.6016952494656,622529,585,1,"1"
3136.5695972808635,622528,586,1,"1"
3145.7203534719843,622510,604,1,"1"
3159.6958417427581,622500,614,1,"1"
3167.6731303448978,622499,615,1,"1"
3179.9740394692139,622498,616,1,"1"
3210.4961675832837,622497,617,1,"1"
3218.8393340035395,622487,627,1,"1"
3221.5757089857416,622486,628,1,"1"
3228.9827422745161,622474,640,1,"1"
3241.7590052849864,622473,641,1,"1"
3310.5110900092823,622464,650,1,"1"
3316.3248087699703,622463,651,1,"1"
3349.8181495134586,622449,665,1,"1"
3379.8992566606926,622448,666,1,"1"
3391.0989885786703,622447,667,1,"1"
3392.7023467472181,622446,668,1,"1"
3422.4953495305836,622445,669,1,"1"
3423.2754007713484,622444,670,1,"1"
3436.8438826728311,622426,688,1,"1"
3453.6400428266156,622424,690,2,"2"
3456.15624616795,622423,691,1,"1"
3462.3377231463178,622420,694,1,"1"
3465.5733353275255,622418,696,2,"2"
3476.1653832203679,622417,697,1,"1"
3481.1471262591685,622414,700,3,"3"
3492.3609621105347,622413,701,1,"1"
3508.1199498425999,622412,702,1,"1"
3515.8106764615732,622411,703,1,"1"
3521.9885556448403,622393,721,1,"1"
3529.9407146263043,622392,722,1,"1"
3532.5163055378052,622391,723,1,"1"
3545.8192035092661,622390,724,1,"1"
3589.2860912732144,622389,725,1,"1"
3595.2586075981208,622388,726,1,"1"
3602.0255429422718,622386,728,2,"2"
3604.2999672045262,622385,729,1,"1"
3635.100942787672,622384,730,1,"1"
3641.3877477640403,622366,748,1,"1"
3643.0224848552361,622365,749,1,"1"
3678.4850963058516,622347,767,1,"1"
3684.5164170619405,622345,769,2,"2"
3700.877804924,622344,770,1,"1"
3701.2392166615032,622326,788,1,"1"
3712.3838649833965,622323,791,1,"1"
3731.7855306556521,622322,792,1,"1"
3739.0220068010926,622321,793,1,"1"
3742.4661355632047,622303,811,1,"1"
3744.5580754339194,622285,829,1,"1"
3746.266956918194,622284,830,1,"1"
3749.260073471567,622283,831,1,"1"
3752.6682611707879,622281,833,2,"2"
3756.4061016328274,622280,834,1,"1"
3785.9165490742075,622279,835,1,"1"
3795.8823718091207,622278,836,1,"1"
3816.8232952367403,622277,837,1,"1"
3850.1851720671239,622275,839,2,"2"
3870.1763140162361,622273,841,2,"2"
3878.8778658233559,622255,859,1,"1"
3880.1298732289306,622237,877,1,"1"
3880.8747424823282,622236,878,1,"1"
3894.3107884710162,622233,881,1,"1"
3936.9313603873725,622232,882,1,"1"
3959.8557873991695,622231,883,1,"1"
3970.5365569524888,622229,885,2,"1-1"
3989.0311761516209,622228,886,1,"1"
4010.5853299163359,622226,888,2,"1-1"
4013.8612374137356,622225,889,1,"1"
4024.8203842175672,622224,890,1,"1"
4034.7354133132758,622214,900,1,"1"
4037.2142883909196,622213,901,1,"1"
4044.1344743799846,622211,903,2,"2"
4050.9785824174282,622206,908,1,"1"
4057.1297280626545,622205,909,1,"1"
4058.2480307304572,622198,916,3,"3"
4079.6602197156644,622193,921,1,"1"
4084.2455414774518,622192,922,1,"1"
4089.1880464126816,622191,923,1,"1"
4089.2434775846305,622190,924,1,"1"
4115.9958569547562,622189,925,1,"1"
4124.8615443589615,622188,926,1,"1"
4133.3103495416517,622187,927,1,"1"
4149.4347865263753,622179,935,4,"3-1"
4151.1634732685652,622178,936,1,"1"
4153.7607747013053,622177,937,1,"1"
4158.2821023868819,622175,939,2,"1-1"
4177.7496283122282,622174,940,1,"1"
4183.283283166822,622172,942,2,"2"
4210.5379611274993,622170,944,2,"2"
4215.5397079979566,622169,945,1,"1"
4219.3134348820977,622168,946,1,"1"
4222.1009060390788,622167,947,1,"1"
4225.8161558466118,622166,948,1,"1"
4233.0837700997927,622148,966,1,"1"
4242.7630626294176,622147,967,1,"1"
4283.6795261644947,622146,968,1,"1"
4285.5285946834811,622138,976,4,"3-1"
4296.0601001481091,622137,977,1,"1"
4296.6886938020307,622136,978,1,"1"
4310.9866898562996,622135,979,1,"1"
4322.3482555274823,622134,980,1,"1"
4333.4142125262752,622116,998,1,"1"
4353.0300727924823,622115,999,1,"1"
4360.3060199571155,622098,1016,1,"1"
4364.32331717938,622080,1034,1,"1"
4408.1444086895481,622079,1035,1,"1"
4423.5889301597099,622073,1041,2,"2"
4428.8689495716653,622069,1045,4,"4"
4436.6668453456805,622068,1046,1,"1"
4448.4635800938386,622067,1047,1,"1"
4448.9701711069447,622065,1049,2,"2"
4449.2786919834562,622062,1052,3,"2-1"
4459.6118388701916,622060,1054,2,"1-1"
4477.8697234648607,622059,1055,1,"1"
4497.5464946343263,622041,1073,2,"2"
4506.5395935769802,622023,1091,1,"1"
4531.1144855338971,622021,1093,2,"1-1"
4536.0613513627459,622020,1094,1,"1"
4537.5766751455512,622010,1104,1,"1"
4540.6611798214117,622009,1105,1,"1"
4541.5289746021926,622008,1106,1,"1"
4544.0235086259245,622007,1107,1,"1"
4547.6227923762535,621989,1125,1,"1"
4573.68400540324,621981,1133,4,"2-1-1"
4575.5853225267629,621977,1137,4,"2-1-1"
4592.9910332235831,621976,1138,1,"1"
4604.4215518293122,621958,1156,1,"1"
4610.3363557167049,621957,1157,1,"1"
4618.2094108888723,621956,1158,1,"1"
4622.5580635540427,621955,1159,1,"1"
4641.7721860018273,621942,1172,3,"1-1-1"
4653.8959716968729,621941,1173,1,"1"
4662.9471898131333,621923,1191,1,"1"
4670.22945569281,621909,1205,2,"2"
4677.6106967354181,621891,1223,1,"1"
4678.9430437513302,621890,1224,1,"1"
4708.1019621847918,621887,1227,1,"1"
4730.7736296275179,621869,1245,1,"1"
4732.7152708323119,621867,1247,2,"2"
4735.5638292812164,621849,1265,1,"1"
4739.496141900855,621847,1267,2,"2"
4780.9324988294784,621846,1268,1,"1"
4785.661932995712,621845,1269,1,"1"
4791.9324056228206,621844,1270,1,"1"
4797.7481029700557,621843,1271,1,"1"
4802.6603720207095,621842,1272,1,"1"
4806.4921470640729,621837,1277,1,"1"
4814.3742632597441,621836,1278,1,"1"
4831.3906004217351,621833,1281,1,"1"
4835.2460993916902,621827,1287,2,"2"
4853.7574015454411,621826,1288,1,"1"
4855.3565197773487,621825,1289,1,"1"
4860.9334362485952,621824,1290,1,"1"
4865.0450191633045,621814,1300,1,"1"
4870.7009580299473,621813,1301,1,"1"
4872.364469766002,621812,1302,1,"1"
4882.3160068465477,621811,1303,1,"1"
4890.6405508591115,621810,1304,1,"1"
4898.1695741466301,621792,1322,1,"1"
4911.7223629806304,621783,1331,1,"1"
4920.479088485502,621782,1332,1,"1"
4938.1912328559629,621781,1333,1,"1"
4945.7639711786451,621763,1351,1,"1"
4948.2993194652099,621745,1369,1,"1"
4949.4504031826073,621733,1381,1,"1"
4958.1168302695714,621730,1384,1,"1"
4960.6981637283316,621727,1387,1,"1"
4960.9213816710262,621726,1388,1,"1"
5002.8283906222978,621725,1389,1,"1"
5004.5969293432845,621724,1390,1,"1"
5006.7575721232824,621722,1392,2,"2"
5008.249629564516,621704,1410,1,"1"
5008.6233814079696,621686,1428,1,"1"
5017.7978568497465,621685,1429,1,"1"
5022.5890161271927,621683,1431,2,"2"
5024.9872635749643,621680,1434,3,"3"
5039.7801952393002,621679,1435,1,"1"
5047.0597930872318,621677,1437,2,"2"
5062.3512988993198,621676,1438,1,"1"
5093.2887795427941,621658,1456,1,"1"
5093.5813528709759,621640,1474,1,"1"
5102.6575136828706,621639,1475,1,"1"
5114.4701442976084,621638,1476,1,"1"
5115.2253403075765,621637,1477,1,"1"
5125.3139393450138,621636,1478,1,"1"
5127.3084312993187,621635,1479,1,"1"
5141.1525887154276,621634,1480,1,"1"
5142.8666360067682,621616,1498,1,"1"
5145.4350694831746,621614,1500,2,"2"
5157.9867469120918,621612,1502,2,"2"
5164.9564846898093,621611,1503,1,"1"
5177.7611526201099,621593,1521,1,"1"
5183.0134851360672,621575,1539,1,"1"
5187.7960141924277,621574,1540,1,"1"
5208.3655729874845,621573,1541,1,"1"
5212.5993918843715,621572,1542,1,"1"
5213.4085977743925,621571,1543,1,"1"
5217.6993659334667,621566,1548,1,"1"
5219.0279685306068,621565,1549,1,"1"
5224.0302328907692,621564,1550,1,"1"
5228.1923063714657,621563,1551,1,"1"
5233.4187312081922,621561,1553,2,"2"
5237.3553596353559,621559,1555,2,"1-1"
5241.2162989137096,621558,1556,1,"1"
5249.482973650518,621554,1560,4,"4"
5253.6618199821942,621553,1561,1,"1"
5257.7069910113723,621552,1562,1,"1"
5262.5424894361131,621551,1563,1,"1"
5266.6570358769004,621533,1581,1,"1"
5280.2561608018477,621532,1582,1,"1"
5280.9093730292525,621531,1583,1,"1"
5283.4877880520589,621513,1601,1,"1"
5284.1488377486285,621512,1602,1,"1"
5284.7808003978826,621502,1612,1,"1"
5285.0253226560126,621500,1614,2,"1-1"
5288.7286114685385,621499,1615,1,"1"
5305.7074402881017,621498,1616,1,"1"
5306.9308788494791,621496,1618,2,"2"
5312.7257330418142,621493,1621,3,"3"
5315.2778432289506,621491,1623,2,"2"
5315.7268699582401,621489,1625,2,"1-1"
5321.0308489844365,621488,1626,1,"1"
5321.0937666496375,621487,1627,1,"1"
5321.4215160930435,621485,1629,2,"1-1"
5327.8558264981702,621467,1647,1,"1"
5329.3663869351112,621457,1657,1,"1"
5339.3124734443973,621456,1658,1,"1"
5348.9383669669005,621455,1659,1,"1"
5361.2502093410085,621449,1665,2,"2"
5361.5689976577996,621442,1672,3,"2-1"
5362.901215360077,621441,1673,1,"1"
5362.9370687458049,621437,1677,4,"3-1"
5368.1567126784275,621423,1691,1,"1"
5390.8059729256529,621422,1692,1,"1"
5402.62753096912,621421,1693,1,"1"
5415.6693870155323,621416,1698,5,"3-2"
5416.4875816648937,621402,1712,1,"1"
5418.6953333012552,621399,1715,3,"2-1"
5422.3308148237875,621397,1717,2,"2"
5426.8511329481016,621391,1723,2,"1-1"
5439.2025889496636,621381,1733,1,"1"
5454.7916879055965,621380,1734,1,"1"
5456.0244987921233,621366,1748,2,"1-1"
5456.9435428402148,621365,1749,1,"1"
5463.0058370063252,621364,1750,1,"1"
5464.1244542876302,621346,1768,1,"1"
5475.5975744785774,621344,1770,2,"1-1"
5478.7391969218161,621343,1771,1,"1"
5489.5300788531977,621333,1781,1,"1"
5507.5969615884369,621323,1791,1,"1"
5515.309431349614,621305,1809,1,"1"
5515.5186098774448,621304,1810,1,"1"
5516.7743812242943,621286,1828,1,"1"
5527.6641161511516,621276,1838,1,"1"
5529.1853274198766,621275,1839,1,"1"
5536.8206149285043,621274,1840,1,"1"
5541.0733357410772,621273,1841,1,"1"
5542.1419647887342,621272,1842,1,"1"
5550.0927145194037,621270,1844,2,"2"
5553.9125388482553,621268,1846,2,"1-1"
5567.8300620101336,621267,1847,1,"1"
5567.9631162153719,621266,1848,1,"1"
5572.4278022985964,621248,1866,1,"1"
5577.8012667909952,621247,1867,1,"1"
5581.7086902550609,621246,1868,1,"1"
5590.0972415364449,621245,1869,1,"1"
5627.8929601351138,621235,1879,1,"1"
5627.986815496216,621234,1880,1,"1"
5629.1551219134344,621216,1898,1,"1"
5633.0999130101272,621215,1899,1,"1"
5644.6637057602356,621213,1901,2,"1-1"
5648.8245392683812,621212,1902,1,"1"
5656.7977044346753,621211,1903,1,"1"
5659.6132209019424,621206,1908,1,"1"
5667.5868968470013,621203,1911,1,"1"
5679.3372522329619,621202,1912,1,"1"
5730.525947803103,621195,1919,3,"3"
5737.6345624567648,621194,1920,1,"1"
5751.3765085874702,621191,1923,3,"3"
5766.0295442222441,621190,1924,1,"1"
5777.4047441743141,621176,1938,1,"1"
5795.369649286522,621122,1992,3,"3"
5799.3656585113504,621120,1994,2,"2"
5803.3366161941913,621119,1995,1,"1"
5833.109014680289,621101,2013,1,"1"
5839.9456334941597,621096,2018,1,"1"
5850.311811588379,621095,2019,1,"1"
5865.2621211000196,621094,2020,1,"1"
5882.3636316244883,621092,2022,2,"2"
5893.5969918790788,621089,2025,3,"3"
5949.4201810212408,621088,2026,1,"1"
5993.7934986936843,621087,2027,1,"1"
5996.7590321669832,621077,2037,1,"1"
6010.6366104126027,621068,2046,1,"1"
6018.890461984457,621067,2047,1,"1"
6049.6333156034461,621065,2049,2,"2"
6057.5982649570378,621060,2054,1,"1"
6069.4574009061034,621042,2072,1,"1"
6080.7783178808231,621023,2091,3,"3"
6099.8374657403574,621018,2096,1,"1"
6103.2002282662688,621017,2097,1,"1"
6105.0243202605579,620999,2115,1,"1"
6110.3862824318139,620994,2120,1,"1"
6116.8407904045243,620976,2138,1,"1"
6122.8229376134304,620958,2156,1,"1"
6124.1000905407291,620957,2157,1,"1"
6155.3381156857586,620955,2159,2,"2"
6163.9426314744833,620954,2160,1,"1"
6173.2788553064747,620944,2170,1,"1"
6196.6406854451852,620941,2173,3,"3"
6214.0867044436745,620923,2191,1,"1"
6264.0275446437117,620905,2209,1,"1"
6270.4992202389876,620903,2211,2,"2"
6274.5500031355805,620885,2229,1,"1"
6293.1757912388066,620880,2234,1,"1"
6310.7165735482904,620879,2235,1,"1"
6348.9710470015298,620878,2236,1,"1"
6367.3477953514721,620877,2237,1,"1"
6369.5491551294581,620859,2255,1,"1"
6386.4750333366846,620858,2256,1,"1"
6387.0957510947628,620855,2259,3,"2-1"
6389.9666561770237,620845,2269,2,"1-1"
6405.0431095610147,620831,2283,1,"1"
6405.3965571282724,620830,2284,1,"1"
6473.4944392897951,620829,2285,1,"1"
6478.9077566353617,620828,2286,1,"1"
6492.5566673689318,620810,2304,1,"1"
6497.7574814483542,620792,2322,1,"1"
6499.1689325924244,620789,2325,1,"1"
6504.4853170475099,620788,2326,1,"1"
6513.3061353226549,620783,2331,1,"1"
6520.1330678657914,620765,2349,1,"1"
6520.9057333782612,620759,2355,2,"1-1"
6527.3895910967967,620756,2358,3,"3"
6529.1462755517987,620753,2361,3,"2-1"
6542.0030396652692,620735,2379,1,"1"
6549.6126912201235,620717,2397,1,"1"
6553.9800597952872,620712,2402,1,"1"
6577.6170843187492,620708,2406,4,"4"
6577.6261977111935,620699,2415,1,"1"
6602.0038129932818,620681,2433,1,"1"
6660.4003319818867,620680,2434,1,"1"
6671.031317981824,620662,2452,1,"1"
6689.9742256004374,620653,2461,5,"4-1"
6720.0693886692779,620648,2466,1,"1"
6720.2050840328257,620630,2484,1,"1"
6753.4513283521537,620629,2485,1,"1"
6759.2275418709605,620627,2487,2,"2"
6774.9255543304353,620624,2490,1,"1"
6808.0394879748164,620623,2491,1,"1"
6816.0975722345838,620605,2509,1,"1"
6816.2186971769888,620602,2512,1,"1"
6847.2929751334759,620584,2530,1,"1"
6848.0854243261238,620575,2539,1,"1"
6849.9498814238405,620557,2557,1,"1"
6856.4913344729994,620556,2558,1,"1"
6867.2707465281665,620555,2559,1,"1"
6871.5688274144486,620537,2577,1,"1"
6875.7461592206555,620519,2595,1,"1"
6881.6897483346374,620518,2596,1,"1"
6887.6759409914557,620517,2597,1,"1"
6949.2787272939377,620514,2600,3,"2-1"
6957.078147326064,620509,2605,1,"1"
6973.1379083151332,620495,2619,1,"1"
6975.2653831932566,620477,2637,1,"1"
6976.3289119294259,620441,2673,2,"1-1"
6980.0315426866637,620430,2684,1,"1"
6997.787288447118,620416,2698,1,"1"
7004.7235942269981,620402,2712,1,"1"
7005.3446378566341,620400,2714,2,"2"
7032.2468671029483,620399,2715,1,"1"
7039.3364889760933,620389,2725,2,"2"
7040.9074756914633,620371,2743,1,"1"
7043.852085445531,620370,2744,1,"1"
7065.4088364330937,620369,2745,1,"1"
7087.0956977194837,620368,2746,1,"1"
7101.2004464086294,620363,2751,1,"1"
7103.3667086386386,620353,2761,1,"1"
7166.3434185256046,620340,2774,3,"2-1"
7179.9914827604389,620339,2775,1,"1"
7205.8976496342057,620321,2793,1,"1"
7215.8459582721762,620320,2794,1,"1"
7227.4929618007855,620302,2812,1,"1"
7229.5193864521725,620301,2813,1,"1"
7245.2682623989731,620283,2831,1,"1"
7249.3949211124727,620282,2832,1,"1"
7271.6056081008728,620281,2833,1,"1"
7278.3457784756802,620273,2841,2,"1-1"
7292.4189706772213,620272,2842,1,"1"
7323.1099787850635,620270,2844,2,"2"
7356.5985910677091,620269,2845,1,"1"
7365.768240352354,620267,2847,2,"2"
7374.5761229078562,620249,2865,1,"1"
7377.7383163815102,620231,2883,1,"1"
7403.4348768467835,620225,2889,2,"2"
7409.8117361206896,620222,2892,3,"3"
7425.7918421045697,620216,2898,2,"2"
7433.1726466055979,620215,2899,1,"1"
7433.4851841643203,620202,2912,1,"1"
7451.7672731487728,620184,2930,1,"1"
7464.7323191484456,620167,2947,1,"1"
7476.77464883425,620164,2950,3,"3"
7480.3385561309624,620163,2951,1,"1"
7487.4819116713579,620145,2969,1,"1"
7500.9475479430575,620144,2970,1,"1"
7511.6755724310115,620126,2988,1,"1"
7514.8215777085215,620108,3006,1,"1"
7515.484870160325,620098,3016,1,"1"
7519.7744224030539,620093,3021,1,"1"
7520.8808681065811,620090,3024,3,"3"
7526.7915804651284,620085,3029,1,"1"
7526.8411759133714,620083,3031,2,"1-1"
7542.5133868421626,620080,3034,1,"1"
7554.0499412437766,620070,3044,1,"1"
7556.0395098980152,620034,3080,2,"2"
7565.451707269779,620032,3082,2,"1-1"
7573.2268881904456,620014,3100,1,"1"
7578.5313932456675,620013,3101,1,"1"
7587.228691134349,619995,3119,1,"1"
7614.2094276452463,619994,3120,1,"1"
7639.2726326726479,619964,3150,3,"3"
7653.5026979274453,619963,3151,1,"1"
7661.7279342876327,619951,3163,1,"1"
7670.9245553775199,619933,3181,1,"1"
7685.8682815409602,619931,3183,2,"2"
7691.5148346950427,619929,3185,2,"1-1"
7691.9257636075508,619914,3200,3,"2-1"
7695.3186448660199,619913,3201,1,"1"
7713.8299304174461,619907,3207,2,"2"
7717.0766112938472,619889,3225,1,"1"
7718.8867687321153,619888,3226,1,"1"
7726.86132827847,619878,3236,1,"1"
7733.9942406432765,619877,3237,1,"1"
7739.0890134021556,619859,3255,1,"1"
7755.1102473428627,619841,3273,1,"1"
7757.6903983486764,619832,3282,1,"1"
7769.3633797764123,619814,3300,1,"1"
7770.6552110907351,619813,3301,1,"1"
7797.470355180737,619812,3302,1,"1"
7809.28729022071,619798,3316,2,"2"
7811.8569539815026,619797,3317,1,"1"
7813.0411283392223,619779,3335,1,"1"
7823.0539908668261,619765,3349,1,"1"
7845.4670014345693,619764,3350,1,"1"
7866.5280770098743,619763,3351,1,"1"
7883.8329308821612,619745,3369,1,"1"
7903.2102584600034,619735,3379,1,"1"
7914.0373871639158,619734,3380,1,"1"
7926.8808109189567,619733,3381,1,"1"
7931.1193926898641,619715,3399,1,"1"
7932.6508142713756,619697,3417,1,"1"
7933.9387265388614,619687,3427,1,"1"
7937.3372828715701,619674,3440,1,"1"
7946.2099790236343,619656,3458,1,"1"
7970.121970250606,619647,3467,1,"1"
7999.1174879141236,619642,3472,1,"1"
8034.4175957261587,619624,3490,1,"1"
8043.6244647343647,619613,3501,1,"1"
8074.0432051886337,619595,3519,1,"1"
8082.0653173717556,619577,3537,1,"1"
8082.8462536865754,619572,3542,1,"1"
8109.7519853971162,619562,3552,2,"2"
8136.3265647558765,619557,3557,1,"1"
8184.4892047868334,619547,3567,1,"1"
8185.483082189975,619546,3568,1,"1"
8201.7795499365566,619528,3586,1,"1"
8203.5104644818693,619510,3604,1,"1"
8226.0109318088798,619492,3622,1,"1"
8226.3548217564112,619474,3640,1,"1"
8245.6560943729728,619456,3658,1,"1"
8254.4225625261206,619431,3683,5,"4-1"
8254.8865275494409,619413,3701,1,"1"
8268.4979684281716,619395,3719,1,"1"
8276.2335617662011,619390,3724,1,"1"
8276.2416934479188,619385,3729,1,"1"
8277.069558759702,619375,3739,1,"1"
8295.4247699905009,619365,3749,1,"1"
8298.5657552284592,619347,3767,1,"1"
8301.0794645178321,619329,3785,1,"1"
8340.8502556686162,619311,3803,1,"1"
8393.4703659174756,619293,3821,1,"1"
8425.0356856555263,619275,3839,1,"1"
8437.0463932335115,619272,3842,1,"1"
8438.8264685732665,619254,3860,1,"1"
8464.6499951885689,619249,3865,1,"1"
8467.1446662256367,619248,3866,1,"1"
8471.634788131887,619230,3884,1,"1"
8529.9413466059268,619212,3902,1,"1"
8535.5355198456018,619194,3920,1,"1"
8555.2846968379108,619176,3938,1,"1"
8575.6015585967016,619158,3956,1,"1"
8590.5929048072685,619153,3961,1,"1"
8604.2814576966484,619135,3979,1,"1"
8623.6014092923251,619130,3984,1,"1"
8644.5161649850143,619112,4002,1,"1"
8649.6740744609815,619094,4020,1,"1"
8669.9997648021272,619076,4038,1,"1"
8686.2159945142866,619062,4052,2,"2"
8736.8096699693524,619044,4070,1,"1"
8773.1548399537551,619041,4073,1,"1"
8788.364171234125,619036,4078,1,"1"
8788.5587238820335,619018,4096,1,"1"
8798.064910524261,619000,4114,1,"1"
8829.6354305068289,618991,4123,1,"1"
8859.2538382515741,618973,4141,1,"1"
8863.7055733466059,618955,4159,1,"1"
8867.156649731598,618950,4164,1,"1"
8879.5521015288705,618945,4169,1,"1"
8934.0943822798945,618935,4179,2,"2"
8945.2377183605422,618917,4197,1,"1"
8967.2523909996653,618912,4202,1,"1"
8976.2348109729737,618894,4220,1,"1"
8989.7194792816717,618885,4229,1,"1"
8991.5049935518855,618880,4234,1,"1"
9006.8853765135627,618861,4253,3,"2-1"
9018.8929401062596,618843,4271,1,"1"
9051.2734866933697,618833,4281,2,"2"
9057.3575615029749,618815,4299,1,"1"
9059.2873990496173,618797,4317,1,"1"
9066.7231995809871,618777,4337,2,"2"
9086.0669332986236,618759,4355,1,"1"
9110.0362865232146,618758,4356,1,"1"
9112.0277571974857,618740,4374,1,"1"
9123.0636371078162,618730,4384,1,"1"
9124.2208166079199,618725,4389,1,"1"
9144.8890072364447,618707,4407,1,"1"
9171.4244357033258,618689,4425,1,"1"
9174.5166257170513,618671,4443,1,"1"
9174.949227682202,618653,4461,1,"1"
9179.7328198480191,618635,4479,1,"1"
9183.5067637957709,618617,4497,1,"1"
9189.5161276175531,618599,4515,1,"1"
9203.7240061068169,618589,4525,1,"1"
9216.4099745097737,618571,4543,1,"1"
9259.1796896135875,618566,4548,1,"1"
9285.0211352213864,618548,4566,1,"1"
9326.7013701710966,618530,4584,1,"1"
9357.5321553304493,618512,4602,1,"1"
9371.3790367408983,618499,4615,1,"1"
9379.242232918743,618481,4633,1,"1"
9419.2043806047404,618478,4636,1,"1"
9420.8219424678518,618460,4654,1,"1"
9429.3414326075999,618424,4690,2,"2"
9433.6942448263617,618423,4691,1,"1"
9439.5667125286654,618420,4694,3,"2-1"
9455.7065054244649,618410,4704,1,"1"
9461.424050095342,618404,4710,2,"2"
9476.1423718396018,618386,4728,1,"1"
9485.4172682007284,618368,4746,1,"1"
9522.2654774948314,618350,4764,1,"1"
9550.8996577431171,618341,4773,1,"1"
9580.5681486348894,618328,4786,3,"3"
9581.5492070208529,618321,4793,1,"1"
9585.6782403478846,618303,4811,1,"1"
9619.9373227596861,618293,4821,2,"2"
9650.2043330651577,618275,4839,1,"1"
9665.3597502437315,618263,4851,2,"1-1"
9667.9963904461802,618258,4856,1,"1"
9694.5036449046856,618240,4874,1,"1"
9709.6112658330676,618222,4892,1,"1"
9723.2535405062918,618204,4910,1,"1"
9741.4451523905554,618195,4919,1,"1"
9742.752278673197,618181,4933,1,"1"
9743.4554203724183,618163,4951,1,"1"
9776.9168398930742,618148,4966,3,"2-1"
9825.0696632994659,618145,4969,1,"1"
9836.2065328350127,618135,4979,1,"1"
9863.9658937718159,618125,4989,1,"1"
9868.8097491064091,618115,4999,1,"1"
9882.4676694288137,618107,5007,2,"2"
9892.950206374313,618102,5012,1,"1"
9925.5124191468658,618084,5030,1,"1"
9947.3695661424208,618066,5048,1,"1"
9953.407509150542,618048,5066,1,"1"
10022.390435223302,618043,5071,1,"1"
10031.042185077647,618038,5076,1,"1"
10039.301693033176,618033,5081,1,"1"
10048.102413610461,618023,5091,2,"2"
10049.026940912692,618005,5109,1,"1"
10058.995373379172,617987,5127,1,"1"
10105.19791089868,617973,5141,1,"1"
10128.383160810688,617967,5147,2,"2"
10128.793808880511,617954,5160,1,"1"
10146.149626905381,617936,5178,2,"2"
10149.7411142329,617900,5214,2,"2"
10152.23066899629,617899,5215,1,"1"
10158.452769436757,617891,5223,2,"1-1"
10171.077702155821,617890,5224,1,"1"
10176.548371080025,617872,5242,1,"1"
10215.248466166822,617863,5251,1,"1"
10216.707597818651,617862,5252,1,"1"
10216.989140461013,617844,5270,1,"1"
10227.43468931885,617826,5288,1,"1"
10227.925109693484,617821,5293,1,"1"
10254.650215186135,617816,5298,1,"1"
10275.351611283731,617798,5316,1,"1"
10283.64304862748,617780,5334,1,"1"
10286.605035204453,617766,5348,1,"1"
10288.977482628528,617746,5368,2,"2"
10337.493459977044,617741,5373,1,"1"
10347.736274439832,617729,5385,4,"4"
10385.36731083588,617719,5395,1,"1"
10387.269351710367,617716,5398,1,"1"
10393.445797705857,617698,5416,1,"1"
10412.860869693071,617680,5434,1,"1"
10413.161309295701,617675,5439,1,"1"
10416.643272287636,617657,5457,1,"1"
10455.225798058476,617639,5475,1,"1"
10490.296109762414,617634,5480,1,"1"
10499.622226146721,617625,5489,1,"1"
10514.853666065204,617612,5502,1,"1"
10519.185530315332,617594,5520,1,"1"
10519.353625936043,617576,5538,1,"1"
10535.528403433807,617558,5556,1,"1"
10542.395878567009,617553,5561,1,"1"
10542.887101706099,617535,5579,1,"1"
10562.491143741383,617517,5597,1,"1"
10563.905254194886,617507,5607,1,"1"
10585.344105711627,617497,5617,2,"1-1"
10618.409815174864,617491,5623,2,"2"
10633.088956135396,617486,5628,1,"1"
10650.546906731541,617468,5646,1,"1"
10656.675039195317,617463,5651,1,"1"
10657.213880971083,617445,5669,1,"1"
10661.960156817602,617435,5679,1,"1"
10670.683652950365,617417,5697,1,"1"
10693.90608149857,617399,5715,1,"1"
10700.773151400053,617381,5733,1,"1"
10724.224218911353,617363,5751,1,"1"
10731.787105320278,617345,5769,1,"1"
10743.954199144984,617327,5787,1,"1"
10774.505986264487,617322,5792,1,"1"
10782.01038972877,617308,5806,1,"1"
10783.029003131011,617294,5820,4,"3-1"
10814.532397523972,617276,5838,1,"1"
10819.820005867681,617258,5856,1,"1"
10824.208624530514,617224,5890,3,"3"
10879.108072874391,617219,5895,1,"1"
10911.919386913567,617201,5913,1,"1"
10919.477946601381,617183,5931,1,"1"
10943.229343047959,617165,5949,1,"1"
10952.840476008805,617129,5985,2,"2"
10958.476324865253,617124,5990,1,"1"
10976.281147823878,617106,6008,1,"1"
10976.789844798668,617088,6026,1,"1"
11035.090793291618,617070,6044,1,"1"
11040.798410616757,617060,6054,1,"1"
11052.154485414872,617055,6059,1,"1"
11056.807730141079,617050,6064,1,"1"
11065.301175431678,617032,6082,1,"1"
11075.920088440858,617014,6100,1,"1"
11080.860014988592,617005,6109,1,"1"
11096.783203795987,616987,6127,1,"1"
11098.751656987501,616969,6145,1,"1"
11111.061912316094,616959,6155,2,"2"
11115.758269033871,616947,6167,4,"3-1"
11121.468761974267,616929,6185,1,"1"
11148.451291227148,616916,6198,3,"2-1"
11150.529250720776,616906,6208,1,"1"
11177.30321093665,616901,6213,1,"1"
11200.712407304252,616883,6231,1,"1"
11204.035957323196,616873,6241,2,"2"
11209.795434018075,616860,6254,1,"1"
11212.903321880789,616824,6290,2,"2"
11231.16596433043,616814,6300,2,"1-1"
11231.486516470408,616796,6318,1,"1"
11243.323392608652,616791,6323,1,"1"
11244.901839618266,616773,6341,1,"1"
11245.783597068152,616756,6358,1,"1"
11258.797660400585,616738,6376,1,"1"
11265.396361763669,616729,6385,1,"1"
11282.170711349216,616711,6403,1,"1"
11286.297098008921,616693,6421,1,"1"
11304.541368422922,616675,6439,1,"1"
11307.087167620733,616657,6457,1,"1"
11309.229372026972,616639,6475,1,"1"
11313.115562024663,616621,6493,1,"1"
11313.275725382511,616616,6498,1,"1"
11325.148763601668,616613,6501,1,"1"
11334.368497177818,616595,6519,1,"1"
11371.039521853083,616577,6537,1,"1"
11374.58098208515,616563,6551,1,"1"
11378.395862077097,616553,6561,1,"1"
11382.385571356397,616535,6579,1,"1"
11394.931686182186,616528,6586,1,"1"
11395.517317393656,616510,6604,1,"1"
11420.848432600822,616492,6622,1,"1"
11428.685944635259,616482,6632,1,"1"
11435.308100755497,616454,6660,4,"4"
11445.312249297787,616439,6675,1,"1"
11457.100656171704,616425,6689,1,"1"
11467.933301301,616407,6707,1,"1"
11472.19476003747,616389,6725,1,"1"
11476.872464937065,616376,6738,1,"1"
11482.154827887076,616358,6756,1,"1"
11491.098389259549,616349,6765,1,"1"
11491.174516745616,616335,6779,1,"1"
11494.479725173682,616311,6803,2,"2"
11501.221076920079,616293,6821,1,"1"
11506.4915340221,616275,6839,1,"1"
11513.487410559805,616257,6857,1,"1"
11514.758122248759,616243,6871,2,"2"
11542.015286372583,616225,6889,1,"1"
11547.284050313878,616210,6904,3,"2-1"
11549.481978818239,616204,6910,2,"2"
11559.178784557982,616201,6913,1,"1"
11565.644864080477,616183,6931,1,"1"
11587.160578320587,616165,6949,1,"1"
11594.193478112133,616147,6967,1,"1"
11598.934906048868,616129,6985,1,"1"
11603.726416331745,616111,7003,1,"1"
11605.045949388721,616102,7012,1,"1"
11609.379648579088,616097,7017,1,"1"
11651.437666324795,616071,7043,2,"1-1"
11668.546135799346,616064,7050,1,"1"
11679.48482897732,616059,7055,1,"1"
11706.663079952799,616023,7091,2,"2"
11766.608683949724,616009,7105,1,"1"
11794.707005094948,616002,7112,1,"1"
11803.904387433773,615992,7122,1,"1"
11809.197386266404,615987,7127,1,"1"
11844.685242721449,615969,7145,1,"1"
11850.748891727011,615951,7163,1,"1"
11889.528281851548,615933,7181,1,"1"
11910.322903654958,615915,7199,1,"1"
11935.99175573088,615912,7202,1,"1"
11940.985780193207,615905,7209,1,"1"
11947.656912467624,615896,7218,1,"1"
11947.73703121098,615891,7223,1,"1"
11962.627190167652,615877,7237,1,"1"
11981.980920167931,615859,7255,1,"1"
12005.030212600885,615851,7263,2,"2"
12005.99679025616,615833,7281,1,"1"
12012.132237098218,615823,7291,1,"1"
12016.352405550548,615813,7301,1,"1"
12017.521569503055,615795,7319,1,"1"
12018.191795341661,615777,7337,1,"1"
12020.356846976814,615759,7355,1,"1"
12020.738265139657,615741,7373,1,"1"
12025.591087707153,615723,7391,1,"1"
12047.632729759533,615705,7409,1,"1"
12060.407312969694,615687,7427,1,"1"
12066.041613624298,615665,7449,6,"6"
12088.165616631579,615629,7485,2,"2"
12096.76499944195,615611,7503,1,"1"
12098.529881868026,615593,7521,1,"1"
12104.574722583478,615557,7557,2,"2"
12109.872880039504,615539,7575,1,"1"
12126.041633850049,615522,7592,1,"1"
12147.130054602563,615517,7597,1,"1"
12148.938663763192,615507,7607,1,"1"
12176.954764150694,615489,7625,1,"1"
12207.645876040002,615480,7634,1,"1"
12269.065198729435,615462,7652,1,"1"
12271.642657549981,615453,7661,1,"1"
12294.37184426461,615435,7679,1,"1"
12297.21993347289,615421,7693,1,"1"
12340.128777491098,615403,7711,1,"1"
12363.774819206435,615398,7716,1,"1"
12367.407053982308,615393,7721,1,"1"
12387.074266475576,615387,7727,2,"2"
12394.51285835493,615382,7732,1,"1"
12397.478847199734,615364,7750,1,"1"
12401.291660643155,615328,7786,2,"2"
12447.102238068674,615318,7796,2,"2"
12454.253539287747,615315,7799,1,"1"
12456.054600233378,615312,7802,1,"1"
12457.852633494305,615302,7812,2,"2"
12463.527314981224,615293,7821,1,"1"
12464.755667831198,615276,7838,1,"1"
12466.989677081117,615222,7892,4,"3-1"
12492.221663636286,615204,7910,1,"1"
12513.621986509579,615186,7928,1,"1"
12517.294630543673,615168,7946,1,"1"
12530.824353744154,615150,7964,1,"1"
12533.386510854998,615132,7982,1,"1"
12536.677220274747,615122,7992,1,"1"
12539.991111140087,615104,8010,1,"1"
12586.568967179799,615086,8028,1,"1"
12586.581337552556,615068,8046,1,"1"
12589.669522446413,615050,8064,1,"1"
12621.324687784907,615036,8078,1,"1"
12652.79329194389,615018,8096,1,"1"
12676.104346490121,615003,8111,3,"2-1"
12685.061806245672,614993,8121,1,"1"
12692.215352450274,614983,8131,1,"1"
12696.109277728505,614980,8134,1,"1"
12714.165997694103,614960,8154,2,"2"
12720.435969874412,614942,8172,1,"1"
12768.508481911756,614937,8177,1,"1"
12779.740932405706,614932,8182,1,"1"
12784.747903140866,614914,8200,1,"1"
12792.752267008504,614901,8213,1,"1"
12794.918689237953,614883,8231,1,"1"
12804.721434933504,614846,8268,7,"2-1-1-1-1-1"
12805.273475880742,614843,8271,1,"1"
12861.060788130821,614829,8285,2,"2"
12861.886950298936,614811,8303,1,"1"
12863.482595530775,614793,8321,1,"1"
12880.546952746558,614775,8339,1,"1"
12888.472521671143,614757,8357,1,"1"
12893.960901855253,614752,8362,1,"1"
12952.414983455215,614738,8376,1,"1"
12961.519661534789,614733,8381,1,"1"
12989.276458134098,614715,8399,1,"1"
13007.619136836294,614648,8466,8,"6-1-1"
13022.788608947967,614643,8471,1,"1"
13023.454218066676,614625,8489,1,"1"
13046.674601315579,614611,8503,1,"1"
13049.599239402169,614606,8508,1,"1"
13052.207126242529,614588,8526,1,"1"
13061.652174837183,614570,8544,2,"2"
13064.425637260871,614552,8562,1,"1"
13069.316588450585,614549,8565,1,"1"
13080.783536630115,614531,8583,1,"1"
13109.068850537024,614528,8586,1,"1"
13115.944005039302,614515,8599,3,"3"
13134.514261037588,614510,8604,1,"1"
13136.568443466529,614492,8622,1,"1"
13139.30874022498,614474,8640,1,"1"
13146.323868512171,614456,8658,1,"1"
13156.117446055408,614451,8663,1,"1"
13164.878543663272,614431,8683,2,"1-1"
13206.731896634337,614426,8688,1,"1"
13248.100015493666,614402,8712,2,"2"
13250.747427319026,614392,8722,1,"1"
13266.498572920438,614353,8761,7,"3-1-1-1-1"
13292.018672622982,614335,8779,1,"1"
13298.8825536776,614317,8797,1,"1"
13305.615371510885,614296,8818,3,"3"
13315.048253338267,614291,8823,1,"1"
13317.981996049222,614272,8842,3,"3"
13324.434120323722,614260,8854,1,"1"
13364.156495438971,614251,8863,1,"1"
13367.824437599875,614233,8881,1,"1"
13380.459349818842,614215,8899,1,"1"
13386.136362156674,614186,8928,3,"1-1-1"
13404.955715042406,614173,8941,1,"1"
13419.060376195184,614168,8946,1,"1"
13433.771225735807,614150,8964,1,"1"
13441.399091857436,614132,8982,1,"1"
13467.664121625623,614113,9001,3,"2-1"
13476.95901899465,614099,9015,1,"1"
13477.200608014839,614096,9018,1,"1"
13477.303144405274,614078,9036,1,"1"
13489.515162071217,614075,9039,1,"1"
13514.471218413708,614039,9075,2,"1-1"
13517.009868724115,614003,9111,2,"2"
13526.281386389512,613975,9139,2,"2"
13570.173444439883,613972,9142,1,"1"
13592.280140569746,613963,9151,1,"1"
13598.687466859998,613945,9169,1,"1"
13606.938452752702,613927,9187,1,"1"
13616.870414684003,613908,9206,3,"2-1"
13629.46228993122,613888,9226,2,"2"
13634.014792601343,613870,9244,1,"1"
13640.526721421067,613867,9247,1,"1"
13684.410356938834,613843,9271,4,"3-1"
13686.048577753938,613825,9289,1,"1"
13691.173696447884,613820,9294,1,"1"
13699.16510325783,613810,9304,1,"1"
13712.574092981868,613800,9314,2,"1-1"
13716.636433896463,613790,9324,2,"2"
13720.055259496801,613772,9342,1,"1"
13740.853794981955,613762,9352,1,"1"
13752.66885035781,613744,9370,1,"1"
13761.945074780906,613734,9380,1,"1"
13764.158415980428,613718,9396,1,"1"
13767.080124188684,613700,9414,1,"1"
13768.425552261308,613697,9417,1,"1"
13775.729945408235,613685,9429,2,"2"
13776.346144285601,613680,9434,1,"1"
13778.116972148096,613662,9452,1,"1"
13781.180812388004,613657,9457,1,"1"
13783.177800480807,613639,9475,1,"1"
13788.279805626071,613625,9489,1,"1"
13791.469059531208,613611,9503,1,"1"
13791.901698506839,613593,9521,1,"1"
13793.238911212862,613583,9531,1,"1"
13798.590614824885,613578,9536,1,"1"
13801.448701516321,613560,9554,1,"1"
13825.836727982383,613542,9572,1,"1"
13837.735108696079,613532,9582,1,"1"
13840.556859579865,613510,9604,2,"2"
13841.484085919501,613492,9622,1,"1"
13855.431191948566,613474,9640,1,"1"
13873.655993477185,613460,9654,2,"2"
13890.939293473706,613450,9664,2,"1-1"
13892.680265001176,613447,9667,1,"1"
13920.573079958203,613419,9695,2,"1-1"
13931.322575576783,613416,9698,1,"1"
13948.569738504068,613392,9722,2,"2"
13953.393581940174,613374,9740,1,"1"
13963.484227887175,613356,9758,1,"1"
13995.46346940617,613338,9776,1,"1"
14004.178400477707,613333,9781,1,"1"
14038.398500585325,613315,9799,1,"1"
14044.107074061581,613308,9806,1,"1"
14045.635366953253,613290,9824,2,"2"
14047.320047521673,613280,9834,2,"2"
14054.891512097407,613266,9848,1,"1"
14073.547750653453,613255,9859,1,"1"
14084.630587580526,613237,9877,1,"1"
14084.912630523242,613219,9895,1,"1"
14091.909725954312,613183,9931,2,"1-1"
14114.177502305587,613147,9967,3,"3"
14117.873050926701,613129,9985,1,"1"
14141.322376944037,613119,9995,1,"1"
14145.419093239319,613082,10032,5,"5"
14148.627727978002,613064,10050,1,"1"
14156.503470817532,613055,10059,1,"1"
14169.465945767774,613037,10077,1,"1"
14182.144653714628,613023,10091,1,"1"
14184.001962709212,613005,10109,1,"1"
14243.170300951861,612995,10119,1,"1"
14253.268390702953,612975,10139,2,"1-1"
14258.290335809465,612957,10157,1,"1"
14258.716608904593,612922,10192,3,"2-1"
14275.164483078335,612905,10209,1,"1"
14290.585571920328,612887,10227,1,"1"
14294.813987117413,612851,10263,2,"2"
14297.278512559133,612848,10266,1,"1"
14305.727202300501,612830,10284,1,"1"
14308.942134270674,612812,10302,1,"1"
14320.019307918616,612807,10307,1,"1"
14324.998358451632,612804,10310,1,"1"
14337.850353796639,612794,10320,1,"1"
14355.272022074614,612740,10374,3,"3"
14357.076460660019,612722,10392,1,"1"
14368.993046712687,612704,10410,1,"1"
14385.832382463677,612698,10416,2,"2"
14395.492223903964,612680,10434,1,"1"
14399.153971500769,612675,10439,1,"1"
14411.289931927487,612639,10475,2,"2"
14477.589195068667,612603,10511,2,"2"
14479.366155772945,612585,10529,1,"1"
14487.90865727556,612575,10539,1,"1"
14491.324255763031,612568,10546,1,"1"
14508.194966032823,612550,10564,1,"1"
14516.392095859488,612532,10582,1,"1"
14517.046198745742,612523,10591,1,"1"
14531.931196749072,612505,10609,1,"1"
14538.459742186238,612487,10627,1,"1"
14546.181330248914,612469,10645,1,"1"
14574.31692994956,612459,10655,2,"2"
14574.768660150154,612445,10669,1,"1"
14585.275794565561,612427,10687,1,"1"
14600.428750955341,612391,10723,2,"1-1"
14603.048255139831,612373,10741,1,"1"
14610.423601187142,612355,10759,1,"1"
14619.80514067152,612337,10777,1,"1"
14620.552493200925,612332,10782,1,"1"
14626.869434605591,612314,10800,1,"1"
14646.118234662596,612296,10818,1,"1"
14647.275720292166,612281,10833,3,"3"
14659.987701509288,612263,10851,1,"1"
14678.998369272482,612245,10869,1,"1"
14681.212047790114,612227,10887,1,"1"
14718.104134592753,612209,10905,1,"1"
14724.35162082388,612191,10923,1,"1"
14731.185993865876,612186,10928,1,"1"
14773.523236639745,612168,10946,1,"1"
14788.134618018659,612150,10964,1,"1"
14839.750596837059,612132,10982,1,"1"
14875.849384891735,612114,11000,1,"1"
14914.770360996292,612094,11020,2,"1-1"
14916.561995077929,612084,11030,2,"2"
14917.403921367391,612066,11048,1,"1"
14918.308812623945,612048,11066,1,"1"
14947.353080718531,612010,11104,3,"3"
14955.95404361972,611992,11122,1,"1"
14958.372034026737,611956,11158,2,"1-1"
14965.303096408667,611942,11172,1,"1"
14976.00575566495,611902,11212,4,"2-2"
14993.965570648725,611895,11219,1,"1"
15002.298351692774,611877,11237,1,"1"
15020.793923948684,611852,11262,3,"2-1"
15032.755177433964,611834,11280,1,"1"
15032.999145360045,611819,11295,3,"2-1"
15036.363146507869,611809,11305,1,"1"
15042.349753582715,611791,11323,1,"1"
15048.605065391474,611786,11328,1,"1"
15067.179902311749,611768,11346,1,"1"
15092.109028757401,611750,11364,1,"1"
15103.334530445623,611696,11418,3,"2-1"
15136.928351705052,611687,11427,1,"1"
15142.379625545031,611669,11445,1,"1"
15144.882030985991,611651,11463,1,"1"
15158.929484690661,611646,11468,1,"1"
15172.509411396582,611643,11471,1,"1"
15174.52363314976,611625,11489,1,"1"
15181.424643848606,611615,11499,2,"2"
15209.698893171057,611610,11504,1,"1"
15226.676218646848,611592,11522,1,"1"
15226.713685162656,611574,11540,1,"1"
15240.121852380656,611556,11558,2,"1-1"
15245.673968278339,611520,11594,2,"1-1"
15255.175810766084,611500,11614,2,"1-1"
15261.081098215429,611482,11632,1,"1"
15269.436992341331,611473,11641,1,"1"
15287.757421698461,611455,11659,1,"1"
15288.770781403431,611450,11664,1,"1"
15292.025708894811,611432,11682,1,"1"
15300.324315255106,611396,11718,2,"2"
15313.731223586503,611378,11736,1,"1"
15316.838642445604,611360,11754,1,"1"
15319.557754317893,611324,11790,2,"2"
15322.220401775168,611314,11800,2,"1-1"
15329.152675555137,611309,11805,1,"1"
15333.871450985744,611291,11823,1,"1"
15343.434132748083,611272,11842,3,"3"
15344.182376490862,611254,11860,1,"1"
15350.010973467701,611220,11894,4,"3-1"
15356.062340417031,611202,11912,1,"1"
15357.536532176548,611193,11921,1,"1"
15380.074221725446,611184,11930,1,"1"
15392.295652721701,611173,11941,1,"1"
15404.071281322751,611155,11959,1,"1"
15418.689756970622,611137,11977,1,"1"
15419.920944374353,611127,11987,1,"1"
15436.920599660962,611118,11996,1,"1"
15450.31329221761,611113,12001,1,"1"
15459.960661062723,611108,12006,1,"1"
15482.845361770935,611090,12024,1,"1"
15487.563971124879,611072,12042,1,"1"
15496.18236256327,611054,12060,1,"1"
15534.45887746313,611036,12078,1,"1"
15546.423409983594,611027,12087,1,"1"
15550.538896818683,611022,12092,1,"1"
15557.547450017708,610990,12124,4,"2-1-1"
15580.098966507559,610972,12142,1,"1"
15590.198993881269,610954,12160,1,"1"
15597.020180052263,610936,12178,1,"1"
15598.716477717509,610900,12214,3,"3"
15599.644795819962,610882,12232,1,"1"
15610.102321835377,610854,12260,2,"2"
15616.849030185351,610836,12278,1,"1"
15619.327441982998,610826,12288,2,"1-1"
15623.2942548144,610789,12325,4,"3-1"
15627.825691329004,610753,12361,2,"2"
15662.564710663031,610743,12371,1,"1"
15672.519153539444,610725,12389,1,"1"
15673.980631838736,610720,12394,1,"1"
15688.348717300529,610702,12412,1,"1"
15690.550844652105,610693,12421,1,"1"
15695.656012030806,610657,12457,2,"2"
15703.283698206795,610639,12475,1,"1"
15711.806609642159,610621,12493,1,"1"
15728.927762691255,610603,12511,1,"1"
15737.983520066222,610585,12529,1,"1"
15739.403294423408,610580,12534,1,"1"
15744.19750017166,610544,12570,2,"2"
15744.802661823878,610534,12580,1,"1"
15754.85015564768,610529,12585,1,"1"
15757.437663998344,610511,12603,1,"1"
15757.563309944575,610493,12621,1,"1"
15774.843444921542,610475,12639,1,"1"
15778.710596098537,610457,12657,1,"1"
15792.269269884926,610452,12662,1,"1"
15803.788750981537,610444,12670,2,"2"
15820.442796683463,610432,12682,1,"1"
15829.676493170264,610414,12700,1,"1"
15860.420346224839,610408,12706,2,"2"
15866.308001658566,610398,12716,1,"1"
15880.240076154727,610380,12734,1,"1"
15893.988872246426,610377,12737,1,"1"
15921.486502313828,610359,12755,1,"1"
15928.981539481267,610346,12768,1,"1"
15929.020116944008,610319,12795,3,"2-1"
15944.447056928335,610301,12813,1,"1"
15946.402980741603,610283,12831,1,"1"
15956.28627738091,610278,12836,1,"1"
15966.404749538802,610242,12872,2,"2"
15980.848714145059,610224,12890,1,"1"
16003.02938533883,610221,12893,1,"1"
16007.990084390958,610203,12911,1,"1"
16022.202702712046,610185,12929,1,"1"
16022.901818078288,610176,12938,1,"1"
16069.916363959694,610144,12970,2,"2"
16073.884116228657,610115,12999,5,"3-1-1"
16077.499127786237,610097,13017,1,"1"
16078.811998644484,610092,13022,1,"1"
16110.929576298882,610080,13034,1,"1"
16114.04784857696,610062,13052,1,"1"
16135.696971053098,610044,13070,1,"1"
16158.389031126326,610026,13088,1,"1"
16172.812058942032,610008,13106,1,"1"
16189.470255096536,610001,13113,1,"1"
16203.511090671929,609996,13118,1,"1"
16203.927831905801,609960,13154,2,"2"
16205.598231134649,609942,13172,1,"1"
16213.317459832902,609921,13193,3,"2-1"
16213.506542578587,609903,13211,1,"1"
16219.326191944945,609885,13229,1,"1"
16251.974962823439,609847,13267,3,"2-1"
16254.440394538649,609829,13285,1,"1"
16256.387447960731,609811,13303,1,"1"
16264.935830884271,609793,13321,1,"1"
16273.329600443201,609754,13360,7,"6-1"
16276.200466629161,609736,13378,1,"1"
16288.760588169052,609718,13396,1,"1"
16297.612658711412,609711,13403,1,"1"
16300.876819442701,609706,13408,1,"1"
16334.394304828011,609688,13426,1,"1"
16351.226653857642,609674,13440,1,"1"
16371.713273731186,609669,13445,1,"1"
16374.855747426578,609652,13462,1,"1"
16392.05253550761,609624,13490,3,"2-1"
16401.764873178436,609606,13508,1,"1"
16410.389681544228,609601,13513,1,"1"
16439.240263973119,609583,13531,1,"1"
16445.018735688187,609550,13564,4,"2-1-1"
16480.89020529496,609532,13582,1,"1"
16489.68944871128,609514,13600,1,"1"
16490.785189941384,609496,13618,1,"1"
16495.721002346239,609473,13641,3,"2-1"
16499.504178128591,609455,13659,1,"1"
16501.503364652544,609437,13677,1,"1"
16518.291135549513,609419,13695,1,"1"
16530.611413675502,609401,13713,1,"1"
16554.539028774514,609392,13722,1,"1"
16558.759462186907,609387,13727,1,"1"
16563.466596692622,609337,13777,10,"3-2-2-1-1-1"
16566.245763216684,609328,13786,1,"1"
16574.750111160192,609310,13804,1,"1"
16577.057237544956,609295,13819,1,"1"
16582.282788394943,609277,13837,1,"1"
16593.728713369615,609241,13873,6,"2-1-1-1-1"
16618.633422356608,609228,13886,1,"1"
16628.867025707474,609206,13908,4,"2-1-1"
16653.007136235246,609180,13934,2,"1-1"
16662.295889520301,609162,13952,1,"1"
16663.171443412513,609152,13962,1,"1"
16675.687263910957,609116,13998,2,"2"
16700.376839721044,609107,14007,1,"1"
16703.549043366726,609089,14025,1,"1"
16715.830088188424,609079,14035,2,"2"
16721.30174549283,609070,14044,1,"1"
16724.904363344154,609060,14054,1,"1"
16737.043303783783,609051,14063,1,"1"
16766.21459287954,609033,14081,1,"1"
16772.202245231347,609015,14099,1,"1"
16818.248190585393,608997,14117,1,"1"
16833.999238897875,608979,14135,1,"1"
16846.867556197776,608961,14153,1,"1"
16849.164365560147,608951,14163,1,"1"
16860.320217142511,608933,14181,1,"1"
16873.735612102068,608924,14190,1,"1"
16885.813303684343,608906,14208,1,"1"
16885.888687695307,608888,14226,1,"1"
16912.288619413041,608870,14244,1,"1"
16912.461828323343,608853,14261,1,"1"
16935.118078940133,608842,14272,1,"1"
16938.491264116496,608824,14290,1,"1"
16948.660869830823,608806,14308,1,"1"
16967.720177906245,608788,14326,1,"1"
16967.811507838956,608774,14340,1,"1"
16977.709139330469,608714,14400,8,"3-2-1-1-1"
16984.518589663581,608688,14426,2,"2"
16989.024325617862,608683,14431,1,"1"
16989.470418551322,608669,14445,1,"1"
16995.176076429183,608651,14463,1,"1"
16995.574210925672,608633,14481,1,"1"
16997.083080658933,608615,14499,1,"1"
16998.060098961018,608599,14515,1,"1"
16998.25544589842,608594,14520,1,"1"
17008.690459646212,608566,14548,2,"2"
17020.474449934831,608536,14578,2,"2"
17037.74098834398,608518,14596,1,"1"
17073.189884193816,608500,14614,1,"1"
17076.476727778263,608482,14632,1,"1"
17077.672941701672,608464,14650,1,"1"
17090.116043300135,608446,14668,1,"1"
17090.522259241869,608410,14704,2,"2"
17092.028817411818,608392,14722,1,"1"
17093.327519435181,608374,14740,1,"1"
17101.154481847512,608356,14758,1,"1"
17101.794617133812,608346,14768,1,"1"
17101.841111907044,608328,14786,1,"1"
17108.681304133548,608321,14793,1,"1"
17122.819701571345,608303,14811,1,"1"
17124.891701921384,608293,14821,1,"1"
17125.602226534196,608283,14831,2,"2"
17139.482377083023,608239,14875,4,"3-1"
17144.813915736202,608229,14885,1,"1"
17145.799353281785,608211,14903,1,"1"
17147.471200974527,608193,14921,1,"1"
17155.036346817378,608165,14949,4,"3-1"
17156.197268974149,608127,14987,3,"2-1"
17166.6416339764,608109,15005,1,"1"
17169.439756188822,608091,15023,1,"1"
17179.517637431178,608082,15032,1,"1"
17179.605504261574,608064,15050,1,"1"
17187.70382021365,608046,15068,1,"1"
17200.505340186632,608028,15086,1,"1"
17220.04449527591,608010,15104,1,"1"
17245.11038440324,608000,15114,1,"1"
17245.705180821937,607990,15124,1,"1"
17252.163300796517,607983,15131,1,"1"
17255.631898757914,607978,15136,1,"1"
17262.481317478232,607966,15148,1,"1"
17265.994742153001,607948,15166,1,"1"
17284.102906549295,607943,15171,1,"1"
17300.11840668205,607925,15189,1,"1"
17302.476732053303,607907,15207,1,"1"
17316.557681604863,607889,15225,1,"1"
17319.25563120894,607871,15243,1,"1"
17321.517614071745,607853,15261,1,"1"
17323.29363913144,607817,15297,2,"2"
17325.275476688425,607812,15302,1,"1"
17326.12215276845,607802,15312,1,"1"
17335.185524771172,607784,15330,1,"1"
17351.80183062395,607766,15348,1,"1"
17353.260079732419,607746,15368,2,"1-1"
17369.472598499608,607728,15386,1,"1"
17370.527759932851,607710,15404,1,"1"
17371.685431633177,607692,15422,1,"1"
17371.978363785856,607683,15431,1,"1"
17375.065029912526,607660,15454,5,"3-1-1"
17375.94174153277,607642,15472,1,"1"
17385.978539207372,607624,15490,1,"1"
17388.041575423442,607606,15508,1,"1"
17406.680387250384,607588,15526,1,"1"
17435.323720657998,607570,15544,1,"1"
17458.972006175303,607552,15562,1,"1"
17464.075044836231,607534,15580,1,"1"
17468.370626160508,607506,15608,2,"2"
17474.190152655523,607488,15626,1,"1"
17484.299939335026,607470,15644,1,"1"
17529.475663282596,607452,15662,1,"1"
17540.353896452754,607443,15671,1,"1"
17540.9595557104,607425,15689,1,"1"
17545.026360747583,607420,15694,1,"1"
17553.391414531899,607402,15712,1,"1"
17557.982390202702,607384,15730,1,"1"
17569.061535862264,607366,15748,1,"1"
17589.575659724345,607348,15766,1,"1"
17612.105307229613,607343,15771,1,"1"
17614.987925670754,607325,15789,1,"1"
17619.753376478267,607307,15807,1,"1"
17631.148345829333,607289,15825,1,"1"
17635.495970053315,607269,15845,2,"1-1"
17645.037222160117,607251,15863,1,"1"
17651.611268981495,607233,15881,1,"1"
17651.7820007558,607215,15899,1,"1"
17657.345417169039,607205,15909,1,"1"
17685.537432887857,607187,15927,1,"1"
17689.37428981996,607169,15945,1,"1"
17701.694448506798,607133,15981,2,"1-1"
17712.191117565479,607115,15999,1,"1"
17718.551962878359,607108,16006,1,"1"
17719.03819252153,607090,16024,1,"1"
17723.800904947348,607040,16074,6,"3-1-1-1"
17728.819150387335,607022,16092,1,"1"
17736.74704196836,607004,16110,1,"1"
17742.609924113825,606997,16117,1,"1"
17755.494693118209,606979,16135,1,"1"
17756.9981141145,606961,16153,1,"1"
17766.191107064831,606951,16163,2,"1-1"
17780.27676512202,606933,16181,1,"1"
17782.352272561686,606900,16214,5,"3-2"
17782.582554250632,606882,16232,1,"1"
17785.365268165158,606872,16242,1,"1"
17812.414877134648,606836,16278,2,"2"
17825.026547921621,606804,16310,2,"2"
17830.79037273737,606786,16328,1,"1"
17834.579610365694,606781,16333,1,"1"
17836.21721324568,606761,16353,2,"2"
17839.976753726824,606750,16364,1,"1"
17840.385954547186,606732,16382,1,"1"
17842.682469416803,606713,16401,3,"3"
17850.511282361796,606677,16437,2,"2"
17851.444792010014,606655,16459,2,"1-1"
17851.67919231112,606646,16468,1,"1"
17852.443517118863,606628,16486,1,"1"
17854.473544044467,606592,16522,2,"1-1"
17865.789224327895,606582,16532,2,"1-1"
17869.037491209241,606564,16550,1,"1"
17879.735478075563,606546,16568,1,"1"
17887.20588023727,606528,16586,1,"1"
17888.366126336838,606510,16604,1,"1"
17900.97872005478,606499,16615,1,"1"
17907.292429410485,606427,16687,4,"2-1-1"
17914.546861940675,606409,16705,1,"1"
17916.024335969905,606391,16723,1,"1"
17933.728885760658,606355,16759,2,"2"
17946.243666879727,606345,16769,1,"1"
17956.840242202623,606327,16787,1,"1"
17960.087367101136,606309,16805,1,"1"
17972.600198673761,606291,16823,1,"1"
17979.206605639883,606269,16845,2,"1-1"
17980.717457885541,606251,16863,1,"1"
17995.895103271392,606233,16881,1,"1"
18008.127638650738,606213,16901,4,"4"
18017.14006549069,606199,16915,2,"2"
18030.73694197182,606181,16933,1,"1"
18038.640571259093,606145,16969,2,"1-1"
18040.34953071523,606127,16987,1,"1"
18056.429604993777,606109,17005,1,"1"
18059.599440027108,606091,17023,1,"1"
18064.60061869448,606073,17041,1,"1"
18065.513411864111,606063,17051,1,"1"
18068.892223699077,606045,17069,1,"1"
18080.282957469768,606040,17074,1,"1"
18082.550965450566,606022,17092,1,"1"
18084.169680333416,606012,17102,2,"2"
18085.748910190254,606005,17109,1,"1"
18091.752157507573,605987,17127,1,"1"
18095.053170289062,605969,17145,1,"1"
18104.354295894012,605951,17163,1,"1"
18148.46587464866,605933,17181,1,"1"
18153.045256187703,605879,17235,3,"3"
18165.781242028104,605861,17253,1,"1"
18167.15171572179,605838,17276,3,"3"
18172.102487104945,605820,17294,1,"1"
18191.699669487811,605802,17312,1,"1"
18199.057857679745,605784,17330,1,"1"
18201.946049541639,605766,17348,1,"1"
18204.891603608707,605748,17366,1,"1"
18209.312350015567,605738,17376,1,"1"
18213.957716364432,605716,17398,2,"1-1"
18214.949155350096,605711,17403,1,"1"
18221.978478200057,605693,17421,1,"1"
18222.177482200881,605675,17439,1,"1"
18228.424946310293,605670,17444,1,"1"
18237.800831698401,605652,17462,1,"1"
18241.229343330589,605642,17472,2,"2"
18242.068083823779,605624,17490,1,"1"
18257.930521213322,605614,17500,1,"1"
18257.974964383786,605578,17536,2,"2"
18268.448004341288,605560,17554,1,"1"
18283.103447806421,605555,17559,1,"1"
18295.145500918927,605537,17577,1,"1"
18296.527017577755,605495,17619,3,"1-1-1"
18300.36221759324,605412,17702,15,"4-4-2-1-1-1-1-1"
18305.34981280769,605394,17720,1,"1"
18306.017122206387,605376,17738,1,"1"
18323.756622492758,605358,17756,1,"1"
18327.06441377076,605331,17783,5,"2-2-1"
18329.281329663892,605305,17809,2,"1-1"
18331.621787661603,605295,17819,2,"1-1"
18332.47848344755,605277,17837,1,"1"
18344.498301772855,605205,17909,4,"3-1"
18351.347276983906,605187,17927,1,"1"
18355.799038958048,605169,17945,1,"1"
18367.075589496981,605151,17963,1,"1"
18370.51241909813,605133,17981,1,"1"
18393.983573585414,605089,18025,6,"4-1-1"
18394.826906751845,605013,18101,6,"2-1-1-1-1"
18397.446187342477,604995,18119,1,"1"
18401.448953418345,604977,18137,1,"1"
18406.337513322593,604965,18149,1,"1"
18423.379492402844,604947,18167,2,"2"
18431.884229071853,604929,18185,2,"2"
18440.983356598626,604911,18203,1,"1"
18448.15628008018,604887,18227,2,"2"
18453.139502809754,604877,18237,1,"1"
18469.508552496831,604859,18255,1,"1"
18469.970991412218,604849,18265,1,"1"
18470.788290766694,604831,18283,2,"2"
18474.671302158065,604813,18301,1,"1"
18480.073675823503,604784,18330,5,"4-1"
18481.554374768082,604766,18348,1,"1"
18485.559327506649,604712,18402,3,"2-1"
18491.436789210999,604699,18415,1,"1"
18492.915803870666,604681,18433,1,"1"
18507.697045330497,604672,18442,1,"1"
18509.524385928315,604654,18460,1,"1"
18510.117761147354,604640,18474,1,"1"
18549.40091436858,604630,18484,1,"1"
18549.872356570348,604620,18494,1,"1"
18558.507835317694,604584,18530,2,"1-1"
18560.040587001782,604528,18586,4,"3-1"
18569.368379526597,604484,18630,3,"3"
18569.77053020383,604474,18640,1,"1"
18579.902109258139,604456,18658,1,"1"
18581.91690570175,604438,18676,1,"1"
18584.835603388041,604424,18690,1,"1"
18591.574087910543,604406,18708,1,"1"
18607.121930508827,604393,18721,1,"1"
18608.246477746015,604379,18735,2,"2"
18616.472102266336,604361,18753,1,"1"
18616.538388041823,604343,18771,1,"1"
18629.644207252211,604325,18789,1,"1"
18636.933348860755,604307,18807,1,"1"
18640.553157920935,604290,18824,1,"1"
18645.559123150688,604272,18842,1,"1"
18651.859646815072,604254,18860,1,"1"
18656.783341884864,604236,18878,1,"1"
18660.535633079624,604227,18887,1,"1"
18668.464942378774,604217,18897,1,"1"
18669.684617839244,604199,18915,1,"1"
18670.295247581213,604189,18925,1,"1"
18670.972431071605,604171,18943,1,"1"
18674.645291274141,604166,18948,1,"1"
18698.098442107548,604148,18966,1,"1"
18699.845612800134,604130,18984,1,"1"
18702.370669623728,604112,19002,1,"1"
18706.516841129091,604094,19020,1,"1"
18711.037344350421,604076,19038,1,"1"
18738.99319112887,604058,19056,1,"1"
18740.60187661364,604044,19070,2,"1-1"
18740.838540892113,604026,19088,1,"1"
18775.325595169546,604008,19106,1,"1"
18780.414817182424,604001,19113,1,"1"
18782.324881389515,603983,19131,1,"1"
18785.392077821401,603965,19149,1,"1"
18790.355993703222,603947,19167,1,"1"
18795.587154127868,603938,19176,1,"1"
18801.811207647352,603920,19194,1,"1"
18807.015352494516,603911,19203,1,"1"
18807.110491866431,603893,19221,1,"1"
18814.775757135641,603875,19239,1,"1"
18818.943744132142,603866,19248,1,"1"
18820.302294505087,603848,19266,1,"1"
18829.601110434192,603843,19271,1,"1"
18832.124573806152,603829,19285,2,"1-1"
18845.629789313116,603824,19290,1,"1"
18852.733261308716,603806,19308,1,"1"
18855.466720858498,603788,19326,1,"1"
18859.886959948199,603770,19344,1,"1"
18871.198350991603,603700,19414,5,"2-1-1-1"
18873.163221678089,603682,19432,1,"1"
18874.712191563769,603664,19450,2,"2"
18878.277134271502,603646,19468,1,"1"
18886.489264929431,603628,19486,1,"1"
18918.138161398809,603610,19504,1,"1"
18927.016718328992,603601,19513,1,"1"
18941.773883832848,603583,19531,1,"1"
18950.511200720957,603565,19549,1,"1"
18957.989217553495,603547,19567,1,"1"
18971.862772018423,603529,19585,1,"1"
18973.019307279417,603515,19599,1,"1"
18976.985023191584,603479,19635,2,"1-1"
18986.457887437031,603472,19642,1,"1"
18992.774551429786,603460,19654,1,"1"
19006.061262939482,603442,19672,1,"1"
19026.941563436925,603368,19746,6,"3-2-1"
19040.363770214444,603341,19773,2,"1-1"
19047.047238070576,603271,19843,10,"5-3-1-1"
19055.237632883807,603261,19853,2,"2"
19062.738357937171,603250,19864,1,"1"
19073.203738073556,603232,19882,1,"1"
19085.420454499344,603214,19900,1,"1"
19088.727559285478,603200,19914,1,"1"
19090.487461370853,603190,19924,1,"1"
19091.900419922506,603146,19968,4,"2-2"
19095.234462212029,603128,19986,1,"1"
19120.73092553137,603110,20004,1,"1"
19125.272169138465,603105,20009,1,"1"
19132.834789877659,603087,20027,1,"1"
19133.96242344088,603069,20045,1,"1"
19138.149075142814,603052,20062,1,"1"
19159.414441433535,603016,20098,2,"1-1"
19168.900498686613,602977,20137,7,"4-2-1"
19171.572574937629,602972,20142,1,"1"
19173.402377856342,602954,20160,1,"1"
19174.28081372437,602945,20169,1,"1"
19178.598791995006,602927,20187,1,"1"
19184.832733805957,602922,20192,1,"1"
19195.729364392249,602900,20214,2,"1-1"
19203.221527508722,602887,20227,1,"1"
19223.371821332446,602869,20245,1,"1"
19228.687388157978,602856,20258,1,"1"
19244.243785550152,602838,20276,1,"1"
19248.891455415454,602816,20298,2,"2"
19252.126325320922,602782,20332,3,"1-1-1"
19270.905931300022,602764,20350,1,"1"
19279.38795264603,602754,20360,1,"1"
19284.747492056082,602736,20378,1,"1"
19287.216571974241,602682,20432,3,"3"
19296.125049719139,602669,20445,1,"1"
19305.815156102817,602651,20463,1,"1"
19306.832378470888,602633,20481,1,"1"
19311.84460119942,602563,20551,10,"3-2-2-1-1-1"
19317.680369639529,602543,20571,2,"2"
19320.964314194378,602525,20589,1,"1"
19323.021321811702,602515,20599,1,"1"
19337.374205328335,602510,20604,1,"1"
19342.555923532273,602478,20636,2,"2"
19353.144150323413,602444,20670,3,"2-1"
19356.805599450865,602408,20706,2,"1-1"
19378.291469427313,602403,20711,1,"1"
19379.64013171001,602389,20725,1,"1"
19384.450439305412,602371,20743,1,"1"
19388.717175390164,602366,20748,1,"1"
19390.885541395157,602356,20758,1,"1"
19392.56647177766,602320,20794,2,"1-1"
19412.708902819839,602311,20803,1,"1"
19420.874973814611,602263,20851,6,"3-3"
19437.496200532638,602123,20991,18,"4-3-2-2-2-1-1-1-1-1"
19439.295908163713,602116,20998,1,"1"
19442.653748753513,602072,21042,6,"2-1-1-1-1"
19471.092233333686,602060,21054,1,"1"
19471.285437924478,602042,21072,1,"1"
19477.55631575076,602024,21090,1,"1"
19478.846500231033,602014,21100,1,"1"
19479.517195343793,601998,21116,2,"1-1"
19488.795997874484,601980,21134,1,"1"
19492.61660623613,601962,21152,1,"1"
19504.341158646312,601903,21211,7,"5-2"
19510.725592452556,601734,21380,21,"3-3-2-2-2-2-2-2-1-1-1"
19517.282047112712,601698,21416,2,"1-1"
19518.356296601087,601685,21429,1,"1"
19525.884858147008,601667,21447,1,"1"
19532.578338256018,601631,21483,2,"1-1"
19547.237341491968,601619,21495,1,"1"
19550.535160631167,601601,21513,1,"1"
19555.143984349441,601587,21527,2,"2"
19558.14605666478,601577,21537,1,"1"
19571.731101052916,601565,21549,1,"1"
19576.323192204625,601560,21554,1,"1"
19584.156277557777,601542,21572,1,"1"
19584.919029846264,601528,21586,2,"2"
19586.942037206325,601433,21681,15,"4-4-2-1-1-1-1-1"
19595.478846213504,601428,21686,1,"1"
19601.85483673944,601410,21704,1,"1"
19602.514917852994,601400,21714,1,"1"
19607.334376760751,601385,21729,3,"2-1"
19617.277087297243,601371,21743,2,"2"
19621.318280224204,601353,21761,1,"1"
19643.310147419656,601337,21777,1,"1"
19652.873361264665,601307,21807,3,"2-1"
19659.257096557438,601289,21825,1,"1"
19669.066923897153,601284,21830,1,"1"
19672.428426814142,601266,21848,1,"1"
19679.668685516914,601174,21940,6,"3-2-1"
19682.788485749556,601156,21958,1,"1"
19684.889779178367,601147,21967,1,"1"
19704.41648997238,601129,21985,1,"1"
19704.802725786707,601111,22003,1,"1"
19719.549635047191,601101,22013,1,"1"
19731.204507342154,601087,22027,1,"1"
19737.698138199696,601051,22063,2,"2"
19748.389032368297,601019,22095,2,"2"
19751.795697492977,600985,22129,6,"2-2-1-1"
19754.986041069125,600967,22147,1,"1"
19757.162190746512,600926,22188,4,"4"
19768.993322852897,600908,22206,1,"1"
19771.584483859158,600890,22224,1,"1"
19774.621695976675,600872,22242,1,"1"
19807.582009557707,600854,22260,1,"1"
19809.325270688227,600844,22270,1,"1"
19818.27453777468,600826,22288,1,"1"
19822.168779756077,600816,22298,1,"1"
19836.404625339437,600798,22316,1,"1"
19853.061422836385,600780,22334,1,"1"
19856.613286076412,600762,22352,1,"1"
19871.680306321683,600744,22370,1,"1"
19882.557017692136,600537,22577,27,"6-4-3-3-2-2-2-2-1-1-1"
19888.093630973239,600519,22595,1,"1"
19895.526409543727,600505,22609,1,"1"
19896.474626448715,600487,22627,1,"1"
19897.108070010916,600469,22645,1,"1"
19897.218888749216,600433,22681,2,"2"
19904.142246670595,600403,22711,3,"3"
19910.873053966476,600365,22749,6,"2-2-2"
19924.49924895892,600347,22767,1,"1"
19928.790077011821,600329,22785,1,"1"
19932.957683229335,600311,22803,1,"1"
19933.918223068784,600293,22821,1,"1"
19942.916367660135,600257,22857,2,"2"
19945.425156619258,600248,22866,1,"1"
19968.078586142463,600230,22884,1,"1"
19982.764479898229,600159,22955,7,"3-2-1-1"
19983.633696331217,600149,22965,1,"1"
19989.89911385559,600131,22983,1,"1"
19992.787223876432,600113,23001,1,"1"
19996.378405294894,600087,23027,2,"1-1"
19997.609033979636,600059,23055,2,"1-1"
19997.820426919439,599877,23237,23,"4-4-3-3-3-2-2-1-1"
20009.782167694346,599868,23246,1,"1"
20012.093786681537,599850,23264,1,"1"
20013.927110440189,599840,23274,2,"2"
20048.866898172666,599831,23283,1,"1"
20050.865663417786,599813,23301,1,"1"
20072.461955420073,599804,23310,1,"1"
20083.170448878987,599786,23328,1,"1"
20083.333897721299,599768,23346,1,"1"
20087.765183329066,599763,23351,1,"1"
20090.284321093764,599743,23371,2,"2"
20099.645596420705,599725,23389,1,"1"
20107.161386708744,599707,23407,1,"1"
20107.689508148309,599636,23478,11,"5-2-2-1-1"
20107.824450006836,599504,23610,16,"4-3-3-2-1-1-1-1"
20109.595557771234,599493,23621,1,"1"
20116.387291901428,599483,23631,1,"1"
20125.803257262822,599465,23649,1,"1"
20129.398716707557,599447,23667,1,"1"
20135.243484501309,599433,23681,1,"1"
20144.468423611368,599276,23838,21,"4-3-2-2-2-2-2-1-1-1-1"
20152.261475995543,599269,23845,1,"1"
20159.639322168641,599251,23863,1,"1"
20173.154157493314,599233,23881,1,"1"
20177.038585727852,599143,23971,5,"4-1"
20182.708516857954,599125,23989,1,"1"
20194.196491483268,599089,24025,2,"1-1"
20194.740181643388,599041,24073,5,"2-1-1-1"
20209.027397076312,599023,24091,1,"1"
20217.677612244253,599004,24110,3,"2-1"
20227.694042527895,598986,24128,1,"1"
20228.631846108448,598968,24146,1,"1"
20228.751761641481,598892,24222,7,"3-1-1-1-1"
20239.22005401965,598887,24227,1,"1"
20259.642960263143,598869,24245,1,"1"
20262.407312520361,598851,24263,1,"1"
20264.827774913741,598837,24277,2,"2"
20268.045662785655,598814,24300,3,"3"
20268.417436703654,598778,24336,2,"1-1"
20271.416611453573,598764,24350,1,"1"
20289.641950557307,598678,24436,12,"3-3-2-1-1-1-1"
20293.986753204768,598660,24454,1,"1"
20303.043856881573,598632,24482,2,"1-1"
20306.989887207365,598614,24500,1,"1"
20307.648184011538,598596,24518,1,"1"
20319.871192256454,598578,24536,1,"1"
20320.233615869885,598560,24554,1,"1"
20323.88478018004,598542,24572,1,"1"
20342.550457365043,598524,24590,1,"1"
20358.304986218674,598511,24603,1,"1"
20364.098696899604,598493,24621,2,"1-1"
20386.457548829334,598457,24657,2,"1-1"
20388.026006655895,598443,24671,1,"1"
20388.712890882158,598434,24680,1,"1"
20390.241106671401,598416,24698,1,"1"
20393.026280735943,598380,24734,2,"1-1"
20404.736660800645,598361,24753,3,"2-1"
20407.051256838382,598343,24771,1,"1"
20408.889919161415,598325,24789,1,"1"
20425.400194344384,598312,24802,1,"1"
20428.514330896756,598294,24820,1,"1"
20429.287832510898,598276,24838,1,"1"
20441.175617858771,598266,24848,1,"1"
20450.039445116814,598248,24866,1,"1"
20451.928859905947,598230,24884,1,"1"
20462.185192052235,598212,24902,1,"1"
20475.785666920212,598201,24913,1,"1"
20499.689813913905,598177,24937,2,"1-1"
20504.119921097867,598159,24955,1,"1"
20508.378369965671,598145,24969,1,"1"
20514.817913699953,598127,24987,1,"1"
20515.351667829807,598109,25005,1,"1"
20518.295677863542,598073,25041,2,"1-1"
20522.634644439306,598064,25050,1,"1"
20529.056493135537,598046,25068,1,"1"
20540.286561798184,598028,25086,1,"1"
20545.137947265404,598014,25100,1,"1"
20549.290232326854,597990,25124,2,"1-1"
20559.93079334751,597972,25142,1,"1"
20566.912593099827,597954,25160,1,"1"
20593.438065654129,597936,25178,1,"1"
20595.169413304273,597918,25196,1,"1"
20623.569725583937,597856,25258,5,"2-1-1-1"
20629.356026354431,597838,25276,1,"1"
20634.153003003386,597820,25294,1,"1"
20638.1009823403,597785,25329,3,"2-1"
20646.13588605541,597771,25343,2,"2"
20665.70174715294,597762,25352,1,"1"
20669.461525533392,597696,25418,5,"3-2"
20696.245922728158,597678,25436,1,"1"
20702.633940215175,597660,25454,1,"1"
20712.392603592543,597655,25459,1,"1"
20715.165966428209,597599,25515,4,"2-1-1"
20716.367614275736,597581,25533,1,"1"
20721.357499831996,597563,25551,2,"2"
20725.948598926483,597549,25565,1,"1"
20735.644781155152,597513,25601,2,"2"
20735.956417303449,597472,25642,4,"2-1-1"
20737.343984489176,597320,25794,12,"6-3-2-1"
20739.403810883545,597307,25807,1,"1"
20749.603486165659,597289,25825,1,"1"
20752.02309600405,597253,25861,2,"1-1"
20752.054543189261,597243,25871,2,"2"
20754.96506431673,597221,25893,2,"2"
20755.646856713294,597203,25911,1,"1"
20763.267971754009,597189,25925,1,"1"
20763.292351509906,597179,25935,1,"1"
20764.130317648483,597169,25945,1,"1"
20776.859615265981,597159,25955,1,"1"
20791.198575984447,597141,25973,1,"1"
20794.107722829936,597123,25991,1,"1"
20798.642324762259,597110,26004,1,"1"
20798.81066628523,597082,26032,2,"1-1"
20804.875304391888,597040,26074,3,"1-1-1"
20817.68830469955,597022,26092,1,"1"
20827.044006468786,597008,26106,2,"1-1"
20831.423045128693,596990,26124,1,"1"
20842.195906173361,596936,26178,5,"4-1"
20850.955783084541,596900,26214,2,"2"
20859.318463218213,596882,26232,1,"1"
20860.444896518617,596864,26250,1,"1"
20876.258361353743,596846,26268,1,"1"
20877.532717314771,596832,26282,2,"2"
20886.463115729148,596827,26287,1,"1"
20892.022044455047,596773,26341,5,"4-1"
20903.523625365618,596755,26359,1,"1"
20906.779855639932,596725,26389,2,"1-1"
20906.958662487057,596701,26413,2,"2"
20909.153755930358,596687,26427,2,"2"
20932.474966229023,596675,26439,1,"1"
20932.63853967638,596657,26457,1,"1"
20932.699001348996,596632,26482,2,"2"
20936.139739075647,596614,26500,1,"1"
20943.763961708883,596596,26518,1,"1"
20944.789451823006,596570,26544,2,"1-1"
20958.208982616958,596542,26572,2,"2"
20961.823602579101,596529,26585,1,"1"
20964.813953681227,596511,26603,1,"1"
20979.254303097445,596450,26664,6,"4-1-1"
21013.256765097543,596240,26874,20,"5-4-3-2-2-2-1-1"
21020.480358991219,596222,26892,1,"1"
21021.708917700151,596208,26906,1,"1"
21034.815436728542,596190,26924,2,"2"
21052.776996643952,596180,26934,1,"1"
21053.824698092307,596144,26970,2,"1-1"
21063.414830849459,596139,26975,1,"1"
21067.283420399595,596126,26988,1,"1"
21069.923603306179,596104,27010,2,"1-1"
21071.88032080877,596086,27028,1,"1"
21078.34158351431,596074,27040,1,"1"
21096.601962555476,596065,27049,1,"1"
21096.967507556274,596012,27102,5,"2-1-1-1"
21099.762895329575,595994,27120,1,"1"
21107.374954485844,595966,27148,4,"2-1-1"
21118.142094215531,595952,27162,1,"1"
21126.34896122546,595934,27180,1,"1"
21130.028085889026,595920,27194,1,"1"
21138.671592227896,595902,27212,1,"1"
21151.112107307279,595884,27230,1,"1"
21163.827391419003,595866,27248,1,"1"
21209.653483304381,595848,27266,1,"1"
21212.804501473602,595830,27284,2,"2"
21218.551093580747,595812,27302,1,"1"
21263.198386311276,595794,27320,1,"1"
21280.488853471928,595776,27338,1,"1"
21285.09168144449,595758,27356,1,"1"
21297.01070464469,595685,27429,5,"2-2-1"
21305.527519173902,595659,27455,2,"2"
21318.113632656328,595633,27481,2,"1-1"
21333.087273425728,595606,27508,3,"3"
21333.861531386952,595516,27598,7,"3-2-1-1"
21334.000610156541,595467,27647,4,"2-2"
21349.575297478812,595454,27660,1,"1"
21361.280161833685,595436,27678,1,"1"
21364.767911047325,595418,27696,1,"1"
21377.098462468777,595400,27714,1,"1"
21386.02295940723,595386,27728,1,"1"
21386.642162742526,595368,27746,1,"1"
21389.559659654922,595340,27774,2,"1-1"
21389.969488892122,595322,27792,1,"1"
21396.644659238606,595304,27810,1,"1"
21403.330369564075,595225,27889,8,"3-2-2-1"
21412.269342702952,595212,27902,1,"1"
21412.691077469015,595194,27920,1,"1"
21412.825931232343,595176,27938,1,"1"
21429.919406806774,595158,27956,1,"1"
21430.434053149733,595153,27961,1,"1"
21434.915249944926,595135,27979,1,"1"
21440.50393404784,595117,27997,1,"1"
21450.689319557026,595099,28015,1,"1"
21455.427739717186,595081,28033,1,"1"
21462.071271501067,595076,28038,1,"1"
21468.700455355254,595017,28097,6,"4-1-1"
21476.356476088677,594999,28115,1,"1"
21486.067630981561,594981,28133,1,"1"
21493.470497034748,594963,28151,1,"1"
21504.728914534589,594927,28187,2,"2"
21507.790680162583,594909,28205,1,"1"
21515.334490350197,594847,28267,5,"2-2-1"
21530.300906082721,594829,28285,2,"2"
21532.713089708905,594811,28303,1,"1"
21536.828137561697,594793,28321,1,"1"
21544.870973026595,594784,28330,1,"1"
21551.903257604987,594766,28348,1,"1"
21551.971465411683,594748,28366,1,"1"
21553.036736414862,594730,28384,1,"1"
21562.169463664573,594694,28420,2,"1-1"
21569.988517553833,594676,28438,2,"1-1"
21580.41096986,594646,28468,3,"1-1-1"
21586.158190148599,594416,28698,25,"4-4-3-3-3-2-2-1-1-1-1"
21588.240662853168,594406,28708,1,"1"
21602.982988282529,594392,28722,1,"1"
21604.73106332204,594374,28740,1,"1"
21607.298718414604,594356,28758,2,"2"
21614.155696844064,594338,28776,1,"1"
21619.559864316292,594320,28794,1,"1"
21626.308818945072,594302,28812,1,"1"
21626.479706788901,594186,28928,10,"3-1-1-1-1-1-1-1"
21626.924504091272,594168,28946,1,"1"
21633.60198352208,594158,28956,1,"1"
21653.288649836661,594140,28974,1,"1"
21656.219252367893,594122,28992,1,"1"
21662.881009481982,594112,29002,1,"1"
21683.367007143104,594099,29015,1,"1"
21683.461814232629,594081,29033,1,"1"
21694.154065076757,594063,29051,1,"1"
21708.476741282215,594045,29069,1,"1"
21710.446891171905,594035,29079,1,"1"
21712.221171311507,593964,29150,6,"4-2"
21723.168953266835,593946,29168,1,"1"
21730.235749573814,593929,29185,1,"1"
21757.359943729949,593911,29203,1,"1"
21757.905320281046,593893,29221,1,"1"
21758.157662484518,593857,29257,2,"1-1"
21766.220617454364,593837,29277,2,"2"
21769.838993906615,593790,29324,7,"5-1-1"
21792.561832335945,593772,29342,1,"1"
21814.324894508576,593754,29360,1,"1"
21828.064426307425,593736,29378,1,"1"
21836.439401823121,593724,29390,1,"1"
21840.260541625059,593714,29400,1,"1"
21846.622716520895,593538,29576,14,"5-3-2-1-1-1-1"
21852.583449134621,593520,29594,1,"1"
21859.240762107042,593502,29612,1,"1"
21862.629372740445,593454,29660,4,"4"
21871.221696305009,593436,29678,1,"1"
21875.639341842532,593388,29726,4,"2-1-1"
21909.295427940597,593379,29735,1,"1"
21911.211359383553,593343,29771,2,"2"
21915.015383763384,593307,29807,2,"2"
21924.102284836601,593289,29825,1,"1"
21933.072215192529,593263,29851,2,"1-1"
21934.08014189648,593119,29995,15,"4-3-2-2-1-1-1-1"
21944.539281533445,593101,30013,1,"1"
21947.070555611808,593083,30031,1,"1"
21965.839565439241,593047,30067,2,"2"
21967.560700262853,593038,30076,1,"1"
21981.570254114966,593020,30094,1,"1"
22000.204667109429,593002,30112,1,"1"
22004.355607613885,592992,30122,1,"1"
22009.95442987452,592956,30158,2,"2"
22015.897261806531,592680,30434,23,"5-5-3-3-2-1-1-1-1-1"
22020.684991027058,592662,30452,1,"1"
22024.345384802546,592644,30470,1,"1"
22034.209754654159,592626,30488,1,"1"
22040.416726099018,592577,30537,4,"2-1-1"
22051.068481831913,592567,30547,1,"1"
22057.231748906466,592549,30565,1,"1"
22061.092243178802,592531,30583,1,"1"
22068.010925271559,592505,30609,2,"2"
22085.833790729055,592487,30627,2,"2"
22090.818138659135,592469,30645,1,"1"
22091.64455237021,592456,30658,1,"1"
22092.009753038947,592438,30676,1,"1"
22096.249747220358,592425,30689,1,"1"
22097.008509153278,592407,30707,1,"1"
22105.948520225538,592389,30725,1,"1"
22108.067873993725,592371,30743,1,"1"
22109.013770805675,592358,30756,1,"1"
22115.952321803055,592340,30774,1,"1"
22117.309921034055,592323,30791,1,"1"
22118.921983612599,592305,30809,1,"1"
22151.682415328207,592300,30814,1,"1"
22153.996885138324,592282,30832,1,"1"
22164.61334765167,592246,30868,2,"1-1"
22201.329428393328,592237,30877,1,"1"
22205.975193048933,592197,30917,3,"3"
22208.774754715589,592185,30929,1,"1"
22218.204340160337,592167,30947,1,"1"
22223.065310336449,592149,30965,1,"1"
22226.709321305883,592131,30983,1,"1"
22230.637793480138,592093,31021,3,"2-1"
22242.316259652165,592088,31026,1,"1"
22254.089942383289,592068,31046,2,"2"
22254.108828923028,592050,31064,1,"1"
22258.619335907588,592032,31082,1,"1"
22261.527437780675,592014,31100,1,"1"
22261.888006952922,591960,31154,3,"3"
22280.489337486866,591942,31172,1,"1"
22286.352396862487,591924,31190,1,"1"
22296.129532610732,591914,31200,1,"1"
22300.926697336879,591878,31236,2,"2"
22307.963904116918,591854,31260,2,"1-1"
22320.074384984382,591790,31324,5,"2-1-1-1"
22323.159213247978,591772,31342,1,"1"
22335.492279762864,591754,31360,1,"1"
22339.655047070482,591638,31476,9,"3-2-2-1-1"
22349.272741583543,591602,31512,2,"2"
22355.547411698895,591584,31530,1,"1"
22371.222075071892,591579,31535,1,"1"
22374.897276175085,591561,31553,1,"1"
22377.458247706872,591537,31577,2,"1-1"
22379.051034341217,591507,31607,3,"3"
22392.215150811204,591489,31625,1,"1"
22393.9332446183,591417,31697,4,"4"
22415.449392074261,591399,31715,1,"1"
22422.248523907525,591381,31733,1,"1"
22437.563721520477,591363,31751,1,"1"
22445.007761959663,591345,31769,1,"1"
22453.606342294286,591257,31857,8,"3-2-1-1-1"
22469.826493303244,591243,31871,1,"1"
22483.297994754928,591231,31883,1,"1"
22493.998659273602,591221,31893,1,"1"
22497.002631035317,591203,31911,1,"1"
22499.970242841053,590673,32441,54,"6-6-3-3-2-2-2-2-2-2-2-2-2-1-1-1-1-1-1-1-1-1-1-1-1-1-1-1-1-1-1"
22503.45146766429,590664,32450,1,"1"
22507.900749296678,590630,32484,3,"2-1"
22512.658772229155,590612,32502,1,"1"
22518.243172501723,590576,32538,2,"2"
22521.895012186356,590540,32574,2,"2"
22522.054131987705,590522,32592,1,"1"
22523.667703601051,590504,32610,1,"1"
22538.830672607681,590494,32620,1,"1"
22550.164335657995,590482,32632,1,"1"
22552.090695580762,590464,32650,1,"1"
22560.381642001001,590450,32664,1,"1"
22561.433088498699,590445,32669,1,"1"
22563.308594932285,590436,32678,1,"1"
22563.576549497804,590418,32696,1,"1"
22575.555578975182,590382,32732,2,"2"
22578.673978122089,590364,32750,1,"1"
22587.048343571329,590308,32806,4,"2-1-1"
22596.671065806346,590272,32842,2,"2"
22598.260484170292,590218,32896,3,"2-1"
22598.759010183032,590208,32906,1,"1"
22598.997085203173,590190,32924,1,"1"
22610.054300884032,589769,33345,36,"8-5-4-4-2-2-1-1-1-1-1-1-1-1-1-1-1"
22618.777043029349,589725,33389,4,"2-1-1"
22620.846482468271,589707,33407,1,"1"
22626.995249999527,589591,33523,10,"3-2-1-1-1-1-1"
22627.521010224209,589543,33571,4,"3-1"
22630.651977209254,589375,33739,14,"2-2-2-1-1-1-1-1-1-1-1"
22633.519870742999,589341,33773,2,"1-1"
22634.974472694656,589329,33785,1,"1"
22647.386248538223,589311,33803,1,"1"
22652.737434261344,589293,33821,1,"1"
22673.909157451297,589257,33857,2,"2"
22678.425930579771,589213,33901,4,"2-1-1"
22684.647388390917,589041,34073,20,"6-3-2-2-2-1-1-1-1-1"
22689.780352527923,589031,34083,1,"1"
22694.778312726809,589013,34101,1,"1"
22699.976353039765,588995,34119,1,"1"
22700.559673959444,588919,34195,8,"4-2-2"
22701.80985526889,588914,34200,1,"1"
22707.295588426277,588902,34212,1,"1"
22725.264821516008,588887,34227,1,"1"
22737.673094328053,588873,34241,1,"1"
22737.95025408137,588861,34253,1,"1"
22739.51162561859,588843,34271,1,"1"
22752.340020645319,588795,34319,4,"2-2"
22762.471410062124,588777,34337,1,"1"
22771.787812097518,588759,34355,1,"1"
22774.138399002262,588741,34373,1,"1"
22785.556951433631,588723,34391,1,"1"
22789.397400163263,588706,34408,1,"1"
22792.585194533993,588686,34428,2,"2"
22795.680378648118,588676,34438,1,"1"
22807.30954551305,588658,34456,1,"1"
22809.693459835526,588644,34470,2,"2"
22814.463163900826,588626,34488,1,"1"
22816.95042086488,588606,34508,2,"1-1"
22818.918844868236,588588,34526,1,"1"
22819.530809550244,588570,34544,1,"1"
22820.906800386962,588561,34553,1,"1"
22828.498173507895,588525,34589,2,"2"
22830.484435893297,588497,34617,4,"3-1"
22840.075734152844,588461,34653,2,"2"
22845.392953109473,588443,34671,1,"1"
22847.027164189749,588429,34685,1,"1"
22849.697292211786,588411,34703,1,"1"
22851.768642094587,588141,34973,24,"4-4-3-2-2-2-2-2-1-1-1"
22858.9816517447,588123,34991,1,"1"
22862.467324200101,588105,35009,1,"1"
22864.450985667354,588087,35027,2,"1-1"
22865.457217779924,588069,35045,1,"1"
22869.086480989397,588051,35063,1,"1"
22877.254123414037,587969,35145,7,"3-1-1-1-1"
22884.61429960153,587951,35163,1,"1"
22889.187583655443,587933,35181,1,"1"
22946.148472460198,587924,35190,1,"1"
22949.328631363551,587906,35208,1,"1"
22954.300515952138,587888,35226,1,"1"
22965.811951173899,587870,35244,1,"1"
22969.37917636901,587815,35299,7,"3-2-1-1"
22980.161256743322,587797,35317,1,"1"
23001.953509967829,587773,35341,2,"2"
23025.490496253467,587729,35385,4,"2-1-1"
23041.403895754731,587711,35403,1,"1"
23046.100041450081,587699,35415,1,"1"
23050.729308361846,587681,35433,1,"1"
23056.73344103825,587663,35451,1,"1"
23062.027400402876,587645,35469,1,"1"
23071.323085285178,587636,35478,1,"1"
23071.929025990434,587618,35496,1,"1"
23079.133708423109,587600,35514,1,"1"
23080.515299261642,587582,35532,1,"1"
23083.550919704143,587528,35586,6,"2-2-1-1"
23083.998308680249,587510,35604,1,"1"
23086.312936822,587492,35622,1,"1"
23089.005472771703,587393,35721,11,"3-3-2-2-1"
23089.270921001204,587368,35746,3,"2-1"
23101.473781498938,587350,35764,1,"1"
23126.293931116423,587332,35782,1,"1"
23145.106990806034,587314,35800,1,"1"
23147.490489738124,587105,36009,19,"7-3-3-2-2-1-1"
23150.030741564056,587087,36027,1,"1"
23152.016953399809,587055,36059,2,"2"
23155.716208638762,587037,36077,1,"1"
23165.771207023827,586995,36119,3,"2-1"
23170.36473936278,586977,36137,1,"1"
23172.465469042752,586823,36291,11,"3-2-1-1-1-1-1-1"
23176.265212775386,586475,36639,33,"4-4-4-4-3-2-2-2-2-1-1-1-1-1-1"
23183.14085204044,586466,36648,1,"1"
23183.547526818926,586409,36705,5,"2-2-1"
23198.552647074961,586373,36741,2,"2"
23200.852314089443,586349,36765,2,"2"
23201.358092339553,586331,36783,1,"1"
23222.479424410853,586229,36885,10,"4-2-1-1-1-1"
23222.655003930991,586195,36919,3,"2-1"
23223.095362722088,586177,36937,1,"1"
23225.344970940932,586168,36946,1,"1"
23252.157387969033,586150,36964,1,"1"
23253.370896239227,586132,36982,1,"1"
23256.846837934674,586105,37009,2,"1-1"
23257.898229614246,585346,37768,59,"10-8-5-3-3-3-2-2-2-2-2-2-2-1-1-1-1-1-1-1-1-1-1-1-1-1"
23266.148714272971,585310,37804,2,"2"
23272.536816368534,585300,37814,1,"1"
23277.750863226276,585282,37832,1,"1"
23285.032820514782,585264,37850,1,"1"
23302.582275997374,585234,37880,2,"1-1"
23312.821789846977,585204,37910,2,"2"
23321.169145415668,585142,37972,5,"1-1-1-1-1"
23331.663870074317,585102,38012,4,"4"
23340.707620512167,585066,38048,2,"2"
23348.230163984466,584740,38374,26,"4-3-2-2-2-2-2-2-2-2-1-1-1"
23381.945201466915,584704,38410,2,"2"
23383.815577529243,584686,38428,1,"1"
23401.067244972855,584557,38557,11,"4-2-2-1-1-1"
23401.799868643066,584539,38575,1,"1"
23401.889316999721,584526,38588,1,"1"
23411.24788108201,584509,38605,1,"1"
23414.188944993261,584491,38623,1,"1"
23414.957207092364,584128,38986,28,"6-5-5-3-2-1-1-1-1-1-1-1"
23422.079406638681,584110,39004,1,"1"
23424.132549058828,584092,39022,1,"1"
23428.137392829962,584070,39044,2,"1-1"
23429.150288882458,0,623114,32948,"32948"
----------------------------------------------1
0,623114,0,0,"0"
289.95606042900914,623113,1,1,"1"
490.10974632750913,623112,2,1,"1"
670.26368248702727,623111,3,1,"1"
694.25448809051341,623110,4,1,"1"
698.04983671657112,623109,5,1,"1"
755.70750752507058,623106,8,1,"1"
787.34521532629697,623088,26,1,"1"
815.38090149122149,623079,35,1,"1"
853.97139624856516,623078,36,1,"1"
945.10615137214927,623077,37,1,"1"
957.96217698765554,623076,38,1,"1"
1051.7217364274597,623075,39,1,"1"
1059.4784638878893,623074,40,1,"1"
1061.0473593545423,623073,41,1,"1"
1216.957833885391,623072,42,1,"1"
1232.8483254313303,623071,43,1,"1"
1259.4103891638931,623053,61,1,"1"
1262.4358947242251,623052,62,1,"1"
1281.9484509275112,623051,63,1,"1"
1354.5613844128297,623050,64,1,"1"
1378.1934379529955,623036,78,1,"1"
1463.1033625724938,623035,79,1,"1"
1463.4912492824728,623034,80,1,"1"
1547.8374037352694,623033,81,1,"1"
1565.9800045065083,623030,84,1,"1"
1602.4096252599065,623025,89,1,"1"
1604.5977380849833,623007,107,1,"1"
1639.4097376932546,623006,108,1,"1"
1655.8544196408868,623005,109,1,"1"
1667.7958148048046,623003,111,2,"1-1"
1692.451127880872,622985,129,1,"1"
1784.5292389956658,622984,130,1,"1"
1809.0549501060414,622966,148,1,"1"
1819.0599210903902,622965,149,1,"1"
1840.8402099477516,622964,150,1,"1"
1897.6476299857422,622963,151,1,"1"
1926.3091076836683,622958,156,1,"1"
1943.9462714684239,622948,166,1,"1"
1962.2823673247387,622947,167,1,"1"
1972.0716031713127,622946,168,1,"1"
1981.3461718992078,622945,169,1,"1"
1992.0960625257148,622944,170,1,"1"
2011.9672815087122,622937,177,1,"1"
2017.5363801286626,622936,178,1,"1"
2037.7614017998119,622935,179,1,"1"
2042.9286705773391,622930,184,1,"1"
2056.0824265884921,622912,202,1,"1"
2102.9110231335194,622911,203,1,"1"
2112.1998497541717,622910,204,1,"1"
2113.7813155549793,622909,205,1,"1"
2116.8961542144102,622908,206,1,"1"
2136.4985869646207,622890,224,1,"1"
2158.2214799065127,622887,227,1,"1"
2175.8556797971114,622885,229,2,"1-1"
2197.1659408178712,622884,230,1,"1"
2210.4565918262447,622883,231,1,"1"
2212.8396285420981,622882,232,1,"1"
2232.3499959384108,622881,233,1,"1"
2247.4588863885128,622880,234,1,"1"
2281.0221677980203,622879,235,1,"1"
2297.2189234448515,622877,237,2,"1-1"
2302.4208395784904,622876,238,1,"1"
2323.1409708897168,622875,239,1,"1"
2324.6357483703414,622857,257,1,"1"
2326.6383823100409,622856,258,1,"1"
2326.7770314197637,622855,259,1,"1"
2340.4479609523046,622854,260,1,"1"
2353.7491469188089,622853,261,1,"1"
2358.9743327607371,622852,262,1,"1"
2370.520810261502,622851,263,1,"1"
2410.4721595807473,622846,268,1,"1"
2418.3437183841042,622844,270,2,"1-1"
2433.9869300155015,622843,271,1,"1"
2434.9211331915408,622842,272,1,"1"
2466.5094989813383,622841,273,1,"1"
2477.7860889946728,622840,274,1,"1"
2506.5124007938653,622839,275,1,"1"
2508.317349679106,622821,293,1,"1"
2515.1113430318433,622820,294,1,"1"
2517.7630808470271,622819,295,1,"1"
2533.6406448281441,622818,296,1,"1"
2540.45254081435,622817,297,1,"1"
2544.7214260980877,622816,298,1,"1"
2556.0196292206842,622815,299,1,"1"
2574.0706361790953,622814,300,1,"1"
2578.450328296738,622810,304,4,"2-2"
2597.8700567394694,622809,305,1,"1"
2640.4602078659154,622804,310,1,"1"
2641.1875442066098,622803,311,1,"1"
2670.5395796245289,622798,316,1,"1"
2671.8983241970068,622791,323,3,"3"
2678.3814800038731,622773,341,1,"1"
2709.9414859218127,622771,343,2,"1-1"
2728.3884023634942,622770,344,1,"1"
2736.3791859013054,622761,353,1,"1"
2756.1191509758928,622760,354,1,"1"
2772.1280200721949,622759,355,1,"1"
2776.2436031827951,622751,363,2,"1-1"
2784.0463094195579,622733,381,1,"1"
2792.7688020175465,622732,382,1,"1"
2797.4440602430586,622731,383,1,"1"
2811.8486129391499,622721,393,1,"1"
2830.8236339133332,622720,394,1,"1"
2849.5266538460623,622702,412,1,"1"
2866.8292395790836,622701,413,1,"1"
2869.2426969744388,622692,422,1,"1"
2910.132408561175,622684,430,4,"4"
2915.4985942386579,622683,431,1,"1"
2916.8349323948237,622682,432,1,"1"
2921.0924257806209,622673,441,1,"1"
2943.5524672732495,622672,442,1,"1"
2971.7414989848644,622671,443,1,"1"
2972.3450391442557,622670,444,1,"1"
2976.7842958582319,622667,447,1,"1"
2984.3245326731258,622666,448,1,"1"
3014.0324665589433,622665,449,1,"1"
3014.1850658748031,622664,450,1,"1"
3041.6740535443487,622663,451,1,"1"
3042.8703096456793,622662,452,1,"1"
3067.8682270419436,622661,453,1,"1"
3082.0386693978894,622660,454,1,"1"
3115.1994790747926,622659,455,1,"1"
3127.7088328807608,622641,473,1,"1"
3152.291205889323,622623,491,1,"1"
3184.4820337185806,622622,492,1,"1"
3188.273535188363,622621,493,1,"1"
3213.1066447189255,622618,496,3,"3"
3216.9191222713498,622617,497,1,"1"
3238.2184130950322,622616,498,1,"1"
3244.5330734693007,622598,516,1,"1"
3248.3862007298007,622597,517,1,"1"
3249.8492531405523,622579,535,1,"1"
3255.4747892904593,622567,547,1,"1"
3258.8024601430147,622565,549,2,"2"
3300.3073065916788,622564,550,1,"1"
3306.2111310919704,622563,551,1,"1"
3311.0473167202854,622545,569,1,"1"
3323.5862063707277,622544,570,1,"1"
3335.381076797883,622543,571,1,"1"
3337.3163377736223,622525,589,1,"1"
3338.607838140706,622522,592,1,"1"
3343.5450737060496,622516,598,2,"2"
3390.7431087308455,622498,616,1,"1"
3392.6560880018919,622497,617,1,"1"
3395.031950120886,622495,619,2,"1-1"
3409.3295676648045,622494,620,1,"1"
3416.8349060675582,622492,622,2,"2"
3416.9641268216524,622474,640,1,"1"
3437.9131551749706,622473,641,1,"1"
3441.1701637900069,622455,659,1,"1"
3444.6767591016778,622454,660,1,"1"
3445.3627799763231,622453,661,1,"1"
3449.8884567928121,622452,662,1,"1"
3452.2685695141604,622451,663,1,"1"
3465.747466302978,622450,664,1,"1"
3483.1264192221051,622449,665,1,"1"
3494.5956911414069,622448,666,1,"1"
3512.7294813927729,622447,667,1,"1"
3530.9748519435893,622446,668,1,"1"
3531.1474949103708,622428,686,1,"1"
3537.5712287970691,622420,694,2,"1-1"
3604.199658056933,622419,695,1,"1"
3612.0211596422546,622417,697,2,"1-1"
3614.7826653538773,622416,698,1,"1"
3622.5384444932083,622415,699,1,"1"
3630.2090149466799,622414,700,1,"1"
3682.8326527388372,622413,701,1,"1"
3703.7543273997071,622408,706,1,"1"
3768.8703343129509,622407,707,1,"1"
3776.8535222377313,622406,708,1,"1"
3780.7826828697835,622405,709,1,"1"
3787.8870573509844,622396,718,5,"2-2-1"
3809.7799265085941,622395,719,1,"1"
3826.5314114870853,622377,737,1,"1"
3841.1194387406254,622376,738,1,"1"
3856.1366599446078,622375,739,1,"1"
3857.9978649446598,622374,740,1,"1"
3865.5746349068413,622371,743,3,"2-1"
3871.2328267177518,622369,745,2,"2"
3873.0180698427394,622368,746,1,"1"
3884.4000358678377,622367,747,1,"1"
3895.0738076660709,622365,749,2,"2"
3906.3362129887669,622364,750,1,"1"
3907.5807907586372,622363,751,1,"1"
3927.0079954441421,622362,752,1,"1"
3935.0904741826234,622344,770,1,"1"
3941.3977773207639,622340,774,2,"1-1"
3949.9205524806534,622339,775,1,"1"
3953.5936466070198,622338,776,1,"1"
3967.0356036806184,622337,777,1,"1"
3970.8382554167902,622336,778,1,"1"
3973.2727969522653,622334,780,2,"1-1"
3983.1454029473939,622333,781,1,"1"
4007.132441296294,622330,784,3,"3"
4014.7653609443096,622329,785,1,"1"
4018.5422010648927,622328,786,1,"1"
4036.1227571199406,622310,804,1,"1"
4055.6467739801451,622292,822,1,"1"
4072.0030148520141,622289,825,1,"1"
4093.7994431396241,622288,826,1,"1"
4100.627542460983,622287,827,1,"1"
4103.6009604511637,622286,828,1,"1"
4112.3317537719249,622268,846,1,"1"
4116.8471534417231,622263,851,5,"4-1"
4117.1256288880677,622245,869,1,"1"
4121.2518552898055,622244,870,1,"1"
4124.7662004703634,622243,871,1,"1"
4126.4242027377422,622242,872,1,"1"
4126.5758970573261,622239,875,3,"3"
4129.0580951918118,622238,876,1,"1"
4137.3313955790172,622237,877,1,"1"
4140.6485089483649,622236,878,1,"1"
4148.0076733678379,622235,879,1,"1"
4156.7331394435569,622234,880,1,"1"
4156.8582649397122,622216,898,1,"1"
4158.7587268703101,622215,899,1,"1"
4160.4579333020247,622191,923,2,"1-1"
4178.4490656299031,622173,941,1,"1"
4181.1549606258905,622166,948,3,"3"
4192.6046952487268,622165,949,1,"1"
4202.461141950148,622164,950,1,"1"
4214.6201382832378,622162,952,2,"1-1"
4237.3977574871542,622160,954,2,"2"
4251.4820401297411,622159,955,1,"1"
4253.8133574058947,622158,956,1,"1"
4254.3676854784408,622140,974,1,"1"
4291.3877134514732,622134,980,6,"4-1-1"
4297.7592246577833,622132,982,2,"2"
4299.4172738765865,622130,984,2,"2"
4303.470030999807,622129,985,1,"1"
4319.9093229970349,622128,986,1,"1"
4324.434237673343,622122,992,2,"2"
4326.8461972217783,622121,993,1,"1"
4348.1000133477364,622103,1011,1,"1"
4425.3728655876721,622102,1012,1,"1"
4453.2284652611233,622100,1014,2,"2"
4460.0479209351233,622099,1015,1,"1"
4467.3580215472894,622098,1016,1,"1"
4479.9855314554579,622093,1021,1,"1"
4486.4326911448934,622092,1022,1,"1"
4493.0880621419183,622091,1023,1,"1"
4496.0931247112603,622090,1024,1,"1"
4513.5337552385336,622089,1025,1,"1"
4530.6682267991464,622088,1026,1,"1"
4537.0022090867405,622087,1027,1,"1"
4537.8874840988692,622086,1028,1,"1"
4570.1749934416302,622075,1039,7,"4-1-1-1"
4571.3812683068045,622074,1040,1,"1"
4597.0819556022261,622073,1041,1,"1"
4600.4741134899168,622055,1059,1,"1"
4604.8586252212372,622037,1077,1,"1"
4612.6495630749996,622036,1078,1,"1"
4613.2342601863775,622034,1080,2,"2"
4625.8794025210718,622033,1081,1,"1"
4632.5518112559221,622024,1090,1,"1"
4643.0846129928896,622011,1103,1,"1"
4649.6229731617368,622009,1105,2,"1-1"
4658.6527690699504,622008,1106,1,"1"
4659.9597097194546,621990,1124,1,"1"
4661.9078795662881,621989,1125,1,"1"
4670.9054142757268,621988,1126,1,"1"
4673.3279162353001,621970,1144,1,"1"
4674.8421934163744,621969,1145,1,"1"
4694.7536715010656,621951,1163,1,"1"
4712.76061621592,621946,1168,1,"1"
4732.639112067639,621928,1186,1,"1"
4734.3417396086725,621918,1196,1,"1"
4739.0119449572385,621917,1197,1,"1"
4764.9890879640225,621916,1198,1,"1"
4776.3652554102009,621913,1201,1,"1"
4777.8540824841803,621912,1202,1,"1"
4788.9326399600532,621900,1214,1,"1"
4794.6863131550572,621894,1220,6,"3-3"
4809.773590417085,621876,1238,1,"1"
4810.0334807118925,621875,1239,1,"1"
4812.4242150095097,621874,1240,1,"1"
4816.397273429875,621873,1241,1,"1"
4817.3938771546864,621872,1242,1,"1"
4817.8324391074048,621865,1249,1,"1"
4820.2925310971732,621862,1252,3,"3"
4825.3629358014769,621857,1257,1,"1"
4826.6530870747765,621856,1258,1,"1"
4834.3909829837903,621855,1259,1,"1"
4852.9289982073269,621853,1261,2,"2"
4865.7612784776875,621835,1279,1,"1"
4878.8974495944722,621820,1294,1,"1"
4915.0184809488328,621802,1312,1,"1"
4922.5114281830192,621801,1313,1,"1"
4926.840486145029,621800,1314,1,"1"
4979.9768242648443,621798,1316,2,"1-1"
4989.1614149144716,621794,1320,4,"3-1"
4996.3430021529994,621776,1338,1,"1"
4998.9966105399426,621775,1339,1,"1"
5007.6896077842739,621769,1345,2,"1-1"
5012.5116525682733,621768,1346,1,"1"
5023.5352983981675,621758,1356,1,"1"
5030.9259502788891,621740,1374,1,"1"
5064.1095984789326,621739,1375,1,"1"
5071.7044263099178,621738,1376,1,"1"
5075.0823856472589,621737,1377,1,"1"
5116.2740408163754,621734,1380,1,"1"
5118.3015294923425,621716,1398,1,"1"
5133.6584344102475,621715,1399,1,"1"
5157.2072362516428,621714,1400,1,"1"
5163.6095762441546,621708,1406,6,"4-2"
5166.0954798364273,621706,1408,2,"2"
5173.2369047787115,621702,1412,4,"3-1"
5173.5286856380953,621701,1413,1,"1"
5181.5407042518209,621700,1414,1,"1"
5182.026045632424,621696,1418,4,"2-2"
5183.7343259204536,621695,1419,1,"1"
5194.3562581799961,621690,1424,5,"4-1"
5194.6716153648804,621689,1425,1,"1"
5201.758579236046,621688,1426,1,"1"
5207.9563025455855,621685,1429,3,"2-1"
5209.9751555322828,621682,1432,3,"1-1-1"
5218.6974127789708,621681,1433,1,"1"
5220.713349109822,621663,1451,1,"1"
5227.2208048386292,621662,1452,1,"1"
5229.5063698062422,621661,1453,1,"1"
5229.5075448311436,621660,1454,1,"1"
5241.7216626994723,621659,1455,1,"1"
5248.6161388811406,621657,1457,2,"1-1"
5259.9337320378781,621639,1475,1,"1"
5267.271301445433,621634,1480,3,"2-1"
5272.8776705861337,621633,1481,1,"1"
5286.0958088295001,621632,1482,1,"1"
5291.2703016923524,621614,1500,1,"1"
5301.3164531124085,621611,1503,1,"1"
5305.8669257676484,621610,1504,1,"1"
5315.250329761695,621608,1506,2,"2"
5316.7010435614302,621594,1520,1,"1"
5322.6695525011355,621592,1522,2,"1-1"
5324.5860944675351,621591,1523,1,"1"
5339.6599883860945,621588,1526,1,"1"
5345.7306386839746,621570,1544,1,"1"
5350.2024996640985,621569,1545,1,"1"
5358.0083793383865,621568,1546,1,"1"
5363.9588533020869,621567,1547,1,"1"
5364.0117056452818,621565,1549,2,"2"
5366.7185609166736,621564,1550,1,"1"
5366.995555182637,621563,1551,1,"1"
5367.6273677069112,621561,1553,2,"2"
5373.873026929612,621560,1554,1,"1"
5374.0006077704038,621559,1555,1,"1"
5379.3403287515121,621546,1568,1,"1"
5383.0588463016329,621543,1571,1,"1"
5384.050488677859,621542,1572,1,"1"
5384.4357321756761,621540,1574,2,"2"
5400.9354824438033,621522,1592,1,"1"
5401.1316455829237,621521,1593,1,"1"
5422.9603365464736,621518,1596,3,"2-1"
5434.2245378414345,621517,1597,1,"1"
5441.2356743652426,621516,1598,1,"1"
5444.2970021976653,621515,1599,1,"1"
5487.4852002943171,621514,1600,1,"1"
5492.3056660817147,621496,1618,1,"1"
5492.6781596393103,621495,1619,1,"1"
5498.0547594257641,621493,1621,2,"2"
5511.450515292514,621491,1623,2,"2"
5513.3982747485525,621473,1641,1,"1"
5518.105679935672,621472,1642,1,"1"
5519.2640624269752,621460,1654,2,"1-1"
5520.9729577319631,621459,1655,1,"1"
5536.4962719634841,621458,1656,1,"1"
5550.360871876389,621453,1661,5,"2-2-1"
5551.6274164777387,621452,1662,1,"1"
5562.1338248470774,621451,1663,1,"1"
5573.2224075744361,621442,1672,1,"1"
5595.4951243016376,621440,1674,2,"2"
5598.16581758557,621439,1675,1,"1"
5605.6019989003316,621438,1676,1,"1"
5607.9822454691375,621420,1694,1,"1"
5610.8848871405926,621417,1697,3,"2-1"
5612.043721449837,621416,1698,1,"1"
5613.0917340692313,621414,1700,2,"1-1"
5613.8953022873502,621413,1701,1,"1"
5615.0293332523133,621406,1708,3,"2-1"
5621.9175159123552,621403,1711,1,"1"
5660.8945804187924,621401,1713,2,"2"
5736.1172281727158,621400,1714,1,"1"
5740.0355103877891,621397,1717,1,"1"
5754.9224560619168,621385,1729,1,"1"
5799.0657433381457,621375,1739,6,"4-2"
5833.3901926787066,621374,1740,1,"1"
5842.5588549469812,621356,1758,1,"1"
5870.4386879713038,621351,1763,1,"1"
5885.3569198419254,621333,1781,1,"1"
5895.2989372479396,621332,1782,1,"1"
5900.2990023713219,621327,1787,1,"1"
5915.6015382626902,621326,1788,1,"1"
5917.1904238995703,621325,1789,1,"1"
5925.3419905301062,621315,1799,1,"1"
5941.8449820520746,621297,1817,1,"1"
5967.9507678151676,621287,1827,1,"1"
5968.0363074533179,621273,1841,1,"1"
5968.507410773148,621268,1846,1,"1"
5969.3806697585978,621259,1855,1,"1"
5973.2144606981528,621256,1858,1,"1"
6007.5067330017291,621252,1862,4,"4"
6055.8863204451809,621234,1880,1,"1"
6059.5018507406485,621216,1898,1,"1"
6060.2571609572678,621198,1916,1,"1"
6061.2867042789812,621193,1921,1,"1"
6063.8977486307977,621192,1922,1,"1"
6064.1701083640764,621174,1940,1,"1"
6072.1340456468788,621156,1958,1,"1"
6081.5906129703544,621146,1968,10,"6-3-1"
6108.9530171624101,621128,1986,1,"1"
6115.9841024884754,621127,1987,1,"1"
6132.0276746934333,621124,1990,1,"1"
6156.9371184345682,621106,2008,1,"1"
6173.5977600453398,621088,2026,1,"1"
6200.3114558358775,621078,2036,1,"1"
6214.3542824079086,621060,2054,1,"1"
6236.3591233106299,621042,2072,1,"1"
6240.8397972349885,621024,2090,1,"1"
6242.0586520921161,621018,2096,2,"2"
6242.3451462085086,621000,2114,1,"1"
6246.350104317039,620982,2132,1,"1"
6258.7318381903797,620964,2150,1,"1"
6267.926274870706,620963,2151,1,"1"
6273.0791835729815,620961,2153,2,"2"
6282.7291330465814,620958,2156,3,"2-1"
6338.2784965525134,620940,2174,1,"1"
6347.1702057281345,620922,2192,1,"1"
6354.5791247247762,620920,2194,2,"1-1"
6365.1891750926179,620918,2196,2,"1-1"
6378.4180709524317,620917,2197,1,"1"
6389.5780620538508,620899,2215,1,"1"
6398.3655465365164,620897,2217,2,"2"
6417.8929086029229,620896,2218,1,"1"
6420.3367279405893,620878,2236,1,"1"
6423.9110400158906,620860,2254,1,"1"
6438.5732738308898,620859,2255,1,"1"
6442.6361693822264,620841,2273,1,"1"
6483.3045513117722,620823,2291,1,"1"
6509.8043937880984,620822,2292,1,"1"
6510.3245108343772,620804,2310,1,"1"
6511.3739042432599,620803,2311,1,"1"
6543.5547514497139,620800,2314,1,"1"
6548.4464073952095,620764,2350,2,"2"
6565.6641793896433,620755,2359,1,"1"
6582.9162878979259,620754,2360,1,"1"
6589.4112981673507,620749,2365,5,"4-1"
6590.1007162044643,620748,2366,1,"1"
6592.5554984935552,620739,2375,1,"1"
6604.7889185869926,620738,2376,1,"1"
6608.4414859484477,620733,2381,1,"1"
6609.9568488829836,620715,2399,1,"1"
6617.8487957892812,620709,2405,2,"2"
6648.3729562595227,620691,2423,1,"1"
6668.8326593271868,620689,2425,2,"2"
6670.0028654720754,620686,2428,3,"3"
6691.0240873737603,620683,2431,3,"3"
6698.011244131817,620678,2436,3,"2-1"
6715.7351862580244,620660,2454,1,"1"
6719.4335434100567,620646,2468,1,"1"
6726.526371560125,620640,2474,2,"2"
6782.7162797081319,620639,2475,1,"1"
6783.279001197996,620626,2488,3,"2-1"
6793.2657136658763,620608,2506,1,"1"
6822.2309573136654,620590,2524,1,"1"
6831.7847858974565,620589,2525,1,"1"
6836.2045976292484,620586,2528,3,"2-1"
6838.3898862375618,620544,2570,3,"3"
6888.7479222165248,620539,2575,1,"1"
6888.981678435227,620537,2577,2,"1-1"
6915.646573831933,620532,2582,1,"1"
6952.5333460131078,620528,2586,4,"2-2"
6958.8447685165338,620510,2604,1,"1"
6987.1534928193714,620500,2614,1,"1"
6991.6995650841809,620490,2624,1,"1"
6993.3221783653298,620472,2642,1,"1"
6997.5840372792654,620471,2643,1,"1"
7007.1821966479365,620470,2644,1,"1"
7023.0270631458652,620465,2649,1,"1"
7035.2124345555148,620447,2667,1,"1"
7040.0001119342596,620445,2669,2,"2"
7061.1715764011869,620444,2670,1,"1"
7080.2690560940018,620443,2671,1,"1"
7080.3338392476135,620425,2689,1,"1"
7081.2015362739348,620424,2690,1,"1"
7095.7412032914444,620423,2691,1,"1"
7097.752814175572,620406,2708,1,"1"
7112.958214999192,620405,2709,1,"1"
7125.9290861540712,620404,2710,1,"1"
7148.8176846200577,620386,2728,1,"1"
7157.4799419935589,620350,2764,2,"2"
7160.5973673014305,620349,2765,1,"1"
7163.4323034437248,620331,2783,1,"1"
7167.3420527867374,620317,2797,2,"2"
7177.836247620432,620306,2808,3,"2-1"
7195.1125504868241,620288,2826,1,"1"
7197.3097506236254,620278,2836,1,"1"
7198.9465799663903,620277,2837,1,"1"
7232.2845634609694,620275,2839,2,"1-1"
7243.0696115455785,620247,2867,2,"2"
7293.0798169383988,620233,2881,1,"1"
7298.0813075429196,620215,2899,1,"1"
7304.1992700499568,620197,2917,1,"1"
7316.9053958137665,620187,2927,1,"1"
7321.4934564420291,620163,2951,2,"1-1"
7330.0250423055768,620145,2969,1,"1"
7350.6538236581982,620127,2987,1,"1"
7355.6480268785735,620126,2988,1,"1"
7357.6887616932236,620124,2990,2,"2"
7370.1237748192289,620123,2991,1,"1"
7373.2746198953882,620120,2994,1,"1"
7385.5304717680028,620110,3004,1,"1"
7395.4443885038918,620108,3006,2,"1-1"
7406.4334647644719,620098,3016,2,"2"
7418.4461920346521,620089,3025,1,"1"
7421.1431591965738,620085,3029,2,"1-1"
7430.2470309858354,620084,3030,1,"1"
7434.5897469161173,620083,3031,1,"1"
7436.1227692406965,620080,3034,1,"1"
7457.6735006648441,620075,3039,1,"1"
7470.7646226638935,620065,3049,1,"1"
7487.4688902387961,620060,3054,1,"1"
7488.2783855896932,620042,3072,1,"1"
7515.3036407002737,620041,3073,1,"1"
7522.4206622137517,620040,3074,1,"1"
7569.8437697263689,620037,3077,3,"3"
7596.6210150369625,620034,3080,1,"1"
7625.4797204318756,620033,3081,1,"1"
7637.3370966957291,620032,3082,1,"1"
7640.7090262717147,620026,3088,2,"2"
7641.475677718362,620021,3093,1,"1"
7645.3477133304941,620003,3111,1,"1"
7651.3970691693848,620002,3112,1,"1"
7653.7580498100924,620001,3113,1,"1"
7654.7564733075578,620000,3114,1,"1"
7667.5392820848883,619995,3119,1,"1"
7685.1016652516155,619981,3133,1,"1"
7702.6634155740658,619963,3151,1,"1"
7711.3376405264307,619960,3154,3,"2-1"
7715.7344868835999,619942,3172,1,"1"
7725.9753516224619,619924,3190,1,"1"
7731.9850801988441,619923,3191,1,"1"
7732.2872964233629,619922,3192,1,"1"
7741.7071208296393,619921,3193,1,"1"
7742.6730307481002,619916,3198,1,"1"
7749.1470995892832,619915,3199,1,"1"
7778.703331104025,619897,3217,1,"1"
7782.9712770264368,619892,3222,1,"1"
7818.4683284236744,619891,3223,1,"1"
7837.9281835262846,619890,3224,1,"1"
7847.3607247017117,619888,3226,2,"2"
7854.120100258745,619870,3244,1,"1"
7854.5676715058089,619869,3245,1,"1"
7862.0216492978134,619855,3259,1,"1"
7879.2621875530931,619837,3277,1,"1"
7881.3021288846421,619836,3278,1,"1"
7897.4356346851027,619826,3288,1,"1"
7913.8390347158747,619821,3293,1,"1"
7925.0564260787132,619803,3311,1,"1"
7937.4209369428127,619801,3313,2,"2"
7945.7555660475955,619796,3318,1,"1"
7955.8080934883237,619791,3323,1,"1"
7955.9673099171841,619773,3341,1,"1"
7966.1817921082202,619768,3346,1,"1"
7969.6444556974047,619763,3351,1,"1"
7991.5004575763332,619749,3365,1,"1"
8004.4632897585716,619739,3375,1,"1"
8007.5384168009796,619721,3393,1,"1"
8008.0133285371166,619718,3396,1,"1"
8060.7081407976002,619700,3414,1,"1"
8064.2467766250247,619697,3417,1,"1"
8072.2850576250148,619679,3435,1,"1"
8079.1532302086216,619661,3453,1,"1"
8089.8975343820803,619643,3471,1,"1"
8098.0563441548029,619625,3489,1,"1"
8118.6493211039115,619623,3491,2,"2"
8155.0489723404999,619605,3509,1,"1"
8165.3324620416761,619587,3527,1,"1"
8203.3803192420983,619569,3545,1,"1"
8225.8061624663951,619551,3563,1,"1"
8250.8682241813331,619542,3572,1,"1"
8255.6700791586263,619537,3577,1,"1"
8314.450950670107,619519,3595,1,"1"
8335.5812866203851,619514,3600,1,"1"
8339.3571949460656,619509,3605,1,"1"
8352.9285858766743,619473,3641,2,"2"
8369.5647132645845,619455,3659,1,"1"
8393.6697795364798,619450,3664,1,"1"
8393.86415048446,619439,3675,1,"1"
8413.3685730814796,619427,3687,1,"1"
8443.3126318672093,619417,3697,1,"1"
8444.4452521398944,619408,3706,1,"1"
8452.5377866904273,619405,3709,1,"1"
8454.2603393638947,619387,3727,1,"1"
8471.8535941090449,619375,3739,1,"1"
8482.6379222330397,619372,3742,1,"1"
8483.1618534602894,619350,3764,2,"2"
8546.3130622327335,619345,3769,1,"1"
8564.3130146280691,619340,3774,1,"1"
8567.3412374315412,619339,3775,1,"1"
8571.2560502383494,619328,3786,3,"2-1"
8690.498664789493,619327,3787,1,"1"
8698.4757926983166,619322,3792,1,"1"
8725.6891462205003,619316,3798,2,"2"
8766.8331683898814,619302,3812,1,"1"
8778.2626371990027,619284,3830,1,"1"
8784.2053412283258,619248,3866,2,"1-1"
8806.2459155373926,619230,3884,1,"1"
8806.4859602943907,619212,3902,1,"1"
8809.218686231723,619207,3907,1,"1"
8853.5554571042794,619206,3908,1,"1"
8855.5213065968055,619188,3926,1,"1"
8874.8176623601794,619170,3944,1,"1"
8879.5842714782284,619154,3960,1,"1"
8932.6110274877883,619136,3978,1,"1"
8934.0625074683048,619118,3996,1,"1"
8935.2467340379953,619110,4004,2,"2"
8946.6162603629709,619096,4018,2,"1-1"
8947.0025131403181,619086,4028,1,"1"
8972.3807276001935,619083,4031,3,"2-1"
8979.5464934794654,619065,4049,1,"1"
9027.1638592335676,619047,4067,1,"1"
9046.4973986084042,619041,4073,2,"1-1"
9047.2423101596214,619023,4091,1,"1"
9115.5051495937041,619005,4109,1,"1"
9133.5944973573114,619000,4114,1,"1"
9149.3342478709092,618995,4119,1,"1"
9165.0807817259665,618990,4124,1,"1"
9166.1569790686644,618972,4142,1,"1"
9174.1310707590201,618954,4160,1,"1"
9214.3048622471706,618953,4161,1,"1"
9219.3780117340411,618944,4170,1,"1"
9237.0187062927525,618937,4177,1,"1"
9263.7795580745042,618919,4195,1,"1"
9271.7233714331833,618909,4205,2,"2"
9283.7938392987253,618888,4226,5,"2-2-1"
9289.1520427198484,618870,4244,1,"1"
9292.5163313802695,618865,4249,1,"1"
9293.5910628993042,618847,4267,1,"1"
9299.0151769918448,618829,4285,1,"1"
9310.0467486289617,618820,4294,1,"1"
9312.6878428262808,618802,4312,1,"1"
9318.0536709920834,618792,4322,1,"1"
9328.9961961748013,618779,4335,1,"1"
9332.7757550694296,618776,4338,1,"1"
9339.069557889803,618771,4343,1,"1"
9352.7682134673014,618768,4346,1,"1"
9362.2204149378304,618763,4351,1,"1"
9368.4964824445797,618745,4369,1,"1"
9368.8502081339138,618742,4372,1,"1"
9419.7374148325271,618733,4381,1,"1"
9428.0548161417846,618715,4399,1,"1"
9440.7118433595151,618687,4427,4,"2-1-1"
9447.2839331277628,618669,4445,1,"1"
9461.3408422565717,618659,4455,1,"1"
9473.5595918913095,618631,4483,4,"2-2"
9485.211773962772,618613,4501,1,"1"
9498.8039628973311,618612,4502,1,"1"
9531.0594775647478,618594,4520,1,"1"
9535.8428070943919,618589,4525,1,"1"
9553.5617444813724,618571,4543,1,"1"
9555.8914898300627,618557,4557,2,"1-1"
9556.7189833694229,618547,4567,1,"1"
9585.5022174783899,618542,4572,1,"1"
9621.4897402001698,618536,4578,2,"2"
9635.5489273112798,618527,4587,1,"1"
9644.6743879004935,618507,4607,4,"2-1-1"
9683.8597062450444,618499,4615,2,"1-1"
9695.5173391830667,618490,4624,1,"1"
9715.1843444046444,618472,4642,1,"1"
9733.7552836974792,618454,4660,1,"1"
9794.2569964931245,618444,4670,1,"1"
9798.0264730898962,618439,4675,1,"1"
9805.3452435134823,618421,4693,1,"1"
9808.7800941797068,618416,4698,1,"1"
9808.9093339556439,618415,4699,1,"1"
9822.6964479083708,618405,4709,1,"1"
9827.952912041148,618387,4727,1,"1"
9902.8952794585712,618377,4737,1,"1"
9931.7483779125596,618353,4761,2,"2"
9943.7218623965891,618341,4773,1,"1"
9946.1083438521455,618323,4791,1,"1"
9949.5324806311673,618311,4803,1,"1"
9959.8679606771439,618293,4821,1,"1"
9974.089798705174,618251,4863,6,"5-1"
9996.871279648838,618241,4873,1,"1"
10006.805559009519,618223,4891,1,"1"
10007.217083477655,618187,4927,2,"2"
10032.190683397972,618169,4945,1,"1"
10049.442487215307,618154,4960,3,"3"
10054.249292567041,618128,4986,2,"2"
10074.915533560161,618110,5004,1,"1"
10077.691400664209,618092,5022,1,"1"
10078.685430151301,618079,5035,1,"1"
10084.656306566592,618061,5053,1,"1"
10090.034276343085,618043,5071,1,"1"
10099.391170903617,618025,5089,1,"1"
10121.809331861179,618007,5107,1,"1"
10125.871624749339,617989,5125,1,"1"
10129.356673380986,617971,5143,1,"1"
10203.43045339148,617961,5153,1,"1"
10211.681122402606,617956,5158,1,"1"
10213.691614531035,617946,5168,1,"1"
10216.360886965906,617936,5178,2,"2"
10235.305084957719,617918,5196,2,"2"
10243.980250764987,617913,5201,1,"1"
10255.878001272951,617903,5211,1,"1"
10257.389434538218,617885,5229,1,"1"
10273.962867956156,617867,5247,1,"1"
10328.130325100514,617851,5263,2,"1-1"
10333.508383466129,617833,5281,1,"1"
10353.763058738514,617823,5291,2,"2"
10372.238630784488,617818,5296,1,"1"
10385.566275674686,617804,5310,1,"1"
10415.141768238151,617786,5328,1,"1"
10459.553979058193,617768,5346,1,"1"
10466.515359414479,617750,5364,1,"1"
10496.795424277785,617740,5374,2,"1-1"
10506.35212133258,617722,5392,1,"1"
10507.837504193898,617713,5401,1,"1"
10533.430302596353,617695,5419,1,"1"
10533.684827149991,617685,5429,2,"1-1"
10544.584324284251,617667,5447,1,"1"
10551.642271036477,617649,5465,2,"2"
10562.223856826777,617644,5470,1,"1"
10592.020397408947,617635,5479,1,"1"
10623.644590012462,617617,5497,1,"1"
10643.849788598422,617603,5511,1,"1"
10647.843769373687,617598,5516,1,"1"
10652.347445316804,617580,5534,1,"1"
10656.979435854144,617544,5570,2,"1-1"
10659.211898196696,617500,5614,4,"2-2"
10673.526195521568,617482,5632,1,"1"
10681.621922885279,617477,5637,1,"1"
10694.658870519193,617459,5655,1,"1"
10702.846726939624,617445,5669,1,"1"
10706.130413888757,617439,5675,2,"2"
10725.447596416545,617429,5685,1,"1"
10733.606360627367,617411,5703,1,"1"
10740.682576832314,617375,5739,2,"1-1"
10756.978987077617,617370,5744,1,"1"
10766.88043864774,617360,5754,1,"1"
10775.749755949935,617342,5772,1,"1"
10793.31727924316,617324,5790,1,"1"
10800.671117318823,617296,5818,2,"1-1"
10803.700728147187,617279,5835,1,"1"
10804.926474115073,617261,5853,1,"1"
10822.157994165984,617225,5889,2,"2"
10833.849067214089,617207,5907,1,"1"
10854.825521665622,617197,5917,2,"2"
10877.432117304692,617187,5927,1,"1"
10879.589335162409,617182,5932,1,"1"
10890.631038986896,617172,5942,1,"1"
10895.274957994347,617154,5960,1,"1"
10967.669495790218,617149,5965,1,"1"
10977.710057106955,617113,6001,2,"1-1"
10995.415621321552,617108,6006,1,"1"
11001.723331318448,617100,6014,2,"1-1"
11030.630681940806,617082,6032,1,"1"
11033.308901260936,617077,6037,1,"1"
11038.05347170704,617072,6042,1,"1"
11049.674767356953,617059,6055,1,"1"
11094.54604964357,617054,6060,1,"1"
11115.82240718719,617044,6070,2,"1-1"
11131.622166408677,617026,6088,1,"1"
11132.272403720181,617023,6091,1,"1"
11153.455133489972,617005,6109,1,"1"
11154.990627167363,616987,6127,1,"1"
11174.165392676763,616969,6145,1,"1"
11177.939241722295,616964,6150,1,"1"
11179.700924120523,616946,6168,1,"1"
11190.8927411034,616932,6182,2,"1-1"
11191.400576206808,616914,6200,1,"1"
11197.74147066174,616878,6236,2,"2"
11206.295994442833,616860,6254,1,"1"
11239.761576812172,616843,6271,1,"1"
11252.375565926512,616801,6313,3,"3"
11258.224245485921,616794,6320,1,"1"
11273.326513423419,616777,6337,1,"1"
11277.967777736169,616764,6350,1,"1"
11277.999740332994,616746,6368,1,"1"
11300.923548241373,616728,6386,1,"1"
11324.979920255426,616718,6396,1,"1"
11329.925205317608,616700,6414,1,"1"
11342.954124201658,616695,6419,1,"1"
11360.765504537674,616677,6437,1,"1"
11364.661688739587,616659,6455,1,"1"
11367.18115919603,616641,6473,1,"1"
11414.86571095717,616632,6482,1,"1"
11424.731493607871,616614,6500,1,"1"
11447.180721570216,616596,6518,1,"1"
11468.950746126726,616578,6536,1,"1"
11473.401559339034,616559,6555,3,"2-1"
11475.170510106587,616541,6573,1,"1"
11498.237620184666,616532,6582,1,"1"
11507.41224222983,616514,6600,1,"1"
11522.802174687509,616507,6607,1,"1"
11524.686816521205,616504,6610,1,"1"
11526.155861926432,616468,6646,2,"1-1"
11535.212745384188,616460,6654,2,"1-1"
11546.021726021363,616442,6672,1,"1"
11573.601580113822,616432,6682,1,"1"
11586.344487845703,616414,6700,1,"1"
11587.895296890058,616404,6710,2,"1-1"
11605.533473214995,616386,6728,1,"1"
11612.708726958886,616381,6733,1,"1"
11616.20818172765,616363,6751,1,"1"
11623.190178603316,616358,6756,1,"1"
11628.826886739678,616345,6769,1,"1"
11654.209832765591,616327,6787,1,"1"
11663.613761738176,616317,6797,1,"1"
11707.371042777288,616312,6802,1,"1"
11719.487442868143,616302,6812,1,"1"
11720.766831691712,616292,6822,1,"1"
11748.241022405107,616280,6834,1,"1"
11787.166703369909,616262,6852,1,"1"
11826.462216216476,616259,6855,1,"1"
11844.580297534845,616254,6860,1,"1"
11856.470786362617,616236,6878,1,"1"
11866.50876154125,616231,6883,1,"1"
11878.794968964223,616213,6901,1,"1"
11883.095100498163,616195,6919,1,"1"
11906.909130186146,616177,6937,1,"1"
11921.964041895022,616163,6951,1,"1"
11937.299823337678,616145,6969,1,"1"
11940.334285510886,616127,6987,1,"1"
11942.119728396276,616122,6992,1,"1"
11951.357557223393,616104,7010,1,"1"
11954.071612327627,616086,7028,1,"1"
11958.290834476304,616059,7055,7,"6-1"
11974.144459013554,616049,7065,1,"1"
11974.54608229684,616031,7083,1,"1"
11983.373693223442,616013,7101,1,"1"
12001.376701949206,615995,7119,1,"1"
12031.775692195706,615985,7129,1,"1"
12032.604082719388,615967,7147,1,"1"
12056.30347749445,615949,7165,1,"1"
12063.503657138299,615931,7183,1,"1"
12104.938328079226,615913,7201,1,"1"
12120.887690305533,615906,7208,1,"1"
12123.537609506317,615901,7213,1,"1"
12144.21812360098,615896,7218,1,"1"
12162.464133245336,615881,7233,1,"1"
12163.387795603299,615863,7251,1,"1"
12165.923712278984,615846,7268,1,"1"
12176.417229443263,615837,7277,1,"1"
12184.43506553216,615819,7295,1,"1"
12187.820894509961,615801,7313,1,"1"
12195.803619950522,615783,7331,1,"1"
12223.261176682247,615769,7345,2,"1-1"
12229.283081948101,615759,7355,1,"1"
12233.955706462681,615741,7373,1,"1"
12234.322770370425,615728,7386,1,"1"
12255.051245981762,615718,7396,1,"1"
12260.676899975959,615712,7402,2,"2"
12281.902081567778,615694,7420,1,"1"
12296.636044746385,615676,7438,1,"1"
12300.404298545838,615673,7441,1,"1"
12316.758846828983,615668,7446,1,"1"
12318.533163253298,615665,7449,1,"1"
12369.129761345004,615647,7467,1,"1"
12376.992001254395,615644,7470,1,"1"
12389.796850611156,615626,7488,1,"1"
12402.717753336661,615608,7506,1,"1"
12415.19491924732,615590,7524,1,"1"
12415.561978777487,615580,7534,1,"1"
12416.275233230919,615562,7552,1,"1"
12435.322264760174,615545,7569,1,"1"
12458.972529457405,615531,7583,2,"2"
12461.123376372469,615513,7601,1,"1"
12474.915541275632,615508,7606,1,"1"
12480.914388440124,615498,7616,1,"1"
12508.546509996724,615481,7633,1,"1"
12534.728272297622,615458,7656,2,"2"
12536.225930138129,615453,7661,1,"1"
12578.76342747146,615443,7671,2,"2"
12579.333107384758,615416,7698,5,"2-1-1-1"
12597.863948708227,615398,7716,1,"1"
12637.024568085106,615389,7725,1,"1"
12660.454422910338,615371,7743,1,"1"
12674.515312070556,615353,7761,1,"1"
12676.772894951033,615339,7775,1,"1"
12681.568015866187,615321,7793,1,"1"
12693.506089399358,615304,7810,1,"1"
12700.701827095774,615299,7815,1,"1"
12722.566710405019,615281,7833,1,"1"
12738.569001630241,615263,7851,1,"1"
12739.784180486387,615258,7856,1,"1"
12757.870163888445,615241,7873,1,"1"
12772.315034708121,615223,7891,1,"1"
12773.38451641521,615213,7901,1,"1"
12773.606412535888,615195,7919,1,"1"
12829.386621001218,615190,7924,1,"1"
12832.619496556785,615172,7942,1,"1"
12834.481336899078,615154,7960,1,"1"
12844.080268847027,615144,7970,2,"1-1"
12846.275066411074,615134,7980,1,"1"
12850.068393148293,615124,7990,1,"1"
12867.671149760308,615119,7995,1,"1"
12895.938491146595,615109,8005,2,"1-1"
12907.421528356997,615089,8025,4,"4"
12920.429760242658,615053,8061,2,"1-1"
12948.49448092786,615048,8066,1,"1"
12954.036814776346,615030,8084,1,"1"
12976.34061493433,615012,8102,1,"1"
12977.506092791828,615007,8107,1,"1"
12988.775554348787,615002,8112,1,"1"
12991.710177796151,614990,8124,1,"1"
12992.192350743107,614980,8134,1,"1"
13000.70255735339,614975,8139,1,"1"
13001.263776367807,614957,8157,1,"1"
13008.576944758481,614939,8175,1,"1"
13014.138261070795,614921,8193,2,"1-1"
13014.819345223757,614916,8198,1,"1"
13025.291262837005,614906,8208,1,"1"
13025.925451823652,614882,8232,4,"2-2"
13030.989770927565,614868,8246,1,"1"
13056.729196084038,614850,8264,1,"1"
13063.665746214858,614832,8282,1,"1"
13063.812542746182,614812,8302,2,"2"
13091.121756339026,614798,8316,2,"2"
13124.188704763403,614789,8325,1,"1"
13124.39734457032,614786,8328,1,"1"
13137.573236850178,614774,8340,2,"1-1"
13138.583853343151,614750,8364,4,"2-1-1"
13141.725059867147,614732,8382,1,"1"
13142.741975929144,614696,8418,2,"2"
13168.605659109273,614687,8427,1,"1"
13168.677333469146,614682,8432,1,"1"
13174.559735996289,614664,8450,1,"1"
13191.283893630654,614658,8456,2,"2"
13198.671571567842,614622,8492,2,"1-1"
13224.311537420774,614604,8510,1,"1"
13246.887622648743,614590,8524,1,"1"
13247.077589996323,614555,8559,4,"3-1"
13250.47105310673,614537,8577,1,"1"
13258.150039032304,614519,8595,1,"1"
13267.7629134038,614501,8613,1,"1"
13271.796007033623,614483,8631,1,"1"
13279.475297884428,614474,8640,1,"1"
13284.153195048282,614469,8645,1,"1"
13299.958488544173,614464,8650,1,"1"
13303.993201415189,614446,8668,1,"1"
13312.149723318975,614428,8686,1,"1"
13317.698263596787,614410,8704,1,"1"
13341.843037488767,614399,8715,1,"1"
13345.20527608247,614390,8724,1,"1"
13364.742016590844,614354,8760,2,"1-1"
13370.906792935002,614351,8763,1,"1"
13372.580904957351,614338,8776,1,"1"
13386.189166959372,614320,8794,1,"1"
13389.234619899853,614302,8812,1,"1"
13398.719396057379,614293,8821,1,"1"
13405.12880702079,614275,8839,1,"1"
13408.303467892978,614262,8852,1,"1"
13414.729937612003,614244,8870,1,"1"
13417.094870329336,614226,8888,1,"1"
13432.814128625043,614208,8906,1,"1"
13434.236547100281,614199,8915,1,"1"
13461.34627379702,614181,8933,1,"1"
13474.397490879765,614176,8938,1,"1"
13484.020695910256,614158,8956,1,"1"
13503.882826958112,614144,8970,1,"1"
13506.669576923974,614126,8988,1,"1"
13520.378879372369,614108,9006,1,"1"
13522.355688453643,614090,9024,1,"1"
13553.923116900536,614072,9042,1,"1"
13567.601186859114,614054,9060,1,"1"
13602.472540248307,614037,9077,1,"1"
13615.799998178725,614034,9080,1,"1"
13623.851938338245,614016,9098,1,"1"
13656.319383471318,613992,9122,2,"2"
13660.933536041393,613974,9140,1,"1"
13667.251292218523,613954,9160,2,"2"
13671.803208447776,613936,9178,2,"1-1"
13676.179969055915,613914,9200,2,"2"
13685.513972450326,613896,9218,1,"1"
13687.222142770144,613878,9236,1,"1"
13693.58605674148,613873,9241,1,"1"
13702.772012520099,613857,9257,2,"1-1"
13704.871449069047,613821,9293,2,"2"
13708.408589991426,613811,9303,2,"2"
13712.792742041849,613793,9321,1,"1"
13720.73740272774,613788,9326,1,"1"
13726.959546229102,613783,9331,1,"1"
13727.113993357794,613776,9338,1,"1"
13793.656223740218,613758,9356,1,"1"
13797.292590972827,613740,9374,1,"1"
13798.135959346202,613722,9392,1,"1"
13800.558977847786,613704,9410,1,"1"
13808.219155775218,613686,9428,1,"1"
13809.520482656979,613668,9446,1,"1"
13817.64051743748,613650,9464,1,"1"
13818.666931264921,613632,9482,1,"1"
13837.079675496541,613622,9492,1,"1"
13842.762123257207,613613,9501,1,"1"
13845.341421070805,613595,9519,1,"1"
13859.605124222595,613577,9537,1,"1"
13860.855234532341,613559,9555,1,"1"
13873.982601533142,613541,9573,1,"1"
13892.196595981799,613532,9582,1,"1"
13902.636331759059,613527,9587,1,"1"
13909.484951150635,613518,9596,1,"1"
13917.364396138295,613508,9606,2,"1-1"
13923.891855088892,613490,9624,1,"1"
13935.758388932976,613485,9629,1,"1"
13944.217819488989,613467,9647,1,"1"
13951.501052752643,613449,9665,1,"1"
13966.009860775444,613431,9683,1,"1"
13976.361871506348,613422,9692,1,"1"
13984.350857608042,613417,9697,1,"1"
13996.358236309236,613408,9706,1,"1"
13996.525951355758,613390,9724,1,"1"
14010.583758947969,613372,9742,1,"1"
14056.996442401456,613362,9752,1,"1"
14063.318287549839,613344,9770,1,"1"
14063.412892026965,613334,9780,2,"2"
14071.339409454988,613318,9796,4,"2-2"
14085.307968446157,613300,9814,1,"1"
14089.899951288493,613282,9832,1,"1"
14108.434772868324,613264,9850,1,"1"
14118.354870471032,613259,9855,1,"1"
14128.896367014089,613235,9879,2,"2"
14135.174193885212,613217,9897,1,"1"
14158.318784792389,613199,9915,1,"1"
14170.093733857908,613181,9933,1,"1"
14195.245228659698,613163,9951,1,"1"
14198.636673896815,613145,9969,1,"1"
14229.040578235546,613109,10005,2,"2"
14230.38649597376,613100,10014,3,"3"
14242.118867391133,613089,10025,1,"1"
14277.503987631851,613071,10043,1,"1"
14288.092388013469,613053,10061,1,"1"
14316.648013966311,613033,10081,2,"2"
14330.666776306489,613020,10094,1,"1"
14359.277835677689,613002,10112,1,"1"
14371.502959652187,612992,10122,1,"1"
14371.980812878277,612974,10140,1,"1"
14377.574873711888,612938,10176,2,"1-1"
14380.84639886681,612928,10186,1,"1"
14393.759935193666,612918,10196,1,"1"
14394.194425785321,612900,10214,1,"1"
14408.993815668082,612874,10240,2,"2"
14442.634829445351,612856,10258,1,"1"
14442.956752800561,612838,10276,1,"1"
14445.306091013352,612766,10348,4,"4"
14446.775027932747,612748,10366,1,"1"
14447.067388316556,612730,10384,1,"1"
14468.942937219648,612714,10400,2,"1-1"
14469.672189030078,612696,10418,1,"1"
14501.41630144402,612678,10436,1,"1"
14506.638607924813,612665,10449,1,"1"
14512.68308847307,612647,10467,1,"1"
14512.684665790137,612635,10479,1,"1"
14538.694726217374,612617,10497,1,"1"
14543.918509365714,612599,10515,1,"1"
14549.923177434486,612581,10533,1,"1"
14570.828938878874,612576,10538,1,"1"
14575.198589512458,612566,10548,1,"1"
14597.407123799245,612548,10566,1,"1"
14608.879720118794,612539,10575,1,"1"
14615.010387637903,612516,10598,3,"1-1-1"
14616.452654188006,612498,10616,1,"1"
14619.175850829613,612462,10652,2,"2"
14626.152384457166,612444,10670,1,"1"
14630.303299605477,612422,10692,2,"2"
14632.435206929398,612408,10706,2,"2"
14637.243921305813,612401,10713,1,"1"
14638.040748097736,612383,10731,1,"1"
14653.077967091844,612365,10749,1,"1"
14656.837474325992,612346,10768,3,"3"
14670.633463002934,612328,10786,1,"1"
14674.208857686635,612310,10804,1,"1"
14692.47996045222,612292,10822,1,"1"
14694.478240412705,612283,10831,1,"1"
14698.79308913169,612274,10840,1,"1"
14716.434280067768,612256,10858,1,"1"
14737.915728023087,612220,10894,2,"2"
14739.040995164802,612210,10904,1,"1"
14752.558313055484,612192,10922,1,"1"
14756.526124538543,612130,10984,5,"3-2"
14760.662995684625,612125,10989,1,"1"
14765.444995488189,612107,11007,1,"1"
14774.225502047195,612093,11021,1,"1"
14788.029029716514,612075,11039,1,"1"
14792.056895850295,612070,11044,1,"1"
14798.552274397804,612046,11068,4,"3-1"
14804.033136875216,612041,11073,1,"1"
14841.786911100608,612023,11091,1,"1"
14846.657520364779,612005,11109,1,"1"
14847.627759408677,611987,11127,1,"1"
14859.633833502383,611963,11151,2,"1-1"
14875.90802523833,611933,11181,4,"3-1"
14878.719620699854,611915,11199,1,"1"
14895.067958342583,611897,11217,1,"1"
14915.310782696826,611880,11234,1,"1"
14937.050584615288,611862,11252,1,"1"
14949.349672984737,611824,11290,6,"3-2-1"
14951.538055324392,611806,11308,1,"1"
14965.971210493566,611797,11317,1,"1"
14969.811040143573,611787,11327,1,"1"
14972.541676783621,611769,11345,1,"1"
14989.432926789479,611751,11363,1,"1"
14998.583709179697,611741,11373,1,"1"
15000.773594355711,611736,11378,1,"1"
15021.155125181695,611718,11396,1,"1"
15054.275262387071,611698,11416,2,"2"
15058.719473665116,611693,11421,1,"1"
15069.231989393269,611688,11426,1,"1"
15078.606945143447,611660,11454,6,"3-2-1"
15083.669895961666,611640,11474,2,"2"
15090.567966916873,611610,11504,6,"3-3"
15106.814720847904,611592,11522,1,"1"
15118.014871390766,611574,11540,1,"1"
15136.779048508859,611556,11558,1,"1"
15141.329256391629,611520,11594,2,"2"
15170.571800162099,611502,11612,1,"1"
15173.311386861142,611484,11630,1,"1"
15208.792428591207,611466,11648,1,"1"
15215.985369956934,611456,11658,1,"1"
15222.277989499835,611451,11663,1,"1"
15229.159193294836,611436,11678,3,"2-1"
15260.093357750715,611431,11683,1,"1"
15267.44558388417,611415,11699,1,"1"
15269.409630555991,611410,11704,1,"1"
15271.321212411794,611392,11722,1,"1"
15273.945529900024,611356,11758,2,"2"
15277.033823632359,611347,11767,1,"1"
15277.300440833167,611329,11785,1,"1"
15288.934063480265,611315,11799,2,"2"
15314.35674344349,611279,11835,2,"2"
15363.885427116327,611256,11858,3,"3"
15367.808191712758,611245,11869,1,"1"
15368.38310707798,611227,11887,1,"1"
15390.788536266025,611191,11923,2,"2"
15393.667293783215,611173,11941,1,"1"
15414.042020868477,611155,11959,1,"1"
15419.008272264642,611137,11977,1,"1"
15475.592785673918,611101,12013,2,"1-1"
15498.160683439941,611096,12018,1,"1"
15502.182102338355,611078,12036,1,"1"
15512.137010508428,611060,12054,1,"1"
15512.476009719217,611040,12074,2,"2"
15515.646126033473,611022,12092,1,"1"
15543.159084245837,610851,12263,14,"9-3-1-1"
15549.359500970397,610833,12281,1,"1"
15563.861626254451,610797,12317,2,"2"
15580.55067436942,610761,12353,2,"1-1"
15582.979205955286,610743,12371,1,"1"
15615.435648167064,610662,12452,7,"5-2"
15623.487706737098,610644,12470,1,"1"
15630.719756687298,610635,12479,1,"1"
15637.416955416658,610617,12497,1,"1"
15645.976347090233,610599,12515,1,"1"
15654.65262562379,610581,12533,1,"1"
15676.774601304684,610572,12542,1,"1"
15692.00809548916,610558,12556,1,"1"
15708.425579465154,610548,12566,1,"1"
15714.83044035787,610530,12584,1,"1"
15720.455232078777,610525,12589,1,"1"
15724.685692426758,610507,12607,1,"1"
15730.418247152002,610489,12625,1,"1"
15764.311609808881,610471,12643,1,"1"
15767.037976395781,610468,12646,1,"1"
15773.478461471441,610450,12664,1,"1"
15791.684071209416,610432,12682,1,"1"
15795.137580716613,610408,12706,2,"2"
15795.222159124336,610403,12711,1,"1"
15795.541590872443,610394,12720,1,"1"
15809.962217209877,610376,12738,1,"1"
15817.296381158332,610366,12748,1,"1"
15819.553861904626,610361,12753,1,"1"
15828.082496848636,610351,12763,1,"1"
15830.413603118566,610333,12781,1,"1"
15843.08322131091,610315,12799,1,"1"
15850.179983557067,610310,12804,1,"1"
15853.283092183572,610292,12822,1,"1"
15863.352891031176,610278,12836,2,"2"
15874.767078482888,610260,12854,1,"1"
15876.32933255259,610244,12870,2,"1-1"
15889.18037926909,610227,12887,1,"1"
15914.67310817663,610218,12896,1,"1"
15926.282792850061,610198,12916,4,"4"
15927.199455667329,610192,12922,2,"2"
15938.869192977694,610176,12938,1,"1"
15941.310216021777,610166,12948,1,"1"
15942.222680263259,610148,12966,1,"1"
15949.484243658195,610130,12984,1,"1"
15957.965409225319,610112,13002,1,"1"
15986.073101303224,610094,13020,1,"1"
16007.848081229369,610089,13025,1,"1"
16012.425692600924,610076,13038,1,"1"
16024.183868498298,610062,13052,1,"1"
16029.268533959805,610026,13088,2,"1-1"
16054.279962350343,610021,13093,1,"1"
16055.829592604474,609995,13119,2,"2"
16058.227195210256,609985,13129,2,"2"
16102.475744514126,609967,13147,1,"1"
16103.901248222794,609949,13165,1,"1"
16107.402905785915,609935,13179,1,"1"
16110.103799248436,609917,13197,1,"1"
16111.163128951035,609899,13215,1,"1"
16130.689718060294,609889,13225,2,"2"
16131.901475371693,609871,13243,1,"1"
16137.185596990792,609853,13261,1,"1"
16139.499338152496,609836,13278,1,"1"
16154.390425195721,609818,13296,1,"1"
16163.467995251433,609801,13313,3,"1-1-1"
16167.64087680641,609783,13331,1,"1"
16172.328510505798,609765,13349,1,"1"
16177.217805404176,609760,13354,1,"1"
16185.15364175357,609742,13372,1,"1"
16205.848359914657,609724,13390,1,"1"
16217.9797206001,609715,13399,1,"1"
16234.749713886818,609697,13417,1,"1"
16236.957583809091,609679,13435,1,"1"
16242.720955844792,609643,13471,2,"2"
16256.808226413565,609625,13489,1,"1"
16278.50660334343,609615,13499,1,"1"
16323.806494834249,609597,13517,1,"1"
16325.640577987988,609583,13531,1,"1"
16326.03818494696,609565,13549,1,"1"
16343.456622545853,609560,13554,1,"1"
16350.595223277885,609542,13572,1,"1"
16354.901362716959,609524,13590,1,"1"
16356.953363829081,609506,13608,1,"1"
16361.889151529685,609497,13617,3,"3"
16362.565077673986,609479,13635,1,"1"
16366.525487140612,609461,13653,1,"1"
16380.801637750994,609454,13660,1,"1"
16390.302355104446,609447,13667,1,"1"
16399.049694841669,609437,13677,2,"2"
16400.828444531257,609427,13687,1,"1"
16412.329675747122,609409,13705,1,"1"
16415.874570294593,609389,13725,2,"2"
16416.766719868225,609371,13743,1,"1"
16417.262711252144,609353,13761,1,"1"
16418.593540839411,609335,13779,1,"1"
16443.266959420205,609295,13819,3,"3"
16454.202189904783,609277,13837,1,"1"
16472.60030729248,609267,13847,2,"2"
16506.364735979638,609249,13865,1,"1"
16514.595837620167,609244,13870,1,"1"
16525.022590379765,609226,13888,1,"1"
16525.284979720622,609216,13898,2,"1-1"
16530.49679662073,609198,13916,1,"1"
16531.998929242334,609190,13924,2,"1-1"
16546.359754300087,609172,13942,1,"1"
16572.353406818293,609167,13947,1,"1"
16581.550702920864,609162,13952,1,"1"
16588.40286838917,609108,14006,3,"3"
16589.855134440546,609105,14009,1,"1"
16591.201762740697,609100,14014,1,"1"
16594.683549342841,609093,14021,1,"1"
16599.908178976115,609075,14039,1,"1"
16600.870374464743,609065,14049,2,"2"
16615.517762521104,609047,14067,1,"1"
16616.9982677476,609023,14091,2,"2"
16618.091628248243,609005,14109,1,"1"
16627.602736877052,608987,14127,1,"1"
16630.557499424896,608969,14145,1,"1"
16641.509117568941,608943,14171,2,"2"
16680.74512344554,608933,14181,1,"1"
16683.173746971941,608915,14199,1,"1"
16684.661278354939,608912,14202,1,"1"
16686.748116688173,608898,14216,1,"1"
16690.384227813429,608889,14225,1,"1"
16703.428141307817,608859,14255,3,"1-1-1"
16715.336763390253,608841,14273,1,"1"
16720.088230289712,608823,14291,1,"1"
16720.765725944173,608813,14301,1,"1"
16734.311945496243,608803,14311,1,"1"
16749.878226970737,608785,14329,1,"1"
16760.804901732692,608767,14347,1,"1"
16763.278040584333,608753,14361,2,"2"
16793.467817465636,608735,14379,1,"1"
16800.448882865418,608730,14384,1,"1"
16809.233540656329,608721,14393,1,"1"
16813.382389504051,608703,14411,1,"1"
16820.438074449838,608680,14434,3,"3"
16829.890533070073,608666,14448,2,"2"
16837.314470799189,608652,14462,2,"1-1"
16843.173597286695,608620,14494,2,"2"
16845.906496103769,608606,14508,1,"1"
16881.654686099453,608596,14518,1,"1"
16885.76057469648,608560,14554,2,"2"
16889.962059726993,608550,14564,2,"2"
16898.971641735734,608532,14582,1,"1"
16911.100969105264,608522,14592,1,"1"
16916.150864366991,608517,14597,1,"1"
16916.791127964301,608496,14618,3,"3"
16923.699004617298,608478,14636,1,"1"
16926.961528175852,608469,14645,1,"1"
16945.089654846786,608453,14661,1,"1"
16955.693142673816,608444,14670,1,"1"
16956.452728695,608439,14675,1,"1"
16965.491153990792,608408,14706,2,"1-1"
16967.808292808208,608390,14724,1,"1"
16971.367608768902,608380,14734,1,"1"
16980.130043605412,608375,14739,1,"1"
16980.990853994324,608352,14762,2,"2"
16988.523025460174,608334,14780,1,"1"
16995.100879594982,608316,14798,1,"1"
17007.674920037425,608298,14816,1,"1"
17015.798235287151,608280,14834,1,"1"
17023.394163884524,608270,14844,1,"1"
17042.415432577658,608265,14849,1,"1"
17059.933990962272,608247,14867,1,"1"
17062.326817487294,608238,14876,1,"1"
17071.969254300358,608224,14890,1,"1"
17077.446921555118,608193,14921,3,"2-1"
17080.494420721116,608175,14939,1,"1"
17107.393910790237,608126,14988,4,"2-1-1"
17112.951476400631,608108,15006,1,"1"
17123.223643987665,608084,15030,3,"3"
17133.297153688996,608079,15035,1,"1"
17136.731369310073,608061,15053,1,"1"
17141.095012351187,608043,15071,1,"1"
17141.670285192668,608029,15085,2,"2"
17143.005480581414,608011,15103,1,"1"
17145.00622739298,607994,15120,1,"1"
17152.871817267678,607976,15138,1,"1"
17170.015114818802,607958,15156,1,"1"
17172.460079795979,607948,15166,1,"1"
17174.566059344314,607930,15184,1,"1"
17199.309087369886,607894,15220,3,"2-1"
17204.161337551865,607876,15238,4,"3-1"
17210.887625979045,607814,15300,4,"3-1"
17211.030870285533,607796,15318,1,"1"
17235.940334418712,607778,15336,1,"1"
17246.795480838089,607760,15354,1,"1"
17250.817308259142,607742,15372,1,"1"
17253.280192308834,607737,15377,1,"1"
17254.530551867865,607732,15382,1,"1"
17255.007544334618,607718,15396,1,"1"
17268.980665073021,607682,15432,2,"1-1"
17280.522733337977,607664,15450,1,"1"
17286.73350037276,607646,15468,1,"1"
17298.748561124408,607628,15486,1,"1"
17298.831121024985,607618,15496,1,"1"
17302.1120009509,607609,15505,1,"1"
17315.13983805729,607599,15515,1,"1"
17325.825228417882,607590,15524,1,"1"
17333.00204268466,607580,15534,1,"1"
17335.423817820567,607562,15552,1,"1"
17339.943637623921,607544,15570,1,"1"
17342.427550338391,607508,15606,2,"1-1"
17375.156049733927,607490,15624,1,"1"
17379.614204303594,607472,15642,1,"1"
17381.004591543504,607462,15652,1,"1"
17399.506179577118,607444,15670,1,"1"
17416.089104677016,607434,15680,1,"1"
17426.780762763236,607424,15690,1,"1"
17443.687890072077,607406,15708,1,"1"
17453.436308628108,607401,15713,1,"1"
17470.865120209492,607396,15718,1,"1"
17476.474226158422,607378,15736,1,"1"
17477.731693456371,607360,15754,1,"1"
17483.178881263335,607342,15772,1,"1"
17490.579227073085,607327,15787,3,"2-1"
17492.493302607534,607309,15805,1,"1"
17494.986199337283,607299,15815,1,"1"
17497.64800702134,607285,15829,2,"2"
17507.25031816616,607267,15847,1,"1"
17507.553945689051,607249,15865,1,"1"
17526.502082062878,607237,15877,1,"1"
17528.72731255179,607220,15894,3,"3"
17533.238288962642,607202,15912,1,"1"
17538.306066528512,607184,15930,2,"2"
17541.828082310596,607175,15939,1,"1"
17565.601553713706,607157,15957,1,"1"
17592.69311079929,607147,15967,1,"1"
17599.092501754789,607129,15985,1,"1"
17615.012925684561,607111,16003,1,"1"
17626.241530695217,607101,16013,1,"1"
17628.743553616561,607064,16050,5,"4-1"
17630.548981330106,607046,16068,1,"1"
17642.631701871287,607028,16086,1,"1"
17659.252599311167,607008,16106,4,"2-2"
17679.984565522067,606990,16124,1,"1"
17690.89930880053,606985,16129,1,"1"
17700.266735098954,606967,16147,1,"1"
17707.200794949094,606953,16161,1,"1"
17712.889517341973,606935,16179,1,"1"
17724.852767252902,606917,16197,1,"1"
17733.132046611572,606899,16215,1,"1"
17741.387522582143,606881,16233,1,"1"
17751.340734541725,606863,16251,1,"1"
17767.089788239529,606858,16256,1,"1"
17776.095152041158,606840,16274,1,"1"
17783.77877586148,606797,16317,7,"4-2-1"
17798.149393158321,606761,16353,2,"2"
17799.406742008079,606743,16371,1,"1"
17807.498418349256,606725,16389,1,"1"
17807.807241626091,606711,16403,2,"2"
17823.846181715697,606693,16421,1,"1"
17827.030036757802,606645,16469,4,"3-1"
17833.561260681723,606627,16487,1,"1"
17836.439783089088,606622,16492,1,"1"
17837.807869092558,606604,16510,1,"1"
17840.380259340382,606601,16513,1,"1"
17847.118658031384,606591,16523,1,"1"
17887.73226993137,606573,16541,1,"1"
17888.933754481655,606555,16559,1,"1"
17895.428668650726,606537,16577,1,"1"
17907.312642508325,606519,16595,2,"1-1"
17934.017411991645,606501,16613,1,"1"
17963.341543477349,606483,16631,1,"1"
17966.739787393981,606474,16640,1,"1"
17966.9083224397,606469,16645,1,"1"
17984.560300061985,606460,16654,1,"1"
17984.624686026411,606450,16664,2,"2"
17990.133822563901,606432,16682,1,"1"
18003.042583979663,606398,16716,3,"2-1"
18009.762653595924,606380,16734,1,"1"
18021.970238989546,606370,16744,1,"1"
18026.083960521217,606352,16762,1,"1"
18038.620106449693,606343,16771,1,"1"
18039.794837047571,606325,16789,1,"1"
18042.281906232442,606307,16807,1,"1"
18049.14907281088,606289,16825,1,"1"
18062.270501982024,606271,16843,1,"1"
18073.413749447693,606253,16861,1,"1"
18112.480935113359,606235,16879,1,"1"
18116.703779716245,606217,16897,1,"1"
18117.626627688864,606199,16915,1,"1"
18121.249746146859,606181,16933,1,"1"
18121.733956075124,606163,16951,1,"1"
18137.655283358599,606145,16969,1,"1"
18153.071375865933,606140,16974,1,"1"
18153.74673208252,606122,16992,1,"1"
18158.887061870602,606084,17030,3,"2-1"
18168.921946480015,606066,17048,1,"1"
18180.373058683694,606048,17066,1,"1"
18184.182900006752,606038,17076,2,"2"
18184.274856393109,606020,17094,1,"1"
18190.072669395089,606006,17108,1,"1"
18200.50519795471,605988,17126,1,"1"
18204.251576496612,605970,17144,1,"1"
18209.073719344426,605952,17162,1,"1"
18223.020622882479,605947,17167,1,"1"
18224.463307321806,605937,17177,1,"1"
18232.431062936947,605923,17191,1,"1"
18233.117718182886,605905,17209,1,"1"
18234.944224626757,605895,17219,1,"1"
18253.056647856545,605882,17232,1,"1"
18270.861330301035,605864,17250,1,"1"
18281.942718083108,605846,17268,1,"1"
18283.927761613482,605836,17278,2,"2"
18301.894920319202,605818,17296,1,"1"
18302.693380528355,605782,17332,4,"4"
18309.344470148677,605764,17350,2,"2"
18313.592656859186,605750,17364,1,"1"
18313.721099338545,605747,17367,1,"1"
18318.755722243179,605729,17385,1,"1"
18324.119770535679,605711,17403,1,"1"
18350.443208574023,605693,17421,1,"1"
18357.642844719827,605673,17441,2,"2"
18371.066781226309,605638,17476,3,"2-1"
18374.167592296551,605602,17512,2,"2"
18387.978976491981,605592,17522,1,"1"
18388.668177798707,605574,17540,1,"1"
18392.605404082005,605556,17558,1,"1"
18399.154330555739,605538,17576,1,"1"
18401.097636719896,605427,17687,15,"4-2-2-2-1-1-1-1-1"
18405.215437998871,605422,17692,1,"1"
18415.878362600204,605404,17710,1,"1"
18417.205155146712,605386,17728,1,"1"
18435.136615778592,605368,17746,1,"1"
18435.146506654575,605355,17759,1,"1"
18442.398382413685,605337,17777,1,"1"
18451.462349590191,605295,17819,6,"5-1"
18454.159337503697,605247,17867,4,"4"
18461.437693948959,605229,17885,1,"1"
18485.6476983627,605205,17909,2,"2"
18487.622642304439,605107,18007,9,"3-3-2-1"
18493.60771915019,605089,18025,1,"1"
18508.28532142179,605079,18035,2,"2"
18522.16545185916,605069,18045,1,"1"
18530.258236886923,605060,18054,1,"1"
18534.533337053901,605042,18072,1,"1"
18548.506861568119,605006,18108,2,"2"
18562.059090641651,604996,18118,1,"1"
18565.142384693208,604978,18136,1,"1"
18574.101200528326,604960,18154,1,"1"
18578.067377536292,604944,18170,1,"1"
18583.637592183983,604905,18209,3,"2-1"
18604.919359343185,604887,18227,1,"1"
18611.771195506612,604869,18245,1,"1"
18612.679752350105,604854,18260,3,"3"
18622.263069160577,604844,18270,1,"1"
18629.892734695135,604826,18288,1,"1"
18643.735751086391,604808,18306,1,"1"
18654.647041231088,604790,18324,1,"1"
18660.957434891363,604780,18334,2,"2"
18665.536771136103,604767,18347,1,"1"
18695.492539252649,604731,18383,2,"2"
18713.136195793748,604714,18400,1,"1"
18714.816617144006,604696,18418,1,"1"
18715.063504096637,604681,18433,1,"1"
18723.264789708774,604671,18443,1,"1"
18723.362049421405,604666,18448,1,"1"
18727.498582455013,604648,18466,1,"1"
18731.438759954202,604630,18484,1,"1"
18747.249388878547,604612,18502,1,"1"
18748.307397531014,604598,18516,1,"1"
18754.666749574313,604580,18534,1,"1"
18759.20285943144,604562,18552,1,"1"
18765.108514398726,604547,18567,3,"2-1"
18781.513223277983,604537,18577,2,"2"
18806.455522818618,604525,18589,2,"1-1"
18817.481395891777,604516,18598,1,"1"
18825.856522341215,604498,18616,1,"1"
18830.539037518753,604451,18663,7,"2-1-1-1-1-1"
18830.94269133066,604441,18673,2,"2"
18834.041306667663,604424,18690,1,"1"
18835.136066775474,604413,18701,1,"1"
18857.203726440861,604408,18706,1,"1"
18859.92804193233,604390,18724,1,"1"
18877.589815451105,604372,18742,1,"1"
18882.567882569205,604354,18760,1,"1"
18890.536505859462,604344,18770,2,"2"
18898.091775509831,604326,18788,1,"1"
18906.938797146337,604308,18806,1,"1"
18907.563297374603,604272,18842,4,"3-1"
18909.410439379291,604240,18874,3,"1-1-1"
18914.357068324283,604222,18892,1,"1"
18921.452684129192,604136,18978,9,"5-2-1-1"
18924.114278704947,604126,18988,1,"1"
18929.440014636646,604102,19012,2,"1-1"
18938.902994646309,604093,19021,1,"1"
18942.061668831928,604081,19033,2,"1-1"
18944.967652209347,604076,19038,1,"1"
18950.737270878682,604040,19074,4,"3-1"
18958.274520636973,604021,19093,3,"2-1"
18959.201728713364,604011,19103,1,"1"
18968.745533264566,603993,19121,1,"1"
18972.952884512881,603973,19141,2,"2"
18979.307235509583,603955,19159,1,"1"
19007.056452094479,603937,19177,1,"1"
19007.656073858758,603930,19184,1,"1"
19012.381268230889,603910,19204,2,"2"
19018.724486236246,603878,19236,6,"2-1-1-1-1"
19024.937714007927,603869,19245,1,"1"
19025.942146463825,603851,19263,1,"1"
19046.96453825392,603839,19275,1,"1"
19051.135094040994,603830,19284,1,"1"
19059.22374561365,603812,19302,1,"1"
19068.361268264056,603794,19320,1,"1"
19076.864344681453,603776,19338,1,"1"
19083.114045310336,603766,19348,2,"1-1"
19088.725363072062,603761,19353,1,"1"
19095.847945539881,603747,19367,1,"1"
19111.997832180525,603729,19385,1,"1"
19122.279883995088,603687,19427,5,"2-1-1-1"
19137.464284370813,603669,19445,1,"1"
19143.535768687714,603648,19466,3,"1-1-1"
19147.680897687525,603612,19502,2,"2"
19162.034809536355,603607,19507,1,"1"
19162.518620491166,603602,19512,1,"1"
19167.684716163785,603566,19548,2,"1-1"
19177.740992288258,603548,19566,1,"1"
19198.114765745369,603530,19584,1,"1"
19204.236355367975,603512,19602,1,"1"
19210.339089491321,603507,19607,1,"1"
19215.196133027279,603489,19625,1,"1"
19235.152539821163,603471,19643,1,"1"
19243.202675742734,603434,19680,4,"4"
19263.311335478327,603416,19698,1,"1"
19267.48984480547,603387,19727,3,"3"
19284.852694414203,603332,19782,6,"4-2"
19314.482018080362,603320,19794,1,"1"
19315.642468653979,603311,19803,1,"1"
19318.471550922772,603293,19821,1,"1"
19327.890260386474,603262,19852,3,"2-1"
19329.960646411659,603244,19870,1,"1"
19331.645761710723,603234,19880,2,"2"
19336.726667176754,603216,19898,1,"1"
19341.212216901778,603207,19907,1,"1"
19344.972570311733,603189,19925,1,"1"
19346.963784085408,603179,19935,1,"1"
19378.785623856485,603161,19953,1,"1"
19385.324342134925,603151,19963,1,"1"
19398.399575896168,603133,19981,1,"1"
19400.697856887418,603115,19999,1,"1"
19427.81399271575,603097,20017,1,"1"
19428.312886877164,603092,20022,1,"1"
19459.918876618351,603087,20027,1,"1"
19471.219971152736,603069,20045,1,"1"
19471.611193401117,602845,20269,29,"6-3-3-2-2-2-2-2-1-1-1-1-1-1-1"
19481.00780514309,602827,20287,1,"1"
19486.333831902153,602809,20305,1,"1"
19512.531982254273,602799,20315,2,"1-1"
19512.936854605057,602781,20333,1,"1"
19528.568274393961,602763,20351,1,"1"
19541.474780916833,602745,20369,1,"1"
19550.407466093486,602731,20383,2,"1-1"
19558.372873828237,602713,20401,1,"1"
19559.711673224676,602695,20419,1,"1"
19561.327567473145,602690,20424,1,"1"
19563.089998639636,602666,20448,2,"2"
19592.398537366647,602652,20462,1,"1"
19599.139973498812,602634,20480,1,"1"
19607.552199540532,602616,20498,1,"1"
19619.647742405712,602580,20534,2,"2"
19621.895394818195,602560,20554,2,"1-1"
19627.214006901999,602548,20566,1,"1"
19629.609532753217,602511,20603,5,"3-2"
19636.464206067201,602498,20616,1,"1"
19676.268544734972,602394,20720,8,"3-2-2-1"
19677.638001270938,602389,20725,1,"1"
19684.119728280213,602371,20743,1,"1"
19685.3941090728,602353,20761,1,"1"
19685.489676307774,602292,20822,5,"4-1"
19700.066146231598,602282,20832,1,"1"
19726.458283735981,602264,20850,1,"1"
19729.787703630456,602190,20924,5,"3-2"
19729.975496850537,602185,20929,1,"1"
19731.185058860967,602133,20981,4,"1-1-1-1"
19732.25032225472,602115,20999,1,"1"
19739.995175814762,602097,21017,1,"1"
19741.563337259617,602079,21035,1,"1"
19753.30758027394,602061,21053,1,"1"
19770.502529764854,602025,21089,2,"2"
19775.812997373065,602007,21107,1,"1"
19777.123684309998,601989,21125,1,"1"
19783.60125572891,601971,21143,1,"1"
19803.31259712909,601953,21161,1,"1"
19817.398672498137,601935,21179,1,"1"
19820.752956446631,601917,21197,1,"1"
19839.449879747899,601899,21215,1,"1"
19840.15290435257,601881,21233,1,"1"
19845.964624877706,601805,21309,6,"2-2-1-1"
19851.447800301627,601787,21327,1,"1"
19867.305755578847,601769,21345,1,"1"
19870.177806743752,601751,21363,1,"1"
19877.475762051767,601733,21381,1,"1"
19880.641805970365,601715,21399,1,"1"
19884.399772511297,601705,21409,2,"2"
19885.995339812147,601687,21427,1,"1"
19894.513294436259,601651,21463,2,"2"
19901.195215920761,601633,21481,1,"1"
19908.43876333347,601628,21486,1,"1"
19918.285090501544,601610,21504,1,"1"
19920.755195169138,601592,21522,1,"1"
19939.270524430693,601578,21536,1,"1"
19942.03802448629,601560,21554,1,"1"
19942.955327006017,601542,21572,1,"1"
19946.712597487789,601532,21582,1,"1"
19948.614051495388,601521,21593,1,"1"
19948.670316447438,601487,21627,6,"4-2"
19953.970042906629,601469,21645,1,"1"
19960.840251870723,601451,21663,1,"1"
19967.388674510414,601442,21672,1,"1"
19968.600197681164,601424,21690,1,"1"
19974.54469519448,601406,21708,1,"1"
19975.519175166039,601401,21713,1,"1"
19981.235354616576,601382,21732,3,"2-1"
19983.051214235282,601344,21770,3,"3"
19997.529159422971,601326,21788,1,"1"
20001.432713271664,601317,21797,1,"1"
20030.280619875994,601307,21807,1,"1"
20034.212833423353,600865,22249,60,"5-5-4-4-3-3-3-3-2-2-2-2-2-2-2-1-1-1-1-1-1-1-1-1-1-1-1-1-1-1-1"
20037.7538930439,600845,22269,2,"2"
20040.146846178137,600827,22287,1,"1"
20045.1882318772,600809,22305,1,"1"
20047.334362937971,600785,22329,2,"1-1"
20047.914024376554,600767,22347,1,"1"
20061.40157237972,600749,22365,1,"1"
20081.122024692013,600722,22392,3,"3"
20088.997039295089,600704,22410,1,"1"
20090.109502523879,600686,22428,1,"1"
20092.783541847053,600668,22446,1,"1"
20096.3728397753,600650,22464,1,"1"
20098.330376569847,600632,22482,1,"1"
20098.464827787153,600622,22492,1,"1"
20105.656877440993,600576,22538,3,"1-1-1"
20105.762996600759,600558,22556,1,"1"
20125.85923365644,600549,22565,1,"1"
20128.648812541935,600518,22596,3,"1-1-1"
20132.501144647835,600500,22614,1,"1"
20132.839862247096,600482,22632,1,"1"
20135.33995907399,600477,22637,1,"1"
20140.049718572944,600468,22646,1,"1"
20158.019066773406,600453,22661,3,"2-1"
20162.440388829735,600400,22714,9,"6-2-1"
20170.408642758142,600390,22724,1,"1"
20174.23855451218,600372,22742,1,"1"
20175.867652917717,600362,22752,1,"1"
20177.610633700646,600357,22757,1,"1"
20178.098375683519,600339,22775,1,"1"
20188.141660246274,600321,22793,1,"1"
20190.233198256654,600316,22798,1,"1"
20194.82136185942,600298,22816,1,"1"
20206.812992283725,600270,22844,2,"2"
20211.641366277032,600250,22864,2,"1-1"
20220.24735513809,600237,22877,1,"1"
20229.591203333526,600223,22891,2,"2"
20244.654203643768,600137,22977,7,"3-2-1-1"
20250.165693633455,600119,22995,2,"2"
20271.090024977009,600083,23031,2,"1-1"
20277.837896223838,600065,23049,1,"1"
20284.01563786883,600029,23085,2,"2"
20296.760094741025,600024,23090,1,"1"
20306.553931461051,600019,23095,1,"1"
20338.776005938558,600001,23113,1,"1"
20342.917934869598,599965,23149,2,"2"
20349.22420459185,599709,23405,21,"4-2-2-2-2-2-1-1-1-1-1-1-1"
20353.686419543938,599691,23423,1,"1"
20359.063263866512,599674,23440,1,"1"
20366.949458465144,599669,23445,1,"1"
20374.373994341971,599624,23490,5,"3-1-1"
20378.895010172961,599606,23508,1,"1"
20379.760342368769,599592,23522,2,"2"
20383.746059994704,599581,23533,1,"1"
20407.363764786489,599491,23623,11,"4-3-2-2"
20417.204078582246,599473,23641,1,"1"
20420.925321259529,599455,23659,1,"1"
20433.336024207572,599437,23677,1,"1"
20434.974613638271,599423,23691,2,"1-1"
20445.957394400779,599413,23701,2,"2"
20446.438622206744,599399,23715,1,"1"
20451.661091706879,599381,23733,1,"1"
20457.094512525349,599367,23747,1,"1"
20466.827503692341,599353,23761,2,"1-1"
20475.557848491837,599343,23771,1,"1"
20484.657062014958,599325,23789,1,"1"
20490.486580097509,599307,23807,1,"1"
20495.156189917449,599289,23825,1,"1"
20500.328827072684,599279,23835,1,"1"
20503.552410055876,599261,23853,1,"1"
20507.634098794268,599215,23899,5,"2-1-1-1"
20510.174461721119,599179,23935,2,"1-1"
20540.443632052171,599161,23953,1,"1"
20541.688055849594,599143,23971,1,"1"
20542.59463080869,599125,23989,1,"1"
20551.189441377857,599115,23999,1,"1"
20557.68696034779,599092,24022,3,"2-1"
20565.062261320742,599067,24047,2,"2"
20578.409101989146,599058,24056,1,"1"
20582.497290095012,599040,24074,1,"1"
20592.819963240054,599027,24087,1,"1"
20604.101001165105,598979,24135,4,"2-1-1"
20606.086500485879,598948,24166,3,"2-1"
20621.54553665622,598939,24175,1,"1"
20622.03631125444,598899,24215,4,"3-1"
20627.448466804435,598863,24251,2,"2"
20628.587819916025,598845,24269,1,"1"
20635.87521167388,598827,24287,1,"1"
20638.05843142009,598817,24297,1,"1"
20645.773397347184,598739,24375,7,"2-1-1-1-1-1"
20646.633459504155,598721,24393,1,"1"
20659.791684323805,598711,24403,2,"2"
20663.737696692806,598693,24421,1,"1"
20667.865166315532,598675,24439,1,"1"
20668.379404207633,598657,24457,1,"1"
20673.337385893301,598604,24510,5,"2-1-1-1"
20677.191969110292,598586,24528,1,"1"
20678.754394301774,598568,24546,1,"1"
20710.142475128341,598550,24564,1,"1"
20715.633791883742,598536,24578,1,"1"
20719.468570367571,598518,24596,1,"1"
20721.792750040062,598484,24630,3,"2-1"
20729.449739785381,598471,24643,1,"1"
20739.696454822042,598453,24661,1,"1"
20740.795382073837,598435,24679,1,"1"
20769.245892878938,598417,24697,1,"1"
20778.487795847806,598412,24702,1,"1"
20793.925431926778,598403,24711,1,"1"
20803.412596204569,598393,24721,1,"1"
20827.242089484746,598357,24757,2,"2"
20837.795467188207,598343,24771,2,"2"
20859.506314376762,598325,24789,1,"1"
20888.640583486216,598307,24807,1,"1"
20890.299803705719,598204,24910,10,"5-2-1-1-1"
20891.002353522414,598199,24915,1,"1"
20891.719162825815,598157,24957,6,"2-2-1-1"
20895.543048185078,598133,24981,2,"2"
20899.958202357564,598128,24986,1,"1"
20903.195740008494,598114,25000,1,"1"
20916.707746099248,598046,25068,5,"4-1"
20922.218909439256,598010,25104,2,"2"
20936.212937932269,597992,25122,1,"1"
20938.258639352225,597974,25140,1,"1"
20942.275292271792,597962,25152,1,"1"
20945.035576315022,597944,25170,1,"1"
20945.062015957432,597924,25190,2,"2"
20959.862030511034,597914,25200,1,"1"
20960.354655632284,597896,25218,1,"1"
20967.691575918656,597885,25229,1,"1"
20979.124942534934,597867,25247,1,"1"
20994.476303338026,597831,25283,2,"1-1"
20999.594235181834,597821,25293,1,"1"
20999.706462872531,597779,25335,3,"3"
21002.417905185543,597761,25353,1,"1"
21002.653367008163,597659,25455,7,"2-2-1-1-1"
21008.639711484626,597641,25473,1,"1"
21013.080784393023,597623,25491,1,"1"
21031.414495383164,597618,25496,1,"1"
21043.041058399151,597568,25546,5,"4-1"
21055.702601414217,597554,25560,1,"1"
21071.443113418132,597536,25578,1,"1"
21074.030256018235,597518,25596,1,"1"
21074.042937574872,597500,25614,1,"1"
21076.88023114024,597482,25632,1,"1"
21082.667252760653,597464,25650,1,"1"
21087.086414170506,597410,25704,5,"3-2"
21087.907261832333,597392,25722,1,"1"
21088.575194918652,597374,25740,1,"1"
21112.328998735262,597356,25758,1,"1"
21119.764340640439,597351,25763,1,"1"
21121.134912665548,597333,25781,1,"1"
21121.910193582444,597315,25799,1,"1"
21126.843614409067,597279,25835,2,"1-1"
21128.981532073645,597241,25873,3,"2-1"
21131.223222986206,597223,25891,1,"1"
21138.081059196822,597205,25909,1,"1"
21148.445607711441,597187,25927,1,"1"
21155.177044809916,597173,25941,1,"1"
21165.600247116014,597155,25959,1,"1"
21172.003430023036,597100,26014,5,"2-1-1-1"
21172.21483991911,597082,26032,1,"1"
21185.283956741514,597052,26062,3,"2-1"
21190.902465265335,597022,26092,2,"2"
21192.415823606843,596986,26128,2,"1-1"
21278.461373828024,596968,26146,1,"1"
21280.809546474473,596932,26182,2,"2"
21281.900728918372,596919,26195,1,"1"
21285.49001662818,596901,26213,1,"1"
21292.535496589197,596866,26248,3,"1-1-1"
21292.894061852629,596853,26261,1,"1"
21296.981540109115,596833,26281,2,"2"
21301.533947193195,596815,26299,1,"1"
21302.250586411261,596779,26335,2,"2"
21328.586079591623,596761,26353,1,"1"
21328.649320469147,596743,26371,1,"1"
21330.940669360683,596733,26381,1,"1"
21341.914980401834,596715,26399,1,"1"
21344.057307477287,596697,26417,1,"1"
21348.378273680046,596676,26438,3,"3"
21353.138242330784,596658,26456,1,"1"
21372.997766866079,596645,26469,1,"1"
21391.975585207008,596627,26487,1,"1"
21395.058293363272,596609,26505,1,"1"
21401.588900053033,596573,26541,2,"1-1"
21402.564298921556,596560,26554,1,"1"
21410.922979008101,596542,26572,1,"1"
21413.452230124425,596524,26590,1,"1"
21415.831946408012,596506,26608,1,"1"
21432.916257974524,596488,26626,1,"1"
21439.847716154884,596470,26644,1,"1"
21447.675285363897,596442,26672,2,"2"
21451.955932151221,596160,26954,31,"6-2-2-2-2-2-2-1-1-1-1-1-1-1-1-1-1-1-1-1"
21462.300309569429,596142,26972,1,"1"
21465.693175833338,596124,26990,1,"1"
21466.862874962939,596110,27004,2,"2"
21472.606758118774,596087,27027,2,"1-1"
21479.435548460908,596069,27045,1,"1"
21482.064126978035,596064,27050,1,"1"
21484.29303033113,596046,27068,1,"1"
21496.471916050512,596028,27086,1,"1"
21498.376709262338,596014,27100,1,"1"
21500.785690825185,595953,27161,5,"3-1-1"
21513.314985439105,595915,27199,3,"2-1"
21517.739464815211,595897,27217,1,"1"
21520.748872709471,595883,27231,2,"2"
21525.116022109451,595865,27249,1,"1"
21531.172471309757,595847,27267,1,"1"
21546.073437891202,595837,27277,1,"1"
21549.6087507265,595819,27295,1,"1"
21577.117630144818,595783,27331,2,"2"
21578.17449920463,595765,27349,1,"1"
21593.056138073927,595747,27367,1,"1"
21601.083016271197,595731,27383,1,"1"
21621.47646919559,595713,27401,2,"2"
21625.308207995444,595695,27419,1,"1"
21648.12104089246,595579,27535,16,"6-3-2-2-2-1"
21660.227020513063,595561,27553,1,"1"
21672.925600797971,595543,27571,1,"1"
21687.337444799294,595445,27669,7,"6-1"
21692.32769350586,595436,27678,1,"1"
21705.034524829654,595418,27696,1,"1"
21718.809309983611,595400,27714,1,"1"
21734.177474016364,595382,27732,1,"1"
21753.256089784223,595313,27801,7,"3-2-1-1"
21756.736459954376,595290,27824,3,"3"
21760.995580041574,595272,27842,1,"1"
21765.488178955849,595259,27855,1,"1"
21776.666667240639,595241,27873,1,"1"
21789.29830051383,595223,27891,1,"1"
21794.228404341549,595125,27989,7,"3-2-2"
21794.248732696706,595069,28045,4,"3-1"
21795.228913778796,595051,28063,1,"1"
21796.113595810722,595015,28099,2,"2"
21796.575853874328,594997,28117,1,"1"
21808.560713081981,594979,28135,1,"1"
21822.735709964945,594961,28153,1,"1"
21831.054131021512,594943,28171,1,"1"
21838.367925563962,594907,28207,2,"2"
21843.320606981648,594873,28241,3,"3"
21849.486201879772,594855,28259,1,"1"
21863.764353482609,594768,28346,7,"4-1-1-1"
21872.817588317721,594714,28400,3,"3"
21896.20524094981,594696,28418,1,"1"
21898.368676248861,594682,28432,1,"1"
21899.064505919599,594664,28450,1,"1"
21902.408362154551,594646,28468,1,"1"
21910.91038531973,594605,28509,5,"2-2-1"
21913.679917904468,594587,28527,1,"1"
21914.528308468678,594573,28541,1,"1"
21914.69316037681,594495,28619,7,"3-2-1-1"
21918.403565501343,594477,28637,1,"1"
21930.374936316679,594459,28655,1,"1"
21931.397046803486,594423,28691,4,"2-2"
21933.617600493111,594408,28706,3,"2-1"
21960.893471704945,594403,28711,1,"1"
21962.48185248904,594391,28723,1,"1"
21982.626828945089,594373,28741,1,"1"
21983.027262356933,594355,28759,1,"1"
21986.697704305101,594337,28777,1,"1"
21987.626587330295,594323,28791,1,"1"
21994.893156031965,594287,28827,2,"2"
21995.990526527807,594253,28861,3,"3"
22011.471071136799,594233,28881,2,"2"
22017.618522894882,594223,28891,1,"1"
22020.007638591826,594185,28929,3,"3"
22025.316045654363,594091,29023,7,"3-2-2"
22031.917631824617,594086,29028,1,"1"
22032.371954428105,594032,29082,5,"2-1-1-1"
22034.20019073095,594014,29100,1,"1"
22037.591681382783,593996,29118,1,"1"
22040.635872281455,593864,29250,13,"6-4-1-1-1"
22048.75590508011,593849,29265,1,"1"
22054.298524681661,593831,29283,1,"1"
22059.615493560646,593813,29301,1,"1"
22077.634745117513,593803,29311,1,"1"
22089.050541599867,593731,29383,4,"4"
22095.683536227778,593726,29388,1,"1"
22102.299924411847,593708,29406,1,"1"
22105.712323263429,593636,29478,4,"2-1-1"
22112.171099807056,593627,29487,1,"1"
22114.666912200275,593592,29522,2,"1-1"
22115.84023908302,593574,29540,1,"1"
22124.976399523792,593538,29576,2,"2"
22130.231400064979,593529,29585,1,"1"
22133.047165274758,593511,29603,1,"1"
22137.230681499179,593502,29612,1,"1"
22138.300302877953,593484,29630,1,"1"
22149.406365090814,593448,29666,2,"1-1"
22151.926963690828,593443,29671,1,"1"
22158.953889106149,593419,29695,2,"1-1"
22161.513351226498,593409,29705,2,"2"
22161.687710267055,593391,29723,1,"1"
22166.672357591593,593360,29754,3,"2-1"
22169.847120364415,593312,29802,3,"3"
22175.098307032578,593294,29820,1,"1"
22191.793310009267,593258,29856,2,"2"
22192.055960633064,593240,29874,1,"1"
22192.756354660938,593222,29892,1,"1"
22200.829680521907,593128,29986,9,"4-2-1-1-1"
22205.294361969125,593110,30004,1,"1"
22215.211283336033,593105,30009,1,"1"
22224.411061805771,593081,30033,2,"1-1"
22229.791561526141,593063,30051,1,"1"
22230.125365394837,593046,30068,1,"1"
22235.426433530614,593014,30100,2,"1-1"
22242.803675959211,592996,30118,1,"1"
22248.961312990756,592975,30139,3,"3"
22266.051537566109,592921,30193,3,"2-1"
22269.210755309974,592893,30221,2,"1-1"
22297.902830118717,592853,30261,3,"2-1"
22302.95028004839,592817,30297,2,"2"
22304.373082806669,592797,30317,2,"2"
22307.657286807953,592763,30351,6,"3-1-1-1"
22322.22832099998,592745,30369,1,"1"
22322.348340337096,592727,30387,2,"2"
22331.988724650109,592709,30405,1,"1"
22339.487138376462,592691,30423,1,"1"
22351.554282168549,592673,30441,1,"1"
22367.251570158776,592655,30459,1,"1"
22380.37927535467,592631,30483,2,"2"
22390.195024807159,592613,30501,1,"1"
22397.203818941216,592595,30519,1,"1"
22399.463663140221,592585,30529,1,"1"
22413.139695145714,592567,30547,1,"1"
22425.760787476836,592550,30564,1,"1"
22436.780723647778,592503,30611,3,"3"
22441.62402782006,592496,30618,1,"1"
22443.648123329676,592460,30654,3,"3"
22463.129345994177,592450,30664,1,"1"
22472.108948944911,592432,30682,1,"1"
22472.726325323165,592408,30706,2,"2"
22485.515345114181,592390,30724,1,"1"
22485.742751359991,592372,30742,1,"1"
22491.156317290053,592342,30772,2,"2"
22495.751567029911,592318,30796,2,"1-1"
22497.584062373822,592300,30814,1,"1"
22503.724775483741,592291,30823,1,"1"
22504.88578939559,592273,30841,1,"1"
22512.585045916159,592255,30859,1,"1"
22524.774677962323,592237,30877,1,"1"
22540.617452599006,592197,30917,3,"2-1"
22541.689044090414,592179,30935,1,"1"
22549.246782128124,592161,30953,1,"1"
22551.987249741291,592152,30962,1,"1"
22568.288244879706,592134,30980,1,"1"
22579.589733015491,592068,31046,6,"3-1-1-1"
22604.237258277197,592017,31097,5,"4-1"
22621.672648927284,591864,31250,15,"4-3-2-2-1-1-1-1"
22623.274080831925,591830,31284,3,"2-1"
22626.846507646966,591803,31311,2,"1-1"
22629.702601226571,591794,31320,1,"1"
22655.806665647298,591776,31338,1,"1"
22661.565658293599,591758,31356,1,"1"
22661.661123089983,591744,31370,1,"1"
22666.976364822207,591653,31461,9,"2-2-1-1-1-1-1"
22680.508759691678,591635,31479,1,"1"
22682.02164151716,591429,31685,16,"4-3-3-1-1-1-1-1-1"
22691.177801155984,591411,31703,1,"1"
22709.402267789537,591393,31721,1,"1"
22715.937479611966,591291,31823,10,"3-3-3-1"
22727.964754828983,590021,33093,121,"13-7-5-4-4-4-4-4-3-3-3-3-3-3-3-2-2-2-2-2-2-2-2-2-2-2-2-1-1-1-1-1-1-1-1-1-1-1-1-1-1-1-1-1-1-1-1-1-1-1-1-1-1-1-1-1-1-1"
22737.038349818333,590003,33111,1,"1"
22747.706604610579,589985,33129,1,"1"
22758.444424422403,589967,33147,1,"1"
22759.959159399787,589949,33165,1,"1"
22766.895733318688,589931,33183,1,"1"
22768.588608950402,589918,33196,1,"1"
22798.920374346053,589900,33214,1,"1"
22810.314975502915,589885,33229,1,"1"
22810.551383129241,589867,33247,1,"1"
22819.940464494917,589849,33265,1,"1"
22830.048089047934,589813,33301,2,"2"
22831.944931407874,589785,33329,2,"2"
22838.155019840047,589776,33338,1,"1"
22848.765997918028,589758,33356,1,"1"
22857.136136866036,589722,33392,2,"1-1"
22862.960576841488,589704,33410,1,"1"
22884.523699751007,589691,33423,1,"1"
22884.802815642961,589673,33441,1,"1"
22893.917948460672,589655,33459,1,"1"
22901.903421010735,589619,33495,2,"2"
22912.534279563453,589583,33531,2,"2"
22923.548202040383,589565,33549,1,"1"
22939.546700039227,589542,33572,3,"3"
22949.248813053036,589524,33590,1,"1"
22968.197185743604,589368,33746,10,"3-3-3-1"
22970.577209936066,589341,33773,2,"1-1"
22976.01176893682,589326,33788,1,"1"
22986.955406879089,589308,33806,1,"1"
22987.931526205484,589290,33824,1,"1"
22993.255984186297,589262,33852,2,"1-1"
22997.146525328812,589208,33906,3,"2-1"
23007.610018565294,589199,33915,1,"1"
23012.478542938021,589076,34038,10,"6-2-2"
23017.607812042366,589036,34078,4,"2-1-1"
23030.624992905156,589018,34096,1,"1"
23034.966255639647,589000,34114,1,"1"
23051.045532778317,588990,34124,1,"1"
23058.615933573401,588972,34142,1,"1"
23058.957718427697,588954,34160,1,"1"
23061.285076417371,588936,34178,1,"1"
23062.547820491931,588887,34227,5,"2-2-1"
23062.603345915089,588869,34245,1,"1"
23072.839118689753,588841,34273,2,"1-1"
23089.364685270579,588805,34309,2,"1-1"
23092.127260312493,588787,34327,1,"1"
23092.423560913452,588650,34464,13,"2-2-2-2-2-2-1"
23093.486008561664,588632,34482,1,"1"
23097.766526175303,588596,34518,2,"2"
23113.932247640219,588568,34546,2,"2"
23126.436203097335,588532,34582,2,"1-1"
23126.511794779784,588514,34600,1,"1"
23140.886231056335,588487,34627,3,"3"
23145.494566695172,588467,34647,2,"1-1"
23151.687366378159,588449,34665,1,"1"
23157.028577438516,588433,34681,1,"1"
23168.512720720228,588397,34717,2,"2"
23171.092201655771,588379,34735,1,"1"
23177.775857729284,588364,34750,1,"1"
23192.42500134241,588328,34786,2,"2"
23212.367645840488,588292,34822,2,"1-1"
23212.759400919909,588274,34840,1,"1"
23216.331421613493,588256,34858,1,"1"
23225.734419756576,588170,34944,7,"2-2-1-1-1"
23226.220432277849,588152,34962,1,"1"
23226.80322303627,588134,34980,1,"1"
23239.659931667109,588127,34987,1,"1"
23253.638330862414,588109,35005,1,"1"
23267.410272894358,588099,35015,1,"1"
23269.302713801688,588081,35033,1,"1"
23285.759866485208,588045,35069,2,"2"
23289.130727172873,588027,35087,1,"1"
23292.604127238297,588009,35105,1,"1"
23294.664767818369,587907,35207,9,"3-2-1-1-1-1"
23295.992390715637,587889,35225,1,"1"
23299.189841509873,587863,35251,2,"2"
23304.498985648395,587853,35261,1,"1"
23306.408417487088,587841,35273,1,"1"
23314.248519395718,587685,35429,14,"6-3-2-1-1-1"
23318.82746739146,587672,35442,1,"1"
23338.633326059571,587655,35459,1,"1"
23343.018353081814,587619,35495,2,"1-1"
23349.162786016954,587601,35513,1,"1"
23352.748055288666,587583,35531,1,"1"
23357.618322625625,587565,35549,1,"1"
23362.503788853737,587517,35597,4,"2-1-1"
23368.466357175588,587499,35615,1,"1"
23368.949576979376,587216,35898,24,"9-2-2-2-2-1-1-1-1-1-1-1"
23386.150638908493,587198,35916,1,"1"
23391.799567188678,587162,35952,2,"2"
23397.676017328489,586982,36132,12,"3-2-2-1-1-1-1-1"
23398.184858752287,586973,36141,1,"1"
23403.410700925531,586937,36177,2,"2"
23408.040260999835,586895,36219,3,"3"
23416.616805772188,586877,36237,1,"1"
23425.454896874693,586859,36255,1,"1"
23428.258402516462,586554,36560,27,"5-4-4-3-1-1-1-1-1-1-1-1-1-1-1"
23432.103703467397,586536,36578,1,"1"
23446.446465383728,586518,36596,1,"1"
23465.631074162484,586500,36614,1,"1"
23470.895650591377,586482,36632,1,"1"
23474.268869295367,586453,36661,2,"2"
23480.051234341587,586299,36815,11,"3-2-2-1-1-1-1"
23506.092593474779,586229,36885,5,"4-1"
23506.599045562773,586211,36903,1,"1"
23510.816327777862,586154,36960,5,"4-1"
23525.392325337038,586136,36978,1,"1"
23542.977536498918,586082,37032,3,"3"
23562.204012907605,586064,37050,1,"1"
23568.634005394528,586002,37112,5,"2-2-1"
23572.725227726321,585989,37125,1,"1"
23590.550556681592,585687,37427,19,"10-3-2-1-1-1-1"
23603.423576860798,585669,37445,1,"1"
23605.025616495408,585659,37455,1,"1"
23605.993302344872,585641,37473,1,"1"
23606.552997149691,585599,37515,3,"2-1"
23627.595001577847,585581,37533,1,"1"
23632.758868305431,585563,37551,1,"1"
23635.078317639196,585545,37569,1,"1"
23644.649949102866,585509,37605,2,"2"
23651.665655750978,585499,37615,1,"1"
23656.258339360626,585481,37633,1,"1"
23656.621818449486,585375,37739,9,"6-1-1-1"
23680.917421997754,585284,37830,7,"2-2-1-1-1"
23685.674705922076,585270,37844,1,"1"
23712.341420556597,585252,37862,1,"1"
23732.799635148505,585234,37880,1,"1"
23741.008542984695,585216,37898,1,"1"
23742.223519482424,585196,37918,2,"2"
23742.925129282779,585160,37954,2,"2"
23744.973335025148,585034,38080,10,"1-1-1-1-1-1-1-1-1-1"
23747.293274005289,584998,38116,2,"1-1"
23750.172239178548,584962,38152,2,"1-1"
23762.891438489103,584944,38170,1,"1"
23765.242908725064,584926,38188,1,"1"
23771.483687249125,584890,38224,2,"1-1"
23788.771524561802,584836,38278,6,"3-2-1"
23792.596479135773,584800,38314,2,"2"
23800.094260784557,584790,38324,1,"1"
23802.836345528885,584781,38333,1,"1"
23812.081419635695,584712,38402,5,"3-2"
23833.438666891063,584694,38420,1,"1"
23842.141205878677,584676,38438,1,"1"
23847.830475264571,584386,38728,22,"5-3-3-2-2-2-1-1-1-1-1"
23866.238750915771,584376,38738,1,"1"
23867.803827306408,584358,38756,1,"1"
23881.390412881054,584340,38774,1,"1"
23890.220867207674,584322,38792,1,"1"
23902.267552644156,584294,38820,2,"2"
23910.138613480372,584276,38838,1,"1"
23917.002558654396,584264,38850,1,"1"
23929.672390717158,584242,38872,2,"2"
23930.925220542682,584224,38890,1,"1"
23932.847448427488,584206,38908,1,"1"
23935.901199553515,584188,38926,1,"1"
23964.613681424617,584171,38943,1,"1"
23972.339027733986,584135,38979,2,"2"
23973.233998247626,584123,38991,1,"1"
23980.904739402828,584105,39009,1,"1"
23980.952174573027,584095,39019,1,"1"
23995.292234654065,584086,39028,1,"1"
24003.539294917053,584076,39038,1,"1"
24005.481047476285,584058,39056,1,"1"
24013.724598326029,584040,39074,1,"1"
24021.963874459751,583943,39171,8,"4-2-1-1"
24022.686746017775,583889,39225,3,"2-1"
24028.589713256119,583871,39243,1,"1"
24037.12757880571,583843,39271,2,"1-1"
24039.161870504973,583833,39281,1,"1"
24054.935839856618,583797,39317,2,"1-1"
24062.22508408839,583779,39335,1,"1"
24063.260311011101,583761,39353,1,"1"
24063.445970962111,583749,39365,1,"1"
24070.178196061006,583731,39383,1,"1"
24074.010852925556,583695,39419,2,"2"
24076.076356983529,583677,39437,1,"1"
24079.392658539691,583668,39446,1,"1"
24080.887732273972,583648,39466,2,"2"
24106.335696813669,0,623114,32944,"32944"
