f,num_active_particles,num_deleted_particles,total_deleted_rods,avalanche_sizes
0,992581,0,0,"0"
411.30172353045168,992580,1,1,"1"
543.27899247267953,992571,10,1,"1"
672.69060184211594,992570,11,1,"1"
979.19839975913408,992569,12,1,"1"
1086.6898255651106,992558,23,1,"1"
1153.3384689884422,992557,24,1,"1"
1166.6701625440924,992554,27,1,"1"
1174.6944771004471,992553,28,1,"1"
1247.7946758308722,992550,31,1,"1"
1271.8574765238066,992549,32,1,"1"
1275.1764893925676,992531,50,1,"1"
1340.5213203137007,992513,68,1,"1"
1340.8882895102195,992512,69,1,"1"
1360.2870116809763,992511,70,1,"1"
1410.921107591661,992510,71,1,"1"
1412.4368130313349,992509,72,1,"1"
1438.130927916864,992491,90,1,"1"
1454.8804918005553,992490,91,1,"1"
1472.9228284639246,992472,109,1,"1"
1500.3289485965959,992454,127,1,"1"
1591.3910334788443,992451,130,1,"1"
1758.4128087116858,992450,131,1,"1"
1788.3342649260246,992449,132,1,"1"
1861.8444596190125,992431,150,1,"1"
1902.6084725414471,992430,151,1,"1"
1903.4719801115666,992429,152,1,"1"
2003.109176083366,992428,153,1,"1"
2048.8685624337468,992427,154,1,"1"
2065.9665774041382,992424,157,1,"1"
2151.6224224622733,992421,160,1,"1"
2153.7384613046511,992420,161,1,"1"
2273.5518813880526,992417,164,1,"1"
2292.5751047678959,992399,182,1,"1"
2294.0850681895513,992398,183,1,"1"
2343.3839937021157,992397,184,1,"1"
2344.699699902123,992396,185,1,"1"
2359.9611341446703,992378,203,1,"1"
2363.3377163114369,992377,204,1,"1"
2387.6116669205371,992376,205,1,"1"
2439.7648272974029,992375,206,1,"1"
2483.9800459704261,992374,207,1,"1"
2514.8972490706924,992371,210,1,"1"
2537.1925826741226,992370,211,1,"1"
2541.2768868269304,992369,212,1,"1"
2570.8591553151573,992351,230,1,"1"
2667.7054410090673,992350,231,1,"1"
2671.8368916842442,992349,232,1,"1"
2727.4681574555775,992344,237,1,"1"
2761.7151913491412,992330,251,1,"1"
2785.9249162255951,992312,269,1,"1"
2789.1590337327557,992311,270,1,"1"
2802.8803456441501,992310,271,1,"1"
2803.4008339103393,992309,272,1,"1"
2831.8538789954378,992291,290,1,"1"
2911.087710534689,992290,291,1,"1"
3022.6661102355033,992288,293,2,"2"
3039.9931860308202,992287,294,1,"1"
3066.6884743408245,992271,310,1,"1"
3075.8331738946013,992270,311,1,"1"
3130.5030065877208,992252,329,1,"1"
3167.8149572254597,992234,347,1,"1"
3174.4400463597681,992231,350,1,"1"
3182.96658471909,992215,366,1,"1"
3224.7820626997172,992214,367,1,"1"
3250.7734356849237,992213,368,1,"1"
3286.5481060046736,992210,371,1,"1"
3294.2296643921777,992209,372,1,"1"
3315.6586830674482,992206,375,1,"1"
3330.9746364370135,992205,376,1,"1"
3376.4918567873992,992202,379,1,"1"
3380.7343737913525,992184,397,1,"1"
3382.2583553121667,992183,398,1,"1"
3399.0333828013904,992182,399,1,"1"
3406.8049010570908,992181,400,1,"1"
3422.1771100934184,992180,401,1,"1"
3458.1879836523758,992179,402,1,"1"
3501.3087609825347,992178,403,1,"1"
3518.0678173644983,992173,408,3,"2-1"
3531.2513674253014,992172,409,1,"1"
3562.6897260135456,992171,410,1,"1"
3591.5235906271455,992167,414,2,"2"
3641.937234145817,992166,415,1,"1"
3666.7943910496761,992156,425,1,"1"
3677.2320605809509,992155,426,1,"1"
3677.8812865875052,992154,427,1,"1"
3715.5207788037224,992153,428,1,"1"
3720.7523866332012,992152,429,1,"1"
3728.284483532083,992151,430,1,"1"
3806.1155703156915,992150,431,1,"1"
3814.4142466692688,992149,432,1,"1"
3816.0459676776386,992148,433,1,"1"
3872.9448528735365,992147,434,1,"1"
3896.4720963860777,992146,435,1,"1"
3898.9033188292874,992144,437,2,"2"
3936.3260505371336,992143,438,1,"1"
3957.3082836296994,992142,439,1,"1"
3979.2562273715253,992141,440,1,"1"
4002.4393897079881,992139,442,2,"2"
4032.6705382023929,992138,443,1,"1"
4033.9821038924711,992135,446,1,"1"
4045.5218236082683,992117,464,1,"1"
4059.0994622534754,992116,465,1,"1"
4114.6316494069606,992115,466,1,"1"
4116.7722217268201,992097,484,1,"1"
4120.6392211582997,992079,502,1,"1"
4131.1210177395014,992078,503,1,"1"
4154.157409788143,992060,521,1,"1"
4157.1867335326797,992059,522,1,"1"
4167.0796971638574,992041,540,1,"1"
4224.4319341650771,992040,541,1,"1"
4246.3494226118182,992022,559,1,"1"
4274.0233773246682,992021,560,1,"1"
4283.6337814988856,992020,561,1,"1"
4303.945887300617,992019,562,1,"1"
4310.0149871525628,992001,580,1,"1"
4339.053768937416,991996,585,1,"1"
4365.5766417822279,991995,586,1,"1"
4367.366781761003,991994,587,1,"1"
4381.703208058535,991992,589,2,"2"
4414.5883315634192,991990,591,2,"2"
4418.5837303615945,991989,592,1,"1"
4444.9925524298988,991987,594,2,"2"
4460.7067718954504,991986,595,1,"1"
4465.108064248082,991985,596,1,"1"
4467.0515266744615,991984,597,1,"1"
4486.5132210332386,991983,598,1,"1"
4495.5154444277332,991973,608,1,"1"
4505.3376365184267,991967,614,2,"2"
4545.349029852985,991965,616,2,"2"
4549.2844476167538,991964,617,1,"1"
4559.5983018852112,991946,635,1,"1"
4589.1221529012437,991945,636,1,"1"
4591.4135951494245,991944,637,1,"1"
4609.7392940840491,991934,647,1,"1"
4611.3239517857228,991925,656,3,"1-1-1"
4651.1462819672288,991924,657,1,"1"
4664.7903942124012,991923,658,1,"1"
4672.085174270168,991920,661,1,"1"
4685.3279859950699,991919,662,1,"1"
4699.7116360651071,991917,664,2,"1-1"
4701.4419311915772,991916,665,1,"1"
4739.4753343016255,991910,671,2,"2"
4764.5339688720069,991907,674,1,"1"
4779.845498888063,991906,675,1,"1"
4798.0544904350818,991904,677,2,"2"
4819.5028664322836,991886,695,1,"1"
4830.1117554702405,991868,713,1,"1"
4899.029487058232,991867,714,1,"1"
4978.2077404682168,991866,715,1,"1"
4985.778965142702,991865,716,1,"1"
4993.8533004981618,991853,728,1,"1"
4999.7100069654771,991850,731,3,"3"
5021.0188549577952,991832,749,1,"1"
5026.1352417167018,991831,750,1,"1"
5027.2048461641998,991819,762,1,"1"
5054.3570007199696,991818,763,1,"1"
5069.9049831781067,991816,765,2,"2"
5122.7165402524352,991815,766,1,"1"
5127.2718486161721,991814,767,1,"1"
5139.19912759815,991796,785,1,"1"
5150.3040281402664,991795,786,1,"1"
5169.854642198191,991790,791,1,"1"
5196.6258102069296,991788,793,2,"2"
5211.8842495396939,991778,803,1,"1"
5234.8486812215378,991768,813,1,"1"
5285.2589496378023,991765,816,3,"3"
5286.3282563825942,991764,817,1,"1"
5311.7725583925521,991763,818,1,"1"
5342.2485217442336,991761,820,2,"2"
5347.2853950483159,991743,838,1,"1"
5349.2082718333559,991742,839,1,"1"
5365.3036115736768,991733,848,1,"1"
5370.9963312937316,991732,849,1,"1"
5403.9512717438165,991714,867,1,"1"
5437.2247401922041,991713,868,1,"1"
5513.6722156159412,991712,869,1,"1"
5536.8079525719622,991711,870,1,"1"
5568.3585026577175,991710,871,1,"1"
5573.3257428092274,991696,885,1,"1"
5622.8645591842806,991678,903,1,"1"
5630.975619289291,991675,906,1,"1"
5646.6878243266392,991674,907,1,"1"
5650.184788255232,991673,908,1,"1"
5659.0063577628607,991661,920,1,"1"
5666.0427092443615,991660,921,1,"1"
5675.5134956614629,991659,922,1,"1"
5770.1985298952304,991658,923,1,"1"
5802.9991764884699,991654,927,4,"4"
5813.9953119752099,991636,945,1,"1"
5817.6450888597183,991624,957,1,"1"
5844.9672260025827,991623,958,1,"1"
5917.3647913545301,991622,959,1,"1"
5930.6432044177782,991610,971,1,"1"
6011.6288229595602,991592,989,1,"1"
6019.9640030674109,991591,990,1,"1"
6024.4414984902169,991590,991,1,"1"
6065.6088657598375,991585,996,5,"3-2"
6065.9311572813467,991584,997,1,"1"
6071.6471632057246,991574,1007,1,"1"
6074.0081387494065,991573,1008,1,"1"
6082.7086067096534,991572,1009,1,"1"
6082.8828536472829,991569,1012,3,"3"
6102.9965361865025,991568,1013,1,"1"
6154.3014934187986,991556,1025,1,"1"
6157.4483483870517,991538,1043,1,"1"
6175.4155395645312,991526,1055,1,"1"
6206.8904446048418,991508,1073,1,"1"
6244.8248247455294,991490,1091,1,"1"
6245.9413287844309,991487,1094,1,"1"
6268.1483989397766,991482,1099,1,"1"
6276.2525361972439,991464,1117,1,"1"
6289.6116520127416,991463,1118,1,"1"
6292.2903092779288,991449,1132,1,"1"
6296.496729696978,991448,1133,1,"1"
6302.8594863280596,991445,1136,3,"3"
6308.1147428810364,991444,1137,1,"1"
6318.0108448108294,991442,1139,2,"1-1"
6327.1149062973391,991441,1140,1,"1"
6328.396648082482,991440,1141,1,"1"
6365.6727100856633,991437,1144,1,"1"
6369.8910858000472,991427,1154,1,"1"
6379.9495997314871,991409,1172,1,"1"
6424.3906891609022,991408,1173,1,"1"
6503.7253399188594,991390,1191,1,"1"
6516.5194508475697,991389,1192,1,"1"
6524.9191782740263,991371,1210,1,"1"
6581.8780281816862,991359,1222,1,"1"
6595.3972422844454,991358,1223,1,"1"
6595.5038782715865,991357,1224,1,"1"
6615.7416918650133,991354,1227,3,"1-1-1"
6647.2088395302007,991353,1228,1,"1"
6673.2054603419219,991343,1238,1,"1"
6688.8811155331277,991342,1239,1,"1"
6700.9641068009241,991332,1249,1,"1"
6724.8278014552889,991329,1252,3,"2-1"
6733.1700237580799,991328,1253,1,"1"
6735.7493990218318,991310,1271,1,"1"
6764.1781089645328,991309,1272,1,"1"
6786.9518008659543,991299,1282,1,"1"
6792.4014498879505,991298,1283,1,"1"
6802.05886522127,991296,1285,2,"1-1"
6835.0031898448333,991295,1286,1,"1"
6868.2235323251834,991294,1287,1,"1"
6872.0220926701641,991293,1288,1,"1"
6876.2422219380187,991292,1289,1,"1"
6894.2772355470761,991289,1292,3,"3"
6896.0882921697157,991288,1293,1,"1"
6927.8694769257063,991270,1311,1,"1"
6989.2105936851231,991268,1313,2,"2"
6991.5074142549947,991250,1331,1,"1"
7019.7073886927901,991248,1333,2,"2"
7051.0325444229902,991247,1334,1,"1"
7051.095995808605,991229,1352,1,"1"
7085.7648151728845,991228,1353,1,"1"
7093.0868367509456,991227,1354,1,"1"
7099.3804973593315,991226,1355,1,"1"
7128.4789069991302,991225,1356,1,"1"
7156.8311395161618,991224,1357,1,"1"
7161.4174399887079,991214,1367,1,"1"
7232.5590971977572,991196,1385,1,"1"
7259.4659448848979,991178,1403,1,"1"
7269.1390865979383,991162,1419,1,"1"
7280.6849703898524,991155,1426,1,"1"
7332.4919810585079,991152,1429,3,"2-1"
7332.5128028549971,991151,1430,1,"1"
7347.9726124525459,991149,1432,2,"2"
7349.6367713523168,991148,1433,1,"1"
7351.8051804957877,991130,1451,1,"1"
7364.3202576545818,991127,1454,1,"1"
7364.8894148601812,991126,1455,1,"1"
7381.652418126765,991125,1456,1,"1"
7393.7810230912728,991107,1474,1,"1"
7422.0333853174316,991105,1476,2,"2"
7445.2164615246302,991104,1477,1,"1"
7496.6456732747893,991101,1480,1,"1"
7500.5795225389047,991100,1481,1,"1"
7506.8584854886776,991099,1482,1,"1"
7536.2243429393238,991098,1483,1,"1"
7542.5000980593777,991097,1484,1,"1"
7569.1751131703231,991092,1489,1,"1"
7571.6403589759166,991074,1507,1,"1"
7572.4106762117981,991056,1525,1,"1"
7582.3181450421844,991055,1526,1,"1"
7587.8560337838535,991050,1531,1,"1"
7594.5893001809245,991048,1533,2,"2"
7614.0356667753858,991047,1534,1,"1"
7631.1042724396002,991029,1552,1,"1"
7688.0336835144535,991022,1559,1,"1"
7708.3075763199604,991004,1577,1,"1"
7709.4702087745345,990986,1595,1,"1"
7735.8892697153678,990985,1596,1,"1"
7741.3238393276724,990984,1597,1,"1"
7768.2130529836022,990979,1602,1,"1"
7782.4790313843705,990978,1603,1,"1"
7782.9662772413185,990969,1612,5,"3-2"
7792.8486583108797,990968,1613,1,"1"
7821.2957318349972,990967,1614,1,"1"
7829.984602283047,990949,1632,1,"1"
7845.3747109950318,990931,1650,1,"1"
7857.1864777825094,990930,1651,1,"1"
7886.6725602691549,990929,1652,1,"1"
7890.8465110633679,990925,1656,4,"4"
7900.106371824515,990924,1657,1,"1"
7904.376948395894,990919,1662,1,"1"
7934.1436701047369,990917,1664,2,"2"
7955.6618119575587,990916,1665,1,"1"
7958.493920317821,990915,1666,1,"1"
7968.2549547049002,990914,1667,1,"1"
7972.3757219670551,990913,1668,1,"1"
7972.5619529677033,990911,1670,2,"2"
7988.3277520531137,990893,1688,1,"1"
7990.8206337998427,990892,1689,1,"1"
8010.7423265730531,990886,1695,6,"3-2-1"
8020.6126470791287,990883,1698,3,"2-1"
8026.546432854675,990877,1704,2,"1-1"
8039.5054515745705,990876,1705,1,"1"
8055.0939751545038,990869,1712,1,"1"
8078.906502553642,990851,1730,1,"1"
8084.9826230301151,990849,1732,2,"2"
8087.8711843867713,990848,1733,1,"1"
8098.5148109636075,990830,1751,1,"1"
8142.0771849396069,990827,1754,1,"1"
8149.4830994305466,990826,1755,1,"1"
8161.8336818647213,990823,1758,1,"1"
8199.6062053268342,990822,1759,1,"1"
8223.9682518080754,990804,1777,1,"1"
8224.7980995699872,990803,1778,1,"1"
8245.0321602898493,990785,1796,1,"1"
8335.4729890511735,990784,1797,1,"1"
8338.4869154264798,990776,1805,4,"4"
8340.7924225560146,990775,1806,1,"1"
8359.3543655024296,990774,1807,1,"1"
8360.9397346616424,990771,1810,3,"2-1"
8372.7117581480215,990769,1812,2,"2"
8378.2745898380399,990768,1813,1,"1"
8413.461400969305,990750,1831,1,"1"
8423.2364983456682,990732,1849,1,"1"
8439.7786931139271,990731,1850,1,"1"
8472.4195559420841,990713,1868,1,"1"
8490.1176573223856,990700,1881,1,"1"
8492.9452034755377,990696,1885,2,"1-1"
8514.4878580148252,990695,1886,1,"1"
8530.9717979398538,990694,1887,1,"1"
8546.9075512788368,990693,1888,1,"1"
8549.3091407142074,990679,1902,1,"1"
8566.933252980707,990678,1903,1,"1"
8600.0321666696236,990677,1904,1,"1"
8600.9668953805885,990666,1915,5,"4-1"
8636.2358405762243,990665,1916,1,"1"
8640.925690854785,990647,1934,1,"1"
8659.5671043173297,990644,1937,1,"1"
8661.1112390235503,990634,1947,1,"1"
8693.1145574401198,990616,1965,1,"1"
8694.0412212027077,990615,1966,1,"1"
8697.5024122822961,990614,1967,1,"1"
8720.9452748664535,990612,1969,2,"1-1"
8764.8863492351047,990608,1973,4,"4"
8775.7383609604531,990607,1974,1,"1"
8788.501738677156,990606,1975,1,"1"
8793.2406182522845,990601,1980,3,"2-1"
8809.8680135957038,990594,1987,7,"3-3-1"
8831.0243075915205,990593,1988,1,"1"
8836.6353650104229,990590,1991,1,"1"
8838.8749651265261,990589,1992,1,"1"
8856.4055022177163,990588,1993,1,"1"
8866.6068203187951,990587,1994,1,"1"
8889.6011786608506,990586,1995,1,"1"
8912.0366848654194,990568,2013,1,"1"
8937.2147231935305,990550,2031,1,"1"
8939.7994349993296,990549,2032,1,"1"
8949.4875930942708,990547,2034,2,"2"
8953.7817631467242,990546,2035,1,"1"
8968.7680454719521,990528,2053,1,"1"
8980.354373734137,990510,2071,1,"1"
8990.8192599446938,990500,2081,6,"4-1-1"
8992.7507131681923,990497,2084,1,"1"
8995.7316150447368,990496,2085,1,"1"
9000.5026888650555,990495,2086,1,"1"
9002.1569689498901,990493,2088,2,"1-1"
9003.5487738560423,990490,2091,1,"1"
9013.7579583317438,990489,2092,1,"1"
9017.3460742485113,990484,2097,5,"3-1-1"
9032.9371591324179,990481,2100,1,"1"
9033.1630590914338,990478,2103,1,"1"
9037.6756722441569,990467,2114,7,"7"
9038.422747619572,990463,2118,4,"4"
9057.5375003743357,990462,2119,1,"1"
9082.4819558685886,990459,2122,1,"1"
9097.4064387652252,990457,2124,2,"1-1"
9128.9986465041529,990456,2125,1,"1"
9137.8728240449273,990450,2131,6,"4-2"
9179.056088363348,990442,2139,4,"4"
9192.6761129807182,990440,2141,2,"2"
9204.3174165050023,990439,2142,1,"1"
9209.1019395044877,990436,2145,1,"1"
9253.257735626652,990435,2146,1,"1"
9306.7448727704232,990434,2147,1,"1"
9311.3900842594649,990420,2161,1,"1"
9314.8751506354147,990415,2166,5,"3-1-1"
9319.0591917273377,990412,2169,3,"2-1"
9327.2345885796349,990407,2174,1,"1"
9335.5147317486117,990405,2176,2,"2"
9337.4929794359687,990404,2177,1,"1"
9337.8782587741025,990392,2189,1,"1"
9362.2556558481865,990391,2190,1,"1"
9372.9407280100968,990379,2202,1,"1"
9408.0165017936888,990361,2220,1,"1"
9513.6390711359309,990349,2232,4,"2-2"
9520.1834856536734,990348,2233,1,"1"
9520.6348232673954,990330,2251,1,"1"
9525.1626619885301,990320,2261,1,"1"
9588.3675419051415,990302,2279,1,"1"
9590.7196613401702,990284,2297,1,"1"
9590.881012281814,990283,2298,1,"1"
9599.9895534982079,990265,2316,1,"1"
9647.5674941662564,990247,2334,1,"1"
9793.6248105944269,990229,2352,1,"1"
9798.2755675251974,990227,2354,2,"2"
9798.8375144973343,990209,2372,1,"1"
9799.8418974701144,990208,2373,1,"1"
9808.5919764434693,990190,2391,1,"1"
9815.984285186847,990187,2394,3,"3"
9848.7425998939816,990175,2406,1,"1"
9863.8079917811683,990173,2408,2,"2"
9906.3848237729544,990155,2426,1,"1"
9934.6001206899418,990152,2429,1,"1"
9948.7328324401624,990136,2445,4,"4"
9976.0422719232465,990125,2456,1,"1"
9977.4090553608294,990124,2457,1,"1"
9996.1070522360624,990120,2461,4,"4"
10001.330070093669,990119,2462,1,"1"
10021.275035026785,990116,2465,1,"1"
10035.988225369587,990098,2483,1,"1"
10041.742151801036,990080,2501,1,"1"
10067.341750893389,990079,2502,1,"1"
10071.124708269208,990061,2520,1,"1"
10116.27055737535,990047,2534,1,"1"
10157.282334153721,990029,2552,1,"1"
10190.503423439046,990019,2562,2,"2"
10195.428949510895,990001,2580,1,"1"
10200.173823664672,989989,2592,1,"1"
10215.574878362513,989988,2593,1,"1"
10230.461714704335,989987,2594,1,"1"
10234.957673398047,989969,2612,1,"1"
10243.440887464261,989968,2613,1,"1"
10247.58244309753,989950,2631,1,"1"
10248.685827677011,989949,2632,1,"1"
10249.221731810632,989931,2650,1,"1"
10282.948805510179,989930,2651,1,"1"
10285.380593663942,989926,2655,2,"1-1"
10297.630904658765,989916,2665,1,"1"
10301.868110044985,989915,2666,1,"1"
10307.530125733474,989897,2684,1,"1"
10320.099831268111,989891,2690,2,"1-1"
10326.983472131526,989890,2691,1,"1"
10336.75853201654,989880,2701,1,"1"
10341.987355397763,989877,2704,1,"1"
10360.46828328134,989859,2722,1,"1"
10383.085483085883,989841,2740,1,"1"
10407.89384180428,989840,2741,1,"1"
10422.261733995279,989839,2742,1,"1"
10423.418046214789,989827,2754,1,"1"
10434.723336903671,989825,2756,2,"2"
10452.420088006447,989781,2800,3,"3"
10462.187949992907,989780,2801,1,"1"
10479.990573925632,989762,2819,1,"1"
10509.286113942559,989744,2837,1,"1"
10534.687681949015,989734,2847,4,"3-1"
10538.629996546963,989716,2865,1,"1"
10546.964053987471,989711,2870,1,"1"
10561.191901945236,989709,2872,2,"2"
10562.082008988054,989691,2890,1,"1"
10603.804652252822,989688,2893,1,"1"
10608.016774458469,989687,2894,1,"1"
10629.423695019937,989686,2895,1,"1"
10638.562177062227,989685,2896,1,"1"
10665.859579223863,989667,2914,1,"1"
10707.920430539492,989657,2924,1,"1"
10709.813327791724,989652,2929,1,"1"
10722.413070312741,989645,2936,1,"1"
10744.794778985904,989643,2938,2,"2"
10754.935634559824,989637,2944,2,"1-1"
10764.014275768126,989625,2956,1,"1"
10773.347556069013,989624,2957,1,"1"
10779.700380853454,989623,2958,1,"1"
10802.605944220944,989622,2959,1,"1"
10815.573691694959,989619,2962,1,"1"
10820.746489034633,989613,2968,2,"2"
10837.519923491034,989612,2969,1,"1"
10860.739038502448,989611,2970,1,"1"
10864.158941137159,989610,2971,1,"1"
10864.516261215451,989607,2974,1,"1"
10909.977730170205,989597,2984,1,"1"
10925.564683006574,989594,2987,3,"2-1"
10970.830867934847,989591,2990,1,"1"
10980.121352694112,989584,2997,1,"1"
10986.368754309526,989583,2998,1,"1"
10992.163000386188,989580,3001,1,"1"
11067.513024513695,989577,3004,1,"1"
11078.288480597801,989575,3006,2,"2"
11083.775429049831,989572,3009,1,"1"
11103.210062579683,989558,3023,1,"1"
11136.58856381572,989541,3040,1,"1"
11148.162287822772,989523,3058,1,"1"
11158.384971491849,989512,3069,1,"1"
11159.280810484439,989497,3084,1,"1"
11171.026449465446,989496,3085,1,"1"
11185.277512165629,989483,3098,1,"1"
11191.379616387296,989465,3116,1,"1"
11191.660295978807,989464,3117,1,"1"
11191.931028437459,989458,3123,4,"3-1"
11201.991260078628,989453,3128,5,"2-2-1"
11206.821894098452,989452,3129,1,"1"
11213.971151288602,989451,3130,1,"1"
11244.925452844453,989445,3136,2,"2"
11289.416197712189,989444,3137,1,"1"
11327.233110100364,989441,3140,3,"2-1"
11331.985829002018,989440,3141,1,"1"
11335.555976812051,989423,3158,1,"1"
11337.283900270697,989420,3161,1,"1"
11367.303125067094,989415,3166,1,"1"
11375.20967396659,989397,3184,1,"1"
11377.545261816338,989390,3191,1,"1"
11408.741282006366,989385,3196,1,"1"
11419.226695449201,989383,3198,2,"2"
11454.000407959289,989381,3200,2,"1-1"
11459.640373476001,989377,3204,2,"1-1"
11486.32881090143,989363,3218,1,"1"
11503.858989373375,989353,3228,1,"1"
11526.071836775482,989335,3246,1,"1"
11558.449758821373,989317,3264,1,"1"
11558.958549053465,989306,3275,1,"1"
11594.720708287943,989288,3293,1,"1"
11599.917674674478,989287,3294,1,"1"
11615.502727952842,989286,3295,1,"1"
11618.49625718742,989275,3306,1,"1"
11627.526094738416,989257,3324,1,"1"
11634.130156092422,989254,3327,3,"3"
11642.642142548966,989236,3345,1,"1"
11652.222009348718,989233,3348,3,"2-1"
11654.192923704464,989215,3366,1,"1"
11657.963381147638,989214,3367,1,"1"
11658.665902676801,989202,3379,1,"1"
11663.607383614908,989201,3380,1,"1"
11672.996300996163,989200,3381,1,"1"
11706.196646056322,989199,3382,1,"1"
11711.606640492477,989190,3391,1,"1"
11735.346082608496,989172,3409,1,"1"
11742.4397180017,989162,3419,1,"1"
11770.778210286728,989144,3437,1,"1"
11779.850139001768,989126,3455,1,"1"
11833.436372193299,989123,3458,1,"1"
11845.632211529628,989117,3464,2,"2"
11845.963391460442,989112,3469,1,"1"
11847.700062173237,989094,3487,1,"1"
11849.798475741911,989088,3493,2,"2"
11866.033468247746,989087,3494,1,"1"
11866.218913542387,989067,3514,2,"2"
11873.71194123038,989066,3515,1,"1"
11902.670870511352,989065,3516,1,"1"
11917.940866662977,989053,3528,1,"1"
11931.872023189862,989035,3546,1,"1"
11943.009345381566,989017,3564,1,"1"
11953.534938047549,989002,3579,1,"1"
12057.983256034961,988984,3597,1,"1"
12064.243014332702,988977,3604,3,"2-1"
12064.313046704034,988976,3605,1,"1"
12064.832923495129,988975,3606,1,"1"
12067.035600102452,988957,3624,1,"1"
12103.113817688438,988952,3629,1,"1"
12112.866368852214,988934,3647,1,"1"
12115.946891974798,988931,3650,1,"1"
12119.229859418387,988930,3651,1,"1"
12122.770943589994,988912,3669,1,"1"
12152.468176041699,988906,3675,2,"2"
12160.551097679896,988894,3687,1,"1"
12162.435549524364,988848,3733,3,"3"
12162.605155301517,988847,3734,1,"1"
12163.016768375819,988846,3735,1,"1"
12168.950050710899,988828,3753,1,"1"
12178.12880969346,988811,3770,5,"3-1-1"
12192.978656784966,988808,3773,1,"1"
12200.836792183874,988790,3791,1,"1"
12202.469300364291,988789,3792,1,"1"
12208.696583351082,988771,3810,1,"1"
12210.353420609328,988766,3815,1,"1"
12243.20574478229,988764,3817,2,"2"
12248.127791337394,988759,3822,1,"1"
12250.63633299196,988756,3825,1,"1"
12273.84308606497,988744,3837,1,"1"
12280.559685226475,988742,3839,2,"2"
12284.191790890245,988739,3842,1,"1"
12311.904525016602,988729,3852,1,"1"
12318.487548318377,988711,3870,1,"1"
12327.079942166862,988693,3888,1,"1"
12328.288731435359,988691,3890,2,"1-1"
12332.401288968904,988667,3914,2,"2"
12380.810545939885,988649,3932,1,"1"
12387.483263760856,988638,3943,1,"1"
12389.767845280012,988635,3946,1,"1"
12394.284395458955,988634,3947,1,"1"
12408.101175336024,988616,3965,1,"1"
12410.530602053261,988614,3967,2,"2"
12435.622668273598,988612,3969,2,"2"
12446.614792241469,988602,3979,1,"1"
12449.156873278926,988562,4019,3,"2-1"
12453.969224282671,988561,4020,1,"1"
12455.162389972338,988543,4038,1,"1"
12455.437176163907,988540,4041,3,"2-1"
12458.938153442999,988539,4042,1,"1"
12475.330240730131,988538,4043,1,"1"
12481.812561392388,988520,4061,1,"1"
12491.679382977596,988506,4075,2,"1-1"
12524.539191153237,988488,4093,1,"1"
12531.75451343444,988487,4094,1,"1"
12531.799746657725,988477,4104,2,"2"
12534.907533009458,988475,4106,2,"2"
12544.198948651205,988461,4120,1,"1"
12547.764726076153,988460,4121,1,"1"
12552.2236365381,988455,4126,1,"1"
12575.920558636213,988419,4162,2,"1-1"
12579.396196042095,988401,4180,1,"1"
12631.360997924659,988400,4181,1,"1"
12633.783248882684,988399,4182,1,"1"
12653.417638422465,988396,4185,3,"3"
12662.73197976397,988380,4201,1,"1"
12687.892183845539,988379,4202,1,"1"
12688.19061478119,988378,4203,1,"1"
12702.032002186394,988374,4207,2,"1-1"
12712.016273030376,988357,4224,3,"3"
12714.942930924331,988356,4225,1,"1"
12746.203577644292,988355,4226,1,"1"
12788.329530819447,988337,4244,1,"1"
12795.676509813657,988322,4259,1,"1"
12808.118496002438,988308,4273,2,"2"
12814.866954623387,988302,4279,2,"1-1"
12823.335480971527,988284,4297,1,"1"
12828.642188359478,988271,4310,3,"3"
12860.127288435011,988245,4336,6,"3-2-1"
12870.319238263875,988244,4337,1,"1"
12880.841187044674,988226,4355,1,"1"
12893.937029224544,988208,4373,1,"1"
12908.516399161867,988190,4391,1,"1"
12920.063501660967,988186,4395,4,"3-1"
12934.633022851474,988168,4413,1,"1"
12938.003003289528,988156,4425,1,"1"
12945.068451138772,988130,4451,2,"1-1"
12968.058210660498,988112,4469,1,"1"
12987.43907508737,988094,4487,1,"1"
12992.184671651634,988076,4505,1,"1"
12998.190691205515,988058,4523,1,"1"
13020.322057752883,988055,4526,1,"1"
13021.366404579456,988037,4544,1,"1"
13024.288727743147,988034,4547,1,"1"
13041.248604083647,988016,4565,1,"1"
13041.728999266155,988015,4566,1,"1"
13049.184880343528,988014,4567,1,"1"
13062.789311801214,988011,4570,1,"1"
13068.08041995942,988009,4572,2,"2"
13072.008287085117,987991,4590,1,"1"
13086.331143794156,987980,4601,5,"3-1-1"
13095.753934001546,987977,4604,1,"1"
13117.710289348819,987959,4622,1,"1"
13117.74382009265,987941,4640,1,"1"
13117.822530357165,987928,4653,1,"1"
13123.780759249892,987909,4672,5,"3-1-1"
13154.456096306378,987908,4673,1,"1"
13156.475559406967,987890,4691,1,"1"
13165.88150730579,987885,4696,1,"1"
13169.36273943615,987880,4701,1,"1"
13169.520556454376,987875,4706,1,"1"
13182.546626034864,987857,4724,1,"1"
13186.711982717778,987852,4729,1,"1"
13213.91189440137,987847,4734,1,"1"
13216.231795729045,987844,4737,1,"1"
13242.716993276927,987826,4755,1,"1"
13243.565989868453,987823,4758,1,"1"
13243.735180175829,987805,4776,1,"1"
13293.013832756007,987787,4794,1,"1"
13297.945712783314,987778,4803,1,"1"
13334.857406798061,987760,4821,1,"1"
13342.54105850405,987759,4822,1,"1"
13385.469838464376,987754,4827,1,"1"
13385.943625109347,987745,4836,3,"3"
13414.71753034066,987727,4854,1,"1"
13434.924614807713,987726,4855,1,"1"
13476.499601244077,987708,4873,1,"1"
13476.772689017273,987703,4878,1,"1"
13478.765782240776,987685,4896,1,"1"
13495.018872279199,987667,4914,1,"1"
13507.675035708909,987649,4932,1,"1"
13513.792927253584,987634,4947,1,"1"
13527.837090262236,987628,4953,2,"2"
13539.47968756153,987611,4970,3,"2-1"
13555.411831302357,987593,4988,1,"1"
13559.371622892129,987575,5006,1,"1"
13564.368521848859,987568,5013,1,"1"
13585.412452844841,987562,5019,2,"2"
13593.75392050076,987559,5022,1,"1"
13611.757076404972,987552,5029,1,"1"
13617.840335912717,987549,5032,1,"1"
13648.431338570419,987522,5059,5,"2-1-1-1"
13669.522163991483,987521,5060,1,"1"
13674.188340723582,987503,5078,1,"1"
13703.501916374731,987497,5084,2,"2"
13746.034152753218,987488,5093,1,"1"
13793.77693138474,987470,5111,1,"1"
13803.877858756538,987465,5116,1,"1"
13806.497519987899,987447,5134,1,"1"
13864.50949982063,987442,5139,1,"1"
13876.809490620353,987428,5153,1,"1"
13918.982093280245,987425,5156,1,"1"
13919.166581564288,987422,5159,1,"1"
13923.915124435711,987404,5177,1,"1"
13924.090457818067,987386,5195,1,"1"
13954.081987820333,987368,5213,1,"1"
13994.632298883356,987350,5231,1,"1"
13997.035091635205,987332,5249,1,"1"
14002.055919996506,987320,5261,1,"1"
14038.205118221367,987302,5279,1,"1"
14042.228433640197,987284,5297,1,"1"
14046.744729254817,987279,5302,1,"1"
14049.058090474824,987261,5320,1,"1"
14070.383033021148,987258,5323,1,"1"
14104.482595631393,987241,5340,1,"1"
14110.994028806959,987236,5345,1,"1"
14129.601436236977,987218,5363,1,"1"
14138.43662140953,987200,5381,1,"1"
14158.249077481551,987197,5384,1,"1"
14170.514630042531,987192,5389,1,"1"
14171.853228829212,987186,5395,2,"2"
14209.235255589992,987176,5405,1,"1"
14211.974637516374,987167,5414,1,"1"
14314.834331986734,987155,5426,1,"1"
14364.387180106394,987137,5444,1,"1"
14370.374997031282,987134,5447,1,"1"
14381.018645348782,987127,5454,1,"1"
14404.33264090177,987123,5458,2,"2"
14482.453908572188,987120,5461,1,"1"
14490.150968155491,987102,5479,1,"1"
14496.222970359817,987099,5482,1,"1"
14541.688942017921,987090,5491,1,"1"
14581.97698675396,987084,5497,2,"2"
14613.30447681714,987066,5515,1,"1"
14729.514729821251,987056,5525,1,"1"
14739.253058923916,987055,5526,1,"1"
14745.426474904591,987037,5544,1,"1"
14779.776515474805,987019,5562,1,"1"
14785.691954290343,987009,5572,1,"1"
14793.657967036128,986991,5590,1,"1"
14801.496753468331,986981,5600,1,"1"
14810.336828015597,986963,5618,1,"1"
14827.507352704564,986960,5621,1,"1"
14841.752892552449,986942,5639,1,"1"
14856.325916531488,986924,5657,1,"1"
14873.105966512803,986915,5666,1,"1"
14874.462443558534,986905,5676,1,"1"
14899.47047924738,986887,5694,1,"1"
14903.226198314784,986886,5695,1,"1"
14915.87404660882,986868,5713,1,"1"
14941.455249576631,986850,5731,1,"1"
14951.590899581015,986832,5749,1,"1"
14954.634478641428,986811,5770,3,"3"
14967.65711924983,986793,5788,1,"1"
14974.98603771426,986787,5794,2,"2"
14995.862493736557,986784,5797,1,"1"
14997.684847887393,986783,5798,1,"1"
15023.521074861648,986765,5816,1,"1"
15023.975496045534,986753,5828,1,"1"
15049.452240358136,986752,5829,1,"1"
15059.187140069487,986749,5832,1,"1"
15062.977124509467,986746,5835,1,"1"
15089.661642761495,986741,5840,1,"1"
15098.068816311483,986729,5852,1,"1"
15116.21404229484,986724,5857,1,"1"
15132.174169357189,986723,5858,1,"1"
15139.188928213382,986720,5861,1,"1"
15150.775193260086,986706,5875,1,"1"
15180.382318355078,986688,5893,1,"1"
15256.311294834964,986670,5911,1,"1"
15288.592546306187,986652,5929,1,"1"
15292.35434750459,986646,5935,2,"2"
15293.597918812478,986643,5938,1,"1"
15314.211369690758,986625,5956,1,"1"
15316.200913517472,986614,5967,3,"3"
15328.05012349702,986604,5977,1,"1"
15347.236292816573,986586,5995,1,"1"
15352.175533806894,986583,5998,1,"1"
15400.935848298328,986573,6008,1,"1"
15406.511889014806,986564,6017,3,"3"
15419.600123366412,986546,6035,1,"1"
15421.615906949801,986541,6040,1,"1"
15469.533113953263,986529,6052,1,"1"
15494.205226681568,986511,6070,1,"1"
15498.572085285399,986501,6080,1,"1"
15500.672437917407,986483,6098,1,"1"
15523.84249395495,986471,6110,1,"1"
15564.796059619008,986462,6119,1,"1"
15566.82437177708,986459,6122,1,"1"
15577.983115117975,986454,6127,1,"1"
15583.077014495004,986451,6130,1,"1"
15614.055385274114,986446,6135,1,"1"
15631.177073906758,986428,6153,1,"1"
15662.709108613033,986410,6171,1,"1"
15666.47047020324,986392,6189,1,"1"
15676.695627979983,986382,6199,1,"1"
15689.143291448687,986364,6217,1,"1"
15699.176242222104,986346,6235,1,"1"
15722.75496700369,986328,6253,1,"1"
15743.226369643227,986318,6263,2,"2"
15777.716642306938,986315,6266,1,"1"
15823.18250643256,986312,6269,1,"1"
15889.108329483954,986311,6270,1,"1"
15889.636748306168,986308,6273,1,"1"
15890.727205933994,986290,6291,1,"1"
15894.641805343545,986287,6294,1,"1"
15935.916258045954,986269,6312,1,"1"
15962.297338658884,986259,6322,1,"1"
15964.632069205669,986241,6340,1,"1"
15982.535421591761,986238,6343,1,"1"
15985.310978209372,986235,6346,1,"1"
16032.441259632651,986217,6364,1,"1"
16042.452571912312,986211,6370,2,"2"
16047.68537795973,986206,6375,1,"1"
16066.414747034403,986200,6381,2,"2"
16082.140824742224,986190,6391,1,"1"
16113.350880687278,986183,6398,1,"1"
16133.059473847379,986137,6444,4,"4"
16151.153017227611,986125,6456,1,"1"
16164.720802823971,986124,6457,1,"1"
16185.923751377424,986110,6471,1,"1"
16219.585665920993,986092,6489,1,"1"
16220.068325591405,986074,6507,1,"1"
16222.873667512093,986069,6512,1,"1"
16239.801657120393,986051,6530,1,"1"
16239.982054076023,986046,6535,1,"1"
16241.093111385098,986043,6538,1,"1"
16243.694276259843,986025,6556,1,"1"
16247.530894586016,986007,6574,1,"1"
16253.801854849948,986004,6577,1,"1"
16255.373765898328,986001,6580,1,"1"
16256.533406147588,985998,6583,1,"1"
16269.092362609503,985983,6598,5,"5"
16285.506028442665,985965,6616,1,"1"
16293.403669652063,985960,6621,1,"1"
16293.520587972791,985957,6624,1,"1"
16299.742906780441,985939,6642,1,"1"
16304.181041753587,985921,6660,1,"1"
16309.539532772549,985903,6678,1,"1"
16333.674952221776,985885,6696,1,"1"
16349.985626957026,985867,6714,1,"1"
16383.266032066113,985861,6720,2,"2"
16393.690984999372,985843,6738,1,"1"
16405.063210554155,985825,6756,1,"1"
16405.387827115363,985815,6766,1,"1"
16408.043609339369,985797,6784,1,"1"
16410.275617407515,985791,6790,2,"2"
16412.607961568603,985773,6808,1,"1"
16429.33822609864,985764,6817,3,"3"
16434.199185222787,985757,6824,1,"1"
16447.138532158522,985754,6827,1,"1"
16465.67836320811,985736,6845,1,"1"
16467.833814575206,985726,6855,1,"1"
16496.208354530772,985709,6872,1,"1"
16517.98831453413,985704,6877,1,"1"
16523.187054180136,985690,6891,2,"1-1"
16532.019271862431,985687,6894,1,"1"
16554.018329502542,985677,6904,1,"1"
16570.776921647455,985659,6922,1,"1"
16584.354937742723,985647,6934,1,"1"
16588.119935595343,985638,6943,1,"1"
16593.056914711287,985623,6958,1,"1"
16610.325863570008,985605,6976,1,"1"
16615.793529602521,985587,6994,1,"1"
16618.41806682296,985582,6999,1,"1"
16626.389399424825,985564,7017,1,"1"
16629.442690181841,985558,7023,2,"1-1"
16650.836524611401,985553,7028,1,"1"
16651.255299635592,985541,7040,1,"1"
16657.965929804315,985535,7046,2,"2"
16674.06889511893,985517,7064,1,"1"
16675.665690563972,985514,7067,1,"1"
16683.357926732537,985504,7077,1,"1"
16686.928933123574,985487,7094,1,"1"
16741.747303483833,985469,7112,1,"1"
16766.899142409999,985451,7130,1,"1"
16773.275904535061,985437,7144,1,"1"
16776.900432519455,985419,7162,1,"1"
16790.277953442735,985401,7180,1,"1"
16791.613413393959,985383,7198,1,"1"
16793.811489730582,985380,7201,1,"1"
16805.221765352362,985370,7211,2,"2"
16836.525632730325,985357,7224,1,"1"
16850.120213420312,985350,7231,1,"1"
16894.786264113878,985322,7259,2,"2"
16901.531457390094,985308,7273,1,"1"
16911.801486232565,985290,7291,1,"1"
16924.731888674112,985272,7309,1,"1"
16930.138649863489,985254,7327,1,"1"
16939.423029902093,985236,7345,1,"1"
16965.626871780561,985233,7348,1,"1"
16968.855297167469,985221,7360,1,"1"
16976.478353741742,985209,7372,1,"1"
16998.420132855332,985191,7390,1,"1"
17025.443760852562,985188,7393,1,"1"
17063.266749710427,985185,7396,1,"1"
17065.459986777212,985167,7414,1,"1"
17066.696189672297,985155,7426,1,"1"
17069.22295093329,985137,7444,1,"1"
17077.480886684749,985134,7447,1,"1"
17095.997336089091,985116,7465,1,"1"
17098.795287825189,985098,7483,1,"1"
17113.797980158401,985080,7501,1,"1"
17114.540681623504,985062,7519,1,"1"
17158.826465698825,985044,7537,1,"1"
17172.653056899377,985038,7543,2,"2"
17193.405836854068,985023,7558,1,"1"
17210.900852368897,985005,7576,1,"1"
17223.484121101628,984993,7588,1,"1"
17230.790062384836,984975,7606,1,"1"
17234.871137413167,984957,7624,1,"1"
17247.258936404836,984939,7642,1,"1"
17254.451921566499,984936,7645,1,"1"
17268.318160107912,984930,7651,2,"2"
17302.191262425265,984920,7661,1,"1"
17319.865143830833,984917,7664,1,"1"
17338.059609875505,984899,7682,1,"1"
17359.08765977075,984890,7691,3,"3"
17360.479260192118,984887,7694,1,"1"
17363.799872542801,984875,7706,1,"1"
17369.587963437665,984857,7724,1,"1"
17370.640318351321,984839,7742,1,"1"
17395.660128924697,984821,7760,1,"1"
17416.428810391546,984812,7769,1,"1"
17428.619672815319,984776,7805,2,"1-1"
17429.34787559976,984758,7823,1,"1"
17495.528775888804,984753,7828,1,"1"
17511.150629471555,984741,7840,4,"4"
17541.447920420425,984723,7858,1,"1"
17571.261691627984,984705,7876,1,"1"
17580.073122466951,984689,7892,1,"1"
17581.233330178162,984686,7895,1,"1"
17591.798297204277,984683,7898,1,"1"
17597.246740737795,984674,7907,1,"1"
17638.457274118169,984656,7925,1,"1"
17656.312141460388,984653,7928,1,"1"
17667.420465228879,984640,7941,1,"1"
17694.701394007599,984622,7959,1,"1"
17694.77799001367,984606,7975,1,"1"
17702.759540982497,984588,7993,1,"1"
17709.851744532814,984585,7996,1,"1"
17732.356894740275,984567,8014,1,"1"
17770.465527806478,984557,8024,2,"2"
17774.628504499364,984539,8042,1,"1"
17775.238843865933,984534,8047,1,"1"
17776.986447573203,984516,8065,1,"1"
17784.626515208914,984498,8083,1,"1"
17804.46115021989,984488,8093,2,"1-1"
17806.816003183259,984478,8103,1,"1"
17821.050660062581,984475,8106,1,"1"
17825.602047448756,984457,8124,1,"1"
17833.447846163537,984439,8142,1,"1"
17841.386778548524,984423,8158,1,"1"
17855.580506179853,984420,8161,1,"1"
17863.952659045557,984406,8175,1,"1"
17881.814680668922,984388,8193,1,"1"
17889.465354428954,984381,8200,1,"1"
17898.566535462978,984378,8203,1,"1"
17979.771402443504,984375,8206,1,"1"
17986.408393419271,984357,8224,1,"1"
17992.510464011655,984352,8229,1,"1"
17994.715914777065,984334,8247,1,"1"
18038.753775183515,984316,8265,1,"1"
18051.35361016,984298,8283,1,"1"
18065.165641038901,984293,8288,1,"1"
18067.883650914799,984290,8291,1,"1"
18071.718957671303,984272,8309,1,"1"
18095.206349244683,984262,8319,1,"1"
18099.155603598054,984244,8337,1,"1"
18126.892401743808,984239,8342,1,"1"
18131.628946666602,984227,8354,1,"1"
18137.624465978399,984220,8361,1,"1"
18153.136876454711,984202,8379,1,"1"
18198.347631064949,984190,8391,1,"1"
18224.700118063145,984172,8409,1,"1"
18239.099339978369,984167,8414,1,"1"
18247.513510107208,984161,8420,2,"2"
18252.559133060884,984156,8425,1,"1"
18284.555773308723,984120,8461,2,"1-1"
18287.70568340809,984106,8475,2,"2"
18298.200086494613,984103,8478,1,"1"
18303.95438675283,984093,8488,1,"1"
18315.300323811545,984090,8491,1,"1"
18320.821909530874,984087,8494,1,"1"
18324.361024890753,984077,8504,1,"1"
18324.635533849781,984072,8509,1,"1"
18325.483615167675,984066,8515,2,"1-1"
18330.812290450096,984057,8524,1,"1"
18347.748352402112,984054,8527,1,"1"
18386.036261945057,984036,8545,1,"1"
18394.44662758445,984018,8563,1,"1"
18417.968110153688,984000,8581,1,"1"
18434.312091122662,983988,8593,1,"1"
18443.820136161292,983977,8604,1,"1"
18459.088904086704,983972,8609,1,"1"
18461.039882182111,983960,8621,1,"1"
18472.963391974055,983942,8639,1,"1"
18480.969732537327,983933,8648,1,"1"
18496.98732447881,983927,8654,2,"2"
18505.5559992694,983909,8672,1,"1"
18520.5983911363,983891,8690,1,"1"
18532.160672550501,983888,8693,1,"1"
18557.145894583933,983871,8710,1,"1"
18565.372779786037,983853,8728,1,"1"
18592.979746042398,983839,8742,1,"1"
18607.149908847998,983826,8755,3,"3"
18610.563052213878,983823,8758,1,"1"
18641.96315555496,983813,8768,1,"1"
18642.888449309896,983777,8804,2,"1-1"
18653.233465785859,983763,8818,1,"1"
18661.222575875738,983751,8830,1,"1"
18701.321431191256,983745,8836,2,"1-1"
18713.132738827258,983731,8850,1,"1"
18714.07500447549,983726,8855,1,"1"
18716.519742457498,983723,8858,1,"1"
18718.147882098878,983711,8870,1,"1"
18719.47484477792,983705,8876,2,"2"
18731.46387546169,983695,8886,1,"1"
18751.739306253923,983685,8896,1,"1"
18759.691261633794,983675,8906,1,"1"
18766.31548980192,983670,8911,1,"1"
18779.55992499565,983664,8917,2,"1-1"
18823.964744138699,983646,8935,1,"1"
18829.127130022331,983628,8953,1,"1"
18832.957682737837,983622,8959,2,"2"
18859.358226734916,983617,8964,1,"1"
18882.421300739396,983610,8971,1,"1"
18890.857062191535,983592,8989,1,"1"
18931.011327531342,983582,8999,1,"1"
18946.729812570924,983567,9014,5,"5"
18965.322127323372,983557,9024,1,"1"
18975.139298005179,983548,9033,3,"2-1"
19011.592020614284,983530,9051,1,"1"
19012.31991432318,983512,9069,1,"1"
19021.210179781952,983476,9105,2,"1-1"
19022.737602972309,983473,9108,1,"1"
19039.582909809495,983455,9126,1,"1"
19049.439735670807,983449,9132,2,"2"
19066.876464234472,983446,9135,1,"1"
19075.511709262231,983424,9157,2,"2"
19090.094748481188,983421,9160,1,"1"
19106.563624344279,983416,9165,1,"1"
19131.246420839321,983398,9183,1,"1"
19154.253756402508,983380,9201,1,"1"
19155.932362670312,983362,9219,1,"1"
19196.348260250048,983338,9243,2,"2"
19215.079171222769,983320,9261,1,"1"
19219.963610698163,983317,9264,1,"1"
19221.189287716934,983299,9282,1,"1"
19232.232147970099,983281,9300,1,"1"
19314.599718837839,983263,9318,1,"1"
19326.355583001947,983260,9321,1,"1"
19333.01766311251,983257,9324,1,"1"
19381.417429142173,983221,9360,2,"1-1"
19381.854297308266,983203,9378,1,"1"
19386.298558724266,983185,9396,1,"1"
19394.907492059676,983167,9414,1,"1"
19398.494827793638,983161,9420,2,"2"
19410.345182468234,983143,9438,1,"1"
19426.709261301065,983136,9445,1,"1"
19444.416475191963,983127,9454,3,"2-1"
19446.483797519806,983122,9459,1,"1"
19488.465427514217,983112,9469,1,"1"
19534.598149833309,983091,9490,3,"2-1"
19540.050631924263,983073,9508,1,"1"
19540.239478898999,983055,9526,1,"1"
19550.811351119213,983044,9537,3,"3"
19557.650207753755,983041,9540,1,"1"
19558.845198320523,983023,9558,1,"1"
19600.060440478795,983005,9576,1,"1"
19616.758202124984,982987,9594,1,"1"
19618.329527922822,982969,9612,1,"1"
19626.70051292668,982951,9630,1,"1"
19650.765231732697,982933,9648,1,"1"
19662.72672453905,982920,9661,3,"2-1"
19668.08960918463,982917,9664,1,"1"
19670.109693229275,982893,9688,2,"2"
19682.240713761341,982881,9700,1,"1"
19697.530609212889,982863,9718,1,"1"
19714.298969601681,982845,9736,1,"1"
19715.745789891644,982827,9754,1,"1"
19728.031827695006,982809,9772,1,"1"
19762.576213526088,982791,9790,1,"1"
19771.799518392127,982773,9808,1,"1"
19773.800180449747,982761,9820,1,"1"
19777.873327776731,982746,9835,1,"1"
19779.070127361421,982743,9838,1,"1"
19815.079215626145,982737,9844,2,"2"
19859.212331300085,982711,9870,2,"1-1"
19865.687390341689,982693,9888,1,"1"
19870.85720521542,982690,9891,1,"1"
19885.277712864754,982672,9909,1,"1"
19888.790107815061,982654,9927,1,"1"
19898.719693119387,982636,9945,1,"1"
19907.064117273585,982618,9963,1,"1"
19920.388164601296,982612,9969,2,"1-1"
19921.630550773512,982609,9972,1,"1"
19933.709906141165,982599,9982,1,"1"
19957.630447103256,982581,10000,1,"1"
20039.042599910841,982578,10003,1,"1"
20076.427452658427,982560,10021,1,"1"
20082.126754533267,982542,10039,1,"1"
20084.219948327085,982524,10057,1,"1"
20088.149202674726,982506,10075,1,"1"
20104.745248639163,982501,10080,1,"1"
20120.866031002341,982483,10098,1,"1"
20134.22550616023,982465,10116,1,"1"
20135.247929306148,982429,10152,2,"2"
20138.492076793638,982411,10170,1,"1"
20161.709538086674,982397,10184,1,"1"
20188.827105574637,982379,10202,1,"1"
20199.526621205641,982361,10220,1,"1"
20214.311982412768,982343,10238,1,"1"
20248.8042772671,982329,10252,1,"1"
20257.735267830274,982324,10257,1,"1"
20258.058123278057,982318,10263,2,"2"
20266.4914817633,982300,10281,1,"1"
20273.469848680939,982282,10299,1,"1"
20276.503612123321,982279,10302,1,"1"
20284.369790624012,982261,10320,1,"1"
20301.070359071702,982243,10338,1,"1"
20328.955132384064,982225,10356,1,"1"
20353.981342217106,982213,10368,4,"2-2"
20392.073523048704,982197,10384,1,"1"
20396.01500038481,982179,10402,1,"1"
20413.531417615566,982161,10420,1,"1"
20427.984425447572,982143,10438,1,"1"
20430.183659559112,982125,10456,1,"1"
20433.69493100655,982093,10488,8,"5-3"
20451.269584880898,982075,10506,1,"1"
20451.357263475144,982057,10524,1,"1"
20459.591917759095,982045,10536,4,"3-1"
20472.500087522843,982027,10554,1,"1"
20476.023753218389,982021,10560,2,"2"
20482.64288635656,982005,10576,4,"4"
20511.751763121239,981991,10590,2,"2"
20526.072151586646,981984,10597,1,"1"
20534.80108674775,981966,10615,1,"1"
20536.224436139157,981948,10633,1,"1"
20552.538989023487,981930,10651,1,"1"
20559.900923400204,981916,10665,1,"1"
20573.461003350687,981898,10683,1,"1"
20595.054682410566,981893,10688,1,"1"
20610.054881777636,981875,10706,1,"1"
20612.197235553042,981859,10722,1,"1"
20614.496149760569,981853,10728,2,"1-1"
20636.482391670201,981835,10746,1,"1"
20644.545665854537,981817,10764,6,"4-2"
20650.990101646785,981797,10784,4,"2-1-1"
20662.761298155092,981779,10802,1,"1"
20691.8961688784,981774,10807,1,"1"
20697.885271263749,981769,10812,1,"1"
20704.799882580774,981751,10830,1,"1"
20725.184907066494,981732,10849,3,"1-1-1"
20739.73300354023,981714,10867,1,"1"
20741.519924297223,981696,10885,1,"1"
20745.447373499112,981691,10890,1,"1"
20745.89375040324,981677,10904,1,"1"
20794.723754530794,981657,10924,2,"2"
20795.57442954287,981654,10927,1,"1"
20818.28877958563,981649,10932,1,"1"
20822.481979907509,981634,10947,1,"1"
20829.015609949231,981624,10957,1,"1"
20833.412542429531,981606,10975,1,"1"
20841.436748631135,981597,10984,3,"3"
20855.750931938994,981567,11014,3,"3"
20877.221540049388,981555,11026,1,"1"
20880.729990938791,981537,11044,1,"1"
20901.182753016568,981532,11049,1,"1"
20915.253124092393,981527,11054,1,"1"
20933.7671172345,981515,11066,1,"1"
20938.832416754791,981510,11071,1,"1"
20943.931958980589,981492,11089,1,"1"
20957.95189982955,981482,11099,2,"2"
20974.315572039777,981422,11159,5,"2-1-1-1"
20996.997845181122,981404,11177,1,"1"
20998.527830628555,981386,11195,1,"1"
21007.719765325688,981368,11213,2,"2"
21021.86783115361,981357,11224,3,"2-1"
21024.029672953639,981339,11242,1,"1"
21050.777778250333,981293,11288,3,"3"
21062.022040734271,981275,11306,1,"1"
21063.493593462365,981272,11309,1,"1"
21067.984172129098,981254,11327,1,"1"
21076.997799601297,981236,11345,1,"1"
21078.402838597067,981218,11363,1,"1"
21080.224880259313,981213,11368,1,"1"
21094.917178549302,981198,11383,3,"2-1"
21096.34168280636,981188,11393,1,"1"
21107.157261884498,981170,11411,1,"1"
21111.942664910464,981163,11418,1,"1"
21127.583780969158,981153,11428,1,"1"
21133.442216974636,981135,11446,1,"1"
21137.75577085944,981117,11464,1,"1"
21170.53706528369,981112,11469,1,"1"
21200.58431607113,981109,11472,1,"1"
21271.817301866984,981106,11475,1,"1"
21285.91302557322,981088,11493,1,"1"
21286.673656804523,981085,11496,1,"1"
21298.316772263399,981067,11514,1,"1"
21301.170869731854,981058,11523,1,"1"
21343.484102642527,981040,11541,1,"1"
21347.263507563734,981022,11559,1,"1"
21360.963014315741,981017,11564,1,"1"
21376.055019668049,981010,11571,1,"1"
21389.876084537918,981005,11576,1,"1"
21394.797469562753,980987,11594,1,"1"
21403.962303758661,980984,11597,1,"1"
21410.365001281483,980938,11643,8,"2-2-1-1-1-1"
21421.547448360001,980935,11646,1,"1"
21427.517508408277,980917,11664,1,"1"
21433.505859054487,980912,11669,1,"1"
21447.176014107947,980909,11672,1,"1"
21458.750683369075,980906,11675,1,"1"
21464.045050413966,980899,11682,1,"1"
21508.608819464644,980896,11685,1,"1"
21556.355556583279,980878,11703,1,"1"
21570.638154745226,980860,11721,1,"1"
21583.809089684488,980840,11741,2,"1-1"
21589.838101215551,980830,11751,2,"2"
21619.610485808302,980827,11754,1,"1"
21673.786769525879,980824,11757,1,"1"
21695.090425581919,980810,11771,4,"2-1-1"
21695.180983320821,980807,11774,1,"1"
21695.997184985968,980804,11777,1,"1"
21697.055774842756,980795,11786,1,"1"
21699.429896549002,980789,11792,2,"2"
21716.640228179629,980771,11810,1,"1"
21718.243242203996,980764,11817,1,"1"
21721.814242690623,980753,11828,1,"1"
21724.219609524698,980735,11846,1,"1"
21733.136190176891,980707,11874,6,"3-1-1-1"
21734.303367815279,980695,11886,1,"1"
21735.399963196352,980677,11904,1,"1"
21736.126587107989,980659,11922,1,"1"
21742.97371238186,980647,11934,1,"1"
21750.032415263515,980622,11959,7,"4-1-1-1"
21761.07410474167,980605,11976,1,"1"
21769.289205562094,980587,11994,1,"1"
21791.535077789787,980575,12006,1,"1"
21794.292714530497,980563,12018,1,"1"
21809.43430209671,980545,12036,1,"1"
21843.03823031699,980527,12054,1,"1"
21847.512797361778,980522,12059,1,"1"
21868.374124508548,980519,12062,1,"1"
21868.617371265354,980514,12067,1,"1"
21877.921324412087,980496,12085,1,"1"
21880.603623723124,980476,12105,4,"3-1"
21902.375507461024,980440,12141,2,"2"
21904.801799470672,980431,12150,3,"3"
21909.755582944541,980428,12153,1,"1"
21934.333733529129,980416,12165,1,"1"
21972.073379107049,980413,12168,1,"1"
22016.183169582517,980403,12178,2,"2"
22016.453773699013,980385,12196,1,"1"
22027.869412912692,980367,12214,1,"1"
22030.003552397629,980349,12232,1,"1"
22051.18325874372,980331,12250,1,"1"
22070.50160521112,980295,12286,2,"2"
22078.780072959045,980290,12291,1,"1"
22107.953134949508,980287,12294,1,"1"
22110.528780608318,980281,12300,2,"2"
22121.951532574552,980278,12303,1,"1"
22131.382942040596,980268,12313,1,"1"
22190.786842145404,980254,12327,1,"1"
22192.994324466203,980249,12332,1,"1"
22201.71756836772,980235,12346,1,"1"
22207.012475990257,980230,12351,1,"1"
22210.87171783371,980216,12365,1,"1"
22218.574811150531,980198,12383,1,"1"
22233.204923586414,980180,12401,1,"1"
22246.73176249025,980162,12419,1,"1"
22250.976397228507,980152,12429,1,"1"
22265.984000364559,980146,12435,2,"2"
22275.808046988244,980130,12451,4,"4"
22312.264519878445,980127,12454,1,"1"
22326.590707826312,980109,12472,1,"1"
22352.912295275495,980091,12490,1,"1"
22361.950431309633,980073,12508,1,"1"
22363.616133351803,980055,12526,1,"1"
22371.908165706063,980037,12544,1,"1"
22388.707971127489,980025,12556,1,"1"
22397.207412796841,980022,12559,1,"1"
22421.630319031825,980019,12562,1,"1"
22446.651095752059,979998,12583,2,"2"
22483.812181076795,979977,12604,3,"1-1-1"
22487.294990834882,979963,12618,1,"1"
22495.423250177679,979945,12636,1,"1"
22502.837825084142,979927,12654,1,"1"
22506.776552900919,979909,12672,1,"1"
22538.525317814576,979904,12677,1,"1"
22550.610998663604,979886,12695,1,"1"
22556.967242633695,979873,12708,1,"1"
22560.759842998097,979863,12718,1,"1"
22562.063459716923,979849,12732,1,"1"
22576.97796547637,979831,12750,1,"1"
22583.801750610808,979821,12760,1,"1"
22590.667593306789,979785,12796,2,"1-1"
22608.317683487217,979767,12814,1,"1"
22610.169772792033,979757,12824,2,"2"
22617.532451094157,979750,12831,1,"1"
22623.398057660543,979743,12838,1,"1"
22647.265816231964,979736,12845,1,"1"
22653.640256625531,979733,12848,1,"1"
22672.330795008515,979722,12859,1,"1"
22674.55185584649,979704,12877,1,"1"
22684.053085047213,979701,12880,1,"1"
22689.920201457837,979683,12898,1,"1"
22694.964384337491,979665,12916,1,"1"
22702.776484112033,979647,12934,1,"1"
22714.655321297592,979629,12952,1,"1"
22724.324060863237,979611,12970,1,"1"
22748.484473564236,979599,12982,1,"1"
22764.866456732558,979581,13000,1,"1"
22776.108213490301,979572,13009,1,"1"
22786.207230271535,979554,13027,1,"1"
22830.419994729578,979536,13045,1,"1"
22830.777057737814,979531,13050,1,"1"
22835.84934013991,979495,13086,2,"1-1"
22894.3624152872,979485,13096,1,"1"
22899.59668082053,979445,13136,4,"4"
22910.481770532166,979427,13154,1,"1"
22912.355843819441,979409,13172,1,"1"
22914.047626650063,979391,13190,1,"1"
22914.262437545836,979388,13193,1,"1"
22949.141665839612,979370,13211,1,"1"
22950.004434724458,979352,13229,1,"1"
22956.725398495873,979334,13247,1,"1"
22966.477510668527,979331,13250,1,"1"
23011.273438326738,979313,13268,1,"1"
23020.88641752251,979295,13286,1,"1"
23021.656402886245,979284,13297,3,"2-1"
23038.831059305878,979266,13315,1,"1"
23040.699360090508,979248,13333,1,"1"
23043.407495534728,979241,13340,1,"1"
23045.872983588812,979217,13364,2,"2"
23060.658272649078,979199,13382,1,"1"
23089.831180838795,979188,13393,1,"1"
23097.015982580884,979170,13411,1,"1"
23107.934449411227,979158,13423,4,"4"
23111.029446590073,979140,13441,1,"1"
23121.204444182637,979135,13446,1,"1"
23124.189390768068,979117,13464,1,"1"
23134.755895065689,979112,13469,1,"1"
23164.602039415164,979101,13480,1,"1"
23201.336687365922,979083,13498,1,"1"
23203.529991855499,979053,13528,2,"2"
23217.454924706515,979035,13546,1,"1"
23227.019469962936,979028,13553,1,"1"
23258.932115333791,979010,13571,1,"1"
23262.83884285903,978992,13589,1,"1"
23263.15380076303,978974,13607,1,"1"
23263.416361877498,978956,13625,1,"1"
23300.131026708532,978948,13633,2,"2"
23303.202177519386,978930,13651,1,"1"
23322.433965383123,978902,13679,2,"2"
23339.21655394138,978884,13697,1,"1"
23362.577633581048,978846,13735,8,"5-1-1-1"
23374.142303784683,978836,13745,1,"1"
23384.964068584599,978818,13763,1,"1"
23390.501522514049,978802,13779,1,"1"
23394.853929838457,978786,13795,1,"1"
23403.430159653191,978780,13801,2,"2"
23419.115789396943,978762,13819,1,"1"
23419.618531976183,978744,13837,1,"1"
23422.716695605814,978737,13844,1,"1"
23444.708843434477,978727,13854,2,"2"
23446.743935644517,978709,13872,1,"1"
23449.868995317938,978691,13890,1,"1"
23453.453926833467,978673,13908,1,"1"
23487.351251984717,978659,13922,2,"2"
23545.489098444112,978641,13940,1,"1"
23564.598025850832,978627,13954,2,"1-1"
23590.979621110731,978585,13996,8,"6-1-1"
23615.311834109118,978580,14001,1,"1"
23640.142216057277,978572,14009,2,"1-1"
23642.639908586647,978554,14027,1,"1"
23670.87878389909,978536,14045,1,"1"
23709.727855810477,978533,14048,1,"1"
23715.794552404488,978523,14058,1,"1"
23739.201026797738,978503,14078,2,"2"
23756.880573771145,978439,14142,12,"4-4-3-1"
23777.064253995526,978434,14147,1,"1"
23786.951968114026,978431,14150,1,"1"
23790.077058275569,978413,14168,1,"1"
23797.873291909978,978396,14185,3,"3"
23836.476467401928,978389,14192,1,"1"
23841.086483445051,978371,14210,4,"3-1"
23842.01161031071,978353,14228,1,"1"
23850.3265968876,978350,14231,1,"1"
23866.398570114732,978340,14241,1,"1"
23867.006549548627,978322,14259,1,"1"
23908.918902214362,978304,14277,1,"1"
23913.827517810514,978286,14295,1,"1"
23915.666616195347,978268,14313,1,"1"
23941.012707982685,978250,14331,1,"1"
23943.231338839818,978238,14343,1,"1"
23945.095066499351,978228,14353,1,"1"
23971.045880452646,978216,14365,1,"1"
23975.331457860091,978213,14368,1,"1"
23981.668221202737,978195,14386,1,"1"
23987.169946754704,978177,14404,1,"1"
23993.532750999617,978159,14422,1,"1"
23995.459879150392,978146,14435,1,"1"
24013.140176166271,978140,14441,2,"2"
24062.026648859995,978122,14459,1,"1"
24080.414265767136,978116,14465,2,"2"
24092.265782594735,978098,14483,1,"1"
24093.138345013631,978066,14515,8,"2-2-2-1-1"
24097.941611680377,978048,14533,1,"1"
24100.903748746881,978030,14551,1,"1"
24102.583570554147,978020,14561,2,"2"
24109.62417698119,978003,14578,1,"1"
24111.311183829879,978000,14581,1,"1"
24140.702694754873,977982,14599,1,"1"
24151.231663996623,977969,14612,3,"2-1"
24159.470349337953,977953,14628,1,"1"
24166.464447829694,977935,14646,1,"1"
24181.29272592931,977923,14658,1,"1"
24210.466853726513,977905,14676,1,"1"
24222.549082000838,977871,14710,6,"5-1"
24239.636292881612,977853,14728,1,"1"
24249.833018647627,977825,14756,3,"3"
24254.217216925121,977807,14774,1,"1"
24267.768418139902,977804,14777,1,"1"
24283.903136609362,977772,14809,4,"3-1"
24290.677871055941,977769,14812,1,"1"
24292.972159718396,977751,14830,1,"1"
24323.734479469833,977733,14848,1,"1"
24339.968588875628,977715,14866,1,"1"
24346.832324723622,977705,14876,2,"2"
24352.452605246435,977687,14894,1,"1"
24353.383564556378,977678,14903,1,"1"
24357.140510118254,977660,14921,1,"1"
24358.668271546114,977642,14939,1,"1"
24378.689174944895,977634,14947,2,"1-1"
24394.66917201475,977621,14960,1,"1"
24397.105328225716,977618,14963,1,"1"
24403.86114706783,977613,14968,1,"1"
24404.912979218876,977595,14986,1,"1"
24415.104171007359,977592,14989,1,"1"
24436.487173947953,977576,15005,1,"1"
24449.595255739194,977562,15019,1,"1"
24460.520694598374,977556,15025,2,"2"
24466.968776882062,977538,15043,1,"1"
24488.247948485958,977514,15067,2,"2"
24497.716304405538,977497,15084,3,"3"
24499.778182198959,977487,15094,1,"1"
24503.681111938466,977469,15112,1,"1"
24522.378089341793,977457,15124,1,"1"
24537.433115005959,977439,15142,1,"1"
24538.706734811072,977434,15147,1,"1"
24539.059391294322,977416,15165,1,"1"
24546.669577828987,977398,15183,1,"1"
24554.949427340023,977386,15195,1,"1"
24570.084177745051,977355,15226,9,"7-2"
24572.233928969403,977337,15244,1,"1"
24574.82168038686,977330,15251,1,"1"
24583.252510429804,977325,15256,1,"1"
24591.848782869296,977307,15274,1,"1"
24596.911452325643,977300,15281,1,"1"
24606.70752605543,977282,15299,1,"1"
24618.977520133194,977279,15302,1,"1"
24622.666611015058,977261,15320,1,"1"
24623.12396233399,977258,15323,1,"1"
24665.019610097304,977244,15337,1,"1"
24675.311261344723,977208,15373,2,"2"
24685.480226455435,977203,15378,1,"1"
24705.880852496008,977158,15423,7,"4-3"
24705.962749386734,977155,15426,1,"1"
24706.440967256367,977137,15444,1,"1"
24710.964649251611,977119,15462,1,"1"
24735.634770286037,977101,15480,1,"1"
24742.126686537424,977083,15498,1,"1"
24742.700307636616,977051,15530,2,"1-1"
24750.334712958895,977033,15548,1,"1"
24762.257030443088,977015,15566,1,"1"
24812.920155156015,976995,15586,2,"2"
24850.409836184121,976988,15593,1,"1"
24859.558525720753,976972,15609,1,"1"
24892.795322523252,976967,15614,1,"1"
24898.232586585891,976955,15626,1,"1"
24901.967309866239,976937,15644,1,"1"
24905.583973009994,976927,15654,1,"1"
24925.601522138117,976909,15672,1,"1"
24931.523070014464,976906,15675,1,"1"
24934.634284940759,976896,15685,1,"1"
24946.808641549513,976878,15703,1,"1"
24959.926498963254,976873,15708,1,"1"
24984.572748773717,976862,15719,1,"1"
24996.50425871964,976852,15729,1,"1"
25015.961985423131,976847,15734,1,"1"
25023.437056784409,976837,15744,2,"2"
25109.32297406824,976804,15777,3,"3"
25123.930384961495,976790,15791,1,"1"
25151.729399621283,976772,15809,1,"1"
25163.489023560145,976754,15827,1,"1"
25167.647809028706,976736,15845,1,"1"
25170.415650485706,976718,15863,1,"1"
25182.067935348383,976706,15875,1,"1"
25183.904817202336,976697,15884,1,"1"
25185.313810571795,976692,15889,1,"1"
25185.872811178597,976687,15894,1,"1"
25191.688142951723,976669,15912,1,"1"
25206.97013046244,976659,15922,1,"1"
25208.404867379486,976639,15942,2,"1-1"
25221.198859868568,976628,15953,1,"1"
25227.318269943025,976610,15971,1,"1"
25247.661428215793,976601,15980,1,"1"
25251.746373861788,976583,15998,1,"1"
25301.188417801826,976565,16016,1,"1"
25316.329225824295,976562,16019,1,"1"
25324.815868540696,976544,16037,1,"1"
25330.177592057353,976526,16055,1,"1"
25357.623112034024,976508,16073,1,"1"
25369.483316011225,976498,16083,1,"1"
25393.476687169175,976488,16093,2,"2"
25400.828240246072,976470,16111,1,"1"
25401.302078933579,976465,16116,1,"1"
25409.623440171734,976447,16134,1,"1"
25410.859106721673,976432,16149,1,"1"
25413.75252004974,976426,16155,2,"2"
25426.037541587277,976409,16172,1,"1"
25429.60564417714,976368,16213,7,"5-1-1"
25484.516916714136,976365,16216,1,"1"
25497.352492749931,976306,16275,11,"4-4-2-1"
25501.224728795878,976269,16312,3,"2-1"
25523.9717941204,976264,16317,1,"1"
25530.936051530422,976246,16335,1,"1"
25531.170399247174,976228,16353,1,"1"
25551.451348525308,976225,16356,1,"1"
25552.526023937098,976189,16392,2,"2"
25559.160428171534,976184,16397,1,"1"
25561.189696203113,976166,16415,1,"1"
25563.736360670195,976161,16420,1,"1"
25571.033148728202,976138,16443,3,"2-1"
25572.797793295529,976120,16461,1,"1"
25586.253405995732,976102,16479,1,"1"
25586.607885283298,976084,16497,1,"1"
25589.981630313549,976081,16500,1,"1"
25590.00603790168,976075,16506,2,"2"
25600.244019854294,976057,16524,1,"1"
25608.134765266033,976039,16542,1,"1"
25612.491620857498,976029,16552,2,"1-1"
25629.368324338455,976016,16565,1,"1"
25643.982810323178,975980,16601,3,"2-1"
25648.611418684664,975962,16619,1,"1"
25648.941541861463,975944,16637,1,"1"
25655.646469793763,975933,16648,1,"1"
25668.367887859116,975886,16695,5,"5"
25686.413794900203,975854,16727,2,"1-1"
25690.887980004143,975836,16745,1,"1"
25692.48589107384,975826,16755,1,"1"
25697.629526036431,975814,16767,1,"1"
25699.260695001009,975796,16785,1,"1"
25700.363510675164,975778,16803,1,"1"
25705.139416712726,975760,16821,1,"1"
25732.972332141013,975751,16830,1,"1"
25734.976643974878,975733,16848,1,"1"
25741.397780189334,975715,16866,1,"1"
25741.911705238468,975697,16884,1,"1"
25774.023576730069,975679,16902,1,"1"
25774.403190781031,975674,16907,1,"1"
25787.513462048726,975656,16925,1,"1"
25799.059931490425,975638,16943,1,"1"
25812.402001425635,975631,16950,1,"1"
25820.965982743826,975613,16968,1,"1"
25821.021406606193,975595,16986,1,"1"
25825.100592563274,975577,17004,1,"1"
25844.601916504151,975565,17016,2,"2"
25868.469446545689,975535,17046,6,"4-2"
25870.881080421605,975517,17064,1,"1"
25883.571990212506,975499,17082,1,"1"
25887.287433864945,975488,17093,3,"2-1"
25889.54963420986,975470,17111,1,"1"
25897.394960203921,975452,17129,1,"1"
25921.713862378419,975449,17132,1,"1"
25923.842991433805,975431,17150,1,"1"
25984.627443277659,975413,17168,1,"1"
25987.376252665083,975383,17198,4,"2-1-1"
25995.958318729958,975353,17228,3,"3"
26021.061514440404,975341,17240,2,"1-1"
26027.077902959431,975323,17258,1,"1"
26030.852976245849,975305,17276,1,"1"
26043.336429345956,975287,17294,1,"1"
26050.857588475847,975269,17312,1,"1"
26082.191286439596,975251,17330,1,"1"
26084.903312782273,975248,17333,1,"1"
26086.10430483102,975230,17351,1,"1"
26092.309268541492,975227,17354,1,"1"
26108.309715929539,975209,17372,1,"1"
26136.642918846996,975191,17390,1,"1"
26153.493814393503,975181,17400,1,"1"
26156.015639809688,975163,17418,1,"1"
26157.50033924864,975122,17459,5,"3-2"
26161.055572646572,975108,17473,1,"1"
26163.000682505728,975103,17478,1,"1"
26168.344996581178,975085,17496,1,"1"
26171.722790577613,975067,17514,1,"1"
26174.642759379734,975049,17532,1,"1"
26186.328503487191,975031,17550,1,"1"
26187.494479234898,975013,17568,1,"1"
26200.488462876598,974995,17586,1,"1"
26208.130560166475,974985,17596,1,"1"
26258.954721654562,974955,17626,2,"2"
26262.552371639231,974952,17629,1,"1"
26284.51023819928,974940,17641,1,"1"
26286.715387515822,974922,17659,1,"1"
26292.476523106208,974911,17670,1,"1"
26304.7286940987,974901,17680,1,"1"
26324.145517003413,974889,17692,1,"1"
26326.990404856329,974870,17711,3,"3"
26331.73842552878,974852,17729,1,"1"
26337.156840759541,974840,17741,1,"1"
26350.517649278871,974830,17751,1,"1"
26366.226112352579,974820,17761,1,"1"
26377.929017761558,974802,17779,1,"1"
26384.46282761787,974790,17791,1,"1"
26387.197464199489,974772,17809,1,"1"
26387.64583567905,974764,17817,2,"1-1"
26387.863495543985,974746,17835,1,"1"
26394.816338546254,974728,17853,1,"1"
26429.119343924471,974710,17871,1,"1"
26433.0083693817,974705,17876,1,"1"
26441.260890221845,974699,17882,2,"2"
26465.178329374696,974692,17889,1,"1"
26474.970663542394,974687,17894,1,"1"
26489.794326319643,974669,17912,1,"1"
26490.11828544104,974651,17930,1,"1"
26495.918612591773,974615,17966,2,"2"
26496.860234858959,974597,17984,1,"1"
26506.319192968625,974579,18002,1,"1"
26517.128566952859,974561,18020,1,"1"
26518.609768320955,974517,18064,8,"5-2-1"
26519.60949240132,974507,18074,1,"1"
26522.877498074184,974500,18081,1,"1"
26529.674147304981,974492,18089,2,"2"
26530.634663562141,974474,18107,1,"1"
26548.450386818029,974467,18114,1,"1"
26563.478271776385,974449,18132,1,"1"
26567.267343652296,974439,18142,1,"1"
26574.096706603719,974432,18149,1,"1"
26574.946332885109,974414,18167,1,"1"
26577.238462022426,974405,18176,1,"1"
26578.799152742569,974402,18179,1,"1"
26579.135062395639,974390,18191,1,"1"
26635.532249022202,974380,18201,2,"2"
26638.140736555339,974362,18219,1,"1"
26655.081279647788,974344,18237,1,"1"
26658.875943451731,974335,18246,3,"3"
26659.264998303814,974325,18256,1,"1"
26660.448212635671,974307,18274,1,"1"
26692.193987026199,974289,18292,1,"1"
26693.419967042701,974274,18307,1,"1"
26699.981474884655,974257,18324,3,"2-1"
26701.034049174417,974239,18342,1,"1"
26706.499451855369,974221,18360,1,"1"
26720.386866024892,974203,18378,1,"1"
26742.304990586432,974185,18396,1,"1"
26743.846418187135,974175,18406,1,"1"
26759.031224828384,974164,18417,3,"3"
26759.837396702336,974159,18422,1,"1"
26764.839158726292,974141,18440,1,"1"
26767.821329103859,974131,18450,1,"1"
26793.92370913889,974126,18455,1,"1"
26803.303626395271,974121,18460,1,"1"
26811.578285861364,974110,18471,1,"1"
26812.851619190496,974105,18476,1,"1"
26831.386460268102,974102,18479,1,"1"
26839.551020450952,974084,18497,1,"1"
26842.558682389288,974066,18515,1,"1"
26853.508744914463,974039,18542,5,"5"
26865.159646871733,974021,18560,1,"1"
26873.380510574938,974014,18567,1,"1"
26885.463562916739,974009,18572,1,"1"
26907.897239085309,973991,18590,1,"1"
26910.181814185289,973973,18608,1,"1"
26928.318014733111,973955,18626,1,"1"
26936.240589452154,973952,18629,1,"1"
26955.570615839231,973934,18647,1,"1"
26960.725128418919,973916,18665,1,"1"
26963.174298933576,973900,18681,4,"2-2"
26969.50977678104,973882,18699,1,"1"
26971.294422209376,973864,18717,1,"1"
26974.312679438772,973846,18735,1,"1"
26982.174387754356,973839,18742,1,"1"
26998.052173179389,973821,18760,1,"1"
26998.348032750957,973803,18778,1,"1"
27000.963940998961,973785,18796,1,"1"
27005.217357540769,973775,18806,1,"1"
27013.789760175488,973757,18824,1,"1"
27021.16415652294,973699,18882,5,"2-2-1"
27049.104638307377,973663,18918,2,"1-1"
27072.15366232755,973633,18948,2,"1-1"
27085.104831848581,973615,18966,1,"1"
27095.406525562856,973594,18987,3,"3"
27096.827505188565,973576,19005,1,"1"
27102.19691218427,973571,19010,1,"1"
27147.717419505025,973561,19020,1,"1"
27148.661693692378,973543,19038,1,"1"
27156.216273031903,973525,19056,1,"1"
27158.630349913125,973507,19074,1,"1"
27169.379235817079,973499,19082,2,"1-1"
27187.632830915776,973496,19085,1,"1"
27192.358392936105,973448,19133,6,"4-2"
27208.561567481695,973430,19151,1,"1"
27208.890182773193,973412,19169,1,"1"
27220.892614284421,973394,19187,1,"1"
27226.284806982727,973380,19201,1,"1"
27227.883305753865,973373,19208,1,"1"
27254.69148637227,973333,19248,6,"2-2-1-1"
27266.419973190172,973323,19258,1,"1"
27270.823580071665,973305,19276,1,"1"
27273.196476051202,973293,19288,1,"1"
27278.09631790606,973283,19298,1,"1"
27287.006899518434,973276,19305,1,"1"
27299.068423077522,973258,19323,1,"1"
27313.437759457582,973240,19341,1,"1"
27317.256461685149,973210,19371,3,"2-1"
27321.267158162151,973192,19389,1,"1"
27330.539950400318,973170,19411,2,"2"
27342.786892538556,973163,19418,1,"1"
27352.418671890166,973127,19454,2,"2"
27356.637362246121,973107,19474,2,"2"
27360.631735317347,973089,19492,1,"1"
27361.132381663243,973071,19510,1,"1"
27370.838263880778,973053,19528,1,"1"
27385.675823272792,973043,19538,1,"1"
27385.897619873336,973025,19556,1,"1"
27388.512885564123,973020,19561,1,"1"
27393.019862199137,973010,19571,1,"1"
27396.078219538282,972992,19589,1,"1"
27403.097984926859,972974,19607,1,"1"
27425.173393627672,972969,19612,1,"1"
27438.51447781497,972951,19630,1,"1"
27465.400418854468,972941,19640,1,"1"
27496.41191918296,972923,19658,1,"1"
27500.526861718386,972920,19661,1,"1"
27560.834388983771,972907,19674,1,"1"
27566.382481515036,972893,19688,1,"1"
27571.20874463626,972831,19750,5,"2-2-1"
27574.81522206917,972813,19768,1,"1"
27575.806587736948,972795,19786,1,"1"
27599.743219370223,972777,19804,1,"1"
27601.321061519393,972759,19822,1,"1"
27601.580679759172,972752,19829,1,"1"
27613.392612777156,972742,19839,2,"1-1"
27628.837743326392,972724,19857,1,"1"
27636.743323152623,972713,19868,1,"1"
27643.754383426342,972659,19922,3,"1-1-1"
27659.533041123934,972641,19940,1,"1"
27670.133786982511,972636,19945,1,"1"
27747.989809806841,972618,19963,1,"1"
27751.202315253318,972600,19981,1,"1"
27759.02223776501,972582,19999,1,"1"
27761.735389673519,972566,20015,1,"1"
27772.183666027977,972524,20057,3,"2-1"
27780.671530116731,972514,20067,1,"1"
27789.665197459926,972496,20085,1,"1"
27804.196732334807,972478,20103,1,"1"
27808.401825067813,972460,20121,1,"1"
27818.207140175662,972407,20174,9,"4-2-1-1-1"
27822.054599161354,972389,20192,2,"2"
27844.180190257612,972386,20195,1,"1"
27852.092057800961,972368,20213,1,"1"
27858.497917179568,972356,20225,1,"1"
27875.873270715976,972338,20243,1,"1"
27907.213974613682,972320,20261,1,"1"
27909.159318875405,972280,20301,6,"5-1"
27923.278271234645,972262,20319,1,"1"
27924.504387411314,972244,20337,1,"1"
27936.323963982566,972226,20355,1,"1"
27945.914431215169,972208,20373,1,"1"
27948.905645372273,972190,20391,1,"1"
27952.373677188174,972178,20403,1,"1"
27962.959410919637,972160,20421,1,"1"
27967.494701551386,972152,20429,2,"1-1"
27984.663859402561,972118,20463,3,"2-1"
27998.16752557315,972094,20487,2,"2"
28008.028715069617,972083,20498,1,"1"
28015.119543812794,972065,20516,1,"1"
28019.084681541044,972047,20534,1,"1"
28030.436617710671,972029,20552,1,"1"
28034.121330873873,972011,20570,1,"1"
28037.398555419179,972006,20575,1,"1"
28064.504034293794,971988,20593,1,"1"
28067.142175934317,971970,20611,1,"1"
28073.851694909168,971952,20629,1,"1"
28075.396113078546,971934,20647,1,"1"
28077.804745599893,971918,20663,1,"1"
28101.960898357109,971913,20668,1,"1"
28108.938976233163,971899,20682,2,"2"
28114.916124277624,971881,20700,1,"1"
28140.726976215465,971876,20705,1,"1"
28142.375614920093,971858,20723,1,"1"
28146.18349788307,971840,20741,1,"1"
28153.684740263769,971833,20748,1,"1"
28160.547785210994,971826,20755,1,"1"
28164.717208450555,971811,20770,1,"1"
28192.15378869804,971793,20788,1,"1"
28208.466631876407,971778,20803,3,"3"
28211.823935633121,971768,20813,1,"1"
28212.632099455874,971736,20845,3,"3"
28214.877373774361,971724,20857,1,"1"
28226.646496541227,971706,20875,1,"1"
28253.57428706226,971688,20893,1,"1"
28253.93325549255,971656,20925,3,"3"
28270.697029646199,971638,20943,1,"1"
28286.391240196681,971626,20955,1,"1"
28299.043100014296,971608,20973,1,"1"
28311.201714511873,971590,20991,1,"1"
28317.422852319272,971506,21075,14,"5-4-2-1-1-1"
28318.643682792852,971501,21080,1,"1"
28322.262496340754,971483,21098,1,"1"
28326.318973671849,971421,21160,4,"3-1"
28331.932877221967,971416,21165,1,"1"
28342.971828996346,971376,21205,3,"3"
28344.218299623633,971350,21231,2,"1-1"
28355.292614391139,971341,21240,1,"1"
28358.617057303411,971323,21258,1,"1"
28360.138931474918,971305,21276,1,"1"
28364.00658132739,971281,21300,2,"2"
28419.425982881974,971263,21318,2,"1-1"
28420.258675056779,971260,21321,1,"1"
28432.55958755911,971242,21339,1,"1"
28437.286445895883,971224,21357,1,"1"
28443.980023061511,971206,21375,1,"1"
28463.736769530511,971196,21385,1,"1"
28467.451199123021,971172,21409,2,"2"
28477.799312497715,971154,21427,1,"1"
28509.022551345653,971134,21447,2,"2"
28513.668070425603,971124,21457,1,"1"
28524.446061576782,971106,21475,2,"2"
28528.888267522267,971088,21493,1,"1"
28529.719714156392,971070,21511,1,"1"
28553.611089677801,971052,21529,1,"1"
28563.841889231135,971034,21547,1,"1"
28580.208305427383,971013,21568,2,"1-1"
28584.910785813801,970999,21582,4,"3-1"
28590.068887652655,970981,21600,1,"1"
28591.873548273437,970963,21618,1,"1"
28595.220329803687,970945,21636,1,"1"
28595.628079374746,970927,21654,1,"1"
28598.756617173498,970917,21664,1,"1"
28600.330753787781,970899,21682,1,"1"
28618.537651206432,970881,21700,1,"1"
28622.086364101197,970863,21718,1,"1"
28637.579073356799,970845,21736,1,"1"
28639.046075255039,970827,21754,1,"1"
28647.009996858837,970820,21761,1,"1"
28655.081954303459,970815,21766,1,"1"
28666.232782615636,970779,21802,2,"1-1"
28692.249541898767,970772,21809,1,"1"
28698.835855681169,970754,21827,1,"1"
28721.691507765634,970736,21845,1,"1"
28726.834178945574,970733,21848,1,"1"
28739.042572895694,970721,21860,2,"2"
28746.14111475979,970697,21884,4,"3-1"
28750.919560977349,970679,21902,1,"1"
28765.807403957682,970643,21938,2,"2"
28772.73256935169,970633,21948,1,"1"
28774.496696353548,970623,21958,1,"1"
28791.709694256228,970612,21969,1,"1"
28810.424039218553,970594,21987,1,"1"
28815.732588208681,970576,22005,1,"1"
28816.331609304831,970566,22015,1,"1"
28817.629043743011,970552,22029,1,"1"
28821.99345550414,970547,22034,1,"1"
28841.627347258131,970529,22052,1,"1"
28848.801398837943,970511,22070,1,"1"
28859.657216734693,970498,22083,3,"1-1-1"
28869.712091835947,970475,22106,3,"2-1"
28907.209102677982,970457,22124,1,"1"
28974.507805690988,970418,22163,3,"2-1"
28977.966835463969,970400,22181,1,"1"
28990.393064894175,970382,22199,1,"1"
29008.402119746203,970379,22202,1,"1"
29014.899680952076,970361,22220,1,"1"
29030.800022394767,970343,22238,1,"1"
29033.138678930085,970325,22256,1,"1"
29034.717056964106,970307,22274,1,"1"
29052.026112731561,970289,22292,1,"1"
29053.451785318215,970284,22297,1,"1"
29061.853513176855,970266,22315,1,"1"
29062.210201902089,970259,22322,1,"1"
29068.255132907532,970241,22340,1,"1"
29070.428012754342,970238,22343,1,"1"
29085.72263587172,970231,22350,1,"1"
29091.459633952629,970213,22368,1,"1"
29095.843858115975,970185,22396,2,"2"
29108.546909689903,970167,22414,1,"1"
29118.219100055525,970149,22432,1,"1"
29133.809363183165,970131,22450,1,"1"
29154.74720854529,970128,22453,1,"1"
29158.605700722663,970110,22471,1,"1"
29160.687360465352,970092,22489,1,"1"
29167.557380560604,970089,22492,1,"1"
29177.35112364927,970071,22510,1,"1"
29177.756546514836,970047,22534,2,"2"
29193.967486833815,970029,22552,1,"1"
29205.321044646564,970026,22555,1,"1"
29205.54521819104,970008,22573,1,"1"
29210.513265228747,969990,22591,1,"1"
29211.625429396674,969972,22609,1,"1"
29217.184225943307,969952,22629,2,"1-1"
29231.964290144962,969938,22643,1,"1"
29237.271270806697,969869,22712,13,"5-2-2-2-1-1"
29271.437087093203,969851,22730,1,"1"
29278.924300001927,969841,22740,1,"1"
29289.521145530038,969816,22765,5,"2-2-1"
29303.887657380161,969813,22768,1,"1"
29315.521453106758,969795,22786,1,"1"
29321.549921910912,969777,22804,1,"1"
29322.017745004447,969759,22822,1,"1"
29324.856380361362,969735,22846,4,"2-1-1"
29339.255087299938,969732,22849,1,"1"
29344.658572799028,969660,22921,5,"2-2-1"
29347.03993741265,969642,22939,1,"1"
29350.329147261196,969624,22957,1,"1"
29372.042186857667,969619,22962,1,"1"
29386.468233665844,969601,22980,1,"1"
29389.127087614437,969591,22990,2,"2"
29398.874537675292,969573,23008,1,"1"
29404.89676653286,969561,23020,1,"1"
29413.147776469497,969556,23025,1,"1"
29426.102761842882,969551,23030,1,"1"
29430.069012432032,969511,23070,4,"3-1"
29430.071473461667,969501,23080,1,"1"
29431.705414713972,969496,23085,1,"1"
29433.180289578238,969478,23103,1,"1"
29436.7198337763,969471,23110,1,"1"
29441.076492568507,969435,23146,4,"2-1-1"
29449.324155070444,969417,23164,1,"1"
29452.980374202787,969395,23186,4,"3-1"
29459.143149455798,969385,23196,1,"1"
29463.576440056131,969362,23219,5,"3-1-1"
29464.927587101221,969344,23237,1,"1"
29469.808664044605,969326,23255,1,"1"
29475.032671548321,969308,23273,1,"1"
29475.946675487045,969299,23282,1,"1"
29484.046868740003,969287,23294,2,"2"
29484.90609508636,969269,23312,1,"1"
29485.942815989125,969251,23330,1,"1"
29493.870730361628,969233,23348,1,"1"
29502.116302238665,969209,23372,2,"1-1"
29521.600022684637,969191,23390,1,"1"
29532.530950172313,969173,23408,1,"1"
29551.530559698469,969161,23420,1,"1"
29559.63008927886,969158,23423,1,"1"
29564.869902099781,969096,23485,5,"3-2"
29566.655139160703,969078,23503,1,"1"
29568.801778183588,969060,23521,1,"1"
29572.285891821692,969038,23543,2,"1-1"
29638.937796899041,969014,23567,2,"2"
29639.43187399274,968996,23585,1,"1"
29640.667198647148,968978,23603,1,"1"
29651.514965898885,968961,23620,3,"2-1"
29666.586349416793,968943,23638,1,"1"
29669.471736693937,968931,23650,2,"2"
29670.774807422513,968918,23663,1,"1"
29681.657694430629,968911,23670,1,"1"
29681.766287922361,968899,23682,1,"1"
29689.5354310353,968881,23700,1,"1"
29694.859177693921,968876,23705,1,"1"
29703.251096289459,968862,23719,1,"1"
29704.777868918307,968846,23735,2,"1-1"
29710.089064101841,968828,23753,1,"1"
29729.815304230884,968814,23767,2,"2"
29736.096167797161,968809,23772,1,"1"
29747.897585054405,968802,23779,1,"1"
29751.961736734804,968787,23794,1,"1"
29761.508007136163,968769,23812,1,"1"
29769.531047467717,968751,23830,1,"1"
29769.84195594124,968733,23848,1,"1"
29785.793258745336,968693,23888,4,"3-1"
29797.54365137373,968690,23891,1,"1"
29801.975035205931,968672,23909,1,"1"
29818.163055574565,968669,23912,1,"1"
29829.482019745861,968651,23930,1,"1"
29831.504880791785,968633,23948,1,"1"
29840.991498475687,968615,23966,1,"1"
29842.233005640228,968575,24006,3,"1-1-1"
29852.196928133428,968565,24016,1,"1"
29868.306892492426,968541,24040,4,"2-1-1"
29868.642775250588,968523,24058,1,"1"
29884.222559883619,968511,24070,1,"1"
29887.655262903678,968480,24101,3,"2-1"
29890.705828224342,968471,24110,1,"1"
29891.60852005121,968453,24128,1,"1"
29891.63547961957,968434,24147,3,"3"
29923.313536788341,968416,24165,1,"1"
29924.736456766339,968398,24183,1,"1"
29931.273334036436,968386,24195,1,"1"
29931.696931283695,968368,24213,1,"1"
29935.269214110951,968332,24249,2,"1-1"
29959.228585499452,968322,24259,2,"2"
29981.139586040063,968304,24277,1,"1"
29990.811571305821,968299,24282,1,"1"
29995.744639658231,968292,24289,1,"1"
29997.604152188349,968274,24307,1,"1"
30000.847642291414,968256,24325,1,"1"
30002.313275784862,968251,24330,1,"1"
30027.072032346052,968233,24348,1,"1"
30031.307483676057,968215,24366,1,"1"
30040.468271765258,968197,24384,1,"1"
30040.921028796933,968179,24402,1,"1"
30053.235204659311,968167,24414,1,"1"
30059.141491916293,968160,24421,1,"1"
30078.76199633475,968142,24439,1,"1"
30083.060637378272,968124,24457,1,"1"
30089.907585969679,968114,24467,1,"1"
30090.332549469687,968111,24470,1,"1"
30101.085450193641,968106,24475,1,"1"
30103.84226734854,968095,24486,1,"1"
30107.719131040158,968077,24504,1,"1"
30130.758747515039,968067,24514,1,"1"
30132.743747842338,968046,24535,3,"2-1"
30139.667322767742,968041,24540,1,"1"
30141.655985646747,967979,24602,10,"7-2-1"
30149.094670238992,967905,24676,5,"1-1-1-1-1"
30180.830935200294,967887,24694,1,"1"
30195.056070879717,967869,24712,1,"1"
30208.810401061357,967852,24729,3,"3"
30213.330816481244,967838,24743,4,"3-1"
30254.894870451335,967820,24761,1,"1"
30269.236608757357,967802,24779,1,"1"
30271.669964991466,967795,24786,1,"1"
30285.584608200817,967790,24791,1,"1"
30292.507514167086,967773,24808,1,"1"
30296.298088700947,967760,24821,1,"1"
30305.008181982637,967748,24833,1,"1"
30311.838742669886,967736,24845,1,"1"
30319.451489511954,967718,24863,1,"1"
30323.998081221936,967713,24868,1,"1"
30331.657943010279,967695,24886,1,"1"
30361.34015181291,967690,24891,1,"1"
30370.129751482455,967683,24898,1,"1"
30370.928135180402,967665,24916,1,"1"
30380.689916557923,967647,24934,1,"1"
30386.351536903094,967629,24952,1,"1"
30404.188690872779,967622,24959,1,"1"
30415.245985491762,967610,24971,2,"1-1"
30419.186732867489,967592,24989,1,"1"
30421.556286880957,967574,25007,1,"1"
30434.767322601827,967556,25025,1,"1"
30436.510230815024,967549,25032,1,"1"
30449.241092532546,967531,25050,1,"1"
30450.721947431884,967513,25068,4,"2-1-1"
30469.501053223754,967495,25086,1,"1"
30471.756793058659,967490,25091,1,"1"
30492.816344148305,967472,25109,1,"1"
30529.528533416717,967462,25119,2,"2"
30530.324924081193,967444,25137,1,"1"
30532.636333912807,967437,25144,1,"1"
30538.549454477783,967420,25161,1,"1"
30553.634900609763,967401,25180,3,"2-1"
30567.699855193565,967377,25204,2,"2"
30569.234644357883,967365,25216,1,"1"
30611.671457775654,967356,25225,1,"1"
30619.049765881569,967344,25237,1,"1"
30624.722295240703,967326,25255,1,"1"
30631.69456992417,967308,25273,1,"1"
30632.553992339628,967291,25290,1,"1"
30634.790449479606,967273,25308,1,"1"
30643.544710894002,967270,25311,1,"1"
30646.504515298511,967252,25329,1,"1"
30675.293027726173,967206,25375,8,"6-1-1"
30675.822163561836,967188,25393,1,"1"
30679.696451450658,967152,25429,2,"2"
30682.243438118399,967134,25447,2,"2"
30703.122004230463,967116,25465,1,"1"
30710.106224007963,967092,25489,2,"2"
30715.698910168416,967082,25499,2,"2"
30721.523832133484,967077,25504,1,"1"
30730.981467065951,967059,25522,1,"1"
30731.147083297936,967013,25568,8,"6-1-1"
30749.233922453051,966995,25586,1,"1"
30754.749342696301,966977,25604,1,"1"
30766.699981596197,966959,25622,1,"1"
30782.98738413789,966944,25637,1,"1"
30810.931249653007,966930,25651,2,"2"
30814.088585856534,966912,25669,1,"1"
30838.353491869246,966900,25681,1,"1"
30867.136269507846,966880,25701,2,"2"
30871.763028864825,966870,25711,1,"1"
30878.18111770253,966852,25729,1,"1"
30878.387642572332,966847,25734,1,"1"
30914.715032997636,966842,25739,1,"1"
30917.880042486031,966824,25757,1,"1"
30929.365888724715,966806,25775,1,"1"
30931.085541147047,966793,25788,1,"1"
30943.180783915323,966775,25806,1,"1"
30958.590403739567,966757,25824,1,"1"
30997.623811499594,966739,25842,1,"1"
31002.536486042958,966725,25856,1,"1"
31026.966507956786,966707,25874,1,"1"
31034.550181546096,966693,25888,1,"1"
31035.802135902297,966683,25898,1,"1"
31045.268486411846,966673,25908,1,"1"
31046.633440305075,966663,25918,1,"1"
31048.285218767269,966660,25921,1,"1"
31095.28711246252,966635,25946,3,"2-1"
31115.275317855911,966617,25964,1,"1"
31119.873337523979,966599,25982,1,"1"
31135.630883195416,966561,26020,3,"2-1"
31164.138374736402,966543,26038,1,"1"
31170.457975193349,966525,26056,1,"1"
31191.489607066163,966489,26092,2,"2"
31211.628666320146,966471,26110,1,"1"
31213.758062847286,966453,26128,1,"1"
31236.183636891477,966401,26180,3,"3"
31255.831002101553,966371,26210,3,"2-1"
31265.602457485013,966355,26226,4,"4"
31266.539206930487,966337,26244,1,"1"
31267.227572910335,966319,26262,1,"1"
31269.616768084772,966301,26280,1,"1"
31285.178159626699,966266,26315,5,"2-2-1"
31298.6973989545,966248,26333,1,"1"
31301.665924006731,966230,26351,1,"1"
31302.116729205442,966212,26369,1,"1"
31309.04020603199,966194,26387,1,"1"
31311.617350951699,966176,26405,1,"1"
31324.727875578505,966166,26415,2,"2"
31352.452731589972,966148,26433,1,"1"
31365.911290281583,966130,26451,1,"1"
31366.201472005538,966112,26469,1,"1"
31385.737665847228,966080,26501,2,"1-1"
31397.332938656415,966062,26519,1,"1"
31429.62149763832,966044,26537,1,"1"
31443.872525075112,966026,26555,1,"1"
31451.576300089488,966008,26573,1,"1"
31457.690777970398,965996,26585,2,"1-1"
31460.869086631777,965989,26592,1,"1"
31462.684517379479,965974,26607,1,"1"
31463.563784886101,965971,26610,1,"1"
31465.327131674563,965968,26613,1,"1"
31488.339377322809,965958,26623,1,"1"
31516.85070359716,965938,26643,2,"2"
31534.309960916635,965933,26648,1,"1"
31537.122712228625,965930,26651,1,"1"
31554.96767543356,965912,26669,1,"1"
31556.756328521726,965876,26705,2,"1-1"
31560.319182691535,965858,26723,1,"1"
31613.183498612845,965840,26741,1,"1"
31614.691784725495,965825,26756,3,"1-1-1"
31615.635126689773,965807,26774,1,"1"
31619.487805719808,965771,26810,2,"2"
31628.038460376327,965753,26828,1,"1"
31632.396384598662,965735,26846,1,"1"
31635.608853238336,965669,26912,5,"3-1-1"
31641.358013997433,965666,26915,1,"1"
31648.949906095499,965648,26933,1,"1"
31662.328496078917,965602,26979,3,"2-1"
31663.278307002478,965587,26994,1,"1"
31666.550416440685,965569,27012,1,"1"
31697.345555294145,965535,27046,6,"3-2-1"
31711.219803409098,965499,27082,2,"1-1"
31713.260257854701,965485,27096,1,"1"
31721.854304824934,965467,27114,1,"1"
31732.215422396173,965457,27124,1,"1"
31734.578514681831,965452,27129,1,"1"
31737.097639952608,965447,27134,1,"1"
31745.195807023531,965429,27152,1,"1"
31800.771799672842,965411,27170,1,"1"
31801.868932608806,965402,27179,3,"3"
31802.426037460646,965397,27184,1,"1"
31802.583816453393,965379,27202,1,"1"
31810.603607826575,965306,27275,11,"5-3-2-1"
31821.957467062733,965270,27311,2,"2"
31822.929580702199,965252,27329,1,"1"
31856.283025336412,965234,27347,1,"1"
31864.636146934965,965216,27365,1,"1"
31866.819500345435,965198,27383,1,"1"
31868.851593103394,965180,27401,1,"1"
31876.17411754861,965162,27419,1,"1"
31893.884813507593,965144,27437,1,"1"
31894.406658318479,965126,27455,1,"1"
31903.395852336991,965108,27473,1,"1"
31910.114650222884,965090,27491,1,"1"
31916.674932991322,965064,27517,2,"1-1"
31917.414245675223,965046,27535,1,"1"
31920.661606513888,965034,27547,1,"1"
31928.788022778957,965016,27565,1,"1"
31929.82449693172,965003,27578,1,"1"
31941.14315243794,964991,27590,1,"1"
31941.599371235865,964973,27608,1,"1"
31955.90366629932,964955,27626,1,"1"
31968.51040956303,964937,27644,1,"1"
31977.665611833472,964927,27654,1,"1"
31982.073352422281,964916,27665,1,"1"
32003.338403766233,964898,27683,1,"1"
32023.635417604371,964880,27701,1,"1"
32031.819792909751,964862,27719,1,"1"
32032.713350878188,964857,27724,1,"1"
32040.357116387338,964839,27742,1,"1"
32088.669233634006,964834,27747,1,"1"
32092.536171017731,964798,27783,2,"1-1"
32103.079287878096,964780,27801,1,"1"
32107.282301603926,964769,27812,1,"1"
32122.576798070382,964751,27830,1,"1"
32123.022133988066,964736,27845,3,"2-1"
32162.574907969927,964718,27863,1,"1"
32163.111607174087,964682,27899,2,"2"
32164.923121752934,964661,27920,3,"2-1"
32168.766562095745,964652,27929,1,"1"
32174.131211923563,964649,27932,1,"1"
32185.841548843578,964642,27939,1,"1"
32187.316169596848,964635,27946,1,"1"
32189.741470384823,964630,27951,1,"1"
32195.378572633257,964594,27987,2,"2"
32212.698438181149,964589,27992,1,"1"
32216.737419213441,964557,28024,4,"2-1-1"
32220.601648199812,964552,28029,1,"1"
32227.050542964491,964534,28047,1,"1"
32287.073277554293,964486,28095,4,"2-2"
32291.754240191622,964468,28113,1,"1"
32291.911974514944,964456,28125,1,"1"
32296.035304689158,964420,28161,2,"2"
32305.748866830119,964360,28221,5,"3-2"
32306.030011308965,964342,28239,1,"1"
32312.746461483079,964319,28262,3,"3"
32313.024861700131,964301,28280,1,"1"
32317.155188455781,964267,28314,2,"2"
32319.320380469471,964252,28329,3,"1-1-1"
32331.917774651458,964243,28338,1,"1"
32349.848414972104,964225,28356,1,"1"
32367.150510789626,964207,28374,1,"1"
32373.152453839746,964173,28408,3,"3"
32377.289941255181,964119,28462,3,"2-1"
32382.212761542178,964101,28480,1,"1"
32389.968150013323,964063,28518,3,"2-1"
32405.030741789531,964045,28536,1,"1"
32405.252848190801,964027,28554,1,"1"
32422.570101353755,964002,28579,3,"2-1"
32428.586478731115,963845,28736,25,"4-3-3-3-2-2-2-1-1-1-1-1-1"
32432.149246673271,963827,28754,1,"1"
32436.167873098941,963753,28828,5,"2-1-1-1"
32438.557732044148,963667,28914,6,"3-2-1"
32476.143967543125,963649,28932,1,"1"
32482.675635981755,963642,28939,1,"1"
32486.755606367908,963635,28946,1,"1"
32504.332811476128,963616,28965,3,"2-1"
32511.947762760887,963598,28983,1,"1"
32573.641768978727,963580,29001,1,"1"
32575.245099745429,963571,29010,1,"1"
32590.337263471683,963553,29028,1,"1"
32622.871362351176,963548,29033,1,"1"
32629.637395536647,963514,29067,2,"2"
32630.889938030366,963492,29089,2,"2"
32648.916682369127,963475,29106,1,"1"
32654.513642525377,963457,29124,1,"1"
32655.600580309303,963439,29142,1,"1"
32663.118054525097,963421,29160,1,"1"
32669.340016213369,963403,29178,1,"1"
32686.691538833133,963387,29194,1,"1"
32708.377742975597,963373,29208,1,"1"
32709.189831287193,963337,29244,2,"2"
32711.523706108066,963319,29262,1,"1"
32718.944017546655,963301,29280,1,"1"
32761.547482119327,963283,29298,1,"1"
32765.376180115025,963270,29311,1,"1"
32774.282530207674,963261,29320,1,"1"
32776.507348157727,963225,29356,2,"2"
32778.328611521567,963220,29361,1,"1"
32798.94423339131,963202,29379,1,"1"
32805.260761227422,963184,29397,1,"1"
32806.618440024264,963166,29415,1,"1"
32811.93109664636,963130,29451,2,"2"
32812.25278542321,963112,29469,1,"1"
32820.678636174984,963098,29483,1,"1"
32828.145171899894,963089,29492,1,"1"
32843.955607836804,963052,29529,4,"2-1-1"
32852.50331472628,963047,29534,1,"1"
32865.252318450686,963022,29559,3,"3"
32866.190903079536,963012,29569,1,"1"
32871.716756705348,963007,29574,1,"1"
32876.378720800356,962965,29616,6,"4-1-1"
32877.280261367974,962947,29634,1,"1"
32896.56493542884,962921,29660,2,"2"
32897.858200927592,962911,29670,1,"1"
32907.931114757776,962893,29688,1,"1"
32908.068742260504,962857,29724,2,"1-1"
32909.729294863413,962847,29734,1,"1"
32911.225812255696,962833,29748,1,"1"
32918.895878726027,962815,29766,1,"1"
32927.148345489564,962779,29802,2,"1-1"
32944.34975375986,962761,29820,1,"1"
32956.11325279747,962743,29838,1,"1"
32980.177057076631,962725,29856,1,"1"
32988.527376587779,962707,29874,1,"1"
33016.231629316979,962697,29884,2,"2"
33044.123698330317,962670,29911,3,"2-1"
33046.040079595361,962656,29925,2,"2"
33048.290246117322,962646,29935,2,"1-1"
33052.880869202483,962628,29953,1,"1"
33053.14167321175,962610,29971,1,"1"
33060.472204412028,962562,30019,4,"4"
33070.756340553235,962542,30039,2,"2"
33072.074227978941,962537,30044,1,"1"
33080.813389679453,962519,30062,1,"1"
33082.465614902132,962482,30099,4,"2-1-1"
33095.154627717107,962464,30117,1,"1"
33099.181966267759,962448,30133,2,"1-1"
33115.63062279734,962433,30148,3,"3"
33119.331568147369,962415,30166,1,"1"
33120.573950341677,962410,30171,1,"1"
33139.055812631937,962390,30191,2,"2"
33143.434770921311,962380,30201,1,"1"
33143.569418684841,962362,30219,1,"1"
33146.921745010157,962347,30234,1,"1"
33147.069180661631,962329,30252,1,"1"
33151.75001382584,962303,30278,2,"2"
33161.759077898081,962298,30283,1,"1"
33168.638835904399,962280,30301,1,"1"
33179.061398079364,962266,30315,2,"2"
33194.580238902417,962248,30333,1,"1"
33196.350375504029,962243,30338,1,"1"
33208.248255408886,962225,30356,1,"1"
33242.2843617736,962207,30374,1,"1"
33244.610570697056,962189,30392,1,"1"
33245.806787823029,962179,30402,1,"1"
33256.585520954053,962155,30426,2,"2"
33259.710106155682,962146,30435,1,"1"
33272.83331752396,962135,30446,1,"1"
33279.585217719767,962101,30480,4,"3-1"
33296.215061168339,962078,30503,3,"1-1-1"
33307.491414994744,962060,30521,1,"1"
33326.269590578457,962042,30539,1,"1"
33367.069966103423,962024,30557,1,"1"
33369.196573924426,962019,30562,1,"1"
33369.801447164478,962001,30580,1,"1"
33375.550155493009,961983,30598,1,"1"
33386.811647824499,961965,30616,1,"1"
33390.749952488753,961947,30634,1,"1"
33406.837256747051,961942,30639,1,"1"
33410.623545000104,961901,30680,5,"3-1-1"
33439.248720692383,961883,30698,1,"1"
33441.255458336258,961845,30736,3,"3"
33452.043836869263,961827,30754,1,"1"
33454.819978665888,961809,30772,1,"1"
33474.549711985557,961793,30788,1,"1"
33477.286253180362,961775,30806,1,"1"
33487.888247448944,961757,30824,1,"1"
33491.28637647783,961733,30848,2,"1-1"
33492.895469702962,961726,30855,1,"1"
33494.374012302207,961708,30873,1,"1"
33509.180693062619,961703,30878,1,"1"
33514.592991927231,961698,30883,1,"1"
33530.483868565563,961684,30897,2,"2"
33536.174698336654,961666,30915,2,"2"
33545.117158280067,961630,30951,2,"2"
33557.862543961841,961576,31005,3,"3"
33565.93534617572,961558,31023,1,"1"
33569.438352547411,961540,31041,1,"1"
33579.165380062987,961526,31055,1,"1"
33585.515338272126,961502,31079,2,"2"
33591.195367817338,961484,31097,1,"1"
33591.215637671725,961466,31115,1,"1"
33617.936222249824,961461,31120,1,"1"
33618.878835510928,961451,31130,2,"2"
33625.5609027514,961433,31148,1,"1"
33626.359745310823,961415,31166,1,"1"
33633.092636138594,961397,31184,1,"1"
33645.301150482599,961379,31202,1,"1"
33650.158942723698,961374,31207,1,"1"
33669.912581740165,961344,31237,2,"1-1"
33672.925353413186,961330,31251,2,"2"
33696.866003495663,961224,31357,9,"3-3-1-1-1"
33702.12958848515,961208,31373,1,"1"
33708.303307591472,961184,31397,4,"2-2"
33715.269777752444,961170,31411,1,"1"
33717.474686025518,961156,31425,1,"1"
33725.180085456865,961124,31457,4,"2-1-1"
33736.256009101489,961090,31491,3,"2-1"
33739.452870948502,961087,31494,1,"1"
33741.722349992357,961069,31512,1,"1"
33752.772716841464,961043,31538,2,"1-1"
33758.156286387246,961025,31556,1,"1"
33786.377554419341,961016,31565,1,"1"
33809.28922089038,960972,31609,8,"3-2-1-1-1"
33811.795513660232,960966,31615,2,"2"
33818.134752886835,960949,31632,3,"2-1"
33821.46985426719,960915,31666,2,"2"
33823.661785376309,960904,31677,1,"1"
33833.982698902291,960894,31687,1,"1"
33855.639841193923,960887,31694,1,"1"
33889.62565026011,960877,31704,1,"1"
33911.308246386929,960850,31731,3,"2-1"
33932.839341924264,960832,31749,1,"1"
33955.209000067778,960827,31754,1,"1"
33965.054082132534,960815,31766,1,"1"
33965.10034122799,960797,31784,1,"1"
33979.200968567013,960786,31795,1,"1"
33988.032194120562,960774,31807,1,"1"
33994.455938117266,960746,31835,2,"2"
33995.934948336151,960734,31847,1,"1"
33999.456008099114,960716,31865,1,"1"
34003.234113784602,960680,31901,2,"2"
34012.177333464439,960662,31919,1,"1"
34018.128035402762,960648,31933,1,"1"
34018.216953495757,960630,31951,1,"1"
34025.359946037228,960625,31956,1,"1"
34029.770936546083,960607,31974,1,"1"
34042.299888901776,960589,31992,1,"1"
34045.005998137087,960584,31997,1,"1"
34050.979143956589,960566,32015,1,"1"
34067.551058768753,960559,32022,1,"1"
34071.623217064662,960541,32040,1,"1"
34074.539208475078,960531,32050,1,"1"
34085.087004835455,960513,32068,1,"1"
34103.472274982116,960508,32073,1,"1"
34105.297926910447,960480,32101,2,"1-1"
34110.084238894298,960457,32124,3,"3"
34114.051525099741,960439,32142,1,"1"
34125.81832926855,960421,32160,1,"1"
34137.076647407346,960403,32178,1,"1"
34142.024173056103,960385,32196,1,"1"
34145.17785645277,960349,32232,2,"2"
34146.555804437368,960313,32268,2,"2"
34158.449358801488,960295,32286,1,"1"
34161.89235302023,960277,32304,1,"1"
34173.967305835678,960259,32322,1,"1"
34233.531337485547,960241,32340,1,"1"
34253.014422109423,960223,32358,1,"1"
34255.22390778306,960216,32365,1,"1"
34258.399563917519,960183,32398,5,"2-2-1"
34258.461027365185,960165,32416,1,"1"
34258.723856616001,960147,32434,1,"1"
34264.880775115824,960129,32452,1,"1"
34289.869453636828,960117,32464,1,"1"
34298.605655061845,960072,32509,7,"4-1-1-1"
34300.191388354455,960036,32545,2,"2"
34310.845560460431,960031,32550,1,"1"
34315.9424656708,960019,32562,1,"1"
34368.419101749409,960007,32574,1,"1"
34374.268166326263,959989,32592,1,"1"
34376.543248755203,959971,32610,1,"1"
34377.23109751087,959911,32670,6,"5-1"
34379.440317478788,959893,32688,1,"1"
34394.28052000462,959875,32706,1,"1"
34394.296325340234,959857,32724,1,"1"
34395.108467419566,959850,32731,1,"1"
34428.811488182611,959832,32749,1,"1"
34434.36739086148,959748,32833,12,"4-3-2-1-1-1"
34435.099445939893,959730,32851,1,"1"
34444.121608087255,959718,32863,2,"1-1"
34445.817191304006,959700,32881,1,"1"
34452.441570371273,959674,32907,2,"1-1"
34454.343248083598,959656,32925,1,"1"
34454.938539343922,959628,32953,2,"2"
34467.256739913129,959614,32967,2,"1-1"
34472.140550475939,959596,32985,1,"1"
34472.334803522142,959591,32990,1,"1"
34478.29041205949,959573,33008,1,"1"
34539.379841708564,959555,33026,1,"1"
34545.945422685058,959538,33043,3,"2-1"
34555.007148612633,959520,33061,1,"1"
34566.213120476015,959499,33082,3,"2-1"
34568.534839154025,959481,33100,1,"1"
34571.846568430941,959463,33118,1,"1"
34581.74396161297,959445,33136,2,"2"
34609.390107037267,959391,33190,3,"2-1"
34616.855007179045,959378,33203,1,"1"
34636.810573595612,959342,33239,8,"2-1-1-1-1-1-1"
34648.701898805382,959324,33257,1,"1"
34679.882697940287,959306,33275,1,"1"
34684.70665426943,959282,33299,2,"2"
34693.242456856897,959246,33335,2,"2"
34705.688681027495,959228,33353,1,"1"
34709.870856857684,959214,33367,1,"1"
34710.702608898777,959190,33391,2,"1-1"
34721.854298956532,959172,33409,1,"1"
34732.279355804494,959154,33427,1,"1"
34732.56593084542,959118,33463,2,"1-1"
34738.568689456792,959088,33493,4,"2-1-1"
34742.607306713187,959070,33511,1,"1"
34753.285942362163,959052,33529,1,"1"
34761.219564646781,959016,33565,3,"2-1"
34761.42646929896,958998,33583,1,"1"
34766.076810906066,958971,33610,3,"2-1"
34768.864930055628,958923,33658,4,"4"
34811.607604595789,958905,33676,1,"1"
34813.853834411522,958883,33698,2,"1-1"
34837.509647198465,958865,33716,1,"1"
34840.874141476845,958845,33736,2,"2"
34860.87381565832,958827,33754,1,"1"
34862.512571192063,958809,33772,1,"1"
34874.973919051961,958791,33790,1,"1"
34875.845633769568,958761,33820,3,"3"
34880.626411478152,958751,33830,2,"2"
34885.281058389024,958734,33847,3,"1-1-1"
34885.514305771474,958692,33889,3,"2-1"
34887.431537301462,958672,33909,2,"2"
34888.878845993837,958665,33916,1,"1"
34893.379900456224,958656,33925,1,"1"
34893.633565024676,958616,33965,3,"2-1"
34921.799935480951,958598,33983,1,"1"
34925.531243871141,958562,34019,2,"2"
34934.586001796706,958550,34031,1,"1"
34957.800828048166,958532,34049,1,"1"
34971.471967579389,958468,34113,10,"4-2-2-1-1"
34989.706619737393,958450,34131,1,"1"
34996.860149358705,958445,34136,1,"1"
34997.814132856191,958438,34143,1,"1"
35003.043153187704,958402,34179,2,"2"
35014.628215913406,958384,34197,1,"1"
35023.736551249647,958366,34215,1,"1"
35027.856235519874,958348,34233,1,"1"
35028.300743930347,958337,34244,1,"1"
35032.51939825213,958317,34264,2,"2"
35036.108022027744,958312,34269,1,"1"
35050.897997648259,958292,34289,4,"2-2"
35067.679946998891,958274,34307,1,"1"
35074.480876854323,958256,34325,1,"1"
35077.059503008801,958232,34349,4,"2-2"
35088.763575582241,958213,34368,3,"2-1"
35094.54484600007,958195,34386,1,"1"
35105.31458842189,958183,34398,1,"1"
35137.909549762553,958171,34410,1,"1"
35138.436828625468,958135,34446,2,"1-1"
35152.275676359357,958117,34464,1,"1"
35161.175128810064,958032,34549,7,"3-2-2"
35171.021649985982,958014,34567,1,"1"
35185.427105291295,957990,34591,4,"4"
35191.467730416858,957972,34609,1,"1"
35191.866732152805,957950,34631,2,"2"
35193.968513329193,957932,34649,1,"1"
35206.369193769795,957914,34667,1,"1"
35215.923094058664,957896,34685,1,"1"
35238.886255679914,957891,34690,1,"1"
35245.072730157117,957873,34708,1,"1"
35257.219808577349,957837,34744,2,"2"
35264.577734377512,957783,34798,3,"2-1"
35306.269977605472,957764,34817,3,"2-1"
35313.293129546109,957740,34841,2,"2"
35313.782586095855,957733,34848,1,"1"
35316.251071678576,957728,34853,1,"1"
35325.246077904143,957710,34871,1,"1"
35346.782211922255,957674,34907,2,"2"
35352.273096722129,957656,34925,2,"2"
35353.635369254604,957638,34943,1,"1"
35358.992386847793,957620,34961,1,"1"
35360.453771608285,957591,34990,3,"2-1"
35382.515680995057,957573,35008,1,"1"
35388.989045919297,957555,35026,1,"1"
35391.428820219051,957537,35044,1,"1"
35391.875030992414,957532,35049,1,"1"
35394.24044646437,957514,35067,1,"1"
35411.881326283037,957496,35085,1,"1"
35415.723728838988,957470,35111,2,"1-1"
35434.266966623771,957450,35131,2,"2"
35456.620881879157,957409,35172,7,"6-1"
35461.84081440622,957376,35205,3,"2-1"
35466.784890619987,957358,35223,1,"1"
35473.692346691329,957316,35265,3,"2-1"
35475.864416715369,957306,35275,1,"1"
35480.735770491658,957288,35293,1,"1"
35485.371180832604,957279,35302,1,"1"
35493.865074341265,957261,35320,1,"1"
35498.191153266693,957243,35338,1,"1"
35503.568012782576,957225,35356,1,"1"
35505.851482997095,957207,35374,1,"1"
35509.797903641833,957189,35392,1,"1"
35514.004970949281,957175,35406,2,"2"
35517.309040179003,957157,35424,1,"1"
35522.830778048687,957148,35433,1,"1"
35544.042457011041,957130,35451,1,"1"
35544.903129099155,957125,35456,1,"1"
35548.409727388273,957089,35492,4,"2-2"
35584.280076297597,957071,35510,1,"1"
35601.179728801071,957059,35522,1,"1"
35606.76238829537,957046,35535,1,"1"
35608.712775047752,957010,35571,2,"2"
35610.706671665852,956992,35589,1,"1"
35618.459407528884,956967,35614,3,"3"
35624.770136200808,956949,35632,1,"1"
35630.614053290912,956931,35650,1,"1"
35653.09893270953,956913,35668,1,"1"
35671.144452793407,956899,35682,2,"2"
35683.187047322419,956881,35700,1,"1"
35685.60897295735,956845,35736,2,"2"
35694.025612597499,956827,35754,1,"1"
35701.589513834784,956787,35794,4,"2-2"
35709.407762759547,956755,35826,3,"3"
35710.667348125433,956737,35844,1,"1"
35713.075218438535,956719,35862,1,"1"
35716.244338779252,956699,35882,2,"2"
35716.419922030458,956689,35892,1,"1"
35716.61305645731,956671,35910,1,"1"
35719.318432774271,956653,35928,1,"1"
35735.688421746614,956639,35942,1,"1"
35738.707451764305,956611,35970,2,"2"
35749.132977536552,956547,36034,4,"2-1-1"
35761.254306389354,956538,36043,1,"1"
35767.947101114303,956520,36061,1,"1"
35782.514329434525,956502,36079,1,"1"
35790.705558593909,956484,36097,1,"1"
35836.310142869421,956425,36156,7,"3-1-1-1-1"
35844.759390857078,956407,36174,1,"1"
35844.929583889723,956389,36192,2,"2"
35856.861625008882,956371,36210,1,"1"
35858.173011590377,956353,36228,1,"1"
35872.133051001299,956335,36246,1,"1"
35893.180220299626,956328,36253,1,"1"
35904.784162905627,956310,36271,1,"1"
35916.921786642641,956292,36289,1,"1"
35921.999624974218,956246,36335,3,"2-1"
35937.51068856474,956228,36353,1,"1"
35947.892872427663,956210,36371,1,"1"
35953.971137493929,956196,36385,1,"1"
35957.837387195214,956182,36399,1,"1"
35960.592364506054,956110,36471,4,"1-1-1-1"
35962.89606413561,956092,36489,1,"1"
35972.260981908985,956074,36507,1,"1"
35980.212561236258,956056,36525,1,"1"
35984.259980657007,956044,36537,1,"1"
35989.228018388458,956005,36576,5,"4-1"
35990.50548890866,955998,36583,1,"1"
35998.030931864574,955980,36601,1,"1"
36012.177993853322,955962,36619,1,"1"
36014.281504210048,955944,36637,1,"1"
36022.896273178631,955926,36655,1,"1"
36023.854026570269,955588,36993,26,"5-4-3-3-3-2-2-1-1-1-1"
36028.896412049944,955510,37071,10,"10"
36035.305037104794,955505,37076,1,"1"
36091.379785599434,955442,37139,7,"2-2-2-1"
36100.983022262953,955388,37193,3,"2-1"
36133.850533265511,955378,37203,1,"1"
36138.205099413601,955369,37212,1,"1"
36138.285154517791,955351,37230,1,"1"
36139.381473520203,955333,37248,1,"1"
36141.910997779691,955259,37322,6,"2-1-1-1-1"
36145.446754759214,955243,37338,1,"1"
36153.703836792673,955225,37356,2,"2"
36162.158668685101,955158,37423,7,"7"
36163.417169089982,955140,37441,1,"1"
36166.014441853513,955122,37459,1,"1"
36168.637742471597,955117,37464,1,"1"
36178.443419090378,955099,37482,1,"1"
36203.704175642742,955081,37500,1,"1"
36231.945589362374,955067,37514,2,"1-1"
36235.533472431875,955055,37526,1,"1"
36239.110940882492,955037,37544,1,"1"
36242.096586396066,954983,37598,6,"5-1"
36266.135415454897,954936,37645,5,"3-1-1"
36285.780704095363,954918,37663,1,"1"
36295.755405107775,954900,37681,1,"1"
36297.459714965058,954874,37707,2,"2"
36326.377788476122,954856,37725,1,"1"
36330.990236142869,954838,37743,1,"1"
36332.520904999728,954825,37756,1,"1"
36343.632907318861,954807,37774,1,"1"
36347.357713014331,954771,37810,2,"1-1"
36354.680121431629,954753,37828,1,"1"
36365.561757702453,954735,37846,1,"1"
36386.080406982124,954724,37857,1,"1"
36401.172604484804,954706,37875,1,"1"
36401.864208455445,954688,37893,1,"1"
36416.72396587683,954619,37962,7,"6-1"
36420.475543592467,954609,37972,1,"1"
36428.428670682006,954591,37990,1,"1"
36428.670387384467,954586,37995,1,"1"
36438.447880095853,954568,38013,1,"1"
36438.75740440064,954558,38023,1,"1"
36444.026968091937,954526,38055,3,"2-1"
36455.874311170192,954496,38085,2,"1-1"
36456.127206883924,954478,38103,1,"1"
36463.829660429103,954394,38187,12,"5-2-2-2-1"
36490.526755494364,954372,38209,2,"2"
36515.11663150313,954354,38227,1,"1"
36517.384489508666,954336,38245,1,"1"
36532.493247155209,954289,38292,7,"4-2-1"
36543.814327109627,954271,38310,1,"1"
36554.656130972144,954177,38404,12,"7-5"
36559.051000007632,954172,38409,1,"1"
36560.823670299404,954154,38427,1,"1"
36565.32270908697,954136,38445,1,"1"
36566.041391879589,954016,38565,10,"3-2-1-1-1-1-1"
36569.71566335619,954009,38572,1,"1"
36583.851270664563,953999,38582,2,"2"
36585.84752983645,953981,38600,1,"1"
36591.799604773885,953921,38660,5,"4-1"
36602.302291465989,953911,38670,1,"1"
36615.946816979114,953897,38684,1,"1"
36624.34048789613,953890,38691,1,"1"
36625.550659187553,953885,38696,1,"1"
36629.833855096513,953865,38716,2,"2"
36638.440512969428,953836,38745,3,"3"
36640.987592856822,953810,38771,2,"2"
36644.25632793369,953792,38789,1,"1"
36650.97357618907,953774,38807,1,"1"
36674.5391614252,953760,38821,2,"1-1"
36679.05529612158,953742,38839,1,"1"
36691.616793429712,953724,38857,1,"1"
36692.893474496697,953706,38875,1,"1"
36697.602901015569,953678,38903,2,"2"
36715.155473129227,953660,38921,1,"1"
36715.871240035245,953655,38926,1,"1"
36716.763842135981,953637,38944,1,"1"
36729.081929960557,953625,38956,1,"1"
36730.913820983595,953485,39096,18,"6-3-2-2-1-1-1-1-1"
36742.155036896023,953474,39107,1,"1"
36743.145238199613,953456,39125,1,"1"
36757.682671395145,953438,39143,1,"1"
36771.905666714403,953424,39157,1,"1"
36780.509804663183,953419,39162,1,"1"
36784.160062890529,953401,39180,1,"1"
36792.923559732182,953365,39216,2,"1-1"
36795.621110854525,953347,39234,1,"1"
36798.577869466491,953329,39252,1,"1"
36801.287710090466,953293,39288,2,"2"
36810.317437107806,953275,39306,1,"1"
36820.28205852188,953221,39360,3,"3"
36852.957930477933,953182,39399,3,"2-1"
36873.656596284651,953146,39435,2,"2"
36875.383141927225,953128,39453,1,"1"
36877.506171106426,953116,39465,1,"1"
36879.433818090925,953105,39476,1,"1"
36881.299052738017,953087,39494,1,"1"
36882.212436933027,953057,39524,2,"1-1"
36884.194959070643,953044,39537,1,"1"
36893.667806713878,953015,39566,3,"3"
36901.705001046845,952997,39584,1,"1"
36903.389091270255,952944,39637,7,"4-2-1"
36908.307695621159,952926,39655,1,"1"
36925.411095051415,952908,39673,1,"1"
36925.982747421927,952890,39691,1,"1"
36935.684051291719,952872,39709,1,"1"
36935.928285482252,952854,39727,1,"1"
36945.459859921437,952818,39763,2,"2"
36946.345845991236,952806,39775,1,"1"
36948.655303732754,952788,39793,1,"1"
36952.871803793831,952764,39817,2,"2"
36962.295746317948,952746,39835,1,"1"
36968.211710348529,952728,39853,1,"1"
36970.235779849325,952707,39874,3,"3"
36970.815571699364,952689,39892,1,"1"
36987.270003592967,952671,39910,1,"1"
36991.635520402124,952629,39952,3,"1-1-1"
36997.874538795564,952611,39970,1,"1"
36997.91974792035,952593,39988,1,"1"
37001.6888104627,952575,40006,1,"1"
37006.604021731189,952557,40024,1,"1"
37010.586380058034,952532,40049,3,"3"
37022.383780495402,952487,40094,5,"3-2"
37025.499628437086,952478,40103,1,"1"
37028.323712249214,952442,40139,2,"2"
37032.808960233138,952417,40164,2,"2"
37033.280318380777,952399,40182,1,"1"
37039.412631580279,952392,40189,1,"1"
37047.763878247148,951994,40587,46,"5-5-4-3-3-3-3-2-2-2-2-2-1-1-1-1-1-1-1-1-1-1"
37049.034378249125,951980,40601,2,"1-1"
37049.590408464355,951951,40630,3,"2-1"
37076.148364452652,951941,40640,1,"1"
37080.079710418053,951923,40658,1,"1"
37100.828990554677,951905,40676,1,"1"
37115.500647382418,951887,40694,1,"1"
37127.105684289192,951869,40712,1,"1"
37130.073399596105,951827,40754,6,"4-2"
37130.4004872121,951809,40772,1,"1"
37141.540917767961,951785,40796,2,"2"
37152.842347078644,951767,40814,1,"1"
37152.96926222965,951749,40832,1,"1"
37153.519003081863,951735,40846,1,"1"
37165.516211284143,951717,40864,1,"1"
37170.095988321002,951699,40882,1,"1"
37179.327111797662,951681,40900,1,"1"
37179.813119200779,951622,40959,9,"8-1"
37185.924031186281,951606,40975,1,"1"
37190.302878839626,951558,41023,4,"4"
37196.81099045361,951540,41041,1,"1"
37197.615846064829,951516,41065,2,"2"
37197.861654845925,951462,41119,3,"3"
37241.479189585123,951448,41133,2,"2"
37248.392231092941,951415,41166,3,"2-1"
37264.5139055076,951397,41184,1,"1"
37266.172407389698,951390,41191,1,"1"
37267.368933369813,951383,41198,1,"1"
37274.475857384416,951365,41216,1,"1"
37276.073183710592,951347,41234,1,"1"
37279.227953783105,951281,41300,5,"5"
37281.207858789465,951267,41314,1,"1"
37298.824807562945,951227,41354,3,"2-1"
37299.564039922574,951209,41372,1,"1"
37303.100694500194,951154,41427,7,"3-2-1-1"
37309.135288830796,950909,41672,25,"7-6-2-2-2-2-2-1-1"
37319.811947876711,950829,41752,7,"3-1-1-1-1"
37320.766631096267,950811,41770,1,"1"
37325.514615833927,950664,41917,13,"5-4-2-1-1"
37327.879398400299,950646,41935,1,"1"
37336.706291452276,950634,41947,1,"1"
37346.225141503557,950620,41961,2,"2"
37359.716757842289,950609,41972,1,"1"
37381.09251920534,950599,41982,1,"1"
37385.082705967201,950581,42000,1,"1"
37387.247330856975,950463,42118,9,"4-2-1-1-1"
37389.053431647764,950445,42136,1,"1"
37413.093346800852,950427,42154,1,"1"
37426.937764704562,950409,42172,1,"1"
37436.330571635648,950373,42208,2,"2"
37441.859799815567,950355,42226,1,"1"
37464.009845757726,950313,42268,3,"3"
37483.173831976339,950295,42286,1,"1"
37505.296357349238,950275,42306,2,"1-1"
37516.152644622292,950261,42320,1,"1"
37527.09270338458,950237,42344,2,"2"
37532.616481916484,950219,42362,1,"1"
37533.437412642699,950131,42450,8,"4-2-1-1"
37544.644032884047,950083,42498,6,"4-1-1"
37566.952037004354,950035,42546,4,"4"
37573.183104654818,950026,42555,1,"1"
37589.262422776184,949918,42663,9,"4-2-1-1-1"
37591.403507838877,949904,42677,2,"2"
37596.628179776475,949886,42695,1,"1"
37600.201689894886,949868,42713,1,"1"
37603.895311225016,949854,42727,1,"1"
37607.287099621812,949836,42745,1,"1"
37611.617277060468,949800,42781,2,"2"
37628.667767028695,949791,42790,1,"1"
37630.828572978084,949777,42804,2,"2"
37634.056883026853,949759,42822,1,"1"
37648.034317029655,949713,42868,6,"2-1-1-1-1"
37648.218121973587,949681,42900,2,"2"
37648.749181175081,949663,42918,1,"1"
37649.330054863975,949645,42936,1,"1"
37649.549970969674,949627,42954,1,"1"
37652.274074423673,949609,42972,1,"1"
37664.195498517147,949591,42990,1,"1"
37673.595077456594,949573,43008,1,"1"
37700.269315786587,949555,43026,1,"1"
37701.213431343043,949519,43062,2,"1-1"
37706.341628533177,949501,43080,1,"1"
37711.261650954832,949465,43116,2,"2"
37715.448611776686,949455,43126,1,"1"
37720.040975208947,949437,43144,1,"1"
37725.686191985049,949419,43162,1,"1"
37730.9917716364,949401,43180,1,"1"
37736.724305169329,949386,43195,1,"1"
37737.228909522928,949368,43213,1,"1"
37763.5258917069,949350,43231,1,"1"
37764.049065535168,949343,43238,1,"1"
37764.151248700058,949329,43252,1,"1"
37774.714530592471,949297,43284,2,"2"
37779.450415673942,949279,43302,1,"1"
37814.662208022099,949261,43320,1,"1"
37827.801710276915,949243,43338,1,"1"
37834.1507113392,949225,43356,1,"1"
37834.706650938824,949207,43374,1,"1"
37846.350802574489,949189,43392,1,"1"
37849.591367492278,948904,43677,28,"10-4-3-2-2-2-2-1-1-1"
37859.590586036131,948853,43728,7,"3-2-1-1"
37861.485198011513,948835,43746,1,"1"
37867.375348343325,948817,43764,1,"1"
37867.9243520483,948799,43782,1,"1"
37873.101465853928,948761,43820,4,"2-1-1"
37884.228738582475,948737,43844,2,"1-1"
37889.124526602609,948719,43862,1,"1"
37895.988742192741,948701,43880,1,"1"
37908.603372782563,948687,43894,1,"1"
37914.246646952583,948669,43912,1,"1"
37918.027270115621,948651,43930,1,"1"
37945.338779849815,948633,43948,1,"1"
37947.879045358903,948624,43957,1,"1"
37954.292400781298,948617,43964,1,"1"
37963.925077394153,948599,43982,1,"1"
37970.651594098839,948509,44072,5,"2-1-1-1"
37975.036543055372,948473,44108,2,"1-1"
37996.632705455006,948463,44118,1,"1"
38022.410390401499,948379,44202,6,"3-1-1-1"
38029.609007951229,948361,44220,1,"1"
38038.909625366898,948343,44238,1,"1"
38047.737548406352,948305,44276,6,"5-1"
38049.468982703547,948274,44307,2,"1-1"
38049.721888585416,948256,44325,1,"1"
38072.191327311739,948222,44359,2,"1-1"
38077.321086981196,948204,44377,1,"1"
38078.896682923216,948142,44439,6,"4-1-1"
38093.840732222816,948133,44448,1,"1"
38098.6150616663,948115,44466,1,"1"
38114.69003190699,948079,44502,2,"1-1"
38127.325471409553,948061,44520,1,"1"
38177.352336308875,948049,44532,1,"1"
38184.877097263256,948031,44550,1,"1"
38186.617563952146,948001,44580,2,"1-1"
38202.874258747412,947983,44598,1,"1"
38235.439755486761,947931,44650,4,"1-1-1-1"
38239.007512984332,947921,44660,1,"1"
38240.28842515358,947906,44675,1,"1"
38246.531737682701,947895,44686,1,"1"
38251.533092188271,947877,44704,1,"1"
38254.088823077574,947859,44722,1,"1"
38257.211555969443,947841,44740,1,"1"
38276.35057731194,947747,44834,12,"2-2-2-1-1-1-1-1-1"
38286.749761677907,947738,44843,1,"1"
38287.755004246661,947440,45141,24,"5-4-3-3-2-1-1-1-1-1-1-1"
38288.064440709306,947422,45159,1,"1"
38288.242409671904,947386,45195,2,"1-1"
38304.115206177667,947350,45231,3,"3"
38305.665119740443,947332,45249,1,"1"
38321.184116545584,947314,45267,1,"1"
38332.325900165051,947280,45301,3,"2-1"
38338.074403549588,947262,45319,1,"1"
38368.100433695508,947255,45326,1,"1"
38377.840984399147,947170,45411,9,"2-2-2-1-1-1"
38383.433747958377,947152,45429,1,"1"
38387.081312447452,947134,45447,1,"1"
38397.574583437374,947116,45465,1,"1"
38397.985809716498,947101,45480,1,"1"
38403.069457378835,947084,45497,1,"1"
38407.651210668628,947066,45515,1,"1"
38441.826936457794,947055,45526,1,"1"
38441.965596795177,947037,45544,1,"1"
38445.579308496381,947021,45560,1,"1"
38446.019296230217,946985,45596,2,"2"
38460.534595111771,946967,45614,1,"1"
38477.813460456564,946949,45632,1,"1"
38485.050545761798,946931,45650,1,"1"
38490.483135841692,946913,45668,1,"1"
38502.309548470672,946895,45686,1,"1"
38506.030059613498,946886,45695,1,"1"
38507.222724576677,946858,45723,2,"2"
38508.801195686181,946838,45743,2,"2"
38519.930539997644,946716,45865,8,"3-2-2-1"
38528.087535677201,946680,45901,2,"1-1"
38534.675405703252,946662,45919,1,"1"
38536.470649830997,946644,45937,1,"1"
38548.938232071807,946610,45971,3,"2-1"
38568.070449751198,946534,46047,5,"2-1-1-1"
38578.406095007536,946516,46065,1,"1"
38597.135459476049,946498,46083,1,"1"
38601.855233536611,946462,46119,2,"1-1"
38601.961947112395,946444,46137,1,"1"
38628.324197164286,946426,46155,1,"1"
38640.70387143211,946354,46227,8,"6-2"
38656.145071590319,946336,46245,1,"1"
38658.958108391715,946318,46263,1,"1"
38665.79664351204,946266,46315,6,"3-2-1"
38667.399337722796,946248,46333,1,"1"
38674.460049274989,946228,46353,2,"2"
38692.507590288769,946221,46360,1,"1"
38694.306683982519,946203,46378,1,"1"
38700.479977496638,946183,46398,2,"1-1"
38700.965733558754,946027,46554,16,"5-4-4-1-1-1"
38707.013872240452,946009,46572,1,"1"
38709.876067293677,945973,46608,2,"2"
38710.142810808655,945959,46622,1,"1"
38712.326779022413,945933,46648,2,"2"
38723.515917470977,945915,46666,1,"1"
38724.272964451047,945897,46684,1,"1"
38753.330631356432,945881,46700,1,"1"
38756.411093984832,945863,46718,1,"1"
38765.855763386302,945858,46723,1,"1"
38784.452641193944,945840,46741,1,"1"
38801.008480716329,945822,46759,1,"1"
38801.393138181738,945786,46795,2,"2"
38802.11878546128,945768,46813,1,"1"
38803.937937022885,945750,46831,1,"1"
38831.833100246127,945713,46868,3,"2-1"
38850.810812274569,945677,46904,2,"2"
38854.957908973323,945543,47038,14,"3-2-2-2-1-1-1-1-1"
38864.060034134513,945534,47047,1,"1"
38865.068079414516,944912,47669,47,"5-4-3-3-3-3-3-2-2-2-2-1-1-1-1-1-1-1-1-1-1-1-1-1-1-1"
38867.438011368249,944894,47687,1,"1"
38868.127433274312,944876,47705,1,"1"
38870.829146570773,944862,47719,1,"1"
38883.573743465917,944763,47818,8,"6-1-1"
38889.775227724633,944750,47831,1,"1"
38890.760108082832,944714,47867,2,"2"
38891.506439974466,944696,47885,1,"1"
38912.245202425685,944678,47903,1,"1"
38913.703814023989,944628,47953,4,"2-1-1"
38919.622386518255,944505,48076,13,"7-4-1-1"
38936.085830180804,944373,48208,9,"2-2-1-1-1-1-1"
38937.006918440311,944355,48226,1,"1"
38938.579828830247,944337,48244,1,"1"
38938.796943285102,944319,48262,1,"1"
38948.277280340495,944301,48280,1,"1"
38954.12697326747,944283,48298,1,"1"
38970.715415866602,944265,48316,2,"2"
38974.733107741071,944248,48333,1,"1"
38996.346161346621,944230,48351,1,"1"
39012.354205055271,944212,48369,1,"1"
39012.35837490351,944194,48387,1,"1"
39014.883635152539,944176,48405,1,"1"
39022.248681082914,944158,48423,1,"1"
39042.179013584195,944140,48441,1,"1"
39046.413885476199,944122,48459,1,"1"
39050.062217324637,944104,48477,1,"1"
39053.259522243075,944086,48495,1,"1"
39061.859637199479,944068,48513,1,"1"
39070.340938935689,944032,48549,2,"2"
39073.466711694688,944014,48567,1,"1"
39095.333218439977,943938,48643,7,"2-1-1-1-1-1"
39099.288415807234,943923,48658,1,"1"
39103.15815891388,943905,48676,1,"1"
39119.690146898924,943887,48694,1,"1"
39120.996854699246,943861,48720,4,"3-1"
39121.972067181254,943843,48738,1,"1"
39125.856790145888,943807,48774,2,"1-1"
39127.100427652498,943793,48788,1,"1"
39128.359239961661,943775,48806,1,"1"
39131.672042835489,943739,48842,2,"1-1"
39132.807933929129,943703,48878,2,"2"
39133.147889388434,943691,48890,1,"1"
39135.410278043215,943659,48922,2,"2"
39136.377845384624,943641,48940,1,"1"
39167.804091108243,943623,48958,1,"1"
39178.478847705504,943605,48976,1,"1"
39188.321380065638,943581,49000,2,"1-1"
39221.565830888037,943563,49018,1,"1"
39227.928359015932,943535,49046,2,"1-1"
39235.368099867832,943497,49084,3,"2-1"
39249.77277125846,943479,49102,1,"1"
39250.840244701554,943461,49120,1,"1"
39255.549633879833,943442,49139,3,"1-1-1"
39259.421344869457,943418,49163,2,"2"
39279.420747383636,943403,49178,1,"1"
39284.195588250303,943385,49196,1,"1"
39288.129231942112,943367,49214,1,"1"
39288.790052177668,943349,49232,1,"1"
39294.695023501408,943313,49268,2,"1-1"
39309.395604617144,943295,49286,1,"1"
39320.221296994147,943212,49369,7,"2-2-1-1-1"
39321.539769403498,943194,49387,1,"1"
39330.283347041295,943178,49403,1,"1"
39332.161032867662,943162,49419,2,"2"
39341.74246277054,943144,49437,1,"1"
39344.168736596293,943126,49455,1,"1"
39356.838568361258,943108,49473,1,"1"
39361.317388728959,943090,49491,1,"1"
39367.762585950411,942876,49705,16,"5-4-3-2-1-1"
39377.146128644708,942828,49753,5,"1-1-1-1-1"
39382.493860345239,942774,49807,3,"3"
39386.196771237897,942744,49837,3,"3"
39389.348737210552,942726,49855,1,"1"
39407.508515430243,942713,49868,1,"1"
39408.302334041859,942695,49886,1,"1"
39419.455015959691,942677,49904,1,"1"
39423.306993989558,942564,50017,9,"2-2-1-1-1-1-1"
39429.025411809227,942554,50027,1,"1"
39440.566469007419,942518,50063,2,"2"
39445.256576338987,942508,50073,1,"1"
39445.831323882674,942490,50091,1,"1"
39479.029207009618,942472,50109,1,"1"
39480.287624824843,942436,50145,2,"1-1"
39484.146406149615,942419,50162,1,"1"
39492.806683553346,942401,50180,1,"1"
39501.281535046284,942383,50198,1,"1"
39505.397317427414,942365,50216,1,"1"
39509.240542395171,942355,50226,1,"1"
39513.341249491357,942346,50235,1,"1"
39522.609530837784,942328,50253,1,"1"
39524.647404394454,942310,50271,1,"1"
39541.627070700531,942292,50289,1,"1"
39557.442977536659,942256,50325,2,"2"
39557.874841588797,942238,50343,1,"1"
39592.608281811845,942220,50361,1,"1"
39594.443687701816,942202,50379,1,"1"
39594.670880870995,942184,50397,1,"1"
39595.917426661334,942166,50415,1,"1"
39600.681374395535,942154,50427,1,"1"
39621.450000288547,941972,50609,20,"3-3-2-2-2-2-1-1-1-1-1-1"
39637.63048010553,941963,50618,1,"1"
39642.543424490752,941934,50647,2,"2"
39660.190045898788,941916,50665,1,"1"
39664.053142209683,941898,50683,1,"1"
39665.086760166399,941862,50719,2,"2"
39675.559413069743,941844,50737,1,"1"
39675.617617994241,941826,50755,1,"1"
39713.924865053479,941810,50771,1,"1"
39718.372486170978,941800,50781,1,"1"
39733.469579801742,941793,50788,1,"1"
39737.098411986139,941775,50806,1,"1"
39743.642461597483,941739,50842,3,"2-1"
39748.184093030541,941721,50860,1,"1"
39756.274184281399,941703,50878,1,"1"
39762.615989363781,941685,50896,1,"1"
39771.38390140843,941649,50932,3,"2-1"
39771.687072655855,941625,50956,2,"2"
39774.479830559008,941589,50992,2,"2"
39774.710143108692,941571,51010,1,"1"
39778.734704781673,941559,51022,1,"1"
39785.430726105755,941529,51052,2,"1-1"
39794.542291196907,941522,51059,1,"1"
39797.801295619589,941426,51155,8,"3-3-1-1"
39798.846559403835,941408,51173,1,"1"
39808.250841961497,941398,51183,1,"1"
39820.486876404852,941380,51201,1,"1"
39829.989671363022,941230,51351,11,"4-2-2-1-1-1"
39831.748881230938,941212,51369,1,"1"
39841.201636836326,941182,51399,2,"2"
39859.80260478922,941172,51409,1,"1"
39860.688943969704,941151,51430,3,"3"
39871.978724300054,941133,51448,1,"1"
39877.047052708433,941115,51466,1,"1"
39885.192368897733,941097,51484,1,"1"
39887.776697162422,940861,51720,17,"3-3-3-2-2-1-1-1-1"
39898.251286100989,940843,51738,1,"1"
39899.819277322807,940779,51802,4,"2-1-1"
39908.155581603307,940761,51820,1,"1"
39911.85583352633,940756,51825,1,"1"
39912.861693735314,940738,51843,1,"1"
39931.725149790531,940728,51853,1,"1"
39932.057681464765,940716,51865,1,"1"
39936.35642915652,940706,51875,1,"1"
39937.720911517208,940595,51986,10,"4-2-1-1-1-1"
39941.158569315368,940577,52004,1,"1"
39946.095262171904,940559,52022,1,"1"
39953.630040273078,940537,52044,2,"2"
39954.523209255734,940525,52056,1,"1"
39959.125734654684,940343,52238,14,"4-2-2-1-1-1-1-1-1"
39969.784889482449,940325,52256,1,"1"
39971.237142175378,940315,52266,1,"1"
39974.948567748397,940297,52284,1,"1"
39978.022529792448,940279,52302,1,"1"
39986.332478847406,940261,52320,1,"1"
39991.397325276514,940056,52525,19,"5-3-2-2-2-1-1-1-1-1"
39997.707706302353,940051,52530,1,"1"
40020.789055501147,940033,52548,1,"1"
40025.058003021149,939993,52588,3,"2-1"
40039.780734193133,939957,52624,2,"2"
40041.436656846061,939939,52642,1,"1"
40043.593773602493,939887,52694,4,"4"
40056.71648841093,939859,52722,2,"1-1"
40067.003878391726,939841,52740,1,"1"
40071.033777075958,939826,52755,1,"1"
40080.213591630651,939746,52835,8,"3-1-1-1-1-1"
40080.45202752763,939719,52862,3,"2-1"
40083.633814591347,939701,52880,1,"1"
40084.28221612599,939683,52898,1,"1"
40090.741339345746,939665,52916,1,"1"
40091.305780202703,939647,52934,1,"1"
40096.595698535864,939629,52952,1,"1"
40099.857479232662,939578,53003,4,"3-1"
40106.042722683604,939540,53041,3,"2-1"
40117.331236291619,939504,53077,2,"1-1"
40118.655007406254,939484,53097,2,"2"
40130.167679093815,939466,53115,1,"1"
40140.801167414764,939444,53137,2,"2"
40151.244152412408,939408,53173,2,"2"
40152.090758432445,939403,53178,1,"1"
40152.526245762674,939385,53196,1,"1"
40153.83547767788,939367,53214,1,"1"
40176.27360053287,939349,53232,1,"1"
40177.394158987423,939099,53482,20,"4-2-2-2-2-2-1-1-1-1-1-1"
40190.853359178538,939081,53500,1,"1"
40195.624469515038,939057,53524,2,"2"
40201.749029603845,939033,53548,2,"2"
40203.897344186415,939006,53575,3,"2-1"
40205.891400680608,938990,53591,1,"1"
40223.836868253748,938980,53601,1,"1"
40253.26200223987,938962,53619,1,"1"
40257.602763562303,938926,53655,2,"1-1"
40258.19211258112,938795,53786,13,"6-2-1-1-1-1-1"
40266.213721617809,938777,53804,1,"1"
40277.343149368717,938766,53815,1,"1"
40289.181170448108,938748,53833,1,"1"
40296.695991564324,938606,53975,9,"3-2-1-1-1-1"
40296.764098725376,938595,53986,1,"1"
40307.898259206049,938443,54138,14,"4-3-3-2-1-1"
40307.909312512566,938389,54192,3,"3"
40316.956011532369,938384,54197,1,"1"
40321.316673449401,938336,54245,4,"3-1"
40323.369661161538,938318,54263,1,"1"
40327.712839145002,938311,54270,1,"1"
40333.986391465129,938257,54324,3,"2-1"
40334.935908245308,938221,54360,2,"2"
40335.127299669599,938203,54378,1,"1"
40344.170279144506,937901,54680,23,"4-3-3-2-2-2-1-1-1-1-1-1-1"
40361.57604700786,937891,54690,1,"1"
40366.236320641772,937871,54710,2,"2"
40393.007203742469,937855,54726,2,"1-1"
40399.16291196469,937837,54744,1,"1"
40404.086253270303,937825,54756,1,"1"
40412.006379886043,937807,54774,1,"1"
40425.349301613365,937789,54792,1,"1"
40426.211188815258,937709,54872,7,"4-2-1"
40428.269300665692,937641,54940,10,"3-2-2-1-1-1"
40433.100834447512,937623,54958,1,"1"
40445.532710336018,937613,54968,1,"1"
40451.963994506412,937595,54986,1,"1"
40483.905154493637,937577,55004,1,"1"
40489.668900603174,937273,55308,21,"4-3-2-2-2-2-1-1-1-1-1-1"
40493.999950972269,937255,55326,1,"1"
40494.731806733485,937227,55354,2,"1-1"
40497.188335052291,937209,55372,1,"1"
40501.226337085689,937191,55390,1,"1"
40503.570596500889,937173,55408,1,"1"
40504.858143852529,937155,55426,1,"1"
40514.069354947707,937017,55564,9,"5-2-1-1"
40514.283187794412,936999,55582,1,"1"
40514.364833219122,936981,55600,1,"1"
40528.183153588499,936957,55624,2,"1-1"
40536.413319802094,936939,55642,1,"1"
40539.845878217966,936929,55652,1,"1"
40540.014249389817,936816,55765,11,"3-2-2-1-1-1-1"
40554.224207005711,936798,55783,1,"1"
40555.437710183818,936739,55842,5,"2-1-1-1"
40572.708138709117,936587,55994,9,"5-3-1"
40572.72858384595,936569,56012,2,"2"
40585.564309722067,936419,56162,11,"4-2-2-2-1"
40585.62007049712,936355,56226,4,"2-1-1"
40588.931618543618,936337,56244,1,"1"
40591.710518014625,936301,56280,2,"1-1"
40601.691747909113,936283,56298,1,"1"
40603.668338352851,936269,56312,1,"1"
40608.456551621581,936251,56330,1,"1"
40609.391209865935,936237,56344,1,"1"
40614.251691721518,936219,56362,1,"1"
40618.591749738276,935743,56838,37,"4-4-4-3-2-2-2-2-2-1-1-1-1-1-1-1-1-1-1-1-1"
40622.385452452385,935725,56856,1,"1"
40650.707920673296,935707,56874,1,"1"
40652.383630237135,935689,56892,1,"1"
40653.352235468323,935682,56899,1,"1"
40654.155912552087,935664,56917,1,"1"
40659.311378913531,934821,57760,89,"12-6-6-5-4-4-3-3-3-2-2-2-2-2-2-2-2-2-2-2-2-2-2-2-2-2-1-1-1-1-1-1-1-1-1"
40668.210011941628,934779,57802,3,"2-1"
40669.28143883586,934761,57820,1,"1"
40686.732419210777,934743,57838,1,"1"
40695.04333774827,934725,57856,1,"1"
40701.149775542573,934689,57892,2,"1-1"
40703.215726530354,934680,57901,1,"1"
40711.705022379974,934575,58006,7,"4-2-1"
40724.496664867394,934553,58028,2,"1-1"
40735.826209216924,934535,58046,1,"1"
40738.02571479795,933789,58792,52,"9-6-4-4-4-3-2-2-2-2-1-1-1-1-1-1-1-1-1-1-1-1-1-1"
40739.27453917775,933771,58810,1,"1"
40746.788903378627,933744,58837,2,"1-1"
40751.426381179328,933726,58855,1,"1"
40775.785467206682,933716,58865,1,"1"
40781.823820513513,933698,58883,1,"1"
40787.47435215205,933636,58945,5,"2-1-1-1"
40795.12864936902,933600,58981,2,"1-1"
40811.556356542176,933552,59029,4,"2-2"
40812.526773306141,933534,59047,2,"2"
40822.207588378042,933430,59151,7,"3-2-1-1"
40825.075281812293,933315,59266,11,"4-2-1-1-1-1-1"
40847.860268048622,933301,59280,1,"1"
40848.827643792589,933292,59289,1,"1"
40849.709104166235,933238,59343,3,"2-1"
40862.968686301931,933220,59361,1,"1"
40874.201809799844,933211,59370,1,"1"
40881.932158582029,933141,59440,6,"2-2-2"
40902.452430826983,933108,59473,3,"2-1"
40908.910464240158,933090,59491,1,"1"
40909.303334190889,933014,59567,8,"3-2-1-1-1"
40912.045618306467,932988,59593,2,"2"
40914.94786714021,932858,59723,10,"4-3-2-1"
40917.004761202072,932849,59732,1,"1"
40921.45625449354,932832,59749,1,"1"
40942.266805314801,932814,59767,1,"1"
40968.537117324617,932801,59780,1,"1"
40969.821483042935,932783,59798,1,"1"
40971.112672039446,932765,59816,1,"1"
40973.882462294874,931933,60648,61,"8-7-6-4-4-2-2-2-2-2-2-2-2-1-1-1-1-1-1-1-1-1-1-1-1-1-1-1-1"
40975.892935116637,931897,60684,2,"1-1"
40978.090879846692,0,992581,52568,"52568"
