ts,replicate,xmin,alpha,ks,n_tail,tail_fraction,centered_ks
64,0,6,2.5886379142350076,0.006914041920034308,290629,0.008154232609242768,0.003235939173519664
64,1,5,2.5994466221453423,0.006643211576598029,390085,0.011080130117144855,0.003297884620171887
64,2,5,2.5837170594016468,0.006792100828580672,400095,0.011246159786175814,0.004981422369613964
64,3,6,2.5128682012815724,0.010674850491756538,293078,0.008243723112187042,0.003004402334605194
64,4,6,2.482411764951216,0.009388804842429432,287423,0.00830507094965221,0.006015999032679131
64,5,6,2.526794460556234,0.009294340494068187,294052,0.00816798700308637,0.002545209226660683
64,6,5,2.5419772822181206,0.007780816116893796,410543,0.011715131985318268,0.004221623176564493
64,7,7,2.483701435949356,0.006314192744139024,221163,0.006250780595065901,0.004632667321395695
64,8,7,2.5014888561830073,0.007328280718278957,236710,0.006470818810485214,0.007157400973156092
64,9,5,2.544127686676572,0.010363617238515088,418089,0.011606734715032868,0.005514992708551381
64,10,6,2.513711293464952,0.007772788542484088,293187,0.00819868039575879,0.0033042788229126208
64,11,5,2.5338362379926433,0.010175730392575022,403432,0.011551218475283943,0.002794070592173181
64,12,5,2.560389438003708,0.010092341728027865,402170,0.011520845577412737,0.004719676812149187
64,13,6,2.5538959153209992,0.007936776808417423,278217,0.008015741008390632,0.005177424676807207
64,14,5,2.518468494934565,0.006142672635803259,412228,0.011820406146457501,0.003667955942945389
64,15,5,2.557823070646226,0.006616127075874723,421877,0.0118061788216724,0.003204341585841375
64,16,6,2.570807695977962,0.006500316384845384,301461,0.00850128240740088,0.004486298980917847
64,17,5,2.5696030658531965,0.00753400590666331,420785,0.01185517140982932,0.001528737342088915
64,18,5,2.5509741125270238,0.007474401022253163,391523,0.01147428752963284,0.0057073495766066795
64,19,5,2.52979623718787,0.007382209520426453,412668,0.011904015674018718,0.005878947079379748
64,20,1,3.6464192377266285,0.011174806739599474,35824886,1.0,0.005903229421529432
64,21,5,2.534271306967223,0.008040908605497,447191,0.012209442790715428,0.0032614526969270696
64,22,6,2.539140467358223,0.008352562566938726,282445,0.008110525169893313,0.0014621065039486236
64,23,6,2.4982066410811155,0.008861352532052669,292830,0.008494578661443191,0.004888918187270719
64,24,6,2.5234727661957645,0.008099000189755068,273408,0.007873111501997132,0.00205830329600154
64,25,5,2.533950401222628,0.009201401981372093,422641,0.011913982176821806,0.00482931770170647
64,26,5,2.570871044241118,0.008031377282872398,400418,0.01141291036853065,0.0022654592853302846
64,27,1,3.652410006212641,0.011022292568171665,34624251,1.0,0.004594087876615305
64,28,6,2.5583508653258424,0.006271661371171078,304874,0.008597730451164406,0.0028707547080312756
64,29,5,2.5310951672352933,0.008935015155085102,426005,0.011958754123546179,0.005969587315766467
64,30,5,2.561699609322031,0.007750652659267998,417968,0.011802326394041232,0.0071279349219836585
64,31,5,2.5503981173051895,0.01015761253109626,406491,0.011417190338298418,0.004427112446750758
64,32,6,2.5366183637769146,0.006325320416264102,291064,0.0084140074155913,0.002473016880051526
64,33,6,2.570629056541116,0.007734792782745248,292754,0.008216677519643063,0.003093795981826908
64,34,6,2.529727572842267,0.008684364997282423,278643,0.008162317285752903,0.004812502724752532
64,35,5,2.5519861032279874,0.006983145063981233,407207,0.011618068056342896,0.004971414449589151
64,36,6,2.5778577301810714,0.006770933352694519,306602,0.008418872936092165,0.004629692401282304
64,37,6,2.56022737802208,0.008843724586004242,294438,0.008090943659840833,0.0015891304712237764
64,38,1,3.665174701512803,0.011173377008545482,34492288,1.0,0.008459921353923983
64,39,6,2.513353081505158,0.0058369682301219195,313576,0.008546595990865453,0.002807774385707784
64,40,6,2.489161995967502,0.009402327478249872,315395,0.008731079189845987,0.0033523600894930228
64,41,5,2.559700584882712,0.006456964644625307,423592,0.011956224601187036,0.00688993176572722
64,42,5,2.5850447278365056,0.006298935444425613,432100,0.011710283837930213,0.0032670532771784666
64,43,5,2.5252056677787578,0.00843426515715684,407740,0.011630800278301712,0.0029744311767112563
64,44,5,2.5426507161249536,0.007457178449676305,413351,0.011823600375573963,0.005237200073733406
64,45,5,2.5650206663881363,0.007307733019901175,396966,0.011616902267087791,0.003155585558675733
64,46,6,2.559899362519575,0.006642561799590108,300572,0.00845600179421227,0.0022663865500414104
64,47,5,2.5666598699410956,0.006565684888482581,424528,0.011504340603578982,0.0036628280979210115
64,48,1,3.626660531781942,0.011842646021815506,34504702,1.0,0.005812298036625196
64,49,5,2.539261823902094,0.01166002387351206,414984,0.011689341436265323,0.0064820493829809145
64,50,7,2.4985289891307567,0.008054379334480055,222266,0.006232010483267506,0.0065717754899430325
64,51,5,2.5558027691743264,0.008488656360700064,415902,0.011544742072576856,0.003096752675206371
64,52,5,2.5603398569602422,0.008087602458389909,427613,0.011833704970295563,0.003024821203558792
64,53,5,2.5531957847105176,0.010867028228132902,410899,0.01155303182068099,0.004808858014180628
64,54,6,2.595024796913949,0.006336659676034473,280175,0.007837629000225974,0.0028813807525548407
64,55,5,2.5297417739989747,0.009302677705425755,428699,0.01195735395719051,0.0034393404636227087
64,56,5,2.5444424630242017,0.008149152124934056,426115,0.011806177048131293,0.004289957185189375
64,57,7,2.5153199693024493,0.008246335398399918,209171,0.005906043838633999,0.007663940535670211
64,58,5,2.54663317833903,0.006219865724385931,418136,0.01203555701495988,0.0031843151835932726
64,59,6,2.497862822361809,0.00744972662886334,298260,0.008391087588032429,0.006870980871173216
64,60,6,2.52430235698043,0.00886799271164107,277721,0.008065318506040748,0.005184757583834743
64,61,6,2.536358976901126,0.006020244748552117,290796,0.008195302493959545,0.006105372832697076
64,62,6,2.5386382961232123,0.0054727782776746725,296582,0.008585042905530834,0.0036933223689624706
64,63,6,2.515703565782721,0.007468185545364325,288732,0.008310398800533936,0.0017820374045084408
64,64,4,2.556004015035605,0.006270155650210385,650736,0.01848243227963546,0.009360016592302733
64,65,6,2.4898372387243506,0.011431857561866487,288118,0.008290887036973463,0.004236457966007912
64,66,5,2.539953774102276,0.008570466607906835,409222,0.011392382791990395,0.007818513117528458
64,67,7,2.5319652408221853,0.00818513875294724,227545,0.006298869910017884,0.005961044190455234
64,68,5,2.603074106346691,0.0045526867846442665,402603,0.011257338606030868,0.005112299451795255
64,69,6,2.5364693953481434,0.004638350675109648,289149,0.008267729537513075,0.0034701741733219604
64,70,5,2.564733601131408,0.009320397006074843,408022,0.011492270259512454,0.004800733722431949
64,71,5,2.550870913949505,0.006844898210666361,411404,0.01158334249330121,0.003196921284283283
64,72,6,2.5344372842222436,0.007855623964240332,288419,0.008328349839262464,0.004531559556386067
64,73,5,2.576000252518498,0.005112232052337129,418346,0.011877722483211893,0.005033910677029685
64,74,5,2.517478907949927,0.008562816300634046,420928,0.012118249085052445,0.003938643965220062
64,75,6,2.5373508588651963,0.008434974891282754,287022,0.008167084256280646,0.0030892947898638057
64,76,6,2.611475313390609,0.0035810062088160732,295560,0.008376356297480472,0.006906481881852611
64,77,6,2.509907076755838,0.0076126555885018266,288234,0.008165408373253278,0.006915681576457167
64,78,6,2.5337185554286177,0.010962446746719423,298252,0.00813950502262085,0.0034537802367741177
64,79,5,2.5797676149729507,0.008081638855627293,415514,0.011408838666307491,0.0017306101264332463
64,80,6,2.4938443197317794,0.006934020355502835,307945,0.008825233579454214,0.0030373580698018765
64,81,6,2.510150844766408,0.00999098900580897,290053,0.008270478017849962,0.004037026302673108
64,82,5,2.558575044313412,0.005477765012675273,437907,0.012256432144981283,0.005289118992655717
64,83,6,2.5633128832319856,0.007047566633636371,302006,0.008509826301271001,0.0017396360254828824
64,84,5,2.564244429965684,0.007413479553959823,413799,0.011661333430201355,0.004320176037738099
64,85,6,2.532877689092861,0.007045989215815118,298613,0.008414928662208583,0.0038723041275653403
64,86,6,2.5491992778147328,0.009715505086593024,285962,0.008163268568601308,0.009012593263592272
64,87,6,2.514632328359401,0.004926818191619553,296989,0.008628945466327954,0.005067270890068198
64,88,1,3.626245653885261,0.011457348794510325,35780997,1.0,0.013533131791144182
64,89,7,2.52492622629958,0.008613930442165407,227086,0.00626179449718399,0.00841421417464272
64,90,5,2.549559088830932,0.006912183025001739,423421,0.012000975222191259,0.00680703217291434
64,91,6,2.5084347851439417,0.007562719384825223,290921,0.008217755188287552,0.0020213096305878864
64,92,6,2.5343463948815996,0.008564237796747975,273125,0.00786924363927416,0.006945734202625009
64,93,6,2.5316416769140795,0.006016208034827497,310064,0.008800328303697154,0.003128892675345052
64,94,6,2.5081471100827124,0.006945377841101608,295426,0.008404865129434343,0.004306264315845187
64,95,6,2.5206506814794434,0.008269404792819901,302045,0.008554588011528507,0.0024615874585898756
64,96,5,2.5376269371551254,0.009464142605090098,409285,0.011810493186815521,0.004791873488357523
64,97,5,2.56444478533634,0.008228702528095044,393316,0.011394818543810121,0.0059281995321097125
64,98,5,2.5863257116028335,0.005663010544878833,434684,0.01187752879832938,0.002581764595474434
64,99,6,2.534818331450926,0.007461320154058537,299638,0.008395904214993968,0.006678871280555887
64,100,6,2.547210486354841,0.008792982232808,290922,0.00813906207606429,0.005229889586616077
64,101,1,3.637632159649632,0.011583364567338661,34335078,1.0,0.007549954471837483
64,102,6,2.5430469097708785,0.007242584623386117,291090,0.008302410711008254,0.003910090622378015
64,103,6,2.537363517919706,0.0071008181790060965,305131,0.008446759677699305,0.003027424007836288
64,104,6,2.5188254825939196,0.006266196818938474,305107,0.008504686334238714,0.002423013129080276
64,105,5,2.5229243399008006,0.010759305984508472,411611,0.011620477116247316,0.006431127270767778
64,106,1,3.64176418070661,0.011284723637942196,35216866,1.0,0.003983473673286664
64,107,5,2.519429664165996,0.0069703770989529845,416597,0.011681630486953367,0.006835100588703513
64,108,5,2.510008417833435,0.010268631679455242,435469,0.01203220938142581,0.004309644287228687
64,109,6,2.631139966513096,0.003921292456632197,299485,0.008181522296133708,0.005995426720036612
64,110,1,3.6427530458853794,0.011169826678434247,34693558,1.0,0.01145369231214488
64,111,5,2.5557462555986805,0.006917594147545558,424052,0.012012224338739446,0.0029791662048569423
64,112,6,2.500004203622179,0.009439160557204507,290816,0.008147481472713531,0.005080448017427158
64,113,5,2.5257102360382278,0.007307396342917882,406911,0.01155482476995545,0.0016873956403709034
64,114,5,2.5070307790063535,0.01082689138603432,412690,0.011826285509268328,0.005358333688830319
64,115,5,2.4933596699202356,0.008765425636793833,425382,0.012214440554807155,0.00674095382371992
64,116,5,2.5920488978145593,0.006880599774113039,399786,0.011316987347572704,0.005017405822142329
64,117,6,2.551581230261945,0.009778460486545182,286045,0.008105641262218181,0.002464814035519458
64,118,7,2.556856357652095,0.008510067872151916,216185,0.006047984998613651,0.007975937587523685
64,119,5,2.5853391014531533,0.0035784543697268134,427837,0.011955620929156441,0.0065599137766780835
64,120,6,2.5360508479609587,0.008757806742905383,290609,0.008191152003342653,0.005809278189045086
64,121,6,2.5226034275766094,0.009969416489287397,293502,0.008316342797144162,0.003842494808501906
64,122,5,2.519212470145896,0.0087454846017061,396864,0.011506272299048964,0.003305336644995216
64,123,6,2.52752214221244,0.008355550899614594,280596,0.007965281776995103,0.003876939600821916
64,124,6,2.5392483061224205,0.009706100768696935,298388,0.00834296233040164,0.0038936026186494055
64,125,5,2.568012876844567,0.008841528761184603,419955,0.011619430511085336,0.0033557726508673946
64,126,5,2.524588677056675,0.009989271338006533,391750,0.011326470990544197,0.004685787427534338
64,127,5,2.5323203868482054,0.007783958536714319,405655,0.011522071446642218,0.00473329191498606
64,128,6,2.5070018159778082,0.009256185945204498,314788,0.008715162971039223,0.0027362675256191737
64,129,4,2.6103100057688593,0.007740044547341451,660649,0.01795342152811581,0.004652717923617766
64,130,6,2.474201112928152,0.0072556248888066,288309,0.008236224337805952,0.002665247370982615
64,131,5,2.5362778726515463,0.0050976642579203535,414858,0.011844544105907625,0.004395237671246333
64,132,1,3.615193468905025,0.011483733406354002,34955521,1.0,0.005176549306217082
64,133,5,2.577390928288118,0.0067394236796598506,386930,0.011171253031003208,0.0021438198610576054
64,134,5,2.5404426003800182,0.007732765036781886,386434,0.011067874902659817,0.0019593677905058726
64,135,6,2.519803610776708,0.007399420173626936,284759,0.008301987941842032,0.0033612243142077114
64,136,6,2.5678973848545246,0.009198547581842909,290275,0.008060098918676399,0.003201497013339466
64,137,5,2.5982196820042662,0.005884570856144911,403657,0.011173380285167733,0.005350173522084722
64,138,5,2.5820787498953877,0.007599127330278621,402032,0.011167587817475916,0.0019241372527596945
64,139,6,2.600484540133926,0.006440523919988506,292977,0.008037939859692644,0.00767929157778513
64,140,5,2.537825020618198,0.0067034453486809475,415453,0.011938576989371539,0.005506334631954046
64,141,5,2.5425924044380026,0.01106085337028917,414362,0.011799035904165388,0.00552400062818259
64,142,5,2.549484920652266,0.010341143920162277,397470,0.011386436673269771,0.0038852878282822356
64,143,5,2.57115037767783,0.005448017968747498,431795,0.011819136109138038,0.0025201636378490433
64,144,5,2.520846838406522,0.006770917617157757,457371,0.01261392205271255,0.008084142418528117
64,145,5,2.5130577567459875,0.011174429529879126,405733,0.011472563772878792,0.005309444860217005
64,146,5,2.519858623934247,0.008130880452828615,438474,0.01193336362981703,0.0019411578886439074
64,147,6,2.5147187519644922,0.005368607417236992,286258,0.008133304617769517,0.00430752379208077
64,148,6,2.5355980765415627,0.007319686658069813,286568,0.008080200176746625,0.0020589641504885625
64,149,5,2.5462669374900893,0.009225389502842019,429939,0.011977328213849822,0.0034458283937123246
64,150,5,2.5446544943257114,0.008626541192774173,435046,0.011938340245084401,0.006158496023173532
64,151,5,2.5473068935410685,0.010962133781089234,383395,0.011009357932706217,0.005623317587879484
64,152,6,2.5363462217028823,0.00528583824444584,295827,0.00827334586359555,0.0029245996509671968
64,153,1,3.6638035453182733,0.01078213404685302,36023181,1.0,0.006784928980041238
64,154,6,2.5084099636055055,0.008716097372663212,292353,0.008453680537432852,0.001841083726415893
64,155,5,2.5668973192589823,0.008213675777080931,365734,0.010696250968919473,0.0038988614700079527
64,156,6,2.5091582475957206,0.009019779012145346,288075,0.008219156038826428,0.005486531084704038
64,157,5,2.5405597502582635,0.007238516173790677,423717,0.011877326630644986,0.0020467113175278717
64,158,6,2.5167268378879846,0.008266426722220777,307620,0.008538113774071385,0.003062808280496654
64,159,6,2.501517578752068,0.008042138503611684,305304,0.008679307074580226,0.0036289228322635703
64,160,5,2.5536659220842632,0.008370961844205382,438186,0.012239195143582468,0.004014713880138354
64,161,1,3.6723825222205724,0.010572601862785747,35077099,1.0,0.009975578856945
64,162,5,2.513706314828688,0.0080256340678313,388909,0.011213712233277185,0.0046314912842223555
64,163,1,3.639047719475751,0.011487516520742203,33934587,1.0,0.007105883987510997
64,164,6,2.51480782964258,0.011239443012692307,265480,0.00787783948145371,0.0073434497144297395
64,165,6,2.5236863552514928,0.0053476552160505175,304766,0.008715944146872264,0.004609888825085728
64,166,6,2.532986059219075,0.0075161568343000695,309256,0.008767562106801605,0.0017587310954774171
64,167,5,2.545655881110184,0.007578506511516037,420335,0.011876485567273515,0.00249041756279611
64,168,5,2.621869796584447,0.00875464679692356,425907,0.011565730600136413,0.0020639631123381408
64,169,7,2.5363359658966442,0.006201614698192359,206443,0.005977245451768551,0.004099250197066473
64,170,5,2.5845089724608794,0.004652147055900446,421012,0.011791286510040834,0.006545435780325959
64,171,6,2.5757070837869374,0.0057054337827502355,289449,0.007983261267683384,0.0029365853089097227
64,172,7,2.563691136151112,0.006966771208918421,221800,0.006186703095878669,0.00775807984172705
64,173,5,2.557298986233338,0.007510594937805093,421752,0.011729725706775548,0.0016626220861829522
64,174,5,2.5479574565620533,0.010063620727680966,388347,0.011162097586890208,0.0034505137782218087
64,175,5,2.546230727642928,0.0061843648718111766,409459,0.011534708455207595,0.005722262276020351
64,176,5,2.5800804681211345,0.006428028919228945,404635,0.011226551722195789,0.00548080789941463
64,177,5,2.5420311932254087,0.0069395589561310755,413224,0.011794604721301286,0.005874291742457849
64,178,7,2.5573651657214125,0.005843162368987187,220606,0.006146052422116784,0.003810060409952243
64,179,5,2.523881147252285,0.008293436291938183,395188,0.011495245544824426,0.0047493070764282885
64,180,6,2.5244266290298696,0.009014861480534986,291142,0.008116659182166199,0.006013559532786705
64,181,6,2.5550902597344627,0.005469064209199015,298140,0.008364147852009738,0.003163094602317784
64,182,5,2.572228365953997,0.0035592556228667416,408744,0.011571922443455148,0.006144099213013898
64,183,6,2.5503127330075337,0.006922092424593518,296177,0.008302517910247017,0.003084554626442526
64,184,6,2.548560666423615,0.008670043979180031,293416,0.008313298498148805,0.0012428269918399737
64,185,10,2.6127273925720704,0.008532600168179472,134171,0.0037067173799214996,0.009803148327004407
64,186,6,2.559893988928636,0.005500694511804127,293119,0.008243124404531923,0.002704755596496633
64,187,6,2.5383504533795174,0.006697978199041943,296524,0.008315258107715969,0.003348134915182488
64,188,6,2.566823028371821,0.006289661900829802,299429,0.008297616716886771,0.0020748768397990114
64,189,6,2.568561912605666,0.00721383496636252,289027,0.008171387694881406,0.003949877543420355
64,190,1,3.634493834936994,0.010948711139056932,36253584,1.0,0.00973123143114929
64,191,6,2.5062298792771096,0.011453123927038122,289992,0.00828832624209354,0.004146380908365277
64,192,5,2.5649799242389872,0.008731547337977374,391407,0.011381839340970137,0.006522759033344205
64,193,5,2.5087810702452407,0.010175468621605788,413995,0.011828363008502181,0.005420648671101813
64,194,5,2.5765280910761166,0.006232724844765336,422535,0.011604460467496058,0.005644931770917905
64,195,6,2.518654796915696,0.007092175501378417,309624,0.008541278917098334,0.0034746005109890232
64,196,5,2.5690827512891725,0.010994177333446431,407532,0.011408759139413189,0.006264076025187415
64,197,5,2.56651698755014,0.009207213111160129,422478,0.011725644595717299,0.003538294582225765
64,198,5,2.5065017722383596,0.0110125766577992,416643,0.011836368161126175,0.007306718375549859
64,199,6,2.5000738685729162,0.009126067350174072,297878,0.008516208522372438,0.00716933024300781
64,200,5,2.5414644040494476,0.007471207092280496,415549,0.01195810110710326,0.005207918518135957
64,201,6,2.57375232542659,0.004755314178895964,295831,0.008217049134665684,0.003171158452859535
64,202,6,2.531886295106536,0.008252310913083982,292316,0.008297612924742216,0.0036077218493094643
64,203,6,2.502076300238489,0.009248750342338186,300340,0.008442500120169436,0.004704582666274215
64,204,6,2.5188320209259145,0.00835041335948028,265860,0.007882878909450284,0.0026926388350886343
64,205,6,2.5270115218058287,0.011052329679203998,294026,0.00818896658837797,0.006142059119966542
64,206,1,3.6367584323813884,0.01149570292990243,34911343,1.0,0.006042425070167723
64,207,5,2.5675935679563033,0.006700559307029452,420251,0.011577262998287726,0.0066428881639962745
64,208,4,2.54806885919287,0.01147364273136231,638062,0.018145314948170867,0.01162016294567314
64,209,5,2.5732848387926195,0.00885775688774626,398629,0.01127178727313255,0.0038398453451062853
64,210,6,2.501055421078101,0.00999040124557804,298094,0.00845381131348611,0.002682626609264993
64,211,5,2.563370556158791,0.0034906378351550194,412362,0.011480039899877255,0.005441499786331905
64,212,6,2.5467647257301222,0.007526830754384428,274693,0.007923906405982445,0.0031987306851416486
64,213,1,3.641961713673042,0.011250997676484187,36189531,1.0,0.007039058856371766
64,214,6,2.513720616377033,0.008638828746683425,291535,0.008101646195815318,0.0029950708053653186
64,215,6,2.536760966180592,0.009508647054273678,275678,0.007827569833415055,0.003932749353583342
64,216,5,2.603207516842749,0.004957523342435266,409334,0.011599775414355725,0.005447114102550499
64,217,5,2.580411890573953,0.007792867511463741,415443,0.011443930475814665,0.0028243950165421916
64,218,5,2.554564136522585,0.00710740246593089,407624,0.011633657488757457,0.002169359781335256
64,219,5,2.568972737901769,0.009113171068843795,402960,0.011363183893290297,0.006573004512771097
64,220,6,2.5571019473655583,0.005977584711321482,295431,0.008285025216056197,0.004846128637091329
64,221,7,2.4763382343614775,0.007292193557029036,216195,0.006303552276725464,0.007955297636991043
64,222,1,3.6442977846086726,0.011157723457090984,35706530,1.0,0.005864302301313629
64,223,5,2.548308489792179,0.008073611422645066,418333,0.01181020990730973,0.0025019298969545245
64,224,6,2.512626699340342,0.009277198690593957,291567,0.008337618666163456,0.00244945693926657
64,225,5,2.550036599188619,0.008689746270426846,426345,0.01199133947096858,0.0049700424721195735
64,226,6,2.562950986891508,0.007413987354209506,292156,0.00816651031398029,0.002151935950002959
64,227,6,2.5599864858363826,0.005396322057947489,296546,0.00837664550128664,0.003744381458819057
64,228,5,2.542573236103819,0.006047784960009628,412769,0.011573737083715134,0.0032065361153081895
64,229,6,2.5318586236554883,0.008795485863780095,279623,0.008103445712640153,0.003411299781872934
64,230,6,2.560870258958286,0.004623692816064784,280081,0.008055226305523393,0.004362555264329271
64,231,5,2.541098987767661,0.009426861593984093,393581,0.011249701201115066,0.003394303971460566
64,232,7,2.5346960032826096,0.0065130715164859465,238463,0.006403825425203449,0.004958544233340301
64,233,5,2.5556221117089737,0.007409477154886601,408742,0.011642847474374125,0.0055273216811660975
64,234,5,2.499714991262091,0.010576163864705834,438414,0.012206755906228713,0.004890415714808416
64,235,7,2.4506022590386727,0.009169379681457812,204811,0.006038329124861665,0.00964384573029009
64,236,4,2.596244092945177,0.006148160300300354,613446,0.017509241683198683,0.006094854366024971
64,237,5,2.552008119580361,0.007647661583884968,408562,0.011840770928487699,0.0034865385774220936
64,238,5,2.5965225886184027,0.010003546196537427,400894,0.011274929878673864,0.0042535251145905395
64,239,6,2.506357297652114,0.008047129861488034,290728,0.008290332740538003,0.001837577590378059
64,240,5,2.5584652522530935,0.007274326584450708,424960,0.011860246575129133,0.0068334418412189235
64,241,1,3.62659954948732,0.011172154532892109,34928944,1.0,0.006605673750686769
64,242,6,2.5847509767195733,0.005282421095002654,296284,0.008257624828905623,0.0030689828629615334
64,243,6,2.576514341221077,0.0062880324618863614,307753,0.00832219256578957,0.0018179683805027436
64,244,5,2.5666566438486944,0.00874985046876453,436012,0.011952302524407588,0.00754442520393972
64,245,6,2.538243268457574,0.0064141932558707815,298265,0.008327317213202493,0.0020279656231205756
64,246,6,2.5625049471333288,0.008049354042197532,287794,0.0080215123720193,0.0022659781661382716
64,247,5,2.580262229421241,0.00550275982515408,421231,0.011836285644527258,0.0069100118696953094
64,248,5,2.563617482199777,0.007268592335564095,412261,0.011636202269593042,0.0057481381703718415
64,249,6,2.5062508028682893,0.008320078792611652,278720,0.007975978888151634,0.003146657666729058
64,250,6,2.5188912359371494,0.009821591362724869,275736,0.00785109256169229,0.006582681478661034
64,251,5,2.5555439211774837,0.0060963962294999785,404307,0.011473763677252901,0.003973300440594102
64,252,6,2.498538742389295,0.009809326352501535,299095,0.008612699795082852,0.0021951415419438902
64,253,1,3.6550198781932144,0.010853365679922233,35717071,1.0,0.008608034539064113
64,254,6,2.567232237354917,0.0075802397786701725,295857,0.008330786193889429,0.003449994541754209
64,255,5,2.5195619473725137,0.009958604109952529,436789,0.012003365094044255,0.004830089594873632
64,256,6,2.5315592510824168,0.009227370305440463,294798,0.008336811977512288,0.006555089138517656
64,257,5,2.5482946963388926,0.005791983581567961,460236,0.012324882924109779,0.004629485559400959
64,258,1,3.6143855400664258,0.012038282218791774,35581999,1.0,0.007246845747731712
64,259,6,2.5654732185049207,0.007901750664903395,305837,0.00837483550833647,0.005855770507170233
64,260,5,2.587517336307992,0.008573144172688396,400675,0.011131858970578026,0.004023849345037855
64,261,6,2.5078158893160976,0.005854952655487966,282457,0.008485819434048776,0.005828737728253652
64,262,1,3.6270819192799135,0.012004341240956728,33258625,1.0,0.008351470497520497
64,263,5,2.5576344059042238,0.006545321691851513,405642,0.011275526687834258,0.006567396725829844
64,264,6,2.540977814473269,0.006826348967972629,278065,0.00816503636086122,0.002883687668105539
64,265,5,2.5889212271728788,0.009114728882734902,397539,0.011230245816840146,0.004062281283540914
64,266,6,2.5007461413926606,0.00994204338784499,292100,0.008292029554144582,0.00518839626924994
64,267,1,3.6413712747806986,0.011304240204083604,35369765,1.0,0.014466130942295985
64,268,5,2.5738535522427055,0.00374884215171023,422968,0.011677612656971896,0.005356203017518046
64,269,5,2.5566964065289204,0.009369598244015842,406669,0.011349244808838697,0.0036405153746768004
64,270,5,2.5491797767692574,0.009622735954156192,388386,0.01112370003179992,0.007578417142677929
64,271,5,2.5273625738378778,0.009030172881551057,404927,0.011644568097862833,0.00722438203408049
64,272,6,2.508020314737619,0.007850162896708507,286025,0.008068678424242465,0.006279457265609967
64,273,6,2.527384840265529,0.005684363211485022,299850,0.0084499197757825,0.0028873566637994674
64,274,5,2.519407579236534,0.01076481511867089,409159,0.011685087993788347,0.006235595183565756
64,275,5,2.5829334396048016,0.005993585046277394,429710,0.011603892563039305,0.002549823085603309
64,276,6,2.527393750983754,0.0069496487094218296,290052,0.00825304371746963,0.0032133364646138585
64,277,6,2.5235005381286877,0.008309967079549896,274098,0.00805187856456489,0.002462701683589974
64,278,5,2.5527259638502127,0.006005825137187504,422556,0.011740445238706494,0.0035117674714743308
64,279,5,2.5774047926357455,0.005308707580161887,408713,0.011297063716480859,0.00375988153836998
64,280,1,3.6446282677152073,0.011495120397600145,34238401,1.0,0.013629307081536202
64,281,5,2.5975284661966502,0.007737071774633453,406479,0.011395551417870471,0.008378350229228837
64,282,5,2.543775383271461,0.008587642318429567,388068,0.01121031302115752,0.0052196299387993195
64,283,6,2.5319955164339634,0.008418459591180594,287963,0.008166757112833567,0.006302218093865941
64,284,1,3.638761135102698,0.011434312063001717,35817822,1.0,0.010961281591054695
64,285,5,2.552792642849851,0.009312615433314408,434117,0.011993850525894969,0.006365778701151514
64,286,6,2.5095831755779185,0.005277430055566912,306701,0.008479341383751013,0.007594271517893159
64,287,5,2.5788153021908626,0.010517524445654791,390648,0.011045567177580604,0.005073538950943646
64,288,5,2.5699893646504384,0.006069681481409295,422282,0.011902025609301597,0.006451180919975041
64,289,5,2.526712395897166,0.008464097690708439,432467,0.011985790447119896,0.004666069166822245
64,290,6,2.5761019033489787,0.007678893709706203,295991,0.008048905987170415,0.0030190855463685384
64,291,5,2.553658625618287,0.008157242013634658,404312,0.011528259378878785,0.0028399899095538084
64,292,5,2.58240042011769,0.008454995662399045,396255,0.011188311920609813,0.0031912678794440152
64,293,7,2.508392743955386,0.009762509791570007,210796,0.006041238540451488,0.009785020210407558
64,294,5,2.603039903469814,0.007361197231090855,384736,0.010886583870535175,0.0049754850440345555
64,295,6,2.52558228604897,0.007782836703279061,290715,0.008263974862893887,0.0018801884994905649
64,296,5,2.5966294542174064,0.007140639171990371,416269,0.01151913602979226,0.0013659529449442376
64,297,5,2.5649550367129397,0.008783808946477678,408247,0.01152315005862525,0.0046716046747647955
64,298,6,2.5591108337138104,0.005886792359827364,301420,0.00822734977198324,0.004100788717915083
64,299,5,2.597723652438354,0.006089313763229853,422311,0.011770372945269163,0.0017840829931942137
64,300,1,3.6080797830387032,0.011488578391931625,35532447,1.0,0.005525834461991841
64,301,1,3.6077281610132754,0.011921352451219724,35600392,1.0,0.006906402773484865
64,302,5,2.5811175309873677,0.00875260010623613,421396,0.011563206406044229,0.00419330903869658
64,303,5,2.546869793431781,0.008726793755649442,403489,0.011640226476804925,0.004850553000943669
64,304,5,2.5380432042238548,0.006205387252013972,406160,0.011649658937132112,0.0033382468798019704
64,305,6,2.504126565164856,0.009413806712467054,288866,0.008262011114671048,0.005208966264951931
64,306,6,2.5621694672677866,0.007014283509094832,308810,0.008553852667041182,0.0024934984779063085
64,307,5,2.6000824666212834,0.008835630471066447,419379,0.011367299244906821,0.0032975536745117884
64,308,6,2.502578482554829,0.009499582035077725,281662,0.00812945852868409,0.00619836820568731
64,309,6,2.528526108472439,0.008648160423292861,297036,0.008313266597741153,0.003411670978278103
64,310,5,2.5750566195002587,0.00886629026623642,414070,0.011423750144014238,0.0036225139376482307
64,311,7,2.4488814084431345,0.007567888968172731,228018,0.006503559990176977,0.006740653837132793
64,312,5,2.5820479709535173,0.011012062593686034,398460,0.01129604240775742,0.0072703104373890715
64,313,5,2.503867347370192,0.00735200879589204,428411,0.012245549433033328,0.0023334688501222
64,314,5,2.519261804478732,0.009646634979966318,438835,0.01229448030826763,0.007831470147505626
64,315,6,2.555768530773524,0.008982666375872639,280164,0.007965213982606138,0.0019731315815141037
64,316,6,2.540481065244015,0.007018670638880398,289202,0.008259405454294289,0.0025411992865409516
64,317,5,2.53651357857137,0.008274180149093091,416463,0.011930028420912297,0.006920596358908848
64,318,5,2.5479183955780162,0.010429265601073934,420500,0.011712518367484957,0.004682474676251713
64,319,5,2.527627607451353,0.008879595574468713,432147,0.01203868116537137,0.008990587429301256
64,320,6,2.5175031004365,0.006172725304586013,286195,0.00814408115858095,0.0036030458873751448
64,321,6,2.588056882418223,0.005669870514485753,290247,0.00800663842011295,0.005139419496891562
64,322,5,2.5401084818977138,0.008386585047620632,430694,0.01186246749481633,0.0035320790303309257
64,323,5,2.5877002924232775,0.00956642484393816,387091,0.010807375810425453,0.003403422393922273
64,324,5,2.5714583816898173,0.007779091364424673,413418,0.011559002166589451,0.0032257655688904263
64,325,5,2.5544619949750076,0.007593894142984503,396615,0.011243940769976694,0.004614063742796715
64,326,6,2.562192105291891,0.0069488376222760495,302256,0.008450878124568028,0.002757024547813014
64,327,5,2.5242052406987607,0.008297338983005442,412294,0.012166202482254215,0.0032558603253491913
64,328,5,2.567834006121177,0.007854743855655655,416809,0.011644318885191171,0.001892493755781044
64,329,4,2.5981163551868023,0.007497608787285892,616870,0.017365849956263744,0.007202222965143834
64,330,6,2.5799573594158667,0.00674090534107008,293078,0.008209293023453842,0.0022092515262994716
64,331,6,2.5961924169590547,0.003816401744609066,312146,0.008588541096743925,0.006279833707133031
64,332,6,2.53677188660661,0.010608206120969688,295766,0.008315685072478486,0.004465866576052968
64,333,6,2.4986653202545104,0.010156586765590503,283505,0.007942417563712124,0.006205050916001709
64,334,1,3.6724866563778766,0.011166745625534658,34320195,1.0,0.015392724974749195
64,335,6,2.558539951852156,0.004109257967467417,291282,0.0081967402253953,0.004935355669160479
64,336,6,2.561340708802292,0.006433815632199691,288832,0.008098886089113319,0.0036576195355922936
64,337,7,2.482393250809941,0.005977052118783965,229584,0.006366844664176288,0.00490108691812674
64,338,6,2.4823870235829903,0.007716922710113927,312901,0.008713279173240822,0.0013115572346026338
64,339,5,2.569788742501293,0.0057216610108346,430898,0.011954500886312863,0.005429107957482582
64,340,5,2.5535039486942366,0.006986066960060322,434609,0.011934733135584082,0.003441934284638626
64,341,6,2.524087647011439,0.005758164890430906,304946,0.00863434546725602,0.005937714407877381
64,342,6,2.532163235917143,0.006848158385102998,294201,0.008532868704453031,0.004110377232057927
64,343,1,3.6593637844323963,0.01147578537153593,33539066,1.0,0.004926350244816247
64,344,5,2.5420358173554622,0.006635685879149533,427537,0.01202621854431496,0.00493587595906525
64,345,5,2.6114610751433274,0.003693946481675092,411818,0.011573883198598199,0.004725718278439706
64,346,5,2.5487385205062916,0.00782133308203481,413093,0.011866969335530383,0.0020547794325538327
64,347,5,2.611009616084325,0.005443408080596734,394156,0.01114785398663279,0.004057527391104099
64,348,6,2.557666971351324,0.008509834145851936,290489,0.008111663835900607,0.005491727509563282
64,349,5,2.536226274399049,0.009451067914658773,415520,0.011610873771063535,0.0041429334118930905
64,350,5,2.574645538148935,0.004414402459733291,408530,0.01172004825952851,0.005091338969444581
64,351,6,2.510093342868396,0.007430711576071447,297934,0.008508866632353297,0.0015924881150510828
64,352,1,3.660974665916024,0.010544373544896346,35403234,1.0,0.006010757331344374
64,353,5,2.570284851735267,0.006181713227420393,409750,0.011458804695237882,0.004516652209836436
64,354,6,2.508866929704916,0.009764510320653397,287354,0.00829342673330639,0.0045094593119779924
64,355,6,2.506677329815766,0.007560349051412341,324877,0.008864577592483136,0.0023880638732471926
64,356,5,2.5985228659545023,0.007670685435709257,383246,0.010951221763340842,0.003591294431497305
64,357,6,2.4917477323363806,0.008493376672788377,292156,0.008420453381448013,0.003074777885190283
64,358,6,2.4995736883193374,0.008857574655220968,292227,0.008325290616819973,0.004805817201720464
64,359,6,2.529604683771338,0.006884172935101018,298739,0.00843670549077904,0.002034625310138538
64,360,5,2.5250682710332857,0.008867254612863862,402004,0.011427726743599329,0.0021818447065623525
64,361,6,2.5452521905087484,0.0052670077544541005,287094,0.008014011386275131,0.0038788007342159814
64,362,5,2.5324048583839898,0.005830000557748349,419327,0.011669788892556857,0.005757343973454843
64,363,1,3.594923636853368,0.012242702727084831,35163990,1.0,0.006879807838750751
64,364,1,3.6165751018088343,0.012055589381242293,35017379,1.0,0.007335925114803632
64,365,7,2.5197107324136283,0.006570445875212605,211062,0.006086904460326887,0.004408785269214788
64,366,5,2.5632155335367575,0.0080924587026302,396183,0.011293133525798022,0.005682240949121953
64,367,6,2.4668212959332827,0.010317289736135216,274880,0.008220277356009751,0.007776510538258841
64,368,5,2.5555399909755656,0.007201196174387747,416794,0.011775097818343561,0.003322097849960126
64,369,5,2.5715204476026847,0.010878719249756308,401293,0.011281125894557162,0.007592314468185202
64,370,6,2.5246213556750288,0.009194507870824209,282752,0.008132384796704042,0.0025207498485777524
64,371,6,2.5647051081373,0.006910646327999093,304587,0.008517848688865083,0.0046653551278516
64,372,6,2.5383634821478367,0.007815364267199088,294219,0.008230267913166826,0.005566219988194232
64,373,6,2.5113238600973,0.009462711977753613,291188,0.008318327874062868,0.006856898391801314
64,374,6,2.5632537104929995,0.010267174604986384,287026,0.007987100470709267,0.002918127626097111
64,375,5,2.550562438128461,0.009312153461666028,409496,0.011501224084848912,0.0038530786064924216
64,376,1,3.6335879289658655,0.012020356299318857,33741067,1.0,0.005599019378600301
64,377,6,2.561024517066832,0.007746506458148561,295841,0.008244237496997318,0.0048040583245628765
64,378,5,2.5641297862800596,0.007054401015734846,429158,0.011838221219804237,0.011249980536475912
64,379,5,2.575509979925358,0.00943746578691379,379241,0.011148231282682289,0.002996603856562974
64,380,7,2.5649676780406008,0.0042496631430704035,224765,0.00620310260279166,0.004312483833759928
64,381,5,2.5555208875249416,0.010556575200233231,403274,0.011499011457523384,0.004935474486025937
64,382,5,2.5157775791445482,0.010032207626794576,418245,0.0116966055807109,0.004318096535273153
64,383,5,2.57092298219408,0.005302075200592005,390784,0.011143925758567971,0.003699935486471184
64,384,5,2.528610575868963,0.00861388672055352,386146,0.011153329790842355,0.004016545963760998
64,385,6,2.547471102028012,0.007499790360326997,289996,0.008204949797605146,0.009196870372206623
64,386,6,2.5670149634168262,0.006557387494276812,294369,0.008306206930645632,0.002097941484373478
64,387,5,2.5639909303329764,0.008365528053447258,425214,0.011618475171791752,0.004764019108908335
64,388,1,3.6553543800683928,0.01152513247141973,34159925,1.0,0.006570651667059391
64,389,5,2.5727726075504274,0.009505872229728318,400458,0.01119749762667844,0.0037305011585331282
64,390,6,2.480807438932715,0.010553906078110797,296278,0.008550549926610748,0.007566000363478598
64,391,5,2.529165356318945,0.011498087736463991,422049,0.011839975887406262,0.005889012641976943
64,392,5,2.503669926197084,0.01046242864020408,394797,0.01136892910266964,0.006939550507934711
64,393,5,2.5389139591382412,0.006791727109400125,400149,0.011563931506097544,0.0045400074667471535
64,394,5,2.589830895651344,0.008562841992307835,392321,0.011073388276001015,0.006965902505292165
64,395,5,2.557248435333218,0.0069829987161467155,432144,0.011899607061065754,0.007667301734841647
64,396,7,2.4849707856069747,0.008378644931824941,231781,0.0066078150403632895,0.006180993823825143
64,397,6,2.5317673891107884,0.006618604945497375,298557,0.008275903935237961,0.0029048904743994575
64,398,5,2.550359031378021,0.007526797323261614,401379,0.01155063669525383,0.002617943965408709
64,399,6,2.5084604229529384,0.008451468247275606,285233,0.008272500606807046,0.005137667989622785
64,400,5,2.541163442381001,0.006078716069544354,413886,0.01164618956794214,0.005472409328067862
64,401,6,2.5153067323271596,0.004973086243388852,303040,0.00842382140164338,0.006372327331790939
64,402,6,2.530615328001744,0.007042572167956562,285543,0.008270664604960001,0.004513075428525748
64,403,1,3.639705044603058,0.011341223786952237,35208849,1.0,0.005834177456479517
64,404,6,2.540928788589368,0.006309060523981502,292043,0.008393266659797846,0.004886024222006569
64,405,5,2.502798359660143,0.011258748416046072,413345,0.011685946379021823,0.004565362508673565
64,406,5,2.568014940242084,0.00939366090491256,399082,0.011246091588513467,0.0044548227054145295
64,407,5,2.5443431272174775,0.006204850560459829,422104,0.011872260858972574,0.004295714730926492
64,408,7,2.478440150213359,0.007688223210950751,217424,0.006286243464719823,0.00494280301659597
64,409,5,2.57760845922574,0.008561737002963365,378574,0.011169359087014191,0.0026454351519153985
64,410,6,2.525653630708585,0.008170842039100845,282570,0.008175997866260443,0.006494886172984271
64,411,6,2.5216201191633925,0.009005175439548041,298972,0.008467563630849549,0.005494790417002626
64,412,6,2.5414867550675897,0.008253369590407011,300956,0.008394861180997158,0.007358439213911883
64,413,6,2.5435663439895726,0.008984785789957206,310518,0.008669459941543587,0.003743032230833332
64,414,5,2.61397414135455,0.004103289861393744,404423,0.011315610580691719,0.0047069429654365
64,415,6,2.5287198580211876,0.005980966203799065,309230,0.008598754736364176,0.004899307897841654
64,416,5,2.551027721371948,0.010091514078536257,401109,0.011415164308510561,0.005227260503231079
64,417,5,2.555456011303312,0.008169886586537944,423488,0.011745172077470854,0.002326486673827066
64,418,5,2.5844793132469066,0.005684378544531021,418608,0.0116765237404909,0.006189459378650342
64,419,6,2.550433389466818,0.008407449149888446,296924,0.008287874661066164,0.004372438131108769
64,420,5,2.5959306309912047,0.007684014100856951,413982,0.011464291885808473,0.0025180291235004093
64,421,6,2.4995258196225483,0.010508417978686735,284622,0.00812223828502635,0.008087950075451378
64,422,1,3.655900351096359,0.011118379878104379,35072403,1.0,0.00922053310543619
64,423,5,2.549140288008972,0.008125706102243724,434603,0.011901769399688589,0.009327041491655141
64,424,5,2.5278725160773226,0.009330334745016933,420188,0.01163299236322905,0.0054456928345641975
64,425,6,2.5518607638524404,0.006026647265603535,298072,0.008529353288954019,0.003679826548212417
64,426,5,2.5842311968094127,0.0043038339860344,414318,0.011570210406989813,0.005196930191654681
64,427,6,2.5889247747837065,0.002900112711556102,290278,0.008094721047125249,0.0057372125811997465
64,428,5,2.5457175837517165,0.006244678964378303,417299,0.0118060298317276,0.006515699691628074
64,429,6,2.507942085336636,0.007673058230255658,305422,0.008492644214815388,0.00422878335617638
64,430,6,2.5346420512711187,0.008935766272135992,278007,0.008049631037947149,0.003553635697006563
64,431,5,2.528960829432672,0.006642804316030593,407315,0.011802058402535915,0.003546091540789109
64,432,5,2.5442764506579487,0.010748544363649137,405473,0.01132974330261404,0.0036442969047750795
64,433,5,2.5332532265905754,0.010516472195877369,432952,0.012069158873971496,0.009243212243487231
64,434,6,2.5710816100792275,0.007793029134382623,302461,0.008316454024866133,0.00121177463051525
64,435,5,2.6002978687035676,0.006624928195860358,420184,0.011391513015909198,0.0031011427017269
64,436,5,2.610316565396826,0.004696417573150757,411272,0.011466745053650204,0.004135379770255854
64,437,5,2.518752477044449,0.00533546932890927,430243,0.012093472468386053,0.004750295004737226
64,438,6,2.5020020405265533,0.008691093418897622,312236,0.008687260352326006,0.00290128602843831
64,439,5,2.5065698984511653,0.010438727053945107,415430,0.011986698898959541,0.00626071805580064
64,440,5,2.547241936559468,0.007913960766900485,420171,0.011549301411448429,0.005973262668495516
64,441,5,2.557246778086565,0.008695557834633494,412970,0.011588123134857109,0.008241411847530578
64,442,5,2.5332030319768783,0.007072282784234329,423318,0.011898800242676857,0.0033160775488436656
64,443,5,2.5869259103371642,0.005993962409740317,411954,0.011376813927614726,0.0038897799481860673
64,444,6,2.545532055134305,0.008508959161095175,296445,0.008227486212310082,0.00196717873838681
64,445,5,2.5791005045651136,0.00815194022794341,398163,0.011222778392977101,0.0036134951534424475
64,446,6,2.520536802983215,0.006964973733611379,313451,0.008796623005583627,0.0025572655201711314
64,447,5,2.6109855916116746,0.006210658741340969,396901,0.011195412312682874,0.002285800654588721
64,448,5,2.5365045502391976,0.005635306068553225,463114,0.012488992570851653,0.0069654424681566685
64,449,6,2.522487448988513,0.008793188761917592,287846,0.008165088382459473,0.0036712704202719326
64,450,5,2.535305149126705,0.01161180091512748,418122,0.011628209659188184,0.006247774744641443
64,451,5,2.5975316770380497,0.007242504923000381,399175,0.011312654798876769,0.003224375334549112
64,452,5,2.5273293638130023,0.005869323643255542,404621,0.011612227632275164,0.0036862406822374405
64,453,6,2.5484379000038246,0.005457345480121889,317022,0.008752212195883112,0.004401678539047993
64,454,5,2.540351626446055,0.005519282427498107,414008,0.011899526022869528,0.0042051242089399254
64,455,6,2.518410173548475,0.01109127567441015,296623,0.008359173086564278,0.003582609164464845
64,456,5,2.5574869256693455,0.004191003376930791,412836,0.011688372688636872,0.0049989508188819365
64,457,6,2.4956737794219688,0.009087405649015112,305534,0.00855211290376666,0.004983979891587054
64,458,5,2.5872699231637406,0.004879002582818703,409377,0.0114305028126229,0.004454842808983339
64,459,6,2.5329067853696876,0.010609436397621574,291498,0.008146366875700427,0.00508675153973126
64,460,6,2.5377980603556725,0.007416632670986689,285718,0.008198345570776361,0.0039545582423934356
64,461,5,2.547378589829479,0.00879598802738124,418662,0.0116582953418112,0.005268208458754475
64,462,1,3.609273191332816,0.012130426851531873,34710986,1.0,0.006881488101827982
64,463,6,2.503779530549057,0.009809075044143634,299703,0.008418133404759887,0.0024600280652543605
64,464,5,2.590254119692417,0.009492933285907446,390929,0.011010890368227671,0.003028790593701536
64,465,6,2.5400120986082713,0.006636413676591069,297672,0.00831835660088753,0.003221324579040341
64,466,5,2.5343406587995614,0.010146335726873845,427098,0.011930286353911995,0.008474175931433015
64,467,5,2.5586158783851314,0.007004203133733733,386812,0.011163717036489879,0.0024394511166906385
64,468,6,2.5179395454938422,0.009929438363684429,289322,0.008156492382942583,0.004562860103135891
64,469,5,2.5710313665052373,0.007600056272968225,402896,0.011473098051709645,0.0023822023568955686
64,470,5,2.54224708881964,0.006220563464218176,416491,0.011867015662291798,0.003971851272820542
64,471,6,2.5644731641244056,0.010175790851181254,272200,0.00782674699059853,0.008120783904115136
64,472,6,2.494160745767061,0.009756760767928752,293502,0.008228696659309299,0.007171905883698426
64,473,6,2.5765387613612063,0.0037126392628630267,291382,0.008173023899353288,0.004329833032563846
64,474,6,2.5285803902505415,0.007710369537533762,280711,0.007927034156949182,0.004570362553428964
64,475,6,2.535581013051603,0.010233818864736621,279433,0.008033977699748207,0.004538830120671022
64,476,5,2.559738938721058,0.009301845075334492,392984,0.0110755242564843,0.0037288246139877135
64,477,6,2.559234148166023,0.00738844444786646,309071,0.00839440170424245,0.004108128609530803
64,478,5,2.5215608937924214,0.010386561616361256,367658,0.011036544802428834,0.00963503846000735
64,479,5,2.536287149739419,0.01133654880633328,412756,0.011764178101053548,0.007510219707346888
64,480,5,2.572787587083455,0.007730610044598241,431917,0.011749679916115103,0.0020218631142236987
64,481,6,2.5443323921771492,0.006396711628382845,296102,0.008265038828811994,0.0027777092995620034
64,482,6,2.555241432017753,0.0061289805524812335,310663,0.008479896702720665,0.0024858557181515195
64,483,5,2.566018324745307,0.006576648530556062,430648,0.011824119002945239,0.008129754841525783
64,484,5,2.5834690800474562,0.006170202689396054,446371,0.012090677303397935,0.00195490867692516
64,485,5,2.5132584672381184,0.008845237203852996,404329,0.011577307459176884,0.005118142575758489
64,486,5,2.532054585735529,0.008704077570447222,418612,0.011566006795069054,0.006029232700147158
64,487,1,3.6108777915851267,0.011928991547534573,34575762,1.0,0.007851424355968084
64,488,6,2.521345431860533,0.009100204265071188,277404,0.00799000405571827,0.0019366313040923566
64,489,6,2.530680427938382,0.005355055079621807,288932,0.00837974042039132,0.0067647512156521206
64,490,6,2.5255462258253925,0.009880148763764196,295083,0.008329790874635805,0.00813958703163875
64,491,6,2.538916623078512,0.008691940138987553,301024,0.00858276881654822,0.0016340429186774141
64,492,6,2.568151887572138,0.0033828172812593316,308489,0.00847040246609803,0.00556114658654272
64,493,5,2.5548699397270864,0.005662203664353993,402000,0.011507181425829087,0.003452517680342493
64,494,6,2.593206231987691,0.004209358143937081,308750,0.008407598410292655,0.004229384570402006
64,495,5,2.526686937485992,0.006443673594829669,419902,0.01192806086957905,0.004302865816537382
64,496,5,2.6011655500243185,0.010072790182678593,405580,0.011261671822643468,0.005015280202929184
64,497,5,2.560375178089218,0.006616413141390609,413602,0.01168766362049458,0.002973486558910443
64,498,6,2.546721631691795,0.008800493525620401,277844,0.007925517411113267,0.004924279524730402
64,499,5,2.542234820224066,0.008904882835606642,434635,0.011842318897884408,0.007576863930567113
64,500,5,2.6010177601335567,0.004263727790602134,428164,0.011723770225888568,0.006095177335564861
64,501,1,3.6307265106495903,0.011429213169170671,34786672,1.0,0.006469655882420655
64,502,7,2.4777900772056825,0.010701877378770819,215992,0.006215908543792079,0.011857467624593887
64,503,6,2.520035986181243,0.008637377481540698,291335,0.00833039007276335,0.002989277250388611
64,504,6,2.523690898784651,0.008838777720606927,304723,0.008327797146347378,0.006006514971443888
64,505,5,2.5714421939440273,0.0058991270851589395,399348,0.01141457880679253,0.003801293186591226
64,506,6,2.5467718638845906,0.005095210510064119,290509,0.008281869499569355,0.002804657417446843
64,507,5,2.564817268552734,0.006326410281385475,409691,0.011508669418021023,0.00625196434484665
64,508,5,2.519875832463949,0.010131370426859965,431073,0.011987977566310933,0.0058489505963134625
64,509,6,2.51758007226436,0.00595373558902712,306406,0.008495720461666821,0.004160900362788378
64,510,5,2.5379046986551206,0.009666262827502159,395950,0.01167900495998595,0.0025868915766819045
64,511,5,2.5126078009154793,0.008197120164778693,409439,0.011649923275462005,0.002753826000741033
64,512,5,2.5567696327261307,0.007213265339090502,402772,0.01157024812381187,0.004025308150171963
64,513,5,2.535744578751823,0.011131832153234211,416036,0.011803534347625032,0.005710790606471838
64,514,5,2.5827532396521544,0.0049566169721600994,396771,0.011271634747114977,0.004550715707177827
64,515,5,2.5106747775784672,0.008960841294892496,421174,0.011807215405274327,0.0029039091653125793
64,516,5,2.555945666090937,0.0054728929343290655,408728,0.011598127196775153,0.0042498468833208625
64,517,5,2.5105204056387067,0.010580792429522479,405902,0.011602856558327278,0.005540506176879623
64,518,7,2.543258997287647,0.008008853706275798,219058,0.0062121252854126984,0.009150760482327325
64,519,6,2.522113786672324,0.006809113105949893,301716,0.008613662685730638,0.00266775181602813
64,520,5,2.572869611869104,0.010286894518109935,398827,0.011248962368986171,0.004721473302829349
64,521,5,2.557811089291563,0.007328980115511419,393925,0.01129260016415228,0.002185840389997362
64,522,6,2.6504189868581434,0.004907835531802296,281312,0.007820100113582595,0.005342994225190356
64,523,5,2.5440832048166824,0.008269277399752695,409425,0.01162818405410939,0.003265323758864236
64,524,6,2.536341402585675,0.00684692160235445,281143,0.008016730190463032,0.002958117180141717
64,525,6,2.5776240870431106,0.0038347493310760816,313669,0.008490504163559783,0.004851774598927494
64,526,5,2.575824074689568,0.005991990769364519,400000,0.01122030053070058,0.0054397930460587385
64,527,7,2.5488289878295474,0.008193280015450943,208492,0.005890283067071964,0.009850863137741195
64,528,6,2.523298199576631,0.006200374293921285,296698,0.008332904327699302,0.004481525869757141
64,529,5,2.5795210668860924,0.006964087380901429,395265,0.011204086460687861,0.004710967348852901
64,530,5,2.576908939929486,0.007798869929214969,415911,0.011626499835419073,0.003311855298993638
64,531,1,3.6150256484977614,0.011407855276504897,36471267,1.0,0.008045923025574053
64,532,6,2.538048804396727,0.007494012754297952,291346,0.008517357009854749,0.004365295598908081
64,533,6,2.4992337800736992,0.009911069836145092,296036,0.008436365592865026,0.007940216318127802
64,534,6,2.519981752702516,0.005201220402550111,305768,0.00848422267494027,0.003561978447313874
64,535,6,2.522960890441636,0.007536542195390683,294702,0.008410914478818667,0.003926760143974861
64,536,5,2.5346938552553118,0.006952952622487296,438263,0.011964972404937258,0.005759265715398754
64,537,1,3.6450224198844405,0.011479816141910404,35403455,1.0,0.004956747381135718
64,538,5,2.5302202288838678,0.009028283100748324,422664,0.011833876855153889,0.0034266051687824595
64,539,5,2.5021200399616554,0.00872671249900947,429856,0.012029676575388485,0.007423988777124635
64,540,5,2.5204376806601125,0.011427168156476597,425039,0.012060275186254568,0.005853718119047002
64,541,5,2.598740331636943,0.0057124069162923785,424779,0.011652769795668675,0.0030905080576996147
64,542,5,2.581341439866872,0.007316499518899899,399087,0.011664762909113016,0.002364351587986868
64,543,6,2.5396348911858198,0.007959056019166466,277935,0.007957820558998706,0.003599514847346552
64,544,5,2.595580234669007,0.008001969950943988,433604,0.011749729387476758,0.004976800059538489
64,545,5,2.5715543405909753,0.007739137617057468,407652,0.011678468264602167,0.00296325760998839
64,546,6,2.4929581456650283,0.008063282380109005,291882,0.00832144671984206,0.0032084478116447546
64,547,5,2.5621932447566422,0.00850059700914818,403505,0.011354610155195477,0.004850195913197464
64,548,5,2.5838269069525452,0.006722977452773282,425474,0.011892788859462726,0.0024375048283969414
64,549,5,2.5620846180918027,0.008122412344267638,405721,0.011318050896512284,0.0029310056784347394
64,550,5,2.5822351857079893,0.006498834401514442,413491,0.01132225763338033,0.004944046722982209
64,551,4,2.582012200511439,0.008161782651985472,636564,0.017942247724241314,0.007805464978094145
64,552,6,2.5201307797395365,0.005650771534881027,310405,0.008845945075830386,0.004164449444840068
64,553,7,2.549027997271688,0.006447298750329455,217398,0.006128595466353757,0.0056294004668241415
64,554,6,2.55891102855025,0.00722676092734198,282674,0.008201799182396618,0.0020945225010795543
64,555,6,2.554832116014958,0.007345271907953865,306073,0.00831083877853074,0.0033221150857114523
64,556,7,2.534182158267367,0.004794191561735994,225448,0.006273364978791414,0.004308393206923
64,557,5,2.5266515932550218,0.009737475331851764,425397,0.011870947988388936,0.004489889901656996
64,558,6,2.51461892434754,0.009826416007599703,287836,0.008263412923664773,0.0042572921793826435
64,559,5,2.581803687741341,0.006151125710714078,402000,0.011324542108197042,0.004828731217535576
64,560,1,3.6118190453346206,0.011745944499607086,35566157,1.0,0.0064097061718487724
64,561,6,2.566469715130699,0.005985397756124167,287424,0.008185429318397492,0.003881445913815562
64,562,5,2.5757640814470166,0.0058135192612406295,425629,0.011716032413542481,0.007188357915533572
64,563,6,2.501309291428786,0.01015658383175222,281356,0.008102446374021625,0.006075974843800069
64,564,5,2.509210451714221,0.00667680654773517,406472,0.011654504909766127,0.007151766578806451
64,565,5,2.5461602746503953,0.008237247164810002,418735,0.011665121058207432,0.007468831566351364
64,566,6,2.528607832125917,0.007772453763375764,300817,0.008228283223604473,0.004687923826967477
64,567,6,2.5448800228578037,0.004485994475049326,300009,0.008367030304558296,0.004699661024682
64,568,6,2.4893285054944134,0.008452510637111277,299000,0.008517431393372014,0.0014988067291322738
64,569,5,2.521740286527766,0.009485566972658677,401108,0.011625166095848873,0.00938773482755001
64,570,6,2.519666751716569,0.008508166190346778,305437,0.008613710570785478,0.0013080213395580964
64,571,5,2.537590652741809,0.006592732749057917,399771,0.011458211311106784,0.003798670623722855
64,572,6,2.536293737739496,0.005465563730610246,307532,0.008611638357672985,0.004458145969233995
64,573,5,2.5063214390953603,0.010088307605300773,431741,0.012245211334772592,0.005481284692415267
64,574,6,2.4942381665469036,0.007299893621680931,312459,0.008898050669671156,0.0034459563352028377
64,575,6,2.4813077563336337,0.009830151227045225,301977,0.008511688876444216,0.007157870060122418
64,576,6,2.513171309057887,0.00980002143451797,300246,0.008489186554883302,0.004618839894457327
64,577,6,2.5451179811704563,0.0077059164289551285,291961,0.00835658486814739,0.0038965943310983464
64,578,7,2.497477457274458,0.006405579105051684,230768,0.006509155234247282,0.00527122918251588
64,579,5,2.528864312751323,0.008154006922750812,400873,0.01157300289535098,0.001649500857569569
64,580,5,2.6280735823014405,0.005731386963859275,415688,0.01156203065269867,0.004407359584859161
64,581,1,3.660686224861326,0.010806733391821144,35054896,1.0,0.010584354471557533
64,582,5,2.593154800568799,0.005366582509966578,417039,0.01155604433082587,0.004255236044515831
64,583,5,2.5742378066079605,0.004361198536512623,402885,0.011605884739681029,0.003077802500395077
64,584,5,2.539594010856218,0.0082359843005535,410595,0.01193378846593728,0.0025509995332234636
64,585,5,2.526338979519024,0.008480819043026888,401470,0.011717561214384964,0.007258747932334386
64,586,5,2.559337057673405,0.006851579636267813,426247,0.01181647189241443,0.002525013630632289
64,587,6,2.5812296442623297,0.004700879596590268,276801,0.007759650624114182,0.0036330838475957528
64,588,5,2.562094873578824,0.008476620075249242,417021,0.011491766742881443,0.003357444354268546
64,589,5,2.5738193156088083,0.007982305638237708,385431,0.010836501949246683,0.002371515695218762
64,590,5,2.545206671546705,0.009911080382795423,423242,0.012020698770676064,0.003943746642434021
64,591,5,2.5419490567843166,0.005708703480802546,398481,0.011648401676853487,0.003237517744372198
64,592,5,2.5341647563202003,0.009024047190108742,396764,0.011466165500448747,0.004158801575365079
64,593,5,2.5668327919638863,0.005360705041612013,403496,0.011427410429384034,0.006005136228982022
64,594,5,2.5681439715634298,0.0072969481577599415,421644,0.011717979120773606,0.007466585070322773
64,595,5,2.562116449193866,0.009682526794829283,397138,0.011142289015441634,0.0076965215013936605
64,596,5,2.5865768368221285,0.006718496441114441,435330,0.011763896783716084,0.004114520163779667
64,597,5,2.5415029941656844,0.006836939879951154,408668,0.01158736046904726,0.004043591835432903
64,598,6,2.5144102983650685,0.008868317854969554,313101,0.00864940557281272,0.002669701025951321
64,599,5,2.553620205282083,0.011166778501613961,406836,0.011581963968418882,0.009713921098372102
64,600,6,2.5113641970853258,0.008042368828169666,287099,0.008135557044891287,0.004424864888162627
64,601,5,2.5373294052130295,0.008465081698756927,423345,0.011801516415898322,0.003929516082749385
64,602,5,2.5666062095798527,0.010154067999994909,397262,0.011384585739403714,0.0029234601711526365
64,603,4,2.5938348774474074,0.007831913735728335,616407,0.01750340203605643,0.0032984306092079807
64,604,6,2.5613866646867502,0.005267147280718865,304351,0.00850342739943665,0.004040747326463923
64,605,5,2.563555526333045,0.004792087708205217,408670,0.011473107792777262,0.006498822091329959
64,606,5,2.6058571513386872,0.006552789977553264,399074,0.011134563451197385,0.0012291353947090355
64,607,5,2.569431418819874,0.005263116119057831,431981,0.011983788771550477,0.002928281327907456
64,608,5,2.5082009294871104,0.007678896379092193,407554,0.011494045406829374,0.004940562278053118
64,609,5,2.5371793725031333,0.009239456982649552,400917,0.011395962725724794,0.005124915708991484
64,610,1,3.657929259513045,0.010851499301728795,35037549,1.0,0.009209497958307278
64,611,6,2.5198262407818417,0.011293266314699846,289452,0.008231782880370369,0.008674474899052598
64,612,6,2.4666728840616754,0.009273475530224173,291398,0.008495565293225982,0.002781213751947731
64,613,6,2.550769460000271,0.0061462229095708976,296868,0.008198596775867048,0.0019245668663017135
64,614,5,2.512059307543799,0.008485010366946821,425707,0.01175581781217638,0.007379149286475872
64,615,5,2.5978661302042423,0.007052611116052043,404910,0.011532001196518817,0.004318120371320289
64,616,6,2.5466680844368295,0.00786584046826011,296469,0.008209302219972051,0.0034692743417409078
64,617,1,3.6125889118798753,0.01185933338724876,34445898,1.0,0.006080136847205098
64,618,7,2.4932916292720777,0.009631345723813634,217567,0.006232942217047179,0.007391298117211509
64,619,5,2.5527335590072444,0.0076263667535688695,415679,0.011642559022031653,0.004773002354496181
64,620,6,2.5639126504945255,0.00602345756741085,286465,0.008077194822226713,0.005124127656604416
64,621,5,2.580588332194114,0.0054160013558165465,416180,0.011735105470169772,0.002474632918918418
64,622,5,2.5473867160173147,0.005964354292408491,431090,0.01196848963124675,0.0032204900547012083
64,623,6,2.5175624173752555,0.005738228380910759,283198,0.008172937579123584,0.003291393164523204
64,624,5,2.5450596072585383,0.007220392391656838,442274,0.012197365583706935,0.004907909412312783
64,625,6,2.491785230408849,0.01032210145577428,290385,0.008446588377912088,0.00510492342240676
64,626,5,2.537420437430247,0.006293901744815922,421790,0.011962313451693655,0.00281322496587863
64,627,5,2.5807104016007516,0.010174620255212652,408325,0.011391882573983766,0.004184475752337158
64,628,7,2.484389279874849,0.0072594782143093894,214358,0.006196617238672444,0.004769674229764764
64,629,5,2.579875420094585,0.00601127410751523,422762,0.011745672117040975,0.0028732859665511756
64,630,5,2.557049847719149,0.0069219141472900425,407579,0.01142240864713039,0.005272520421769955
64,631,5,2.5501461533851066,0.007560031404808876,430795,0.011840648202205657,0.005435772969952679
64,632,6,2.500592281046746,0.006706475938307976,288956,0.008225756413693637,0.002331153999006075
64,633,6,2.5518965466552346,0.007861043720380434,293461,0.008286790537752026,0.004456792775759999
64,634,5,2.596084759052448,0.00996216795806959,383654,0.011069092372452075,0.003941961521676585
64,635,1,3.6310172319811733,0.011683583103551665,35419214,1.0,0.009328865267950404
64,636,5,2.581885996393261,0.0050158302095901774,424990,0.011921095860039787,0.008006896843488653
64,637,5,2.5236301970435426,0.00860411669474559,438594,0.012189153233842433,0.005452659244978508
64,638,6,2.515798787440095,0.007465132786247608,281750,0.008110931869352593,0.00520085611130694
64,639,5,2.539764435001796,0.007654444516941639,386411,0.011270801861764459,0.0019983646116384923
64,640,5,2.568607855652224,0.005575438525222132,437091,0.012118180728352313,0.004478400661502402
64,641,5,2.530314839815348,0.00992726419062051,403944,0.011360315235079757,0.00548658021762527
64,642,5,2.585425507902246,0.006249445216380489,393744,0.011296764692136163,0.004320905632115568
64,643,5,2.5507762866740444,0.008064988449458133,405443,0.011417285051430907,0.00212674062440521
64,644,5,2.5383995545159665,0.008647110405169522,390760,0.011249475397775013,0.004323340572281342
64,645,5,2.6144253878802117,0.004704643824824883,419897,0.011700876858663015,0.003138681508147223
64,646,6,2.563817597434098,0.0051926837909958,287373,0.008186871474296947,0.003613957304162252
64,647,5,2.5433551056175894,0.010334581745408133,413496,0.011656637632760097,0.004621400589201907
64,648,5,2.520976070739879,0.009600684295933137,382167,0.011483112552783836,0.005651179183910338
64,649,6,2.521547914327607,0.006858338490529081,281599,0.007973395493571497,0.004736271731452524
64,650,7,2.5120191188477117,0.011307806013263644,222958,0.006260872944698946,0.010628060678760265
64,651,1,3.63561793749696,0.011245692971719179,35044050,1.0,0.005959314259259774
64,652,5,2.548600001002386,0.008713535694587327,402098,0.011340181472008564,0.003321701490138773
64,653,5,2.560358657544883,0.007851354681607248,416770,0.011488898314800777,0.003104691913973112
64,654,5,2.5642593617508207,0.008015614813048577,403606,0.01167873740951862,0.005838957180758775
64,655,5,2.5494043215541025,0.009379398363903335,433892,0.012300146921287898,0.0036395117099145002
64,656,5,2.561665625168208,0.009797781859868016,410767,0.011392666826531825,0.003867771670916703
64,657,5,2.5556757240382146,0.01120841857787036,392889,0.011212008057233352,0.009703013171628638
64,658,5,2.5967417606107306,0.005502198240713296,391803,0.011172430371383513,0.0040239356725192965
64,659,5,2.504610366113767,0.008823037560261482,404711,0.011412326556808267,0.005906367537625856
64,660,1,3.6277322995151375,0.011279738750504698,35978461,1.0,0.007632307138661587
64,661,6,2.5127893010474014,0.010289222028913247,301379,0.008337908574576156,0.00586425821611225
64,662,6,2.52456747384852,0.010431582165604913,278861,0.008024350937338722,0.005355790049306031
64,663,5,2.5072884933745554,0.00750426876407656,393948,0.011459035376733517,0.0027683283482451415
64,664,5,2.529712480965819,0.010899484517285618,410763,0.01158879674319836,0.005227088215238096
64,665,6,2.5617139469621835,0.004938647948980468,299643,0.008323448573219532,0.004646139123211768
64,666,5,2.557149566195363,0.008264385173907707,424855,0.011819366813772955,0.008726292013802206
64,667,5,2.5673297258996537,0.009337798003099529,437081,0.011784832021904832,0.0038282925722464833
64,668,5,2.582243035333611,0.005589902193810281,433476,0.011659678317621035,0.006796605135698963
64,669,5,2.6004789235300216,0.005041159835216746,415780,0.011607542127382348,0.0037403269394328253
64,670,5,2.539448438964806,0.011102034073565414,403105,0.011385080211145853,0.005264922329814792
64,671,5,2.5542227655346283,0.006046385328035808,431118,0.011992333238422331,0.00567181553608459
64,672,1,3.6598899768115745,0.010864607228838197,34407956,1.0,0.00813554998324173
64,673,6,2.623181924282288,0.007527491003467612,286749,0.007854794999955624,0.002996252183392112
64,674,5,2.562222206049493,0.004213216172589185,392362,0.011416934571602927,0.003958451469395968
64,675,5,2.566687297276486,0.005962755126889707,402937,0.011234119323272401,0.003285076848209889
64,676,6,2.5500868145448155,0.005022000008044314,307040,0.008527393515687097,0.0036563001974925236
64,677,6,2.6021247050095693,0.004116097842655764,286219,0.00804948886467078,0.0064445571080784525
64,678,6,2.5174875768146543,0.008477034466122468,295435,0.008341259979598238,0.003952885855548316
64,679,5,2.6221954782286363,0.008227182055400517,388127,0.010782883151265492,0.008191632102469648
64,680,5,2.5814409092977306,0.006210053589125075,420048,0.011616382925149401,0.0018339929155501977
64,681,5,2.5780769691536354,0.008065790275561036,400115,0.011470252337811238,0.001944884579215933
64,682,5,2.5346456607459493,0.011096097936000637,406450,0.011622637093858607,0.007393317116771492
64,683,5,2.563639755547445,0.00687888672307857,455217,0.012315278732207799,0.0076026807805064656
64,684,6,2.5136702523095042,0.008660237670534476,309131,0.00851272564790877,0.004688781816207355
64,685,6,2.560196704888705,0.007272800718449046,288722,0.00809482498048152,0.006143419910231929
64,686,6,2.5223046460272123,0.007533734241594203,300184,0.0084644452357296,0.0030604278640313787
64,687,5,2.5606005842864317,0.006675517231594763,421997,0.011748930366434481,0.0043780976529795845
64,688,5,2.5662175311949778,0.005486390419266796,414059,0.011533416334243814,0.005669246807187278
64,689,6,2.5412521522521705,0.006547913518963999,300788,0.008344745394379578,0.0028533720266266105
64,690,6,2.505071269573214,0.007861086580172372,297646,0.00844957558232027,0.0026919031680734395
64,691,7,2.513509072658335,0.009389063683965415,222819,0.006250305931716181,0.008832735544551384
64,692,1,3.6344247692584326,0.011120384240875913,35527987,1.0,0.007648309724508806
64,693,6,2.5058140752567932,0.01032437448739365,311238,0.008638950715474257,0.004041026407417214
64,694,5,2.5475905039371236,0.006084725424935489,416967,0.011698529774020385,0.0032667497417382396
64,695,6,2.5552308554294507,0.006039941361631329,303060,0.008479929183385563,0.002281696229097463
64,696,6,2.543874953039235,0.007973709452858246,284591,0.008067586171901432,0.0019519581633445637
64,697,5,2.570894152982002,0.00796059321854381,413006,0.01159530068662555,0.002855099868943556
64,698,6,2.5610793969296175,0.005278792247623176,288724,0.008397628360182763,0.007013675550852749
64,699,6,2.528690936349954,0.010105028494581614,278918,0.007855217159643844,0.006156213490224605
64,700,5,2.5626492359390305,0.009385844259551468,415868,0.011750991818770222,0.008169452397740085
64,701,5,2.5874653084188144,0.007020377969166103,395268,0.011243561487448192,0.0017471397679237333
64,702,1,3.6359516149028854,0.010841178892956549,36234985,1.0,0.005594955314279226
64,703,7,2.4955748897760923,0.008927000265186114,215557,0.0061248048359013344,0.0113999174246327
64,704,1,3.6513273120308756,0.011569167293734695,34377951,1.0,0.00798306977535268
64,705,6,2.516365559079814,0.005946850716734953,293007,0.008237234559349403,0.003109726183596395
64,706,5,2.5177324011373727,0.011612557911143018,379446,0.01130808253160433,0.0063085116309518074
64,707,5,2.5455084589213204,0.009666684974189765,416640,0.011546767108907514,0.004516731417813613
64,708,5,2.594340782781459,0.006898057105293454,401845,0.011219573456021181,0.005355978992059973
64,709,6,2.5397034318317897,0.007167669397903809,287110,0.008258658503449732,0.0013899294893900682
64,710,6,2.5434588924552886,0.0061168853233961595,293107,0.008096618332399984,0.0028847059996706115
64,711,6,2.4797214269417864,0.009841405806958248,278146,0.007971435741136089,0.0064075088707682415
64,712,5,2.516733751133869,0.009519436772006118,415175,0.012194533435990544,0.0040146741364659455
64,713,7,2.4780794810328612,0.01103694151257062,215338,0.006340856380448085,0.00931476466598008
64,714,5,2.5683578429226337,0.004953680898705626,412322,0.011536027219878488,0.003974576333246049
64,715,6,2.5369303080703745,0.006639053953558904,276250,0.00797452608726565,0.0030583620915627663
64,716,5,2.5617812663583637,0.009081291804983849,432949,0.011917853359938143,0.0031583042502331127
64,717,5,2.540334119077687,0.009787626785449033,421356,0.011694571289949048,0.002711496668777791
64,718,5,2.6140673347949837,0.004033727830812794,420196,0.011624932292147786,0.004477105660123104
64,719,1,3.630473661917725,0.010810213205031727,36374771,1.0,0.012960336843380382
64,720,5,2.5665291884604544,0.004839573531087882,427183,0.012020882837849425,0.005481971353476167
64,721,1,3.63574946578735,0.011490113835362692,34734834,1.0,0.005762542694783601
64,722,5,2.5626710618364257,0.008479743450668153,411721,0.011376644721390041,0.002647230447493043
64,723,5,2.6281804096518435,0.004719710707899338,431424,0.011608262470546412,0.005644276171188567
64,724,7,2.5373762636096258,0.009448356469110464,212100,0.006093310912094237,0.009742622697390346
64,725,6,2.5486929141392283,0.006729348312217942,300319,0.008316356909585846,0.002411793545656682
64,726,1,3.641018531992683,0.011176848126570382,34682408,1.0,0.011949231002239158
64,727,5,2.532206377476653,0.007546957849240421,420780,0.011964477121100794,0.0029048338005403795
64,728,5,2.5739861518171194,0.010035257631335448,405548,0.011182919969523187,0.00483262008391705
64,729,5,2.5023772362265566,0.007842984724596935,418270,0.012131287052494014,0.002141623811192095
64,730,5,2.554376451278605,0.008233307308597282,415843,0.011726647237450373,0.002935978700773223
64,731,5,2.5435509812885844,0.008658197516599853,436933,0.01195546151217696,0.0012513579050443813
64,732,5,2.547832006166985,0.007604310677241544,435306,0.012004247674688214,0.0040372483763279066
64,733,6,2.5092372635876785,0.007741627287233377,291254,0.008437032330495614,0.002474724216461499
64,734,5,2.5483167107386224,0.00769793382034617,441886,0.01217695933868997,0.0024709221551683647
64,735,1,3.641627104798924,0.0114400826004466,35818309,1.0,0.009215253937925105
64,736,5,2.555889941965143,0.00963143964523605,394678,0.011285817023460766,0.005478872970579807
64,737,6,2.5525608631717813,0.0068957250182261065,295855,0.008167105118376441,0.0025537903825005592
64,738,5,2.5865652023963923,0.006640823363130877,426995,0.011746122551289893,0.0018296535017033322
64,739,5,2.5647692801694877,0.007669324058309668,416478,0.011710953562111936,0.002883854806728814
64,740,6,2.5345260136796606,0.009381703695785282,279970,0.007943210851407114,0.00511030869022272
64,741,5,2.545334288985348,0.009080669417278475,428906,0.011964272264978842,0.0031931116408807636
64,742,5,2.517655602195879,0.010780824109325904,426161,0.011719109531260643,0.005091214517800036
64,743,6,2.5331770926490313,0.007644322718178387,307534,0.008420072624748613,0.0050598423742900245
64,744,5,2.5396226669404713,0.011627072610292388,411188,0.011787587325508444,0.008452255175619205
64,745,5,2.544205137147033,0.007732193744778626,420728,0.011851136422149328,0.004836407589150604
64,746,5,2.557144144192669,0.007570856399535364,405950,0.011348916028253447,0.004153168712847488
64,747,6,2.486443238283284,0.009905379115230817,286977,0.008290602732657219,0.0032868538963577165
64,748,5,2.5907064471744414,0.007031328777085566,421701,0.011646822235473663,0.0013039558892840586
64,749,5,2.5475918585025057,0.00985859427921043,416506,0.011506540883891282,0.0038047843710899976
64,750,6,2.523677734984786,0.007757973693016673,306643,0.008468252909421483,0.0015329289510805089
64,751,6,2.5180862922914287,0.008855183969794622,284876,0.008161080587161439,0.00815823857737108
64,752,5,2.567928467553894,0.008406912510080855,398481,0.011448906180833709,0.002145907399939806
64,753,6,2.4864953834096135,0.007769659425939657,302039,0.008726409234238008,0.0049085556954422405
64,754,5,2.5428329175058972,0.009271721487313922,403624,0.01154069033757114,0.0029530873678664804
64,755,5,2.5964160076632874,0.005511725541835988,403248,0.011463704084012809,0.0056488972504669666
64,756,6,2.518000469396978,0.010343500909505476,291325,0.008235028403180432,0.007671219742582669
64,757,5,2.5545482988483887,0.008485977952440826,427278,0.011752653133705264,0.0047533437637167775
64,758,5,2.5481352096531293,0.010743257586883104,410871,0.01138841255195308,0.004887614772533633
64,759,6,2.5204975253686976,0.008613216779773336,292977,0.008283470981217974,0.003618519635364026
64,760,6,2.5071268682949954,0.0075701024851537735,274293,0.007958913663836213,0.0035844223319558277
64,761,6,2.475475568351531,0.007838135683864045,273394,0.00807330413926265,0.0044956688442476245
64,762,6,2.476698022569494,0.008370656191340142,284431,0.00827043996445843,0.0055294549339068855
64,763,1,3.6427650434530485,0.01065120499826222,36159957,1.0,0.0066254330288059715
64,764,6,2.567720956664354,0.008346801572578721,290404,0.008052961803337236,0.002929697854573421
64,765,5,2.5724063038653666,0.006313663545780335,411898,0.011535958912406134,0.002549440104623435
64,766,5,2.473415122225547,0.01183131794276604,415900,0.011715049105885987,0.007499113331253082
64,767,5,2.581558000510105,0.004791281837443373,412213,0.011643360813095605,0.008071930405649769
64,768,6,2.520039953549291,0.005373579191932376,293351,0.008458876648862572,0.003572270942713507
64,769,6,2.5111751404958897,0.007096851001054727,312745,0.008569135838359429,0.004546169758509355
64,770,5,2.542268551377858,0.00917554468128956,405866,0.01164859509877094,0.003407311868064311
64,771,6,2.539802523100573,0.007199954324705882,299693,0.008356517611388819,0.002100136553456866
64,772,6,2.5422837275085857,0.007291593675828101,290950,0.008076287677950014,0.0014969233150694539
64,773,5,2.5330545106444093,0.0070731456209174315,421328,0.011885441772511909,0.002344537459912782
64,774,5,2.5434435361976298,0.006681539057183605,429883,0.011954135127779575,0.004454913401389593
64,775,5,2.5864837149526116,0.004801273706792397,393372,0.011152021145782487,0.004991815584559356
64,776,5,2.5552437529757355,0.008677093407337466,411222,0.011495562243112599,0.006477512537439334
64,777,6,2.5353269537106113,0.007551436869629169,299049,0.008449553103181863,0.005033941812486509
64,778,6,2.539641974643248,0.006142543111912868,283617,0.007956996415021258,0.0034702619449900607
64,779,6,2.5327720668349767,0.01109399812111378,282432,0.007973265260354077,0.008501689071854224
64,780,6,2.562202889038692,0.004793821719561886,302195,0.008357353979233817,0.007148089343081643
64,781,5,2.565075472311586,0.006674597086662515,401081,0.011440569742831991,0.0020201743136849526
64,782,6,2.5144994023890783,0.008639741955368097,289509,0.008190856006964417,0.0021282541813094358
64,783,6,2.5149865673613494,0.005967570503770614,293817,0.008308302650050985,0.004651621539361717
64,784,7,2.4980909459770078,0.007523853172822115,227461,0.006416205934651289,0.005645760236238362
64,785,6,2.508771469270641,0.010646249746448233,270113,0.007793029858331498,0.008536430317481192
64,786,1,3.629326376231033,0.011300360622698347,35415975,1.0,0.006761528827846752
64,787,6,2.523355016134226,0.005626697783459256,301753,0.008472280154166732,0.0028356769332573695
64,788,5,2.5689429245951545,0.008172907157719789,380074,0.011003638078816916,0.004995990397874794
64,789,5,2.5582200370075023,0.004046312795861318,409902,0.011660504987010647,0.004930064556810748
64,790,6,2.5385555316920048,0.004742751229319275,286969,0.008044421214953756,0.006595867775047171
64,791,5,2.614195051691852,0.0055192850887910705,408074,0.011508694807448622,0.0020161269451504094
64,792,6,2.4906620671530497,0.00857138408906366,292295,0.008455548669052756,0.0021308225232260503
64,793,6,2.609423803580077,0.005994438346556885,284484,0.008069208830701342,0.002556882292104823
64,794,4,2.610700177583617,0.0069594304099001025,643988,0.018076664844837994,0.004429362147299609
64,795,6,2.493592084782855,0.01055672885380754,291725,0.008334568507481842,0.005760077478707104
64,796,5,2.532934564289055,0.009504093080273335,386920,0.011192787785501498,0.007609355809688689
64,797,6,2.525341336631376,0.009797496147159523,271450,0.007965799502308468,0.007665739110146008
64,798,5,2.5479918866197075,0.005902634816592589,406346,0.011589716296582148,0.004189626276956626
64,799,6,2.5577886119199156,0.008797913031430293,282472,0.007899731866311653,0.010225983544132289
64,800,5,2.5604096721827894,0.008669509153310107,412372,0.011727579186797558,0.003664417408917209
64,801,1,3.633706253672187,0.011619185944604205,34456417,1.0,0.0073029783845925955
64,802,6,2.4814400975467064,0.010089928247289826,312108,0.008842934386117045,0.0037087097619815657
64,803,6,2.538713540972186,0.010507305081310925,284952,0.008089560673365819,0.0031939189290123293
64,804,1,3.6352763840588316,0.01107920489978198,35810551,1.0,0.007066761206267258
64,805,1,3.6250256799866483,0.011222718186709502,35517730,1.0,0.006165750784806523
64,806,5,2.5356351308376435,0.007302979983722202,400632,0.011797796732777836,0.007426572706517476
64,807,6,2.5001554915076265,0.009445105693098088,304678,0.008601100619507456,0.002692609292572312
64,808,6,2.549273868903394,0.004219013040518416,299294,0.008534645795973905,0.004362937788271681
64,809,5,2.556847072471693,0.005499159959804878,417587,0.01154867618486787,0.00479761920343541
64,810,6,2.5394193955768682,0.010621480579645182,269559,0.007681677796819609,0.0054344295906920415
64,811,6,2.51503469173787,0.007971477566763863,281303,0.008032067853089134,0.0036158228757522393
64,812,5,2.548966513094496,0.005226788173164243,397569,0.011331224580778978,0.0030930150375453325
64,813,5,2.512469669591341,0.007903266973950718,445423,0.012455774705406358,0.008741332636715837
64,814,6,2.514705911861242,0.006909952980402978,300530,0.008537219470257762,0.004062334289061109
64,815,6,2.5378749097110465,0.0068145863865074485,291350,0.008236733939216947,0.005323931635333512
64,816,5,2.5574349826546694,0.006753341930784695,420174,0.011701919464701812,0.0026374137384417295
64,817,6,2.524285808391161,0.011200540592178676,280934,0.008058983125315389,0.006888591465839311
64,818,5,2.541146205449038,0.009761425193963391,383633,0.01116225216134375,0.007582913123576507
64,819,5,2.583153535987846,0.006791546526068171,426063,0.011766938053331975,0.006690076139599821
64,820,6,2.5234016551212664,0.009325647246012259,281025,0.008036011166831395,0.0022444491014723678
64,821,5,2.5746005044505114,0.004339652272039363,428809,0.011993983666595733,0.007514021607884835
64,822,6,2.5671595240718235,0.0069432776627924575,282255,0.007989681901368508,0.004964531842216124
64,823,5,2.580180267842683,0.007017155242921791,409548,0.011453704058725362,0.0018245106517968956
64,824,5,2.6258021360512527,0.005166577691248286,409947,0.011211567895709092,0.006489656432967061
64,825,5,2.5696719345857435,0.009479193084589554,407264,0.011660292735579562,0.011009317622186932
64,826,6,2.543584673088545,0.008169706709419855,287167,0.007997600444151771,0.004545624337775833
64,827,5,2.541299223559064,0.007993585161702566,412640,0.011721185204298832,0.00414720025332227
64,828,6,2.56057206754736,0.004255989568645924,298772,0.008303593141389704,0.0048215324037041984
64,829,6,2.507317832655078,0.008133090172518176,299742,0.008390435773215878,0.0051175349681018
64,830,5,2.5723434111388124,0.005748000654455465,423627,0.011930914606288295,0.007041303488275974
64,831,5,2.5643913723644567,0.007376827219806481,424363,0.011745289656235992,0.004354843851480272
64,832,6,2.531904633728143,0.008892891796330349,291512,0.008214686719821816,0.002660224261018196
64,833,6,2.568427138868277,0.007539828000464932,289451,0.008136427044541142,0.003246092835001546
64,834,6,2.5359450397856786,0.004452109845350272,323488,0.00884498067279524,0.005042350569755105
64,835,6,2.528762283952992,0.008562661574294084,289027,0.008159209991247312,0.002191557190130755
64,836,5,2.5312969884072336,0.008858807934201463,409550,0.011596160284956067,0.008436421207401956
64,837,5,2.5300259247007544,0.004297171975482794,390358,0.01143012751204736,0.006085652679611808
64,838,1,3.6246454231521277,0.012072894859053496,34471214,1.0,0.008881987354625864
64,839,6,2.5486256693140477,0.005195557994259081,301255,0.008280736525548033,0.0043365031541788834
64,840,5,2.5369089315149607,0.00922377139142816,388577,0.011277432941810661,0.004613757681869557
64,841,1,3.6161628512970045,0.011709245562184778,35175510,1.0,0.00630393989489797
64,842,6,2.52734464005012,0.008252958149450595,302622,0.008467182595648005,0.002434650857348508
64,843,5,2.583686623034408,0.007379890971869862,419348,0.01180826263571084,0.009627384023029928
64,844,5,2.5660106881560374,0.008502419515679593,427702,0.01169897797856173,0.002262087417192804
64,845,6,2.549813794480618,0.006280612496903926,318878,0.008781120120848005,0.003050057508530546
64,846,5,2.5503207235356977,0.009626873718761364,421013,0.011855751331801877,0.0034970990212828124
64,847,6,2.573943637323569,0.006789474646406446,288034,0.008021012795653258,0.002823282387460768
64,848,5,2.5453431441403733,0.0072524460494740595,421679,0.011918868964263434,0.006232536520534182
64,849,6,2.538991284731965,0.008461768741488518,279797,0.008077833969399808,0.0030500036298222177
64,850,5,2.5766269338470544,0.004884719472353083,426056,0.011820878193010623,0.00394714607649066
64,851,5,2.5350663424482067,0.007129799512687107,419749,0.01181756696282963,0.005549522573484955
64,852,6,2.5563729168265596,0.004469206385815161,284815,0.008097897745201125,0.006912098154080781
64,853,5,2.569890096726409,0.009198767484701942,404482,0.011303315774734816,0.004293438750067491
64,854,6,2.541650071467331,0.009833343837434283,288996,0.008021521067428868,0.0061128919883695065
64,855,6,2.5252823988320756,0.008480303164126846,280176,0.007988441143996003,0.006172669085628635
64,856,5,2.5616582793994276,0.006237916233005236,412382,0.01179840486843346,0.00543391418188377
64,857,6,2.55654087631147,0.010067159505461776,287399,0.008062584953402362,0.007714807843736515
64,858,6,2.5270280989492964,0.005572916151197371,291103,0.008348935442830314,0.003677208004981336
64,859,5,2.5356510991266847,0.010021580172806743,413139,0.011880236436658897,0.005970136346413635
64,860,6,2.553283510036062,0.006534561453331977,284818,0.008197495817541032,0.006113352947568429
64,861,6,2.588857084186231,0.008205485741133223,286512,0.007945575227926542,0.0037482737297005464
64,862,1,3.6220615928951196,0.011322744697077614,35704825,1.0,0.00680751993775508
64,863,1,3.650459328675389,0.011105870815459884,34684623,1.0,0.009233138901886928
64,864,7,2.5030093011532077,0.0077545103758597245,210317,0.006036331011030984,0.005913845756970737
64,865,6,2.495126182861017,0.010145277869429536,313077,0.008643249680996208,0.00504737139966821
64,866,1,3.6306479979391604,0.011424258961223677,35204967,1.0,0.0065472705477251925
64,867,5,2.584898980292385,0.00811210221394254,418577,0.011805416750302365,0.0017509170358088744
64,868,5,2.5825786268850446,0.008963557857840754,397511,0.01138212448303678,0.006140687980702997
64,869,5,2.5635705525572257,0.005891800404869252,406101,0.011435532576164585,0.002398269483515625
64,870,6,2.456102402029621,0.008763357204627953,298710,0.008818289565339891,0.0025120330508853206
64,871,6,2.4758592648525917,0.00839493483890219,304668,0.008667083329658848,0.002569345515499921
64,872,6,2.527972281394742,0.008434572122742678,301185,0.008270837617247433,0.0037083128873430238
64,873,5,2.5441831702066313,0.007627816836971557,425764,0.011763774270500054,0.0026905857255909438
64,874,6,2.516528750694369,0.008009883911524573,303839,0.00842239771960281,0.005337005723889621
64,875,5,2.5533607933525913,0.010097263389939548,399383,0.011093953732299336,0.00414802264412939
64,876,6,2.5656106349650565,0.008248212338743621,288476,0.007958441835323574,0.001956908272948976
64,877,5,2.540679036101151,0.008852026151370151,414730,0.01177780872609167,0.0035073280417069475
64,878,5,2.5421940120026054,0.0061578738409463485,395926,0.011413827871233148,0.003485293663822442
64,879,5,2.5624162948345925,0.00867905126259405,409497,0.011449830362320583,0.0031508304787003505
64,880,5,2.520974507517325,0.01035297705972621,412885,0.011724784741289573,0.0038375211172516632
64,881,6,2.473966856519954,0.00972130210155664,292270,0.00843340627261679,0.007065578203265144
64,882,5,2.5620327641807603,0.007441173519998734,413722,0.01141653698304595,0.006906710554684392
64,883,1,3.635594678111048,0.011247283712165546,35045263,1.0,0.008382551408207206
64,884,5,2.537141536691666,0.011356364589875323,404903,0.011506156032038426,0.0076336758388030335
64,885,5,2.522113874884961,0.01113647323399114,401124,0.011828811509125377,0.007312093522993113
64,886,7,2.477772285819539,0.01069028103834585,215821,0.006088233044813583,0.012980246892144609
64,887,5,2.5359793712755203,0.010540525699541892,416492,0.01163682734039184,0.008343178468806167
64,888,6,2.5568780728231655,0.007166019148108882,285157,0.008130556973817968,0.007426401181510722
64,889,6,2.539926211059994,0.006949522721541257,294386,0.008281044563927697,0.007833657373386815
64,890,5,2.5514439408907603,0.0041130722951276955,424916,0.011923566112576113,0.0056657660744404426
64,891,5,2.5750954284570735,0.006276421716434277,421145,0.01180510478244586,0.001567347124085905
64,892,6,2.5111306340673476,0.008546787117434729,306402,0.0085460530796801,0.005064568202757136
64,893,6,2.5144485897798585,0.011255110086136333,279790,0.008088203303880295,0.009646683656686084
64,894,6,2.5898665173699196,0.00514362322021078,292793,0.00821002140629196,0.006670124958735202
64,895,6,2.5479378858368573,0.0052855146694716915,290170,0.008339400285120868,0.004096811542298129
64,896,6,2.5697133007528987,0.004507324808596169,309975,0.008582983068617402,0.004365309277171159
64,897,6,2.5318319962049203,0.009295511402488077,281319,0.00812855248001625,0.003666803431713994
64,898,6,2.5530104350702567,0.005534108782248359,307693,0.008416688114619245,0.005301067927588554
64,899,5,2.5751839718974576,0.005135691279520405,422666,0.01187619563530577,0.006304191053482011
64,900,6,2.52754123331183,0.007768591237205524,299333,0.008401416457938482,0.0043899878917063595
64,901,6,2.5372069613944723,0.0076801732013119794,292342,0.008292089447870715,0.0027070439807220237
64,902,5,2.522671796261354,0.011168206833245153,418940,0.011742561150296739,0.005689979350637975
64,903,5,2.5777293444936213,0.007721283946508173,396123,0.011431515490261468,0.007044090361028432
64,904,5,2.5256643156481795,0.006329284147470249,403310,0.011416578878946928,0.0022985391888101225
64,905,5,2.566417367297778,0.00754976326491591,395524,0.01145589343160957,0.00584493160330235
64,906,5,2.529162836437992,0.008361596314196529,422052,0.011981340027825079,0.006130048347079697
64,907,5,2.541261190515538,0.00912787415335814,409692,0.011635149242517682,0.005765217632285602
64,908,6,2.5542745744949444,0.00810438155919091,293801,0.008277305817686565,0.0034964002920446213
64,909,6,2.5546487837184984,0.005114160071594709,292891,0.008286282456900248,0.004918271562872056
64,910,6,2.5717990327540448,0.007621984317429331,292106,0.008133033537480069,0.003048192497344948
64,911,6,2.5026044986210687,0.008004759519038007,272290,0.00809783182478539,0.004628311145889685
64,912,5,2.5411979806776945,0.009035610982398357,397867,0.011267472650890387,0.002960822398837104
64,913,5,2.546535516302081,0.007908949315086067,420568,0.011752363827216264,0.00644261316588729
64,914,5,2.608133611134537,0.005756833910565362,391979,0.011141013766625265,0.002103817688055898
64,915,1,3.6218282217968873,0.011275051037769046,36329237,1.0,0.007689883995610658
64,916,6,2.4847716579072667,0.008804453416480174,288197,0.008252944322944681,0.005689295810718198
64,917,5,2.5598895089931837,0.010133326746952998,412556,0.01187763897909471,0.005524916801771251
64,918,7,2.5063221398105022,0.008633398365218703,212945,0.006106678769999126,0.009263306501114954
64,919,6,2.5618063974912118,0.006449331035425332,288184,0.008069036709603494,0.0017391749417396962
64,920,6,2.5572776555849854,0.010009170506306786,282172,0.008126807130376685,0.0038367452253390555
64,921,6,2.564799808738545,0.004965727180037516,299117,0.008434378218490428,0.002994140210901497
64,922,6,2.499407977365663,0.008939853794724062,295328,0.008333556725598016,0.0019553652852312697
64,923,7,2.5524199931689826,0.0072709934278173405,207957,0.005933530150420412,0.005090366347816511
64,924,5,2.5421060937750135,0.009156751734078927,397950,0.011454770208731847,0.003515048254542963
64,925,6,2.5518922009841627,0.006145003637632707,293621,0.008264924581201524,0.002894955001376376
64,926,6,2.5091434323021287,0.007966386518516999,298247,0.008557607798465032,0.0012580200714414902
64,927,6,2.562291858421685,0.006860361035908924,291448,0.008244984980699898,0.0017124461650855627
64,928,5,2.526579300839412,0.0075821228179826505,451223,0.012289901269349719,0.004815535272411631
64,929,5,2.5598350464019335,0.0074912406876043725,382863,0.011077917227837604,0.005872446548398802
64,930,5,2.5489263181912056,0.010458537125634715,408956,0.011528406329105111,0.004891721393531112
64,931,5,2.5159947474195157,0.009852089171798695,404430,0.011766421392024995,0.006871854174929137
64,932,7,2.488437374384829,0.008070460579709615,228857,0.006377204052862994,0.0073417949691022555
64,933,4,2.5884302308113423,0.009389832618058258,638026,0.017761582794304252,0.007890394779938581
64,934,6,2.53772458029827,0.009685320450561807,290839,0.008247185713343467,0.002171281548591253
64,935,5,2.5951106492896385,0.006894386664854535,426904,0.011599644454801033,0.004182744875606714
64,936,5,2.537955392175184,0.010806537747833744,394287,0.011316681792428623,0.004238090133518058
64,937,5,2.5529578013567593,0.009386048572269101,413964,0.01141721688969455,0.0046946632870318306
64,938,6,2.561900324606697,0.006719847950473978,313417,0.008665212460784368,0.0024876507683553872
64,939,5,2.5341429879213426,0.008494464227322918,423731,0.011877239976218106,0.00359334309005066
64,940,5,2.549382676717499,0.009886227437304607,397252,0.011410112149133279,0.0064647674080497985
64,941,6,2.5327078150379037,0.00756738059183748,295255,0.008174211153532618,0.001987740410162697
64,942,5,2.6223034717056386,0.008547899495180311,392284,0.01120428274113918,0.0033760235192455967
64,943,5,2.4892352178619355,0.011321257971799892,406664,0.011658904174704434,0.005009406448450493
64,944,6,2.5397952775322863,0.00628271764479027,304331,0.008773310542922949,0.0037913175297724644
64,945,5,2.575574491898872,0.0082732709401378,399862,0.011469499876545589,0.0032343123133310447
64,946,5,2.5746548069503894,0.007363945624536017,418369,0.01159539162110459,0.004557291902341776
64,947,5,2.5848932496183212,0.004526110812561435,419622,0.01175005087874908,0.005947451535428971
64,948,6,2.540223416808156,0.006722400585997934,294549,0.0084724209178584,0.005309100975307013
64,949,6,2.5649815896003143,0.011103644121182255,292949,0.008092395779420676,0.008596231394924492
64,950,6,2.5397488895975027,0.007572569484737279,295657,0.008288986506499894,0.0029500835064698583
64,951,6,2.5791977374812465,0.007458317915534751,294190,0.008165705165222784,0.0017563204376430663
64,952,5,2.5301803177045423,0.010643668789758975,397160,0.011414393557173205,0.006957726040111689
64,953,5,2.5308622766444495,0.00593438584741196,414187,0.011860032449173856,0.005866891736303503
64,954,6,2.5217115973005995,0.00993102348757302,298408,0.008446758119808844,0.004412748310156589
64,955,5,2.543400826360631,0.009016876817083963,411816,0.011584606226177302,0.003693304126838437
64,956,5,2.5879960402186954,0.006390183555413098,418399,0.011397849620542504,0.0019916140752794242
64,957,6,2.546326683645939,0.007600644339459728,314454,0.008625846245238426,0.003772452815702154
64,958,6,2.533331777806223,0.006673242887745623,292478,0.008350491672534578,0.003912892040853433
64,959,5,2.5808064879301083,0.005260063645307955,432381,0.01176798981898953,0.004481324488795457
64,960,5,2.558142716291379,0.009484623564217753,399094,0.011559593991759284,0.004749320798859591
64,961,5,2.59464283078558,0.0054652283117405664,421938,0.011496428540192147,0.004184125095643587
64,962,6,2.5445095463017235,0.006610299245297657,292059,0.008263220490729351,0.002082328447234716
64,963,5,2.5710636228757813,0.006747155551557249,438872,0.011990115078024867,0.008112457622162172
64,964,5,2.5050361038118925,0.0089246748814239,426807,0.012119279353127321,0.009284234034646677
64,965,6,2.557234057791643,0.008013299718303446,285219,0.008083356412253643,0.004474762106216668
64,966,4,2.5697424573100163,0.01094269026525424,613669,0.017533455105144615,0.00637653996540255
64,967,5,2.532222409014412,0.007504031050172499,409554,0.011699633811180124,0.0008976971061451788
64,968,5,2.5723342170923336,0.008195563247790472,417995,0.011434923319167902,0.0025677864404533013
64,969,6,2.5332747786654877,0.0071259457370397294,287189,0.008258463934162567,0.0027040076365763
64,970,6,2.5323994286052067,0.007456500264697463,299863,0.008366797444583636,0.0026475585533966006
64,971,6,2.4917366910882413,0.008591935884852409,278789,0.008055106499037177,0.005595142680831833
64,972,5,2.539852716379256,0.008321761168948338,403412,0.01156769489538028,0.007057282319715585
64,973,5,2.5637080351018082,0.006004546269100519,407194,0.011518177249878685,0.0019160538987467168
64,974,6,2.52095063259416,0.011152162413841149,302921,0.008417388613560471,0.009080769121945276
64,975,5,2.5668959851453663,0.006654691424651249,404234,0.011474540669510667,0.0023247371266723604
64,976,7,2.541607228351014,0.00898493734607364,220089,0.0061633940003851685,0.007228295250685579
64,977,5,2.5630106249434252,0.006743341790194202,412351,0.011666430141580069,0.004877845685829163
64,978,6,2.473585345238554,0.011300987756048042,301729,0.008725614728000406,0.003990890432787109
64,979,6,2.497505181455564,0.006548954732786161,295057,0.008410589389175091,0.002495596830369373
64,980,6,2.4765778268489167,0.011299908534922798,288021,0.008240218500928587,0.009267439721988402
64,981,5,2.5631526936025963,0.005490699423662648,418688,0.011577018106013021,0.006174281978232776
64,982,5,2.5134291512198406,0.009900074470804654,386942,0.01116682437721265,0.003312726380474723
64,983,5,2.536197206313441,0.008511038959440054,424839,0.011916642992647365,0.005386471687021888
64,984,5,2.5996692381813924,0.0048043344959877166,410440,0.011604648916677014,0.005889840530781565
64,985,6,2.512809456531197,0.006707624893394604,295861,0.00847253916896659,0.0033899968059991625
64,986,4,2.5835491600561427,0.009225175139817465,606453,0.01751083568732527,0.005741994026014052
64,987,6,2.4769752613025675,0.010578419699307284,299535,0.008425246153691668,0.006821395900781568
64,988,5,2.564663904971868,0.0073349976889443,421425,0.01173697348425729,0.005225744894200662
64,989,5,2.5714173283350124,0.006560329479697424,406998,0.011453820291378177,0.004405820059336207
64,990,6,2.533044500310511,0.008967239188490295,292357,0.008161490634679936,0.005383617213022496
64,991,5,2.541649569286254,0.007224181383472694,400568,0.011544302986135326,0.0023510774666929135
64,992,5,2.548952103467656,0.008838168330915053,406632,0.011458602827189152,0.008061607779901614
64,993,6,2.5317537323545327,0.01026964305628375,298131,0.008295527589527776,0.002824689539831726
64,994,5,2.538081263935019,0.00749019369507592,403497,0.011554333749254261,0.003146424920546398
64,995,6,2.5572068850305576,0.006323586735680564,293458,0.008085365465914027,0.003165535723926749
64,996,1,3.650244247619673,0.011513200071186391,33922928,1.0,0.006718881674768418
64,997,6,2.5257898620777883,0.006938301111549694,303021,0.008310229479721895,0.0029284932817624787
64,998,5,2.5237762957956966,0.009814393381563147,391378,0.011497194544465477,0.003379139834205902
64,999,5,2.5038242792494265,0.011105757332440569,399512,0.011537464994447744,0.005554275423889532
64,1000,7,2.5123043990591616,0.008217302178499364,228634,0.006429784135649283,0.008002852800395255
64,1001,5,2.503475254921198,0.006949186089139525,403694,0.011634286824909537,0.0062970407955042496
64,1002,1,3.6421922204121917,0.011595580525269433,34096904,1.0,0.012732925943076734
64,1003,7,2.4934052501072004,0.007311377621918358,230669,0.006466805703451869,0.008637824249086656
64,1004,6,2.551192801072526,0.007313984592251299,302454,0.008414666381739362,0.002431082343871682
64,1005,5,2.5405517279564505,0.009418838106938332,418379,0.01194180839165937,0.004707948257344108
64,1006,5,2.542170021312449,0.008541633318557285,393748,0.011563985346395765,0.003060613148921365
64,1007,4,2.5856119404631954,0.005235020613791885,618573,0.01752385406315486,0.004614598933791569
64,1008,5,2.548516147414507,0.005982719016903837,438608,0.012370572496042674,0.0022226750570260023
64,1009,5,2.5517664867596284,0.006679263305714889,425555,0.011950587296154034,0.002381609616207231
64,1010,5,2.547845494534629,0.006635076018449038,422074,0.011705917046889731,0.0023800241469966177
64,1011,5,2.555271688866301,0.00943925833730419,432785,0.011861127799393752,0.0033560802956554836
64,1012,5,2.548600999420722,0.007663730184127915,391628,0.01126434821766227,0.005505255602992198
64,1013,5,2.5737792495454577,0.006084866208638795,413124,0.011528198425296605,0.009205063202364971
64,1014,6,2.55527288798772,0.008658342644470518,281067,0.00806425767338504,0.006217837212930899
64,1015,5,2.5556091210696636,0.00826455754051153,412839,0.011624872748812343,0.0016766303270956406
64,1016,5,2.5378051334472462,0.006664410355613826,401832,0.011753358478486573,0.010589417406711765
64,1017,6,2.4866336223895784,0.008792385121953461,302525,0.008607250797577263,0.0031701654391078637
64,1018,5,2.5707010574958735,0.008984120805567208,404977,0.011549653052959137,0.0025967608011134846
64,1019,5,2.5282758904239695,0.008368630492636475,395384,0.011486495457116379,0.005809820210458283
64,1020,5,2.561317135593789,0.007978752017308022,378301,0.01103823728074108,0.00527136577272902
64,1021,5,2.5445821834678055,0.005082896038419826,429074,0.012067499744910615,0.00856783649826448
64,1022,5,2.5598932763684674,0.005687350798224022,429300,0.011964945969196995,0.002661890647577325
64,1023,5,2.5903528139720327,0.005966629542664359,420848,0.011675489376225173,0.004150375077300927
64,1024,1,3.624818553612593,0.011526154636064434,35986471,1.0,0.0061808450639107
64,1025,5,2.545271895380989,0.00841515865322856,429862,0.012043927602171527,0.0020455110533161847
64,1026,6,2.512325319602478,0.007282850090526427,298768,0.00852048903719398,0.005520802056381391
64,1027,5,2.5616826164867876,0.00695658999697224,414156,0.01160019379031282,0.0021881509337459137
64,1028,1,3.6439482531926535,0.010950527277968303,36372960,1.0,0.008207669741904566
64,1029,6,2.5361140731604896,0.007658093465893523,295480,0.00823218804470545,0.0019369370477594905
64,1030,5,2.4971869451597586,0.006375885916838353,399314,0.011830531460214736,0.004697013288224111
64,1031,4,2.6230659052688847,0.007406662889658744,587689,0.01671146458070017,0.002494068257053894
64,1032,6,2.55251566211098,0.007760995554135008,278376,0.007831789492832999,0.0027769912583638923
64,1033,1,3.6384064257030206,0.011230560303525428,35197501,1.0,0.009754563354430201
64,1034,5,2.4989392506281307,0.009419866270045874,384800,0.011438581121299612,0.003677830952895089
64,1035,5,2.5536998441648975,0.00619032641052597,417392,0.011918417752032538,0.00329295220290704
64,1036,1,3.6172360924362152,0.011114513588785013,35518148,1.0,0.005630636968891878
64,1037,4,2.556355189437924,0.01059947695400515,630570,0.01791509511475923,0.011940596288218086
64,1038,5,2.5732073893428318,0.005213296805344436,414011,0.011561822157313904,0.005684251519759681
64,1039,5,2.556120936973763,0.006840825629635838,427713,0.011833396703853168,0.0038302860771207703
64,1040,6,2.5695562114560344,0.005924331141320072,294238,0.00814469803238215,0.0024381311073775613
64,1041,5,2.5635916139744843,0.004381169285573194,422223,0.011830396326108321,0.005780316573118227
64,1042,7,2.539522966968835,0.009384481061244787,218808,0.006241919391924632,0.008250014116762572
64,1043,5,2.5688349214296164,0.008759026334913489,407594,0.011433749311748849,0.0037081080024170543
64,1044,5,2.531794218948208,0.005631834520526846,420708,0.011940347984564633,0.00651462503896616
64,1045,6,2.5341491456964955,0.008431121855026591,294613,0.00826759097211046,0.0035920521903817226
64,1046,7,2.515892136330529,0.005204280381998827,215514,0.006184634737964435,0.005136311989345943
64,1047,7,2.5430332778292373,0.005759303126339099,236078,0.0064621102746234,0.0037579904400213415
64,1048,5,2.565262275034343,0.007659539797658099,416964,0.011700704485317757,0.006267667573712998
64,1049,5,2.5614077399371955,0.008922980303237349,419543,0.011703678394568309,0.0025362762187058907
64,1050,6,2.5389454982487383,0.008211345326929576,292156,0.008211870047401038,0.0029615806346465767
64,1051,4,2.6160174340146014,0.005708129122738881,646891,0.017834102111731528,0.008331642609517687
64,1052,7,2.5103151419930714,0.009078731651710137,215551,0.006296022197179752,0.007318529775790283
64,1053,5,2.5350746355890177,0.007624319632064114,406303,0.011726258787125327,0.0013492332074637181
64,1054,5,2.529451072907561,0.010558415810871913,415565,0.011700228635416017,0.003591949614658141
64,1055,6,2.5410356070591145,0.009206114154754808,287007,0.00817736738841713,0.004801462287491121
64,1056,6,2.5449060204888303,0.008020771409795069,298692,0.008362093555883895,0.008152740186855634
64,1057,1,3.6442721059095287,0.011517521920225038,34322094,1.0,0.005950882463211515
64,1058,5,2.57756282259638,0.005701748507086102,424083,0.011636610711286091,0.005533255834412887
64,1059,7,2.540063967302594,0.006691120788057225,215796,0.006294367839349354,0.006034252314219335
64,1060,6,2.5157098167675502,0.00950352533009513,290912,0.008247000195918416,0.003797608931967844
64,1061,5,2.542323390506124,0.006634296661988448,427890,0.011759034359277868,0.005973843503329468
64,1062,5,2.5862949609445254,0.009580984578311247,388381,0.011014591019912541,0.005266196195443773
64,1063,6,2.5549028252175288,0.0075853343211615964,288063,0.008067958129621099,0.005188431636623747
64,1064,6,2.507589304579456,0.00796862740769233,298949,0.008563737653294854,0.0058720100321101865
64,1065,7,2.5471610777254696,0.00861398194697327,221573,0.00612168232283382,0.005954978498256824
64,1066,5,2.5805283142705444,0.008211492185427216,380675,0.010894338552742465,0.004503171066365053
64,1067,6,2.518404137254124,0.010657792913007724,294641,0.008232835787365216,0.006313215981713721
64,1068,6,2.5238244590669985,0.005383526377482517,284683,0.008184687005290292,0.004684670726591511
64,1069,6,2.539592245669037,0.006452412480379643,273713,0.007994861099464054,0.004660811549937249
64,1070,6,2.557723207162132,0.00759828461970391,289329,0.008203397788621924,0.003202546331280809
64,1071,6,2.5437042763479396,0.006937098192763447,287095,0.008168186428175368,0.007175124794915666
64,1072,5,2.570341932265411,0.008371095505694703,424992,0.011839154179304274,0.005046395545996951
64,1073,7,2.556310160909153,0.008558588948455625,202466,0.0058148491555765815,0.00834303834133504
64,1074,5,2.541282844968716,0.008349562542852296,415949,0.011665727404375442,0.002599378431403454
64,1075,6,2.530961126353029,0.007626217202925778,294104,0.008231757689234578,0.0020368920574557192
64,1076,7,2.5214937870267677,0.007027195904448558,224210,0.006325495776706755,0.005963621780787909
64,1077,5,2.561810211474554,0.0072958318072748884,402640,0.0114030998340201,0.0033662635324548384
64,1078,6,2.524015782521585,0.009007412459013486,299639,0.008396513591376322,0.0037717149107245884
64,1079,5,2.5822712845774025,0.0067142896548874065,409060,0.0114090093018875,0.0018698409998130217
64,1080,5,2.538339713643208,0.010235275474661076,376488,0.010940879357398571,0.004843249699845953
64,1081,5,2.486301786316183,0.009948733124358067,451047,0.012657725200964648,0.005666983990271102
64,1082,7,2.490151109644013,0.008502220570449026,230179,0.006512910788325094,0.005858659371782815
64,1083,6,2.571160983458771,0.007901646609714708,281476,0.007981691416131486,0.0018063425637999675
64,1084,5,2.5329669825198033,0.006896925628245398,407006,0.011727832317637346,0.004472452562519602
64,1085,6,2.511180819666796,0.008935831706984865,281873,0.00829009902661562,0.005526793321915469
64,1086,5,2.528927987739516,0.009687648706521945,411621,0.011718232562765997,0.006689219405863311
64,1087,1,3.6388029778493274,0.010839691492492642,35417440,1.0,0.004769296310561111
64,1088,4,2.5529539207915004,0.009179359442794022,629121,0.018081533180057865,0.007541153777262388
64,1089,6,2.4950050982031726,0.011114001888123337,292085,0.00825342229440421,0.008639834171814076
64,1090,1,3.6577497553748923,0.01161474918457539,34094129,1.0,0.005928415980888002
64,1091,6,2.530722682446697,0.009549131036395764,297377,0.008259895865044083,0.002316703887236149
64,1092,7,2.5277322032968628,0.010586566792889052,218638,0.0061236814596677775,0.008628527668859132
64,1093,5,2.5337637706045344,0.008721316891490027,417237,0.0116582427126448,0.004499396924113497
64,1094,6,2.4830478941571017,0.008197232346155325,292437,0.008251901965247692,0.002692003899838369
64,1095,6,2.55058021769284,0.006819376572949398,291897,0.00828863416386926,0.0025568157563322647
64,1096,6,2.516724973658001,0.009331896087380387,286573,0.008168626599645313,0.0019828491084911137
64,1097,6,2.4957775230344836,0.007623344916965258,282054,0.008322847176574997,0.002948734889912763
64,1098,5,2.5292381739667413,0.008135038880325796,431239,0.01211084850221281,0.0025055396045052247
64,1099,5,2.513047465004549,0.010631824247170796,419064,0.01176000292972984,0.005041809753747684
64,1100,1,3.6170391688014774,0.011717552041829227,35914359,1.0,0.006609711936374496
64,1101,5,2.536769436055096,0.006057306587207045,417361,0.012230414168022912,0.006072965092160848
64,1102,5,2.537429498058699,0.006776274267162874,422481,0.011977981410414179,0.006200353543786008
64,1103,5,2.5953720610345576,0.007541174772893067,381242,0.011028605925741515,0.002928527929308089
64,1104,5,2.582997762115928,0.005376862112514202,407499,0.011451896017091049,0.0032307712591888027
64,1105,5,2.5627547449523775,0.008319251788224458,373587,0.010811441067362513,0.002611154816897998
64,1106,5,2.55494062580433,0.01020419666958683,396036,0.011284069664020584,0.004529148717226206
64,1107,6,2.5187870837164605,0.00811323630907368,288945,0.00828439568151164,0.0030855867552443406
64,1108,6,2.5200132045934627,0.007883636323766208,302079,0.00863056644879614,0.00327690890850596
64,1109,5,2.564923033638096,0.007713744280780199,402536,0.011402304164173963,0.003504100169004376
64,1110,5,2.531127764010262,0.009013730997606828,420732,0.011935793661681987,0.00557218324262998
64,1111,5,2.5674120525270845,0.007609999587745775,439106,0.01189696636379895,0.006922139348016332
64,1112,4,2.629439432234241,0.0045015984546704635,621241,0.017419214261906846,0.00551812678736846
64,1113,6,2.4684707589549753,0.009268681521735544,283721,0.008215721642416927,0.005630393035082781
64,1114,5,2.560062929355301,0.0065822264510403405,413110,0.01174707975121476,0.004454287611956764
64,1115,5,2.5243900137080755,0.011291502050009394,450844,0.012398016807903091,0.011256492016882502
64,1116,6,2.534570262698615,0.008028994261564004,305233,0.008554159956426704,0.0011212051490684383
64,1117,5,2.574061534886839,0.008147641624311253,426723,0.011753109427780016,0.004443273802885117
64,1118,1,3.648061108921228,0.011027209202871369,35425005,1.0,0.005886655763116977
64,1119,6,2.5149809115054547,0.007053580567020101,297631,0.008459589840738375,0.0011884667543240468
64,1120,7,2.481236498382336,0.0068185052300460125,222005,0.00638426772416133,0.005703003615420976
64,1121,6,2.4554547174665573,0.009763203564577827,285456,0.008269125481233,0.0027447744273881858
64,1122,6,2.4963534955167845,0.008397777087006286,279553,0.008170697617811981,0.001723781597680607
64,1123,5,2.5702577877970425,0.0063363546218954125,416826,0.01171780253855642,0.004639868324728513
64,1124,6,2.501986123911539,0.008577203982776838,286140,0.008216033853941521,0.005962926248096301
64,1125,5,2.484999092981843,0.010150213912901163,385855,0.011258323457930932,0.00552203842327581
64,1126,5,2.524138039417093,0.010590256744818838,420452,0.011892930586602256,0.008674724062880834
64,1127,7,2.51028961016834,0.007425708954070687,205266,0.005992475730394469,0.005575781710790373
64,1128,7,2.49682645223251,0.006527490671382696,214952,0.006261463950732306,0.006923633290269571
64,1129,6,2.460646416567836,0.010443310098214198,286377,0.008244331401411972,0.005357579376408905
64,1130,6,2.540176851307938,0.006597043209521369,307508,0.008491623431620696,0.0034113052218699425
64,1131,5,2.5872779190569397,0.00436245574530264,429842,0.011786590545198844,0.00441239729828824
64,1132,8,2.4936515789590517,0.008494729080896768,170160,0.004924801841556367,0.01024303169996904
64,1133,6,2.5621839910002744,0.00901365429486134,283118,0.00785975818136037,0.0035306963842768047
64,1134,5,2.575992364288991,0.006822512355316834,389604,0.011157071511855871,0.004113076368617241
64,1135,5,2.596625146510218,0.00823901234735852,409204,0.01163904047573288,0.0026818875105759643
64,1136,5,2.5493374679602683,0.006667466827918855,428619,0.011852282202883771,0.003191233281388983
64,1137,5,2.5181729639656365,0.011398431879522719,391775,0.01132598874053184,0.0056479915511553624
64,1138,5,2.523980502718751,0.011528934305129301,389175,0.011440805359791317,0.005105735723855642
64,1139,5,2.589661937858198,0.0061893241733644855,415001,0.01157438409224946,0.005167743972258609
64,1140,6,2.5456809684765282,0.005054767313640851,299076,0.008298671828479242,0.0031343236053014145
64,1141,6,2.559916722946971,0.007598731946663717,301082,0.008240464957510487,0.003983659955255403
64,1142,6,2.564159683908167,0.005382122748792906,293035,0.008050848028062179,0.003453830279217196
64,1143,6,2.5712774452457943,0.005462769183447014,286564,0.007961521406166865,0.006168060781671536
64,1144,5,2.536291328324743,0.008894028355427963,401440,0.011439899293321764,0.003196251954092455
64,1145,5,2.5261313683180244,0.009309467335590238,402652,0.011378231094978554,0.004785748681363944
64,1146,5,2.5190603080356206,0.006650509089332957,397949,0.011488100281451225,0.005384561320460612
64,1147,5,2.525685830943244,0.0069334329381588455,427796,0.01206812023898261,0.006280468437678766
64,1148,5,2.609649796702493,0.008067171661972461,375098,0.010775690693568634,0.0030655790943027728
64,1149,5,2.5662055390843435,0.008266395600115772,402550,0.011502011230454617,0.002034402715193284
64,1150,5,2.569544894905502,0.006284888516128184,418507,0.011763749520146834,0.0033163260039710263
64,1151,6,2.5143548975102052,0.008507021426187422,307151,0.008533850143356546,0.006250154158054577
64,1152,5,2.5421135874348746,0.009149317693672443,426828,0.011892765167651493,0.0056362499076335615
64,1153,6,2.5305837856178033,0.006988793240255142,284843,0.008148423090483761,0.0019505909590962212
64,1154,5,2.5186068854492256,0.011292907612973413,392110,0.011249098316390593,0.005731545422433815
64,1155,6,2.5315560816526865,0.008072960859727751,287079,0.008011276102945424,0.00346985671145314
64,1156,6,2.460704134946648,0.010559907141730163,292286,0.008563000511285128,0.003656434623116156
64,1157,5,2.525507285003794,0.009261128072110547,400295,0.011723307966976116,0.005622039862318573
64,1158,5,2.5180885673886455,0.011451561503165841,414831,0.011585317405736342,0.006456214650607195
64,1159,6,2.56599959497397,0.00716691325324792,286667,0.007968897097214002,0.00408910993784567
64,1160,5,2.554881160971249,0.005935816354792345,410090,0.011824607357091984,0.007431603382522911
64,1161,5,2.533719009215233,0.010014212774164921,389497,0.011265442270931663,0.004639862267157624
64,1162,1,3.6257856567029703,0.011510800391720921,34672147,1.0,0.012624084499992305
64,1163,6,2.5178740978784173,0.007025263642101209,306337,0.008704283629788308,0.0031760616256162333
64,1164,6,2.5912359189528993,0.005232645962674587,292580,0.008213441685560605,0.004271305407768766
64,1165,6,2.512730802778198,0.008731808247855133,300930,0.008585657993981395,0.0030546485155463765
64,1166,5,2.563477368824217,0.0063721173460450364,416491,0.011828424890065692,0.0017658695110298606
64,1167,5,2.5543203008383504,0.008345927466863468,420619,0.011794040050425515,0.003031635816738487
64,1168,5,2.5155547942229823,0.008972605039985815,443769,0.012245710935391802,0.005875734304824243
64,1169,5,2.5975543705652964,0.005652756044158103,415970,0.011671112718000053,0.0031483182659423625
64,1170,5,2.572303690493179,0.005663129977200643,425950,0.011833267469487908,0.0056661806322994
64,1171,6,2.565330001416094,0.00644766873833269,287418,0.008126358602341415,0.0018318146344603603
64,1172,6,2.525793586549935,0.009472535075671917,297696,0.008389647402364553,0.005380310560845369
64,1173,6,2.574973066933733,0.007551414713709459,288177,0.008057498334058949,0.0027210456952962148
64,1174,5,2.5243193845613434,0.010899497920867696,409210,0.01152503170362421,0.003780360256293469
64,1175,5,2.5359169721185726,0.009634501724883338,400752,0.011401095301955684,0.005155344688630548
64,1176,5,2.5405518044342523,0.007140044652824029,404025,0.011620609094502524,0.0032115234877067023
64,1177,4,2.6393114256776364,0.010886800331515567,612807,0.017311176222512287,0.00579184999530058
64,1178,1,3.6621845936849207,0.011001052732241057,34944795,1.0,0.013103418560583113
64,1179,6,2.5519965365872066,0.008901506602140619,293417,0.008206574187048035,0.003401174469213286
64,1180,1,3.6704466601267085,0.011004312696390128,35023574,1.0,0.012809034700273947
64,1181,1,3.651564436821321,0.011162634099516233,35082164,1.0,0.0072406415650726474
64,1182,5,2.514532741040159,0.008787131548702087,434538,0.012079894466816319,0.004668592447216846
64,1183,5,2.5170644957903043,0.007986265317037278,382042,0.011231625485872419,0.006813950565205729
64,1184,5,2.5388052941601256,0.007403776519449012,418132,0.01180376890536905,0.007787159708132152
64,1185,5,2.592491473024622,0.007075579280497957,420628,0.011609561601240038,0.004939380590307185
64,1186,5,2.5160110336519605,0.005792279767510511,440669,0.012303601084892667,0.003550470025675545
64,1187,6,2.613930354404992,0.007758290808972612,280084,0.007946921180906745,0.00493155087047098
64,1188,5,2.547884188047994,0.006568285085920222,402111,0.011331710039589448,0.002559223374400732
64,1189,5,2.5506434866650984,0.009290532024623377,395391,0.011361810344827587,0.00506798133339037
64,1190,5,2.567839665633781,0.00612537620474668,411429,0.011489284093520425,0.007674969731048753
64,1191,6,2.5475004462598987,0.007945738036048366,287752,0.008034828386473033,0.004993313553783851
64,1192,5,2.594177582871051,0.006494012536022997,429716,0.011708942814202972,0.003543253606097363
64,1193,5,2.514916165854266,0.010844765054825123,430168,0.011994849136821079,0.006435890354365648
64,1194,5,2.53347371660984,0.009363618099119064,394877,0.011325014053844645,0.003745490893620418
64,1195,5,2.538597999343177,0.008626810892404135,458576,0.012453904765551664,0.00975012987280649
64,1196,6,2.5482664877744146,0.007592460851172156,293273,0.008392370303978576,0.004537207485124539
64,1197,6,2.5186852610849253,0.00782886204503197,299577,0.008520886877395616,0.0008543368130900231
64,1198,6,2.5479617328399145,0.009221886639911525,297949,0.008276111908185876,0.003403735238242722
64,1199,5,2.5818028461800537,0.006576022346301003,419778,0.011933892549935425,0.00330780007284856
64,1200,5,2.5635206663019003,0.009291073433789765,428167,0.011757151676666919,0.005197830876194742
64,1201,6,2.5595536787317954,0.0069763589451795616,325391,0.008883659985682005,0.0031039206550928233
64,1202,6,2.5134207166363822,0.006322660585967532,315716,0.008843027605093371,0.004003510127093324
64,1203,6,2.5279331988922658,0.006179850661337416,298040,0.008260074733112063,0.0038874339417241943
64,1204,6,2.5316999091851575,0.006994190002822531,299407,0.00846985947632202,0.0028959856872911027
64,1205,5,2.5657112529878674,0.008377582118119342,428511,0.011856705828485213,0.0035553345731441643
64,1206,6,2.609476072779989,0.004994610107524999,293658,0.008285829721061113,0.0039270038466955315
64,1207,6,2.552116665644744,0.010038026015983692,308743,0.008409994497900232,0.007238740318403991
64,1208,7,2.491198040869722,0.007108785885148017,221760,0.006282608775101219,0.008187926355576303
64,1209,5,2.5437568168987674,0.007518084825931082,408225,0.011606830278074036,0.006639680769166323
64,1210,5,2.590426116411964,0.004788541963150927,407931,0.011416828497731193,0.005958771858457723
64,1211,7,2.5553832046151665,0.008402307275023335,208454,0.0060101063570914375,0.008536586848626515
64,1212,5,2.503758734981161,0.011839199530671363,422439,0.012090147079202557,0.0060964179934615
64,1213,6,2.555113457577881,0.007062508288932734,293976,0.008454852520953928,0.002154410551200192
64,1214,6,2.56044909184252,0.008960655993214939,291606,0.008048779457795578,0.005468338229916436
64,1215,6,2.5613790008836306,0.007766219529402152,296843,0.00818588623966816,0.00556779277151892
64,1216,5,2.521275127422272,0.005917044125795967,433945,0.012188370708250944,0.006059754779324467
64,1217,5,2.5326615682399134,0.008752726194296678,424655,0.011925590136348625,0.004742158240893968
64,1218,5,2.502193714841549,0.009259340915600434,391078,0.01129735445908208,0.005281235988421451
64,1219,5,2.5654368799461804,0.007332438159772137,409184,0.011434681661328596,0.0039146720167334
64,1220,5,2.5704375184266293,0.007487489457209007,435181,0.01186993777011629,0.007114474323145492
64,1221,5,2.582074791449164,0.005952193003874451,420225,0.011661872225787056,0.0041403735545924025
64,1222,6,2.5287251440420433,0.009694062471227283,274652,0.00799365681101896,0.003833899493994819
64,1223,6,2.55462558527584,0.00838682922088696,291585,0.008064397248084765,0.0012800093120278744
64,1224,5,2.5533963473632686,0.007364615845409372,421224,0.011684992547496706,0.0021280868605494385
64,1225,6,2.505714164113716,0.0074591453961225795,286930,0.008359252366507754,0.0030823590172923687
64,1226,6,2.505671687935519,0.005997881293323126,272473,0.007940718657580729,0.004204533590330017
64,1227,5,2.5842144545396724,0.005859870298132841,402834,0.0114285769405422,0.003511582320290557
64,1228,6,2.5020850822970657,0.00699343605132563,303650,0.008537893894884284,0.0028918327356540763
64,1229,5,2.540083968541871,0.007746254483590453,425755,0.011695156089425264,0.002871876545222085
64,1230,7,2.521119764273608,0.008810486802076634,206815,0.005927555959894337,0.008135965314431004
64,1231,6,2.5445930993540813,0.01024768790096231,285866,0.008055561410629781,0.003099434252182731
64,1232,6,2.52414155855942,0.01001264686843184,278903,0.007996763481705773,0.004056890171560579
64,1233,6,2.498806715551712,0.00880036413648455,294567,0.008352989349737954,0.007209923914710981
64,1234,5,2.524139972808486,0.010933027389134264,364056,0.01091991632431446,0.0052418412527429625
64,1235,5,2.589672055250822,0.00609037450724681,416314,0.01151494678616694,0.0034146835977610923
64,1236,5,2.507696491962983,0.009583333152923479,428930,0.011982726859980804,0.002751471054331489
64,1237,5,2.489689161276962,0.008853771086249074,420094,0.012006653741823763,0.008118619294525287
64,1238,5,2.5649204533347207,0.00787322671889068,413255,0.011577790421751739,0.0060135878617940675
64,1239,6,2.522337115420806,0.006461763225763417,291340,0.008327359970785927,0.0019688821783210297
64,1240,1,3.6383480613817016,0.01131151369740313,34626856,1.0,0.00808151560792536
64,1241,6,2.5018517768248314,0.010397702759172511,304930,0.008570203734650438,0.005702992756118075
64,1242,5,2.5832559261868666,0.006664923300875092,412327,0.011508788183305602,0.004850465684829108
64,1243,5,2.5336140146671227,0.009347409359376835,434558,0.011991159790224378,0.0033991696903399315
64,1244,5,2.5364425070367336,0.006468193260409594,418125,0.011717588750173188,0.004725480550976047
64,1245,6,2.576824029362524,0.004917652432492536,308902,0.008751182351022072,0.003545196513961346
64,1246,6,2.610364830584714,0.005255881557502229,275893,0.007862623178997058,0.003634373414127534
64,1247,6,2.5626370618196197,0.004239703070380019,304421,0.008388785100296798,0.005234805528623432
64,1248,5,2.567929640344184,0.010439068121259387,393011,0.01119018939990146,0.004920409958550698
64,1249,6,2.5474155846633426,0.00838104157396835,280872,0.007990128007840607,0.006962780024522552
64,1250,6,2.5527268402600134,0.006109712170487058,293687,0.00826953910103794,0.004729801608656992
64,1251,6,2.5225268799789884,0.009139331617983415,288725,0.008190295926901797,0.008927769681274955
64,1252,5,2.543856939529299,0.006802245281665065,403755,0.011540104890608735,0.005315685911908896
64,1253,5,2.5382863233778075,0.009121157743330999,393648,0.011388796179756244,0.0037781254864234226
64,1254,7,2.4748243889619896,0.010936107520371996,221443,0.006336550697398864,0.009955123728178972
64,1255,6,2.4909196068552544,0.011117740772950468,302985,0.0085385827494166,0.004202052575313253
64,1256,5,2.5811832929101737,0.005589218108695282,408242,0.01146001806970775,0.004253410675918778
64,1257,5,2.5928676171214713,0.004297057677857596,436652,0.011690240694969779,0.005995838195267611
64,1258,5,2.5527637130965326,0.008246452155336259,402803,0.011827526930987218,0.0060410860264962785
64,1259,5,2.5636556154912573,0.0055092213524764455,421728,0.011752797311678038,0.003114746441329863
64,1260,5,2.574550693307092,0.008474120710116939,404853,0.011554548280016131,0.007652422228196731
64,1261,6,2.526705498574967,0.011273162521416857,278356,0.008025320197174998,0.00745823480819191
64,1262,7,2.5151668059508117,0.009641574193283375,221952,0.006173671391019521,0.0074925008444128305
64,1263,5,2.5251185150835425,0.009551262095596313,438419,0.012177974044039912,0.00848498453688018
64,1264,6,2.549404125007134,0.0059200103389494,297340,0.0083293275021878,0.002385204970380639
64,1265,4,2.5811299164074426,0.009331478915817759,659084,0.017680773938266017,0.00806674799007967
64,1266,1,3.629381331015244,0.011715791104874973,35298817,1.0,0.007891826830057735
64,1267,1,3.632916019298196,0.011427732685443392,35389252,1.0,0.011614701055113197
64,1268,6,2.571514325411979,0.005109030183678143,311449,0.008484437810274121,0.004594835919924267
64,1269,5,2.547859922163343,0.0061239062672612254,425384,0.01195112418822925,0.004696850970309169
64,1270,6,2.520459650447878,0.005899450178270316,290524,0.008401663629111277,0.0023764865528748125
64,1271,6,2.5347366603209447,0.010541259538451087,273046,0.008098169582218491,0.004041903972533345
64,1272,5,2.5458061682337387,0.0107775594318118,412537,0.01151297447480149,0.006377617901515253
64,1273,4,2.5489018947713755,0.009466720288426322,664038,0.01859774579652682,0.009556777492862045
64,1274,6,2.585374894965539,0.004361248264609929,285979,0.008002529656656474,0.0076479383068720486
64,1275,6,2.512966028589352,0.009480163300309319,292189,0.00836205836180938,0.0031592816212518138
64,1276,5,2.5725253932830303,0.005471490047618932,388807,0.01127700075929858,0.0034859645133279438
64,1277,5,2.5455574125675575,0.007439731618436307,424092,0.011978107864994885,0.001977583810818251
64,1278,6,2.526814329918154,0.007927419833168137,294661,0.008367419153487326,0.0029805036392774875
64,1279,5,2.5923325262478953,0.006983487403515232,442893,0.01204482344250683,0.0059558399196447676
64,1280,5,2.5896654604595195,0.00922126641164478,388610,0.01123465411324188,0.004651199513375004
64,1281,5,2.581250373928345,0.0067961790126551125,399972,0.011376673586728362,0.0024213928708021193
64,1282,5,2.554592451195044,0.009319993778564406,429682,0.011925060413909904,0.004309704070369458
64,1283,7,2.5337993359903,0.007448577199223205,205471,0.005903564831324995,0.005968955800802922
64,1284,5,2.5477233465679743,0.007556841746479637,414800,0.011770632929179892,0.0056086199995390995
64,1285,6,2.5741833399840797,0.009790707657025277,281268,0.007943902493926375,0.003545793648717377
64,1286,5,2.5856489512797145,0.005130370765545456,427702,0.011703285849737352,0.0059131445201903166
64,1287,5,2.5725664533325063,0.005080266805694678,435634,0.01193283336216785,0.002934415562709014
64,1288,6,2.557705130541938,0.008523073706818818,287211,0.008179070588456749,0.0013563585000516687
64,1289,5,2.5386639737611634,0.00975239801026423,414102,0.01168673217997142,0.004972042259517528
64,1290,5,2.5698730065310413,0.006239083841160453,410281,0.011399848085752388,0.002454246442098351
64,1291,5,2.5612673312457157,0.009986127616255502,418578,0.01167460968607316,0.00470175039333931
64,1292,6,2.579690313554891,0.009896666172071633,265750,0.007547130588050264,0.005718171917895309
64,1293,6,2.514763154853444,0.009639150755439307,308501,0.00845579857317016,0.009573180888357125
64,1294,1,3.6451129916479883,0.011531941143355318,34907062,1.0,0.010229465659676251
64,1295,6,2.5496247146305375,0.005545852806044138,300930,0.008436580494938766,0.004576622776961026
64,1296,5,2.553178018308271,0.007702109633809018,411982,0.011681993951695283,0.007063905365293333
64,1297,5,2.5776055032341043,0.007529019937226766,391453,0.011244644328550218,0.0025155292845759902
64,1298,6,2.515137802268597,0.005988388604391326,292366,0.00840928770601232,0.002939032680495224
64,1299,4,2.5834082714400677,0.006380355726799181,638540,0.01821155325605882,0.011986264620149623
64,1300,6,2.531040151337476,0.009233922898044034,287208,0.008030927605301417,0.0029642515408202508
64,1301,5,2.5828459273190743,0.00757763622612484,391101,0.0112158327348799,0.004916343288541958
64,1302,6,2.530858390796129,0.010404747526797431,287150,0.008187659852189857,0.005731682599442456
64,1303,6,2.506444709877336,0.009523408420876955,281226,0.008122273860063966,0.00480628290774926
64,1304,5,2.5482897979474064,0.006777227249429751,387863,0.011165436777764964,0.0023812297050707087
64,1305,5,2.5131077775685626,0.010764315809040692,421261,0.011873842066380725,0.00518345005870624
64,1306,6,2.483237282522191,0.01001104921119933,290770,0.008389331938890972,0.005708535860746933
64,1307,5,2.5459422342861204,0.006321940455738528,408173,0.011605085843084936,0.0034569936243721844
64,1308,6,2.550627670991677,0.008972007195456988,279313,0.008029067262715957,0.004200395311230565
64,1309,5,2.5887542498381815,0.007848379429238661,406684,0.011251551852563293,0.005828363834826655
64,1310,5,2.554968057236433,0.009098353122179825,411510,0.011491247610039147,0.0032162963808126666
64,1311,6,2.554251460248826,0.00886691865837319,295303,0.008037355878853755,0.0026149527541332596
64,1312,6,2.545656975677797,0.0065782575004846855,296338,0.00830370921970414,0.005538959275467992
64,1313,6,2.536768425575103,0.0067150551366329525,287813,0.008233417778790587,0.00805831684991154
64,1314,5,2.5635531145747823,0.007199551986415198,428795,0.011824354229133839,0.0032774880796482275
64,1315,6,2.492687422130838,0.008480050292983599,274814,0.007911259535309726,0.004755633536467907
64,1316,1,3.618119366774684,0.011942199224074912,35296235,1.0,0.010743161906445309
64,1317,5,2.5745749568785943,0.008593271008899506,424304,0.011578679537590703,0.0022532595270577938
64,1318,6,2.5521085698353607,0.005761372842754686,306552,0.008368986950771923,0.00393526251341636
64,1319,5,2.5747086341107517,0.007826652240468579,401053,0.011433823205535383,0.00158930424262127
64,1320,6,2.5109933598143477,0.00863602604868019,277834,0.008019724838753404,0.005961942227201367
64,1321,6,2.5558951274997,0.005431053592772739,285244,0.008222777055545083,0.0038765944131076147
64,1322,6,2.557283927323607,0.009890354681933333,278278,0.007880736425392002,0.006694708090859147
64,1323,6,2.501882871202067,0.00897652598298404,288062,0.008323120202432503,0.005344626810949826
64,1324,6,2.5589273643401205,0.007768239781513531,290695,0.008091168186326637,0.0033926541574776925
64,1325,5,2.5094090976246277,0.00832251885777524,392212,0.011394036609935668,0.0024342693256894643
64,1326,1,3.6341715028062187,0.010877261261432514,34369185,1.0,0.012048133278774242
64,1327,6,2.533687821471892,0.0061061658913669214,299017,0.008509040483798242,0.004281115489756793
64,1328,5,2.53359771064426,0.008165960336954825,420730,0.011566174307714724,0.0031432196295561043
64,1329,6,2.5460821715619737,0.005116325376973707,299804,0.008501151808469734,0.005418337241967386
64,1330,5,2.5721312645846828,0.006379035473463579,430429,0.011834005384769518,0.007334927600160135
64,1331,6,2.592610650430453,0.006807272582585178,295646,0.00807461862444382,0.003706602403181991
64,1332,6,2.5524938025044444,0.00884155688798638,297735,0.00836913009113999,0.0020176375036905225
64,1333,1,3.648345984091269,0.011037479419189533,35451851,1.0,0.01237289874033115
64,1334,7,2.587092194485708,0.008631068752917082,219621,0.006056616002421091,0.006139137328264821
64,1335,6,2.5792653342793406,0.007881480084525827,279160,0.007897292424777696,0.0018984574808607046
64,1336,5,2.5435250682190675,0.007223064940746815,425897,0.01180578141420952,0.0066451970359111545
64,1337,6,2.527147890792881,0.007447512122266353,293058,0.008289926149113497,0.004246348855388327
64,1338,5,2.5959973117291923,0.004722621476394795,420341,0.011670555176601061,0.004057284831530228
64,1339,6,2.5041568922183184,0.009581820427932763,305147,0.008614581067801866,0.0029124559217346135
64,1340,5,2.549097272352748,0.008209145372578663,425771,0.011839301539297452,0.0027012621581029572
64,1341,5,2.5328643310308765,0.009090813407272913,430912,0.012081016082443335,0.004448437379931058
64,1342,1,3.6227718269906375,0.01150504507436334,35258612,1.0,0.005810421562006951
64,1343,5,2.55779957308019,0.008604118855160436,386774,0.01114959279630233,0.0035728909947396748
64,1344,6,2.563219226602854,0.007239450929275915,293331,0.008187096896820909,0.005141841734011998
64,1345,6,2.555597742901452,0.005525742373564513,289724,0.008235415709927262,0.006638067638056189
64,1346,1,3.6485158558808894,0.011584583738737941,34617174,1.0,0.009742646664462118
64,1347,5,2.577565709205975,0.005380827915561048,422239,0.011794566346841465,0.005829268768623275
64,1348,1,3.6511100765376057,0.010950108207648301,34898394,1.0,0.00871806717812601
64,1349,6,2.4974256203781153,0.009573954489899061,277573,0.008191062970229642,0.00387790529443921
64,1350,5,2.5470641550651627,0.009395405883176777,406078,0.01137531381151644,0.003924411479146461
64,1351,6,2.58584758477168,0.006635275546888697,271858,0.007647218979442343,0.003150179593657376
64,1352,6,2.5130868577938394,0.010284159400756887,297166,0.008358536040241223,0.002613711243605543
64,1353,5,2.5512735672162816,0.00781674340248839,414039,0.011424573598641763,0.004698732457167121
64,1354,5,2.601716270885421,0.005577720573417433,408135,0.0115467015110821,0.0025414169294979416
64,1355,1,3.6318314767663713,0.01162066676610074,35511139,1.0,0.004844441428147883
64,1356,6,2.5669805980508102,0.007271998096792354,302015,0.00831077084872779,0.005372620574856879
64,1357,1,3.65898903075292,0.011085366286474496,34979300,1.0,0.009815009636223393
64,1358,5,2.5716492657692016,0.006533084681682733,399833,0.011183888652794736,0.0028226301566647294
64,1359,5,2.5512523117039905,0.010320061516888357,405070,0.011503010101504047,0.0042763438676244325
64,1360,4,2.579457708183816,0.00614356214492634,679271,0.018323003264401408,0.00660474936518507
64,1361,6,2.571506486446463,0.005098731639080367,288910,0.007990478356703405,0.004224405193991476
64,1362,6,2.5409246006526454,0.00537382444256751,300541,0.008383810891045718,0.0031792094694061968
64,1363,5,2.5633921212798,0.010077942384196292,379291,0.010938336283120506,0.008622868418441398
64,1364,5,2.5409028945187497,0.007637328476953753,395400,0.011328079518648872,0.0026729885414333854
64,1365,5,2.5513505597610067,0.007251996908886893,434812,0.012017099960801789,0.0041336329924138715
64,1366,6,2.5485586126861715,0.006163230614453674,298339,0.008357279987297923,0.001992108569659118
64,1367,5,2.5594441938943544,0.006487070305048137,401743,0.011513015407706407,0.003839195646805238
64,1368,5,2.509094070325301,0.009587665085077912,405999,0.011616959406180776,0.0033581650729720414
64,1369,4,2.561439792073475,0.006059609542534594,606808,0.01748575756564579,0.010101826766008737
64,1370,5,2.5695601741276635,0.006831496337106113,432000,0.011802008199117362,0.0051509204563568445
64,1371,7,2.5347991397949046,0.008822810861565111,214392,0.006134522391584724,0.008863277587443819
64,1372,6,2.5195262706168084,0.004876332764188085,303698,0.008696933109576982,0.005189836238673917
64,1373,5,2.540042546071926,0.00937433970151158,412168,0.011549380587660286,0.004107437065891617
64,1374,5,2.5569994892635033,0.009705417672818406,419120,0.01175904572841273,0.0037734794919660475
64,1375,5,2.573984526830652,0.007972331709301672,393607,0.011283851885335858,0.002762224396809454
64,1376,6,2.5204028128255747,0.008988391247754302,291234,0.008233257362696283,0.0034172407433425978
64,1377,5,2.5261853835900925,0.0075396317644829125,401273,0.01148848999447811,0.0016194799427012851
64,1378,6,2.557510766708465,0.005598311051370319,303930,0.00849375390638482,0.005998050429836255
64,1379,6,2.5018843814899894,0.006594975832486472,312318,0.008785087870428126,0.005299457843208177
64,1380,1,3.644799678924915,0.011371565202073386,35464386,1.0,0.0051841912349051
64,1381,5,2.570929124347996,0.006569672601372534,407010,0.011345096506350827,0.0008033951984403043
64,1382,6,2.5787225125408475,0.006807202841393134,291017,0.00812450186242627,0.006528335514421446
64,1383,6,2.555424407591788,0.007143980105402847,287764,0.008184032138886806,0.005466364746577135
64,1384,5,2.5094493246097773,0.009344198499003031,406028,0.011605383463303235,0.004201985720907575
64,1385,5,2.6188385084105255,0.007105956254321422,385371,0.010772356411139947,0.007047814181694201
64,1386,5,2.566196000484518,0.006194897416380352,384265,0.011293858911129925,0.006414715849000663
64,1387,6,2.5310499438526706,0.0066090459639800425,321336,0.008718363929020012,0.0039027383260911153
64,1388,5,2.5586757325379494,0.007973562978836668,437213,0.011943567393249413,0.0026221129703534185
64,1389,6,2.4928658661165937,0.011254119616452618,307434,0.00851465691195417,0.004497758681335617
64,1390,7,2.452908424627322,0.010216049227300461,222543,0.00654360364750264,0.008488140551578427
64,1391,6,2.524654678052579,0.005279374505424705,287958,0.008377097932725234,0.003824815352651889
64,1392,7,2.5390072633629788,0.005168990830722198,243773,0.0065795038655762665,0.00448135191062482
64,1393,6,2.532553214790641,0.009945276090274069,306697,0.00843746218132622,0.003989986994309969
64,1394,6,2.5351811647959837,0.006813919300598492,317451,0.00873750773595222,0.003553027674839837
64,1395,5,2.5850063083029866,0.004495409384679072,423728,0.011666885698865943,0.0051865882748317604
64,1396,5,2.559268935351693,0.010147755795791191,419063,0.011731468808516426,0.004400766150201241
64,1397,5,2.576423127624324,0.008611389433559213,386454,0.010778086392810258,0.0031283519604645704
64,1398,6,2.5034220746116196,0.009273112470965628,313245,0.008690877920028997,0.002526178636015064
64,1399,1,3.646925297213867,0.010608593299174074,35463979,1.0,0.008077422481648278
64,1400,5,2.5371875440055747,0.008358299322771434,420991,0.011942899352000172,0.002423971393633484
64,1401,6,2.4961830539352907,0.009141185162627519,279307,0.007934593317825138,0.003157067682044379
64,1402,1,3.629185188797693,0.01137943666528296,35314802,1.0,0.007219628218713026
64,1403,6,2.5397434096193954,0.006034871884165627,299027,0.008506013037544996,0.003431125604488189
64,1404,5,2.4980793296305257,0.010824382240850028,419242,0.011745009452356668,0.00409088707689198
64,1405,5,2.5253334012103563,0.010333056168617238,413778,0.011653636740547273,0.0032999736432387516
64,1406,5,2.530316479034481,0.00914600261135401,404202,0.011552004727324452,0.006147884293847605
64,1407,5,2.5399427617097485,0.00810555839135263,417286,0.011679549869096766,0.0031105897255317982
64,1408,1,3.625935282430301,0.011030681433123468,35747831,1.0,0.00775348224175576
64,1409,1,3.621248914750461,0.011238269927130173,35917673,1.0,0.007596949090916905
64,1410,6,2.502292808831594,0.007698338750178002,280024,0.00820984993768525,0.003172332529781108
64,1411,5,2.5274840509216956,0.009679013341164056,406684,0.011561186940262813,0.004474696790432553
64,1412,5,2.5756675147256036,0.009843945402075671,411195,0.01160391212367889,0.0029297426365402224
64,1413,5,2.5334957816631154,0.005742827840181319,408682,0.011710041334226434,0.0071854757558603155
64,1414,5,2.5538617515215982,0.00851795314179149,432130,0.011888097440307999,0.0023368443822567864
64,1415,5,2.5703685478666984,0.008601313547946687,431594,0.011885278371766927,0.006701307914210641
64,1416,6,2.48036195207351,0.008722074504412425,301884,0.00858141006037892,0.005449141206917862
64,1417,5,2.5597903241277855,0.008673350244951583,440108,0.012020933470108913,0.002347742600604774
64,1418,5,2.5195433176309288,0.009672101099837849,387704,0.011196427761274986,0.003971926665355174
64,1419,5,2.5479181825316757,0.009736076979479868,400975,0.011542236858013,0.007817537383952189
64,1420,6,2.5353757663082,0.00709348995225334,288306,0.00816434810707879,0.0016501576329237544
64,1421,1,3.6243475716321836,0.011815711179378519,35444696,1.0,0.005247493572174411
64,1422,5,2.5320185526494208,0.008774224739600656,423226,0.011676451393480378,0.00449089541789649
64,1423,6,2.539275915392494,0.009142049055847035,293600,0.008258422233495356,0.004249784041747973
64,1424,5,2.5467867584673796,0.007101102474393439,413151,0.011574003844582586,0.005441537545816055
64,1425,5,2.5470399179017886,0.011070478415122098,411756,0.011417879164910567,0.005656633253627419
64,1426,5,2.554042123744617,0.006015925929727439,399914,0.011275446931481432,0.003648124199731817
64,1427,5,2.5473487161903594,0.00860322625616472,407546,0.011730690972256003,0.007325677099353278
64,1428,5,2.571185660606341,0.004753435796737149,442617,0.01211696092011342,0.004731639840022728
64,1429,6,2.5034640743067533,0.00965165622429165,290797,0.00821543279321014,0.003667986956692959
64,1430,5,2.541464782754456,0.01064924988070226,406614,0.011490475921612672,0.00839938908274307
64,1431,5,2.592984308367288,0.008757095768188783,388057,0.010915943211902302,0.004731550830176623
64,1432,5,2.545316678622306,0.006664766468265859,402916,0.011562004360444387,0.008109535789658229
64,1433,6,2.5037587491172144,0.010432936047090502,292816,0.00839644565301795,0.003434738530183501
64,1434,5,2.5719761966230164,0.007860311400789688,415845,0.011628078978828477,0.003052953716785156
64,1435,5,2.5643038237958153,0.009052911391646212,411084,0.01158489309469535,0.0037161364218547543
64,1436,5,2.5409209834809894,0.0068747464015143644,398752,0.011295647465389814,0.0022993370956632952
64,1437,6,2.5423116567248845,0.007152393978669402,288316,0.008262852220712465,0.0014699129983883896
64,1438,5,2.5683893622707523,0.006105306244728825,404230,0.011324866816618965,0.004385183247931357
64,1439,5,2.573954415672532,0.0068332804811011005,411804,0.011714398346323067,0.003083894459746994
64,1440,6,2.5411821996434774,0.005544115000607253,307630,0.008460123811573024,0.002418039664371374
64,1441,7,2.520988146751317,0.006954212634045387,217820,0.0061062299552601335,0.007544893712480405
64,1442,1,3.6318651469869416,0.011843350023108656,35132053,1.0,0.006969509441236976
64,1443,5,2.499809634201912,0.010987722728822646,398680,0.011468003714473401,0.006605941307799346
64,1444,5,2.558007684152706,0.005976629775426012,396008,0.011405899000270107,0.006332021398692933
64,1445,5,2.500386419214371,0.008811608318294861,393823,0.011384338551033518,0.003706645380601725
64,1446,5,2.572787695394456,0.008146177793031728,402104,0.011494178289482617,0.009823650140307727
64,1447,5,2.5575400258207446,0.007439852636829558,394285,0.01120714847148775,0.004533151001246016
64,1448,7,2.5111616597104582,0.010384713804498347,220483,0.00622935642593956,0.0077417514358021355
64,1449,5,2.5307800067380946,0.00950417463361175,410410,0.011380066463625422,0.005478461875255025
64,1450,6,2.509020433234246,0.008974738976820995,281657,0.008072486114321905,0.0023453771721846095
64,1451,5,2.5529052345330725,0.009331427885241106,393970,0.010983609450426151,0.004870079184520426
64,1452,5,2.5297499553285916,0.007391289235020748,414958,0.011811704648461612,0.004779389659785638
64,1453,1,3.6311926341795835,0.0115491729440107,34895695,1.0,0.005426513563787094
64,1454,6,2.5794870153094447,0.008761171529508505,289149,0.00808734417858842,0.00597152929665401
64,1455,5,2.5718182870069652,0.004897077937853933,414454,0.011537166688500173,0.0026863313519509546
64,1456,7,2.536527109508499,0.004818853434774395,236335,0.00652866311979516,0.0036956204663208814
64,1457,5,2.5837397757653817,0.00932145784737004,396416,0.01111833387216558,0.003553753454506814
64,1458,5,2.561459907682501,0.005986791950876258,402520,0.011425937531073812,0.0045509598909446725
64,1459,5,2.56759553728328,0.007755189756473602,434724,0.011890052705280738,0.009119771778094865
64,1460,5,2.5961336658277525,0.005639663294609187,410397,0.011525826718713007,0.004408577803246105
64,1461,5,2.552022268875176,0.009958293875557245,427084,0.011970923720440122,0.009605338438149869
64,1462,5,2.537942109154223,0.0080464938613799,428820,0.012086444033552073,0.005910657754019943
64,1463,5,2.5546951293350944,0.006014147757969435,401306,0.01124780365602808,0.004765759927125246
64,1464,5,2.510976775453819,0.008304097993004134,391778,0.011456776751087402,0.0031451122663203046
64,1465,5,2.519828516392811,0.010574549077444706,395082,0.011869001708991805,0.008546934612779
64,1466,5,2.5638625164931375,0.007050689176443248,425668,0.011862661135098167,0.003966197278395089
64,1467,6,2.5436386244270883,0.006528040289152326,302544,0.008386388351506605,0.002585133943133755
64,1468,5,2.5820553475765675,0.008880387501373765,399591,0.011276520420881052,0.003639694137527183
64,1469,5,2.5416420699987907,0.008171425426956147,436763,0.012277458192317769,0.010362181644376467
64,1470,5,2.506378202587784,0.006921525051818367,423018,0.011833712033304411,0.006197106277741504
64,1471,5,2.534143058476811,0.008954003550285472,395418,0.011396565656880074,0.005534515917258176
64,1472,7,2.5466993979896806,0.005125216810379696,225756,0.006305672088292593,0.006159078263821116
64,1473,5,2.539430196591066,0.007740231542150422,430608,0.012098273693267428,0.006698429550095086
64,1474,8,2.4670024472909726,0.009018030654723175,168660,0.004850398591986748,0.011390468025035905
64,1475,6,2.564770384507315,0.0072131357308670985,298254,0.008151746560364397,0.004245909389279379
64,1476,5,2.5666362957688884,0.008004348714364007,413915,0.0116544104572905,0.006211225605582293
64,1477,5,2.5513625085328737,0.007401153167800545,393167,0.011378094652219981,0.003576707500496018
64,1478,6,2.5203730301799268,0.011047126675395869,282983,0.008081206208761063,0.007520856790984298
64,1479,5,2.5384949292537833,0.007256029463457603,416564,0.011859665765394626,0.006018520424016738
64,1480,5,2.542219468111262,0.00937454724286646,415610,0.011587723297736514,0.004230967367235716
64,1481,1,3.637819039759078,0.011512800222360897,34525444,1.0,0.005398404380883903
64,1482,6,2.527701478237249,0.007439676658391958,293482,0.008275431368160176,0.002291598327972877
64,1483,5,2.4878256081434595,0.009236801235944558,400959,0.011410154767115132,0.002750848318230248
64,1484,5,2.545520990904749,0.008372048565407297,417974,0.011737404889865544,0.003686370203318301
64,1485,5,2.515116972823257,0.010747169140108759,405569,0.011445993794927936,0.005298447114750915
64,1486,1,3.6501338313179135,0.011182819224391016,35210854,1.0,0.00981981970527318
64,1487,1,3.64312628103179,0.011106036136569686,34643177,1.0,0.008018105559430666
64,1488,6,2.583748240371312,0.006161577238963822,288080,0.008085334066200048,0.002267781107782141
64,1489,5,2.582191957202385,0.008151300670172335,403348,0.01130776467834892,0.005739037090220722
64,1490,7,2.497303111864678,0.0078929528458751,219222,0.006248577857233925,0.007177452841150733
64,1491,6,2.5593242440149586,0.005741243092284631,287247,0.008231747917947832,0.006278094921595145
64,1492,5,2.5838516091855483,0.009686056967010637,397625,0.011316524550661046,0.00520698428504901
64,1493,5,2.5458254078879423,0.009785025875327369,406751,0.011730135169468674,0.004575181301643916
64,1494,5,2.619406455142367,0.0033542069225607207,406234,0.011316465262793994,0.006863535841840851
64,1495,5,2.5653173138863545,0.006272457215280247,406760,0.011424715950064588,0.002668120667255469
64,1496,5,2.5571213066428675,0.007308933214876467,437603,0.011949109158514331,0.00782952886041649
64,1497,6,2.5507494195082066,0.007002059991298104,273984,0.007917245047004452,0.003243097549600338
64,1498,6,2.5427973609763854,0.010390841634415615,297923,0.008268544248242112,0.004051089598596236
64,1499,5,2.525756244074782,0.011112117339612704,407375,0.011640724840468134,0.00852942707596882
64,1500,5,2.5238665480211115,0.007726088514252272,413141,0.011887212567901588,0.006044572952022653
64,1501,1,3.654564002882606,0.011058295656116823,35406594,1.0,0.006032086288323302
64,1502,6,2.5391457116455856,0.007300471626621063,295136,0.00836209963114634,0.0027287278774151824
64,1503,6,2.4834984868623264,0.01132990603882289,275057,0.008002865537765204,0.004248707894282999
64,1504,5,2.5292443030455654,0.00854900792369706,411889,0.011779516678013227,0.002485543399828094
64,1505,6,2.610188465763857,0.005162353582401913,286233,0.007772945999569523,0.004348890627279278
64,1506,5,2.536204401018795,0.0071630529555997136,401984,0.011553237049843396,0.002888916861693458
64,1507,6,2.5349833480988613,0.0063570712076239655,306804,0.008534676846797372,0.003946200703134395
64,1508,6,2.5278213930175,0.009502253525820237,279890,0.007933156615176684,0.003952280073026726
64,1509,6,2.525408576150062,0.0074720404154834386,290843,0.008236885675958868,0.004275737751745834
64,1510,5,2.5406460760834273,0.008137454019695567,421946,0.011767569570435992,0.003675829400716535
64,1511,6,2.5792468491968825,0.0030317681305186417,295321,0.008288806968479598,0.008756571121012025
64,1512,5,2.5741254264739277,0.006099156606050815,436957,0.012011924589028734,0.0024897401768172456
64,1513,7,2.5475753882776044,0.007576054494472295,238888,0.006554472999523878,0.007241485940041037
64,1514,6,2.55794977027204,0.0043309490645383475,301386,0.00844459264729851,0.004473736896373426
64,1515,6,2.5185321275808117,0.006376041424015488,303609,0.008637545780693923,0.0032269911566245035
64,1516,5,2.593969054651466,0.008092827798967805,427294,0.011829550532504741,0.0032467461253836705
64,1517,5,2.530636519038654,0.007825924553221508,416784,0.011769434035663431,0.0037182207737099793
64,1518,8,2.511452217379775,0.006038214158728961,168354,0.004849154132901975,0.00843615396256081
64,1519,5,2.5903248649896944,0.007748268850553186,435271,0.011763612444196141,0.00280457133911044
64,1520,5,2.593227364432439,0.006089639633011679,416652,0.011612486564112352,0.0018175417715805553
64,1521,5,2.561150535137885,0.00978745800615588,386752,0.011003842889096007,0.004144522938356099
64,1522,6,2.5406098681688714,0.008320590680776951,282152,0.00806107851466246,0.004479850394308205
64,1523,5,2.52563953620089,0.010073271803423656,399230,0.01141552348208608,0.006435815500612119
64,1524,6,2.536484151609189,0.008939229006039828,286038,0.008207882756042882,0.006543908015487321
64,1525,5,2.5500698070548187,0.007433102298853911,412442,0.011621164279254626,0.00357169845275937
64,1526,5,2.54442106525467,0.010086245719128306,408835,0.011439756134680628,0.004416274891689498
64,1527,5,2.5315360056219283,0.006632930377493129,419637,0.01176926918188775,0.0015758149769863894
64,1528,6,2.5624351403410652,0.005408212387809974,292117,0.008382626584069264,0.0027007444832729544
64,1529,5,2.5637969661094147,0.009291374915584072,411097,0.01146227778953476,0.004216967933920235
64,1530,1,3.635806947577529,0.010808634859902688,35699878,1.0,0.005412215023614886
64,1531,1,3.641561962622299,0.011692601237919487,34071420,1.0,0.007863201554017651
64,1532,5,2.570163075118547,0.00958192020464077,406358,0.011412882549777908,0.004294212158417909
64,1533,5,2.502787751545125,0.011122638049988809,413493,0.011678066601353114,0.0037813343325898696
64,1534,6,2.517378429489245,0.011005512757342628,284416,0.008113740714155016,0.007321739733389676
64,1535,5,2.5887271929927467,0.005117390923654597,431563,0.011736179076813813,0.0028946485534204203
64,1536,5,2.5006016417362753,0.008661565345576716,452270,0.012633230695608134,0.007791745054011701
64,1537,5,2.559314433162911,0.007553983509698381,382902,0.011147214752372278,0.0035132507353149434
64,1538,5,2.5497540870304545,0.006913096064083524,427345,0.011741721419419966,0.00519726999924397
64,1539,1,3.6522639642059347,0.011083812995267728,35214909,1.0,0.008457590819446803
64,1540,4,2.624842498616414,0.007031134175217002,593149,0.017374082359704012,0.0052377275690742575
64,1541,6,2.608750339817342,0.0036268705653978994,288328,0.008017075184520802,0.004830887485333113
64,1542,5,2.534773421515644,0.006983115606496559,405644,0.011615069444768561,0.0067885205389483505
64,1543,7,2.4813471759346366,0.010346355663465645,213193,0.00599515299024822,0.010245513685424368
64,1544,1,3.6201763926154586,0.011393189324777953,36572415,1.0,0.005955795266709196
64,1545,6,2.5631434297258266,0.004563082552376807,279730,0.008198594682382052,0.0037583790489239544
64,1546,5,2.5356419720502803,0.008628766065500226,391903,0.011325147732950494,0.0026717399287536914
64,1547,6,2.535208407283388,0.007674318917575751,289048,0.008180554304383877,0.0018477124552669366
64,1548,5,2.5932338343984456,0.006224223282658814,407614,0.011388623368361927,0.002026181492457646
64,1549,5,2.5498885935811546,0.00955928979981624,405239,0.01152121724217929,0.003634506316945507
64,1550,6,2.5322235048625945,0.01118854828670135,283278,0.008147274121068636,0.007437185365516019
64,1551,4,2.5445631654740013,0.007653197496936381,668749,0.018528652917956193,0.010517240426192287
64,1552,6,2.499666780727142,0.011169127917446176,289489,0.008245509387619919,0.005981113059391141
64,1553,6,2.562568175567483,0.007529686483776832,296383,0.00828400564149664,0.0020230025622690606
64,1554,5,2.5653607063759662,0.0046421745045113205,419154,0.011677467931218183,0.005513364237199947
64,1555,5,2.582317845620578,0.008878605855357491,412362,0.011359849732032704,0.0029888352211563385
64,1556,5,2.5379362870398583,0.009681157501691628,410351,0.011757771865398123,0.0039187961365985124
64,1557,6,2.488346727156289,0.010475312513429147,280337,0.008147975373284534,0.005908844031723703
64,1558,6,2.5593478677156334,0.008502881207662405,293354,0.008261290334844526,0.004184554511098892
64,1559,5,2.538330407716949,0.010132053455968237,400265,0.011480871018531512,0.004470693862708153
64,1560,6,2.5056178851282658,0.011580357269400321,286680,0.00832239859725722,0.009866289129509376
64,1561,6,2.5916445567433444,0.004965855691626886,292087,0.008043857913425125,0.006728772316860754
64,1562,5,2.558640831021631,0.008172258332663551,416263,0.011469381510082834,0.004106327647643515
64,1563,5,2.565307804739623,0.005151436603605064,424157,0.011868703608342546,0.0076887041987571125
64,1564,5,2.6077022310610984,0.003963700517739865,427901,0.01168853990100084,0.003847106146352308
64,1565,5,2.563466653736365,0.0074116603535214765,414396,0.01160210261022111,0.003139082738874699
64,1566,5,2.574026905863085,0.004993519282487535,415292,0.011650282364184911,0.0050643456882146776
64,1567,6,2.542598402840263,0.005301192951405631,303336,0.00836842107876754,0.0028310963646153153
64,1568,5,2.5376418021834475,0.01093461197394252,424349,0.011842278616612087,0.005085001810211209
64,1569,5,2.567696536673954,0.00971905302978876,414083,0.011402490685977328,0.0023181591826093584
64,1570,6,2.5607628375132103,0.006943223334261339,293567,0.008115888901006956,0.0015236377350199282
64,1571,6,2.527001847595244,0.007706784884823792,300551,0.008472005407633038,0.003032653387200268
64,1572,6,2.548461198584589,0.0064354940001217775,288359,0.008249604440451674,0.0024760368343067496
64,1573,5,2.5825165409597406,0.01029987426888862,393005,0.011313599902537311,0.004926115261520203
64,1574,6,2.57300247926351,0.003803247100463203,286739,0.008216893032724404,0.005368302577128947
64,1575,5,2.5386795489860656,0.00796939801777019,442283,0.012106283955798075,0.001945633114451173
64,1576,6,2.5121782351889492,0.008015230192214617,313800,0.008658415492857676,0.0022783379412736338
64,1577,5,2.6065835237027772,0.007341083214528532,390151,0.01121859509504094,0.00709839054502126
64,1578,6,2.5306025355258503,0.009056757073639954,284157,0.00803847987617623,0.0025958389329724108
64,1579,5,2.5504875726876093,0.008816154225507633,419796,0.011774037299204194,0.005046087320004444
64,1580,5,2.560888915682316,0.009135502946330087,413947,0.011510324581548912,0.002286980591158394
64,1581,7,2.4805110658807674,0.010725130988086251,216031,0.006146905962106974,0.010773834557599171
64,1582,1,3.666584567756099,0.01101195218048756,35890453,1.0,0.007121780928759203
64,1583,5,2.5356809823442497,0.005593110878140961,440797,0.012066711960944101,0.005447038119709813
64,1584,6,2.5575325316023325,0.006751720335371081,299824,0.008388930732256699,0.006335997327582832
64,1585,5,2.5240489440188365,0.010068335757192681,418743,0.011615328828868187,0.00512549025378084
64,1586,6,2.5882424487150284,0.007055753230892914,273010,0.007782325441280173,0.005718132500868389
64,1587,6,2.5332869419261064,0.008372788355683891,290146,0.008180253489575368,0.005722874531308042
64,1588,6,2.5407592399820556,0.004976326233792183,290178,0.008356352722069416,0.0033571365412344845
64,1589,5,2.5463935433919,0.009968903833673992,420971,0.01181352748814167,0.004977019464303178
64,1590,6,2.6027309883024023,0.006324971631171072,293202,0.007975178324396544,0.0019645562552635665
64,1591,5,2.589162943427934,0.007106156594411994,435305,0.011905129487512899,0.005631289269474038
64,1592,6,2.546432605300509,0.009833626447256716,284474,0.008091317081051546,0.00512078122462023
64,1593,5,2.5386283564870786,0.007011675577476395,427019,0.012131788889900932,0.00824454381251899
64,1594,5,2.562872534712345,0.007988212825229435,417660,0.01157967686030894,0.0029442928660212697
64,1595,6,2.54577795343769,0.006702701767213992,306162,0.00843149473182357,0.003066093474622167
64,1596,6,2.57933657728425,0.005668776218649363,302355,0.008283919232040918,0.0029777249998886868
64,1597,6,2.5097802945454215,0.008491766745577611,279994,0.008115700132251066,0.0032782095820352852
64,1598,5,2.568023407174943,0.005422875860930709,413942,0.011781115368022746,0.004604780126423957
64,1599,6,2.503727663191744,0.010216039136017763,284429,0.008148151989022086,0.002981834860003252
64,1600,6,2.5573735861839526,0.007074890542207779,296098,0.008118190910487443,0.004068764499378152
64,1601,6,2.5262335678554617,0.006921301173446026,300807,0.008277855380866051,0.0022406675773295748
64,1602,6,2.5580352917079785,0.004345824011218857,291243,0.008411236492168135,0.003912130624730836
64,1603,6,2.5611834247851677,0.008450654660348556,273601,0.007764412027007568,0.004719930747860868
64,1604,5,2.5487844355822262,0.008109149297241713,402779,0.011298550851641815,0.0026430268177476957
64,1605,6,2.5387609227931325,0.010144298666337925,295413,0.00838463944883838,0.006225360843549188
64,1606,5,2.50834703926596,0.009747014321627001,415390,0.01186429049920504,0.007879795016785929
64,1607,5,2.56456450058964,0.007869188367757685,400109,0.011120194761619488,0.005464089272077199
64,1608,6,2.5510544675571,0.007091008681604505,291036,0.008210958400220151,0.0026811642870249175
64,1609,1,3.6562733783677923,0.011010412376865064,34696314,1.0,0.014161605203830085
64,1610,5,2.5138782555771035,0.007987150613231853,415883,0.01172419065807395,0.002671364527719322
64,1611,5,2.576953751344649,0.009483531569209669,394918,0.011140093592267069,0.00578359097532688
64,1612,6,2.52685130541837,0.005718338841936399,287786,0.008310380733578959,0.0030318238057043256
64,1613,5,2.5611565802294494,0.008563894473871903,390675,0.011247506288152777,0.0022863187792004913
64,1614,6,2.5069354455348836,0.011135447120017017,291549,0.008338162839745195,0.005716732308558514
64,1615,6,2.5031319371884426,0.008635523118903587,293733,0.00842745226371743,0.0022707910815877863
64,1616,5,2.5518262007257513,0.009047243399218918,417927,0.011810478566468394,0.0031649048067960983
64,1617,5,2.623442305034933,0.005733018665506573,387553,0.010911757800326036,0.006202516505304012
64,1618,5,2.5263353478549777,0.008595306679280046,410113,0.011497125235103992,0.002571754200387577
64,1619,6,2.5696095661920975,0.006797395980913112,290052,0.008270362958792406,0.00476071507673459
64,1620,6,2.562726913358027,0.009390325593563342,295363,0.008249866292968502,0.006493388648906806
64,1621,5,2.614678861281395,0.008401870176475534,399797,0.01108249789623616,0.0032963706823744277
64,1622,5,2.5539988534989155,0.008427123604677955,405782,0.011504754214604087,0.001916112779764556
64,1623,5,2.579471177896745,0.0045208260431952585,421584,0.011724975696729447,0.0037056576551506293
64,1624,6,2.5196808809162627,0.009760305858266594,266865,0.007793815133911742,0.0039981426832873534
64,1625,5,2.5669936821823214,0.007968567481176803,399862,0.011252314485336522,0.004176717195679025
64,1626,7,2.49673036473587,0.008266597419956279,212039,0.006020756431370322,0.006387734879240631
64,1627,5,2.556867756425048,0.006375279678388912,411642,0.011673215638527946,0.0029900528314991126
64,1628,5,2.537466778551213,0.006521689795174035,401790,0.011482708319889352,0.002773925357577145
64,1629,1,3.6213830904171838,0.011267456726748892,34926885,1.0,0.007075225986306388
64,1630,5,2.5429962527104224,0.007598660853820216,428854,0.011805446839496503,0.0022995385520501177
64,1631,5,2.542427685809268,0.009863256296735179,386390,0.011167217749214446,0.006012796501936091
64,1632,4,2.565273239868528,0.01002345110240177,620523,0.017557013332536578,0.008084035356742403
64,1633,6,2.5133720644740554,0.006911074504537429,289913,0.00824680760594077,0.0033680992048208402
64,1634,5,2.527623108682854,0.007511091472670928,413730,0.011734751226422327,0.004023019789572063
64,1635,7,2.5643178714857866,0.0063032995603145014,224849,0.006137318394548978,0.0038757940114559353
64,1636,5,2.57283250552439,0.005338831831086632,423331,0.011887829343596687,0.0037561320040935264
64,1637,5,2.532845556353289,0.010504070871539595,403080,0.01131586071384867,0.005061362965313121
64,1638,6,2.514310373285146,0.00715087208087517,303843,0.008567722889010792,0.0014278931180585763
64,1639,5,2.570521816034103,0.00667812744494467,401527,0.011278143113860353,0.0018643275127918635
64,1640,6,2.5954741761232523,0.0050715250641212295,299773,0.008346358639917714,0.0032802943437784116
64,1641,1,3.6169149775689906,0.011770824908699185,36247424,1.0,0.008251328494207621
64,1642,6,2.543152004553974,0.007007380873680358,288788,0.008061472510353059,0.0027481696851480164
64,1643,1,3.5848924235019597,0.012421983767983757,35947943,1.0,0.00811987216232457
64,1644,5,2.536605456672987,0.011002566943877745,409901,0.011610593594185733,0.004070270226655959
64,1645,5,2.5550347799171673,0.006639622563497594,412166,0.011517080230178419,0.005879274843700766
64,1646,5,2.5582299164218507,0.007183962824849011,399427,0.011512713222999382,0.0027362875943021114
64,1647,6,2.510370014894127,0.010818967698383752,283744,0.007999173199251482,0.004269853459978101
64,1648,5,2.5161968583621013,0.008824158570305496,408687,0.011829381262289256,0.004762901651825691
64,1649,6,2.5296362989991947,0.008134590330406977,278521,0.007867219927326492,0.004741277346914069
64,1650,5,2.5746222498603255,0.006109723162947833,422903,0.011864396936757322,0.006119570003092156
64,1651,6,2.515765223169679,0.007449154622368281,305242,0.008535069162575504,0.002901049292101221
64,1652,6,2.557596841725652,0.006320970072431709,295167,0.008284492074248013,0.0027916623107293592
64,1653,6,2.5730812819580837,0.006966591797607724,294058,0.008085457982471215,0.002365153616101595
64,1654,6,2.531882365397204,0.008682337844865828,312806,0.008448109146612313,0.0023355768952625644
64,1655,7,2.5777709997794487,0.004104757301702011,231663,0.0064554315709150325,0.005969731386280985
64,1656,6,2.5611339530854607,0.006516029754980224,284031,0.007933613849080754,0.004917866696078854
64,1657,5,2.5248161495893338,0.007800560749757657,437274,0.012181197803576883,0.006829025960407409
64,1658,6,2.5302438329384507,0.008679099888350694,307014,0.008406532547240641,0.0013864473298522695
64,1659,4,2.547487910160736,0.012314541751916208,668621,0.018514120422346823,0.012143555860275046
64,1660,5,2.516119812678029,0.00847662480349931,414754,0.011911691947403415,0.007690289618688784
64,1661,6,2.5400986763318265,0.007911014957840967,286825,0.008070644965877343,0.005437645912329758
64,1662,5,2.5790021908060563,0.007241731500039594,417146,0.011388594331486106,0.0018146475869247336
64,1663,5,2.536149759588627,0.0068936857381260985,418852,0.011806575919909261,0.003073102219489504
64,1664,1,3.613829071931814,0.01167233991422345,36676934,1.0,0.005819837346022427
64,1665,6,2.5665969008291385,0.00930089272578416,284058,0.007988372878813483,0.006282892878698765
64,1666,6,2.5586741690354424,0.006263416675658662,297786,0.008360752960226129,0.0028643604098523845
64,1667,6,2.5353855953619227,0.0065603362104313945,276284,0.007908966332989913,0.00498769014376943
64,1668,5,2.5106035086510525,0.009675061048191269,429832,0.012070638588373987,0.004786026139934507
64,1669,5,2.5203805814921703,0.010118098835617761,441662,0.012310219356211835,0.007774549745431847
64,1670,5,2.563464411233777,0.007457212059198803,408072,0.011519964768678,0.0030788442303315566
64,1671,6,2.5025989107211037,0.009772197321066267,302286,0.008540127178355948,0.0031176088730960894
64,1672,6,2.52040842797,0.008354089836839385,286157,0.008271233397310618,0.0029534446207389875
64,1673,6,2.5120769940139054,0.009504418966021833,276138,0.00811139057923926,0.004060457414139185
64,1674,6,2.4972296346179856,0.008185583260154505,296249,0.00853489756374164,0.0032546484699276235
64,1675,5,2.513334903342429,0.006396343535697735,433032,0.011952115359806333,0.004475979924430773
64,1676,6,2.5197856959051164,0.006832244158610501,300030,0.008626454921791754,0.003098240798402263
64,1677,4,2.565198089176872,0.008585135658933929,644282,0.01827126229023442,0.009800316146782007
64,1678,6,2.5387099664176955,0.006481468401720147,290187,0.008288911262144392,0.003002347095960728
64,1679,6,2.5575305834484516,0.006958468836803955,309927,0.008460180629184424,0.0026944558208318314
64,1680,7,2.570828668651226,0.005739952657156322,218445,0.006214817516746749,0.003933635308492556
64,1681,5,2.5914454440481323,0.00869163849237553,409480,0.011280252456391499,0.0027365142765040096
64,1682,5,2.536328001093388,0.007271486875296884,427226,0.011974940486317809,0.005375262192612196
64,1683,5,2.5501123010990185,0.007697721841937399,404365,0.011435044737970588,0.003959148345378027
64,1684,5,2.53510115646453,0.009940514110792442,413760,0.011768695639362066,0.007214388793070126
64,1685,6,2.518615743251642,0.006505018867271062,316727,0.008858386913102185,0.0035847166149446386
64,1686,1,3.6498102105148527,0.01123931321217908,34533393,1.0,0.006045673387568784
64,1687,5,2.5826039916695414,0.006435014475662193,419640,0.011611078347773765,0.005312960085007146
64,1688,6,2.568591121353597,0.006440611944728558,293657,0.008108693275671907,0.005782614925449181
64,1689,5,2.563738907728318,0.010511034176948097,380615,0.010740751641815524,0.006376894843379
64,1690,6,2.526205286641498,0.008140363518993277,289215,0.00814819777524041,0.0010513078991390978
64,1691,6,2.5101427153499887,0.008515187039958017,307240,0.008626338673751248,0.002322848731229482
64,1692,6,2.518451329849265,0.005649417639842724,290183,0.008263953022683715,0.005092134378281488
64,1693,6,2.504819777000485,0.007138848752094085,310024,0.008603643988347238,0.00478559701138237
64,1694,5,2.5855535048721014,0.006036482253497288,412715,0.011510804088158789,0.002629050785635023
64,1695,6,2.527965990237551,0.010300848749975833,299611,0.008431121085757956,0.004648006780982428
64,1696,6,2.562154668751627,0.007320866274625248,309360,0.008397200846191163,0.004753160518302102
64,1697,6,2.5684457038924506,0.006297454045806172,295545,0.00823708834416255,0.005353520736034401
64,1698,5,2.5839862780017055,0.008809522727792118,415974,0.011538146929344932,0.005445938177072729
64,1699,5,2.520053605389085,0.00796317309315031,436307,0.012120337491674868,0.007086381177858647
64,1700,5,2.5280159964224853,0.008851123789700432,400378,0.01137701207504319,0.0031846229756707922
64,1701,6,2.530752099989344,0.008811285547606462,290786,0.008179317038588011,0.0018245520751374034
64,1702,7,2.550627811693024,0.00961053626707542,205782,0.005723338327554332,0.009153332131017211
64,1703,6,2.5302355058327106,0.0063742815280511955,294560,0.008423813929801283,0.002327184297407525
64,1704,6,2.5355471089068455,0.008538079169001622,306383,0.00855053831332334,0.0024027507868389364
64,1705,6,2.562390477322816,0.00774709358585754,280836,0.007913620491801153,0.004508183701793705
64,1706,6,2.5638216339290953,0.005977554140677244,296829,0.008323068377364923,0.002990264065828918
64,1707,6,2.50386866914008,0.0055977366137743845,299202,0.0084017491920531,0.003958213658456167
64,1708,6,2.529644038230045,0.009621715835393285,295721,0.008165143190068025,0.005129660193641805
64,1709,6,2.545021544703112,0.007447758344569677,300177,0.008260693560650989,0.003781710779112768
64,1710,5,2.5787587646255647,0.007199285387035459,423124,0.011757687663281148,0.0022634091202549667
64,1711,5,2.5584103858072673,0.006946700624740509,409831,0.01164406937226564,0.00512371734762207
64,1712,6,2.516103247267681,0.009743695046948164,290087,0.008285043635090562,0.0034616454577574562
64,1713,6,2.539510104277327,0.009159151978124669,281633,0.008248140600495609,0.008557791481093258
64,1714,1,3.6680246603015085,0.010483232370078088,35093285,1.0,0.005549986552110087
64,1715,5,2.5468350536639957,0.009019800836952419,413531,0.011579834777245883,0.003059486578782744
64,1716,5,2.5389164389608254,0.007752503416113332,387554,0.011302912717857713,0.002658734060411838
64,1717,6,2.5231072676429243,0.008314059620279868,298536,0.008585958229820542,0.0026984246279205815
64,1718,5,2.5492910959720194,0.008152656118557089,418761,0.01155965217333695,0.005025871218898359
64,1719,5,2.5558552875023612,0.00735629764454393,410442,0.011496596400538638,0.0031010425956439214
64,1720,6,2.5149791618841375,0.007568112916436998,295114,0.008456692697678495,0.0010210163688927354
64,1721,6,2.5407706210346452,0.007828639658325587,295054,0.008205738449157873,0.0030816856116927527
64,1722,5,2.5269042523688343,0.00775627433555981,404406,0.011488375677719594,0.0031226495420408895
64,1723,6,2.5464322954970737,0.006700077219879752,275674,0.007957735790147216,0.001549892836387512
64,1724,5,2.5092545110543685,0.008067724370278917,433580,0.012042455167698645,0.005213753840699664
64,1725,6,2.5609324695666156,0.005900406156298166,298138,0.008394007808332214,0.0022494473825741546
64,1726,5,2.535129717933173,0.006393839267551993,405820,0.011724091129428772,0.006709994435868616
64,1727,5,2.5318959036377473,0.008254998781541123,392323,0.011386312075380106,0.0033272308835810005
64,1728,6,2.504837170288889,0.00840050888450794,285719,0.008137848087046455,0.0049861143404276165
64,1729,6,2.5623953365459595,0.00395286345857071,318318,0.008778551672726963,0.004579422405518674
64,1730,6,2.4772214678604105,0.010282668781775195,306736,0.008716330907084815,0.003543110994981169
64,1731,6,2.5644876363931783,0.00713728173285566,298448,0.008086631393236891,0.0023485506897745756
64,1732,5,2.594643714121091,0.007218705535788739,406629,0.011394914990917224,0.004060281792652609
64,1733,5,2.486179569862308,0.011788768543189443,387219,0.011388988400390359,0.0066962224340966214
64,1734,5,2.5307804840240875,0.006441796242160569,410651,0.011731781250879382,0.0032869418920891125
64,1735,5,2.559131736208726,0.003638190834787669,441810,0.012229624973115088,0.005597647990504218
64,1736,6,2.543849812070889,0.010013753527557068,282865,0.008036026992118776,0.0040911133261751775
64,1737,5,2.5551347788451078,0.00847081396624394,430177,0.011809870790579975,0.005514219172819024
64,1738,5,2.536932257776389,0.008766769540544117,414212,0.011640624591627412,0.00392477677333869
64,1739,6,2.4922510206440753,0.0077945868053244105,312575,0.008816752221295502,0.0011379241838485044
64,1740,5,2.5598606796768224,0.006841033844847133,437814,0.012081831396949233,0.0065739568138785676
64,1741,5,2.561592765096382,0.005160395054636169,424864,0.011757809449341964,0.00527290568198624
64,1742,5,2.5425090828206196,0.00651136551218412,409046,0.011624999566598272,0.0075815353851100276
64,1743,6,2.5451436066697606,0.0074003702358466095,274635,0.007849090990466198,0.0014510003773021696
64,1744,6,2.5591097202804733,0.007099714863750384,285369,0.008089746408225903,0.0026557138755226584
64,1745,5,2.500326772181622,0.0076264817271665675,415736,0.011807485746471807,0.004211140938040869
64,1746,6,2.5139011485018274,0.00870450236347775,305527,0.008450880548190463,0.0016532937269725378
64,1747,6,2.4782952840625296,0.006992408831656305,302394,0.008514424478667692,0.005039703263902906
64,1748,6,2.5367374736912662,0.0064521531009018585,297961,0.008379849695879918,0.0024066227470721513
64,1749,5,2.5161464088701555,0.007231460368702036,404929,0.01144889514482013,0.004576568193723984
64,1750,5,2.5154906291741956,0.010715904236828222,411606,0.011877445250709997,0.006101185460563818
64,1751,6,2.530338371762703,0.007894255485131452,272686,0.00791506832082188,0.004873866900616308
64,1752,5,2.552787108432264,0.008128642063796931,414162,0.011543070207174757,0.001570089375907635
64,1753,6,2.569348218747104,0.006014734012313339,296981,0.008326226383720216,0.002239400492594912
64,1754,1,3.610624506432653,0.011834050502925408,35244217,1.0,0.006196852335421887
64,1755,6,2.5921343169466113,0.008655411750734365,277997,0.007849779132221272,0.004085634086512913
64,1756,5,2.5957223768478817,0.008893854027720804,405768,0.011440343756154287,0.008268927576168705
64,1757,1,3.6170843862511135,0.011275281867061615,35858582,1.0,0.005253919544360719
64,1758,5,2.557118036248941,0.004271716123280034,420718,0.011948280783547623,0.004866258617702179
64,1759,4,2.572460237294465,0.007563661516254538,645068,0.017974172638524886,0.007935211726093516
64,1760,5,2.4992622934178543,0.00922828363396,391884,0.01144155593295319,0.004999779664992765
64,1761,1,3.6434328919348635,0.01144678746479344,34758531,1.0,0.0041188408290733225
64,1762,6,2.51291000981513,0.007175135619670536,297193,0.008494083554255207,0.004245845919941815
64,1763,5,2.6231390695219647,0.006965473707777947,399621,0.011160278422584803,0.0036636094557617183
64,1764,5,2.532111803460227,0.008882433610325702,419630,0.011751932755072783,0.0063510241736812745
64,1765,6,2.523184145093458,0.010391152965716688,311398,0.00854026092447355,0.0037132006838590803
64,1766,5,2.5481840813216383,0.008661872610196908,394965,0.011621845084614089,0.0024672996594948815
64,1767,5,2.619216921849249,0.003951633244691277,435381,0.011779623230409096,0.004107874278643675
64,1768,1,3.611886292687813,0.011499469028417142,36031761,1.0,0.008590067533406631
64,1769,5,2.5369395733369893,0.005045534417276176,407750,0.011764726927920641,0.003455505326388164
64,1770,5,2.554049989434098,0.010702811445296279,389286,0.01121230583443077,0.005404237221088737
64,1771,6,2.5717264191523506,0.006597531385704403,286852,0.008049388695493202,0.008871496363458964
64,1772,5,2.529817816807302,0.00925450412604556,408947,0.011592395514176332,0.006484812510158866
64,1773,6,2.5439802705909234,0.007460689726614511,300617,0.008389186687554541,0.001341197283831752
64,1774,6,2.513593171188164,0.008732308087234353,301457,0.008251749346663858,0.0049601683605661195
64,1775,4,2.577001764053417,0.010219991568735876,645016,0.018159566034863645,0.006936268877770324
64,1776,7,2.4641186156943604,0.00960363232611594,217399,0.006159425884468868,0.01088533840629502
64,1777,6,2.5601786532780544,0.0065429769552530215,299786,0.008325369061850383,0.0038485248457218457
64,1778,5,2.5702119330369984,0.007094900949475291,423097,0.011767046645865926,0.004677968531580867
64,1779,5,2.5676147274450027,0.009589027142426598,413068,0.011512470021641553,0.0034237709314499654
64,1780,5,2.5555157751312194,0.006351598584186102,432305,0.011945235472877196,0.005633864060170135
64,1781,6,2.5416627493515196,0.004670740263524875,279018,0.007974538227570008,0.0035230068057751085
64,1782,5,2.5791034693116446,0.009733927425817912,434089,0.011756358635494438,0.006701088186040871
64,1783,6,2.5664594242420793,0.0059369308712095,296698,0.0082710498452729,0.0027318542529147782
64,1784,5,2.5898710886725254,0.008062894149079347,404622,0.01130267946651125,0.0015010794614112033
64,1785,5,2.5588935440926783,0.008392649329427182,393821,0.011310603927045956,0.0036904993489950133
64,1786,5,2.5405722319084183,0.011396945525815605,427861,0.012024935902851471,0.0060127295870866515
64,1787,6,2.5212450989891555,0.008308937674630146,268538,0.007983599814545071,0.005636656507707338
64,1788,5,2.5478301012791538,0.007869204987227207,423951,0.012027418534538752,0.004376014369992409
64,1789,5,2.5167165793074866,0.005701024374906383,439058,0.012253663773128072,0.006561767197153512
64,1790,5,2.5560807270951,0.003924441174596505,427385,0.01195191191719031,0.005781000313812068
64,1791,6,2.5604562145024476,0.006593224662964192,295632,0.008119227674781033,0.005011195787675282
64,1792,6,2.506048550312005,0.008801352219002356,280013,0.0081648357143659,0.004127020904585138
64,1793,6,2.519275021290725,0.0075032418449985094,300938,0.008351469607833261,0.0021811963434076043
64,1794,5,2.5462075432753744,0.010188735786274328,402350,0.011399278345076936,0.004438757025124418
64,1795,6,2.539967857234654,0.009108025818178156,291785,0.008149149502604022,0.007297778238207986
64,1796,1,3.642681471390813,0.011349427953128544,34860902,1.0,0.006476808532157152
64,1797,6,2.5211455499409645,0.00947205274071139,289635,0.00813257939355698,0.004797602189174355
64,1798,6,2.557185815675348,0.006277608401312196,285600,0.008252026123788135,0.007156496750842178
64,1799,6,2.542369269689329,0.005322499593429009,298990,0.008340281243131764,0.004188221136807835
64,1800,5,2.5765010402761392,0.009294727844520567,398213,0.011234950785214757,0.004035035605019166
64,1801,6,2.5321025525151244,0.009999923531069266,272749,0.0076915664618498174,0.006063569509053124
64,1802,6,2.536266001114058,0.010765131052029697,284738,0.007996468206415586,0.003484894755408474
64,1803,5,2.546727775453115,0.009964835174018305,413069,0.011722294656866005,0.002536183603441655
64,1804,7,2.5074702813700656,0.008842418112294803,222770,0.006191889194951841,0.007260821132434481
64,1805,5,2.526683577906854,0.010153661665032399,443517,0.012379127754037527,0.0114004739035925
64,1806,6,2.5026074774588882,0.010468619826825898,309455,0.00875659046938415,0.002798171669674554
64,1807,5,2.548195204930746,0.006359902138575513,403822,0.011381124877507382,0.002611989895206085
64,1808,6,2.505918758340017,0.009794838339784784,292282,0.008239726939550452,0.002697686291510182
64,1809,5,2.549814224281347,0.011347809862350733,389163,0.011125364417484629,0.0062438357578081805
64,1810,5,2.534356412631002,0.008550801746363912,430696,0.011986653640325137,0.0021276691877847587
64,1811,5,2.5718530989021176,0.007786621474850708,422101,0.011734896173521032,0.0020627878804678756
64,1812,6,2.549295026392814,0.0061040918194048555,306145,0.008423368641439364,0.002450117532167284
64,1813,5,2.52493696497642,0.011399849518871852,418154,0.011709372541289809,0.005554017233026065
64,1814,6,2.5493998812259586,0.00486155474701,299710,0.008298478073353164,0.0067228986651979294
64,1815,5,2.5833587586112374,0.007741309527676932,368042,0.010722020315501977,0.004141718711759834
64,1816,5,2.5388521011453857,0.008192478097447942,417676,0.011897204073298964,0.006678528254267457
64,1817,5,2.563524096013198,0.009536119458677828,400280,0.011315085557684634,0.004798977196589893
64,1818,5,2.492904952330578,0.00727515177132515,394602,0.011663086182380896,0.004076592613311697
64,1819,5,2.5492261262375315,0.006094013611235072,447662,0.011950486562503254,0.007552860339931189
64,1820,5,2.566907239200449,0.008369641904112213,382041,0.010871758884574801,0.004764844936212653
64,1821,5,2.560025098435913,0.005617555766533444,420672,0.01175855286212639,0.0026306339499045372
64,1822,5,2.5415215118119248,0.007394675566164466,396861,0.011281103900109354,0.0022656663802416155
64,1823,5,2.5657697983044825,0.00977872820967235,412843,0.011405573058886216,0.003064724775657446
64,1824,6,2.540705284761846,0.009335823335226867,283267,0.008057844598325264,0.00636494591286435
64,1825,6,2.5045605434488776,0.009474112228633591,290807,0.008315440887331119,0.004229362010214954
64,1826,6,2.491427200002804,0.010899636374393062,285062,0.008216948517803292,0.0052585235539276964
64,1827,6,2.492345029315902,0.008477150766163621,299935,0.008575118305097926,0.0027505786562790346
64,1828,6,2.523898337920688,0.008990825190160034,294536,0.00823984121682516,0.007082519054687264
64,1829,5,2.59765615955447,0.005433693870577239,405280,0.011379825457490576,0.0031985650430281787
64,1830,6,2.529938971734809,0.008908638501092137,286848,0.008436105678246009,0.0017598408975656454
64,1831,5,2.563760880804723,0.01066694487800135,392514,0.011238118475663871,0.00642621829321488
64,1832,5,2.5878407714122464,0.0064141487009316545,432028,0.012001978975840277,0.0068662736248205625
64,1833,6,2.4837758426577956,0.006318349924220756,292389,0.008414009230837675,0.004327828619862473
64,1834,5,2.5672063090636863,0.009469416486837967,419883,0.011962044113782192,0.007329444257219986
64,1835,6,2.5241704500395197,0.006472831601899376,304586,0.00847059964729427,0.0021318993287614274
64,1836,5,2.519605383862578,0.009770663765898191,418606,0.011831838909080518,0.0101168030501807
64,1837,5,2.591410454679362,0.007138952242990493,420828,0.011705428351092199,0.004983742069387398
64,1838,5,2.580875948419478,0.00892867236936079,422734,0.011552734222344072,0.003051528653550073
64,1839,1,3.6674869876654257,0.011336123286811661,34363279,1.0,0.013166735014379982
64,1840,6,2.5876542104187026,0.006811287847566128,280321,0.007847176557763406,0.004645648064039887
64,1841,5,2.530889850761607,0.007293874100599007,386827,0.011112333599535774,0.00598153227348297
64,1842,6,2.5590140767582765,0.006828191268040906,300595,0.008271268665043185,0.0022153297669166294
64,1843,6,2.5489615940870594,0.005843273620792511,284415,0.008092028253232074,0.002573499959102832
64,1844,6,2.4966959238345696,0.008439164913822794,281081,0.00815930288427486,0.006900981899759739
64,1845,8,2.513420032777636,0.006750460546344539,166347,0.004659881745279463,0.011479471972613065
64,1846,6,2.54731910236108,0.008249265917899207,285140,0.008016318721680267,0.004527457564238502
64,1847,6,2.5135026918539847,0.0101065602552739,298858,0.00835547935067823,0.005873334167475541
64,1848,6,2.529435543789275,0.009318130671857272,293764,0.008209390485927764,0.005441686094493137
64,1849,6,2.514289738311918,0.005747969445548451,307817,0.008591181775710364,0.004588929370618944
64,1850,5,2.5387647449660524,0.008742053886279355,389938,0.011212288229458064,0.007338967721457479
64,1851,6,2.5389679656390283,0.005784698918382736,287811,0.008120986677406952,0.0050123448526419034
64,1852,6,2.5978154007923044,0.0056055737019801155,297922,0.008308228292250008,0.0030358557621442683
64,1853,6,2.5257581871412698,0.010341878446135877,293954,0.008336005857215733,0.004622246302747768
64,1854,6,2.5246818258090147,0.008054687210958367,301311,0.00847145142154228,0.0009107109813429604
64,1855,5,2.616669419409007,0.009050481772422736,397958,0.011058106562881405,0.0031817705186553136
64,1856,5,2.5234354097180227,0.01146877338547303,409955,0.011614181894766568,0.006606732272750326
64,1857,5,2.5849100082741154,0.008624555755756602,419172,0.011903842673395438,0.0035589418214745927
64,1858,4,2.5530004103777935,0.008797316982588066,657388,0.01825940933648917,0.008719488003130715
64,1859,5,2.4727624162501227,0.011320881629010127,423965,0.011850500857764781,0.0071018212701147165
64,1860,5,2.548697859921529,0.006655080474392894,414644,0.011851435356351508,0.004475525292506721
64,1861,5,2.589153929805364,0.005640006344212689,407550,0.01140995330920002,0.00356258226484929
64,1862,1,3.639271794689897,0.011226273730463254,35716413,1.0,0.0089700317223943
64,1863,5,2.55993384619376,0.008536624730939746,412795,0.011590650769013054,0.005940295217441882
64,1864,5,2.558564524246921,0.007564012280422805,421621,0.011685271125112784,0.006862370894812675
64,1865,5,2.5588724366534423,0.006772296468275707,424495,0.011943637969747829,0.006708748406030696
64,1866,6,2.5674427905201704,0.004901491858177787,311360,0.008458844039845675,0.007620021619707651
64,1867,5,2.6070971382176116,0.007477313945732922,393386,0.011238104689898833,0.0017709942639134724
64,1868,6,2.578198876984711,0.008762750786482587,281692,0.008072852035923922,0.003029007374469206
64,1869,6,2.530197423278808,0.006050120602323905,296788,0.00829524322074722,0.002706158699629646
64,1870,5,2.5180368893835037,0.010719833387100086,407190,0.011895412219459152,0.008445959331039476
64,1871,6,2.5115292479994937,0.007586102568247544,307004,0.008478024914353734,0.0025200959162410275
64,1872,6,2.545913916886456,0.005869316765632737,309145,0.008509072913048338,0.003004197349258053
64,1873,6,2.491355305842448,0.00939478773976321,281487,0.008132825840824956,0.0062936788736877025
64,1874,6,2.566363433299855,0.005715658796331735,294544,0.008201893833726529,0.002835444432634948
64,1875,5,2.545116927716574,0.009587147597618362,429510,0.011886542425347818,0.0065554985575472235
64,1876,6,2.5838487540108703,0.006595762173178699,308874,0.008565137935840413,0.004189822324331627
64,1877,6,2.4988114925501446,0.0091172909200119,281543,0.008221309427995803,0.004688901913705468
64,1878,5,2.54952185675565,0.006360372490976096,403364,0.01134629058091976,0.0024599311638814347
64,1879,1,3.6177843271248546,0.011464908593032175,35681514,1.0,0.004484573809371839
64,1880,5,2.5645171314797057,0.01071077055587677,412041,0.011439492439136851,0.0054176208985723395
64,1881,6,2.5543579013547855,0.0056531377439075214,287257,0.008139568622726176,0.003263580670896271
64,1882,5,2.533790822625469,0.008076154961238369,411444,0.011678746092267782,0.0020305598467362795
64,1883,6,2.5623448163936287,0.005013734183376695,286591,0.008164019097909661,0.004322591104563789
64,1884,4,2.5741231618506024,0.010550070717597726,616676,0.0176813931518879,0.00595043510769977
64,1885,1,3.625928745074385,0.011102133852160412,33993991,1.0,0.0063688327799580335
64,1886,6,2.5533298041816423,0.007047417020732638,288490,0.008179763697290617,0.007056666681370283
64,1887,5,2.5445401701300714,0.0071279510867557905,386669,0.011012520533717448,0.0023159242469737995
64,1888,5,2.5348524253187836,0.006932979759411928,424790,0.011811530800139662,0.0033330896621623918
64,1889,6,2.516026684194708,0.008017977969490886,296672,0.008235119501418187,0.0022484407658366345
64,1890,6,2.4801273578822007,0.011237551587929495,279477,0.008072973204997834,0.007855116827062025
64,1891,1,3.64522808330441,0.011124308664924087,36177692,1.0,0.006254119777141853
64,1892,5,2.606580548834604,0.006299174292611953,415495,0.011437276683109109,0.003104359616940555
64,1893,6,2.542460159635812,0.0052793009690663695,305252,0.008617927769675144,0.0050095828288420075
64,1894,5,2.5709531338900082,0.008078577340387472,417634,0.01158521622617117,0.003461023095678306
64,1895,5,2.530414003619671,0.00927173759840394,385736,0.01133498098857081,0.0032805372760431606
64,1896,6,2.53224126001044,0.006268939931575401,299604,0.008596188312771522,0.004668898918103043
64,1897,5,2.5645998892152186,0.007047538139812626,421692,0.011720260941260146,0.0039022416880573063
64,1898,1,3.6303944383518307,0.011199115174265306,35342047,1.0,0.007975378698584334
64,1899,5,2.5947464468859227,0.010146756761297393,389106,0.01100587819670434,0.008577854899093074
64,1900,6,2.5614483793558707,0.004402509050461245,312884,0.008452151702621619,0.00548946082688484
64,1901,6,2.54482469129221,0.0074265219893718815,301268,0.008401486816756268,0.004542233969588083
64,1902,5,2.5832985383933336,0.005966283492242097,416256,0.011753944150298094,0.0021955128986775874
64,1903,5,2.5791239999541227,0.0062725755808714645,428532,0.011939064001587374,0.001900804509951004
64,1904,6,2.5553036940278933,0.008413350136228792,283555,0.008117167987060853,0.001420133282607594
64,1905,6,2.564986005794907,0.007503546870154532,290315,0.008037286653663527,0.0029339674765583856
64,1906,5,2.5711264560321863,0.005963533357350781,413076,0.011717834490991778,0.00712428805092391
64,1907,5,2.5455013301391607,0.007828971972184462,423891,0.011899021396292647,0.004379729821831879
64,1908,5,2.5730349953556955,0.006312461856406881,398172,0.011264483000680019,0.0065533095941471275
64,1909,6,2.490520023080257,0.009633755196553073,279206,0.008156062790869344,0.003828267721836476
64,1910,5,2.560872106400152,0.010327552007944552,394989,0.011274715113554244,0.00505532379649587
64,1911,1,3.639112669078796,0.011605743677009506,34824718,1.0,0.006030553210051248
64,1912,6,2.503475043450655,0.01121626539299636,274319,0.007973911332003548,0.003957302147867159
64,1913,6,2.5118249972637106,0.005306460741470509,300661,0.008462994100862927,0.006644547981516036
64,1914,5,2.555189887257094,0.007752023013167353,414419,0.011717530547522035,0.004034571620408212
64,1915,5,2.5484467346850015,0.00548572766295552,410430,0.011631116187292739,0.004210996768268527
64,1916,5,2.557752648230645,0.008114253352032419,424867,0.012071935457153163,0.00473352113149661
64,1917,5,2.5631117937144947,0.008399272003169034,391273,0.011191623134169333,0.0038122283235028087
64,1918,6,2.5484974028341623,0.010088174313578335,285411,0.00802601250193085,0.004665192445031663
64,1919,5,2.596020070401262,0.006807139278635188,399709,0.011049937738029984,0.002941871956828268
64,1920,1,3.6439287816082806,0.011282913305652453,34410208,1.0,0.007282311386120899
64,1921,6,2.5170973823395886,0.007831738858594783,285651,0.008123806780063027,0.0042925716255375335
64,1922,6,2.519362662942416,0.007999395013217558,289034,0.008280762170249919,0.002446016347885882
64,1923,5,2.5303180232372795,0.009299861429532541,427140,0.01189406479929051,0.005000882436156373
64,1924,5,2.534936251084976,0.009858740134630728,416853,0.011769573816592481,0.004181460161324035
64,1925,5,2.527890009324176,0.009794993443713373,403091,0.01145523332125832,0.00360877014721539
64,1926,5,2.513437443831174,0.009694595834021769,449306,0.012556132610775232,0.007421877461983584
64,1927,7,2.560468788711389,0.006927930333655574,213995,0.006031461174774578,0.004383385185619482
64,1928,6,2.584093989868454,0.00846437070844197,299695,0.008062363109712594,0.007048070285785357
64,1929,6,2.553424780390797,0.005184276659913611,321974,0.008861709317912273,0.005240013831013912
64,1930,6,2.533210606392779,0.010057565700141269,303107,0.008134814842766194,0.006340742776736075
64,1931,7,2.4970829198884323,0.007721882854670348,216158,0.0061638764525992484,0.008486221009052997
64,1932,5,2.584099400676794,0.005015104026622308,411338,0.011610328235121044,0.005096634079249429
64,1933,5,2.570772363876908,0.0095706528740096,420622,0.01177074518912046,0.003694764994490285
64,1934,5,2.559378653826073,0.008362871186416099,420424,0.011765849014825915,0.0027049799492658844
64,1935,5,2.5468236389192898,0.010367236556918957,412905,0.011608185715677732,0.004683531684482434
64,1936,6,2.510954900309999,0.009903641079850423,285309,0.008224327438860627,0.003911797152755969
64,1937,5,2.5351569528450093,0.010234405163285443,390150,0.011149044884200102,0.005247724606416093
64,1938,6,2.5521236776520233,0.006499550645538199,283020,0.007895617162497308,0.0027776391536888934
64,1939,6,2.5381538193247093,0.007892670817298275,296792,0.008279671867313008,0.0042560523925168625
64,1940,6,2.555049741225238,0.008472017810809196,274168,0.007891773256419765,0.0033103737152488932
64,1941,5,2.527483217689884,0.007965841899623904,432191,0.012087236538133298,0.003703984707731922
64,1942,6,2.5547758442102975,0.006710364255988033,282111,0.007896058226470609,0.0031352673539947196
64,1943,6,2.5097804879089503,0.006786970357177569,303647,0.008635647006186558,0.002389125499565714
64,1944,1,3.651433805488217,0.011262402828286389,35084000,1.0,0.011770915700399787
64,1945,5,2.5322298043154428,0.010255061070656879,444023,0.012065389283478539,0.004730398124235813
64,1946,6,2.5285387520628544,0.006504150732035918,297812,0.008570983635002244,0.005353129421281078
64,1947,5,2.536080369491473,0.010251157214338447,407444,0.01161274222023168,0.006881915044900877
64,1948,5,2.565761808301059,0.00479036114425635,418098,0.01197041435382372,0.002937008638994487
64,1949,6,2.5024946199504363,0.010697910849398862,297961,0.008173192539619593,0.006225308423027653
64,1950,5,2.529783280284939,0.010304430449749047,396981,0.011294658571451495,0.004518819255521556
64,1951,5,2.517964060285299,0.009755313657107578,406133,0.011599766926750524,0.003828539826049915
64,1952,5,2.5014448517948034,0.011011374282348996,418177,0.011921214851720097,0.009113757702305825
64,1953,5,2.554487287265923,0.005984550537902367,431173,0.011988202780803283,0.004089697839704032
64,1954,7,2.4796163435410863,0.007611059112763496,217495,0.006298234727834135,0.006592304822835571
64,1955,5,2.578518966863588,0.010291761887353257,397296,0.011255805878485256,0.005243536462838039
64,1956,6,2.5308791241696302,0.00782669649747092,294760,0.008304742930649565,0.002365619305211897
64,1957,6,2.5646187088305705,0.009950118031635702,300504,0.008229137094312023,0.007961342123834148
64,1958,1,3.61626960703615,0.011663282099395045,36212978,1.0,0.007307192019191833
64,1959,5,2.562566321010194,0.006125892174598246,376991,0.011112775938361472,0.005803168652893764
64,1960,6,2.5299602362952966,0.006873780461126966,311610,0.008505965080639884,0.0031492950826127464
64,1961,6,2.503209973150076,0.010345557790690352,287683,0.008130069123518845,0.003349987284527345
64,1962,5,2.5448384334109457,0.008825997247879802,425453,0.011641862973899426,0.004440526229920194
64,1963,6,2.5478973002225622,0.008848720805053667,286214,0.008335344017797506,0.006970729678799803
64,1964,5,2.5500067349241267,0.0104611685457483,434770,0.011869120107731437,0.008142055483887911
64,1965,5,2.5345200054114576,0.006335902925017067,436059,0.012061414942806895,0.003988740417701142
64,1966,6,2.4895058176036913,0.007139589602828567,292713,0.008362798006799765,0.0019116945766599613
64,1967,5,2.5590042331408362,0.006425243239790213,414989,0.011910366690591354,0.002117059030537216
64,1968,5,2.595512903140376,0.006377110291678478,416846,0.01141965743931593,0.004263444980808884
64,1969,1,3.6330335438502486,0.011228004701617444,35696893,1.0,0.011763173088667034
64,1970,5,2.5560851755825253,0.0070899453362215925,406278,0.011590691933594148,0.0072342445425138124
64,1971,5,2.542299528742624,0.011011386646039845,417163,0.011812028475063253,0.004357099493437766
64,1972,5,2.567585323863718,0.005534664692860236,434626,0.011697833589081412,0.004956771324278519
64,1973,5,2.5818894243078674,0.009109922269803894,397327,0.011372060491358122,0.00722707549831636
64,1974,5,2.554290426873625,0.0072923788059168215,405000,0.011575970982442082,0.0014212818566711194
64,1975,5,2.615956832493454,0.008394063702507781,393004,0.011068518246632747,0.0036584572180625163
64,1976,5,2.547368472828198,0.009025981995621768,407396,0.011616471222989479,0.002789728807469527
64,1977,7,2.5242932244450635,0.006880706607179099,228121,0.006428999700561887,0.006954564588377898
64,1978,8,2.4954355379399136,0.007957704051310799,165430,0.00468761467201007,0.011755005096265592
64,1979,5,2.5760552482550576,0.007399217418441795,412566,0.011515682171012818,0.0018690332174220448
64,1980,6,2.5528425741620153,0.009247758319178456,302162,0.008315704043696236,0.005436057857376497
64,1981,6,2.6006197294835536,0.005933882231161203,282423,0.007960621583715608,0.004000623353357602
64,1982,5,2.57353106627911,0.007136765935512934,420196,0.011676409651586457,0.001237332803897706
64,1983,5,2.598683970428067,0.003542429571036676,429748,0.011755642132680088,0.005997190044797929
64,1984,5,2.5546526244516934,0.01065488721353025,415767,0.011561921241049124,0.005608063662530527
64,1985,5,2.5477961029514278,0.007177757459009948,401201,0.011350659473935024,0.0036073553314059648
64,1986,6,2.5223406505139017,0.005926161262607033,291075,0.008279256837181385,0.002043802888207935
64,1987,6,2.5298990229914975,0.009622325082096594,293554,0.008311674338568347,0.00288723319846218
64,1988,5,2.5134825820417057,0.006895744353015876,419418,0.011880396227351453,0.0025379536184914064
64,1989,5,2.617303802083202,0.006261488311920527,428029,0.011645541779196333,0.0024315855343572945
64,1990,5,2.496743631329198,0.009922198837211071,426787,0.012146239255530109,0.0039817029951580984
64,1991,6,2.5302582166746763,0.009780745678211966,301599,0.008303830911856443,0.002769368931471311
64,1992,5,2.520847039275043,0.007141799100722379,404851,0.011701050164129331,0.005078180608924621
64,1993,5,2.5607091648675326,0.008603634773103108,405013,0.011536887729603401,0.006327535178298316
64,1994,6,2.5660259433490094,0.006394508642660002,298544,0.0081893192507677,0.0033328919305685156
64,1995,5,2.4965988808100525,0.009193905112058975,399422,0.011556044800728806,0.0044536426878022395
64,1996,5,2.5645106194470793,0.007679358221270194,444229,0.012137990046186382,0.003839687135078873
64,1997,5,2.5400173278463956,0.005911186364506049,447996,0.012233302076239275,0.005824223616481217
64,1998,5,2.524447837846849,0.010351663440864356,409183,0.011769883465546275,0.0053378942120339
64,1999,6,2.5014719239486753,0.010159936652136436,305153,0.008588050560676127,0.00281093129408172
64,2000,6,2.586519580117189,0.007376141913728929,286901,0.007998786664404673,0.004026948334646674
64,2001,5,2.5521527720517123,0.00728811451706346,411973,0.011447596802999067,0.0013699717009514334
64,2002,5,2.622974631712114,0.004304407480879235,386104,0.011170948636041591,0.002878225808714663
64,2003,5,2.569564224398885,0.009553562971867269,410979,0.011609807155486934,0.004430638256410435
64,2004,5,2.545290720653393,0.004907111984985668,413316,0.011717915750114757,0.004944138988464464
64,2005,6,2.5214743120561462,0.008844354339427762,309500,0.008477262134118833,0.0028839901970019177
64,2006,6,2.520703430531367,0.007283300159466433,290691,0.008163957105741262,0.004611018992543625
64,2007,4,2.616928185773952,0.00563234227304249,658750,0.018035661684552978,0.008070130942236575
64,2008,5,2.56192984107447,0.005364365349683431,415923,0.011626750457384878,0.004944913028706477
64,2009,1,3.6429797194768643,0.011219814741399659,35313096,1.0,0.006794492824294118
64,2010,1,3.6189816442678677,0.012235496836981441,34724822,1.0,0.009090061246553871
64,2011,6,2.5388251408329494,0.009924887385327597,282096,0.008014176970423148,0.0035085126567772074
64,2012,5,2.5506334891064504,0.007902879754830394,403760,0.011509006447449396,0.0034137499928671433
64,2013,5,2.550952142503103,0.008552597642451754,432071,0.011964491789955217,0.004039161407117797
64,2014,5,2.5548374556631215,0.00884136059476992,414097,0.011678843850949685,0.0034359213680570377
64,2015,1,3.646463776398135,0.011141396716716101,34665450,1.0,0.011868876216017066
64,2016,6,2.4921664262084064,0.007476066158694894,300104,0.008499915724218146,0.0017386452699634514
64,2017,7,2.526152221109817,0.007855582219525648,211759,0.005951193072863985,0.005985816801894972
64,2018,5,2.4932231118276875,0.011588395042468447,419589,0.011965206002561693,0.009763651360031989
64,2019,5,2.542217701977478,0.003411012641759803,437539,0.012096555025738346,0.004688271432949476
64,2020,6,2.504798195355286,0.006333336725897087,300615,0.008401631143085774,0.00366681068810204
64,2021,5,2.5366668853374934,0.006654063194035276,414802,0.011907188904803976,0.001001027175380087
64,2022,1,3.6244341542344216,0.01097963675468372,36311389,1.0,0.00699621625836494
64,2023,5,2.5547566183044292,0.00845506104014393,417299,0.011555813299701304,0.0026166165126155216
64,2024,6,2.5050464380330544,0.007149821909052334,313546,0.008684065244625802,0.0032837687460194886
64,2025,5,2.5373676455069916,0.007277178472775092,416966,0.011836182954052563,0.00281424736571656
64,2026,6,2.495368162884963,0.011080641746775366,276143,0.008110925854154426,0.005921658837290178
64,2027,5,2.54344121315563,0.010961594546624043,398963,0.011165113480536198,0.005946772061325434
64,2028,5,2.556042509861265,0.009162183283350167,427707,0.011726778055617414,0.005348891419204249
64,2029,6,2.521452587376342,0.010033864532614123,283907,0.008138112547350163,0.007977637406292759
64,2030,5,2.578397219279405,0.005398434752631021,402973,0.011386022068775955,0.004954914804677579
64,2031,6,2.530345567321556,0.006684120615959743,286636,0.008268223959036298,0.004011839449036936
64,2032,5,2.543069748160349,0.007626665696224499,419486,0.011567784044352502,0.004126534410203941
64,2033,5,2.51204685188599,0.009129652564762503,433033,0.012048430107639372,0.004368231982998627
64,2034,1,3.6173725114758084,0.01136932255623646,36131931,1.0,0.008611792461195478
64,2035,5,2.5696842803161934,0.007751089864681759,416299,0.011569398353712068,0.005947608704716112
64,2036,5,2.5764767833368185,0.007440700710367787,407028,0.011284396466602259,0.0028437774364039603
64,2037,6,2.521087678116321,0.007486716146970385,302138,0.008461840652128974,0.001853562602061376
64,2038,5,2.5710454681005914,0.006389739052875654,404479,0.01124726805107843,0.005124480255016883
64,2039,6,2.5393160985153296,0.007236635527615554,286001,0.008120491545831242,0.007233184077521049
64,2040,6,2.578577760964985,0.006042597589896004,291254,0.008274312372891618,0.005808606736473099
64,2041,5,2.5707207198566118,0.005777536314831133,418620,0.01163608167082814,0.003185846007360743
64,2042,5,2.4980145081695078,0.01028356184837853,423744,0.011886507617192316,0.004665708592928364
64,2043,6,2.522873743849472,0.008471615500188712,292947,0.008089857964720015,0.002211546361250427
64,2044,5,2.5456985448206315,0.011131538568457333,417342,0.011686045451817891,0.005672282451478439
64,2045,5,2.576224737209475,0.007631543373159966,392862,0.011115692246681437,0.0018246401740328322
64,2046,6,2.5147759899251287,0.005819194613096101,293576,0.008226687993913098,0.0054698979280445315
64,2047,5,2.5729625849582662,0.008851743363686437,423573,0.011567965322731712,0.0030195029953667962
64,2048,5,2.5733728974056835,0.006258315171669193,405296,0.011311225367491469,0.00283897988179993
64,2049,6,2.5335942165036793,0.008722727205424663,302038,0.008459719269006401,0.0037495887078528023
64,2050,6,2.520791001374626,0.010816193601894009,273536,0.007796824895157909,0.005129253083513863
64,2051,1,3.642606862892946,0.010813934990296481,35464009,1.0,0.009929765730496531
64,2052,6,2.5371899790264507,0.007493277919192631,282982,0.008105939161142914,0.0034389439826850166
64,2053,5,2.5400943797743727,0.009977572074566288,403215,0.011548321727825864,0.004403345627260968
64,2054,5,2.5382560434309562,0.010471485003155645,406339,0.011366978635991657,0.005347094737323865
64,2055,5,2.521229718772112,0.008910293670910119,414486,0.011770670179566005,0.007993464230862002
64,2056,5,2.568267445066968,0.00607375093437218,426815,0.011893320883867837,0.004374137257270594
64,2057,6,2.518679461170983,0.00712807026669493,314362,0.008749716935821642,0.00417356618903042
64,2058,5,2.518635164245511,0.011304691928273991,409213,0.011632496866261692,0.010369043392563282
64,2059,6,2.526651423699646,0.008885729746597293,295559,0.008134642271317825,0.006466880467410063
64,2060,5,2.5182532155789166,0.008494319971310837,403845,0.011596701332958039,0.003947463562983922
64,2061,5,2.514311058627591,0.0076978834840464305,411734,0.011664309681028013,0.0039584482366664675
64,2062,6,2.556251034199673,0.0092430873275694,282393,0.00800336784625648,0.0068694722467501634
64,2063,5,2.5770601537755717,0.006549410205460959,394712,0.011466240341939792,0.0029583360216598464
64,2064,6,2.551209723047729,0.0056469450826786005,313716,0.008572413925207604,0.005139838251145945
64,2065,6,2.5298122951127,0.006715092316795679,297758,0.008348120300541079,0.0017448660960475149
64,2066,5,2.571973190556988,0.0049373961225076535,435583,0.012018421460551248,0.006609567179410525
64,2067,5,2.537077440781892,0.005542215307790754,383127,0.011478262463927361,0.0030678576933081125
64,2068,6,2.5338329150045102,0.008597800365554908,279390,0.008114623007231828,0.003021646555065205
64,2069,4,2.5301314187304373,0.00850584885865302,606603,0.017754443908600714,0.007592790685714945
64,2070,5,2.5222741799177983,0.010747966683731347,432849,0.012082909074342904,0.005802822660162077
64,2071,5,2.5555113709589183,0.0081355343110322,415953,0.01154767231754046,0.002952790945195849
64,2072,5,2.549505197142014,0.007335893815562544,398113,0.011398482250457049,0.0034017905929306647
64,2073,6,2.5349083344209964,0.005486060574484308,301900,0.008524182745038137,0.0032524380908124373
64,2074,5,2.5489686497062034,0.006410354820561737,397004,0.011452431147783394,0.004611001235243828
64,2075,8,2.5721061163655303,0.007762190535655411,169279,0.004748079355774274,0.00800231808061902
64,2076,6,2.5011931518652504,0.0114241524091232,286684,0.00816538019385757,0.00861608878429554
64,2077,5,2.567510902490631,0.010445378189696264,409963,0.011389388871079402,0.004948495030014266
64,2078,5,2.6025911656609058,0.007235777194588733,407031,0.011202751384356448,0.0036259375187549514
64,2079,1,3.6214307500629563,0.011639297827163553,35317313,1.0,0.007901100501672476
64,2080,6,2.523155178267163,0.007297990942044752,292990,0.008453673413813128,0.005250219795069233
64,2081,5,2.5827711601676415,0.007129140143347312,401504,0.011288675982238577,0.005714078738092376
64,2082,6,2.544966657082445,0.0049431673205549975,308047,0.008433555963492436,0.004715887550940989
64,2083,5,2.549107833943983,0.007265554438920296,407165,0.011541581256017367,0.002142812629602364
64,2084,5,2.5246114130268396,0.009255895427626282,446979,0.012322226644403281,0.0052600274723830776
64,2085,6,2.5101265615265778,0.005861120330800107,287115,0.008420553312016847,0.0031187741598417418
64,2086,5,2.57524329497199,0.0059166184393952825,399962,0.011293513027937893,0.002537289967153078
64,2087,5,2.590725068783877,0.006876108389170021,410375,0.011293025325739283,0.005796872002272746
64,2088,5,2.5552529357541567,0.00809619321598698,398805,0.011411959623802656,0.006660508653097197
64,2089,5,2.56062608975355,0.006970113116501253,412082,0.011646038674620081,0.0025172668575825785
64,2090,5,2.5530940245185354,0.007273925558158867,395903,0.011464022801389235,0.004077073315970237
64,2091,6,2.546163140593987,0.005543510693850062,303902,0.008476733959051089,0.002430318277811039
64,2092,6,2.5265238962207555,0.008588841605223774,302652,0.008459074769202105,0.0017921124413997624
64,2093,4,2.615005826021547,0.009926197293709749,651528,0.01752994175062807,0.0061360184013496966
64,2094,1,3.6393069549173185,0.01155114223961129,35484701,1.0,0.008248920786194436
64,2095,7,2.489101872084587,0.008225821855240234,208967,0.006016720775317875,0.006212417666907721
64,2096,5,2.5623354103376847,0.007042539084668509,418248,0.011373285440129081,0.004434595797177532
64,2097,6,2.497986813915474,0.006628497149031687,292244,0.00838874058349919,0.0016342729556332314
64,2098,5,2.5443768794350157,0.006568306373577415,420261,0.011467040114490044,0.002668202455430091
64,2099,6,2.507267122173419,0.009831726157387144,306341,0.008590929988552008,0.004882625606508317
64,2100,6,2.544775850354697,0.006210645975331497,301449,0.00848956804782404,0.0030059637765034175
64,2101,5,2.5371461803271766,0.009600657903581666,429379,0.01198918920971575,0.004152996498812733
64,2102,5,2.5847620443446724,0.004305313443422554,432891,0.012079218888842228,0.0055435104792671275
64,2103,5,2.5596761084033197,0.011290517857830862,416430,0.011477514058046074,0.00991930601742319
64,2104,6,2.5044744430634105,0.00878791561026504,298680,0.008447318968931581,0.0019519691479368273
64,2105,6,2.5252640212566226,0.00799311577372852,290718,0.008320731606618907,0.001831718057283216
64,2106,5,2.533761061773591,0.007735091077120337,460739,0.01259103818054649,0.007829403132105117
64,2107,1,3.651989560679424,0.011136604388149007,34367923,1.0,0.006122219253104189
64,2108,5,2.558413455153596,0.00904699430576944,404477,0.011472239812887197,0.006205899560154715
64,2109,6,2.5021994242042718,0.00817300882815808,285952,0.008201666835507866,0.004554037409778
64,2110,5,2.5492504902954716,0.011236332407931038,407468,0.01150636012822057,0.008513995170099542
64,2111,6,2.562922692632715,0.006535403266775264,291979,0.007965724840201386,0.0032964933827114296
64,2112,5,2.563298950738248,0.008237400646534998,399987,0.011202311156713468,0.0028895785815029607
64,2113,5,2.5393602192216673,0.006651471029236855,446399,0.012241698956368145,0.005257621297547477
64,2114,6,2.484414363034311,0.009337562849497272,297686,0.008388831761492353,0.002369412732080245
64,2115,5,2.513453343136316,0.00694415370417012,413364,0.011818042897170785,0.006632669772657918
64,2116,1,3.6571602268815346,0.011128373109662415,33816667,1.0,0.007436013395091756
64,2117,6,2.512437192714979,0.011415478672074375,298950,0.008249249579052343,0.004066431693185102
64,2118,6,2.5833652971100554,0.0061902867395144945,301600,0.008169172511579585,0.0036666703290121894
64,2119,5,2.5786139404904223,0.007454456942072918,395396,0.011256075431385484,0.004201545136568785
64,2120,5,2.5787855384673968,0.008249182486135875,413833,0.011571811570005192,0.004003654862953676
64,2121,6,2.536287884626747,0.0108390505493553,299083,0.008264442713476596,0.003460053600849111
64,2122,6,2.5152293922715474,0.009690209089015411,285846,0.008124851076658026,0.005828284396384109
64,2123,6,2.5074704884085732,0.007136566774581521,295985,0.008245915696840262,0.001364389123492793
64,2124,6,2.5039601350301885,0.006892331743326707,286956,0.00826095278820975,0.0026247183153634834
64,2125,6,2.5338601767595317,0.005508101241794905,309255,0.00864266107270332,0.0062431214514693245
64,2126,5,2.5353376757240915,0.010944501317824096,415174,0.011924174846118393,0.005893863048730186
64,2127,5,2.5423867166909235,0.011134893090267828,390336,0.011385643581309012,0.010311141576399674
64,2128,5,2.5641464559923124,0.009728166281079531,442042,0.012101437864637526,0.004093103221436634
64,2129,5,2.548481614060269,0.005492512938343519,420828,0.011966013437268837,0.005340840117686763
64,2130,6,2.538645598414248,0.006190150256262905,303935,0.0085586812937276,0.005829140160829915
64,2131,6,2.557430982654082,0.008299528049255267,286635,0.007974433515728777,0.0034103851778133076
64,2132,6,2.608634069365186,0.0043726333206838275,284687,0.007961856073664767,0.004508383438900143
64,2133,5,2.548661221715268,0.007968529362388566,398542,0.011492392448670393,0.004958050087257693
64,2134,6,2.509819752647311,0.006269550097084409,302985,0.008394058208610986,0.002231414761098449
64,2135,6,2.5371427484666835,0.006681271431485558,297884,0.008246425166772767,0.002333943909426761
64,2136,1,3.631541632193469,0.010875578903881467,35642299,1.0,0.010477826433090698
64,2137,7,2.4845059357738113,0.010559983245036708,203320,0.005953714699818812,0.008027985616029604
64,2138,7,2.4979799708820862,0.009991078538587828,219575,0.00613098606359785,0.008697252232359842
64,2139,6,2.5463672843673733,0.0042569229881668225,302784,0.008334997163391122,0.003686673136650831
64,2140,5,2.5804095713317645,0.0053950430868352495,418460,0.011507888098204752,0.006625610109035118
64,2141,6,2.519257625410787,0.009526676031993975,288359,0.008023212528697705,0.004290159526483817
64,2142,6,2.5502769975229014,0.006314016663540256,282433,0.00819932506304672,0.0023849062762997253
64,2143,6,2.5601707189800176,0.006406362615080763,280139,0.007987847388058106,0.009993832737895558
64,2144,7,2.5035091555462423,0.007562477876810414,226909,0.006310150184516601,0.006154024775562927
64,2145,7,2.5195224250898933,0.00993374355267973,225316,0.0063153409536025815,0.008182212529148525
64,2146,7,2.51933190712369,0.010217431375908692,212330,0.005990757198078308,0.010162328487139716
64,2147,6,2.5523600728900218,0.008459214634109369,291847,0.008299845428187128,0.0039605024996201554
64,2148,5,2.5465421328761293,0.006507810863538466,438196,0.012021824282122912,0.0034238179412662273
64,2149,5,2.550388243062995,0.009480546009462243,377801,0.01105109144742267,0.004034288542453468
64,2150,5,2.569679609723701,0.007852269952828062,444384,0.011983349771032655,0.008629128267857888
64,2151,5,2.594441691655329,0.005725275382257922,401499,0.011430079934463204,0.0036087033130975943
64,2152,5,2.5669962818294008,0.005320628402786631,418539,0.011598896807981736,0.005523626961871642
64,2153,5,2.590411799208673,0.00533315709413279,437942,0.011848979742135841,0.005365598546787309
64,2154,6,2.493303876285822,0.010430024177244146,296800,0.00840880290604602,0.0031281965040550475
64,2155,6,2.5609228552788896,0.0050545008456087115,289651,0.008125188226565765,0.0029713659216648036
64,2156,5,2.5682460343395284,0.008021380611106799,422943,0.011787218881533688,0.004281716614163489
64,2157,6,2.505259801497334,0.0063236700602297136,287023,0.008186435433324217,0.005745702862717361
64,2158,6,2.541210205108822,0.008416859366635832,289211,0.008093435891064033,0.0034084880147978724
64,2159,5,2.5287924980812173,0.00891758235814899,381494,0.011219182274318997,0.003587687972143372
64,2160,1,3.6376043923801626,0.011234724703363508,36131119,1.0,0.006709759555609818
64,2161,1,3.6353858374919237,0.01158084421745642,34653148,1.0,0.008206138548222386
64,2162,6,2.5642800593776096,0.007889251189242441,291343,0.00827959542654113,0.003253788526034973
64,2163,6,2.574063886542921,0.0079687717299749,290317,0.008158043780249277,0.0015000794862103373
64,2164,5,2.5369571034278757,0.0058151711306839715,404232,0.011631445197397651,0.003765259302235202
64,2165,5,2.547068835466352,0.007506710270995365,411939,0.011531896686675418,0.0071914774104547274
64,2166,6,2.5305957908642394,0.00954786655687112,288895,0.008017778072332378,0.004893732373808468
64,2167,5,2.520138611266374,0.009367777712053993,405137,0.01164469667430128,0.009854798180274515
64,2168,5,2.5340465988935454,0.009821746569050216,426420,0.011868803544887245,0.0024319819404321485
64,2169,5,2.5341735624015462,0.008675855351813644,436891,0.011943752814282518,0.0036181761189661987
64,2170,4,2.554626171376382,0.008447165647603283,636714,0.017953204325558452,0.00958067680065744
64,2171,6,2.5387815067860564,0.007114609234185942,291827,0.008276020059806438,0.0035078397020488206
64,2172,5,2.560891099225591,0.007514236858423673,431527,0.012157717568676242,0.006285058739024074
64,2173,6,2.5469128841060686,0.007297540311491213,289142,0.008276447818050163,0.007329439783572034
64,2174,5,2.568441513271648,0.006209027114870813,411196,0.011510461577358388,0.003910124928863279
64,2175,5,2.543710654081364,0.005994073473768569,431672,0.012086240259858981,0.004801216157996779
64,2176,6,2.5229194017697423,0.005685164591613279,298164,0.008423501627172333,0.004049754894512536
64,2177,5,2.5400263001131944,0.008081403736808213,422177,0.011897642684236383,0.0033945029029114338
64,2178,5,2.541461510615075,0.009163628746026053,438351,0.01213093576665485,0.0032081332261649775
64,2179,6,2.55732881083097,0.007609226436428584,286586,0.008010589252903386,0.0024266722619271652
64,2180,5,2.5506763542489397,0.007070683031277225,417162,0.011800793735074751,0.006188322327955409
64,2181,5,2.569033342214289,0.00802044524016271,405611,0.011405622774543836,0.0019572452339960966
64,2182,6,2.499696591614293,0.0107310006015775,283447,0.008072925678313077,0.006725685078605492
64,2183,5,2.5875602174007466,0.009611376374415226,414789,0.011513382371983434,0.00363282604445192
64,2184,5,2.568137122055028,0.008775424400346732,403790,0.01142021175259962,0.0032839613347759866
64,2185,6,2.4991314459866922,0.007883341576987224,299806,0.008449794947197026,0.0024613822795500617
64,2186,6,2.4834479039777606,0.008792471498096033,291876,0.008389474715338014,0.004209835422869457
64,2187,5,2.603674767163895,0.01067811817053499,407198,0.011374973744828196,0.004458030468870611
64,2188,5,2.5540436105601763,0.0107243856592657,406945,0.011293253386643954,0.007816499177667025
64,2189,5,2.528388647823684,0.008195326700492611,428780,0.012066760779408395,0.0036160707788985835
64,2190,5,2.558659300587046,0.008533983105352916,388870,0.011310770449706891,0.004360789336424031
64,2191,7,2.488710512548501,0.008331461761872383,217787,0.006243626813064087,0.009168125070337707
64,2192,6,2.5736482419315245,0.004955997380729604,319173,0.008690027611141297,0.0062726406588370365
64,2193,6,2.565509230999359,0.00627613027622187,288754,0.008009693717161231,0.0016935916894585956
64,2194,6,2.514808675458711,0.008880344644211724,281839,0.00821755655815181,0.002618596586175248
64,2195,1,3.644376888946312,0.011227607243360804,35316049,1.0,0.0084449241216219
64,2196,6,2.559460446841186,0.005082126289432054,295430,0.008202452623013468,0.004905369703982254
64,2197,5,2.543234910160466,0.0055288545095733,426196,0.011828226342756354,0.004605365275158507
64,2198,5,2.54760918088419,0.008479273318220959,423643,0.011962942137767479,0.005621666726303487
64,2199,1,3.636504514308163,0.011278180757028133,35307525,1.0,0.00677488991931291
64,2200,5,2.5200827131523935,0.010355312130859273,416492,0.011646937056785683,0.006743269541080954
64,2201,6,2.574834058167312,0.006780027654488263,278611,0.007948482175148359,0.00553660799076694
64,2202,6,2.5642350239934473,0.007762540878986396,298290,0.00822671524351397,0.004523630994922562
64,2203,7,2.5286009852322433,0.0090251270237659,221306,0.00631955408059506,0.007162657786478843
64,2204,5,2.5112424852118918,0.010618687549963202,387159,0.010981963250266728,0.004781425977948728
64,2205,6,2.5219872271202557,0.011091309433743146,305846,0.00836424649036167,0.003914630871051983
64,2206,6,2.559723918201246,0.005455853855286796,295707,0.008293846406144336,0.0024524120432908303
64,2207,4,2.576430248272386,0.00886315773460239,617033,0.017239456317302577,0.013532731095585282
64,2208,5,2.5498376349241036,0.007206503032501366,440538,0.012305717374428333,0.009112138606947373
64,2209,6,2.533522670836182,0.007078524061120972,315372,0.008801382246683344,0.0015046346063964655
64,2210,6,2.5398153895523805,0.010188868766490333,290440,0.008155735573552862,0.007931840613921382
64,2211,6,2.5381420240759547,0.007977423087496605,286479,0.008082770932969958,0.0021955523498196072
64,2212,5,2.5804618751900317,0.010627471259421983,410624,0.011266551101180638,0.004372641563638119
64,2213,5,2.599285006570592,0.0067956716561930475,416410,0.011515575700384747,0.0032261025471473914
64,2214,5,2.5394013751945512,0.006904094474266653,403823,0.011449281028655056,0.005317359594086635
64,2215,5,2.5765507199350743,0.006439812496734754,419693,0.011467755668955647,0.003229960669353993
64,2216,5,2.5725792519832087,0.006904773031706779,424050,0.011776690290402824,0.008525493527802575
64,2217,6,2.5657365409439983,0.009532445171704818,267424,0.007541582213367409,0.005382750940469139
64,2218,1,3.6632187608702815,0.010763535799903634,35391500,1.0,0.007168554250794934
64,2219,6,2.5334249148655252,0.006840170849494287,285743,0.008120289512819005,0.0019678065793269917
64,2220,6,2.5126736955813955,0.007645741821093233,287062,0.00810271527136667,0.004163679875414883
64,2221,5,2.58001523525188,0.008274675869597181,408184,0.01128595378688038,0.002310960390890515
64,2222,1,3.6372360350356594,0.011045819455834271,35442309,1.0,0.006713490014952472
64,2223,6,2.536967949524553,0.007211651446452083,296013,0.008290896868993477,0.0033302862926961607
64,2224,6,2.5818139556787645,0.005558985569924846,297471,0.008416469039553877,0.004977272745238848
64,2225,5,2.5757572731123184,0.009254916234242239,398802,0.011376538249738067,0.0032553598013528307
64,2226,6,2.536659672913039,0.005517459204149255,294248,0.008223941359839134,0.003182761694680125
64,2227,6,2.5448345311409484,0.010093398653285957,269418,0.007684282539321988,0.007793334830518972
64,2228,6,2.5600958340808457,0.0076100867771564384,300050,0.00820942788153723,0.004371176893092604
64,2229,6,2.571432841828876,0.005759275314377477,296967,0.008260507615365384,0.003296851758634478
64,2230,1,3.6375277366147447,0.010983923867225243,35680321,1.0,0.006689735408557884
64,2231,5,2.5847535947291265,0.010438523184313653,399259,0.011358619596811522,0.005374705930564105
64,2232,6,2.5348823972177716,0.008055373056886528,303817,0.008473579543703471,0.0012488319004900772
64,2233,5,2.549168163501455,0.007583235084960838,375660,0.011113160228837737,0.0043955515723439476
64,2234,5,2.5507594992049567,0.010262876699348777,404532,0.01141016767755482,0.007515167978965898
64,2235,5,2.5325074342440486,0.010549030179649255,419590,0.011764748435168452,0.008923011577817608
64,2236,6,2.52708218051787,0.006760414850049856,297789,0.008367769936161505,0.004777932740954616
64,2237,6,2.5274309093612612,0.007380052866775788,297129,0.008358244340268358,0.0032394556913061257
64,2238,5,2.551899345426131,0.006058592024483667,428785,0.012145905298734572,0.007153917164949397
64,2239,5,2.5167424065085853,0.006908654913000578,410544,0.011772066071804716,0.0025464261216130435
64,2240,6,2.566964147151807,0.0059346713712713495,290268,0.00809240036489235,0.004078342649854405
64,2241,6,2.56030717968734,0.006459692267388073,292501,0.008217242356270036,0.002722062823575122
64,2242,5,2.5736433101961755,0.010274343230595173,413977,0.011407014673239346,0.003169458877113507
64,2243,6,2.5319731501485183,0.0061128066100614165,295964,0.008498076573824894,0.00521033552136424
64,2244,6,2.5550044775153005,0.0072785428436588084,313792,0.008644962372379208,0.00360762834680306
64,2245,1,3.654695089142222,0.010922526702034419,35258985,1.0,0.004748886401142571
64,2246,5,2.5313422233879592,0.007953333245356298,413045,0.011705839642367462,0.0024355880997088963
64,2247,5,2.5950551667540163,0.0074074531122505505,434755,0.011731632448337224,0.002860816099520047
64,2248,5,2.5956365536742676,0.010379525590150707,398479,0.011292568140708337,0.0038910659541471215
64,2249,5,2.5654920749793826,0.005791315109158202,407842,0.011558482092843596,0.0033108574531807156
64,2250,6,2.4841974487467398,0.00958629302960301,299765,0.008357950063475419,0.0035343982042207456
64,2251,6,2.5316799417812352,0.00892821761169127,293651,0.008411938064971508,0.004611359068502796
64,2252,5,2.5872061089977327,0.005352958031022204,412803,0.011467957639650332,0.006097931108008436
64,2253,5,2.5403592317080266,0.007746301861561444,407021,0.011443287323195573,0.007535290610166945
64,2254,6,2.5288979040954103,0.0057580476470073805,285259,0.008301903024259476,0.0024060806872947538
64,2255,6,2.541195887476367,0.005912163499841139,292966,0.00828808846210307,0.004005211382831941
64,2256,6,2.5492188014414308,0.0040012339032013955,297473,0.008429182068439836,0.006959945952175528
64,2257,5,2.5646421541877364,0.008118139795316393,416814,0.011663920457868496,0.003647996708349366
64,2258,6,2.5235056721241054,0.006341987255669146,305170,0.00849085411448338,0.002624555204559398
64,2259,5,2.5470023988646884,0.007138207827723342,400183,0.011469817849720775,0.0023679735864327034
64,2260,5,2.5374428543790644,0.009252079288506132,398066,0.011575613342538394,0.0047164958024419334
64,2261,1,3.6253442221602334,0.01112736727615371,36271546,1.0,0.006076283379773395
64,2262,6,2.504046173526157,0.007634245869889256,307080,0.00856133042651055,0.003737879055363047
64,2263,6,2.495836835650007,0.0071619395702029465,310994,0.008849610656570972,0.004071769553554372
64,2264,5,2.591370156737078,0.008255081548840582,399092,0.011138035003044113,0.003040102372274034
64,2265,5,2.5231357019090597,0.008712477739059477,401860,0.01168717753819054,0.008503298741680099
64,2266,5,2.5218744539198372,0.00949308309493202,403411,0.011505998600322313,0.004209186198423476
64,2267,5,2.5872645180817937,0.005582701800239009,409462,0.011501817821039487,0.0035506072348449047
64,2268,5,2.549185195627449,0.007899759049110666,427743,0.011722653725558689,0.0033228445707743637
64,2269,5,2.5281004179076603,0.011388602063744258,422763,0.01168721221384074,0.004605425052145895
64,2270,6,2.5232158505613853,0.009857742867948494,281809,0.008047629479095979,0.006364974171806259
64,2271,5,2.577705561089935,0.005757220090384929,424536,0.01172725075890563,0.006164029192095466
64,2272,5,2.5134344746673194,0.007313472077328131,437131,0.012159817687438462,0.0033424820209189132
64,2273,6,2.5408947393038304,0.007060642058016597,296249,0.008505508128235532,0.005906912837907341
64,2274,5,2.546127006600978,0.00966540323835996,428676,0.01184533814254644,0.005057586697707839
64,2275,5,2.538390582176646,0.006333120489484423,423397,0.011878926786069898,0.003546300603543995
64,2276,6,2.5366469621727004,0.006825852557577727,272804,0.007957516585330353,0.004110020096637079
64,2277,5,2.550248024561625,0.006710112425034942,423428,0.011968433802783939,0.006742131841295518
64,2278,6,2.4736696592357177,0.01125661152587909,294539,0.008419369131161833,0.005955783479628218
64,2279,6,2.5319491670048815,0.009393763131761546,287214,0.008060715106621055,0.0073259435001056805
64,2280,5,2.531392812070868,0.0076974460641805464,414674,0.011535217904248017,0.0044389267303778235
64,2281,4,2.5791703585687005,0.008335788625529583,623005,0.017811316150211257,0.011978013125016118
64,2282,6,2.4981642263516233,0.007660201001077893,307527,0.008661655421210444,0.0015507939067848087
64,2283,4,2.5894183854655757,0.010806073133062588,603242,0.017127511921701376,0.0055673204488599914
64,2284,5,2.568949799791374,0.004538148053552904,415999,0.011661381048903942,0.004474952983166469
64,2285,5,2.572266594374916,0.005726276500527039,413271,0.011575666616678387,0.004157228945082192
64,2286,5,2.5447014256711857,0.008369799004160017,404261,0.011520195885590997,0.0023585593795775184
64,2287,5,2.566358178057086,0.007582214912465912,410274,0.011385211562735548,0.003039058324473154
64,2288,5,2.5465603625829063,0.010531078326887267,394483,0.011393594906309276,0.006027513702901888
64,2289,5,2.5480331655290955,0.006293909736704184,428221,0.011944376300250492,0.006118985816169098
64,2290,1,3.6091799458409106,0.011727894514078185,35251433,1.0,0.006474633465689772
64,2291,4,2.593713791513495,0.008457973305008748,642521,0.017725173450671157,0.008746230069757499
64,2292,6,2.52334092771486,0.008965064803776568,297888,0.008211225823595146,0.004104054731323692
64,2293,6,2.514697538798603,0.009655941972755488,280226,0.007951312969967454,0.006983660805832681
64,2294,1,3.634777538402547,0.011053832798302854,35575069,1.0,0.0105690474164164
64,2295,6,2.57617529306956,0.008211784117700183,295054,0.008147738800483539,0.005238131121255374
64,2296,7,2.4965277444963756,0.005789547605631329,233201,0.006510486206999463,0.004405143333373052
64,2297,1,3.6064796829987738,0.011730273859300366,36422374,1.0,0.004454833124968083
64,2298,6,2.53183921546462,0.009785714249960553,299615,0.008400529767634642,0.008213024666449464
64,2299,5,2.524150837314892,0.007069565579378545,412155,0.011771927337171214,0.0022999604764022408
64,2300,6,2.598793198207227,0.006030749521621526,286983,0.00814748491263278,0.0038561829729476527
64,2301,5,2.542513912136738,0.008496468782416278,392890,0.01114882341306832,0.0037622445198848276
64,2302,6,2.5897645087982633,0.00703962709098338,312744,0.008478225439078843,0.0017781182900296066
64,2303,6,2.478039841414338,0.007357657726293487,289178,0.008401951341853325,0.0036668865105570214
64,2304,6,2.5116475206334807,0.009015637064693105,289702,0.008357973606122783,0.0043072035837128375
64,2305,1,3.623981912328142,0.011214779228256866,35301383,1.0,0.00967337086256198
64,2306,5,2.489646954685503,0.00923120355240159,419942,0.012108215572842964,0.008284752058811073
64,2307,5,2.595366434110669,0.0076508322964375375,409783,0.011187865931152728,0.004624693620585818
64,2308,6,2.5485249555126313,0.008885137395091891,288290,0.008029968223564297,0.0024469124480093196
64,2309,6,2.4830858883604363,0.011080785166851848,296374,0.00839078914027918,0.0035753343641862223
64,2310,5,2.534254753168008,0.007664132386081213,416242,0.01180469941282793,0.0066295924325186495
64,2311,4,2.618606919832097,0.006003528262940261,644617,0.01787488030232652,0.005928580170734499
64,2312,5,2.5197563725636742,0.010232001556955694,404189,0.011628410447107863,0.005273396086535542
64,2313,6,2.4848530276326093,0.009692602512290871,282454,0.008263594305131525,0.006251818688314981
64,2314,5,2.5022558463124014,0.006307894550836579,400369,0.01162655967390144,0.004343581140068359
64,2315,6,2.546193715024266,0.008225665180950359,295097,0.008203027979392428,0.0014663464313593444
64,2316,5,2.564791602413498,0.00784550619631147,405260,0.011257833897864005,0.0033074778369648894
64,2317,5,2.5804132383505505,0.007577657758746192,406157,0.011292201809062126,0.0027654389142299785
64,2318,6,2.5308170909127554,0.006028561303971669,298969,0.008366483481379944,0.002009198096693643
64,2319,5,2.530579401224574,0.00644069772264888,401092,0.011611079048853308,0.0024244527202585964
64,2320,6,2.4885358780272604,0.010626047605750033,284887,0.008253888087525686,0.0045437145491260544
64,2321,6,2.522838827258678,0.007375439734264577,289577,0.008282882918186163,0.0022131618527087005
64,2322,6,2.5407005817376462,0.008202822617602079,302575,0.008252903156262568,0.00395542370263649
64,2323,5,2.597277440632308,0.0067930354583780606,428070,0.011831508179403772,0.0022981962433367142
64,2324,6,2.53921039804852,0.008675026651496553,320580,0.008673600622979782,0.002449801431151921
64,2325,5,2.5523907731259756,0.006706427871799203,390066,0.011243203444519121,0.008832516719008199
64,2326,6,2.562592707741876,0.008422567714824969,284868,0.00793632950193172,0.002356080625372542
64,2327,5,2.558162582615175,0.00773494572264477,405315,0.011473835329918166,0.004339883279925849
64,2328,1,3.660049458389362,0.010745263263375548,35550213,1.0,0.004547724796842734
64,2329,7,2.4638212889545685,0.01011543736977738,216739,0.00635086446464843,0.007649778827717502
64,2330,1,3.631046371824553,0.011637273266350445,35174479,1.0,0.008157872766771823
64,2331,6,2.5358231422451305,0.00952401181468221,284394,0.008116271292605117,0.007806641197420527
64,2332,6,2.5918228265952257,0.006997505702261431,287708,0.00809922795700305,0.004964218190422254
64,2333,5,2.529911625971786,0.010679069328094704,391607,0.01147004780604695,0.00562249673975157
64,2334,6,2.571595958459616,0.005549882022750086,285643,0.008194044784327541,0.0028991684780088622
64,2335,7,2.5518504347133355,0.007500827105233032,212808,0.005978962373230675,0.0062096387064727865
64,2336,5,2.536043882263383,0.010449030617705302,422162,0.011819454047176521,0.005169929665603923
64,2337,6,2.547023240458667,0.005412737615194008,305397,0.008371000693889864,0.007258789460077186
64,2338,6,2.4983244035984886,0.009850105423687028,295826,0.00826589569049104,0.004021867554493963
64,2339,5,2.5509029323952035,0.005985213220604635,420414,0.011838509744579704,0.003300960008336684
64,2340,5,2.538423492021626,0.005301860988736196,429525,0.011887812264203608,0.0032315682152158354
64,2341,1,3.6361780677586175,0.010871866249981044,36386378,1.0,0.008817719244196276
64,2342,5,2.561434976994977,0.007976933899893401,421372,0.011422619096510548,0.006084437862653225
64,2343,6,2.600686589160713,0.005655388511060289,299680,0.00805521044680802,0.003337057097979379
64,2344,6,2.592724134459988,0.006328356945361713,294900,0.008147146359077864,0.008455603994832028
64,2345,6,2.5156527211170077,0.009119635151722982,298918,0.008446998052955616,0.0018394105834578234
64,2346,6,2.521524197023923,0.007405862724787715,298000,0.008214476791443007,0.003538276019887321
64,2347,6,2.540403478529193,0.0034884839813904556,302975,0.00854259387069348,0.006822802914588699
64,2348,5,2.513193759284166,0.010613856598079341,406032,0.01165423574402484,0.004979776963526139
64,2349,5,2.504258439109871,0.01020563575831468,409104,0.011818036145851108,0.005507088752900624
64,2350,6,2.5232984911758787,0.010923764973517991,288308,0.007980775363268834,0.0077360226616568495
64,2351,5,2.589896671321685,0.004600565780901955,426311,0.011740403383572408,0.004735554059768665
64,2352,5,2.54165592429052,0.006516697760017287,438882,0.012343673437749699,0.007905392766988872
64,2353,6,2.523507137718372,0.01032475918157616,289937,0.008196170069942374,0.005041380560737496
64,2354,6,2.5004546244979964,0.008767534845213865,294059,0.00829836795104426,0.005524180287807601
64,2355,5,2.598568839313997,0.0037426278327932216,432600,0.011935592496910223,0.008569174322236028
64,2356,6,2.489536318111154,0.00584576193630526,314450,0.00873767555656034,0.004369768221791248
64,2357,6,2.527109812543713,0.006031052795763769,294190,0.008311949771965971,0.0022437678693554286
64,2358,6,2.511904817321941,0.008111170227727671,303331,0.008561453366623154,0.0025560516351710305
64,2359,5,2.553239274395352,0.007971022656990456,435484,0.01218072632857378,0.0037827327389863274
64,2360,5,2.565527760030684,0.007910667798671334,403178,0.011577257384716228,0.003277328235660293
64,2361,5,2.550028445676261,0.007273724713309115,386603,0.011087158586061565,0.0035637859771447955
64,2362,5,2.504462731607294,0.01021513830800247,407452,0.01190631585680593,0.005445653699195641
64,2363,6,2.5878563647774864,0.005159149362850779,286385,0.008018652182684207,0.0041743154600023535
64,2364,5,2.567956982998198,0.007975256002663467,429584,0.012013454115551304,0.0021238921474382444
64,2365,6,2.5310568386749734,0.009181442340859047,291974,0.00819347918894058,0.0019061960309199044
64,2366,5,2.54927332714815,0.009121714933143121,399842,0.011517010274669125,0.0023700643490195406
64,2367,6,2.580306994295848,0.004863454866844252,315695,0.008633578978999806,0.003679603582025126
64,2368,6,2.5365950696987514,0.006038794791006885,288657,0.008146063547293378,0.0037692427741440326
64,2369,5,2.5411360652751402,0.010882681774493697,407980,0.01171602557193879,0.005597576886688604
64,2370,5,2.5326066782334737,0.007292156041541431,394590,0.011438692994454963,0.002804968319055301
64,2371,1,3.6557705817653647,0.011515741045751926,34392723,1.0,0.005822108380629909
64,2372,6,2.564471361806626,0.006090662539208647,285741,0.008117131726917283,0.0026377177226797333
64,2373,5,2.53345776238238,0.00870705498381863,430386,0.01219597518026983,0.005742992537513758
64,2374,6,2.561399158287487,0.0042048390934212865,301057,0.008407577596813567,0.004014189366547072
64,2375,5,2.5658898551317852,0.00924112235398844,409454,0.011392423835316547,0.005735874100200378
64,2376,6,2.5527539814853037,0.00894361142610589,278236,0.007915385857707003,0.0035411274185550845
64,2377,1,3.659862426542928,0.011581029806996157,34245810,1.0,0.004875833198491275
64,2378,6,2.5289719391329033,0.007995040143693455,314380,0.008709322121750218,0.002716614715730481
64,2379,6,2.5449868242420064,0.005903453122504065,298847,0.008440213892446279,0.003317863055572551
64,2380,5,2.55453234678411,0.007166689203520815,431563,0.011666404672692934,0.005715037607551876
64,2381,6,2.488173582662102,0.005842421505567907,319468,0.009017410284716202,0.004358054701753433
64,2382,5,2.568852489675567,0.0062805334560842585,423548,0.011706360689614724,0.0027333717930269064
64,2383,5,2.549238875394215,0.006371114181054627,414527,0.011657077692638379,0.0020993603556805907
64,2384,6,2.504841584877009,0.0070934007171302715,305819,0.008579734517760644,0.0040921199076831005
64,2385,5,2.5230728921836607,0.007156179421612507,422016,0.01162886276817118,0.0014117866241360189
64,2386,5,2.5528045417627085,0.0045751775204661005,420066,0.012009730813588316,0.003887132786866143
64,2387,6,2.5252663940990545,0.006907785495687047,287149,0.008190674897703205,0.003352179306292391
64,2388,6,2.54221931044782,0.009265456217537604,306066,0.008376764286836615,0.008638618010327614
64,2389,6,2.5927605951637767,0.0074744669869717395,311600,0.0082352248741003,0.0028066941476207474
64,2390,5,2.578134765612122,0.007650181398026978,416136,0.011376147340758308,0.0020670762226655537
64,2391,6,2.5249758480962305,0.006240680688713085,287953,0.00813803662013324,0.0036795380365736152
64,2392,5,2.5423759098405077,0.010317238656995742,409326,0.01140787603467016,0.010042991480795849
64,2393,6,2.563555382848524,0.008581100991102653,282457,0.007940006801053773,0.005526526840952728
64,2394,6,2.5120181799833046,0.010839341459118024,279815,0.008108308443686962,0.0055023006687549
64,2395,5,2.5655531719471,0.00566872864325374,427961,0.011908922059186837,0.008077465184415766
64,2396,6,2.5116481454474497,0.007208091206539757,297508,0.008488301537676532,0.004617342211301945
64,2397,6,2.5277682428077277,0.008558609239329384,295282,0.008501911347904591,0.001616724216106813
64,2398,1,3.6704505865954262,0.010879416915519857,35170826,1.0,0.0059009725920005085
64,2399,5,2.559618465601201,0.006467059324639757,426741,0.011905670616838062,0.005471313092909547
64,2400,5,2.522122045345395,0.0056122657471542325,418347,0.012047323643454719,0.006707775253197296
64,2401,5,2.5437464561954615,0.006248844836850287,390011,0.011241564020630859,0.0027836670020255916
64,2402,5,2.5456182545571826,0.006125386656135323,410181,0.011536426463223153,0.004503832945292496
64,2403,4,2.5981859271232963,0.007256839405489102,678640,0.018102698778310576,0.009041928184077952
64,2404,6,2.544191147496996,0.007415816118704677,295046,0.00843468456782283,0.0030819416331004934
64,2405,6,2.581820160062725,0.005060549321727725,289452,0.008092722697706198,0.003744023431150878
64,2406,6,2.5704212309113563,0.003863900609423654,300514,0.008347926709118086,0.005408237042224706
64,2407,5,2.563451621405803,0.006798200112107744,414436,0.011540094879519373,0.005735658123078358
64,2408,6,2.551296270603642,0.0045990841933264415,301477,0.00858319330367602,0.004960890961725584
64,2409,7,2.5153392288646317,0.010786131982397307,217399,0.006141489668393345,0.010479460416864428
64,2410,1,3.626550148355742,0.010923093676747153,36154975,1.0,0.005627358883734335
64,2411,1,3.649580325243653,0.01129581885609876,34256466,1.0,0.0049674183518038095
64,2412,6,2.481365003966934,0.011111334017347874,280074,0.008041670804879442,0.007976443601653838
64,2413,6,2.5563189175565855,0.0053109818479208926,297769,0.008430857478023268,0.006806291824594246
64,2414,5,2.5362096950101884,0.006896852891456917,447750,0.012085079282033739,0.0022685199930449484
64,2415,6,2.552188331160546,0.005810426366485655,288396,0.008321689827389485,0.002035863324754472
64,2416,4,2.559606961580657,0.011232702870313527,587968,0.017233373622933076,0.011748614214388664
64,2417,6,2.5308419034823624,0.00971773478354554,282872,0.00802118619424302,0.005122863521783594
64,2418,7,2.537145255528447,0.006954937862110988,220295,0.006224870189578585,0.0049769728711432926
64,2419,5,2.56577823882188,0.00787516256469345,394050,0.011323474022864365,0.0034934694254752374
64,2420,6,2.537239754759328,0.010627336475370952,281759,0.007976952369277356,0.0031508032264551677
64,2421,6,2.5314923677529695,0.005035098107163849,288174,0.008339333738820103,0.003978309009517567
64,2422,6,2.497546719544919,0.009571623978241406,301815,0.008473482056608975,0.008974597698865772
64,2423,5,2.538211441801764,0.007824338131482422,415899,0.01158632975837973,0.002589296684961828
64,2424,7,2.52216925380629,0.00908137505031148,218888,0.00610098012922523,0.007464966015934993
64,2425,5,2.5478440072528814,0.008367228384632108,405833,0.011588109168244435,0.004813474153537167
64,2426,4,2.632235248257234,0.006718953949002571,601358,0.017127658041307826,0.005717964846808199
64,2427,5,2.537119741910034,0.009644743460619443,401122,0.011483085220974859,0.0042271354943976824
64,2428,5,2.5696632018517693,0.0070628320219312535,409669,0.011761663618412998,0.00750133283200255
64,2429,6,2.4967253227412876,0.007674119222716991,298473,0.008312785990231913,0.004971198755666761
64,2430,1,3.6153657958550056,0.011785018249967694,35145697,1.0,0.009224399608866007
64,2431,6,2.5167347741894006,0.006064389029334483,296403,0.008540379001702613,0.005539480895145887
64,2432,6,2.524860681204339,0.009257497271807802,291927,0.008325962871009052,0.004510641500293233
64,2433,5,2.5560581109081713,0.007692080226524456,413607,0.011708113848836597,0.0039294929611699
64,2434,5,2.5545854356603246,0.005905777169666782,432268,0.012063035940322426,0.004042311442705615
64,2435,5,2.5941464032857198,0.010842993519360022,397488,0.010934022282807244,0.005320490667563349
64,2436,5,2.488031734589526,0.009780119720844804,435057,0.012352644100481472,0.0045859055308608565
64,2437,1,3.62723371003854,0.011389657720501933,35570916,1.0,0.0076068945633873675
64,2438,5,2.582422810361172,0.007249726388917299,429000,0.01186145587288191,0.006185244376143262
64,2439,6,2.5499555286265743,0.006800562681909983,274293,0.007948253376731962,0.0030692014339487317
64,2440,5,2.5680875523566775,0.007462652824367533,441372,0.011991906172460473,0.0024191768714729722
64,2441,4,2.597249331317555,0.006555285661340726,610404,0.017622855238373827,0.00719273078749888
64,2442,4,2.6009501688166203,0.007836023135560644,635698,0.01765770341192513,0.002932123470196224
64,2443,6,2.5540684355338716,0.009721655766791792,279644,0.008045331011410287,0.01024630897415224
64,2444,5,2.5464134845328728,0.008020446681060944,421703,0.011829971998484361,0.004325880121904491
64,2445,5,2.5879509569800647,0.006622547710609994,399541,0.011229253658688767,0.001288452149627195
64,2446,6,2.5298517673420453,0.008062395648302578,292946,0.008203378000886071,0.00389536653595679
64,2447,7,2.508663585977027,0.007216868165760615,222023,0.006292188722527806,0.00569286782177042
64,2448,1,3.619711984267009,0.011770016044412634,35769670,1.0,0.007346860553168466
64,2449,6,2.5432039914757096,0.006290959611696123,294766,0.008198904557859512,0.004522459154869596
64,2450,6,2.524464465702909,0.008785846259842578,298354,0.0085251789577802,0.001579849472546635
64,2451,6,2.546693287067067,0.003769619540791469,300168,0.008347110407281191,0.005534344076512654
64,2452,1,3.6324658096574027,0.011560199500153301,34890392,1.0,0.009980917858033567
64,2453,7,2.500001853513069,0.006670050403373429,224442,0.006320800345202067,0.006556715883372255
64,2454,1,3.6391620899931505,0.011530931855095017,34617800,1.0,0.005686033213374464
64,2455,5,2.5797620266488197,0.005835333694114153,419178,0.011724830415985363,0.0061211661225856195
64,2456,6,2.557891965776367,0.007475620599474375,305161,0.00838344791489614,0.0048010410978735485
64,2457,5,2.536767404652643,0.0066680608785990025,432367,0.011924760491632186,0.0014842012420172024
64,2458,6,2.548624891155544,0.009692103302108457,279369,0.00783778836947383,0.002491053740011351
64,2459,8,2.4864274092192717,0.009091600384175114,182100,0.005139815688072292,0.010752428001221115
64,2460,6,2.5443487141767216,0.005274596873646287,301001,0.00855861684794809,0.0028655826397510076
64,2461,5,2.5866906398944063,0.004904349150460119,417365,0.011884238944716371,0.005982301270261836
64,2462,6,2.507052869928408,0.005674724334288506,297988,0.008631182427502535,0.003800625304804961
64,2463,6,2.529899966992136,0.006874913707921926,295887,0.008389752098444612,0.004851828759016241
64,2464,5,2.5301942018601116,0.009406617387913818,379303,0.011065786704841044,0.004065702521586223
64,2465,8,2.50608717352932,0.0074590798856633,169688,0.004800223864101003,0.012158800679273662
64,2466,6,2.5586123763631416,0.0099971547943275,271319,0.007865907069815894,0.0028483571908010097
64,2467,1,3.6484536078633147,0.011114724615310823,34409486,1.0,0.009690664252962278
64,2468,7,2.537103678848311,0.007223617204628163,239777,0.006604711395869974,0.006694712038124884
64,2469,6,2.5398867314784903,0.009617123534325756,293061,0.00819396794493547,0.0050539988656993495
64,2470,5,2.5275536545436257,0.009487349861014849,392569,0.011218175771433365,0.008124892162501007
64,2471,6,2.5491989181625616,0.007418922453912624,293333,0.008333048068153426,0.0026804903829846793
64,2472,5,2.5496573003113885,0.009201983028185312,396895,0.011323467232856672,0.0032356862320921387
64,2473,4,2.592860235009726,0.008907069293574987,646543,0.01809729241085024,0.004087636426085783
64,2474,6,2.5640549186865544,0.006001559548024282,298054,0.008313187964249616,0.0028236184424482724
64,2475,5,2.535782536915138,0.005062925759264925,429093,0.012095574582428076,0.005167423993191589
64,2476,5,2.6016689495986904,0.00897057651195643,408890,0.011285783280391806,0.004425742837467328
64,2477,5,2.6123088875623894,0.008150097226829467,400367,0.011247254814356681,0.0055105700683338865
64,2478,5,2.565152505174095,0.006698251037510428,413232,0.011620125556250747,0.0025180637656202487
64,2479,5,2.573509714420256,0.008748915700735105,407537,0.011523532224731627,0.006379364211156147
64,2480,6,2.548161764173255,0.007530586953084395,297286,0.008268463077877155,0.0034389187046606207
64,2481,5,2.5287122976261194,0.008848360097626351,440411,0.0123586507608855,0.009178265090430793
64,2482,5,2.531688710158676,0.007167928265604473,432394,0.012029018378697838,0.004600754592832934
64,2483,5,2.582521237654156,0.008612924244947529,405395,0.011431760178903896,0.0030826816213105346
64,2484,5,2.55869060962196,0.009474551424903943,429661,0.011936629275538912,0.003379408884056634
64,2485,6,2.5336402660285575,0.0048190087395112435,296440,0.008249199742194421,0.003793946028967876
64,2486,6,2.4713998714124124,0.011085358522402,282251,0.008365356208497904,0.004946768739058083
64,2487,5,2.5668760098318484,0.010273550009531063,413039,0.011845798669002105,0.0047186386607422914
64,2488,6,2.512109174141823,0.00772000155039454,288073,0.0082261722337553,0.001972796768399454
64,2489,5,2.5486189617597836,0.006074713589593439,419746,0.011756429224585313,0.007508835482292531
64,2490,1,3.625969204473591,0.01143762375566515,35278205,1.0,0.007044081528288615
64,2491,5,2.5321055662166314,0.00697896761896144,395578,0.01134536364400307,0.004993407650051629
64,2492,5,2.552989239509096,0.005400382961631145,414199,0.011731219495781792,0.007721170158361046
64,2493,5,2.5735075696605745,0.008676037478876908,417677,0.01158988902007739,0.00581935427902891
64,2494,5,2.5395906678338482,0.007653225195632718,428670,0.011859604000941862,0.004765371949179642
64,2495,5,2.5393625958500015,0.00791461755917966,413966,0.011882437107754083,0.00959210561076207
64,2496,5,2.522860447043624,0.0063798965478542025,411051,0.012021468556339636,0.0028337547969330412
64,2497,6,2.514624271824645,0.005956050225288667,307170,0.008522513508060443,0.0020909506024083813
64,2498,1,3.6178230803830904,0.011254718904931682,36128501,1.0,0.005386359364330517
64,2499,6,2.5401852840053825,0.008935865087827288,264642,0.007768824498314424,0.003688770188717494
64,2500,5,2.528694751142166,0.010749825064328755,426779,0.01189222627271961,0.0058090578826349715
64,2501,5,2.542069907346902,0.008894491174602281,405572,0.01158228837325553,0.007511108647258791
64,2502,5,2.546454908157264,0.010296446055870823,417315,0.01144709506321241,0.004217563291955551
64,2503,1,3.596477502805483,0.012319725935599157,35307947,1.0,0.00791535205241578
64,2504,5,2.5972481319117864,0.00564435902707161,400625,0.011282115200949643,0.005065452069416387
64,2505,5,2.5189205014246427,0.00808304478516253,390475,0.011166993823813766,0.003311961632132654
64,2506,6,2.517799823762198,0.008285442711514546,294512,0.008531963546911112,0.0046684600126967735
64,2507,5,2.569975439123061,0.006815687776482338,445587,0.012318910397079426,0.004906126126932198
64,2508,5,2.577671084352529,0.0074143654627412126,387992,0.011058977345588339,0.0023790913226203747
64,2509,5,2.5778092613550823,0.007326835070530002,406330,0.011491851498682183,0.0032238596025259136
64,2510,5,2.536576216528922,0.008823205911293486,405369,0.01165948401140738,0.002533546834473044
64,2511,5,2.523847020837523,0.010406007605573864,421660,0.012042851943608516,0.01004368791232102
64,2512,6,2.518009138698381,0.00996010730016561,283201,0.008154769374318891,0.002769526280958834
64,2513,5,2.545919403568494,0.009077845860687606,388044,0.01124112319922707,0.00424925312663238
64,2514,6,2.504972202466962,0.00802531725392755,285952,0.00805193275867987,0.0047864073698637155
64,2515,5,2.495913139211283,0.010964833766322513,409773,0.011659456893573188,0.005249738012912841
64,2516,6,2.5579206479412218,0.008953311183997337,277350,0.007809265936885814,0.009683688768586496
64,2517,5,2.6292675524608327,0.004372439053487498,416820,0.01138883793879247,0.006038773935787556
64,2518,5,2.5383233232497697,0.008601917467410791,377332,0.011124879016513193,0.004179373819035881
64,2519,5,2.546674673509513,0.009242958370154597,409846,0.011621263288591293,0.002703573680115423
64,2520,5,2.577038388017969,0.009051503007879824,392836,0.011028988364416714,0.004524621040886356
64,2521,5,2.5887418094603167,0.007059947750594597,406365,0.011554488012906428,0.004282255476896757
64,2522,5,2.6042339323057067,0.00743197093582304,394776,0.011231978556200707,0.0016447911207176924
64,2523,5,2.5037388509474283,0.00856279286656736,398128,0.011468832607380304,0.002817405395864836
64,2524,1,3.6312748029908035,0.011677644929264042,34060970,1.0,0.005866644973350543
64,2525,5,2.5804730823271815,0.006761386311908368,424285,0.011791292688184067,0.006111942164125028
64,2526,5,2.557104208986472,0.0113513446782606,430063,0.011926463766595912,0.005798307062042762
64,2527,6,2.513355029852885,0.0051297192771019295,307704,0.008636687785437488,0.003125135671111834
64,2528,5,2.533617828344178,0.009181166513077654,402220,0.011533088439909647,0.002851973444507161
64,2529,5,2.5201982186539302,0.009297376582174,398795,0.011554227002381626,0.004135684523435712
64,2530,5,2.556920593397704,0.006366063507903363,428545,0.011988293157372808,0.007210276910018465
64,2531,5,2.517507542067883,0.007597369908043827,463152,0.01261359299620303,0.006535908015241287
64,2532,5,2.555057473779311,0.00678438788570096,427668,0.011782922003645568,0.002428297429503845
64,2533,6,2.512032291360843,0.004450683471078354,290077,0.00846694023775162,0.005167999567299519
64,2534,5,2.543667561305118,0.01006915513363682,416450,0.01146101571762237,0.004978372498868455
64,2535,5,2.5484044640795784,0.008498301405080566,390034,0.011164486380070279,0.0027840094552169514
64,2536,6,2.5757540893660167,0.008000509393124577,275077,0.007951794509605854,0.006097906632424377
64,2537,5,2.536303117934775,0.009888816467170547,404349,0.011540564248936024,0.004083281146459061
64,2538,5,2.552771203117322,0.006098746691757029,416713,0.011757664681807934,0.0058234604909781496
64,2539,6,2.5396425516781944,0.007698142159349497,295767,0.00828233839020254,0.002298642650340743
64,2540,6,2.600271228160159,0.007264204375339367,268497,0.007743011954565402,0.005259889714719357
64,2541,6,2.5271106068683356,0.008061874890704535,304281,0.008472409392114421,0.001927888927478194
64,2542,7,2.484847506450609,0.011304018060229848,219469,0.006202592043570221,0.011106777054639416
64,2543,5,2.5468641735297903,0.006577154012617048,421815,0.011844423054605145,0.0055627241853038745
64,2544,6,2.5297030426373297,0.0064723026436973585,289594,0.008210863424200592,0.004843711227311198
64,2545,6,2.521604760895348,0.00426971952496813,302035,0.008402485144834129,0.004828117573394075
64,2546,1,3.6427819607909218,0.011142694126458741,35135599,1.0,0.009968091088649378
64,2547,6,2.49944825142798,0.006592134147856199,294251,0.008330274191494078,0.002391100455120143
64,2548,6,2.5300658681188986,0.008553074589526921,289387,0.008148614197483412,0.002628632958599497
64,2549,5,2.561850305541782,0.007405121095644951,407770,0.011410728670602398,0.005875079749835921
64,2550,6,2.5657514489753543,0.007828887367282156,292749,0.00812459708174577,0.006348592599770275
64,2551,1,3.619430359285074,0.01171329846591207,35414708,1.0,0.006743790956134976
64,2552,5,2.552808343316281,0.009073879880681424,402879,0.01131987203297966,0.004840757479821489
64,2553,6,2.54497805637293,0.0042778651931236755,314590,0.008758717720830134,0.005958681125176946
64,2554,5,2.545934043333923,0.006835213858145173,404729,0.011480992716148384,0.0032087019063082867
64,2555,6,2.5978488205241304,0.006220818805917849,300155,0.008163256980569923,0.006235310325855892
64,2556,6,2.522132240323226,0.004905273650115172,293608,0.008268173490840375,0.0029539362388999457
64,2557,5,2.594098733232544,0.0047243038161565165,408829,0.011660111218960757,0.0027833476330510754
64,2558,5,2.518397603939434,0.007908211738935633,437117,0.012040307652465174,0.0038313253905337685
64,2559,6,2.5462229802584777,0.009261721822315994,287303,0.008111686794244032,0.0018550720875253057
64,2560,5,2.534439985051948,0.009512689583231593,401664,0.011332419210129839,0.003576740076745022
64,2561,6,2.56714448009748,0.008936745151200798,298809,0.008242758363175421,0.0021548133497399924
64,2562,6,2.560079921038955,0.00616273498668185,291997,0.00822211795543448,0.0028643510848183062
64,2563,5,2.5287078754267744,0.006395959207979196,394032,0.011503408074987722,0.004407104042395582
64,2564,5,2.5505802016085806,0.005124255452571003,420477,0.01167423164014213,0.0037745854398665846
64,2565,6,2.493307348658676,0.011046674457236838,290776,0.008138484553473935,0.003859332027578488
64,2566,6,2.494835467435747,0.006853887311091489,295882,0.008353605493172777,0.004476366578709978
64,2567,6,2.554315125324345,0.010606152191280027,290766,0.008035153208053558,0.00541488681476493
64,2568,6,2.5590456378370594,0.005894244308420338,287831,0.007996270216709754,0.003932742989334215
64,2569,5,2.5788957333345017,0.008724274832362544,403396,0.011492028173923686,0.00479404297077346
64,2570,5,2.5549091493919267,0.008440243023997485,431081,0.011872869482025926,0.0032131256544708497
64,2571,5,2.5425244525124953,0.010119705411165913,428464,0.011849156660478316,0.004784865439964259
64,2572,5,2.517684833778597,0.010608425911298736,421322,0.01185222151441427,0.00992005985524369
64,2573,6,2.4835761651891146,0.009843033089589448,276161,0.00793022825742365,0.004244066553468373
64,2574,6,2.5336410953637842,0.009674424371147072,291015,0.008250722623982406,0.0033486842656219595
64,2575,5,2.5033959423941012,0.009645817380202315,410372,0.011793372115215198,0.004317668852576673
64,2576,7,2.4962977178027526,0.009730579527208016,213764,0.00626125579238069,0.007827989082102693
64,2577,1,3.6197206763037166,0.011500433902978058,35028508,1.0,0.005247993202316392
64,2578,1,3.668215921996899,0.011056187401003337,34821968,1.0,0.010997441608041059
64,2579,5,2.532482260134587,0.010551417643942407,411777,0.011605177584917274,0.006769816884603763
64,2580,5,2.5475539674886325,0.008381279712005085,438222,0.012143228816103496,0.005577572725747881
64,2581,1,3.633615331286072,0.01187008112136878,33956360,1.0,0.010222157984481839
64,2582,6,2.566949177640334,0.00711519462796939,300831,0.008215647929345718,0.003814837381644093
64,2583,5,2.525455048002609,0.009171219533140484,429385,0.011926123444522535,0.004313765178389217
64,2584,5,2.580864244047739,0.007745349431099613,391290,0.011098030561177905,0.0021644763971638836
64,2585,5,2.552274200703442,0.007593571363923024,416870,0.011695288894564728,0.002357041627608414
64,2586,5,2.55938826443583,0.00806110630397161,395569,0.011444854220594691,0.002291032531632431
64,2587,6,2.5382437442704497,0.004989436729054386,277452,0.007950490165891964,0.006109032114216872
64,2588,5,2.5189364929086318,0.008297146082127393,434914,0.01216240519383143,0.0067729619232962945
64,2589,5,2.537091955343155,0.006045862759887388,437051,0.011842011214078525,0.00532747726659244
64,2590,6,2.517623241787594,0.007987998256628104,291201,0.007998014785290296,0.004371067839527787
64,2591,5,2.568904136091263,0.005544665445960328,440072,0.01222352446270081,0.007057440639011092
64,2592,5,2.5671234874927804,0.007595063278877601,382515,0.010929955590403048,0.0013786665901003303
64,2593,5,2.6038274605083096,0.00625117087657423,393841,0.01127938208709566,0.001906869922760901
64,2594,6,2.5221296623304794,0.003937592641938936,296517,0.008403465180629992,0.00512082689301796
64,2595,6,2.5195496415645193,0.008582131805137116,281513,0.00811054890812564,0.0063031426489615905
64,2596,4,2.634852219545338,0.006699805769064315,611918,0.017363197760324037,0.002940713860171834
64,2597,5,2.5348827291001976,0.008590446080960656,424643,0.011803838294006061,0.0031547603526745904
64,2598,5,2.566605564756735,0.009601255015650012,428563,0.01167667561683291,0.006800545466192243
64,2599,5,2.529482112426648,0.005062124747254537,437361,0.012260715661853846,0.0036698845435814142
64,2600,5,2.526062778382648,0.01024096852517753,403761,0.011612292468102728,0.0063079935075414095
64,2601,6,2.5709589148150545,0.006873537575550814,283349,0.00781986672648074,0.0038330828401079153
64,2602,5,2.585215285324028,0.005937617444145116,414035,0.011416425662120842,0.006601858638690172
64,2603,5,2.555186927250321,0.009603688312822212,429952,0.01190098558912082,0.004448468817644713
64,2604,6,2.5412114431108566,0.008012104392698838,273003,0.008050499253744613,0.0061514220195789115
64,2605,6,2.5205884606573674,0.008778863318006147,298689,0.00832793846879455,0.004265606725361637
64,2606,6,2.5472778793407165,0.007443191010239825,287521,0.008078654214178561,0.0023787756859260933
64,2607,5,2.5865711449274302,0.006373807885094007,419497,0.011537244761386482,0.004913021412580654
64,2608,7,2.500493120922486,0.00640608139603116,211911,0.006107425390676247,0.007332907735346228
64,2609,5,2.5456276174702284,0.009848767663443003,411316,0.011502372953780045,0.005743648000561596
64,2610,6,2.541623322282189,0.008824453590623338,312838,0.008572025988168369,0.002011463226076149
64,2611,6,2.4794243017475424,0.007549630218052661,295707,0.008590085202216045,0.003660036146758028
64,2612,1,3.6242267727405126,0.011912477001939425,33781930,1.0,0.007164456071404146
64,2613,5,2.5653130472101227,0.009234200139156434,403153,0.011329711225050934,0.0031990744758163547
64,2614,5,2.513249597194141,0.008247893545130558,439025,0.012193695629525627,0.0043262329897546525
64,2615,6,2.5564864541754653,0.007100183290523865,289240,0.008012272927312613,0.0018074490092784279
64,2616,5,2.6100746141654843,0.005702541846082154,397585,0.011427521758451534,0.002199308133017719
64,2617,5,2.5716400350758186,0.006399844196126492,391657,0.011180583101306719,0.0026208792908254397
64,2618,6,2.513865999373366,0.0061500561730224446,294046,0.0083573664771395,0.0028816809131905208
64,2619,5,2.5768005726822434,0.01094241406073615,411352,0.011503469760717247,0.005250261698058867
64,2620,5,2.530001197097124,0.009940307886612043,395595,0.011288460830015404,0.0065877075108168315
64,2621,6,2.5528937294535377,0.006271818018639075,296974,0.008262707891376555,0.0021328021270569097
64,2622,5,2.537067719920882,0.009251832671073545,405829,0.01153443032953002,0.0052762465821099
64,2623,6,2.5614607519722457,0.007236006337070444,285512,0.008038990534437221,0.006259796352930502
64,2624,6,2.5775812862477485,0.004904039676408178,290692,0.008158806458663112,0.006381117133328784
64,2625,5,2.523602137280186,0.01085831378556823,395066,0.01136075645511708,0.005495050244213706
64,2626,5,2.556054969948604,0.005147086571845982,429021,0.012010029479399945,0.004138387165287083
64,2627,5,2.504208168051843,0.010977288467985902,422184,0.011753694912071958,0.0046017907351229015
64,2628,6,2.5375393900500622,0.007644221622814862,301770,0.00845614788039229,0.0032376878227636796
64,2629,5,2.591349490107763,0.0057394044789832455,416513,0.011498760146579908,0.003833878074482655
64,2630,4,2.6191193065965486,0.004492493031474809,638089,0.01786338227096074,0.009956519984752221
64,2631,5,2.638743479272857,0.0034770834235702264,405256,0.011332284132690986,0.0039017920882262747
64,2632,6,2.5511552148631376,0.008062496470967906,293582,0.008349991202961083,0.0026097857151430315
64,2633,7,2.4708158895525782,0.009787359496171932,218949,0.006179847682923339,0.008778285094155514
64,2634,7,2.5156786597666434,0.009581525164049642,225862,0.00621271810749508,0.008559475966553876
64,2635,6,2.5408762587933236,0.006553805654756162,313919,0.008598473640069628,0.0020825891467560753
64,2636,6,2.521875977889246,0.0072465002845885085,299346,0.008377225385019596,0.0034476649669438197
64,2637,4,2.602058505678511,0.008351436962264092,629261,0.017720648276301768,0.005786609012654709
64,2638,6,2.5526071637082786,0.01102920350445491,304022,0.008466042875844775,0.009474516438291836
64,2639,6,2.5304664213282497,0.005443896643194224,293706,0.008342281859750616,0.0036112470553196774
64,2640,5,2.4869580104717213,0.01175256771756561,418132,0.011827802747715586,0.00621872077764396
64,2641,6,2.551252567984816,0.005523010319020916,288170,0.008250887213031712,0.0024340573711384428
64,2642,5,2.555925897716974,0.00994197191376156,413087,0.011543308750053093,0.003366374526357352
64,2643,5,2.523406097558561,0.010532801542148862,409108,0.011724159730772015,0.005813847185075716
64,2644,6,2.5218451102423,0.007121930494826234,294686,0.008189012840548649,0.0026035412806799663
64,2645,5,2.5507410233462022,0.006502078224850383,440505,0.011983245083606466,0.005688633691874445
64,2646,6,2.536349779805914,0.008258485558734763,301483,0.00834718610595516,0.004475057408267813
64,2647,6,2.530358798463598,0.009070110590886138,289117,0.00820232909185413,0.0021091170398542802
64,2648,5,2.542673195514254,0.006669406800593358,411183,0.01176483211245264,0.006340794210090095
64,2649,5,2.5475018161021743,0.009222955489904261,413508,0.011514249952182677,0.00523691393156589
64,2650,5,2.5349940010356806,0.0073255208278169,417987,0.011912169583044568,0.004170154450618024
64,2651,6,2.5437990339957848,0.005694225768600458,266426,0.007697762408924118,0.003420590085738251
64,2652,6,2.575530855162972,0.006371592452079411,299584,0.008415864099346434,0.003200791017970661
64,2653,5,2.5053863059468338,0.010523423557469713,439756,0.012261328378792615,0.004818879652285779
64,2654,5,2.531411359986261,0.00811992839474962,417012,0.011867272390486797,0.0061616467097518335
64,2655,6,2.563142327770051,0.007048811407780686,294998,0.008166628929202903,0.003999960385580259
64,2656,5,2.5688401986971234,0.005197267496462432,409319,0.011674875208992814,0.004972836132462355
64,2657,6,2.577005146902176,0.005985677077279705,315501,0.008382743315394497,0.0022896064000259564
64,2658,5,2.556632529501221,0.00891905393955339,409128,0.01161299903809734,0.003432024200326067
64,2659,5,2.5543264294351347,0.008138108852084991,410883,0.011607363457830023,0.004088528992950535
64,2660,5,2.520893063465499,0.009583417675106232,404732,0.011660231862678623,0.002912601759296307
64,2661,6,2.487141745184909,0.010313355336155294,292151,0.00843509402867258,0.007511814431165109
64,2662,6,2.5533393656633714,0.0063628789699404775,287363,0.008184700932566527,0.003360180947588942
64,2663,5,2.588002979947759,0.010126535113302138,392909,0.011164932106747719,0.007585289104849624
64,2664,5,2.6004954854790236,0.004820703788416814,429180,0.01181919002114252,0.004756594131791303
64,2665,5,2.5358797606857926,0.008236167345053724,409859,0.011733900953277998,0.0038096382864764022
64,2666,5,2.564931641501093,0.008678261235228413,419835,0.011997229951093789,0.0033929438229054476
64,2667,5,2.5397624657080144,0.006621051856243287,419914,0.011865925335271154,0.0043418475600690565
64,2668,1,3.6334157807407426,0.011736387142140203,34680234,1.0,0.005664602186342016
64,2669,5,2.5432791436378834,0.006804834713188601,432969,0.012021719276699374,0.0051102317213111426
64,2670,5,2.5735895955610557,0.006319437660914695,421989,0.011435600673699094,0.00309909827276289
64,2671,5,2.5614347168583875,0.0056287063448239305,427758,0.011977881585699054,0.005194134519406035
64,2672,5,2.5108142511439686,0.00829167673525466,446635,0.012394979100306043,0.003982913551905165
64,2673,6,2.5370443873171817,0.007456170534097639,290737,0.00834910616775978,0.0035584197946796348
64,2674,1,3.6349695657197536,0.011205331977460209,35601319,1.0,0.007749229908028621
64,2675,5,2.5586659435224854,0.007403246355674464,401595,0.011541453935518106,0.00642452936729615
64,2676,5,2.5690496472247437,0.007192851423284741,434368,0.011830327317306707,0.004066300591382799
64,2677,5,2.593101748730249,0.005841694024138144,418253,0.011513421442513865,0.005490989333194529
64,2678,5,2.5575050210773593,0.009191346856603277,421670,0.011646523817703274,0.004791367268141111
64,2679,5,2.578743116958553,0.0076688241314795125,394752,0.011491690756398613,0.0022812184436400984
64,2680,5,2.575558669729591,0.008144858213919415,419351,0.011805743160117533,0.009224909148621063
64,2681,5,2.5275655427981056,0.008491949075558225,424061,0.011677384311735805,0.003468464258451931
64,2682,5,2.5169868179737374,0.00841066722471151,401719,0.011341007776903991,0.0026809694758608282
64,2683,5,2.5448489228999023,0.010376495719068624,401995,0.011577541766429406,0.0047095061824100615
64,2684,5,2.61780292957896,0.006667229986640599,416989,0.011336121077751558,0.0019026762996089408
64,2685,6,2.551823560036976,0.006591770897170557,265256,0.0076856230843601265,0.0020213479164491455
64,2686,5,2.6205488845462606,0.006912905585990392,411210,0.011305607554953485,0.005891442250779533
64,2687,4,2.539999199567329,0.009470838601960352,611798,0.017645899008134562,0.006987083249576753
64,2688,5,2.5583382017931293,0.009481989232218324,407829,0.01141063307527122,0.0023115266802672396
64,2689,5,2.5233774591482536,0.009551560415650306,424728,0.012102786144417383,0.007809880230738697
64,2690,6,2.5479283283891627,0.009269262939990641,285646,0.008133589898796964,0.004615526900222822
64,2691,5,2.542614767959221,0.008703767216821423,432164,0.011948305588026148,0.0073682504255190295
64,2692,5,2.5517042145654325,0.007154652352430069,435850,0.012093514932043381,0.004934432044990833
64,2693,6,2.524012155697685,0.0047231996122716335,297614,0.008320235263714169,0.006652212731079299
64,2694,5,2.5550695010847853,0.008191663583813402,401052,0.011425923660452815,0.002780192846078222
64,2695,6,2.484282754708368,0.008338201613445229,304406,0.008630667531266345,0.0026640373582578203
64,2696,6,2.5395516223871617,0.010547406970492723,291671,0.00826710043450951,0.004193321300655972
64,2697,6,2.5593611535138674,0.007829838706447823,289646,0.008136282207299209,0.002621685857280731
64,2698,5,2.507717319952483,0.008218271224153584,390691,0.011454430750346118,0.0027788400152524706
64,2699,6,2.587105577045909,0.006275281429423907,290248,0.008231360887156524,0.005122388903484043
64,2700,6,2.512961222567683,0.01066299287662864,300854,0.008397347662457628,0.005130649043612212
64,2701,6,2.4831750841642335,0.009645276192861041,317958,0.008823094319932197,0.004109204398572208
64,2702,6,2.527265513073258,0.0042495631519234855,299421,0.00846601409416143,0.004843392873020491
64,2703,5,2.587456412282261,0.009524202420558847,415647,0.011618881174593084,0.004738930335806413
64,2704,6,2.608395180946583,0.0055527805828755605,281386,0.007836852345158277,0.0033811115692371496
64,2705,6,2.525945343603818,0.007021988666660817,326139,0.008939795253007343,0.002656968263965942
64,2706,5,2.5897985620331125,0.008089469782132097,382883,0.01103113701873988,0.01106347757981807
64,2707,6,2.523204912252047,0.008670070014000886,287856,0.008171699715584789,0.0036297014192119836
64,2708,5,2.5781961532429785,0.009438881803746413,416635,0.011357519255116185,0.007767086734839723
64,2709,6,2.527172928005691,0.0066080975717423,280510,0.008300183837339714,0.0028820720859021876
64,2710,5,2.5493851800690894,0.007320468336595054,406661,0.011304038842034077,0.008105019533593272
64,2711,4,2.5855321594655876,0.006975700297584819,670662,0.018342013897672895,0.010493605474352574
64,2712,6,2.570405376038167,0.007905860139882703,279959,0.007915237333002203,0.0052900615984607935
64,2713,5,2.5342824770833725,0.003868588601955769,434480,0.012279302236733349,0.0058796532318484696
64,2714,5,2.6130059547159776,0.006165019424960283,421592,0.011527029565368602,0.002473502275503636
64,2715,6,2.552554198674864,0.007700472256543023,294047,0.008271741913843212,0.002229671329250893
64,2716,5,2.5332331369961953,0.010524234249448483,394556,0.011327354563917117,0.005346418650156393
64,2717,6,2.5312341398066764,0.010541594035179847,311816,0.008681984506265034,0.003437015103749941
64,2718,6,2.5181461011324116,0.010464018345685777,276149,0.007915887819123014,0.003529496438744284
64,2719,6,2.5661910193618347,0.00603684242843916,282996,0.008104723674418625,0.004495940448876357
64,2720,6,2.5598264464202725,0.006346053848555577,277186,0.007972356499682615,0.0025966041832690134
64,2721,5,2.5899122144163913,0.009259396019796418,385477,0.011075396691657758,0.006460334669996293
64,2722,5,2.556073842738667,0.006209183338706903,419965,0.011570327625977275,0.006497442308983026
64,2723,5,2.5794535365650564,0.006692007382619991,396750,0.011217814098017202,0.0024648706863220626
64,2724,1,3.6412135407849635,0.011168302470728753,35665933,1.0,0.007093410528308752
64,2725,6,2.5284653372808195,0.010978329415597121,293627,0.008318718599972809,0.008306048248674314
64,2726,5,2.566722840577793,0.007235096983143285,424907,0.011762850120698031,0.0029716508966995403
64,2727,5,2.5789407313732493,0.009536520358829181,397380,0.011264014752463511,0.003369739342914846
64,2728,5,2.527618015633879,0.006740526813934111,389838,0.011335356905359577,0.0018130322653908126
64,2729,6,2.5294035077804247,0.008938167370423855,293522,0.008188094582671687,0.0036274978081534126
64,2730,5,2.54022353708145,0.007926164486692366,409099,0.01168993997196865,0.002327271091579486
64,2731,5,2.5907191176393654,0.00622584316294672,415476,0.01161864937018249,0.002561462202581022
64,2732,5,2.6011086777043118,0.0054462907995944665,423349,0.011606413060756118,0.004661741125023933
64,2733,5,2.544880983797541,0.00724505648696655,432736,0.011646309031371718,0.006442360747034304
64,2734,1,3.6222877191773017,0.011395810605941192,35348347,1.0,0.008389474276339959
64,2735,6,2.601052246560411,0.007040449387144432,288986,0.007992456967660953,0.005473370975877634
64,2736,5,2.5635771369211793,0.010176680121422255,396606,0.011330796808374812,0.005157791847071547
64,2737,5,2.6101309299844497,0.005651662649182154,412209,0.01150580674669364,0.004672019823440121
64,2738,5,2.524210256974704,0.007715033174479635,404030,0.011723463451697187,0.006651453655026951
64,2739,5,2.4842703720434782,0.011756007256260581,408344,0.011604198022048385,0.005774672565144301
64,2740,6,2.5128693861010456,0.009105327765324689,282750,0.008073738719252333,0.006130975025052721
64,2741,6,2.612307985509354,0.004468069386266094,291524,0.008189712859436992,0.006239344750162301
64,2742,6,2.5198290752697954,0.008610764777015167,269742,0.008006542912365366,0.002683435184520744
64,2743,6,2.511576822446096,0.007735900898795278,307299,0.008661245305106395,0.0021399388840102063
64,2744,5,2.545211211273126,0.007421732721904828,423487,0.011767315545904053,0.00791622250124907
64,2745,5,2.562618403282932,0.008754329715639664,419645,0.01149713872218623,0.00648704090841401
64,2746,5,2.575539372627293,0.00737227221413439,406911,0.01130597860602136,0.0025254918104903323
64,2747,5,2.5234786510536074,0.0066869269967533285,415141,0.011728066916435789,0.004697272110767647
64,2748,5,2.5743034829447655,0.007284387340311227,416856,0.011626817255002765,0.00212324140852882
64,2749,5,2.561029590278384,0.006693482905588688,428202,0.012088303032072133,0.0027240546107485664
64,2750,5,2.5665237991662546,0.007072789454902417,400370,0.011452439794169019,0.0015083437143013356
64,2751,5,2.5664899901366987,0.00571981145318301,407596,0.011550174766117293,0.0024285179857517214
64,2752,6,2.5274166066338535,0.010808172251003945,286352,0.008033336303323195,0.00863041099808598
64,2753,1,3.652815224865171,0.01133484657709427,34538344,1.0,0.013018419579079454
64,2754,1,3.65018837125047,0.011155225262645896,34424799,1.0,0.0057023299682689155
64,2755,6,2.533451141761319,0.007400732656136055,289083,0.00813030881184369,0.002243501514874735
64,2756,5,2.5429875632811343,0.006492724483395662,417712,0.011830631238517367,0.0070601315798903275
64,2757,5,2.531136814488357,0.006164060184120301,429209,0.012142714758730279,0.0072398740733712885
64,2758,5,2.599721765715645,0.005719353595403542,404041,0.011316263865357744,0.004260588735134685
64,2759,6,2.5092589401670313,0.008282922925301639,306519,0.008459455350271084,0.005961717183068038
64,2760,1,3.6543850839083167,0.010973246198988096,34668517,1.0,0.012225830407536997
64,2761,6,2.563600478348943,0.00904841947628543,279741,0.008054784779592115,0.0055053402203262825
64,2762,6,2.5415666642576347,0.008025540418238775,283639,0.00799068092425831,0.00274035394811023
64,2763,7,2.4407214756527056,0.009692005842686369,229474,0.00644473176444704,0.007609487674078319
64,2764,6,2.5543152668979,0.00864547567336349,285776,0.008073367250350266,0.004603907320670009
64,2765,5,2.5970556249923833,0.0071340908440094,411537,0.011465204408304886,0.0018956432041388194
64,2766,7,2.469482206242145,0.008415837068971532,224065,0.006400829535395446,0.0083302895703678
64,2767,5,2.5608868781381386,0.0080712697985591,400630,0.011539411599748467,0.003803719310052023
64,2768,6,2.471177195401123,0.008242345136036389,310223,0.00896232727276089,0.005252921518615339
64,2769,6,2.5855950070752307,0.006727260494017395,299601,0.008403732119759179,0.0027356417050999893
64,2770,5,2.5231306333487744,0.008253646898118139,431734,0.01208718900021958,0.008199069522594638
64,2771,6,2.5931238101659977,0.004912267772738899,304001,0.008277106146975383,0.006531326565687889
64,2772,6,2.5646691803342256,0.004290034671357579,309115,0.008641970821693845,0.005919647876499123
64,2773,1,3.61831815741617,0.011842666302884775,35093413,1.0,0.00824019281607069
64,2774,5,2.525002700265024,0.008557056470311408,429918,0.012227035189264959,0.007866405793660103
64,2775,6,2.549330780136293,0.007201382340951024,297213,0.008095941316036307,0.0035977654728889252
64,2776,5,2.543030016288913,0.009996707037530528,407350,0.011846981496140416,0.00807096946520125
64,2777,6,2.492531635145597,0.008284622187992197,293209,0.008305862555054748,0.00509718031581885
64,2778,5,2.5259247929113355,0.010306136033391144,422242,0.011916765579811655,0.0044117424389017446
64,2779,6,2.540088278094731,0.008438757463037683,296838,0.00831464784495279,0.004683084791001657
64,2780,5,2.5733188766861885,0.01009873358143365,411437,0.011616927497917385,0.007301750044736988
64,2781,6,2.529441367504059,0.008406920159708009,303218,0.008440062330279783,0.0053265767783081674
64,2782,24,2.9500860187372315,0.010242915513755668,35219,0.0009806416619146054,0.00934072953734999
64,2783,5,2.5905919172341636,0.006641261759035011,391557,0.01107597738555259,0.006411574947192744
64,2784,5,2.5717452068773903,0.0075961411259055645,411154,0.011624655882856954,0.0056177496762915835
64,2785,5,2.5126539915474697,0.011846234175194592,418329,0.01172413495446822,0.006993270431311482
64,2786,5,2.557580187231325,0.010415337808112879,385897,0.011211775762392878,0.006843038187527295
64,2787,6,2.5633239322838723,0.009587043576074983,298323,0.008254017547025943,0.004846397851798079
64,2788,6,2.5153191131634083,0.00698744554630204,299042,0.008305142168924584,0.004434503796745148
64,2789,6,2.552722843716013,0.007096599406825277,284491,0.008118277774876602,0.002005803923207594
64,2790,5,2.5554103351583883,0.008613041723532167,407476,0.011578655226641444,0.005293671858679905
64,2791,6,2.5027804232913575,0.008425041997020766,301726,0.008597289206550552,0.006121933288524284
64,2792,5,2.5892875985757295,0.007889066229880115,405136,0.01140552158930252,0.006917839024281669
64,2793,5,2.5509490315393712,0.007100453134953777,430991,0.012001653310998096,0.007886379758035966
64,2794,5,2.5434683636151134,0.007783135229492033,442164,0.012004045546112075,0.0025410543466211077
64,2795,7,2.4769055219633147,0.011184941860563957,207187,0.006171036602619281,0.010240143931179446
64,2796,6,2.5890894230611345,0.003461318170241534,324615,0.008663421761093512,0.008308580629380113
64,2797,5,2.5416407693176697,0.010672922349113656,394991,0.011184540947240073,0.005654076643537453
64,2798,5,2.572145844324594,0.007521701929929514,444835,0.012195029008616668,0.010083668459758388
64,2799,5,2.5223624312273536,0.009842468609054356,397904,0.011444106956773635,0.0033507025249328026
64,2800,6,2.5437112094711267,0.0042110126642830314,311085,0.008513761389552265,0.0044809236532564745
64,2801,1,3.6477496846124957,0.011236937678649861,34339757,1.0,0.007625195283154529
64,2802,6,2.483517712701358,0.008627031005654096,297112,0.008454933665742135,0.004755418987386961
64,2803,5,2.5804079183398203,0.007320214723074425,401998,0.011539410022624532,0.004565643478396386
64,2804,6,2.541434126585454,0.010729013091562822,287226,0.008012237082169462,0.007392550470137871
64,2805,5,2.539765850482567,0.009190212203845416,400621,0.011451796424259671,0.003614493053390788
64,2806,5,2.549476722003061,0.009523965823406089,416497,0.011554416756860196,0.004085585698901939
64,2807,6,2.5302539344469754,0.010159928050038847,297334,0.008284196641274732,0.002489479892887503
64,2808,5,2.5483711927311994,0.010146373326321512,413267,0.011705511030967104,0.004342550287979696
64,2809,5,2.5284012099694304,0.00977773960605366,417578,0.011664018241966103,0.00520588170825198
64,2810,5,2.5562186580332846,0.009120272146331376,445133,0.012145146081961026,0.005622641524333727
64,2811,5,2.5303421699098956,0.010275805715330377,399534,0.011348649003630805,0.004535190276015899
64,2812,6,2.5503838417507683,0.009228521848411053,294137,0.008327166362140025,0.004705821295435286
64,2813,5,2.5408856118731347,0.005658651520722313,414986,0.011838661500309699,0.005886295478444603
64,2814,5,2.564962301391791,0.005545417864791347,415034,0.011847319008633618,0.004529745409497854
64,2815,6,2.5571224387355387,0.009948502564408601,271685,0.007693361092505131,0.004648309705102438
64,2816,6,2.516245560295339,0.006489427786073421,299650,0.008348716862259936,0.0021807271671192563
64,2817,6,2.495258033927584,0.009787949938833362,302272,0.008306621485232342,0.005813055795530431
64,2818,5,2.5067255811398987,0.011571154588601806,386848,0.011522814963932227,0.006250975758730903
64,2819,6,2.488317869680539,0.008808331772138134,287998,0.008255076764147953,0.0028055172488496982
64,2820,1,3.5970837514961085,0.0119557311646038,35265505,1.0,0.008212644038340211
64,2821,6,2.5344159008086082,0.008338428254243357,286833,0.008162966196742987,0.003764982670483946
64,2822,7,2.523568525905775,0.008559041221004149,214428,0.00609374768210637,0.005940530259733401
64,2823,5,2.555965508581528,0.007771291433567362,396489,0.011493399561887862,0.0029323674039271053
64,2824,6,2.5681874243619776,0.009121423781246751,266527,0.007750800679837758,0.009022517889570647
64,2825,5,2.552129240084002,0.010139600296417528,422563,0.011497998802971478,0.004051193171945688
64,2826,6,2.5466502728337646,0.00830894327317766,291356,0.008236402470027434,0.0016259478321367093
64,2827,6,2.4720386047792116,0.009469514028632497,289105,0.00857445035935846,0.005486557685408067
64,2828,6,2.5299343768271574,0.010666948985341707,288699,0.008135257994947557,0.007432355704510896
64,2829,6,2.531741720815531,0.00702936975739632,288702,0.008021430490938153,0.0022565588802955783
64,2830,4,2.567490553942951,0.005633908194113912,631998,0.01782404397814743,0.007827523998558905
64,2831,6,2.53308291408977,0.007140674201123298,308538,0.008656862786909495,0.002547026684783571
64,2832,5,2.5747903656334055,0.008795910811534524,411581,0.011522319253189346,0.002926504209396996
64,2833,5,2.5587380082217934,0.006247872789470921,413381,0.01158986175244409,0.006296504963689387
64,2834,7,2.517371439405073,0.007025260060491201,233977,0.006517956841981283,0.005510575452351174
64,2835,5,2.5154956444892704,0.007932482673571717,416604,0.012016917904181952,0.003933192483336012
64,2836,6,2.568080510573745,0.005687639311394377,298890,0.008311256601434327,0.005141265006447515
64,2837,5,2.5294058890485247,0.007728415774844399,413021,0.01155718164948302,0.004632469336914691
64,2838,7,2.5127595614086347,0.006909059346239754,214978,0.006289712812458464,0.00593681843651106
64,2839,5,2.5661061042224826,0.008246456811965786,413338,0.011490438321172509,0.0022358948353990993
64,2840,6,2.5619739806076027,0.005726831398874754,308156,0.008434354994884334,0.0055113823638063275
64,2841,6,2.5473287509041715,0.007676364849599215,292632,0.00816287204825264,0.001577147180712668
64,2842,1,3.63949690724158,0.011408280656108327,34735466,1.0,0.006574734725993792
64,2843,5,2.5582180479117693,0.005781832512247176,404491,0.0115076680755078,0.0028389504230420526
64,2844,6,2.5763044117504785,0.004382305666869368,318383,0.008573039641143126,0.006981443144008059
64,2845,6,2.5156799858208125,0.01059566168888093,272150,0.007794330487345419,0.007104340245586871
64,2846,5,2.546043504895343,0.010298034176979498,432410,0.011643883975957283,0.0046076455768042646
64,2847,1,3.6597362072555573,0.011059110493357283,34812920,1.0,0.01089275017242275
64,2848,6,2.5190089987580224,0.006338616337867253,299273,0.008522111963601689,0.0034286186244171235
64,2849,6,2.514528251254183,0.006861319803661559,292098,0.008329627132424812,0.005471658731502016
64,2850,1,3.632634009924278,0.011574361340775052,35989231,1.0,0.008522031598855395
64,2851,6,2.5334993034217046,0.007639829619777272,285955,0.008153551079571735,0.004839099725047258
64,2852,6,2.574824554890941,0.0063710386133301045,289165,0.008187917672925074,0.002997727722592436
64,2853,6,2.5236957171294208,0.00676471154133107,302401,0.008617328558330828,0.004022357824173262
64,2854,6,2.553276056510293,0.006709048233253911,284202,0.008226079794901713,0.002864031495657504
64,2855,5,2.552102970380711,0.00887556173915649,411804,0.011698346160245503,0.003190557948522632
64,2856,5,2.547791213857839,0.006528253151898589,430324,0.011891831872526893,0.004926757742848453
64,2857,6,2.5367784822891433,0.00920513045249527,290069,0.00831326348834302,0.0018905371293461704
64,2858,5,2.587920550199484,0.0039949707568269766,416269,0.011584732739960489,0.005146696335407597
64,2859,6,2.5680334677704906,0.006274973718937871,299471,0.008215332677890218,0.004035556748236524
64,2860,5,2.5603483273861523,0.008328982338027369,435234,0.011948757014541973,0.008437989180285488
64,2861,5,2.545005363612076,0.00890071792025493,416088,0.011509401551946904,0.006115324259085564
64,2862,6,2.5419013791991123,0.00642497361064176,306177,0.008549014860041108,0.0055584493233511445
64,2863,5,2.5429718318821686,0.01093186210406294,410566,0.011689420929708219,0.005043166121559972
64,2864,5,2.479250631749976,0.010294612579016094,410492,0.011650886432608995,0.004534430814219559
64,2865,6,2.5408945054950443,0.01022620769422855,297369,0.008093762430929453,0.004763856153206181
64,2866,6,2.521100127304398,0.009671861946031757,297595,0.008274685238308543,0.004116109049307454
64,2867,5,2.582269600095535,0.008740941129943058,411274,0.011489738648772719,0.004030739079491363
64,2868,5,2.554945404418787,0.01010570498114971,398156,0.01130221368750547,0.004319288281024236
64,2869,5,2.5476718539212753,0.006584789182390471,422138,0.011689724541110924,0.0067961892643778055
64,2870,5,2.5673389371785937,0.005295407557023291,408496,0.011682222143418483,0.0068960046441760015
64,2871,6,2.5617753093529188,0.007877537453854555,297358,0.008314572339516784,0.002277204313526293
64,2872,5,2.5395307822974007,0.008049159736049805,444865,0.012276303407776983,0.006630119567110182
64,2873,5,2.554680781900247,0.006660020859993843,400708,0.01141528082169693,0.003916922457750827
64,2874,6,2.54857926137494,0.008104256884959304,287756,0.008138603682305517,0.006731239311913995
64,2875,6,2.535791506618138,0.004907764058158626,313380,0.008799460250351917,0.003938612166158095
64,2876,5,2.6336205747621197,0.00782065438541557,363970,0.010407797981944642,0.0036218436006998367
64,2877,5,2.510218491173622,0.01054787265163959,400523,0.011730300011919995,0.007162295790907214
64,2878,6,2.5688984567775455,0.009415183645273495,283212,0.007893799669148974,0.0067429024783506875
64,2879,5,2.617494075464836,0.005333867240459922,411645,0.011574457436324246,0.0025375695564954226
64,2880,5,2.5489321416470254,0.004402282065664509,415404,0.011735932533898197,0.0052211168556700605
64,2881,5,2.571361861424964,0.00977873708995003,400611,0.011294230881458658,0.004188660609630412
64,2882,5,2.5516379791682833,0.006511144802513302,403095,0.011463086810114669,0.0050269197964323276
64,2883,5,2.5690683934051717,0.008366161591101151,409455,0.011580661027202978,0.0023799580639573825
64,2884,5,2.5363517638887263,0.00836147410413024,401760,0.011710538776600225,0.007777702666272757
64,2885,6,2.4863763105035184,0.009225982662327215,295727,0.008440947008907969,0.003820032582112498
64,2886,6,2.5550222158824285,0.007796420631911882,292816,0.00815848393337357,0.004940832205406753
64,2887,6,2.5440909671329544,0.010834221896786733,277434,0.007901685008680678,0.00995499065257699
64,2888,5,2.5384032522501103,0.008568968710328084,424410,0.012307350211927056,0.005393760472714004
64,2889,5,2.547029646610607,0.007162273784455331,414039,0.011724947760932823,0.00459671875321821
64,2890,5,2.5581145783822605,0.005433612549625932,447833,0.012081580648536134,0.007664406972093196
64,2891,6,2.517570147310736,0.006133333809920871,311845,0.008712933396805447,0.0038625548871863424
64,2892,1,3.6148419897372635,0.011729069081195753,35136155,1.0,0.0076374901541576
64,2893,6,2.569037054259411,0.005172845840808016,306699,0.008389612810310346,0.006820071167064734
64,2894,5,2.5094202813225257,0.008024915505539298,441652,0.012322913159751385,0.009748651847765077
64,2895,6,2.4847012133950357,0.009337779828701875,314242,0.00886474369941872,0.0040135670488608
64,2896,6,2.527087868692136,0.008792073834549718,273378,0.007942696416695648,0.00427850576725719
64,2897,5,2.604478478625269,0.005155955800486223,421995,0.01170376921025219,0.004887178546250981
64,2898,5,2.524717838113656,0.011004177875327481,418186,0.011621158018525668,0.005870109214892727
64,2899,5,2.5444199207965252,0.007741073997905079,429183,0.011829084891984492,0.0039113332846070215
64,2900,6,2.6130911605697533,0.00590900245090753,290259,0.008038356936014585,0.003266735519536823
64,2901,6,2.5203889676020133,0.00752592645627248,323726,0.008771196371503623,0.0015754500536588334
64,2902,6,2.572162226819447,0.008257191976959954,287573,0.008087621349263956,0.005613733308683311
64,2903,5,2.592327560511778,0.006309253386759028,420020,0.011783962005826612,0.005484210173899662
64,2904,6,2.5017927590519644,0.010660318890097109,295918,0.008332486244068146,0.00648727554457651
64,2905,7,2.508716105178827,0.008779447626367176,229165,0.006382350428901245,0.006256356500542015
64,2906,6,2.5328569288478486,0.007157898252442618,306645,0.008578721452835272,0.0020080053685611055
64,2907,5,2.5107524669924057,0.010316028158833146,408264,0.011771660850430585,0.005591237142914318
64,2908,1,3.6654239508296698,0.01108525581418962,34169836,1.0,0.01059868673540415
64,2909,5,2.591546751942471,0.01005296108075665,385686,0.010996129860425906,0.005590054529350574
64,2910,6,2.5116960561355217,0.010092077810986977,291709,0.00824114920961003,0.003594020431895828
64,2911,5,2.5325191935136737,0.007262810259337504,401765,0.011724602963005159,0.004019071234499849
64,2912,5,2.570406789250436,0.007517118579899007,431223,0.01196357319554577,0.00865027196502105
64,2913,6,2.5546424770735814,0.009983495650249585,265213,0.007661595480250014,0.006536850861005222
64,2914,6,2.5245110318132356,0.009483794430944714,288310,0.008311696428743888,0.002134747452055441
64,2915,5,2.5758585614937393,0.008244841496748867,391377,0.01119837717566797,0.004180311096664502
64,2916,5,2.5657594687723035,0.007435442013643878,384466,0.011203756775557483,0.0030855873337315987
64,2917,5,2.5306842010212796,0.010444467080764297,442215,0.012207440610552293,0.008347891021606713
64,2918,6,2.5478706775936355,0.00768151235223391,294667,0.008251447378306714,0.004563476477390416
64,2919,5,2.5407448080267856,0.007889174627304874,427329,0.012133132171154878,0.009507695277524264
64,2920,6,2.4729872625601663,0.009370314607969332,315008,0.008820668491126605,0.0038670000943414884
64,2921,5,2.582493793951232,0.0034624846736178716,431675,0.011878181301922416,0.0044870929250977465
64,2922,6,2.550473011218101,0.007871248389521357,289400,0.008056074734095251,0.005546922115579056
64,2923,6,2.5972866935919967,0.00449231609081846,299237,0.008263868713525552,0.004108632000579426
64,2924,5,2.572423380630231,0.010565303422573447,398729,0.011201460741791791,0.007858595439908855
64,2925,5,2.545481284783172,0.007721688501891144,407304,0.011491707768938871,0.0020881478666865405
64,2926,5,2.5158238513975215,0.010274773468837872,434680,0.012151742692355744,0.008598052314613636
64,2927,5,2.561322848480887,0.005402084282900788,431760,0.012053442848364557,0.007694516405291729
64,2928,1,3.621785681625526,0.011541681722516905,35732620,1.0,0.011110451980991587
64,2929,6,2.528501480947416,0.00897092658764298,277518,0.007980257404839087,0.0024743764419958847
64,2930,5,2.5560468374516034,0.004314239483898419,400936,0.011537400251382817,0.00498441823087048
64,2931,6,2.5298187620552532,0.007149160078647854,307303,0.008610453144980039,0.003788716282480009
64,2932,5,2.560092618569542,0.009138115639828803,434067,0.011939454852721776,0.0045743494329139045
64,2933,5,2.507579304429062,0.01102965130719702,411253,0.011752098009239124,0.010033291569837566
64,2934,5,2.5327713593541987,0.007750529647061133,430833,0.011893294512117725,0.008961557092885819
64,2935,6,2.5519131663898547,0.008466525266846547,294483,0.008115102774960446,0.0020017144968683676
64,2936,5,2.5846460899147337,0.0038383088123211673,437711,0.01214321262380765,0.004312621644979642
64,2937,6,2.517479722736195,0.0086613283861815,293869,0.008139446444852632,0.004369193666464932
64,2938,6,2.568372218462861,0.009528618332297789,289965,0.008113320619437822,0.004463165747367159
64,2939,6,2.547491678102102,0.008707577528667798,283482,0.0082102033560461,0.0039701914517496495
64,2940,1,3.653568269632614,0.011295876172176422,35131781,1.0,0.004364708376173088
64,2941,6,2.5714243324690322,0.0073168814604263055,285989,0.00801724053347537,0.00634736579932671
64,2942,5,2.5889448893802327,0.006469075829510174,413399,0.011640404454067653,0.007643295138212491
64,2943,5,2.5385859141712155,0.007215852029763603,408707,0.01175649497108504,0.005304393131646101
64,2944,5,2.56501991742749,0.006678967062282437,408268,0.011724821033846694,0.006261531065716086
64,2945,5,2.5367491345034736,0.010357971959857715,403633,0.011447870120067165,0.004485470145688009
64,2946,5,2.5951108022280276,0.006801357430674504,412252,0.011357700508381708,0.0027087199573474496
64,2947,6,2.5324525594017238,0.007306382719716731,283401,0.008170201121446959,0.0032128435329915606
64,2948,5,2.553145841568519,0.008975968009186819,406410,0.011600588989428024,0.005464963153428926
64,2949,6,2.531012188472329,0.01057863960651162,297417,0.008191054486209121,0.00658679583849564
64,2950,5,2.564973166004383,0.009620174591279784,420928,0.011662304514239006,0.005713063572801658
64,2951,6,2.5497448933731603,0.006401415847497982,292131,0.008293403267986586,0.006576816274462494
64,2952,1,3.598302868290857,0.011667742073809162,36489442,1.0,0.004864949632971238
64,2953,5,2.547846824692469,0.010218887265516563,410181,0.011480232388355237,0.004502467255506071
64,2954,6,2.524394406200151,0.007732529420603096,298002,0.008399630542757087,0.002721308925209387
64,2955,5,2.567549934012427,0.005938558040832209,439537,0.012053624928801845,0.008112109758628583
64,2956,6,2.503237085977957,0.0070130384195683515,291992,0.00834365436413511,0.0052060031948816254
64,2957,5,2.5467922457343675,0.010575627437845014,409788,0.011618627376901816,0.004876175642280711
64,2958,5,2.5337798031678265,0.008407778620381778,411959,0.0115631648253488,0.0029691286726627464
64,2959,5,2.531230526097427,0.008211919473704143,413663,0.01145637065662729,0.005081225321901639
64,2960,5,2.543248794530328,0.010854527184902873,394629,0.011383304792068179,0.00609055916611656
64,2961,5,2.544831605165175,0.008958703753726538,425596,0.01177010880870943,0.004914303361153949
64,2962,5,2.567597162184597,0.009494036809243322,425909,0.011736233033730913,0.002737110359777861
64,2963,5,2.5871271971973924,0.007942151238046646,403609,0.011105750361066419,0.0043416952344115245
64,2964,6,2.5709156719592094,0.008231791424110124,294723,0.008081461575799866,0.002082644881627488
64,2965,6,2.5165490992019404,0.008161429632588924,285898,0.00807426979382678,0.004226760670076546
64,2966,6,2.5584474755080064,0.004139452629263851,305649,0.00853196705290518,0.004984558194090938
64,2967,6,2.52969481562175,0.009733713506697383,294757,0.008215631929031113,0.0043321795640202665
64,2968,5,2.549311545809544,0.010285093020541591,440040,0.01229345863624409,0.0043867209677010965
64,2969,6,2.581613203148499,0.00687701203654556,314262,0.008354424847527266,0.0026044168326535555
64,2970,5,2.5862678027079347,0.005422799717702653,423135,0.011564998621252424,0.005066137816076899
64,2971,7,2.439978760562956,0.0098650909228295,219660,0.006205112265610896,0.010244650392237542
64,2972,6,2.535262976865726,0.010638773947434843,296644,0.008103720542113673,0.006929775446563813
64,2973,5,2.5168132702219888,0.010499569580026402,420923,0.011895089405123448,0.006916466327796855
64,2974,6,2.5730753256166294,0.009646619228709019,288530,0.008104439493026623,0.006983822508514093
64,2975,6,2.5627111707881745,0.006567256433329782,282580,0.007993545193868929,0.002450202833294668
64,2976,6,2.5987166734866882,0.005705729017917105,295725,0.00810962629712201,0.003204732849937275
64,2977,5,2.5364701407927157,0.009494670433393804,446822,0.012546942715019103,0.004949187347862871
64,2978,5,2.556063529779131,0.009516715583878232,415409,0.011429649828319594,0.0031140597078693766
64,2979,5,2.5699348231615553,0.0069209762401767905,423059,0.011648374110999195,0.0028885082178944366
64,2980,6,2.5059133885931835,0.009403283783918304,303735,0.008356090992929806,0.003491544997723306
64,2981,4,2.5724187937547844,0.00726175997512668,635326,0.017908212960048957,0.011624038345189214
64,2982,5,2.5558631901496085,0.008228733516210007,438638,0.01199286090148207,0.004737920652909566
64,2983,5,2.582665594261743,0.0066647595431769124,415866,0.011638821236654912,0.0047993138219931675
64,2984,1,3.641476814170156,0.011715627865261036,34294442,1.0,0.004590297264441601
64,2985,5,2.5578016903849465,0.009774907633539831,403684,0.011510788905235535,0.0038194177458685807
64,2986,6,2.5083104256046296,0.01101805342786244,283594,0.008165564997501762,0.009095901276111373
64,2987,5,2.5720190357265613,0.009032545969921368,410744,0.011585593499629763,0.002108401783611602
64,2988,6,2.5481546178040477,0.007313188558255579,299708,0.008258107663672042,0.005880592883281133
64,2989,5,2.537677955884728,0.009357256334515118,425909,0.011825350127363465,0.0038962605878629653
64,2990,5,2.603113057902529,0.005772990595803773,409910,0.011243045369641824,0.004216336679004451
64,2991,5,2.546321182569331,0.01013445693862347,400086,0.01147812858013737,0.008002299316412165
64,2992,6,2.5520821382071373,0.00774259313094694,280784,0.007820192173791951,0.003949503147211014
64,2993,6,2.5219192383490023,0.0076662098303034165,309378,0.00865171450499879,0.0028051997578505405
64,2994,6,2.548425674124737,0.010025276387815585,276410,0.007853678644779146,0.006224163607508881
64,2995,6,2.5602121265206557,0.007720928259468796,289328,0.00799582101949592,0.00457730480538876
64,2996,5,2.598041513553406,0.007298291702832693,408441,0.011520897145217021,0.0023976752081278363
64,2997,1,3.6413852281120347,0.011527638987654076,35554965,1.0,0.0052740549417832905
64,2998,6,2.5170497469505353,0.00889106701761444,292822,0.008137091012332853,0.0040311323940862565
64,2999,5,2.565931177983121,0.008760200295938103,413526,0.011620823363518596,0.0019449793918667746
64,3000,5,2.546259161224974,0.0067972682061229195,398815,0.011459236663672762,0.0035332988281084055
64,3001,5,2.5418356963447195,0.006411577205581553,402645,0.011552120463731658,0.003828863218176548
64,3002,5,2.576195363625992,0.0038911313452509866,437764,0.012145190070376871,0.004365139777185584
64,3003,6,2.5578465889628723,0.008546104949987532,282070,0.008186442268313483,0.005120241825912253
64,3004,6,2.5307547307944427,0.004955024924784834,301012,0.008545166473078574,0.00347818311006709
64,3005,1,3.6111052317260675,0.011774678217287726,35407461,1.0,0.0076750260765735545
64,3006,6,2.534096898116357,0.0061462480930404295,311561,0.008647907739588895,0.005403817379564746
64,3007,6,2.536838073340019,0.008583867786333021,279462,0.007915862344405245,0.005042423595377571
64,3008,5,2.577247706616136,0.007232633102245534,408982,0.011347404308524364,0.003890767737493195
64,3009,6,2.607179372025052,0.008314004996871682,272873,0.007762684262156396,0.007052461436354518
64,3010,5,2.5833936010990177,0.007310497677006589,384708,0.011235607214844642,0.0035648908999957873
64,3011,6,2.497468505368905,0.009685012665683002,291361,0.008378039926100053,0.002441665957106598
64,3012,6,2.4695777868738857,0.011666984662225044,289331,0.008357705436632055,0.006671998516898314
64,3013,5,2.5370941093805603,0.00859737956057638,422720,0.011811711835362084,0.0057168727946204645
64,3014,5,2.51527392270265,0.0089016353226673,448253,0.012549267267676193,0.008302959443147795
64,3015,6,2.563087135553254,0.004390563075914233,293307,0.008347610689365554,0.00410691121004203
64,3016,5,2.5613345985516998,0.009233653300948164,383617,0.011315176740331123,0.004416913793157562
64,3017,5,2.5484562681946725,0.008013509949754027,404290,0.011401888230980501,0.0024143758266396143
64,3018,5,2.58299821092654,0.0065715565009069055,420164,0.011564869434180882,0.0032155924182245
64,3019,6,2.548638400325829,0.0064826776571484945,309956,0.00844913816778963,0.0020537657172106094
64,3020,6,2.5366818201958043,0.007700529635273234,286952,0.008047302948178086,0.00328751121276033
64,3021,5,2.5517546344001056,0.0074730573762313846,419104,0.011945011857968866,0.004997326189133677
64,3022,6,2.4968143036767234,0.010094607936051658,284817,0.008203241377260452,0.002936977576995292
64,3023,6,2.5544135930350595,0.009193088170521224,298314,0.008219017075384466,0.002996887310151408
64,3024,1,3.6339407113268845,0.01150291287724281,34885359,1.0,0.008443077857986592
64,3025,6,2.5178400257921187,0.010031955191357689,277607,0.008114602423007124,0.006554636349590026
64,3026,6,2.570092321328889,0.0052168684676804356,313714,0.008485866995908302,0.0034255381541222485
64,3027,5,2.5321836888178875,0.009671590435418431,404066,0.01167846123832164,0.003832522115976622
64,3028,5,2.5596918868995338,0.0069956790331167085,395606,0.011668137254381473,0.005276123269984945
64,3029,6,2.5227544808272246,0.006286449316159293,309374,0.00875430883167807,0.0016341865831129843
64,3030,5,2.541655817795659,0.01078274631802345,407692,0.011441120947649853,0.008588067945492495
64,3031,6,2.4863247241201885,0.011184040522972838,284403,0.008211649036782863,0.00851175935605003
64,3032,5,2.5110393102318285,0.010381863220510823,410200,0.01151591527846126,0.0044823465847992905
64,3033,6,2.5683909043820394,0.005590451595854029,300913,0.008449752972638726,0.003153234866471011
64,3034,6,2.5372384525359135,0.00620279989965844,314975,0.008583888305319838,0.0020044467592592596
64,3035,5,2.556586640754494,0.009583619543733213,419187,0.011741377277696861,0.00995179243979416
64,3036,5,2.543644893129479,0.008001720086682318,417342,0.011770219366856384,0.006754263908622105
64,3037,6,2.5253720374982405,0.0061015904947085975,311742,0.008550349093587624,0.0052230629026558395
64,3038,5,2.5611106411682734,0.007222682763278032,423889,0.011689273132814216,0.0018500497607066846
64,3039,5,2.5242540117540604,0.010615831589284808,441879,0.012141610383227109,0.0072516366109275365
64,3040,7,2.499362493424918,0.011231842739491738,219835,0.006187777072154488,0.008736913775552801
64,3041,5,2.554441834061822,0.006555146751825558,403129,0.011389644627966548,0.008174955211935953
64,3042,5,2.5238466921995757,0.0080018737162737,402256,0.011398243707732025,0.007692872392590533
64,3043,5,2.5483839739778356,0.008771162567649482,422051,0.011638076397772267,0.00273311555261202
64,3044,5,2.5746761536331486,0.007744396129827025,409717,0.011501750147324092,0.0037455585090142574
64,3045,5,2.5738304625229707,0.0068042402020310755,402571,0.011384721700141365,0.0029624004017397843
64,3046,5,2.5746993846643895,0.007257840083517708,386444,0.011176003987736485,0.0031279296516442123
64,3047,7,2.453647755023973,0.01051289305586034,222378,0.006375555902270261,0.0096526491782995
64,3048,5,2.4988426745799606,0.011328229788677091,422948,0.012048410368604193,0.006763646765078124
64,3049,5,2.5482216619742655,0.009527413043872501,416986,0.011609933993499499,0.0030627484190215437
64,3050,1,3.6300101886455307,0.011753270980599417,34995903,1.0,0.0067099443432764305
64,3051,6,2.5791191166275804,0.005637723911097181,303539,0.008336596135216662,0.0046157322613861185
64,3052,6,2.5250083954269864,0.00799527750434903,300066,0.008250487331578602,0.002267039143087457
64,3053,4,2.5761732120557865,0.008845488434188586,624991,0.017944079585809077,0.010026572312339721
64,3054,6,2.4725818330247256,0.009810800698536903,276391,0.007997893163650556,0.008366158420823555
64,3055,6,2.5347455749159025,0.006449701263916058,281518,0.008123853985788406,0.004138116355897115
64,3056,5,2.5313430992165373,0.010712048009589137,382922,0.011037403898098304,0.003753319853328496
64,3057,5,2.5330546982320334,0.007600838889111672,416237,0.011740112802808825,0.004608910747241679
64,3058,5,2.5401302488725777,0.007769631727970294,392592,0.01132633836426108,0.003997427532966502
64,3059,5,2.536087780872868,0.007386695042991609,431386,0.012129785266309024,0.0033208886039357566
64,3060,6,2.4921345212945214,0.009307371156664357,303817,0.008606734117816765,0.003359042142007107
64,3061,6,2.586230005147102,0.006344949960691237,271140,0.007900393618157956,0.00617807492570055
64,3062,5,2.549071315163463,0.00872666946957662,410447,0.01140119312712333,0.0023235082116047634
64,3063,5,2.5087805171762967,0.008476404378471192,400359,0.011747394013585122,0.007111265840214265
64,3064,6,2.5401298728185644,0.007699590719816185,298470,0.008378231318792614,0.0029552928600312667
64,3065,6,2.566742755404946,0.008789191138857122,288920,0.008081963846722752,0.005138879215117964
64,3066,6,2.559365267044677,0.005648960175908435,310471,0.008445827942551037,0.0046313210218358325
64,3067,5,2.5301345614729804,0.010601894298953307,435769,0.012162154883026941,0.006148401608280785
64,3068,5,2.5380157785032478,0.009486233161465463,438331,0.011976658670405663,0.003741283265367268
64,3069,6,2.5469135921814927,0.007009802092358353,301113,0.008384498564032138,0.0027417994801894885
64,3070,6,2.54143943474033,0.007925538151064893,300036,0.00838811841461442,0.004173098629499439
64,3071,6,2.569387972447235,0.009726424594934113,283406,0.007931896399311534,0.003898945030829437
64,3072,5,2.5206362439712438,0.007648815121350627,437853,0.012342787342828218,0.007582220720829702
64,3073,5,2.5433615338175914,0.009617157531507159,441021,0.012336077490373912,0.007525519314588225
64,3074,6,2.572787079840422,0.007224197538356458,303969,0.008441753583244165,0.0021218484991543107
64,3075,6,2.5824338328549814,0.005724805158546342,305513,0.00824300966538771,0.005118267817381339
64,3076,6,2.598951925991798,0.005293226250825511,292862,0.00795016367816374,0.002846315393083332
64,3077,5,2.5401316327811787,0.010883822467397275,425723,0.011829797062556378,0.005665629943887862
64,3078,6,2.5029639872274543,0.010320366038092943,285204,0.00814501231373222,0.006628057572334145
64,3079,6,2.515384538410882,0.008157381520709328,310681,0.008737222331557453,0.0023900569348278555
64,3080,5,2.6197466903930287,0.007334662464005048,400743,0.011033378846070403,0.002105887236368287
64,3081,1,3.6143682931252936,0.011994251486258545,34814416,1.0,0.009822587275705397
64,3082,6,2.490080222351503,0.009626287183177151,287814,0.008203276071760182,0.005314178817587001
64,3083,4,2.609944334913509,0.007385824355905235,629219,0.017348546140886673,0.005192913419771461
64,3084,5,2.574220858554881,0.007933924553599814,390077,0.011157966272236048,0.003291892257092255
64,3085,6,2.499576625691603,0.005382834769517952,289234,0.008329651380558056,0.004057419242843308
64,3086,6,2.541665821355031,0.006578126465888623,282233,0.008027626825442257,0.0038654390200448807
64,3087,6,2.5514928216444144,0.006437123543027612,288499,0.008085024825876407,0.0037648423761048044
64,3088,6,2.5680466127009156,0.005619303634787798,309852,0.008398715586224124,0.004132048129362409
64,3089,5,2.542330298856479,0.005618421004505714,439589,0.011961740194841922,0.005551516266524448
64,3090,5,2.5329201513756128,0.006999821347061563,399874,0.011340493178756057,0.0027625360342189154
64,3091,7,2.491996791323515,0.009292218105704686,216514,0.006251546544157752,0.008425618453607342
64,3092,5,2.5458414311774087,0.010723031767276181,422174,0.011642764848741877,0.007159878817691201
64,3093,5,2.5754678406757887,0.008240569243845974,394537,0.01134399012518479,0.004636392702923042
64,3094,6,2.4932392697970904,0.009858670055503005,274269,0.008102369036530364,0.0032374231048515334
64,3095,5,2.5562878724002314,0.007587381419759787,405977,0.0115306609692507,0.007890883643395297
64,3096,5,2.566645116857155,0.01025520105914135,364127,0.01083586310103037,0.004427683188020781
64,3097,6,2.552075777321794,0.00528470886616228,293504,0.008278519095504998,0.00323943716765962
64,3098,5,2.5765663727325374,0.009318183697514582,382249,0.010635878030965358,0.0033741494895822566
64,3099,5,2.573027192936123,0.005446178003111091,426296,0.01212480135603367,0.004827727881309585
64,3100,1,3.631343060198987,0.0114747632712896,34314749,1.0,0.007764823982894464
64,3101,5,2.5113237903821415,0.01213477836386423,419382,0.01207460039390108,0.009669278205486798
64,3102,5,2.573354327323646,0.007947288487201443,400884,0.011163153451339823,0.00517918861681077
64,3103,6,2.502679136409826,0.00948801135307109,288528,0.008094985790259773,0.003985034764822537
64,3104,6,2.5378937255544542,0.0104163968449823,278465,0.007770612815644084,0.008383093165439393
64,3105,6,2.518025242816792,0.006901194050864035,305736,0.008623911094984199,0.004228912883941227
64,3106,6,2.564739249642454,0.008092301533698332,286570,0.007994626245294784,0.006382023086902167
64,3107,6,2.578179658517084,0.007114662896380075,281224,0.008007780666128988,0.0015952975768955824
64,3108,5,2.559702296107418,0.006870475463548575,390551,0.01123828263481876,0.0019830535572407104
64,3109,6,2.48142968581456,0.010050810289909395,294985,0.008281758283667397,0.0027963373074818554
64,3110,5,2.570657862421511,0.00789957694865917,403549,0.011383309840301259,0.005470106069412117
64,3111,6,2.542914743921165,0.0030271345454893073,289233,0.008313795364731327,0.006510204109957174
64,3112,5,2.5555805345422664,0.005817320711286267,437079,0.01198490142459092,0.00460064543898242
64,3113,5,2.5432837970493605,0.008430853320922416,406288,0.011319037511835472,0.0038928626527390264
64,3114,5,2.499865662962498,0.009477920226391268,429741,0.012498678849616992,0.009141241461645855
64,3115,1,3.6385288378397567,0.011260118346062331,35284497,1.0,0.005529556628464216
64,3116,6,2.4484798410468063,0.009217937552751687,296937,0.008556434221725747,0.00279512776997759
64,3117,5,2.5344404163685255,0.009123115138063742,422574,0.011862057287998436,0.005682892254709637
64,3118,6,2.561201449184768,0.004643120358747255,295170,0.00838548873234575,0.0033560907478417112
64,3119,5,2.5817674868397273,0.005890557902615168,414756,0.011394492958442585,0.0038968055520444134
64,3120,5,2.5301655139015247,0.009398381287485935,435744,0.012074283845868224,0.003456545315332793
64,3121,6,2.54119234540649,0.006380712007459155,296789,0.008438980892733962,0.0035710370693343707
64,3122,6,2.530754712854323,0.008726222742916456,298180,0.008450682989652009,0.0023330314350733516
64,3123,5,2.525329912176962,0.011262149513232567,393140,0.011127633394606927,0.0057209223726143454
64,3124,5,2.5274745102749163,0.008440494448231362,453043,0.012486996014242534,0.009418317675915111
64,3125,5,2.5524259556462248,0.0070522509572689684,428896,0.01204472197270403,0.00249372552386784
64,3126,6,2.5528691854237784,0.007942686109269737,313661,0.008610308916563282,0.0017323883776521054
64,3127,5,2.540564148659625,0.00908985847173771,419597,0.01170248239427585,0.0033957680841087967
64,3128,5,2.5272627502858818,0.009762385655783024,440241,0.012305644410506912,0.01156683848945067
64,3129,5,2.5698296895815496,0.007123226250622727,389526,0.011062182326050416,0.004440187851611266
64,3130,6,2.5569241529641364,0.00969442718407143,271519,0.007780719534088157,0.006892415206677993
64,3131,5,2.523949077362923,0.01026564288264964,407229,0.01157193022418393,0.006825367157060835
64,3132,4,2.6248879724217153,0.004973203633693246,640446,0.017991771462706304,0.0037743703573734078
64,3133,1,3.634082869087974,0.011403327669136654,35080414,1.0,0.008893989558763915
64,3134,5,2.5459650452321663,0.007516489590588982,403383,0.01149056514769844,0.0025017247920930963
64,3135,5,2.5551794487028423,0.008784533443423892,402409,0.01136608630592634,0.004031918252841993
64,3136,6,2.5845627993626774,0.009099168406836555,291537,0.008210167352384437,0.003083999186315939
64,3137,5,2.5608032080677674,0.006644055114227387,415267,0.01151664624585182,0.0043891969427233835
64,3138,6,2.5530754871191665,0.004941109673181732,284393,0.007923869908251922,0.0038527006590067803
64,3139,5,2.5283455770726206,0.007998060035077748,391824,0.011519607799902028,0.0029336313249834767
64,3140,6,2.5558211279523957,0.004189043045845775,289420,0.00816655068087932,0.005274561780298503
64,3141,5,2.5453374584861144,0.008190249296165852,421947,0.01183437578672023,0.004537655629732185
64,3142,5,2.5848079800904693,0.006136757026240336,419041,0.011688624533009825,0.006789143684387378
64,3143,6,2.5269900830970817,0.008939638700734776,285077,0.00826950852065963,0.0040789213801862845
64,3144,6,2.476534880894514,0.009733283807217441,301062,0.00856989484769594,0.008763849196303908
64,3145,5,2.559919517425653,0.004554409100674284,431002,0.01193152135797468,0.00520835743018927
64,3146,6,2.5279788698309322,0.0077145650251136955,276157,0.008169254014702747,0.0037801288029335467
64,3147,5,2.5549454740748843,0.008232637308891344,418377,0.011666219585714899,0.00437672567925762
64,3148,4,2.5797838660648855,0.007129644680979319,668699,0.018015387270518997,0.009153692771590005
64,3149,6,2.506172683016489,0.009711059062709082,304393,0.008399614271129337,0.002040610905557738
64,3150,5,2.5237522125342617,0.010249269723725196,412420,0.011727967682427952,0.006010679001535291
64,3151,6,2.523871731895931,0.009280972289438694,285581,0.008196902231631683,0.0021647827159740896
64,3152,5,2.548928460930352,0.008613280007404467,418287,0.011491930548558515,0.0027642528414770773
64,3153,5,2.5240443790811113,0.008311107721991284,397773,0.011543899353349747,0.0073041193670160265
64,3154,6,2.5220866186178577,0.010952563000487747,293777,0.008268889537704459,0.004731982188376338
64,3155,5,2.5718924295714563,0.008777623736433149,391567,0.01104742132838155,0.003445631763615342
64,3156,5,2.5595545570893456,0.004752303645582767,423043,0.011801249773169839,0.0023006945222930897
64,3157,5,2.5494422164798975,0.011149827676257384,433910,0.011852340450045858,0.006008220862598446
64,3158,5,2.5582182582846134,0.009053617680319315,431756,0.011842203534794461,0.005848538598802411
64,3159,4,2.591494628554566,0.007706835562527992,615479,0.017521961631601666,0.003144263122255686
64,3160,5,2.5395208328366397,0.008269442653824566,411330,0.011411971591839778,0.0026946223870414343
64,3161,1,3.6217284495279327,0.011665550747898101,34591593,1.0,0.007800601845975974
64,3162,5,2.5160418871872987,0.009775663511366606,382030,0.011292275165105519,0.004217822699750018
64,3163,5,2.5355842060494034,0.008165970683593482,413485,0.01175787788624075,0.004243782679427099
64,3164,1,3.6257697344026876,0.01147428553002905,35480153,1.0,0.013433578742175434
64,3165,6,2.56059147025473,0.0047118192551488525,294338,0.00837888818964712,0.0036170786950308065
64,3166,6,2.4716158790079144,0.009542738766926018,300776,0.008621858263628447,0.003937468034584057
64,3167,5,2.5685780463947485,0.0057983698308708975,444726,0.012235746910434425,0.006419907085434551
64,3168,7,2.554136458403761,0.007747172843996619,207460,0.005943479532253375,0.005616427348528075
64,3169,6,2.517506267210646,0.007601977600424026,308850,0.008589480246475949,0.0042292850196979925
64,3170,5,2.53178723321528,0.009980817833044608,432977,0.012172645964947102,0.009204723667976367
64,3171,5,2.6114809935053276,0.0033591501806992663,425503,0.011809182933528008,0.007298406992624518
64,3172,5,2.5307989299493547,0.010434134032799247,441843,0.012008432588942762,0.00617501727156089
64,3173,5,2.5399468171870008,0.008339888734241963,402712,0.011484110024248517,0.005228858238224443
64,3174,5,2.5055003623081333,0.008948129792018422,411319,0.011771876326081537,0.00520528090992356
64,3175,5,2.5775043813106153,0.007878649682414918,408127,0.011251383103519991,0.0021318485819052935
64,3176,1,3.646763566808098,0.01130257212898822,34790534,1.0,0.005532799615295181
64,3177,6,2.5875663534147937,0.0053659216636295914,303463,0.00834482479272269,0.00426154636578735
64,3178,6,2.5640440284773933,0.008227306871903206,293309,0.008113212155592195,0.004607827144138987
64,3179,5,2.5884596234092543,0.006239360129454141,421905,0.011724050196458185,0.0024479098732947957
64,3180,5,2.59755458606362,0.005737000116305291,431370,0.011733920479995878,0.006759989073689021
64,3181,6,2.5352313323282787,0.007600175008274923,307080,0.008462247485631154,0.0038779356139455046
64,3182,5,2.5381783280236783,0.010289003846100986,434780,0.01181634682518911,0.005236048634135293
64,3183,6,2.574355187208748,0.00591701885470608,284988,0.008016202073504692,0.004362093508230136
64,3184,6,2.536535411315209,0.006645091663146641,308288,0.008512558237911931,0.0061377473477592925
64,3185,6,2.5498367545746716,0.005137277762430781,303706,0.008567117895966439,0.00550284397918932
64,3186,5,2.560316010780115,0.0074789335496170395,403800,0.011206009440410796,0.002937551174249653
64,3187,5,2.591310456129016,0.007960470660909214,408917,0.011417256836220633,0.006308269881134143
64,3188,5,2.5915515753014167,0.005081619816546201,407449,0.01133384857106648,0.005697496426404602
64,3189,5,2.555685181925806,0.007954382740860688,423104,0.011942707610619588,0.002430460306540372
64,3190,6,2.5534256967881666,0.005263941446817855,302709,0.008471735177234093,0.0026907548707337803
64,3191,6,2.4989410430261154,0.008190187878949318,289404,0.008269287718431616,0.004761284957105372
64,3192,5,2.555495202453618,0.005928595340700227,416200,0.011865311664419564,0.006514311098900938
64,3193,5,2.516961936014326,0.009726313771845518,429895,0.012276518852785807,0.006208234730165962
64,3194,5,2.522387635889509,0.008184337644855044,410522,0.011931340081876286,0.0036713091231324047
64,3195,1,3.6596562052419315,0.011184834340145389,34755077,1.0,0.012692387784295767
64,3196,5,2.5510657746598446,0.007449465728277205,397296,0.01141914498571328,0.0026540374257418287
64,3197,5,2.5689970329716414,0.0065629298097231725,392954,0.011045620125215776,0.003065701111051533
64,3198,6,2.501904845752829,0.00830146159395384,283184,0.008172129311745187,0.0027801604757191622
64,3199,5,2.539581874886805,0.008353780303078095,390971,0.011349785220589423,0.0023382385395678273
64,3200,7,2.467083680321578,0.006048658142001506,224296,0.006524300763121191,0.005846085572402737
64,3201,5,2.532038078963722,0.006943715397729977,434190,0.012099013450695539,0.0032040864437442584
64,3202,6,2.561132149294823,0.0035778972460096536,290636,0.008251024230960543,0.004425179368944043
64,3203,5,2.5899574445964793,0.008249679812438182,409318,0.01144228031571254,0.008851704966307772
64,3204,6,2.5044070227472557,0.010786929719696192,287335,0.008232451056547786,0.003295233279728471
64,3205,5,2.561409072806108,0.006850549114870708,418571,0.011899437273410673,0.0077993857166742675
64,3206,6,2.507692884969552,0.008110294394206852,319076,0.008917545681125216,0.00280777742153715
64,3207,1,3.653670900106209,0.01101604153564284,34415573,1.0,0.01177067127639242
64,3208,5,2.5198842931247607,0.00921281934974194,440227,0.012281835378427372,0.011150204633054495
64,3209,6,2.547749713014531,0.007981707695220996,288608,0.008160972675015775,0.0038001118928033817
64,3210,6,2.5159373845798867,0.011351281160570603,296373,0.00827511096750891,0.003914630366608107
64,3211,6,2.5845051358799718,0.004143653016085991,305842,0.008515760346286018,0.005281830678834254
64,3212,1,3.651324094591499,0.011251558608394663,35012524,1.0,0.006452669875748551
64,3213,6,2.5007832067340856,0.008725702449249972,282638,0.008164578311018616,0.0016212952053689111
64,3214,1,3.6400265986179257,0.011068634627196205,35451074,1.0,0.004180868993661657
64,3215,7,2.5349438092525665,0.00821844362297064,228395,0.006310184285727863,0.007122872769813493
64,3216,6,2.4780667984489133,0.007485238385768422,304296,0.008624516628884665,0.0034310103503354394
64,3217,6,2.5665050060823007,0.006166123783234001,300547,0.008321407616903654,0.004296096848902753
64,3218,5,2.4920717873137237,0.011138009484645384,430103,0.012022152471303775,0.01274135693357642
64,3219,6,2.52547356778012,0.006446576371422874,276883,0.00812619866221468,0.0037059146932321707
64,3220,5,2.5845399693719617,0.008160266351225465,437314,0.012005706000626538,0.006346857039400411
64,3221,1,3.66018832981061,0.01112363907476932,35233857,1.0,0.012740505837437466
64,3222,5,2.5555119759605343,0.006326028429977426,416235,0.011574674006502628,0.006685961074771818
64,3223,5,2.527541225091947,0.010909316035853878,429695,0.011889293205805507,0.005591308060070244
64,3224,5,2.581905454796802,0.008466162527781207,415830,0.011777462463392096,0.007904360403264588
64,3225,5,2.5764302011807083,0.00572929392622723,402455,0.011529866337434271,0.0033463279953948044
64,3226,5,2.5391712595778104,0.008514649537986863,421637,0.01196468276566047,0.0037019378583075246
64,3227,1,3.6780151312564042,0.010778392214312649,34788893,1.0,0.009820613046229332
64,3228,5,2.618931682901221,0.006336690105080978,391644,0.011110848848380393,0.004990739444954206
64,3229,1,3.662194680736036,0.010782015765559372,34124550,1.0,0.009300686553322057
64,3230,1,3.6486317430208697,0.010912141479151982,35760309,1.0,0.007388774842379792
64,3231,6,2.5094014927565764,0.007908166794882487,284647,0.008222129057330552,0.0010633049908020942
64,3232,5,2.5657871897668385,0.008095547757749455,419293,0.011674664627617506,0.0021804951733884748
64,3233,1,3.6353041019726655,0.011616907331285842,34823986,1.0,0.010600190914273722
64,3234,6,2.530179653770501,0.008211469231599766,296036,0.008204804032547714,0.005443711417375208
64,3235,5,2.533899656092541,0.009349552674789596,399664,0.011310278360919749,0.006559492772649667
64,3236,5,2.5140240497147444,0.0072993738338617,420161,0.01186495658002703,0.0024171076693053073
64,3237,5,2.5094588709436865,0.008103024009796456,421763,0.012010786279152598,0.004765079601405375
64,3238,5,2.5013326005604806,0.010838625670260171,416428,0.011985809801442104,0.004726411717504986
64,3239,5,2.5403272649008093,0.008211157349387821,419403,0.011824423287192099,0.006418410423868592
64,3240,1,3.6265310036755403,0.011917994935804699,33994935,1.0,0.008489763370402637
64,3241,6,2.541655721439616,0.006123157038708915,308611,0.00844283388856803,0.005502997267823551
64,3242,5,2.5480043087496647,0.00955176597106977,400946,0.011405602076861525,0.0037118285359719616
64,3243,6,2.5385609481126243,0.007891680385746391,291532,0.008276974929935219,0.002090907772054451
64,3244,5,2.5799398928633424,0.00623042390111328,394884,0.011395636815083368,0.005207633387709354
64,3245,5,2.53695352297727,0.0074854562163979566,425598,0.012030580771949122,0.0051541112875268524
64,3246,6,2.5272187930265453,0.007709361974232887,297702,0.008243985780009292,0.001722245392181132
64,3247,6,2.5214306837977123,0.007621425537069237,311512,0.008460676088717378,0.0019829901138471717
64,3248,5,2.585377418796746,0.006157753836393165,420652,0.011493079909189116,0.003969644120779714
64,3249,5,2.5473608813484954,0.010992350343988044,390264,0.011374147020578759,0.007641231690714956
64,3250,6,2.548648745834469,0.00615126354965756,299827,0.008321811382507812,0.0030241715614476306
64,3251,5,2.5673311428062826,0.006060821950038764,431266,0.011923621757876708,0.0048376786487917545
64,3252,7,2.488139709306939,0.010784810971574021,224406,0.006350786501520823,0.008433739002568719
64,3253,6,2.534303146688295,0.007805115776307492,300289,0.008397260742847273,0.0043829430594279906
64,3254,6,2.544376342308246,0.006832172007481652,298711,0.00851305734354684,0.0023797924630721834
64,3255,6,2.534608893529168,0.0047269755271623914,287983,0.008136104495898173,0.004677797732612343
64,3256,5,2.5738959726839203,0.005841613066332241,436156,0.012008584719034921,0.005027215778613314
64,3257,6,2.49083076782778,0.010458337840400844,294443,0.008514308498962427,0.0033508552270916647
64,3258,5,2.5729901354412124,0.009520846670293737,402289,0.011179739301804383,0.003195867090428406
64,3259,5,2.5439325696568904,0.008023723682878403,450089,0.012231425863654614,0.0028071616362672636
64,3260,5,2.5486200224760625,0.007797406312777921,431935,0.012063519744250644,0.00798836968635197
64,3261,5,2.521870781139846,0.009757177589534982,412836,0.01169996293067583,0.0038747944465438167
64,3262,5,2.5606982397596556,0.007026226631595911,405317,0.011373636315269251,0.005867953008014903
64,3263,1,3.657660717612017,0.010688362219387515,34510700,1.0,0.010388732729670669
64,3264,5,2.5704435336981506,0.008648096915466863,425808,0.011989797656677778,0.005513913724610187
64,3265,5,2.571747650355028,0.008802332823851566,413797,0.011434215233281511,0.0038182327591322895
64,3266,5,2.5816217932817738,0.0061358377139595355,406882,0.011372073881223788,0.0032848684174755505
64,3267,6,2.516389348016994,0.008835679661263862,291735,0.008450374013811648,0.00296039175754792
64,3268,6,2.498827488238529,0.007394027932696501,293090,0.00831930626596841,0.0035508862066228053
64,3269,1,3.6354455469309777,0.01128727482897307,36170137,1.0,0.007639141584632192
64,3270,5,2.555134070365445,0.00899799922623068,434437,0.011981744069017794,0.0034690472510929826
64,3271,5,2.5748164400754416,0.009551017237368287,411935,0.011246309256618781,0.0036450449457635647
64,3272,5,2.53824824014796,0.01065110978185424,415183,0.011760460319638719,0.0061810443158988315
64,3273,7,2.537600467141829,0.0065483996062070116,218202,0.006258942109073773,0.006685873568401779
64,3274,5,2.5211104567609373,0.0095197168628951,424479,0.011960163837274104,0.003913424145259081
64,3275,5,2.545102657670405,0.009614634310076864,406851,0.011310390833437954,0.002140458551713298
64,3276,5,2.5374934785353194,0.007829092526085768,399726,0.01146852235965351,0.007579157234119893
64,3277,5,2.597167516527084,0.0062181316517776475,444175,0.012142935037136043,0.0024157003328906246
64,3278,6,2.57422239515056,0.005754729647337253,289156,0.00805438798213871,0.0030075345382907237
64,3279,5,2.553865291361619,0.009757613787077624,404179,0.011569231047544397,0.004279405018810634
64,3280,5,2.538211167404311,0.0075355635780418595,423877,0.01178574384799586,0.0039338535974524635
64,3281,6,2.5783536221430134,0.008537370858662463,300429,0.00814604149682133,0.0035987436777339954
64,3282,6,2.5412117713070064,0.007668932872535006,295347,0.008376856700859962,0.004805719243556883
64,3283,5,2.5638564724866133,0.0103260747139019,426401,0.011718661969392377,0.004227475686917392
64,3284,6,2.5456780032224193,0.007982597201329655,296593,0.008306753289346085,0.00237539514955587
64,3285,5,2.5604671134232238,0.00879688390568345,407210,0.011414872956312777,0.002772574287102536
64,3286,5,2.5707255417868717,0.005097438518211039,435300,0.011799202777228205,0.0030976169642160656
64,3287,5,2.582436840205182,0.00746347631386024,417921,0.011584141406016255,0.0015441275131226062
64,3288,5,2.552517930577066,0.0068730463291982735,438688,0.01196742643125483,0.0038753328907148443
64,3289,6,2.4890524832698886,0.006443097467383696,308086,0.008635125919506824,0.0032805413292494867
64,3290,5,2.5516694365033974,0.007276214905639566,393077,0.011090405552264824,0.004344868196673457
64,3291,5,2.546253734620458,0.011637389720800473,419773,0.01175455131030654,0.005879083161905552
64,3292,6,2.515095979526303,0.007145325651489176,314978,0.008758227400040095,0.005291446657209042
64,3293,6,2.4885116258645725,0.010870236242700115,312556,0.00863772185848038,0.005111434549950278
64,3294,6,2.5138081115770023,0.005138867110546452,319219,0.008844820243192034,0.003227849391708948
64,3295,6,2.4594339026506833,0.009416509031404785,288133,0.008427204298744894,0.0026840317673852143
64,3296,5,2.5390521304823106,0.00824657665592099,409391,0.011681937173708603,0.004179996602911018
64,3297,6,2.4971974169796964,0.009419520784957669,298144,0.008579776287651343,0.003611831881868255
64,3298,5,2.5513633839428076,0.00572367274388319,402334,0.011748965306745168,0.0053840590534334765
64,3299,6,2.5002376617918363,0.010090540724435437,283313,0.008089675520671514,0.00741825955751263
64,3300,6,2.56475246406539,0.005574967438132683,284068,0.00809898167425351,0.004297449043673129
64,3301,5,2.4839102577213215,0.008576054649607534,427284,0.012045568629356913,0.006745738962119885
64,3302,5,2.6132217053448,0.007592346791496951,378707,0.01079032190693461,0.0014866609162980104
64,3303,5,2.5351303216712315,0.006245816872240018,423182,0.011921041823931625,0.005004773341659385
64,3304,6,2.4939967465144144,0.008050904178450002,313184,0.008826898772226137,0.0019275833458063385
64,3305,5,2.568662797167315,0.006597956974786989,419978,0.011779971479195102,0.0022479578947660617
64,3306,6,2.526361063570485,0.00769264201962494,299786,0.008398730034784916,0.0024794365398513873
64,3307,6,2.565428808161751,0.009097580528179328,272968,0.007802530643029335,0.006887955081455344
64,3308,1,3.677367701099304,0.010823763650814722,35556774,1.0,0.01040826026449787
64,3309,6,2.5074691492114733,0.006073340366393065,303648,0.00865312070805307,0.004199772340116453
64,3310,5,2.553871278121869,0.008454758994490996,416490,0.01151811804753228,0.0033648615598882436
64,3311,5,2.497181826432002,0.010813230157510456,396150,0.011499815753299038,0.004922245173133666
64,3312,5,2.5559777631456426,0.007201417144241162,404395,0.011544120911031951,0.0036612616129238496
64,3313,5,2.522553942483024,0.007701332328899246,399904,0.011750215425807065,0.004217799225885721
64,3314,5,2.559226788967507,0.007361367579226008,416889,0.011814556614970217,0.008967017146042588
64,3315,5,2.550368097096569,0.006215219784568848,404793,0.011498444189285162,0.001976002919187897
64,3316,5,2.5419133308552886,0.009983614399609042,430802,0.01212854975566632,0.010279314393187411
64,3317,5,2.584498063578982,0.006481745729463584,398709,0.01121737476141461,0.0032758039299223274
64,3318,5,2.5487292068266116,0.008056069043618996,402027,0.01156683922445351,0.005094506271393295
64,3319,5,2.531459769847184,0.009342514915806288,388148,0.011184332230118065,0.005830986474429589
64,3320,6,2.5698379659885338,0.00551207736528192,305102,0.008451562793411836,0.004053502584887458
64,3321,6,2.5812921047283592,0.00485370839220145,278568,0.008004288676770987,0.004475233097864351
64,3322,7,2.4604890718098615,0.010450667010337367,214911,0.006211724447439896,0.009221341913925207
64,3323,4,2.547566670124735,0.009013469933731144,644479,0.01852204550168487,0.009752372877363469
64,3324,5,2.5150368843747577,0.009635554001788171,426503,0.01208775518162851,0.005906292341869679
64,3325,6,2.516480908996669,0.006891836012680286,278800,0.007943003649679124,0.0036529261286164516
64,3326,5,2.5638296648243752,0.0070236535673156575,423128,0.011825438454105244,0.003907687055999698
64,3327,7,2.534127632195198,0.006058681246115971,225569,0.006398544970607041,0.006303010868910275
64,3328,5,2.6009137210990474,0.004731840695346823,412602,0.011583862942958482,0.005233495936872279
64,3329,5,2.5860074270605673,0.00732319279489374,411544,0.011412412498824564,0.0055469610112909296
64,3330,6,2.565856126806215,0.006939577420418175,297123,0.008257706086217008,0.00547829138190703
64,3331,5,2.578438911779043,0.010987379130865893,383181,0.010918074055395162,0.006327211703418767
64,3332,7,2.5337407028789873,0.005109865796126489,227394,0.006233315196666969,0.0031950732519819836
64,3333,6,2.517831710185168,0.009539013145534847,294658,0.008253574290263702,0.003451404913971279
64,3334,5,2.5414442170100333,0.007906721452005327,417482,0.011654131119568948,0.004275755257700131
64,3335,1,3.6345583948916684,0.01130236482268765,35679901,1.0,0.006711160895338908
64,3336,5,2.5543091928033297,0.009116862166964834,418716,0.011744653666006705,0.0031096842387478008
64,3337,5,2.5194642298953855,0.00843133035424981,428630,0.011984031096132462,0.0042236860422346645
64,3338,6,2.514596825116361,0.008767649507536723,299752,0.008379124933917868,0.005931805082973418
64,3339,5,2.578016676817585,0.006801489973783048,417499,0.011789246176851259,0.002933045695291403
64,3340,5,2.5179322755555242,0.009271797654998526,410229,0.011596541150662484,0.006111306875395406
64,3341,5,2.508966097067644,0.010437183669197825,387165,0.011257234488283073,0.003458075401406857
64,3342,5,2.5587414688301933,0.005660526660698384,426379,0.011921542544639905,0.006723992415581526
64,3343,6,2.5376854364040247,0.009288812529275936,306688,0.008450939494940302,0.0032987203719771485
64,3344,6,2.531330160862268,0.008246768536336102,299904,0.008516904395601212,0.004381610040117112
64,3345,5,2.5746754855114706,0.005964612374296685,407105,0.011402279408374889,0.004054137259707102
64,3346,6,2.546155135411073,0.006660449693262072,298133,0.008254649883903628,0.002712452382234831
64,3347,5,2.5393849412748937,0.007159984735063185,393709,0.011200659654555883,0.0010797945369719897
64,3348,6,2.496918259067652,0.00843432790081411,282249,0.00824103800365585,0.0032079239264888315
64,3349,6,2.525646924592806,0.00929395311600889,296552,0.008437337408796356,0.003269901812246734
64,3350,6,2.5107159615952175,0.007041640754393064,302240,0.00847895312533752,0.0037071631777201297
64,3351,24,2.9216975843099613,0.009150710629023007,32588,0.0009179417328400838,0.0073038126569471284
64,3352,5,2.5445925156448475,0.00981742314567291,411539,0.01163891931265784,0.00503588541098976
64,3353,6,2.557966042674623,0.007993769632603343,279785,0.008139040889149745,0.002440975700197079
64,3354,6,2.5360426053692793,0.008890841202706334,295530,0.008169543924767991,0.0016723850892280678
64,3355,5,2.561581444602962,0.006529295869005081,416943,0.011742890840991265,0.001829813870327185
64,3356,5,2.5778009888822275,0.010534301384239053,397234,0.011111600007015485,0.0046753405943602555
64,3357,5,2.5372114681629436,0.006189476566163699,425812,0.011768490629969616,0.004699147931531089
64,3358,6,2.576478847453464,0.0062613865527109125,312949,0.008535258270458503,0.005451534002421932
64,3359,5,2.5531859399962475,0.009019842616600049,417693,0.011723600525412473,0.0055833253159187635
64,3360,5,2.5112553263692465,0.007494898005117323,424488,0.011958514360637915,0.002340720865496859
64,3361,5,2.5658584646786657,0.010061652371501584,404038,0.011194044530486412,0.004505619323831533
64,3362,5,2.577441041942694,0.005589418672599655,437348,0.011857735372853262,0.0030757270174771034
64,3363,5,2.5850366914877876,0.006458559841380884,424106,0.011871274324221665,0.00352641397563902
64,3364,5,2.5662928454236242,0.007470296590932679,419495,0.011730705102078624,0.0056362667147685785
64,3365,5,2.509420876690101,0.009541327897465646,397058,0.011512150270936716,0.0032239375458577024
64,3366,5,2.571560719417645,0.0072231851619611875,394104,0.011328749677474546,0.007207573083367336
64,3367,6,2.489679021296936,0.010579832671294587,292685,0.008268062574729234,0.008990420074979355
64,3368,5,2.5584260332265827,0.008193868251143988,414812,0.011527532247394138,0.005476359905897454
64,3369,5,2.5713142506016538,0.00861969568039278,406797,0.011562941794399317,0.003749003795597561
64,3370,5,2.5788292663081522,0.005303163119135534,408547,0.011442345475388064,0.005096812078718094
64,3371,5,2.586693672811787,0.01055544623011928,381424,0.010981121634007851,0.00500841770640903
64,3372,5,2.5384265298693354,0.008186884546610873,419383,0.011637382875704438,0.007980133647158216
64,3373,5,2.6029967894280692,0.0047375004030379975,409274,0.011421144322902317,0.00408074669645217
64,3374,5,2.5252242247428773,0.009722754529242539,393389,0.0112110069974428,0.0055386903316974045
64,3375,6,2.5331719566270556,0.007006407583444063,292445,0.008412519619599754,0.002710138205775814
64,3376,5,2.5591593286736107,0.008759460706780464,410482,0.011507603677683033,0.005499297986051088
64,3377,5,2.53834137289994,0.006320590762082912,421287,0.011940195037328362,0.007349253289087088
64,3378,6,2.4882339296756095,0.008993903366490752,289858,0.00847848716022161,0.0047043933946759875
64,3379,6,2.554610086651059,0.005324343377759777,318032,0.008668996447650063,0.004757678014803202
64,3380,6,2.5056693793595413,0.010084936219519947,295937,0.008338762901523295,0.007412655052597139
64,3381,6,2.5409402852403824,0.010332994314722677,285725,0.008106910378925036,0.0035855003342822878
64,3382,6,2.5220347910852046,0.009282671846711388,301416,0.008404498236822062,0.0037785138002207064
64,3383,6,2.5291025246932373,0.005582669869089507,316790,0.008585934364530819,0.0022410850446343833
64,3384,6,2.5758229611179915,0.007326939235905605,307602,0.008363246153856193,0.005561379193471272
64,3385,6,2.5145906872029102,0.010734883405008944,298864,0.008333521782654923,0.003303141335714077
64,3386,5,2.5653806053182007,0.007382758228495767,422363,0.011655108591307067,0.009936063610108459
64,3387,5,2.56217081362164,0.006487058071736773,411009,0.01158888052371119,0.002698801030903253
64,3388,6,2.538539630604614,0.0071383826777154935,298840,0.008222083414417408,0.002347763092092281
64,3389,6,2.5280757323048206,0.00780875180790197,305269,0.008460561589456687,0.0035843119937769563
64,3390,5,2.57570814965597,0.007207798806601717,430240,0.01176476957934222,0.005788862324346611
64,3391,6,2.4704464398749555,0.009839010869769016,294639,0.008251761585118818,0.0031852825127798023
64,3392,5,2.535891275382934,0.008743632277769309,436711,0.012010336384629984,0.0037329217267772496
64,3393,6,2.569937637568608,0.009437830043934503,284387,0.008022679153429864,0.003341134416710023
64,3394,6,2.5159179004473025,0.010634734771800325,295509,0.008159168688035694,0.00382118782883889
64,3395,6,2.5701280087786564,0.00372595001674636,299192,0.008546004670265072,0.005103225053224247
64,3396,5,2.527401094835603,0.008816480095900303,446610,0.012378573307964385,0.0074789684088121255
64,3397,1,3.6304630684774493,0.0118977266364092,34474237,1.0,0.006878165588360852
64,3398,5,2.5581400146194753,0.006594818701465943,416686,0.011887301288253604,0.0035020233457715433
64,3399,6,2.5346206085900223,0.00846309342754481,298024,0.008431372682153342,0.0028582722972022023
64,3400,5,2.4988315395213867,0.009064343041320977,395441,0.01159473943099834,0.005773324094844712
64,3401,5,2.573093130677526,0.005655864155495571,414250,0.011538715978371,0.0019299120232852962
64,3402,6,2.58803122827836,0.006768717300397742,291321,0.008177431119863516,0.00551042294956372
64,3403,5,2.535730969951578,0.005828190484737594,447613,0.012254912630294672,0.00547662059611459
64,3404,6,2.5565490819454384,0.004666101892104146,310156,0.008454952074447719,0.005638811517995834
64,3405,5,2.539792463504373,0.009285402366618567,411682,0.011559828208443963,0.0060788841378084935
64,3406,1,3.5839614038540635,0.012336107739510882,36130277,1.0,0.008672066764712771
64,3407,1,3.6281371642372364,0.011620299743554718,34418898,1.0,0.00973945731762782
64,3408,5,2.5409270050606616,0.006799262246269366,420090,0.011911431957763173,0.00818928560581289
64,3409,6,2.5052860112381374,0.009301559689683492,292274,0.008107634581507867,0.003733545640887681
64,3410,6,2.5525175138811664,0.007242388576929715,290118,0.008078802562389284,0.0039878377875745
64,3411,5,2.5849998549304622,0.006728012379633996,424036,0.011586465621393881,0.0043629740908769366
64,3412,5,2.5131026808754626,0.007526183949587373,439816,0.012419407738918418,0.0069454033849256636
64,3413,6,2.533541124435598,0.0076604988371694605,290268,0.008197804468970967,0.0028719349312152365
64,3414,5,2.5380310394375765,0.007507673463778453,421839,0.01187273670494637,0.0036538857671821745
64,3415,5,2.5532139169054417,0.006412999625716398,406678,0.011620090214151817,0.004129329946431615
64,3416,6,2.5283873322031916,0.006486057313516591,306871,0.008548020865381575,0.004400556788785148
64,3417,5,2.5462070916971973,0.006752056748822399,424140,0.011671437397201766,0.006112337737326057
64,3418,7,2.4528849997240134,0.008866845651396504,222221,0.006405351670008789,0.00969477628752169
64,3419,6,2.54225490424491,0.008466911444103054,281458,0.008034760792886312,0.002463241833658536
64,3420,6,2.532058155925292,0.010288853422374178,289566,0.008085620016068705,0.0052151899352551045
64,3421,6,2.5311137608173713,0.008195443406786018,273179,0.007923567315719172,0.004967998265616114
64,3422,5,2.537544352998345,0.01103545534816075,382596,0.011142802447609424,0.0055057443700410325
64,3423,5,2.5184594137967022,0.01002288423531228,407661,0.011618010134370567,0.004466970589696806
64,3424,5,2.5557260925916303,0.006622075877367517,417480,0.011476276383196024,0.003814293296091814
64,3425,6,2.5290542387582287,0.00925838290668779,296703,0.008323182164703421,0.009386737480018614
64,3426,5,2.547643352295868,0.00954962140410609,394815,0.011414337337460648,0.006978731419340356
64,3427,6,2.5118095099300066,0.007014906514980046,288682,0.008246317169934287,0.006076151528938312
64,3428,7,2.617552575847108,0.004692291971725382,211698,0.005892471373995073,0.0071693311933269666
64,3429,5,2.563695426667069,0.006186809626342438,401123,0.011398589219166958,0.007577005464572073
64,3430,5,2.583253038505426,0.004411345628754226,398578,0.011397608028751238,0.0045569968918572346
64,3431,1,3.639975695723921,0.011463483012949749,34270393,1.0,0.006676218930955047
64,3432,6,2.5032803707777553,0.010906310757592297,299644,0.008414798536028823,0.003235862600440953
64,3433,6,2.5527330246241284,0.007010900143152643,281292,0.008133369541784213,0.003837418932126968
64,3434,6,2.5344335814138113,0.006115497748525267,300132,0.008456881939412464,0.0028007411736169496
64,3435,6,2.5622455426945274,0.006277433700592416,297419,0.008435483184325911,0.005615031884514177
64,3436,7,2.5573750328898024,0.0060426100548638395,214577,0.005922834255758614,0.007879871429523178
64,3437,6,2.512007635484166,0.007815556901741294,297181,0.00844779087799706,0.0024571788495676428
64,3438,6,2.554778169507575,0.007438893742401698,282307,0.008095374277897185,0.0066371730095943215
64,3439,5,2.5804729036115837,0.004459734515417757,417649,0.011573331787447667,0.00319471739406052
64,3440,5,2.5433377584507766,0.009520161604186228,412978,0.011604978750517265,0.005363493575701317
64,3441,6,2.598372582906541,0.003098907518652161,285241,0.007938529435715698,0.00788616917994267
64,3442,5,2.5199581435638843,0.010942969805569636,416214,0.011721198067785222,0.005695665657370674
64,3443,5,2.556614975935116,0.00879163765331148,418278,0.011886530548171513,0.002617324772848928
64,3444,5,2.575818936256181,0.007431980667430227,417128,0.011763089182003552,0.001995854657491858
64,3445,6,2.5364665474256602,0.006949008387107547,277155,0.008111001568147456,0.0031589419582831457
64,3446,5,2.52187141253935,0.010200205033227161,417637,0.011910479911601041,0.0043964577824530116
64,3447,5,2.546482366003194,0.010104250136016124,418767,0.011713814335565856,0.004385699645717445
64,3448,5,2.540988221851413,0.006592403303912309,401564,0.011617958147703467,0.00494605360610012
64,3449,6,2.488521203984735,0.007615225212613819,306019,0.008605824099496498,0.0037765183002362868
64,3450,1,3.6372378179814886,0.011196106851303567,35120255,1.0,0.004838508335017644
64,3451,5,2.523211557542791,0.007777067468523247,408682,0.01186604764612337,0.006632582174898705
64,3452,5,2.562327227841652,0.006223075338675499,432808,0.011991201037053483,0.008085155132480759
64,3453,5,2.5205280335946143,0.00835463978337514,431744,0.012096297447703203,0.003745674363489604
64,3454,5,2.555409612929795,0.009645359743229442,410942,0.011543937525392872,0.0037271166459037497
64,3455,6,2.564995211641543,0.007069857310081584,283813,0.008134102099743197,0.0040753606984729185
64,3456,5,2.5485081347428165,0.008297512005973506,428707,0.011838638703045424,0.00392068017787639
64,3457,5,2.561294697703797,0.009108092320916361,400456,0.011352035038298689,0.007855928566027348
64,3458,6,2.4813655685185583,0.007129623648216343,289317,0.008270537069639318,0.0030731801350238896
64,3459,6,2.549743544907864,0.008503533936916385,292543,0.008249834484704644,0.004078570124115388
64,3460,6,2.5518520410742354,0.006188766172301685,309003,0.008658520917620578,0.004133800156744277
64,3461,5,2.533648111346369,0.008356915274363885,442593,0.012039294856106797,0.002316563161311791
64,3462,6,2.532121496278303,0.006936007779294484,309065,0.008542118171684621,0.002612736223327028
64,3463,5,2.55304409541344,0.007658536435901309,429945,0.011675855790166178,0.00955864858815969
64,3464,5,2.5569412618197176,0.0062805534343151614,407581,0.011578602733285561,0.002673812985892643
64,3465,1,3.638999264184315,0.011421418144460849,35275126,1.0,0.006875249108914905
64,3466,5,2.5504067925857767,0.010794833223586764,411719,0.011282858232372581,0.0036514813088589504
64,3467,5,2.5657195224160647,0.006267616712857582,412810,0.011669632673569354,0.0014432535802937352
64,3468,6,2.5709810273889846,0.009508628598920876,276023,0.007931433756150803,0.007828069072382426
64,3469,6,2.507787921235123,0.0056376295102189555,293318,0.008465135162856262,0.0036432988596643012
64,3470,6,2.5286325338802667,0.01061157218764519,297731,0.008278449710415112,0.004317643677484884
64,3471,1,3.6494884400666514,0.01122440965364091,34020768,1.0,0.013607008308023638
64,3472,6,2.515598024488849,0.005661131690207544,301569,0.008457268469624194,0.004479461718263633
64,3473,6,2.551499668926264,0.008576368522909661,280277,0.008141950565328102,0.005042235986664867
64,3474,1,3.6202698022437025,0.01168758448169549,35382933,1.0,0.006093016743392465
64,3475,6,2.522110356955335,0.006658694802529841,288699,0.008073006404430164,0.007653336958206025
64,3476,6,2.5663456967597,0.00836129818481346,291543,0.008279065649157232,0.0025253064359431476
64,3477,6,2.5152372926712463,0.007314483914684422,295297,0.008251461729300965,0.004642202747761615
64,3478,5,2.5270664951067126,0.011473832712032617,406991,0.011527008023003318,0.005950884319268046
64,3479,6,2.544267425969764,0.006957504154473382,296502,0.008343617393834516,0.0019789500822843253
64,3480,5,2.5364532571172997,0.008642530886178945,416532,0.011649516064818913,0.0030804383438927108
64,3481,6,2.492746051408364,0.009365109579407394,301722,0.008296693193525686,0.0038171822162593183
64,3482,1,3.633472879573608,0.010958049280892501,35644415,1.0,0.005939274416602691
64,3483,1,3.632679198723776,0.0118211155878708,34285366,1.0,0.011316115982296204
64,3484,4,2.5901454180495156,0.010538454797563213,676614,0.018152663694012628,0.007818518621530601
64,3485,5,2.556494369238301,0.0066520014223834245,437756,0.0118022152164502,0.003033980378934764
64,3486,5,2.5854225077286292,0.008104280554837917,395054,0.011334245687120032,0.004259014351917778
64,3487,6,2.5683072073374564,0.008217372408182322,299796,0.00817188266251994,0.0037393019769783598
64,3488,5,2.559913455485927,0.009148217655449264,430289,0.011899689167637638,0.003786190717777471
64,3489,5,2.584717219705094,0.006162061211866021,407324,0.011343229664699351,0.0029861229611132245
64,3490,5,2.5795287221967875,0.005457932471830962,412612,0.011638491110973086,0.003238268965927049
64,3491,5,2.577183524268217,0.007777308407480588,415362,0.011519188247245361,0.0025774299414867974
64,3492,6,2.565008934607694,0.004376387336605281,310230,0.00858043822715086,0.004602377243473232
64,3493,5,2.5529312885967035,0.008562983680386993,408709,0.011493520744181066,0.003840380921444564
64,3494,5,2.605492765359843,0.005177510143779651,407429,0.011387600545928663,0.004936949740350471
64,3495,5,2.5493726292744303,0.006933497273892919,443834,0.012142173909665425,0.0029229405211500525
64,3496,5,2.568340756028292,0.007928787044730545,393190,0.011266248186917427,0.0032679089112209736
64,3497,7,2.484489887391931,0.008923341592133371,213782,0.006148591822282567,0.006833622368013825
64,3498,5,2.5511616027691226,0.009738685226840516,420958,0.011765374357762374,0.003820003903368452
64,3499,6,2.5547684780750775,0.010574661105812844,267709,0.0076963387300956285,0.009350421507068774
64,3500,6,2.5284328825218383,0.005939596623183885,296446,0.008424697322785757,0.0033672310158077146
64,3501,5,2.571575185126818,0.00799227014470727,449651,0.012197816816733072,0.008249255905932285
64,3502,6,2.5539598872396465,0.004483937513651393,302415,0.008452851819717328,0.004646296398441718
64,3503,6,2.5401878788406007,0.008876210527735517,289961,0.008151501812603703,0.010470658695049817
64,3504,5,2.5620282626389153,0.009033647547841306,417306,0.011741755326946489,0.004702052185635797
64,3505,5,2.5825524242590863,0.009145498701833232,397247,0.01129202459243869,0.0034551893684471313
64,3506,5,2.548181404493364,0.0076651674374274,426739,0.011837642882714964,0.010386761774563213
64,3507,5,2.5207925216916,0.010082178901142824,413248,0.011734587754767083,0.006472621304818182
64,3508,6,2.4925009045785855,0.008342121049092932,287640,0.008316303809462158,0.005409803197774066
64,3509,6,2.4969042473976204,0.009568044723541003,292950,0.008253534841482404,0.005247371452297367
64,3510,5,2.5239344393694974,0.010949475601214953,453327,0.01220245173111468,0.005634227098750055
64,3511,1,3.635292666170051,0.011556677930134596,34454573,1.0,0.005779652771529142
64,3512,5,2.5471215185684417,0.007310912551274695,450912,0.012210860595789106,0.004266848508407806
64,3513,5,2.5486436064856153,0.010121159463217622,399566,0.011334623347435966,0.00482630861818556
64,3514,6,2.5427460791493264,0.007259593854555879,299591,0.008301475418221554,0.0024722110695158117
64,3515,5,2.5387311932500154,0.008804293472420954,412949,0.011706597899344503,0.004876123456582726
64,3516,5,2.555956486140898,0.007159546375560599,391416,0.011305744842657992,0.002947263848031123
64,3517,6,2.4914411721201373,0.006800062913543625,315049,0.008802500460103592,0.0024832073992329118
64,3518,5,2.57326874880426,0.010573456058717456,414441,0.011351645655965439,0.005462890703344381
64,3519,6,2.5254068985086713,0.008292470274484431,290470,0.008329372052176676,0.005429631789168887
64,3520,5,2.562357478573377,0.011079450675447244,408248,0.011392670278628267,0.004189159662965625
64,3521,5,2.5043629025910197,0.00848635713972834,399106,0.011532606633036038,0.003043894171354866
64,3522,5,2.5550887976909116,0.008224894645805059,413694,0.011590597353646414,0.0013765556511495802
64,3523,5,2.5713399748509698,0.005378602533448684,407347,0.011408487988777562,0.003516396317327475
64,3524,5,2.5746261604192804,0.008136209322330057,405938,0.011458986497699651,0.004899925368696434
64,3525,5,2.5716961541146164,0.008681940136253619,394751,0.011318391584218712,0.00544509423536077
64,3526,6,2.523000127115961,0.006321013001281295,290600,0.008403678231546842,0.004031911657693399
64,3527,5,2.5174378494020693,0.009266822250010742,396765,0.011306352878578379,0.003349023972508691
64,3528,5,2.519940100077194,0.009849491770492214,429549,0.01199676518085176,0.005577160204610132
64,3529,5,2.539662546828367,0.006684191199942124,393788,0.011529355943466022,0.004514248503904694
64,3530,6,2.484204287324189,0.010259868487628276,305082,0.00840967240505158,0.006073465672559564
64,3531,6,2.537395698445239,0.006185297922404409,311378,0.00849107561441663,0.002321716030372345
64,3532,5,2.5332144344069687,0.0064462974942920415,410689,0.011830633109364356,0.002367900034704995
64,3533,5,2.549573846698807,0.009034300845449206,404732,0.0113387732355734,0.006838455217203054
64,3534,5,2.526904486590688,0.008298546390227646,401064,0.011680449776416241,0.005240764118575991
64,3535,5,2.5242893933416317,0.00923197173932977,395940,0.011434833650086755,0.004769096523743799
64,3536,6,2.5656997238486605,0.008503419362715814,268866,0.00766739455764019,0.005147448593233905
64,3537,5,2.5574731758299745,0.006476844435447715,429753,0.012011132166585177,0.004620771876763186
64,3538,5,2.538107796658426,0.010212777779838422,435462,0.011844056385456797,0.005003845073489277
64,3539,5,2.587010719055077,0.008489530735525053,403051,0.011193129987394187,0.005724016081823047
64,3540,1,3.642209927219573,0.011883648155318505,34258251,1.0,0.004560648932913303
64,3541,5,2.5308007375881227,0.00785284813364684,448171,0.01243652197401187,0.009635024997497799
64,3542,5,2.5315839664001434,0.008699469802177062,398818,0.011419858105217789,0.00563480516582926
64,3543,6,2.515093122083413,0.009431928445927773,287837,0.00809254681715332,0.003349605490748475
64,3544,6,2.5309980467261206,0.010535923355014687,300699,0.008394918374572007,0.008128451649304369
64,3545,6,2.5192281141947994,0.005532413557883364,296441,0.008274897163590653,0.003991708235700053
64,3546,6,2.513625007647186,0.009181458104438156,305811,0.008544492952457865,0.0035512300266838936
64,3547,7,2.4885330655218936,0.009198091303202927,226060,0.006351146417608976,0.008800298887577773
64,3548,5,2.558970506940024,0.0073475950482192465,411551,0.011602137550864769,0.00102275329078505
64,3549,5,2.5415555531180525,0.0069735121317635596,416926,0.011834055504418505,0.0036710737342573185
64,3550,6,2.54969721007926,0.009180253475811195,279043,0.008013548679056633,0.006117138529321053
64,3551,4,2.5937743509870717,0.010322998051799481,622057,0.01779376959906387,0.008309221320836002
64,3552,6,2.59607446745461,0.005937719661035401,295240,0.008058203351452737,0.007700165197028985
64,3553,6,2.5811654157128086,0.007181050299078229,294374,0.008122850196749552,0.00530990600402792
64,3554,5,2.5345393083903676,0.010377032190806101,414902,0.011705757661739768,0.004731110291293361
64,3555,5,2.5318112152585295,0.008171523649646573,390088,0.01147476100008516,0.004556683945547091
64,3556,5,2.5140866812186373,0.01144399876402491,396044,0.011202374865908186,0.005269298081455709
64,3557,6,2.5166104328711554,0.009569390839393788,284139,0.007947633264578912,0.005679074055302102
64,3558,5,2.5886867468386905,0.008012603015672526,420809,0.011494877063034313,0.001560550090324131
64,3559,6,2.4880943979299417,0.007780641737648142,308522,0.00851349919795311,0.005549216755699304
64,3560,5,2.554485637064321,0.010233847007479313,414493,0.01138858076159542,0.004598344609618388
64,3561,6,2.5707820251810793,0.007526739997672061,285333,0.00810549480467477,0.004875624088855557
64,3562,6,2.567364261997894,0.009539523786171289,287175,0.008050581113610036,0.0027304670087471283
64,3563,5,2.565577590763837,0.00705825011624861,411583,0.011692530119167599,0.004151879383624046
64,3564,5,2.5610372390593947,0.008668249700671704,430525,0.011836617751327735,0.004827824064924879
64,3565,5,2.5462621343441088,0.007620023454112945,425542,0.011879529286542342,0.008180634349894522
64,3566,5,2.545028675569066,0.007181040776264136,421057,0.01202559591470694,0.003340218485275881
64,3567,6,2.520559483157191,0.00652885842904205,294816,0.008485551441540099,0.005798499269684232
64,3568,5,2.567870769918572,0.007291658426859415,381101,0.011006406919225546,0.004125877233871256
64,3569,1,3.622977291953913,0.011367970438787345,35981464,1.0,0.006169609868791337
64,3570,5,2.557145868114804,0.009258581225248474,408147,0.011254580143167915,0.003511528669706443
64,3571,6,2.5384821218479017,0.007291038037947617,296883,0.008269982908930407,0.0023469130475070044
64,3572,1,3.606183009917815,0.011833074312376346,35257787,1.0,0.007328761582514942
64,3573,6,2.5165225057398724,0.007950464571120197,290927,0.00823357756780503,0.00591175184920556
64,3574,5,2.5770038564906943,0.008491639732818634,398109,0.011284046097049786,0.002847860381277767
64,3575,4,2.54719250495174,0.012090184198309817,662887,0.01837300203889166,0.010467677138575326
64,3576,1,3.6595944825672553,0.011178968558231861,34052877,1.0,0.005211381511569635
64,3577,6,2.555118501750911,0.006068212926902183,294037,0.008325128403901389,0.0020831297763292955
64,3578,6,2.5321131581336047,0.007172923463622749,289092,0.008330160091320215,0.002191523402855944
64,3579,6,2.479079051289619,0.008034024625032554,299919,0.008374362503996348,0.0017631579158977617
64,3580,6,2.537012149063976,0.0074461601243116515,301037,0.00833374281770185,0.006236731969901599
64,3581,5,2.530140767396289,0.009414415239808072,385404,0.011174246268089827,0.0051820630271348644
64,3582,5,2.5247423999807683,0.00855554621318666,428430,0.011860602170770082,0.005531478750455121
64,3583,6,2.592582929754401,0.006699312017716341,293561,0.00793810934976084,0.005532925189513427
64,3584,6,2.522688383951775,0.00909393322583163,291774,0.008322971242598834,0.0063078201170857495
64,3585,1,3.6553730927204287,0.011275739827340536,34459697,1.0,0.01121265608247829
64,3586,4,2.5874157537889353,0.009901822192739218,636239,0.017619188706864332,0.012240297211791484
64,3587,6,2.5758570677731374,0.006688406039654371,281095,0.00793524409468024,0.0025227171122962355
64,3588,5,2.5581850121366094,0.008363503855511545,456074,0.012158255176790202,0.005931511043845816
64,3589,4,2.606296067844407,0.007057543099565355,610482,0.017348888854029052,0.0037602903569790014
64,3590,6,2.523280381024142,0.0059179531597831625,299700,0.008359126132435668,0.0024606582769408636
64,3591,5,2.600567986898352,0.0057644553207736315,418919,0.01160578844651696,0.006862902364962953
64,3592,6,2.497803081462877,0.010740158390191212,292767,0.008277084702695475,0.00814809631812674
64,3593,5,2.5859119632125935,0.00960083707155407,407309,0.01124130925654306,0.0034790094098160473
64,3594,5,2.537220255647982,0.009251926689752943,420149,0.011677218943693186,0.0033691487171798595
64,3595,6,2.490332388062587,0.008102851728295501,283239,0.008241784142476637,0.006124715619411636
64,3596,6,2.5383273113051565,0.006497082561128131,308231,0.008755410864991337,0.0060515011224464565
64,3597,4,2.567638479500021,0.008124655599369923,606386,0.0175695439989611,0.003764886968147585
64,3598,5,2.5501204375218545,0.006439073987899002,426015,0.011696924253797515,0.004336374061809478
64,3599,6,2.507871557464785,0.007666925271650249,283429,0.008180524608333238,0.0035552202491279106
64,3600,5,2.5642783672464384,0.008289388686046728,412771,0.011719246853751695,0.0032591828976633597
64,3601,5,2.5574828548214237,0.006650504410189106,423982,0.011694598912565756,0.0033950248394049587
64,3602,5,2.559753346850052,0.00908469379835286,397210,0.011162804762260867,0.004399026046706833
64,3603,6,2.4854658905310014,0.010278953678893865,279581,0.008048128314537162,0.0056416496479611
64,3604,6,2.5082691665491073,0.009040498397436036,311399,0.00878827526298589,0.0028298164796546343
64,3605,6,2.449638498860448,0.009577750188167866,299122,0.008426602520644996,0.005161896115481679
64,3606,5,2.572745521622069,0.008746566522400023,411212,0.0116011969084051,0.002917017280622547
64,3607,6,2.5607183670572655,0.007817273238509559,310676,0.008528632931318282,0.005544388435941849
64,3608,5,2.51604458360712,0.0068566230171633324,418061,0.011814151514449311,0.0024932710494300625
64,3609,6,2.538078049715793,0.006541992381245643,282964,0.008153634948055459,0.003920684425466003
64,3610,1,3.6051342994605236,0.01151608476019117,36172625,1.0,0.009024013009133136
64,3611,6,2.536332310904903,0.006853882834283009,293544,0.008305498287173474,0.0026954150665571275
64,3612,5,2.5523167977703767,0.006460447639529687,407888,0.01148034333738136,0.0016825833364753073
64,3613,1,3.6608976510048588,0.010888058638235942,34930856,1.0,0.013636634457152075
64,3614,5,2.5557269791290076,0.005101131450233332,436422,0.012083508227114202,0.005623957437386334
64,3615,6,2.542291625405823,0.006736822051790714,308762,0.008665864114876798,0.003044826571525716
64,3616,5,2.5625922438643185,0.006659310883762315,426272,0.01164734050224183,0.0019547468756683783
64,3617,5,2.545884694773505,0.008907183375234107,388850,0.011045724926651812,0.0030159761476388214
64,3618,6,2.5557211776378685,0.008248651595307965,292851,0.008150773515089164,0.0059950405207789825
64,3619,5,2.5781179899100066,0.006015422869605991,391766,0.011263956672728302,0.0026688218396480057
64,3620,5,2.626284952092171,0.006674469331703847,400687,0.01138120728731073,0.003680137269298611
64,3621,5,2.56161178275746,0.0062373249172317236,431976,0.011962009868874135,0.004672318956066873
64,3622,5,2.5785468081775984,0.006842694677001493,415453,0.011571043017343043,0.0062486753779996684
64,3623,1,3.6394877097482152,0.01121695523047006,35015622,1.0,0.007678871216752703
64,3624,5,2.546798220595396,0.009102737970876351,419345,0.0116036601759184,0.0030658217412975475
64,3625,5,2.58213053919741,0.00815439479068597,401474,0.011204295271026291,0.0024843315366328556
64,3626,6,2.522308376822316,0.011152976784401525,281414,0.008152739155107678,0.004064624008430162
64,3627,5,2.6052546714276095,0.009562200402115029,415474,0.011409383164106442,0.004394195922839128
64,3628,1,3.645680513205793,0.010861806650774408,34732318,1.0,0.007262526193172192
64,3629,6,2.5478947091788178,0.005995145400604196,289419,0.00830565465742299,0.0034665427246731717
64,3630,5,2.5519049593924032,0.006243025220669662,416011,0.011551817333276834,0.006735806824139268
64,3631,1,3.653512857162489,0.01098796065915264,35276739,1.0,0.01519307271414011
64,3632,6,2.5082068973253673,0.0097770967944244,284632,0.008284933097954361,0.0055511714658298406
64,3633,6,2.522842839008138,0.006140417239048623,304105,0.008477014886547432,0.0041596779940216155
64,3634,6,2.5448804161043186,0.006037758508738,284995,0.008112331749066774,0.0032990435276777363
64,3635,6,2.521922980893934,0.009818791812356564,282233,0.008016509010047926,0.007871682101891042
64,3636,5,2.5316965862677883,0.008051491349629791,415708,0.011733600957027931,0.007338759349269308
64,3637,5,2.55888699078425,0.010507314750999308,398993,0.011161164419116517,0.004699783686909709
64,3638,6,2.578116297817646,0.00619276769667132,298875,0.008185496398628074,0.002470778826784481
64,3639,6,2.5635926664709916,0.006171313975007031,299463,0.008309317502372819,0.003131972587092191
64,3640,6,2.5528380494053793,0.00671428460851442,296378,0.0082860950318461,0.004765826923539329
64,3641,5,2.6068904439587754,0.006277242959152107,440371,0.011797108623297936,0.003332940161387299
64,3642,7,2.5469359882509712,0.005981985772671616,215197,0.006165685863896547,0.0071489034868550405
64,3643,6,2.5541823716025673,0.007502904033846014,293008,0.008261130300406533,0.002466105617746517
64,3644,6,2.6081197002826193,0.004595644574697522,298609,0.00830115758738936,0.003918980043785103
64,3645,6,2.5211269732244745,0.0058508367470607725,302739,0.008500599528144128,0.0034381994667533333
64,3646,5,2.5517226059592297,0.007305612228960312,386824,0.011230349559233225,0.0014945142011187906
64,3647,6,2.470639768112812,0.009849585119972193,282442,0.008141643531483498,0.008330138790007657
64,3648,6,2.5007540534137616,0.010831996297587132,279995,0.008140444716365996,0.004516894122582105
64,3649,5,2.5220729083697346,0.006840537427171611,419265,0.012117230246796245,0.0034594167422431488
64,3650,5,2.558718352364347,0.007842624330359316,416352,0.011665712577443806,0.0029928138388508607
64,3651,5,2.556226000765719,0.00880133331382249,413851,0.012010954567763547,0.002555217069578397
64,3652,5,2.5735833233924397,0.00985085561436827,398818,0.011212393892962288,0.004510331422737046
64,3653,6,2.526041035145103,0.007696680109204546,295664,0.00825556626803277,0.003301432307002916
64,3654,6,2.58393960250051,0.004354741730546952,293377,0.008116721968360342,0.004569408875369052
64,3655,6,2.564201044334863,0.008819714721803096,299967,0.008334347920287529,0.0025190801139231556
64,3656,6,2.535206887673556,0.0067955342397343355,285956,0.008186137905832619,0.003778347695732931
64,3657,6,2.5322964904334992,0.007000373986536412,284750,0.00810142120123862,0.002249217108856283
64,3658,6,2.5074600422135416,0.009203344667953584,279002,0.008214907022641063,0.0021815260438829975
64,3659,5,2.5488119845233217,0.007297682546171913,410482,0.01156445871043785,0.008226015709929535
64,3660,6,2.5250771346041074,0.007900181827572905,283193,0.008032071219458514,0.006390378365645044
64,3661,5,2.584130491542734,0.008800091060297222,408559,0.011378797462925238,0.006878547263946766
64,3662,5,2.56967496975376,0.008094835705511949,402561,0.01130392513616779,0.00418774108228448
64,3663,7,2.5484327423254824,0.007924927476241184,223760,0.006119813286618978,0.0083159034068917
64,3664,5,2.5989602895475437,0.005460173056612949,413466,0.011562292941734506,0.0037479723717452895
64,3665,5,2.536981909327355,0.009364849034335487,375034,0.011048213035485588,0.004976204896734893
64,3666,5,2.5388874043889444,0.005574030938124475,427132,0.011561082276583598,0.005494636162457822
64,3667,6,2.5290481397947286,0.009419416277985149,290904,0.008242072780553509,0.0036509945097245033
64,3668,5,2.547200499492425,0.00849847697584405,418072,0.011882692434063551,0.0017292413612775004
64,3669,5,2.536344832537101,0.009535234595023923,440869,0.012155434409913488,0.006247673585419111
64,3670,6,2.546976189812542,0.008444329534120443,293935,0.008363959831253088,0.0028233515960959243
64,3671,5,2.528237564223424,0.007066679063384762,401196,0.01166209402601824,0.00673385936613996
64,3672,6,2.5638618609966404,0.00831027818521013,291208,0.008104324729589602,0.003316488191164535
64,3673,6,2.59728631932147,0.007091468970003012,285791,0.007929791444356833,0.007045892948320365
64,3674,7,2.5145649577167957,0.007423746041012147,220232,0.006294132908542046,0.004927070455048921
64,3675,5,2.544111961585906,0.006642161485296727,414617,0.011530275075053562,0.004244300614761387
64,3676,1,3.6091249908613814,0.011749837267257646,35598439,1.0,0.010649812054759789
64,3677,6,2.5336987067989014,0.0073328061347450735,290898,0.008149945002201677,0.003905337930750402
64,3678,5,2.5505474596852507,0.008790868541318497,399079,0.011617358172130974,0.0029696186255634416
64,3679,5,2.535177649909549,0.00814121755704822,448506,0.012303538977172344,0.00577606075485021
64,3680,1,3.6259345874099873,0.011821236724687378,35574260,1.0,0.00664918706725548
64,3681,6,2.5467315123504153,0.007330461845904246,283155,0.00779952197197962,0.0027522940706536936
64,3682,6,2.556035854062132,0.004751914297402293,302868,0.008514911426989881,0.00418302502722212
64,3683,6,2.519244265352567,0.007154944982065037,292845,0.008327204764271817,0.00293274264371135
64,3684,5,2.53890210111153,0.003619011224310964,444008,0.012344093982901958,0.008846415665661356
64,3685,5,2.5039896801885004,0.010899220458167935,393673,0.01125702110843368,0.005831942780310739
64,3686,6,2.5441326069138785,0.006056036820092814,303091,0.008506477281207596,0.0023369659624944417
64,3687,6,2.4946232113007247,0.00923028362080247,295925,0.008445169099296782,0.004111776691809316
64,3688,6,2.536251535772712,0.008374619591334453,299711,0.008301309237652581,0.001683678484323492
64,3689,5,2.57741373763009,0.0072156356120162135,409094,0.01140444814011101,0.0025747773433191234
64,3690,6,2.5402598269161354,0.01042376269759937,281773,0.008018730681203227,0.004134941755675303
64,3691,6,2.5020727050824485,0.00791843135512349,283825,0.008060347430012216,0.004052246472820403
64,3692,6,2.5025734921836156,0.009262650339104617,278773,0.008103920933420248,0.008511220431061006
64,3693,5,2.598770473936769,0.008226382102971608,397546,0.011224628463318361,0.004049726036057633
64,3694,5,2.5157709611839523,0.009460995319671317,402242,0.011607774711712404,0.003167950196176106
64,3695,5,2.567766017745214,0.006306260928366947,394721,0.011466436834986767,0.0057787452023068675
64,3696,6,2.581683252428681,0.0064235729789988705,280421,0.007969908968798579,0.005169119284514356
64,3697,5,2.5570445009936296,0.00922884280445535,418463,0.011666433177976231,0.0032619049907325337
64,3698,5,2.6134967200682224,0.010337582319457639,397254,0.011162215607663353,0.008847389016298113
64,3699,5,2.5191943697145196,0.0085697495671897,418552,0.011950963564854176,0.006614161437268229
64,3700,6,2.5598675885042135,0.00574809800270748,283194,0.008063821487811712,0.003861802233799838
64,3701,6,2.5395995736916506,0.005192759712170036,287219,0.008268906155966128,0.004974186555100513
64,3702,1,3.6464777906511125,0.01112523995382364,36040643,1.0,0.007498740479374155
64,3703,6,2.4998726752058533,0.009322665355130377,287517,0.008161818251341149,0.0027868405203405056
64,3704,6,2.5760767247797918,0.006502780643943162,312421,0.00848047235118891,0.0020400427622575545
64,3705,6,2.5443737545936354,0.0052308475606531735,320166,0.008627048572396533,0.005224576750895715
64,3706,5,2.570739871007813,0.00826540825083899,410594,0.011449272040407766,0.003139941910542954
64,3707,6,2.535764724448349,0.010172891480452417,297855,0.008190893199640547,0.0036933917479851086
64,3708,7,2.4824923864709554,0.009440237017514286,233841,0.0064727569760584585,0.008018777145647193
64,3709,4,2.57692561967824,0.010688584646073418,604035,0.017069859381898905,0.00782748829862212
64,3710,6,2.51226255218163,0.005637390465329739,306660,0.00872593719527618,0.0049314900669007455
64,3711,4,2.6155067070244553,0.007712263706542599,632900,0.017725498433370093,0.003222283178168195
64,3712,5,2.5305330152956125,0.008373188584924196,395482,0.011487156643644544,0.005563159146072805
64,3713,5,2.5460151105993143,0.010081281753883065,410489,0.011321677898320334,0.003551577251503013
64,3714,5,2.5929753856662416,0.006054776662638872,407663,0.011322087723621112,0.0028179059979860366
64,3715,5,2.5576095772655902,0.005122167701556712,411938,0.01176887938805644,0.004694287532899022
64,3716,5,2.5272252107111486,0.008730869010647457,414520,0.011616073145727717,0.004556178697121105
64,3717,5,2.574915543123306,0.008480142284776115,422010,0.011710413877011102,0.003071659565579199
64,3718,6,2.5043785011172806,0.00622499671705834,317610,0.008765611667257922,0.0025377054124723353
64,3719,5,2.524780616399097,0.0072440196696469394,409690,0.011662000281978507,0.006487383466183938
64,3720,5,2.54588501319399,0.006110571002652443,407177,0.011687283890000372,0.002780675122584786
64,3721,5,2.570434803646326,0.007048933187954187,413169,0.011425630186545428,0.004689756398565059
64,3722,5,2.563646563766642,0.005896739876867896,385605,0.011295547658083402,0.004574082254518608
64,3723,5,2.58601479378732,0.0046382955758182964,403484,0.01138520266774765,0.0038607449739896937
64,3724,7,2.549297151357393,0.004976989562519907,211978,0.006108462043149122,0.003954788395566566
64,3725,6,2.5620103344449725,0.005624892609729204,292472,0.00809017986896969,0.004435769972782055
64,3726,5,2.533800119955179,0.008952840047626198,409591,0.011712144393782842,0.003001968880731898
64,3727,6,2.5370937302290417,0.005584008091865322,313629,0.008753161319661543,0.0033613980012359157
64,3728,5,2.5594370879240733,0.009678113646225728,427279,0.011932645409837536,0.0042499016551741375
64,3729,6,2.5193196747050783,0.00965436564059785,299618,0.008343537958839868,0.003202918950386935
64,3730,5,2.5217261871537042,0.006933128064540051,413289,0.011746202291755579,0.004865394511729515
64,3731,6,2.485050773243354,0.009726026575390678,278495,0.008095610027957827,0.002194670691457623
64,3732,1,3.633683506863182,0.010928985881146103,35855868,1.0,0.008276387427667953
64,3733,5,2.5847047597844823,0.006843809641483567,399627,0.011366217804398162,0.005534754744124237
64,3734,6,2.5316070335910816,0.007489553402295179,288773,0.008122267531724035,0.0028373696763753786
64,3735,5,2.562967203791996,0.007630714045963161,427277,0.011867139870617605,0.002377561336181999
64,3736,5,2.572547085587893,0.008763762000206454,409605,0.011297401654161024,0.005432158085000305
64,3737,5,2.557053002455378,0.008101486527485213,415186,0.01170066832458027,0.008012955634348007
64,3738,6,2.4974893522004273,0.010663481808782405,303867,0.008556074234919,0.003691151545276883
64,3739,6,2.5160506301981367,0.010126560303627907,303801,0.008379521454772812,0.00637717744770705
64,3740,5,2.540612257199882,0.010007020184063076,413910,0.011771932522944902,0.003154212709506665
64,3741,6,2.5302139429212773,0.0069406523998472025,284471,0.008395663346859058,0.0035419175232439537
64,3742,6,2.563757999256018,0.00699130756916666,298191,0.008350641414147354,0.004193419117768049
64,3743,5,2.554286909742231,0.01036290730875411,386547,0.010970190394091292,0.006001080315496732
64,3744,5,2.6051185112470954,0.00783406323184832,411510,0.01141556121502117,0.003432073407684866
64,3745,6,2.49614012231622,0.011888202357192235,308416,0.008614929473672714,0.004732155928234394
64,3746,6,2.545680582223289,0.007532209968096448,280431,0.008088523895657809,0.0021695776828367652
64,3747,6,2.49572462624476,0.007112334613715299,300208,0.008444513178912188,0.0048873968816396385
64,3748,5,2.591582843605015,0.00521937977421727,409326,0.011629617290565615,0.002915217531573977
64,3749,6,2.5008835928336457,0.005350246720176255,313200,0.0086535776423604,0.004347528672678069
64,3750,6,2.5341697894612185,0.009794070525844745,290059,0.00816318684978843,0.009459422394090367
64,3751,6,2.478009962509618,0.00766437197963854,291062,0.008471190046172703,0.006543222044766539
64,3752,5,2.5385880618265015,0.006070082892830897,402775,0.011477653860689222,0.0038557226217321716
64,3753,1,3.6433612481184525,0.011460978652151566,34878715,1.0,0.01001452047223128
64,3754,5,2.5961075465923416,0.008753082971302895,410693,0.011356796075696894,0.0022511294768406964
64,3755,1,3.6246129812780126,0.011910990526427745,35042053,1.0,0.0044228847384094605
64,3756,6,2.5514451470500115,0.007697682756421853,283892,0.007885041903971038,0.004785624576801206
64,3757,6,2.55568949767216,0.008513791385544534,308938,0.00858829471290769,0.0014852268226042131
64,3758,5,2.558407367461353,0.010424591874554023,426832,0.01179421456461376,0.005045029921160626
64,3759,6,2.5701137704071644,0.007401721443315967,300588,0.008233124051345192,0.0035555985062858675
64,3760,5,2.5637497951873987,0.01101655670739865,392166,0.011212100557874664,0.008911054047309186
64,3761,6,2.566796844790831,0.004781861187086789,282664,0.00800789343992091,0.00476516784020431
64,3762,6,2.5475273544880594,0.00930117723485846,292490,0.008129212031189338,0.0028521245175662235
64,3763,5,2.6025298629087685,0.007883648177167801,411642,0.011443937433737022,0.007117057971496865
64,3764,6,2.5578451645664932,0.008337732321608948,298270,0.008217575229852827,0.0031225749425741745
64,3765,5,2.5639385519434743,0.005717644518569265,410147,0.01165060463146097,0.002457719669749281
64,3766,6,2.470253643588525,0.007940699141172125,285489,0.008319295620207279,0.0023723189134416955
64,3767,5,2.5227195567671488,0.011846554284534516,406397,0.01173855661365098,0.010175257847145902
64,3768,5,2.5371850965639426,0.006466668919852259,462140,0.012609361945112632,0.003909848150964179
64,3769,6,2.527171755097616,0.009067681495013247,308159,0.008487922024565475,0.0028318236217355075
64,3770,5,2.5692691995110306,0.007116382674419386,433763,0.011925315642991137,0.005166076857054058
64,3771,6,2.557309861772981,0.0074022664082248335,301865,0.008390269072300541,0.0055857227846557445
64,3772,5,2.5404020975490105,0.006979734748745137,403884,0.011474364858517522,0.001976931865500242
64,3773,6,2.5756869057422254,0.005038742196988855,284361,0.008076395915600653,0.008765832300499099
64,3774,6,2.5018652177479437,0.006821879972309236,281759,0.008158231570788864,0.003582970088245402
64,3775,5,2.5872550055561825,0.004797753197641419,414568,0.011566650476942142,0.008554022848343279
64,3776,5,2.5391728338272994,0.005796088629814289,425460,0.011853927714778886,0.002211845938333512
64,3777,1,3.641970227550138,0.011376132375121917,35291726,1.0,0.006358377549923189
64,3778,6,2.483608637645467,0.00692253560713918,288603,0.008315321312949656,0.0016137409022737303
64,3779,5,2.544429536539872,0.011135514528354484,420868,0.011748318430713986,0.007031873820940393
64,3780,5,2.5152152713648004,0.009913051042414023,416619,0.0118177117976487,0.009402072506450643
64,3781,5,2.518834106579375,0.009927214211454038,407397,0.011518852788457991,0.004638200395845171
64,3782,6,2.5318261206521,0.010130123823864468,307713,0.008521525219339694,0.002890403403922215
64,3783,6,2.51947733828453,0.00849180028910701,286612,0.008114767567792846,0.0036761930612596583
64,3784,6,2.565860311859739,0.005841143937412752,310512,0.008499815379100247,0.0034618442749283496
64,3785,6,2.543668764299336,0.005735209328183943,300657,0.008431940191802332,0.005686677971321608
64,3786,4,2.5577884060512144,0.009795898762968436,620753,0.017652352287209138,0.014765773936190663
64,3787,5,2.5670623547794196,0.007013506239918699,419600,0.011779229283006792,0.006486238184419957
64,3788,5,2.603446239396233,0.008354319971669244,390535,0.011120933801348374,0.003921795095249259
64,3789,5,2.602257309652338,0.004387830347100552,404475,0.011228167325190571,0.004226941822431163
64,3790,5,2.520270523276468,0.00910838933090985,421669,0.01207472481806688,0.0038182165435813875
64,3791,4,2.552392513914922,0.009741953486208987,630069,0.017733114112251154,0.009883001083975662
64,3792,6,2.58488005321278,0.005146619889871862,300018,0.00823993560492165,0.004209005796636078
64,3793,5,2.5568783207676287,0.010170688897722546,418768,0.011822130862526202,0.0062006914162231475
64,3794,5,2.520396038766804,0.009512362162927501,403429,0.011692062373277473,0.005174154107610018
64,3795,5,2.5461812809570943,0.006706793907025499,407091,0.011633438619566401,0.004401141368352346
64,3796,6,2.52508460468672,0.008861328706698979,289896,0.00829687005631446,0.0039118657331201345
64,3797,6,2.526026528558203,0.010616774420993957,290136,0.00814071858446401,0.004982598276341649
64,3798,6,2.5102299637349335,0.008308036494959259,289870,0.00822833153042595,0.0013900001227581393
64,3799,6,2.501227925968346,0.008676149213085904,296866,0.00830922709739647,0.0026984260774239877
64,3800,4,2.6300577704492767,0.005945236643313367,655791,0.017782803743974222,0.006908573951980801
64,3801,6,2.515121528942955,0.007716000656457389,290636,0.008288657319420913,0.0025928692285198396
64,3802,6,2.519567355016686,0.0077812128546939086,271672,0.007996635238937273,0.0044795349894717895
64,3803,6,2.5217406090582952,0.008434094603600006,301387,0.008594652161933425,0.0017155486076503301
64,3804,6,2.5575132321087835,0.0072410980142106895,297175,0.00843799609695653,0.002985815058690666
64,3805,5,2.6039095713693845,0.005580340101593362,432055,0.011927033843536518,0.004271173914410009
64,3806,6,2.5362637556971577,0.009429272214567797,288809,0.007885333136752206,0.005650633055465426
64,3807,5,2.5791986200555708,0.008090627462521316,386499,0.011239433560163041,0.0034451433723350355
64,3808,5,2.538392868934267,0.009878436328185525,435509,0.012179731762263373,0.007367534394821906
64,3809,6,2.5956599447795714,0.005878877415742001,303383,0.008311316288481954,0.0051704717823402024
64,3810,6,2.6189398630782654,0.0053476758782154965,292059,0.0080416138835858,0.006118439933892161
64,3811,5,2.528212115931608,0.0072816607744410344,441893,0.011961160665104121,0.0060977228151690155
64,3812,5,2.571833362689471,0.00921537490512886,411039,0.011388055329393736,0.0034105940627098263
64,3813,5,2.5789789566692383,0.00502269800767996,399895,0.011449846083684217,0.0047397573408601845
64,3814,7,2.5058941110587365,0.007514380147714439,223064,0.006118665418634181,0.004646593956974282
64,3815,5,2.5601674880647556,0.008618409713162745,449208,0.011998565967191932,0.0064287146200628364
64,3816,6,2.5361636285767433,0.007949042903400816,289072,0.008189478755621463,0.0021470391879855333
64,3817,5,2.5433761952086047,0.007765471774536348,426383,0.011928260291507084,0.008405121627534928
64,3818,6,2.5632740921226995,0.006602010325044927,297882,0.008407208961119177,0.0025024775329230975
64,3819,6,2.574787711398369,0.00480910562779735,296958,0.008202512831980823,0.004397864733337586
64,3820,5,2.52936809006393,0.007582434724975218,429766,0.011930743577876109,0.0066409394641670505
64,3821,5,2.5614949573072567,0.004681899198530792,421925,0.011851611781281591,0.004991093994232837
64,3822,6,2.5418148601520656,0.007941397712463938,300536,0.008427826082957396,0.003325453789161381
64,3823,4,2.6054680403410035,0.007879539654512324,583978,0.016917084190143022,0.005918274155583325
64,3824,6,2.5142410486199993,0.007360677639689728,303429,0.008434445976157261,0.003332727152452586
64,3825,5,2.5239904841545635,0.00843111287638676,423744,0.01192456141264224,0.0021340639365301506
64,3826,6,2.55889169498744,0.005415091670382677,292245,0.008195056965523612,0.00289290997404279
64,3827,5,2.560961818418894,0.006305502718242373,430275,0.011850010633406788,0.002485525231068708
64,3828,5,2.582812034409298,0.009368594606751879,417639,0.011640729394174732,0.0039423175547415035
64,3829,7,2.4905218111217167,0.005828846760548179,216625,0.00623557559882323,0.006185743181190473
64,3830,5,2.5628653769063288,0.010747023966335645,394244,0.011452569590488515,0.004940140612214594
64,3831,4,2.586397761263613,0.007301043819518627,626407,0.017771451922745207,0.006601817368540708
64,3832,6,2.537172248307715,0.010261593519618972,294156,0.008126334505317578,0.005050290157235182
64,3833,5,2.5517818319489955,0.006778291203559328,429849,0.011719258318218585,0.0029501100942109504
64,3834,5,2.560639640367991,0.005032069742739953,438226,0.011974897927703178,0.00548348904964463
64,3835,7,2.4789230092883137,0.010149873099667694,215951,0.006290652369818618,0.011197123743192927
64,3836,5,2.5360717367341294,0.005928014791837466,413364,0.011590520539888266,0.00407570297053339
64,3837,4,2.5963385115879922,0.0073885156845986955,632963,0.017704465383117658,0.004397006451924701
64,3838,6,2.551783113954017,0.006262640343253856,300907,0.008288290958354249,0.003385677452460212
64,3839,5,2.554082975204535,0.00480053028366112,402876,0.011619728272517636,0.005035653464574408
64,3840,1,3.64105290291674,0.010779327131182126,35665081,1.0,0.007972708027169428
64,3841,7,2.5655771732893635,0.007526968944135515,219811,0.00611062502227431,0.005414462592551017
64,3842,5,2.5345821427341177,0.008152586606644863,418508,0.011783642162096231,0.0066837105319274
64,3843,1,3.646319499172969,0.010904557940123571,34802457,1.0,0.006393106671580273
64,3844,5,2.5498771210076216,0.00672938218494451,413801,0.011799817408389953,0.0036208508636787484
64,3845,6,2.515407049446728,0.008481862899484938,296782,0.008488742323986779,0.003603753083018857
64,3846,5,2.5438884400825326,0.007175116776779233,392244,0.011504964809228047,0.00298973756241111
64,3847,6,2.494862319731701,0.009911043718009105,295043,0.008313620244992324,0.0035297268957307504
64,3848,6,2.578231695927689,0.005286840366740209,305446,0.008356989207536924,0.002725972322700221
64,3849,6,2.5521228599520374,0.005065936166533613,284156,0.008153362734171814,0.006164627735457784
64,3850,5,2.570155839744904,0.007587368790280435,394359,0.011360960430535283,0.003659704282589382
64,3851,5,2.6106631971756684,0.007386801713325619,393488,0.011191652700850003,0.001440301776394315
64,3852,6,2.512692292197385,0.007705785984426838,293634,0.008240161906045306,0.0044908671154855195
64,3853,5,2.5029717678674834,0.01101673445131024,384734,0.0110715826941045,0.0055525060674267435
64,3854,5,2.6082921706183395,0.005444396745722835,427657,0.011733618165807454,0.003150442210243465
64,3855,6,2.504923017443018,0.00839227836862988,297321,0.008409026668901374,0.008123589935686737
64,3856,5,2.548330910448885,0.008116645443390968,426677,0.012015970978978746,0.002719397577898408
64,3857,5,2.5839547017007836,0.0076031925499385755,407095,0.01145471101668604,0.0025048036929956607
64,3858,5,2.5658233586893706,0.008313948675057026,391980,0.011205096109040524,0.0026084539105049043
64,3859,6,2.592409952003944,0.00629592136034185,289650,0.008072314111313603,0.004109168886828218
64,3860,5,2.557233183104822,0.006195246983576652,398552,0.011494743506562426,0.0017972106889410089
64,3861,5,2.5865686128905083,0.008406253765734895,404765,0.011417335727833891,0.003050272858002523
64,3862,5,2.5369222561293796,0.007904986003835046,415747,0.011845802468372477,0.005105546794049398
64,3863,5,2.5381262388755235,0.009832997112423358,384993,0.011201632616721316,0.00424006692379747
64,3864,6,2.5397172900214566,0.006935870652542975,310324,0.008563437803977841,0.0032006142844970276
64,3865,1,3.651182059013411,0.011029161756419326,34521225,1.0,0.008826232576018611
64,3866,1,3.6090342981111587,0.011430839257556169,36218111,1.0,0.007078325843109079
64,3867,5,2.5273972413893073,0.008533984863535182,418106,0.011947370943170678,0.0023300800555031698
64,3868,5,2.565604528175486,0.008537350210150119,404122,0.011207715502707593,0.002796567868501354
64,3869,5,2.594043285105263,0.00607907283802922,424847,0.01178682249741186,0.006326974187974899
64,3870,5,2.55546128565308,0.00818271002422799,407117,0.011706094131929159,0.003578186728217303
64,3871,5,2.5479397894600986,0.010752692523612883,404686,0.01145815746397372,0.005059526298442529
64,3872,6,2.5750171374509683,0.006869038784707238,274188,0.007828192714100377,0.0056761470951837145
64,3873,1,3.6093471499649916,0.0121813585657502,34372185,1.0,0.009817119353368597
64,3874,1,3.6532498529534148,0.010765635018493369,34629056,1.0,0.005624117837569664
64,3875,6,2.4772085636800076,0.010625448287295391,303291,0.008602398855634274,0.004717434803582887
64,3876,5,2.576223442949779,0.009368366471261824,398764,0.01135567019894635,0.0031855733260368613
64,3877,5,2.583005174395124,0.007757729694227944,412266,0.011459513117040604,0.003683367420810102
64,3878,5,2.541947662738057,0.006417248380051921,402967,0.011476879826202456,0.002120484322123861
64,3879,7,2.493685004129486,0.007196925385303143,222318,0.006429623548112321,0.005141687725539024
64,3880,1,3.6290764114089655,0.011449283104469687,36234761,1.0,0.0051858357437894465
64,3881,5,2.577118263537734,0.004379752104738954,426521,0.011762703376849332,0.005224459216161992
64,3882,6,2.530075728842291,0.00888158219666113,302012,0.008424463155679622,0.0021388365275518684
64,3883,6,2.532191840212203,0.009995872747712298,296282,0.00834193644860192,0.002690120184665634
64,3884,5,2.552574151820793,0.008168385508304843,414981,0.011764933353704137,0.003049408535206799
64,3885,5,2.5355179830549317,0.007121179661808141,391507,0.011419945179992766,0.0033472763271693573
64,3886,6,2.601912058278249,0.0052138628936427844,283253,0.007869729230004119,0.003670711894553813
64,3887,7,2.4635629433830752,0.011413465021236524,222692,0.0064074822285246896,0.009811325907611856
64,3888,5,2.52756507309737,0.009399184427595464,425933,0.011836087967749423,0.0035293766006297966
64,3889,5,2.554059747603363,0.009544249245516667,395755,0.011310728700102026,0.003403035966170753
64,3890,6,2.5823457477453164,0.006453363862718997,296794,0.008144098801989274,0.0036764470948879024
64,3891,5,2.554889854904777,0.007205001620607165,425493,0.011799515637860003,0.004163566841669075
64,3892,6,2.525007242517502,0.008045621958737037,290544,0.008226481248813287,0.005083828927370915
64,3893,1,3.638213648987352,0.011510848856487232,34017339,1.0,0.0076560052326717365
64,3894,5,2.5235668302533365,0.009930351226160594,397513,0.01115494776470155,0.003943726408833115
64,3895,6,2.5027253073257447,0.009775473169566173,305159,0.008507973281820652,0.0035682299010929563
64,3896,6,2.5232179801680963,0.009870956965659983,295411,0.008272434909786772,0.006134638226278799
64,3897,5,2.5580210961756147,0.0062708795691356345,411189,0.011798085852824295,0.004124106533068939
64,3898,6,2.5158920746248623,0.0069280861112143155,305939,0.008431174901593945,0.002143603065051458
64,3899,5,2.516369648374826,0.009364612686367846,421780,0.011889977257719302,0.004209413523537486
64,3900,5,2.533896855660277,0.007875721308381878,435462,0.012145905160457503,0.0069052328472787305
64,3901,5,2.56808158006779,0.008971419042654971,435243,0.012227225593819389,0.004401897397043997
64,3902,5,2.584854855077974,0.005068843413170376,403480,0.011169032713545397,0.006938710000362391
64,3903,5,2.5162029469419864,0.010509439772404872,405308,0.011376526980193782,0.004730129429451058
64,3904,5,2.5903582379258845,0.00981366016489188,410052,0.011444970350121441,0.0068439962620738815
64,3905,6,2.551043865700747,0.0065847222385060356,286421,0.008028112028237598,0.002024951732806146
64,3906,6,2.522990049414998,0.005211870967588794,301123,0.008279138582249036,0.0038607912600747696
64,3907,6,2.458718574130823,0.009396135615824863,272150,0.008035246787923752,0.00649809408907448
64,3908,6,2.5642345249582967,0.004248452219318022,309085,0.008636379677475499,0.004619614393866711
64,3909,6,2.534212176396194,0.007379988192374509,299721,0.008404534126158781,0.0034393479974836882
64,3910,5,2.5189929312086865,0.00928107174699655,400749,0.011450867867941661,0.009675118457672438
64,3911,7,2.5522778833353468,0.007102398810324817,215401,0.006031032739284033,0.006725311350516683
64,3912,6,2.556232861864353,0.005006820247447807,302544,0.00837146569382523,0.004595337425494339
64,3913,6,2.5295976935676174,0.0073706631557971525,304755,0.008391531100114844,0.0013976881567796529
64,3914,1,3.6167124908519406,0.011314292454150832,36183027,1.0,0.0065778903789345256
64,3915,6,2.5249039562124724,0.004971660117333521,308769,0.008547832666020532,0.00479954128190796
64,3916,5,2.542895482671503,0.005572743125533464,405949,0.011502338937461208,0.0038834302061017123
64,3917,5,2.555175998000382,0.0071497662108801485,417876,0.011738522828103183,0.005529655658511157
64,3918,5,2.538995412378384,0.007698037008299852,405491,0.011343738285337019,0.006932803090679007
64,3919,6,2.5463083531966997,0.007629117868366397,288024,0.008199465672822405,0.003360311471961752
64,3920,6,2.5424859381896208,0.007257869332584654,291319,0.008372624814243605,0.0019364900530501883
64,3921,5,2.5724951247284267,0.008363627615499025,406566,0.011322611692729974,0.011809898499130611
64,3922,5,2.596279188360409,0.007980752089145393,407373,0.011404997618202059,0.006771287697201145
64,3923,5,2.5543711136123783,0.010896108651759051,415611,0.011631104814609826,0.005536772524570965
64,3924,1,3.6512437860606055,0.01137274226371121,35135746,1.0,0.014425742126491503
64,3925,5,2.5587376116113605,0.0067214900855319115,393480,0.011274029192996636,0.0037373373385383157
64,3926,6,2.5368394970268224,0.010465474286660004,286966,0.008023629732999563,0.0055601518421076745
64,3927,6,2.54477810651166,0.01036048347113111,284085,0.008177936656074993,0.00838252432583314
64,3928,5,2.5420927791935997,0.008935153522603656,403778,0.011489007894584914,0.003947067378264335
64,3929,6,2.519947286364414,0.008885110346630531,280522,0.008123192260910489,0.0066428142860926465
64,3930,6,2.5235300123392292,0.006404397630641601,299989,0.00848065909123805,0.003210903721442837
64,3931,5,2.5693508449711078,0.008349531873466098,411173,0.011600877537615253,0.006383526498475289
64,3932,6,2.5439002744723114,0.005952205367298569,281264,0.008036246309760802,0.003593046054360949
64,3933,5,2.5438580028751647,0.0067346298094072,403005,0.011713051810864752,0.0030718676496139796
64,3934,6,2.5559511836168736,0.010036300201748505,298465,0.008309272130423153,0.002664924629753429
64,3935,6,2.551844306599695,0.009333423407371977,288227,0.008113593860955037,0.0066446013877198284
64,3936,5,2.5630436454890493,0.008671420222583048,403145,0.011312958101211135,0.0034653969109624816
64,3937,8,2.4643803928673846,0.01067648926325604,176215,0.004965502837224891,0.012845279139133914
64,3938,5,2.556793936458175,0.008637950193581156,393596,0.01127967363812605,0.003063758754075052
64,3939,5,2.5355555185699576,0.010445289406721292,433918,0.012081846983003392,0.004316355173975106
64,3940,6,2.5536566752491043,0.00782123867966178,259810,0.0076752538954845545,0.0017270229036685514
64,3941,5,2.56887332807707,0.0073700523445999755,418284,0.011839472016905024,0.007102240770643753
64,3942,5,2.515271445415635,0.009684189883113259,410316,0.011729156410963209,0.005589844867646576
64,3943,5,2.6003827805480575,0.009075134964781628,403439,0.01135668179139995,0.0037059030314884334
64,3944,5,2.5125382223889567,0.0075072059813399705,414508,0.011653188025803063,0.005256423421402923
64,3945,5,2.5712302978987145,0.009382818118647052,420605,0.011440218537671857,0.002364186404397839
64,3946,6,2.4953702747273048,0.00828211327723749,274647,0.008101714157369898,0.002635215448881234
64,3947,6,2.5158170085756377,0.010499050959780654,282261,0.008204131413407903,0.003820642885917991
64,3948,5,2.5588877912878774,0.007469774525006967,423415,0.01169675246228083,0.003310296528555301
64,3949,5,2.5372496368181414,0.010994373060232654,417647,0.011761467999452995,0.0057531846401756015
64,3950,1,3.639605641759077,0.0110699955078013,35291985,1.0,0.009248728262674422
64,3951,5,2.521574550409408,0.005393463843942459,436322,0.012076165069061083,0.0039513625854893375
64,3952,6,2.6128426841536303,0.007402123879042932,306856,0.008329425216837015,0.0048961081970942955
64,3953,6,2.5454714858763547,0.005945762274133681,291310,0.008372190257341029,0.0028404867370545595
64,3954,5,2.5576875529199046,0.009336193233186019,411714,0.011546937799852237,0.0035673058591032536
64,3955,5,2.539372738969719,0.008475182921900859,404423,0.01158171946163188,0.0049203036363051345
64,3956,7,2.563166912057188,0.008241137067956927,208841,0.0058904751439159955,0.008592781371456804
64,3957,5,2.5400794092625976,0.010063781243513481,423231,0.011960349597567388,0.010365381600543566
64,3958,5,2.5218921709714444,0.010517125797933402,417992,0.011510822431783784,0.005761524556981423
64,3959,7,2.5297861304234814,0.008049686656575128,226029,0.006327179056320429,0.007512334401473364
64,3960,5,2.5673084041283363,0.006520900354216874,411345,0.01155939951203482,0.00614857571136479
64,3961,6,2.5465905517935803,0.007182193110438551,297956,0.008310729042524834,0.005583494403031408
64,3962,5,2.6179242501949163,0.004828189836385555,423935,0.011597466276359386,0.004206976242626503
64,3963,6,2.580583677841886,0.007664517056543807,310905,0.008438615056901652,0.004258324496384969
64,3964,6,2.5298446075244883,0.009578891234257592,291329,0.008251351771375849,0.005455744308488275
64,3965,5,2.571639881454473,0.0050451957852701845,395413,0.011464391275334196,0.0031072345594556072
64,3966,5,2.562239977193693,0.007723258282681944,406978,0.011390087563722518,0.007531878498226563
64,3967,5,2.5422983627808997,0.010813115710236354,387077,0.011066708225754592,0.006385742978913367
64,3968,5,2.5288420122568787,0.010322118683741888,411542,0.011731097216270964,0.004360954343747614
64,3969,6,2.5751506815591276,0.00798783474849718,267952,0.007698296377860078,0.004088527480906545
64,3970,6,2.5586941944634165,0.00833938447288618,290575,0.008246548163658399,0.0030238085588671915
64,3971,5,2.537281339964743,0.007650080479454147,403746,0.01159831140701709,0.0026276844746927486
64,3972,5,2.5185825298651054,0.010543696616556741,402361,0.011434575243643434,0.005403268266916839
64,3973,6,2.5201418304372902,0.009637559193689027,280200,0.008222528742755987,0.0029048556028344885
64,3974,1,3.6051011642801574,0.011874142782559494,36099844,1.0,0.010404793817527458
64,3975,6,2.5076703026417593,0.008292135399086797,300759,0.008873902040541027,0.004461984309213962
64,3976,5,2.544240145714718,0.006833624018510176,401946,0.011576444956026928,0.0025161355722942425
64,3977,5,2.6216439998773864,0.004002978199086127,406893,0.011167873342884422,0.004379257454151131
64,3978,5,2.552018855953394,0.006838995405117787,412169,0.011546278046826789,0.003565082543054876
64,3979,5,2.566220827217852,0.009131207464434077,412695,0.011344645092209138,0.003167236421072306
64,3980,6,2.512792153007259,0.010020640465154385,283603,0.008108077818655095,0.003717031677656246
64,3981,5,2.6055281838453914,0.007558065618501308,404658,0.011380169451914989,0.0026828683251681196
64,3982,5,2.5467209780244024,0.007131193676164271,418913,0.011788340097887744,0.0014778110432975833
64,3983,1,3.6622084166843787,0.011005979442225589,34434386,1.0,0.009548512971474521
64,3984,6,2.4960333013856384,0.009830235220523176,313979,0.008643672006977948,0.0034531731009355138
64,3985,6,2.5037837889833683,0.0103131124295478,293082,0.008180455348592117,0.004514762580904164
64,3986,5,2.5412175073151824,0.008570436890704025,413725,0.011752863326748492,0.0037213802064043344
64,3987,1,3.6443067681819037,0.011139623924051323,35721895,1.0,0.006684793705954317
64,3988,5,2.526873351806706,0.007281018386517291,419579,0.01195569038135945,0.0034218079479573227
64,3989,5,2.5972352391549878,0.00982877960224221,411223,0.011241361830122563,0.002876340649310888
64,3990,5,2.5247607842020496,0.00811556897772936,418940,0.011801263056840938,0.005280358442844635
64,3991,6,2.556891710043724,0.006512744730137188,292118,0.008097782137232567,0.005188159179469909
64,3992,6,2.538949908794004,0.0069673431914537565,305345,0.008327818637076913,0.0032659593158992917
64,3993,5,2.5372012170721026,0.009299912643285113,410199,0.011396480379322022,0.0038303359268925807
64,3994,6,2.6081854620673344,0.006826074709515684,295368,0.008161187712429041,0.003156183345380925
64,3995,5,2.521433417427556,0.008634175467187366,414592,0.01153149015622578,0.0032059896449947445
64,3996,6,2.507846232231619,0.011189443878630412,289472,0.008258666954174059,0.005747682687874067
64,3997,5,2.559678105622334,0.005140927615482904,430197,0.01219184278976701,0.00462598369590006
64,3998,5,2.5758993116046214,0.006854732829977728,395510,0.011217924036521687,0.004735767711054106
64,3999,6,2.5215582247879578,0.0069497293876887856,290914,0.008103700310223913,0.0035248246044984333
64,4000,5,2.5241328874382503,0.009743410834680999,408690,0.011613104847079628,0.0036950288146457844
64,4001,6,2.5172483750200843,0.007777302239600603,286240,0.008295535764847296,0.0031328990797601097
64,4002,5,2.5517860552987326,0.006223634157044744,410941,0.011771488392433782,0.004476163103284803
64,4003,6,2.529789444195268,0.006937083708838221,274476,0.007841310676696574,0.006129286799681055
64,4004,6,2.5308841404585887,0.010176868062000244,305033,0.008323982373622871,0.0025966170599329708
64,4005,5,2.5303844454938593,0.009526831914607237,394706,0.011401959859356204,0.0034681971935064393
64,4006,5,2.5437681396276193,0.009283680099938407,390930,0.011083283277158998,0.005127014755510473
64,4007,5,2.5852083255811937,0.009092903386599627,423900,0.011588689286162438,0.0033280859763078485
64,4008,1,3.600809438040082,0.012232043725320052,34954366,1.0,0.007892694239709064
64,4009,6,2.5673079891500707,0.010388627425791497,276791,0.00791768226114618,0.0034491439461881157
64,4010,6,2.4761790126376346,0.009274471163938536,295906,0.008457056600425925,0.004598087169352172
64,4011,6,2.5380936757143657,0.01075625444406747,276883,0.007766429137908218,0.008030925680496737
64,4012,5,2.5922936272897745,0.004163771494573809,421396,0.011674550017873535,0.0037387874646443997
64,4013,6,2.524035773876613,0.006704778770800113,310821,0.008590163147904104,0.0031298286483616433
64,4014,1,3.598381629340108,0.012025991190352192,34781369,1.0,0.006201150021288626
64,4015,6,2.5303300897438925,0.007277455573463376,285496,0.008060942368706232,0.00548330302284239
64,4016,6,2.5487561489284913,0.007261778791462725,290851,0.008184874359163265,0.004556051285625973
64,4017,6,2.5041626240319457,0.007648985888780824,277900,0.008116743006596408,0.005652616285966361
64,4018,6,2.53906692295013,0.008713490270179203,300245,0.00829238305487586,0.0036858027600915055
64,4019,6,2.533544765978529,0.006294980165948649,308971,0.008455611399452934,0.0038317216376688723
64,4020,6,2.507119487051359,0.011117020539957001,298285,0.008345409558909356,0.0055487626464398865
64,4021,1,3.6069821673440994,0.011795147069043166,35604991,1.0,0.008180391964241918
64,4022,6,2.4780718779894064,0.008081734726162026,298858,0.008650442361968064,0.0017185891781101859
64,4023,6,2.5624544667679534,0.007403200956467404,306396,0.008423997422619046,0.0020956536551859917
64,4024,5,2.533939236064122,0.009366140802077205,437877,0.01188333861901459,0.0034030340056318
64,4025,5,2.559808234804569,0.011303113841314882,425536,0.011700723615471245,0.00657527696221627
64,4026,1,3.6625867487699857,0.01077019461815798,35695058,1.0,0.009379524895844538
64,4027,6,2.5408280158145855,0.010504454031301624,278649,0.008079004452006976,0.003592427742319937
64,4028,6,2.5541318144518304,0.008493840057766322,298814,0.008275353645402201,0.0021893184001875454
64,4029,5,2.5220010995742546,0.007330717902709893,418186,0.011843737077340804,0.00875475440912521
64,4030,6,2.5258362133414227,0.00739931447468678,294132,0.008491131341663244,0.004782746643345964
64,4031,6,2.5617682612970563,0.008565656927720933,279830,0.007926573916243622,0.005994696240468389
64,4032,6,2.4750004253158586,0.008577083734647717,290292,0.008311557483347939,0.004348333855274167
64,4033,5,2.5163233682561557,0.009000220031502915,415697,0.011561243284550394,0.003223849841120896
64,4034,6,2.542817972549919,0.007641413667842906,283021,0.007989976626394339,0.0044025037837790715
64,4035,7,2.540962358899128,0.008852255613077786,227034,0.006260314529558184,0.0072250630492025625
64,4036,5,2.5276309482310917,0.009565008447051326,418568,0.012072709572634076,0.006270390772197376
64,4037,6,2.542256258555672,0.009903519033750197,280768,0.00808795489633131,0.005151859752335564
64,4038,6,2.57222911854365,0.00661050946185493,298064,0.008262293558737963,0.0025169469835507052
64,4039,5,2.5765556703375334,0.007940524408416971,431340,0.011567828563783042,0.007359042086775569
64,4040,1,3.6472532286225725,0.011288750018399352,34022609,1.0,0.007549032894017205
64,4041,6,2.5141403847859456,0.010644669958687403,263758,0.007652574654222918,0.005975548092818972
64,4042,5,2.5694049365515705,0.00715629943130891,426535,0.011639287342209865,0.002716010213757336
64,4043,6,2.5230172840271368,0.007042749654397107,294944,0.008322083455307923,0.004086142587113706
64,4044,6,2.530088700291429,0.0055549534801554445,290681,0.008280914264714575,0.0041881784483716045
64,4045,6,2.5060689403025966,0.00821015352517207,298819,0.008289634507232399,0.005049360199284925
64,4046,6,2.5613205704749546,0.004251911672058961,309005,0.008645571440642258,0.007161639512914819
64,4047,6,2.5186086759346162,0.010078342950049057,292516,0.008311905654886789,0.0035416510549889646
64,4048,6,2.52157145299659,0.008062213142854713,288430,0.008288721668646144,0.0024505102601523054
64,4049,5,2.558837154881915,0.008252396520224359,410025,0.011537976778170285,0.00842813746855492
64,4050,5,2.5711340771805813,0.0071858052329761835,410594,0.011362292345261775,0.0018138369832209622
64,4051,5,2.6073254806646506,0.00692350846408285,399799,0.011495802943157196,0.0018139671337073504
64,4052,5,2.5627863969889018,0.007523245440742232,417241,0.01169040385844043,0.0018376466486086929
64,4053,1,3.616609743755511,0.011962151187769998,33987791,1.0,0.010731778862802521
64,4054,5,2.518917810899861,0.009922683119879205,425908,0.012079745013540037,0.0048182009349522215
64,4055,6,2.5067313890194844,0.0063964506934720555,299274,0.008497242429415085,0.0023708780196767254
64,4056,6,2.559472194405539,0.008383764270704863,283080,0.007924755915110266,0.002700038274894734
64,4057,6,2.5094713435869656,0.010203378803598562,316764,0.008593119828994843,0.0025579337350489784
64,4058,6,2.5720122980943105,0.007702726114952818,298153,0.008250699870369983,0.0014337484870490247
64,4059,5,2.585853037521936,0.007369937853892838,397085,0.011234487030382613,0.007497229465788902
64,4060,4,2.5839510518208484,0.009433328481551151,621731,0.017371720695882522,0.0067186566671352255
64,4061,6,2.4816269994385967,0.0070589061906242145,289146,0.008304564218893017,0.003841019989059502
64,4062,6,2.5663216315809017,0.007506666162834352,293107,0.008203588557456775,0.0018452074008857011
64,4063,6,2.525489855943742,0.010223468584809048,281517,0.008054638221519675,0.00755118741788624
64,4064,5,2.4749700018269603,0.009981615064585503,435367,0.012353627572662727,0.004890795650084878
64,4065,6,2.5117916252338035,0.006093536434377822,288179,0.008236654910714528,0.004103752339460587
64,4066,6,2.5220274585536764,0.007679713309397873,304539,0.00836719415001142,0.003962826799706942
64,4067,5,2.5082056330891325,0.009369764661510183,407394,0.011683858021998672,0.003965052716636941
64,4068,5,2.5276064434436742,0.008719455784942653,427081,0.011902885634768497,0.0033791674389402893
64,4069,5,2.577787478721596,0.01071964178251994,416233,0.011512143740260605,0.0050162817006607074
64,4070,6,2.506785795572791,0.011414236133074573,303819,0.008617655149362307,0.007241942536564183
64,4071,5,2.58531716042959,0.008140759586267698,413703,0.011716127510644266,0.00513700575098841
64,4072,7,2.4738372028262967,0.008642860709750955,221595,0.00625751974728312,0.010497873785991318
64,4073,5,2.5567175345149735,0.00842421631032697,429829,0.011923301560812434,0.0022606384575902805
64,4074,1,3.648124169217086,0.011018701771073003,35411635,1.0,0.00529649724386283
64,4075,6,2.5777822469693503,0.006575039666884552,282386,0.007935786635911159,0.0029074195119491164
64,4076,6,2.5848986669013243,0.0068925669947078605,287319,0.007984524885351278,0.0024571534178010612
64,4077,6,2.4776163252446928,0.007601773294106051,276507,0.00795032909647588,0.0025376837657261897
64,4078,6,2.545851962235153,0.008009804991684688,313811,0.008666521032975537,0.0028952192766691365
64,4079,6,2.576585549864357,0.01045320536670541,282744,0.007989228567736716,0.008914601869273286
64,4080,6,2.5527918325761196,0.008239568273028186,291485,0.008176677155045407,0.005975024792204187
64,4081,1,3.630837138778768,0.011364396621571737,34999275,1.0,0.009937486603850854
64,4082,5,2.4889300411443727,0.010488133851211168,449277,0.012496747007831325,0.006048594196126467
64,4083,5,2.540818664532007,0.007973093233329731,418116,0.011775424078584387,0.003740046025218491
64,4084,5,2.5453439840198473,0.007923959204202524,419414,0.011861732674883023,0.002873720902817567
64,4085,5,2.513345990105727,0.009965378332380204,419841,0.011806332846287643,0.002950094422220051
64,4086,6,2.5386256530749054,0.008207220551448402,288235,0.008099746409244032,0.004280520196712323
64,4087,1,3.6587071806344955,0.011282788743600558,33858173,1.0,0.010743494727697533
64,4088,6,2.5632844923518965,0.008954321359310735,285568,0.007979717621587668,0.002620275544179984
64,4089,5,2.5398592823550756,0.010066579545608911,387142,0.01131297411772393,0.003807638705935368
64,4090,5,2.5698843446267143,0.005016878984020701,406556,0.011504937683379788,0.007864681555420305
64,4091,5,2.5505937655569424,0.007023547353819826,401714,0.011626499576604096,0.0017080960640053489
64,4092,6,2.523449028937954,0.009797945066533198,298314,0.008457368203574013,0.002910477367392028
64,4093,5,2.558306902841453,0.008387021522401839,404005,0.011405932626441528,0.002783009931690672
64,4094,6,2.5733381799220325,0.006563053364592619,309942,0.008495731767954923,0.0019918272433706585
64,4095,5,2.5096329842151137,0.010303701901225315,419818,0.011809702816141725,0.004221755217292511
64,4096,6,2.5695967566752476,0.010346863044127685,289061,0.008035659456791189,0.006172655973196495
64,4097,6,2.570903994710481,0.0071850784291513925,279059,0.008014480454115312,0.0055611530608356
64,4098,6,2.522137108494978,0.00722432720457955,298329,0.008375859452871181,0.005536632644556061
64,4099,6,2.533500721478617,0.00972459910816914,284431,0.008077472351587794,0.003981454939869705
64,4100,6,2.5188438049603623,0.006196234591052008,292644,0.008205854206979411,0.005184502700782634
64,4101,5,2.5735518614000927,0.006674145661983544,421083,0.011647050740374075,0.005177639634070141
64,4102,5,2.5228264814804198,0.007602410523306347,418560,0.011644139344649944,0.005112563737882492
64,4103,5,2.541875481832318,0.010279964631199068,403716,0.011495827837651287,0.00683465861503274
64,4104,7,2.5673220758186246,0.004102799817602976,211208,0.006069838491221757,0.004722366512109555
64,4105,5,2.566535089619917,0.006154176963769409,392496,0.011173697423267872,0.004970010742095243
64,4106,6,2.5693959777717224,0.0071831414291310125,297917,0.008280726112920701,0.007321021084105039
64,4107,6,2.556754582489988,0.006117642053486749,301793,0.008449613169248754,0.005303397584323188
64,4108,6,2.5128996983713896,0.006384217199317699,313910,0.008858380733378881,0.002804802191190836
64,4109,6,2.5530553052291185,0.00855949020447977,294986,0.008135971499028739,0.0021681391895943536
64,4110,6,2.560716809077596,0.006632810080766216,294675,0.008238732018951643,0.0041232203568076775
64,4111,5,2.6082914360743437,0.005945745392804236,403093,0.010994656765866778,0.003083856955450881
64,4112,6,2.5083499350703518,0.005785851627429728,297295,0.008507539071236971,0.0043173233001871925
64,4113,5,2.533958945703809,0.010574401261781108,377763,0.010882086403414025,0.004951249574802752
64,4114,5,2.5617754503274783,0.00662100366871976,410066,0.011540961822057218,0.002461892878219518
64,4115,5,2.5441914317558796,0.007716990228717413,393988,0.011303580676026355,0.0034313715168888814
64,4116,5,2.562982943500832,0.00455676796689275,419570,0.011741095920502955,0.00617818326211883
64,4117,6,2.544939861565826,0.007528700955149237,297065,0.008389760010754617,0.006330128239598554
64,4118,6,2.559297192042154,0.00821389175874121,284219,0.007998038501030277,0.00524525939299092
64,4119,6,2.543582318272943,0.006918956194438497,298975,0.008095189409155552,0.002421131155469408
64,4120,5,2.592289938333086,0.006523017746261517,411624,0.0114287307202085,0.0013838676156422425
64,4121,5,2.5728046050757354,0.010133780399427805,399249,0.011410683873649503,0.006564473635362
64,4122,5,2.575488423871782,0.0052295785563295505,406733,0.011507258377506926,0.006327553963962562
64,4123,6,2.5820869132642197,0.005117494454046301,284722,0.008075142771077862,0.004055765632810848
64,4124,6,2.549538888442254,0.006358098704027815,289397,0.008196303910090996,0.0023119495047939087
64,4125,6,2.5336339390236033,0.008344767390114471,294995,0.00817903189507749,0.004488009928264591
64,4126,6,2.532602158330919,0.006292234083144388,297357,0.008351940903523633,0.009400333885380419
64,4127,5,2.543945277866311,0.00796099516683979,413283,0.011557716838384451,0.0016651275519578013
64,4128,5,2.5918057237598164,0.007110868884420252,385181,0.011023113908553437,0.0014359802433381308
64,4129,5,2.6038829928129887,0.008164631164332636,411919,0.011530561464575208,0.003574444351749473
64,4130,5,2.504063293898263,0.01069891608863427,418600,0.011876506125962008,0.007649869857762059
64,4131,6,2.5251373743733088,0.008594390256801865,288491,0.00831102586322131,0.002241087517998175
64,4132,6,2.517905837107792,0.007253466269238507,290166,0.008212372729746608,0.003182804814002349
64,4133,6,2.5197818348051264,0.007733047672994209,291444,0.008467787345003905,0.0020213548228826816
64,4134,5,2.550689862567126,0.010570851717460195,405353,0.011352344189213933,0.00493495179861414
64,4135,5,2.529623872741695,0.010515450147686956,402223,0.01153199828985256,0.004751885821647983
64,4136,1,3.6301203378382376,0.011614535901085521,34838184,1.0,0.005167291638097593
64,4137,5,2.5642809347179427,0.0060317795184609,423607,0.01195678602160778,0.0037169768021894922
64,4138,5,2.5859938575630323,0.0070305645320472565,409283,0.011273686398466473,0.003601905784238524
64,4139,6,2.4786988274086066,0.008433932389174559,288919,0.008313838773815611,0.006234224522517651
64,4140,6,2.5875130947405456,0.006384118613092071,300354,0.008160010249933968,0.005642999837084606
64,4141,5,2.514510656544737,0.007028576153687127,424856,0.012059879857077469,0.0033072974539946065
64,4142,5,2.5190288056724506,0.01078696637604104,412765,0.011761534611492375,0.0053918846577124535
64,4143,5,2.5609382513865233,0.00854275670168736,397610,0.011126362525383475,0.0037221672333084266
64,4144,6,2.525857738001041,0.006349990634176184,300119,0.008397940354333711,0.002741487818691546
64,4145,6,2.54022569144837,0.01016633600626915,273262,0.008126274590714697,0.002849520815099038
64,4146,5,2.56646565854305,0.005905146285096308,403255,0.011548058054525287,0.002489984949762769
64,4147,6,2.5598992185722063,0.009145021712166357,289826,0.008017639437493266,0.004050846855873869
64,4148,5,2.553908466040311,0.0037812737611823133,431943,0.011951855557375012,0.003916108419139808
64,4149,5,2.592821905242098,0.007561847110850506,417336,0.011705776660088941,0.0021392436688372207
64,4150,5,2.559701160431375,0.0062049729681354915,407956,0.01162088030256288,0.0057091918132937125
64,4151,5,2.55317183627515,0.008310823757253338,417242,0.011473081119607204,0.002220234846325164
64,4152,6,2.5255210055619157,0.007098981404740967,291774,0.008271670632300549,0.0017136419573661188
64,4153,5,2.567527301053773,0.008829434325700825,402787,0.011368851981265627,0.003824802658245474
64,4154,5,2.551592351282295,0.007174331251196597,427633,0.01182679125692551,0.005808103815413024
64,4155,6,2.5479445934446296,0.005243326246560542,301779,0.008319605580246857,0.0067252380624855945
64,4156,5,2.5446905414251764,0.006940929203643531,419378,0.011654902305173808,0.0026366692850085527
64,4157,5,2.556792424754083,0.00966553237113621,421970,0.011931136276100015,0.0032501917398342073
64,4158,6,2.5022416924238606,0.01036256866817531,287816,0.008189836340711373,0.005764981083369425
64,4159,6,2.5339340024303936,0.009615245834415864,298311,0.008285440135486254,0.004848292801517162
64,4160,5,2.513193688305083,0.010312050143549079,408922,0.011709815401499062,0.005848177480696104
64,4161,5,2.53652395706279,0.008941313275216856,406439,0.011531226623773712,0.005681164573635766
64,4162,5,2.5830691986988676,0.005624889824813795,412922,0.01151822734190548,0.006688898153986711
64,4163,5,2.5339964303692266,0.010649562885198693,404367,0.011622362088370903,0.010257206570543353
64,4164,5,2.529908944004965,0.010047313831390792,415073,0.011673264463436302,0.0040045406212436685
64,4165,6,2.527414324612152,0.010358634112854204,310222,0.008504788250999462,0.0055151827757121685
64,4166,6,2.562636658249044,0.006592199934367771,298347,0.008341722904778451,0.006903794152721687
64,4167,6,2.518666658797131,0.005564236835165048,302878,0.008427656061323067,0.0032836626351839815
64,4168,6,2.5709605959805373,0.007502341932701384,298050,0.008128094293638744,0.0033161780429475374
64,4169,5,2.5226422317176427,0.007955511948837257,433677,0.01204263769689903,0.00749317817842321
64,4170,5,2.559422125657345,0.008795949146838677,426452,0.011694820396702244,0.0036612680652422513
64,4171,5,2.5462680304126355,0.01057697623567222,393872,0.011037361870094606,0.004323564791665735
64,4172,5,2.562349221206725,0.0059578257364686915,401689,0.011407376875832912,0.004584810535154582
64,4173,5,2.5569106993307007,0.00800225852712444,405085,0.011492926580829588,0.0012744233338283228
64,4174,5,2.5628482213316035,0.006049752778752526,412348,0.011646193725254012,0.0070334451633715656
64,4175,1,3.632103162906346,0.011204310432006204,35819499,1.0,0.006731000176045332
64,4176,6,2.5494395886576675,0.005814336228612271,285996,0.008151858129461583,0.003948704391926294
64,4177,5,2.5573606384853447,0.008608639403250407,425770,0.01176296989890344,0.008424282107387715
64,4178,5,2.5158698453807125,0.0078028729350818615,394898,0.011401768660320333,0.004611885633944546
64,4179,5,2.5446588319044294,0.00958183200125079,408633,0.011458528803338284,0.005964443822949694
64,4180,5,2.576934680464406,0.005479138740056788,414544,0.011629826426781951,0.0021257530995869023
64,4181,5,2.5811333372214667,0.005093830235847641,414608,0.011664559621573652,0.0037389489889363414
64,4182,5,2.524589487165281,0.008066551652839538,395386,0.011314052387519844,0.0044372903412707165
64,4183,5,2.5336715876280267,0.009014731744590554,413874,0.01174062243618724,0.0029303379994055634
64,4184,5,2.577964166274643,0.008854076393580934,377549,0.010942872950720248,0.005962541724850723
64,4185,6,2.5465028121518065,0.0076744640699862865,287298,0.00817391271196237,0.004864984687728502
64,4186,5,2.549282830051255,0.0072972211615998095,378606,0.010989682749780558,0.0036743888052186424
64,4187,1,3.627534648137335,0.011367938842830272,34838602,1.0,0.004820684576002376
64,4188,5,2.5162476982907522,0.009766850078427813,411671,0.011743775054093778,0.004682362338253476
64,4189,6,2.513535405358926,0.010373731838898892,283460,0.007929260234650829,0.006626047675776986
64,4190,6,2.5186079175924725,0.007184925160448219,293966,0.008491581962487131,0.0022941338572822767
64,4191,6,2.5290583406841605,0.005996525490674531,310783,0.008658186306056326,0.004176186407738425
64,4192,5,2.6014162750340364,0.00858153206641149,398383,0.011121024803735127,0.004510110290895097
64,4193,6,2.5164904647665827,0.006905088666320225,302426,0.00865248823910652,0.002427186828440786
64,4194,5,2.544893032180306,0.010134670658608957,389960,0.01101206484150926,0.004923495544193357
64,4195,6,2.5335884442261896,0.007817176647598623,301987,0.008610578328442581,0.0014879191732305452
64,4196,5,2.5643476148550004,0.00917789887111281,413975,0.011640106875006046,0.009419899242381402
64,4197,4,2.5740132539970224,0.010211951441850275,609685,0.017504371606883427,0.00788569698387509
64,4198,6,2.5333106513278993,0.004916212027560984,287441,0.008249204785624163,0.005735585973639545
64,4199,5,2.5743733651653584,0.0089689375628762,403666,0.011340220145219859,0.0072141346852372945
64,4200,5,2.565437668040393,0.0067077952214759096,408436,0.011684664202937976,0.0027932498946685036
64,4201,5,2.5575633817317227,0.007212643074077207,429417,0.01186295333908335,0.0023052674266611506
64,4202,6,2.5307103498429626,0.007852064854005247,311516,0.008600196516130282,0.0029785271394713875
64,4203,6,2.5511051112096785,0.0038481794588473006,298210,0.008583647996572644,0.006792551118039336
64,4204,1,3.6413084440561607,0.011402995693138074,35035145,1.0,0.0061151972404955846
64,4205,5,2.5250865087635854,0.010648994670084067,420068,0.011885830854713496,0.008685144884653717
64,4206,6,2.5087017710422326,0.007533419556451815,297820,0.008396147977442323,0.0020278174589950515
64,4207,8,2.5237605474825937,0.0070321744859020985,172711,0.004874035100582022,0.011416832999706805
64,4208,6,2.568817131765452,0.008625716155234442,269899,0.007741787622387531,0.005017157542502482
64,4209,1,3.650620202777137,0.011054917396270736,35396413,1.0,0.006426454129440873
64,4210,5,2.560550920769147,0.006513693874814708,391381,0.011258790747747435,0.0035011408593828564
64,4211,5,2.561395226070097,0.006680492044776831,435424,0.012145323589902866,0.006984627212911265
64,4212,1,3.650968640927487,0.011089679925459062,35623511,1.0,0.005898821760715212
64,4213,6,2.57664554428588,0.005509139925510831,292899,0.008230567273483633,0.005157512703661937
64,4214,5,2.5493030781462815,0.008301376933627758,410857,0.011681763753922927,0.006614599458560244
64,4215,5,2.5645134279545148,0.007413935543653216,409967,0.0114089691623022,0.005721375516656857
64,4216,5,2.5730181188220027,0.007617622319901152,415679,0.011615554295176456,0.007123591535507401
64,4217,4,2.5954224621117206,0.009823477991589558,649930,0.017876116174264146,0.010454548238759243
64,4218,6,2.5358395127142,0.010359962300145131,309623,0.008724623298835403,0.003894869543012658
64,4219,6,2.492745341719457,0.007220024170220496,291392,0.008345951895980808,0.0018660063437613283
64,4220,5,2.549833991381392,0.006985015918503035,391145,0.011336423290849678,0.004216186483267936
64,4221,5,2.5521125036931145,0.004450810735352861,404841,0.011760787839531122,0.00497430332635479
64,4222,5,2.506334048532909,0.011468861378363449,421410,0.011855524145070023,0.006164724784149533
64,4223,6,2.5440528668233635,0.009905121510949688,294234,0.008299968747543195,0.0027380559446087416
64,4224,6,2.541949506535919,0.008631437192538782,304886,0.008540830321121393,0.002713961053438907
64,4225,7,2.575960191568205,0.006043946368779363,211438,0.006073779306463443,0.005897036180615822
64,4226,1,3.6427677082173333,0.011155890629709786,35388127,1.0,0.009223842303414886
64,4227,6,2.5245549150461333,0.008750690533736338,296047,0.008417518852533128,0.001813745194353622
64,4228,5,2.517425498060565,0.009304730697581975,428213,0.012253858589156105,0.007233456175121611
64,4229,5,2.5610735260190722,0.00882835001047333,403858,0.011511573812325414,0.005725000390711554
64,4230,5,2.5043973991374324,0.01036112508791287,386762,0.011377375436974738,0.004464456367549441
64,4231,5,2.530163854926992,0.01143553223976379,427017,0.011933668325361895,0.005179752388613235
64,4232,6,2.5285891937202023,0.010981569190052443,284531,0.008096727855514338,0.005214747762661065
64,4233,6,2.561790573462235,0.005665622129092607,285062,0.008107161440647213,0.0025853387967352814
64,4234,6,2.5302213200387467,0.007593079725488727,288306,0.008234682951596267,0.008963498740099385
64,4235,5,2.5194008055277393,0.0075836116815301,402450,0.011863163734357102,0.0037307088135372646
64,4236,6,2.5106757306147216,0.006072788687795039,289396,0.008258182548078896,0.0036483647253160445
64,4237,6,2.5047596683086586,0.008602564127468959,327396,0.008925691808181322,0.0014536194434986438
64,4238,5,2.547475619265294,0.009417878024299609,403049,0.011502474629210868,0.0038720002116666707
64,4239,5,2.5454690763110346,0.006479389081701981,434647,0.011981196682410891,0.005765991118401592
64,4240,1,3.639125424651377,0.011455647094077204,34419505,1.0,0.006226026635372417
64,4241,5,2.5761146072018297,0.0068010960995908976,417367,0.011811553971551432,0.0029943502047169446
64,4242,5,2.5586100011707136,0.006513179377595046,405635,0.011362040083308836,0.005964453774088219
64,4243,5,2.559341764428772,0.008250026669335053,430801,0.011789607337475522,0.005796118053071564
64,4244,6,2.5178379404086213,0.008518405728469292,282592,0.00806926423045466,0.00240500881565775
64,4245,5,2.5405479819514714,0.00830932253923855,422566,0.012078984506155318,0.007711401845302057
64,4246,6,2.5064418094753305,0.006921682076562519,294420,0.008575462026973355,0.003044236631838504
64,4247,6,2.518946357433736,0.005386730732385714,300156,0.008582756824177527,0.004583943018754644
64,4248,5,2.506672412491419,0.008800505768969513,404794,0.011686865881410043,0.0026216433854361343
64,4249,5,2.57427362280125,0.005362056886856648,410100,0.01143108422035964,0.005484060785474476
64,4250,5,2.5151147365595983,0.01066341318705738,406855,0.01159526350208165,0.0031675256317561518
64,4251,1,3.6222991355538334,0.011929040618018028,34508794,1.0,0.006394794513501334
64,4252,1,3.6263904267452993,0.011760696851046637,34382292,1.0,0.010694354447797205
64,4253,1,3.6189432257357637,0.011520326135423975,36502139,1.0,0.007879135936101234
64,4254,6,2.5648366018039996,0.00622146300252957,305507,0.00828543170801929,0.004067462567236335
64,4255,5,2.571738684329206,0.009473755228018743,399947,0.011322321463882543,0.0032932783043850833
64,4256,5,2.54763110562071,0.007182922554331617,425016,0.011955481376227197,0.006690461398032921
64,4257,6,2.5092742466599707,0.008353925504157922,284809,0.008018674813397847,0.0053665044981805465
64,4258,5,2.5975805491606088,0.007432937732942846,397008,0.011456682320161704,0.0015060059595591868
64,4259,5,2.5639037309245465,0.00794920120253051,425464,0.011840819976171082,0.004324526967706355
64,4260,5,2.5443290874078803,0.007708946631209246,425539,0.011834872958789716,0.003623648591006945
64,4261,6,2.543770593331635,0.00873146603344388,286362,0.008007501877356833,0.004546167844109217
64,4262,5,2.5687766846962368,0.007742866102064538,427843,0.011770283444947212,0.006390811909793626
64,4263,5,2.5596119977251983,0.008896546205146127,411291,0.01145917048333933,0.005172567430640873
64,4264,1,3.6226786615184015,0.011642198192280406,35162957,1.0,0.0071119407812899604
64,4265,5,2.580787604690137,0.006686828516674015,453920,0.012120500072094973,0.0037177303539781548
64,4266,1,3.6267254049622673,0.011511988560740094,36542623,1.0,0.012118716611731417
64,4267,10,2.633813025558811,0.005963728201750285,129677,0.0035396791848591905,0.008202582669633973
64,4268,5,2.571698582714329,0.007906790506459926,411784,0.011627410864935937,0.003275316313298804
64,4269,5,2.574905439824094,0.00918102525258091,414270,0.0115245739764732,0.004049691981550252
64,4270,6,2.5118346356307124,0.010400438009817492,283257,0.008217154249767988,0.003037450550568921
64,4271,6,2.539524952525744,0.007597772001927572,309953,0.008562745893395715,0.0034611759745800663
64,4272,6,2.551394215451899,0.006686841887328265,301273,0.00839443434511261,0.0051885636534714785
64,4273,6,2.526901243379941,0.007171007811496377,297601,0.008238791032349715,0.00607232892356635
64,4274,6,2.601713574984972,0.007091599566919071,297369,0.008122466568973854,0.003117895093870393
64,4275,5,2.590644089164565,0.0075410772894867195,392292,0.011064820438953734,0.0026149945463227464
64,4276,5,2.534178234778906,0.00966593462351295,428948,0.01201506844223288,0.006278753138459714
64,4277,6,2.545076592989502,0.007366780571119724,287179,0.008232264529339606,0.004917890881360409
64,4278,7,2.5556266672810226,0.005946307290469965,235704,0.006415525820719499,0.006067396658671065
64,4279,1,3.623460805547984,0.011758378331821584,34511960,1.0,0.009250953083465907
64,4280,6,2.573345004180367,0.010005472788965686,286381,0.007943123462772584,0.007444899940650562
64,4281,6,2.5010441891718584,0.007722201751329649,283177,0.008334458125276256,0.0023814061868548952
64,4282,6,2.5299090811121374,0.01104108507023549,294765,0.008206596475973073,0.006110795717344297
64,4283,5,2.558754757144042,0.010220278367699898,399379,0.011403848764336297,0.006765917325834092
64,4284,6,2.491319326312423,0.00752299443569493,300033,0.00860142532302755,0.002187710001936849
64,4285,5,2.4938361769948676,0.010707404052790359,389364,0.01159476429229262,0.0057498866377806435
64,4286,6,2.583773993232273,0.005461750487927186,293354,0.00812596095414738,0.006253649886098778
64,4287,5,2.5557010596968306,0.00553967780063791,424468,0.011949222139892897,0.0039049736985358185
64,4288,5,2.545359560229179,0.008213373583160766,405993,0.01162963699667868,0.0035200215960707326
64,4289,1,3.634844327521339,0.01159669984034728,34727798,1.0,0.011321526815151972
64,4290,5,2.561749372858283,0.008112939566518373,385857,0.010876748088062486,0.0020333652634452193
64,4291,5,2.547712276113429,0.006802237215377094,408747,0.011856835901143982,0.004283995566184251
64,4292,6,2.592143991267059,0.005384471274433422,287712,0.00800473664777559,0.0030851262535346313
64,4293,5,2.5455731966271467,0.008671857274562877,403807,0.01137409181718698,0.004986920684621365
64,4294,5,2.5403474392487095,0.005828193892706501,433014,0.012143660637781824,0.006932331777960876
64,4295,6,2.548478311877582,0.007665117183955905,304002,0.008456076133335533,0.006013972231140641
64,4296,5,2.571458441480305,0.005298795122815947,395584,0.011319421499226451,0.004618221941571021
64,4297,5,2.588132387829333,0.00737646577403972,400609,0.011344850240438306,0.0047906819295932546
64,4298,5,2.5297880853936094,0.010572670542501328,390618,0.011290361181260738,0.004847267620682105
64,4299,6,2.540305947365799,0.006879910698147196,299289,0.008320584180411797,0.0019300493661635887
64,4300,6,2.5343119518954023,0.005764547081794191,286460,0.008353300216985765,0.002864428239749639
64,4301,1,3.6499521301885993,0.011770566684039863,34558428,1.0,0.012299977342203894
64,4302,5,2.559333612292413,0.008701033410122405,413632,0.01153403708196045,0.004994795057518819
64,4303,6,2.573510256351833,0.00700644790906213,286444,0.008010092284515824,0.003597344091900434
64,4304,6,2.590574211515377,0.007039832159112969,270738,0.007749735452522172,0.005203055497030262
64,4305,6,2.5092387631467643,0.007174049094569951,287246,0.008203461940561442,0.004392318999564659
64,4306,5,2.58046674202897,0.004791480756357824,433928,0.011736708757773209,0.003370423595653871
64,4307,5,2.5407096626450407,0.010821980532016329,401937,0.011439186087610066,0.008424890983898203
64,4308,5,2.5891308549751653,0.004161571144046028,381091,0.011154240950758322,0.004213468456256586
64,4309,6,2.511858356874089,0.010900070037030307,291541,0.00833382452628656,0.0036517746237352267
64,4310,6,2.5795805360425383,0.005652137154922299,306258,0.008441208005225832,0.003097514135152468
64,4311,7,2.5302947311230244,0.007744615625195017,216514,0.006102034354345756,0.008392462343959461
64,4312,5,2.531824455542117,0.007881878190288294,407435,0.01165647647033075,0.007083499724590103
64,4313,5,2.545605000383839,0.010324043040996878,399375,0.011371195482716253,0.004761235430695843
64,4314,5,2.5549556740547366,0.005546103967479565,439874,0.01252805914254194,0.007946987934962124
64,4315,1,3.6416034028700954,0.011258657638052116,34877080,1.0,0.0075470614318488005
64,4316,5,2.507433421040455,0.010490566127664525,395074,0.011805442586512905,0.0074194546996447786
64,4317,5,2.569551990465102,0.007231519445465795,413915,0.01152981540094643,0.002456906523362834
64,4318,6,2.5313056792304587,0.009216940905842685,276363,0.007830187305363053,0.004097710707062274
64,4319,6,2.544677519355075,0.005480129397634925,290408,0.008247129913140576,0.005044823696152112
64,4320,6,2.522452898702857,0.008220127825901535,304996,0.008566626944147752,0.0014154779524965244
64,4321,6,2.5159062198008377,0.009562670441434107,285711,0.008107834071121612,0.0041104542604028516
64,4322,5,2.5552847259456333,0.0068785474484449605,419879,0.0117994303391875,0.0011353169705117239
64,4323,6,2.499597998650442,0.00893769445045589,293010,0.008261064874691394,0.0024144715607663514
64,4324,1,3.6395705295086493,0.010912243367302898,36072321,1.0,0.006753217743798112
64,4325,5,2.5092222563296027,0.010488709919055927,403222,0.011592472755725426,0.009427283727390545
64,4326,5,2.580420574272808,0.00783379404465201,409880,0.011689009715754985,0.006914921587755862
64,4327,5,2.546111814982288,0.010032489102548947,411154,0.011514926072457264,0.005919418165515222
64,4328,5,2.5654213109681994,0.008536795458431556,395988,0.011224785031057454,0.0052706670701148095
64,4329,6,2.5540703944361325,0.0077150012025277714,308800,0.008520962132518677,0.002865558133748225
64,4330,5,2.573231955655783,0.006478315400090917,388825,0.011202789637959088,0.004406414033876649
64,4331,6,2.512170580606645,0.00871073501961861,283539,0.008178348506001059,0.007641200993871111
64,4332,5,2.5420439254083216,0.005857543863627357,419981,0.011825200981198205,0.0044301611731406565
64,4333,6,2.5147375874639044,0.007271384202279352,282891,0.008124505269666049,0.0037179083693157366
64,4334,6,2.501687214326306,0.006439166975941268,299714,0.008408277690360462,0.002199576195905384
64,4335,6,2.5073929484653683,0.009321398095767708,288187,0.00830527702259045,0.005590057137283555
64,4336,1,3.607648602498873,0.012090218057171143,35783623,1.0,0.0062755706171429
64,4337,6,2.4963430127847017,0.006303478225356152,313708,0.008753687993477623,0.0037685872245882823
64,4338,8,2.470860764911814,0.009302813024370526,172935,0.004916559921105326,0.012551766739873182
64,4339,6,2.545528390564753,0.007118741029100484,304747,0.008429091474950084,0.0033241594947212016
64,4340,5,2.543864519521638,0.008986384886557341,412442,0.01183953347572817,0.003817554645947574
64,4341,6,2.5504340739013833,0.009577942827503627,273479,0.00799682465131679,0.007721500254887714
64,4342,5,2.544784412317599,0.006491824812310143,421495,0.01188513337716927,0.005524712036006463
64,4343,5,2.5375671297396885,0.008192868262741737,396656,0.011550192317329549,0.0017344289741960672
64,4344,6,2.520041454092787,0.009622034844374572,269516,0.007898941982682034,0.008763126843472802
64,4345,6,2.564042917818451,0.00686266919802947,318805,0.00861992396037655,0.004182687457796153
64,4346,5,2.544930475724402,0.009243946224987698,409161,0.011431478503461188,0.007493843858016436
64,4347,5,2.5702155019921586,0.008418333795045974,421677,0.0116485124215081,0.003935777583133737
64,4348,5,2.5389350470493612,0.007055232255411936,429629,0.011983230522798134,0.005897797672277882
64,4349,6,2.520159936892975,0.008756059115680448,286658,0.008227910993278761,0.0023290406426849097
64,4350,6,2.5740524116189234,0.005742226303331988,286689,0.008109558081995276,0.004052881223144622
64,4351,6,2.5218550589298645,0.005968180414785529,304953,0.008460407665289757,0.0055486194496412455
64,4352,5,2.5413992860916323,0.008073981738541569,427585,0.01174004497945832,0.007402766602908728
64,4353,5,2.557908896906745,0.009626311853747294,440601,0.01211578628648446,0.004122684391207332
64,4354,7,2.4821892581130798,0.008050428926875575,233174,0.00674246540175825,0.006729623399877427
64,4355,5,2.6013687818473743,0.007925787588320854,401850,0.01138959653250628,0.009278332919509635
64,4356,6,2.577583271217392,0.0032663758459209324,287730,0.008130440144102606,0.005277296778472662
64,4357,5,2.614147790380528,0.005204352826962577,406137,0.011346814911502348,0.0032784179246581058
64,4358,6,2.5177423010302897,0.007299889314065111,285376,0.008362208674930009,0.003172850005152328
64,4359,5,2.52975177086066,0.009307573511965206,414048,0.011784593049467239,0.003906006648440985
64,4360,5,2.5800548866408093,0.009321576319297087,421459,0.01179668144842745,0.003334743618810143
64,4361,5,2.5998663233381465,0.007744063096334686,397564,0.011424060831161315,0.0025380420336418297
64,4362,5,2.5291116845047075,0.010153776635458356,431125,0.011836850814798154,0.005653022958071574
64,4363,5,2.5546217717656146,0.006240012927615335,422218,0.01165187160074519,0.0036779395106131263
64,4364,6,2.55221523780229,0.007946575698000391,322430,0.008658409020900513,0.002572191280401065
64,4365,6,2.545629935347168,0.01085561047884176,272721,0.007861351768200972,0.008638707331389495
64,4366,5,2.5461987852459504,0.007997364560876075,443940,0.01223487622102447,0.004569180724318944
64,4367,5,2.5418584073553077,0.010210102377107066,385591,0.011210417884476158,0.004322321408008034
64,4368,5,2.555306139247231,0.006559092761504348,395989,0.011462240752587637,0.004699097281325587
64,4369,5,2.5324424121825655,0.007730149129087538,408309,0.01171915126283772,0.003864197339851494
64,4370,5,2.5720144092122577,0.008386524133427553,398346,0.011426318964988557,0.004804894574705454
64,4371,5,2.577290527455435,0.0052054968943047175,420464,0.011825483333837705,0.006257587563835654
64,4372,5,2.585227102333847,0.006688225778377577,404151,0.01122767323042904,0.004042598569592215
64,4373,7,2.5479950870669743,0.009015200179944394,212376,0.005985214173980078,0.006935937014989929
64,4374,5,2.530233124989426,0.009830225410660143,416765,0.011885539374027214,0.007082129305426232
64,4375,5,2.5421301929520106,0.0070439719793813915,389833,0.011384457075118558,0.00451583751906548
64,4376,5,2.5671884395980733,0.007526256281602861,410482,0.011511888544327272,0.006118291330327819
64,4377,5,2.553441458507567,0.009678390352334754,415128,0.011776380511600569,0.004569735242289208
64,4378,6,2.5189914818446617,0.00385076999997791,310448,0.008694450101684693,0.005363051653167306
64,4379,5,2.5507807137665903,0.008911354899770574,430602,0.011904999211083199,0.0057130899718804695
64,4380,6,2.5344438652840764,0.006526383015187598,293783,0.00826999044560966,0.0026517418593824393
64,4381,6,2.5694343285631405,0.006322239531948992,303852,0.008496844191889442,0.0019317802877993895
64,4382,5,2.549914770707681,0.0065770215669991305,410083,0.011620605204444702,0.003690211019190426
64,4383,6,2.494870687508227,0.008142767201628875,288717,0.008232170843612961,0.00611062482729674
64,4384,6,2.4948173018050936,0.01132804961856193,289006,0.008351187116830422,0.00398850959507413
64,4385,5,2.5840066518270866,0.009700680099180348,402461,0.011257959274350996,0.004533767595803151
64,4386,5,2.5394324786339837,0.008158890055351309,398017,0.011523953425065103,0.004809462653100005
64,4387,6,2.5567822754990743,0.0060581220059010565,320591,0.008834562307072654,0.004721960820938009
64,4388,5,2.57034580426038,0.00708409957146694,401205,0.011319847909637816,0.007169147724321867
64,4389,6,2.493103692020669,0.009449157230959848,276431,0.00795160649599861,0.006210247346896014
64,4390,5,2.585793090913102,0.007002532493542657,428395,0.012011335984848942,0.0022230622878706696
64,4391,5,2.51413031844646,0.006137289997628859,432975,0.012373809505777803,0.006436239625125961
64,4392,5,2.5710271766668247,0.004881713891922157,406183,0.011017000089072729,0.0028264572859951764
64,4393,6,2.5201148057046616,0.009787671366557421,265234,0.007734836662182086,0.006548761482493587
64,4394,6,2.5558815301837443,0.005506232901827057,295600,0.008187291777657419,0.0031773247193330745
64,4395,5,2.574799173071954,0.0073286777889072785,421020,0.011521315843620865,0.001792897911782776
64,4396,5,2.5121002300503075,0.011772972851334829,431306,0.011938279978803135,0.008075277535704917
64,4397,1,3.6278414562852648,0.01157052368978262,35429331,1.0,0.005585723660068265
64,4398,6,2.5634517583039003,0.0036941413301553316,307390,0.00844151817597079,0.005343735051266618
64,4399,7,2.4754955404368024,0.009042017112745993,217986,0.006367965184974832,0.008857673051800297
64,4400,5,2.540321643639537,0.009682831714001305,445415,0.012257062619290101,0.008961192459082556
64,4401,5,2.5667430145683565,0.007199264022814178,398898,0.011396065278040532,0.004607005292981803
64,4402,5,2.5405748978770006,0.006277020147429591,420680,0.011825943964343829,0.0033868648513493693
64,4403,6,2.5716372294059435,0.007826970525266264,297007,0.008146719788245136,0.005328607541661978
64,4404,5,2.521185961182559,0.010239319305639483,417869,0.011775576094252402,0.010122509303665095
64,4405,1,3.639398853319381,0.011191560684810642,34695510,1.0,0.0064708001614586785
64,4406,5,2.5578908359714543,0.008895853225912131,402526,0.01145402711666068,0.003323679701043636
64,4407,6,2.5632783684116847,0.0073772477047283624,306811,0.008459557650480154,0.002897181516094083
64,4408,6,2.5425106359766585,0.005863783326132688,297622,0.008404037852986913,0.006699733766274751
64,4409,5,2.561800512300537,0.011304848513359111,416506,0.011621311744548888,0.005511087553129679
64,4410,6,2.5811880478471143,0.006213432182391565,293976,0.008154504866306797,0.0036785288586770326
64,4411,5,2.5538108580548444,0.007283188401988772,385914,0.011143017915266935,0.0038885394983508847
64,4412,6,2.599416406685689,0.0058573150589918965,291138,0.008175657714755145,0.003445899470732372
64,4413,6,2.518865685607826,0.008059022260243354,308240,0.008563182012206091,0.0025527261938615986
64,4414,5,2.5497686482561113,0.009540742839485694,408720,0.011656735492323957,0.004594077446361644
64,4415,5,2.522564696790528,0.006738996239070261,419300,0.012068818226385124,0.008561953885186047
64,4416,1,3.6283252642841752,0.011299937272782001,36144261,1.0,0.006416357840425935
64,4417,6,2.5512485739408812,0.008460433007002555,283810,0.007950907815721933,0.005788151840079747
64,4418,6,2.53171386740476,0.008889514180896452,312214,0.008637712831778983,0.001676169406604755
64,4419,5,2.575382583263696,0.007371544289415777,403157,0.011473861750207252,0.0026335372918847855
64,4420,6,2.5135528789476353,0.009064758983288956,291626,0.008200735199541025,0.003906056480318054
64,4421,5,2.6157466600923316,0.00442325323891124,419751,0.011576775391841541,0.0055393733609561124
64,4422,5,2.531579684441254,0.00859883687675933,391872,0.011349583967044408,0.0025715947467428446
64,4423,5,2.5230078656299506,0.008011739636110737,400427,0.011702539858577152,0.005870605376324001
64,4424,6,2.5448857924967476,0.010712719270070892,296904,0.008181198118531647,0.004614554812442773
64,4425,5,2.5378965491854837,0.00831279535836238,391616,0.011376005243670991,0.0032672156071016922
64,4426,5,2.5297326170655063,0.010165737174174183,408295,0.011648851000669381,0.004682186687296586
64,4427,6,2.5852587814228998,0.00834124318800955,294523,0.00810453209943465,0.0013867225513344295
64,4428,6,2.5321836647504306,0.008846323898515251,281861,0.008087821040392075,0.0034160925281310206
64,4429,7,2.479974914835333,0.010777825339004843,213330,0.006134534279201281,0.010774930001981542
64,4430,1,3.6026824655067102,0.011590498898615298,35905964,1.0,0.004923521248260898
64,4431,5,2.56203081739632,0.006123015840699908,435868,0.011798417347669937,0.0053436604010959066
64,4432,6,2.5697761502982006,0.006351019764116561,285027,0.008130020774941783,0.004287669120848325
64,4433,5,2.5678568728730062,0.005491496828646081,410408,0.011377551502723753,0.004623101224785542
64,4434,1,3.643573526071732,0.011840903868827524,34488924,1.0,0.013406739561724279
64,4435,1,3.6561011632155154,0.01158126261697734,33656915,1.0,0.008599512108554919
64,4436,5,2.5816923466169146,0.0052672342940796035,423826,0.011766499671096815,0.0069440846029813486
64,4437,6,2.517677885776226,0.006126385015732927,287826,0.008165280996889047,0.005497049171041879
64,4438,6,2.569122375688477,0.005032727588859753,321872,0.008713968908648166,0.00461256858823611
64,4439,4,2.610854965908076,0.009387164391477743,584011,0.016609645084735468,0.006432491432421195
64,4440,4,2.5389583582840918,0.009576136243591438,611448,0.017696436002248433,0.012704806384971623
64,4441,6,2.5517270812223662,0.007008657371870619,291242,0.008052634738242644,0.0036920838641397724
64,4442,6,2.5388623279103095,0.00653156641249375,288731,0.00836131384388187,0.0062151953693038164
64,4443,5,2.566786378872433,0.004719426857878295,399225,0.011301273130986405,0.005306864408266332
64,4444,5,2.5339147722636697,0.006860263410151057,416532,0.011763900805258345,0.003857907339394784
64,4445,5,2.553839057342705,0.01088907462446198,388494,0.011198793913066038,0.00608599158269485
64,4446,5,2.5362303973594793,0.011258240962994104,377732,0.011084975440510477,0.0070632789174572275
64,4447,1,3.6402203157531625,0.010924492554706067,35433428,1.0,0.011238034943023723
64,4448,5,2.545419946799729,0.008070521282664833,426353,0.01190927439775138,0.004810958529384846
64,4449,5,2.5691007494618527,0.008443661872048425,420145,0.011654955721737319,0.0045282507546745565
64,4450,6,2.5613678174924495,0.007360431682586599,294581,0.00828332485310983,0.004628582557894445
64,4451,6,2.5276379591347293,0.007108928222026023,291960,0.00819389386516296,0.0032875698236624618
64,4452,6,2.5145522729575918,0.006934450985517371,305602,0.008527957719019529,0.004339246541607555
64,4453,5,2.5667015829862185,0.006088740401905213,435128,0.011920624325467168,0.0065567540703622695
64,4454,6,2.5644362494228994,0.00623342476301425,305034,0.008276355170608355,0.003864608773601952
64,4455,6,2.5586083019871078,0.0059164661351430725,297973,0.008220467762721678,0.004866993987647672
64,4456,1,3.655902605051701,0.011438287039431283,34763789,1.0,0.013328735035593398
64,4457,6,2.567505214509721,0.007511707986521565,309293,0.008362294708859297,0.005642961776087918
64,4458,1,3.623648044197254,0.011550608579086186,35479749,1.0,0.006783500012393806
64,4459,5,2.5401907458635584,0.009044301825192447,413220,0.011813966480207347,0.005805876676851507
64,4460,5,2.554880652255261,0.008799698709718307,399427,0.011300837031556233,0.003262005431202919
64,4461,5,2.5201525740701967,0.008092181774326135,404994,0.0114308335978458,0.004334286947618393
64,4462,6,2.5412844225248685,0.009358533601128372,286120,0.007868172633955488,0.007494572163479152
64,4463,1,3.6451696689984026,0.011533420502522262,35036697,1.0,0.007749655708234771
64,4464,6,2.5672828279947866,0.003759232775846333,307912,0.008607411685010306,0.005815365510673964
64,4465,5,2.5820885094673094,0.004786009233132549,416104,0.011597916988421454,0.003837913714641039
64,4466,5,2.5397472132953323,0.0071666768546655435,419532,0.011792711580737244,0.0036621761691469357
64,4467,1,3.6181635355134825,0.011837304381644542,34922790,1.0,0.007920101522366108
64,4468,6,2.5605998091247977,0.0071017971150706405,299841,0.008393244121634565,0.0020902386814729557
64,4469,6,2.5447803939161995,0.009699390763026283,274342,0.007794155119488721,0.0039546979047677955
64,4470,6,2.579427993220569,0.005288561445124462,284982,0.007978063363205742,0.005569297220443137
64,4471,5,2.561390283760593,0.008421213693176277,414586,0.011604609811208791,0.0025450017617099085
64,4472,5,2.6030789747197054,0.004280688335928429,425122,0.011735602794778477,0.003066803042768851
64,4473,5,2.568489309249879,0.007900202092508302,418312,0.011538222098418293,0.0026035732652969767
64,4474,5,2.570803406616915,0.007157544799962445,423047,0.011792526660066001,0.002798221408515933
64,4475,5,2.551214228471894,0.010755755885165752,416829,0.01164948761611192,0.005812255186565363
64,4476,5,2.5335683218495664,0.009141678986668511,412224,0.011548586166389301,0.004147164111297119
64,4477,6,2.4900317314591476,0.006082840778037335,294636,0.008323202734151589,0.003871358359569088
64,4478,5,2.550269699734389,0.007424911088378394,432141,0.012110153662456885,0.005049509977990474
64,4479,6,2.5401169020216248,0.007140856149634223,292892,0.008206622221741537,0.007085889496940889
64,4480,5,2.521968324827419,0.008933806820142443,391978,0.011488331186379796,0.0033086815528735602
64,4481,6,2.5293232105887826,0.006495082523488516,279434,0.008072615346641686,0.004210415255454569
64,4482,5,2.5414955398436065,0.007705052185181138,408961,0.011830538822794837,0.008425224021770261
64,4483,6,2.5701014173687016,0.007374775280661772,294472,0.008211683361067946,0.0037882855090465295
64,4484,5,2.5304329215743318,0.007921537426750613,418798,0.01179923899052915,0.007669858225380577
64,4485,5,2.581658715169068,0.006581853861811315,423825,0.011644665874813817,0.005581944616649459
64,4486,1,3.606646720588957,0.011277048035164494,35626740,1.0,0.008351242423726313
64,4487,5,2.5748430260818957,0.007170272052616999,406953,0.011465746956844988,0.0025506559853550326
64,4488,5,2.540017763335367,0.007402050602407062,397909,0.011401168147753505,0.005657891474046384
64,4489,4,2.6033921272153977,0.005815042418607863,633580,0.01766757355265909,0.005139388836406578
64,4490,5,2.534820637167716,0.010774554413663706,399982,0.011178862725912274,0.007339197267473119
64,4491,5,2.537136768944132,0.009549499281056861,393451,0.011434858830785242,0.005771196821296676
64,4492,6,2.5502259289742346,0.005703097217108488,278193,0.007998819296259858,0.003429430890801499
64,4493,6,2.4637161485593615,0.009387597663779279,281826,0.008200804687191735,0.004004825307525772
64,4494,1,3.6182920364396236,0.011724847221187717,35811257,1.0,0.007011271139503172
64,4495,6,2.5488210632758355,0.0032248268843573236,302747,0.008547839406655764,0.005118630411653391
64,4496,1,3.6159890774098096,0.011709002709213046,35196148,1.0,0.007913637841861942
64,4497,5,2.5274015099465665,0.007504886814229117,426496,0.011892696809038221,0.005661693566042625
64,4498,6,2.520220620083048,0.007910677183658898,310568,0.008673470969378682,0.004134093982495868
64,4499,5,2.5587135727074983,0.008421849957037653,438173,0.012109696957855022,0.002549254933727596
64,4500,6,2.4962706300736754,0.008915926754873293,285027,0.008283512242670548,0.0035724536480353786
64,4501,1,3.6275058700774316,0.011419319467966371,35732534,1.0,0.009776341545430556
64,4502,5,2.5720668106570455,0.01061912554300437,408263,0.011392546813225917,0.0045559569098487795
64,4503,1,3.629116707852815,0.011025505354413268,36132182,1.0,0.007458929390132929
64,4504,1,3.6149408622849757,0.011535341472351357,35889866,1.0,0.006162022608456552
64,4505,5,2.522700634958784,0.0062525984242643995,398519,0.01156928622591036,0.002838178832414273
64,4506,5,2.5997146561070332,0.0058803834181840875,432123,0.011641231126806616,0.0023965724991462656
64,4507,5,2.527247985216652,0.010530626547099131,392502,0.011149431504036727,0.004890606308133538
64,4508,5,2.540348521321419,0.0068407340872448374,433781,0.011899679062187408,0.0026188102448032047
64,4509,6,2.526714353259935,0.008127269465322606,295334,0.008357389780261609,0.0047585413546246125
64,4510,6,2.5537533634487577,0.00830305532940867,289389,0.008224757107494783,0.0025314960999502922
64,4511,5,2.560513716178367,0.007938328656174054,411887,0.011356654942390798,0.00561480396311187
64,4512,6,2.545064465809733,0.008131815191406488,316143,0.00848138754977711,0.003425912270404785
64,4513,5,2.560439789457921,0.008340396265399397,424777,0.01187044429918571,0.009030906668552885
64,4514,5,2.561965649204823,0.006328117290879898,403565,0.011643956145796705,0.0016319105471284123
64,4515,1,3.648722815802937,0.011283271588222732,35189427,1.0,0.00781826619244258
64,4516,5,2.5359607734348293,0.006390631509717637,414789,0.011688677074373913,0.002779272032517599
64,4517,6,2.575993246053663,0.005439720931640357,290525,0.008229885073100303,0.004145387685164703
64,4518,5,2.581152404674024,0.009999830896875561,439263,0.011880122737170672,0.0028955115108404428
64,4519,6,2.56661100215966,0.00677333365686128,300516,0.008272690810259352,0.006077067823540561
64,4520,6,2.59047277872564,0.00671737240757464,267846,0.00771638162010826,0.003924719823442557
64,4521,6,2.525612493761855,0.007845694138935766,307009,0.008476997196543165,0.0017936128349537173
64,4522,6,2.5399407871144755,0.007715471894550796,301258,0.008512713700527435,0.0017421859831122655
64,4523,6,2.5242272488728044,0.00975453409692184,293708,0.008242759696197609,0.006389293163652665
64,4524,6,2.536490913182518,0.008695833341063497,290716,0.008186352234928564,0.0034172751793953016
64,4525,5,2.5455752701562315,0.006339776922139384,418947,0.011832417871289993,0.0034333196101173358
64,4526,1,3.6153293416459444,0.011546030157565723,34633728,1.0,0.007878283974859124
64,4527,5,2.5523040826747807,0.010640610471155831,385114,0.011001365850905004,0.008634268076704976
64,4528,5,2.5709269225499707,0.006067996055739766,400375,0.011492249882142546,0.0031248112067508993
64,4529,5,2.519895702526644,0.0084873090962031,405088,0.011615298630116875,0.004491986695908334
64,4530,6,2.490842454001282,0.009770808476336157,298335,0.008430157626866053,0.0032797155357833785
64,4531,5,2.5810286845075976,0.0053201830748232926,407379,0.011483517484063331,0.00540414442414916
64,4532,5,2.604508206649971,0.00531947954759826,403095,0.011267274698949555,0.004958644297550163
64,4533,5,2.6137564227051735,0.005141760851016752,419814,0.011459614694634109,0.0025652254524752838
64,4534,6,2.558105150439762,0.006736716674680676,306293,0.008366340342800534,0.0036345183130950254
64,4535,5,2.5711393171312644,0.006464093047354846,411869,0.011578110366390582,0.004282579199678782
64,4536,5,2.507460839956514,0.007198044172127993,436520,0.012171841688429517,0.003982040354247929
64,4537,6,2.558742145830854,0.006946078995456517,307653,0.008406412944388944,0.0028692653783867206
64,4538,5,2.514054868300064,0.010588879793776318,409828,0.011839308174047549,0.006863145760484413
64,4539,5,2.581163816171767,0.007165837030473576,404094,0.011567702609272758,0.0041961990147945105
64,4540,5,2.530675023384569,0.0073341251387742945,417805,0.011750001434281718,0.006458210363157357
64,4541,5,2.5376630114252325,0.009680545524401174,393719,0.011204469915273024,0.005009510070324463
64,4542,5,2.524257380228567,0.007148402545477162,402025,0.011552445184470158,0.004730331248250175
64,4543,5,2.5758587255290943,0.007916991464653855,378705,0.01115586096216042,0.0023762747962341457
64,4544,5,2.5654947230910077,0.0067776253965106115,414101,0.011779464270348435,0.0037222464077912853
64,4545,5,2.5886385526513913,0.008320459151820725,424722,0.011403718294901902,0.002619074554405826
64,4546,6,2.4626883404227407,0.00849669228522687,306876,0.008650760838807737,0.0034725343423807065
64,4547,1,3.5996276095799384,0.012015826851204392,35614042,1.0,0.007186298171590222
64,4548,26,2.9900941243367702,0.010482783673244955,30803,0.0008829593179998493,0.012470553167279852
64,4549,6,2.5650191458618075,0.007233481078911197,292664,0.008197223177484402,0.00307133928486214
64,4550,7,2.528147387141517,0.005274058751435495,215488,0.006149206081872092,0.003971330050392963
64,4551,6,2.5387885329578777,0.009123353338258533,293020,0.008387608380612505,0.001988270935532943
64,4552,5,2.5884038075719933,0.00792294942895283,413329,0.011629126935548968,0.0016223570714156699
64,4553,6,2.5629081612555744,0.004941168928461526,287992,0.008104388093681561,0.005619616082334189
64,4554,6,2.564004662072912,0.009614155235421196,287243,0.008258641480890864,0.004291521559335376
64,4555,6,2.5452787222983777,0.009017362342310431,292492,0.008336770979673199,0.002574985101684135
64,4556,6,2.553355791268577,0.008851194931178807,291330,0.008179872627817986,0.004614437819198236
64,4557,5,2.5318281908276843,0.010374364802093972,395983,0.011373244047236948,0.004586430187826895
64,4558,5,2.555950353080012,0.009169844871236565,412831,0.011306905335469835,0.0024829865724765865
64,4559,5,2.5633735282469545,0.005363414225003527,433217,0.012137976706141841,0.00620903754075991
64,4560,5,2.5408978370643833,0.0069680656641297745,435507,0.012218100273333166,0.006213287384162158
64,4561,6,2.5637632767221543,0.005022242644209474,299180,0.008258948825573226,0.0046521672447953355
64,4562,5,2.5671651729771248,0.006546598379075563,410575,0.011547819913917658,0.001985159994434965
64,4563,7,2.5303180012842263,0.005127874384530551,230020,0.00642153625023098,0.004662994509683882
64,4564,6,2.521105445402315,0.00934467693601293,289793,0.008206073122181837,0.006704395375245031
64,4565,5,2.5383346369718587,0.010365070685452449,392937,0.01120588781586955,0.005226010131652803
64,4566,6,2.5004683902313634,0.00775738065512932,298333,0.008433102464881766,0.005085099488206513
64,4567,4,2.5870469428642315,0.007851893563346868,658429,0.018093214200371213,0.00540102619914179
64,4568,6,2.4842272705115964,0.008691420742997336,290582,0.008271564366136464,0.005470692802941213
64,4569,5,2.554793482600138,0.008009115768114472,415037,0.01176403294962101,0.0071708250428643705
64,4570,4,2.624890802334279,0.004631010692362769,659798,0.01769690142356152,0.00508541254730327
64,4571,6,2.499417856764532,0.009532003588992644,290271,0.008356128584735723,0.005631503669251636
64,4572,5,2.5732617559399094,0.006485371617877211,434198,0.011736874919666776,0.003861734087431179
64,4573,6,2.519398943007413,0.005014426843824138,297264,0.00840382056300656,0.0035591924881099857
64,4574,6,2.509447525020845,0.008669958628800822,307195,0.008580991041266021,0.0016671204830412956
64,4575,1,3.651784051970098,0.011495979528400757,33981661,1.0,0.00590599673473291
64,4576,5,2.4911294105489037,0.010446058039999762,380490,0.011331365961933472,0.0062958582767087545
64,4577,6,2.540546954923164,0.007312789302086342,302021,0.008359950913338637,0.002277602784506505
64,4578,5,2.509004755997906,0.010488958824508843,407870,0.01148000150075681,0.004773985429033845
64,4579,6,2.54320525207792,0.006774117899043364,294399,0.008405351749034302,0.001523724707934715
64,4580,5,2.5620513068585242,0.006323899271308719,403211,0.01139712632917621,0.0034139360335858626
64,4581,5,2.526622654012169,0.007674727057695008,420553,0.011767797368901012,0.002732770135597251
64,4582,5,2.5262261364695293,0.009389621588869357,413037,0.011965797455911146,0.008481745364551041
64,4583,6,2.5355982548407447,0.007408359573893852,302976,0.008381815232231745,0.005843727953672384
64,4584,5,2.538702873748041,0.008397871627374542,398879,0.011023262740850175,0.0049263788852131896
64,4585,5,2.5427473024617613,0.011367160504790697,404169,0.011274254757001369,0.004698726671730102
64,4586,6,2.5105410144299363,0.008567915139520377,301477,0.008404537837676673,0.0029763361859418414
64,4587,5,2.576375712093692,0.006104099407864605,418698,0.011892495305395882,0.004533456285338966
64,4588,1,3.6247906003985366,0.011494692508951299,35324797,1.0,0.006124741683965151
64,4589,5,2.586758897408474,0.00395257692631279,415991,0.011719978744682544,0.005655295008469063
64,4590,5,2.52600882484198,0.01078570579509508,433489,0.012006362231695657,0.006629391139707397
64,4591,6,2.606710205998059,0.004666061045250913,276157,0.007932693626570423,0.004676141365067998
64,4592,4,2.642943831677057,0.010107031831372737,587491,0.016712482802947338,0.01469128468308728
64,4593,6,2.549803759780112,0.004857733444047385,297947,0.008391097399584138,0.006095273296044756
64,4594,6,2.5748909947519767,0.007762268247324844,293339,0.008120059702323807,0.0038741191795879093
64,4595,6,2.510612541395941,0.008663776572275794,281883,0.008272474107854212,0.0026075296931391545
64,4596,5,2.552358224549253,0.007357752673168683,404254,0.011619353348354079,0.0022920275071350305
64,4597,1,3.654467874288249,0.010927049169923597,35081160,1.0,0.005122302792753608
64,4598,5,2.559464270439536,0.006266160064502202,407239,0.011521661776040628,0.0037476855960330013
64,4599,5,2.491746670206616,0.009730228119173012,405050,0.011523141044668821,0.006156589110684951
64,4600,5,2.546451346112438,0.009647186399141416,410372,0.011799147441930447,0.004019742526712555
64,4601,5,2.5614390555030737,0.0069212906731469515,410675,0.0115110771080295,0.005266191983999857
64,4602,5,2.596885147223464,0.007295286489293562,412525,0.011419068966304716,0.006383517151307805
64,4603,6,2.518811413173752,0.011114655512097227,308841,0.008529025186170696,0.0036059890021519214
64,4604,5,2.601866948607326,0.010091718501162306,402432,0.011294803602239426,0.005791751965270819
64,4605,5,2.5775840062603237,0.005580809800093567,412762,0.011490210054976307,0.0037613341729888505
64,4606,6,2.5069827799596758,0.0103871627389448,284029,0.008238056928964657,0.0037729269773845164
64,4607,5,2.5773622682564326,0.0070969834037745705,414840,0.011541252410061332,0.0050504392833261025
64,4608,1,3.642535886431812,0.011153489360448465,34739248,1.0,0.0038422969698646003
64,4609,6,2.536240252057142,0.007533844980244009,285567,0.007980184499377398,0.005907316198089485
64,4610,6,2.5186853438015437,0.007097420144571764,297070,0.008312191206307763,0.006831271103787229
64,4611,7,2.5423237393423554,0.0048136963574949565,223389,0.006392063196067079,0.00524398024073669
64,4612,6,2.52603450841579,0.007345082568778305,305749,0.008594935057779517,0.003881945076923632
64,4613,6,2.5572495732608194,0.008032483700996657,283321,0.007926880908995045,0.004793573816932822
64,4614,5,2.5237051451497523,0.008559770902222763,420325,0.011741992998579144,0.002266568947329267
64,4615,5,2.5388589956196745,0.006187962489440757,426190,0.012011013529278462,0.007741373112923222
64,4616,1,3.611743775111115,0.011599368801074816,36259521,1.0,0.0065518570986186075
64,4617,7,2.5644988825881034,0.006894488896195261,219834,0.006042672426126904,0.006026677810000658
64,4618,5,2.5875343647800557,0.01060973568028345,398395,0.011045377720339615,0.005174512764377304
64,4619,5,2.514704685565498,0.011157810641306831,398916,0.011280301941409424,0.005369519045170579
64,4620,5,2.6162057954868487,0.005271944858723232,410935,0.011360286609801143,0.00427415225209582
64,4621,5,2.5260759092358636,0.011232056869707185,407441,0.011411567111789698,0.005893876609613713
64,4622,5,2.532362495378327,0.011005447752812758,430430,0.012087377787408066,0.005200900249755058
64,4623,6,2.51013197482346,0.006816519043664648,296835,0.008310921968468474,0.0033455792931754713
64,4624,5,2.550850174655019,0.005716641628375485,425661,0.01157221268310008,0.005302483437139516
64,4625,6,2.543238270522394,0.010155962242138994,283454,0.008107803982295747,0.005100819945571322
64,4626,5,2.553424764791106,0.007234475547847952,398588,0.011304602612111156,0.0016585628918853734
64,4627,6,2.53197653178171,0.004136300592306075,303859,0.008347111313378307,0.005073946001199703
64,4628,5,2.569388136805643,0.00516159046935416,425169,0.01176320274387026,0.0032748312025348003
64,4629,5,2.538419035021652,0.007662122088993528,440659,0.012145289812971043,0.008239013093903957
64,4630,5,2.530881987794998,0.010434013101846551,402111,0.011259258288579635,0.0063713374117776445
64,4631,5,2.5435144210174565,0.010108178436544768,417203,0.011766713661733218,0.005327406561597692
64,4632,6,2.608488164436867,0.004570567568659478,287166,0.008001882782835958,0.005629926421145903
64,4633,6,2.53073901403184,0.008130057192223261,282289,0.007988548565094082,0.004966051131913729
64,4634,4,2.5649462054208447,0.007419069638453901,625098,0.017730289859257183,0.003670732997452797
64,4635,5,2.5708260709175303,0.00975241717671288,401287,0.011330201394430726,0.004704183024216491
64,4636,6,2.5650915462327997,0.005751285554343455,301406,0.008355648579062087,0.0036397110822772305
64,4637,6,2.474302338121678,0.0064022696213130725,276186,0.008006468116291583,0.004020209394803187
64,4638,6,2.5616746483739115,0.008219788359828062,277800,0.007849533984074205,0.005555570243926555
64,4639,5,2.5439917591316723,0.007540756421633765,412337,0.011494327209699015,0.00692468490003606
64,4640,5,2.5150664867016133,0.011223836949094013,418444,0.01185866031293709,0.007541471036687675
64,4641,5,2.543754306242103,0.011438242396198506,415458,0.011617434848753251,0.004856336705039599
64,4642,6,2.560335087817434,0.005638977651035493,281701,0.008115074283201951,0.005170707196164415
64,4643,5,2.5687069251466554,0.004535654312317505,406802,0.011482206407451769,0.004310830727943471
64,4644,5,2.5498037924551085,0.007231777176728071,426168,0.011668897577664919,0.004355935737704597
64,4645,5,2.5376767853554347,0.008130783618243154,431900,0.011834224517022391,0.0025357854527997548
64,4646,6,2.5404140341978696,0.0086541944962637,288643,0.008092578993785286,0.00593140311077156
64,4647,1,3.6573046184598685,0.011039845408327698,35213019,1.0,0.004336773015595097
64,4648,6,2.5389183806613405,0.008979222867818493,308407,0.008462591174529957,0.004214922181245417
64,4649,6,2.5985882624633305,0.0038587732551627063,293896,0.008322355876652908,0.005459825813031949
64,4650,5,2.568164655907127,0.007622914730392727,418287,0.01154206187201009,0.003601207710919374
64,4651,5,2.619181125952909,0.006928277803937455,424919,0.011658171041234717,0.00848190537056226
64,4652,6,2.4910556173306895,0.007486156568254909,286763,0.008240661584058942,0.00576044914223528
64,4653,5,2.5594613085495794,0.007109240271856998,401850,0.011480778759350793,0.003972639290601765
64,4654,5,2.523587467365625,0.008216134431913158,400969,0.011609694178171334,0.005499983032331457
64,4655,6,2.550039124011761,0.0090274428590984,302331,0.008450100272812709,0.003662096819140759
64,4656,6,2.5129396350815827,0.010342473304432831,283717,0.008109199708818002,0.00907767220302197
64,4657,5,2.5520985480723097,0.009356431680936916,412184,0.011819834865737006,0.0039054791340749073
64,4658,5,2.553641304164833,0.007941084104945872,409288,0.011399340261594816,0.0022312123630378045
64,4659,6,2.554691404890417,0.00590741364331604,300081,0.008288405498999542,0.00332069510357369
64,4660,5,2.532534000581731,0.009809983572292236,414240,0.011745275194826,0.006329394084972351
64,4661,5,2.5626763134973647,0.005760785799528989,388742,0.011479009324720351,0.006303094144608279
64,4662,6,2.5506277366743824,0.007476477181363572,298463,0.008313675853744174,0.003354535016370175
64,4663,5,2.5474025718184725,0.0060531362797852095,405140,0.011620892824412766,0.0018660163827569631
64,4664,6,2.578795897589483,0.007772810410465292,287637,0.00810185961080586,0.004405457317805783
64,4665,5,2.5590227047050864,0.010066518474482256,406253,0.011404899463711198,0.0039031616749465314
64,4666,5,2.5620577910754254,0.009307936360028912,403978,0.01148994995569871,0.006393208507569081
64,4667,6,2.488229297148045,0.008639525621024102,294667,0.008592397218375897,0.005820666965504984
64,4668,1,3.619850555588293,0.011392152275978784,35317959,1.0,0.005235153970432949
64,4669,5,2.537442393741049,0.007608387529074556,413547,0.011686624597150466,0.0013942321742629327
64,4670,6,2.531332054360427,0.006177120440733708,322188,0.008782040206069989,0.004594850733431244
64,4671,6,2.509714411417348,0.007006379136477281,300538,0.008591265985524017,0.0056612412701526615
64,4672,5,2.5423304310120844,0.009149184020734613,419167,0.011649717337319747,0.003115935942188286
64,4673,5,2.5527754169005386,0.007927110457757736,412023,0.011499477458863405,0.004994164752436192
64,4674,5,2.5575333100071163,0.010139610406881494,406651,0.011582101159158555,0.004569689862110038
64,4675,5,2.5328075532427157,0.0068949519332636156,405127,0.011685746874400842,0.006420072428218682
64,4676,6,2.510284665276892,0.009533265922525569,271543,0.00785764991671342,0.007645939103739452
64,4677,5,2.5422731112134898,0.00865996281997028,418310,0.011684053647936624,0.005957696849975269
64,4678,6,2.515646571773286,0.008477795377451858,276015,0.007936145334437011,0.003942490417325334
64,4679,5,2.5327462919799175,0.008130858452037204,407329,0.011592950371417604,0.001991222444906904
64,4680,7,2.518582089990509,0.007140240336080628,229072,0.006267924323033418,0.008774251016666623
64,4681,6,2.5206809705082436,0.008016461645789397,303645,0.008588008340899286,0.003163874948276524
64,4682,1,3.621504709607572,0.011327506997147019,34550618,1.0,0.006375123092988932
64,4683,6,2.5563613456133703,0.008510339800838707,287450,0.0081154412411563,0.005875156160235151
64,4684,5,2.5819416884749673,0.008443553400683812,421886,0.01166464162247582,0.0027227505368120353
64,4685,5,2.5567864665147266,0.007313356993576048,405116,0.011307398796706945,0.0064285848862861705
64,4686,5,2.6001807225941596,0.004844027310152987,424305,0.011638880435736115,0.0034330024620795874
64,4687,5,2.5156682244863893,0.009319178802409067,408699,0.011743855961297305,0.0035751387020648284
64,4688,5,2.5409628327143006,0.010909364054460746,385993,0.011069306673447552,0.0058058519882856485
64,4689,6,2.5288169350652874,0.007199304505718929,292997,0.008326934364527193,0.0018867990472160034
64,4690,5,2.5481255814073545,0.010006726932563104,397922,0.011336816222505895,0.005044417196675033
64,4691,6,2.554445772944593,0.00855550407170691,284068,0.007938628966460476,0.0019616209065156376
64,4692,1,3.6266391680398686,0.011671712702627679,35358267,1.0,0.007316911531961068
64,4693,6,2.520792060976181,0.007170698579851642,300110,0.008467654229542642,0.0028444974674285417
64,4694,5,2.5375981122009055,0.005507369009371432,404943,0.011629767400344066,0.005184386035975153
64,4695,6,2.554919480618949,0.005692527178455364,287152,0.008285269343819606,0.004181795638293795
64,4696,5,2.5551665353646618,0.005494589896616442,407358,0.011312730266539742,0.0023882189174166957
64,4697,5,2.5741369981480484,0.0047625944562147415,429986,0.011967331683253604,0.005332666033285194
64,4698,5,2.5639404708397247,0.00688982315690323,418330,0.011417133981416869,0.006155424046983882
64,4699,7,2.485847619659934,0.011136240776520867,216774,0.006132176936107838,0.009188639154094902
64,4700,5,2.5438554858730176,0.006863444605771485,436000,0.012009635363506183,0.0028662354827753145
64,4701,6,2.542214081983411,0.006477092807056328,302097,0.008663363142366366,0.004290396040914191
64,4702,6,2.5061106341686483,0.008451825969551519,279135,0.008266377212914674,0.0030004912948444207
64,4703,5,2.569098061340481,0.006755877144267675,413257,0.011372877490989504,0.0036284308631860385
64,4704,5,2.5558432562945916,0.006657628860785025,402550,0.011211402716509928,0.007526913267413282
64,4705,5,2.5463223664456143,0.007632606821343257,426846,0.0118503311224816,0.005474719301055919
64,4706,5,2.5423577594473104,0.00846667861816719,416046,0.011837022225535211,0.004008220651038785
64,4707,5,2.5662934574305933,0.010911825662666075,387699,0.011186952580558457,0.005478110708546091
64,4708,1,3.652717557668665,0.011008680745126398,35241327,1.0,0.009364102051208967
64,4709,5,2.5612213768071346,0.007160826493917027,426119,0.011884240222747753,0.0032174803232576377
64,4710,1,3.6384193002353484,0.011636220241642015,35645738,1.0,0.0056396334354916755
64,4711,6,2.5599447262439643,0.006564862402709926,289806,0.00809156129613295,0.0028346553275543362
64,4712,5,2.554552003812078,0.0069429981724412615,419988,0.011909564688719745,0.005761851643438509
64,4713,5,2.52633873119575,0.008778171711128158,420607,0.01171102135223905,0.004342709074151907
64,4714,1,3.625945125596682,0.011519691416913669,36214239,1.0,0.006535867981178667
64,4715,1,3.647572873941019,0.011375685879013941,35767053,1.0,0.006182808313542121
64,4716,5,2.585627886001809,0.006490997991758618,407101,0.011470512739958114,0.004683450343705098
64,4717,5,2.5662968634098813,0.00869088602811452,401799,0.011193105252863825,0.00288512237652383
64,4718,5,2.5603033830453383,0.006034738482994517,424718,0.011874659460271931,0.0020958047833568583
64,4719,5,2.5364361265056146,0.008129904649458286,435647,0.012111692004321039,0.005525864227994615
64,4720,6,2.5172465409590274,0.011035390721316651,297249,0.008413550330918998,0.0035629546756585917
64,4721,5,2.5771803897463577,0.006793549704880664,429088,0.011876522889738748,0.0024695308256822424
64,4722,6,2.513181324609351,0.006914644355047628,306148,0.00874476635239859,0.003578194539976487
64,4723,6,2.5329519210608225,0.008189423873880552,293271,0.008489426521466233,0.0029846025772715667
64,4724,5,2.562117719268382,0.008232580750122565,396355,0.011285650431651108,0.002974761759115818
64,4725,5,2.5483278703191994,0.008366545153889349,398522,0.011315815581639712,0.001691774067306584
64,4726,5,2.5348901173978744,0.011036073852639938,381374,0.011095787819875563,0.005038176645214554
64,4727,5,2.5463038321509632,0.006178039478614061,433917,0.011949754174904004,0.0027391962069155396
64,4728,6,2.51621760486325,0.010325794798837995,283520,0.007904642223631173,0.004531659872933108
64,4729,4,2.6091687778708947,0.006676859152358827,626969,0.01744774219366254,0.004182849444820669
64,4730,6,2.548761567106474,0.007526097305408319,284631,0.007979908073396842,0.0016818221676904166
64,4731,5,2.5610321374103937,0.006498565436865444,435783,0.011983860261968385,0.0022510692993306103
64,4732,7,2.513355310175265,0.009746851998175377,221364,0.0062662209773922195,0.008362663639072843
64,4733,5,2.5489399731043236,0.009800291478965661,399476,0.011460486487432442,0.005278482770695425
64,4734,5,2.537208664547279,0.008051752049381689,403440,0.011805103085288739,0.0023275543275630417
64,4735,6,2.5178926713820946,0.006406160318024323,292679,0.008379691210129691,0.0025893688269847948
64,4736,5,2.5520987098429533,0.01129809887374178,446311,0.012143373381897285,0.005843825434590166
64,4737,5,2.5013234071325616,0.008550314409758841,396765,0.011546794661138617,0.007750568638961786
64,4738,6,2.5606933888826076,0.006574104475776776,308273,0.008554680685990634,0.006545628637343648
64,4739,6,2.533432126775396,0.007855148055343375,283195,0.008155188842030281,0.0024918873100350236
64,4740,6,2.527419180779035,0.007308223875781117,316765,0.008734992036436,0.004238394265521472
64,4741,5,2.525400631431681,0.009309664333606915,417922,0.011897356526045455,0.0029919910219115
64,4742,5,2.554079252723789,0.005617059740058217,410148,0.011543939250353222,0.004606487355220623
64,4743,6,2.545294822423039,0.0058254071395781315,302992,0.008549229895792858,0.00685937207037457
64,4744,6,2.5766580232217793,0.006859406817657732,292582,0.00815970922205661,0.004773938140306411
64,4745,6,2.5016897476644195,0.006542835411155967,317244,0.008673330681025581,0.004506156255104976
64,4746,5,2.5924331499550544,0.0048267220653642195,410031,0.011492789562555556,0.0054920365779895786
64,4747,5,2.513754181163263,0.007335466356721998,422508,0.011923723592380284,0.0072743565943163
64,4748,5,2.5407196229686138,0.009574793156008399,421771,0.012094966063372747,0.004279363963087812
64,4749,5,2.502464556701746,0.00978169840445342,416681,0.011874581150432925,0.004849622480521898
64,4750,6,2.5702010137399847,0.006761193565762658,307704,0.008375628300055366,0.002618508522539309
64,4751,6,2.46796430414112,0.008775096636453261,302271,0.008576807415657889,0.0014590455934463398
64,4752,5,2.5656421482947582,0.0058487002743118355,420343,0.012041144820130346,0.005165529071375796
64,4753,6,2.547964204183566,0.006736339480852949,297955,0.008292155034954068,0.005524905218579956
64,4754,1,3.6425048556555533,0.010696790191812022,36440748,1.0,0.006954695810919342
64,4755,5,2.5273610000373363,0.007187581458945047,398434,0.011453516346285914,0.0020496148881338216
64,4756,5,2.568645770893655,0.00823648518018505,411908,0.011548954433376373,0.001811728439645055
64,4757,5,2.5613513844137126,0.008122373076908773,422293,0.011533491145133516,0.0014257227466912825
64,4758,6,2.4560762844525046,0.010825674857676604,291537,0.008457663582510993,0.005243422279819665
64,4759,5,2.546606650702742,0.011164450332729281,460926,0.012572617157007446,0.01108921991916706
64,4760,5,2.5567186932009585,0.00846564453096943,407075,0.011348791181935585,0.006669754345657863
64,4761,6,2.5487402198276747,0.006651429534277886,277614,0.007966727389811598,0.0031110695292909663
64,4762,6,2.5312715166273185,0.008943166775366662,287885,0.008322175573405081,0.003967665583127
64,4763,5,2.5555126194373057,0.008798095910483084,406371,0.01144968578879046,0.006200523975666061
64,4764,5,2.5661105235714166,0.006069072620551008,404840,0.011508101380449122,0.0035088795873124135
64,4765,5,2.543762066625996,0.006399244257394909,424021,0.011970695945463532,0.008194875257702017
64,4766,5,2.5253777455889055,0.010989694884183776,428792,0.011905704285386612,0.0077508547821067975
64,4767,6,2.5132365044259597,0.010122570890151006,301687,0.008575243844311317,0.0026680613446317114
64,4768,1,3.6553192281192657,0.010785199241579724,35206307,1.0,0.007049824967079621
64,4769,5,2.52198919756269,0.007798101217505571,424095,0.011695822407612187,0.006541005559007107
64,4770,6,2.581503147269791,0.003980211211236484,302798,0.00838288904835309,0.00493194491629112
64,4771,7,2.5006756415563016,0.009852748814827339,214766,0.006006159693384549,0.009125699691214517
64,4772,6,2.521699786203879,0.010459360616650648,288459,0.008100300523145988,0.0031790733778164215
64,4773,4,2.6092627629767136,0.004941058361100148,582894,0.017065171856598265,0.002897818100272176
64,4774,5,2.5708599115131934,0.009502702340888458,397025,0.011242459000809944,0.0038893919082365613
64,4775,6,2.510149352147001,0.008400475819890563,308520,0.008703638813320404,0.0023171016338480177
64,4776,5,2.58034843173839,0.008012875580656331,398105,0.011171167581403846,0.003113711521747886
64,4777,5,2.4987299822536913,0.010924189377909732,381550,0.011466026873085402,0.005521461356303048
64,4778,5,2.5238830713731315,0.011253735244223906,398237,0.011431773865041128,0.008794316786038037
64,4779,6,2.5688685814164987,0.004715392172450095,311887,0.008288098334160983,0.0033460319344862377
64,4780,5,2.53038530884767,0.005426878884171149,407580,0.01178643663903967,0.005309696496252458
64,4781,5,2.5491949222249124,0.009124387153177982,396173,0.0111514772182481,0.004145693778903836
64,4782,5,2.605404909363674,0.007888201221789681,404220,0.011318053112306407,0.0030367875039521985
64,4783,5,2.556475637348469,0.010766611945439708,401140,0.011227390825631378,0.00471580913383296
64,4784,5,2.5263364467751526,0.00813501803453165,386327,0.011408717487833644,0.00513777892415318
64,4785,5,2.5314758680217078,0.010923704070144036,396924,0.01146398149029853,0.00336748832454703
64,4786,6,2.5455103216860757,0.007039593352594853,283609,0.008009871599280535,0.00262712905560758
64,4787,5,2.5379099759648267,0.01003944667129214,431999,0.011844759156280497,0.0035123047205402047
64,4788,1,3.6627544862022363,0.010886230100699557,34962226,1.0,0.004460681262759447
64,4789,6,2.5615911891070553,0.007885304929969195,287883,0.008136596624398994,0.0023797537203769092
64,4790,5,2.555529879756188,0.009131663440590465,378297,0.011164083133327035,0.003920246871877198
64,4791,5,2.5849918222787784,0.010589962391754026,396434,0.01123214793430777,0.00565423156597189
64,4792,7,2.525676715369605,0.01096919479982128,215766,0.006083534622542907,0.008358309086122728
64,4793,6,2.512129879196772,0.010379045262637554,286196,0.008284200803845012,0.004345654819720934
64,4794,6,2.504335877202412,0.00803383132119484,305309,0.008437948045495256,0.0023558575021396244
64,4795,5,2.5407676702028934,0.009421950728376982,395886,0.011578533382846793,0.0032737537115649085
64,4796,5,2.5609386105721113,0.008242795044533457,393825,0.011166635146128177,0.004798352585436205
64,4797,6,2.557276963402895,0.005443288338324859,296539,0.008212363905932418,0.003429222235514784
64,4798,6,2.491812125403657,0.010970090186104953,297798,0.008575722714670456,0.0033419357058470656
64,4799,6,2.577334403248947,0.009042240288308079,284397,0.007821733873918756,0.006369959121385271
64,4800,6,2.5206581670575985,0.010796406895574817,288187,0.008288018231931815,0.0032877403856295118
64,4801,6,2.507820875680964,0.00906410510462241,309140,0.008546783826777808,0.005101481982868861
64,4802,6,2.550742910160738,0.009189007772449576,281724,0.008010631935540748,0.004848525016028227
64,4803,5,2.538708340520444,0.007482023529622239,398149,0.011649953922363388,0.006960174195159541
64,4804,7,2.544875189079857,0.010083735034034036,224307,0.0062118280814607504,0.010347098332539217
64,4805,6,2.5358560722948904,0.006752200132230879,290690,0.00840625341506756,0.004082746006631055
64,4806,4,2.5826999968003417,0.008215017499825672,635829,0.01784089353714909,0.007862650081110645
64,4807,5,2.563113609202769,0.009195538106189671,411381,0.01148888724178064,0.005609455252189699
64,4808,4,2.5859985302038906,0.006488310317773582,635933,0.017734698494954685,0.008966231842901018
64,4809,5,2.600616396256928,0.004168983243147073,408898,0.01135579653623461,0.004373847383268181
64,4810,6,2.513852195848994,0.008726802776650722,287534,0.008256036537959222,0.002885824855344832
64,4811,6,2.5108917814787595,0.00780888037550409,281894,0.007934335516499505,0.003523780242243729
64,4812,5,2.532908758090589,0.008417215418087709,393983,0.011389623512758866,0.004638260969615504
64,4813,5,2.563300857975206,0.008829492829185881,418813,0.011507804813685137,0.004504377124169734
64,4814,5,2.586627233408092,0.007151288780283482,384198,0.011038513147635768,0.0023858841348812776
64,4815,5,2.5268084332085943,0.010515737102188005,419004,0.011868014773413012,0.00730125384140401
64,4816,1,3.636954875987153,0.01163185571496339,34914936,1.0,0.006894875633041031
64,4817,1,3.6309853270533794,0.010920012709888183,35729226,1.0,0.01041889384248823
64,4818,5,2.5806084735015786,0.010068244331413845,412240,0.01170293253789124,0.007303530239660683
64,4819,6,2.4705148249769526,0.009341342993895108,296098,0.008357667689718715,0.0044453028781265
64,4820,5,2.5636759559693902,0.007173191355708708,426275,0.011756605839004373,0.0044584384017193335
64,4821,6,2.573107356211815,0.006851802011214048,289217,0.008044955193040177,0.0018316806936800045
64,4822,5,2.542096666375374,0.007278805443147629,401230,0.011442524038911255,0.0034717766894810653
64,4823,5,2.546828017365596,0.007838881369098383,409173,0.011626466755530331,0.004308481575042711
64,4824,6,2.5526261973883106,0.009085801168902452,296830,0.008332138469738475,0.004010430698698497
64,4825,5,2.5770953094426328,0.006797484636998585,402685,0.011432807593870198,0.005282323552525281
64,4826,5,2.5506421817476923,0.009340003729091828,390002,0.011040846080042722,0.004540585989750046
64,4827,5,2.6127808468102134,0.007904436512684798,402054,0.011182205304192453,0.0032217832822653003
64,4828,6,2.539314452473164,0.00989657018469936,296729,0.008341482374092893,0.006267298398740739
64,4829,1,3.623835235363575,0.01139390752694791,35582032,1.0,0.006815617048505973
64,4830,5,2.5367757911937665,0.00886991578033458,416411,0.01193728469952865,0.006230516329419511
64,4831,6,2.586539176704131,0.005159998361287332,312395,0.008548419320251324,0.00411249140618547
64,4832,6,2.54671888775147,0.006812787905014384,291057,0.008147147065357917,0.003005840838258611
64,4833,5,2.5563290400276055,0.005730396789452974,439288,0.012227680679077077,0.005222114690721702
64,4834,5,2.5455089325546862,0.007297986983625271,431648,0.01185363346237052,0.0023519019604358316
64,4835,5,2.554506962703396,0.009016622580294786,422102,0.01163561612969375,0.006721588747430229
64,4836,5,2.5885644764647724,0.006155334204898832,395739,0.011176299925947718,0.004451926741165901
64,4837,6,2.5451766456611873,0.009902813219693551,278611,0.007835311076003904,0.004073601651629927
64,4838,6,2.525702944068722,0.008702403512321433,283231,0.008095063137868388,0.0073614342640618835
64,4839,5,2.590220291284393,0.005570879017218089,423478,0.011878571856134074,0.006698644547666555
64,4840,7,2.541911175446967,0.00991432251494595,221444,0.006198963539924955,0.009549737082203746
64,4841,1,3.646444989658048,0.011059552443155596,34522708,1.0,0.004405331125692302
64,4842,5,2.547797410923551,0.009616499297424697,420761,0.01171741546443418,0.005773788641347755
64,4843,5,2.5786834927429756,0.007618024161573644,412977,0.011506163830262539,0.005928052430898889
64,4844,5,2.558608051166117,0.007043783035557083,446981,0.01239437917908676,0.0025404104760609336
64,4845,5,2.574381550976124,0.008107536352257971,413739,0.011273378816416067,0.0031411398256953604
64,4846,5,2.5506637753586254,0.010390439736265744,425772,0.01189101195982685,0.006510001242682306
64,4847,7,2.568001266475916,0.006382713254769801,224440,0.0062156211264874466,0.0059055010469766245
64,4848,6,2.546929063033545,0.006488148249146342,289598,0.008207803055806588,0.0033486988316734356
64,4849,6,2.545799715982372,0.005079848015776212,314991,0.008692323200959175,0.0032471399088734865
64,4850,5,2.614413527161772,0.007186970919025204,411538,0.01148132685100469,0.0035507863428445585
64,4851,6,2.4880107454206692,0.00823873297567801,300506,0.008640905072595956,0.0024182264470982706
64,4852,5,2.5504728988797796,0.007192194291389065,432508,0.011806932569521277,0.0032877403496199553
64,4853,5,2.520130725581788,0.01095113838848949,382800,0.01121136023585328,0.005366414615330828
64,4854,5,2.5363867549885484,0.0074172453404289795,437485,0.0120253414379492,0.001517497368731635
64,4855,6,2.5492980270748027,0.008813754135402085,277999,0.007873524013399993,0.004220279740880406
64,4856,6,2.567642288254314,0.0062295266712658615,287729,0.008351703342100721,0.003393556140998899
64,4857,5,2.5694699479325505,0.00523236371584429,422638,0.01154581755806333,0.003061736134789661
64,4858,5,2.550177168017059,0.008869591461492521,403875,0.011560527688462077,0.0031162411853315475
64,4859,5,2.5748672233920633,0.008605627610960731,406518,0.011247840178284068,0.00280374278987483
64,4860,1,3.666065416705618,0.01047764043337307,35250911,1.0,0.006124783093744868
64,4861,5,2.529456634164014,0.009958892480622428,412838,0.011730423425613357,0.00566639334926311
64,4862,6,2.5299490565505427,0.008896500571214161,284796,0.008075603912945923,0.0014022322358897554
64,4863,7,2.517223796487452,0.0105542976509867,214108,0.006112342891393863,0.010403092501321043
64,4864,5,2.5449268506011387,0.00811220044480232,416361,0.011695526480292625,0.007334753667614713
64,4865,7,2.509499862628869,0.008490601100757056,220379,0.006196592179380432,0.006858225948529556
64,4866,5,2.549720776099572,0.008258654429104118,420764,0.011450312400119247,0.0034558373078317772
64,4867,5,2.5394227414970807,0.007660321297232597,378013,0.011258363254085224,0.003808809311284772
64,4868,1,3.6361124988032403,0.011564158559251303,35583151,1.0,0.008118064636039812
64,4869,5,2.552103973942036,0.006883765341844927,392759,0.011357555501749978,0.003035131458982182
64,4870,6,2.529852709736863,0.007499901845450574,290344,0.008320242328519299,0.0035586255102177944
64,4871,6,2.5763566436012812,0.008600703908998808,293225,0.00812204768171733,0.004818347524464306
64,4872,5,2.526159312341653,0.010850275223889039,445532,0.012347684376833572,0.009842086298762709
64,4873,5,2.585630983947381,0.006175432364476374,412562,0.011389060895375822,0.002287903650148859
64,4874,5,2.5426855065818206,0.010945530748660226,407780,0.011464004030984241,0.008340778679807648
64,4875,6,2.527311887244016,0.007826669156336896,298248,0.008262114994286567,0.0025883232952466084
64,4876,6,2.560349843686125,0.007553035676130082,291394,0.008295739110771265,0.004382936058920595
64,4877,5,2.5729604608723586,0.007614017565409248,413853,0.011697278161886895,0.002247770183692488
64,4878,5,2.5109350604526157,0.009535255603392967,403075,0.011802472277915654,0.0057413677233610905
64,4879,5,2.554343113596511,0.004921222095786049,457481,0.012420051590286014,0.0064312174721260496
64,4880,5,2.566633606178788,0.006058491604839178,415670,0.011459739253782318,0.007326132997154955
64,4881,4,2.583490526183866,0.011713532931010573,635413,0.01773048171036659,0.008844228223920947
64,4882,7,2.539527080019058,0.007101215736860733,227392,0.0063705575529384925,0.00739598909412581
64,4883,6,2.4987593584109336,0.008150553817614203,284364,0.008025708548952775,0.007391523683278112
64,4884,6,2.4955334000382074,0.008808207278864555,285814,0.008122343441044408,0.00549487476154481
64,4885,6,2.5508413187427466,0.007577922523483438,294754,0.008189042373739321,0.006468685684045017
64,4886,6,2.5306082036469455,0.006970844416454458,287555,0.008189860186664616,0.0045431838689116155
64,4887,5,2.5547320409628385,0.007675842466184024,392025,0.01132732039302255,0.003726120637572383
64,4888,6,2.4931608276963795,0.006412997645377949,310790,0.008848114886618066,0.003310399003580211
64,4889,5,2.600760348277757,0.00728181953812479,405258,0.011496510931001559,0.008537235636373541
64,4890,5,2.5310282670348894,0.009521941516225763,392989,0.01140927341506821,0.0036768252753551778
64,4891,6,2.5058734555671283,0.008939502866048277,281180,0.00819714283015583,0.0025132165359381675
64,4892,6,2.511610781293543,0.010928685105694225,275166,0.008006679419965445,0.0043240651429376775
64,4893,6,2.5447328060266656,0.003742164603906195,289239,0.008269189523423266,0.004830459282651467
64,4894,5,2.5194815814986806,0.009415599286862197,408207,0.0115824193465874,0.0021915775665987125
64,4895,5,2.533024593758004,0.009637591452566707,428738,0.011795940448629161,0.004993401201040248
64,4896,1,3.6498928131157933,0.011073221396800559,34557987,1.0,0.006304715304045139
64,4897,5,2.548927016338621,0.010833262758176976,400914,0.011322617730566299,0.005077664107216551
64,4898,6,2.549333481796726,0.007958261706315084,274219,0.007907351865724591,0.0040124592505952905
64,4899,6,2.5445663561060528,0.008869659215868242,304138,0.008211816913025045,0.0036327350519045343
64,4900,5,2.5264879046422406,0.008735948826230744,441151,0.012050396136583194,0.007323562400197103
64,4901,6,2.5009326129927887,0.007121557231509423,315805,0.008812401481185528,0.00422448732919789
64,4902,5,2.5601241553775522,0.008805755380194846,417177,0.011496211015272532,0.0026729356986232577
64,4903,6,2.4724023924527514,0.009127208741890935,282436,0.008310302693910275,0.006454927574968128
64,4904,5,2.592475940479498,0.010669722296506257,388235,0.011146866043401904,0.004036875511339466
64,4905,5,2.5928856591723863,0.005648538534884562,434349,0.011880323199144954,0.0025995061949174447
64,4906,5,2.5309323971370215,0.008872541251266797,413618,0.011503964411798637,0.0030752388018180365
64,4907,6,2.5214759651528564,0.01079148160680743,264005,0.00767028799090693,0.007495884111055756
64,4908,5,2.5061434562450833,0.00805421771546777,442371,0.01236356495799606,0.005830013131687073
64,4909,6,2.5532573381046886,0.008004041716322519,290981,0.008218649559461505,0.0073153532561670565
64,4910,5,2.539695860104037,0.00615388394248173,408693,0.011837046692286718,0.005335380065189743
64,4911,6,2.4717189507667756,0.00874904944362831,287708,0.008358216031536412,0.004064892603117348
64,4912,5,2.559354160702801,0.00847233377262313,404457,0.011528870191415554,0.0037601452374642075
64,4913,6,2.543538043900769,0.004423437599937907,309921,0.008547713612581647,0.004033866188404622
64,4914,6,2.574896265873414,0.007078807129324849,280403,0.007912558473012199,0.005172117140552324
64,4915,5,2.5432463017311733,0.0062947717647605095,410311,0.01162182940818433,0.005736489434596037
64,4916,5,2.5946757658899746,0.004340081696897813,412867,0.011663096082270693,0.004731518508454241
64,4917,5,2.528697178201617,0.006537461086931207,408768,0.011444604087891361,0.004836242326503315
64,4918,6,2.5212558136517407,0.009359134281192727,296381,0.008324501792691338,0.0024466044900037787
64,4919,5,2.514974036924652,0.008420479089500721,416730,0.01185948554369607,0.006217117185070453
64,4920,5,2.5453110942364447,0.008342560912252384,381863,0.011074425435678326,0.003716861853250597
64,4921,6,2.5300879079842287,0.005915573169845811,287909,0.008242519109936538,0.0037773625605032057
64,4922,6,2.5563422711371335,0.005278929179825087,298149,0.00826313868400726,0.0029681730565027653
64,4923,6,2.604968590471196,0.005108623254144629,273041,0.00782014959103179,0.0037704520009476106
64,4924,6,2.542839564208832,0.006921299375630463,287768,0.008231743335565514,0.0034950753028003545
64,4925,6,2.5173573681904022,0.00817334466266817,303650,0.008504991644437404,0.0046532801204511864
64,4926,1,3.6318219006214707,0.011424314130312085,35876172,1.0,0.00581437937290874
64,4927,6,2.5559936189206156,0.007927199546986174,288302,0.008153067102896564,0.0021434238227810987
64,4928,6,2.5502489052950916,0.007527825819638956,302935,0.008377594081970306,0.004685015027105388
64,4929,5,2.539990865647593,0.008819891506740452,425775,0.012055799259212865,0.004628300690182385
64,4930,6,2.483655212741612,0.01171037119365359,297995,0.008514150884770835,0.004922866752265498
64,4931,6,2.568813526186809,0.006317722732489095,311386,0.008418917341278294,0.0023101198635303577
64,4932,7,2.5407761667793816,0.007678990709204414,225452,0.006338420996802535,0.006587739846111607
64,4933,6,2.552663512777705,0.004164910085105222,295839,0.008374513921855535,0.0070673700172502185
64,4934,5,2.5584305316666596,0.007647668380916017,377368,0.011121255868956566,0.005432597817518703
64,4935,5,2.5555629313198014,0.008226922915480772,404925,0.011529884475355447,0.0026084862142293774
64,4936,5,2.566380749217277,0.007441100842529469,406531,0.01139755082646689,0.0021524618586278577
64,4937,5,2.568599815909933,0.009228794550789399,411967,0.011339629056526744,0.0033977311944731747
64,4938,6,2.553197621175725,0.007162812103713723,304006,0.008465453528000022,0.004076498120491379
64,4939,5,2.537039479063149,0.006745388698255361,410423,0.011558757880545636,0.0019139304977525695
64,4940,5,2.5635104825995745,0.010137160933286093,402426,0.011415080071159236,0.007705653091374054
64,4941,4,2.583441066553725,0.009185040946899314,622878,0.01761853586351497,0.00422022736085792
64,4942,1,3.614872113401356,0.011587783963718401,35592842,1.0,0.004525287339356865
64,4943,5,2.555059714077636,0.008211154766352369,421861,0.011766296020574262,0.005717415235911294
64,4944,5,2.5309292500491,0.00987589966665292,429530,0.011899409226592422,0.006525163013372748
64,4945,6,2.5273754799490624,0.007789773254332943,291558,0.008156116001600352,0.001429063915966866
64,4946,6,2.5174774402755653,0.009536483435289345,300777,0.008515719711624584,0.0022384625521973955
64,4947,1,3.6073920878078773,0.011722617015791248,35683902,1.0,0.00724748417053267
64,4948,6,2.5850369677762526,0.008333823047489197,292640,0.008108324601081874,0.00208339017540643
64,4949,7,2.4823748263169887,0.009654722137417693,226760,0.006352850352721032,0.00789062445985933
64,4950,5,2.5521224273857643,0.007619298143156483,398213,0.01149117812502011,0.0017628571766706014
64,4951,6,2.572863420269307,0.008800585800914917,286065,0.007865165388290319,0.004198154358249828
64,4952,6,2.5017000536091043,0.011273541428709732,289370,0.008179105825904975,0.009334342680100138
64,4953,5,2.5544264886411776,0.010222688842316585,419697,0.01191836669785191,0.00437666353976085
64,4954,6,2.5543528115934824,0.008022055938046058,271122,0.00804095232265311,0.00433243782355508
64,4955,5,2.5088033291793637,0.009944098816417446,415621,0.011763986945464731,0.005748506070442305
64,4956,6,2.5000024460980437,0.0093806073272652,298478,0.008397230369605243,0.002553173002382114
64,4957,6,2.5226086468692173,0.009242401532012279,302690,0.008524789524104168,0.001571953374860935
64,4958,5,2.547074316618967,0.007094263582162086,417222,0.011828564823652117,0.002364792766138324
64,4959,5,2.5427788482416585,0.006493547852990167,420869,0.012039632847967942,0.0019985842698166945
64,4960,5,2.5368511901489534,0.005265093478392546,427691,0.012103395680952304,0.0049362409995302725
64,4961,6,2.4723818645541114,0.011045175123743367,283238,0.008223244609111793,0.00677603360299317
64,4962,5,2.6024858447532715,0.006961998878715514,405719,0.011511884889947052,0.004634503319654759
64,4963,5,2.494762809776392,0.010807359805601657,440755,0.012413462670712043,0.011838706486405559
64,4964,5,2.5337584325353744,0.0053270857599073684,440746,0.012373231478606299,0.005797691813098804
64,4965,5,2.605619864818103,0.007725401762964879,405338,0.011269029230366878,0.002597399721080973
64,4966,6,2.4902510213857925,0.008535520227208049,311049,0.00854881919141185,0.003657137726237214
64,4967,5,2.5437950495924952,0.0059209356030005544,420853,0.01193145031620457,0.005198668374764237
64,4968,1,3.6251784895784844,0.011417923671523611,35117273,1.0,0.009967737438558166
64,4969,5,2.5635108006914504,0.01025120036774585,412726,0.011553409331521033,0.004787914928066184
64,4970,6,2.588948886556542,0.006545371867535121,305978,0.00835207635809749,0.0033637620898728793
64,4971,6,2.534755347302691,0.008324056585563011,310087,0.008375410438651408,0.0015636710384510366
64,4972,1,3.6082190315683107,0.011160059566541092,36837991,1.0,0.004192077838925612
64,4973,6,2.5864763177082533,0.004163433862649835,312150,0.008523586249968565,0.00676794895500632
64,4974,7,2.498787606300189,0.007851957495079831,221689,0.0062168706309909585,0.006810425507135842
64,4975,5,2.5779729421321327,0.0054942429923919844,381165,0.011035794899622227,0.002736545746624297
64,4976,6,2.4815624426207754,0.005103011044045536,302067,0.008664208049759385,0.004176478895392188
64,4977,5,2.582619201321771,0.008272226426436324,392163,0.011311150983010703,0.002091226397089363
64,4978,5,2.5859275754423523,0.007525623024956851,410609,0.011369323606803136,0.0019936588323893334
64,4979,6,2.4989843066097297,0.008557364028646264,302082,0.008496008831650708,0.005243736375142305
64,4980,5,2.580919840416263,0.0059631223813949585,420662,0.011537716986682786,0.004241446389686265
64,4981,6,2.5497179792105653,0.004592701745497529,288891,0.008079561746890907,0.0035921004481184182
64,4982,6,2.517586836633715,0.0092113745334651,308652,0.008629052720947888,0.0017027080235197944
64,4983,6,2.513251554262444,0.009906118353523619,292880,0.008439859374099476,0.003577965021162921
64,4984,6,2.5386580433149173,0.007658692570851167,297170,0.008235608062210504,0.004198119938841893
64,4985,6,2.5391350629050105,0.0071255690360993995,291075,0.008304120441370955,0.0040396179842967506
64,4986,5,2.5612177101294673,0.006110120941912156,408593,0.011685294582715014,0.00347572476063851
64,4987,5,2.540469259797138,0.010013624076573802,399702,0.01152260802506283,0.00411398460965906
64,4988,5,2.585087669106141,0.009067492353231787,432938,0.011874783350167952,0.003776659207821109
64,4989,5,2.566419139572288,0.0075991882655482845,407477,0.011615388364971257,0.0018943864907405017
64,4990,5,2.5358070095271374,0.006910929039001257,405721,0.01149967044676444,0.006551464288242659
64,4991,5,2.500668496773248,0.011006367466027456,397786,0.011399136174122117,0.00556652555329884
64,4992,5,2.5362032774806726,0.009142015137053705,410371,0.01185405186635507,0.007820620656750377
64,4993,6,2.525692544831962,0.007576427848261291,267963,0.008022088697872949,0.0036888951687944482
64,4994,5,2.5889179915632328,0.006448996255557948,437615,0.012013866865441397,0.004047225348530414
64,4995,6,2.548805151810983,0.007318450782505925,297570,0.008290806393692021,0.0032301313203434434
64,4996,6,2.5443149058080654,0.006955939868661387,300752,0.008538495526241368,0.0027045260352838163
64,4997,5,2.5645432586620727,0.009208185877780273,416428,0.011690421508772041,0.0034274110869311203
64,4998,6,2.601661903509353,0.004937723891874413,281646,0.00793162300349216,0.0027811656309049138
