ts,N,Rg
2,1,0.0000
2,2,0.6000
2,3,0.8700
2,4,1.1223
2,5,1.3368
2,6,1.5386
2,7,1.7137
2,8,1.8726
2,9,2.0184
2,10,2.1918
2,11,2.3342
2,12,2.4707
2,13,2.5909
2,14,2.7429
2,15,2.8587
2,16,2.9706
2,17,3.0750
2,18,3.1776
2,19,3.3054
2,20,3.4157
2,21,3.5069
2,22,3.6000
2,23,3.6982
2,24,3.7889
2,25,3.8881
2,26,3.9852
2,27,4.0773
2,28,4.1714
2,29,4.2630
2,30,4.3627
2,31,4.4354
2,32,4.5115
2,33,4.5880
2,34,4.6694
2,35,4.7527
2,36,4.8268
2,37,4.9028
2,38,4.9839
2,39,5.0677
2,40,5.1421
2,41,5.2172
2,42,5.3005
2,43,5.3763
2,44,5.4519
2,45,5.5238
2,46,5.5970
2,47,5.6685
2,48,5.7460
2,49,5.8174
2,50,5.8880
2,51,5.9568
2,52,6.0248
2,53,6.0892
2,54,6.1568
2,55,6.2182
2,56,6.2870
2,57,6.3466
2,58,6.4162
2,59,6.4844
2,60,6.5458
2,61,6.6178
2,62,6.6863
2,63,6.7543
2,64,6.8147
2,65,6.8830
2,66,6.9504
2,67,7.0135
2,68,7.0720
2,69,7.1345
2,70,7.1937
2,71,7.2533
2,72,7.3159
2,73,7.3743
2,74,7.4348
2,75,7.4985
2,76,7.5536
2,77,7.6083
2,78,7.6659
2,79,7.7283
2,80,7.7861
2,81,7.8393
2,82,7.8896
2,83,7.9532
2,84,8.0139
2,85,8.0686
2,86,8.1307
2,87,8.1856
2,88,8.2407
2,89,8.2971
2,90,8.3545
2,91,8.4143
2,92,8.4699
2,93,8.5307
2,94,8.5897
2,95,8.6456
2,96,8.7042
2,97,8.7546
2,98,8.8091
2,99,8.8665
2,100,8.9217
2,101,8.9767
2,102,9.0301
2,103,9.0819
2,104,9.1351
2,105,9.1891
2,106,9.2429
2,107,9.2904
2,108,9.3389
2,109,9.3929
2,110,9.4443
2,111,9.4955
2,112,9.5438
2,113,9.5942
2,114,9.6485
2,115,9.7005
2,116,9.7507
2,117,9.7995
2,118,9.8477
2,119,9.8938
2,120,9.9446
2,121,9.9909
2,122,10.0373
2,123,10.0852
2,124,10.1297
2,125,10.1834
2,126,10.2318
2,127,10.2775
2,128,10.3262
2,129,10.3701
2,130,10.4130
2,131,10.4647
2,132,10.5125
2,133,10.5599
2,134,10.6020
2,135,10.6478
2,136,10.6937
2,137,10.7435
2,138,10.7921
2,139,10.8388
2,140,10.8826
2,141,10.9259
2,142,10.9674
2,143,11.0116
2,144,11.0529
2,145,11.0967
2,146,11.1346
2,147,11.1767
2,148,11.2176
2,149,11.2591
2,150,11.2993
2,151,11.3415
2,152,11.3891
2,153,11.4286
2,154,11.4692
2,155,11.5083
2,156,11.5524
2,157,11.5948
2,158,11.6445
2,159,11.6884
2,160,11.7307
2,161,11.7741
2,162,11.8169
2,163,11.8636
2,164,11.9091
2,165,11.9471
2,166,11.9898
2,167,12.0344
2,168,12.0777
2,169,12.1197
2,170,12.1649
2,171,12.2104
2,172,12.2554
2,173,12.3005
2,174,12.3471
2,175,12.3892
2,176,12.4294
2,177,12.4689
2,178,12.5134
2,179,12.5560
2,180,12.6014
2,181,12.6424
2,182,12.6869
2,183,12.7319
2,184,12.7773
2,185,12.8178
2,186,12.8587
2,187,12.9001
2,188,12.9422
2,189,12.9833
2,190,13.0212
2,191,13.0616
2,192,13.1059
2,193,13.1460
2,194,13.1887
2,195,13.2225
2,196,13.2616
2,197,13.3051
2,198,13.3468
2,199,13.3822
2,200,13.4207
2,201,13.4591
2,202,13.5003
2,203,13.5395
2,204,13.5742
2,205,13.6103
2,206,13.6480
2,207,13.6865
2,208,13.7261
2,209,13.7643
2,210,13.8028
2,211,13.8463
2,212,13.8855
2,213,13.9210
2,214,13.9625
2,215,14.0011
2,216,14.0383
2,217,14.0803
2,218,14.1195
2,219,14.1577
2,220,14.2011
2,221,14.2379
2,222,14.2773
2,223,14.3138
2,224,14.3490
2,225,14.3844
2,226,14.4257
2,227,14.4641
2,228,14.5037
2,229,14.5411
2,230,14.5748
2,231,14.6122
2,232,14.6509
2,233,14.6864
2,234,14.7235
2,235,14.7592
2,236,14.7958
2,237,14.8329
2,238,14.8695
2,239,14.9067
2,240,14.9440
2,241,14.9794
2,242,15.0158
2,243,15.0519
2,244,15.0870
2,245,15.1215
2,246,15.1588
2,247,15.1962
2,248,15.2322
2,249,15.2687
2,250,15.3058
2,251,15.3437
2,252,15.3781
2,253,15.4167
2,254,15.4523
2,255,15.4878
2,256,15.5227
2,257,15.5587
2,258,15.5913
2,259,15.6285
2,260,15.6631
2,261,15.7012
2,262,15.7367
2,263,15.7764
2,264,15.8105
2,265,15.8500
2,266,15.8829
2,267,15.9180
2,268,15.9519
2,269,15.9855
2,270,16.0212
2,271,16.0532
2,272,16.0894
2,273,16.1267
2,274,16.1648
2,275,16.2010
2,276,16.2315
2,277,16.2652
2,278,16.3005
2,279,16.3382
2,280,16.3738
2,281,16.4095
2,282,16.4446
2,283,16.4806
2,284,16.5165
2,285,16.5506
2,286,16.5855
2,287,16.6191
2,288,16.6532
2,289,16.6877
2,290,16.7209
2,291,16.7557
2,292,16.7918
2,293,16.8271
2,294,16.8618
2,295,16.8975
2,296,16.9332
2,297,16.9637
2,298,16.9973
2,299,17.0329
2,300,17.0654
2,301,17.0987
2,302,17.1309
2,303,17.1667
2,304,17.1992
2,305,17.2308
2,306,17.2629
2,307,17.2962
2,308,17.3316
2,309,17.3641
2,310,17.3957
2,311,17.4287
2,312,17.4592
2,313,17.4930
2,314,17.5271
2,315,17.5617
2,316,17.5959
2,317,17.6282
2,318,17.6594
2,319,17.6931
2,320,17.7245
2,321,17.7560
2,322,17.7868
2,323,17.8175
2,324,17.8502
2,325,17.8852
2,326,17.9179
2,327,17.9501
2,328,17.9814
2,329,18.0177
2,330,18.0469
2,331,18.0783
2,332,18.1106
2,333,18.1439
2,334,18.1774
2,335,18.2085
2,336,18.2409
2,337,18.2723
2,338,18.3076
2,339,18.3402
2,340,18.3746
2,341,18.4065
2,342,18.4385
2,343,18.4722
2,344,18.5044
2,345,18.5347
2,346,18.5661
2,347,18.5981
2,348,18.6343
2,349,18.6675
2,350,18.6982
2,351,18.7287
2,352,18.7618
2,353,18.7932
2,354,18.8248
2,355,18.8572
2,356,18.8910
2,357,18.9209
2,358,18.9511
2,359,18.9823
2,360,19.0110
2,361,19.0423
2,362,19.0727
2,363,19.1033
2,364,19.1352
2,365,19.1680
2,366,19.1966
2,367,19.2279
2,368,19.2586
2,369,19.2903
2,370,19.3236
2,371,19.3552
2,372,19.3851
2,373,19.4169
2,374,19.4473
2,375,19.4786
2,376,19.5070
2,377,19.5389
2,378,19.5700
2,379,19.5976
2,380,19.6264
2,381,19.6586
2,382,19.6907
2,383,19.7206
2,384,19.7502
2,385,19.7823
2,386,19.8109
2,387,19.8436
2,388,19.8707
2,389,19.9018
2,390,19.9305
2,391,19.9605
2,392,19.9906
2,393,20.0209
2,394,20.0536
2,395,20.0826
2,396,20.1127
2,397,20.1449
2,398,20.1751
2,399,20.2065
2,400,20.2385
2,401,20.2664
2,402,20.2965
2,403,20.3267
2,404,20.3569
2,405,20.3880
2,406,20.4152
2,407,20.4458
2,408,20.4747
2,409,20.5033
2,410,20.5313
2,411,20.5622
2,412,20.5909
2,413,20.6217
2,414,20.6501
2,415,20.6802
2,416,20.7078
2,417,20.7374
2,418,20.7671
2,419,20.7973
2,420,20.8276
2,421,20.8566
2,422,20.8847
2,423,20.9143
2,424,20.9414
2,425,20.9694
2,426,20.9968
2,427,21.0260
2,428,21.0560
2,429,21.0857
2,430,21.1146
2,431,21.1444
2,432,21.1739
2,433,21.2035
2,434,21.2324
2,435,21.2610
2,436,21.2887
2,437,21.3168
2,438,21.3451
2,439,21.3730
2,440,21.4001
2,441,21.4280
2,442,21.4568
2,443,21.4848
2,444,21.5138
2,445,21.5418
2,446,21.5707
2,447,21.5980
2,448,21.6268
2,449,21.6554
2,450,21.6829
2,451,21.7101
2,452,21.7398
2,453,21.7658
2,454,21.7939
2,455,21.8229
2,456,21.8499
2,457,21.8769
2,458,21.9063
2,459,21.9339
2,460,21.9625
2,461,21.9903
2,462,22.0178
2,463,22.0455
2,464,22.0704
2,465,22.0976
2,466,22.1244
2,467,22.1522
2,468,22.1801
2,469,22.2077
2,470,22.2376
2,471,22.2641
2,472,22.2909
2,473,22.3199
2,474,22.3486
2,475,22.3768
2,476,22.4055
2,477,22.4308
2,478,22.4571
2,479,22.4845
2,480,22.5132
2,481,22.5398
2,482,22.5670
2,483,22.5966
2,484,22.6246
2,485,22.6518
2,486,22.6767
2,487,22.7039
2,488,22.7303
2,489,22.7587
2,490,22.7849
2,491,22.8116
2,492,22.8382
2,493,22.8630
2,494,22.8895
2,495,22.9152
2,496,22.9414
2,497,22.9685
2,498,22.9973
2,499,23.0234
2,500,23.0510
2,501,23.0809
2,502,23.1092
2,503,23.1355
2,504,23.1635
2,505,23.1911
2,506,23.2185
2,507,23.2475
2,508,23.2733
2,509,23.3011
2,510,23.3265
2,511,23.3536
2,512,23.3801
2,513,23.4081
2,514,23.4353
2,515,23.4614
2,516,23.4887
2,517,23.5124
2,518,23.5389
2,519,23.5640
2,520,23.5925
2,521,23.6196
2,522,23.6459
2,523,23.6732
2,524,23.6993
2,525,23.7275
2,526,23.7556
2,527,23.7814
2,528,23.8088
2,529,23.8370
2,530,23.8634
2,531,23.8908
2,532,23.9172
2,533,23.9420
2,534,23.9666
2,535,23.9921
2,536,24.0179
2,537,24.0425
2,538,24.0708
2,539,24.0972
2,540,24.1241
2,541,24.1493
2,542,24.1746
2,543,24.1989
2,544,24.2246
2,545,24.2486
2,546,24.2750
2,547,24.3021
2,548,24.3293
2,549,24.3554
2,550,24.3813
2,551,24.4064
2,552,24.4322
2,553,24.4581
2,554,24.4847
2,555,24.5087
2,556,24.5336
2,557,24.5576
2,558,24.5823
2,559,24.6087
2,560,24.6324
2,561,24.6563
2,562,24.6822
2,563,24.7070
2,564,24.7334
2,565,24.7583
2,566,24.7826
2,567,24.8076
2,568,24.8337
2,569,24.8591
2,570,24.8850
2,571,24.9113
2,572,24.9354
2,573,24.9592
2,574,24.9845
2,575,25.0102
2,576,25.0350
2,577,25.0600
2,578,25.0864
2,579,25.1100
2,580,25.1359
2,581,25.1610
2,582,25.1867
2,583,25.2126
2,584,25.2364
2,585,25.2627
2,586,25.2874
2,587,25.3135
2,588,25.3392
2,589,25.3658
2,590,25.3911
2,591,25.4166
2,592,25.4408
2,593,25.4657
2,594,25.4903
2,595,25.5146
2,596,25.5380
2,597,25.5635
2,598,25.5892
2,599,25.6133
2,600,25.6379
2,601,25.6636
2,602,25.6893
2,603,25.7155
2,604,25.7398
2,605,25.7648
2,606,25.7896
2,607,25.8150
2,608,25.8389
2,609,25.8668
2,610,25.8908
2,611,25.9151
2,612,25.9400
2,613,25.9640
2,614,25.9893
2,615,26.0144
2,616,26.0380
2,617,26.0609
2,618,26.0857
2,619,26.1098
2,620,26.1324
2,621,26.1581
2,622,26.1828
2,623,26.2046
2,624,26.2291
2,625,26.2558
2,626,26.2808
2,627,26.3074
2,628,26.3319
2,629,26.3580
2,630,26.3807
2,631,26.4055
2,632,26.4313
2,633,26.4553
2,634,26.4791
2,635,26.5033
2,636,26.5285
2,637,26.5534
2,638,26.5768
2,639,26.6029
2,640,26.6253
2,641,26.6506
2,642,26.6731
2,643,26.6967
2,644,26.7198
2,645,26.7447
2,646,26.7699
2,647,26.7937
2,648,26.8202
2,649,26.8443
2,650,26.8678
2,651,26.8912
2,652,26.9163
2,653,26.9393
2,654,26.9642
2,655,26.9890
2,656,27.0120
2,657,27.0374
2,658,27.0607
2,659,27.0858
2,660,27.1074
2,661,27.1304
2,662,27.1527
2,663,27.1754
2,664,27.1983
2,665,27.2211
2,666,27.2455
2,667,27.2698
2,668,27.2929
2,669,27.3166
2,670,27.3405
2,671,27.3661
2,672,27.3905
2,673,27.4154
2,674,27.4393
2,675,27.4631
2,676,27.4883
2,677,27.5125
2,678,27.5366
2,679,27.5595
2,680,27.5847
2,681,27.6073
2,682,27.6318
2,683,27.6556
2,684,27.6813
2,685,27.7040
2,686,27.7292
2,687,27.7530
2,688,27.7756
2,689,27.7979
2,690,27.8204
2,691,27.8422
2,692,27.8659
2,693,27.8895
2,694,27.9129
2,695,27.9380
2,696,27.9606
2,697,27.9844
2,698,28.0082
2,699,28.0312
2,700,28.0547
2,701,28.0797
2,702,28.1030
2,703,28.1264
2,704,28.1490
2,705,28.1728
2,706,28.1952
2,707,28.2179
2,708,28.2411
2,709,28.2644
2,710,28.2889
2,711,28.3113
2,712,28.3350
2,713,28.3595
2,714,28.3838
2,715,28.4073
2,716,28.4309
2,717,28.4528
2,718,28.4752
2,719,28.4984
2,720,28.5207
2,721,28.5443
2,722,28.5681
2,723,28.5913
2,724,28.6152
2,725,28.6381
2,726,28.6618
2,727,28.6856
2,728,28.7080
2,729,28.7315
2,730,28.7542
2,731,28.7773
2,732,28.8009
2,733,28.8243
2,734,28.8451
2,735,28.8681
2,736,28.8906
2,737,28.9129
2,738,28.9351
2,739,28.9577
2,740,28.9808
2,741,29.0030
2,742,29.0260
2,743,29.0493
2,744,29.0716
2,745,29.0942
2,746,29.1176
2,747,29.1415
2,748,29.1647
2,749,29.1869
2,750,29.2101
2,751,29.2334
2,752,29.2558
2,753,29.2774
2,754,29.3010
2,755,29.3239
2,756,29.3480
2,757,29.3698
2,758,29.3926
2,759,29.4159
2,760,29.4381
2,761,29.4606
2,762,29.4849
2,763,29.5078
2,764,29.5299
2,765,29.5531
2,766,29.5753
2,767,29.5988
2,768,29.6225
2,769,29.6438
2,770,29.6659
2,771,29.6884
2,772,29.7116
2,773,29.7334
2,774,29.7547
2,775,29.7772
2,776,29.8003
2,777,29.8240
2,778,29.8456
2,779,29.8675
2,780,29.8899
2,781,29.9111
2,782,29.9335
2,783,29.9564
2,784,29.9776
2,785,30.0004
2,786,30.0207
2,787,30.0437
2,788,30.0665
2,789,30.0893
2,790,30.1118
2,791,30.1332
2,792,30.1541
2,793,30.1743
2,794,30.1962
2,795,30.2192
2,796,30.2407
2,797,30.2639
2,798,30.2857
2,799,30.3069
2,800,30.3294
2,801,30.3510
2,802,30.3732
2,803,30.3940
2,804,30.4175
2,805,30.4394
2,806,30.4633
2,807,30.4853
2,808,30.5067
2,809,30.5289
2,810,30.5495
2,811,30.5706
2,812,30.5923
2,813,30.6154
2,814,30.6382
2,815,30.6595
2,816,30.6787
2,817,30.6987
2,818,30.7200
2,819,30.7439
2,820,30.7660
2,821,30.7866
2,822,30.8103
2,823,30.8326
2,824,30.8549
2,825,30.8749
2,826,30.8963
2,827,30.9183
2,828,30.9393
2,829,30.9624
2,830,30.9838
2,831,31.0047
2,832,31.0258
2,833,31.0467
2,834,31.0681
2,835,31.0897
2,836,31.1105
2,837,31.1321
2,838,31.1542
2,839,31.1758
2,840,31.1965
2,841,31.2161
2,842,31.2387
2,843,31.2612
2,844,31.2818
2,845,31.3033
2,846,31.3262
2,847,31.3483
2,848,31.3692
2,849,31.3916
2,850,31.4136
2,851,31.4345
2,852,31.4551
2,853,31.4767
2,854,31.4988
2,855,31.5198
2,856,31.5404
2,857,31.5618
2,858,31.5839
2,859,31.6057
2,860,31.6273
2,861,31.6484
2,862,31.6693
2,863,31.6898
2,864,31.7117
2,865,31.7317
2,866,31.7524
2,867,31.7746
2,868,31.7972
2,869,31.8194
2,870,31.8391
2,871,31.8597
2,872,31.8793
2,873,31.9016
2,874,31.9234
2,875,31.9452
2,876,31.9656
2,877,31.9869
2,878,32.0082
2,879,32.0288
2,880,32.0489
2,881,32.0709
2,882,32.0912
2,883,32.1122
2,884,32.1329
2,885,32.1550
2,886,32.1754
2,887,32.1972
2,888,32.2178
2,889,32.2395
2,890,32.2613
2,891,32.2832
2,892,32.3033
2,893,32.3215
2,894,32.3412
2,895,32.3628
2,896,32.3840
2,897,32.4050
2,898,32.4268
2,899,32.4478
2,900,32.4685
2,901,32.4882
2,902,32.5091
2,903,32.5305
2,904,32.5515
2,905,32.5726
2,906,32.5935
2,907,32.6137
2,908,32.6358
2,909,32.6562
2,910,32.6767
2,911,32.6980
2,912,32.7193
2,913,32.7383
2,914,32.7592
2,915,32.7797
2,916,32.8004
2,917,32.8231
2,918,32.8442
2,919,32.8653
2,920,32.8853
2,921,32.9065
2,922,32.9275
2,923,32.9485
2,924,32.9692
2,925,32.9914
2,926,33.0124
2,927,33.0344
2,928,33.0551
2,929,33.0751
2,930,33.0952
2,931,33.1158
2,932,33.1372
2,933,33.1584
2,934,33.1788
2,935,33.1995
2,936,33.2204
2,937,33.2400
2,938,33.2619
2,939,33.2827
2,940,33.3032
2,941,33.3249
2,942,33.3440
2,943,33.3658
2,944,33.3857
2,945,33.4061
2,946,33.4257
2,947,33.4449
2,948,33.4653
2,949,33.4856
2,950,33.5059
2,951,33.5256
2,952,33.5459
2,953,33.5658
2,954,33.5872
2,955,33.6083
2,956,33.6293
2,957,33.6486
2,958,33.6691
2,959,33.6886
2,960,33.7108
2,961,33.7317
2,962,33.7536
2,963,33.7747
2,964,33.7955
2,965,33.8155
2,966,33.8336
2,967,33.8548
2,968,33.8753
2,969,33.8947
2,970,33.9151
2,971,33.9367
2,972,33.9558
2,973,33.9762
2,974,33.9966
2,975,34.0163
2,976,34.0369
2,977,34.0571
2,978,34.0780
2,979,34.0987
2,980,34.1195
2,981,34.1400
2,982,34.1602
2,983,34.1794
2,984,34.2006
2,985,34.2210
2,986,34.2411
2,987,34.2619
2,988,34.2828
2,989,34.3028
2,990,34.3232
2,991,34.3428
2,992,34.3618
2,993,34.3817
2,994,34.4027
2,995,34.4237
2,996,34.4439
2,997,34.4630
2,998,34.4837
2,999,34.5042
2,1000,34.5242
2,1001,34.5441
2,1002,34.5649
2,1003,34.5863
2,1004,34.6055
2,1005,34.6257
2,1006,34.6467
2,1007,34.6672
2,1008,34.6896
2,1009,34.7099
2,1010,34.7305
2,1011,34.7509
2,1012,34.7724
2,1013,34.7918
2,1014,34.8122
2,1015,34.8326
2,1016,34.8500
2,1017,34.8714
2,1018,34.8928
2,1019,34.9136
2,1020,34.9343
2,1021,34.9550
2,1022,34.9751
2,1023,34.9940
2,1024,35.0131
2,1025,35.0346
2,1026,35.0551
2,1027,35.0759
2,1028,35.0953
2,1029,35.1149
2,1030,35.1345
2,1031,35.1546
2,1032,35.1742
2,1033,35.1951
2,1034,35.2150
2,1035,35.2342
2,1036,35.2549
2,1037,35.2739
2,1038,35.2949
2,1039,35.3146
2,1040,35.3349
2,1041,35.3542
2,1042,35.3748
2,1043,35.3948
2,1044,35.4125
2,1045,35.4314
2,1046,35.4517
2,1047,35.4714
2,1048,35.4908
2,1049,35.5108
2,1050,35.5313
2,1051,35.5518
2,1052,35.5715
2,1053,35.5902
2,1054,35.6093
2,1055,35.6299
2,1056,35.6485
2,1057,35.6684
2,1058,35.6892
2,1059,35.7090
2,1060,35.7295
2,1061,35.7495
2,1062,35.7706
2,1063,35.7907
2,1064,35.8118
2,1065,35.8314
2,1066,35.8516
2,1067,35.8717
2,1068,35.8903
2,1069,35.9109
2,1070,35.9318
2,1071,35.9518
2,1072,35.9721
2,1073,35.9904
2,1074,36.0097
2,1075,36.0307
2,1076,36.0501
2,1077,36.0694
2,1078,36.0899
2,1079,36.1077
2,1080,36.1285
2,1081,36.1487
2,1082,36.1677
2,1083,36.1873
2,1084,36.2081
2,1085,36.2279
2,1086,36.2482
2,1087,36.2672
2,1088,36.2869
2,1089,36.3049
2,1090,36.3258
2,1091,36.3451
2,1092,36.3654
2,1093,36.3849
2,1094,36.4051
2,1095,36.4248
2,1096,36.4446
2,1097,36.4631
2,1098,36.4820
2,1099,36.5012
2,1100,36.5209
2,1101,36.5406
2,1102,36.5601
2,1103,36.5799
2,1104,36.5997
2,1105,36.6198
2,1106,36.6398
2,1107,36.6603
2,1108,36.6788
2,1109,36.6981
2,1110,36.7169
2,1111,36.7351
2,1112,36.7554
2,1113,36.7750
2,1114,36.7952
2,1115,36.8153
2,1116,36.8345
2,1117,36.8538
2,1118,36.8750
2,1119,36.8944
2,1120,36.9125
2,1121,36.9331
2,1122,36.9543
2,1123,36.9727
2,1124,36.9910
2,1125,37.0110
2,1126,37.0290
2,1127,37.0491
2,1128,37.0679
2,1129,37.0874
2,1130,37.1061
2,1131,37.1249
2,1132,37.1442
2,1133,37.1630
2,1134,37.1812
2,1135,37.2001
2,1136,37.2213
2,1137,37.2401
2,1138,37.2601
2,1139,37.2796
2,1140,37.2990
2,1141,37.3174
2,1142,37.3358
2,1143,37.3547
2,1144,37.3728
2,1145,37.3919
2,1146,37.4106
2,1147,37.4307
2,1148,37.4508
2,1149,37.4697
2,1150,37.4888
2,1151,37.5065
2,1152,37.5248
2,1153,37.5446
2,1154,37.5624
2,1155,37.5812
2,1156,37.5990
2,1157,37.6179
2,1158,37.6358
2,1159,37.6547
2,1160,37.6719
2,1161,37.6902
2,1162,37.7093
2,1163,37.7311
2,1164,37.7500
2,1165,37.7679
2,1166,37.7872
2,1167,37.8064
2,1168,37.8253
2,1169,37.8443
2,1170,37.8625
2,1171,37.8812
2,1172,37.9012
2,1173,37.9190
2,1174,37.9382
2,1175,37.9578
2,1176,37.9763
2,1177,37.9957
2,1178,38.0159
2,1179,38.0341
2,1180,38.0522
2,1181,38.0712
2,1182,38.0894
2,1183,38.1083
2,1184,38.1274
2,1185,38.1463
2,1186,38.1656
2,1187,38.1845
2,1188,38.2026
2,1189,38.2216
2,1190,38.2402
2,1191,38.2584
2,1192,38.2776
2,1193,38.2955
2,1194,38.3137
2,1195,38.3327
2,1196,38.3506
2,1197,38.3699
2,1198,38.3899
2,1199,38.4080
2,1200,38.4267
2,1201,38.4460
2,1202,38.4659
2,1203,38.4850
2,1204,38.5034
2,1205,38.5214
2,1206,38.5410
2,1207,38.5593
2,1208,38.5785
2,1209,38.5953
2,1210,38.6118
2,1211,38.6301
2,1212,38.6486
2,1213,38.6684
2,1214,38.6869
2,1215,38.7049
2,1216,38.7222
2,1217,38.7407
2,1218,38.7609
2,1219,38.7792
2,1220,38.7981
2,1221,38.8176
2,1222,38.8369
2,1223,38.8541
2,1224,38.8731
2,1225,38.8922
2,1226,38.9105
2,1227,38.9299
2,1228,38.9494
2,1229,38.9664
2,1230,38.9855
2,1231,39.0044
2,1232,39.0229
2,1233,39.0415
2,1234,39.0589
2,1235,39.0779
2,1236,39.0953
2,1237,39.1146
2,1238,39.1344
2,1239,39.1537
2,1240,39.1727
2,1241,39.1916
2,1242,39.2108
2,1243,39.2303
2,1244,39.2489
2,1245,39.2662
2,1246,39.2852
2,1247,39.3035
2,1248,39.3224
2,1249,39.3421
2,1250,39.3581
2,1251,39.3757
2,1252,39.3962
2,1253,39.4152
2,1254,39.4331
2,1255,39.4508
2,1256,39.4705
2,1257,39.4890
2,1258,39.5083
2,1259,39.5270
2,1260,39.5439
2,1261,39.5619
2,1262,39.5801
2,1263,39.5988
2,1264,39.6173
2,1265,39.6358
2,1266,39.6533
2,1267,39.6708
2,1268,39.6904
2,1269,39.7089
2,1270,39.7263
2,1271,39.7455
2,1272,39.7634
2,1273,39.7826
2,1274,39.8005
2,1275,39.8177
2,1276,39.8372
2,1277,39.8552
2,1278,39.8741
2,1279,39.8931
2,1280,39.9120
2,1281,39.9299
2,1282,39.9473
2,1283,39.9663
2,1284,39.9838
2,1285,40.0016
2,1286,40.0192
2,1287,40.0366
2,1288,40.0550
2,1289,40.0740
2,1290,40.0924
2,1291,40.1097
2,1292,40.1281
2,1293,40.1453
2,1294,40.1641
2,1295,40.1819
2,1296,40.2003
2,1297,40.2187
2,1298,40.2367
2,1299,40.2558
2,1300,40.2729
2,1301,40.2904
2,1302,40.3084
2,1303,40.3263
2,1304,40.3445
2,1305,40.3622
2,1306,40.3802
2,1307,40.3985
2,1308,40.4178
2,1309,40.4362
2,1310,40.4529
2,1311,40.4710
2,1312,40.4891
2,1313,40.5080
2,1314,40.5257
2,1315,40.5438
2,1316,40.5627
2,1317,40.5814
2,1318,40.6000
2,1319,40.6187
2,1320,40.6374
2,1321,40.6559
2,1322,40.6744
2,1323,40.6921
2,1324,40.7098
2,1325,40.7283
2,1326,40.7447
2,1327,40.7638
2,1328,40.7824
2,1329,40.7988
2,1330,40.8172
2,1331,40.8351
2,1332,40.8538
2,1333,40.8719
2,1334,40.8879
2,1335,40.9058
2,1336,40.9227
2,1337,40.9408
2,1338,40.9580
2,1339,40.9757
2,1340,40.9930
2,1341,41.0106
2,1342,41.0295
2,1343,41.0469
2,1344,41.0657
2,1345,41.0836
2,1346,41.1019
2,1347,41.1210
2,1348,41.1384
2,1349,41.1564
2,1350,41.1756
2,1351,41.1920
2,1352,41.2093
2,1353,41.2272
2,1354,41.2444
2,1355,41.2632
2,1356,41.2816
2,1357,41.2996
2,1358,41.3179
2,1359,41.3357
2,1360,41.3532
2,1361,41.3711
2,1362,41.3890
2,1363,41.4066
2,1364,41.4234
2,1365,41.4411
2,1366,41.4599
2,1367,41.4772
2,1368,41.4948
2,1369,41.5123
2,1370,41.5305
2,1371,41.5477
2,1372,41.5663
2,1373,41.5831
2,1374,41.6006
2,1375,41.6182
2,1376,41.6370
2,1377,41.6545
2,1378,41.6736
2,1379,41.6919
2,1380,41.7077
2,1381,41.7246
2,1382,41.7420
2,1383,41.7598
2,1384,41.7768
2,1385,41.7947
2,1386,41.8123
2,1387,41.8298
2,1388,41.8479
2,1389,41.8646
2,1390,41.8842
2,1391,41.9013
2,1392,41.9186
2,1393,41.9362
2,1394,41.9541
2,1395,41.9703
2,1396,41.9876
2,1397,42.0048
2,1398,42.0232
2,1399,42.0420
2,1400,42.0584
2,1401,42.0764
2,1402,42.0936
2,1403,42.1111
2,1404,42.1303
2,1405,42.1479
2,1406,42.1656
2,1407,42.1837
2,1408,42.2019
2,1409,42.2201
2,1410,42.2383
2,1411,42.2557
2,1412,42.2719
2,1413,42.2895
2,1414,42.3068
2,1415,42.3255
2,1416,42.3435
2,1417,42.3605
2,1418,42.3772
2,1419,42.3944
2,1420,42.4096
2,1421,42.4276
2,1422,42.4443
2,1423,42.4626
2,1424,42.4799
2,1425,42.4968
2,1426,42.5132
2,1427,42.5318
2,1428,42.5494
2,1429,42.5672
2,1430,42.5845
2,1431,42.6017
2,1432,42.6204
2,1433,42.6385
2,1434,42.6560
2,1435,42.6730
2,1436,42.6904
2,1437,42.7088
2,1438,42.7252
2,1439,42.7427
2,1440,42.7593
2,1441,42.7768
2,1442,42.7942
2,1443,42.8111
2,1444,42.8290
2,1445,42.8473
2,1446,42.8642
2,1447,42.8809
2,1448,42.8980
2,1449,42.9145
2,1450,42.9315
2,1451,42.9486
2,1452,42.9656
2,1453,42.9830
2,1454,43.0006
2,1455,43.0169
2,1456,43.0352
2,1457,43.0525
2,1458,43.0702
2,1459,43.0874
2,1460,43.1038
2,1461,43.1213
2,1462,43.1384
2,1463,43.1565
2,1464,43.1756
2,1465,43.1932
2,1466,43.2118
2,1467,43.2290
2,1468,43.2466
2,1469,43.2638
2,1470,43.2814
2,1471,43.2979
2,1472,43.3147
2,1473,43.3313
2,1474,43.3494
2,1475,43.3664
2,1476,43.3839
2,1477,43.4018
2,1478,43.4187
2,1479,43.4358
2,1480,43.4533
2,1481,43.4696
2,1482,43.4881
2,1483,43.5051
2,1484,43.5222
2,1485,43.5392
2,1486,43.5560
2,1487,43.5730
2,1488,43.5913
2,1489,43.6082
2,1490,43.6241
2,1491,43.6408
2,1492,43.6579
2,1493,43.6748
2,1494,43.6946
2,1495,43.7123
2,1496,43.7293
2,1497,43.7468
2,1498,43.7631
2,1499,43.7793
2,1500,43.7970
2,1501,43.8141
2,1502,43.8319
2,1503,43.8492
2,1504,43.8657
2,1505,43.8822
2,1506,43.8991
2,1507,43.9160
2,1508,43.9333
2,1509,43.9505
2,1510,43.9676
2,1511,43.9851
2,1512,44.0016
2,1513,44.0181
2,1514,44.0350
2,1515,44.0517
2,1516,44.0685
2,1517,44.0856
2,1518,44.1021
2,1519,44.1199
2,1520,44.1374
2,1521,44.1547
2,1522,44.1721
2,1523,44.1895
2,1524,44.2067
2,1525,44.2234
2,1526,44.2383
2,1527,44.2563
2,1528,44.2733
2,1529,44.2909
2,1530,44.3083
2,1531,44.3246
2,1532,44.3407
2,1533,44.3580
2,1534,44.3739
2,1535,44.3917
2,1536,44.4099
2,1537,44.4273
2,1538,44.4442
2,1539,44.4617
2,1540,44.4790
2,1541,44.4968
2,1542,44.5144
2,1543,44.5319
2,1544,44.5501
2,1545,44.5676
2,1546,44.5852
2,1547,44.6017
2,1548,44.6190
2,1549,44.6369
2,1550,44.6550
2,1551,44.6714
2,1552,44.6884
2,1553,44.7053
2,1554,44.7228
2,1555,44.7400
2,1556,44.7574
2,1557,44.7747
2,1558,44.7920
2,1559,44.8092
2,1560,44.8268
2,1561,44.8424
2,1562,44.8586
2,1563,44.8757
2,1564,44.8919
2,1565,44.9081
2,1566,44.9254
2,1567,44.9419
2,1568,44.9593
2,1569,44.9750
2,1570,44.9917
2,1571,45.0095
2,1572,45.0270
2,1573,45.0436
2,1574,45.0607
2,1575,45.0772
2,1576,45.0942
2,1577,45.1102
2,1578,45.1272
2,1579,45.1437
2,1580,45.1606
2,1581,45.1771
2,1582,45.1933
2,1583,45.2098
2,1584,45.2267
2,1585,45.2437
2,1586,45.2604
2,1587,45.2765
2,1588,45.2930
2,1589,45.3107
2,1590,45.3270
2,1591,45.3433
2,1592,45.3600
2,1593,45.3761
2,1594,45.3929
2,1595,45.4104
2,1596,45.4272
2,1597,45.4442
2,1598,45.4603
2,1599,45.4764
2,1600,45.4923
2,1601,45.5089
2,1602,45.5257
2,1603,45.5416
2,1604,45.5574
2,1605,45.5748
2,1606,45.5919
2,1607,45.6091
2,1608,45.6250
2,1609,45.6430
2,1610,45.6596
2,1611,45.6766
2,1612,45.6933
2,1613,45.7101
2,1614,45.7262
2,1615,45.7434
2,1616,45.7602
2,1617,45.7768
2,1618,45.7936
2,1619,45.8104
2,1620,45.8268
2,1621,45.8444
2,1622,45.8609
2,1623,45.8777
2,1624,45.8944
2,1625,45.9124
2,1626,45.9298
2,1627,45.9465
2,1628,45.9638
2,1629,45.9801
2,1630,45.9966
2,1631,46.0134
2,1632,46.0294
2,1633,46.0474
2,1634,46.0626
2,1635,46.0809
2,1636,46.0965
2,1637,46.1114
2,1638,46.1280
2,1639,46.1444
2,1640,46.1612
2,1641,46.1764
2,1642,46.1937
2,1643,46.2106
2,1644,46.2279
2,1645,46.2448
2,1646,46.2616
2,1647,46.2778
2,1648,46.2932
2,1649,46.3090
2,1650,46.3246
2,1651,46.3419
2,1652,46.3574
2,1653,46.3749
2,1654,46.3914
2,1655,46.4088
2,1656,46.4259
2,1657,46.4421
2,1658,46.4580
2,1659,46.4750
2,1660,46.4920
2,1661,46.5081
2,1662,46.5236
2,1663,46.5407
2,1664,46.5567
2,1665,46.5735
2,1666,46.5900
2,1667,46.6081
2,1668,46.6232
2,1669,46.6394
2,1670,46.6556
2,1671,46.6722
2,1672,46.6898
2,1673,46.7064
2,1674,46.7221
2,1675,46.7381
2,1676,46.7547
2,1677,46.7718
2,1678,46.7877
2,1679,46.8044
2,1680,46.8206
2,1681,46.8361
2,1682,46.8524
2,1683,46.8684
2,1684,46.8852
2,1685,46.9006
2,1686,46.9177
2,1687,46.9341
2,1688,46.9500
2,1689,46.9664
2,1690,46.9835
2,1691,46.9991
2,1692,47.0150
2,1693,47.0320
2,1694,47.0493
2,1695,47.0655
2,1696,47.0816
2,1697,47.0975
2,1698,47.1137
2,1699,47.1305
2,1700,47.1471
2,1701,47.1632
2,1702,47.1802
2,1703,47.1970
2,1704,47.2144
2,1705,47.2302
2,1706,47.2455
2,1707,47.2622
2,1708,47.2778
2,1709,47.2934
2,1710,47.3104
2,1711,47.3264
2,1712,47.3439
2,1713,47.3604
2,1714,47.3763
2,1715,47.3913
2,1716,47.4076
2,1717,47.4243
2,1718,47.4424
2,1719,47.4585
2,1720,47.4748
2,1721,47.4899
2,1722,47.5057
2,1723,47.5205
2,1724,47.5375
2,1725,47.5548
2,1726,47.5717
2,1727,47.5870
2,1728,47.6036
2,1729,47.6199
2,1730,47.6362
2,1731,47.6520
2,1732,47.6688
2,1733,47.6835
2,1734,47.6994
2,1735,47.7151
2,1736,47.7305
2,1737,47.7474
2,1738,47.7642
2,1739,47.7788
2,1740,47.7955
2,1741,47.8102
2,1742,47.8257
2,1743,47.8425
2,1744,47.8587
2,1745,47.8747
2,1746,47.8906
2,1747,47.9057
2,1748,47.9219
2,1749,47.9381
2,1750,47.9552
2,1751,47.9722
2,1752,47.9870
2,1753,48.0034
2,1754,48.0190
2,1755,48.0349
2,1756,48.0517
2,1757,48.0698
2,1758,48.0855
2,1759,48.1011
2,1760,48.1168
2,1761,48.1323
2,1762,48.1485
2,1763,48.1635
2,1764,48.1799
2,1765,48.1970
2,1766,48.2136
2,1767,48.2301
2,1768,48.2462
2,1769,48.2630
2,1770,48.2789
2,1771,48.2945
2,1772,48.3106
2,1773,48.3252
2,1774,48.3404
2,1775,48.3567
2,1776,48.3726
2,1777,48.3879
2,1778,48.4044
2,1779,48.4213
2,1780,48.4382
2,1781,48.4546
2,1782,48.4717
2,1783,48.4875
2,1784,48.5035
2,1785,48.5193
2,1786,48.5358
2,1787,48.5519
2,1788,48.5682
2,1789,48.5835
2,1790,48.5990
2,1791,48.6159
2,1792,48.6326
2,1793,48.6486
2,1794,48.6654
2,1795,48.6814
2,1796,48.6979
2,1797,48.7128
2,1798,48.7284
2,1799,48.7443
2,1800,48.7600
2,1801,48.7754
2,1802,48.7916
2,1803,48.8071
2,1804,48.8233
2,1805,48.8381
2,1806,48.8530
2,1807,48.8691
2,1808,48.8842
2,1809,48.9005
2,1810,48.9161
2,1811,48.9321
2,1812,48.9476
2,1813,48.9641
2,1814,48.9796
2,1815,48.9955
2,1816,49.0122
2,1817,49.0281
2,1818,49.0434
2,1819,49.0586
2,1820,49.0742
2,1821,49.0897
2,1822,49.1066
2,1823,49.1224
2,1824,49.1372
2,1825,49.1535
2,1826,49.1700
2,1827,49.1855
2,1828,49.2008
2,1829,49.2162
2,1830,49.2323
2,1831,49.2476
2,1832,49.2633
2,1833,49.2804
2,1834,49.2966
2,1835,49.3127
2,1836,49.3276
2,1837,49.3431
2,1838,49.3579
2,1839,49.3753
2,1840,49.3903
2,1841,49.4068
2,1842,49.4224
2,1843,49.4387
2,1844,49.4550
2,1845,49.4711
2,1846,49.4871
2,1847,49.5030
2,1848,49.5190
2,1849,49.5345
2,1850,49.5498
2,1851,49.5654
2,1852,49.5817
2,1853,49.5981
2,1854,49.6143
2,1855,49.6303
2,1856,49.6462
2,1857,49.6627
2,1858,49.6781
2,1859,49.6949
2,1860,49.7101
2,1861,49.7262
2,1862,49.7414
2,1863,49.7559
2,1864,49.7720
2,1865,49.7883
2,1866,49.8041
2,1867,49.8200
2,1868,49.8345
2,1869,49.8505
2,1870,49.8671
2,1871,49.8827
2,1872,49.8992
2,1873,49.9151
2,1874,49.9309
2,1875,49.9463
2,1876,49.9625
2,1877,49.9785
2,1878,49.9935
2,1879,50.0093
2,1880,50.0239
2,1881,50.0390
2,1882,50.0546
2,1883,50.0706
2,1884,50.0876
2,1885,50.1025
2,1886,50.1180
2,1887,50.1342
2,1888,50.1485
2,1889,50.1638
2,1890,50.1807
2,1891,50.1960
2,1892,50.2118
2,1893,50.2277
2,1894,50.2425
2,1895,50.2586
2,1896,50.2744
2,1897,50.2897
2,1898,50.3060
2,1899,50.3208
2,1900,50.3370
2,1901,50.3528
2,1902,50.3679
2,1903,50.3844
2,1904,50.3996
2,1905,50.4156
2,1906,50.4320
2,1907,50.4481
2,1908,50.4626
2,1909,50.4777
2,1910,50.4942
2,1911,50.5107
2,1912,50.5260
2,1913,50.5409
2,1914,50.5563
2,1915,50.5724
2,1916,50.5881
2,1917,50.6023
2,1918,50.6182
2,1919,50.6341
2,1920,50.6499
2,1921,50.6651
2,1922,50.6794
2,1923,50.6949
2,1924,50.7103
2,1925,50.7255
2,1926,50.7412
2,1927,50.7564
2,1928,50.7726
2,1929,50.7890
2,1930,50.8042
2,1931,50.8205
2,1932,50.8364
2,1933,50.8511
2,1934,50.8669
2,1935,50.8823
2,1936,50.8975
2,1937,50.9131
2,1938,50.9284
2,1939,50.9437
2,1940,50.9603
2,1941,50.9747
2,1942,50.9901
2,1943,51.0045
2,1944,51.0202
2,1945,51.0352
2,1946,51.0507
2,1947,51.0662
2,1948,51.0816
2,1949,51.0966
2,1950,51.1121
2,1951,51.1268
2,1952,51.1424
2,1953,51.1573
2,1954,51.1723
2,1955,51.1882
2,1956,51.2036
2,1957,51.2190
2,1958,51.2350
2,1959,51.2506
2,1960,51.2655
2,1961,51.2806
2,1962,51.2967
2,1963,51.3119
2,1964,51.3279
2,1965,51.3437
2,1966,51.3577
2,1967,51.3726
2,1968,51.3876
2,1969,51.4023
2,1970,51.4175
2,1971,51.4334
2,1972,51.4479
2,1973,51.4628
2,1974,51.4773
2,1975,51.4932
2,1976,51.5090
2,1977,51.5241
2,1978,51.5388
2,1979,51.5542
2,1980,51.5688
2,1981,51.5844
2,1982,51.5999
2,1983,51.6156
2,1984,51.6299
2,1985,51.6456
2,1986,51.6611
2,1987,51.6786
2,1988,51.6927
2,1989,51.7081
2,1990,51.7235
2,1991,51.7392
2,1992,51.7548
2,1993,51.7698
2,1994,51.7843
2,1995,51.7991
2,1996,51.8152
2,1997,51.8300
2,1998,51.8464
2,1999,51.8627
2,2000,51.8776
2,2001,51.8912
2,2002,51.9065
2,2003,51.9222
2,2004,51.9376
2,2005,51.9529
2,2006,51.9681
2,2007,51.9834
2,2008,51.9990
2,2009,52.0134
2,2010,52.0286
2,2011,52.0448
2,2012,52.0592
2,2013,52.0746
2,2014,52.0895
2,2015,52.1040
2,2016,52.1202
2,2017,52.1351
2,2018,52.1514
2,2019,52.1659
2,2020,52.1809
2,2021,52.1946
2,2022,52.2098
2,2023,52.2251
2,2024,52.2404
2,2025,52.2558
2,2026,52.2723
2,2027,52.2879
2,2028,52.3029
2,2029,52.3186
2,2030,52.3331
2,2031,52.3486
2,2032,52.3644
2,2033,52.3798
2,2034,52.3954
2,2035,52.4089
2,2036,52.4242
2,2037,52.4390
2,2038,52.4537
2,2039,52.4696
2,2040,52.4847
2,2041,52.4999
2,2042,52.5160
2,2043,52.5308
2,2044,52.5470
2,2045,52.5609
2,2046,52.5752
2,2047,52.5900
2,2048,52.6053
2,2049,52.6214
2,2050,52.6371
2,2051,52.6522
2,2052,52.6682
2,2053,52.6821
2,2054,52.6969
2,2055,52.7110
2,2056,52.7254
2,2057,52.7401
2,2058,52.7556
2,2059,52.7696
2,2060,52.7854
2,2061,52.8011
2,2062,52.8155
2,2063,52.8310
2,2064,52.8455
2,2065,52.8613
2,2066,52.8753
2,2067,52.8901
2,2068,52.9052
2,2069,52.9193
2,2070,52.9339
2,2071,52.9487
2,2072,52.9639
2,2073,52.9797
2,2074,52.9957
2,2075,53.0096
2,2076,53.0245
2,2077,53.0400
2,2078,53.0551
2,2079,53.0702
2,2080,53.0855
2,2081,53.1008
2,2082,53.1154
2,2083,53.1299
2,2084,53.1444
2,2085,53.1591
2,2086,53.1735
2,2087,53.1884
2,2088,53.2032
2,2089,53.2187
2,2090,53.2333
2,2091,53.2482
2,2092,53.2637
2,2093,53.2789
2,2094,53.2943
2,2095,53.3091
2,2096,53.3248
2,2097,53.3395
2,2098,53.3534
2,2099,53.3683
2,2100,53.3826
2,2101,53.3984
2,2102,53.4146
2,2103,53.4303
2,2104,53.4460
2,2105,53.4608
2,2106,53.4752
2,2107,53.4888
2,2108,53.5037
2,2109,53.5177
2,2110,53.5326
2,2111,53.5471
2,2112,53.5617
2,2113,53.5764
2,2114,53.5912
2,2115,53.6056
2,2116,53.6203
2,2117,53.6360
2,2118,53.6507
2,2119,53.6658
2,2120,53.6811
2,2121,53.6953
2,2122,53.7095
2,2123,53.7245
2,2124,53.7388
2,2125,53.7536
2,2126,53.7688
2,2127,53.7840
2,2128,53.7985
2,2129,53.8136
2,2130,53.8280
2,2131,53.8427
2,2132,53.8579
2,2133,53.8728
2,2134,53.8877
2,2135,53.9034
2,2136,53.9182
2,2137,53.9318
2,2138,53.9450
2,2139,53.9603
2,2140,53.9763
2,2141,53.9926
2,2142,54.0080
2,2143,54.0227
2,2144,54.0373
2,2145,54.0524
2,2146,54.0669
2,2147,54.0812
2,2148,54.0959
2,2149,54.1115
2,2150,54.1255
2,2151,54.1401
2,2152,54.1548
2,2153,54.1693
2,2154,54.1836
2,2155,54.1975
2,2156,54.2121
2,2157,54.2273
2,2158,54.2427
2,2159,54.2575
2,2160,54.2717
2,2161,54.2870
2,2162,54.3021
2,2163,54.3171
2,2164,54.3315
2,2165,54.3453
2,2166,54.3595
2,2167,54.3746
2,2168,54.3886
2,2169,54.4041
2,2170,54.4192
2,2171,54.4328
2,2172,54.4468
2,2173,54.4617
2,2174,54.4762
2,2175,54.4909
2,2176,54.5067
2,2177,54.5216
2,2178,54.5361
2,2179,54.5507
2,2180,54.5649
2,2181,54.5804
2,2182,54.5942
2,2183,54.6090
2,2184,54.6239
2,2185,54.6391
2,2186,54.6546
2,2187,54.6693
2,2188,54.6835
2,2189,54.6987
2,2190,54.7132
2,2191,54.7282
2,2192,54.7423
2,2193,54.7565
2,2194,54.7721
2,2195,54.7871
2,2196,54.8019
2,2197,54.8162
2,2198,54.8305
2,2199,54.8458
2,2200,54.8612
2,2201,54.8754
2,2202,54.8909
2,2203,54.9052
2,2204,54.9200
2,2205,54.9341
2,2206,54.9485
2,2207,54.9635
2,2208,54.9786
2,2209,54.9943
2,2210,55.0084
2,2211,55.0225
2,2212,55.0377
2,2213,55.0541
2,2214,55.0690
2,2215,55.0835
2,2216,55.0990
2,2217,55.1137
2,2218,55.1281
2,2219,55.1427
2,2220,55.1580
2,2221,55.1735
2,2222,55.1873
2,2223,55.2017
2,2224,55.2169
2,2225,55.2308
2,2226,55.2453
2,2227,55.2598
2,2228,55.2753
2,2229,55.2897
2,2230,55.3062
2,2231,55.3203
2,2232,55.3355
2,2233,55.3498
2,2234,55.3649
2,2235,55.3799
2,2236,55.3936
2,2237,55.4080
2,2238,55.4232
2,2239,55.4387
2,2240,55.4539
2,2241,55.4683
2,2242,55.4833
2,2243,55.4974
2,2244,55.5128
2,2245,55.5263
2,2246,55.5404
2,2247,55.5551
2,2248,55.5701
2,2249,55.5850
2,2250,55.6008
2,2251,55.6151
2,2252,55.6294
2,2253,55.6421
2,2254,55.6565
2,2255,55.6709
2,2256,55.6859
2,2257,55.7000
2,2258,55.7140
2,2259,55.7289
2,2260,55.7440
2,2261,55.7598
2,2262,55.7757
2,2263,55.7887
2,2264,55.8035
2,2265,55.8186
2,2266,55.8332
2,2267,55.8476
2,2268,55.8630
2,2269,55.8770
2,2270,55.8922
2,2271,55.9073
2,2272,55.9229
2,2273,55.9375
2,2274,55.9530
2,2275,55.9671
2,2276,55.9817
2,2277,55.9966
2,2278,56.0109
2,2279,56.0259
2,2280,56.0403
2,2281,56.0549
2,2282,56.0694
2,2283,56.0838
2,2284,56.0985
2,2285,56.1131
2,2286,56.1275
2,2287,56.1407
2,2288,56.1552
2,2289,56.1699
2,2290,56.1843
2,2291,56.1984
2,2292,56.2133
2,2293,56.2285
2,2294,56.2425
2,2295,56.2572
2,2296,56.2720
2,2297,56.2870
2,2298,56.3017
2,2299,56.3152
2,2300,56.3299
2,2301,56.3437
2,2302,56.3578
2,2303,56.3726
2,2304,56.3870
2,2305,56.4011
2,2306,56.4151
2,2307,56.4307
2,2308,56.4453
2,2309,56.4583
2,2310,56.4722
2,2311,56.4869
2,2312,56.5013
2,2313,56.5150
2,2314,56.5294
2,2315,56.5448
2,2316,56.5592
2,2317,56.5741
2,2318,56.5884
2,2319,56.6031
2,2320,56.6180
2,2321,56.6335
2,2322,56.6479
2,2323,56.6614
2,2324,56.6753
2,2325,56.6893
2,2326,56.7034
2,2327,56.7189
2,2328,56.7323
2,2329,56.7455
2,2330,56.7593
2,2331,56.7727
2,2332,56.7874
2,2333,56.8018
2,2334,56.8166
2,2335,56.8309
2,2336,56.8454
2,2337,56.8611
2,2338,56.8756
2,2339,56.8899
2,2340,56.9032
2,2341,56.9169
2,2342,56.9323
2,2343,56.9464
2,2344,56.9608
2,2345,56.9749
2,2346,56.9892
2,2347,57.0029
2,2348,57.0166
2,2349,57.0316
2,2350,57.0455
2,2351,57.0589
2,2352,57.0730
2,2353,57.0875
2,2354,57.1021
2,2355,57.1164
2,2356,57.1303
2,2357,57.1454
2,2358,57.1590
2,2359,57.1728
2,2360,57.1867
2,2361,57.2017
2,2362,57.2168
2,2363,57.2310
2,2364,57.2453
2,2365,57.2599
2,2366,57.2743
2,2367,57.2890
2,2368,57.3030
2,2369,57.3166
2,2370,57.3300
2,2371,57.3451
2,2372,57.3601
2,2373,57.3746
2,2374,57.3881
2,2375,57.4029
2,2376,57.4169
2,2377,57.4314
2,2378,57.4453
2,2379,57.4598
2,2380,57.4749
2,2381,57.4894
2,2382,57.5038
2,2383,57.5182
2,2384,57.5324
2,2385,57.5464
2,2386,57.5618
2,2387,57.5763
2,2388,57.5904
2,2389,57.6045
2,2390,57.6178
2,2391,57.6314
2,2392,57.6449
2,2393,57.6590
2,2394,57.6732
2,2395,57.6879
2,2396,57.7028
2,2397,57.7162
2,2398,57.7306
2,2399,57.7451
2,2400,57.7596
2,2401,57.7740
2,2402,57.7889
2,2403,57.8026
2,2404,57.8171
2,2405,57.8309
2,2406,57.8456
2,2407,57.8601
2,2408,57.8739
2,2409,57.8875
2,2410,57.9032
2,2411,57.9173
2,2412,57.9317
2,2413,57.9461
2,2414,57.9610
2,2415,57.9759
2,2416,57.9899
2,2417,58.0045
2,2418,58.0192
2,2419,58.0335
2,2420,58.0477
2,2421,58.0619
2,2422,58.0768
2,2423,58.0911
2,2424,58.1043
2,2425,58.1188
2,2426,58.1329
2,2427,58.1476
2,2428,58.1612
2,2429,58.1746
2,2430,58.1885
2,2431,58.2027
2,2432,58.2170
2,2433,58.2310
2,2434,58.2447
2,2435,58.2593
2,2436,58.2730
2,2437,58.2876
2,2438,58.3025
2,2439,58.3163
2,2440,58.3304
2,2441,58.3440
2,2442,58.3582
2,2443,58.3723
2,2444,58.3855
2,2445,58.4002
2,2446,58.4147
2,2447,58.4280
2,2448,58.4426
2,2449,58.4578
2,2450,58.4711
2,2451,58.4861
2,2452,58.5002
2,2453,58.5137
2,2454,58.5278
2,2455,58.5416
2,2456,58.5562
2,2457,58.5705
2,2458,58.5849
2,2459,58.5987
2,2460,58.6134
2,2461,58.6271
2,2462,58.6411
2,2463,58.6546
2,2464,58.6684
2,2465,58.6832
2,2466,58.6979
2,2467,58.7124
2,2468,58.7271
2,2469,58.7407
2,2470,58.7554
2,2471,58.7700
2,2472,58.7834
2,2473,58.7975
2,2474,58.8110
2,2475,58.8251
2,2476,58.8391
2,2477,58.8538
2,2478,58.8676
2,2479,58.8815
2,2480,58.8948
2,2481,58.9081
2,2482,58.9218
2,2483,58.9358
2,2484,58.9501
2,2485,58.9635
2,2486,58.9773
2,2487,58.9917
2,2488,59.0046
2,2489,59.0183
2,2490,59.0327
2,2491,59.0464
2,2492,59.0607
2,2493,59.0751
2,2494,59.0893
2,2495,59.1035
2,2496,59.1172
2,2497,59.1316
2,2498,59.1458
2,2499,59.1593
2,2500,59.1734
2,2501,59.1872
2,2502,59.2009
2,2503,59.2148
2,2504,59.2285
2,2505,59.2428
2,2506,59.2567
2,2507,59.2708
2,2508,59.2850
2,2509,59.2983
2,2510,59.3131
2,2511,59.3269
2,2512,59.3417
2,2513,59.3556
2,2514,59.3682
2,2515,59.3832
2,2516,59.3967
2,2517,59.4107
2,2518,59.4243
2,2519,59.4382
2,2520,59.4509
2,2521,59.4663
2,2522,59.4801
2,2523,59.4950
2,2524,59.5091
2,2525,59.5230
2,2526,59.5365
2,2527,59.5506
2,2528,59.5642
2,2529,59.5775
2,2530,59.5911
2,2531,59.6053
2,2532,59.6194
2,2533,59.6337
2,2534,59.6485
2,2535,59.6628
2,2536,59.6775
2,2537,59.6919
2,2538,59.7050
2,2539,59.7188
2,2540,59.7330
2,2541,59.7477
2,2542,59.7613
2,2543,59.7739
2,2544,59.7880
2,2545,59.8024
2,2546,59.8151
2,2547,59.8288
2,2548,59.8433
2,2549,59.8575
2,2550,59.8715
2,2551,59.8837
2,2552,59.8971
2,2553,59.9114
2,2554,59.9262
2,2555,59.9398
2,2556,59.9529
2,2557,59.9664
2,2558,59.9806
2,2559,59.9938
2,2560,60.0078
2,2561,60.0232
2,2562,60.0373
2,2563,60.0512
2,2564,60.0646
2,2565,60.0788
2,2566,60.0922
2,2567,60.1057
2,2568,60.1195
2,2569,60.1331
2,2570,60.1470
2,2571,60.1601
2,2572,60.1743
2,2573,60.1883
2,2574,60.2026
2,2575,60.2158
2,2576,60.2294
2,2577,60.2429
2,2578,60.2568
2,2579,60.2713
2,2580,60.2853
2,2581,60.2977
2,2582,60.3107
2,2583,60.3245
2,2584,60.3383
2,2585,60.3517
2,2586,60.3655
2,2587,60.3789
2,2588,60.3930
2,2589,60.4059
2,2590,60.4198
2,2591,60.4335
2,2592,60.4485
2,2593,60.4615
2,2594,60.4758
2,2595,60.4888
2,2596,60.5031
2,2597,60.5161
2,2598,60.5298
2,2599,60.5432
2,2600,60.5569
2,2601,60.5706
2,2602,60.5839
2,2603,60.5972
2,2604,60.6116
2,2605,60.6252
2,2606,60.6386
2,2607,60.6528
2,2608,60.6660
2,2609,60.6803
2,2610,60.6950
2,2611,60.7092
2,2612,60.7223
2,2613,60.7364
2,2614,60.7492
2,2615,60.7632
2,2616,60.7772
2,2617,60.7909
2,2618,60.8048
2,2619,60.8185
2,2620,60.8325
2,2621,60.8463
2,2622,60.8600
2,2623,60.8741
2,2624,60.8886
2,2625,60.9014
2,2626,60.9151
2,2627,60.9287
2,2628,60.9430
2,2629,60.9563
2,2630,60.9701
2,2631,60.9842
2,2632,60.9985
2,2633,61.0116
2,2634,61.0251
2,2635,61.0384
2,2636,61.0525
2,2637,61.0669
2,2638,61.0807
2,2639,61.0942
2,2640,61.1084
2,2641,61.1223
2,2642,61.1367
2,2643,61.1511
2,2644,61.1645
2,2645,61.1769
2,2646,61.1907
2,2647,61.2041
2,2648,61.2182
2,2649,61.2323
2,2650,61.2457
2,2651,61.2592
2,2652,61.2721
2,2653,61.2846
2,2654,61.2991
2,2655,61.3134
2,2656,61.3277
2,2657,61.3403
2,2658,61.3543
2,2659,61.3684
2,2660,61.3827
2,2661,61.3964
2,2662,61.4089
2,2663,61.4225
2,2664,61.4364
2,2665,61.4498
2,2666,61.4638
2,2667,61.4777
2,2668,61.4908
2,2669,61.5043
2,2670,61.5174
2,2671,61.5313
2,2672,61.5445
2,2673,61.5578
2,2674,61.5705
2,2675,61.5845
2,2676,61.5983
2,2677,61.6120
2,2678,61.6257
2,2679,61.6387
2,2680,61.6529
2,2681,61.6666
2,2682,61.6793
2,2683,61.6932
2,2684,61.7071
2,2685,61.7200
2,2686,61.7331
2,2687,61.7468
2,2688,61.7591
2,2689,61.7734
2,2690,61.7874
2,2691,61.7999
2,2692,61.8132
2,2693,61.8266
2,2694,61.8407
2,2695,61.8536
2,2696,61.8681
2,2697,61.8814
2,2698,61.8952
2,2699,61.9089
2,2700,61.9225
2,2701,61.9358
2,2702,61.9500
2,2703,61.9636
2,2704,61.9759
2,2705,61.9901
2,2706,62.0037
2,2707,62.0167
2,2708,62.0307
2,2709,62.0449
2,2710,62.0584
2,2711,62.0714
2,2712,62.0849
2,2713,62.0989
2,2714,62.1123
2,2715,62.1249
2,2716,62.1397
2,2717,62.1528
2,2718,62.1655
2,2719,62.1780
2,2720,62.1914
2,2721,62.2058
2,2722,62.2190
2,2723,62.2330
2,2724,62.2470
2,2725,62.2611
2,2726,62.2747
2,2727,62.2885
2,2728,62.3025
2,2729,62.3160
2,2730,62.3295
2,2731,62.3429
2,2732,62.3565
2,2733,62.3699
2,2734,62.3833
2,2735,62.3962
2,2736,62.4102
2,2737,62.4243
2,2738,62.4373
2,2739,62.4510
2,2740,62.4645
2,2741,62.4784
2,2742,62.4928
2,2743,62.5071
2,2744,62.5212
2,2745,62.5352
2,2746,62.5489
2,2747,62.5628
2,2748,62.5759
2,2749,62.5896
2,2750,62.6028
2,2751,62.6166
2,2752,62.6303
2,2753,62.6440
2,2754,62.6574
2,2755,62.6690
2,2756,62.6819
2,2757,62.6957
2,2758,62.7095
2,2759,62.7219
2,2760,62.7346
2,2761,62.7480
2,2762,62.7612
2,2763,62.7752
2,2764,62.7885
2,2765,62.8026
2,2766,62.8154
2,2767,62.8286
2,2768,62.8422
2,2769,62.8553
2,2770,62.8676
2,2771,62.8809
2,2772,62.8945
2,2773,62.9083
2,2774,62.9210
2,2775,62.9335
2,2776,62.9468
2,2777,62.9597
2,2778,62.9733
2,2779,62.9863
2,2780,62.9985
2,2781,63.0124
2,2782,63.0254
2,2783,63.0388
2,2784,63.0524
2,2785,63.0659
2,2786,63.0792
2,2787,63.0931
2,2788,63.1063
2,2789,63.1197
2,2790,63.1323
2,2791,63.1451
2,2792,63.1593
2,2793,63.1728
2,2794,63.1865
2,2795,63.2005
2,2796,63.2135
2,2797,63.2261
2,2798,63.2399
2,2799,63.2532
2,2800,63.2669
2,2801,63.2793
2,2802,63.2924
2,2803,63.3064
2,2804,63.3207
2,2805,63.3335
2,2806,63.3474
2,2807,63.3614
2,2808,63.3747
2,2809,63.3878
2,2810,63.4014
2,2811,63.4143
2,2812,63.4276
2,2813,63.4417
2,2814,63.4558
2,2815,63.4690
2,2816,63.4828
2,2817,63.4967
2,2818,63.5100
2,2819,63.5224
2,2820,63.5367
2,2821,63.5500
2,2822,63.5639
2,2823,63.5767
2,2824,63.5898
2,2825,63.6026
2,2826,63.6165
2,2827,63.6306
2,2828,63.6441
2,2829,63.6581
2,2830,63.6717
2,2831,63.6852
2,2832,63.6988
2,2833,63.7125
2,2834,63.7259
2,2835,63.7396
2,2836,63.7517
2,2837,63.7657
2,2838,63.7798
2,2839,63.7933
2,2840,63.8070
2,2841,63.8204
2,2842,63.8337
2,2843,63.8467
2,2844,63.8600
2,2845,63.8727
2,2846,63.8875
2,2847,63.9018
2,2848,63.9159
2,2849,63.9288
2,2850,63.9424
2,2851,63.9554
2,2852,63.9692
2,2853,63.9824
2,2854,63.9952
2,2855,64.0083
2,2856,64.0217
2,2857,64.0341
2,2858,64.0479
2,2859,64.0611
2,2860,64.0747
2,2861,64.0882
2,2862,64.1022
2,2863,64.1152
2,2864,64.1292
2,2865,64.1418
2,2866,64.1550
2,2867,64.1691
2,2868,64.1810
2,2869,64.1946
2,2870,64.2084
2,2871,64.2224
2,2872,64.2358
2,2873,64.2487
2,2874,64.2613
2,2875,64.2746
2,2876,64.2881
2,2877,64.3009
2,2878,64.3146
2,2879,64.3285
2,2880,64.3423
2,2881,64.3546
2,2882,64.3675
2,2883,64.3806
2,2884,64.3932
2,2885,64.4069
2,2886,64.4198
2,2887,64.4320
2,2888,64.4437
2,2889,64.4558
2,2890,64.4690
2,2891,64.4830
2,2892,64.4958
2,2893,64.5093
2,2894,64.5232
2,2895,64.5354
2,2896,64.5483
2,2897,64.5614
2,2898,64.5754
2,2899,64.5886
2,2900,64.6020
2,2901,64.6145
2,2902,64.6272
2,2903,64.6406
2,2904,64.6536
2,2905,64.6665
2,2906,64.6801
2,2907,64.6933
2,2908,64.7055
2,2909,64.7191
2,2910,64.7323
2,2911,64.7461
2,2912,64.7594
2,2913,64.7731
2,2914,64.7866
2,2915,64.7991
2,2916,64.8123
2,2917,64.8256
2,2918,64.8385
2,2919,64.8522
2,2920,64.8659
2,2921,64.8788
2,2922,64.8925
2,2923,64.9053
2,2924,64.9186
2,2925,64.9319
2,2926,64.9450
2,2927,64.9581
2,2928,64.9711
2,2929,64.9843
2,2930,64.9976
2,2931,65.0111
2,2932,65.0238
2,2933,65.0378
2,2934,65.0501
2,2935,65.0633
2,2936,65.0763
2,2937,65.0898
2,2938,65.1028
2,2939,65.1168
2,2940,65.1285
2,2941,65.1415
2,2942,65.1547
2,2943,65.1676
2,2944,65.1807
2,2945,65.1942
2,2946,65.2075
2,2947,65.2212
2,2948,65.2341
2,2949,65.2470
2,2950,65.2614
2,2951,65.2743
2,2952,65.2873
2,2953,65.3001
2,2954,65.3131
2,2955,65.3265
2,2956,65.3395
2,2957,65.3525
2,2958,65.3651
2,2959,65.3777
2,2960,65.3903
2,2961,65.4029
2,2962,65.4167
2,2963,65.4295
2,2964,65.4429
2,2965,65.4559
2,2966,65.4691
2,2967,65.4819
2,2968,65.4956
2,2969,65.5085
2,2970,65.5204
2,2971,65.5336
2,2972,65.5475
2,2973,65.5602
2,2974,65.5734
2,2975,65.5851
2,2976,65.5975
2,2977,65.6110
2,2978,65.6240
2,2979,65.6369
2,2980,65.6499
2,2981,65.6628
2,2982,65.6764
2,2983,65.6879
2,2984,65.7009
2,2985,65.7131
2,2986,65.7255
2,2987,65.7384
2,2988,65.7516
2,2989,65.7645
2,2990,65.7768
2,2991,65.7897
2,2992,65.8039
2,2993,65.8167
2,2994,65.8298
2,2995,65.8435
2,2996,65.8575
2,2997,65.8695
2,2998,65.8840
2,2999,65.8971
2,3000,65.9104
2,3001,65.9239
2,3002,65.9363
2,3003,65.9498
2,3004,65.9632
2,3005,65.9765
2,3006,65.9899
2,3007,66.0032
2,3008,66.0162
2,3009,66.0292
2,3010,66.0422
2,3011,66.0551
2,3012,66.0688
2,3013,66.0815
2,3014,66.0951
2,3015,66.1085
2,3016,66.1214
2,3017,66.1343
2,3018,66.1467
2,3019,66.1594
2,3020,66.1719
2,3021,66.1851
2,3022,66.1978
2,3023,66.2116
2,3024,66.2245
2,3025,66.2372
2,3026,66.2508
2,3027,66.2637
2,3028,66.2771
2,3029,66.2891
2,3030,66.3022
2,3031,66.3154
2,3032,66.3275
2,3033,66.3402
2,3034,66.3525
2,3035,66.3658
2,3036,66.3783
2,3037,66.3920
2,3038,66.4042
2,3039,66.4166
2,3040,66.4294
2,3041,66.4420
2,3042,66.4549
2,3043,66.4681
2,3044,66.4813
2,3045,66.4947
2,3046,66.5078
2,3047,66.5199
2,3048,66.5324
2,3049,66.5452
2,3050,66.5582
2,3051,66.5708
2,3052,66.5831
2,3053,66.5957
2,3054,66.6088
2,3055,66.6209
2,3056,66.6333
2,3057,66.6463
2,3058,66.6590
2,3059,66.6719
2,3060,66.6857
2,3061,66.6979
2,3062,66.7113
2,3063,66.7243
2,3064,66.7370
2,3065,66.7493
2,3066,66.7626
2,3067,66.7754
2,3068,66.7874
2,3069,66.7999
2,3070,66.8123
2,3071,66.8250
2,3072,66.8381
2,3073,66.8508
2,3074,66.8650
2,3075,66.8783
2,3076,66.8910
2,3077,66.9039
2,3078,66.9164
2,3079,66.9292
2,3080,66.9419
2,3081,66.9547
2,3082,66.9679
2,3083,66.9796
2,3084,66.9924
2,3085,67.0059
2,3086,67.0186
2,3087,67.0305
2,3088,67.0434
2,3089,67.0559
2,3090,67.0681
2,3091,67.0805
2,3092,67.0933
2,3093,67.1050
2,3094,67.1176
2,3095,67.1304
2,3096,67.1432
2,3097,67.1555
2,3098,67.1678
2,3099,67.1803
2,3100,67.1940
2,3101,67.2071
2,3102,67.2196
2,3103,67.2327
2,3104,67.2450
2,3105,67.2585
2,3106,67.2711
2,3107,67.2836
2,3108,67.2960
2,3109,67.3088
2,3110,67.3213
2,3111,67.3343
2,3112,67.3473
2,3113,67.3601
2,3114,67.3731
2,3115,67.3852
2,3116,67.3982
2,3117,67.4111
2,3118,67.4234
2,3119,67.4356
2,3120,67.4481
2,3121,67.4608
2,3122,67.4731
2,3123,67.4861
2,3124,67.4985
2,3125,67.5116
2,3126,67.5245
2,3127,67.5367
2,3128,67.5487
2,3129,67.5614
2,3130,67.5740
2,3131,67.5865
2,3132,67.5998
2,3133,67.6119
2,3134,67.6256
2,3135,67.6377
2,3136,67.6495
2,3137,67.6616
2,3138,67.6746
2,3139,67.6876
2,3140,67.7000
2,3141,67.7133
2,3142,67.7257
2,3143,67.7377
2,3144,67.7508
2,3145,67.7631
2,3146,67.7760
2,3147,67.7884
2,3148,67.8018
2,3149,67.8151
2,3150,67.8286
2,3151,67.8418
2,3152,67.8556
2,3153,67.8687
2,3154,67.8815
2,3155,67.8949
2,3156,67.9073
2,3157,67.9201
2,3158,67.9333
2,3159,67.9460
2,3160,67.9594
2,3161,67.9726
2,3162,67.9855
2,3163,67.9988
2,3164,68.0117
2,3165,68.0242
2,3166,68.0359
2,3167,68.0477
2,3168,68.0602
2,3169,68.0726
2,3170,68.0858
2,3171,68.0988
2,3172,68.1121
2,3173,68.1242
2,3174,68.1373
2,3175,68.1493
2,3176,68.1626
2,3177,68.1756
2,3178,68.1888
2,3179,68.2015
2,3180,68.2135
2,3181,68.2263
2,3182,68.2390
2,3183,68.2524
2,3184,68.2656
2,3185,68.2789
2,3186,68.2914
2,3187,68.3046
2,3188,68.3175
2,3189,68.3309
2,3190,68.3442
2,3191,68.3568
2,3192,68.3698
2,3193,68.3826
2,3194,68.3954
2,3195,68.4076
2,3196,68.4201
2,3197,68.4323
2,3198,68.4443
2,3199,68.4575
2,3200,68.4695
2,3201,68.4827
2,3202,68.4949
2,3203,68.5078
2,3204,68.5207
2,3205,68.5331
2,3206,68.5453
2,3207,68.5577
2,3208,68.5709
2,3209,68.5835
2,3210,68.5967
2,3211,68.6084
2,3212,68.6214
2,3213,68.6343
2,3214,68.6468
2,3215,68.6587
2,3216,68.6714
2,3217,68.6841
2,3218,68.6970
2,3219,68.7091
2,3220,68.7226
2,3221,68.7350
2,3222,68.7477
2,3223,68.7603
2,3224,68.7726
2,3225,68.7848
2,3226,68.7971
2,3227,68.8106
2,3228,68.8221
2,3229,68.8348
2,3230,68.8464
2,3231,68.8589
2,3232,68.8710
2,3233,68.8841
2,3234,68.8970
2,3235,68.9101
2,3236,68.9235
2,3237,68.9366
2,3238,68.9495
2,3239,68.9618
2,3240,68.9746
2,3241,68.9869
2,3242,69.0009
2,3243,69.0132
2,3244,69.0260
2,3245,69.0383
2,3246,69.0502
2,3247,69.0620
2,3248,69.0756
2,3249,69.0881
2,3250,69.1006
2,3251,69.1136
2,3252,69.1268
2,3253,69.1400
2,3254,69.1521
2,3255,69.1644
2,3256,69.1769
2,3257,69.1891
2,3258,69.2016
2,3259,69.2138
2,3260,69.2256
2,3261,69.2378
2,3262,69.2502
2,3263,69.2633
2,3264,69.2757
2,3265,69.2884
2,3266,69.3004
2,3267,69.3121
2,3268,69.3247
2,3269,69.3371
2,3270,69.3499
2,3271,69.3628
2,3272,69.3754
2,3273,69.3889
2,3274,69.4015
2,3275,69.4134
2,3276,69.4263
2,3277,69.4390
2,3278,69.4508
2,3279,69.4625
2,3280,69.4750
2,3281,69.4876
2,3282,69.5002
2,3283,69.5126
2,3284,69.5255
2,3285,69.5378
2,3286,69.5505
2,3287,69.5626
2,3288,69.5743
2,3289,69.5871
2,3290,69.6000
2,3291,69.6123
2,3292,69.6248
2,3293,69.6386
2,3294,69.6513
2,3295,69.6640
2,3296,69.6774
2,3297,69.6907
2,3298,69.7031
2,3299,69.7157
2,3300,69.7289
2,3301,69.7416
2,3302,69.7539
2,3303,69.7666
2,3304,69.7790
2,3305,69.7908
2,3306,69.8024
2,3307,69.8145
2,3308,69.8266
2,3309,69.8399
2,3310,69.8524
2,3311,69.8653
2,3312,69.8779
2,3313,69.8910
2,3314,69.9028
2,3315,69.9148
2,3316,69.9271
2,3317,69.9384
2,3318,69.9509
2,3319,69.9628
2,3320,69.9755
2,3321,69.9876
2,3322,70.0004
2,3323,70.0131
2,3324,70.0253
2,3325,70.0388
2,3326,70.0516
2,3327,70.0644
2,3328,70.0760
2,3329,70.0883
2,3330,70.1007
2,3331,70.1126
2,3332,70.1253
2,3333,70.1379
2,3334,70.1497
2,3335,70.1619
2,3336,70.1739
2,3337,70.1853
2,3338,70.1980
2,3339,70.2109
2,3340,70.2238
2,3341,70.2362
2,3342,70.2482
2,3343,70.2604
2,3344,70.2722
2,3345,70.2850
2,3346,70.2977
2,3347,70.3095
2,3348,70.3213
2,3349,70.3332
2,3350,70.3463
2,3351,70.3582
2,3352,70.3705
2,3353,70.3829
2,3354,70.3961
2,3355,70.4079
2,3356,70.4200
2,3357,70.4316
2,3358,70.4446
2,3359,70.4574
2,3360,70.4693
2,3361,70.4818
2,3362,70.4943
2,3363,70.5065
2,3364,70.5192
2,3365,70.5311
2,3366,70.5428
2,3367,70.5549
2,3368,70.5673
2,3369,70.5801
2,3370,70.5922
2,3371,70.6048
2,3372,70.6165
2,3373,70.6276
2,3374,70.6397
2,3375,70.6511
2,3376,70.6630
2,3377,70.6745
2,3378,70.6863
2,3379,70.6975
2,3380,70.7095
2,3381,70.7211
2,3382,70.7322
2,3383,70.7455
2,3384,70.7579
2,3385,70.7710
2,3386,70.7830
2,3387,70.7957
2,3388,70.8075
2,3389,70.8194
2,3390,70.8323
2,3391,70.8450
2,3392,70.8569
2,3393,70.8701
2,3394,70.8818
2,3395,70.8943
2,3396,70.9068
2,3397,70.9197
2,3398,70.9327
2,3399,70.9449
2,3400,70.9578
2,3401,70.9701
2,3402,70.9822
2,3403,70.9952
2,3404,71.0074
2,3405,71.0192
2,3406,71.0312
2,3407,71.0443
2,3408,71.0562
2,3409,71.0684
2,3410,71.0803
2,3411,71.0916
2,3412,71.1030
2,3413,71.1149
2,3414,71.1270
2,3415,71.1389
2,3416,71.1515
2,3417,71.1628
2,3418,71.1740
2,3419,71.1862
2,3420,71.1982
2,3421,71.2108
2,3422,71.2234
2,3423,71.2351
2,3424,71.2477
2,3425,71.2601
2,3426,71.2725
2,3427,71.2857
2,3428,71.2981
2,3429,71.3101
2,3430,71.3228
2,3431,71.3350
2,3432,71.3458
2,3433,71.3575
2,3434,71.3690
2,3435,71.3807
2,3436,71.3921
2,3437,71.4048
2,3438,71.4162
2,3439,71.4292
2,3440,71.4406
2,3441,71.4524
2,3442,71.4638
2,3443,71.4766
2,3444,71.4889
2,3445,71.5003
2,3446,71.5127
2,3447,71.5246
2,3448,71.5375
2,3449,71.5493
2,3450,71.5613
2,3451,71.5730
2,3452,71.5849
2,3453,71.5974
2,3454,71.6097
2,3455,71.6220
2,3456,71.6346
2,3457,71.6464
2,3458,71.6593
2,3459,71.6712
2,3460,71.6834
2,3461,71.6960
2,3462,71.7088
2,3463,71.7207
2,3464,71.7314
2,3465,71.7437
2,3466,71.7562
2,3467,71.7697
2,3468,71.7821
2,3469,71.7939
2,3470,71.8066
2,3471,71.8182
2,3472,71.8302
2,3473,71.8420
2,3474,71.8536
2,3475,71.8662
2,3476,71.8787
2,3477,71.8905
2,3478,71.9032
2,3479,71.9162
2,3480,71.9282
2,3481,71.9408
2,3482,71.9528
2,3483,71.9644
2,3484,71.9769
2,3485,71.9883
2,3486,72.0011
2,3487,72.0125
2,3488,72.0256
2,3489,72.0371
2,3490,72.0488
2,3491,72.0611
2,3492,72.0734
2,3493,72.0852
2,3494,72.0972
2,3495,72.1091
2,3496,72.1212
2,3497,72.1334
2,3498,72.1457
2,3499,72.1580
2,3500,72.1698
2,3501,72.1815
2,3502,72.1932
2,3503,72.2054
2,3504,72.2172
2,3505,72.2290
2,3506,72.2413
2,3507,72.2537
2,3508,72.2660
2,3509,72.2783
2,3510,72.2898
2,3511,72.3017
2,3512,72.3131
2,3513,72.3254
2,3514,72.3377
2,3515,72.3491
2,3516,72.3619
2,3517,72.3736
2,3518,72.3861
2,3519,72.3971
2,3520,72.4099
2,3521,72.4212
2,3522,72.4333
2,3523,72.4456
2,3524,72.4580
2,3525,72.4697
2,3526,72.4820
2,3527,72.4947
2,3528,72.5063
2,3529,72.5176
2,3530,72.5291
2,3531,72.5414
2,3532,72.5539
2,3533,72.5665
2,3534,72.5783
2,3535,72.5915
2,3536,72.6025
2,3537,72.6149
2,3538,72.6264
2,3539,72.6384
2,3540,72.6510
2,3541,72.6626
2,3542,72.6752
2,3543,72.6873
2,3544,72.6995
2,3545,72.7114
2,3546,72.7226
2,3547,72.7343
2,3548,72.7461
2,3549,72.7590
2,3550,72.7710
2,3551,72.7826
2,3552,72.7946
2,3553,72.8064
2,3554,72.8190
2,3555,72.8313
2,3556,72.8430
2,3557,72.8549
2,3558,72.8668
2,3559,72.8781
2,3560,72.8906
2,3561,72.9029
2,3562,72.9154
2,3563,72.9271
2,3564,72.9386
2,3565,72.9506
2,3566,72.9615
2,3567,72.9739
2,3568,72.9855
2,3569,72.9963
2,3570,73.0079
2,3571,73.0201
2,3572,73.0320
2,3573,73.0440
2,3574,73.0562
2,3575,73.0684
2,3576,73.0808
2,3577,73.0929
2,3578,73.1050
2,3579,73.1170
2,3580,73.1291
2,3581,73.1419
2,3582,73.1543
2,3583,73.1669
2,3584,73.1792
2,3585,73.1907
2,3586,73.2024
2,3587,73.2145
2,3588,73.2269
2,3589,73.2393
2,3590,73.2510
2,3591,73.2629
2,3592,73.2751
2,3593,73.2861
2,3594,73.2978
2,3595,73.3095
2,3596,73.3210
2,3597,73.3328
2,3598,73.3444
2,3599,73.3567
2,3600,73.3693
2,3601,73.3815
2,3602,73.3938
2,3603,73.4062
2,3604,73.4186
2,3605,73.4304
2,3606,73.4420
2,3607,73.4540
2,3608,73.4661
2,3609,73.4783
2,3610,73.4904
2,3611,73.5029
2,3612,73.5148
2,3613,73.5267
2,3614,73.5379
2,3615,73.5504
2,3616,73.5623
2,3617,73.5736
2,3618,73.5841
2,3619,73.5959
2,3620,73.6083
2,3621,73.6203
2,3622,73.6321
2,3623,73.6448
2,3624,73.6567
2,3625,73.6679
2,3626,73.6804
2,3627,73.6926
2,3628,73.7046
2,3629,73.7163
2,3630,73.7278
2,3631,73.7395
2,3632,73.7512
2,3633,73.7634
2,3634,73.7748
2,3635,73.7861
2,3636,73.7990
2,3637,73.8106
2,3638,73.8224
2,3639,73.8342
2,3640,73.8460
2,3641,73.8581
2,3642,73.8691
2,3643,73.8807
2,3644,73.8920
2,3645,73.9042
2,3646,73.9163
2,3647,73.9279
2,3648,73.9396
2,3649,73.9520
2,3650,73.9637
2,3651,73.9741
2,3652,73.9851
2,3653,73.9968
2,3654,74.0080
2,3655,74.0203
2,3656,74.0325
2,3657,74.0435
2,3658,74.0552
2,3659,74.0660
2,3660,74.0778
2,3661,74.0903
2,3662,74.1027
2,3663,74.1144
2,3664,74.1263
2,3665,74.1371
2,3666,74.1487
2,3667,74.1605
2,3668,74.1721
2,3669,74.1844
2,3670,74.1959
2,3671,74.2087
2,3672,74.2202
2,3673,74.2319
2,3674,74.2444
2,3675,74.2560
2,3676,74.2682
2,3677,74.2795
2,3678,74.2908
2,3679,74.3026
2,3680,74.3149
2,3681,74.3269
2,3682,74.3383
2,3683,74.3504
2,3684,74.3620
2,3685,74.3736
2,3686,74.3852
2,3687,74.3973
2,3688,74.4091
2,3689,74.4216
2,3690,74.4334
2,3691,74.4454
2,3692,74.4575
2,3693,74.4692
2,3694,74.4807
2,3695,74.4930
2,3696,74.5045
2,3697,74.5155
2,3698,74.5263
2,3699,74.5384
2,3700,74.5503
2,3701,74.5618
2,3702,74.5734
2,3703,74.5854
2,3704,74.5971
2,3705,74.6088
2,3706,74.6206
2,3707,74.6315
2,3708,74.6428
2,3709,74.6553
2,3710,74.6672
2,3711,74.6790
2,3712,74.6917
2,3713,74.7030
2,3714,74.7149
2,3715,74.7268
2,3716,74.7383
2,3717,74.7501
2,3718,74.7626
2,3719,74.7752
2,3720,74.7868
2,3721,74.8003
2,3722,74.8124
2,3723,74.8254
2,3724,74.8374
2,3725,74.8498
2,3726,74.8611
2,3727,74.8729
2,3728,74.8846
2,3729,74.8962
2,3730,74.9080
2,3731,74.9195
2,3732,74.9315
2,3733,74.9444
2,3734,74.9558
2,3735,74.9677
2,3736,74.9802
2,3737,74.9923
2,3738,75.0038
2,3739,75.0151
2,3740,75.0272
2,3741,75.0380
2,3742,75.0498
2,3743,75.0615
2,3744,75.0738
2,3745,75.0856
2,3746,75.0973
2,3747,75.1087
2,3748,75.1206
2,3749,75.1328
2,3750,75.1449
2,3751,75.1563
2,3752,75.1686
2,3753,75.1808
2,3754,75.1926
2,3755,75.2048
2,3756,75.2164
2,3757,75.2296
2,3758,75.2406
2,3759,75.2523
2,3760,75.2646
2,3761,75.2759
2,3762,75.2884
2,3763,75.3008
2,3764,75.3123
2,3765,75.3244
2,3766,75.3366
2,3767,75.3482
2,3768,75.3595
2,3769,75.3719
2,3770,75.3841
2,3771,75.3958
2,3772,75.4064
2,3773,75.4181
2,3774,75.4302
2,3775,75.4418
2,3776,75.4529
2,3777,75.4660
2,3778,75.4778
2,3779,75.4893
2,3780,75.5014
2,3781,75.5138
2,3782,75.5254
2,3783,75.5377
2,3784,75.5487
2,3785,75.5598
2,3786,75.5712
2,3787,75.5832
2,3788,75.5940
2,3789,75.6061
2,3790,75.6180
2,3791,75.6298
2,3792,75.6413
2,3793,75.6532
2,3794,75.6649
2,3795,75.6770
2,3796,75.6887
2,3797,75.7005
2,3798,75.7128
2,3799,75.7240
2,3800,75.7351
2,3801,75.7474
2,3802,75.7587
2,3803,75.7709
2,3804,75.7818
2,3805,75.7936
2,3806,75.8053
2,3807,75.8168
2,3808,75.8291
2,3809,75.8405
2,3810,75.8523
2,3811,75.8642
2,3812,75.8763
2,3813,75.8874
2,3814,75.8987
2,3815,75.9098
2,3816,75.9215
2,3817,75.9327
2,3818,75.9439
2,3819,75.9559
2,3820,75.9687
2,3821,75.9805
2,3822,75.9925
2,3823,76.0025
2,3824,76.0146
2,3825,76.0258
2,3826,76.0375
2,3827,76.0496
2,3828,76.0602
2,3829,76.0722
2,3830,76.0840
2,3831,76.0955
2,3832,76.1073
2,3833,76.1187
2,3834,76.1307
2,3835,76.1430
2,3836,76.1544
2,3837,76.1662
2,3838,76.1772
2,3839,76.1892
2,3840,76.2008
2,3841,76.2123
2,3842,76.2236
2,3843,76.2342
2,3844,76.2456
2,3845,76.2571
2,3846,76.2686
2,3847,76.2796
2,3848,76.2919
2,3849,76.3040
2,3850,76.3161
2,3851,76.3286
2,3852,76.3406
2,3853,76.3524
2,3854,76.3639
2,3855,76.3765
2,3856,76.3880
2,3857,76.3991
2,3858,76.4106
2,3859,76.4229
2,3860,76.4348
2,3861,76.4466
2,3862,76.4588
2,3863,76.4710
2,3864,76.4828
2,3865,76.4935
2,3866,76.5043
2,3867,76.5158
2,3868,76.5274
2,3869,76.5400
2,3870,76.5523
2,3871,76.5641
2,3872,76.5760
2,3873,76.5882
2,3874,76.6004
2,3875,76.6123
2,3876,76.6240
2,3877,76.6352
2,3878,76.6464
2,3879,76.6589
2,3880,76.6706
2,3881,76.6819
2,3882,76.6931
2,3883,76.7052
2,3884,76.7167
2,3885,76.7280
2,3886,76.7399
2,3887,76.7518
2,3888,76.7638
2,3889,76.7755
2,3890,76.7872
2,3891,76.7991
2,3892,76.8099
2,3893,76.8220
2,3894,76.8341
2,3895,76.8454
2,3896,76.8576
2,3897,76.8694
2,3898,76.8818
2,3899,76.8936
2,3900,76.9047
2,3901,76.9163
2,3902,76.9284
2,3903,76.9398
2,3904,76.9510
2,3905,76.9628
2,3906,76.9751
2,3907,76.9866
2,3908,76.9979
2,3909,77.0097
2,3910,77.0214
2,3911,77.0325
2,3912,77.0442
2,3913,77.0557
2,3914,77.0677
2,3915,77.0790
2,3916,77.0904
2,3917,77.1023
2,3918,77.1141
2,3919,77.1266
2,3920,77.1389
2,3921,77.1504
2,3922,77.1622
2,3923,77.1736
2,3924,77.1857
2,3925,77.1969
2,3926,77.2085
2,3927,77.2198
2,3928,77.2321
2,3929,77.2437
2,3930,77.2549
2,3931,77.2665
2,3932,77.2773
2,3933,77.2880
2,3934,77.2994
2,3935,77.3106
2,3936,77.3222
2,3937,77.3329
2,3938,77.3447
2,3939,77.3564
2,3940,77.3678
2,3941,77.3796
2,3942,77.3917
2,3943,77.4038
2,3944,77.4160
2,3945,77.4282
2,3946,77.4389
2,3947,77.4500
2,3948,77.4617
2,3949,77.4728
2,3950,77.4843
2,3951,77.4958
2,3952,77.5073
2,3953,77.5191
2,3954,77.5307
2,3955,77.5415
2,3956,77.5530
2,3957,77.5640
2,3958,77.5757
2,3959,77.5866
2,3960,77.5991
2,3961,77.6111
2,3962,77.6220
2,3963,77.6333
2,3964,77.6454
2,3965,77.6575
2,3966,77.6699
2,3967,77.6808
2,3968,77.6916
2,3969,77.7033
2,3970,77.7147
2,3971,77.7254
2,3972,77.7364
2,3973,77.7487
2,3974,77.7606
2,3975,77.7720
2,3976,77.7834
2,3977,77.7951
2,3978,77.8063
2,3979,77.8175
2,3980,77.8304
2,3981,77.8416
2,3982,77.8524
2,3983,77.8635
2,3984,77.8752
2,3985,77.8874
2,3986,77.8981
2,3987,77.9095
2,3988,77.9212
2,3989,77.9325
2,3990,77.9444
2,3991,77.9563
2,3992,77.9669
2,3993,77.9779
2,3994,77.9897
2,3995,78.0013
2,3996,78.0130
2,3997,78.0239
2,3998,78.0357
2,3999,78.0471
2,4000,78.0591
2,4001,78.0708
2,4002,78.0831
2,4003,78.0946
2,4004,78.1065
2,4005,78.1181
2,4006,78.1296
2,4007,78.1410
2,4008,78.1530
2,4009,78.1643
2,4010,78.1758
2,4011,78.1873
2,4012,78.2000
2,4013,78.2111
2,4014,78.2231
2,4015,78.2341
2,4016,78.2449
2,4017,78.2565
2,4018,78.2679
2,4019,78.2797
2,4020,78.2917
2,4021,78.3036
2,4022,78.3144
2,4023,78.3247
2,4024,78.3361
2,4025,78.3471
2,4026,78.3579
2,4027,78.3685
2,4028,78.3801
2,4029,78.3916
2,4030,78.4024
2,4031,78.4141
2,4032,78.4257
2,4033,78.4362
2,4034,78.4484
2,4035,78.4606
2,4036,78.4715
2,4037,78.4832
2,4038,78.4947
2,4039,78.5064
2,4040,78.5180
2,4041,78.5294
2,4042,78.5412
2,4043,78.5515
2,4044,78.5634
2,4045,78.5756
2,4046,78.5866
2,4047,78.5982
2,4048,78.6095
2,4049,78.6213
2,4050,78.6331
2,4051,78.6447
2,4052,78.6562
2,4053,78.6679
2,4054,78.6797
2,4055,78.6903
2,4056,78.7018
2,4057,78.7125
2,4058,78.7244
2,4059,78.7353
2,4060,78.7469
2,4061,78.7582
2,4062,78.7699
2,4063,78.7810
2,4064,78.7929
2,4065,78.8041
2,4066,78.8153
2,4067,78.8268
2,4068,78.8389
2,4069,78.8505
2,4070,78.8614
2,4071,78.8737
2,4072,78.8856
2,4073,78.8969
2,4074,78.9088
2,4075,78.9203
2,4076,78.9321
2,4077,78.9434
2,4078,78.9550
2,4079,78.9653
2,4080,78.9764
2,4081,78.9882
2,4082,79.0000
2,4083,79.0110
2,4084,79.0224
2,4085,79.0345
2,4086,79.0462
2,4087,79.0580
2,4088,79.0693
2,4089,79.0804
2,4090,79.0913
2,4091,79.1034
2,4092,79.1146
2,4093,79.1259
2,4094,79.1370
2,4095,79.1482
2,4096,79.1594
2,4097,79.1709
2,4098,79.1821
2,4099,79.1932
2,4100,79.2041
2,4101,79.2149
2,4102,79.2258
2,4103,79.2372
2,4104,79.2484
2,4105,79.2595
2,4106,79.2717
2,4107,79.2834
2,4108,79.2948
2,4109,79.3063
2,4110,79.3181
2,4111,79.3290
2,4112,79.3393
2,4113,79.3513
2,4114,79.3623
2,4115,79.3743
2,4116,79.3853
2,4117,79.3974
2,4118,79.4096
2,4119,79.4223
2,4120,79.4331
2,4121,79.4443
2,4122,79.4550
2,4123,79.4650
2,4124,79.4767
2,4125,79.4880
2,4126,79.4995
2,4127,79.5109
2,4128,79.5229
2,4129,79.5341
2,4130,79.5455
2,4131,79.5570
2,4132,79.5683
2,4133,79.5793
2,4134,79.5902
2,4135,79.6012
2,4136,79.6131
2,4137,79.6241
2,4138,79.6357
2,4139,79.6472
2,4140,79.6582
2,4141,79.6690
2,4142,79.6810
2,4143,79.6921
2,4144,79.7038
2,4145,79.7152
2,4146,79.7266
2,4147,79.7384
2,4148,79.7496
2,4149,79.7612
2,4150,79.7727
2,4151,79.7844
2,4152,79.7955
2,4153,79.8060
2,4154,79.8175
2,4155,79.8285
2,4156,79.8391
2,4157,79.8506
2,4158,79.8620
2,4159,79.8734
2,4160,79.8852
2,4161,79.8959
2,4162,79.9079
2,4163,79.9190
2,4164,79.9311
2,4165,79.9426
2,4166,79.9545
2,4167,79.9656
2,4168,79.9772
2,4169,79.9883
2,4170,79.9992
2,4171,80.0104
2,4172,80.0218
2,4173,80.0326
2,4174,80.0439
2,4175,80.0549
2,4176,80.0666
2,4177,80.0773
2,4178,80.0884
2,4179,80.0996
2,4180,80.1108
2,4181,80.1225
2,4182,80.1338
2,4183,80.1447
2,4184,80.1555
2,4185,80.1676
2,4186,80.1783
2,4187,80.1885
2,4188,80.1998
2,4189,80.2108
2,4190,80.2218
2,4191,80.2332
2,4192,80.2446
2,4193,80.2564
2,4194,80.2680
2,4195,80.2799
2,4196,80.2918
2,4197,80.3026
2,4198,80.3138
2,4199,80.3254
2,4200,80.3367
2,4201,80.3477
2,4202,80.3594
2,4203,80.3708
2,4204,80.3814
2,4205,80.3921
2,4206,80.4030
2,4207,80.4140
2,4208,80.4257
2,4209,80.4369
2,4210,80.4480
2,4211,80.4593
2,4212,80.4697
2,4213,80.4806
2,4214,80.4923
2,4215,80.5032
2,4216,80.5141
2,4217,80.5250
2,4218,80.5359
2,4219,80.5468
2,4220,80.5583
2,4221,80.5696
2,4222,80.5805
2,4223,80.5913
2,4224,80.6024
2,4225,80.6135
2,4226,80.6255
2,4227,80.6369
2,4228,80.6484
2,4229,80.6602
2,4230,80.6715
2,4231,80.6828
2,4232,80.6940
2,4233,80.7053
2,4234,80.7169
2,4235,80.7284
2,4236,80.7399
2,4237,80.7517
2,4238,80.7632
2,4239,80.7740
2,4240,80.7853
2,4241,80.7964
2,4242,80.8073
2,4243,80.8185
2,4244,80.8297
2,4245,80.8405
2,4246,80.8520
2,4247,80.8627
2,4248,80.8750
2,4249,80.8855
2,4250,80.8971
2,4251,80.9085
2,4252,80.9196
2,4253,80.9309
2,4254,80.9413
2,4255,80.9527
2,4256,80.9644
2,4257,80.9751
2,4258,80.9861
2,4259,80.9971
2,4260,81.0080
2,4261,81.0187
2,4262,81.0296
2,4263,81.0407
2,4264,81.0517
2,4265,81.0626
2,4266,81.0735
2,4267,81.0844
2,4268,81.0955
2,4269,81.1062
2,4270,81.1175
2,4271,81.1285
2,4272,81.1389
2,4273,81.1500
2,4274,81.1609
2,4275,81.1721
2,4276,81.1824
2,4277,81.1940
2,4278,81.2053
2,4279,81.2174
2,4280,81.2280
2,4281,81.2389
2,4282,81.2491
2,4283,81.2604
2,4284,81.2715
2,4285,81.2828
2,4286,81.2939
2,4287,81.3056
2,4288,81.3165
2,4289,81.3279
2,4290,81.3393
2,4291,81.3505
2,4292,81.3614
2,4293,81.3722
2,4294,81.3832
2,4295,81.3947
2,4296,81.4065
2,4297,81.4177
2,4298,81.4287
2,4299,81.4401
2,4300,81.4517
2,4301,81.4623
2,4302,81.4734
2,4303,81.4851
2,4304,81.4964
2,4305,81.5076
2,4306,81.5195
2,4307,81.5311
2,4308,81.5423
2,4309,81.5529
2,4310,81.5645
2,4311,81.5750
2,4312,81.5869
2,4313,81.5982
2,4314,81.6092
2,4315,81.6210
2,4316,81.6323
2,4317,81.6433
2,4318,81.6547
2,4319,81.6662
2,4320,81.6771
2,4321,81.6878
2,4322,81.6988
2,4323,81.7104
2,4324,81.7215
2,4325,81.7329
2,4326,81.7437
2,4327,81.7551
2,4328,81.7208
2,4329,81.7319
2,4330,81.7437
2,4331,81.7551
2,4332,81.7666
2,4333,81.7777
2,4334,81.7888
2,4335,81.8005
2,4336,81.8116
2,4337,81.8232
2,4338,81.8345
2,4339,81.8456
2,4340,81.8566
2,4341,81.8675
2,4342,81.8783
2,4343,81.8898
2,4344,81.9019
2,4345,81.9131
2,4346,81.9241
2,4347,81.9350
2,4348,81.9462
2,4349,81.9155
2,4350,81.9264
2,4351,81.9384
2,4352,81.9490
2,4353,81.9600
2,4354,81.9715
2,4355,81.9826
2,4356,81.9942
2,4357,82.0054
2,4358,82.0166
2,4359,82.0273
2,4360,82.0379
2,4361,82.0493
2,4362,82.0599
2,4363,82.0708
2,4364,82.0820
2,4365,82.0928
2,4366,82.1042
2,4367,82.0788
2,4368,82.0902
2,4369,82.1018
2,4370,82.1132
2,4371,82.1245
2,4372,82.0920
2,4373,82.1022
2,4374,82.1129
2,4375,82.1244
2,4376,82.1354
2,4377,82.1466
2,4378,82.1575
2,4379,82.1688
2,4380,82.1804
2,4381,82.1917
2,4382,82.2023
2,4383,82.2127
2,4384,82.2237
2,4385,82.2346
2,4386,82.2094
2,4387,82.2201
2,4388,82.2310
2,4389,82.2418
2,4390,82.2527
2,4391,82.2636
2,4392,82.2304
2,4393,82.2412
2,4394,82.2528
2,4395,82.2641
2,4396,82.2752
2,4397,82.2863
2,4398,82.2983
2,4399,82.3096
2,4400,82.3215
2,4401,82.3322
2,4402,82.3430
2,4403,82.3547
2,4404,82.3657
2,4405,82.3762
2,4406,82.3872
2,4407,82.3407
2,4408,82.3521
2,4409,82.3635
2,4410,82.3746
2,4411,82.3865
2,4412,82.3971
2,4413,82.4074
2,4414,82.4185
2,4415,82.4299
2,4416,82.4414
2,4417,82.4527
2,4418,82.4636
2,4419,82.4750
2,4420,82.4856
2,4421,82.4970
2,4422,82.4696
2,4423,82.4812
2,4424,82.4919
2,4425,82.4562
2,4426,82.4673
2,4427,82.4785
2,4428,82.4455
2,4429,82.4556
2,4430,82.4664
2,4431,82.4774
2,4432,82.4884
2,4433,82.4984
2,4434,82.5086
2,4435,82.5191
2,4436,82.5302
2,4437,82.5408
2,4438,82.5515
2,4439,82.5623
2,4440,82.5733
2,4441,82.5847
2,4442,82.5958
2,4443,82.6071
2,4444,82.6180
2,4445,82.6284
2,4446,82.6394
2,4447,82.6503
2,4448,82.6616
2,4449,82.6719
2,4450,82.6825
2,4451,82.6934
2,4452,82.7044
2,4453,82.7166
2,4454,82.6916
2,4455,82.7030
2,4456,82.6651
2,4457,82.6761
2,4458,82.6864
2,4459,82.6971
2,4460,82.7078
2,4461,82.6837
2,4462,82.6949
2,4463,82.7051
2,4464,82.7159
2,4465,82.7271
2,4466,82.7380
2,4467,82.7485
2,4468,82.7600
2,4469,82.7407
2,4470,82.7515
2,4471,82.7631
2,4472,82.7742
2,4473,82.7844
2,4474,82.7437
2,4475,82.7084
2,4476,82.7192
2,4477,82.7310
2,4478,82.7422
2,4479,82.7530
2,4480,82.7641
2,4481,82.7749
2,4482,82.7866
2,4483,82.7440
2,4484,82.7546
2,4485,82.7663
2,4486,82.7780
2,4487,82.7881
2,4488,82.7445
2,4489,82.6897
2,4490,82.7009
2,4491,82.7110
2,4492,82.7220
2,4493,82.7327
2,4494,82.6398
2,4495,82.6505
2,4496,82.6611
2,4497,82.6723
2,4498,82.6824
2,4499,82.6175
2,4500,82.6283
2,4501,82.6394
2,4502,82.6499
2,4503,82.6604
2,4504,82.6714
2,4505,82.6818
2,4506,82.6933
2,4507,82.7041
2,4508,82.7151
2,4509,82.6560
2,4510,82.6664
2,4511,82.6775
2,4512,82.6883
2,4513,82.6987
2,4514,82.6518
2,4515,82.6621
2,4516,82.5973
2,4517,82.4490
2,4518,82.4593
2,4519,82.4692
2,4520,82.4794
2,4521,82.4897
2,4522,82.5006
2,4523,82.5116
2,4524,82.5228
2,4525,82.5333
2,4526,82.5442
2,4527,82.5547
2,4528,82.5644
2,4529,82.5755
2,4530,82.4998
2,4531,82.5106
2,4532,82.5220
2,4533,82.5326
2,4534,82.5435
2,4535,82.5553
2,4536,82.5655
2,4537,82.5757
2,4538,82.5867
2,4539,82.5982
2,4540,82.6091
2,4541,82.6191
2,4542,82.6298
2,4543,82.6411
2,4544,82.6524
2,4545,82.6629
2,4546,82.6737
2,4547,82.6850
2,4548,82.6959
2,4549,82.7063
2,4550,82.7162
2,4551,82.7267
2,4552,82.7381
2,4553,82.7482
2,4554,82.7592
2,4555,82.7692
2,4556,82.6979
2,4557,82.7095
2,4558,82.7210
2,4559,82.7305
2,4560,82.7399
2,4561,82.7502
2,4562,82.7605
2,4563,82.7709
2,4564,82.7818
2,4565,82.7929
2,4566,82.8036
2,4567,82.8142
2,4568,82.8246
2,4569,82.8353
2,4570,82.8466
2,4571,82.8571
2,4572,82.8676
2,4573,82.8783
2,4574,82.8892
2,4575,82.9000
2,4576,82.9110
2,4577,82.9212
2,4578,82.9311
2,4579,82.9419
2,4580,82.9533
2,4581,82.9638
2,4582,82.9748
2,4583,82.9856
2,4584,82.9968
2,4585,83.0084
2,4586,83.0206
2,4587,83.0316
2,4588,82.9534
2,4589,82.9643
2,4590,82.9747
2,4591,82.9852
2,4592,82.9967
2,4593,83.0072
2,4594,82.9924
2,4595,83.0033
2,4596,83.0142
2,4597,83.0250
2,4598,83.0356
2,4599,83.0466
2,4600,83.0570
2,4601,83.0674
2,4602,83.0782
2,4603,83.0889
2,4604,83.1006
2,4605,83.1112
2,4606,83.1218
2,4607,83.1320
2,4608,83.1425
2,4609,83.1537
2,4610,83.1381
2,4611,83.1486
2,4612,83.1594
2,4613,83.1704
2,4614,83.1804
2,4615,83.1915
2,4616,83.2019
2,4617,83.2129
2,4618,83.2235
2,4619,83.2343
2,4620,83.2452
2,4621,83.2554
2,4622,83.1980
2,4623,83.2083
2,4624,83.2188
2,4625,83.2299
2,4626,83.2414
2,4627,83.2532
2,4628,83.2633
2,4629,83.2737
2,4630,83.2844
2,4631,83.2954
2,4632,83.3053
2,4633,83.2551
2,4634,83.2654
2,4635,83.2772
2,4636,83.2881
2,4637,83.2982
2,4638,83.3080
2,4639,83.3178
2,4640,83.3282
2,4641,83.3391
2,4642,83.3495
2,4643,83.3601
2,4644,83.3708
2,4645,83.3815
2,4646,83.3922
2,4647,83.4033
2,4648,83.4141
2,4649,83.4249
2,4650,83.4357
2,4651,83.4464
2,4652,83.4569
2,4653,83.4679
2,4654,83.4789
2,4655,83.4884
2,4656,83.4813
2,4657,83.4916
2,4658,83.5008
2,4659,83.4799
2,4660,83.4909
2,4661,83.5018
2,4662,83.5124
2,4663,83.5230
2,4664,83.4850
2,4665,83.4310
2,4666,83.4423
2,4667,83.4535
2,4668,83.4641
2,4669,83.4747
2,4670,83.4858
2,4671,83.4960
2,4672,83.5067
2,4673,83.5176
2,4674,83.5282
2,4675,83.5380
2,4676,83.5483
2,4677,83.5586
2,4678,83.5693
2,4679,83.5795
2,4680,83.5900
2,4681,83.6009
2,4682,83.6107
2,4683,83.6201
2,4684,83.6306
2,4685,83.6416
2,4686,83.6517
2,4687,83.6624
2,4688,83.6734
2,4689,83.6828
2,4690,83.6933
2,4691,83.6856
2,4692,83.6964
2,4693,83.7071
2,4694,83.7169
2,4695,83.7277
2,4696,83.7372
2,4697,83.7481
2,4698,83.7591
2,4699,83.7696
2,4700,83.7355
2,4701,83.7462
2,4702,83.7561
2,4703,83.7664
2,4704,83.7767
2,4705,83.7873
2,4706,83.7982
2,4707,83.7773
2,4708,83.7875
2,4709,83.7972
2,4710,83.7660
2,4711,83.7759
2,4712,83.7860
2,4713,83.7817
2,4714,83.7694
2,4715,83.7794
2,4716,83.7899
2,4717,83.8001
2,4718,83.8110
2,4719,83.8211
2,4720,83.8316
2,4721,83.8420
2,4722,83.8188
2,4723,83.8291
2,4724,83.8397
2,4725,83.8503
2,4726,83.8608
2,4727,83.8715
2,4728,83.8821
2,4729,83.8922
2,4730,83.9025
2,4731,83.9128
2,4732,83.9226
2,4733,83.9328
2,4734,83.9260
2,4735,83.9364
2,4736,83.9467
2,4737,83.9572
2,4738,83.9681
2,4739,83.9788
2,4740,83.9892
2,4741,83.9699
2,4742,83.9798
2,4743,83.9703
2,4744,83.9812
2,4745,83.9923
2,4746,84.0024
2,4747,84.0127
2,4748,84.0223
2,4749,84.0121
2,4750,84.0222
2,4751,84.0327
2,4752,84.0430
2,4753,84.0206
2,4754,84.0313
2,4755,84.0406
2,4756,84.0510
2,4757,84.0083
2,4758,83.9748
2,4759,83.9850
2,4760,83.9957
2,4761,84.0059
2,4762,84.0166
2,4763,84.0264
2,4764,84.0350
2,4765,84.0453
2,4766,84.0559
2,4767,84.0440
2,4768,84.0544
2,4769,84.0651
2,4770,84.0750
2,4771,84.0847
2,4772,84.0718
2,4773,84.0818
2,4774,84.0731
2,4775,84.0831
2,4776,84.0930
2,4777,84.1040
2,4778,84.1153
2,4779,84.1253
2,4780,84.1357
2,4781,84.1464
2,4782,84.1573
2,4783,84.1671
2,4784,84.1771
2,4785,84.1870
2,4786,84.1973
2,4787,84.2068
2,4788,84.2178
2,4789,84.2278
2,4790,84.2383
2,4791,84.2484
2,4792,84.2580
2,4793,84.2689
2,4794,84.2794
2,4795,84.2902
2,4796,84.3016
2,4797,84.3123
2,4798,84.3009
2,4799,84.3116
2,4800,84.3219
2,4801,84.3325
2,4802,84.3428
2,4803,84.3526
2,4804,84.3540
2,4805,84.3498
2,4806,84.3613
2,4807,84.3718
2,4808,84.3581
2,4809,84.3357
2,4810,84.3458
2,4811,84.3563
2,4812,84.3663
2,4813,84.3762
2,4814,84.3869
2,4815,84.3961
2,4816,84.4053
2,4817,84.4156
2,4818,84.4265
2,4819,84.4376
2,4820,84.4475
2,4821,84.4575
2,4822,84.4586
2,4823,84.4687
2,4824,84.4487
2,4825,84.4594
2,4826,84.4704
2,4827,84.4816
2,4828,84.4918
2,4829,84.5021
2,4830,84.5123
2,4831,84.5229
2,4832,84.5336
2,4833,84.5439
2,4834,84.5544
2,4835,84.5645
2,4836,84.5752
2,4837,84.5855
2,4838,84.5963
2,4839,84.6073
2,4840,84.6170
2,4841,84.6263
2,4842,84.6160
2,4843,84.6266
2,4844,84.6368
2,4845,84.6480
2,4846,84.6581
2,4847,84.6599
2,4848,84.6707
2,4849,84.6812
2,4850,84.6921
2,4851,84.7028
2,4852,84.6857
2,4853,84.6963
2,4854,84.7059
2,4855,84.7166
2,4856,84.7269
2,4857,84.7377
2,4858,84.7483
2,4859,84.7584
2,4860,84.7683
2,4861,84.7783
2,4862,84.7885
2,4863,84.7994
2,4864,84.8089
2,4865,84.8187
2,4866,84.8287
2,4867,84.8157
2,4868,84.8264
2,4869,84.8381
2,4870,84.8482
2,4871,84.8579
2,4872,84.8419
2,4873,84.8519
2,4874,84.8622
2,4875,84.8708
2,4876,84.8764
2,4877,84.8870
2,4878,84.8977
2,4879,84.8715
2,4880,84.8817
2,4881,84.8915
2,4882,84.8888
2,4883,84.8990
2,4884,84.8985
2,4885,84.9105
2,4886,84.9205
2,4887,84.9303
2,4888,84.9397
2,4889,84.9494
2,4890,84.9595
2,4891,84.9699
2,4892,84.9802
2,4893,84.9903
2,4894,85.0009
2,4895,85.0120
2,4896,85.0219
2,4897,85.0004
2,4898,85.0110
2,4899,85.0207
2,4900,85.0306
2,4901,85.0293
2,4902,85.0399
2,4903,85.0502
2,4904,85.0601
2,4905,85.0699
2,4906,85.0805
2,4907,85.0900
2,4908,85.1000
2,4909,85.1103
2,4910,85.1201
2,4911,85.1298
2,4912,85.1397
2,4913,85.1499
2,4914,85.1590
2,4915,85.1698
2,4916,85.1808
2,4917,85.1914
2,4918,85.2007
2,4919,85.2104
2,4920,85.2204
2,4921,85.2310
2,4922,85.2410
2,4923,85.2515
2,4924,85.2607
2,4925,85.2717
2,4926,85.2820
2,4927,85.2920
2,4928,85.3027
2,4929,85.3138
2,4930,85.3117
2,4931,85.3222
2,4932,85.3328
2,4933,85.3431
2,4934,85.3530
2,4935,85.3540
2,4936,85.3648
2,4937,85.3747
2,4938,85.3811
2,4939,85.3926
2,4940,85.4027
2,4941,85.4120
2,4942,85.4220
2,4943,85.4329
2,4944,85.4433
2,4945,85.4536
2,4946,85.4625
2,4947,85.4741
2,4948,85.4837
2,4949,85.4939
2,4950,85.5040
2,4951,85.5139
2,4952,85.5232
2,4953,85.5325
2,4954,85.5427
2,4955,85.5531
2,4956,85.5484
2,4957,85.5585
2,4958,85.5688
2,4959,85.5792
2,4960,85.5889
2,4961,85.5995
2,4962,85.6096
2,4963,85.6200
2,4964,85.6309
2,4965,85.6404
2,4966,85.6508
2,4967,85.6560
2,4968,85.6662
2,4969,85.6762
2,4970,85.6862
2,4971,85.6961
2,4972,85.7066
2,4973,85.7166
2,4974,85.7268
2,4975,85.7365
2,4976,85.7464
2,4977,85.7564
2,4978,85.7672
2,4979,85.7773
2,4980,85.7881
2,4981,85.7990
2,4982,85.8098
2,4983,85.8023
2,4984,85.8126
2,4985,85.8223
2,4986,85.8145
2,4987,85.8238
2,4988,85.8336
2,4989,85.8438
2,4990,85.8533
2,4991,85.8375
2,4992,85.8474
2,4993,85.8576
2,4994,85.8670
2,4995,85.8763
2,4996,85.8861
2,4997,85.8962
2,4998,85.9051
2,4999,85.9152
2,5000,85.9256
8,1,0.0000
8,2,0.5625
8,3,0.8586
8,4,1.0688
8,5,1.2397
8,6,1.4035
8,7,1.5704
8,8,1.7380
8,9,1.8484
8,10,1.9757
8,11,2.0846
8,12,2.1839
8,13,2.2928
8,14,2.3922
8,15,2.4869
8,16,2.5857
8,17,2.6689
8,18,2.7646
8,19,2.8553
8,20,2.9298
8,21,3.0237
8,22,3.1079
8,23,3.1876
8,24,3.2594
8,25,3.3361
8,26,3.4190
8,27,3.4987
8,28,3.5733
8,29,3.6628
8,30,3.7362
8,31,3.8142
8,32,3.8792
8,33,3.9525
8,34,4.0286
8,35,4.0908
8,36,4.1615
8,37,4.2363
8,38,4.3034
8,39,4.3820
8,40,4.4452
8,41,4.5113
8,42,4.5722
8,43,4.6319
8,44,4.6891
8,45,4.7504
8,46,4.8135
8,47,4.8794
8,48,4.9421
8,49,5.0026
8,50,5.0619
8,51,5.1208
8,52,5.1893
8,53,5.2539
8,54,5.3068
8,55,5.3640
8,56,5.4261
8,57,5.4785
8,58,5.5339
8,59,5.5959
8,60,5.6532
8,61,5.7103
8,62,5.7614
8,63,5.8170
8,64,5.8816
8,65,5.9347
8,66,5.9861
8,67,6.0321
8,68,6.0882
8,69,6.1490
8,70,6.1986
8,71,6.2546
8,72,6.3101
8,73,6.3683
8,74,6.4195
8,75,6.4630
8,76,6.5128
8,77,6.5690
8,78,6.6165
8,79,6.6659
8,80,6.7151
8,81,6.7674
8,82,6.8251
8,83,6.8722
8,84,6.9221
8,85,6.9757
8,86,7.0223
8,87,7.0721
8,88,7.1198
8,89,7.1676
8,90,7.2184
8,91,7.2617
8,92,7.3051
8,93,7.3543
8,94,7.4009
8,95,7.4447
8,96,7.4909
8,97,7.5363
8,98,7.5811
8,99,7.6339
8,100,7.6823
8,101,7.7333
8,102,7.7785
8,103,7.8215
8,104,7.8666
8,105,7.9142
8,106,7.9600
8,107,8.0054
8,108,8.0481
8,109,8.0933
8,110,8.1356
8,111,8.1808
8,112,8.2289
8,113,8.2763
8,114,8.3182
8,115,8.3630
8,116,8.4100
8,117,8.4548
8,118,8.4976
8,119,8.5441
8,120,8.5902
8,121,8.6371
8,122,8.6830
8,123,8.7324
8,124,8.7804
8,125,8.8221
8,126,8.8668
8,127,8.9122
8,128,8.9532
8,129,8.9946
8,130,9.0372
8,131,9.0762
8,132,9.1167
8,133,9.1542
8,134,9.1970
8,135,9.2351
8,136,9.2790
8,137,9.3197
8,138,9.3629
8,139,9.4043
8,140,9.4466
8,141,9.4910
8,142,9.5281
8,143,9.5676
8,144,9.6097
8,145,9.6520
8,146,9.6899
8,147,9.7297
8,148,9.7690
8,149,9.8034
8,150,9.8414
8,151,9.8769
8,152,9.9163
8,153,9.9595
8,154,10.0004
8,155,10.0358
8,156,10.0723
8,157,10.1145
8,158,10.1535
8,159,10.1936
8,160,10.2339
8,161,10.2713
8,162,10.3101
8,163,10.3491
8,164,10.3919
8,165,10.4303
8,166,10.4702
8,167,10.5065
8,168,10.5439
8,169,10.5840
8,170,10.6251
8,171,10.6632
8,172,10.7006
8,173,10.7351
8,174,10.7713
8,175,10.8083
8,176,10.8434
8,177,10.8798
8,178,10.9156
8,179,10.9482
8,180,10.9840
8,181,11.0217
8,182,11.0553
8,183,11.0926
8,184,11.1284
8,185,11.1623
8,186,11.1966
8,187,11.2356
8,188,11.2718
8,189,11.3072
8,190,11.3437
8,191,11.3758
8,192,11.4099
8,193,11.4407
8,194,11.4774
8,195,11.5113
8,196,11.5428
8,197,11.5815
8,198,11.6128
8,199,11.6453
8,200,11.6803
8,201,11.7145
8,202,11.7512
8,203,11.7833
8,204,11.8203
8,205,11.8529
8,206,11.8862
8,207,11.9207
8,208,11.9546
8,209,11.9926
8,210,12.0286
8,211,12.0612
8,212,12.0939
8,213,12.1273
8,214,12.1588
8,215,12.1954
8,216,12.2285
8,217,12.2640
8,218,12.2972
8,219,12.3306
8,220,12.3622
8,221,12.3944
8,222,12.4276
8,223,12.4600
8,224,12.4907
8,225,12.5243
8,226,12.5566
8,227,12.5893
8,228,12.6212
8,229,12.6542
8,230,12.6873
8,231,12.7195
8,232,12.7537
8,233,12.7905
8,234,12.8226
8,235,12.8572
8,236,12.8868
8,237,12.9206
8,238,12.9536
8,239,12.9844
8,240,13.0170
8,241,13.0505
8,242,13.0816
8,243,13.1152
8,244,13.1477
8,245,13.1782
8,246,13.2087
8,247,13.2401
8,248,13.2718
8,249,13.3040
8,250,13.3350
8,251,13.3656
8,252,13.3980
8,253,13.4295
8,254,13.4611
8,255,13.4923
8,256,13.5229
8,257,13.5538
8,258,13.5840
8,259,13.6157
8,260,13.6450
8,261,13.6782
8,262,13.7090
8,263,13.7402
8,264,13.7685
8,265,13.7969
8,266,13.8290
8,267,13.8621
8,268,13.8953
8,269,13.9224
8,270,13.9565
8,271,13.9872
8,272,14.0185
8,273,14.0477
8,274,14.0760
8,275,14.1075
8,276,14.1367
8,277,14.1667
8,278,14.1976
8,279,14.2268
8,280,14.2585
8,281,14.2889
8,282,14.3191
8,283,14.3493
8,284,14.3807
8,285,14.4122
8,286,14.4446
8,287,14.4722
8,288,14.5013
8,289,14.5308
8,290,14.5584
8,291,14.5890
8,292,14.6181
8,293,14.6477
8,294,14.6769
8,295,14.7074
8,296,14.7357
8,297,14.7658
8,298,14.7975
8,299,14.8265
8,300,14.8539
8,301,14.8810
8,302,14.9103
8,303,14.9415
8,304,14.9697
8,305,15.0009
8,306,15.0290
8,307,15.0583
8,308,15.0858
8,309,15.1154
8,310,15.1430
8,311,15.1705
8,312,15.1992
8,313,15.2293
8,314,15.2574
8,315,15.2866
8,316,15.3141
8,317,15.3415
8,318,15.3715
8,319,15.3992
8,320,15.4300
8,321,15.4580
8,322,15.4863
8,323,15.5159
8,324,15.5458
8,325,15.5753
8,326,15.6030
8,327,15.6309
8,328,15.6597
8,329,15.6867
8,330,15.7160
8,331,15.7445
8,332,15.7719
8,333,15.7982
8,334,15.8263
8,335,15.8546
8,336,15.8823
8,337,15.9100
8,338,15.9370
8,339,15.9653
8,340,15.9943
8,341,16.0244
8,342,16.0510
8,343,16.0775
8,344,16.1071
8,345,16.1336
8,346,16.1605
8,347,16.1874
8,348,16.2150
8,349,16.2443
8,350,16.2712
8,351,16.2977
8,352,16.3250
8,353,16.3529
8,354,16.3813
8,355,16.4094
8,356,16.4350
8,357,16.4616
8,358,16.4893
8,359,16.5133
8,360,16.5396
8,361,16.5678
8,362,16.5954
8,363,16.6204
8,364,16.6477
8,365,16.6766
8,366,16.7040
8,367,16.7311
8,368,16.7550
8,369,16.7838
8,370,16.8099
8,371,16.8343
8,372,16.8633
8,373,16.8887
8,374,16.9154
8,375,16.9430
8,376,16.9681
8,377,16.9928
8,378,17.0186
8,379,17.0467
8,380,17.0734
8,381,17.1006
8,382,17.1251
8,383,17.1488
8,384,17.1757
8,385,17.2013
8,386,17.2264
8,387,17.2528
8,388,17.2781
8,389,17.3049
8,390,17.3298
8,391,17.3560
8,392,17.3793
8,393,17.4042
8,394,17.4297
8,395,17.4567
8,396,17.4821
8,397,17.5089
8,398,17.5328
8,399,17.5594
8,400,17.5846
8,401,17.6105
8,402,17.6352
8,403,17.6593
8,404,17.6830
8,405,17.7078
8,406,17.7335
8,407,17.7604
8,408,17.7855
8,409,17.8095
8,410,17.8331
8,411,17.8587
8,412,17.8854
8,413,17.9116
8,414,17.9371
8,415,17.9626
8,416,17.9906
8,417,18.0144
8,418,18.0403
8,419,18.0671
8,420,18.0928
8,421,18.1169
8,422,18.1406
8,423,18.1653
8,424,18.1874
8,425,18.2115
8,426,18.2382
8,427,18.2639
8,428,18.2898
8,429,18.3168
8,430,18.3424
8,431,18.3677
8,432,18.3940
8,433,18.4186
8,434,18.4455
8,435,18.4700
8,436,18.4930
8,437,18.5182
8,438,18.5443
8,439,18.5685
8,440,18.5926
8,441,18.6179
8,442,18.6412
8,443,18.6637
8,444,18.6903
8,445,18.7161
8,446,18.7385
8,447,18.7630
8,448,18.7859
8,449,18.8113
8,450,18.8359
8,451,18.8600
8,452,18.8855
8,453,18.9120
8,454,18.9355
8,455,18.9602
8,456,18.9844
8,457,19.0079
8,458,19.0331
8,459,19.0575
8,460,19.0814
8,461,19.1060
8,462,19.1298
8,463,19.1526
8,464,19.1776
8,465,19.2021
8,466,19.2262
8,467,19.2496
8,468,19.2738
8,469,19.2995
8,470,19.3228
8,471,19.3471
8,472,19.3722
8,473,19.3966
8,474,19.4193
8,475,19.4431
8,476,19.4661
8,477,19.4911
8,478,19.5134
8,479,19.5375
8,480,19.5593
8,481,19.5837
8,482,19.6077
8,483,19.6308
8,484,19.6537
8,485,19.6771
8,486,19.7007
8,487,19.7237
8,488,19.7471
8,489,19.7705
8,490,19.7943
8,491,19.8188
8,492,19.8439
8,493,19.8668
8,494,19.8893
8,495,19.9128
8,496,19.9366
8,497,19.9569
8,498,19.9782
8,499,20.0025
8,500,20.0245
8,501,20.0476
8,502,20.0709
8,503,20.0929
8,504,20.1159
8,505,20.1370
8,506,20.1589
8,507,20.1823
8,508,20.2043
8,509,20.2285
8,510,20.2528
8,511,20.2755
8,512,20.2985
8,513,20.3222
8,514,20.3438
8,515,20.3667
8,516,20.3905
8,517,20.4123
8,518,20.4346
8,519,20.4577
8,520,20.4827
8,521,20.5055
8,522,20.5284
8,523,20.5502
8,524,20.5720
8,525,20.5947
8,526,20.6181
8,527,20.6421
8,528,20.6643
8,529,20.6872
8,530,20.7103
8,531,20.7340
8,532,20.7600
8,533,20.7831
8,534,20.8071
8,535,20.8295
8,536,20.8506
8,537,20.8733
8,538,20.8952
8,539,20.9172
8,540,20.9418
8,541,20.9617
8,542,20.9843
8,543,21.0068
8,544,21.0299
8,545,21.0537
8,546,21.0776
8,547,21.1024
8,548,21.1244
8,549,21.1492
8,550,21.1739
8,551,21.1965
8,552,21.2198
8,553,21.2430
8,554,21.2643
8,555,21.2876
8,556,21.3097
8,557,21.3319
8,558,21.3560
8,559,21.3786
8,560,21.3997
8,561,21.4207
8,562,21.4429
8,563,21.4661
8,564,21.4890
8,565,21.5110
8,566,21.5347
8,567,21.5589
8,568,21.5815
8,569,21.6030
8,570,21.6248
8,571,21.6475
8,572,21.6702
8,573,21.6918
8,574,21.7139
8,575,21.7364
8,576,21.7588
8,577,21.7815
8,578,21.8050
8,579,21.8269
8,580,21.8480
8,581,21.8700
8,582,21.8910
8,583,21.9132
8,584,21.9364
8,585,21.9596
8,586,21.9808
8,587,22.0016
8,588,22.0231
8,589,22.0459
8,590,22.0669
8,591,22.0904
8,592,22.1116
8,593,22.1348
8,594,22.1578
8,595,22.1802
8,596,22.2020
8,597,22.2250
8,598,22.2456
8,599,22.2695
8,600,22.2905
8,601,22.3127
8,602,22.3368
8,603,22.3589
8,604,22.3827
8,605,22.4063
8,606,22.4271
8,607,22.4499
8,608,22.4715
8,609,22.4932
8,610,22.5146
8,611,22.5352
8,612,22.5567
8,613,22.5777
8,614,22.5993
8,615,22.6199
8,616,22.6406
8,617,22.6641
8,618,22.6862
8,619,22.7082
8,620,22.7293
8,621,22.7526
8,622,22.7733
8,623,22.7953
8,624,22.8165
8,625,22.8386
8,626,22.8612
8,627,22.8834
8,628,22.9051
8,629,22.9265
8,630,22.9479
8,631,22.9699
8,632,22.9913
8,633,23.0118
8,634,23.0331
8,635,23.0552
8,636,23.0789
8,637,23.1009
8,638,23.1229
8,639,23.1452
8,640,23.1661
8,641,23.1878
8,642,23.2088
8,643,23.2308
8,644,23.2545
8,645,23.2750
8,646,23.2969
8,647,23.3182
8,648,23.3403
8,649,23.3615
8,650,23.3840
8,651,23.4051
8,652,23.4267
8,653,23.4479
8,654,23.4704
8,655,23.4908
8,656,23.5124
8,657,23.5344
8,658,23.5559
8,659,23.5777
8,660,23.6001
8,661,23.6226
8,662,23.6446
8,663,23.6677
8,664,23.6893
8,665,23.7120
8,666,23.7351
8,667,23.7555
8,668,23.7793
8,669,23.8007
8,670,23.8207
8,671,23.8411
8,672,23.8628
8,673,23.8833
8,674,23.9053
8,675,23.9270
8,676,23.9497
8,677,23.9714
8,678,23.9911
8,679,24.0114
8,680,24.0315
8,681,24.0525
8,682,24.0734
8,683,24.0948
8,684,24.1163
8,685,24.1361
8,686,24.1568
8,687,24.1781
8,688,24.1985
8,689,24.2187
8,690,24.2411
8,691,24.2643
8,692,24.2858
8,693,24.3069
8,694,24.3278
8,695,24.3494
8,696,24.3697
8,697,24.3891
8,698,24.4094
8,699,24.4283
8,700,24.4498
8,701,24.4697
8,702,24.4914
8,703,24.5126
8,704,24.5331
8,705,24.5526
8,706,24.5730
8,707,24.5961
8,708,24.6169
8,709,24.6381
8,710,24.6597
8,711,24.6802
8,712,24.7006
8,713,24.7204
8,714,24.7390
8,715,24.7597
8,716,24.7829
8,717,24.8041
8,718,24.8250
8,719,24.8466
8,720,24.8672
8,721,24.8860
8,722,24.9059
8,723,24.9276
8,724,24.9479
8,725,24.9677
8,726,24.9874
8,727,25.0073
8,728,25.0307
8,729,25.0510
8,730,25.0724
8,731,25.0925
8,732,25.1117
8,733,25.1310
8,734,25.1507
8,735,25.1703
8,736,25.1912
8,737,25.2111
8,738,25.2296
8,739,25.2484
8,740,25.2673
8,741,25.2867
8,742,25.3080
8,743,25.3282
8,744,25.3478
8,745,25.3665
8,746,25.3862
8,747,25.4068
8,748,25.4276
8,749,25.4488
8,750,25.4688
8,751,25.4896
8,752,25.5104
8,753,25.5312
8,754,25.5524
8,755,25.5722
8,756,25.5910
8,757,25.6111
8,758,25.6321
8,759,25.6515
8,760,25.6716
8,761,25.6918
8,762,25.7120
8,763,25.7297
8,764,25.7513
8,765,25.7722
8,766,25.7926
8,767,25.8133
8,768,25.8330
8,769,25.8528
8,770,25.8724
8,771,25.8909
8,772,25.9112
8,773,25.9304
8,774,25.9509
8,775,25.9708
8,776,25.9898
8,777,26.0079
8,778,26.0270
8,779,26.0462
8,780,26.0648
8,781,26.0839
8,782,26.1029
8,783,26.1227
8,784,26.1429
8,785,26.1631
8,786,26.1817
8,787,26.2019
8,788,26.2221
8,789,26.2410
8,790,26.2609
8,791,26.2796
8,792,26.3002
8,793,26.3202
8,794,26.3403
8,795,26.3600
8,796,26.3784
8,797,26.3960
8,798,26.4160
8,799,26.4350
8,800,26.4543
8,801,26.4734
8,802,26.4925
8,803,26.5123
8,804,26.5319
8,805,26.5516
8,806,26.5722
8,807,26.5914
8,808,26.6108
8,809,26.6303
8,810,26.6493
8,811,26.6687
8,812,26.6882
8,813,26.7088
8,814,26.7309
8,815,26.7505
8,816,26.7714
8,817,26.7919
8,818,26.8118
8,819,26.8328
8,820,26.8538
8,821,26.8724
8,822,26.8916
8,823,26.9113
8,824,26.9307
8,825,26.9495
8,826,26.9678
8,827,26.9876
8,828,27.0063
8,829,27.0250
8,830,27.0435
8,831,27.0629
8,832,27.0827
8,833,27.1014
8,834,27.1197
8,835,27.1381
8,836,27.1575
8,837,27.1761
8,838,27.1961
8,839,27.2140
8,840,27.2328
8,841,27.2520
8,842,27.2725
8,843,27.2928
8,844,27.3131
8,845,27.3329
8,846,27.3531
8,847,27.3721
8,848,27.3915
8,849,27.4115
8,850,27.4316
8,851,27.4524
8,852,27.4723
8,853,27.4912
8,854,27.5094
8,855,27.5280
8,856,27.5479
8,857,27.5670
8,858,27.5848
8,859,27.6035
8,860,27.6221
8,861,27.6411
8,862,27.6609
8,863,27.6786
8,864,27.6955
8,865,27.7148
8,866,27.7336
8,867,27.7528
8,868,27.7710
8,869,27.7893
8,870,27.8079
8,871,27.8283
8,872,27.8463
8,873,27.8643
8,874,27.8851
8,875,27.9036
8,876,27.9232
8,877,27.9411
8,878,27.9603
8,879,27.9781
8,880,27.9965
8,881,28.0163
8,882,28.0347
8,883,28.0534
8,884,28.0729
8,885,28.0920
8,886,28.1125
8,887,28.1313
8,888,28.1498
8,889,28.1683
8,890,28.1863
8,891,28.2048
8,892,28.2226
8,893,28.2405
8,894,28.2604
8,895,28.2781
8,896,28.2979
8,897,28.3152
8,898,28.3337
8,899,28.3529
8,900,28.3715
8,901,28.3899
8,902,28.4092
8,903,28.4282
8,904,28.4469
8,905,28.4650
8,906,28.4835
8,907,28.5005
8,908,28.5183
8,909,28.5371
8,910,28.5570
8,911,28.5766
8,912,28.5970
8,913,28.6153
8,914,28.6321
8,915,28.6499
8,916,28.6692
8,917,28.6871
8,918,28.7068
8,919,28.7257
8,920,28.7450
8,921,28.7638
8,922,28.7821
8,923,28.7999
8,924,28.8179
8,925,28.8359
8,926,28.8558
8,927,28.8740
8,928,28.8914
8,929,28.9098
8,930,28.9299
8,931,28.9471
8,932,28.9656
8,933,28.9847
8,934,29.0033
8,935,29.0206
8,936,29.0393
8,937,29.0577
8,938,29.0745
8,939,29.0932
8,940,29.1103
8,941,29.1295
8,942,29.1485
8,943,29.1662
8,944,29.1853
8,945,29.2045
8,946,29.2225
8,947,29.2393
8,948,29.2574
8,949,29.2751
8,950,29.2925
8,951,29.3105
8,952,29.3281
8,953,29.3462
8,954,29.3653
8,955,29.3841
8,956,29.4020
8,957,29.4199
8,958,29.4382
8,959,29.4554
8,960,29.4727
8,961,29.4909
8,962,29.5107
8,963,29.5307
8,964,29.5482
8,965,29.5673
8,966,29.5857
8,967,29.6045
8,968,29.6238
8,969,29.6418
8,970,29.6595
8,971,29.6784
8,972,29.6965
8,973,29.7151
8,974,29.7318
8,975,29.7497
8,976,29.7690
8,977,29.7873
8,978,29.8053
8,979,29.8231
8,980,29.8405
8,981,29.8578
8,982,29.8746
8,983,29.8931
8,984,29.9108
8,985,29.9271
8,986,29.9444
8,987,29.9637
8,988,29.9807
8,989,29.9987
8,990,30.0169
8,991,30.0359
8,992,30.0528
8,993,30.0706
8,994,30.0879
8,995,30.1058
8,996,30.1245
8,997,30.1418
8,998,30.1590
8,999,30.1762
8,1000,30.1938
8,1001,30.2110
8,1002,30.2291
8,1003,30.2465
8,1004,30.2642
8,1005,30.2819
8,1006,30.2993
8,1007,30.3171
8,1008,30.3352
8,1009,30.3530
8,1010,30.3710
8,1011,30.3881
8,1012,30.4062
8,1013,30.4233
8,1014,30.4412
8,1015,30.4578
8,1016,30.4743
8,1017,30.4921
8,1018,30.5097
8,1019,30.5259
8,1020,30.5444
8,1021,30.5619
8,1022,30.5796
8,1023,30.5984
8,1024,30.6184
8,1025,30.6359
8,1026,30.6535
8,1027,30.6726
8,1028,30.6918
8,1029,30.7087
8,1030,30.7262
8,1031,30.7447
8,1032,30.7640
8,1033,30.7816
8,1034,30.7994
8,1035,30.8167
8,1036,30.8335
8,1037,30.8526
8,1038,30.8697
8,1039,30.8866
8,1040,30.9030
8,1041,30.9201
8,1042,30.9373
8,1043,30.9532
8,1044,30.9709
8,1045,30.9883
8,1046,31.0053
8,1047,31.0239
8,1048,31.0428
8,1049,31.0596
8,1050,31.0767
8,1051,31.0941
8,1052,31.1103
8,1053,31.1293
8,1054,31.1477
8,1055,31.1660
8,1056,31.1835
8,1057,31.1996
8,1058,31.2168
8,1059,31.2341
8,1060,31.2515
8,1061,31.2678
8,1062,31.2854
8,1063,31.3032
8,1064,31.3209
8,1065,31.3387
8,1066,31.3561
8,1067,31.3735
8,1068,31.3908
8,1069,31.4081
8,1070,31.4259
8,1071,31.4441
8,1072,31.4599
8,1073,31.4768
8,1074,31.4934
8,1075,31.5110
8,1076,31.5283
8,1077,31.5454
8,1078,31.5634
8,1079,31.5805
8,1080,31.5984
8,1081,31.6154
8,1082,31.6342
8,1083,31.6514
8,1084,31.6682
8,1085,31.6845
8,1086,31.7022
8,1087,31.7210
8,1088,31.7384
8,1089,31.7565
8,1090,31.7727
8,1091,31.7894
8,1092,31.8064
8,1093,31.8230
8,1094,31.8392
8,1095,31.8569
8,1096,31.8747
8,1097,31.8921
8,1098,31.9090
8,1099,31.9266
8,1100,31.9415
8,1101,31.9589
8,1102,31.9773
8,1103,31.9952
8,1104,32.0124
8,1105,32.0299
8,1106,32.0460
8,1107,32.0620
8,1108,32.0786
8,1109,32.0952
8,1110,32.1107
8,1111,32.1284
8,1112,32.1458
8,1113,32.1622
8,1114,32.1792
8,1115,32.1968
8,1116,32.2132
8,1117,32.2293
8,1118,32.2472
8,1119,32.2628
8,1120,32.2802
8,1121,32.2969
8,1122,32.3149
8,1123,32.3325
8,1124,32.3490
8,1125,32.3679
8,1126,32.3849
8,1127,32.4024
8,1128,32.4198
8,1129,32.4383
8,1130,32.4552
8,1131,32.4709
8,1132,32.4887
8,1133,32.5065
8,1134,32.5240
8,1135,32.5402
8,1136,32.5565
8,1137,32.5732
8,1138,32.5896
8,1139,32.6074
8,1140,32.6248
8,1141,32.6426
8,1142,32.6599
8,1143,32.6774
8,1144,32.6930
8,1145,32.7098
8,1146,32.7269
8,1147,32.7437
8,1148,32.7606
8,1149,32.7781
8,1150,32.7963
8,1151,32.8129
8,1152,32.8295
8,1153,32.8473
8,1154,32.8644
8,1155,32.8809
8,1156,32.8974
8,1157,32.9142
8,1158,32.9305
8,1159,32.9460
8,1160,32.9614
8,1161,32.9778
8,1162,32.9945
8,1163,33.0120
8,1164,33.0301
8,1165,33.0462
8,1166,33.0623
8,1167,33.0791
8,1168,33.0963
8,1169,33.1127
8,1170,33.1277
8,1171,33.1439
8,1172,33.1605
8,1173,33.1786
8,1174,33.1946
8,1175,33.2120
8,1176,33.2297
8,1177,33.2472
8,1178,33.2649
8,1179,33.2806
8,1180,33.2974
8,1181,33.3140
8,1182,33.3308
8,1183,33.3480
8,1184,33.3646
8,1185,33.3819
8,1186,33.3984
8,1187,33.4159
8,1188,33.4320
8,1189,33.4481
8,1190,33.4667
8,1191,33.4846
8,1192,33.5016
8,1193,33.5199
8,1194,33.5386
8,1195,33.5552
8,1196,33.5714
8,1197,33.5865
8,1198,33.6028
8,1199,33.6193
8,1200,33.6337
8,1201,33.6508
8,1202,33.6673
8,1203,33.6851
8,1204,33.7015
8,1205,33.7170
8,1206,33.7330
8,1207,33.7499
8,1208,33.7666
8,1209,33.7832
8,1210,33.7997
8,1211,33.8166
8,1212,33.8326
8,1213,33.8506
8,1214,33.8681
8,1215,33.8837
8,1216,33.8998
8,1217,33.9167
8,1218,33.9324
8,1219,33.9489
8,1220,33.9640
8,1221,33.9805
8,1222,33.9969
8,1223,34.0148
8,1224,34.0305
8,1225,34.0472
8,1226,34.0635
8,1227,34.0787
8,1228,34.0960
8,1229,34.1124
8,1230,34.1281
8,1231,34.1451
8,1232,34.1615
8,1233,34.1781
8,1234,34.1953
8,1235,34.2117
8,1236,34.2273
8,1237,34.2433
8,1238,34.2597
8,1239,34.2763
8,1240,34.2919
8,1241,34.3091
8,1242,34.3262
8,1243,34.3436
8,1244,34.3602
8,1245,34.3765
8,1246,34.3927
8,1247,34.4097
8,1248,34.4267
8,1249,34.4437
8,1250,34.4594
8,1251,34.4746
8,1252,34.4906
8,1253,34.5056
8,1254,34.5233
8,1255,34.5392
8,1256,34.5552
8,1257,34.5709
8,1258,34.5873
8,1259,34.6028
8,1260,34.6193
8,1261,34.6362
8,1262,34.6531
8,1263,34.6690
8,1264,34.6853
8,1265,34.7016
8,1266,34.7180
8,1267,34.7333
8,1268,34.7506
8,1269,34.7665
8,1270,34.7837
8,1271,34.7996
8,1272,34.8152
8,1273,34.8310
8,1274,34.8463
8,1275,34.8617
8,1276,34.8768
8,1277,34.8933
8,1278,34.9099
8,1279,34.9259
8,1280,34.9412
8,1281,34.9573
8,1282,34.9722
8,1283,34.9882
8,1284,35.0027
8,1285,35.0192
8,1286,35.0357
8,1287,35.0522
8,1288,35.0690
8,1289,35.0845
8,1290,35.0999
8,1291,35.1156
8,1292,35.1320
8,1293,35.1491
8,1294,35.1635
8,1295,35.1801
8,1296,35.1955
8,1297,35.2113
8,1298,35.2266
8,1299,35.2427
8,1300,35.2584
8,1301,35.2739
8,1302,35.2913
8,1303,35.3072
8,1304,35.3228
8,1305,35.3399
8,1306,35.3554
8,1307,35.3718
8,1308,35.3876
8,1309,35.4043
8,1310,35.4200
8,1311,35.4363
8,1312,35.4528
8,1313,35.4694
8,1314,35.4845
8,1315,35.4994
8,1316,35.5150
8,1317,35.5310
8,1318,35.5465
8,1319,35.5620
8,1320,35.5779
8,1321,35.5931
8,1322,35.6083
8,1323,35.6244
8,1324,35.6394
8,1325,35.6580
8,1326,35.6734
8,1327,35.6898
8,1328,35.7069
8,1329,35.7227
8,1330,35.7383
8,1331,35.7540
8,1332,35.7692
8,1333,35.7844
8,1334,35.7999
8,1335,35.8153
8,1336,35.8319
8,1337,35.8475
8,1338,35.8635
8,1339,35.8802
8,1340,35.8950
8,1341,35.9093
8,1342,35.9250
8,1343,35.9408
8,1344,35.9565
8,1345,35.9715
8,1346,35.9868
8,1347,36.0025
8,1348,36.0182
8,1349,36.0336
8,1350,36.0486
8,1351,36.0637
8,1352,36.0799
8,1353,36.0960
8,1354,36.1119
8,1355,36.1271
8,1356,36.1437
8,1357,36.1599
8,1358,36.1768
8,1359,36.1921
8,1360,36.2073
8,1361,36.2233
8,1362,36.2392
8,1363,36.2544
8,1364,36.2683
8,1365,36.2838
8,1366,36.2986
8,1367,36.3142
8,1368,36.3297
8,1369,36.3454
8,1370,36.3615
8,1371,36.3761
8,1372,36.3921
8,1373,36.4075
8,1374,36.4232
8,1375,36.4384
8,1376,36.4522
8,1377,36.4679
8,1378,36.4830
8,1379,36.4984
8,1380,36.5152
8,1381,36.5311
8,1382,36.5477
8,1383,36.5633
8,1384,36.5794
8,1385,36.5952
8,1386,36.6100
8,1387,36.6248
8,1388,36.6409
8,1389,36.6564
8,1390,36.6713
8,1391,36.6864
8,1392,36.7012
8,1393,36.7160
8,1394,36.7307
8,1395,36.7465
8,1396,36.7614
8,1397,36.7771
8,1398,36.7918
8,1399,36.8061
8,1400,36.8211
8,1401,36.8367
8,1402,36.8529
8,1403,36.8691
8,1404,36.8843
8,1405,36.9004
8,1406,36.9159
8,1407,36.9310
8,1408,36.9461
8,1409,36.9614
8,1410,36.9767
8,1411,36.9921
8,1412,37.0073
8,1413,37.0228
8,1414,37.0379
8,1415,37.0529
8,1416,37.0691
8,1417,37.0852
8,1418,37.0995
8,1419,37.1142
8,1420,37.1288
8,1421,37.1449
8,1422,37.1597
8,1423,37.1748
8,1424,37.1909
8,1425,37.2047
8,1426,37.2195
8,1427,37.2345
8,1428,37.2494
8,1429,37.2647
8,1430,37.2797
8,1431,37.2943
8,1432,37.3104
8,1433,37.3254
8,1434,37.3415
8,1435,37.3573
8,1436,37.3737
8,1437,37.3899
8,1438,37.4047
8,1439,37.4198
8,1440,37.4348
8,1441,37.4498
8,1442,37.4655
8,1443,37.4811
8,1444,37.4967
8,1445,37.5127
8,1446,37.5282
8,1447,37.5429
8,1448,37.5577
8,1449,37.5729
8,1450,37.5874
8,1451,37.6026
8,1452,37.6181
8,1453,37.6329
8,1454,37.6480
8,1455,37.6635
8,1456,37.6789
8,1457,37.6946
8,1458,37.7089
8,1459,37.7244
8,1460,37.7398
8,1461,37.7552
8,1462,37.7698
8,1463,37.7848
8,1464,37.7996
8,1465,37.8155
8,1466,37.8312
8,1467,37.8453
8,1468,37.8607
8,1469,37.8756
8,1470,37.8912
8,1471,37.9064
8,1472,37.9207
8,1473,37.9355
8,1474,37.9513
8,1475,37.9663
8,1476,37.9820
8,1477,37.9964
8,1478,38.0105
8,1479,38.0264
8,1480,38.0418
8,1481,38.0569
8,1482,38.0726
8,1483,38.0879
8,1484,38.1032
8,1485,38.1189
8,1486,38.1340
8,1487,38.1480
8,1488,38.1630
8,1489,38.1788
8,1490,38.1949
8,1491,38.2090
8,1492,38.2247
8,1493,38.2394
8,1494,38.2553
8,1495,38.2698
8,1496,38.2853
8,1497,38.3008
8,1498,38.3158
8,1499,38.3311
8,1500,38.3448
8,1501,38.3594
8,1502,38.3733
8,1503,38.3890
8,1504,38.4038
8,1505,38.4186
8,1506,38.4340
8,1507,38.4488
8,1508,38.4630
8,1509,38.4787
8,1510,38.4938
8,1511,38.5091
8,1512,38.5244
8,1513,38.5393
8,1514,38.5550
8,1515,38.5697
8,1516,38.5849
8,1517,38.5994
8,1518,38.6145
8,1519,38.6290
8,1520,38.6445
8,1521,38.6603
8,1522,38.6750
8,1523,38.6900
8,1524,38.7037
8,1525,38.7178
8,1526,38.7333
8,1527,38.7490
8,1528,38.7640
8,1529,38.7799
8,1530,38.7946
8,1531,38.8093
8,1532,38.8234
8,1533,38.8363
8,1534,38.8505
8,1535,38.8652
8,1536,38.8800
8,1537,38.8955
8,1538,38.9103
8,1539,38.9249
8,1540,38.9402
8,1541,38.9548
8,1542,38.9704
8,1543,38.9840
8,1544,38.9987
8,1545,39.0142
8,1546,39.0294
8,1547,39.0443
8,1548,39.0593
8,1549,39.0744
8,1550,39.0881
8,1551,39.1035
8,1552,39.1183
8,1553,39.1333
8,1554,39.1483
8,1555,39.1625
8,1556,39.1769
8,1557,39.1919
8,1558,39.2067
8,1559,39.2214
8,1560,39.2349
8,1561,39.2501
8,1562,39.2648
8,1563,39.2801
8,1564,39.2939
8,1565,39.3087
8,1566,39.3232
8,1567,39.3379
8,1568,39.3528
8,1569,39.3668
8,1570,39.3813
8,1571,39.3966
8,1572,39.4103
8,1573,39.4252
8,1574,39.4402
8,1575,39.4541
8,1576,39.4689
8,1577,39.4842
8,1578,39.4986
8,1579,39.5132
8,1580,39.5272
8,1581,39.5416
8,1582,39.5566
8,1583,39.5712
8,1584,39.5863
8,1585,39.5996
8,1586,39.6147
8,1587,39.6288
8,1588,39.6437
8,1589,39.6570
8,1590,39.6718
8,1591,39.6858
8,1592,39.7004
8,1593,39.7156
8,1594,39.7300
8,1595,39.7450
8,1596,39.7593
8,1597,39.7742
8,1598,39.7897
8,1599,39.8038
8,1600,39.8184
8,1601,39.8338
8,1602,39.8487
8,1603,39.8638
8,1604,39.8790
8,1605,39.8938
8,1606,39.9079
8,1607,39.9233
8,1608,39.9367
8,1609,39.9513
8,1610,39.9654
8,1611,39.9805
8,1612,39.9941
8,1613,40.0086
8,1614,40.0224
8,1615,40.0363
8,1616,40.0504
8,1617,40.0641
8,1618,40.0777
8,1619,40.0926
8,1620,40.1070
8,1621,40.1207
8,1622,40.1350
8,1623,40.1502
8,1624,40.1631
8,1625,40.1783
8,1626,40.1917
8,1627,40.2056
8,1628,40.2210
8,1629,40.2349
8,1630,40.2481
8,1631,40.2630
8,1632,40.2775
8,1633,40.2916
8,1634,40.3057
8,1635,40.3203
8,1636,40.3352
8,1637,40.3497
8,1638,40.3654
8,1639,40.3796
8,1640,40.3937
8,1641,40.4079
8,1642,40.4219
8,1643,40.4363
8,1644,40.4508
8,1645,40.4653
8,1646,40.4792
8,1647,40.4938
8,1648,40.5070
8,1649,40.5216
8,1650,40.5354
8,1651,40.5488
8,1652,40.5639
8,1653,40.5781
8,1654,40.5907
8,1655,40.6053
8,1656,40.6198
8,1657,40.6341
8,1658,40.6485
8,1659,40.6623
8,1660,40.6763
8,1661,40.6898
8,1662,40.7031
8,1663,40.7173
8,1664,40.7318
8,1665,40.7462
8,1666,40.7606
8,1667,40.7755
8,1668,40.7892
8,1669,40.8031
8,1670,40.8174
8,1671,40.8305
8,1672,40.8448
8,1673,40.8586
8,1674,40.8722
8,1675,40.8870
8,1676,40.9010
8,1677,40.9151
8,1678,40.9297
8,1679,40.9437
8,1680,40.9583
8,1681,40.9721
8,1682,40.9865
8,1683,41.0016
8,1684,41.0162
8,1685,41.0307
8,1686,41.0448
8,1687,41.0590
8,1688,41.0735
8,1689,41.0864
8,1690,41.1011
8,1691,41.1152
8,1692,41.1302
8,1693,41.1432
8,1694,41.1577
8,1695,41.1711
8,1696,41.1861
8,1697,41.2004
8,1698,41.2144
8,1699,41.2285
8,1700,41.2433
8,1701,41.2573
8,1702,41.2708
8,1703,41.2850
8,1704,41.2988
8,1705,41.3140
8,1706,41.3280
8,1707,41.3415
8,1708,41.3550
8,1709,41.3694
8,1710,41.3837
8,1711,41.3986
8,1712,41.4129
8,1713,41.4269
8,1714,41.4410
8,1715,41.4544
8,1716,41.4677
8,1717,41.4823
8,1718,41.4965
8,1719,41.5092
8,1720,41.5222
8,1721,41.5366
8,1722,41.5499
8,1723,41.5635
8,1724,41.5774
8,1725,41.5914
8,1726,41.6053
8,1727,41.6188
8,1728,41.6328
8,1729,41.6466
8,1730,41.6601
8,1731,41.6735
8,1732,41.6866
8,1733,41.7010
8,1734,41.7152
8,1735,41.7295
8,1736,41.7429
8,1737,41.7572
8,1738,41.7718
8,1739,41.7848
8,1740,41.7976
8,1741,41.8116
8,1742,41.8257
8,1743,41.8395
8,1744,41.8528
8,1745,41.8660
8,1746,41.8811
8,1747,41.8946
8,1748,41.9088
8,1749,41.9219
8,1750,41.9351
8,1751,41.9493
8,1752,41.9634
8,1753,41.9772
8,1754,41.9921
8,1755,42.0059
8,1756,42.0199
8,1757,42.0338
8,1758,42.0469
8,1759,42.0602
8,1760,42.0740
8,1761,42.0879
8,1762,42.1019
8,1763,42.1151
8,1764,42.1285
8,1765,42.1425
8,1766,42.1559
8,1767,42.1711
8,1768,42.1849
8,1769,42.1989
8,1770,42.2126
8,1771,42.2269
8,1772,42.2415
8,1773,42.2557
8,1774,42.2697
8,1775,42.2835
8,1776,42.2976
8,1777,42.3111
8,1778,42.3261
8,1779,42.3386
8,1780,42.3522
8,1781,42.3655
8,1782,42.3787
8,1783,42.3934
8,1784,42.4076
8,1785,42.4222
8,1786,42.4366
8,1787,42.4499
8,1788,42.4631
8,1789,42.4760
8,1790,42.4903
8,1791,42.5046
8,1792,42.5182
8,1793,42.5328
8,1794,42.5464
8,1795,42.5607
8,1796,42.5745
8,1797,42.5886
8,1798,42.6026
8,1799,42.6163
8,1800,42.6303
8,1801,42.6435
8,1802,42.6567
8,1803,42.6702
8,1804,42.6844
8,1805,42.6991
8,1806,42.7122
8,1807,42.7261
8,1808,42.7404
8,1809,42.7543
8,1810,42.7671
8,1811,42.7811
8,1812,42.7953
8,1813,42.8095
8,1814,42.8234
8,1815,42.8364
8,1816,42.8500
8,1817,42.8632
8,1818,42.8773
8,1819,42.8914
8,1820,42.9043
8,1821,42.9201
8,1822,42.9332
8,1823,42.9475
8,1824,42.9620
8,1825,42.9752
8,1826,42.9907
8,1827,43.0043
8,1828,43.0178
8,1829,43.0314
8,1830,43.0459
8,1831,43.0597
8,1832,43.0724
8,1833,43.0859
8,1834,43.0992
8,1835,43.1129
8,1836,43.1261
8,1837,43.1400
8,1838,43.1531
8,1839,43.1658
8,1840,43.1799
8,1841,43.1937
8,1842,43.2069
8,1843,43.2200
8,1844,43.2343
8,1845,43.2488
8,1846,43.2635
8,1847,43.2766
8,1848,43.2906
8,1849,43.3037
8,1850,43.3175
8,1851,43.3316
8,1852,43.3446
8,1853,43.3578
8,1854,43.3722
8,1855,43.3854
8,1856,43.3980
8,1857,43.4120
8,1858,43.4251
8,1859,43.4392
8,1860,43.4532
8,1861,43.4665
8,1862,43.4800
8,1863,43.4938
8,1864,43.5072
8,1865,43.5212
8,1866,43.5356
8,1867,43.5488
8,1868,43.5619
8,1869,43.5766
8,1870,43.5903
8,1871,43.6040
8,1872,43.6184
8,1873,43.6323
8,1874,43.6465
8,1875,43.6599
8,1876,43.6734
8,1877,43.6877
8,1878,43.7007
8,1879,43.7137
8,1880,43.7266
8,1881,43.7412
8,1882,43.7545
8,1883,43.7680
8,1884,43.7806
8,1885,43.7940
8,1886,43.8076
8,1887,43.8210
8,1888,43.8355
8,1889,43.8497
8,1890,43.8630
8,1891,43.8780
8,1892,43.8921
8,1893,43.9057
8,1894,43.9195
8,1895,43.9336
8,1896,43.9479
8,1897,43.9618
8,1898,43.9756
8,1899,43.9898
8,1900,44.0026
8,1901,44.0169
8,1902,44.0305
8,1903,44.0438
8,1904,44.0564
8,1905,44.0692
8,1906,44.0826
8,1907,44.0965
8,1908,44.1097
8,1909,44.1247
8,1910,44.1391
8,1911,44.1536
8,1912,44.1669
8,1913,44.1795
8,1914,44.1942
8,1915,44.2079
8,1916,44.2215
8,1917,44.2352
8,1918,44.2476
8,1919,44.2616
8,1920,44.2734
8,1921,44.2860
8,1922,44.2993
8,1923,44.3121
8,1924,44.3246
8,1925,44.3375
8,1926,44.3511
8,1927,44.3635
8,1928,44.3770
8,1929,44.3898
8,1930,44.4037
8,1931,44.4167
8,1932,44.4303
8,1933,44.4454
8,1934,44.4589
8,1935,44.4727
8,1936,44.4859
8,1937,44.4994
8,1938,44.5129
8,1939,44.5261
8,1940,44.5393
8,1941,44.5531
8,1942,44.5667
8,1943,44.5788
8,1944,44.5921
8,1945,44.6058
8,1946,44.6182
8,1947,44.6312
8,1948,44.6436
8,1949,44.6576
8,1950,44.6707
8,1951,44.6831
8,1952,44.6963
8,1953,44.7090
8,1954,44.7232
8,1955,44.7367
8,1956,44.7502
8,1957,44.7639
8,1958,44.7760
8,1959,44.7899
8,1960,44.8030
8,1961,44.8166
8,1962,44.8298
8,1963,44.8433
8,1964,44.8562
8,1965,44.8689
8,1966,44.8824
8,1967,44.8961
8,1968,44.9090
8,1969,44.9218
8,1970,44.9347
8,1971,44.9488
8,1972,44.9621
8,1973,44.9761
8,1974,44.9896
8,1975,45.0021
8,1976,45.0149
8,1977,45.0284
8,1978,45.0422
8,1979,45.0563
8,1980,45.0690
8,1981,45.0829
8,1982,45.0960
8,1983,45.1092
8,1984,45.1224
8,1985,45.1356
8,1986,45.1480
8,1987,45.1607
8,1988,45.1744
8,1989,45.1876
8,1990,45.2020
8,1991,45.2154
8,1992,45.2279
8,1993,45.2410
8,1994,45.2540
8,1995,45.2673
8,1996,45.2800
8,1997,45.2933
8,1998,45.3072
8,1999,45.3209
8,2000,45.3340
8,2001,45.3462
8,2002,45.3605
8,2003,45.3734
8,2004,45.3865
8,2005,45.4002
8,2006,45.4133
8,2007,45.4262
8,2008,45.4391
8,2009,45.4524
8,2010,45.4656
8,2011,45.4788
8,2012,45.4914
8,2013,45.5051
8,2014,45.5185
8,2015,45.5323
8,2016,45.5451
8,2017,45.5578
8,2018,45.5717
8,2019,45.5853
8,2020,45.5991
8,2021,45.6118
8,2022,45.6240
8,2023,45.6367
8,2024,45.6501
8,2025,45.6630
8,2026,45.6754
8,2027,45.6891
8,2028,45.7021
8,2029,45.7149
8,2030,45.7280
8,2031,45.7410
8,2032,45.7531
8,2033,45.7662
8,2034,45.7780
8,2035,45.7907
8,2036,45.8029
8,2037,45.8153
8,2038,45.8282
8,2039,45.8411
8,2040,45.8544
8,2041,45.8674
8,2042,45.8811
8,2043,45.8938
8,2044,45.9057
8,2045,45.9193
8,2046,45.9330
8,2047,45.9461
8,2048,45.9598
8,2049,45.9732
8,2050,45.9856
8,2051,45.9989
8,2052,46.0118
8,2053,46.0242
8,2054,46.0373
8,2055,46.0510
8,2056,46.0642
8,2057,46.0777
8,2058,46.0906
8,2059,46.1039
8,2060,46.1160
8,2061,46.1277
8,2062,46.1412
8,2063,46.1552
8,2064,46.1674
8,2065,46.1815
8,2066,46.1945
8,2067,46.2074
8,2068,46.2203
8,2069,46.2336
8,2070,46.2462
8,2071,46.2588
8,2072,46.2716
8,2073,46.2840
8,2074,46.2963
8,2075,46.3092
8,2076,46.3225
8,2077,46.3357
8,2078,46.3496
8,2079,46.3627
8,2080,46.3755
8,2081,46.3893
8,2082,46.4023
8,2083,46.4155
8,2084,46.4282
8,2085,46.4418
8,2086,46.4550
8,2087,46.4682
8,2088,46.4813
8,2089,46.4946
8,2090,46.5081
8,2091,46.5209
8,2092,46.5340
8,2093,46.5465
8,2094,46.5595
8,2095,46.5724
8,2096,46.5855
8,2097,46.5988
8,2098,46.6125
8,2099,46.6253
8,2100,46.6379
8,2101,46.6507
8,2102,46.6643
8,2103,46.6780
8,2104,46.6903
8,2105,46.7030
8,2106,46.7150
8,2107,46.7276
8,2108,46.7398
8,2109,46.7526
8,2110,46.7658
8,2111,46.7775
8,2112,46.7896
8,2113,46.8022
8,2114,46.8157
8,2115,46.8289
8,2116,46.8418
8,2117,46.8549
8,2118,46.8671
8,2119,46.8801
8,2120,46.8922
8,2121,46.9061
8,2122,46.9184
8,2123,46.9322
8,2124,46.9448
8,2125,46.9569
8,2126,46.9700
8,2127,46.9828
8,2128,46.9950
8,2129,47.0080
8,2130,47.0212
8,2131,47.0342
8,2132,47.0461
8,2133,47.0590
8,2134,47.0719
8,2135,47.0845
8,2136,47.0969
8,2137,47.1096
8,2138,47.1217
8,2139,47.1339
8,2140,47.1467
8,2141,47.1607
8,2142,47.1736
8,2143,47.1861
8,2144,47.1994
8,2145,47.2128
8,2146,47.2249
8,2147,47.2388
8,2148,47.2507
8,2149,47.2631
8,2150,47.2756
8,2151,47.2876
8,2152,47.3011
8,2153,47.3143
8,2154,47.3274
8,2155,47.3398
8,2156,47.3528
8,2157,47.3666
8,2158,47.3795
8,2159,47.3933
8,2160,47.4063
8,2161,47.4183
8,2162,47.4306
8,2163,47.4430
8,2164,47.4551
8,2165,47.4679
8,2166,47.4805
8,2167,47.4931
8,2168,47.5055
8,2169,47.5178
8,2170,47.5299
8,2171,47.5429
8,2172,47.5554
8,2173,47.5674
8,2174,47.5795
8,2175,47.5917
8,2176,47.6053
8,2177,47.6186
8,2178,47.6319
8,2179,47.6435
8,2180,47.6562
8,2181,47.6693
8,2182,47.6813
8,2183,47.6939
8,2184,47.7062
8,2185,47.7187
8,2186,47.7309
8,2187,47.7435
8,2188,47.7563
8,2189,47.7694
8,2190,47.7822
8,2191,47.7956
8,2192,47.8084
8,2193,47.8208
8,2194,47.8336
8,2195,47.8462
8,2196,47.8590
8,2197,47.8712
8,2198,47.8841
8,2199,47.8967
8,2200,47.9100
8,2201,47.9234
8,2202,47.9361
8,2203,47.9473
8,2204,47.9595
8,2205,47.9722
8,2206,47.9844
8,2207,47.9963
8,2208,48.0087
8,2209,48.0208
8,2210,48.0334
8,2211,48.0455
8,2212,48.0588
8,2213,48.0712
8,2214,48.0838
8,2215,48.0963
8,2216,48.1088
8,2217,48.1213
8,2218,48.1338
8,2219,48.1466
8,2220,48.1585
8,2221,48.1710
8,2222,48.1835
8,2223,48.1960
8,2224,48.2082
8,2225,48.2200
8,2226,48.2337
8,2227,48.2454
8,2228,48.2576
8,2229,48.2700
8,2230,48.2837
8,2231,48.2960
8,2232,48.3079
8,2233,48.3207
8,2234,48.3331
8,2235,48.3457
8,2236,48.3580
8,2237,48.3702
8,2238,48.3820
8,2239,48.3941
8,2240,48.4048
8,2241,48.4175
8,2242,48.4304
8,2243,48.4430
8,2244,48.4551
8,2245,48.4668
8,2246,48.4795
8,2247,48.4924
8,2248,48.5049
8,2249,48.5169
8,2250,48.5304
8,2251,48.5435
8,2252,48.5560
8,2253,48.5686
8,2254,48.5803
8,2255,48.5934
8,2256,48.6064
8,2257,48.6192
8,2258,48.6323
8,2259,48.6447
8,2260,48.6576
8,2261,48.6697
8,2262,48.6820
8,2263,48.6941
8,2264,48.7071
8,2265,48.7195
8,2266,48.7318
8,2267,48.7443
8,2268,48.7561
8,2269,48.7684
8,2270,48.7807
8,2271,48.7939
8,2272,48.8065
8,2273,48.8196
8,2274,48.8317
8,2275,48.8449
8,2276,48.8570
8,2277,48.8696
8,2278,48.8826
8,2279,48.8959
8,2280,48.9087
8,2281,48.9210
8,2282,48.9343
8,2283,48.9465
8,2284,48.9587
8,2285,48.9700
8,2286,48.9823
8,2287,48.9949
8,2288,49.0079
8,2289,49.0201
8,2290,49.0319
8,2291,49.0442
8,2292,49.0564
8,2293,49.0688
8,2294,49.0815
8,2295,49.0938
8,2296,49.1063
8,2297,49.1186
8,2298,49.1314
8,2299,49.1429
8,2300,49.1550
8,2301,49.1671
8,2302,49.1786
8,2303,49.1903
8,2304,49.2022
8,2305,49.2149
8,2306,49.2278
8,2307,49.2396
8,2308,49.2520
8,2309,49.2639
8,2310,49.2770
8,2311,49.2898
8,2312,49.3027
8,2313,49.3146
8,2314,49.3274
8,2315,49.3401
8,2316,49.3519
8,2317,49.3646
8,2318,49.3763
8,2319,49.3879
8,2320,49.4005
8,2321,49.4129
8,2322,49.4254
8,2323,49.4378
8,2324,49.4498
8,2325,49.4621
8,2326,49.4746
8,2327,49.4882
8,2328,49.5014
8,2329,49.5133
8,2330,49.5259
8,2331,49.5387
8,2332,49.5508
8,2333,49.5631
8,2334,49.5750
8,2335,49.5869
8,2336,49.5990
8,2337,49.6104
8,2338,49.6221
8,2339,49.6345
8,2340,49.6469
8,2341,49.6598
8,2342,49.6720
8,2343,49.6840
8,2344,49.6967
8,2345,49.7091
8,2346,49.7217
8,2347,49.7344
8,2348,49.7475
8,2349,49.7602
8,2350,49.7722
8,2351,49.7840
8,2352,49.7966
8,2353,49.8089
8,2354,49.8213
8,2355,49.8335
8,2356,49.8462
8,2357,49.8588
8,2358,49.8724
8,2359,49.8850
8,2360,49.8972
8,2361,49.9093
8,2362,49.9219
8,2363,49.9339
8,2364,49.9462
8,2365,49.9585
8,2366,49.9694
8,2367,49.9826
8,2368,49.9954
8,2369,50.0076
8,2370,50.0196
8,2371,50.0312
8,2372,50.0442
8,2373,50.0564
8,2374,50.0686
8,2375,50.0809
8,2376,50.0929
8,2377,50.1053
8,2378,50.1169
8,2379,50.1295
8,2380,50.1416
8,2381,50.1532
8,2382,50.1652
8,2383,50.1773
8,2384,50.1890
8,2385,50.2012
8,2386,50.2136
8,2387,50.2264
8,2388,50.2386
8,2389,50.2509
8,2390,50.2633
8,2391,50.2765
8,2392,50.2887
8,2393,50.3007
8,2394,50.3132
8,2395,50.3256
8,2396,50.3381
8,2397,50.3497
8,2398,50.3615
8,2399,50.3738
8,2400,50.3861
8,2401,50.3979
8,2402,50.4102
8,2403,50.4225
8,2404,50.4355
8,2405,50.4481
8,2406,50.4612
8,2407,50.4741
8,2408,50.4864
8,2409,50.4985
8,2410,50.5106
8,2411,50.5231
8,2412,50.5362
8,2413,50.5483
8,2414,50.5607
8,2415,50.5728
8,2416,50.5855
8,2417,50.5972
8,2418,50.6094
8,2419,50.6215
8,2420,50.6335
8,2421,50.6448
8,2422,50.6570
8,2423,50.6695
8,2424,50.6821
8,2425,50.6939
8,2426,50.7062
8,2427,50.7180
8,2428,50.7302
8,2429,50.7418
8,2430,50.7539
8,2431,50.7665
8,2432,50.7774
8,2433,50.7899
8,2434,50.8028
8,2435,50.8149
8,2436,50.8270
8,2437,50.8397
8,2438,50.8514
8,2439,50.8646
8,2440,50.8764
8,2441,50.8880
8,2442,50.9005
8,2443,50.9126
8,2444,50.9241
8,2445,50.9361
8,2446,50.9476
8,2447,50.9597
8,2448,50.9717
8,2449,50.9836
8,2450,50.9949
8,2451,51.0067
8,2452,51.0180
8,2453,51.0302
8,2454,51.0417
8,2455,51.0539
8,2456,51.0661
8,2457,51.0779
8,2458,51.0903
8,2459,51.1020
8,2460,51.1143
8,2461,51.1257
8,2462,51.1382
8,2463,51.1499
8,2464,51.1616
8,2465,51.1735
8,2466,51.1855
8,2467,51.1976
8,2468,51.2100
8,2469,51.2221
8,2470,51.2337
8,2471,51.2452
8,2472,51.2575
8,2473,51.2696
8,2474,51.2827
8,2475,51.2946
8,2476,51.3069
8,2477,51.3181
8,2478,51.3296
8,2479,51.3412
8,2480,51.3526
8,2481,51.3646
8,2482,51.3754
8,2483,51.3876
8,2484,51.3989
8,2485,51.4108
8,2486,51.4225
8,2487,51.4335
8,2488,51.4462
8,2489,51.4580
8,2490,51.4700
8,2491,51.4825
8,2492,51.4948
8,2493,51.5071
8,2494,51.5196
8,2495,51.5326
8,2496,51.5451
8,2497,51.5575
8,2498,51.5696
8,2499,51.5824
8,2500,51.5939
8,2501,51.6069
8,2502,51.6182
8,2503,51.6310
8,2504,51.6426
8,2505,51.6548
8,2506,51.6670
8,2507,51.6777
8,2508,51.6898
8,2509,51.7018
8,2510,51.7139
8,2511,51.7263
8,2512,51.7376
8,2513,51.7504
8,2514,51.7623
8,2515,51.7739
8,2516,51.7861
8,2517,51.7993
8,2518,51.8113
8,2519,51.8227
8,2520,51.8353
8,2521,51.8471
8,2522,51.8588
8,2523,51.8713
8,2524,51.8828
8,2525,51.8945
8,2526,51.9068
8,2527,51.9185
8,2528,51.9304
8,2529,51.9416
8,2530,51.9535
8,2531,51.9651
8,2532,51.9765
8,2533,51.9882
8,2534,52.0006
8,2535,52.0125
8,2536,52.0249
8,2537,52.0368
8,2538,52.0487
8,2539,52.0614
8,2540,52.0729
8,2541,52.0847
8,2542,52.0965
8,2543,52.1081
8,2544,52.1208
8,2545,52.1326
8,2546,52.1445
8,2547,52.1559
8,2548,52.1671
8,2549,52.1785
8,2550,52.1896
8,2551,52.2025
8,2552,52.2147
8,2553,52.2266
8,2554,52.2377
8,2555,52.2494
8,2556,52.2615
8,2557,52.2743
8,2558,52.2859
8,2559,52.2974
8,2560,52.3097
8,2561,52.3217
8,2562,52.3332
8,2563,52.3451
8,2564,52.3573
8,2565,52.3687
8,2566,52.3804
8,2567,52.3916
8,2568,52.4043
8,2569,52.4163
8,2570,52.4281
8,2571,52.4404
8,2572,52.4527
8,2573,52.4643
8,2574,52.4756
8,2575,52.4873
8,2576,52.4993
8,2577,52.5117
8,2578,52.5238
8,2579,52.5359
8,2580,52.5476
8,2581,52.5598
8,2582,52.5718
8,2583,52.5831
8,2584,52.5947
8,2585,52.6074
8,2586,52.6193
8,2587,52.6306
8,2588,52.6425
8,2589,52.6551
8,2590,52.6675
8,2591,52.6791
8,2592,52.6912
8,2593,52.7027
8,2594,52.7156
8,2595,52.7275
8,2596,52.7396
8,2597,52.7507
8,2598,52.7639
8,2599,52.7753
8,2600,52.7870
8,2601,52.7978
8,2602,52.8097
8,2603,52.8212
8,2604,52.8333
8,2605,52.8460
8,2606,52.8580
8,2607,52.8703
8,2608,52.8818
8,2609,52.8939
8,2610,52.9061
8,2611,52.9174
8,2612,52.9297
8,2613,52.9407
8,2614,52.9524
8,2615,52.9640
8,2616,52.9765
8,2617,52.9882
8,2618,53.0001
8,2619,53.0121
8,2620,53.0228
8,2621,53.0345
8,2622,53.0462
8,2623,53.0569
8,2624,53.0685
8,2625,53.0804
8,2626,53.0923
8,2627,53.1037
8,2628,53.1162
8,2629,53.1281
8,2630,53.1399
8,2631,53.1517
8,2632,53.1638
8,2633,53.1753
8,2634,53.1868
8,2635,53.1989
8,2636,53.2108
8,2637,53.2222
8,2638,53.2335
8,2639,53.2456
8,2640,53.2574
8,2641,53.2689
8,2642,53.2807
8,2643,53.2926
8,2644,53.3042
8,2645,53.3158
8,2646,53.3271
8,2647,53.3386
8,2648,53.3504
8,2649,53.3623
8,2650,53.3732
8,2651,53.3842
8,2652,53.3959
8,2653,53.4081
8,2654,53.4208
8,2655,53.4328
8,2656,53.4444
8,2657,53.4563
8,2658,53.4680
8,2659,53.4792
8,2660,53.4901
8,2661,53.5021
8,2662,53.5141
8,2663,53.5268
8,2664,53.5385
8,2665,53.5504
8,2666,53.5619
8,2667,53.5736
8,2668,53.5859
8,2669,53.5976
8,2670,53.6098
8,2671,53.6215
8,2672,53.6326
8,2673,53.6448
8,2674,53.6553
8,2675,53.6669
8,2676,53.6789
8,2677,53.6901
8,2678,53.7013
8,2679,53.7119
8,2680,53.7232
8,2681,53.7344
8,2682,53.7446
8,2683,53.7561
8,2684,53.7681
8,2685,53.7796
8,2686,53.7914
8,2687,53.8033
8,2688,53.8150
8,2689,53.8261
8,2690,53.8384
8,2691,53.8501
8,2692,53.8622
8,2693,53.8747
8,2694,53.8865
8,2695,53.8980
8,2696,53.9095
8,2697,53.9210
8,2698,53.9326
8,2699,53.9435
8,2700,53.9546
8,2701,53.9667
8,2702,53.9787
8,2703,53.9898
8,2704,54.0019
8,2705,54.0135
8,2706,54.0258
8,2707,54.0374
8,2708,54.0491
8,2709,54.0604
8,2710,54.0718
8,2711,54.0844
8,2712,54.0959
8,2713,54.1079
8,2714,54.1193
8,2715,54.1301
8,2716,54.1410
8,2717,54.1524
8,2718,54.1642
8,2719,54.1763
8,2720,54.1887
8,2721,54.2007
8,2722,54.2125
8,2723,54.2241
8,2724,54.2350
8,2725,54.2464
8,2726,54.2576
8,2727,54.2694
8,2728,54.2807
8,2729,54.2918
8,2730,54.3043
8,2731,54.3158
8,2732,54.3270
8,2733,54.3391
8,2734,54.3501
8,2735,54.3613
8,2736,54.3730
8,2737,54.3844
8,2738,54.3959
8,2739,54.4071
8,2740,54.4180
8,2741,54.4299
8,2742,54.4412
8,2743,54.4527
8,2744,54.4644
8,2745,54.4766
8,2746,54.4874
8,2747,54.4989
8,2748,54.5109
8,2749,54.5221
8,2750,54.5338
8,2751,54.5456
8,2752,54.5563
8,2753,54.5678
8,2754,54.5788
8,2755,54.5907
8,2756,54.6023
8,2757,54.6139
8,2758,54.6250
8,2759,54.6362
8,2760,54.6477
8,2761,54.6591
8,2762,54.6710
8,2763,54.6817
8,2764,54.6935
8,2765,54.7050
8,2766,54.7167
8,2767,54.7286
8,2768,54.7397
8,2769,54.7514
8,2770,54.7626
8,2771,54.7737
8,2772,54.7856
8,2773,54.7966
8,2774,54.8074
8,2775,54.8186
8,2776,54.8311
8,2777,54.8425
8,2778,54.8546
8,2779,54.8665
8,2780,54.8784
8,2781,54.8907
8,2782,54.9025
8,2783,54.9144
8,2784,54.9257
8,2785,54.9368
8,2786,54.9485
8,2787,54.9598
8,2788,54.9721
8,2789,54.9840
8,2790,54.9960
8,2791,55.0076
8,2792,55.0197
8,2793,55.0316
8,2794,55.0436
8,2795,55.0549
8,2796,55.0661
8,2797,55.0780
8,2798,55.0891
8,2799,55.1008
8,2800,55.1110
8,2801,55.1224
8,2802,55.1347
8,2803,55.1469
8,2804,55.1580
8,2805,55.1696
8,2806,55.1816
8,2807,55.1927
8,2808,55.2042
8,2809,55.2155
8,2810,55.2272
8,2811,55.2380
8,2812,55.2499
8,2813,55.2624
8,2814,55.2735
8,2815,55.2849
8,2816,55.2961
8,2817,55.3068
8,2818,55.3188
8,2819,55.3299
8,2820,55.3412
8,2821,55.3530
8,2822,55.3645
8,2823,55.3759
8,2824,55.3869
8,2825,55.3971
8,2826,55.4084
8,2827,55.4189
8,2828,55.4307
8,2829,55.4427
8,2830,55.4536
8,2831,55.4641
8,2832,55.4754
8,2833,55.4867
8,2834,55.4984
8,2835,55.5087
8,2836,55.5201
8,2837,55.5321
8,2838,55.5433
8,2839,55.5549
8,2840,55.5665
8,2841,55.5780
8,2842,55.5895
8,2843,55.6008
8,2844,55.6134
8,2845,55.6241
8,2846,55.6349
8,2847,55.6466
8,2848,55.6579
8,2849,55.6692
8,2850,55.6814
8,2851,55.6924
8,2852,55.7040
8,2853,55.7160
8,2854,55.7276
8,2855,55.7391
8,2856,55.7503
8,2857,55.7620
8,2858,55.7731
8,2859,55.7845
8,2860,55.7971
8,2861,55.8084
8,2862,55.8198
8,2863,55.8317
8,2864,55.8436
8,2865,55.8551
8,2866,55.8668
8,2867,55.8780
8,2868,55.8892
8,2869,55.9006
8,2870,55.9127
8,2871,55.9238
8,2872,55.9353
8,2873,55.9467
8,2874,55.9577
8,2875,55.9699
8,2876,55.9810
8,2877,55.9925
8,2878,56.0037
8,2879,56.0150
8,2880,56.0268
8,2881,56.0375
8,2882,56.0494
8,2883,56.0606
8,2884,56.0723
8,2885,56.0836
8,2886,56.0946
8,2887,56.1052
8,2888,56.1172
8,2889,56.1279
8,2890,56.1398
8,2891,56.1509
8,2892,56.1619
8,2893,56.1732
8,2894,56.1849
8,2895,56.1956
8,2896,56.2079
8,2897,56.2183
8,2898,56.2298
8,2899,56.2409
8,2900,56.2520
8,2901,56.2626
8,2902,56.2742
8,2903,56.2854
8,2904,56.2971
8,2905,56.3083
8,2906,56.3196
8,2907,56.3318
8,2908,56.3434
8,2909,56.3548
8,2910,56.3662
8,2911,56.3771
8,2912,56.3888
8,2913,56.3996
8,2914,56.4110
8,2915,56.4221
8,2916,56.4335
8,2917,56.4444
8,2918,56.4557
8,2919,56.4670
8,2920,56.4784
8,2921,56.4901
8,2922,56.5010
8,2923,56.5127
8,2924,56.5238
8,2925,56.5350
8,2926,56.5459
8,2927,56.5570
8,2928,56.5678
8,2929,56.5789
8,2930,56.5897
8,2931,56.6010
8,2932,56.6130
8,2933,56.6240
8,2934,56.6353
8,2935,56.6469
8,2936,56.6583
8,2937,56.6697
8,2938,56.6805
8,2939,56.6917
8,2940,56.7030
8,2941,56.7137
8,2942,56.7246
8,2943,56.7356
8,2944,56.7462
8,2945,56.7577
8,2946,56.7685
8,2947,56.7801
8,2948,56.7918
8,2949,56.8030
8,2950,56.8135
8,2951,56.8254
8,2952,56.8365
8,2953,56.8472
8,2954,56.8588
8,2955,56.8698
8,2956,56.8804
8,2957,56.8914
8,2958,56.9024
8,2959,56.9136
8,2960,56.9253
8,2961,56.9372
8,2962,56.9490
8,2963,56.9605
8,2964,56.9713
8,2965,56.9825
8,2966,56.9938
8,2967,57.0047
8,2968,57.0162
8,2969,57.0279
8,2970,57.0387
8,2971,57.0503
8,2972,57.0621
8,2973,57.0733
8,2974,57.0844
8,2975,57.0958
8,2976,57.1077
8,2977,57.1191
8,2978,57.1305
8,2979,57.1416
8,2980,57.1522
8,2981,57.1632
8,2982,57.1744
8,2983,57.1860
8,2984,57.1966
8,2985,57.2076
8,2986,57.2190
8,2987,57.2305
8,2988,57.2419
8,2989,57.2528
8,2990,57.2643
8,2991,57.2752
8,2992,57.2875
8,2993,57.2990
8,2994,57.3109
8,2995,57.3215
8,2996,57.3327
8,2997,57.3438
8,2998,57.3540
8,2999,57.3644
8,3000,57.3756
8,3001,57.3873
8,3002,57.3980
8,3003,57.4089
8,3004,57.4201
8,3005,57.4317
8,3006,57.4429
8,3007,57.4545
8,3008,57.4654
8,3009,57.4750
8,3010,57.4867
8,3011,57.4983
8,3012,57.5100
8,3013,57.5214
8,3014,57.5320
8,3015,57.5427
8,3016,57.5530
8,3017,57.5645
8,3018,57.5754
8,3019,57.5871
8,3020,57.5980
8,3021,57.6085
8,3022,57.6199
8,3023,57.6300
8,3024,57.6419
8,3025,57.6529
8,3026,57.6646
8,3027,57.6763
8,3028,57.6871
8,3029,57.6972
8,3030,57.7086
8,3031,57.7196
8,3032,57.7310
8,3033,57.7419
8,3034,57.7534
8,3035,57.7649
8,3036,57.7757
8,3037,57.7872
8,3038,57.7984
8,3039,57.8100
8,3040,57.8216
8,3041,57.8324
8,3042,57.8435
8,3043,57.8548
8,3044,57.8658
8,3045,57.8766
8,3046,57.8875
8,3047,57.8981
8,3048,57.9085
8,3049,57.9201
8,3050,57.9317
8,3051,57.9423
8,3052,57.9533
8,3053,57.9641
8,3054,57.9752
8,3055,57.9868
8,3056,57.9976
8,3057,58.0085
8,3058,58.0198
8,3059,58.0308
8,3060,58.0424
8,3061,58.0521
8,3062,58.0630
8,3063,58.0741
8,3064,58.0856
8,3065,58.0966
8,3066,58.1078
8,3067,58.1193
8,3068,58.1302
8,3069,58.1413
8,3070,58.1525
8,3071,58.1631
8,3072,58.1748
8,3073,58.1857
8,3074,58.1971
8,3075,58.2072
8,3076,58.2176
8,3077,58.2289
8,3078,58.2404
8,3079,58.2514
8,3080,58.2628
8,3081,58.2736
8,3082,58.2851
8,3083,58.2957
8,3084,58.3072
8,3085,58.3178
8,3086,58.3291
8,3087,58.3399
8,3088,58.3504
8,3089,58.3609
8,3090,58.3718
8,3091,58.3835
8,3092,58.3946
8,3093,58.4059
8,3094,58.4170
8,3095,58.4286
8,3096,58.4404
8,3097,58.4512
8,3098,58.4626
8,3099,58.4739
8,3100,58.4848
8,3101,58.4963
8,3102,58.5077
8,3103,58.5193
8,3104,58.5301
8,3105,58.5410
8,3106,58.5508
8,3107,58.5616
8,3108,58.5724
8,3109,58.5832
8,3110,58.5942
8,3111,58.6049
8,3112,58.6168
8,3113,58.6280
8,3114,58.6394
8,3115,58.6510
8,3116,58.6618
8,3117,58.6723
8,3118,58.6826
8,3119,58.6940
8,3120,58.7046
8,3121,58.7156
8,3122,58.7271
8,3123,58.7388
8,3124,58.7498
8,3125,58.7608
8,3126,58.7715
8,3127,58.7832
8,3128,58.7942
8,3129,58.8050
8,3130,58.8166
8,3131,58.8271
8,3132,58.8375
8,3133,58.8483
8,3134,58.8595
8,3135,58.8703
8,3136,58.8810
8,3137,58.8922
8,3138,58.9024
8,3139,58.9133
8,3140,58.9243
8,3141,58.9340
8,3142,58.9440
8,3143,58.9552
8,3144,58.9659
8,3145,58.9775
8,3146,58.9883
8,3147,58.9996
8,3148,59.0108
8,3149,59.0218
8,3150,59.0317
8,3151,59.0426
8,3152,59.0532
8,3153,59.0638
8,3154,59.0747
8,3155,59.0860
8,3156,59.0966
8,3157,59.1068
8,3158,59.1175
8,3159,59.1279
8,3160,59.1385
8,3161,59.1494
8,3162,59.1602
8,3163,59.1711
8,3164,59.1818
8,3165,59.1928
8,3166,59.2033
8,3167,59.2139
8,3168,59.2244
8,3169,59.2350
8,3170,59.2456
8,3171,59.2575
8,3172,59.2683
8,3173,59.2788
8,3174,59.2905
8,3175,59.3008
8,3176,59.3119
8,3177,59.3219
8,3178,59.3323
8,3179,59.3433
8,3180,59.3539
8,3181,59.3651
8,3182,59.3757
8,3183,59.3875
8,3184,59.3983
8,3185,59.4090
8,3186,59.4193
8,3187,59.4299
8,3188,59.4406
8,3189,59.4524
8,3190,59.4636
8,3191,59.4745
8,3192,59.4850
8,3193,59.4959
8,3194,59.5065
8,3195,59.5166
8,3196,59.5271
8,3197,59.5380
8,3198,59.5487
8,3199,59.5591
8,3200,59.5696
8,3201,59.5804
8,3202,59.5910
8,3203,59.6023
8,3204,59.6127
8,3205,59.6237
8,3206,59.6343
8,3207,59.6455
8,3208,59.6564
8,3209,59.6666
8,3210,59.6782
8,3211,59.6887
8,3212,59.6992
8,3213,59.7096
8,3214,59.7205
8,3215,59.7312
8,3216,59.7418
8,3217,59.7524
8,3218,59.7635
8,3219,59.7748
8,3220,59.7855
8,3221,59.7962
8,3222,59.8068
8,3223,59.8175
8,3224,59.8280
8,3225,59.8386
8,3226,59.8492
8,3227,59.8600
8,3228,59.8706
8,3229,59.8816
8,3230,59.8920
8,3231,59.9030
8,3232,59.9140
8,3233,59.9243
8,3234,59.9350
8,3235,59.9459
8,3236,59.9566
8,3237,59.9674
8,3238,59.9785
8,3239,59.9892
8,3240,60.0002
8,3241,60.0112
8,3242,60.0223
8,3243,60.0322
8,3244,60.0427
8,3245,60.0534
8,3246,60.0636
8,3247,60.0739
8,3248,60.0851
8,3249,60.0962
8,3250,60.1079
8,3251,60.1185
8,3252,60.1291
8,3253,60.1403
8,3254,60.1503
8,3255,60.1609
8,3256,60.1723
8,3257,60.1826
8,3258,60.1933
8,3259,60.2035
8,3260,60.2142
8,3261,60.2247
8,3262,60.2351
8,3263,60.2465
8,3264,60.2570
8,3265,60.2678
8,3266,60.2788
8,3267,60.2900
8,3268,60.3009
8,3269,60.3116
8,3270,60.3224
8,3271,60.3329
8,3272,60.3436
8,3273,60.3544
8,3274,60.3659
8,3275,60.3767
8,3276,60.3868
8,3277,60.3974
8,3278,60.4078
8,3279,60.4187
8,3280,60.4300
8,3281,60.4404
8,3282,60.4504
8,3283,60.4609
8,3284,60.4714
8,3285,60.4819
8,3286,60.4932
8,3287,60.5039
8,3288,60.5143
8,3289,60.5249
8,3290,60.5360
8,3291,60.5458
8,3292,60.5563
8,3293,60.5672
8,3294,60.5786
8,3295,60.5897
8,3296,60.6003
8,3297,60.6111
8,3298,60.6216
8,3299,60.6321
8,3300,60.6427
8,3301,60.6535
8,3302,60.6647
8,3303,60.6750
8,3304,60.6868
8,3305,60.6978
8,3306,60.7082
8,3307,60.7188
8,3308,60.7294
8,3309,60.7405
8,3310,60.7509
8,3311,60.7612
8,3312,60.7718
8,3313,60.7826
8,3314,60.7928
8,3315,60.8041
8,3316,60.8150
8,3317,60.8254
8,3318,60.8363
8,3319,60.8471
8,3320,60.8577
8,3321,60.8683
8,3322,60.8793
8,3323,60.8902
8,3324,60.9012
8,3325,60.9114
8,3326,60.9216
8,3327,60.9324
8,3328,60.9435
8,3329,60.9536
8,3330,60.9632
8,3331,60.9732
8,3332,60.9842
8,3333,60.9949
8,3334,61.0056
8,3335,61.0161
8,3336,61.0266
8,3337,61.0373
8,3338,61.0484
8,3339,61.0595
8,3340,61.0697
8,3341,61.0805
8,3342,61.0915
8,3343,61.1024
8,3344,61.1130
8,3345,61.1242
8,3346,61.1356
8,3347,61.1460
8,3348,61.1558
8,3349,61.1669
8,3350,61.1775
8,3351,61.1886
8,3352,61.1993
8,3353,61.2101
8,3354,61.2205
8,3355,61.2307
8,3356,61.2421
8,3357,61.2533
8,3358,61.2640
8,3359,61.2748
8,3360,61.2853
8,3361,61.2961
8,3362,61.3061
8,3363,61.3175
8,3364,61.3282
8,3365,61.3396
8,3366,61.3503
8,3367,61.3611
8,3368,61.3717
8,3369,61.3824
8,3370,61.3933
8,3371,61.4039
8,3372,61.4146
8,3373,61.4247
8,3374,61.4347
8,3375,61.4452
8,3376,61.4560
8,3377,61.4671
8,3378,61.4776
8,3379,61.4876
8,3380,61.4979
8,3381,61.5085
8,3382,61.5197
8,3383,61.5300
8,3384,61.5405
8,3385,61.5514
8,3386,61.5624
8,3387,61.5723
8,3388,61.5831
8,3389,61.5934
8,3390,61.6044
8,3391,61.6154
8,3392,61.6253
8,3393,61.6360
8,3394,61.6466
8,3395,61.6580
8,3396,61.6690
8,3397,61.6800
8,3398,61.6909
8,3399,61.7020
8,3400,61.7132
8,3401,61.7242
8,3402,61.7352
8,3403,61.7455
8,3404,61.7567
8,3405,61.7678
8,3406,61.7790
8,3407,61.7898
8,3408,61.8002
8,3409,61.8113
8,3410,61.8223
8,3411,61.8331
8,3412,61.8428
8,3413,61.8529
8,3414,61.8638
8,3415,61.8742
8,3416,61.8851
8,3417,61.8956
8,3418,61.9061
8,3419,61.9170
8,3420,61.9274
8,3421,61.9373
8,3422,61.9478
8,3423,61.9583
8,3424,61.9695
8,3425,61.9802
8,3426,61.9912
8,3427,62.0025
8,3428,62.0140
8,3429,62.0244
8,3430,62.0354
8,3431,62.0453
8,3432,62.0559
8,3433,62.0656
8,3434,62.0760
8,3435,62.0871
8,3436,62.0977
8,3437,62.1084
8,3438,62.1203
8,3439,62.1310
8,3440,62.1413
8,3441,62.1515
8,3442,62.1628
8,3443,62.1742
8,3444,62.1847
8,3445,62.1958
8,3446,62.2061
8,3447,62.2160
8,3448,62.2262
8,3449,62.2375
8,3450,62.2476
8,3451,62.2579
8,3452,62.2696
8,3453,62.2805
8,3454,62.2906
8,3455,62.3011
8,3456,62.3111
8,3457,62.3215
8,3458,62.3325
8,3459,62.3429
8,3460,62.3529
8,3461,62.3642
8,3462,62.3752
8,3463,62.3861
8,3464,62.3974
8,3465,62.4083
8,3466,62.4191
8,3467,62.4299
8,3468,62.4402
8,3469,62.4500
8,3470,62.4604
8,3471,62.4713
8,3472,62.4816
8,3473,62.4922
8,3474,62.5027
8,3475,62.5120
8,3476,62.5221
8,3477,62.5330
8,3478,62.5436
8,3479,62.5546
8,3480,62.5659
8,3481,62.5763
8,3482,62.5870
8,3483,62.5980
8,3484,62.6086
8,3485,62.6203
8,3486,62.6311
8,3487,62.6413
8,3488,62.6520
8,3489,62.6619
8,3490,62.6725
8,3491,62.6826
8,3492,62.6930
8,3493,62.7033
8,3494,62.7137
8,3495,62.7248
8,3496,62.7355
8,3497,62.7459
8,3498,62.7563
8,3499,62.7665
8,3500,62.7771
8,3501,62.7879
8,3502,62.7982
8,3503,62.8083
8,3504,62.8186
8,3505,62.8297
8,3506,62.8404
8,3507,62.8517
8,3508,62.8618
8,3509,62.8732
8,3510,62.8842
8,3511,62.8940
8,3512,62.9043
8,3513,62.9147
8,3514,62.9243
8,3515,62.9351
8,3516,62.9456
8,3517,62.9561
8,3518,62.9667
8,3519,62.9768
8,3520,62.9868
8,3521,62.9972
8,3522,63.0076
8,3523,63.0190
8,3524,63.0294
8,3525,63.0403
8,3526,63.0505
8,3527,63.0607
8,3528,63.0716
8,3529,63.0817
8,3530,63.0923
8,3531,63.1025
8,3532,63.1134
8,3533,63.1240
8,3534,63.1340
8,3535,63.1449
8,3536,63.1555
8,3537,63.1657
8,3538,63.1762
8,3539,63.1868
8,3540,63.1979
8,3541,63.2083
8,3542,63.2189
8,3543,63.2292
8,3544,63.2394
8,3545,63.2496
8,3546,63.2602
8,3547,63.2711
8,3548,63.2823
8,3549,63.2925
8,3550,63.3026
8,3551,63.3126
8,3552,63.3228
8,3553,63.3334
8,3554,63.3442
8,3555,63.3545
8,3556,63.3646
8,3557,63.3745
8,3558,63.3848
8,3559,63.3953
8,3560,63.4056
8,3561,63.4166
8,3562,63.4268
8,3563,63.4370
8,3564,63.4463
8,3565,63.4567
8,3566,63.4674
8,3567,63.4780
8,3568,63.4887
8,3569,63.4992
8,3570,63.5097
8,3571,63.5196
8,3572,63.5292
8,3573,63.5391
8,3574,63.5499
8,3575,63.5604
8,3576,63.5712
8,3577,63.5815
8,3578,63.5917
8,3579,63.6019
8,3580,63.6115
8,3581,63.6217
8,3582,63.6314
8,3583,63.6415
8,3584,63.6516
8,3585,63.6617
8,3586,63.6721
8,3587,63.6820
8,3588,63.6932
8,3589,63.7034
8,3590,63.7155
8,3591,63.7254
8,3592,63.7365
8,3593,63.7466
8,3594,63.7574
8,3595,63.7681
8,3596,63.7785
8,3597,63.7888
8,3598,63.7989
8,3599,63.8095
8,3600,63.8195
8,3601,63.8294
8,3602,63.8397
8,3603,63.8493
8,3604,63.8594
8,3605,63.8693
8,3606,63.8803
8,3607,63.8908
8,3608,63.9014
8,3609,63.9124
8,3610,63.9221
8,3611,63.9323
8,3612,63.9423
8,3613,63.9520
8,3614,63.9620
8,3615,63.9727
8,3616,63.9824
8,3617,63.9922
8,3618,64.0021
8,3619,64.0129
8,3620,64.0241
8,3621,64.0339
8,3622,64.0439
8,3623,64.0543
8,3624,64.0642
8,3625,64.0750
8,3626,64.0849
8,3627,64.0950
8,3628,64.1055
8,3629,64.1160
8,3630,64.1258
8,3631,64.1362
8,3632,64.1470
8,3633,64.1568
8,3634,64.1674
8,3635,64.1771
8,3636,64.1867
8,3637,64.1967
8,3638,64.2068
8,3639,64.2174
8,3640,64.2281
8,3641,64.2380
8,3642,64.2487
8,3643,64.2588
8,3644,64.2686
8,3645,64.2789
8,3646,64.2898
8,3647,64.3001
8,3648,64.3097
8,3649,64.3204
8,3650,64.3308
8,3651,64.3406
8,3652,64.3508
8,3653,64.3619
8,3654,64.3723
8,3655,64.3825
8,3656,64.3921
8,3657,64.4029
8,3658,64.4132
8,3659,64.4239
8,3660,64.4338
8,3661,64.4446
8,3662,64.4552
8,3663,64.4656
8,3664,64.4762
8,3665,64.4865
8,3666,64.4962
8,3667,64.5071
8,3668,64.5169
8,3669,64.5282
8,3670,64.5386
8,3671,64.5491
8,3672,64.5598
8,3673,64.5698
8,3674,64.5800
8,3675,64.5902
8,3676,64.6002
8,3677,64.6110
8,3678,64.6214
8,3679,64.6312
8,3680,64.6416
8,3681,64.6515
8,3682,64.6617
8,3683,64.6714
8,3684,64.6812
8,3685,64.6912
8,3686,64.7014
8,3687,64.7117
8,3688,64.7219
8,3689,64.7318
8,3690,64.7418
8,3691,64.7522
8,3692,64.7629
8,3693,64.7736
8,3694,64.7830
8,3695,64.7933
8,3696,64.8041
8,3697,64.8139
8,3698,64.8249
8,3699,64.8354
8,3700,64.8457
8,3701,64.8559
8,3702,64.8658
8,3703,64.8767
8,3704,64.8862
8,3705,64.8963
8,3706,64.9065
8,3707,64.9163
8,3708,64.9266
8,3709,64.9368
8,3710,64.9471
8,3711,64.9568
8,3712,64.9669
8,3713,64.9766
8,3714,64.9865
8,3715,64.9971
8,3716,65.0068
8,3717,65.0169
8,3718,65.0275
8,3719,65.0372
8,3720,65.0469
8,3721,65.0562
8,3722,65.0666
8,3723,65.0768
8,3724,65.0871
8,3725,65.0969
8,3726,65.1074
8,3727,65.1178
8,3728,65.1279
8,3729,65.1382
8,3730,65.1489
8,3731,65.1594
8,3732,65.1697
8,3733,65.1797
8,3734,65.1893
8,3735,65.2001
8,3736,65.2102
8,3737,65.2203
8,3738,65.2298
8,3739,65.2401
8,3740,65.2496
8,3741,65.2600
8,3742,65.2704
8,3743,65.2805
8,3744,65.2901
8,3745,65.3001
8,3746,65.3105
8,3747,65.3210
8,3748,65.3317
8,3749,65.3414
8,3750,65.3516
8,3751,65.3618
8,3752,65.3713
8,3753,65.3817
8,3754,65.3915
8,3755,65.4024
8,3756,65.4129
8,3757,65.4226
8,3758,65.4328
8,3759,65.4430
8,3760,65.4532
8,3761,65.4630
8,3762,65.4731
8,3763,65.4833
8,3764,65.4934
8,3765,65.5034
8,3766,65.5136
8,3767,65.5233
8,3768,65.5334
8,3769,65.5435
8,3770,65.5535
8,3771,65.5628
8,3772,65.5737
8,3773,65.5835
8,3774,65.5937
8,3775,65.6036
8,3776,65.6138
8,3777,65.6232
8,3778,65.6334
8,3779,65.6438
8,3780,65.6540
8,3781,65.6642
8,3782,65.6745
8,3783,65.6845
8,3784,65.6949
8,3785,65.7047
8,3786,65.7152
8,3787,65.7250
8,3788,65.7351
8,3789,65.7452
8,3790,65.7551
8,3791,65.7653
8,3792,65.7752
8,3793,65.7849
8,3794,65.7954
8,3795,65.8063
8,3796,65.8162
8,3797,65.8268
8,3798,65.8373
8,3799,65.8482
8,3800,65.8589
8,3801,65.8696
8,3802,65.8795
8,3803,65.8898
8,3804,65.9003
8,3805,65.9099
8,3806,65.9203
8,3807,65.9305
8,3808,65.9408
8,3809,65.9515
8,3810,65.9625
8,3811,65.9734
8,3812,65.9836
8,3813,65.9938
8,3814,66.0042
8,3815,66.0147
8,3816,66.0246
8,3817,66.0345
8,3818,66.0453
8,3819,66.0554
8,3820,66.0660
8,3821,66.0756
8,3822,66.0848
8,3823,66.0951
8,3824,66.1048
8,3825,66.1148
8,3826,66.1245
8,3827,66.1344
8,3828,66.1450
8,3829,66.1544
8,3830,66.1649
8,3831,66.1750
8,3832,66.1856
8,3833,66.1959
8,3834,66.2060
8,3835,66.2162
8,3836,66.2262
8,3837,66.2356
8,3838,66.2455
8,3839,66.2560
8,3840,66.2665
8,3841,66.2767
8,3842,66.2875
8,3843,66.2976
8,3844,66.3070
8,3845,66.3169
8,3846,66.3273
8,3847,66.3376
8,3848,66.3478
8,3849,66.3576
8,3850,66.3676
8,3851,66.3775
8,3852,66.3874
8,3853,66.3975
8,3854,66.4072
8,3855,66.4169
8,3856,66.4274
8,3857,66.4369
8,3858,66.4468
8,3859,66.4569
8,3860,66.4661
8,3861,66.4753
8,3862,66.4850
8,3863,66.4961
8,3864,66.5064
8,3865,66.5166
8,3866,66.5267
8,3867,66.5372
8,3868,66.5468
8,3869,66.5572
8,3870,66.5668
8,3871,66.5766
8,3872,66.5870
8,3873,66.5970
8,3874,66.6071
8,3875,66.6181
8,3876,66.6281
8,3877,66.6387
8,3878,66.6492
8,3879,66.6598
8,3880,66.6698
8,3881,66.6805
8,3882,66.6915
8,3883,66.7013
8,3884,66.7115
8,3885,66.7211
8,3886,66.7306
8,3887,66.7406
8,3888,66.7507
8,3889,66.7614
8,3890,66.7717
8,3891,66.7819
8,3892,66.7921
8,3893,66.8022
8,3894,66.8122
8,3895,66.8218
8,3896,66.8324
8,3897,66.8423
8,3898,66.8516
8,3899,66.8621
8,3900,66.8726
8,3901,66.8822
8,3902,66.8925
8,3903,66.9026
8,3904,66.9119
8,3905,66.9216
8,3906,66.9317
8,3907,66.9421
8,3908,66.9519
8,3909,66.9618
8,3910,66.9716
8,3911,66.9815
8,3912,66.9915
8,3913,67.0012
8,3914,67.0117
8,3915,67.0221
8,3916,67.0319
8,3917,67.0426
8,3918,67.0528
8,3919,67.0624
8,3920,67.0722
8,3921,67.0819
8,3922,67.0919
8,3923,67.1015
8,3924,67.1113
8,3925,67.1210
8,3926,67.1309
8,3927,67.1411
8,3928,67.1513
8,3929,67.1611
8,3930,67.1706
8,3931,67.1808
8,3932,67.1908
8,3933,67.2009
8,3934,67.2106
8,3935,67.2195
8,3936,67.2295
8,3937,67.2388
8,3938,67.2486
8,3939,67.2585
8,3940,67.2678
8,3941,67.2785
8,3942,67.2882
8,3943,67.2980
8,3944,67.3083
8,3945,67.3187
8,3946,67.3281
8,3947,67.3379
8,3948,67.3476
8,3949,67.3571
8,3950,67.3676
8,3951,67.3776
8,3952,67.3872
8,3953,67.3976
8,3954,67.4072
8,3955,67.4170
8,3956,67.4273
8,3957,67.4368
8,3958,67.4466
8,3959,67.4557
8,3960,67.4658
8,3961,67.4753
8,3962,67.4864
8,3963,67.4962
8,3964,67.5065
8,3965,67.5164
8,3966,67.5272
8,3967,67.5371
8,3968,67.5473
8,3969,67.5567
8,3970,67.5668
8,3971,67.5769
8,3972,67.5874
8,3973,67.5975
8,3974,67.6076
8,3975,67.6173
8,3976,67.6273
8,3977,67.6374
8,3978,67.6472
8,3979,67.6573
8,3980,67.6672
8,3981,67.6766
8,3982,67.6867
8,3983,67.6969
8,3984,67.7065
8,3985,67.7162
8,3986,67.7257
8,3987,67.7359
8,3988,67.7456
8,3989,67.7555
8,3990,67.7650
8,3991,67.7746
8,3992,67.7853
8,3993,67.7955
8,3994,67.8056
8,3995,67.8153
8,3996,67.8249
8,3997,67.8354
8,3998,67.8451
8,3999,67.8549
8,4000,67.8646
8,4001,67.8749
8,4002,67.8844
8,4003,67.8940
8,4004,67.9040
8,4005,67.9133
8,4006,67.9233
8,4007,67.9332
8,4008,67.9426
8,4009,67.9520
8,4010,67.9623
8,4011,67.9721
8,4012,67.9825
8,4013,67.9925
8,4014,68.0020
8,4015,68.0116
8,4016,68.0218
8,4017,68.0316
8,4018,68.0412
8,4019,68.0507
8,4020,68.0604
8,4021,68.0704
8,4022,68.0804
8,4023,68.0906
8,4024,68.1005
8,4025,68.1109
8,4026,68.1210
8,4027,68.1310
8,4028,68.1404
8,4029,68.1500
8,4030,68.1601
8,4031,68.1704
8,4032,68.1801
8,4033,68.1901
8,4034,68.2004
8,4035,68.2099
8,4036,68.2204
8,4037,68.2299
8,4038,68.2401
8,4039,68.2497
8,4040,68.2595
8,4041,68.2698
8,4042,68.2797
8,4043,68.2898
8,4044,68.2991
8,4045,68.3094
8,4046,68.3191
8,4047,68.3288
8,4048,68.3392
8,4049,68.3493
8,4050,68.3596
8,4051,68.3695
8,4052,68.3800
8,4053,68.3900
8,4054,68.4002
8,4055,68.4108
8,4056,68.4208
8,4057,68.4306
8,4058,68.4411
8,4059,68.4506
8,4060,68.4609
8,4061,68.4704
8,4062,68.4801
8,4063,68.4902
8,4064,68.4993
8,4065,68.5092
8,4066,68.5194
8,4067,68.5301
8,4068,68.5407
8,4069,68.5506
8,4070,68.5603
8,4071,68.5703
8,4072,68.5812
8,4073,68.5912
8,4074,68.6011
8,4075,68.6113
8,4076,68.6210
8,4077,68.6311
8,4078,68.6408
8,4079,68.6511
8,4080,68.6611
8,4081,68.6713
8,4082,68.6808
8,4083,68.6906
8,4084,68.6999
8,4085,68.7100
8,4086,68.7195
8,4087,68.7290
8,4088,68.7383
8,4089,68.7481
8,4090,68.7579
8,4091,68.7679
8,4092,68.7782
8,4093,68.7875
8,4094,68.7974
8,4095,68.8068
8,4096,68.8169
8,4097,68.8267
8,4098,68.8369
8,4099,68.8465
8,4100,68.8560
8,4101,68.8662
8,4102,68.8758
8,4103,68.8851
8,4104,68.8951
8,4105,68.9051
8,4106,68.9144
8,4107,68.9247
8,4108,68.9339
8,4109,68.9437
8,4110,68.9537
8,4111,68.9635
8,4112,68.9728
8,4113,68.9824
8,4114,68.9922
8,4115,69.0016
8,4116,69.0121
8,4117,69.0222
8,4118,69.0328
8,4119,69.0424
8,4120,69.0526
8,4121,69.0620
8,4122,69.0714
8,4123,69.0813
8,4124,69.0913
8,4125,69.1011
8,4126,69.1113
8,4127,69.1216
8,4128,69.1316
8,4129,69.1418
8,4130,69.1510
8,4131,69.1607
8,4132,69.1704
8,4133,69.1801
8,4134,69.1906
8,4135,69.2003
8,4136,69.2097
8,4137,69.2192
8,4138,69.2281
8,4139,69.2386
8,4140,69.2481
8,4141,69.2577
8,4142,69.2677
8,4143,69.2775
8,4144,69.2865
8,4145,69.2963
8,4146,69.3063
8,4147,69.3164
8,4148,69.3260
8,4149,69.3356
8,4150,69.3457
8,4151,69.3561
8,4152,69.3656
8,4153,69.3756
8,4154,69.3854
8,4155,69.3959
8,4156,69.4058
8,4157,69.4155
8,4158,69.4253
8,4159,69.4357
8,4160,69.4459
8,4161,69.4550
8,4162,69.4643
8,4163,69.4746
8,4164,69.4839
8,4165,69.4939
8,4166,69.5039
8,4167,69.5137
8,4168,69.5229
8,4169,69.5323
8,4170,69.5424
8,4171,69.5519
8,4172,69.5623
8,4173,69.5719
8,4174,69.5816
8,4175,69.5910
8,4176,69.6011
8,4177,69.6112
8,4178,69.6210
8,4179,69.6295
8,4180,69.6393
8,4181,69.6488
8,4182,69.6597
8,4183,69.6696
8,4184,69.6801
8,4185,69.6893
8,4186,69.6987
8,4187,69.7088
8,4188,69.7192
8,4189,69.7287
8,4190,69.7385
8,4191,69.7480
8,4192,69.7576
8,4193,69.7679
8,4194,69.7772
8,4195,69.7870
8,4196,69.7972
8,4197,69.8073
8,4198,69.8171
8,4199,69.8272
8,4200,69.8367
8,4201,69.8454
8,4202,69.8550
8,4203,69.8646
8,4204,69.8749
8,4205,69.8855
8,4206,69.8956
8,4207,69.9055
8,4208,69.9150
8,4209,69.9241
8,4210,69.9333
8,4211,69.9434
8,4212,69.9533
8,4213,69.9638
8,4214,69.9744
8,4215,69.9843
8,4216,69.9941
8,4217,70.0044
8,4218,70.0140
8,4219,70.0233
8,4220,70.0332
8,4221,70.0429
8,4222,70.0526
8,4223,70.0624
8,4224,70.0719
8,4225,70.0817
8,4226,70.0911
8,4227,70.1006
8,4228,70.1107
8,4229,70.1201
8,4230,70.1297
8,4231,70.1391
8,4232,70.1484
8,4233,70.1585
8,4234,70.1676
8,4235,70.1766
8,4236,70.1864
8,4237,70.1955
8,4238,70.2050
8,4239,70.2144
8,4240,70.2240
8,4241,70.2338
8,4242,70.2440
8,4243,70.2539
8,4244,70.2640
8,4245,70.2730
8,4246,70.2828
8,4247,70.2928
8,4248,70.3021
8,4249,70.3127
8,4250,70.3223
8,4251,70.3318
8,4252,70.3414
8,4253,70.3514
8,4254,70.3608
8,4255,70.3702
8,4256,70.3790
8,4257,70.3889
8,4258,70.3990
8,4259,70.4090
8,4260,70.4183
8,4261,70.4279
8,4262,70.4377
8,4263,70.4472
8,4264,70.4574
8,4265,70.4666
8,4266,70.4758
8,4267,70.4852
8,4268,70.4948
8,4269,70.5041
8,4270,70.5132
8,4271,70.5230
8,4272,70.5325
8,4273,70.5416
8,4274,70.5508
8,4275,70.5606
8,4276,70.5701
8,4277,70.5803
8,4278,70.5897
8,4279,70.5993
8,4280,70.6095
8,4281,70.6191
8,4282,70.6289
8,4283,70.6383
8,4284,70.6479
8,4285,70.6580
8,4286,70.6680
8,4287,70.6780
8,4288,70.6868
8,4289,70.6961
8,4290,70.7070
8,4291,70.7169
8,4292,70.7270
8,4293,70.7370
8,4294,70.7471
8,4295,70.7567
8,4296,70.7673
8,4297,70.7774
8,4298,70.7876
8,4299,70.7977
8,4300,70.8071
8,4301,70.8178
8,4302,70.8273
8,4303,70.8370
8,4304,70.8468
8,4305,70.8560
8,4306,70.8658
8,4307,70.8756
8,4308,70.8851
8,4309,70.8947
8,4310,70.9040
8,4311,70.9132
8,4312,70.9224
8,4313,70.9319
8,4314,70.9411
8,4315,70.9515
8,4316,70.9621
8,4317,70.9721
8,4318,70.9820
8,4319,70.9923
8,4320,71.0015
8,4321,71.0112
8,4322,71.0202
8,4323,71.0297
8,4324,71.0394
8,4325,71.0489
8,4326,71.0588
8,4327,71.0689
8,4328,71.0780
8,4329,71.0881
8,4330,71.0972
8,4331,71.1067
8,4332,71.1163
8,4333,71.1260
8,4334,71.1352
8,4335,71.1444
8,4336,71.1546
8,4337,71.1642
8,4338,71.1738
8,4339,71.1833
8,4340,71.1937
8,4341,71.2031
8,4342,71.2133
8,4343,71.2230
8,4344,71.2331
8,4345,71.2428
8,4346,71.2513
8,4347,71.2610
8,4348,71.2708
8,4349,71.2802
8,4350,71.2899
8,4351,71.2994
8,4352,71.3088
8,4353,71.3173
8,4354,71.3264
8,4355,71.3358
8,4356,71.3451
8,4357,71.3554
8,4358,71.3654
8,4359,71.3752
8,4360,71.3859
8,4361,71.3958
8,4362,71.4050
8,4363,71.4150
8,4364,71.4245
8,4365,71.4339
8,4366,71.4435
8,4367,71.4527
8,4368,71.4621
8,4369,71.4719
8,4370,71.4819
8,4371,71.4919
8,4372,71.5016
8,4373,71.5112
8,4374,71.5207
8,4375,71.5302
8,4376,71.5398
8,4377,71.5494
8,4378,71.5587
8,4379,71.5678
8,4380,71.5771
8,4381,71.5865
8,4382,71.5963
8,4383,71.6058
8,4384,71.6150
8,4385,71.6242
8,4386,71.6337
8,4387,71.6432
8,4388,71.6528
8,4389,71.6626
8,4390,71.6719
8,4391,71.6813
8,4392,71.6906
8,4393,71.6989
8,4394,71.7078
8,4395,71.7169
8,4396,71.7269
8,4397,71.7367
8,4398,71.7465
8,4399,71.7563
8,4400,71.7657
8,4401,71.7748
8,4402,71.7844
8,4403,71.7939
8,4404,71.8037
8,4405,71.8128
8,4406,71.8226
8,4407,71.8321
8,4408,71.8416
8,4409,71.8518
8,4410,71.8613
8,4411,71.8710
8,4412,71.8802
8,4413,71.8897
8,4414,71.8996
8,4415,71.9096
8,4416,71.9193
8,4417,71.9285
8,4418,71.9380
8,4419,71.9483
8,4420,71.9579
8,4421,71.9680
8,4422,71.9768
8,4423,71.9865
8,4424,71.9963
8,4425,72.0055
8,4426,72.0139
8,4427,72.0241
8,4428,72.0334
8,4429,72.0426
8,4430,72.0517
8,4431,72.0613
8,4432,72.0705
8,4433,72.0796
8,4434,72.0895
8,4435,72.0990
8,4436,72.1089
8,4437,72.1190
8,4438,72.1287
8,4439,72.1379
8,4440,72.1472
8,4441,72.1567
8,4442,72.1665
8,4443,72.1760
8,4444,72.1857
8,4445,72.1951
8,4446,72.2043
8,4447,72.2142
8,4448,72.2233
8,4449,72.2326
8,4450,72.2425
8,4451,72.2516
8,4452,72.2608
8,4453,72.2704
8,4454,72.2799
8,4455,72.2897
8,4456,72.2987
8,4457,72.3080
8,4458,72.3171
8,4459,72.3267
8,4460,72.3358
8,4461,72.3456
8,4462,72.3549
8,4463,72.3653
8,4464,72.3737
8,4465,72.3823
8,4466,72.3919
8,4467,72.4018
8,4468,72.4115
8,4469,72.3926
8,4470,72.4015
8,4471,72.4107
8,4472,72.4201
8,4473,72.4300
8,4474,72.4392
8,4475,72.4490
8,4476,72.4589
8,4477,72.4685
8,4478,72.4780
8,4479,72.4873
8,4480,72.4964
8,4481,72.5060
8,4482,72.5160
8,4483,72.5248
8,4484,72.5344
8,4485,72.5438
8,4486,72.5538
8,4487,72.5636
8,4488,72.5733
8,4489,72.5828
8,4490,72.5923
8,4491,72.6012
8,4492,72.6110
8,4493,72.6202
8,4494,72.6291
8,4495,72.6382
8,4496,72.6477
8,4497,72.6567
8,4498,72.6665
8,4499,72.6754
8,4500,72.6845
8,4501,72.6939
8,4502,72.7032
8,4503,72.7134
8,4504,72.7225
8,4505,72.7320
8,4506,72.7413
8,4507,72.7512
8,4508,72.7610
8,4509,72.7702
8,4510,72.7808
8,4511,72.7903
8,4512,72.8004
8,4513,72.8094
8,4514,72.8187
8,4515,72.8288
8,4516,72.8378
8,4517,72.8479
8,4518,72.8568
8,4519,72.8666
8,4520,72.8760
8,4521,72.8857
8,4522,72.8953
8,4523,72.9042
8,4524,72.9133
8,4525,72.9226
8,4526,72.9324
8,4527,72.9422
8,4528,72.9518
8,4529,72.9613
8,4530,72.9707
8,4531,72.9794
8,4532,72.9886
8,4533,72.9977
8,4534,73.0079
8,4535,73.0176
8,4536,73.0273
8,4537,73.0371
8,4538,73.0474
8,4539,73.0572
8,4540,73.0658
8,4541,73.0751
8,4542,73.0848
8,4543,73.0943
8,4544,73.1033
8,4545,73.1125
8,4546,73.1215
8,4547,73.1307
8,4548,73.1395
8,4549,73.1489
8,4550,73.1301
8,4551,73.1393
8,4552,73.1485
8,4553,73.1576
8,4554,73.1675
8,4555,73.1772
8,4556,73.1868
8,4557,73.1959
8,4558,73.2050
8,4559,73.2141
8,4560,73.2235
8,4561,73.2327
8,4562,73.2415
8,4563,73.2504
8,4564,73.2253
8,4565,73.2347
8,4566,73.2441
8,4567,73.2536
8,4568,73.2626
8,4569,73.2720
8,4570,73.2814
8,4571,73.2904
8,4572,73.2999
8,4573,73.3086
8,4574,73.3182
8,4575,73.3275
8,4576,73.3371
8,4577,73.3464
8,4578,73.3556
8,4579,73.3191
8,4580,73.3282
8,4581,73.3373
8,4582,73.3467
8,4583,73.3559
8,4584,73.3653
8,4585,73.3748
8,4586,73.3548
8,4587,73.3640
8,4588,73.3738
8,4589,73.3831
8,4590,73.3702
8,4591,73.3792
8,4592,73.3887
8,4593,73.3972
8,4594,73.4062
8,4595,73.4159
8,4596,73.4253
8,4597,73.4350
8,4598,73.4450
8,4599,73.4546
8,4600,73.4634
8,4601,73.4720
8,4602,73.4823
8,4603,73.4925
8,4604,73.5018
8,4605,73.4875
8,4606,73.4968
8,4607,73.5059
8,4608,73.5153
8,4609,73.5246
8,4610,73.5333
8,4611,73.5425
8,4612,73.5528
8,4613,73.5623
8,4614,73.5714
8,4615,73.5803
8,4616,73.5895
8,4617,73.5982
8,4618,73.6083
8,4619,73.6172
8,4620,73.6268
8,4621,73.6362
8,4622,73.6461
8,4623,73.6556
8,4624,73.6646
8,4625,73.6740
8,4626,73.6834
8,4627,73.6924
8,4628,73.7024
8,4629,73.7117
8,4630,73.7216
8,4631,73.7305
8,4632,73.7400
8,4633,73.7495
8,4634,73.7593
8,4635,73.7688
8,4636,73.7784
8,4637,73.7881
8,4638,73.7970
8,4639,73.8060
8,4640,73.8151
8,4641,73.8243
8,4642,73.8334
8,4643,73.8428
8,4644,73.8526
8,4645,73.8622
8,4646,73.8718
8,4647,73.8812
8,4648,73.8910
8,4649,73.9003
8,4650,73.9096
8,4651,73.9188
8,4652,73.9284
8,4653,73.9371
8,4654,73.9466
8,4655,73.9391
8,4656,73.9485
8,4657,73.9583
8,4658,73.9679
8,4659,73.9781
8,4660,73.9871
8,4661,73.9959
8,4662,74.0050
8,4663,74.0138
8,4664,74.0228
8,4665,74.0317
8,4666,74.0411
8,4667,74.0504
8,4668,74.0600
8,4669,74.0698
8,4670,74.0798
8,4671,74.0896
8,4672,74.0993
8,4673,74.1092
8,4674,74.1180
8,4675,74.1277
8,4676,74.1376
8,4677,74.1467
8,4678,74.1560
8,4679,74.1648
8,4680,74.1745
8,4681,74.1832
8,4682,74.1770
8,4683,74.1419
8,4684,74.1512
8,4685,74.1346
8,4686,74.1441
8,4687,74.1275
8,4688,74.1198
8,4689,74.1292
8,4690,74.1390
8,4691,74.1481
8,4692,74.1580
8,4693,74.1671
8,4694,74.1762
8,4695,74.1852
8,4696,74.1948
8,4697,74.1877
8,4698,74.1969
8,4699,74.2061
8,4700,74.1323
8,4701,74.1414
8,4702,74.1503
8,4703,74.1417
8,4704,74.1509
8,4705,74.1602
8,4706,74.1696
8,4707,74.1796
8,4708,74.1886
8,4709,74.1978
8,4710,74.1656
8,4711,74.1602
8,4712,74.1691
8,4713,74.1783
8,4714,74.1877
8,4715,74.1671
8,4716,74.1760
8,4717,74.1850
8,4718,74.1944
8,4719,74.2030
8,4720,74.2126
8,4721,74.2223
8,4722,74.2315
8,4723,74.2403
8,4724,74.2496
8,4725,74.2593
8,4726,74.2679
8,4727,74.2767
8,4728,74.2858
8,4729,74.2601
8,4730,74.2692
8,4731,74.2781
8,4732,74.2877
8,4733,74.2972
8,4734,74.2830
8,4735,74.2916
8,4736,74.2460
8,4737,74.2555
8,4738,74.2647
8,4739,74.2734
8,4740,74.2658
8,4741,74.2751
8,4742,74.2843
8,4743,74.2785
8,4744,74.2880
8,4745,74.2977
8,4746,74.3074
8,4747,74.3166
8,4748,74.3263
8,4749,74.3356
8,4750,74.3453
8,4751,74.3550
8,4752,74.3632
8,4753,74.3727
8,4754,74.3824
8,4755,74.3921
8,4756,74.4008
8,4757,74.4099
8,4758,74.4193
8,4759,74.4290
8,4760,74.4377
8,4761,74.4461
8,4762,74.4554
8,4763,74.4647
8,4764,74.4605
8,4765,74.4697
8,4766,74.4790
8,4767,74.4662
8,4768,74.4753
8,4769,74.4848
8,4770,74.4942
8,4771,74.5036
8,4772,74.5131
8,4773,74.5223
8,4774,74.5316
8,4775,74.5407
8,4776,74.5502
8,4777,74.5335
8,4778,74.5426
8,4779,74.5521
8,4780,74.5460
8,4781,74.5554
8,4782,74.5651
8,4783,74.5740
8,4784,74.5828
8,4785,74.5920
8,4786,74.5501
8,4787,74.5487
8,4788,74.5580
8,4789,74.5669
8,4790,74.5759
8,4791,74.5848
8,4792,74.5935
8,4793,74.5907
8,4794,74.6002
8,4795,74.6093
8,4796,74.6126
8,4797,74.6222
8,4798,74.6309
8,4799,74.6400
8,4800,74.6494
8,4801,74.6583
8,4802,74.6676
8,4803,74.6773
8,4804,74.6867
8,4805,74.6957
8,4806,74.7044
8,4807,74.7128
8,4808,74.7227
8,4809,74.7316
8,4810,74.7412
8,4811,74.7503
8,4812,74.7592
8,4813,74.7391
8,4814,74.7487
8,4815,74.7580
8,4816,74.7405
8,4817,74.7495
8,4818,74.7590
8,4819,74.7681
8,4820,74.7764
8,4821,74.7857
8,4822,74.7957
8,4823,74.8048
8,4824,74.8146
8,4825,74.8184
8,4826,74.8274
8,4827,74.8367
8,4828,74.8455
8,4829,74.8547
8,4830,74.8648
8,4831,74.8738
8,4832,74.8731
8,4833,74.8822
8,4834,74.8913
8,4835,74.9007
8,4836,74.8774
8,4837,74.8866
8,4838,74.8958
8,4839,74.9058
8,4840,74.9051
8,4841,74.9143
8,4842,74.9230
8,4843,74.9328
8,4844,74.9191
8,4845,74.9282
8,4846,74.9370
8,4847,74.9465
8,4848,74.9559
8,4849,74.9650
8,4850,74.9742
8,4851,74.9715
8,4852,74.9671
8,4853,74.9761
8,4854,74.9701
8,4855,74.9795
8,4856,74.9816
8,4857,74.9657
8,4858,74.9744
8,4859,74.9831
8,4860,74.9910
8,4861,74.9998
8,4862,75.0088
8,4863,75.0175
8,4864,75.0271
8,4865,75.0365
8,4866,75.0451
8,4867,75.0387
8,4868,75.0381
8,4869,75.0476
8,4870,75.0567
8,4871,75.0650
8,4872,75.0734
8,4873,75.0458
8,4874,75.0553
8,4875,75.0642
8,4876,75.0739
8,4877,75.0748
8,4878,75.0721
8,4879,75.0596
8,4880,75.0684
8,4881,75.0781
8,4882,75.0876
8,4883,75.0803
8,4884,75.0896
8,4885,75.0984
8,4886,75.1072
8,4887,75.1166
8,4888,75.1255
8,4889,75.1242
8,4890,75.1333
8,4891,75.1417
8,4892,75.1514
8,4893,75.1551
8,4894,75.1640
8,4895,75.1390
8,4896,75.1480
8,4897,75.1564
8,4898,75.1577
8,4899,75.1667
8,4900,75.1690
8,4901,75.1772
8,4902,75.1588
8,4903,75.1589
8,4904,75.1683
8,4905,75.1767
8,4906,75.1865
8,4907,75.1961
8,4908,75.2057
8,4909,75.2143
8,4910,75.2232
8,4911,75.2323
8,4912,75.2408
8,4913,75.2492
8,4914,75.2582
8,4915,75.2667
8,4916,75.2755
8,4917,75.2845
8,4918,75.2926
8,4919,75.3015
8,4920,75.3112
8,4921,75.3161
8,4922,75.3256
8,4923,75.3281
8,4924,75.3332
8,4925,75.3424
8,4926,75.3369
8,4927,75.3457
8,4928,75.3553
8,4929,75.3650
8,4930,75.3734
8,4931,75.3823
8,4932,75.3917
8,4933,75.3970
8,4934,75.4051
8,4935,75.4076
8,4936,75.4166
8,4937,75.4205
8,4938,75.4294
8,4939,75.4376
8,4940,75.4460
8,4941,75.4548
8,4942,75.4642
8,4943,75.4731
8,4944,75.4818
8,4945,75.4910
8,4946,75.4942
8,4947,75.4962
8,4948,75.5049
8,4949,75.5140
8,4950,75.5221
8,4951,75.5304
8,4952,75.5349
8,4953,75.5440
8,4954,75.5533
8,4955,75.5628
8,4956,75.5716
8,4957,75.5808
8,4958,75.5895
8,4959,75.5985
8,4960,75.6080
8,4961,75.6161
8,4962,75.6135
8,4963,75.6171
8,4964,75.6259
8,4965,75.6348
8,4966,75.6435
8,4967,75.6532
8,4968,75.6539
8,4969,75.6485
8,4970,75.6571
8,4971,75.6519
8,4972,75.6567
8,4973,75.6657
8,4974,75.6748
8,4975,75.6843
8,4976,75.6935
8,4977,75.7027
8,4978,75.7116
8,4979,75.7206
8,4980,75.7296
8,4981,75.7339
8,4982,75.7427
8,4983,75.7515
8,4984,75.7383
8,4985,75.7346
8,4986,75.7435
8,4987,75.7465
8,4988,75.7555
8,4989,75.7648
8,4990,75.7735
8,4991,75.7821
8,4992,75.7908
8,4993,75.8000
8,4994,75.8095
8,4995,75.8179
8,4996,75.8268
8,4997,75.8245
8,4998,75.8341
8,4999,75.8325
8,5000,75.8403
16,1,0.0000
16,2,0.5407
16,3,0.8019
16,4,0.9699
16,5,1.1284
16,6,1.2791
16,7,1.4120
16,8,1.5382
16,9,1.6442
16,10,1.7478
16,11,1.8499
16,12,1.9476
16,13,2.0373
16,14,2.1200
16,15,2.2115
16,16,2.2902
16,17,2.3708
16,18,2.4455
16,19,2.5173
16,20,2.5907
16,21,2.6640
16,22,2.7306
16,23,2.7961
16,24,2.8647
16,25,2.9323
16,26,3.0004
16,27,3.0671
16,28,3.1289
16,29,3.1890
16,30,3.2542
16,31,3.3142
16,32,3.3789
16,33,3.4355
16,34,3.4948
16,35,3.5538
16,36,3.6135
16,37,3.6680
16,38,3.7238
16,39,3.7776
16,40,3.8316
16,41,3.8829
16,42,3.9371
16,43,3.9915
16,44,4.0389
16,45,4.0917
16,46,4.1464
16,47,4.2016
16,48,4.2510
16,49,4.2977
16,50,4.3478
16,51,4.3978
16,52,4.4440
16,53,4.4973
16,54,4.5487
16,55,4.5980
16,56,4.6466
16,57,4.6980
16,58,4.7488
16,59,4.7977
16,60,4.8452
16,61,4.8921
16,62,4.9398
16,63,4.9847
16,64,5.0321
16,65,5.0830
16,66,5.1284
16,67,5.1740
16,68,5.2182
16,69,5.2619
16,70,5.3071
16,71,5.3489
16,72,5.3917
16,73,5.4353
16,74,5.4827
16,75,5.5265
16,76,5.5709
16,77,5.6166
16,78,5.6590
16,79,5.7045
16,80,5.7455
16,81,5.7878
16,82,5.8323
16,83,5.8762
16,84,5.9163
16,85,5.9582
16,86,5.9991
16,87,6.0421
16,88,6.0844
16,89,6.1247
16,90,6.1678
16,91,6.2110
16,92,6.2515
16,93,6.2958
16,94,6.3377
16,95,6.3763
16,96,6.4158
16,97,6.4608
16,98,6.5002
16,99,6.5405
16,100,6.5806
16,101,6.6213
16,102,6.6611
16,103,6.7028
16,104,6.7475
16,105,6.7877
16,106,6.8288
16,107,6.8700
16,108,6.9119
16,109,6.9502
16,110,6.9886
16,111,7.0312
16,112,7.0693
16,113,7.1069
16,114,7.1447
16,115,7.1841
16,116,7.2210
16,117,7.2589
16,118,7.2978
16,119,7.3370
16,120,7.3776
16,121,7.4131
16,122,7.4516
16,123,7.4905
16,124,7.5294
16,125,7.5658
16,126,7.6032
16,127,7.6405
16,128,7.6778
16,129,7.7168
16,130,7.7508
16,131,7.7886
16,132,7.8252
16,133,7.8646
16,134,7.9007
16,135,7.9379
16,136,7.9729
16,137,8.0093
16,138,8.0476
16,139,8.0859
16,140,8.1212
16,141,8.1580
16,142,8.1927
16,143,8.2289
16,144,8.2664
16,145,8.2999
16,146,8.3364
16,147,8.3739
16,148,8.4085
16,149,8.4435
16,150,8.4799
16,151,8.5139
16,152,8.5498
16,153,8.5832
16,154,8.6174
16,155,8.6530
16,156,8.6879
16,157,8.7221
16,158,8.7548
16,159,8.7867
16,160,8.8185
16,161,8.8506
16,162,8.8836
16,163,8.9176
16,164,8.9516
16,165,8.9836
16,166,9.0146
16,167,9.0478
16,168,9.0831
16,169,9.1153
16,170,9.1482
16,171,9.1816
16,172,9.2143
16,173,9.2473
16,174,9.2785
16,175,9.3117
16,176,9.3438
16,177,9.3747
16,178,9.4059
16,179,9.4368
16,180,9.4709
16,181,9.5014
16,182,9.5331
16,183,9.5673
16,184,9.5995
16,185,9.6306
16,186,9.6617
16,187,9.6944
16,188,9.7252
16,189,9.7559
16,190,9.7879
16,191,9.8182
16,192,9.8478
16,193,9.8805
16,194,9.9114
16,195,9.9435
16,196,9.9723
16,197,10.0028
16,198,10.0329
16,199,10.0636
16,200,10.0943
16,201,10.1259
16,202,10.1561
16,203,10.1860
16,204,10.2172
16,205,10.2479
16,206,10.2776
16,207,10.3092
16,208,10.3389
16,209,10.3687
16,210,10.3982
16,211,10.4284
16,212,10.4592
16,213,10.4899
16,214,10.5195
16,215,10.5494
16,216,10.5805
16,217,10.6110
16,218,10.6394
16,219,10.6685
16,220,10.6989
16,221,10.7288
16,222,10.7589
16,223,10.7896
16,224,10.8206
16,225,10.8499
16,226,10.8783
16,227,10.9080
16,228,10.9377
16,229,10.9663
16,230,10.9952
16,231,11.0239
16,232,11.0526
16,233,11.0820
16,234,11.1113
16,235,11.1405
16,236,11.1691
16,237,11.1983
16,238,11.2269
16,239,11.2556
16,240,11.2840
16,241,11.3129
16,242,11.3429
16,243,11.3722
16,244,11.3986
16,245,11.4246
16,246,11.4538
16,247,11.4818
16,248,11.5103
16,249,11.5385
16,250,11.5669
16,251,11.5941
16,252,11.6239
16,253,11.6524
16,254,11.6810
16,255,11.7098
16,256,11.7359
16,257,11.7647
16,258,11.7935
16,259,11.8205
16,260,11.8479
16,261,11.8753
16,262,11.9023
16,263,11.9294
16,264,11.9570
16,265,11.9836
16,266,12.0118
16,267,12.0384
16,268,12.0664
16,269,12.0932
16,270,12.1190
16,271,12.1449
16,272,12.1715
16,273,12.1982
16,274,12.2251
16,275,12.2521
16,276,12.2795
16,277,12.3076
16,278,12.3337
16,279,12.3615
16,280,12.3882
16,281,12.4166
16,282,12.4446
16,283,12.4712
16,284,12.4985
16,285,12.5253
16,286,12.5511
16,287,12.5770
16,288,12.6046
16,289,12.6311
16,290,12.6564
16,291,12.6831
16,292,12.7096
16,293,12.7369
16,294,12.7627
16,295,12.7895
16,296,12.8158
16,297,12.8436
16,298,12.8705
16,299,12.8962
16,300,12.9221
16,301,12.9485
16,302,12.9729
16,303,12.9986
16,304,13.0240
16,305,13.0500
16,306,13.0755
16,307,13.1004
16,308,13.1268
16,309,13.1533
16,310,13.1795
16,311,13.2052
16,312,13.2322
16,313,13.2582
16,314,13.2822
16,315,13.3076
16,316,13.3360
16,317,13.3609
16,318,13.3861
16,319,13.4117
16,320,13.4379
16,321,13.4628
16,322,13.4872
16,323,13.5131
16,324,13.5397
16,325,13.5655
16,326,13.5894
16,327,13.6140
16,328,13.6383
16,329,13.6618
16,330,13.6873
16,331,13.7107
16,332,13.7369
16,333,13.7615
16,334,13.7851
16,335,13.8121
16,336,13.8367
16,337,13.8611
16,338,13.8866
16,339,13.9119
16,340,13.9378
16,341,13.9626
16,342,13.9867
16,343,14.0131
16,344,14.0386
16,345,14.0642
16,346,14.0888
16,347,14.1129
16,348,14.1375
16,349,14.1632
16,350,14.1874
16,351,14.2117
16,352,14.2347
16,353,14.2611
16,354,14.2867
16,355,14.3112
16,356,14.3361
16,357,14.3605
16,358,14.3854
16,359,14.4099
16,360,14.4346
16,361,14.4591
16,362,14.4832
16,363,14.5079
16,364,14.5334
16,365,14.5574
16,366,14.5818
16,367,14.6068
16,368,14.6307
16,369,14.6569
16,370,14.6808
16,371,14.7062
16,372,14.7306
16,373,14.7550
16,374,14.7783
16,375,14.8034
16,376,14.8266
16,377,14.8508
16,378,14.8753
16,379,14.8989
16,380,14.9218
16,381,14.9463
16,382,14.9705
16,383,14.9946
16,384,15.0187
16,385,15.0436
16,386,15.0665
16,387,15.0897
16,388,15.1130
16,389,15.1368
16,390,15.1598
16,391,15.1837
16,392,15.2081
16,393,15.2317
16,394,15.2563
16,395,15.2796
16,396,15.3022
16,397,15.3268
16,398,15.3510
16,399,15.3731
16,400,15.3967
16,401,15.4193
16,402,15.4426
16,403,15.4667
16,404,15.4911
16,405,15.5144
16,406,15.5371
16,407,15.5594
16,408,15.5820
16,409,15.6068
16,410,15.6296
16,411,15.6528
16,412,15.6747
16,413,15.6975
16,414,15.7200
16,415,15.7433
16,416,15.7662
16,417,15.7891
16,418,15.8119
16,419,15.8348
16,420,15.8577
16,421,15.8802
16,422,15.9023
16,423,15.9248
16,424,15.9467
16,425,15.9693
16,426,15.9915
16,427,16.0156
16,428,16.0392
16,429,16.0622
16,430,16.0853
16,431,16.1092
16,432,16.1317
16,433,16.1539
16,434,16.1757
16,435,16.1989
16,436,16.2219
16,437,16.2451
16,438,16.2676
16,439,16.2893
16,440,16.3118
16,441,16.3328
16,442,16.3549
16,443,16.3760
16,444,16.3986
16,445,16.4202
16,446,16.4421
16,447,16.4648
16,448,16.4875
16,449,16.5098
16,450,16.5313
16,451,16.5538
16,452,16.5769
16,453,16.5978
16,454,16.6188
16,455,16.6404
16,456,16.6627
16,457,16.6843
16,458,16.7060
16,459,16.7269
16,460,16.7481
16,461,16.7682
16,462,16.7893
16,463,16.8111
16,464,16.8330
16,465,16.8545
16,466,16.8756
16,467,16.8983
16,468,16.9193
16,469,16.9412
16,470,16.9634
16,471,16.9841
16,472,17.0060
16,473,17.0277
16,474,17.0496
16,475,17.0707
16,476,17.0921
16,477,17.1127
16,478,17.1341
16,479,17.1550
16,480,17.1764
16,481,17.1983
16,482,17.2204
16,483,17.2423
16,484,17.2646
16,485,17.2864
16,486,17.3075
16,487,17.3282
16,488,17.3491
16,489,17.3702
16,490,17.3933
16,491,17.4136
16,492,17.4356
16,493,17.4566
16,494,17.4787
16,495,17.5007
16,496,17.5221
16,497,17.5428
16,498,17.5635
16,499,17.5840
16,500,17.6058
16,501,17.6262
16,502,17.6459
16,503,17.6669
16,504,17.6880
16,505,17.7092
16,506,17.7297
16,507,17.7497
16,508,17.7697
16,509,17.7913
16,510,17.8118
16,511,17.8327
16,512,17.8529
16,513,17.8748
16,514,17.8958
16,515,17.9178
16,516,17.9386
16,517,17.9589
16,518,17.9803
16,519,18.0011
16,520,18.0214
16,521,18.0423
16,522,18.0621
16,523,18.0828
16,524,18.1028
16,525,18.1236
16,526,18.1445
16,527,18.1648
16,528,18.1843
16,529,18.2050
16,530,18.2255
16,531,18.2450
16,532,18.2655
16,533,18.2860
16,534,18.3070
16,535,18.3271
16,536,18.3478
16,537,18.3681
16,538,18.3888
16,539,18.4091
16,540,18.4276
16,541,18.4486
16,542,18.4694
16,543,18.4889
16,544,18.5098
16,545,18.5297
16,546,18.5494
16,547,18.5703
16,548,18.5894
16,549,18.6092
16,550,18.6285
16,551,18.6480
16,552,18.6684
16,553,18.6875
16,554,18.7076
16,555,18.7273
16,556,18.7473
16,557,18.7669
16,558,18.7874
16,559,18.8078
16,560,18.8274
16,561,18.8483
16,562,18.8683
16,563,18.8892
16,564,18.9092
16,565,18.9286
16,566,18.9480
16,567,18.9672
16,568,18.9870
16,569,19.0072
16,570,19.0280
16,571,19.0475
16,572,19.0670
16,573,19.0867
16,574,19.1065
16,575,19.1260
16,576,19.1452
16,577,19.1645
16,578,19.1834
16,579,19.2038
16,580,19.2233
16,581,19.2429
16,582,19.2622
16,583,19.2818
16,584,19.3008
16,585,19.3200
16,586,19.3401
16,587,19.3604
16,588,19.3791
16,589,19.3988
16,590,19.4176
16,591,19.4358
16,592,19.4558
16,593,19.4748
16,594,19.4949
16,595,19.5144
16,596,19.5334
16,597,19.5530
16,598,19.5725
16,599,19.5912
16,600,19.6107
16,601,19.6300
16,602,19.6489
16,603,19.6678
16,604,19.6872
16,605,19.7061
16,606,19.7246
16,607,19.7439
16,608,19.7631
16,609,19.7826
16,610,19.8031
16,611,19.8225
16,612,19.8416
16,613,19.8605
16,614,19.8802
16,615,19.9002
16,616,19.9197
16,617,19.9394
16,618,19.9588
16,619,19.9776
16,620,19.9967
16,621,20.0158
16,622,20.0346
16,623,20.0535
16,624,20.0733
16,625,20.0916
16,626,20.1103
16,627,20.1288
16,628,20.1482
16,629,20.1680
16,630,20.1872
16,631,20.2061
16,632,20.2234
16,633,20.2418
16,634,20.2606
16,635,20.2784
16,636,20.2973
16,637,20.3176
16,638,20.3364
16,639,20.3553
16,640,20.3732
16,641,20.3917
16,642,20.4106
16,643,20.4286
16,644,20.4476
16,645,20.4656
16,646,20.4844
16,647,20.5034
16,648,20.5219
16,649,20.5406
16,650,20.5593
16,651,20.5779
16,652,20.5965
16,653,20.6153
16,654,20.6341
16,655,20.6528
16,656,20.6711
16,657,20.6888
16,658,20.7074
16,659,20.7261
16,660,20.7449
16,661,20.7625
16,662,20.7808
16,663,20.7993
16,664,20.8182
16,665,20.8362
16,666,20.8548
16,667,20.8732
16,668,20.8916
16,669,20.9097
16,670,20.9278
16,671,20.9458
16,672,20.9644
16,673,20.9823
16,674,21.0008
16,675,21.0187
16,676,21.0374
16,677,21.0563
16,678,21.0733
16,679,21.0919
16,680,21.1100
16,681,21.1282
16,682,21.1457
16,683,21.1642
16,684,21.1829
16,685,21.2018
16,686,21.2195
16,687,21.2375
16,688,21.2555
16,689,21.2733
16,690,21.2916
16,691,21.3095
16,692,21.3277
16,693,21.3465
16,694,21.3649
16,695,21.3828
16,696,21.4007
16,697,21.4183
16,698,21.4366
16,699,21.4548
16,700,21.4723
16,701,21.4904
16,702,21.5076
16,703,21.5261
16,704,21.5439
16,705,21.5622
16,706,21.5797
16,707,21.5973
16,708,21.6154
16,709,21.6326
16,710,21.6509
16,711,21.6683
16,712,21.6857
16,713,21.7037
16,714,21.7224
16,715,21.7404
16,716,21.7583
16,717,21.7761
16,718,21.7937
16,719,21.8116
16,720,21.8296
16,721,21.8479
16,722,21.8659
16,723,21.8840
16,724,21.9013
16,725,21.9190
16,726,21.9370
16,727,21.9545
16,728,21.9725
16,729,21.9895
16,730,22.0077
16,731,22.0263
16,732,22.0435
16,733,22.0615
16,734,22.0795
16,735,22.0978
16,736,22.1155
16,737,22.1334
16,738,22.1509
16,739,22.1678
16,740,22.1853
16,741,22.2028
16,742,22.2204
16,743,22.2372
16,744,22.2550
16,745,22.2732
16,746,22.2906
16,747,22.3081
16,748,22.3250
16,749,22.3421
16,750,22.3598
16,751,22.3781
16,752,22.3960
16,753,22.4139
16,754,22.4316
16,755,22.4489
16,756,22.4652
16,757,22.4835
16,758,22.5009
16,759,22.5179
16,760,22.5356
16,761,22.5522
16,762,22.5685
16,763,22.5860
16,764,22.6038
16,765,22.6207
16,766,22.6374
16,767,22.6545
16,768,22.6721
16,769,22.6898
16,770,22.7068
16,771,22.7247
16,772,22.7420
16,773,22.7588
16,774,22.7751
16,775,22.7924
16,776,22.8098
16,777,22.8267
16,778,22.8440
16,779,22.8617
16,780,22.8782
16,781,22.8952
16,782,22.9136
16,783,22.9312
16,784,22.9486
16,785,22.9659
16,786,22.9824
16,787,22.9996
16,788,23.0169
16,789,23.0341
16,790,23.0515
16,791,23.0682
16,792,23.0849
16,793,23.1019
16,794,23.1185
16,795,23.1359
16,796,23.1535
16,797,23.1702
16,798,23.1873
16,799,23.2034
16,800,23.2195
16,801,23.2361
16,802,23.2536
16,803,23.2698
16,804,23.2859
16,805,23.3034
16,806,23.3207
16,807,23.3368
16,808,23.3538
16,809,23.3711
16,810,23.3880
16,811,23.4041
16,812,23.4214
16,813,23.4381
16,814,23.4546
16,815,23.4723
16,816,23.4892
16,817,23.5061
16,818,23.5232
16,819,23.5399
16,820,23.5568
16,821,23.5732
16,822,23.5910
16,823,23.6090
16,824,23.6255
16,825,23.6422
16,826,23.6582
16,827,23.6753
16,828,23.6927
16,829,23.7097
16,830,23.7263
16,831,23.7427
16,832,23.7590
16,833,23.7751
16,834,23.7914
16,835,23.8080
16,836,23.8244
16,837,23.8408
16,838,23.8576
16,839,23.8748
16,840,23.8906
16,841,23.9078
16,842,23.9241
16,843,23.9406
16,844,23.9581
16,845,23.9752
16,846,23.9921
16,847,24.0093
16,848,24.0259
16,849,24.0422
16,850,24.0590
16,851,24.0753
16,852,24.0920
16,853,24.1079
16,854,24.1242
16,855,24.1419
16,856,24.1580
16,857,24.1746
16,858,24.1922
16,859,24.2083
16,860,24.2253
16,861,24.2426
16,862,24.2579
16,863,24.2743
16,864,24.2910
16,865,24.3074
16,866,24.3240
16,867,24.3405
16,868,24.3569
16,869,24.3736
16,870,24.3887
16,871,24.4044
16,872,24.4212
16,873,24.4375
16,874,24.4534
16,875,24.4694
16,876,24.4853
16,877,24.5030
16,878,24.5191
16,879,24.5360
16,880,24.5516
16,881,24.5681
16,882,24.5841
16,883,24.6001
16,884,24.6161
16,885,24.6335
16,886,24.6486
16,887,24.6652
16,888,24.6824
16,889,24.6982
16,890,24.7139
16,891,24.7312
16,892,24.7476
16,893,24.7644
16,894,24.7809
16,895,24.7966
16,896,24.8118
16,897,24.8281
16,898,24.8447
16,899,24.8597
16,900,24.8759
16,901,24.8922
16,902,24.9090
16,903,24.9250
16,904,24.9411
16,905,24.9572
16,906,24.9728
16,907,24.9887
16,908,25.0049
16,909,25.0213
16,910,25.0373
16,911,25.0526
16,912,25.0687
16,913,25.0849
16,914,25.1008
16,915,25.1174
16,916,25.1330
16,917,25.1496
16,918,25.1650
16,919,25.1812
16,920,25.1970
16,921,25.2132
16,922,25.2291
16,923,25.2448
16,924,25.2604
16,925,25.2764
16,926,25.2918
16,927,25.3075
16,928,25.3233
16,929,25.3393
16,930,25.3550
16,931,25.3711
16,932,25.3869
16,933,25.4028
16,934,25.4192
16,935,25.4354
16,936,25.4512
16,937,25.4677
16,938,25.4841
16,939,25.5006
16,940,25.5172
16,941,25.5330
16,942,25.5487
16,943,25.5642
16,944,25.5804
16,945,25.5960
16,946,25.6124
16,947,25.6283
16,948,25.6441
16,949,25.6593
16,950,25.6746
16,951,25.6902
16,952,25.7060
16,953,25.7219
16,954,25.7384
16,955,25.7549
16,956,25.7709
16,957,25.7865
16,958,25.8027
16,959,25.8185
16,960,25.8347
16,961,25.8510
16,962,25.8665
16,963,25.8822
16,964,25.8989
16,965,25.9148
16,966,25.9300
16,967,25.9458
16,968,25.9620
16,969,25.9775
16,970,25.9932
16,971,26.0090
16,972,26.0252
16,973,26.0404
16,974,26.0556
16,975,26.0709
16,976,26.0863
16,977,26.1014
16,978,26.1165
16,979,26.1320
16,980,26.1481
16,981,26.1635
16,982,26.1789
16,983,26.1938
16,984,26.2097
16,985,26.2251
16,986,26.2406
16,987,26.2566
16,988,26.2726
16,989,26.2881
16,990,26.3040
16,991,26.3186
16,992,26.3339
16,993,26.3495
16,994,26.3649
16,995,26.3804
16,996,26.3953
16,997,26.4113
16,998,26.4265
16,999,26.4422
16,1000,26.4587
16,1001,26.4740
16,1002,26.4894
16,1003,26.5048
16,1004,26.5202
16,1005,26.5359
16,1006,26.5512
16,1007,26.5666
16,1008,26.5827
16,1009,26.5980
16,1010,26.6134
16,1011,26.6285
16,1012,26.6442
16,1013,26.6602
16,1014,26.6755
16,1015,26.6911
16,1016,26.7056
16,1017,26.7206
16,1018,26.7355
16,1019,26.7520
16,1020,26.7675
16,1021,26.7828
16,1022,26.7977
16,1023,26.8132
16,1024,26.8285
16,1025,26.8440
16,1026,26.8598
16,1027,26.8749
16,1028,26.8901
16,1029,26.9046
16,1030,26.9197
16,1031,26.9354
16,1032,26.9514
16,1033,26.9662
16,1034,26.9814
16,1035,26.9971
16,1036,27.0125
16,1037,27.0283
16,1038,27.0429
16,1039,27.0584
16,1040,27.0732
16,1041,27.0875
16,1042,27.1029
16,1043,27.1184
16,1044,27.1333
16,1045,27.1483
16,1046,27.1634
16,1047,27.1782
16,1048,27.1938
16,1049,27.2097
16,1050,27.2258
16,1051,27.2409
16,1052,27.2556
16,1053,27.2704
16,1054,27.2856
16,1055,27.3005
16,1056,27.3156
16,1057,27.3306
16,1058,27.3462
16,1059,27.3617
16,1060,27.3770
16,1061,27.3915
16,1062,27.4063
16,1063,27.4215
16,1064,27.4357
16,1065,27.4508
16,1066,27.4656
16,1067,27.4807
16,1068,27.4952
16,1069,27.5108
16,1070,27.5260
16,1071,27.5407
16,1072,27.5569
16,1073,27.5711
16,1074,27.5869
16,1075,27.6022
16,1076,27.6170
16,1077,27.6326
16,1078,27.6472
16,1079,27.6614
16,1080,27.6771
16,1081,27.6919
16,1082,27.7071
16,1083,27.7221
16,1084,27.7368
16,1085,27.7514
16,1086,27.7658
16,1087,27.7803
16,1088,27.7954
16,1089,27.8101
16,1090,27.8251
16,1091,27.8400
16,1092,27.8552
16,1093,27.8699
16,1094,27.8845
16,1095,27.8993
16,1096,27.9146
16,1097,27.9302
16,1098,27.9449
16,1099,27.9605
16,1100,27.9759
16,1101,27.9908
16,1102,28.0053
16,1103,28.0202
16,1104,28.0354
16,1105,28.0498
16,1106,28.0643
16,1107,28.0789
16,1108,28.0939
16,1109,28.1087
16,1110,28.1240
16,1111,28.1387
16,1112,28.1532
16,1113,28.1676
16,1114,28.1823
16,1115,28.1970
16,1116,28.2116
16,1117,28.2266
16,1118,28.2409
16,1119,28.2558
16,1120,28.2702
16,1121,28.2841
16,1122,28.2992
16,1123,28.3140
16,1124,28.3283
16,1125,28.3425
16,1126,28.3571
16,1127,28.3723
16,1128,28.3873
16,1129,28.4020
16,1130,28.4161
16,1131,28.4308
16,1132,28.4447
16,1133,28.4592
16,1134,28.4738
16,1135,28.4878
16,1136,28.5028
16,1137,28.5176
16,1138,28.5328
16,1139,28.5482
16,1140,28.5621
16,1141,28.5759
16,1142,28.5906
16,1143,28.6057
16,1144,28.6202
16,1145,28.6347
16,1146,28.6494
16,1147,28.6635
16,1148,28.6789
16,1149,28.6935
16,1150,28.7075
16,1151,28.7216
16,1152,28.7359
16,1153,28.7504
16,1154,28.7656
16,1155,28.7806
16,1156,28.7952
16,1157,28.8099
16,1158,28.8245
16,1159,28.8389
16,1160,28.8536
16,1161,28.8678
16,1162,28.8819
16,1163,28.8966
16,1164,28.9113
16,1165,28.9253
16,1166,28.9401
16,1167,28.9549
16,1168,28.9698
16,1169,28.9846
16,1170,28.9995
16,1171,29.0141
16,1172,29.0286
16,1173,29.0432
16,1174,29.0572
16,1175,29.0722
16,1176,29.0868
16,1177,29.1005
16,1178,29.1147
16,1179,29.1290
16,1180,29.1437
16,1181,29.1580
16,1182,29.1722
16,1183,29.1867
16,1184,29.2021
16,1185,29.2164
16,1186,29.2310
16,1187,29.2456
16,1188,29.2600
16,1189,29.2745
16,1190,29.2891
16,1191,29.3032
16,1192,29.3174
16,1193,29.3318
16,1194,29.3455
16,1195,29.3601
16,1196,29.3744
16,1197,29.3887
16,1198,29.4023
16,1199,29.4165
16,1200,29.4308
16,1201,29.4458
16,1202,29.4608
16,1203,29.4749
16,1204,29.4896
16,1205,29.5044
16,1206,29.5193
16,1207,29.5333
16,1208,29.5480
16,1209,29.5620
16,1210,29.5764
16,1211,29.5905
16,1212,29.6046
16,1213,29.6192
16,1214,29.6330
16,1215,29.6474
16,1216,29.6614
16,1217,29.6753
16,1218,29.6896
16,1219,29.7048
16,1220,29.7190
16,1221,29.7335
16,1222,29.7482
16,1223,29.7630
16,1224,29.7779
16,1225,29.7925
16,1226,29.8073
16,1227,29.8220
16,1228,29.8362
16,1229,29.8504
16,1230,29.8644
16,1231,29.8784
16,1232,29.8925
16,1233,29.9059
16,1234,29.9195
16,1235,29.9332
16,1236,29.9476
16,1237,29.9619
16,1238,29.9765
16,1239,29.9911
16,1240,30.0050
16,1241,30.0198
16,1242,30.0338
16,1243,30.0474
16,1244,30.0619
16,1245,30.0763
16,1246,30.0904
16,1247,30.1049
16,1248,30.1194
16,1249,30.1337
16,1250,30.1475
16,1251,30.1612
16,1252,30.1756
16,1253,30.1897
16,1254,30.2038
16,1255,30.2180
16,1256,30.2322
16,1257,30.2468
16,1258,30.2615
16,1259,30.2757
16,1260,30.2898
16,1261,30.3040
16,1262,30.3181
16,1263,30.3327
16,1264,30.3465
16,1265,30.3603
16,1266,30.3745
16,1267,30.3880
16,1268,30.4022
16,1269,30.4163
16,1270,30.4303
16,1271,30.4441
16,1272,30.4575
16,1273,30.4718
16,1274,30.4859
16,1275,30.5001
16,1276,30.5140
16,1277,30.5278
16,1278,30.5417
16,1279,30.5557
16,1280,30.5696
16,1281,30.5837
16,1282,30.5976
16,1283,30.6120
16,1284,30.6255
16,1285,30.6402
16,1286,30.6543
16,1287,30.6688
16,1288,30.6829
16,1289,30.6974
16,1290,30.7119
16,1291,30.7259
16,1292,30.7398
16,1293,30.7537
16,1294,30.7674
16,1295,30.7814
16,1296,30.7953
16,1297,30.8096
16,1298,30.8238
16,1299,30.8372
16,1300,30.8512
16,1301,30.8656
16,1302,30.8799
16,1303,30.8936
16,1304,30.9078
16,1305,30.9218
16,1306,30.9358
16,1307,30.9507
16,1308,30.9650
16,1309,30.9785
16,1310,30.9928
16,1311,31.0065
16,1312,31.0206
16,1313,31.0336
16,1314,31.0465
16,1315,31.0604
16,1316,31.0737
16,1317,31.0874
16,1318,31.1010
16,1319,31.1144
16,1320,31.1281
16,1321,31.1420
16,1322,31.1552
16,1323,31.1690
16,1324,31.1832
16,1325,31.1973
16,1326,31.2110
16,1327,31.2245
16,1328,31.2382
16,1329,31.2523
16,1330,31.2655
16,1331,31.2791
16,1332,31.2926
16,1333,31.3060
16,1334,31.3193
16,1335,31.3322
16,1336,31.3448
16,1337,31.3582
16,1338,31.3716
16,1339,31.3856
16,1340,31.3992
16,1341,31.4123
16,1342,31.4257
16,1343,31.4394
16,1344,31.4534
16,1345,31.4668
16,1346,31.4799
16,1347,31.4939
16,1348,31.5070
16,1349,31.5209
16,1350,31.5350
16,1351,31.5486
16,1352,31.5621
16,1353,31.5760
16,1354,31.5900
16,1355,31.6035
16,1356,31.6173
16,1357,31.6314
16,1358,31.6444
16,1359,31.6583
16,1360,31.6721
16,1361,31.6851
16,1362,31.6986
16,1363,31.7122
16,1364,31.7256
16,1365,31.7390
16,1366,31.7527
16,1367,31.7657
16,1368,31.7796
16,1369,31.7936
16,1370,31.8070
16,1371,31.8206
16,1372,31.8336
16,1373,31.8473
16,1374,31.8609
16,1375,31.8744
16,1376,31.8880
16,1377,31.9017
16,1378,31.9158
16,1379,31.9292
16,1380,31.9427
16,1381,31.9558
16,1382,31.9689
16,1383,31.9826
16,1384,31.9954
16,1385,32.0088
16,1386,32.0224
16,1387,32.0360
16,1388,32.0494
16,1389,32.0626
16,1390,32.0762
16,1391,32.0897
16,1392,32.1035
16,1393,32.1170
16,1394,32.1301
16,1395,32.1430
16,1396,32.1563
16,1397,32.1696
16,1398,32.1830
16,1399,32.1957
16,1400,32.2085
16,1401,32.2218
16,1402,32.2351
16,1403,32.2483
16,1404,32.2619
16,1405,32.2754
16,1406,32.2886
16,1407,32.3021
16,1408,32.3153
16,1409,32.3291
16,1410,32.3429
16,1411,32.3561
16,1412,32.3694
16,1413,32.3832
16,1414,32.3966
16,1415,32.4095
16,1416,32.4229
16,1417,32.4362
16,1418,32.4493
16,1419,32.4624
16,1420,32.4763
16,1421,32.4895
16,1422,32.5023
16,1423,32.5151
16,1424,32.5281
16,1425,32.5413
16,1426,32.5545
16,1427,32.5676
16,1428,32.5809
16,1429,32.5936
16,1430,32.6073
16,1431,32.6211
16,1432,32.6348
16,1433,32.6475
16,1434,32.6610
16,1435,32.6740
16,1436,32.6869
16,1437,32.7002
16,1438,32.7135
16,1439,32.7264
16,1440,32.7402
16,1441,32.7529
16,1442,32.7661
16,1443,32.7792
16,1444,32.7927
16,1445,32.8055
16,1446,32.8189
16,1447,32.8325
16,1448,32.8457
16,1449,32.8585
16,1450,32.8722
16,1451,32.8851
16,1452,32.8984
16,1453,32.9122
16,1454,32.9253
16,1455,32.9385
16,1456,32.9516
16,1457,32.9640
16,1458,32.9766
16,1459,32.9892
16,1460,33.0025
16,1461,33.0159
16,1462,33.0293
16,1463,33.0422
16,1464,33.0552
16,1465,33.0686
16,1466,33.0826
16,1467,33.0957
16,1468,33.1087
16,1469,33.1217
16,1470,33.1348
16,1471,33.1479
16,1472,33.1610
16,1473,33.1742
16,1474,33.1874
16,1475,33.1997
16,1476,33.2124
16,1477,33.2253
16,1478,33.2383
16,1479,33.2518
16,1480,33.2644
16,1481,33.2772
16,1482,33.2902
16,1483,33.3040
16,1484,33.3168
16,1485,33.3302
16,1486,33.3428
16,1487,33.3561
16,1488,33.3695
16,1489,33.3825
16,1490,33.3956
16,1491,33.4084
16,1492,33.4214
16,1493,33.4341
16,1494,33.4467
16,1495,33.4597
16,1496,33.4722
16,1497,33.4859
16,1498,33.4989
16,1499,33.5122
16,1500,33.5246
16,1501,33.5383
16,1502,33.5509
16,1503,33.5641
16,1504,33.5771
16,1505,33.5904
16,1506,33.6036
16,1507,33.6169
16,1508,33.6299
16,1509,33.6426
16,1510,33.6563
16,1511,33.6701
16,1512,33.6827
16,1513,33.6950
16,1514,33.7088
16,1515,33.7215
16,1516,33.7347
16,1517,33.7474
16,1518,33.7606
16,1519,33.7733
16,1520,33.7862
16,1521,33.7989
16,1522,33.8113
16,1523,33.8242
16,1524,33.8378
16,1525,33.8508
16,1526,33.8635
16,1527,33.8762
16,1528,33.8893
16,1529,33.9023
16,1530,33.9158
16,1531,33.9288
16,1532,33.9418
16,1533,33.9546
16,1534,33.9676
16,1535,33.9804
16,1536,33.9935
16,1537,34.0061
16,1538,34.0190
16,1539,34.0323
16,1540,34.0454
16,1541,34.0580
16,1542,34.0713
16,1543,34.0846
16,1544,34.0974
16,1545,34.1101
16,1546,34.1233
16,1547,34.1366
16,1548,34.1501
16,1549,34.1630
16,1550,34.1757
16,1551,34.1889
16,1552,34.2013
16,1553,34.2136
16,1554,34.2263
16,1555,34.2393
16,1556,34.2520
16,1557,34.2642
16,1558,34.2766
16,1559,34.2898
16,1560,34.3026
16,1561,34.3160
16,1562,34.3281
16,1563,34.3408
16,1564,34.3541
16,1565,34.3674
16,1566,34.3802
16,1567,34.3927
16,1568,34.4055
16,1569,34.4185
16,1570,34.4312
16,1571,34.4442
16,1572,34.4566
16,1573,34.4698
16,1574,34.4829
16,1575,34.4955
16,1576,34.5081
16,1577,34.5204
16,1578,34.5332
16,1579,34.5460
16,1580,34.5583
16,1581,34.5702
16,1582,34.5828
16,1583,34.5955
16,1584,34.6078
16,1585,34.6206
16,1586,34.6331
16,1587,34.6457
16,1588,34.6585
16,1589,34.6707
16,1590,34.6832
16,1591,34.6953
16,1592,34.7086
16,1593,34.7209
16,1594,34.7333
16,1595,34.7465
16,1596,34.7592
16,1597,34.7716
16,1598,34.7850
16,1599,34.7976
16,1600,34.8105
16,1601,34.8230
16,1602,34.8354
16,1603,34.8484
16,1604,34.8613
16,1605,34.8738
16,1606,34.8863
16,1607,34.8982
16,1608,34.9109
16,1609,34.9238
16,1610,34.9363
16,1611,34.9493
16,1612,34.9615
16,1613,34.9739
16,1614,34.9868
16,1615,34.9987
16,1616,35.0110
16,1617,35.0236
16,1618,35.0362
16,1619,35.0487
16,1620,35.0614
16,1621,35.0739
16,1622,35.0875
16,1623,35.1000
16,1624,35.1125
16,1625,35.1252
16,1626,35.1378
16,1627,35.1507
16,1628,35.1638
16,1629,35.1764
16,1630,35.1892
16,1631,35.2015
16,1632,35.2134
16,1633,35.2261
16,1634,35.2387
16,1635,35.2515
16,1636,35.2644
16,1637,35.2777
16,1638,35.2899
16,1639,35.3026
16,1640,35.3149
16,1641,35.3272
16,1642,35.3397
16,1643,35.3522
16,1644,35.3650
16,1645,35.3773
16,1646,35.3904
16,1647,35.4033
16,1648,35.4161
16,1649,35.4286
16,1650,35.4404
16,1651,35.4531
16,1652,35.4659
16,1653,35.4786
16,1654,35.4908
16,1655,35.5027
16,1656,35.5152
16,1657,35.5277
16,1658,35.5402
16,1659,35.5528
16,1660,35.5652
16,1661,35.5774
16,1662,35.5895
16,1663,35.6017
16,1664,35.6141
16,1665,35.6274
16,1666,35.6400
16,1667,35.6525
16,1668,35.6643
16,1669,35.6765
16,1670,35.6886
16,1671,35.7013
16,1672,35.7139
16,1673,35.7265
16,1674,35.7388
16,1675,35.7513
16,1676,35.7631
16,1677,35.7753
16,1678,35.7878
16,1679,35.8000
16,1680,35.8125
16,1681,35.8246
16,1682,35.8373
16,1683,35.8496
16,1684,35.8621
16,1685,35.8742
16,1686,35.8869
16,1687,35.8988
16,1688,35.9106
16,1689,35.9227
16,1690,35.9341
16,1691,35.9466
16,1692,35.9588
16,1693,35.9707
16,1694,35.9829
16,1695,35.9952
16,1696,36.0080
16,1697,36.0204
16,1698,36.0338
16,1699,36.0466
16,1700,36.0588
16,1701,36.0711
16,1702,36.0836
16,1703,36.0956
16,1704,36.1082
16,1705,36.1204
16,1706,36.1324
16,1707,36.1449
16,1708,36.1571
16,1709,36.1700
16,1710,36.1825
16,1711,36.1940
16,1712,36.2062
16,1713,36.2190
16,1714,36.2305
16,1715,36.2425
16,1716,36.2550
16,1717,36.2674
16,1718,36.2802
16,1719,36.2929
16,1720,36.3051
16,1721,36.3174
16,1722,36.3297
16,1723,36.3422
16,1724,36.3547
16,1725,36.3668
16,1726,36.3788
16,1727,36.3910
16,1728,36.4030
16,1729,36.4158
16,1730,36.4288
16,1731,36.4410
16,1732,36.4536
16,1733,36.4660
16,1734,36.4783
16,1735,36.4901
16,1736,36.5022
16,1737,36.5145
16,1738,36.5264
16,1739,36.5389
16,1740,36.5511
16,1741,36.5634
16,1742,36.5759
16,1743,36.5879
16,1744,36.5996
16,1745,36.6121
16,1746,36.6244
16,1747,36.6365
16,1748,36.6487
16,1749,36.6607
16,1750,36.6732
16,1751,36.6852
16,1752,36.6977
16,1753,36.7096
16,1754,36.7212
16,1755,36.7330
16,1756,36.7454
16,1757,36.7576
16,1758,36.7702
16,1759,36.7819
16,1760,36.7941
16,1761,36.8061
16,1762,36.8187
16,1763,36.8314
16,1764,36.8433
16,1765,36.8549
16,1766,36.8672
16,1767,36.8798
16,1768,36.8919
16,1769,36.9044
16,1770,36.9166
16,1771,36.9287
16,1772,36.9404
16,1773,36.9530
16,1774,36.9654
16,1775,36.9776
16,1776,36.9901
16,1777,37.0024
16,1778,37.0149
16,1779,37.0271
16,1780,37.0391
16,1781,37.0509
16,1782,37.0627
16,1783,37.0745
16,1784,37.0864
16,1785,37.0980
16,1786,37.1101
16,1787,37.1221
16,1788,37.1338
16,1789,37.1459
16,1790,37.1580
16,1791,37.1702
16,1792,37.1825
16,1793,37.1944
16,1794,37.2065
16,1795,37.2186
16,1796,37.2306
16,1797,37.2425
16,1798,37.2545
16,1799,37.2661
16,1800,37.2779
16,1801,37.2902
16,1802,37.3020
16,1803,37.3141
16,1804,37.3263
16,1805,37.3384
16,1806,37.3506
16,1807,37.3623
16,1808,37.3745
16,1809,37.3864
16,1810,37.3980
16,1811,37.4098
16,1812,37.4221
16,1813,37.4343
16,1814,37.4464
16,1815,37.4580
16,1816,37.4699
16,1817,37.4825
16,1818,37.4943
16,1819,37.5066
16,1820,37.5191
16,1821,37.5309
16,1822,37.5427
16,1823,37.5547
16,1824,37.5663
16,1825,37.5782
16,1826,37.5904
16,1827,37.6028
16,1828,37.6151
16,1829,37.6270
16,1830,37.6394
16,1831,37.6516
16,1832,37.6628
16,1833,37.6754
16,1834,37.6878
16,1835,37.7001
16,1836,37.7122
16,1837,37.7245
16,1838,37.7363
16,1839,37.7488
16,1840,37.7603
16,1841,37.7724
16,1842,37.7845
16,1843,37.7961
16,1844,37.8081
16,1845,37.8202
16,1846,37.8323
16,1847,37.8444
16,1848,37.8561
16,1849,37.8679
16,1850,37.8799
16,1851,37.8916
16,1852,37.9033
16,1853,37.9147
16,1854,37.9269
16,1855,37.9390
16,1856,37.9506
16,1857,37.9633
16,1858,37.9748
16,1859,37.9868
16,1860,37.9986
16,1861,38.0109
16,1862,38.0224
16,1863,38.0341
16,1864,38.0452
16,1865,38.0572
16,1866,38.0691
16,1867,38.0811
16,1868,38.0925
16,1869,38.1044
16,1870,38.1165
16,1871,38.1286
16,1872,38.1402
16,1873,38.1518
16,1874,38.1638
16,1875,38.1755
16,1876,38.1868
16,1877,38.1988
16,1878,38.2107
16,1879,38.2232
16,1880,38.2347
16,1881,38.2472
16,1882,38.2593
16,1883,38.2714
16,1884,38.2834
16,1885,38.2953
16,1886,38.3072
16,1887,38.3191
16,1888,38.3313
16,1889,38.3429
16,1890,38.3554
16,1891,38.3672
16,1892,38.3791
16,1893,38.3900
16,1894,38.4021
16,1895,38.4144
16,1896,38.4261
16,1897,38.4379
16,1898,38.4503
16,1899,38.4622
16,1900,38.4736
16,1901,38.4853
16,1902,38.4973
16,1903,38.5086
16,1904,38.5204
16,1905,38.5323
16,1906,38.5441
16,1907,38.5557
16,1908,38.5673
16,1909,38.5793
16,1910,38.5910
16,1911,38.6028
16,1912,38.6149
16,1913,38.6265
16,1914,38.6384
16,1915,38.6503
16,1916,38.6626
16,1917,38.6744
16,1918,38.6861
16,1919,38.6979
16,1920,38.7101
16,1921,38.7215
16,1922,38.7334
16,1923,38.7455
16,1924,38.7575
16,1925,38.7686
16,1926,38.7803
16,1927,38.7918
16,1928,38.8038
16,1929,38.8152
16,1930,38.8267
16,1931,38.8380
16,1932,38.8503
16,1933,38.8623
16,1934,38.8748
16,1935,38.8864
16,1936,38.8976
16,1937,38.9091
16,1938,38.9212
16,1939,38.9332
16,1940,38.9446
16,1941,38.9565
16,1942,38.9682
16,1943,38.9801
16,1944,38.9921
16,1945,39.0037
16,1946,39.0148
16,1947,39.0269
16,1948,39.0380
16,1949,39.0496
16,1950,39.0615
16,1951,39.0735
16,1952,39.0847
16,1953,39.0965
16,1954,39.1078
16,1955,39.1192
16,1956,39.1310
16,1957,39.1427
16,1958,39.1541
16,1959,39.1654
16,1960,39.1771
16,1961,39.1887
16,1962,39.2007
16,1963,39.2123
16,1964,39.2241
16,1965,39.2359
16,1966,39.2476
16,1967,39.2589
16,1968,39.2704
16,1969,39.2823
16,1970,39.2941
16,1971,39.3058
16,1972,39.3177
16,1973,39.3295
16,1974,39.3417
16,1975,39.3535
16,1976,39.3651
16,1977,39.3768
16,1978,39.3889
16,1979,39.4009
16,1980,39.4126
16,1981,39.4239
16,1982,39.4357
16,1983,39.4471
16,1984,39.4595
16,1985,39.4707
16,1986,39.4823
16,1987,39.4937
16,1988,39.5051
16,1989,39.5166
16,1990,39.5282
16,1991,39.5394
16,1992,39.5513
16,1993,39.5627
16,1994,39.5734
16,1995,39.5848
16,1996,39.5962
16,1997,39.6080
16,1998,39.6202
16,1999,39.6317
16,2000,39.6436
16,2001,39.6550
16,2002,39.6666
16,2003,39.6781
16,2004,39.6893
16,2005,39.7008
16,2006,39.7125
16,2007,39.7240
16,2008,39.7356
16,2009,39.7474
16,2010,39.7585
16,2011,39.7692
16,2012,39.7807
16,2013,39.7919
16,2014,39.8031
16,2015,39.8152
16,2016,39.8268
16,2017,39.8383
16,2018,39.8499
16,2019,39.8612
16,2020,39.8724
16,2021,39.8842
16,2022,39.8959
16,2023,39.9073
16,2024,39.9188
16,2025,39.9302
16,2026,39.9416
16,2027,39.9528
16,2028,39.9643
16,2029,39.9761
16,2030,39.9872
16,2031,39.9985
16,2032,40.0102
16,2033,40.0213
16,2034,40.0330
16,2035,40.0443
16,2036,40.0555
16,2037,40.0675
16,2038,40.0790
16,2039,40.0906
16,2040,40.1018
16,2041,40.1136
16,2042,40.1252
16,2043,40.1369
16,2044,40.1485
16,2045,40.1599
16,2046,40.1720
16,2047,40.1836
16,2048,40.1947
16,2049,40.2063
16,2050,40.2175
16,2051,40.2287
16,2052,40.2404
16,2053,40.2518
16,2054,40.2631
16,2055,40.2748
16,2056,40.2866
16,2057,40.2981
16,2058,40.3090
16,2059,40.3207
16,2060,40.3324
16,2061,40.3439
16,2062,40.3556
16,2063,40.3668
16,2064,40.3779
16,2065,40.3893
16,2066,40.4005
16,2067,40.4123
16,2068,40.4237
16,2069,40.4354
16,2070,40.4469
16,2071,40.4581
16,2072,40.4685
16,2073,40.4797
16,2074,40.4913
16,2075,40.5030
16,2076,40.5146
16,2077,40.5256
16,2078,40.5367
16,2079,40.5479
16,2080,40.5591
16,2081,40.5701
16,2082,40.5814
16,2083,40.5928
16,2084,40.6037
16,2085,40.6148
16,2086,40.6266
16,2087,40.6383
16,2088,40.6495
16,2089,40.6615
16,2090,40.6730
16,2091,40.6846
16,2092,40.6961
16,2093,40.7075
16,2094,40.7184
16,2095,40.7299
16,2096,40.7412
16,2097,40.7523
16,2098,40.7632
16,2099,40.7743
16,2100,40.7855
16,2101,40.7970
16,2102,40.8084
16,2103,40.8195
16,2104,40.8306
16,2105,40.8421
16,2106,40.8531
16,2107,40.8642
16,2108,40.8758
16,2109,40.8878
16,2110,40.8994
16,2111,40.9105
16,2112,40.9221
16,2113,40.9332
16,2114,40.9446
16,2115,40.9560
16,2116,40.9675
16,2117,40.9791
16,2118,40.9908
16,2119,41.0022
16,2120,41.0138
16,2121,41.0249
16,2122,41.0362
16,2123,41.0475
16,2124,41.0588
16,2125,41.0702
16,2126,41.0823
16,2127,41.0936
16,2128,41.1052
16,2129,41.1166
16,2130,41.1275
16,2131,41.1381
16,2132,41.1496
16,2133,41.1610
16,2134,41.1724
16,2135,41.1834
16,2136,41.1945
16,2137,41.2059
16,2138,41.2170
16,2139,41.2282
16,2140,41.2393
16,2141,41.2506
16,2142,41.2619
16,2143,41.2735
16,2144,41.2847
16,2145,41.2960
16,2146,41.3074
16,2147,41.3192
16,2148,41.3306
16,2149,41.3415
16,2150,41.3526
16,2151,41.3640
16,2152,41.3758
16,2153,41.3867
16,2154,41.3981
16,2155,41.4091
16,2156,41.4203
16,2157,41.4315
16,2158,41.4424
16,2159,41.4533
16,2160,41.4647
16,2161,41.4765
16,2162,41.4877
16,2163,41.4988
16,2164,41.5100
16,2165,41.5214
16,2166,41.5326
16,2167,41.5441
16,2168,41.5558
16,2169,41.5671
16,2170,41.5781
16,2171,41.5896
16,2172,41.6008
16,2173,41.6121
16,2174,41.6235
16,2175,41.6346
16,2176,41.6460
16,2177,41.6579
16,2178,41.6689
16,2179,41.6799
16,2180,41.6910
16,2181,41.7025
16,2182,41.7131
16,2183,41.7245
16,2184,41.7362
16,2185,41.7477
16,2186,41.7588
16,2187,41.7694
16,2188,41.7801
16,2189,41.7911
16,2190,41.8018
16,2191,41.8132
16,2192,41.8246
16,2193,41.8355
16,2194,41.8467
16,2195,41.8577
16,2196,41.8689
16,2197,41.8800
16,2198,41.8911
16,2199,41.9019
16,2200,41.9133
16,2201,41.9244
16,2202,41.9352
16,2203,41.9467
16,2204,41.9576
16,2205,41.9689
16,2206,41.9802
16,2207,41.9917
16,2208,42.0031
16,2209,42.0147
16,2210,42.0262
16,2211,42.0378
16,2212,42.0491
16,2213,42.0604
16,2214,42.0717
16,2215,42.0825
16,2216,42.0936
16,2217,42.1045
16,2218,42.1158
16,2219,42.1262
16,2220,42.1367
16,2221,42.1477
16,2222,42.1592
16,2223,42.1702
16,2224,42.1818
16,2225,42.1926
16,2226,42.2034
16,2227,42.2145
16,2228,42.2256
16,2229,42.2364
16,2230,42.2469
16,2231,42.2583
16,2232,42.2696
16,2233,42.2814
16,2234,42.2925
16,2235,42.3035
16,2236,42.3150
16,2237,42.3256
16,2238,42.3367
16,2239,42.3481
16,2240,42.3591
16,2241,42.3701
16,2242,42.3811
16,2243,42.3923
16,2244,42.4035
16,2245,42.4147
16,2246,42.4253
16,2247,42.4361
16,2248,42.4471
16,2249,42.4585
16,2250,42.4700
16,2251,42.4806
16,2252,42.4911
16,2253,42.5020
16,2254,42.5127
16,2255,42.5237
16,2256,42.5344
16,2257,42.5453
16,2258,42.5569
16,2259,42.5683
16,2260,42.5790
16,2261,42.5893
16,2262,42.6010
16,2263,42.6122
16,2264,42.6233
16,2265,42.6344
16,2266,42.6452
16,2267,42.6565
16,2268,42.6676
16,2269,42.6790
16,2270,42.6897
16,2271,42.7007
16,2272,42.7122
16,2273,42.7231
16,2274,42.7343
16,2275,42.7454
16,2276,42.7566
16,2277,42.7676
16,2278,42.7787
16,2279,42.7898
16,2280,42.8008
16,2281,42.8119
16,2282,42.8224
16,2283,42.8334
16,2284,42.8437
16,2285,42.8550
16,2286,42.8659
16,2287,42.8771
16,2288,42.8882
16,2289,42.8991
16,2290,42.9103
16,2291,42.9211
16,2292,42.9325
16,2293,42.9437
16,2294,42.9549
16,2295,42.9658
16,2296,42.9765
16,2297,42.9877
16,2298,42.9983
16,2299,43.0091
16,2300,43.0200
16,2301,43.0305
16,2302,43.0411
16,2303,43.0525
16,2304,43.0636
16,2305,43.0745
16,2306,43.0862
16,2307,43.0970
16,2308,43.1077
16,2309,43.1186
16,2310,43.1294
16,2311,43.1406
16,2312,43.1511
16,2313,43.1622
16,2314,43.1729
16,2315,43.1837
16,2316,43.1946
16,2317,43.2051
16,2318,43.2163
16,2319,43.2270
16,2320,43.2386
16,2321,43.2495
16,2322,43.2609
16,2323,43.2720
16,2324,43.2829
16,2325,43.2940
16,2326,43.3047
16,2327,43.3162
16,2328,43.3271
16,2329,43.3379
16,2330,43.3489
16,2331,43.3602
16,2332,43.3710
16,2333,43.3820
16,2334,43.3930
16,2335,43.4040
16,2336,43.4153
16,2337,43.4261
16,2338,43.4369
16,2339,43.4479
16,2340,43.4591
16,2341,43.4706
16,2342,43.4818
16,2343,43.4927
16,2344,43.5032
16,2345,43.5145
16,2346,43.5251
16,2347,43.5356
16,2348,43.5466
16,2349,43.5574
16,2350,43.5679
16,2351,43.5785
16,2352,43.5900
16,2353,43.6009
16,2354,43.6117
16,2355,43.6227
16,2356,43.6334
16,2357,43.6449
16,2358,43.6564
16,2359,43.6672
16,2360,43.6780
16,2361,43.6894
16,2362,43.7004
16,2363,43.7110
16,2364,43.7215
16,2365,43.7321
16,2366,43.7430
16,2367,43.7532
16,2368,43.7637
16,2369,43.7745
16,2370,43.7854
16,2371,43.7961
16,2372,43.8070
16,2373,43.8175
16,2374,43.8286
16,2375,43.8398
16,2376,43.8506
16,2377,43.8615
16,2378,43.8722
16,2379,43.8826
16,2380,43.8936
16,2381,43.9041
16,2382,43.9150
16,2383,43.9259
16,2384,43.9370
16,2385,43.9477
16,2386,43.9587
16,2387,43.9697
16,2388,43.9803
16,2389,43.9910
16,2390,44.0010
16,2391,44.0120
16,2392,44.0225
16,2393,44.0337
16,2394,44.0444
16,2395,44.0553
16,2396,44.0654
16,2397,44.0766
16,2398,44.0877
16,2399,44.0983
16,2400,44.1094
16,2401,44.1204
16,2402,44.1314
16,2403,44.1423
16,2404,44.1531
16,2405,44.1637
16,2406,44.1746
16,2407,44.1856
16,2408,44.1966
16,2409,44.2075
16,2410,44.2184
16,2411,44.2290
16,2412,44.2399
16,2413,44.2504
16,2414,44.2612
16,2415,44.2719
16,2416,44.2823
16,2417,44.2929
16,2418,44.3036
16,2419,44.3142
16,2420,44.3249
16,2421,44.3356
16,2422,44.3467
16,2423,44.3579
16,2424,44.3685
16,2425,44.3794
16,2426,44.3901
16,2427,44.4009
16,2428,44.4118
16,2429,44.4218
16,2430,44.4328
16,2431,44.4432
16,2432,44.4538
16,2433,44.4645
16,2434,44.4754
16,2435,44.4856
16,2436,44.4964
16,2437,44.5075
16,2438,44.5180
16,2439,44.5289
16,2440,44.5395
16,2441,44.5502
16,2442,44.5610
16,2443,44.5715
16,2444,44.5823
16,2445,44.5930
16,2446,44.6039
16,2447,44.6145
16,2448,44.6251
16,2449,44.6355
16,2450,44.6464
16,2451,44.6576
16,2452,44.6681
16,2453,44.6788
16,2454,44.6896
16,2455,44.7002
16,2456,44.7106
16,2457,44.7209
16,2458,44.7316
16,2459,44.7425
16,2460,44.7531
16,2461,44.7639
16,2462,44.7750
16,2463,44.7856
16,2464,44.7960
16,2465,44.8067
16,2466,44.8172
16,2467,44.8277
16,2468,44.8384
16,2469,44.8488
16,2470,44.8595
16,2471,44.8703
16,2472,44.8811
16,2473,44.8916
16,2474,44.9022
16,2475,44.9130
16,2476,44.9235
16,2477,44.9339
16,2478,44.9447
16,2479,44.9552
16,2480,44.9658
16,2481,44.9761
16,2482,44.9868
16,2483,44.9974
16,2484,45.0081
16,2485,45.0188
16,2486,45.0288
16,2487,45.0398
16,2488,45.0505
16,2489,45.0610
16,2490,45.0712
16,2491,45.0816
16,2492,45.0921
16,2493,45.1029
16,2494,45.1135
16,2495,45.1247
16,2496,45.1352
16,2497,45.1457
16,2498,45.1564
16,2499,45.1671
16,2500,45.1774
16,2501,45.1878
16,2502,45.1985
16,2503,45.2094
16,2504,45.2203
16,2505,45.2311
16,2506,45.2420
16,2507,45.2525
16,2508,45.2631
16,2509,45.2732
16,2510,45.2833
16,2511,45.2940
16,2512,45.3045
16,2513,45.3151
16,2514,45.3258
16,2515,45.3364
16,2516,45.3471
16,2517,45.3580
16,2518,45.3685
16,2519,45.3790
16,2520,45.3894
16,2521,45.3998
16,2522,45.4103
16,2523,45.4208
16,2524,45.4310
16,2525,45.4417
16,2526,45.4523
16,2527,45.4626
16,2528,45.4730
16,2529,45.4838
16,2530,45.4942
16,2531,45.5047
16,2532,45.5148
16,2533,45.5254
16,2534,45.5360
16,2535,45.5468
16,2536,45.5571
16,2537,45.5677
16,2538,45.5784
16,2539,45.5887
16,2540,45.5985
16,2541,45.6089
16,2542,45.6195
16,2543,45.6297
16,2544,45.6402
16,2545,45.6509
16,2546,45.6614
16,2547,45.6719
16,2548,45.6823
16,2549,45.6929
16,2550,45.7033
16,2551,45.7142
16,2552,45.7245
16,2553,45.7348
16,2554,45.7452
16,2555,45.7554
16,2556,45.7657
16,2557,45.7762
16,2558,45.7867
16,2559,45.7971
16,2560,45.8075
16,2561,45.8182
16,2562,45.8282
16,2563,45.8388
16,2564,45.8495
16,2565,45.8600
16,2566,45.8710
16,2567,45.8814
16,2568,45.8914
16,2569,45.9020
16,2570,45.9124
16,2571,45.9229
16,2572,45.9332
16,2573,45.9435
16,2574,45.9542
16,2575,45.9644
16,2576,45.9749
16,2577,45.9854
16,2578,45.9958
16,2579,46.0059
16,2580,46.0166
16,2581,46.0270
16,2582,46.0373
16,2583,46.0477
16,2584,46.0583
16,2585,46.0690
16,2586,46.0791
16,2587,46.0894
16,2588,46.1000
16,2589,46.1101
16,2590,46.1207
16,2591,46.1315
16,2592,46.1420
16,2593,46.1524
16,2594,46.1627
16,2595,46.1729
16,2596,46.1836
16,2597,46.1945
16,2598,46.2049
16,2599,46.2150
16,2600,46.2252
16,2601,46.2354
16,2602,46.2457
16,2603,46.2554
16,2604,46.2655
16,2605,46.2754
16,2606,46.2860
16,2607,46.2967
16,2608,46.3068
16,2609,46.3170
16,2610,46.3275
16,2611,46.3378
16,2612,46.3476
16,2613,46.3578
16,2614,46.3683
16,2615,46.3786
16,2616,46.3890
16,2617,46.3996
16,2618,46.4100
16,2619,46.4203
16,2620,46.4308
16,2621,46.4407
16,2622,46.4511
16,2623,46.4617
16,2624,46.4721
16,2625,46.4823
16,2626,46.4924
16,2627,46.5031
16,2628,46.5134
16,2629,46.5238
16,2630,46.5340
16,2631,46.5442
16,2632,46.5540
16,2633,46.5646
16,2634,46.5749
16,2635,46.5850
16,2636,46.5951
16,2637,46.6058
16,2638,46.6164
16,2639,46.6267
16,2640,46.6365
16,2641,46.6472
16,2642,46.6580
16,2643,46.6683
16,2644,46.6786
16,2645,46.6892
16,2646,46.6997
16,2647,46.7102
16,2648,46.7201
16,2649,46.7309
16,2650,46.7415
16,2651,46.7518
16,2652,46.7621
16,2653,46.7727
16,2654,46.7835
16,2655,46.7933
16,2656,46.8034
16,2657,46.8136
16,2658,46.8240
16,2659,46.8342
16,2660,46.8446
16,2661,46.8549
16,2662,46.8654
16,2663,46.8763
16,2664,46.8866
16,2665,46.8968
16,2666,46.9072
16,2667,46.9176
16,2668,46.9280
16,2669,46.9388
16,2670,46.9489
16,2671,46.9594
16,2672,46.9699
16,2673,46.9802
16,2674,46.9902
16,2675,47.0005
16,2676,47.0111
16,2677,47.0213
16,2678,47.0317
16,2679,47.0419
16,2680,47.0524
16,2681,47.0622
16,2682,47.0724
16,2683,47.0827
16,2684,47.0929
16,2685,47.1031
16,2686,47.1137
16,2687,47.1239
16,2688,47.1339
16,2689,47.1442
16,2690,47.1542
16,2691,47.1642
16,2692,47.1745
16,2693,47.1846
16,2694,47.1950
16,2695,47.2050
16,2696,47.2148
16,2697,47.2251
16,2698,47.2351
16,2699,47.2456
16,2700,47.2562
16,2701,47.2660
16,2702,47.2766
16,2703,47.2871
16,2704,47.2974
16,2705,47.3076
16,2706,47.3179
16,2707,47.3281
16,2708,47.3382
16,2709,47.3485
16,2710,47.3585
16,2711,47.3684
16,2712,47.3787
16,2713,47.3888
16,2714,47.3984
16,2715,47.4084
16,2716,47.4186
16,2717,47.4288
16,2718,47.4392
16,2719,47.4492
16,2720,47.4594
16,2721,47.4695
16,2722,47.4799
16,2723,47.4902
16,2724,47.5002
16,2725,47.5111
16,2726,47.5215
16,2727,47.5315
16,2728,47.5419
16,2729,47.5521
16,2730,47.5622
16,2731,47.5724
16,2732,47.5826
16,2733,47.5931
16,2734,47.6036
16,2735,47.6141
16,2736,47.6241
16,2737,47.6339
16,2738,47.6439
16,2739,47.6544
16,2740,47.6642
16,2741,47.6749
16,2742,47.6850
16,2743,47.6953
16,2744,47.7053
16,2745,47.7157
16,2746,47.7256
16,2747,47.7355
16,2748,47.7461
16,2749,47.7559
16,2750,47.7660
16,2751,47.7760
16,2752,47.7864
16,2753,47.7967
16,2754,47.8069
16,2755,47.8170
16,2756,47.8273
16,2757,47.8374
16,2758,47.8475
16,2759,47.8574
16,2760,47.8680
16,2761,47.8784
16,2762,47.8886
16,2763,47.8982
16,2764,47.9081
16,2765,47.9182
16,2766,47.9285
16,2767,47.9393
16,2768,47.9492
16,2769,47.9591
16,2770,47.9693
16,2771,47.9791
16,2772,47.9892
16,2773,47.9989
16,2774,48.0090
16,2775,48.0194
16,2776,48.0291
16,2777,48.0391
16,2778,48.0491
16,2779,48.0590
16,2780,48.0693
16,2781,48.0791
16,2782,48.0896
16,2783,48.0997
16,2784,48.1097
16,2785,48.1196
16,2786,48.1299
16,2787,48.1399
16,2788,48.1500
16,2789,48.1599
16,2790,48.1703
16,2791,48.1807
16,2792,48.1906
16,2793,48.2008
16,2794,48.2111
16,2795,48.2210
16,2796,48.2312
16,2797,48.2412
16,2798,48.2515
16,2799,48.2616
16,2800,48.2723
16,2801,48.2830
16,2802,48.2928
16,2803,48.3025
16,2804,48.3126
16,2805,48.3229
16,2806,48.3331
16,2807,48.3433
16,2808,48.3531
16,2809,48.3629
16,2810,48.3732
16,2811,48.3833
16,2812,48.3934
16,2813,48.4033
16,2814,48.4132
16,2815,48.4231
16,2816,48.4331
16,2817,48.4439
16,2818,48.4538
16,2819,48.4637
16,2820,48.4737
16,2821,48.4840
16,2822,48.4939
16,2823,48.5039
16,2824,48.5141
16,2825,48.5242
16,2826,48.5339
16,2827,48.5440
16,2828,48.5542
16,2829,48.5646
16,2830,48.5747
16,2831,48.5846
16,2832,48.5944
16,2833,48.6042
16,2834,48.6143
16,2835,48.6243
16,2836,48.6341
16,2837,48.6443
16,2838,48.6541
16,2839,48.6639
16,2840,48.6740
16,2841,48.6839
16,2842,48.6941
16,2843,48.7040
16,2844,48.7142
16,2845,48.7244
16,2846,48.7348
16,2847,48.7445
16,2848,48.7541
16,2849,48.7642
16,2850,48.7744
16,2851,48.7843
16,2852,48.7948
16,2853,48.8049
16,2854,48.8145
16,2855,48.8248
16,2856,48.8347
16,2857,48.8447
16,2858,48.8544
16,2859,48.8640
16,2860,48.8738
16,2861,48.8837
16,2862,48.8939
16,2863,48.9043
16,2864,48.9143
16,2865,48.9247
16,2866,48.9347
16,2867,48.9446
16,2868,48.9547
16,2869,48.9648
16,2870,48.9752
16,2871,48.9848
16,2872,48.9948
16,2873,49.0052
16,2874,49.0153
16,2875,49.0254
16,2876,49.0353
16,2877,49.0447
16,2878,49.0548
16,2879,49.0647
16,2880,49.0746
16,2881,49.0845
16,2882,49.0943
16,2883,49.1043
16,2884,49.1143
16,2885,49.1243
16,2886,49.1345
16,2887,49.1448
16,2888,49.1549
16,2889,49.1644
16,2890,49.1745
16,2891,49.1842
16,2892,49.1943
16,2893,49.2045
16,2894,49.2144
16,2895,49.2238
16,2896,49.2339
16,2897,49.2439
16,2898,49.2539
16,2899,49.2639
16,2900,49.2737
16,2901,49.2840
16,2902,49.2939
16,2903,49.3039
16,2904,49.3137
16,2905,49.3234
16,2906,49.3336
16,2907,49.3436
16,2908,49.3536
16,2909,49.3631
16,2910,49.3729
16,2911,49.3829
16,2912,49.3927
16,2913,49.4029
16,2914,49.4129
16,2915,49.4228
16,2916,49.4325
16,2917,49.4422
16,2918,49.4521
16,2919,49.4620
16,2920,49.4718
16,2921,49.4815
16,2922,49.4914
16,2923,49.5016
16,2924,49.5114
16,2925,49.5214
16,2926,49.5311
16,2927,49.5407
16,2928,49.5505
16,2929,49.5602
16,2930,49.5703
16,2931,49.5805
16,2932,49.5904
16,2933,49.6003
16,2934,49.6105
16,2935,49.6207
16,2936,49.6305
16,2937,49.6407
16,2938,49.6508
16,2939,49.6612
16,2940,49.6714
16,2941,49.6812
16,2942,49.6908
16,2943,49.7008
16,2944,49.7106
16,2945,49.7201
16,2946,49.7304
16,2947,49.7402
16,2948,49.7501
16,2949,49.7603
16,2950,49.7701
16,2951,49.7799
16,2952,49.7895
16,2953,49.7995
16,2954,49.8093
16,2955,49.8190
16,2956,49.8286
16,2957,49.8384
16,2958,49.8481
16,2959,49.8582
16,2960,49.8677
16,2961,49.8773
16,2962,49.8871
16,2963,49.8968
16,2964,49.9068
16,2965,49.9169
16,2966,49.9269
16,2967,49.9368
16,2968,49.9466
16,2969,49.9565
16,2970,49.9661
16,2971,49.9763
16,2972,49.9861
16,2973,49.9958
16,2974,50.0060
16,2975,50.0160
16,2976,50.0259
16,2977,50.0359
16,2978,50.0458
16,2979,50.0558
16,2980,50.0654
16,2981,50.0754
16,2982,50.0849
16,2983,50.0946
16,2984,50.1044
16,2985,50.1145
16,2986,50.1244
16,2987,50.1341
16,2988,50.1435
16,2989,50.1533
16,2990,50.1639
16,2991,50.1733
16,2992,50.1833
16,2993,50.1927
16,2994,50.2024
16,2995,50.2129
16,2996,50.2231
16,2997,50.2327
16,2998,50.2424
16,2999,50.2518
16,3000,50.2616
16,3001,50.2717
16,3002,50.2814
16,3003,50.2910
16,3004,50.3010
16,3005,50.3108
16,3006,50.3205
16,3007,50.3306
16,3008,50.3403
16,3009,50.3499
16,3010,50.3598
16,3011,50.3693
16,3012,50.3795
16,3013,50.3893
16,3014,50.3986
16,3015,50.4082
16,3016,50.4178
16,3017,50.4272
16,3018,50.4373
16,3019,50.4471
16,3020,50.4568
16,3021,50.4669
16,3022,50.4763
16,3023,50.4862
16,3024,50.4963
16,3025,50.5060
16,3026,50.5154
16,3027,50.5253
16,3028,50.5349
16,3029,50.5449
16,3030,50.5545
16,3031,50.5644
16,3032,50.5741
16,3033,50.5837
16,3034,50.5935
16,3035,50.6034
16,3036,50.6131
16,3037,50.6231
16,3038,50.6324
16,3039,50.6422
16,3040,50.6521
16,3041,50.6616
16,3042,50.6716
16,3043,50.6814
16,3044,50.6913
16,3045,50.7010
16,3046,50.7104
16,3047,50.7206
16,3048,50.7302
16,3049,50.7398
16,3050,50.7495
16,3051,50.7594
16,3052,50.7689
16,3053,50.7788
16,3054,50.7884
16,3055,50.7978
16,3056,50.8073
16,3057,50.8174
16,3058,50.8269
16,3059,50.8365
16,3060,50.8464
16,3061,50.8563
16,3062,50.8661
16,3063,50.8760
16,3064,50.8857
16,3065,50.8953
16,3066,50.9053
16,3067,50.9146
16,3068,50.9247
16,3069,50.9344
16,3070,50.9441
16,3071,50.9537
16,3072,50.9633
16,3073,50.9730
16,3074,50.9825
16,3075,50.9921
16,3076,51.0015
16,3077,51.0113
16,3078,51.0212
16,3079,51.0307
16,3080,51.0401
16,3081,51.0499
16,3082,51.0596
16,3083,51.0696
16,3084,51.0792
16,3085,51.0890
16,3086,51.0983
16,3087,51.1085
16,3088,51.1185
16,3089,51.1282
16,3090,51.1380
16,3091,51.1473
16,3092,51.1571
16,3093,51.1667
16,3094,51.1761
16,3095,51.1854
16,3096,51.1951
16,3097,51.2050
16,3098,51.2149
16,3099,51.2244
16,3100,51.2340
16,3101,51.2436
16,3102,51.2534
16,3103,51.2632
16,3104,51.2727
16,3105,51.2823
16,3106,51.2919
16,3107,51.3013
16,3108,51.3108
16,3109,51.3203
16,3110,51.3297
16,3111,51.3393
16,3112,51.3489
16,3113,51.3586
16,3114,51.3682
16,3115,51.3782
16,3116,51.3879
16,3117,51.3973
16,3118,51.4069
16,3119,51.4164
16,3120,51.4257
16,3121,51.4361
16,3122,51.4456
16,3123,51.4551
16,3124,51.4646
16,3125,51.4741
16,3126,51.4833
16,3127,51.4931
16,3128,51.5031
16,3129,51.5125
16,3130,51.5219
16,3131,51.5316
16,3132,51.5416
16,3133,51.5509
16,3134,51.5605
16,3135,51.5706
16,3136,51.5804
16,3137,51.5904
16,3138,51.6004
16,3139,51.6100
16,3140,51.6198
16,3141,51.6294
16,3142,51.6392
16,3143,51.6490
16,3144,51.6586
16,3145,51.6682
16,3146,51.6776
16,3147,51.6870
16,3148,51.6966
16,3149,51.7063
16,3150,51.7161
16,3151,51.7253
16,3152,51.7348
16,3153,51.7440
16,3154,51.7538
16,3155,51.7635
16,3156,51.7735
16,3157,51.7832
16,3158,51.7928
16,3159,51.8025
16,3160,51.8122
16,3161,51.8216
16,3162,51.8314
16,3163,51.8407
16,3164,51.8501
16,3165,51.8596
16,3166,51.8691
16,3167,51.8784
16,3168,51.8883
16,3169,51.8977
16,3170,51.9071
16,3171,51.9167
16,3172,51.9262
16,3173,51.9357
16,3174,51.9454
16,3175,51.9552
16,3176,51.9647
16,3177,51.9741
16,3178,51.9839
16,3179,51.9934
16,3180,52.0036
16,3181,52.0129
16,3182,52.0223
16,3183,52.0320
16,3184,52.0414
16,3185,52.0514
16,3186,52.0606
16,3187,52.0701
16,3188,52.0805
16,3189,52.0898
16,3190,52.0993
16,3191,52.1087
16,3192,52.1181
16,3193,52.1277
16,3194,52.1374
16,3195,52.1469
16,3196,52.1567
16,3197,52.1660
16,3198,52.1752
16,3199,52.1849
16,3200,52.1952
16,3201,52.2049
16,3202,52.2143
16,3203,52.2239
16,3204,52.2331
16,3205,52.2426
16,3206,52.2519
16,3207,52.2608
16,3208,52.2701
16,3209,52.2797
16,3210,52.2896
16,3211,52.2991
16,3212,52.3086
16,3213,52.3179
16,3214,52.3274
16,3215,52.3368
16,3216,52.3458
16,3217,52.3557
16,3218,52.3650
16,3219,52.3744
16,3220,52.3836
16,3221,52.3933
16,3222,52.4033
16,3223,52.4126
16,3224,52.4218
16,3225,52.4310
16,3226,52.4406
16,3227,52.4502
16,3228,52.4597
16,3229,52.4690
16,3230,52.4787
16,3231,52.4878
16,3232,52.4971
16,3233,52.5070
16,3234,52.5164
16,3235,52.5256
16,3236,52.5355
16,3237,52.5451
16,3238,52.5547
16,3239,52.5642
16,3240,52.5735
16,3241,52.5831
16,3242,52.5925
16,3243,52.6019
16,3244,52.6119
16,3245,52.6217
16,3246,52.6317
16,3247,52.6408
16,3248,52.6504
16,3249,52.6600
16,3250,52.6693
16,3251,52.6786
16,3252,52.6880
16,3253,52.6980
16,3254,52.7070
16,3255,52.7169
16,3256,52.7262
16,3257,52.7356
16,3258,52.7454
16,3259,52.7547
16,3260,52.7644
16,3261,52.7741
16,3262,52.7838
16,3263,52.7932
16,3264,52.8025
16,3265,52.8119
16,3266,52.8217
16,3267,52.8317
16,3268,52.8415
16,3269,52.8508
16,3270,52.8602
16,3271,52.8698
16,3272,52.8794
16,3273,52.8888
16,3274,52.8983
16,3275,52.9080
16,3276,52.9173
16,3277,52.9264
16,3278,52.9362
16,3279,52.9456
16,3280,52.9548
16,3281,52.9641
16,3282,52.9739
16,3283,52.9830
16,3284,52.9925
16,3285,53.0022
16,3286,53.0116
16,3287,53.0207
16,3288,53.0298
16,3289,53.0392
16,3290,53.0485
16,3291,53.0578
16,3292,53.0672
16,3293,53.0767
16,3294,53.0856
16,3295,53.0946
16,3296,53.1036
16,3297,53.1128
16,3298,53.1223
16,3299,53.1315
16,3300,53.1412
16,3301,53.1506
16,3302,53.1595
16,3303,53.1688
16,3304,53.1782
16,3305,53.1879
16,3306,53.1975
16,3307,53.2071
16,3308,53.2166
16,3309,53.2262
16,3310,53.2355
16,3311,53.2446
16,3312,53.2539
16,3313,53.2631
16,3314,53.2724
16,3315,53.2820
16,3316,53.2912
16,3317,53.3004
16,3318,53.3092
16,3319,53.3188
16,3320,53.3283
16,3321,53.3376
16,3322,53.3469
16,3323,53.3561
16,3324,53.3655
16,3325,53.3751
16,3326,53.3849
16,3327,53.3942
16,3328,53.4039
16,3329,53.4133
16,3330,53.4228
16,3331,53.4320
16,3332,53.4417
16,3333,53.4510
16,3334,53.4604
16,3335,53.4696
16,3336,53.4789
16,3337,53.4881
16,3338,53.4975
16,3339,53.5067
16,3340,53.5160
16,3341,53.5254
16,3342,53.5347
16,3343,53.5437
16,3344,53.5528
16,3345,53.5621
16,3346,53.5714
16,3347,53.5807
16,3348,53.5901
16,3349,53.5996
16,3350,53.6090
16,3351,53.6186
16,3352,53.6281
16,3353,53.6376
16,3354,53.6466
16,3355,53.6560
16,3356,53.6652
16,3357,53.6743
16,3358,53.6837
16,3359,53.6929
16,3360,53.7023
16,3361,53.7122
16,3362,53.7213
16,3363,53.7310
16,3364,53.7407
16,3365,53.7498
16,3366,53.7592
16,3367,53.7686
16,3368,53.7780
16,3369,53.7876
16,3370,53.7968
16,3371,53.8064
16,3372,53.8158
16,3373,53.8249
16,3374,53.8341
16,3375,53.8432
16,3376,53.8526
16,3377,53.8616
16,3378,53.8709
16,3379,53.8804
16,3380,53.8900
16,3381,53.8989
16,3382,53.9081
16,3383,53.9173
16,3384,53.9264
16,3385,53.9358
16,3386,53.9450
16,3387,53.9542
16,3388,53.9634
16,3389,53.9730
16,3390,53.9823
16,3391,53.9914
16,3392,54.0011
16,3393,54.0109
16,3394,54.0202
16,3395,54.0296
16,3396,54.0388
16,3397,54.0484
16,3398,54.0579
16,3399,54.0675
16,3400,54.0769
16,3401,54.0865
16,3402,54.0957
16,3403,54.1052
16,3404,54.1146
16,3405,54.1236
16,3406,54.1329
16,3407,54.1420
16,3408,54.1512
16,3409,54.1603
16,3410,54.1698
16,3411,54.1791
16,3412,54.1889
16,3413,54.1978
16,3414,54.2071
16,3415,54.2166
16,3416,54.2256
16,3417,54.2350
16,3418,54.2442
16,3419,54.2535
16,3420,54.2630
16,3421,54.2719
16,3422,54.2814
16,3423,54.2902
16,3424,54.2993
16,3425,54.3087
16,3426,54.3181
16,3427,54.3272
16,3428,54.3366
16,3429,54.3456
16,3430,54.3554
16,3431,54.3649
16,3432,54.3740
16,3433,54.3835
16,3434,54.3927
16,3435,54.4020
16,3436,54.4111
16,3437,54.4201
16,3438,54.4297
16,3439,54.4394
16,3440,54.4491
16,3441,54.4581
16,3442,54.4671
16,3443,54.4765
16,3444,54.4862
16,3445,54.4957
16,3446,54.5050
16,3447,54.5143
16,3448,54.5238
16,3449,54.5332
16,3450,54.5426
16,3451,54.5516
16,3452,54.5612
16,3453,54.5702
16,3454,54.5795
16,3455,54.5884
16,3456,54.5975
16,3457,54.6068
16,3458,54.6159
16,3459,54.6249
16,3460,54.6344
16,3461,54.6441
16,3462,54.6536
16,3463,54.6626
16,3464,54.6718
16,3465,54.6807
16,3466,54.6898
16,3467,54.6991
16,3468,54.7087
16,3469,54.7180
16,3470,54.7270
16,3471,54.7360
16,3472,54.7449
16,3473,54.7541
16,3474,54.7631
16,3475,54.7721
16,3476,54.7814
16,3477,54.7907
16,3478,54.7998
16,3479,54.8090
16,3480,54.8182
16,3481,54.8273
16,3482,54.8366
16,3483,54.8460
16,3484,54.8550
16,3485,54.8645
16,3486,54.8738
16,3487,54.8831
16,3488,54.8922
16,3489,54.9016
16,3490,54.9111
16,3491,54.9204
16,3492,54.9302
16,3493,54.9400
16,3494,54.9498
16,3495,54.9592
16,3496,54.9680
16,3497,54.9774
16,3498,54.9863
16,3499,54.9956
16,3500,55.0048
16,3501,55.0139
16,3502,55.0232
16,3503,55.0324
16,3504,55.0416
16,3505,55.0509
16,3506,55.0597
16,3507,55.0691
16,3508,55.0784
16,3509,55.0876
16,3510,55.0967
16,3511,55.1058
16,3512,55.1148
16,3513,55.1240
16,3514,55.1329
16,3515,55.1418
16,3516,55.1511
16,3517,55.1605
16,3518,55.1700
16,3519,55.1794
16,3520,55.1892
16,3521,55.1983
16,3522,55.2075
16,3523,55.2169
16,3524,55.2260
16,3525,55.2354
16,3526,55.2443
16,3527,55.2535
16,3528,55.2623
16,3529,55.2715
16,3530,55.2804
16,3531,55.2897
16,3532,55.2992
16,3533,55.3086
16,3534,55.3177
16,3535,55.3270
16,3536,55.3360
16,3537,55.3455
16,3538,55.3548
16,3539,55.3634
16,3540,55.3728
16,3541,55.3822
16,3542,55.3916
16,3543,55.4009
16,3544,55.4099
16,3545,55.4192
16,3546,55.4279
16,3547,55.4372
16,3548,55.4465
16,3549,55.4552
16,3550,55.4640
16,3551,55.4733
16,3552,55.4827
16,3553,55.4922
16,3554,55.5015
16,3555,55.5107
16,3556,55.5199
16,3557,55.5291
16,3558,55.5377
16,3559,55.5473
16,3560,55.5566
16,3561,55.5655
16,3562,55.5751
16,3563,55.5844
16,3564,55.5935
16,3565,55.6024
16,3566,55.6116
16,3567,55.6209
16,3568,55.6298
16,3569,55.6388
16,3570,55.6481
16,3571,55.6566
16,3572,55.6656
16,3573,55.6746
16,3574,55.6836
16,3575,55.6932
16,3576,55.7020
16,3577,55.7107
16,3578,55.7198
16,3579,55.7286
16,3580,55.7377
16,3581,55.7469
16,3582,55.7566
16,3583,55.7655
16,3584,55.7746
16,3585,55.7836
16,3586,55.7925
16,3587,55.8019
16,3588,55.8108
16,3589,55.8202
16,3590,55.8297
16,3591,55.8388
16,3592,55.8483
16,3593,55.8573
16,3594,55.8663
16,3595,55.8751
16,3596,55.8842
16,3597,55.8934
16,3598,55.9026
16,3599,55.9112
16,3600,55.9202
16,3601,55.9293
16,3602,55.9378
16,3603,55.9468
16,3604,55.9555
16,3605,55.9648
16,3606,55.9735
16,3607,55.9825
16,3608,55.9912
16,3609,56.0004
16,3610,56.0098
16,3611,56.0188
16,3612,56.0277
16,3613,56.0372
16,3614,56.0463
16,3615,56.0552
16,3616,56.0647
16,3617,56.0736
16,3618,56.0829
16,3619,56.0920
16,3620,56.1011
16,3621,56.1102
16,3622,56.1189
16,3623,56.1282
16,3624,56.1370
16,3625,56.1460
16,3626,56.1543
16,3627,56.1634
16,3628,56.1729
16,3629,56.1823
16,3630,56.1915
16,3631,56.2009
16,3632,56.2094
16,3633,56.2188
16,3634,56.2282
16,3635,56.2369
16,3636,56.2457
16,3637,56.2552
16,3638,56.2643
16,3639,56.2730
16,3640,56.2822
16,3641,56.2914
16,3642,56.3003
16,3643,56.3092
16,3644,56.3183
16,3645,56.3277
16,3646,56.3369
16,3647,56.3457
16,3648,56.3550
16,3649,56.3640
16,3650,56.3731
16,3651,56.3821
16,3652,56.3910
16,3653,56.4001
16,3654,56.4092
16,3655,56.4180
16,3656,56.4270
16,3657,56.4360
16,3658,56.4448
16,3659,56.4540
16,3660,56.4629
16,3661,56.4719
16,3662,56.4809
16,3663,56.4898
16,3664,56.4987
16,3665,56.5079
16,3666,56.5171
16,3667,56.5259
16,3668,56.5349
16,3669,56.5437
16,3670,56.5528
16,3671,56.5619
16,3672,56.5709
16,3673,56.5800
16,3674,56.5888
16,3675,56.5982
16,3676,56.6066
16,3677,56.6151
16,3678,56.6240
16,3679,56.6328
16,3680,56.6417
16,3681,56.6509
16,3682,56.6600
16,3683,56.6692
16,3684,56.6781
16,3685,56.6869
16,3686,56.6958
16,3687,56.7049
16,3688,56.7139
16,3689,56.7231
16,3690,56.7318
16,3691,56.7407
16,3692,56.7501
16,3693,56.7596
16,3694,56.7687
16,3695,56.7780
16,3696,56.7870
16,3697,56.7961
16,3698,56.8051
16,3699,56.8139
16,3700,56.8230
16,3701,56.8322
16,3702,56.8409
16,3703,56.8500
16,3704,56.8590
16,3705,56.8679
16,3706,56.8771
16,3707,56.8862
16,3708,56.8954
16,3709,56.9042
16,3710,56.9133
16,3711,56.9220
16,3712,56.9310
16,3713,56.9402
16,3714,56.9492
16,3715,56.9579
16,3716,56.9669
16,3717,56.9759
16,3718,56.9847
16,3719,56.9936
16,3720,57.0027
16,3721,57.0118
16,3722,57.0205
16,3723,57.0294
16,3724,57.0388
16,3725,57.0477
16,3726,57.0567
16,3727,57.0655
16,3728,57.0740
16,3729,57.0831
16,3730,57.0921
16,3731,57.1010
16,3732,57.1099
16,3733,57.1191
16,3734,57.1282
16,3735,57.1371
16,3736,57.1462
16,3737,57.1550
16,3738,57.1639
16,3739,57.1726
16,3740,57.1814
16,3741,57.1905
16,3742,57.1994
16,3743,57.2084
16,3744,57.2176
16,3745,57.2264
16,3746,57.2354
16,3747,57.2441
16,3748,57.2533
16,3749,57.2620
16,3750,57.2711
16,3751,57.2802
16,3752,57.2890
16,3753,57.2983
16,3754,57.3076
16,3755,57.3163
16,3756,57.3254
16,3757,57.3344
16,3758,57.3432
16,3759,57.3519
16,3760,57.3609
16,3761,57.3701
16,3762,57.3790
16,3763,57.3878
16,3764,57.3968
16,3765,57.4056
16,3766,57.4145
16,3767,57.4233
16,3768,57.4323
16,3769,57.4411
16,3770,57.4500
16,3771,57.4585
16,3772,57.4676
16,3773,57.4771
16,3774,57.4860
16,3775,57.4950
16,3776,57.5036
16,3777,57.5124
16,3778,57.5208
16,3779,57.5296
16,3780,57.5389
16,3781,57.5478
16,3782,57.5568
16,3783,57.5662
16,3784,57.5752
16,3785,57.5843
16,3786,57.5932
16,3787,57.6022
16,3788,57.6111
16,3789,57.6202
16,3790,57.6292
16,3791,57.6379
16,3792,57.6469
16,3793,57.6560
16,3794,57.6650
16,3795,57.6736
16,3796,57.6826
16,3797,57.6913
16,3798,57.7005
16,3799,57.7091
16,3800,57.7182
16,3801,57.7271
16,3802,57.7359
16,3803,57.7446
16,3804,57.7537
16,3805,57.7628
16,3806,57.7716
16,3807,57.7805
16,3808,57.7892
16,3809,57.7979
16,3810,57.8070
16,3811,57.8158
16,3812,57.8246
16,3813,57.8333
16,3814,57.8421
16,3815,57.8512
16,3816,57.8604
16,3817,57.8693
16,3818,57.8780
16,3819,57.8864
16,3820,57.8955
16,3821,57.9043
16,3822,57.9136
16,3823,57.9225
16,3824,57.9313
16,3825,57.9403
16,3826,57.9492
16,3827,57.9580
16,3828,57.9665
16,3829,57.9755
16,3830,57.9846
16,3831,57.9935
16,3832,58.0022
16,3833,58.0112
16,3834,58.0199
16,3835,58.0290
16,3836,58.0377
16,3837,58.0471
16,3838,58.0560
16,3839,58.0649
16,3840,58.0737
16,3841,58.0827
16,3842,58.0918
16,3843,58.1009
16,3844,58.1097
16,3845,58.1189
16,3846,58.1278
16,3847,58.1370
16,3848,58.1453
16,3849,58.1540
16,3850,58.1630
16,3851,58.1720
16,3852,58.1810
16,3853,58.1900
16,3854,58.1992
16,3855,58.2079
16,3856,58.2163
16,3857,58.2253
16,3858,58.2340
16,3859,58.2432
16,3860,58.2519
16,3861,58.2604
16,3862,58.2691
16,3863,58.2781
16,3864,58.2871
16,3865,58.2960
16,3866,58.3046
16,3867,58.3135
16,3868,58.3226
16,3869,58.3320
16,3870,58.3406
16,3871,58.3497
16,3872,58.3584
16,3873,58.3673
16,3874,58.3761
16,3875,58.3850
16,3876,58.3939
16,3877,58.4029
16,3878,58.4119
16,3879,58.4207
16,3880,58.4297
16,3881,58.4384
16,3882,58.4473
16,3883,58.4564
16,3884,58.4648
16,3885,58.4737
16,3886,58.4825
16,3887,58.4913
16,3888,58.4999
16,3889,58.5088
16,3890,58.5174
16,3891,58.5261
16,3892,58.5353
16,3893,58.5445
16,3894,58.5536
16,3895,58.5624
16,3896,58.5711
16,3897,58.5802
16,3898,58.5892
16,3899,58.5977
16,3900,58.6067
16,3901,58.6153
16,3902,58.6240
16,3903,58.6328
16,3904,58.6416
16,3905,58.6503
16,3906,58.6590
16,3907,58.6681
16,3908,58.6767
16,3909,58.6858
16,3910,58.6946
16,3911,58.7036
16,3912,58.7126
16,3913,58.7214
16,3914,58.7299
16,3915,58.7389
16,3916,58.7475
16,3917,58.7562
16,3918,58.7652
16,3919,58.7741
16,3920,58.7827
16,3921,58.7916
16,3922,58.8003
16,3923,58.8092
16,3924,58.8179
16,3925,58.8267
16,3926,58.8353
16,3927,58.8443
16,3928,58.8533
16,3929,58.8620
16,3930,58.8712
16,3931,58.8803
16,3932,58.8889
16,3933,58.8978
16,3934,58.9066
16,3935,58.9154
16,3936,58.9240
16,3937,58.9329
16,3938,58.9416
16,3939,58.9505
16,3940,58.9594
16,3941,58.9681
16,3942,58.9772
16,3943,58.9858
16,3944,58.9944
16,3945,59.0031
16,3946,59.0116
16,3947,59.0207
16,3948,59.0299
16,3949,59.0385
16,3950,59.0472
16,3951,59.0559
16,3952,59.0648
16,3953,59.0738
16,3954,59.0826
16,3955,59.0912
16,3956,59.0999
16,3957,59.1081
16,3958,59.1168
16,3959,59.1255
16,3960,59.1342
16,3961,59.1435
16,3962,59.1523
16,3963,59.1609
16,3964,59.1695
16,3965,59.1783
16,3966,59.1870
16,3967,59.1956
16,3968,59.2045
16,3969,59.2130
16,3970,59.2217
16,3971,59.2305
16,3972,59.2393
16,3973,59.2480
16,3974,59.2564
16,3975,59.2653
16,3976,59.2737
16,3977,59.2825
16,3978,59.2912
16,3979,59.3003
16,3980,59.3091
16,3981,59.3178
16,3982,59.3264
16,3983,59.3352
16,3984,59.3437
16,3985,59.3518
16,3986,59.3600
16,3987,59.3684
16,3988,59.3771
16,3989,59.3859
16,3990,59.3947
16,3991,59.4031
16,3992,59.4120
16,3993,59.4211
16,3994,59.4296
16,3995,59.4383
16,3996,59.4470
16,3997,59.4559
16,3998,59.4646
16,3999,59.4735
16,4000,59.4823
16,4001,59.4908
16,4002,59.4997
16,4003,59.5086
16,4004,59.5173
16,4005,59.5260
16,4006,59.5344
16,4007,59.5428
16,4008,59.5514
16,4009,59.5603
16,4010,59.5691
16,4011,59.5776
16,4012,59.5865
16,4013,59.5950
16,4014,59.6034
16,4015,59.6121
16,4016,59.6207
16,4017,59.6299
16,4018,59.6387
16,4019,59.6475
16,4020,59.6564
16,4021,59.6653
16,4022,59.6740
16,4023,59.6828
16,4024,59.6913
16,4025,59.7001
16,4026,59.7089
16,4027,59.7178
16,4028,59.7265
16,4029,59.7350
16,4030,59.7438
16,4031,59.7522
16,4032,59.7607
16,4033,59.7694
16,4034,59.7781
16,4035,59.7866
16,4036,59.7955
16,4037,59.8043
16,4038,59.8126
16,4039,59.8217
16,4040,59.8302
16,4041,59.8390
16,4042,59.8478
16,4043,59.8568
16,4044,59.8655
16,4045,59.8740
16,4046,59.8823
16,4047,59.8911
16,4048,59.8998
16,4049,59.9085
16,4050,59.9173
16,4051,59.9259
16,4052,59.9345
16,4053,59.9433
16,4054,59.9520
16,4055,59.9607
16,4056,59.9692
16,4057,59.9779
16,4058,59.9867
16,4059,59.9956
16,4060,60.0044
16,4061,60.0131
16,4062,60.0214
16,4063,60.0302
16,4064,60.0386
16,4065,60.0471
16,4066,60.0556
16,4067,60.0649
16,4068,60.0735
16,4069,60.0822
16,4070,60.0910
16,4071,60.0997
16,4072,60.1080
16,4073,60.1164
16,4074,60.1247
16,4075,60.1329
16,4076,60.1419
16,4077,60.1506
16,4078,60.1595
16,4079,60.1682
16,4080,60.1769
16,4081,60.1856
16,4082,60.1944
16,4083,60.2030
16,4084,60.2114
16,4085,60.2201
16,4086,60.2288
16,4087,60.2374
16,4088,60.2463
16,4089,60.2550
16,4090,60.2634
16,4091,60.2718
16,4092,60.2803
16,4093,60.2890
16,4094,60.2974
16,4095,60.3061
16,4096,60.3149
16,4097,60.3237
16,4098,60.3321
16,4099,60.3405
16,4100,60.3495
16,4101,60.3581
16,4102,60.3670
16,4103,60.3754
16,4104,60.3839
16,4105,60.3924
16,4106,60.4012
16,4107,60.4098
16,4108,60.4184
16,4109,60.4271
16,4110,60.4358
16,4111,60.4445
16,4112,60.4533
16,4113,60.4624
16,4114,60.4710
16,4115,60.4796
16,4116,60.4883
16,4117,60.4972
16,4118,60.5059
16,4119,60.5149
16,4120,60.5235
16,4121,60.5325
16,4122,60.5409
16,4123,60.5500
16,4124,60.5588
16,4125,60.5678
16,4126,60.5767
16,4127,60.5850
16,4128,60.5937
16,4129,60.6023
16,4130,60.6110
16,4131,60.6196
16,4132,60.6281
16,4133,60.6364
16,4134,60.6449
16,4135,60.6533
16,4136,60.6623
16,4137,60.6708
16,4138,60.6795
16,4139,60.6880
16,4140,60.6964
16,4141,60.7050
16,4142,60.7139
16,4143,60.7225
16,4144,60.7312
16,4145,60.7395
16,4146,60.7479
16,4147,60.7570
16,4148,60.7655
16,4149,60.7742
16,4150,60.7826
16,4151,60.7914
16,4152,60.7998
16,4153,60.8081
16,4154,60.8168
16,4155,60.8254
16,4156,60.8342
16,4157,60.8432
16,4158,60.8516
16,4159,60.8603
16,4160,60.8689
16,4161,60.8776
16,4162,60.8858
16,4163,60.8945
16,4164,60.9029
16,4165,60.9117
16,4166,60.9201
16,4167,60.9287
16,4168,60.9374
16,4169,60.9463
16,4170,60.9551
16,4171,60.9640
16,4172,60.9725
16,4173,60.9810
16,4174,60.9891
16,4175,60.9979
16,4176,61.0063
16,4177,61.0151
16,4178,61.0238
16,4179,61.0324
16,4180,61.0410
16,4181,61.0497
16,4182,61.0580
16,4183,61.0668
16,4184,61.0755
16,4185,61.0844
16,4186,61.0929
16,4187,61.1015
16,4188,61.1098
16,4189,61.1182
16,4190,61.1266
16,4191,61.1351
16,4192,61.1442
16,4193,61.1526
16,4194,61.1613
16,4195,61.1697
16,4196,61.1785
16,4197,61.1869
16,4198,61.1953
16,4199,61.2039
16,4200,61.2123
16,4201,61.2208
16,4202,61.2295
16,4203,61.2381
16,4204,61.2463
16,4205,61.2553
16,4206,61.2636
16,4207,61.2721
16,4208,61.2808
16,4209,61.2898
16,4210,61.2988
16,4211,61.3075
16,4212,61.3157
16,4213,61.3242
16,4214,61.3329
16,4215,61.3417
16,4216,61.3503
16,4217,61.3590
16,4218,61.3674
16,4219,61.3764
16,4220,61.3850
16,4221,61.3934
16,4222,61.4023
16,4223,61.4106
16,4224,61.4188
16,4225,61.4277
16,4226,61.4361
16,4227,61.4447
16,4228,61.4537
16,4229,61.4621
16,4230,61.4707
16,4231,61.4787
16,4232,61.4874
16,4233,61.4961
16,4234,61.5043
16,4235,61.5127
16,4236,61.5213
16,4237,61.5297
16,4238,61.5384
16,4239,61.5466
16,4240,61.5553
16,4241,61.5640
16,4242,61.5727
16,4243,61.5813
16,4244,61.5895
16,4245,61.5975
16,4246,61.6060
16,4247,61.6144
16,4248,61.6228
16,4249,61.6312
16,4250,61.6400
16,4251,61.6484
16,4252,61.6568
16,4253,61.6653
16,4254,61.6736
16,4255,61.6824
16,4256,61.6910
16,4257,61.6994
16,4258,61.7078
16,4259,61.7162
16,4260,61.7250
16,4261,61.7335
16,4262,61.7420
16,4263,61.7507
16,4264,61.7465
16,4265,61.7551
16,4266,61.7635
16,4267,61.7722
16,4268,61.7805
16,4269,61.7889
16,4270,61.7973
16,4271,61.8060
16,4272,61.8143
16,4273,61.8229
16,4274,61.8316
16,4275,61.8401
16,4276,61.8487
16,4277,61.8569
16,4278,61.8653
16,4279,61.8736
16,4280,61.8820
16,4281,61.8906
16,4282,61.8988
16,4283,61.9076
16,4284,61.9165
16,4285,61.9249
16,4286,61.9333
16,4287,61.9421
16,4288,61.9506
16,4289,61.9589
16,4290,61.9675
16,4291,61.9760
16,4292,61.9845
16,4293,61.9935
16,4294,62.0019
16,4295,62.0106
16,4296,62.0187
16,4297,62.0274
16,4298,62.0357
16,4299,62.0445
16,4300,62.0529
16,4301,62.0615
16,4302,62.0698
16,4303,62.0781
16,4304,62.0867
16,4305,62.0950
16,4306,62.1031
16,4307,62.1114
16,4308,62.1201
16,4309,62.1284
16,4310,62.1368
16,4311,62.1449
16,4312,62.1536
16,4313,62.1622
16,4314,62.1705
16,4315,62.1789
16,4316,62.1874
16,4317,62.1958
16,4318,62.2043
16,4319,62.2128
16,4320,62.2215
16,4321,62.2298
16,4322,62.2383
16,4323,62.2470
16,4324,62.2552
16,4325,62.2636
16,4326,62.2723
16,4327,62.2806
16,4328,62.2892
16,4329,62.2976
16,4330,62.3058
16,4331,62.3141
16,4332,62.3227
16,4333,62.3310
16,4334,62.3392
16,4335,62.3476
16,4336,62.3559
16,4337,62.3644
16,4338,62.3730
16,4339,62.3817
16,4340,62.3901
16,4341,62.3988
16,4342,62.4069
16,4343,62.4153
16,4344,62.4238
16,4345,62.4322
16,4346,62.4408
16,4347,62.4492
16,4348,62.4579
16,4349,62.4666
16,4350,62.4752
16,4351,62.4833
16,4352,62.4915
16,4353,62.5001
16,4354,62.5082
16,4355,62.5165
16,4356,62.5249
16,4357,62.5335
16,4358,62.5424
16,4359,62.5506
16,4360,62.5590
16,4361,62.5676
16,4362,62.5756
16,4363,62.5842
16,4364,62.5924
16,4365,62.6009
16,4366,62.6094
16,4367,62.6176
16,4368,62.6120
16,4369,62.6204
16,4370,62.6291
16,4371,62.6380
16,4372,62.6464
16,4373,62.6548
16,4374,62.6634
16,4375,62.6717
16,4376,62.6799
16,4377,62.6883
16,4378,62.6969
16,4379,62.7055
16,4380,62.7140
16,4381,62.7220
16,4382,62.7215
16,4383,62.7298
16,4384,62.7386
16,4385,62.7472
16,4386,62.7450
16,4387,62.7529
16,4388,62.7611
16,4389,62.7694
16,4390,62.7776
16,4391,62.7859
16,4392,62.7943
16,4393,62.8024
16,4394,62.8108
16,4395,62.8191
16,4396,62.8279
16,4397,62.8363
16,4398,62.8446
16,4399,62.8526
16,4400,62.8608
16,4401,62.8692
16,4402,62.8777
16,4403,62.8861
16,4404,62.8942
16,4405,62.8925
16,4406,62.9006
16,4407,62.9091
16,4408,62.9175
16,4409,62.9261
16,4410,62.9348
16,4411,62.9431
16,4412,62.9515
16,4413,62.9599
16,4414,62.9684
16,4415,62.9774
16,4416,62.9747
16,4417,62.9832
16,4418,62.9779
16,4419,62.9862
16,4420,62.9944
16,4421,63.0034
16,4422,63.0116
16,4423,63.0198
16,4424,63.0281
16,4425,63.0364
16,4426,63.0445
16,4427,63.0528
16,4428,63.0610
16,4429,63.0695
16,4430,63.0777
16,4431,63.0861
16,4432,63.0945
16,4433,63.1032
16,4434,63.1115
16,4435,63.1121
16,4436,63.1205
16,4437,63.1179
16,4438,63.1263
16,4439,63.1347
16,4440,63.1431
16,4441,63.1509
16,4442,63.1428
16,4443,63.1386
16,4444,63.1468
16,4445,63.1549
16,4446,63.1634
16,4447,63.1598
16,4448,63.1682
16,4449,63.1768
16,4450,63.1853
16,4451,63.1937
16,4452,63.2022
16,4453,63.2105
16,4454,63.2189
16,4455,63.2133
16,4456,63.2221
16,4457,63.2304
16,4458,63.2387
16,4459,63.2470
16,4460,63.2553
16,4461,63.2417
16,4462,63.2499
16,4463,63.2579
16,4464,63.2665
16,4465,63.2748
16,4466,63.2834
16,4467,63.2776
16,4468,63.2857
16,4469,63.2940
16,4470,63.3021
16,4471,63.3106
16,4472,63.3191
16,4473,63.3193
16,4474,63.3277
16,4475,63.3362
16,4476,63.3447
16,4477,63.3533
16,4478,63.3616
16,4479,63.3700
16,4480,63.3783
16,4481,63.3867
16,4482,63.3950
16,4483,63.4037
16,4484,63.4120
16,4485,63.4036
16,4486,63.4118
16,4487,63.3974
16,4488,63.3957
16,4489,63.4041
16,4490,63.4123
16,4491,63.4092
16,4492,63.4011
16,4493,63.4095
16,4494,63.4178
16,4495,63.4262
16,4496,63.4240
16,4497,63.4325
16,4498,63.4408
16,4499,63.4489
16,4500,63.4417
16,4501,63.4500
16,4502,63.4583
16,4503,63.4512
16,4504,63.4600
16,4505,63.4685
16,4506,63.4768
16,4507,63.4850
16,4508,63.4934
16,4509,63.4617
16,4510,63.4696
16,4511,63.4569
16,4512,63.4652
16,4513,63.4731
16,4514,63.4814
16,4515,63.4900
16,4516,63.4984
16,4517,63.5068
16,4518,63.5151
16,4519,63.5231
16,4520,63.5316
16,4521,63.5398
16,4522,63.5478
16,4523,63.5557
16,4524,63.5643
16,4525,63.5724
16,4526,63.5751
16,4527,63.5835
16,4528,63.5914
16,4529,63.5996
16,4530,63.6077
16,4531,63.6162
16,4532,63.6244
16,4533,63.6328
16,4534,63.6412
16,4535,63.6493
16,4536,63.6574
16,4537,63.6661
16,4538,63.6744
16,4539,63.6310
16,4540,63.6300
16,4541,63.6381
16,4542,63.6459
16,4543,63.6451
16,4544,63.6282
16,4545,63.6363
16,4546,63.6446
16,4547,63.6528
16,4548,63.6610
16,4549,63.6693
16,4550,63.6514
16,4551,63.6594
16,4552,63.6674
16,4553,63.6758
16,4554,63.6582
16,4555,63.6668
16,4556,63.6747
16,4557,63.6827
16,4558,63.6910
16,4559,63.6996
16,4560,63.7075
16,4561,63.7158
16,4562,63.7241
16,4563,63.7324
16,4564,63.7407
16,4565,63.7488
16,4566,63.7571
16,4567,63.7655
16,4568,63.7738
16,4569,63.7820
16,4570,63.7904
16,4571,63.7986
16,4572,63.8067
16,4573,63.8147
16,4574,63.8226
16,4575,63.8200
16,4576,63.8278
16,4577,63.8360
16,4578,63.8445
16,4579,63.8526
16,4580,63.8609
16,4581,63.8690
16,4582,63.8772
16,4583,63.8774
16,4584,63.8854
16,4585,63.8866
16,4586,63.8947
16,4587,63.9027
16,4588,63.9112
16,4589,63.9194
16,4590,63.9274
16,4591,63.9098
16,4592,63.9179
16,4593,63.9263
16,4594,63.9342
16,4595,63.9420
16,4596,63.9500
16,4597,63.9583
16,4598,63.9663
16,4599,63.9744
16,4600,63.9729
16,4601,63.9813
16,4602,63.9893
16,4603,63.9885
16,4604,63.9963
16,4605,64.0046
16,4606,64.0127
16,4607,64.0211
16,4608,64.0159
16,4609,64.0164
16,4610,64.0243
16,4611,64.0322
16,4612,64.0404
16,4613,64.0486
16,4614,64.0570
16,4615,64.0580
16,4616,64.0659
16,4617,64.0743
16,4618,64.0821
16,4619,64.0905
16,4620,64.0920
16,4621,64.1005
16,4622,64.1084
16,4623,64.1167
16,4624,64.1250
16,4625,64.1336
16,4626,64.1419
16,4627,64.1498
16,4628,64.1580
16,4629,64.1659
16,4630,64.1599
16,4631,64.1343
16,4632,64.1428
16,4633,64.1510
16,4634,64.1593
16,4635,64.1671
16,4636,64.1753
16,4637,64.1837
16,4638,64.1917
16,4639,64.2002
16,4640,64.2084
16,4641,64.2165
16,4642,64.2202
16,4643,64.2174
16,4644,64.2255
16,4645,64.2337
16,4646,64.2279
16,4647,64.2362
16,4648,64.2445
16,4649,64.2527
16,4650,64.2605
16,4651,64.2683
16,4652,64.2767
16,4653,64.2848
16,4654,64.2929
16,4655,64.3011
16,4656,64.3092
16,4657,64.3173
16,4658,64.3257
16,4659,64.3269
16,4660,64.3351
16,4661,64.3434
16,4662,64.3437
16,4663,64.3513
16,4664,64.3597
16,4665,64.3677
16,4666,64.3689
16,4667,64.3774
16,4668,64.3772
16,4669,64.3858
16,4670,64.3818
16,4671,64.3901
16,4672,64.3986
16,4673,64.4007
16,4674,64.3933
16,4675,64.4015
16,4676,64.4095
16,4677,64.4174
16,4678,64.4255
16,4679,64.4336
16,4680,64.4416
16,4681,64.4493
16,4682,64.4575
16,4683,64.4653
16,4684,64.4734
16,4685,64.4625
16,4686,64.4702
16,4687,64.4781
16,4688,64.4783
16,4689,64.4863
16,4690,64.4913
16,4691,64.4987
16,4692,64.5001
16,4693,64.5081
16,4694,64.5163
16,4695,64.5239
16,4696,64.5323
16,4697,64.5405
16,4698,64.5484
16,4699,64.5469
16,4700,64.5550
16,4701,64.5632
16,4702,64.5713
16,4703,64.5793
16,4704,64.5819
16,4705,64.5897
16,4706,64.5903
16,4707,64.5985
16,4708,64.6072
16,4709,64.6156
16,4710,64.6170
16,4711,64.6186
16,4712,64.6266
16,4713,64.6347
16,4714,64.6429
16,4715,64.6429
16,4716,64.6510
16,4717,64.6519
16,4718,64.6500
16,4719,64.6586
16,4720,64.6663
16,4721,64.6505
16,4722,64.6586
16,4723,64.6668
16,4724,64.6706
16,4725,64.6663
16,4726,64.6743
16,4727,64.6822
16,4728,64.6902
16,4729,64.6985
16,4730,64.7068
16,4731,64.7099
16,4732,64.7158
16,4733,64.7182
16,4734,64.7260
16,4735,64.7337
16,4736,64.7257
16,4737,64.7300
16,4738,64.7380
16,4739,64.7410
16,4740,64.7342
16,4741,64.7420
16,4742,64.7352
16,4743,64.7433
16,4744,64.7492
16,4745,64.7507
16,4746,64.7592
16,4747,64.7677
16,4748,64.7758
16,4749,64.7832
16,4750,64.7914
16,4751,64.7901
16,4752,64.7981
16,4753,64.8016
16,4754,64.8015
16,4755,64.8100
16,4756,64.8086
16,4757,64.8165
16,4758,64.8245
16,4759,64.8228
16,4760,64.8248
16,4761,64.8102
16,4762,64.8116
16,4763,64.8159
16,4764,64.8234
16,4765,64.8313
16,4766,64.8395
16,4767,64.8474
16,4768,64.8535
16,4769,64.8617
16,4770,64.8611
16,4771,64.8691
16,4772,64.8769
16,4773,64.8847
16,4774,64.8875
16,4775,64.8892
16,4776,64.8915
16,4777,64.8998
16,4778,64.9046
16,4779,64.9128
16,4780,64.9170
16,4781,64.9139
16,4782,64.9219
16,4783,64.9301
16,4784,64.9281
16,4785,64.9240
16,4786,64.9323
16,4787,64.9403
16,4788,64.9396
16,4789,64.9477
16,4790,64.9506
16,4791,64.9582
16,4792,64.9490
16,4793,64.9466
16,4794,64.9512
16,4795,64.9596
16,4796,64.9676
16,4797,64.9694
16,4798,64.9776
16,4799,64.9811
16,4800,64.9725
16,4801,64.9801
16,4802,64.9877
16,4803,64.9954
16,4804,65.0031
16,4805,64.9987
16,4806,64.9936
16,4807,65.0019
16,4808,65.0092
16,4809,65.0171
16,4810,65.0251
16,4811,65.0283
16,4812,65.0321
16,4813,65.0399
16,4814,65.0480
16,4815,65.0471
16,4816,65.0310
16,4817,65.0362
16,4818,65.0309
16,4819,65.0359
16,4820,65.0106
16,4821,65.0189
16,4822,65.0268
16,4823,65.0344
16,4824,65.0425
16,4825,65.0508
16,4826,65.0494
16,4827,65.0574
16,4828,65.0502
16,4829,65.0582
16,4830,65.0514
16,4831,65.0593
16,4832,65.0672
16,4833,65.0746
16,4834,65.0805
16,4835,65.0850
16,4836,65.0863
16,4837,65.0941
16,4838,65.0965
16,4839,65.0816
16,4840,65.0864
16,4841,65.0843
16,4842,65.0887
16,4843,65.0789
16,4844,65.0789
16,4845,65.0869
16,4846,65.0947
16,4847,65.0963
16,4848,65.0987
16,4849,65.0993
16,4850,65.1010
16,4851,65.1086
16,4852,65.1130
16,4853,65.1201
16,4854,65.1282
16,4855,65.1360
16,4856,65.1331
16,4857,65.1407
16,4858,65.1487
16,4859,65.1466
16,4860,65.1499
16,4861,65.1492
16,4862,65.1403
16,4863,65.1396
16,4864,65.1476
16,4865,65.1552
16,4866,65.1626
16,4867,65.1703
16,4868,65.1734
16,4869,65.1700
16,4870,65.1723
16,4871,65.1803
16,4872,65.1808
16,4873,65.1837
16,4874,65.1896
16,4875,65.1971
16,4876,65.2049
16,4877,65.2126
16,4878,65.2204
16,4879,65.2281
16,4880,65.2266
16,4881,65.2288
16,4882,65.2311
16,4883,65.2384
16,4884,65.2466
16,4885,65.2477
16,4886,65.2554
16,4887,65.2632
16,4888,65.2706
16,4889,65.2749
16,4890,65.2831
16,4891,65.2914
16,4892,65.2992
16,4893,65.3075
16,4894,65.3100
16,4895,65.3073
16,4896,65.3049
16,4897,65.3123
16,4898,65.3202
16,4899,65.3203
16,4900,65.3141
16,4901,65.3220
16,4902,65.3268
16,4903,65.3311
16,4904,65.3344
16,4905,65.3421
16,4906,65.3502
16,4907,65.3582
16,4908,65.3657
16,4909,65.3736
16,4910,65.3812
16,4911,65.3837
16,4912,65.3907
16,4913,65.3987
16,4914,65.4068
16,4915,65.4150
16,4916,65.4227
16,4917,65.4281
16,4918,65.4357
16,4919,65.4431
16,4920,65.4510
16,4921,65.4590
16,4922,65.4668
16,4923,65.4746
16,4924,65.4823
16,4925,65.4905
16,4926,65.4987
16,4927,65.5065
16,4928,65.5144
16,4929,65.5215
16,4930,65.5292
16,4931,65.5371
16,4932,65.5434
16,4933,65.5510
16,4934,65.5527
16,4935,65.5572
16,4936,65.5651
16,4937,65.5731
16,4938,65.5807
16,4939,65.5884
16,4940,65.5963
16,4941,65.6039
16,4942,65.6026
16,4943,65.6103
16,4944,65.6162
16,4945,65.6242
16,4946,65.6318
16,4947,65.6330
16,4948,65.6338
16,4949,65.6415
16,4950,65.6492
16,4951,65.6574
16,4952,65.6646
16,4953,65.6723
16,4954,65.6804
16,4955,65.6885
16,4956,65.6883
16,4957,65.6923
16,4958,65.6926
16,4959,65.6945
16,4960,65.7022
16,4961,65.7094
16,4962,65.7173
16,4963,65.7247
16,4964,65.7323
16,4965,65.7400
16,4966,65.7482
16,4967,65.7560
16,4968,65.7636
16,4969,65.7717
16,4970,65.7794
16,4971,65.7871
16,4972,65.7914
16,4973,65.7994
16,4974,65.8058
16,4975,65.8099
16,4976,65.8148
16,4977,65.8199
16,4978,65.8229
16,4979,65.8308
16,4980,65.8314
16,4981,65.8391
16,4982,65.8470
16,4983,65.8547
16,4984,65.8625
16,4985,65.8707
16,4986,65.8779
16,4987,65.8854
16,4988,65.8895
16,4989,65.8975
16,4990,65.9057
16,4991,65.9148
16,4992,65.9229
16,4993,65.9309
16,4994,65.9357
16,4995,65.9435
16,4996,65.9463
16,4997,65.9542
16,4998,65.9623
16,4999,65.9713
16,5000,65.9784
32,1,0.0000
32,2,0.5104
32,3,0.7383
32,4,0.8945
32,5,1.0457
32,6,1.1760
32,7,1.3039
32,8,1.4181
32,9,1.5270
32,10,1.6369
32,11,1.7194
32,12,1.8011
32,13,1.8938
32,14,1.9939
32,15,2.0823
32,16,2.1554
32,17,2.2107
32,18,2.2699
32,19,2.3275
32,20,2.3856
32,21,2.4652
32,22,2.5271
32,23,2.5821
32,24,2.6498
32,25,2.7039
32,26,2.7686
32,27,2.8354
32,28,2.8911
32,29,2.9384
32,30,2.9997
32,31,3.0613
32,32,3.1221
32,33,3.1850
32,34,3.2347
32,35,3.2768
32,36,3.3155
32,37,3.3539
32,38,3.3953
32,39,3.4415
32,40,3.4933
32,41,3.5324
32,42,3.5808
32,43,3.6228
32,44,3.6626
32,45,3.7151
32,46,3.7579
32,47,3.8009
32,48,3.8433
32,49,3.8896
32,50,3.9353
32,51,3.9781
32,52,4.0180
32,53,4.0745
32,54,4.1130
32,55,4.1544
32,56,4.1983
32,57,4.2427
32,58,4.2759
32,59,4.3162
32,60,4.3558
32,61,4.3920
32,62,4.4310
32,63,4.4652
32,64,4.4960
32,65,4.5251
32,66,4.5658
32,67,4.6007
32,68,4.6366
32,69,4.6822
32,70,4.7198
32,71,4.7561
32,72,4.7977
32,73,4.8383
32,74,4.8726
32,75,4.9129
32,76,4.9480
32,77,4.9828
32,78,5.0185
32,79,5.0457
32,80,5.0825
32,81,5.1169
32,82,5.1497
32,83,5.1812
32,84,5.2170
32,85,5.2573
32,86,5.2919
32,87,5.3243
32,88,5.3571
32,89,5.3884
32,90,5.4209
32,91,5.4570
32,92,5.4932
32,93,5.5240
32,94,5.5501
32,95,5.5864
32,96,5.6203
32,97,5.6478
32,98,5.6827
32,99,5.7196
32,100,5.7515
32,101,5.7858
32,102,5.8170
32,103,5.8490
32,104,5.8838
32,105,5.9111
32,106,5.9411
32,107,5.9698
32,108,5.9964
32,109,6.0248
32,110,6.0525
32,111,6.0844
32,112,6.1152
32,113,6.1449
32,114,6.1776
32,115,6.2054
32,116,6.2372
32,117,6.2664
32,118,6.2940
32,119,6.3284
32,120,6.3569
32,121,6.3926
32,122,6.4238
32,123,6.4538
32,124,6.4815
32,125,6.5106
32,126,6.5387
32,127,6.5694
32,128,6.5922
32,129,6.6216
32,130,6.6456
32,131,6.6744
32,132,6.7007
32,133,6.7274
32,134,6.7587
32,135,6.7813
32,136,6.8064
32,137,6.8319
32,138,6.8620
32,139,6.8894
32,140,6.9130
32,141,6.9423
32,142,6.9743
32,143,6.9995
32,144,7.0283
32,145,7.0595
32,146,7.0834
32,147,7.1137
32,148,7.1453
32,149,7.1689
32,150,7.1899
32,151,7.2108
32,152,7.2377
32,153,7.2609
32,154,7.2844
32,155,7.3073
32,156,7.3350
32,157,7.3634
32,158,7.3895
32,159,7.4174
32,160,7.4357
32,161,7.4608
32,162,7.4854
32,163,7.5112
32,164,7.5350
32,165,7.5594
32,166,7.5882
32,167,7.6152
32,168,7.6398
32,169,7.6638
32,170,7.6876
32,171,7.7130
32,172,7.7379
32,173,7.7650
32,174,7.7898
32,175,7.8115
32,176,7.8352
32,177,7.8636
32,178,7.8889
32,179,7.9151
32,180,7.9416
32,181,7.9645
32,182,7.9915
32,183,8.0160
32,184,8.0435
32,185,8.0724
32,186,8.0983
32,187,8.1226
32,188,8.1501
32,189,8.1736
32,190,8.1992
32,191,8.2210
32,192,8.2409
32,193,8.2624
32,194,8.2875
32,195,8.3103
32,196,8.3335
32,197,8.3580
32,198,8.3831
32,199,8.4045
32,200,8.4288
32,201,8.4523
32,202,8.4737
32,203,8.4991
32,204,8.5198
32,205,8.5434
32,206,8.5653
32,207,8.5878
32,208,8.6130
32,209,8.6332
32,210,8.6539
32,211,8.6777
32,212,8.6995
32,213,8.7238
32,214,8.7466
32,215,8.7678
32,216,8.7912
32,217,8.8164
32,218,8.8371
32,219,8.8555
32,220,8.8797
32,221,8.8997
32,222,8.9228
32,223,8.9438
32,224,8.9674
32,225,8.9900
32,226,9.0130
32,227,9.0388
32,228,9.0615
32,229,9.0824
32,230,9.1024
32,231,9.1241
32,232,9.1460
32,233,9.1686
32,234,9.1895
32,235,9.2119
32,236,9.2329
32,237,9.2547
32,238,9.2756
32,239,9.3006
32,240,9.3214
32,241,9.3417
32,242,9.3610
32,243,9.3824
32,244,9.4062
32,245,9.4260
32,246,9.4484
32,247,9.4699
32,248,9.4888
32,249,9.5094
32,250,9.5276
32,251,9.5465
32,252,9.5700
32,253,9.5950
32,254,9.6164
32,255,9.6392
32,256,9.6609
32,257,9.6803
32,258,9.7033
32,259,9.7242
32,260,9.7435
32,261,9.7644
32,262,9.7874
32,263,9.8083
32,264,9.8305
32,265,9.8507
32,266,9.8740
32,267,9.8969
32,268,9.9220
32,269,9.9420
32,270,9.9660
32,271,9.9850
32,272,10.0055
32,273,10.0237
32,274,10.0443
32,275,10.0628
32,276,10.0854
32,277,10.1051
32,278,10.1254
32,279,10.1433
32,280,10.1617
32,281,10.1849
32,282,10.2054
32,283,10.2228
32,284,10.2432
32,285,10.2609
32,286,10.2831
32,287,10.3069
32,288,10.3257
32,289,10.3485
32,290,10.3686
32,291,10.3897
32,292,10.4089
32,293,10.4279
32,294,10.4499
32,295,10.4723
32,296,10.4910
32,297,10.5123
32,298,10.5313
32,299,10.5510
32,300,10.5712
32,301,10.5886
32,302,10.6072
32,303,10.6276
32,304,10.6499
32,305,10.6712
32,306,10.6934
32,307,10.7149
32,308,10.7320
32,309,10.7543
32,310,10.7725
32,311,10.7917
32,312,10.8097
32,313,10.8291
32,314,10.8500
32,315,10.8675
32,316,10.8863
32,317,10.9043
32,318,10.9243
32,319,10.9493
32,320,10.9698
32,321,10.9894
32,322,11.0115
32,323,11.0315
32,324,11.0493
32,325,11.0688
32,326,11.0892
32,327,11.1088
32,328,11.1281
32,329,11.1491
32,330,11.1675
32,331,11.1882
32,332,11.2072
32,333,11.2257
32,334,11.2457
32,335,11.2656
32,336,11.2827
32,337,11.3018
32,338,11.3202
32,339,11.3387
32,340,11.3563
32,341,11.3747
32,342,11.3948
32,343,11.4104
32,344,11.4293
32,345,11.4480
32,346,11.4675
32,347,11.4878
32,348,11.5082
32,349,11.5251
32,350,11.5428
32,351,11.5614
32,352,11.5808
32,353,11.5994
32,354,11.6205
32,355,11.6398
32,356,11.6602
32,357,11.6806
32,358,11.7013
32,359,11.7192
32,360,11.7409
32,361,11.7600
32,362,11.7789
32,363,11.7985
32,364,11.8155
32,365,11.8342
32,366,11.8531
32,367,11.8727
32,368,11.8921
32,369,11.9110
32,370,11.9277
32,371,11.9461
32,372,11.9623
32,373,11.9820
32,374,12.0013
32,375,12.0204
32,376,12.0393
32,377,12.0596
32,378,12.0815
32,379,12.1018
32,380,12.1240
32,381,12.1445
32,382,12.1620
32,383,12.1830
32,384,12.2047
32,385,12.2226
32,386,12.2420
32,387,12.2590
32,388,12.2783
32,389,12.2962
32,390,12.3163
32,391,12.3385
32,392,12.3568
32,393,12.3766
32,394,12.3974
32,395,12.4173
32,396,12.4375
32,397,12.4562
32,398,12.4736
32,399,12.4959
32,400,12.5179
32,401,12.5366
32,402,12.5555
32,403,12.5746
32,404,12.5950
32,405,12.6217
32,406,12.6401
32,407,12.6634
32,408,12.6835
32,409,12.7030
32,410,12.7241
32,411,12.7444
32,412,12.7663
32,413,12.7884
32,414,12.8107
32,415,12.8301
32,416,12.8488
32,417,12.8697
32,418,12.8862
32,419,12.9062
32,420,12.9254
32,421,12.9465
32,422,12.9680
32,423,12.9880
32,424,13.0104
32,425,13.0298
32,426,13.0460
32,427,13.0646
32,428,13.0824
32,429,13.1061
32,430,13.1266
32,431,13.1423
32,432,13.1619
32,433,13.1807
32,434,13.2029
32,435,13.2220
32,436,13.2425
32,437,13.2645
32,438,13.2851
32,439,13.3044
32,440,13.3217
32,441,13.3444
32,442,13.3661
32,443,13.3847
32,444,13.4066
32,445,13.4291
32,446,13.4491
32,447,13.4683
32,448,13.4853
32,449,13.5074
32,450,13.5240
32,451,13.5406
32,452,13.5613
32,453,13.5815
32,454,13.6010
32,455,13.6237
32,456,13.6446
32,457,13.6624
32,458,13.6808
32,459,13.7023
32,460,13.7245
32,461,13.7471
32,462,13.7655
32,463,13.7817
32,464,13.8011
32,465,13.8186
32,466,13.8383
32,467,13.8585
32,468,13.8777
32,469,13.8947
32,470,13.9140
32,471,13.9340
32,472,13.9523
32,473,13.9727
32,474,13.9925
32,475,14.0132
32,476,14.0317
32,477,14.0516
32,478,14.0732
32,479,14.0955
32,480,14.1158
32,481,14.1321
32,482,14.1518
32,483,14.1716
32,484,14.1917
32,485,14.2086
32,486,14.2291
32,487,14.2495
32,488,14.2670
32,489,14.2888
32,490,14.3032
32,491,14.3223
32,492,14.3415
32,493,14.3605
32,494,14.3805
32,495,14.4007
32,496,14.4187
32,497,14.4383
32,498,14.4560
32,499,14.4757
32,500,14.4941
32,501,14.5114
32,502,14.5323
32,503,14.5504
32,504,14.5670
32,505,14.5854
32,506,14.6056
32,507,14.6236
32,508,14.6427
32,509,14.6601
32,510,14.6767
32,511,14.6945
32,512,14.7133
32,513,14.7294
32,514,14.7488
32,515,14.7671
32,516,14.7852
32,517,14.8066
32,518,14.8272
32,519,14.8443
32,520,14.8625
32,521,14.8813
32,522,14.9001
32,523,14.9191
32,524,14.9375
32,525,14.9594
32,526,14.9784
32,527,14.9985
32,528,15.0138
32,529,15.0307
32,530,15.0479
32,531,15.0639
32,532,15.0828
32,533,15.1039
32,534,15.1246
32,535,15.1447
32,536,15.1698
32,537,15.1909
32,538,15.2107
32,539,15.2307
32,540,15.2506
32,541,15.2695
32,542,15.2860
32,543,15.3059
32,544,15.3229
32,545,15.3407
32,546,15.3606
32,547,15.3774
32,548,15.3947
32,549,15.4120
32,550,15.4258
32,551,15.4439
32,552,15.4636
32,553,15.4787
32,554,15.4974
32,555,15.5147
32,556,15.5361
32,557,15.5518
32,558,15.5698
32,559,15.5879
32,560,15.6049
32,561,15.6239
32,562,15.6439
32,563,15.6656
32,564,15.6813
32,565,15.6983
32,566,15.7167
32,567,15.7370
32,568,15.7539
32,569,15.7717
32,570,15.7901
32,571,15.8063
32,572,15.8259
32,573,15.8462
32,574,15.8654
32,575,15.8826
32,576,15.8999
32,577,15.9195
32,578,15.9355
32,579,15.9570
32,580,15.9728
32,581,15.9897
32,582,16.0055
32,583,16.0254
32,584,16.0432
32,585,16.0603
32,586,16.0771
32,587,16.0950
32,588,16.1122
32,589,16.1330
32,590,16.1517
32,591,16.1697
32,592,16.1895
32,593,16.2041
32,594,16.2211
32,595,16.2384
32,596,16.2581
32,597,16.2773
32,598,16.2963
32,599,16.3138
32,600,16.3321
32,601,16.3514
32,602,16.3694
32,603,16.3864
32,604,16.4030
32,605,16.4216
32,606,16.4382
32,607,16.4535
32,608,16.4695
32,609,16.4841
32,610,16.5007
32,611,16.5172
32,612,16.5358
32,613,16.5533
32,614,16.5715
32,615,16.5891
32,616,16.6053
32,617,16.6233
32,618,16.6378
32,619,16.6564
32,620,16.6745
32,621,16.6927
32,622,16.7098
32,623,16.7312
32,624,16.7504
32,625,16.7677
32,626,16.7864
32,627,16.8031
32,628,16.8194
32,629,16.8356
32,630,16.8509
32,631,16.8676
32,632,16.8855
32,633,16.9035
32,634,16.9192
32,635,16.9342
32,636,16.9512
32,637,16.9708
32,638,16.9871
32,639,17.0040
32,640,17.0227
32,641,17.0389
32,642,17.0579
32,643,17.0753
32,644,17.0922
32,645,17.1094
32,646,17.1252
32,647,17.1389
32,648,17.1544
32,649,17.1721
32,650,17.1910
32,651,17.2097
32,652,17.2264
32,653,17.2426
32,654,17.2596
32,655,17.2753
32,656,17.2944
32,657,17.3121
32,658,17.3298
32,659,17.3457
32,660,17.3620
32,661,17.3790
32,662,17.3963
32,663,17.4177
32,664,17.4348
32,665,17.4495
32,666,17.4651
32,667,17.4821
32,668,17.4985
32,669,17.5143
32,670,17.5325
32,671,17.5505
32,672,17.5671
32,673,17.5828
32,674,17.6003
32,675,17.6183
32,676,17.6363
32,677,17.6527
32,678,17.6707
32,679,17.6863
32,680,17.7033
32,681,17.7177
32,682,17.7355
32,683,17.7538
32,684,17.7687
32,685,17.7842
32,686,17.7987
32,687,17.8161
32,688,17.8325
32,689,17.8481
32,690,17.8640
32,691,17.8795
32,692,17.8974
32,693,17.9148
32,694,17.9310
32,695,17.9460
32,696,17.9610
32,697,17.9768
32,698,17.9919
32,699,18.0080
32,700,18.0225
32,701,18.0398
32,702,18.0569
32,703,18.0740
32,704,18.0902
32,705,18.1082
32,706,18.1233
32,707,18.1397
32,708,18.1550
32,709,18.1711
32,710,18.1896
32,711,18.2042
32,712,18.2220
32,713,18.2392
32,714,18.2538
32,715,18.2694
32,716,18.2874
32,717,18.3038
32,718,18.3189
32,719,18.3337
32,720,18.3493
32,721,18.3665
32,722,18.3822
32,723,18.3990
32,724,18.4137
32,725,18.4297
32,726,18.4436
32,727,18.4617
32,728,18.4775
32,729,18.4937
32,730,18.5105
32,731,18.5272
32,732,18.5430
32,733,18.5601
32,734,18.5753
32,735,18.5894
32,736,18.6036
32,737,18.6185
32,738,18.6353
32,739,18.6489
32,740,18.6637
32,741,18.6797
32,742,18.6973
32,743,18.7106
32,744,18.7272
32,745,18.7401
32,746,18.7555
32,747,18.7723
32,748,18.7863
32,749,18.8015
32,750,18.8171
32,751,18.8323
32,752,18.8485
32,753,18.8656
32,754,18.8808
32,755,18.8978
32,756,18.9132
32,757,18.9299
32,758,18.9445
32,759,18.9608
32,760,18.9752
32,761,18.9898
32,762,19.0070
32,763,19.0215
32,764,19.0371
32,765,19.0520
32,766,19.0648
32,767,19.0801
32,768,19.0949
32,769,19.1096
32,770,19.1263
32,771,19.1427
32,772,19.1595
32,773,19.1760
32,774,19.1935
32,775,19.2076
32,776,19.2222
32,777,19.2385
32,778,19.2539
32,779,19.2677
32,780,19.2826
32,781,19.2979
32,782,19.3132
32,783,19.3285
32,784,19.3428
32,785,19.3594
32,786,19.3749
32,787,19.3913
32,788,19.4063
32,789,19.4208
32,790,19.4372
32,791,19.4509
32,792,19.4684
32,793,19.4831
32,794,19.4984
32,795,19.5133
32,796,19.5287
32,797,19.5435
32,798,19.5587
32,799,19.5744
32,800,19.5870
32,801,19.6013
32,802,19.6158
32,803,19.6304
32,804,19.6444
32,805,19.6598
32,806,19.6727
32,807,19.6903
32,808,19.7085
32,809,19.7230
32,810,19.7368
32,811,19.7522
32,812,19.7676
32,813,19.7835
32,814,19.7995
32,815,19.8144
32,816,19.8291
32,817,19.8439
32,818,19.8600
32,819,19.8752
32,820,19.8908
32,821,19.9058
32,822,19.9206
32,823,19.9345
32,824,19.9490
32,825,19.9631
32,826,19.9778
32,827,19.9920
32,828,20.0084
32,829,20.0217
32,830,20.0342
32,831,20.0503
32,832,20.0630
32,833,20.0759
32,834,20.0919
32,835,20.1049
32,836,20.1191
32,837,20.1326
32,838,20.1463
32,839,20.1622
32,840,20.1798
32,841,20.1940
32,842,20.2099
32,843,20.2254
32,844,20.2406
32,845,20.2561
32,846,20.2679
32,847,20.2796
32,848,20.2962
32,849,20.3119
32,850,20.3248
32,851,20.3387
32,852,20.3531
32,853,20.3695
32,854,20.3835
32,855,20.3975
32,856,20.4119
32,857,20.4288
32,858,20.4421
32,859,20.4578
32,860,20.4734
32,861,20.4859
32,862,20.5006
32,863,20.5155
32,864,20.5305
32,865,20.5469
32,866,20.5606
32,867,20.5749
32,868,20.5895
32,869,20.6049
32,870,20.6199
32,871,20.6336
32,872,20.6471
32,873,20.6622
32,874,20.6771
32,875,20.6912
32,876,20.7071
32,877,20.7225
32,878,20.7383
32,879,20.7504
32,880,20.7643
32,881,20.7793
32,882,20.7939
32,883,20.8078
32,884,20.8211
32,885,20.8326
32,886,20.8456
32,887,20.8595
32,888,20.8755
32,889,20.8909
32,890,20.9065
32,891,20.9216
32,892,20.9349
32,893,20.9488
32,894,20.9631
32,895,20.9787
32,896,20.9952
32,897,21.0072
32,898,21.0218
32,899,21.0332
32,900,21.0499
32,901,21.0636
32,902,21.0771
32,903,21.0906
32,904,21.1072
32,905,21.1237
32,906,21.1387
32,907,21.1542
32,908,21.1698
32,909,21.1841
32,910,21.1993
32,911,21.2142
32,912,21.2298
32,913,21.2401
32,914,21.2557
32,915,21.2696
32,916,21.2824
32,917,21.2952
32,918,21.3082
32,919,21.3243
32,920,21.3402
32,921,21.3545
32,922,21.3676
32,923,21.3824
32,924,21.3981
32,925,21.4128
32,926,21.4269
32,927,21.4411
32,928,21.4563
32,929,21.4706
32,930,21.4833
32,931,21.4953
32,932,21.5083
32,933,21.5224
32,934,21.5356
32,935,21.5494
32,936,21.5637
32,937,21.5752
32,938,21.5880
32,939,21.6032
32,940,21.6166
32,941,21.6315
32,942,21.6451
32,943,21.6598
32,944,21.6742
32,945,21.6876
32,946,21.7008
32,947,21.7127
32,948,21.7244
32,949,21.7389
32,950,21.7533
32,951,21.7678
32,952,21.7824
32,953,21.7959
32,954,21.8092
32,955,21.8232
32,956,21.8355
32,957,21.8490
32,958,21.8637
32,959,21.8781
32,960,21.8924
32,961,21.9075
32,962,21.9210
32,963,21.9356
32,964,21.9477
32,965,21.9612
32,966,21.9747
32,967,21.9885
32,968,22.0003
32,969,22.0156
32,970,22.0286
32,971,22.0445
32,972,22.0573
32,973,22.0704
32,974,22.0832
32,975,22.0961
32,976,22.1112
32,977,22.1250
32,978,22.1403
32,979,22.1534
32,980,22.1666
32,981,22.1795
32,982,22.1941
32,983,22.2072
32,984,22.2203
32,985,22.2343
32,986,22.2445
32,987,22.2559
32,988,22.2674
32,989,22.2800
32,990,22.2948
32,991,22.3075
32,992,22.3204
32,993,22.3330
32,994,22.3460
32,995,22.3598
32,996,22.3746
32,997,22.3878
32,998,22.4007
32,999,22.4126
32,1000,22.4268
32,1001,22.4387
32,1002,22.4517
32,1003,22.4661
32,1004,22.4785
32,1005,22.4920
32,1006,22.5041
32,1007,22.5172
32,1008,22.5308
32,1009,22.5453
32,1010,22.5599
32,1011,22.5739
32,1012,22.5877
32,1013,22.6008
32,1014,22.6151
32,1015,22.6282
32,1016,22.6420
32,1017,22.6539
32,1018,22.6682
32,1019,22.6797
32,1020,22.6940
32,1021,22.7063
32,1022,22.7199
32,1023,22.7332
32,1024,22.7466
32,1025,22.7576
32,1026,22.7701
32,1027,22.7839
32,1028,22.7984
32,1029,22.8112
32,1030,22.8231
32,1031,22.8359
32,1032,22.8501
32,1033,22.8651
32,1034,22.8778
32,1035,22.8930
32,1036,22.9088
32,1037,22.9220
32,1038,22.9355
32,1039,22.9490
32,1040,22.9622
32,1041,22.9748
32,1042,22.9878
32,1043,23.0005
32,1044,23.0149
32,1045,23.0274
32,1046,23.0401
32,1047,23.0525
32,1048,23.0644
32,1049,23.0763
32,1050,23.0886
32,1051,23.1007
32,1052,23.1133
32,1053,23.1273
32,1054,23.1423
32,1055,23.1541
32,1056,23.1680
32,1057,23.1806
32,1058,23.1952
32,1059,23.2068
32,1060,23.2193
32,1061,23.2349
32,1062,23.2466
32,1063,23.2597
32,1064,23.2744
32,1065,23.2865
32,1066,23.2990
32,1067,23.3101
32,1068,23.3225
32,1069,23.3352
32,1070,23.3482
32,1071,23.3593
32,1072,23.3705
32,1073,23.3837
32,1074,23.3959
32,1075,23.4095
32,1076,23.4230
32,1077,23.4373
32,1078,23.4499
32,1079,23.4622
32,1080,23.4742
32,1081,23.4891
32,1082,23.5058
32,1083,23.5215
32,1084,23.5335
32,1085,23.5456
32,1086,23.5586
32,1087,23.5714
32,1088,23.5843
32,1089,23.5988
32,1090,23.6130
32,1091,23.6257
32,1092,23.6382
32,1093,23.6508
32,1094,23.6631
32,1095,23.6769
32,1096,23.6912
32,1097,23.7030
32,1098,23.7156
32,1099,23.7303
32,1100,23.7434
32,1101,23.7562
32,1102,23.7686
32,1103,23.7836
32,1104,23.7954
32,1105,23.8073
32,1106,23.8233
32,1107,23.8368
32,1108,23.8511
32,1109,23.8646
32,1110,23.8793
32,1111,23.8943
32,1112,23.9084
32,1113,23.9222
32,1114,23.9344
32,1115,23.9484
32,1116,23.9602
32,1117,23.9724
32,1118,23.9845
32,1119,23.9986
32,1120,24.0098
32,1121,24.0221
32,1122,24.0353
32,1123,24.0489
32,1124,24.0610
32,1125,24.0747
32,1126,24.0883
32,1127,24.1013
32,1128,24.1136
32,1129,24.1271
32,1130,24.1399
32,1131,24.1530
32,1132,24.1668
32,1133,24.1783
32,1134,24.1934
32,1135,24.2050
32,1136,24.2162
32,1137,24.2308
32,1138,24.2428
32,1139,24.2558
32,1140,24.2673
32,1141,24.2811
32,1142,24.2925
32,1143,24.3060
32,1144,24.3171
32,1145,24.3286
32,1146,24.3409
32,1147,24.3536
32,1148,24.3684
32,1149,24.3830
32,1150,24.3955
32,1151,24.4083
32,1152,24.4193
32,1153,24.4320
32,1154,24.4452
32,1155,24.4578
32,1156,24.4699
32,1157,24.4814
32,1158,24.4951
32,1159,24.5076
32,1160,24.5210
32,1161,24.5340
32,1162,24.5473
32,1163,24.5615
32,1164,24.5732
32,1165,24.5874
32,1166,24.6007
32,1167,24.6140
32,1168,24.6272
32,1169,24.6407
32,1170,24.6542
32,1171,24.6653
32,1172,24.6771
32,1173,24.6922
32,1174,24.7044
32,1175,24.7181
32,1176,24.7310
32,1177,24.7427
32,1178,24.7574
32,1179,24.7696
32,1180,24.7830
32,1181,24.7952
32,1182,24.8076
32,1183,24.8203
32,1184,24.8312
32,1185,24.8436
32,1186,24.8565
32,1187,24.8694
32,1188,24.8830
32,1189,24.8964
32,1190,24.9102
32,1191,24.9224
32,1192,24.9347
32,1193,24.9476
32,1194,24.9617
32,1195,24.9751
32,1196,24.9891
32,1197,25.0028
32,1198,25.0130
32,1199,25.0263
32,1200,25.0392
32,1201,25.0518
32,1202,25.0650
32,1203,25.0778
32,1204,25.0899
32,1205,25.1010
32,1206,25.1141
32,1207,25.1261
32,1208,25.1376
32,1209,25.1495
32,1210,25.1616
32,1211,25.1751
32,1212,25.1857
32,1213,25.1976
32,1214,25.2102
32,1215,25.2218
32,1216,25.2355
32,1217,25.2489
32,1218,25.2602
32,1219,25.2720
32,1220,25.2850
32,1221,25.2968
32,1222,25.3078
32,1223,25.3221
32,1224,25.3345
32,1225,25.3473
32,1226,25.3602
32,1227,25.3724
32,1228,25.3831
32,1229,25.3952
32,1230,25.4090
32,1231,25.4207
32,1232,25.4324
32,1233,25.4431
32,1234,25.4552
32,1235,25.4682
32,1236,25.4786
32,1237,25.4912
32,1238,25.5033
32,1239,25.5157
32,1240,25.5292
32,1241,25.5413
32,1242,25.5528
32,1243,25.5643
32,1244,25.5751
32,1245,25.5888
32,1246,25.6016
32,1247,25.6166
32,1248,25.6289
32,1249,25.6405
32,1250,25.6529
32,1251,25.6660
32,1252,25.6779
32,1253,25.6895
32,1254,25.7030
32,1255,25.7137
32,1256,25.7261
32,1257,25.7391
32,1258,25.7525
32,1259,25.7645
32,1260,25.7782
32,1261,25.7905
32,1262,25.8045
32,1263,25.8156
32,1264,25.8280
32,1265,25.8404
32,1266,25.8518
32,1267,25.8650
32,1268,25.8769
32,1269,25.8896
32,1270,25.9017
32,1271,25.9150
32,1272,25.9297
32,1273,25.9426
32,1274,25.9549
32,1275,25.9668
32,1276,25.9786
32,1277,25.9913
32,1278,26.0055
32,1279,26.0178
32,1280,26.0297
32,1281,26.0425
32,1282,26.0550
32,1283,26.0686
32,1284,26.0809
32,1285,26.0929
32,1286,26.1040
32,1287,26.1166
32,1288,26.1305
32,1289,26.1428
32,1290,26.1538
32,1291,26.1680
32,1292,26.1806
32,1293,26.1923
32,1294,26.2057
32,1295,26.2180
32,1296,26.2305
32,1297,26.2426
32,1298,26.2543
32,1299,26.2673
32,1300,26.2790
32,1301,26.2912
32,1302,26.3019
32,1303,26.3141
32,1304,26.3289
32,1305,26.3416
32,1306,26.3524
32,1307,26.3638
32,1308,26.3767
32,1309,26.3890
32,1310,26.4004
32,1311,26.4112
32,1312,26.4244
32,1313,26.4359
32,1314,26.4461
32,1315,26.4586
32,1316,26.4711
32,1317,26.4841
32,1318,26.4970
32,1319,26.5085
32,1320,26.5212
32,1321,26.5328
32,1322,26.5445
32,1323,26.5558
32,1324,26.5659
32,1325,26.5784
32,1326,26.5919
32,1327,26.6050
32,1328,26.6184
32,1329,26.6302
32,1330,26.6446
32,1331,26.6577
32,1332,26.6708
32,1333,26.6832
32,1334,26.6955
32,1335,26.7077
32,1336,26.7198
32,1337,26.7316
32,1338,26.7449
32,1339,26.7601
32,1340,26.7729
32,1341,26.7880
32,1342,26.8007
32,1343,26.8129
32,1344,26.8251
32,1345,26.8367
32,1346,26.8483
32,1347,26.8589
32,1348,26.8708
32,1349,26.8832
32,1350,26.8948
32,1351,26.9084
32,1352,26.9207
32,1353,26.9326
32,1354,26.9438
32,1355,26.9561
32,1356,26.9669
32,1357,26.9796
32,1358,26.9916
32,1359,27.0045
32,1360,27.0172
32,1361,27.0293
32,1362,27.0409
32,1363,27.0534
32,1364,27.0668
32,1365,27.0765
32,1366,27.0891
32,1367,27.1023
32,1368,27.1158
32,1369,27.1268
32,1370,27.1387
32,1371,27.1501
32,1372,27.1614
32,1373,27.1746
32,1374,27.1858
32,1375,27.1968
32,1376,27.2083
32,1377,27.2222
32,1378,27.2360
32,1379,27.2472
32,1380,27.2578
32,1381,27.2682
32,1382,27.2807
32,1383,27.2922
32,1384,27.3023
32,1385,27.3122
32,1386,27.3232
32,1387,27.3360
32,1388,27.3505
32,1389,27.3627
32,1390,27.3754
32,1391,27.3861
32,1392,27.3987
32,1393,27.4118
32,1394,27.4240
32,1395,27.4370
32,1396,27.4497
32,1397,27.4615
32,1398,27.4730
32,1399,27.4825
32,1400,27.4956
32,1401,27.5077
32,1402,27.5200
32,1403,27.5331
32,1404,27.5452
32,1405,27.5590
32,1406,27.5714
32,1407,27.5835
32,1408,27.5936
32,1409,27.6055
32,1410,27.6175
32,1411,27.6291
32,1412,27.6406
32,1413,27.6519
32,1414,27.6633
32,1415,27.6745
32,1416,27.6872
32,1417,27.6978
32,1418,27.7083
32,1419,27.7206
32,1420,27.7328
32,1421,27.7444
32,1422,27.7566
32,1423,27.7694
32,1424,27.7809
32,1425,27.7944
32,1426,27.8051
32,1427,27.8162
32,1428,27.8280
32,1429,27.8417
32,1430,27.8525
32,1431,27.8631
32,1432,27.8750
32,1433,27.8888
32,1434,27.9012
32,1435,27.9129
32,1436,27.9265
32,1437,27.9382
32,1438,27.9499
32,1439,27.9612
32,1440,27.9736
32,1441,27.9856
32,1442,27.9976
32,1443,28.0101
32,1444,28.0215
32,1445,28.0340
32,1446,28.0459
32,1447,28.0556
32,1448,28.0684
32,1449,28.0791
32,1450,28.0903
32,1451,28.1018
32,1452,28.1121
32,1453,28.1231
32,1454,28.1344
32,1455,28.1450
32,1456,28.1568
32,1457,28.1682
32,1458,28.1797
32,1459,28.1924
32,1460,28.2040
32,1461,28.2172
32,1462,28.2294
32,1463,28.2413
32,1464,28.2524
32,1465,28.2639
32,1466,28.2757
32,1467,28.2868
32,1468,28.2992
32,1469,28.3120
32,1470,28.3235
32,1471,28.3345
32,1472,28.3448
32,1473,28.3553
32,1474,28.3664
32,1475,28.3771
32,1476,28.3884
32,1477,28.3991
32,1478,28.4118
32,1479,28.4237
32,1480,28.4344
32,1481,28.4455
32,1482,28.4568
32,1483,28.4681
32,1484,28.4805
32,1485,28.4913
32,1486,28.5037
32,1487,28.5158
32,1488,28.5284
32,1489,28.5409
32,1490,28.5518
32,1491,28.5624
32,1492,28.5754
32,1493,28.5876
32,1494,28.5990
32,1495,28.6113
32,1496,28.6238
32,1497,28.6338
32,1498,28.6458
32,1499,28.6574
32,1500,28.6677
32,1501,28.6787
32,1502,28.6902
32,1503,28.6999
32,1504,28.7111
32,1505,28.7237
32,1506,28.7351
32,1507,28.7458
32,1508,28.7574
32,1509,28.7681
32,1510,28.7807
32,1511,28.7927
32,1512,28.8042
32,1513,28.8150
32,1514,28.8270
32,1515,28.8393
32,1516,28.8503
32,1517,28.8628
32,1518,28.8756
32,1519,28.8873
32,1520,28.8986
32,1521,28.9087
32,1522,28.9191
32,1523,28.9309
32,1524,28.9420
32,1525,28.9532
32,1526,28.9647
32,1527,28.9756
32,1528,28.9869
32,1529,28.9985
32,1530,29.0082
32,1531,29.0204
32,1532,29.0307
32,1533,29.0427
32,1534,29.0551
32,1535,29.0662
32,1536,29.0778
32,1537,29.0899
32,1538,29.1002
32,1539,29.1098
32,1540,29.1214
32,1541,29.1339
32,1542,29.1453
32,1543,29.1571
32,1544,29.1686
32,1545,29.1789
32,1546,29.1906
32,1547,29.2015
32,1548,29.2131
32,1549,29.2245
32,1550,29.2349
32,1551,29.2462
32,1552,29.2591
32,1553,29.2710
32,1554,29.2817
32,1555,29.2922
32,1556,29.3025
32,1557,29.3129
32,1558,29.3235
32,1559,29.3356
32,1560,29.3453
32,1561,29.3565
32,1562,29.3686
32,1563,29.3799
32,1564,29.3891
32,1565,29.3987
32,1566,29.4109
32,1567,29.4226
32,1568,29.4342
32,1569,29.4465
32,1570,29.4586
32,1571,29.4703
32,1572,29.4810
32,1573,29.4924
32,1574,29.5029
32,1575,29.5150
32,1576,29.5261
32,1577,29.5380
32,1578,29.5500
32,1579,29.5615
32,1580,29.5715
32,1581,29.5828
32,1582,29.5925
32,1583,29.6034
32,1584,29.6143
32,1585,29.6261
32,1586,29.6379
32,1587,29.6484
32,1588,29.6604
32,1589,29.6714
32,1590,29.6824
32,1591,29.6939
32,1592,29.7042
32,1593,29.7155
32,1594,29.7259
32,1595,29.7368
32,1596,29.7478
32,1597,29.7595
32,1598,29.7709
32,1599,29.7835
32,1600,29.7931
32,1601,29.8040
32,1602,29.8162
32,1603,29.8279
32,1604,29.8391
32,1605,29.8490
32,1606,29.8597
32,1607,29.8705
32,1608,29.8811
32,1609,29.8901
32,1610,29.9020
32,1611,29.9127
32,1612,29.9247
32,1613,29.9353
32,1614,29.9455
32,1615,29.9571
32,1616,29.9676
32,1617,29.9779
32,1618,29.9902
32,1619,30.0003
32,1620,30.0100
32,1621,30.0200
32,1622,30.0298
32,1623,30.0409
32,1624,30.0518
32,1625,30.0619
32,1626,30.0735
32,1627,30.0844
32,1628,30.0953
32,1629,30.1050
32,1630,30.1152
32,1631,30.1250
32,1632,30.1354
32,1633,30.1467
32,1634,30.1558
32,1635,30.1666
32,1636,30.1781
32,1637,30.1897
32,1638,30.2013
32,1639,30.2131
32,1640,30.2242
32,1641,30.2360
32,1642,30.2480
32,1643,30.2572
32,1644,30.2682
32,1645,30.2794
32,1646,30.2905
32,1647,30.3006
32,1648,30.3111
32,1649,30.3221
32,1650,30.3334
32,1651,30.3450
32,1652,30.3556
32,1653,30.3665
32,1654,30.3787
32,1655,30.3902
32,1656,30.4014
32,1657,30.4134
32,1658,30.4242
32,1659,30.4337
32,1660,30.4440
32,1661,30.4549
32,1662,30.4655
32,1663,30.4770
32,1664,30.4887
32,1665,30.5001
32,1666,30.5110
32,1667,30.5221
32,1668,30.5313
32,1669,30.5405
32,1670,30.5512
32,1671,30.5625
32,1672,30.5755
32,1673,30.5869
32,1674,30.5970
32,1675,30.6082
32,1676,30.6201
32,1677,30.6306
32,1678,30.6430
32,1679,30.6535
32,1680,30.6637
32,1681,30.6756
32,1682,30.6863
32,1683,30.6969
32,1684,30.7080
32,1685,30.7190
32,1686,30.7303
32,1687,30.7405
32,1688,30.7504
32,1689,30.7612
32,1690,30.7719
32,1691,30.7828
32,1692,30.7930
32,1693,30.8046
32,1694,30.8161
32,1695,30.8274
32,1696,30.8373
32,1697,30.8477
32,1698,30.8581
32,1699,30.8686
32,1700,30.8799
32,1701,30.8909
32,1702,30.9023
32,1703,30.9129
32,1704,30.9229
32,1705,30.9349
32,1706,30.9448
32,1707,30.9548
32,1708,30.9656
32,1709,30.9758
32,1710,30.9875
32,1711,30.9977
32,1712,31.0079
32,1713,31.0180
32,1714,31.0285
32,1715,31.0394
32,1716,31.0519
32,1717,31.0616
32,1718,31.0723
32,1719,31.0822
32,1720,31.0923
32,1721,31.1041
32,1722,31.1155
32,1723,31.1255
32,1724,31.1347
32,1725,31.1452
32,1726,31.1563
32,1727,31.1667
32,1728,31.1771
32,1729,31.1873
32,1730,31.1988
32,1731,31.2098
32,1732,31.2191
32,1733,31.2300
32,1734,31.2422
32,1735,31.2521
32,1736,31.2628
32,1737,31.2733
32,1738,31.2853
32,1739,31.2960
32,1740,31.3060
32,1741,31.3160
32,1742,31.3270
32,1743,31.3373
32,1744,31.3486
32,1745,31.3579
32,1746,31.3683
32,1747,31.3795
32,1748,31.3897
32,1749,31.3997
32,1750,31.4103
32,1751,31.4207
32,1752,31.4321
32,1753,31.4431
32,1754,31.4547
32,1755,31.4656
32,1756,31.4769
32,1757,31.4870
32,1758,31.4973
32,1759,31.5081
32,1760,31.5174
32,1761,31.5283
32,1762,31.5391
32,1763,31.5499
32,1764,31.5585
32,1765,31.5688
32,1766,31.5809
32,1767,31.5912
32,1768,31.6015
32,1769,31.6125
32,1770,31.6228
32,1771,31.6337
32,1772,31.6457
32,1773,31.6555
32,1774,31.6659
32,1775,31.6766
32,1776,31.6870
32,1777,31.6978
32,1778,31.7082
32,1779,31.7187
32,1780,31.7288
32,1781,31.7400
32,1782,31.7498
32,1783,31.7604
32,1784,31.7707
32,1785,31.7814
32,1786,31.7915
32,1787,31.8016
32,1788,31.8122
32,1789,31.8239
32,1790,31.8348
32,1791,31.8447
32,1792,31.8538
32,1793,31.8646
32,1794,31.8748
32,1795,31.8857
32,1796,31.8960
32,1797,31.9060
32,1798,31.9156
32,1799,31.9266
32,1800,31.9360
32,1801,31.9467
32,1802,31.9577
32,1803,31.9671
32,1804,31.9779
32,1805,31.9888
32,1806,31.9977
32,1807,32.0081
32,1808,32.0187
32,1809,32.0291
32,1810,32.0395
32,1811,32.0486
32,1812,32.0595
32,1813,32.0692
32,1814,32.0796
32,1815,32.0889
32,1816,32.0993
32,1817,32.1117
32,1818,32.1231
32,1819,32.1343
32,1820,32.1445
32,1821,32.1551
32,1822,32.1654
32,1823,32.1758
32,1824,32.1852
32,1825,32.1951
32,1826,32.2064
32,1827,32.2168
32,1828,32.2281
32,1829,32.2389
32,1830,32.2492
32,1831,32.2598
32,1832,32.2702
32,1833,32.2805
32,1834,32.2905
32,1835,32.3011
32,1836,32.3114
32,1837,32.3219
32,1838,32.3324
32,1839,32.3431
32,1840,32.3542
32,1841,32.3636
32,1842,32.3741
32,1843,32.3858
32,1844,32.3967
32,1845,32.4082
32,1846,32.4188
32,1847,32.4301
32,1848,32.4403
32,1849,32.4500
32,1850,32.4607
32,1851,32.4700
32,1852,32.4793
32,1853,32.4900
32,1854,32.4992
32,1855,32.5113
32,1856,32.5224
32,1857,32.5346
32,1858,32.5427
32,1859,32.5538
32,1860,32.5637
32,1861,32.5726
32,1862,32.5827
32,1863,32.5931
32,1864,32.6034
32,1865,32.6131
32,1866,32.6242
32,1867,32.6341
32,1868,32.6458
32,1869,32.6562
32,1870,32.6676
32,1871,32.6784
32,1872,32.6891
32,1873,32.6988
32,1874,32.7089
32,1875,32.7196
32,1876,32.7307
32,1877,32.7412
32,1878,32.7514
32,1879,32.7629
32,1880,32.7728
32,1881,32.7841
32,1882,32.7941
32,1883,32.8034
32,1884,32.8132
32,1885,32.8241
32,1886,32.8330
32,1887,32.8433
32,1888,32.8543
32,1889,32.8650
32,1890,32.8748
32,1891,32.8855
32,1892,32.8957
32,1893,32.9049
32,1894,32.9162
32,1895,32.9254
32,1896,32.9347
32,1897,32.9451
32,1898,32.9556
32,1899,32.9667
32,1900,32.9761
32,1901,32.9848
32,1902,32.9969
32,1903,33.0082
32,1904,33.0183
32,1905,33.0300
32,1906,33.0406
32,1907,33.0510
32,1908,33.0605
32,1909,33.0712
32,1910,33.0811
32,1911,33.0906
32,1912,33.1016
32,1913,33.1122
32,1914,33.1232
32,1915,33.1316
32,1916,33.1414
32,1917,33.1514
32,1918,33.1616
32,1919,33.1708
32,1920,33.1801
32,1921,33.1912
32,1922,33.2013
32,1923,33.2122
32,1924,33.2228
32,1925,33.2336
32,1926,33.2452
32,1927,33.2574
32,1928,33.2666
32,1929,33.2780
32,1930,33.2884
32,1931,33.2969
32,1932,33.3064
32,1933,33.3178
32,1934,33.3296
32,1935,33.3408
32,1936,33.3515
32,1937,33.3614
32,1938,33.3714
32,1939,33.3807
32,1940,33.3922
32,1941,33.4016
32,1942,33.4124
32,1943,33.4230
32,1944,33.4337
32,1945,33.4448
32,1946,33.4551
32,1947,33.4668
32,1948,33.4768
32,1949,33.4871
32,1950,33.4974
32,1951,33.5088
32,1952,33.5190
32,1953,33.5293
32,1954,33.5398
32,1955,33.5495
32,1956,33.5584
32,1957,33.5689
32,1958,33.5798
32,1959,33.5897
32,1960,33.5999
32,1961,33.6098
32,1962,33.6186
32,1963,33.6287
32,1964,33.6394
32,1965,33.6498
32,1966,33.6608
32,1967,33.6711
32,1968,33.6811
32,1969,33.6922
32,1970,33.7026
32,1971,33.7136
32,1972,33.7238
32,1973,33.7342
32,1974,33.7444
32,1975,33.7546
32,1976,33.7637
32,1977,33.7740
32,1978,33.7835
32,1979,33.7944
32,1980,33.8051
32,1981,33.8151
32,1982,33.8245
32,1983,33.8347
32,1984,33.8455
32,1985,33.8559
32,1986,33.8666
32,1987,33.8757
32,1988,33.8855
32,1989,33.8966
32,1990,33.9077
32,1991,33.9182
32,1992,33.9277
32,1993,33.9370
32,1994,33.9467
32,1995,33.9547
32,1996,33.9646
32,1997,33.9756
32,1998,33.9854
32,1999,33.9963
32,2000,34.0056
32,2001,34.0155
32,2002,34.0257
32,2003,34.0366
32,2004,34.0455
32,2005,34.0544
32,2006,34.0644
32,2007,34.0736
32,2008,34.0837
32,2009,34.0935
32,2010,34.1047
32,2011,34.1146
32,2012,34.1227
32,2013,34.1329
32,2014,34.1431
32,2015,34.1517
32,2016,34.1631
32,2017,34.1735
32,2018,34.1838
32,2019,34.1936
32,2020,34.2039
32,2021,34.2144
32,2022,34.2247
32,2023,34.2355
32,2024,34.2455
32,2025,34.2551
32,2026,34.2648
32,2027,34.2747
32,2028,34.2841
32,2029,34.2942
32,2030,34.3036
32,2031,34.3140
32,2032,34.3243
32,2033,34.3349
32,2034,34.3437
32,2035,34.3546
32,2036,34.3644
32,2037,34.3736
32,2038,34.3840
32,2039,34.3929
32,2040,34.4039
32,2041,34.4128
32,2042,34.4232
32,2043,34.4344
32,2044,34.4434
32,2045,34.4544
32,2046,34.4645
32,2047,34.4753
32,2048,34.4858
32,2049,34.4948
32,2050,34.5046
32,2051,34.5134
32,2052,34.5222
32,2053,34.5319
32,2054,34.5422
32,2055,34.5528
32,2056,34.5606
32,2057,34.5701
32,2058,34.5799
32,2059,34.5898
32,2060,34.5994
32,2061,34.6081
32,2062,34.6180
32,2063,34.6272
32,2064,34.6366
32,2065,34.6456
32,2066,34.6552
32,2067,34.6638
32,2068,34.6745
32,2069,34.6838
32,2070,34.6945
32,2071,34.7042
32,2072,34.7144
32,2073,34.7235
32,2074,34.7330
32,2075,34.7425
32,2076,34.7519
32,2077,34.7609
32,2078,34.7694
32,2079,34.7800
32,2080,34.7896
32,2081,34.7985
32,2082,34.8083
32,2083,34.8189
32,2084,34.8298
32,2085,34.8401
32,2086,34.8516
32,2087,34.8612
32,2088,34.8721
32,2089,34.8827
32,2090,34.8910
32,2091,34.9014
32,2092,34.9115
32,2093,34.9221
32,2094,34.9329
32,2095,34.9447
32,2096,34.9555
32,2097,34.9647
32,2098,34.9746
32,2099,34.9842
32,2100,34.9933
32,2101,35.0039
32,2102,35.0134
32,2103,35.0226
32,2104,35.0327
32,2105,35.0420
32,2106,35.0509
32,2107,35.0616
32,2108,35.0716
32,2109,35.0829
32,2110,35.0924
32,2111,35.1030
32,2112,35.1117
32,2113,35.1212
32,2114,35.1323
32,2115,35.1440
32,2116,35.1526
32,2117,35.1608
32,2118,35.1692
32,2119,35.1799
32,2120,35.1909
32,2121,35.2008
32,2122,35.2086
32,2123,35.2170
32,2124,35.2276
32,2125,35.2375
32,2126,35.2469
32,2127,35.2562
32,2128,35.2662
32,2129,35.2772
32,2130,35.2879
32,2131,35.2975
32,2132,35.3087
32,2133,35.3185
32,2134,35.3279
32,2135,35.3387
32,2136,35.3489
32,2137,35.3595
32,2138,35.3680
32,2139,35.3766
32,2140,35.3853
32,2141,35.3954
32,2142,35.4050
32,2143,35.4144
32,2144,35.4253
32,2145,35.4351
32,2146,35.4443
32,2147,35.4552
32,2148,35.4655
32,2149,35.4747
32,2150,35.4845
32,2151,35.4934
32,2152,35.5037
32,2153,35.5127
32,2154,35.5220
32,2155,35.5330
32,2156,35.5430
32,2157,35.5517
32,2158,35.5613
32,2159,35.5726
32,2160,35.5809
32,2161,35.5915
32,2162,35.6016
32,2163,35.6110
32,2164,35.6207
32,2165,35.6295
32,2166,35.6389
32,2167,35.6486
32,2168,35.6576
32,2169,35.6678
32,2170,35.6785
32,2171,35.6878
32,2172,35.6974
32,2173,35.7074
32,2174,35.7176
32,2175,35.7271
32,2176,35.7371
32,2177,35.7466
32,2178,35.7562
32,2179,35.7652
32,2180,35.7756
32,2181,35.7856
32,2182,35.7958
32,2183,35.8048
32,2184,35.8149
32,2185,35.8244
32,2186,35.8339
32,2187,35.8439
32,2188,35.8540
32,2189,35.8643
32,2190,35.8740
32,2191,35.8833
32,2192,35.8933
32,2193,35.9030
32,2194,35.9123
32,2195,35.9238
32,2196,35.9338
32,2197,35.9438
32,2198,35.9531
32,2199,35.9630
32,2200,35.9722
32,2201,35.9814
32,2202,35.9911
32,2203,36.0011
32,2204,36.0114
32,2205,36.0222
32,2206,36.0318
32,2207,36.0403
32,2208,36.0505
32,2209,36.0618
32,2210,36.0719
32,2211,36.0815
32,2212,36.0915
32,2213,36.1021
32,2214,36.1121
32,2215,36.1218
32,2216,36.1323
32,2217,36.1410
32,2218,36.1499
32,2219,36.1586
32,2220,36.1684
32,2221,36.1776
32,2222,36.1885
32,2223,36.1980
32,2224,36.2075
32,2225,36.2183
32,2226,36.2296
32,2227,36.2378
32,2228,36.2478
32,2229,36.2583
32,2230,36.2683
32,2231,36.2799
32,2232,36.2881
32,2233,36.2980
32,2234,36.3071
32,2235,36.3170
32,2236,36.3267
32,2237,36.3361
32,2238,36.3460
32,2239,36.3557
32,2240,36.3634
32,2241,36.3730
32,2242,36.3831
32,2243,36.3930
32,2244,36.4028
32,2245,36.4123
32,2246,36.4214
32,2247,36.4312
32,2248,36.4393
32,2249,36.4491
32,2250,36.4589
32,2251,36.4692
32,2252,36.4784
32,2253,36.4876
32,2254,36.4981
32,2255,36.5087
32,2256,36.5181
32,2257,36.5258
32,2258,36.5353
32,2259,36.5437
32,2260,36.5535
32,2261,36.5629
32,2262,36.5728
32,2263,36.5826
32,2264,36.5923
32,2265,36.6014
32,2266,36.6112
32,2267,36.6204
32,2268,36.6310
32,2269,36.6389
32,2270,36.6494
32,2271,36.6593
32,2272,36.6686
32,2273,36.6786
32,2274,36.6877
32,2275,36.6982
32,2276,36.7078
32,2277,36.7175
32,2278,36.7281
32,2279,36.7385
32,2280,36.7471
32,2281,36.7560
32,2282,36.7662
32,2283,36.7758
32,2284,36.7853
32,2285,36.7953
32,2286,36.8056
32,2287,36.8158
32,2288,36.8249
32,2289,36.8340
32,2290,36.8448
32,2291,36.8533
32,2292,36.8632
32,2293,36.8713
32,2294,36.8812
32,2295,36.8915
32,2296,36.9006
32,2297,36.9103
32,2298,36.9189
32,2299,36.9281
32,2300,36.9366
32,2301,36.9458
32,2302,36.9545
32,2303,36.9635
32,2304,36.9732
32,2305,36.9823
32,2306,36.9911
32,2307,37.0018
32,2308,37.0105
32,2309,37.0195
32,2310,37.0292
32,2311,37.0406
32,2312,37.0514
32,2313,37.0597
32,2314,37.0692
32,2315,37.0787
32,2316,37.0874
32,2317,37.0971
32,2318,37.1058
32,2319,37.1154
32,2320,37.1242
32,2321,37.1330
32,2322,37.1419
32,2323,37.1518
32,2324,37.1615
32,2325,37.1712
32,2326,37.1782
32,2327,37.1876
32,2328,37.1975
32,2329,37.2074
32,2330,37.2159
32,2331,37.2242
32,2332,37.2337
32,2333,37.2429
32,2334,37.2523
32,2335,37.2622
32,2336,37.2720
32,2337,37.2810
32,2338,37.2917
32,2339,37.3016
32,2340,37.3104
32,2341,37.3182
32,2342,37.3274
32,2343,37.3387
32,2344,37.3475
32,2345,37.3574
32,2346,37.3682
32,2347,37.3770
32,2348,37.3868
32,2349,37.3971
32,2350,37.4067
32,2351,37.4159
32,2352,37.4256
32,2353,37.4347
32,2354,37.4440
32,2355,37.4524
32,2356,37.4621
32,2357,37.4719
32,2358,37.4800
32,2359,37.4893
32,2360,37.4996
32,2361,37.5092
32,2362,37.5185
32,2363,37.5285
32,2364,37.5391
32,2365,37.5474
32,2366,37.5565
32,2367,37.5661
32,2368,37.5739
32,2369,37.5824
32,2370,37.5920
32,2371,37.6012
32,2372,37.6094
32,2373,37.6187
32,2374,37.6274
32,2375,37.6381
32,2376,37.6495
32,2377,37.6587
32,2378,37.6685
32,2379,37.6781
32,2380,37.6881
32,2381,37.6986
32,2382,37.7072
32,2383,37.7173
32,2384,37.7275
32,2385,37.7370
32,2386,37.7458
32,2387,37.7541
32,2388,37.7637
32,2389,37.7727
32,2390,37.7821
32,2391,37.7916
32,2392,37.8011
32,2393,37.8113
32,2394,37.8214
32,2395,37.8293
32,2396,37.8379
32,2397,37.8470
32,2398,37.8564
32,2399,37.8659
32,2400,37.8749
32,2401,37.8833
32,2402,37.8941
32,2403,37.9034
32,2404,37.9147
32,2405,37.9244
32,2406,37.9340
32,2407,37.9432
32,2408,37.9528
32,2409,37.9612
32,2410,37.9702
32,2411,37.9799
32,2412,37.9889
32,2413,37.9977
32,2414,38.0069
32,2415,38.0158
32,2416,38.0247
32,2417,38.0339
32,2418,38.0431
32,2419,38.0526
32,2420,38.0636
32,2421,38.0726
32,2422,38.0818
32,2423,38.0911
32,2424,38.1016
32,2425,38.1106
32,2426,38.1212
32,2427,38.1309
32,2428,38.1409
32,2429,38.1504
32,2430,38.1589
32,2431,38.1668
32,2432,38.1752
32,2433,38.1851
32,2434,38.1953
32,2435,38.2056
32,2436,38.2139
32,2437,38.2238
32,2438,38.2329
32,2439,38.2432
32,2440,38.2527
32,2441,38.2617
32,2442,38.2717
32,2443,38.2810
32,2444,38.2905
32,2445,38.3002
32,2446,38.3095
32,2447,38.3188
32,2448,38.3274
32,2449,38.3376
32,2450,38.3461
32,2451,38.3560
32,2452,38.3658
32,2453,38.3759
32,2454,38.3854
32,2455,38.3941
32,2456,38.4031
32,2457,38.4114
32,2458,38.4202
32,2459,38.4278
32,2460,38.4374
32,2461,38.4473
32,2462,38.4562
32,2463,38.4656
32,2464,38.4767
32,2465,38.4857
32,2466,38.4949
32,2467,38.5038
32,2468,38.5140
32,2469,38.5229
32,2470,38.5321
32,2471,38.5417
32,2472,38.5501
32,2473,38.5601
32,2474,38.5701
32,2475,38.5777
32,2476,38.5873
32,2477,38.5966
32,2478,38.6071
32,2479,38.6164
32,2480,38.6254
32,2481,38.6349
32,2482,38.6443
32,2483,38.6535
32,2484,38.6624
32,2485,38.6730
32,2486,38.6828
32,2487,38.6906
32,2488,38.7002
32,2489,38.7096
32,2490,38.7174
32,2491,38.7254
32,2492,38.7349
32,2493,38.7444
32,2494,38.7551
32,2495,38.7641
32,2496,38.7726
32,2497,38.7830
32,2498,38.7910
32,2499,38.8000
32,2500,38.8091
32,2501,38.8185
32,2502,38.8279
32,2503,38.8365
32,2504,38.8456
32,2505,38.8548
32,2506,38.8626
32,2507,38.8719
32,2508,38.8805
32,2509,38.8900
32,2510,38.8993
32,2511,38.9098
32,2512,38.9194
32,2513,38.9285
32,2514,38.9385
32,2515,38.9476
32,2516,38.9569
32,2517,38.9682
32,2518,38.9778
32,2519,38.9867
32,2520,38.9936
32,2521,39.0032
32,2522,39.0124
32,2523,39.0214
32,2524,39.0301
32,2525,39.0377
32,2526,39.0462
32,2527,39.0556
32,2528,39.0642
32,2529,39.0746
32,2530,39.0829
32,2531,39.0925
32,2532,39.1019
32,2533,39.1113
32,2534,39.1197
32,2535,39.1287
32,2536,39.1391
32,2537,39.1483
32,2538,39.1576
32,2539,39.1670
32,2540,39.1763
32,2541,39.1844
32,2542,39.1929
32,2543,39.2008
32,2544,39.2080
32,2545,39.2162
32,2546,39.2264
32,2547,39.2346
32,2548,39.2448
32,2549,39.2531
32,2550,39.2625
32,2551,39.2713
32,2552,39.2807
32,2553,39.2899
32,2554,39.2994
32,2555,39.3087
32,2556,39.3170
32,2557,39.3258
32,2558,39.3353
32,2559,39.3439
32,2560,39.3522
32,2561,39.3615
32,2562,39.3720
32,2563,39.3814
32,2564,39.3904
32,2565,39.3998
32,2566,39.4083
32,2567,39.4169
32,2568,39.4252
32,2569,39.4350
32,2570,39.4439
32,2571,39.4532
32,2572,39.4634
32,2573,39.4722
32,2574,39.4806
32,2575,39.4897
32,2576,39.4971
32,2577,39.5060
32,2578,39.5139
32,2579,39.5220
32,2580,39.5304
32,2581,39.5388
32,2582,39.5465
32,2583,39.5561
32,2584,39.5653
32,2585,39.5748
32,2586,39.5830
32,2587,39.5915
32,2588,39.6004
32,2589,39.6093
32,2590,39.6183
32,2591,39.6276
32,2592,39.6361
32,2593,39.6457
32,2594,39.6543
32,2595,39.6641
32,2596,39.6732
32,2597,39.6819
32,2598,39.6910
32,2599,39.7008
32,2600,39.7103
32,2601,39.7202
32,2602,39.7305
32,2603,39.7387
32,2604,39.7473
32,2605,39.7572
32,2606,39.7655
32,2607,39.7739
32,2608,39.7828
32,2609,39.7919
32,2610,39.8000
32,2611,39.8090
32,2612,39.8171
32,2613,39.8263
32,2614,39.8353
32,2615,39.8444
32,2616,39.8539
32,2617,39.8618
32,2618,39.8709
32,2619,39.8789
32,2620,39.8885
32,2621,39.8967
32,2622,39.9062
32,2623,39.9149
32,2624,39.9239
32,2625,39.9329
32,2626,39.9418
32,2627,39.9514
32,2628,39.9613
32,2629,39.9705
32,2630,39.9796
32,2631,39.9887
32,2632,39.9974
32,2633,40.0056
32,2634,40.0150
32,2635,40.0228
32,2636,40.0315
32,2637,40.0398
32,2638,40.0490
32,2639,40.0584
32,2640,40.0669
32,2641,40.0760
32,2642,40.0846
32,2643,40.0951
32,2644,40.1027
32,2645,40.1115
32,2646,40.1216
32,2647,40.1309
32,2648,40.1396
32,2649,40.1486
32,2650,40.1568
32,2651,40.1660
32,2652,40.1740
32,2653,40.1822
32,2654,40.1910
32,2655,40.2002
32,2656,40.2082
32,2657,40.2173
32,2658,40.2268
32,2659,40.2363
32,2660,40.2453
32,2661,40.2542
32,2662,40.2626
32,2663,40.2720
32,2664,40.2824
32,2665,40.2912
32,2666,40.3004
32,2667,40.3075
32,2668,40.3170
32,2669,40.3251
32,2670,40.3346
32,2671,40.3426
32,2672,40.3514
32,2673,40.3609
32,2674,40.3695
32,2675,40.3782
32,2676,40.3875
32,2677,40.3960
32,2678,40.4046
32,2679,40.4124
32,2680,40.4205
32,2681,40.4309
32,2682,40.4392
32,2683,40.4485
32,2684,40.4571
32,2685,40.4663
32,2686,40.4744
32,2687,40.4843
32,2688,40.4944
32,2689,40.5032
32,2690,40.5124
32,2691,40.5215
32,2692,40.5298
32,2693,40.5388
32,2694,40.5490
32,2695,40.5573
32,2696,40.5665
32,2697,40.5755
32,2698,40.5835
32,2699,40.5913
32,2700,40.6011
32,2701,40.6102
32,2702,40.6185
32,2703,40.6264
32,2704,40.6355
32,2705,40.6434
32,2706,40.6527
32,2707,40.6617
32,2708,40.6709
32,2709,40.6801
32,2710,40.6883
32,2711,40.6968
32,2712,40.7041
32,2713,40.7127
32,2714,40.7217
32,2715,40.7301
32,2716,40.7391
32,2717,40.7479
32,2718,40.7561
32,2719,40.7642
32,2720,40.7742
32,2721,40.7823
32,2722,40.7906
32,2723,40.7988
32,2724,40.8082
32,2725,40.8176
32,2726,40.8268
32,2727,40.8366
32,2728,40.8453
32,2729,40.8547
32,2730,40.8634
32,2731,40.8736
32,2732,40.8828
32,2733,40.8909
32,2734,40.9008
32,2735,40.9092
32,2736,40.9180
32,2737,40.9261
32,2738,40.9345
32,2739,40.9429
32,2740,40.9520
32,2741,40.9608
32,2742,40.9701
32,2743,40.9786
32,2744,40.9876
32,2745,40.9955
32,2746,41.0059
32,2747,41.0145
32,2748,41.0233
32,2749,41.0311
32,2750,41.0402
32,2751,41.0493
32,2752,41.0582
32,2753,41.0663
32,2754,41.0761
32,2755,41.0856
32,2756,41.0936
32,2757,41.1021
32,2758,41.1114
32,2759,41.1209
32,2760,41.1305
32,2761,41.1385
32,2762,41.1467
32,2763,41.1561
32,2764,41.1648
32,2765,41.1723
32,2766,41.1803
32,2767,41.1904
32,2768,41.1990
32,2769,41.2076
32,2770,41.2166
32,2771,41.2242
32,2772,41.2320
32,2773,41.2410
32,2774,41.2497
32,2775,41.2573
32,2776,41.2656
32,2777,41.2736
32,2778,41.2832
32,2779,41.2922
32,2780,41.3011
32,2781,41.3104
32,2782,41.3183
32,2783,41.3270
32,2784,41.3358
32,2785,41.3448
32,2786,41.3525
32,2787,41.3605
32,2788,41.3691
32,2789,41.3786
32,2790,41.3870
32,2791,41.3954
32,2792,41.4033
32,2793,41.4112
32,2794,41.4199
32,2795,41.4280
32,2796,41.4364
32,2797,41.4450
32,2798,41.4536
32,2799,41.4634
32,2800,41.4715
32,2801,41.4803
32,2802,41.4889
32,2803,41.4972
32,2804,41.5064
32,2805,41.5157
32,2806,41.5234
32,2807,41.5317
32,2808,41.5404
32,2809,41.5490
32,2810,41.5579
32,2811,41.5679
32,2812,41.5775
32,2813,41.5857
32,2814,41.5938
32,2815,41.6019
32,2816,41.6105
32,2817,41.6191
32,2818,41.6285
32,2819,41.6377
32,2820,41.6475
32,2821,41.6551
32,2822,41.6629
32,2823,41.6718
32,2824,41.6801
32,2825,41.6881
32,2826,41.6980
32,2827,41.7072
32,2828,41.7157
32,2829,41.7245
32,2830,41.7316
32,2831,41.7405
32,2832,41.7488
32,2833,41.7566
32,2834,41.7659
32,2835,41.7739
32,2836,41.7828
32,2837,41.7906
32,2838,41.7994
32,2839,41.8084
32,2840,41.8182
32,2841,41.8259
32,2842,41.8328
32,2843,41.8408
32,2844,41.8490
32,2845,41.8584
32,2846,41.8671
32,2847,41.8755
32,2848,41.8842
32,2849,41.8929
32,2850,41.9019
32,2851,41.9112
32,2852,41.9205
32,2853,41.9291
32,2854,41.9374
32,2855,41.9455
32,2856,41.9540
32,2857,41.9630
32,2858,41.9704
32,2859,41.9788
32,2860,41.9861
32,2861,41.9953
32,2862,42.0043
32,2863,42.0123
32,2864,42.0209
32,2865,42.0292
32,2866,42.0374
32,2867,42.0457
32,2868,42.0543
32,2869,42.0624
32,2870,42.0712
32,2871,42.0800
32,2872,42.0885
32,2873,42.0977
32,2874,42.1067
32,2875,42.1156
32,2876,42.1245
32,2877,42.1338
32,2878,42.1421
32,2879,42.1508
32,2880,42.1588
32,2881,42.1675
32,2882,42.1754
32,2883,42.1855
32,2884,42.1958
32,2885,42.2035
32,2886,42.2121
32,2887,42.2209
32,2888,42.2293
32,2889,42.2372
32,2890,42.2451
32,2891,42.2529
32,2892,42.2624
32,2893,42.2702
32,2894,42.2782
32,2895,42.2866
32,2896,42.2946
32,2897,42.3037
32,2898,42.3114
32,2899,42.3196
32,2900,42.3281
32,2901,42.3376
32,2902,42.3457
32,2903,42.3546
32,2904,42.3640
32,2905,42.3726
32,2906,42.3802
32,2907,42.3889
32,2908,42.3969
32,2909,42.4054
32,2910,42.4140
32,2911,42.4234
32,2912,42.4309
32,2913,42.4388
32,2914,42.4460
32,2915,42.4548
32,2916,42.4638
32,2917,42.4723
32,2918,42.4816
32,2919,42.4894
32,2920,42.4968
32,2921,42.5058
32,2922,42.5139
32,2923,42.5224
32,2924,42.5323
32,2925,42.5406
32,2926,42.5491
32,2927,42.5586
32,2928,42.5676
32,2929,42.5755
32,2930,42.5838
32,2931,42.5909
32,2932,42.5988
32,2933,42.6073
32,2934,42.6168
32,2935,42.6275
32,2936,42.6364
32,2937,42.6455
32,2938,42.6545
32,2939,42.6643
32,2940,42.6720
32,2941,42.6798
32,2942,42.6886
32,2943,42.6970
32,2944,42.7061
32,2945,42.7141
32,2946,42.7226
32,2947,42.7310
32,2948,42.7388
32,2949,42.7459
32,2950,42.7557
32,2951,42.7638
32,2952,42.7725
32,2953,42.7808
32,2954,42.7898
32,2955,42.7992
32,2956,42.8077
32,2957,42.8151
32,2958,42.8228
32,2959,42.8318
32,2960,42.8404
32,2961,42.8502
32,2962,42.8579
32,2963,42.8667
32,2964,42.8751
32,2965,42.8831
32,2966,42.8924
32,2967,42.9006
32,2968,42.9095
32,2969,42.9180
32,2970,42.9269
32,2971,42.9356
32,2972,42.9425
32,2973,42.9509
32,2974,42.9588
32,2975,42.9686
32,2976,42.9766
32,2977,42.9849
32,2978,42.9919
32,2979,43.0018
32,2980,43.0102
32,2981,43.0178
32,2982,43.0261
32,2983,43.0353
32,2984,43.0432
32,2985,43.0519
32,2986,43.0605
32,2987,43.0685
32,2988,43.0762
32,2989,43.0847
32,2990,43.0931
32,2991,43.1008
32,2992,43.1096
32,2993,43.1178
32,2994,43.1267
32,2995,43.1341
32,2996,43.1429
32,2997,43.1511
32,2998,43.1584
32,2999,43.1670
32,3000,43.1746
32,3001,43.1824
32,3002,43.1911
32,3003,43.1991
32,3004,43.2072
32,3005,43.2161
32,3006,43.2258
32,3007,43.2352
32,3008,43.2428
32,3009,43.2520
32,3010,43.2618
32,3011,43.2706
32,3012,43.2787
32,3013,43.2867
32,3014,43.2946
32,3015,43.3027
32,3016,43.3106
32,3017,43.3200
32,3018,43.3285
32,3019,43.3365
32,3020,43.3452
32,3021,43.3518
32,3022,43.3606
32,3023,43.3696
32,3024,43.3799
32,3025,43.3876
32,3026,43.3958
32,3027,43.4049
32,3028,43.4126
32,3029,43.4207
32,3030,43.4294
32,3031,43.4372
32,3032,43.4461
32,3033,43.4530
32,3034,43.4611
32,3035,43.4691
32,3036,43.4776
32,3037,43.4858
32,3038,43.4938
32,3039,43.5021
32,3040,43.5110
32,3041,43.5197
32,3042,43.5277
32,3043,43.5369
32,3044,43.5454
32,3045,43.5543
32,3046,43.5621
32,3047,43.5700
32,3048,43.5784
32,3049,43.5868
32,3050,43.5949
32,3051,43.6043
32,3052,43.6121
32,3053,43.6205
32,3054,43.6285
32,3055,43.6375
32,3056,43.6452
32,3057,43.6533
32,3058,43.6611
32,3059,43.6693
32,3060,43.6776
32,3061,43.6856
32,3062,43.6943
32,3063,43.7024
32,3064,43.7107
32,3065,43.7194
32,3066,43.7261
32,3067,43.7357
32,3068,43.7446
32,3069,43.7521
32,3070,43.7604
32,3071,43.7685
32,3072,43.7768
32,3073,43.7860
32,3074,43.7959
32,3075,43.8047
32,3076,43.8135
32,3077,43.8218
32,3078,43.8308
32,3079,43.8387
32,3080,43.8478
32,3081,43.8557
32,3082,43.8635
32,3083,43.8725
32,3084,43.8799
32,3085,43.8880
32,3086,43.8970
32,3087,43.9049
32,3088,43.9137
32,3089,43.9230
32,3090,43.9311
32,3091,43.9391
32,3092,43.9479
32,3093,43.9568
32,3094,43.9646
32,3095,43.9729
32,3096,43.9811
32,3097,43.9887
32,3098,43.9973
32,3099,44.0061
32,3100,44.0145
32,3101,44.0230
32,3102,44.0315
32,3103,44.0399
32,3104,44.0480
32,3105,44.0556
32,3106,44.0636
32,3107,44.0720
32,3108,44.0812
32,3109,44.0883
32,3110,44.0962
32,3111,44.1049
32,3112,44.1139
32,3113,44.1224
32,3114,44.1309
32,3115,44.1386
32,3116,44.1475
32,3117,44.1548
32,3118,44.1622
32,3119,44.1706
32,3120,44.1797
32,3121,44.1882
32,3122,44.1967
32,3123,44.2047
32,3124,44.2129
32,3125,44.2223
32,3126,44.2301
32,3127,44.2380
32,3128,44.2455
32,3129,44.2537
32,3130,44.2614
32,3131,44.2702
32,3132,44.2786
32,3133,44.2868
32,3134,44.2945
32,3135,44.3019
32,3136,44.3096
32,3137,44.3184
32,3138,44.3273
32,3139,44.3344
32,3140,44.3431
32,3141,44.3514
32,3142,44.3595
32,3143,44.3681
32,3144,44.3750
32,3145,44.3827
32,3146,44.3917
32,3147,44.3986
32,3148,44.4067
32,3149,44.4151
32,3150,44.4219
32,3151,44.4300
32,3152,44.4393
32,3153,44.4481
32,3154,44.4562
32,3155,44.4649
32,3156,44.4729
32,3157,44.4813
32,3158,44.4896
32,3159,44.4972
32,3160,44.5047
32,3161,44.5126
32,3162,44.5219
32,3163,44.5313
32,3164,44.5396
32,3165,44.5484
32,3166,44.5563
32,3167,44.5637
32,3168,44.5718
32,3169,44.5793
32,3170,44.5875
32,3171,44.5966
32,3172,44.6046
32,3173,44.6132
32,3174,44.6217
32,3175,44.6305
32,3176,44.6389
32,3177,44.6475
32,3178,44.6561
32,3179,44.6640
32,3180,44.6732
32,3181,44.6822
32,3182,44.6909
32,3183,44.6995
32,3184,44.7071
32,3185,44.7164
32,3186,44.7243
32,3187,44.7331
32,3188,44.7425
32,3189,44.7504
32,3190,44.7580
32,3191,44.7669
32,3192,44.7758
32,3193,44.7846
32,3194,44.7936
32,3195,44.8016
32,3196,44.8097
32,3197,44.8188
32,3198,44.8270
32,3199,44.8362
32,3200,44.8445
32,3201,44.8536
32,3202,44.8619
32,3203,44.8705
32,3204,44.8782
32,3205,44.8875
32,3206,44.8962
32,3207,44.9047
32,3208,44.9135
32,3209,44.9216
32,3210,44.9306
32,3211,44.9392
32,3212,44.9484
32,3213,44.9568
32,3214,44.9652
32,3215,44.9735
32,3216,44.9813
32,3217,44.9891
32,3218,44.9973
32,3219,45.0055
32,3220,45.0134
32,3221,45.0218
32,3222,45.0296
32,3223,45.0373
32,3224,45.0447
32,3225,45.0533
32,3226,45.0614
32,3227,45.0696
32,3228,45.0778
32,3229,45.0864
32,3230,45.0943
32,3231,45.1023
32,3232,45.1102
32,3233,45.1181
32,3234,45.1262
32,3235,45.1343
32,3236,45.1420
32,3237,45.1504
32,3238,45.1578
32,3239,45.1655
32,3240,45.1750
32,3241,45.1827
32,3242,45.1915
32,3243,45.2000
32,3244,45.2082
32,3245,45.2161
32,3246,45.2236
32,3247,45.2324
32,3248,45.2407
32,3249,45.2488
32,3250,45.2577
32,3251,45.2656
32,3252,45.2736
32,3253,45.2821
32,3254,45.2903
32,3255,45.2982
32,3256,45.3066
32,3257,45.3144
32,3258,45.3216
32,3259,45.3292
32,3260,45.3369
32,3261,45.3447
32,3262,45.3530
32,3263,45.3610
32,3264,45.3686
32,3265,45.3761
32,3266,45.3849
32,3267,45.3939
32,3268,45.4014
32,3269,45.4096
32,3270,45.4183
32,3271,45.4259
32,3272,45.4346
32,3273,45.4444
32,3274,45.4526
32,3275,45.4597
32,3276,45.4683
32,3277,45.4769
32,3278,45.4854
32,3279,45.4939
32,3280,45.5031
32,3281,45.5105
32,3282,45.5191
32,3283,45.5276
32,3284,45.5355
32,3285,45.5433
32,3286,45.5515
32,3287,45.5599
32,3288,45.5673
32,3289,45.5747
32,3290,45.5825
32,3291,45.5899
32,3292,45.5974
32,3293,45.6049
32,3294,45.6127
32,3295,45.6208
32,3296,45.6294
32,3297,45.6381
32,3298,45.6458
32,3299,45.6535
32,3300,45.6611
32,3301,45.6684
32,3302,45.6770
32,3303,45.6859
32,3304,45.6939
32,3305,45.7031
32,3306,45.7098
32,3307,45.7195
32,3308,45.7277
32,3309,45.7361
32,3310,45.7447
32,3311,45.7521
32,3312,45.7592
32,3313,45.7672
32,3314,45.7765
32,3315,45.7862
32,3316,45.7933
32,3317,45.8010
32,3318,45.8087
32,3319,45.8170
32,3320,45.8253
32,3321,45.8338
32,3322,45.8418
32,3323,45.8491
32,3324,45.8578
32,3325,45.8657
32,3326,45.8744
32,3327,45.8816
32,3328,45.8898
32,3329,45.8982
32,3330,45.9053
32,3331,45.9142
32,3332,45.9222
32,3333,45.9292
32,3334,45.9369
32,3335,45.9439
32,3336,45.9523
32,3337,45.9604
32,3338,45.9685
32,3339,45.9773
32,3340,45.9851
32,3341,45.9924
32,3342,46.0003
32,3343,46.0079
32,3344,46.0166
32,3345,46.0240
32,3346,46.0314
32,3347,46.0388
32,3348,46.0465
32,3349,46.0556
32,3350,46.0629
32,3351,46.0716
32,3352,46.0788
32,3353,46.0868
32,3354,46.0952
32,3355,46.1031
32,3356,46.1112
32,3357,46.1192
32,3358,46.1265
32,3359,46.1348
32,3360,46.1432
32,3361,46.1510
32,3362,46.1594
32,3363,46.1682
32,3364,46.1759
32,3365,46.1833
32,3366,46.1911
32,3367,46.1995
32,3368,46.2072
32,3369,46.2166
32,3370,46.2243
32,3371,46.2324
32,3372,46.2398
32,3373,46.2483
32,3374,46.2557
32,3375,46.2638
32,3376,46.2727
32,3377,46.2810
32,3378,46.2885
32,3379,46.2970
32,3380,46.3051
32,3381,46.3129
32,3382,46.3213
32,3383,46.3300
32,3384,46.3381
32,3385,46.3459
32,3386,46.3528
32,3387,46.3614
32,3388,46.3707
32,3389,46.3783
32,3390,46.3848
32,3391,46.3932
32,3392,46.4012
32,3393,46.4088
32,3394,46.4171
32,3395,46.4245
32,3396,46.4317
32,3397,46.4393
32,3398,46.4479
32,3399,46.4562
32,3400,46.4647
32,3401,46.4711
32,3402,46.4786
32,3403,46.4875
32,3404,46.4961
32,3405,46.5033
32,3406,46.5108
32,3407,46.5188
32,3408,46.5281
32,3409,46.5364
32,3410,46.5440
32,3411,46.5522
32,3412,46.5603
32,3413,46.5682
32,3414,46.5749
32,3415,46.5837
32,3416,46.5920
32,3417,46.5994
32,3418,46.6071
32,3419,46.6148
32,3420,46.6217
32,3421,46.6296
32,3422,46.6382
32,3423,46.6467
32,3424,46.6537
32,3425,46.6610
32,3426,46.6701
32,3427,46.6786
32,3428,46.6860
32,3429,46.6935
32,3430,46.7018
32,3431,46.7097
32,3432,46.7177
32,3433,46.7261
32,3434,46.7346
32,3435,46.7421
32,3436,46.7495
32,3437,46.7574
32,3438,46.7650
32,3439,46.7735
32,3440,46.7816
32,3441,46.7899
32,3442,46.7985
32,3443,46.8061
32,3444,46.8139
32,3445,46.8224
32,3446,46.8301
32,3447,46.8373
32,3448,46.8457
32,3449,46.8545
32,3450,46.8628
32,3451,46.8700
32,3452,46.8779
32,3453,46.8868
32,3454,46.8943
32,3455,46.9028
32,3456,46.9104
32,3457,46.9186
32,3458,46.9265
32,3459,46.9354
32,3460,46.9430
32,3461,46.9504
32,3462,46.9589
32,3463,46.9669
32,3464,46.9752
32,3465,46.9837
32,3466,46.9916
32,3467,46.9991
32,3468,47.0073
32,3469,47.0155
32,3470,47.0230
32,3471,47.0306
32,3472,47.0382
32,3473,47.0461
32,3474,47.0537
32,3475,47.0616
32,3476,47.0702
32,3477,47.0777
32,3478,47.0864
32,3479,47.0936
32,3480,47.1008
32,3481,47.1093
32,3482,47.1157
32,3483,47.1242
32,3484,47.1316
32,3485,47.1396
32,3486,47.1473
32,3487,47.1550
32,3488,47.1634
32,3489,47.1706
32,3490,47.1789
32,3491,47.1861
32,3492,47.1945
32,3493,47.2020
32,3494,47.2095
32,3495,47.2181
32,3496,47.2260
32,3497,47.2339
32,3498,47.2420
32,3499,47.2499
32,3500,47.2576
32,3501,47.2664
32,3502,47.2728
32,3503,47.2812
32,3504,47.2884
32,3505,47.2959
32,3506,47.3035
32,3507,47.3109
32,3508,47.3177
32,3509,47.3244
32,3510,47.3334
32,3511,47.3416
32,3512,47.3497
32,3513,47.3567
32,3514,47.3640
32,3515,47.3719
32,3516,47.3795
32,3517,47.3860
32,3518,47.3941
32,3519,47.4028
32,3520,47.4113
32,3521,47.4202
32,3522,47.4282
32,3523,47.4353
32,3524,47.4428
32,3525,47.4510
32,3526,47.4581
32,3527,47.4668
32,3528,47.4743
32,3529,47.4824
32,3530,47.4895
32,3531,47.4978
32,3532,47.5055
32,3533,47.5120
32,3534,47.5187
32,3535,47.5263
32,3536,47.5344
32,3537,47.5417
32,3538,47.5494
32,3539,47.5567
32,3540,47.5643
32,3541,47.5725
32,3542,47.5806
32,3543,47.5874
32,3544,47.5950
32,3545,47.6021
32,3546,47.6092
32,3547,47.6174
32,3548,47.6253
32,3549,47.6332
32,3550,47.6413
32,3551,47.6494
32,3552,47.6572
32,3553,47.6645
32,3554,47.6718
32,3555,47.6793
32,3556,47.6870
32,3557,47.6952
32,3558,47.7033
32,3559,47.7105
32,3560,47.7182
32,3561,47.7259
32,3562,47.7334
32,3563,47.7414
32,3564,47.7493
32,3565,47.7554
32,3566,47.7633
32,3567,47.7721
32,3568,47.7799
32,3569,47.7874
32,3570,47.7951
32,3571,47.8031
32,3572,47.8103
32,3573,47.8172
32,3574,47.8240
32,3575,47.8312
32,3576,47.8393
32,3577,47.8470
32,3578,47.8549
32,3579,47.8623
32,3580,47.8703
32,3581,47.8775
32,3582,47.8856
32,3583,47.8939
32,3584,47.9020
32,3585,47.9099
32,3586,47.9167
32,3587,47.9250
32,3588,47.9330
32,3589,47.9415
32,3590,47.9494
32,3591,47.9570
32,3592,47.9650
32,3593,47.9724
32,3594,47.9799
32,3595,47.9881
32,3596,47.9964
32,3597,48.0041
32,3598,48.0115
32,3599,48.0185
32,3600,48.0270
32,3601,48.0344
32,3602,48.0419
32,3603,48.0505
32,3604,48.0593
32,3605,48.0665
32,3606,48.0737
32,3607,48.0810
32,3608,48.0900
32,3609,48.0982
32,3610,48.1053
32,3611,48.1125
32,3612,48.1195
32,3613,48.1279
32,3614,48.1360
32,3615,48.1442
32,3616,48.1514
32,3617,48.1593
32,3618,48.1677
32,3619,48.1750
32,3620,48.1824
32,3621,48.1903
32,3622,48.1976
32,3623,48.2048
32,3624,48.2125
32,3625,48.2196
32,3626,48.2275
32,3627,48.2353
32,3628,48.2432
32,3629,48.2509
32,3630,48.2583
32,3631,48.2667
32,3632,48.2752
32,3633,48.2828
32,3634,48.2908
32,3635,48.2975
32,3636,48.3049
32,3637,48.3127
32,3638,48.3204
32,3639,48.3279
32,3640,48.3352
32,3641,48.3435
32,3642,48.3519
32,3643,48.3587
32,3644,48.3666
32,3645,48.3744
32,3646,48.3822
32,3647,48.3904
32,3648,48.3984
32,3649,48.4053
32,3650,48.4133
32,3651,48.4211
32,3652,48.4284
32,3653,48.4365
32,3654,48.4442
32,3655,48.4514
32,3656,48.4594
32,3657,48.4677
32,3658,48.4746
32,3659,48.4820
32,3660,48.4903
32,3661,48.4976
32,3662,48.5053
32,3663,48.5125
32,3664,48.5188
32,3665,48.5266
32,3666,48.5347
32,3667,48.5422
32,3668,48.5494
32,3669,48.5565
32,3670,48.5641
32,3671,48.5716
32,3672,48.5792
32,3673,48.5868
32,3674,48.5943
32,3675,48.6019
32,3676,48.6087
32,3677,48.6164
32,3678,48.6248
32,3679,48.6320
32,3680,48.6401
32,3681,48.6480
32,3682,48.6564
32,3683,48.6634
32,3684,48.6708
32,3685,48.6781
32,3686,48.6846
32,3687,48.6927
32,3688,48.6991
32,3689,48.7060
32,3690,48.7122
32,3691,48.7203
32,3692,48.7274
32,3693,48.7348
32,3694,48.7428
32,3695,48.7501
32,3696,48.7585
32,3697,48.7662
32,3698,48.7739
32,3699,48.7819
32,3700,48.7889
32,3701,48.7964
32,3702,48.8046
32,3703,48.8122
32,3704,48.8197
32,3705,48.8273
32,3706,48.8352
32,3707,48.8429
32,3708,48.8496
32,3709,48.8571
32,3710,48.8649
32,3711,48.8731
32,3712,48.8810
32,3713,48.8887
32,3714,48.8960
32,3715,48.9036
32,3716,48.9111
32,3717,48.9198
32,3718,48.9283
32,3719,48.9356
32,3720,48.9428
32,3721,48.9495
32,3722,48.9569
32,3723,48.9647
32,3724,48.9733
32,3725,48.9810
32,3726,48.9884
32,3727,48.9957
32,3728,49.0032
32,3729,49.0109
32,3730,49.0180
32,3731,49.0253
32,3732,49.0337
32,3733,49.0408
32,3734,49.0488
32,3735,49.0574
32,3736,49.0650
32,3737,49.0726
32,3738,49.0793
32,3739,49.0877
32,3740,49.0942
32,3741,49.1032
32,3742,49.1106
32,3743,49.1182
32,3744,49.1250
32,3745,49.1329
32,3746,49.1404
32,3747,49.1465
32,3748,49.1546
32,3749,49.1622
32,3750,49.1691
32,3751,49.1752
32,3752,49.1831
32,3753,49.1909
32,3754,49.1978
32,3755,49.2051
32,3756,49.2128
32,3757,49.2198
32,3758,49.2279
32,3759,49.2349
32,3760,49.2423
32,3761,49.2501
32,3762,49.2589
32,3763,49.2669
32,3764,49.2751
32,3765,49.2830
32,3766,49.2903
32,3767,49.2979
32,3768,49.3059
32,3769,49.3132
32,3770,49.3213
32,3771,49.3282
32,3772,49.3353
32,3773,49.3439
32,3774,49.3515
32,3775,49.3580
32,3776,49.3655
32,3777,49.3733
32,3778,49.3799
32,3779,49.3873
32,3780,49.3948
32,3781,49.4026
32,3782,49.4101
32,3783,49.4176
32,3784,49.4244
32,3785,49.4323
32,3786,49.4392
32,3787,49.4469
32,3788,49.4538
32,3789,49.4617
32,3790,49.4689
32,3791,49.4767
32,3792,49.4838
32,3793,49.4914
32,3794,49.4991
32,3795,49.5068
32,3796,49.5154
32,3797,49.5228
32,3798,49.5296
32,3799,49.5368
32,3800,49.5437
32,3801,49.5512
32,3802,49.5582
32,3803,49.5656
32,3804,49.5730
32,3805,49.5805
32,3806,49.5876
32,3807,49.5943
32,3808,49.6011
32,3809,49.6091
32,3810,49.6169
32,3811,49.6242
32,3812,49.6312
32,3813,49.6393
32,3814,49.6461
32,3815,49.6529
32,3816,49.6609
32,3817,49.6688
32,3818,49.6759
32,3819,49.6841
32,3820,49.6922
32,3821,49.6992
32,3822,49.7079
32,3823,49.7149
32,3824,49.7226
32,3825,49.7312
32,3826,49.7384
32,3827,49.7466
32,3828,49.7557
32,3829,49.7624
32,3830,49.7694
32,3831,49.7769
32,3832,49.7845
32,3833,49.7925
32,3834,49.7990
32,3835,49.8071
32,3836,49.8142
32,3837,49.8216
32,3838,49.8287
32,3839,49.8360
32,3840,49.8433
32,3841,49.8516
32,3842,49.8608
32,3843,49.8682
32,3844,49.8756
32,3845,49.8826
32,3846,49.8902
32,3847,49.8975
32,3848,49.9048
32,3849,49.9123
32,3850,49.9200
32,3851,49.9283
32,3852,49.9358
32,3853,49.9429
32,3854,49.9506
32,3855,49.9574
32,3856,49.9659
32,3857,49.9727
32,3858,49.9798
32,3859,49.9868
32,3860,49.9936
32,3861,50.0009
32,3862,50.0086
32,3863,50.0154
32,3864,50.0218
32,3865,50.0285
32,3866,50.0360
32,3867,50.0433
32,3868,50.0500
32,3869,50.0576
32,3870,50.0647
32,3871,50.0725
32,3872,50.0797
32,3873,50.0860
32,3874,50.0938
32,3875,50.1013
32,3876,50.1091
32,3877,50.1159
32,3878,50.1239
32,3879,50.1316
32,3880,50.1397
32,3881,50.1477
32,3882,50.1555
32,3883,50.1628
32,3884,50.1699
32,3885,50.1776
32,3886,50.1848
32,3887,50.1916
32,3888,50.1982
32,3889,50.2060
32,3890,50.2136
32,3891,50.2204
32,3892,50.2274
32,3893,50.2352
32,3894,50.2417
32,3895,50.2495
32,3896,50.2568
32,3897,50.2631
32,3898,50.2701
32,3899,50.2773
32,3900,50.2855
32,3901,50.2941
32,3902,50.3015
32,3903,50.3093
32,3904,50.3160
32,3905,50.3234
32,3906,50.3309
32,3907,50.3385
32,3908,50.3451
32,3909,50.3527
32,3910,50.3601
32,3911,50.3676
32,3912,50.3747
32,3913,50.3814
32,3914,50.3889
32,3915,50.3969
32,3916,50.4045
32,3917,50.4117
32,3918,50.4196
32,3919,50.4280
32,3920,50.4352
32,3921,50.4419
32,3922,50.4491
32,3923,50.4564
32,3924,50.4630
32,3925,50.4700
32,3926,50.4775
32,3927,50.4845
32,3928,50.4923
32,3929,50.4998
32,3930,50.5071
32,3931,50.5151
32,3932,50.5233
32,3933,50.5308
32,3934,50.5372
32,3935,50.5437
32,3936,50.5512
32,3937,50.5576
32,3938,50.5647
32,3939,50.5724
32,3940,50.5797
32,3941,50.5871
32,3942,50.5951
32,3943,50.6021
32,3944,50.6098
32,3945,50.6172
32,3946,50.6241
32,3947,50.6324
32,3948,50.6403
32,3949,50.6481
32,3950,50.6556
32,3951,50.6624
32,3952,50.6691
32,3953,50.6760
32,3954,50.6835
32,3955,50.6912
32,3956,50.6986
32,3957,50.7044
32,3958,50.7113
32,3959,50.7190
32,3960,50.7266
32,3961,50.7342
32,3962,50.7419
32,3963,50.7487
32,3964,50.7562
32,3965,50.7643
32,3966,50.7711
32,3967,50.7776
32,3968,50.7856
32,3969,50.7925
32,3970,50.8005
32,3971,50.8076
32,3972,50.8143
32,3973,50.8214
32,3974,50.8289
32,3975,50.8364
32,3976,50.8438
32,3977,50.8512
32,3978,50.8582
32,3979,50.8651
32,3980,50.8734
32,3981,50.8812
32,3982,50.8886
32,3983,50.8965
32,3984,50.9032
32,3985,50.9104
32,3986,50.9176
32,3987,50.9255
32,3988,50.9332
32,3989,50.9401
32,3990,50.9471
32,3991,50.9548
32,3992,50.9623
32,3993,50.9695
32,3994,50.9769
32,3995,50.9833
32,3996,50.9905
32,3997,50.9977
32,3998,51.0052
32,3999,51.0132
32,4000,51.0205
32,4001,51.0282
32,4002,51.0360
32,4003,51.0430
32,4004,51.0505
32,4005,51.0585
32,4006,51.0660
32,4007,51.0730
32,4008,51.0807
32,4009,51.0883
32,4010,51.0963
32,4011,51.1031
32,4012,51.1115
32,4013,51.1188
32,4014,51.1270
32,4015,51.1346
32,4016,51.1429
32,4017,51.1504
32,4018,51.1582
32,4019,51.1659
32,4020,51.1732
32,4021,51.1809
32,4022,51.1887
32,4023,51.1956
32,4024,51.2023
32,4025,51.2087
32,4026,51.2155
32,4027,51.2237
32,4028,51.2297
32,4029,51.2368
32,4030,51.2445
32,4031,51.2509
32,4032,51.2597
32,4033,51.2673
32,4034,51.2743
32,4035,51.2811
32,4036,51.2878
32,4037,51.2954
32,4038,51.3030
32,4039,51.3105
32,4040,51.3173
32,4041,51.3246
32,4042,51.3320
32,4043,51.3386
32,4044,51.3462
32,4045,51.3529
32,4046,51.3595
32,4047,51.3659
32,4048,51.3733
32,4049,51.3806
32,4050,51.3884
32,4051,51.3958
32,4052,51.4028
32,4053,51.4106
32,4054,51.4181
32,4055,51.4262
32,4056,51.4335
32,4057,51.4416
32,4058,51.4486
32,4059,51.4555
32,4060,51.4627
32,4061,51.4705
32,4062,51.4778
32,4063,51.4855
32,4064,51.4929
32,4065,51.5001
32,4066,51.5069
32,4067,51.5135
32,4068,51.5209
32,4069,51.5277
32,4070,51.5356
32,4071,51.5424
32,4072,51.5494
32,4073,51.5559
32,4074,51.5633
32,4075,51.5709
32,4076,51.5778
32,4077,51.5854
32,4078,51.5926
32,4079,51.6003
32,4080,51.6069
32,4081,51.6143
32,4082,51.6211
32,4083,51.6284
32,4084,51.6359
32,4085,51.6432
32,4086,51.6507
32,4087,51.6575
32,4088,51.6646
32,4089,51.6714
32,4090,51.6786
32,4091,51.6852
32,4092,51.6935
32,4093,51.6999
32,4094,51.7066
32,4095,51.7141
32,4096,51.7204
32,4097,51.7269
32,4098,51.7336
32,4099,51.7407
32,4100,51.7477
32,4101,51.7550
32,4102,51.7618
32,4103,51.7689
32,4104,51.7765
32,4105,51.7829
32,4106,51.7897
32,4107,51.7969
32,4108,51.8050
32,4109,51.8133
32,4110,51.8209
32,4111,51.8284
32,4112,51.8363
32,4113,51.8437
32,4114,51.8509
32,4115,51.8576
32,4116,51.8645
32,4117,51.8722
32,4118,51.8788
32,4119,51.8853
32,4120,51.8929
32,4121,51.8998
32,4122,51.9063
32,4123,51.9139
32,4124,51.9219
32,4125,51.9282
32,4126,51.9352
32,4127,51.9421
32,4128,51.9488
32,4129,51.9566
32,4130,51.9635
32,4131,51.9708
32,4132,51.9778
32,4133,51.9845
32,4134,51.9923
32,4135,52.0001
32,4136,52.0079
32,4137,52.0145
32,4138,52.0218
32,4139,52.0295
32,4140,52.0369
32,4141,52.0437
32,4142,52.0509
32,4143,52.0591
32,4144,52.0659
32,4145,52.0734
32,4146,52.0792
32,4147,52.0867
32,4148,52.0937
32,4149,52.1014
32,4150,52.1081
32,4151,52.1150
32,4152,52.1217
32,4153,52.1289
32,4154,52.1362
32,4155,52.1437
32,4156,52.1506
32,4157,52.1582
32,4158,52.1646
32,4159,52.1718
32,4160,52.1795
32,4161,52.1862
32,4162,52.1944
32,4163,52.2016
32,4164,52.2088
32,4165,52.2163
32,4166,52.2237
32,4167,52.2295
32,4168,52.2372
32,4169,52.2442
32,4170,52.2512
32,4171,52.2586
32,4172,52.2672
32,4173,52.2746
32,4174,52.2815
32,4175,52.2891
32,4176,52.2961
32,4177,52.3030
32,4178,52.3100
32,4179,52.3175
32,4180,52.3235
32,4181,52.3300
32,4182,52.3382
32,4183,52.3459
32,4184,52.3526
32,4185,52.3599
32,4186,52.3670
32,4187,52.3739
32,4188,52.3808
32,4189,52.3880
32,4190,52.3948
32,4191,52.4026
32,4192,52.4097
32,4193,52.4180
32,4194,52.4240
32,4195,52.4306
32,4196,52.4390
32,4197,52.4466
32,4198,52.4543
32,4199,52.4614
32,4200,52.4679
32,4201,52.4742
32,4202,52.4814
32,4203,52.4883
32,4204,52.4952
32,4205,52.5029
32,4206,52.5096
32,4207,52.5164
32,4208,52.5242
32,4209,52.5313
32,4210,52.5391
32,4211,52.5466
32,4212,52.5534
32,4213,52.5605
32,4214,52.5678
32,4215,52.5741
32,4216,52.5808
32,4217,52.5884
32,4218,52.5953
32,4219,52.6025
32,4220,52.6106
32,4221,52.6170
32,4222,52.6230
32,4223,52.6307
32,4224,52.6381
32,4225,52.6463
32,4226,52.6530
32,4227,52.6602
32,4228,52.6669
32,4229,52.6747
32,4230,52.6811
32,4231,52.6881
32,4232,52.6957
32,4233,52.7032
32,4234,52.7109
32,4235,52.7182
32,4236,52.7255
32,4237,52.7323
32,4238,52.7398
32,4239,52.7470
32,4240,52.7539
32,4241,52.7619
32,4242,52.7696
32,4243,52.7761
32,4244,52.7837
32,4245,52.7907
32,4246,52.7976
32,4247,52.8046
32,4248,52.8122
32,4249,52.8188
32,4250,52.8252
32,4251,52.8320
32,4252,52.8392
32,4253,52.8450
32,4254,52.8514
32,4255,52.8580
32,4256,52.8643
32,4257,52.8717
32,4258,52.8781
32,4259,52.8846
32,4260,52.8923
32,4261,52.8988
32,4262,52.9058
32,4263,52.9128
32,4264,52.9201
32,4265,52.9275
32,4266,52.9342
32,4267,52.9418
32,4268,52.9486
32,4269,52.9554
32,4270,52.9622
32,4271,52.9692
32,4272,52.9758
32,4273,52.9835
32,4274,52.9910
32,4275,52.9982
32,4276,53.0053
32,4277,53.0128
32,4278,53.0197
32,4279,53.0273
32,4280,53.0344
32,4281,53.0408
32,4282,53.0481
32,4283,53.0548
32,4284,53.0611
32,4285,53.0680
32,4286,53.0752
32,4287,53.0822
32,4288,53.0900
32,4289,53.0959
32,4290,53.1035
32,4291,53.1102
32,4292,53.1177
32,4293,53.1246
32,4294,53.1325
32,4295,53.1396
32,4296,53.1462
32,4297,53.1529
32,4298,53.1604
32,4299,53.1671
32,4300,53.1731
32,4301,53.1796
32,4302,53.1866
32,4303,53.1938
32,4304,53.2010
32,4305,53.2083
32,4306,53.2157
32,4307,53.2221
32,4308,53.2287
32,4309,53.2357
32,4310,53.2427
32,4311,53.2493
32,4312,53.2566
32,4313,53.2636
32,4314,53.2717
32,4315,53.2786
32,4316,53.2850
32,4317,53.2931
32,4318,53.2996
32,4319,53.3069
32,4320,53.3131
32,4321,53.3203
32,4322,53.3272
32,4323,53.3346
32,4324,53.3413
32,4325,53.3486
32,4326,53.3557
32,4327,53.3629
32,4328,53.3704
32,4329,53.3766
32,4330,53.3838
32,4331,53.3911
32,4332,53.3986
32,4333,53.4061
32,4334,53.4136
32,4335,53.4200
32,4336,53.4264
32,4337,53.4342
32,4338,53.4414
32,4339,53.4469
32,4340,53.4546
32,4341,53.4618
32,4342,53.4690
32,4343,53.4757
32,4344,53.4833
32,4345,53.4895
32,4346,53.4973
32,4347,53.5053
32,4348,53.5125
32,4349,53.5187
32,4350,53.5265
32,4351,53.5342
32,4352,53.5413
32,4353,53.5482
32,4354,53.5556
32,4355,53.5621
32,4356,53.5686
32,4357,53.5758
32,4358,53.5828
32,4359,53.5906
32,4360,53.5975
32,4361,53.6051
32,4362,53.6127
32,4363,53.6197
32,4364,53.6272
32,4365,53.6353
32,4366,53.6420
32,4367,53.6495
32,4368,53.6566
32,4369,53.6644
32,4370,53.6709
32,4371,53.6784
32,4372,53.6862
32,4373,53.6940
32,4374,53.7017
32,4375,53.7082
32,4376,53.7152
32,4377,53.7226
32,4378,53.7295
32,4379,53.7372
32,4380,53.7446
32,4381,53.7524
32,4382,53.7593
32,4383,53.7662
32,4384,53.7736
32,4385,53.7804
32,4386,53.7867
32,4387,53.7948
32,4388,53.8021
32,4389,53.8093
32,4390,53.8166
32,4391,53.8233
32,4392,53.8303
32,4393,53.8375
32,4394,53.8438
32,4395,53.8510
32,4396,53.8580
32,4397,53.8650
32,4398,53.8722
32,4399,53.8792
32,4400,53.8867
32,4401,53.8937
32,4402,53.9002
32,4403,53.9071
32,4404,53.9154
32,4405,53.9224
32,4406,53.9286
32,4407,53.9356
32,4408,53.9433
32,4409,53.9508
32,4410,53.9586
32,4411,53.9650
32,4412,53.9718
32,4413,53.9786
32,4414,53.9852
32,4415,53.9922
32,4416,53.9994
32,4417,54.0060
32,4418,54.0134
32,4419,54.0211
32,4420,54.0275
32,4421,54.0341
32,4422,54.0412
32,4423,54.0484
32,4424,54.0561
32,4425,54.0629
32,4426,54.0699
32,4427,54.0766
32,4428,54.0824
32,4429,54.0895
32,4430,54.0964
32,4431,54.1043
32,4432,54.1112
32,4433,54.1187
32,4434,54.1263
32,4435,54.1343
32,4436,54.1409
32,4437,54.1470
32,4438,54.1546
32,4439,54.1616
32,4440,54.1689
32,4441,54.1760
32,4442,54.1829
32,4443,54.1892
32,4444,54.1961
32,4445,54.2035
32,4446,54.2106
32,4447,54.2174
32,4448,54.2244
32,4449,54.2313
32,4450,54.2384
32,4451,54.2454
32,4452,54.2525
32,4453,54.2594
32,4454,54.2656
32,4455,54.2724
32,4456,54.2796
32,4457,54.2868
32,4458,54.2945
32,4459,54.3015
32,4460,54.3092
32,4461,54.3163
32,4462,54.2699
32,4463,54.2768
32,4464,54.2834
32,4465,54.2918
32,4466,54.2988
32,4467,54.3058
32,4468,54.3128
32,4469,54.3199
32,4470,54.3273
32,4471,54.3346
32,4472,54.3419
32,4473,54.3481
32,4474,54.3546
32,4475,54.3610
32,4476,54.3673
32,4477,54.3731
32,4478,54.3799
32,4479,54.3863
32,4480,54.3924
32,4481,54.3996
32,4482,54.4062
32,4483,54.4135
32,4484,54.4201
32,4485,54.4265
32,4486,54.4338
32,4487,54.4405
32,4488,54.4468
32,4489,54.4536
32,4490,54.4605
32,4491,54.4684
32,4492,54.4754
32,4493,54.4822
32,4494,54.4891
32,4495,54.4962
32,4496,54.5028
32,4497,54.5099
32,4498,54.5174
32,4499,54.5247
32,4500,54.5319
32,4501,54.5394
32,4502,54.5471
32,4503,54.5538
32,4504,54.5606
32,4505,54.5677
32,4506,54.5751
32,4507,54.5824
32,4508,54.5894
32,4509,54.5964
32,4510,54.6037
32,4511,54.6103
32,4512,54.6177
32,4513,54.6247
32,4514,54.6311
32,4515,54.6376
32,4516,54.6441
32,4517,54.6517
32,4518,54.6591
32,4519,54.6659
32,4520,54.6729
32,4521,54.6795
32,4522,54.6868
32,4523,54.6943
32,4524,54.7007
32,4525,54.7083
32,4526,54.7150
32,4527,54.7227
32,4528,54.7288
32,4529,54.7344
32,4530,54.7424
32,4531,54.7503
32,4532,54.7576
32,4533,54.7636
32,4534,54.7703
32,4535,54.7767
32,4536,54.7845
32,4537,54.7907
32,4538,54.7979
32,4539,54.8052
32,4540,54.8116
32,4541,54.8187
32,4542,54.8269
32,4543,54.8339
32,4544,54.8418
32,4545,54.8478
32,4546,54.8552
32,4547,54.8627
32,4548,54.8700
32,4549,54.8769
32,4550,54.8841
32,4551,54.8903
32,4552,54.8966
32,4553,54.9034
32,4554,54.9100
32,4555,54.9180
32,4556,54.9251
32,4557,54.9320
32,4558,54.9389
32,4559,54.9461
32,4560,54.9531
32,4561,54.9592
32,4562,54.9660
32,4563,54.9728
32,4564,54.9799
32,4565,54.9876
32,4566,54.9462
32,4567,54.9530
32,4568,54.9598
32,4569,54.9661
32,4570,54.9727
32,4571,54.9797
32,4572,54.9872
32,4573,54.9942
32,4574,55.0004
32,4575,55.0068
32,4576,55.0136
32,4577,55.0206
32,4578,55.0278
32,4579,55.0343
32,4580,55.0410
32,4581,55.0487
32,4582,55.0558
32,4583,55.0619
32,4584,55.0683
32,4585,55.0755
32,4586,55.0827
32,4587,55.0890
32,4588,55.0960
32,4589,55.1034
32,4590,55.1103
32,4591,55.1174
32,4592,55.1247
32,4593,55.1309
32,4594,55.1380
32,4595,55.1448
32,4596,55.1514
32,4597,55.1585
32,4598,55.1658
32,4599,55.1744
32,4600,55.1800
32,4601,55.1854
32,4602,55.1916
32,4603,55.1985
32,4604,55.2064
32,4605,55.2147
32,4606,55.2216
32,4607,55.2293
32,4608,55.1786
32,4609,55.1846
32,4610,55.1918
32,4611,55.1991
32,4612,55.2057
32,4613,55.2129
32,4614,55.2197
32,4615,55.2257
32,4616,55.2324
32,4617,55.2389
32,4618,55.2456
32,4619,55.2530
32,4620,55.2600
32,4621,55.2664
32,4622,55.2730
32,4623,55.2797
32,4624,55.2866
32,4625,55.2925
32,4626,55.2994
32,4627,55.3063
32,4628,55.3127
32,4629,55.3191
32,4630,55.3246
32,4631,55.3312
32,4632,55.3375
32,4633,55.3445
32,4634,55.3512
32,4635,55.3588
32,4636,55.3657
32,4637,55.3719
32,4638,55.3785
32,4639,55.3856
32,4640,55.3926
32,4641,55.3995
32,4642,55.4066
32,4643,55.3534
32,4644,55.3601
32,4645,55.3670
32,4646,55.3737
32,4647,55.3815
32,4648,55.3879
32,4649,55.3946
32,4650,55.4028
32,4651,55.4096
32,4652,55.4163
32,4653,55.4226
32,4654,55.4297
32,4655,55.4364
32,4656,55.4424
32,4657,55.4498
32,4658,55.4157
32,4659,55.4233
32,4660,55.4301
32,4661,55.4362
32,4662,55.4423
32,4663,55.4500
32,4664,55.4568
32,4665,55.4635
32,4666,55.4699
32,4667,55.4779
32,4668,55.4852
32,4669,55.4915
32,4670,55.4977
32,4671,55.5043
32,4672,55.4680
32,4673,55.4015
32,4674,55.4081
32,4675,55.4150
32,4676,55.4220
32,4677,55.4289
32,4678,55.4358
32,4679,55.4426
32,4680,55.4504
32,4681,55.4569
32,4682,55.4639
32,4683,55.4709
32,4684,55.4777
32,4685,55.4852
32,4686,55.4921
32,4687,55.4991
32,4688,55.5062
32,4689,55.5132
32,4690,55.5208
32,4691,55.5281
32,4692,55.5351
32,4693,55.5425
32,4694,55.5497
32,4695,55.5565
32,4696,55.5623
32,4697,55.5692
32,4698,55.5756
32,4699,55.5829
32,4700,55.5898
32,4701,55.5964
32,4702,55.6030
32,4703,55.6102
32,4704,55.6170
32,4705,55.6240
32,4706,55.6296
32,4707,55.6361
32,4708,55.6441
32,4709,55.6516
32,4710,55.6590
32,4711,55.6659
32,4712,55.6728
32,4713,55.6799
32,4714,55.6869
32,4715,55.6941
32,4716,55.7015
32,4717,55.7085
32,4718,55.7148
32,4719,55.7209
32,4720,55.7280
32,4721,55.7349
32,4722,55.7412
32,4723,55.7471
32,4724,55.7542
32,4725,55.7604
32,4726,55.7674
32,4727,55.7748
32,4728,55.7808
32,4729,55.7878
32,4730,55.7939
32,4731,55.8012
32,4732,55.8087
32,4733,55.8154
32,4734,55.8234
32,4735,55.8302
32,4736,55.8364
32,4737,55.8424
32,4738,55.8490
32,4739,55.8568
32,4740,55.8639
32,4741,55.8706
32,4742,55.8773
32,4743,55.8845
32,4744,55.8698
32,4745,55.8761
32,4746,55.8824
32,4747,55.8887
32,4748,55.8954
32,4749,55.9023
32,4750,55.9096
32,4751,55.9164
32,4752,55.9233
32,4753,55.9300
32,4754,55.9379
32,4755,55.9446
32,4756,55.9510
32,4757,55.9576
32,4758,55.9645
32,4759,55.8875
32,4760,55.8942
32,4761,55.9015
32,4762,55.9079
32,4763,55.9145
32,4764,55.9214
32,4765,55.9283
32,4766,55.8761
32,4767,55.8824
32,4768,55.8896
32,4769,55.8963
32,4770,55.9034
32,4771,55.9094
32,4772,55.8598
32,4773,55.8659
32,4774,55.8727
32,4775,55.8796
32,4776,55.8339
32,4777,55.8410
32,4778,55.8481
32,4779,55.8548
32,4780,55.8602
32,4781,55.8672
32,4782,55.8499
32,4783,55.8556
32,4784,55.8626
32,4785,55.8693
32,4786,55.8752
32,4787,55.8812
32,4788,55.8880
32,4789,55.8945
32,4790,55.8670
32,4791,55.8469
32,4792,55.8534
32,4793,55.8592
32,4794,55.8650
32,4795,55.8718
32,4796,55.8787
32,4797,55.8854
32,4798,55.8918
32,4799,55.8979
32,4800,55.9037
32,4801,55.9094
32,4802,55.9161
32,4803,55.9231
32,4804,55.9290
32,4805,55.9365
32,4806,55.9440
32,4807,55.9493
32,4808,55.9239
32,4809,55.9306
32,4810,55.9364
32,4811,55.9433
32,4812,55.9001
32,4813,55.9065
32,4814,55.9110
32,4815,55.9186
32,4816,55.9253
32,4817,55.9313
32,4818,55.9378
32,4819,55.9452
32,4820,55.9512
32,4821,55.9570
32,4822,55.9628
32,4823,55.9688
32,4824,55.9752
32,4825,55.9808
32,4826,55.9873
32,4827,55.9936
32,4828,56.0000
32,4829,56.0064
32,4830,56.0137
32,4831,56.0194
32,4832,56.0099
32,4833,56.0161
32,4834,55.9929
32,4835,55.9992
32,4836,55.9415
32,4837,55.9476
32,4838,55.9542
32,4839,55.9609
32,4840,55.9676
32,4841,55.9740
32,4842,55.9792
32,4843,55.9854
32,4844,55.9921
32,4845,55.9990
32,4846,55.9675
32,4847,55.9738
32,4848,55.9803
32,4849,55.9877
32,4850,55.9945
32,4851,56.0005
32,4852,56.0062
32,4853,55.9873
32,4854,55.9938
32,4855,55.9996
32,4856,56.0054
32,4857,56.0128
32,4858,56.0196
32,4859,56.0261
32,4860,56.0330
32,4861,56.0400
32,4862,56.0176
32,4863,56.0240
32,4864,56.0301
32,4865,56.0360
32,4866,56.0431
32,4867,56.0498
32,4868,56.0563
32,4869,56.0631
32,4870,56.0707
32,4871,56.0783
32,4872,56.0847
32,4873,56.0916
32,4874,56.0987
32,4875,56.1054
32,4876,56.1116
32,4877,56.1180
32,4878,56.1246
32,4879,56.1319
32,4880,56.1383
32,4881,56.1446
32,4882,56.1506
32,4883,56.1571
32,4884,56.1406
32,4885,56.1463
32,4886,56.1534
32,4887,56.1594
32,4888,56.1650
32,4889,56.1715
32,4890,56.1783
32,4891,56.1846
32,4892,56.1909
32,4893,56.1971
32,4894,56.2045
32,4895,56.2107
32,4896,56.2170
32,4897,56.2235
32,4898,56.2303
32,4899,56.2368
32,4900,56.2434
32,4901,56.2496
32,4902,56.2558
32,4903,56.2629
32,4904,56.2700
32,4905,56.2769
32,4906,56.2836
32,4907,56.2901
32,4908,56.2969
32,4909,56.3033
32,4910,56.3094
32,4911,56.3156
32,4912,56.3224
32,4913,56.3287
32,4914,56.3349
32,4915,56.3412
32,4916,56.3466
32,4917,56.3534
32,4918,56.3587
32,4919,56.3655
32,4920,56.3715
32,4921,56.3771
32,4922,56.3836
32,4923,56.3900
32,4924,56.3966
32,4925,56.4029
32,4926,56.4097
32,4927,56.4157
32,4928,56.4209
32,4929,56.4263
32,4930,56.4331
32,4931,56.4394
32,4932,56.4460
32,4933,56.4516
32,4934,56.4583
32,4935,56.4648
32,4936,56.4718
32,4937,56.4784
32,4938,56.4850
32,4939,56.4798
32,4940,56.4683
32,4941,56.4734
32,4942,56.4810
32,4943,56.4868
32,4944,56.4926
32,4945,56.4996
32,4946,56.5063
32,4947,56.5122
32,4948,56.5182
32,4949,56.5247
32,4950,56.5321
32,4951,56.5385
32,4952,56.5442
32,4953,56.5508
32,4954,56.5567
32,4955,56.5641
32,4956,56.5696
32,4957,56.5754
32,4958,56.5830
32,4959,56.5813
32,4960,56.5870
32,4961,56.5940
32,4962,56.6000
32,4963,56.6078
32,4964,56.6135
32,4965,56.6209
32,4966,56.6270
32,4967,56.6337
32,4968,56.6407
32,4969,56.6475
32,4970,56.6531
32,4971,56.6595
32,4972,56.6650
32,4973,56.6705
32,4974,56.6505
32,4975,56.6571
32,4976,56.6643
32,4977,56.6705
32,4978,56.6760
32,4979,56.6834
32,4980,56.6892
32,4981,56.6952
32,4982,56.7011
32,4983,56.7071
32,4984,56.7123
32,4985,56.7190
32,4986,56.7250
32,4987,56.7315
32,4988,56.7376
32,4989,56.7451
32,4990,56.7516
32,4991,56.7570
32,4992,56.7156
32,4993,56.7224
32,4994,56.7284
32,4995,56.7358
32,4996,56.7423
32,4997,56.7484
32,4998,56.7554
32,4999,56.7618
32,5000,56.7673
64,1,0.0000
64,2,0.5186
64,3,0.7219
64,4,0.8527
64,5,1.0123
64,6,1.1653
64,7,1.2781
64,8,1.3746
64,9,1.4778
64,10,1.5726
64,11,1.6762
64,12,1.7543
64,13,1.8272
64,14,1.8973
64,15,1.9570
64,16,2.0226
64,17,2.0986
64,18,2.1620
64,19,2.2270
64,20,2.2783
64,21,2.3294
64,22,2.3917
64,23,2.4435
64,24,2.5005
64,25,2.5460
64,26,2.5920
64,27,2.6343
64,28,2.6813
64,29,2.7313
64,30,2.7759
64,31,2.8227
64,32,2.8695
64,33,2.9118
64,34,2.9629
64,35,3.0047
64,36,3.0399
64,37,3.0808
64,38,3.1132
64,39,3.1547
64,40,3.1970
64,41,3.2405
64,42,3.2793
64,43,3.3199
64,44,3.3575
64,45,3.3963
64,46,3.4352
64,47,3.4832
64,48,3.5214
64,49,3.5618
64,50,3.5946
64,51,3.6306
64,52,3.6641
64,53,3.7009
64,54,3.7358
64,55,3.7687
64,56,3.8073
64,57,3.8480
64,58,3.8755
64,59,3.9105
64,60,3.9426
64,61,3.9725
64,62,4.0091
64,63,4.0474
64,64,4.0821
64,65,4.1197
64,66,4.1515
64,67,4.1783
64,68,4.2117
64,69,4.2417
64,70,4.2798
64,71,4.3105
64,72,4.3362
64,73,4.3713
64,74,4.4020
64,75,4.4306
64,76,4.4623
64,77,4.4950
64,78,4.5253
64,79,4.5534
64,80,4.5870
64,81,4.6149
64,82,4.6483
64,83,4.6792
64,84,4.7059
64,85,4.7359
64,86,4.7636
64,87,4.7911
64,88,4.8234
64,89,4.8514
64,90,4.8778
64,91,4.9105
64,92,4.9408
64,93,4.9676
64,94,4.9994
64,95,5.0310
64,96,5.0596
64,97,5.0867
64,98,5.1147
64,99,5.1420
64,100,5.1693
64,101,5.1984
64,102,5.2257
64,103,5.2544
64,104,5.2830
64,105,5.3067
64,106,5.3364
64,107,5.3660
64,108,5.3910
64,109,5.4189
64,110,5.4460
64,111,5.4725
64,112,5.4992
64,113,5.5262
64,114,5.5515
64,115,5.5774
64,116,5.6046
64,117,5.6319
64,118,5.6573
64,119,5.6813
64,120,5.7085
64,121,5.7332
64,122,5.7577
64,123,5.7824
64,124,5.8103
64,125,5.8335
64,126,5.8573
64,127,5.8810
64,128,5.9080
64,129,5.9352
64,130,5.9578
64,131,5.9811
64,132,6.0055
64,133,6.0304
64,134,6.0541
64,135,6.0756
64,136,6.0992
64,137,6.1212
64,138,6.1431
64,139,6.1684
64,140,6.1943
64,141,6.2216
64,142,6.2475
64,143,6.2696
64,144,6.2921
64,145,6.3149
64,146,6.3376
64,147,6.3622
64,148,6.3856
64,149,6.4022
64,150,6.4229
64,151,6.4467
64,152,6.4709
64,153,6.4936
64,154,6.5162
64,155,6.5337
64,156,6.5557
64,157,6.5786
64,158,6.6000
64,159,6.6213
64,160,6.6431
64,161,6.6660
64,162,6.6852
64,163,6.7080
64,164,6.7313
64,165,6.7495
64,166,6.7716
64,167,6.7945
64,168,6.8168
64,169,6.8353
64,170,6.8556
64,171,6.8743
64,172,6.8945
64,173,6.9140
64,174,6.9357
64,175,6.9588
64,176,6.9761
64,177,6.9939
64,178,7.0148
64,179,7.0381
64,180,7.0605
64,181,7.0811
64,182,7.0993
64,183,7.1212
64,184,7.1410
64,185,7.1613
64,186,7.1808
64,187,7.1993
64,188,7.2165
64,189,7.2369
64,190,7.2534
64,191,7.2745
64,192,7.2957
64,193,7.3180
64,194,7.3386
64,195,7.3564
64,196,7.3767
64,197,7.3925
64,198,7.4145
64,199,7.4338
64,200,7.4573
64,201,7.4783
64,202,7.4989
64,203,7.5195
64,204,7.5354
64,205,7.5551
64,206,7.5737
64,207,7.5927
64,208,7.6151
64,209,7.6377
64,210,7.6567
64,211,7.6761
64,212,7.6964
64,213,7.7132
64,214,7.7381
64,215,7.7572
64,216,7.7745
64,217,7.7922
64,218,7.8093
64,219,7.8303
64,220,7.8481
64,221,7.8681
64,222,7.8882
64,223,7.9069
64,224,7.9239
64,225,7.9442
64,226,7.9660
64,227,7.9859
64,228,8.0058
64,229,8.0257
64,230,8.0421
64,231,8.0598
64,232,8.0809
64,233,8.0986
64,234,8.1144
64,235,8.1338
64,236,8.1545
64,237,8.1722
64,238,8.1944
64,239,8.2115
64,240,8.2284
64,241,8.2474
64,242,8.2649
64,243,8.2831
64,244,8.3020
64,245,8.3213
64,246,8.3392
64,247,8.3567
64,248,8.3759
64,249,8.3914
64,250,8.4082
64,251,8.4306
64,252,8.4483
64,253,8.4631
64,254,8.4785
64,255,8.4971
64,256,8.5143
64,257,8.5307
64,258,8.5496
64,259,8.5656
64,260,8.5842
64,261,8.6022
64,262,8.6207
64,263,8.6391
64,264,8.6564
64,265,8.6750
64,266,8.6936
64,267,8.7141
64,268,8.7307
64,269,8.7498
64,270,8.7689
64,271,8.7870
64,272,8.8054
64,273,8.8227
64,274,8.8413
64,275,8.8583
64,276,8.8752
64,277,8.8908
64,278,8.9114
64,279,8.9295
64,280,8.9494
64,281,8.9689
64,282,8.9869
64,283,9.0058
64,284,9.0221
64,285,9.0411
64,286,9.0611
64,287,9.0775
64,288,9.0933
64,289,9.1121
64,290,9.1296
64,291,9.1474
64,292,9.1661
64,293,9.1821
64,294,9.2006
64,295,9.2164
64,296,9.2350
64,297,9.2507
64,298,9.2668
64,299,9.2873
64,300,9.3051
64,301,9.3236
64,302,9.3427
64,303,9.3638
64,304,9.3834
64,305,9.4033
64,306,9.4215
64,307,9.4390
64,308,9.4560
64,309,9.4721
64,310,9.4859
64,311,9.5043
64,312,9.5216
64,313,9.5407
64,314,9.5560
64,315,9.5713
64,316,9.5881
64,317,9.6073
64,318,9.6250
64,319,9.6408
64,320,9.6550
64,321,9.6719
64,322,9.6876
64,323,9.7014
64,324,9.7189
64,325,9.7332
64,326,9.7502
64,327,9.7654
64,328,9.7848
64,329,9.8023
64,330,9.8199
64,331,9.8352
64,332,9.8518
64,333,9.8665
64,334,9.8844
64,335,9.8981
64,336,9.9160
64,337,9.9306
64,338,9.9468
64,339,9.9647
64,340,9.9804
64,341,9.9999
64,342,10.0160
64,343,10.0320
64,344,10.0513
64,345,10.0674
64,346,10.0853
64,347,10.1023
64,348,10.1201
64,349,10.1374
64,350,10.1562
64,351,10.1715
64,352,10.1895
64,353,10.2070
64,354,10.2265
64,355,10.2422
64,356,10.2587
64,357,10.2738
64,358,10.2951
64,359,10.3129
64,360,10.3281
64,361,10.3476
64,362,10.3655
64,363,10.3798
64,364,10.3964
64,365,10.4113
64,366,10.4291
64,367,10.4477
64,368,10.4650
64,369,10.4808
64,370,10.4958
64,371,10.5105
64,372,10.5277
64,373,10.5464
64,374,10.5657
64,375,10.5848
64,376,10.6013
64,377,10.6176
64,378,10.6354
64,379,10.6536
64,380,10.6712
64,381,10.6879
64,382,10.7070
64,383,10.7237
64,384,10.7407
64,385,10.7546
64,386,10.7721
64,387,10.7879
64,388,10.8028
64,389,10.8187
64,390,10.8369
64,391,10.8537
64,392,10.8675
64,393,10.8822
64,394,10.9005
64,395,10.9156
64,396,10.9321
64,397,10.9491
64,398,10.9673
64,399,10.9834
64,400,10.9989
64,401,11.0138
64,402,11.0288
64,403,11.0443
64,404,11.0606
64,405,11.0781
64,406,11.0928
64,407,11.1084
64,408,11.1237
64,409,11.1394
64,410,11.1562
64,411,11.1724
64,412,11.1856
64,413,11.2037
64,414,11.2205
64,415,11.2353
64,416,11.2492
64,417,11.2645
64,418,11.2815
64,419,11.2975
64,420,11.3136
64,421,11.3280
64,422,11.3439
64,423,11.3593
64,424,11.3724
64,425,11.3856
64,426,11.4002
64,427,11.4184
64,428,11.4355
64,429,11.4516
64,430,11.4675
64,431,11.4827
64,432,11.4949
64,433,11.5106
64,434,11.5287
64,435,11.5448
64,436,11.5592
64,437,11.5750
64,438,11.5896
64,439,11.6063
64,440,11.6192
64,441,11.6362
64,442,11.6524
64,443,11.6691
64,444,11.6839
64,445,11.7022
64,446,11.7177
64,447,11.7326
64,448,11.7487
64,449,11.7624
64,450,11.7763
64,451,11.7967
64,452,11.8119
64,453,11.8262
64,454,11.8423
64,455,11.8599
64,456,11.8742
64,457,11.8892
64,458,11.9041
64,459,11.9214
64,460,11.9375
64,461,11.9528
64,462,11.9677
64,463,11.9842
64,464,12.0013
64,465,12.0160
64,466,12.0323
64,467,12.0466
64,468,12.0611
64,469,12.0778
64,470,12.0935
64,471,12.1091
64,472,12.1226
64,473,12.1363
64,474,12.1521
64,475,12.1678
64,476,12.1822
64,477,12.1958
64,478,12.2105
64,479,12.2259
64,480,12.2416
64,481,12.2577
64,482,12.2704
64,483,12.2865
64,484,12.3023
64,485,12.3175
64,486,12.3338
64,487,12.3467
64,488,12.3633
64,489,12.3771
64,490,12.3910
64,491,12.4054
64,492,12.4207
64,493,12.4367
64,494,12.4514
64,495,12.4654
64,496,12.4792
64,497,12.4912
64,498,12.5092
64,499,12.5225
64,500,12.5375
64,501,12.5524
64,502,12.5656
64,503,12.5819
64,504,12.5970
64,505,12.6123
64,506,12.6264
64,507,12.6393
64,508,12.6519
64,509,12.6678
64,510,12.6824
64,511,12.6957
64,512,12.7101
64,513,12.7254
64,514,12.7408
64,515,12.7542
64,516,12.7683
64,517,12.7867
64,518,12.8022
64,519,12.8176
64,520,12.8326
64,521,12.8480
64,522,12.8635
64,523,12.8802
64,524,12.8941
64,525,12.9095
64,526,12.9247
64,527,12.9417
64,528,12.9561
64,529,12.9695
64,530,12.9859
64,531,13.0004
64,532,13.0181
64,533,13.0320
64,534,13.0484
64,535,13.0615
64,536,13.0776
64,537,13.0913
64,538,13.1090
64,539,13.1222
64,540,13.1353
64,541,13.1487
64,542,13.1646
64,543,13.1797
64,544,13.1942
64,545,13.2103
64,546,13.2241
64,547,13.2404
64,548,13.2560
64,549,13.2689
64,550,13.2837
64,551,13.2977
64,552,13.3113
64,553,13.3273
64,554,13.3417
64,555,13.3543
64,556,13.3673
64,557,13.3836
64,558,13.3980
64,559,13.4128
64,560,13.4252
64,561,13.4390
64,562,13.4527
64,563,13.4645
64,564,13.4786
64,565,13.4918
64,566,13.5058
64,567,13.5203
64,568,13.5334
64,569,13.5489
64,570,13.5651
64,571,13.5802
64,572,13.5943
64,573,13.6089
64,574,13.6235
64,575,13.6361
64,576,13.6491
64,577,13.6640
64,578,13.6787
64,579,13.6925
64,580,13.7068
64,581,13.7223
64,582,13.7346
64,583,13.7501
64,584,13.7648
64,585,13.7794
64,586,13.7934
64,587,13.8069
64,588,13.8202
64,589,13.8343
64,590,13.8465
64,591,13.8596
64,592,13.8762
64,593,13.8914
64,594,13.9033
64,595,13.9174
64,596,13.9305
64,597,13.9456
64,598,13.9576
64,599,13.9712
64,600,13.9856
64,601,14.0004
64,602,14.0126
64,603,14.0267
64,604,14.0407
64,605,14.0535
64,606,14.0680
64,607,14.0817
64,608,14.0959
64,609,14.1097
64,610,14.1238
64,611,14.1357
64,612,14.1485
64,613,14.1639
64,614,14.1800
64,615,14.1935
64,616,14.2060
64,617,14.2215
64,618,14.2345
64,619,14.2498
64,620,14.2628
64,621,14.2764
64,622,14.2890
64,623,14.3050
64,624,14.3196
64,625,14.3345
64,626,14.3473
64,627,14.3618
64,628,14.3750
64,629,14.3886
64,630,14.4034
64,631,14.4161
64,632,14.4280
64,633,14.4427
64,634,14.4565
64,635,14.4697
64,636,14.4842
64,637,14.4970
64,638,14.5100
64,639,14.5250
64,640,14.5375
64,641,14.5512
64,642,14.5648
64,643,14.5799
64,644,14.5945
64,645,14.6085
64,646,14.6235
64,647,14.6377
64,648,14.6518
64,649,14.6644
64,650,14.6771
64,651,14.6912
64,652,14.7052
64,653,14.7190
64,654,14.7341
64,655,14.7496
64,656,14.7643
64,657,14.7772
64,658,14.7916
64,659,14.8062
64,660,14.8211
64,661,14.8344
64,662,14.8474
64,663,14.8623
64,664,14.8761
64,665,14.8885
64,666,14.9017
64,667,14.9154
64,668,14.9297
64,669,14.9441
64,670,14.9573
64,671,14.9716
64,672,14.9841
64,673,15.0008
64,674,15.0139
64,675,15.0274
64,676,15.0435
64,677,15.0560
64,678,15.0685
64,679,15.0820
64,680,15.0956
64,681,15.1083
64,682,15.1211
64,683,15.1344
64,684,15.1487
64,685,15.1605
64,686,15.1752
64,687,15.1889
64,688,15.2018
64,689,15.2153
64,690,15.2291
64,691,15.2422
64,692,15.2555
64,693,15.2703
64,694,15.2822
64,695,15.2956
64,696,15.3079
64,697,15.3224
64,698,15.3363
64,699,15.3503
64,700,15.3640
64,701,15.3762
64,702,15.3894
64,703,15.4033
64,704,15.4172
64,705,15.4307
64,706,15.4424
64,707,15.4573
64,708,15.4692
64,709,15.4820
64,710,15.4979
64,711,15.5139
64,712,15.5278
64,713,15.5403
64,714,15.5536
64,715,15.5648
64,716,15.5772
64,717,15.5900
64,718,15.6038
64,719,15.6159
64,720,15.6298
64,721,15.6431
64,722,15.6548
64,723,15.6699
64,724,15.6817
64,725,15.6940
64,726,15.7073
64,727,15.7204
64,728,15.7344
64,729,15.7475
64,730,15.7600
64,731,15.7725
64,732,15.7855
64,733,15.7979
64,734,15.8107
64,735,15.8232
64,736,15.8366
64,737,15.8498
64,738,15.8638
64,739,15.8769
64,740,15.8876
64,741,15.9006
64,742,15.9148
64,743,15.9275
64,744,15.9407
64,745,15.9522
64,746,15.9659
64,747,15.9774
64,748,15.9903
64,749,16.0028
64,750,16.0181
64,751,16.0307
64,752,16.0437
64,753,16.0579
64,754,16.0708
64,755,16.0828
64,756,16.0964
64,757,16.1110
64,758,16.1247
64,759,16.1377
64,760,16.1498
64,761,16.1619
64,762,16.1740
64,763,16.1867
64,764,16.2005
64,765,16.2158
64,766,16.2298
64,767,16.2429
64,768,16.2559
64,769,16.2664
64,770,16.2781
64,771,16.2908
64,772,16.3050
64,773,16.3182
64,774,16.3318
64,775,16.3419
64,776,16.3534
64,777,16.3665
64,778,16.3786
64,779,16.3920
64,780,16.4051
64,781,16.4163
64,782,16.4282
64,783,16.4408
64,784,16.4538
64,785,16.4680
64,786,16.4817
64,787,16.4955
64,788,16.5074
64,789,16.5188
64,790,16.5316
64,791,16.5458
64,792,16.5582
64,793,16.5714
64,794,16.5830
64,795,16.5981
64,796,16.6101
64,797,16.6233
64,798,16.6363
64,799,16.6473
64,800,16.6578
64,801,16.6716
64,802,16.6841
64,803,16.6967
64,804,16.7089
64,805,16.7226
64,806,16.7348
64,807,16.7470
64,808,16.7607
64,809,16.7739
64,810,16.7881
64,811,16.8006
64,812,16.8133
64,813,16.8269
64,814,16.8392
64,815,16.8514
64,816,16.8649
64,817,16.8758
64,818,16.8892
64,819,16.9016
64,820,16.9138
64,821,16.9276
64,822,16.9391
64,823,16.9520
64,824,16.9656
64,825,16.9795
64,826,16.9920
64,827,17.0051
64,828,17.0175
64,829,17.0297
64,830,17.0409
64,831,17.0537
64,832,17.0665
64,833,17.0808
64,834,17.0938
64,835,17.1070
64,836,17.1190
64,837,17.1321
64,838,17.1442
64,839,17.1576
64,840,17.1701
64,841,17.1832
64,842,17.1966
64,843,17.2096
64,844,17.2221
64,845,17.2350
64,846,17.2466
64,847,17.2577
64,848,17.2709
64,849,17.2843
64,850,17.2965
64,851,17.3086
64,852,17.3212
64,853,17.3352
64,854,17.3464
64,855,17.3567
64,856,17.3677
64,857,17.3779
64,858,17.3891
64,859,17.4004
64,860,17.4143
64,861,17.4269
64,862,17.4400
64,863,17.4532
64,864,17.4627
64,865,17.4746
64,866,17.4873
64,867,17.5000
64,868,17.5130
64,869,17.5248
64,870,17.5375
64,871,17.5474
64,872,17.5606
64,873,17.5730
64,874,17.5870
64,875,17.5966
64,876,17.6081
64,877,17.6213
64,878,17.6345
64,879,17.6469
64,880,17.6595
64,881,17.6718
64,882,17.6851
64,883,17.6972
64,884,17.7101
64,885,17.7224
64,886,17.7333
64,887,17.7436
64,888,17.7581
64,889,17.7704
64,890,17.7826
64,891,17.7922
64,892,17.8025
64,893,17.8141
64,894,17.8273
64,895,17.8382
64,896,17.8507
64,897,17.8613
64,898,17.8741
64,899,17.8860
64,900,17.8998
64,901,17.9124
64,902,17.9246
64,903,17.9357
64,904,17.9479
64,905,17.9601
64,906,17.9737
64,907,17.9853
64,908,17.9950
64,909,18.0072
64,910,18.0192
64,911,18.0307
64,912,18.0439
64,913,18.0571
64,914,18.0700
64,915,18.0815
64,916,18.0937
64,917,18.1048
64,918,18.1173
64,919,18.1277
64,920,18.1403
64,921,18.1536
64,922,18.1678
64,923,18.1784
64,924,18.1886
64,925,18.2015
64,926,18.2151
64,927,18.2257
64,928,18.2365
64,929,18.2474
64,930,18.2581
64,931,18.2700
64,932,18.2832
64,933,18.2947
64,934,18.3060
64,935,18.3197
64,936,18.3309
64,937,18.3419
64,938,18.3538
64,939,18.3640
64,940,18.3765
64,941,18.3891
64,942,18.4007
64,943,18.4122
64,944,18.4234
64,945,18.4362
64,946,18.4477
64,947,18.4587
64,948,18.4716
64,949,18.4839
64,950,18.4973
64,951,18.5082
64,952,18.5195
64,953,18.5303
64,954,18.5418
64,955,18.5534
64,956,18.5656
64,957,18.5767
64,958,18.5883
64,959,18.5994
64,960,18.6101
64,961,18.6218
64,962,18.6323
64,963,18.6451
64,964,18.6576
64,965,18.6715
64,966,18.6820
64,967,18.6944
64,968,18.7076
64,969,18.7201
64,970,18.7330
64,971,18.7446
64,972,18.7569
64,973,18.7690
64,974,18.7829
64,975,18.7950
64,976,18.8054
64,977,18.8158
64,978,18.8277
64,979,18.8394
64,980,18.8506
64,981,18.8627
64,982,18.8733
64,983,18.8863
64,984,18.8978
64,985,18.9076
64,986,18.9218
64,987,18.9338
64,988,18.9442
64,989,18.9574
64,990,18.9683
64,991,18.9809
64,992,18.9925
64,993,19.0041
64,994,19.0169
64,995,19.0276
64,996,19.0397
64,997,19.0510
64,998,19.0648
64,999,19.0775
64,1000,19.0903
64,1001,19.1033
64,1002,19.1142
64,1003,19.1256
64,1004,19.1367
64,1005,19.1475
64,1006,19.1593
64,1007,19.1726
64,1008,19.1837
64,1009,19.1960
64,1010,19.2072
64,1011,19.2188
64,1012,19.2303
64,1013,19.2418
64,1014,19.2512
64,1015,19.2639
64,1016,19.2760
64,1017,19.2891
64,1018,19.3006
64,1019,19.3122
64,1020,19.3255
64,1021,19.3359
64,1022,19.3475
64,1023,19.3581
64,1024,19.3700
64,1025,19.3801
64,1026,19.3927
64,1027,19.4051
64,1028,19.4182
64,1029,19.4302
64,1030,19.4407
64,1031,19.4515
64,1032,19.4635
64,1033,19.4734
64,1034,19.4856
64,1035,19.4982
64,1036,19.5104
64,1037,19.5200
64,1038,19.5315
64,1039,19.5443
64,1040,19.5539
64,1041,19.5642
64,1042,19.5762
64,1043,19.5861
64,1044,19.5986
64,1045,19.6108
64,1046,19.6227
64,1047,19.6361
64,1048,19.6468
64,1049,19.6589
64,1050,19.6717
64,1051,19.6829
64,1052,19.6941
64,1053,19.7056
64,1054,19.7158
64,1055,19.7290
64,1056,19.7417
64,1057,19.7541
64,1058,19.7651
64,1059,19.7783
64,1060,19.7894
64,1061,19.8006
64,1062,19.8140
64,1063,19.8259
64,1064,19.8369
64,1065,19.8482
64,1066,19.8596
64,1067,19.8713
64,1068,19.8837
64,1069,19.8952
64,1070,19.9067
64,1071,19.9174
64,1072,19.9285
64,1073,19.9406
64,1074,19.9522
64,1075,19.9648
64,1076,19.9756
64,1077,19.9858
64,1078,19.9976
64,1079,20.0097
64,1080,20.0211
64,1081,20.0333
64,1082,20.0456
64,1083,20.0583
64,1084,20.0687
64,1085,20.0796
64,1086,20.0903
64,1087,20.1011
64,1088,20.1130
64,1089,20.1229
64,1090,20.1358
64,1091,20.1463
64,1092,20.1571
64,1093,20.1668
64,1094,20.1787
64,1095,20.1899
64,1096,20.2016
64,1097,20.2135
64,1098,20.2266
64,1099,20.2369
64,1100,20.2473
64,1101,20.2607
64,1102,20.2719
64,1103,20.2812
64,1104,20.2946
64,1105,20.3057
64,1106,20.3157
64,1107,20.3275
64,1108,20.3375
64,1109,20.3486
64,1110,20.3582
64,1111,20.3688
64,1112,20.3798
64,1113,20.3910
64,1114,20.4032
64,1115,20.4147
64,1116,20.4275
64,1117,20.4383
64,1118,20.4480
64,1119,20.4596
64,1120,20.4697
64,1121,20.4815
64,1122,20.4926
64,1123,20.5037
64,1124,20.5155
64,1125,20.5273
64,1126,20.5397
64,1127,20.5508
64,1128,20.5627
64,1129,20.5733
64,1130,20.5863
64,1131,20.5975
64,1132,20.6086
64,1133,20.6194
64,1134,20.6326
64,1135,20.6447
64,1136,20.6558
64,1137,20.6667
64,1138,20.6784
64,1139,20.6890
64,1140,20.6997
64,1141,20.7115
64,1142,20.7212
64,1143,20.7326
64,1144,20.7438
64,1145,20.7556
64,1146,20.7656
64,1147,20.7767
64,1148,20.7886
64,1149,20.7985
64,1150,20.8080
64,1151,20.8198
64,1152,20.8301
64,1153,20.8412
64,1154,20.8535
64,1155,20.8647
64,1156,20.8758
64,1157,20.8865
64,1158,20.8980
64,1159,20.9100
64,1160,20.9216
64,1161,20.9323
64,1162,20.9450
64,1163,20.9570
64,1164,20.9680
64,1165,20.9795
64,1166,20.9912
64,1167,21.0024
64,1168,21.0134
64,1169,21.0221
64,1170,21.0326
64,1171,21.0442
64,1172,21.0554
64,1173,21.0677
64,1174,21.0792
64,1175,21.0880
64,1176,21.0990
64,1177,21.1121
64,1178,21.1236
64,1179,21.1342
64,1180,21.1459
64,1181,21.1585
64,1182,21.1696
64,1183,21.1815
64,1184,21.1948
64,1185,21.2053
64,1186,21.2161
64,1187,21.2273
64,1188,21.2366
64,1189,21.2467
64,1190,21.2585
64,1191,21.2709
64,1192,21.2807
64,1193,21.2909
64,1194,21.3034
64,1195,21.3142
64,1196,21.3254
64,1197,21.3367
64,1198,21.3471
64,1199,21.3576
64,1200,21.3690
64,1201,21.3804
64,1202,21.3894
64,1203,21.4019
64,1204,21.4114
64,1205,21.4211
64,1206,21.4302
64,1207,21.4404
64,1208,21.4516
64,1209,21.4626
64,1210,21.4740
64,1211,21.4848
64,1212,21.4953
64,1213,21.5071
64,1214,21.5183
64,1215,21.5309
64,1216,21.5416
64,1217,21.5525
64,1218,21.5620
64,1219,21.5729
64,1220,21.5836
64,1221,21.5960
64,1222,21.6071
64,1223,21.6199
64,1224,21.6323
64,1225,21.6435
64,1226,21.6546
64,1227,21.6660
64,1228,21.6777
64,1229,21.6880
64,1230,21.6986
64,1231,21.7106
64,1232,21.7221
64,1233,21.7323
64,1234,21.7432
64,1235,21.7554
64,1236,21.7673
64,1237,21.7796
64,1238,21.7906
64,1239,21.8027
64,1240,21.8138
64,1241,21.8243
64,1242,21.8350
64,1243,21.8463
64,1244,21.8564
64,1245,21.8674
64,1246,21.8772
64,1247,21.8892
64,1248,21.9012
64,1249,21.9109
64,1250,21.9209
64,1251,21.9317
64,1252,21.9415
64,1253,21.9527
64,1254,21.9621
64,1255,21.9736
64,1256,21.9839
64,1257,21.9951
64,1258,22.0059
64,1259,22.0176
64,1260,22.0294
64,1261,22.0399
64,1262,22.0500
64,1263,22.0614
64,1264,22.0716
64,1265,22.0812
64,1266,22.0913
64,1267,22.1035
64,1268,22.1145
64,1269,22.1265
64,1270,22.1364
64,1271,22.1475
64,1272,22.1600
64,1273,22.1698
64,1274,22.1805
64,1275,22.1915
64,1276,22.2026
64,1277,22.2136
64,1278,22.2233
64,1279,22.2334
64,1280,22.2440
64,1281,22.2546
64,1282,22.2671
64,1283,22.2772
64,1284,22.2877
64,1285,22.2992
64,1286,22.3092
64,1287,22.3205
64,1288,22.3313
64,1289,22.3432
64,1290,22.3530
64,1291,22.3636
64,1292,22.3755
64,1293,22.3871
64,1294,22.3981
64,1295,22.4087
64,1296,22.4181
64,1297,22.4271
64,1298,22.4371
64,1299,22.4474
64,1300,22.4575
64,1301,22.4666
64,1302,22.4767
64,1303,22.4862
64,1304,22.4960
64,1305,22.5054
64,1306,22.5181
64,1307,22.5287
64,1308,22.5376
64,1309,22.5488
64,1310,22.5589
64,1311,22.5700
64,1312,22.5806
64,1313,22.5902
64,1314,22.5996
64,1315,22.6104
64,1316,22.6203
64,1317,22.6305
64,1318,22.6416
64,1319,22.6512
64,1320,22.6613
64,1321,22.6715
64,1322,22.6827
64,1323,22.6939
64,1324,22.7046
64,1325,22.7144
64,1326,22.7243
64,1327,22.7349
64,1328,22.7457
64,1329,22.7568
64,1330,22.7662
64,1331,22.7748
64,1332,22.7858
64,1333,22.7951
64,1334,22.8047
64,1335,22.8153
64,1336,22.8277
64,1337,22.8381
64,1338,22.8492
64,1339,22.8580
64,1340,22.8694
64,1341,22.8787
64,1342,22.8894
64,1343,22.9004
64,1344,22.9107
64,1345,22.9225
64,1346,22.9336
64,1347,22.9460
64,1348,22.9570
64,1349,22.9682
64,1350,22.9782
64,1351,22.9888
64,1352,22.9989
64,1353,23.0094
64,1354,23.0204
64,1355,23.0316
64,1356,23.0428
64,1357,23.0542
64,1358,23.0642
64,1359,23.0749
64,1360,23.0858
64,1361,23.0959
64,1362,23.1067
64,1363,23.1173
64,1364,23.1281
64,1365,23.1381
64,1366,23.1481
64,1367,23.1580
64,1368,23.1682
64,1369,23.1793
64,1370,23.1895
64,1371,23.1989
64,1372,23.2083
64,1373,23.2191
64,1374,23.2303
64,1375,23.2420
64,1376,23.2533
64,1377,23.2640
64,1378,23.2734
64,1379,23.2832
64,1380,23.2936
64,1381,23.3029
64,1382,23.3138
64,1383,23.3234
64,1384,23.3346
64,1385,23.3453
64,1386,23.3548
64,1387,23.3648
64,1388,23.3737
64,1389,23.3834
64,1390,23.3947
64,1391,23.4052
64,1392,23.4143
64,1393,23.4247
64,1394,23.4355
64,1395,23.4477
64,1396,23.4566
64,1397,23.4668
64,1398,23.4772
64,1399,23.4868
64,1400,23.4977
64,1401,23.5085
64,1402,23.5180
64,1403,23.5289
64,1404,23.5381
64,1405,23.5486
64,1406,23.5580
64,1407,23.5669
64,1408,23.5764
64,1409,23.5864
64,1410,23.5961
64,1411,23.6050
64,1412,23.6142
64,1413,23.6242
64,1414,23.6340
64,1415,23.6438
64,1416,23.6528
64,1417,23.6627
64,1418,23.6737
64,1419,23.6826
64,1420,23.6936
64,1421,23.7037
64,1422,23.7139
64,1423,23.7246
64,1424,23.7341
64,1425,23.7445
64,1426,23.7543
64,1427,23.7625
64,1428,23.7723
64,1429,23.7835
64,1430,23.7924
64,1431,23.8034
64,1432,23.8135
64,1433,23.8234
64,1434,23.8330
64,1435,23.8428
64,1436,23.8529
64,1437,23.8628
64,1438,23.8725
64,1439,23.8821
64,1440,23.8931
64,1441,23.9032
64,1442,23.9133
64,1443,23.9224
64,1444,23.9313
64,1445,23.9410
64,1446,23.9517
64,1447,23.9613
64,1448,23.9714
64,1449,23.9804
64,1450,23.9911
64,1451,24.0014
64,1452,24.0126
64,1453,24.0207
64,1454,24.0304
64,1455,24.0410
64,1456,24.0507
64,1457,24.0605
64,1458,24.0704
64,1459,24.0809
64,1460,24.0912
64,1461,24.1024
64,1462,24.1133
64,1463,24.1237
64,1464,24.1338
64,1465,24.1436
64,1466,24.1544
64,1467,24.1647
64,1468,24.1748
64,1469,24.1854
64,1470,24.1962
64,1471,24.2050
64,1472,24.2151
64,1473,24.2244
64,1474,24.2356
64,1475,24.2443
64,1476,24.2538
64,1477,24.2635
64,1478,24.2728
64,1479,24.2839
64,1480,24.2936
64,1481,24.3032
64,1482,24.3140
64,1483,24.3224
64,1484,24.3322
64,1485,24.3424
64,1486,24.3530
64,1487,24.3616
64,1488,24.3706
64,1489,24.3808
64,1490,24.3906
64,1491,24.4007
64,1492,24.4111
64,1493,24.4215
64,1494,24.4309
64,1495,24.4398
64,1496,24.4485
64,1497,24.4586
64,1498,24.4695
64,1499,24.4800
64,1500,24.4898
64,1501,24.5002
64,1502,24.5106
64,1503,24.5214
64,1504,24.5301
64,1505,24.5398
64,1506,24.5493
64,1507,24.5587
64,1508,24.5687
64,1509,24.5777
64,1510,24.5876
64,1511,24.5966
64,1512,24.6060
64,1513,24.6163
64,1514,24.6272
64,1515,24.6353
64,1516,24.6449
64,1517,24.6559
64,1518,24.6667
64,1519,24.6764
64,1520,24.6864
64,1521,24.6964
64,1522,24.7066
64,1523,24.7161
64,1524,24.7255
64,1525,24.7353
64,1526,24.7444
64,1527,24.7551
64,1528,24.7638
64,1529,24.7732
64,1530,24.7819
64,1531,24.7910
64,1532,24.8002
64,1533,24.8111
64,1534,24.8205
64,1535,24.8291
64,1536,24.8390
64,1537,24.8488
64,1538,24.8584
64,1539,24.8687
64,1540,24.8776
64,1541,24.8871
64,1542,24.8957
64,1543,24.9067
64,1544,24.9163
64,1545,24.9247
64,1546,24.9358
64,1547,24.9452
64,1548,24.9552
64,1549,24.9650
64,1550,24.9744
64,1551,24.9833
64,1552,24.9939
64,1553,25.0027
64,1554,25.0119
64,1555,25.0214
64,1556,25.0323
64,1557,25.0430
64,1558,25.0523
64,1559,25.0609
64,1560,25.0714
64,1561,25.0805
64,1562,25.0902
64,1563,25.0995
64,1564,25.1076
64,1565,25.1178
64,1566,25.1267
64,1567,25.1367
64,1568,25.1472
64,1569,25.1571
64,1570,25.1669
64,1571,25.1758
64,1572,25.1856
64,1573,25.1954
64,1574,25.2043
64,1575,25.2142
64,1576,25.2222
64,1577,25.2309
64,1578,25.2407
64,1579,25.2507
64,1580,25.2601
64,1581,25.2704
64,1582,25.2817
64,1583,25.2915
64,1584,25.3011
64,1585,25.3108
64,1586,25.3194
64,1587,25.3296
64,1588,25.3396
64,1589,25.3505
64,1590,25.3592
64,1591,25.3680
64,1592,25.3772
64,1593,25.3879
64,1594,25.3975
64,1595,25.4069
64,1596,25.4168
64,1597,25.4257
64,1598,25.4354
64,1599,25.4452
64,1600,25.4540
64,1601,25.4631
64,1602,25.4728
64,1603,25.4819
64,1604,25.4908
64,1605,25.5005
64,1606,25.5106
64,1607,25.5203
64,1608,25.5297
64,1609,25.5394
64,1610,25.5510
64,1611,25.5608
64,1612,25.5707
64,1613,25.5814
64,1614,25.5911
64,1615,25.6004
64,1616,25.6103
64,1617,25.6174
64,1618,25.6273
64,1619,25.6370
64,1620,25.6463
64,1621,25.6550
64,1622,25.6644
64,1623,25.6723
64,1624,25.6816
64,1625,25.6902
64,1626,25.6999
64,1627,25.7091
64,1628,25.7179
64,1629,25.7281
64,1630,25.7378
64,1631,25.7474
64,1632,25.7568
64,1633,25.7662
64,1634,25.7748
64,1635,25.7847
64,1636,25.7946
64,1637,25.8041
64,1638,25.8141
64,1639,25.8228
64,1640,25.8326
64,1641,25.8415
64,1642,25.8519
64,1643,25.8607
64,1644,25.8706
64,1645,25.8814
64,1646,25.8907
64,1647,25.9004
64,1648,25.9096
64,1649,25.9181
64,1650,25.9272
64,1651,25.9362
64,1652,25.9452
64,1653,25.9546
64,1654,25.9640
64,1655,25.9738
64,1656,25.9825
64,1657,25.9915
64,1658,26.0004
64,1659,26.0084
64,1660,26.0173
64,1661,26.0268
64,1662,26.0362
64,1663,26.0457
64,1664,26.0557
64,1665,26.0654
64,1666,26.0755
64,1667,26.0851
64,1668,26.0950
64,1669,26.1060
64,1670,26.1139
64,1671,26.1228
64,1672,26.1323
64,1673,26.1418
64,1674,26.1499
64,1675,26.1601
64,1676,26.1693
64,1677,26.1774
64,1678,26.1864
64,1679,26.1949
64,1680,26.2035
64,1681,26.2121
64,1682,26.2214
64,1683,26.2317
64,1684,26.2399
64,1685,26.2498
64,1686,26.2587
64,1687,26.2678
64,1688,26.2769
64,1689,26.2854
64,1690,26.2957
64,1691,26.3058
64,1692,26.3149
64,1693,26.3249
64,1694,26.3332
64,1695,26.3420
64,1696,26.3506
64,1697,26.3610
64,1698,26.3707
64,1699,26.3808
64,1700,26.3914
64,1701,26.4014
64,1702,26.4108
64,1703,26.4191
64,1704,26.4285
64,1705,26.4380
64,1706,26.4467
64,1707,26.4556
64,1708,26.4645
64,1709,26.4739
64,1710,26.4824
64,1711,26.4913
64,1712,26.5004
64,1713,26.5103
64,1714,26.5189
64,1715,26.5285
64,1716,26.5378
64,1717,26.5471
64,1718,26.5562
64,1719,26.5659
64,1720,26.5761
64,1721,26.5857
64,1722,26.5948
64,1723,26.6045
64,1724,26.6133
64,1725,26.6226
64,1726,26.6314
64,1727,26.6412
64,1728,26.6504
64,1729,26.6599
64,1730,26.6699
64,1731,26.6780
64,1732,26.6886
64,1733,26.6979
64,1734,26.7088
64,1735,26.7178
64,1736,26.7270
64,1737,26.7352
64,1738,26.7445
64,1739,26.7546
64,1740,26.7643
64,1741,26.7747
64,1742,26.7847
64,1743,26.7941
64,1744,26.8032
64,1745,26.8128
64,1746,26.8222
64,1747,26.8313
64,1748,26.8395
64,1749,26.8487
64,1750,26.8577
64,1751,26.8667
64,1752,26.8758
64,1753,26.8863
64,1754,26.8946
64,1755,26.9050
64,1756,26.9147
64,1757,26.9234
64,1758,26.9324
64,1759,26.9419
64,1760,26.9514
64,1761,26.9610
64,1762,26.9691
64,1763,26.9770
64,1764,26.9858
64,1765,26.9946
64,1766,27.0034
64,1767,27.0124
64,1768,27.0216
64,1769,27.0317
64,1770,27.0410
64,1771,27.0500
64,1772,27.0590
64,1773,27.0680
64,1774,27.0770
64,1775,27.0860
64,1776,27.0946
64,1777,27.1056
64,1778,27.1151
64,1779,27.1232
64,1780,27.1328
64,1781,27.1424
64,1782,27.1509
64,1783,27.1600
64,1784,27.1696
64,1785,27.1799
64,1786,27.1897
64,1787,27.2000
64,1788,27.2105
64,1789,27.2201
64,1790,27.2290
64,1791,27.2378
64,1792,27.2459
64,1793,27.2548
64,1794,27.2629
64,1795,27.2716
64,1796,27.2804
64,1797,27.2895
64,1798,27.2980
64,1799,27.3070
64,1800,27.3154
64,1801,27.3248
64,1802,27.3337
64,1803,27.3427
64,1804,27.3508
64,1805,27.3597
64,1806,27.3688
64,1807,27.3775
64,1808,27.3873
64,1809,27.3957
64,1810,27.4052
64,1811,27.4137
64,1812,27.4234
64,1813,27.4312
64,1814,27.4410
64,1815,27.4494
64,1816,27.4597
64,1817,27.4682
64,1818,27.4778
64,1819,27.4868
64,1820,27.4963
64,1821,27.5050
64,1822,27.5141
64,1823,27.5249
64,1824,27.5344
64,1825,27.5428
64,1826,27.5514
64,1827,27.5596
64,1828,27.5686
64,1829,27.5780
64,1830,27.5868
64,1831,27.5947
64,1832,27.6043
64,1833,27.6132
64,1834,27.6214
64,1835,27.6308
64,1836,27.6393
64,1837,27.6484
64,1838,27.6563
64,1839,27.6651
64,1840,27.6749
64,1841,27.6833
64,1842,27.6935
64,1843,27.7017
64,1844,27.7107
64,1845,27.7201
64,1846,27.7283
64,1847,27.7372
64,1848,27.7455
64,1849,27.7550
64,1850,27.7621
64,1851,27.7711
64,1852,27.7796
64,1853,27.7890
64,1854,27.7986
64,1855,27.8071
64,1856,27.8169
64,1857,27.8272
64,1858,27.8362
64,1859,27.8446
64,1860,27.8538
64,1861,27.8627
64,1862,27.8720
64,1863,27.8802
64,1864,27.8894
64,1865,27.8984
64,1866,27.9062
64,1867,27.9149
64,1868,27.9246
64,1869,27.9325
64,1870,27.9408
64,1871,27.9509
64,1872,27.9603
64,1873,27.9679
64,1874,27.9770
64,1875,27.9852
64,1876,27.9935
64,1877,28.0024
64,1878,28.0129
64,1879,28.0221
64,1880,28.0314
64,1881,28.0401
64,1882,28.0486
64,1883,28.0579
64,1884,28.0673
64,1885,28.0758
64,1886,28.0846
64,1887,28.0935
64,1888,28.1032
64,1889,28.1125
64,1890,28.1219
64,1891,28.1301
64,1892,28.1381
64,1893,28.1479
64,1894,28.1565
64,1895,28.1659
64,1896,28.1733
64,1897,28.1828
64,1898,28.1928
64,1899,28.2012
64,1900,28.2108
64,1901,28.2197
64,1902,28.2272
64,1903,28.2352
64,1904,28.2439
64,1905,28.2526
64,1906,28.2615
64,1907,28.2696
64,1908,28.2793
64,1909,28.2875
64,1910,28.2959
64,1911,28.3027
64,1912,28.3104
64,1913,28.3191
64,1914,28.3269
64,1915,28.3357
64,1916,28.3438
64,1917,28.3534
64,1918,28.3629
64,1919,28.3722
64,1920,28.3796
64,1921,28.3878
64,1922,28.3966
64,1923,28.4056
64,1924,28.4139
64,1925,28.4232
64,1926,28.4316
64,1927,28.4406
64,1928,28.4496
64,1929,28.4582
64,1930,28.4671
64,1931,28.4756
64,1932,28.4835
64,1933,28.4916
64,1934,28.4994
64,1935,28.5074
64,1936,28.5154
64,1937,28.5240
64,1938,28.5326
64,1939,28.5408
64,1940,28.5488
64,1941,28.5571
64,1942,28.5652
64,1943,28.5739
64,1944,28.5826
64,1945,28.5906
64,1946,28.5989
64,1947,28.6076
64,1948,28.6161
64,1949,28.6254
64,1950,28.6336
64,1951,28.6419
64,1952,28.6514
64,1953,28.6603
64,1954,28.6691
64,1955,28.6776
64,1956,28.6857
64,1957,28.6948
64,1958,28.7045
64,1959,28.7137
64,1960,28.7219
64,1961,28.7308
64,1962,28.7396
64,1963,28.7477
64,1964,28.7562
64,1965,28.7653
64,1966,28.7742
64,1967,28.7832
64,1968,28.7922
64,1969,28.8008
64,1970,28.8104
64,1971,28.8198
64,1972,28.8284
64,1973,28.8379
64,1974,28.8462
64,1975,28.8550
64,1976,28.8639
64,1977,28.8733
64,1978,28.8823
64,1979,28.8908
64,1980,28.8981
64,1981,28.9060
64,1982,28.9148
64,1983,28.9242
64,1984,28.9327
64,1985,28.9420
64,1986,28.9503
64,1987,28.9584
64,1988,28.9668
64,1989,28.9747
64,1990,28.9832
64,1991,28.9918
64,1992,29.0000
64,1993,29.0085
64,1994,29.0184
64,1995,29.0268
64,1996,29.0357
64,1997,29.0441
64,1998,29.0536
64,1999,29.0631
64,2000,29.0726
64,2001,29.0817
64,2002,29.0900
64,2003,29.0987
64,2004,29.1069
64,2005,29.1147
64,2006,29.1225
64,2007,29.1319
64,2008,29.1394
64,2009,29.1472
64,2010,29.1548
64,2011,29.1631
64,2012,29.1717
64,2013,29.1797
64,2014,29.1882
64,2015,29.1974
64,2016,29.2059
64,2017,29.2145
64,2018,29.2249
64,2019,29.2347
64,2020,29.2426
64,2021,29.2512
64,2022,29.2601
64,2023,29.2682
64,2024,29.2766
64,2025,29.2862
64,2026,29.2945
64,2027,29.3020
64,2028,29.3107
64,2029,29.3178
64,2030,29.3254
64,2031,29.3349
64,2032,29.3442
64,2033,29.3519
64,2034,29.3619
64,2035,29.3699
64,2036,29.3792
64,2037,29.3896
64,2038,29.3988
64,2039,29.4077
64,2040,29.4158
64,2041,29.4246
64,2042,29.4336
64,2043,29.4422
64,2044,29.4510
64,2045,29.4605
64,2046,29.4688
64,2047,29.4770
64,2048,29.4849
64,2049,29.4932
64,2050,29.5007
64,2051,29.5100
64,2052,29.5186
64,2053,29.5272
64,2054,29.5361
64,2055,29.5448
64,2056,29.5533
64,2057,29.5615
64,2058,29.5696
64,2059,29.5768
64,2060,29.5859
64,2061,29.5949
64,2062,29.6037
64,2063,29.6125
64,2064,29.6212
64,2065,29.6297
64,2066,29.6391
64,2067,29.6472
64,2068,29.6549
64,2069,29.6629
64,2070,29.6716
64,2071,29.6804
64,2072,29.6878
64,2073,29.6960
64,2074,29.7036
64,2075,29.7127
64,2076,29.7207
64,2077,29.7286
64,2078,29.7373
64,2079,29.7452
64,2080,29.7536
64,2081,29.7621
64,2082,29.7706
64,2083,29.7792
64,2084,29.7871
64,2085,29.7953
64,2086,29.8036
64,2087,29.8121
64,2088,29.8197
64,2089,29.8271
64,2090,29.8357
64,2091,29.8444
64,2092,29.8531
64,2093,29.8615
64,2094,29.8691
64,2095,29.8769
64,2096,29.8855
64,2097,29.8945
64,2098,29.9035
64,2099,29.9121
64,2100,29.9193
64,2101,29.9261
64,2102,29.9343
64,2103,29.9431
64,2104,29.9513
64,2105,29.9588
64,2106,29.9676
64,2107,29.9767
64,2108,29.9842
64,2109,29.9933
64,2110,30.0017
64,2111,30.0112
64,2112,30.0194
64,2113,30.0274
64,2114,30.0353
64,2115,30.0437
64,2116,30.0530
64,2117,30.0607
64,2118,30.0680
64,2119,30.0766
64,2120,30.0849
64,2121,30.0933
64,2122,30.1017
64,2123,30.1092
64,2124,30.1173
64,2125,30.1268
64,2126,30.1341
64,2127,30.1415
64,2128,30.1498
64,2129,30.1577
64,2130,30.1656
64,2131,30.1745
64,2132,30.1830
64,2133,30.1918
64,2134,30.1987
64,2135,30.2081
64,2136,30.2168
64,2137,30.2256
64,2138,30.2327
64,2139,30.2402
64,2140,30.2478
64,2141,30.2560
64,2142,30.2643
64,2143,30.2734
64,2144,30.2809
64,2145,30.2891
64,2146,30.2969
64,2147,30.3057
64,2148,30.3140
64,2149,30.3216
64,2150,30.3300
64,2151,30.3388
64,2152,30.3475
64,2153,30.3551
64,2154,30.3623
64,2155,30.3705
64,2156,30.3784
64,2157,30.3860
64,2158,30.3948
64,2159,30.4030
64,2160,30.4122
64,2161,30.4209
64,2162,30.4303
64,2163,30.4383
64,2164,30.4476
64,2165,30.4559
64,2166,30.4644
64,2167,30.4728
64,2168,30.4798
64,2169,30.4880
64,2170,30.4955
64,2171,30.5036
64,2172,30.5124
64,2173,30.5217
64,2174,30.5295
64,2175,30.5371
64,2176,30.5471
64,2177,30.5554
64,2178,30.5639
64,2179,30.5726
64,2180,30.5805
64,2181,30.5891
64,2182,30.5971
64,2183,30.6056
64,2184,30.6142
64,2185,30.6213
64,2186,30.6294
64,2187,30.6386
64,2188,30.6461
64,2189,30.6540
64,2190,30.6619
64,2191,30.6707
64,2192,30.6794
64,2193,30.6879
64,2194,30.6966
64,2195,30.7050
64,2196,30.7138
64,2197,30.7220
64,2198,30.7298
64,2199,30.7371
64,2200,30.7435
64,2201,30.7525
64,2202,30.7614
64,2203,30.7701
64,2204,30.7782
64,2205,30.7859
64,2206,30.7936
64,2207,30.8008
64,2208,30.8077
64,2209,30.8157
64,2210,30.8244
64,2211,30.8327
64,2212,30.8411
64,2213,30.8480
64,2214,30.8559
64,2215,30.8644
64,2216,30.8722
64,2217,30.8796
64,2218,30.8886
64,2219,30.8962
64,2220,30.9036
64,2221,30.9108
64,2222,30.9177
64,2223,30.9253
64,2224,30.9324
64,2225,30.9407
64,2226,30.9483
64,2227,30.9560
64,2228,30.9644
64,2229,30.9727
64,2230,30.9807
64,2231,30.9889
64,2232,30.9972
64,2233,31.0065
64,2234,31.0140
64,2235,31.0215
64,2236,31.0300
64,2237,31.0374
64,2238,31.0455
64,2239,31.0535
64,2240,31.0614
64,2241,31.0695
64,2242,31.0773
64,2243,31.0855
64,2244,31.0929
64,2245,31.1003
64,2246,31.1073
64,2247,31.1145
64,2248,31.1222
64,2249,31.1302
64,2250,31.1384
64,2251,31.1463
64,2252,31.1540
64,2253,31.1624
64,2254,31.1696
64,2255,31.1780
64,2256,31.1857
64,2257,31.1933
64,2258,31.2012
64,2259,31.2100
64,2260,31.2181
64,2261,31.2256
64,2262,31.2344
64,2263,31.2429
64,2264,31.2504
64,2265,31.2589
64,2266,31.2671
64,2267,31.2741
64,2268,31.2824
64,2269,31.2903
64,2270,31.2990
64,2271,31.3061
64,2272,31.3142
64,2273,31.3220
64,2274,31.3299
64,2275,31.3373
64,2276,31.3459
64,2277,31.3538
64,2278,31.3624
64,2279,31.3711
64,2280,31.3789
64,2281,31.3877
64,2282,31.3961
64,2283,31.4033
64,2284,31.4117
64,2285,31.4196
64,2286,31.4279
64,2287,31.4359
64,2288,31.4430
64,2289,31.4519
64,2290,31.4595
64,2291,31.4671
64,2292,31.4761
64,2293,31.4846
64,2294,31.4919
64,2295,31.4997
64,2296,31.5080
64,2297,31.5173
64,2298,31.5249
64,2299,31.5339
64,2300,31.5423
64,2301,31.5505
64,2302,31.5575
64,2303,31.5654
64,2304,31.5732
64,2305,31.5817
64,2306,31.5897
64,2307,31.5976
64,2308,31.6057
64,2309,31.6142
64,2310,31.6221
64,2311,31.6296
64,2312,31.6372
64,2313,31.6450
64,2314,31.6536
64,2315,31.6618
64,2316,31.6703
64,2317,31.6785
64,2318,31.6865
64,2319,31.6943
64,2320,31.7018
64,2321,31.7101
64,2322,31.7177
64,2323,31.7255
64,2324,31.7335
64,2325,31.7404
64,2326,31.7481
64,2327,31.7566
64,2328,31.7643
64,2329,31.7712
64,2330,31.7797
64,2331,31.7875
64,2332,31.7958
64,2333,31.8041
64,2334,31.8121
64,2335,31.8207
64,2336,31.8282
64,2337,31.8356
64,2338,31.8438
64,2339,31.8512
64,2340,31.8603
64,2341,31.8681
64,2342,31.8752
64,2343,31.8840
64,2344,31.8919
64,2345,31.8995
64,2346,31.9075
64,2347,31.9153
64,2348,31.9233
64,2349,31.9315
64,2350,31.9403
64,2351,31.9480
64,2352,31.9569
64,2353,31.9657
64,2354,31.9735
64,2355,31.9821
64,2356,31.9894
64,2357,31.9978
64,2358,32.0059
64,2359,32.0148
64,2360,32.0227
64,2361,32.0306
64,2362,32.0385
64,2363,32.0458
64,2364,32.0540
64,2365,32.0622
64,2366,32.0694
64,2367,32.0771
64,2368,32.0856
64,2369,32.0935
64,2370,32.1019
64,2371,32.1094
64,2372,32.1166
64,2373,32.1243
64,2374,32.1314
64,2375,32.1400
64,2376,32.1474
64,2377,32.1561
64,2378,32.1628
64,2379,32.1701
64,2380,32.1774
64,2381,32.1858
64,2382,32.1937
64,2383,32.2009
64,2384,32.2086
64,2385,32.2164
64,2386,32.2252
64,2387,32.2328
64,2388,32.2398
64,2389,32.2462
64,2390,32.2553
64,2391,32.2628
64,2392,32.2700
64,2393,32.2777
64,2394,32.2859
64,2395,32.2941
64,2396,32.3019
64,2397,32.3091
64,2398,32.3168
64,2399,32.3248
64,2400,32.3329
64,2401,32.3399
64,2402,32.3472
64,2403,32.3543
64,2404,32.3616
64,2405,32.3698
64,2406,32.3784
64,2407,32.3864
64,2408,32.3939
64,2409,32.4019
64,2410,32.4096
64,2411,32.4177
64,2412,32.4257
64,2413,32.4345
64,2414,32.4418
64,2415,32.4490
64,2416,32.4586
64,2417,32.4660
64,2418,32.4733
64,2419,32.4803
64,2420,32.4879
64,2421,32.4970
64,2422,32.5039
64,2423,32.5111
64,2424,32.5186
64,2425,32.5263
64,2426,32.5336
64,2427,32.5411
64,2428,32.5496
64,2429,32.5585
64,2430,32.5664
64,2431,32.5742
64,2432,32.5824
64,2433,32.5903
64,2434,32.5975
64,2435,32.6058
64,2436,32.6138
64,2437,32.6218
64,2438,32.6291
64,2439,32.6374
64,2440,32.6450
64,2441,32.6532
64,2442,32.6597
64,2443,32.6671
64,2444,32.6747
64,2445,32.6825
64,2446,32.6905
64,2447,32.6981
64,2448,32.7055
64,2449,32.7145
64,2450,32.7220
64,2451,32.7294
64,2452,32.7375
64,2453,32.7455
64,2454,32.7538
64,2455,32.7616
64,2456,32.7686
64,2457,32.7750
64,2458,32.7828
64,2459,32.7897
64,2460,32.7971
64,2461,32.8052
64,2462,32.8134
64,2463,32.8222
64,2464,32.8300
64,2465,32.8377
64,2466,32.8452
64,2467,32.8529
64,2468,32.8613
64,2469,32.8686
64,2470,32.8773
64,2471,32.8848
64,2472,32.8931
64,2473,32.9006
64,2474,32.9081
64,2475,32.9151
64,2476,32.9238
64,2477,32.9316
64,2478,32.9387
64,2479,32.9465
64,2480,32.9539
64,2481,32.9615
64,2482,32.9698
64,2483,32.9785
64,2484,32.9864
64,2485,32.9945
64,2486,33.0025
64,2487,33.0092
64,2488,33.0162
64,2489,33.0235
64,2490,33.0313
64,2491,33.0399
64,2492,33.0478
64,2493,33.0563
64,2494,33.0637
64,2495,33.0721
64,2496,33.0801
64,2497,33.0885
64,2498,33.0963
64,2499,33.1038
64,2500,33.1117
64,2501,33.1194
64,2502,33.1266
64,2503,33.1347
64,2504,33.1418
64,2505,33.1495
64,2506,33.1574
64,2507,33.1651
64,2508,33.1722
64,2509,33.1808
64,2510,33.1891
64,2511,33.1976
64,2512,33.2060
64,2513,33.2149
64,2514,33.2215
64,2515,33.2277
64,2516,33.2348
64,2517,33.2423
64,2518,33.2496
64,2519,33.2579
64,2520,33.2654
64,2521,33.2727
64,2522,33.2801
64,2523,33.2886
64,2524,33.2962
64,2525,33.3044
64,2526,33.3125
64,2527,33.3208
64,2528,33.3287
64,2529,33.3364
64,2530,33.3446
64,2531,33.3520
64,2532,33.3594
64,2533,33.3664
64,2534,33.3745
64,2535,33.3826
64,2536,33.3903
64,2537,33.3977
64,2538,33.4040
64,2539,33.4115
64,2540,33.4192
64,2541,33.4265
64,2542,33.4344
64,2543,33.4422
64,2544,33.4500
64,2545,33.4570
64,2546,33.4651
64,2547,33.4741
64,2548,33.4818
64,2549,33.4895
64,2550,33.4972
64,2551,33.5044
64,2552,33.5124
64,2553,33.5203
64,2554,33.5276
64,2555,33.5358
64,2556,33.5432
64,2557,33.5516
64,2558,33.5593
64,2559,33.5661
64,2560,33.5739
64,2561,33.5812
64,2562,33.5884
64,2563,33.5964
64,2564,33.6031
64,2565,33.6102
64,2566,33.6181
64,2567,33.6251
64,2568,33.6331
64,2569,33.6410
64,2570,33.6482
64,2571,33.6556
64,2572,33.6639
64,2573,33.6710
64,2574,33.6776
64,2575,33.6853
64,2576,33.6919
64,2577,33.6997
64,2578,33.7080
64,2579,33.7160
64,2580,33.7223
64,2581,33.7298
64,2582,33.7365
64,2583,33.7446
64,2584,33.7526
64,2585,33.7601
64,2586,33.7679
64,2587,33.7756
64,2588,33.7843
64,2589,33.7917
64,2590,33.8001
64,2591,33.8074
64,2592,33.8152
64,2593,33.8235
64,2594,33.8307
64,2595,33.8377
64,2596,33.8467
64,2597,33.8541
64,2598,33.8626
64,2599,33.8701
64,2600,33.8778
64,2601,33.8854
64,2602,33.8940
64,2603,33.9008
64,2604,33.9095
64,2605,33.9173
64,2606,33.9252
64,2607,33.9320
64,2608,33.9397
64,2609,33.9477
64,2610,33.9557
64,2611,33.9632
64,2612,33.9720
64,2613,33.9790
64,2614,33.9870
64,2615,33.9946
64,2616,34.0027
64,2617,34.0110
64,2618,34.0174
64,2619,34.0250
64,2620,34.0322
64,2621,34.0394
64,2622,34.0469
64,2623,34.0544
64,2624,34.0614
64,2625,34.0693
64,2626,34.0774
64,2627,34.0858
64,2628,34.0925
64,2629,34.1001
64,2630,34.1080
64,2631,34.1145
64,2632,34.1213
64,2633,34.1290
64,2634,34.1353
64,2635,34.1435
64,2636,34.1501
64,2637,34.1577
64,2638,34.1646
64,2639,34.1713
64,2640,34.1787
64,2641,34.1865
64,2642,34.1943
64,2643,34.2017
64,2644,34.2094
64,2645,34.2164
64,2646,34.2249
64,2647,34.2334
64,2648,34.2414
64,2649,34.2491
64,2650,34.2563
64,2651,34.2635
64,2652,34.2709
64,2653,34.2786
64,2654,34.2864
64,2655,34.2931
64,2656,34.3011
64,2657,34.3090
64,2658,34.3171
64,2659,34.3245
64,2660,34.3311
64,2661,34.3385
64,2662,34.3462
64,2663,34.3537
64,2664,34.3603
64,2665,34.3673
64,2666,34.3743
64,2667,34.3817
64,2668,34.3894
64,2669,34.3978
64,2670,34.4056
64,2671,34.4134
64,2672,34.4202
64,2673,34.4277
64,2674,34.4344
64,2675,34.4418
64,2676,34.4479
64,2677,34.4560
64,2678,34.4637
64,2679,34.4714
64,2680,34.4792
64,2681,34.4867
64,2682,34.4947
64,2683,34.5016
64,2684,34.5093
64,2685,34.5167
64,2686,34.5233
64,2687,34.5307
64,2688,34.5384
64,2689,34.5460
64,2690,34.5525
64,2691,34.5600
64,2692,34.5674
64,2693,34.5753
64,2694,34.5827
64,2695,34.5903
64,2696,34.5974
64,2697,34.6050
64,2698,34.6124
64,2699,34.6202
64,2700,34.6277
64,2701,34.6353
64,2702,34.6425
64,2703,34.6498
64,2704,34.6570
64,2705,34.6632
64,2706,34.6701
64,2707,34.6782
64,2708,34.6860
64,2709,34.6928
64,2710,34.7003
64,2711,34.7079
64,2712,34.7155
64,2713,34.7232
64,2714,34.7302
64,2715,34.7368
64,2716,34.7447
64,2717,34.7527
64,2718,34.7606
64,2719,34.7680
64,2720,34.7756
64,2721,34.7828
64,2722,34.7901
64,2723,34.7975
64,2724,34.8040
64,2725,34.8111
64,2726,34.8194
64,2727,34.8268
64,2728,34.8339
64,2729,34.8416
64,2730,34.8484
64,2731,34.8552
64,2732,34.8623
64,2733,34.8703
64,2734,34.8768
64,2735,34.8840
64,2736,34.8909
64,2737,34.8979
64,2738,34.9050
64,2739,34.9117
64,2740,34.9193
64,2741,34.9269
64,2742,34.9350
64,2743,34.9427
64,2744,34.9502
64,2745,34.9578
64,2746,34.9655
64,2747,34.9725
64,2748,34.9795
64,2749,34.9873
64,2750,34.9935
64,2751,35.0003
64,2752,35.0072
64,2753,35.0149
64,2754,35.0231
64,2755,35.0298
64,2756,35.0365
64,2757,35.0434
64,2758,35.0518
64,2759,35.0598
64,2760,35.0671
64,2761,35.0743
64,2762,35.0814
64,2763,35.0884
64,2764,35.0961
64,2765,35.1034
64,2766,35.1102
64,2767,35.1177
64,2768,35.1252
64,2769,35.1328
64,2770,35.1397
64,2771,35.1471
64,2772,35.1550
64,2773,35.1631
64,2774,35.1704
64,2775,35.1777
64,2776,35.1852
64,2777,35.1932
64,2778,35.2009
64,2779,35.2076
64,2780,35.2147
64,2781,35.2215
64,2782,35.2293
64,2783,35.2365
64,2784,35.2448
64,2785,35.2520
64,2786,35.2591
64,2787,35.2657
64,2788,35.2731
64,2789,35.2810
64,2790,35.2874
64,2791,35.2944
64,2792,35.3019
64,2793,35.3093
64,2794,35.3176
64,2795,35.3253
64,2796,35.3321
64,2797,35.3391
64,2798,35.3465
64,2799,35.3542
64,2800,35.3615
64,2801,35.3679
64,2802,35.3762
64,2803,35.3839
64,2804,35.3915
64,2805,35.3998
64,2806,35.4065
64,2807,35.4127
64,2808,35.4200
64,2809,35.4271
64,2810,35.4341
64,2811,35.4412
64,2812,35.4485
64,2813,35.4554
64,2814,35.4629
64,2815,35.4708
64,2816,35.4781
64,2817,35.4855
64,2818,35.4926
64,2819,35.4994
64,2820,35.5061
64,2821,35.5136
64,2822,35.5209
64,2823,35.5284
64,2824,35.5369
64,2825,35.5438
64,2826,35.5512
64,2827,35.5581
64,2828,35.5649
64,2829,35.5722
64,2830,35.5792
64,2831,35.5876
64,2832,35.5954
64,2833,35.6023
64,2834,35.6087
64,2835,35.6158
64,2836,35.6225
64,2837,35.6306
64,2838,35.6375
64,2839,35.6446
64,2840,35.6519
64,2841,35.6595
64,2842,35.6672
64,2843,35.6739
64,2844,35.6814
64,2845,35.6886
64,2846,35.6963
64,2847,35.7035
64,2848,35.7105
64,2849,35.7187
64,2850,35.7264
64,2851,35.7337
64,2852,35.7418
64,2853,35.7482
64,2854,35.7559
64,2855,35.7633
64,2856,35.7706
64,2857,35.7774
64,2858,35.7845
64,2859,35.7923
64,2860,35.7998
64,2861,35.8067
64,2862,35.8140
64,2863,35.8211
64,2864,35.8285
64,2865,35.8360
64,2866,35.8437
64,2867,35.8503
64,2868,35.8571
64,2869,35.8636
64,2870,35.8709
64,2871,35.8785
64,2872,35.8851
64,2873,35.8923
64,2874,35.8997
64,2875,35.9068
64,2876,35.9144
64,2877,35.9225
64,2878,35.9304
64,2879,35.9377
64,2880,35.9447
64,2881,35.9520
64,2882,35.9597
64,2883,35.9669
64,2884,35.9739
64,2885,35.9812
64,2886,35.9880
64,2887,35.9954
64,2888,36.0027
64,2889,36.0096
64,2890,36.0171
64,2891,36.0240
64,2892,36.0307
64,2893,36.0390
64,2894,36.0453
64,2895,36.0525
64,2896,36.0600
64,2897,36.0678
64,2898,36.0751
64,2899,36.0833
64,2900,36.0901
64,2901,36.0962
64,2902,36.1033
64,2903,36.1111
64,2904,36.1175
64,2905,36.1239
64,2906,36.1314
64,2907,36.1380
64,2908,36.1459
64,2909,36.1532
64,2910,36.1609
64,2911,36.1681
64,2912,36.1759
64,2913,36.1836
64,2914,36.1914
64,2915,36.1985
64,2916,36.2062
64,2917,36.2143
64,2918,36.2211
64,2919,36.2287
64,2920,36.2360
64,2921,36.2429
64,2922,36.2502
64,2923,36.2570
64,2924,36.2641
64,2925,36.2728
64,2926,36.2801
64,2927,36.2868
64,2928,36.2935
64,2929,36.3012
64,2930,36.3085
64,2931,36.3154
64,2932,36.3220
64,2933,36.3291
64,2934,36.3363
64,2935,36.3432
64,2936,36.3503
64,2937,36.3576
64,2938,36.3647
64,2939,36.3719
64,2940,36.3795
64,2941,36.3862
64,2942,36.3940
64,2943,36.4021
64,2944,36.4087
64,2945,36.4154
64,2946,36.4223
64,2947,36.4293
64,2948,36.4364
64,2949,36.4434
64,2950,36.4503
64,2951,36.4574
64,2952,36.4644
64,2953,36.4717
64,2954,36.4803
64,2955,36.4868
64,2956,36.4933
64,2957,36.5001
64,2958,36.5070
64,2959,36.5145
64,2960,36.5216
64,2961,36.5288
64,2962,36.5363
64,2963,36.5434
64,2964,36.5503
64,2965,36.5573
64,2966,36.5639
64,2967,36.5707
64,2968,36.5775
64,2969,36.5845
64,2970,36.5910
64,2971,36.5976
64,2972,36.6050
64,2973,36.6112
64,2974,36.6181
64,2975,36.6263
64,2976,36.6342
64,2977,36.6421
64,2978,36.6480
64,2979,36.6553
64,2980,36.6629
64,2981,36.6705
64,2982,36.6775
64,2983,36.6852
64,2984,36.6927
64,2985,36.6999
64,2986,36.7074
64,2987,36.7150
64,2988,36.7224
64,2989,36.7300
64,2990,36.7363
64,2991,36.7428
64,2992,36.7510
64,2993,36.7581
64,2994,36.7655
64,2995,36.7717
64,2996,36.7777
64,2997,36.7846
64,2998,36.7911
64,2999,36.7981
64,3000,36.8056
64,3001,36.8126
64,3002,36.8204
64,3003,36.8268
64,3004,36.8339
64,3005,36.8416
64,3006,36.8495
64,3007,36.8575
64,3008,36.8651
64,3009,36.8725
64,3010,36.8797
64,3011,36.8866
64,3012,36.8939
64,3013,36.9020
64,3014,36.9086
64,3015,36.9151
64,3016,36.9219
64,3017,36.9295
64,3018,36.9367
64,3019,36.9433
64,3020,36.9502
64,3021,36.9576
64,3022,36.9657
64,3023,36.9731
64,3024,36.9808
64,3025,36.9879
64,3026,36.9951
64,3027,37.0018
64,3028,37.0093
64,3029,37.0166
64,3030,37.0231
64,3031,37.0305
64,3032,37.0374
64,3033,37.0437
64,3034,37.0509
64,3035,37.0585
64,3036,37.0652
64,3037,37.0714
64,3038,37.0789
64,3039,37.0865
64,3040,37.0940
64,3041,37.1008
64,3042,37.1085
64,3043,37.1162
64,3044,37.1237
64,3045,37.1309
64,3046,37.1380
64,3047,37.1452
64,3048,37.1519
64,3049,37.1593
64,3050,37.1670
64,3051,37.1737
64,3052,37.1812
64,3053,37.1882
64,3054,37.1945
64,3055,37.2018
64,3056,37.2093
64,3057,37.2163
64,3058,37.2234
64,3059,37.2307
64,3060,37.2373
64,3061,37.2450
64,3062,37.2519
64,3063,37.2587
64,3064,37.2654
64,3065,37.2729
64,3066,37.2798
64,3067,37.2875
64,3068,37.2939
64,3069,37.3011
64,3070,37.3089
64,3071,37.3161
64,3072,37.3231
64,3073,37.3304
64,3074,37.3379
64,3075,37.3452
64,3076,37.3534
64,3077,37.3608
64,3078,37.3683
64,3079,37.3751
64,3080,37.3822
64,3081,37.3896
64,3082,37.3965
64,3083,37.4034
64,3084,37.4106
64,3085,37.4175
64,3086,37.4240
64,3087,37.4310
64,3088,37.4378
64,3089,37.4442
64,3090,37.4507
64,3091,37.4582
64,3092,37.4643
64,3093,37.4719
64,3094,37.4791
64,3095,37.4871
64,3096,37.4939
64,3097,37.5005
64,3098,37.5070
64,3099,37.5141
64,3100,37.5206
64,3101,37.5276
64,3102,37.5347
64,3103,37.5418
64,3104,37.5483
64,3105,37.5559
64,3106,37.5638
64,3107,37.5706
64,3108,37.5776
64,3109,37.5855
64,3110,37.5921
64,3111,37.5993
64,3112,37.6074
64,3113,37.6147
64,3114,37.6211
64,3115,37.6279
64,3116,37.6345
64,3117,37.6416
64,3118,37.6490
64,3119,37.6563
64,3120,37.6627
64,3121,37.6687
64,3122,37.6761
64,3123,37.6822
64,3124,37.6884
64,3125,37.6948
64,3126,37.7026
64,3127,37.7094
64,3128,37.7160
64,3129,37.7230
64,3130,37.7296
64,3131,37.7368
64,3132,37.7432
64,3133,37.7499
64,3134,37.7565
64,3135,37.7637
64,3136,37.7702
64,3137,37.7782
64,3138,37.7842
64,3139,37.7917
64,3140,37.7990
64,3141,37.8051
64,3142,37.8126
64,3143,37.8197
64,3144,37.8272
64,3145,37.8340
64,3146,37.8409
64,3147,37.8478
64,3148,37.8551
64,3149,37.8631
64,3150,37.8698
64,3151,37.8773
64,3152,37.8850
64,3153,37.8918
64,3154,37.8998
64,3155,37.9060
64,3156,37.9130
64,3157,37.9204
64,3158,37.9274
64,3159,37.9333
64,3160,37.9399
64,3161,37.9483
64,3162,37.9550
64,3163,37.9623
64,3164,37.9689
64,3165,37.9762
64,3166,37.9832
64,3167,37.9900
64,3168,37.9973
64,3169,38.0043
64,3170,38.0116
64,3171,38.0181
64,3172,38.0252
64,3173,38.0328
64,3174,38.0388
64,3175,38.0453
64,3176,38.0521
64,3177,38.0590
64,3178,38.0668
64,3179,38.0741
64,3180,38.0810
64,3181,38.0881
64,3182,38.0952
64,3183,38.1016
64,3184,38.1086
64,3185,38.1155
64,3186,38.1225
64,3187,38.1300
64,3188,38.1367
64,3189,38.1432
64,3190,38.1504
64,3191,38.1568
64,3192,38.1633
64,3193,38.1702
64,3194,38.1773
64,3195,38.1846
64,3196,38.1915
64,3197,38.1983
64,3198,38.2061
64,3199,38.2130
64,3200,38.2194
64,3201,38.2261
64,3202,38.2331
64,3203,38.2400
64,3204,38.2469
64,3205,38.2545
64,3206,38.2611
64,3207,38.2677
64,3208,38.2748
64,3209,38.2811
64,3210,38.2886
64,3211,38.2963
64,3212,38.3034
64,3213,38.3105
64,3214,38.3162
64,3215,38.3230
64,3216,38.3295
64,3217,38.3373
64,3218,38.3439
64,3219,38.3504
64,3220,38.3587
64,3221,38.3650
64,3222,38.3729
64,3223,38.3797
64,3224,38.3863
64,3225,38.3939
64,3226,38.4013
64,3227,38.4075
64,3228,38.4144
64,3229,38.4212
64,3230,38.4286
64,3231,38.4352
64,3232,38.4419
64,3233,38.4486
64,3234,38.4561
64,3235,38.4630
64,3236,38.4690
64,3237,38.4758
64,3238,38.4835
64,3239,38.4901
64,3240,38.4964
64,3241,38.5037
64,3242,38.5111
64,3243,38.5183
64,3244,38.5250
64,3245,38.5318
64,3246,38.5390
64,3247,38.5461
64,3248,38.5532
64,3249,38.5604
64,3250,38.5672
64,3251,38.5736
64,3252,38.5801
64,3253,38.5877
64,3254,38.5944
64,3255,38.6012
64,3256,38.6075
64,3257,38.6139
64,3258,38.6216
64,3259,38.6294
64,3260,38.6362
64,3261,38.6431
64,3262,38.6492
64,3263,38.6554
64,3264,38.6618
64,3265,38.6685
64,3266,38.6760
64,3267,38.6827
64,3268,38.6897
64,3269,38.6964
64,3270,38.7035
64,3271,38.7103
64,3272,38.7175
64,3273,38.7256
64,3274,38.7316
64,3275,38.7380
64,3276,38.7451
64,3277,38.7514
64,3278,38.7582
64,3279,38.7646
64,3280,38.7715
64,3281,38.7783
64,3282,38.7853
64,3283,38.7925
64,3284,38.7987
64,3285,38.8056
64,3286,38.8122
64,3287,38.8192
64,3288,38.8258
64,3289,38.8321
64,3290,38.8398
64,3291,38.8465
64,3292,38.8529
64,3293,38.8597
64,3294,38.8668
64,3295,38.8746
64,3296,38.8815
64,3297,38.8874
64,3298,38.8941
64,3299,38.9010
64,3300,38.9074
64,3301,38.9142
64,3302,38.9214
64,3303,38.9290
64,3304,38.9363
64,3305,38.9435
64,3306,38.9509
64,3307,38.9580
64,3308,38.9646
64,3309,38.9716
64,3310,38.9787
64,3311,38.9845
64,3312,38.9914
64,3313,38.9982
64,3314,39.0052
64,3315,39.0123
64,3316,39.0185
64,3317,39.0250
64,3318,39.0324
64,3319,39.0401
64,3320,39.0470
64,3321,39.0541
64,3322,39.0607
64,3323,39.0682
64,3324,39.0748
64,3325,39.0815
64,3326,39.0887
64,3327,39.0951
64,3328,39.1014
64,3329,39.1079
64,3330,39.1149
64,3331,39.1227
64,3332,39.1292
64,3333,39.1360
64,3334,39.1430
64,3335,39.1493
64,3336,39.1567
64,3337,39.1632
64,3338,39.1699
64,3339,39.1760
64,3340,39.1827
64,3341,39.1889
64,3342,39.1970
64,3343,39.2041
64,3344,39.2112
64,3345,39.2175
64,3346,39.2239
64,3347,39.2312
64,3348,39.2371
64,3349,39.2438
64,3350,39.2510
64,3351,39.2578
64,3352,39.2647
64,3353,39.2707
64,3354,39.2771
64,3355,39.2837
64,3356,39.2908
64,3357,39.2970
64,3358,39.3031
64,3359,39.3096
64,3360,39.3164
64,3361,39.3229
64,3362,39.3291
64,3363,39.3358
64,3364,39.3428
64,3365,39.3498
64,3366,39.3564
64,3367,39.3634
64,3368,39.3704
64,3369,39.3771
64,3370,39.3837
64,3371,39.3903
64,3372,39.3972
64,3373,39.4039
64,3374,39.4104
64,3375,39.4181
64,3376,39.4252
64,3377,39.4321
64,3378,39.4393
64,3379,39.4456
64,3380,39.4522
64,3381,39.4586
64,3382,39.4659
64,3383,39.4741
64,3384,39.4808
64,3385,39.4878
64,3386,39.4946
64,3387,39.5006
64,3388,39.5070
64,3389,39.5144
64,3390,39.5213
64,3391,39.5282
64,3392,39.5345
64,3393,39.5407
64,3394,39.5467
64,3395,39.5536
64,3396,39.5609
64,3397,39.5682
64,3398,39.5754
64,3399,39.5821
64,3400,39.5888
64,3401,39.5953
64,3402,39.6025
64,3403,39.6092
64,3404,39.6163
64,3405,39.6232
64,3406,39.6297
64,3407,39.6370
64,3408,39.6437
64,3409,39.6507
64,3410,39.6579
64,3411,39.6646
64,3412,39.6717
64,3413,39.6784
64,3414,39.6863
64,3415,39.6935
64,3416,39.7013
64,3417,39.7076
64,3418,39.7152
64,3419,39.7221
64,3420,39.7291
64,3421,39.7357
64,3422,39.7430
64,3423,39.7496
64,3424,39.7562
64,3425,39.7628
64,3426,39.7697
64,3427,39.7766
64,3428,39.7832
64,3429,39.7902
64,3430,39.7970
64,3431,39.8031
64,3432,39.8093
64,3433,39.8160
64,3434,39.8224
64,3435,39.8297
64,3436,39.8376
64,3437,39.8442
64,3438,39.8507
64,3439,39.8580
64,3440,39.8637
64,3441,39.8707
64,3442,39.8773
64,3443,39.8845
64,3444,39.8902
64,3445,39.8969
64,3446,39.9040
64,3447,39.9116
64,3448,39.9178
64,3449,39.9249
64,3450,39.9315
64,3451,39.9383
64,3452,39.9446
64,3453,39.9517
64,3454,39.9577
64,3455,39.9640
64,3456,39.9707
64,3457,39.9778
64,3458,39.9845
64,3459,39.9906
64,3460,39.9969
64,3461,40.0034
64,3462,40.0093
64,3463,40.0163
64,3464,40.0237
64,3465,40.0307
64,3466,40.0373
64,3467,40.0441
64,3468,40.0508
64,3469,40.0576
64,3470,40.0636
64,3471,40.0710
64,3472,40.0780
64,3473,40.0849
64,3474,40.0919
64,3475,40.0992
64,3476,40.1064
64,3477,40.1121
64,3478,40.1191
64,3479,40.1254
64,3480,40.1330
64,3481,40.1388
64,3482,40.1459
64,3483,40.1526
64,3484,40.1591
64,3485,40.1648
64,3486,40.1716
64,3487,40.1784
64,3488,40.1852
64,3489,40.1920
64,3490,40.1988
64,3491,40.2053
64,3492,40.2126
64,3493,40.2194
64,3494,40.2253
64,3495,40.2325
64,3496,40.2382
64,3497,40.2449
64,3498,40.2520
64,3499,40.2586
64,3500,40.2660
64,3501,40.2725
64,3502,40.2798
64,3503,40.2864
64,3504,40.2929
64,3505,40.3005
64,3506,40.3068
64,3507,40.3136
64,3508,40.3207
64,3509,40.3268
64,3510,40.3327
64,3511,40.3399
64,3512,40.3467
64,3513,40.3540
64,3514,40.3607
64,3515,40.3669
64,3516,40.3736
64,3517,40.3807
64,3518,40.3872
64,3519,40.3948
64,3520,40.4011
64,3521,40.4074
64,3522,40.4142
64,3523,40.4198
64,3524,40.4267
64,3525,40.4342
64,3526,40.4411
64,3527,40.4485
64,3528,40.4547
64,3529,40.4612
64,3530,40.4677
64,3531,40.4746
64,3532,40.4814
64,3533,40.4874
64,3534,40.4944
64,3535,40.5004
64,3536,40.5069
64,3537,40.5130
64,3538,40.5198
64,3539,40.5255
64,3540,40.5322
64,3541,40.5387
64,3542,40.5452
64,3543,40.5517
64,3544,40.5586
64,3545,40.5657
64,3546,40.5722
64,3547,40.5788
64,3548,40.5858
64,3549,40.5926
64,3550,40.5991
64,3551,40.6060
64,3552,40.6127
64,3553,40.6194
64,3554,40.6261
64,3555,40.6327
64,3556,40.6382
64,3557,40.6452
64,3558,40.6512
64,3559,40.6573
64,3560,40.6638
64,3561,40.6705
64,3562,40.6767
64,3563,40.6831
64,3564,40.6892
64,3565,40.6955
64,3566,40.7017
64,3567,40.7086
64,3568,40.7160
64,3569,40.7226
64,3570,40.7288
64,3571,40.7357
64,3572,40.7428
64,3573,40.7497
64,3574,40.7567
64,3575,40.7634
64,3576,40.7705
64,3577,40.7770
64,3578,40.7841
64,3579,40.7904
64,3580,40.7972
64,3581,40.8034
64,3582,40.8100
64,3583,40.8176
64,3584,40.8243
64,3585,40.8304
64,3586,40.8366
64,3587,40.8429
64,3588,40.8505
64,3589,40.8571
64,3590,40.8642
64,3591,40.8722
64,3592,40.8782
64,3593,40.8841
64,3594,40.8903
64,3595,40.8969
64,3596,40.9038
64,3597,40.9103
64,3598,40.9174
64,3599,40.9235
64,3600,40.9308
64,3601,40.9377
64,3602,40.9453
64,3603,40.9520
64,3604,40.9588
64,3605,40.9663
64,3606,40.9731
64,3607,40.9792
64,3608,40.9853
64,3609,40.9915
64,3610,40.9981
64,3611,41.0051
64,3612,41.0115
64,3613,41.0180
64,3614,41.0253
64,3615,41.0311
64,3616,41.0381
64,3617,41.0446
64,3618,41.0511
64,3619,41.0573
64,3620,41.0649
64,3621,41.0714
64,3622,41.0776
64,3623,41.0845
64,3624,41.0916
64,3625,41.0982
64,3626,41.1046
64,3627,41.1114
64,3628,41.1180
64,3629,41.1239
64,3630,41.1300
64,3631,41.1363
64,3632,41.1424
64,3633,41.1484
64,3634,41.1554
64,3635,41.1618
64,3636,41.1682
64,3637,41.1754
64,3638,41.1824
64,3639,41.1893
64,3640,41.1957
64,3641,41.2021
64,3642,41.2082
64,3643,41.2148
64,3644,41.2214
64,3645,41.2285
64,3646,41.2360
64,3647,41.2418
64,3648,41.2480
64,3649,41.2545
64,3650,41.2617
64,3651,41.2692
64,3652,41.2754
64,3653,41.2828
64,3654,41.2890
64,3655,41.2959
64,3656,41.3022
64,3657,41.3087
64,3658,41.3159
64,3659,41.3230
64,3660,41.3291
64,3661,41.3355
64,3662,41.3419
64,3663,41.3486
64,3664,41.3565
64,3665,41.3633
64,3666,41.3698
64,3667,41.3756
64,3668,41.3822
64,3669,41.3894
64,3670,41.3953
64,3671,41.4017
64,3672,41.4077
64,3673,41.4147
64,3674,41.4211
64,3675,41.4268
64,3676,41.4342
64,3677,41.4409
64,3678,41.4477
64,3679,41.4542
64,3680,41.4609
64,3681,41.4675
64,3682,41.4741
64,3683,41.4810
64,3684,41.4871
64,3685,41.4934
64,3686,41.5002
64,3687,41.5075
64,3688,41.5150
64,3689,41.5216
64,3690,41.5281
64,3691,41.5349
64,3692,41.5413
64,3693,41.5470
64,3694,41.5542
64,3695,41.5617
64,3696,41.5688
64,3697,41.5758
64,3698,41.5830
64,3699,41.5901
64,3700,41.5972
64,3701,41.6043
64,3702,41.6108
64,3703,41.6172
64,3704,41.6237
64,3705,41.6303
64,3706,41.6365
64,3707,41.6433
64,3708,41.6508
64,3709,41.6567
64,3710,41.6633
64,3711,41.6699
64,3712,41.6759
64,3713,41.6818
64,3714,41.6874
64,3715,41.6944
64,3716,41.7005
64,3717,41.7073
64,3718,41.7130
64,3719,41.7196
64,3720,41.7258
64,3721,41.7318
64,3722,41.7385
64,3723,41.7453
64,3724,41.7523
64,3725,41.7592
64,3726,41.7659
64,3727,41.7721
64,3728,41.7782
64,3729,41.7850
64,3730,41.7915
64,3731,41.7974
64,3732,41.8044
64,3733,41.8100
64,3734,41.8163
64,3735,41.8229
64,3736,41.8298
64,3737,41.8361
64,3738,41.8436
64,3739,41.8494
64,3740,41.8560
64,3741,41.8619
64,3742,41.8678
64,3743,41.8738
64,3744,41.8793
64,3745,41.8862
64,3746,41.8932
64,3747,41.9003
64,3748,41.9071
64,3749,41.9130
64,3750,41.9197
64,3751,41.9258
64,3752,41.9316
64,3753,41.9379
64,3754,41.9447
64,3755,41.9516
64,3756,41.9585
64,3757,41.9654
64,3758,41.9712
64,3759,41.9778
64,3760,41.9845
64,3761,41.9912
64,3762,41.9975
64,3763,42.0036
64,3764,42.0105
64,3765,42.0169
64,3766,42.0234
64,3767,42.0297
64,3768,42.0359
64,3769,42.0423
64,3770,42.0488
64,3771,42.0544
64,3772,42.0611
64,3773,42.0675
64,3774,42.0735
64,3775,42.0790
64,3776,42.0859
64,3777,42.0924
64,3778,42.0987
64,3779,42.1052
64,3780,42.1114
64,3781,42.1174
64,3782,42.1241
64,3783,42.1307
64,3784,42.1376
64,3785,42.1438
64,3786,42.1505
64,3787,42.1570
64,3788,42.1632
64,3789,42.1697
64,3790,42.1749
64,3791,42.1810
64,3792,42.1882
64,3793,42.1950
64,3794,42.2018
64,3795,42.2081
64,3796,42.2146
64,3797,42.2211
64,3798,42.2277
64,3799,42.2334
64,3800,42.2401
64,3801,42.2471
64,3802,42.2545
64,3803,42.2605
64,3804,42.2666
64,3805,42.2730
64,3806,42.2793
64,3807,42.2864
64,3808,42.2923
64,3809,42.2985
64,3810,42.3045
64,3811,42.3121
64,3812,42.3194
64,3813,42.3260
64,3814,42.3324
64,3815,42.3394
64,3816,42.3452
64,3817,42.3512
64,3818,42.3576
64,3819,42.3636
64,3820,42.3694
64,3821,42.3754
64,3822,42.3822
64,3823,42.3894
64,3824,42.3962
64,3825,42.4024
64,3826,42.4086
64,3827,42.4142
64,3828,42.4202
64,3829,42.4269
64,3830,42.4336
64,3831,42.4400
64,3832,42.4468
64,3833,42.4534
64,3834,42.4595
64,3835,42.4657
64,3836,42.4723
64,3837,42.4783
64,3838,42.4850
64,3839,42.4918
64,3840,42.4991
64,3841,42.5061
64,3842,42.5129
64,3843,42.5183
64,3844,42.5243
64,3845,42.5306
64,3846,42.5371
64,3847,42.5440
64,3848,42.5507
64,3849,42.5571
64,3850,42.5638
64,3851,42.5697
64,3852,42.5766
64,3853,42.5824
64,3854,42.5886
64,3855,42.5944
64,3856,42.6011
64,3857,42.6077
64,3858,42.6139
64,3859,42.6202
64,3860,42.6265
64,3861,42.6331
64,3862,42.6390
64,3863,42.6453
64,3864,42.6515
64,3865,42.6576
64,3866,42.6643
64,3867,42.6705
64,3868,42.6774
64,3869,42.6843
64,3870,42.6912
64,3871,42.6983
64,3872,42.7051
64,3873,42.7114
64,3874,42.7185
64,3875,42.7245
64,3876,42.7318
64,3877,42.7380
64,3878,42.7439
64,3879,42.7501
64,3880,42.7571
64,3881,42.7639
64,3882,42.7700
64,3883,42.7768
64,3884,42.7824
64,3885,42.7888
64,3886,42.7950
64,3887,42.8022
64,3888,42.8083
64,3889,42.8143
64,3890,42.8211
64,3891,42.8276
64,3892,42.8335
64,3893,42.8399
64,3894,42.8461
64,3895,42.8521
64,3896,42.8588
64,3897,42.8650
64,3898,42.8712
64,3899,42.8767
64,3900,42.8842
64,3901,42.8902
64,3902,42.8971
64,3903,42.9035
64,3904,42.9095
64,3905,42.9156
64,3906,42.9217
64,3907,42.9278
64,3908,42.9339
64,3909,42.9407
64,3910,42.9465
64,3911,42.9525
64,3912,42.9585
64,3913,42.9643
64,3914,42.9707
64,3915,42.9775
64,3916,42.9840
64,3917,42.9899
64,3918,42.9973
64,3919,43.0036
64,3920,43.0098
64,3921,43.0159
64,3922,43.0226
64,3923,43.0290
64,3924,43.0349
64,3925,43.0404
64,3926,43.0466
64,3927,43.0529
64,3928,43.0585
64,3929,43.0646
64,3930,43.0713
64,3931,43.0775
64,3932,43.0838
64,3933,43.0907
64,3934,43.0978
64,3935,43.1042
64,3936,43.1100
64,3937,43.1167
64,3938,43.1228
64,3939,43.1287
64,3940,43.1349
64,3941,43.1423
64,3942,43.1496
64,3943,43.1557
64,3944,43.1623
64,3945,43.1685
64,3946,43.1749
64,3947,43.1810
64,3948,43.1878
64,3949,43.1937
64,3950,43.1991
64,3951,43.2049
64,3952,43.2117
64,3953,43.2171
64,3954,43.2242
64,3955,43.2307
64,3956,43.2370
64,3957,43.2432
64,3958,43.2504
64,3959,43.2567
64,3960,43.2632
64,3961,43.2696
64,3962,43.2763
64,3963,43.2831
64,3964,43.2895
64,3965,43.2943
64,3966,43.2999
64,3967,43.3072
64,3968,43.3137
64,3969,43.3194
64,3970,43.3261
64,3971,43.3324
64,3972,43.3382
64,3973,43.3444
64,3974,43.3513
64,3975,43.3577
64,3976,43.3634
64,3977,43.3700
64,3978,43.3753
64,3979,43.3817
64,3980,43.3886
64,3981,43.3949
64,3982,43.4009
64,3983,43.4060
64,3984,43.4116
64,3985,43.4183
64,3986,43.4242
64,3987,43.4304
64,3988,43.4373
64,3989,43.4435
64,3990,43.4501
64,3991,43.4565
64,3992,43.4630
64,3993,43.4677
64,3994,43.4732
64,3995,43.4797
64,3996,43.4854
64,3997,43.4910
64,3998,43.4973
64,3999,43.5032
64,4000,43.5097
64,4001,43.5159
64,4002,43.5222
64,4003,43.5287
64,4004,43.5351
64,4005,43.5410
64,4006,43.5479
64,4007,43.5546
64,4008,43.5606
64,4009,43.5672
64,4010,43.5734
64,4011,43.5803
64,4012,43.5868
64,4013,43.5931
64,4014,43.5987
64,4015,43.6054
64,4016,43.6120
64,4017,43.6184
64,4018,43.6246
64,4019,43.6310
64,4020,43.6372
64,4021,43.6440
64,4022,43.6498
64,4023,43.6562
64,4024,43.6627
64,4025,43.6688
64,4026,43.6758
64,4027,43.6821
64,4028,43.6889
64,4029,43.6945
64,4030,43.7007
64,4031,43.7072
64,4032,43.7135
64,4033,43.7195
64,4034,43.7260
64,4035,43.7328
64,4036,43.7387
64,4037,43.7450
64,4038,43.7512
64,4039,43.7580
64,4040,43.7639
64,4041,43.7698
64,4042,43.7757
64,4043,43.7820
64,4044,43.7883
64,4045,43.7945
64,4046,43.8003
64,4047,43.8064
64,4048,43.8121
64,4049,43.8171
64,4050,43.8229
64,4051,43.8286
64,4052,43.8342
64,4053,43.8404
64,4054,43.8471
64,4055,43.8533
64,4056,43.8600
64,4057,43.8661
64,4058,43.8727
64,4059,43.8785
64,4060,43.8850
64,4061,43.8913
64,4062,43.8985
64,4063,43.9047
64,4064,43.9117
64,4065,43.9184
64,4066,43.9251
64,4067,43.9316
64,4068,43.9373
64,4069,43.9436
64,4070,43.9501
64,4071,43.9563
64,4072,43.9618
64,4073,43.9689
64,4074,43.9755
64,4075,43.9814
64,4076,43.9882
64,4077,43.9945
64,4078,44.0011
64,4079,44.0066
64,4080,44.0134
64,4081,44.0193
64,4082,44.0255
64,4083,44.0312
64,4084,44.0374
64,4085,44.0430
64,4086,44.0493
64,4087,44.0550
64,4088,44.0610
64,4089,44.0669
64,4090,44.0732
64,4091,44.0799
64,4092,44.0861
64,4093,44.0924
64,4094,44.0986
64,4095,44.1044
64,4096,44.1102
64,4097,44.1169
64,4098,44.1231
64,4099,44.1288
64,4100,44.1347
64,4101,44.1401
64,4102,44.1467
64,4103,44.1530
64,4104,44.1590
64,4105,44.1653
64,4106,44.1715
64,4107,44.1768
64,4108,44.1829
64,4109,44.1893
64,4110,44.1960
64,4111,44.2015
64,4112,44.2069
64,4113,44.2129
64,4114,44.2203
64,4115,44.2266
64,4116,44.2321
64,4117,44.2379
64,4118,44.2436
64,4119,44.2501
64,4120,44.2561
64,4121,44.2619
64,4122,44.2680
64,4123,44.2739
64,4124,44.2807
64,4125,44.2862
64,4126,44.2935
64,4127,44.2995
64,4128,44.3058
64,4129,44.3122
64,4130,44.3189
64,4131,44.3246
64,4132,44.3305
64,4133,44.3362
64,4134,44.3426
64,4135,44.3484
64,4136,44.3550
64,4137,44.3607
64,4138,44.3663
64,4139,44.3718
64,4140,44.3782
64,4141,44.3844
64,4142,44.3907
64,4143,44.3976
64,4144,44.4047
64,4145,44.4106
64,4146,44.4169
64,4147,44.4230
64,4148,44.4288
64,4149,44.4343
64,4150,44.4407
64,4151,44.4470
64,4152,44.4531
64,4153,44.4587
64,4154,44.4647
64,4155,44.4709
64,4156,44.4771
64,4157,44.4834
64,4158,44.4899
64,4159,44.4967
64,4160,44.5029
64,4161,44.5088
64,4162,44.5150
64,4163,44.5207
64,4164,44.5271
64,4165,44.5330
64,4166,44.5395
64,4167,44.5456
64,4168,44.5523
64,4169,44.5586
64,4170,44.5646
64,4171,44.5712
64,4172,44.5776
64,4173,44.5838
64,4174,44.5907
64,4175,44.5973
64,4176,44.6037
64,4177,44.6098
64,4178,44.6161
64,4179,44.6221
64,4180,44.6286
64,4181,44.6345
64,4182,44.6407
64,4183,44.6470
64,4184,44.6536
64,4185,44.6603
64,4186,44.6667
64,4187,44.6731
64,4188,44.6794
64,4189,44.6851
64,4190,44.6907
64,4191,44.6972
64,4192,44.7030
64,4193,44.7091
64,4194,44.7146
64,4195,44.7209
64,4196,44.7272
64,4197,44.7332
64,4198,44.7390
64,4199,44.7455
64,4200,44.7519
64,4201,44.7579
64,4202,44.7641
64,4203,44.7699
64,4204,44.7757
64,4205,44.7813
64,4206,44.7872
64,4207,44.7937
64,4208,44.7994
64,4209,44.8057
64,4210,44.8121
64,4211,44.8183
64,4212,44.8234
64,4213,44.8293
64,4214,44.8357
64,4215,44.8416
64,4216,44.8478
64,4217,44.8542
64,4218,44.8602
64,4219,44.8663
64,4220,44.8723
64,4221,44.8778
64,4222,44.8841
64,4223,44.8895
64,4224,44.8955
64,4225,44.9025
64,4226,44.9090
64,4227,44.9141
64,4228,44.9210
64,4229,44.9272
64,4230,44.9334
64,4231,44.9393
64,4232,44.9454
64,4233,44.9514
64,4234,44.9580
64,4235,44.9642
64,4236,44.9704
64,4237,44.9767
64,4238,44.9823
64,4239,44.9885
64,4240,44.9953
64,4241,45.0008
64,4242,45.0070
64,4243,45.0133
64,4244,45.0191
64,4245,45.0261
64,4246,45.0325
64,4247,45.0389
64,4248,45.0458
64,4249,45.0529
64,4250,45.0586
64,4251,45.0643
64,4252,45.0697
64,4253,45.0761
64,4254,45.0822
64,4255,45.0883
64,4256,45.0946
64,4257,45.1005
64,4258,45.1063
64,4259,45.1121
64,4260,45.1191
64,4261,45.1260
64,4262,45.1326
64,4263,45.1391
64,4264,45.1457
64,4265,45.1522
64,4266,45.1585
64,4267,45.1648
64,4268,45.1711
64,4269,45.1759
64,4270,45.1824
64,4271,45.1880
64,4272,45.1948
64,4273,45.2004
64,4274,45.2071
64,4275,45.2131
64,4276,45.2193
64,4277,45.2249
64,4278,45.2312
64,4279,45.2376
64,4280,45.2437
64,4281,45.2493
64,4282,45.2553
64,4283,45.2614
64,4284,45.2678
64,4285,45.2746
64,4286,45.2809
64,4287,45.2876
64,4288,45.2937
64,4289,45.3003
64,4290,45.3065
64,4291,45.3124
64,4292,45.3183
64,4293,45.3243
64,4294,45.3304
64,4295,45.3370
64,4296,45.3427
64,4297,45.3482
64,4298,45.3550
64,4299,45.3610
64,4300,45.3670
64,4301,45.3730
64,4302,45.3787
64,4303,45.3853
64,4304,45.3916
64,4305,45.3986
64,4306,45.4051
64,4307,45.4114
64,4308,45.4179
64,4309,45.4240
64,4310,45.4307
64,4311,45.4372
64,4312,45.4451
64,4313,45.4511
64,4314,45.4581
64,4315,45.4642
64,4316,45.4703
64,4317,45.4772
64,4318,45.4837
64,4319,45.4900
64,4320,45.4968
64,4321,45.5035
64,4322,45.5092
64,4323,45.5153
64,4324,45.5216
64,4325,45.5275
64,4326,45.5336
64,4327,45.5399
64,4328,45.5471
64,4329,45.5531
64,4330,45.5585
64,4331,45.5645
64,4332,45.5705
64,4333,45.5765
64,4334,45.5820
64,4335,45.5880
64,4336,45.5948
64,4337,45.6017
64,4338,45.6087
64,4339,45.6150
64,4340,45.6219
64,4341,45.6272
64,4342,45.6336
64,4343,45.6407
64,4344,45.6472
64,4345,45.6531
64,4346,45.6597
64,4347,45.6653
64,4348,45.6712
64,4349,45.6778
64,4350,45.6845
64,4351,45.6906
64,4352,45.6974
64,4353,45.7030
64,4354,45.7092
64,4355,45.7158
64,4356,45.7215
64,4357,45.7272
64,4358,45.7336
64,4359,45.7402
64,4360,45.7465
64,4361,45.7530
64,4362,45.7593
64,4363,45.7665
64,4364,45.7724
64,4365,45.7791
64,4366,45.7853
64,4367,45.7916
64,4368,45.7985
64,4369,45.8043
64,4370,45.8102
64,4371,45.8156
64,4372,45.8230
64,4373,45.8292
64,4374,45.8351
64,4375,45.8416
64,4376,45.8475
64,4377,45.8539
64,4378,45.8601
64,4379,45.8670
64,4380,45.8731
64,4381,45.8790
64,4382,45.8849
64,4383,45.8906
64,4384,45.8969
64,4385,45.9033
64,4386,45.9101
64,4387,45.9165
64,4388,45.9239
64,4389,45.9298
64,4390,45.9358
64,4391,45.9419
64,4392,45.9482
64,4393,45.9547
64,4394,45.9608
64,4395,45.9659
64,4396,45.9723
64,4397,45.9776
64,4398,45.9836
64,4399,45.9896
64,4400,45.9963
64,4401,46.0019
64,4402,46.0080
64,4403,46.0140
64,4404,46.0194
64,4405,46.0262
64,4406,46.0324
64,4407,46.0381
64,4408,46.0443
64,4409,46.0504
64,4410,46.0571
64,4411,46.0628
64,4412,46.0689
64,4413,46.0748
64,4414,46.0813
64,4415,46.0872
64,4416,46.0935
64,4417,46.0992
64,4418,46.1060
64,4419,46.1123
64,4420,46.1181
64,4421,46.1253
64,4422,46.1311
64,4423,46.1371
64,4424,46.1437
64,4425,46.1498
64,4426,46.1559
64,4427,46.1626
64,4428,46.1677
64,4429,46.1737
64,4430,46.1798
64,4431,46.1846
64,4432,46.1907
64,4433,46.1963
64,4434,46.2011
64,4435,46.2074
64,4436,46.2139
64,4437,46.2209
64,4438,46.2273
64,4439,46.2337
64,4440,46.2404
64,4441,46.2466
64,4442,46.2532
64,4443,46.2588
64,4444,46.2654
64,4445,46.2716
64,4446,46.2782
64,4447,46.2843
64,4448,46.2906
64,4449,46.2973
64,4450,46.3034
64,4451,46.3096
64,4452,46.3157
64,4453,46.3216
64,4454,46.3282
64,4455,46.3347
64,4456,46.3398
64,4457,46.3452
64,4458,46.3510
64,4459,46.3572
64,4460,46.3630
64,4461,46.3689
64,4462,46.3752
64,4463,46.3810
64,4464,46.3877
64,4465,46.3937
64,4466,46.3996
64,4467,46.4051
64,4468,46.4109
64,4469,46.4166
64,4470,46.4225
64,4471,46.4284
64,4472,46.4345
64,4473,46.4412
64,4474,46.4463
64,4475,46.4521
64,4476,46.4577
64,4477,46.4630
64,4478,46.4693
64,4479,46.4757
64,4480,46.4818
64,4481,46.4875
64,4482,46.4938
64,4483,46.4997
64,4484,46.5057
64,4485,46.5120
64,4486,46.5177
64,4487,46.5239
64,4488,46.5293
64,4489,46.5349
64,4490,46.5404
64,4491,46.5470
64,4492,46.5532
64,4493,46.5589
64,4494,46.5650
64,4495,46.5708
64,4496,46.5770
64,4497,46.5836
64,4498,46.5898
64,4499,46.5957
64,4500,46.6023
64,4501,46.6084
64,4502,46.6141
64,4503,46.6204
64,4504,46.6260
64,4505,46.6324
64,4506,46.6391
64,4507,46.6455
64,4508,46.6508
64,4509,46.6574
64,4510,46.6644
64,4511,46.6709
64,4512,46.6776
64,4513,46.6840
64,4514,46.6901
64,4515,46.6963
64,4516,46.7023
64,4517,46.7086
64,4518,46.7151
64,4519,46.7206
64,4520,46.7269
64,4521,46.7335
64,4522,46.7391
64,4523,46.7444
64,4524,46.7505
64,4525,46.7560
64,4526,46.7626
64,4527,46.7686
64,4528,46.7754
64,4529,46.7809
64,4530,46.7868
64,4531,46.7929
64,4532,46.7992
64,4533,46.8049
64,4534,46.8112
64,4535,46.8169
64,4536,46.8229
64,4537,46.8287
64,4538,46.8345
64,4539,46.8403
64,4540,46.8465
64,4541,46.8525
64,4542,46.8590
64,4543,46.8652
64,4544,46.8717
64,4545,46.8775
64,4546,46.8840
64,4547,46.8900
64,4548,46.8963
64,4549,46.9029
64,4550,46.9092
64,4551,46.9149
64,4552,46.9217
64,4553,46.9278
64,4554,46.9330
64,4555,46.9385
64,4556,46.9442
64,4557,46.9500
64,4558,46.9560
64,4559,46.9618
64,4560,46.9685
64,4561,46.9747
64,4562,46.9812
64,4563,46.9870
64,4564,46.9929
64,4565,46.9996
64,4566,47.0051
64,4567,47.0116
64,4568,47.0182
64,4569,47.0235
64,4570,47.0301
64,4571,47.0361
64,4572,47.0424
64,4573,47.0483
64,4574,47.0547
64,4575,47.0607
64,4576,47.0664
64,4577,47.0725
64,4578,47.0791
64,4579,47.0848
64,4580,47.0913
64,4581,47.0972
64,4582,47.0667
64,4583,47.0728
64,4584,47.0791
64,4585,47.0860
64,4586,47.0912
64,4587,47.0977
64,4588,47.1034
64,4589,47.1098
64,4590,47.1155
64,4591,47.1220
64,4592,47.1280
64,4593,47.1342
64,4594,47.1401
64,4595,47.1456
64,4596,47.1518
64,4597,47.1580
64,4598,47.1642
64,4599,47.1703
64,4600,47.1763
64,4601,47.1825
64,4602,47.1887
64,4603,47.1946
64,4604,47.2002
64,4605,47.2065
64,4606,47.2128
64,4607,47.2187
64,4608,47.2251
64,4609,47.2310
64,4610,47.2378
64,4611,47.2425
64,4612,47.2485
64,4613,47.2546
64,4614,47.2275
64,4615,47.2336
64,4616,47.2394
64,4617,47.2449
64,4618,47.2500
64,4619,47.2560
64,4620,47.2616
64,4621,47.2681
64,4622,47.2737
64,4623,47.2791
64,4624,47.2844
64,4625,47.2903
64,4626,47.2966
64,4627,47.3029
64,4628,47.2539
64,4629,47.2596
64,4630,47.2644
64,4631,47.2702
64,4632,47.2765
64,4633,47.2462
64,4634,47.2526
64,4635,47.2588
64,4636,47.2173
64,4637,47.2228
64,4638,47.2290
64,4639,47.2347
64,4640,47.2410
64,4641,47.2464
64,4642,47.2525
64,4643,47.2574
64,4644,47.2634
64,4645,47.2696
64,4646,47.2744
64,4647,47.2793
64,4648,47.2862
64,4649,47.2922
64,4650,47.2982
64,4651,47.2526
64,4652,47.2583
64,4653,47.2643
64,4654,47.2701
64,4655,47.2759
64,4656,47.2820
64,4657,47.2880
64,4658,47.2941
64,4659,47.2998
64,4660,47.3052
64,4661,47.3121
64,4662,47.3185
64,4663,47.3248
64,4664,47.3314
64,4665,47.3377
64,4666,47.3440
64,4667,47.3494
64,4668,47.3560
64,4669,47.3623
64,4670,47.3684
64,4671,47.3743
64,4672,47.3809
64,4673,47.3868
64,4674,47.3931
64,4675,47.3994
64,4676,47.4060
64,4677,47.3624
64,4678,47.3097
64,4679,47.3157
64,4680,47.3212
64,4681,47.3272
64,4682,47.2657
64,4683,47.1824
64,4684,47.1888
64,4685,47.1947
64,4686,47.2008
64,4687,47.1762
64,4688,47.1814
64,4689,47.1873
64,4690,47.1936
64,4691,47.2001
64,4692,47.2059
64,4693,47.2124
64,4694,47.2185
64,4695,47.2248
64,4696,47.2312
64,4697,47.2379
64,4698,47.2446
64,4699,47.2500
64,4700,47.2558
64,4701,47.2617
64,4702,47.2676
64,4703,47.2366
64,4704,47.2422
64,4705,47.1979
64,4706,47.2036
64,4707,47.2092
64,4708,47.2155
64,4709,47.2214
64,4710,47.2273
64,4711,47.2338
64,4712,47.2394
64,4713,47.2449
64,4714,47.2501
64,4715,47.2558
64,4716,47.2611
64,4717,47.2666
64,4718,47.2738
64,4719,47.2794
64,4720,47.2860
64,4721,47.2917
64,4722,47.2185
64,4723,47.2245
64,4724,47.2305
64,4725,47.2372
64,4726,47.2429
64,4727,47.2489
64,4728,47.2543
64,4729,47.2600
64,4730,47.2665
64,4731,47.2725
64,4732,47.2780
64,4733,47.2840
64,4734,47.2902
64,4735,47.2961
64,4736,47.3020
64,4737,47.3079
64,4738,47.3137
64,4739,47.3196
64,4740,47.3256
64,4741,47.3318
64,4742,47.3374
64,4743,47.3430
64,4744,47.3488
64,4745,47.3546
64,4746,47.3604
64,4747,47.3663
64,4748,47.3722
64,4749,47.3783
64,4750,47.3839
64,4751,47.3895
64,4752,47.3952
64,4753,47.4017
64,4754,47.4078
64,4755,47.4144
64,4756,47.4205
64,4757,47.4260
64,4758,47.4327
64,4759,47.4393
64,4760,47.4245
64,4761,47.4305
64,4762,47.4355
64,4763,47.4412
64,4764,47.4469
64,4765,47.4533
64,4766,47.4590
64,4767,47.4652
64,4768,47.4703
64,4769,47.4762
64,4770,47.4822
64,4771,47.4880
64,4772,47.4936
64,4773,47.4506
64,4774,47.4561
64,4775,47.4624
64,4776,47.4683
64,4777,47.4740
64,4778,47.4256
64,4779,47.4308
64,4780,47.4362
64,4781,47.4411
64,4782,47.4474
64,4783,47.4530
64,4784,47.4599
64,4785,47.4657
64,4786,47.4717
64,4787,47.4769
64,4788,47.4814
64,4789,47.4870
64,4790,47.4925
64,4791,47.4985
64,4792,47.5036
64,4793,47.5089
64,4794,47.5143
64,4795,47.5198
64,4796,47.5258
64,4797,47.5317
64,4798,47.5381
64,4799,47.5439
64,4800,47.5502
64,4801,47.5567
64,4802,47.5619
64,4803,47.5676
64,4804,47.5736
64,4805,47.5787
64,4806,47.5840
64,4807,47.5902
64,4808,47.5960
64,4809,47.6019
64,4810,47.6080
64,4811,47.6141
64,4812,47.6194
64,4813,47.6254
64,4814,47.6313
64,4815,47.6374
64,4816,47.6442
64,4817,47.6499
64,4818,47.6557
64,4819,47.6620
64,4820,47.6680
64,4821,47.6734
64,4822,47.6786
64,4823,47.6853
64,4824,47.6903
64,4825,47.6959
64,4826,47.7010
64,4827,47.7076
64,4828,47.7134
64,4829,47.7192
64,4830,47.7247
64,4831,47.7309
64,4832,47.7373
64,4833,47.7428
64,4834,47.7493
64,4835,47.7542
64,4836,47.7600
64,4837,47.6816
64,4838,47.6870
64,4839,47.6668
64,4840,47.6722
64,4841,47.6785
64,4842,47.6844
64,4843,47.6897
64,4844,47.6951
64,4845,47.7008
64,4846,47.7066
64,4847,47.7125
64,4848,47.7180
64,4849,47.7241
64,4850,47.7299
64,4851,47.7357
64,4852,47.7413
64,4853,47.7156
64,4854,47.7215
64,4855,47.7264
64,4856,47.7319
64,4857,47.7372
64,4858,47.7426
64,4859,47.7480
64,4860,47.7541
64,4861,47.7598
64,4862,47.7660
64,4863,47.7719
64,4864,47.7778
64,4865,47.7838
64,4866,47.7888
64,4867,47.7939
64,4868,47.7990
64,4869,47.8046
64,4870,47.8108
64,4871,47.8164
64,4872,47.8222
64,4873,47.8284
64,4874,47.8337
64,4875,47.8396
64,4876,47.8456
64,4877,47.8520
64,4878,47.8446
64,4879,47.8511
64,4880,47.8569
64,4881,47.8625
64,4882,47.8683
64,4883,47.8740
64,4884,47.8792
64,4885,47.8864
64,4886,47.8913
64,4887,47.8963
64,4888,47.9013
64,4889,47.9061
64,4890,47.9122
64,4891,47.9167
64,4892,47.9227
64,4893,47.9278
64,4894,47.9336
64,4895,47.9402
64,4896,47.9464
64,4897,47.9520
64,4898,47.9583
64,4899,47.8896
64,4900,47.8949
64,4901,47.9009
64,4902,47.9068
64,4903,47.9118
64,4904,47.9177
64,4905,47.9238
64,4906,47.9281
64,4907,47.9335
64,4908,47.9392
64,4909,47.9452
64,4910,47.9507
64,4911,47.9574
64,4912,47.9634
64,4913,47.9696
64,4914,47.9762
64,4915,47.9818
64,4916,47.9876
64,4917,47.9927
64,4918,47.9973
64,4919,48.0026
64,4920,48.0087
64,4921,48.0023
64,4922,48.0077
64,4923,47.9961
64,4924,48.0023
64,4925,48.0082
64,4926,48.0138
64,4927,48.0193
64,4928,48.0252
64,4929,48.0306
64,4930,48.0360
64,4931,48.0420
64,4932,48.0481
64,4933,48.0539
64,4934,48.0596
64,4935,48.0671
64,4936,48.0734
64,4937,48.0787
64,4938,48.0838
64,4939,48.0892
64,4940,48.0942
64,4941,48.1006
64,4942,48.1059
64,4943,48.1119
64,4944,48.1180
64,4945,48.1239
64,4946,48.1289
64,4947,48.1341
64,4948,48.1404
64,4949,48.1460
64,4950,48.1325
64,4951,48.1388
64,4952,48.1443
64,4953,48.1499
64,4954,48.1554
64,4955,48.1617
64,4956,48.1680
64,4957,48.1744
64,4958,48.1805
64,4959,48.1863
64,4960,48.1921
64,4961,48.1980
64,4962,48.2035
64,4963,48.2093
64,4964,48.2149
64,4965,48.2194
64,4966,48.2252
64,4967,48.2300
64,4968,48.2172
64,4969,48.2225
64,4970,48.2111
64,4971,48.2181
64,4972,48.2243
64,4973,48.2299
64,4974,48.2363
64,4975,48.2414
64,4976,48.2480
64,4977,48.2544
64,4978,48.2598
64,4979,48.2267
64,4980,48.2320
64,4981,48.2378
64,4982,48.2429
64,4983,48.2494
64,4984,48.2554
64,4985,48.2433
64,4986,48.2483
64,4987,48.2541
64,4988,48.2592
64,4989,48.2650
64,4990,48.2702
64,4991,48.2755
64,4992,48.2807
64,4993,48.2868
64,4994,48.2916
64,4995,48.2964
64,4996,48.3011
64,4997,48.3067
64,4998,48.3122
64,4999,48.3183
64,5000,48.3251
128,1,0.0000
128,2,0.5172
128,3,0.7373
128,4,0.8918
128,5,1.0323
128,6,1.1560
128,7,1.2739
128,8,1.3718
128,9,1.4593
128,10,1.5496
128,11,1.6339
128,12,1.7091
128,13,1.7789
128,14,1.8579
128,15,1.9176
128,16,1.9882
128,17,2.0518
128,18,2.1001
128,19,2.1710
128,20,2.2209
128,21,2.2755
128,22,2.3327
128,23,2.3931
128,24,2.4434
128,25,2.4888
128,26,2.5335
128,27,2.5792
128,28,2.6275
128,29,2.6750
128,30,2.7315
128,31,2.7730
128,32,2.8150
128,33,2.8666
128,34,2.9093
128,35,2.9453
128,36,2.9856
128,37,3.0252
128,38,3.0674
128,39,3.1087
128,40,3.1468
128,41,3.1826
128,42,3.2141
128,43,3.2527
128,44,3.2898
128,45,3.3265
128,46,3.3612
128,47,3.3967
128,48,3.4390
128,49,3.4749
128,50,3.5088
128,51,3.5518
128,52,3.5869
128,53,3.6258
128,54,3.6590
128,55,3.6931
128,56,3.7271
128,57,3.7586
128,58,3.7921
128,59,3.8255
128,60,3.8566
128,61,3.8922
128,62,3.9215
128,63,3.9553
128,64,3.9893
128,65,4.0225
128,66,4.0568
128,67,4.0857
128,68,4.1160
128,69,4.1438
128,70,4.1748
128,71,4.2027
128,72,4.2308
128,73,4.2612
128,74,4.2881
128,75,4.3161
128,76,4.3472
128,77,4.3718
128,78,4.4031
128,79,4.4363
128,80,4.4669
128,81,4.4933
128,82,4.5188
128,83,4.5468
128,84,4.5763
128,85,4.6069
128,86,4.6319
128,87,4.6576
128,88,4.6844
128,89,4.7086
128,90,4.7383
128,91,4.7640
128,92,4.7916
128,93,4.8125
128,94,4.8365
128,95,4.8596
128,96,4.8853
128,97,4.9113
128,98,4.9381
128,99,4.9606
128,100,4.9878
128,101,5.0128
128,102,5.0384
128,103,5.0663
128,104,5.0911
128,105,5.1144
128,106,5.1389
128,107,5.1638
128,108,5.1882
128,109,5.2131
128,110,5.2375
128,111,5.2563
128,112,5.2757
128,113,5.3015
128,114,5.3223
128,115,5.3434
128,116,5.3676
128,117,5.3951
128,118,5.4197
128,119,5.4446
128,120,5.4686
128,121,5.4935
128,122,5.5136
128,123,5.5352
128,124,5.5572
128,125,5.5770
128,126,5.6012
128,127,5.6250
128,128,5.6477
128,129,5.6700
128,130,5.6924
128,131,5.7137
128,132,5.7354
128,133,5.7583
128,134,5.7799
128,135,5.8040
128,136,5.8236
128,137,5.8411
128,138,5.8610
128,139,5.8842
128,140,5.9073
128,141,5.9314
128,142,5.9529
128,143,5.9735
128,144,5.9957
128,145,6.0149
128,146,6.0351
128,147,6.0589
128,148,6.0795
128,149,6.1009
128,150,6.1210
128,151,6.1427
128,152,6.1647
128,153,6.1869
128,154,6.2078
128,155,6.2306
128,156,6.2513
128,157,6.2732
128,158,6.2937
128,159,6.3128
128,160,6.3335
128,161,6.3567
128,162,6.3775
128,163,6.3983
128,164,6.4175
128,165,6.4357
128,166,6.4586
128,167,6.4820
128,168,6.5038
128,169,6.5239
128,170,6.5459
128,171,6.5666
128,172,6.5869
128,173,6.6050
128,174,6.6231
128,175,6.6420
128,176,6.6633
128,177,6.6826
128,178,6.6998
128,179,6.7191
128,180,6.7354
128,181,6.7530
128,182,6.7728
128,183,6.7937
128,184,6.8111
128,185,6.8294
128,186,6.8496
128,187,6.8667
128,188,6.8849
128,189,6.9038
128,190,6.9221
128,191,6.9439
128,192,6.9631
128,193,6.9802
128,194,6.9980
128,195,7.0170
128,196,7.0350
128,197,7.0535
128,198,7.0730
128,199,7.0940
128,200,7.1104
128,201,7.1268
128,202,7.1423
128,203,7.1591
128,204,7.1743
128,205,7.1920
128,206,7.2098
128,207,7.2276
128,208,7.2475
128,209,7.2666
128,210,7.2838
128,211,7.2990
128,212,7.3173
128,213,7.3361
128,214,7.3530
128,215,7.3707
128,216,7.3852
128,217,7.4009
128,218,7.4194
128,219,7.4383
128,220,7.4549
128,221,7.4726
128,222,7.4886
128,223,7.5042
128,224,7.5237
128,225,7.5398
128,226,7.5578
128,227,7.5763
128,228,7.5945
128,229,7.6126
128,230,7.6291
128,231,7.6484
128,232,7.6664
128,233,7.6827
128,234,7.7010
128,235,7.7173
128,236,7.7347
128,237,7.7512
128,238,7.7664
128,239,7.7836
128,240,7.8004
128,241,7.8173
128,242,7.8349
128,243,7.8526
128,244,7.8679
128,245,7.8858
128,246,7.9042
128,247,7.9225
128,248,7.9400
128,249,7.9568
128,250,7.9732
128,251,7.9887
128,252,8.0063
128,253,8.0245
128,254,8.0410
128,255,8.0584
128,256,8.0768
128,257,8.0927
128,258,8.1107
128,259,8.1270
128,260,8.1451
128,261,8.1620
128,262,8.1770
128,263,8.1932
128,264,8.2098
128,265,8.2262
128,266,8.2433
128,267,8.2592
128,268,8.2761
128,269,8.2934
128,270,8.3102
128,271,8.3287
128,272,8.3447
128,273,8.3615
128,274,8.3776
128,275,8.3947
128,276,8.4083
128,277,8.4239
128,278,8.4407
128,279,8.4592
128,280,8.4768
128,281,8.4928
128,282,8.5074
128,283,8.5249
128,284,8.5401
128,285,8.5571
128,286,8.5747
128,287,8.5916
128,288,8.6071
128,289,8.6238
128,290,8.6402
128,291,8.6556
128,292,8.6734
128,293,8.6889
128,294,8.7060
128,295,8.7210
128,296,8.7365
128,297,8.7521
128,298,8.7687
128,299,8.7865
128,300,8.8019
128,301,8.8151
128,302,8.8313
128,303,8.8485
128,304,8.8647
128,305,8.8802
128,306,8.8940
128,307,8.9114
128,308,8.9268
128,309,8.9422
128,310,8.9579
128,311,8.9751
128,312,8.9907
128,313,9.0068
128,314,9.0212
128,315,9.0360
128,316,9.0517
128,317,9.0668
128,318,9.0826
128,319,9.0978
128,320,9.1124
128,321,9.1300
128,322,9.1445
128,323,9.1617
128,324,9.1744
128,325,9.1883
128,326,9.2033
128,327,9.2183
128,328,9.2344
128,329,9.2482
128,330,9.2654
128,331,9.2821
128,332,9.2966
128,333,9.3097
128,334,9.3252
128,335,9.3413
128,336,9.3564
128,337,9.3687
128,338,9.3831
128,339,9.3979
128,340,9.4133
128,341,9.4289
128,342,9.4440
128,343,9.4593
128,344,9.4719
128,345,9.4848
128,346,9.5007
128,347,9.5157
128,348,9.5307
128,349,9.5441
128,350,9.5586
128,351,9.5731
128,352,9.5874
128,353,9.6040
128,354,9.6197
128,355,9.6346
128,356,9.6488
128,357,9.6616
128,358,9.6769
128,359,9.6909
128,360,9.7077
128,361,9.7236
128,362,9.7380
128,363,9.7544
128,364,9.7693
128,365,9.7846
128,366,9.7984
128,367,9.8134
128,368,9.8276
128,369,9.8407
128,370,9.8539
128,371,9.8677
128,372,9.8812
128,373,9.8964
128,374,9.9114
128,375,9.9241
128,376,9.9358
128,377,9.9514
128,378,9.9657
128,379,9.9827
128,380,9.9954
128,381,10.0090
128,382,10.0257
128,383,10.0417
128,384,10.0551
128,385,10.0710
128,386,10.0844
128,387,10.0990
128,388,10.1130
128,389,10.1270
128,390,10.1393
128,391,10.1540
128,392,10.1684
128,393,10.1824
128,394,10.1973
128,395,10.2124
128,396,10.2267
128,397,10.2415
128,398,10.2562
128,399,10.2702
128,400,10.2847
128,401,10.2986
128,402,10.3131
128,403,10.3279
128,404,10.3428
128,405,10.3565
128,406,10.3706
128,407,10.3837
128,408,10.3976
128,409,10.4140
128,410,10.4294
128,411,10.4421
128,412,10.4545
128,413,10.4688
128,414,10.4823
128,415,10.4960
128,416,10.5088
128,417,10.5249
128,418,10.5408
128,419,10.5533
128,420,10.5685
128,421,10.5818
128,422,10.5952
128,423,10.6107
128,424,10.6258
128,425,10.6392
128,426,10.6513
128,427,10.6641
128,428,10.6778
128,429,10.6928
128,430,10.7068
128,431,10.7213
128,432,10.7337
128,433,10.7464
128,434,10.7578
128,435,10.7732
128,436,10.7862
128,437,10.7983
128,438,10.8136
128,439,10.8271
128,440,10.8410
128,441,10.8536
128,442,10.8681
128,443,10.8825
128,444,10.8986
128,445,10.9114
128,446,10.9250
128,447,10.9378
128,448,10.9508
128,449,10.9662
128,450,10.9775
128,451,10.9931
128,452,11.0054
128,453,11.0207
128,454,11.0325
128,455,11.0448
128,456,11.0595
128,457,11.0753
128,458,11.0891
128,459,11.1033
128,460,11.1181
128,461,11.1311
128,462,11.1459
128,463,11.1594
128,464,11.1731
128,465,11.1862
128,466,11.2000
128,467,11.2127
128,468,11.2263
128,469,11.2388
128,470,11.2512
128,471,11.2654
128,472,11.2784
128,473,11.2914
128,474,11.3041
128,475,11.3165
128,476,11.3305
128,477,11.3452
128,478,11.3572
128,479,11.3709
128,480,11.3838
128,481,11.3959
128,482,11.4111
128,483,11.4232
128,484,11.4373
128,485,11.4506
128,486,11.4614
128,487,11.4742
128,488,11.4856
128,489,11.4978
128,490,11.5100
128,491,11.5235
128,492,11.5351
128,493,11.5471
128,494,11.5618
128,495,11.5739
128,496,11.5874
128,497,11.5993
128,498,11.6123
128,499,11.6245
128,500,11.6381
128,501,11.6487
128,502,11.6592
128,503,11.6731
128,504,11.6865
128,505,11.6979
128,506,11.7107
128,507,11.7246
128,508,11.7375
128,509,11.7522
128,510,11.7661
128,511,11.7791
128,512,11.7935
128,513,11.8049
128,514,11.8173
128,515,11.8331
128,516,11.8462
128,517,11.8596
128,518,11.8713
128,519,11.8847
128,520,11.8976
128,521,11.9118
128,522,11.9250
128,523,11.9370
128,524,11.9508
128,525,11.9617
128,526,11.9758
128,527,11.9886
128,528,12.0011
128,529,12.0155
128,530,12.0292
128,531,12.0444
128,532,12.0590
128,533,12.0711
128,534,12.0838
128,535,12.0976
128,536,12.1108
128,537,12.1227
128,538,12.1352
128,539,12.1472
128,540,12.1593
128,541,12.1723
128,542,12.1839
128,543,12.1969
128,544,12.2103
128,545,12.2234
128,546,12.2372
128,547,12.2523
128,548,12.2640
128,549,12.2751
128,550,12.2898
128,551,12.3027
128,552,12.3142
128,553,12.3275
128,554,12.3405
128,555,12.3539
128,556,12.3670
128,557,12.3790
128,558,12.3911
128,559,12.4045
128,560,12.4171
128,561,12.4292
128,562,12.4408
128,563,12.4522
128,564,12.4635
128,565,12.4766
128,566,12.4895
128,567,12.5025
128,568,12.5163
128,569,12.5294
128,570,12.5428
128,571,12.5542
128,572,12.5664
128,573,12.5770
128,574,12.5901
128,575,12.6030
128,576,12.6163
128,577,12.6300
128,578,12.6420
128,579,12.6531
128,580,12.6648
128,581,12.6770
128,582,12.6907
128,583,12.7056
128,584,12.7189
128,585,12.7348
128,586,12.7470
128,587,12.7587
128,588,12.7718
128,589,12.7849
128,590,12.7989
128,591,12.8107
128,592,12.8215
128,593,12.8357
128,594,12.8486
128,595,12.8595
128,596,12.8727
128,597,12.8870
128,598,12.9005
128,599,12.9153
128,600,12.9278
128,601,12.9386
128,602,12.9520
128,603,12.9659
128,604,12.9775
128,605,12.9907
128,606,13.0044
128,607,13.0164
128,608,13.0280
128,609,13.0399
128,610,13.0527
128,611,13.0678
128,612,13.0801
128,613,13.0936
128,614,13.1034
128,615,13.1154
128,616,13.1295
128,617,13.1403
128,618,13.1528
128,619,13.1650
128,620,13.1770
128,621,13.1896
128,622,13.2004
128,623,13.2122
128,624,13.2234
128,625,13.2358
128,626,13.2465
128,627,13.2577
128,628,13.2695
128,629,13.2843
128,630,13.2966
128,631,13.3083
128,632,13.3213
128,633,13.3350
128,634,13.3471
128,635,13.3594
128,636,13.3708
128,637,13.3826
128,638,13.3948
128,639,13.4061
128,640,13.4208
128,641,13.4330
128,642,13.4447
128,643,13.4570
128,644,13.4688
128,645,13.4822
128,646,13.4972
128,647,13.5114
128,648,13.5237
128,649,13.5347
128,650,13.5477
128,651,13.5600
128,652,13.5709
128,653,13.5831
128,654,13.5946
128,655,13.6064
128,656,13.6185
128,657,13.6315
128,658,13.6441
128,659,13.6578
128,660,13.6705
128,661,13.6824
128,662,13.6950
128,663,13.7072
128,664,13.7211
128,665,13.7335
128,666,13.7442
128,667,13.7579
128,668,13.7698
128,669,13.7818
128,670,13.7932
128,671,13.8062
128,672,13.8172
128,673,13.8302
128,674,13.8418
128,675,13.8563
128,676,13.8660
128,677,13.8784
128,678,13.8896
128,679,13.9018
128,680,13.9140
128,681,13.9274
128,682,13.9423
128,683,13.9549
128,684,13.9664
128,685,13.9795
128,686,13.9930
128,687,14.0044
128,688,14.0166
128,689,14.0304
128,690,14.0445
128,691,14.0577
128,692,14.0686
128,693,14.0792
128,694,14.0917
128,695,14.1053
128,696,14.1165
128,697,14.1273
128,698,14.1396
128,699,14.1534
128,700,14.1683
128,701,14.1811
128,702,14.1909
128,703,14.2031
128,704,14.2160
128,705,14.2274
128,706,14.2386
128,707,14.2495
128,708,14.2642
128,709,14.2758
128,710,14.2900
128,711,14.3036
128,712,14.3170
128,713,14.3275
128,714,14.3390
128,715,14.3503
128,716,14.3638
128,717,14.3752
128,718,14.3872
128,719,14.3991
128,720,14.4084
128,721,14.4206
128,722,14.4343
128,723,14.4476
128,724,14.4583
128,725,14.4687
128,726,14.4796
128,727,14.4925
128,728,14.5036
128,729,14.5151
128,730,14.5280
128,731,14.5395
128,732,14.5534
128,733,14.5673
128,734,14.5800
128,735,14.5908
128,736,14.6052
128,737,14.6170
128,738,14.6317
128,739,14.6446
128,740,14.6561
128,741,14.6656
128,742,14.6788
128,743,14.6918
128,744,14.7032
128,745,14.7171
128,746,14.7297
128,747,14.7428
128,748,14.7541
128,749,14.7666
128,750,14.7797
128,751,14.7928
128,752,14.8032
128,753,14.8171
128,754,14.8291
128,755,14.8414
128,756,14.8531
128,757,14.8668
128,758,14.8805
128,759,14.8926
128,760,14.9046
128,761,14.9183
128,762,14.9306
128,763,14.9419
128,764,14.9569
128,765,14.9684
128,766,14.9785
128,767,14.9912
128,768,15.0032
128,769,15.0155
128,770,15.0274
128,771,15.0394
128,772,15.0515
128,773,15.0640
128,774,15.0747
128,775,15.0864
128,776,15.0999
128,777,15.1110
128,778,15.1227
128,779,15.1340
128,780,15.1470
128,781,15.1590
128,782,15.1709
128,783,15.1823
128,784,15.1941
128,785,15.2045
128,786,15.2168
128,787,15.2275
128,788,15.2400
128,789,15.2531
128,790,15.2644
128,791,15.2757
128,792,15.2880
128,793,15.2996
128,794,15.3114
128,795,15.3227
128,796,15.3357
128,797,15.3486
128,798,15.3621
128,799,15.3749
128,800,15.3877
128,801,15.3982
128,802,15.4105
128,803,15.4249
128,804,15.4383
128,805,15.4500
128,806,15.4632
128,807,15.4741
128,808,15.4858
128,809,15.4997
128,810,15.5120
128,811,15.5257
128,812,15.5391
128,813,15.5517
128,814,15.5658
128,815,15.5783
128,816,15.5901
128,817,15.6020
128,818,15.6147
128,819,15.6257
128,820,15.6371
128,821,15.6488
128,822,15.6605
128,823,15.6735
128,824,15.6865
128,825,15.6991
128,826,15.7115
128,827,15.7218
128,828,15.7351
128,829,15.7469
128,830,15.7588
128,831,15.7689
128,832,15.7788
128,833,15.7894
128,834,15.8004
128,835,15.8117
128,836,15.8237
128,837,15.8377
128,838,15.8495
128,839,15.8620
128,840,15.8706
128,841,15.8840
128,842,15.8960
128,843,15.9067
128,844,15.9176
128,845,15.9297
128,846,15.9421
128,847,15.9555
128,848,15.9682
128,849,15.9791
128,850,15.9898
128,851,16.0033
128,852,16.0161
128,853,16.0269
128,854,16.0383
128,855,16.0508
128,856,16.0623
128,857,16.0732
128,858,16.0857
128,859,16.0966
128,860,16.1059
128,861,16.1162
128,862,16.1283
128,863,16.1416
128,864,16.1516
128,865,16.1641
128,866,16.1766
128,867,16.1912
128,868,16.2041
128,869,16.2150
128,870,16.2268
128,871,16.2368
128,872,16.2494
128,873,16.2605
128,874,16.2733
128,875,16.2845
128,876,16.2989
128,877,16.3115
128,878,16.3239
128,879,16.3356
128,880,16.3459
128,881,16.3588
128,882,16.3707
128,883,16.3832
128,884,16.3943
128,885,16.4060
128,886,16.4170
128,887,16.4290
128,888,16.4404
128,889,16.4515
128,890,16.4630
128,891,16.4746
128,892,16.4866
128,893,16.4982
128,894,16.5092
128,895,16.5185
128,896,16.5326
128,897,16.5455
128,898,16.5573
128,899,16.5694
128,900,16.5793
128,901,16.5898
128,902,16.6013
128,903,16.6143
128,904,16.6287
128,905,16.6392
128,906,16.6502
128,907,16.6637
128,908,16.6753
128,909,16.6858
128,910,16.6989
128,911,16.7099
128,912,16.7222
128,913,16.7348
128,914,16.7456
128,915,16.7575
128,916,16.7683
128,917,16.7810
128,918,16.7941
128,919,16.8064
128,920,16.8172
128,921,16.8285
128,922,16.8411
128,923,16.8510
128,924,16.8628
128,925,16.8756
128,926,16.8853
128,927,16.8965
128,928,16.9088
128,929,16.9189
128,930,16.9291
128,931,16.9404
128,932,16.9522
128,933,16.9643
128,934,16.9762
128,935,16.9878
128,936,17.0001
128,937,17.0119
128,938,17.0224
128,939,17.0356
128,940,17.0463
128,941,17.0585
128,942,17.0689
128,943,17.0807
128,944,17.0924
128,945,17.1029
128,946,17.1165
128,947,17.1284
128,948,17.1401
128,949,17.1528
128,950,17.1639
128,951,17.1770
128,952,17.1875
128,953,17.1987
128,954,17.2124
128,955,17.2227
128,956,17.2348
128,957,17.2446
128,958,17.2568
128,959,17.2666
128,960,17.2786
128,961,17.2906
128,962,17.3018
128,963,17.3141
128,964,17.3236
128,965,17.3339
128,966,17.3454
128,967,17.3547
128,968,17.3647
128,969,17.3765
128,970,17.3863
128,971,17.3993
128,972,17.4095
128,973,17.4207
128,974,17.4313
128,975,17.4427
128,976,17.4546
128,977,17.4656
128,978,17.4787
128,979,17.4897
128,980,17.5006
128,981,17.5101
128,982,17.5212
128,983,17.5333
128,984,17.5428
128,985,17.5539
128,986,17.5638
128,987,17.5744
128,988,17.5851
128,989,17.5980
128,990,17.6083
128,991,17.6202
128,992,17.6319
128,993,17.6444
128,994,17.6555
128,995,17.6650
128,996,17.6757
128,997,17.6862
128,998,17.6973
128,999,17.7084
128,1000,17.7212
128,1001,17.7312
128,1002,17.7406
128,1003,17.7519
128,1004,17.7620
128,1005,17.7718
128,1006,17.7838
128,1007,17.7948
128,1008,17.8069
128,1009,17.8187
128,1010,17.8299
128,1011,17.8399
128,1012,17.8512
128,1013,17.8619
128,1014,17.8717
128,1015,17.8814
128,1016,17.8923
128,1017,17.9020
128,1018,17.9122
128,1019,17.9226
128,1020,17.9323
128,1021,17.9435
128,1022,17.9555
128,1023,17.9660
128,1024,17.9776
128,1025,17.9889
128,1026,18.0006
128,1027,18.0121
128,1028,18.0217
128,1029,18.0345
128,1030,18.0465
128,1031,18.0587
128,1032,18.0688
128,1033,18.0793
128,1034,18.0890
128,1035,18.0991
128,1036,18.1122
128,1037,18.1224
128,1038,18.1345
128,1039,18.1454
128,1040,18.1568
128,1041,18.1689
128,1042,18.1809
128,1043,18.1908
128,1044,18.2010
128,1045,18.2113
128,1046,18.2220
128,1047,18.2349
128,1048,18.2447
128,1049,18.2566
128,1050,18.2659
128,1051,18.2776
128,1052,18.2894
128,1053,18.3003
128,1054,18.3099
128,1055,18.3201
128,1056,18.3324
128,1057,18.3426
128,1058,18.3533
128,1059,18.3632
128,1060,18.3739
128,1061,18.3848
128,1062,18.3951
128,1063,18.4067
128,1064,18.4176
128,1065,18.4270
128,1066,18.4390
128,1067,18.4497
128,1068,18.4608
128,1069,18.4717
128,1070,18.4827
128,1071,18.4952
128,1072,18.5064
128,1073,18.5175
128,1074,18.5283
128,1075,18.5390
128,1076,18.5496
128,1077,18.5598
128,1078,18.5701
128,1079,18.5816
128,1080,18.5944
128,1081,18.6063
128,1082,18.6164
128,1083,18.6268
128,1084,18.6361
128,1085,18.6462
128,1086,18.6577
128,1087,18.6695
128,1088,18.6791
128,1089,18.6891
128,1090,18.7000
128,1091,18.7115
128,1092,18.7223
128,1093,18.7335
128,1094,18.7433
128,1095,18.7542
128,1096,18.7656
128,1097,18.7773
128,1098,18.7883
128,1099,18.7980
128,1100,18.8076
128,1101,18.8184
128,1102,18.8283
128,1103,18.8380
128,1104,18.8484
128,1105,18.8596
128,1106,18.8702
128,1107,18.8803
128,1108,18.8911
128,1109,18.9022
128,1110,18.9124
128,1111,18.9235
128,1112,18.9335
128,1113,18.9450
128,1114,18.9547
128,1115,18.9670
128,1116,18.9771
128,1117,18.9877
128,1118,18.9972
128,1119,19.0079
128,1120,19.0186
128,1121,19.0297
128,1122,19.0405
128,1123,19.0526
128,1124,19.0645
128,1125,19.0761
128,1126,19.0868
128,1127,19.0967
128,1128,19.1074
128,1129,19.1181
128,1130,19.1303
128,1131,19.1409
128,1132,19.1510
128,1133,19.1615
128,1134,19.1725
128,1135,19.1838
128,1136,19.1947
128,1137,19.2043
128,1138,19.2120
128,1139,19.2229
128,1140,19.2338
128,1141,19.2433
128,1142,19.2558
128,1143,19.2661
128,1144,19.2771
128,1145,19.2874
128,1146,19.2954
128,1147,19.3063
128,1148,19.3162
128,1149,19.3263
128,1150,19.3353
128,1151,19.3459
128,1152,19.3580
128,1153,19.3682
128,1154,19.3801
128,1155,19.3899
128,1156,19.4015
128,1157,19.4125
128,1158,19.4210
128,1159,19.4305
128,1160,19.4408
128,1161,19.4506
128,1162,19.4620
128,1163,19.4714
128,1164,19.4815
128,1165,19.4933
128,1166,19.5045
128,1167,19.5145
128,1168,19.5262
128,1169,19.5368
128,1170,19.5473
128,1171,19.5585
128,1172,19.5683
128,1173,19.5803
128,1174,19.5909
128,1175,19.5998
128,1176,19.6096
128,1177,19.6202
128,1178,19.6295
128,1179,19.6388
128,1180,19.6481
128,1181,19.6575
128,1182,19.6675
128,1183,19.6769
128,1184,19.6853
128,1185,19.6950
128,1186,19.7054
128,1187,19.7145
128,1188,19.7236
128,1189,19.7337
128,1190,19.7425
128,1191,19.7539
128,1192,19.7638
128,1193,19.7739
128,1194,19.7833
128,1195,19.7931
128,1196,19.8039
128,1197,19.8142
128,1198,19.8247
128,1199,19.8342
128,1200,19.8442
128,1201,19.8522
128,1202,19.8636
128,1203,19.8733
128,1204,19.8826
128,1205,19.8923
128,1206,19.9032
128,1207,19.9130
128,1208,19.9242
128,1209,19.9349
128,1210,19.9454
128,1211,19.9539
128,1212,19.9645
128,1213,19.9740
128,1214,19.9833
128,1215,19.9917
128,1216,20.0035
128,1217,20.0130
128,1218,20.0218
128,1219,20.0299
128,1220,20.0401
128,1221,20.0509
128,1222,20.0611
128,1223,20.0718
128,1224,20.0818
128,1225,20.0915
128,1226,20.1012
128,1227,20.1098
128,1228,20.1198
128,1229,20.1297
128,1230,20.1399
128,1231,20.1502
128,1232,20.1601
128,1233,20.1699
128,1234,20.1802
128,1235,20.1907
128,1236,20.2020
128,1237,20.2124
128,1238,20.2250
128,1239,20.2337
128,1240,20.2427
128,1241,20.2513
128,1242,20.2602
128,1243,20.2721
128,1244,20.2813
128,1245,20.2916
128,1246,20.3009
128,1247,20.3109
128,1248,20.3201
128,1249,20.3305
128,1250,20.3404
128,1251,20.3517
128,1252,20.3615
128,1253,20.3715
128,1254,20.3823
128,1255,20.3913
128,1256,20.4010
128,1257,20.4114
128,1258,20.4204
128,1259,20.4317
128,1260,20.4431
128,1261,20.4528
128,1262,20.4625
128,1263,20.4714
128,1264,20.4801
128,1265,20.4903
128,1266,20.5016
128,1267,20.5122
128,1268,20.5208
128,1269,20.5304
128,1270,20.5400
128,1271,20.5501
128,1272,20.5585
128,1273,20.5690
128,1274,20.5772
128,1275,20.5876
128,1276,20.5973
128,1277,20.6066
128,1278,20.6144
128,1279,20.6247
128,1280,20.6364
128,1281,20.6470
128,1282,20.6566
128,1283,20.6660
128,1284,20.6767
128,1285,20.6867
128,1286,20.6970
128,1287,20.7061
128,1288,20.7166
128,1289,20.7258
128,1290,20.7361
128,1291,20.7440
128,1292,20.7526
128,1293,20.7619
128,1294,20.7726
128,1295,20.7814
128,1296,20.7917
128,1297,20.8018
128,1298,20.8107
128,1299,20.8204
128,1300,20.8302
128,1301,20.8416
128,1302,20.8520
128,1303,20.8624
128,1304,20.8717
128,1305,20.8805
128,1306,20.8892
128,1307,20.9005
128,1308,20.9099
128,1309,20.9204
128,1310,20.9305
128,1311,20.9402
128,1312,20.9495
128,1313,20.9587
128,1314,20.9668
128,1315,20.9767
128,1316,20.9858
128,1317,20.9940
128,1318,21.0030
128,1319,21.0133
128,1320,21.0236
128,1321,21.0323
128,1322,21.0430
128,1323,21.0524
128,1324,21.0605
128,1325,21.0693
128,1326,21.0790
128,1327,21.0883
128,1328,21.0976
128,1329,21.1070
128,1330,21.1163
128,1331,21.1251
128,1332,21.1345
128,1333,21.1437
128,1334,21.1532
128,1335,21.1619
128,1336,21.1720
128,1337,21.1824
128,1338,21.1908
128,1339,21.2003
128,1340,21.2085
128,1341,21.2188
128,1342,21.2293
128,1343,21.2380
128,1344,21.2471
128,1345,21.2546
128,1346,21.2647
128,1347,21.2728
128,1348,21.2822
128,1349,21.2919
128,1350,21.3010
128,1351,21.3104
128,1352,21.3186
128,1353,21.3283
128,1354,21.3385
128,1355,21.3475
128,1356,21.3574
128,1357,21.3674
128,1358,21.3788
128,1359,21.3894
128,1360,21.3995
128,1361,21.4097
128,1362,21.4194
128,1363,21.4291
128,1364,21.4391
128,1365,21.4488
128,1366,21.4578
128,1367,21.4673
128,1368,21.4751
128,1369,21.4841
128,1370,21.4944
128,1371,21.5038
128,1372,21.5133
128,1373,21.5232
128,1374,21.5318
128,1375,21.5415
128,1376,21.5500
128,1377,21.5600
128,1378,21.5686
128,1379,21.5787
128,1380,21.5876
128,1381,21.5966
128,1382,21.6052
128,1383,21.6144
128,1384,21.6222
128,1385,21.6320
128,1386,21.6413
128,1387,21.6506
128,1388,21.6593
128,1389,21.6683
128,1390,21.6774
128,1391,21.6865
128,1392,21.6934
128,1393,21.7029
128,1394,21.7131
128,1395,21.7231
128,1396,21.7315
128,1397,21.7408
128,1398,21.7491
128,1399,21.7589
128,1400,21.7685
128,1401,21.7781
128,1402,21.7868
128,1403,21.7968
128,1404,21.8069
128,1405,21.8170
128,1406,21.8266
128,1407,21.8360
128,1408,21.8448
128,1409,21.8552
128,1410,21.8647
128,1411,21.8737
128,1412,21.8832
128,1413,21.8928
128,1414,21.9018
128,1415,21.9109
128,1416,21.9195
128,1417,21.9312
128,1418,21.9399
128,1419,21.9479
128,1420,21.9569
128,1421,21.9666
128,1422,21.9764
128,1423,21.9846
128,1424,21.9940
128,1425,22.0017
128,1426,22.0116
128,1427,22.0207
128,1428,22.0301
128,1429,22.0386
128,1430,22.0487
128,1431,22.0580
128,1432,22.0670
128,1433,22.0763
128,1434,22.0854
128,1435,22.0932
128,1436,22.1013
128,1437,22.1113
128,1438,22.1189
128,1439,22.1289
128,1440,22.1373
128,1441,22.1464
128,1442,22.1558
128,1443,22.1653
128,1444,22.1746
128,1445,22.1844
128,1446,22.1945
128,1447,22.2032
128,1448,22.2137
128,1449,22.2226
128,1450,22.2315
128,1451,22.2398
128,1452,22.2487
128,1453,22.2580
128,1454,22.2666
128,1455,22.2752
128,1456,22.2840
128,1457,22.2926
128,1458,22.3013
128,1459,22.3099
128,1460,22.3181
128,1461,22.3280
128,1462,22.3361
128,1463,22.3434
128,1464,22.3526
128,1465,22.3615
128,1466,22.3688
128,1467,22.3776
128,1468,22.3864
128,1469,22.3946
128,1470,22.4043
128,1471,22.4129
128,1472,22.4227
128,1473,22.4305
128,1474,22.4401
128,1475,22.4502
128,1476,22.4585
128,1477,22.4674
128,1478,22.4770
128,1479,22.4861
128,1480,22.4954
128,1481,22.5037
128,1482,22.5133
128,1483,22.5222
128,1484,22.5301
128,1485,22.5393
128,1486,22.5481
128,1487,22.5569
128,1488,22.5661
128,1489,22.5751
128,1490,22.5856
128,1491,22.5944
128,1492,22.6029
128,1493,22.6115
128,1494,22.6203
128,1495,22.6298
128,1496,22.6384
128,1497,22.6473
128,1498,22.6559
128,1499,22.6649
128,1500,22.6733
128,1501,22.6816
128,1502,22.6903
128,1503,22.6983
128,1504,22.7080
128,1505,22.7173
128,1506,22.7265
128,1507,22.7345
128,1508,22.7427
128,1509,22.7515
128,1510,22.7611
128,1511,22.7691
128,1512,22.7782
128,1513,22.7864
128,1514,22.7952
128,1515,22.8040
128,1516,22.8129
128,1517,22.8230
128,1518,22.8327
128,1519,22.8417
128,1520,22.8496
128,1521,22.8580
128,1522,22.8664
128,1523,22.8746
128,1524,22.8828
128,1525,22.8917
128,1526,22.9017
128,1527,22.9107
128,1528,22.9208
128,1529,22.9299
128,1530,22.9387
128,1531,22.9462
128,1532,22.9533
128,1533,22.9631
128,1534,22.9715
128,1535,22.9808
128,1536,22.9892
128,1537,22.9970
128,1538,23.0052
128,1539,23.0140
128,1540,23.0220
128,1541,23.0302
128,1542,23.0376
128,1543,23.0463
128,1544,23.0546
128,1545,23.0623
128,1546,23.0713
128,1547,23.0791
128,1548,23.0869
128,1549,23.0969
128,1550,23.1057
128,1551,23.1138
128,1552,23.1218
128,1553,23.1304
128,1554,23.1385
128,1555,23.1480
128,1556,23.1565
128,1557,23.1652
128,1558,23.1750
128,1559,23.1848
128,1560,23.1939
128,1561,23.2034
128,1562,23.2111
128,1563,23.2205
128,1564,23.2287
128,1565,23.2377
128,1566,23.2459
128,1567,23.2542
128,1568,23.2634
128,1569,23.2718
128,1570,23.2795
128,1571,23.2889
128,1572,23.2972
128,1573,23.3061
128,1574,23.3138
128,1575,23.3234
128,1576,23.3336
128,1577,23.3424
128,1578,23.3505
128,1579,23.3593
128,1580,23.3674
128,1581,23.3768
128,1582,23.3845
128,1583,23.3925
128,1584,23.4016
128,1585,23.4113
128,1586,23.4185
128,1587,23.4272
128,1588,23.4366
128,1589,23.4453
128,1590,23.4539
128,1591,23.4614
128,1592,23.4698
128,1593,23.4777
128,1594,23.4868
128,1595,23.4956
128,1596,23.5052
128,1597,23.5142
128,1598,23.5250
128,1599,23.5338
128,1600,23.5413
128,1601,23.5504
128,1602,23.5590
128,1603,23.5669
128,1604,23.5747
128,1605,23.5828
128,1606,23.5909
128,1607,23.5984
128,1608,23.6076
128,1609,23.6153
128,1610,23.6243
128,1611,23.6323
128,1612,23.6420
128,1613,23.6509
128,1614,23.6589
128,1615,23.6677
128,1616,23.6757
128,1617,23.6850
128,1618,23.6929
128,1619,23.7037
128,1620,23.7121
128,1621,23.7201
128,1622,23.7273
128,1623,23.7353
128,1624,23.7435
128,1625,23.7525
128,1626,23.7605
128,1627,23.7696
128,1628,23.7771
128,1629,23.7858
128,1630,23.7952
128,1631,23.8024
128,1632,23.8104
128,1633,23.8195
128,1634,23.8287
128,1635,23.8369
128,1636,23.8455
128,1637,23.8545
128,1638,23.8626
128,1639,23.8712
128,1640,23.8808
128,1641,23.8896
128,1642,23.8990
128,1643,23.9071
128,1644,23.9160
128,1645,23.9239
128,1646,23.9324
128,1647,23.9394
128,1648,23.9483
128,1649,23.9563
128,1650,23.9653
128,1651,23.9724
128,1652,23.9802
128,1653,23.9900
128,1654,23.9981
128,1655,24.0057
128,1656,24.0133
128,1657,24.0207
128,1658,24.0308
128,1659,24.0409
128,1660,24.0474
128,1661,24.0553
128,1662,24.0641
128,1663,24.0732
128,1664,24.0820
128,1665,24.0903
128,1666,24.1002
128,1667,24.1085
128,1668,24.1164
128,1669,24.1244
128,1670,24.1323
128,1671,24.1398
128,1672,24.1482
128,1673,24.1562
128,1674,24.1640
128,1675,24.1716
128,1676,24.1793
128,1677,24.1881
128,1678,24.1965
128,1679,24.2062
128,1680,24.2142
128,1681,24.2220
128,1682,24.2303
128,1683,24.2396
128,1684,24.2483
128,1685,24.2565
128,1686,24.2650
128,1687,24.2736
128,1688,24.2833
128,1689,24.2922
128,1690,24.3009
128,1691,24.3106
128,1692,24.3172
128,1693,24.3253
128,1694,24.3342
128,1695,24.3425
128,1696,24.3509
128,1697,24.3588
128,1698,24.3664
128,1699,24.3760
128,1700,24.3845
128,1701,24.3918
128,1702,24.3995
128,1703,24.4057
128,1704,24.4137
128,1705,24.4209
128,1706,24.4300
128,1707,24.4387
128,1708,24.4472
128,1709,24.4554
128,1710,24.4630
128,1711,24.4708
128,1712,24.4789
128,1713,24.4881
128,1714,24.4958
128,1715,24.5044
128,1716,24.5129
128,1717,24.5218
128,1718,24.5296
128,1719,24.5379
128,1720,24.5474
128,1721,24.5557
128,1722,24.5639
128,1723,24.5720
128,1724,24.5788
128,1725,24.5867
128,1726,24.5956
128,1727,24.6051
128,1728,24.6134
128,1729,24.6213
128,1730,24.6306
128,1731,24.6386
128,1732,24.6464
128,1733,24.6551
128,1734,24.6624
128,1735,24.6709
128,1736,24.6791
128,1737,24.6870
128,1738,24.6956
128,1739,24.7042
128,1740,24.7103
128,1741,24.7184
128,1742,24.7273
128,1743,24.7363
128,1744,24.7451
128,1745,24.7539
128,1746,24.7626
128,1747,24.7712
128,1748,24.7797
128,1749,24.7888
128,1750,24.7968
128,1751,24.8058
128,1752,24.8136
128,1753,24.8214
128,1754,24.8295
128,1755,24.8379
128,1756,24.8460
128,1757,24.8536
128,1758,24.8615
128,1759,24.8690
128,1760,24.8769
128,1761,24.8853
128,1762,24.8935
128,1763,24.9019
128,1764,24.9097
128,1765,24.9186
128,1766,24.9268
128,1767,24.9336
128,1768,24.9414
128,1769,24.9496
128,1770,24.9580
128,1771,24.9657
128,1772,24.9732
128,1773,24.9824
128,1774,24.9902
128,1775,24.9984
128,1776,25.0068
128,1777,25.0150
128,1778,25.0234
128,1779,25.0316
128,1780,25.0403
128,1781,25.0479
128,1782,25.0562
128,1783,25.0643
128,1784,25.0726
128,1785,25.0807
128,1786,25.0898
128,1787,25.0986
128,1788,25.1071
128,1789,25.1157
128,1790,25.1224
128,1791,25.1305
128,1792,25.1389
128,1793,25.1467
128,1794,25.1554
128,1795,25.1643
128,1796,25.1723
128,1797,25.1803
128,1798,25.1889
128,1799,25.1965
128,1800,25.2043
128,1801,25.2135
128,1802,25.2212
128,1803,25.2295
128,1804,25.2386
128,1805,25.2471
128,1806,25.2559
128,1807,25.2650
128,1808,25.2720
128,1809,25.2810
128,1810,25.2891
128,1811,25.2972
128,1812,25.3057
128,1813,25.3136
128,1814,25.3213
128,1815,25.3288
128,1816,25.3361
128,1817,25.3442
128,1818,25.3524
128,1819,25.3599
128,1820,25.3678
128,1821,25.3764
128,1822,25.3842
128,1823,25.3919
128,1824,25.4003
128,1825,25.4086
128,1826,25.4179
128,1827,25.4248
128,1828,25.4326
128,1829,25.4396
128,1830,25.4476
128,1831,25.4557
128,1832,25.4632
128,1833,25.4708
128,1834,25.4791
128,1835,25.4869
128,1836,25.4957
128,1837,25.5041
128,1838,25.5119
128,1839,25.5192
128,1840,25.5276
128,1841,25.5354
128,1842,25.5443
128,1843,25.5526
128,1844,25.5612
128,1845,25.5699
128,1846,25.5770
128,1847,25.5855
128,1848,25.5938
128,1849,25.6013
128,1850,25.6092
128,1851,25.6153
128,1852,25.6227
128,1853,25.6295
128,1854,25.6371
128,1855,25.6454
128,1856,25.6527
128,1857,25.6607
128,1858,25.6683
128,1859,25.6766
128,1860,25.6846
128,1861,25.6935
128,1862,25.7013
128,1863,25.7100
128,1864,25.7180
128,1865,25.7261
128,1866,25.7347
128,1867,25.7434
128,1868,25.7508
128,1869,25.7583
128,1870,25.7638
128,1871,25.7715
128,1872,25.7786
128,1873,25.7854
128,1874,25.7940
128,1875,25.8012
128,1876,25.8088
128,1877,25.8147
128,1878,25.8232
128,1879,25.8310
128,1880,25.8398
128,1881,25.8473
128,1882,25.8556
128,1883,25.8634
128,1884,25.8727
128,1885,25.8784
128,1886,25.8868
128,1887,25.8962
128,1888,25.9040
128,1889,25.9127
128,1890,25.9214
128,1891,25.9289
128,1892,25.9372
128,1893,25.9454
128,1894,25.9536
128,1895,25.9617
128,1896,25.9699
128,1897,25.9787
128,1898,25.9864
128,1899,25.9930
128,1900,26.0002
128,1901,26.0076
128,1902,26.0149
128,1903,26.0227
128,1904,26.0319
128,1905,26.0389
128,1906,26.0478
128,1907,26.0545
128,1908,26.0627
128,1909,26.0715
128,1910,26.0796
128,1911,26.0886
128,1912,26.0959
128,1913,26.1041
128,1914,26.1116
128,1915,26.1201
128,1916,26.1284
128,1917,26.1360
128,1918,26.1427
128,1919,26.1507
128,1920,26.1572
128,1921,26.1662
128,1922,26.1752
128,1923,26.1842
128,1924,26.1927
128,1925,26.2007
128,1926,26.2092
128,1927,26.2172
128,1928,26.2242
128,1929,26.2323
128,1930,26.2385
128,1931,26.2459
128,1932,26.2532
128,1933,26.2607
128,1934,26.2687
128,1935,26.2760
128,1936,26.2833
128,1937,26.2921
128,1938,26.2992
128,1939,26.3070
128,1940,26.3148
128,1941,26.3227
128,1942,26.3307
128,1943,26.3394
128,1944,26.3477
128,1945,26.3550
128,1946,26.3638
128,1947,26.3720
128,1948,26.3795
128,1949,26.3866
128,1950,26.3942
128,1951,26.4010
128,1952,26.4089
128,1953,26.4163
128,1954,26.4236
128,1955,26.4314
128,1956,26.4405
128,1957,26.4503
128,1958,26.4573
128,1959,26.4654
128,1960,26.4740
128,1961,26.4814
128,1962,26.4887
128,1963,26.4981
128,1964,26.5062
128,1965,26.5142
128,1966,26.5202
128,1967,26.5282
128,1968,26.5356
128,1969,26.5439
128,1970,26.5519
128,1971,26.5596
128,1972,26.5673
128,1973,26.5750
128,1974,26.5811
128,1975,26.5880
128,1976,26.5961
128,1977,26.6026
128,1978,26.6103
128,1979,26.6179
128,1980,26.6259
128,1981,26.6330
128,1982,26.6415
128,1983,26.6484
128,1984,26.6560
128,1985,26.6647
128,1986,26.6717
128,1987,26.6786
128,1988,26.6864
128,1989,26.6947
128,1990,26.7024
128,1991,26.7100
128,1992,26.7171
128,1993,26.7249
128,1994,26.7325
128,1995,26.7412
128,1996,26.7496
128,1997,26.7573
128,1998,26.7653
128,1999,26.7715
128,2000,26.7797
128,2001,26.7875
128,2002,26.7945
128,2003,26.8022
128,2004,26.8098
128,2005,26.8174
128,2006,26.8262
128,2007,26.8338
128,2008,26.8404
128,2009,26.8481
128,2010,26.8554
128,2011,26.8624
128,2012,26.8701
128,2013,26.8777
128,2014,26.8835
128,2015,26.8909
128,2016,26.8976
128,2017,26.9057
128,2018,26.9134
128,2019,26.9204
128,2020,26.9282
128,2021,26.9359
128,2022,26.9427
128,2023,26.9502
128,2024,26.9575
128,2025,26.9653
128,2026,26.9727
128,2027,26.9799
128,2028,26.9875
128,2029,26.9947
128,2030,27.0017
128,2031,27.0089
128,2032,27.0170
128,2033,27.0256
128,2034,27.0330
128,2035,27.0399
128,2036,27.0478
128,2037,27.0563
128,2038,27.0638
128,2039,27.0720
128,2040,27.0792
128,2041,27.0876
128,2042,27.0946
128,2043,27.1014
128,2044,27.1095
128,2045,27.1172
128,2046,27.1242
128,2047,27.1317
128,2048,27.1393
128,2049,27.1464
128,2050,27.1550
128,2051,27.1635
128,2052,27.1707
128,2053,27.1782
128,2054,27.1864
128,2055,27.1934
128,2056,27.2015
128,2057,27.2090
128,2058,27.2159
128,2059,27.2227
128,2060,27.2296
128,2061,27.2380
128,2062,27.2452
128,2063,27.2527
128,2064,27.2599
128,2065,27.2670
128,2066,27.2738
128,2067,27.2815
128,2068,27.2886
128,2069,27.2962
128,2070,27.3043
128,2071,27.3117
128,2072,27.3190
128,2073,27.3268
128,2074,27.3347
128,2075,27.3423
128,2076,27.3499
128,2077,27.3583
128,2078,27.3656
128,2079,27.3728
128,2080,27.3812
128,2081,27.3893
128,2082,27.3966
128,2083,27.4047
128,2084,27.4114
128,2085,27.4185
128,2086,27.4254
128,2087,27.4340
128,2088,27.4400
128,2089,27.4463
128,2090,27.4531
128,2091,27.4609
128,2092,27.4675
128,2093,27.4750
128,2094,27.4826
128,2095,27.4901
128,2096,27.4965
128,2097,27.5048
128,2098,27.5121
128,2099,27.5204
128,2100,27.5281
128,2101,27.5348
128,2102,27.5426
128,2103,27.5499
128,2104,27.5576
128,2105,27.5653
128,2106,27.5729
128,2107,27.5803
128,2108,27.5877
128,2109,27.5949
128,2110,27.6023
128,2111,27.6097
128,2112,27.6165
128,2113,27.6241
128,2114,27.6326
128,2115,27.6410
128,2116,27.6486
128,2117,27.6557
128,2118,27.6630
128,2119,27.6706
128,2120,27.6784
128,2121,27.6864
128,2122,27.6945
128,2123,27.7025
128,2124,27.7106
128,2125,27.7187
128,2126,27.7273
128,2127,27.7358
128,2128,27.7434
128,2129,27.7506
128,2130,27.7594
128,2131,27.7675
128,2132,27.7746
128,2133,27.7821
128,2134,27.7904
128,2135,27.7978
128,2136,27.8060
128,2137,27.8137
128,2138,27.8222
128,2139,27.8295
128,2140,27.8375
128,2141,27.8457
128,2142,27.8537
128,2143,27.8620
128,2144,27.8682
128,2145,27.8753
128,2146,27.8813
128,2147,27.8881
128,2148,27.8947
128,2149,27.9021
128,2150,27.9085
128,2151,27.9157
128,2152,27.9241
128,2153,27.9311
128,2154,27.9379
128,2155,27.9447
128,2156,27.9533
128,2157,27.9603
128,2158,27.9684
128,2159,27.9767
128,2160,27.9847
128,2161,27.9923
128,2162,28.0000
128,2163,28.0062
128,2164,28.0132
128,2165,28.0197
128,2166,28.0275
128,2167,28.0345
128,2168,28.0422
128,2169,28.0499
128,2170,28.0567
128,2171,28.0641
128,2172,28.0710
128,2173,28.0785
128,2174,28.0857
128,2175,28.0928
128,2176,28.1008
128,2177,28.1083
128,2178,28.1164
128,2179,28.1225
128,2180,28.1299
128,2181,28.1363
128,2182,28.1444
128,2183,28.1523
128,2184,28.1601
128,2185,28.1675
128,2186,28.1761
128,2187,28.1833
128,2188,28.1909
128,2189,28.1986
128,2190,28.2058
128,2191,28.2131
128,2192,28.2202
128,2193,28.2272
128,2194,28.2339
128,2195,28.2412
128,2196,28.2491
128,2197,28.2555
128,2198,28.2639
128,2199,28.2718
128,2200,28.2802
128,2201,28.2882
128,2202,28.2963
128,2203,28.3041
128,2204,28.3109
128,2205,28.3181
128,2206,28.3255
128,2207,28.3341
128,2208,28.3421
128,2209,28.3493
128,2210,28.3563
128,2211,28.3638
128,2212,28.3717
128,2213,28.3781
128,2214,28.3860
128,2215,28.3925
128,2216,28.4002
128,2217,28.4080
128,2218,28.4162
128,2219,28.4224
128,2220,28.4293
128,2221,28.4377
128,2222,28.4443
128,2223,28.4514
128,2224,28.4580
128,2225,28.4651
128,2226,28.4732
128,2227,28.4807
128,2228,28.4887
128,2229,28.4970
128,2230,28.5046
128,2231,28.5118
128,2232,28.5197
128,2233,28.5278
128,2234,28.5351
128,2235,28.5425
128,2236,28.5489
128,2237,28.5557
128,2238,28.5632
128,2239,28.5699
128,2240,28.5759
128,2241,28.5829
128,2242,28.5902
128,2243,28.5971
128,2244,28.6039
128,2245,28.6116
128,2246,28.6194
128,2247,28.6264
128,2248,28.6341
128,2249,28.6406
128,2250,28.6487
128,2251,28.6557
128,2252,28.6633
128,2253,28.6694
128,2254,28.6772
128,2255,28.6844
128,2256,28.6911
128,2257,28.6984
128,2258,28.7046
128,2259,28.7120
128,2260,28.7187
128,2261,28.7265
128,2262,28.7335
128,2263,28.7423
128,2264,28.7502
128,2265,28.7578
128,2266,28.7641
128,2267,28.7717
128,2268,28.7795
128,2269,28.7873
128,2270,28.7949
128,2271,28.8041
128,2272,28.8128
128,2273,28.8201
128,2274,28.8277
128,2275,28.8356
128,2276,28.8431
128,2277,28.8510
128,2278,28.8579
128,2279,28.8667
128,2280,28.8735
128,2281,28.8814
128,2282,28.8898
128,2283,28.8963
128,2284,28.9035
128,2285,28.9094
128,2286,28.9169
128,2287,28.9241
128,2288,28.9318
128,2289,28.9393
128,2290,28.9466
128,2291,28.9550
128,2292,28.9626
128,2293,28.9713
128,2294,28.9774
128,2295,28.9846
128,2296,28.9916
128,2297,28.9993
128,2298,29.0066
128,2299,29.0146
128,2300,29.0217
128,2301,29.0291
128,2302,29.0365
128,2303,29.0445
128,2304,29.0514
128,2305,29.0584
128,2306,29.0666
128,2307,29.0728
128,2308,29.0792
128,2309,29.0874
128,2310,29.0960
128,2311,29.1027
128,2312,29.1104
128,2313,29.1162
128,2314,29.1239
128,2315,29.1319
128,2316,29.1391
128,2317,29.1470
128,2318,29.1549
128,2319,29.1622
128,2320,29.1697
128,2321,29.1755
128,2322,29.1823
128,2323,29.1903
128,2324,29.1975
128,2325,29.2054
128,2326,29.2123
128,2327,29.2195
128,2328,29.2266
128,2329,29.2337
128,2330,29.2410
128,2331,29.2494
128,2332,29.2560
128,2333,29.2620
128,2334,29.2694
128,2335,29.2782
128,2336,29.2865
128,2337,29.2953
128,2338,29.3027
128,2339,29.3100
128,2340,29.3179
128,2341,29.3244
128,2342,29.3319
128,2343,29.3392
128,2344,29.3461
128,2345,29.3543
128,2346,29.3620
128,2347,29.3697
128,2348,29.3773
128,2349,29.3841
128,2350,29.3914
128,2351,29.3979
128,2352,29.4054
128,2353,29.4132
128,2354,29.4200
128,2355,29.4277
128,2356,29.4347
128,2357,29.4414
128,2358,29.4486
128,2359,29.4563
128,2360,29.4640
128,2361,29.4716
128,2362,29.4791
128,2363,29.4861
128,2364,29.4932
128,2365,29.5008
128,2366,29.5074
128,2367,29.5150
128,2368,29.5221
128,2369,29.5305
128,2370,29.5370
128,2371,29.5438
128,2372,29.5513
128,2373,29.5590
128,2374,29.5657
128,2375,29.5729
128,2376,29.5796
128,2377,29.5871
128,2378,29.5951
128,2379,29.6026
128,2380,29.6093
128,2381,29.6161
128,2382,29.6244
128,2383,29.6311
128,2384,29.6387
128,2385,29.6457
128,2386,29.6522
128,2387,29.6594
128,2388,29.6661
128,2389,29.6723
128,2390,29.6784
128,2391,29.6847
128,2392,29.6925
128,2393,29.6988
128,2394,29.7063
128,2395,29.7124
128,2396,29.7204
128,2397,29.7275
128,2398,29.7350
128,2399,29.7426
128,2400,29.7501
128,2401,29.7577
128,2402,29.7640
128,2403,29.7717
128,2404,29.7789
128,2405,29.7870
128,2406,29.7943
128,2407,29.8021
128,2408,29.8095
128,2409,29.8162
128,2410,29.8249
128,2411,29.8321
128,2412,29.8395
128,2413,29.8468
128,2414,29.8539
128,2415,29.8601
128,2416,29.8676
128,2417,29.8748
128,2418,29.8826
128,2419,29.8902
128,2420,29.8957
128,2421,29.9018
128,2422,29.9092
128,2423,29.9167
128,2424,29.9239
128,2425,29.9299
128,2426,29.9388
128,2427,29.9468
128,2428,29.9538
128,2429,29.9620
128,2430,29.9690
128,2431,29.9765
128,2432,29.9832
128,2433,29.9904
128,2434,29.9986
128,2435,30.0051
128,2436,30.0116
128,2437,30.0185
128,2438,30.0252
128,2439,30.0325
128,2440,30.0396
128,2441,30.0475
128,2442,30.0542
128,2443,30.0620
128,2444,30.0684
128,2445,30.0756
128,2446,30.0833
128,2447,30.0902
128,2448,30.0972
128,2449,30.1050
128,2450,30.1109
128,2451,30.1179
128,2452,30.1263
128,2453,30.1327
128,2454,30.1401
128,2455,30.1471
128,2456,30.1536
128,2457,30.1600
128,2458,30.1662
128,2459,30.1747
128,2460,30.1822
128,2461,30.1893
128,2462,30.1958
128,2463,30.2022
128,2464,30.2088
128,2465,30.2152
128,2466,30.2222
128,2467,30.2291
128,2468,30.2360
128,2469,30.2428
128,2470,30.2497
128,2471,30.2568
128,2472,30.2638
128,2473,30.2708
128,2474,30.2784
128,2475,30.2854
128,2476,30.2928
128,2477,30.3001
128,2478,30.3079
128,2479,30.3160
128,2480,30.3229
128,2481,30.3308
128,2482,30.3372
128,2483,30.3438
128,2484,30.3513
128,2485,30.3574
128,2486,30.3649
128,2487,30.3715
128,2488,30.3794
128,2489,30.3870
128,2490,30.3941
128,2491,30.4016
128,2492,30.4088
128,2493,30.4157
128,2494,30.4233
128,2495,30.4308
128,2496,30.4379
128,2497,30.4447
128,2498,30.4522
128,2499,30.4587
128,2500,30.4664
128,2501,30.4732
128,2502,30.4812
128,2503,30.4873
128,2504,30.4946
128,2505,30.5016
128,2506,30.5073
128,2507,30.5146
128,2508,30.5225
128,2509,30.5298
128,2510,30.5356
128,2511,30.5426
128,2512,30.5496
128,2513,30.5567
128,2514,30.5647
128,2515,30.5721
128,2516,30.5793
128,2517,30.5865
128,2518,30.5937
128,2519,30.6014
128,2520,30.6079
128,2521,30.6160
128,2522,30.6237
128,2523,30.6313
128,2524,30.6396
128,2525,30.6469
128,2526,30.6548
128,2527,30.6608
128,2528,30.6675
128,2529,30.6755
128,2530,30.6822
128,2531,30.6898
128,2532,30.6969
128,2533,30.7041
128,2534,30.7112
128,2535,30.7170
128,2536,30.7240
128,2537,30.7311
128,2538,30.7383
128,2539,30.7447
128,2540,30.7518
128,2541,30.7588
128,2542,30.7657
128,2543,30.7738
128,2544,30.7813
128,2545,30.7871
128,2546,30.7922
128,2547,30.8002
128,2548,30.8070
128,2549,30.8140
128,2550,30.8200
128,2551,30.8269
128,2552,30.8344
128,2553,30.8419
128,2554,30.8485
128,2555,30.8575
128,2556,30.8647
128,2557,30.8715
128,2558,30.8787
128,2559,30.8855
128,2560,30.8925
128,2561,30.9003
128,2562,30.9077
128,2563,30.9159
128,2564,30.9227
128,2565,30.9304
128,2566,30.9375
128,2567,30.9447
128,2568,30.9519
128,2569,30.9582
128,2570,30.9654
128,2571,30.9728
128,2572,30.9805
128,2573,30.9871
128,2574,30.9936
128,2575,31.0017
128,2576,31.0083
128,2577,31.0155
128,2578,31.0222
128,2579,31.0298
128,2580,31.0369
128,2581,31.0434
128,2582,31.0505
128,2583,31.0574
128,2584,31.0637
128,2585,31.0713
128,2586,31.0785
128,2587,31.0846
128,2588,31.0909
128,2589,31.0985
128,2590,31.1054
128,2591,31.1120
128,2592,31.1189
128,2593,31.1256
128,2594,31.1329
128,2595,31.1400
128,2596,31.1470
128,2597,31.1555
128,2598,31.1633
128,2599,31.1696
128,2600,31.1767
128,2601,31.1834
128,2602,31.1898
128,2603,31.1969
128,2604,31.2039
128,2605,31.2118
128,2606,31.2197
128,2607,31.2263
128,2608,31.2329
128,2609,31.2397
128,2610,31.2475
128,2611,31.2542
128,2612,31.2616
128,2613,31.2685
128,2614,31.2762
128,2615,31.2835
128,2616,31.2908
128,2617,31.2980
128,2618,31.3039
128,2619,31.3108
128,2620,31.3186
128,2621,31.3255
128,2622,31.3328
128,2623,31.3395
128,2624,31.3467
128,2625,31.3537
128,2626,31.3604
128,2627,31.3673
128,2628,31.3740
128,2629,31.3811
128,2630,31.3877
128,2631,31.3942
128,2632,31.4016
128,2633,31.4086
128,2634,31.4161
128,2635,31.4228
128,2636,31.4305
128,2637,31.4365
128,2638,31.4436
128,2639,31.4505
128,2640,31.4572
128,2641,31.4645
128,2642,31.4702
128,2643,31.4783
128,2644,31.4855
128,2645,31.4930
128,2646,31.5004
128,2647,31.5077
128,2648,31.5147
128,2649,31.5218
128,2650,31.5303
128,2651,31.5372
128,2652,31.5443
128,2653,31.5511
128,2654,31.5594
128,2655,31.5662
128,2656,31.5734
128,2657,31.5805
128,2658,31.5867
128,2659,31.5944
128,2660,31.6022
128,2661,31.6085
128,2662,31.6145
128,2663,31.6211
128,2664,31.6273
128,2665,31.6336
128,2666,31.6408
128,2667,31.6471
128,2668,31.6543
128,2669,31.6627
128,2670,31.6708
128,2671,31.6780
128,2672,31.6849
128,2673,31.6926
128,2674,31.6987
128,2675,31.7060
128,2676,31.7131
128,2677,31.7204
128,2678,31.7268
128,2679,31.7344
128,2680,31.7412
128,2681,31.7474
128,2682,31.7548
128,2683,31.7613
128,2684,31.7669
128,2685,31.7747
128,2686,31.7817
128,2687,31.7890
128,2688,31.7960
128,2689,31.8027
128,2690,31.8110
128,2691,31.8173
128,2692,31.8232
128,2693,31.8303
128,2694,31.8371
128,2695,31.8434
128,2696,31.8511
128,2697,31.8590
128,2698,31.8656
128,2699,31.8710
128,2700,31.8785
128,2701,31.8854
128,2702,31.8932
128,2703,31.9008
128,2704,31.9094
128,2705,31.9163
128,2706,31.9228
128,2707,31.9289
128,2708,31.9363
128,2709,31.9433
128,2710,31.9498
128,2711,31.9574
128,2712,31.9652
128,2713,31.9721
128,2714,31.9788
128,2715,31.9862
128,2716,31.9935
128,2717,32.0014
128,2718,32.0085
128,2719,32.0145
128,2720,32.0218
128,2721,32.0276
128,2722,32.0352
128,2723,32.0423
128,2724,32.0486
128,2725,32.0571
128,2726,32.0639
128,2727,32.0711
128,2728,32.0777
128,2729,32.0848
128,2730,32.0906
128,2731,32.0970
128,2732,32.1036
128,2733,32.1113
128,2734,32.1181
128,2735,32.1256
128,2736,32.1325
128,2737,32.1396
128,2738,32.1465
128,2739,32.1541
128,2740,32.1613
128,2741,32.1677
128,2742,32.1757
128,2743,32.1821
128,2744,32.1896
128,2745,32.1959
128,2746,32.2027
128,2747,32.2088
128,2748,32.2169
128,2749,32.2235
128,2750,32.2302
128,2751,32.2366
128,2752,32.2438
128,2753,32.2501
128,2754,32.2572
128,2755,32.2646
128,2756,32.2721
128,2757,32.2791
128,2758,32.2865
128,2759,32.2929
128,2760,32.3002
128,2761,32.3074
128,2762,32.3149
128,2763,32.3228
128,2764,32.3301
128,2765,32.3376
128,2766,32.3448
128,2767,32.3521
128,2768,32.3587
128,2769,32.3666
128,2770,32.3720
128,2771,32.3790
128,2772,32.3863
128,2773,32.3926
128,2774,32.3988
128,2775,32.4060
128,2776,32.4124
128,2777,32.4198
128,2778,32.4267
128,2779,32.4340
128,2780,32.4406
128,2781,32.4486
128,2782,32.4564
128,2783,32.4629
128,2784,32.4702
128,2785,32.4783
128,2786,32.4862
128,2787,32.4939
128,2788,32.5013
128,2789,32.5079
128,2790,32.5145
128,2791,32.5215
128,2792,32.5277
128,2793,32.5342
128,2794,32.5415
128,2795,32.5479
128,2796,32.5545
128,2797,32.5615
128,2798,32.5688
128,2799,32.5764
128,2800,32.5827
128,2801,32.5896
128,2802,32.5976
128,2803,32.6035
128,2804,32.6095
128,2805,32.6171
128,2806,32.6241
128,2807,32.6304
128,2808,32.6376
128,2809,32.6448
128,2810,32.6515
128,2811,32.6581
128,2812,32.6649
128,2813,32.6709
128,2814,32.6769
128,2815,32.6848
128,2816,32.6907
128,2817,32.6989
128,2818,32.7051
128,2819,32.7123
128,2820,32.7200
128,2821,32.7268
128,2822,32.7337
128,2823,32.7404
128,2824,32.7484
128,2825,32.7541
128,2826,32.7613
128,2827,32.7675
128,2828,32.7741
128,2829,32.7813
128,2830,32.7886
128,2831,32.7946
128,2832,32.8011
128,2833,32.8080
128,2834,32.8148
128,2835,32.8212
128,2836,32.8283
128,2837,32.8348
128,2838,32.8414
128,2839,32.8492
128,2840,32.8565
128,2841,32.8635
128,2842,32.8707
128,2843,32.8781
128,2844,32.8852
128,2845,32.8928
128,2846,32.8995
128,2847,32.9063
128,2848,32.9129
128,2849,32.9198
128,2850,32.9263
128,2851,32.9328
128,2852,32.9407
128,2853,32.9473
128,2854,32.9542
128,2855,32.9619
128,2856,32.9684
128,2857,32.9755
128,2858,32.9832
128,2859,32.9897
128,2860,32.9956
128,2861,33.0026
128,2862,33.0092
128,2863,33.0171
128,2864,33.0242
128,2865,33.0295
128,2866,33.0363
128,2867,33.0424
128,2868,33.0488
128,2869,33.0557
128,2870,33.0632
128,2871,33.0693
128,2872,33.0764
128,2873,33.0823
128,2874,33.0891
128,2875,33.0968
128,2876,33.1042
128,2877,33.1115
128,2878,33.1186
128,2879,33.1258
128,2880,33.1325
128,2881,33.1399
128,2882,33.1467
128,2883,33.1536
128,2884,33.1606
128,2885,33.1674
128,2886,33.1735
128,2887,33.1798
128,2888,33.1870
128,2889,33.1942
128,2890,33.2012
128,2891,33.2085
128,2892,33.2157
128,2893,33.2233
128,2894,33.2299
128,2895,33.2374
128,2896,33.2446
128,2897,33.2523
128,2898,33.2595
128,2899,33.2664
128,2900,33.2734
128,2901,33.2805
128,2902,33.2876
128,2903,33.2947
128,2904,33.3014
128,2905,33.3078
128,2906,33.3145
128,2907,33.3219
128,2908,33.3278
128,2909,33.3353
128,2910,33.3421
128,2911,33.3490
128,2912,33.3549
128,2913,33.3619
128,2914,33.3691
128,2915,33.3748
128,2916,33.3825
128,2917,33.3895
128,2918,33.3952
128,2919,33.4022
128,2920,33.4079
128,2921,33.4155
128,2922,33.4226
128,2923,33.4292
128,2924,33.4366
128,2925,33.4439
128,2926,33.4509
128,2927,33.4570
128,2928,33.4638
128,2929,33.4700
128,2930,33.4766
128,2931,33.4833
128,2932,33.4904
128,2933,33.4977
128,2934,33.5049
128,2935,33.5113
128,2936,33.5181
128,2937,33.5247
128,2938,33.5311
128,2939,33.5382
128,2940,33.5450
128,2941,33.5508
128,2942,33.5567
128,2943,33.5628
128,2944,33.5702
128,2945,33.5770
128,2946,33.5838
128,2947,33.5909
128,2948,33.5974
128,2949,33.6043
128,2950,33.6113
128,2951,33.6181
128,2952,33.6254
128,2953,33.6329
128,2954,33.6396
128,2955,33.6451
128,2956,33.6521
128,2957,33.6583
128,2958,33.6655
128,2959,33.6720
128,2960,33.6789
128,2961,33.6844
128,2962,33.6908
128,2963,33.6975
128,2964,33.7038
128,2965,33.7106
128,2966,33.7170
128,2967,33.7237
128,2968,33.7301
128,2969,33.7372
128,2970,33.7437
128,2971,33.7514
128,2972,33.7585
128,2973,33.7662
128,2974,33.7733
128,2975,33.7810
128,2976,33.7870
128,2977,33.7934
128,2978,33.8004
128,2979,33.8070
128,2980,33.8132
128,2981,33.8207
128,2982,33.8278
128,2983,33.8345
128,2984,33.8409
128,2985,33.8470
128,2986,33.8529
128,2987,33.8595
128,2988,33.8660
128,2989,33.8721
128,2990,33.8802
128,2991,33.8866
128,2992,33.8941
128,2993,33.9012
128,2994,33.9075
128,2995,33.9136
128,2996,33.9202
128,2997,33.9264
128,2998,33.9330
128,2999,33.9401
128,3000,33.9463
128,3001,33.9533
128,3002,33.9596
128,3003,33.9663
128,3004,33.9732
128,3005,33.9793
128,3006,33.9867
128,3007,33.9944
128,3008,34.0009
128,3009,34.0073
128,3010,34.0140
128,3011,34.0194
128,3012,34.0269
128,3013,34.0344
128,3014,34.0415
128,3015,34.0475
128,3016,34.0545
128,3017,34.0611
128,3018,34.0673
128,3019,34.0744
128,3020,34.0813
128,3021,34.0874
128,3022,34.0939
128,3023,34.1005
128,3024,34.1061
128,3025,34.1131
128,3026,34.1189
128,3027,34.1253
128,3028,34.1325
128,3029,34.1406
128,3030,34.1461
128,3031,34.1520
128,3032,34.1585
128,3033,34.1645
128,3034,34.1718
128,3035,34.1783
128,3036,34.1849
128,3037,34.1916
128,3038,34.1982
128,3039,34.2044
128,3040,34.2102
128,3041,34.2171
128,3042,34.2243
128,3043,34.2302
128,3044,34.2358
128,3045,34.2428
128,3046,34.2505
128,3047,34.2582
128,3048,34.2638
128,3049,34.2701
128,3050,34.2768
128,3051,34.2833
128,3052,34.2898
128,3053,34.2968
128,3054,34.3033
128,3055,34.3098
128,3056,34.3170
128,3057,34.3229
128,3058,34.3289
128,3059,34.3356
128,3060,34.3423
128,3061,34.3478
128,3062,34.3540
128,3063,34.3596
128,3064,34.3673
128,3065,34.3738
128,3066,34.3801
128,3067,34.3867
128,3068,34.3934
128,3069,34.3994
128,3070,34.4070
128,3071,34.4144
128,3072,34.4221
128,3073,34.4290
128,3074,34.4351
128,3075,34.4416
128,3076,34.4479
128,3077,34.4544
128,3078,34.4615
128,3079,34.4682
128,3080,34.4751
128,3081,34.4823
128,3082,34.4888
128,3083,34.4949
128,3084,34.5018
128,3085,34.5083
128,3086,34.5147
128,3087,34.5216
128,3088,34.5286
128,3089,34.5354
128,3090,34.5422
128,3091,34.5484
128,3092,34.5550
128,3093,34.5612
128,3094,34.5670
128,3095,34.5739
128,3096,34.5797
128,3097,34.5853
128,3098,34.5918
128,3099,34.5976
128,3100,34.6030
128,3101,34.6103
128,3102,34.6172
128,3103,34.6229
128,3104,34.6299
128,3105,34.6357
128,3106,34.6417
128,3107,34.6482
128,3108,34.6551
128,3109,34.6615
128,3110,34.6677
128,3111,34.6744
128,3112,34.6794
128,3113,34.6854
128,3114,34.6916
128,3115,34.6978
128,3116,34.7045
128,3117,34.7118
128,3118,34.7180
128,3119,34.7245
128,3120,34.7307
128,3121,34.7370
128,3122,34.7433
128,3123,34.7511
128,3124,34.7585
128,3125,34.7653
128,3126,34.7717
128,3127,34.7776
128,3128,34.7836
128,3129,34.7906
128,3130,34.7969
128,3131,34.8029
128,3132,34.8096
128,3133,34.8164
128,3134,34.8232
128,3135,34.8287
128,3136,34.8351
128,3137,34.8416
128,3138,34.8482
128,3139,34.8548
128,3140,34.8611
128,3141,34.8671
128,3142,34.8732
128,3143,34.8788
128,3144,34.8856
128,3145,34.8926
128,3146,34.8997
128,3147,34.9055
128,3148,34.9116
128,3149,34.9190
128,3150,34.9256
128,3151,34.9317
128,3152,34.9380
128,3153,34.9446
128,3154,34.9509
128,3155,34.9567
128,3156,34.9634
128,3157,34.9698
128,3158,34.9751
128,3159,34.9808
128,3160,34.9870
128,3161,34.9938
128,3162,35.0000
128,3163,35.0062
128,3164,35.0135
128,3165,35.0201
128,3166,35.0262
128,3167,35.0324
128,3168,35.0389
128,3169,35.0455
128,3170,35.0524
128,3171,35.0600
128,3172,35.0656
128,3173,35.0722
128,3174,35.0788
128,3175,35.0867
128,3176,35.0935
128,3177,35.0999
128,3178,35.1066
128,3179,35.1139
128,3180,35.1205
128,3181,35.1276
128,3182,35.1341
128,3183,35.1404
128,3184,35.1470
128,3185,35.1539
128,3186,35.1608
128,3187,35.1671
128,3188,35.1737
128,3189,35.1801
128,3190,35.1861
128,3191,35.1922
128,3192,35.1974
128,3193,35.2043
128,3194,35.2117
128,3195,35.2180
128,3196,35.2253
128,3197,35.2301
128,3198,35.2364
128,3199,35.2429
128,3200,35.2491
128,3201,35.2556
128,3202,35.2630
128,3203,35.2691
128,3204,35.2756
128,3205,35.2818
128,3206,35.2882
128,3207,35.2958
128,3208,35.3014
128,3209,35.3075
128,3210,35.3143
128,3211,35.3204
128,3212,35.3269
128,3213,35.3342
128,3214,35.3409
128,3215,35.3468
128,3216,35.3538
128,3217,35.3601
128,3218,35.3654
128,3219,35.3718
128,3220,35.3781
128,3221,35.3843
128,3222,35.3910
128,3223,35.3973
128,3224,35.4040
128,3225,35.4102
128,3226,35.4162
128,3227,35.4230
128,3228,35.4299
128,3229,35.4366
128,3230,35.4423
128,3231,35.4491
128,3232,35.4559
128,3233,35.4623
128,3234,35.4677
128,3235,35.4749
128,3236,35.4825
128,3237,35.4890
128,3238,35.4955
128,3239,35.5022
128,3240,35.5082
128,3241,35.5146
128,3242,35.5213
128,3243,35.5283
128,3244,35.5350
128,3245,35.5415
128,3246,35.5488
128,3247,35.5555
128,3248,35.5621
128,3249,35.5680
128,3250,35.5733
128,3251,35.5789
128,3252,35.5864
128,3253,35.5928
128,3254,35.6000
128,3255,35.6076
128,3256,35.6142
128,3257,35.6197
128,3258,35.6255
128,3259,35.6315
128,3260,35.6376
128,3261,35.6433
128,3262,35.6503
128,3263,35.6571
128,3264,35.6636
128,3265,35.6701
128,3266,35.6766
128,3267,35.6827
128,3268,35.6880
128,3269,35.6942
128,3270,35.6998
128,3271,35.7072
128,3272,35.7134
128,3273,35.7192
128,3274,35.7251
128,3275,35.7318
128,3276,35.7382
128,3277,35.7455
128,3278,35.7532
128,3279,35.7595
128,3280,35.7655
128,3281,35.7718
128,3282,35.7781
128,3283,35.7849
128,3284,35.7920
128,3285,35.7976
128,3286,35.8039
128,3287,35.8097
128,3288,35.8170
128,3289,35.8234
128,3290,35.8300
128,3291,35.8368
128,3292,35.8423
128,3293,35.8493
128,3294,35.8554
128,3295,35.8625
128,3296,35.8695
128,3297,35.8761
128,3298,35.8827
128,3299,35.8883
128,3300,35.8955
128,3301,35.9011
128,3302,35.9076
128,3303,35.9142
128,3304,35.9206
128,3305,35.9277
128,3306,35.9343
128,3307,35.9423
128,3308,35.9482
128,3309,35.9538
128,3310,35.9601
128,3311,35.9669
128,3312,35.9743
128,3313,35.9814
128,3314,35.9876
128,3315,35.9946
128,3316,36.0014
128,3317,36.0078
128,3318,36.0144
128,3319,36.0208
128,3320,36.0280
128,3321,36.0344
128,3322,36.0402
128,3323,36.0462
128,3324,36.0534
128,3325,36.0592
128,3326,36.0654
128,3327,36.0705
128,3328,36.0770
128,3329,36.0838
128,3330,36.0897
128,3331,36.0965
128,3332,36.1024
128,3333,36.1084
128,3334,36.1150
128,3335,36.1221
128,3336,36.1284
128,3337,36.1350
128,3338,36.1417
128,3339,36.1478
128,3340,36.1530
128,3341,36.1593
128,3342,36.1658
128,3343,36.1721
128,3344,36.1790
128,3345,36.1851
128,3346,36.1918
128,3347,36.1989
128,3348,36.2055
128,3349,36.2108
128,3350,36.2170
128,3351,36.2229
128,3352,36.2289
128,3353,36.2355
128,3354,36.2421
128,3355,36.2480
128,3356,36.2553
128,3357,36.2618
128,3358,36.2679
128,3359,36.2743
128,3360,36.2806
128,3361,36.2864
128,3362,36.2925
128,3363,36.2978
128,3364,36.3040
128,3365,36.3091
128,3366,36.3158
128,3367,36.3225
128,3368,36.3277
128,3369,36.3333
128,3370,36.3380
128,3371,36.3449
128,3372,36.3519
128,3373,36.3576
128,3374,36.3642
128,3375,36.3700
128,3376,36.3759
128,3377,36.3815
128,3378,36.3877
128,3379,36.3947
128,3380,36.4000
128,3381,36.4067
128,3382,36.4139
128,3383,36.4207
128,3384,36.4274
128,3385,36.4333
128,3386,36.4392
128,3387,36.4457
128,3388,36.4520
128,3389,36.4584
128,3390,36.4650
128,3391,36.4714
128,3392,36.4779
128,3393,36.4842
128,3394,36.4905
128,3395,36.4970
128,3396,36.5029
128,3397,36.5090
128,3398,36.5151
128,3399,36.5212
128,3400,36.5283
128,3401,36.5362
128,3402,36.5432
128,3403,36.5484
128,3404,36.5547
128,3405,36.5612
128,3406,36.5665
128,3407,36.5733
128,3408,36.5795
128,3409,36.5855
128,3410,36.5918
128,3411,36.5981
128,3412,36.6052
128,3413,36.6113
128,3414,36.6174
128,3415,36.6232
128,3416,36.6291
128,3417,36.6355
128,3418,36.6413
128,3419,36.6474
128,3420,36.6544
128,3421,36.6607
128,3422,36.6670
128,3423,36.6729
128,3424,36.6786
128,3425,36.6852
128,3426,36.6915
128,3427,36.6974
128,3428,36.7036
128,3429,36.7088
128,3430,36.7142
128,3431,36.7200
128,3432,36.7259
128,3433,36.7326
128,3434,36.7388
128,3435,36.7444
128,3436,36.7507
128,3437,36.7570
128,3438,36.7632
128,3439,36.7701
128,3440,36.7774
128,3441,36.7831
128,3442,36.7896
128,3443,36.7960
128,3444,36.8023
128,3445,36.8091
128,3446,36.8152
128,3447,36.8213
128,3448,36.8280
128,3449,36.8348
128,3450,36.8406
128,3451,36.8472
128,3452,36.8534
128,3453,36.8601
128,3454,36.8665
128,3455,36.8730
128,3456,36.8796
128,3457,36.8859
128,3458,36.8919
128,3459,36.8978
128,3460,36.9036
128,3461,36.9103
128,3462,36.9165
128,3463,36.9227
128,3464,36.9299
128,3465,36.9354
128,3466,36.9422
128,3467,36.9486
128,3468,36.9547
128,3469,36.9611
128,3470,36.9673
128,3471,36.9740
128,3472,36.9789
128,3473,36.9843
128,3474,36.9907
128,3475,36.9971
128,3476,37.0026
128,3477,37.0096
128,3478,37.0154
128,3479,37.0210
128,3480,37.0274
128,3481,37.0336
128,3482,37.0394
128,3483,37.0462
128,3484,37.0521
128,3485,37.0575
128,3486,37.0634
128,3487,37.0688
128,3488,37.0747
128,3489,37.0814
128,3490,37.0870
128,3491,37.0929
128,3492,37.0990
128,3493,37.1051
128,3494,37.1116
128,3495,37.1177
128,3496,37.1246
128,3497,37.1309
128,3498,37.1376
128,3499,37.1433
128,3500,37.1495
128,3501,37.1561
128,3502,37.1623
128,3503,37.1677
128,3504,37.1741
128,3505,37.1812
128,3506,37.1875
128,3507,37.1932
128,3508,37.1991
128,3509,37.2054
128,3510,37.2115
128,3511,37.2178
128,3512,37.2240
128,3513,37.2301
128,3514,37.2360
128,3515,37.2422
128,3516,37.2486
128,3517,37.2560
128,3518,37.2611
128,3519,37.2680
128,3520,37.2740
128,3521,37.2797
128,3522,37.2864
128,3523,37.2926
128,3524,37.2987
128,3525,37.3049
128,3526,37.3106
128,3527,37.3163
128,3528,37.3226
128,3529,37.3297
128,3530,37.3366
128,3531,37.3428
128,3532,37.3480
128,3533,37.3551
128,3534,37.3618
128,3535,37.3684
128,3536,37.3750
128,3537,37.3813
128,3538,37.3877
128,3539,37.3928
128,3540,37.3999
128,3541,37.4057
128,3542,37.4116
128,3543,37.4184
128,3544,37.4252
128,3545,37.4317
128,3546,37.4376
128,3547,37.4442
128,3548,37.4509
128,3549,37.4567
128,3550,37.4626
128,3551,37.4703
128,3552,37.4765
128,3553,37.4822
128,3554,37.4891
128,3555,37.4947
128,3556,37.5004
128,3557,37.5061
128,3558,37.5122
128,3559,37.5188
128,3560,37.5248
128,3561,37.5304
128,3562,37.5365
128,3563,37.5423
128,3564,37.5478
128,3565,37.5551
128,3566,37.5618
128,3567,37.5675
128,3568,37.5735
128,3569,37.5798
128,3570,37.5861
128,3571,37.5914
128,3572,37.5961
128,3573,37.6021
128,3574,37.6085
128,3575,37.6154
128,3576,37.6220
128,3577,37.6277
128,3578,37.6345
128,3579,37.6408
128,3580,37.6468
128,3581,37.6532
128,3582,37.6597
128,3583,37.6655
128,3584,37.6720
128,3585,37.6779
128,3586,37.6840
128,3587,37.6896
128,3588,37.6958
128,3589,37.7017
128,3590,37.7076
128,3591,37.7132
128,3592,37.7196
128,3593,37.7263
128,3594,37.7328
128,3595,37.7382
128,3596,37.7439
128,3597,37.7499
128,3598,37.7553
128,3599,37.7610
128,3600,37.7672
128,3601,37.7737
128,3602,37.7793
128,3603,37.7860
128,3604,37.7916
128,3605,37.7977
128,3606,37.8042
128,3607,37.8103
128,3608,37.8163
128,3609,37.8235
128,3610,37.8300
128,3611,37.8364
128,3612,37.8421
128,3613,37.8479
128,3614,37.8546
128,3615,37.8611
128,3616,37.8670
128,3617,37.8727
128,3618,37.8797
128,3619,37.8854
128,3620,37.8917
128,3621,37.8976
128,3622,37.9032
128,3623,37.9093
128,3624,37.9156
128,3625,37.9219
128,3626,37.9280
128,3627,37.9340
128,3628,37.9408
128,3629,37.9478
128,3630,37.9544
128,3631,37.9599
128,3632,37.9657
128,3633,37.9726
128,3634,37.9783
128,3635,37.9838
128,3636,37.9893
128,3637,37.9966
128,3638,38.0032
128,3639,38.0090
128,3640,38.0148
128,3641,38.0209
128,3642,38.0262
128,3643,38.0324
128,3644,38.0390
128,3645,38.0457
128,3646,38.0522
128,3647,38.0576
128,3648,38.0639
128,3649,38.0702
128,3650,38.0751
128,3651,38.0806
128,3652,38.0869
128,3653,38.0933
128,3654,38.0996
128,3655,38.1056
128,3656,38.1112
128,3657,38.1173
128,3658,38.1237
128,3659,38.1305
128,3660,38.1374
128,3661,38.1438
128,3662,38.1498
128,3663,38.1558
128,3664,38.1611
128,3665,38.1665
128,3666,38.1724
128,3667,38.1788
128,3668,38.1852
128,3669,38.1916
128,3670,38.1972
128,3671,38.2031
128,3672,38.2101
128,3673,38.2161
128,3674,38.2227
128,3675,38.2289
128,3676,38.2351
128,3677,38.2419
128,3678,38.2480
128,3679,38.2546
128,3680,38.2605
128,3681,38.2658
128,3682,38.2724
128,3683,38.2787
128,3684,38.2852
128,3685,38.2912
128,3686,38.2970
128,3687,38.3033
128,3688,38.3088
128,3689,38.3145
128,3690,38.3209
128,3691,38.3264
128,3692,38.3322
128,3693,38.3383
128,3694,38.3443
128,3695,38.3505
128,3696,38.3568
128,3697,38.3624
128,3698,38.3686
128,3699,38.3743
128,3700,38.3811
128,3701,38.3865
128,3702,38.3928
128,3703,38.3988
128,3704,38.4054
128,3705,38.4117
128,3706,38.4172
128,3707,38.4231
128,3708,38.4291
128,3709,38.4350
128,3710,38.4417
128,3711,38.4470
128,3712,38.4537
128,3713,38.4601
128,3714,38.4652
128,3715,38.4712
128,3716,38.4773
128,3717,38.4840
128,3718,38.4902
128,3719,38.4964
128,3720,38.5013
128,3721,38.5077
128,3722,38.5134
128,3723,38.5185
128,3724,38.5241
128,3725,38.5300
128,3726,38.5367
128,3727,38.5435
128,3728,38.5489
128,3729,38.5541
128,3730,38.5603
128,3731,38.5667
128,3732,38.5722
128,3733,38.5784
128,3734,38.5851
128,3735,38.5906
128,3736,38.5956
128,3737,38.6017
128,3738,38.6079
128,3739,38.6145
128,3740,38.6203
128,3741,38.6269
128,3742,38.6327
128,3743,38.6394
128,3744,38.6452
128,3745,38.6515
128,3746,38.6582
128,3747,38.6647
128,3748,38.6701
128,3749,38.6752
128,3750,38.6814
128,3751,38.6878
128,3752,38.6934
128,3753,38.6992
128,3754,38.7054
128,3755,38.7122
128,3756,38.7187
128,3757,38.7249
128,3758,38.7306
128,3759,38.7359
128,3760,38.7418
128,3761,38.7472
128,3762,38.7532
128,3763,38.7593
128,3764,38.7659
128,3765,38.7714
128,3766,38.7781
128,3767,38.7830
128,3768,38.7885
128,3769,38.7941
128,3770,38.8003
128,3771,38.8062
128,3772,38.8127
128,3773,38.8189
128,3774,38.8252
128,3775,38.8317
128,3776,38.8382
128,3777,38.8440
128,3778,38.8500
128,3779,38.8569
128,3780,38.8629
128,3781,38.8692
128,3782,38.8758
128,3783,38.8834
128,3784,38.8903
128,3785,38.8971
128,3786,38.9034
128,3787,38.9089
128,3788,38.9151
128,3789,38.9212
128,3790,38.9267
128,3791,38.9334
128,3792,38.9397
128,3793,38.9456
128,3794,38.9516
128,3795,38.9567
128,3796,38.9624
128,3797,38.9682
128,3798,38.9742
128,3799,38.9808
128,3800,38.9866
128,3801,38.9933
128,3802,38.9998
128,3803,39.0053
128,3804,39.0103
128,3805,39.0157
128,3806,39.0215
128,3807,39.0276
128,3808,39.0333
128,3809,39.0401
128,3810,39.0457
128,3811,39.0514
128,3812,39.0570
128,3813,39.0626
128,3814,39.0677
128,3815,39.0733
128,3816,39.0799
128,3817,39.0857
128,3818,39.0923
128,3819,39.0982
128,3820,39.1036
128,3821,39.1102
128,3822,39.1160
128,3823,39.1225
128,3824,39.1281
128,3825,39.1336
128,3826,39.1387
128,3827,39.1445
128,3828,39.1508
128,3829,39.1573
128,3830,39.1640
128,3831,39.1705
128,3832,39.1765
128,3833,39.1813
128,3834,39.1885
128,3835,39.1937
128,3836,39.1997
128,3837,39.2072
128,3838,39.2136
128,3839,39.2198
128,3840,39.2259
128,3841,39.2323
128,3842,39.2386
128,3843,39.2451
128,3844,39.2515
128,3845,39.2577
128,3846,39.2632
128,3847,39.2693
128,3848,39.2756
128,3849,39.2820
128,3850,39.2886
128,3851,39.2944
128,3852,39.3007
128,3853,39.3064
128,3854,39.3133
128,3855,39.3187
128,3856,39.3243
128,3857,39.3302
128,3858,39.3362
128,3859,39.3416
128,3860,39.3473
128,3861,39.3536
128,3862,39.3601
128,3863,39.3664
128,3864,39.3727
128,3865,39.3791
128,3866,39.3847
128,3867,39.3909
128,3868,39.3958
128,3869,39.4029
128,3870,39.4092
128,3871,39.4159
128,3872,39.4214
128,3873,39.4280
128,3874,39.4339
128,3875,39.4403
128,3876,39.4465
128,3877,39.4516
128,3878,39.4578
128,3879,39.4638
128,3880,39.4692
128,3881,39.4746
128,3882,39.4804
128,3883,39.4860
128,3884,39.4916
128,3885,39.4974
128,3886,39.5032
128,3887,39.5086
128,3888,39.5139
128,3889,39.5206
128,3890,39.5265
128,3891,39.5329
128,3892,39.5389
128,3893,39.5443
128,3894,39.5500
128,3895,39.5559
128,3896,39.5622
128,3897,39.5677
128,3898,39.5736
128,3899,39.5799
128,3900,39.5854
128,3901,39.5911
128,3902,39.5968
128,3903,39.6028
128,3904,39.6091
128,3905,39.6149
128,3906,39.6207
128,3907,39.6271
128,3908,39.6329
128,3909,39.6386
128,3910,39.6447
128,3911,39.6507
128,3912,39.6573
128,3913,39.6633
128,3914,39.6702
128,3915,39.6765
128,3916,39.6826
128,3917,39.6890
128,3918,39.6954
128,3919,39.7007
128,3920,39.7072
128,3921,39.7125
128,3922,39.7184
128,3923,39.7249
128,3924,39.7310
128,3925,39.7375
128,3926,39.7424
128,3927,39.7477
128,3928,39.7535
128,3929,39.7590
128,3930,39.7642
128,3931,39.7698
128,3932,39.7762
128,3933,39.7822
128,3934,39.7880
128,3935,39.7949
128,3936,39.8010
128,3937,39.8074
128,3938,39.8132
128,3939,39.8192
128,3940,39.8248
128,3941,39.8310
128,3942,39.8376
128,3943,39.8435
128,3944,39.8497
128,3945,39.8560
128,3946,39.8620
128,3947,39.8675
128,3948,39.8730
128,3949,39.8783
128,3950,39.8852
128,3951,39.8909
128,3952,39.8962
128,3953,39.9025
128,3954,39.9088
128,3955,39.9144
128,3956,39.9201
128,3957,39.9258
128,3958,39.9320
128,3959,39.9372
128,3960,39.9435
128,3961,39.9496
128,3962,39.9560
128,3963,39.9621
128,3964,39.9684
128,3965,39.9747
128,3966,39.9799
128,3967,39.9858
128,3968,39.9920
128,3969,39.9978
128,3970,40.0031
128,3971,40.0091
128,3972,40.0149
128,3973,40.0222
128,3974,40.0270
128,3975,40.0323
128,3976,40.0388
128,3977,40.0440
128,3978,40.0495
128,3979,40.0559
128,3980,40.0618
128,3981,40.0676
128,3982,40.0732
128,3983,40.0787
128,3984,40.0843
128,3985,40.0895
128,3986,40.0964
128,3987,40.1014
128,3988,40.1069
128,3989,40.1123
128,3990,40.1181
128,3991,40.1241
128,3992,40.1296
128,3993,40.1351
128,3994,40.1408
128,3995,40.1470
128,3996,40.1518
128,3997,40.1571
128,3998,40.1631
128,3999,40.1688
128,4000,40.1750
128,4001,40.1811
128,4002,40.1864
128,4003,40.1909
128,4004,40.1962
128,4005,40.2020
128,4006,40.2085
128,4007,40.2138
128,4008,40.2204
128,4009,40.2255
128,4010,40.2320
128,4011,40.2377
128,4012,40.2427
128,4013,40.2491
128,4014,40.2547
128,4015,40.2604
128,4016,40.2656
128,4017,40.2712
128,4018,40.2762
128,4019,40.2825
128,4020,40.2877
128,4021,40.2936
128,4022,40.2998
128,4023,40.3058
128,4024,40.3112
128,4025,40.3175
128,4026,40.3236
128,4027,40.3297
128,4028,40.3362
128,4029,40.3419
128,4030,40.3472
128,4031,40.3534
128,4032,40.3595
128,4033,40.3657
128,4034,40.3715
128,4035,40.3769
128,4036,40.3826
128,4037,40.3883
128,4038,40.3939
128,4039,40.4000
128,4040,40.4065
128,4041,40.4130
128,4042,40.4189
128,4043,40.4249
128,4044,40.4303
128,4045,40.4367
128,4046,40.4431
128,4047,40.4488
128,4048,40.4554
128,4049,40.4611
128,4050,40.4666
128,4051,40.4730
128,4052,40.4785
128,4053,40.4841
128,4054,40.4909
128,4055,40.4965
128,4056,40.5024
128,4057,40.5082
128,4058,40.5140
128,4059,40.5200
128,4060,40.5261
128,4061,40.5322
128,4062,40.5376
128,4063,40.5426
128,4064,40.5491
128,4065,40.5554
128,4066,40.5626
128,4067,40.5680
128,4068,40.5736
128,4069,40.5794
128,4070,40.5851
128,4071,40.5911
128,4072,40.5968
128,4073,40.6025
128,4074,40.6087
128,4075,40.6136
128,4076,40.6189
128,4077,40.6240
128,4078,40.6305
128,4079,40.6365
128,4080,40.6427
128,4081,40.6485
128,4082,40.6537
128,4083,40.6595
128,4084,40.6651
128,4085,40.6704
128,4086,40.6769
128,4087,40.6834
128,4088,40.6890
128,4089,40.6950
128,4090,40.7006
128,4091,40.7068
128,4092,40.7127
128,4093,40.7183
128,4094,40.7238
128,4095,40.7297
128,4096,40.7359
128,4097,40.7417
128,4098,40.7484
128,4099,40.7534
128,4100,40.7597
128,4101,40.7645
128,4102,40.7708
128,4103,40.7775
128,4104,40.7828
128,4105,40.7878
128,4106,40.7939
128,4107,40.7990
128,4108,40.8044
128,4109,40.8102
128,4110,40.8156
128,4111,40.8216
128,4112,40.8276
128,4113,40.8333
128,4114,40.8390
128,4115,40.8451
128,4116,40.8511
128,4117,40.8567
128,4118,40.8628
128,4119,40.8687
128,4120,40.8741
128,4121,40.8802
128,4122,40.8857
128,4123,40.8905
128,4124,40.8958
128,4125,40.9011
128,4126,40.9076
128,4127,40.9136
128,4128,40.9190
128,4129,40.9248
128,4130,40.9306
128,4131,40.9371
128,4132,40.9429
128,4133,40.9482
128,4134,40.9541
128,4135,40.9591
128,4136,40.9652
128,4137,40.9703
128,4138,40.9773
128,4139,40.9833
128,4140,40.9898
128,4141,40.9961
128,4142,41.0026
128,4143,41.0088
128,4144,41.0149
128,4145,41.0210
128,4146,41.0267
128,4147,41.0326
128,4148,41.0379
128,4149,41.0432
128,4150,41.0494
128,4151,41.0554
128,4152,41.0609
128,4153,41.0666
128,4154,41.0726
128,4155,41.0785
128,4156,41.0845
128,4157,41.0905
128,4158,41.0958
128,4159,41.1018
128,4160,41.1070
128,4161,41.1126
128,4162,41.1184
128,4163,41.1241
128,4164,41.1308
128,4165,41.1367
128,4166,41.1434
128,4167,41.1491
128,4168,41.1545
128,4169,41.1607
128,4170,41.1665
128,4171,41.1719
128,4172,41.1777
128,4173,41.1837
128,4174,41.1900
128,4175,41.1957
128,4176,41.2017
128,4177,41.2073
128,4178,41.2135
128,4179,41.2200
128,4180,41.2258
128,4181,41.2317
128,4182,41.2373
128,4183,41.2429
128,4184,41.2484
128,4185,41.2543
128,4186,41.2608
128,4187,41.2665
128,4188,41.2724
128,4189,41.2778
128,4190,41.2833
128,4191,41.2888
128,4192,41.2946
128,4193,41.3004
128,4194,41.3061
128,4195,41.3121
128,4196,41.3179
128,4197,41.3235
128,4198,41.3295
128,4199,41.3359
128,4200,41.3422
128,4201,41.3481
128,4202,41.3535
128,4203,41.3593
128,4204,41.3647
128,4205,41.3715
128,4206,41.3773
128,4207,41.3837
128,4208,41.3895
128,4209,41.3950
128,4210,41.4018
128,4211,41.4081
128,4212,41.4135
128,4213,41.4194
128,4214,41.4251
128,4215,41.4304
128,4216,41.4368
128,4217,41.4422
128,4218,41.4481
128,4219,41.4541
128,4220,41.4605
128,4221,41.4656
128,4222,41.4711
128,4223,41.4767
128,4224,41.4832
128,4225,41.4893
128,4226,41.4953
128,4227,41.5012
128,4228,41.5072
128,4229,41.5136
128,4230,41.5194
128,4231,41.5248
128,4232,41.5302
128,4233,41.5356
128,4234,41.5410
128,4235,41.5471
128,4236,41.5533
128,4237,41.5584
128,4238,41.5635
128,4239,41.5699
128,4240,41.5759
128,4241,41.5815
128,4242,41.5876
128,4243,41.5938
128,4244,41.5998
128,4245,41.6054
128,4246,41.6115
128,4247,41.6175
128,4248,41.6225
128,4249,41.6281
128,4250,41.6337
128,4251,41.6391
128,4252,41.6451
128,4253,41.6506
128,4254,41.6573
128,4255,41.6625
128,4256,41.6682
128,4257,41.6745
128,4258,41.6809
128,4259,41.6855
128,4260,41.6914
128,4261,41.6969
128,4262,41.7033
128,4263,41.7086
128,4264,41.7144
128,4265,41.7204
128,4266,41.7268
128,4267,41.7319
128,4268,41.7379
128,4269,41.7435
128,4270,41.7487
128,4271,41.7542
128,4272,41.7595
128,4273,41.7657
128,4274,41.7711
128,4275,41.7770
128,4276,41.7830
128,4277,41.7885
128,4278,41.7936
128,4279,41.7993
128,4280,41.8053
128,4281,41.8111
128,4282,41.8175
128,4283,41.8238
128,4284,41.8297
128,4285,41.8352
128,4286,41.8406
128,4287,41.8458
128,4288,41.8509
128,4289,41.8566
128,4290,41.8618
128,4291,41.8671
128,4292,41.8715
128,4293,41.8767
128,4294,41.8832
128,4295,41.8893
128,4296,41.8947
128,4297,41.9002
128,4298,41.9058
128,4299,41.9113
128,4300,41.9168
128,4301,41.9223
128,4302,41.9282
128,4303,41.9343
128,4304,41.9398
128,4305,41.9457
128,4306,41.9522
128,4307,41.9580
128,4308,41.9637
128,4309,41.9687
128,4310,41.9744
128,4311,41.9802
128,4312,41.9860
128,4313,41.9911
128,4314,41.9972
128,4315,42.0027
128,4316,42.0082
128,4317,42.0130
128,4318,42.0186
128,4319,42.0248
128,4320,42.0308
128,4321,42.0375
128,4322,42.0433
128,4323,42.0494
128,4324,42.0553
128,4325,42.0609
128,4326,42.0666
128,4327,42.0720
128,4328,42.0785
128,4329,42.0842
128,4330,42.0891
128,4331,42.0942
128,4332,42.1004
128,4333,42.1064
128,4334,42.1121
128,4335,42.1174
128,4336,42.1219
128,4337,42.1268
128,4338,42.1319
128,4339,42.1384
128,4340,42.1440
128,4341,42.1494
128,4342,42.1554
128,4343,42.1624
128,4344,42.1673
128,4345,42.1728
128,4346,42.1781
128,4347,42.1842
128,4348,42.1899
128,4349,42.1951
128,4350,42.2011
128,4351,42.2071
128,4352,42.2127
128,4353,42.2185
128,4354,42.2239
128,4355,42.2296
128,4356,42.2345
128,4357,42.2401
128,4358,42.2455
128,4359,42.2509
128,4360,42.2565
128,4361,42.2628
128,4362,42.2696
128,4363,42.2756
128,4364,42.2808
128,4365,42.2862
128,4366,42.2914
128,4367,42.2974
128,4368,42.3033
128,4369,42.3093
128,4370,42.3148
128,4371,42.3199
128,4372,42.3257
128,4373,42.3309
128,4374,42.3370
128,4375,42.3426
128,4376,42.3487
128,4377,42.3553
128,4378,42.3607
128,4379,42.3663
128,4380,42.3712
128,4381,42.3761
128,4382,42.3816
128,4383,42.3869
128,4384,42.3925
128,4385,42.3975
128,4386,42.4026
128,4387,42.4082
128,4388,42.4136
128,4389,42.4186
128,4390,42.4238
128,4391,42.4294
128,4392,42.4351
128,4393,42.4407
128,4394,42.4465
128,4395,42.4521
128,4396,42.4579
128,4397,42.4626
128,4398,42.4681
128,4399,42.4744
128,4400,42.4795
128,4401,42.4850
128,4402,42.4904
128,4403,42.4962
128,4404,42.5019
128,4405,42.5064
128,4406,42.5122
128,4407,42.5179
128,4408,42.5228
128,4409,42.5287
128,4410,42.5349
128,4411,42.5396
128,4412,42.5441
128,4413,42.5499
128,4414,42.5560
128,4415,42.5609
128,4416,42.5675
128,4417,42.5734
128,4418,42.5794
128,4419,42.5837
128,4420,42.5886
128,4421,42.5942
128,4422,42.5998
128,4423,42.6059
128,4424,42.6114
128,4425,42.6159
128,4426,42.6216
128,4427,42.6265
128,4428,42.6317
128,4429,42.6378
128,4430,42.6433
128,4431,42.6487
128,4432,42.6548
128,4433,42.6604
128,4434,42.6661
128,4435,42.6715
128,4436,42.6768
128,4437,42.6824
128,4438,42.6880
128,4439,42.6940
128,4440,42.6990
128,4441,42.7047
128,4442,42.7113
128,4443,42.7177
128,4444,42.7233
128,4445,42.7285
128,4446,42.7334
128,4447,42.7391
128,4448,42.7440
128,4449,42.7499
128,4450,42.7555
128,4451,42.7614
128,4452,42.7666
128,4453,42.7723
128,4454,42.7777
128,4455,42.7820
128,4456,42.7888
128,4457,42.7943
128,4458,42.8006
128,4459,42.8064
128,4460,42.8115
128,4461,42.8177
128,4462,42.8241
128,4463,42.8300
128,4464,42.8364
128,4465,42.8426
128,4466,42.8486
128,4467,42.8547
128,4468,42.8608
128,4469,42.8663
128,4470,42.8715
128,4471,42.8764
128,4472,42.8821
128,4473,42.8877
128,4474,42.8508
128,4475,42.8566
128,4476,42.8623
128,4477,42.8682
128,4478,42.8742
128,4479,42.8808
128,4480,42.8869
128,4481,42.8919
128,4482,42.8409
128,4483,42.8458
128,4484,42.8505
128,4485,42.8558
128,4486,42.8619
128,4487,42.8678
128,4488,42.8739
128,4489,42.8799
128,4490,42.8858
128,4491,42.8917
128,4492,42.8963
128,4493,42.9012
128,4494,42.9071
128,4495,42.9126
128,4496,42.9187
128,4497,42.9240
128,4498,42.9294
128,4499,42.9348
128,4500,42.9409
128,4501,42.9470
128,4502,42.9522
128,4503,42.8894
128,4504,42.8947
128,4505,42.9003
128,4506,42.9060
128,4507,42.9118
128,4508,42.9173
128,4509,42.9228
128,4510,42.9283
128,4511,42.9347
128,4512,42.9405
128,4513,42.9456
128,4514,42.9512
128,4515,42.9566
128,4516,42.9616
128,4517,42.9009
128,4518,42.9059
128,4519,42.9113
128,4520,42.9170
128,4521,42.9221
128,4522,42.9268
128,4523,42.9324
128,4524,42.9381
128,4525,42.9443
128,4526,42.9501
128,4527,42.9550
128,4528,42.9606
128,4529,42.9660
128,4530,42.9720
128,4531,42.9769
128,4532,42.9822
128,4533,42.9882
128,4534,42.9936
128,4535,42.9986
128,4536,43.0040
128,4537,43.0096
128,4538,43.0154
128,4539,43.0207
128,4540,43.0259
128,4541,43.0309
128,4542,43.0362
128,4543,43.0420
128,4544,43.0469
128,4545,43.0519
128,4546,43.0572
128,4547,43.0627
128,4548,43.0676
128,4549,43.0732
128,4550,43.0785
128,4551,43.0838
128,4552,43.0891
128,4553,43.0942
128,4554,43.1010
128,4555,43.1065
128,4556,43.1131
128,4557,43.1182
128,4558,43.1247
128,4559,43.1303
128,4560,43.1365
128,4561,43.1423
128,4562,43.1486
128,4563,43.1541
128,4564,43.1605
128,4565,43.1662
128,4566,43.1715
128,4567,43.1773
128,4568,43.1822
128,4569,43.1872
128,4570,43.1929
128,4571,43.1985
128,4572,43.2040
128,4573,43.2096
128,4574,43.2157
128,4575,43.2220
128,4576,43.2266
128,4577,43.2323
128,4578,43.2372
128,4579,43.1485
128,4580,43.1536
128,4581,43.1593
128,4582,43.1636
128,4583,43.1692
128,4584,43.1748
128,4585,43.1800
128,4586,43.1859
128,4587,43.1920
128,4588,43.1967
128,4589,43.2018
128,4590,43.2063
128,4591,43.2123
128,4592,43.2170
128,4593,43.2223
128,4594,43.2277
128,4595,43.2328
128,4596,43.2375
128,4597,43.2423
128,4598,43.2486
128,4599,43.2539
128,4600,43.2591
128,4601,43.2650
128,4602,43.2707
128,4603,43.2761
128,4604,43.2816
128,4605,43.2872
128,4606,43.2923
128,4607,43.2970
128,4608,43.3035
128,4609,43.3088
128,4610,43.3157
128,4611,43.3222
128,4612,43.3275
128,4613,43.3327
128,4614,43.3380
128,4615,43.3439
128,4616,43.3487
128,4617,43.3544
128,4618,43.3597
128,4619,43.3653
128,4620,43.3708
128,4621,43.3773
128,4622,43.3825
128,4623,43.3870
128,4624,43.3922
128,4625,43.3976
128,4626,43.4037
128,4627,43.4087
128,4628,43.4143
128,4629,43.3081
128,4630,43.3128
128,4631,43.3179
128,4632,43.3222
128,4633,43.3283
128,4634,43.3336
128,4635,43.3391
128,4636,43.3437
128,4637,43.3486
128,4638,43.3536
128,4639,43.3587
128,4640,43.3638
128,4641,43.3690
128,4642,43.3748
128,4643,43.3801
128,4644,43.3858
128,4645,43.3911
128,4646,43.3964
128,4647,43.4017
128,4648,43.4073
128,4649,43.4117
128,4650,43.4175
128,4651,43.4228
128,4652,43.4280
128,4653,43.4331
128,4654,43.4385
128,4655,43.4445
128,4656,43.4491
128,4657,43.4543
128,4658,43.4595
128,4659,43.4649
128,4660,43.4706
128,4661,43.4765
128,4662,43.4812
128,4663,43.4866
128,4664,43.4927
128,4665,43.4968
128,4666,43.5017
128,4667,43.5071
128,4668,43.5120
128,4669,43.5175
128,4670,43.5231
128,4671,43.5286
128,4672,43.5339
128,4673,43.5389
128,4674,43.5446
128,4675,43.5494
128,4676,43.5557
128,4677,43.5611
128,4678,43.5672
128,4679,43.5720
128,4680,43.5780
128,4681,43.5842
128,4682,43.5907
128,4683,43.5956
128,4684,43.6016
128,4685,43.6072
128,4686,43.6123
128,4687,43.6179
128,4688,43.6237
128,4689,43.6288
128,4690,43.6345
128,4691,43.6408
128,4692,43.5732
128,4693,43.5790
128,4694,43.5838
128,4695,43.5509
128,4696,43.5566
128,4697,43.5618
128,4698,43.5064
128,4699,43.5119
128,4700,43.5173
128,4701,43.5236
128,4702,43.5290
128,4703,43.5351
128,4704,43.5408
128,4705,43.5461
128,4706,43.5515
128,4707,43.5576
128,4708,43.5631
128,4709,43.5674
128,4710,43.5735
128,4711,43.5784
128,4712,43.5833
128,4713,43.5890
128,4714,43.5939
128,4715,43.5988
128,4716,43.6040
128,4717,43.6102
128,4718,43.6158
128,4719,43.6212
128,4720,43.5586
128,4721,43.5629
128,4722,43.5685
128,4723,43.5742
128,4724,43.5810
128,4725,43.5866
128,4726,43.5929
128,4727,43.5973
128,4728,43.6033
128,4729,43.6098
128,4730,43.6151
128,4731,43.6208
128,4732,43.6253
128,4733,43.6295
128,4734,43.5475
128,4735,43.5533
128,4736,43.5578
128,4737,43.5627
128,4738,43.5679
128,4739,43.5730
128,4740,43.5791
128,4741,43.5847
128,4742,43.5892
128,4743,43.5945
128,4744,43.5992
128,4745,43.6052
128,4746,43.6102
128,4747,43.6164
128,4748,43.6216
128,4749,43.6270
128,4750,43.6324
128,4751,43.6376
128,4752,43.6430
128,4753,43.6477
128,4754,43.6531
128,4755,43.6582
128,4756,43.6640
128,4757,43.6699
128,4758,43.6747
128,4759,43.6794
128,4760,43.6842
128,4761,43.6894
128,4762,43.6941
128,4763,43.7000
128,4764,43.7046
128,4765,43.7098
128,4766,43.7154
128,4767,43.7203
128,4768,43.7249
128,4769,43.7308
128,4770,43.7365
128,4771,43.7420
128,4772,43.7477
128,4773,43.7535
128,4774,43.7591
128,4775,43.7644
128,4776,43.7702
128,4777,43.7751
128,4778,43.7805
128,4779,43.7859
128,4780,43.7915
128,4781,43.7972
128,4782,43.8022
128,4783,43.8070
128,4784,43.8035
128,4785,43.8082
128,4786,43.8128
128,4787,43.8175
128,4788,43.8233
128,4789,43.8298
128,4790,43.8343
128,4791,43.8394
128,4792,43.8451
128,4793,43.8506
128,4794,43.8566
128,4795,43.8618
128,4796,43.8669
128,4797,43.8730
128,4798,43.8773
128,4799,43.8820
128,4800,43.8754
128,4801,43.8806
128,4802,43.8866
128,4803,43.8922
128,4804,43.8973
128,4805,43.9027
128,4806,43.9092
128,4807,43.9151
128,4808,43.9204
128,4809,43.9255
128,4810,43.9308
128,4811,43.9366
128,4812,43.9423
128,4813,43.9476
128,4814,43.9532
128,4815,43.9588
128,4816,43.9650
128,4817,43.9699
128,4818,43.9749
128,4819,43.9795
128,4820,43.9662
128,4821,43.9721
128,4822,43.9773
128,4823,43.9818
128,4824,43.9799
128,4825,43.9847
128,4826,43.9738
128,4827,43.9793
128,4828,43.9835
128,4829,43.9888
128,4830,43.9939
128,4831,43.9992
128,4832,43.9827
128,4833,43.9876
128,4834,43.9925
128,4835,43.9977
128,4836,44.0031
128,4837,44.0082
128,4838,44.0136
128,4839,44.0185
128,4840,44.0240
128,4841,44.0299
128,4842,44.0356
128,4843,44.0420
128,4844,44.0478
128,4845,44.0321
128,4846,44.0375
128,4847,44.0429
128,4848,44.0480
128,4849,44.0536
128,4850,44.0597
128,4851,44.0652
128,4852,44.0711
128,4853,44.0749
128,4854,44.0793
128,4855,44.0846
128,4856,44.0895
128,4857,44.0947
128,4858,44.0983
128,4859,44.1029
128,4860,44.1077
128,4861,44.1128
128,4862,44.1033
128,4863,44.1086
128,4864,44.1137
128,4865,44.1129
128,4866,44.1075
128,4867,44.1123
128,4868,44.1173
128,4869,44.1223
128,4870,44.1268
128,4871,44.1325
128,4872,44.1378
128,4873,44.1415
128,4874,44.1457
128,4875,44.1516
128,4876,44.1565
128,4877,44.1623
128,4878,44.1674
128,4879,44.1721
128,4880,44.1781
128,4881,44.1831
128,4882,44.1875
128,4883,44.1925
128,4884,44.1981
128,4885,44.2019
128,4886,44.2074
128,4887,44.2124
128,4888,44.2174
128,4889,44.2235
128,4890,44.1954
128,4891,44.2015
128,4892,44.2069
128,4893,44.2117
128,4894,44.2163
128,4895,44.2218
128,4896,44.2280
128,4897,44.2332
128,4898,44.2369
128,4899,44.2423
128,4900,44.2481
128,4901,44.2525
128,4902,44.2571
128,4903,44.2612
128,4904,44.2671
128,4905,44.2722
128,4906,44.2773
128,4907,44.2829
128,4908,44.2885
128,4909,44.2936
128,4910,44.2979
128,4911,44.3030
128,4912,44.3089
128,4913,44.3133
128,4914,44.3191
128,4915,44.3240
128,4916,44.3291
128,4917,44.3341
128,4918,44.3391
128,4919,44.3443
128,4920,44.3501
128,4921,44.3560
128,4922,44.3615
128,4923,44.3673
128,4924,44.3729
128,4925,44.3780
128,4926,44.3843
128,4927,44.3888
128,4928,44.3949
128,4929,44.4010
128,4930,44.4074
128,4931,44.4127
128,4932,44.4182
128,4933,44.4237
128,4934,44.4290
128,4935,44.4340
128,4936,44.4394
128,4937,44.4430
128,4938,44.4477
128,4939,44.4529
128,4940,44.4588
128,4941,44.4645
128,4942,44.4704
128,4943,44.4755
128,4944,44.4810
128,4945,44.4859
128,4946,44.4737
128,4947,44.4794
128,4948,44.4851
128,4949,44.4908
128,4950,44.4962
128,4951,44.5023
128,4952,44.5073
128,4953,44.5130
128,4954,44.5183
128,4955,44.5235
128,4956,44.5296
128,4957,44.5349
128,4958,44.5395
128,4959,44.5446
128,4960,44.5507
128,4961,44.5549
128,4962,44.5611
128,4963,44.5663
128,4964,44.5707
128,4965,44.5846
128,4966,44.5897
128,4967,44.5950
128,4968,44.6010
128,4969,44.6068
128,4970,44.6120
128,4971,44.6176
128,4972,44.6243
128,4973,44.6297
128,4974,44.6353
128,4975,44.6409
128,4976,44.6460
128,4977,44.6519
128,4978,44.6560
128,4979,44.6608
128,4980,44.6657
128,4981,44.6709
128,4982,44.6758
128,4983,44.6810
128,4984,44.6860
128,4985,44.6900
128,4986,44.6957
128,4987,44.7013
128,4988,44.7063
128,4989,44.7109
128,4990,44.7176
128,4991,44.7224
128,4992,44.7284
128,4993,44.7179
128,4994,44.7229
128,4995,44.7281
128,4996,44.7325
128,4997,44.7266
128,4998,44.7315
128,4999,44.7356
128,5000,44.7418
512,1,0.0000
512,2,0.5000
512,3,0.7051
512,4,0.8569
512,5,1.0052
512,6,1.1049
512,7,1.2108
512,8,1.3109
512,9,1.3985
512,10,1.4874
512,11,1.5759
512,12,1.6600
512,13,1.7314
512,14,1.8215
512,15,1.8870
512,16,1.9509
512,17,2.0102
512,18,2.0891
512,19,2.1430
512,20,2.1883
512,21,2.2480
512,22,2.3040
512,23,2.3666
512,24,2.4168
512,25,2.4743
512,26,2.5175
512,27,2.5731
512,28,2.6241
512,29,2.6728
512,30,2.7118
512,31,2.7540
512,32,2.8070
512,33,2.8469
512,34,2.8914
512,35,2.9306
512,36,2.9665
512,37,3.0045
512,38,3.0420
512,39,3.0743
512,40,3.1145
512,41,3.1531
512,42,3.1908
512,43,3.2293
512,44,3.2695
512,45,3.3092
512,46,3.3407
512,47,3.3779
512,48,3.4201
512,49,3.4550
512,50,3.4867
512,51,3.5225
512,52,3.5582
512,53,3.5886
512,54,3.6262
512,55,3.6625
512,56,3.6930
512,57,3.7222
512,58,3.7550
512,59,3.7897
512,60,3.8224
512,61,3.8545
512,62,3.8870
512,63,3.9162
512,64,3.9475
512,65,3.9751
512,66,4.0038
512,67,4.0373
512,68,4.0700
512,69,4.1018
512,70,4.1273
512,71,4.1553
512,72,4.1865
512,73,4.2151
512,74,4.2453
512,75,4.2680
512,76,4.2975
512,77,4.3271
512,78,4.3548
512,79,4.3839
512,80,4.4139
512,81,4.4391
512,82,4.4700
512,83,4.4956
512,84,4.5215
512,85,4.5460
512,86,4.5747
512,87,4.5991
512,88,4.6260
512,89,4.6486
512,90,4.6777
512,91,4.7047
512,92,4.7279
512,93,4.7559
512,94,4.7828
512,95,4.8069
512,96,4.8358
512,97,4.8588
512,98,4.8859
512,99,4.9130
512,100,4.9383
512,101,4.9610
512,102,4.9844
512,103,5.0089
512,104,5.0331
512,105,5.0573
512,106,5.0814
512,107,5.1032
512,108,5.1276
512,109,5.1525
512,110,5.1746
512,111,5.1947
512,112,5.2187
512,113,5.2410
512,114,5.2643
512,115,5.2861
512,116,5.3074
512,117,5.3318
512,118,5.3529
512,119,5.3755
512,120,5.3978
512,121,5.4215
512,122,5.4413
512,123,5.4640
512,124,5.4833
512,125,5.5046
512,126,5.5263
512,127,5.5447
512,128,5.5633
512,129,5.5863
512,130,5.6054
512,131,5.6270
512,132,5.6481
512,133,5.6684
512,134,5.6914
512,135,5.7094
512,136,5.7304
512,137,5.7510
512,138,5.7712
512,139,5.7903
512,140,5.8096
512,141,5.8301
512,142,5.8479
512,143,5.8655
512,144,5.8838
512,145,5.9064
512,146,5.9276
512,147,5.9459
512,148,5.9675
512,149,5.9894
512,150,6.0102
512,151,6.0288
512,152,6.0494
512,153,6.0709
512,154,6.0906
512,155,6.1101
512,156,6.1327
512,157,6.1528
512,158,6.1730
512,159,6.1896
512,160,6.2065
512,161,6.2263
512,162,6.2435
512,163,6.2637
512,164,6.2819
512,165,6.3018
512,166,6.3221
512,167,6.3412
512,168,6.3600
512,169,6.3778
512,170,6.3956
512,171,6.4139
512,172,6.4338
512,173,6.4544
512,174,6.4721
512,175,6.4907
512,176,6.5099
512,177,6.5281
512,178,6.5459
512,179,6.5644
512,180,6.5827
512,181,6.6011
512,182,6.6206
512,183,6.6378
512,184,6.6546
512,185,6.6709
512,186,6.6895
512,187,6.7073
512,188,6.7256
512,189,6.7452
512,190,6.7640
512,191,6.7826
512,192,6.8001
512,193,6.8158
512,194,6.8341
512,195,6.8516
512,196,6.8691
512,197,6.8869
512,198,6.9020
512,199,6.9196
512,200,6.9370
512,201,6.9554
512,202,6.9733
512,203,6.9908
512,204,7.0078
512,205,7.0241
512,206,7.0405
512,207,7.0558
512,208,7.0709
512,209,7.0882
512,210,7.1076
512,211,7.1261
512,212,7.1433
512,213,7.1596
512,214,7.1781
512,215,7.1932
512,216,7.2095
512,217,7.2255
512,218,7.2421
512,219,7.2598
512,220,7.2761
512,221,7.2929
512,222,7.3114
512,223,7.3281
512,224,7.3446
512,225,7.3609
512,226,7.3771
512,227,7.3952
512,228,7.4122
512,229,7.4304
512,230,7.4461
512,231,7.4618
512,232,7.4778
512,233,7.4929
512,234,7.5099
512,235,7.5259
512,236,7.5414
512,237,7.5569
512,238,7.5720
512,239,7.5875
512,240,7.6057
512,241,7.6213
512,242,7.6348
512,243,7.6494
512,244,7.6642
512,245,7.6813
512,246,7.6960
512,247,7.7098
512,248,7.7243
512,249,7.7406
512,250,7.7558
512,251,7.7730
512,252,7.7896
512,253,7.8041
512,254,7.8194
512,255,7.8351
512,256,7.8519
512,257,7.8667
512,258,7.8823
512,259,7.8985
512,260,7.9133
512,261,7.9274
512,262,7.9434
512,263,7.9583
512,264,7.9725
512,265,7.9888
512,266,8.0043
512,267,8.0195
512,268,8.0348
512,269,8.0511
512,270,8.0664
512,271,8.0815
512,272,8.0961
512,273,8.1110
512,274,8.1243
512,275,8.1384
512,276,8.1519
512,277,8.1665
512,278,8.1805
512,279,8.1947
512,280,8.2099
512,281,8.2251
512,282,8.2391
512,283,8.2537
512,284,8.2686
512,285,8.2824
512,286,8.2966
512,287,8.3097
512,288,8.3246
512,289,8.3381
512,290,8.3498
512,291,8.3642
512,292,8.3789
512,293,8.3929
512,294,8.4075
512,295,8.4217
512,296,8.4366
512,297,8.4515
512,298,8.4667
512,299,8.4837
512,300,8.4984
512,301,8.5116
512,302,8.5249
512,303,8.5387
512,304,8.5523
512,305,8.5661
512,306,8.5799
512,307,8.5931
512,308,8.6088
512,309,8.6220
512,310,8.6369
512,311,8.6496
512,312,8.6632
512,313,8.6780
512,314,8.6933
512,315,8.7068
512,316,8.7215
512,317,8.7351
512,318,8.7505
512,319,8.7642
512,320,8.7779
512,321,8.7921
512,322,8.8051
512,323,8.8185
512,324,8.8330
512,325,8.8457
512,326,8.8581
512,327,8.8708
512,328,8.8827
512,329,8.8973
512,330,8.9096
512,331,8.9228
512,332,8.9370
512,333,8.9513
512,334,8.9649
512,335,8.9777
512,336,8.9900
512,337,9.0019
512,338,9.0157
512,339,9.0300
512,340,9.0417
512,341,9.0549
512,342,9.0686
512,343,9.0809
512,344,9.0932
512,345,9.1058
512,346,9.1188
512,347,9.1326
512,348,9.1454
512,349,9.1587
512,350,9.1739
512,351,9.1867
512,352,9.2003
512,353,9.2133
512,354,9.2267
512,355,9.2391
512,356,9.2508
512,357,9.2635
512,358,9.2762
512,359,9.2900
512,360,9.3034
512,361,9.3159
512,362,9.3290
512,363,9.3416
512,364,9.3574
512,365,9.3712
512,366,9.3849
512,367,9.3973
512,368,9.4089
512,369,9.4202
512,370,9.4328
512,371,9.4450
512,372,9.4571
512,373,9.4702
512,374,9.4833
512,375,9.4958
512,376,9.5080
512,377,9.5206
512,378,9.5318
512,379,9.5458
512,380,9.5574
512,381,9.5710
512,382,9.5833
512,383,9.5967
512,384,9.6101
512,385,9.6212
512,386,9.6338
512,387,9.6461
512,388,9.6596
512,389,9.6727
512,390,9.6855
512,391,9.6986
512,392,9.7103
512,393,9.7236
512,394,9.7371
512,395,9.7498
512,396,9.7619
512,397,9.7748
512,398,9.7879
512,399,9.8023
512,400,9.8127
512,401,9.8239
512,402,9.8370
512,403,9.8504
512,404,9.8631
512,405,9.8762
512,406,9.8873
512,407,9.9000
512,408,9.9121
512,409,9.9237
512,410,9.9359
512,411,9.9477
512,412,9.9603
512,413,9.9730
512,414,9.9840
512,415,9.9967
512,416,10.0102
512,417,10.0221
512,418,10.0342
512,419,10.0464
512,420,10.0595
512,421,10.0717
512,422,10.0831
512,423,10.0954
512,424,10.1068
512,425,10.1182
512,426,10.1307
512,427,10.1412
512,428,10.1535
512,429,10.1669
512,430,10.1785
512,431,10.1902
512,432,10.2034
512,433,10.2154
512,434,10.2276
512,435,10.2393
512,436,10.2507
512,437,10.2610
512,438,10.2733
512,439,10.2847
512,440,10.2968
512,441,10.3084
512,442,10.3210
512,443,10.3320
512,444,10.3433
512,445,10.3554
512,446,10.3682
512,447,10.3805
512,448,10.3929
512,449,10.4054
512,450,10.4167
512,451,10.4299
512,452,10.4403
512,453,10.4517
512,454,10.4636
512,455,10.4741
512,456,10.4856
512,457,10.4967
512,458,10.5070
512,459,10.5189
512,460,10.5309
512,461,10.5426
512,462,10.5546
512,463,10.5659
512,464,10.5774
512,465,10.5894
512,466,10.6001
512,467,10.6117
512,468,10.6227
512,469,10.6345
512,470,10.6454
512,471,10.6553
512,472,10.6678
512,473,10.6798
512,474,10.6900
512,475,10.7012
512,476,10.7127
512,477,10.7245
512,478,10.7345
512,479,10.7457
512,480,10.7569
512,481,10.7685
512,482,10.7799
512,483,10.7914
512,484,10.8032
512,485,10.8120
512,486,10.8237
512,487,10.8352
512,488,10.8473
512,489,10.8581
512,490,10.8693
512,491,10.8814
512,492,10.8920
512,493,10.9052
512,494,10.9163
512,495,10.9283
512,496,10.9387
512,497,10.9497
512,498,10.9604
512,499,10.9716
512,500,10.9827
512,501,10.9935
512,502,11.0041
512,503,11.0161
512,504,11.0254
512,505,11.0388
512,506,11.0500
512,507,11.0614
512,508,11.0725
512,509,11.0839
512,510,11.0959
512,511,11.1069
512,512,11.1179
512,513,11.1280
512,514,11.1382
512,515,11.1493
512,516,11.1607
512,517,11.1720
512,518,11.1829
512,519,11.1937
512,520,11.2046
512,521,11.2148
512,522,11.2256
512,523,11.2362
512,524,11.2492
512,525,11.2589
512,526,11.2696
512,527,11.2808
512,528,11.2901
512,529,11.3016
512,530,11.3134
512,531,11.3248
512,532,11.3362
512,533,11.3478
512,534,11.3584
512,535,11.3702
512,536,11.3811
512,537,11.3913
512,538,11.4014
512,539,11.4133
512,540,11.4250
512,541,11.4347
512,542,11.4460
512,543,11.4554
512,544,11.4655
512,545,11.4761
512,546,11.4880
512,547,11.4983
512,548,11.5089
512,549,11.5207
512,550,11.5313
512,551,11.5424
512,552,11.5532
512,553,11.5640
512,554,11.5749
512,555,11.5865
512,556,11.5976
512,557,11.6076
512,558,11.6189
512,559,11.6295
512,560,11.6395
512,561,11.6508
512,562,11.6613
512,563,11.6719
512,564,11.6820
512,565,11.6911
512,566,11.7019
512,567,11.7116
512,568,11.7233
512,569,11.7332
512,570,11.7443
512,571,11.7564
512,572,11.7672
512,573,11.7777
512,574,11.7887
512,575,11.8001
512,576,11.8108
512,577,11.8227
512,578,11.8328
512,579,11.8435
512,580,11.8534
512,581,11.8648
512,582,11.8754
512,583,11.8860
512,584,11.8964
512,585,11.9071
512,586,11.9175
512,587,11.9273
512,588,11.9392
512,589,11.9493
512,590,11.9598
512,591,11.9702
512,592,11.9814
512,593,11.9909
512,594,12.0015
512,595,12.0114
512,596,12.0218
512,597,12.0320
512,598,12.0423
512,599,12.0539
512,600,12.0644
512,601,12.0745
512,602,12.0842
512,603,12.0946
512,604,12.1054
512,605,12.1144
512,606,12.1250
512,607,12.1350
512,608,12.1450
512,609,12.1544
512,610,12.1648
512,611,12.1745
512,612,12.1855
512,613,12.1961
512,614,12.2064
512,615,12.2163
512,616,12.2256
512,617,12.2359
512,618,12.2455
512,619,12.2555
512,620,12.2666
512,621,12.2765
512,622,12.2873
512,623,12.2969
512,624,12.3067
512,625,12.3178
512,626,12.3283
512,627,12.3394
512,628,12.3487
512,629,12.3584
512,630,12.3680
512,631,12.3777
512,632,12.3874
512,633,12.3978
512,634,12.4074
512,635,12.4167
512,636,12.4263
512,637,12.4363
512,638,12.4468
512,639,12.4568
512,640,12.4667
512,641,12.4757
512,642,12.4863
512,643,12.4969
512,644,12.5072
512,645,12.5179
512,646,12.5276
512,647,12.5375
512,648,12.5469
512,649,12.5572
512,650,12.5672
512,651,12.5775
512,652,12.5877
512,653,12.5971
512,654,12.6079
512,655,12.6182
512,656,12.6284
512,657,12.6386
512,658,12.6478
512,659,12.6572
512,660,12.6668
512,661,12.6771
512,662,12.6871
512,663,12.6975
512,664,12.7075
512,665,12.7162
512,666,12.7263
512,667,12.7349
512,668,12.7450
512,669,12.7557
512,670,12.7653
512,671,12.7747
512,672,12.7844
512,673,12.7947
512,674,12.8051
512,675,12.8141
512,676,12.8245
512,677,12.8336
512,678,12.8436
512,679,12.8536
512,680,12.8629
512,681,12.8722
512,682,12.8821
512,683,12.8912
512,684,12.9015
512,685,12.9111
512,686,12.9211
512,687,12.9310
512,688,12.9410
512,689,12.9506
512,690,12.9603
512,691,12.9706
512,692,12.9802
512,693,12.9897
512,694,12.9993
512,695,13.0099
512,696,13.0205
512,697,13.0298
512,698,13.0393
512,699,13.0494
512,700,13.0595
512,701,13.0683
512,702,13.0784
512,703,13.0881
512,704,13.0975
512,705,13.1081
512,706,13.1181
512,707,13.1281
512,708,13.1371
512,709,13.1460
512,710,13.1551
512,711,13.1646
512,712,13.1747
512,713,13.1846
512,714,13.1936
512,715,13.2030
512,716,13.2123
512,717,13.2215
512,718,13.2309
512,719,13.2400
512,720,13.2499
512,721,13.2597
512,722,13.2686
512,723,13.2788
512,724,13.2883
512,725,13.2970
512,726,13.3052
512,727,13.3155
512,728,13.3246
512,729,13.3345
512,730,13.3448
512,731,13.3531
512,732,13.3624
512,733,13.3724
512,734,13.3823
512,735,13.3919
512,736,13.4014
512,737,13.4101
512,738,13.4198
512,739,13.4295
512,740,13.4389
512,741,13.4487
512,742,13.4584
512,743,13.4666
512,744,13.4760
512,745,13.4855
512,746,13.4942
512,747,13.5030
512,748,13.5123
512,749,13.5213
512,750,13.5312
512,751,13.5414
512,752,13.5517
512,753,13.5609
512,754,13.5715
512,755,13.5801
512,756,13.5897
512,757,13.5994
512,758,13.6082
512,759,13.6168
512,760,13.6256
512,761,13.6348
512,762,13.6441
512,763,13.6530
512,764,13.6624
512,765,13.6714
512,766,13.6801
512,767,13.6885
512,768,13.6970
512,769,13.7063
512,770,13.7151
512,771,13.7237
512,772,13.7330
512,773,13.7422
512,774,13.7513
512,775,13.7608
512,776,13.7686
512,777,13.7777
512,778,13.7859
512,779,13.7948
512,780,13.8031
512,781,13.8119
512,782,13.8196
512,783,13.8271
512,784,13.8358
512,785,13.8455
512,786,13.8550
512,787,13.8636
512,788,13.8733
512,789,13.8819
512,790,13.8909
512,791,13.9001
512,792,13.9101
512,793,13.9183
512,794,13.9273
512,795,13.9368
512,796,13.9463
512,797,13.9563
512,798,13.9655
512,799,13.9753
512,800,13.9850
512,801,13.9936
512,802,14.0033
512,803,14.0110
512,804,14.0205
512,805,14.0297
512,806,14.0380
512,807,14.0458
512,808,14.0549
512,809,14.0630
512,810,14.0716
512,811,14.0797
512,812,14.0893
512,813,14.0985
512,814,14.1072
512,815,14.1165
512,816,14.1246
512,817,14.1341
512,818,14.1423
512,819,14.1515
512,820,14.1604
512,821,14.1695
512,822,14.1791
512,823,14.1879
512,824,14.1962
512,825,14.2055
512,826,14.2146
512,827,14.2231
512,828,14.2327
512,829,14.2414
512,830,14.2508
512,831,14.2597
512,832,14.2678
512,833,14.2754
512,834,14.2844
512,835,14.2943
512,836,14.3037
512,837,14.3140
512,838,14.3229
512,839,14.3312
512,840,14.3397
512,841,14.3492
512,842,14.3572
512,843,14.3660
512,844,14.3737
512,845,14.3811
512,846,14.3897
512,847,14.3982
512,848,14.4063
512,849,14.4146
512,850,14.4227
512,851,14.4309
512,852,14.4398
512,853,14.4491
512,854,14.4574
512,855,14.4663
512,856,14.4751
512,857,14.4839
512,858,14.4926
512,859,14.5008
512,860,14.5100
512,861,14.5185
512,862,14.5270
512,863,14.5356
512,864,14.5449
512,865,14.5545
512,866,14.5631
512,867,14.5713
512,868,14.5790
512,869,14.5880
512,870,14.5964
512,871,14.6045
512,872,14.6130
512,873,14.6225
512,874,14.6301
512,875,14.6391
512,876,14.6476
512,877,14.6552
512,878,14.6637
512,879,14.6721
512,880,14.6804
512,881,14.6899
512,882,14.6984
512,883,14.7074
512,884,14.7164
512,885,14.7255
512,886,14.7336
512,887,14.7425
512,888,14.7505
512,889,14.7594
512,890,14.7688
512,891,14.7770
512,892,14.7848
512,893,14.7946
512,894,14.8036
512,895,14.8128
512,896,14.8213
512,897,14.8300
512,898,14.8382
512,899,14.8458
512,900,14.8545
512,901,14.8632
512,902,14.8724
512,903,14.8814
512,904,14.8907
512,905,14.8979
512,906,14.9070
512,907,14.9154
512,908,14.9245
512,909,14.9339
512,910,14.9419
512,911,14.9505
512,912,14.9601
512,913,14.9690
512,914,14.9775
512,915,14.9867
512,916,14.9947
512,917,15.0032
512,918,15.0117
512,919,15.0210
512,920,15.0290
512,921,15.0365
512,922,15.0454
512,923,15.0536
512,924,15.0625
512,925,15.0711
512,926,15.0802
512,927,15.0877
512,928,15.0964
512,929,15.1049
512,930,15.1141
512,931,15.1229
512,932,15.1315
512,933,15.1400
512,934,15.1488
512,935,15.1579
512,936,15.1660
512,937,15.1747
512,938,15.1838
512,939,15.1926
512,940,15.2005
512,941,15.2083
512,942,15.2167
512,943,15.2260
512,944,15.2338
512,945,15.2419
512,946,15.2504
512,947,15.2590
512,948,15.2670
512,949,15.2749
512,950,15.2843
512,951,15.2931
512,952,15.3010
512,953,15.3103
512,954,15.3181
512,955,15.3264
512,956,15.3340
512,957,15.3420
512,958,15.3508
512,959,15.3596
512,960,15.3691
512,961,15.3771
512,962,15.3859
512,963,15.3945
512,964,15.4033
512,965,15.4116
512,966,15.4212
512,967,15.4298
512,968,15.4360
512,969,15.4438
512,970,15.4520
512,971,15.4604
512,972,15.4692
512,973,15.4771
512,974,15.4852
512,975,15.4943
512,976,15.5022
512,977,15.5103
512,978,15.5185
512,979,15.5276
512,980,15.5364
512,981,15.5440
512,982,15.5520
512,983,15.5599
512,984,15.5675
512,985,15.5759
512,986,15.5843
512,987,15.5918
512,988,15.5996
512,989,15.6076
512,990,15.6154
512,991,15.6233
512,992,15.6322
512,993,15.6414
512,994,15.6502
512,995,15.6582
512,996,15.6665
512,997,15.6749
512,998,15.6842
512,999,15.6922
512,1000,15.7008
512,1001,15.7092
512,1002,15.7166
512,1003,15.7250
512,1004,15.7329
512,1005,15.7422
512,1006,15.7502
512,1007,15.7592
512,1008,15.7679
512,1009,15.7755
512,1010,15.7838
512,1011,15.7924
512,1012,15.7999
512,1013,15.8083
512,1014,15.8174
512,1015,15.8263
512,1016,15.8350
512,1017,15.8430
512,1018,15.8520
512,1019,15.8601
512,1020,15.8683
512,1021,15.8761
512,1022,15.8852
512,1023,15.8936
512,1024,15.9020
512,1025,15.9100
512,1026,15.9181
512,1027,15.9258
512,1028,15.9344
512,1029,15.9422
512,1030,15.9492
512,1031,15.9575
512,1032,15.9654
512,1033,15.9738
512,1034,15.9817
512,1035,15.9899
512,1036,15.9989
512,1037,16.0066
512,1038,16.0149
512,1039,16.0229
512,1040,16.0314
512,1041,16.0392
512,1042,16.0468
512,1043,16.0556
512,1044,16.0635
512,1045,16.0719
512,1046,16.0793
512,1047,16.0865
512,1048,16.0943
512,1049,16.1018
512,1050,16.1093
512,1051,16.1174
512,1052,16.1264
512,1053,16.1341
512,1054,16.1425
512,1055,16.1509
512,1056,16.1596
512,1057,16.1673
512,1058,16.1752
512,1059,16.1831
512,1060,16.1899
512,1061,16.1982
512,1062,16.2065
512,1063,16.2148
512,1064,16.2227
512,1065,16.2308
512,1066,16.2383
512,1067,16.2458
512,1068,16.2543
512,1069,16.2620
512,1070,16.2703
512,1071,16.2788
512,1072,16.2871
512,1073,16.2944
512,1074,16.3022
512,1075,16.3103
512,1076,16.3179
512,1077,16.3262
512,1078,16.3338
512,1079,16.3416
512,1080,16.3501
512,1081,16.3576
512,1082,16.3664
512,1083,16.3743
512,1084,16.3830
512,1085,16.3905
512,1086,16.3986
512,1087,16.4063
512,1088,16.4148
512,1089,16.4219
512,1090,16.4306
512,1091,16.4392
512,1092,16.4469
512,1093,16.4553
512,1094,16.4636
512,1095,16.4713
512,1096,16.4785
512,1097,16.4870
512,1098,16.4942
512,1099,16.5026
512,1100,16.5107
512,1101,16.5200
512,1102,16.5284
512,1103,16.5363
512,1104,16.5435
512,1105,16.5515
512,1106,16.5589
512,1107,16.5674
512,1108,16.5763
512,1109,16.5838
512,1110,16.5914
512,1111,16.5987
512,1112,16.6067
512,1113,16.6141
512,1114,16.6213
512,1115,16.6299
512,1116,16.6373
512,1117,16.6454
512,1118,16.6531
512,1119,16.6617
512,1120,16.6697
512,1121,16.6776
512,1122,16.6856
512,1123,16.6941
512,1124,16.7021
512,1125,16.7101
512,1126,16.7177
512,1127,16.7255
512,1128,16.7326
512,1129,16.7398
512,1130,16.7476
512,1131,16.7559
512,1132,16.7632
512,1133,16.7712
512,1134,16.7781
512,1135,16.7860
512,1136,16.7937
512,1137,16.8017
512,1138,16.8094
512,1139,16.8174
512,1140,16.8253
512,1141,16.8332
512,1142,16.8408
512,1143,16.8486
512,1144,16.8564
512,1145,16.8645
512,1146,16.8725
512,1147,16.8805
512,1148,16.8876
512,1149,16.8955
512,1150,16.9026
512,1151,16.9106
512,1152,16.9181
512,1153,16.9266
512,1154,16.9353
512,1155,16.9433
512,1156,16.9517
512,1157,16.9589
512,1158,16.9679
512,1159,16.9754
512,1160,16.9843
512,1161,16.9925
512,1162,16.9987
512,1163,17.0060
512,1164,17.0132
512,1165,17.0221
512,1166,17.0295
512,1167,17.0380
512,1168,17.0458
512,1169,17.0537
512,1170,17.0616
512,1171,17.0693
512,1172,17.0787
512,1173,17.0873
512,1174,17.0955
512,1175,17.1034
512,1176,17.1108
512,1177,17.1187
512,1178,17.1265
512,1179,17.1335
512,1180,17.1398
512,1181,17.1480
512,1182,17.1555
512,1183,17.1638
512,1184,17.1718
512,1185,17.1800
512,1186,17.1883
512,1187,17.1959
512,1188,17.2038
512,1189,17.2110
512,1190,17.2189
512,1191,17.2269
512,1192,17.2341
512,1193,17.2417
512,1194,17.2492
512,1195,17.2564
512,1196,17.2645
512,1197,17.2732
512,1198,17.2805
512,1199,17.2885
512,1200,17.2959
512,1201,17.3037
512,1202,17.3108
512,1203,17.3186
512,1204,17.3262
512,1205,17.3340
512,1206,17.3416
512,1207,17.3492
512,1208,17.3567
512,1209,17.3649
512,1210,17.3729
512,1211,17.3809
512,1212,17.3894
512,1213,17.3979
512,1214,17.4056
512,1215,17.4132
512,1216,17.4212
512,1217,17.4298
512,1218,17.4379
512,1219,17.4455
512,1220,17.4530
512,1221,17.4619
512,1222,17.4705
512,1223,17.4790
512,1224,17.4859
512,1225,17.4932
512,1226,17.5014
512,1227,17.5094
512,1228,17.5164
512,1229,17.5237
512,1230,17.5326
512,1231,17.5399
512,1232,17.5480
512,1233,17.5558
512,1234,17.5640
512,1235,17.5710
512,1236,17.5780
512,1237,17.5857
512,1238,17.5926
512,1239,17.6012
512,1240,17.6078
512,1241,17.6157
512,1242,17.6233
512,1243,17.6320
512,1244,17.6388
512,1245,17.6472
512,1246,17.6548
512,1247,17.6611
512,1248,17.6685
512,1249,17.6761
512,1250,17.6843
512,1251,17.6916
512,1252,17.6988
512,1253,17.7052
512,1254,17.7127
512,1255,17.7214
512,1256,17.7294
512,1257,17.7366
512,1258,17.7445
512,1259,17.7507
512,1260,17.7584
512,1261,17.7655
512,1262,17.7736
512,1263,17.7813
512,1264,17.7881
512,1265,17.7959
512,1266,17.8035
512,1267,17.8114
512,1268,17.8192
512,1269,17.8267
512,1270,17.8345
512,1271,17.8410
512,1272,17.8483
512,1273,17.8562
512,1274,17.8633
512,1275,17.8694
512,1276,17.8780
512,1277,17.8852
512,1278,17.8922
512,1279,17.8998
512,1280,17.9071
512,1281,17.9140
512,1282,17.9211
512,1283,17.9283
512,1284,17.9362
512,1285,17.9431
512,1286,17.9513
512,1287,17.9590
512,1288,17.9668
512,1289,17.9736
512,1290,17.9813
512,1291,17.9886
512,1292,17.9965
512,1293,18.0048
512,1294,18.0114
512,1295,18.0193
512,1296,18.0260
512,1297,18.0336
512,1298,18.0405
512,1299,18.0481
512,1300,18.0564
512,1301,18.0643
512,1302,18.0721
512,1303,18.0800
512,1304,18.0875
512,1305,18.0949
512,1306,18.1027
512,1307,18.1101
512,1308,18.1167
512,1309,18.1238
512,1310,18.1305
512,1311,18.1381
512,1312,18.1446
512,1313,18.1521
512,1314,18.1595
512,1315,18.1667
512,1316,18.1743
512,1317,18.1817
512,1318,18.1894
512,1319,18.1970
512,1320,18.2039
512,1321,18.2112
512,1322,18.2186
512,1323,18.2252
512,1324,18.2328
512,1325,18.2400
512,1326,18.2477
512,1327,18.2551
512,1328,18.2631
512,1329,18.2702
512,1330,18.2776
512,1331,18.2851
512,1332,18.2923
512,1333,18.3001
512,1334,18.3065
512,1335,18.3134
512,1336,18.3207
512,1337,18.3281
512,1338,18.3355
512,1339,18.3434
512,1340,18.3504
512,1341,18.3572
512,1342,18.3638
512,1343,18.3708
512,1344,18.3788
512,1345,18.3859
512,1346,18.3938
512,1347,18.4016
512,1348,18.4088
512,1349,18.4164
512,1350,18.4238
512,1351,18.4314
512,1352,18.4381
512,1353,18.4462
512,1354,18.4542
512,1355,18.4625
512,1356,18.4696
512,1357,18.4770
512,1358,18.4839
512,1359,18.4912
512,1360,18.4978
512,1361,18.5052
512,1362,18.5125
512,1363,18.5204
512,1364,18.5271
512,1365,18.5344
512,1366,18.5419
512,1367,18.5495
512,1368,18.5569
512,1369,18.5636
512,1370,18.5704
512,1371,18.5783
512,1372,18.5858
512,1373,18.5933
512,1374,18.6013
512,1375,18.6085
512,1376,18.6159
512,1377,18.6231
512,1378,18.6302
512,1379,18.6386
512,1380,18.6460
512,1381,18.6540
512,1382,18.6606
512,1383,18.6687
512,1384,18.6748
512,1385,18.6827
512,1386,18.6894
512,1387,18.6969
512,1388,18.7042
512,1389,18.7115
512,1390,18.7177
512,1391,18.7242
512,1392,18.7311
512,1393,18.7387
512,1394,18.7458
512,1395,18.7532
512,1396,18.7607
512,1397,18.7685
512,1398,18.7757
512,1399,18.7834
512,1400,18.7916
512,1401,18.7985
512,1402,18.8065
512,1403,18.8139
512,1404,18.8202
512,1405,18.8270
512,1406,18.8343
512,1407,18.8415
512,1408,18.8497
512,1409,18.8567
512,1410,18.8641
512,1411,18.8720
512,1412,18.8795
512,1413,18.8864
512,1414,18.8938
512,1415,18.9011
512,1416,18.9074
512,1417,18.9150
512,1418,18.9211
512,1419,18.9280
512,1420,18.9343
512,1421,18.9418
512,1422,18.9499
512,1423,18.9570
512,1424,18.9638
512,1425,18.9704
512,1426,18.9776
512,1427,18.9852
512,1428,18.9924
512,1429,18.9995
512,1430,19.0063
512,1431,19.0134
512,1432,19.0213
512,1433,19.0279
512,1434,19.0347
512,1435,19.0420
512,1436,19.0492
512,1437,19.0560
512,1438,19.0625
512,1439,19.0693
512,1440,19.0772
512,1441,19.0855
512,1442,19.0935
512,1443,19.1015
512,1444,19.1084
512,1445,19.1155
512,1446,19.1233
512,1447,19.1306
512,1448,19.1382
512,1449,19.1450
512,1450,19.1521
512,1451,19.1596
512,1452,19.1661
512,1453,19.1739
512,1454,19.1814
512,1455,19.1880
512,1456,19.1952
512,1457,19.2030
512,1458,19.2101
512,1459,19.2171
512,1460,19.2255
512,1461,19.2326
512,1462,19.2389
512,1463,19.2466
512,1464,19.2543
512,1465,19.2613
512,1466,19.2680
512,1467,19.2753
512,1468,19.2823
512,1469,19.2895
512,1470,19.2970
512,1471,19.3050
512,1472,19.3122
512,1473,19.3199
512,1474,19.3276
512,1475,19.3348
512,1476,19.3428
512,1477,19.3499
512,1478,19.3570
512,1479,19.3638
512,1480,19.3708
512,1481,19.3780
512,1482,19.3849
512,1483,19.3928
512,1484,19.3998
512,1485,19.4068
512,1486,19.4134
512,1487,19.4202
512,1488,19.4270
512,1489,19.4349
512,1490,19.4418
512,1491,19.4481
512,1492,19.4548
512,1493,19.4616
512,1494,19.4686
512,1495,19.4754
512,1496,19.4822
512,1497,19.4888
512,1498,19.4958
512,1499,19.5035
512,1500,19.5108
512,1501,19.5183
512,1502,19.5259
512,1503,19.5336
512,1504,19.5409
512,1505,19.5478
512,1506,19.5549
512,1507,19.5615
512,1508,19.5684
512,1509,19.5755
512,1510,19.5825
512,1511,19.5897
512,1512,19.5966
512,1513,19.6036
512,1514,19.6108
512,1515,19.6186
512,1516,19.6250
512,1517,19.6329
512,1518,19.6398
512,1519,19.6472
512,1520,19.6542
512,1521,19.6612
512,1522,19.6678
512,1523,19.6750
512,1524,19.6832
512,1525,19.6904
512,1526,19.6980
512,1527,19.7053
512,1528,19.7116
512,1529,19.7188
512,1530,19.7264
512,1531,19.7333
512,1532,19.7407
512,1533,19.7480
512,1534,19.7549
512,1535,19.7617
512,1536,19.7688
512,1537,19.7752
512,1538,19.7818
512,1539,19.7887
512,1540,19.7955
512,1541,19.8026
512,1542,19.8092
512,1543,19.8169
512,1544,19.8232
512,1545,19.8299
512,1546,19.8368
512,1547,19.8435
512,1548,19.8498
512,1549,19.8565
512,1550,19.8633
512,1551,19.8704
512,1552,19.8777
512,1553,19.8840
512,1554,19.8918
512,1555,19.8985
512,1556,19.9063
512,1557,19.9129
512,1558,19.9195
512,1559,19.9254
512,1560,19.9326
512,1561,19.9399
512,1562,19.9465
512,1563,19.9540
512,1564,19.9607
512,1565,19.9681
512,1566,19.9748
512,1567,19.9810
512,1568,19.9882
512,1569,19.9958
512,1570,20.0023
512,1571,20.0099
512,1572,20.0170
512,1573,20.0245
512,1574,20.0313
512,1575,20.0390
512,1576,20.0458
512,1577,20.0535
512,1578,20.0604
512,1579,20.0668
512,1580,20.0737
512,1581,20.0805
512,1582,20.0871
512,1583,20.0940
512,1584,20.1009
512,1585,20.1080
512,1586,20.1147
512,1587,20.1215
512,1588,20.1274
512,1589,20.1344
512,1590,20.1412
512,1591,20.1478
512,1592,20.1532
512,1593,20.1610
512,1594,20.1675
512,1595,20.1741
512,1596,20.1813
512,1597,20.1893
512,1598,20.1969
512,1599,20.2035
512,1600,20.2101
512,1601,20.2162
512,1602,20.2211
512,1603,20.2290
512,1604,20.2356
512,1605,20.2425
512,1606,20.2498
512,1607,20.2568
512,1608,20.2638
512,1609,20.2703
512,1610,20.2778
512,1611,20.2843
512,1612,20.2911
512,1613,20.2982
512,1614,20.3050
512,1615,20.3118
512,1616,20.3187
512,1617,20.3265
512,1618,20.3326
512,1619,20.3396
512,1620,20.3466
512,1621,20.3536
512,1622,20.3602
512,1623,20.3671
512,1624,20.3741
512,1625,20.3810
512,1626,20.3881
512,1627,20.3950
512,1628,20.4024
512,1629,20.4092
512,1630,20.4161
512,1631,20.4232
512,1632,20.4304
512,1633,20.4372
512,1634,20.4434
512,1635,20.4505
512,1636,20.4579
512,1637,20.4650
512,1638,20.4725
512,1639,20.4796
512,1640,20.4861
512,1641,20.4933
512,1642,20.5005
512,1643,20.5075
512,1644,20.5139
512,1645,20.5210
512,1646,20.5275
512,1647,20.5345
512,1648,20.5414
512,1649,20.5483
512,1650,20.5554
512,1651,20.5616
512,1652,20.5679
512,1653,20.5744
512,1654,20.5816
512,1655,20.5881
512,1656,20.5951
512,1657,20.6022
512,1658,20.6080
512,1659,20.6142
512,1660,20.6212
512,1661,20.6272
512,1662,20.6344
512,1663,20.6408
512,1664,20.6471
512,1665,20.6546
512,1666,20.6609
512,1667,20.6688
512,1668,20.6758
512,1669,20.6827
512,1670,20.6902
512,1671,20.6959
512,1672,20.7025
512,1673,20.7087
512,1674,20.7153
512,1675,20.7224
512,1676,20.7288
512,1677,20.7354
512,1678,20.7419
512,1679,20.7476
512,1680,20.7546
512,1681,20.7619
512,1682,20.7691
512,1683,20.7761
512,1684,20.7826
512,1685,20.7899
512,1686,20.7966
512,1687,20.8030
512,1688,20.8092
512,1689,20.8163
512,1690,20.8227
512,1691,20.8288
512,1692,20.8362
512,1693,20.8427
512,1694,20.8494
512,1695,20.8562
512,1696,20.8638
512,1697,20.8706
512,1698,20.8778
512,1699,20.8859
512,1700,20.8933
512,1701,20.9002
512,1702,20.9076
512,1703,20.9138
512,1704,20.9206
512,1705,20.9268
512,1706,20.9338
512,1707,20.9399
512,1708,20.9466
512,1709,20.9543
512,1710,20.9615
512,1711,20.9689
512,1712,20.9755
512,1713,20.9825
512,1714,20.9883
512,1715,20.9957
512,1716,21.0029
512,1717,21.0088
512,1718,21.0155
512,1719,21.0221
512,1720,21.0288
512,1721,21.0359
512,1722,21.0431
512,1723,21.0495
512,1724,21.0557
512,1725,21.0627
512,1726,21.0691
512,1727,21.0762
512,1728,21.0827
512,1729,21.0897
512,1730,21.0963
512,1731,21.1029
512,1732,21.1102
512,1733,21.1172
512,1734,21.1239
512,1735,21.1309
512,1736,21.1379
512,1737,21.1448
512,1738,21.1509
512,1739,21.1568
512,1740,21.1633
512,1741,21.1709
512,1742,21.1775
512,1743,21.1837
512,1744,21.1906
512,1745,21.1974
512,1746,21.2040
512,1747,21.2102
512,1748,21.2171
512,1749,21.2231
512,1750,21.2310
512,1751,21.2377
512,1752,21.2448
512,1753,21.2510
512,1754,21.2578
512,1755,21.2642
512,1756,21.2701
512,1757,21.2771
512,1758,21.2844
512,1759,21.2907
512,1760,21.2978
512,1761,21.3042
512,1762,21.3117
512,1763,21.3187
512,1764,21.3243
512,1765,21.3305
512,1766,21.3356
512,1767,21.3426
512,1768,21.3488
512,1769,21.3555
512,1770,21.3624
512,1771,21.3697
512,1772,21.3758
512,1773,21.3820
512,1774,21.3894
512,1775,21.3962
512,1776,21.4030
512,1777,21.4087
512,1778,21.4153
512,1779,21.4225
512,1780,21.4298
512,1781,21.4374
512,1782,21.4444
512,1783,21.4512
512,1784,21.4581
512,1785,21.4643
512,1786,21.4706
512,1787,21.4776
512,1788,21.4845
512,1789,21.4917
512,1790,21.4975
512,1791,21.5044
512,1792,21.5110
512,1793,21.5169
512,1794,21.5230
512,1795,21.5296
512,1796,21.5370
512,1797,21.5436
512,1798,21.5498
512,1799,21.5562
512,1800,21.5619
512,1801,21.5681
512,1802,21.5747
512,1803,21.5818
512,1804,21.5890
512,1805,21.5952
512,1806,21.6018
512,1807,21.6084
512,1808,21.6151
512,1809,21.6218
512,1810,21.6277
512,1811,21.6336
512,1812,21.6400
512,1813,21.6467
512,1814,21.6531
512,1815,21.6596
512,1816,21.6666
512,1817,21.6733
512,1818,21.6800
512,1819,21.6853
512,1820,21.6914
512,1821,21.6969
512,1822,21.7039
512,1823,21.7107
512,1824,21.7171
512,1825,21.7235
512,1826,21.7299
512,1827,21.7372
512,1828,21.7442
512,1829,21.7514
512,1830,21.7574
512,1831,21.7640
512,1832,21.7708
512,1833,21.7765
512,1834,21.7833
512,1835,21.7901
512,1836,21.7966
512,1837,21.8035
512,1838,21.8095
512,1839,21.8166
512,1840,21.8233
512,1841,21.8304
512,1842,21.8375
512,1843,21.8433
512,1844,21.8497
512,1845,21.8571
512,1846,21.8628
512,1847,21.8687
512,1848,21.8764
512,1849,21.8832
512,1850,21.8893
512,1851,21.8967
512,1852,21.9042
512,1853,21.9112
512,1854,21.9184
512,1855,21.9247
512,1856,21.9310
512,1857,21.9377
512,1858,21.9448
512,1859,21.9516
512,1860,21.9586
512,1861,21.9655
512,1862,21.9721
512,1863,21.9792
512,1864,21.9855
512,1865,21.9919
512,1866,21.9986
512,1867,22.0059
512,1868,22.0120
512,1869,22.0185
512,1870,22.0258
512,1871,22.0324
512,1872,22.0381
512,1873,22.0443
512,1874,22.0511
512,1875,22.0568
512,1876,22.0637
512,1877,22.0699
512,1878,22.0771
512,1879,22.0837
512,1880,22.0916
512,1881,22.0971
512,1882,22.1034
512,1883,22.1099
512,1884,22.1164
512,1885,22.1231
512,1886,22.1298
512,1887,22.1359
512,1888,22.1418
512,1889,22.1483
512,1890,22.1543
512,1891,22.1610
512,1892,22.1679
512,1893,22.1746
512,1894,22.1806
512,1895,22.1866
512,1896,22.1928
512,1897,22.1988
512,1898,22.2057
512,1899,22.2121
512,1900,22.2187
512,1901,22.2254
512,1902,22.2313
512,1903,22.2374
512,1904,22.2443
512,1905,22.2507
512,1906,22.2575
512,1907,22.2635
512,1908,22.2695
512,1909,22.2755
512,1910,22.2818
512,1911,22.2885
512,1912,22.2946
512,1913,22.3013
512,1914,22.3078
512,1915,22.3147
512,1916,22.3211
512,1917,22.3276
512,1918,22.3348
512,1919,22.3420
512,1920,22.3475
512,1921,22.3549
512,1922,22.3613
512,1923,22.3681
512,1924,22.3728
512,1925,22.3790
512,1926,22.3860
512,1927,22.3926
512,1928,22.3990
512,1929,22.4054
512,1930,22.4120
512,1931,22.4180
512,1932,22.4254
512,1933,22.4313
512,1934,22.4377
512,1935,22.4450
512,1936,22.4521
512,1937,22.4575
512,1938,22.4639
512,1939,22.4703
512,1940,22.4773
512,1941,22.4842
512,1942,22.4904
512,1943,22.4959
512,1944,22.5017
512,1945,22.5078
512,1946,22.5139
512,1947,22.5209
512,1948,22.5273
512,1949,22.5336
512,1950,22.5402
512,1951,22.5466
512,1952,22.5533
512,1953,22.5596
512,1954,22.5666
512,1955,22.5732
512,1956,22.5797
512,1957,22.5855
512,1958,22.5924
512,1959,22.5990
512,1960,22.6048
512,1961,22.6107
512,1962,22.6185
512,1963,22.6248
512,1964,22.6309
512,1965,22.6371
512,1966,22.6432
512,1967,22.6492
512,1968,22.6556
512,1969,22.6628
512,1970,22.6694
512,1971,22.6761
512,1972,22.6829
512,1973,22.6894
512,1974,22.6965
512,1975,22.7027
512,1976,22.7095
512,1977,22.7163
512,1978,22.7224
512,1979,22.7287
512,1980,22.7345
512,1981,22.7409
512,1982,22.7480
512,1983,22.7541
512,1984,22.7606
512,1985,22.7675
512,1986,22.7737
512,1987,22.7796
512,1988,22.7859
512,1989,22.7922
512,1990,22.7998
512,1991,22.8062
512,1992,22.8119
512,1993,22.8186
512,1994,22.8252
512,1995,22.8314
512,1996,22.8386
512,1997,22.8444
512,1998,22.8507
512,1999,22.8574
512,2000,22.8641
512,2001,22.8716
512,2002,22.8784
512,2003,22.8859
512,2004,22.8921
512,2005,22.8990
512,2006,22.9063
512,2007,22.9129
512,2008,22.9195
512,2009,22.9255
512,2010,22.9322
512,2011,22.9387
512,2012,22.9455
512,2013,22.9519
512,2014,22.9575
512,2015,22.9629
512,2016,22.9689
512,2017,22.9747
512,2018,22.9815
512,2019,22.9876
512,2020,22.9939
512,2021,23.0007
512,2022,23.0067
512,2023,23.0126
512,2024,23.0193
512,2025,23.0250
512,2026,23.0310
512,2027,23.0375
512,2028,23.0437
512,2029,23.0494
512,2030,23.0564
512,2031,23.0620
512,2032,23.0691
512,2033,23.0755
512,2034,23.0821
512,2035,23.0881
512,2036,23.0938
512,2037,23.1007
512,2038,23.1075
512,2039,23.1146
512,2040,23.1205
512,2041,23.1276
512,2042,23.1353
512,2043,23.1416
512,2044,23.1484
512,2045,23.1554
512,2046,23.1626
512,2047,23.1688
512,2048,23.1751
512,2049,23.1820
512,2050,23.1881
512,2051,23.1941
512,2052,23.2008
512,2053,23.2070
512,2054,23.2142
512,2055,23.2209
512,2056,23.2263
512,2057,23.2329
512,2058,23.2393
512,2059,23.2465
512,2060,23.2524
512,2061,23.2588
512,2062,23.2652
512,2063,23.2719
512,2064,23.2779
512,2065,23.2843
512,2066,23.2912
512,2067,23.2972
512,2068,23.3035
512,2069,23.3098
512,2070,23.3167
512,2071,23.3225
512,2072,23.3291
512,2073,23.3352
512,2074,23.3415
512,2075,23.3472
512,2076,23.3532
512,2077,23.3596
512,2078,23.3662
512,2079,23.3730
512,2080,23.3787
512,2081,23.3854
512,2082,23.3914
512,2083,23.3971
512,2084,23.4038
512,2085,23.4106
512,2086,23.4171
512,2087,23.4218
512,2088,23.4286
512,2089,23.4345
512,2090,23.4413
512,2091,23.4466
512,2092,23.4534
512,2093,23.4603
512,2094,23.4673
512,2095,23.4746
512,2096,23.4810
512,2097,23.4870
512,2098,23.4934
512,2099,23.4997
512,2100,23.5071
512,2101,23.5142
512,2102,23.5201
512,2103,23.5268
512,2104,23.5331
512,2105,23.5397
512,2106,23.5452
512,2107,23.5523
512,2108,23.5591
512,2109,23.5659
512,2110,23.5727
512,2111,23.5787
512,2112,23.5842
512,2113,23.5902
512,2114,23.5971
512,2115,23.6031
512,2116,23.6093
512,2117,23.6149
512,2118,23.6218
512,2119,23.6279
512,2120,23.6348
512,2121,23.6416
512,2122,23.6482
512,2123,23.6549
512,2124,23.6614
512,2125,23.6680
512,2126,23.6743
512,2127,23.6804
512,2128,23.6865
512,2129,23.6923
512,2130,23.6988
512,2131,23.7047
512,2132,23.7107
512,2133,23.7164
512,2134,23.7233
512,2135,23.7294
512,2136,23.7347
512,2137,23.7412
512,2138,23.7474
512,2139,23.7540
512,2140,23.7595
512,2141,23.7658
512,2142,23.7717
512,2143,23.7779
512,2144,23.7839
512,2145,23.7909
512,2146,23.7968
512,2147,23.8031
512,2148,23.8098
512,2149,23.8155
512,2150,23.8217
512,2151,23.8285
512,2152,23.8344
512,2153,23.8404
512,2154,23.8456
512,2155,23.8521
512,2156,23.8581
512,2157,23.8642
512,2158,23.8706
512,2159,23.8766
512,2160,23.8826
512,2161,23.8888
512,2162,23.8949
512,2163,23.9018
512,2164,23.9083
512,2165,23.9148
512,2166,23.9207
512,2167,23.9275
512,2168,23.9339
512,2169,23.9393
512,2170,23.9456
512,2171,23.9529
512,2172,23.9598
512,2173,23.9654
512,2174,23.9723
512,2175,23.9783
512,2176,23.9841
512,2177,23.9901
512,2178,23.9971
512,2179,24.0032
512,2180,24.0097
512,2181,24.0164
512,2182,24.0214
512,2183,24.0282
512,2184,24.0337
512,2185,24.0404
512,2186,24.0462
512,2187,24.0521
512,2188,24.0588
512,2189,24.0651
512,2190,24.0710
512,2191,24.0779
512,2192,24.0844
512,2193,24.0910
512,2194,24.0965
512,2195,24.1027
512,2196,24.1087
512,2197,24.1152
512,2198,24.1219
512,2199,24.1282
512,2200,24.1342
512,2201,24.1414
512,2202,24.1475
512,2203,24.1542
512,2204,24.1599
512,2205,24.1659
512,2206,24.1719
512,2207,24.1775
512,2208,24.1842
512,2209,24.1907
512,2210,24.1968
512,2211,24.2030
512,2212,24.2097
512,2213,24.2152
512,2214,24.2212
512,2215,24.2272
512,2216,24.2334
512,2217,24.2394
512,2218,24.2458
512,2219,24.2513
512,2220,24.2575
512,2221,24.2635
512,2222,24.2698
512,2223,24.2763
512,2224,24.2829
512,2225,24.2882
512,2226,24.2948
512,2227,24.3018
512,2228,24.3082
512,2229,24.3138
512,2230,24.3205
512,2231,24.3270
512,2232,24.3331
512,2233,24.3399
512,2234,24.3455
512,2235,24.3521
512,2236,24.3578
512,2237,24.3642
512,2238,24.3708
512,2239,24.3768
512,2240,24.3835
512,2241,24.3899
512,2242,24.3965
512,2243,24.4030
512,2244,24.4090
512,2245,24.4161
512,2246,24.4226
512,2247,24.4284
512,2248,24.4349
512,2249,24.4411
512,2250,24.4469
512,2251,24.4521
512,2252,24.4592
512,2253,24.4650
512,2254,24.4708
512,2255,24.4780
512,2256,24.4849
512,2257,24.4908
512,2258,24.4971
512,2259,24.5031
512,2260,24.5096
512,2261,24.5152
512,2262,24.5218
512,2263,24.5283
512,2264,24.5345
512,2265,24.5413
512,2266,24.5468
512,2267,24.5529
512,2268,24.5587
512,2269,24.5651
512,2270,24.5715
512,2271,24.5778
512,2272,24.5852
512,2273,24.5907
512,2274,24.5964
512,2275,24.6036
512,2276,24.6101
512,2277,24.6169
512,2278,24.6230
512,2279,24.6291
512,2280,24.6360
512,2281,24.6424
512,2282,24.6487
512,2283,24.6548
512,2284,24.6610
512,2285,24.6667
512,2286,24.6726
512,2287,24.6789
512,2288,24.6842
512,2289,24.6906
512,2290,24.6966
512,2291,24.7031
512,2292,24.7090
512,2293,24.7155
512,2294,24.7219
512,2295,24.7281
512,2296,24.7342
512,2297,24.7395
512,2298,24.7456
512,2299,24.7521
512,2300,24.7576
512,2301,24.7634
512,2302,24.7697
512,2303,24.7759
512,2304,24.7820
512,2305,24.7884
512,2306,24.7946
512,2307,24.8011
512,2308,24.8070
512,2309,24.8134
512,2310,24.8193
512,2311,24.8250
512,2312,24.8314
512,2313,24.8375
512,2314,24.8449
512,2315,24.8508
512,2316,24.8560
512,2317,24.8615
512,2318,24.8676
512,2319,24.8731
512,2320,24.8800
512,2321,24.8864
512,2322,24.8932
512,2323,24.8986
512,2324,24.9043
512,2325,24.9100
512,2326,24.9166
512,2327,24.9230
512,2328,24.9299
512,2329,24.9366
512,2330,24.9432
512,2331,24.9501
512,2332,24.9564
512,2333,24.9626
512,2334,24.9687
512,2335,24.9744
512,2336,24.9804
512,2337,24.9868
512,2338,24.9932
512,2339,24.9993
512,2340,25.0057
512,2341,25.0117
512,2342,25.0183
512,2343,25.0244
512,2344,25.0307
512,2345,25.0371
512,2346,25.0432
512,2347,25.0491
512,2348,25.0555
512,2349,25.0620
512,2350,25.0669
512,2351,25.0718
512,2352,25.0785
512,2353,25.0847
512,2354,25.0909
512,2355,25.0972
512,2356,25.1030
512,2357,25.1085
512,2358,25.1145
512,2359,25.1211
512,2360,25.1273
512,2361,25.1332
512,2362,25.1396
512,2363,25.1451
512,2364,25.1518
512,2365,25.1576
512,2366,25.1636
512,2367,25.1702
512,2368,25.1766
512,2369,25.1825
512,2370,25.1880
512,2371,25.1944
512,2372,25.2007
512,2373,25.2070
512,2374,25.2131
512,2375,25.2198
512,2376,25.2264
512,2377,25.2326
512,2378,25.2386
512,2379,25.2449
512,2380,25.2511
512,2381,25.2580
512,2382,25.2633
512,2383,25.2690
512,2384,25.2746
512,2385,25.2804
512,2386,25.2868
512,2387,25.2929
512,2388,25.2989
512,2389,25.3043
512,2390,25.3103
512,2391,25.3156
512,2392,25.3222
512,2393,25.3278
512,2394,25.3338
512,2395,25.3395
512,2396,25.3453
512,2397,25.3520
512,2398,25.3583
512,2399,25.3647
512,2400,25.3706
512,2401,25.3762
512,2402,25.3811
512,2403,25.3872
512,2404,25.3941
512,2405,25.4000
512,2406,25.4056
512,2407,25.4114
512,2408,25.4182
512,2409,25.4238
512,2410,25.4301
512,2411,25.4370
512,2412,25.4444
512,2413,25.4502
512,2414,25.4554
512,2415,25.4615
512,2416,25.4675
512,2417,25.4743
512,2418,25.4807
512,2419,25.4863
512,2420,25.4922
512,2421,25.4987
512,2422,25.5049
512,2423,25.5112
512,2424,25.5172
512,2425,25.5226
512,2426,25.5284
512,2427,25.5350
512,2428,25.5413
512,2429,25.5475
512,2430,25.5541
512,2431,25.5600
512,2432,25.5661
512,2433,25.5722
512,2434,25.5778
512,2435,25.5839
512,2436,25.5903
512,2437,25.5964
512,2438,25.6032
512,2439,25.6096
512,2440,25.6160
512,2441,25.6210
512,2442,25.6272
512,2443,25.6341
512,2444,25.6397
512,2445,25.6453
512,2446,25.6515
512,2447,25.6572
512,2448,25.6628
512,2449,25.6698
512,2450,25.6760
512,2451,25.6824
512,2452,25.6879
512,2453,25.6927
512,2454,25.6991
512,2455,25.7055
512,2456,25.7115
512,2457,25.7177
512,2458,25.7240
512,2459,25.7304
512,2460,25.7361
512,2461,25.7424
512,2462,25.7486
512,2463,25.7560
512,2464,25.7623
512,2465,25.7687
512,2466,25.7745
512,2467,25.7802
512,2468,25.7871
512,2469,25.7938
512,2470,25.8000
512,2471,25.8060
512,2472,25.8124
512,2473,25.8183
512,2474,25.8245
512,2475,25.8314
512,2476,25.8376
512,2477,25.8430
512,2478,25.8484
512,2479,25.8540
512,2480,25.8599
512,2481,25.8665
512,2482,25.8722
512,2483,25.8775
512,2484,25.8838
512,2485,25.8909
512,2486,25.8961
512,2487,25.9028
512,2488,25.9085
512,2489,25.9147
512,2490,25.9205
512,2491,25.9255
512,2492,25.9316
512,2493,25.9369
512,2494,25.9429
512,2495,25.9494
512,2496,25.9558
512,2497,25.9620
512,2498,25.9681
512,2499,25.9738
512,2500,25.9787
512,2501,25.9847
512,2502,25.9903
512,2503,25.9973
512,2504,26.0032
512,2505,26.0095
512,2506,26.0156
512,2507,26.0221
512,2508,26.0285
512,2509,26.0344
512,2510,26.0405
512,2511,26.0468
512,2512,26.0529
512,2513,26.0593
512,2514,26.0650
512,2515,26.0717
512,2516,26.0778
512,2517,26.0839
512,2518,26.0904
512,2519,26.0964
512,2520,26.1027
512,2521,26.1089
512,2522,26.1143
512,2523,26.1198
512,2524,26.1269
512,2525,26.1324
512,2526,26.1379
512,2527,26.1436
512,2528,26.1491
512,2529,26.1540
512,2530,26.1596
512,2531,26.1650
512,2532,26.1718
512,2533,26.1774
512,2534,26.1831
512,2535,26.1892
512,2536,26.1954
512,2537,26.2014
512,2538,26.2070
512,2539,26.2129
512,2540,26.2184
512,2541,26.2242
512,2542,26.2310
512,2543,26.2370
512,2544,26.2429
512,2545,26.2486
512,2546,26.2545
512,2547,26.2600
512,2548,26.2661
512,2549,26.2721
512,2550,26.2779
512,2551,26.2839
512,2552,26.2904
512,2553,26.2965
512,2554,26.3025
512,2555,26.3093
512,2556,26.3156
512,2557,26.3219
512,2558,26.3270
512,2559,26.3340
512,2560,26.3400
512,2561,26.3449
512,2562,26.3504
512,2563,26.3564
512,2564,26.3620
512,2565,26.3681
512,2566,26.3743
512,2567,26.3802
512,2568,26.3859
512,2569,26.3930
512,2570,26.3994
512,2571,26.4060
512,2572,26.4125
512,2573,26.4183
512,2574,26.4250
512,2575,26.4308
512,2576,26.4375
512,2577,26.4435
512,2578,26.4496
512,2579,26.4557
512,2580,26.4616
512,2581,26.4673
512,2582,26.4738
512,2583,26.4799
512,2584,26.4857
512,2585,26.4920
512,2586,26.4973
512,2587,26.5036
512,2588,26.5107
512,2589,26.5166
512,2590,26.5216
512,2591,26.5283
512,2592,26.5340
512,2593,26.5403
512,2594,26.5468
512,2595,26.5531
512,2596,26.5588
512,2597,26.5648
512,2598,26.5705
512,2599,26.5764
512,2600,26.5828
512,2601,26.5902
512,2602,26.5960
512,2603,26.6019
512,2604,26.6085
512,2605,26.6144
512,2606,26.6199
512,2607,26.6252
512,2608,26.6316
512,2609,26.6382
512,2610,26.6438
512,2611,26.6488
512,2612,26.6551
512,2613,26.6607
512,2614,26.6660
512,2615,26.6724
512,2616,26.6783
512,2617,26.6838
512,2618,26.6896
512,2619,26.6952
512,2620,26.7015
512,2621,26.7075
512,2622,26.7138
512,2623,26.7199
512,2624,26.7263
512,2625,26.7316
512,2626,26.7365
512,2627,26.7427
512,2628,26.7488
512,2629,26.7544
512,2630,26.7603
512,2631,26.7667
512,2632,26.7728
512,2633,26.7790
512,2634,26.7844
512,2635,26.7900
512,2636,26.7962
512,2637,26.8023
512,2638,26.8076
512,2639,26.8135
512,2640,26.8198
512,2641,26.8261
512,2642,26.8326
512,2643,26.8378
512,2644,26.8440
512,2645,26.8506
512,2646,26.8567
512,2647,26.8628
512,2648,26.8689
512,2649,26.8746
512,2650,26.8806
512,2651,26.8870
512,2652,26.8935
512,2653,26.8995
512,2654,26.9056
512,2655,26.9115
512,2656,26.9169
512,2657,26.9233
512,2658,26.9298
512,2659,26.9360
512,2660,26.9416
512,2661,26.9480
512,2662,26.9536
512,2663,26.9593
512,2664,26.9652
512,2665,26.9709
512,2666,26.9768
512,2667,26.9833
512,2668,26.9885
512,2669,26.9954
512,2670,27.0023
512,2671,27.0082
512,2672,27.0148
512,2673,27.0205
512,2674,27.0262
512,2675,27.0314
512,2676,27.0364
512,2677,27.0425
512,2678,27.0487
512,2679,27.0546
512,2680,27.0604
512,2681,27.0663
512,2682,27.0720
512,2683,27.0780
512,2684,27.0844
512,2685,27.0905
512,2686,27.0965
512,2687,27.1023
512,2688,27.1075
512,2689,27.1133
512,2690,27.1193
512,2691,27.1249
512,2692,27.1314
512,2693,27.1368
512,2694,27.1420
512,2695,27.1479
512,2696,27.1540
512,2697,27.1596
512,2698,27.1654
512,2699,27.1715
512,2700,27.1768
512,2701,27.1833
512,2702,27.1897
512,2703,27.1953
512,2704,27.2009
512,2705,27.2065
512,2706,27.2122
512,2707,27.2177
512,2708,27.2238
512,2709,27.2298
512,2710,27.2359
512,2711,27.2417
512,2712,27.2476
512,2713,27.2539
512,2714,27.2591
512,2715,27.2655
512,2716,27.2718
512,2717,27.2775
512,2718,27.2833
512,2719,27.2903
512,2720,27.2968
512,2721,27.3026
512,2722,27.3087
512,2723,27.3142
512,2724,27.3202
512,2725,27.3257
512,2726,27.3317
512,2727,27.3372
512,2728,27.3434
512,2729,27.3486
512,2730,27.3538
512,2731,27.3608
512,2732,27.3662
512,2733,27.3718
512,2734,27.3778
512,2735,27.3840
512,2736,27.3900
512,2737,27.3963
512,2738,27.4027
512,2739,27.4093
512,2740,27.4164
512,2741,27.4213
512,2742,27.4265
512,2743,27.4322
512,2744,27.4383
512,2745,27.4448
512,2746,27.4521
512,2747,27.4583
512,2748,27.4642
512,2749,27.4697
512,2750,27.4751
512,2751,27.4813
512,2752,27.4864
512,2753,27.4916
512,2754,27.4983
512,2755,27.5041
512,2756,27.5106
512,2757,27.5170
512,2758,27.5226
512,2759,27.5282
512,2760,27.5346
512,2761,27.5403
512,2762,27.5458
512,2763,27.5522
512,2764,27.5580
512,2765,27.5641
512,2766,27.5703
512,2767,27.5771
512,2768,27.5833
512,2769,27.5894
512,2770,27.5963
512,2771,27.6022
512,2772,27.6080
512,2773,27.6139
512,2774,27.6197
512,2775,27.6255
512,2776,27.6307
512,2777,27.6367
512,2778,27.6421
512,2779,27.6479
512,2780,27.6538
512,2781,27.6598
512,2782,27.6654
512,2783,27.6709
512,2784,27.6769
512,2785,27.6827
512,2786,27.6891
512,2787,27.6949
512,2788,27.7011
512,2789,27.7070
512,2790,27.7129
512,2791,27.7192
512,2792,27.7247
512,2793,27.7316
512,2794,27.7365
512,2795,27.7431
512,2796,27.7488
512,2797,27.7545
512,2798,27.7614
512,2799,27.7680
512,2800,27.7744
512,2801,27.7799
512,2802,27.7850
512,2803,27.7907
512,2804,27.7966
512,2805,27.8026
512,2806,27.8087
512,2807,27.8144
512,2808,27.8202
512,2809,27.8257
512,2810,27.8317
512,2811,27.8374
512,2812,27.8426
512,2813,27.8470
512,2814,27.8524
512,2815,27.8582
512,2816,27.8650
512,2817,27.8704
512,2818,27.8762
512,2819,27.8820
512,2820,27.8875
512,2821,27.8933
512,2822,27.8982
512,2823,27.9033
512,2824,27.9085
512,2825,27.9137
512,2826,27.9197
512,2827,27.9257
512,2828,27.9323
512,2829,27.9377
512,2830,27.9431
512,2831,27.9492
512,2832,27.9546
512,2833,27.9605
512,2834,27.9667
512,2835,27.9718
512,2836,27.9778
512,2837,27.9836
512,2838,27.9899
512,2839,27.9955
512,2840,28.0016
512,2841,28.0072
512,2842,28.0129
512,2843,28.0181
512,2844,28.0246
512,2845,28.0299
512,2846,28.0348
512,2847,28.0404
512,2848,28.0464
512,2849,28.0526
512,2850,28.0591
512,2851,28.0647
512,2852,28.0712
512,2853,28.0774
512,2854,28.0835
512,2855,28.0902
512,2856,28.0965
512,2857,28.1029
512,2858,28.1086
512,2859,28.1146
512,2860,28.1204
512,2861,28.1264
512,2862,28.1327
512,2863,28.1383
512,2864,28.1438
512,2865,28.1498
512,2866,28.1556
512,2867,28.1609
512,2868,28.1672
512,2869,28.1723
512,2870,28.1777
512,2871,28.1840
512,2872,28.1898
512,2873,28.1958
512,2874,28.2012
512,2875,28.2071
512,2876,28.2127
512,2877,28.2192
512,2878,28.2248
512,2879,28.2303
512,2880,28.2358
512,2881,28.2417
512,2882,28.2473
512,2883,28.2534
512,2884,28.2591
512,2885,28.2645
512,2886,28.2707
512,2887,28.2768
512,2888,28.2830
512,2889,28.2892
512,2890,28.2958
512,2891,28.3022
512,2892,28.3078
512,2893,28.3137
512,2894,28.3203
512,2895,28.3263
512,2896,28.3317
512,2897,28.3385
512,2898,28.3443
512,2899,28.3497
512,2900,28.3561
512,2901,28.3620
512,2902,28.3681
512,2903,28.3740
512,2904,28.3800
512,2905,28.3859
512,2906,28.3921
512,2907,28.3982
512,2908,28.4040
512,2909,28.4097
512,2910,28.4145
512,2911,28.4212
512,2912,28.4271
512,2913,28.4327
512,2914,28.4381
512,2915,28.4451
512,2916,28.4504
512,2917,28.4572
512,2918,28.4634
512,2919,28.4691
512,2920,28.4751
512,2921,28.4811
512,2922,28.4870
512,2923,28.4925
512,2924,28.4980
512,2925,28.5033
512,2926,28.5090
512,2927,28.5148
512,2928,28.5205
512,2929,28.5260
512,2930,28.5310
512,2931,28.5367
512,2932,28.5420
512,2933,28.5484
512,2934,28.5545
512,2935,28.5599
512,2936,28.5647
512,2937,28.5704
512,2938,28.5760
512,2939,28.5823
512,2940,28.5888
512,2941,28.5946
512,2942,28.6010
512,2943,28.6073
512,2944,28.6132
512,2945,28.6187
512,2946,28.6249
512,2947,28.6303
512,2948,28.6355
512,2949,28.6408
512,2950,28.6467
512,2951,28.6522
512,2952,28.6574
512,2953,28.6626
512,2954,28.6683
512,2955,28.6744
512,2956,28.6799
512,2957,28.6852
512,2958,28.6910
512,2959,28.6966
512,2960,28.7016
512,2961,28.7078
512,2962,28.7133
512,2963,28.7195
512,2964,28.7245
512,2965,28.7300
512,2966,28.7358
512,2967,28.7408
512,2968,28.7457
512,2969,28.7515
512,2970,28.7576
512,2971,28.7630
512,2972,28.7680
512,2973,28.7736
512,2974,28.7794
512,2975,28.7841
512,2976,28.7891
512,2977,28.7953
512,2978,28.8006
512,2979,28.8058
512,2980,28.8116
512,2981,28.8179
512,2982,28.8233
512,2983,28.8292
512,2984,28.8347
512,2985,28.8408
512,2986,28.8458
512,2987,28.8519
512,2988,28.8569
512,2989,28.8622
512,2990,28.8680
512,2991,28.8732
512,2992,28.8786
512,2993,28.8850
512,2994,28.8906
512,2995,28.8959
512,2996,28.9012
512,2997,28.9076
512,2998,28.9133
512,2999,28.9190
512,3000,28.9246
512,3001,28.9304
512,3002,28.9360
512,3003,28.9420
512,3004,28.9467
512,3005,28.9520
512,3006,28.9574
512,3007,28.9632
512,3008,28.9688
512,3009,28.9752
512,3010,28.9805
512,3011,28.9867
512,3012,28.9923
512,3013,28.9979
512,3014,29.0032
512,3015,29.0079
512,3016,29.0138
512,3017,29.0201
512,3018,29.0258
512,3019,29.0312
512,3020,29.0372
512,3021,29.0430
512,3022,29.0491
512,3023,29.0551
512,3024,29.0615
512,3025,29.0664
512,3026,29.0722
512,3027,29.0779
512,3028,29.0835
512,3029,29.0893
512,3030,29.0949
512,3031,29.1008
512,3032,29.1066
512,3033,29.1118
512,3034,29.1173
512,3035,29.1239
512,3036,29.1289
512,3037,29.1341
512,3038,29.1391
512,3039,29.1451
512,3040,29.1505
512,3041,29.1561
512,3042,29.1622
512,3043,29.1685
512,3044,29.1741
512,3045,29.1795
512,3046,29.1856
512,3047,29.1910
512,3048,29.1961
512,3049,29.2017
512,3050,29.2072
512,3051,29.2129
512,3052,29.2188
512,3053,29.2246
512,3054,29.2305
512,3055,29.2357
512,3056,29.2413
512,3057,29.2464
512,3058,29.2517
512,3059,29.2573
512,3060,29.2619
512,3061,29.2683
512,3062,29.2748
512,3063,29.2808
512,3064,29.2872
512,3065,29.2921
512,3066,29.2980
512,3067,29.3040
512,3068,29.3103
512,3069,29.3160
512,3070,29.3229
512,3071,29.3285
512,3072,29.3334
512,3073,29.3382
512,3074,29.3439
512,3075,29.3499
512,3076,29.3554
512,3077,29.3615
512,3078,29.3671
512,3079,29.3722
512,3080,29.3772
512,3081,29.3836
512,3082,29.3892
512,3083,29.3936
512,3084,29.3994
512,3085,29.4051
512,3086,29.4107
512,3087,29.4160
512,3088,29.4219
512,3089,29.4273
512,3090,29.4327
512,3091,29.4382
512,3092,29.4438
512,3093,29.4492
512,3094,29.4544
512,3095,29.4599
512,3096,29.4658
512,3097,29.4708
512,3098,29.4768
512,3099,29.4832
512,3100,29.4890
512,3101,29.4939
512,3102,29.4999
512,3103,29.5055
512,3104,29.5113
512,3105,29.5175
512,3106,29.5223
512,3107,29.5277
512,3108,29.5338
512,3109,29.5393
512,3110,29.5454
512,3111,29.5515
512,3112,29.5566
512,3113,29.5619
512,3114,29.5670
512,3115,29.5725
512,3116,29.5781
512,3117,29.5834
512,3118,29.5894
512,3119,29.5963
512,3120,29.6014
512,3121,29.6066
512,3122,29.6122
512,3123,29.6183
512,3124,29.6239
512,3125,29.6293
512,3126,29.6345
512,3127,29.6404
512,3128,29.6458
512,3129,29.6511
512,3130,29.6565
512,3131,29.6624
512,3132,29.6684
512,3133,29.6730
512,3134,29.6779
512,3135,29.6833
512,3136,29.6890
512,3137,29.6950
512,3138,29.7007
512,3139,29.7062
512,3140,29.7113
512,3141,29.7167
512,3142,29.7217
512,3143,29.7267
512,3144,29.7320
512,3145,29.7379
512,3146,29.7441
512,3147,29.7488
512,3148,29.7543
512,3149,29.7597
512,3150,29.7651
512,3151,29.7712
512,3152,29.7767
512,3153,29.7823
512,3154,29.7874
512,3155,29.7922
512,3156,29.7977
512,3157,29.8037
512,3158,29.8090
512,3159,29.8144
512,3160,29.8200
512,3161,29.8258
512,3162,29.8311
512,3163,29.8364
512,3164,29.8419
512,3165,29.8476
512,3166,29.8533
512,3167,29.8594
512,3168,29.8661
512,3169,29.8715
512,3170,29.8773
512,3171,29.8826
512,3172,29.8883
512,3173,29.8941
512,3174,29.9002
512,3175,29.9059
512,3176,29.9111
512,3177,29.9171
512,3178,29.9228
512,3179,29.9283
512,3180,29.9339
512,3181,29.9394
512,3182,29.9442
512,3183,29.9509
512,3184,29.9568
512,3185,29.9627
512,3186,29.9683
512,3187,29.9745
512,3188,29.9797
512,3189,29.9843
512,3190,29.9904
512,3191,29.9955
512,3192,30.0015
512,3193,30.0073
512,3194,30.0130
512,3195,30.0181
512,3196,30.0228
512,3197,30.0283
512,3198,30.0344
512,3199,30.0406
512,3200,30.0463
512,3201,30.0511
512,3202,30.0560
512,3203,30.0620
512,3204,30.0670
512,3205,30.0726
512,3206,30.0780
512,3207,30.0841
512,3208,30.0893
512,3209,30.0945
512,3210,30.0995
512,3211,30.1050
512,3212,30.1112
512,3213,30.1165
512,3214,30.1217
512,3215,30.1268
512,3216,30.1316
512,3217,30.1373
512,3218,30.1427
512,3219,30.1481
512,3220,30.1540
512,3221,30.1597
512,3222,30.1654
512,3223,30.1707
512,3224,30.1756
512,3225,30.1809
512,3226,30.1862
512,3227,30.1914
512,3228,30.1963
512,3229,30.2023
512,3230,30.2076
512,3231,30.2129
512,3232,30.2182
512,3233,30.2236
512,3234,30.2284
512,3235,30.2342
512,3236,30.2396
512,3237,30.2454
512,3238,30.2517
512,3239,30.2566
512,3240,30.2617
512,3241,30.2677
512,3242,30.2731
512,3243,30.2783
512,3244,30.2834
512,3245,30.2887
512,3246,30.2934
512,3247,30.2993
512,3248,30.3053
512,3249,30.3107
512,3250,30.3154
512,3251,30.3218
512,3252,30.3280
512,3253,30.3334
512,3254,30.3388
512,3255,30.3442
512,3256,30.3495
512,3257,30.3553
512,3258,30.3614
512,3259,30.3672
512,3260,30.3734
512,3261,30.3790
512,3262,30.3850
512,3263,30.3906
512,3264,30.3961
512,3265,30.4012
512,3266,30.4070
512,3267,30.4115
512,3268,30.4170
512,3269,30.4230
512,3270,30.4278
512,3271,30.4332
512,3272,30.4387
512,3273,30.4437
512,3274,30.4491
512,3275,30.4539
512,3276,30.4597
512,3277,30.4650
512,3278,30.4701
512,3279,30.4753
512,3280,30.4804
512,3281,30.4856
512,3282,30.4903
512,3283,30.4969
512,3284,30.5021
512,3285,30.5074
512,3286,30.5129
512,3287,30.5189
512,3288,30.5246
512,3289,30.5298
512,3290,30.5359
512,3291,30.5415
512,3292,30.5476
512,3293,30.5526
512,3294,30.5583
512,3295,30.5636
512,3296,30.5703
512,3297,30.5759
512,3298,30.5812
512,3299,30.5860
512,3300,30.5912
512,3301,30.5973
512,3302,30.6022
512,3303,30.6071
512,3304,30.6125
512,3305,30.6181
512,3306,30.6241
512,3307,30.6295
512,3308,30.6345
512,3309,30.6404
512,3310,30.6459
512,3311,30.6514
512,3312,30.6569
512,3313,30.6618
512,3314,30.6668
512,3315,30.6732
512,3316,30.6788
512,3317,30.6841
512,3318,30.6896
512,3319,30.6946
512,3320,30.7000
512,3321,30.7056
512,3322,30.7105
512,3323,30.7161
512,3324,30.7212
512,3325,30.7258
512,3326,30.7311
512,3327,30.7363
512,3328,30.7418
512,3329,30.7472
512,3330,30.7533
512,3331,30.7590
512,3332,30.7640
512,3333,30.7688
512,3334,30.7741
512,3335,30.7801
512,3336,30.7862
512,3337,30.7919
512,3338,30.7974
512,3339,30.8027
512,3340,30.8084
512,3341,30.8136
512,3342,30.8193
512,3343,30.8248
512,3344,30.8305
512,3345,30.8362
512,3346,30.8417
512,3347,30.8466
512,3348,30.8525
512,3349,30.8577
512,3350,30.8634
512,3351,30.8695
512,3352,30.8740
512,3353,30.8801
512,3354,30.8854
512,3355,30.8912
512,3356,30.8965
512,3357,30.9032
512,3358,30.9093
512,3359,30.9146
512,3360,30.9205
512,3361,30.9251
512,3362,30.9307
512,3363,30.9352
512,3364,30.9411
512,3365,30.9470
512,3366,30.9522
512,3367,30.9587
512,3368,30.9632
512,3369,30.9691
512,3370,30.9755
512,3371,30.9807
512,3372,30.9859
512,3373,30.9917
512,3374,30.9971
512,3375,31.0022
512,3376,31.0071
512,3377,31.0127
512,3378,31.0184
512,3379,31.0239
512,3380,31.0302
512,3381,31.0358
512,3382,31.0411
512,3383,31.0467
512,3384,31.0526
512,3385,31.0579
512,3386,31.0635
512,3387,31.0698
512,3388,31.0752
512,3389,31.0813
512,3390,31.0870
512,3391,31.0926
512,3392,31.0977
512,3393,31.1034
512,3394,31.1087
512,3395,31.1148
512,3396,31.1205
512,3397,31.1259
512,3398,31.1313
512,3399,31.1363
512,3400,31.1428
512,3401,31.1482
512,3402,31.1543
512,3403,31.1603
512,3404,31.1654
512,3405,31.1714
512,3406,31.1764
512,3407,31.1816
512,3408,31.1861
512,3409,31.1918
512,3410,31.1971
512,3411,31.2029
512,3412,31.2083
512,3413,31.2136
512,3414,31.2191
512,3415,31.2243
512,3416,31.2302
512,3417,31.2358
512,3418,31.2413
512,3419,31.2470
512,3420,31.2520
512,3421,31.2572
512,3422,31.2622
512,3423,31.2671
512,3424,31.2729
512,3425,31.2774
512,3426,31.2824
512,3427,31.2874
512,3428,31.2929
512,3429,31.2989
512,3430,31.3040
512,3431,31.3091
512,3432,31.3135
512,3433,31.3195
512,3434,31.3241
512,3435,31.3291
512,3436,31.3356
512,3437,31.3404
512,3438,31.3457
512,3439,31.3516
512,3440,31.3561
512,3441,31.3617
512,3442,31.3674
512,3443,31.3730
512,3444,31.3788
512,3445,31.3843
512,3446,31.3897
512,3447,31.3950
512,3448,31.4009
512,3449,31.4060
512,3450,31.4111
512,3451,31.4166
512,3452,31.4231
512,3453,31.4285
512,3454,31.4342
512,3455,31.4394
512,3456,31.4449
512,3457,31.4501
512,3458,31.4558
512,3459,31.4609
512,3460,31.4659
512,3461,31.4712
512,3462,31.4770
512,3463,31.4825
512,3464,31.4878
512,3465,31.4930
512,3466,31.4988
512,3467,31.5053
512,3468,31.5102
512,3469,31.5157
512,3470,31.5213
512,3471,31.5272
512,3472,31.5320
512,3473,31.5375
512,3474,31.5434
512,3475,31.5491
512,3476,31.5546
512,3477,31.5596
512,3478,31.5649
512,3479,31.5705
512,3480,31.5765
512,3481,31.5813
512,3482,31.5866
512,3483,31.5920
512,3484,31.5979
512,3485,31.6035
512,3486,31.6083
512,3487,31.6144
512,3488,31.6202
512,3489,31.6262
512,3490,31.6311
512,3491,31.6360
512,3492,31.6423
512,3493,31.6472
512,3494,31.6527
512,3495,31.6583
512,3496,31.6636
512,3497,31.6694
512,3498,31.6753
512,3499,31.6816
512,3500,31.6868
512,3501,31.6920
512,3502,31.6975
512,3503,31.7033
512,3504,31.7094
512,3505,31.7156
512,3506,31.7212
512,3507,31.7274
512,3508,31.7327
512,3509,31.7386
512,3510,31.7446
512,3511,31.7493
512,3512,31.7547
512,3513,31.7603
512,3514,31.7652
512,3515,31.7707
512,3516,31.7755
512,3517,31.7808
512,3518,31.7861
512,3519,31.7911
512,3520,31.7960
512,3521,31.8010
512,3522,31.8070
512,3523,31.8118
512,3524,31.8167
512,3525,31.8220
512,3526,31.8269
512,3527,31.8327
512,3528,31.8379
512,3529,31.8439
512,3530,31.8497
512,3531,31.8554
512,3532,31.8611
512,3533,31.8651
512,3534,31.8695
512,3535,31.8741
512,3536,31.8793
512,3537,31.8844
512,3538,31.8890
512,3539,31.8944
512,3540,31.9004
512,3541,31.9054
512,3542,31.9111
512,3543,31.9162
512,3544,31.9215
512,3545,31.9264
512,3546,31.9325
512,3547,31.9374
512,3548,31.9431
512,3549,31.9485
512,3550,31.9541
512,3551,31.9599
512,3552,31.9645
512,3553,31.9695
512,3554,31.9751
512,3555,31.9805
512,3556,31.9857
512,3557,31.9913
512,3558,31.9965
512,3559,32.0026
512,3560,32.0075
512,3561,32.0136
512,3562,32.0189
512,3563,32.0245
512,3564,32.0299
512,3565,32.0356
512,3566,32.0414
512,3567,32.0470
512,3568,32.0525
512,3569,32.0573
512,3570,32.0625
512,3571,32.0686
512,3572,32.0742
512,3573,32.0800
512,3574,32.0857
512,3575,32.0917
512,3576,32.0981
512,3577,32.1036
512,3578,32.1093
512,3579,32.1149
512,3580,32.1206
512,3581,32.1262
512,3582,32.1312
512,3583,32.1372
512,3584,32.1432
512,3585,32.1489
512,3586,32.1544
512,3587,32.1590
512,3588,32.1640
512,3589,32.1688
512,3590,32.1739
512,3591,32.1797
512,3592,32.1854
512,3593,32.1912
512,3594,32.1962
512,3595,32.2019
512,3596,32.2075
512,3597,32.2137
512,3598,32.2193
512,3599,32.2251
512,3600,32.2303
512,3601,32.2351
512,3602,32.2404
512,3603,32.2453
512,3604,32.2508
512,3605,32.2561
512,3606,32.2619
512,3607,32.2665
512,3608,32.2716
512,3609,32.2768
512,3610,32.2814
512,3611,32.2874
512,3612,32.2936
512,3613,32.2988
512,3614,32.3040
512,3615,32.3092
512,3616,32.3146
512,3617,32.3208
512,3618,32.3262
512,3619,32.3320
512,3620,32.3374
512,3621,32.3429
512,3622,32.3483
512,3623,32.3537
512,3624,32.3592
512,3625,32.3643
512,3626,32.3696
512,3627,32.3748
512,3628,32.3798
512,3629,32.3853
512,3630,32.3910
512,3631,32.3973
512,3632,32.4021
512,3633,32.4078
512,3634,32.4130
512,3635,32.4184
512,3636,32.4237
512,3637,32.4284
512,3638,32.4330
512,3639,32.4384
512,3640,32.4436
512,3641,32.4482
512,3642,32.4526
512,3643,32.4579
512,3644,32.4625
512,3645,32.4681
512,3646,32.4739
512,3647,32.4793
512,3648,32.4846
512,3649,32.4900
512,3650,32.4951
512,3651,32.5013
512,3652,32.5063
512,3653,32.5114
512,3654,32.5168
512,3655,32.5218
512,3656,32.5276
512,3657,32.5334
512,3658,32.5381
512,3659,32.5429
512,3660,32.5474
512,3661,32.5535
512,3662,32.5590
512,3663,32.5649
512,3664,32.5705
512,3665,32.5757
512,3666,32.5820
512,3667,32.5883
512,3668,32.5934
512,3669,32.5982
512,3670,32.6035
512,3671,32.6089
512,3672,32.6144
512,3673,32.6200
512,3674,32.6242
512,3675,32.6302
512,3676,32.6362
512,3677,32.6413
512,3678,32.6468
512,3679,32.6517
512,3680,32.6564
512,3681,32.6621
512,3682,32.6669
512,3683,32.6717
512,3684,32.6772
512,3685,32.6824
512,3686,32.6883
512,3687,32.6938
512,3688,32.6990
512,3689,32.7046
512,3690,32.7109
512,3691,32.7164
512,3692,32.7223
512,3693,32.7276
512,3694,32.7338
512,3695,32.7382
512,3696,32.7433
512,3697,32.7482
512,3698,32.7537
512,3699,32.7592
512,3700,32.7640
512,3701,32.7695
512,3702,32.7758
512,3703,32.7813
512,3704,32.7872
512,3705,32.7923
512,3706,32.7967
512,3707,32.8017
512,3708,32.8063
512,3709,32.8111
512,3710,32.8164
512,3711,32.8225
512,3712,32.8277
512,3713,32.8332
512,3714,32.8387
512,3715,32.8444
512,3716,32.8496
512,3717,32.8545
512,3718,32.8601
512,3719,32.8649
512,3720,32.8695
512,3721,32.8750
512,3722,32.8802
512,3723,32.8857
512,3724,32.8916
512,3725,32.8971
512,3726,32.9021
512,3727,32.9070
512,3728,32.9122
512,3729,32.9176
512,3730,32.9236
512,3731,32.9293
512,3732,32.9343
512,3733,32.9400
512,3734,32.9454
512,3735,32.9506
512,3736,32.9560
512,3737,32.9610
512,3738,32.9660
512,3739,32.9709
512,3740,32.9765
512,3741,32.9824
512,3742,32.9876
512,3743,32.9923
512,3744,32.9976
512,3745,33.0031
512,3746,33.0081
512,3747,33.0125
512,3748,33.0181
512,3749,33.0230
512,3750,33.0287
512,3751,33.0342
512,3752,33.0393
512,3753,33.0445
512,3754,33.0490
512,3755,33.0546
512,3756,33.0598
512,3757,33.0655
512,3758,33.0717
512,3759,33.0765
512,3760,33.0812
512,3761,33.0866
512,3762,33.0918
512,3763,33.0974
512,3764,33.1031
512,3765,33.1082
512,3766,33.1135
512,3767,33.1192
512,3768,33.1244
512,3769,33.1299
512,3770,33.1352
512,3771,33.1404
512,3772,33.1461
512,3773,33.1509
512,3774,33.1563
512,3775,33.1614
512,3776,33.1665
512,3777,33.1723
512,3778,33.1773
512,3779,33.1824
512,3780,33.1882
512,3781,33.1930
512,3782,33.1989
512,3783,33.2040
512,3784,33.2098
512,3785,33.2149
512,3786,33.2205
512,3787,33.2267
512,3788,33.2315
512,3789,33.2365
512,3790,33.2418
512,3791,33.2471
512,3792,33.2527
512,3793,33.2580
512,3794,33.2629
512,3795,33.2685
512,3796,33.2737
512,3797,33.2786
512,3798,33.2840
512,3799,33.2896
512,3800,33.2948
512,3801,33.3002
512,3802,33.3055
512,3803,33.3105
512,3804,33.3154
512,3805,33.3206
512,3806,33.3252
512,3807,33.3302
512,3808,33.3357
512,3809,33.3417
512,3810,33.3477
512,3811,33.3541
512,3812,33.3603
512,3813,33.3656
512,3814,33.3708
512,3815,33.3762
512,3816,33.3809
512,3817,33.3857
512,3818,33.3911
512,3819,33.3963
512,3820,33.4016
512,3821,33.4063
512,3822,33.4110
512,3823,33.4166
512,3824,33.4222
512,3825,33.4271
512,3826,33.4322
512,3827,33.4380
512,3828,33.4442
512,3829,33.4492
512,3830,33.4553
512,3831,33.4619
512,3832,33.4679
512,3833,33.4740
512,3834,33.4799
512,3835,33.4856
512,3836,33.4910
512,3837,33.4971
512,3838,33.5017
512,3839,33.5068
512,3840,33.5123
512,3841,33.5175
512,3842,33.5221
512,3843,33.5274
512,3844,33.5329
512,3845,33.5390
512,3846,33.5447
512,3847,33.5496
512,3848,33.5540
512,3849,33.5592
512,3850,33.5643
512,3851,33.5694
512,3852,33.5745
512,3853,33.5803
512,3854,33.5859
512,3855,33.5911
512,3856,33.5962
512,3857,33.6021
512,3858,33.6072
512,3859,33.6126
512,3860,33.6175
512,3861,33.6230
512,3862,33.6281
512,3863,33.6333
512,3864,33.6385
512,3865,33.6435
512,3866,33.6486
512,3867,33.6533
512,3868,33.6574
512,3869,33.6637
512,3870,33.6688
512,3871,33.6738
512,3872,33.6791
512,3873,33.6850
512,3874,33.6897
512,3875,33.6950
512,3876,33.7008
512,3877,33.7064
512,3878,33.7117
512,3879,33.7173
512,3880,33.7222
512,3881,33.7268
512,3882,33.7319
512,3883,33.7368
512,3884,33.7421
512,3885,33.7477
512,3886,33.7528
512,3887,33.7578
512,3888,33.7636
512,3889,33.7683
512,3890,33.7735
512,3891,33.7799
512,3892,33.7852
512,3893,33.7905
512,3894,33.7961
512,3895,33.8015
512,3896,33.8073
512,3897,33.8131
512,3898,33.8185
512,3899,33.8239
512,3900,33.8284
512,3901,33.8343
512,3902,33.8404
512,3903,33.8461
512,3904,33.8508
512,3905,33.8558
512,3906,33.8614
512,3907,33.8662
512,3908,33.8718
512,3909,33.8774
512,3910,33.8824
512,3911,33.8878
512,3912,33.8933
512,3913,33.8988
512,3914,33.9038
512,3915,33.9083
512,3916,33.9138
512,3917,33.9191
512,3918,33.9234
512,3919,33.9289
512,3920,33.9340
512,3921,33.9390
512,3922,33.9440
512,3923,33.9492
512,3924,33.9542
512,3925,33.9596
512,3926,33.9642
512,3927,33.9687
512,3928,33.9734
512,3929,33.9788
512,3930,33.9841
512,3931,33.9889
512,3932,33.9936
512,3933,33.9992
512,3934,34.0041
512,3935,34.0094
512,3936,34.0142
512,3937,34.0199
512,3938,34.0250
512,3939,34.0306
512,3940,34.0353
512,3941,34.0410
512,3942,34.0463
512,3943,34.0515
512,3944,34.0572
512,3945,34.0623
512,3946,34.0676
512,3947,34.0734
512,3948,34.0795
512,3949,34.0845
512,3950,34.0896
512,3951,34.0954
512,3952,34.1011
512,3953,34.1061
512,3954,34.1113
512,3955,34.1170
512,3956,34.1226
512,3957,34.1275
512,3958,34.1327
512,3959,34.1376
512,3960,34.1424
512,3961,34.1477
512,3962,34.1529
512,3963,34.1577
512,3964,34.1630
512,3965,34.1681
512,3966,34.1723
512,3967,34.1768
512,3968,34.1813
512,3969,34.1872
512,3970,34.1924
512,3971,34.1977
512,3972,34.2025
512,3973,34.2073
512,3974,34.2124
512,3975,34.2177
512,3976,34.2230
512,3977,34.2287
512,3978,34.2340
512,3979,34.2387
512,3980,34.2444
512,3981,34.2495
512,3982,34.2544
512,3983,34.2594
512,3984,34.2641
512,3985,34.2692
512,3986,34.2749
512,3987,34.2800
512,3988,34.2848
512,3989,34.2893
512,3990,34.2946
512,3991,34.2999
512,3992,34.3050
512,3993,34.3109
512,3994,34.3159
512,3995,34.3212
512,3996,34.3262
512,3997,34.3311
512,3998,34.3358
512,3999,34.3417
512,4000,34.3471
512,4001,34.3534
512,4002,34.3582
512,4003,34.3623
512,4004,34.3671
512,4005,34.3731
512,4006,34.3781
512,4007,34.3837
512,4008,34.3889
512,4009,34.3942
512,4010,34.3997
512,4011,34.4050
512,4012,34.4101
512,4013,34.4159
512,4014,34.4203
512,4015,34.4250
512,4016,34.4296
512,4017,34.4349
512,4018,34.4399
512,4019,34.4463
512,4020,34.4511
512,4021,34.4561
512,4022,34.4614
512,4023,34.4666
512,4024,34.4716
512,4025,34.4766
512,4026,34.4811
512,4027,34.4852
512,4028,34.4899
512,4029,34.4959
512,4030,34.5011
512,4031,34.5058
512,4032,34.5112
512,4033,34.5163
512,4034,34.5220
512,4035,34.5275
512,4036,34.5325
512,4037,34.5376
512,4038,34.5428
512,4039,34.5482
512,4040,34.5531
512,4041,34.5574
512,4042,34.5620
512,4043,34.5675
512,4044,34.5726
512,4045,34.5768
512,4046,34.5818
512,4047,34.5874
512,4048,34.5925
512,4049,34.5980
512,4050,34.6033
512,4051,34.6084
512,4052,34.6139
512,4053,34.6190
512,4054,34.6236
512,4055,34.6283
512,4056,34.6338
512,4057,34.6394
512,4058,34.6444
512,4059,34.6494
512,4060,34.6539
512,4061,34.6592
512,4062,34.6643
512,4063,34.6691
512,4064,34.6745
512,4065,34.6801
512,4066,34.6857
512,4067,34.6905
512,4068,34.6958
512,4069,34.7011
512,4070,34.7063
512,4071,34.7114
512,4072,34.7167
512,4073,34.7219
512,4074,34.7272
512,4075,34.7325
512,4076,34.7379
512,4077,34.7426
512,4078,34.7478
512,4079,34.7532
512,4080,34.7590
512,4081,34.7641
512,4082,34.7692
512,4083,34.7743
512,4084,34.7795
512,4085,34.7846
512,4086,34.7904
512,4087,34.7956
512,4088,34.8012
512,4089,34.8064
512,4090,34.8120
512,4091,34.8164
512,4092,34.8213
512,4093,34.8262
512,4094,34.8309
512,4095,34.8361
512,4096,34.8411
512,4097,34.8461
512,4098,34.8515
512,4099,34.8567
512,4100,34.8613
512,4101,34.8666
512,4102,34.8718
512,4103,34.8773
512,4104,34.8833
512,4105,34.8879
512,4106,34.8926
512,4107,34.8985
512,4108,34.9036
512,4109,34.9089
512,4110,34.9144
512,4111,34.9188
512,4112,34.9238
512,4113,34.9294
512,4114,34.9345
512,4115,34.9396
512,4116,34.9445
512,4117,34.9500
512,4118,34.9555
512,4119,34.9600
512,4120,34.9655
512,4121,34.9710
512,4122,34.9760
512,4123,34.9813
512,4124,34.9864
512,4125,34.9909
512,4126,34.9964
512,4127,35.0008
512,4128,35.0055
512,4129,35.0111
512,4130,35.0159
512,4131,35.0209
512,4132,35.0259
512,4133,35.0313
512,4134,35.0366
512,4135,35.0415
512,4136,35.0462
512,4137,35.0519
512,4138,35.0566
512,4139,35.0622
512,4140,35.0672
512,4141,35.0725
512,4142,35.0777
512,4143,35.0828
512,4144,35.0882
512,4145,35.0928
512,4146,35.0979
512,4147,35.1028
512,4148,35.1076
512,4149,35.1123
512,4150,35.1178
512,4151,35.1221
512,4152,35.1266
512,4153,35.1317
512,4154,35.1371
512,4155,35.1422
512,4156,35.1474
512,4157,35.1523
512,4158,35.1581
512,4159,35.1629
512,4160,35.1674
512,4161,35.1730
512,4162,35.1780
512,4163,35.1825
512,4164,35.1878
512,4165,35.1930
512,4166,35.1976
512,4167,35.2035
512,4168,35.2083
512,4169,35.2136
512,4170,35.2184
512,4171,35.2231
512,4172,35.2273
512,4173,35.2322
512,4174,35.2374
512,4175,35.2427
512,4176,35.2483
512,4177,35.2535
512,4178,35.2582
512,4179,35.2635
512,4180,35.2684
512,4181,35.2741
512,4182,35.2791
512,4183,35.2840
512,4184,35.2887
512,4185,35.2933
512,4186,35.2987
512,4187,35.3044
512,4188,35.3100
512,4189,35.3144
512,4190,35.3202
512,4191,35.3253
512,4192,35.3301
512,4193,35.3350
512,4194,35.3406
512,4195,35.3458
512,4196,35.3512
512,4197,35.3563
512,4198,35.3613
512,4199,35.3658
512,4200,35.3709
512,4201,35.3762
512,4202,35.3810
512,4203,35.3858
512,4204,35.3909
512,4205,35.3957
512,4206,35.4011
512,4207,35.4062
512,4208,35.4111
512,4209,35.4157
512,4210,35.4207
512,4211,35.4252
512,4212,35.4306
512,4213,35.4359
512,4214,35.4409
512,4215,35.4462
512,4216,35.4514
512,4217,35.4568
512,4218,35.4615
512,4219,35.4666
512,4220,35.4722
512,4221,35.4779
512,4222,35.4829
512,4223,35.4875
512,4224,35.4931
512,4225,35.4981
512,4226,35.5031
512,4227,35.5085
512,4228,35.5136
512,4229,35.5186
512,4230,35.5235
512,4231,35.5287
512,4232,35.5337
512,4233,35.5388
512,4234,35.5434
512,4235,35.5493
512,4236,35.5540
512,4237,35.5583
512,4238,35.5634
512,4239,35.5677
512,4240,35.5730
512,4241,35.5773
512,4242,35.5816
512,4243,35.5869
512,4244,35.5922
512,4245,35.5966
512,4246,35.6018
512,4247,35.6068
512,4248,35.6109
512,4249,35.6157
512,4250,35.6211
512,4251,35.6258
512,4252,35.6309
512,4253,35.6353
512,4254,35.6409
512,4255,35.6459
512,4256,35.6509
512,4257,35.6559
512,4258,35.6613
512,4259,35.6664
512,4260,35.6714
512,4261,35.6767
512,4262,35.6816
512,4263,35.6862
512,4264,35.6911
512,4265,35.6958
512,4266,35.7010
512,4267,35.7061
512,4268,35.7112
512,4269,35.7161
512,4270,35.7208
512,4271,35.7259
512,4272,35.7312
512,4273,35.7361
512,4274,35.7414
512,4275,35.7467
512,4276,35.7517
512,4277,35.7571
512,4278,35.7623
512,4279,35.7680
512,4280,35.7728
512,4281,35.7771
512,4282,35.7817
512,4283,35.7868
512,4284,35.7916
512,4285,35.7958
512,4286,35.8004
512,4287,35.8056
512,4288,35.8103
512,4289,35.8156
512,4290,35.8202
512,4291,35.8252
512,4292,35.8304
512,4293,35.8357
512,4294,35.8410
512,4295,35.8459
512,4296,35.8513
512,4297,35.8559
512,4298,35.8605
512,4299,35.8652
512,4300,35.8707
512,4301,35.8753
512,4302,35.8801
512,4303,35.8857
512,4304,35.8903
512,4305,35.8949
512,4306,35.8994
512,4307,35.9049
512,4308,35.9103
512,4309,35.9153
512,4310,35.9201
512,4311,35.9252
512,4312,35.9299
512,4313,35.9347
512,4314,35.9392
512,4315,35.9444
512,4316,35.9499
512,4317,35.9546
512,4318,35.9596
512,4319,35.9644
512,4320,35.9694
512,4321,35.9742
512,4322,35.9789
512,4323,35.9834
512,4324,35.9885
512,4325,35.9942
512,4326,35.9996
512,4327,36.0047
512,4328,36.0089
512,4329,36.0137
512,4330,36.0187
512,4331,36.0237
512,4332,36.0289
512,4333,36.0340
512,4334,36.0392
512,4335,36.0443
512,4336,36.0491
512,4337,36.0544
512,4338,36.0599
512,4339,36.0647
512,4340,36.0693
512,4341,36.0746
512,4342,36.0801
512,4343,36.0852
512,4344,36.0905
512,4345,36.0958
512,4346,36.1004
512,4347,36.1055
512,4348,36.1106
512,4349,36.1159
512,4350,36.1205
512,4351,36.1254
512,4352,36.1307
512,4353,36.1348
512,4354,36.1396
512,4355,36.1445
512,4356,36.1497
512,4357,36.1552
512,4358,36.1606
512,4359,36.1663
512,4360,36.1714
512,4361,36.1763
512,4362,36.1809
512,4363,36.1858
512,4364,36.1907
512,4365,36.1961
512,4366,36.2007
512,4367,36.2054
512,4368,36.2102
512,4369,36.2150
512,4370,36.2198
512,4371,36.2244
512,4372,36.2302
512,4373,36.2353
512,4374,36.2403
512,4375,36.2457
512,4376,36.2507
512,4377,36.2551
512,4378,36.2599
512,4379,36.2648
512,4380,36.2693
512,4381,36.2746
512,4382,36.2803
512,4383,36.2851
512,4384,36.2906
512,4385,36.2951
512,4386,36.2996
512,4387,36.3046
512,4388,36.3095
512,4389,36.3148
512,4390,36.3196
512,4391,36.3243
512,4392,36.3287
512,4393,36.3334
512,4394,36.3385
512,4395,36.3438
512,4396,36.3486
512,4397,36.3535
512,4398,36.3587
512,4399,36.3640
512,4400,36.3693
512,4401,36.3744
512,4402,36.3793
512,4403,36.3844
512,4404,36.3892
512,4405,36.3945
512,4406,36.3994
512,4407,36.4047
512,4408,36.4094
512,4409,36.4145
512,4410,36.4194
512,4411,36.4247
512,4412,36.4298
512,4413,36.4345
512,4414,36.4391
512,4415,36.4443
512,4416,36.4486
512,4417,36.4538
512,4418,36.4592
512,4419,36.4641
512,4420,36.4688
512,4421,36.4734
512,4422,36.4791
512,4423,36.4836
512,4424,36.4890
512,4425,36.4940
512,4426,36.4993
512,4427,36.5042
512,4428,36.5091
512,4429,36.5142
512,4430,36.5190
512,4431,36.5244
512,4432,36.5292
512,4433,36.5345
512,4434,36.5395
512,4435,36.5437
512,4436,36.5485
512,4437,36.5531
512,4438,36.5582
512,4439,36.5629
512,4440,36.5682
512,4441,36.5729
512,4442,36.5777
512,4443,36.5826
512,4444,36.5879
512,4445,36.5925
512,4446,36.5975
512,4447,36.6030
512,4448,36.6080
512,4449,36.6135
512,4450,36.6184
512,4451,36.6235
512,4452,36.6287
512,4453,36.6336
512,4454,36.6378
512,4455,36.6420
512,4456,36.6466
512,4457,36.6520
512,4458,36.6576
512,4459,36.6622
512,4460,36.6671
512,4461,36.6711
512,4462,36.6758
512,4463,36.6804
512,4464,36.6854
512,4465,36.6900
512,4466,36.6957
512,4467,36.7011
512,4468,36.7060
512,4469,36.7113
512,4470,36.7167
512,4471,36.7215
512,4472,36.7263
512,4473,36.7312
512,4474,36.7359
512,4475,36.7410
512,4476,36.7462
512,4477,36.7510
512,4478,36.7561
512,4479,36.7614
512,4480,36.7660
512,4481,36.7710
512,4482,36.7758
512,4483,36.7802
512,4484,36.7844
512,4485,36.7891
512,4486,36.7938
512,4487,36.7986
512,4488,36.8037
512,4489,36.8086
512,4490,36.8133
512,4491,36.8177
512,4492,36.8230
512,4493,36.8281
512,4494,36.8331
512,4495,36.8385
512,4496,36.8433
512,4497,36.8482
512,4498,36.8532
512,4499,36.8587
512,4500,36.8634
512,4501,36.8674
512,4502,36.8724
512,4503,36.8772
512,4504,36.8820
512,4505,36.8877
512,4506,36.8920
512,4507,36.8964
512,4508,36.9015
512,4509,36.9069
512,4510,36.9116
512,4511,36.9167
512,4512,36.9211
512,4513,36.9263
512,4514,36.9317
512,4515,36.9368
512,4516,36.9417
512,4517,36.9470
512,4518,36.9529
512,4519,36.9581
512,4520,36.9628
512,4521,36.9676
512,4522,36.9730
512,4523,36.9778
512,4524,36.9821
512,4525,36.9864
512,4526,36.9910
512,4527,36.9962
512,4528,37.0007
512,4529,37.0060
512,4530,37.0109
512,4531,37.0162
512,4532,37.0208
512,4533,37.0252
512,4534,37.0306
512,4535,37.0358
512,4536,37.0410
512,4537,37.0457
512,4538,37.0510
512,4539,37.0562
512,4540,37.0614
512,4541,37.0659
512,4542,37.0710
512,4543,37.0750
512,4544,37.0797
512,4545,37.0842
512,4546,37.0889
512,4547,37.0931
512,4548,37.0977
512,4549,37.1027
512,4550,37.1071
512,4551,37.1111
512,4552,37.1160
512,4553,37.1210
512,4554,37.1256
512,4555,37.1312
512,4556,37.1360
512,4557,37.1407
512,4558,37.1461
512,4559,37.1503
512,4560,37.1556
512,4561,37.1603
512,4562,37.1648
512,4563,37.1700
512,4564,37.1748
512,4565,37.1795
512,4566,37.1843
512,4567,37.1887
512,4568,37.1941
512,4569,37.1992
512,4570,37.2042
512,4571,37.2097
512,4572,37.2154
512,4573,37.2204
512,4574,37.2245
512,4575,37.2293
512,4576,37.2345
512,4577,37.2392
512,4578,37.2449
512,4579,37.2500
512,4580,37.2554
512,4581,37.2600
512,4582,37.2649
512,4583,37.2701
512,4584,37.2752
512,4585,37.2796
512,4586,37.2841
512,4587,37.2891
512,4588,37.2935
512,4589,37.2987
512,4590,37.3037
512,4591,37.3086
512,4592,37.3139
512,4593,37.3183
512,4594,37.3228
512,4595,37.3270
512,4596,37.3317
512,4597,37.3372
512,4598,37.3422
512,4599,37.3470
512,4600,37.3523
512,4601,37.3567
512,4602,37.3614
512,4603,37.3664
512,4604,37.3711
512,4605,37.3762
512,4606,37.3809
512,4607,37.3860
512,4608,37.3909
512,4609,37.3957
512,4610,37.4011
512,4611,37.4052
512,4612,37.4096
512,4613,37.4149
512,4614,37.4197
512,4615,37.4247
512,4616,37.4297
512,4617,37.4345
512,4618,37.4393
512,4619,37.4443
512,4620,37.4489
512,4621,37.4534
512,4622,37.4584
512,4623,37.4625
512,4624,37.4674
512,4625,37.4729
512,4626,37.4781
512,4627,37.4831
512,4628,37.4881
512,4629,37.4931
512,4630,37.4979
512,4631,37.5030
512,4632,37.5070
512,4633,37.5112
512,4634,37.5157
512,4635,37.5206
512,4636,37.5257
512,4637,37.5311
512,4638,37.5363
512,4639,37.5420
512,4640,37.5467
512,4641,37.5520
512,4642,37.5566
512,4643,37.5616
512,4644,37.5665
512,4645,37.5715
512,4646,37.5762
512,4647,37.5812
512,4648,37.5861
512,4649,37.5907
512,4650,37.5961
512,4651,37.6006
512,4652,37.6050
512,4653,37.6102
512,4654,37.6153
512,4655,37.6206
512,4656,37.6255
512,4657,37.6304
512,4658,37.6355
512,4659,37.6402
512,4660,37.6449
512,4661,37.6499
512,4662,37.6550
512,4663,37.6601
512,4664,37.6651
512,4665,37.6703
512,4666,37.6754
512,4667,37.6802
512,4668,37.6852
512,4669,37.6898
512,4670,37.6940
512,4671,37.6990
512,4672,37.7040
512,4673,37.7089
512,4674,37.7140
512,4675,37.7189
512,4676,37.7239
512,4677,37.7290
512,4678,37.7334
512,4679,37.7388
512,4680,37.7434
512,4681,37.7481
512,4682,37.7537
512,4683,37.7585
512,4684,37.7639
512,4685,37.7693
512,4686,37.7738
512,4687,37.7789
512,4688,37.7841
512,4689,37.7893
512,4690,37.7938
512,4691,37.7986
512,4692,37.8031
512,4693,37.8076
512,4694,37.8128
512,4695,37.8172
512,4696,37.8221
512,4697,37.8275
512,4698,37.8322
512,4699,37.8362
512,4700,37.8410
512,4701,37.8459
512,4702,37.8505
512,4703,37.8562
512,4704,37.8612
512,4705,37.8663
512,4706,37.8708
512,4707,37.8760
512,4708,37.8811
512,4709,37.8861
512,4710,37.8913
512,4711,37.8959
512,4712,37.9009
512,4713,37.9059
512,4714,37.9113
512,4715,37.9156
512,4716,37.9206
512,4717,37.9255
512,4718,37.9307
512,4719,37.9355
512,4720,37.9404
512,4721,37.9451
512,4722,37.9497
512,4723,37.9542
512,4724,37.9591
512,4725,37.9640
512,4726,37.9695
512,4727,37.9744
512,4728,37.9795
512,4729,37.9842
512,4730,37.9889
512,4731,37.9941
512,4732,37.9986
512,4733,38.0039
512,4734,38.0089
512,4735,38.0140
512,4736,38.0182
512,4737,38.0224
512,4738,38.0273
512,4739,38.0317
512,4740,38.0369
512,4741,38.0416
512,4742,38.0457
512,4743,38.0504
512,4744,38.0550
512,4745,38.0593
512,4746,38.0650
512,4747,38.0698
512,4748,38.0742
512,4749,38.0796
512,4750,38.0842
512,4751,38.0900
512,4752,38.0944
512,4753,38.0987
512,4754,38.1033
512,4755,38.1077
512,4756,38.1129
512,4757,38.1181
512,4758,38.1223
512,4759,38.1271
512,4760,38.1313
512,4761,38.1362
512,4762,38.1405
512,4763,38.1455
512,4764,38.1503
512,4765,38.1555
512,4766,38.1597
512,4767,38.1641
512,4768,38.1694
512,4769,38.1739
512,4770,38.1782
512,4771,38.1838
512,4772,38.1889
512,4773,38.1934
512,4774,38.1989
512,4775,38.2040
512,4776,38.2084
512,4777,38.2094
512,4778,38.2086
512,4779,38.2128
512,4780,38.2174
512,4781,38.2228
512,4782,38.2272
512,4783,38.2328
512,4784,38.2376
512,4785,38.2423
512,4786,38.2383
512,4787,38.2432
512,4788,38.2479
512,4789,38.2524
512,4790,38.2575
512,4791,38.2621
512,4792,38.2668
512,4793,38.2713
512,4794,38.2759
512,4795,38.2802
512,4796,38.2848
512,4797,38.2890
512,4798,38.2942
512,4799,38.2993
512,4800,38.3041
512,4801,38.2909
512,4802,38.2950
512,4803,38.3003
512,4804,38.3050
512,4805,38.3094
512,4806,38.3140
512,4807,38.3189
512,4808,38.3238
512,4809,38.3291
512,4810,38.3337
512,4811,38.3393
512,4812,38.3446
512,4813,38.3222
512,4814,38.3265
512,4815,38.3315
512,4816,38.3193
512,4817,38.3245
512,4818,38.3298
512,4819,38.3243
512,4820,38.3289
512,4821,38.3340
512,4822,38.3385
512,4823,38.3255
512,4824,38.3303
512,4825,38.3342
512,4826,38.3392
512,4827,38.3436
512,4828,38.3488
512,4829,38.3525
512,4830,38.3490
512,4831,38.3532
512,4832,38.3580
512,4833,38.3633
512,4834,38.3681
512,4835,38.3725
512,4836,38.3778
512,4837,38.3825
512,4838,38.3873
512,4839,38.3923
512,4840,38.3970
512,4841,38.4017
512,4842,38.4063
512,4843,38.4121
512,4844,38.4169
512,4845,38.3836
512,4846,38.3889
512,4847,38.3938
512,4848,38.3978
512,4849,38.4029
512,4850,38.4076
512,4851,38.4123
512,4852,38.4163
512,4853,38.4212
512,4854,38.4261
512,4855,38.4311
512,4856,38.4358
512,4857,38.4406
512,4858,38.4452
512,4859,38.4508
512,4860,38.4558
512,4861,38.4604
512,4862,38.4647
512,4863,38.4689
512,4864,38.4732
512,4865,38.4778
512,4866,38.4638
512,4867,38.4686
512,4868,38.4734
512,4869,38.4715
512,4870,38.4761
512,4871,38.4810
512,4872,38.4861
512,4873,38.4905
512,4874,38.4901
512,4875,38.4955
512,4876,38.4996
512,4877,38.5047
512,4878,38.5093
512,4879,38.5144
512,4880,38.5194
512,4881,38.5241
512,4882,38.5287
512,4883,38.5334
512,4884,38.5383
512,4885,38.5432
512,4886,38.5476
512,4887,38.5514
512,4888,38.5563
512,4889,38.5556
512,4890,38.5607
512,4891,38.5654
512,4892,38.5695
512,4893,38.5738
512,4894,38.5784
512,4895,38.5832
512,4896,38.5876
512,4897,38.5918
512,4898,38.5964
512,4899,38.6009
512,4900,38.6051
512,4901,38.6094
512,4902,38.6242
512,4903,38.6296
512,4904,38.6265
512,4905,38.6310
512,4906,38.6355
512,4907,38.6410
512,4908,38.6451
512,4909,38.6493
512,4910,38.6528
512,4911,38.6572
512,4912,38.6619
512,4913,38.6662
512,4914,38.6707
512,4915,38.6761
512,4916,38.6805
512,4917,38.6634
512,4918,38.6694
512,4919,38.6742
512,4920,38.6790
512,4921,38.6837
512,4922,38.6882
512,4923,38.6922
512,4924,38.6971
512,4925,38.7016
512,4926,38.7067
512,4927,38.7107
512,4928,38.7153
512,4929,38.7201
512,4930,38.7255
512,4931,38.7299
512,4932,38.7347
512,4933,38.7395
512,4934,38.7447
512,4935,38.7494
512,4936,38.7543
512,4937,38.7586
512,4938,38.7637
512,4939,38.7678
512,4940,38.7725
512,4941,38.7764
512,4942,38.7806
512,4943,38.7803
512,4944,38.7789
512,4945,38.7834
512,4946,38.7885
512,4947,38.7937
512,4948,38.7984
512,4949,38.8032
512,4950,38.8087
512,4951,38.8133
512,4952,38.8174
512,4953,38.8056
512,4954,38.8101
512,4955,38.8141
512,4956,38.8032
512,4957,38.8191
512,4958,38.8094
512,4959,38.8141
512,4960,38.8185
512,4961,38.8275
512,4962,38.8306
512,4963,38.8354
512,4964,38.8370
512,4965,38.8415
512,4966,38.8461
512,4967,38.8505
512,4968,38.8548
512,4969,38.8588
512,4970,38.8636
512,4971,38.8655
512,4972,38.8701
512,4973,38.8742
512,4974,38.8787
512,4975,38.8821
512,4976,38.8870
512,4977,38.8915
512,4978,38.8961
512,4979,38.8881
512,4980,38.8929
512,4981,38.8973
512,4982,38.9025
512,4983,38.9068
512,4984,38.9120
512,4985,38.9166
512,4986,38.9213
512,4987,38.9252
512,4988,38.9298
512,4989,38.9329
512,4990,38.9372
512,4991,38.9417
512,4992,38.9460
512,4993,38.9497
512,4994,38.9116
512,4995,38.9159
512,4996,38.9206
512,4997,38.9248
512,4998,38.9286
512,4999,38.9330
512,5000,38.9370
1024,1,0.0000
1024,2,0.5103
1024,3,0.7309
1024,4,0.8456
1024,5,0.9802
1024,6,1.0839
1024,7,1.2081
1024,8,1.3225
1024,9,1.4197
1024,10,1.4982
1024,11,1.5760
1024,12,1.6470
1024,13,1.7203
1024,14,1.7908
1024,15,1.8593
1024,16,1.9232
1024,17,1.9939
1024,18,2.0489
1024,19,2.1095
1024,20,2.1598
1024,21,2.2152
1024,22,2.2681
1024,23,2.3228
1024,24,2.3717
1024,25,2.4117
1024,26,2.4615
1024,27,2.5094
1024,28,2.5546
1024,29,2.6051
1024,30,2.6479
1024,31,2.6944
1024,32,2.7405
1024,33,2.7911
1024,34,2.8334
1024,35,2.8748
1024,36,2.9169
1024,37,2.9546
1024,38,2.9918
1024,39,3.0311
1024,40,3.0683
1024,41,3.1106
1024,42,3.1494
1024,43,3.1968
1024,44,3.2323
1024,45,3.2710
1024,46,3.3086
1024,47,3.3412
1024,48,3.3729
1024,49,3.4076
1024,50,3.4494
1024,51,3.4843
1024,52,3.5227
1024,53,3.5580
1024,54,3.5905
1024,55,3.6206
1024,56,3.6544
1024,57,3.6856
1024,58,3.7145
1024,59,3.7459
1024,60,3.7755
1024,61,3.8058
1024,62,3.8361
1024,63,3.8650
1024,64,3.8951
1024,65,3.9290
1024,66,3.9571
1024,67,3.9894
1024,68,4.0179
1024,69,4.0491
1024,70,4.0815
1024,71,4.1108
1024,72,4.1370
1024,73,4.1649
1024,74,4.1957
1024,75,4.2230
1024,76,4.2526
1024,77,4.2811
1024,78,4.3067
1024,79,4.3381
1024,80,4.3666
1024,81,4.3973
1024,82,4.4281
1024,83,4.4546
1024,84,4.4812
1024,85,4.5097
1024,86,4.5321
1024,87,4.5609
1024,88,4.5879
1024,89,4.6139
1024,90,4.6422
1024,91,4.6700
1024,92,4.6962
1024,93,4.7212
1024,94,4.7448
1024,95,4.7708
1024,96,4.7923
1024,97,4.8151
1024,98,4.8415
1024,99,4.8683
1024,100,4.8930
1024,101,4.9187
1024,102,4.9449
1024,103,4.9664
1024,104,4.9903
1024,105,5.0147
1024,106,5.0362
1024,107,5.0600
1024,108,5.0836
1024,109,5.1091
1024,110,5.1346
1024,111,5.1560
1024,112,5.1802
1024,113,5.2054
1024,114,5.2290
1024,115,5.2520
1024,116,5.2729
1024,117,5.2956
1024,118,5.3201
1024,119,5.3442
1024,120,5.3642
1024,121,5.3874
1024,122,5.4117
1024,123,5.4340
1024,124,5.4541
1024,125,5.4760
1024,126,5.4965
1024,127,5.5144
1024,128,5.5360
1024,129,5.5593
1024,130,5.5786
1024,131,5.5994
1024,132,5.6214
1024,133,5.6412
1024,134,5.6619
1024,135,5.6833
1024,136,5.7030
1024,137,5.7248
1024,138,5.7434
1024,139,5.7624
1024,140,5.7860
1024,141,5.8100
1024,142,5.8314
1024,143,5.8544
1024,144,5.8750
1024,145,5.8958
1024,146,5.9157
1024,147,5.9363
1024,148,5.9573
1024,149,5.9781
1024,150,5.9985
1024,151,6.0166
1024,152,6.0343
1024,153,6.0528
1024,154,6.0742
1024,155,6.0926
1024,156,6.1123
1024,157,6.1316
1024,158,6.1479
1024,159,6.1678
1024,160,6.1876
1024,161,6.2053
1024,162,6.2261
1024,163,6.2461
1024,164,6.2651
1024,165,6.2885
1024,166,6.3064
1024,167,6.3273
1024,168,6.3473
1024,169,6.3643
1024,170,6.3826
1024,171,6.4018
1024,172,6.4199
1024,173,6.4396
1024,174,6.4575
1024,175,6.4751
1024,176,6.4937
1024,177,6.5130
1024,178,6.5315
1024,179,6.5512
1024,180,6.5692
1024,181,6.5866
1024,182,6.6041
1024,183,6.6204
1024,184,6.6374
1024,185,6.6524
1024,186,6.6683
1024,187,6.6849
1024,188,6.7013
1024,189,6.7199
1024,190,6.7376
1024,191,6.7570
1024,192,6.7734
1024,193,6.7895
1024,194,6.8076
1024,195,6.8284
1024,196,6.8452
1024,197,6.8627
1024,198,6.8821
1024,199,6.8987
1024,200,6.9163
1024,201,6.9325
1024,202,6.9470
1024,203,6.9654
1024,204,6.9834
1024,205,6.9998
1024,206,7.0167
1024,207,7.0334
1024,208,7.0522
1024,209,7.0707
1024,210,7.0859
1024,211,7.1030
1024,212,7.1206
1024,213,7.1364
1024,214,7.1557
1024,215,7.1749
1024,216,7.1926
1024,217,7.2088
1024,218,7.2241
1024,219,7.2409
1024,220,7.2570
1024,221,7.2713
1024,222,7.2867
1024,223,7.3026
1024,224,7.3202
1024,225,7.3377
1024,226,7.3534
1024,227,7.3675
1024,228,7.3822
1024,229,7.3979
1024,230,7.4142
1024,231,7.4300
1024,232,7.4465
1024,233,7.4622
1024,234,7.4791
1024,235,7.4965
1024,236,7.5117
1024,237,7.5281
1024,238,7.5433
1024,239,7.5576
1024,240,7.5740
1024,241,7.5886
1024,242,7.6035
1024,243,7.6206
1024,244,7.6366
1024,245,7.6528
1024,246,7.6697
1024,247,7.6866
1024,248,7.7029
1024,249,7.7176
1024,250,7.7337
1024,251,7.7506
1024,252,7.7670
1024,253,7.7818
1024,254,7.7974
1024,255,7.8126
1024,256,7.8292
1024,257,7.8445
1024,258,7.8604
1024,259,7.8767
1024,260,7.8954
1024,261,7.9113
1024,262,7.9269
1024,263,7.9421
1024,264,7.9573
1024,265,7.9713
1024,266,7.9871
1024,267,8.0010
1024,268,8.0154
1024,269,8.0283
1024,270,8.0438
1024,271,8.0588
1024,272,8.0746
1024,273,8.0903
1024,274,8.1054
1024,275,8.1194
1024,276,8.1318
1024,277,8.1470
1024,278,8.1618
1024,279,8.1741
1024,280,8.1895
1024,281,8.2042
1024,282,8.2216
1024,283,8.2341
1024,284,8.2484
1024,285,8.2638
1024,286,8.2778
1024,287,8.2926
1024,288,8.3064
1024,289,8.3212
1024,290,8.3370
1024,291,8.3505
1024,292,8.3659
1024,293,8.3794
1024,294,8.3933
1024,295,8.4066
1024,296,8.4188
1024,297,8.4343
1024,298,8.4491
1024,299,8.4634
1024,300,8.4782
1024,301,8.4951
1024,302,8.5082
1024,303,8.5222
1024,304,8.5365
1024,305,8.5513
1024,306,8.5640
1024,307,8.5762
1024,308,8.5905
1024,309,8.6052
1024,310,8.6181
1024,311,8.6317
1024,312,8.6445
1024,313,8.6582
1024,314,8.6721
1024,315,8.6862
1024,316,8.7016
1024,317,8.7165
1024,318,8.7321
1024,319,8.7464
1024,320,8.7622
1024,321,8.7751
1024,322,8.7904
1024,323,8.8056
1024,324,8.8185
1024,325,8.8332
1024,326,8.8464
1024,327,8.8594
1024,328,8.8733
1024,329,8.8868
1024,330,8.9004
1024,331,8.9148
1024,332,8.9279
1024,333,8.9411
1024,334,8.9547
1024,335,8.9672
1024,336,8.9814
1024,337,8.9947
1024,338,9.0083
1024,339,9.0217
1024,340,9.0365
1024,341,9.0497
1024,342,9.0640
1024,343,9.0775
1024,344,9.0920
1024,345,9.1051
1024,346,9.1196
1024,347,9.1333
1024,348,9.1448
1024,349,9.1595
1024,350,9.1731
1024,351,9.1851
1024,352,9.1976
1024,353,9.2123
1024,354,9.2254
1024,355,9.2399
1024,356,9.2535
1024,357,9.2660
1024,358,9.2786
1024,359,9.2901
1024,360,9.3033
1024,361,9.3170
1024,362,9.3296
1024,363,9.3419
1024,364,9.3562
1024,365,9.3694
1024,366,9.3825
1024,367,9.3955
1024,368,9.4072
1024,369,9.4200
1024,370,9.4326
1024,371,9.4450
1024,372,9.4577
1024,373,9.4699
1024,374,9.4828
1024,375,9.4954
1024,376,9.5078
1024,377,9.5201
1024,378,9.5328
1024,379,9.5449
1024,380,9.5571
1024,381,9.5691
1024,382,9.5824
1024,383,9.5955
1024,384,9.6077
1024,385,9.6203
1024,386,9.6332
1024,387,9.6467
1024,388,9.6593
1024,389,9.6715
1024,390,9.6853
1024,391,9.6972
1024,392,9.7103
1024,393,9.7224
1024,394,9.7331
1024,395,9.7455
1024,396,9.7568
1024,397,9.7688
1024,398,9.7810
1024,399,9.7938
1024,400,9.8052
1024,401,9.8174
1024,402,9.8289
1024,403,9.8425
1024,404,9.8540
1024,405,9.8667
1024,406,9.8797
1024,407,9.8930
1024,408,9.9034
1024,409,9.9151
1024,410,9.9263
1024,411,9.9376
1024,412,9.9493
1024,413,9.9619
1024,414,9.9742
1024,415,9.9856
1024,416,9.9982
1024,417,10.0114
1024,418,10.0233
1024,419,10.0335
1024,420,10.0465
1024,421,10.0582
1024,422,10.0687
1024,423,10.0800
1024,424,10.0919
1024,425,10.1031
1024,426,10.1144
1024,427,10.1255
1024,428,10.1368
1024,429,10.1482
1024,430,10.1592
1024,431,10.1706
1024,432,10.1825
1024,433,10.1941
1024,434,10.2048
1024,435,10.2156
1024,436,10.2277
1024,437,10.2386
1024,438,10.2498
1024,439,10.2613
1024,440,10.2729
1024,441,10.2836
1024,442,10.2956
1024,443,10.3077
1024,444,10.3206
1024,445,10.3321
1024,446,10.3432
1024,447,10.3552
1024,448,10.3661
1024,449,10.3773
1024,450,10.3891
1024,451,10.4007
1024,452,10.4137
1024,453,10.4256
1024,454,10.4371
1024,455,10.4499
1024,456,10.4622
1024,457,10.4743
1024,458,10.4861
1024,459,10.4966
1024,460,10.5081
1024,461,10.5203
1024,462,10.5313
1024,463,10.5426
1024,464,10.5555
1024,465,10.5664
1024,466,10.5782
1024,467,10.5903
1024,468,10.6032
1024,469,10.6143
1024,470,10.6263
1024,471,10.6370
1024,472,10.6471
1024,473,10.6583
1024,474,10.6688
1024,475,10.6799
1024,476,10.6911
1024,477,10.7023
1024,478,10.7145
1024,479,10.7272
1024,480,10.7384
1024,481,10.7489
1024,482,10.7607
1024,483,10.7722
1024,484,10.7839
1024,485,10.7959
1024,486,10.8077
1024,487,10.8185
1024,488,10.8287
1024,489,10.8408
1024,490,10.8524
1024,491,10.8647
1024,492,10.8770
1024,493,10.8882
1024,494,10.8989
1024,495,10.9100
1024,496,10.9223
1024,497,10.9336
1024,498,10.9449
1024,499,10.9568
1024,500,10.9680
1024,501,10.9785
1024,502,10.9888
1024,503,11.0001
1024,504,11.0116
1024,505,11.0226
1024,506,11.0340
1024,507,11.0446
1024,508,11.0538
1024,509,11.0642
1024,510,11.0757
1024,511,11.0865
1024,512,11.0993
1024,513,11.1102
1024,514,11.1204
1024,515,11.1327
1024,516,11.1437
1024,517,11.1544
1024,518,11.1662
1024,519,11.1779
1024,520,11.1888
1024,521,11.1993
1024,522,11.2106
1024,523,11.2218
1024,524,11.2321
1024,525,11.2436
1024,526,11.2538
1024,527,11.2646
1024,528,11.2756
1024,529,11.2872
1024,530,11.2988
1024,531,11.3093
1024,532,11.3218
1024,533,11.3327
1024,534,11.3438
1024,535,11.3540
1024,536,11.3654
1024,537,11.3761
1024,538,11.3880
1024,539,11.3986
1024,540,11.4089
1024,541,11.4189
1024,542,11.4288
1024,543,11.4400
1024,544,11.4523
1024,545,11.4627
1024,546,11.4734
1024,547,11.4845
1024,548,11.4938
1024,549,11.5041
1024,550,11.5147
1024,551,11.5244
1024,552,11.5340
1024,553,11.5441
1024,554,11.5542
1024,555,11.5657
1024,556,11.5767
1024,557,11.5868
1024,558,11.5973
1024,559,11.6075
1024,560,11.6184
1024,561,11.6298
1024,562,11.6400
1024,563,11.6506
1024,564,11.6603
1024,565,11.6707
1024,566,11.6817
1024,567,11.6924
1024,568,11.7031
1024,569,11.7140
1024,570,11.7245
1024,571,11.7336
1024,572,11.7449
1024,573,11.7570
1024,574,11.7674
1024,575,11.7775
1024,576,11.7887
1024,577,11.7988
1024,578,11.8104
1024,579,11.8203
1024,580,11.8305
1024,581,11.8415
1024,582,11.8521
1024,583,11.8618
1024,584,11.8718
1024,585,11.8824
1024,586,11.8933
1024,587,11.9039
1024,588,11.9142
1024,589,11.9242
1024,590,11.9355
1024,591,11.9467
1024,592,11.9573
1024,593,11.9693
1024,594,11.9812
1024,595,11.9916
1024,596,12.0023
1024,597,12.0123
1024,598,12.0230
1024,599,12.0325
1024,600,12.0435
1024,601,12.0548
1024,602,12.0655
1024,603,12.0760
1024,604,12.0855
1024,605,12.0950
1024,606,12.1055
1024,607,12.1142
1024,608,12.1248
1024,609,12.1334
1024,610,12.1439
1024,611,12.1525
1024,612,12.1621
1024,613,12.1730
1024,614,12.1825
1024,615,12.1924
1024,616,12.2013
1024,617,12.2103
1024,618,12.2210
1024,619,12.2306
1024,620,12.2424
1024,621,12.2525
1024,622,12.2622
1024,623,12.2716
1024,624,12.2814
1024,625,12.2925
1024,626,12.3021
1024,627,12.3120
1024,628,12.3225
1024,629,12.3316
1024,630,12.3422
1024,631,12.3521
1024,632,12.3632
1024,633,12.3729
1024,634,12.3851
1024,635,12.3954
1024,636,12.4048
1024,637,12.4155
1024,638,12.4257
1024,639,12.4366
1024,640,12.4465
1024,641,12.4578
1024,642,12.4678
1024,643,12.4773
1024,644,12.4883
1024,645,12.4981
1024,646,12.5084
1024,647,12.5185
1024,648,12.5284
1024,649,12.5385
1024,650,12.5483
1024,651,12.5582
1024,652,12.5677
1024,653,12.5792
1024,654,12.5894
1024,655,12.5991
1024,656,12.6098
1024,657,12.6204
1024,658,12.6294
1024,659,12.6388
1024,660,12.6477
1024,661,12.6577
1024,662,12.6678
1024,663,12.6791
1024,664,12.6898
1024,665,12.6992
1024,666,12.7077
1024,667,12.7171
1024,668,12.7264
1024,669,12.7365
1024,670,12.7466
1024,671,12.7566
1024,672,12.7671
1024,673,12.7757
1024,674,12.7853
1024,675,12.7953
1024,676,12.8041
1024,677,12.8143
1024,678,12.8240
1024,679,12.8336
1024,680,12.8431
1024,681,12.8518
1024,682,12.8614
1024,683,12.8701
1024,684,12.8792
1024,685,12.8891
1024,686,12.8975
1024,687,12.9055
1024,688,12.9152
1024,689,12.9255
1024,690,12.9353
1024,691,12.9449
1024,692,12.9552
1024,693,12.9637
1024,694,12.9733
1024,695,12.9827
1024,696,12.9922
1024,697,13.0022
1024,698,13.0112
1024,699,13.0206
1024,700,13.0306
1024,701,13.0399
1024,702,13.0499
1024,703,13.0600
1024,704,13.0696
1024,705,13.0783
1024,706,13.0866
1024,707,13.0966
1024,708,13.1069
1024,709,13.1171
1024,710,13.1264
1024,711,13.1352
1024,712,13.1437
1024,713,13.1523
1024,714,13.1622
1024,715,13.1710
1024,716,13.1800
1024,717,13.1897
1024,718,13.1982
1024,719,13.2081
1024,720,13.2168
1024,721,13.2258
1024,722,13.2338
1024,723,13.2432
1024,724,13.2535
1024,725,13.2633
1024,726,13.2732
1024,727,13.2812
1024,728,13.2900
1024,729,13.2992
1024,730,13.3079
1024,731,13.3172
1024,732,13.3262
1024,733,13.3353
1024,734,13.3445
1024,735,13.3535
1024,736,13.3626
1024,737,13.3715
1024,738,13.3799
1024,739,13.3899
1024,740,13.3991
1024,741,13.4078
1024,742,13.4176
1024,743,13.4257
1024,744,13.4344
1024,745,13.4439
1024,746,13.4525
1024,747,13.4614
1024,748,13.4710
1024,749,13.4810
1024,750,13.4900
1024,751,13.4979
1024,752,13.5066
1024,753,13.5165
1024,754,13.5245
1024,755,13.5330
1024,756,13.5410
1024,757,13.5495
1024,758,13.5578
1024,759,13.5665
1024,760,13.5759
1024,761,13.5844
1024,762,13.5934
1024,763,13.6025
1024,764,13.6111
1024,765,13.6209
1024,766,13.6301
1024,767,13.6392
1024,768,13.6483
1024,769,13.6583
1024,770,13.6679
1024,771,13.6766
1024,772,13.6865
1024,773,13.6950
1024,774,13.7029
1024,775,13.7115
1024,776,13.7209
1024,777,13.7293
1024,778,13.7387
1024,779,13.7472
1024,780,13.7556
1024,781,13.7647
1024,782,13.7735
1024,783,13.7812
1024,784,13.7907
1024,785,13.8000
1024,786,13.8086
1024,787,13.8184
1024,788,13.8278
1024,789,13.8373
1024,790,13.8463
1024,791,13.8564
1024,792,13.8651
1024,793,13.8749
1024,794,13.8831
1024,795,13.8925
1024,796,13.9016
1024,797,13.9110
1024,798,13.9196
1024,799,13.9283
1024,800,13.9360
1024,801,13.9451
1024,802,13.9530
1024,803,13.9616
1024,804,13.9708
1024,805,13.9806
1024,806,13.9897
1024,807,13.9979
1024,808,14.0064
1024,809,14.0151
1024,810,14.0245
1024,811,14.0330
1024,812,14.0421
1024,813,14.0505
1024,814,14.0579
1024,815,14.0662
1024,816,14.0747
1024,817,14.0835
1024,818,14.0923
1024,819,14.1009
1024,820,14.1092
1024,821,14.1176
1024,822,14.1266
1024,823,14.1351
1024,824,14.1437
1024,825,14.1534
1024,826,14.1625
1024,827,14.1716
1024,828,14.1802
1024,829,14.1892
1024,830,14.1976
1024,831,14.2064
1024,832,14.2151
1024,833,14.2231
1024,834,14.2315
1024,835,14.2396
1024,836,14.2480
1024,837,14.2562
1024,838,14.2647
1024,839,14.2729
1024,840,14.2809
1024,841,14.2897
1024,842,14.2986
1024,843,14.3061
1024,844,14.3148
1024,845,14.3226
1024,846,14.3313
1024,847,14.3409
1024,848,14.3499
1024,849,14.3586
1024,850,14.3674
1024,851,14.3762
1024,852,14.3847
1024,853,14.3931
1024,854,14.4014
1024,855,14.4104
1024,856,14.4190
1024,857,14.4282
1024,858,14.4376
1024,859,14.4462
1024,860,14.4560
1024,861,14.4633
1024,862,14.4717
1024,863,14.4811
1024,864,14.4902
1024,865,14.4983
1024,866,14.5067
1024,867,14.5153
1024,868,14.5230
1024,869,14.5316
1024,870,14.5397
1024,871,14.5481
1024,872,14.5564
1024,873,14.5648
1024,874,14.5726
1024,875,14.5812
1024,876,14.5891
1024,877,14.5968
1024,878,14.6059
1024,879,14.6144
1024,880,14.6226
1024,881,14.6308
1024,882,14.6396
1024,883,14.6473
1024,884,14.6569
1024,885,14.6648
1024,886,14.6744
1024,887,14.6821
1024,888,14.6910
1024,889,14.6992
1024,890,14.7075
1024,891,14.7162
1024,892,14.7245
1024,893,14.7325
1024,894,14.7417
1024,895,14.7501
1024,896,14.7589
1024,897,14.7677
1024,898,14.7762
1024,899,14.7847
1024,900,14.7921
1024,901,14.7998
1024,902,14.8089
1024,903,14.8170
1024,904,14.8243
1024,905,14.8321
1024,906,14.8398
1024,907,14.8482
1024,908,14.8571
1024,909,14.8660
1024,910,14.8730
1024,911,14.8816
1024,912,14.8895
1024,913,14.8976
1024,914,14.9067
1024,915,14.9146
1024,916,14.9227
1024,917,14.9311
1024,918,14.9394
1024,919,14.9474
1024,920,14.9561
1024,921,14.9640
1024,922,14.9728
1024,923,14.9816
1024,924,14.9886
1024,925,14.9970
1024,926,15.0052
1024,927,15.0129
1024,928,15.0212
1024,929,15.0287
1024,930,15.0376
1024,931,15.0459
1024,932,15.0549
1024,933,15.0635
1024,934,15.0710
1024,935,15.0797
1024,936,15.0875
1024,937,15.0955
1024,938,15.1035
1024,939,15.1110
1024,940,15.1191
1024,941,15.1270
1024,942,15.1354
1024,943,15.1428
1024,944,15.1506
1024,945,15.1582
1024,946,15.1661
1024,947,15.1738
1024,948,15.1815
1024,949,15.1901
1024,950,15.1984
1024,951,15.2065
1024,952,15.2147
1024,953,15.2229
1024,954,15.2316
1024,955,15.2393
1024,956,15.2481
1024,957,15.2555
1024,958,15.2637
1024,959,15.2714
1024,960,15.2792
1024,961,15.2874
1024,962,15.2946
1024,963,15.3029
1024,964,15.3108
1024,965,15.3190
1024,966,15.3275
1024,967,15.3349
1024,968,15.3422
1024,969,15.3515
1024,970,15.3590
1024,971,15.3675
1024,972,15.3756
1024,973,15.3836
1024,974,15.3927
1024,975,15.4012
1024,976,15.4091
1024,977,15.4183
1024,978,15.4266
1024,979,15.4356
1024,980,15.4440
1024,981,15.4523
1024,982,15.4602
1024,983,15.4681
1024,984,15.4754
1024,985,15.4834
1024,986,15.4912
1024,987,15.4992
1024,988,15.5076
1024,989,15.5150
1024,990,15.5241
1024,991,15.5326
1024,992,15.5414
1024,993,15.5489
1024,994,15.5567
1024,995,15.5651
1024,996,15.5738
1024,997,15.5809
1024,998,15.5891
1024,999,15.5969
1024,1000,15.6049
1024,1001,15.6130
1024,1002,15.6216
1024,1003,15.6297
1024,1004,15.6370
1024,1005,15.6453
1024,1006,15.6522
1024,1007,15.6609
1024,1008,15.6686
1024,1009,15.6760
1024,1010,15.6834
1024,1011,15.6923
1024,1012,15.6997
1024,1013,15.7072
1024,1014,15.7152
1024,1015,15.7237
1024,1016,15.7308
1024,1017,15.7393
1024,1018,15.7468
1024,1019,15.7539
1024,1020,15.7614
1024,1021,15.7689
1024,1022,15.7766
1024,1023,15.7841
1024,1024,15.7926
1024,1025,15.8010
1024,1026,15.8082
1024,1027,15.8168
1024,1028,15.8243
1024,1029,15.8321
1024,1030,15.8402
1024,1031,15.8479
1024,1032,15.8557
1024,1033,15.8631
1024,1034,15.8704
1024,1035,15.8771
1024,1036,15.8842
1024,1037,15.8922
1024,1038,15.9007
1024,1039,15.9086
1024,1040,15.9161
1024,1041,15.9240
1024,1042,15.9315
1024,1043,15.9389
1024,1044,15.9478
1024,1045,15.9557
1024,1046,15.9633
1024,1047,15.9716
1024,1048,15.9796
1024,1049,15.9879
1024,1050,15.9961
1024,1051,16.0040
1024,1052,16.0119
1024,1053,16.0199
1024,1054,16.0281
1024,1055,16.0360
1024,1056,16.0444
1024,1057,16.0530
1024,1058,16.0611
1024,1059,16.0697
1024,1060,16.0780
1024,1061,16.0855
1024,1062,16.0928
1024,1063,16.1014
1024,1064,16.1089
1024,1065,16.1169
1024,1066,16.1246
1024,1067,16.1332
1024,1068,16.1423
1024,1069,16.1506
1024,1070,16.1591
1024,1071,16.1670
1024,1072,16.1753
1024,1073,16.1824
1024,1074,16.1904
1024,1075,16.1986
1024,1076,16.2076
1024,1077,16.2144
1024,1078,16.2220
1024,1079,16.2302
1024,1080,16.2380
1024,1081,16.2443
1024,1082,16.2518
1024,1083,16.2602
1024,1084,16.2676
1024,1085,16.2759
1024,1086,16.2832
1024,1087,16.2911
1024,1088,16.2975
1024,1089,16.3057
1024,1090,16.3121
1024,1091,16.3192
1024,1092,16.3273
1024,1093,16.3344
1024,1094,16.3424
1024,1095,16.3503
1024,1096,16.3590
1024,1097,16.3670
1024,1098,16.3740
1024,1099,16.3822
1024,1100,16.3903
1024,1101,16.3981
1024,1102,16.4058
1024,1103,16.4129
1024,1104,16.4207
1024,1105,16.4280
1024,1106,16.4367
1024,1107,16.4440
1024,1108,16.4521
1024,1109,16.4593
1024,1110,16.4674
1024,1111,16.4757
1024,1112,16.4830
1024,1113,16.4907
1024,1114,16.4989
1024,1115,16.5068
1024,1116,16.5155
1024,1117,16.5233
1024,1118,16.5309
1024,1119,16.5388
1024,1120,16.5468
1024,1121,16.5542
1024,1122,16.5613
1024,1123,16.5688
1024,1124,16.5766
1024,1125,16.5840
1024,1126,16.5920
1024,1127,16.5997
1024,1128,16.6073
1024,1129,16.6141
1024,1130,16.6214
1024,1131,16.6296
1024,1132,16.6374
1024,1133,16.6447
1024,1134,16.6523
1024,1135,16.6598
1024,1136,16.6671
1024,1137,16.6753
1024,1138,16.6823
1024,1139,16.6905
1024,1140,16.6982
1024,1141,16.7061
1024,1142,16.7132
1024,1143,16.7207
1024,1144,16.7291
1024,1145,16.7369
1024,1146,16.7435
1024,1147,16.7514
1024,1148,16.7591
1024,1149,16.7664
1024,1150,16.7734
1024,1151,16.7809
1024,1152,16.7884
1024,1153,16.7964
1024,1154,16.8040
1024,1155,16.8121
1024,1156,16.8200
1024,1157,16.8272
1024,1158,16.8355
1024,1159,16.8422
1024,1160,16.8496
1024,1161,16.8576
1024,1162,16.8652
1024,1163,16.8721
1024,1164,16.8799
1024,1165,16.8875
1024,1166,16.8946
1024,1167,16.9025
1024,1168,16.9099
1024,1169,16.9179
1024,1170,16.9253
1024,1171,16.9331
1024,1172,16.9405
1024,1173,16.9480
1024,1174,16.9554
1024,1175,16.9628
1024,1176,16.9705
1024,1177,16.9777
1024,1178,16.9843
1024,1179,16.9913
1024,1180,16.9990
1024,1181,17.0072
1024,1182,17.0140
1024,1183,17.0217
1024,1184,17.0284
1024,1185,17.0363
1024,1186,17.0440
1024,1187,17.0516
1024,1188,17.0590
1024,1189,17.0670
1024,1190,17.0739
1024,1191,17.0820
1024,1192,17.0895
1024,1193,17.0968
1024,1194,17.1041
1024,1195,17.1111
1024,1196,17.1187
1024,1197,17.1267
1024,1198,17.1350
1024,1199,17.1427
1024,1200,17.1502
1024,1201,17.1570
1024,1202,17.1646
1024,1203,17.1722
1024,1204,17.1801
1024,1205,17.1873
1024,1206,17.1943
1024,1207,17.2020
1024,1208,17.2094
1024,1209,17.2170
1024,1210,17.2244
1024,1211,17.2324
1024,1212,17.2402
1024,1213,17.2480
1024,1214,17.2558
1024,1215,17.2630
1024,1216,17.2701
1024,1217,17.2775
1024,1218,17.2844
1024,1219,17.2914
1024,1220,17.2983
1024,1221,17.3063
1024,1222,17.3141
1024,1223,17.3211
1024,1224,17.3283
1024,1225,17.3354
1024,1226,17.3431
1024,1227,17.3504
1024,1228,17.3576
1024,1229,17.3657
1024,1230,17.3739
1024,1231,17.3810
1024,1232,17.3889
1024,1233,17.3969
1024,1234,17.4044
1024,1235,17.4120
1024,1236,17.4186
1024,1237,17.4258
1024,1238,17.4331
1024,1239,17.4410
1024,1240,17.4476
1024,1241,17.4552
1024,1242,17.4619
1024,1243,17.4692
1024,1244,17.4774
1024,1245,17.4847
1024,1246,17.4924
1024,1247,17.4998
1024,1248,17.5069
1024,1249,17.5140
1024,1250,17.5219
1024,1251,17.5296
1024,1252,17.5366
1024,1253,17.5440
1024,1254,17.5519
1024,1255,17.5592
1024,1256,17.5660
1024,1257,17.5724
1024,1258,17.5800
1024,1259,17.5870
1024,1260,17.5936
1024,1261,17.6009
1024,1262,17.6081
1024,1263,17.6154
1024,1264,17.6222
1024,1265,17.6297
1024,1266,17.6365
1024,1267,17.6423
1024,1268,17.6501
1024,1269,17.6571
1024,1270,17.6641
1024,1271,17.6706
1024,1272,17.6784
1024,1273,17.6860
1024,1274,17.6931
1024,1275,17.6998
1024,1276,17.7062
1024,1277,17.7146
1024,1278,17.7226
1024,1279,17.7302
1024,1280,17.7375
1024,1281,17.7444
1024,1282,17.7523
1024,1283,17.7596
1024,1284,17.7669
1024,1285,17.7730
1024,1286,17.7802
1024,1287,17.7871
1024,1288,17.7936
1024,1289,17.8009
1024,1290,17.8085
1024,1291,17.8157
1024,1292,17.8237
1024,1293,17.8308
1024,1294,17.8381
1024,1295,17.8459
1024,1296,17.8542
1024,1297,17.8604
1024,1298,17.8673
1024,1299,17.8740
1024,1300,17.8811
1024,1301,17.8884
1024,1302,17.8955
1024,1303,17.9025
1024,1304,17.9095
1024,1305,17.9168
1024,1306,17.9239
1024,1307,17.9311
1024,1308,17.9378
1024,1309,17.9447
1024,1310,17.9523
1024,1311,17.9599
1024,1312,17.9673
1024,1313,17.9754
1024,1314,17.9820
1024,1315,17.9890
1024,1316,17.9954
1024,1317,18.0031
1024,1318,18.0104
1024,1319,18.0174
1024,1320,18.0249
1024,1321,18.0319
1024,1322,18.0385
1024,1323,18.0446
1024,1324,18.0515
1024,1325,18.0578
1024,1326,18.0646
1024,1327,18.0715
1024,1328,18.0785
1024,1329,18.0867
1024,1330,18.0941
1024,1331,18.1022
1024,1332,18.1092
1024,1333,18.1161
1024,1334,18.1230
1024,1335,18.1303
1024,1336,18.1378
1024,1337,18.1448
1024,1338,18.1518
1024,1339,18.1580
1024,1340,18.1647
1024,1341,18.1723
1024,1342,18.1789
1024,1343,18.1858
1024,1344,18.1931
1024,1345,18.2004
1024,1346,18.2069
1024,1347,18.2140
1024,1348,18.2211
1024,1349,18.2284
1024,1350,18.2353
1024,1351,18.2422
1024,1352,18.2488
1024,1353,18.2555
1024,1354,18.2633
1024,1355,18.2706
1024,1356,18.2785
1024,1357,18.2854
1024,1358,18.2918
1024,1359,18.2993
1024,1360,18.3059
1024,1361,18.3136
1024,1362,18.3208
1024,1363,18.3276
1024,1364,18.3342
1024,1365,18.3410
1024,1366,18.3480
1024,1367,18.3552
1024,1368,18.3626
1024,1369,18.3705
1024,1370,18.3771
1024,1371,18.3849
1024,1372,18.3917
1024,1373,18.3982
1024,1374,18.4047
1024,1375,18.4110
1024,1376,18.4180
1024,1377,18.4245
1024,1378,18.4317
1024,1379,18.4376
1024,1380,18.4442
1024,1381,18.4508
1024,1382,18.4577
1024,1383,18.4640
1024,1384,18.4704
1024,1385,18.4770
1024,1386,18.4841
1024,1387,18.4914
1024,1388,18.4990
1024,1389,18.5070
1024,1390,18.5134
1024,1391,18.5201
1024,1392,18.5265
1024,1393,18.5342
1024,1394,18.5410
1024,1395,18.5473
1024,1396,18.5543
1024,1397,18.5607
1024,1398,18.5675
1024,1399,18.5748
1024,1400,18.5820
1024,1401,18.5888
1024,1402,18.5947
1024,1403,18.6019
1024,1404,18.6087
1024,1405,18.6160
1024,1406,18.6228
1024,1407,18.6296
1024,1408,18.6366
1024,1409,18.6435
1024,1410,18.6504
1024,1411,18.6571
1024,1412,18.6638
1024,1413,18.6704
1024,1414,18.6766
1024,1415,18.6829
1024,1416,18.6899
1024,1417,18.6968
1024,1418,18.7031
1024,1419,18.7100
1024,1420,18.7159
1024,1421,18.7231
1024,1422,18.7294
1024,1423,18.7363
1024,1424,18.7429
1024,1425,18.7490
1024,1426,18.7557
1024,1427,18.7621
1024,1428,18.7695
1024,1429,18.7766
1024,1430,18.7838
1024,1431,18.7912
1024,1432,18.7982
1024,1433,18.8046
1024,1434,18.8116
1024,1435,18.8187
1024,1436,18.8252
1024,1437,18.8314
1024,1438,18.8385
1024,1439,18.8455
1024,1440,18.8522
1024,1441,18.8592
1024,1442,18.8657
1024,1443,18.8721
1024,1444,18.8780
1024,1445,18.8856
1024,1446,18.8930
1024,1447,18.8998
1024,1448,18.9067
1024,1449,18.9131
1024,1450,18.9197
1024,1451,18.9277
1024,1452,18.9344
1024,1453,18.9412
1024,1454,18.9486
1024,1455,18.9554
1024,1456,18.9622
1024,1457,18.9688
1024,1458,18.9752
1024,1459,18.9821
1024,1460,18.9890
1024,1461,18.9965
1024,1462,19.0033
1024,1463,19.0099
1024,1464,19.0168
1024,1465,19.0235
1024,1466,19.0308
1024,1467,19.0376
1024,1468,19.0447
1024,1469,19.0519
1024,1470,19.0589
1024,1471,19.0651
1024,1472,19.0717
1024,1473,19.0780
1024,1474,19.0848
1024,1475,19.0922
1024,1476,19.0988
1024,1477,19.1060
1024,1478,19.1133
1024,1479,19.1203
1024,1480,19.1272
1024,1481,19.1332
1024,1482,19.1406
1024,1483,19.1472
1024,1484,19.1538
1024,1485,19.1607
1024,1486,19.1673
1024,1487,19.1740
1024,1488,19.1803
1024,1489,19.1867
1024,1490,19.1935
1024,1491,19.2010
1024,1492,19.2083
1024,1493,19.2147
1024,1494,19.2213
1024,1495,19.2283
1024,1496,19.2353
1024,1497,19.2419
1024,1498,19.2488
1024,1499,19.2551
1024,1500,19.2620
1024,1501,19.2694
1024,1502,19.2762
1024,1503,19.2830
1024,1504,19.2908
1024,1505,19.2971
1024,1506,19.3037
1024,1507,19.3096
1024,1508,19.3165
1024,1509,19.3233
1024,1510,19.3300
1024,1511,19.3374
1024,1512,19.3445
1024,1513,19.3510
1024,1514,19.3585
1024,1515,19.3659
1024,1516,19.3730
1024,1517,19.3806
1024,1518,19.3872
1024,1519,19.3948
1024,1520,19.4014
1024,1521,19.4081
1024,1522,19.4141
1024,1523,19.4203
1024,1524,19.4277
1024,1525,19.4344
1024,1526,19.4418
1024,1527,19.4485
1024,1528,19.4556
1024,1529,19.4619
1024,1530,19.4679
1024,1531,19.4750
1024,1532,19.4820
1024,1533,19.4889
1024,1534,19.4957
1024,1535,19.5024
1024,1536,19.5089
1024,1537,19.5157
1024,1538,19.5221
1024,1539,19.5290
1024,1540,19.5358
1024,1541,19.5423
1024,1542,19.5497
1024,1543,19.5565
1024,1544,19.5630
1024,1545,19.5700
1024,1546,19.5768
1024,1547,19.5838
1024,1548,19.5904
1024,1549,19.5970
1024,1550,19.6040
1024,1551,19.6106
1024,1552,19.6175
1024,1553,19.6240
1024,1554,19.6304
1024,1555,19.6370
1024,1556,19.6442
1024,1557,19.6511
1024,1558,19.6578
1024,1559,19.6652
1024,1560,19.6718
1024,1561,19.6782
1024,1562,19.6844
1024,1563,19.6917
1024,1564,19.6987
1024,1565,19.7043
1024,1566,19.7118
1024,1567,19.7188
1024,1568,19.7254
1024,1569,19.7315
1024,1570,19.7386
1024,1571,19.7456
1024,1572,19.7524
1024,1573,19.7594
1024,1574,19.7663
1024,1575,19.7727
1024,1576,19.7789
1024,1577,19.7858
1024,1578,19.7925
1024,1579,19.7990
1024,1580,19.8054
1024,1581,19.8123
1024,1582,19.8193
1024,1583,19.8261
1024,1584,19.8339
1024,1585,19.8404
1024,1586,19.8479
1024,1587,19.8542
1024,1588,19.8612
1024,1589,19.8677
1024,1590,19.8744
1024,1591,19.8812
1024,1592,19.8876
1024,1593,19.8940
1024,1594,19.9009
1024,1595,19.9072
1024,1596,19.9135
1024,1597,19.9202
1024,1598,19.9268
1024,1599,19.9333
1024,1600,19.9397
1024,1601,19.9468
1024,1602,19.9537
1024,1603,19.9605
1024,1604,19.9678
1024,1605,19.9746
1024,1606,19.9806
1024,1607,19.9878
1024,1608,19.9940
1024,1609,20.0008
1024,1610,20.0072
1024,1611,20.0141
1024,1612,20.0208
1024,1613,20.0268
1024,1614,20.0335
1024,1615,20.0393
1024,1616,20.0466
1024,1617,20.0527
1024,1618,20.0588
1024,1619,20.0648
1024,1620,20.0708
1024,1621,20.0773
1024,1622,20.0846
1024,1623,20.0908
1024,1624,20.0977
1024,1625,20.1045
1024,1626,20.1109
1024,1627,20.1179
1024,1628,20.1250
1024,1629,20.1318
1024,1630,20.1390
1024,1631,20.1445
1024,1632,20.1515
1024,1633,20.1580
1024,1634,20.1649
1024,1635,20.1717
1024,1636,20.1778
1024,1637,20.1846
1024,1638,20.1912
1024,1639,20.1978
1024,1640,20.2042
1024,1641,20.2111
1024,1642,20.2175
1024,1643,20.2240
1024,1644,20.2308
1024,1645,20.2369
1024,1646,20.2435
1024,1647,20.2501
1024,1648,20.2568
1024,1649,20.2633
1024,1650,20.2699
1024,1651,20.2761
1024,1652,20.2824
1024,1653,20.2888
1024,1654,20.2948
1024,1655,20.3008
1024,1656,20.3072
1024,1657,20.3140
1024,1658,20.3205
1024,1659,20.3265
1024,1660,20.3332
1024,1661,20.3398
1024,1662,20.3458
1024,1663,20.3527
1024,1664,20.3584
1024,1665,20.3652
1024,1666,20.3721
1024,1667,20.3787
1024,1668,20.3849
1024,1669,20.3916
1024,1670,20.3983
1024,1671,20.4046
1024,1672,20.4119
1024,1673,20.4179
1024,1674,20.4247
1024,1675,20.4311
1024,1676,20.4374
1024,1677,20.4447
1024,1678,20.4517
1024,1679,20.4573
1024,1680,20.4633
1024,1681,20.4699
1024,1682,20.4755
1024,1683,20.4815
1024,1684,20.4873
1024,1685,20.4935
1024,1686,20.4997
1024,1687,20.5066
1024,1688,20.5133
1024,1689,20.5201
1024,1690,20.5263
1024,1691,20.5327
1024,1692,20.5397
1024,1693,20.5464
1024,1694,20.5527
1024,1695,20.5595
1024,1696,20.5657
1024,1697,20.5710
1024,1698,20.5766
1024,1699,20.5824
1024,1700,20.5884
1024,1701,20.5949
1024,1702,20.6011
1024,1703,20.6071
1024,1704,20.6137
1024,1705,20.6196
1024,1706,20.6272
1024,1707,20.6341
1024,1708,20.6403
1024,1709,20.6473
1024,1710,20.6535
1024,1711,20.6588
1024,1712,20.6653
1024,1713,20.6720
1024,1714,20.6785
1024,1715,20.6851
1024,1716,20.6919
1024,1717,20.6983
1024,1718,20.7048
1024,1719,20.7112
1024,1720,20.7180
1024,1721,20.7238
1024,1722,20.7299
1024,1723,20.7367
1024,1724,20.7432
1024,1725,20.7490
1024,1726,20.7552
1024,1727,20.7616
1024,1728,20.7680
1024,1729,20.7750
1024,1730,20.7809
1024,1731,20.7877
1024,1732,20.7947
1024,1733,20.8009
1024,1734,20.8076
1024,1735,20.8135
1024,1736,20.8197
1024,1737,20.8249
1024,1738,20.8318
1024,1739,20.8383
1024,1740,20.8454
1024,1741,20.8515
1024,1742,20.8572
1024,1743,20.8643
1024,1744,20.8711
1024,1745,20.8783
1024,1746,20.8848
1024,1747,20.8912
1024,1748,20.8971
1024,1749,20.9027
1024,1750,20.9092
1024,1751,20.9158
1024,1752,20.9221
1024,1753,20.9289
1024,1754,20.9356
1024,1755,20.9424
1024,1756,20.9494
1024,1757,20.9554
1024,1758,20.9622
1024,1759,20.9681
1024,1760,20.9745
1024,1761,20.9807
1024,1762,20.9871
1024,1763,20.9934
1024,1764,21.0003
1024,1765,21.0063
1024,1766,21.0135
1024,1767,21.0193
1024,1768,21.0260
1024,1769,21.0323
1024,1770,21.0379
1024,1771,21.0444
1024,1772,21.0507
1024,1773,21.0572
1024,1774,21.0636
1024,1775,21.0704
1024,1776,21.0766
1024,1777,21.0830
1024,1778,21.0886
1024,1779,21.0949
1024,1780,21.1015
1024,1781,21.1081
1024,1782,21.1138
1024,1783,21.1194
1024,1784,21.1261
1024,1785,21.1325
1024,1786,21.1389
1024,1787,21.1450
1024,1788,21.1511
1024,1789,21.1572
1024,1790,21.1638
1024,1791,21.1711
1024,1792,21.1775
1024,1793,21.1851
1024,1794,21.1912
1024,1795,21.1977
1024,1796,21.2036
1024,1797,21.2100
1024,1798,21.2159
1024,1799,21.2219
1024,1800,21.2280
1024,1801,21.2346
1024,1802,21.2407
1024,1803,21.2478
1024,1804,21.2542
1024,1805,21.2605
1024,1806,21.2672
1024,1807,21.2737
1024,1808,21.2802
1024,1809,21.2864
1024,1810,21.2928
1024,1811,21.2993
1024,1812,21.3059
1024,1813,21.3122
1024,1814,21.3180
1024,1815,21.3245
1024,1816,21.3304
1024,1817,21.3365
1024,1818,21.3428
1024,1819,21.3486
1024,1820,21.3543
1024,1821,21.3600
1024,1822,21.3666
1024,1823,21.3727
1024,1824,21.3782
1024,1825,21.3847
1024,1826,21.3910
1024,1827,21.3974
1024,1828,21.4041
1024,1829,21.4105
1024,1830,21.4159
1024,1831,21.4225
1024,1832,21.4288
1024,1833,21.4346
1024,1834,21.4409
1024,1835,21.4476
1024,1836,21.4535
1024,1837,21.4602
1024,1838,21.4662
1024,1839,21.4725
1024,1840,21.4790
1024,1841,21.4851
1024,1842,21.4917
1024,1843,21.4987
1024,1844,21.5051
1024,1845,21.5115
1024,1846,21.5180
1024,1847,21.5245
1024,1848,21.5313
1024,1849,21.5379
1024,1850,21.5442
1024,1851,21.5498
1024,1852,21.5563
1024,1853,21.5626
1024,1854,21.5690
1024,1855,21.5757
1024,1856,21.5823
1024,1857,21.5887
1024,1858,21.5949
1024,1859,21.6011
1024,1860,21.6071
1024,1861,21.6127
1024,1862,21.6186
1024,1863,21.6248
1024,1864,21.6304
1024,1865,21.6364
1024,1866,21.6424
1024,1867,21.6483
1024,1868,21.6551
1024,1869,21.6616
1024,1870,21.6680
1024,1871,21.6748
1024,1872,21.6808
1024,1873,21.6871
1024,1874,21.6929
1024,1875,21.6988
1024,1876,21.7047
1024,1877,21.7112
1024,1878,21.7176
1024,1879,21.7245
1024,1880,21.7310
1024,1881,21.7373
1024,1882,21.7437
1024,1883,21.7497
1024,1884,21.7557
1024,1885,21.7621
1024,1886,21.7682
1024,1887,21.7748
1024,1888,21.7820
1024,1889,21.7882
1024,1890,21.7944
1024,1891,21.8004
1024,1892,21.8066
1024,1893,21.8130
1024,1894,21.8188
1024,1895,21.8242
1024,1896,21.8303
1024,1897,21.8359
1024,1898,21.8415
1024,1899,21.8484
1024,1900,21.8547
1024,1901,21.8612
1024,1902,21.8676
1024,1903,21.8737
1024,1904,21.8800
1024,1905,21.8863
1024,1906,21.8917
1024,1907,21.8980
1024,1908,21.9040
1024,1909,21.9100
1024,1910,21.9165
1024,1911,21.9227
1024,1912,21.9287
1024,1913,21.9350
1024,1914,21.9415
1024,1915,21.9466
1024,1916,21.9527
1024,1917,21.9582
1024,1918,21.9644
1024,1919,21.9713
1024,1920,21.9776
1024,1921,21.9834
1024,1922,21.9885
1024,1923,21.9948
1024,1924,21.9999
1024,1925,22.0058
1024,1926,22.0118
1024,1927,22.0180
1024,1928,22.0235
1024,1929,22.0299
1024,1930,22.0365
1024,1931,22.0432
1024,1932,22.0491
1024,1933,22.0554
1024,1934,22.0610
1024,1935,22.0678
1024,1936,22.0747
1024,1937,22.0810
1024,1938,22.0870
1024,1939,22.0931
1024,1940,22.0995
1024,1941,22.1053
1024,1942,22.1118
1024,1943,22.1180
1024,1944,22.1237
1024,1945,22.1298
1024,1946,22.1356
1024,1947,22.1417
1024,1948,22.1479
1024,1949,22.1546
1024,1950,22.1608
1024,1951,22.1668
1024,1952,22.1731
1024,1953,22.1792
1024,1954,22.1853
1024,1955,22.1915
1024,1956,22.1982
1024,1957,22.2049
1024,1958,22.2121
1024,1959,22.2181
1024,1960,22.2237
1024,1961,22.2297
1024,1962,22.2354
1024,1963,22.2414
1024,1964,22.2480
1024,1965,22.2536
1024,1966,22.2598
1024,1967,22.2664
1024,1968,22.2732
1024,1969,22.2793
1024,1970,22.2857
1024,1971,22.2913
1024,1972,22.2973
1024,1973,22.3030
1024,1974,22.3091
1024,1975,22.3144
1024,1976,22.3204
1024,1977,22.3261
1024,1978,22.3327
1024,1979,22.3386
1024,1980,22.3446
1024,1981,22.3505
1024,1982,22.3569
1024,1983,22.3633
1024,1984,22.3693
1024,1985,22.3757
1024,1986,22.3818
1024,1987,22.3864
1024,1988,22.3924
1024,1989,22.3984
1024,1990,22.4044
1024,1991,22.4108
1024,1992,22.4167
1024,1993,22.4220
1024,1994,22.4274
1024,1995,22.4336
1024,1996,22.4396
1024,1997,22.4458
1024,1998,22.4514
1024,1999,22.4570
1024,2000,22.4626
1024,2001,22.4685
1024,2002,22.4741
1024,2003,22.4804
1024,2004,22.4865
1024,2005,22.4934
1024,2006,22.4993
1024,2007,22.5046
1024,2008,22.5100
1024,2009,22.5156
1024,2010,22.5218
1024,2011,22.5273
1024,2012,22.5332
1024,2013,22.5392
1024,2014,22.5443
1024,2015,22.5494
1024,2016,22.5555
1024,2017,22.5617
1024,2018,22.5670
1024,2019,22.5727
1024,2020,22.5794
1024,2021,22.5859
1024,2022,22.5922
1024,2023,22.5980
1024,2024,22.6041
1024,2025,22.6096
1024,2026,22.6148
1024,2027,22.6200
1024,2028,22.6265
1024,2029,22.6315
1024,2030,22.6376
1024,2031,22.6429
1024,2032,22.6485
1024,2033,22.6538
1024,2034,22.6602
1024,2035,22.6663
1024,2036,22.6726
1024,2037,22.6787
1024,2038,22.6845
1024,2039,22.6908
1024,2040,22.6965
1024,2041,22.7020
1024,2042,22.7073
1024,2043,22.7135
1024,2044,22.7184
1024,2045,22.7248
1024,2046,22.7300
1024,2047,22.7357
1024,2048,22.7420
1024,2049,22.7478
1024,2050,22.7536
1024,2051,22.7598
1024,2052,22.7651
1024,2053,22.7714
1024,2054,22.7771
1024,2055,22.7832
1024,2056,22.7895
1024,2057,22.7953
1024,2058,22.8010
1024,2059,22.8074
1024,2060,22.8127
1024,2061,22.8186
1024,2062,22.8249
1024,2063,22.8307
1024,2064,22.8368
1024,2065,22.8431
1024,2066,22.8485
1024,2067,22.8550
1024,2068,22.8606
1024,2069,22.8667
1024,2070,22.8725
1024,2071,22.8786
1024,2072,22.8852
1024,2073,22.8919
1024,2074,22.8982
1024,2075,22.9042
1024,2076,22.9102
1024,2077,22.9158
1024,2078,22.9219
1024,2079,22.9283
1024,2080,22.9344
1024,2081,22.9403
1024,2082,22.9463
1024,2083,22.9525
1024,2084,22.9582
1024,2085,22.9641
1024,2086,22.9702
1024,2087,22.9759
1024,2088,22.9817
1024,2089,22.9880
1024,2090,22.9934
1024,2091,22.9992
1024,2092,23.0045
1024,2093,23.0101
1024,2094,23.0153
1024,2095,23.0213
1024,2096,23.0266
1024,2097,23.0323
1024,2098,23.0374
1024,2099,23.0429
1024,2100,23.0496
1024,2101,23.0553
1024,2102,23.0613
1024,2103,23.0674
1024,2104,23.0740
1024,2105,23.0801
1024,2106,23.0861
1024,2107,23.0919
1024,2108,23.0976
1024,2109,23.1035
1024,2110,23.1095
1024,2111,23.1167
1024,2112,23.1223
1024,2113,23.1284
1024,2114,23.1346
1024,2115,23.1404
1024,2116,23.1465
1024,2117,23.1526
1024,2118,23.1589
1024,2119,23.1647
1024,2120,23.1702
1024,2121,23.1764
1024,2122,23.1822
1024,2123,23.1880
1024,2124,23.1943
1024,2125,23.2002
1024,2126,23.2060
1024,2127,23.2115
1024,2128,23.2173
1024,2129,23.2235
1024,2130,23.2299
1024,2131,23.2359
1024,2132,23.2416
1024,2133,23.2470
1024,2134,23.2531
1024,2135,23.2592
1024,2136,23.2654
1024,2137,23.2709
1024,2138,23.2765
1024,2139,23.2822
1024,2140,23.2884
1024,2141,23.2942
1024,2142,23.3002
1024,2143,23.3058
1024,2144,23.3113
1024,2145,23.3167
1024,2146,23.3227
1024,2147,23.3292
1024,2148,23.3346
1024,2149,23.3407
1024,2150,23.3467
1024,2151,23.3531
1024,2152,23.3584
1024,2153,23.3645
1024,2154,23.3701
1024,2155,23.3760
1024,2156,23.3825
1024,2157,23.3891
1024,2158,23.3941
1024,2159,23.3988
1024,2160,23.4043
1024,2161,23.4104
1024,2162,23.4165
1024,2163,23.4226
1024,2164,23.4287
1024,2165,23.4343
1024,2166,23.4404
1024,2167,23.4463
1024,2168,23.4517
1024,2169,23.4569
1024,2170,23.4625
1024,2171,23.4691
1024,2172,23.4760
1024,2173,23.4819
1024,2174,23.4873
1024,2175,23.4922
1024,2176,23.4980
1024,2177,23.5027
1024,2178,23.5079
1024,2179,23.5146
1024,2180,23.5206
1024,2181,23.5264
1024,2182,23.5330
1024,2183,23.5392
1024,2184,23.5449
1024,2185,23.5516
1024,2186,23.5573
1024,2187,23.5633
1024,2188,23.5691
1024,2189,23.5750
1024,2190,23.5806
1024,2191,23.5855
1024,2192,23.5917
1024,2193,23.5976
1024,2194,23.6036
1024,2195,23.6090
1024,2196,23.6156
1024,2197,23.6216
1024,2198,23.6276
1024,2199,23.6328
1024,2200,23.6390
1024,2201,23.6448
1024,2202,23.6505
1024,2203,23.6566
1024,2204,23.6627
1024,2205,23.6686
1024,2206,23.6749
1024,2207,23.6803
1024,2208,23.6858
1024,2209,23.6915
1024,2210,23.6971
1024,2211,23.7030
1024,2212,23.7093
1024,2213,23.7150
1024,2214,23.7205
1024,2215,23.7259
1024,2216,23.7318
1024,2217,23.7377
1024,2218,23.7443
1024,2219,23.7506
1024,2220,23.7563
1024,2221,23.7618
1024,2222,23.7680
1024,2223,23.7736
1024,2224,23.7784
1024,2225,23.7840
1024,2226,23.7901
1024,2227,23.7958
1024,2228,23.8017
1024,2229,23.8079
1024,2230,23.8132
1024,2231,23.8193
1024,2232,23.8250
1024,2233,23.8308
1024,2234,23.8370
1024,2235,23.8430
1024,2236,23.8493
1024,2237,23.8552
1024,2238,23.8612
1024,2239,23.8669
1024,2240,23.8730
1024,2241,23.8782
1024,2242,23.8844
1024,2243,23.8903
1024,2244,23.8966
1024,2245,23.9024
1024,2246,23.9089
1024,2247,23.9143
1024,2248,23.9201
1024,2249,23.9264
1024,2250,23.9329
1024,2251,23.9394
1024,2252,23.9463
1024,2253,23.9524
1024,2254,23.9587
1024,2255,23.9643
1024,2256,23.9697
1024,2257,23.9752
1024,2258,23.9807
1024,2259,23.9868
1024,2260,23.9928
1024,2261,23.9984
1024,2262,24.0042
1024,2263,24.0104
1024,2264,24.0162
1024,2265,24.0227
1024,2266,24.0289
1024,2267,24.0350
1024,2268,24.0409
1024,2269,24.0472
1024,2270,24.0533
1024,2271,24.0594
1024,2272,24.0656
1024,2273,24.0714
1024,2274,24.0782
1024,2275,24.0842
1024,2276,24.0902
1024,2277,24.0961
1024,2278,24.1021
1024,2279,24.1083
1024,2280,24.1139
1024,2281,24.1192
1024,2282,24.1251
1024,2283,24.1307
1024,2284,24.1363
1024,2285,24.1425
1024,2286,24.1480
1024,2287,24.1536
1024,2288,24.1598
1024,2289,24.1655
1024,2290,24.1713
1024,2291,24.1776
1024,2292,24.1831
1024,2293,24.1884
1024,2294,24.1944
1024,2295,24.1998
1024,2296,24.2055
1024,2297,24.2111
1024,2298,24.2169
1024,2299,24.2225
1024,2300,24.2290
1024,2301,24.2353
1024,2302,24.2402
1024,2303,24.2460
1024,2304,24.2522
1024,2305,24.2583
1024,2306,24.2635
1024,2307,24.2698
1024,2308,24.2754
1024,2309,24.2811
1024,2310,24.2867
1024,2311,24.2927
1024,2312,24.2989
1024,2313,24.3044
1024,2314,24.3101
1024,2315,24.3164
1024,2316,24.3230
1024,2317,24.3286
1024,2318,24.3336
1024,2319,24.3395
1024,2320,24.3455
1024,2321,24.3508
1024,2322,24.3568
1024,2323,24.3622
1024,2324,24.3689
1024,2325,24.3751
1024,2326,24.3807
1024,2327,24.3866
1024,2328,24.3922
1024,2329,24.3976
1024,2330,24.4036
1024,2331,24.4092
1024,2332,24.4144
1024,2333,24.4202
1024,2334,24.4263
1024,2335,24.4318
1024,2336,24.4380
1024,2337,24.4436
1024,2338,24.4490
1024,2339,24.4548
1024,2340,24.4612
1024,2341,24.4669
1024,2342,24.4728
1024,2343,24.4782
1024,2344,24.4838
1024,2345,24.4895
1024,2346,24.4962
1024,2347,24.5019
1024,2348,24.5071
1024,2349,24.5127
1024,2350,24.5180
1024,2351,24.5244
1024,2352,24.5305
1024,2353,24.5360
1024,2354,24.5409
1024,2355,24.5469
1024,2356,24.5522
1024,2357,24.5577
1024,2358,24.5631
1024,2359,24.5687
1024,2360,24.5749
1024,2361,24.5802
1024,2362,24.5856
1024,2363,24.5912
1024,2364,24.5969
1024,2365,24.6024
1024,2366,24.6082
1024,2367,24.6136
1024,2368,24.6191
1024,2369,24.6250
1024,2370,24.6302
1024,2371,24.6358
1024,2372,24.6410
1024,2373,24.6467
1024,2374,24.6520
1024,2375,24.6576
1024,2376,24.6631
1024,2377,24.6694
1024,2378,24.6749
1024,2379,24.6804
1024,2380,24.6864
1024,2381,24.6920
1024,2382,24.6984
1024,2383,24.7042
1024,2384,24.7095
1024,2385,24.7150
1024,2386,24.7205
1024,2387,24.7259
1024,2388,24.7316
1024,2389,24.7369
1024,2390,24.7428
1024,2391,24.7485
1024,2392,24.7543
1024,2393,24.7604
1024,2394,24.7658
1024,2395,24.7714
1024,2396,24.7776
1024,2397,24.7833
1024,2398,24.7887
1024,2399,24.7944
1024,2400,24.8004
1024,2401,24.8058
1024,2402,24.8115
1024,2403,24.8175
1024,2404,24.8233
1024,2405,24.8288
1024,2406,24.8344
1024,2407,24.8405
1024,2408,24.8452
1024,2409,24.8513
1024,2410,24.8573
1024,2411,24.8626
1024,2412,24.8677
1024,2413,24.8735
1024,2414,24.8794
1024,2415,24.8847
1024,2416,24.8907
1024,2417,24.8957
1024,2418,24.9017
1024,2419,24.9071
1024,2420,24.9130
1024,2421,24.9185
1024,2422,24.9240
1024,2423,24.9295
1024,2424,24.9348
1024,2425,24.9405
1024,2426,24.9466
1024,2427,24.9525
1024,2428,24.9576
1024,2429,24.9636
1024,2430,24.9688
1024,2431,24.9741
1024,2432,24.9801
1024,2433,24.9867
1024,2434,24.9929
1024,2435,24.9987
1024,2436,25.0043
1024,2437,25.0098
1024,2438,25.0150
1024,2439,25.0207
1024,2440,25.0267
1024,2441,25.0324
1024,2442,25.0382
1024,2443,25.0435
1024,2444,25.0488
1024,2445,25.0543
1024,2446,25.0602
1024,2447,25.0654
1024,2448,25.0708
1024,2449,25.0763
1024,2450,25.0821
1024,2451,25.0879
1024,2452,25.0934
1024,2453,25.0996
1024,2454,25.1056
1024,2455,25.1109
1024,2456,25.1163
1024,2457,25.1216
1024,2458,25.1274
1024,2459,25.1327
1024,2460,25.1382
1024,2461,25.1436
1024,2462,25.1484
1024,2463,25.1537
1024,2464,25.1603
1024,2465,25.1663
1024,2466,25.1718
1024,2467,25.1774
1024,2468,25.1825
1024,2469,25.1880
1024,2470,25.1939
1024,2471,25.1998
1024,2472,25.2053
1024,2473,25.2108
1024,2474,25.2162
1024,2475,25.2221
1024,2476,25.2274
1024,2477,25.2330
1024,2478,25.2390
1024,2479,25.2445
1024,2480,25.2505
1024,2481,25.2559
1024,2482,25.2610
1024,2483,25.2664
1024,2484,25.2720
1024,2485,25.2773
1024,2486,25.2831
1024,2487,25.2890
1024,2488,25.2941
1024,2489,25.2999
1024,2490,25.3058
1024,2491,25.3121
1024,2492,25.3175
1024,2493,25.3224
1024,2494,25.3279
1024,2495,25.3333
1024,2496,25.3398
1024,2497,25.3450
1024,2498,25.3503
1024,2499,25.3563
1024,2500,25.3617
1024,2501,25.3670
1024,2502,25.3734
1024,2503,25.3786
1024,2504,25.3844
1024,2505,25.3906
1024,2506,25.3968
1024,2507,25.4025
1024,2508,25.4074
1024,2509,25.4133
1024,2510,25.4181
1024,2511,25.4233
1024,2512,25.4282
1024,2513,25.4338
1024,2514,25.4396
1024,2515,25.4449
1024,2516,25.4504
1024,2517,25.4565
1024,2518,25.4622
1024,2519,25.4688
1024,2520,25.4738
1024,2521,25.4793
1024,2522,25.4844
1024,2523,25.4896
1024,2524,25.4947
1024,2525,25.5011
1024,2526,25.5062
1024,2527,25.5115
1024,2528,25.5169
1024,2529,25.5223
1024,2530,25.5280
1024,2531,25.5329
1024,2532,25.5381
1024,2533,25.5435
1024,2534,25.5484
1024,2535,25.5546
1024,2536,25.5603
1024,2537,25.5660
1024,2538,25.5710
1024,2539,25.5762
1024,2540,25.5813
1024,2541,25.5869
1024,2542,25.5928
1024,2543,25.5980
1024,2544,25.6025
1024,2545,25.6079
1024,2546,25.6129
1024,2547,25.6186
1024,2548,25.6237
1024,2549,25.6291
1024,2550,25.6349
1024,2551,25.6400
1024,2552,25.6455
1024,2553,25.6512
1024,2554,25.6571
1024,2555,25.6630
1024,2556,25.6692
1024,2557,25.6743
1024,2558,25.6800
1024,2559,25.6855
1024,2560,25.6906
1024,2561,25.6960
1024,2562,25.7015
1024,2563,25.7072
1024,2564,25.7113
1024,2565,25.7169
1024,2566,25.7225
1024,2567,25.7273
1024,2568,25.7323
1024,2569,25.7377
1024,2570,25.7435
1024,2571,25.7494
1024,2572,25.7550
1024,2573,25.7603
1024,2574,25.7660
1024,2575,25.7709
1024,2576,25.7760
1024,2577,25.7810
1024,2578,25.7856
1024,2579,25.7911
1024,2580,25.7967
1024,2581,25.8027
1024,2582,25.8077
1024,2583,25.8134
1024,2584,25.8187
1024,2585,25.8241
1024,2586,25.8300
1024,2587,25.8351
1024,2588,25.8411
1024,2589,25.8473
1024,2590,25.8525
1024,2591,25.8573
1024,2592,25.8623
1024,2593,25.8679
1024,2594,25.8729
1024,2595,25.8784
1024,2596,25.8834
1024,2597,25.8891
1024,2598,25.8944
1024,2599,25.8990
1024,2600,25.9048
1024,2601,25.9101
1024,2602,25.9156
1024,2603,25.9220
1024,2604,25.9270
1024,2605,25.9324
1024,2606,25.9382
1024,2607,25.9440
1024,2608,25.9490
1024,2609,25.9545
1024,2610,25.9601
1024,2611,25.9658
1024,2612,25.9717
1024,2613,25.9772
1024,2614,25.9826
1024,2615,25.9881
1024,2616,25.9937
1024,2617,25.9987
1024,2618,26.0044
1024,2619,26.0095
1024,2620,26.0150
1024,2621,26.0203
1024,2622,26.0253
1024,2623,26.0311
1024,2624,26.0368
1024,2625,26.0424
1024,2626,26.0473
1024,2627,26.0527
1024,2628,26.0584
1024,2629,26.0647
1024,2630,26.0708
1024,2631,26.0764
1024,2632,26.0824
1024,2633,26.0882
1024,2634,26.0935
1024,2635,26.0983
1024,2636,26.1038
1024,2637,26.1088
1024,2638,26.1144
1024,2639,26.1208
1024,2640,26.1258
1024,2641,26.1314
1024,2642,26.1372
1024,2643,26.1422
1024,2644,26.1479
1024,2645,26.1531
1024,2646,26.1590
1024,2647,26.1640
1024,2648,26.1694
1024,2649,26.1752
1024,2650,26.1805
1024,2651,26.1857
1024,2652,26.1909
1024,2653,26.1955
1024,2654,26.2005
1024,2655,26.2051
1024,2656,26.2097
1024,2657,26.2154
1024,2658,26.2197
1024,2659,26.2251
1024,2660,26.2299
1024,2661,26.2358
1024,2662,26.2412
1024,2663,26.2472
1024,2664,26.2533
1024,2665,26.2588
1024,2666,26.2642
1024,2667,26.2699
1024,2668,26.2755
1024,2669,26.2806
1024,2670,26.2859
1024,2671,26.2912
1024,2672,26.2968
1024,2673,26.3021
1024,2674,26.3073
1024,2675,26.3127
1024,2676,26.3184
1024,2677,26.3241
1024,2678,26.3295
1024,2679,26.3351
1024,2680,26.3406
1024,2681,26.3467
1024,2682,26.3526
1024,2683,26.3580
1024,2684,26.3630
1024,2685,26.3687
1024,2686,26.3742
1024,2687,26.3795
1024,2688,26.3854
1024,2689,26.3907
1024,2690,26.3955
1024,2691,26.4011
1024,2692,26.4067
1024,2693,26.4126
1024,2694,26.4171
1024,2695,26.4228
1024,2696,26.4284
1024,2697,26.4343
1024,2698,26.4392
1024,2699,26.4449
1024,2700,26.4498
1024,2701,26.4557
1024,2702,26.4606
1024,2703,26.4664
1024,2704,26.4718
1024,2705,26.4772
1024,2706,26.4818
1024,2707,26.4872
1024,2708,26.4923
1024,2709,26.4975
1024,2710,26.5028
1024,2711,26.5085
1024,2712,26.5134
1024,2713,26.5187
1024,2714,26.5236
1024,2715,26.5290
1024,2716,26.5347
1024,2717,26.5398
1024,2718,26.5451
1024,2719,26.5497
1024,2720,26.5549
1024,2721,26.5606
1024,2722,26.5656
1024,2723,26.5712
1024,2724,26.5767
1024,2725,26.5818
1024,2726,26.5875
1024,2727,26.5932
1024,2728,26.5986
1024,2729,26.6039
1024,2730,26.6089
1024,2731,26.6139
1024,2732,26.6197
1024,2733,26.6250
1024,2734,26.6299
1024,2735,26.6363
1024,2736,26.6417
1024,2737,26.6472
1024,2738,26.6527
1024,2739,26.6581
1024,2740,26.6640
1024,2741,26.6686
1024,2742,26.6743
1024,2743,26.6795
1024,2744,26.6856
1024,2745,26.6913
1024,2746,26.6967
1024,2747,26.7021
1024,2748,26.7069
1024,2749,26.7119
1024,2750,26.7168
1024,2751,26.7227
1024,2752,26.7274
1024,2753,26.7329
1024,2754,26.7379
1024,2755,26.7435
1024,2756,26.7492
1024,2757,26.7551
1024,2758,26.7600
1024,2759,26.7645
1024,2760,26.7696
1024,2761,26.7748
1024,2762,26.7802
1024,2763,26.7859
1024,2764,26.7919
1024,2765,26.7973
1024,2766,26.8033
1024,2767,26.8089
1024,2768,26.8139
1024,2769,26.8194
1024,2770,26.8248
1024,2771,26.8301
1024,2772,26.8352
1024,2773,26.8407
1024,2774,26.8454
1024,2775,26.8507
1024,2776,26.8558
1024,2777,26.8600
1024,2778,26.8647
1024,2779,26.8694
1024,2780,26.8743
1024,2781,26.8794
1024,2782,26.8849
1024,2783,26.8893
1024,2784,26.8947
1024,2785,26.9004
1024,2786,26.9060
1024,2787,26.9107
1024,2788,26.9159
1024,2789,26.9211
1024,2790,26.9267
1024,2791,26.9313
1024,2792,26.9370
1024,2793,26.9415
1024,2794,26.9463
1024,2795,26.9518
1024,2796,26.9564
1024,2797,26.9611
1024,2798,26.9668
1024,2799,26.9724
1024,2800,26.9770
1024,2801,26.9821
1024,2802,26.9870
1024,2803,26.9921
1024,2804,26.9973
1024,2805,27.0028
1024,2806,27.0089
1024,2807,27.0143
1024,2808,27.0197
1024,2809,27.0252
1024,2810,27.0312
1024,2811,27.0364
1024,2812,27.0417
1024,2813,27.0470
1024,2814,27.0518
1024,2815,27.0570
1024,2816,27.0629
1024,2817,27.0681
1024,2818,27.0731
1024,2819,27.0785
1024,2820,27.0835
1024,2821,27.0888
1024,2822,27.0937
1024,2823,27.0987
1024,2824,27.1029
1024,2825,27.1075
1024,2826,27.1125
1024,2827,27.1178
1024,2828,27.1234
1024,2829,27.1286
1024,2830,27.1336
1024,2831,27.1383
1024,2832,27.1426
1024,2833,27.1478
1024,2834,27.1528
1024,2835,27.1579
1024,2836,27.1632
1024,2837,27.1683
1024,2838,27.1741
1024,2839,27.1796
1024,2840,27.1846
1024,2841,27.1899
1024,2842,27.1951
1024,2843,27.2006
1024,2844,27.2062
1024,2845,27.2113
1024,2846,27.2159
1024,2847,27.2211
1024,2848,27.2264
1024,2849,27.2323
1024,2850,27.2376
1024,2851,27.2430
1024,2852,27.2477
1024,2853,27.2533
1024,2854,27.2584
1024,2855,27.2637
1024,2856,27.2683
1024,2857,27.2741
1024,2858,27.2793
1024,2859,27.2843
1024,2860,27.2893
1024,2861,27.2944
1024,2862,27.2997
1024,2863,27.3043
1024,2864,27.3099
1024,2865,27.3152
1024,2866,27.3201
1024,2867,27.3249
1024,2868,27.3297
1024,2869,27.3344
1024,2870,27.3396
1024,2871,27.3455
1024,2872,27.3509
1024,2873,27.3560
1024,2874,27.3612
1024,2875,27.3657
1024,2876,27.3710
1024,2877,27.3763
1024,2878,27.3819
1024,2879,27.3869
1024,2880,27.3923
1024,2881,27.3973
1024,2882,27.4030
1024,2883,27.4081
1024,2884,27.4133
1024,2885,27.4186
1024,2886,27.4242
1024,2887,27.4293
1024,2888,27.4345
1024,2889,27.4398
1024,2890,27.4451
1024,2891,27.4502
1024,2892,27.4557
1024,2893,27.4604
1024,2894,27.4658
1024,2895,27.4706
1024,2896,27.4753
1024,2897,27.4800
1024,2898,27.4855
1024,2899,27.4906
1024,2900,27.4959
1024,2901,27.5008
1024,2902,27.5056
1024,2903,27.5103
1024,2904,27.5156
1024,2905,27.5211
1024,2906,27.5262
1024,2907,27.5315
1024,2908,27.5366
1024,2909,27.5418
1024,2910,27.5473
1024,2911,27.5524
1024,2912,27.5573
1024,2913,27.5620
1024,2914,27.5667
1024,2915,27.5720
1024,2916,27.5772
1024,2917,27.5823
1024,2918,27.5875
1024,2919,27.5927
1024,2920,27.5978
1024,2921,27.6024
1024,2922,27.6079
1024,2923,27.6134
1024,2924,27.6184
1024,2925,27.6238
1024,2926,27.6289
1024,2927,27.6346
1024,2928,27.6404
1024,2929,27.6451
1024,2930,27.6505
1024,2931,27.6562
1024,2932,27.6620
1024,2933,27.6670
1024,2934,27.6723
1024,2935,27.6775
1024,2936,27.6828
1024,2937,27.6877
1024,2938,27.6929
1024,2939,27.6983
1024,2940,27.7035
1024,2941,27.7090
1024,2942,27.7140
1024,2943,27.7189
1024,2944,27.7246
1024,2945,27.7294
1024,2946,27.7346
1024,2947,27.7401
1024,2948,27.7458
1024,2949,27.7509
1024,2950,27.7556
1024,2951,27.7603
1024,2952,27.7654
1024,2953,27.7699
1024,2954,27.7749
1024,2955,27.7799
1024,2956,27.7849
1024,2957,27.7892
1024,2958,27.7940
1024,2959,27.7999
1024,2960,27.8050
1024,2961,27.8105
1024,2962,27.8154
1024,2963,27.8206
1024,2964,27.8259
1024,2965,27.8304
1024,2966,27.8353
1024,2967,27.8404
1024,2968,27.8451
1024,2969,27.8502
1024,2970,27.8546
1024,2971,27.8599
1024,2972,27.8650
1024,2973,27.8708
1024,2974,27.8757
1024,2975,27.8808
1024,2976,27.8866
1024,2977,27.8923
1024,2978,27.8974
1024,2979,27.9026
1024,2980,27.9073
1024,2981,27.9123
1024,2982,27.9176
1024,2983,27.9225
1024,2984,27.9276
1024,2985,27.9326
1024,2986,27.9382
1024,2987,27.9435
1024,2988,27.9487
1024,2989,27.9534
1024,2990,27.9581
1024,2991,27.9632
1024,2992,27.9683
1024,2993,27.9733
1024,2994,27.9783
1024,2995,27.9832
1024,2996,27.9896
1024,2997,27.9950
1024,2998,28.0000
1024,2999,28.0048
1024,3000,28.0094
1024,3001,28.0148
1024,3002,28.0200
1024,3003,28.0257
1024,3004,28.0306
1024,3005,28.0355
1024,3006,28.0409
1024,3007,28.0461
1024,3008,28.0513
1024,3009,28.0561
1024,3010,28.0614
1024,3011,28.0663
1024,3012,28.0711
1024,3013,28.0760
1024,3014,28.0810
1024,3015,28.0867
1024,3016,28.0917
1024,3017,28.0972
1024,3018,28.1022
1024,3019,28.1075
1024,3020,28.1128
1024,3021,28.1180
1024,3022,28.1229
1024,3023,28.1285
1024,3024,28.1339
1024,3025,28.1389
1024,3026,28.1439
1024,3027,28.1491
1024,3028,28.1543
1024,3029,28.1591
1024,3030,28.1642
1024,3031,28.1694
1024,3032,28.1744
1024,3033,28.1792
1024,3034,28.1843
1024,3035,28.1891
1024,3036,28.1939
1024,3037,28.1990
1024,3038,28.2043
1024,3039,28.2091
1024,3040,28.2144
1024,3041,28.2195
1024,3042,28.2249
1024,3043,28.2297
1024,3044,28.2349
1024,3045,28.2407
1024,3046,28.2463
1024,3047,28.2510
1024,3048,28.2566
1024,3049,28.2616
1024,3050,28.2668
1024,3051,28.2721
1024,3052,28.2768
1024,3053,28.2823
1024,3054,28.2880
1024,3055,28.2928
1024,3056,28.2983
1024,3057,28.3031
1024,3058,28.3075
1024,3059,28.3120
1024,3060,28.3172
1024,3061,28.3223
1024,3062,28.3276
1024,3063,28.3326
1024,3064,28.3380
1024,3065,28.3428
1024,3066,28.3481
1024,3067,28.3529
1024,3068,28.3578
1024,3069,28.3627
1024,3070,28.3669
1024,3071,28.3714
1024,3072,28.3763
1024,3073,28.3815
1024,3074,28.3864
1024,3075,28.3914
1024,3076,28.3964
1024,3077,28.4013
1024,3078,28.4064
1024,3079,28.4115
1024,3080,28.4167
1024,3081,28.4225
1024,3082,28.4279
1024,3083,28.4327
1024,3084,28.4373
1024,3085,28.4434
1024,3086,28.4483
1024,3087,28.4533
1024,3088,28.4579
1024,3089,28.4631
1024,3090,28.4678
1024,3091,28.4731
1024,3092,28.4776
1024,3093,28.4822
1024,3094,28.4874
1024,3095,28.4922
1024,3096,28.4967
1024,3097,28.5014
1024,3098,28.5058
1024,3099,28.5103
1024,3100,28.5153
1024,3101,28.5207
1024,3102,28.5254
1024,3103,28.5307
1024,3104,28.5361
1024,3105,28.5416
1024,3106,28.5466
1024,3107,28.5517
1024,3108,28.5564
1024,3109,28.5618
1024,3110,28.5672
1024,3111,28.5718
1024,3112,28.5764
1024,3113,28.5822
1024,3114,28.5871
1024,3115,28.5920
1024,3116,28.5967
1024,3117,28.6022
1024,3118,28.6079
1024,3119,28.6132
1024,3120,28.6183
1024,3121,28.6236
1024,3122,28.6284
1024,3123,28.6335
1024,3124,28.6381
1024,3125,28.6432
1024,3126,28.6481
1024,3127,28.6530
1024,3128,28.6579
1024,3129,28.6629
1024,3130,28.6683
1024,3131,28.6739
1024,3132,28.6797
1024,3133,28.6854
1024,3134,28.6902
1024,3135,28.6955
1024,3136,28.7003
1024,3137,28.7047
1024,3138,28.7095
1024,3139,28.7146
1024,3140,28.7197
1024,3141,28.7243
1024,3142,28.7298
1024,3143,28.7349
1024,3144,28.7401
1024,3145,28.7452
1024,3146,28.7500
1024,3147,28.7546
1024,3148,28.7596
1024,3149,28.7644
1024,3150,28.7690
1024,3151,28.7739
1024,3152,28.7788
1024,3153,28.7841
1024,3154,28.7898
1024,3155,28.7949
1024,3156,28.7996
1024,3157,28.8041
1024,3158,28.8088
1024,3159,28.8139
1024,3160,28.8182
1024,3161,28.8225
1024,3162,28.8273
1024,3163,28.8330
1024,3164,28.8384
1024,3165,28.8435
1024,3166,28.8488
1024,3167,28.8537
1024,3168,28.8585
1024,3169,28.8636
1024,3170,28.8682
1024,3171,28.8730
1024,3172,28.8782
1024,3173,28.8827
1024,3174,28.8875
1024,3175,28.8920
1024,3176,28.8963
1024,3177,28.9013
1024,3178,28.9066
1024,3179,28.9121
1024,3180,28.9175
1024,3181,28.9233
1024,3182,28.9282
1024,3183,28.9328
1024,3184,28.9374
1024,3185,28.9429
1024,3186,28.9476
1024,3187,28.9523
1024,3188,28.9573
1024,3189,28.9617
1024,3190,28.9665
1024,3191,28.9717
1024,3192,28.9773
1024,3193,28.9823
1024,3194,28.9878
1024,3195,28.9927
1024,3196,28.9976
1024,3197,29.0025
1024,3198,29.0072
1024,3199,29.0118
1024,3200,29.0171
1024,3201,29.0215
1024,3202,29.0261
1024,3203,29.0310
1024,3204,29.0360
1024,3205,29.0416
1024,3206,29.0467
1024,3207,29.0519
1024,3208,29.0569
1024,3209,29.0620
1024,3210,29.0665
1024,3211,29.0711
1024,3212,29.0758
1024,3213,29.0814
1024,3214,29.0868
1024,3215,29.0918
1024,3216,29.0966
1024,3217,29.1014
1024,3218,29.1067
1024,3219,29.1117
1024,3220,29.1171
1024,3221,29.1221
1024,3222,29.1269
1024,3223,29.1324
1024,3224,29.1378
1024,3225,29.1422
1024,3226,29.1465
1024,3227,29.1514
1024,3228,29.1561
1024,3229,29.1608
1024,3230,29.1662
1024,3231,29.1713
1024,3232,29.1767
1024,3233,29.1814
1024,3234,29.1865
1024,3235,29.1916
1024,3236,29.1969
1024,3237,29.2017
1024,3238,29.2058
1024,3239,29.2108
1024,3240,29.2160
1024,3241,29.2204
1024,3242,29.2250
1024,3243,29.2299
1024,3244,29.2351
1024,3245,29.2401
1024,3246,29.2451
1024,3247,29.2502
1024,3248,29.2553
1024,3249,29.2599
1024,3250,29.2647
1024,3251,29.2701
1024,3252,29.2753
1024,3253,29.2806
1024,3254,29.2861
1024,3255,29.2915
1024,3256,29.2962
1024,3257,29.3010
1024,3258,29.3061
1024,3259,29.3112
1024,3260,29.3159
1024,3261,29.3214
1024,3262,29.3261
1024,3263,29.3312
1024,3264,29.3361
1024,3265,29.3414
1024,3266,29.3458
1024,3267,29.3507
1024,3268,29.3556
1024,3269,29.3607
1024,3270,29.3659
1024,3271,29.3703
1024,3272,29.3757
1024,3273,29.3808
1024,3274,29.3861
1024,3275,29.3913
1024,3276,29.3959
1024,3277,29.4001
1024,3278,29.4053
1024,3279,29.4100
1024,3280,29.4152
1024,3281,29.4201
1024,3282,29.4248
1024,3283,29.4301
1024,3284,29.4354
1024,3285,29.4405
1024,3286,29.4450
1024,3287,29.4495
1024,3288,29.4548
1024,3289,29.4597
1024,3290,29.4645
1024,3291,29.4699
1024,3292,29.4750
1024,3293,29.4799
1024,3294,29.4847
1024,3295,29.4892
1024,3296,29.4944
1024,3297,29.4993
1024,3298,29.5044
1024,3299,29.5091
1024,3300,29.5131
1024,3301,29.5180
1024,3302,29.5230
1024,3303,29.5279
1024,3304,29.5322
1024,3305,29.5370
1024,3306,29.5422
1024,3307,29.5475
1024,3308,29.5521
1024,3309,29.5570
1024,3310,29.5626
1024,3311,29.5673
1024,3312,29.5721
1024,3313,29.5771
1024,3314,29.5820
1024,3315,29.5874
1024,3316,29.5922
1024,3317,29.5969
1024,3318,29.6009
1024,3319,29.6056
1024,3320,29.6104
1024,3321,29.6150
1024,3322,29.6201
1024,3323,29.6254
1024,3324,29.6303
1024,3325,29.6351
1024,3326,29.6405
1024,3327,29.6455
1024,3328,29.6506
1024,3329,29.6559
1024,3330,29.6609
1024,3331,29.6662
1024,3332,29.6715
1024,3333,29.6768
1024,3334,29.6825
1024,3335,29.6875
1024,3336,29.6918
1024,3337,29.6967
1024,3338,29.7005
1024,3339,29.7065
1024,3340,29.7125
1024,3341,29.7180
1024,3342,29.7230
1024,3343,29.7279
1024,3344,29.7324
1024,3345,29.7372
1024,3346,29.7426
1024,3347,29.7477
1024,3348,29.7526
1024,3349,29.7572
1024,3350,29.7623
1024,3351,29.7674
1024,3352,29.7725
1024,3353,29.7769
1024,3354,29.7814
1024,3355,29.7860
1024,3356,29.7907
1024,3357,29.7957
1024,3358,29.8004
1024,3359,29.8056
1024,3360,29.8105
1024,3361,29.8155
1024,3362,29.8206
1024,3363,29.8254
1024,3364,29.8305
1024,3365,29.8357
1024,3366,29.8404
1024,3367,29.8454
1024,3368,29.8503
1024,3369,29.8552
1024,3370,29.8601
1024,3371,29.8656
1024,3372,29.8706
1024,3373,29.8754
1024,3374,29.8804
1024,3375,29.8856
1024,3376,29.8906
1024,3377,29.8951
1024,3378,29.9005
1024,3379,29.9043
1024,3380,29.9088
1024,3381,29.9142
1024,3382,29.9193
1024,3383,29.9236
1024,3384,29.9288
1024,3385,29.9334
1024,3386,29.9379
1024,3387,29.9428
1024,3388,29.9481
1024,3389,29.9530
1024,3390,29.9583
1024,3391,29.9633
1024,3392,29.9681
1024,3393,29.9737
1024,3394,29.9786
1024,3395,29.9827
1024,3396,29.9881
1024,3397,29.9932
1024,3398,29.9987
1024,3399,30.0028
1024,3400,30.0071
1024,3401,30.0125
1024,3402,30.0177
1024,3403,30.0225
1024,3404,30.0269
1024,3405,30.0313
1024,3406,30.0364
1024,3407,30.0413
1024,3408,30.0459
1024,3409,30.0503
1024,3410,30.0550
1024,3411,30.0595
1024,3412,30.0640
1024,3413,30.0687
1024,3414,30.0735
1024,3415,30.0783
1024,3416,30.0834
1024,3417,30.0877
1024,3418,30.0924
1024,3419,30.0973
1024,3420,30.1021
1024,3421,30.1072
1024,3422,30.1124
1024,3423,30.1171
1024,3424,30.1222
1024,3425,30.1272
1024,3426,30.1323
1024,3427,30.1367
1024,3428,30.1416
1024,3429,30.1466
1024,3430,30.1514
1024,3431,30.1561
1024,3432,30.1618
1024,3433,30.1663
1024,3434,30.1709
1024,3435,30.1753
1024,3436,30.1795
1024,3437,30.1847
1024,3438,30.1895
1024,3439,30.1947
1024,3440,30.1990
1024,3441,30.2042
1024,3442,30.2089
1024,3443,30.2138
1024,3444,30.2185
1024,3445,30.2236
1024,3446,30.2283
1024,3447,30.2333
1024,3448,30.2384
1024,3449,30.2430
1024,3450,30.2475
1024,3451,30.2533
1024,3452,30.2574
1024,3453,30.2622
1024,3454,30.2671
1024,3455,30.2729
1024,3456,30.2777
1024,3457,30.2825
1024,3458,30.2873
1024,3459,30.2922
1024,3460,30.2966
1024,3461,30.3015
1024,3462,30.3059
1024,3463,30.3112
1024,3464,30.3162
1024,3465,30.3210
1024,3466,30.3256
1024,3467,30.3302
1024,3468,30.3351
1024,3469,30.3401
1024,3470,30.3454
1024,3471,30.3501
1024,3472,30.3544
1024,3473,30.3595
1024,3474,30.3645
1024,3475,30.3693
1024,3476,30.3735
1024,3477,30.3786
1024,3478,30.3833
1024,3479,30.3890
1024,3480,30.3942
1024,3481,30.3993
1024,3482,30.4040
1024,3483,30.4086
1024,3484,30.4129
1024,3485,30.4181
1024,3486,30.4228
1024,3487,30.4273
1024,3488,30.4320
1024,3489,30.4370
1024,3490,30.4420
1024,3491,30.4459
1024,3492,30.4506
1024,3493,30.4556
1024,3494,30.4602
1024,3495,30.4654
1024,3496,30.4701
1024,3497,30.4748
1024,3498,30.4794
1024,3499,30.4840
1024,3500,30.4886
1024,3501,30.4940
1024,3502,30.4989
1024,3503,30.5037
1024,3504,30.5090
1024,3505,30.5144
1024,3506,30.5190
1024,3507,30.5238
1024,3508,30.5284
1024,3509,30.5329
1024,3510,30.5376
1024,3511,30.5426
1024,3512,30.5473
1024,3513,30.5521
1024,3514,30.5570
1024,3515,30.5620
1024,3516,30.5664
1024,3517,30.5713
1024,3518,30.5757
1024,3519,30.5796
1024,3520,30.5849
1024,3521,30.5898
1024,3522,30.5945
1024,3523,30.5988
1024,3524,30.6040
1024,3525,30.6096
1024,3526,30.6147
1024,3527,30.6194
1024,3528,30.6239
1024,3529,30.6284
1024,3530,30.6333
1024,3531,30.6381
1024,3532,30.6425
1024,3533,30.6474
1024,3534,30.6528
1024,3535,30.6575
1024,3536,30.6623
1024,3537,30.6671
1024,3538,30.6723
1024,3539,30.6771
1024,3540,30.6824
1024,3541,30.6874
1024,3542,30.6920
1024,3543,30.6966
1024,3544,30.7014
1024,3545,30.7063
1024,3546,30.7106
1024,3547,30.7156
1024,3548,30.7198
1024,3549,30.7246
1024,3550,30.7292
1024,3551,30.7343
1024,3552,30.7388
1024,3553,30.7435
1024,3554,30.7478
1024,3555,30.7535
1024,3556,30.7584
1024,3557,30.7634
1024,3558,30.7683
1024,3559,30.7726
1024,3560,30.7775
1024,3561,30.7831
1024,3562,30.7875
1024,3563,30.7927
1024,3564,30.7976
1024,3565,30.8030
1024,3566,30.8070
1024,3567,30.8117
1024,3568,30.8164
1024,3569,30.8213
1024,3570,30.8264
1024,3571,30.8311
1024,3572,30.8354
1024,3573,30.8410
1024,3574,30.8456
1024,3575,30.8507
1024,3576,30.8561
1024,3577,30.8605
1024,3578,30.8648
1024,3579,30.8697
1024,3580,30.8746
1024,3581,30.8793
1024,3582,30.8845
1024,3583,30.8890
1024,3584,30.8937
1024,3585,30.8980
1024,3586,30.9025
1024,3587,30.9069
1024,3588,30.9117
1024,3589,30.9172
1024,3590,30.9220
1024,3591,30.9273
1024,3592,30.9328
1024,3593,30.9377
1024,3594,30.9423
1024,3595,30.9467
1024,3596,30.9514
1024,3597,30.9559
1024,3598,30.9609
1024,3599,30.9660
1024,3600,30.9707
1024,3601,30.9757
1024,3602,30.9810
1024,3603,30.9863
1024,3604,30.9914
1024,3605,30.9968
1024,3606,31.0017
1024,3607,31.0066
1024,3608,31.0111
1024,3609,31.0167
1024,3610,31.0214
1024,3611,31.0265
1024,3612,31.0314
1024,3613,31.0360
1024,3614,31.0414
1024,3615,31.0462
1024,3616,31.0507
1024,3617,31.0560
1024,3618,31.0606
1024,3619,31.0654
1024,3620,31.0704
1024,3621,31.0745
1024,3622,31.0798
1024,3623,31.0842
1024,3624,31.0884
1024,3625,31.0941
1024,3626,31.0988
1024,3627,31.1037
1024,3628,31.1088
1024,3629,31.1130
1024,3630,31.1178
1024,3631,31.1226
1024,3632,31.1274
1024,3633,31.1324
1024,3634,31.1370
1024,3635,31.1417
1024,3636,31.1464
1024,3637,31.1509
1024,3638,31.1560
1024,3639,31.1603
1024,3640,31.1649
1024,3641,31.1698
1024,3642,31.1742
1024,3643,31.1797
1024,3644,31.1844
1024,3645,31.1894
1024,3646,31.1939
1024,3647,31.1988
1024,3648,31.2040
1024,3649,31.2089
1024,3650,31.2137
1024,3651,31.2188
1024,3652,31.2236
1024,3653,31.2287
1024,3654,31.2330
1024,3655,31.2385
1024,3656,31.2432
1024,3657,31.2480
1024,3658,31.2526
1024,3659,31.2568
1024,3660,31.2615
1024,3661,31.2659
1024,3662,31.2703
1024,3663,31.2752
1024,3664,31.2798
1024,3665,31.2843
1024,3666,31.2890
1024,3667,31.2936
1024,3668,31.2987
1024,3669,31.3034
1024,3670,31.3087
1024,3671,31.3137
1024,3672,31.3183
1024,3673,31.3223
1024,3674,31.3269
1024,3675,31.3314
1024,3676,31.3362
1024,3677,31.3406
1024,3678,31.3455
1024,3679,31.3506
1024,3680,31.3554
1024,3681,31.3601
1024,3682,31.3649
1024,3683,31.3691
1024,3684,31.3744
1024,3685,31.3792
1024,3686,31.3845
1024,3687,31.3893
1024,3688,31.3938
1024,3689,31.3988
1024,3690,31.4031
1024,3691,31.4080
1024,3692,31.4127
1024,3693,31.4170
1024,3694,31.4213
1024,3695,31.4260
1024,3696,31.4307
1024,3697,31.4356
1024,3698,31.4401
1024,3699,31.4451
1024,3700,31.4493
1024,3701,31.4545
1024,3702,31.4587
1024,3703,31.4639
1024,3704,31.4689
1024,3705,31.4744
1024,3706,31.4792
1024,3707,31.4836
1024,3708,31.4881
1024,3709,31.4923
1024,3710,31.4976
1024,3711,31.5022
1024,3712,31.5066
1024,3713,31.5111
1024,3714,31.5160
1024,3715,31.5208
1024,3716,31.5258
1024,3717,31.5303
1024,3718,31.5344
1024,3719,31.5392
1024,3720,31.5437
1024,3721,31.5486
1024,3722,31.5534
1024,3723,31.5582
1024,3724,31.5628
1024,3725,31.5677
1024,3726,31.5730
1024,3727,31.5783
1024,3728,31.5839
1024,3729,31.5894
1024,3730,31.5942
1024,3731,31.5988
1024,3732,31.6028
1024,3733,31.6073
1024,3734,31.6120
1024,3735,31.6163
1024,3736,31.6210
1024,3737,31.6256
1024,3738,31.6301
1024,3739,31.6348
1024,3740,31.6392
1024,3741,31.6439
1024,3742,31.6488
1024,3743,31.6534
1024,3744,31.6578
1024,3745,31.6634
1024,3746,31.6679
1024,3747,31.6727
1024,3748,31.6772
1024,3749,31.6819
1024,3750,31.6867
1024,3751,31.6917
1024,3752,31.6961
1024,3753,31.7005
1024,3754,31.7055
1024,3755,31.7096
1024,3756,31.7141
1024,3757,31.7184
1024,3758,31.7226
1024,3759,31.7271
1024,3760,31.7317
1024,3761,31.7361
1024,3762,31.7401
1024,3763,31.7444
1024,3764,31.7491
1024,3765,31.7538
1024,3766,31.7579
1024,3767,31.7629
1024,3768,31.7678
1024,3769,31.7725
1024,3770,31.7769
1024,3771,31.7819
1024,3772,31.7861
1024,3773,31.7908
1024,3774,31.7955
1024,3775,31.8002
1024,3776,31.8052
1024,3777,31.8099
1024,3778,31.8141
1024,3779,31.8179
1024,3780,31.8229
1024,3781,31.8271
1024,3782,31.8318
1024,3783,31.8368
1024,3784,31.8413
1024,3785,31.8456
1024,3786,31.8508
1024,3787,31.8555
1024,3788,31.8604
1024,3789,31.8654
1024,3790,31.8696
1024,3791,31.8743
1024,3792,31.8786
1024,3793,31.8833
1024,3794,31.8878
1024,3795,31.8927
1024,3796,31.8971
1024,3797,31.9019
1024,3798,31.9066
1024,3799,31.9111
1024,3800,31.9155
1024,3801,31.9201
1024,3802,31.9249
1024,3803,31.9295
1024,3804,31.9343
1024,3805,31.9388
1024,3806,31.9433
1024,3807,31.9479
1024,3808,31.9526
1024,3809,31.9570
1024,3810,31.9622
1024,3811,31.9662
1024,3812,31.9713
1024,3813,31.9761
1024,3814,31.9805
1024,3815,31.9851
1024,3816,31.9896
1024,3817,31.9941
1024,3818,31.9992
1024,3819,32.0037
1024,3820,32.0087
1024,3821,32.0133
1024,3822,32.0181
1024,3823,32.0225
1024,3824,32.0276
1024,3825,32.0323
1024,3826,32.0373
1024,3827,32.0421
1024,3828,32.0469
1024,3829,32.0515
1024,3830,32.0562
1024,3831,32.0609
1024,3832,32.0661
1024,3833,32.0709
1024,3834,32.0758
1024,3835,32.0810
1024,3836,32.0854
1024,3837,32.0900
1024,3838,32.0944
1024,3839,32.0992
1024,3840,32.1037
1024,3841,32.1086
1024,3842,32.1130
1024,3843,32.1174
1024,3844,32.1217
1024,3845,32.1269
1024,3846,32.1312
1024,3847,32.1356
1024,3848,32.1399
1024,3849,32.1448
1024,3850,32.1488
1024,3851,32.1540
1024,3852,32.1591
1024,3853,32.1643
1024,3854,32.1691
1024,3855,32.1735
1024,3856,32.1789
1024,3857,32.1833
1024,3858,32.1879
1024,3859,32.1933
1024,3860,32.1976
1024,3861,32.2018
1024,3862,32.2063
1024,3863,32.2108
1024,3864,32.2151
1024,3865,32.2196
1024,3866,32.2240
1024,3867,32.2278
1024,3868,32.2327
1024,3869,32.2367
1024,3870,32.2409
1024,3871,32.2456
1024,3872,32.2504
1024,3873,32.2552
1024,3874,32.2597
1024,3875,32.2647
1024,3876,32.2695
1024,3877,32.2739
1024,3878,32.2789
1024,3879,32.2836
1024,3880,32.2880
1024,3881,32.2926
1024,3882,32.2971
1024,3883,32.3008
1024,3884,32.3053
1024,3885,32.3100
1024,3886,32.3150
1024,3887,32.3195
1024,3888,32.3241
1024,3889,32.3282
1024,3890,32.3329
1024,3891,32.3378
1024,3892,32.3423
1024,3893,32.3467
1024,3894,32.3510
1024,3895,32.3556
1024,3896,32.3600
1024,3897,32.3639
1024,3898,32.3689
1024,3899,32.3732
1024,3900,32.3781
1024,3901,32.3826
1024,3902,32.3877
1024,3903,32.3920
1024,3904,32.3956
1024,3905,32.4001
1024,3906,32.4046
1024,3907,32.4088
1024,3908,32.4135
1024,3909,32.4180
1024,3910,32.4227
1024,3911,32.4279
1024,3912,32.4327
1024,3913,32.4377
1024,3914,32.4422
1024,3915,32.4469
1024,3916,32.4514
1024,3917,32.4564
1024,3918,32.4612
1024,3919,32.4654
1024,3920,32.4700
1024,3921,32.4752
1024,3922,32.4797
1024,3923,32.4846
1024,3924,32.4893
1024,3925,32.4939
1024,3926,32.4983
1024,3927,32.5028
1024,3928,32.5078
1024,3929,32.5122
1024,3930,32.5169
1024,3931,32.5215
1024,3932,32.5263
1024,3933,32.5308
1024,3934,32.5355
1024,3935,32.5398
1024,3936,32.5441
1024,3937,32.5489
1024,3938,32.5533
1024,3939,32.5580
1024,3940,32.5625
1024,3941,32.5665
1024,3942,32.5713
1024,3943,32.5755
1024,3944,32.5805
1024,3945,32.5852
1024,3946,32.5901
1024,3947,32.5941
1024,3948,32.5987
1024,3949,32.6032
1024,3950,32.6073
1024,3951,32.6120
1024,3952,32.6167
1024,3953,32.6213
1024,3954,32.6255
1024,3955,32.6297
1024,3956,32.6345
1024,3957,32.6392
1024,3958,32.6436
1024,3959,32.6483
1024,3960,32.6529
1024,3961,32.6577
1024,3962,32.6626
1024,3963,32.6675
1024,3964,32.6718
1024,3965,32.6766
1024,3966,32.6805
1024,3967,32.6848
1024,3968,32.6898
1024,3969,32.6944
1024,3970,32.6991
1024,3971,32.7034
1024,3972,32.7080
1024,3973,32.7130
1024,3974,32.7178
1024,3975,32.7223
1024,3976,32.7275
1024,3977,32.7313
1024,3978,32.7355
1024,3979,32.7402
1024,3980,32.7452
1024,3981,32.7496
1024,3982,32.7542
1024,3983,32.7590
1024,3984,32.7638
1024,3985,32.7685
1024,3986,32.7725
1024,3987,32.7768
1024,3988,32.7814
1024,3989,32.7857
1024,3990,32.7905
1024,3991,32.7954
1024,3992,32.7999
1024,3993,32.8040
1024,3994,32.8086
1024,3995,32.8137
1024,3996,32.8182
1024,3997,32.8229
1024,3998,32.8279
1024,3999,32.8327
1024,4000,32.8371
1024,4001,32.8408
1024,4002,32.8459
1024,4003,32.8503
1024,4004,32.8548
1024,4005,32.8592
1024,4006,32.8630
1024,4007,32.8679
1024,4008,32.8722
1024,4009,32.8768
1024,4010,32.8826
1024,4011,32.8869
1024,4012,32.8922
1024,4013,32.8974
1024,4014,32.9014
1024,4015,32.9061
1024,4016,32.9111
1024,4017,32.9157
1024,4018,32.9199
1024,4019,32.9245
1024,4020,32.9287
1024,4021,32.9338
1024,4022,32.9381
1024,4023,32.9429
1024,4024,32.9479
1024,4025,32.9527
1024,4026,32.9574
1024,4027,32.9620
1024,4028,32.9674
1024,4029,32.9722
1024,4030,32.9771
1024,4031,32.9812
1024,4032,32.9851
1024,4033,32.9897
1024,4034,32.9937
1024,4035,32.9983
1024,4036,33.0028
1024,4037,33.0081
1024,4038,33.0127
1024,4039,33.0175
1024,4040,33.0221
1024,4041,33.0270
1024,4042,33.0319
1024,4043,33.0361
1024,4044,33.0410
1024,4045,33.0457
1024,4046,33.0505
1024,4047,33.0553
1024,4048,33.0595
1024,4049,33.0638
1024,4050,33.0686
1024,4051,33.0734
1024,4052,33.0777
1024,4053,33.0822
1024,4054,33.0875
1024,4055,33.0922
1024,4056,33.0970
1024,4057,33.1015
1024,4058,33.1064
1024,4059,33.1107
1024,4060,33.1148
1024,4061,33.1194
1024,4062,33.1232
1024,4063,33.1273
1024,4064,33.1317
1024,4065,33.1362
1024,4066,33.1411
1024,4067,33.1452
1024,4068,33.1498
1024,4069,33.1543
1024,4070,33.1590
1024,4071,33.1631
1024,4072,33.1676
1024,4073,33.1724
1024,4074,33.1770
1024,4075,33.1815
1024,4076,33.1859
1024,4077,33.1903
1024,4078,33.1949
1024,4079,33.1992
1024,4080,33.2040
1024,4081,33.2092
1024,4082,33.2140
1024,4083,33.2183
1024,4084,33.2233
1024,4085,33.2282
1024,4086,33.2326
1024,4087,33.2376
1024,4088,33.2425
1024,4089,33.2466
1024,4090,33.2508
1024,4091,33.2556
1024,4092,33.2601
1024,4093,33.2648
1024,4094,33.2693
1024,4095,33.2738
1024,4096,33.2784
1024,4097,33.2824
1024,4098,33.2875
1024,4099,33.2923
1024,4100,33.2967
1024,4101,33.3011
1024,4102,33.3062
1024,4103,33.3116
1024,4104,33.3163
1024,4105,33.3205
1024,4106,33.3246
1024,4107,33.3297
1024,4108,33.3342
1024,4109,33.3386
1024,4110,33.3432
1024,4111,33.3473
1024,4112,33.3516
1024,4113,33.3564
1024,4114,33.3613
1024,4115,33.3658
1024,4116,33.3706
1024,4117,33.3753
1024,4118,33.3799
1024,4119,33.3845
1024,4120,33.3889
1024,4121,33.3932
1024,4122,33.3976
1024,4123,33.4018
1024,4124,33.4066
1024,4125,33.4110
1024,4126,33.4156
1024,4127,33.4203
1024,4128,33.4250
1024,4129,33.4301
1024,4130,33.4340
1024,4131,33.4384
1024,4132,33.4428
1024,4133,33.4468
1024,4134,33.4517
1024,4135,33.4562
1024,4136,33.4607
1024,4137,33.4654
1024,4138,33.4696
1024,4139,33.4732
1024,4140,33.4788
1024,4141,33.4836
1024,4142,33.4885
1024,4143,33.4927
1024,4144,33.4976
1024,4145,33.5022
1024,4146,33.5066
1024,4147,33.5107
1024,4148,33.5151
1024,4149,33.5197
1024,4150,33.5241
1024,4151,33.5284
1024,4152,33.5333
1024,4153,33.5380
1024,4154,33.5430
1024,4155,33.5476
1024,4156,33.5522
1024,4157,33.5574
1024,4158,33.5620
1024,4159,33.5667
1024,4160,33.5713
1024,4161,33.5757
1024,4162,33.5800
1024,4163,33.5845
1024,4164,33.5889
1024,4165,33.5933
1024,4166,33.5981
1024,4167,33.6030
1024,4168,33.6074
1024,4169,33.6118
1024,4170,33.6155
1024,4171,33.6195
1024,4172,33.6243
1024,4173,33.6289
1024,4174,33.6339
1024,4175,33.6380
1024,4176,33.6419
1024,4177,33.6463
1024,4178,33.6511
1024,4179,33.6563
1024,4180,33.6605
1024,4181,33.6655
1024,4182,33.6701
1024,4183,33.6743
1024,4184,33.6788
1024,4185,33.6837
1024,4186,33.6883
1024,4187,33.6930
1024,4188,33.6977
1024,4189,33.7027
1024,4190,33.7069
1024,4191,33.7112
1024,4192,33.7157
1024,4193,33.7203
1024,4194,33.7245
1024,4195,33.7288
1024,4196,33.7330
1024,4197,33.7378
1024,4198,33.7426
1024,4199,33.7471
1024,4200,33.7519
1024,4201,33.7566
1024,4202,33.7610
1024,4203,33.7653
1024,4204,33.7701
1024,4205,33.7748
1024,4206,33.7800
1024,4207,33.7849
1024,4208,33.7896
1024,4209,33.7938
1024,4210,33.7984
1024,4211,33.8025
1024,4212,33.8073
1024,4213,33.8118
1024,4214,33.8162
1024,4215,33.8206
1024,4216,33.8248
1024,4217,33.8293
1024,4218,33.8343
1024,4219,33.8387
1024,4220,33.8430
1024,4221,33.8473
1024,4222,33.8512
1024,4223,33.8560
1024,4224,33.8603
1024,4225,33.8648
1024,4226,33.8687
1024,4227,33.8729
1024,4228,33.8780
1024,4229,33.8823
1024,4230,33.8867
1024,4231,33.8911
1024,4232,33.8959
1024,4233,33.9005
1024,4234,33.9049
1024,4235,33.9098
1024,4236,33.9144
1024,4237,33.9193
1024,4238,33.9242
1024,4239,33.9286
1024,4240,33.9330
1024,4241,33.9380
1024,4242,33.9426
1024,4243,33.9470
1024,4244,33.9514
1024,4245,33.9567
1024,4246,33.9605
1024,4247,33.9648
1024,4248,33.9688
1024,4249,33.9735
1024,4250,33.9778
1024,4251,33.9829
1024,4252,33.9879
1024,4253,33.9918
1024,4254,33.9966
1024,4255,34.0009
1024,4256,34.0053
1024,4257,34.0105
1024,4258,34.0152
1024,4259,34.0199
1024,4260,34.0243
1024,4261,34.0287
1024,4262,34.0328
1024,4263,34.0372
1024,4264,34.0426
1024,4265,34.0466
1024,4266,34.0508
1024,4267,34.0555
1024,4268,34.0598
1024,4269,34.0642
1024,4270,34.0692
1024,4271,34.0727
1024,4272,34.0777
1024,4273,34.0815
1024,4274,34.0859
1024,4275,34.0904
1024,4276,34.0950
1024,4277,34.1003
1024,4278,34.1046
1024,4279,34.1090
1024,4280,34.1137
1024,4281,34.1176
1024,4282,34.1220
1024,4283,34.1263
1024,4284,34.1306
1024,4285,34.1357
1024,4286,34.1406
1024,4287,34.1447
1024,4288,34.1492
1024,4289,34.1537
1024,4290,34.1581
1024,4291,34.1623
1024,4292,34.1669
1024,4293,34.1715
1024,4294,34.1758
1024,4295,34.1808
1024,4296,34.1857
1024,4297,34.1902
1024,4298,34.1949
1024,4299,34.1997
1024,4300,34.2040
1024,4301,34.2082
1024,4302,34.2128
1024,4303,34.2178
1024,4304,34.2218
1024,4305,34.2263
1024,4306,34.2313
1024,4307,34.2360
1024,4308,34.2405
1024,4309,34.2446
1024,4310,34.2491
1024,4311,34.2534
1024,4312,34.2573
1024,4313,34.2622
1024,4314,34.2668
1024,4315,34.2712
1024,4316,34.2758
1024,4317,34.2802
1024,4318,34.2844
1024,4319,34.2889
1024,4320,34.2927
1024,4321,34.2967
1024,4322,34.3016
1024,4323,34.3068
1024,4324,34.3116
1024,4325,34.3163
1024,4326,34.3209
1024,4327,34.3253
1024,4328,34.3294
1024,4329,34.3340
1024,4330,34.3387
1024,4331,34.3432
1024,4332,34.3480
1024,4333,34.3521
1024,4334,34.3563
1024,4335,34.3613
1024,4336,34.3660
1024,4337,34.3708
1024,4338,34.3752
1024,4339,34.3799
1024,4340,34.3840
1024,4341,34.3881
1024,4342,34.3927
1024,4343,34.3973
1024,4344,34.4025
1024,4345,34.4069
1024,4346,34.4108
1024,4347,34.4147
1024,4348,34.4188
1024,4349,34.4239
1024,4350,34.4285
1024,4351,34.4329
1024,4352,34.4369
1024,4353,34.4415
1024,4354,34.4460
1024,4355,34.4507
1024,4356,34.4558
1024,4357,34.4602
1024,4358,34.4646
1024,4359,34.4687
1024,4360,34.4731
1024,4361,34.4778
1024,4362,34.4821
1024,4363,34.4867
1024,4364,34.4915
1024,4365,34.4964
1024,4366,34.5010
1024,4367,34.5055
1024,4368,34.5105
1024,4369,34.5145
1024,4370,34.5187
1024,4371,34.5229
1024,4372,34.5270
1024,4373,34.5315
1024,4374,34.5359
1024,4375,34.5404
1024,4376,34.5447
1024,4377,34.5490
1024,4378,34.5531
1024,4379,34.5575
1024,4380,34.5620
1024,4381,34.5666
1024,4382,34.5704
1024,4383,34.5748
1024,4384,34.5798
1024,4385,34.5841
1024,4386,34.5885
1024,4387,34.5931
1024,4388,34.5970
1024,4389,34.6016
1024,4390,34.6060
1024,4391,34.6102
1024,4392,34.6151
1024,4393,34.6190
1024,4394,34.6234
1024,4395,34.6278
1024,4396,34.6325
1024,4397,34.6373
1024,4398,34.6418
1024,4399,34.6457
1024,4400,34.6501
1024,4401,34.6540
1024,4402,34.6589
1024,4403,34.6638
1024,4404,34.6682
1024,4405,34.6729
1024,4406,34.6774
1024,4407,34.6824
1024,4408,34.6870
1024,4409,34.6911
1024,4410,34.6957
1024,4411,34.7006
1024,4412,34.7053
1024,4413,34.7094
1024,4414,34.7133
1024,4415,34.7174
1024,4416,34.7215
1024,4417,34.7256
1024,4418,34.7302
1024,4419,34.7346
1024,4420,34.7394
1024,4421,34.7438
1024,4422,34.7482
1024,4423,34.7530
1024,4424,34.7576
1024,4425,34.7617
1024,4426,34.7658
1024,4427,34.7706
1024,4428,34.7748
1024,4429,34.7792
1024,4430,34.7831
1024,4431,34.7876
1024,4432,34.7924
1024,4433,34.7976
1024,4434,34.8018
1024,4435,34.8061
1024,4436,34.8105
1024,4437,34.8148
1024,4438,34.8192
1024,4439,34.8236
1024,4440,34.8285
1024,4441,34.8331
1024,4442,34.8374
1024,4443,34.8419
1024,4444,34.8465
1024,4445,34.8512
1024,4446,34.8560
1024,4447,34.8601
1024,4448,34.8643
1024,4449,34.8686
1024,4450,34.8731
1024,4451,34.8775
1024,4452,34.8818
1024,4453,34.8866
1024,4454,34.8915
1024,4455,34.8961
1024,4456,34.9007
1024,4457,34.9059
1024,4458,34.9108
1024,4459,34.9152
1024,4460,34.9197
1024,4461,34.9243
1024,4462,34.9286
1024,4463,34.9330
1024,4464,34.9373
1024,4465,34.9412
1024,4466,34.9463
1024,4467,34.9504
1024,4468,34.9546
1024,4469,34.9591
1024,4470,34.9640
1024,4471,34.9690
1024,4472,34.9734
1024,4473,34.9785
1024,4474,34.9828
1024,4475,34.9871
1024,4476,34.9909
1024,4477,34.9953
1024,4478,35.0002
1024,4479,35.0046
1024,4480,35.0093
1024,4481,35.0141
1024,4482,35.0179
1024,4483,35.0230
1024,4484,35.0276
1024,4485,35.0319
1024,4486,35.0363
1024,4487,35.0405
1024,4488,35.0445
1024,4489,35.0490
1024,4490,35.0538
1024,4491,35.0581
1024,4492,35.0630
1024,4493,35.0670
1024,4494,35.0715
1024,4495,35.0757
1024,4496,35.0809
1024,4497,35.0852
1024,4498,35.0895
1024,4499,35.0931
1024,4500,35.0972
1024,4501,35.1016
1024,4502,35.1058
1024,4503,35.1105
1024,4504,35.1153
1024,4505,35.1200
1024,4506,35.1240
1024,4507,35.1280
1024,4508,35.1317
1024,4509,35.1368
1024,4510,35.1410
1024,4511,35.1456
1024,4512,35.1501
1024,4513,35.1551
1024,4514,35.1600
1024,4515,35.1644
1024,4516,35.1691
1024,4517,35.1737
1024,4518,35.1782
1024,4519,35.1823
1024,4520,35.1869
1024,4521,35.1916
1024,4522,35.1957
1024,4523,35.2004
1024,4524,35.2045
1024,4525,35.2092
1024,4526,35.2137
1024,4527,35.2181
1024,4528,35.2227
1024,4529,35.2273
1024,4530,35.2320
1024,4531,35.2364
1024,4532,35.2415
1024,4533,35.2458
1024,4534,35.2498
1024,4535,35.2540
1024,4536,35.2582
1024,4537,35.2626
1024,4538,35.2670
1024,4539,35.2715
1024,4540,35.2758
1024,4541,35.2800
1024,4542,35.2845
1024,4543,35.2891
1024,4544,35.2938
1024,4545,35.2979
1024,4546,35.3020
1024,4547,35.3071
1024,4548,35.3122
1024,4549,35.3165
1024,4550,35.3214
1024,4551,35.3262
1024,4552,35.3309
1024,4553,35.3355
1024,4554,35.3406
1024,4555,35.3454
1024,4556,35.3497
1024,4557,35.3542
1024,4558,35.3588
1024,4559,35.3633
1024,4560,35.3675
1024,4561,35.3721
1024,4562,35.3764
1024,4563,35.3812
1024,4564,35.3858
1024,4565,35.3901
1024,4566,35.3941
1024,4567,35.3990
1024,4568,35.4037
1024,4569,35.4086
1024,4570,35.4122
1024,4571,35.4171
1024,4572,35.4216
1024,4573,35.4260
1024,4574,35.4306
1024,4575,35.4349
1024,4576,35.4388
1024,4577,35.4426
1024,4578,35.4463
1024,4579,35.4508
1024,4580,35.4553
1024,4581,35.4593
1024,4582,35.4632
1024,4583,35.4675
1024,4584,35.4723
1024,4585,35.4772
1024,4586,35.4818
1024,4587,35.4860
1024,4588,35.4904
1024,4589,35.4707
1024,4590,35.4754
1024,4591,35.4798
1024,4592,35.4833
1024,4593,35.4873
1024,4594,35.4918
1024,4595,35.4969
1024,4596,35.5019
1024,4597,35.5064
1024,4598,35.5107
1024,4599,35.5148
1024,4600,35.5190
1024,4601,35.5234
1024,4602,35.5282
1024,4603,35.5323
1024,4604,35.5366
1024,4605,35.5410
1024,4606,35.5456
1024,4607,35.5499
1024,4608,35.5545
1024,4609,35.5586
1024,4610,35.5635
1024,4611,35.5678
1024,4612,35.5727
1024,4613,35.5771
1024,4614,35.5821
1024,4615,35.5859
1024,4616,35.5901
1024,4617,35.5945
1024,4618,35.5989
1024,4619,35.6030
1024,4620,35.6067
1024,4621,35.6114
1024,4622,35.6156
1024,4623,35.6199
1024,4624,35.6243
1024,4625,35.6286
1024,4626,35.6337
1024,4627,35.6380
1024,4628,35.6423
1024,4629,35.6466
1024,4630,35.6510
1024,4631,35.6556
1024,4632,35.6600
1024,4633,35.6649
1024,4634,35.6688
1024,4635,35.6739
1024,4636,35.6786
1024,4637,35.6830
1024,4638,35.6872
1024,4639,35.6918
1024,4640,35.6963
1024,4641,35.7003
1024,4642,35.7047
1024,4643,35.7094
1024,4644,35.7139
1024,4645,35.7187
1024,4646,35.7232
1024,4647,35.7280
1024,4648,35.7326
1024,4649,35.7366
1024,4650,35.7416
1024,4651,35.7463
1024,4652,35.7502
1024,4653,35.7546
1024,4654,35.7593
1024,4655,35.7631
1024,4656,35.7669
1024,4657,35.7706
1024,4658,35.7750
1024,4659,35.7790
1024,4660,35.7832
1024,4661,35.7754
1024,4662,35.7793
1024,4663,35.7832
1024,4664,35.7878
1024,4665,35.7920
1024,4666,35.7965
1024,4667,35.8015
1024,4668,35.8060
1024,4669,35.8104
1024,4670,35.8147
1024,4671,35.8195
1024,4672,35.8242
1024,4673,35.8279
1024,4674,35.8320
1024,4675,35.8357
1024,4676,35.8401
1024,4677,35.8448
1024,4678,35.8495
1024,4679,35.8537
1024,4680,35.8574
1024,4681,35.8620
1024,4682,35.8662
1024,4683,35.8706
1024,4684,35.8754
1024,4685,35.8795
1024,4686,35.8841
1024,4687,35.8881
1024,4688,35.8924
1024,4689,35.8972
1024,4690,35.9020
1024,4691,35.9061
1024,4692,35.9110
1024,4693,35.8973
1024,4694,35.9012
1024,4695,35.9056
1024,4696,35.9098
1024,4697,35.9136
1024,4698,35.9184
1024,4699,35.9227
1024,4700,35.9269
1024,4701,35.9313
1024,4702,35.9356
1024,4703,35.9401
1024,4704,35.9450
1024,4705,35.9489
1024,4706,35.9533
1024,4707,35.9578
1024,4708,35.9625
1024,4709,35.9672
1024,4710,35.9716
1024,4711,35.9762
1024,4712,35.9804
1024,4713,35.9847
1024,4714,35.9891
1024,4715,35.9652
1024,4716,35.9693
1024,4717,35.9732
1024,4718,35.9775
1024,4719,35.9820
1024,4720,35.9862
1024,4721,35.9906
1024,4722,35.9949
1024,4723,35.9988
1024,4724,36.0032
1024,4725,36.0080
1024,4726,36.0130
1024,4727,36.0170
1024,4728,36.0207
1024,4729,36.0252
1024,4730,36.0299
1024,4731,36.0346
1024,4732,36.0395
1024,4733,36.0439
1024,4734,36.0478
1024,4735,36.0262
1024,4736,36.0298
1024,4737,36.0346
1024,4738,36.0388
1024,4739,36.0432
1024,4740,36.0270
1024,4741,36.0306
1024,4742,36.0349
1024,4743,36.0388
1024,4744,36.0429
1024,4745,36.0311
1024,4746,36.0354
1024,4747,36.0403
1024,4748,36.0444
1024,4749,36.0486
1024,4750,36.0523
1024,4751,36.0561
1024,4752,36.0607
1024,4753,36.0645
1024,4754,36.0683
1024,4755,36.0724
1024,4756,36.0771
1024,4757,36.0817
1024,4758,36.0863
1024,4759,36.0911
1024,4760,36.0953
1024,4761,36.0996
1024,4762,36.1042
1024,4763,36.1084
1024,4764,36.1128
1024,4765,36.1172
1024,4766,36.1113
1024,4767,36.1161
1024,4768,36.1202
1024,4769,36.1247
1024,4770,36.1131
1024,4771,36.0964
1024,4772,36.1008
1024,4773,36.1058
1024,4774,36.0482
1024,4775,36.0524
1024,4776,36.0568
1024,4777,36.0606
1024,4778,36.0643
1024,4779,36.0689
1024,4780,36.0728
1024,4781,36.0772
1024,4782,36.0814
1024,4783,36.0858
1024,4784,36.0586
1024,4785,36.0630
1024,4786,36.0676
1024,4787,36.0718
1024,4788,36.0758
1024,4789,36.0800
1024,4790,36.0836
1024,4791,36.0876
1024,4792,36.0912
1024,4793,36.0959
1024,4794,36.1007
1024,4795,36.1050
1024,4796,36.1091
1024,4797,36.1133
1024,4798,36.1172
1024,4799,36.1214
1024,4800,36.1176
1024,4801,36.1221
1024,4802,36.1258
1024,4803,36.1023
1024,4804,36.1071
1024,4805,36.1114
1024,4806,36.1153
1024,4807,36.1193
1024,4808,36.1233
1024,4809,36.1275
1024,4810,36.1312
1024,4811,36.1349
1024,4812,36.1391
1024,4813,36.1432
1024,4814,36.1478
1024,4815,36.1518
1024,4816,36.1569
1024,4817,36.1617
1024,4818,36.1653
1024,4819,36.1699
1024,4820,36.1735
1024,4821,36.1776
1024,4822,36.1814
1024,4823,36.1854
1024,4824,36.1898
1024,4825,36.1946
1024,4826,36.1983
1024,4827,36.2019
1024,4828,36.1872
1024,4829,36.1914
1024,4830,36.1957
1024,4831,36.2009
1024,4832,36.2053
1024,4833,36.1889
1024,4834,36.1931
1024,4835,36.1976
1024,4836,36.1939
1024,4837,36.1982
1024,4838,36.2029
1024,4839,36.2077
1024,4840,36.2112
1024,4841,36.2160
1024,4842,36.2206
1024,4843,36.2250
1024,4844,36.2290
1024,4845,36.2326
1024,4846,36.2373
1024,4847,36.2416
1024,4848,36.2463
1024,4849,36.2501
1024,4850,36.2543
1024,4851,36.2586
1024,4852,36.2627
1024,4853,36.2666
1024,4854,36.2712
1024,4855,36.2760
1024,4856,36.2799
1024,4857,36.2842
1024,4858,36.2882
1024,4859,36.2921
1024,4860,36.2965
1024,4861,36.3006
1024,4862,36.3041
1024,4863,36.3081
1024,4864,36.3122
1024,4865,36.3166
1024,4866,36.3202
1024,4867,36.3241
1024,4868,36.3286
1024,4869,36.3335
1024,4870,36.3376
1024,4871,36.3414
1024,4872,36.3458
1024,4873,36.3500
1024,4874,36.3537
1024,4875,36.3586
1024,4876,36.3647
1024,4877,36.3687
1024,4878,36.3721
1024,4879,36.3769
1024,4880,36.3813
1024,4881,36.3853
1024,4882,36.3886
1024,4883,36.3925
1024,4884,36.3970
1024,4885,36.4010
1024,4886,36.4051
1024,4887,36.4090
1024,4888,36.4127
1024,4889,36.4169
1024,4890,36.4209
1024,4891,36.4250
1024,4892,36.4300
1024,4893,36.4352
1024,4894,36.4388
1024,4895,36.4223
1024,4896,36.4269
1024,4897,36.4309
1024,4898,36.4346
1024,4899,36.4391
1024,4900,36.4434
1024,4901,36.4476
1024,4902,36.4514
1024,4903,36.4552
1024,4904,36.4597
1024,4905,36.4642
1024,4906,36.4691
1024,4907,36.4727
1024,4908,36.4770
1024,4909,36.4811
1024,4910,36.4852
1024,4911,36.4890
1024,4912,36.4935
1024,4913,36.4982
1024,4914,36.4499
1024,4915,36.4549
1024,4916,36.4592
1024,4917,36.4626
1024,4918,36.4663
1024,4919,36.4710
1024,4920,36.4754
1024,4921,36.4794
1024,4922,36.4836
1024,4923,36.4874
1024,4924,36.4916
1024,4925,36.4920
1024,4926,36.4963
1024,4927,36.5004
1024,4928,36.5045
1024,4929,36.5083
1024,4930,36.5124
1024,4931,36.5187
1024,4932,36.5224
1024,4933,36.5262
1024,4934,36.5306
1024,4935,36.5342
1024,4936,36.5390
1024,4937,36.5426
1024,4938,36.5467
1024,4939,36.5515
1024,4940,36.5439
1024,4941,36.5481
1024,4942,36.5526
1024,4943,36.5570
1024,4944,36.5610
1024,4945,36.5646
1024,4946,36.5685
1024,4947,36.5725
1024,4948,36.5763
1024,4949,36.5807
1024,4950,36.5604
1024,4951,36.5646
1024,4952,36.5691
1024,4953,36.5570
1024,4954,36.5613
1024,4955,36.5658
1024,4956,36.5652
1024,4957,36.5686
1024,4958,36.5721
1024,4959,36.5765
1024,4960,36.5809
1024,4961,36.5851
1024,4962,36.5895
1024,4963,36.5929
1024,4964,36.5972
1024,4965,36.6014
1024,4966,36.6051
1024,4967,36.6096
1024,4968,36.6140
1024,4969,36.6175
1024,4970,36.6209
1024,4971,36.6237
1024,4972,36.6275
1024,4973,36.6313
1024,4974,36.6362
1024,4975,36.6402
1024,4976,36.6443
1024,4977,36.6485
1024,4978,36.6523
1024,4979,36.6565
1024,4980,36.6605
1024,4981,36.6640
1024,4982,36.6268
1024,4983,36.6310
1024,4984,36.6353
1024,4985,36.6398
1024,4986,36.6441
1024,4987,36.6483
1024,4988,36.6522
1024,4989,36.6553
1024,4990,36.6600
1024,4991,36.6639
1024,4992,36.6673
1024,4993,36.6719
1024,4994,36.6761
1024,4995,36.6804
1024,4996,36.6844
1024,4997,36.6872
1024,4998,36.6913
1024,4999,36.6961
1024,5000,36.6998
4096,1,0.0000
4096,2,0.5074
4096,3,0.7260
4096,4,0.8647
4096,5,1.0033
4096,6,1.1109
4096,7,1.2192
4096,8,1.3180
4096,9,1.4125
4096,10,1.5059
4096,11,1.5842
4096,12,1.6732
4096,13,1.7465
4096,14,1.8154
4096,15,1.8788
4096,16,1.9421
4096,17,2.0055
4096,18,2.0631
4096,19,2.1241
4096,20,2.1813
4096,21,2.2355
4096,22,2.2931
4096,23,2.3452
4096,24,2.3929
4096,25,2.4423
4096,26,2.4863
4096,27,2.5343
4096,28,2.5796
4096,29,2.6261
4096,30,2.6720
4096,31,2.7157
4096,32,2.7569
4096,33,2.7993
4096,34,2.8438
4096,35,2.8844
4096,36,2.9240
4096,37,2.9625
4096,38,3.0005
4096,39,3.0382
4096,40,3.0773
4096,41,3.1169
4096,42,3.1549
4096,43,3.1916
4096,44,3.2250
4096,45,3.2627
4096,46,3.2975
4096,47,3.3334
4096,48,3.3691
4096,49,3.4074
4096,50,3.4411
4096,51,3.4746
4096,52,3.5080
4096,53,3.5396
4096,54,3.5738
4096,55,3.6080
4096,56,3.6416
4096,57,3.6747
4096,58,3.7064
4096,59,3.7384
4096,60,3.7702
4096,61,3.8026
4096,62,3.8343
4096,63,3.8669
4096,64,3.8980
4096,65,3.9295
4096,66,3.9590
4096,67,3.9881
4096,68,4.0168
4096,69,4.0475
4096,70,4.0756
4096,71,4.1041
4096,72,4.1322
4096,73,4.1604
4096,74,4.1899
4096,75,4.2181
4096,76,4.2443
4096,77,4.2741
4096,78,4.3020
4096,79,4.3262
4096,80,4.3531
4096,81,4.3777
4096,82,4.4061
4096,83,4.4330
4096,84,4.4596
4096,85,4.4857
4096,86,4.5111
4096,87,4.5370
4096,88,4.5624
4096,89,4.5881
4096,90,4.6120
4096,91,4.6366
4096,92,4.6606
4096,93,4.6858
4096,94,4.7108
4096,95,4.7375
4096,96,4.7625
4096,97,4.7865
4096,98,4.8123
4096,99,4.8351
4096,100,4.8585
4096,101,4.8820
4096,102,4.9060
4096,103,4.9313
4096,104,4.9578
4096,105,4.9824
4096,106,5.0066
4096,107,5.0295
4096,108,5.0509
4096,109,5.0745
4096,110,5.0979
4096,111,5.1194
4096,112,5.1444
4096,113,5.1664
4096,114,5.1889
4096,115,5.2119
4096,116,5.2335
4096,117,5.2562
4096,118,5.2785
4096,119,5.3015
4096,120,5.3228
4096,121,5.3457
4096,122,5.3671
4096,123,5.3880
4096,124,5.4101
4096,125,5.4318
4096,126,5.4534
4096,127,5.4761
4096,128,5.4971
4096,129,5.5190
4096,130,5.5406
4096,131,5.5615
4096,132,5.5837
4096,133,5.6056
4096,134,5.6260
4096,135,5.6468
4096,136,5.6684
4096,137,5.6898
4096,138,5.7122
4096,139,5.7322
4096,140,5.7541
4096,141,5.7748
4096,142,5.7934
4096,143,5.8153
4096,144,5.8355
4096,145,5.8580
4096,146,5.8786
4096,147,5.8986
4096,148,5.9192
4096,149,5.9398
4096,150,5.9599
4096,151,5.9798
4096,152,6.0005
4096,153,6.0205
4096,154,6.0399
4096,155,6.0589
4096,156,6.0780
4096,157,6.0991
4096,158,6.1199
4096,159,6.1396
4096,160,6.1571
4096,161,6.1768
4096,162,6.1947
4096,163,6.2146
4096,164,6.2334
4096,165,6.2532
4096,166,6.2714
4096,167,6.2903
4096,168,6.3080
4096,169,6.3270
4096,170,6.3459
4096,171,6.3644
4096,172,6.3833
4096,173,6.4020
4096,174,6.4204
4096,175,6.4379
4096,176,6.4557
4096,177,6.4742
4096,178,6.4928
4096,179,6.5109
4096,180,6.5294
4096,181,6.5483
4096,182,6.5663
4096,183,6.5850
4096,184,6.6026
4096,185,6.6204
4096,186,6.6393
4096,187,6.6569
4096,188,6.6743
4096,189,6.6922
4096,190,6.7107
4096,191,6.7291
4096,192,6.7465
4096,193,6.7633
4096,194,6.7817
4096,195,6.8005
4096,196,6.8189
4096,197,6.8370
4096,198,6.8544
4096,199,6.8716
4096,200,6.8899
4096,201,6.9079
4096,202,6.9249
4096,203,6.9437
4096,204,6.9604
4096,205,6.9769
4096,206,6.9947
4096,207,7.0128
4096,208,7.0298
4096,209,7.0459
4096,210,7.0626
4096,211,7.0793
4096,212,7.0963
4096,213,7.1137
4096,214,7.1303
4096,215,7.1482
4096,216,7.1651
4096,217,7.1810
4096,218,7.1974
4096,219,7.2149
4096,220,7.2310
4096,221,7.2472
4096,222,7.2639
4096,223,7.2808
4096,224,7.2984
4096,225,7.3140
4096,226,7.3308
4096,227,7.3479
4096,228,7.3632
4096,229,7.3795
4096,230,7.3961
4096,231,7.4135
4096,232,7.4302
4096,233,7.4474
4096,234,7.4633
4096,235,7.4793
4096,236,7.4948
4096,237,7.5106
4096,238,7.5266
4096,239,7.5420
4096,240,7.5581
4096,241,7.5748
4096,242,7.5902
4096,243,7.6047
4096,244,7.6207
4096,245,7.6363
4096,246,7.6515
4096,247,7.6669
4096,248,7.6819
4096,249,7.6982
4096,250,7.7136
4096,251,7.7291
4096,252,7.7440
4096,253,7.7576
4096,254,7.7725
4096,255,7.7876
4096,256,7.8023
4096,257,7.8181
4096,258,7.8334
4096,259,7.8481
4096,260,7.8639
4096,261,7.8797
4096,262,7.8948
4096,263,7.9098
4096,264,7.9252
4096,265,7.9405
4096,266,7.9554
4096,267,7.9701
4096,268,7.9855
4096,269,8.0011
4096,270,8.0161
4096,271,8.0308
4096,272,8.0455
4096,273,8.0600
4096,274,8.0751
4096,275,8.0899
4096,276,8.1040
4096,277,8.1189
4096,278,8.1336
4096,279,8.1483
4096,280,8.1629
4096,281,8.1770
4096,282,8.1916
4096,283,8.2060
4096,284,8.2200
4096,285,8.2343
4096,286,8.2487
4096,287,8.2639
4096,288,8.2777
4096,289,8.2924
4096,290,8.3069
4096,291,8.3215
4096,292,8.3364
4096,293,8.3511
4096,294,8.3649
4096,295,8.3789
4096,296,8.3935
4096,297,8.4075
4096,298,8.4220
4096,299,8.4366
4096,300,8.4508
4096,301,8.4658
4096,302,8.4799
4096,303,8.4947
4096,304,8.5088
4096,305,8.5226
4096,306,8.5371
4096,307,8.5509
4096,308,8.5663
4096,309,8.5803
4096,310,8.5948
4096,311,8.6082
4096,312,8.6220
4096,313,8.6360
4096,314,8.6491
4096,315,8.6629
4096,316,8.6764
4096,317,8.6898
4096,318,8.7039
4096,319,8.7169
4096,320,8.7295
4096,321,8.7435
4096,322,8.7573
4096,323,8.7709
4096,324,8.7841
4096,325,8.7976
4096,326,8.8120
4096,327,8.8259
4096,328,8.8396
4096,329,8.8521
4096,330,8.8657
4096,331,8.8799
4096,332,8.8935
4096,333,8.9075
4096,334,8.9212
4096,335,8.9346
4096,336,8.9493
4096,337,8.9623
4096,338,8.9750
4096,339,8.9891
4096,340,9.0025
4096,341,9.0167
4096,342,9.0302
4096,343,9.0440
4096,344,9.0577
4096,345,9.0713
4096,346,9.0849
4096,347,9.0980
4096,348,9.1113
4096,349,9.1242
4096,350,9.1368
4096,351,9.1494
4096,352,9.1625
4096,353,9.1757
4096,354,9.1892
4096,355,9.2024
4096,356,9.2160
4096,357,9.2297
4096,358,9.2422
4096,359,9.2548
4096,360,9.2678
4096,361,9.2811
4096,362,9.2944
4096,363,9.3076
4096,364,9.3199
4096,365,9.3334
4096,366,9.3454
4096,367,9.3589
4096,368,9.3726
4096,369,9.3860
4096,370,9.3989
4096,371,9.4115
4096,372,9.4246
4096,373,9.4375
4096,374,9.4503
4096,375,9.4631
4096,376,9.4760
4096,377,9.4884
4096,378,9.5010
4096,379,9.5135
4096,380,9.5263
4096,381,9.5388
4096,382,9.5510
4096,383,9.5642
4096,384,9.5769
4096,385,9.5894
4096,386,9.6021
4096,387,9.6144
4096,388,9.6258
4096,389,9.6387
4096,390,9.6507
4096,391,9.6629
4096,392,9.6749
4096,393,9.6873
4096,394,9.7004
4096,395,9.7125
4096,396,9.7254
4096,397,9.7373
4096,398,9.7494
4096,399,9.7621
4096,400,9.7733
4096,401,9.7862
4096,402,9.7977
4096,403,9.8097
4096,404,9.8225
4096,405,9.8352
4096,406,9.8483
4096,407,9.8602
4096,408,9.8721
4096,409,9.8842
4096,410,9.8964
4096,411,9.9084
4096,412,9.9190
4096,413,9.9314
4096,414,9.9437
4096,415,9.9556
4096,416,9.9675
4096,417,9.9788
4096,418,9.9905
4096,419,10.0027
4096,420,10.0142
4096,421,10.0267
4096,422,10.0386
4096,423,10.0509
4096,424,10.0622
4096,425,10.0744
4096,426,10.0864
4096,427,10.0988
4096,428,10.1105
4096,429,10.1223
4096,430,10.1347
4096,431,10.1464
4096,432,10.1587
4096,433,10.1712
4096,434,10.1830
4096,435,10.1953
4096,436,10.2069
4096,437,10.2188
4096,438,10.2305
4096,439,10.2419
4096,440,10.2533
4096,441,10.2644
4096,442,10.2763
4096,443,10.2874
4096,444,10.2997
4096,445,10.3117
4096,446,10.3237
4096,447,10.3350
4096,448,10.3474
4096,449,10.3597
4096,450,10.3716
4096,451,10.3842
4096,452,10.3964
4096,453,10.4084
4096,454,10.4204
4096,455,10.4322
4096,456,10.4438
4096,457,10.4553
4096,458,10.4668
4096,459,10.4794
4096,460,10.4910
4096,461,10.5031
4096,462,10.5150
4096,463,10.5276
4096,464,10.5391
4096,465,10.5497
4096,466,10.5624
4096,467,10.5738
4096,468,10.5850
4096,469,10.5970
4096,470,10.6087
4096,471,10.6202
4096,472,10.6320
4096,473,10.6436
4096,474,10.6551
4096,475,10.6668
4096,476,10.6779
4096,477,10.6896
4096,478,10.7006
4096,479,10.7123
4096,480,10.7233
4096,481,10.7347
4096,482,10.7461
4096,483,10.7574
4096,484,10.7691
4096,485,10.7811
4096,486,10.7929
4096,487,10.8038
4096,488,10.8149
4096,489,10.8262
4096,490,10.8373
4096,491,10.8487
4096,492,10.8604
4096,493,10.8723
4096,494,10.8838
4096,495,10.8952
4096,496,10.9068
4096,497,10.9178
4096,498,10.9299
4096,499,10.9405
4096,500,10.9525
4096,501,10.9635
4096,502,10.9742
4096,503,10.9858
4096,504,10.9974
4096,505,11.0088
4096,506,11.0204
4096,507,11.0320
4096,508,11.0435
4096,509,11.0544
4096,510,11.0662
4096,511,11.0775
4096,512,11.0887
4096,513,11.1000
4096,514,11.1110
4096,515,11.1209
4096,516,11.1322
4096,517,11.1429
4096,518,11.1537
4096,519,11.1646
4096,520,11.1754
4096,521,11.1874
4096,522,11.1982
4096,523,11.2090
4096,524,11.2198
4096,525,11.2312
4096,526,11.2418
4096,527,11.2528
4096,528,11.2640
4096,529,11.2752
4096,530,11.2866
4096,531,11.2980
4096,532,11.3095
4096,533,11.3204
4096,534,11.3316
4096,535,11.3430
4096,536,11.3532
4096,537,11.3646
4096,538,11.3756
4096,539,11.3865
4096,540,11.3974
4096,541,11.4087
4096,542,11.4196
4096,543,11.4304
4096,544,11.4410
4096,545,11.4518
4096,546,11.4630
4096,547,11.4735
4096,548,11.4840
4096,549,11.4946
4096,550,11.5056
4096,551,11.5163
4096,552,11.5268
4096,553,11.5381
4096,554,11.5484
4096,555,11.5588
4096,556,11.5701
4096,557,11.5808
4096,558,11.5920
4096,559,11.6027
4096,560,11.6131
4096,561,11.6240
4096,562,11.6347
4096,563,11.6452
4096,564,11.6555
4096,565,11.6658
4096,566,11.6768
4096,567,11.6878
4096,568,11.6985
4096,569,11.7092
4096,570,11.7205
4096,571,11.7307
4096,572,11.7404
4096,573,11.7512
4096,574,11.7616
4096,575,11.7723
4096,576,11.7825
4096,577,11.7928
4096,578,11.8025
4096,579,11.8135
4096,580,11.8244
4096,581,11.8350
4096,582,11.8460
4096,583,11.8557
4096,584,11.8655
4096,585,11.8757
4096,586,11.8864
4096,587,11.8974
4096,588,11.9084
4096,589,11.9191
4096,590,11.9292
4096,591,11.9399
4096,592,11.9497
4096,593,11.9596
4096,594,11.9703
4096,595,11.9807
4096,596,11.9918
4096,597,12.0021
4096,598,12.0130
4096,599,12.0242
4096,600,12.0341
4096,601,12.0448
4096,602,12.0550
4096,603,12.0649
4096,604,12.0748
4096,605,12.0847
4096,606,12.0947
4096,607,12.1041
4096,608,12.1138
4096,609,12.1240
4096,610,12.1339
4096,611,12.1434
4096,612,12.1534
4096,613,12.1634
4096,614,12.1734
4096,615,12.1833
4096,616,12.1932
4096,617,12.2038
4096,618,12.2139
4096,619,12.2239
4096,620,12.2343
4096,621,12.2440
4096,622,12.2541
4096,623,12.2636
4096,624,12.2732
4096,625,12.2834
4096,626,12.2931
4096,627,12.3034
4096,628,12.3134
4096,629,12.3229
4096,630,12.3319
4096,631,12.3425
4096,632,12.3520
4096,633,12.3619
4096,634,12.3718
4096,635,12.3813
4096,636,12.3910
4096,637,12.4008
4096,638,12.4112
4096,639,12.4208
4096,640,12.4311
4096,641,12.4409
4096,642,12.4511
4096,643,12.4605
4096,644,12.4705
4096,645,12.4807
4096,646,12.4910
4096,647,12.5010
4096,648,12.5105
4096,649,12.5202
4096,650,12.5308
4096,651,12.5401
4096,652,12.5498
4096,653,12.5595
4096,654,12.5685
4096,655,12.5779
4096,656,12.5874
4096,657,12.5969
4096,658,12.6067
4096,659,12.6157
4096,660,12.6255
4096,661,12.6349
4096,662,12.6444
4096,663,12.6541
4096,664,12.6637
4096,665,12.6731
4096,666,12.6825
4096,667,12.6916
4096,668,12.7011
4096,669,12.7106
4096,670,12.7205
4096,671,12.7303
4096,672,12.7400
4096,673,12.7498
4096,674,12.7599
4096,675,12.7696
4096,676,12.7799
4096,677,12.7896
4096,678,12.7994
4096,679,12.8091
4096,680,12.8192
4096,681,12.8293
4096,682,12.8383
4096,683,12.8481
4096,684,12.8573
4096,685,12.8671
4096,686,12.8767
4096,687,12.8860
4096,688,12.8955
4096,689,12.9049
4096,690,12.9150
4096,691,12.9244
4096,692,12.9346
4096,693,12.9445
4096,694,12.9547
4096,695,12.9645
4096,696,12.9740
4096,697,12.9834
4096,698,12.9926
4096,699,13.0023
4096,700,13.0113
4096,701,13.0213
4096,702,13.0313
4096,703,13.0407
4096,704,13.0498
4096,705,13.0595
4096,706,13.0695
4096,707,13.0785
4096,708,13.0877
4096,709,13.0972
4096,710,13.1066
4096,711,13.1153
4096,712,13.1249
4096,713,13.1343
4096,714,13.1439
4096,715,13.1532
4096,716,13.1622
4096,717,13.1711
4096,718,13.1808
4096,719,13.1901
4096,720,13.1989
4096,721,13.2085
4096,722,13.2178
4096,723,13.2271
4096,724,13.2361
4096,725,13.2456
4096,726,13.2550
4096,727,13.2641
4096,728,13.2735
4096,729,13.2821
4096,730,13.2918
4096,731,13.3014
4096,732,13.3108
4096,733,13.3201
4096,734,13.3293
4096,735,13.3384
4096,736,13.3477
4096,737,13.3574
4096,738,13.3665
4096,739,13.3760
4096,740,13.3854
4096,741,13.3944
4096,742,13.4034
4096,743,13.4125
4096,744,13.4212
4096,745,13.4303
4096,746,13.4399
4096,747,13.4488
4096,748,13.4579
4096,749,13.4670
4096,750,13.4760
4096,751,13.4848
4096,752,13.4935
4096,753,13.5036
4096,754,13.5125
4096,755,13.5215
4096,756,13.5307
4096,757,13.5397
4096,758,13.5485
4096,759,13.5573
4096,760,13.5662
4096,761,13.5752
4096,762,13.5844
4096,763,13.5933
4096,764,13.6019
4096,765,13.6106
4096,766,13.6189
4096,767,13.6280
4096,768,13.6370
4096,769,13.6458
4096,770,13.6549
4096,771,13.6638
4096,772,13.6725
4096,773,13.6814
4096,774,13.6898
4096,775,13.6990
4096,776,13.7078
4096,777,13.7166
4096,778,13.7256
4096,779,13.7345
4096,780,13.7435
4096,781,13.7527
4096,782,13.7615
4096,783,13.7710
4096,784,13.7803
4096,785,13.7887
4096,786,13.7982
4096,787,13.8072
4096,788,13.8169
4096,789,13.8261
4096,790,13.8349
4096,791,13.8438
4096,792,13.8521
4096,793,13.8603
4096,794,13.8692
4096,795,13.8781
4096,796,13.8869
4096,797,13.8958
4096,798,13.9048
4096,799,13.9142
4096,800,13.9235
4096,801,13.9330
4096,802,13.9418
4096,803,13.9504
4096,804,13.9597
4096,805,13.9686
4096,806,13.9777
4096,807,13.9869
4096,808,13.9964
4096,809,14.0050
4096,810,14.0136
4096,811,14.0221
4096,812,14.0310
4096,813,14.0400
4096,814,14.0488
4096,815,14.0575
4096,816,14.0660
4096,817,14.0751
4096,818,14.0842
4096,819,14.0926
4096,820,14.1011
4096,821,14.1098
4096,822,14.1188
4096,823,14.1271
4096,824,14.1359
4096,825,14.1446
4096,826,14.1533
4096,827,14.1623
4096,828,14.1717
4096,829,14.1803
4096,830,14.1886
4096,831,14.1977
4096,832,14.2066
4096,833,14.2150
4096,834,14.2233
4096,835,14.2318
4096,836,14.2403
4096,837,14.2491
4096,838,14.2580
4096,839,14.2665
4096,840,14.2748
4096,841,14.2831
4096,842,14.2919
4096,843,14.3010
4096,844,14.3094
4096,845,14.3180
4096,846,14.3265
4096,847,14.3352
4096,848,14.3433
4096,849,14.3516
4096,850,14.3605
4096,851,14.3692
4096,852,14.3781
4096,853,14.3865
4096,854,14.3947
4096,855,14.4036
4096,856,14.4120
4096,857,14.4207
4096,858,14.4295
4096,859,14.4379
4096,860,14.4456
4096,861,14.4542
4096,862,14.4626
4096,863,14.4708
4096,864,14.4792
4096,865,14.4880
4096,866,14.4969
4096,867,14.5056
4096,868,14.5140
4096,869,14.5221
4096,870,14.5310
4096,871,14.5400
4096,872,14.5493
4096,873,14.5573
4096,874,14.5662
4096,875,14.5749
4096,876,14.5833
4096,877,14.5911
4096,878,14.5994
4096,879,14.6080
4096,880,14.6169
4096,881,14.6257
4096,882,14.6342
4096,883,14.6427
4096,884,14.6506
4096,885,14.6592
4096,886,14.6672
4096,887,14.6752
4096,888,14.6837
4096,889,14.6924
4096,890,14.7010
4096,891,14.7098
4096,892,14.7174
4096,893,14.7257
4096,894,14.7344
4096,895,14.7429
4096,896,14.7515
4096,897,14.7596
4096,898,14.7683
4096,899,14.7763
4096,900,14.7848
4096,901,14.7929
4096,902,14.8014
4096,903,14.8101
4096,904,14.8184
4096,905,14.8265
4096,906,14.8348
4096,907,14.8429
4096,908,14.8509
4096,909,14.8588
4096,910,14.8668
4096,911,14.8749
4096,912,14.8827
4096,913,14.8908
4096,914,14.8987
4096,915,14.9070
4096,916,14.9154
4096,917,14.9232
4096,918,14.9315
4096,919,14.9396
4096,920,14.9477
4096,921,14.9563
4096,922,14.9645
4096,923,14.9725
4096,924,14.9802
4096,925,14.9884
4096,926,14.9964
4096,927,15.0043
4096,928,15.0130
4096,929,15.0215
4096,930,15.0296
4096,931,15.0378
4096,932,15.0461
4096,933,15.0550
4096,934,15.0632
4096,935,15.0713
4096,936,15.0796
4096,937,15.0871
4096,938,15.0947
4096,939,15.1030
4096,940,15.1113
4096,941,15.1199
4096,942,15.1278
4096,943,15.1364
4096,944,15.1445
4096,945,15.1534
4096,946,15.1618
4096,947,15.1696
4096,948,15.1779
4096,949,15.1862
4096,950,15.1946
4096,951,15.2022
4096,952,15.2101
4096,953,15.2180
4096,954,15.2257
4096,955,15.2336
4096,956,15.2415
4096,957,15.2493
4096,958,15.2568
4096,959,15.2647
4096,960,15.2727
4096,961,15.2805
4096,962,15.2883
4096,963,15.2966
4096,964,15.3045
4096,965,15.3129
4096,966,15.3207
4096,967,15.3286
4096,968,15.3367
4096,969,15.3449
4096,970,15.3534
4096,971,15.3614
4096,972,15.3696
4096,973,15.3778
4096,974,15.3856
4096,975,15.3936
4096,976,15.4019
4096,977,15.4102
4096,978,15.4181
4096,979,15.4261
4096,980,15.4338
4096,981,15.4418
4096,982,15.4497
4096,983,15.4577
4096,984,15.4658
4096,985,15.4737
4096,986,15.4818
4096,987,15.4899
4096,988,15.4982
4096,989,15.5061
4096,990,15.5140
4096,991,15.5215
4096,992,15.5299
4096,993,15.5374
4096,994,15.5456
4096,995,15.5540
4096,996,15.5617
4096,997,15.5696
4096,998,15.5776
4096,999,15.5854
4096,1000,15.5931
4096,1001,15.6008
4096,1002,15.6084
4096,1003,15.6158
4096,1004,15.6241
4096,1005,15.6321
4096,1006,15.6401
4096,1007,15.6478
4096,1008,15.6558
4096,1009,15.6639
4096,1010,15.6720
4096,1011,15.6799
4096,1012,15.6873
4096,1013,15.6956
4096,1014,15.7039
4096,1015,15.7116
4096,1016,15.7192
4096,1017,15.7274
4096,1018,15.7348
4096,1019,15.7427
4096,1020,15.7507
4096,1021,15.7588
4096,1022,15.7666
4096,1023,15.7745
4096,1024,15.7823
4096,1025,15.7899
4096,1026,15.7978
4096,1027,15.8059
4096,1028,15.8135
4096,1029,15.8211
4096,1030,15.8286
4096,1031,15.8363
4096,1032,15.8442
4096,1033,15.8517
4096,1034,15.8592
4096,1035,15.8670
4096,1036,15.8748
4096,1037,15.8825
4096,1038,15.8903
4096,1039,15.8983
4096,1040,15.9057
4096,1041,15.9135
4096,1042,15.9214
4096,1043,15.9290
4096,1044,15.9366
4096,1045,15.9448
4096,1046,15.9526
4096,1047,15.9609
4096,1048,15.9689
4096,1049,15.9769
4096,1050,15.9849
4096,1051,15.9927
4096,1052,16.0002
4096,1053,16.0082
4096,1054,16.0153
4096,1055,16.0233
4096,1056,16.0313
4096,1057,16.0391
4096,1058,16.0469
4096,1059,16.0548
4096,1060,16.0626
4096,1061,16.0708
4096,1062,16.0782
4096,1063,16.0862
4096,1064,16.0943
4096,1065,16.1020
4096,1066,16.1094
4096,1067,16.1171
4096,1068,16.1251
4096,1069,16.1331
4096,1070,16.1407
4096,1071,16.1485
4096,1072,16.1564
4096,1073,16.1644
4096,1074,16.1721
4096,1075,16.1797
4096,1076,16.1876
4096,1077,16.1958
4096,1078,16.2034
4096,1079,16.2113
4096,1080,16.2187
4096,1081,16.2267
4096,1082,16.2348
4096,1083,16.2429
4096,1084,16.2509
4096,1085,16.2581
4096,1086,16.2664
4096,1087,16.2739
4096,1088,16.2813
4096,1089,16.2888
4096,1090,16.2967
4096,1091,16.3046
4096,1092,16.3124
4096,1093,16.3204
4096,1094,16.3281
4096,1095,16.3358
4096,1096,16.3430
4096,1097,16.3502
4096,1098,16.3577
4096,1099,16.3651
4096,1100,16.3726
4096,1101,16.3807
4096,1102,16.3886
4096,1103,16.3965
4096,1104,16.4037
4096,1105,16.4115
4096,1106,16.4193
4096,1107,16.4268
4096,1108,16.4346
4096,1109,16.4421
4096,1110,16.4497
4096,1111,16.4577
4096,1112,16.4658
4096,1113,16.4734
4096,1114,16.4812
4096,1115,16.4883
4096,1116,16.4957
4096,1117,16.5036
4096,1118,16.5116
4096,1119,16.5185
4096,1120,16.5266
4096,1121,16.5341
4096,1122,16.5412
4096,1123,16.5485
4096,1124,16.5563
4096,1125,16.5638
4096,1126,16.5715
4096,1127,16.5788
4096,1128,16.5865
4096,1129,16.5943
4096,1130,16.6024
4096,1131,16.6101
4096,1132,16.6178
4096,1133,16.6255
4096,1134,16.6334
4096,1135,16.6417
4096,1136,16.6489
4096,1137,16.6571
4096,1138,16.6649
4096,1139,16.6725
4096,1140,16.6799
4096,1141,16.6878
4096,1142,16.6950
4096,1143,16.7025
4096,1144,16.7094
4096,1145,16.7165
4096,1146,16.7235
4096,1147,16.7307
4096,1148,16.7390
4096,1149,16.7464
4096,1150,16.7540
4096,1151,16.7612
4096,1152,16.7681
4096,1153,16.7761
4096,1154,16.7842
4096,1155,16.7915
4096,1156,16.7990
4096,1157,16.8068
4096,1158,16.8144
4096,1159,16.8218
4096,1160,16.8292
4096,1161,16.8372
4096,1162,16.8448
4096,1163,16.8529
4096,1164,16.8606
4096,1165,16.8681
4096,1166,16.8758
4096,1167,16.8832
4096,1168,16.8903
4096,1169,16.8978
4096,1170,16.9053
4096,1171,16.9128
4096,1172,16.9197
4096,1173,16.9274
4096,1174,16.9354
4096,1175,16.9430
4096,1176,16.9503
4096,1177,16.9576
4096,1178,16.9653
4096,1179,16.9727
4096,1180,16.9802
4096,1181,16.9873
4096,1182,16.9952
4096,1183,17.0026
4096,1184,17.0097
4096,1185,17.0174
4096,1186,17.0254
4096,1187,17.0326
4096,1188,17.0401
4096,1189,17.0476
4096,1190,17.0547
4096,1191,17.0620
4096,1192,17.0696
4096,1193,17.0770
4096,1194,17.0841
4096,1195,17.0911
4096,1196,17.0984
4096,1197,17.1055
4096,1198,17.1130
4096,1199,17.1202
4096,1200,17.1271
4096,1201,17.1346
4096,1202,17.1419
4096,1203,17.1491
4096,1204,17.1563
4096,1205,17.1638
4096,1206,17.1713
4096,1207,17.1791
4096,1208,17.1865
4096,1209,17.1943
4096,1210,17.2012
4096,1211,17.2087
4096,1212,17.2160
4096,1213,17.2229
4096,1214,17.2296
4096,1215,17.2369
4096,1216,17.2439
4096,1217,17.2511
4096,1218,17.2585
4096,1219,17.2657
4096,1220,17.2730
4096,1221,17.2801
4096,1222,17.2871
4096,1223,17.2943
4096,1224,17.3016
4096,1225,17.3091
4096,1226,17.3159
4096,1227,17.3231
4096,1228,17.3307
4096,1229,17.3379
4096,1230,17.3449
4096,1231,17.3519
4096,1232,17.3596
4096,1233,17.3664
4096,1234,17.3737
4096,1235,17.3816
4096,1236,17.3889
4096,1237,17.3962
4096,1238,17.4028
4096,1239,17.4101
4096,1240,17.4176
4096,1241,17.4248
4096,1242,17.4319
4096,1243,17.4391
4096,1244,17.4466
4096,1245,17.4541
4096,1246,17.4615
4096,1247,17.4685
4096,1248,17.4758
4096,1249,17.4827
4096,1250,17.4899
4096,1251,17.4969
4096,1252,17.5041
4096,1253,17.5116
4096,1254,17.5189
4096,1255,17.5257
4096,1256,17.5331
4096,1257,17.5400
4096,1258,17.5469
4096,1259,17.5545
4096,1260,17.5617
4096,1261,17.5686
4096,1262,17.5760
4096,1263,17.5836
4096,1264,17.5909
4096,1265,17.5981
4096,1266,17.6057
4096,1267,17.6128
4096,1268,17.6196
4096,1269,17.6265
4096,1270,17.6334
4096,1271,17.6408
4096,1272,17.6477
4096,1273,17.6549
4096,1274,17.6618
4096,1275,17.6694
4096,1276,17.6767
4096,1277,17.6840
4096,1278,17.6913
4096,1279,17.6986
4096,1280,17.7059
4096,1281,17.7136
4096,1282,17.7205
4096,1283,17.7276
4096,1284,17.7345
4096,1285,17.7414
4096,1286,17.7489
4096,1287,17.7561
4096,1288,17.7634
4096,1289,17.7706
4096,1290,17.7772
4096,1291,17.7840
4096,1292,17.7911
4096,1293,17.7978
4096,1294,17.8047
4096,1295,17.8117
4096,1296,17.8189
4096,1297,17.8260
4096,1298,17.8330
4096,1299,17.8403
4096,1300,17.8478
4096,1301,17.8549
4096,1302,17.8620
4096,1303,17.8694
4096,1304,17.8767
4096,1305,17.8832
4096,1306,17.8898
4096,1307,17.8967
4096,1308,17.9039
4096,1309,17.9108
4096,1310,17.9179
4096,1311,17.9249
4096,1312,17.9318
4096,1313,17.9389
4096,1314,17.9461
4096,1315,17.9534
4096,1316,17.9603
4096,1317,17.9677
4096,1318,17.9748
4096,1319,17.9821
4096,1320,17.9894
4096,1321,17.9960
4096,1322,18.0029
4096,1323,18.0104
4096,1324,18.0167
4096,1325,18.0237
4096,1326,18.0308
4096,1327,18.0380
4096,1328,18.0453
4096,1329,18.0526
4096,1330,18.0595
4096,1331,18.0662
4096,1332,18.0735
4096,1333,18.0809
4096,1334,18.0880
4096,1335,18.0953
4096,1336,18.1026
4096,1337,18.1095
4096,1338,18.1164
4096,1339,18.1239
4096,1340,18.1308
4096,1341,18.1378
4096,1342,18.1450
4096,1343,18.1520
4096,1344,18.1587
4096,1345,18.1653
4096,1346,18.1723
4096,1347,18.1796
4096,1348,18.1869
4096,1349,18.1933
4096,1350,18.2001
4096,1351,18.2068
4096,1352,18.2140
4096,1353,18.2213
4096,1354,18.2283
4096,1355,18.2356
4096,1356,18.2429
4096,1357,18.2499
4096,1358,18.2568
4096,1359,18.2636
4096,1360,18.2707
4096,1361,18.2777
4096,1362,18.2847
4096,1363,18.2917
4096,1364,18.2989
4096,1365,18.3052
4096,1366,18.3123
4096,1367,18.3191
4096,1368,18.3260
4096,1369,18.3329
4096,1370,18.3392
4096,1371,18.3464
4096,1372,18.3532
4096,1373,18.3599
4096,1374,18.3671
4096,1375,18.3742
4096,1376,18.3814
4096,1377,18.3886
4096,1378,18.3958
4096,1379,18.4030
4096,1380,18.4098
4096,1381,18.4173
4096,1382,18.4246
4096,1383,18.4312
4096,1384,18.4380
4096,1385,18.4450
4096,1386,18.4524
4096,1387,18.4590
4096,1388,18.4659
4096,1389,18.4724
4096,1390,18.4792
4096,1391,18.4856
4096,1392,18.4924
4096,1393,18.4996
4096,1394,18.5066
4096,1395,18.5135
4096,1396,18.5207
4096,1397,18.5273
4096,1398,18.5342
4096,1399,18.5412
4096,1400,18.5477
4096,1401,18.5547
4096,1402,18.5616
4096,1403,18.5689
4096,1404,18.5756
4096,1405,18.5831
4096,1406,18.5897
4096,1407,18.5966
4096,1408,18.6038
4096,1409,18.6107
4096,1410,18.6173
4096,1411,18.6239
4096,1412,18.6309
4096,1413,18.6379
4096,1414,18.6448
4096,1415,18.6516
4096,1416,18.6588
4096,1417,18.6653
4096,1418,18.6725
4096,1419,18.6792
4096,1420,18.6856
4096,1421,18.6924
4096,1422,18.6989
4096,1423,18.7055
4096,1424,18.7125
4096,1425,18.7193
4096,1426,18.7261
4096,1427,18.7328
4096,1428,18.7401
4096,1429,18.7469
4096,1430,18.7541
4096,1431,18.7611
4096,1432,18.7681
4096,1433,18.7748
4096,1434,18.7815
4096,1435,18.7882
4096,1436,18.7954
4096,1437,18.8022
4096,1438,18.8090
4096,1439,18.8159
4096,1440,18.8227
4096,1441,18.8295
4096,1442,18.8365
4096,1443,18.8434
4096,1444,18.8501
4096,1445,18.8572
4096,1446,18.8636
4096,1447,18.8701
4096,1448,18.8772
4096,1449,18.8837
4096,1450,18.8903
4096,1451,18.8972
4096,1452,18.9041
4096,1453,18.9105
4096,1454,18.9171
4096,1455,18.9236
4096,1456,18.9301
4096,1457,18.9366
4096,1458,18.9431
4096,1459,18.9495
4096,1460,18.9563
4096,1461,18.9627
4096,1462,18.9695
4096,1463,18.9760
4096,1464,18.9825
4096,1465,18.9886
4096,1466,18.9954
4096,1467,19.0019
4096,1468,19.0086
4096,1469,19.0153
4096,1470,19.0222
4096,1471,19.0291
4096,1472,19.0357
4096,1473,19.0428
4096,1474,19.0490
4096,1475,19.0559
4096,1476,19.0621
4096,1477,19.0685
4096,1478,19.0749
4096,1479,19.0814
4096,1480,19.0878
4096,1481,19.0941
4096,1482,19.1007
4096,1483,19.1070
4096,1484,19.1133
4096,1485,19.1200
4096,1486,19.1264
4096,1487,19.1331
4096,1488,19.1400
4096,1489,19.1465
4096,1490,19.1532
4096,1491,19.1600
4096,1492,19.1667
4096,1493,19.1733
4096,1494,19.1800
4096,1495,19.1866
4096,1496,19.1930
4096,1497,19.1994
4096,1498,19.2056
4096,1499,19.2118
4096,1500,19.2185
4096,1501,19.2251
4096,1502,19.2317
4096,1503,19.2382
4096,1504,19.2448
4096,1505,19.2511
4096,1506,19.2580
4096,1507,19.2647
4096,1508,19.2715
4096,1509,19.2782
4096,1510,19.2852
4096,1511,19.2916
4096,1512,19.2977
4096,1513,19.3043
4096,1514,19.3110
4096,1515,19.3174
4096,1516,19.3242
4096,1517,19.3310
4096,1518,19.3376
4096,1519,19.3440
4096,1520,19.3507
4096,1521,19.3572
4096,1522,19.3635
4096,1523,19.3695
4096,1524,19.3760
4096,1525,19.3824
4096,1526,19.3891
4096,1527,19.3959
4096,1528,19.4021
4096,1529,19.4082
4096,1530,19.4147
4096,1531,19.4213
4096,1532,19.4279
4096,1533,19.4344
4096,1534,19.4414
4096,1535,19.4480
4096,1536,19.4546
4096,1537,19.4609
4096,1538,19.4675
4096,1539,19.4740
4096,1540,19.4803
4096,1541,19.4870
4096,1542,19.4936
4096,1543,19.5001
4096,1544,19.5068
4096,1545,19.5134
4096,1546,19.5199
4096,1547,19.5260
4096,1548,19.5327
4096,1549,19.5393
4096,1550,19.5460
4096,1551,19.5528
4096,1552,19.5591
4096,1553,19.5654
4096,1554,19.5719
4096,1555,19.5784
4096,1556,19.5851
4096,1557,19.5919
4096,1558,19.5986
4096,1559,19.6053
4096,1560,19.6117
4096,1561,19.6180
4096,1562,19.6242
4096,1563,19.6305
4096,1564,19.6369
4096,1565,19.6432
4096,1566,19.6494
4096,1567,19.6560
4096,1568,19.6622
4096,1569,19.6684
4096,1570,19.6747
4096,1571,19.6815
4096,1572,19.6881
4096,1573,19.6946
4096,1574,19.7012
4096,1575,19.7076
4096,1576,19.7145
4096,1577,19.7212
4096,1578,19.7276
4096,1579,19.7340
4096,1580,19.7403
4096,1581,19.7469
4096,1582,19.7531
4096,1583,19.7596
4096,1584,19.7659
4096,1585,19.7725
4096,1586,19.7788
4096,1587,19.7854
4096,1588,19.7922
4096,1589,19.7986
4096,1590,19.8051
4096,1591,19.8117
4096,1592,19.8183
4096,1593,19.8248
4096,1594,19.8311
4096,1595,19.8375
4096,1596,19.8437
4096,1597,19.8498
4096,1598,19.8565
4096,1599,19.8628
4096,1600,19.8696
4096,1601,19.8763
4096,1602,19.8826
4096,1603,19.8890
4096,1604,19.8947
4096,1605,19.9006
4096,1606,19.9070
4096,1607,19.9131
4096,1608,19.9191
4096,1609,19.9257
4096,1610,19.9318
4096,1611,19.9382
4096,1612,19.9445
4096,1613,19.9511
4096,1614,19.9572
4096,1615,19.9634
4096,1616,19.9700
4096,1617,19.9761
4096,1618,19.9824
4096,1619,19.9885
4096,1620,19.9947
4096,1621,20.0011
4096,1622,20.0071
4096,1623,20.0132
4096,1624,20.0194
4096,1625,20.0259
4096,1626,20.0325
4096,1627,20.0386
4096,1628,20.0450
4096,1629,20.0510
4096,1630,20.0578
4096,1631,20.0645
4096,1632,20.0712
4096,1633,20.0773
4096,1634,20.0834
4096,1635,20.0899
4096,1636,20.0965
4096,1637,20.1025
4096,1638,20.1088
4096,1639,20.1154
4096,1640,20.1219
4096,1641,20.1275
4096,1642,20.1341
4096,1643,20.1403
4096,1644,20.1466
4096,1645,20.1530
4096,1646,20.1593
4096,1647,20.1656
4096,1648,20.1720
4096,1649,20.1780
4096,1650,20.1842
4096,1651,20.1905
4096,1652,20.1967
4096,1653,20.2026
4096,1654,20.2086
4096,1655,20.2149
4096,1656,20.2214
4096,1657,20.2275
4096,1658,20.2337
4096,1659,20.2400
4096,1660,20.2465
4096,1661,20.2528
4096,1662,20.2590
4096,1663,20.2653
4096,1664,20.2710
4096,1665,20.2774
4096,1666,20.2833
4096,1667,20.2896
4096,1668,20.2957
4096,1669,20.3018
4096,1670,20.3085
4096,1671,20.3149
4096,1672,20.3209
4096,1673,20.3267
4096,1674,20.3334
4096,1675,20.3396
4096,1676,20.3458
4096,1677,20.3520
4096,1678,20.3581
4096,1679,20.3642
4096,1680,20.3704
4096,1681,20.3765
4096,1682,20.3831
4096,1683,20.3893
4096,1684,20.3959
4096,1685,20.4025
4096,1686,20.4087
4096,1687,20.4151
4096,1688,20.4214
4096,1689,20.4276
4096,1690,20.4339
4096,1691,20.4400
4096,1692,20.4463
4096,1693,20.4524
4096,1694,20.4588
4096,1695,20.4649
4096,1696,20.4711
4096,1697,20.4772
4096,1698,20.4836
4096,1699,20.4901
4096,1700,20.4964
4096,1701,20.5028
4096,1702,20.5095
4096,1703,20.5156
4096,1704,20.5216
4096,1705,20.5282
4096,1706,20.5343
4096,1707,20.5404
4096,1708,20.5467
4096,1709,20.5530
4096,1710,20.5592
4096,1711,20.5653
4096,1712,20.5714
4096,1713,20.5778
4096,1714,20.5838
4096,1715,20.5898
4096,1716,20.5962
4096,1717,20.6029
4096,1718,20.6090
4096,1719,20.6149
4096,1720,20.6215
4096,1721,20.6278
4096,1722,20.6337
4096,1723,20.6400
4096,1724,20.6461
4096,1725,20.6529
4096,1726,20.6592
4096,1727,20.6653
4096,1728,20.6719
4096,1729,20.6786
4096,1730,20.6846
4096,1731,20.6908
4096,1732,20.6968
4096,1733,20.7033
4096,1734,20.7097
4096,1735,20.7159
4096,1736,20.7218
4096,1737,20.7278
4096,1738,20.7342
4096,1739,20.7399
4096,1740,20.7465
4096,1741,20.7527
4096,1742,20.7592
4096,1743,20.7657
4096,1744,20.7720
4096,1745,20.7784
4096,1746,20.7844
4096,1747,20.7911
4096,1748,20.7970
4096,1749,20.8036
4096,1750,20.8099
4096,1751,20.8158
4096,1752,20.8219
4096,1753,20.8282
4096,1754,20.8342
4096,1755,20.8403
4096,1756,20.8466
4096,1757,20.8530
4096,1758,20.8588
4096,1759,20.8650
4096,1760,20.8706
4096,1761,20.8773
4096,1762,20.8833
4096,1763,20.8895
4096,1764,20.8960
4096,1765,20.9024
4096,1766,20.9084
4096,1767,20.9142
4096,1768,20.9202
4096,1769,20.9261
4096,1770,20.9326
4096,1771,20.9387
4096,1772,20.9446
4096,1773,20.9508
4096,1774,20.9566
4096,1775,20.9625
4096,1776,20.9682
4096,1777,20.9743
4096,1778,20.9806
4096,1779,20.9867
4096,1780,20.9931
4096,1781,20.9991
4096,1782,21.0053
4096,1783,21.0116
4096,1784,21.0175
4096,1785,21.0232
4096,1786,21.0297
4096,1787,21.0358
4096,1788,21.0416
4096,1789,21.0479
4096,1790,21.0540
4096,1791,21.0603
4096,1792,21.0664
4096,1793,21.0727
4096,1794,21.0787
4096,1795,21.0845
4096,1796,21.0906
4096,1797,21.0966
4096,1798,21.1031
4096,1799,21.1093
4096,1800,21.1151
4096,1801,21.1210
4096,1802,21.1272
4096,1803,21.1333
4096,1804,21.1399
4096,1805,21.1464
4096,1806,21.1524
4096,1807,21.1588
4096,1808,21.1648
4096,1809,21.1708
4096,1810,21.1769
4096,1811,21.1828
4096,1812,21.1891
4096,1813,21.1954
4096,1814,21.2015
4096,1815,21.2075
4096,1816,21.2135
4096,1817,21.2199
4096,1818,21.2261
4096,1819,21.2323
4096,1820,21.2381
4096,1821,21.2443
4096,1822,21.2500
4096,1823,21.2560
4096,1824,21.2622
4096,1825,21.2679
4096,1826,21.2738
4096,1827,21.2796
4096,1828,21.2855
4096,1829,21.2914
4096,1830,21.2976
4096,1831,21.3038
4096,1832,21.3092
4096,1833,21.3149
4096,1834,21.3214
4096,1835,21.3276
4096,1836,21.3333
4096,1837,21.3395
4096,1838,21.3453
4096,1839,21.3519
4096,1840,21.3583
4096,1841,21.3644
4096,1842,21.3703
4096,1843,21.3766
4096,1844,21.3827
4096,1845,21.3889
4096,1846,21.3949
4096,1847,21.4007
4096,1848,21.4065
4096,1849,21.4128
4096,1850,21.4189
4096,1851,21.4250
4096,1852,21.4315
4096,1853,21.4379
4096,1854,21.4439
4096,1855,21.4504
4096,1856,21.4565
4096,1857,21.4628
4096,1858,21.4685
4096,1859,21.4746
4096,1860,21.4809
4096,1861,21.4873
4096,1862,21.4933
4096,1863,21.4994
4096,1864,21.5048
4096,1865,21.5105
4096,1866,21.5165
4096,1867,21.5228
4096,1868,21.5287
4096,1869,21.5342
4096,1870,21.5406
4096,1871,21.5465
4096,1872,21.5525
4096,1873,21.5584
4096,1874,21.5638
4096,1875,21.5699
4096,1876,21.5765
4096,1877,21.5824
4096,1878,21.5886
4096,1879,21.5944
4096,1880,21.6001
4096,1881,21.6062
4096,1882,21.6123
4096,1883,21.6187
4096,1884,21.6246
4096,1885,21.6302
4096,1886,21.6364
4096,1887,21.6422
4096,1888,21.6479
4096,1889,21.6538
4096,1890,21.6596
4096,1891,21.6658
4096,1892,21.6719
4096,1893,21.6779
4096,1894,21.6838
4096,1895,21.6897
4096,1896,21.6958
4096,1897,21.7014
4096,1898,21.7073
4096,1899,21.7133
4096,1900,21.7190
4096,1901,21.7247
4096,1902,21.7305
4096,1903,21.7367
4096,1904,21.7429
4096,1905,21.7486
4096,1906,21.7547
4096,1907,21.7607
4096,1908,21.7669
4096,1909,21.7725
4096,1910,21.7784
4096,1911,21.7844
4096,1912,21.7905
4096,1913,21.7965
4096,1914,21.8025
4096,1915,21.8087
4096,1916,21.8147
4096,1917,21.8209
4096,1918,21.8268
4096,1919,21.8326
4096,1920,21.8387
4096,1921,21.8447
4096,1922,21.8509
4096,1923,21.8565
4096,1924,21.8624
4096,1925,21.8681
4096,1926,21.8739
4096,1927,21.8795
4096,1928,21.8855
4096,1929,21.8917
4096,1930,21.8977
4096,1931,21.9035
4096,1932,21.9095
4096,1933,21.9155
4096,1934,21.9214
4096,1935,21.9276
4096,1936,21.9333
4096,1937,21.9393
4096,1938,21.9453
4096,1939,21.9512
4096,1940,21.9570
4096,1941,21.9632
4096,1942,21.9693
4096,1943,21.9753
4096,1944,21.9808
4096,1945,21.9870
4096,1946,21.9930
4096,1947,21.9986
4096,1948,22.0040
4096,1949,22.0096
4096,1950,22.0156
4096,1951,22.0215
4096,1952,22.0274
4096,1953,22.0333
4096,1954,22.0393
4096,1955,22.0451
4096,1956,22.0510
4096,1957,22.0567
4096,1958,22.0628
4096,1959,22.0686
4096,1960,22.0744
4096,1961,22.0801
4096,1962,22.0860
4096,1963,22.0915
4096,1964,22.0976
4096,1965,22.1040
4096,1966,22.1096
4096,1967,22.1152
4096,1968,22.1209
4096,1969,22.1267
4096,1970,22.1323
4096,1971,22.1380
4096,1972,22.1436
4096,1973,22.1494
4096,1974,22.1554
4096,1975,22.1616
4096,1976,22.1673
4096,1977,22.1732
4096,1978,22.1789
4096,1979,22.1845
4096,1980,22.1904
4096,1981,22.1962
4096,1982,22.2021
4096,1983,22.2081
4096,1984,22.2136
4096,1985,22.2193
4096,1986,22.2250
4096,1987,22.2305
4096,1988,22.2365
4096,1989,22.2425
4096,1990,22.2484
4096,1991,22.2546
4096,1992,22.2603
4096,1993,22.2660
4096,1994,22.2721
4096,1995,22.2777
4096,1996,22.2836
4096,1997,22.2901
4096,1998,22.2963
4096,1999,22.3021
4096,2000,22.3081
4096,2001,22.3136
4096,2002,22.3196
4096,2003,22.3254
4096,2004,22.3310
4096,2005,22.3365
4096,2006,22.3423
4096,2007,22.3485
4096,2008,22.3541
4096,2009,22.3598
4096,2010,22.3658
4096,2011,22.3715
4096,2012,22.3772
4096,2013,22.3831
4096,2014,22.3892
4096,2015,22.3951
4096,2016,22.4009
4096,2017,22.4071
4096,2018,22.4127
4096,2019,22.4182
4096,2020,22.4235
4096,2021,22.4296
4096,2022,22.4352
4096,2023,22.4408
4096,2024,22.4463
4096,2025,22.4521
4096,2026,22.4580
4096,2027,22.4639
4096,2028,22.4697
4096,2029,22.4753
4096,2030,22.4810
4096,2031,22.4868
4096,2032,22.4927
4096,2033,22.4982
4096,2034,22.5039
4096,2035,22.5095
4096,2036,22.5152
4096,2037,22.5212
4096,2038,22.5267
4096,2039,22.5324
4096,2040,22.5386
4096,2041,22.5438
4096,2042,22.5496
4096,2043,22.5552
4096,2044,22.5607
4096,2045,22.5666
4096,2046,22.5720
4096,2047,22.5777
4096,2048,22.5835
4096,2049,22.5894
4096,2050,22.5952
4096,2051,22.6008
4096,2052,22.6064
4096,2053,22.6121
4096,2054,22.6180
4096,2055,22.6239
4096,2056,22.6296
4096,2057,22.6352
4096,2058,22.6409
4096,2059,22.6463
4096,2060,22.6520
4096,2061,22.6578
4096,2062,22.6636
4096,2063,22.6695
4096,2064,22.6752
4096,2065,22.6812
4096,2066,22.6871
4096,2067,22.6927
4096,2068,22.6981
4096,2069,22.7036
4096,2070,22.7093
4096,2071,22.7154
4096,2072,22.7208
4096,2073,22.7263
4096,2074,22.7319
4096,2075,22.7376
4096,2076,22.7432
4096,2077,22.7486
4096,2078,22.7541
4096,2079,22.7599
4096,2080,22.7656
4096,2081,22.7710
4096,2082,22.7765
4096,2083,22.7820
4096,2084,22.7875
4096,2085,22.7928
4096,2086,22.7983
4096,2087,22.8039
4096,2088,22.8092
4096,2089,22.8147
4096,2090,22.8201
4096,2091,22.8258
4096,2092,22.8315
4096,2093,22.8373
4096,2094,22.8433
4096,2095,22.8490
4096,2096,22.8551
4096,2097,22.8606
4096,2098,22.8664
4096,2099,22.8722
4096,2100,22.8776
4096,2101,22.8833
4096,2102,22.8889
4096,2103,22.8948
4096,2104,22.9003
4096,2105,22.9059
4096,2106,22.9116
4096,2107,22.9173
4096,2108,22.9224
4096,2109,22.9279
4096,2110,22.9335
4096,2111,22.9394
4096,2112,22.9449
4096,2113,22.9508
4096,2114,22.9567
4096,2115,22.9620
4096,2116,22.9677
4096,2117,22.9731
4096,2118,22.9785
4096,2119,22.9841
4096,2120,22.9897
4096,2121,22.9955
4096,2122,23.0009
4096,2123,23.0066
4096,2124,23.0122
4096,2125,23.0180
4096,2126,23.0237
4096,2127,23.0294
4096,2128,23.0347
4096,2129,23.0405
4096,2130,23.0461
4096,2131,23.0513
4096,2132,23.0569
4096,2133,23.0628
4096,2134,23.0688
4096,2135,23.0742
4096,2136,23.0799
4096,2137,23.0855
4096,2138,23.0909
4096,2139,23.0965
4096,2140,23.1023
4096,2141,23.1082
4096,2142,23.1136
4096,2143,23.1192
4096,2144,23.1246
4096,2145,23.1303
4096,2146,23.1361
4096,2147,23.1414
4096,2148,23.1471
4096,2149,23.1526
4096,2150,23.1582
4096,2151,23.1643
4096,2152,23.1698
4096,2153,23.1754
4096,2154,23.1812
4096,2155,23.1870
4096,2156,23.1924
4096,2157,23.1983
4096,2158,23.2038
4096,2159,23.2095
4096,2160,23.2154
4096,2161,23.2212
4096,2162,23.2267
4096,2163,23.2323
4096,2164,23.2378
4096,2165,23.2432
4096,2166,23.2489
4096,2167,23.2543
4096,2168,23.2595
4096,2169,23.2649
4096,2170,23.2703
4096,2171,23.2756
4096,2172,23.2814
4096,2173,23.2872
4096,2174,23.2926
4096,2175,23.2981
4096,2176,23.3038
4096,2177,23.3094
4096,2178,23.3150
4096,2179,23.3208
4096,2180,23.3264
4096,2181,23.3322
4096,2182,23.3376
4096,2183,23.3432
4096,2184,23.3486
4096,2185,23.3542
4096,2186,23.3600
4096,2187,23.3656
4096,2188,23.3716
4096,2189,23.3769
4096,2190,23.3826
4096,2191,23.3885
4096,2192,23.3943
4096,2193,23.3996
4096,2194,23.4051
4096,2195,23.4106
4096,2196,23.4161
4096,2197,23.4214
4096,2198,23.4272
4096,2199,23.4329
4096,2200,23.4387
4096,2201,23.4442
4096,2202,23.4497
4096,2203,23.4552
4096,2204,23.4608
4096,2205,23.4665
4096,2206,23.4720
4096,2207,23.4779
4096,2208,23.4833
4096,2209,23.4891
4096,2210,23.4946
4096,2211,23.5001
4096,2212,23.5053
4096,2213,23.5109
4096,2214,23.5165
4096,2215,23.5221
4096,2216,23.5278
4096,2217,23.5334
4096,2218,23.5393
4096,2219,23.5449
4096,2220,23.5507
4096,2221,23.5562
4096,2222,23.5614
4096,2223,23.5670
4096,2224,23.5723
4096,2225,23.5782
4096,2226,23.5838
4096,2227,23.5895
4096,2228,23.5950
4096,2229,23.6005
4096,2230,23.6059
4096,2231,23.6113
4096,2232,23.6168
4096,2233,23.6222
4096,2234,23.6278
4096,2235,23.6334
4096,2236,23.6392
4096,2237,23.6450
4096,2238,23.6506
4096,2239,23.6562
4096,2240,23.6616
4096,2241,23.6671
4096,2242,23.6728
4096,2243,23.6783
4096,2244,23.6840
4096,2245,23.6895
4096,2246,23.6948
4096,2247,23.7004
4096,2248,23.7060
4096,2249,23.7116
4096,2250,23.7172
4096,2251,23.7226
4096,2252,23.7281
4096,2253,23.7338
4096,2254,23.7395
4096,2255,23.7449
4096,2256,23.7505
4096,2257,23.7560
4096,2258,23.7615
4096,2259,23.7668
4096,2260,23.7723
4096,2261,23.7783
4096,2262,23.7840
4096,2263,23.7896
4096,2264,23.7947
4096,2265,23.8001
4096,2266,23.8056
4096,2267,23.8110
4096,2268,23.8166
4096,2269,23.8218
4096,2270,23.8273
4096,2271,23.8329
4096,2272,23.8385
4096,2273,23.8440
4096,2274,23.8495
4096,2275,23.8549
4096,2276,23.8595
4096,2277,23.8650
4096,2278,23.8705
4096,2279,23.8757
4096,2280,23.8810
4096,2281,23.8869
4096,2282,23.8923
4096,2283,23.8979
4096,2284,23.9032
4096,2285,23.9087
4096,2286,23.9143
4096,2287,23.9198
4096,2288,23.9253
4096,2289,23.9307
4096,2290,23.9359
4096,2291,23.9418
4096,2292,23.9471
4096,2293,23.9524
4096,2294,23.9578
4096,2295,23.9632
4096,2296,23.9688
4096,2297,23.9744
4096,2298,23.9798
4096,2299,23.9851
4096,2300,23.9902
4096,2301,23.9959
4096,2302,24.0011
4096,2303,24.0065
4096,2304,24.0119
4096,2305,24.0171
4096,2306,24.0220
4096,2307,24.0275
4096,2308,24.0328
4096,2309,24.0381
4096,2310,24.0438
4096,2311,24.0491
4096,2312,24.0545
4096,2313,24.0593
4096,2314,24.0649
4096,2315,24.0704
4096,2316,24.0758
4096,2317,24.0813
4096,2318,24.0865
4096,2319,24.0920
4096,2320,24.0970
4096,2321,24.1021
4096,2322,24.1073
4096,2323,24.1127
4096,2324,24.1183
4096,2325,24.1236
4096,2326,24.1285
4096,2327,24.1339
4096,2328,24.1393
4096,2329,24.1445
4096,2330,24.1502
4096,2331,24.1554
4096,2332,24.1606
4096,2333,24.1659
4096,2334,24.1714
4096,2335,24.1765
4096,2336,24.1822
4096,2337,24.1871
4096,2338,24.1924
4096,2339,24.1975
4096,2340,24.2029
4096,2341,24.2085
4096,2342,24.2135
4096,2343,24.2187
4096,2344,24.2243
4096,2345,24.2298
4096,2346,24.2352
4096,2347,24.2406
4096,2348,24.2457
4096,2349,24.2510
4096,2350,24.2565
4096,2351,24.2617
4096,2352,24.2672
4096,2353,24.2726
4096,2354,24.2778
4096,2355,24.2828
4096,2356,24.2884
4096,2357,24.2935
4096,2358,24.2991
4096,2359,24.3044
4096,2360,24.3096
4096,2361,24.3148
4096,2362,24.3206
4096,2363,24.3260
4096,2364,24.3313
4096,2365,24.3364
4096,2366,24.3417
4096,2367,24.3470
4096,2368,24.3524
4096,2369,24.3579
4096,2370,24.3630
4096,2371,24.3685
4096,2372,24.3738
4096,2373,24.3790
4096,2374,24.3844
4096,2375,24.3901
4096,2376,24.3953
4096,2377,24.4003
4096,2378,24.4051
4096,2379,24.4102
4096,2380,24.4154
4096,2381,24.4210
4096,2382,24.4265
4096,2383,24.4318
4096,2384,24.4373
4096,2385,24.4423
4096,2386,24.4477
4096,2387,24.4529
4096,2388,24.4582
4096,2389,24.4636
4096,2390,24.4690
4096,2391,24.4740
4096,2392,24.4791
4096,2393,24.4848
4096,2394,24.4901
4096,2395,24.4951
4096,2396,24.5004
4096,2397,24.5057
4096,2398,24.5108
4096,2399,24.5159
4096,2400,24.5213
4096,2401,24.5263
4096,2402,24.5316
4096,2403,24.5372
4096,2404,24.5428
4096,2405,24.5479
4096,2406,24.5533
4096,2407,24.5585
4096,2408,24.5636
4096,2409,24.5692
4096,2410,24.5747
4096,2411,24.5803
4096,2412,24.5857
4096,2413,24.5909
4096,2414,24.5960
4096,2415,24.6013
4096,2416,24.6066
4096,2417,24.6119
4096,2418,24.6176
4096,2419,24.6226
4096,2420,24.6279
4096,2421,24.6324
4096,2422,24.6375
4096,2423,24.6428
4096,2424,24.6480
4096,2425,24.6530
4096,2426,24.6583
4096,2427,24.6636
4096,2428,24.6689
4096,2429,24.6738
4096,2430,24.6791
4096,2431,24.6844
4096,2432,24.6895
4096,2433,24.6947
4096,2434,24.7001
4096,2435,24.7051
4096,2436,24.7103
4096,2437,24.7152
4096,2438,24.7205
4096,2439,24.7259
4096,2440,24.7316
4096,2441,24.7371
4096,2442,24.7426
4096,2443,24.7479
4096,2444,24.7531
4096,2445,24.7586
4096,2446,24.7639
4096,2447,24.7690
4096,2448,24.7746
4096,2449,24.7794
4096,2450,24.7847
4096,2451,24.7899
4096,2452,24.7952
4096,2453,24.8003
4096,2454,24.8059
4096,2455,24.8117
4096,2456,24.8172
4096,2457,24.8227
4096,2458,24.8278
4096,2459,24.8331
4096,2460,24.8384
4096,2461,24.8436
4096,2462,24.8484
4096,2463,24.8538
4096,2464,24.8592
4096,2465,24.8646
4096,2466,24.8701
4096,2467,24.8754
4096,2468,24.8806
4096,2469,24.8858
4096,2470,24.8909
4096,2471,24.8962
4096,2472,24.9014
4096,2473,24.9067
4096,2474,24.9118
4096,2475,24.9170
4096,2476,24.9225
4096,2477,24.9276
4096,2478,24.9329
4096,2479,24.9383
4096,2480,24.9437
4096,2481,24.9490
4096,2482,24.9545
4096,2483,24.9598
4096,2484,24.9652
4096,2485,24.9703
4096,2486,24.9753
4096,2487,24.9810
4096,2488,24.9862
4096,2489,24.9915
4096,2490,24.9968
4096,2491,25.0025
4096,2492,25.0076
4096,2493,25.0129
4096,2494,25.0179
4096,2495,25.0233
4096,2496,25.0283
4096,2497,25.0332
4096,2498,25.0381
4096,2499,25.0434
4096,2500,25.0485
4096,2501,25.0544
4096,2502,25.0597
4096,2503,25.0648
4096,2504,25.0699
4096,2505,25.0753
4096,2506,25.0806
4096,2507,25.0857
4096,2508,25.0911
4096,2509,25.0961
4096,2510,25.1011
4096,2511,25.1063
4096,2512,25.1116
4096,2513,25.1166
4096,2514,25.1217
4096,2515,25.1271
4096,2516,25.1326
4096,2517,25.1379
4096,2518,25.1431
4096,2519,25.1483
4096,2520,25.1537
4096,2521,25.1593
4096,2522,25.1648
4096,2523,25.1698
4096,2524,25.1749
4096,2525,25.1802
4096,2526,25.1856
4096,2527,25.1907
4096,2528,25.1957
4096,2529,25.2005
4096,2530,25.2058
4096,2531,25.2112
4096,2532,25.2160
4096,2533,25.2212
4096,2534,25.2264
4096,2535,25.2313
4096,2536,25.2367
4096,2537,25.2417
4096,2538,25.2468
4096,2539,25.2523
4096,2540,25.2577
4096,2541,25.2628
4096,2542,25.2678
4096,2543,25.2730
4096,2544,25.2779
4096,2545,25.2830
4096,2546,25.2878
4096,2547,25.2930
4096,2548,25.2980
4096,2549,25.3033
4096,2550,25.3086
4096,2551,25.3136
4096,2552,25.3187
4096,2553,25.3240
4096,2554,25.3290
4096,2555,25.3342
4096,2556,25.3393
4096,2557,25.3444
4096,2558,25.3495
4096,2559,25.3546
4096,2560,25.3595
4096,2561,25.3648
4096,2562,25.3699
4096,2563,25.3753
4096,2564,25.3803
4096,2565,25.3858
4096,2566,25.3911
4096,2567,25.3959
4096,2568,25.4008
4096,2569,25.4055
4096,2570,25.4105
4096,2571,25.4154
4096,2572,25.4204
4096,2573,25.4254
4096,2574,25.4306
4096,2575,25.4357
4096,2576,25.4404
4096,2577,25.4453
4096,2578,25.4504
4096,2579,25.4556
4096,2580,25.4608
4096,2581,25.4663
4096,2582,25.4709
4096,2583,25.4762
4096,2584,25.4812
4096,2585,25.4864
4096,2586,25.4913
4096,2587,25.4963
4096,2588,25.5015
4096,2589,25.5064
4096,2590,25.5118
4096,2591,25.5167
4096,2592,25.5217
4096,2593,25.5266
4096,2594,25.5318
4096,2595,25.5369
4096,2596,25.5418
4096,2597,25.5471
4096,2598,25.5522
4096,2599,25.5574
4096,2600,25.5625
4096,2601,25.5678
4096,2602,25.5723
4096,2603,25.5773
4096,2604,25.5824
4096,2605,25.5876
4096,2606,25.5926
4096,2607,25.5976
4096,2608,25.6029
4096,2609,25.6078
4096,2610,25.6128
4096,2611,25.6179
4096,2612,25.6232
4096,2613,25.6280
4096,2614,25.6331
4096,2615,25.6383
4096,2616,25.6437
4096,2617,25.6487
4096,2618,25.6539
4096,2619,25.6592
4096,2620,25.6642
4096,2621,25.6696
4096,2622,25.6750
4096,2623,25.6801
4096,2624,25.6851
4096,2625,25.6902
4096,2626,25.6955
4096,2627,25.7006
4096,2628,25.7057
4096,2629,25.7110
4096,2630,25.7160
4096,2631,25.7215
4096,2632,25.7269
4096,2633,25.7317
4096,2634,25.7369
4096,2635,25.7419
4096,2636,25.7470
4096,2637,25.7520
4096,2638,25.7572
4096,2639,25.7621
4096,2640,25.7672
4096,2641,25.7724
4096,2642,25.7772
4096,2643,25.7823
4096,2644,25.7873
4096,2645,25.7926
4096,2646,25.7974
4096,2647,25.8028
4096,2648,25.8080
4096,2649,25.8132
4096,2650,25.8179
4096,2651,25.8231
4096,2652,25.8279
4096,2653,25.8329
4096,2654,25.8381
4096,2655,25.8430
4096,2656,25.8483
4096,2657,25.8532
4096,2658,25.8582
4096,2659,25.8630
4096,2660,25.8682
4096,2661,25.8733
4096,2662,25.8784
4096,2663,25.8835
4096,2664,25.8888
4096,2665,25.8939
4096,2666,25.8992
4096,2667,25.9040
4096,2668,25.9095
4096,2669,25.9142
4096,2670,25.9191
4096,2671,25.9240
4096,2672,25.9289
4096,2673,25.9338
4096,2674,25.9390
4096,2675,25.9443
4096,2676,25.9494
4096,2677,25.9543
4096,2678,25.9592
4096,2679,25.9641
4096,2680,25.9691
4096,2681,25.9740
4096,2682,25.9790
4096,2683,25.9842
4096,2684,25.9893
4096,2685,25.9944
4096,2686,25.9996
4096,2687,26.0046
4096,2688,26.0097
4096,2689,26.0145
4096,2690,26.0193
4096,2691,26.0244
4096,2692,26.0295
4096,2693,26.0346
4096,2694,26.0398
4096,2695,26.0448
4096,2696,26.0499
4096,2697,26.0549
4096,2698,26.0598
4096,2699,26.0648
4096,2700,26.0698
4096,2701,26.0748
4096,2702,26.0793
4096,2703,26.0843
4096,2704,26.0894
4096,2705,26.0945
4096,2706,26.0997
4096,2707,26.1045
4096,2708,26.1096
4096,2709,26.1153
4096,2710,26.1201
4096,2711,26.1253
4096,2712,26.1303
4096,2713,26.1354
4096,2714,26.1406
4096,2715,26.1453
4096,2716,26.1505
4096,2717,26.1559
4096,2718,26.1611
4096,2719,26.1665
4096,2720,26.1715
4096,2721,26.1765
4096,2722,26.1815
4096,2723,26.1865
4096,2724,26.1917
4096,2725,26.1968
4096,2726,26.2021
4096,2727,26.2070
4096,2728,26.2122
4096,2729,26.2169
4096,2730,26.2222
4096,2731,26.2273
4096,2732,26.2323
4096,2733,26.2371
4096,2734,26.2421
4096,2735,26.2470
4096,2736,26.2522
4096,2737,26.2571
4096,2738,26.2622
4096,2739,26.2676
4096,2740,26.2727
4096,2741,26.2779
4096,2742,26.2831
4096,2743,26.2880
4096,2744,26.2932
4096,2745,26.2983
4096,2746,26.3031
4096,2747,26.3080
4096,2748,26.3130
4096,2749,26.3183
4096,2750,26.3234
4096,2751,26.3284
4096,2752,26.3338
4096,2753,26.3390
4096,2754,26.3441
4096,2755,26.3491
4096,2756,26.3542
4096,2757,26.3596
4096,2758,26.3643
4096,2759,26.3691
4096,2760,26.3740
4096,2761,26.3788
4096,2762,26.3836
4096,2763,26.3886
4096,2764,26.3935
4096,2765,26.3983
4096,2766,26.4035
4096,2767,26.4084
4096,2768,26.4134
4096,2769,26.4182
4096,2770,26.4234
4096,2771,26.4285
4096,2772,26.4334
4096,2773,26.4385
4096,2774,26.4434
4096,2775,26.4484
4096,2776,26.4533
4096,2777,26.4581
4096,2778,26.4633
4096,2779,26.4683
4096,2780,26.4730
4096,2781,26.4783
4096,2782,26.4831
4096,2783,26.4882
4096,2784,26.4936
4096,2785,26.4984
4096,2786,26.5034
4096,2787,26.5083
4096,2788,26.5132
4096,2789,26.5183
4096,2790,26.5231
4096,2791,26.5282
4096,2792,26.5331
4096,2793,26.5379
4096,2794,26.5426
4096,2795,26.5471
4096,2796,26.5520
4096,2797,26.5571
4096,2798,26.5617
4096,2799,26.5665
4096,2800,26.5716
4096,2801,26.5762
4096,2802,26.5815
4096,2803,26.5865
4096,2804,26.5911
4096,2805,26.5961
4096,2806,26.6010
4096,2807,26.6061
4096,2808,26.6111
4096,2809,26.6156
4096,2810,26.6205
4096,2811,26.6255
4096,2812,26.6306
4096,2813,26.6352
4096,2814,26.6402
4096,2815,26.6450
4096,2816,26.6502
4096,2817,26.6549
4096,2818,26.6599
4096,2819,26.6643
4096,2820,26.6690
4096,2821,26.6742
4096,2822,26.6788
4096,2823,26.6838
4096,2824,26.6885
4096,2825,26.6937
4096,2826,26.6986
4096,2827,26.7033
4096,2828,26.7083
4096,2829,26.7132
4096,2830,26.7178
4096,2831,26.7226
4096,2832,26.7276
4096,2833,26.7325
4096,2834,26.7372
4096,2835,26.7420
4096,2836,26.7470
4096,2837,26.7521
4096,2838,26.7567
4096,2839,26.7616
4096,2840,26.7661
4096,2841,26.7712
4096,2842,26.7759
4096,2843,26.7809
4096,2844,26.7856
4096,2845,26.7908
4096,2846,26.7952
4096,2847,26.8003
4096,2848,26.8051
4096,2849,26.8099
4096,2850,26.8147
4096,2851,26.8194
4096,2852,26.8238
4096,2853,26.8289
4096,2854,26.8340
4096,2855,26.8389
4096,2856,26.8439
4096,2857,26.8489
4096,2858,26.8539
4096,2859,26.8584
4096,2860,26.8630
4096,2861,26.8680
4096,2862,26.8726
4096,2863,26.8774
4096,2864,26.8824
4096,2865,26.8870
4096,2866,26.8920
4096,2867,26.8969
4096,2868,26.9018
4096,2869,26.9068
4096,2870,26.9116
4096,2871,26.9162
4096,2872,26.9209
4096,2873,26.9256
4096,2874,26.9303
4096,2875,26.9350
4096,2876,26.9397
4096,2877,26.9445
4096,2878,26.9496
4096,2879,26.9544
4096,2880,26.9594
4096,2881,26.9643
4096,2882,26.9693
4096,2883,26.9738
4096,2884,26.9788
4096,2885,26.9835
4096,2886,26.9884
4096,2887,26.9933
4096,2888,26.9982
4096,2889,27.0033
4096,2890,27.0079
4096,2891,27.0128
4096,2892,27.0176
4096,2893,27.0228
4096,2894,27.0278
4096,2895,27.0327
4096,2896,27.0379
4096,2897,27.0428
4096,2898,27.0476
4096,2899,27.0524
4096,2900,27.0571
4096,2901,27.0621
4096,2902,27.0668
4096,2903,27.0715
4096,2904,27.0764
4096,2905,27.0813
4096,2906,27.0859
4096,2907,27.0908
4096,2908,27.0961
4096,2909,27.1007
4096,2910,27.1055
4096,2911,27.1101
4096,2912,27.1148
4096,2913,27.1202
4096,2914,27.1250
4096,2915,27.1297
4096,2916,27.1344
4096,2917,27.1393
4096,2918,27.1442
4096,2919,27.1492
4096,2920,27.1539
4096,2921,27.1584
4096,2922,27.1631
4096,2923,27.1682
4096,2924,27.1732
4096,2925,27.1780
4096,2926,27.1832
4096,2927,27.1882
4096,2928,27.1936
4096,2929,27.1981
4096,2930,27.2030
4096,2931,27.2078
4096,2932,27.2130
4096,2933,27.2180
4096,2934,27.2228
4096,2935,27.2278
4096,2936,27.2324
4096,2937,27.2371
4096,2938,27.2424
4096,2939,27.2474
4096,2940,27.2521
4096,2941,27.2569
4096,2942,27.2620
4096,2943,27.2666
4096,2944,27.2713
4096,2945,27.2759
4096,2946,27.2806
4096,2947,27.2853
4096,2948,27.2902
4096,2949,27.2951
4096,2950,27.2999
4096,2951,27.3051
4096,2952,27.3098
4096,2953,27.3147
4096,2954,27.3196
4096,2955,27.3245
4096,2956,27.3296
4096,2957,27.3347
4096,2958,27.3394
4096,2959,27.3442
4096,2960,27.3492
4096,2961,27.3543
4096,2962,27.3591
4096,2963,27.3638
4096,2964,27.3686
4096,2965,27.3735
4096,2966,27.3784
4096,2967,27.3832
4096,2968,27.3883
4096,2969,27.3932
4096,2970,27.3981
4096,2971,27.4031
4096,2972,27.4079
4096,2973,27.4126
4096,2974,27.4176
4096,2975,27.4222
4096,2976,27.4272
4096,2977,27.4317
4096,2978,27.4368
4096,2979,27.4415
4096,2980,27.4465
4096,2981,27.4515
4096,2982,27.4564
4096,2983,27.4611
4096,2984,27.4661
4096,2985,27.4711
4096,2986,27.4759
4096,2987,27.4808
4096,2988,27.4860
4096,2989,27.4910
4096,2990,27.4958
4096,2991,27.5006
4096,2992,27.5052
4096,2993,27.5101
4096,2994,27.5148
4096,2995,27.5196
4096,2996,27.5243
4096,2997,27.5294
4096,2998,27.5342
4096,2999,27.5389
4096,3000,27.5433
4096,3001,27.5478
4096,3002,27.5529
4096,3003,27.5578
4096,3004,27.5628
4096,3005,27.5678
4096,3006,27.5723
4096,3007,27.5770
4096,3008,27.5819
4096,3009,27.5865
4096,3010,27.5914
4096,3011,27.5962
4096,3012,27.6006
4096,3013,27.6057
4096,3014,27.6103
4096,3015,27.6149
4096,3016,27.6196
4096,3017,27.6246
4096,3018,27.6294
4096,3019,27.6341
4096,3020,27.6391
4096,3021,27.6437
4096,3022,27.6484
4096,3023,27.6535
4096,3024,27.6582
4096,3025,27.6634
4096,3026,27.6680
4096,3027,27.6730
4096,3028,27.6778
4096,3029,27.6825
4096,3030,27.6875
4096,3031,27.6922
4096,3032,27.6970
4096,3033,27.7017
4096,3034,27.7066
4096,3035,27.7115
4096,3036,27.7164
4096,3037,27.7209
4096,3038,27.7256
4096,3039,27.7305
4096,3040,27.7354
4096,3041,27.7399
4096,3042,27.7447
4096,3043,27.7495
4096,3044,27.7540
4096,3045,27.7589
4096,3046,27.7635
4096,3047,27.7683
4096,3048,27.7730
4096,3049,27.7776
4096,3050,27.7822
4096,3051,27.7868
4096,3052,27.7917
4096,3053,27.7964
4096,3054,27.8010
4096,3055,27.8056
4096,3056,27.8101
4096,3057,27.8152
4096,3058,27.8199
4096,3059,27.8247
4096,3060,27.8295
4096,3061,27.8341
4096,3062,27.8388
4096,3063,27.8434
4096,3064,27.8479
4096,3065,27.8527
4096,3066,27.8576
4096,3067,27.8625
4096,3068,27.8672
4096,3069,27.8721
4096,3070,27.8767
4096,3071,27.8815
4096,3072,27.8859
4096,3073,27.8911
4096,3074,27.8960
4096,3075,27.9006
4096,3076,27.9059
4096,3077,27.9108
4096,3078,27.9160
4096,3079,27.9207
4096,3080,27.9255
4096,3081,27.9305
4096,3082,27.9352
4096,3083,27.9398
4096,3084,27.9448
4096,3085,27.9495
4096,3086,27.9542
4096,3087,27.9591
4096,3088,27.9633
4096,3089,27.9678
4096,3090,27.9726
4096,3091,27.9770
4096,3092,27.9817
4096,3093,27.9864
4096,3094,27.9911
4096,3095,27.9956
4096,3096,28.0002
4096,3097,28.0049
4096,3098,28.0095
4096,3099,28.0142
4096,3100,28.0189
4096,3101,28.0236
4096,3102,28.0284
4096,3103,28.0334
4096,3104,28.0378
4096,3105,28.0427
4096,3106,28.0473
4096,3107,28.0525
4096,3108,28.0572
4096,3109,28.0621
4096,3110,28.0667
4096,3111,28.0713
4096,3112,28.0762
4096,3113,28.0806
4096,3114,28.0855
4096,3115,28.0903
4096,3116,28.0949
4096,3117,28.0996
4096,3118,28.1045
4096,3119,28.1093
4096,3120,28.1141
4096,3121,28.1189
4096,3122,28.1237
4096,3123,28.1284
4096,3124,28.1332
4096,3125,28.1381
4096,3126,28.1427
4096,3127,28.1477
4096,3128,28.1520
4096,3129,28.1569
4096,3130,28.1617
4096,3131,28.1660
4096,3132,28.1708
4096,3133,28.1754
4096,3134,28.1803
4096,3135,28.1848
4096,3136,28.1896
4096,3137,28.1945
4096,3138,28.1993
4096,3139,28.2042
4096,3140,28.2086
4096,3141,28.2133
4096,3142,28.2182
4096,3143,28.2228
4096,3144,28.2278
4096,3145,28.2323
4096,3146,28.2372
4096,3147,28.2418
4096,3148,28.2465
4096,3149,28.2513
4096,3150,28.2562
4096,3151,28.2607
4096,3152,28.2656
4096,3153,28.2704
4096,3154,28.2751
4096,3155,28.2801
4096,3156,28.2850
4096,3157,28.2897
4096,3158,28.2943
4096,3159,28.2994
4096,3160,28.3042
4096,3161,28.3089
4096,3162,28.3133
4096,3163,28.3178
4096,3164,28.3223
4096,3165,28.3273
4096,3166,28.3320
4096,3167,28.3365
4096,3168,28.3414
4096,3169,28.3460
4096,3170,28.3505
4096,3171,28.3551
4096,3172,28.3599
4096,3173,28.3645
4096,3174,28.3692
4096,3175,28.3741
4096,3176,28.3788
4096,3177,28.3835
4096,3178,28.3882
4096,3179,28.3930
4096,3180,28.3977
4096,3181,28.4023
4096,3182,28.4068
4096,3183,28.4116
4096,3184,28.4162
4096,3185,28.4209
4096,3186,28.4255
4096,3187,28.4304
4096,3188,28.4350
4096,3189,28.4397
4096,3190,28.4445
4096,3191,28.4496
4096,3192,28.4540
4096,3193,28.4588
4096,3194,28.4636
4096,3195,28.4686
4096,3196,28.4734
4096,3197,28.4780
4096,3198,28.4826
4096,3199,28.4873
4096,3200,28.4916
4096,3201,28.4963
4096,3202,28.5012
4096,3203,28.5057
4096,3204,28.5103
4096,3205,28.5150
4096,3206,28.5195
4096,3207,28.5242
4096,3208,28.5290
4096,3209,28.5335
4096,3210,28.5378
4096,3211,28.5421
4096,3212,28.5468
4096,3213,28.5513
4096,3214,28.5562
4096,3215,28.5608
4096,3216,28.5657
4096,3217,28.5704
4096,3218,28.5750
4096,3219,28.5794
4096,3220,28.5839
4096,3221,28.5887
4096,3222,28.5937
4096,3223,28.5983
4096,3224,28.6031
4096,3225,28.6079
4096,3226,28.6125
4096,3227,28.6169
4096,3228,28.6216
4096,3229,28.6260
4096,3230,28.6306
4096,3231,28.6350
4096,3232,28.6397
4096,3233,28.6445
4096,3234,28.6492
4096,3235,28.6539
4096,3236,28.6583
4096,3237,28.6632
4096,3238,28.6678
4096,3239,28.6726
4096,3240,28.6774
4096,3241,28.6819
4096,3242,28.6865
4096,3243,28.6909
4096,3244,28.6957
4096,3245,28.7002
4096,3246,28.7051
4096,3247,28.7097
4096,3248,28.7143
4096,3249,28.7189
4096,3250,28.7240
4096,3251,28.7283
4096,3252,28.7327
4096,3253,28.7375
4096,3254,28.7421
4096,3255,28.7464
4096,3256,28.7511
4096,3257,28.7555
4096,3258,28.7602
4096,3259,28.7651
4096,3260,28.7696
4096,3261,28.7742
4096,3262,28.7788
4096,3263,28.7838
4096,3264,28.7885
4096,3265,28.7932
4096,3266,28.7979
4096,3267,28.8025
4096,3268,28.8072
4096,3269,28.8117
4096,3270,28.8163
4096,3271,28.8210
4096,3272,28.8254
4096,3273,28.8299
4096,3274,28.8348
4096,3275,28.8392
4096,3276,28.8440
4096,3277,28.8487
4096,3278,28.8534
4096,3279,28.8579
4096,3280,28.8628
4096,3281,28.8675
4096,3282,28.8722
4096,3283,28.8770
4096,3284,28.8814
4096,3285,28.8860
4096,3286,28.8904
4096,3287,28.8950
4096,3288,28.8997
4096,3289,28.9045
4096,3290,28.9089
4096,3291,28.9137
4096,3292,28.9180
4096,3293,28.9227
4096,3294,28.9275
4096,3295,28.9321
4096,3296,28.9366
4096,3297,28.9410
4096,3298,28.9460
4096,3299,28.9508
4096,3300,28.9551
4096,3301,28.9594
4096,3302,28.9639
4096,3303,28.9683
4096,3304,28.9727
4096,3305,28.9774
4096,3306,28.9823
4096,3307,28.9870
4096,3308,28.9917
4096,3309,28.9962
4096,3310,29.0011
4096,3311,29.0059
4096,3312,29.0101
4096,3313,29.0145
4096,3314,29.0190
4096,3315,29.0238
4096,3316,29.0285
4096,3317,29.0328
4096,3318,29.0371
4096,3319,29.0418
4096,3320,29.0464
4096,3321,29.0510
4096,3322,29.0557
4096,3323,29.0602
4096,3324,29.0649
4096,3325,29.0693
4096,3326,29.0736
4096,3327,29.0779
4096,3328,29.0822
4096,3329,29.0867
4096,3330,29.0915
4096,3331,29.0961
4096,3332,29.1004
4096,3333,29.1047
4096,3334,29.1091
4096,3335,29.1136
4096,3336,29.1181
4096,3337,29.1228
4096,3338,29.1274
4096,3339,29.1319
4096,3340,29.1367
4096,3341,29.1411
4096,3342,29.1457
4096,3343,29.1502
4096,3344,29.1545
4096,3345,29.1589
4096,3346,29.1635
4096,3347,29.1678
4096,3348,29.1725
4096,3349,29.1769
4096,3350,29.1816
4096,3351,29.1862
4096,3352,29.1911
4096,3353,29.1956
4096,3354,29.2006
4096,3355,29.2050
4096,3356,29.2096
4096,3357,29.2146
4096,3358,29.2189
4096,3359,29.2236
4096,3360,29.2282
4096,3361,29.2327
4096,3362,29.2376
4096,3363,29.2424
4096,3364,29.2470
4096,3365,29.2514
4096,3366,29.2559
4096,3367,29.2606
4096,3368,29.2655
4096,3369,29.2702
4096,3370,29.2747
4096,3371,29.2793
4096,3372,29.2836
4096,3373,29.2882
4096,3374,29.2929
4096,3375,29.2973
4096,3376,29.3017
4096,3377,29.3061
4096,3378,29.3107
4096,3379,29.3152
4096,3380,29.3196
4096,3381,29.3242
4096,3382,29.3288
4096,3383,29.3337
4096,3384,29.3383
4096,3385,29.3428
4096,3386,29.3478
4096,3387,29.3524
4096,3388,29.3571
4096,3389,29.3615
4096,3390,29.3655
4096,3391,29.3700
4096,3392,29.3749
4096,3393,29.3794
4096,3394,29.3837
4096,3395,29.3883
4096,3396,29.3930
4096,3397,29.3973
4096,3398,29.4015
4096,3399,29.4062
4096,3400,29.4108
4096,3401,29.4153
4096,3402,29.4197
4096,3403,29.4241
4096,3404,29.4284
4096,3405,29.4330
4096,3406,29.4376
4096,3407,29.4421
4096,3408,29.4465
4096,3409,29.4512
4096,3410,29.4555
4096,3411,29.4603
4096,3412,29.4651
4096,3413,29.4695
4096,3414,29.4739
4096,3415,29.4783
4096,3416,29.4828
4096,3417,29.4874
4096,3418,29.4920
4096,3419,29.4964
4096,3420,29.5009
4096,3421,29.5055
4096,3422,29.5102
4096,3423,29.5147
4096,3424,29.5191
4096,3425,29.5236
4096,3426,29.5278
4096,3427,29.5322
4096,3428,29.5372
4096,3429,29.5418
4096,3430,29.5464
4096,3431,29.5508
4096,3432,29.5554
4096,3433,29.5600
4096,3434,29.5642
4096,3435,29.5686
4096,3436,29.5731
4096,3437,29.5775
4096,3438,29.5823
4096,3439,29.5867
4096,3440,29.5912
4096,3441,29.5956
4096,3442,29.6004
4096,3443,29.6047
4096,3444,29.6090
4096,3445,29.6131
4096,3446,29.6180
4096,3447,29.6227
4096,3448,29.6275
4096,3449,29.6317
4096,3450,29.6362
4096,3451,29.6406
4096,3452,29.6451
4096,3453,29.6498
4096,3454,29.6545
4096,3455,29.6592
4096,3456,29.6636
4096,3457,29.6681
4096,3458,29.6722
4096,3459,29.6766
4096,3460,29.6811
4096,3461,29.6858
4096,3462,29.6901
4096,3463,29.6946
4096,3464,29.6993
4096,3465,29.7039
4096,3466,29.7084
4096,3467,29.7127
4096,3468,29.7172
4096,3469,29.7218
4096,3470,29.7262
4096,3471,29.7304
4096,3472,29.7353
4096,3473,29.7397
4096,3474,29.7442
4096,3475,29.7489
4096,3476,29.7530
4096,3477,29.7575
4096,3478,29.7620
4096,3479,29.7667
4096,3480,29.7712
4096,3481,29.7755
4096,3482,29.7800
4096,3483,29.7847
4096,3484,29.7891
4096,3485,29.7936
4096,3486,29.7979
4096,3487,29.8024
4096,3488,29.8068
4096,3489,29.8112
4096,3490,29.8160
4096,3491,29.8205
4096,3492,29.8247
4096,3493,29.8292
4096,3494,29.8339
4096,3495,29.8385
4096,3496,29.8430
4096,3497,29.8475
4096,3498,29.8518
4096,3499,29.8563
4096,3500,29.8608
4096,3501,29.8653
4096,3502,29.8695
4096,3503,29.8738
4096,3504,29.8783
4096,3505,29.8827
4096,3506,29.8870
4096,3507,29.8911
4096,3508,29.8959
4096,3509,29.9004
4096,3510,29.9051
4096,3511,29.9096
4096,3512,29.9140
4096,3513,29.9186
4096,3514,29.9233
4096,3515,29.9278
4096,3516,29.9321
4096,3517,29.9371
4096,3518,29.9414
4096,3519,29.9457
4096,3520,29.9502
4096,3521,29.9549
4096,3522,29.9595
4096,3523,29.9637
4096,3524,29.9682
4096,3525,29.9726
4096,3526,29.9772
4096,3527,29.9818
4096,3528,29.9858
4096,3529,29.9900
4096,3530,29.9941
4096,3531,29.9987
4096,3532,30.0034
4096,3533,30.0077
4096,3534,30.0120
4096,3535,30.0166
4096,3536,30.0212
4096,3537,30.0257
4096,3538,30.0300
4096,3539,30.0343
4096,3540,30.0387
4096,3541,30.0433
4096,3542,30.0478
4096,3543,30.0522
4096,3544,30.0567
4096,3545,30.0612
4096,3546,30.0656
4096,3547,30.0700
4096,3548,30.0744
4096,3549,30.0788
4096,3550,30.0832
4096,3551,30.0879
4096,3552,30.0926
4096,3553,30.0970
4096,3554,30.1014
4096,3555,30.1058
4096,3556,30.1106
4096,3557,30.1149
4096,3558,30.1193
4096,3559,30.1238
4096,3560,30.1280
4096,3561,30.1324
4096,3562,30.1365
4096,3563,30.1413
4096,3564,30.1459
4096,3565,30.1501
4096,3566,30.1545
4096,3567,30.1592
4096,3568,30.1635
4096,3569,30.1678
4096,3570,30.1723
4096,3571,30.1769
4096,3572,30.1812
4096,3573,30.1858
4096,3574,30.1902
4096,3575,30.1947
4096,3576,30.1992
4096,3577,30.2034
4096,3578,30.2081
4096,3579,30.2123
4096,3580,30.2167
4096,3581,30.2207
4096,3582,30.2251
4096,3583,30.2293
4096,3584,30.2335
4096,3585,30.2375
4096,3586,30.2418
4096,3587,30.2466
4096,3588,30.2508
4096,3589,30.2552
4096,3590,30.2598
4096,3591,30.2643
4096,3592,30.2688
4096,3593,30.2731
4096,3594,30.2776
4096,3595,30.2818
4096,3596,30.2863
4096,3597,30.2909
4096,3598,30.2952
4096,3599,30.2997
4096,3600,30.3042
4096,3601,30.3088
4096,3602,30.3132
4096,3603,30.3178
4096,3604,30.3221
4096,3605,30.3267
4096,3606,30.3310
4096,3607,30.3355
4096,3608,30.3397
4096,3609,30.3442
4096,3610,30.3485
4096,3611,30.3530
4096,3612,30.3572
4096,3613,30.3615
4096,3614,30.3657
4096,3615,30.3703
4096,3616,30.3746
4096,3617,30.3790
4096,3618,30.3834
4096,3619,30.3878
4096,3620,30.3925
4096,3621,30.3966
4096,3622,30.4009
4096,3623,30.4053
4096,3624,30.4095
4096,3625,30.4139
4096,3626,30.4186
4096,3627,30.4230
4096,3628,30.4274
4096,3629,30.4318
4096,3630,30.4362
4096,3631,30.4408
4096,3632,30.4455
4096,3633,30.4497
4096,3634,30.4539
4096,3635,30.4586
4096,3636,30.4631
4096,3637,30.4671
4096,3638,30.4718
4096,3639,30.4762
4096,3640,30.4805
4096,3641,30.4849
4096,3642,30.4890
4096,3643,30.4938
4096,3644,30.4985
4096,3645,30.5026
4096,3646,30.5070
4096,3647,30.5112
4096,3648,30.5155
4096,3649,30.5196
4096,3650,30.5236
4096,3651,30.5282
4096,3652,30.5325
4096,3653,30.5370
4096,3654,30.5413
4096,3655,30.5459
4096,3656,30.5504
4096,3657,30.5546
4096,3658,30.5591
4096,3659,30.5636
4096,3660,30.5679
4096,3661,30.5723
4096,3662,30.5765
4096,3663,30.5810
4096,3664,30.5856
4096,3665,30.5898
4096,3666,30.5942
4096,3667,30.5989
4096,3668,30.6035
4096,3669,30.6076
4096,3670,30.6119
4096,3671,30.6162
4096,3672,30.6205
4096,3673,30.6250
4096,3674,30.6295
4096,3675,30.6342
4096,3676,30.6384
4096,3677,30.6428
4096,3678,30.6469
4096,3679,30.6513
4096,3680,30.6554
4096,3681,30.6600
4096,3682,30.6643
4096,3683,30.6685
4096,3684,30.6729
4096,3685,30.6772
4096,3686,30.6818
4096,3687,30.6864
4096,3688,30.6906
4096,3689,30.6952
4096,3690,30.6996
4096,3691,30.7038
4096,3692,30.7087
4096,3693,30.7130
4096,3694,30.7175
4096,3695,30.7218
4096,3696,30.7263
4096,3697,30.7308
4096,3698,30.7355
4096,3699,30.7401
4096,3700,30.7445
4096,3701,30.7490
4096,3702,30.7535
4096,3703,30.7576
4096,3704,30.7622
4096,3705,30.7669
4096,3706,30.7713
4096,3707,30.7757
4096,3708,30.7799
4096,3709,30.7841
4096,3710,30.7882
4096,3711,30.7924
4096,3712,30.7967
4096,3713,30.8008
4096,3714,30.8053
4096,3715,30.8096
4096,3716,30.8140
4096,3717,30.8184
4096,3718,30.8228
4096,3719,30.8269
4096,3720,30.8313
4096,3721,30.8355
4096,3722,30.8398
4096,3723,30.8442
4096,3724,30.8485
4096,3725,30.8531
4096,3726,30.8573
4096,3727,30.8616
4096,3728,30.8663
4096,3729,30.8710
4096,3730,30.8752
4096,3731,30.8797
4096,3732,30.8842
4096,3733,30.8887
4096,3734,30.8930
4096,3735,30.8976
4096,3736,30.9019
4096,3737,30.9067
4096,3738,30.9109
4096,3739,30.9156
4096,3740,30.9198
4096,3741,30.9239
4096,3742,30.9283
4096,3743,30.9323
4096,3744,30.9367
4096,3745,30.9410
4096,3746,30.9452
4096,3747,30.9493
4096,3748,30.9535
4096,3749,30.9575
4096,3750,30.9618
4096,3751,30.9658
4096,3752,30.9702
4096,3753,30.9745
4096,3754,30.9791
4096,3755,30.9834
4096,3756,30.9880
4096,3757,30.9921
4096,3758,30.9962
4096,3759,31.0005
4096,3760,31.0048
4096,3761,31.0092
4096,3762,31.0136
4096,3763,31.0179
4096,3764,31.0222
4096,3765,31.0262
4096,3766,31.0303
4096,3767,31.0343
4096,3768,31.0387
4096,3769,31.0430
4096,3770,31.0473
4096,3771,31.0515
4096,3772,31.0560
4096,3773,31.0604
4096,3774,31.0644
4096,3775,31.0689
4096,3776,31.0733
4096,3777,31.0775
4096,3778,31.0817
4096,3779,31.0857
4096,3780,31.0900
4096,3781,31.0941
4096,3782,31.0985
4096,3783,31.1028
4096,3784,31.1073
4096,3785,31.1115
4096,3786,31.1160
4096,3787,31.1201
4096,3788,31.1245
4096,3789,31.1287
4096,3790,31.1328
4096,3791,31.1371
4096,3792,31.1417
4096,3793,31.1461
4096,3794,31.1504
4096,3795,31.1546
4096,3796,31.1590
4096,3797,31.1633
4096,3798,31.1679
4096,3799,31.1724
4096,3800,31.1765
4096,3801,31.1808
4096,3802,31.1851
4096,3803,31.1896
4096,3804,31.1942
4096,3805,31.1984
4096,3806,31.2031
4096,3807,31.2074
4096,3808,31.2118
4096,3809,31.2162
4096,3810,31.2206
4096,3811,31.2246
4096,3812,31.2289
4096,3813,31.2331
4096,3814,31.2370
4096,3815,31.2412
4096,3816,31.2456
4096,3817,31.2501
4096,3818,31.2543
4096,3819,31.2585
4096,3820,31.2627
4096,3821,31.2670
4096,3822,31.2713
4096,3823,31.2755
4096,3824,31.2795
4096,3825,31.2840
4096,3826,31.2882
4096,3827,31.2923
4096,3828,31.2964
4096,3829,31.3007
4096,3830,31.3052
4096,3831,31.3095
4096,3832,31.3138
4096,3833,31.3179
4096,3834,31.3221
4096,3835,31.3267
4096,3836,31.3310
4096,3837,31.3351
4096,3838,31.3396
4096,3839,31.3438
4096,3840,31.3479
4096,3841,31.3521
4096,3842,31.3564
4096,3843,31.3613
4096,3844,31.3651
4096,3845,31.3693
4096,3846,31.3734
4096,3847,31.3776
4096,3848,31.3818
4096,3849,31.3861
4096,3850,31.3903
4096,3851,31.3946
4096,3852,31.3989
4096,3853,31.4031
4096,3854,31.4072
4096,3855,31.4116
4096,3856,31.4157
4096,3857,31.4202
4096,3858,31.4242
4096,3859,31.4285
4096,3860,31.4325
4096,3861,31.4368
4096,3862,31.4410
4096,3863,31.4454
4096,3864,31.4496
4096,3865,31.4538
4096,3866,31.4581
4096,3867,31.4626
4096,3868,31.4667
4096,3869,31.4710
4096,3870,31.4753
4096,3871,31.4793
4096,3872,31.4838
4096,3873,31.4880
4096,3874,31.4923
4096,3875,31.4964
4096,3876,31.5004
4096,3877,31.5051
4096,3878,31.5094
4096,3879,31.5137
4096,3880,31.5178
4096,3881,31.5222
4096,3882,31.5264
4096,3883,31.5305
4096,3884,31.5347
4096,3885,31.5390
4096,3886,31.5435
4096,3887,31.5479
4096,3888,31.5522
4096,3889,31.5567
4096,3890,31.5610
4096,3891,31.5655
4096,3892,31.5701
4096,3893,31.5742
4096,3894,31.5781
4096,3895,31.5826
4096,3896,31.5868
4096,3897,31.5912
4096,3898,31.5957
4096,3899,31.6001
4096,3900,31.6042
4096,3901,31.6082
4096,3902,31.6124
4096,3903,31.6167
4096,3904,31.6208
4096,3905,31.6251
4096,3906,31.6297
4096,3907,31.6340
4096,3908,31.6385
4096,3909,31.6429
4096,3910,31.6469
4096,3911,31.6510
4096,3912,31.6551
4096,3913,31.6591
4096,3914,31.6633
4096,3915,31.6675
4096,3916,31.6718
4096,3917,31.6762
4096,3918,31.6806
4096,3919,31.6846
4096,3920,31.6887
4096,3921,31.6929
4096,3922,31.6973
4096,3923,31.7017
4096,3924,31.7062
4096,3925,31.7103
4096,3926,31.7145
4096,3927,31.7184
4096,3928,31.7225
4096,3929,31.7266
4096,3930,31.7307
4096,3931,31.7353
4096,3932,31.7395
4096,3933,31.7437
4096,3934,31.7479
4096,3935,31.7521
4096,3936,31.7563
4096,3937,31.7606
4096,3938,31.7647
4096,3939,31.7689
4096,3940,31.7731
4096,3941,31.7775
4096,3942,31.7818
4096,3943,31.7862
4096,3944,31.7903
4096,3945,31.7947
4096,3946,31.7992
4096,3947,31.8033
4096,3948,31.8074
4096,3949,31.8116
4096,3950,31.8159
4096,3951,31.8205
4096,3952,31.8249
4096,3953,31.8294
4096,3954,31.8338
4096,3955,31.8379
4096,3956,31.8421
4096,3957,31.8464
4096,3958,31.8506
4096,3959,31.8548
4096,3960,31.8592
4096,3961,31.8635
4096,3962,31.8674
4096,3963,31.8717
4096,3964,31.8762
4096,3965,31.8805
4096,3966,31.8849
4096,3967,31.8890
4096,3968,31.8932
4096,3969,31.8973
4096,3970,31.9015
4096,3971,31.9060
4096,3972,31.9101
4096,3973,31.9143
4096,3974,31.9183
4096,3975,31.9226
4096,3976,31.9269
4096,3977,31.9309
4096,3978,31.9352
4096,3979,31.9393
4096,3980,31.9434
4096,3981,31.9478
4096,3982,31.9520
4096,3983,31.9563
4096,3984,31.9605
4096,3985,31.9646
4096,3986,31.9690
4096,3987,31.9736
4096,3988,31.9776
4096,3989,31.9817
4096,3990,31.9861
4096,3991,31.9901
4096,3992,31.9943
4096,3993,31.9988
4096,3994,32.0029
4096,3995,32.0074
4096,3996,32.0117
4096,3997,32.0159
4096,3998,32.0201
4096,3999,32.0242
4096,4000,32.0286
4096,4001,32.0328
4096,4002,32.0369
4096,4003,32.0413
4096,4004,32.0456
4096,4005,32.0496
4096,4006,32.0538
4096,4007,32.0581
4096,4008,32.0625
4096,4009,32.0669
4096,4010,32.0712
4096,4011,32.0755
4096,4012,32.0794
4096,4013,32.0834
4096,4014,32.0874
4096,4015,32.0914
4096,4016,32.0956
4096,4017,32.0997
4096,4018,32.1039
4096,4019,32.1082
4096,4020,32.1123
4096,4021,32.1164
4096,4022,32.1204
4096,4023,32.1249
4096,4024,32.1290
4096,4025,32.1333
4096,4026,32.1377
4096,4027,32.1419
4096,4028,32.1462
4096,4029,32.1503
4096,4030,32.1548
4096,4031,32.1590
4096,4032,32.1631
4096,4033,32.1674
4096,4034,32.1716
4096,4035,32.1760
4096,4036,32.1804
4096,4037,32.1847
4096,4038,32.1889
4096,4039,32.1932
4096,4040,32.1974
4096,4041,32.2016
4096,4042,32.2061
4096,4043,32.2103
4096,4044,32.2142
4096,4045,32.2183
4096,4046,32.2224
4096,4047,32.2264
4096,4048,32.2305
4096,4049,32.2349
4096,4050,32.2392
4096,4051,32.2433
4096,4052,32.2477
4096,4053,32.2518
4096,4054,32.2558
4096,4055,32.2602
4096,4056,32.2644
4096,4057,32.2687
4096,4058,32.2729
4096,4059,32.2770
4096,4060,32.2810
4096,4061,32.2851
4096,4062,32.2891
4096,4063,32.2930
4096,4064,32.2970
4096,4065,32.3014
4096,4066,32.3057
4096,4067,32.3098
4096,4068,32.3141
4096,4069,32.3182
4096,4070,32.3225
4096,4071,32.3266
4096,4072,32.3306
4096,4073,32.3348
4096,4074,32.3394
4096,4075,32.3434
4096,4076,32.3474
4096,4077,32.3517
4096,4078,32.3560
4096,4079,32.3602
4096,4080,32.3644
4096,4081,32.3687
4096,4082,32.3728
4096,4083,32.3770
4096,4084,32.3809
4096,4085,32.3849
4096,4086,32.3889
4096,4087,32.3927
4096,4088,32.3969
4096,4089,32.4011
4096,4090,32.4053
4096,4091,32.4091
4096,4092,32.4131
4096,4093,32.4171
4096,4094,32.4215
4096,4095,32.4261
4096,4096,32.4304
4096,4097,32.4345
4096,4098,32.4389
4096,4099,32.4431
4096,4100,32.4470
4096,4101,32.4513
4096,4102,32.4554
4096,4103,32.4593
4096,4104,32.4632
4096,4105,32.4672
4096,4106,32.4715
4096,4107,32.4753
4096,4108,32.4793
4096,4109,32.4838
4096,4110,32.4879
4096,4111,32.4920
4096,4112,32.4963
4096,4113,32.5003
4096,4114,32.5047
4096,4115,32.5088
4096,4116,32.5129
4096,4117,32.5171
4096,4118,32.5214
4096,4119,32.5258
4096,4120,32.5298
4096,4121,32.5341
4096,4122,32.5386
4096,4123,32.5425
4096,4124,32.5468
4096,4125,32.5510
4096,4126,32.5550
4096,4127,32.5590
4096,4128,32.5628
4096,4129,32.5671
4096,4130,32.5714
4096,4131,32.5757
4096,4132,32.5798
4096,4133,32.5839
4096,4134,32.5881
4096,4135,32.5922
4096,4136,32.5962
4096,4137,32.6004
4096,4138,32.6047
4096,4139,32.6089
4096,4140,32.6132
4096,4141,32.6174
4096,4142,32.6214
4096,4143,32.6256
4096,4144,32.6300
4096,4145,32.6339
4096,4146,32.6380
4096,4147,32.6424
4096,4148,32.6465
4096,4149,32.6506
4096,4150,32.6550
4096,4151,32.6592
4096,4152,32.6633
4096,4153,32.6675
4096,4154,32.6717
4096,4155,32.6759
4096,4156,32.6800
4096,4157,32.6842
4096,4158,32.6885
4096,4159,32.6930
4096,4160,32.6975
4096,4161,32.7015
4096,4162,32.7056
4096,4163,32.7097
4096,4164,32.7138
4096,4165,32.7179
4096,4166,32.7219
4096,4167,32.7263
4096,4168,32.7305
4096,4169,32.7347
4096,4170,32.7384
4096,4171,32.7427
4096,4172,32.7468
4096,4173,32.7508
4096,4174,32.7550
4096,4175,32.7592
4096,4176,32.7634
4096,4177,32.7677
4096,4178,32.7718
4096,4179,32.7756
4096,4180,32.7797
4096,4181,32.7842
4096,4182,32.7882
4096,4183,32.7923
4096,4184,32.7964
4096,4185,32.8005
4096,4186,32.8044
4096,4187,32.8085
4096,4188,32.8128
4096,4189,32.8169
4096,4190,32.8209
4096,4191,32.8251
4096,4192,32.8294
4096,4193,32.8334
4096,4194,32.8376
4096,4195,32.8416
4096,4196,32.8458
4096,4197,32.8498
4096,4198,32.8537
4096,4199,32.8579
4096,4200,32.8620
4096,4201,32.8661
4096,4202,32.8702
4096,4203,32.8742
4096,4204,32.8782
4096,4205,32.8824
4096,4206,32.8866
4096,4207,32.8907
4096,4208,32.8950
4096,4209,32.8990
4096,4210,32.9030
4096,4211,32.9068
4096,4212,32.9112
4096,4213,32.9157
4096,4214,32.9197
4096,4215,32.9236
4096,4216,32.9280
4096,4217,32.9321
4096,4218,32.9365
4096,4219,32.9403
4096,4220,32.9444
4096,4221,32.9484
4096,4222,32.9523
4096,4223,32.9563
4096,4224,32.9601
4096,4225,32.9645
4096,4226,32.9687
4096,4227,32.9727
4096,4228,32.9768
4096,4229,32.9809
4096,4230,32.9845
4096,4231,32.9888
4096,4232,32.9934
4096,4233,32.9972
4096,4234,33.0015
4096,4235,33.0055
4096,4236,33.0096
4096,4237,33.0139
4096,4238,33.0181
4096,4239,33.0224
4096,4240,33.0266
4096,4241,33.0310
4096,4242,33.0352
4096,4243,33.0393
4096,4244,33.0432
4096,4245,33.0473
4096,4246,33.0514
4096,4247,33.0552
4096,4248,33.0593
4096,4249,33.0633
4096,4250,33.0671
4096,4251,33.0711
4096,4252,33.0755
4096,4253,33.0794
4096,4254,33.0836
4096,4255,33.0877
4096,4256,33.0919
4096,4257,33.0959
4096,4258,33.0998
4096,4259,33.1037
4096,4260,33.1076
4096,4261,33.1117
4096,4262,33.1160
4096,4263,33.1199
4096,4264,33.1239
4096,4265,33.1279
4096,4266,33.1319
4096,4267,33.1359
4096,4268,33.1398
4096,4269,33.1439
4096,4270,33.1481
4096,4271,33.1521
4096,4272,33.1564
4096,4273,33.1603
4096,4274,33.1644
4096,4275,33.1684
4096,4276,33.1726
4096,4277,33.1766
4096,4278,33.1804
4096,4279,33.1847
4096,4280,33.1888
4096,4281,33.1930
4096,4282,33.1971
4096,4283,33.2012
4096,4284,33.2054
4096,4285,33.2096
4096,4286,33.2136
4096,4287,33.2176
4096,4288,33.2215
4096,4289,33.2257
4096,4290,33.2297
4096,4291,33.2336
4096,4292,33.2379
4096,4293,33.2420
4096,4294,33.2461
4096,4295,33.2501
4096,4296,33.2542
4096,4297,33.2585
4096,4298,33.2626
4096,4299,33.2668
4096,4300,33.2708
4096,4301,33.2748
4096,4302,33.2790
4096,4303,33.2832
4096,4304,33.2871
4096,4305,33.2912
4096,4306,33.2954
4096,4307,33.2993
4096,4308,33.3034
4096,4309,33.3076
4096,4310,33.3119
4096,4311,33.3158
4096,4312,33.3201
4096,4313,33.3241
4096,4314,33.3282
4096,4315,33.3325
4096,4316,33.3364
4096,4317,33.3406
4096,4318,33.3447
4096,4319,33.3487
4096,4320,33.3525
4096,4321,33.3566
4096,4322,33.3608
4096,4323,33.3652
4096,4324,33.3695
4096,4325,33.3739
4096,4326,33.3782
4096,4327,33.3824
4096,4328,33.3864
4096,4329,33.3909
4096,4330,33.3950
4096,4331,33.3994
4096,4332,33.4036
4096,4333,33.4076
4096,4334,33.4116
4096,4335,33.4157
4096,4336,33.4199
4096,4337,33.4240
4096,4338,33.4278
4096,4339,33.4320
4096,4340,33.4361
4096,4341,33.4402
4096,4342,33.4442
4096,4343,33.4484
4096,4344,33.4527
4096,4345,33.4571
4096,4346,33.4613
4096,4347,33.4654
4096,4348,33.4693
4096,4349,33.4736
4096,4350,33.4777
4096,4351,33.4814
4096,4352,33.4855
4096,4353,33.4898
4096,4354,33.4939
4096,4355,33.4977
4096,4356,33.5018
4096,4357,33.5061
4096,4358,33.5100
4096,4359,33.5140
4096,4360,33.5182
4096,4361,33.5224
4096,4362,33.5262
4096,4363,33.5303
4096,4364,33.5347
4096,4365,33.5388
4096,4366,33.5429
4096,4367,33.5469
4096,4368,33.5510
4096,4369,33.5550
4096,4370,33.5593
4096,4371,33.5634
4096,4372,33.5674
4096,4373,33.5714
4096,4374,33.5756
4096,4375,33.5795
4096,4376,33.5839
4096,4377,33.5878
4096,4378,33.5917
4096,4379,33.5959
4096,4380,33.5999
4096,4381,33.6037
4096,4382,33.6077
4096,4383,33.6116
4096,4384,33.6159
4096,4385,33.6201
4096,4386,33.6241
4096,4387,33.6277
4096,4388,33.6318
4096,4389,33.6357
4096,4390,33.6399
4096,4391,33.6437
4096,4392,33.6477
4096,4393,33.6516
4096,4394,33.6553
4096,4395,33.6596
4096,4396,33.6636
4096,4397,33.6678
4096,4398,33.6719
4096,4399,33.6761
4096,4400,33.6801
4096,4401,33.6842
4096,4402,33.6882
4096,4403,33.6921
4096,4404,33.6961
4096,4405,33.7002
4096,4406,33.7043
4096,4407,33.7086
4096,4408,33.7128
4096,4409,33.7172
4096,4410,33.7215
4096,4411,33.7256
4096,4412,33.7296
4096,4413,33.7337
4096,4414,33.7379
4096,4415,33.7417
4096,4416,33.7458
4096,4417,33.7500
4096,4418,33.7544
4096,4419,33.7586
4096,4420,33.7628
4096,4421,33.7667
4096,4422,33.7710
4096,4423,33.7753
4096,4424,33.7794
4096,4425,33.7835
4096,4426,33.7877
4096,4427,33.7917
4096,4428,33.7959
4096,4429,33.8000
4096,4430,33.8039
4096,4431,33.8080
4096,4432,33.8119
4096,4433,33.8158
4096,4434,33.8200
4096,4435,33.8242
4096,4436,33.8281
4096,4437,33.8321
4096,4438,33.8364
4096,4439,33.8404
4096,4440,33.8446
4096,4441,33.8488
4096,4442,33.8528
4096,4443,33.8569
4096,4444,33.8608
4096,4445,33.8648
4096,4446,33.8691
4096,4447,33.8733
4096,4448,33.8773
4096,4449,33.8812
4096,4450,33.8856
4096,4451,33.8895
4096,4452,33.8936
4096,4453,33.8976
4096,4454,33.9016
4096,4455,33.9056
4096,4456,33.9097
4096,4457,33.9140
4096,4458,33.9180
4096,4459,33.9221
4096,4460,33.9259
4096,4461,33.9299
4096,4462,33.9341
4096,4463,33.9378
4096,4464,33.9419
4096,4465,33.9461
4096,4466,33.9502
4096,4467,33.9545
4096,4468,33.9586
4096,4469,33.9628
4096,4470,33.9669
4096,4471,33.9709
4096,4472,33.9749
4096,4473,33.9790
4096,4474,33.9830
4096,4475,33.9869
4096,4476,33.9906
4096,4477,33.9947
4096,4478,33.9985
4096,4479,34.0025
4096,4480,34.0064
4096,4481,34.0106
4096,4482,34.0144
4096,4483,34.0185
4096,4484,34.0225
4096,4485,34.0266
4096,4486,34.0309
4096,4487,34.0347
4096,4488,34.0383
4096,4489,34.0421
4096,4490,34.0464
4096,4491,34.0504
4096,4492,34.0543
4096,4493,34.0584
4096,4494,34.0623
4096,4495,34.0663
4096,4496,34.0701
4096,4497,34.0739
4096,4498,34.0780
4096,4499,34.0816
4096,4500,34.0856
4096,4501,34.0899
4096,4502,34.0938
4096,4503,34.0982
4096,4504,34.1020
4096,4505,34.1058
4096,4506,34.1102
4096,4507,34.1143
4096,4508,34.1186
4096,4509,34.1224
4096,4510,34.1264
4096,4511,34.1301
4096,4512,34.1337
4096,4513,34.1376
4096,4514,34.1415
4096,4515,34.1454
4096,4516,34.1496
4096,4517,34.1537
4096,4518,34.1579
4096,4519,34.1618
4096,4520,34.1658
4096,4521,34.1698
4096,4522,34.1738
4096,4523,34.1781
4096,4524,34.1820
4096,4525,34.1860
4096,4526,34.1900
4096,4527,34.1938
4096,4528,34.1978
4096,4529,34.2018
4096,4530,34.2055
4096,4531,34.2095
4096,4532,34.2135
4096,4533,34.2175
4096,4534,34.2215
4096,4535,34.2255
4096,4536,34.2295
4096,4537,34.2336
4096,4538,34.2378
4096,4539,34.2417
4096,4540,34.2457
4096,4541,34.2497
4096,4542,34.2538
4096,4543,34.2578
4096,4544,34.2618
4096,4545,34.2658
4096,4546,34.2701
4096,4547,34.2743
4096,4548,34.2781
4096,4549,34.2821
4096,4550,34.2864
4096,4551,34.2906
4096,4552,34.2946
4096,4553,34.2987
4096,4554,34.3026
4096,4555,34.3068
4096,4556,34.3110
4096,4557,34.3149
4096,4558,34.3190
4096,4559,34.3229
4096,4560,34.3272
4096,4561,34.3309
4096,4562,34.3345
4096,4563,34.3387
4096,4564,34.3426
4096,4565,34.3467
4096,4566,34.3509
4096,4567,34.3548
4096,4568,34.3586
4096,4569,34.3630
4096,4570,34.3668
4096,4571,34.3707
4096,4572,34.3748
4096,4573,34.3785
4096,4574,34.3828
4096,4575,34.3869
4096,4576,34.3908
4096,4577,34.3948
4096,4578,34.3988
4096,4579,34.4027
4096,4580,34.4068
4096,4581,34.4108
4096,4582,34.4148
4096,4583,34.4188
4096,4584,34.4228
4096,4585,34.4269
4096,4586,34.4309
4096,4587,34.4351
4096,4588,34.4391
4096,4589,34.4429
4096,4590,34.4471
4096,4591,34.4511
4096,4592,34.4551
4096,4593,34.4592
4096,4594,34.4634
4096,4595,34.4677
4096,4596,34.4719
4096,4597,34.4758
4096,4598,34.4797
4096,4599,34.4839
4096,4600,34.4879
4096,4601,34.4917
4096,4602,34.4959
4096,4603,34.5000
4096,4604,34.5042
4096,4605,34.5081
4096,4606,34.5121
4096,4607,34.5162
4096,4608,34.5200
4096,4609,34.5241
4096,4610,34.5282
4096,4611,34.5320
4096,4612,34.5361
4096,4613,34.5401
4096,4614,34.5439
4096,4615,34.5481
4096,4616,34.5520
4096,4617,34.5561
4096,4618,34.5601
4096,4619,34.5640
4096,4620,34.5679
4096,4621,34.5720
4096,4622,34.5757
4096,4623,34.5798
4096,4624,34.5838
4096,4625,34.5881
4096,4626,34.5921
4096,4627,34.5961
4096,4628,34.6000
4096,4629,34.6039
4096,4630,34.6080
4096,4631,34.6117
4096,4632,34.6159
4096,4633,34.6200
4096,4634,34.6240
4096,4635,34.6281
4096,4636,34.6321
4096,4637,34.6363
4096,4638,34.6404
4096,4639,34.6441
4096,4640,34.6482
4096,4641,34.6521
4096,4642,34.6561
4096,4643,34.6601
4096,4644,34.6560
4096,4645,34.6601
4096,4646,34.6643
4096,4647,34.6644
4096,4648,34.6684
4096,4649,34.6726
4096,4650,34.6767
4096,4651,34.6807
4096,4652,34.6845
4096,4653,34.6883
4096,4654,34.6924
4096,4655,34.6964
4096,4656,34.7004
4096,4657,34.7045
4096,4658,34.7085
4096,4659,34.7123
4096,4660,34.7162
4096,4661,34.7202
4096,4662,34.7240
4096,4663,34.7280
4096,4664,34.7320
4096,4665,34.7361
4096,4666,34.7398
4096,4667,34.7440
4096,4668,34.7483
4096,4669,34.7526
4096,4670,34.7567
4096,4671,34.7605
4096,4672,34.7646
4096,4673,34.7687
4096,4674,34.7729
4096,4675,34.7769
4096,4676,34.7807
4096,4677,34.7851
4096,4678,34.7890
4096,4679,34.7928
4096,4680,34.7969
4096,4681,34.8008
4096,4682,34.8046
4096,4683,34.8085
4096,4684,34.8121
4096,4685,34.8159
4096,4686,34.8196
4096,4687,34.8240
4096,4688,34.8276
4096,4689,34.8314
4096,4690,34.8309
4096,4691,34.8347
4096,4692,34.8386
4096,4693,34.8428
4096,4694,34.8472
4096,4695,34.8512
4096,4696,34.8552
4096,4697,34.8593
4096,4698,34.8635
4096,4699,34.8677
4096,4700,34.8717
4096,4701,34.8757
4096,4702,34.8798
4096,4703,34.8839
4096,4704,34.8879
4096,4705,34.8918
4096,4706,34.8957
4096,4707,34.8998
4096,4708,34.9040
4096,4709,34.9083
4096,4710,34.9123
4096,4711,34.9163
4096,4712,34.9203
4096,4713,34.9242
4096,4714,34.9281
4096,4715,34.9322
4096,4716,34.9364
4096,4717,34.9403
4096,4718,34.9444
4096,4719,34.9484
4096,4720,34.9523
4096,4721,34.9563
4096,4722,34.9603
4096,4723,34.9643
4096,4724,34.9682
4096,4725,34.9719
4096,4726,34.9761
4096,4727,34.9800
4096,4728,34.9838
4096,4729,34.9822
4096,4730,34.9860
4096,4731,34.9900
4096,4732,34.9938
4096,4733,34.9980
4096,4734,35.0021
4096,4735,35.0061
4096,4736,35.0102
4096,4737,35.0140
4096,4738,35.0178
4096,4739,35.0221
4096,4740,35.0260
4096,4741,35.0296
4096,4742,35.0336
4096,4743,35.0379
4096,4744,35.0418
4096,4745,35.0456
4096,4746,35.0495
4096,4747,35.0536
4096,4748,35.0578
4096,4749,35.0615
4096,4750,35.0658
4096,4751,35.0697
4096,4752,35.0739
4096,4753,35.0779
4096,4754,35.0821
4096,4755,35.0860
4096,4756,35.0902
4096,4757,35.0941
4096,4758,35.0979
4096,4759,35.1021
4096,4760,35.1064
4096,4761,35.1106
4096,4762,35.1148
4096,4763,35.1190
4096,4764,35.1232
4096,4765,35.1273
4096,4766,35.1315
4096,4767,35.1352
4096,4768,35.1394
4096,4769,35.1432
4096,4770,35.1436
4096,4771,35.1474
4096,4772,35.1511
4096,4773,35.1553
4096,4774,35.1592
4096,4775,35.1631
4096,4776,35.1673
4096,4777,35.1664
4096,4778,35.1704
4096,4779,35.1744
4096,4780,35.1782
4096,4781,35.1821
4096,4782,35.1859
4096,4783,35.1901
4096,4784,35.1941
4096,4785,35.1979
4096,4786,35.1986
4096,4787,35.2027
4096,4788,35.2065
4096,4789,35.2105
4096,4790,35.2146
4096,4791,35.2191
4096,4792,35.2234
4096,4793,35.2274
4096,4794,35.2318
4096,4795,35.2362
4096,4796,35.2398
4096,4797,35.2436
4096,4798,35.2478
4096,4799,35.2517
4096,4800,35.2555
4096,4801,35.2593
4096,4802,35.2588
4096,4803,35.2629
4096,4804,35.2670
4096,4805,35.2710
4096,4806,35.2749
4096,4807,35.2790
4096,4808,35.2770
4096,4809,35.2812
4096,4810,35.2852
4096,4811,35.2893
4096,4812,35.2930
4096,4813,35.2972
4096,4814,35.3010
4096,4815,35.3050
4096,4816,35.3089
4096,4817,35.3129
4096,4818,35.3167
4096,4819,35.3208
4096,4820,35.3249
4096,4821,35.3290
4096,4822,35.3331
4096,4823,35.3325
4096,4824,35.3366
4096,4825,35.3405
4096,4826,35.3443
4096,4827,35.3482
4096,4828,35.3427
4096,4829,35.3404
4096,4830,35.3442
4096,4831,35.3481
4096,4832,35.3469
4096,4833,35.3509
4096,4834,35.3548
4096,4835,35.3586
4096,4836,35.3574
4096,4837,35.3615
4096,4838,35.3653
4096,4839,35.3695
4096,4840,35.3737
4096,4841,35.3779
4096,4842,35.3815
4096,4843,35.3782
4096,4844,35.3823
4096,4845,35.3791
4096,4846,35.3755
4096,4847,35.3751
4096,4848,35.3789
4096,4849,35.3828
4096,4850,35.3865
4096,4851,35.3864
4096,4852,35.3901
4096,4853,35.3942
4096,4854,35.3982
4096,4855,35.4021
4096,4856,35.4031
4096,4857,35.4071
4096,4858,35.4055
4096,4859,35.4095
4096,4860,35.4135
4096,4861,35.4174
4096,4862,35.4212
4096,4863,35.4253
4096,4864,35.4293
4096,4865,35.4332
4096,4866,35.4369
4096,4867,35.4367
4096,4868,35.4404
4096,4869,35.4445
4096,4870,35.4441
4096,4871,35.4482
4096,4872,35.4522
4096,4873,35.4557
4096,4874,35.4597
4096,4875,35.4636
4096,4876,35.4574
4096,4877,35.4616
4096,4878,35.4656
4096,4879,35.4698
4096,4880,35.4589
4096,4881,35.4627
4096,4882,35.4667
4096,4883,35.4671
4096,4884,35.4709
4096,4885,35.4748
4096,4886,35.4785
4096,4887,35.4825
4096,4888,35.4856
4096,4889,35.4898
4096,4890,35.4838
4096,4891,35.4790
4096,4892,35.4830
4096,4893,35.4869
4096,4894,35.4834
4096,4895,35.4874
4096,4896,35.4908
4096,4897,35.4946
4096,4898,35.4982
4096,4899,35.4940
4096,4900,35.4979
4096,4901,35.4916
4096,4902,35.4948
4096,4903,35.4989
4096,4904,35.5030
4096,4905,35.5034
4096,4906,35.5074
4096,4907,35.5113
4096,4908,35.5151
4096,4909,35.5189
4096,4910,35.5183
4096,4911,35.5221
4096,4912,35.5218
4096,4913,35.5260
4096,4914,35.5323
4096,4915,35.5360
4096,4916,35.5354
4096,4917,35.5393
4096,4918,35.5458
4096,4919,35.5492
4096,4920,35.5530
4096,4921,35.5570
4096,4922,35.5611
4096,4923,35.5546
4096,4924,35.5585
4096,4925,35.5627
4096,4926,35.5660
4096,4927,35.5700
4096,4928,35.5698
4096,4929,35.5628
4096,4930,35.5670
4096,4931,35.5683
4096,4932,35.5722
4096,4933,35.5734
4096,4934,35.5773
4096,4935,35.5814
4096,4936,35.5855
4096,4937,35.5896
4096,4938,35.5937
4096,4939,35.5976
4096,4940,35.6012
4096,4941,35.6050
4096,4942,35.6089
4096,4943,35.6130
4096,4944,35.6168
4096,4945,35.6122
4096,4946,35.6082
4096,4947,35.6119
4096,4948,35.6143
4096,4949,35.6172
4096,4950,35.6212
4096,4951,35.6251
4096,4952,35.6302
4096,4953,35.6335
4096,4954,35.6377
4096,4955,35.6416
4096,4956,35.6409
4096,4957,35.6430
4096,4958,35.6466
4096,4959,35.6505
4096,4960,35.6498
4096,4961,35.6435
4096,4962,35.6472
4096,4963,35.6461
4096,4964,35.6442
4096,4965,35.6410
4096,4966,35.6441
4096,4967,35.6477
4096,4968,35.6515
4096,4969,35.6552
4096,4970,35.6591
4096,4971,35.6629
4096,4972,35.6668
4096,4973,35.6701
4096,4974,35.6742
4096,4975,35.6785
4096,4976,35.6822
4096,4977,35.6864
4096,4978,35.6851
4096,4979,35.6891
4096,4980,35.6929
4096,4981,35.6922
4096,4982,35.6951
4096,4983,35.6962
4096,4984,35.7002
4096,4985,35.7039
4096,4986,35.6939
4096,4987,35.6979
4096,4988,35.7018
4096,4989,35.7058
4096,4990,35.7035
4096,4991,35.7074
4096,4992,35.7109
4096,4993,35.7152
4096,4994,35.7120
4096,4995,35.7172
4096,4996,35.7212
4096,4997,35.7182
4096,4998,35.7114
4096,4999,35.7154
4096,5000,35.7140
8192,1,0.0000
8192,2,0.5092
8192,3,0.7244
8192,4,0.8666
8192,5,0.9932
8192,6,1.1048
8192,7,1.2159
8192,8,1.3082
8192,9,1.3956
8192,10,1.4834
8192,11,1.5685
8192,12,1.6463
8192,13,1.7181
8192,14,1.7908
8192,15,1.8553
8192,16,1.9166
8192,17,1.9796
8192,18,2.0414
8192,19,2.0943
8192,20,2.1542
8192,21,2.2099
8192,22,2.2619
8192,23,2.3121
8192,24,2.3653
8192,25,2.4132
8192,26,2.4647
8192,27,2.5152
8192,28,2.5576
8192,29,2.6011
8192,30,2.6500
8192,31,2.6977
8192,32,2.7440
8192,33,2.7898
8192,34,2.8311
8192,35,2.8732
8192,36,2.9154
8192,37,2.9554
8192,38,2.9951
8192,39,3.0386
8192,40,3.0782
8192,41,3.1183
8192,42,3.1584
8192,43,3.1950
8192,44,3.2343
8192,45,3.2684
8192,46,3.3051
8192,47,3.3423
8192,48,3.3760
8192,49,3.4081
8192,50,3.4420
8192,51,3.4741
8192,52,3.5099
8192,53,3.5477
8192,54,3.5842
8192,55,3.6170
8192,56,3.6524
8192,57,3.6851
8192,58,3.7202
8192,59,3.7545
8192,60,3.7841
8192,61,3.8165
8192,62,3.8484
8192,63,3.8777
8192,64,3.9083
8192,65,3.9366
8192,66,3.9673
8192,67,3.9965
8192,68,4.0272
8192,69,4.0556
8192,70,4.0851
8192,71,4.1146
8192,72,4.1418
8192,73,4.1715
8192,74,4.1992
8192,75,4.2279
8192,76,4.2573
8192,77,4.2846
8192,78,4.3126
8192,79,4.3418
8192,80,4.3685
8192,81,4.3968
8192,82,4.4253
8192,83,4.4494
8192,84,4.4772
8192,85,4.5047
8192,86,4.5311
8192,87,4.5583
8192,88,4.5841
8192,89,4.6104
8192,90,4.6362
8192,91,4.6632
8192,92,4.6890
8192,93,4.7171
8192,94,4.7427
8192,95,4.7673
8192,96,4.7923
8192,97,4.8183
8192,98,4.8441
8192,99,4.8700
8192,100,4.8937
8192,101,4.9179
8192,102,4.9423
8192,103,4.9663
8192,104,4.9899
8192,105,5.0147
8192,106,5.0382
8192,107,5.0636
8192,108,5.0881
8192,109,5.1111
8192,110,5.1343
8192,111,5.1570
8192,112,5.1789
8192,113,5.2011
8192,114,5.2241
8192,115,5.2469
8192,116,5.2694
8192,117,5.2913
8192,118,5.3141
8192,119,5.3367
8192,120,5.3592
8192,121,5.3803
8192,122,5.4031
8192,123,5.4250
8192,124,5.4461
8192,125,5.4688
8192,126,5.4907
8192,127,5.5124
8192,128,5.5339
8192,129,5.5568
8192,130,5.5755
8192,131,5.5972
8192,132,5.6172
8192,133,5.6380
8192,134,5.6588
8192,135,5.6801
8192,136,5.6988
8192,137,5.7204
8192,138,5.7401
8192,139,5.7594
8192,140,5.7798
8192,141,5.7987
8192,142,5.8195
8192,143,5.8394
8192,144,5.8584
8192,145,5.8787
8192,146,5.8985
8192,147,5.9182
8192,148,5.9377
8192,149,5.9570
8192,150,5.9760
8192,151,5.9952
8192,152,6.0147
8192,153,6.0350
8192,154,6.0558
8192,155,6.0756
8192,156,6.0965
8192,157,6.1150
8192,158,6.1340
8192,159,6.1535
8192,160,6.1739
8192,161,6.1927
8192,162,6.2122
8192,163,6.2324
8192,164,6.2527
8192,165,6.2724
8192,166,6.2919
8192,167,6.3124
8192,168,6.3312
8192,169,6.3500
8192,170,6.3692
8192,171,6.3903
8192,172,6.4080
8192,173,6.4275
8192,174,6.4467
8192,175,6.4640
8192,176,6.4817
8192,177,6.4993
8192,178,6.5181
8192,179,6.5357
8192,180,6.5548
8192,181,6.5736
8192,182,6.5910
8192,183,6.6084
8192,184,6.6260
8192,185,6.6448
8192,186,6.6630
8192,187,6.6815
8192,188,6.6997
8192,189,6.7171
8192,190,6.7342
8192,191,6.7510
8192,192,6.7687
8192,193,6.7887
8192,194,6.8067
8192,195,6.8247
8192,196,6.8419
8192,197,6.8592
8192,198,6.8776
8192,199,6.8963
8192,200,6.9136
8192,201,6.9322
8192,202,6.9499
8192,203,6.9665
8192,204,6.9838
8192,205,7.0005
8192,206,7.0169
8192,207,7.0336
8192,208,7.0506
8192,209,7.0674
8192,210,7.0847
8192,211,7.1020
8192,212,7.1178
8192,213,7.1355
8192,214,7.1530
8192,215,7.1695
8192,216,7.1849
8192,217,7.2013
8192,218,7.2167
8192,219,7.2324
8192,220,7.2498
8192,221,7.2667
8192,222,7.2830
8192,223,7.3002
8192,224,7.3174
8192,225,7.3337
8192,226,7.3501
8192,227,7.3673
8192,228,7.3844
8192,229,7.4010
8192,230,7.4177
8192,231,7.4325
8192,232,7.4499
8192,233,7.4670
8192,234,7.4843
8192,235,7.5006
8192,236,7.5162
8192,237,7.5324
8192,238,7.5481
8192,239,7.5643
8192,240,7.5805
8192,241,7.5963
8192,242,7.6127
8192,243,7.6276
8192,244,7.6434
8192,245,7.6588
8192,246,7.6749
8192,247,7.6911
8192,248,7.7053
8192,249,7.7206
8192,250,7.7365
8192,251,7.7507
8192,252,7.7667
8192,253,7.7820
8192,254,7.7963
8192,255,7.8124
8192,256,7.8280
8192,257,7.8431
8192,258,7.8581
8192,259,7.8722
8192,260,7.8861
8192,261,7.9011
8192,262,7.9158
8192,263,7.9309
8192,264,7.9461
8192,265,7.9611
8192,266,7.9750
8192,267,7.9902
8192,268,8.0051
8192,269,8.0205
8192,270,8.0350
8192,271,8.0505
8192,272,8.0658
8192,273,8.0807
8192,274,8.0955
8192,275,8.1105
8192,276,8.1249
8192,277,8.1393
8192,278,8.1540
8192,279,8.1676
8192,280,8.1825
8192,281,8.1972
8192,282,8.2121
8192,283,8.2259
8192,284,8.2412
8192,285,8.2555
8192,286,8.2698
8192,287,8.2851
8192,288,8.2993
8192,289,8.3142
8192,290,8.3282
8192,291,8.3417
8192,292,8.3558
8192,293,8.3700
8192,294,8.3836
8192,295,8.3960
8192,296,8.4105
8192,297,8.4247
8192,298,8.4391
8192,299,8.4545
8192,300,8.4683
8192,301,8.4815
8192,302,8.4963
8192,303,8.5101
8192,304,8.5239
8192,305,8.5379
8192,306,8.5518
8192,307,8.5656
8192,308,8.5797
8192,309,8.5945
8192,310,8.6084
8192,311,8.6218
8192,312,8.6356
8192,313,8.6498
8192,314,8.6634
8192,315,8.6770
8192,316,8.6904
8192,317,8.7036
8192,318,8.7163
8192,319,8.7297
8192,320,8.7439
8192,321,8.7566
8192,322,8.7700
8192,323,8.7826
8192,324,8.7962
8192,325,8.8091
8192,326,8.8222
8192,327,8.8364
8192,328,8.8502
8192,329,8.8638
8192,330,8.8765
8192,331,8.8898
8192,332,8.9029
8192,333,8.9169
8192,334,8.9309
8192,335,8.9437
8192,336,8.9566
8192,337,8.9692
8192,338,8.9817
8192,339,8.9952
8192,340,9.0091
8192,341,9.0229
8192,342,9.0362
8192,343,9.0494
8192,344,9.0628
8192,345,9.0753
8192,346,9.0879
8192,347,9.1015
8192,348,9.1146
8192,349,9.1285
8192,350,9.1416
8192,351,9.1545
8192,352,9.1665
8192,353,9.1799
8192,354,9.1928
8192,355,9.2058
8192,356,9.2188
8192,357,9.2326
8192,358,9.2453
8192,359,9.2589
8192,360,9.2717
8192,361,9.2853
8192,362,9.2986
8192,363,9.3109
8192,364,9.3234
8192,365,9.3369
8192,366,9.3505
8192,367,9.3636
8192,368,9.3763
8192,369,9.3888
8192,370,9.4025
8192,371,9.4148
8192,372,9.4271
8192,373,9.4396
8192,374,9.4526
8192,375,9.4653
8192,376,9.4784
8192,377,9.4905
8192,378,9.5038
8192,379,9.5156
8192,380,9.5286
8192,381,9.5411
8192,382,9.5542
8192,383,9.5671
8192,384,9.5793
8192,385,9.5918
8192,386,9.6043
8192,387,9.6162
8192,388,9.6294
8192,389,9.6425
8192,390,9.6551
8192,391,9.6679
8192,392,9.6801
8192,393,9.6926
8192,394,9.7060
8192,395,9.7193
8192,396,9.7318
8192,397,9.7444
8192,398,9.7566
8192,399,9.7692
8192,400,9.7814
8192,401,9.7933
8192,402,9.8057
8192,403,9.8185
8192,404,9.8314
8192,405,9.8440
8192,406,9.8565
8192,407,9.8686
8192,408,9.8814
8192,409,9.8925
8192,410,9.9052
8192,411,9.9165
8192,412,9.9295
8192,413,9.9419
8192,414,9.9540
8192,415,9.9661
8192,416,9.9782
8192,417,9.9906
8192,418,10.0034
8192,419,10.0152
8192,420,10.0268
8192,421,10.0398
8192,422,10.0516
8192,423,10.0639
8192,424,10.0766
8192,425,10.0888
8192,426,10.1011
8192,427,10.1129
8192,428,10.1245
8192,429,10.1363
8192,430,10.1488
8192,431,10.1612
8192,432,10.1726
8192,433,10.1840
8192,434,10.1957
8192,435,10.2077
8192,436,10.2198
8192,437,10.2317
8192,438,10.2435
8192,439,10.2549
8192,440,10.2664
8192,441,10.2780
8192,442,10.2900
8192,443,10.3024
8192,444,10.3146
8192,445,10.3258
8192,446,10.3377
8192,447,10.3501
8192,448,10.3603
8192,449,10.3724
8192,450,10.3852
8192,451,10.3962
8192,452,10.4081
8192,453,10.4205
8192,454,10.4322
8192,455,10.4446
8192,456,10.4561
8192,457,10.4679
8192,458,10.4790
8192,459,10.4908
8192,460,10.5025
8192,461,10.5144
8192,462,10.5264
8192,463,10.5385
8192,464,10.5505
8192,465,10.5616
8192,466,10.5734
8192,467,10.5846
8192,468,10.5962
8192,469,10.6078
8192,470,10.6188
8192,471,10.6305
8192,472,10.6422
8192,473,10.6539
8192,474,10.6656
8192,475,10.6776
8192,476,10.6900
8192,477,10.7020
8192,478,10.7132
8192,479,10.7246
8192,480,10.7362
8192,481,10.7483
8192,482,10.7591
8192,483,10.7705
8192,484,10.7819
8192,485,10.7929
8192,486,10.8042
8192,487,10.8151
8192,488,10.8261
8192,489,10.8375
8192,490,10.8481
8192,491,10.8599
8192,492,10.8717
8192,493,10.8829
8192,494,10.8940
8192,495,10.9055
8192,496,10.9169
8192,497,10.9282
8192,498,10.9388
8192,499,10.9493
8192,500,10.9603
8192,501,10.9712
8192,502,10.9828
8192,503,10.9931
8192,504,11.0053
8192,505,11.0172
8192,506,11.0285
8192,507,11.0402
8192,508,11.0519
8192,509,11.0630
8192,510,11.0739
8192,511,11.0849
8192,512,11.0959
8192,513,11.1068
8192,514,11.1185
8192,515,11.1296
8192,516,11.1411
8192,517,11.1529
8192,518,11.1639
8192,519,11.1748
8192,520,11.1853
8192,521,11.1960
8192,522,11.2075
8192,523,11.2190
8192,524,11.2303
8192,525,11.2417
8192,526,11.2524
8192,527,11.2626
8192,528,11.2749
8192,529,11.2861
8192,530,11.2972
8192,531,11.3079
8192,532,11.3191
8192,533,11.3302
8192,534,11.3413
8192,535,11.3520
8192,536,11.3626
8192,537,11.3735
8192,538,11.3840
8192,539,11.3951
8192,540,11.4052
8192,541,11.4155
8192,542,11.4255
8192,543,11.4359
8192,544,11.4462
8192,545,11.4570
8192,546,11.4673
8192,547,11.4782
8192,548,11.4889
8192,549,11.4994
8192,550,11.5100
8192,551,11.5212
8192,552,11.5321
8192,553,11.5428
8192,554,11.5538
8192,555,11.5646
8192,556,11.5752
8192,557,11.5862
8192,558,11.5963
8192,559,11.6069
8192,560,11.6178
8192,561,11.6283
8192,562,11.6381
8192,563,11.6492
8192,564,11.6599
8192,565,11.6705
8192,566,11.6807
8192,567,11.6904
8192,568,11.7015
8192,569,11.7118
8192,570,11.7224
8192,571,11.7327
8192,572,11.7434
8192,573,11.7535
8192,574,11.7641
8192,575,11.7750
8192,576,11.7852
8192,577,11.7960
8192,578,11.8069
8192,579,11.8172
8192,580,11.8279
8192,581,11.8378
8192,582,11.8478
8192,583,11.8578
8192,584,11.8672
8192,585,11.8782
8192,586,11.8888
8192,587,11.8995
8192,588,11.9108
8192,589,11.9221
8192,590,11.9333
8192,591,11.9436
8192,592,11.9540
8192,593,11.9633
8192,594,11.9731
8192,595,11.9833
8192,596,11.9930
8192,597,12.0032
8192,598,12.0139
8192,599,12.0242
8192,600,12.0336
8192,601,12.0444
8192,602,12.0547
8192,603,12.0648
8192,604,12.0750
8192,605,12.0844
8192,606,12.0952
8192,607,12.1054
8192,608,12.1159
8192,609,12.1264
8192,610,12.1366
8192,611,12.1461
8192,612,12.1562
8192,613,12.1662
8192,614,12.1756
8192,615,12.1850
8192,616,12.1948
8192,617,12.2049
8192,618,12.2143
8192,619,12.2241
8192,620,12.2335
8192,621,12.2441
8192,622,12.2545
8192,623,12.2645
8192,624,12.2743
8192,625,12.2837
8192,626,12.2939
8192,627,12.3039
8192,628,12.3140
8192,629,12.3242
8192,630,12.3341
8192,631,12.3441
8192,632,12.3531
8192,633,12.3626
8192,634,12.3721
8192,635,12.3826
8192,636,12.3928
8192,637,12.4026
8192,638,12.4125
8192,639,12.4228
8192,640,12.4326
8192,641,12.4425
8192,642,12.4521
8192,643,12.4616
8192,644,12.4721
8192,645,12.4822
8192,646,12.4923
8192,647,12.5022
8192,648,12.5120
8192,649,12.5221
8192,650,12.5313
8192,651,12.5412
8192,652,12.5506
8192,653,12.5606
8192,654,12.5701
8192,655,12.5799
8192,656,12.5894
8192,657,12.5996
8192,658,12.6090
8192,659,12.6191
8192,660,12.6282
8192,661,12.6376
8192,662,12.6473
8192,663,12.6565
8192,664,12.6657
8192,665,12.6752
8192,666,12.6841
8192,667,12.6938
8192,668,12.7028
8192,669,12.7121
8192,670,12.7218
8192,671,12.7317
8192,672,12.7409
8192,673,12.7505
8192,674,12.7604
8192,675,12.7694
8192,676,12.7787
8192,677,12.7877
8192,678,12.7980
8192,679,12.8083
8192,680,12.8181
8192,681,12.8276
8192,682,12.8369
8192,683,12.8466
8192,684,12.8564
8192,685,12.8657
8192,686,12.8757
8192,687,12.8852
8192,688,12.8947
8192,689,12.9046
8192,690,12.9148
8192,691,12.9241
8192,692,12.9338
8192,693,12.9432
8192,694,12.9524
8192,695,12.9620
8192,696,12.9707
8192,697,12.9796
8192,698,12.9893
8192,699,12.9990
8192,700,13.0084
8192,701,13.0181
8192,702,13.0283
8192,703,13.0370
8192,704,13.0459
8192,705,13.0551
8192,706,13.0643
8192,707,13.0733
8192,708,13.0825
8192,709,13.0913
8192,710,13.1011
8192,711,13.1101
8192,712,13.1190
8192,713,13.1286
8192,714,13.1383
8192,715,13.1473
8192,716,13.1564
8192,717,13.1655
8192,718,13.1748
8192,719,13.1842
8192,720,13.1936
8192,721,13.2029
8192,722,13.2115
8192,723,13.2207
8192,724,13.2297
8192,725,13.2389
8192,726,13.2482
8192,727,13.2571
8192,728,13.2662
8192,729,13.2757
8192,730,13.2848
8192,731,13.2936
8192,732,13.3026
8192,733,13.3118
8192,734,13.3219
8192,735,13.3307
8192,736,13.3396
8192,737,13.3495
8192,738,13.3593
8192,739,13.3679
8192,740,13.3775
8192,741,13.3863
8192,742,13.3950
8192,743,13.4039
8192,744,13.4132
8192,745,13.4224
8192,746,13.4313
8192,747,13.4403
8192,748,13.4497
8192,749,13.4585
8192,750,13.4671
8192,751,13.4758
8192,752,13.4848
8192,753,13.4944
8192,754,13.5029
8192,755,13.5116
8192,756,13.5209
8192,757,13.5295
8192,758,13.5385
8192,759,13.5471
8192,760,13.5558
8192,761,13.5648
8192,762,13.5727
8192,763,13.5813
8192,764,13.5904
8192,765,13.5992
8192,766,13.6088
8192,767,13.6177
8192,768,13.6266
8192,769,13.6354
8192,770,13.6441
8192,771,13.6534
8192,772,13.6626
8192,773,13.6706
8192,774,13.6792
8192,775,13.6883
8192,776,13.6973
8192,777,13.7064
8192,778,13.7156
8192,779,13.7247
8192,780,13.7340
8192,781,13.7423
8192,782,13.7504
8192,783,13.7594
8192,784,13.7684
8192,785,13.7779
8192,786,13.7870
8192,787,13.7960
8192,788,13.8050
8192,789,13.8142
8192,790,13.8233
8192,791,13.8320
8192,792,13.8404
8192,793,13.8493
8192,794,13.8585
8192,795,13.8677
8192,796,13.8765
8192,797,13.8850
8192,798,13.8940
8192,799,13.9023
8192,800,13.9113
8192,801,13.9197
8192,802,13.9290
8192,803,13.9372
8192,804,13.9458
8192,805,13.9542
8192,806,13.9629
8192,807,13.9719
8192,808,13.9801
8192,809,13.9893
8192,810,13.9982
8192,811,14.0066
8192,812,14.0154
8192,813,14.0239
8192,814,14.0325
8192,815,14.0410
8192,816,14.0495
8192,817,14.0585
8192,818,14.0673
8192,819,14.0756
8192,820,14.0849
8192,821,14.0933
8192,822,14.1022
8192,823,14.1100
8192,824,14.1188
8192,825,14.1269
8192,826,14.1359
8192,827,14.1445
8192,828,14.1530
8192,829,14.1615
8192,830,14.1703
8192,831,14.1784
8192,832,14.1874
8192,833,14.1961
8192,834,14.2042
8192,835,14.2127
8192,836,14.2214
8192,837,14.2302
8192,838,14.2390
8192,839,14.2472
8192,840,14.2561
8192,841,14.2647
8192,842,14.2733
8192,843,14.2821
8192,844,14.2900
8192,845,14.2982
8192,846,14.3068
8192,847,14.3155
8192,848,14.3236
8192,849,14.3320
8192,850,14.3401
8192,851,14.3484
8192,852,14.3570
8192,853,14.3652
8192,854,14.3737
8192,855,14.3821
8192,856,14.3905
8192,857,14.3991
8192,858,14.4077
8192,859,14.4159
8192,860,14.4245
8192,861,14.4333
8192,862,14.4414
8192,863,14.4501
8192,864,14.4582
8192,865,14.4671
8192,866,14.4750
8192,867,14.4836
8192,868,14.4922
8192,869,14.5000
8192,870,14.5083
8192,871,14.5165
8192,872,14.5249
8192,873,14.5333
8192,874,14.5414
8192,875,14.5498
8192,876,14.5587
8192,877,14.5675
8192,878,14.5754
8192,879,14.5839
8192,880,14.5924
8192,881,14.6011
8192,882,14.6092
8192,883,14.6182
8192,884,14.6263
8192,885,14.6343
8192,886,14.6423
8192,887,14.6504
8192,888,14.6586
8192,889,14.6668
8192,890,14.6753
8192,891,14.6835
8192,892,14.6925
8192,893,14.7005
8192,894,14.7090
8192,895,14.7171
8192,896,14.7253
8192,897,14.7335
8192,898,14.7415
8192,899,14.7502
8192,900,14.7586
8192,901,14.7673
8192,902,14.7759
8192,903,14.7843
8192,904,14.7924
8192,905,14.8003
8192,906,14.8088
8192,907,14.8171
8192,908,14.8257
8192,909,14.8339
8192,910,14.8424
8192,911,14.8502
8192,912,14.8589
8192,913,14.8668
8192,914,14.8748
8192,915,14.8830
8192,916,14.8914
8192,917,14.9000
8192,918,14.9079
8192,919,14.9159
8192,920,14.9241
8192,921,14.9315
8192,922,14.9398
8192,923,14.9483
8192,924,14.9570
8192,925,14.9653
8192,926,14.9741
8192,927,14.9821
8192,928,14.9904
8192,929,14.9983
8192,930,15.0060
8192,931,15.0140
8192,932,15.0223
8192,933,15.0301
8192,934,15.0379
8192,935,15.0466
8192,936,15.0543
8192,937,15.0629
8192,938,15.0711
8192,939,15.0795
8192,940,15.0874
8192,941,15.0955
8192,942,15.1032
8192,943,15.1112
8192,944,15.1200
8192,945,15.1279
8192,946,15.1358
8192,947,15.1442
8192,948,15.1524
8192,949,15.1598
8192,950,15.1675
8192,951,15.1758
8192,952,15.1841
8192,953,15.1919
8192,954,15.1998
8192,955,15.2072
8192,956,15.2145
8192,957,15.2222
8192,958,15.2306
8192,959,15.2389
8192,960,15.2470
8192,961,15.2549
8192,962,15.2624
8192,963,15.2704
8192,964,15.2784
8192,965,15.2868
8192,966,15.2952
8192,967,15.3040
8192,968,15.3119
8192,969,15.3198
8192,970,15.3279
8192,971,15.3357
8192,972,15.3438
8192,973,15.3514
8192,974,15.3592
8192,975,15.3669
8192,976,15.3756
8192,977,15.3834
8192,978,15.3911
8192,979,15.3991
8192,980,15.4075
8192,981,15.4154
8192,982,15.4232
8192,983,15.4310
8192,984,15.4387
8192,985,15.4462
8192,986,15.4542
8192,987,15.4623
8192,988,15.4708
8192,989,15.4792
8192,990,15.4872
8192,991,15.4955
8192,992,15.5033
8192,993,15.5111
8192,994,15.5187
8192,995,15.5266
8192,996,15.5342
8192,997,15.5421
8192,998,15.5495
8192,999,15.5566
8192,1000,15.5645
8192,1001,15.5718
8192,1002,15.5803
8192,1003,15.5883
8192,1004,15.5957
8192,1005,15.6038
8192,1006,15.6116
8192,1007,15.6195
8192,1008,15.6279
8192,1009,15.6362
8192,1010,15.6439
8192,1011,15.6515
8192,1012,15.6597
8192,1013,15.6673
8192,1014,15.6749
8192,1015,15.6824
8192,1016,15.6904
8192,1017,15.6985
8192,1018,15.7057
8192,1019,15.7135
8192,1020,15.7212
8192,1021,15.7290
8192,1022,15.7370
8192,1023,15.7449
8192,1024,15.7527
8192,1025,15.7605
8192,1026,15.7682
8192,1027,15.7760
8192,1028,15.7836
8192,1029,15.7914
8192,1030,15.7990
8192,1031,15.8070
8192,1032,15.8146
8192,1033,15.8228
8192,1034,15.8305
8192,1035,15.8381
8192,1036,15.8462
8192,1037,15.8542
8192,1038,15.8616
8192,1039,15.8692
8192,1040,15.8766
8192,1041,15.8843
8192,1042,15.8924
8192,1043,15.9001
8192,1044,15.9084
8192,1045,15.9163
8192,1046,15.9240
8192,1047,15.9312
8192,1048,15.9393
8192,1049,15.9470
8192,1050,15.9552
8192,1051,15.9627
8192,1052,15.9705
8192,1053,15.9783
8192,1054,15.9859
8192,1055,15.9936
8192,1056,16.0013
8192,1057,16.0090
8192,1058,16.0163
8192,1059,16.0240
8192,1060,16.0322
8192,1061,16.0398
8192,1062,16.0481
8192,1063,16.0557
8192,1064,16.0630
8192,1065,16.0705
8192,1066,16.0787
8192,1067,16.0866
8192,1068,16.0941
8192,1069,16.1018
8192,1070,16.1099
8192,1071,16.1177
8192,1072,16.1255
8192,1073,16.1337
8192,1074,16.1414
8192,1075,16.1498
8192,1076,16.1574
8192,1077,16.1652
8192,1078,16.1730
8192,1079,16.1806
8192,1080,16.1879
8192,1081,16.1958
8192,1082,16.2031
8192,1083,16.2109
8192,1084,16.2188
8192,1085,16.2264
8192,1086,16.2338
8192,1087,16.2411
8192,1088,16.2485
8192,1089,16.2558
8192,1090,16.2634
8192,1091,16.2708
8192,1092,16.2787
8192,1093,16.2865
8192,1094,16.2942
8192,1095,16.3016
8192,1096,16.3092
8192,1097,16.3165
8192,1098,16.3242
8192,1099,16.3318
8192,1100,16.3393
8192,1101,16.3472
8192,1102,16.3550
8192,1103,16.3624
8192,1104,16.3700
8192,1105,16.3776
8192,1106,16.3854
8192,1107,16.3924
8192,1108,16.4002
8192,1109,16.4081
8192,1110,16.4160
8192,1111,16.4242
8192,1112,16.4318
8192,1113,16.4397
8192,1114,16.4477
8192,1115,16.4553
8192,1116,16.4630
8192,1117,16.4711
8192,1118,16.4788
8192,1119,16.4868
8192,1120,16.4943
8192,1121,16.5017
8192,1122,16.5094
8192,1123,16.5171
8192,1124,16.5248
8192,1125,16.5323
8192,1126,16.5404
8192,1127,16.5482
8192,1128,16.5560
8192,1129,16.5638
8192,1130,16.5711
8192,1131,16.5783
8192,1132,16.5857
8192,1133,16.5933
8192,1134,16.6010
8192,1135,16.6084
8192,1136,16.6159
8192,1137,16.6237
8192,1138,16.6312
8192,1139,16.6385
8192,1140,16.6459
8192,1141,16.6536
8192,1142,16.6617
8192,1143,16.6693
8192,1144,16.6769
8192,1145,16.6847
8192,1146,16.6929
8192,1147,16.7001
8192,1148,16.7075
8192,1149,16.7148
8192,1150,16.7224
8192,1151,16.7294
8192,1152,16.7375
8192,1153,16.7455
8192,1154,16.7534
8192,1155,16.7610
8192,1156,16.7681
8192,1157,16.7758
8192,1158,16.7832
8192,1159,16.7906
8192,1160,16.7981
8192,1161,16.8055
8192,1162,16.8130
8192,1163,16.8204
8192,1164,16.8276
8192,1165,16.8350
8192,1166,16.8430
8192,1167,16.8502
8192,1168,16.8574
8192,1169,16.8648
8192,1170,16.8724
8192,1171,16.8798
8192,1172,16.8869
8192,1173,16.8949
8192,1174,16.9025
8192,1175,16.9100
8192,1176,16.9178
8192,1177,16.9255
8192,1178,16.9324
8192,1179,16.9402
8192,1180,16.9470
8192,1181,16.9547
8192,1182,16.9620
8192,1183,16.9690
8192,1184,16.9764
8192,1185,16.9839
8192,1186,16.9914
8192,1187,16.9987
8192,1188,17.0061
8192,1189,17.0136
8192,1190,17.0214
8192,1191,17.0291
8192,1192,17.0365
8192,1193,17.0439
8192,1194,17.0518
8192,1195,17.0593
8192,1196,17.0661
8192,1197,17.0734
8192,1198,17.0813
8192,1199,17.0892
8192,1200,17.0965
8192,1201,17.1041
8192,1202,17.1114
8192,1203,17.1189
8192,1204,17.1262
8192,1205,17.1333
8192,1206,17.1406
8192,1207,17.1484
8192,1208,17.1555
8192,1209,17.1628
8192,1210,17.1703
8192,1211,17.1781
8192,1212,17.1850
8192,1213,17.1923
8192,1214,17.1993
8192,1215,17.2069
8192,1216,17.2144
8192,1217,17.2215
8192,1218,17.2286
8192,1219,17.2357
8192,1220,17.2433
8192,1221,17.2507
8192,1222,17.2581
8192,1223,17.2655
8192,1224,17.2727
8192,1225,17.2800
8192,1226,17.2872
8192,1227,17.2942
8192,1228,17.3017
8192,1229,17.3088
8192,1230,17.3155
8192,1231,17.3225
8192,1232,17.3297
8192,1233,17.3376
8192,1234,17.3452
8192,1235,17.3521
8192,1236,17.3600
8192,1237,17.3673
8192,1238,17.3747
8192,1239,17.3820
8192,1240,17.3895
8192,1241,17.3966
8192,1242,17.4039
8192,1243,17.4117
8192,1244,17.4190
8192,1245,17.4264
8192,1246,17.4338
8192,1247,17.4411
8192,1248,17.4486
8192,1249,17.4554
8192,1250,17.4624
8192,1251,17.4698
8192,1252,17.4772
8192,1253,17.4842
8192,1254,17.4914
8192,1255,17.4984
8192,1256,17.5055
8192,1257,17.5127
8192,1258,17.5198
8192,1259,17.5272
8192,1260,17.5346
8192,1261,17.5423
8192,1262,17.5490
8192,1263,17.5560
8192,1264,17.5636
8192,1265,17.5706
8192,1266,17.5780
8192,1267,17.5852
8192,1268,17.5925
8192,1269,17.6005
8192,1270,17.6076
8192,1271,17.6146
8192,1272,17.6213
8192,1273,17.6283
8192,1274,17.6358
8192,1275,17.6435
8192,1276,17.6505
8192,1277,17.6581
8192,1278,17.6649
8192,1279,17.6726
8192,1280,17.6795
8192,1281,17.6867
8192,1282,17.6934
8192,1283,17.7005
8192,1284,17.7076
8192,1285,17.7146
8192,1286,17.7216
8192,1287,17.7290
8192,1288,17.7364
8192,1289,17.7439
8192,1290,17.7512
8192,1291,17.7584
8192,1292,17.7656
8192,1293,17.7724
8192,1294,17.7794
8192,1295,17.7867
8192,1296,17.7934
8192,1297,17.8003
8192,1298,17.8078
8192,1299,17.8149
8192,1300,17.8224
8192,1301,17.8298
8192,1302,17.8370
8192,1303,17.8443
8192,1304,17.8512
8192,1305,17.8584
8192,1306,17.8654
8192,1307,17.8731
8192,1308,17.8802
8192,1309,17.8874
8192,1310,17.8942
8192,1311,17.9009
8192,1312,17.9082
8192,1313,17.9150
8192,1314,17.9223
8192,1315,17.9293
8192,1316,17.9359
8192,1317,17.9431
8192,1318,17.9501
8192,1319,17.9574
8192,1320,17.9644
8192,1321,17.9713
8192,1322,17.9784
8192,1323,17.9856
8192,1324,17.9929
8192,1325,17.9995
8192,1326,18.0069
8192,1327,18.0139
8192,1328,18.0212
8192,1329,18.0280
8192,1330,18.0347
8192,1331,18.0418
8192,1332,18.0494
8192,1333,18.0565
8192,1334,18.0635
8192,1335,18.0706
8192,1336,18.0780
8192,1337,18.0851
8192,1338,18.0923
8192,1339,18.0995
8192,1340,18.1066
8192,1341,18.1136
8192,1342,18.1205
8192,1343,18.1279
8192,1344,18.1353
8192,1345,18.1422
8192,1346,18.1493
8192,1347,18.1560
8192,1348,18.1627
8192,1349,18.1694
8192,1350,18.1761
8192,1351,18.1831
8192,1352,18.1900
8192,1353,18.1968
8192,1354,18.2041
8192,1355,18.2108
8192,1356,18.2179
8192,1357,18.2253
8192,1358,18.2320
8192,1359,18.2389
8192,1360,18.2457
8192,1361,18.2526
8192,1362,18.2595
8192,1363,18.2671
8192,1364,18.2742
8192,1365,18.2812
8192,1366,18.2884
8192,1367,18.2948
8192,1368,18.3019
8192,1369,18.3094
8192,1370,18.3162
8192,1371,18.3233
8192,1372,18.3299
8192,1373,18.3367
8192,1374,18.3438
8192,1375,18.3511
8192,1376,18.3581
8192,1377,18.3652
8192,1378,18.3720
8192,1379,18.3791
8192,1380,18.3866
8192,1381,18.3935
8192,1382,18.4007
8192,1383,18.4079
8192,1384,18.4148
8192,1385,18.4222
8192,1386,18.4292
8192,1387,18.4360
8192,1388,18.4432
8192,1389,18.4503
8192,1390,18.4571
8192,1391,18.4642
8192,1392,18.4716
8192,1393,18.4785
8192,1394,18.4852
8192,1395,18.4919
8192,1396,18.4990
8192,1397,18.5057
8192,1398,18.5124
8192,1399,18.5193
8192,1400,18.5261
8192,1401,18.5333
8192,1402,18.5395
8192,1403,18.5466
8192,1404,18.5537
8192,1405,18.5602
8192,1406,18.5671
8192,1407,18.5742
8192,1408,18.5810
8192,1409,18.5878
8192,1410,18.5943
8192,1411,18.6010
8192,1412,18.6079
8192,1413,18.6149
8192,1414,18.6216
8192,1415,18.6284
8192,1416,18.6350
8192,1417,18.6413
8192,1418,18.6479
8192,1419,18.6553
8192,1420,18.6624
8192,1421,18.6694
8192,1422,18.6760
8192,1423,18.6830
8192,1424,18.6900
8192,1425,18.6973
8192,1426,18.7037
8192,1427,18.7106
8192,1428,18.7171
8192,1429,18.7236
8192,1430,18.7306
8192,1431,18.7374
8192,1432,18.7445
8192,1433,18.7516
8192,1434,18.7585
8192,1435,18.7653
8192,1436,18.7720
8192,1437,18.7788
8192,1438,18.7855
8192,1439,18.7923
8192,1440,18.7993
8192,1441,18.8060
8192,1442,18.8124
8192,1443,18.8193
8192,1444,18.8263
8192,1445,18.8327
8192,1446,18.8395
8192,1447,18.8463
8192,1448,18.8528
8192,1449,18.8600
8192,1450,18.8670
8192,1451,18.8740
8192,1452,18.8809
8192,1453,18.8874
8192,1454,18.8938
8192,1455,18.9002
8192,1456,18.9071
8192,1457,18.9137
8192,1458,18.9205
8192,1459,18.9269
8192,1460,18.9335
8192,1461,18.9399
8192,1462,18.9467
8192,1463,18.9535
8192,1464,18.9602
8192,1465,18.9667
8192,1466,18.9734
8192,1467,18.9797
8192,1468,18.9867
8192,1469,18.9935
8192,1470,19.0001
8192,1471,19.0071
8192,1472,19.0137
8192,1473,19.0203
8192,1474,19.0271
8192,1475,19.0342
8192,1476,19.0407
8192,1477,19.0473
8192,1478,19.0539
8192,1479,19.0609
8192,1480,19.0678
8192,1481,19.0746
8192,1482,19.0810
8192,1483,19.0875
8192,1484,19.0943
8192,1485,19.1013
8192,1486,19.1077
8192,1487,19.1148
8192,1488,19.1219
8192,1489,19.1285
8192,1490,19.1352
8192,1491,19.1418
8192,1492,19.1483
8192,1493,19.1549
8192,1494,19.1620
8192,1495,19.1685
8192,1496,19.1748
8192,1497,19.1813
8192,1498,19.1879
8192,1499,19.1947
8192,1500,19.2009
8192,1501,19.2076
8192,1502,19.2144
8192,1503,19.2207
8192,1504,19.2275
8192,1505,19.2339
8192,1506,19.2407
8192,1507,19.2471
8192,1508,19.2540
8192,1509,19.2612
8192,1510,19.2681
8192,1511,19.2747
8192,1512,19.2808
8192,1513,19.2871
8192,1514,19.2935
8192,1515,19.3002
8192,1516,19.3067
8192,1517,19.3129
8192,1518,19.3192
8192,1519,19.3256
8192,1520,19.3318
8192,1521,19.3386
8192,1522,19.3452
8192,1523,19.3517
8192,1524,19.3582
8192,1525,19.3645
8192,1526,19.3707
8192,1527,19.3771
8192,1528,19.3834
8192,1529,19.3898
8192,1530,19.3960
8192,1531,19.4027
8192,1532,19.4094
8192,1533,19.4158
8192,1534,19.4222
8192,1535,19.4285
8192,1536,19.4346
8192,1537,19.4409
8192,1538,19.4470
8192,1539,19.4537
8192,1540,19.4598
8192,1541,19.4660
8192,1542,19.4725
8192,1543,19.4787
8192,1544,19.4849
8192,1545,19.4916
8192,1546,19.4980
8192,1547,19.5045
8192,1548,19.5111
8192,1549,19.5175
8192,1550,19.5243
8192,1551,19.5309
8192,1552,19.5373
8192,1553,19.5441
8192,1554,19.5504
8192,1555,19.5572
8192,1556,19.5638
8192,1557,19.5700
8192,1558,19.5767
8192,1559,19.5828
8192,1560,19.5895
8192,1561,19.5964
8192,1562,19.6032
8192,1563,19.6096
8192,1564,19.6161
8192,1565,19.6229
8192,1566,19.6298
8192,1567,19.6365
8192,1568,19.6431
8192,1569,19.6495
8192,1570,19.6555
8192,1571,19.6620
8192,1572,19.6678
8192,1573,19.6744
8192,1574,19.6807
8192,1575,19.6870
8192,1576,19.6933
8192,1577,19.6998
8192,1578,19.7057
8192,1579,19.7122
8192,1580,19.7187
8192,1581,19.7255
8192,1582,19.7322
8192,1583,19.7381
8192,1584,19.7447
8192,1585,19.7507
8192,1586,19.7577
8192,1587,19.7641
8192,1588,19.7702
8192,1589,19.7771
8192,1590,19.7836
8192,1591,19.7901
8192,1592,19.7963
8192,1593,19.8029
8192,1594,19.8092
8192,1595,19.8156
8192,1596,19.8222
8192,1597,19.8290
8192,1598,19.8359
8192,1599,19.8424
8192,1600,19.8490
8192,1601,19.8556
8192,1602,19.8622
8192,1603,19.8688
8192,1604,19.8752
8192,1605,19.8817
8192,1606,19.8877
8192,1607,19.8947
8192,1608,19.9011
8192,1609,19.9073
8192,1610,19.9138
8192,1611,19.9206
8192,1612,19.9270
8192,1613,19.9334
8192,1614,19.9398
8192,1615,19.9463
8192,1616,19.9524
8192,1617,19.9589
8192,1618,19.9654
8192,1619,19.9718
8192,1620,19.9779
8192,1621,19.9847
8192,1622,19.9908
8192,1623,19.9970
8192,1624,20.0038
8192,1625,20.0106
8192,1626,20.0170
8192,1627,20.0236
8192,1628,20.0302
8192,1629,20.0372
8192,1630,20.0438
8192,1631,20.0499
8192,1632,20.0567
8192,1633,20.0633
8192,1634,20.0696
8192,1635,20.0759
8192,1636,20.0822
8192,1637,20.0888
8192,1638,20.0954
8192,1639,20.1018
8192,1640,20.1080
8192,1641,20.1139
8192,1642,20.1204
8192,1643,20.1268
8192,1644,20.1332
8192,1645,20.1393
8192,1646,20.1454
8192,1647,20.1516
8192,1648,20.1580
8192,1649,20.1644
8192,1650,20.1709
8192,1651,20.1766
8192,1652,20.1828
8192,1653,20.1888
8192,1654,20.1947
8192,1655,20.2011
8192,1656,20.2072
8192,1657,20.2135
8192,1658,20.2200
8192,1659,20.2263
8192,1660,20.2323
8192,1661,20.2384
8192,1662,20.2446
8192,1663,20.2510
8192,1664,20.2572
8192,1665,20.2631
8192,1666,20.2692
8192,1667,20.2756
8192,1668,20.2820
8192,1669,20.2879
8192,1670,20.2944
8192,1671,20.3011
8192,1672,20.3075
8192,1673,20.3138
8192,1674,20.3199
8192,1675,20.3261
8192,1676,20.3325
8192,1677,20.3390
8192,1678,20.3454
8192,1679,20.3518
8192,1680,20.3582
8192,1681,20.3647
8192,1682,20.3712
8192,1683,20.3774
8192,1684,20.3840
8192,1685,20.3900
8192,1686,20.3963
8192,1687,20.4024
8192,1688,20.4086
8192,1689,20.4149
8192,1690,20.4211
8192,1691,20.4276
8192,1692,20.4335
8192,1693,20.4397
8192,1694,20.4463
8192,1695,20.4524
8192,1696,20.4587
8192,1697,20.4648
8192,1698,20.4710
8192,1699,20.4771
8192,1700,20.4838
8192,1701,20.4903
8192,1702,20.4966
8192,1703,20.5029
8192,1704,20.5090
8192,1705,20.5152
8192,1706,20.5211
8192,1707,20.5275
8192,1708,20.5335
8192,1709,20.5395
8192,1710,20.5454
8192,1711,20.5520
8192,1712,20.5586
8192,1713,20.5645
8192,1714,20.5709
8192,1715,20.5772
8192,1716,20.5839
8192,1717,20.5903
8192,1718,20.5964
8192,1719,20.6026
8192,1720,20.6088
8192,1721,20.6150
8192,1722,20.6210
8192,1723,20.6273
8192,1724,20.6336
8192,1725,20.6400
8192,1726,20.6460
8192,1727,20.6521
8192,1728,20.6583
8192,1729,20.6643
8192,1730,20.6705
8192,1731,20.6769
8192,1732,20.6828
8192,1733,20.6894
8192,1734,20.6956
8192,1735,20.7018
8192,1736,20.7080
8192,1737,20.7138
8192,1738,20.7199
8192,1739,20.7266
8192,1740,20.7326
8192,1741,20.7389
8192,1742,20.7449
8192,1743,20.7511
8192,1744,20.7572
8192,1745,20.7639
8192,1746,20.7705
8192,1747,20.7771
8192,1748,20.7837
8192,1749,20.7897
8192,1750,20.7955
8192,1751,20.8015
8192,1752,20.8077
8192,1753,20.8141
8192,1754,20.8203
8192,1755,20.8263
8192,1756,20.8329
8192,1757,20.8393
8192,1758,20.8453
8192,1759,20.8519
8192,1760,20.8584
8192,1761,20.8645
8192,1762,20.8709
8192,1763,20.8775
8192,1764,20.8839
8192,1765,20.8903
8192,1766,20.8966
8192,1767,20.9031
8192,1768,20.9092
8192,1769,20.9157
8192,1770,20.9219
8192,1771,20.9282
8192,1772,20.9344
8192,1773,20.9404
8192,1774,20.9463
8192,1775,20.9530
8192,1776,20.9592
8192,1777,20.9657
8192,1778,20.9715
8192,1779,20.9778
8192,1780,20.9844
8192,1781,20.9908
8192,1782,20.9970
8192,1783,21.0036
8192,1784,21.0099
8192,1785,21.0161
8192,1786,21.0222
8192,1787,21.0280
8192,1788,21.0342
8192,1789,21.0403
8192,1790,21.0464
8192,1791,21.0523
8192,1792,21.0584
8192,1793,21.0648
8192,1794,21.0711
8192,1795,21.0770
8192,1796,21.0832
8192,1797,21.0898
8192,1798,21.0961
8192,1799,21.1022
8192,1800,21.1088
8192,1801,21.1149
8192,1802,21.1212
8192,1803,21.1272
8192,1804,21.1335
8192,1805,21.1396
8192,1806,21.1457
8192,1807,21.1524
8192,1808,21.1581
8192,1809,21.1642
8192,1810,21.1703
8192,1811,21.1764
8192,1812,21.1825
8192,1813,21.1889
8192,1814,21.1955
8192,1815,21.2012
8192,1816,21.2075
8192,1817,21.2138
8192,1818,21.2200
8192,1819,21.2263
8192,1820,21.2326
8192,1821,21.2386
8192,1822,21.2447
8192,1823,21.2509
8192,1824,21.2573
8192,1825,21.2640
8192,1826,21.2700
8192,1827,21.2758
8192,1828,21.2820
8192,1829,21.2884
8192,1830,21.2945
8192,1831,21.3005
8192,1832,21.3069
8192,1833,21.3132
8192,1834,21.3195
8192,1835,21.3253
8192,1836,21.3314
8192,1837,21.3373
8192,1838,21.3434
8192,1839,21.3497
8192,1840,21.3555
8192,1841,21.3619
8192,1842,21.3678
8192,1843,21.3740
8192,1844,21.3799
8192,1845,21.3858
8192,1846,21.3918
8192,1847,21.3976
8192,1848,21.4036
8192,1849,21.4096
8192,1850,21.4153
8192,1851,21.4216
8192,1852,21.4275
8192,1853,21.4334
8192,1854,21.4391
8192,1855,21.4451
8192,1856,21.4509
8192,1857,21.4576
8192,1858,21.4637
8192,1859,21.4700
8192,1860,21.4760
8192,1861,21.4820
8192,1862,21.4878
8192,1863,21.4937
8192,1864,21.4992
8192,1865,21.5054
8192,1866,21.5113
8192,1867,21.5177
8192,1868,21.5238
8192,1869,21.5298
8192,1870,21.5358
8192,1871,21.5419
8192,1872,21.5479
8192,1873,21.5540
8192,1874,21.5598
8192,1875,21.5655
8192,1876,21.5715
8192,1877,21.5779
8192,1878,21.5839
8192,1879,21.5897
8192,1880,21.5952
8192,1881,21.6011
8192,1882,21.6075
8192,1883,21.6139
8192,1884,21.6199
8192,1885,21.6262
8192,1886,21.6317
8192,1887,21.6377
8192,1888,21.6437
8192,1889,21.6495
8192,1890,21.6558
8192,1891,21.6618
8192,1892,21.6679
8192,1893,21.6740
8192,1894,21.6797
8192,1895,21.6855
8192,1896,21.6913
8192,1897,21.6971
8192,1898,21.7031
8192,1899,21.7089
8192,1900,21.7150
8192,1901,21.7207
8192,1902,21.7266
8192,1903,21.7323
8192,1904,21.7379
8192,1905,21.7438
8192,1906,21.7499
8192,1907,21.7561
8192,1908,21.7622
8192,1909,21.7684
8192,1910,21.7747
8192,1911,21.7806
8192,1912,21.7864
8192,1913,21.7924
8192,1914,21.7986
8192,1915,21.8047
8192,1916,21.8110
8192,1917,21.8172
8192,1918,21.8232
8192,1919,21.8297
8192,1920,21.8358
8192,1921,21.8419
8192,1922,21.8478
8192,1923,21.8532
8192,1924,21.8594
8192,1925,21.8652
8192,1926,21.8713
8192,1927,21.8770
8192,1928,21.8829
8192,1929,21.8888
8192,1930,21.8949
8192,1931,21.9011
8192,1932,21.9074
8192,1933,21.9133
8192,1934,21.9195
8192,1935,21.9256
8192,1936,21.9314
8192,1937,21.9370
8192,1938,21.9432
8192,1939,21.9492
8192,1940,21.9553
8192,1941,21.9613
8192,1942,21.9674
8192,1943,21.9732
8192,1944,21.9794
8192,1945,21.9855
8192,1946,21.9912
8192,1947,21.9972
8192,1948,22.0034
8192,1949,22.0093
8192,1950,22.0156
8192,1951,22.0217
8192,1952,22.0276
8192,1953,22.0332
8192,1954,22.0391
8192,1955,22.0452
8192,1956,22.0514
8192,1957,22.0569
8192,1958,22.0626
8192,1959,22.0687
8192,1960,22.0746
8192,1961,22.0809
8192,1962,22.0872
8192,1963,22.0926
8192,1964,22.0981
8192,1965,22.1036
8192,1966,22.1092
8192,1967,22.1154
8192,1968,22.1212
8192,1969,22.1273
8192,1970,22.1332
8192,1971,22.1388
8192,1972,22.1444
8192,1973,22.1503
8192,1974,22.1567
8192,1975,22.1627
8192,1976,22.1690
8192,1977,22.1749
8192,1978,22.1802
8192,1979,22.1859
8192,1980,22.1916
8192,1981,22.1974
8192,1982,22.2033
8192,1983,22.2092
8192,1984,22.2148
8192,1985,22.2206
8192,1986,22.2265
8192,1987,22.2323
8192,1988,22.2378
8192,1989,22.2436
8192,1990,22.2492
8192,1991,22.2543
8192,1992,22.2601
8192,1993,22.2660
8192,1994,22.2720
8192,1995,22.2777
8192,1996,22.2835
8192,1997,22.2890
8192,1998,22.2950
8192,1999,22.3007
8192,2000,22.3062
8192,2001,22.3121
8192,2002,22.3179
8192,2003,22.3235
8192,2004,22.3291
8192,2005,22.3348
8192,2006,22.3403
8192,2007,22.3462
8192,2008,22.3521
8192,2009,22.3581
8192,2010,22.3637
8192,2011,22.3690
8192,2012,22.3750
8192,2013,22.3808
8192,2014,22.3867
8192,2015,22.3925
8192,2016,22.3981
8192,2017,22.4042
8192,2018,22.4102
8192,2019,22.4161
8192,2020,22.4221
8192,2021,22.4279
8192,2022,22.4341
8192,2023,22.4398
8192,2024,22.4457
8192,2025,22.4515
8192,2026,22.4576
8192,2027,22.4632
8192,2028,22.4690
8192,2029,22.4745
8192,2030,22.4806
8192,2031,22.4861
8192,2032,22.4928
8192,2033,22.4987
8192,2034,22.5047
8192,2035,22.5107
8192,2036,22.5169
8192,2037,22.5232
8192,2038,22.5283
8192,2039,22.5341
8192,2040,22.5397
8192,2041,22.5456
8192,2042,22.5514
8192,2043,22.5570
8192,2044,22.5628
8192,2045,22.5684
8192,2046,22.5745
8192,2047,22.5802
8192,2048,22.5861
8192,2049,22.5917
8192,2050,22.5975
8192,2051,22.6031
8192,2052,22.6089
8192,2053,22.6148
8192,2054,22.6208
8192,2055,22.6265
8192,2056,22.6326
8192,2057,22.6385
8192,2058,22.6443
8192,2059,22.6498
8192,2060,22.6552
8192,2061,22.6612
8192,2062,22.6669
8192,2063,22.6725
8192,2064,22.6784
8192,2065,22.6841
8192,2066,22.6900
8192,2067,22.6956
8192,2068,22.7010
8192,2069,22.7068
8192,2070,22.7125
8192,2071,22.7185
8192,2072,22.7246
8192,2073,22.7305
8192,2074,22.7364
8192,2075,22.7426
8192,2076,22.7485
8192,2077,22.7541
8192,2078,22.7599
8192,2079,22.7654
8192,2080,22.7709
8192,2081,22.7766
8192,2082,22.7824
8192,2083,22.7880
8192,2084,22.7936
8192,2085,22.7992
8192,2086,22.8046
8192,2087,22.8104
8192,2088,22.8160
8192,2089,22.8217
8192,2090,22.8273
8192,2091,22.8333
8192,2092,22.8392
8192,2093,22.8449
8192,2094,22.8503
8192,2095,22.8560
8192,2096,22.8615
8192,2097,22.8672
8192,2098,22.8729
8192,2099,22.8783
8192,2100,22.8845
8192,2101,22.8903
8192,2102,22.8957
8192,2103,22.9007
8192,2104,22.9065
8192,2105,22.9119
8192,2106,22.9172
8192,2107,22.9230
8192,2108,22.9286
8192,2109,22.9343
8192,2110,22.9399
8192,2111,22.9457
8192,2112,22.9515
8192,2113,22.9572
8192,2114,22.9629
8192,2115,22.9686
8192,2116,22.9742
8192,2117,22.9801
8192,2118,22.9856
8192,2119,22.9914
8192,2120,22.9970
8192,2121,23.0025
8192,2122,23.0084
8192,2123,23.0144
8192,2124,23.0196
8192,2125,23.0251
8192,2126,23.0312
8192,2127,23.0371
8192,2128,23.0428
8192,2129,23.0486
8192,2130,23.0543
8192,2131,23.0603
8192,2132,23.0659
8192,2133,23.0717
8192,2134,23.0773
8192,2135,23.0830
8192,2136,23.0887
8192,2137,23.0944
8192,2138,23.0999
8192,2139,23.1055
8192,2140,23.1108
8192,2141,23.1163
8192,2142,23.1221
8192,2143,23.1278
8192,2144,23.1333
8192,2145,23.1390
8192,2146,23.1445
8192,2147,23.1502
8192,2148,23.1557
8192,2149,23.1609
8192,2150,23.1664
8192,2151,23.1720
8192,2152,23.1776
8192,2153,23.1828
8192,2154,23.1883
8192,2155,23.1938
8192,2156,23.1996
8192,2157,23.2052
8192,2158,23.2107
8192,2159,23.2163
8192,2160,23.2220
8192,2161,23.2278
8192,2162,23.2334
8192,2163,23.2391
8192,2164,23.2447
8192,2165,23.2506
8192,2166,23.2564
8192,2167,23.2615
8192,2168,23.2673
8192,2169,23.2726
8192,2170,23.2782
8192,2171,23.2837
8192,2172,23.2891
8192,2173,23.2945
8192,2174,23.3003
8192,2175,23.3058
8192,2176,23.3112
8192,2177,23.3168
8192,2178,23.3221
8192,2179,23.3277
8192,2180,23.3332
8192,2181,23.3387
8192,2182,23.3441
8192,2183,23.3497
8192,2184,23.3552
8192,2185,23.3604
8192,2186,23.3661
8192,2187,23.3716
8192,2188,23.3773
8192,2189,23.3831
8192,2190,23.3885
8192,2191,23.3942
8192,2192,23.3997
8192,2193,23.4054
8192,2194,23.4112
8192,2195,23.4167
8192,2196,23.4221
8192,2197,23.4277
8192,2198,23.4333
8192,2199,23.4388
8192,2200,23.4445
8192,2201,23.4497
8192,2202,23.4554
8192,2203,23.4606
8192,2204,23.4661
8192,2205,23.4717
8192,2206,23.4772
8192,2207,23.4826
8192,2208,23.4881
8192,2209,23.4934
8192,2210,23.4988
8192,2211,23.5048
8192,2212,23.5104
8192,2213,23.5157
8192,2214,23.5212
8192,2215,23.5265
8192,2216,23.5320
8192,2217,23.5382
8192,2218,23.5439
8192,2219,23.5496
8192,2220,23.5554
8192,2221,23.5607
8192,2222,23.5664
8192,2223,23.5718
8192,2224,23.5772
8192,2225,23.5828
8192,2226,23.5883
8192,2227,23.5937
8192,2228,23.5991
8192,2229,23.6047
8192,2230,23.6103
8192,2231,23.6156
8192,2232,23.6212
8192,2233,23.6268
8192,2234,23.6321
8192,2235,23.6375
8192,2236,23.6432
8192,2237,23.6487
8192,2238,23.6543
8192,2239,23.6598
8192,2240,23.6653
8192,2241,23.6708
8192,2242,23.6760
8192,2243,23.6814
8192,2244,23.6871
8192,2245,23.6925
8192,2246,23.6982
8192,2247,23.7039
8192,2248,23.7091
8192,2249,23.7146
8192,2250,23.7201
8192,2251,23.7256
8192,2252,23.7306
8192,2253,23.7355
8192,2254,23.7410
8192,2255,23.7468
8192,2256,23.7525
8192,2257,23.7579
8192,2258,23.7629
8192,2259,23.7687
8192,2260,23.7741
8192,2261,23.7791
8192,2262,23.7847
8192,2263,23.7900
8192,2264,23.7954
8192,2265,23.8005
8192,2266,23.8058
8192,2267,23.8114
8192,2268,23.8173
8192,2269,23.8226
8192,2270,23.8280
8192,2271,23.8334
8192,2272,23.8394
8192,2273,23.8445
8192,2274,23.8499
8192,2275,23.8554
8192,2276,23.8610
8192,2277,23.8665
8192,2278,23.8722
8192,2279,23.8777
8192,2280,23.8831
8192,2281,23.8886
8192,2282,23.8937
8192,2283,23.8989
8192,2284,23.9048
8192,2285,23.9103
8192,2286,23.9159
8192,2287,23.9213
8192,2288,23.9261
8192,2289,23.9318
8192,2290,23.9374
8192,2291,23.9427
8192,2292,23.9481
8192,2293,23.9536
8192,2294,23.9585
8192,2295,23.9639
8192,2296,23.9695
8192,2297,23.9748
8192,2298,23.9800
8192,2299,23.9853
8192,2300,23.9908
8192,2301,23.9965
8192,2302,24.0019
8192,2303,24.0073
8192,2304,24.0126
8192,2305,24.0177
8192,2306,24.0233
8192,2307,24.0285
8192,2308,24.0338
8192,2309,24.0391
8192,2310,24.0446
8192,2311,24.0499
8192,2312,24.0552
8192,2313,24.0606
8192,2314,24.0659
8192,2315,24.0712
8192,2316,24.0763
8192,2317,24.0815
8192,2318,24.0870
8192,2319,24.0921
8192,2320,24.0971
8192,2321,24.1024
8192,2322,24.1076
8192,2323,24.1132
8192,2324,24.1188
8192,2325,24.1237
8192,2326,24.1295
8192,2327,24.1347
8192,2328,24.1400
8192,2329,24.1451
8192,2330,24.1501
8192,2331,24.1553
8192,2332,24.1607
8192,2333,24.1659
8192,2334,24.1712
8192,2335,24.1766
8192,2336,24.1824
8192,2337,24.1875
8192,2338,24.1928
8192,2339,24.1979
8192,2340,24.2031
8192,2341,24.2084
8192,2342,24.2137
8192,2343,24.2192
8192,2344,24.2247
8192,2345,24.2301
8192,2346,24.2360
8192,2347,24.2416
8192,2348,24.2469
8192,2349,24.2521
8192,2350,24.2576
8192,2351,24.2629
8192,2352,24.2684
8192,2353,24.2737
8192,2354,24.2792
8192,2355,24.2844
8192,2356,24.2895
8192,2357,24.2949
8192,2358,24.3004
8192,2359,24.3059
8192,2360,24.3112
8192,2361,24.3165
8192,2362,24.3220
8192,2363,24.3271
8192,2364,24.3322
8192,2365,24.3374
8192,2366,24.3429
8192,2367,24.3483
8192,2368,24.3539
8192,2369,24.3591
8192,2370,24.3647
8192,2371,24.3701
8192,2372,24.3749
8192,2373,24.3805
8192,2374,24.3857
8192,2375,24.3910
8192,2376,24.3963
8192,2377,24.4017
8192,2378,24.4075
8192,2379,24.4131
8192,2380,24.4181
8192,2381,24.4233
8192,2382,24.4287
8192,2383,24.4342
8192,2384,24.4394
8192,2385,24.4445
8192,2386,24.4496
8192,2387,24.4548
8192,2388,24.4602
8192,2389,24.4654
8192,2390,24.4705
8192,2391,24.4755
8192,2392,24.4807
8192,2393,24.4862
8192,2394,24.4915
8192,2395,24.4971
8192,2396,24.5021
8192,2397,24.5074
8192,2398,24.5129
8192,2399,24.5182
8192,2400,24.5237
8192,2401,24.5289
8192,2402,24.5343
8192,2403,24.5397
8192,2404,24.5449
8192,2405,24.5503
8192,2406,24.5558
8192,2407,24.5615
8192,2408,24.5667
8192,2409,24.5717
8192,2410,24.5770
8192,2411,24.5821
8192,2412,24.5873
8192,2413,24.5927
8192,2414,24.5981
8192,2415,24.6035
8192,2416,24.6089
8192,2417,24.6142
8192,2418,24.6191
8192,2419,24.6242
8192,2420,24.6297
8192,2421,24.6349
8192,2422,24.6400
8192,2423,24.6453
8192,2424,24.6507
8192,2425,24.6561
8192,2426,24.6618
8192,2427,24.6669
8192,2428,24.6719
8192,2429,24.6770
8192,2430,24.6823
8192,2431,24.6874
8192,2432,24.6926
8192,2433,24.6980
8192,2434,24.7029
8192,2435,24.7084
8192,2436,24.7139
8192,2437,24.7191
8192,2438,24.7243
8192,2439,24.7297
8192,2440,24.7349
8192,2441,24.7402
8192,2442,24.7454
8192,2443,24.7505
8192,2444,24.7557
8192,2445,24.7606
8192,2446,24.7660
8192,2447,24.7713
8192,2448,24.7769
8192,2449,24.7820
8192,2450,24.7873
8192,2451,24.7924
8192,2452,24.7977
8192,2453,24.8028
8192,2454,24.8076
8192,2455,24.8130
8192,2456,24.8182
8192,2457,24.8234
8192,2458,24.8285
8192,2459,24.8338
8192,2460,24.8392
8192,2461,24.8444
8192,2462,24.8497
8192,2463,24.8547
8192,2464,24.8605
8192,2465,24.8658
8192,2466,24.8714
8192,2467,24.8767
8192,2468,24.8816
8192,2469,24.8871
8192,2470,24.8924
8192,2471,24.8976
8192,2472,24.9024
8192,2473,24.9075
8192,2474,24.9126
8192,2475,24.9180
8192,2476,24.9234
8192,2477,24.9284
8192,2478,24.9334
8192,2479,24.9383
8192,2480,24.9437
8192,2481,24.9492
8192,2482,24.9542
8192,2483,24.9596
8192,2484,24.9647
8192,2485,24.9702
8192,2486,24.9757
8192,2487,24.9812
8192,2488,24.9866
8192,2489,24.9919
8192,2490,24.9971
8192,2491,25.0026
8192,2492,25.0076
8192,2493,25.0129
8192,2494,25.0181
8192,2495,25.0232
8192,2496,25.0282
8192,2497,25.0335
8192,2498,25.0385
8192,2499,25.0438
8192,2500,25.0489
8192,2501,25.0541
8192,2502,25.0589
8192,2503,25.0642
8192,2504,25.0695
8192,2505,25.0745
8192,2506,25.0797
8192,2507,25.0847
8192,2508,25.0896
8192,2509,25.0950
8192,2510,25.0997
8192,2511,25.1049
8192,2512,25.1102
8192,2513,25.1155
8192,2514,25.1207
8192,2515,25.1261
8192,2516,25.1314
8192,2517,25.1364
8192,2518,25.1418
8192,2519,25.1470
8192,2520,25.1521
8192,2521,25.1570
8192,2522,25.1621
8192,2523,25.1674
8192,2524,25.1727
8192,2525,25.1779
8192,2526,25.1829
8192,2527,25.1878
8192,2528,25.1930
8192,2529,25.1980
8192,2530,25.2033
8192,2531,25.2085
8192,2532,25.2138
8192,2533,25.2187
8192,2534,25.2236
8192,2535,25.2287
8192,2536,25.2339
8192,2537,25.2390
8192,2538,25.2439
8192,2539,25.2490
8192,2540,25.2542
8192,2541,25.2590
8192,2542,25.2641
8192,2543,25.2693
8192,2544,25.2745
8192,2545,25.2794
8192,2546,25.2846
8192,2547,25.2899
8192,2548,25.2947
8192,2549,25.2997
8192,2550,25.3047
8192,2551,25.3097
8192,2552,25.3150
8192,2553,25.3206
8192,2554,25.3258
8192,2555,25.3307
8192,2556,25.3354
8192,2557,25.3403
8192,2558,25.3455
8192,2559,25.3508
8192,2560,25.3558
8192,2561,25.3608
8192,2562,25.3661
8192,2563,25.3712
8192,2564,25.3763
8192,2565,25.3813
8192,2566,25.3867
8192,2567,25.3917
8192,2568,25.3964
8192,2569,25.4013
8192,2570,25.4063
8192,2571,25.4115
8192,2572,25.4167
8192,2573,25.4219
8192,2574,25.4269
8192,2575,25.4319
8192,2576,25.4369
8192,2577,25.4421
8192,2578,25.4472
8192,2579,25.4522
8192,2580,25.4574
8192,2581,25.4625
8192,2582,25.4674
8192,2583,25.4725
8192,2584,25.4778
8192,2585,25.4826
8192,2586,25.4878
8192,2587,25.4926
8192,2588,25.4977
8192,2589,25.5032
8192,2590,25.5081
8192,2591,25.5134
8192,2592,25.5186
8192,2593,25.5238
8192,2594,25.5289
8192,2595,25.5342
8192,2596,25.5395
8192,2597,25.5450
8192,2598,25.5504
8192,2599,25.5552
8192,2600,25.5604
8192,2601,25.5655
8192,2602,25.5707
8192,2603,25.5758
8192,2604,25.5810
8192,2605,25.5860
8192,2606,25.5911
8192,2607,25.5958
8192,2608,25.6013
8192,2609,25.6065
8192,2610,25.6117
8192,2611,25.6168
8192,2612,25.6223
8192,2613,25.6276
8192,2614,25.6328
8192,2615,25.6377
8192,2616,25.6426
8192,2617,25.6474
8192,2618,25.6522
8192,2619,25.6574
8192,2620,25.6628
8192,2621,25.6682
8192,2622,25.6735
8192,2623,25.6786
8192,2624,25.6840
8192,2625,25.6892
8192,2626,25.6944
8192,2627,25.6996
8192,2628,25.7051
8192,2629,25.7103
8192,2630,25.7157
8192,2631,25.7206
8192,2632,25.7256
8192,2633,25.7310
8192,2634,25.7361
8192,2635,25.7409
8192,2636,25.7460
8192,2637,25.7508
8192,2638,25.7558
8192,2639,25.7607
8192,2640,25.7657
8192,2641,25.7707
8192,2642,25.7762
8192,2643,25.7810
8192,2644,25.7863
8192,2645,25.7916
8192,2646,25.7964
8192,2647,25.8012
8192,2648,25.8062
8192,2649,25.8113
8192,2650,25.8165
8192,2651,25.8220
8192,2652,25.8272
8192,2653,25.8323
8192,2654,25.8378
8192,2655,25.8423
8192,2656,25.8472
8192,2657,25.8523
8192,2658,25.8569
8192,2659,25.8620
8192,2660,25.8670
8192,2661,25.8720
8192,2662,25.8772
8192,2663,25.8821
8192,2664,25.8869
8192,2665,25.8918
8192,2666,25.8967
8192,2667,25.9016
8192,2668,25.9066
8192,2669,25.9117
8192,2670,25.9169
8192,2671,25.9215
8192,2672,25.9268
8192,2673,25.9317
8192,2674,25.9369
8192,2675,25.9420
8192,2676,25.9467
8192,2677,25.9515
8192,2678,25.9567
8192,2679,25.9619
8192,2680,25.9666
8192,2681,25.9717
8192,2682,25.9771
8192,2683,25.9822
8192,2684,25.9874
8192,2685,25.9925
8192,2686,25.9974
8192,2687,26.0023
8192,2688,26.0075
8192,2689,26.0126
8192,2690,26.0174
8192,2691,26.0225
8192,2692,26.0274
8192,2693,26.0324
8192,2694,26.0374
8192,2695,26.0426
8192,2696,26.0478
8192,2697,26.0529
8192,2698,26.0577
8192,2699,26.0628
8192,2700,26.0677
8192,2701,26.0725
8192,2702,26.0775
8192,2703,26.0825
8192,2704,26.0876
8192,2705,26.0926
8192,2706,26.0976
8192,2707,26.1028
8192,2708,26.1079
8192,2709,26.1128
8192,2710,26.1180
8192,2711,26.1232
8192,2712,26.1282
8192,2713,26.1331
8192,2714,26.1380
8192,2715,26.1431
8192,2716,26.1479
8192,2717,26.1529
8192,2718,26.1579
8192,2719,26.1630
8192,2720,26.1679
8192,2721,26.1729
8192,2722,26.1781
8192,2723,26.1833
8192,2724,26.1885
8192,2725,26.1937
8192,2726,26.1986
8192,2727,26.2038
8192,2728,26.2089
8192,2729,26.2142
8192,2730,26.2193
8192,2731,26.2241
8192,2732,26.2294
8192,2733,26.2346
8192,2734,26.2398
8192,2735,26.2445
8192,2736,26.2497
8192,2737,26.2551
8192,2738,26.2599
8192,2739,26.2649
8192,2740,26.2698
8192,2741,26.2749
8192,2742,26.2800
8192,2743,26.2849
8192,2744,26.2901
8192,2745,26.2949
8192,2746,26.3000
8192,2747,26.3050
8192,2748,26.3099
8192,2749,26.3147
8192,2750,26.3194
8192,2751,26.3242
8192,2752,26.3292
8192,2753,26.3344
8192,2754,26.3396
8192,2755,26.3449
8192,2756,26.3498
8192,2757,26.3548
8192,2758,26.3596
8192,2759,26.3642
8192,2760,26.3694
8192,2761,26.3744
8192,2762,26.3792
8192,2763,26.3842
8192,2764,26.3891
8192,2765,26.3941
8192,2766,26.3990
8192,2767,26.4037
8192,2768,26.4088
8192,2769,26.4138
8192,2770,26.4189
8192,2771,26.4238
8192,2772,26.4286
8192,2773,26.4334
8192,2774,26.4383
8192,2775,26.4434
8192,2776,26.4486
8192,2777,26.4534
8192,2778,26.4587
8192,2779,26.4641
8192,2780,26.4693
8192,2781,26.4743
8192,2782,26.4791
8192,2783,26.4842
8192,2784,26.4892
8192,2785,26.4941
8192,2786,26.4990
8192,2787,26.5037
8192,2788,26.5085
8192,2789,26.5136
8192,2790,26.5186
8192,2791,26.5238
8192,2792,26.5290
8192,2793,26.5336
8192,2794,26.5387
8192,2795,26.5437
8192,2796,26.5486
8192,2797,26.5533
8192,2798,26.5582
8192,2799,26.5629
8192,2800,26.5679
8192,2801,26.5729
8192,2802,26.5780
8192,2803,26.5828
8192,2804,26.5876
8192,2805,26.5931
8192,2806,26.5980
8192,2807,26.6031
8192,2808,26.6080
8192,2809,26.6129
8192,2810,26.6182
8192,2811,26.6232
8192,2812,26.6283
8192,2813,26.6329
8192,2814,26.6377
8192,2815,26.6424
8192,2816,26.6473
8192,2817,26.6522
8192,2818,26.6571
8192,2819,26.6620
8192,2820,26.6667
8192,2821,26.6713
8192,2822,26.6763
8192,2823,26.6813
8192,2824,26.6861
8192,2825,26.6909
8192,2826,26.6958
8192,2827,26.7006
8192,2828,26.7059
8192,2829,26.7108
8192,2830,26.7158
8192,2831,26.7209
8192,2832,26.7260
8192,2833,26.7307
8192,2834,26.7357
8192,2835,26.7402
8192,2836,26.7452
8192,2837,26.7500
8192,2838,26.7550
8192,2839,26.7600
8192,2840,26.7648
8192,2841,26.7695
8192,2842,26.7743
8192,2843,26.7791
8192,2844,26.7840
8192,2845,26.7887
8192,2846,26.7935
8192,2847,26.7982
8192,2848,26.8029
8192,2849,26.8076
8192,2850,26.8126
8192,2851,26.8176
8192,2852,26.8228
8192,2853,26.8274
8192,2854,26.8325
8192,2855,26.8377
8192,2856,26.8420
8192,2857,26.8465
8192,2858,26.8513
8192,2859,26.8566
8192,2860,26.8616
8192,2861,26.8665
8192,2862,26.8715
8192,2863,26.8764
8192,2864,26.8813
8192,2865,26.8862
8192,2866,26.8915
8192,2867,26.8965
8192,2868,26.9015
8192,2869,26.9066
8192,2870,26.9118
8192,2871,26.9164
8192,2872,26.9211
8192,2873,26.9258
8192,2874,26.9307
8192,2875,26.9355
8192,2876,26.9406
8192,2877,26.9456
8192,2878,26.9507
8192,2879,26.9554
8192,2880,26.9605
8192,2881,26.9655
8192,2882,26.9705
8192,2883,26.9753
8192,2884,26.9801
8192,2885,26.9850
8192,2886,26.9903
8192,2887,26.9954
8192,2888,27.0003
8192,2889,27.0052
8192,2890,27.0102
8192,2891,27.0152
8192,2892,27.0199
8192,2893,27.0249
8192,2894,27.0300
8192,2895,27.0349
8192,2896,27.0396
8192,2897,27.0440
8192,2898,27.0487
8192,2899,27.0537
8192,2900,27.0583
8192,2901,27.0633
8192,2902,27.0682
8192,2903,27.0729
8192,2904,27.0776
8192,2905,27.0822
8192,2906,27.0870
8192,2907,27.0919
8192,2908,27.0968
8192,2909,27.1020
8192,2910,27.1070
8192,2911,27.1117
8192,2912,27.1166
8192,2913,27.1214
8192,2914,27.1262
8192,2915,27.1312
8192,2916,27.1358
8192,2917,27.1407
8192,2918,27.1455
8192,2919,27.1504
8192,2920,27.1553
8192,2921,27.1603
8192,2922,27.1652
8192,2923,27.1698
8192,2924,27.1748
8192,2925,27.1796
8192,2926,27.1848
8192,2927,27.1895
8192,2928,27.1944
8192,2929,27.1997
8192,2930,27.2047
8192,2931,27.2098
8192,2932,27.2146
8192,2933,27.2195
8192,2934,27.2241
8192,2935,27.2293
8192,2936,27.2340
8192,2937,27.2390
8192,2938,27.2438
8192,2939,27.2483
8192,2940,27.2533
8192,2941,27.2583
8192,2942,27.2633
8192,2943,27.2684
8192,2944,27.2736
8192,2945,27.2788
8192,2946,27.2841
8192,2947,27.2892
8192,2948,27.2939
8192,2949,27.2990
8192,2950,27.3038
8192,2951,27.3088
8192,2952,27.3137
8192,2953,27.3188
8192,2954,27.3237
8192,2955,27.3285
8192,2956,27.3337
8192,2957,27.3386
8192,2958,27.3433
8192,2959,27.3484
8192,2960,27.3534
8192,2961,27.3580
8192,2962,27.3628
8192,2963,27.3679
8192,2964,27.3731
8192,2965,27.3782
8192,2966,27.3833
8192,2967,27.3879
8192,2968,27.3933
8192,2969,27.3983
8192,2970,27.4031
8192,2971,27.4078
8192,2972,27.4127
8192,2973,27.4176
8192,2974,27.4225
8192,2975,27.4274
8192,2976,27.4325
8192,2977,27.4375
8192,2978,27.4424
8192,2979,27.4474
8192,2980,27.4521
8192,2981,27.4568
8192,2982,27.4620
8192,2983,27.4670
8192,2984,27.4717
8192,2985,27.4767
8192,2986,27.4818
8192,2987,27.4867
8192,2988,27.4915
8192,2989,27.4963
8192,2990,27.5015
8192,2991,27.5061
8192,2992,27.5109
8192,2993,27.5161
8192,2994,27.5210
8192,2995,27.5262
8192,2996,27.5310
8192,2997,27.5357
8192,2998,27.5406
8192,2999,27.5454
8192,3000,27.5502
8192,3001,27.5550
8192,3002,27.5600
8192,3003,27.5650
8192,3004,27.5703
8192,3005,27.5751
8192,3006,27.5800
8192,3007,27.5848
8192,3008,27.5895
8192,3009,27.5943
8192,3010,27.5995
8192,3011,27.6045
8192,3012,27.6089
8192,3013,27.6139
8192,3014,27.6187
8192,3015,27.6236
8192,3016,27.6283
8192,3017,27.6331
8192,3018,27.6382
8192,3019,27.6432
8192,3020,27.6480
8192,3021,27.6529
8192,3022,27.6576
8192,3023,27.6622
8192,3024,27.6671
8192,3025,27.6721
8192,3026,27.6771
8192,3027,27.6819
8192,3028,27.6869
8192,3029,27.6918
8192,3030,27.6968
8192,3031,27.7016
8192,3032,27.7066
8192,3033,27.7115
8192,3034,27.7164
8192,3035,27.7210
8192,3036,27.7260
8192,3037,27.7311
8192,3038,27.7356
8192,3039,27.7403
8192,3040,27.7449
8192,3041,27.7497
8192,3042,27.7543
8192,3043,27.7591
8192,3044,27.7642
8192,3045,27.7692
8192,3046,27.7739
8192,3047,27.7787
8192,3048,27.7838
8192,3049,27.7883
8192,3050,27.7931
8192,3051,27.7980
8192,3052,27.8026
8192,3053,27.8076
8192,3054,27.8126
8192,3055,27.8176
8192,3056,27.8224
8192,3057,27.8278
8192,3058,27.8327
8192,3059,27.8375
8192,3060,27.8423
8192,3061,27.8473
8192,3062,27.8520
8192,3063,27.8569
8192,3064,27.8617
8192,3065,27.8665
8192,3066,27.8717
8192,3067,27.8765
8192,3068,27.8816
8192,3069,27.8866
8192,3070,27.8912
8192,3071,27.8959
8192,3072,27.9006
8192,3073,27.9056
8192,3074,27.9103
8192,3075,27.9150
8192,3076,27.9201
8192,3077,27.9248
8192,3078,27.9296
8192,3079,27.9343
8192,3080,27.9392
8192,3081,27.9440
8192,3082,27.9489
8192,3083,27.9539
8192,3084,27.9591
8192,3085,27.9642
8192,3086,27.9688
8192,3087,27.9737
8192,3088,27.9784
8192,3089,27.9831
8192,3090,27.9882
8192,3091,27.9933
8192,3092,27.9984
8192,3093,28.0033
8192,3094,28.0079
8192,3095,28.0128
8192,3096,28.0176
8192,3097,28.0224
8192,3098,28.0272
8192,3099,28.0317
8192,3100,28.0370
8192,3101,28.0420
8192,3102,28.0466
8192,3103,28.0515
8192,3104,28.0563
8192,3105,28.0610
8192,3106,28.0660
8192,3107,28.0707
8192,3108,28.0755
8192,3109,28.0804
8192,3110,28.0854
8192,3111,28.0903
8192,3112,28.0950
8192,3113,28.0998
8192,3114,28.1045
8192,3115,28.1095
8192,3116,28.1143
8192,3117,28.1190
8192,3118,28.1235
8192,3119,28.1284
8192,3120,28.1333
8192,3121,28.1381
8192,3122,28.1431
8192,3123,28.1480
8192,3124,28.1527
8192,3125,28.1574
8192,3126,28.1620
8192,3127,28.1669
8192,3128,28.1719
8192,3129,28.1767
8192,3130,28.1816
8192,3131,28.1864
8192,3132,28.1914
8192,3133,28.1963
8192,3134,28.2012
8192,3135,28.2063
8192,3136,28.2110
8192,3137,28.2158
8192,3138,28.2207
8192,3139,28.2256
8192,3140,28.2306
8192,3141,28.2354
8192,3142,28.2405
8192,3143,28.2454
8192,3144,28.2503
8192,3145,28.2550
8192,3146,28.2597
8192,3147,28.2644
8192,3148,28.2693
8192,3149,28.2741
8192,3150,28.2790
8192,3151,28.2837
8192,3152,28.2889
8192,3153,28.2939
8192,3154,28.2988
8192,3155,28.3036
8192,3156,28.3084
8192,3157,28.3131
8192,3158,28.3180
8192,3159,28.3229
8192,3160,28.3276
8192,3161,28.3324
8192,3162,28.3374
8192,3163,28.3424
8192,3164,28.3473
8192,3165,28.3521
8192,3166,28.3568
8192,3167,28.3619
8192,3168,28.3665
8192,3169,28.3712
8192,3170,28.3762
8192,3171,28.3812
8192,3172,28.3859
8192,3173,28.3905
8192,3174,28.3955
8192,3175,28.4001
8192,3176,28.4049
8192,3177,28.4096
8192,3178,28.4144
8192,3179,28.4190
8192,3180,28.4240
8192,3181,28.4287
8192,3182,28.4334
8192,3183,28.4381
8192,3184,28.4428
8192,3185,28.4477
8192,3186,28.4524
8192,3187,28.4575
8192,3188,28.4622
8192,3189,28.4668
8192,3190,28.4718
8192,3191,28.4765
8192,3192,28.4809
8192,3193,28.4853
8192,3194,28.4903
8192,3195,28.4946
8192,3196,28.4992
8192,3197,28.5039
8192,3198,28.5085
8192,3199,28.5133
8192,3200,28.5183
8192,3201,28.5231
8192,3202,28.5279
8192,3203,28.5328
8192,3204,28.5379
8192,3205,28.5425
8192,3206,28.5474
8192,3207,28.5524
8192,3208,28.5574
8192,3209,28.5622
8192,3210,28.5668
8192,3211,28.5717
8192,3212,28.5761
8192,3213,28.5811
8192,3214,28.5858
8192,3215,28.5904
8192,3216,28.5953
8192,3217,28.5998
8192,3218,28.6049
8192,3219,28.6094
8192,3220,28.6144
8192,3221,28.6190
8192,3222,28.6240
8192,3223,28.6289
8192,3224,28.6336
8192,3225,28.6387
8192,3226,28.6436
8192,3227,28.6481
8192,3228,28.6528
8192,3229,28.6580
8192,3230,28.6626
8192,3231,28.6673
8192,3232,28.6723
8192,3233,28.6773
8192,3234,28.6817
8192,3235,28.6866
8192,3236,28.6916
8192,3237,28.6960
8192,3238,28.7009
8192,3239,28.7057
8192,3240,28.7104
8192,3241,28.7150
8192,3242,28.7197
8192,3243,28.7246
8192,3244,28.7295
8192,3245,28.7345
8192,3246,28.7391
8192,3247,28.7436
8192,3248,28.7484
8192,3249,28.7533
8192,3250,28.7580
8192,3251,28.7627
8192,3252,28.7670
8192,3253,28.7716
8192,3254,28.7761
8192,3255,28.7807
8192,3256,28.7851
8192,3257,28.7899
8192,3258,28.7948
8192,3259,28.7997
8192,3260,28.8045
8192,3261,28.8096
8192,3262,28.8143
8192,3263,28.8189
8192,3264,28.8235
8192,3265,28.8283
8192,3266,28.8327
8192,3267,28.8379
8192,3268,28.8425
8192,3269,28.8471
8192,3270,28.8519
8192,3271,28.8568
8192,3272,28.8616
8192,3273,28.8663
8192,3274,28.8715
8192,3275,28.8766
8192,3276,28.8814
8192,3277,28.8859
8192,3278,28.8909
8192,3279,28.8959
8192,3280,28.9007
8192,3281,28.9057
8192,3282,28.9105
8192,3283,28.9153
8192,3284,28.9202
8192,3285,28.9248
8192,3286,28.9294
8192,3287,28.9343
8192,3288,28.9389
8192,3289,28.9439
8192,3290,28.9486
8192,3291,28.9536
8192,3292,28.9584
8192,3293,28.9633
8192,3294,28.9680
8192,3295,28.9726
8192,3296,28.9772
8192,3297,28.9821
8192,3298,28.9866
8192,3299,28.9913
8192,3300,28.9961
8192,3301,29.0007
8192,3302,29.0054
8192,3303,29.0100
8192,3304,29.0151
8192,3305,29.0203
8192,3306,29.0249
8192,3307,29.0297
8192,3308,29.0346
8192,3309,29.0392
8192,3310,29.0444
8192,3311,29.0494
8192,3312,29.0542
8192,3313,29.0589
8192,3314,29.0636
8192,3315,29.0683
8192,3316,29.0729
8192,3317,29.0776
8192,3318,29.0820
8192,3319,29.0868
8192,3320,29.0919
8192,3321,29.0966
8192,3322,29.1017
8192,3323,29.1063
8192,3324,29.1115
8192,3325,29.1162
8192,3326,29.1208
8192,3327,29.1256
8192,3328,29.1302
8192,3329,29.1347
8192,3330,29.1397
8192,3331,29.1444
8192,3332,29.1491
8192,3333,29.1535
8192,3334,29.1581
8192,3335,29.1624
8192,3336,29.1674
8192,3337,29.1721
8192,3338,29.1768
8192,3339,29.1816
8192,3340,29.1862
8192,3341,29.1907
8192,3342,29.1957
8192,3343,29.2002
8192,3344,29.2051
8192,3345,29.2099
8192,3346,29.2149
8192,3347,29.2196
8192,3348,29.2243
8192,3349,29.2287
8192,3350,29.2333
8192,3351,29.2381
8192,3352,29.2428
8192,3353,29.2478
8192,3354,29.2522
8192,3355,29.2568
8192,3356,29.2616
8192,3357,29.2661
8192,3358,29.2710
8192,3359,29.2755
8192,3360,29.2801
8192,3361,29.2848
8192,3362,29.2896
8192,3363,29.2941
8192,3364,29.2990
8192,3365,29.3036
8192,3366,29.3082
8192,3367,29.3130
8192,3368,29.3178
8192,3369,29.3222
8192,3370,29.3269
8192,3371,29.3314
8192,3372,29.3361
8192,3373,29.3407
8192,3374,29.3450
8192,3375,29.3498
8192,3376,29.3547
8192,3377,29.3596
8192,3378,29.3645
8192,3379,29.3690
8192,3380,29.3736
8192,3381,29.3786
8192,3382,29.3832
8192,3383,29.3878
8192,3384,29.3926
8192,3385,29.3973
8192,3386,29.4019
8192,3387,29.4067
8192,3388,29.4115
8192,3389,29.4164
8192,3390,29.4212
8192,3391,29.4259
8192,3392,29.4306
8192,3393,29.4353
8192,3394,29.4398
8192,3395,29.4443
8192,3396,29.4488
8192,3397,29.4535
8192,3398,29.4586
8192,3399,29.4630
8192,3400,29.4675
8192,3401,29.4719
8192,3402,29.4766
8192,3403,29.4810
8192,3404,29.4857
8192,3405,29.4903
8192,3406,29.4952
8192,3407,29.4993
8192,3408,29.5039
8192,3409,29.5089
8192,3410,29.5135
8192,3411,29.5182
8192,3412,29.5227
8192,3413,29.5274
8192,3414,29.5322
8192,3415,29.5368
8192,3416,29.5409
8192,3417,29.5453
8192,3418,29.5500
8192,3419,29.5546
8192,3420,29.5592
8192,3421,29.5639
8192,3422,29.5686
8192,3423,29.5735
8192,3424,29.5781
8192,3425,29.5825
8192,3426,29.5872
8192,3427,29.5918
8192,3428,29.5968
8192,3429,29.6011
8192,3430,29.6060
8192,3431,29.6107
8192,3432,29.6155
8192,3433,29.6199
8192,3434,29.6246
8192,3435,29.6292
8192,3436,29.6335
8192,3437,29.6379
8192,3438,29.6425
8192,3439,29.6474
8192,3440,29.6519
8192,3441,29.6564
8192,3442,29.6610
8192,3443,29.6658
8192,3444,29.6702
8192,3445,29.6749
8192,3446,29.6793
8192,3447,29.6839
8192,3448,29.6883
8192,3449,29.6931
8192,3450,29.6979
8192,3451,29.7027
8192,3452,29.7073
8192,3453,29.7117
8192,3454,29.7160
8192,3455,29.7204
8192,3456,29.7248
8192,3457,29.7293
8192,3458,29.7339
8192,3459,29.7384
8192,3460,29.7428
8192,3461,29.7476
8192,3462,29.7525
8192,3463,29.7571
8192,3464,29.7617
8192,3465,29.7665
8192,3466,29.7710
8192,3467,29.7755
8192,3468,29.7798
8192,3469,29.7843
8192,3470,29.7889
8192,3471,29.7935
8192,3472,29.7979
8192,3473,29.8026
8192,3474,29.8071
8192,3475,29.8120
8192,3476,29.8166
8192,3477,29.8212
8192,3478,29.8253
8192,3479,29.8304
8192,3480,29.8352
8192,3481,29.8398
8192,3482,29.8445
8192,3483,29.8492
8192,3484,29.8538
8192,3485,29.8584
8192,3486,29.8631
8192,3487,29.8677
8192,3488,29.8724
8192,3489,29.8773
8192,3490,29.8812
8192,3491,29.8857
8192,3492,29.8906
8192,3493,29.8952
8192,3494,29.8997
8192,3495,29.9042
8192,3496,29.9090
8192,3497,29.9138
8192,3498,29.9182
8192,3499,29.9229
8192,3500,29.9275
8192,3501,29.9321
8192,3502,29.9366
8192,3503,29.9413
8192,3504,29.9458
8192,3505,29.9506
8192,3506,29.9553
8192,3507,29.9595
8192,3508,29.9640
8192,3509,29.9687
8192,3510,29.9733
8192,3511,29.9777
8192,3512,29.9824
8192,3513,29.9868
8192,3514,29.9913
8192,3515,29.9959
8192,3516,30.0005
8192,3517,30.0050
8192,3518,30.0098
8192,3519,30.0143
8192,3520,30.0191
8192,3521,30.0233
8192,3522,30.0278
8192,3523,30.0326
8192,3524,30.0374
8192,3525,30.0418
8192,3526,30.0462
8192,3527,30.0507
8192,3528,30.0554
8192,3529,30.0602
8192,3530,30.0648
8192,3531,30.0694
8192,3532,30.0739
8192,3533,30.0784
8192,3534,30.0834
8192,3535,30.0880
8192,3536,30.0925
8192,3537,30.0967
8192,3538,30.1014
8192,3539,30.1061
8192,3540,30.1107
8192,3541,30.1152
8192,3542,30.1199
8192,3543,30.1248
8192,3544,30.1294
8192,3545,30.1340
8192,3546,30.1388
8192,3547,30.1436
8192,3548,30.1482
8192,3549,30.1529
8192,3550,30.1573
8192,3551,30.1618
8192,3552,30.1665
8192,3553,30.1710
8192,3554,30.1760
8192,3555,30.1805
8192,3556,30.1852
8192,3557,30.1895
8192,3558,30.1941
8192,3559,30.1987
8192,3560,30.2033
8192,3561,30.2078
8192,3562,30.2120
8192,3563,30.2164
8192,3564,30.2207
8192,3565,30.2253
8192,3566,30.2297
8192,3567,30.2345
8192,3568,30.2388
8192,3569,30.2432
8192,3570,30.2474
8192,3571,30.2518
8192,3572,30.2563
8192,3573,30.2612
8192,3574,30.2658
8192,3575,30.2702
8192,3576,30.2747
8192,3577,30.2794
8192,3578,30.2839
8192,3579,30.2885
8192,3580,30.2931
8192,3581,30.2976
8192,3582,30.3022
8192,3583,30.3067
8192,3584,30.3113
8192,3585,30.3162
8192,3586,30.3207
8192,3587,30.3253
8192,3588,30.3302
8192,3589,30.3347
8192,3590,30.3396
8192,3591,30.3437
8192,3592,30.3483
8192,3593,30.3529
8192,3594,30.3575
8192,3595,30.3617
8192,3596,30.3659
8192,3597,30.3704
8192,3598,30.3747
8192,3599,30.3790
8192,3600,30.3837
8192,3601,30.3883
8192,3602,30.3929
8192,3603,30.3972
8192,3604,30.4020
8192,3605,30.4064
8192,3606,30.4110
8192,3607,30.4155
8192,3608,30.4203
8192,3609,30.4249
8192,3610,30.4295
8192,3611,30.4341
8192,3612,30.4388
8192,3613,30.4433
8192,3614,30.4477
8192,3615,30.4522
8192,3616,30.4564
8192,3617,30.4610
8192,3618,30.4656
8192,3619,30.4700
8192,3620,30.4746
8192,3621,30.4790
8192,3622,30.4835
8192,3623,30.4883
8192,3624,30.4928
8192,3625,30.4974
8192,3626,30.5020
8192,3627,30.5064
8192,3628,30.5112
8192,3629,30.5156
8192,3630,30.5199
8192,3631,30.5244
8192,3632,30.5287
8192,3633,30.5329
8192,3634,30.5371
8192,3635,30.5412
8192,3636,30.5456
8192,3637,30.5499
8192,3638,30.5541
8192,3639,30.5585
8192,3640,30.5627
8192,3641,30.5669
8192,3642,30.5712
8192,3643,30.5756
8192,3644,30.5802
8192,3645,30.5850
8192,3646,30.5897
8192,3647,30.5940
8192,3648,30.5981
8192,3649,30.6024
8192,3650,30.6070
8192,3651,30.6115
8192,3652,30.6157
8192,3653,30.6201
8192,3654,30.6247
8192,3655,30.6295
8192,3656,30.6341
8192,3657,30.6390
8192,3658,30.6434
8192,3659,30.6481
8192,3660,30.6524
8192,3661,30.6568
8192,3662,30.6611
8192,3663,30.6656
8192,3664,30.6704
8192,3665,30.6752
8192,3666,30.6797
8192,3667,30.6839
8192,3668,30.6886
8192,3669,30.6933
8192,3670,30.6979
8192,3671,30.7024
8192,3672,30.7069
8192,3673,30.7112
8192,3674,30.7157
8192,3675,30.7203
8192,3676,30.7250
8192,3677,30.7294
8192,3678,30.7340
8192,3679,30.7386
8192,3680,30.7431
8192,3681,30.7476
8192,3682,30.7520
8192,3683,30.7563
8192,3684,30.7608
8192,3685,30.7653
8192,3686,30.7703
8192,3687,30.7747
8192,3688,30.7794
8192,3689,30.7837
8192,3690,30.7883
8192,3691,30.7930
8192,3692,30.7976
8192,3693,30.8018
8192,3694,30.8063
8192,3695,30.8107
8192,3696,30.8149
8192,3697,30.8194
8192,3698,30.8236
8192,3699,30.8277
8192,3700,30.8321
8192,3701,30.8367
8192,3702,30.8411
8192,3703,30.8457
8192,3704,30.8500
8192,3705,30.8542
8192,3706,30.8587
8192,3707,30.8631
8192,3708,30.8679
8192,3709,30.8725
8192,3710,30.8770
8192,3711,30.8815
8192,3712,30.8859
8192,3713,30.8906
8192,3714,30.8950
8192,3715,30.8997
8192,3716,30.9044
8192,3717,30.9087
8192,3718,30.9134
8192,3719,30.9180
8192,3720,30.9227
8192,3721,30.9271
8192,3722,30.9316
8192,3723,30.9360
8192,3724,30.9404
8192,3725,30.9447
8192,3726,30.9495
8192,3727,30.9543
8192,3728,30.9588
8192,3729,30.9628
8192,3730,30.9673
8192,3731,30.9717
8192,3732,30.9763
8192,3733,30.9807
8192,3734,30.9854
8192,3735,30.9901
8192,3736,30.9946
8192,3737,30.9993
8192,3738,31.0035
8192,3739,31.0082
8192,3740,31.0125
8192,3741,31.0170
8192,3742,31.0213
8192,3743,31.0259
8192,3744,31.0305
8192,3745,31.0351
8192,3746,31.0393
8192,3747,31.0436
8192,3748,31.0481
8192,3749,31.0527
8192,3750,31.0572
8192,3751,31.0616
8192,3752,31.0660
8192,3753,31.0702
8192,3754,31.0750
8192,3755,31.0794
8192,3756,31.0835
8192,3757,31.0878
8192,3758,31.0923
8192,3759,31.0969
8192,3760,31.1010
8192,3761,31.1055
8192,3762,31.1100
8192,3763,31.1142
8192,3764,31.1187
8192,3765,31.1232
8192,3766,31.1277
8192,3767,31.1320
8192,3768,31.1366
8192,3769,31.1410
8192,3770,31.1455
8192,3771,31.1498
8192,3772,31.1542
8192,3773,31.1585
8192,3774,31.1627
8192,3775,31.1670
8192,3776,31.1713
8192,3777,31.1756
8192,3778,31.1800
8192,3779,31.1841
8192,3780,31.1886
8192,3781,31.1931
8192,3782,31.1976
8192,3783,31.2022
8192,3784,31.2067
8192,3785,31.2110
8192,3786,31.2155
8192,3787,31.2198
8192,3788,31.2245
8192,3789,31.2292
8192,3790,31.2339
8192,3791,31.2385
8192,3792,31.2430
8192,3793,31.2472
8192,3794,31.2512
8192,3795,31.2558
8192,3796,31.2604
8192,3797,31.2650
8192,3798,31.2695
8192,3799,31.2738
8192,3800,31.2780
8192,3801,31.2825
8192,3802,31.2868
8192,3803,31.2909
8192,3804,31.2954
8192,3805,31.2997
8192,3806,31.3043
8192,3807,31.3088
8192,3808,31.3131
8192,3809,31.3174
8192,3810,31.3219
8192,3811,31.3263
8192,3812,31.3307
8192,3813,31.3355
8192,3814,31.3399
8192,3815,31.3441
8192,3816,31.3486
8192,3817,31.3529
8192,3818,31.3574
8192,3819,31.3617
8192,3820,31.3660
8192,3821,31.3704
8192,3822,31.3747
8192,3823,31.3790
8192,3824,31.3838
8192,3825,31.3882
8192,3826,31.3926
8192,3827,31.3972
8192,3828,31.4012
8192,3829,31.4056
8192,3830,31.4097
8192,3831,31.4143
8192,3832,31.4187
8192,3833,31.4230
8192,3834,31.4273
8192,3835,31.4318
8192,3836,31.4362
8192,3837,31.4405
8192,3838,31.4452
8192,3839,31.4497
8192,3840,31.4542
8192,3841,31.4584
8192,3842,31.4627
8192,3843,31.4672
8192,3844,31.4717
8192,3845,31.4762
8192,3846,31.4805
8192,3847,31.4846
8192,3848,31.4888
8192,3849,31.4933
8192,3850,31.4974
8192,3851,31.5019
8192,3852,31.5060
8192,3853,31.5106
8192,3854,31.5150
8192,3855,31.5192
8192,3856,31.5233
8192,3857,31.5276
8192,3858,31.5318
8192,3859,31.5362
8192,3860,31.5404
8192,3861,31.5447
8192,3862,31.5491
8192,3863,31.5537
8192,3864,31.5578
8192,3865,31.5623
8192,3866,31.5668
8192,3867,31.5711
8192,3868,31.5754
8192,3869,31.5798
8192,3870,31.5840
8192,3871,31.5884
8192,3872,31.5927
8192,3873,31.5972
8192,3874,31.6014
8192,3875,31.6057
8192,3876,31.6101
8192,3877,31.6144
8192,3878,31.6186
8192,3879,31.6231
8192,3880,31.6277
8192,3881,31.6318
8192,3882,31.6365
8192,3883,31.6406
8192,3884,31.6446
8192,3885,31.6492
8192,3886,31.6535
8192,3887,31.6579
8192,3888,31.6622
8192,3889,31.6667
8192,3890,31.6710
8192,3891,31.6751
8192,3892,31.6795
8192,3893,31.6837
8192,3894,31.6881
8192,3895,31.6926
8192,3896,31.6973
8192,3897,31.7016
8192,3898,31.7057
8192,3899,31.7102
8192,3900,31.7145
8192,3901,31.7188
8192,3902,31.7232
8192,3903,31.7277
8192,3904,31.7323
8192,3905,31.7366
8192,3906,31.7407
8192,3907,31.7452
8192,3908,31.7493
8192,3909,31.7538
8192,3910,31.7581
8192,3911,31.7623
8192,3912,31.7670
8192,3913,31.7715
8192,3914,31.7759
8192,3915,31.7805
8192,3916,31.7852
8192,3917,31.7895
8192,3918,31.7937
8192,3919,31.7979
8192,3920,31.8023
8192,3921,31.8066
8192,3922,31.8106
8192,3923,31.8149
8192,3924,31.8193
8192,3925,31.8236
8192,3926,31.8281
8192,3927,31.8323
8192,3928,31.8366
8192,3929,31.8409
8192,3930,31.8454
8192,3931,31.8496
8192,3932,31.8537
8192,3933,31.8579
8192,3934,31.8618
8192,3935,31.8661
8192,3936,31.8706
8192,3937,31.8748
8192,3938,31.8789
8192,3939,31.8833
8192,3940,31.8878
8192,3941,31.8923
8192,3942,31.8966
8192,3943,31.9009
8192,3944,31.9051
8192,3945,31.9093
8192,3946,31.9136
8192,3947,31.9184
8192,3948,31.9228
8192,3949,31.9271
8192,3950,31.9312
8192,3951,31.9353
8192,3952,31.9397
8192,3953,31.9439
8192,3954,31.9484
8192,3955,31.9529
8192,3956,31.9572
8192,3957,31.9616
8192,3958,31.9660
8192,3959,31.9700
8192,3960,31.9741
8192,3961,31.9785
8192,3962,31.9828
8192,3963,31.9869
8192,3964,31.9915
8192,3965,31.9959
8192,3966,32.0001
8192,3967,32.0045
8192,3968,32.0088
8192,3969,32.0131
8192,3970,32.0175
8192,3971,32.0218
8192,3972,32.0263
8192,3973,32.0305
8192,3974,32.0349
8192,3975,32.0392
8192,3976,32.0434
8192,3977,32.0474
8192,3978,32.0514
8192,3979,32.0558
8192,3980,32.0600
8192,3981,32.0644
8192,3982,32.0686
8192,3983,32.0730
8192,3984,32.0773
8192,3985,32.0819
8192,3986,32.0864
8192,3987,32.0905
8192,3988,32.0947
8192,3989,32.0991
8192,3990,32.1032
8192,3991,32.1074
8192,3992,32.1118
8192,3993,32.1164
8192,3994,32.1209
8192,3995,32.1250
8192,3996,32.1295
8192,3997,32.1337
8192,3998,32.1382
8192,3999,32.1424
8192,4000,32.1466
8192,4001,32.1509
8192,4002,32.1549
8192,4003,32.1593
8192,4004,32.1633
8192,4005,32.1680
8192,4006,32.1723
8192,4007,32.1766
8192,4008,32.1810
8192,4009,32.1852
8192,4010,32.1899
8192,4011,32.1944
8192,4012,32.1986
8192,4013,32.2026
8192,4014,32.2070
8192,4015,32.2114
8192,4016,32.2159
8192,4017,32.2201
8192,4018,32.2247
8192,4019,32.2290
8192,4020,32.2329
8192,4021,32.2371
8192,4022,32.2414
8192,4023,32.2458
8192,4024,32.2498
8192,4025,32.2540
8192,4026,32.2582
8192,4027,32.2624
8192,4028,32.2666
8192,4029,32.2708
8192,4030,32.2751
8192,4031,32.2794
8192,4032,32.2836
8192,4033,32.2883
8192,4034,32.2927
8192,4035,32.2972
8192,4036,32.3016
8192,4037,32.3058
8192,4038,32.3103
8192,4039,32.3147
8192,4040,32.3192
8192,4041,32.3232
8192,4042,32.3275
8192,4043,32.3318
8192,4044,32.3360
8192,4045,32.3404
8192,4046,32.3448
8192,4047,32.3491
8192,4048,32.3535
8192,4049,32.3578
8192,4050,32.3619
8192,4051,32.3662
8192,4052,32.3705
8192,4053,32.3749
8192,4054,32.3793
8192,4055,32.3836
8192,4056,32.3876
8192,4057,32.3917
8192,4058,32.3959
8192,4059,32.3999
8192,4060,32.4040
8192,4061,32.4082
8192,4062,32.4125
8192,4063,32.4166
8192,4064,32.4206
8192,4065,32.4248
8192,4066,32.4294
8192,4067,32.4337
8192,4068,32.4378
8192,4069,32.4422
8192,4070,32.4466
8192,4071,32.4507
8192,4072,32.4551
8192,4073,32.4593
8192,4074,32.4637
8192,4075,32.4677
8192,4076,32.4720
8192,4077,32.4763
8192,4078,32.4805
8192,4079,32.4848
8192,4080,32.4896
8192,4081,32.4937
8192,4082,32.4979
8192,4083,32.5023
8192,4084,32.5066
8192,4085,32.5107
8192,4086,32.5147
8192,4087,32.5189
8192,4088,32.5227
8192,4089,32.5268
8192,4090,32.5312
8192,4091,32.5355
8192,4092,32.5397
8192,4093,32.5442
8192,4094,32.5481
8192,4095,32.5525
8192,4096,32.5569
8192,4097,32.5610
8192,4098,32.5650
8192,4099,32.5694
8192,4100,32.5739
8192,4101,32.5783
8192,4102,32.5828
8192,4103,32.5872
8192,4104,32.5915
8192,4105,32.5957
8192,4106,32.5999
8192,4107,32.6039
8192,4108,32.6082
8192,4109,32.6121
8192,4110,32.6160
8192,4111,32.6204
8192,4112,32.6247
8192,4113,32.6286
8192,4114,32.6329
8192,4115,32.6371
8192,4116,32.6416
8192,4117,32.6458
8192,4118,32.6499
8192,4119,32.6543
8192,4120,32.6585
8192,4121,32.6623
8192,4122,32.6667
8192,4123,32.6710
8192,4124,32.6754
8192,4125,32.6795
8192,4126,32.6836
8192,4127,32.6882
8192,4128,32.6926
8192,4129,32.6967
8192,4130,32.7011
8192,4131,32.7052
8192,4132,32.7092
8192,4133,32.7133
8192,4134,32.7174
8192,4135,32.7220
8192,4136,32.7266
8192,4137,32.7306
8192,4138,32.7345
8192,4139,32.7387
8192,4140,32.7428
8192,4141,32.7471
8192,4142,32.7514
8192,4143,32.7557
8192,4144,32.7597
8192,4145,32.7639
8192,4146,32.7682
8192,4147,32.7721
8192,4148,32.7764
8192,4149,32.7805
8192,4150,32.7848
8192,4151,32.7892
8192,4152,32.7936
8192,4153,32.7980
8192,4154,32.8021
8192,4155,32.8063
8192,4156,32.8103
8192,4157,32.8148
8192,4158,32.8193
8192,4159,32.8237
8192,4160,32.8280
8192,4161,32.8321
8192,4162,32.8362
8192,4163,32.8404
8192,4164,32.8444
8192,4165,32.8488
8192,4166,32.8529
8192,4167,32.8571
8192,4168,32.8614
8192,4169,32.8655
8192,4170,32.8696
8192,4171,32.8737
8192,4172,32.8780
8192,4173,32.8824
8192,4174,32.8869
8192,4175,32.8911
8192,4176,32.8955
8192,4177,32.8997
8192,4178,32.9038
8192,4179,32.9081
8192,4180,32.9124
8192,4181,32.9166
8192,4182,32.9208
8192,4183,32.9247
8192,4184,32.9292
8192,4185,32.9332
8192,4186,32.9372
8192,4187,32.9414
8192,4188,32.9457
8192,4189,32.9501
8192,4190,32.9541
8192,4191,32.9585
8192,4192,32.9629
8192,4193,32.9672
8192,4194,32.9712
8192,4195,32.9753
8192,4196,32.9798
8192,4197,32.9839
8192,4198,32.9882
8192,4199,32.9922
8192,4200,32.9961
8192,4201,33.0004
8192,4202,33.0049
8192,4203,33.0093
8192,4204,33.0135
8192,4205,33.0176
8192,4206,33.0217
8192,4207,33.0262
8192,4208,33.0302
8192,4209,33.0345
8192,4210,33.0386
8192,4211,33.0429
8192,4212,33.0471
8192,4213,33.0512
8192,4214,33.0557
8192,4215,33.0595
8192,4216,33.0637
8192,4217,33.0680
8192,4218,33.0724
8192,4219,33.0764
8192,4220,33.0802
8192,4221,33.0844
8192,4222,33.0886
8192,4223,33.0927
8192,4224,33.0970
8192,4225,33.1014
8192,4226,33.1058
8192,4227,33.1100
8192,4228,33.1141
8192,4229,33.1183
8192,4230,33.1224
8192,4231,33.1268
8192,4232,33.1312
8192,4233,33.1356
8192,4234,33.1397
8192,4235,33.1437
8192,4236,33.1478
8192,4237,33.1518
8192,4238,33.1560
8192,4239,33.1602
8192,4240,33.1647
8192,4241,33.1690
8192,4242,33.1732
8192,4243,33.1775
8192,4244,33.1817
8192,4245,33.1857
8192,4246,33.1900
8192,4247,33.1941
8192,4248,33.1984
8192,4249,33.2026
8192,4250,33.2068
8192,4251,33.2112
8192,4252,33.2153
8192,4253,33.2196
8192,4254,33.2238
8192,4255,33.2281
8192,4256,33.2317
8192,4257,33.2362
8192,4258,33.2403
8192,4259,33.2441
8192,4260,33.2485
8192,4261,33.2526
8192,4262,33.2570
8192,4263,33.2611
8192,4264,33.2653
8192,4265,33.2696
8192,4266,33.2738
8192,4267,33.2782
8192,4268,33.2824
8192,4269,33.2867
8192,4270,33.2909
8192,4271,33.2952
8192,4272,33.2994
8192,4273,33.3037
8192,4274,33.3079
8192,4275,33.3123
8192,4276,33.3164
8192,4277,33.3206
8192,4278,33.3248
8192,4279,33.3289
8192,4280,33.3330
8192,4281,33.3368
8192,4282,33.3410
8192,4283,33.3453
8192,4284,33.3495
8192,4285,33.3536
8192,4286,33.3575
8192,4287,33.3617
8192,4288,33.3662
8192,4289,33.3701
8192,4290,33.3742
8192,4291,33.3785
8192,4292,33.3826
8192,4293,33.3869
8192,4294,33.3910
8192,4295,33.3949
8192,4296,33.3989
8192,4297,33.4030
8192,4298,33.4073
8192,4299,33.4114
8192,4300,33.4157
8192,4301,33.4199
8192,4302,33.4242
8192,4303,33.4284
8192,4304,33.4329
8192,4305,33.4372
8192,4306,33.4417
8192,4307,33.4458
8192,4308,33.4497
8192,4309,33.4538
8192,4310,33.4580
8192,4311,33.4622
8192,4312,33.4663
8192,4313,33.4703
8192,4314,33.4748
8192,4315,33.4790
8192,4316,33.4834
8192,4317,33.4877
8192,4318,33.4923
8192,4319,33.4966
8192,4320,33.5006
8192,4321,33.5045
8192,4322,33.5086
8192,4323,33.5127
8192,4324,33.5168
8192,4325,33.5210
8192,4326,33.5252
8192,4327,33.5292
8192,4328,33.5330
8192,4329,33.5371
8192,4330,33.5410
8192,4331,33.5451
8192,4332,33.5496
8192,4333,33.5535
8192,4334,33.5575
8192,4335,33.5617
8192,4336,33.5658
8192,4337,33.5699
8192,4338,33.5740
8192,4339,33.5782
8192,4340,33.5825
8192,4341,33.5867
8192,4342,33.5907
8192,4343,33.5948
8192,4344,33.5989
8192,4345,33.6031
8192,4346,33.6070
8192,4347,33.6113
8192,4348,33.6155
8192,4349,33.6200
8192,4350,33.6243
8192,4351,33.6285
8192,4352,33.6325
8192,4353,33.6367
8192,4354,33.6408
8192,4355,33.6450
8192,4356,33.6493
8192,4357,33.6534
8192,4358,33.6576
8192,4359,33.6617
8192,4360,33.6656
8192,4361,33.6695
8192,4362,33.6734
8192,4363,33.6771
8192,4364,33.6813
8192,4365,33.6853
8192,4366,33.6893
8192,4367,33.6934
8192,4368,33.6974
8192,4369,33.7014
8192,4370,33.7053
8192,4371,33.7094
8192,4372,33.7131
8192,4373,33.7173
8192,4374,33.7214
8192,4375,33.7260
8192,4376,33.7299
8192,4377,33.7341
8192,4378,33.7383
8192,4379,33.7426
8192,4380,33.7470
8192,4381,33.7514
8192,4382,33.7556
8192,4383,33.7598
8192,4384,33.7641
8192,4385,33.7683
8192,4386,33.7721
8192,4387,33.7760
8192,4388,33.7801
8192,4389,33.7843
8192,4390,33.7883
8192,4391,33.7924
8192,4392,33.7963
8192,4393,33.8004
8192,4394,33.8042
8192,4395,33.8084
8192,4396,33.8125
8192,4397,33.8164
8192,4398,33.8205
8192,4399,33.8245
8192,4400,33.8287
8192,4401,33.8330
8192,4402,33.8368
8192,4403,33.8405
8192,4404,33.8445
8192,4405,33.8485
8192,4406,33.8528
8192,4407,33.8570
8192,4408,33.8608
8192,4409,33.8649
8192,4410,33.8691
8192,4411,33.8734
8192,4412,33.8776
8192,4413,33.8818
8192,4414,33.8857
8192,4415,33.8898
8192,4416,33.8937
8192,4417,33.8979
8192,4418,33.9020
8192,4419,33.9060
8192,4420,33.9100
8192,4421,33.9142
8192,4422,33.9184
8192,4423,33.9224
8192,4424,33.9264
8192,4425,33.9308
8192,4426,33.9347
8192,4427,33.9389
8192,4428,33.9432
8192,4429,33.9474
8192,4430,33.9516
8192,4431,33.9557
8192,4432,33.9599
8192,4433,33.9639
8192,4434,33.9680
8192,4435,33.9722
8192,4436,33.9763
8192,4437,33.9804
8192,4438,33.9847
8192,4439,33.9888
8192,4440,33.9929
8192,4441,33.9970
8192,4442,34.0009
8192,4443,34.0051
8192,4444,34.0095
8192,4445,34.0138
8192,4446,34.0181
8192,4447,34.0222
8192,4448,34.0265
8192,4449,34.0306
8192,4450,34.0344
8192,4451,34.0387
8192,4452,34.0431
8192,4453,34.0475
8192,4454,34.0516
8192,4455,34.0559
8192,4456,34.0603
8192,4457,34.0643
8192,4458,34.0684
8192,4459,34.0723
8192,4460,34.0765
8192,4461,34.0806
8192,4462,34.0847
8192,4463,34.0890
8192,4464,34.0931
8192,4465,34.0974
8192,4466,34.1016
8192,4467,34.1056
8192,4468,34.1097
8192,4469,34.1137
8192,4470,34.1177
8192,4471,34.1218
8192,4472,34.1258
8192,4473,34.1300
8192,4474,34.1340
8192,4475,34.1382
8192,4476,34.1424
8192,4477,34.1464
8192,4478,34.1504
8192,4479,34.1545
8192,4480,34.1587
8192,4481,34.1633
8192,4482,34.1672
8192,4483,34.1714
8192,4484,34.1754
8192,4485,34.1797
8192,4486,34.1838
8192,4487,34.1880
8192,4488,34.1919
8192,4489,34.1960
8192,4490,34.2000
8192,4491,34.2039
8192,4492,34.2083
8192,4493,34.2123
8192,4494,34.2163
8192,4495,34.2203
8192,4496,34.2244
8192,4497,34.2284
8192,4498,34.2322
8192,4499,34.2365
8192,4500,34.2408
8192,4501,34.2447
8192,4502,34.2491
8192,4503,34.2533
8192,4504,34.2576
8192,4505,34.2615
8192,4506,34.2654
8192,4507,34.2693
8192,4508,34.2736
8192,4509,34.2778
8192,4510,34.2821
8192,4511,34.2862
8192,4512,34.2905
8192,4513,34.2946
8192,4514,34.2987
8192,4515,34.3027
8192,4516,34.3069
8192,4517,34.3112
8192,4518,34.3153
8192,4519,34.3193
8192,4520,34.3232
8192,4521,34.3272
8192,4522,34.3310
8192,4523,34.3349
8192,4524,34.3393
8192,4525,34.3434
8192,4526,34.3472
8192,4527,34.3513
8192,4528,34.3554
8192,4529,34.3595
8192,4530,34.3639
8192,4531,34.3682
8192,4532,34.3722
8192,4533,34.3762
8192,4534,34.3805
8192,4535,34.3844
8192,4536,34.3883
8192,4537,34.3924
8192,4538,34.3965
8192,4539,34.4004
8192,4540,34.4046
8192,4541,34.4088
8192,4542,34.4129
8192,4543,34.4172
8192,4544,34.4215
8192,4545,34.4255
8192,4546,34.4296
8192,4547,34.4338
8192,4548,34.4376
8192,4549,34.4417
8192,4550,34.4456
8192,4551,34.4496
8192,4552,34.4537
8192,4553,34.4577
8192,4554,34.4617
8192,4555,34.4656
8192,4556,34.4698
8192,4557,34.4738
8192,4558,34.4778
8192,4559,34.4817
8192,4560,34.4859
8192,4561,34.4902
8192,4562,34.4943
8192,4563,34.4984
8192,4564,34.5024
8192,4565,34.5064
8192,4566,34.5106
8192,4567,34.5146
8192,4568,34.5188
8192,4569,34.5227
8192,4570,34.5267
8192,4571,34.5309
8192,4572,34.5351
8192,4573,34.5391
8192,4574,34.5430
8192,4575,34.5474
8192,4576,34.5516
8192,4577,34.5555
8192,4578,34.5596
8192,4579,34.5638
8192,4580,34.5679
8192,4581,34.5722
8192,4582,34.5765
8192,4583,34.5805
8192,4584,34.5846
8192,4585,34.5888
8192,4586,34.5930
8192,4587,34.5971
8192,4588,34.6012
8192,4589,34.6052
8192,4590,34.6091
8192,4591,34.6130
8192,4592,34.6173
8192,4593,34.6214
8192,4594,34.6254
8192,4595,34.6296
8192,4596,34.6336
8192,4597,34.6377
8192,4598,34.6416
8192,4599,34.6457
8192,4600,34.6499
8192,4601,34.6536
8192,4602,34.6577
8192,4603,34.6617
8192,4604,34.6655
8192,4605,34.6696
8192,4606,34.6739
8192,4607,34.6781
8192,4608,34.6822
8192,4609,34.6862
8192,4610,34.6902
8192,4611,34.6944
8192,4612,34.6984
8192,4613,34.7026
8192,4614,34.7066
8192,4615,34.7103
8192,4616,34.7143
8192,4617,34.7186
8192,4618,34.7229
8192,4619,34.7270
8192,4620,34.7312
8192,4621,34.7352
8192,4622,34.7393
8192,4623,34.7435
8192,4624,34.7476
8192,4625,34.7517
8192,4626,34.7557
8192,4627,34.7600
8192,4628,34.7640
8192,4629,34.7683
8192,4630,34.7724
8192,4631,34.7765
8192,4632,34.7807
8192,4633,34.7847
8192,4634,34.7887
8192,4635,34.7928
8192,4636,34.7970
8192,4637,34.8010
8192,4638,34.8050
8192,4639,34.8091
8192,4640,34.8131
8192,4641,34.8174
8192,4642,34.8214
8192,4643,34.8252
8192,4644,34.8295
8192,4645,34.8335
8192,4646,34.8372
8192,4647,34.8414
8192,4648,34.8452
8192,4649,34.8493
8192,4650,34.8534
8192,4651,34.8574
8192,4652,34.8615
8192,4653,34.8654
8192,4654,34.8697
8192,4655,34.8740
8192,4656,34.8780
8192,4657,34.8824
8192,4658,34.8862
8192,4659,34.8900
8192,4660,34.8938
8192,4661,34.8980
8192,4662,34.9018
8192,4663,34.9059
8192,4664,34.9099
8192,4665,34.9143
8192,4666,34.9180
8192,4667,34.9221
8192,4668,34.9262
8192,4669,34.9303
8192,4670,34.9343
8192,4671,34.9382
8192,4672,34.9362
8192,4673,34.9404
8192,4674,34.9444
8192,4675,34.9484
8192,4676,34.9526
8192,4677,34.9565
8192,4678,34.9605
8192,4679,34.9646
8192,4680,34.9687
8192,4681,34.9727
8192,4682,34.9766
8192,4683,34.9806
8192,4684,34.9842
8192,4685,34.9882
8192,4686,34.9923
8192,4687,34.9964
8192,4688,35.0004
8192,4689,35.0045
8192,4690,35.0085
8192,4691,35.0124
8192,4692,35.0162
8192,4693,35.0201
8192,4694,35.0242
8192,4695,35.0281
8192,4696,35.0319
8192,4697,35.0358
8192,4698,35.0400
8192,4699,35.0439
8192,4700,35.0481
8192,4701,35.0519
8192,4702,35.0559
8192,4703,35.0599
8192,4704,35.0639
8192,4705,35.0678
8192,4706,35.0718
8192,4707,35.0759
8192,4708,35.0801
8192,4709,35.0842
8192,4710,35.0882
8192,4711,35.0922
8192,4712,35.0861
8192,4713,35.0898
8192,4714,35.0938
8192,4715,35.0977
8192,4716,35.1018
8192,4717,35.1058
8192,4718,35.1097
8192,4719,35.1136
8192,4720,35.1177
8192,4721,35.1218
8192,4722,35.1256
8192,4723,35.1297
8192,4724,35.1335
8192,4725,35.1378
8192,4726,35.1419
8192,4727,35.1459
8192,4728,35.1488
8192,4729,35.1527
8192,4730,35.1567
8192,4731,35.1605
8192,4732,35.1647
8192,4733,35.1685
8192,4734,35.1725
8192,4735,35.1765
8192,4736,35.1807
8192,4737,35.1845
8192,4738,35.1883
8192,4739,35.1926
8192,4740,35.1964
8192,4741,35.2003
8192,4742,35.2043
8192,4743,35.2082
8192,4744,35.2121
8192,4745,35.2159
8192,4746,35.2200
8192,4747,35.2237
8192,4748,35.2278
8192,4749,35.2320
8192,4750,35.2361
8192,4751,35.2401
8192,4752,35.2443
8192,4753,35.2482
8192,4754,35.2521
8192,4755,35.2561
8192,4756,35.2602
8192,4757,35.2642
8192,4758,35.2685
8192,4759,35.2728
8192,4760,35.2717
8192,4761,35.2762
8192,4762,35.2803
8192,4763,35.2845
8192,4764,35.2888
8192,4765,35.2929
8192,4766,35.2903
8192,4767,35.2944
8192,4768,35.2985
8192,4769,35.3026
8192,4770,35.3067
8192,4771,35.3106
8192,4772,35.3148
8192,4773,35.3187
8192,4774,35.3229
8192,4775,35.3269
8192,4776,35.3308
8192,4777,35.3305
8192,4778,35.3342
8192,4779,35.3384
8192,4780,35.3425
8192,4781,35.3466
8192,4782,35.3507
8192,4783,35.3546
8192,4784,35.3586
8192,4785,35.3625
8192,4786,35.3665
8192,4787,35.3703
8192,4788,35.3745
8192,4789,35.3786
8192,4790,35.3827
8192,4791,35.3863
8192,4792,35.3901
8192,4793,35.3940
8192,4794,35.3981
8192,4795,35.4022
8192,4796,35.4063
8192,4797,35.4103
8192,4798,35.4145
8192,4799,35.4183
8192,4800,35.4224
8192,4801,35.4228
8192,4802,35.4269
8192,4803,35.4308
8192,4804,35.4348
8192,4805,35.4390
8192,4806,35.4398
8192,4807,35.4438
8192,4808,35.4477
8192,4809,35.4496
8192,4810,35.4533
8192,4811,35.4575
8192,4812,35.4613
8192,4813,35.4650
8192,4814,35.4689
8192,4815,35.4727
8192,4816,35.4768
8192,4817,35.4804
8192,4818,35.4803
8192,4819,35.4841
8192,4820,35.4747
8192,4821,35.4786
8192,4822,35.4827
8192,4823,35.4794
8192,4824,35.4836
8192,4825,35.4874
8192,4826,35.4915
8192,4827,35.4957
8192,4828,35.4999
8192,4829,35.5037
8192,4830,35.5080
8192,4831,35.5043
8192,4832,35.5083
8192,4833,35.5121
8192,4834,35.5160
8192,4835,35.5180
8192,4836,35.5181
8192,4837,35.5201
8192,4838,35.5243
8192,4839,35.5280
8192,4840,35.5306
8192,4841,35.5300
8192,4842,35.5341
8192,4843,35.5381
8192,4844,35.5356
8192,4845,35.5393
8192,4846,35.5435
8192,4847,35.5442
8192,4848,35.5482
8192,4849,35.5523
8192,4850,35.5540
8192,4851,35.5574
8192,4852,35.5613
8192,4853,35.5589
8192,4854,35.5630
8192,4855,35.5668
8192,4856,35.5706
8192,4857,35.5746
8192,4858,35.5787
8192,4859,35.5828
8192,4860,35.5866
8192,4861,35.5904
8192,4862,35.5931
8192,4863,35.5967
8192,4864,35.6006
8192,4865,35.6047
8192,4866,35.6088
8192,4867,35.6126
8192,4868,35.6138
8192,4869,35.6177
8192,4870,35.6218
8192,4871,35.6169
8192,4872,35.6210
8192,4873,35.6218
8192,4874,35.6258
8192,4875,35.6301
8192,4876,35.6339
8192,4877,35.6378
8192,4878,35.6418
8192,4879,35.6455
8192,4880,35.6495
8192,4881,35.6538
8192,4882,35.6577
8192,4883,35.6611
8192,4884,35.6650
8192,4885,35.6688
8192,4886,35.6730
8192,4887,35.6747
8192,4888,35.6787
8192,4889,35.6826
8192,4890,35.6862
8192,4891,35.6865
8192,4892,35.6905
8192,4893,35.6942
8192,4894,35.6980
8192,4895,35.7019
8192,4896,35.7048
8192,4897,35.7087
8192,4898,35.7069
8192,4899,35.7106
8192,4900,35.7147
8192,4901,35.7125
8192,4902,35.7166
8192,4903,35.7200
8192,4904,35.7242
8192,4905,35.7281
8192,4906,35.7310
8192,4907,35.7349
8192,4908,35.7393
8192,4909,35.7430
8192,4910,35.7485
8192,4911,35.7523
8192,4912,35.7564
8192,4913,35.7605
8192,4914,35.7643
8192,4915,35.7681
8192,4916,35.7722
8192,4917,35.7766
8192,4918,35.7806
8192,4919,35.7847
8192,4920,35.7903
8192,4921,35.7942
8192,4922,35.7976
8192,4923,35.8003
8192,4924,35.7981
8192,4925,35.8019
8192,4926,35.8059
8192,4927,35.8100
8192,4928,35.8140
8192,4929,35.8181
8192,4930,35.8161
8192,4931,35.8198
8192,4932,35.8261
8192,4933,35.8300
8192,4934,35.8338
8192,4935,35.8376
8192,4936,35.8424
8192,4937,35.8428
8192,4938,35.8422
8192,4939,35.8403
8192,4940,35.8400
8192,4941,35.8438
8192,4942,35.8445
8192,4943,35.8471
8192,4944,35.8509
8192,4945,35.8546
8192,4946,35.8585
8192,4947,35.8622
8192,4948,35.8590
8192,4949,35.8627
8192,4950,35.8664
8192,4951,35.8681
8192,4952,35.8720
8192,4953,35.8763
8192,4954,35.8765
8192,4955,35.8799
8192,4956,35.8750
8192,4957,35.8770
8192,4958,35.8809
8192,4959,35.8836
8192,4960,35.8876
8192,4961,35.8914
8192,4962,35.8950
8192,4963,35.9014
8192,4964,35.9000
8192,4965,35.8998
8192,4966,35.9037
8192,4967,35.9066
8192,4968,35.9073
8192,4969,35.9068
8192,4970,35.9117
8192,4971,35.9158
8192,4972,35.9195
8192,4973,35.9218
8192,4974,35.9214
8192,4975,35.9251
8192,4976,35.9293
8192,4977,35.9262
8192,4978,35.9301
8192,4979,35.9335
8192,4980,35.9371
8192,4981,35.9409
8192,4982,35.9447
8192,4983,35.9485
8192,4984,35.9522
8192,4985,35.9560
8192,4986,35.9598
8192,4987,35.9568
8192,4988,35.9548
8192,4989,35.9589
8192,4990,35.9598
8192,4991,35.9636
8192,4992,35.9677
8192,4993,35.9714
8192,4994,35.9754
8192,4995,35.9796
8192,4996,35.9798
8192,4997,35.9857
8192,4998,35.9834
8192,4999,35.9856
8192,5000,35.9895
