ts,replicate,synthetic_ks,synthetic_xmin
2,1,0.0039784424743390945,74
2,2,0.004413170381699971,70
2,3,0.004874808001752107,68
2,4,0.004593982484120018,67
2,5,0.0029859623488635023,70
2,6,0.003670651205177733,78
2,7,0.004547797165940781,68
2,8,0.0029809990464910036,69
2,9,0.004195546141152362,73
2,10,0.004707192073022837,68
2,11,0.0027687741079415185,75
2,12,0.0038426559203788846,69
2,13,0.00394302192017576,69
2,14,0.003661784441536975,68
2,15,0.0027451867765537763,77
2,16,0.0037884937136055674,66
2,17,0.0043800665440352216,69
2,18,0.004252243904729308,83
2,19,0.0046558929554672,67
2,20,0.0035431576816177257,70
2,21,0.00335466540748941,66
2,22,0.0030153802115827633,68
2,23,0.0041729029718615696,71
2,24,0.004537562983971288,80
2,25,0.0033602941063975433,68
2,26,0.006373471930099184,96
2,27,0.0029727001302410905,68
2,28,0.003314697900795638,67
2,29,0.004026893765956774,68
2,30,0.004723719074894293,97
2,31,0.0037487367348186806,68
2,32,0.0038698119556320743,69
2,33,0.00354330947579673,82
2,34,0.0026322578378672468,69
2,35,0.002872949121859092,71
2,36,0.004654069026998386,67
2,37,0.005439269123262314,86
2,38,0.004196369662283206,67
2,39,0.004676510792970712,68
2,40,0.00439869444809371,86
2,41,0.006384557697662996,75
2,42,0.004445248753625841,69
2,43,0.002634903355895668,69
2,44,0.004568338059520283,71
2,45,0.0027614353114926438,84
2,46,0.00492820513475456,68
2,47,0.004448541904607972,84
2,48,0.006695256686798823,67
2,49,0.0033632463691382064,73
2,50,0.004205926644319291,67
2,51,0.004811589723431486,71
2,52,0.004962326345276047,67
2,53,0.005451564728332192,67
2,54,0.004236465213396046,77
2,55,0.0035342198102024103,69
2,56,0.002759701255699687,73
2,57,0.0034338820878056647,68
2,58,0.0037241100539169847,69
2,59,0.003451485935218601,74
2,60,0.0034990831806696043,74
2,61,0.0038011363900912754,77
2,62,0.003060100800509502,68
2,63,0.004336298669510463,67
2,64,0.002924710960364507,72
2,65,0.005779372903008839,67
2,66,0.003425664481694901,70
2,67,0.0051729511047453325,81
2,68,0.004172625033658478,67
2,69,0.0031589802281445922,68
2,70,0.0029610000712737006,67
2,71,0.004446098794203268,67
2,72,0.0067632815896458975,67
2,73,0.0037044549679153826,81
2,74,0.004356379045935332,71
2,75,0.005856891784936424,67
2,76,0.003637868992490856,71
2,77,0.003405200497717975,73
2,78,0.004241327337181411,67
2,79,0.004194758168380525,75
2,80,0.0037425836672111412,68
2,81,0.003056807053430033,67
2,82,0.004542302611198923,68
2,83,0.0037749515192875283,68
2,84,0.0030504264835571337,73
2,85,0.0033615039485549447,70
2,86,0.002675679078529669,69
2,87,0.004162397820779762,67
2,88,0.0036298735117381575,68
2,89,0.0036494565427113157,69
2,90,0.0060079127848362,68
2,91,0.0052104667423502615,68
2,92,0.005039075436814033,67
2,93,0.0043605530909719414,87
2,94,0.004147875959676917,67
2,95,0.0033516052694139153,76
2,96,0.00526671354595043,97
2,97,0.0051548605553947136,68
2,98,0.003353909892873097,68
2,99,0.00517999594576557,67
2,100,0.003915427817826389,84
2,101,0.004536115195808932,69
2,102,0.004406640937481943,69
2,103,0.004878653113768339,66
2,104,0.004066985832924752,67
2,105,0.004438406321197075,67
2,106,0.0035501570276712524,68
2,107,0.005577589774539482,67
2,108,0.003403353167309886,68
2,109,0.00480398241052421,67
2,110,0.005514022297927856,67
2,111,0.005851732963732537,75
2,112,0.004016071823958273,68
2,113,0.0029983223275205084,69
2,114,0.004820280556713741,69
2,115,0.004431077240731107,82
2,116,0.003798474084933834,89
2,117,0.005164696541991476,90
2,118,0.00454193255405598,91
2,119,0.0027056599036968665,69
2,120,0.003956024931500268,75
2,121,0.003423788311357312,69
2,122,0.00440562821645929,70
2,123,0.003902354167732436,69
2,124,0.0029771232023763916,67
2,125,0.0036838784710678807,67
2,126,0.004867885054743892,68
2,127,0.002865800173588909,69
2,128,0.00427217973059324,73
2,129,0.003742318441658621,69
2,130,0.003977141866545741,68
2,131,0.005593757948621936,67
2,132,0.003571188034680428,73
2,133,0.004502615831630696,71
2,134,0.004780124097166549,96
2,135,0.004650807795325673,67
2,136,0.004057938277699902,68
2,137,0.0024922462770495812,68
2,138,0.002350932665760447,71
2,139,0.0036976755370558,68
2,140,0.004871004543123725,97
2,141,0.004205102874799915,71
2,142,0.005569598098885797,78
2,143,0.0030392179282118237,69
2,144,0.003479899266980113,70
2,145,0.0032069619279106454,70
2,146,0.00410191274881988,68
2,147,0.0033597297013435723,69
2,148,0.004467710553150317,68
2,149,0.006120525626890805,101
2,150,0.004809399402432579,68
2,151,0.004386401121010075,67
2,152,0.0025027179735807037,68
2,153,0.0028632716242016354,69
2,154,0.004917427110421813,81
2,155,0.0038826102422575004,68
2,156,0.0034699154349998595,89
2,157,0.003881809913727441,69
2,158,0.004386846025508928,72
2,159,0.0040667044767432325,69
2,160,0.0028777976344753764,76
2,161,0.005133312812700241,67
2,162,0.004658990851818978,79
2,163,0.003006222330228847,67
2,164,0.003636410200253515,67
2,165,0.007267640421043109,67
2,166,0.0039666598302132705,69
2,167,0.004546238989601381,69
2,168,0.005879559330891793,114
2,169,0.0032833556047240364,68
2,170,0.003930454576949349,76
2,171,0.004446461262980206,67
2,172,0.005444301207434554,67
2,173,0.004729607919286449,82
2,174,0.004710446680193603,69
2,175,0.0029900030460831006,67
2,176,0.004784707124481313,93
2,177,0.004173578679508738,68
2,178,0.004112226996007107,68
2,179,0.005287221929089703,68
2,180,0.005479755262673525,66
2,181,0.002816527814612335,68
2,182,0.005860728171456497,81
2,183,0.007448114180065302,66
2,184,0.005101140430664675,69
2,185,0.003383236201601747,71
2,186,0.0033363023819590887,70
2,187,0.0031015472728964655,69
2,188,0.00348734564551334,68
2,189,0.005375472230551348,87
2,190,0.0042806060281227465,73
2,191,0.003420602580316623,69
2,192,0.00382484061074706,69
2,193,0.0038203245156873678,66
2,194,0.004716846068412384,71
2,195,0.0038443764989457563,67
2,196,0.002373738682000137,74
2,197,0.005129849838689582,67
2,198,0.0035676001172447735,68
2,199,0.003646980120511456,75
2,200,0.002807292023556285,68
2,201,0.0034173686580594165,69
2,202,0.005299623521885621,69
2,203,0.0026149730450650555,69
2,204,0.003632196972475632,68
2,205,0.0023779278044302465,69
2,206,0.004067286173031252,89
2,207,0.0034432078003613364,69
2,208,0.003495524965141994,69
2,209,0.0031599978629128778,67
2,210,0.00519058549450252,69
2,211,0.005967654244654508,67
2,212,0.003997877034453312,75
2,213,0.004597349442341914,112
2,214,0.006144418181966982,62
2,215,0.003239648483730262,69
2,216,0.0038050202242293774,89
2,217,0.0035641001770959774,69
2,218,0.003216090481913292,70
2,219,0.0023163863795464534,68
2,220,0.0036358400129669066,69
2,221,0.004560822888723226,78
2,222,0.004614435223246394,89
2,223,0.004791439137884157,67
2,224,0.0032031418398199563,73
2,225,0.004474391636192621,69
2,226,0.0025754460100545495,69
2,227,0.006070344724095789,91
2,228,0.004348974837339981,68
2,229,0.004315877588984773,71
2,230,0.004481469838859664,68
2,231,0.0027199473544370356,71
2,232,0.004962951768503254,86
2,233,0.004367876783608837,68
2,234,0.002582067176356756,68
2,235,0.0031835788139573107,69
2,236,0.003949016037820274,71
2,237,0.006498208908682468,68
2,238,0.004621756699993623,71
2,239,0.004358892286724814,68
2,240,0.004843445461313212,68
2,241,0.003305963353160246,69
2,242,0.004857304087977243,89
2,243,0.004110846046168334,74
2,244,0.002405265101290577,67
2,245,0.0058733229201831105,79
2,246,0.003812315494026164,69
2,247,0.0030708597663053894,67
2,248,0.0042682876748226795,69
2,249,0.0034535831736998146,80
2,250,0.0038787902823220755,68
2,251,0.004069359247192983,67
2,252,0.002658103203448392,77
2,253,0.004904521930602035,69
2,254,0.0028753691909502166,67
2,255,0.0041901059932437645,78
2,256,0.005674758114817047,70
2,257,0.007124975869824274,105
2,258,0.004091231722746114,71
2,259,0.0042640255010576444,69
2,260,0.003915786145418654,62
2,261,0.00502319969623255,69
2,262,0.004150259546151336,74
2,263,0.004814722066086685,69
2,264,0.004107422986122433,69
2,265,0.006112775016004379,67
2,266,0.003275308021665313,68
2,267,0.005389956826111764,75
2,268,0.0052210272027939375,79
2,269,0.004920535247340929,67
2,270,0.0035380670103586503,69
2,271,0.0028569382668774956,69
2,272,0.004519423393673505,67
2,273,0.0028556423544832954,69
2,274,0.003331350568998248,84
2,275,0.0033452426271826097,68
2,276,0.004373049963946496,68
2,277,0.0033332779317557515,69
2,278,0.004643882460059423,67
2,279,0.003761293672450261,72
2,280,0.002920148205143913,77
2,281,0.0030366395540675217,68
2,282,0.005306792816276329,67
2,283,0.004549995257580597,68
2,284,0.004021644403777058,68
2,285,0.005384263864266603,94
2,286,0.004711217949186858,67
2,287,0.002958804719431052,67
2,288,0.0031322349493226875,68
2,289,0.004145380444931124,67
2,290,0.003610038657071657,71
2,291,0.003974106564122004,69
2,292,0.004925887958538322,70
2,293,0.003931274464212264,82
2,294,0.00551464770832244,68
2,295,0.0038323022294647346,76
2,296,0.004544245537389857,76
2,297,0.004583022223800137,73
2,298,0.004409225194366526,68
2,299,0.004236410678503333,74
2,300,0.0035004710508168557,68
2,301,0.0053711450062018384,71
2,302,0.0023176738760527504,82
2,303,0.005065767412523514,73
2,304,0.004789255792006175,78
2,305,0.003565789009466358,68
2,306,0.005789800960958047,86
2,307,0.0026517366992565294,76
2,308,0.0035114401499912185,70
2,309,0.003282251780291845,82
2,310,0.0037746530875335527,68
2,311,0.005878396402977271,79
2,312,0.006099986923243428,84
2,313,0.004007745450656741,69
2,314,0.00414257421751292,72
2,315,0.004316174940465933,73
2,316,0.0031782705575154613,68
2,317,0.0032830220746388195,73
2,318,0.005469214760098762,72
2,319,0.0035667397562808845,69
2,320,0.0037694888723746045,70
2,321,0.0038234744138010007,67
2,322,0.0034848283438468908,67
2,323,0.005121920531468094,69
2,324,0.0049507881215119925,78
2,325,0.003765631526939428,67
2,326,0.003339447906421489,68
2,327,0.00348302767053954,68
2,328,0.003025110776611384,69
2,329,0.002910676247056432,69
2,330,0.003551759480085459,71
2,331,0.0031264283933474246,68
2,332,0.003080678661663172,84
2,333,0.004196762845336766,72
2,334,0.005201454719655718,68
2,335,0.004969286129630657,80
2,336,0.003456477635119415,68
2,337,0.0037182245506298672,66
2,338,0.002944208827079242,90
2,339,0.006842579425108353,81
2,340,0.0037105861416210084,67
2,341,0.004836124024062971,74
2,342,0.0047026382940910105,77
2,343,0.0038824660329657146,68
2,344,0.005106068981614698,67
2,345,0.003582075165259435,69
2,346,0.004360233239254996,83
2,347,0.00766019712477739,67
2,348,0.005573608055767759,98
2,349,0.004826028673601823,67
2,350,0.004028810575330832,67
2,351,0.0051117452009064035,93
2,352,0.003526733836364815,70
2,353,0.00538831182768984,70
2,354,0.004507181303523788,86
2,355,0.006216180888173661,68
2,356,0.00434391026099612,93
2,357,0.003863804699225537,67
2,358,0.0046061046799054095,67
2,359,0.0032218535398350623,70
2,360,0.003381221733462614,68
2,361,0.0031424445702739057,69
2,362,0.0033479454312205226,70
2,363,0.003297937223173064,69
2,364,0.0049375020558437566,72
2,365,0.003925802054299488,82
2,366,0.004902833422787273,71
2,367,0.00347056464119902,88
2,368,0.003432278629586616,68
2,369,0.0036351717705635778,68
2,370,0.003241594215711685,68
2,371,0.002508081624378544,70
2,372,0.002745593610961383,68
2,373,0.0034267197714747955,70
2,374,0.0034650136699380107,68
2,375,0.003101497463285141,68
2,376,0.003557575418211001,69
2,377,0.003939874668789756,67
2,378,0.003521477274380902,67
2,379,0.002652666988472885,72
2,380,0.005540169365503056,68
2,381,0.004698600647891571,93
2,382,0.003952840612080899,81
2,383,0.004285085011345169,69
2,384,0.0036168394194677767,69
2,385,0.005711906599227823,67
2,386,0.003946425650451002,73
2,387,0.005172343199540741,70
2,388,0.0034571649803941673,88
2,389,0.002925760089289589,67
2,390,0.004257468632039463,69
2,391,0.004234337444407182,72
2,392,0.004453286591357575,68
2,393,0.004279792184213038,67
2,394,0.0031219612559586496,81
2,395,0.003918862826203351,68
2,396,0.0048008343433739165,79
2,397,0.0038378335269022568,68
2,398,0.0047493891099135155,86
2,399,0.002237452380789595,68
2,400,0.004002438420491583,68
2,401,0.0035418322428487636,68
2,402,0.0037060294430647234,68
2,403,0.002402818203605217,69
2,404,0.004561625870816044,67
2,405,0.003583589945053034,75
2,406,0.0032657746894461104,95
2,407,0.004863652112026218,67
2,408,0.004590529159077539,67
2,409,0.0033722790975989625,68
2,410,0.0034377721785515958,78
2,411,0.0022327691362056257,69
2,412,0.003848552229633234,69
2,413,0.0035189214830588234,79
2,414,0.005184114203087398,74
2,415,0.004801857861032377,69
2,416,0.002745015989428612,74
2,417,0.005616943632992477,67
2,418,0.003359980259942996,68
2,419,0.004604545839382024,71
2,420,0.0053124397411102725,67
2,421,0.0038847185299587528,69
2,422,0.004306579012225309,83
2,423,0.0044951498859253924,70
2,424,0.0037794838134703607,68
2,425,0.0048566631418053285,69
2,426,0.0036764740502379656,68
2,427,0.004502125364864384,68
2,428,0.004324259448088452,69
2,429,0.0034485033621173278,68
2,430,0.005106857686913435,67
2,431,0.0027515321044959684,69
2,432,0.006463947697371519,102
2,433,0.004112109943832265,67
2,434,0.0034707434294584047,74
2,435,0.006228167409366825,68
2,436,0.003322504929482606,72
2,437,0.0032025402999392716,68
2,438,0.005176310042671717,69
2,439,0.0037530539761116977,67
2,440,0.005232033646120016,67
2,441,0.0051744526639918575,68
2,442,0.003489544656711696,69
2,443,0.004574449597161578,70
2,444,0.005112297256207432,68
2,445,0.0036458954961821055,68
2,446,0.004811114548606388,68
2,447,0.0038549826359466355,68
2,448,0.0034610802593306733,68
2,449,0.004911806084027304,75
2,450,0.003117812573228518,68
2,451,0.0028080933312419343,67
2,452,0.004852001670601291,67
2,453,0.004375357930540669,83
2,454,0.005347462730793007,107
2,455,0.0035664639519660257,70
2,456,0.005981211437605105,66
2,457,0.005668118170557679,67
2,458,0.0031152622675372776,76
2,459,0.004087475064143087,68
2,460,0.003917889449436718,69
2,461,0.004662008781516125,84
2,462,0.0030308309537629974,68
2,463,0.0033536309544088816,74
2,464,0.004560793204641311,68
2,465,0.00425850232694297,69
2,466,0.005267098777232637,67
2,467,0.003974628197426444,69
2,468,0.004300042967469886,76
2,469,0.003551106338467447,68
2,470,0.003949935196094323,67
2,471,0.004669317090800595,70
2,472,0.005841642322552215,103
2,473,0.00405985477641424,67
2,474,0.002928183466922335,68
2,475,0.0034411537426196626,69
2,476,0.003460487593729633,68
2,477,0.005860239128840816,81
2,478,0.004194872170092734,70
2,479,0.003638197998065973,89
2,480,0.0046154949634169,79
2,481,0.004213557110820831,67
2,482,0.003064146347892094,70
2,483,0.00453746077616618,79
2,484,0.002508756315900418,69
2,485,0.005392650889312733,67
2,486,0.004029677801761666,62
2,487,0.003411119226679915,67
2,488,0.004734468367389777,67
2,489,0.004838677018994542,67
2,490,0.00311444888613549,72
2,491,0.004933272852810755,90
2,492,0.00404075772507928,74
2,493,0.004076849857813758,67
2,494,0.0069467503615191495,99
2,495,0.004486971729322886,100
2,496,0.004403666770804726,66
2,497,0.0030818069872651233,68
2,498,0.006128122074797071,67
2,499,0.003088571554341113,74
2,500,0.002955301256776066,77
2,501,0.004498417100553986,67
2,502,0.00512299383400594,70
2,503,0.004435028440390398,88
2,504,0.0037364850242188608,94
2,505,0.003511183084867975,79
2,506,0.003003881176135481,72
2,507,0.004432498331717549,94
2,508,0.006711266629924273,83
2,509,0.00416922570366067,82
2,510,0.004998315767416606,62
2,511,0.0036054315524337924,67
2,512,0.004164817842263718,87
2,513,0.0030822411002530137,68
2,514,0.0036305770808702648,68
2,515,0.0037041411627970477,72
2,516,0.002925366398524254,69
2,517,0.005124675613014773,82
2,518,0.005980719012475488,67
2,519,0.003916228504146746,75
2,520,0.004223993375570112,79
2,521,0.002826462330903501,68
2,522,0.005875050001709736,66
2,523,0.004655239423742824,69
2,524,0.004079183487571969,67
2,525,0.005613099425711476,71
2,526,0.005093588773344426,68
2,527,0.004365807448669323,68
2,528,0.0065037597956467685,68
2,529,0.0051484154297366524,85
2,530,0.00495369322777528,69
2,531,0.004950880790265733,69
2,532,0.004146888639176005,68
2,533,0.004456386068836915,66
2,534,0.004020736174179862,67
2,535,0.0051753186774038396,69
2,536,0.0048792073705096195,67
2,537,0.004457174847863454,68
2,538,0.0034838561190063677,68
2,539,0.0044929482899246365,69
2,540,0.003659181541038947,67
2,541,0.00441090563587021,77
2,542,0.004477214521985462,69
2,543,0.0043908427868578626,88
2,544,0.004770565607464694,75
2,545,0.003958272863210377,69
2,546,0.0031720126054090025,69
2,547,0.003235051716064141,68
2,548,0.003926509609353895,70
2,549,0.00422610637368781,68
2,550,0.006279521240523778,72
2,551,0.004269393580782932,73
2,552,0.002607072720879025,71
2,553,0.0037428664529931543,68
2,554,0.0041398876200891,67
2,555,0.003741492411580838,74
2,556,0.0032157394064245004,69
2,557,0.005238119890181303,68
2,558,0.006652702800447274,68
2,559,0.0035297898040056452,68
2,560,0.004654926602476128,78
2,561,0.004860659744436946,68
2,562,0.0036010109987546154,69
2,563,0.003119249086770637,68
2,564,0.0038194844774733783,69
2,565,0.0037466991095398416,77
2,566,0.005270064650145012,67
2,567,0.004649429490164392,69
2,568,0.0033941548839379054,70
2,569,0.003077817082086154,72
2,570,0.003952230478661833,74
2,571,0.0027619014263472463,69
2,572,0.00485071736795939,67
2,573,0.004808261994020513,68
2,574,0.003826784385734361,70
2,575,0.00393073794615173,68
2,576,0.0036996700832300777,69
2,577,0.004705967550750811,68
2,578,0.003988378985861463,81
2,579,0.00500529987347631,73
2,580,0.004455829960356983,69
2,581,0.002833535192657388,77
2,582,0.00471439665432663,66
2,583,0.005066105471204674,67
2,584,0.0026841221576031637,74
2,585,0.00353100787510896,70
2,586,0.00444293611518809,67
2,587,0.004822075887746524,80
2,588,0.00483712645276857,67
2,589,0.0043375108246827,74
2,590,0.0025061740155054024,69
2,591,0.0018879786860381276,68
2,592,0.0050238731438820294,68
2,593,0.0035994171542074738,68
2,594,0.004509746072374865,81
2,595,0.004464003592283494,77
2,596,0.005805926465015543,68
2,597,0.002662295009709603,68
2,598,0.0028999858074189033,68
2,599,0.004021595608556944,87
2,600,0.0039356714380964775,76
2,601,0.005344411557645479,68
2,602,0.0070068617864175176,66
2,603,0.004014908393696892,70
2,604,0.00407442748648712,80
2,605,0.0036056357449160137,75
2,606,0.004670536341380704,69
2,607,0.005190817846381424,76
2,608,0.007136203844510414,66
2,609,0.00420816613922792,92
2,610,0.004965344086832912,69
2,611,0.003736295393627076,73
2,612,0.0033185265068662595,68
2,613,0.0049838695056823035,68
2,614,0.004951879739183651,74
2,615,0.0029088654721514118,66
2,616,0.006069381061996504,70
2,617,0.003917294970999796,68
2,618,0.00303631350102318,69
2,619,0.002236307982538155,82
2,620,0.004229828483647502,68
2,621,0.004513812637311654,69
2,622,0.004472289314892408,95
2,623,0.0033712570755256577,71
2,624,0.0032385265169824207,68
2,625,0.004106089646069178,67
2,626,0.005078138664656895,66
2,627,0.0037875131350207925,67
2,628,0.00405694237141585,69
2,629,0.0036615606328802563,68
2,630,0.0036374146082156916,70
2,631,0.0037842150480638104,68
2,632,0.005496895701133098,67
2,633,0.0036202047927869074,72
2,634,0.004479245745074634,67
2,635,0.0038608131409207658,87
2,636,0.004369213181387388,68
2,637,0.003990524762211789,68
2,638,0.0036010238032766484,67
2,639,0.0037532753253058937,76
2,640,0.005308625535237255,76
2,641,0.0032016230266231904,95
2,642,0.003951127821562039,69
2,643,0.0036091387348079484,67
2,644,0.006020966430464236,68
2,645,0.002952627095829552,70
2,646,0.003853538257842848,75
2,647,0.0030823739937320682,67
2,648,0.004875569814894121,79
2,649,0.0040866880983780884,84
2,650,0.006049007962144498,69
2,651,0.004863111822666459,67
2,652,0.002906571334089725,73
2,653,0.002478203765933107,67
2,654,0.003484261940082334,68
2,655,0.004570358484641324,68
2,656,0.0061704282145922384,68
2,657,0.005355251742992673,104
2,658,0.0042798744940605316,69
2,659,0.002823276864789892,68
2,660,0.005147062645852629,73
2,661,0.005770000078867854,70
2,662,0.004524775933878344,74
2,663,0.0029930408014215426,69
2,664,0.003939551578085232,68
2,665,0.003028564533054501,67
2,666,0.004232464187149898,71
2,667,0.003205666537376861,69
2,668,0.003537938522146372,75
2,669,0.0033048624129081716,70
2,670,0.004600717547858957,81
2,671,0.003119735336227447,73
2,672,0.003673519057983632,79
2,673,0.005710389453462694,68
2,674,0.0029772563126591045,68
2,675,0.0034010167690821103,67
2,676,0.00314262684211708,72
2,677,0.0028471597511335878,68
2,678,0.0027179329999285073,72
2,679,0.0037074612695813247,68
2,680,0.0036926466229585397,74
2,681,0.004431600717732853,78
2,682,0.00480791205530684,69
2,683,0.0034280751478890092,69
2,684,0.004100894818275802,68
2,685,0.004721867338158714,69
2,686,0.004768567707169213,68
2,687,0.003985881970145655,79
2,688,0.002855499439170517,75
2,689,0.003980886636468152,68
2,690,0.004803733201015903,98
2,691,0.0051314799641551945,77
2,692,0.003934323750452995,68
2,693,0.005791287967019887,70
2,694,0.0045074156230469065,88
2,695,0.0027270467757735117,67
2,696,0.004677762931324492,72
2,697,0.004695040713073251,69
2,698,0.0026618673873771703,73
2,699,0.004165327673688379,72
2,700,0.0033241229725938792,68
2,701,0.002696563142756063,68
2,702,0.003740376101197554,67
2,703,0.005318808214435755,67
2,704,0.006435375843180435,73
2,705,0.003032251711220471,66
2,706,0.002787799070961161,74
2,707,0.003949390138788256,71
2,708,0.0044933151201662636,67
2,709,0.004043427184704074,68
2,710,0.004061600942586452,69
2,711,0.003752929360578472,68
2,712,0.0035907839218525806,68
2,713,0.004390792877767835,68
2,714,0.0032996647617039576,67
2,715,0.003292199983923716,74
2,716,0.0037778610370923227,69
2,717,0.0038527044134476496,75
2,718,0.002959310733136822,69
2,719,0.0030757499196579496,74
2,720,0.005650997771114885,67
2,721,0.003203328778582204,73
2,722,0.004480216178467167,69
2,723,0.004254886412092818,97
2,724,0.0034700378455518877,101
2,725,0.0042886072934134045,68
2,726,0.005031509953495661,67
2,727,0.002848766890693688,68
2,728,0.0027304754945711718,68
2,729,0.00404455055549513,74
2,730,0.0037568482110907075,70
2,731,0.0032398241425316554,82
2,732,0.0029127882521584603,69
2,733,0.004491619113021872,82
2,734,0.0043934500972862,73
2,735,0.003892006312184171,68
2,736,0.0033028996696565782,67
2,737,0.0023933938276645694,68
2,738,0.003940488637191875,68
2,739,0.005804275948992466,71
2,740,0.006069760385267631,67
2,741,0.0030595836211366745,73
2,742,0.004283339976217437,69
2,743,0.004415416014662998,69
2,744,0.0033839626186803473,68
2,745,0.004247124663363411,93
2,746,0.0038896772703630456,68
2,747,0.003460768168328854,68
2,748,0.0037084032068919193,68
2,749,0.0033624332900953346,68
2,750,0.003297634244301406,81
2,751,0.003974101757871773,67
2,752,0.002916624491598019,68
2,753,0.003684259689252345,72
2,754,0.003750723470989925,67
2,755,0.0035443466639284438,67
2,756,0.003581317418449831,67
2,757,0.00274239372494256,69
2,758,0.004141926512899019,68
2,759,0.005325701920862347,81
2,760,0.0033517515000819342,79
2,761,0.0033481257789754193,72
2,762,0.004211752171944805,73
2,763,0.003487201694577724,68
2,764,0.003837038617366173,67
2,765,0.005650853530028088,78
2,766,0.005513774261563631,68
2,767,0.005663923315572972,67
2,768,0.003871074335757063,89
2,769,0.003039595131857198,78
2,770,0.004381229370303497,85
2,771,0.002807416907187943,67
2,772,0.005012036983497281,69
2,773,0.0036880051466500197,92
2,774,0.0033346900485220488,68
2,775,0.004042137822124259,66
2,776,0.0034284132252885846,73
2,777,0.0027973544168884423,76
2,778,0.004043578642750623,107
2,779,0.0020946819552168927,68
2,780,0.00550484226421466,74
2,781,0.005064282668023723,68
2,782,0.005119644279722335,69
2,783,0.0033105925951568416,67
2,784,0.004400298319113594,69
2,785,0.003392268912077112,68
2,786,0.004765846070557078,69
2,787,0.003538997623956819,68
2,788,0.005023728793080107,70
2,789,0.004984674877876127,89
2,790,0.002407007476085965,68
2,791,0.0033386895053034715,68
2,792,0.005416578574827247,101
2,793,0.0052823814549859405,67
2,794,0.0065165998178489115,69
2,795,0.0060557546128092166,87
2,796,0.0027002311590553774,72
2,797,0.0031808352849147514,68
2,798,0.0034803168399278883,68
2,799,0.0030193707378053936,68
2,800,0.004833517988958036,67
2,801,0.003177116667343882,68
2,802,0.003704622741967062,69
2,803,0.003533830331602039,71
2,804,0.005019273379504807,71
2,805,0.004784368524237026,91
2,806,0.00524120004309786,86
2,807,0.004952072621214665,72
2,808,0.004800086268480941,81
2,809,0.003444598330199944,76
2,810,0.006150814032330754,79
2,811,0.004350386875055179,67
2,812,0.0044534792831777414,77
2,813,0.004413333571709366,68
2,814,0.0036449114014953654,69
2,815,0.00399207019993153,71
2,816,0.0037058274040300265,82
2,817,0.002508933527526014,67
2,818,0.004470166877385107,69
2,819,0.0041784312171694316,69
2,820,0.003559648475756405,75
2,821,0.005098560384645623,83
2,822,0.005508090118645698,75
2,823,0.003396101313418387,67
2,824,0.0041962268413187065,69
2,825,0.005340553260421155,98
2,826,0.0028425091768765065,73
2,827,0.004242555766874469,73
2,828,0.004722528444726648,72
2,829,0.0052511517075251035,67
2,830,0.005685544112508212,67
2,831,0.002851911896518622,76
2,832,0.005224501456782216,67
2,833,0.003069566900261056,69
2,834,0.004555327759271477,66
2,835,0.004938355768191571,84
2,836,0.0043037639783768955,76
2,837,0.003436220775716814,72
2,838,0.0032761837111374703,68
2,839,0.005023950642994435,68
2,840,0.005055239221594454,69
2,841,0.007584028881104432,68
2,842,0.0048205297558622795,70
2,843,0.004755691769831205,83
2,844,0.005809382302881361,84
2,845,0.004342118002157669,68
2,846,0.0031930361790859507,71
2,847,0.0034075454853351728,68
2,848,0.004202630694829179,85
2,849,0.004144305807892823,68
2,850,0.004076982673608565,83
2,851,0.004680156726807272,68
2,852,0.004135103041463251,67
2,853,0.003956007285446095,79
2,854,0.003924920014974798,71
2,855,0.0030280684631452393,68
2,856,0.00434210150656511,69
2,857,0.003093514135784514,69
2,858,0.004283613841308154,73
2,859,0.00497723308988407,69
2,860,0.004026365316172842,68
2,861,0.003507462312214993,68
2,862,0.003286540273846339,71
2,863,0.005786446328621797,110
2,864,0.0030765591310786267,71
2,865,0.0027101344925025694,67
2,866,0.006838657402941262,86
2,867,0.004258795901490697,68
2,868,0.005019709966975983,69
2,869,0.003105867617560598,68
2,870,0.0042172548975405455,67
2,871,0.0036601369066073808,104
2,872,0.0036166800880987338,68
2,873,0.004020335005357478,68
2,874,0.004526230295003986,67
2,875,0.003911542246991528,69
2,876,0.004499807831798208,91
2,877,0.004362872726589528,67
2,878,0.0038040355151446326,66
2,879,0.005489816719541296,62
2,880,0.004161919872427894,67
2,881,0.003748426679254402,68
2,882,0.002909285362002384,72
2,883,0.002134186330472132,68
2,884,0.0031848692348779295,68
2,885,0.005142159531055235,67
2,886,0.004232060698182272,68
2,887,0.004431370766887266,80
2,888,0.003944959538136977,74
2,889,0.003709258800363102,68
2,890,0.0032125066413536407,68
2,891,0.0046000846022631325,70
2,892,0.004729780024424202,67
2,893,0.0035586692288565036,96
2,894,0.00397574396680711,74
2,895,0.004678505818958123,67
2,896,0.00873591021836706,67
2,897,0.004132455682563929,68
2,898,0.003980797399790514,78
2,899,0.00491334841428992,67
2,900,0.00382004403284264,76
2,901,0.005481896968126745,67
2,902,0.0038248985038672467,69
2,903,0.006676270301176013,69
2,904,0.0036891551491427532,71
2,905,0.004025931840169368,82
2,906,0.00592247097264742,69
2,907,0.004162721353163146,84
2,908,0.0028707284294855473,68
2,909,0.003108232640848585,77
2,910,0.005402677609213868,82
2,911,0.0035168576877627755,78
2,912,0.003893077889026153,67
2,913,0.0028678996336217732,75
2,914,0.005978708330165894,68
2,915,0.004129008368234738,79
2,916,0.0050114442349303845,91
2,917,0.0033187746764765103,68
2,918,0.00587328650304364,66
2,919,0.0038925103460718535,69
2,920,0.004252695692525066,78
2,921,0.0036658563662512744,68
2,922,0.0037226610282792283,69
2,923,0.004644128712358975,75
2,924,0.003740247936439456,69
2,925,0.004453287151257368,68
2,926,0.00413364005658734,106
2,927,0.0045751209067025345,69
2,928,0.004596983527644705,67
2,929,0.004189264098163559,78
2,930,0.004470299564963365,94
2,931,0.00441997686478357,80
2,932,0.003790015481217851,67
2,933,0.003655984507374699,67
2,934,0.004975058695701695,91
2,935,0.002125554662402357,68
2,936,0.0036046650969142058,72
2,937,0.0060349588241565,68
2,938,0.003155660348593492,69
2,939,0.0044083327136613115,66
2,940,0.0063473220237082045,94
2,941,0.005486972159892134,67
2,942,0.0038941586565619524,68
2,943,0.0034672295851655432,70
2,944,0.005556216635258293,69
2,945,0.00515215582121431,71
2,946,0.0031182142714056837,71
2,947,0.003772304306498886,81
2,948,0.005823067386982905,91
2,949,0.004556383021499522,67
2,950,0.004217498173534673,69
2,951,0.004266156351676653,77
2,952,0.005086630068694142,80
2,953,0.0046663016664367785,66
2,954,0.003364442595609002,67
2,955,0.004095173709118383,68
2,956,0.005485865422742431,101
2,957,0.0050166588198158335,68
2,958,0.0033765549224067937,71
2,959,0.004375437319484782,78
2,960,0.006224797730427056,113
2,961,0.0029920899556702407,71
2,962,0.0030174202149013674,73
2,963,0.0032759777753554875,72
2,964,0.004272746359975377,80
2,965,0.00522717033018455,116
2,966,0.00441812334061642,80
2,967,0.003962678734613201,67
2,968,0.004842262126872332,86
2,969,0.005393091407973782,67
2,970,0.005134875763643243,69
2,971,0.004513083820596786,68
2,972,0.003078339132711161,70
2,973,0.004002347557967134,66
2,974,0.0037610973593179,68
2,975,0.0025900615639580238,70
2,976,0.0038016417074789866,73
2,977,0.005862367597878393,67
2,978,0.0033126953887488986,76
2,979,0.0059408608035120825,67
2,980,0.004946618262565705,80
2,981,0.003237080960279415,77
2,982,0.004287449880722716,68
2,983,0.006233020586893068,68
2,984,0.003430028511044514,70
2,985,0.0031613870081576567,69
2,986,0.003856991175819946,71
2,987,0.004610765762746882,68
2,988,0.004448197596631842,67
2,989,0.004651438374713435,74
2,990,0.003929471862188172,70
2,991,0.004013011119318843,68
2,992,0.005311954255303619,67
2,993,0.0033808827374404715,86
2,994,0.004739110601163832,69
2,995,0.0030889849319003237,75
2,996,0.003887644668451734,68
2,997,0.003192223985707593,68
2,998,0.005530088313870113,72
2,999,0.004423958959698271,67
2,1000,0.0034484178911465824,72
2,1001,0.004398175086121281,67
2,1002,0.0041999158163491535,68
2,1003,0.005395535791563821,62
2,1004,0.008517341080852558,67
2,1005,0.005706970922617405,69
2,1006,0.003266654715298689,69
2,1007,0.003527552834669767,72
2,1008,0.005272475238247032,68
2,1009,0.005128169247765574,84
2,1010,0.004476312713087016,67
2,1011,0.006626201511550633,68
2,1012,0.0031482867532441894,68
2,1013,0.004219032101685838,86
2,1014,0.004081828799698206,68
2,1015,0.00393440301822745,67
2,1016,0.002691506969310642,68
2,1017,0.004418531061184838,74
2,1018,0.005316176705593145,71
2,1019,0.0050090540880126655,68
2,1020,0.00473237140042404,68
2,1021,0.004309600135941699,81
2,1022,0.0066580430029548054,67
2,1023,0.0038716697207309414,67
2,1024,0.0031381535350069045,67
2,1025,0.005088061189344684,67
2,1026,0.004862949506887038,69
2,1027,0.0050494715611452134,67
2,1028,0.0045878031754734705,67
2,1029,0.0042063271372762,67
2,1030,0.0030231443156173987,69
2,1031,0.004029481355761422,70
2,1032,0.0034580887243017278,63
2,1033,0.0031947784875790974,69
2,1034,0.002779169493166145,69
2,1035,0.003343236279363282,70
2,1036,0.005934015602857057,69
2,1037,0.005712961777880776,71
2,1038,0.0028640309441639866,68
2,1039,0.004002421256736999,69
2,1040,0.004375907980213034,69
2,1041,0.004680991710551974,78
2,1042,0.00523954647573821,78
2,1043,0.006413318213224772,76
2,1044,0.0048433906892405565,67
2,1045,0.0052819372384736996,68
2,1046,0.0028534318420390115,68
2,1047,0.0033887693233639604,68
2,1048,0.0036925673763180678,72
2,1049,0.004241651631723464,81
2,1050,0.00331420784425851,68
2,1051,0.0027476186107998624,72
2,1052,0.005079726457411615,67
2,1053,0.005596293385651485,67
2,1054,0.00386858227893061,68
2,1055,0.004878813134712057,67
2,1056,0.004600368403150812,68
2,1057,0.005570164892030938,85
2,1058,0.004756796582806658,67
2,1059,0.004007084404216044,67
2,1060,0.0037829075654500777,67
2,1061,0.00531452571961083,67
2,1062,0.0028683191317291357,69
2,1063,0.0061504148025754435,69
2,1064,0.0029942691231457097,67
2,1065,0.004903284179653911,67
2,1066,0.003330783416656713,90
2,1067,0.005800120793677144,67
2,1068,0.0047979344558691794,68
2,1069,0.005327815784032963,108
2,1070,0.005472382407168408,67
2,1071,0.004642427259910653,68
2,1072,0.005008643541797864,67
2,1073,0.004151331180803575,67
2,1074,0.00239356023444659,67
2,1075,0.0039250710623093266,68
2,1076,0.002420823871529837,68
2,1077,0.005224745989834856,77
2,1078,0.003269559031855815,68
2,1079,0.00534764196904991,67
2,1080,0.004388341959861486,67
2,1081,0.006252010352446158,67
2,1082,0.004272569842294627,67
2,1083,0.0050944606297265715,89
2,1084,0.005319007213313687,86
2,1085,0.004781881123684495,67
2,1086,0.004112717139998001,69
2,1087,0.003534476013911103,70
2,1088,0.004206385458313311,70
2,1089,0.0028414065299164903,67
2,1090,0.005293908001753833,85
2,1091,0.004529686166116487,67
2,1092,0.0049829884985742035,88
2,1093,0.005882014109428346,69
2,1094,0.0026564773639404793,68
2,1095,0.0031663686478908618,79
2,1096,0.006574793353604891,67
2,1097,0.00475704462166604,68
2,1098,0.004306029930017385,68
2,1099,0.0038912133747871502,68
2,1100,0.004584406823604836,67
2,1101,0.003234980845910451,68
2,1102,0.005758188171912995,114
2,1103,0.004861050974325987,67
2,1104,0.004073200045490721,73
2,1105,0.004116053063159986,79
2,1106,0.005083682417916013,67
2,1107,0.0034346465965044426,69
2,1108,0.004561711002558755,73
2,1109,0.005600888479427968,94
2,1110,0.0034405349150473663,67
2,1111,0.004995502168912758,75
2,1112,0.004559827342187961,68
2,1113,0.0038926904134154727,69
2,1114,0.004174735137462582,71
2,1115,0.003539353612898699,69
2,1116,0.0060868175006071334,68
2,1117,0.003010130321160487,71
2,1118,0.004478127932430964,69
2,1119,0.0059823482240105585,69
2,1120,0.0031600474185650707,68
2,1121,0.0064087489347633975,67
2,1122,0.0035737720657634253,68
2,1123,0.002819257142537279,67
2,1124,0.0047875345245512735,99
2,1125,0.003465173460804327,70
2,1126,0.0065833999902553675,82
2,1127,0.004882966724570115,67
2,1128,0.005165362211380864,67
2,1129,0.0044310918430382484,104
2,1130,0.0035548703932438697,68
2,1131,0.0035815143575533837,71
2,1132,0.0052785088770535005,76
2,1133,0.004860743529082834,76
2,1134,0.004179254108843566,68
2,1135,0.0037634153131933523,67
2,1136,0.006118037362248585,68
2,1137,0.0020786896990918624,70
2,1138,0.00434000707710025,67
2,1139,0.004175245023101404,69
2,1140,0.0032360492610412905,67
2,1141,0.004709416936710786,74
2,1142,0.00455991585816562,68
2,1143,0.004648306465222296,69
2,1144,0.0032892360740180426,68
2,1145,0.002317545875207716,70
2,1146,0.0035091229412146374,69
2,1147,0.0033746357431055918,68
2,1148,0.0036317832361655172,74
2,1149,0.004774437928134034,66
2,1150,0.004025748979061161,69
2,1151,0.0033267522051194653,68
2,1152,0.004341183149067285,69
2,1153,0.0030659823328215152,80
2,1154,0.00512709824213875,67
2,1155,0.005741192827715458,69
2,1156,0.005706726260514605,91
2,1157,0.0032141417049836862,73
2,1158,0.004986860893460364,87
2,1159,0.004123157055183624,68
2,1160,0.004471318206340905,66
2,1161,0.0035171087987459493,68
2,1162,0.0037604953931525964,69
2,1163,0.004060174342174372,68
2,1164,0.004501931678516258,78
2,1165,0.00298905203201949,88
2,1166,0.0028157310808072378,85
2,1167,0.004594901304961652,72
2,1168,0.005165928766340644,88
2,1169,0.004636460362490144,67
2,1170,0.004584150829464839,75
2,1171,0.004531368744736364,67
2,1172,0.00550502638392486,73
2,1173,0.003950485455006758,73
2,1174,0.00307060462714448,68
2,1175,0.0027825668033529816,67
2,1176,0.003019458445676748,74
2,1177,0.0031129768796455126,68
2,1178,0.0024511674340267353,71
2,1179,0.0038179098379345633,79
2,1180,0.003778739346316784,79
2,1181,0.003718163012206399,72
2,1182,0.0041219444742267575,76
2,1183,0.003179207022562136,79
2,1184,0.0038130804163796217,68
2,1185,0.006004387293559843,91
2,1186,0.0030448087005629787,67
2,1187,0.0037604413644863888,69
2,1188,0.0050265597115839444,80
2,1189,0.004303111091364109,66
2,1190,0.0031122767025796305,68
2,1191,0.004783984222134358,70
2,1192,0.0032135443386264173,89
2,1193,0.0038454257534160374,66
2,1194,0.005369212353054986,67
2,1195,0.004082415743907664,68
2,1196,0.002687910650720493,69
2,1197,0.0043170946242907515,68
2,1198,0.002795443373836748,68
2,1199,0.00413339476410457,67
2,1200,0.004450140314681494,74
2,1201,0.005766912730958057,76
2,1202,0.004152039980532207,79
2,1203,0.003135058739596741,68
2,1204,0.003108498351494793,69
2,1205,0.004204187540912896,68
2,1206,0.0040178609203018745,67
2,1207,0.0038560830697291215,70
2,1208,0.003858849860443797,68
2,1209,0.004178584666125196,72
2,1210,0.004118588432551584,70
2,1211,0.0029197521228143675,82
2,1212,0.004705401505402329,69
2,1213,0.0050695766992900765,66
2,1214,0.0045848680573107314,68
2,1215,0.004838896234165835,72
2,1216,0.004247351056500315,68
2,1217,0.004870926802248321,67
2,1218,0.003268276462969566,67
2,1219,0.003982529298436788,69
2,1220,0.0032533528993874405,68
2,1221,0.003714946447181844,67
2,1222,0.003117028446601555,68
2,1223,0.0035985708293777563,86
2,1224,0.005202371819978069,74
2,1225,0.004756018182944577,68
2,1226,0.003032100504572588,79
2,1227,0.0037780740469657292,69
2,1228,0.0017344451192089494,69
2,1229,0.003927262668146025,67
2,1230,0.004145111163440407,74
2,1231,0.0021487199555271508,69
2,1232,0.002647162759924493,77
2,1233,0.004276576840259727,70
2,1234,0.0037303947731866516,69
2,1235,0.003959440498855549,70
2,1236,0.003297209266521106,88
2,1237,0.00393059812097174,70
2,1238,0.003983973641720651,76
2,1239,0.0034222962779243415,68
2,1240,0.0032748674004567935,69
2,1241,0.004907881526556079,76
2,1242,0.0041695356489109825,70
2,1243,0.003862330853685786,67
2,1244,0.003612821289512569,81
2,1245,0.005748760066772551,66
2,1246,0.0038572113280581632,69
2,1247,0.004435924682848813,69
2,1248,0.005695552022544154,121
2,1249,0.004797842655928752,86
2,1250,0.0031012011085791436,67
2,1251,0.0055368414303228475,75
2,1252,0.002644477120705424,81
2,1253,0.003532182427167352,71
2,1254,0.005107943338800713,76
2,1255,0.004907272220200265,69
2,1256,0.003776354591446429,69
2,1257,0.00297795283384672,74
2,1258,0.00490491658107628,68
2,1259,0.003739084024902861,68
2,1260,0.004279452882875012,68
2,1261,0.003180930266898585,83
2,1262,0.0032471794327360026,77
2,1263,0.005562550337779415,67
2,1264,0.003228697834516514,68
2,1265,0.003991317463969857,67
2,1266,0.005130021562745446,72
2,1267,0.004579646788049896,100
2,1268,0.005702808832381945,67
2,1269,0.004497743467109183,67
2,1270,0.00477413070089816,69
2,1271,0.005145568720358984,67
2,1272,0.0037696033548625385,74
2,1273,0.005199716449389213,92
2,1274,0.003837380288191583,68
2,1275,0.0035987093862067943,68
2,1276,0.005243765201963568,74
2,1277,0.003385294861514898,68
2,1278,0.0047869774239061025,69
2,1279,0.006526689196497015,68
2,1280,0.005619189049479667,67
2,1281,0.006219036749925522,69
2,1282,0.00466611762237179,67
2,1283,0.0025761370521836247,70
2,1284,0.003599494439154305,71
2,1285,0.00371167692008334,77
2,1286,0.004694053426911982,107
2,1287,0.0043671158448734815,69
2,1288,0.002468163111574828,73
2,1289,0.003019964094375993,97
2,1290,0.005818642089546189,67
2,1291,0.004523208766867071,68
2,1292,0.003347104570620818,71
2,1293,0.004499913415985157,67
2,1294,0.004223119919976925,73
2,1295,0.005170567695684802,85
2,1296,0.0036215084690027766,70
2,1297,0.004300009134697302,68
2,1298,0.003841600990493549,71
2,1299,0.00642811518863784,99
2,1300,0.0031120471243850645,69
2,1301,0.003290281150358565,68
2,1302,0.0035060201050542417,67
2,1303,0.0035344818416152,67
2,1304,0.0043752234401052414,77
2,1305,0.003979580821739548,68
2,1306,0.003049659300277119,73
2,1307,0.0033714415477005266,85
2,1308,0.004952253785339311,70
2,1309,0.0044395776974348045,78
2,1310,0.003443277819367485,70
2,1311,0.004399011893125304,84
2,1312,0.005330653309878253,68
2,1313,0.004069677073736455,62
2,1314,0.004133199218795958,67
2,1315,0.0038343655255771436,69
2,1316,0.0032764947006133083,71
2,1317,0.004394004924760664,67
2,1318,0.0044828722592925585,77
2,1319,0.006681293525604204,68
2,1320,0.003263218760489628,68
2,1321,0.0030703397414783007,70
2,1322,0.0028153665312522502,69
2,1323,0.005196662766596735,103
2,1324,0.0034919278164857737,77
2,1325,0.003860079216302381,67
2,1326,0.0036560891309758703,68
2,1327,0.004038209347279512,67
2,1328,0.0032936681315626215,83
2,1329,0.004915449847984199,69
2,1330,0.003329105599747084,68
2,1331,0.004507894184326733,67
2,1332,0.004341464227458278,66
2,1333,0.0033805368106563094,69
2,1334,0.004481512314146285,68
2,1335,0.003926651198232184,78
2,1336,0.004376061860734692,66
2,1337,0.004400296055987685,77
2,1338,0.005285904692546195,95
2,1339,0.005375589966766681,68
2,1340,0.0040918237701415006,68
2,1341,0.004486940432350817,77
2,1342,0.004028515102271424,69
2,1343,0.002860868147590123,70
2,1344,0.0038956967863666425,82
2,1345,0.003994072367989099,67
2,1346,0.0030266279108376315,94
2,1347,0.0033984595319968003,84
2,1348,0.0034640322251950906,77
2,1349,0.005181557978796603,69
2,1350,0.0034966925959089012,68
2,1351,0.002474633814426197,77
2,1352,0.004077602693820959,69
2,1353,0.0034327404870908573,67
2,1354,0.004248003218287,68
2,1355,0.004403122642691493,95
2,1356,0.00495450165022826,67
2,1357,0.00697817130215328,102
2,1358,0.0034807935462000117,69
2,1359,0.002721437379371222,67
2,1360,0.003575568609281876,67
2,1361,0.0069853776725199435,62
2,1362,0.004842095204203534,67
2,1363,0.0030144371961196015,73
2,1364,0.005392329912704885,67
2,1365,0.003210865743338176,68
2,1366,0.004728550532894893,92
2,1367,0.0033958656501239526,68
2,1368,0.003300473567690254,73
2,1369,0.002917640832135582,68
2,1370,0.004346567586863137,65
2,1371,0.004325164544539906,68
2,1372,0.004597772321034421,67
2,1373,0.004008009285487224,61
2,1374,0.004400867188728119,77
2,1375,0.0065305341125496685,72
2,1376,0.004297306338978624,67
2,1377,0.003282003515613252,69
2,1378,0.00415869196322971,73
2,1379,0.003844239479096123,68
2,1380,0.004414701251243436,67
2,1381,0.004265536478720855,68
2,1382,0.004300584997043527,67
2,1383,0.004026672237936624,71
2,1384,0.0032025895818661443,68
2,1385,0.004060438550809398,73
2,1386,0.003752926766507403,68
2,1387,0.005958706657030799,68
2,1388,0.00551014155374327,82
2,1389,0.0036669165717184704,70
2,1390,0.00548161584318374,79
2,1391,0.0053412432444835956,68
2,1392,0.003009194175479013,69
2,1393,0.0026188343077552245,69
2,1394,0.003010637553773843,69
2,1395,0.004531208036795298,68
2,1396,0.004174246323321196,68
2,1397,0.0033886006035201144,68
2,1398,0.0036982519023155414,68
2,1399,0.004689587578278642,67
2,1400,0.003945170077584659,71
2,1401,0.003643561466246059,80
2,1402,0.0037164586144551315,68
2,1403,0.004084365112978605,74
2,1404,0.003998367132323599,74
2,1405,0.003864177216425846,66
2,1406,0.004334701382508743,67
2,1407,0.0037012941421405987,68
2,1408,0.00405615058688813,68
2,1409,0.004683402990619756,97
2,1410,0.004683973055285118,85
2,1411,0.005590175467117653,76
2,1412,0.003983756333821475,68
2,1413,0.005184953175267459,66
2,1414,0.00441858431534492,90
2,1415,0.002797569026885327,71
2,1416,0.0032967095097035104,68
2,1417,0.005082925255192883,70
2,1418,0.004345471764708231,77
2,1419,0.002543045654293752,70
2,1420,0.005149891971537479,70
2,1421,0.002711080535910737,70
2,1422,0.004446058366829181,62
2,1423,0.0034083856853706074,69
2,1424,0.0035069876863870197,71
2,1425,0.00442331593991363,69
2,1426,0.003863789589627853,67
2,1427,0.0033668735417079487,85
2,1428,0.004609464302080424,68
2,1429,0.003767110741607238,73
2,1430,0.002515327574865389,69
2,1431,0.005080537561124032,67
2,1432,0.003650307162103128,69
2,1433,0.004769683797339663,84
2,1434,0.0038174334161248033,88
2,1435,0.004167298435667766,67
2,1436,0.0038943014728367586,67
2,1437,0.004080538136565837,68
2,1438,0.003025460786740819,71
2,1439,0.004452589216158875,68
2,1440,0.004131181247975291,78
2,1441,0.00415625408692466,69
2,1442,0.004435717464499556,67
2,1443,0.005267779964283847,67
2,1444,0.0027536414452258295,68
2,1445,0.002743520026297852,68
2,1446,0.002460955983916824,68
2,1447,0.004492302447586138,66
2,1448,0.003301276191927549,67
2,1449,0.005007898758174034,68
2,1450,0.003954856444300492,81
2,1451,0.005231349490258053,68
2,1452,0.002906281838562147,72
2,1453,0.003897406436577211,76
2,1454,0.002857187801380001,67
2,1455,0.0036116700725593587,73
2,1456,0.004978807840228638,67
2,1457,0.006133880759429666,66
2,1458,0.0036036317767227377,76
2,1459,0.0032507433143370568,69
2,1460,0.004577192613854364,68
2,1461,0.005540966469633979,68
2,1462,0.003934344093764697,68
2,1463,0.003401403620900356,71
2,1464,0.003936041251210498,82
2,1465,0.003656865428615763,67
2,1466,0.003832530553817992,69
2,1467,0.005487247549456009,86
2,1468,0.0033024434681716563,74
2,1469,0.004179493890027974,69
2,1470,0.0029331700251299386,76
2,1471,0.003890679958577503,69
2,1472,0.004307461850845795,77
2,1473,0.004269313904296079,68
2,1474,0.005715364942281309,67
2,1475,0.004037501966021706,69
2,1476,0.0050183658931349795,68
2,1477,0.0029857869875582477,68
2,1478,0.003287874722438189,75
2,1479,0.004165732736082117,67
2,1480,0.003193020399687607,70
2,1481,0.004414590779387828,70
2,1482,0.003514618426297633,66
2,1483,0.003859777267169351,67
2,1484,0.00357749879891045,69
2,1485,0.004232193296973996,69
2,1486,0.005178278544318182,68
2,1487,0.003749042670954772,69
2,1488,0.005254970041018492,76
2,1489,0.0057285085070497566,67
2,1490,0.003664801704459264,67
2,1491,0.003127691865309923,69
2,1492,0.004677566912640874,88
2,1493,0.0046872756383911085,67
2,1494,0.004158838748010374,68
2,1495,0.004128155175796566,73
2,1496,0.003932988985776376,70
2,1497,0.004724385006091292,75
2,1498,0.00281163612433169,68
2,1499,0.003338974509702289,66
2,1500,0.003346902709433053,70
2,1501,0.004386836212950478,116
2,1502,0.0029251015386214663,66
2,1503,0.005786934827129109,101
2,1504,0.005689350306209706,84
2,1505,0.004083958305670099,67
2,1506,0.0027876844407063728,71
2,1507,0.004579252184327864,67
2,1508,0.0033397890966081756,79
2,1509,0.0025374284645858225,67
2,1510,0.0036712876022649554,67
2,1511,0.004055808456159382,76
2,1512,0.0027389036534785083,68
2,1513,0.003935025727485719,68
2,1514,0.004934152093850452,67
2,1515,0.004028843705206453,76
2,1516,0.0036832316626232986,74
2,1517,0.003773649003359858,68
2,1518,0.004250337663291748,67
2,1519,0.0044317273290059855,68
2,1520,0.004727375543186807,67
2,1521,0.005139138882045202,67
2,1522,0.0038344851024605386,82
2,1523,0.0034780888196163096,69
2,1524,0.003014888289682688,67
2,1525,0.0023467810140537226,72
2,1526,0.0036272963760636268,68
2,1527,0.0030903769024329675,68
2,1528,0.004135013670744647,77
2,1529,0.003638139210231761,82
2,1530,0.005563634333015655,68
2,1531,0.0030700092724395,68
2,1532,0.004210906854726693,68
2,1533,0.005183460476769763,86
2,1534,0.004760516904116052,67
2,1535,0.003622838042300125,80
2,1536,0.005166866239150303,78
2,1537,0.0033405999550351617,69
2,1538,0.005905753429397698,67
2,1539,0.003322369390405866,70
2,1540,0.00327844566958424,68
2,1541,0.0038659655041672902,88
2,1542,0.0026773077174785387,69
2,1543,0.005232722260065006,76
2,1544,0.00392000319724034,68
2,1545,0.0030721902684678337,68
2,1546,0.0035231457223741103,68
2,1547,0.0029039226890588132,75
2,1548,0.004850757568736874,68
2,1549,0.003827657545728669,72
2,1550,0.004831423432583359,67
2,1551,0.005054820622787393,67
2,1552,0.003621724171297802,67
2,1553,0.005189291868417545,90
2,1554,0.004614718604063595,76
2,1555,0.005436564376549102,67
2,1556,0.002182824581823506,68
2,1557,0.003559061825410992,68
2,1558,0.004459042156514825,79
2,1559,0.004141223859925658,67
2,1560,0.00347749759687932,68
2,1561,0.004511652154810086,71
2,1562,0.004288202420622,106
2,1563,0.003465348078054542,88
2,1564,0.003621350612811089,68
2,1565,0.0051859023222950995,67
2,1566,0.00600672941084629,72
2,1567,0.003008763277372317,88
2,1568,0.004135260569799071,78
2,1569,0.003681516998554679,67
2,1570,0.004007969343030715,70
2,1571,0.0046809522764476585,76
2,1572,0.00463555733786869,69
2,1573,0.004617043153692185,75
2,1574,0.006144096021569401,68
2,1575,0.0037181808523322757,81
2,1576,0.003806578649607595,67
2,1577,0.005699628047424965,93
2,1578,0.004149161793586487,67
2,1579,0.0046866638025438445,96
2,1580,0.002657599152582235,68
2,1581,0.005566046656989898,76
2,1582,0.00344338675030631,68
2,1583,0.0038198016340793423,67
2,1584,0.0033795525064457266,70
2,1585,0.0037704290685772746,67
2,1586,0.005888091949533547,75
2,1587,0.004270528214920799,79
2,1588,0.0046725921188535136,68
2,1589,0.004479702268683439,68
2,1590,0.0031812014152309276,77
2,1591,0.003395865612698945,69
2,1592,0.005504082025941215,90
2,1593,0.004992060462518655,85
2,1594,0.004564761119592781,67
2,1595,0.002715373823030859,71
2,1596,0.004450549474829257,68
2,1597,0.00548098555098131,100
2,1598,0.00450704741038066,67
2,1599,0.004207256921797908,68
2,1600,0.004542548900051027,67
2,1601,0.004110568442142637,69
2,1602,0.004096680587382995,78
2,1603,0.004955520717084938,81
2,1604,0.00530536796581238,69
2,1605,0.0032089675120904326,68
2,1606,0.0026052229099464697,68
2,1607,0.0041470490828604545,67
2,1608,0.0034881405899725992,70
2,1609,0.003691772020350148,70
2,1610,0.002274036499158638,69
2,1611,0.003891971112151199,69
2,1612,0.006492052233212475,66
2,1613,0.0035393138835216054,77
2,1614,0.004045344476750978,68
2,1615,0.00467255640695019,68
2,1616,0.005091499809487865,67
2,1617,0.0034331290002168613,72
2,1618,0.004999835331410241,67
2,1619,0.003910338733640217,73
2,1620,0.0042704814479643805,80
2,1621,0.003821303492143935,68
2,1622,0.007072927898056247,88
2,1623,0.0033428525231439243,69
2,1624,0.004485048690547222,74
2,1625,0.005216592233853623,69
2,1626,0.004389848925533846,78
2,1627,0.003995697569417089,69
2,1628,0.00733168497795339,63
2,1629,0.00317733510684598,67
2,1630,0.004704946650171848,68
2,1631,0.0029687319600777418,73
2,1632,0.005031536294133332,95
2,1633,0.0023382245008119404,68
2,1634,0.0032413297332979096,67
2,1635,0.004098307524885825,78
2,1636,0.0029683306134514753,69
2,1637,0.004512615500878725,95
2,1638,0.0038495534009314047,68
2,1639,0.0037149908507051466,75
2,1640,0.005192945766409829,68
2,1641,0.0036613413698856068,69
2,1642,0.004015468470046191,68
2,1643,0.00504285994802145,68
2,1644,0.006354380019932687,109
2,1645,0.0038294858078508076,72
2,1646,0.005034788108756627,72
2,1647,0.006574760319515649,68
2,1648,0.006342620083813366,90
2,1649,0.006364153583220844,75
2,1650,0.005355211277166649,86
2,1651,0.0041002847916876695,72
2,1652,0.002841876412447153,69
2,1653,0.004846003177862379,91
2,1654,0.003617178595795245,70
2,1655,0.003996629305213384,75
2,1656,0.005036247723668369,86
2,1657,0.0037414656451760786,68
2,1658,0.0028524566001287277,67
2,1659,0.004208196727152891,83
2,1660,0.0024086582971801773,67
2,1661,0.003282058351560091,80
2,1662,0.002501164206916928,69
2,1663,0.003727655935073182,67
2,1664,0.004253863779254297,67
2,1665,0.0027057277502025023,70
2,1666,0.005691983451736993,77
2,1667,0.003716418265352406,70
2,1668,0.0041501384401355645,69
2,1669,0.0031007940837971537,69
2,1670,0.003804189132856517,72
2,1671,0.003916481477837297,67
2,1672,0.004301757307470733,68
2,1673,0.003766495617700427,68
2,1674,0.002568826879347043,78
2,1675,0.004128914111690141,70
2,1676,0.0036377662908328445,69
2,1677,0.004224046082771327,67
2,1678,0.004614068035836361,92
2,1679,0.005181394510308968,67
2,1680,0.0037851243325729422,69
2,1681,0.004502351010579275,67
2,1682,0.00368598460179681,71
2,1683,0.0036812734562501337,67
2,1684,0.004806809684636648,79
2,1685,0.0038643686139270272,77
2,1686,0.003101516710325769,68
2,1687,0.004178065756653249,67
2,1688,0.0030139864913766856,71
2,1689,0.003398795579694913,80
2,1690,0.004194600449643968,66
2,1691,0.0033961126716047785,69
2,1692,0.004215598165504875,73
2,1693,0.0034365713127407216,81
2,1694,0.003391793992869707,69
2,1695,0.004787101046078823,68
2,1696,0.004019409717234412,67
2,1697,0.006853351308932998,67
2,1698,0.0030802625104517367,76
2,1699,0.006671476557916445,66
2,1700,0.004122322267666255,67
2,1701,0.003955920908460531,67
2,1702,0.004305407204499623,69
2,1703,0.0037476902914145294,67
2,1704,0.0036881733323652632,69
2,1705,0.006393496346951966,68
2,1706,0.0028975860550612964,82
2,1707,0.0042680393349850965,85
2,1708,0.004690033592000889,82
2,1709,0.005461309749359822,74
2,1710,0.00501635887364571,71
2,1711,0.0037635245861164512,69
2,1712,0.004250514936789518,75
2,1713,0.0052801161514574035,66
2,1714,0.005350638730797608,67
2,1715,0.003465061406905834,68
2,1716,0.004695163442015371,68
2,1717,0.0035939275016474426,73
2,1718,0.0032366284115964428,70
2,1719,0.0033895200563491823,67
2,1720,0.004971526565381079,82
2,1721,0.0033845636338906138,69
2,1722,0.005177089228984966,67
2,1723,0.003783763200500223,76
2,1724,0.0045157872828676116,68
2,1725,0.004092108931345595,79
2,1726,0.007050034843713304,69
2,1727,0.0063108578648654046,69
2,1728,0.003810023456053746,67
2,1729,0.00420788963894192,97
2,1730,0.0031749695606911044,81
2,1731,0.0054689161753664894,67
2,1732,0.0036572533531798457,74
2,1733,0.002992162404579557,82
2,1734,0.005318942243465352,69
2,1735,0.002196051563787438,67
2,1736,0.003387506910840443,73
2,1737,0.004102061738838703,70
2,1738,0.004550677163714156,70
2,1739,0.004000031825229788,68
2,1740,0.0034801799370327013,68
2,1741,0.004801884815847424,69
2,1742,0.005280749701494503,71
2,1743,0.005139461821066393,71
2,1744,0.0038606042416336472,67
2,1745,0.002855220178877016,69
2,1746,0.0036909695644334883,80
2,1747,0.0031064796681737894,67
2,1748,0.004783768321779791,68
2,1749,0.00449144055141848,67
2,1750,0.002758541208460308,71
2,1751,0.0037904427174895172,68
2,1752,0.003376016907827184,71
2,1753,0.004587197539563381,76
2,1754,0.0029923528217141726,67
2,1755,0.004032327489599807,70
2,1756,0.003361392783925554,69
2,1757,0.003397903274284131,68
2,1758,0.0034938324147756883,73
2,1759,0.004912663281288421,90
2,1760,0.00332314574303183,67
2,1761,0.00414348147407817,72
2,1762,0.004185677517634989,91
2,1763,0.0032507410172627482,69
2,1764,0.006180578100348,85
2,1765,0.005850915898449438,67
2,1766,0.0028455701659903243,75
2,1767,0.005508591254927753,67
2,1768,0.003628785397709944,67
2,1769,0.0036708728926606593,68
2,1770,0.005525625436828913,74
2,1771,0.003443349571794596,68
2,1772,0.004076654504926336,86
2,1773,0.005085283919356837,82
2,1774,0.004994640992604979,68
2,1775,0.004498764998407845,69
2,1776,0.0031623882923186297,68
2,1777,0.003990897581094166,76
2,1778,0.006659809257521965,94
2,1779,0.0037036381904587135,73
2,1780,0.004047670439506712,90
2,1781,0.0036662998599533703,72
2,1782,0.004861463854875958,68
2,1783,0.003688211023762711,68
2,1784,0.004580033099708891,62
2,1785,0.003054187806444175,68
2,1786,0.004789190109378505,67
2,1787,0.003630770689858037,85
2,1788,0.004412193185661661,73
2,1789,0.004139774657242579,71
2,1790,0.003317301964253172,69
2,1791,0.004827035009090985,68
2,1792,0.0034766222949189074,74
2,1793,0.004083900358139325,70
2,1794,0.0044374086989323325,67
2,1795,0.005007584935612486,66
2,1796,0.0035707799909216464,81
2,1797,0.0027167255628260945,83
2,1798,0.004276348956133602,68
2,1799,0.003665798961700828,68
2,1800,0.0037739225573631408,96
2,1801,0.005030344596598346,69
2,1802,0.0028836061271443336,69
2,1803,0.005292134486856281,101
2,1804,0.00392349713829987,68
2,1805,0.0030568693901036614,69
2,1806,0.004076010754011428,68
2,1807,0.004882439845548869,67
2,1808,0.0043593568403565985,83
2,1809,0.004895194105896561,111
2,1810,0.003636908695282437,67
2,1811,0.004618660811519959,74
2,1812,0.0034319949396538485,94
2,1813,0.0037606296262000516,69
2,1814,0.0038169461100622804,67
2,1815,0.0033920465116075993,68
2,1816,0.0035494949880015003,68
2,1817,0.003583718282633319,74
2,1818,0.0034673521472583513,75
2,1819,0.003421811458868995,67
2,1820,0.0047282504374198675,115
2,1821,0.0026683852549462816,70
2,1822,0.0047559769828779686,68
2,1823,0.0030265965974096143,75
2,1824,0.005130137281809777,67
2,1825,0.0032177239997756013,76
2,1826,0.0039256151182934795,67
2,1827,0.004179791335989669,67
2,1828,0.0035456213943031722,85
2,1829,0.0042634494987378035,63
2,1830,0.0027733895651363416,68
2,1831,0.003644199538230808,67
2,1832,0.0035896258789502866,82
2,1833,0.003591348171739006,67
2,1834,0.002754035107268016,68
2,1835,0.004123488475415438,70
2,1836,0.002733902053686371,68
2,1837,0.0038400668179204844,68
2,1838,0.0030574160997702687,80
2,1839,0.003720319013119866,76
2,1840,0.00473558243560479,67
2,1841,0.005767307946480171,88
2,1842,0.0036519534191036263,69
2,1843,0.004740666864191806,68
2,1844,0.00397492046000314,68
2,1845,0.0048785662135322205,79
2,1846,0.005215851809386329,68
2,1847,0.004435835560276935,67
2,1848,0.003947797896127758,68
2,1849,0.004341769514934146,78
2,1850,0.004315644277064046,68
2,1851,0.0036905734984744587,68
2,1852,0.00294529337445959,68
2,1853,0.003015771133825673,69
2,1854,0.005209001693776361,67
2,1855,0.003948301948606403,67
2,1856,0.004330956574161271,81
2,1857,0.003973510174796968,81
2,1858,0.0028634533460075717,75
2,1859,0.004913297972441,66
2,1860,0.0029403367401424838,67
2,1861,0.005184359906611036,79
2,1862,0.004992418913568608,72
2,1863,0.0040075812935851385,67
2,1864,0.0034928282439309344,67
2,1865,0.0047633788036838265,67
2,1866,0.005339515264616623,67
2,1867,0.004401372950780247,68
2,1868,0.0034095502174802395,73
2,1869,0.0046463610688297075,68
2,1870,0.004825872717833524,78
2,1871,0.0035046367987837668,68
2,1872,0.005586550984928551,69
2,1873,0.003748135075359982,69
2,1874,0.004416048282328444,85
2,1875,0.005374628353726485,69
2,1876,0.004238034728672235,67
2,1877,0.0049123721007121035,68
2,1878,0.0043167710414068194,75
2,1879,0.003699679185226956,74
2,1880,0.003909110978674746,69
2,1881,0.0029236277782582754,68
2,1882,0.002743251696463389,69
2,1883,0.0036580102313495955,73
2,1884,0.003010201125184353,66
2,1885,0.004267345170721248,76
2,1886,0.003814143036550366,75
2,1887,0.005650059439406108,69
2,1888,0.0038534749405796376,69
2,1889,0.00681518624909927,87
2,1890,0.003401600691251283,75
2,1891,0.0052840205552887876,94
2,1892,0.0036272668371006844,68
2,1893,0.003253440865192747,68
2,1894,0.003981651287593424,69
2,1895,0.0051360926668044815,69
2,1896,0.003897110005342319,67
2,1897,0.0030121722942838547,68
2,1898,0.004455057754285452,84
2,1899,0.00644561370553276,85
2,1900,0.005111434379218793,67
2,1901,0.00290588086802257,70
2,1902,0.0038590339719338784,67
2,1903,0.004457249366359051,67
2,1904,0.0037289745989997902,68
2,1905,0.004651858808857434,67
2,1906,0.005929114970356489,109
2,1907,0.003611477511761163,69
2,1908,0.005175840443168767,67
2,1909,0.0040105538941095364,72
2,1910,0.004334884718704773,67
2,1911,0.005225920070111592,66
2,1912,0.0049005531607543285,71
2,1913,0.004590231341972499,84
2,1914,0.00441799650080732,70
2,1915,0.003051943317017969,68
2,1916,0.00426102387161531,73
2,1917,0.005318427997598074,68
2,1918,0.005583486634543,68
2,1919,0.004110142884528489,69
2,1920,0.004515831952196514,74
2,1921,0.0048581737242548995,68
2,1922,0.004108790938183449,66
2,1923,0.0037450521608619614,68
2,1924,0.005108548678678826,67
2,1925,0.0032009086663671305,68
2,1926,0.0029296018435164273,69
2,1927,0.004121936588312891,68
2,1928,0.00423273901244281,87
2,1929,0.0021472217200202426,69
2,1930,0.004316172054032674,85
2,1931,0.005842996499243525,68
2,1932,0.003901777427157853,63
2,1933,0.003265065877972817,82
2,1934,0.0032835881129366085,73
2,1935,0.004446580925844046,81
2,1936,0.004041896997300287,73
2,1937,0.002954233531134054,80
2,1938,0.003823792894227518,75
2,1939,0.003732830273855736,68
2,1940,0.004779251086396319,67
2,1941,0.004225818252628841,67
2,1942,0.0036798447874865636,68
2,1943,0.004948415652111238,76
2,1944,0.00319858838460485,69
2,1945,0.004621567668058324,95
2,1946,0.004724965330689779,87
2,1947,0.003000644921309137,88
2,1948,0.0033849721840533142,67
2,1949,0.003545164281273161,69
2,1950,0.0032277892886865,72
2,1951,0.004377633442937734,68
2,1952,0.003935714549375358,70
2,1953,0.004614654694417242,70
2,1954,0.004229545306306259,68
2,1955,0.0037987487569089984,68
2,1956,0.006171002407396764,69
2,1957,0.006451324976636766,66
2,1958,0.0038798283227846064,73
2,1959,0.0048514699840087605,69
2,1960,0.005149107675344489,67
2,1961,0.005029893305027823,83
2,1962,0.006046687702295883,69
2,1963,0.0028035017102879256,69
2,1964,0.0027016654839249615,68
2,1965,0.006210967435546111,82
2,1966,0.0035267924914070825,68
2,1967,0.0035775837156117873,72
2,1968,0.0045027512543122095,84
2,1969,0.002897004354489585,69
2,1970,0.0029298781217319547,67
2,1971,0.0039062061960424277,70
2,1972,0.005224507660289701,84
2,1973,0.00405704722589445,71
2,1974,0.004808012923625982,68
2,1975,0.003590363641201799,69
2,1976,0.003417596165899428,68
2,1977,0.0037731557209524924,68
2,1978,0.004755362012727249,69
2,1979,0.0034164422633197744,69
2,1980,0.006381237382183713,91
2,1981,0.0032579175099466395,69
2,1982,0.0038781526435206493,70
2,1983,0.005408593491862734,67
2,1984,0.003530436914504831,70
2,1985,0.003762949304510377,73
2,1986,0.003913532246557105,71
2,1987,0.005376788194005999,90
2,1988,0.004550767488990526,68
2,1989,0.006400738127994798,67
2,1990,0.005849162214124348,113
2,1991,0.0045381563304247585,68
2,1992,0.0045988110616007605,68
2,1993,0.0027697994784676716,68
2,1994,0.004986558683788611,68
2,1995,0.0024216622209142225,68
2,1996,0.006092333404635886,66
2,1997,0.00379445273799911,68
2,1998,0.002952381777283297,66
2,1999,0.004997772814942403,68
2,2000,0.0033401146514388524,69
2,2001,0.002608010485118606,69
2,2002,0.0033979083496821216,68
2,2003,0.0034623637152505493,68
2,2004,0.004808890807248778,67
2,2005,0.004312088309809503,70
2,2006,0.004366637820775288,69
2,2007,0.003171467198352984,73
2,2008,0.0038606707812517405,67
2,2009,0.003961571576940992,68
2,2010,0.0043313998449603375,73
2,2011,0.0031584945632833206,79
2,2012,0.002411591582376249,67
2,2013,0.003150708899870347,69
2,2014,0.003931294350916326,67
2,2015,0.005245379389238858,96
2,2016,0.003672651085360523,68
2,2017,0.003907346440147341,67
2,2018,0.003968620823804669,72
2,2019,0.004409006877991228,72
2,2020,0.0048625500927728105,68
2,2021,0.004057138316666542,84
2,2022,0.005128795752261883,68
2,2023,0.004607061763700737,107
2,2024,0.003628936897070667,68
2,2025,0.003720229905227468,82
2,2026,0.003980031924854188,68
2,2027,0.004023004879150971,66
2,2028,0.0032624417730837685,69
2,2029,0.0034747083667358014,67
2,2030,0.005070504496097916,110
2,2031,0.004372842105499819,66
2,2032,0.004363170956092732,68
2,2033,0.004288816234350679,70
2,2034,0.004030053545066026,67
2,2035,0.004127397710109948,69
2,2036,0.0051697337933972465,68
2,2037,0.004074119079707117,79
2,2038,0.00688811044554255,81
2,2039,0.003582906373536865,73
2,2040,0.006490415580741149,93
2,2041,0.0034451305706164337,84
2,2042,0.0032598083071147532,70
2,2043,0.005818105675676477,67
2,2044,0.0027327975113621283,75
2,2045,0.0033297934644394567,76
2,2046,0.005254659104239945,83
2,2047,0.006283740045809838,84
2,2048,0.004381380876113838,101
2,2049,0.004627929268839814,69
2,2050,0.003405528780314082,78
2,2051,0.004465612889841819,99
2,2052,0.0034742101342313814,67
2,2053,0.004518735861374079,68
2,2054,0.004754601664545333,69
2,2055,0.003942162327024268,69
2,2056,0.004061462802312454,68
2,2057,0.0035796947410073887,81
2,2058,0.0033267476338147417,68
2,2059,0.006569143761576704,83
2,2060,0.0038978043322206446,67
2,2061,0.0038449067329552333,76
2,2062,0.003467366312945197,68
2,2063,0.0021830638762665444,71
2,2064,0.003092220474147478,69
2,2065,0.0036671781569798667,71
2,2066,0.003444736480855859,69
2,2067,0.003628321747540908,68
2,2068,0.005005940627478056,67
2,2069,0.0035053084252455458,67
2,2070,0.004376393239093224,67
2,2071,0.004549084478428389,67
2,2072,0.0032900247938371582,76
2,2073,0.004148864150993581,68
2,2074,0.0030837391593664942,69
2,2075,0.004839180087336414,94
2,2076,0.0036231661215463673,73
2,2077,0.002985490533389812,68
2,2078,0.0037871111619033337,68
2,2079,0.004378013463724351,67
2,2080,0.0035499696876947207,71
2,2081,0.004626146259484654,67
2,2082,0.003792349385831284,75
2,2083,0.0033551629416255224,67
2,2084,0.0025972815643282576,68
2,2085,0.004063844328214494,72
2,2086,0.005110331852528294,87
2,2087,0.0038516328252829746,67
2,2088,0.007413371884963493,67
2,2089,0.004695726401199363,68
2,2090,0.0033334960324339358,68
2,2091,0.003257030542698658,69
2,2092,0.004713501595014047,67
2,2093,0.004037851879378662,72
2,2094,0.005247825017435537,68
2,2095,0.0058696270711841025,69
2,2096,0.003919584809331411,74
2,2097,0.003030719608049681,78
2,2098,0.003708786742381287,69
2,2099,0.0036249884233348073,68
2,2100,0.0038151017737886317,86
2,2101,0.0034139854753237886,68
2,2102,0.0033079486518853285,71
2,2103,0.0028448040653318296,68
2,2104,0.004224080616067272,80
2,2105,0.0029410932655377087,76
2,2106,0.003518871576775634,76
2,2107,0.006691713023860735,73
2,2108,0.005595254669304661,104
2,2109,0.0031427234457626074,72
2,2110,0.004497150243854109,69
2,2111,0.0035678885224744716,71
2,2112,0.004859685378827888,66
2,2113,0.00231868064098803,68
2,2114,0.0052536360324818565,67
2,2115,0.0032107677119626032,68
2,2116,0.0054184677342622445,68
2,2117,0.0069270440253885734,78
2,2118,0.004436985114991798,102
2,2119,0.0027127798487708854,73
2,2120,0.004405321419633235,68
2,2121,0.0028300436402718954,82
2,2122,0.0033548358382067267,68
2,2123,0.004594157207798655,78
2,2124,0.004224555746887182,74
2,2125,0.005668990378472308,67
2,2126,0.005620492240407615,69
2,2127,0.004268324360140796,67
2,2128,0.004685439912024719,67
2,2129,0.004684278437266931,68
2,2130,0.003422433692724103,70
2,2131,0.0036612278438653556,67
2,2132,0.002707314874116351,75
2,2133,0.005486146288716243,68
2,2134,0.004226771435744459,68
2,2135,0.005455928887456121,90
2,2136,0.0036192775742849292,68
2,2137,0.003294892307568742,69
2,2138,0.0034955541123368183,68
2,2139,0.006176849162397385,106
2,2140,0.004531806586534626,68
2,2141,0.0035954045659944978,68
2,2142,0.0035293119606295553,71
2,2143,0.004115995689700447,67
2,2144,0.0035617452102065794,67
2,2145,0.003965891507753061,69
2,2146,0.004202210921832594,68
2,2147,0.003060547931615032,68
2,2148,0.002863477976788542,67
2,2149,0.004031651843454442,83
2,2150,0.005253021515986056,73
2,2151,0.00384968890670212,76
2,2152,0.0035207646456744124,66
2,2153,0.004131984550281298,70
2,2154,0.002648086763640367,70
2,2155,0.004577524532210275,67
2,2156,0.004608197340935538,74
2,2157,0.005369266706251208,68
2,2158,0.00420783835854921,72
2,2159,0.005275557827420729,68
2,2160,0.004429944674489095,80
2,2161,0.003043796474506699,69
2,2162,0.007269217059928307,69
2,2163,0.0038189636462303556,69
2,2164,0.004081104249914702,81
2,2165,0.0031453042666841485,68
2,2166,0.0036996255028134417,79
2,2167,0.003364552913148855,68
2,2168,0.0029695563216488516,72
2,2169,0.0036705397960141717,68
2,2170,0.0029634312800828067,68
2,2171,0.006381206601692946,89
2,2172,0.005732911489555348,66
2,2173,0.004382974037774323,80
2,2174,0.0047096783272159715,79
2,2175,0.004235096998306265,69
2,2176,0.0050771419685964325,67
2,2177,0.00304785498151508,69
2,2178,0.004911377153451357,68
2,2179,0.00399364049270956,83
2,2180,0.005463375703398721,82
2,2181,0.0034671903313823194,68
2,2182,0.004845018861086903,99
2,2183,0.004886676630989961,80
2,2184,0.0046699764462548865,69
2,2185,0.00395656234953512,68
2,2186,0.004163494522402389,96
2,2187,0.00370697859463498,69
2,2188,0.0041970388566473504,72
2,2189,0.005005248541158247,68
2,2190,0.005117784858156282,69
2,2191,0.004710982511292983,90
2,2192,0.004498343385152648,69
2,2193,0.0061621783489490545,69
2,2194,0.00472425283423783,68
2,2195,0.0044692024913119965,72
2,2196,0.005515033098373867,67
2,2197,0.004378578213101503,83
2,2198,0.0032260649220202664,68
2,2199,0.004337137649263578,67
2,2200,0.00339851913716005,93
2,2201,0.0036288919455162993,76
2,2202,0.0037038919286666167,67
2,2203,0.003965884613517101,67
2,2204,0.004439580771585794,67
2,2205,0.004791632439306581,80
2,2206,0.0027739873357165434,74
2,2207,0.0044607646609081675,82
2,2208,0.005244932972540695,68
2,2209,0.0034164091412180464,76
2,2210,0.0040790969496394824,67
2,2211,0.0038732800643981324,72
2,2212,0.0037575029398124737,69
2,2213,0.0030875758535128806,70
2,2214,0.007831297522647523,107
2,2215,0.002915684777339944,68
2,2216,0.005563432749164182,111
2,2217,0.003475275654456822,67
2,2218,0.002987521522524794,72
2,2219,0.004146059902665367,67
2,2220,0.004380288389784659,68
2,2221,0.0030623613516539416,69
2,2222,0.0048352965511229,62
2,2223,0.003515800130419189,67
2,2224,0.00403267036533822,75
2,2225,0.006169448070815001,67
2,2226,0.004397104459491347,79
2,2227,0.004315068251723703,67
2,2228,0.004377926723246772,62
2,2229,0.004248985861901866,72
2,2230,0.002219168074736211,69
2,2231,0.0044125833585614005,67
2,2232,0.0038116107281032097,67
2,2233,0.004734319807605747,68
2,2234,0.005002525718413198,86
2,2235,0.00402081372672447,68
2,2236,0.005741938805647218,67
2,2237,0.003213534239597804,83
2,2238,0.0046106901967973846,69
2,2239,0.004901304634766013,70
2,2240,0.0036767319097144036,68
2,2241,0.0051039724697732325,71
2,2242,0.003636550052134341,68
2,2243,0.0036886321579838732,76
2,2244,0.002067737373749323,69
2,2245,0.0034264778607507873,85
2,2246,0.002331959880885859,69
2,2247,0.0027890172126140422,70
2,2248,0.003575937990057676,69
2,2249,0.003921061899722633,67
2,2250,0.004505171861879154,69
2,2251,0.0037198888372727,68
2,2252,0.004470932067441646,67
2,2253,0.0035368724593378142,86
2,2254,0.006514539835968031,103
2,2255,0.0032192356748632633,79
2,2256,0.0033667156207645155,75
2,2257,0.0036956668608134624,68
2,2258,0.003277215276435097,70
2,2259,0.005897855021156917,67
2,2260,0.003799278963454611,76
2,2261,0.0029952658608195515,68
2,2262,0.004963918336529802,67
2,2263,0.004671055285399572,68
2,2264,0.004659682215873762,95
2,2265,0.004365948483479876,93
2,2266,0.005206002033201873,91
2,2267,0.005656676184169096,68
2,2268,0.0031264791257477054,68
2,2269,0.005123771777593156,76
2,2270,0.004596160844666186,75
2,2271,0.004007061619626606,67
2,2272,0.002597116019029233,67
2,2273,0.002814804624768019,69
2,2274,0.0039594609473648235,73
2,2275,0.0032017050823850424,79
2,2276,0.0033185943111896377,68
2,2277,0.00470921445899275,89
2,2278,0.00558862967126067,93
2,2279,0.0033707750237425005,67
2,2280,0.0027680802005976,75
2,2281,0.0031752038731160948,73
2,2282,0.006142858566991927,102
2,2283,0.004175604234628275,66
2,2284,0.003977313800751503,67
2,2285,0.003094653507219769,68
2,2286,0.003314583398958182,68
2,2287,0.0039533607738279075,67
2,2288,0.0034353563749013327,67
2,2289,0.00413018346039884,68
2,2290,0.0032752559232417378,68
2,2291,0.0033909654469880257,68
2,2292,0.0031446390369929134,68
2,2293,0.0026195030887350423,68
2,2294,0.004352285816570878,68
2,2295,0.003385444882249622,78
2,2296,0.003439245901823429,95
2,2297,0.0030984511337706078,69
2,2298,0.004167908248409291,68
2,2299,0.004089337101883417,81
2,2300,0.0027788118323044397,71
2,2301,0.002417811815876525,70
2,2302,0.0039144297153698715,68
2,2303,0.0028788888877403496,69
2,2304,0.004697227175108565,68
2,2305,0.004025138190464933,68
2,2306,0.0031227446348009447,67
2,2307,0.004140871210228991,67
2,2308,0.004020759301538529,69
2,2309,0.004385656021018869,78
2,2310,0.003494395614173529,69
2,2311,0.004843910589266073,90
2,2312,0.003551367213206813,99
2,2313,0.004382259501406138,67
2,2314,0.003023318062409741,68
2,2315,0.004498665663934753,67
2,2316,0.005097245815485429,91
2,2317,0.004179346831670011,67
2,2318,0.00593545643226856,94
2,2319,0.005523200845636511,97
2,2320,0.005072419699784225,69
2,2321,0.0029882720619057723,71
2,2322,0.0036126698034765203,68
2,2323,0.0038062406726760978,68
2,2324,0.005682960269866005,68
2,2325,0.0038999313137236813,69
2,2326,0.004294073580349389,70
2,2327,0.005769354356762957,108
2,2328,0.004269751738048777,74
2,2329,0.0055794604567436235,68
2,2330,0.0033117214934478834,67
2,2331,0.0035800314825462642,68
2,2332,0.0032511769762280512,70
2,2333,0.0049292551481050495,80
2,2334,0.00503925940794514,67
2,2335,0.0038870685593827004,79
2,2336,0.0024300690011974657,67
2,2337,0.0057678762245432225,76
2,2338,0.0044379686097819615,68
2,2339,0.004990738886986978,69
2,2340,0.004689601268137111,67
2,2341,0.00462425472896133,72
2,2342,0.0035835264107721976,68
2,2343,0.003506845250997176,67
2,2344,0.003496829830949899,67
2,2345,0.004400698118712243,72
2,2346,0.0028596970622107865,68
2,2347,0.003670292299188971,79
2,2348,0.0027812004916676347,78
2,2349,0.00517340488119683,87
2,2350,0.003215323277098059,66
2,2351,0.004896693381718276,69
2,2352,0.0046909932176602,69
2,2353,0.004620241591740626,69
2,2354,0.0037091883667703662,67
2,2355,0.006895439731631314,67
2,2356,0.0029987539149708697,69
2,2357,0.0043671338577516705,68
2,2358,0.006982868425969624,68
2,2359,0.003627297101089777,67
2,2360,0.0050637038946467205,68
2,2361,0.0050820191969247475,68
2,2362,0.003144713517058209,69
2,2363,0.0057342749952865035,94
2,2364,0.0028958679182081726,74
2,2365,0.003304799747775422,68
2,2366,0.003919442754280356,88
2,2367,0.004038075606982439,73
2,2368,0.005604393138041841,67
2,2369,0.00459899213115933,68
2,2370,0.0044069397173831515,87
2,2371,0.0034287529737310196,68
2,2372,0.0038515217396526413,66
2,2373,0.0026277019734649576,68
2,2374,0.002386797868611068,75
2,2375,0.003067693475859834,69
2,2376,0.0038872045355711204,79
2,2377,0.0045930827004797,78
2,2378,0.0032706416187869847,78
2,2379,0.004624497787950821,67
2,2380,0.004617663325846011,67
2,2381,0.006001132171409074,66
2,2382,0.003772822781534013,68
2,2383,0.002972068548748208,71
2,2384,0.004013183719689173,87
2,2385,0.005139539666130233,72
2,2386,0.003277343612991271,80
2,2387,0.0037181201120792817,68
2,2388,0.005844288634688999,62
2,2389,0.0037917744939172104,76
2,2390,0.004300004460026097,71
2,2391,0.00421585493462695,105
2,2392,0.005548470768654057,76
2,2393,0.005269292816262233,67
2,2394,0.003446569133717492,68
2,2395,0.0049868670122167336,69
2,2396,0.004185393572584739,67
2,2397,0.007006561706821235,77
2,2398,0.004097256920204045,87
2,2399,0.0028924796252158824,69
2,2400,0.005769137126726442,68
2,2401,0.0027014649583257944,70
2,2402,0.005060225174346733,63
2,2403,0.0037081401218421184,67
2,2404,0.004518760672193783,77
2,2405,0.0038938249362764354,69
2,2406,0.0038728412250823574,67
2,2407,0.0037729817691984913,67
2,2408,0.0031866009354180047,70
2,2409,0.0034627190051025325,68
2,2410,0.003999349994913359,68
2,2411,0.0038616083849954963,68
2,2412,0.004068224382139385,69
2,2413,0.0022741797765066796,68
2,2414,0.004871693335401384,67
2,2415,0.006145944011334781,62
2,2416,0.0043844581726179,72
2,2417,0.003364388990959255,69
2,2418,0.0034782867977115606,84
2,2419,0.00420082887462854,66
2,2420,0.00372459459465313,68
2,2421,0.0037536355101802643,68
2,2422,0.004900246600578639,68
2,2423,0.004089337645819313,79
2,2424,0.004170895879744729,67
2,2425,0.006236200214271681,79
2,2426,0.0032001084701224203,69
2,2427,0.004147697573045228,67
2,2428,0.004492006666423937,73
2,2429,0.003377784361753955,67
2,2430,0.005344595157134924,67
2,2431,0.004851034591258352,78
2,2432,0.002985328321422287,68
2,2433,0.0031113781605871527,77
2,2434,0.0051090240081239635,67
2,2435,0.0034354878352324536,76
2,2436,0.0033677272065517627,68
2,2437,0.00461180891288282,69
2,2438,0.004801284812528617,82
2,2439,0.004004761396727008,68
2,2440,0.0034641696346130457,67
2,2441,0.004057567639742188,69
2,2442,0.003960142080502105,68
2,2443,0.0045816942374964365,68
2,2444,0.004150703822943469,68
2,2445,0.004174527336550299,91
2,2446,0.00562349488555558,72
2,2447,0.0038472725230963567,67
2,2448,0.002992572188108361,68
2,2449,0.004205039442686687,69
2,2450,0.004274682089737025,69
2,2451,0.0030044259497843395,67
2,2452,0.003254777718207702,69
2,2453,0.0034130689895925936,80
2,2454,0.006633307619811624,68
2,2455,0.0038000045464292587,89
2,2456,0.003401477380501561,68
2,2457,0.004101936881701795,67
2,2458,0.003618338239868235,68
2,2459,0.00443792770360818,67
2,2460,0.007760489727149378,91
2,2461,0.005815528842406215,68
2,2462,0.004763732872680393,67
2,2463,0.0040169688784393864,76
2,2464,0.003949538030253025,67
2,2465,0.004833502550371682,73
2,2466,0.0035062032836559176,67
2,2467,0.004427170779798872,71
2,2468,0.0036168107160465812,68
2,2469,0.0024499188573106068,72
2,2470,0.00406080135297382,69
2,2471,0.00394456654630948,93
2,2472,0.004675633087869557,68
2,2473,0.0033518083750778693,67
2,2474,0.0038442792454292107,68
2,2475,0.0048219528986503946,67
2,2476,0.005781171538378871,68
2,2477,0.004624528512624737,82
2,2478,0.005062962358097334,68
2,2479,0.0030950630370576437,68
2,2480,0.003698087650782167,67
2,2481,0.004164812910989024,69
2,2482,0.0041975393702164965,70
2,2483,0.0037548992217195654,68
2,2484,0.002866757513757423,68
2,2485,0.0028963273259673405,68
2,2486,0.004544001828289956,67
2,2487,0.004543906516329299,68
2,2488,0.004140685186912352,69
2,2489,0.0060276216150577655,67
2,2490,0.003421131758924001,77
2,2491,0.004749966976270614,72
2,2492,0.003977106142919462,67
2,2493,0.00409252992574316,66
2,2494,0.0040647780982009385,68
2,2495,0.003272487144341696,68
2,2496,0.005375719033130055,67
2,2497,0.003961350435475963,67
2,2498,0.0036838204306667843,70
2,2499,0.004459058425490214,68
2,2500,0.003519607293290594,70
8,1,0.00044629241791571683,3
8,2,0.00043399212466677106,3
8,3,0.00044511380143363866,3
8,4,0.0005163159758195812,3
8,5,0.00035674680568043016,3
8,6,0.0003587424976446707,3
8,7,0.0003416549954956549,3
8,8,0.0005876968792998261,3
8,9,0.0003359458296351425,3
8,10,0.00040938708493643006,3
8,11,0.0005783095745351408,6
8,12,0.00027518308074314657,3
8,13,0.00032189108146485346,3
8,14,0.0003251789508084135,3
8,15,0.0004393119913211896,3
8,16,0.00034335834116761,3
8,17,0.0003048394843981894,3
8,18,0.00041951298281805993,3
8,19,0.0003837625009082135,3
8,20,0.00018026530781611871,3
8,21,0.00035625987085963207,3
8,22,0.0003239407557901197,3
8,23,0.0001673054390384232,3
8,24,0.00033376916226368625,3
8,25,0.0003659046192330262,6
8,26,0.0003095581304174422,3
8,27,0.0005263396220530625,3
8,28,0.00046634797930955596,3
8,29,0.0008883907339873875,3
8,30,0.0004211272018486145,3
8,31,0.00033448355591048085,5
8,32,0.00026301360631653115,3
8,33,0.00032995727266404984,3
8,34,0.0008236336255482424,5
8,35,0.00043375165788650527,3
8,36,0.0005320572470429719,3
8,37,0.0005188278985402972,3
8,38,0.00038514534251288257,3
8,39,0.0004201994116025398,3
8,40,0.0003423202034327222,3
8,41,0.0004017565366162268,3
8,42,0.00044253600040200514,3
8,43,0.000388103492332037,3
8,44,0.0003323902452285754,3
8,45,0.0005779015346669691,3
8,46,0.0005147821411729536,3
8,47,0.00032511329901541153,3
8,48,0.0002895629704315339,3
8,49,0.00028382144990801716,3
8,50,0.00034678296482165694,3
8,51,0.0004669624974876774,3
8,52,0.0004096771034892699,3
8,53,0.0004798480307556252,3
8,54,0.0005534126022865848,7
8,55,0.0004181719714024812,3
8,56,0.00040528928940797293,3
8,57,0.0003709781420481173,3
8,58,0.00039263061209560135,3
8,59,0.0004900313362338204,3
8,60,0.0006209319912168776,3
8,61,0.00023845783284659472,3
8,62,0.0002271218133587105,3
8,63,0.0005426748565608985,3
8,64,0.0004598718459204454,3
8,65,0.00031950568027960813,3
8,66,0.0005264117116186018,3
8,67,0.0005448094241744528,3
8,68,0.0005912773059212895,5
8,69,0.0003132222694676168,4
8,70,0.000515100212511832,3
8,71,0.00034168233701625805,3
8,72,0.00046781719919264386,3
8,73,0.0004324409659621775,3
8,74,0.0005488890504115607,6
8,75,0.00035274246377731133,3
8,76,0.000373887780546478,3
8,77,0.0005255998615878443,3
8,78,0.0002304906440264709,3
8,79,0.00046842580194850214,3
8,80,0.000789420996941681,6
8,81,0.00035275061318162937,3
8,82,0.00025133753724637664,3
8,83,0.0003233925695102502,3
8,84,0.00046121089662987114,3
8,85,0.0003330058681870751,3
8,86,0.0006023629042982703,3
8,87,0.000493367742979145,3
8,88,0.00028692066338420474,4
8,89,0.00039046997653524596,3
8,90,0.0002755646228299602,3
8,91,0.00053470110437015,8
8,92,0.0004267113983288384,3
8,93,0.0004991979282308323,4
8,94,0.000566375142091402,3
8,95,0.0004482127247452672,3
8,96,0.0003168915793830829,3
8,97,0.0004894626339202457,4
8,98,0.00028814369344720703,3
8,99,0.0004545032555442474,3
8,100,0.00043451457020438067,3
8,101,0.0003589317331791353,3
8,102,0.00034217892564880614,4
8,103,0.001014100253622252,4
8,104,0.00037702509450365795,3
8,105,0.0004664553452539133,3
8,106,0.0004802646690429402,3
8,107,0.00041523910228591365,3
8,108,0.00039706335515476976,4
8,109,0.0004972285971165946,3
8,110,0.00039103498492409905,3
8,111,0.00036988032476970023,3
8,112,0.0003212954835024595,3
8,113,0.0004547130861557447,3
8,114,0.0004828817712884126,3
8,115,0.0004986614028007763,7
8,116,0.0007093574869065922,3
8,117,0.000587346984860293,3
8,118,0.0003437140150177598,3
8,119,0.0004847871319428876,4
8,120,0.0004477390139148718,4
8,121,0.0005458525087294053,3
8,122,0.00022741239753509834,3
8,123,0.000320543691826769,3
8,124,0.00044999626657049596,4
8,125,0.0005611220068639788,3
8,126,0.0005397274079184111,4
8,127,0.0006200579026903741,3
8,128,0.000401784996715171,6
8,129,0.00047236193022504036,3
8,130,0.0003416779381180124,3
8,131,0.00044333972780286057,3
8,132,0.000528582095761343,3
8,133,0.0003335393284352728,3
8,134,0.000570212743608578,3
8,135,0.0003298451786489798,3
8,136,0.00031535035699536973,3
8,137,0.0004050538339495091,4
8,138,0.00033064563342222186,3
8,139,0.00026974545179264675,3
8,140,0.0004765830117630099,3
8,141,0.00038918233975460126,3
8,142,0.00022404521334629113,3
8,143,0.00032417947303142736,3
8,144,0.0003370424790138937,3
8,145,0.0005177692027644731,3
8,146,0.00039677812051619465,3
8,147,0.00041239340136584035,3
8,148,0.00043362203864788507,3
8,149,0.0005568782061758926,3
8,150,0.00035513399996645045,3
8,151,0.00060450097623993,3
8,152,0.0005085312329261571,5
8,153,0.00047681489685558187,3
8,154,0.0004456973906952211,3
8,155,0.0005117597183500466,4
8,156,0.00040309696088725033,3
8,157,0.0006348549044247198,5
8,158,0.0002955956290995321,3
8,159,0.00029290714622076663,3
8,160,0.0004419730973169722,3
8,161,0.00040092195998353564,3
8,162,0.0005220782387329592,3
8,163,0.00037859706157428175,3
8,164,0.0005365239880037453,3
8,165,0.0003682992632556559,3
8,166,0.0005659956183333703,3
8,167,0.0005309777272523575,3
8,168,0.00033313648925314965,3
8,169,0.0005922130152501426,3
8,170,0.0005352358986149275,3
8,171,0.0002429397532939248,3
8,172,0.0004304899155657127,3
8,173,0.0005152213467403133,3
8,174,0.0006111584353899469,3
8,175,0.00029971628507141634,3
8,176,0.0007338699874379628,3
8,177,0.0005617936691550973,3
8,178,0.0005255835515367568,3
8,179,0.0005438513654763,3
8,180,0.0004002665623417112,3
8,181,0.00032833439852586466,5
8,182,0.0005215409328606369,4
8,183,0.000670606952610453,3
8,184,0.0004724608600771285,3
8,185,0.0003581253064462442,3
8,186,0.0006056441938033785,7
8,187,0.0005958661091250983,3
8,188,0.00031508353440362624,3
8,189,0.0006542274842751272,3
8,190,0.00036260174536739687,3
8,191,0.0006772968017165759,3
8,192,0.0005517115200822653,5
8,193,0.0004603178007659414,3
8,194,0.0006521274216210182,3
8,195,0.0004531432658222423,3
8,196,0.000816786740558989,8
8,197,0.0004920879922551968,3
8,198,0.0004450906932103038,5
8,199,0.00036151506906828557,3
8,200,0.0005206973123969283,6
8,201,0.0003427772653239458,3
8,202,0.0003494839984200526,3
8,203,0.0005164866324291473,3
8,204,0.0003702255219591999,3
8,205,0.00047882912737129413,3
8,206,0.0004957580224457248,3
8,207,0.0005531185750125012,4
8,208,0.0005034360312619057,3
8,209,0.0003039978233401186,4
8,210,0.0006649054348285,5
8,211,0.0006881205043629546,3
8,212,0.00039285257431798115,4
8,213,0.00046107961221686367,4
8,214,0.0005981915056860743,3
8,215,0.0003848749365980564,3
8,216,0.0005365359460764996,3
8,217,0.0005718329772255171,3
8,218,0.00037707202702785825,4
8,219,0.0004080276993768672,3
8,220,0.0006856778158957355,3
8,221,0.000513002399486151,4
8,222,0.0005486940385740491,5
8,223,0.0002881375472720271,3
8,224,0.0004279775726266921,3
8,225,0.00037709615152403675,4
8,226,0.0003516249359385437,3
8,227,0.00045321306486068025,3
8,228,0.0003589226435676274,3
8,229,0.0002997572746812338,3
8,230,0.0003916533338593764,3
8,231,0.0007422249292944327,8
8,232,0.00041131162009583333,3
8,233,0.0003709413349619606,3
8,234,0.0007938186744951836,7
8,235,0.00044504546119339405,3
8,236,0.00045114349494379535,3
8,237,0.0006283918599725435,3
8,238,0.0005918450876559733,3
8,239,0.00041960875527646824,3
8,240,0.00032332525887357466,3
8,241,0.0005010985749965835,3
8,242,0.000476478650370038,3
8,243,0.0003775743034568624,4
8,244,0.00042823245354473016,5
8,245,0.000275333721424853,3
8,246,0.0005311878213192234,3
8,247,0.0006071304555236301,4
8,248,0.0008193782698957541,3
8,249,0.0004927042552044236,3
8,250,0.0007054602694663847,3
8,251,0.00032389705524027423,3
8,252,0.00046447677123595543,3
8,253,0.0004609784937823491,3
8,254,0.0005672726187797572,3
8,255,0.0005297833261419527,3
8,256,0.00023857852446229622,3
8,257,0.0003245121919358551,3
8,258,0.0005260890434004573,6
8,259,0.0003416853804061315,3
8,260,0.0006813198829032641,3
8,261,0.0005437942587982469,3
8,262,0.0004457765263163882,3
8,263,0.0003265981746224389,3
8,264,0.0004036570345254953,3
8,265,0.00031801047627710854,4
8,266,0.0005243122390653498,3
8,267,0.0004980878458111793,3
8,268,0.0007216614949658862,3
8,269,0.00039416958827009907,3
8,270,0.00063940701117432,8
8,271,0.00045139139790950633,4
8,272,0.0004052333495584426,3
8,273,0.0005218779515953065,3
8,274,0.0003176871984011953,3
8,275,0.00048648346040369717,3
8,276,0.000433348866871186,4
8,277,0.0005326068897349989,3
8,278,0.0004869183173157321,3
8,279,0.00042495470955894454,3
8,280,0.0006410461512794674,3
8,281,0.0004419928370796855,3
8,282,0.00024221763662868323,3
8,283,0.0002802437715510031,3
8,284,0.0005016912239665938,3
8,285,0.00037595464162709646,3
8,286,0.0003972366142230843,4
8,287,0.0005522195889109405,5
8,288,0.0004996649503532236,4
8,289,0.0004263241827840991,3
8,290,0.0002734262616080896,5
8,291,0.00031090878797535026,3
8,292,0.0005868521920333603,3
8,293,0.0003415653494131532,3
8,294,0.00037369542810627987,3
8,295,0.0003820606451809816,5
8,296,0.0004709094722052387,3
8,297,0.00031537028736283723,3
8,298,0.00036383093672376354,3
8,299,0.0007608812014235911,12
8,300,0.0005868514299837146,7
8,301,0.0004986401004447583,3
8,302,0.0007340850804763432,3
8,303,0.0003482225447689613,3
8,304,0.0007924812083622834,3
8,305,0.0002667149629792531,3
8,306,0.0005460319420340642,3
8,307,0.00044918195481413736,3
8,308,0.0002906233502832922,3
8,309,0.00044098116882884675,6
8,310,0.000488735005765295,3
8,311,0.0006076598966283653,3
8,312,0.00028196669020463805,3
8,313,0.000371047188740814,3
8,314,0.0004400590846845853,3
8,315,0.0003855928204006265,3
8,316,0.0004140902078884068,3
8,317,0.00046618997145098096,3
8,318,0.0003213167793522098,3
8,319,0.00040094726433981265,3
8,320,0.0005400010354478235,3
8,321,0.0004223866151190636,3
8,322,0.0005815498598644719,3
8,323,0.0006651701301229607,3
8,324,0.00047411707720479424,3
8,325,0.0002222472449781021,3
8,326,0.0004318647020193911,5
8,327,0.00032222879668852844,3
8,328,0.0004973764728195551,5
8,329,0.0005214555604906579,3
8,330,0.00038562030947131287,3
8,331,0.0004226901505718361,3
8,332,0.0006068676681022511,4
8,333,0.00045008438210447643,3
8,334,0.00037732984147131887,3
8,335,0.00031715814912264273,4
8,336,0.0004361478140523234,3
8,337,0.0006898726945711586,3
8,338,0.0006425870800442768,3
8,339,0.000303025590462469,3
8,340,0.0005724846173810194,3
8,341,0.0005554182387936812,3
8,342,0.0005506123389013018,3
8,343,0.00035210634883531267,3
8,344,0.0003157048736425194,3
8,345,0.0003834706799425991,3
8,346,0.0005065856750143816,3
8,347,0.000646414089897962,7
8,348,0.0005630735697763622,3
8,349,0.0004426356209675797,3
8,350,0.0004923635082622058,3
8,351,0.00038105112490094406,3
8,352,0.00043152471199603415,6
8,353,0.00044320522112384353,3
8,354,0.000548391797682235,6
8,355,0.00033840019584158165,3
8,356,0.0003354907571754273,3
8,357,0.0005504416595376593,3
8,358,0.0004884649486256443,4
8,359,0.00036215686468443753,3
8,360,0.00047168949356724,3
8,361,0.00035649428198469835,3
8,362,0.0003562387293264413,3
8,363,0.00042192745454419645,4
8,364,0.0007139377691946502,9
8,365,0.0004232432800370667,3
8,366,0.0004128006044592514,3
8,367,0.0004963750986568538,4
8,368,0.0004308778105182043,5
8,369,0.000399473336681333,3
8,370,0.00034001121404947376,4
8,371,0.00038288098614502886,3
8,372,0.0005130007957376836,3
8,373,0.00040534242865430947,3
8,374,0.0004746738669305084,3
8,375,0.0005302922173454627,3
8,376,0.0006413184236798708,6
8,377,0.0008750126238447065,3
8,378,0.0003419664850414783,3
8,379,0.0004267089687205461,3
8,380,0.0003667657278568215,4
8,381,0.0005416437372411931,3
8,382,0.00029313544424730553,3
8,383,0.0003742934731715275,3
8,384,0.0004678332782011574,3
8,385,0.0005550596232245519,3
8,386,0.0006750656394710619,3
8,387,0.0004431230711324785,3
8,388,0.0005259185797436006,3
8,389,0.00056485563303732,3
8,390,0.0006321032939654025,3
8,391,0.0004187386159859585,3
8,392,0.0004712690102667283,3
8,393,0.0003416045695314729,3
8,394,0.0003940054772093582,3
8,395,0.0005238292347004014,3
8,396,0.00041185084354566914,3
8,397,0.00034865315948995335,3
8,398,0.0005342277988851785,3
8,399,0.0004885316958407326,7
8,400,0.000346950009199154,6
8,401,0.00047237025905566554,5
8,402,0.00044665517938657917,3
8,403,0.00029975384740255073,3
8,404,0.0007220625418842275,4
8,405,0.0004617145533345468,3
8,406,0.00028805045614532787,6
8,407,0.00045358004880652336,3
8,408,0.00025780746574372015,3
8,409,0.0006390639145384958,3
8,410,0.0004929341488448813,3
8,411,0.00035688879298068077,5
8,412,0.00039274641920672426,3
8,413,0.00041647739100070247,3
8,414,0.0002653600232250808,3
8,415,0.00033984446175439054,4
8,416,0.0005836778846038948,5
8,417,0.00014915889515343395,3
8,418,0.0006340176455836843,6
8,419,0.0007950659877948851,3
8,420,0.00034772365347124357,3
8,421,0.0006198385898560366,3
8,422,0.0005320913644351055,3
8,423,0.0002623822599524539,3
8,424,0.00034714360808885125,3
8,425,0.0005239460351327274,3
8,426,0.0004396597164163518,5
8,427,0.0005886640608372407,7
8,428,0.00047424761436465346,3
8,429,0.00044762033229006626,4
8,430,0.000339523613966386,3
8,431,0.0004279439593762868,4
8,432,0.0005241026224559464,3
8,433,0.000350454087742591,3
8,434,0.00042052112327295443,3
8,435,0.0005380181756486913,3
8,436,0.0004209808080653521,5
8,437,0.0005708592749128494,5
8,438,0.0003518165782678273,3
8,439,0.0005964808324376847,3
8,440,0.000550159103901604,5
8,441,0.0002713300571819399,3
8,442,0.0003885288426607181,4
8,443,0.0003625814016150475,5
8,444,0.00041707572961957595,3
8,445,0.0004329566367258231,3
8,446,0.0004946863013249869,3
8,447,0.0005374841002319664,4
8,448,0.0004954305907776124,3
8,449,0.00038281374563242654,3
8,450,0.000702273382073848,3
8,451,0.0004352956875528502,3
8,452,0.0004486841143040987,3
8,453,0.0004596534188305301,3
8,454,0.0006126941308861045,3
8,455,0.0003862808525297301,3
8,456,0.0005889309853431279,3
8,457,0.00037586490361285474,3
8,458,0.000358353695142144,3
8,459,0.0005355084717538761,3
8,460,0.0002250303812491028,3
8,461,0.0005065697710823214,3
8,462,0.0003416431858768165,3
8,463,0.00025564535582656145,3
8,464,0.00042583022926667713,3
8,465,0.0007227842998804856,3
8,466,0.0004150710503288413,3
8,467,0.00039847348157623363,3
8,468,0.0005439244311311597,6
8,469,0.00046550541479462026,3
8,470,0.0003998375253807529,3
8,471,0.0004254881385594711,3
8,472,0.00045620342146074355,3
8,473,0.0006212523271412751,3
8,474,0.00039399395413364235,3
8,475,0.000524697007062036,3
8,476,0.0005763116422528025,3
8,477,0.0006091012463248502,4
8,478,0.0005984910404204236,4
8,479,0.0007008126044701635,4
8,480,0.0006533488748627914,6
8,481,0.00042048170047326305,3
8,482,0.0008324609049157328,6
8,483,0.0004777414071210906,3
8,484,0.0002947583364248385,3
8,485,0.00036333685802480975,3
8,486,0.0004391681446161422,3
8,487,0.0003708658358727579,3
8,488,0.0004542416606914679,3
8,489,0.00043898592526431246,6
8,490,0.0005153127481598574,3
8,491,0.00040485262144296374,3
8,492,0.00032509328558272266,3
8,493,0.00036143737346250315,3
8,494,0.00045747962505104933,3
8,495,0.00037438762168373607,3
8,496,0.0002742264850613685,3
8,497,0.00048072010522914876,3
8,498,0.0004226086326437617,3
8,499,0.0003843383696738867,3
8,500,0.00045570472974687526,3
8,501,0.00048725537062022095,3
8,502,0.00031126011783377816,3
8,503,0.00029750084809665456,3
8,504,0.0006511780077696483,3
8,505,0.0003678742962412995,3
8,506,0.0003496018712640936,4
8,507,0.0008025237114224204,6
8,508,0.0004194963221662018,5
8,509,0.00038321784384742763,3
8,510,0.0003685215319551016,3
8,511,0.0003413663381319765,3
8,512,0.0003657461961087405,3
8,513,0.0007420397214121799,3
8,514,0.0006232349310639762,3
8,515,0.0004293749915404155,4
8,516,0.0006556517648042548,4
8,517,0.0003136759090788255,3
8,518,0.00022110182247392363,3
8,519,0.000474563199514888,3
8,520,0.00023319211443173504,3
8,521,0.00022601438475722269,3
8,522,0.0004001911684424764,3
8,523,0.0005249319999953705,5
8,524,0.0004242012736586087,5
8,525,0.000407186814416316,3
8,526,0.000585179081319942,7
8,527,0.0003275328520908616,3
8,528,0.0003831387489076077,3
8,529,0.000563462255661562,3
8,530,0.00025520180965776795,3
8,531,0.00035559927957157234,5
8,532,0.0003797461693433313,3
8,533,0.0003750836312371719,3
8,534,0.0005081167709051204,3
8,535,0.000270235006100239,3
8,536,0.00022108454315428183,3
8,537,0.0006041668571772907,5
8,538,0.0002907996192437201,3
8,539,0.00037619913583542,3
8,540,0.0004984160251140235,3
8,541,0.0004135139722623027,3
8,542,0.0004729919333748833,4
8,543,0.0006224450311654861,3
8,544,0.0004192537257193818,3
8,545,0.0005667083598012157,3
8,546,0.0004306253786432457,4
8,547,0.0003353633019093083,4
8,548,0.00034297127762139556,3
8,549,0.0005474911889171707,3
8,550,0.00038963928883062326,3
8,551,0.0003765972443766641,3
8,552,0.0006250633040720821,9
8,553,0.00031425744346219586,4
8,554,0.00028012101092622643,3
8,555,0.0004150341091869736,3
8,556,0.0002946870451732142,3
8,557,0.0004375297538415923,3
8,558,0.0006085181049034771,4
8,559,0.0006989448770638451,3
8,560,0.0006012092683296277,5
8,561,0.00041454444723443284,3
8,562,0.00025400173314882313,5
8,563,0.00034487294994867135,3
8,564,0.00040708223430474533,3
8,565,0.0006563498188967287,3
8,566,0.0004677051482769867,3
8,567,0.0005542047978949194,3
8,568,0.0006859388712250336,3
8,569,0.00041916891249238475,3
8,570,0.000470502979602494,3
8,571,0.0005117112793130429,5
8,572,0.0003231665315353016,3
8,573,0.0004241679269631482,3
8,574,0.0006931577476568807,3
8,575,0.0004611464710869706,3
8,576,0.0002413689409342945,3
8,577,0.00036776091970414093,4
8,578,0.0007068953130292543,3
8,579,0.00036846595805817284,3
8,580,0.0005981479948740098,3
8,581,0.00031948523555702657,3
8,582,0.00032023683816018167,3
8,583,0.000636393577387151,5
8,584,0.00033023982969559995,3
8,585,0.0005441017099581669,3
8,586,0.0003165849106395169,3
8,587,0.0005616695252402826,3
8,588,0.0007763569720931618,3
8,589,0.0004953824603503576,3
8,590,0.00048025571755661023,4
8,591,0.0004435099984747559,4
8,592,0.0006146207146335847,3
8,593,0.0008849134150112903,5
8,594,0.0006266859489434395,3
8,595,0.00028358314877774404,3
8,596,0.0003639758587560271,5
8,597,0.0005368612289133878,3
8,598,0.0005744955285470477,3
8,599,0.00027994448005774775,3
8,600,0.0003727378746359866,3
8,601,0.0006741682612014799,3
8,602,0.00041988071108622904,4
8,603,0.00035178868199114977,3
8,604,0.0002410358618568642,3
8,605,0.0006203677678469077,3
8,606,0.0004560784042109134,3
8,607,0.0005454291082668261,3
8,608,0.0003914448358809386,3
8,609,0.0003633928032271694,3
8,610,0.0004349005365373859,3
8,611,0.00048679459683698134,3
8,612,0.0004044002125899171,4
8,613,0.0003799391642953509,5
8,614,0.0004965354568912117,3
8,615,0.0004345107435658191,3
8,616,0.0004880591560944003,3
8,617,0.0004100710281501607,4
8,618,0.0002872264172140149,3
8,619,0.00035299491770857117,3
8,620,0.0006538605628015892,3
8,621,0.00042972484432968194,4
8,622,0.0006484531738319976,3
8,623,0.00042097347716740785,3
8,624,0.00043927705738100453,3
8,625,0.0004314739544930557,3
8,626,0.00039115296002945055,3
8,627,0.0005145746406324259,5
8,628,0.0004237970120525292,3
8,629,0.00041311127036436357,3
8,630,0.0005359295119818919,3
8,631,0.0009192586515475165,3
8,632,0.0004545243696775225,5
8,633,0.00036251674191406513,3
8,634,0.000574315948041193,3
8,635,0.0004821988261266563,3
8,636,0.0003945284890022327,6
8,637,0.0008533318099754883,3
8,638,0.000639605774322427,3
8,639,0.00032716644054708865,3
8,640,0.0004583959468976717,3
8,641,0.0003624814553135902,3
8,642,0.00044413001817034115,3
8,643,0.0007192847691048776,3
8,644,0.0004743304323450437,5
8,645,0.0005678925455523398,6
8,646,0.0005263438197665726,3
8,647,0.0005240408073683422,3
8,648,0.00027532438394051173,3
8,649,0.0005700710186098412,3
8,650,0.0003026628275490939,3
8,651,0.0006931186469633088,4
8,652,0.00046423514796756216,3
8,653,0.00028213274931349064,3
8,654,0.00044359724086384666,3
8,655,0.0005297294864775037,3
8,656,0.0007008779527052367,3
8,657,0.00026640571906771937,3
8,658,0.000311683037536703,3
8,659,0.0005377362364880067,3
8,660,0.0006090855865994449,3
8,661,0.0004521346730816389,4
8,662,0.0005035711458717951,3
8,663,0.0004652924789348978,3
8,664,0.0003709221649288441,3
8,665,0.0006398938432297108,4
8,666,0.00031546958441519557,3
8,667,0.0003342375810823084,3
8,668,0.00038815170719819214,3
8,669,0.0005064694697488603,3
8,670,0.0003000903943719546,3
8,671,0.0006361780696947372,3
8,672,0.00023155448623191077,3
8,673,0.00048249431751501426,3
8,674,0.000515003375988532,4
8,675,0.0002751762688209536,3
8,676,0.00045525079357555676,3
8,677,0.00040052342896601534,3
8,678,0.0005563222412690028,3
8,679,0.00040053669279072057,3
8,680,0.0006652204803913042,5
8,681,0.0003602279203791525,3
8,682,0.00030070293761785827,3
8,683,0.00043679586283640326,3
8,684,0.0004969510748017436,4
8,685,0.0005143267922420591,3
8,686,0.000520488846234346,3
8,687,0.000430885999324504,3
8,688,0.0004445679958814397,4
8,689,0.0005837183503784038,3
8,690,0.0005146867962786961,5
8,691,0.0003906406949678587,3
8,692,0.0004719575466227699,3
8,693,0.0004594509456208318,4
8,694,0.0006695899059607768,3
8,695,0.00042087640060628484,4
8,696,0.000691377908883295,4
8,697,0.0004915405456821231,3
8,698,0.0004208254663036204,6
8,699,0.0003019122318573264,3
8,700,0.0005022551214748372,3
8,701,0.0004273021319766146,3
8,702,0.0003730063435543052,3
8,703,0.0005099255848546314,3
8,704,0.0005996728954861252,3
8,705,0.0003415498544809825,3
8,706,0.00041174566985324734,3
8,707,0.0005327332286194641,3
8,708,0.00015609751136147487,3
8,709,0.00030089660800308726,3
8,710,0.0004015562407598816,4
8,711,0.0003260026033370389,3
8,712,0.00026833716296270627,3
8,713,0.00026709077537867554,3
8,714,0.0007536201530521369,3
8,715,0.0005321419876374023,3
8,716,0.0006355497210825956,3
8,717,0.0007136227457880118,6
8,718,0.00037773492817899657,3
8,719,0.00041266018177232855,4
8,720,0.0003251828416122038,3
8,721,0.0005412127320152393,6
8,722,0.00034283001630153187,3
8,723,0.000464335698012186,3
8,724,0.00043384383867695053,3
8,725,0.0003039477836005444,3
8,726,0.0005309612406592112,3
8,727,0.00041424606123896535,3
8,728,0.00046271264034969395,4
8,729,0.000452249750412026,3
8,730,0.00037793936209551404,3
8,731,0.0007124910784500615,3
8,732,0.0003918072251833937,3
8,733,0.000258535839227636,3
8,734,0.0005138800483222017,3
8,735,0.00038102646670468143,3
8,736,0.0005637257671863294,3
8,737,0.00043763384340411715,3
8,738,0.0006017784345535571,3
8,739,0.0004984540609340171,4
8,740,0.0003198655562198782,3
8,741,0.0004159141371058439,3
8,742,0.000284822472455315,3
8,743,0.0003294730916964528,3
8,744,0.0002322554987067571,3
8,745,0.00046464994155537287,3
8,746,0.00025569741088837805,3
8,747,0.0003910551370569504,3
8,748,0.0003019936438049542,3
8,749,0.0003191061839902254,3
8,750,0.0006971608209125346,3
8,751,0.00037373466875101347,3
8,752,0.00040457854872300025,3
8,753,0.0007202734695619384,3
8,754,0.0003569807629849042,3
8,755,0.00039400815286777524,3
8,756,0.0006052053627068066,3
8,757,0.00046582119816818146,3
8,758,0.0002925447379605872,3
8,759,0.0004706052795914184,3
8,760,0.00037107421933546547,3
8,761,0.00022259421951442704,4
8,762,0.0005120292101911117,3
8,763,0.0006481672103596514,3
8,764,0.00048675110435425495,3
8,765,0.00045007948021358324,3
8,766,0.0007137034755043681,4
8,767,0.00033958865405669947,3
8,768,0.00030694056968749717,3
8,769,0.00035735412721416004,3
8,770,0.0005337304828241796,3
8,771,0.0005616768605826716,3
8,772,0.0004031713699568229,3
8,773,0.00031289758126695766,3
8,774,0.0003695619710025744,3
8,775,0.00021589472435434853,3
8,776,0.0004677219525667242,10
8,777,0.00043063289073752564,3
8,778,0.00040480745540716345,3
8,779,0.0007260841848659716,4
8,780,0.0005395847747259319,3
8,781,0.0003326479842327146,3
8,782,0.0006864370742266646,5
8,783,0.0005239728271865252,3
8,784,0.00033291550780645274,3
8,785,0.0004186122438448736,3
8,786,0.00048389135530474414,6
8,787,0.0003603641085220266,3
8,788,0.00026972506451639067,3
8,789,0.0004958793156889518,5
8,790,0.0003001622477400989,3
8,791,0.00041145206707848825,3
8,792,0.00045481266865887715,4
8,793,0.0006002272499767702,3
8,794,0.00026089221608271984,3
8,795,0.00033513160583950596,4
8,796,0.0006753855538033093,3
8,797,0.00025908371771610206,3
8,798,0.0006617510114028669,3
8,799,0.0006096773498638908,3
8,800,0.0005906456174324948,3
8,801,0.0004993206718846843,4
8,802,0.00030120252627530153,3
8,803,0.000539610063501339,3
8,804,0.0004146050327125117,7
8,805,0.00045574530173941863,3
8,806,0.00041499138924383505,4
8,807,0.0004564795207842032,4
8,808,0.000457563942163397,3
8,809,0.00037421959316452647,3
8,810,0.0004940036100016254,3
8,811,0.0005545297216584255,3
8,812,0.0008127885814895874,5
8,813,0.00032373655380377175,4
8,814,0.00035096396816558517,3
8,815,0.000505678421696687,3
8,816,0.00033065842273938273,3
8,817,0.0004394763756727649,3
8,818,0.0005791945782688268,9
8,819,0.0005581741087288816,3
8,820,0.0005046755105276857,4
8,821,0.00039018318510974925,3
8,822,0.0007285399196625408,3
8,823,0.00039909719556163736,3
8,824,0.0003373399777532038,3
8,825,0.0004893758683700566,3
8,826,0.000764717784933644,3
8,827,0.0003518523245338301,3
8,828,0.0004980796763204287,3
8,829,0.0005574570300281301,4
8,830,0.00040892519993518395,3
8,831,0.0004216591380046264,5
8,832,0.0003344486009615455,3
8,833,0.0003276252426517301,3
8,834,0.00034873552291914134,3
8,835,0.0005069340587121607,3
8,836,0.0004751139592478193,3
8,837,0.00043020432126927854,3
8,838,0.000373529112189408,3
8,839,0.0005062242757157831,3
8,840,0.0007961298970211583,3
8,841,0.0006422768615954588,3
8,842,0.000352248127101773,3
8,843,0.00048068641564158465,3
8,844,0.00028433719265696933,3
8,845,0.000747251133927429,8
8,846,0.00022574720229662226,3
8,847,0.0004321536993409092,4
8,848,0.00030406247322189994,3
8,849,0.0004262071521745625,4
8,850,0.00035108472327338713,3
8,851,0.0003611654937679676,3
8,852,0.0004022504275031924,3
8,853,0.0006175142501488873,6
8,854,0.00046704474542458296,3
8,855,0.0004623244169140728,3
8,856,0.00047293610663423635,3
8,857,0.000339129710451469,3
8,858,0.0005493047098271697,3
8,859,0.0003094712632575325,3
8,860,0.0005191607244713348,3
8,861,0.00038340256574953546,3
8,862,0.0004597667683693407,3
8,863,0.000471619190381245,4
8,864,0.0005222084511211644,5
8,865,0.0006342021144326027,3
8,866,0.00036970550418724546,5
8,867,0.000433517506843506,6
8,868,0.00048201487375587604,3
8,869,0.00038091674794804575,4
8,870,0.0005795521387089719,3
8,871,0.0004112214248427337,3
8,872,0.000467874162399351,3
8,873,0.0005235087456016974,3
8,874,0.0005554085334026349,3
8,875,0.0004844067731128998,3
8,876,0.00038166166056663453,3
8,877,0.00039594039720858287,3
8,878,0.0003939989699081603,3
8,879,0.00041184840467256567,3
8,880,0.0003505839468943561,3
8,881,0.0005263752440831659,3
8,882,0.0004121659080622564,3
8,883,0.0003839918969604228,6
8,884,0.0003130865739410793,3
8,885,0.00044251559469610235,3
8,886,0.0003804829407911825,3
8,887,0.0003918278541702458,3
8,888,0.0005493627962289693,5
8,889,0.00047827235949993163,3
8,890,0.00034723152739707386,3
8,891,0.0004917440519465188,3
8,892,0.00039789705364745576,3
8,893,0.0006196852051215673,3
8,894,0.0004892941299318165,3
8,895,0.0005892243768571559,4
8,896,0.0006020709760778953,5
8,897,0.00043470120992716854,3
8,898,0.0003945698241836215,3
8,899,0.0004989754108913891,4
8,900,0.0003412876508680496,3
8,901,0.0005014576215243149,5
8,902,0.0005535535019081106,3
8,903,0.0003591729302070412,3
8,904,0.0004759803035757626,3
8,905,0.0004624292869379598,3
8,906,0.0005012340501947543,4
8,907,0.000488549731754162,3
8,908,0.0003171121521330367,3
8,909,0.00025778652571994964,3
8,910,0.0004422023195828073,3
8,911,0.0003780109827984379,3
8,912,0.0004987832091039035,3
8,913,0.0004330462352805098,3
8,914,0.0004137372705482756,3
8,915,0.0002878273874497017,3
8,916,0.00030665424718923084,3
8,917,0.0005135555907860301,3
8,918,0.00047182884673555026,5
8,919,0.00036498679831054037,4
8,920,0.0005372728525454007,5
8,921,0.00043679959591153006,3
8,922,0.0004814138722540884,3
8,923,0.00034813509577169555,3
8,924,0.0004122316814730853,3
8,925,0.00041549201744128794,3
8,926,0.0003922226711258192,3
8,927,0.00037016121600241814,3
8,928,0.0005266371504112355,3
8,929,0.0002600595227291169,3
8,930,0.0003246578930998778,3
8,931,0.0004036430912897071,4
8,932,0.0007211570535747835,3
8,933,0.0003947739459796429,3
8,934,0.00031943979242710085,3
8,935,0.00042518926907675336,3
8,936,0.00043364092419118094,4
8,937,0.0005392798140496646,3
8,938,0.0004919293766376676,4
8,939,0.0004711752151193016,5
8,940,0.000515786692269149,3
8,941,0.0005676494955789702,3
8,942,0.0007728169192198209,6
8,943,0.00044454361598478265,3
8,944,0.0005413235144036133,7
8,945,0.0006991185822242119,3
8,946,0.00044173096323274486,5
8,947,0.0006560002331666981,7
8,948,0.00030401615802300164,3
8,949,0.0004981134130190856,3
8,950,0.0004626812359260768,3
8,951,0.00029122110307544524,3
8,952,0.00041344391730857577,5
8,953,0.00023909514958631028,3
8,954,0.000520979118064091,3
8,955,0.0005455270791125955,3
8,956,0.00035811310999656065,3
8,957,0.0003480956028124593,3
8,958,0.00044686755892264785,3
8,959,0.0005459977260152682,3
8,960,0.0004887152910016956,3
8,961,0.0004032252036804129,3
8,962,0.00045569015278046354,3
8,963,0.0004799193440319094,3
8,964,0.0004328134692300756,3
8,965,0.0005165691422726049,3
8,966,0.0004789210655944953,4
8,967,0.0004329850610324537,3
8,968,0.00042216150614049486,4
8,969,0.00042929450018514004,4
8,970,0.00047963520506577595,4
8,971,0.0003918892612860825,3
8,972,0.0003532239489556499,3
8,973,0.00046967497314120976,3
8,974,0.0008282787198767849,3
8,975,0.00039685079529039324,4
8,976,0.0005415179839322326,4
8,977,0.0004684828338183955,5
8,978,0.0005041403960301394,4
8,979,0.0006371284166106772,3
8,980,0.000373822410856095,3
8,981,0.0006621575085326015,4
8,982,0.0004279976236650773,5
8,983,0.00030175116857789064,3
8,984,0.0003441959948965456,4
8,985,0.0005050336407378397,3
8,986,0.00045606740369030785,3
8,987,0.00041799400637809736,3
8,988,0.0004151609871546613,3
8,989,0.0004160529907855093,3
8,990,0.0005153746409795046,8
8,991,0.0004283736201995403,3
8,992,0.0003671112051648606,3
8,993,0.00035369151620590067,4
8,994,0.00027639224874986823,3
8,995,0.0002926239623671778,3
8,996,0.00028407555367870874,3
8,997,0.00040988844169975724,7
8,998,0.00040903161754834994,3
8,999,0.000297374263768857,3
8,1000,0.00027083836027380626,3
8,1001,0.0002645522844830772,3
8,1002,0.0003059615613844602,4
8,1003,0.0005070157104760664,3
8,1004,0.00041715512626305795,3
8,1005,0.0004881737418560572,4
8,1006,0.00025551912377319574,3
8,1007,0.0003865189635524624,3
8,1008,0.0005209124725488179,3
8,1009,0.0006642240590153392,3
8,1010,0.0004765986870722827,4
8,1011,0.00031796601401956615,3
8,1012,0.0004716484155774525,3
8,1013,0.000314754173204701,3
8,1014,0.00039715027068215614,3
8,1015,0.0003193576248179397,3
8,1016,0.00039713699910781664,3
8,1017,0.00043498924411805584,4
8,1018,0.0005184378932199807,3
8,1019,0.0004424508735959565,3
8,1020,0.0006479662955376497,5
8,1021,0.00028129419029232494,3
8,1022,0.0005026410145069216,3
8,1023,0.00026529709929756784,4
8,1024,0.0003680236673661019,4
8,1025,0.0005727779140663747,4
8,1026,0.0004425351732875171,3
8,1027,0.00029158401949369583,3
8,1028,0.0003755467620079056,3
8,1029,0.00026267798213330806,3
8,1030,0.00034231324921030204,3
8,1031,0.0006319223279869224,3
8,1032,0.00034531427463468933,4
8,1033,0.00041477656353805514,5
8,1034,0.00019044887675156996,3
8,1035,0.0004005648539600615,3
8,1036,0.0004024682293642945,3
8,1037,0.0006883569696910785,4
8,1038,0.00035070363792499837,3
8,1039,0.00044639636693788454,3
8,1040,0.0005696420932950197,3
8,1041,0.00022094741974043597,3
8,1042,0.00043077238605249146,3
8,1043,0.0004757544376676748,4
8,1044,0.00047628657098053306,5
8,1045,0.00041240216632010274,3
8,1046,0.0004455770566010875,3
8,1047,0.0005500913259074425,4
8,1048,0.0003161781945718589,3
8,1049,0.0004971907029095446,3
8,1050,0.0004273451755550939,3
8,1051,0.0004910312438936026,3
8,1052,0.00027104394606292104,3
8,1053,0.00047014191276217865,3
8,1054,0.0005000819892497788,4
8,1055,0.0004907289725407105,3
8,1056,0.00026248050229737974,3
8,1057,0.00023971833661251551,3
8,1058,0.0004546933640192652,3
8,1059,0.00046837825352963325,3
8,1060,0.0004879925533807228,3
8,1061,0.0007370423745631793,3
8,1062,0.000887567060525174,5
8,1063,0.0004770392100004184,3
8,1064,0.0006550017846481682,3
8,1065,0.00036521481511375686,3
8,1066,0.0005034124524240235,5
8,1067,0.0003700730802852492,3
8,1068,0.0005546581614351842,3
8,1069,0.0006991009340530097,5
8,1070,0.00041516769024640965,3
8,1071,0.0005645220349979607,3
8,1072,0.0003647676415760026,3
8,1073,0.00035308399505562527,3
8,1074,0.0003155108654770977,4
8,1075,0.000416769691176766,4
8,1076,0.0005897288078859919,3
8,1077,0.0003165748828235504,3
8,1078,0.00037944355025787413,3
8,1079,0.00039031594626415256,3
8,1080,0.0004127177511939195,5
8,1081,0.0005721563987644562,8
8,1082,0.0006223784627613638,10
8,1083,0.0007209545115991478,3
8,1084,0.0005313851811523662,3
8,1085,0.0003607461855557048,3
8,1086,0.0006174552663238408,3
8,1087,0.00048710278821173514,5
8,1088,0.00040221042954013964,6
8,1089,0.0005203358613008469,3
8,1090,0.0006576702418165103,3
8,1091,0.00042484353580007905,3
8,1092,0.0002947271219665426,3
8,1093,0.0005279052829156861,3
8,1094,0.00032582653037582787,3
8,1095,0.0005059282766379791,3
8,1096,0.00048177831821788475,3
8,1097,0.0003314298804630855,4
8,1098,0.0005835286179102228,3
8,1099,0.0007226293540314455,6
8,1100,0.0003361775268435063,3
8,1101,0.00044932975960110255,3
8,1102,0.00030433528101492247,3
8,1103,0.000691700538777984,6
8,1104,0.0005103097674367119,6
8,1105,0.00040755391657409934,3
8,1106,0.0005779118244659265,3
8,1107,0.000527055184386116,4
8,1108,0.0002824745122694816,3
8,1109,0.000345750036989112,3
8,1110,0.00035594756429713215,3
8,1111,0.0003332552873385186,4
8,1112,0.00041802786593292396,3
8,1113,0.0004388960423500343,3
8,1114,0.00039889997746955785,3
8,1115,0.0006060034536721215,3
8,1116,0.000479549941626467,3
8,1117,0.0005884614545523248,6
8,1118,0.0005575554087758894,3
8,1119,0.00047377792296787735,6
8,1120,0.0004410457432214576,4
8,1121,0.0006563410632079991,3
8,1122,0.00026350272324798807,3
8,1123,0.0005737226681863383,5
8,1124,0.0002777938710446515,3
8,1125,0.0007269642629057493,3
8,1126,0.00036244220429282326,3
8,1127,0.0007267949671042051,3
8,1128,0.000503249805935746,4
8,1129,0.00045173382904206694,3
8,1130,0.001041879959784997,14
8,1131,0.00039878756631495094,3
8,1132,0.00023850952090176403,4
8,1133,0.00044145079679758226,3
8,1134,0.0005524363428250634,4
8,1135,0.000712961766001885,3
8,1136,0.0003350935019266199,3
8,1137,0.0004249600892727301,4
8,1138,0.00035770819919289654,3
8,1139,0.00030107332849804713,3
8,1140,0.0003815137676528302,3
8,1141,0.00038426839048222305,5
8,1142,0.0006194420463435657,3
8,1143,0.000664330969049054,9
8,1144,0.0005394863660446725,3
8,1145,0.00033266984910496067,6
8,1146,0.0006432812715545522,3
8,1147,0.0003578719415413545,3
8,1148,0.0004809004696878505,3
8,1149,0.0005409103854685515,3
8,1150,0.0003535962319166641,3
8,1151,0.0005298625029011017,3
8,1152,0.00035901182790376573,3
8,1153,0.000318848424560203,3
8,1154,0.0004792954022357354,3
8,1155,0.00028161867865650336,3
8,1156,0.000757144405764576,4
8,1157,0.0005739974463955799,3
8,1158,0.0003823917389976228,3
8,1159,0.0003835828300533528,3
8,1160,0.0003622479080844232,3
8,1161,0.0006908304765275153,7
8,1162,0.0002739245016352143,3
8,1163,0.0004609689082377688,3
8,1164,0.0004647147639257332,4
8,1165,0.000465608282623875,3
8,1166,0.0005501770918997229,4
8,1167,0.000420162011110059,3
8,1168,0.00025432304395645033,3
8,1169,0.00022403682747007547,3
8,1170,0.00048509012164110743,3
8,1171,0.0004966420615358791,3
8,1172,0.000553090931061706,3
8,1173,0.0003488828607017269,3
8,1174,0.00041304166737821113,5
8,1175,0.0004506690877728592,6
8,1176,0.00042481254036239036,4
8,1177,0.00029113284979542797,3
8,1178,0.00033576788543210334,3
8,1179,0.0003230967018661435,3
8,1180,0.0006439538338870454,3
8,1181,0.0003692755415715121,4
8,1182,0.0004676796525811544,3
8,1183,0.0007156634302394327,5
8,1184,0.0003129902344294333,3
8,1185,0.0005250166168099257,3
8,1186,0.0003258689529762604,3
8,1187,0.0003129579391550896,3
8,1188,0.0006592896249193458,3
8,1189,0.0003686877422166557,4
8,1190,0.0002791658922747797,4
8,1191,0.0004175178916259459,4
8,1192,0.0004465869388199373,3
8,1193,0.0004007410051993787,3
8,1194,0.0003335027556848891,3
8,1195,0.0006217544655141571,3
8,1196,0.0004454895503703815,3
8,1197,0.00032811432011992103,3
8,1198,0.000615717636206492,5
8,1199,0.00044516229871349733,3
8,1200,0.0003811829697117908,3
8,1201,0.0002853836851490765,3
8,1202,0.0005079088991561953,3
8,1203,0.000591569185568519,3
8,1204,0.00038908749505783824,3
8,1205,0.00044960461557003173,3
8,1206,0.0002992169086831198,3
8,1207,0.00027183320700419067,4
8,1208,0.0006316254087325168,3
8,1209,0.00040014219076922597,3
8,1210,0.0005649329851818985,3
8,1211,0.00046276555569446653,7
8,1212,0.0006271445373501328,4
8,1213,0.0002950140820430214,3
8,1214,0.000355578178142274,4
8,1215,0.00040256586071163447,3
8,1216,0.0005525581967918969,5
8,1217,0.00024089040875030499,3
8,1218,0.0005569622709273858,3
8,1219,0.0005887356084374185,3
8,1220,0.0005695165742123365,8
8,1221,0.00034512239441386594,3
8,1222,0.0004221752186264749,3
8,1223,0.0005420229943137178,4
8,1224,0.0003101101406433049,3
8,1225,0.0002346266965236321,3
8,1226,0.0005124912227049139,5
8,1227,0.0006026146106334895,5
8,1228,0.0005660961465244752,6
8,1229,0.00038487387808033846,3
8,1230,0.00038317698890555363,3
8,1231,0.0007711034213829793,3
8,1232,0.00048188267988569233,3
8,1233,0.00033597659618300746,5
8,1234,0.0004964123681397425,3
8,1235,0.00035993136346390564,5
8,1236,0.000316422865567656,3
8,1237,0.00035968074619352475,3
8,1238,0.0004784583834703815,5
8,1239,0.00047822644615991283,4
8,1240,0.0005959954680504476,3
8,1241,0.0003414294298992038,4
8,1242,0.0004969954079075967,3
8,1243,0.0002581036427609096,3
8,1244,0.000662331250409598,7
8,1245,0.0004781694211156706,3
8,1246,0.00042599859107156357,4
8,1247,0.0003427928349242215,4
8,1248,0.0003496017685201691,4
8,1249,0.0003797237864937575,3
8,1250,0.0005081946381486624,6
8,1251,0.0003218992469936621,4
8,1252,0.0003078626478677515,3
8,1253,0.00046495042147887133,4
8,1254,0.0005451388161121784,3
8,1255,0.0003728085414550497,3
8,1256,0.0004374775579153445,3
8,1257,0.0007748415255826036,3
8,1258,0.0003515299373705316,3
8,1259,0.00027069111119804035,3
8,1260,0.00037845595098262574,3
8,1261,0.00036681719656883605,3
8,1262,0.0006980799433640161,3
8,1263,0.0002264777096180337,3
8,1264,0.0003373839947177215,4
8,1265,0.00030566507578566604,3
8,1266,0.0006055891525179602,3
8,1267,0.00029864982168670284,3
8,1268,0.0005284603986348557,3
8,1269,0.00044479792585905287,3
8,1270,0.00037127894475141865,3
8,1271,0.00033192907054091503,3
8,1272,0.0006185347259688445,3
8,1273,0.00039386241206573747,3
8,1274,0.00030569379286427,3
8,1275,0.00038170322368491494,4
8,1276,0.0003181854689768282,3
8,1277,0.0002952878728210706,3
8,1278,0.0006255874182692911,5
8,1279,0.0003579096595668352,3
8,1280,0.0003478060898122193,3
8,1281,0.000620667800891983,3
8,1282,0.00041170965360881606,4
8,1283,0.0006527916817146151,3
8,1284,0.00031941054293921356,3
8,1285,0.0003404122736868631,3
8,1286,0.00043146326310863903,5
8,1287,0.0004147850472674408,3
8,1288,0.0005677504559666313,3
8,1289,0.00047403581784677407,3
8,1290,0.00042494094532613547,3
8,1291,0.0005730981112958,3
8,1292,0.0006132407361604253,8
8,1293,0.00032686881604160334,3
8,1294,0.0003349599701121253,3
8,1295,0.000398231619716527,3
8,1296,0.00038800836116192894,3
8,1297,0.0005078518294240331,3
8,1298,0.0003711732888719288,3
8,1299,0.0005879128834415659,3
8,1300,0.0004264166727794838,3
8,1301,0.0004303671989615565,3
8,1302,0.0003402216606182007,3
8,1303,0.0004749614384339518,3
8,1304,0.00046140486213264165,3
8,1305,0.000603874759648515,3
8,1306,0.0004930274651298028,3
8,1307,0.00024251868357938466,3
8,1308,0.0007066266232621521,4
8,1309,0.00031277210417046675,3
8,1310,0.000616479312497642,3
8,1311,0.00021895539376659556,3
8,1312,0.000707974000507483,6
8,1313,0.00039110623347710094,3
8,1314,0.0005097888470824152,3
8,1315,0.00045665462518940103,3
8,1316,0.0005684850223581783,3
8,1317,0.0007265200147079653,3
8,1318,0.000469782594821222,3
8,1319,0.000728666438781389,3
8,1320,0.000328969280978475,5
8,1321,0.0007261924720929347,3
8,1322,0.0005735239623188004,3
8,1323,0.00027403389326502436,3
8,1324,0.0007673798046886615,3
8,1325,0.0006878162925473275,3
8,1326,0.000370543682923663,3
8,1327,0.0003496624785133684,3
8,1328,0.0006067198927943718,5
8,1329,0.0006702468829775654,3
8,1330,0.00032694933612076316,3
8,1331,0.0004623197611872687,3
8,1332,0.0003990050646122123,3
8,1333,0.0006452626311445053,3
8,1334,0.0005424766931890757,3
8,1335,0.0003120546925061696,3
8,1336,0.0005264791915069456,3
8,1337,0.0003528779819238492,3
8,1338,0.0004706372200802833,3
8,1339,0.0006693322670976443,3
8,1340,0.0003371997555097206,3
8,1341,0.0003814469458134351,3
8,1342,0.0005345774861375552,4
8,1343,0.00039141662888675377,3
8,1344,0.0003901618651652172,3
8,1345,0.000492607594131167,3
8,1346,0.0006174759225546778,3
8,1347,0.0007496246911525839,3
8,1348,0.00044874422209395526,3
8,1349,0.0004681573657618898,3
8,1350,0.0003636586263723318,3
8,1351,0.00043159090748534634,3
8,1352,0.0005196001518331106,3
8,1353,0.0007443356543573865,5
8,1354,0.00035165146649307477,3
8,1355,0.00039935114256439697,3
8,1356,0.0002467425650211075,3
8,1357,0.00033350850688318445,3
8,1358,0.0002782768430046323,3
8,1359,0.00040404900024249013,3
8,1360,0.0004580729500583969,3
8,1361,0.00047756749366500983,3
8,1362,0.0003274423607282917,3
8,1363,0.0004105034416561626,4
8,1364,0.00036869047909449115,3
8,1365,0.000748444471893317,3
8,1366,0.00039826219172456323,3
8,1367,0.0006293149003691045,3
8,1368,0.00048231627451034154,3
8,1369,0.0003952429552542269,3
8,1370,0.0007533910943383071,3
8,1371,0.000644033275007283,3
8,1372,0.00017924117841505716,3
8,1373,0.0004072300066891299,3
8,1374,0.00041024611891737894,5
8,1375,0.0004343123741359367,5
8,1376,0.0005524828882148558,3
8,1377,0.00036437101517539094,3
8,1378,0.0004926838639144338,4
8,1379,0.0005691618894781425,4
8,1380,0.0006782436362585686,3
8,1381,0.0006363118011517566,3
8,1382,0.0008374541262126112,3
8,1383,0.00028140350653027557,3
8,1384,0.00030090920329117754,3
8,1385,0.00037596742271162054,4
8,1386,0.00041350408170715003,3
8,1387,0.00034192659366150124,3
8,1388,0.0003883924929773963,4
8,1389,0.0002467169014210846,3
8,1390,0.00044844258738352405,3
8,1391,0.0005136520004113132,3
8,1392,0.0003745646844975914,3
8,1393,0.0003554798868833364,3
8,1394,0.0002577667067377165,3
8,1395,0.00045233156936419494,3
8,1396,0.0007282887194116627,6
8,1397,0.0006391738437559469,5
8,1398,0.0004853944816150535,3
8,1399,0.0003880262699677006,5
8,1400,0.0005091363661121617,3
8,1401,0.00037048052403554355,3
8,1402,0.0005362575421321569,3
8,1403,0.00040931928143017604,3
8,1404,0.00047222412522418544,4
8,1405,0.0007059334102411663,3
8,1406,0.00037413413331077727,3
8,1407,0.00038593659245378387,3
8,1408,0.0006495529933975286,3
8,1409,0.0003093522542708671,3
8,1410,0.0003908507688001883,3
8,1411,0.0006598268942696883,3
8,1412,0.0004290554130306212,3
8,1413,0.00032244258659386293,3
8,1414,0.000881131565078741,3
8,1415,0.0003824668760771255,3
8,1416,0.00040191482392315514,3
8,1417,0.0007599261974302329,6
8,1418,0.0005840327546042801,3
8,1419,0.00029146155535675344,3
8,1420,0.0004652872678790887,3
8,1421,0.0005854751713894046,3
8,1422,0.00042588981680302673,3
8,1423,0.0004060160336085139,3
8,1424,0.0004970373469228573,5
8,1425,0.0004154774967248809,6
8,1426,0.00014152412375978418,3
8,1427,0.00043007006656847757,3
8,1428,0.0005636302202914889,3
8,1429,0.0004589347392711107,3
8,1430,0.00026461752745254863,3
8,1431,0.0005804364276085217,3
8,1432,0.00041319885426238656,3
8,1433,0.0006185284842407102,3
8,1434,0.0003086048240857897,3
8,1435,0.00039831907960474755,3
8,1436,0.00034255908156943793,3
8,1437,0.00045979229029052826,3
8,1438,0.0002939440772380397,3
8,1439,0.00037200350529686954,3
8,1440,0.0005414460596132598,3
8,1441,0.0003164275831566421,3
8,1442,0.0003635339095930945,3
8,1443,0.0006265583600564284,3
8,1444,0.00037241501273455047,3
8,1445,0.0005012709457706821,3
8,1446,0.0004857544606688968,5
8,1447,0.0001812697165423094,3
8,1448,0.0002243525332338292,3
8,1449,0.0005881568028754947,4
8,1450,0.00040713966552541336,3
8,1451,0.00040318308390913105,3
8,1452,0.0005538454794401515,3
8,1453,0.00042559496729099866,3
8,1454,0.0005702682220752875,3
8,1455,0.0006686318462989504,3
8,1456,0.00025504867979453394,3
8,1457,0.0004610697201123948,3
8,1458,0.00035811354351611424,3
8,1459,0.0007254138163453883,7
8,1460,0.00024345763942656973,3
8,1461,0.0004404376599153048,3
8,1462,0.00048055901840038384,3
8,1463,0.0005212947835695481,4
8,1464,0.00028458586614804604,3
8,1465,0.0003693265956996594,3
8,1466,0.00046902516785440884,3
8,1467,0.000519715751455152,6
8,1468,0.00033164039106414744,3
8,1469,0.0003518014942948122,4
8,1470,0.000503423859032015,4
8,1471,0.00034275917257209354,3
8,1472,0.0005639217233298632,3
8,1473,0.0004857621585531158,3
8,1474,0.0005687232156554867,3
8,1475,0.000319466030293869,3
8,1476,0.00028487349520500693,3
8,1477,0.00035995580949044204,3
8,1478,0.00039798478248520563,3
8,1479,0.00039138714199504765,3
8,1480,0.0004991629956504484,3
8,1481,0.00033283376471737736,4
8,1482,0.0004944093440811259,3
8,1483,0.0003651484131070859,3
8,1484,0.000475004606104501,3
8,1485,0.0002909392027219404,3
8,1486,0.00026010422617472884,3
8,1487,0.0004746506337465206,3
8,1488,0.00031880852520249636,3
8,1489,0.0006921181800294274,5
8,1490,0.000512135518876855,4
8,1491,0.0005429660780010837,4
8,1492,0.0005268087490648554,3
8,1493,0.00040906723085887275,3
8,1494,0.0005714356443252688,3
8,1495,0.0005152889863388466,3
8,1496,0.0005161898560425149,3
8,1497,0.0003374840191570083,3
8,1498,0.0005819624744104746,4
8,1499,0.0007146143045054787,3
8,1500,0.0004511498390197266,3
8,1501,0.0003352883068707957,4
8,1502,0.0003991894782483518,3
8,1503,0.0003259837238523966,3
8,1504,0.0002885739903492057,3
8,1505,0.0005117078274070597,5
8,1506,0.00043781458913927374,4
8,1507,0.0003646039585314953,3
8,1508,0.0004210687583210415,4
8,1509,0.0004016046320864941,3
8,1510,0.0003432638317069081,3
8,1511,0.0004676942569132869,5
8,1512,0.0005303838550437812,3
8,1513,0.00043279842371013455,4
8,1514,0.0007773982889145437,3
8,1515,0.0005028286464011655,4
8,1516,0.0006943337632505653,3
8,1517,0.0006901361025254404,8
8,1518,0.0005939919644353808,5
8,1519,0.0002536767627029368,3
8,1520,0.0004949612259821379,3
8,1521,0.0004556644279109512,4
8,1522,0.0002516411974519128,3
8,1523,0.0007074227572857472,3
8,1524,0.00031396134569439127,3
8,1525,0.0006223495921404698,4
8,1526,0.00042895620905869514,3
8,1527,0.00043769800879406295,4
8,1528,0.0003745293329419086,4
8,1529,0.0004328305876301064,3
8,1530,0.00041906207922032257,3
8,1531,0.0003829522440550459,3
8,1532,0.00047698084051639444,3
8,1533,0.0001995605564891756,3
8,1534,0.0003333832963784422,3
8,1535,0.0005795742855925212,3
8,1536,0.000358754395045513,3
8,1537,0.0005692901355472957,6
8,1538,0.00036204485998134195,5
8,1539,0.0004518871565473148,3
8,1540,0.0004802665127132677,3
8,1541,0.0003063755811494595,5
8,1542,0.00035514452551721476,5
8,1543,0.0007203991495209339,3
8,1544,0.0004980151043587622,3
8,1545,0.0004989777541660745,3
8,1546,0.00023951076177675112,3
8,1547,0.00036760871480756574,3
8,1548,0.0004733733759068326,4
8,1549,0.00026963286806780395,3
8,1550,0.00031162068606560567,3
8,1551,0.0004418166878341623,3
8,1552,0.00042652987750912974,3
8,1553,0.0007262068178267023,3
8,1554,0.0004400431673887706,4
8,1555,0.00045408374217736913,3
8,1556,0.0004532200467837477,4
8,1557,0.00032855507675882967,3
8,1558,0.00037193169314830854,3
8,1559,0.00040784460672860234,3
8,1560,0.0003594873642359664,3
8,1561,0.0006598893106742887,5
8,1562,0.0004167803135262105,3
8,1563,0.0005027050642559816,3
8,1564,0.00038658215109699245,3
8,1565,0.0004185684744492657,4
8,1566,0.0004050773140471531,4
8,1567,0.0004392361694735003,3
8,1568,0.0003922549805970288,3
8,1569,0.0005847388338401371,3
8,1570,0.0004956133638654991,6
8,1571,0.0003847067581814745,3
8,1572,0.0004559347522324897,4
8,1573,0.0003785808099877608,3
8,1574,0.0002791096520262659,3
8,1575,0.0005502592017538332,3
8,1576,0.0004437402256690648,3
8,1577,0.0005050686174669083,3
8,1578,0.00042887370912014777,3
8,1579,0.0005015721809924489,3
8,1580,0.0005617768278233237,3
8,1581,0.0003116703688269551,3
8,1582,0.0005451004328961284,3
8,1583,0.00038481717616689615,3
8,1584,0.0005986100454337118,3
8,1585,0.00039080383782724715,3
8,1586,0.0006011132929825136,3
8,1587,0.0005619315172017414,4
8,1588,0.0005570832890355593,4
8,1589,0.00045536936264140015,5
8,1590,0.00037491923402144245,4
8,1591,0.0005186465093541814,5
8,1592,0.0003568551401297304,3
8,1593,0.0007380746076223188,3
8,1594,0.000746790717808532,3
8,1595,0.0006290893146567722,3
8,1596,0.0004704565573846464,3
8,1597,0.0002509207927727797,3
8,1598,0.000332833183314285,3
8,1599,0.00033818571912347384,3
8,1600,0.0004371429980865038,3
8,1601,0.0005021636820502495,3
8,1602,0.00039070600010096546,4
8,1603,0.00043082794107185407,3
8,1604,0.00050173833496725,3
8,1605,0.000297012605580127,3
8,1606,0.0004945170201809401,3
8,1607,0.0003084884756175965,4
8,1608,0.00045304281164793014,3
8,1609,0.00041558169609146045,3
8,1610,0.0003610119424664049,3
8,1611,0.00035757136052316785,3
8,1612,0.0006587651560632235,3
8,1613,0.0004534308974598056,3
8,1614,0.0005305206371296611,3
8,1615,0.00036055888932262636,3
8,1616,0.0004152963231131013,3
8,1617,0.0005775444393762985,3
8,1618,0.0006288407144263708,3
8,1619,0.00046777441706102874,3
8,1620,0.00029709950981471334,3
8,1621,0.0003047650106352551,3
8,1622,0.00026971545982318323,3
8,1623,0.0004824187584396844,4
8,1624,0.0003777376157561574,3
8,1625,0.0005445596169054434,6
8,1626,0.000542716858931036,3
8,1627,0.0004510092343351646,3
8,1628,0.0005275721302285818,4
8,1629,0.00043950001129255956,3
8,1630,0.0007061731819750228,3
8,1631,0.0003740541458949753,3
8,1632,0.0005175856229017173,3
8,1633,0.0006605671246677769,3
8,1634,0.000356772245796777,3
8,1635,0.0005325620671165487,4
8,1636,0.00027691066054902347,3
8,1637,0.0006793572111932766,4
8,1638,0.000766915319845185,3
8,1639,0.00027568053452564634,3
8,1640,0.000420208191751259,3
8,1641,0.0005378310202663883,5
8,1642,0.0005145360328123461,5
8,1643,0.0003787601289370057,3
8,1644,0.0004905181188549212,3
8,1645,0.0006233394761345767,3
8,1646,0.00039192294277823336,3
8,1647,0.0001795402876307861,3
8,1648,0.00035748340020658187,3
8,1649,0.0006631420026481649,3
8,1650,0.00038654466734905357,3
8,1651,0.0002464685739578254,3
8,1652,0.0005399749726439085,3
8,1653,0.00034168493018094104,3
8,1654,0.0007164340826762983,5
8,1655,0.0004380113501082361,5
8,1656,0.0004924471707555833,4
8,1657,0.0006950126456722883,3
8,1658,0.00038215632328653104,3
8,1659,0.00032782919545204514,3
8,1660,0.00044022114500719134,4
8,1661,0.00048464042238982596,3
8,1662,0.0003441090731866048,3
8,1663,0.0006455251466602752,7
8,1664,0.0003850603564621302,3
8,1665,0.0004473756916427707,4
8,1666,0.00035854307556948406,3
8,1667,0.0006349993274660237,3
8,1668,0.0002446893335824041,3
8,1669,0.0006317839925377156,3
8,1670,0.0004229119677776616,4
8,1671,0.0003942263193035256,3
8,1672,0.00046903675985687787,3
8,1673,0.0005923251381770855,5
8,1674,0.00046062394261325856,3
8,1675,0.0005834865230504027,3
8,1676,0.00039353703232170023,3
8,1677,0.0005634067346557137,6
8,1678,0.0005255783309144335,4
8,1679,0.0006070694004833288,3
8,1680,0.00035770963483550133,3
8,1681,0.00047932801979488904,3
8,1682,0.0002866920548847407,3
8,1683,0.0005607765993610458,6
8,1684,0.0007126407975767135,3
8,1685,0.0004452281057780727,3
8,1686,0.0003382190953602482,3
8,1687,0.00027623421696010286,3
8,1688,0.0004097079293168271,3
8,1689,0.0005175954550672435,3
8,1690,0.0005009341583502858,3
8,1691,0.0006727666188410808,3
8,1692,0.00032197746843515285,3
8,1693,0.00020335185566938696,3
8,1694,0.0003253533004300424,3
8,1695,0.0005716272141685352,3
8,1696,0.0004798046618629259,3
8,1697,0.00030227970692875417,3
8,1698,0.0004924948018414366,5
8,1699,0.00036130241899612336,3
8,1700,0.0005376501719006055,3
8,1701,0.0002680372980492507,3
8,1702,0.0003559476932879502,3
8,1703,0.00036156226441486083,3
8,1704,0.0005235710838119578,3
8,1705,0.0008303965768331478,8
8,1706,0.0005107498436415225,3
8,1707,0.00032835250170371033,3
8,1708,0.00055964637825201,3
8,1709,0.0003117478947097796,3
8,1710,0.00028987804892688374,3
8,1711,0.0005040813521482446,3
8,1712,0.0003021766665305403,3
8,1713,0.0004480779448547967,3
8,1714,0.00039183239324480645,3
8,1715,0.0006276583137226899,4
8,1716,0.0003691385148716364,3
8,1717,0.00037956507381942117,3
8,1718,0.0003876354183701136,6
8,1719,0.0005089725196710804,3
8,1720,0.0003671249739884419,4
8,1721,0.0005603355624433926,3
8,1722,0.0006322775248988055,3
8,1723,0.0003469153554304105,5
8,1724,0.0003163664242596398,3
8,1725,0.0007175371164852562,5
8,1726,0.0006398720703697514,3
8,1727,0.0005841985778061165,3
8,1728,0.0005349419775152464,3
8,1729,0.00044668799761671263,3
8,1730,0.0003078599770738877,3
8,1731,0.00043227070934015455,3
8,1732,0.0007303345333075084,3
8,1733,0.0004472743391676359,3
8,1734,0.00031612965052785214,3
8,1735,0.00029474006840013445,3
8,1736,0.00039567738300694266,3
8,1737,0.0005149060317508614,4
8,1738,0.0004498084756501264,4
8,1739,0.0005048243674791175,3
8,1740,0.0003785962823517064,3
8,1741,0.0005093855513168544,3
8,1742,0.0005042068696204383,5
8,1743,0.00045601824052821094,3
8,1744,0.0005326282774680835,3
8,1745,0.0005280407830432488,3
8,1746,0.000488796361479582,5
8,1747,0.00046803851900778515,3
8,1748,0.0004385328502982677,3
8,1749,0.00038729234994561157,3
8,1750,0.00027874047487658205,4
8,1751,0.0005876665318720886,3
8,1752,0.0004348691890156964,6
8,1753,0.000606313971602046,3
8,1754,0.0005691110367512797,3
8,1755,0.0006924707538397135,3
8,1756,0.0008823188723865449,3
8,1757,0.0003836777817591841,4
8,1758,0.0005798905939713439,4
8,1759,0.00034061796499806896,3
8,1760,0.0004671921157129999,3
8,1761,0.0006430488868197082,3
8,1762,0.000496997476200689,3
8,1763,0.000447547885419175,3
8,1764,0.0005932399381534115,3
8,1765,0.00047179749502623824,3
8,1766,0.0003695871172059162,3
8,1767,0.0005677500605294483,5
8,1768,0.00047008023148820133,3
8,1769,0.0003300978217603001,3
8,1770,0.00039234671008281374,5
8,1771,0.00029959291124243004,4
8,1772,0.0004403143820055355,3
8,1773,0.00034904780176303607,4
8,1774,0.00036552945521795,3
8,1775,0.0002954468919259545,3
8,1776,0.0002831271048594486,3
8,1777,0.0006214542793948619,7
8,1778,0.00038515990109477816,3
8,1779,0.0004997447119546861,3
8,1780,0.0004127500618278379,3
8,1781,0.0005207056198197058,3
8,1782,0.0003025949098838243,3
8,1783,0.0007908900143470121,7
8,1784,0.00047939513769612585,3
8,1785,0.0004415151630915437,3
8,1786,0.0007898804426825778,5
8,1787,0.0005123827715742824,6
8,1788,0.0004195669015400194,4
8,1789,0.00043982698378919327,3
8,1790,0.00033813909454571967,3
8,1791,0.0005192448947148876,3
8,1792,0.00031242631931144293,3
8,1793,0.0005755971971740381,3
8,1794,0.00034014257798309355,3
8,1795,0.0003507216965968618,4
8,1796,0.000277668177799284,3
8,1797,0.00035065158507174843,3
8,1798,0.0005931475341567349,3
8,1799,0.00041238096966411675,3
8,1800,0.0005369453524863843,6
8,1801,0.0006221295155995898,3
8,1802,0.0002734858637749582,3
8,1803,0.00030953828352153767,3
8,1804,0.0007320991231648533,3
8,1805,0.0004583555856607635,6
8,1806,0.00038378688181228693,3
8,1807,0.0005033889148536863,4
8,1808,0.00036311137878330957,3
8,1809,0.00048817732878686515,3
8,1810,0.00031051022647182736,3
8,1811,0.0002768394157635079,3
8,1812,0.00041578242517836816,3
8,1813,0.0003834611492050666,3
8,1814,0.000437057117850026,3
8,1815,0.00032099912544603093,3
8,1816,0.0005930401238565253,3
8,1817,0.00041843225044291277,3
8,1818,0.0006768448818325612,3
8,1819,0.0004608017649813112,3
8,1820,0.0006047809177961438,4
8,1821,0.00031465251788664883,3
8,1822,0.0003328787725391802,4
8,1823,0.0004719847357698148,3
8,1824,0.00024893089534927526,3
8,1825,0.000362773555408924,3
8,1826,0.0003778502913108772,3
8,1827,0.0005701233600474975,6
8,1828,0.0005323051349769847,3
8,1829,0.00019724336874760162,3
8,1830,0.00028364144992276685,3
8,1831,0.00034677087258172534,3
8,1832,0.0005228043750112876,3
8,1833,0.0004475911898429441,3
8,1834,0.0008169221530739401,3
8,1835,0.00043666779150347557,3
8,1836,0.0005011620505290804,5
8,1837,0.00048004543415292034,6
8,1838,0.000602709713998173,3
8,1839,0.0005902428095222456,3
8,1840,0.00047509360861289207,5
8,1841,0.0003146994019729288,3
8,1842,0.0003948136938646263,3
8,1843,0.0003547155514538325,3
8,1844,0.0005878916748786045,4
8,1845,0.0003815799100954642,3
8,1846,0.000580356406791771,3
8,1847,0.0004388130392448675,3
8,1848,0.0004082383302753678,4
8,1849,0.0006109497096955518,3
8,1850,0.00023051852726363453,3
8,1851,0.0003516922175310633,4
8,1852,0.0005404651757690004,3
8,1853,0.00025637648643228594,3
8,1854,0.00039616375295326023,3
8,1855,0.00036581715952466176,3
8,1856,0.000581220210501554,3
8,1857,0.0003328048426599062,3
8,1858,0.0004867668704683359,3
8,1859,0.0003973918878121818,4
8,1860,0.0005150854609559108,4
8,1861,0.00031053187283747175,4
8,1862,0.0005437526511076207,4
8,1863,0.0007411983806028255,3
8,1864,0.0003620420986013284,4
8,1865,0.0004696308794430726,3
8,1866,0.0005012343795203211,4
8,1867,0.0006685564400819022,7
8,1868,0.0004296520904798484,3
8,1869,0.0005874362584142312,3
8,1870,0.0004819364484086597,4
8,1871,0.000722623940522582,3
8,1872,0.00019957896554728682,3
8,1873,0.00044332285553605466,3
8,1874,0.0004617637371583383,4
8,1875,0.0004953364910214586,4
8,1876,0.0007701360704464588,3
8,1877,0.0005667976246150064,6
8,1878,0.0003041239639873794,3
8,1879,0.0006527601465962096,3
8,1880,0.000558691342637474,3
8,1881,0.00038870616712805006,3
8,1882,0.00048489542723206824,4
8,1883,0.00044043078687305837,3
8,1884,0.0005423381443552255,4
8,1885,0.0005638204478630726,5
8,1886,0.0004459192738840989,3
8,1887,0.00047750986941097473,3
8,1888,0.0003405814895196535,3
8,1889,0.0003101346143248307,3
8,1890,0.00033182714575274996,3
8,1891,0.0004736123827735472,3
8,1892,0.00038952975053774264,3
8,1893,0.0004941249426890781,3
8,1894,0.0006244658283036664,4
8,1895,0.00045884394376055626,3
8,1896,0.0003859113308922746,4
8,1897,0.00038174208654162545,3
8,1898,0.0003076025358672574,3
8,1899,0.0003386098903955803,3
8,1900,0.00039064208592243244,3
8,1901,0.0004306518320709163,3
8,1902,0.0005012526648772719,3
8,1903,0.00042474172774153995,3
8,1904,0.0005292478928742295,3
8,1905,0.0005102321737392446,3
8,1906,0.00031479154728442094,3
8,1907,0.0002871490968338053,3
8,1908,0.0003913088400128717,3
8,1909,0.000627426497088357,3
8,1910,0.0003299991130792934,3
8,1911,0.0005756751398480198,3
8,1912,0.00016843107142883174,3
8,1913,0.0004528312736443163,3
8,1914,0.0005172551265520964,5
8,1915,0.0003856179421115602,3
8,1916,0.0005795688008860544,4
8,1917,0.0006233586088252308,3
8,1918,0.0005445452416598107,3
8,1919,0.0007787524434340609,5
8,1920,0.0003817760295991013,3
8,1921,0.0002545129505286958,3
8,1922,0.0002267730139771107,3
8,1923,0.0003181002027130564,3
8,1924,0.0002973365853733423,3
8,1925,0.0006004783311206463,3
8,1926,0.000448349527912395,3
8,1927,0.0005764309571976711,3
8,1928,0.0004124960080756912,3
8,1929,0.0005948396357442487,7
8,1930,0.00040962060020099944,3
8,1931,0.0006572610142852042,3
8,1932,0.0006064604434637411,4
8,1933,0.0008090467932483913,3
8,1934,0.0005250643214484985,4
8,1935,0.00040465453634913606,3
8,1936,0.00039371658693820866,3
8,1937,0.00027058228091503267,3
8,1938,0.0005035331541869414,3
8,1939,0.00022591916409475665,3
8,1940,0.0003470170494830338,4
8,1941,0.0005099066939097119,3
8,1942,0.00045175149868498243,3
8,1943,0.0004178927775556063,3
8,1944,0.0005160365493261931,5
8,1945,0.00049770967341356,3
8,1946,0.0005215854659667007,3
8,1947,0.0005217324845000482,5
8,1948,0.00043951231596833784,3
8,1949,0.0006095421674079393,7
8,1950,0.0006431328052233232,3
8,1951,0.0005998720289643877,3
8,1952,0.0006805355387602408,13
8,1953,0.0004925614835555869,3
8,1954,0.00030976293352602546,4
8,1955,0.0008022399821969728,3
8,1956,0.0004038840597822002,3
8,1957,0.0005300769642803127,3
8,1958,0.00026509136273977774,3
8,1959,0.00035139284096841195,4
8,1960,0.0003809019189647822,3
8,1961,0.00047780597648672263,3
8,1962,0.0005698463956684829,3
8,1963,0.00045839997508245744,5
8,1964,0.0006475931560632198,3
8,1965,0.0003690365338523405,4
8,1966,0.00038947951991252783,3
8,1967,0.0003615129499185965,3
8,1968,0.000610091130007151,4
8,1969,0.0004508506923994182,3
8,1970,0.0005434035456192143,4
8,1971,0.0003771154250865605,3
8,1972,0.00043737425540613106,3
8,1973,0.00044749019426026937,3
8,1974,0.00037178701509754664,3
8,1975,0.000511456133887922,3
8,1976,0.0003524314016447039,3
8,1977,0.0005895883999389451,3
8,1978,0.0006621754928141099,3
8,1979,0.0002745853324448988,3
8,1980,0.0005731203878161506,3
8,1981,0.00040582975820879774,4
8,1982,0.0003839868496428034,3
8,1983,0.0002740188435474966,3
8,1984,0.0003624326036829606,3
8,1985,0.0006664939108578238,4
8,1986,0.0003188749364059218,3
8,1987,0.00040562701187740746,3
8,1988,0.0005534479921462943,3
8,1989,0.0006233064748090156,3
8,1990,0.0004061784050453654,3
8,1991,0.0004377533953655588,4
8,1992,0.0005392112229148927,3
8,1993,0.00035375989477481884,3
8,1994,0.00031186732761667724,5
8,1995,0.00039126869517014384,4
8,1996,0.00039777870638951773,3
8,1997,0.0002680211210210337,4
8,1998,0.00025816614898910295,3
8,1999,0.0004535426149603339,3
8,2000,0.00028084727567612155,3
8,2001,0.00047792559484760577,4
8,2002,0.0004903915780605228,3
8,2003,0.0003387811410101582,3
8,2004,0.0003592940193580807,6
8,2005,0.00046334792289526305,3
8,2006,0.0005305236968603522,3
8,2007,0.0007504902310576655,3
8,2008,0.00044164344350838824,3
8,2009,0.0005482664440669693,3
8,2010,0.0007810763091243844,4
8,2011,0.0005289493942485235,5
8,2012,0.00024991684494168886,3
8,2013,0.0005429982697607305,3
8,2014,0.00045691333590314187,3
8,2015,0.0003966887258995966,5
8,2016,0.00035166136858388874,4
8,2017,0.0003707949774279795,3
8,2018,0.0006146558960541393,3
8,2019,0.00035391071395396434,3
8,2020,0.0002396851677676226,3
8,2021,0.0004025509462046717,3
8,2022,0.0005681894894579431,7
8,2023,0.0004666758540985416,3
8,2024,0.00031928375200007686,4
8,2025,0.0005801627493973172,3
8,2026,0.0005410322515160271,5
8,2027,0.0005827915300830044,3
8,2028,0.00031211157000787804,3
8,2029,0.00033975835704280755,3
8,2030,0.00023008791481293756,3
8,2031,0.00043349380307666774,3
8,2032,0.0003832849576899111,4
8,2033,0.0004782087601071794,3
8,2034,0.0006135371431064129,4
8,2035,0.00047868341570866946,3
8,2036,0.0009615221212095904,3
8,2037,0.0005610831647570591,3
8,2038,0.0005080926902100158,3
8,2039,0.00032820976752556685,3
8,2040,0.0006168747024019594,4
8,2041,0.0004105937767481249,3
8,2042,0.0004502139064919142,3
8,2043,0.00032080627089853264,3
8,2044,0.0006252912137965083,3
8,2045,0.0007153410771493229,3
8,2046,0.00030247923978532487,4
8,2047,0.0005405021851396796,3
8,2048,0.00033095010212735865,3
8,2049,0.00022977259140721795,3
8,2050,0.00023904388470080695,3
8,2051,0.0001696737026720685,3
8,2052,0.00045403050956438484,4
8,2053,0.00046033524785882296,3
8,2054,0.0006164028459304527,3
8,2055,0.000497371904297772,5
8,2056,0.00031934972240121873,3
8,2057,0.0003744002261237833,3
8,2058,0.00030514079330168364,3
8,2059,0.0002627018372685641,3
8,2060,0.0006184559340769447,3
8,2061,0.0004976935864022813,7
8,2062,0.0004342248784182656,3
8,2063,0.0002769100633882582,3
8,2064,0.00046067492558876655,3
8,2065,0.0006864839786023813,4
8,2066,0.0004705302632037056,3
8,2067,0.000380776307539632,3
8,2068,0.0005956433780085479,3
8,2069,0.00023157107797372456,3
8,2070,0.0007195959406390284,3
8,2071,0.000514169514788887,4
8,2072,0.0003718954043708256,3
8,2073,0.0004442860298824458,3
8,2074,0.0003878060360750224,3
8,2075,0.00026490835304582294,3
8,2076,0.0005346634724556765,3
8,2077,0.00035870316099539945,3
8,2078,0.0004141004277383731,3
8,2079,0.0003582369265313634,3
8,2080,0.0005393555441618458,3
8,2081,0.0003021343669457055,3
8,2082,0.000597152538101553,3
8,2083,0.0005741396461456105,3
8,2084,0.0005412773951408156,3
8,2085,0.00042104139491627723,3
8,2086,0.0004379392935797144,6
8,2087,0.0005067603096121642,3
8,2088,0.0005282921482351322,5
8,2089,0.00048819047553172457,3
8,2090,0.00035898760793895423,3
8,2091,0.0004385466123573156,3
8,2092,0.00032139111085205396,3
8,2093,0.0009895673024538088,13
8,2094,0.0006861443912822285,3
8,2095,0.00043350967878530433,3
8,2096,0.0003823629208893342,3
8,2097,0.00043484230361756637,6
8,2098,0.00046183798011750765,3
8,2099,0.00039232770821095997,3
8,2100,0.00042150233826165895,5
8,2101,0.0006258885182623963,7
8,2102,0.0003479064738399762,3
8,2103,0.00038153099225934906,3
8,2104,0.0003997411739079526,3
8,2105,0.00033823336846605656,3
8,2106,0.0005455321277000325,3
8,2107,0.00022375606039337637,3
8,2108,0.00032997591998851217,3
8,2109,0.0003631430589344231,3
8,2110,0.00038054025679057357,3
8,2111,0.00041393209800255626,3
8,2112,0.0002306951893498166,3
8,2113,0.00043906633013135465,4
8,2114,0.00045631327894218865,3
8,2115,0.0005295748048849136,3
8,2116,0.00043788455950521943,3
8,2117,0.00039514819981267824,4
8,2118,0.0005297486100600546,3
8,2119,0.0005484418833059945,3
8,2120,0.0004594491104512044,3
8,2121,0.0004062795851066392,3
8,2122,0.0003716369564048527,3
8,2123,0.00039290843887618276,3
8,2124,0.0005176213356008486,4
8,2125,0.000344253073719325,3
8,2126,0.0005213811249472067,3
8,2127,0.0003278266874696678,3
8,2128,0.0004392431438667854,5
8,2129,0.0005240836179430941,3
8,2130,0.00045125565386006095,5
8,2131,0.0005391843813589148,3
8,2132,0.00020994853730749163,3
8,2133,0.0005809645562353527,3
8,2134,0.0004742393653931476,4
8,2135,0.00024447553345607886,3
8,2136,0.00036858181020849035,3
8,2137,0.000681157704358698,4
8,2138,0.0007185865799198554,3
8,2139,0.0004581443676037189,3
8,2140,0.000399805836536149,3
8,2141,0.00047954139955497244,3
8,2142,0.0005514126228108873,3
8,2143,0.0006072212720046322,3
8,2144,0.00033430891369706783,3
8,2145,0.000477241961391206,6
8,2146,0.0005393624851379175,3
8,2147,0.000799925013092867,6
8,2148,0.0003174591003653471,3
8,2149,0.0004997074720377581,4
8,2150,0.0005334251805426682,3
8,2151,0.0004665423305132421,3
8,2152,0.0005202796233835238,3
8,2153,0.000610405302810868,4
8,2154,0.0005318701225653921,3
8,2155,0.0004957991622244196,3
8,2156,0.00028072953723068395,3
8,2157,0.0006717602261491207,3
8,2158,0.00045868690738859463,3
8,2159,0.0004379373756064897,4
8,2160,0.0004352497710805592,3
8,2161,0.00032256432769961485,4
8,2162,0.00033191897785433966,4
8,2163,0.0003421470606150834,3
8,2164,0.00045390349990726,4
8,2165,0.0007083578869668816,3
8,2166,0.00035691283749528235,3
8,2167,0.00038268109098260616,3
8,2168,0.00035107304498249725,3
8,2169,0.00027083978731590186,3
8,2170,0.00047969998567876093,3
8,2171,0.0007216476481836098,5
8,2172,0.0002771141168312896,4
8,2173,0.0006616619478508889,3
8,2174,0.00027191072569276997,3
8,2175,0.00025307940358643144,3
8,2176,0.0003046510690009052,3
8,2177,0.0005378824169182117,3
8,2178,0.0002905814592427669,3
8,2179,0.0008230946079054169,6
8,2180,0.0004136169332188411,5
8,2181,0.0002776942170565899,3
8,2182,0.0003652058848820916,3
8,2183,0.00029711432868650967,3
8,2184,0.0004245358785749387,3
8,2185,0.0005219730433214664,3
8,2186,0.0005562775601129499,3
8,2187,0.0005928961549469536,3
8,2188,0.0005166630199739952,5
8,2189,0.00044007322024919304,3
8,2190,0.00048091964249163954,3
8,2191,0.0003480097022700024,3
8,2192,0.000360901160376792,3
8,2193,0.0004053204833217583,3
8,2194,0.00034381135763583703,3
8,2195,0.00035501253513881004,3
8,2196,0.0006870887471214226,8
8,2197,0.0005753771959537968,6
8,2198,0.0005667194738270265,3
8,2199,0.00039773134174403424,3
8,2200,0.0005928968235197063,3
8,2201,0.0005017656069189469,4
8,2202,0.00040914390497803765,3
8,2203,0.0005000435275690496,3
8,2204,0.0003752937135765855,3
8,2205,0.0007106825737351885,7
8,2206,0.00035022504899440143,3
8,2207,0.0005157412729418498,4
8,2208,0.0005867451913516009,3
8,2209,0.0005374122586264685,3
8,2210,0.0003542690364135015,3
8,2211,0.0003688855776878275,4
8,2212,0.0003851193122201002,4
8,2213,0.0003517254060935171,3
8,2214,0.0004950014681575077,3
8,2215,0.0004648130113311666,3
8,2216,0.0005995798693286813,3
8,2217,0.0005338949101625912,3
8,2218,0.0004051088001895131,3
8,2219,0.00043442872887416994,3
8,2220,0.00045458031867307014,5
8,2221,0.00033293393689903805,3
8,2222,0.0004823901190678659,3
8,2223,0.00046142305561858166,3
8,2224,0.0003904294190647528,3
8,2225,0.00032299651901879223,3
8,2226,0.0003919191978211112,3
8,2227,0.00047699801692768773,3
8,2228,0.0005738283152647572,4
8,2229,0.0006164241411664717,3
8,2230,0.00038791824415063125,3
8,2231,0.0002582503631490818,3
8,2232,0.0004416025569209392,3
8,2233,0.0006267561181830805,3
8,2234,0.0004582976729269328,4
8,2235,0.0004451224443144941,3
8,2236,0.0006507637834950453,3
8,2237,0.00038705004886163685,3
8,2238,0.0005203752104712689,3
8,2239,0.0006051670783479013,3
8,2240,0.0003720280302443868,3
8,2241,0.00025360960619680295,3
8,2242,0.0004685554070239517,3
8,2243,0.0005484530237182539,3
8,2244,0.0002684316799161923,3
8,2245,0.0005515126545462268,4
8,2246,0.0006107556901067124,3
8,2247,0.0003283654951369286,3
8,2248,0.0003731177391242957,3
8,2249,0.0004577716070316429,3
8,2250,0.0004103667456233362,4
8,2251,0.00044893457736128184,3
8,2252,0.000489929590965027,4
8,2253,0.00036312135419902525,3
8,2254,0.00040463716652039405,3
8,2255,0.0006116154659676076,3
8,2256,0.0005757928609808616,4
8,2257,0.0004532106186898588,3
8,2258,0.0005154236492891373,5
8,2259,0.00038754734796797585,3
8,2260,0.0003236404445582375,3
8,2261,0.00019834315138012037,3
8,2262,0.00035430907419831126,3
8,2263,0.0004992815652021809,3
8,2264,0.0003331837171096641,3
8,2265,0.0004714363990311332,3
8,2266,0.0005381069276306771,3
8,2267,0.0004303478729908994,3
8,2268,0.0006273245598212851,3
8,2269,0.00019009939959879762,3
8,2270,0.0004418136916657378,3
8,2271,0.0005880447487738305,4
8,2272,0.0006131857470108582,3
8,2273,0.0002628921705409848,3
8,2274,0.0002534565642673403,3
8,2275,0.0005240457171743484,3
8,2276,0.00036368576686418574,3
8,2277,0.000691914391882209,6
8,2278,0.0005078434632429518,5
8,2279,0.00046098396198546165,3
8,2280,0.0003927306394010399,3
8,2281,0.0003313979057024685,4
8,2282,0.0005228111934235669,3
8,2283,0.0004302867650944897,3
8,2284,0.00044561857318414777,4
8,2285,0.0002916010208341424,3
8,2286,0.000568680543792055,3
8,2287,0.0005996190547737923,8
8,2288,0.0003043412756152941,3
8,2289,0.00023574227047190588,3
8,2290,0.0006652340766000187,3
8,2291,0.00025083542787385227,3
8,2292,0.00040102485419668543,3
8,2293,0.00033332967939003755,6
8,2294,0.0005202565274297077,3
8,2295,0.0007127406056480767,4
8,2296,0.000325217057781102,3
8,2297,0.0003107470406017443,3
8,2298,0.00047183667834393983,3
8,2299,0.00027432937648119715,4
8,2300,0.0003304507674076196,6
8,2301,0.0002759050673786234,3
8,2302,0.00022772358827238826,3
8,2303,0.00042056857431771455,4
8,2304,0.0003449272837073858,3
8,2305,0.0004955290650939803,3
8,2306,0.0005927053566986418,3
8,2307,0.0001835931276927827,3
8,2308,0.0005041816994352244,6
8,2309,0.0003875081648275769,3
8,2310,0.000472415620290656,4
8,2311,0.0003571807662376969,3
8,2312,0.0003241384725246599,3
8,2313,0.00036918172678557237,5
8,2314,0.000700707786607857,3
8,2315,0.00035499015932116684,3
8,2316,0.0005696172470511796,3
8,2317,0.0007054960532957288,3
8,2318,0.0006043802382296182,5
8,2319,0.0005551734432346356,5
8,2320,0.0007790857307403698,4
8,2321,0.0006436347173271462,3
8,2322,0.0002699585603296306,3
8,2323,0.0006445031903571374,3
8,2324,0.0005285870516896773,3
8,2325,0.000534104752524911,3
8,2326,0.0003979104275856349,5
8,2327,0.0004093184840653352,3
8,2328,0.0005806626427855566,3
8,2329,0.00032607240283533123,3
8,2330,0.0005102096618238017,3
8,2331,0.000466245804960852,3
8,2332,0.00031291974424974,3
8,2333,0.0002925410344694068,4
8,2334,0.0005183371623363464,5
8,2335,0.00046263368337312594,3
8,2336,0.0006527877004379179,4
8,2337,0.0005046339039277425,3
8,2338,0.0004979150401078769,3
8,2339,0.0005503848809814693,3
8,2340,0.00044575975530902756,3
8,2341,0.00040946562818733323,3
8,2342,0.0003464353796472919,4
8,2343,0.0004259406489805495,3
8,2344,0.0006314603569913535,3
8,2345,0.0003641919886838707,3
8,2346,0.00037977609871581164,3
8,2347,0.0004136350547871981,3
8,2348,0.0005471970671525606,3
8,2349,0.00041767181161778133,3
8,2350,0.0004177471626335416,3
8,2351,0.0005122714788234894,4
8,2352,0.0006257496879703561,3
8,2353,0.0004189375541635565,3
8,2354,0.00045977455187551364,3
8,2355,0.0003702583707232421,3
8,2356,0.00032267670868424414,3
8,2357,0.0007689342200561944,3
8,2358,0.0006285244027418591,9
8,2359,0.0002699894890365595,3
8,2360,0.00033467127035891053,3
8,2361,0.0003952894366350268,5
8,2362,0.00041338769393550745,3
8,2363,0.0006177153653459388,6
8,2364,0.00034800357989572817,3
8,2365,0.000489854250535493,3
8,2366,0.00044761197242471074,3
8,2367,0.00034030348415248213,3
8,2368,0.0001853512194470719,3
8,2369,0.000332509883142873,3
8,2370,0.0005458824274371388,3
8,2371,0.0006238323303140447,5
8,2372,0.0005656301081785609,3
8,2373,0.0005165440109974329,3
8,2374,0.00025660431700358366,3
8,2375,0.0003572047063501449,3
8,2376,0.0006316703268375301,3
8,2377,0.0008162426070426054,6
8,2378,0.00031577682126171513,3
8,2379,0.00034128893228413393,4
8,2380,0.00043121966644432685,5
8,2381,0.00034872897914434153,3
8,2382,0.0003206874497395651,3
8,2383,0.0003127926899226252,3
8,2384,0.0003458914984960093,5
8,2385,0.0005517890016462079,3
8,2386,0.0003682364201084143,3
8,2387,0.000379034072951312,6
8,2388,0.00046600425210929775,5
8,2389,0.00045357755871322514,3
8,2390,0.00037203768224181033,3
8,2391,0.0008549650061791536,6
8,2392,0.0007276704198712625,3
8,2393,0.00035626033093494325,5
8,2394,0.0005886489191744282,3
8,2395,0.000649865414887818,3
8,2396,0.00034554910179174225,3
8,2397,0.0004334959978137265,3
8,2398,0.00044787107998778275,4
8,2399,0.0006203833480868948,6
8,2400,0.0004256482405906592,3
8,2401,0.00031235506757748555,3
8,2402,0.0006472319758389355,3
8,2403,0.0006232942379879036,11
8,2404,0.0005896086126975231,3
8,2405,0.00031218683438760664,3
8,2406,0.0006048280701651532,4
8,2407,0.0003535538687852169,4
8,2408,0.0006266230871623257,5
8,2409,0.00038449848848776114,3
8,2410,0.0005553752880014251,3
8,2411,0.0005167602948805694,5
8,2412,0.0003244655509344607,3
8,2413,0.00021131847436867135,3
8,2414,0.0005072685115005138,3
8,2415,0.0005717891696205291,6
8,2416,0.0003001156670037197,3
8,2417,0.00039801234871195135,3
8,2418,0.00037939679791348935,4
8,2419,0.00033180557142553635,4
8,2420,0.0006190646735194649,3
8,2421,0.00030743785167580695,3
8,2422,0.00039132418406784275,3
8,2423,0.00031861000993971267,3
8,2424,0.0003998441759104354,3
8,2425,0.0004136276872900302,3
8,2426,0.0005768461394096702,3
8,2427,0.0004305505168108459,3
8,2428,0.00044553910750777526,3
8,2429,0.0005493059706274117,3
8,2430,0.00037032087173594075,3
8,2431,0.00042351686929420485,3
8,2432,0.000631904672158734,4
8,2433,0.0003816441764799561,3
8,2434,0.0004898942509223847,3
8,2435,0.00034207431946964295,3
8,2436,0.00038420563501870286,4
8,2437,0.00047504889165472797,3
8,2438,0.0005549223701508676,5
8,2439,0.0006675731656688999,3
8,2440,0.00046044188102767336,3
8,2441,0.0004541196715988072,3
8,2442,0.0003676359781629168,3
8,2443,0.00042746382168568076,4
8,2444,0.0003367030730443421,3
8,2445,0.0004993645458266638,3
8,2446,0.00024362914842424033,3
8,2447,0.0006258055466256129,3
8,2448,0.0006996931217943536,3
8,2449,0.0005214573337579687,3
8,2450,0.000361375260838237,6
8,2451,0.0004438091582976422,4
8,2452,0.00022546514026933195,3
8,2453,0.0004260459794325211,4
8,2454,0.0004340302828648168,3
8,2455,0.0003124941239002199,3
8,2456,0.0004858503084635979,3
8,2457,0.0006888140864024228,3
8,2458,0.00041248984610003925,3
8,2459,0.00033344899406068107,3
8,2460,0.00041221765450305536,4
8,2461,0.0004307163930559188,3
8,2462,0.0006934823687156366,3
8,2463,0.00035369816971475565,4
8,2464,0.0002972463435962913,3
8,2465,0.0003519467257843689,3
8,2466,0.00027350387025193434,3
8,2467,0.00020358285976995738,3
8,2468,0.0003378184867126599,3
8,2469,0.0003532267713731718,3
8,2470,0.00032823842315343743,3
8,2471,0.0008616816709264286,14
8,2472,0.000472555029884858,4
8,2473,0.00034673844710217394,4
8,2474,0.0003683650434559427,3
8,2475,0.0004520383829798025,8
8,2476,0.0003903461045610124,3
8,2477,0.00041205838598451505,3
8,2478,0.0006581798504286251,4
8,2479,0.0003447995028829087,3
8,2480,0.00029498172254888155,3
8,2481,0.00032314309472059044,3
8,2482,0.0006960153598979391,5
8,2483,0.0006089251286358621,3
8,2484,0.0004744820413327133,5
8,2485,0.0005250491851357397,3
8,2486,0.0005075994550626239,3
8,2487,0.000561887369366576,5
8,2488,0.0005297516228443544,3
8,2489,0.000342822109166363,3
8,2490,0.0004966084765662959,4
8,2491,0.00033195276446518207,3
8,2492,0.0002474654610601923,3
8,2493,0.0007478608162473366,6
8,2494,0.0006435587272810017,5
8,2495,0.000613553253974386,3
8,2496,0.0006284075131254285,3
8,2497,0.00036812061083779657,3
8,2498,0.0006289092935611862,3
8,2499,0.000425835810472841,3
8,2500,0.0003506266297782501,3
16,1,0.00023800657521189095,3
16,2,0.0003821700968416053,3
16,3,0.0003331854651031363,3
16,4,0.0005475662677666415,3
16,5,0.0004545124538986034,3
16,6,0.00027642036815112014,3
16,7,0.00033602850856756517,4
16,8,0.00035239296490008343,3
16,9,0.0003077547626771926,3
16,10,0.00034440499572929717,3
16,11,0.00047665623577808347,3
16,12,0.0004940836999313136,3
16,13,0.00043271902832764386,3
16,14,0.00036616108704012884,3
16,15,0.0004926486771740235,3
16,16,0.0003909817900896173,4
16,17,0.0004044715120332665,3
16,18,0.0005632398244712622,4
16,19,0.00026345903354507705,3
16,20,0.0005991321001005412,8
16,21,0.0005175070352821942,5
16,22,0.00040138988174831525,3
16,23,0.0005694794514546908,3
16,24,0.0003284872475372014,3
16,25,0.0004978359464072324,3
16,26,0.0004149835487520237,3
16,27,0.0003743735702590456,5
16,28,0.00042492732266519173,3
16,29,0.00037169216926485893,4
16,30,0.0004609425881071383,3
16,31,0.00044344748501246034,3
16,32,0.0006294014423670613,4
16,33,0.00019972962526937366,3
16,34,0.0003738238369038749,3
16,35,0.0002303480294721938,3
16,36,0.000328750113928411,3
16,37,0.00032341454077278176,3
16,38,0.00042611141594195434,3
16,39,0.0005614175225818752,4
16,40,0.0005376625375550503,3
16,41,0.0003367058438610293,3
16,42,0.00045301319829005315,3
16,43,0.0005848761252431611,6
16,44,0.00021053543215598935,3
16,45,0.0006216701770598299,3
16,46,0.0005965930175409473,7
16,47,0.0002945477306445232,3
16,48,0.00042948766626127455,3
16,49,0.00030887478193408757,3
16,50,0.00050879993100994,4
16,51,0.00048024547034908327,4
16,52,0.00029347726736206337,3
16,53,0.00048225233940907275,4
16,54,0.00020651460969078883,3
16,55,0.0004066340799097068,3
16,56,0.0004428160753936483,4
16,57,0.0004237857148766677,3
16,58,0.00025993420999848027,3
16,59,0.00039161760285222336,3
16,60,0.0003347933464766806,3
16,61,0.00039709359604434,3
16,62,0.000245060980974543,3
16,63,0.0006783994638121515,3
16,64,0.0006110585635046295,4
16,65,0.00041742779568676447,3
16,66,0.0006048658569565157,5
16,67,0.00044039763839820445,3
16,68,0.00029839068565484794,3
16,69,0.0003897375311636697,3
16,70,0.0002540000617340388,3
16,71,0.000550409570370225,3
16,72,0.0004932819538335798,3
16,73,0.0006683457398953263,5
16,74,0.0005597531259615707,3
16,75,0.0005258558258927071,3
16,76,0.00033482227148562416,3
16,77,0.00030710519831633754,3
16,78,0.00025940151720627025,3
16,79,0.00031677411318342674,3
16,80,0.000237696733938364,3
16,81,0.0004292600492427079,3
16,82,0.000621376776971827,3
16,83,0.00025486464531410125,3
16,84,0.0007050143250200147,3
16,85,0.0005325595683509654,3
16,86,0.00029452297621967993,4
16,87,0.000288604870268272,3
16,88,0.00043034995541968435,3
16,89,0.0006510244838726087,8
16,90,0.0003129946835407349,3
16,91,0.0005432371065319241,3
16,92,0.0005600201644238023,7
16,93,0.00031852793341263785,3
16,94,0.00024093969591254538,3
16,95,0.0003599161012647345,3
16,96,0.0003402024774166179,3
16,97,0.00043121911908905464,3
16,98,0.00024427543266258844,3
16,99,0.0004073705249606485,4
16,100,0.000498366215631707,3
16,101,0.0004508106154033076,3
16,102,0.0003744876813512876,3
16,103,0.0006058084949835951,3
16,104,0.000576963308304479,3
16,105,0.00029078781302960266,3
16,106,0.00037554385071303376,4
16,107,0.0004392889374446596,3
16,108,0.0004411267240861383,3
16,109,0.0005488937304965469,3
16,110,0.0004478774397669305,3
16,111,0.00046835364388730927,3
16,112,0.00030100284057854587,3
16,113,0.00040267842503560747,3
16,114,0.00059708749946219,4
16,115,0.0004895219836719145,3
16,116,0.0005817021115513965,3
16,117,0.0005023965107517903,3
16,118,0.0003441321108725859,3
16,119,0.00041833122588375016,3
16,120,0.000292533001260753,3
16,121,0.00022461158298081596,3
16,122,0.00046829811776993857,4
16,123,0.00044912154803611326,3
16,124,0.00029728912509763283,3
16,125,0.0006041394663328647,3
16,126,0.00040640741037878403,3
16,127,0.0004994770554046513,3
16,128,0.000608270877413275,3
16,129,0.0004491291172930012,4
16,130,0.0005346193428900081,3
16,131,0.000540628991743064,3
16,132,0.0005969573163676634,3
16,133,0.0003168769121513204,3
16,134,0.000458612268398384,3
16,135,0.0003435577902241027,3
16,136,0.0004157352281755067,3
16,137,0.0005759793574224847,3
16,138,0.00043211663860565075,3
16,139,0.000684452047417794,3
16,140,0.00036431626757404967,3
16,141,0.0004780628814321508,3
16,142,0.00038765119748979115,4
16,143,0.0006542691879664053,7
16,144,0.0003088481352853112,3
16,145,0.00034978654636252937,3
16,146,0.0004100225455632156,3
16,147,0.0004420929627670933,3
16,148,0.00047007863171355524,3
16,149,0.0004967938142474981,3
16,150,0.00038269435946791663,3
16,151,0.0003801354364080245,3
16,152,0.00037187755667811295,4
16,153,0.0004047442830739101,3
16,154,0.0003106437078188584,3
16,155,0.00038251752342638445,3
16,156,0.0003835070180252531,3
16,157,0.00042602496924271094,3
16,158,0.00041437832544721775,3
16,159,0.00020101246409920392,3
16,160,0.000570306569765644,6
16,161,0.0005611710687473126,3
16,162,0.0003448592265850037,6
16,163,0.00045960942938882976,3
16,164,0.0004507779941850809,4
16,165,0.0004563762647838976,3
16,166,0.0003192418338674452,3
16,167,0.00047252066785719027,3
16,168,0.0004267709463484648,3
16,169,0.0003456657812757613,4
16,170,0.0005045276954117051,3
16,171,0.00041979194262098396,3
16,172,0.0004600417626339226,3
16,173,0.0005725508341962726,3
16,174,0.000478673996160639,9
16,175,0.00047806438063890955,3
16,176,0.0004600405680743602,3
16,177,0.0003548226688075973,3
16,178,0.0004824903081235288,3
16,179,0.0004281139653168342,3
16,180,0.0003096839822295805,4
16,181,0.0005663189798563728,5
16,182,0.00066408646706273,3
16,183,0.0004146716195242428,3
16,184,0.0005326458969896475,3
16,185,0.00044260867010315064,3
16,186,0.0003528087528166246,3
16,187,0.00022775060336199804,3
16,188,0.0005137888279870273,3
16,189,0.000438202821172351,4
16,190,0.00033464640195424167,3
16,191,0.0004148705742135217,3
16,192,0.00042825408648516916,3
16,193,0.00041044594532085865,3
16,194,0.0005622041059653027,3
16,195,0.0004282410992710872,3
16,196,0.0003716974075458346,3
16,197,0.0004792839788734238,3
16,198,0.00022845650842040488,3
16,199,0.00041975397670890313,3
16,200,0.000614636345192543,11
16,201,0.00037365476117590113,3
16,202,0.00038136475740813136,3
16,203,0.0006976272874613665,3
16,204,0.0005320846392458112,6
16,205,0.0004773776117891204,4
16,206,0.0003635682192155709,3
16,207,0.0005794934388750894,3
16,208,0.00046599285798065715,4
16,209,0.0003365319504278208,3
16,210,0.000463786892500595,3
16,211,0.0005316571510489698,3
16,212,0.0002035322681064322,3
16,213,0.0007151599800545583,3
16,214,0.00036951373543236965,3
16,215,0.00051659257062453,3
16,216,0.0005531584271957213,3
16,217,0.0006297576270165028,6
16,218,0.000513835848948152,3
16,219,0.000584896321722761,3
16,220,0.00040691630879086116,3
16,221,0.0003189331835323772,3
16,222,0.0005053253361625432,3
16,223,0.00043707979839546773,3
16,224,0.00036003531030570635,3
16,225,0.0005171155320263798,3
16,226,0.00035626583266978873,3
16,227,0.0005390795675084825,4
16,228,0.000663291058888571,3
16,229,0.0004510666009885922,5
16,230,0.000606628757506833,3
16,231,0.0005142422288507698,3
16,232,0.0006675353850541521,8
16,233,0.00043058717594623985,3
16,234,0.00042747418933375414,4
16,235,0.00020582742158270495,3
16,236,0.00036306312306311206,3
16,237,0.000736505837979351,8
16,238,0.0003369808660323992,4
16,239,0.00029590035825211025,3
16,240,0.0003357854487768819,5
16,241,0.0003679329865555192,4
16,242,0.0004930086277010193,3
16,243,0.0004613946653162504,3
16,244,0.0004569234733400318,3
16,245,0.0005145647016627786,3
16,246,0.0003138211125202073,3
16,247,0.00036020516827539595,3
16,248,0.0005936234115300199,3
16,249,0.00039781872507937965,4
16,250,0.0002931156483496622,3
16,251,0.0004397774815614319,3
16,252,0.0005195454137335576,3
16,253,0.000727887226459667,3
16,254,0.00043568146777428485,5
16,255,0.0004042650455730046,3
16,256,0.0003504844457059564,3
16,257,0.0003086458276487236,3
16,258,0.0005403166226405909,3
16,259,0.0004296900881569643,4
16,260,0.0003089721111353416,4
16,261,0.00018505647786448698,3
16,262,0.00030219990208923964,4
16,263,0.000730185572992037,3
16,264,0.0003941656773982505,3
16,265,0.00048119179345706975,3
16,266,0.0002040733530895844,3
16,267,0.00028451456481759507,3
16,268,0.0004924293767423205,4
16,269,0.0005912431070305146,3
16,270,0.0005178944016970832,3
16,271,0.0003581346592540502,3
16,272,0.000291372799528955,4
16,273,0.000320918383157176,4
16,274,0.0005579461222058324,4
16,275,0.0006104465699398043,4
16,276,0.0005933712977317374,3
16,277,0.0006166808916548971,4
16,278,0.0004902639094763739,3
16,279,0.00027268717130080056,4
16,280,0.0005959500399974615,3
16,281,0.0004267375741791035,3
16,282,0.0004213164952855397,3
16,283,0.00031200113693752307,3
16,284,0.0004713221232055531,3
16,285,0.000524765996946952,4
16,286,0.0004457419129541007,3
16,287,0.00036524559755668484,3
16,288,0.0004973951248109509,4
16,289,0.0004943753471199352,3
16,290,0.00041300409882549793,5
16,291,0.00043874341338434597,3
16,292,0.0005657494870460189,3
16,293,0.0002983975751066348,3
16,294,0.0004480435166220875,3
16,295,0.0006206153178954787,3
16,296,0.00041762417141805175,3
16,297,0.00040910797170679025,3
16,298,0.000307327546374192,3
16,299,0.00033768050526095106,3
16,300,0.0003682493117317387,5
16,301,0.0005400302034730409,5
16,302,0.0005624973215853091,3
16,303,0.00029703581191509176,3
16,304,0.0006340052820237307,3
16,305,0.0004150919949303944,3
16,306,0.0003484702805849893,3
16,307,0.0003350298943093355,3
16,308,0.00041270417310379504,3
16,309,0.0008173977587653813,3
16,310,0.0003901399696818464,3
16,311,0.0004912679599421432,3
16,312,0.0004518996737584713,4
16,313,0.0005199766694831132,7
16,314,0.0003089014998151063,3
16,315,0.0002956348423537314,3
16,316,0.00037080693728930303,3
16,317,0.00035144130742836843,4
16,318,0.0002896043059472664,3
16,319,0.00020796688016277987,3
16,320,0.0006598677316419499,3
16,321,0.0004552312444451312,3
16,322,0.00029371575031666985,4
16,323,0.00039210789806010116,4
16,324,0.0005421763779748234,3
16,325,0.0004969099507178276,3
16,326,0.00041381412577601306,3
16,327,0.0006641550694042042,5
16,328,0.0006307200664108503,3
16,329,0.0005767955321376306,3
16,330,0.0005886620514495844,4
16,331,0.0005747239369682244,4
16,332,0.00028946340937185955,3
16,333,0.0003336265233019331,3
16,334,0.0003206715122268111,3
16,335,0.0004280292060468982,3
16,336,0.00040465865036498627,3
16,337,0.0003382328004059576,3
16,338,0.00027251680144191326,3
16,339,0.0005682239152284274,3
16,340,0.0005454421282103938,4
16,341,0.000419926263704018,3
16,342,0.0005334438384951845,3
16,343,0.0005635793216581808,3
16,344,0.0007183211098003017,3
16,345,0.0006909951437116257,3
16,346,0.0005066084034842655,3
16,347,0.0005368440411748221,3
16,348,0.00038151870674196786,3
16,349,0.0002956829037441544,3
16,350,0.0006240012293189379,3
16,351,0.00037339579159412217,3
16,352,0.0005909478257448697,3
16,353,0.00040011510350357327,3
16,354,0.0007099629822641118,6
16,355,0.0004241766200545616,3
16,356,0.0002840411285832678,3
16,357,0.00044672009143498226,3
16,358,0.0004069241774294907,3
16,359,0.0001730450035184461,3
16,360,0.00036387645428404003,3
16,361,0.00030449337495885853,3
16,362,0.00034477076977301735,3
16,363,0.0003596629750890479,3
16,364,0.0005492353332559041,3
16,365,0.00047108368666370914,3
16,366,0.00036518374727090297,3
16,367,0.00038188990327092665,3
16,368,0.0003069229408898533,3
16,369,0.0003650507693584437,3
16,370,0.0005412699400069165,3
16,371,0.000502807321025367,3
16,372,0.000512311576037261,3
16,373,0.0005049476488386828,3
16,374,0.0005035011351663399,3
16,375,0.0003198983622971774,4
16,376,0.0003201683522510157,3
16,377,0.0003047629885118974,4
16,378,0.00048155098579205635,3
16,379,0.000227293164617004,3
16,380,0.00021224563912591865,3
16,381,0.0005442149293455323,3
16,382,0.00032625813487408006,3
16,383,0.00029973212517486747,3
16,384,0.0005377261037372572,3
16,385,0.00024934039782154027,3
16,386,0.0003224597516366945,3
16,387,0.0004624081026048943,3
16,388,0.00026370865814079325,3
16,389,0.00033455907434443155,3
16,390,0.0004737784461678052,5
16,391,0.0004707117086512058,3
16,392,0.0006170447165084747,6
16,393,0.0002919889431338696,3
16,394,0.000265077891707044,3
16,395,0.00045662669810947465,3
16,396,0.0006222903065472574,3
16,397,0.0002463203363770594,3
16,398,0.00030873121196250963,3
16,399,0.000353796597643119,3
16,400,0.00037820249137721085,4
16,401,0.0004122827770516313,3
16,402,0.0002812625428841864,3
16,403,0.0002996565464222778,3
16,404,0.0005499810084359513,5
16,405,0.00041783898685954224,3
16,406,0.0002519621162984653,3
16,407,0.0004705584494165138,3
16,408,0.00038947658468413415,3
16,409,0.0005576247985081828,3
16,410,0.00035771680441337717,3
16,411,0.0005462767020756321,6
16,412,0.0004710979996868092,3
16,413,0.00025404490188818407,3
16,414,0.00024036737810784192,3
16,415,0.00027473572424119297,3
16,416,0.0003935430995933853,3
16,417,0.0003631909716637072,3
16,418,0.00034153713847384637,3
16,419,0.0005282934751836832,3
16,420,0.0003817868005120406,3
16,421,0.00025245921206451527,3
16,422,0.0006100046619784694,3
16,423,0.0005849402463161679,6
16,424,0.00026104028756779307,3
16,425,0.0004087645651601468,4
16,426,0.00044335905512382645,4
16,427,0.00035734921670438347,4
16,428,0.00038167743161632295,3
16,429,0.000303729192710378,3
16,430,0.00018910070843392024,3
16,431,0.00024581444728422053,3
16,432,0.00041965796738013816,4
16,433,0.0004109035264110439,3
16,434,0.00037530395461693455,3
16,435,0.00042422959841664776,5
16,436,0.0002673678547889802,3
16,437,0.0003173173960681064,3
16,438,0.0004387336318235069,3
16,439,0.00036451516134428097,3
16,440,0.0005857911510195324,3
16,441,0.00048732489832092885,3
16,442,0.00031450334353655407,3
16,443,0.00040320815040773006,6
16,444,0.0005258061982054141,3
16,445,0.0002398133671439595,3
16,446,0.0006207413737887579,5
16,447,0.00041511850912412385,4
16,448,0.00047976943476507605,3
16,449,0.0004198481892524475,3
16,450,0.0003110098567967734,5
16,451,0.0002882728973916393,3
16,452,0.00027637973666760907,3
16,453,0.0002316416896588347,3
16,454,0.00023053468770073415,3
16,455,0.00030069730713400133,3
16,456,0.00042497973102817443,3
16,457,0.00037588121898896043,3
16,458,0.000492606958636288,3
16,459,0.00045516538996503986,3
16,460,0.0003347210047733862,3
16,461,0.00036193283595986614,3
16,462,0.00033238570874749573,4
16,463,0.0002900747132703607,3
16,464,0.00028917951090590144,3
16,465,0.0007591007559785146,3
16,466,0.00047132021751616904,3
16,467,0.0005300776303698296,3
16,468,0.0003640425102789946,3
16,469,0.0002997299461384162,3
16,470,0.000553936815395506,3
16,471,0.000582758736379807,3
16,472,0.0004986444863983586,3
16,473,0.00031427742211487253,3
16,474,0.0004674009831387993,3
16,475,0.0004808268960533324,3
16,476,0.0003493727340415642,3
16,477,0.00044866355198791563,3
16,478,0.0004689638861697931,3
16,479,0.0006205572421746908,3
16,480,0.00035545208651110993,3
16,481,0.0005599611828763784,6
16,482,0.0005706441628361425,3
16,483,0.00036652579975138266,3
16,484,0.0004479062567945835,3
16,485,0.00040617017103539155,3
16,486,0.0005132596562150704,3
16,487,0.0005528133012681069,4
16,488,0.00031694609139609753,4
16,489,0.0005357046135195942,4
16,490,0.0004955067293644921,3
16,491,0.00038092622513974383,3
16,492,0.0005049572264436142,3
16,493,0.000722616989277336,4
16,494,0.0004666066991693141,3
16,495,0.0005574968484306497,3
16,496,0.0005267243617765871,3
16,497,0.00032828556523334385,3
16,498,0.0004153244004853063,3
16,499,0.0004250627761678283,3
16,500,0.0002465246576313085,3
16,501,0.00041686529364282077,3
16,502,0.0005255013250483054,3
16,503,0.00037850011781359605,3
16,504,0.0003751021832815171,3
16,505,0.00040361209359884853,3
16,506,0.0002183419870431802,3
16,507,0.0003652406040126621,3
16,508,0.0004545422358061546,4
16,509,0.0005200683157984276,3
16,510,0.0004470075092500858,3
16,511,0.0005187336743021076,3
16,512,0.00027932298791621957,3
16,513,0.00035965800776083245,3
16,514,0.0003054682121857444,3
16,515,0.00023689864706666341,3
16,516,0.00028257542156162607,3
16,517,0.0005916568253698795,3
16,518,0.00027935009004809164,3
16,519,0.000598527502383206,3
16,520,0.00030063609192176877,3
16,521,0.0003625428024077726,4
16,522,0.00038532862532969503,3
16,523,0.00027219294776398284,3
16,524,0.0007816360431676106,3
16,525,0.0003121016861717951,4
16,526,0.00027519249710372673,3
16,527,0.0005199205676517105,3
16,528,0.0003507778967259956,4
16,529,0.0005406712557699533,3
16,530,0.00028418369309801683,3
16,531,0.0003123561187546864,3
16,532,0.0004234127371479657,3
16,533,0.0006879602095187787,3
16,534,0.00039767869037721226,5
16,535,0.0007726477311041924,3
16,536,0.0006178497827250551,5
16,537,0.0006224082114240082,3
16,538,0.0003162931515076073,3
16,539,0.0005350247804898345,4
16,540,0.000503754897877351,3
16,541,0.00033755257091694357,3
16,542,0.00037042367369122253,3
16,543,0.0002701817778131277,4
16,544,0.000504832322448634,5
16,545,0.000228920425881185,3
16,546,0.0002141769461452836,3
16,547,0.0004837094519213325,4
16,548,0.00033492962382919433,3
16,549,0.0005575455155399922,3
16,550,0.00039421979181974987,3
16,551,0.0005304616657378913,3
16,552,0.000342622102569079,3
16,553,0.0006800198769797428,4
16,554,0.000731969707168989,10
16,555,0.0004673743017871157,3
16,556,0.00047568331550851273,4
16,557,0.00027174524313855475,3
16,558,0.00031856835680277307,3
16,559,0.0004140085270519789,3
16,560,0.00032195536545631676,3
16,561,0.0005071779383788444,3
16,562,0.0005254960105008921,3
16,563,0.0005160940128331459,3
16,564,0.0003904434971323534,4
16,565,0.0001835211981071616,3
16,566,0.0003752303463351314,3
16,567,0.0005733229487367431,6
16,568,0.0007008490760926911,3
16,569,0.0004667457694361721,5
16,570,0.0002983697913222505,3
16,571,0.0003929888767328915,6
16,572,0.00031865447588730333,3
16,573,0.00030573438681386067,3
16,574,0.0006131242149665095,3
16,575,0.0005180912234005186,4
16,576,0.0002564504914680521,3
16,577,0.0003752221875765738,3
16,578,0.00047917086468629577,3
16,579,0.0006230015378438925,3
16,580,0.000521420659919225,3
16,581,0.0006256248551916865,4
16,582,0.000442117717268542,3
16,583,0.0003393191947465013,4
16,584,0.00037558406401094757,3
16,585,0.00025340406527551984,3
16,586,0.0004324268640863993,3
16,587,0.0002913863109161863,3
16,588,0.0004974892761737681,3
16,589,0.00045985159553763033,3
16,590,0.00040181561011520817,3
16,591,0.0005276566539468286,3
16,592,0.0005642003399967122,5
16,593,0.0003200085651428042,4
16,594,0.0005651163452545793,3
16,595,0.00032064370514839347,4
16,596,0.00037842330185455797,3
16,597,0.000387365622769531,3
16,598,0.000507595148933393,3
16,599,0.0003643074073240715,3
16,600,0.0005711330086016764,4
16,601,0.0007646085448222983,8
16,602,0.0004200737885212691,3
16,603,0.0006047812074215786,4
16,604,0.0005738754413413538,3
16,605,0.0002688719885077795,3
16,606,0.0003783240083226058,3
16,607,0.0003030972037253443,3
16,608,0.0006498116782991392,3
16,609,0.00046466467258565736,3
16,610,0.0005348710895124453,4
16,611,0.0005352037570913737,3
16,612,0.00024193272184458436,3
16,613,0.00047974238650466683,3
16,614,0.0003436424906243518,3
16,615,0.0006557351935084776,3
16,616,0.00033519574551255094,3
16,617,0.0004443014801099876,3
16,618,0.0003333547570670836,3
16,619,0.0003581922425865969,3
16,620,0.000502722756366869,3
16,621,0.0005357178633204063,6
16,622,0.00029183956165418357,3
16,623,0.00019853577247053167,3
16,624,0.0004870499831682862,3
16,625,0.0005441674952988418,3
16,626,0.0003271923747606431,3
16,627,0.0004279461009993879,3
16,628,0.0007021554570852961,5
16,629,0.0002494385179377945,4
16,630,0.0004433066189771795,3
16,631,0.0005854563594671625,3
16,632,0.0003067032884646048,4
16,633,0.0003679564313446848,3
16,634,0.0003637034443678133,3
16,635,0.0007210993522221432,5
16,636,0.00034656648422559666,3
16,637,0.0004280488142861527,3
16,638,0.0003382132874582,4
16,639,0.0005187625015858344,3
16,640,0.0007640318360976339,3
16,641,0.00045429949530395586,5
16,642,0.00023953189984748935,3
16,643,0.0005893311589433292,3
16,644,0.0003665281102936957,3
16,645,0.0005309970163247524,3
16,646,0.0007051969089537646,5
16,647,0.0003019646625119776,3
16,648,0.00017381725075649168,3
16,649,0.0005473661241126582,7
16,650,0.0005997803000100665,3
16,651,0.00033477339545784357,4
16,652,0.0002525663139940626,3
16,653,0.0004624711747106547,3
16,654,0.00044263075485512227,3
16,655,0.0003785570305630537,3
16,656,0.00035312951902749523,3
16,657,0.00043414086138360286,3
16,658,0.0004444333217552554,3
16,659,0.00033123033040749483,3
16,660,0.00020933390746924463,3
16,661,0.0006294787133804824,4
16,662,0.00038153816457853207,3
16,663,0.00034921642471852365,3
16,664,0.0005245779685241203,3
16,665,0.00034193401587823136,4
16,666,0.0002133732686134815,3
16,667,0.00028459565906635564,4
16,668,0.00030797085305689365,3
16,669,0.00045166186869471936,4
16,670,0.000280315634927808,3
16,671,0.00041995838365127547,3
16,672,0.00041617885182976266,4
16,673,0.0006501468357474893,4
16,674,0.00042442563034550407,3
16,675,0.0004646770959713109,3
16,676,0.00033811857518872834,4
16,677,0.0003618515316343718,3
16,678,0.00031272089068035136,3
16,679,0.00028445663553433587,3
16,680,0.00019527464164403874,3
16,681,0.0005511477047598357,3
16,682,0.0004250939714758317,3
16,683,0.00032795279836406177,3
16,684,0.0005206970756156393,3
16,685,0.0005287513568565938,3
16,686,0.00036829814381533765,3
16,687,0.00038810184626242306,3
16,688,0.0006818112912982954,3
16,689,0.00024238263965736806,3
16,690,0.0005661962979849333,4
16,691,0.0003627713178159242,3
16,692,0.0004065897304439403,3
16,693,0.0004532706077734483,3
16,694,0.0003541255240462893,3
16,695,0.00041108723926486235,3
16,696,0.0005359136525495689,3
16,697,0.0006109135690455236,4
16,698,0.0004068679932558439,3
16,699,0.00029095124363065494,3
16,700,0.00031495372874823513,3
16,701,0.0003761295254701702,3
16,702,0.0007988851583052847,4
16,703,0.0002861016803368255,3
16,704,0.0005883723541881825,3
16,705,0.0006778704773603428,6
16,706,0.0003557610804117983,3
16,707,0.000479423799624068,6
16,708,0.0003301080286219893,3
16,709,0.0004880176280661619,3
16,710,0.00048516047512470184,4
16,711,0.00030312930430131946,3
16,712,0.00042753289706465303,3
16,713,0.0006734561521287707,3
16,714,0.00023725577303557177,3
16,715,0.0004217541915132461,3
16,716,0.0005531605186424038,3
16,717,0.0002852837561657662,3
16,718,0.0004785111984939583,3
16,719,0.00046202229884351187,3
16,720,0.0004531197700461398,3
16,721,0.00024238835475837162,3
16,722,0.0006338227683300168,4
16,723,0.0007160148686280454,5
16,724,0.00024965845811764087,3
16,725,0.00023499544607191725,3
16,726,0.0005977299599718711,3
16,727,0.0007468753422122387,5
16,728,0.00022327720392922856,3
16,729,0.0004337952136754808,3
16,730,0.00039421638631120803,3
16,731,0.0005299213874592201,3
16,732,0.0005108411468224272,4
16,733,0.0004169020862265782,3
16,734,0.00029027401184966717,3
16,735,0.00040856566480662604,3
16,736,0.0004347017494198413,3
16,737,0.00033568831908326047,4
16,738,0.00040669631598311273,3
16,739,0.0004697974485272094,4
16,740,0.0005485813311826848,3
16,741,0.0005662021106750958,6
16,742,0.00029254774776121817,3
16,743,0.0006281027537923256,3
16,744,0.0004921138359881283,5
16,745,0.0002487768572453364,3
16,746,0.0007997223028045619,7
16,747,0.00020655560237869963,3
16,748,0.0005162089531910441,3
16,749,0.00042621022449029766,3
16,750,0.0004983909589028057,3
16,751,0.0005211076284163396,3
16,752,0.0005432773740162711,3
16,753,0.0004876632584793761,3
16,754,0.0004686012544702356,6
16,755,0.0004122495321660091,3
16,756,0.0006167251122730644,5
16,757,0.0006813560347926906,3
16,758,0.00032983556374588385,4
16,759,0.0007234307415510122,4
16,760,0.0006196297463301748,3
16,761,0.0004591105492726122,4
16,762,0.00034914659349361,3
16,763,0.0003885089520354046,5
16,764,0.000331648989785438,7
16,765,0.0002306794956016267,3
16,766,0.0009445337040049351,3
16,767,0.000400768198480117,4
16,768,0.00033584794694008213,3
16,769,0.00031688390197159855,4
16,770,0.0006058228882569461,3
16,771,0.0003185991191824167,3
16,772,0.0004814976647605773,6
16,773,0.0004885848591913433,3
16,774,0.00031636487848685224,5
16,775,0.0002636152930186597,3
16,776,0.00033753688143478566,3
16,777,0.0004648899333229428,4
16,778,0.0003806572247702089,3
16,779,0.00036118590277078866,3
16,780,0.00041845763429670946,3
16,781,0.0002929709118618673,3
16,782,0.00027789385470033956,3
16,783,0.00048129363296672834,4
16,784,0.00028473548035212737,3
16,785,0.0003399082995245717,3
16,786,0.00028044071572563833,4
16,787,0.0007340232860787443,3
16,788,0.0005041837765550894,3
16,789,0.000581057916140354,6
16,790,0.000407622419999476,3
16,791,0.0006411961584090742,3
16,792,0.00024188313035156117,3
16,793,0.00047749467103097576,4
16,794,0.0002871812193866452,3
16,795,0.0006617680818892802,4
16,796,0.00043245058509577827,3
16,797,0.0005997111461374383,3
16,798,0.00028907791725851784,3
16,799,0.0005702805749925322,3
16,800,0.0003449027599445875,5
16,801,0.0003491004932630881,3
16,802,0.0005159826275800139,3
16,803,0.00019495128825963715,3
16,804,0.00034319479971944844,3
16,805,0.0005061997372876048,3
16,806,0.00030315867498786897,3
16,807,0.00019753192373606066,3
16,808,0.0002805279185403853,3
16,809,0.0005427194990044182,3
16,810,0.0003566242443213685,3
16,811,0.0006364296353529308,3
16,812,0.0003418688858874974,3
16,813,0.00034719459574417133,3
16,814,0.0002484128249402584,3
16,815,0.00043200775653418066,5
16,816,0.0003514883587069084,3
16,817,0.0006128463542350859,3
16,818,0.0005179011192335548,3
16,819,0.00035423008380230936,3
16,820,0.00047276589453215667,3
16,821,0.00045053088233837357,3
16,822,0.0004902762766201274,3
16,823,0.0004328316652563169,4
16,824,0.0003464510190570591,5
16,825,0.0008186328797944453,3
16,826,0.0005618974835488455,8
16,827,0.0005817462480678381,8
16,828,0.0006212251057846618,3
16,829,0.00037412736304753835,3
16,830,0.0004921224199622154,6
16,831,0.00039671704984134415,5
16,832,0.0003279478932639579,3
16,833,0.0007044794434578616,3
16,834,0.00035532654603609437,4
16,835,0.0002788285453777517,3
16,836,0.0004283814681189657,3
16,837,0.00031687020027859614,3
16,838,0.0003877986232271313,5
16,839,0.00039449730307833386,3
16,840,0.00043238955625823916,3
16,841,0.0008743077312552971,3
16,842,0.0004941590465164514,3
16,843,0.0002930461086947389,3
16,844,0.00033681928649864634,3
16,845,0.0003274862029022385,3
16,846,0.00018507450849314377,3
16,847,0.0002739679780427995,3
16,848,0.0003629508504803258,3
16,849,0.00044089444205874795,3
16,850,0.0004668998386286871,3
16,851,0.00041737570169120275,3
16,852,0.0005207516682901314,3
16,853,0.0005126962889496767,3
16,854,0.0005994699345639454,6
16,855,0.00030399338995901193,3
16,856,0.0005808046011464008,5
16,857,0.00019001851534028447,3
16,858,0.0005498715184105718,3
16,859,0.0005269553130243798,3
16,860,0.00034469813627069357,3
16,861,0.00040512750278842713,4
16,862,0.000373227785737007,3
16,863,0.0007153558213331968,6
16,864,0.000398981754124339,3
16,865,0.0002893930033149861,3
16,866,0.00033541764187072776,3
16,867,0.0002299774999378057,3
16,868,0.0003669632410922552,3
16,869,0.000498368321521836,3
16,870,0.00038532668725776986,3
16,871,0.0003603115428250092,3
16,872,0.0006119782138535035,3
16,873,0.00037263451046065654,5
16,874,0.00027297214368182665,3
16,875,0.00019002398635920015,3
16,876,0.000487105953057676,4
16,877,0.0003961036671573659,3
16,878,0.00038696456431985826,3
16,879,0.00035851483941107265,3
16,880,0.0004759036129006189,5
16,881,0.000532855143408284,3
16,882,0.0004430630195891849,4
16,883,0.00042385377276252245,5
16,884,0.00029734111780227446,4
16,885,0.00025268060967276185,3
16,886,0.00025583609843282673,3
16,887,0.00042151239715160216,3
16,888,0.0003317729514316081,3
16,889,0.00048788287467216307,3
16,890,0.0004320007879191623,6
16,891,0.0005161433988266073,3
16,892,0.0004983115055258169,3
16,893,0.0004695312805635954,7
16,894,0.00038221688314155067,4
16,895,0.0006329375318824826,3
16,896,0.0005172656948274623,3
16,897,0.0003667602200254638,3
16,898,0.0005770263273978116,5
16,899,0.0004441602978570991,3
16,900,0.0002905540971286369,3
16,901,0.0005331070832035323,8
16,902,0.0002774043739172116,3
16,903,0.00032717042134289276,3
16,904,0.0003622226454957911,4
16,905,0.0005009327061422653,3
16,906,0.0004013049544452363,3
16,907,0.0004620991298022181,3
16,908,0.00027762703850120474,3
16,909,0.0004623659547285941,3
16,910,0.0003870294829613763,4
16,911,0.000333901217003163,3
16,912,0.00032972531784236647,3
16,913,0.0003677154254009274,3
16,914,0.00030317418359665504,4
16,915,0.0003204877062576994,3
16,916,0.0003014533201062264,3
16,917,0.0003958781143375001,3
16,918,0.0007491966663750738,3
16,919,0.00029628294424449697,3
16,920,0.000882361331170034,5
16,921,0.0003382139614012125,3
16,922,0.0004409070944886295,3
16,923,0.00037275302127570686,3
16,924,0.0004555582052673257,3
16,925,0.00045927136826073856,3
16,926,0.00042538990882878824,3
16,927,0.00030768360450206256,3
16,928,0.000287699361279925,3
16,929,0.0004463447684767141,3
16,930,0.00030267118622173683,4
16,931,0.00041054939153517545,4
16,932,0.00041405443283676346,3
16,933,0.0006498086497714883,3
16,934,0.0005097589929352608,3
16,935,0.00046752027092478166,4
16,936,0.00048194261418366136,3
16,937,0.00042794098016052384,3
16,938,0.00021919454349228484,3
16,939,0.00048584268338758285,3
16,940,0.0004666762101762645,4
16,941,0.0004513594725804593,3
16,942,0.0004950719867177211,3
16,943,0.00033825267330678255,3
16,944,0.0004603083136383024,3
16,945,0.0003105724440021218,3
16,946,0.0005429093711207811,5
16,947,0.0005978741785327424,3
16,948,0.00034227427953215095,3
16,949,0.000493662049169008,4
16,950,0.0005509849942916256,3
16,951,0.0005728977686810799,3
16,952,0.00024777307223755596,3
16,953,0.0003975510899092427,3
16,954,0.0003046133255136807,3
16,955,0.000413755557108042,3
16,956,0.00027461595022337804,3
16,957,0.0005698388252909359,3
16,958,0.0005038559774993567,3
16,959,0.00047568831222211116,3
16,960,0.0003916210850627433,3
16,961,0.0003899246973868564,3
16,962,0.0006011629709419264,6
16,963,0.0004346579331561129,3
16,964,0.0007170718167005541,3
16,965,0.0002474148331201853,3
16,966,0.0005969100578380182,3
16,967,0.0004775446944802475,3
16,968,0.000581846696361521,3
16,969,0.000407691768601226,3
16,970,0.00032426768215287893,3
16,971,0.0005674012250624916,3
16,972,0.00042095906948935724,3
16,973,0.0006079345542913117,4
16,974,0.00040629640860245786,6
16,975,0.00033925034183368563,3
16,976,0.0004176963207884743,3
16,977,0.0002419406265135038,3
16,978,0.0003841829446428191,3
16,979,0.00033828426320803295,3
16,980,0.0004833164191823114,3
16,981,0.00030296593415535256,3
16,982,0.0003526965456841502,3
16,983,0.0004201478181313778,3
16,984,0.0003735436301138817,4
16,985,0.00047690306584030617,4
16,986,0.0002694248035489677,3
16,987,0.00041724149507549324,5
16,988,0.00030087984944793256,3
16,989,0.00043200420610689516,3
16,990,0.0005802347586011392,3
16,991,0.00033370404232768713,3
16,992,0.00033082022200581207,3
16,993,0.0005294379717851183,5
16,994,0.0005432268817529007,3
16,995,0.00031596219415896964,3
16,996,0.00035444707819121124,3
16,997,0.000398445959592042,3
16,998,0.0005320695984381008,3
16,999,0.0002617686248712614,3
16,1000,0.00038513585405963724,3
16,1001,0.0003295596835579673,5
16,1002,0.0004396964877855236,3
16,1003,0.0004997981492653181,5
16,1004,0.0004005373724800254,5
16,1005,0.0005222256837026373,3
16,1006,0.0004548166113133023,3
16,1007,0.0005212239830004739,3
16,1008,0.0004622448695484893,3
16,1009,0.000464526334087223,3
16,1010,0.0004482269108666559,4
16,1011,0.0004667485603254695,3
16,1012,0.0003528399652185099,3
16,1013,0.0006115495659566594,3
16,1014,0.0004958019125023139,3
16,1015,0.0003249867501453618,5
16,1016,0.00040298368946861673,3
16,1017,0.0006429269317158592,9
16,1018,0.00045523290095117463,3
16,1019,0.0003687239786683838,4
16,1020,0.00019463394089380692,3
16,1021,0.0003512855821063976,3
16,1022,0.0002623182124557033,3
16,1023,0.0005446719318836779,3
16,1024,0.0002771691543769217,3
16,1025,0.0005339952648486523,4
16,1026,0.00034963508452379166,3
16,1027,0.0007800853491379822,3
16,1028,0.0006283194568487138,5
16,1029,0.0002788857580727777,3
16,1030,0.00030267982753340306,4
16,1031,0.0007976997402232566,5
16,1032,0.0003927743527120109,3
16,1033,0.00037825847555350567,3
16,1034,0.0005076333335747307,3
16,1035,0.0005465271507861802,3
16,1036,0.00043508730700647646,4
16,1037,0.000412389613455022,3
16,1038,0.0004242943576945324,3
16,1039,0.0005283489859483348,3
16,1040,0.0005762550224726048,3
16,1041,0.000392062904394086,4
16,1042,0.0003901648535494795,5
16,1043,0.00032996582984545775,3
16,1044,0.00031115736343356737,3
16,1045,0.00024075471893580946,3
16,1046,0.00047530838175668944,3
16,1047,0.0002975087722869585,3
16,1048,0.0003407480686529185,3
16,1049,0.00033402950878747006,3
16,1050,0.00035850044051788377,3
16,1051,0.00039892204566643885,3
16,1052,0.00044901138584796385,3
16,1053,0.0002983525374209983,3
16,1054,0.00036607983772707353,3
16,1055,0.00027213557300231894,4
16,1056,0.00036746086231409514,3
16,1057,0.00048389936561377134,3
16,1058,0.0003415597215877808,3
16,1059,0.0003395844102619394,3
16,1060,0.0003858362199440357,3
16,1061,0.0007219361548156389,4
16,1062,0.0004949774135656337,3
16,1063,0.00033589979099035716,3
16,1064,0.0004717765073883884,3
16,1065,0.00016542175856171237,3
16,1066,0.00048446055799766796,4
16,1067,0.0004524270882709791,3
16,1068,0.0005026369257218333,3
16,1069,0.00025281190326387204,5
16,1070,0.00033385461903756575,3
16,1071,0.00037042379775931167,4
16,1072,0.0003987949656334422,3
16,1073,0.0006481649784307875,9
16,1074,0.0003657493299034642,5
16,1075,0.0006435160507456406,3
16,1076,0.00029284799448003884,3
16,1077,0.0005651329234062086,4
16,1078,0.00026968258170323445,3
16,1079,0.0004291120805637316,3
16,1080,0.0005346782225014168,6
16,1081,0.0004685377497468668,3
16,1082,0.000624313955510325,7
16,1083,0.0005870212625881388,3
16,1084,0.0005339091784561933,3
16,1085,0.0003174085264554538,3
16,1086,0.000741787049719056,8
16,1087,0.0002969558547885054,3
16,1088,0.0005820481165040858,4
16,1089,0.00042095474938874666,3
16,1090,0.0005196264633862135,3
16,1091,0.00046983667121758277,3
16,1092,0.0004430454358852476,3
16,1093,0.0004863873161702337,3
16,1094,0.0003037283509957911,3
16,1095,0.0004122022681183335,3
16,1096,0.0003478287216668319,3
16,1097,0.0004349003174517474,3
16,1098,0.0006107981830802967,3
16,1099,0.00034445208716160636,3
16,1100,0.0003962703155943048,3
16,1101,0.00037323989450577244,7
16,1102,0.00035431411161945814,3
16,1103,0.00045049983498390844,3
16,1104,0.00034653667915829356,3
16,1105,0.00040360560139895973,3
16,1106,0.0003923086692394495,3
16,1107,0.000627017823642495,5
16,1108,0.0004488937455575659,4
16,1109,0.0004054112514637609,3
16,1110,0.0005660231639043056,4
16,1111,0.00048759911874662887,3
16,1112,0.0004591052775360094,3
16,1113,0.00046492604366232815,3
16,1114,0.0006196341256859972,3
16,1115,0.00044267370132777817,3
16,1116,0.0006521938215108269,3
16,1117,0.0005651519921417991,5
16,1118,0.0004993830447239667,3
16,1119,0.00023957320180179043,3
16,1120,0.000456890614487393,4
16,1121,0.00041729654153888074,4
16,1122,0.000395608179591056,3
16,1123,0.0004862459012111575,3
16,1124,0.000527777118434436,3
16,1125,0.00031635970688581594,3
16,1126,0.0006323802432799397,8
16,1127,0.0003279681549047675,3
16,1128,0.00023036528072040152,3
16,1129,0.00032286859254260225,3
16,1130,0.0004043142446821246,3
16,1131,0.00045837713941049296,4
16,1132,0.00028184048582824417,3
16,1133,0.00044096562642303994,3
16,1134,0.0002665197579950762,3
16,1135,0.0003576006401223575,3
16,1136,0.0003880228940799091,3
16,1137,0.0004790216781687118,3
16,1138,0.0003863903370479038,4
16,1139,0.0006515782575952089,3
16,1140,0.0005033387496283792,3
16,1141,0.0004528784027096888,3
16,1142,0.0005601163534567632,4
16,1143,0.0003784822515875974,3
16,1144,0.000648159155707595,3
16,1145,0.0003025282565920495,3
16,1146,0.00031317160791732856,3
16,1147,0.0005765828186290456,3
16,1148,0.0004307433067914923,3
16,1149,0.0003144090801474597,3
16,1150,0.0004048084479755798,4
16,1151,0.0005164459373740993,4
16,1152,0.0002897947241962129,3
16,1153,0.0005119982186454486,3
16,1154,0.00033464372817471055,3
16,1155,0.0004426605330010158,3
16,1156,0.00035963276662009935,3
16,1157,0.0003882965322279386,3
16,1158,0.0006298537700679674,4
16,1159,0.00033761221368333594,3
16,1160,0.0005563476536172285,3
16,1161,0.000708872766601587,3
16,1162,0.0003537347999486573,3
16,1163,0.0005953997618309836,3
16,1164,0.0003967034506645595,3
16,1165,0.0003745325860281534,6
16,1166,0.00037215092882109113,3
16,1167,0.0005209381696595905,3
16,1168,0.0006349962822659316,3
16,1169,0.00046761084840873934,3
16,1170,0.000317826239604857,3
16,1171,0.0004947738956527781,4
16,1172,0.0004063784379588764,3
16,1173,0.0004388428992015969,6
16,1174,0.0005983909677964028,7
16,1175,0.00048295722471153324,3
16,1176,0.00047802200755953095,3
16,1177,0.00047787546511546264,4
16,1178,0.0003823844743275906,3
16,1179,0.0004998727850626938,3
16,1180,0.00019727092081578412,3
16,1181,0.00030826747727763504,3
16,1182,0.00036423756574788246,4
16,1183,0.00040754378421847814,3
16,1184,0.0006675653469885301,3
16,1185,0.00035509559286217574,4
16,1186,0.00035251671937808204,5
16,1187,0.0002643420750257919,3
16,1188,0.0004460139061397417,4
16,1189,0.0003181560387416349,3
16,1190,0.0004174022094238783,3
16,1191,0.0006165197551062374,3
16,1192,0.0002519613223390671,4
16,1193,0.0004459112158208267,3
16,1194,0.0006277837212994575,5
16,1195,0.00032933293761738813,3
16,1196,0.0003962396592644968,3
16,1197,0.00037734692839352935,3
16,1198,0.0006295005137826326,3
16,1199,0.0004067578359273627,3
16,1200,0.0004019329992023257,3
16,1201,0.00030289838594388385,3
16,1202,0.00032609188499110875,3
16,1203,0.00034817704037126695,3
16,1204,0.0004792735051306618,3
16,1205,0.0004166425636049631,4
16,1206,0.0004750623298611645,3
16,1207,0.0003437763535482641,3
16,1208,0.00024295053069334216,3
16,1209,0.0003153695688115077,3
16,1210,0.0006199525779340131,3
16,1211,0.0005534320204720333,4
16,1212,0.0003828470833553421,3
16,1213,0.0005638542259310819,3
16,1214,0.0004699598908337599,3
16,1215,0.0006209045544970926,3
16,1216,0.0002816756886865335,3
16,1217,0.0004643951189622353,3
16,1218,0.00048040426403617165,4
16,1219,0.0005005867640808237,3
16,1220,0.000372866362750357,3
16,1221,0.0004773651967439063,6
16,1222,0.0005606064564533941,4
16,1223,0.0003222283327335429,3
16,1224,0.0003356869790382966,3
16,1225,0.00037289032325849014,5
16,1226,0.00026265241245304605,3
16,1227,0.00044439598386081247,3
16,1228,0.00025964553391899514,3
16,1229,0.00036900632797498556,3
16,1230,0.000403182305795724,3
16,1231,0.0006041665845655797,3
16,1232,0.0005054716890339761,7
16,1233,0.00042025460316175156,3
16,1234,0.00042246750460050997,6
16,1235,0.00042326507273471314,3
16,1236,0.00034111465149228026,3
16,1237,0.00035377030135474996,3
16,1238,0.0006204890303789234,3
16,1239,0.000657834441963101,3
16,1240,0.0005901167889741377,3
16,1241,0.0005555395200296243,3
16,1242,0.0003413521949342524,3
16,1243,0.00030232746864278237,3
16,1244,0.00034001403564254407,3
16,1245,0.0003105779461294311,3
16,1246,0.00019173187211851683,3
16,1247,0.0003600361296217658,3
16,1248,0.0003473252643351188,3
16,1249,0.0005026957982010583,3
16,1250,0.0003130275703473462,3
16,1251,0.0003375327895953073,3
16,1252,0.0003818090324024803,3
16,1253,0.000520951176848472,3
16,1254,0.0003299770408913272,3
16,1255,0.0004141049171473288,5
16,1256,0.0007273098289385937,3
16,1257,0.0003008918651310477,3
16,1258,0.0004594943839222321,7
16,1259,0.0003429775624083087,3
16,1260,0.0004780445816603418,3
16,1261,0.0006556476555675261,3
16,1262,0.0003650848226386394,3
16,1263,0.00030955362566265077,3
16,1264,0.00044485368885693877,3
16,1265,0.00031248513007331447,3
16,1266,0.00043663584817710266,3
16,1267,0.0001426888679436633,3
16,1268,0.0003217519624668652,4
16,1269,0.00048673056869985576,3
16,1270,0.000298169526348091,3
16,1271,0.00039704218029446015,3
16,1272,0.0006353964193114292,6
16,1273,0.0005084087771075052,3
16,1274,0.00035679327023663276,3
16,1275,0.0005524216275532012,3
16,1276,0.0002364750805631255,3
16,1277,0.0003897280113634993,3
16,1278,0.0003519761288220957,3
16,1279,0.00040606686858102314,4
16,1280,0.0005723903170625766,3
16,1281,0.0004333312296506131,3
16,1282,0.00031682569407898153,3
16,1283,0.00035747431608523783,3
16,1284,0.00036256742332863023,3
16,1285,0.00033928041128872266,3
16,1286,0.0004491065142213091,5
16,1287,0.0006289475116384446,3
16,1288,0.0006167294898047349,3
16,1289,0.00046371221205276925,3
16,1290,0.0004042939759191233,3
16,1291,0.0006607932266951555,4
16,1292,0.00014675757417292878,3
16,1293,0.000671847871890674,3
16,1294,0.00031314994172315647,3
16,1295,0.0004101430147815943,3
16,1296,0.0002886866972025004,3
16,1297,0.0003613031079048312,3
16,1298,0.0006319387444959079,4
16,1299,0.000500753311147184,3
16,1300,0.00045601859350041796,4
16,1301,0.0002617207383639464,5
16,1302,0.0004153987223884936,3
16,1303,0.00041116580538747005,3
16,1304,0.0003875201424132779,3
16,1305,0.0003595785712008359,3
16,1306,0.00039074862670762656,5
16,1307,0.00046886959925684923,3
16,1308,0.0007391877712927819,5
16,1309,0.00037477180372214036,3
16,1310,0.0004897151160413449,3
16,1311,0.0005621692849018256,3
16,1312,0.0004421363333937389,3
16,1313,0.0006198570990275654,3
16,1314,0.00030689947787443383,3
16,1315,0.00044783755859201246,3
16,1316,0.0007296270385260817,8
16,1317,0.0007021047128239477,3
16,1318,0.00032369928772779666,4
16,1319,0.00040699410056499463,3
16,1320,0.0006272599543532542,5
16,1321,0.0003675983045935416,3
16,1322,0.00025178478423915074,3
16,1323,0.0003121889927727439,3
16,1324,0.0003240018808294831,3
16,1325,0.00034544865020119664,3
16,1326,0.00026313922107301657,3
16,1327,0.0005382704881726763,3
16,1328,0.0003980563237029333,3
16,1329,0.0006264485815788978,3
16,1330,0.00048719046781597886,5
16,1331,0.00041869055732812743,7
16,1332,0.0008005103695207794,3
16,1333,0.0002830484222361429,3
16,1334,0.00039001435870023027,3
16,1335,0.00032142905738541394,3
16,1336,0.0006068340476880207,3
16,1337,0.0005659962936637175,3
16,1338,0.0005100588865939448,3
16,1339,0.000604313177653748,4
16,1340,0.0006183707827848717,3
16,1341,0.000735762493259462,10
16,1342,0.00022294686389168206,4
16,1343,0.00038009536227712193,3
16,1344,0.00022952403473663896,3
16,1345,0.0004514896091941667,3
16,1346,0.0002723695253650238,3
16,1347,0.0005357206065901288,3
16,1348,0.000639391636126696,3
16,1349,0.0005721501727172229,3
16,1350,0.0004388480165599118,3
16,1351,0.00025349982307210084,3
16,1352,0.0003982036309079229,3
16,1353,0.00022760371795127465,3
16,1354,0.0005217080584605238,6
16,1355,0.000529981151881298,3
16,1356,0.0002848000704760434,3
16,1357,0.0004144406941073986,4
16,1358,0.0004920543613686212,3
16,1359,0.0005624949473413965,5
16,1360,0.0005121940284050774,3
16,1361,0.0006178737317916738,3
16,1362,0.0004296758338928619,3
16,1363,0.0004821795981335697,4
16,1364,0.0004475504881895631,3
16,1365,0.00044532966236532356,4
16,1366,0.0004855728687258587,3
16,1367,0.0005472024052523006,4
16,1368,0.0005603077436456827,3
16,1369,0.0004174681301469807,3
16,1370,0.0004500627470491736,4
16,1371,0.00044031549545736626,3
16,1372,0.00036990549240489834,3
16,1373,0.0006284498912089154,3
16,1374,0.00030304558794791436,3
16,1375,0.00021100227192505372,3
16,1376,0.0005139604493824557,3
16,1377,0.0003953358939162155,3
16,1378,0.0005603548323487306,3
16,1379,0.00040280408113940736,5
16,1380,0.0006303849457134358,7
16,1381,0.000706606849251612,7
16,1382,0.0005797263456600588,5
16,1383,0.00048286198545188785,3
16,1384,0.00042205894857294535,3
16,1385,0.0004512750636833651,3
16,1386,0.00043834936686493187,3
16,1387,0.0003794893788094944,3
16,1388,0.0006370923346884494,3
16,1389,0.00046345839008865575,5
16,1390,0.00039884979901511075,3
16,1391,0.00039033719484404816,3
16,1392,0.0004739780572735608,3
16,1393,0.00030536895997690383,3
16,1394,0.00045712217049520554,3
16,1395,0.0003158696524362403,3
16,1396,0.00032962020445770346,4
16,1397,0.0003633894647923075,3
16,1398,0.00040276795748150906,3
16,1399,0.00036893991765085676,3
16,1400,0.0006027106005637162,3
16,1401,0.0004066926569630258,4
16,1402,0.00045647028701101267,5
16,1403,0.000347093243348251,3
16,1404,0.00045118882484429523,4
16,1405,0.0006081982944596831,3
16,1406,0.0003756609515249143,3
16,1407,0.0007052427285741958,3
16,1408,0.0002701066020632803,3
16,1409,0.0003250337577231921,3
16,1410,0.0004090491951738717,3
16,1411,0.0007911967917773599,3
16,1412,0.0003524195707265143,5
16,1413,0.00024561859678084996,4
16,1414,0.0005396206024339545,3
16,1415,0.0004912426640293344,3
16,1416,0.00046805984733266914,3
16,1417,0.00041080087331346604,3
16,1418,0.0003079363843527805,3
16,1419,0.000381228625426111,3
16,1420,0.0006167757049544975,3
16,1421,0.0006220123508440256,4
16,1422,0.0005152892071018655,5
16,1423,0.00042064122903062717,3
16,1424,0.0008552412961576605,3
16,1425,0.00034472445573452415,3
16,1426,0.0005989664438776909,5
16,1427,0.00028117735189991944,3
16,1428,0.00045070966661064915,3
16,1429,0.0004746156622751352,3
16,1430,0.0007307041596172903,3
16,1431,0.0003819516503665854,3
16,1432,0.0005421093068568306,3
16,1433,0.0002843059545495352,5
16,1434,0.0005207706504124499,3
16,1435,0.0005181369552382797,5
16,1436,0.0002897000427873331,3
16,1437,0.0004914669526003834,4
16,1438,0.0006761936119021872,3
16,1439,0.0007631956044172883,3
16,1440,0.0004079620632944092,3
16,1441,0.0005045199777398146,4
16,1442,0.00031648447512100386,3
16,1443,0.0003141309572977091,3
16,1444,0.0004408389024491699,3
16,1445,0.00024255134617301444,3
16,1446,0.0007370507865804288,3
16,1447,0.0004074032006474715,3
16,1448,0.0005172402622761751,3
16,1449,0.0005856115249605054,3
16,1450,0.0006866208421806297,3
16,1451,0.0003314033919881165,3
16,1452,0.00032585798994777537,3
16,1453,0.0003504496569459725,4
16,1454,0.0004585805584804703,3
16,1455,0.0003050435130428353,3
16,1456,0.00031844118089818796,3
16,1457,0.00039691709260591956,3
16,1458,0.0006862338848829808,6
16,1459,0.0005014390949469871,3
16,1460,0.0002604947588934481,3
16,1461,0.000454615681031334,3
16,1462,0.0002563126116927883,3
16,1463,0.00027435554853016964,3
16,1464,0.00033891270628078063,3
16,1465,0.0006766245890954536,6
16,1466,0.0004901048501161354,5
16,1467,0.00042318706239807824,3
16,1468,0.00030897342270619355,3
16,1469,0.00035607083575484033,3
16,1470,0.00023426118551395092,3
16,1471,0.00022943746834802603,3
16,1472,0.0006022990228754521,3
16,1473,0.0004190445837091161,3
16,1474,0.0006353660362550251,3
16,1475,0.0004142761024930608,4
16,1476,0.0005539408783117317,3
16,1477,0.00045799964923176617,3
16,1478,0.00044391109178054666,3
16,1479,0.00019976531598497882,3
16,1480,0.00036477254022748706,3
16,1481,0.00036113494183742656,4
16,1482,0.00017874593750155654,3
16,1483,0.00026412075225190623,3
16,1484,0.00043122900453862467,5
16,1485,0.00044624915716379165,4
16,1486,0.00047012307888172344,4
16,1487,0.00024233755155766978,3
16,1488,0.00044952795081770747,3
16,1489,0.00036115564480887485,3
16,1490,0.0004989203511144291,3
16,1491,0.0004224583537619786,3
16,1492,0.0003535984888544119,3
16,1493,0.0005040653158199238,4
16,1494,0.0004568061535626944,3
16,1495,0.0002868241746465383,3
16,1496,0.0008067702241254526,3
16,1497,0.0005315950559707794,3
16,1498,0.00047060931637532555,3
16,1499,0.00045572964684614803,3
16,1500,0.00030702241024083143,3
16,1501,0.0005108936646050499,3
16,1502,0.0001756327045366879,3
16,1503,0.0005302647178317965,6
16,1504,0.0006920145289761037,7
16,1505,0.00039097887790451313,3
16,1506,0.00041189874920488645,3
16,1507,0.000298498078155518,4
16,1508,0.00052572191271677,3
16,1509,0.00027177524143839893,4
16,1510,0.00029245727258997434,5
16,1511,0.0005106642211212264,3
16,1512,0.0005982610806497535,3
16,1513,0.0004523634944204602,3
16,1514,0.0004913316466040873,3
16,1515,0.0005191379422759823,3
16,1516,0.00037695045391317183,6
16,1517,0.00039158476206546666,3
16,1518,0.0005043966150651835,3
16,1519,0.000513332621905116,3
16,1520,0.0005402990766772975,3
16,1521,0.00029649715297563883,3
16,1522,0.0007144908243870152,5
16,1523,0.0005435763534640259,3
16,1524,0.000387274985676922,3
16,1525,0.000250109180043534,3
16,1526,0.0002853851602224178,3
16,1527,0.0005742944349404477,3
16,1528,0.00041534305576440556,3
16,1529,0.00037647911542071366,3
16,1530,0.0003215557030529781,3
16,1531,0.0004618210050222338,3
16,1532,0.0003263376042596522,3
16,1533,0.00020398821019573798,3
16,1534,0.0004573665695074558,3
16,1535,0.0004681078708573816,3
16,1536,0.0006785769938810748,3
16,1537,0.00030710693804231193,3
16,1538,0.00041127700272586276,3
16,1539,0.0002995014337972002,3
16,1540,0.0003949405182382959,3
16,1541,0.0004619230174797151,3
16,1542,0.0004397841642251876,3
16,1543,0.00026304222761697194,3
16,1544,0.0007546345717611702,4
16,1545,0.0005073741228948103,3
16,1546,0.0003811870160679298,3
16,1547,0.00025074101052902087,3
16,1548,0.00027650765082276596,3
16,1549,0.0003773650266957196,3
16,1550,0.0002663222153798661,3
16,1551,0.0003589903071968825,3
16,1552,0.0002742834460681687,3
16,1553,0.00037236469359203106,3
16,1554,0.0005446975916839625,3
16,1555,0.00030398155951616435,3
16,1556,0.00048032551432397597,3
16,1557,0.00028450720127326523,3
16,1558,0.0005482981563900147,3
16,1559,0.0006725229340008854,3
16,1560,0.000503962774733302,3
16,1561,0.00036195784640691286,3
16,1562,0.0006334985409807148,4
16,1563,0.00045325754306635435,3
16,1564,0.00048427299699382864,3
16,1565,0.00043440005131112347,3
16,1566,0.000268117692500347,4
16,1567,0.0003366554449442116,3
16,1568,0.0005371540649659057,4
16,1569,0.0004799511704414172,3
16,1570,0.0005196467471919597,3
16,1571,0.00042040058274539494,3
16,1572,0.0005837967190721605,3
16,1573,0.0004558761977949133,6
16,1574,0.00040836281252482065,3
16,1575,0.0004016905335560983,4
16,1576,0.00023302869679076021,3
16,1577,0.0003073361687745413,3
16,1578,0.0003376200472671176,3
16,1579,0.0004095786006547142,3
16,1580,0.000448975117682604,3
16,1581,0.0002950763512973298,3
16,1582,0.00047578617159116376,5
16,1583,0.00042384038831255744,3
16,1584,0.0002763289423256543,3
16,1585,0.0004271884903583323,3
16,1586,0.0005302977269214804,5
16,1587,0.000428655366462527,5
16,1588,0.00037469418919855446,3
16,1589,0.00045374503543338385,3
16,1590,0.0003160416261652754,3
16,1591,0.00048133742526867973,3
16,1592,0.0006323778502028143,3
16,1593,0.0004347524183330176,3
16,1594,0.0005516237061429785,3
16,1595,0.00025871603021410117,3
16,1596,0.0004239563431891469,3
16,1597,0.0003208984169954521,4
16,1598,0.00048356994781384444,7
16,1599,0.0003365630200228287,3
16,1600,0.0008362525417380251,4
16,1601,0.0005508186189676634,5
16,1602,0.0003712963057255214,3
16,1603,0.00031198763151429887,3
16,1604,0.0003934306752484962,3
16,1605,0.00032226398888957064,3
16,1606,0.000589123976914796,3
16,1607,0.00030207619152200493,3
16,1608,0.00039469243586598424,3
16,1609,0.0005283478832890376,4
16,1610,0.0006853645739747227,5
16,1611,0.00047133926504028256,3
16,1612,0.0003360793027774589,3
16,1613,0.00033060570517084997,3
16,1614,0.0004350891315701988,3
16,1615,0.000704673406266898,6
16,1616,0.00037183391011730293,3
16,1617,0.00018299305962909962,3
16,1618,0.0006147784872095885,7
16,1619,0.00048376923203230504,3
16,1620,0.0004755274959543643,4
16,1621,0.0007252557303856211,9
16,1622,0.00037905666998538923,3
16,1623,0.0002631051718230415,3
16,1624,0.0003445383004379021,3
16,1625,0.000279856766518094,3
16,1626,0.00045093572762161527,4
16,1627,0.0002918330814654091,3
16,1628,0.0003069367972194925,3
16,1629,0.0003246841748670848,3
16,1630,0.00022275628801904368,3
16,1631,0.00048352722705996554,3
16,1632,0.000351078012546302,3
16,1633,0.0003597282635469101,3
16,1634,0.0004737503586315084,3
16,1635,0.00029869822513128863,3
16,1636,0.0005431180051921336,3
16,1637,0.0007699098744593513,3
16,1638,0.00026743046589572383,3
16,1639,0.00042994529342887944,4
16,1640,0.00030228324262293604,4
16,1641,0.000445147015083025,3
16,1642,0.00040825093612451013,5
16,1643,0.0004963193388051179,3
16,1644,0.0003322552955077329,3
16,1645,0.0001698747371047249,3
16,1646,0.00040790783766386784,3
16,1647,0.0005208710679364681,3
16,1648,0.0004112145169693493,3
16,1649,0.0002737647048631775,3
16,1650,0.00038167966033714196,3
16,1651,0.0005666786689004777,3
16,1652,0.00042867178732192146,3
16,1653,0.0005440220186144762,3
16,1654,0.000582002534934567,3
16,1655,0.0008309321104918443,15
16,1656,0.0004775206085064765,3
16,1657,0.0005608928723498385,3
16,1658,0.0003032751374999476,3
16,1659,0.0005205215325627677,3
16,1660,0.00043982282997045985,3
16,1661,0.0005204134279012118,3
16,1662,0.0004574394908907209,3
16,1663,0.0003721808118252179,4
16,1664,0.000695561678569101,6
16,1665,0.0004263483278026392,3
16,1666,0.0003042216060867853,3
16,1667,0.00034903508021849605,3
16,1668,0.00038887450325009176,3
16,1669,0.0003806909506500755,3
16,1670,0.0003546070548703373,4
16,1671,0.0003120594510812591,3
16,1672,0.00037444301649047773,3
16,1673,0.0005302489930038012,6
16,1674,0.0005066227204506557,3
16,1675,0.00045546135757124073,3
16,1676,0.0006537841327614591,3
16,1677,0.0002891409333379835,3
16,1678,0.0002592922683638532,3
16,1679,0.00042046893161173937,4
16,1680,0.0005853545077350031,3
16,1681,0.00038064245078961445,4
16,1682,0.0007269066548060144,3
16,1683,0.0004943436070574125,3
16,1684,0.0003853315373887889,3
16,1685,0.0003704245763888059,3
16,1686,0.0004358801971310333,3
16,1687,0.00047741815711277447,3
16,1688,0.0005212991075402851,3
16,1689,0.0003755918638779221,3
16,1690,0.00047279197130412065,3
16,1691,0.0006816061919302507,3
16,1692,0.00038654059242404504,5
16,1693,0.00034600047349464536,3
16,1694,0.00031849243197901167,3
16,1695,0.0005026459070898159,3
16,1696,0.00035341943979994017,3
16,1697,0.0005093833011637905,3
16,1698,0.0002486662920280214,3
16,1699,0.0005460936046368658,3
16,1700,0.0004914080329949666,3
16,1701,0.00043794378453154703,3
16,1702,0.00046688604144484724,3
16,1703,0.00042350056643492007,3
16,1704,0.0005306555009847447,3
16,1705,0.00034117022101542993,3
16,1706,0.0005454661619559431,3
16,1707,0.00045214058950504565,3
16,1708,0.0005567814702406304,3
16,1709,0.0003322521526269995,4
16,1710,0.00048385403404460625,5
16,1711,0.0006983769755694036,3
16,1712,0.0006402236642292225,4
16,1713,0.0005423973599619769,4
16,1714,0.00041353345647132667,3
16,1715,0.00032312222599528706,3
16,1716,0.0006994744834019073,3
16,1717,0.00033312633223792076,3
16,1718,0.00045161065753024365,3
16,1719,0.0006348890968939092,5
16,1720,0.0003536079644641532,3
16,1721,0.0004708288230741431,3
16,1722,0.00041273240374617437,3
16,1723,0.0003654424768209097,3
16,1724,0.0004977499536259478,3
16,1725,0.0002851564674393181,3
16,1726,0.00040441349592462705,3
16,1727,0.0004226201123125328,3
16,1728,0.00037474157390238183,4
16,1729,0.0006401233382330451,3
16,1730,0.0005028471012888946,4
16,1731,0.0004767797197072765,3
16,1732,0.0003604895798345886,4
16,1733,0.00021306419887734407,3
16,1734,0.0002760505157951565,3
16,1735,0.00041398353503863117,3
16,1736,0.0002873952004169844,3
16,1737,0.00035026525470033265,4
16,1738,0.00030910686316831804,3
16,1739,0.000401677568169001,3
16,1740,0.0007478558425902948,3
16,1741,0.00030877995348210785,3
16,1742,0.0004359871541186333,3
16,1743,0.00047632202342340335,3
16,1744,0.0005549813414389426,3
16,1745,0.0002454666704961861,3
16,1746,0.0004507528338189015,3
16,1747,0.00029993138603179315,4
16,1748,0.000508486291519894,6
16,1749,0.00041909395582861997,3
16,1750,0.00032857297409683017,3
16,1751,0.0005448992523192642,3
16,1752,0.00043416285828856704,3
16,1753,0.0005046653003714097,3
16,1754,0.00035246211060935284,3
16,1755,0.0003836377173198624,3
16,1756,0.000451923606969884,3
16,1757,0.0004429506881333811,5
16,1758,0.0007837230654910154,3
16,1759,0.00042003671130819153,3
16,1760,0.0005627571588663338,5
16,1761,0.0005403186357277323,3
16,1762,0.0002720947175972599,3
16,1763,0.0005336913880470417,10
16,1764,0.0006187478215019526,5
16,1765,0.0002573725527121873,3
16,1766,0.00047834442560323875,4
16,1767,0.0003791399247607963,3
16,1768,0.0002651322744877671,3
16,1769,0.00019749705313565347,3
16,1770,0.00036329510736377024,3
16,1771,0.0003659603068313366,3
16,1772,0.0005241163141048721,3
16,1773,0.0004986142902144719,3
16,1774,0.0005231168228656546,3
16,1775,0.0003077302102040269,3
16,1776,0.0005786238558933565,3
16,1777,0.0004871834360249405,3
16,1778,0.00029011294844205615,3
16,1779,0.00038075869163956,4
16,1780,0.0003843867800694678,3
16,1781,0.00030168722311829654,3
16,1782,0.0003771112460940751,3
16,1783,0.00037471544583278504,3
16,1784,0.0006250783411878569,4
16,1785,0.000438772337399862,3
16,1786,0.0004912256051221586,3
16,1787,0.0005571637127340656,4
16,1788,0.0005271705278360184,3
16,1789,0.0004311522548625657,3
16,1790,0.00033750599317017294,3
16,1791,0.00040993352558871266,3
16,1792,0.0006648175410289836,3
16,1793,0.0005075260135636306,3
16,1794,0.0003845244256264202,3
16,1795,0.00029213469814259874,3
16,1796,0.00030644749062747056,3
16,1797,0.0004294309330901136,4
16,1798,0.0005916560798144843,4
16,1799,0.000259625318471679,4
16,1800,0.0003951433267394,3
16,1801,0.00035410092068199894,3
16,1802,0.000701990892450044,4
16,1803,0.0004376539857204875,3
16,1804,0.0003418048336939483,3
16,1805,0.0007562034590184452,5
16,1806,0.0003870872812755666,3
16,1807,0.0004682755988075771,3
16,1808,0.0003818312199519447,3
16,1809,0.00031817644326059824,3
16,1810,0.0005331626820055391,3
16,1811,0.0003122934092351093,3
16,1812,0.0005747472170859469,3
16,1813,0.0005188524018820972,3
16,1814,0.00043373688084458184,3
16,1815,0.0004586071692684879,3
16,1816,0.0005503669775129838,8
16,1817,0.00042769608787729396,3
16,1818,0.0005306045223590905,3
16,1819,0.0005944125492656216,7
16,1820,0.0005077437142215757,3
16,1821,0.00040809175359968197,3
16,1822,0.0004367267771161476,3
16,1823,0.0006049190433279894,4
16,1824,0.0005518355344056314,3
16,1825,0.0005782730481642129,4
16,1826,0.0005722482452872324,3
16,1827,0.0005673280223795762,3
16,1828,0.0005398574808119783,3
16,1829,0.0003117528389103841,3
16,1830,0.0005344412554579292,3
16,1831,0.000399998078555619,3
16,1832,0.0003765689631750613,5
16,1833,0.00034174887130067333,3
16,1834,0.0005564057959126512,4
16,1835,0.00031979844730511964,3
16,1836,0.0004758539657950811,3
16,1837,0.000270923144838231,3
16,1838,0.0003140763912293232,4
16,1839,0.0003892315159000903,4
16,1840,0.0003932849816143946,3
16,1841,0.0002975923227207522,3
16,1842,0.00048528828267535573,3
16,1843,0.00036974292512576,3
16,1844,0.00023792170146463842,3
16,1845,0.00025710621679331247,3
16,1846,0.00036201347802655715,3
16,1847,0.00039247453967827806,3
16,1848,0.000279734983576696,3
16,1849,0.0004254731585965621,5
16,1850,0.0006180423431100257,3
16,1851,0.00038171657465546627,3
16,1852,0.00046977373019768676,4
16,1853,0.0002714460376463945,3
16,1854,0.000575964739837731,5
16,1855,0.0005860948207984107,3
16,1856,0.0008467318958250702,3
16,1857,0.0003507188364979541,4
16,1858,0.00036061836997269836,3
16,1859,0.0002268360712867068,3
16,1860,0.0003156365088725632,3
16,1861,0.00038797609519469756,3
16,1862,0.0005184626415368765,3
16,1863,0.0004912240726305805,5
16,1864,0.0005445980636468173,3
16,1865,0.00047592834451193333,4
16,1866,0.0005444436557598964,3
16,1867,0.00036844459418328146,3
16,1868,0.0002512927123088371,3
16,1869,0.00048585358384156674,3
16,1870,0.0004404318713139843,3
16,1871,0.00048145170088675915,5
16,1872,0.0005805052600476035,3
16,1873,0.0005933821906113634,5
16,1874,0.0003415524538328274,3
16,1875,0.000309464018167116,3
16,1876,0.000680393834495141,3
16,1877,0.0004564967818514454,3
16,1878,0.0008772453541779357,10
16,1879,0.0007410017267566182,11
16,1880,0.000412909695344299,3
16,1881,0.0004767247138984798,4
16,1882,0.0003240411797166276,3
16,1883,0.00048280175086734545,3
16,1884,0.00025646974650750387,3
16,1885,0.0005693705897612533,3
16,1886,0.000553628081688573,3
16,1887,0.00016388700639735632,3
16,1888,0.00035156577409900525,3
16,1889,0.0003570459699570039,4
16,1890,0.0006040203736322747,3
16,1891,0.00045242889291130517,4
16,1892,0.0002950091430424795,4
16,1893,0.0005481904285327133,3
16,1894,0.0003717120629699311,3
16,1895,0.0005676780382012359,3
16,1896,0.000453513663626226,3
16,1897,0.0004191956005407116,3
16,1898,0.00037064718903040417,3
16,1899,0.0003493745034938156,3
16,1900,0.0005453714221332895,4
16,1901,0.0003669775047504542,3
16,1902,0.00040013635284641413,4
16,1903,0.00028192625641848545,3
16,1904,0.000541733123118171,3
16,1905,0.00048488250491829366,3
16,1906,0.0004425060758226351,3
16,1907,0.0005629201885447577,3
16,1908,0.00029344868771608024,3
16,1909,0.0005797255210067132,3
16,1910,0.00036957726564135207,4
16,1911,0.0004843504698768264,4
16,1912,0.0003205315228469452,3
16,1913,0.00040692685211651813,4
16,1914,0.0003726900984164505,3
16,1915,0.0004807355082760978,3
16,1916,0.00035547629084298205,3
16,1917,0.0004928182760796651,3
16,1918,0.0004297344608114595,3
16,1919,0.00030950991201283973,3
16,1920,0.0006058773128130301,4
16,1921,0.0003645510998012691,3
16,1922,0.00047227608268718413,3
16,1923,0.00045603207824640446,3
16,1924,0.0004139137020783279,3
16,1925,0.0003911509678817815,5
16,1926,0.0006755881393770147,4
16,1927,0.0002433751519625993,3
16,1928,0.0002298345643714228,3
16,1929,0.00042773329680018124,3
16,1930,0.0004388658689707947,3
16,1931,0.0003183763740280954,4
16,1932,0.00039993028940887854,3
16,1933,0.0006604307832842604,6
16,1934,0.0006188847186882063,6
16,1935,0.0002848752853025216,3
16,1936,0.000424360179754002,3
16,1937,0.0005345992674977706,3
16,1938,0.0003373011904691525,3
16,1939,0.00044971224537770915,3
16,1940,0.0004387574109385728,3
16,1941,0.00044563676651360185,3
16,1942,0.00040635243464437476,3
16,1943,0.00042216102028436175,3
16,1944,0.0004081691744567406,3
16,1945,0.0003887921208223788,3
16,1946,0.0005445100356046284,4
16,1947,0.0004868468305729845,3
16,1948,0.0006262981289528735,3
16,1949,0.0004670114800737757,3
16,1950,0.00041897226311327085,3
16,1951,0.00042390171119277564,3
16,1952,0.00034125140926200004,3
16,1953,0.000510015054970836,5
16,1954,0.00030768824380633664,3
16,1955,0.0004634706802840727,4
16,1956,0.00036083859037971955,3
16,1957,0.00041178821124987497,3
16,1958,0.00044518519581771,3
16,1959,0.0004493741888167424,3
16,1960,0.0005324708722353466,3
16,1961,0.0005567870917031481,5
16,1962,0.0002814690194822278,3
16,1963,0.0004924266133879973,4
16,1964,0.0010872479605782415,5
16,1965,0.0005829354790806707,4
16,1966,0.0007239768588420681,3
16,1967,0.0006686672103035085,3
16,1968,0.0002471998753332816,3
16,1969,0.000356120005314986,4
16,1970,0.00040967306053318886,3
16,1971,0.000491125874551912,3
16,1972,0.0007135864717039975,3
16,1973,0.0006982987522115014,3
16,1974,0.0003813206343501463,3
16,1975,0.0005339584986719936,3
16,1976,0.00027197016248026173,3
16,1977,0.0005172520342200393,3
16,1978,0.00021731614146952571,3
16,1979,0.00025400786613272164,3
16,1980,0.0004828479609254588,3
16,1981,0.00030689458957361415,4
16,1982,0.0003747413629030527,4
16,1983,0.0005305331354669152,3
16,1984,0.00023690125964703768,3
16,1985,0.00041736796527280795,3
16,1986,0.00039439653274464526,3
16,1987,0.00045457092629797025,3
16,1988,0.00037065320290785575,3
16,1989,0.0007122448371132406,4
16,1990,0.0002949365223297029,3
16,1991,0.0003416112609800903,5
16,1992,0.00034041375838567145,3
16,1993,0.0003743794567065972,4
16,1994,0.00032538306571872067,3
16,1995,0.0005391504500371902,5
16,1996,0.0005254752558379039,6
16,1997,0.0004166903374807074,3
16,1998,0.00035968377264483653,3
16,1999,0.00032165704217856916,3
16,2000,0.0004897112330680686,3
16,2001,0.00038829615657187677,3
16,2002,0.00042988968913915127,3
16,2003,0.00034798838913141505,3
16,2004,0.00024918372020077406,3
16,2005,0.0005602784717250731,3
16,2006,0.0002798024318566572,3
16,2007,0.00029046745053007417,3
16,2008,0.0005690667235296321,3
16,2009,0.0004989478108641254,3
16,2010,0.0002545180939341751,3
16,2011,0.0003373224667875263,3
16,2012,0.0005252720067380201,4
16,2013,0.0005587111046260196,3
16,2014,0.00043579710022934037,3
16,2015,0.0002617077958771419,5
16,2016,0.00042048462518773366,3
16,2017,0.0002216883713686002,3
16,2018,0.0004430811061634232,3
16,2019,0.0005222382216372723,3
16,2020,0.0004577743314845839,3
16,2021,0.0004452027285165583,3
16,2022,0.00037846240161343303,3
16,2023,0.000423720126440319,3
16,2024,0.0004181281944308779,3
16,2025,0.0006911784312528813,3
16,2026,0.00041015696811996794,3
16,2027,0.0006400858221217165,4
16,2028,0.0006489193719469433,8
16,2029,0.0003428921144660313,3
16,2030,0.00043289701841220385,4
16,2031,0.0006105453658358795,6
16,2032,0.0006571254016408679,4
16,2033,0.00022921382840268567,3
16,2034,0.00030110727965376727,3
16,2035,0.0003700842713275643,3
16,2036,0.0003690155085470659,3
16,2037,0.0004783502036577181,3
16,2038,0.0003343461178724194,3
16,2039,0.0003931700953072603,3
16,2040,0.00043271693236546227,3
16,2041,0.00028592953541128896,3
16,2042,0.00041408310562085493,3
16,2043,0.0004813369107499188,3
16,2044,0.00025451601055359596,4
16,2045,0.00046494336625302335,3
16,2046,0.00038143509348498306,3
16,2047,0.000438515202271339,3
16,2048,0.0003126101150804361,3
16,2049,0.0003892351314672138,3
16,2050,0.0005817241898801173,4
16,2051,0.0005266133899114456,3
16,2052,0.000439278796442899,5
16,2053,0.00045840443844979983,3
16,2054,0.00033664919024012363,3
16,2055,0.0004185255852940939,3
16,2056,0.0003834709504572098,3
16,2057,0.0005185119150125095,3
16,2058,0.0004134105962701473,5
16,2059,0.0006757355984969293,3
16,2060,0.00027046884619058575,3
16,2061,0.0006146099817547768,7
16,2062,0.00039002897567186334,3
16,2063,0.00023588889075087938,4
16,2064,0.0004173189951126588,3
16,2065,0.0003370233827448832,3
16,2066,0.00028159977811870185,3
16,2067,0.0004751393996973996,5
16,2068,0.0004849912441728943,6
16,2069,0.0003299926274912268,3
16,2070,0.00025433888385029135,3
16,2071,0.0004047737808147156,3
16,2072,0.00025371042570043745,3
16,2073,0.0004139576266267708,6
16,2074,0.0006553240532044535,3
16,2075,0.0003179572197090641,3
16,2076,0.00041669860515425317,5
16,2077,0.0002885747016780904,3
16,2078,0.0004812738761579838,3
16,2079,0.0002923003430499449,3
16,2080,0.0003480750818738443,3
16,2081,0.00040007023979038436,3
16,2082,0.00042178645131984993,3
16,2083,0.000543803000998988,3
16,2084,0.00034906341597779056,3
16,2085,0.0004278965184602024,3
16,2086,0.0005100244081243654,3
16,2087,0.00046905820063791737,3
16,2088,0.0004491572323086501,3
16,2089,0.000539064895191399,3
16,2090,0.0003317913620430879,3
16,2091,0.00037936270059601984,3
16,2092,0.00031901215526411453,5
16,2093,0.0004800887423738187,3
16,2094,0.0005090558261429123,3
16,2095,0.000513424374287641,5
16,2096,0.0004291370413204154,3
16,2097,0.0004501920812701732,3
16,2098,0.00043249520503024774,3
16,2099,0.00033462929975780487,3
16,2100,0.0003499578228559619,3
16,2101,0.00020216073656043054,3
16,2102,0.0004455313127122995,4
16,2103,0.0003485961723864728,4
16,2104,0.0003921256046137689,3
16,2105,0.00035865133383961023,3
16,2106,0.00038610300578867385,3
16,2107,0.00036118874634027964,3
16,2108,0.00035669859975695495,3
16,2109,0.00042071108140817604,3
16,2110,0.0004880169614672747,3
16,2111,0.0004909151912813048,3
16,2112,0.0003105663764192135,5
16,2113,0.00047874789087276604,3
16,2114,0.0003273547959244949,3
16,2115,0.00028529123160336844,3
16,2116,0.0004734960963189705,3
16,2117,0.00032686045429564103,3
16,2118,0.00032303757481388917,3
16,2119,0.0004107869500518113,3
16,2120,0.0004955429941217449,4
16,2121,0.0006165519967706867,3
16,2122,0.0002750595372138509,3
16,2123,0.00025783157997361084,4
16,2124,0.0003265743430344581,4
16,2125,0.00045675809451389826,3
16,2126,0.0005581417373375919,3
16,2127,0.0002471116370451609,3
16,2128,0.0007261624793953869,4
16,2129,0.0005098654945946413,3
16,2130,0.0003036210082757451,3
16,2131,0.0004932487942154173,3
16,2132,0.0008301395563800607,7
16,2133,0.0005196892912096573,3
16,2134,0.0005337491802633321,4
16,2135,0.00043379485063554934,5
16,2136,0.0005140680915349805,3
16,2137,0.00045177756129455293,3
16,2138,0.0005229518154794555,3
16,2139,0.00037412867253883153,3
16,2140,0.0004305883156189294,4
16,2141,0.00042969707392026546,3
16,2142,0.0006129221440603905,3
16,2143,0.0002366039726620084,3
16,2144,0.00036991955435383694,3
16,2145,0.0003776177118161028,3
16,2146,0.00041041021847798564,3
16,2147,0.00028294256972150045,4
16,2148,0.0003545158376698776,3
16,2149,0.0008357537737081477,3
16,2150,0.0004421253102938616,3
16,2151,0.000273372717886744,3
16,2152,0.00026577968970253885,3
16,2153,0.0005930752192204736,3
16,2154,0.000659251311600717,9
16,2155,0.00046749673391821567,6
16,2156,0.00036886073371605876,3
16,2157,0.00020224499037257981,3
16,2158,0.00026128433975697307,3
16,2159,0.0004490818249006656,3
16,2160,0.00030474371883260076,3
16,2161,0.0002882006044512275,3
16,2162,0.0004570429517771757,3
16,2163,0.000479592634331949,6
16,2164,0.00056712154733074,5
16,2165,0.0004688644558208388,3
16,2166,0.0003770458666026988,3
16,2167,0.0005079879049795233,3
16,2168,0.00035208315836171566,3
16,2169,0.0005317698503560786,3
16,2170,0.0005584887054118637,3
16,2171,0.0004180246662577325,3
16,2172,0.0004777869184421357,3
16,2173,0.00030741370552478386,3
16,2174,0.0003512502200505585,4
16,2175,0.0004160241522324082,4
16,2176,0.000461475361290542,3
16,2177,0.0003906039242533854,3
16,2178,0.000155669166254091,3
16,2179,0.00028200572116982014,3
16,2180,0.00047807522054521545,3
16,2181,0.00041275285354946956,3
16,2182,0.0002462878778102251,3
16,2183,0.00042659171286757447,4
16,2184,0.0004007649176756001,6
16,2185,0.000661690580194052,6
16,2186,0.0003278410803794207,3
16,2187,0.0003382050779188739,3
16,2188,0.000585942963062247,3
16,2189,0.0002520810137128793,3
16,2190,0.0003230834690428619,3
16,2191,0.00040125717580064,3
16,2192,0.0003411389448233493,3
16,2193,0.0004479911347037291,3
16,2194,0.000587408946913559,3
16,2195,0.00040001610612322436,5
16,2196,0.0003659203539789213,3
16,2197,0.00027244822026661897,3
16,2198,0.000617669763465889,5
16,2199,0.0003053582825295331,3
16,2200,0.00044857965233718877,3
16,2201,0.00034914984098810553,3
16,2202,0.00044572355339245195,3
16,2203,0.0003226751278040396,3
16,2204,0.0005380707802274953,3
16,2205,0.0002742796643544487,3
16,2206,0.0007011529997201782,6
16,2207,0.0007128165538971554,3
16,2208,0.0005793738032346951,5
16,2209,0.000571057610965986,3
16,2210,0.00044607430265086734,3
16,2211,0.0005210225209535402,3
16,2212,0.0002205087739524103,3
16,2213,0.0002327732008409189,3
16,2214,0.00020651968931029163,3
16,2215,0.0006160443175984298,3
16,2216,0.0004751551392814246,3
16,2217,0.000274605788697424,3
16,2218,0.0005049667351800791,3
16,2219,0.00039935192942680553,3
16,2220,0.00027195490730336225,3
16,2221,0.00036137487043952365,3
16,2222,0.0005884362507691532,3
16,2223,0.0005693063179764701,4
16,2224,0.0005672580256577686,5
16,2225,0.00031812270382958197,3
16,2226,0.00030908623376668665,4
16,2227,0.00025715441948193085,3
16,2228,0.00030749365047022525,3
16,2229,0.0004426433522417561,3
16,2230,0.00025468791324467777,3
16,2231,0.000612501398687737,3
16,2232,0.0006342525581737313,3
16,2233,0.000378983659250931,3
16,2234,0.0003575593551605749,3
16,2235,0.00026387689583518004,3
16,2236,0.0007135029763923884,5
16,2237,0.000385044285830638,3
16,2238,0.0006242806514136501,5
16,2239,0.0002543646387640486,4
16,2240,0.0003877057900736336,3
16,2241,0.000404249145586566,3
16,2242,0.0005512764970396766,3
16,2243,0.0004504873758969241,3
16,2244,0.00048743307149279325,4
16,2245,0.00036778946734139506,3
16,2246,0.00040627349858857187,3
16,2247,0.0004659617877750266,4
16,2248,0.0004721252145291066,3
16,2249,0.0005998267284554326,3
16,2250,0.0004580654220224245,3
16,2251,0.0003574656804709031,4
16,2252,0.0004127913818214868,3
16,2253,0.0006843022457024839,5
16,2254,0.0006171306515744268,3
16,2255,0.0004258451045562328,3
16,2256,0.00038963280144443946,3
16,2257,0.0005162854740208278,3
16,2258,0.000318914860069186,3
16,2259,0.0005348101259644578,3
16,2260,0.0005633040873708195,4
16,2261,0.0004772964624223386,3
16,2262,0.00038017234921966514,4
16,2263,0.0002582415883911615,3
16,2264,0.0002496601665847864,3
16,2265,0.0006868383656269961,3
16,2266,0.0003609229045176132,4
16,2267,0.0005201160497040336,3
16,2268,0.0004187976860382525,3
16,2269,0.00032758765154328184,3
16,2270,0.00044863120971350146,3
16,2271,0.0004376502297060991,3
16,2272,0.00040708736243622035,3
16,2273,0.0005185928514453986,3
16,2274,0.0002978495111340962,3
16,2275,0.00040841989001894063,3
16,2276,0.0002741431104744674,3
16,2277,0.0003473382686032256,3
16,2278,0.00022690786057533163,3
16,2279,0.0004915342960197799,3
16,2280,0.0002861589650334784,3
16,2281,0.0004994237176388916,3
16,2282,0.0006079475790526923,3
16,2283,0.0004636017531225445,3
16,2284,0.0005097968449579993,3
16,2285,0.0003198395613069893,3
16,2286,0.0002921558087207732,3
16,2287,0.0006753905104803781,7
16,2288,0.0004374646872610244,3
16,2289,0.000725627770905235,5
16,2290,0.0002537925933521201,3
16,2291,0.0005435542683688288,4
16,2292,0.0006996566127435155,3
16,2293,0.00041543610193595093,3
16,2294,0.00037884926735654023,3
16,2295,0.0004647357434888755,5
16,2296,0.00035313979113882343,3
16,2297,0.00037575535185407904,4
16,2298,0.00040277655362674913,3
16,2299,0.0003519377302367288,3
16,2300,0.0004007962375223162,4
16,2301,0.0003195049235001912,3
16,2302,0.0005375798232017948,3
16,2303,0.0003265929274350876,3
16,2304,0.0002777243391157702,3
16,2305,0.0003883265555550408,4
16,2306,0.000499500184557855,3
16,2307,0.00022256453485725025,3
16,2308,0.0003407055326282715,3
16,2309,0.000427416478760434,3
16,2310,0.0006501323791676672,3
16,2311,0.00041999582133100954,5
16,2312,0.0005155489772489252,3
16,2313,0.000302054404930141,3
16,2314,0.0003036230051323141,3
16,2315,0.00036842728482211484,3
16,2316,0.0004672093372252162,3
16,2317,0.00045600544989471414,3
16,2318,0.000559706850490338,3
16,2319,0.00047121456721677113,3
16,2320,0.00040969448464378555,3
16,2321,0.0004098022453069561,3
16,2322,0.0007429578826021466,4
16,2323,0.0004622804061430452,3
16,2324,0.0004248996742695077,3
16,2325,0.0006399573760524913,3
16,2326,0.0002345861526253934,4
16,2327,0.0004481074330353607,4
16,2328,0.0006971056015941945,3
16,2329,0.0006977115804179812,10
16,2330,0.0004180970869485101,3
16,2331,0.000517302022260413,4
16,2332,0.00045850557499882427,3
16,2333,0.00039164045838052663,3
16,2334,0.0004576561577667171,4
16,2335,0.0006799908753437611,4
16,2336,0.0004307568005368356,3
16,2337,0.0003806971746534993,3
16,2338,0.0003942699991345,4
16,2339,0.0003302425344661186,4
16,2340,0.00037240619198697367,3
16,2341,0.00038285330160003905,4
16,2342,0.0008074396964409258,3
16,2343,0.0004440488282818622,3
16,2344,0.00032331334971347214,3
16,2345,0.0003530702012453091,3
16,2346,0.00040301960593158714,3
16,2347,0.0005770570761783889,3
16,2348,0.0005874047121033898,3
16,2349,0.00046602363366543553,3
16,2350,0.00045624037257752104,4
16,2351,0.0004456252844607933,7
16,2352,0.00033983482277066823,3
16,2353,0.00033897549123496074,4
16,2354,0.0004096864822725754,3
16,2355,0.0003096771045019153,3
16,2356,0.00044872876170709564,3
16,2357,0.0007032331351571885,4
16,2358,0.00040513352325188823,4
16,2359,0.0005380683840400802,3
16,2360,0.0006343635185517282,5
16,2361,0.00019726890668714248,3
16,2362,0.0003198908033291703,3
16,2363,0.0003157308835793904,3
16,2364,0.0007115849449078615,3
16,2365,0.00046076823885310425,3
16,2366,0.0005081388371050433,4
16,2367,0.00024443041975963364,3
16,2368,0.00033218676111507195,3
16,2369,0.0006476415485219267,3
16,2370,0.0002725099734298686,3
16,2371,0.00042996428461905545,3
16,2372,0.0003210568175135986,3
16,2373,0.0004438095513016327,3
16,2374,0.00046860811597393415,3
16,2375,0.000637585539573271,5
16,2376,0.0003599392695279313,5
16,2377,0.00036867634553666706,3
16,2378,0.00037829054605453827,3
16,2379,0.0007220741175784084,5
16,2380,0.00034020508093646207,3
16,2381,0.00036234758622732954,3
16,2382,0.0003876860973464069,3
16,2383,0.00042221673793974013,3
16,2384,0.0005599055122211816,3
16,2385,0.000604172571719297,3
16,2386,0.00036989379683483037,5
16,2387,0.0003137550297115377,3
16,2388,0.0005721356528296528,3
16,2389,0.0007433461063607316,3
16,2390,0.00027659510380317887,3
16,2391,0.000502402469470975,3
16,2392,0.000448368975662361,3
16,2393,0.0004149944127125327,7
16,2394,0.00044501970601135143,3
16,2395,0.000302026434993552,3
16,2396,0.0002788619551555849,3
16,2397,0.0002635757893676427,3
16,2398,0.0002752471078117935,3
16,2399,0.00024392564325736998,3
16,2400,0.0003972556052198595,3
16,2401,0.000352249794328241,3
16,2402,0.00036551328333522815,3
16,2403,0.0004616192202149261,3
16,2404,0.00037630171452707195,3
16,2405,0.0002671263279698799,4
16,2406,0.00037262788998138063,3
16,2407,0.0006517302676886105,3
16,2408,0.0003772305370574047,3
16,2409,0.0004010733780606124,3
16,2410,0.000491605779620985,3
16,2411,0.0004963959621525627,4
16,2412,0.0004253747777288597,3
16,2413,0.0003759514159995536,4
16,2414,0.0008440060282398076,5
16,2415,0.00036668439126985586,3
16,2416,0.00048709925992984626,3
16,2417,0.00045924706813127436,4
16,2418,0.00034932745649396413,3
16,2419,0.00041241983249140635,5
16,2420,0.000465099788224288,3
16,2421,0.00029634098291075883,3
16,2422,0.00029312800039582587,3
16,2423,0.0005310708221175631,5
16,2424,0.00042726687486926984,3
16,2425,0.00020613024551974224,3
16,2426,0.0003417565751865359,3
16,2427,0.00033585691496873515,3
16,2428,0.0003249076365112735,3
16,2429,0.0004957835629981755,3
16,2430,0.0002486673607607903,3
16,2431,0.0004701141325024194,3
16,2432,0.0003878537375798796,3
16,2433,0.000363218259813225,3
16,2434,0.000401006554870853,3
16,2435,0.0003626927649852951,3
16,2436,0.0006847547633633266,7
16,2437,0.0002456927641519835,3
16,2438,0.0003721746318496866,3
16,2439,0.0004761113666970074,3
16,2440,0.00037197812091949167,5
16,2441,0.00045281107115457964,3
16,2442,0.0004393085859620838,5
16,2443,0.0003174927522036075,3
16,2444,0.00022823736819077567,3
16,2445,0.0005040468458455405,4
16,2446,0.0002898101216672888,4
16,2447,0.0004262676083918171,3
16,2448,0.0005432723725120603,3
16,2449,0.0004834780348016432,3
16,2450,0.0004553221993249257,3
16,2451,0.00044136225590074574,3
16,2452,0.0003337044858300331,3
16,2453,0.0003509297494128649,3
16,2454,0.0004259133447545027,3
16,2455,0.00035487546477075416,3
16,2456,0.0006888004004609316,7
16,2457,0.0003534756836029995,3
16,2458,0.00020737452958796698,3
16,2459,0.00026634896701493993,3
16,2460,0.0005395064475413047,6
16,2461,0.00044233179270447565,3
16,2462,0.0004785516534898948,5
16,2463,0.0004092075062416267,3
16,2464,0.0003198794059140475,4
16,2465,0.0004644339785275786,3
16,2466,0.0006133901245340412,5
16,2467,0.0004963691090318356,4
16,2468,0.0004039368516883801,3
16,2469,0.0004570984644005627,3
16,2470,0.00041014019994389805,3
16,2471,0.00030582857811567443,3
16,2472,0.0003245168209200511,3
16,2473,0.00029053203760925905,5
16,2474,0.000444245625025097,3
16,2475,0.0006442946790565784,3
16,2476,0.0005279106494355812,3
16,2477,0.0006100036296270428,4
16,2478,0.0005192355771673762,3
16,2479,0.00043808969754166593,3
16,2480,0.0003580723066362035,3
16,2481,0.0006431527605446075,3
16,2482,0.0003656064297309358,3
16,2483,0.0004025133041931639,3
16,2484,0.00041699126855010427,3
16,2485,0.0004948535754280003,3
16,2486,0.0004020927236717542,3
16,2487,0.0006311083635598402,3
16,2488,0.0005423708012043393,4
16,2489,0.0004905299357762516,4
16,2490,0.0003306920104403366,3
16,2491,0.00036779980330636786,3
16,2492,0.00027413073779058994,4
16,2493,0.0005505841190878158,6
16,2494,0.0003705242264853137,3
16,2495,0.0006663336828494071,5
16,2496,0.0003785960160580526,3
16,2497,0.0005268410364975828,3
16,2498,0.0003447714128893553,4
16,2499,0.00042399636733708723,3
16,2500,0.00026282558718293547,3
32,1,0.00037252495585549106,4
32,2,0.0011980310170696118,10
32,3,0.0004090308163313683,4
32,4,0.0006442923173042292,4
32,5,0.0007418476250355965,7
32,6,0.0004368858799204123,4
32,7,0.0008332763763863049,4
32,8,0.0004772869242651856,7
32,9,0.0009594169333920766,4
32,10,0.00043233116860302845,4
32,11,0.0007244863678423918,4
32,12,0.00037797587741728034,4
32,13,0.0003111253308358819,4
32,14,0.0008680632551676393,4
32,15,0.0007287946798444356,4
32,16,0.000527124972936055,4
32,17,0.000305379942933226,4
32,18,0.0004372211319467745,5
32,19,0.0005113622145590524,4
32,20,0.0005571773538136648,4
32,21,0.00038149207025378606,4
32,22,0.0006458995724188399,4
32,23,0.0006638537173865311,4
32,24,0.0005801871752555421,5
32,25,0.0010726390351690762,4
32,26,0.0005925777885302796,8
32,27,0.0006844270914888595,6
32,28,0.00046553712634478384,4
32,29,0.00039082070885698705,4
32,30,0.0005790285986402854,4
32,31,0.0007165992563412105,4
32,32,0.0007324891535368527,5
32,33,0.0006616031927217936,4
32,34,0.0006576823855037883,4
32,35,0.0005109619992480496,4
32,36,0.00045850595930496674,5
32,37,0.0004991313629746363,4
32,38,0.0005105839417566815,4
32,39,0.0004919543501178403,4
32,40,0.0006227896017682588,4
32,41,0.0007269628872472733,5
32,42,0.00040681769140837876,7
32,43,0.0006478607393349822,6
32,44,0.0008019409245271225,4
32,45,0.00041646630732183887,4
32,46,0.0007329189810817427,4
32,47,0.0009694792232598504,5
32,48,0.0005330422228103648,4
32,49,0.00044712807124758225,4
32,50,0.0005782958389884962,4
32,51,0.000479471078149718,6
32,52,0.0005662315132349827,7
32,53,0.0005434420419071495,4
32,54,0.00044985255921248246,4
32,55,0.000511098706653168,4
32,56,0.0006804616098877725,4
32,57,0.0005337494632894069,5
32,58,0.0005637909300186261,4
32,59,0.0005592195542557521,5
32,60,0.000576496426547668,5
32,61,0.000548008392230459,4
32,62,0.0010762075777230873,4
32,63,0.0005619175891293793,4
32,64,0.0007331144484488128,7
32,65,0.0007444855203698753,4
32,66,0.0005551971173707315,6
32,67,0.0005709614777728023,4
32,68,0.0003745637443902661,4
32,69,0.0007678677511426812,4
32,70,0.0006643622883980571,4
32,71,0.0006624200727580742,4
32,72,0.0005682083907797009,4
32,73,0.0006274297618767966,7
32,74,0.00046299383827319573,4
32,75,0.0004589022274802401,4
32,76,0.0005203340616542484,4
32,77,0.00048336105843460597,4
32,78,0.0006849522759080073,5
32,79,0.0005757039315624768,4
32,80,0.0005525188917229196,4
32,81,0.0005960653488127354,4
32,82,0.0008363164969463766,4
32,83,0.0005951287396902538,6
32,84,0.0009281456043948588,6
32,85,0.0006238419205183421,4
32,86,0.0005229353341852372,4
32,87,0.0006109935528181287,4
32,88,0.0004283776063521705,4
32,89,0.0007222095468918388,4
32,90,0.0004345929799920434,4
32,91,0.00043344874160033964,4
32,92,0.0006165303238238051,4
32,93,0.00048331481457530856,4
32,94,0.0007445146586800844,4
32,95,0.0004585163833615846,5
32,96,0.0005094722714388267,4
32,97,0.00043805891257775453,4
32,98,0.0005552300642993613,4
32,99,0.0008827389935226471,4
32,100,0.00048807671356215776,4
32,101,0.0009883726813885163,6
32,102,0.0002927763434019681,4
32,103,0.0007433527271971663,4
32,104,0.00030452561116867116,4
32,105,0.00035320557585982737,4
32,106,0.00044347779742859306,4
32,107,0.0008205380228195613,4
32,108,0.0006636628206136974,4
32,109,0.000452194332147271,4
32,110,0.0007263639906561759,4
32,111,0.0005701405936845982,4
32,112,0.0008321816476029031,5
32,113,0.000764190170535084,4
32,114,0.0008364893834654774,4
32,115,0.0004780904124610519,4
32,116,0.0005154518408393427,4
32,117,0.0006195019826498727,4
32,118,0.00048663166428020155,4
32,119,0.0005877101299067711,4
32,120,0.00047323878213256787,5
32,121,0.000562620609424247,5
32,122,0.0003436559088890734,4
32,123,0.0004218324104430238,4
32,124,0.0006633875826207447,4
32,125,0.0004748120723265803,4
32,126,0.0008592217568743621,5
32,127,0.0011331210625525334,4
32,128,0.0005450238307449506,6
32,129,0.0006477368666175654,4
32,130,0.00048175778968939653,4
32,131,0.0006259223763757094,4
32,132,0.0003486640547796238,4
32,133,0.0008680268505046329,6
32,134,0.0010007759691599283,12
32,135,0.0005450401230171487,4
32,136,0.0005376209993706027,4
32,137,0.0006287495726492454,4
32,138,0.0006399810578497922,4
32,139,0.0003890480958909093,6
32,140,0.0005362487207686839,4
32,141,0.0005404127191995789,4
32,142,0.0003715457942303768,4
32,143,0.00019524384515046123,4
32,144,0.0003560180499561083,5
32,145,0.000740592371533344,4
32,146,0.00039206003790748234,4
32,147,0.0004823463313348153,4
32,148,0.0008296476339920977,7
32,149,0.0005039784580537221,5
32,150,0.0009930722506374945,7
32,151,0.0007574619667148896,4
32,152,0.00048338281000825933,4
32,153,0.0006903421201537308,4
32,154,0.00034149264394256473,4
32,155,0.0004611557131767863,4
32,156,0.0007581623705868457,4
32,157,0.0004596165328386581,6
32,158,0.0006712933361146534,4
32,159,0.0006372727937725697,4
32,160,0.0009698719996003025,5
32,161,0.0004902376548503451,4
32,162,0.0009364706636784126,4
32,163,0.0005056303765911263,4
32,164,0.0005787958242641222,6
32,165,0.00033717595118176735,4
32,166,0.0008297406014846631,4
32,167,0.00041232471260976844,4
32,168,0.0004475808861242325,4
32,169,0.0005724605861955334,4
32,170,0.0007600741331468264,6
32,171,0.0006651840579431356,4
32,172,0.0003839679377910521,4
32,173,0.00035827296867518843,4
32,174,0.00037853389414621574,4
32,175,0.0005947411096010047,4
32,176,0.00047375924697368177,4
32,177,0.0006260342400091212,4
32,178,0.0007398691756562714,4
32,179,0.0006081503517652576,4
32,180,0.0009355597635657686,8
32,181,0.0003960624981930727,4
32,182,0.0006345040057616491,5
32,183,0.0003233159291447518,4
32,184,0.0004359659109367531,4
32,185,0.0006383301373854566,4
32,186,0.0004059039249191265,5
32,187,0.00040737595504408697,4
32,188,0.0007494529407649497,4
32,189,0.00044961868716897335,5
32,190,0.0010018505229546504,4
32,191,0.0004454751852619454,4
32,192,0.000559947255414639,5
32,193,0.00045364273401837796,4
32,194,0.00030424844545484664,5
32,195,0.0006059613292395127,4
32,196,0.0006249603202144183,4
32,197,0.0006232324762160957,4
32,198,0.0005347279966299023,4
32,199,0.000731860758150793,4
32,200,0.0005094946321400062,4
32,201,0.0005936407279801825,4
32,202,0.0002718652209953154,4
32,203,0.0007125582247812234,4
32,204,0.00046318933559719166,4
32,205,0.0004348398972893186,4
32,206,0.000742911145782954,4
32,207,0.0004200757267841526,4
32,208,0.000583996518177643,4
32,209,0.000751709053129046,8
32,210,0.0007468622166380001,4
32,211,0.0006489696902134412,4
32,212,0.0008460346658923923,4
32,213,0.0009136795244155671,4
32,214,0.000420198626080448,4
32,215,0.0007429450605117571,4
32,216,0.0005437564451282184,4
32,217,0.0003191457213096438,4
32,218,0.0005422857833535799,4
32,219,0.0006640435439806414,6
32,220,0.0005939515209911761,4
32,221,0.000599294049317356,4
32,222,0.000772289031963691,4
32,223,0.0006543674247446729,4
32,224,0.0005836663866100045,4
32,225,0.0006846229025746497,4
32,226,0.0008559182265541199,4
32,227,0.0011320052255430202,7
32,228,0.00043423491724392527,4
32,229,0.0003586646580152064,4
32,230,0.0003441490521085555,4
32,231,0.00035998181338470214,5
32,232,0.0005609915176006952,5
32,233,0.0006551906046748934,4
32,234,0.0007655402317144899,4
32,235,0.0004896544050035923,4
32,236,0.0005740772499021052,6
32,237,0.0006731095958407707,4
32,238,0.0003016839600132881,4
32,239,0.0005643601600457959,4
32,240,0.00039231665883254774,4
32,241,0.0004551788719877603,4
32,242,0.0005314472364753575,4
32,243,0.0007496861137625821,4
32,244,0.0003668708831529588,4
32,245,0.00028998328931151285,4
32,246,0.0008130511931052631,4
32,247,0.0008144348813743374,4
32,248,0.0004794712908966492,4
32,249,0.00037979721791070453,4
32,250,0.0004206454843025398,4
32,251,0.0004217026067292462,4
32,252,0.0005047912233507867,4
32,253,0.0006382950289444134,6
32,254,0.0009214937266375789,4
32,255,0.0005801146812814961,4
32,256,0.00067127612222595,7
32,257,0.0009791270734426094,4
32,258,0.0009559129483177609,5
32,259,0.0007763808048493193,4
32,260,0.0006680787353547935,4
32,261,0.00032951649958451457,4
32,262,0.0005610782776970247,4
32,263,0.0007833291757084471,4
32,264,0.00036399715284629597,4
32,265,0.0005816401392333415,4
32,266,0.0006913721506696113,4
32,267,0.0007624783298365301,5
32,268,0.00041008788025465037,5
32,269,0.0003588965072988115,4
32,270,0.00042592110121175697,4
32,271,0.0005622142385764972,4
32,272,0.0005857707491997433,6
32,273,0.0004590946068997459,4
32,274,0.0005803039652128028,4
32,275,0.0004921460726269311,4
32,276,0.0008491848767189225,4
32,277,0.0005004898700129434,4
32,278,0.000543995164148714,4
32,279,0.000637207845844534,4
32,280,0.0005063811281247332,5
32,281,0.0005049625600513363,4
32,282,0.0010681338210447588,4
32,283,0.00046423991735916603,4
32,284,0.0007064495983112318,4
32,285,0.0006771562740006676,4
32,286,0.0005966177562776176,6
32,287,0.0006558113885637429,4
32,288,0.0006246106478490221,4
32,289,0.0005259197062327248,4
32,290,0.0005015640987493519,5
32,291,0.0005189755075983848,4
32,292,0.0004814913336853577,4
32,293,0.0009769855711247999,4
32,294,0.0005722494855459059,4
32,295,0.0006700579505347637,4
32,296,0.00046631733373880824,4
32,297,0.0006677099113946428,4
32,298,0.0005292953306589299,4
32,299,0.0005991600050945234,7
32,300,0.000444753084701599,4
32,301,0.0009738310277396245,8
32,302,0.00037264203108045013,4
32,303,0.00042407991181220295,4
32,304,0.0007852217030215325,4
32,305,0.0005642719568368371,4
32,306,0.0003782346577350659,4
32,307,0.0009067956693482593,4
32,308,0.0005134586442450129,4
32,309,0.0006093453812734406,4
32,310,0.0006305985615597809,5
32,311,0.0004913410882537161,4
32,312,0.0005490231829339276,4
32,313,0.0004389069753377717,4
32,314,0.0005573373559228934,4
32,315,0.0010691059342763931,4
32,316,0.0010193498067251339,4
32,317,0.0005091950494671704,5
32,318,0.0005356724660608991,4
32,319,0.0005634431152861108,4
32,320,0.00045678209859850716,4
32,321,0.00046094237076033107,4
32,322,0.0005985346559821414,4
32,323,0.0005894233921253655,4
32,324,0.0005022030177134207,4
32,325,0.000541845498374216,4
32,326,0.00047179922905582483,4
32,327,0.0007070592063604941,4
32,328,0.0013362317879564434,4
32,329,0.0007961930091366087,5
32,330,0.0005202109170697744,4
32,331,0.0005690197691341492,4
32,332,0.0004351606534085395,4
32,333,0.0006754096935402965,5
32,334,0.000708137075969062,4
32,335,0.0006840689034254277,4
32,336,0.00023564945830489847,4
32,337,0.0004531512773325863,4
32,338,0.0005488187813914025,8
32,339,0.0005793257053005041,4
32,340,0.0007075085112063229,4
32,341,0.0009010289192170617,4
32,342,0.0005574798753885668,4
32,343,0.0004225728062891565,4
32,344,0.0002899229598942732,4
32,345,0.0008207233949999448,4
32,346,0.0006236100091403518,4
32,347,0.0002920664508186954,4
32,348,0.0005885099408545758,5
32,349,0.0005928192164303958,4
32,350,0.0004125221909759835,4
32,351,0.0007312595549741063,4
32,352,0.0008233716421097714,6
32,353,0.0006453271274772243,6
32,354,0.0006138929053951525,4
32,355,0.0006666195920765894,4
32,356,0.0005403546044956409,4
32,357,0.000395086066270367,4
32,358,0.0004430591697268671,5
32,359,0.0005147027675262428,4
32,360,0.0003604904660740038,4
32,361,0.0005885531598459615,4
32,362,0.00036217209972289055,4
32,363,0.00044523422604825225,4
32,364,0.00022849379997691432,4
32,365,0.000615857854829871,4
32,366,0.00041629591831393586,4
32,367,0.000920367130476829,4
32,368,0.0006768846745637269,4
32,369,0.000620029843868386,4
32,370,0.0005223923298257604,4
32,371,0.00046488640444630747,4
32,372,0.0005053007670065002,4
32,373,0.0005935655513318316,6
32,374,0.0008663235478405529,4
32,375,0.0006315891153468867,6
32,376,0.000512911684945272,4
32,377,0.000519815289227954,4
32,378,0.0008274505547293254,5
32,379,0.00048197658199355953,4
32,380,0.000533007932433105,4
32,381,0.0006887855582637381,4
32,382,0.0007829182570380233,4
32,383,0.00046309164991142904,4
32,384,0.0006688476918029762,5
32,385,0.0005666253470687499,4
32,386,0.00030255025701525495,4
32,387,0.0005190814002110633,4
32,388,0.0005448002949239861,5
32,389,0.0008652358074187072,4
32,390,0.0005691511575519614,5
32,391,0.0006138838797198343,4
32,392,0.00040419185324891416,4
32,393,0.0003924861815879921,5
32,394,0.0006513735935914644,4
32,395,0.00040331970251872296,4
32,396,0.0007178294303712418,4
32,397,0.00039457496687589355,4
32,398,0.0005344026906330956,4
32,399,0.00042525279439753483,4
32,400,0.0006984483663340368,5
32,401,0.0002637709066711791,4
32,402,0.00045857368714508073,4
32,403,0.0007731050148903629,6
32,404,0.0005797600963680649,4
32,405,0.0005066616626500098,4
32,406,0.000415512801259843,4
32,407,0.0005092844804077123,4
32,408,0.0008789493954048933,4
32,409,0.0005300409526241001,5
32,410,0.0008484871457862253,4
32,411,0.0003493320816169154,4
32,412,0.0004982764574364973,4
32,413,0.0005057987055163693,4
32,414,0.0009120937680333618,5
32,415,0.0006218052785357253,4
32,416,0.0004375234018260121,4
32,417,0.0008465857948195543,4
32,418,0.0003441765185979717,4
32,419,0.0005909604649459999,4
32,420,0.00041361169399856124,5
32,421,0.00037507559296168225,4
32,422,0.000381100348765262,4
32,423,0.0008451947138525817,7
32,424,0.0007409782847314084,4
32,425,0.0005621286578059159,4
32,426,0.0005529641300557886,4
32,427,0.0006262614566960867,4
32,428,0.0005505551653470775,4
32,429,0.0006520486141378679,4
32,430,0.0005355874096448776,4
32,431,0.00027791398827881064,4
32,432,0.0005134619385622208,4
32,433,0.00043310248469297097,4
32,434,0.0006693562071824477,4
32,435,0.0007317515748555548,4
32,436,0.0003285233561596268,5
32,437,0.00040036116737729444,4
32,438,0.0009341845732928622,4
32,439,0.0006445951430564811,7
32,440,0.00037958723014025475,4
32,441,0.0004964159768848786,4
32,442,0.0005792267614435076,9
32,443,0.00036514399178494417,4
32,444,0.00048150050443995784,4
32,445,0.0005245082808955637,5
32,446,0.0004078914741524331,4
32,447,0.0003853381790664967,4
32,448,0.0007263826236225679,4
32,449,0.0007043251115985694,4
32,450,0.0005254201079208931,4
32,451,0.0004297618030114636,5
32,452,0.0002595725786315173,4
32,453,0.0003443381285127556,4
32,454,0.000454006428270759,4
32,455,0.0006801164295340278,4
32,456,0.0004772505586965181,6
32,457,0.00039715144024632387,4
32,458,0.0005484732071704412,5
32,459,0.0005427666976304257,4
32,460,0.0006022650848982736,5
32,461,0.00046772397624672557,4
32,462,0.0005278454027234925,4
32,463,0.0004033394564918469,4
32,464,0.0004282915323027825,4
32,465,0.000529480226280965,4
32,466,0.00047399296576289274,4
32,467,0.0005310764372978838,4
32,468,0.0004470723375545882,4
32,469,0.0006212412484957186,4
32,470,0.0008668602198044217,4
32,471,0.00040158916793270327,4
32,472,0.0008337196879880937,5
32,473,0.0006119604586556915,4
32,474,0.0006237884309026054,4
32,475,0.0004952950066130501,4
32,476,0.0004843073091621575,4
32,477,0.0004903862924636737,4
32,478,0.00039912220942250887,4
32,479,0.0004930834463663936,4
32,480,0.0005363740779396053,4
32,481,0.0004444615694033094,4
32,482,0.0002683440582157415,4
32,483,0.0004438737377013835,4
32,484,0.00037132848525556206,4
32,485,0.0005253155451525604,4
32,486,0.000495518069465517,4
32,487,0.000459060658784205,4
32,488,0.0006851251985255935,5
32,489,0.000674317820459458,6
32,490,0.00036538253989792935,4
32,491,0.0005743029869160754,6
32,492,0.0002564835295932877,4
32,493,0.0007476547889013752,4
32,494,0.0005276620388676712,4
32,495,0.0005940700043294278,4
32,496,0.0004270145761807731,4
32,497,0.0009138433270239332,4
32,498,0.0005345551905364676,5
32,499,0.0009595069439329307,4
32,500,0.00046426534960952726,4
32,501,0.000541090872141492,4
32,502,0.0006090250955897991,4
32,503,0.0004364161114615017,4
32,504,0.0007636003693451965,7
32,505,0.000567268908524543,4
32,506,0.00037485876990250855,4
32,507,0.001026526170894937,5
32,508,0.0006573774864313542,4
32,509,0.00046178729115975425,4
32,510,0.0009008907595727811,4
32,511,0.0007115710736332326,7
32,512,0.0008680975064000451,4
32,513,0.00029428234725281666,4
32,514,0.0005100582370204387,4
32,515,0.0007489391933308553,5
32,516,0.00043401454923330807,4
32,517,0.0006501873223714316,5
32,518,0.0005619021288225112,4
32,519,0.0005353060027395995,4
32,520,0.0008306970291384053,4
32,521,0.0007568502667611998,4
32,522,0.0007631340469228531,6
32,523,0.00046285212170760204,5
32,524,0.00045624352687867464,4
32,525,0.0006487263821919331,4
32,526,0.0003854997008240213,4
32,527,0.0008242004425872418,4
32,528,0.0006279617656732572,4
32,529,0.00045467342070071304,5
32,530,0.0007190835848931432,4
32,531,0.00041485693912945987,4
32,532,0.000473601098432308,4
32,533,0.00035129953147650106,4
32,534,0.0005338885715939767,4
32,535,0.0007110433284368556,5
32,536,0.0005377092919973681,4
32,537,0.0002936393017527461,4
32,538,0.0006956453897687398,5
32,539,0.0011511780435602414,5
32,540,0.0005119838829190648,4
32,541,0.0005784077380946995,7
32,542,0.0007382473401982281,4
32,543,0.0005252174170041757,4
32,544,0.0005618007872682518,5
32,545,0.00040208118067053267,6
32,546,0.0006662675448722011,5
32,547,0.000991749272655884,4
32,548,0.00047977313319969017,4
32,549,0.0005614780860543345,4
32,550,0.0003496347617789608,4
32,551,0.0005224238523460767,4
32,552,0.0007291573788058003,4
32,553,0.0007264101907911158,4
32,554,0.0005141206887910865,4
32,555,0.0006676628105638516,4
32,556,0.0008759398443605182,8
32,557,0.00023222158344160526,4
32,558,0.0005869041996150459,4
32,559,0.0006283412980613301,9
32,560,0.00044561759245564936,5
32,561,0.000647509889865866,6
32,562,0.0006056997110895912,8
32,563,0.0004679919053747761,4
32,564,0.0004265581564494858,4
32,565,0.0005916776840126925,5
32,566,0.0007716722842435741,6
32,567,0.0005329160469644822,4
32,568,0.0007735099447354621,8
32,569,0.00046117206233520225,4
32,570,0.0004654513749514644,5
32,571,0.0007578130202371414,4
32,572,0.0006890598753180877,4
32,573,0.0007854268693326949,4
32,574,0.000899179985243026,4
32,575,0.0006317686809140799,4
32,576,0.0005030398381056234,4
32,577,0.000532803347744637,4
32,578,0.0006700636528010895,7
32,579,0.0005008443863839807,4
32,580,0.000876899452878277,4
32,581,0.0007235075762688226,4
32,582,0.0003834457149599624,4
32,583,0.00048343262134009635,4
32,584,0.000555490061205477,4
32,585,0.0005479864772320875,5
32,586,0.000741576448388459,4
32,587,0.0007824751031251242,5
32,588,0.0005318949570942699,4
32,589,0.00039731049619295966,4
32,590,0.000560059849119221,5
32,591,0.0006288797344887742,4
32,592,0.000600113228791388,4
32,593,0.0007719516191792009,6
32,594,0.0006969262764131567,5
32,595,0.000536885912928553,4
32,596,0.00040990020589859455,6
32,597,0.0009017060752318784,8
32,598,0.0005546315953237624,4
32,599,0.000538436251081853,6
32,600,0.0007440282706931978,4
32,601,0.0007111269270324572,4
32,602,0.0005758180197643625,4
32,603,0.0004233360664733232,4
32,604,0.0006202503589773922,4
32,605,0.0006143774707235705,4
32,606,0.0006494020172467252,4
32,607,0.0005481946179343722,4
32,608,0.0005074185394580155,4
32,609,0.00048232046319607313,4
32,610,0.0005810906914984759,4
32,611,0.0007488054748160389,4
32,612,0.0003417797924651911,4
32,613,0.0008667023717636724,4
32,614,0.0004230853157263237,4
32,615,0.0006925312971655662,4
32,616,0.00035017171589246665,4
32,617,0.00035390611952856865,4
32,618,0.00040523935033121017,5
32,619,0.0005167403282032024,4
32,620,0.0002464295827999674,4
32,621,0.0002642883301566812,4
32,622,0.0005029852238758181,5
32,623,0.00048408233678332024,4
32,624,0.0006395201577552578,4
32,625,0.00034505865271250435,4
32,626,0.0008497322580365285,8
32,627,0.00045850508439992943,4
32,628,0.0006642448783719113,4
32,629,0.0006951575973515589,4
32,630,0.0003622035544449953,7
32,631,0.0003879178952571616,4
32,632,0.00048611378756313606,5
32,633,0.0006078774234105078,4
32,634,0.00037650223885171696,4
32,635,0.0005292464925048534,4
32,636,0.0005212483642209609,5
32,637,0.0006327785554947618,4
32,638,0.0004412369448227871,7
32,639,0.0006583385903744521,6
32,640,0.0007737333330088969,4
32,641,0.000569311672448225,4
32,642,0.0004553375056496334,4
32,643,0.0006910833399670357,4
32,644,0.0006007974354422796,4
32,645,0.000757958735593367,8
32,646,0.0006952414230714798,5
32,647,0.00045347424962016714,4
32,648,0.0007055159681831347,6
32,649,0.0005240430266434948,7
32,650,0.00047950789176864905,4
32,651,0.000531890656993661,5
32,652,0.0006674136259089414,6
32,653,0.0004489335655922799,6
32,654,0.0006554778736894695,5
32,655,0.0006434089423538181,4
32,656,0.0005615769963803752,4
32,657,0.00042534775383046286,4
32,658,0.0009208959099779035,6
32,659,0.0005937224998222579,4
32,660,0.0004312719246910568,4
32,661,0.0008254157283471564,4
32,662,0.0006466171626571815,4
32,663,0.0006887639825958747,6
32,664,0.0005376015043616622,4
32,665,0.00025981205603897717,4
32,666,0.0005167616219372562,4
32,667,0.0007365192021236977,4
32,668,0.0005862094742681845,5
32,669,0.0005956965579332341,4
32,670,0.0008564366234966037,4
32,671,0.0003810809798965309,4
32,672,0.0004233935619128437,4
32,673,0.0006246951754552699,4
32,674,0.0005742576767203689,4
32,675,0.0006444181031233231,4
32,676,0.0005418816515421199,5
32,677,0.0009849313547949656,6
32,678,0.0005474947244197281,4
32,679,0.0006590257194750704,4
32,680,0.0005710219694949892,5
32,681,0.0009640445990811708,4
32,682,0.0006589626842897767,5
32,683,0.00040755062510888784,5
32,684,0.000817956930166952,4
32,685,0.00037130529863438344,4
32,686,0.0005123292356250531,5
32,687,0.0005508073824361248,4
32,688,0.0005357093031905236,4
32,689,0.0008926553025470074,8
32,690,0.0007385534830013363,6
32,691,0.0005844972418900252,4
32,692,0.0005841885979820383,4
32,693,0.0005241807154335865,4
32,694,0.0007341376936349508,4
32,695,0.0006281675363725703,4
32,696,0.0005874201175165572,4
32,697,0.0008659318994732601,4
32,698,0.0005274650233907385,6
32,699,0.00040355959726279256,4
32,700,0.0005408902986975272,4
32,701,0.0005706482416338865,4
32,702,0.0013663534645395048,10
32,703,0.00042434121893020205,4
32,704,0.0005809369822168398,4
32,705,0.0006224578088287469,4
32,706,0.0007282371648326125,5
32,707,0.0004475766596705455,4
32,708,0.0004139609670796851,4
32,709,0.0007519898051379093,5
32,710,0.0005981228407181405,4
32,711,0.0005781178752556348,4
32,712,0.0005266973975565081,4
32,713,0.0005163907596033024,4
32,714,0.0005408810097410344,4
32,715,0.0004707377699201265,4
32,716,0.0011463423911302062,4
32,717,0.00041020165786609386,4
32,718,0.0009607625107497797,7
32,719,0.0004446971206779615,4
32,720,0.00039139124751685905,4
32,721,0.00043592059918440285,4
32,722,0.00044113894116898367,6
32,723,0.0006424616957206863,4
32,724,0.0007384383330260036,4
32,725,0.000739517514418031,4
32,726,0.0003531988439071654,4
32,727,0.0005552942078459466,4
32,728,0.00043873870648514224,4
32,729,0.0009282790516771389,4
32,730,0.0006837393275485049,4
32,731,0.0008294523396773501,10
32,732,0.0008230740416793614,4
32,733,0.00042717755181720385,4
32,734,0.0005712406368348355,4
32,735,0.0006171897088378397,5
32,736,0.0005168757511380129,4
32,737,0.0004405274804527015,4
32,738,0.0006242646305035793,6
32,739,0.0007184000436462057,6
32,740,0.0008399326575392885,10
32,741,0.0009263986382749834,4
32,742,0.0006236484653182606,4
32,743,0.0004121326646565615,4
32,744,0.00043034822645315884,4
32,745,0.0005683512820635617,4
32,746,0.0004265733640786973,4
32,747,0.0006299882000423418,4
32,748,0.00048143915948217764,4
32,749,0.00022731280342569438,4
32,750,0.00047322270601179994,4
32,751,0.0005800442942986983,4
32,752,0.0004935323071609821,4
32,753,0.0005130408143735332,4
32,754,0.0003639048417295454,5
32,755,0.0007703142503009408,4
32,756,0.0004127841170575852,4
32,757,0.0006521226967801663,6
32,758,0.00042511232460828996,5
32,759,0.00042242507234380167,4
32,760,0.0007692328423639649,4
32,761,0.0007951853359428052,8
32,762,0.0005951242209139007,6
32,763,0.0004326191087388742,6
32,764,0.0003584827804619106,4
32,765,0.00023827805468107366,4
32,766,0.0005835776754034017,4
32,767,0.000756556058216451,4
32,768,0.00041069370778579195,4
32,769,0.0010178309307757871,4
32,770,0.00045472292099346667,4
32,771,0.001073459221344164,4
32,772,0.0005496504003899005,4
32,773,0.0002301798390257348,4
32,774,0.000602179596427499,4
32,775,0.0005386298771540288,4
32,776,0.0007163186644381092,4
32,777,0.0004044413564755489,4
32,778,0.0008606026573165781,5
32,779,0.0005490448042115847,4
32,780,0.0007135058673694017,4
32,781,0.0004458046753172962,4
32,782,0.000496908495388193,4
32,783,0.0005739102999625656,5
32,784,0.00046156551604059626,4
32,785,0.0007111227376733753,4
32,786,0.00033579098168468047,4
32,787,0.000523539302105025,4
32,788,0.0005303771220089293,4
32,789,0.0007412128053018163,4
32,790,0.0004691872753386228,4
32,791,0.0003403792484132362,4
32,792,0.000486143351399293,4
32,793,0.0007271057199036424,4
32,794,0.0008313145224673191,4
32,795,0.0009055098810757389,4
32,796,0.0007682871501983879,4
32,797,0.0005146463838628934,4
32,798,0.00039524088631381904,4
32,799,0.0006291300599831628,4
32,800,0.0006485519764740655,4
32,801,0.0005158087228448183,5
32,802,0.0003851792014614164,4
32,803,0.0006643288920696877,4
32,804,0.0006442178234283835,5
32,805,0.0005609348234034695,4
32,806,0.0006279360667604816,4
32,807,0.0006136155386645137,7
32,808,0.000659372472586961,4
32,809,0.000469417620172774,4
32,810,0.0004703485981871758,4
32,811,0.00042555474872379984,4
32,812,0.00041389584035644855,4
32,813,0.0005303988586274899,4
32,814,0.0004168499129842962,5
32,815,0.00036913629747958865,4
32,816,0.0003994859582082677,6
32,817,0.0005782160023143357,4
32,818,0.00038587565696723836,4
32,819,0.0007959058405330177,4
32,820,0.00047977107944263686,4
32,821,0.0006150226761338917,5
32,822,0.0007055515587940375,4
32,823,0.0005999876412512428,4
32,824,0.0005246479154228656,5
32,825,0.0005710374113619965,4
32,826,0.00045911725864933306,4
32,827,0.0004200625295432969,4
32,828,0.0006607893045768032,6
32,829,0.0005484810478028068,4
32,830,0.0008621797040582746,10
32,831,0.00038153124829032325,4
32,832,0.00034726623166478343,5
32,833,0.0007917524028325795,4
32,834,0.0005996413789237653,4
32,835,0.0003401138893107669,4
32,836,0.0007984760244024725,4
32,837,0.0004656100804455443,4
32,838,0.0005826691771344539,4
32,839,0.0006875827769428078,5
32,840,0.0005079099257263575,4
32,841,0.0006943268113631107,4
32,842,0.0005967913951102632,4
32,843,0.0004090701320681456,4
32,844,0.00045788033735982836,4
32,845,0.0006593246060840885,5
32,846,0.00044635524980374264,5
32,847,0.00039679572923245754,4
32,848,0.00036463819219889615,4
32,849,0.000633988051720602,5
32,850,0.0008990076344975728,5
32,851,0.0005229253435176107,4
32,852,0.00040897723029842403,4
32,853,0.0004180052273277113,6
32,854,0.00042985560605135475,4
32,855,0.0006477037250364193,4
32,856,0.000761224349170031,4
32,857,0.0006747085339883774,4
32,858,0.0007270307191923342,4
32,859,0.00037716004749116516,4
32,860,0.00019838169399866157,4
32,861,0.0005816484067155958,4
32,862,0.0007329308080215036,4
32,863,0.0002813632504629071,4
32,864,0.0003055065296445614,4
32,865,0.0005030492806262776,4
32,866,0.0007661603387085769,4
32,867,0.0006674274980191797,4
32,868,0.0008512821718431596,4
32,869,0.000886558206183552,4
32,870,0.0005091065764106784,4
32,871,0.0005539618375059452,7
32,872,0.0006294017623480475,4
32,873,0.00038456700293409973,4
32,874,0.00035598089726363025,4
32,875,0.000581453304055235,5
32,876,0.0004109433195443879,5
32,877,0.0007861147624882436,5
32,878,0.0002741766115207933,4
32,879,0.0005245218124410034,4
32,880,0.000619748157208555,7
32,881,0.0008756960132241254,4
32,882,0.0006919351266856388,4
32,883,0.0006430648634239144,4
32,884,0.0006134969663271206,4
32,885,0.0008023949327612967,4
32,886,0.0006020612945498716,4
32,887,0.0005988528483589772,7
32,888,0.00037564712399362765,4
32,889,0.000761435798921406,4
32,890,0.0006584961042189752,4
32,891,0.0006508572484473785,6
32,892,0.0007250230306677929,4
32,893,0.0006967079059777559,4
32,894,0.000552934491914292,6
32,895,0.00037908933690966595,4
32,896,0.0006720419868876393,5
32,897,0.0006338496475009059,4
32,898,0.0009071846027957076,4
32,899,0.000808185781616233,8
32,900,0.0006437280642036525,4
32,901,0.0008278546526346853,4
32,902,0.00047643920761708536,4
32,903,0.00068445117669097,4
32,904,0.0004140515514099441,4
32,905,0.0004718891216156651,5
32,906,0.0005511559314972381,5
32,907,0.0008461410838542793,4
32,908,0.00045825585746117614,4
32,909,0.00045183920709412906,4
32,910,0.0005788831356470236,4
32,911,0.0003732601047239381,4
32,912,0.0004477408902030522,4
32,913,0.000398057000768115,4
32,914,0.00046662164873750855,6
32,915,0.0008223828526237043,4
32,916,0.0006846527986048567,4
32,917,0.0005445323557163873,4
32,918,0.0006108033101468457,5
32,919,0.00042046065287482115,4
32,920,0.0006519283520307617,5
32,921,0.0005385347720351374,4
32,922,0.0007246984887548935,4
32,923,0.0005651619913301653,4
32,924,0.0005680128250319938,6
32,925,0.0006499326921396431,4
32,926,0.0008451813056553625,4
32,927,0.0007744170685152207,5
32,928,0.0005357406486414806,4
32,929,0.00037960442709850106,4
32,930,0.0010842801271448987,4
32,931,0.000594869560389788,4
32,932,0.0004949604117052697,4
32,933,0.0005410617398972084,4
32,934,0.0006662564947769178,4
32,935,0.0007232281979140387,4
32,936,0.0005414914428464868,4
32,937,0.00026244436468814136,4
32,938,0.0003299460503728424,4
32,939,0.0006151039628279342,4
32,940,0.0005277503882836765,6
32,941,0.0004838209385468195,4
32,942,0.00041490765158336274,4
32,943,0.0007196003740052026,4
32,944,0.00041176663376252254,4
32,945,0.0006928857682541589,4
32,946,0.0006409219097802121,4
32,947,0.00034613034994102065,4
32,948,0.0003355692266931998,4
32,949,0.0005452613760021929,4
32,950,0.0008741795485253112,4
32,951,0.0005532543512756227,4
32,952,0.000412289060786164,4
32,953,0.0004063975133472564,4
32,954,0.0009837762232494107,4
32,955,0.0006264613265805075,4
32,956,0.0008221596524894959,4
32,957,0.0007506335494393834,4
32,958,0.0005644557159111274,4
32,959,0.00034137318186622245,5
32,960,0.0003993736782765822,4
32,961,0.00038117063278608754,4
32,962,0.0004698990294452754,4
32,963,0.0006551672443508294,4
32,964,0.0005545643889325325,4
32,965,0.0006811426127632525,7
32,966,0.0004654741515228711,4
32,967,0.0004828143105634064,4
32,968,0.0005328435894520478,4
32,969,0.0004513562785782299,4
32,970,0.0006837496957269318,6
32,971,0.000559814543091397,4
32,972,0.0007672820160922744,4
32,973,0.0007728483884561488,4
32,974,0.0005820822420742333,4
32,975,0.0008071977841578315,5
32,976,0.00036302939320920213,5
32,977,0.00041118107386373115,5
32,978,0.0003649958793866537,4
32,979,0.00070226726105449,4
32,980,0.000388978259879158,4
32,981,0.00033735291470315953,4
32,982,0.0005650454458777654,4
32,983,0.0007086340971178551,4
32,984,0.0005566590619582312,4
32,985,0.0004870443687153281,4
32,986,0.000752871234560637,4
32,987,0.0006386910967304815,5
32,988,0.0007694185360186401,4
32,989,0.0003585288453499258,4
32,990,0.0008491391558438366,4
32,991,0.0007783853974663302,8
32,992,0.000311469970214695,4
32,993,0.0008213071920643022,4
32,994,0.000592743174446797,4
32,995,0.0007319292523095822,4
32,996,0.0005897454195892271,4
32,997,0.0008412665725309187,4
32,998,0.0005823447409887272,9
32,999,0.0005695294342237256,4
32,1000,0.0005808826194770855,4
32,1001,0.0005640091984863149,6
32,1002,0.0005490875675532303,4
32,1003,0.0008390996080934743,5
32,1004,0.0007902928131791054,4
32,1005,0.0005070416657608767,6
32,1006,0.0005548036517009081,4
32,1007,0.0005819620635193479,4
32,1008,0.0006523157507412058,4
32,1009,0.0005411761945040838,5
32,1010,0.0007565990521896104,4
32,1011,0.0002697767144644869,4
32,1012,0.0005735520689259532,4
32,1013,0.0004927992854037999,5
32,1014,0.0004593151133349682,4
32,1015,0.0006221083036148656,4
32,1016,0.000469078165384218,4
32,1017,0.0008327588186473056,5
32,1018,0.0006208419282832667,4
32,1019,0.0005234405655932806,4
32,1020,0.0005734488690178896,4
32,1021,0.0003655136316139673,4
32,1022,0.0007629760322431789,6
32,1023,0.0004212004358097321,4
32,1024,0.0007304633158708995,4
32,1025,0.00047721403362932513,4
32,1026,0.0004414415118175752,4
32,1027,0.0005882994917703055,6
32,1028,0.0005169282007676523,4
32,1029,0.00047470347386102674,4
32,1030,0.0005541821940062697,4
32,1031,0.00043269817391311527,5
32,1032,0.000542833563725087,4
32,1033,0.0005884522761538946,6
32,1034,0.0006615321014724618,4
32,1035,0.00062023223842117,4
32,1036,0.0005003164521341086,4
32,1037,0.0007219309288025721,4
32,1038,0.0008079047816245133,4
32,1039,0.000258939396345248,4
32,1040,0.00046511737488486027,4
32,1041,0.0005787594305101118,4
32,1042,0.0008204652027322679,4
32,1043,0.000685798214711153,4
32,1044,0.00039995056110037064,4
32,1045,0.0007475455781267293,4
32,1046,0.0003932081129857101,4
32,1047,0.0005973851428993093,7
32,1048,0.0009891289517015567,4
32,1049,0.0007846928694955624,4
32,1050,0.0003453587208405162,5
32,1051,0.000519140222574932,5
32,1052,0.00029280119487762324,4
32,1053,0.000672100807091569,4
32,1054,0.0003758580973608483,4
32,1055,0.0004639708007162513,4
32,1056,0.0008635065620148374,6
32,1057,0.0006384934518711693,4
32,1058,0.0007469912299636894,4
32,1059,0.0002846911626795956,4
32,1060,0.0006555709902829054,5
32,1061,0.00044837644470119287,4
32,1062,0.0006175326135723358,5
32,1063,0.0007761857084523927,4
32,1064,0.00028279680490395087,5
32,1065,0.00048697496659011463,4
32,1066,0.0006535836345531454,4
32,1067,0.0006951849066580973,5
32,1068,0.00030934302161544913,4
32,1069,0.0003714038423274779,4
32,1070,0.0008903961203625688,4
32,1071,0.0004895993983197178,5
32,1072,0.00042686149859061384,5
32,1073,0.0006202546201807824,5
32,1074,0.0004399507412785608,5
32,1075,0.000581611016821415,4
32,1076,0.0005552079589882242,4
32,1077,0.0006354260697908343,4
32,1078,0.0005830841662044506,5
32,1079,0.0006113235973377318,4
32,1080,0.0004976345562899276,4
32,1081,0.00091554173022243,5
32,1082,0.0006293815914628631,4
32,1083,0.0008284191829146526,4
32,1084,0.0007645638762361351,7
32,1085,0.00039757010968582973,4
32,1086,0.0003664194626037398,4
32,1087,0.0005613820081461496,4
32,1088,0.00068073158261861,4
32,1089,0.0006026251459131382,4
32,1090,0.0007138892164815225,4
32,1091,0.0005376368476697202,4
32,1092,0.0004178154911090859,4
32,1093,0.0005951517535232598,4
32,1094,0.0006938620237864068,4
32,1095,0.0005007004576490504,7
32,1096,0.0006307456884629969,6
32,1097,0.0005219871998594083,4
32,1098,0.0004795504436078124,4
32,1099,0.00043998943272083313,4
32,1100,0.00033641856182276,4
32,1101,0.0005982280482373925,4
32,1102,0.00035423812872659166,4
32,1103,0.00039198294916875653,4
32,1104,0.0005687586138125589,4
32,1105,0.0008054665662060589,4
32,1106,0.0002481579289926872,4
32,1107,0.0005942778877200405,5
32,1108,0.00044748589119125715,4
32,1109,0.0006554112868308315,4
32,1110,0.0004088040106426938,4
32,1111,0.0005289962519926528,4
32,1112,0.0008278852123987934,4
32,1113,0.00047809523982722535,4
32,1114,0.0007311683866068064,4
32,1115,0.0003460514724399344,4
32,1116,0.0007228100187229858,4
32,1117,0.0009042268107163354,4
32,1118,0.0008860013059247551,4
32,1119,0.0005243058718001903,4
32,1120,0.000531335785490139,4
32,1121,0.0009640831875568079,7
32,1122,0.0006183681959373022,5
32,1123,0.0008853703392761592,9
32,1124,0.00039495500703601305,4
32,1125,0.0006252476878593205,4
32,1126,0.000728765134617948,4
32,1127,0.00046989098926486506,4
32,1128,0.000402909659537265,4
32,1129,0.00022503488012148853,4
32,1130,0.0005698722958729086,4
32,1131,0.0008763343375792765,4
32,1132,0.00044551814086013497,4
32,1133,0.0005020528650053757,4
32,1134,0.0007477183509037033,5
32,1135,0.0006910552298737271,5
32,1136,0.0007499481228412375,4
32,1137,0.0006682700429695432,7
32,1138,0.0006383585662620428,4
32,1139,0.0007477624217122614,4
32,1140,0.0004341781632176134,4
32,1141,0.0007508114035410518,4
32,1142,0.000374593743694418,4
32,1143,0.0005436254460667866,4
32,1144,0.0007317622711222604,6
32,1145,0.0007744031639712046,4
32,1146,0.0003953865999759554,4
32,1147,0.0003095049111934145,4
32,1148,0.0004902970560570763,4
32,1149,0.00043182066597358126,4
32,1150,0.00035999891553928354,4
32,1151,0.0005137690600215405,4
32,1152,0.0005512907052214189,4
32,1153,0.0005892703732276461,9
32,1154,0.0003864720270752575,4
32,1155,0.0003689226196432749,4
32,1156,0.0007120318816182802,4
32,1157,0.0008231406357987747,5
32,1158,0.0004186632191791606,4
32,1159,0.0008922734922046649,4
32,1160,0.0004058719661961252,4
32,1161,0.0003444396295863017,4
32,1162,0.0007649408810823932,7
32,1163,0.0005846431483731429,4
32,1164,0.0004083373315328931,4
32,1165,0.00041047793260906573,4
32,1166,0.00046363058411041935,4
32,1167,0.0006046522356025763,4
32,1168,0.0006527096375936181,4
32,1169,0.00019518272696350536,4
32,1170,0.0007980903087387858,4
32,1171,0.00043932643681410255,4
32,1172,0.0007632298766758749,8
32,1173,0.0006547268120603023,4
32,1174,0.0006953929771049694,4
32,1175,0.0006874939697854021,5
32,1176,0.0006372748321010757,4
32,1177,0.000533556214681874,4
32,1178,0.000807115413896331,4
32,1179,0.0007979068818326773,5
32,1180,0.0007745881024933121,10
32,1181,0.0006516648683737025,4
32,1182,0.0008848401747184598,4
32,1183,0.0004482164355377183,5
32,1184,0.0006870344256246774,4
32,1185,0.0008189076443346766,4
32,1186,0.00043903444602011454,5
32,1187,0.0007810272891748404,5
32,1188,0.0008575005895410381,4
32,1189,0.0007692442560692514,6
32,1190,0.0003762738241712693,4
32,1191,0.0004812021339971606,5
32,1192,0.0009166805768654473,4
32,1193,0.000554257797990898,9
32,1194,0.0008445778163466144,4
32,1195,0.0007781285241799107,5
32,1196,0.0006653276918392459,4
32,1197,0.0007039042429370923,4
32,1198,0.0004590759387110843,4
32,1199,0.0006582847502744071,4
32,1200,0.0005110902828007191,4
32,1201,0.0006576800392694149,4
32,1202,0.0004639117535877868,4
32,1203,0.0005843787226499364,4
32,1204,0.00042201682030995613,6
32,1205,0.00042429759207052165,4
32,1206,0.00043763783334449524,6
32,1207,0.0006556455491344426,5
32,1208,0.000546697970651544,4
32,1209,0.000578189133300544,4
32,1210,0.0007341660559181395,4
32,1211,0.0007248658930207874,4
32,1212,0.0005901700906700835,4
32,1213,0.0003979509545571913,4
32,1214,0.00044773652561103106,6
32,1215,0.0006844670461489955,4
32,1216,0.0003890698641103585,4
32,1217,0.000671562469777065,6
32,1218,0.0006232227766316267,4
32,1219,0.0005282463014016914,4
32,1220,0.000646524026828188,4
32,1221,0.0006945572725562954,6
32,1222,0.0004198162789111892,4
32,1223,0.0004479561591097525,6
32,1224,0.0007420979183498932,4
32,1225,0.0006294833381798037,4
32,1226,0.0006669487897253967,4
32,1227,0.0005061472062140582,5
32,1228,0.0005153029634119566,6
32,1229,0.0005809442065479731,4
32,1230,0.0006148853485744565,4
32,1231,0.0004797644635574083,4
32,1232,0.0004053687896837799,4
32,1233,0.0003545442209155203,4
32,1234,0.000665269997072726,4
32,1235,0.0006466421661581734,5
32,1236,0.0006470265655111884,7
32,1237,0.00044200693102752764,5
32,1238,0.00031490367448039347,4
32,1239,0.0006533785901245148,8
32,1240,0.0006188641369232473,9
32,1241,0.0005140553477120946,4
32,1242,0.0009495903254690408,5
32,1243,0.0010641764942048715,4
32,1244,0.00037164596830030483,4
32,1245,0.00048257775183363494,4
32,1246,0.0007176407521845007,4
32,1247,0.0004865918037162964,4
32,1248,0.0005659088987097771,5
32,1249,0.0005128253719168807,6
32,1250,0.00048689822103381575,4
32,1251,0.0005179726953419284,4
32,1252,0.0006108406919528298,4
32,1253,0.0009228642261601694,4
32,1254,0.0008759775918326662,4
32,1255,0.0003889603383613327,4
32,1256,0.0007296303577268848,4
32,1257,0.0004924529705941927,5
32,1258,0.0004861294553586415,4
32,1259,0.0005278269046027351,4
32,1260,0.0005168319606758676,4
32,1261,0.0003118480239604482,4
32,1262,0.00045048256330715297,4
32,1263,0.0005033057642526706,4
32,1264,0.0005241481896139932,4
32,1265,0.0008299057873341065,4
32,1266,0.0005755002177179058,4
32,1267,0.000610093210059337,4
32,1268,0.0006854430496415764,6
32,1269,0.0004855869388338263,4
32,1270,0.0006658852115138947,4
32,1271,0.0004727767829411089,6
32,1272,0.00035145153638177495,4
32,1273,0.0005631717919759582,4
32,1274,0.0005421622533061665,4
32,1275,0.0006793146515233217,5
32,1276,0.0005643345271298394,4
32,1277,0.0006277659398307156,4
32,1278,0.0006015453367449464,5
32,1279,0.0005174542816919203,4
32,1280,0.0003474729730338355,4
32,1281,0.0008067910324678074,5
32,1282,0.0006016925720909172,4
32,1283,0.0008501288713075317,4
32,1284,0.000985116413501519,4
32,1285,0.0008057107532898344,4
32,1286,0.000864259391246458,4
32,1287,0.0008171303532733543,6
32,1288,0.0010376757538430592,4
32,1289,0.0006098123298307057,4
32,1290,0.0004478675470590554,4
32,1291,0.000384223967821673,4
32,1292,0.0003603193848742414,4
32,1293,0.0008596319554010079,4
32,1294,0.0004600856009939758,4
32,1295,0.0007785199186074454,4
32,1296,0.0007297623008652998,4
32,1297,0.0005334860289090693,4
32,1298,0.0006283449211237357,5
32,1299,0.0005271151281286413,5
32,1300,0.0004793104036635576,4
32,1301,0.0005378709828149919,4
32,1302,0.0007503255947290954,4
32,1303,0.0005847213361759862,4
32,1304,0.0005719598471928267,4
32,1305,0.0004630507116106797,6
32,1306,0.0006156460158517341,4
32,1307,0.000589026973764617,5
32,1308,0.000547947418131578,4
32,1309,0.0005768827804968346,4
32,1310,0.0008007142895578578,5
32,1311,0.0007772564468300214,7
32,1312,0.00045117057134816396,5
32,1313,0.0007064168316691377,5
32,1314,0.00045963729500764217,4
32,1315,0.0006772248276558646,4
32,1316,0.0007748784260161456,4
32,1317,0.0009223454603116688,4
32,1318,0.0005264364492301166,6
32,1319,0.0005331650709049507,4
32,1320,0.0007320550211602495,4
32,1321,0.00048180789865959195,4
32,1322,0.0005456548432949959,5
32,1323,0.0007156610429090993,4
32,1324,0.0006080688879527285,4
32,1325,0.0004901523545383091,4
32,1326,0.0005199579029818713,7
32,1327,0.000548359937687537,4
32,1328,0.00047751522148564707,4
32,1329,0.0005003930773803678,4
32,1330,0.0004131199385921658,4
32,1331,0.0005813994880142781,4
32,1332,0.0007950276297249426,4
32,1333,0.0005930102585399721,4
32,1334,0.00044789278173451574,5
32,1335,0.0007943216984865886,5
32,1336,0.0004661508223166022,4
32,1337,0.0004578588738631817,4
32,1338,0.0007683110724314712,4
32,1339,0.00034185718924029107,4
32,1340,0.0007360369217322971,5
32,1341,0.00047464442414646424,4
32,1342,0.0005132558095316542,4
32,1343,0.0005257100823050642,4
32,1344,0.0005337871968402741,4
32,1345,0.0006153580421170979,4
32,1346,0.00047457048193966234,5
32,1347,0.0005521019688716766,4
32,1348,0.0005168883028041638,4
32,1349,0.0007794041017467612,4
32,1350,0.0005283053034884633,7
32,1351,0.0005512719018317958,4
32,1352,0.0008752887781339203,8
32,1353,0.0005619076261751399,4
32,1354,0.0011191648895034767,4
32,1355,0.0004289546294053981,4
32,1356,0.0007154274129904659,4
32,1357,0.00044526062088989793,4
32,1358,0.0005059064130287227,4
32,1359,0.0004478678702689032,5
32,1360,0.0005206515916698073,4
32,1361,0.0008551000493156602,4
32,1362,0.000796248406717881,6
32,1363,0.0006426528514227314,4
32,1364,0.0008474966646139226,4
32,1365,0.0004831211726860074,4
32,1366,0.0007512137840541833,4
32,1367,0.0005900006771126787,4
32,1368,0.00047899709269094704,4
32,1369,0.0008595856370073873,4
32,1370,0.0003316939400850316,4
32,1371,0.0006236726740539433,4
32,1372,0.0005220371180815198,4
32,1373,0.0005739914872964214,4
32,1374,0.0010585834742933287,4
32,1375,0.0007546349510602068,6
32,1376,0.0007585400408364196,8
32,1377,0.0007808267891097342,5
32,1378,0.0006852559395210678,5
32,1379,0.0004825545677415999,4
32,1380,0.0005304995712386296,4
32,1381,0.0006477696345142947,4
32,1382,0.0006632545151820657,4
32,1383,0.0006583774609383308,4
32,1384,0.0007690273637468437,4
32,1385,0.0005530291138300392,4
32,1386,0.0007688391734450573,4
32,1387,0.000726539575236107,4
32,1388,0.0006068244937620926,4
32,1389,0.0005839874196151285,4
32,1390,0.000455453981597409,4
32,1391,0.0007122675776681797,10
32,1392,0.0006169380759157295,4
32,1393,0.0007597531888439146,5
32,1394,0.0004889277616471066,4
32,1395,0.0003880891318417401,4
32,1396,0.000638694488077518,4
32,1397,0.0005041668912548758,4
32,1398,0.0003709572788069826,4
32,1399,0.0005736928452352297,5
32,1400,0.000541977441701591,4
32,1401,0.0006389092236607219,4
32,1402,0.0004502444113133608,5
32,1403,0.0006133638560332777,4
32,1404,0.00043572058420027204,4
32,1405,0.000593863454840915,4
32,1406,0.0006127693410954427,5
32,1407,0.0005275369902608684,4
32,1408,0.000470381520158214,4
32,1409,0.0007152919400861268,4
32,1410,0.0004985421109550137,5
32,1411,0.0006167025990647668,4
32,1412,0.0009879380032492557,4
32,1413,0.0007279311504704289,4
32,1414,0.00034269448295737304,4
32,1415,0.0005887419134696925,4
32,1416,0.00042759615016463304,4
32,1417,0.0004865843642721801,4
32,1418,0.0009669503397065071,4
32,1419,0.0005139693981692783,4
32,1420,0.0007701379855143964,4
32,1421,0.0004656347025251417,4
32,1422,0.0007923048401691779,12
32,1423,0.00039410737430323195,4
32,1424,0.0005156993521370223,4
32,1425,0.0006331489567414916,4
32,1426,0.0004154208540884108,4
32,1427,0.00034176829312682067,4
32,1428,0.0008469430007301826,4
32,1429,0.0008155975005791349,4
32,1430,0.0005627283909912517,4
32,1431,0.0003933327353409233,4
32,1432,0.0007808168071792854,10
32,1433,0.0004662882122382639,4
32,1434,0.0004838988140818401,4
32,1435,0.0005855176211899682,4
32,1436,0.0006497370088430765,7
32,1437,0.0011684279988928292,4
32,1438,0.0006357780337068464,4
32,1439,0.00045657393483156117,4
32,1440,0.0005070951118163469,4
32,1441,0.0006655037274740927,4
32,1442,0.0004027376404301397,4
32,1443,0.0007020745966296316,4
32,1444,0.0007367335735299907,4
32,1445,0.00045006184021439966,5
32,1446,0.00030222012297692613,4
32,1447,0.0005816626070740405,5
32,1448,0.00030797681618999206,4
32,1449,0.0006398353415670299,4
32,1450,0.0005173331310742713,5
32,1451,0.0007326525065871614,4
32,1452,0.0006298177226372603,4
32,1453,0.0004888227763576447,4
32,1454,0.0008580403643788648,8
32,1455,0.0005838140346242637,4
32,1456,0.0006974923585149062,7
32,1457,0.0006748953968981897,6
32,1458,0.0007342662092025831,4
32,1459,0.0004450240483299117,4
32,1460,0.0006883925827442239,4
32,1461,0.0006151294570991839,4
32,1462,0.0005926686262230918,4
32,1463,0.0006892673662773907,4
32,1464,0.0006090785864275583,4
32,1465,0.0006849842742406853,5
32,1466,0.0007293704743435159,6
32,1467,0.0005220362164266301,5
32,1468,0.0006061873900682635,5
32,1469,0.000887728642284924,4
32,1470,0.00034636800279630453,5
32,1471,0.0005198359196667557,4
32,1472,0.000560901937738445,4
32,1473,0.0003342885730880374,4
32,1474,0.00047298716500554505,5
32,1475,0.0006689375615748228,5
32,1476,0.0007278092890639076,8
32,1477,0.0008715521793536407,4
32,1478,0.0003926294480356418,4
32,1479,0.0007904700428390532,4
32,1480,0.0006370793350312098,4
32,1481,0.00037002897989679706,4
32,1482,0.0005061524468887857,4
32,1483,0.0004234080785653349,4
32,1484,0.0005289812974730301,5
32,1485,0.0005745780535431066,4
32,1486,0.00045107107992403694,5
32,1487,0.0006688818478013392,6
32,1488,0.0004557296811074085,6
32,1489,0.0009263490877299274,4
32,1490,0.00047304030943784436,4
32,1491,0.0004748908615624936,4
32,1492,0.00040372797593057896,4
32,1493,0.00030321657020426773,4
32,1494,0.0005475928674751329,4
32,1495,0.0003785819502004628,4
32,1496,0.00045792001768851787,4
32,1497,0.0004208803455850729,4
32,1498,0.0004127805613589608,4
32,1499,0.00045920270538990504,5
32,1500,0.0005986882024384688,8
32,1501,0.000503213967841587,4
32,1502,0.0008687103618153502,4
32,1503,0.0003371347728600149,4
32,1504,0.0002980776660876927,4
32,1505,0.0007177367389732403,4
32,1506,0.0007712814830616033,6
32,1507,0.0006416272203388917,5
32,1508,0.0006744174024155836,5
32,1509,0.00041297862643252525,4
32,1510,0.0005251932790767411,4
32,1511,0.0009110058218186889,4
32,1512,0.0005338736875638572,5
32,1513,0.0006007592605120626,4
32,1514,0.0004890445725584947,4
32,1515,0.0008376235362929085,4
32,1516,0.0008572869266180727,7
32,1517,0.0004459414137243378,4
32,1518,0.0006336014417137603,4
32,1519,0.00047761164404513945,4
32,1520,0.0007008780128490155,6
32,1521,0.0003372185927223992,5
32,1522,0.0005706417192655744,5
32,1523,0.00044407630512433016,4
32,1524,0.0005990614462602073,4
32,1525,0.0007090456138924006,4
32,1526,0.00037894544110694817,4
32,1527,0.00041032269858087833,4
32,1528,0.0006290204803992006,5
32,1529,0.0008539956456073972,4
32,1530,0.0005963746276822501,4
32,1531,0.0005609883435050422,4
32,1532,0.00048370944812781147,4
32,1533,0.0004483413201675779,4
32,1534,0.0007606741971060149,8
32,1535,0.0004974532085284533,4
32,1536,0.0006782591742743316,4
32,1537,0.0005497187476873888,4
32,1538,0.001129283601754849,4
32,1539,0.000680288642129323,4
32,1540,0.000746645166693316,4
32,1541,0.0007437824177639607,4
32,1542,0.0010469619895653315,4
32,1543,0.0006609355722207999,4
32,1544,0.0006088040016825058,4
32,1545,0.0008884250351559597,4
32,1546,0.0006145762005870248,4
32,1547,0.0007547864330328391,6
32,1548,0.0005641278610878375,4
32,1549,0.0009447764074801412,4
32,1550,0.0008641023092631483,4
32,1551,0.00038262926589516244,4
32,1552,0.00044404129609332266,4
32,1553,0.0008591680342916463,4
32,1554,0.00082855864075837,6
32,1555,0.00041396368551371854,4
32,1556,0.00039767778740462667,4
32,1557,0.0007720395021185156,4
32,1558,0.0006122784848401897,5
32,1559,0.0006711328875693701,4
32,1560,0.0003578523017867541,4
32,1561,0.0006799561601300574,4
32,1562,0.0005202967868926378,4
32,1563,0.00035281721333890737,4
32,1564,0.0005033850805820084,4
32,1565,0.0004899032135191606,4
32,1566,0.0007509456619847477,4
32,1567,0.0004136461463434271,4
32,1568,0.00037606946594981316,4
32,1569,0.0005117870095494581,4
32,1570,0.0005081978031342693,4
32,1571,0.0006627722742199027,4
32,1572,0.0005932511389993289,4
32,1573,0.0005286094291141463,4
32,1574,0.00026276305744266093,4
32,1575,0.0008381751724779729,7
32,1576,0.0005027625647706646,4
32,1577,0.0006201925334851643,5
32,1578,0.0005812068462157094,4
32,1579,0.000827319483291511,8
32,1580,0.000891754207126394,4
32,1581,0.0004945855030421553,4
32,1582,0.0005766587342050933,4
32,1583,0.0006339087202097415,7
32,1584,0.0006516291942939567,4
32,1585,0.00046249385298025025,4
32,1586,0.0008137600238082854,4
32,1587,0.0005802534266076131,4
32,1588,0.0004288959221937505,4
32,1589,0.0006484602361694902,10
32,1590,0.000595688774471359,7
32,1591,0.0005839297366384555,4
32,1592,0.000433258665022751,4
32,1593,0.00068179515867961,4
32,1594,0.0011272870218080877,4
32,1595,0.0003605575494773916,4
32,1596,0.0005261235347507887,4
32,1597,0.0006039107338839944,6
32,1598,0.0007576162263922548,5
32,1599,0.0008879830468461747,4
32,1600,0.000816902528792629,5
32,1601,0.000955998797413149,4
32,1602,0.0004904114926889136,4
32,1603,0.0007877298131450106,6
32,1604,0.0006437972518626989,4
32,1605,0.0005901236783952823,5
32,1606,0.00043184977331578445,4
32,1607,0.0006882267642110973,4
32,1608,0.0006305964048735069,4
32,1609,0.0009051290243877186,8
32,1610,0.0005701568076044161,4
32,1611,0.00040257668157128723,4
32,1612,0.00045829436758909603,4
32,1613,0.0003167309889542391,4
32,1614,0.0007355187842872368,4
32,1615,0.0007092276193392255,4
32,1616,0.0007476436082273219,4
32,1617,0.0007707639974606773,4
32,1618,0.00046446023180091167,4
32,1619,0.0005178695203594819,4
32,1620,0.0006810438621501769,4
32,1621,0.00045062792587702294,4
32,1622,0.0005632451414272488,4
32,1623,0.0007254869445892931,4
32,1624,0.0006170032728474162,4
32,1625,0.0007790026762053426,4
32,1626,0.000527870448784995,4
32,1627,0.0004016136168301099,5
32,1628,0.0008112244515275924,4
32,1629,0.000627233694548146,4
32,1630,0.00043638148836178114,4
32,1631,0.0005617122584139489,4
32,1632,0.0005845515693303494,5
32,1633,0.0005761844187294196,4
32,1634,0.000807569372909267,4
32,1635,0.0005683370795974696,4
32,1636,0.0010351252249382603,6
32,1637,0.0004867879148655607,5
32,1638,0.0005313766584705837,6
32,1639,0.0003696766985018529,4
32,1640,0.0002405319868550304,4
32,1641,0.0003854155716751517,4
32,1642,0.0002884470424128205,4
32,1643,0.0003569294583181115,4
32,1644,0.0005446974262499626,5
32,1645,0.0006825298175556771,4
32,1646,0.0005873110182077479,4
32,1647,0.00047510128612093805,6
32,1648,0.0008034752129526535,4
32,1649,0.0006729017642679302,4
32,1650,0.0005971964313862266,4
32,1651,0.0007099142876140219,4
32,1652,0.0004293870668434785,5
32,1653,0.0005904229517790238,4
32,1654,0.0005932976983096805,4
32,1655,0.0004177396763660468,6
32,1656,0.0008024042246008722,4
32,1657,0.0005358495210313619,4
32,1658,0.00036334805034521356,4
32,1659,0.00046645135336542687,4
32,1660,0.000953444127365477,11
32,1661,0.0005519759816265402,4
32,1662,0.0005600880410154829,6
32,1663,0.0004942237915015468,4
32,1664,0.0005553368371470357,5
32,1665,0.0006916660900601057,4
32,1666,0.0005386062555262638,4
32,1667,0.00044973024771066683,4
32,1668,0.0006570495027540257,4
32,1669,0.0007802530440846889,4
32,1670,0.0009064638473396114,4
32,1671,0.0012083631158672503,4
32,1672,0.0007754634095454849,4
32,1673,0.0007135898817246522,4
32,1674,0.00028897675687455937,4
32,1675,0.0004853454591600137,4
32,1676,0.0006793825701361111,4
32,1677,0.0005095898980576052,4
32,1678,0.0004110119505742471,4
32,1679,0.0006252992305947336,5
32,1680,0.0004310479903791853,4
32,1681,0.0005569401672487206,4
32,1682,0.0005923312128219838,6
32,1683,0.0004358153115415764,5
32,1684,0.0004258128857900223,4
32,1685,0.0007149445358082263,4
32,1686,0.0008292073351188201,4
32,1687,0.0005327715527938537,4
32,1688,0.0005772574756388593,5
32,1689,0.0007226884903773212,4
32,1690,0.0006419257748373486,4
32,1691,0.000637691777444882,6
32,1692,0.0005591364648281916,5
32,1693,0.0006877414990317243,7
32,1694,0.0009167520437581844,5
32,1695,0.0005803589144669496,4
32,1696,0.0004102947283425584,5
32,1697,0.0003744309320191652,5
32,1698,0.0006497938913049284,4
32,1699,0.0007468641173723478,10
32,1700,0.0006006857560310053,4
32,1701,0.0005437895087700984,4
32,1702,0.0007111632892435882,4
32,1703,0.0005899032853489139,4
32,1704,0.0009297993640443591,4
32,1705,0.0006926520327550367,4
32,1706,0.00038321709833444295,4
32,1707,0.0005049958202834048,4
32,1708,0.000376106516551844,4
32,1709,0.0004351370697348589,4
32,1710,0.0006020978076852757,4
32,1711,0.0005913601811012859,4
32,1712,0.0004247593952437789,4
32,1713,0.0003511561387649076,4
32,1714,0.000548865686594957,5
32,1715,0.0008141619589773219,7
32,1716,0.0005355576322984001,4
32,1717,0.0005762300575206103,4
32,1718,0.0009447148717250387,4
32,1719,0.0006980549226328625,4
32,1720,0.0006107531110393083,4
32,1721,0.0003873271090453212,4
32,1722,0.0004708291658394037,6
32,1723,0.0003645512989128852,4
32,1724,0.0006381361006141395,5
32,1725,0.000852164926068294,5
32,1726,0.0006195073717600863,4
32,1727,0.00048594746830243896,4
32,1728,0.0004921227653620353,4
32,1729,0.0006844983747200661,4
32,1730,0.0004213727112694632,4
32,1731,0.0007896308040470368,4
32,1732,0.00046294607907115815,4
32,1733,0.00044922918049439264,4
32,1734,0.00032756001534151036,4
32,1735,0.000520636514149575,4
32,1736,0.0005282987540551343,4
32,1737,0.00048103787006170684,4
32,1738,0.0007415638907120048,4
32,1739,0.000894731402466209,7
32,1740,0.0005324858485579731,4
32,1741,0.0006072684437882225,5
32,1742,0.0006738990031623926,4
32,1743,0.0008990001713087281,4
32,1744,0.0006513193687508467,4
32,1745,0.0005333620250820292,4
32,1746,0.0004845079619414383,5
32,1747,0.00043990023663642575,4
32,1748,0.0007995950384551143,4
32,1749,0.0008440240927707343,4
32,1750,0.00033636085999599885,4
32,1751,0.0005171444005885872,4
32,1752,0.0003720389720454076,4
32,1753,0.0007122730817777922,6
32,1754,0.0005683054435469681,4
32,1755,0.00037571573915684553,5
32,1756,0.0004526194415748197,6
32,1757,0.0004160214922352967,4
32,1758,0.0006269157739220432,4
32,1759,0.0005109216129580707,4
32,1760,0.0007664714462384259,4
32,1761,0.0004585561181060793,4
32,1762,0.000708063375092105,4
32,1763,0.00046779315982070635,4
32,1764,0.0010891727587675204,7
32,1765,0.0005620332366399472,4
32,1766,0.0004064126930464207,4
32,1767,0.0004684805129900882,4
32,1768,0.0004643873304677193,4
32,1769,0.0005172229165302245,4
32,1770,0.0003090893121669991,5
32,1771,0.0005977692624116182,4
32,1772,0.0008679383864484969,4
32,1773,0.0009391997404338825,4
32,1774,0.0004189003563859206,7
32,1775,0.0004103347566838389,4
32,1776,0.0005938340220895677,4
32,1777,0.0005545809591942508,4
32,1778,0.0005836014799862621,4
32,1779,0.0006676062697565932,4
32,1780,0.000849436413693172,4
32,1781,0.0008779786500232589,7
32,1782,0.00041864185844608937,4
32,1783,0.0003760243465119606,4
32,1784,0.0005006051722680205,4
32,1785,0.0008386844413590389,8
32,1786,0.0007768392005026437,4
32,1787,0.0006470174553001584,4
32,1788,0.0005181123606916582,4
32,1789,0.0005307653328878725,4
32,1790,0.000574947847190449,5
32,1791,0.0004897577413285337,5
32,1792,0.00047130331599154474,6
32,1793,0.0010074029442724841,4
32,1794,0.0003815697894863357,6
32,1795,0.0006574868853723714,4
32,1796,0.0005211564811905545,4
32,1797,0.000613141314896648,4
32,1798,0.0005456819202102059,4
32,1799,0.0007488267178999974,4
32,1800,0.0010094758287173544,4
32,1801,0.0005727947782830922,4
32,1802,0.000555967033561866,4
32,1803,0.0012175127406234276,4
32,1804,0.00037231531222048364,4
32,1805,0.00027246673138703326,4
32,1806,0.0005608744864519233,4
32,1807,0.0006399457439568712,4
32,1808,0.00041831291604443877,4
32,1809,0.0009173054149989035,7
32,1810,0.0005347289731120197,5
32,1811,0.00045242620303243,4
32,1812,0.0005666467664298125,5
32,1813,0.0004044359512660467,4
32,1814,0.00036388932403108587,4
32,1815,0.0007395063017082704,4
32,1816,0.0005352248035040974,5
32,1817,0.000628356916193229,4
32,1818,0.0005163698417086637,5
32,1819,0.00038468379721434687,4
32,1820,0.0003040439057574451,4
32,1821,0.000385320257287769,4
32,1822,0.000469086003628133,5
32,1823,0.0004346647149537919,4
32,1824,0.00048713167422986814,4
32,1825,0.0005086266092805269,4
32,1826,0.0004588640346319117,4
32,1827,0.0005142051457931451,4
32,1828,0.0008349929481376028,4
32,1829,0.0008137557116878469,4
32,1830,0.0006256209435040461,4
32,1831,0.0004771830161285351,4
32,1832,0.0006946717443996331,4
32,1833,0.0006060848876946467,4
32,1834,0.0007634503954545568,10
32,1835,0.00037211676645232394,4
32,1836,0.000636524674641259,5
32,1837,0.0007596893824317608,4
32,1838,0.0005602969871956187,4
32,1839,0.0009174746980483706,4
32,1840,0.0006733163693608546,4
32,1841,0.0005873709799302795,5
32,1842,0.0007301206901968449,8
32,1843,0.0004786137472758689,4
32,1844,0.0005961706370605224,6
32,1845,0.0008235383202673807,4
32,1846,0.0004686042029601323,4
32,1847,0.00044527588209131164,5
32,1848,0.0007665382041258662,4
32,1849,0.0007863871220347152,4
32,1850,0.0006163134222525457,6
32,1851,0.000652577769979179,5
32,1852,0.0004581429079484334,4
32,1853,0.0006742674364769163,4
32,1854,0.0006175693428879248,4
32,1855,0.0005766167919121767,4
32,1856,0.0005039498158835309,4
32,1857,0.0007214680161208298,6
32,1858,0.0004574858446351193,4
32,1859,0.0005046325848645505,4
32,1860,0.0005905830448021954,6
32,1861,0.0006613282645094865,4
32,1862,0.0004018772713432206,4
32,1863,0.0006378430889352193,4
32,1864,0.000417088082299677,4
32,1865,0.0008816656922761013,4
32,1866,0.00042988728218695815,4
32,1867,0.00035758399932089846,4
32,1868,0.0007686577512407977,4
32,1869,0.00025421617446030886,4
32,1870,0.00044551378294777066,4
32,1871,0.0005618590645717347,6
32,1872,0.0005238497117681096,4
32,1873,0.0008198745564128584,5
32,1874,0.0006158053419694776,4
32,1875,0.000606826011734507,4
32,1876,0.00048060346339862114,4
32,1877,0.0005669017977640856,6
32,1878,0.0006472578311045862,4
32,1879,0.00033366106232957105,4
32,1880,0.0004827848991560968,4
32,1881,0.0005845644841170339,4
32,1882,0.0007142235826176346,12
32,1883,0.0007098057610072095,4
32,1884,0.00047111023129731144,4
32,1885,0.0005735393880949013,4
32,1886,0.000603920269856284,4
32,1887,0.00045144639066196923,4
32,1888,0.0004376143733259008,5
32,1889,0.00036009219429899986,4
32,1890,0.0007515371200582655,4
32,1891,0.00038929407876908684,4
32,1892,0.0005311646308243656,5
32,1893,0.0005768283512186945,4
32,1894,0.0005900822917913606,4
32,1895,0.0006917284974911064,4
32,1896,0.0008199556884715964,4
32,1897,0.0008098676618907286,4
32,1898,0.0006535349435986548,4
32,1899,0.0005310052519665875,4
32,1900,0.0007977105546065899,6
32,1901,0.0008699256330145233,6
32,1902,0.000519415225302744,5
32,1903,0.0008494685774080302,9
32,1904,0.0006578758386691641,4
32,1905,0.0004035678451400626,5
32,1906,0.0007158990682955002,4
32,1907,0.0006000725626782444,4
32,1908,0.000621428982033323,4
32,1909,0.0007446195150456747,4
32,1910,0.0005441203226279612,4
32,1911,0.00032680249710370646,4
32,1912,0.00040075499846115026,4
32,1913,0.00047179040405209705,4
32,1914,0.00040486945299800237,4
32,1915,0.0005561511141357611,4
32,1916,0.0006117996720209629,4
32,1917,0.0003611932181272204,4
32,1918,0.0006063305039784028,4
32,1919,0.0004845766283245734,4
32,1920,0.0002459363044247098,4
32,1921,0.0005908737198010439,4
32,1922,0.00046551438067399253,4
32,1923,0.0005434097559779971,4
32,1924,0.0008322082297467226,6
32,1925,0.00038592809717852283,4
32,1926,0.0006817917781699601,4
32,1927,0.0009606440294456786,4
32,1928,0.0003455167997330477,4
32,1929,0.0005752623890326047,4
32,1930,0.0002961111292001384,4
32,1931,0.0005866471761439285,4
32,1932,0.0005025248775049618,4
32,1933,0.0008885681664470013,4
32,1934,0.00047306790732515314,4
32,1935,0.0002238033458141775,4
32,1936,0.0006004852785168602,4
32,1937,0.0005007851342705427,4
32,1938,0.0005881954806585821,4
32,1939,0.0004643815442673116,4
32,1940,0.0005999175374118426,4
32,1941,0.0008365935711447114,5
32,1942,0.0006328155349254461,4
32,1943,0.00056315798852416,5
32,1944,0.000504653381518394,4
32,1945,0.0007916171080718515,4
32,1946,0.000623334626580152,4
32,1947,0.000654733296800436,4
32,1948,0.0005656638223587862,4
32,1949,0.0006276877960089688,5
32,1950,0.0006410195780774952,4
32,1951,0.0006714522594767347,6
32,1952,0.0006463712167674718,4
32,1953,0.000543728700582502,4
32,1954,0.0004338279768842934,4
32,1955,0.0005394816296474536,4
32,1956,0.00046816468636612374,4
32,1957,0.000618990388296603,4
32,1958,0.00042948982313317785,4
32,1959,0.0007427507106639863,4
32,1960,0.0004113559593206251,4
32,1961,0.0006944092628341503,4
32,1962,0.0003878186923899074,4
32,1963,0.0004018432803380989,4
32,1964,0.000567211231468967,4
32,1965,0.0005194113744650952,4
32,1966,0.0006583376120893325,5
32,1967,0.0003660853426282751,4
32,1968,0.0005830597414462346,4
32,1969,0.0005595144080639824,5
32,1970,0.0005755634155155676,4
32,1971,0.00033089576893535755,4
32,1972,0.0004951226364876549,5
32,1973,0.0008311062865204999,7
32,1974,0.0006644160711348768,4
32,1975,0.0008132149431265834,5
32,1976,0.0008704917512166177,10
32,1977,0.0006607409552984445,4
32,1978,0.0005920243378564338,4
32,1979,0.0003241547135272027,4
32,1980,0.0006469090154613277,4
32,1981,0.0004325454565785314,5
32,1982,0.0004364139365875541,4
32,1983,0.0004279105407583028,4
32,1984,0.0005067571857670927,4
32,1985,0.0010393501636273839,4
32,1986,0.0007140820111267709,9
32,1987,0.00027917567206969807,4
32,1988,0.0006847347629534983,7
32,1989,0.0005595739506005781,4
32,1990,0.000533580209050033,4
32,1991,0.00039276578625896397,4
32,1992,0.0006407968126231345,7
32,1993,0.0007596921102608345,4
32,1994,0.0006310600915425679,7
32,1995,0.0006189373778536789,4
32,1996,0.0005271406856481309,4
32,1997,0.0008095346251791868,4
32,1998,0.0005197123899159939,4
32,1999,0.0005502845488173369,4
32,2000,0.0004183304661680154,4
32,2001,0.00026768068427424074,4
32,2002,0.000873633774333249,10
32,2003,0.000462126105976457,4
32,2004,0.00032343648966870475,4
32,2005,0.000722220360565351,9
32,2006,0.0004757365313016182,4
32,2007,0.0008004325229380438,4
32,2008,0.0004931232879125114,4
32,2009,0.0007139125672637192,4
32,2010,0.0005749173963410792,4
32,2011,0.0005739189172028758,4
32,2012,0.0005444433582349473,4
32,2013,0.0006250952577590008,4
32,2014,0.0006222026728379682,4
32,2015,0.0005037570318652262,4
32,2016,0.0004588167996535941,4
32,2017,0.0005525066086233821,4
32,2018,0.0005007709375598468,4
32,2019,0.00039037379166617647,4
32,2020,0.0006067457877059201,4
32,2021,0.00038184319416112444,4
32,2022,0.0009905934289554663,10
32,2023,0.0006856802285065133,4
32,2024,0.0009038240249945595,4
32,2025,0.0006235959202154362,6
32,2026,0.0005036491353652695,4
32,2027,0.0007798981572169073,4
32,2028,0.0005200446894095268,4
32,2029,0.00044600974313990793,4
32,2030,0.0005361593930481856,4
32,2031,0.0005206821411921636,4
32,2032,0.0005279807447672868,4
32,2033,0.0006376436953422493,4
32,2034,0.000587670126655393,4
32,2035,0.00018077266828925298,4
32,2036,0.0004892270440780555,5
32,2037,0.0005172312508693877,4
32,2038,0.0006051240419499004,7
32,2039,0.0009921570065599683,7
32,2040,0.0006110828456578066,4
32,2041,0.00040485498717157675,4
32,2042,0.00034042379652565735,4
32,2043,0.0007381561141339699,4
32,2044,0.0007788842029440302,4
32,2045,0.0007710774975335788,4
32,2046,0.0005108721317603759,4
32,2047,0.0006165005918806754,7
32,2048,0.0006668338409762109,4
32,2049,0.0007847214193993368,5
32,2050,0.0004174098738111143,4
32,2051,0.0006779311321860604,4
32,2052,0.0005482980619048172,4
32,2053,0.00048364222425378856,5
32,2054,0.0006645330221376478,4
32,2055,0.0007794022524120203,4
32,2056,0.00022113936161105574,4
32,2057,0.0008124887072888942,4
32,2058,0.0005090873396526308,6
32,2059,0.00040130183000719466,4
32,2060,0.0005187707389517904,4
32,2061,0.0005911723734839391,4
32,2062,0.000670122141512075,4
32,2063,0.0007286308173202194,6
32,2064,0.0003232242022447318,4
32,2065,0.00039428993021051184,4
32,2066,0.0005595964124001096,4
32,2067,0.0007119063078097065,4
32,2068,0.0005466504757776214,4
32,2069,0.000672076357462914,4
32,2070,0.00058558597100411,4
32,2071,0.0005580112538816628,4
32,2072,0.0005085059858104257,5
32,2073,0.0005026851116660125,4
32,2074,0.0006677516387338933,5
32,2075,0.0006426097277654197,4
32,2076,0.00038357030129382297,4
32,2077,0.0005388035327150709,4
32,2078,0.0008286954097881383,9
32,2079,0.0005750006542757924,4
32,2080,0.0008388177910881867,4
32,2081,0.0011292746779691387,8
32,2082,0.0004923874063239575,4
32,2083,0.000346096366761639,4
32,2084,0.0003169674422965896,4
32,2085,0.0006814979089097006,4
32,2086,0.00043192487014798164,5
32,2087,0.0007066739197788274,6
32,2088,0.0005548891186079041,4
32,2089,0.0004524016509176443,4
32,2090,0.0005621769914981867,4
32,2091,0.0005618129516561376,4
32,2092,0.0004509560879888408,4
32,2093,0.0003241531483059168,4
32,2094,0.00042955278894896143,4
32,2095,0.0005234787485259851,4
32,2096,0.00041323174897966997,4
32,2097,0.0008691962403317988,5
32,2098,0.0005917218506326094,6
32,2099,0.000603173124911538,4
32,2100,0.0005350718584913317,5
32,2101,0.0008087645922382203,6
32,2102,0.0005587122928373267,5
32,2103,0.0008695416130493072,10
32,2104,0.0003669624643798386,4
32,2105,0.0005442379139335429,7
32,2106,0.0005741852985944873,7
32,2107,0.0005608865551343101,5
32,2108,0.0009659099843459806,4
32,2109,0.00044280243505301353,4
32,2110,0.0005386231923835139,4
32,2111,0.00037873660063569847,4
32,2112,0.0004984736881994412,4
32,2113,0.00053428075968176,5
32,2114,0.000679384746741396,4
32,2115,0.0004910316918620428,4
32,2116,0.0007338468746096449,4
32,2117,0.0006225111621684931,4
32,2118,0.0007202378229589357,4
32,2119,0.0003686104421761205,4
32,2120,0.000517138522764693,4
32,2121,0.0007433409604264973,4
32,2122,0.000594248768939154,4
32,2123,0.0007371463841636117,4
32,2124,0.0005028260189948175,6
32,2125,0.0003825108253315834,5
32,2126,0.0004741193018189538,5
32,2127,0.0005377123541004947,4
32,2128,0.0005154268016985819,4
32,2129,0.0003042075855093085,4
32,2130,0.0005268870350551014,4
32,2131,0.00046178035237887105,4
32,2132,0.0008729269481454471,4
32,2133,0.0005880729665446727,4
32,2134,0.00036276848700333986,4
32,2135,0.0006523215243555702,4
32,2136,0.00044675559682927357,5
32,2137,0.0006921779758766733,4
32,2138,0.000520590948364652,4
32,2139,0.0007173870755271539,4
32,2140,0.0004113856359633239,4
32,2141,0.0008152732674298058,4
32,2142,0.0005056081736758422,4
32,2143,0.0008603884319043908,4
32,2144,0.0003968866505811297,4
32,2145,0.00042740543943475817,4
32,2146,0.0008827625006100903,6
32,2147,0.00057743244134556,4
32,2148,0.000633965379036594,6
32,2149,0.0005422565176543825,4
32,2150,0.0007319656307137601,4
32,2151,0.00044644563618817523,4
32,2152,0.000619878510824845,4
32,2153,0.0003663686712594427,4
32,2154,0.0005696361337836908,4
32,2155,0.0003736257850907032,4
32,2156,0.0007475340908834616,6
32,2157,0.0005280432931772383,4
32,2158,0.00042076264938972763,4
32,2159,0.0008674416249228045,5
32,2160,0.0005931775313731125,5
32,2161,0.0004977282163238783,4
32,2162,0.0003269075752743156,4
32,2163,0.000535463480303533,5
32,2164,0.0006388299081836468,4
32,2165,0.0004484103747685042,4
32,2166,0.0010393549585437922,4
32,2167,0.0003604341158702784,4
32,2168,0.0005154726955672317,4
32,2169,0.0005354995078175051,4
32,2170,0.00044547324616206474,4
32,2171,0.0007065793601348513,4
32,2172,0.0005445675112747406,4
32,2173,0.0007473609491257527,9
32,2174,0.0006741605511798587,4
32,2175,0.0006732380915788205,5
32,2176,0.0009511444539118674,4
32,2177,0.00032550272261533397,4
32,2178,0.0007985700891559588,4
32,2179,0.0007971040921718187,7
32,2180,0.0009818040672927575,4
32,2181,0.0005378047238455697,6
32,2182,0.00078933346534793,4
32,2183,0.0006905980772656806,9
32,2184,0.0006220728251483121,4
32,2185,0.0006448101984051213,4
32,2186,0.0006853053838847822,4
32,2187,0.0004913478694124618,6
32,2188,0.0008782456921884174,8
32,2189,0.0007725613048511493,4
32,2190,0.00041966937394988246,4
32,2191,0.0005135106583341598,4
32,2192,0.0006131906530446596,4
32,2193,0.0005934455592433441,4
32,2194,0.00032022556441957395,4
32,2195,0.0004928058609955377,4
32,2196,0.0005510533685071928,5
32,2197,0.0007807707022434995,6
32,2198,0.0004868450956314607,6
32,2199,0.00048127247116636074,4
32,2200,0.0007188419011839864,4
32,2201,0.0008552534857620975,4
32,2202,0.00028927874811068843,4
32,2203,0.00035301730415182586,4
32,2204,0.0006188149514341768,4
32,2205,0.000938927807384915,4
32,2206,0.0007103407968946374,4
32,2207,0.0006529442208345615,6
32,2208,0.00031159750123255225,4
32,2209,0.0004625175090635647,4
32,2210,0.00037105229547984564,4
32,2211,0.0005508142890847667,4
32,2212,0.00040893810106945594,4
32,2213,0.000722283369443355,4
32,2214,0.0005124114632516497,5
32,2215,0.0006422990759625824,4
32,2216,0.0008432502126646257,5
32,2217,0.0004530441126738838,4
32,2218,0.0005583235663433328,4
32,2219,0.0005289444044147551,4
32,2220,0.0007729925248548541,4
32,2221,0.0005383175889498437,6
32,2222,0.000752921677713958,4
32,2223,0.00040516277529356604,5
32,2224,0.0006004783753990051,4
32,2225,0.0005666510945467051,5
32,2226,0.0006373406947675075,4
32,2227,0.0005481585258201305,4
32,2228,0.00033236089279120584,4
32,2229,0.0003146007435108067,4
32,2230,0.00041015701229907275,4
32,2231,0.0007683164373095686,4
32,2232,0.0003066901222501528,4
32,2233,0.00030362246896642464,4
32,2234,0.0006568311837437113,4
32,2235,0.0006557077793820643,4
32,2236,0.0005804304442641461,5
32,2237,0.0002717682794188825,4
32,2238,0.0003834570985846719,4
32,2239,0.0006069585049233162,4
32,2240,0.00038839715258132124,4
32,2241,0.0007178197778715534,4
32,2242,0.0006220767557710283,4
32,2243,0.0002416698785284721,4
32,2244,0.0006756412556407909,7
32,2245,0.0003865024053056887,4
32,2246,0.000450562164826529,4
32,2247,0.0007857942007765129,5
32,2248,0.0004234921724747265,4
32,2249,0.00042382562600884466,4
32,2250,0.0008764195605219793,8
32,2251,0.0008203620528497435,4
32,2252,0.00047506408458941607,4
32,2253,0.000712312217720168,4
32,2254,0.0005488155675298367,4
32,2255,0.0005903646825051734,4
32,2256,0.00038809545818341284,4
32,2257,0.0006069919772032639,4
32,2258,0.0006308422366647637,5
32,2259,0.0004433215448034211,4
32,2260,0.000714404817906078,4
32,2261,0.0004744232268648618,4
32,2262,0.0005039295300779401,8
32,2263,0.0005259664433432398,7
32,2264,0.0006450737977584664,4
32,2265,0.00046222521574401654,4
32,2266,0.0007320795179711626,6
32,2267,0.0006791337231497607,4
32,2268,0.0005487938540755799,4
32,2269,0.0003870045747089712,5
32,2270,0.00037677753733911246,5
32,2271,0.0003689445936204683,4
32,2272,0.0005707336573430588,5
32,2273,0.0007194022310107462,4
32,2274,0.0005627235675733644,5
32,2275,0.00027513241563553725,4
32,2276,0.0004934292870764079,4
32,2277,0.0003947264608723522,5
32,2278,0.0004437647898342112,4
32,2279,0.0006497651540028349,4
32,2280,0.0007657849461131794,6
32,2281,0.000562551653332799,4
32,2282,0.0005373183432909601,4
32,2283,0.0006977016108148382,4
32,2284,0.00046934550119526186,5
32,2285,0.0004813153918914459,4
32,2286,0.0005708645028664749,5
32,2287,0.0004205706379255547,4
32,2288,0.000383877791959919,4
32,2289,0.0003346181649402924,4
32,2290,0.0005330516911450367,5
32,2291,0.0004205209068316451,4
32,2292,0.0005795478086509931,4
32,2293,0.000820184608887442,4
32,2294,0.0003972678557293552,4
32,2295,0.0005546660060320452,4
32,2296,0.0005241184883517935,5
32,2297,0.0003109218808335923,4
32,2298,0.0004350461440746356,4
32,2299,0.0005725973905864601,4
32,2300,0.0005265919463943725,4
32,2301,0.0005799305374851738,4
32,2302,0.0006691412632452987,5
32,2303,0.0008727324791750757,4
32,2304,0.00028353415927667713,4
32,2305,0.0004932467127032325,4
32,2306,0.0006102575533284971,4
32,2307,0.000469253959316851,4
32,2308,0.00045799676652941157,4
32,2309,0.0006103320982385196,6
32,2310,0.0010350753120290657,4
32,2311,0.0006998208613957502,4
32,2312,0.0008310603084513701,11
32,2313,0.0005848082846725555,4
32,2314,0.000525857200027513,4
32,2315,0.0004728454422381345,4
32,2316,0.00043920740641989475,4
32,2317,0.0007123915389097846,4
32,2318,0.0006423043957928254,4
32,2319,0.0007312021522392631,5
32,2320,0.0006298813442998652,4
32,2321,0.0005658924372066165,4
32,2322,0.0009218952542552339,4
32,2323,0.00041334119585129114,4
32,2324,0.0006793043411953414,6
32,2325,0.0006664060844771003,4
32,2326,0.0003718323659589462,4
32,2327,0.0005143871228684427,4
32,2328,0.0005136306707094196,5
32,2329,0.0007913985958107883,5
32,2330,0.0004821226955777913,5
32,2331,0.00047530912808735337,4
32,2332,0.0004708675385588501,4
32,2333,0.00046088863384496914,4
32,2334,0.0006808990483700983,9
32,2335,0.0008909544238727141,9
32,2336,0.0003280628865648949,4
32,2337,0.00042251182006280974,4
32,2338,0.0006739691594873642,4
32,2339,0.0006550629073290848,4
32,2340,0.0004899645824629761,4
32,2341,0.0005786986789625415,5
32,2342,0.0006613324662121389,4
32,2343,0.0005906104440245308,5
32,2344,0.0006194893631388254,4
32,2345,0.0006152432110945738,4
32,2346,0.0003879132308000077,4
32,2347,0.0005006805759592003,4
32,2348,0.0006818392345739888,7
32,2349,0.0003877479779220705,4
32,2350,0.0007150964020966599,5
32,2351,0.0009492812395778261,4
32,2352,0.00037849410598400635,4
32,2353,0.0004773423207706795,5
32,2354,0.0007979351054361317,4
32,2355,0.0008326715060695822,4
32,2356,0.0006194192425386102,6
32,2357,0.0006542175063530276,4
32,2358,0.0005277020560208179,4
32,2359,0.0007504813168832114,4
32,2360,0.0005445942650456059,4
32,2361,0.0006516501396541807,4
32,2362,0.00019653217935866607,4
32,2363,0.0005889010546163975,4
32,2364,0.0006471469622856274,4
32,2365,0.0005049450362706875,4
32,2366,0.00039866385663533954,4
32,2367,0.0006051684760879361,4
32,2368,0.00039706696924790563,4
32,2369,0.0007001947626034122,4
32,2370,0.0004570933532035415,4
32,2371,0.0008286188923918303,4
32,2372,0.0003506863133996285,4
32,2373,0.0005672858662418845,4
32,2374,0.0006776508467705167,6
32,2375,0.0006096482338524556,4
32,2376,0.0005023101874022107,4
32,2377,0.0005515689838956339,4
32,2378,0.00035286632028597165,4
32,2379,0.0005346917266410012,4
32,2380,0.0006192491293864899,4
32,2381,0.0003938367096525952,4
32,2382,0.0002988026107731967,4
32,2383,0.0008625082469254086,9
32,2384,0.0007139959053191758,4
32,2385,0.00035416326814319277,5
32,2386,0.0005717960301339642,5
32,2387,0.0006299044223910255,6
32,2388,0.0006832396822206155,4
32,2389,0.0006107852900655297,4
32,2390,0.0005162042040519621,4
32,2391,0.0005747167267375064,5
32,2392,0.0005432986837206055,4
32,2393,0.0007518590410829917,4
32,2394,0.0005708121630451091,4
32,2395,0.00044720163343270336,4
32,2396,0.0007391962199525537,4
32,2397,0.000614637527024342,4
32,2398,0.0008782278550039102,7
32,2399,0.0006572829417651471,4
32,2400,0.0006164944812175888,4
32,2401,0.0005887015892563352,6
32,2402,0.0005540688489983348,4
32,2403,0.0007504710934287395,4
32,2404,0.0006136640150848915,4
32,2405,0.0002990500403279861,4
32,2406,0.0004087706039244132,4
32,2407,0.00036860528034277085,4
32,2408,0.00033816851535750647,4
32,2409,0.0007343822755756513,4
32,2410,0.0005117970067468613,4
32,2411,0.0005619650899738593,4
32,2412,0.0005645479966734923,4
32,2413,0.0005290396679985543,4
32,2414,0.0007518185453232462,5
32,2415,0.0007181333184724248,4
32,2416,0.0006519277586989336,5
32,2417,0.0005302589915177069,4
32,2418,0.00046326940712249076,4
32,2419,0.0006406229630872562,4
32,2420,0.0007463607768105618,11
32,2421,0.0004395459251460565,5
32,2422,0.0005573262025840853,5
32,2423,0.00042750353408915753,4
32,2424,0.0005466952301634853,4
32,2425,0.0004890086500717872,4
32,2426,0.000529014463913513,4
32,2427,0.0007405692513298145,4
32,2428,0.0006215546723650212,6
32,2429,0.00046041576747435364,4
32,2430,0.000493686267685256,4
32,2431,0.000806863348317477,4
32,2432,0.0008991507777453833,8
32,2433,0.0006355861062547485,5
32,2434,0.0006543645044270185,4
32,2435,0.0004056173942241781,4
32,2436,0.0005101844344035378,4
32,2437,0.0008222139074695045,4
32,2438,0.0006988714387655692,4
32,2439,0.0006902705994248359,4
32,2440,0.0006692164363213404,4
32,2441,0.000420390810979554,4
32,2442,0.0007507383100475717,5
32,2443,0.0005581234380264144,4
32,2444,0.0005456574284948279,4
32,2445,0.0004275686407465562,4
32,2446,0.0005674182534252115,4
32,2447,0.00044111604831120754,4
32,2448,0.0004922363104496452,4
32,2449,0.0005494899139349974,4
32,2450,0.000815975186672091,9
32,2451,0.0004173566850700361,4
32,2452,0.0003801698524054098,4
32,2453,0.00047460559379941536,4
32,2454,0.0008116256086440621,6
32,2455,0.00048228617198609047,4
32,2456,0.0006767250836977601,5
32,2457,0.0008366389404663721,4
32,2458,0.0005669330092489266,4
32,2459,0.001123998290266326,5
32,2460,0.0007043157981737602,4
32,2461,0.0008588901788015857,4
32,2462,0.00038066734308639383,4
32,2463,0.0005875273853028773,6
32,2464,0.0006282331964468924,6
32,2465,0.0005540702250774743,4
32,2466,0.0007686516788780462,7
32,2467,0.0009289663460487763,4
32,2468,0.0004711489974904559,4
32,2469,0.0004351958640065323,4
32,2470,0.0006968463400788272,4
32,2471,0.001101322525730808,4
32,2472,0.00044184910643962905,4
32,2473,0.0005255226751149644,4
32,2474,0.0005712635026311474,4
32,2475,0.0005631288508560761,4
32,2476,0.0003135610909478226,4
32,2477,0.0007453442723777126,5
32,2478,0.0006499343682392356,4
32,2479,0.0004364555184946939,4
32,2480,0.0006583166649494765,4
32,2481,0.0003884130477171954,6
32,2482,0.0005234013556388861,6
32,2483,0.0005224882009409737,4
32,2484,0.00028495419799678956,4
32,2485,0.0004601016712357797,4
32,2486,0.0005513073229838072,4
32,2487,0.0006098078612729596,4
32,2488,0.0006256360589260712,4
32,2489,0.00038445944576759317,5
32,2490,0.0004912676181142439,4
32,2491,0.0003730559411450063,4
32,2492,0.0003779788516394822,4
32,2493,0.0008772537539969288,12
32,2494,0.0006742636245118394,4
32,2495,0.0006170930948302678,4
32,2496,0.0004116307624366655,4
32,2497,0.0006134672779544159,4
32,2498,0.0005090833938937722,4
32,2499,0.0003397978628142395,4
32,2500,0.0004360341928782985,4
64,1,0.0007970283679529233,6
64,2,0.0007982501664923758,6
64,3,0.0008236102127472389,6
64,4,0.0009614847462643961,6
64,5,0.0008538312271748616,6
64,6,0.0007409336152850443,7
64,7,0.0009610065839257276,6
64,8,0.0006787815604966108,6
64,9,0.0008951709320494938,6
64,10,0.0009300980923044877,6
64,11,0.00040734259821573193,6
64,12,0.0009015132912456592,7
64,13,0.0009809124513642242,13
64,14,0.0014413342825549957,10
64,15,0.0008478114471917042,7
64,16,0.0005057572250374287,6
64,17,0.0011175620510738837,6
64,18,0.0006469553731666133,6
64,19,0.001242062320110704,6
64,20,0.0009643848802478594,6
64,21,0.0005951747439326693,6
64,22,0.0011408817809287486,13
64,23,0.0006616267982521018,6
64,24,0.0010025187049007567,7
64,25,0.0009182176470707293,10
64,26,0.0007998095047535569,7
64,27,0.0012240946693076182,6
64,28,0.001006407668629028,9
64,29,0.0008861278999643396,11
64,30,0.0006783134442587269,6
64,31,0.0005704631887635259,7
64,32,0.0007257760640814181,6
64,33,0.0007228735659833285,6
64,34,0.00037392161864890916,6
64,35,0.000638305178326859,7
64,36,0.0010742465101093446,11
64,37,0.0008671907009520918,12
64,38,0.0012061564507082068,6
64,39,0.0009442246136102117,6
64,40,0.0006658685524553176,6
64,41,0.0006229712086541772,6
64,42,0.0009844026017064023,6
64,43,0.0006664843664231368,6
64,44,0.0007237041414877021,6
64,45,0.0010179344451366479,6
64,46,0.0007653772688400728,7
64,47,0.0014588449458914354,7
64,48,0.00126718348342314,6
64,49,0.0007947142940486762,6
64,50,0.00049119364434147,6
64,51,0.0012405296221040807,6
64,52,0.0016222373965466552,9
64,53,0.0011692847517169591,6
64,54,0.0009016196585346359,6
64,55,0.0008896230518182779,6
64,56,0.0010061111169515913,6
64,57,0.00109513629768479,11
64,58,0.00115108431683153,6
64,59,0.0012922273310654875,6
64,60,0.0005205280198462559,6
64,61,0.0014992173316134005,6
64,62,0.0010611622716759639,6
64,63,0.0010560053350364695,9
64,64,0.0008030017906890119,7
64,65,0.00079645979529408,6
64,66,0.0010652930300684704,6
64,67,0.0014802453697318474,8
64,68,0.0011789205547092507,9
64,69,0.0007328839678583665,6
64,70,0.0006516182111809821,6
64,71,0.0013954979650748767,6
64,72,0.0007782475169257896,6
64,73,0.0006295087062920812,6
64,74,0.0008827636449295628,6
64,75,0.0007063631314760954,6
64,76,0.0013384052224003629,6
64,77,0.0010987189264747566,8
64,78,0.0008879945283620794,6
64,79,0.0007330046468498885,6
64,80,0.0010083168367638895,10
64,81,0.001384718880284741,10
64,82,0.0006470919542971298,7
64,83,0.0006711365239052691,6
64,84,0.0011738635406821074,6
64,85,0.00047179084221216083,6
64,86,0.0008451991373550349,6
64,87,0.0007903109989162438,7
64,88,0.0010275756816523485,6
64,89,0.0010604951871269197,6
64,90,0.0006388204782107332,7
64,91,0.0012742335354559153,6
64,92,0.0007823221106272316,6
64,93,0.0005109880283908907,6
64,94,0.0008683289791081572,6
64,95,0.0013561398425196436,6
64,96,0.0011471755194515931,10
64,97,0.0010692210900228316,6
64,98,0.0008690226477646723,6
64,99,0.0009102363516431122,7
64,100,0.000666658925651098,6
64,101,0.0014327414635250113,6
64,102,0.0006541086024707266,7
64,103,0.0007315966499871207,6
64,104,0.0010523724163241654,6
64,105,0.001245317672711077,7
64,106,0.0011012192947195132,6
64,107,0.001076084436569813,11
64,108,0.0011499544219205626,10
64,109,0.0008666208772357686,6
64,110,0.0008652222825441258,6
64,111,0.0010064954032384943,6
64,112,0.00046429057442720634,6
64,113,0.0012191917857683476,9
64,114,0.0010421186656721648,6
64,115,0.001526865833424984,6
64,116,0.0007907252629321126,7
64,117,0.0008580503115755977,6
64,118,0.0011996617191318837,7
64,119,0.0007745887243114646,6
64,120,0.0008351430526935821,6
64,121,0.0009969824071590638,6
64,122,0.0004049057172237358,7
64,123,0.0005579563728865256,6
64,124,0.000822633373588344,6
64,125,0.0008305438589529812,8
64,126,0.000915707014745748,6
64,127,0.0013204297998643533,6
64,128,0.0012050537908602221,9
64,129,0.0011286900111731057,6
64,130,0.0015263505203311212,6
64,131,0.0009244334147116007,7
64,132,0.0006993640635278853,6
64,133,0.0008608489189630975,6
64,134,0.001154662748802382,6
64,135,0.0011139684976855246,6
64,136,0.0008090734119486909,6
64,137,0.0007665582350727673,6
64,138,0.0006492854983417562,6
64,139,0.0012056047133872094,6
64,140,0.0009817455354012017,6
64,141,0.0007656027705553736,6
64,142,0.0006715029707717868,6
64,143,0.0013522368146454689,6
64,144,0.0010413057227306455,9
64,145,0.001113969938468684,6
64,146,0.0007095220652970635,6
64,147,0.0009770898551642038,7
64,148,0.001231016621976555,12
64,149,0.0012132258943383656,7
64,150,0.0009926314653787571,6
64,151,0.0009066709670325634,6
64,152,0.0008548029980177674,6
64,153,0.0011036203538228317,6
64,154,0.0010285355030965615,6
64,155,0.000809861714357929,6
64,156,0.0008646316261817777,7
64,157,0.0008686109500123385,6
64,158,0.0006621178752553025,7
64,159,0.0005765785790260436,6
64,160,0.0009415973180943449,6
64,161,0.0005988329377325519,6
64,162,0.001117584189099241,8
64,163,0.0008236843983215891,6
64,164,0.0009267811242494872,6
64,165,0.0010997406672158538,10
64,166,0.000651509613626422,6
64,167,0.0011836361108437665,8
64,168,0.000909060440420939,11
64,169,0.0010330798044245193,6
64,170,0.0008314031319058834,7
64,171,0.0005841121252806447,6
64,172,0.0011577094322126058,6
64,173,0.000749747746411844,6
64,174,0.0008439077649254889,6
64,175,0.0009570353192589476,7
64,176,0.0010726087448924004,6
64,177,0.0007995134635986334,6
64,178,0.0010906842181522824,9
64,179,0.0008416965821711475,8
64,180,0.001061042819014646,10
64,181,0.000682400611257572,6
64,182,0.0011249396625805375,6
64,183,0.0007287858446523576,8
64,184,0.0008038730005550665,6
64,185,0.0011069909015142265,6
64,186,0.0011360438967935593,6
64,187,0.0011868196277957654,9
64,188,0.00048611321644620453,6
64,189,0.0008721037367157014,6
64,190,0.0005688835045090102,6
64,191,0.0007442843930235421,7
64,192,0.0007997615681133441,7
64,193,0.0007921471979822625,6
64,194,0.0006336294954297772,6
64,195,0.0009421877380904609,6
64,196,0.0007086632260779879,7
64,197,0.0009212499122853712,14
64,198,0.0007051210422339693,6
64,199,0.0009701827909820437,7
64,200,0.001237807163935345,19
64,201,0.0006471297474743842,6
64,202,0.0010397051983557226,13
64,203,0.0007853677850042096,6
64,204,0.0007431501670411844,6
64,205,0.0012695583048909498,12
64,206,0.0007100725571015376,6
64,207,0.0012750086663155802,6
64,208,0.001017396766705314,6
64,209,0.00163903489302053,21
64,210,0.0007368204939169343,6
64,211,0.0010054485542084768,7
64,212,0.0005676660677618184,6
64,213,0.0007430457041196492,6
64,214,0.0010436758134186874,6
64,215,0.0007676653561812241,6
64,216,0.0010903591443872651,6
64,217,0.0012430495827923105,6
64,218,0.000994370480433826,6
64,219,0.000744176412239006,6
64,220,0.0011619495980550454,7
64,221,0.0007320447253820195,6
64,222,0.0009222601169888156,6
64,223,0.0010802137058338879,6
64,224,0.000766337102232173,6
64,225,0.0011388364780388072,6
64,226,0.0011806253873356543,11
64,227,0.0007996212136377467,6
64,228,0.0015225181017756162,11
64,229,0.0009968525800694295,8
64,230,0.0007167043060801737,6
64,231,0.0014540268367089215,9
64,232,0.001234146516749468,6
64,233,0.000754936667589412,6
64,234,0.000846970020980331,6
64,235,0.0009095495551625365,7
64,236,0.00099209092906416,6
64,237,0.0007573860761429518,8
64,238,0.0005996809213166809,6
64,239,0.0009479708436070933,6
64,240,0.0010970196453508607,8
64,241,0.0008531425687854921,6
64,242,0.0007626430582616806,6
64,243,0.0009492068809474619,9
64,244,0.0006907615976843307,6
64,245,0.00092313930051513,6
64,246,0.0008825995226627859,6
64,247,0.0009474513731528855,6
64,248,0.0007580546106632502,6
64,249,0.0009141902433051907,6
64,250,0.0005353486977477395,6
64,251,0.0006749250687833053,6
64,252,0.0012425318853219736,7
64,253,0.000883947801096352,6
64,254,0.00101304518096057,6
64,255,0.0005827430847308301,6
64,256,0.0006180254512901662,7
64,257,0.0007682364413203469,6
64,258,0.0008710879793412118,6
64,259,0.0009263491265204538,8
64,260,0.0012397189378083873,8
64,261,0.0013198205831377319,11
64,262,0.0008190306847929429,6
64,263,0.0005962355995454693,7
64,264,0.0007861988878111459,6
64,265,0.0009867157233565127,6
64,266,0.0006107199177310951,6
64,267,0.0011145411604385203,8
64,268,0.0006453684784306635,6
64,269,0.0013956297451629407,7
64,270,0.0008821993212526635,6
64,271,0.0006189791887605822,6
64,272,0.0008575047711320005,6
64,273,0.0008284483337925863,7
64,274,0.0008063783979528338,7
64,275,0.000699028867882312,6
64,276,0.0005865959693717171,6
64,277,0.0007802820850457692,6
64,278,0.0006267721389143777,6
64,279,0.0009671176172051377,6
64,280,0.0007683298356797041,6
64,281,0.0005781195772515124,6
64,282,0.0013864269788175232,19
64,283,0.000968336592176211,6
64,284,0.0009802032116454362,7
64,285,0.000889820445483136,9
64,286,0.0008977225100501585,6
64,287,0.0009357950733976383,10
64,288,0.0004958330082984741,6
64,289,0.0009568886426931655,6
64,290,0.0009092622788670068,8
64,291,0.001589812062392948,6
64,292,0.0009006758598671394,6
64,293,0.0010389999135187178,8
64,294,0.0013544827638715673,6
64,295,0.0008812156936017779,6
64,296,0.0009441890112709128,7
64,297,0.0007915691201887398,6
64,298,0.0009461107232294763,6
64,299,0.000751233463754164,6
64,300,0.0011535256621181822,6
64,301,0.0006516057767725902,6
64,302,0.0008599643246521849,6
64,303,0.0008078308602924578,6
64,304,0.0011600980334175448,8
64,305,0.0006843694194294536,6
64,306,0.0009985771519309683,6
64,307,0.001224547291965472,14
64,308,0.0006920873260819471,6
64,309,0.0007681454623542638,6
64,310,0.0006587537075417038,7
64,311,0.0008899945287713651,6
64,312,0.0011211518408450472,6
64,313,0.0007884081966938461,7
64,314,0.0014352605918582229,6
64,315,0.0005260971382238799,6
64,316,0.0008512868954179131,8
64,317,0.0014181981326829574,11
64,318,0.0010655551472113778,7
64,319,0.0014432679302851525,6
64,320,0.0008395917264358843,6
64,321,0.000980680125087452,10
64,322,0.0013366864329634742,7
64,323,0.0007580180492929856,7
64,324,0.0008315994543828253,6
64,325,0.0006082572549086507,6
64,326,0.0006274874203208158,6
64,327,0.0008892005190813679,6
64,328,0.0014390966946921102,6
64,329,0.0007118179272662117,7
64,330,0.0010866519380733353,6
64,331,0.0007163887179071349,6
64,332,0.0005728252777027487,6
64,333,0.0007632737730904893,6
64,334,0.0010448486997108875,6
64,335,0.0011073745637403265,9
64,336,0.0008321479257249464,6
64,337,0.0008366785756617201,8
64,338,0.0010266597617047957,6
64,339,0.0010501432913954112,12
64,340,0.0008771510535080518,6
64,341,0.000736723809068196,7
64,342,0.0015453018302183374,12
64,343,0.0008100690737586902,7
64,344,0.0010247625115240577,9
64,345,0.0009885215528032676,8
64,346,0.001007026046888071,6
64,347,0.0007229181782323346,6
64,348,0.0009420367133433638,8
64,349,0.0010145900843432365,6
64,350,0.0009761164180082105,8
64,351,0.0003979195166187166,7
64,352,0.0011191017249361224,11
64,353,0.001678184139138339,6
64,354,0.0007726380229927665,9
64,355,0.000740020022822363,6
64,356,0.0009290217940443046,6
64,357,0.0009968957486110597,6
64,358,0.0010782989290669676,6
64,359,0.001354998224072701,9
64,360,0.0007617654569737065,8
64,361,0.000952125097642198,6
64,362,0.0006943024882631321,7
64,363,0.0006769091369669411,6
64,364,0.0016033474127981062,6
64,365,0.0009034108229096782,6
64,366,0.0004704660041302544,6
64,367,0.0006468499537666261,7
64,368,0.0008195416367939856,6
64,369,0.000751528634537979,7
64,370,0.0005593561687302628,7
64,371,0.000586666572784611,6
64,372,0.0007240287569072468,6
64,373,0.0007431259662410983,6
64,374,0.0007521412737474531,6
64,375,0.0015696615624783972,7
64,376,0.0006605994197194653,6
64,377,0.0008156843723778895,6
64,378,0.0005985751192811306,7
64,379,0.0008109079288091126,6
64,380,0.0005587946062630689,7
64,381,0.0006004220756276046,6
64,382,0.0007756766914339686,7
64,383,0.001248802966920981,6
64,384,0.001101271482763455,11
64,385,0.0013355117057335386,9
64,386,0.0008177042791479572,8
64,387,0.000869612778680251,6
64,388,0.000727421793055516,6
64,389,0.0010581825638450448,9
64,390,0.0011308922512234254,9
64,391,0.0009292304933036233,8
64,392,0.0016629958647933485,6
64,393,0.0009602283316229587,6
64,394,0.0009290089159588177,6
64,395,0.0004913605221650297,6
64,396,0.0012342139921902584,8
64,397,0.0007973732740456096,6
64,398,0.0009364032472741757,6
64,399,0.0011382156495496343,6
64,400,0.0011184022858106435,8
64,401,0.0010311113365786273,6
64,402,0.0011281568807941789,6
64,403,0.0007144043329876393,6
64,404,0.0007994399991438916,6
64,405,0.0006120143435399683,7
64,406,0.0009777105875548031,10
64,407,0.0009172372571709664,6
64,408,0.0008330082158475305,8
64,409,0.00104033440797624,8
64,410,0.0010054271358110878,8
64,411,0.0008761935324201331,6
64,412,0.0008703475508345937,9
64,413,0.0008044677218188578,9
64,414,0.000595559371297516,6
64,415,0.0007382505669653594,6
64,416,0.0010233579373974955,6
64,417,0.0008748229187778844,6
64,418,0.0008435996210494068,6
64,419,0.0005097530322798471,6
64,420,0.0012706440377716621,6
64,421,0.0008668177002980615,12
64,422,0.0006193839926466049,6
64,423,0.001222568286174397,11
64,424,0.0008255954195582893,6
64,425,0.0009978668037284588,6
64,426,0.0007023978335596315,6
64,427,0.0010736043981396381,6
64,428,0.0007781523628189735,6
64,429,0.0008698084613307233,6
64,430,0.0009395989872617028,7
64,431,0.0009933513507146552,6
64,432,0.0007992021268510285,6
64,433,0.0006935998774989516,6
64,434,0.0004757967741760849,6
64,435,0.0011751398216476305,9
64,436,0.0008446833217571337,6
64,437,0.0005757975754382416,6
64,438,0.0006914133397584177,8
64,439,0.0008665650803000025,6
64,440,0.001037403744800991,11
64,441,0.0011464880815538203,6
64,442,0.0010073014475175945,6
64,443,0.000826765835407639,7
64,444,0.0010869109673242727,7
64,445,0.000623207142981308,6
64,446,0.00064208074429839,6
64,447,0.0008304398601791663,6
64,448,0.0012467045739784632,11
64,449,0.0009906583829404347,10
64,450,0.0008882507798552153,6
64,451,0.0007545713380427976,6
64,452,0.0009453719543836003,6
64,453,0.000971974235149109,6
64,454,0.0008456447386426813,6
64,455,0.0005250095011242184,6
64,456,0.0010291266759285822,6
64,457,0.0005854770526124708,6
64,458,0.0009610656849935451,6
64,459,0.0007829860024433088,8
64,460,0.001038042868075073,6
64,461,0.0010961735111294502,6
64,462,0.001128416847217928,10
64,463,0.0008004663297680459,6
64,464,0.0009163608367873666,6
64,465,0.0012642407199959793,6
64,466,0.0007261227003058091,6
64,467,0.0010184446477095044,6
64,468,0.0012852400329920743,6
64,469,0.0006949614030121176,6
64,470,0.0013400970985758542,12
64,471,0.0009944768448033603,6
64,472,0.000847973834818716,6
64,473,0.0011146682317658696,6
64,474,0.0006530423117969697,6
64,475,0.0013651356337021081,6
64,476,0.0005585299381785647,6
64,477,0.0005383486805385918,6
64,478,0.0007225597696213226,6
64,479,0.0015340685074545224,6
64,480,0.0008350055521549882,6
64,481,0.0008096966514197224,6
64,482,0.0008921727223389908,6
64,483,0.0011528060137048213,6
64,484,0.000635230857014002,6
64,485,0.001084454608168639,6
64,486,0.001330280810681761,6
64,487,0.000699331332762565,7
64,488,0.0006087602612013798,6
64,489,0.0010218460579139999,8
64,490,0.0007236731791744611,6
64,491,0.0006633340521814413,6
64,492,0.0009819304753644342,10
64,493,0.000825092058336141,6
64,494,0.0010026008572888157,9
64,495,0.0007995724184532982,6
64,496,0.0009464117970440222,6
64,497,0.0015030778488155372,6
64,498,0.0006163962289433833,6
64,499,0.0009759311725356934,6
64,500,0.0007935871475072132,10
64,501,0.0005923190188568128,6
64,502,0.00100848816861987,7
64,503,0.0010989042491507117,6
64,504,0.001319928945538562,6
64,505,0.000980652539883442,6
64,506,0.0009623811735021137,6
64,507,0.0009654025817497636,6
64,508,0.0008766181795604178,7
64,509,0.0010693395996118626,8
64,510,0.0010674892051779628,7
64,511,0.0007727140626139217,6
64,512,0.0011507109607504784,9
64,513,0.0007595090394539872,7
64,514,0.0007710353376838563,6
64,515,0.0009268091283257673,6
64,516,0.0007408163992835837,8
64,517,0.0006378262941220125,6
64,518,0.0009649003779678145,6
64,519,0.0010096940754408257,11
64,520,0.0010741381517375692,6
64,521,0.0011376267540198493,6
64,522,0.00055434144997768,6
64,523,0.0012958976861533467,6
64,524,0.0006630216105049103,7
64,525,0.0012091610588231827,6
64,526,0.0011490820264275226,6
64,527,0.0009377504022208827,11
64,528,0.0011248088172780557,6
64,529,0.0005683984307484069,7
64,530,0.0010379397275710467,6
64,531,0.0008064606800811669,6
64,532,0.0007414658110042049,7
64,533,0.0009835739986787662,6
64,534,0.000989570469078882,6
64,535,0.0007428456960653085,6
64,536,0.0009478997266608724,6
64,537,0.0007326551101520806,6
64,538,0.0007268108328500333,6
64,539,0.000689850807163328,7
64,540,0.0009368337887576961,7
64,541,0.001332927572250675,9
64,542,0.0010188652920015695,7
64,543,0.0009145342361521758,6
64,544,0.0005119830702293715,6
64,545,0.001036052304381252,8
64,546,0.0011802136627679372,9
64,547,0.0011138211108385754,6
64,548,0.0010884622833322588,6
64,549,0.000720872809855666,7
64,550,0.0013084794044263548,10
64,551,0.0006250470001888386,6
64,552,0.0009303669133107206,6
64,553,0.0006944784073714683,9
64,554,0.0008162798355144107,6
64,555,0.0006413830969856926,6
64,556,0.0006011263303556946,6
64,557,0.0008271713636298639,9
64,558,0.00046715331168520335,6
64,559,0.000599656565220319,6
64,560,0.0009421051257215707,7
64,561,0.001238189570431536,6
64,562,0.0007783969470603891,6
64,563,0.0010302793274845623,12
64,564,0.0012311348083247076,6
64,565,0.0006081666099462257,6
64,566,0.0010965572723409256,6
64,567,0.0007819326408005645,6
64,568,0.0010519123343452896,6
64,569,0.0008510877812546447,10
64,570,0.0007670577657595823,8
64,571,0.0006758808918463366,8
64,572,0.0009717162123733525,6
64,573,0.0006160858412266323,6
64,574,0.0010364189811141733,6
64,575,0.0008216556443854661,6
64,576,0.0006453504302735835,6
64,577,0.001167977493787109,6
64,578,0.0003989903460452915,6
64,579,0.0010620660848937868,6
64,580,0.0005677237988012118,7
64,581,0.0011325660757718903,6
64,582,0.0007855860401068115,7
64,583,0.0009678284634559442,6
64,584,0.0010066559096100214,7
64,585,0.0009151650279717316,6
64,586,0.001007494076029708,6
64,587,0.0006584683883370523,6
64,588,0.001026756009132268,8
64,589,0.0010526365047641706,7
64,590,0.0010753276454034122,6
64,591,0.0006352742732709249,6
64,592,0.0007566466553859952,7
64,593,0.0013045326746264352,6
64,594,0.0011099623667348568,6
64,595,0.000779798955056199,6
64,596,0.0007232111636263916,6
64,597,0.0007674963739264795,6
64,598,0.0009708917670990802,8
64,599,0.0008534372269155543,6
64,600,0.0009428074375569251,9
64,601,0.0008549098695217472,6
64,602,0.000831635952676546,6
64,603,0.000960517255143456,6
64,604,0.0007901948208015597,6
64,605,0.0009402580896891166,6
64,606,0.0015151388659117027,6
64,607,0.0012255824168193596,7
64,608,0.0007355168016128788,6
64,609,0.000888178723319144,6
64,610,0.0014846916541274569,13
64,611,0.0008413559102002921,6
64,612,0.0005533813554832179,6
64,613,0.0012622987704586919,6
64,614,0.0010564875532106388,6
64,615,0.000562948066219704,6
64,616,0.000927025812266502,7
64,617,0.001005004976323054,6
64,618,0.0008480005836808413,6
64,619,0.000862373415718487,6
64,620,0.0016192854403720425,10
64,621,0.0009988145967242401,6
64,622,0.0007543590724977678,7
64,623,0.000849829481078368,9
64,624,0.0007914427338945318,7
64,625,0.0012625486184957846,10
64,626,0.0007598383749823912,7
64,627,0.0006254453732968956,7
64,628,0.0007518032741217207,8
64,629,0.0006889181626021923,6
64,630,0.0011389142270114005,6
64,631,0.0008145724625197026,6
64,632,0.0011580511500977053,6
64,633,0.0014571999897160515,6
64,634,0.0006713833157866445,7
64,635,0.0008423155137828875,6
64,636,0.0005665431725708769,6
64,637,0.000658973572855881,6
64,638,0.0014243615625235684,15
64,639,0.0010161965846042786,6
64,640,0.0006712053529689399,8
64,641,0.0005108139444239823,6
64,642,0.001118607842876762,6
64,643,0.000811023226944485,8
64,644,0.0009136212493799367,6
64,645,0.0009648326202367219,7
64,646,0.0009461850583842857,7
64,647,0.0012572794467925474,6
64,648,0.0006834332823220102,6
64,649,0.0008774294079936518,6
64,650,0.0008388808941777182,6
64,651,0.0006565442417524325,6
64,652,0.001958638745683361,6
64,653,0.0011329695681155938,6
64,654,0.0011711804046110608,9
64,655,0.0007914887291858852,7
64,656,0.0010242003848915382,6
64,657,0.0007296468284406776,6
64,658,0.0004895267250264457,6
64,659,0.0004626144792103659,6
64,660,0.0008553878192257836,6
64,661,0.0009197775135603159,9
64,662,0.0008262142018112817,6
64,663,0.0008610158279553637,6
64,664,0.0011624694136044278,8
64,665,0.0006442903416414292,6
64,666,0.0004137201453401351,6
64,667,0.00039705939204448537,6
64,668,0.001435886098777206,6
64,669,0.0006052713614966843,6
64,670,0.0010961315793810433,6
64,671,0.0014347277066300013,9
64,672,0.0010174231885596852,11
64,673,0.0008819110853984791,6
64,674,0.000958988430681873,6
64,675,0.001270643397337956,6
64,676,0.0009215310997643666,7
64,677,0.000886937796118592,6
64,678,0.0009230002782776303,9
64,679,0.0007166481637458921,9
64,680,0.0013972038762241068,7
64,681,0.0009680911948034554,6
64,682,0.0007815473029859632,6
64,683,0.001294058539805576,13
64,684,0.0008155829519816971,6
64,685,0.0008461209995202501,6
64,686,0.001300850785254104,6
64,687,0.0006538351174592005,6
64,688,0.0014269025056966311,6
64,689,0.0005997821263680203,6
64,690,0.0012701234052654442,6
64,691,0.0008609679271814885,7
64,692,0.001102651882726402,6
64,693,0.0011832042839405865,10
64,694,0.0009768079242520045,6
64,695,0.0007910605475124344,7
64,696,0.0008571187157752624,6
64,697,0.001457019492778433,6
64,698,0.001038333336100039,6
64,699,0.0009616476605719126,6
64,700,0.0008560597227199596,6
64,701,0.0010675146136664426,10
64,702,0.0006935913986826359,6
64,703,0.0011010799523805126,9
64,704,0.0011214175378123636,6
64,705,0.0011823189306570114,6
64,706,0.0007809101951605779,7
64,707,0.0009607207106759885,6
64,708,0.0005775581870055557,6
64,709,0.0010876942464177475,6
64,710,0.0010695652874124217,6
64,711,0.0010085469244236478,6
64,712,0.0005539731648326329,6
64,713,0.0008711274811725733,6
64,714,0.0006955315525792871,6
64,715,0.0007329684286181415,6
64,716,0.0005922033780336733,6
64,717,0.0009861898054405183,6
64,718,0.0005264091904544355,6
64,719,0.0008412934352284296,6
64,720,0.0013510917619309337,6
64,721,0.0010060803715224997,9
64,722,0.0017155681168050108,12
64,723,0.0006540415365444696,6
64,724,0.0009140287926191759,6
64,725,0.0008228402823724501,9
64,726,0.000857252396816055,8
64,727,0.0008449222537026957,6
64,728,0.0011295941396737286,10
64,729,0.0010833144975031517,7
64,730,0.0010351667006253118,6
64,731,0.0009694135198216047,6
64,732,0.0006291417672220079,9
64,733,0.0006717377502213073,7
64,734,0.0005812325640611737,6
64,735,0.0006893325116706928,6
64,736,0.0006721078133893332,6
64,737,0.0008326069844445394,8
64,738,0.0009350976912470554,6
64,739,0.0007049074927140131,6
64,740,0.0010504037816804201,6
64,741,0.0012691656755076108,6
64,742,0.0010426614675210222,6
64,743,0.0009661367067390625,6
64,744,0.0009683319230121556,9
64,745,0.0016692060631519068,6
64,746,0.001287869868939473,8
64,747,0.0010983710498085886,9
64,748,0.0009531587211206172,6
64,749,0.0010262983796348601,6
64,750,0.0009831815516170295,14
64,751,0.0007067394740902788,6
64,752,0.0013522784672737043,9
64,753,0.0009665806798268561,7
64,754,0.0009143363014486594,6
64,755,0.0009263158720667075,6
64,756,0.0005456524218263592,6
64,757,0.001124714990121345,6
64,758,0.0008188310074643546,6
64,759,0.0007053661460703076,6
64,760,0.0005660948414043521,7
64,761,0.0011014582455333155,9
64,762,0.0007356028538157977,6
64,763,0.0011668799876597413,12
64,764,0.0007195552484940415,6
64,765,0.0009343902959619843,7
64,766,0.0009477140024093389,6
64,767,0.0008863677494413968,6
64,768,0.0007715939913921499,6
64,769,0.0009520891025168732,8
64,770,0.00082657645419415,6
64,771,0.000784956630836553,6
64,772,0.0013188070646644179,6
64,773,0.0007866763663471055,6
64,774,0.0012713538785469325,6
64,775,0.000763101690105461,6
64,776,0.000906273595088547,6
64,777,0.0008535645630596833,6
64,778,0.0011668341663432225,10
64,779,0.00043090273302159865,6
64,780,0.0010551302542725072,6
64,781,0.0013370593529965502,8
64,782,0.0008388089649582486,6
64,783,0.0015268183720815731,6
64,784,0.001047275042601048,9
64,785,0.000936351898473603,6
64,786,0.0011745401026916902,9
64,787,0.0010853620561411814,6
64,788,0.0011006005122782547,11
64,789,0.00069082183060587,6
64,790,0.0010301434466299941,6
64,791,0.0012433493068971235,6
64,792,0.0010666492260295035,6
64,793,0.0008757473437499552,6
64,794,0.0008167138220837034,6
64,795,0.0010549446510096372,6
64,796,0.0013921594122000558,6
64,797,0.0010312257666264257,6
64,798,0.0011588349583735447,7
64,799,0.0012507370710662657,6
64,800,0.0005234213575767699,6
64,801,0.0013831350667232734,6
64,802,0.0006995938246687761,6
64,803,0.0013175320697352833,6
64,804,0.0008392301689851278,7
64,805,0.001269757122810966,9
64,806,0.0006293910919251688,6
64,807,0.0011819049645779844,6
64,808,0.0007069244503482564,6
64,809,0.0009440662559377921,12
64,810,0.0013231586167393727,6
64,811,0.0008673734434339053,6
64,812,0.0008932417942847937,6
64,813,0.0011554335185013642,6
64,814,0.0007634972785689476,6
64,815,0.0009314707232764841,8
64,816,0.000666709423567835,6
64,817,0.0010084816550670617,6
64,818,0.0009004607804877496,7
64,819,0.0007482780738801154,7
64,820,0.0006851629203291076,7
64,821,0.0007366158301583825,9
64,822,0.0013862804797084571,6
64,823,0.0008700476006977265,6
64,824,0.0005486402473290353,6
64,825,0.0007462067369387593,6
64,826,0.0006000776611778669,6
64,827,0.0008979313852958692,8
64,828,0.0005655310217238529,6
64,829,0.0009923435890024646,6
64,830,0.0008153054494736134,6
64,831,0.001350312351124483,13
64,832,0.001012528133978341,8
64,833,0.0005350237170183014,6
64,834,0.0006331341801055768,6
64,835,0.001079769304681899,7
64,836,0.0010318479268777159,6
64,837,0.001043757272243373,7
64,838,0.0006037242880395643,6
64,839,0.0014967615896519515,6
64,840,0.0010207570498952934,10
64,841,0.0009634739047320595,6
64,842,0.0012520261276200984,6
64,843,0.0008911249513781361,6
64,844,0.0008179471990692466,9
64,845,0.0010364059077849763,7
64,846,0.0011545280660126833,9
64,847,0.000902490343672846,6
64,848,0.0010154964067972116,6
64,849,0.0008745450562679946,7
64,850,0.00106803980669401,9
64,851,0.0009559914864829544,6
64,852,0.0009254689374005309,7
64,853,0.0008623819141891642,7
64,854,0.0008070029697836434,7
64,855,0.001235429464064075,6
64,856,0.0008717606320183258,6
64,857,0.0011983504770822773,6
64,858,0.0007978178285660831,6
64,859,0.0008067743237606395,6
64,860,0.0010414650597385666,6
64,861,0.0007725938892487738,6
64,862,0.0010751118586701525,11
64,863,0.000599877437748586,6
64,864,0.0009862843135719501,7
64,865,0.0004993092662726184,6
64,866,0.000877475693596641,6
64,867,0.0007630595588035138,6
64,868,0.0012189118548428524,9
64,869,0.0008724758746533334,6
64,870,0.0007864696509416458,7
64,871,0.0008118692764859103,6
64,872,0.0012274657341347917,6
64,873,0.0012855443314314652,6
64,874,0.0009577707623560361,6
64,875,0.0005447197450431096,6
64,876,0.0006896650266586812,6
64,877,0.0013903037416691522,6
64,878,0.0007024178677287329,9
64,879,0.0009163450140960983,6
64,880,0.0008160382384565512,6
64,881,0.0009078665053257051,6
64,882,0.0008819992221494877,6
64,883,0.0010231848069138794,8
64,884,0.000721083696542224,6
64,885,0.0007847539969438877,6
64,886,0.0007409222430881934,7
64,887,0.0011711837637993217,7
64,888,0.0010113121702556294,6
64,889,0.0007427778755539904,6
64,890,0.0007513886769455747,6
64,891,0.0006096406282530831,6
64,892,0.0009167430652892161,6
64,893,0.0007751427616699003,6
64,894,0.0007194803567086572,7
64,895,0.0007761273173041427,6
64,896,0.0012460994151940186,6
64,897,0.0006175884513197616,6
64,898,0.00103349990589241,6
64,899,0.0009533014387847483,6
64,900,0.0009277606121651516,6
64,901,0.0004713464349277441,6
64,902,0.0009460633603164403,6
64,903,0.0009792159607874273,7
64,904,0.0008253453036320968,8
64,905,0.0010740067998940561,6
64,906,0.0004211544466822259,6
64,907,0.0009724929394442916,6
64,908,0.001336036085074488,10
64,909,0.0009127479411094042,6
64,910,0.0009716066798746703,7
64,911,0.0010399472530896459,8
64,912,0.001335329579282507,10
64,913,0.0006500574959009686,6
64,914,0.0010593621465470049,8
64,915,0.0011507390128879247,7
64,916,0.0007802787079924656,7
64,917,0.0010000772242997336,8
64,918,0.0009656646861837537,6
64,919,0.0009448508614317008,7
64,920,0.0004803760231635035,6
64,921,0.0011392912939965916,6
64,922,0.0012107746795161356,9
64,923,0.0011487693880712357,15
64,924,0.0006269486263994484,6
64,925,0.0015171457784486364,10
64,926,0.0008926852314432576,11
64,927,0.0006186353859313487,6
64,928,0.0007948437048858059,6
64,929,0.0012712476149473462,6
64,930,0.0012980361838920151,11
64,931,0.0007815539286856188,6
64,932,0.0012106016038356537,6
64,933,0.000710351985647617,6
64,934,0.000750632344226454,6
64,935,0.0010718572800004766,8
64,936,0.0010105267870283985,6
64,937,0.0010414788954810628,6
64,938,0.001156643825614645,10
64,939,0.0009656305484231908,6
64,940,0.001005754821994942,6
64,941,0.0009512667929894025,6
64,942,0.0012191000473955604,6
64,943,0.0009319141988181068,12
64,944,0.0008423051045374219,6
64,945,0.0009380098108477952,6
64,946,0.0013852099900142356,6
64,947,0.0009176329579768661,10
64,948,0.0014584059806158622,6
64,949,0.0015118320001290542,6
64,950,0.0008105940362130859,6
64,951,0.001362082431965339,6
64,952,0.0008099329021606927,7
64,953,0.0013969881847508692,6
64,954,0.0010549110234148174,6
64,955,0.0010130266179658731,6
64,956,0.001053009678862571,6
64,957,0.0012848516955886735,9
64,958,0.0010608938901089382,6
64,959,0.0009204890001747179,6
64,960,0.0012616357377446263,7
64,961,0.0009973950498143314,7
64,962,0.0006426517940898435,6
64,963,0.0010810701706865933,10
64,964,0.000740755129556181,7
64,965,0.001072927541183516,6
64,966,0.0006513585524693388,7
64,967,0.0009787134306895595,6
64,968,0.0007090516695414939,6
64,969,0.0007992721889286125,6
64,970,0.0007363241931461761,6
64,971,0.0007213222700067634,6
64,972,0.0006763053487834902,6
64,973,0.0012181244283800963,9
64,974,0.0005429324040812089,6
64,975,0.000586476229112981,6
64,976,0.000801081562321948,7
64,977,0.000876873882785234,7
64,978,0.0009769355000288638,6
64,979,0.0006155048127408635,6
64,980,0.000594398608439517,6
64,981,0.001302121585167737,6
64,982,0.0009941403686780648,6
64,983,0.0013926981843058739,6
64,984,0.0008460637674985172,6
64,985,0.000844177668850421,6
64,986,0.0009336196155014242,9
64,987,0.0009830634637367774,6
64,988,0.001213139066809088,7
64,989,0.000574374633204533,6
64,990,0.0010583447111671695,6
64,991,0.000930662703542029,6
64,992,0.0010253488890679119,7
64,993,0.0006901262939104091,8
64,994,0.0007879276972296845,6
64,995,0.0018223219249899891,6
64,996,0.001013160140096503,8
64,997,0.0006073936681163516,6
64,998,0.0007590547610603071,6
64,999,0.0010220679353695195,6
64,1000,0.0008434405548051749,6
64,1001,0.0010818501353664356,9
64,1002,0.0011632694068191007,6
64,1003,0.0010009923388393793,7
64,1004,0.0009389157088279254,6
64,1005,0.0012689088711255736,6
64,1006,0.0008710176211389475,6
64,1007,0.000584369566442644,6
64,1008,0.00042034401024768075,6
64,1009,0.0008241892287449426,8
64,1010,0.000580582970132304,7
64,1011,0.0006906390021231834,7
64,1012,0.0010675402282208923,8
64,1013,0.0006287014156620696,6
64,1014,0.0008304385624641197,6
64,1015,0.0005936372636559661,6
64,1016,0.0011036425924150217,6
64,1017,0.0009686437643568468,6
64,1018,0.0005997124961326372,6
64,1019,0.0008316281480998944,6
64,1020,0.001193768662135719,6
64,1021,0.001100778567838523,10
64,1022,0.0010190921195051827,6
64,1023,0.0008158570731667814,9
64,1024,0.0009138997190545339,9
64,1025,0.0009289226599080713,7
64,1026,0.0008668941660801011,9
64,1027,0.0007170584439453176,7
64,1028,0.00117716091044473,6
64,1029,0.0006571765387430872,6
64,1030,0.0010319366928864815,8
64,1031,0.0008562399248418506,6
64,1032,0.0008383581802459128,6
64,1033,0.0015538368997840557,7
64,1034,0.0005120633088926407,6
64,1035,0.0010557646133241283,6
64,1036,0.0012330305161771804,6
64,1037,0.0010892900357183377,6
64,1038,0.0014455749792305905,6
64,1039,0.0010909050537000198,6
64,1040,0.00127462295045766,11
64,1041,0.0007680047567547588,7
64,1042,0.001106500774027408,6
64,1043,0.0006471861945198665,7
64,1044,0.00131318403571401,12
64,1045,0.0014269801578694619,8
64,1046,0.0010924232159095215,6
64,1047,0.0009429724607411538,6
64,1048,0.0005567170603241189,7
64,1049,0.0010289329109443024,9
64,1050,0.0006612389736173618,6
64,1051,0.0006704405035735661,6
64,1052,0.000933472226802845,6
64,1053,0.0007648266833432116,9
64,1054,0.0015830544931244583,8
64,1055,0.0005549942723918067,7
64,1056,0.0009121618777448992,6
64,1057,0.0011567279112214557,6
64,1058,0.001067829842576029,6
64,1059,0.0009443657861287758,9
64,1060,0.0007347216447364247,6
64,1061,0.0007070611648854475,6
64,1062,0.0010853890752939854,6
64,1063,0.0010899868912961352,6
64,1064,0.0013037374323531248,10
64,1065,0.0008959800619122715,6
64,1066,0.0008911032253923201,6
64,1067,0.0009289110816590451,7
64,1068,0.0007711326321547807,8
64,1069,0.0007955696771052567,6
64,1070,0.0012870339492496718,6
64,1071,0.0007899043310950482,6
64,1072,0.0010199862906709045,7
64,1073,0.0012624821441258316,7
64,1074,0.000828494584804218,8
64,1075,0.0012774279821826662,6
64,1076,0.0010437715062208142,8
64,1077,0.0006326919447577906,6
64,1078,0.0008952963186423801,8
64,1079,0.0009302825078288945,6
64,1080,0.0008817363088642338,11
64,1081,0.0008844874216230592,6
64,1082,0.000655956847145589,6
64,1083,0.000621826099060252,6
64,1084,0.0011199176911119713,6
64,1085,0.0013505997152367666,14
64,1086,0.0011301187280855496,6
64,1087,0.001140021679485903,6
64,1088,0.0010695050582086307,9
64,1089,0.0010912018740695806,14
64,1090,0.0009925568671631524,6
64,1091,0.0011041686033584908,6
64,1092,0.0006225717397248531,6
64,1093,0.0005479298255515186,6
64,1094,0.0011866040629631147,7
64,1095,0.0008847410473911133,6
64,1096,0.0006597990809051324,7
64,1097,0.0006967392843296172,6
64,1098,0.0012903064532678865,9
64,1099,0.0008060086269799926,7
64,1100,0.0010350731602437602,6
64,1101,0.0005984240848119216,6
64,1102,0.0007094204804993232,6
64,1103,0.0012973312681198168,6
64,1104,0.0010615475965506382,7
64,1105,0.0009850716384021407,9
64,1106,0.0006394333010221187,6
64,1107,0.0009107162372385957,6
64,1108,0.0007620504168925901,6
64,1109,0.0011412390093884506,6
64,1110,0.0011239844271947463,12
64,1111,0.0010796182761304562,6
64,1112,0.0009881237595946724,6
64,1113,0.0007112402973261656,6
64,1114,0.0007014901831212672,6
64,1115,0.0007031705831980206,10
64,1116,0.0008100391260563722,6
64,1117,0.0006450147712733778,6
64,1118,0.0009490344041482857,6
64,1119,0.0006464288481933256,7
64,1120,0.0008264402929568648,8
64,1121,0.0006218845484066426,6
64,1122,0.0010080396032157157,6
64,1123,0.0005599897000283516,6
64,1124,0.0008910837125518656,6
64,1125,0.0006229264621628872,6
64,1126,0.001248655021089784,6
64,1127,0.0010485154029226118,11
64,1128,0.0008691701077625513,6
64,1129,0.0008726486664903943,6
64,1130,0.0010879505439747028,6
64,1131,0.0008508689807058545,6
64,1132,0.0011156687057208847,6
64,1133,0.0007993716637847426,7
64,1134,0.001336634075931764,6
64,1135,0.0007742495802121052,6
64,1136,0.0004408098408330563,6
64,1137,0.000988645447396297,8
64,1138,0.0015007213447706391,6
64,1139,0.0010060323113789404,6
64,1140,0.0009739422844584622,6
64,1141,0.0010376189567707916,6
64,1142,0.0006416593088949263,6
64,1143,0.0009100209984953811,10
64,1144,0.0012344785577974582,8
64,1145,0.0008965539651530907,6
64,1146,0.0007941564683391356,6
64,1147,0.000779170581043015,6
64,1148,0.0011818341987803183,6
64,1149,0.0009457469116116446,9
64,1150,0.0005855601450364123,6
64,1151,0.0006464008464859283,6
64,1152,0.0008192451225782493,6
64,1153,0.0009688802015345166,6
64,1154,0.0009410228388003206,6
64,1155,0.0008117438459175619,7
64,1156,0.0010091610570166498,9
64,1157,0.0008169064936548454,6
64,1158,0.0008901044542964365,7
64,1159,0.0008053038558144543,6
64,1160,0.0005811048466169977,7
64,1161,0.0007968516243019863,6
64,1162,0.0006883469019421939,6
64,1163,0.0010279262782663112,9
64,1164,0.0010607793446460456,6
64,1165,0.0009750050981247593,6
64,1166,0.0011139081489071057,6
64,1167,0.0011326352330418565,11
64,1168,0.0008399617093396428,6
64,1169,0.0011116957145591022,6
64,1170,0.0009286223053513454,6
64,1171,0.0010412523801195395,7
64,1172,0.0007501044269218049,6
64,1173,0.0011997282702345125,7
64,1174,0.0012036229430245071,8
64,1175,0.0010093087390918853,8
64,1176,0.0010994364540313217,6
64,1177,0.0009945078470425806,6
64,1178,0.0008247956898065345,6
64,1179,0.0007833048769083917,7
64,1180,0.0005596721585887643,6
64,1181,0.0014230965690982256,6
64,1182,0.000506038632668182,6
64,1183,0.0009594226053433186,8
64,1184,0.0006801625993405613,6
64,1185,0.0014474065311576023,6
64,1186,0.0013185342933973443,6
64,1187,0.0012353047708914544,6
64,1188,0.0007292020092560803,6
64,1189,0.0009429990600196003,8
64,1190,0.0007845168495308197,6
64,1191,0.0007723845709667332,6
64,1192,0.0007244557665119222,6
64,1193,0.0010959234073275592,6
64,1194,0.000530185320675225,6
64,1195,0.000795691690197442,6
64,1196,0.0011133853921621029,6
64,1197,0.0010026633374198013,9
64,1198,0.0009789689556072012,10
64,1199,0.0010992024770242192,7
64,1200,0.0007921527155989594,6
64,1201,0.0007708744532242129,6
64,1202,0.0008067224225589698,6
64,1203,0.0007274978836665502,6
64,1204,0.00104251203420902,6
64,1205,0.0008590016361593455,6
64,1206,0.0010707021991575028,6
64,1207,0.0006859580860619774,6
64,1208,0.0009263369226510942,6
64,1209,0.001348412316014902,8
64,1210,0.0007454582549683009,6
64,1211,0.0010534553800269908,7
64,1212,0.0009932387024144118,6
64,1213,0.0010399896249390084,6
64,1214,0.0006649909887826433,6
64,1215,0.0009952376825211884,10
64,1216,0.0006869857671898405,6
64,1217,0.001076071261032735,8
64,1218,0.0012516263143003137,6
64,1219,0.001429956181976777,8
64,1220,0.0012105301192520401,13
64,1221,0.0008667075753127085,9
64,1222,0.0009666425406998913,6
64,1223,0.0007590685968048572,6
64,1224,0.000990785175065123,6
64,1225,0.0008846240710648212,6
64,1226,0.0010837598573502083,9
64,1227,0.0006205943653819768,6
64,1228,0.0012366380298932667,7
64,1229,0.0011885948386552436,12
64,1230,0.0008604103097001881,6
64,1231,0.0005956920912900676,6
64,1232,0.0008083605578002584,6
64,1233,0.001026307938505,6
64,1234,0.0007546721384439348,6
64,1235,0.0008567598393097731,6
64,1236,0.0008502197926288924,6
64,1237,0.0013263048888635387,6
64,1238,0.000967822481345082,6
64,1239,0.0010525623339051604,9
64,1240,0.0009833467991484657,7
64,1241,0.00113427591335713,9
64,1242,0.000670631379001585,6
64,1243,0.0007411251125794827,10
64,1244,0.00113347871454339,6
64,1245,0.0007886694368032243,6
64,1246,0.0008134504822302491,7
64,1247,0.0008007255667297764,6
64,1248,0.0009395654322231495,6
64,1249,0.0006760247958175203,7
64,1250,0.000753549420494326,6
64,1251,0.0006614082735559856,6
64,1252,0.0007477680910128459,7
64,1253,0.0008546596142349205,6
64,1254,0.0006375820848184555,6
64,1255,0.0014537122211885078,6
64,1256,0.0008643201231907649,8
64,1257,0.0018107676524916627,7
64,1258,0.0006771886094517621,6
64,1259,0.0007326784216591387,6
64,1260,0.0006864134044604064,6
64,1261,0.0006835453353352117,6
64,1262,0.001097402783320156,7
64,1263,0.0007618767521764269,6
64,1264,0.0011686730070613605,6
64,1265,0.0010618777869976226,6
64,1266,0.0013381939231317252,8
64,1267,0.0009638831226050915,7
64,1268,0.0008356344823443607,11
64,1269,0.0009831611257852813,6
64,1270,0.0012462019906865907,6
64,1271,0.0005757962743812017,7
64,1272,0.0009575067006759863,6
64,1273,0.0012580858735309342,6
64,1274,0.0009487100061931208,6
64,1275,0.0009427083070018272,7
64,1276,0.000978922789626746,6
64,1277,0.0009037289651172564,8
64,1278,0.0005808357422912858,6
64,1279,0.0009486429280750608,6
64,1280,0.0009098780885694602,6
64,1281,0.0014078408892134048,12
64,1282,0.0006763446898123693,6
64,1283,0.0008343831052382289,6
64,1284,0.0011427723560619996,7
64,1285,0.0006656570225438418,10
64,1286,0.0004952973896111823,6
64,1287,0.0009089759472218906,6
64,1288,0.0010230813134014527,9
64,1289,0.0010095366125569827,9
64,1290,0.0006918151589392907,6
64,1291,0.0014414600043717307,13
64,1292,0.000766714251548839,11
64,1293,0.0011873696107314036,6
64,1294,0.0006987461269553075,6
64,1295,0.0010742242320155304,6
64,1296,0.000655260562077431,6
64,1297,0.0005561855028178297,6
64,1298,0.0007864298284053217,6
64,1299,0.0008841832661214966,8
64,1300,0.000956840754142041,8
64,1301,0.000986529832312899,11
64,1302,0.0009480314271541612,6
64,1303,0.0006567050993078749,6
64,1304,0.0011327411924030029,7
64,1305,0.0008231604878833343,6
64,1306,0.0007286309568432792,6
64,1307,0.0009233823882702774,6
64,1308,0.0008630776905813597,6
64,1309,0.0004878055071484422,6
64,1310,0.0007470376029394821,6
64,1311,0.0015232633884302293,11
64,1312,0.0007476441753485608,6
64,1313,0.001105191024900698,6
64,1314,0.0012004355076475348,13
64,1315,0.0009834087518699186,6
64,1316,0.0013536904149730744,6
64,1317,0.001240919068065116,6
64,1318,0.0006182513227976916,6
64,1319,0.0010324635458233977,8
64,1320,0.0009058360214274641,6
64,1321,0.0007436024394962271,6
64,1322,0.0011785051364794907,6
64,1323,0.00045563533919898425,6
64,1324,0.0011611622336765715,11
64,1325,0.0007232396483184411,6
64,1326,0.0014251368795048514,6
64,1327,0.0008081797455324891,8
64,1328,0.001150500390417808,6
64,1329,0.0008593057688197625,7
64,1330,0.0007565456482312438,7
64,1331,0.000970842840207542,13
64,1332,0.0008437659968040245,6
64,1333,0.0004909913852633174,6
64,1334,0.0013579796722671955,12
64,1335,0.0007288389302384513,6
64,1336,0.0009795480305223592,6
64,1337,0.0013654447528738123,6
64,1338,0.0008562415012537405,7
64,1339,0.0018063313404439452,16
64,1340,0.0007585840884306583,8
64,1341,0.0010788483634928125,6
64,1342,0.0009189462433741857,6
64,1343,0.0008807138399041792,6
64,1344,0.0007397208378185915,6
64,1345,0.0009713489981361123,7
64,1346,0.0005746064902824588,6
64,1347,0.0010793708790626244,10
64,1348,0.0011753455949356506,6
64,1349,0.0010602064385972776,6
64,1350,0.0011082447255171268,7
64,1351,0.002080458874598512,6
64,1352,0.0005722580311925407,6
64,1353,0.0008781319575490443,6
64,1354,0.0007325271321952931,7
64,1355,0.0008205555165164136,6
64,1356,0.0009063898127805725,9
64,1357,0.0007531803230829137,6
64,1358,0.0008167961073236585,6
64,1359,0.0006587100365132992,6
64,1360,0.0011273145505076299,6
64,1361,0.0009789786029894554,6
64,1362,0.0012940166341344206,6
64,1363,0.0008468158402971104,6
64,1364,0.0011303040508018336,13
64,1365,0.0009102770571728369,6
64,1366,0.0010601498956819277,10
64,1367,0.0009838047326398147,6
64,1368,0.0008239936726827102,6
64,1369,0.0015709067397426946,14
64,1370,0.000582067391298069,6
64,1371,0.0009027340715356269,10
64,1372,0.0007290743754629903,7
64,1373,0.0005822466258588177,6
64,1374,0.0010667920870709446,6
64,1375,0.0004808318578787274,6
64,1376,0.0006461913746027559,6
64,1377,0.0013352035166701581,6
64,1378,0.0007270075899677708,6
64,1379,0.0010980934186048952,6
64,1380,0.001295757463408015,7
64,1381,0.0006093662993429394,6
64,1382,0.0007081380251134362,6
64,1383,0.0009227165435365947,7
64,1384,0.0007560238210226333,8
64,1385,0.0009535611496784835,6
64,1386,0.0008794592853484939,6
64,1387,0.0011138058575921317,6
64,1388,0.000662140762846597,7
64,1389,0.0010076836561552227,6
64,1390,0.0008250585381893716,7
64,1391,0.0010622157263854293,7
64,1392,0.001286424126316077,6
64,1393,0.0010953513110173452,6
64,1394,0.000477665883530376,6
64,1395,0.0007344985976281138,7
64,1396,0.0009434711906111115,6
64,1397,0.0011450555961700637,6
64,1398,0.0015547960034654196,6
64,1399,0.0012159145880136224,6
64,1400,0.0006828222648074256,6
64,1401,0.0007943108490813255,6
64,1402,0.0006733500449148666,6
64,1403,0.0008848085825151619,6
64,1404,0.0009018478257908358,6
64,1405,0.0009400364678789908,7
64,1406,0.0012088902843429006,6
64,1407,0.000880976161664826,6
64,1408,0.0007559067419433685,9
64,1409,0.0005489226267156866,6
64,1410,0.0009506435527781854,6
64,1411,0.0006710766063374174,6
64,1412,0.0014806353189629196,13
64,1413,0.0007378313922796753,6
64,1414,0.0015540978945064454,6
64,1415,0.0007818990891228506,6
64,1416,0.0008310844275696005,6
64,1417,0.0009332986066434845,6
64,1418,0.0009326080628550559,6
64,1419,0.0006580600195329467,6
64,1420,0.000628337819254754,6
64,1421,0.0009214408056997248,6
64,1422,0.0005225247984985693,7
64,1423,0.0010894279924321681,7
64,1424,0.0007601670712371611,6
64,1425,0.0009598906267147544,7
64,1426,0.001072870922770891,6
64,1427,0.0007640227177406755,8
64,1428,0.000648578379762732,6
64,1429,0.0007175908356910066,6
64,1430,0.0008377177138759739,8
64,1431,0.0005722373916269563,6
64,1432,0.0007410378310602761,7
64,1433,0.0007626553108286416,7
64,1434,0.0005822146370193515,7
64,1435,0.0005084927942624051,6
64,1436,0.00048255847872635815,6
64,1437,0.0009370192745172257,6
64,1438,0.0007012547198437247,9
64,1439,0.0012285275677988983,10
64,1440,0.0009387195291861161,14
64,1441,0.0006998490415164316,6
64,1442,0.0008483043682596669,6
64,1443,0.0009572511452531907,9
64,1444,0.0007396842608377585,9
64,1445,0.0008401151444306088,8
64,1446,0.00090820747389464,6
64,1447,0.0008640085353204263,6
64,1448,0.0011370396868315424,6
64,1449,0.0008175628947618696,6
64,1450,0.0006434595231994411,6
64,1451,0.0006686437417232349,6
64,1452,0.0012580364754768425,7
64,1453,0.000848151333412539,6
64,1454,0.002005452119005491,13
64,1455,0.0007273307015541741,8
64,1456,0.0011170197768906043,6
64,1457,0.0007469645354196697,7
64,1458,0.0006718873303519501,6
64,1459,0.0009479648598566537,8
64,1460,0.0009027494478601739,6
64,1461,0.0011561355090146108,6
64,1462,0.0013550784356565204,10
64,1463,0.00100863175292204,6
64,1464,0.0016280157853030275,6
64,1465,0.0008931177265750767,6
64,1466,0.0010242355673475423,6
64,1467,0.0007774026168362314,11
64,1468,0.0006099937774899367,7
64,1469,0.0008646170450553603,9
64,1470,0.0007582053504398001,6
64,1471,0.0010189736038739294,6
64,1472,0.0006935931652988225,6
64,1473,0.0006621270869707763,7
64,1474,0.0008032919489145418,6
64,1475,0.0006478426816342031,7
64,1476,0.0006049287628706601,6
64,1477,0.0009087365155806548,11
64,1478,0.0008446508317259682,6
64,1479,0.0013628297017919122,6
64,1480,0.0007905759647983679,6
64,1481,0.0009614466176190439,6
64,1482,0.0009639913290195867,6
64,1483,0.0008170101713923517,6
64,1484,0.0008258333821242747,6
64,1485,0.0012687142392766582,6
64,1486,0.0011813344085821464,6
64,1487,0.0011043823138014996,16
64,1488,0.0005481733240854103,6
64,1489,0.0009383065639568811,6
64,1490,0.00100495593986491,6
64,1491,0.0009214320886842264,6
64,1492,0.0008593147349725827,6
64,1493,0.0011027983371281191,6
64,1494,0.0007602268335910045,6
64,1495,0.0007588801617486318,6
64,1496,0.0010570583982910386,8
64,1497,0.0007297378232431484,6
64,1498,0.0009535465305203217,6
64,1499,0.0014529332758399516,6
64,1500,0.000909690528979934,6
64,1501,0.0007064746496917018,8
64,1502,0.0008141838859668793,6
64,1503,0.0011915349704853528,8
64,1504,0.0010140583914085566,9
64,1505,0.000926944421447029,6
64,1506,0.0009015933246980801,6
64,1507,0.0009083767140112275,6
64,1508,0.0007620349826765738,7
64,1509,0.0006059098359452175,7
64,1510,0.0006701764462484494,8
64,1511,0.0009654758186892209,6
64,1512,0.0010875615968810592,6
64,1513,0.0005754432836481138,6
64,1514,0.0007416375881594828,8
64,1515,0.000669478087749642,7
64,1516,0.0009269693382856214,6
64,1517,0.001117193414419848,6
64,1518,0.0012555944336137825,11
64,1519,0.0004958317678176449,6
64,1520,0.0012411987560747573,6
64,1521,0.0011120410604880115,9
64,1522,0.001078558338633906,6
64,1523,0.0007373095054031831,6
64,1524,0.0006252752315912824,6
64,1525,0.0007412246428840641,6
64,1526,0.0011839405813078852,6
64,1527,0.0011076887306286087,6
64,1528,0.0011175408258298214,6
64,1529,0.0011841879315054316,7
64,1530,0.0008179713442799663,6
64,1531,0.0008645472166146639,6
64,1532,0.0007662415329375838,6
64,1533,0.0004978200070576699,8
64,1534,0.0008081492961807824,6
64,1535,0.0012033983287238481,6
64,1536,0.00103228638633579,6
64,1537,0.0006545592543739653,8
64,1538,0.0011739805384777258,6
64,1539,0.0004907728676343259,6
64,1540,0.0010645781978793623,6
64,1541,0.0011798168860128744,9
64,1542,0.0011867684719890637,8
64,1543,0.001051611613560377,6
64,1544,0.000992913462196543,6
64,1545,0.0009662489473524216,7
64,1546,0.000734774966979379,6
64,1547,0.0005666151497643046,6
64,1548,0.0008557195466336598,6
64,1549,0.0009739831228134932,6
64,1550,0.001237984611745846,8
64,1551,0.0009113163476127673,6
64,1552,0.0009136675830708763,9
64,1553,0.0008024358133508214,6
64,1554,0.001156123043006746,6
64,1555,0.001518747322190095,6
64,1556,0.0004414105160214232,6
64,1557,0.0008164807698582965,7
64,1558,0.0008607104252533748,6
64,1559,0.0009857453249392245,6
64,1560,0.0008763876080450927,8
64,1561,0.0014085316855544372,6
64,1562,0.0011285554609538062,6
64,1563,0.0010567776202419221,6
64,1564,0.0006267509658517412,6
64,1565,0.0009427413283800146,6
64,1566,0.001166387876578412,15
64,1567,0.0004940332574015494,6
64,1568,0.0011047433019802932,6
64,1569,0.0012815108943746156,7
64,1570,0.0006303780293427375,6
64,1571,0.0013035205324796184,6
64,1572,0.0007141276860260226,6
64,1573,0.0011549247705406884,6
64,1574,0.0010805163696200326,7
64,1575,0.0009426353326033032,6
64,1576,0.000894570248244464,6
64,1577,0.0006562091446047913,6
64,1578,0.000585299096249936,6
64,1579,0.0006291434706032772,6
64,1580,0.0007231292007121581,6
64,1581,0.0006932490758779775,6
64,1582,0.0009737813952215291,6
64,1583,0.000842022575144763,6
64,1584,0.0005636120177898718,6
64,1585,0.0008862331593451067,7
64,1586,0.0009270306417508145,6
64,1587,0.0017282233734600139,9
64,1588,0.0005933682505128157,6
64,1589,0.0008663997191493689,6
64,1590,0.0007725758190517129,6
64,1591,0.0008674714848495579,6
64,1592,0.0011738344067946382,13
64,1593,0.001034757146322507,10
64,1594,0.0007577394356461653,8
64,1595,0.0011517181295877255,6
64,1596,0.001163541692584369,6
64,1597,0.0006990573109496578,7
64,1598,0.0010984598211272734,6
64,1599,0.0011236692266769488,6
64,1600,0.0007203164645779303,9
64,1601,0.0010586888887725299,6
64,1602,0.0005793949080024063,6
64,1603,0.0010957967373674271,7
64,1604,0.0008483123761268141,6
64,1605,0.0009778195658656785,6
64,1606,0.0009566432736217712,6
64,1607,0.0011511077025459504,6
64,1608,0.0004731105852429085,6
64,1609,0.0008377277283756479,6
64,1610,0.0009246538509970481,6
64,1611,0.0004076656727214356,7
64,1612,0.0007474325061636033,6
64,1613,0.0008080349362584727,6
64,1614,0.0013137016051570916,10
64,1615,0.0010114228836280992,6
64,1616,0.0007828712311355179,6
64,1617,0.0012995128194016048,9
64,1618,0.001125092280212403,6
64,1619,0.0015565484621669068,6
64,1620,0.0017840638330490766,10
64,1621,0.0009640290597198176,6
64,1622,0.0008360032778109705,6
64,1623,0.0008065723405208947,6
64,1624,0.0008707565452858446,6
64,1625,0.000942339744177012,6
64,1626,0.0008905749891964243,6
64,1627,0.0011963986202548904,9
64,1628,0.0012187699653322115,6
64,1629,0.0006837621652824311,6
64,1630,0.0013759932060144475,6
64,1631,0.0009154783958499335,7
64,1632,0.0007683163494179579,6
64,1633,0.0006475883990711417,6
64,1634,0.0006541884763513472,7
64,1635,0.0012597495627386102,6
64,1636,0.0008373089487870855,6
64,1637,0.0008856297619237452,6
64,1638,0.0011625230553775623,6
64,1639,0.0006787578916314096,6
64,1640,0.0005936252932924324,6
64,1641,0.0009540549351533811,6
64,1642,0.0012242990505141327,6
64,1643,0.0008895253619871646,9
64,1644,0.0006180540320852579,7
64,1645,0.0012191222982887995,6
64,1646,0.000687001417522759,6
64,1647,0.0007709105435653729,6
64,1648,0.000565968316989407,6
64,1649,0.0009592146069787866,6
64,1650,0.0005739601891248114,6
64,1651,0.0011948821859124048,6
64,1652,0.0009966234319963574,15
64,1653,0.001332742584672697,6
64,1654,0.000856883065640579,7
64,1655,0.0007299235133939597,7
64,1656,0.0008101568010814297,6
64,1657,0.0007077350814940209,6
64,1658,0.0009129975722477202,6
64,1659,0.000691463333860165,8
64,1660,0.000480785961456176,6
64,1661,0.0009260768916096174,6
64,1662,0.0010881058460380233,6
64,1663,0.0005133472669544004,6
64,1664,0.000787560208634408,7
64,1665,0.0005712460629945237,6
64,1666,0.0013494169635012154,6
64,1667,0.0010817229548392149,6
64,1668,0.0009937373192008825,7
64,1669,0.0006783319953660993,7
64,1670,0.0011986955819737743,11
64,1671,0.0010343729054940187,6
64,1672,0.0010656817198032575,6
64,1673,0.0010721330812513141,10
64,1674,0.0013451036001144168,6
64,1675,0.0007987144241715649,6
64,1676,0.0008671760574890941,6
64,1677,0.0010239393816698361,6
64,1678,0.0009580249005733954,7
64,1679,0.0007419663910603891,6
64,1680,0.001076790454445753,6
64,1681,0.00044566119331757026,6
64,1682,0.0014249586331013253,8
64,1683,0.0006298032361271577,6
64,1684,0.0008117077446688215,6
64,1685,0.0009578487831800597,6
64,1686,0.0006527776082070336,6
64,1687,0.0008279484498753265,6
64,1688,0.0008755046654230214,6
64,1689,0.000873454909537219,7
64,1690,0.0009543089646100178,6
64,1691,0.0009171968882941695,7
64,1692,0.0009145171187610046,6
64,1693,0.0011590143718301915,6
64,1694,0.000858395593955591,7
64,1695,0.000827896655354321,6
64,1696,0.0007249843468081218,8
64,1697,0.0010367651661102872,6
64,1698,0.0009987881565299839,8
64,1699,0.000927588836320159,10
64,1700,0.0006096544349413202,6
64,1701,0.0009340684465418692,6
64,1702,0.0010942106005081276,6
64,1703,0.0008297319304645945,6
64,1704,0.0013669569352435795,6
64,1705,0.0010464322198718845,6
64,1706,0.0006202863162474426,6
64,1707,0.0010165013631958653,6
64,1708,0.0005963038113892538,7
64,1709,0.000815011783098174,8
64,1710,0.0013437124846904513,6
64,1711,0.0007151641359514072,6
64,1712,0.0009631991817649066,7
64,1713,0.0011991279703562618,9
64,1714,0.0009798829654503738,9
64,1715,0.0011687027748836787,6
64,1716,0.0005800264174864456,6
64,1717,0.0010726334824127104,6
64,1718,0.0011811882826130438,6
64,1719,0.0005079964681230509,6
64,1720,0.0010489619744833423,7
64,1721,0.0008947153929449447,7
64,1722,0.0009093500469511406,6
64,1723,0.0011869028207139865,6
64,1724,0.0006295788728479801,6
64,1725,0.0008810070312305074,6
64,1726,0.0010479291147742487,10
64,1727,0.001547738136396526,6
64,1728,0.0010536746544933528,6
64,1729,0.0006368348539723678,6
64,1730,0.0005576878905437233,6
64,1731,0.000993486823772649,6
64,1732,0.0009253439795836593,6
64,1733,0.0011373287724789627,6
64,1734,0.0012666645823567468,6
64,1735,0.0008804853109948274,6
64,1736,0.0008183896819176639,6
64,1737,0.0011544761273658555,6
64,1738,0.0008227340497124758,6
64,1739,0.0010658593778243852,7
64,1740,0.0007877345132463187,6
64,1741,0.0013938692759513094,6
64,1742,0.0011144539584322377,8
64,1743,0.0007748339695067274,7
64,1744,0.0007440741323563316,6
64,1745,0.0007635679126550832,6
64,1746,0.0007424238635273528,8
64,1747,0.0010172327357773625,9
64,1748,0.001168974804074574,10
64,1749,0.0009459071771663607,9
64,1750,0.0011393512718150811,6
64,1751,0.0005919581818331077,6
64,1752,0.0006274945997080117,6
64,1753,0.0011179635231424179,6
64,1754,0.0016947204470141308,6
64,1755,0.0005486893088730849,6
64,1756,0.0010183500935996292,7
64,1757,0.0008966437559265739,6
64,1758,0.0007177796710965412,6
64,1759,0.0006644478116052122,7
64,1760,0.0008966328814717928,6
64,1761,0.0012595830688034715,12
64,1762,0.0006458755133423866,6
64,1763,0.0007961124408483178,6
64,1764,0.0009006508627606991,7
64,1765,0.0012750108311314623,6
64,1766,0.0006179592442312476,8
64,1767,0.0008917979381165564,7
64,1768,0.0008451253450280083,6
64,1769,0.001089124320703072,6
64,1770,0.0008416421776896721,6
64,1771,0.0010811478884362735,6
64,1772,0.0012671109809898606,8
64,1773,0.001081422863931869,7
64,1774,0.0008805863508675182,6
64,1775,0.0011384751804707216,8
64,1776,0.001117723277470506,6
64,1777,0.0007878967149842486,6
64,1778,0.0012012363984587049,6
64,1779,0.0004750026111668415,6
64,1780,0.0007320068270578739,6
64,1781,0.0014993818380747426,6
64,1782,0.000984691056496012,6
64,1783,0.000651213549448415,6
64,1784,0.0008555355257502395,6
64,1785,0.001158509710957989,12
64,1786,0.0008127012721782512,6
64,1787,0.0008735683032969899,6
64,1788,0.0006510621062576494,6
64,1789,0.0008181642748184004,6
64,1790,0.0012447927138550252,6
64,1791,0.0008980721722836593,6
64,1792,0.0008101140207567026,6
64,1793,0.0009648023575566933,12
64,1794,0.000611493089335613,7
64,1795,0.0008730927288734813,8
64,1796,0.0007493294974384446,6
64,1797,0.0011529603277508071,6
64,1798,0.0009389935427827623,6
64,1799,0.0006957008801490305,6
64,1800,0.0007943444216625961,6
64,1801,0.0012105614583240998,11
64,1802,0.0013521540205810312,11
64,1803,0.0010323002857447472,6
64,1804,0.00044560586482644826,6
64,1805,0.0007122966146371201,6
64,1806,0.001095658595683946,6
64,1807,0.0008590954754954527,9
64,1808,0.0007508184315664357,10
64,1809,0.0010308837216016498,6
64,1810,0.0015295673624590167,6
64,1811,0.0008300239344649629,6
64,1812,0.001000049024351024,6
64,1813,0.000449044492279449,6
64,1814,0.0007909337476833533,6
64,1815,0.0008383506547556818,6
64,1816,0.0014649890664465426,6
64,1817,0.000575046196089668,6
64,1818,0.001202109220348302,7
64,1819,0.0008295706266411296,7
64,1820,0.0011193202240608602,12
64,1821,0.0014068698052462913,6
64,1822,0.000575200942291243,6
64,1823,0.0007962297131470786,6
64,1824,0.0008503894058161654,6
64,1825,0.0010114911427390738,6
64,1826,0.0009699714977795537,6
64,1827,0.0008712768667975546,6
64,1828,0.0009214184638409728,7
64,1829,0.0006448771755663274,6
64,1830,0.0013789848414223482,10
64,1831,0.0007180889013147229,7
64,1832,0.0012887440684278273,6
64,1833,0.0010860718364715805,6
64,1834,0.00095783817093964,13
64,1835,0.0013168111651650216,6
64,1836,0.0010567595938317242,6
64,1837,0.0009200057674931261,6
64,1838,0.0007605285296943265,6
64,1839,0.00117001088327362,6
64,1840,0.0008632514127014934,6
64,1841,0.0005937360682191084,6
64,1842,0.0009614952963585832,6
64,1843,0.001117976780505514,6
64,1844,0.0009367332700480624,7
64,1845,0.0008089584758097512,6
64,1846,0.0005583442748835488,6
64,1847,0.0013542037519070904,10
64,1848,0.0009306427064195155,9
64,1849,0.0008227727208223179,7
64,1850,0.0008190080471108807,6
64,1851,0.001081739278513072,6
64,1852,0.0009510177223985838,6
64,1853,0.000642938528904069,6
64,1854,0.0010459680281054151,7
64,1855,0.000816669517694657,6
64,1856,0.0011601742627327383,7
64,1857,0.0007064281273232997,6
64,1858,0.0016443818470402993,6
64,1859,0.000672843175475557,6
64,1860,0.0007848246469471798,6
64,1861,0.0007646309028993548,6
64,1862,0.0007319873910280883,6
64,1863,0.0008075275437069984,7
64,1864,0.0013472646986693038,6
64,1865,0.0006520141137983382,6
64,1866,0.000725586776130438,7
64,1867,0.0010676264513528877,6
64,1868,0.0009215493068759351,6
64,1869,0.0009843971180150124,6
64,1870,0.0008359030096574127,6
64,1871,0.001130845135698666,13
64,1872,0.0009734492024351393,6
64,1873,0.0011113065561138558,6
64,1874,0.0008513871685456031,6
64,1875,0.0005487547934056591,6
64,1876,0.0007764436791857232,6
64,1877,0.0008230421680827105,6
64,1878,0.0012887236751603082,10
64,1879,0.0007576158919089249,6
64,1880,0.000916377387678663,7
64,1881,0.001055245352805212,10
64,1882,0.0008876366996827256,10
64,1883,0.0009373605106758331,6
64,1884,0.001131275505094509,6
64,1885,0.0008861366552520011,8
64,1886,0.0014686417451295064,6
64,1887,0.0010368045841280815,11
64,1888,0.0010045194987503558,6
64,1889,0.0006714355675316863,6
64,1890,0.000765153202285207,6
64,1891,0.0008114167941751793,6
64,1892,0.0010196388463342698,6
64,1893,0.0011174256390458215,6
64,1894,0.0007807189108848256,6
64,1895,0.0008951739955607163,6
64,1896,0.001180344253406268,9
64,1897,0.0005643055081520909,6
64,1898,0.0006816103430807574,6
64,1899,0.0007375482118107957,7
64,1900,0.0013824378556783756,8
64,1901,0.0005667749185730431,6
64,1902,0.0009681060009045783,6
64,1903,0.000689403211918127,6
64,1904,0.0011218444497532731,6
64,1905,0.0011479799814252678,6
64,1906,0.0011625011608009106,9
64,1907,0.0007079168263640634,8
64,1908,0.0014559643941407518,8
64,1909,0.0009543611862301571,8
64,1910,0.0010021440238280332,6
64,1911,0.0012254854280355776,6
64,1912,0.0005984282089936954,6
64,1913,0.000635246629057451,6
64,1914,0.00104491542927021,8
64,1915,0.000725458296500836,6
64,1916,0.0007531966869331885,8
64,1917,0.001236101077911167,6
64,1918,0.0009368937452300941,6
64,1919,0.0011033219417667661,8
64,1920,0.001033602380536236,6
64,1921,0.0008018375144620837,6
64,1922,0.0005333498417350313,6
64,1923,0.0009840881111429223,6
64,1924,0.0005983329896943612,6
64,1925,0.00047080461136761453,7
64,1926,0.0010907241561267655,6
64,1927,0.0006295125936452983,6
64,1928,0.0008825852885198104,9
64,1929,0.0009805640972763707,6
64,1930,0.0008165802957239565,8
64,1931,0.0009232112564123707,6
64,1932,0.0006453528200408565,6
64,1933,0.0005479074044156818,6
64,1934,0.0009900068148640528,7
64,1935,0.0007176232849600561,6
64,1936,0.0011019839282442323,12
64,1937,0.0007342501280476754,8
64,1938,0.0012312683662323298,7
64,1939,0.0008628150618442965,6
64,1940,0.0010273575348691555,6
64,1941,0.0008677654930923651,6
64,1942,0.0008819453695327883,7
64,1943,0.0013102401435971522,7
64,1944,0.0008673411569669331,7
64,1945,0.0012873479583895842,6
64,1946,0.0005864321228801206,6
64,1947,0.001014541641917388,6
64,1948,0.0006212416784665553,6
64,1949,0.0009226649865449188,6
64,1950,0.0006589027337483566,6
64,1951,0.0006691069726991739,8
64,1952,0.0010466382593172785,6
64,1953,0.0008750909635329984,7
64,1954,0.0010092667374324016,8
64,1955,0.0009511509366600945,6
64,1956,0.0011764579409376252,6
64,1957,0.0006140540887132895,6
64,1958,0.0010039748906210955,8
64,1959,0.0009829331660743401,6
64,1960,0.0008834527025002314,6
64,1961,0.0014373681540991168,6
64,1962,0.0013093304570679365,6
64,1963,0.0014581940662924398,7
64,1964,0.0011389633407703492,16
64,1965,0.001029495675028913,6
64,1966,0.0006663021965430671,6
64,1967,0.0015630789355360886,9
64,1968,0.0005271998605852479,6
64,1969,0.0012369394842873804,6
64,1970,0.000998041451272913,6
64,1971,0.0010649381824646698,6
64,1972,0.001332153341975395,6
64,1973,0.0011099933135091389,9
64,1974,0.0013588695961540553,12
64,1975,0.0007912390691847682,7
64,1976,0.0006407941997266242,6
64,1977,0.0006929581624427472,6
64,1978,0.0010507854558138296,6
64,1979,0.0011812834515958492,7
64,1980,0.001196174737779443,16
64,1981,0.0008747925796532829,6
64,1982,0.001075908275935955,6
64,1983,0.0009360167314611534,6
64,1984,0.0009799236427266433,6
64,1985,0.0007017295192436879,6
64,1986,0.0007458163661793193,6
64,1987,0.0008276315932804201,9
64,1988,0.0013355956841470673,6
64,1989,0.0007861429691016775,6
64,1990,0.0005332618026221425,6
64,1991,0.00099011461116838,6
64,1992,0.0009477974094003194,6
64,1993,0.0007728522834093421,6
64,1994,0.0008870777876375247,6
64,1995,0.0006199193619306209,6
64,1996,0.00040174664645376,6
64,1997,0.0012895089850670782,6
64,1998,0.000787660055465933,6
64,1999,0.0004852181027735769,6
64,2000,0.0008091240428713675,6
64,2001,0.0007548887756639866,6
64,2002,0.001123035470784628,6
64,2003,0.000480502102660485,6
64,2004,0.0008749120241738906,6
64,2005,0.000689410500205101,6
64,2006,0.0009913114886306307,6
64,2007,0.0010493431552709431,6
64,2008,0.0006815944157102516,6
64,2009,0.000962390920588474,6
64,2010,0.0006985952655987893,7
64,2011,0.0014515497929360466,6
64,2012,0.001111015814226679,6
64,2013,0.001093861642445182,6
64,2014,0.0007958097723537727,6
64,2015,0.0009753732157432582,6
64,2016,0.0009855527609898829,8
64,2017,0.0008602540646739376,9
64,2018,0.0006723553707514984,6
64,2019,0.000904655655833031,6
64,2020,0.0010749188548005995,6
64,2021,0.0015324259102416082,6
64,2022,0.0008182420085737219,6
64,2023,0.0011730512852143882,9
64,2024,0.0008118054255501495,7
64,2025,0.0008613359593895309,7
64,2026,0.0012976982586111463,6
64,2027,0.0005711151944045589,6
64,2028,0.0007110211028752422,6
64,2029,0.0009051191544637294,7
64,2030,0.0012293744239705306,6
64,2031,0.0007191610628882183,7
64,2032,0.0010610528189011204,6
64,2033,0.0011962151990649872,6
64,2034,0.0008968264071821386,7
64,2035,0.0005772856934536108,6
64,2036,0.0010096717512742825,6
64,2037,0.0007805901231391355,6
64,2038,0.001307392695242271,6
64,2039,0.0006892507731705022,6
64,2040,0.001239860070590737,6
64,2041,0.0006557918427361198,7
64,2042,0.0007344545875552777,6
64,2043,0.0010318036726306712,6
64,2044,0.0009624228051756667,6
64,2045,0.0014327765053133712,6
64,2046,0.0008696411805571014,7
64,2047,0.0007821300455270186,9
64,2048,0.0009639553664039235,6
64,2049,0.0013826742273387316,17
64,2050,0.0012951015265737498,6
64,2051,0.0006899226298789918,8
64,2052,0.0010462339015223643,12
64,2053,0.0012780430566184942,6
64,2054,0.0013254774046639328,8
64,2055,0.0009153361701381701,6
64,2056,0.00044380827400503087,6
64,2057,0.0009629626279122894,8
64,2058,0.0008679695693115941,7
64,2059,0.0010567887013487876,6
64,2060,0.0007433132080266192,6
64,2061,0.0017844092313489268,11
64,2062,0.0009254909871124761,6
64,2063,0.0008800425169238624,7
64,2064,0.00149191973939089,7
64,2065,0.001335480467369421,6
64,2066,0.0010720427656151221,6
64,2067,0.0009203105062323136,6
64,2068,0.001138581148400375,6
64,2069,0.0009882226452504472,6
64,2070,0.0008498900390638275,6
64,2071,0.0005647710399149242,6
64,2072,0.0014297148236364077,9
64,2073,0.0009089140746990632,10
64,2074,0.0008667191037546873,10
64,2075,0.0004632371951391878,6
64,2076,0.0012770312107157622,6
64,2077,0.000929536432437511,6
64,2078,0.0010943956540712119,6
64,2079,0.0006076282051955539,6
64,2080,0.0007910293918155231,12
64,2081,0.0012174415856774923,6
64,2082,0.0006342552052528427,6
64,2083,0.001087157598594457,8
64,2084,0.0009993492021682648,6
64,2085,0.0010471090488919366,6
64,2086,0.0010493556213864719,8
64,2087,0.0008713317425361744,6
64,2088,0.0007846544405588629,6
64,2089,0.0006923786344615879,8
64,2090,0.0006761722409086013,6
64,2091,0.0006220290548017982,6
64,2092,0.0007325252755708833,9
64,2093,0.000988023348017314,6
64,2094,0.0015759953017143724,6
64,2095,0.0006572748548318019,6
64,2096,0.0006589089599373654,9
64,2097,0.0009627350254876044,6
64,2098,0.0005757231366333437,7
64,2099,0.001271780402893996,9
64,2100,0.0011915167094244117,6
64,2101,0.0011292289781539844,7
64,2102,0.0008984191140917475,6
64,2103,0.0013390813096032517,6
64,2104,0.0008803388479676766,6
64,2105,0.0009750934383471188,6
64,2106,0.001153296755018851,6
64,2107,0.0008901004398600421,6
64,2108,0.0007130964373167625,6
64,2109,0.0006244710784516494,7
64,2110,0.0014721717251972022,6
64,2111,0.001156011955566555,7
64,2112,0.0007573320764184543,7
64,2113,0.0010321784888496222,6
64,2114,0.0005316041199106003,7
64,2115,0.0005679271264498187,6
64,2116,0.000699829034982391,6
64,2117,0.001012426517674192,6
64,2118,0.0012657169809924262,7
64,2119,0.001416426904760154,6
64,2120,0.0009923115656045312,6
64,2121,0.0004488448864704009,6
64,2122,0.0007946381778435319,6
64,2123,0.001024153623978008,6
64,2124,0.0008243192847998682,6
64,2125,0.001136388381293485,7
64,2126,0.0007773050447251739,8
64,2127,0.0015130360137973753,6
64,2128,0.0012245567600450702,6
64,2129,0.0008548952844008584,6
64,2130,0.0007838428105169659,9
64,2131,0.0008366724908357437,8
64,2132,0.0007222028761760813,6
64,2133,0.000907610499024547,6
64,2134,0.0006783361779647556,7
64,2135,0.0011480977510803791,8
64,2136,0.0008695768903975165,6
64,2137,0.0011923619996507817,6
64,2138,0.0006356920285122969,6
64,2139,0.0009887949853553124,8
64,2140,0.0009467744452015259,6
64,2141,0.0005606634037520486,7
64,2142,0.0005851731751020939,6
64,2143,0.000783665301402281,9
64,2144,0.0007541572171452238,6
64,2145,0.00109336794955317,7
64,2146,0.001178411238650312,6
64,2147,0.0009030305398320948,9
64,2148,0.0016994746958549634,6
64,2149,0.0016794559204420523,7
64,2150,0.0009639461610279065,7
64,2151,0.0013951919485255537,7
64,2152,0.0010703036109228625,8
64,2153,0.0014911789757978688,6
64,2154,0.001111139343694334,6
64,2155,0.000951819512138824,6
64,2156,0.001301998837519025,6
64,2157,0.001382296621584178,6
64,2158,0.0010807263689437407,6
64,2159,0.0012376524433039826,7
64,2160,0.0007511709801681921,7
64,2161,0.0007222257732912851,7
64,2162,0.0008648336991631256,6
64,2163,0.0009519940779899594,6
64,2164,0.0009861824095134253,9
64,2165,0.0007804208512160737,6
64,2166,0.0009513063744453487,6
64,2167,0.0005359798327617404,6
64,2168,0.0015729921050131601,8
64,2169,0.001064055756906157,6
64,2170,0.0006764198075963623,8
64,2171,0.0010895473655150312,9
64,2172,0.0010250180318128743,7
64,2173,0.0004454469428970542,6
64,2174,0.0011693186335874906,6
64,2175,0.0013689835544298812,6
64,2176,0.0016867203361925487,10
64,2177,0.000781843412731742,6
64,2178,0.0013387065203250836,6
64,2179,0.0009606522269863804,7
64,2180,0.0010663808617104586,9
64,2181,0.0008703341183477209,7
64,2182,0.0008234008382602687,6
64,2183,0.0010527649893227187,6
64,2184,0.001078374057814968,6
64,2185,0.0013458490461472072,6
64,2186,0.0010697367630475574,7
64,2187,0.0004796902066638298,6
64,2188,0.0007803299979627365,7
64,2189,0.0008724713104119042,7
64,2190,0.0008342096625254536,6
64,2191,0.0010636278103072216,6
64,2192,0.0007211563265439591,6
64,2193,0.0006787232516051178,9
64,2194,0.0006303442179196317,6
64,2195,0.0013353017279830182,6
64,2196,0.0007961206814566524,6
64,2197,0.0009844799252390901,10
64,2198,0.0010798632355618065,10
64,2199,0.0008352536739002492,6
64,2200,0.0014783737107970651,6
64,2201,0.0010281586609357518,6
64,2202,0.0009772604943029117,6
64,2203,0.00096416296524926,8
64,2204,0.0011200509779694112,6
64,2205,0.0010882571983074074,6
64,2206,0.0007277870052011526,6
64,2207,0.00093917971322377,7
64,2208,0.0015741833449852138,9
64,2209,0.001045495933072793,8
64,2210,0.0011054143635126357,6
64,2211,0.0005708135863247144,6
64,2212,0.0004416785199311546,6
64,2213,0.0013833052595567663,6
64,2214,0.0006637327042365027,6
64,2215,0.0008377916627951842,6
64,2216,0.0005894960247688763,6
64,2217,0.0005939800950314211,6
64,2218,0.0008382471078053344,7
64,2219,0.0007099638763630178,6
64,2220,0.001521444470981237,6
64,2221,0.0007510411302131814,6
64,2222,0.0009643191800219331,6
64,2223,0.0012724256654537136,11
64,2224,0.0010429527833283325,6
64,2225,0.001345032892786202,8
64,2226,0.0008014525214673496,6
64,2227,0.0012839307919273457,7
64,2228,0.0008975581497059348,6
64,2229,0.0010751441944037987,6
64,2230,0.0006827996555338056,6
64,2231,0.000923301820115463,7
64,2232,0.0006357276157915037,6
64,2233,0.0008324616484538527,6
64,2234,0.0009863570656972742,6
64,2235,0.0006035300107799513,7
64,2236,0.000828095106367055,8
64,2237,0.001089105314064448,9
64,2238,0.001176159878874039,7
64,2239,0.0006510144263035533,6
64,2240,0.0008149536586559147,6
64,2241,0.001237925479732005,6
64,2242,0.0011190951324820397,8
64,2243,0.001010717180615739,7
64,2244,0.0011578818275845837,6
64,2245,0.0006392159841014378,7
64,2246,0.0006968913656455467,6
64,2247,0.0011406233707965674,7
64,2248,0.0006235755569534707,8
64,2249,0.0007432035773149437,6
64,2250,0.0009571965846092434,6
64,2251,0.001002691268576883,6
64,2252,0.001238753518828295,6
64,2253,0.0010186414848416536,6
64,2254,0.000868393454572236,6
64,2255,0.0008812006996544719,6
64,2256,0.0011717355513696237,6
64,2257,0.0014204856511693675,6
64,2258,0.0006196326714423828,6
64,2259,0.0013011458598755077,11
64,2260,0.0009405806506368464,6
64,2261,0.0008448238828727694,6
64,2262,0.0009062874867828974,6
64,2263,0.0016532895000850312,7
64,2264,0.0012821311061487761,6
64,2265,0.0010175809066554908,6
64,2266,0.0008034043270271907,6
64,2267,0.0007360246262949621,6
64,2268,0.0012113144722543656,12
64,2269,0.0009138232857999751,6
64,2270,0.0006994685803148881,6
64,2271,0.0015402984705497058,12
64,2272,0.0013626282904708464,6
64,2273,0.001175387535785194,6
64,2274,0.0009402556986528587,8
64,2275,0.0007543181224997086,6
64,2276,0.0007436300288409248,6
64,2277,0.0010535434337365368,6
64,2278,0.0008778299441909998,8
64,2279,0.001103519154469712,8
64,2280,0.0010442330038684666,7
64,2281,0.0006582323061915529,6
64,2282,0.0010246858733591324,8
64,2283,0.0010740238989794815,6
64,2284,0.000424756143951488,6
64,2285,0.0008530129428334643,6
64,2286,0.0010924201762120278,6
64,2287,0.0009028991830595245,6
64,2288,0.0014444966732553022,6
64,2289,0.0008609277041158325,6
64,2290,0.0010990606209320686,6
64,2291,0.0008562497047727158,6
64,2292,0.0009803658811247118,7
64,2293,0.0010521906388966107,6
64,2294,0.0007208198039461156,8
64,2295,0.00087696523554881,7
64,2296,0.0008373619552030087,6
64,2297,0.0007729621647296625,6
64,2298,0.0007117447970992341,6
64,2299,0.001283221148608571,6
64,2300,0.0006749485965554802,6
64,2301,0.0007987299225518385,6
64,2302,0.0011881700173117515,6
64,2303,0.0012108057837098007,16
64,2304,0.0007915828435107741,6
64,2305,0.000856144845547524,9
64,2306,0.0008013380197093856,7
64,2307,0.001289694937378738,6
64,2308,0.00071784038538103,6
64,2309,0.0009467334506020331,6
64,2310,0.0004535571554605822,6
64,2311,0.0006362072794606766,6
64,2312,0.000710023348043709,10
64,2313,0.0006666978913332233,6
64,2314,0.0007365367054048555,6
64,2315,0.0005905193672356424,6
64,2316,0.0009324835737836157,6
64,2317,0.0013264052133999948,6
64,2318,0.0012687021417807642,6
64,2319,0.0008532015747592103,9
64,2320,0.0006403329534940827,6
64,2321,0.0012241406606242344,8
64,2322,0.0007770787295728887,7
64,2323,0.0016504871944708066,7
64,2324,0.0007826564343411113,6
64,2325,0.0007148136658843285,7
64,2326,0.0009715022745031554,9
64,2327,0.0006637196908039211,6
64,2328,0.0011412955924103851,6
64,2329,0.0011695522727798169,7
64,2330,0.0010075350867992938,6
64,2331,0.0007369815584630235,7
64,2332,0.0010090647363444338,8
64,2333,0.0009100535008551569,6
64,2334,0.0010254738149710896,6
64,2335,0.0008732668069545424,6
64,2336,0.0012907785000618732,7
64,2337,0.001328265809608764,6
64,2338,0.0007601703037034557,8
64,2339,0.0010029661370245524,6
64,2340,0.0008364826365063194,7
64,2341,0.0008584721362064895,6
64,2342,0.0011230035568373098,8
64,2343,0.0009712104351274897,7
64,2344,0.000887713787568245,6
64,2345,0.0010187283135633662,6
64,2346,0.0007796431507161028,6
64,2347,0.001063845189375412,6
64,2348,0.0010945620777039755,6
64,2349,0.0007814654551346889,6
64,2350,0.0009331854551194452,10
64,2351,0.0009402727629357344,6
64,2352,0.0009864718160186303,7
64,2353,0.0007552920282356546,6
64,2354,0.0012294401267688437,7
64,2355,0.0007359719723364355,6
64,2356,0.001105934881439452,6
64,2357,0.0009388906817674458,9
64,2358,0.0011944527437935948,6
64,2359,0.0008927873638283623,6
64,2360,0.0010508109971516522,6
64,2361,0.0011308595314439285,6
64,2362,0.0008762159027113636,6
64,2363,0.0008824217729045403,8
64,2364,0.000992345546231399,9
64,2365,0.0008909647426459388,6
64,2366,0.0008093449626290772,6
64,2367,0.0009555764209405737,10
64,2368,0.0008789521821292168,6
64,2369,0.0008376195516612839,6
64,2370,0.0010159999824665977,6
64,2371,0.0007801358523965574,6
64,2372,0.0006331820498476359,6
64,2373,0.0009473965944541973,6
64,2374,0.0007784218147018906,8
64,2375,0.0014694782038804366,6
64,2376,0.0008108195395415962,6
64,2377,0.0007462775327977678,6
64,2378,0.0007583981370408721,10
64,2379,0.001191583682995434,6
64,2380,0.0005194958715485365,6
64,2381,0.0009106277044781397,6
64,2382,0.0013545248601365412,7
64,2383,0.0009045115897476919,6
64,2384,0.00048686243883727665,6
64,2385,0.0013271016658989998,6
64,2386,0.001104994461466502,6
64,2387,0.0008993040843904287,6
64,2388,0.0005937215336677681,6
64,2389,0.0011777319984332957,6
64,2390,0.0009032069520811814,6
64,2391,0.0005690030166206617,6
64,2392,0.0008992363742111875,6
64,2393,0.0009662771641565371,6
64,2394,0.0008889014333437473,6
64,2395,0.00075278062038453,7
64,2396,0.0005870796963779457,6
64,2397,0.0005472868928020347,6
64,2398,0.0010507678345365035,9
64,2399,0.000983616777558316,6
64,2400,0.001054646158028416,6
64,2401,0.0009760346993299418,6
64,2402,0.0012374348140148372,8
64,2403,0.001240327746552805,7
64,2404,0.0007515986336806835,7
64,2405,0.0011902187037147183,10
64,2406,0.00046969571406557664,6
64,2407,0.0010261393282708087,8
64,2408,0.0008553518643664715,6
64,2409,0.0010094709936124824,9
64,2410,0.0013306435089935897,12
64,2411,0.0007844229504561095,6
64,2412,0.0011398419694885198,6
64,2413,0.0006522859144467708,8
64,2414,0.0006544323097910087,6
64,2415,0.0008830768558126811,6
64,2416,0.0007479438688410001,6
64,2417,0.001033720639349922,6
64,2418,0.000945801829646431,6
64,2419,0.0006414345578015235,6
64,2420,0.0008481175612412573,6
64,2421,0.0011889249563722393,8
64,2422,0.0009566151095025122,6
64,2423,0.0007129516537363045,6
64,2424,0.0009609850690033006,6
64,2425,0.0007751070054186071,8
64,2426,0.001279896760908894,9
64,2427,0.0008288932793416581,6
64,2428,0.0009111513317350273,6
64,2429,0.001055156788699163,6
64,2430,0.0005739880516975604,6
64,2431,0.0013390834877045066,11
64,2432,0.0011954048048581356,6
64,2433,0.0014121714179219091,7
64,2434,0.0005307674618391101,6
64,2435,0.0019357864728791752,6
64,2436,0.0006996824827066872,6
64,2437,0.0010317800603325544,6
64,2438,0.0010613531196400627,9
64,2439,0.0006384445061935473,6
64,2440,0.0006661692966352939,6
64,2441,0.0007268466676913499,6
64,2442,0.000627697952823858,6
64,2443,0.0010069874530177492,6
64,2444,0.0007709044253360609,6
64,2445,0.001298157613880857,6
64,2446,0.0008178386443745689,7
64,2447,0.0013524633283189536,7
64,2448,0.0005280858285685586,6
64,2449,0.0010504312931248205,6
64,2450,0.001534726527605501,6
64,2451,0.0007554942416266863,6
64,2452,0.0007190632673527708,6
64,2453,0.0008957166406250439,6
64,2454,0.000984967674912629,6
64,2455,0.0007027718152782247,6
64,2456,0.0014255844328193712,10
64,2457,0.0009512642573790697,8
64,2458,0.0014925424656255792,6
64,2459,0.0009503874475211838,6
64,2460,0.0008468816353069952,6
64,2461,0.001113263134707554,7
64,2462,0.001394689690661699,11
64,2463,0.0007434803946768653,6
64,2464,0.0010909357093527028,7
64,2465,0.0012312848420942268,6
64,2466,0.0004780781360854691,6
64,2467,0.0008287308842713781,8
64,2468,0.0006334340097893243,6
64,2469,0.000588597543311975,6
64,2470,0.0008146202363467081,6
64,2471,0.0008414493677927348,6
64,2472,0.001070260568094672,6
64,2473,0.0013076794905443334,6
64,2474,0.0013364660139156825,9
64,2475,0.0006782335625624691,7
64,2476,0.0013050528321203458,7
64,2477,0.0009685425468810571,6
64,2478,0.0007216794028667706,6
64,2479,0.0007413996687647417,6
64,2480,0.0013188479320158653,6
64,2481,0.0007534871461909454,7
64,2482,0.000971283243729526,6
64,2483,0.0013388382527441678,6
64,2484,0.0008669115713201281,8
64,2485,0.000556078980470387,6
64,2486,0.0007789589983484557,6
64,2487,0.00110834867111409,12
64,2488,0.0007605925845174943,6
64,2489,0.0013394734013493226,12
64,2490,0.0007618224263379325,6
64,2491,0.0007858691226847458,6
64,2492,0.0013681625585550972,6
64,2493,0.000606184844504587,7
64,2494,0.000733644045550097,6
64,2495,0.0006641934654134651,6
64,2496,0.0005978226999795444,6
64,2497,0.00081496626558486,6
64,2498,0.000716978201626417,6
64,2499,0.0010912044510680285,6
64,2500,0.0008832436659367282,6
128,1,0.0009600789137932386,6
128,2,0.0007634495065603208,10
128,3,0.0009212869220558417,7
128,4,0.0011504867047466005,6
128,5,0.0009748224712651243,6
128,6,0.0006378145934058388,6
128,7,0.0011318565313123141,7
128,8,0.0008992989438331156,6
128,9,0.0009453288526092285,6
128,10,0.0007022331736360465,6
128,11,0.0004885691943040671,6
128,12,0.000919394311050814,10
128,13,0.0009459732452065106,6
128,14,0.0006813771692214532,6
128,15,0.001247205198814827,8
128,16,0.0006663067768113984,6
128,17,0.0011703639909673158,11
128,18,0.001056618188870817,6
128,19,0.0013620272957636237,6
128,20,0.0009149476259354694,6
128,21,0.0005685915213097248,8
128,22,0.0006727013531592219,7
128,23,0.0012116983492788114,6
128,24,0.0011302761839357967,8
128,25,0.0008207615450888384,6
128,26,0.0012014029974822815,7
128,27,0.0006664580014186239,6
128,28,0.0017713412948899832,8
128,29,0.0008331074080827339,7
128,30,0.000981674895007778,6
128,31,0.0009395137105066287,6
128,32,0.0008312437896460523,6
128,33,0.0010959018379581575,7
128,34,0.0006252638496727636,6
128,35,0.001084618020523509,6
128,36,0.001229898147770525,6
128,37,0.0007634253485122589,10
128,38,0.001023547241737699,8
128,39,0.0009462892394892231,7
128,40,0.0011259477405745066,6
128,41,0.0010032335660492553,8
128,42,0.0008047368641842523,6
128,43,0.0005411046483775328,6
128,44,0.0006708399203431137,6
128,45,0.0005191333156341349,6
128,46,0.0006989313728402724,7
128,47,0.0005082074583659946,6
128,48,0.0008345501136052258,6
128,49,0.000759516889834666,8
128,50,0.0009708347238394088,6
128,51,0.0008808143600418372,6
128,52,0.000845875161512355,6
128,53,0.0009091818674928365,6
128,54,0.0010251201193713921,6
128,55,0.0006884817681782063,6
128,56,0.0005748015151115782,6
128,57,0.0007989208717505969,7
128,58,0.0010142438418571098,6
128,59,0.0009280244403920834,7
128,60,0.0005460568350342809,6
128,61,0.0012572221128380745,6
128,62,0.0005544375682181579,6
128,63,0.0006419268818240731,7
128,64,0.0012805990323623284,6
128,65,0.0008869805137488029,6
128,66,0.001513579825831779,6
128,67,0.000980961337851971,6
128,68,0.0010499143958265789,6
128,69,0.0013441284501393147,6
128,70,0.0005330672751356902,6
128,71,0.0007686687101776668,6
128,72,0.0016275771051269539,6
128,73,0.000716405566499545,6
128,74,0.0010288260943022154,6
128,75,0.0013174447458548233,10
128,76,0.0011480625561393065,6
128,77,0.0009509495332769013,6
128,78,0.001155891151717936,7
128,79,0.0008276532386078117,6
128,80,0.0007132856087195272,6
128,81,0.0011472974013770898,8
128,82,0.0010912369506831388,6
128,83,0.0007424035073939628,6
128,84,0.0006322003645173879,8
128,85,0.0010052720630282508,6
128,86,0.0007669008093817986,6
128,87,0.0006427561842273222,6
128,88,0.0007621151295184037,7
128,89,0.0013143645042682506,6
128,90,0.0008867366934032228,6
128,91,0.0006205211647095643,6
128,92,0.000774718424361498,6
128,93,0.0009034954138968931,7
128,94,0.0010113199169055065,6
128,95,0.0009200661829754375,6
128,96,0.0012721591427445889,6
128,97,0.0009975384371565532,6
128,98,0.0011557785205250637,7
128,99,0.0008921826960108792,6
128,100,0.0011764612405398278,6
128,101,0.0007685176394089943,8
128,102,0.0007520609664660727,6
128,103,0.00045897602985928154,6
128,104,0.0007313966484566725,6
128,105,0.0010905396948615587,6
128,106,0.0008735869637520599,6
128,107,0.0008858142471289687,6
128,108,0.0005520440876217725,7
128,109,0.0007367142482580524,8
128,110,0.0013148126020747775,6
128,111,0.000798591721977826,6
128,112,0.0022285446213374804,6
128,113,0.0014071748624987501,7
128,114,0.0009171554281331984,9
128,115,0.0009466891657750054,6
128,116,0.0010242530516562653,6
128,117,0.0007761586771936058,6
128,118,0.001011752375272179,6
128,119,0.0008072853884917297,6
128,120,0.000982680069843922,9
128,121,0.0011654845014336945,6
128,122,0.0012493044230981465,7
128,123,0.0006435946043513163,9
128,124,0.0010108861122002377,6
128,125,0.0007118674828610061,9
128,126,0.0006766701365047423,6
128,127,0.0005969643328991303,6
128,128,0.001592970372063518,6
128,129,0.001052236241012361,6
128,130,0.0016725323848142959,9
128,131,0.0014605557463175378,6
128,132,0.00067786981895257,6
128,133,0.0010981508771222837,10
128,134,0.0012774920530341793,6
128,135,0.0010280628198395814,6
128,136,0.0009686039192590146,6
128,137,0.0010229010636685354,6
128,138,0.0010774089914190599,7
128,139,0.0010007226900039523,7
128,140,0.0010709846608514817,6
128,141,0.0007281935107241733,7
128,142,0.0007821419771231186,8
128,143,0.0013245654727661593,7
128,144,0.0010941561171894376,8
128,145,0.0008150035471856665,6
128,146,0.0008534165000211313,7
128,147,0.0005307830321279461,7
128,148,0.0007393979546401752,6
128,149,0.0008282178545033769,6
128,150,0.000813031355336058,6
128,151,0.001119005026836456,6
128,152,0.0007078869594843162,6
128,153,0.0006286448991185134,6
128,154,0.0011694611805301847,6
128,155,0.0008320466022901929,7
128,156,0.0012337172122073303,10
128,157,0.0014020335191301525,6
128,158,0.0007491247750902597,6
128,159,0.001010100085917509,6
128,160,0.0007138320663974129,6
128,161,0.0010678041341212197,6
128,162,0.0007812947760693634,6
128,163,0.0009296388107872811,6
128,164,0.0007664924550525587,6
128,165,0.001530200624891509,8
128,166,0.0010215550628833725,9
128,167,0.0008756972338683222,6
128,168,0.0008525074706740021,6
128,169,0.0009173982848168505,7
128,170,0.0018051187327103868,7
128,171,0.0008151033873293745,6
128,172,0.0010883956863603217,6
128,173,0.0011837202015555492,9
128,174,0.000689547190744183,6
128,175,0.0007599576774137695,6
128,176,0.0011681637794926092,7
128,177,0.0010131324228304095,7
128,178,0.0007471460644147276,6
128,179,0.001527027534119596,6
128,180,0.0009561865145107928,8
128,181,0.0012334428350087023,6
128,182,0.0007418148842777139,6
128,183,0.0011806897458437882,7
128,184,0.0008167780215025955,6
128,185,0.0007786697328586722,6
128,186,0.0004921793431357235,6
128,187,0.001173531651469828,6
128,188,0.0012864228672824218,7
128,189,0.0007161249756467702,6
128,190,0.0006399308260356396,6
128,191,0.0010966817248391214,6
128,192,0.0010701968410979923,6
128,193,0.0011288583518758166,9
128,194,0.0007699689965438017,6
128,195,0.0008818341282963438,6
128,196,0.0011577602541279486,6
128,197,0.0008631531015977911,6
128,198,0.001290229582063429,13
128,199,0.0013736050583237347,6
128,200,0.0012185005931837356,6
128,201,0.00044638554193032753,6
128,202,0.0005281498919254002,6
128,203,0.0014438686201524442,6
128,204,0.0008884642995405923,10
128,205,0.0007718471903757074,6
128,206,0.0009470645544530365,7
128,207,0.001239751308664272,9
128,208,0.000850742654106007,6
128,209,0.0008096760221402155,6
128,210,0.0005595366013394498,6
128,211,0.0006336362959258601,6
128,212,0.000837209072560352,6
128,213,0.0006092416119530264,6
128,214,0.0008372026168599334,7
128,215,0.0017398087905575732,6
128,216,0.0015018713905444736,6
128,217,0.001036084192158171,7
128,218,0.0010619186284874238,8
128,219,0.0013100196437403344,6
128,220,0.0010803685058492496,6
128,221,0.0013045137503785442,6
128,222,0.0010864783164704628,6
128,223,0.0006243005376808108,6
128,224,0.000661331926046338,7
128,225,0.0011625293034280837,7
128,226,0.0004928133735500051,7
128,227,0.0011584874562989844,6
128,228,0.001100039588830537,10
128,229,0.0010591766103107414,6
128,230,0.0006070497557269516,6
128,231,0.0013479822148196874,6
128,232,0.0010676363752785412,6
128,233,0.001209403297406153,6
128,234,0.001119809065208227,12
128,235,0.0006818454691726594,8
128,236,0.0008946703269545608,8
128,237,0.0009526816058299525,6
128,238,0.0010857257265645126,7
128,239,0.0006286989727266601,6
128,240,0.0011371794598522555,6
128,241,0.0008174458453416023,7
128,242,0.0014226747846268761,9
128,243,0.0005496506962199277,6
128,244,0.001000467324706933,6
128,245,0.0012995776744159082,8
128,246,0.0008689441620558513,6
128,247,0.0010317673752017198,6
128,248,0.0013189873741715763,6
128,249,0.0008436880817506154,7
128,250,0.0011588856083336596,6
128,251,0.0011340068119047864,7
128,252,0.0008108672479379964,6
128,253,0.0016312187908918974,6
128,254,0.0013071698931275688,8
128,255,0.0008035201324846364,9
128,256,0.0012221396499643156,11
128,257,0.0012013571802510503,6
128,258,0.0011469658530340598,6
128,259,0.0006976628003598773,6
128,260,0.0007894057941227883,6
128,261,0.0009550542858469679,6
128,262,0.0010215212450899736,6
128,263,0.000620251066971611,6
128,264,0.0015915663042964656,6
128,265,0.000904444255859671,6
128,266,0.001006434606296347,6
128,267,0.0012667450932388746,10
128,268,0.0010902645456221105,6
128,269,0.0010058716980663185,6
128,270,0.0010322822182248226,6
128,271,0.0011321247729982886,6
128,272,0.0011001742616889576,6
128,273,0.0006119963135275963,6
128,274,0.0006510468898711097,7
128,275,0.0008947530281076532,6
128,276,0.0011855471701296416,6
128,277,0.0009182755354165684,6
128,278,0.0009782190005418467,6
128,279,0.0010857003790292197,6
128,280,0.0008612405420054259,6
128,281,0.000855824814198547,6
128,282,0.0009209855828706814,6
128,283,0.0008503673786017796,6
128,284,0.0008192156080693014,6
128,285,0.0007847311430198012,6
128,286,0.001257791062230118,6
128,287,0.0007122813822127982,8
128,288,0.0008559493443903721,8
128,289,0.0005991111732464027,6
128,290,0.0011887726772682738,6
128,291,0.0005963879528931015,7
128,292,0.001193184968874661,7
128,293,0.0015375302713201977,6
128,294,0.001035025273327772,6
128,295,0.0009857135557210794,6
128,296,0.0007383305049081801,6
128,297,0.0012952400817130005,6
128,298,0.0014533085663164247,7
128,299,0.0007911101819764177,6
128,300,0.0012337252296772405,6
128,301,0.0007482146621439201,6
128,302,0.000797222869087566,6
128,303,0.0007930358942455085,8
128,304,0.000937280591602363,6
128,305,0.0010115283763201255,7
128,306,0.0010752931606228255,6
128,307,0.0009116550483659891,9
128,308,0.0012195853085932018,9
128,309,0.0008457824848129292,10
128,310,0.001025987435917558,6
128,311,0.0011746355312013401,7
128,312,0.0007713146980663499,6
128,313,0.0007359901636163624,6
128,314,0.0008191147144114286,6
128,315,0.0011236995908592284,6
128,316,0.0008221967137154174,7
128,317,0.001228683768825345,6
128,318,0.0008075710755879595,7
128,319,0.001123600061243013,6
128,320,0.0006004250601790995,6
128,321,0.0009301475197774911,7
128,322,0.0008821181020837177,6
128,323,0.0012066052939739835,6
128,324,0.0008852549293428824,6
128,325,0.0007802116130718462,6
128,326,0.0008204460098559796,6
128,327,0.001209908720234354,7
128,328,0.0009568231749271794,7
128,329,0.0016419942623610018,6
128,330,0.0007931143848635136,6
128,331,0.0008500954917920467,8
128,332,0.0008319060231899433,6
128,333,0.0011422928746006589,6
128,334,0.0010370381577908816,6
128,335,0.0009221037346524019,7
128,336,0.0009887548596756446,6
128,337,0.0009629436089099164,6
128,338,0.0007061872690942161,6
128,339,0.0011924584526246118,6
128,340,0.0007245711833124835,9
128,341,0.0015609849532103315,6
128,342,0.0012398708515733992,6
128,343,0.0007494692038650941,7
128,344,0.0011679530301652585,9
128,345,0.0008157149793541763,6
128,346,0.0009512572667993435,6
128,347,0.0007660044238132491,7
128,348,0.001279183871655598,9
128,349,0.0012221406054399586,8
128,350,0.0007066734899192628,6
128,351,0.0011564190655941609,6
128,352,0.0011630173884280282,7
128,353,0.0008203442707362951,7
128,354,0.0011343478623124792,6
128,355,0.0007749161957684991,6
128,356,0.0010674067625570105,6
128,357,0.0011381032042651062,6
128,358,0.0011894896486084328,6
128,359,0.0009318482135128869,6
128,360,0.0013372333636181288,6
128,361,0.0009668870495787019,6
128,362,0.0010829022500380703,9
128,363,0.0010383473061677528,8
128,364,0.000746870512233544,6
128,365,0.0010487196156491185,6
128,366,0.001386004628300408,6
128,367,0.0011337649555824836,6
128,368,0.0005640618275188358,6
128,369,0.0008901670876306222,8
128,370,0.0007025919669900738,6
128,371,0.0012008652802166786,6
128,372,0.0009761892296943631,7
128,373,0.000770863555448642,6
128,374,0.001482483871300233,6
128,375,0.0008979420564417806,6
128,376,0.0013630533460857741,6
128,377,0.0008924763385652623,6
128,378,0.0009857883096910935,6
128,379,0.0011595397379737804,6
128,380,0.0007949996063620901,6
128,381,0.0010072308805365582,12
128,382,0.0007848044116600672,6
128,383,0.000649246342385057,6
128,384,0.0012042768763310674,6
128,385,0.00068555471297016,6
128,386,0.0010676741675108847,7
128,387,0.0009904097343945706,8
128,388,0.0011615456138241997,6
128,389,0.0009981832961561132,6
128,390,0.0008491957106638304,6
128,391,0.000945357278854031,6
128,392,0.0009411691267279254,6
128,393,0.001323142143059064,7
128,394,0.0006899565763344717,7
128,395,0.0012989580930239386,6
128,396,0.0007700721176671088,6
128,397,0.0012995529627003455,6
128,398,0.0011803182808722834,10
128,399,0.0007332063104813213,6
128,400,0.0009821394107216719,6
128,401,0.0007914437967105614,7
128,402,0.0010743622797291241,6
128,403,0.0005738988525612054,8
128,404,0.0009008043433887947,6
128,405,0.0006229472876208009,6
128,406,0.0003765145519949442,6
128,407,0.0009008334955165065,9
128,408,0.0011216445663787544,6
128,409,0.001279523937574134,6
128,410,0.0010934983952061161,8
128,411,0.0006235997541064187,6
128,412,0.0013205425230141954,6
128,413,0.0011712465743731748,9
128,414,0.0013080030541369192,10
128,415,0.0011697593771817782,10
128,416,0.0009089849373518089,6
128,417,0.0007313593594026058,6
128,418,0.0006194502080216768,6
128,419,0.0010758683953998593,6
128,420,0.0010062785808592212,6
128,421,0.0007040532669284616,6
128,422,0.0010330934818476578,10
128,423,0.0015864033148452195,10
128,424,0.0012408628961341206,9
128,425,0.00053137021654448,6
128,426,0.0004389251630104729,6
128,427,0.0012562601080160496,6
128,428,0.001548402597175924,7
128,429,0.001116497859214749,6
128,430,0.0011690672520638934,6
128,431,0.0005752318675857904,6
128,432,0.0011240037730388397,6
128,433,0.0007327369556145991,6
128,434,0.0006307153279409006,6
128,435,0.0013841820757636292,6
128,436,0.0012429468726221637,7
128,437,0.0011495942250774605,7
128,438,0.0009858172582044578,9
128,439,0.0008882993432350883,6
128,440,0.0008906212937198621,6
128,441,0.0007424572952973163,6
128,442,0.0012647926251793118,6
128,443,0.0008838022292412262,6
128,444,0.0006318262126490115,6
128,445,0.0008488133186498326,6
128,446,0.0007755415904965313,8
128,447,0.00034756393879187275,6
128,448,0.00046515858193363346,6
128,449,0.0011100325765296404,6
128,450,0.0009839400683738786,6
128,451,0.0014128662748770227,6
128,452,0.0010900279525648537,6
128,453,0.000904677805354942,6
128,454,0.0014055821226754972,9
128,455,0.0008277025958481898,6
128,456,0.0009282320710303216,7
128,457,0.0007913966350641122,6
128,458,0.0011611180926679732,11
128,459,0.0011358328769495996,6
128,460,0.0012060217438323306,6
128,461,0.0007741700009447072,6
128,462,0.0005842230599913956,6
128,463,0.0005866427350358361,7
128,464,0.0013470253324950887,8
128,465,0.0007526227699672372,6
128,466,0.0009293944262172005,6
128,467,0.0014920171268387739,9
128,468,0.0006382257889931964,6
128,469,0.0005304682950189044,7
128,470,0.0007141598462272469,6
128,471,0.0007347079729163042,11
128,472,0.000683127550893059,6
128,473,0.0009373132361372438,6
128,474,0.0006465412259316627,6
128,475,0.0009746004973956168,6
128,476,0.0010791096796773925,6
128,477,0.0007523951938810947,7
128,478,0.0009080040394451316,6
128,479,0.0006217607377898005,7
128,480,0.001294096795863675,6
128,481,0.0008419233474229459,6
128,482,0.0015198068261900732,7
128,483,0.0005090877659468251,6
128,484,0.000983414047969644,6
128,485,0.0007181878889632176,7
128,486,0.0008254354555385923,6
128,487,0.0007901498983621247,6
128,488,0.0011740461733602547,6
128,489,0.0005315162854234168,6
128,490,0.0009737074163852499,6
128,491,0.0008740451876987354,6
128,492,0.0007095556490643862,6
128,493,0.0005690639296775934,7
128,494,0.0011349801300147844,6
128,495,0.000909477113970325,7
128,496,0.001106205038436836,6
128,497,0.001292163871008667,7
128,498,0.0009249166150948618,6
128,499,0.0016196475363994267,6
128,500,0.0012516364590888784,6
128,501,0.001070172209705289,9
128,502,0.0010051312776131471,7
128,503,0.0007512542078493833,6
128,504,0.0011848797370882513,12
128,505,0.0005135711619287386,6
128,506,0.0015314378048231214,11
128,507,0.0016354209237862127,6
128,508,0.0008755609871946568,8
128,509,0.0009646481247072014,6
128,510,0.0008082593638004676,6
128,511,0.0006556309990292108,6
128,512,0.00043108530767421716,6
128,513,0.0005447577556497718,8
128,514,0.0010086342686389527,6
128,515,0.0008333231861303303,6
128,516,0.0008913840935986794,6
128,517,0.0010532247228494385,7
128,518,0.0011928814167412316,7
128,519,0.0008967036186631194,7
128,520,0.0012744889041531593,11
128,521,0.0007656948814316333,6
128,522,0.0008360085015343133,6
128,523,0.000927346524196071,6
128,524,0.000533618695276572,6
128,525,0.0008016688772751746,6
128,526,0.0010484728245492292,6
128,527,0.0004879729373976627,6
128,528,0.0009101848975937854,7
128,529,0.0009270401756983349,6
128,530,0.0011215302749465472,8
128,531,0.0007809419645107285,8
128,532,0.0006300409690875863,6
128,533,0.000970734442180321,6
128,534,0.0007863742272758989,6
128,535,0.0012257219897209293,6
128,536,0.000687973377322626,6
128,537,0.0015904764986023334,6
128,538,0.0014487089248378382,6
128,539,0.0007731234013760302,7
128,540,0.0012643302156937208,6
128,541,0.0011206837379899026,6
128,542,0.0009190636326522617,7
128,543,0.0009549003398175993,7
128,544,0.0007170907931107751,6
128,545,0.0007341205422706221,6
128,546,0.0013355415650586622,6
128,547,0.0006582199367233255,6
128,548,0.0012619327086533794,6
128,549,0.0009702530621095162,6
128,550,0.0008470515832909031,6
128,551,0.0008144081208976139,6
128,552,0.0011628428869544793,9
128,553,0.0010840226485775428,6
128,554,0.0008826049802723723,6
128,555,0.0015570365245474171,6
128,556,0.0005839722528768743,6
128,557,0.0010093327857485512,6
128,558,0.0010623321205226466,13
128,559,0.001059006885917979,6
128,560,0.0010984584090446559,6
128,561,0.001096552397883921,6
128,562,0.001027678028524659,9
128,563,0.0007622679318411985,6
128,564,0.0009258029183223382,6
128,565,0.0008697295540791572,6
128,566,0.0014548668851589452,6
128,567,0.0011425298142702933,7
128,568,0.0007630829639395653,7
128,569,0.0009026142045281405,6
128,570,0.001997768928237331,8
128,571,0.0009629283427777802,6
128,572,0.0006739632085678293,6
128,573,0.0012808793656989836,7
128,574,0.0007821959627858366,6
128,575,0.0011383880202837648,6
128,576,0.0012767659885879468,10
128,577,0.0009997202055287147,7
128,578,0.0013004979050160737,6
128,579,0.0006134700344071486,6
128,580,0.0006710501856204143,6
128,581,0.0009009731065821869,6
128,582,0.0010481004160661778,6
128,583,0.0012008033048653832,6
128,584,0.0008762157899889766,6
128,585,0.0006532442415655426,6
128,586,0.001070552686182169,6
128,587,0.0006744823106157871,6
128,588,0.0013585294177837215,6
128,589,0.0003900164850281218,6
128,590,0.0006101732128105386,6
128,591,0.0009639069803804023,7
128,592,0.0006545553306852581,6
128,593,0.0008570547951008978,6
128,594,0.001194419958979398,6
128,595,0.0010024839616680215,6
128,596,0.0009250406477451234,6
128,597,0.0012081194881515822,9
128,598,0.0007504041730641564,6
128,599,0.0011191058695946277,6
128,600,0.0012949311029215593,8
128,601,0.0011213914689079396,6
128,602,0.0008411210020381477,6
128,603,0.0008955283655317503,8
128,604,0.0005381763223080149,6
128,605,0.001071503550725994,8
128,606,0.0008936808446770583,6
128,607,0.0011001949888638785,6
128,608,0.0005820134217322526,6
128,609,0.000806332178772684,6
128,610,0.00038080560283138,6
128,611,0.0008091317452977309,7
128,612,0.001023311975488772,6
128,613,0.0005479819618273707,6
128,614,0.0012021454084938377,7
128,615,0.0007023474187114465,6
128,616,0.0004955930486268967,7
128,617,0.0007387043876090349,6
128,618,0.0011364989677702386,6
128,619,0.0009531563461674386,6
128,620,0.0007721827753268684,6
128,621,0.001174241721785485,7
128,622,0.0010417043413745997,6
128,623,0.00100123347829717,6
128,624,0.0009534610373322927,12
128,625,0.0007463927156834416,8
128,626,0.0016627987739707972,7
128,627,0.0009344739079554243,6
128,628,0.0012663405570894903,6
128,629,0.0009741305895832886,6
128,630,0.001020010175041941,6
128,631,0.0011546570853000482,6
128,632,0.0006833264600397682,6
128,633,0.0010261584484431707,10
128,634,0.0007850440850155627,6
128,635,0.0012600226432443185,6
128,636,0.0008452273627024276,6
128,637,0.0007287342813937503,6
128,638,0.0006873917294429877,6
128,639,0.0004778026033657179,6
128,640,0.000833172591946707,8
128,641,0.0015008429591285566,7
128,642,0.0012740426262681792,6
128,643,0.0007630456228198135,6
128,644,0.0006208509731401024,6
128,645,0.0008335389381708413,13
128,646,0.0005488934056216976,6
128,647,0.0013679355083396905,7
128,648,0.000520838337926044,6
128,649,0.00088475708499125,6
128,650,0.0012472673455895533,10
128,651,0.0011874143434174034,6
128,652,0.0011193260125280657,6
128,653,0.0006821058742509378,9
128,654,0.0006905725473318469,8
128,655,0.000834570876959817,9
128,656,0.0009926133646115387,7
128,657,0.001571659301837225,6
128,658,0.0006456430865182661,6
128,659,0.0010063104921713695,6
128,660,0.00153822645446422,8
128,661,0.0004936099825965101,6
128,662,0.0008995839329942745,9
128,663,0.000994075265156269,9
128,664,0.0007493252168999653,6
128,665,0.0009005579487566528,6
128,666,0.000866144091955845,6
128,667,0.0010757738147864349,7
128,668,0.0009683471205396144,7
128,669,0.0010629716183637727,6
128,670,0.001046604836866416,6
128,671,0.0009138324355927319,7
128,672,0.000735913410120026,6
128,673,0.0008088540926827203,6
128,674,0.0006012251528292323,6
128,675,0.0011277345417829432,10
128,676,0.0012810251047740417,7
128,677,0.0009831933590956077,6
128,678,0.0009458699361517553,7
128,679,0.0010829764578932366,6
128,680,0.0008402668731152252,6
128,681,0.001396197057100368,6
128,682,0.0010106787165856668,6
128,683,0.0012461926448285587,6
128,684,0.001453593744231485,10
128,685,0.0009405108197538814,6
128,686,0.0008221141863355985,6
128,687,0.0010470833213545028,6
128,688,0.0006962847052887078,9
128,689,0.0011708392053291217,6
128,690,0.0012189889240007412,13
128,691,0.0006393951739013248,6
128,692,0.0011135435779876524,6
128,693,0.001156405428038798,9
128,694,0.0009532202008437629,6
128,695,0.0009557611050495796,6
128,696,0.0010769861736172337,9
128,697,0.0008199075323800376,6
128,698,0.0007823363824722707,6
128,699,0.0007245247185553305,6
128,700,0.0007200679331607063,6
128,701,0.0011129289669564724,6
128,702,0.0014344478586321152,6
128,703,0.0007157198768141804,6
128,704,0.0010726230680340176,8
128,705,0.0008390775422834063,6
128,706,0.0004603417229240847,6
128,707,0.0009729759369926372,7
128,708,0.0006521651866954192,6
128,709,0.0010282404752615104,6
128,710,0.0006350867101130309,6
128,711,0.0011109907148743325,6
128,712,0.001111908697414954,6
128,713,0.0015588617075422695,9
128,714,0.0010835780826593533,6
128,715,0.0005700552911169776,6
128,716,0.0008802082222653107,6
128,717,0.0012809183997555262,6
128,718,0.0007573283333937031,6
128,719,0.0012424792653263905,10
128,720,0.0009220044857061183,6
128,721,0.0010744434003401304,6
128,722,0.0008721672003862979,6
128,723,0.0006764942427830434,6
128,724,0.0005936002259634421,6
128,725,0.0011183794603124575,6
128,726,0.0006828718892284424,6
128,727,0.0014224712558452701,6
128,728,0.001159230342296813,6
128,729,0.0008705513243926211,11
128,730,0.0007858348064836429,6
128,731,0.0009816562216855562,6
128,732,0.0008563683246872733,6
128,733,0.0007862978376549368,6
128,734,0.0011798545104926283,12
128,735,0.0007642050559337754,7
128,736,0.0009034575383313759,6
128,737,0.0007645461559803168,6
128,738,0.0011573910824498324,6
128,739,0.0011717954604790748,7
128,740,0.000769296088679372,6
128,741,0.0006584745953077675,8
128,742,0.0008067158297666577,7
128,743,0.0008018556998613535,6
128,744,0.0007884360380689959,6
128,745,0.000932570252841769,6
128,746,0.0016216308724441575,6
128,747,0.0008377093460658624,6
128,748,0.0014435112660542426,12
128,749,0.0008663037886682823,8
128,750,0.0008389742018236612,6
128,751,0.0008660494167432864,8
128,752,0.0011005074123390246,6
128,753,0.0006005927410364098,7
128,754,0.0007293064930370408,6
128,755,0.0010917838175916739,6
128,756,0.0009161693227910384,6
128,757,0.0006250087040298169,6
128,758,0.0010571843813761417,6
128,759,0.0006421173264810065,7
128,760,0.0009961277659189527,6
128,761,0.0008254245803034355,7
128,762,0.0008050241918504675,7
128,763,0.0008659087415688882,9
128,764,0.0010282340962024517,9
128,765,0.0009534285849904789,7
128,766,0.0018047576312327784,6
128,767,0.0006336455380145933,6
128,768,0.000643212169583296,6
128,769,0.0011212177322194872,6
128,770,0.0008134931933089229,6
128,771,0.0005308313229381856,6
128,772,0.0007736340805236663,6
128,773,0.0012269154179898045,12
128,774,0.000616125077560925,6
128,775,0.0009652773461383268,7
128,776,0.0008764637925739449,6
128,777,0.0007897217648076826,6
128,778,0.0010144168922272545,6
128,779,0.0009548549508847648,9
128,780,0.0008154423992964288,6
128,781,0.0012789775629359346,6
128,782,0.0008469222755765893,11
128,783,0.00061676906817687,7
128,784,0.0008117468966525321,6
128,785,0.0012768158421484488,6
128,786,0.0007684520219849444,7
128,787,0.0012389166659231288,8
128,788,0.0010613866407164219,6
128,789,0.001040097979715715,6
128,790,0.0008540155939994465,6
128,791,0.001126428439011229,8
128,792,0.0011371729332090297,6
128,793,0.0008797748767396252,6
128,794,0.0007386030884032335,6
128,795,0.0009152217945610497,6
128,796,0.0008387130070756088,7
128,797,0.0011445501289735205,6
128,798,0.0007140058805860106,7
128,799,0.0009461157261301256,6
128,800,0.0006374129675140727,7
128,801,0.0005619915907902617,6
128,802,0.0005907233917378796,6
128,803,0.001590528168444405,12
128,804,0.00141002004944768,7
128,805,0.0009206413689656356,6
128,806,0.0006994741646983993,8
128,807,0.0010243846371025267,9
128,808,0.001296281184563819,6
128,809,0.0006702049611788663,6
128,810,0.0011622126737056426,11
128,811,0.0008789726623799621,7
128,812,0.0008069069080920421,6
128,813,0.0006080971913111632,6
128,814,0.0006197004298748032,6
128,815,0.0011770137242853584,6
128,816,0.0007397466653438212,6
128,817,0.0007742569437532154,6
128,818,0.0009068254490020022,6
128,819,0.0013340028879931243,6
128,820,0.0006609874774491376,6
128,821,0.0012346756537066073,9
128,822,0.0008647144390242778,8
128,823,0.0015274203897865934,10
128,824,0.0008995686548963766,6
128,825,0.0014369859645408656,6
128,826,0.0011630453834183818,6
128,827,0.0007306575332280685,6
128,828,0.0010155529929757323,6
128,829,0.0012350139469446964,6
128,830,0.0005949879525608548,7
128,831,0.0009068007942845124,6
128,832,0.0007488775287503024,6
128,833,0.001199795221429878,6
128,834,0.0009812469263621448,7
128,835,0.0007469222756258942,6
128,836,0.0006512471345255788,6
128,837,0.0006969343253855342,6
128,838,0.0010458526506542665,8
128,839,0.001201358982271139,6
128,840,0.0006958504471554772,11
128,841,0.0012499055182975116,6
128,842,0.000680666293124299,6
128,843,0.0006163990593963664,6
128,844,0.0009840286018892863,7
128,845,0.0011335426331805232,6
128,846,0.0008796782220642507,6
128,847,0.000734177450723017,7
128,848,0.0007424109602270912,6
128,849,0.0008798230233646454,6
128,850,0.0006761560700324631,6
128,851,0.0011525525156783623,6
128,852,0.000696179550876308,6
128,853,0.0005904486188854641,6
128,854,0.0008025254105822333,6
128,855,0.0010848118239598081,6
128,856,0.00071537376070685,6
128,857,0.0007503563423456594,6
128,858,0.0013239689361081997,7
128,859,0.0013997611925500864,6
128,860,0.000982203786243585,6
128,861,0.0007948029820494806,6
128,862,0.0014094981751064939,6
128,863,0.0006475677178355288,6
128,864,0.0010018997033409693,6
128,865,0.0009639432918028268,8
128,866,0.00043584876568170117,6
128,867,0.0005095420761426217,6
128,868,0.0005225255962207354,6
128,869,0.0008224713171361975,11
128,870,0.0011547511381928555,7
128,871,0.001038779812742141,7
128,872,0.0005099406692273822,6
128,873,0.0007084319143417228,7
128,874,0.0009601785920420047,7
128,875,0.0009492374124897007,6
128,876,0.0007737434048594727,12
128,877,0.0009908383179791924,6
128,878,0.0008729544562724456,6
128,879,0.0006799997434074889,6
128,880,0.0008408369756245926,6
128,881,0.0006252120597360911,6
128,882,0.0010088221086247406,9
128,883,0.001209201401143889,6
128,884,0.0010532930679107988,10
128,885,0.0009885257187572105,8
128,886,0.001032793198550097,6
128,887,0.0010390805678368586,6
128,888,0.001052942856407002,6
128,889,0.0010218125044689774,7
128,890,0.000767407566641759,9
128,891,0.0005602919285119246,6
128,892,0.0011217758115463772,6
128,893,0.0007191321161651443,7
128,894,0.0009306297333621094,6
128,895,0.0008464312612024572,6
128,896,0.00121032651137698,6
128,897,0.0007905881860468811,7
128,898,0.0007871024914202496,7
128,899,0.0010308126913194937,6
128,900,0.0006290352858999704,6
128,901,0.0007681543994144668,6
128,902,0.0010579099285972227,8
128,903,0.0007698587742042129,6
128,904,0.0007643468481929316,6
128,905,0.0013521191381813402,6
128,906,0.0016369086566844493,9
128,907,0.0008549947309482997,6
128,908,0.0011953445882348923,9
128,909,0.0014584894314751962,6
128,910,0.0007946394517377442,6
128,911,0.0007640976902020258,6
128,912,0.000975324215239215,8
128,913,0.0005882391614220328,6
128,914,0.0004655938368119117,6
128,915,0.0004883169721392466,6
128,916,0.0008771466465231637,6
128,917,0.0012363060704687623,6
128,918,0.0012605703376521449,6
128,919,0.0010413818699217536,6
128,920,0.0013386241377577601,6
128,921,0.0004933884380046161,6
128,922,0.0008311143550604472,6
128,923,0.0012203345572200375,6
128,924,0.0008296690818135888,6
128,925,0.0016655081707658281,6
128,926,0.0017326971492559462,8
128,927,0.0009530333424502269,6
128,928,0.000704778537850892,6
128,929,0.0007280244901015642,6
128,930,0.0005668973305185676,6
128,931,0.0009276494448875461,7
128,932,0.0010437183271758688,6
128,933,0.0013195833026821147,6
128,934,0.0010936105387697737,7
128,935,0.0011837040792637143,9
128,936,0.0007766991626918518,9
128,937,0.001109111101949778,6
128,938,0.0011990297307137299,8
128,939,0.0006772622027849673,6
128,940,0.0007574615622264469,6
128,941,0.0009690423149905092,10
128,942,0.001276115144222767,11
128,943,0.001070125204124861,6
128,944,0.0007979892044817083,8
128,945,0.0011386075446731536,8
128,946,0.0007269791901695355,6
128,947,0.000901026636453861,6
128,948,0.0010804179405788927,6
128,949,0.0010440869734841263,7
128,950,0.0008577873827587124,7
128,951,0.0009502653091302271,6
128,952,0.0012797178951859944,6
128,953,0.00108615668806622,9
128,954,0.0009960819569466706,6
128,955,0.0006952646141371588,7
128,956,0.0011830054205526075,6
128,957,0.0007550950925035993,6
128,958,0.001274697757223442,6
128,959,0.0011201981327557953,11
128,960,0.0004770485576833794,6
128,961,0.0011765313554251144,9
128,962,0.00076893895013741,6
128,963,0.0010219151877808308,8
128,964,0.0005261773839135842,6
128,965,0.0007175975268167711,6
128,966,0.0012476585212285451,6
128,967,0.0010847430062751462,6
128,968,0.000707764959788304,7
128,969,0.0008614781646267833,6
128,970,0.0011151709200408755,6
128,971,0.0004039988914732451,6
128,972,0.000881224579886597,6
128,973,0.0006363115745977588,6
128,974,0.0009021595053596565,6
128,975,0.0011566823097415302,6
128,976,0.0008705850670496229,7
128,977,0.0010994010985687641,7
128,978,0.0014820439694879228,6
128,979,0.0009326530511878373,6
128,980,0.0011733970506033753,6
128,981,0.0008464807242362093,6
128,982,0.0012317157507991672,9
128,983,0.0007811586772370482,9
128,984,0.0007700305095613702,6
128,985,0.0011615797549479057,7
128,986,0.0009717957936155042,6
128,987,0.0010930223326433008,6
128,988,0.0013265084799445326,6
128,989,0.0009488082439166323,6
128,990,0.0006525917699865547,6
128,991,0.0011450292851920008,8
128,992,0.0010777153357880431,6
128,993,0.0009490012586174101,7
128,994,0.0006032790664669552,6
128,995,0.0003488540571889853,6
128,996,0.000959838428256865,7
128,997,0.0012397054961204024,6
128,998,0.0007633910919159215,6
128,999,0.0005668987903718614,6
128,1000,0.001086175926226729,6
128,1001,0.0009326935397451219,6
128,1002,0.0012476557012606193,8
128,1003,0.001300332309358887,6
128,1004,0.0009186643169602771,8
128,1005,0.0008034433076556935,6
128,1006,0.0007524750344302111,8
128,1007,0.0010214248657572922,9
128,1008,0.0006007763383383269,6
128,1009,0.0007972158477050906,6
128,1010,0.0007880861380862303,6
128,1011,0.0009673985392549822,6
128,1012,0.0018904957763069552,9
128,1013,0.000840097495362957,7
128,1014,0.0012635288607670825,8
128,1015,0.001219921751136055,7
128,1016,0.0010176641831862177,8
128,1017,0.0013674404783156069,7
128,1018,0.000920842216343698,6
128,1019,0.0006439639644300055,7
128,1020,0.0011115707898765592,6
128,1021,0.0011667313951805314,6
128,1022,0.0006924765807238553,6
128,1023,0.0014213143229276914,7
128,1024,0.0006517009676842989,6
128,1025,0.0008098926732418299,6
128,1026,0.000925182336214303,6
128,1027,0.0009060451889565391,6
128,1028,0.0005360368173566998,7
128,1029,0.0012010761521962232,6
128,1030,0.0005757509657647875,7
128,1031,0.000981737683104944,6
128,1032,0.000828528500890019,7
128,1033,0.0008483030475572306,6
128,1034,0.0010144909170263228,6
128,1035,0.001058432063424708,8
128,1036,0.0008505228059562109,7
128,1037,0.001027718436529046,10
128,1038,0.0007410591341220352,6
128,1039,0.0011674305120353834,6
128,1040,0.0009523037952647306,6
128,1041,0.0008600323374642338,6
128,1042,0.0011739467654633406,6
128,1043,0.0006737630943823847,6
128,1044,0.0008946197721332316,6
128,1045,0.0009836280580940437,6
128,1046,0.0008478907700533167,6
128,1047,0.0009220977132301522,6
128,1048,0.0005055313259624272,6
128,1049,0.0012454906604751903,9
128,1050,0.0009742162077004957,6
128,1051,0.0007597689942900887,6
128,1052,0.001047736301793778,6
128,1053,0.0011474890321863107,8
128,1054,0.0007859639213806391,6
128,1055,0.001714808630810638,6
128,1056,0.0008057612205502052,7
128,1057,0.0012456126267638146,6
128,1058,0.0004952092065644287,6
128,1059,0.001000674512450006,6
128,1060,0.0006634007246806295,6
128,1061,0.0006264742172324422,6
128,1062,0.0006042001994260859,6
128,1063,0.0006378014374703866,6
128,1064,0.0011861135212923868,6
128,1065,0.0011902847692391028,6
128,1066,0.0008444195572107072,6
128,1067,0.0013003569051256436,6
128,1068,0.0009742033300761399,6
128,1069,0.0005746804511903569,6
128,1070,0.0010277172018462177,6
128,1071,0.0008654549162175895,6
128,1072,0.0011846213788789806,6
128,1073,0.0010914383351961487,6
128,1074,0.0009467574843835258,10
128,1075,0.0008659294015310737,6
128,1076,0.0008260446922916387,6
128,1077,0.001285739749360193,7
128,1078,0.0008140032975037514,7
128,1079,0.0010876350089207287,6
128,1080,0.001217773973358871,6
128,1081,0.0014232257442464702,6
128,1082,0.0012955051892055147,7
128,1083,0.001014414050776291,6
128,1084,0.0009789140856756307,10
128,1085,0.0007932527477350904,6
128,1086,0.0009791575384019424,6
128,1087,0.0015659089663691006,6
128,1088,0.000549894363242931,6
128,1089,0.0005851788831530147,6
128,1090,0.0007617338684900998,6
128,1091,0.0007662354545652228,6
128,1092,0.0012177684136085443,7
128,1093,0.0013098703264021738,6
128,1094,0.0010128398507328606,6
128,1095,0.000758801361613104,9
128,1096,0.0011302863213509817,6
128,1097,0.0010099406174941539,6
128,1098,0.00046403700493791167,7
128,1099,0.0008043362300369505,6
128,1100,0.0006513037863532523,7
128,1101,0.0009157892409067392,6
128,1102,0.0009210326308506378,8
128,1103,0.0008805727503651273,7
128,1104,0.0012693380985382974,6
128,1105,0.0007697360544894893,6
128,1106,0.0009434931070778363,7
128,1107,0.001221142350954607,8
128,1108,0.000461010597508138,6
128,1109,0.000910575381884382,7
128,1110,0.0005997316283598009,6
128,1111,0.0007549841651088851,6
128,1112,0.0006936427570216619,7
128,1113,0.0008155807876918386,6
128,1114,0.00065241097813451,6
128,1115,0.0016304074288291392,6
128,1116,0.0009858934924374951,6
128,1117,0.000980739331341074,7
128,1118,0.0009268868596697954,6
128,1119,0.0008900157158939215,10
128,1120,0.0008622396956421419,6
128,1121,0.0006139486247418446,6
128,1122,0.0009412448554658726,6
128,1123,0.001011591724105032,11
128,1124,0.0014523736329559167,12
128,1125,0.0007729121049856458,6
128,1126,0.0005563245970255926,6
128,1127,0.0013595481260507691,7
128,1128,0.0009131464985549509,7
128,1129,0.0015379689869531865,6
128,1130,0.0007539865239077626,6
128,1131,0.0007605800911600902,6
128,1132,0.0006991286906166128,6
128,1133,0.0010083003747342056,6
128,1134,0.0007437739752899075,6
128,1135,0.0008787352391864678,6
128,1136,0.0009415996618534761,6
128,1137,0.0008939159921099726,6
128,1138,0.0007936162007696757,6
128,1139,0.0006752365907900515,6
128,1140,0.0012834238457230113,16
128,1141,0.001080645003461611,9
128,1142,0.0008934438573039438,6
128,1143,0.000958909884514747,6
128,1144,0.0006546314368776063,7
128,1145,0.0005200256888376886,7
128,1146,0.0008876156679731295,6
128,1147,0.0005017269714656658,6
128,1148,0.001279666122453782,8
128,1149,0.000684706864151452,6
128,1150,0.0010731317307948185,6
128,1151,0.0006700244217617835,6
128,1152,0.0012894720474078136,6
128,1153,0.0006554511137721875,6
128,1154,0.0007419098937746504,6
128,1155,0.0006214520615115404,6
128,1156,0.0008982642946703256,6
128,1157,0.0007224298756416392,7
128,1158,0.0011160380470745523,8
128,1159,0.0009620872693774096,7
128,1160,0.001112307070437385,8
128,1161,0.0007921975252535018,6
128,1162,0.0011290857711773183,6
128,1163,0.0009897856401266392,6
128,1164,0.0014796506785881292,6
128,1165,0.0005901217473554266,6
128,1166,0.0010194762585746808,6
128,1167,0.0010592059925302322,6
128,1168,0.001017789474000108,6
128,1169,0.0010906262496199748,10
128,1170,0.0009095104491810835,6
128,1171,0.0008707272995536197,6
128,1172,0.000931331150702347,6
128,1173,0.0005531452777325918,6
128,1174,0.001085688659854367,6
128,1175,0.0005511701009588699,6
128,1176,0.0010640256564220518,6
128,1177,0.0007350951527594907,6
128,1178,0.0007597532813403696,6
128,1179,0.0008794504170743789,8
128,1180,0.0009256513122944954,7
128,1181,0.0009863993054627374,6
128,1182,0.0008553113429532466,6
128,1183,0.0012516113537346385,9
128,1184,0.001057871802467969,10
128,1185,0.0011403565867595944,6
128,1186,0.0009269645043118446,6
128,1187,0.0009400137180926027,7
128,1188,0.0009975017783668272,6
128,1189,0.0010390215694939808,6
128,1190,0.0010608981861567335,6
128,1191,0.0011838501064991291,8
128,1192,0.0014065296204129885,6
128,1193,0.00093063511514202,6
128,1194,0.0007687973312398011,6
128,1195,0.0011870382291092607,6
128,1196,0.0011294283301932495,6
128,1197,0.0011598428330966692,6
128,1198,0.0010064712606870363,6
128,1199,0.0006760431462844441,7
128,1200,0.0016109273303025473,6
128,1201,0.0010668951224944712,8
128,1202,0.0008042323968937559,6
128,1203,0.0005945616542936405,6
128,1204,0.0011704105514367402,7
128,1205,0.0008073256523652983,6
128,1206,0.0005676278067514584,6
128,1207,0.0009188508114303939,6
128,1208,0.0009201321953021813,6
128,1209,0.0009254421592961304,6
128,1210,0.0007700403203795281,6
128,1211,0.000880643590332908,6
128,1212,0.0012022639656527057,7
128,1213,0.0004625187163181388,6
128,1214,0.0011914530200407836,7
128,1215,0.0006098325145401651,6
128,1216,0.0014082292274107955,8
128,1217,0.0009651630908531494,6
128,1218,0.0007225851901987435,6
128,1219,0.0007191085710309686,6
128,1220,0.001084842960932808,11
128,1221,0.0009100680442609699,8
128,1222,0.0007839643782715511,6
128,1223,0.001308130089567705,8
128,1224,0.0013530943858901523,9
128,1225,0.00090588686958476,6
128,1226,0.001142677103028622,7
128,1227,0.0010109157785294087,12
128,1228,0.0015813682629686188,12
128,1229,0.001202907976516232,6
128,1230,0.000796224065440887,8
128,1231,0.0009998231058591656,7
128,1232,0.001169849470836315,6
128,1233,0.0010426624352294356,7
128,1234,0.0012729067683792117,7
128,1235,0.0007325186320882859,7
128,1236,0.001249609517889383,6
128,1237,0.001015882631863474,6
128,1238,0.0010531367992949736,6
128,1239,0.0005965740123630159,6
128,1240,0.0013009010221511907,6
128,1241,0.000833211520406052,6
128,1242,0.0006857015955847867,6
128,1243,0.0014186842576221492,13
128,1244,0.0008347162306382439,6
128,1245,0.000731268957817055,6
128,1246,0.0012114768559108313,6
128,1247,0.0007656319546762713,8
128,1248,0.0009673952285735865,10
128,1249,0.000782880158931909,7
128,1250,0.0011893570874378367,8
128,1251,0.0008046433292185906,6
128,1252,0.0008427457316712017,6
128,1253,0.00103227499419567,6
128,1254,0.0010929369622836305,11
128,1255,0.0011832559480677851,6
128,1256,0.0010426453057881258,6
128,1257,0.00067230183114525,6
128,1258,0.0009132583630366842,6
128,1259,0.0007604763282436089,6
128,1260,0.0008644395570840402,6
128,1261,0.0012596866606021384,7
128,1262,0.0015817265380925205,6
128,1263,0.0007130563183384009,6
128,1264,0.001114367854617937,6
128,1265,0.0008274766981091197,6
128,1266,0.0012062554721552488,6
128,1267,0.0011355086458882946,6
128,1268,0.000933902499338668,6
128,1269,0.0009311996509397402,6
128,1270,0.0009399164801426885,9
128,1271,0.0011787093403615723,7
128,1272,0.0008295954074660772,7
128,1273,0.0010065127912750604,6
128,1274,0.0008452727195938925,6
128,1275,0.0006759795733164431,6
128,1276,0.0007284394171139796,8
128,1277,0.0009543691663249643,6
128,1278,0.000945411316139344,8
128,1279,0.0009492816422493888,12
128,1280,0.000802849988920884,6
128,1281,0.0007026743993523432,6
128,1282,0.0007865694422224401,6
128,1283,0.0009107782847417312,12
128,1284,0.0010826544234234237,6
128,1285,0.001186807878301277,12
128,1286,0.0011548256840295812,6
128,1287,0.0009072692425629025,7
128,1288,0.0008376206552597187,6
128,1289,0.000739531385471226,6
128,1290,0.0012076575582963267,6
128,1291,0.0017043594410274254,11
128,1292,0.0006111066900612028,8
128,1293,0.0012330583633726189,6
128,1294,0.001064035888383108,6
128,1295,0.0007615051125564598,6
128,1296,0.0009817098825976034,6
128,1297,0.0009210892739822674,6
128,1298,0.0006479087077101431,6
128,1299,0.0009180673330329014,6
128,1300,0.0009605222757634868,8
128,1301,0.001179855138621455,9
128,1302,0.0010038076687989284,6
128,1303,0.000995341510835912,6
128,1304,0.0007394237949785998,6
128,1305,0.000741419138320043,6
128,1306,0.0006977774958639715,6
128,1307,0.0006876636019875759,6
128,1308,0.0006827551913254348,6
128,1309,0.0009027710436912972,6
128,1310,0.001037919378496066,6
128,1311,0.0013892599195868272,6
128,1312,0.0009377118173768961,6
128,1313,0.0015607934315303718,6
128,1314,0.0009492005457838459,6
128,1315,0.0007046004156510133,7
128,1316,0.0010864473693444898,6
128,1317,0.0006231334401157751,6
128,1318,0.0005262907434632202,6
128,1319,0.0014437818087829069,6
128,1320,0.0005691656566021441,6
128,1321,0.0007069618166567482,6
128,1322,0.0008825511908708839,7
128,1323,0.0010092693350686188,6
128,1324,0.0007484299946247663,6
128,1325,0.000994519789545345,6
128,1326,0.0010217367890267282,6
128,1327,0.0015533888906583693,9
128,1328,0.001267759118235734,6
128,1329,0.0008108472071677864,6
128,1330,0.0011573690327426611,6
128,1331,0.0007983682124018676,6
128,1332,0.0007399506370920905,6
128,1333,0.0006797772163200655,6
128,1334,0.0006296184611378486,6
128,1335,0.0008100684492305943,6
128,1336,0.0008650353593153692,6
128,1337,0.000547050416992434,7
128,1338,0.0009028299442218612,6
128,1339,0.000817100047146968,6
128,1340,0.0017216060338927086,19
128,1341,0.0008563692036304138,6
128,1342,0.0007958378209372841,6
128,1343,0.001108213871667818,6
128,1344,0.0009869233060810778,8
128,1345,0.0010258873141607283,6
128,1346,0.0008748795166243495,7
128,1347,0.0008066394456901493,6
128,1348,0.0009216257007979012,6
128,1349,0.0007738347999472484,12
128,1350,0.00037955354980434564,6
128,1351,0.0012922452798648232,6
128,1352,0.0008168951014756454,7
128,1353,0.0008712651225301071,6
128,1354,0.0009586613620107265,6
128,1355,0.0010756585899716065,8
128,1356,0.0007021158902706381,6
128,1357,0.0007749954079736554,9
128,1358,0.0006067015227164685,6
128,1359,0.0009137912931616032,6
128,1360,0.0012821704154228897,6
128,1361,0.0008848122715043871,6
128,1362,0.0008735948161705531,6
128,1363,0.0009149998133568538,6
128,1364,0.0013333903555846627,7
128,1365,0.0007667230904659927,6
128,1366,0.0011345623539754657,10
128,1367,0.00133875445657608,6
128,1368,0.0008650409301780293,6
128,1369,0.000955055315184028,8
128,1370,0.0009591972921957348,6
128,1371,0.0008348300548859378,6
128,1372,0.0012725261742153604,9
128,1373,0.0009991560178298498,6
128,1374,0.0006806481552671384,7
128,1375,0.00075712003880124,6
128,1376,0.0005781476200563684,9
128,1377,0.0006094925782823557,7
128,1378,0.0010382844122822643,6
128,1379,0.0006474046005792156,6
128,1380,0.0007466759896650466,8
128,1381,0.0008014808100332838,6
128,1382,0.0010359416752652173,7
128,1383,0.0006761783053759185,6
128,1384,0.0013012727157470927,10
128,1385,0.0011693223582578405,6
128,1386,0.0007545164388116365,8
128,1387,0.0005564213388608019,6
128,1388,0.0009867065427190402,6
128,1389,0.001065537188237542,7
128,1390,0.0011180263469612317,6
128,1391,0.000603472644745473,6
128,1392,0.0007561868882137723,6
128,1393,0.0010214613610544099,7
128,1394,0.0009755918266257657,6
128,1395,0.0007438771342916928,8
128,1396,0.0010359526426095833,9
128,1397,0.0006733969691130604,6
128,1398,0.0005592861770460367,6
128,1399,0.0008504388541755725,6
128,1400,0.000977847117229147,6
128,1401,0.0008964595527993779,6
128,1402,0.0014975440912497473,9
128,1403,0.001371486329711069,6
128,1404,0.0005608159464912665,10
128,1405,0.0010919405005058724,8
128,1406,0.0006485310493840879,7
128,1407,0.001313020392298192,7
128,1408,0.0018444081818891345,11
128,1409,0.0008538238269440446,6
128,1410,0.000632876096897772,6
128,1411,0.0009599403800812922,6
128,1412,0.0009881223878658307,12
128,1413,0.0013124490973339675,6
128,1414,0.0010769881244394597,7
128,1415,0.0017370751453522626,6
128,1416,0.0005220672265766613,7
128,1417,0.0014686902349426711,6
128,1418,0.0015285012108632312,6
128,1419,0.001415264534073729,7
128,1420,0.0007057043386340389,6
128,1421,0.0012494835763809387,7
128,1422,0.0006064148856251839,6
128,1423,0.0008021867052979692,7
128,1424,0.001013857491642678,7
128,1425,0.0012331062229306022,6
128,1426,0.0009238610954601656,7
128,1427,0.0005485076104592146,6
128,1428,0.0010875333970694623,11
128,1429,0.0008780298944663367,7
128,1430,0.0008569561354072608,6
128,1431,0.0009596128116716729,6
128,1432,0.0007873182979510895,6
128,1433,0.0005666940182838531,6
128,1434,0.0008602425792159085,6
128,1435,0.001390289637028419,6
128,1436,0.001213857254452222,9
128,1437,0.0013279183662948668,8
128,1438,0.0010893879374054283,6
128,1439,0.0006539527063750272,7
128,1440,0.0008341129105814415,7
128,1441,0.001452744417864027,6
128,1442,0.0007709015813274211,6
128,1443,0.0008801470807264788,6
128,1444,0.0011630639145506771,7
128,1445,0.0005398262325063685,6
128,1446,0.0006751903446168273,6
128,1447,0.0006402556259882397,6
128,1448,0.0008367430375875173,6
128,1449,0.0008776230591359679,6
128,1450,0.001628653482792508,6
128,1451,0.0009998495539979002,6
128,1452,0.0010188683585229952,6
128,1453,0.0010102193023771022,6
128,1454,0.0010695245747449622,6
128,1455,0.0006501471283776872,6
128,1456,0.0008728411337041164,6
128,1457,0.0009578623652603813,6
128,1458,0.0008611383280686113,8
128,1459,0.0016203906204105278,6
128,1460,0.00046789382832673754,6
128,1461,0.0012790138649103056,6
128,1462,0.0008235514900378771,6
128,1463,0.0011433471380178917,12
128,1464,0.001190496395696461,6
128,1465,0.0005702993787064514,6
128,1466,0.0015508387746430152,6
128,1467,0.0010943763247557303,10
128,1468,0.0008762972244484857,6
128,1469,0.0009056469833983449,6
128,1470,0.0015419487796737297,7
128,1471,0.0009625298138681293,6
128,1472,0.0006913421468645042,8
128,1473,0.0012185180469184154,8
128,1474,0.0008319369056432602,6
128,1475,0.0015656690384527883,8
128,1476,0.0013531663704652308,6
128,1477,0.001304569224904406,12
128,1478,0.0009761825329376306,6
128,1479,0.0008743455437533187,6
128,1480,0.0011261062302956315,6
128,1481,0.0009736779922551175,9
128,1482,0.00170037131381362,10
128,1483,0.001162030983822615,9
128,1484,0.001028138253850397,6
128,1485,0.0007452683298875273,7
128,1486,0.0005505535022760633,6
128,1487,0.0009717326343050836,6
128,1488,0.0009728458498459713,6
128,1489,0.0009638109413028229,6
128,1490,0.0008287707796511556,6
128,1491,0.0005111622741184041,6
128,1492,0.0007402860473630923,6
128,1493,0.0006637312717439059,6
128,1494,0.000805416340229459,6
128,1495,0.0007075437063395196,6
128,1496,0.0010148782766258302,6
128,1497,0.0010098412475089136,6
128,1498,0.0006228033306203695,6
128,1499,0.001512887744440694,6
128,1500,0.0012665930428197303,6
128,1501,0.0013838910472391275,6
128,1502,0.0007683428764777567,9
128,1503,0.0007127012286001766,6
128,1504,0.0007277866291964807,6
128,1505,0.00162013166740127,6
128,1506,0.0007371560076164796,6
128,1507,0.0009395943043802313,6
128,1508,0.0005886995237200932,6
128,1509,0.0011509157978289997,8
128,1510,0.0007756278174704256,6
128,1511,0.0007408838788462713,6
128,1512,0.0008341100803297419,6
128,1513,0.0009029317947260029,6
128,1514,0.0007030430496650641,6
128,1515,0.0008078390987512618,6
128,1516,0.0013395043535879836,6
128,1517,0.0005767001071239619,6
128,1518,0.0006916539745428496,6
128,1519,0.0013312791024342463,6
128,1520,0.001242238032150178,10
128,1521,0.0008456095796923746,6
128,1522,0.001053823775953311,8
128,1523,0.0009233469772299552,6
128,1524,0.0007060389295489022,6
128,1525,0.0012774684280257853,11
128,1526,0.0009181899365668933,6
128,1527,0.0013191894774610136,6
128,1528,0.0011862765418287902,6
128,1529,0.0005781366741250127,6
128,1530,0.0009483232923169216,6
128,1531,0.0005634508261611604,6
128,1532,0.0010412586766259668,6
128,1533,0.0009506345306552477,6
128,1534,0.0011749461946913842,6
128,1535,0.0009080534551868524,6
128,1536,0.001304962856798375,9
128,1537,0.0007656352306547598,6
128,1538,0.0008435294438239316,8
128,1539,0.0005956468061237286,6
128,1540,0.001074972102854177,6
128,1541,0.0012566930166162393,7
128,1542,0.001312918710187072,6
128,1543,0.0006877743084531263,7
128,1544,0.0007945465764857274,6
128,1545,0.0006707715370466438,6
128,1546,0.0005296193257260939,6
128,1547,0.0009688947645516421,6
128,1548,0.0010052659130250774,8
128,1549,0.0010017119482409464,6
128,1550,0.0008197065713845264,6
128,1551,0.0008444882594552672,6
128,1552,0.0007611407308471818,7
128,1553,0.0006928377545257769,6
128,1554,0.0014153756676769103,6
128,1555,0.0009360629290762201,8
128,1556,0.0013655497159080765,6
128,1557,0.0012116466597533737,7
128,1558,0.0012203983380870143,6
128,1559,0.0011200503516792248,6
128,1560,0.0013002453329113983,9
128,1561,0.0012307634979600302,6
128,1562,0.0008973052100655077,8
128,1563,0.0006233232198380179,6
128,1564,0.0006287323482402352,6
128,1565,0.0013006355484664889,6
128,1566,0.0006052366148696087,6
128,1567,0.0006683590309888299,6
128,1568,0.0007317151737505911,6
128,1569,0.0006580294229907024,6
128,1570,0.0006177762424240951,6
128,1571,0.0005179627993776581,6
128,1572,0.0010893360302208777,6
128,1573,0.00045451050752598476,6
128,1574,0.0012984872338788755,6
128,1575,0.001180037247479504,6
128,1576,0.0008770912864154157,7
128,1577,0.0006184864081538177,6
128,1578,0.0006960303911208721,8
128,1579,0.0005757137113769906,6
128,1580,0.0008241579902055207,9
128,1581,0.000562361941769951,6
128,1582,0.0006062926478399566,6
128,1583,0.0005659856552743259,8
128,1584,0.0011652920031443026,6
128,1585,0.0008380296522605413,6
128,1586,0.0006007128009540841,6
128,1587,0.0008895502317647352,6
128,1588,0.0011860905763823038,8
128,1589,0.0006478806373945156,6
128,1590,0.0011888299806519509,6
128,1591,0.0006175437881610346,7
128,1592,0.0006116078916109657,6
128,1593,0.0009014801948975526,7
128,1594,0.0011613109198019833,6
128,1595,0.0010812675343129796,6
128,1596,0.0006331531205224783,6
128,1597,0.0007222733685344762,7
128,1598,0.0008014722173485533,9
128,1599,0.0007703309588836527,6
128,1600,0.0007065454205572586,6
128,1601,0.0009289185907427333,8
128,1602,0.0016903058717659958,6
128,1603,0.0012472732071031334,6
128,1604,0.0008149717150323643,6
128,1605,0.0007736110795183437,6
128,1606,0.0011209388799995335,6
128,1607,0.0006940846089439345,6
128,1608,0.000974390197480357,6
128,1609,0.001132149972165708,6
128,1610,0.0012345944795091879,6
128,1611,0.0014550844676631813,11
128,1612,0.0015594954763338276,8
128,1613,0.0009286030768524967,10
128,1614,0.0005697453035147237,6
128,1615,0.0007510688744507554,6
128,1616,0.0010308172831747786,6
128,1617,0.0009862688971921107,6
128,1618,0.0007315795242309742,6
128,1619,0.0007474580557403909,6
128,1620,0.0012242680454631616,9
128,1621,0.0012043757000758104,7
128,1622,0.0012623475164210696,6
128,1623,0.0007180250138287825,7
128,1624,0.0009597158148418883,6
128,1625,0.0011426614559496562,10
128,1626,0.0006647886708163186,8
128,1627,0.0007707139556477061,7
128,1628,0.0007392232110576824,6
128,1629,0.0007159147983010206,6
128,1630,0.0011286750258373557,7
128,1631,0.0012915820382135568,7
128,1632,0.0009095982847766582,6
128,1633,0.0010494402863593377,6
128,1634,0.0010321509691910702,11
128,1635,0.0007597878595249075,6
128,1636,0.0006945298997328431,6
128,1637,0.0013636440648588932,6
128,1638,0.0007258792294863037,6
128,1639,0.0008354676794424254,6
128,1640,0.0006372458664398728,6
128,1641,0.0013196465909980082,7
128,1642,0.0008585513094202524,6
128,1643,0.0009982615100580516,9
128,1644,0.0009107457525195928,6
128,1645,0.0009658242107817294,7
128,1646,0.0007783618176596674,8
128,1647,0.0011519447509376057,6
128,1648,0.0009898477835950104,6
128,1649,0.0013151494889490634,8
128,1650,0.0012174649545685368,6
128,1651,0.0006969548082165211,6
128,1652,0.0008473429996476156,6
128,1653,0.0010353833519953781,6
128,1654,0.0007519699451834227,6
128,1655,0.0010971854631915967,6
128,1656,0.0007200419783038869,6
128,1657,0.0010984244880858363,6
128,1658,0.000917669227820439,6
128,1659,0.001011839419665872,6
128,1660,0.0015264578642525395,6
128,1661,0.0007318939644180844,6
128,1662,0.0008031318024396272,6
128,1663,0.0008358093701464342,7
128,1664,0.0009284442005208504,6
128,1665,0.0012199918439610435,6
128,1666,0.0014533563097138824,6
128,1667,0.0007772675306799703,6
128,1668,0.0009449360455111577,8
128,1669,0.0012159804762617021,6
128,1670,0.000539477132437266,6
128,1671,0.0011211317147515887,6
128,1672,0.0008531369388629084,6
128,1673,0.0008887994340839311,6
128,1674,0.0011580997969441453,9
128,1675,0.0008486230618316437,6
128,1676,0.0010247428403336867,7
128,1677,0.000504909917775298,6
128,1678,0.0012770775741319795,10
128,1679,0.0010577941192360107,6
128,1680,0.0014909877424389428,6
128,1681,0.0011210969332353105,6
128,1682,0.0012711406945303816,6
128,1683,0.000803769153206485,9
128,1684,0.0009018453816130312,8
128,1685,0.000992877313816587,6
128,1686,0.0008516821344342063,6
128,1687,0.0010103084242727156,6
128,1688,0.0010331486671307233,6
128,1689,0.001345520025766045,6
128,1690,0.0008133363724253106,7
128,1691,0.00101120323009396,7
128,1692,0.0011170195228595858,6
128,1693,0.001492483893186125,12
128,1694,0.0007311673063731261,6
128,1695,0.0007562384409617318,6
128,1696,0.0008140504874527554,6
128,1697,0.0009876315937558111,6
128,1698,0.0008658348618380551,6
128,1699,0.000524636709044235,6
128,1700,0.0005153261394215125,6
128,1701,0.0007913950238771505,6
128,1702,0.000802124229486445,6
128,1703,0.0011471566156718849,6
128,1704,0.0012257894086239451,9
128,1705,0.001056624593254507,6
128,1706,0.0013978286596530998,6
128,1707,0.0012896587285469163,10
128,1708,0.0004800051230913205,6
128,1709,0.0008128610835687056,7
128,1710,0.0006699261176356108,6
128,1711,0.0008086183465597918,8
128,1712,0.0008416530499864017,6
128,1713,0.0007800764352025036,6
128,1714,0.0005855475518785624,6
128,1715,0.0009840711114355027,6
128,1716,0.0006537547377402642,6
128,1717,0.0008719506928233645,6
128,1718,0.0009599084307874151,7
128,1719,0.0010133069546598428,7
128,1720,0.000946799961460798,6
128,1721,0.0005457030710563915,6
128,1722,0.0005825611772035666,6
128,1723,0.0009381943731020526,8
128,1724,0.0013450732852703928,9
128,1725,0.0011651465109046022,6
128,1726,0.0006957895762351729,6
128,1727,0.0007803918159351442,6
128,1728,0.0007933586372823598,7
128,1729,0.0009222038910911556,6
128,1730,0.0006588575102954575,6
128,1731,0.0008814458218702192,6
128,1732,0.0014128220347158216,6
128,1733,0.0015796956716335186,10
128,1734,0.0010339128352478966,6
128,1735,0.00135483392558855,7
128,1736,0.0010655543603185214,6
128,1737,0.0011021960859406432,6
128,1738,0.0014062640937657633,6
128,1739,0.0009809404885747774,6
128,1740,0.00116844056356058,6
128,1741,0.000786784955135178,6
128,1742,0.0009412360856406732,7
128,1743,0.0006198406387825095,6
128,1744,0.0008673948996309466,6
128,1745,0.0008206359203525582,6
128,1746,0.0012854572142808607,6
128,1747,0.0018425788814255828,9
128,1748,0.0007293516969257008,8
128,1749,0.000796800394061159,6
128,1750,0.0007425652604075017,6
128,1751,0.0008200126337872815,6
128,1752,0.0013475171049892598,6
128,1753,0.000704798684088348,6
128,1754,0.0010185254561388968,9
128,1755,0.0009338424643567933,6
128,1756,0.0010402964889442146,6
128,1757,0.0008384436959802954,6
128,1758,0.0008253416393279034,6
128,1759,0.0010195031529647014,7
128,1760,0.0007926500124445512,6
128,1761,0.0016294886326565505,6
128,1762,0.0007253171108225764,10
128,1763,0.0011282142969917253,7
128,1764,0.00077703436877119,6
128,1765,0.0010049314682465393,6
128,1766,0.0008572906116246504,6
128,1767,0.0009153495174148985,6
128,1768,0.0008448526323218131,6
128,1769,0.0012317903595857604,9
128,1770,0.0011938209222439877,8
128,1771,0.0009756200593805664,9
128,1772,0.0008391178892059592,7
128,1773,0.00098232850115193,9
128,1774,0.0006932387645152138,6
128,1775,0.0012095365219082221,11
128,1776,0.0009014028725928547,6
128,1777,0.0011931579613565502,6
128,1778,0.0006545097595692106,6
128,1779,0.001015810994424049,7
128,1780,0.0007681048200177676,7
128,1781,0.0011591359515823463,6
128,1782,0.0007548471988195748,6
128,1783,0.0006068477021624608,6
128,1784,0.0004861282792688604,6
128,1785,0.0010892742106156372,7
128,1786,0.0012906661438520928,7
128,1787,0.0010321032946041253,6
128,1788,0.0012424556752543836,6
128,1789,0.0009165906925991951,6
128,1790,0.0014904533783700602,6
128,1791,0.0008166278846806208,6
128,1792,0.0009148170521607879,7
128,1793,0.0013982112340722996,6
128,1794,0.000990544807997984,6
128,1795,0.0009267798762407353,6
128,1796,0.0010910351612799518,7
128,1797,0.0014144345397584246,6
128,1798,0.0010300299474047536,6
128,1799,0.0009493793899472136,6
128,1800,0.0009224451534713962,11
128,1801,0.0009321463608863434,6
128,1802,0.0008041770869868792,6
128,1803,0.0008135804220267273,6
128,1804,0.001114673639385999,6
128,1805,0.00135379812067149,10
128,1806,0.0014826034712120961,14
128,1807,0.0008330088837269489,6
128,1808,0.0012734514622710913,6
128,1809,0.001050198585905826,6
128,1810,0.0007843541214117566,6
128,1811,0.001040193080705465,7
128,1812,0.0005472617046373696,6
128,1813,0.0010005193989393035,7
128,1814,0.0010906048472801855,6
128,1815,0.0004672015412213737,6
128,1816,0.0005646382373672987,6
128,1817,0.0011219611004151808,6
128,1818,0.0010056875307848934,6
128,1819,0.000653198848052372,6
128,1820,0.0018905324436608861,7
128,1821,0.0012928639526267327,9
128,1822,0.0014478706010825348,14
128,1823,0.000996718228010951,6
128,1824,0.0008975260611885361,6
128,1825,0.001253265578460394,7
128,1826,0.000535694294920841,6
128,1827,0.0010361258812896512,6
128,1828,0.0007678844684311237,8
128,1829,0.0005852435911874454,6
128,1830,0.0006739866744848722,8
128,1831,0.0007252562222861414,6
128,1832,0.0010880770622756497,6
128,1833,0.0009136479211644399,6
128,1834,0.0007288800207141399,6
128,1835,0.0011107383478348165,6
128,1836,0.0011839862623523878,7
128,1837,0.0012601131752169037,6
128,1838,0.0009909059868040693,6
128,1839,0.0010594226082453195,6
128,1840,0.0009131256839839119,6
128,1841,0.0012686646378107236,6
128,1842,0.0010591005489072325,6
128,1843,0.0006556237604493642,6
128,1844,0.0006539920689480061,6
128,1845,0.000858856379589934,6
128,1846,0.0011683989328671318,6
128,1847,0.001179299081508406,8
128,1848,0.0016084046778365169,6
128,1849,0.0010233168924351776,8
128,1850,0.0011062060819122532,6
128,1851,0.000925372169671923,9
128,1852,0.001174774861455452,6
128,1853,0.0008690621041402835,6
128,1854,0.0005292460080114081,6
128,1855,0.0011911543123063195,6
128,1856,0.0011927367024563984,6
128,1857,0.0006455034475927046,6
128,1858,0.0009141615796661728,6
128,1859,0.0011686737080384146,8
128,1860,0.001325108339462977,10
128,1861,0.0007875119130509312,6
128,1862,0.0013362288282122714,12
128,1863,0.0010447073396073758,6
128,1864,0.0012437527232793677,6
128,1865,0.0007418845493358805,6
128,1866,0.0014468947736280269,6
128,1867,0.0008389810001251385,7
128,1868,0.0008102644777765455,6
128,1869,0.0008416055924191923,6
128,1870,0.0009075315937784323,11
128,1871,0.0007240167624360527,6
128,1872,0.001592079728787943,9
128,1873,0.0007032821486660512,6
128,1874,0.000911111442797985,6
128,1875,0.0006080926990486013,6
128,1876,0.0012566339933969273,9
128,1877,0.0010812415179977108,10
128,1878,0.0012205568739470651,6
128,1879,0.001368158119596563,6
128,1880,0.0009093625061397381,6
128,1881,0.0013919403447474332,6
128,1882,0.0008352017803565648,6
128,1883,0.0011488099871528878,6
128,1884,0.0008303519535214354,6
128,1885,0.0010950282156079738,7
128,1886,0.0007651838226482299,9
128,1887,0.0009866458817641144,9
128,1888,0.0013053555888994373,6
128,1889,0.0010964396310630953,6
128,1890,0.0008900820601650539,6
128,1891,0.0013563210170972617,6
128,1892,0.0010238841208386473,6
128,1893,0.00110964617770537,6
128,1894,0.0007189150204012229,6
128,1895,0.0008212387172232827,6
128,1896,0.0009501138767986639,9
128,1897,0.0014260199206673763,6
128,1898,0.0008027768810753289,7
128,1899,0.000977044482667555,6
128,1900,0.0007174709461303941,6
128,1901,0.0005980758415924659,6
128,1902,0.0012781514518847015,6
128,1903,0.0012061713174074118,11
128,1904,0.0016035689772587736,6
128,1905,0.0009778325542814104,11
128,1906,0.0009993918585722295,6
128,1907,0.0007231926601721783,6
128,1908,0.0007389903332889469,6
128,1909,0.001396819848103359,10
128,1910,0.0010434197097238807,10
128,1911,0.0009354442867487434,6
128,1912,0.0007370425937086589,6
128,1913,0.0014006708402091173,10
128,1914,0.0007237267049019502,6
128,1915,0.0009813224490814454,6
128,1916,0.001089981937195117,6
128,1917,0.0006873932968016749,6
128,1918,0.0012064535464937354,6
128,1919,0.0007874456651566497,6
128,1920,0.0006963298551435626,6
128,1921,0.0006245309560668488,6
128,1922,0.0011316809988379806,6
128,1923,0.001119354040325482,9
128,1924,0.001169450341660161,6
128,1925,0.00039707883067105487,6
128,1926,0.001154051718253446,7
128,1927,0.0009008883236441001,7
128,1928,0.000995567109902451,6
128,1929,0.0011826361961935206,6
128,1930,0.0006910074424703039,7
128,1931,0.0007305912760180444,7
128,1932,0.000684758465876012,6
128,1933,0.0007507032556444138,6
128,1934,0.000691411931346031,6
128,1935,0.0008323475675443559,6
128,1936,0.0007880753531548379,6
128,1937,0.0007981471407226826,6
128,1938,0.00045329623345480297,6
128,1939,0.0016287430039437778,6
128,1940,0.0012258360214296715,6
128,1941,0.0013486459846285825,10
128,1942,0.0007753035631946625,6
128,1943,0.0009549214047419596,6
128,1944,0.0011240997595942659,6
128,1945,0.0010123942016215803,6
128,1946,0.001298627988028933,13
128,1947,0.0014021921293435602,6
128,1948,0.0008468059712365417,6
128,1949,0.0011647210504892591,8
128,1950,0.000490127826515363,6
128,1951,0.001599982945722167,6
128,1952,0.0011384095421936857,6
128,1953,0.0010305635567307014,6
128,1954,0.0009833712725083599,6
128,1955,0.0008825086203640975,8
128,1956,0.001004829725921974,6
128,1957,0.0010581549349433228,6
128,1958,0.0008494068263825427,6
128,1959,0.0006532398605020306,6
128,1960,0.0008568192300124622,6
128,1961,0.0007801118556168829,6
128,1962,0.0013309068605544816,6
128,1963,0.0007280595993821581,9
128,1964,0.0014904720330854992,6
128,1965,0.0006197116303055528,6
128,1966,0.0007226359944536576,6
128,1967,0.0008257829638835812,6
128,1968,0.0012282976919796296,6
128,1969,0.0012203065799594182,8
128,1970,0.0012238563453016438,6
128,1971,0.00115569246962699,6
128,1972,0.0009086146762844471,7
128,1973,0.0005928000160737579,7
128,1974,0.0008521669344710436,6
128,1975,0.0011931046916277,6
128,1976,0.0008233196627902284,7
128,1977,0.001475898750770921,15
128,1978,0.0008299696021860647,6
128,1979,0.0011759481185114051,6
128,1980,0.0008813829138185902,6
128,1981,0.0010680772170899022,6
128,1982,0.0007277344443628042,6
128,1983,0.0011245935314998512,6
128,1984,0.0007269942412757024,6
128,1985,0.0012992775041589244,6
128,1986,0.0005354323370135861,6
128,1987,0.0010671440969595158,13
128,1988,0.00046982046127042043,8
128,1989,0.0014804870063572784,6
128,1990,0.0013073196784443297,7
128,1991,0.0008809547067814005,6
128,1992,0.0012516917262839211,8
128,1993,0.001091928477215176,6
128,1994,0.0016128787612921247,6
128,1995,0.0012320444298276056,6
128,1996,0.0004454540155346409,6
128,1997,0.0005669928142419955,8
128,1998,0.0007076420342742029,6
128,1999,0.001187491029024823,6
128,2000,0.0009192112917016937,6
128,2001,0.0008629170345054726,7
128,2002,0.0009442168379165672,7
128,2003,0.0007472650296121985,9
128,2004,0.0007865343403002933,6
128,2005,0.0016697317589678962,6
128,2006,0.0004134253813656841,6
128,2007,0.0012474600772401923,16
128,2008,0.0009043371026886127,6
128,2009,0.0011166423811370674,6
128,2010,0.0018982910742988968,6
128,2011,0.0012195704617218306,6
128,2012,0.0010147266383273568,6
128,2013,0.0007650014582122333,8
128,2014,0.0012055680340619102,7
128,2015,0.001000758349738784,6
128,2016,0.0014105634945773549,6
128,2017,0.0010409948975506067,6
128,2018,0.0010640825789749453,6
128,2019,0.0006965259839221138,6
128,2020,0.0008810323151842159,8
128,2021,0.0006210236763863897,7
128,2022,0.0008184786742613248,6
128,2023,0.001083751862270499,11
128,2024,0.0013303194191249812,6
128,2025,0.001072807165488604,7
128,2026,0.0012795286899808245,10
128,2027,0.000798358336253191,8
128,2028,0.0009206027456146737,6
128,2029,0.0005467767819248293,6
128,2030,0.0006187026394222084,6
128,2031,0.0012136598607214166,6
128,2032,0.0008173682158489903,9
128,2033,0.0008581295824175994,6
128,2034,0.0011402388062780044,9
128,2035,0.0008048120026830086,6
128,2036,0.0013052378850915147,9
128,2037,0.0008194919457414906,6
128,2038,0.0013912397343981975,10
128,2039,0.0007908443278707433,6
128,2040,0.0007996106603541664,7
128,2041,0.0006622068542740667,6
128,2042,0.0009870804771326958,6
128,2043,0.0006445936184039658,6
128,2044,0.0010008765418558774,6
128,2045,0.00106167196760798,8
128,2046,0.0007840843013483534,6
128,2047,0.0008186483700115543,6
128,2048,0.0006241744476185307,6
128,2049,0.0010424894566392062,6
128,2050,0.0011755489059361024,10
128,2051,0.0006473268233939677,6
128,2052,0.0007785364894898061,6
128,2053,0.0011724365308228846,6
128,2054,0.0005053890930409866,6
128,2055,0.0012886326250927116,6
128,2056,0.0005081590258858293,6
128,2057,0.0009452682928077216,9
128,2058,0.0007281981610425259,6
128,2059,0.0007561735804528791,6
128,2060,0.0014575564045408995,8
128,2061,0.0010663104344557361,7
128,2062,0.0008707329859782842,6
128,2063,0.0011694458796821516,6
128,2064,0.0005178006582734485,6
128,2065,0.0011143332680736417,6
128,2066,0.0010141775972192235,9
128,2067,0.0008953560726867593,6
128,2068,0.0015259419718186562,6
128,2069,0.0013404772169776091,7
128,2070,0.0011192293760938776,6
128,2071,0.0011941778607997833,7
128,2072,0.000911292530550889,6
128,2073,0.0006789370044967269,6
128,2074,0.0007061937804007101,6
128,2075,0.001094898957263335,6
128,2076,0.0010697616648694952,6
128,2077,0.0007290804143622875,6
128,2078,0.0010986629697750383,6
128,2079,0.0010972652184330078,8
128,2080,0.0013060075810255034,6
128,2081,0.0010394203254391332,6
128,2082,0.0009742035833075757,7
128,2083,0.0006083079057879193,7
128,2084,0.0013523482960666744,6
128,2085,0.0007738742713242486,6
128,2086,0.0012795477758577867,11
128,2087,0.001273491668450255,6
128,2088,0.0007063133045525083,6
128,2089,0.0011381392513091781,6
128,2090,0.0011127116808040127,8
128,2091,0.0009251995306914507,6
128,2092,0.001043654474443767,6
128,2093,0.0009492681173123296,6
128,2094,0.001419819919945664,6
128,2095,0.0008342035200370468,6
128,2096,0.0014668515744393762,6
128,2097,0.0012939660923587115,6
128,2098,0.0006579598841761625,6
128,2099,0.0005602151382028131,6
128,2100,0.0007354087901671746,6
128,2101,0.001021276282650474,6
128,2102,0.001393626418210614,6
128,2103,0.0009852164242966088,6
128,2104,0.00124370111709593,6
128,2105,0.0011613578835746319,8
128,2106,0.0012083861706176924,6
128,2107,0.0009424541763222161,6
128,2108,0.0010653581176039983,8
128,2109,0.0007887913528955015,9
128,2110,0.0007757265081271836,6
128,2111,0.000951379242263628,6
128,2112,0.0007289093100177058,6
128,2113,0.0009631348277147067,6
128,2114,0.0007844599087942772,6
128,2115,0.0012691465613385855,6
128,2116,0.001190328279193742,7
128,2117,0.0009255940659171902,6
128,2118,0.0009747166495073234,6
128,2119,0.0007337323072253987,6
128,2120,0.0014959313978182287,6
128,2121,0.001465800773209236,8
128,2122,0.0007114002075915282,6
128,2123,0.0014158962617237814,12
128,2124,0.0009446962036340767,6
128,2125,0.000786776492157748,6
128,2126,0.0005835553187333864,6
128,2127,0.0013983081374211448,9
128,2128,0.0005997328582890149,6
128,2129,0.0007651664616242226,7
128,2130,0.001155589065073237,11
128,2131,0.0008014433600159743,6
128,2132,0.0017272038750603125,6
128,2133,0.0015047727387756948,13
128,2134,0.0005976455385807711,6
128,2135,0.0008856954172691278,6
128,2136,0.0010634822443084113,6
128,2137,0.0008896616279020497,6
128,2138,0.0006074066115522303,6
128,2139,0.0012688629735723156,6
128,2140,0.0008871207946882231,6
128,2141,0.0011950119113678936,6
128,2142,0.0009205109743476436,6
128,2143,0.000784609660715363,6
128,2144,0.0006196796352944123,6
128,2145,0.0010219176146987197,6
128,2146,0.0010246623725694848,6
128,2147,0.0006288295607222993,6
128,2148,0.00113584513627063,6
128,2149,0.0007395178941208558,6
128,2150,0.0010131664707900834,7
128,2151,0.00088480960360382,6
128,2152,0.001144730335348898,6
128,2153,0.0007308673690091805,6
128,2154,0.0008865344881034964,6
128,2155,0.0009108054113338149,6
128,2156,0.0004949893693657614,6
128,2157,0.0012646426818344603,6
128,2158,0.0009318130811648562,6
128,2159,0.0010813800937585771,8
128,2160,0.0011210999340423577,9
128,2161,0.001416460965440014,6
128,2162,0.0013981088035271982,6
128,2163,0.0017496076926436233,9
128,2164,0.001034701517119263,6
128,2165,0.0012573142489891165,6
128,2166,0.0010983560486680366,9
128,2167,0.001004622589881099,6
128,2168,0.0006939629878212061,6
128,2169,0.0010512246040612627,7
128,2170,0.0007287718504732643,6
128,2171,0.000839969733144319,6
128,2172,0.0004268874182100646,7
128,2173,0.0014750769437408828,6
128,2174,0.0008292023358745793,7
128,2175,0.0009910084125799301,15
128,2176,0.0006657240301725098,6
128,2177,0.0006658460679408451,6
128,2178,0.0006642306904129924,6
128,2179,0.0011178114156199515,9
128,2180,0.0005654252902463908,6
128,2181,0.0007892839582591682,6
128,2182,0.001117354120436509,6
128,2183,0.0008236699824772931,7
128,2184,0.0009670765836715667,6
128,2185,0.0010582016127883564,6
128,2186,0.0009471172659895055,6
128,2187,0.0009548259423356464,6
128,2188,0.0007902827591720341,8
128,2189,0.0006506770425018793,6
128,2190,0.0012698222646319868,11
128,2191,0.0008031281355654896,8
128,2192,0.0011026543370473707,8
128,2193,0.0010474084693928853,6
128,2194,0.0011457467639413577,7
128,2195,0.0008365001532044947,7
128,2196,0.001668685854848806,10
128,2197,0.0010881859214630918,6
128,2198,0.000788294099835718,7
128,2199,0.0007319527416912441,8
128,2200,0.0013215781269981797,8
128,2201,0.0009416577392170056,6
128,2202,0.0009377228045522878,6
128,2203,0.0009845327956999883,6
128,2204,0.0011593710584480443,6
128,2205,0.0014525195228719534,9
128,2206,0.0008788308679417156,7
128,2207,0.0009446358889151907,7
128,2208,0.0004502979729303913,6
128,2209,0.001242046842527933,6
128,2210,0.001243070724986639,7
128,2211,0.0006050007061423335,7
128,2212,0.0009688483063461373,7
128,2213,0.0013226091554355834,7
128,2214,0.0012895912341531757,6
128,2215,0.0010550365069856016,11
128,2216,0.001408464199639553,7
128,2217,0.0007864899204131914,8
128,2218,0.0010321940828889042,6
128,2219,0.0005138926307174385,6
128,2220,0.001128506601643986,6
128,2221,0.0010678303774591669,9
128,2222,0.0006557793808037449,6
128,2223,0.0011296270875008618,6
128,2224,0.0007893908013892892,6
128,2225,0.0007148815900367422,6
128,2226,0.0006406125426912657,6
128,2227,0.0007175193145539382,6
128,2228,0.0013679377022794426,6
128,2229,0.0010329104489177898,6
128,2230,0.0009635562108524232,6
128,2231,0.0010237535183079682,6
128,2232,0.001424720988885242,6
128,2233,0.0007438418512206724,8
128,2234,0.0013053024098145238,6
128,2235,0.000706539153982555,6
128,2236,0.0007174358837752637,6
128,2237,0.0010527991471830367,6
128,2238,0.0011514443533074958,6
128,2239,0.0009873998629486014,6
128,2240,0.0006012471173062472,6
128,2241,0.0010111783581269185,7
128,2242,0.0012230221157523702,9
128,2243,0.0010933112809633494,7
128,2244,0.0009507794178204021,7
128,2245,0.00132382812582299,6
128,2246,0.0012715208386768762,6
128,2247,0.0010293628308830627,8
128,2248,0.000681845912998913,6
128,2249,0.0006518192289817204,8
128,2250,0.0007044921016188255,6
128,2251,0.0010063404294983203,6
128,2252,0.0012303943126502626,6
128,2253,0.0009241294579953596,7
128,2254,0.0009919320436789225,6
128,2255,0.0014670144676089958,6
128,2256,0.0006038355860263911,6
128,2257,0.001195007869417064,8
128,2258,0.0007506719424271724,7
128,2259,0.0015075099331769426,6
128,2260,0.001455118617955664,6
128,2261,0.0007606217894481349,6
128,2262,0.0007072126631419984,7
128,2263,0.0008451530085283876,6
128,2264,0.0008658422125400467,9
128,2265,0.0010130552514312496,6
128,2266,0.0008351719005932345,6
128,2267,0.0011303350451603578,10
128,2268,0.0005238970683131283,6
128,2269,0.0005688138122095232,6
128,2270,0.000778907568466769,6
128,2271,0.0011072526612678213,6
128,2272,0.0008809413878044792,6
128,2273,0.001000964268502491,6
128,2274,0.0012692790803865428,10
128,2275,0.0010808822687260466,8
128,2276,0.0018390566186654023,6
128,2277,0.0012337470049988974,6
128,2278,0.0009098318065799971,8
128,2279,0.0008958669535452657,7
128,2280,0.0013979349158419474,6
128,2281,0.0009687928700315984,6
128,2282,0.0006632031470855115,6
128,2283,0.0010942571467345008,6
128,2284,0.0012734333188942348,6
128,2285,0.0009027936252783975,7
128,2286,0.0009441059554097242,6
128,2287,0.0009772912548313695,7
128,2288,0.0010867084049726305,6
128,2289,0.0008322765101703711,10
128,2290,0.0007960812496110581,6
128,2291,0.0007456590927870099,6
128,2292,0.0010248396653254055,7
128,2293,0.0009350110922221599,6
128,2294,0.0011156274083643503,6
128,2295,0.0008964868831768946,6
128,2296,0.000770797655435862,7
128,2297,0.0008450820000106551,8
128,2298,0.0008561267139355344,7
128,2299,0.0006704671432645748,6
128,2300,0.0008689602606329616,6
128,2301,0.0008068531274229018,6
128,2302,0.000758814983854883,7
128,2303,0.0007295567694390881,8
128,2304,0.000551589664341795,6
128,2305,0.0006809964315472872,6
128,2306,0.0007391954976815329,7
128,2307,0.0008525867592317216,7
128,2308,0.0013036804264369706,6
128,2309,0.001359865505687785,6
128,2310,0.0009975533201669329,6
128,2311,0.0013499379554698654,7
128,2312,0.0011917152706463208,6
128,2313,0.0006072840271890145,6
128,2314,0.0005823641105378585,6
128,2315,0.0014609108528397252,6
128,2316,0.0014422407759329126,6
128,2317,0.0007583781970108561,7
128,2318,0.0005423227093050986,8
128,2319,0.000802333235418673,6
128,2320,0.000980302771537267,6
128,2321,0.0008278099761295232,6
128,2322,0.0013190155019677796,6
128,2323,0.0011326720562835346,6
128,2324,0.0010335816349934523,6
128,2325,0.0013500261061331065,8
128,2326,0.000755350359057605,6
128,2327,0.0006780048244044989,6
128,2328,0.0013159310876175168,6
128,2329,0.0005805180825624312,6
128,2330,0.0009279622270489396,6
128,2331,0.0010747677844445969,6
128,2332,0.0009504219237471689,6
128,2333,0.0014225392499390699,6
128,2334,0.0005605136543073985,8
128,2335,0.0006825729217214693,7
128,2336,0.0009326760487861074,8
128,2337,0.0006569132060068039,6
128,2338,0.0010391893803095575,6
128,2339,0.000809294558418161,6
128,2340,0.001617991695237464,11
128,2341,0.001177552158029782,6
128,2342,0.000937526124767718,9
128,2343,0.0009323225699291449,6
128,2344,0.001067614413801321,6
128,2345,0.0008974193252939688,7
128,2346,0.0006145659948688098,6
128,2347,0.0008737456409733113,6
128,2348,0.0007739778154679522,7
128,2349,0.0009644927721184082,9
128,2350,0.0009871989038200413,7
128,2351,0.0008981690594263569,6
128,2352,0.0007322368425237702,6
128,2353,0.0010873355924392314,6
128,2354,0.0007760889189335485,6
128,2355,0.0008034122585307557,7
128,2356,0.0009000634817855069,6
128,2357,0.0011443727897182399,6
128,2358,0.0010363591200985844,6
128,2359,0.0010864127731008422,6
128,2360,0.0007158233261036484,6
128,2361,0.0008578561265283335,9
128,2362,0.0007098272988803611,6
128,2363,0.0009996380376021685,8
128,2364,0.0005793693411960676,7
128,2365,0.000966049792408219,6
128,2366,0.000736780222931277,8
128,2367,0.0008205847410595601,6
128,2368,0.0011398643953094978,7
128,2369,0.000689791053428368,6
128,2370,0.001316833560019437,8
128,2371,0.0013596105933059155,7
128,2372,0.001127702898080618,6
128,2373,0.0015047272832290626,9
128,2374,0.0007375298734584312,7
128,2375,0.0009380063565657126,6
128,2376,0.0010459035442632603,6
128,2377,0.0013438770149173385,6
128,2378,0.00107601330481788,8
128,2379,0.0006729035631029001,7
128,2380,0.0017699080494300579,9
128,2381,0.0009557153739238045,6
128,2382,0.0009392817295557077,7
128,2383,0.0007720347261185589,6
128,2384,0.0009275634137388966,7
128,2385,0.0007970386133226981,6
128,2386,0.0005513803428958131,7
128,2387,0.0008305340260346128,6
128,2388,0.0006743343337920482,6
128,2389,0.0015188735369374706,6
128,2390,0.0009555018695244222,6
128,2391,0.0008376975379034701,6
128,2392,0.0010490176903661386,6
128,2393,0.001137570282323641,6
128,2394,0.0008825376870895685,6
128,2395,0.0008245209812185461,6
128,2396,0.0008194560952596852,6
128,2397,0.001355170011176493,11
128,2398,0.0006816365872818198,6
128,2399,0.0008167076997238065,6
128,2400,0.0006806712861504582,6
128,2401,0.0007584603632022624,6
128,2402,0.0011164501029626295,10
128,2403,0.0008617036929621236,8
128,2404,0.0009059809604441971,6
128,2405,0.000953477913175127,8
128,2406,0.0009163578537882411,7
128,2407,0.0011021872000192001,6
128,2408,0.0008826910471168292,7
128,2409,0.0007462876669781515,6
128,2410,0.0009999762298510406,6
128,2411,0.0008021512084598337,6
128,2412,0.0007383136949200564,6
128,2413,0.0009446688121831359,6
128,2414,0.0010427748990077257,6
128,2415,0.0005547958882621273,6
128,2416,0.001281225520236573,8
128,2417,0.002163425085709436,18
128,2418,0.0008366138913784571,6
128,2419,0.0007373368385155676,6
128,2420,0.0009071605009375316,6
128,2421,0.0007805416593034131,6
128,2422,0.0012927419430586173,10
128,2423,0.0008907539168885314,6
128,2424,0.0014680777567812608,10
128,2425,0.0008777293956009347,6
128,2426,0.0006602616103951187,6
128,2427,0.0008799874403457864,6
128,2428,0.0011808590059458335,8
128,2429,0.0013512919452465244,13
128,2430,0.0006376950023322392,6
128,2431,0.0012927950252266118,6
128,2432,0.0006678550086353097,7
128,2433,0.000743429113033045,6
128,2434,0.0012633354372463268,6
128,2435,0.0007560164661679636,6
128,2436,0.0013134547294205712,6
128,2437,0.0007359243053090825,7
128,2438,0.0012313319848171467,6
128,2439,0.0006306834479097301,7
128,2440,0.0006339653573724791,6
128,2441,0.0007985291677197193,6
128,2442,0.0012575748700128786,10
128,2443,0.0007100887787778731,6
128,2444,0.0007283493422332032,6
128,2445,0.0008299292781401568,6
128,2446,0.0008140272434924434,6
128,2447,0.00123966985195062,8
128,2448,0.0010803634278304108,8
128,2449,0.0008025713245979338,6
128,2450,0.0012759754861154382,12
128,2451,0.0008182550741114292,6
128,2452,0.0012181922638764275,6
128,2453,0.00044138463001133776,6
128,2454,0.0008027950943025886,6
128,2455,0.0009871068875918487,6
128,2456,0.0009936893915178935,6
128,2457,0.0005600128864263754,6
128,2458,0.0004426142866512661,6
128,2459,0.0008671844122793981,6
128,2460,0.0013840989451788799,7
128,2461,0.0005999607933905304,7
128,2462,0.0008982460662517733,8
128,2463,0.0009400379357935029,7
128,2464,0.001003588468294292,6
128,2465,0.0006530979295524819,6
128,2466,0.0010125257767189533,12
128,2467,0.0007964585058336526,6
128,2468,0.0007224616128436168,6
128,2469,0.0006385697121864542,8
128,2470,0.0011072702525944944,8
128,2471,0.0010781083795010638,9
128,2472,0.0006748118380349721,6
128,2473,0.0008458355203723733,10
128,2474,0.0011074073791051131,7
128,2475,0.0013144856812357109,6
128,2476,0.0010344167804642312,8
128,2477,0.0008001572565157211,6
128,2478,0.0016548632925733608,6
128,2479,0.0011591150749973855,6
128,2480,0.0010822773627920945,6
128,2481,0.0008485976049878996,8
128,2482,0.0010926192455573691,8
128,2483,0.0006993736796591099,7
128,2484,0.0009131783665856652,7
128,2485,0.000829369507187816,7
128,2486,0.0009414523967445076,6
128,2487,0.0012626690935886309,6
128,2488,0.0008517508632229498,6
128,2489,0.001310501897593963,6
128,2490,0.0008905253133177915,6
128,2491,0.00067993266459343,7
128,2492,0.0011617278783603302,6
128,2493,0.0007392383304106742,6
128,2494,0.001678133370849988,6
128,2495,0.0010478767878963902,6
128,2496,0.0010587932861680915,6
128,2497,0.001029252471464237,8
128,2498,0.0007891070009196643,9
128,2499,0.0012011623746738809,6
128,2500,0.0009562665116899516,7
512,1,0.0012825051420329858,6
512,2,0.0008600686408923863,6
512,3,0.0006063132312237596,6
512,4,0.0012468017882439897,6
512,5,0.0006482435811951681,7
512,6,0.0010956730012066096,6
512,7,0.001690828191479532,9
512,8,0.0011803311016827522,6
512,9,0.0011054457286733266,9
512,10,0.001186047143240443,8
512,11,0.001163477580665817,7
512,12,0.001242679113678813,8
512,13,0.000968984366206127,11
512,14,0.0011419066610460216,8
512,15,0.0007490632654626461,6
512,16,0.0007533698687193224,6
512,17,0.0012611375949118653,7
512,18,0.0008947758829945252,7
512,19,0.0010138766591318293,6
512,20,0.0010261288527916301,6
512,21,0.0008330898108148688,6
512,22,0.0012100439261022444,6
512,23,0.0010057763647502993,8
512,24,0.0007804791378051013,6
512,25,0.001514796029139287,6
512,26,0.001248729275262317,9
512,27,0.001669102634296371,10
512,28,0.0011470681105573144,7
512,29,0.0006112720185126319,7
512,30,0.0010038013725895967,6
512,31,0.0008731894931029993,9
512,32,0.0008220369523231907,8
512,33,0.001111538747259444,8
512,34,0.0012126071202749333,10
512,35,0.0009189300286920055,6
512,36,0.0005658017439016394,6
512,37,0.0012671205252532403,6
512,38,0.0012416309660326919,10
512,39,0.001443165139989433,6
512,40,0.000815663978327108,6
512,41,0.0006027282246611199,6
512,42,0.0005196205977955337,7
512,43,0.0008113786356880315,6
512,44,0.0011645342295084626,7
512,45,0.000804695388465837,7
512,46,0.0006918582678544505,7
512,47,0.0011199701994383249,7
512,48,0.0008500112065641385,7
512,49,0.0012951809758616761,6
512,50,0.0009771653836823102,7
512,51,0.0008481644428229851,6
512,52,0.0008119522562020087,6
512,53,0.0010333289140231905,6
512,54,0.0008012081547963956,6
512,55,0.0008709122859389407,9
512,56,0.0006695234957768692,7
512,57,0.0005791258751554063,6
512,58,0.0011169736363078053,10
512,59,0.001516548816269253,6
512,60,0.0015933421499284839,8
512,61,0.0009400963030912202,6
512,62,0.001031210338012123,6
512,63,0.0012111037410548198,6
512,64,0.0011606699467239245,6
512,65,0.000811892686864879,6
512,66,0.0007068205358969903,6
512,67,0.0009896858194381464,12
512,68,0.0010632793897306092,10
512,69,0.0010495857723346602,6
512,70,0.0007482527128299388,6
512,71,0.0010446765929707502,7
512,72,0.0009455113958520833,6
512,73,0.0009760847370279269,6
512,74,0.0006257503773928752,6
512,75,0.0010730250657476903,9
512,76,0.0009001308168807842,6
512,77,0.001117494129213914,6
512,78,0.0011144407161216563,6
512,79,0.0007732844323323773,6
512,80,0.0013979709014061426,9
512,81,0.0010608956061550767,6
512,82,0.0007620782882430399,6
512,83,0.0010235638838462235,7
512,84,0.00042243389648977114,6
512,85,0.0015648440585006584,13
512,86,0.0012157449299913248,6
512,87,0.0014329810001484367,6
512,88,0.0011579641452797995,13
512,89,0.001293442850070159,6
512,90,0.001405762908225916,11
512,91,0.0015841315070507234,9
512,92,0.000843244817567812,6
512,93,0.0009122294633050476,9
512,94,0.001123361164118486,8
512,95,0.000672632882105173,7
512,96,0.0011961501687608456,8
512,97,0.0012884741876914574,7
512,98,0.0006935229537173848,7
512,99,0.0015252828167854338,10
512,100,0.0006546242699875249,6
512,101,0.0014593164645227974,9
512,102,0.0008937310735125381,6
512,103,0.000928651064039776,8
512,104,0.0013330568347128535,15
512,105,0.0011441086410722834,6
512,106,0.0010568665382073572,15
512,107,0.0008287925040881827,6
512,108,0.0010026632670437907,6
512,109,0.0008803744168793814,9
512,110,0.0011224905979860256,6
512,111,0.0010160359700733257,8
512,112,0.0008844844310722522,6
512,113,0.000811010199253337,6
512,114,0.0010654379052278395,7
512,115,0.0007214771887789073,6
512,116,0.0008490007060607541,6
512,117,0.0008176510929518432,6
512,118,0.0007907263401223386,6
512,119,0.0010841466269713163,6
512,120,0.0008666581997240352,6
512,121,0.0012295380942282108,6
512,122,0.0011676373420495545,6
512,123,0.001018025530419242,12
512,124,0.0007011995176281483,6
512,125,0.0008688968797539998,6
512,126,0.0006574124945686322,7
512,127,0.001332526174984805,6
512,128,0.0007058555797968546,6
512,129,0.0009674329305107421,7
512,130,0.0009062094517810482,8
512,131,0.0009697792232742364,6
512,132,0.0010500579271119914,6
512,133,0.0006617169926372846,6
512,134,0.0006932709955302929,6
512,135,0.0012850779201507567,8
512,136,0.00101391145705243,6
512,137,0.0008058815106567474,6
512,138,0.0011310721033831461,6
512,139,0.0008429564607848883,6
512,140,0.0014473486329111829,6
512,141,0.0013159138511460444,6
512,142,0.001488707526420191,6
512,143,0.0009684487148613197,6
512,144,0.0009107798517171695,6
512,145,0.0008434363222486474,6
512,146,0.0019273428363315581,8
512,147,0.0011195304151287444,10
512,148,0.0014131574289639737,6
512,149,0.0006166168416135154,6
512,150,0.0011420065579610394,6
512,151,0.0007851737987298879,6
512,152,0.0010660313423678236,6
512,153,0.001011615650562514,6
512,154,0.0009195561121986273,6
512,155,0.0012095668851496155,7
512,156,0.001079185142097927,7
512,157,0.0007762312565352536,6
512,158,0.0015089437957377383,6
512,159,0.0011491806935808313,6
512,160,0.0008714400289053792,6
512,161,0.0006356298300614904,6
512,162,0.001393480132709679,9
512,163,0.000819171210357017,7
512,164,0.0008796856824686561,6
512,165,0.0007424214117231764,6
512,166,0.0014805669056918713,6
512,167,0.0013696334517693254,6
512,168,0.0006073538606936602,6
512,169,0.0010012177169949066,7
512,170,0.0016627906942620063,6
512,171,0.0008318486502272571,7
512,172,0.0005756347122913841,6
512,173,0.001240194465568778,6
512,174,0.0009934076170040607,6
512,175,0.0007875699750906906,6
512,176,0.0008476118317548575,6
512,177,0.0010235798582181044,6
512,178,0.0012960832974302505,9
512,179,0.0013249605526484687,7
512,180,0.0008329303947990363,7
512,181,0.0005963330869519501,6
512,182,0.0007538069440852224,6
512,183,0.0005373889615530869,6
512,184,0.0013823619959408562,9
512,185,0.0007915812781749132,6
512,186,0.0015511719734564444,6
512,187,0.0014419159779525126,6
512,188,0.0009552761753275352,6
512,189,0.0010180263429437897,11
512,190,0.0012067840247848016,6
512,191,0.0008803575850070411,9
512,192,0.0009053661581379657,8
512,193,0.0009629221099864971,6
512,194,0.0006680146132801434,7
512,195,0.0010959756046291513,6
512,196,0.0009294415960062752,6
512,197,0.0019617126109761074,15
512,198,0.0007580096844803652,6
512,199,0.0012474079738702404,6
512,200,0.0010280890811288357,9
512,201,0.0013054989821841279,16
512,202,0.0007401242794351504,6
512,203,0.0009205190313932854,6
512,204,0.0006976989745588469,7
512,205,0.0009646501479806391,6
512,206,0.0010780844279908441,12
512,207,0.0007488056359848949,6
512,208,0.0005176590540020287,6
512,209,0.0011372980710939729,10
512,210,0.0010649451132693777,6
512,211,0.0007992807585375239,6
512,212,0.0010984710007396759,6
512,213,0.0006068127098097786,6
512,214,0.001080769454867403,7
512,215,0.0007607219817962196,6
512,216,0.0007635656159866722,6
512,217,0.0009363335248995241,6
512,218,0.000921095442123071,6
512,219,0.001255228865843061,6
512,220,0.0009540723999964529,6
512,221,0.002069138350800248,9
512,222,0.0009058865744867584,7
512,223,0.0008847103008388091,6
512,224,0.0009370201623806751,8
512,225,0.0009841417032854238,6
512,226,0.0009466264531167168,6
512,227,0.0010828055441924889,7
512,228,0.0008385022215453564,6
512,229,0.0011810558511582414,7
512,230,0.001050397324663832,6
512,231,0.0007929184565874658,6
512,232,0.0012558024763413833,9
512,233,0.0005635327830036951,6
512,234,0.001347508422749999,6
512,235,0.001362473319879931,6
512,236,0.0012003297921102662,6
512,237,0.0009821175205214638,7
512,238,0.0007163828338158096,6
512,239,0.0008802647885880477,6
512,240,0.0015000511925794546,7
512,241,0.0011757441264874657,6
512,242,0.0009890995450658746,6
512,243,0.0005893407351395541,6
512,244,0.0008594940579896848,6
512,245,0.001052709180000666,6
512,246,0.0008712366964908069,6
512,247,0.0006181697186248281,6
512,248,0.0012481274592973934,6
512,249,0.0007934403404763479,6
512,250,0.0011159905034556772,6
512,251,0.001228408792372182,14
512,252,0.0010069825055604165,7
512,253,0.0011354316074894122,6
512,254,0.0008055283401579016,6
512,255,0.0013926560598234161,10
512,256,0.0014677224592628546,6
512,257,0.0005364530348813679,6
512,258,0.0006296864746337949,6
512,259,0.0012272718136001615,6
512,260,0.0006722420224282155,6
512,261,0.0011310465608519449,6
512,262,0.0007378317429595493,8
512,263,0.0012629366604575143,7
512,264,0.0010315742160873498,7
512,265,0.000865006261789758,6
512,266,0.0011298098455099215,8
512,267,0.001405544818327109,8
512,268,0.0007978134445779661,8
512,269,0.0014031618577753369,7
512,270,0.001801974167837339,6
512,271,0.0009825367049898226,6
512,272,0.001342729225166872,9
512,273,0.0006564111474454126,6
512,274,0.0008933918718111444,7
512,275,0.0008209896206106126,6
512,276,0.0009031272711864657,6
512,277,0.0007653446882525117,6
512,278,0.0010992495264167124,10
512,279,0.0009860269689878354,7
512,280,0.000735194251708704,7
512,281,0.0008922983808140605,6
512,282,0.0008242055726866981,6
512,283,0.0017577853977996938,6
512,284,0.000840268095877561,6
512,285,0.0006469529022908871,6
512,286,0.0008865799046620659,7
512,287,0.0008579960336845271,6
512,288,0.0007680639935202516,7
512,289,0.0009286367037460996,6
512,290,0.0012164269601604993,7
512,291,0.0007767795736932648,6
512,292,0.0009541115398059019,6
512,293,0.0011770097804363333,7
512,294,0.0008546905640925972,6
512,295,0.0006554115656687287,6
512,296,0.0010533338692816363,6
512,297,0.0007118284184500778,8
512,298,0.0006248142361887643,6
512,299,0.0009713822251188609,7
512,300,0.000663199217743049,6
512,301,0.0006388844529567894,6
512,302,0.0007905231290015191,8
512,303,0.0013256692377242585,6
512,304,0.0007189155493727561,6
512,305,0.0008359313667532509,6
512,306,0.0010475768105017713,6
512,307,0.0013606244438541526,9
512,308,0.0009569714891296544,6
512,309,0.001664838249107653,6
512,310,0.0010356361723998786,6
512,311,0.0010678385862275541,7
512,312,0.0010223696845058639,8
512,313,0.0006241913841052993,7
512,314,0.0008598543356305166,6
512,315,0.0006504884753275597,6
512,316,0.00033945256517109446,6
512,317,0.0010073878788476875,6
512,318,0.0006200722705498318,6
512,319,0.0008367587828843615,6
512,320,0.0011892304577605373,6
512,321,0.0010482391963131388,6
512,322,0.0014640604273289393,6
512,323,0.0012996887116450972,6
512,324,0.000791901442408538,6
512,325,0.0009888362448288168,6
512,326,0.0011754662701286,6
512,327,0.0015629365088679625,6
512,328,0.0008236703061108575,6
512,329,0.0007960322235017747,6
512,330,0.0008171113938099106,8
512,331,0.0007810115831463627,6
512,332,0.0009846452138708162,6
512,333,0.0009302421232115776,6
512,334,0.0005331063768325706,6
512,335,0.0014393153108992474,11
512,336,0.000778050821352072,6
512,337,0.0010381873928738683,6
512,338,0.0014747430279872242,6
512,339,0.0008079677482438208,6
512,340,0.0012756776099459577,7
512,341,0.0011739577718801186,6
512,342,0.0010582971186614554,6
512,343,0.0010009461457725077,6
512,344,0.001151841014670807,6
512,345,0.0008689911227738323,6
512,346,0.0009799991556113108,7
512,347,0.0007313983601281437,8
512,348,0.0008144886087581016,6
512,349,0.0007660015553351829,6
512,350,0.0007951800368581896,6
512,351,0.0010537556025215222,7
512,352,0.0013450929998006789,8
512,353,0.0009215544690003297,6
512,354,0.000782296094469781,6
512,355,0.0013726791476004752,6
512,356,0.0006113067260763438,7
512,357,0.0008489434407432106,6
512,358,0.0013156174150718014,7
512,359,0.0008953379487555146,6
512,360,0.0007618174499209873,9
512,361,0.0008719590287665779,9
512,362,0.0009328415526765332,9
512,363,0.0005977732027230287,6
512,364,0.0005391142044528507,6
512,365,0.0011780091844583174,11
512,366,0.000754843990784293,6
512,367,0.0008357201485011956,6
512,368,0.0007097162159854786,7
512,369,0.001029491309274877,6
512,370,0.0013153071528464455,9
512,371,0.0009047407168898403,6
512,372,0.0007706717771931437,6
512,373,0.0005625033444797145,6
512,374,0.0009503736284568465,6
512,375,0.0007650769971724314,6
512,376,0.0009142410483983232,7
512,377,0.0006414781166822481,6
512,378,0.0012573034591041865,7
512,379,0.0013624672868628451,6
512,380,0.0009047578976456583,6
512,381,0.0010291978486409725,6
512,382,0.0006562928201583051,6
512,383,0.0012437388341433042,6
512,384,0.0007205228929492713,8
512,385,0.0008905218279094962,6
512,386,0.001519262626476281,9
512,387,0.0008175737493777424,6
512,388,0.0011256126057814786,6
512,389,0.0006409574052851363,6
512,390,0.00071723559422332,7
512,391,0.0009265458580650643,6
512,392,0.0009772272268476767,8
512,393,0.0006623921095901819,6
512,394,0.0006759014209746228,6
512,395,0.0007947208023899588,6
512,396,0.0010546750097186752,6
512,397,0.0008307325399868892,6
512,398,0.0008750423143462083,6
512,399,0.0012642371426819232,9
512,400,0.0013581512170015853,9
512,401,0.0009386557786524863,6
512,402,0.0011824877793558952,6
512,403,0.0008252138970994416,6
512,404,0.0007569567099047214,7
512,405,0.0006091944562712781,6
512,406,0.0009014811076627494,6
512,407,0.0007606636549116474,7
512,408,0.0007905628767439776,6
512,409,0.0010421824070635521,6
512,410,0.0007445081180131874,9
512,411,0.001013725129431653,6
512,412,0.0011566462735906335,6
512,413,0.0006417035686137607,6
512,414,0.001423794262407574,6
512,415,0.0007396538086645865,8
512,416,0.0013824564587615606,9
512,417,0.0008152850349454344,6
512,418,0.0014557635903357236,6
512,419,0.0009281663040784371,6
512,420,0.001262473168139655,6
512,421,0.001199154087785148,7
512,422,0.0008631683454295991,6
512,423,0.001059841772162451,6
512,424,0.0009429518042631813,6
512,425,0.0007109290753847253,6
512,426,0.0009433376931249349,6
512,427,0.0011372944631050652,6
512,428,0.0009966381412271907,6
512,429,0.001023692923981856,6
512,430,0.0007854538721246973,7
512,431,0.0007808739979311419,8
512,432,0.0012868257578217968,6
512,433,0.0014129366306927515,6
512,434,0.0011809993546540998,9
512,435,0.0015945848036393873,6
512,436,0.0008992418337929742,6
512,437,0.0008958490755793247,8
512,438,0.0011989199900286351,6
512,439,0.0009533339244206518,6
512,440,0.0007709917658923482,6
512,441,0.001467718799806339,6
512,442,0.001061199698125348,6
512,443,0.000872655693703206,6
512,444,0.0008242192033349749,6
512,445,0.0013292382597731578,8
512,446,0.0007380367389494547,9
512,447,0.0006972308186967424,6
512,448,0.0009167078187941602,6
512,449,0.0006581250764988722,6
512,450,0.001235897645106454,7
512,451,0.0010455365054553578,6
512,452,0.0012038697282643618,6
512,453,0.0011342929289686055,9
512,454,0.000847022859804647,7
512,455,0.00136600100632156,6
512,456,0.0013245881395597126,6
512,457,0.0007393646991048497,6
512,458,0.0010212996592927626,6
512,459,0.0004738965014116081,6
512,460,0.000796229496244083,6
512,461,0.0008451760215908433,8
512,462,0.0009019797967949605,7
512,463,0.0010667984471393055,6
512,464,0.0010625165433162387,8
512,465,0.0012495372348176326,7
512,466,0.0012622882669697244,6
512,467,0.000728938107984467,7
512,468,0.0012661188218706654,7
512,469,0.0011884194738266407,6
512,470,0.0009929441142616513,7
512,471,0.000927271080383596,7
512,472,0.0011058996549504485,6
512,473,0.0006365686498386314,6
512,474,0.0012250571909363517,7
512,475,0.0007014792503249323,7
512,476,0.0007585256748192659,6
512,477,0.0008199040448114703,6
512,478,0.0009417882482839479,6
512,479,0.0007675997260100376,6
512,480,0.00047429261262205147,6
512,481,0.0006727891249521112,6
512,482,0.0008250163085214424,6
512,483,0.0011640888290970208,6
512,484,0.000911793806017247,6
512,485,0.0011296162277963928,6
512,486,0.00098212404995901,8
512,487,0.0010669206257687414,9
512,488,0.0010212016099908905,9
512,489,0.0008880100836911042,6
512,490,0.0012781248012139201,6
512,491,0.001068120098431602,6
512,492,0.0014219862018590712,6
512,493,0.0012973724463177794,6
512,494,0.001859361737453269,15
512,495,0.0009816130114014832,6
512,496,0.0008184835062852169,6
512,497,0.000740117535438789,6
512,498,0.0008195962008813451,6
512,499,0.0011333245232969524,6
512,500,0.0009413254959907968,6
512,501,0.0013804376467718704,13
512,502,0.0008821605701360147,6
512,503,0.0006240957314040951,6
512,504,0.0010137616923630022,6
512,505,0.0012297508942094026,10
512,506,0.0007727112651711443,6
512,507,0.0014236277395135444,10
512,508,0.0010305605958150221,7
512,509,0.0006660926069478323,6
512,510,0.00064307813924247,6
512,511,0.0006883037530611702,6
512,512,0.0007168641603879644,6
512,513,0.0011803134678121108,9
512,514,0.0008675168074230022,7
512,515,0.0008701456017529141,6
512,516,0.0006667029749149456,8
512,517,0.0007434641003181697,6
512,518,0.0007395574150447226,6
512,519,0.0012813784243981274,6
512,520,0.0011089803780536256,6
512,521,0.001221330162266332,6
512,522,0.000877208063837398,7
512,523,0.0006753522364507658,6
512,524,0.0009094550045398164,6
512,525,0.0015278390042926526,6
512,526,0.0010604728911580708,10
512,527,0.0013575120328757073,7
512,528,0.0007988633323294803,7
512,529,0.0008362461469558768,6
512,530,0.0006678796268889675,7
512,531,0.0010147154550891324,14
512,532,0.0012302409096422995,6
512,533,0.0008589905537100262,6
512,534,0.0009304130163440005,7
512,535,0.001001365520986175,6
512,536,0.0011167806424717819,10
512,537,0.0009333477953420988,6
512,538,0.0007472992495105579,6
512,539,0.0012047996904055447,6
512,540,0.0008663236477187697,6
512,541,0.0007478012029158432,6
512,542,0.001147441909273017,6
512,543,0.0009764585423360783,6
512,544,0.0006358713265131044,7
512,545,0.0012042143984043463,6
512,546,0.0011409929734534918,7
512,547,0.0011271639399685895,6
512,548,0.0010343017874541172,6
512,549,0.0010333220523724984,6
512,550,0.0007457927992685631,6
512,551,0.0007754909631918216,8
512,552,0.001050348583003874,8
512,553,0.0011581536512641488,6
512,554,0.0008584216371680942,7
512,555,0.0010069434969125213,6
512,556,0.0008318661351652823,6
512,557,0.0011256199205837147,6
512,558,0.0005884898483233814,6
512,559,0.0007638692901157373,6
512,560,0.001114094000580157,7
512,561,0.001244207912618367,9
512,562,0.0005285368092307063,6
512,563,0.0012842398916775855,6
512,564,0.0013212931362614477,6
512,565,0.0007999879711748092,9
512,566,0.0012940114722665985,6
512,567,0.0009422862624869355,6
512,568,0.0009364607015908966,6
512,569,0.0008079259318622967,6
512,570,0.001792116092577234,6
512,571,0.001099855146942219,6
512,572,0.0010310739442712658,6
512,573,0.0006102099030015351,6
512,574,0.0009681107115281085,7
512,575,0.0006957521781346676,7
512,576,0.000951825214136337,8
512,577,0.0012469694932754072,6
512,578,0.0015544113986830643,6
512,579,0.0006766748985869153,6
512,580,0.0014769810656187765,6
512,581,0.0007890341899325914,6
512,582,0.0008477185899593564,6
512,583,0.0009843090939546384,7
512,584,0.0010081995924223763,8
512,585,0.0010944058644736243,6
512,586,0.0009653579741574214,6
512,587,0.0008470377394298456,7
512,588,0.0009018100646890348,6
512,589,0.0009830732962513578,6
512,590,0.0010982119360717357,6
512,591,0.0009366063014829562,6
512,592,0.0007663041064156495,6
512,593,0.0006588493667899487,6
512,594,0.0012215437714832023,6
512,595,0.0011158694048579443,7
512,596,0.0012160987211846663,6
512,597,0.0013560311926695823,7
512,598,0.0008536964478399467,6
512,599,0.0005783894151333291,6
512,600,0.000793513901959586,6
512,601,0.001054495055927196,9
512,602,0.0005557893888771259,6
512,603,0.0008178822847489942,9
512,604,0.0007819701002954593,6
512,605,0.0011955232851663666,15
512,606,0.00045246433108303563,6
512,607,0.0007780796529910372,10
512,608,0.000842708852062779,6
512,609,0.0008335325781712033,6
512,610,0.000723040624473148,6
512,611,0.001160822403400985,6
512,612,0.0007720169358085283,6
512,613,0.0008520815827361972,6
512,614,0.0008026058956103199,6
512,615,0.0010609082551019111,8
512,616,0.0008454838867109071,7
512,617,0.0011489995152031973,6
512,618,0.0006187729921665608,6
512,619,0.0009727693211731836,6
512,620,0.0011638112990079164,11
512,621,0.0008983974020398966,7
512,622,0.0011226153561049168,6
512,623,0.000572812778799836,7
512,624,0.0006842098744752612,6
512,625,0.0009283586580797754,7
512,626,0.0009518924497768921,6
512,627,0.0008545720074760177,7
512,628,0.000945941899750169,6
512,629,0.0008762332119439664,6
512,630,0.0012537306225866018,6
512,631,0.0010199798073970978,6
512,632,0.0006766642571940373,6
512,633,0.0010340947880072004,9
512,634,0.0013084596690959849,6
512,635,0.0011584378286718655,10
512,636,0.0014234835496600429,9
512,637,0.0009744445802344348,6
512,638,0.0011801565669699032,6
512,639,0.001243800606333223,6
512,640,0.0006550934884040904,7
512,641,0.0010919855777373755,6
512,642,0.0014172004979144948,6
512,643,0.0006784974055777937,6
512,644,0.0006280670499994034,6
512,645,0.0008052915626913792,6
512,646,0.0007056175557378919,6
512,647,0.0010772095275703997,9
512,648,0.0010238868861128791,8
512,649,0.0009508229911874277,6
512,650,0.0011546014652016323,6
512,651,0.0010211998656578514,8
512,652,0.000779202247595534,6
512,653,0.0006939621098278614,6
512,654,0.001459750577715746,7
512,655,0.000765671702139259,8
512,656,0.0007026137423699064,6
512,657,0.0006761672572196398,6
512,658,0.0010747458842570445,8
512,659,0.0012849738663427424,6
512,660,0.0006454630221752744,6
512,661,0.0010608246988704773,6
512,662,0.0008584899380720268,6
512,663,0.001027247840755252,6
512,664,0.0007341374578946347,6
512,665,0.000682548476068412,6
512,666,0.001235625610234603,9
512,667,0.001696201171809797,6
512,668,0.0008930227574021066,6
512,669,0.0005190852600192031,6
512,670,0.0011158746333407854,8
512,671,0.0012565378091975443,6
512,672,0.0018180908024592046,6
512,673,0.0010155224025645282,6
512,674,0.000735491135195443,6
512,675,0.0014502744326617134,6
512,676,0.0009639277701717353,8
512,677,0.0009734202661911828,6
512,678,0.0005918436018346185,6
512,679,0.0005790161557226448,7
512,680,0.0018299994630825434,6
512,681,0.0010979388657502698,6
512,682,0.0014149991421779085,6
512,683,0.001076408648496563,6
512,684,0.0008452233714223434,6
512,685,0.0011036052969656263,6
512,686,0.0012445103685826409,8
512,687,0.000987676194829451,7
512,688,0.0013555827921047925,7
512,689,0.0011506466740930366,6
512,690,0.0006398010577545188,6
512,691,0.0014644686689813113,6
512,692,0.0013318273651134471,10
512,693,0.001399032221297003,8
512,694,0.0006335732690180285,6
512,695,0.0009757659648790828,7
512,696,0.0009022940941113,8
512,697,0.000937350703953066,6
512,698,0.0005796294570915572,7
512,699,0.0011411763384934215,6
512,700,0.0007928871343619859,6
512,701,0.001223512597962051,11
512,702,0.0007207189754140364,6
512,703,0.0009151662090866042,6
512,704,0.0011889905362706121,6
512,705,0.001408075811024978,6
512,706,0.0013527246759910128,6
512,707,0.00150764384536195,6
512,708,0.0013855290320644587,8
512,709,0.0007378968687290488,8
512,710,0.001294173869639037,7
512,711,0.0009444677411798719,6
512,712,0.0010931922787977832,6
512,713,0.0008569952586487961,6
512,714,0.001034850444275981,6
512,715,0.0013516468462790865,9
512,716,0.0007839538446146876,9
512,717,0.0009142855418710072,7
512,718,0.0009710754094133245,9
512,719,0.0010093629068002041,6
512,720,0.0012697270801701466,6
512,721,0.0010476724145651595,6
512,722,0.001185065956335274,9
512,723,0.000924946638041102,9
512,724,0.001364938430899687,6
512,725,0.0010391430437700633,7
512,726,0.001032467868701592,6
512,727,0.001002237258688532,7
512,728,0.0007025247328783513,6
512,729,0.0009333390845972511,8
512,730,0.0016071359256740192,6
512,731,0.0008274540289650301,6
512,732,0.0014702537416704242,6
512,733,0.0011965467377827999,6
512,734,0.000661452441636623,7
512,735,0.0011523610624511182,6
512,736,0.0012503333138198514,7
512,737,0.0013378680727866854,6
512,738,0.0008135744032720105,6
512,739,0.00064912614506063,8
512,740,0.0014800748703863165,6
512,741,0.0012443071103496184,10
512,742,0.0009381639548600162,6
512,743,0.001122063763712322,6
512,744,0.000675554966483749,8
512,745,0.0007753907986473019,6
512,746,0.0014504960660911559,6
512,747,0.0013096787876270555,6
512,748,0.0013757163924075222,10
512,749,0.0006589177620892617,7
512,750,0.0007296484055960839,6
512,751,0.0007920055315179808,8
512,752,0.0006300247200845543,6
512,753,0.0010065427221898071,6
512,754,0.0014563701132507822,6
512,755,0.00082728527232101,7
512,756,0.0006141393606546863,6
512,757,0.0005801523774958683,6
512,758,0.0014378916382825624,6
512,759,0.0008666840365216255,6
512,760,0.0012041586553706018,8
512,761,0.0013647281649906695,6
512,762,0.0008187922862281649,6
512,763,0.0005880252406196274,7
512,764,0.0006745560364221914,7
512,765,0.0010120402208292356,6
512,766,0.0012623085578407078,6
512,767,0.0014300286894426417,6
512,768,0.0007488788261393875,6
512,769,0.0007837312439658017,6
512,770,0.0008101431506797319,6
512,771,0.0007462546002220405,6
512,772,0.0013115490447309641,6
512,773,0.0007729970109137119,6
512,774,0.0010355396958217078,6
512,775,0.0011332134556822915,6
512,776,0.0009568775617869174,8
512,777,0.0011633550472833765,6
512,778,0.00156424735830063,6
512,779,0.0015512212154371596,7
512,780,0.0011333397130658396,6
512,781,0.001678369949163816,6
512,782,0.0011456364545303077,8
512,783,0.0010793727966043054,6
512,784,0.0013373464987507244,7
512,785,0.0008243414063467958,6
512,786,0.0011914074555767762,7
512,787,0.0007110327674673678,7
512,788,0.0009258661475739505,6
512,789,0.0012274993326971684,11
512,790,0.0008515092073275721,6
512,791,0.0009558358502341768,6
512,792,0.001236341439133315,6
512,793,0.00062098030815258,6
512,794,0.0015125007090155407,6
512,795,0.0010376943959472529,6
512,796,0.0011108221729010381,6
512,797,0.0006426150741010161,8
512,798,0.0009589488956646131,7
512,799,0.0014935011419947575,9
512,800,0.0011988739870947285,9
512,801,0.0011797285952347414,6
512,802,0.0007335480383233728,6
512,803,0.0006580546627389383,6
512,804,0.0009418951504970297,6
512,805,0.0011736488078343266,6
512,806,0.000707113734493614,7
512,807,0.0008811062892701838,6
512,808,0.0007415656912154178,6
512,809,0.0006309220684965755,6
512,810,0.0011023453468672617,6
512,811,0.0006488877993533482,6
512,812,0.0008077716102361521,6
512,813,0.0008866666761810915,6
512,814,0.0008526038130759472,6
512,815,0.000861828651599672,6
512,816,0.0014088039246513695,6
512,817,0.001428482070868653,8
512,818,0.0006374858405527872,6
512,819,0.0007942499839184158,6
512,820,0.0006826572691598365,6
512,821,0.0011208962414100965,10
512,822,0.0010005903908087976,6
512,823,0.0011361772329678832,6
512,824,0.0007111185647064033,6
512,825,0.0010659718233946291,9
512,826,0.000912369876750585,6
512,827,0.0004860692544790546,6
512,828,0.0007995231867197472,6
512,829,0.000873332884665512,6
512,830,0.0012512964792232295,13
512,831,0.0010116720021536851,7
512,832,0.0010405067421318526,6
512,833,0.0009144847931505662,7
512,834,0.0009713291644707356,6
512,835,0.0011597438261564674,6
512,836,0.0011497551883746793,7
512,837,0.0009195490309464316,6
512,838,0.001189138646634752,6
512,839,0.0008253460109618471,7
512,840,0.0008730290737831714,6
512,841,0.0013575814287054566,6
512,842,0.0012239302815083564,6
512,843,0.0010809881080444672,6
512,844,0.0006666572718909691,7
512,845,0.0011429435780815345,10
512,846,0.0007266814187892878,6
512,847,0.000565180234669227,6
512,848,0.0009397149068003374,7
512,849,0.0007550725182168261,6
512,850,0.0008075128827680078,7
512,851,0.0011816599834793828,6
512,852,0.0009661401828455762,6
512,853,0.001227472912234795,8
512,854,0.0007623608444558005,6
512,855,0.000469568115048391,7
512,856,0.0009044755382565661,6
512,857,0.0005770835090606052,6
512,858,0.000819064895002497,6
512,859,0.0013705413734851346,6
512,860,0.0007380007823106216,6
512,861,0.0005889391510887632,6
512,862,0.0013203434649502466,6
512,863,0.0013942208334218886,8
512,864,0.0019374064185250228,6
512,865,0.000936091915286319,6
512,866,0.001388956605314462,6
512,867,0.0008585537072198779,6
512,868,0.0007303450998689676,6
512,869,0.000628781091435604,6
512,870,0.0013189346696312887,6
512,871,0.0011947504673600895,6
512,872,0.0005863102695123912,7
512,873,0.0009439232636154204,6
512,874,0.0012615528050283764,7
512,875,0.0011145662265291678,7
512,876,0.0013520059347501556,6
512,877,0.0007463140413449532,6
512,878,0.0008368092902590885,9
512,879,0.0007222800514182781,8
512,880,0.0009146762184778501,7
512,881,0.0016372123707971142,7
512,882,0.000900991937974327,6
512,883,0.0015828248447021798,6
512,884,0.0012533459726200014,8
512,885,0.0009784341031365829,7
512,886,0.0004861912285737402,6
512,887,0.0010462512621187692,6
512,888,0.0012819820152137895,6
512,889,0.0010719553412646965,6
512,890,0.0010509238496412276,6
512,891,0.001103165852489596,6
512,892,0.001234288448521914,6
512,893,0.0005778515122819572,6
512,894,0.0012424978319650615,7
512,895,0.0007553769595551874,7
512,896,0.0011972209586411098,6
512,897,0.0005341741393847244,6
512,898,0.0010794564335829815,6
512,899,0.0007878747224753235,7
512,900,0.0006703354815695839,6
512,901,0.0009527379818027315,6
512,902,0.0010333956172048353,6
512,903,0.001498740213612959,6
512,904,0.0011910347028653567,6
512,905,0.0011400911124017643,6
512,906,0.0015475362068085863,8
512,907,0.0008143453154908498,6
512,908,0.0008752616484410947,7
512,909,0.0004810784120427014,6
512,910,0.0010814311948267874,7
512,911,0.0012481581998661229,6
512,912,0.0011155474873681959,7
512,913,0.0011239730406821247,6
512,914,0.0005872395845049061,6
512,915,0.0009231092308789046,6
512,916,0.0009516496082384307,7
512,917,0.0011450112454900463,6
512,918,0.0011209209370135476,6
512,919,0.0007618228780934544,6
512,920,0.0014088902384853386,6
512,921,0.000563707223573573,6
512,922,0.0010377866146777937,13
512,923,0.000889269687953359,6
512,924,0.0011746036290652961,6
512,925,0.0007398691062426854,6
512,926,0.0014053946323638877,6
512,927,0.0011044851541694989,9
512,928,0.0008421052787714878,6
512,929,0.0014529372760088144,6
512,930,0.0007885834275499493,8
512,931,0.001225600926976378,9
512,932,0.0008860635494466473,6
512,933,0.00109936425460333,7
512,934,0.0011841567263737307,6
512,935,0.0005455917032840818,6
512,936,0.0010578065749222154,6
512,937,0.000658994430700055,7
512,938,0.0008503092867223616,6
512,939,0.000989922087951678,8
512,940,0.0014742231554726315,9
512,941,0.000704692046092581,6
512,942,0.001130017748667056,6
512,943,0.0008888480931642517,6
512,944,0.001015035490228633,8
512,945,0.000813158367652167,6
512,946,0.000992165403263856,7
512,947,0.0008881694711711241,8
512,948,0.0005375841879706744,6
512,949,0.001553862486393831,6
512,950,0.001381549362990786,7
512,951,0.0013280322314939141,6
512,952,0.0018656026590975205,6
512,953,0.0009413272162441255,6
512,954,0.0011469790515862277,8
512,955,0.001281506939564081,6
512,956,0.0009981249168170558,6
512,957,0.0013734897449166894,7
512,958,0.0011579920445765612,9
512,959,0.0008126151084144606,6
512,960,0.0011052185872253428,6
512,961,0.0007872992012416535,6
512,962,0.0011066918150353655,6
512,963,0.0010987838190871235,6
512,964,0.000965811194553523,6
512,965,0.0010519243798806643,6
512,966,0.0009824755955198938,7
512,967,0.0008614525070345103,6
512,968,0.0006767198416315345,6
512,969,0.0007312366031937412,6
512,970,0.0008508607202781238,6
512,971,0.0010716853561172357,6
512,972,0.0010133367530894555,6
512,973,0.0011243046978779425,6
512,974,0.0004908357608112146,6
512,975,0.0011876334772088493,7
512,976,0.001254260994756451,7
512,977,0.0008179933947428664,6
512,978,0.0012557411738797208,6
512,979,0.0008846572840810474,6
512,980,0.0010419545575054423,6
512,981,0.0008439386080468791,6
512,982,0.001152332504487874,8
512,983,0.0013368004101342312,8
512,984,0.0008804435544137457,6
512,985,0.001144686030589509,6
512,986,0.001590845245218353,7
512,987,0.0007416294347747376,6
512,988,0.0014850351770919201,10
512,989,0.0008096634643675049,6
512,990,0.0015062263526182118,6
512,991,0.0008719923695471588,6
512,992,0.0013489703383046114,6
512,993,0.0008548378074466623,6
512,994,0.000892323196919953,6
512,995,0.001406048936675952,8
512,996,0.0007073482057584624,6
512,997,0.000621389351104229,6
512,998,0.0010271481803938998,11
512,999,0.0012019920921475524,6
512,1000,0.0009787685779584498,9
512,1001,0.0010975467467763123,6
512,1002,0.0012193067187955542,8
512,1003,0.000948566873128498,6
512,1004,0.0009863580709477127,6
512,1005,0.0012704611624589912,15
512,1006,0.0012359159588080093,6
512,1007,0.0006115237338044643,6
512,1008,0.000638575569862132,6
512,1009,0.0010744690150257252,6
512,1010,0.0008298654471882161,7
512,1011,0.001782528115821913,6
512,1012,0.001566800449872785,7
512,1013,0.0010323124133871375,6
512,1014,0.0016387723817229416,6
512,1015,0.0007941907083017785,6
512,1016,0.0007998198891534525,9
512,1017,0.0014146773324190676,6
512,1018,0.0008584240960922696,6
512,1019,0.0006671046428137206,6
512,1020,0.0007203866780286505,6
512,1021,0.0007368987257387882,6
512,1022,0.0012513778990951296,10
512,1023,0.001461931891537982,6
512,1024,0.0008942686821113988,6
512,1025,0.0010051912674242658,6
512,1026,0.000986728483932886,9
512,1027,0.0011443254720646667,6
512,1028,0.00104725739773881,8
512,1029,0.0009656372841138072,6
512,1030,0.0009543733238775998,7
512,1031,0.0021323309120481193,12
512,1032,0.000617878986221343,6
512,1033,0.0011101646411815214,6
512,1034,0.0005949690799366691,6
512,1035,0.001885745640610198,7
512,1036,0.0015777056513303078,6
512,1037,0.000869837786944494,6
512,1038,0.0008175796476592723,6
512,1039,0.0006108846357961162,7
512,1040,0.0008747450765201892,7
512,1041,0.0008970302916406769,6
512,1042,0.0008377938102916982,6
512,1043,0.000870239652605076,6
512,1044,0.0010133826349190134,8
512,1045,0.0006136323775624009,8
512,1046,0.000989978511728773,6
512,1047,0.0006827126083135404,8
512,1048,0.0009558217844999328,6
512,1049,0.0008190980998695752,6
512,1050,0.0008933744621560935,7
512,1051,0.0018272510415248688,6
512,1052,0.0012885498765444758,7
512,1053,0.0007141403866435247,7
512,1054,0.0011777366905865172,6
512,1055,0.0011004902172646602,12
512,1056,0.000904549000635968,6
512,1057,0.0010857011698638397,7
512,1058,0.0008840874225372053,7
512,1059,0.00042849339983763723,6
512,1060,0.001869855118938335,6
512,1061,0.0011199943227464537,6
512,1062,0.000971380568380531,7
512,1063,0.0009455132778302122,9
512,1064,0.000809553594437018,6
512,1065,0.0009817208376708964,6
512,1066,0.0007600906105006411,6
512,1067,0.0015240506893385852,6
512,1068,0.0018164764285348023,12
512,1069,0.000735880118586385,6
512,1070,0.0010677335937177013,11
512,1071,0.0007341600007823024,6
512,1072,0.001225547457264331,6
512,1073,0.001264088263183638,6
512,1074,0.0011498470412558692,10
512,1075,0.0008780763018251259,6
512,1076,0.000945662546083248,9
512,1077,0.0013469452884967703,7
512,1078,0.0009476442906982685,7
512,1079,0.000995754190724396,6
512,1080,0.000871587862709855,6
512,1081,0.0014041718059504271,8
512,1082,0.0009500186778150788,6
512,1083,0.0009969710291541645,6
512,1084,0.0004492955393523568,6
512,1085,0.0005757888276044509,6
512,1086,0.001233599928556539,6
512,1087,0.000889116185523342,6
512,1088,0.0012674852017724447,6
512,1089,0.000699806283112725,6
512,1090,0.001105285715258586,6
512,1091,0.0007907396336932493,6
512,1092,0.0011732959602422932,7
512,1093,0.0004907705008997398,6
512,1094,0.001906725530050557,6
512,1095,0.0011841752698517338,6
512,1096,0.0011887903350451534,8
512,1097,0.0015541810737448314,6
512,1098,0.0009024986463302964,6
512,1099,0.0006123659397957448,6
512,1100,0.0008257416426413755,6
512,1101,0.0008833422479767039,6
512,1102,0.0008624871281380786,6
512,1103,0.0007825332276330532,7
512,1104,0.0007555890046793134,6
512,1105,0.0009541368423118257,6
512,1106,0.0007245366041734314,6
512,1107,0.0015522706055743907,8
512,1108,0.0007280513599194904,6
512,1109,0.0015715073620962694,6
512,1110,0.0010351627413872078,14
512,1111,0.0017400778587438603,6
512,1112,0.0011562361578827396,8
512,1113,0.001447114711771058,10
512,1114,0.0015869416319669316,9
512,1115,0.0008178374599253635,8
512,1116,0.0018164749800960722,6
512,1117,0.000997851315588827,7
512,1118,0.001004588336333323,6
512,1119,0.0007568227955055962,6
512,1120,0.0017108694325902452,6
512,1121,0.0012204407807043793,6
512,1122,0.0009546965019486819,6
512,1123,0.0010817687425970224,6
512,1124,0.0006288466596858222,8
512,1125,0.0006559248360497039,6
512,1126,0.0011589559593017107,6
512,1127,0.0006801300528413989,6
512,1128,0.0016013547010300666,6
512,1129,0.0014479254138737296,10
512,1130,0.0007509547010783324,6
512,1131,0.0013376131146785042,6
512,1132,0.0006747022005507697,6
512,1133,0.001418089350802898,9
512,1134,0.000715511806072322,6
512,1135,0.00154354380063626,6
512,1136,0.0009449615518685173,8
512,1137,0.0008789789382454005,6
512,1138,0.001483500253824488,7
512,1139,0.0009139949529494151,8
512,1140,0.0011405500907869515,6
512,1141,0.0008341829641858034,8
512,1142,0.0005582513374794429,6
512,1143,0.0013266273487690938,6
512,1144,0.001194119852062081,7
512,1145,0.0009223460535418004,6
512,1146,0.0009436338935235877,6
512,1147,0.0010117786686546781,6
512,1148,0.0006284110641917584,7
512,1149,0.000782351923108382,6
512,1150,0.0006923065492702163,6
512,1151,0.0007837936287508063,6
512,1152,0.0009770275035902998,6
512,1153,0.0010582526247026047,6
512,1154,0.0013118062452471824,10
512,1155,0.0010268183502043504,7
512,1156,0.0012856542539854132,8
512,1157,0.0012535024537745354,11
512,1158,0.001246204244953808,9
512,1159,0.0010292194803973864,6
512,1160,0.0004969052630299231,6
512,1161,0.0008835959644968028,7
512,1162,0.0012094496659155185,7
512,1163,0.0010909747668261804,6
512,1164,0.0010744071364399144,6
512,1165,0.0007795277853944738,6
512,1166,0.0009782936025218847,6
512,1167,0.0007034031914519012,7
512,1168,0.001378322968565382,7
512,1169,0.0007941098260004775,6
512,1170,0.0010419117309968806,6
512,1171,0.0012398435115222872,6
512,1172,0.0011754359772145895,12
512,1173,0.0009220817168605899,6
512,1174,0.0008809235676900951,6
512,1175,0.0010182850862743842,9
512,1176,0.0010947767342277537,8
512,1177,0.0010129472238101789,6
512,1178,0.0006390305117452977,6
512,1179,0.0011098772226425524,6
512,1180,0.0008516532721470904,6
512,1181,0.0016722427738014023,6
512,1182,0.0010978554469489588,6
512,1183,0.00097765543371775,6
512,1184,0.0009363911555033688,6
512,1185,0.0009453703170766437,6
512,1186,0.0012508888216808955,6
512,1187,0.00079318237973941,7
512,1188,0.0006902968595803305,7
512,1189,0.0011287015681687995,6
512,1190,0.0012852869970630676,6
512,1191,0.0005610891239236637,6
512,1192,0.0008031098082715848,6
512,1193,0.0010205964350976648,8
512,1194,0.0003964417262216635,6
512,1195,0.0008911013694795633,6
512,1196,0.0014079617311486547,6
512,1197,0.0008389279217990708,6
512,1198,0.001125928796473552,6
512,1199,0.0012729542308163033,6
512,1200,0.0009054673339522479,6
512,1201,0.0011860797127840605,6
512,1202,0.0007230291585846871,6
512,1203,0.0012269342589660281,6
512,1204,0.0009240428188589944,6
512,1205,0.0009587636264664079,6
512,1206,0.0007742349201129706,6
512,1207,0.0010705890821101627,6
512,1208,0.0007851950166234412,6
512,1209,0.0007451018217923266,6
512,1210,0.0010298693939443382,8
512,1211,0.0014232049232141275,9
512,1212,0.0008783004298047459,6
512,1213,0.0009017439416293405,7
512,1214,0.0006504552833239141,8
512,1215,0.001426512561631732,6
512,1216,0.0006963352854603144,7
512,1217,0.0014795874263862085,7
512,1218,0.001185455997855911,6
512,1219,0.0010565866988402894,6
512,1220,0.0006936869524230005,6
512,1221,0.0011408506162965404,6
512,1222,0.000787386449184635,6
512,1223,0.0008754552251204473,6
512,1224,0.0008837522234447226,6
512,1225,0.00044423123842429746,6
512,1226,0.0009906834934649833,6
512,1227,0.0007393781648633579,6
512,1228,0.0011773789128722845,7
512,1229,0.000788320771681561,6
512,1230,0.0016414736308832945,6
512,1231,0.001045754156522305,6
512,1232,0.0010877383421270537,8
512,1233,0.0007557557456493447,6
512,1234,0.0009044701372755704,8
512,1235,0.00078482459328022,6
512,1236,0.0011339417391765805,6
512,1237,0.0009796563026434058,6
512,1238,0.0010895954137557506,6
512,1239,0.0008547828851389605,6
512,1240,0.0007254255218016592,6
512,1241,0.0010989662157310232,6
512,1242,0.000972103205092667,10
512,1243,0.0011499778052788123,6
512,1244,0.000883136235353188,7
512,1245,0.0012696779184901419,7
512,1246,0.0006670774930519485,6
512,1247,0.0006519561783785432,6
512,1248,0.0012977419692835612,6
512,1249,0.0005474873835789595,6
512,1250,0.0006581081018606216,6
512,1251,0.0007455521183007408,6
512,1252,0.0010389250075085732,7
512,1253,0.0012800361045680608,6
512,1254,0.0008549668896413731,6
512,1255,0.001460434370828767,17
512,1256,0.0006486831713687913,7
512,1257,0.0006828277635709812,6
512,1258,0.0006710957494530101,6
512,1259,0.0005375039549108118,6
512,1260,0.0010290096194572884,6
512,1261,0.0007949399316504735,7
512,1262,0.0009725045189917791,6
512,1263,0.0007078234578755671,8
512,1264,0.001204195052692869,11
512,1265,0.0006602658249886817,9
512,1266,0.0011968893115801293,6
512,1267,0.0014611479525099558,6
512,1268,0.00097347012640292,6
512,1269,0.0007816377101498295,7
512,1270,0.0009477986488992673,6
512,1271,0.0007878915590212587,8
512,1272,0.0006013138640769689,6
512,1273,0.0007261897450262511,6
512,1274,0.0006453732823598068,7
512,1275,0.0013638175144944364,14
512,1276,0.0005393472124373133,6
512,1277,0.0005376542786521554,6
512,1278,0.0012601219599308044,6
512,1279,0.0010581845189528982,6
512,1280,0.0009368316991790748,6
512,1281,0.0007525356925162097,6
512,1282,0.0013396286277380653,6
512,1283,0.0009653464137898138,9
512,1284,0.0007844483168515382,6
512,1285,0.0005483825401744191,6
512,1286,0.0008467846630190179,6
512,1287,0.0010982019516597719,6
512,1288,0.0007318073942683689,6
512,1289,0.0019017422186237143,6
512,1290,0.001161747363409682,6
512,1291,0.0008866581270239315,7
512,1292,0.0006784930200468553,6
512,1293,0.0007525678082757059,7
512,1294,0.0010733839611395402,6
512,1295,0.000859335513739512,6
512,1296,0.0009314193365198564,6
512,1297,0.0006996684540657161,6
512,1298,0.0009717450832285313,6
512,1299,0.0012231981608661346,6
512,1300,0.0013436633739213333,6
512,1301,0.0008967160392946427,6
512,1302,0.0007230656920468315,6
512,1303,0.0005078239613390823,6
512,1304,0.0009117097337782987,6
512,1305,0.0008922651875805654,10
512,1306,0.001340460173273772,8
512,1307,0.0007950288825396834,6
512,1308,0.0007118746506870055,6
512,1309,0.001026450721310801,12
512,1310,0.0006465521895000492,6
512,1311,0.00087747965910423,6
512,1312,0.0010220554129906079,6
512,1313,0.0005663878477764894,6
512,1314,0.0010381862568453748,7
512,1315,0.0006741559956779386,6
512,1316,0.0016432005728968246,8
512,1317,0.0012692011865570452,6
512,1318,0.0011167776606841318,7
512,1319,0.0014255702655616709,10
512,1320,0.0009211400652914259,6
512,1321,0.0009474888946687798,6
512,1322,0.0008018985431670345,6
512,1323,0.0016140614542391463,6
512,1324,0.001366192346468953,6
512,1325,0.0011146350082172907,6
512,1326,0.0016406677395119917,6
512,1327,0.0010143295770941307,7
512,1328,0.0005711514213535551,6
512,1329,0.0009175416399342939,8
512,1330,0.0005274826327978932,6
512,1331,0.0006935978772955043,6
512,1332,0.0007019724621825096,6
512,1333,0.0012004278886954545,10
512,1334,0.0011564479065112598,6
512,1335,0.0011147385351688577,6
512,1336,0.0008654200232944831,7
512,1337,0.0008205670696036504,8
512,1338,0.0008908103494327246,7
512,1339,0.0011744385123181877,6
512,1340,0.0015564260924073592,6
512,1341,0.0014381274582032644,6
512,1342,0.0006136932939776463,7
512,1343,0.0008428075368321353,6
512,1344,0.0007863969847846652,6
512,1345,0.0009526441721097179,6
512,1346,0.0007033872534182306,6
512,1347,0.0010338845213779813,6
512,1348,0.0008824760686735322,6
512,1349,0.0007424626123746503,7
512,1350,0.0007692549143245575,6
512,1351,0.0007817943959061435,6
512,1352,0.0013978522607960286,7
512,1353,0.000949971834504626,6
512,1354,0.0008388678839619246,6
512,1355,0.0008186495313311504,6
512,1356,0.0008752567046701465,11
512,1357,0.0005872660915046124,9
512,1358,0.0010045901413998637,9
512,1359,0.0009875336162222248,8
512,1360,0.0013905861187499813,6
512,1361,0.0005664853682684212,6
512,1362,0.00045771815253869974,6
512,1363,0.00061863634584991,6
512,1364,0.0005690926725824275,6
512,1365,0.0010556682535456385,6
512,1366,0.0014230005782838173,6
512,1367,0.0008645658907450171,6
512,1368,0.0012162876030291647,7
512,1369,0.0013788851615713638,6
512,1370,0.0011923590298527076,6
512,1371,0.0011674626809361488,9
512,1372,0.0005514596799700566,6
512,1373,0.0014277080837882261,8
512,1374,0.001589762298641273,6
512,1375,0.0007778015155061047,6
512,1376,0.0009913596472821418,6
512,1377,0.001060828050978735,7
512,1378,0.0007192571717019591,6
512,1379,0.000910503012970798,6
512,1380,0.001267875665032503,7
512,1381,0.000570525366157093,6
512,1382,0.0009960473217963672,6
512,1383,0.0012965355013851987,6
512,1384,0.0011079985303341644,9
512,1385,0.0012791862979748547,6
512,1386,0.001145555060695802,7
512,1387,0.00118242710374028,6
512,1388,0.0010214696682933344,6
512,1389,0.0010011896611031856,6
512,1390,0.0009313070005403379,9
512,1391,0.0009745405139872654,6
512,1392,0.001222467795278459,6
512,1393,0.0009409243809119783,6
512,1394,0.0015740142013931924,11
512,1395,0.0007628598462677827,6
512,1396,0.0007609897513739805,6
512,1397,0.000783970402761125,6
512,1398,0.0005747253397058172,6
512,1399,0.0014177760489344493,6
512,1400,0.0009881826526330073,6
512,1401,0.0010177123047928616,6
512,1402,0.0007908902487001046,7
512,1403,0.0011825671969860618,6
512,1404,0.0006794117679030931,6
512,1405,0.001117011309724858,6
512,1406,0.0012370787345051815,9
512,1407,0.0014678809289939698,8
512,1408,0.0008535012986406743,8
512,1409,0.000602262962546174,6
512,1410,0.0010278991097112389,6
512,1411,0.000579050081224719,6
512,1412,0.0016617701290755904,11
512,1413,0.0008264478316461488,6
512,1414,0.0005511025603505137,6
512,1415,0.0016785848708152917,6
512,1416,0.0009863057592056634,8
512,1417,0.0007977184815615157,6
512,1418,0.0008740886162351691,6
512,1419,0.00064467322812084,6
512,1420,0.0004537558327982749,6
512,1421,0.0012135887959999758,6
512,1422,0.0011218624349194073,8
512,1423,0.000957055589296818,7
512,1424,0.0006664479365698361,6
512,1425,0.0019246963604351297,10
512,1426,0.0008243802090989183,6
512,1427,0.0004691929978614118,6
512,1428,0.0012649074077832334,9
512,1429,0.0012839123181463963,9
512,1430,0.0007664600067951444,7
512,1431,0.0007465841663875095,6
512,1432,0.0013769732899361342,8
512,1433,0.0006561398724781453,6
512,1434,0.0009261275275705971,6
512,1435,0.0008026352813864657,7
512,1436,0.0010804631916933594,7
512,1437,0.0008854041390572442,6
512,1438,0.001198673936385175,7
512,1439,0.001242796858956674,7
512,1440,0.0012617863073294266,6
512,1441,0.0009162802268392056,6
512,1442,0.0011848642427741973,6
512,1443,0.001041070542853073,6
512,1444,0.0011762956937733104,6
512,1445,0.0007606793241303755,7
512,1446,0.0012974618068111177,6
512,1447,0.0006779006083866279,6
512,1448,0.001543287323587439,10
512,1449,0.0008773292871927518,6
512,1450,0.0014045266108485555,6
512,1451,0.0010656872573341913,6
512,1452,0.0008792335778965432,6
512,1453,0.0006960633205509437,6
512,1454,0.0007963474112628877,6
512,1455,0.0011726108214168418,6
512,1456,0.0011545031407408368,6
512,1457,0.0009424062910011743,6
512,1458,0.0011647511917149966,6
512,1459,0.0005629955508086315,6
512,1460,0.0009311098045479138,6
512,1461,0.001228678042912823,12
512,1462,0.0011015551050889139,9
512,1463,0.0005006925381517702,6
512,1464,0.0007329321776440856,6
512,1465,0.0006712610168307931,6
512,1466,0.000964908966638145,6
512,1467,0.00059598803589056,6
512,1468,0.0008434344014459638,6
512,1469,0.0009419085235496949,6
512,1470,0.0007529050675898485,9
512,1471,0.0008529375323362842,6
512,1472,0.0013118470016977857,11
512,1473,0.0008936018203766771,6
512,1474,0.0008506075500670507,9
512,1475,0.00116282738635054,6
512,1476,0.0011145472954652291,8
512,1477,0.0009127085915160427,7
512,1478,0.0007076199053541732,6
512,1479,0.0010309245262013489,6
512,1480,0.0009772247255197541,6
512,1481,0.0006225404504567322,6
512,1482,0.0011249779088567946,8
512,1483,0.0004344808909160225,6
512,1484,0.0006689195075832988,6
512,1485,0.0008639863864053354,7
512,1486,0.0006601018406383607,6
512,1487,0.0009895021353729105,6
512,1488,0.001280383182723166,8
512,1489,0.0006967618369579931,6
512,1490,0.0006167254558208102,6
512,1491,0.0008045938218504967,6
512,1492,0.0006121531665996827,6
512,1493,0.0005363106377128668,6
512,1494,0.0008256266729427253,7
512,1495,0.0008655064759119369,10
512,1496,0.0008036700940180497,6
512,1497,0.0007292495083330852,6
512,1498,0.0013831986842056665,9
512,1499,0.000715665312025715,8
512,1500,0.0012459086930242114,6
512,1501,0.0014675033174095242,6
512,1502,0.0014388123473448866,6
512,1503,0.0010242948882782654,8
512,1504,0.0012415791437390133,6
512,1505,0.001085659319532195,7
512,1506,0.0006377743462953056,8
512,1507,0.001104887983116587,9
512,1508,0.0008454091365099892,6
512,1509,0.000630481186215337,8
512,1510,0.0010739904304022385,6
512,1511,0.0006867476127270233,6
512,1512,0.0013354204696728322,6
512,1513,0.00113171536589185,8
512,1514,0.0009971391296830223,6
512,1515,0.0010731220075977932,9
512,1516,0.000802961525685042,6
512,1517,0.0007571183979803164,6
512,1518,0.000892135161300267,6
512,1519,0.0008494619051829799,6
512,1520,0.0010740418600527768,7
512,1521,0.0010056997427395076,6
512,1522,0.0009277905116108487,6
512,1523,0.00085227424569434,6
512,1524,0.0007786900655781803,6
512,1525,0.0006741185585725784,7
512,1526,0.000740526765583005,9
512,1527,0.0008115230737991697,7
512,1528,0.0007834952174944343,7
512,1529,0.001296271349632061,6
512,1530,0.0013697964610833724,10
512,1531,0.001136733888615682,7
512,1532,0.0008952398671707718,6
512,1533,0.0007924056309174254,6
512,1534,0.0013512355344225124,7
512,1535,0.0015523772471249808,6
512,1536,0.0011725944005469557,7
512,1537,0.0014783321834507257,7
512,1538,0.0010059500323534865,6
512,1539,0.0005870679574455084,6
512,1540,0.0011672188010444229,6
512,1541,0.0007491265288177562,6
512,1542,0.0011944302711480725,7
512,1543,0.0008131796208790676,6
512,1544,0.0006981792971693102,6
512,1545,0.0008574002930347158,6
512,1546,0.0007132536208596107,6
512,1547,0.0014481559394962096,9
512,1548,0.0009561365944158462,6
512,1549,0.0008048288675550075,6
512,1550,0.001130490045414434,6
512,1551,0.000850263325932521,10
512,1552,0.0010638610810291826,6
512,1553,0.0010447547442192784,6
512,1554,0.0012847162621467678,6
512,1555,0.0012609501525751021,6
512,1556,0.0010158458567417483,6
512,1557,0.0012896073887961046,6
512,1558,0.0012493992890520722,6
512,1559,0.0007585022469631664,8
512,1560,0.0007054344856989303,6
512,1561,0.0008034611926374113,7
512,1562,0.0004318006825891896,6
512,1563,0.0010205616162322628,6
512,1564,0.0007083266299171553,6
512,1565,0.0008765281760110266,7
512,1566,0.0011457607681090165,6
512,1567,0.0007937194671037429,6
512,1568,0.0008374231152215028,6
512,1569,0.0013299756710754007,6
512,1570,0.0015668543245931366,6
512,1571,0.0008124353102975101,7
512,1572,0.0007944578052534457,6
512,1573,0.0006152178381606532,6
512,1574,0.0008411427366992741,6
512,1575,0.0011521302637869657,7
512,1576,0.00103931686313527,6
512,1577,0.0007631804259972119,7
512,1578,0.0007993442224965008,6
512,1579,0.001238787041611178,6
512,1580,0.0009400253503079603,6
512,1581,0.0006539193305676871,6
512,1582,0.0012366338642201963,14
512,1583,0.0007716175458839514,9
512,1584,0.0008000337717917194,6
512,1585,0.0007327564041978984,7
512,1586,0.0015396680607110413,6
512,1587,0.0013293443122848192,6
512,1588,0.00047653092156418886,6
512,1589,0.001139397334670944,9
512,1590,0.0007248934348627056,6
512,1591,0.001372616651919345,6
512,1592,0.0008704831685778514,6
512,1593,0.0008440575424181196,6
512,1594,0.0008186754645758687,6
512,1595,0.0004535754551554527,7
512,1596,0.0011355271949333723,7
512,1597,0.001090346703593592,7
512,1598,0.0010926531392720928,6
512,1599,0.0010509660995375314,6
512,1600,0.000791302421047746,6
512,1601,0.0006093120710747302,6
512,1602,0.0010397588363337817,6
512,1603,0.0012576275702484985,6
512,1604,0.001017555050524921,11
512,1605,0.0012488751035596435,6
512,1606,0.0006253471037955816,6
512,1607,0.0011878947209530422,6
512,1608,0.001072377413700809,6
512,1609,0.0008617637194683336,8
512,1610,0.001211752690104373,6
512,1611,0.000990510921475396,10
512,1612,0.001936511780616046,14
512,1613,0.0007926247231184735,7
512,1614,0.0007183899080118739,6
512,1615,0.0008423810052784475,6
512,1616,0.0016103762230909036,6
512,1617,0.0010307597603739227,6
512,1618,0.0009736433399066824,6
512,1619,0.0014462489915872956,6
512,1620,0.0007025824183407858,6
512,1621,0.0011988694953452006,7
512,1622,0.0006642631267329557,6
512,1623,0.0015854036307664243,6
512,1624,0.0009022480890299445,6
512,1625,0.0010139630958404533,6
512,1626,0.0011007224966252949,6
512,1627,0.0010987924006506944,6
512,1628,0.000781714855668636,6
512,1629,0.0006181309867455687,6
512,1630,0.001835779834059914,8
512,1631,0.0009636274296673797,7
512,1632,0.0009605658378288862,6
512,1633,0.000895085841532528,6
512,1634,0.0011982931657875673,6
512,1635,0.0009201522173715171,6
512,1636,0.0007367706829281007,6
512,1637,0.00098765796833844,6
512,1638,0.0009497228228386723,6
512,1639,0.0008100270394821862,7
512,1640,0.0017458210397741647,9
512,1641,0.0009681543014645744,6
512,1642,0.0009998168149375486,7
512,1643,0.0006674078486050838,6
512,1644,0.0007087401940041316,6
512,1645,0.0004703064080479602,6
512,1646,0.0012343770966479761,6
512,1647,0.0014294286940230716,6
512,1648,0.0006699864092388763,6
512,1649,0.00103769662965425,6
512,1650,0.0009876227476506017,6
512,1651,0.0009675052411697305,7
512,1652,0.0009195988104061525,6
512,1653,0.0014068699108418237,6
512,1654,0.0012857876052967399,6
512,1655,0.0009971895037523826,6
512,1656,0.0009076076866303406,6
512,1657,0.001977415107524555,8
512,1658,0.0006481868982712857,6
512,1659,0.0008176020012543306,6
512,1660,0.0009338414655734317,6
512,1661,0.0007419873695402313,6
512,1662,0.0006661386921347212,8
512,1663,0.0011601069021470733,6
512,1664,0.0008832355173443718,6
512,1665,0.000980870227234809,8
512,1666,0.0006483010434169545,6
512,1667,0.0012386919865601809,8
512,1668,0.001027452953828445,6
512,1669,0.0009155827589215071,7
512,1670,0.0008949438612655403,7
512,1671,0.0010231099007798061,6
512,1672,0.0010201175080730707,9
512,1673,0.0008164872787046473,6
512,1674,0.0009291293804565282,10
512,1675,0.0010016450107523944,6
512,1676,0.0007715869535608322,6
512,1677,0.0009228234476995612,6
512,1678,0.0008528514567259782,6
512,1679,0.001095189321361656,7
512,1680,0.0006847889946342001,6
512,1681,0.0010134839599841017,6
512,1682,0.001138364289822058,6
512,1683,0.0012015954880520985,7
512,1684,0.0009732537686224507,6
512,1685,0.000749478215092303,7
512,1686,0.0012393863823485507,8
512,1687,0.0008423634052163731,6
512,1688,0.0006136862345295091,6
512,1689,0.0013588060556765091,9
512,1690,0.0015224494080435802,6
512,1691,0.0006954964559826582,6
512,1692,0.0007172105173258725,6
512,1693,0.0009319607631812221,6
512,1694,0.0010308199192303746,6
512,1695,0.0012140543507107582,10
512,1696,0.0009166362099129466,6
512,1697,0.0016592218609046139,6
512,1698,0.0009878467764298238,6
512,1699,0.0007821551100665736,7
512,1700,0.0010926010287696242,6
512,1701,0.0011237645722239897,10
512,1702,0.000663499544565127,6
512,1703,0.001330604015848058,6
512,1704,0.0008110929616456097,7
512,1705,0.0011903603414543662,12
512,1706,0.0010398450026076755,10
512,1707,0.000821287007713889,6
512,1708,0.0011436453096560495,8
512,1709,0.0008596847117803286,6
512,1710,0.0012176893300398506,10
512,1711,0.0008146729765696192,7
512,1712,0.0012369819675926985,6
512,1713,0.0011502503783563656,6
512,1714,0.0010721278688081703,6
512,1715,0.0008898372768600948,6
512,1716,0.0011261898378278623,6
512,1717,0.00155237686090004,7
512,1718,0.0007654549062130478,6
512,1719,0.001343303279020991,8
512,1720,0.0008553383796459091,6
512,1721,0.0011186443012842773,7
512,1722,0.000991988345460021,6
512,1723,0.0007325573669093588,6
512,1724,0.0012065520312610767,6
512,1725,0.0009611358959651373,6
512,1726,0.0009200546872949467,6
512,1727,0.0012858363696294228,10
512,1728,0.0006937530188501073,6
512,1729,0.0010239065962375227,6
512,1730,0.0005161321640393401,6
512,1731,0.0010398756849130386,6
512,1732,0.0006618615924214311,8
512,1733,0.0010342995666670074,6
512,1734,0.0010219434483423884,6
512,1735,0.0010747220006909197,6
512,1736,0.0009338059472645543,6
512,1737,0.0008767364571526937,7
512,1738,0.0005199511575096905,7
512,1739,0.0014176073671579303,10
512,1740,0.0011137216904880676,7
512,1741,0.0008123557251619173,6
512,1742,0.0007127169512841369,6
512,1743,0.0009121999001180103,6
512,1744,0.0009613061276516621,6
512,1745,0.001352068414340768,6
512,1746,0.0010365873093249878,6
512,1747,0.0005241566538892739,6
512,1748,0.0011754531641745003,6
512,1749,0.0012719393454739825,6
512,1750,0.000730296516950335,7
512,1751,0.0006796296212050468,6
512,1752,0.0009419119964680922,7
512,1753,0.0008255943035198055,6
512,1754,0.0013146493778792845,7
512,1755,0.000781487430150718,6
512,1756,0.0007556002378213966,6
512,1757,0.000700990941084001,6
512,1758,0.0013415082801558897,6
512,1759,0.0006753821851058772,6
512,1760,0.0008656400839543998,6
512,1761,0.0013424733332886296,6
512,1762,0.001231739635046969,7
512,1763,0.0009833572354198683,6
512,1764,0.0013782897367543567,8
512,1765,0.0011242729634359794,9
512,1766,0.0011495840357875764,6
512,1767,0.0006009841165605101,6
512,1768,0.000884282448560425,6
512,1769,0.0010162474745557537,6
512,1770,0.0015184111790833565,6
512,1771,0.001221655256698484,13
512,1772,0.0008108000350396383,6
512,1773,0.0012212404120910403,11
512,1774,0.001352414144559222,6
512,1775,0.00097824997823992,7
512,1776,0.0009218093993301757,6
512,1777,0.0010384219584884669,6
512,1778,0.0008455766013437671,6
512,1779,0.0010196047349037007,10
512,1780,0.001060692345402403,6
512,1781,0.0010954708627523013,6
512,1782,0.00107578584631296,6
512,1783,0.0009958329420028944,6
512,1784,0.001064374902672638,6
512,1785,0.0007008681913737158,6
512,1786,0.0012374540450164895,7
512,1787,0.0009897431960789183,13
512,1788,0.0009269413950067085,8
512,1789,0.0008415215030580514,6
512,1790,0.000813219327399306,9
512,1791,0.001046360400367763,8
512,1792,0.0008704384803814857,6
512,1793,0.0012046167560727516,6
512,1794,0.0012476045264240287,6
512,1795,0.000890945424415146,6
512,1796,0.0006270327618835836,7
512,1797,0.0011733919600763476,6
512,1798,0.0009591773748305332,6
512,1799,0.0008565847454475306,6
512,1800,0.0009568999478273277,6
512,1801,0.0007767294263645308,6
512,1802,0.0006338955878469887,6
512,1803,0.0009055466825145242,6
512,1804,0.0011005288786657408,7
512,1805,0.001030786723380528,8
512,1806,0.0012131553394223449,6
512,1807,0.0016435389769425823,6
512,1808,0.0007446682438760066,6
512,1809,0.001565917596825006,6
512,1810,0.000610629586025313,6
512,1811,0.00076428567121406,6
512,1812,0.001195952718562765,6
512,1813,0.0008735318850542351,6
512,1814,0.0008063169278077487,7
512,1815,0.0007381932124372326,6
512,1816,0.001022231749424396,6
512,1817,0.0015606931730973717,8
512,1818,0.001060595038482881,8
512,1819,0.0009737793752290225,8
512,1820,0.0009790899270140097,10
512,1821,0.0012820199212458805,7
512,1822,0.0010655995875880342,6
512,1823,0.0009409013984711945,6
512,1824,0.0020372143804302523,9
512,1825,0.0008749746440522843,6
512,1826,0.0007434994355649538,6
512,1827,0.0012409879089404496,12
512,1828,0.0009265562988403087,6
512,1829,0.0008754201480352108,6
512,1830,0.0007339679307652724,6
512,1831,0.0009531953950415728,7
512,1832,0.0009384039319626503,6
512,1833,0.0006958258991018873,6
512,1834,0.0010798970127898766,6
512,1835,0.0007794171778170433,6
512,1836,0.000847681759791441,7
512,1837,0.0009914443913960902,10
512,1838,0.001534606350911405,6
512,1839,0.0007699636089135709,6
512,1840,0.0009613030399769906,6
512,1841,0.001215925074308899,7
512,1842,0.0008165978510523697,7
512,1843,0.0008254180693310076,6
512,1844,0.0010344121669246809,6
512,1845,0.0006647871834589703,6
512,1846,0.0007584990971536421,7
512,1847,0.0014174788251610781,7
512,1848,0.0010642593962625346,6
512,1849,0.0012663532330852156,7
512,1850,0.0006319528903183658,6
512,1851,0.0013422607126677422,6
512,1852,0.0009104307657755717,6
512,1853,0.0005864033277199754,6
512,1854,0.0011508455729032363,6
512,1855,0.000988822146399615,13
512,1856,0.0010568367701734305,6
512,1857,0.0014569212135931986,7
512,1858,0.0011019644234829817,8
512,1859,0.0011140159238880454,6
512,1860,0.0011166357150687034,12
512,1861,0.0009709726723065026,6
512,1862,0.001192798042963683,6
512,1863,0.0005163325416625009,6
512,1864,0.0012202698114779365,8
512,1865,0.0009326813914508625,6
512,1866,0.0011438002892700805,6
512,1867,0.001039227739240367,6
512,1868,0.0009244288343447371,8
512,1869,0.0008293974073710908,7
512,1870,0.0006254247405502733,6
512,1871,0.0007683769920423245,6
512,1872,0.0016773856725569303,6
512,1873,0.0010211309284893222,6
512,1874,0.0008730382932983227,6
512,1875,0.0006667256611260219,6
512,1876,0.000884155053398783,6
512,1877,0.0011090864709976667,10
512,1878,0.0009313167016809509,6
512,1879,0.0011636851832080852,6
512,1880,0.0018341464357255477,6
512,1881,0.0009117170080819026,7
512,1882,0.0010039423079640508,8
512,1883,0.0009321199545938574,6
512,1884,0.0009357450491112029,6
512,1885,0.00125192873415364,9
512,1886,0.0009133666010279207,6
512,1887,0.0013898221379698983,6
512,1888,0.0008922508019626463,8
512,1889,0.0006851411914747807,6
512,1890,0.0011541600373801975,6
512,1891,0.0013344951797008564,7
512,1892,0.0007463488421587394,6
512,1893,0.0008832177804261043,6
512,1894,0.0016142272246870704,8
512,1895,0.0007984374576984754,6
512,1896,0.0008553779497546543,6
512,1897,0.0012204951429775068,6
512,1898,0.0015458048990661666,6
512,1899,0.0007962254509650268,6
512,1900,0.0016192720790129123,6
512,1901,0.000599499579629903,6
512,1902,0.0015592848176769758,6
512,1903,0.0016028452166807483,6
512,1904,0.0006902516557811822,6
512,1905,0.0009541792774353519,6
512,1906,0.001465094985795723,7
512,1907,0.0009433599043362495,6
512,1908,0.0006950647708217073,6
512,1909,0.0006431997069379358,6
512,1910,0.0010893299380795307,6
512,1911,0.0012144568946855783,9
512,1912,0.0009489539629512211,6
512,1913,0.0008021607496035976,6
512,1914,0.00047993685868263913,7
512,1915,0.0008168644888379428,7
512,1916,0.001539243220397335,8
512,1917,0.0005345561629014339,6
512,1918,0.00083024066549231,9
512,1919,0.0006603440255797677,7
512,1920,0.0005819607222428136,6
512,1921,0.0010056532205167112,6
512,1922,0.000528171129913102,6
512,1923,0.0008386505107391695,6
512,1924,0.0009231486489702512,6
512,1925,0.0006546036358773266,6
512,1926,0.0012748088294527449,6
512,1927,0.001072551509537667,6
512,1928,0.0010044221594774916,6
512,1929,0.0014611968115194607,6
512,1930,0.0011888404554275533,8
512,1931,0.0011610427366686715,6
512,1932,0.0009174228891483116,6
512,1933,0.0008829286695121175,6
512,1934,0.0008114669000495733,6
512,1935,0.0008177071037421824,6
512,1936,0.0007894963687089529,6
512,1937,0.0010188529179906425,6
512,1938,0.0010597996075922822,6
512,1939,0.0008044058044823776,6
512,1940,0.0014166517371473342,6
512,1941,0.0021291156360516705,10
512,1942,0.0012067792060922455,7
512,1943,0.0013904569291895985,8
512,1944,0.0010558814544636697,6
512,1945,0.0011432429320320514,6
512,1946,0.0011970756488846046,6
512,1947,0.00113411137871533,6
512,1948,0.0011878067480046717,6
512,1949,0.000985508075687036,6
512,1950,0.0007966648509670771,8
512,1951,0.0009599470958346901,6
512,1952,0.0010950369271260918,6
512,1953,0.0010675008629755789,6
512,1954,0.0009642603384997228,7
512,1955,0.0007013187659612452,6
512,1956,0.0005769478449515475,6
512,1957,0.0014512680244743725,6
512,1958,0.0011414570834826776,6
512,1959,0.0005800802546993555,6
512,1960,0.0006183366114371758,6
512,1961,0.000701662747506937,6
512,1962,0.0004952281815678861,6
512,1963,0.0008455899143426371,6
512,1964,0.0012304675442476043,9
512,1965,0.001149502877606956,9
512,1966,0.0009509970047856253,6
512,1967,0.0008395031292355304,6
512,1968,0.0015652345696580139,6
512,1969,0.0011362286548973755,6
512,1970,0.0015135222993009068,8
512,1971,0.0005707180739817352,6
512,1972,0.0007789818311033092,6
512,1973,0.0010799017764213104,6
512,1974,0.0008704537601581519,6
512,1975,0.0007269382451107198,6
512,1976,0.001601888122786277,6
512,1977,0.0013140739179506866,6
512,1978,0.001331078729547519,6
512,1979,0.0009711909226905457,6
512,1980,0.0006196762735871664,6
512,1981,0.0009419309695303801,7
512,1982,0.0007805197718085966,6
512,1983,0.000602608115188058,6
512,1984,0.0014373735289818779,9
512,1985,0.0009984576598851547,6
512,1986,0.0009905194674005857,6
512,1987,0.0006151083124911194,6
512,1988,0.0007370053428842338,7
512,1989,0.0009715032325594564,6
512,1990,0.0011858825282198837,6
512,1991,0.001072627224648487,6
512,1992,0.0008573059267416028,6
512,1993,0.0007159130678946468,6
512,1994,0.001035418826036083,6
512,1995,0.0009184680516149957,6
512,1996,0.0008868862385842391,7
512,1997,0.0007114842920697972,6
512,1998,0.0008999771865310091,6
512,1999,0.0010649999302188018,7
512,2000,0.0008368587196256605,6
512,2001,0.0011797930442510873,6
512,2002,0.0009785935012884273,6
512,2003,0.0008915167035253857,6
512,2004,0.001277655464401839,8
512,2005,0.001336614154123561,6
512,2006,0.0013062987209930266,6
512,2007,0.000502404881781604,6
512,2008,0.000725496196266856,6
512,2009,0.0011282872486081397,11
512,2010,0.0010192976201839343,6
512,2011,0.000902782814433678,6
512,2012,0.001590112470810201,6
512,2013,0.0007541387053442428,6
512,2014,0.0011348827001605444,10
512,2015,0.0010452473846047083,6
512,2016,0.0007784743811001249,7
512,2017,0.0014742187094489712,6
512,2018,0.001090556588025482,6
512,2019,0.0015420525465916768,11
512,2020,0.000825047050966532,6
512,2021,0.0005571934138520751,6
512,2022,0.000668987253962805,6
512,2023,0.0007762025313717835,6
512,2024,0.0008746298830060173,6
512,2025,0.0010828938235243335,8
512,2026,0.0014158360002624049,6
512,2027,0.0014680552248063083,6
512,2028,0.0015832512692068867,11
512,2029,0.0009472704991659864,7
512,2030,0.0011437117710847433,6
512,2031,0.0010216987708919767,6
512,2032,0.0011674099823401063,7
512,2033,0.0007498507232467366,6
512,2034,0.001337449672857982,6
512,2035,0.0009050934941087774,7
512,2036,0.0008579423207177028,6
512,2037,0.0006520008102677277,6
512,2038,0.0008178167609708131,7
512,2039,0.0010002418472616625,6
512,2040,0.0011784023397082843,9
512,2041,0.0006188154081076536,6
512,2042,0.001003135377750819,8
512,2043,0.0007293194393263036,6
512,2044,0.0008304755059873603,6
512,2045,0.0006991713068772443,6
512,2046,0.0009597226176795148,6
512,2047,0.0012654726017763407,6
512,2048,0.0012101497337735356,6
512,2049,0.0013295298679346645,7
512,2050,0.0012871939805479404,9
512,2051,0.001269883300719088,6
512,2052,0.001175465049373603,6
512,2053,0.0008756585359115943,7
512,2054,0.0014897885644697961,12
512,2055,0.001506971304167104,6
512,2056,0.0012175355223240647,7
512,2057,0.0016531187972620431,6
512,2058,0.0007362592973961801,7
512,2059,0.0017032278983381,13
512,2060,0.0006764611503108364,6
512,2061,0.0007558879621581971,7
512,2062,0.0014139946197636033,7
512,2063,0.0010120640294708494,10
512,2064,0.0009363010245547754,6
512,2065,0.0005700828440902694,7
512,2066,0.0009042145896661635,7
512,2067,0.0005289667782266694,7
512,2068,0.0014252966364413089,10
512,2069,0.0008187215433663741,6
512,2070,0.0008583697451258754,6
512,2071,0.0016498070930605069,6
512,2072,0.0012364662463291154,7
512,2073,0.0006189073165359105,6
512,2074,0.001161405502961177,10
512,2075,0.0007091192897382692,6
512,2076,0.0008031239836310267,6
512,2077,0.0011741592286362845,6
512,2078,0.0017945760125130938,6
512,2079,0.0012870535664021299,6
512,2080,0.0008746528338404724,11
512,2081,0.0012281879310193922,10
512,2082,0.0007584715258082131,6
512,2083,0.0008443418437154016,6
512,2084,0.0009845675966662082,6
512,2085,0.0007404385679745107,6
512,2086,0.0008797098476490683,6
512,2087,0.0009519858380767354,6
512,2088,0.0006658554863265831,6
512,2089,0.0015957203215737348,6
512,2090,0.0008148444858944726,6
512,2091,0.0008361885258366675,6
512,2092,0.0005792434002107605,6
512,2093,0.000886344242044701,6
512,2094,0.0009807687072753701,8
512,2095,0.0007556262398180635,6
512,2096,0.0007060804431162637,7
512,2097,0.000989768509737532,6
512,2098,0.0006092480586687432,7
512,2099,0.0004626014563716696,6
512,2100,0.000724334223526607,6
512,2101,0.0011177636024835014,9
512,2102,0.0011430417301013795,6
512,2103,0.0008531845031782836,6
512,2104,0.001122261958806603,7
512,2105,0.001148617857807288,6
512,2106,0.0005990254276234674,6
512,2107,0.0009517703817003287,8
512,2108,0.0009184187856871029,8
512,2109,0.0008882325176372552,6
512,2110,0.0012537442480655692,6
512,2111,0.0007921829030721472,6
512,2112,0.0013839070502166262,6
512,2113,0.0014381474477881406,6
512,2114,0.0008680243454559644,6
512,2115,0.0006051741023457291,6
512,2116,0.0012169933100030228,6
512,2117,0.0009424116715256448,6
512,2118,0.0009459611261900536,6
512,2119,0.0009496511094957416,11
512,2120,0.0008870033772288011,6
512,2121,0.0011531752835948206,9
512,2122,0.0007492761263157011,6
512,2123,0.0007953367371688058,6
512,2124,0.0007708058246026772,6
512,2125,0.001321828785239787,6
512,2126,0.00147386098121427,6
512,2127,0.00150407355761506,6
512,2128,0.0008940403923227702,11
512,2129,0.0008049012492455931,6
512,2130,0.0009694439213795425,8
512,2131,0.0010937772049499639,6
512,2132,0.0008315019425736425,6
512,2133,0.0007625407562580344,6
512,2134,0.0007531311165490662,6
512,2135,0.0010556216488693537,6
512,2136,0.0010873185192406543,6
512,2137,0.0007148785071091623,6
512,2138,0.0009766245802175222,6
512,2139,0.0008466986516182384,6
512,2140,0.0012886554259264327,7
512,2141,0.0010310319014337765,6
512,2142,0.0008781383118247055,7
512,2143,0.0009785941497365558,6
512,2144,0.000909402096361922,8
512,2145,0.0006633499947551469,6
512,2146,0.0012177783080205007,9
512,2147,0.0010043790494764782,6
512,2148,0.0009847320726522613,6
512,2149,0.0014788448067156734,8
512,2150,0.0011093092905475332,7
512,2151,0.0009415032433762183,6
512,2152,0.0006140908380015686,6
512,2153,0.0007408142061593459,6
512,2154,0.000927672635482657,6
512,2155,0.0009772154835887559,6
512,2156,0.0011079309794078118,6
512,2157,0.0008907430324044396,6
512,2158,0.001239572170835923,8
512,2159,0.0005873103507376687,6
512,2160,0.001261211899941661,6
512,2161,0.0008451820788689668,6
512,2162,0.0011058749169429172,6
512,2163,0.0012304500853351774,7
512,2164,0.0010561864019277278,11
512,2165,0.000944522205115983,6
512,2166,0.0007833042735023721,7
512,2167,0.0011404694248264846,6
512,2168,0.0005691441556892607,6
512,2169,0.0007954073277270934,6
512,2170,0.0007152281105919922,6
512,2171,0.0011527725382936005,6
512,2172,0.0009497482640578037,6
512,2173,0.001359068515239814,8
512,2174,0.0008048698187063108,6
512,2175,0.0012052157660746854,6
512,2176,0.0009078145099659096,6
512,2177,0.0009711515044672492,7
512,2178,0.0013230900047235261,6
512,2179,0.0005661014894038363,6
512,2180,0.0010936235519987125,6
512,2181,0.0012831627606026963,6
512,2182,0.0011431505439872813,6
512,2183,0.0014629778520652836,6
512,2184,0.0010300546185050274,6
512,2185,0.0008516423276866414,6
512,2186,0.0008648724369439975,6
512,2187,0.001249510800164666,6
512,2188,0.0014509466020107276,6
512,2189,0.001019381421430543,6
512,2190,0.0014514962574707635,9
512,2191,0.00048294614091581867,6
512,2192,0.0011964821270422643,6
512,2193,0.0006631637116469857,6
512,2194,0.0016193111686144679,6
512,2195,0.0010019179032599856,13
512,2196,0.0007832746451208461,6
512,2197,0.0011342057471912526,6
512,2198,0.0007102994846585053,6
512,2199,0.0014255499500341884,8
512,2200,0.000964281246675136,6
512,2201,0.0006640878315906651,6
512,2202,0.0011356777975259913,6
512,2203,0.0005926679493583054,6
512,2204,0.0018520637559921171,6
512,2205,0.0006730024439669524,6
512,2206,0.0008897010631372104,8
512,2207,0.0007575447870836194,6
512,2208,0.0006825266166335942,7
512,2209,0.000892133476610546,6
512,2210,0.0008501097900446286,6
512,2211,0.0010194566631713808,10
512,2212,0.0012162302612241938,7
512,2213,0.0010841783068977762,9
512,2214,0.001411856770817066,9
512,2215,0.0008810219265845687,6
512,2216,0.001474297321245599,6
512,2217,0.001571697685965212,6
512,2218,0.001152852832672191,6
512,2219,0.001360614101401203,6
512,2220,0.0008585655624966382,6
512,2221,0.000833014626336559,6
512,2222,0.001355984431414048,6
512,2223,0.0008972327994064555,6
512,2224,0.0007073532785663028,6
512,2225,0.0008171073015157404,7
512,2226,0.0010057597212230762,6
512,2227,0.0010010014312487048,7
512,2228,0.0004946903234913647,6
512,2229,0.0012784956041789197,7
512,2230,0.0009274160225088424,6
512,2231,0.0012590157843227479,6
512,2232,0.0008547460159963882,6
512,2233,0.0011358603856120864,6
512,2234,0.0011229507168439845,6
512,2235,0.0011709694732036091,8
512,2236,0.0007939905415069726,6
512,2237,0.000926711479939335,9
512,2238,0.000988235339591581,10
512,2239,0.0011457550671050143,6
512,2240,0.000856271877987258,6
512,2241,0.0014252685541024102,6
512,2242,0.0007191950443928841,8
512,2243,0.0010202839448076872,11
512,2244,0.0005917578722153816,6
512,2245,0.0011716337673250976,7
512,2246,0.0013365578989779081,6
512,2247,0.0008598506579812204,6
512,2248,0.0011822472816531704,6
512,2249,0.0013842540157582572,7
512,2250,0.001094254095124203,6
512,2251,0.000797303707502417,7
512,2252,0.0007080429584799264,6
512,2253,0.001038560867933469,8
512,2254,0.001041731273091706,6
512,2255,0.0012977330638447304,6
512,2256,0.0009110821614053966,6
512,2257,0.0007403348184856773,7
512,2258,0.0009916526462215858,7
512,2259,0.0009503385176516943,9
512,2260,0.0008985506635170726,6
512,2261,0.0007845946704521101,6
512,2262,0.0006449212799299886,6
512,2263,0.001427935829530047,8
512,2264,0.0017680759164035997,6
512,2265,0.0007757381681517961,6
512,2266,0.0008357223383771428,7
512,2267,0.0006303874037144608,6
512,2268,0.000936409988920972,6
512,2269,0.0010705523580390452,6
512,2270,0.0007729128867509649,6
512,2271,0.0006428200774966086,6
512,2272,0.0009256911449361249,8
512,2273,0.0007707013800811735,6
512,2274,0.001361992232307152,9
512,2275,0.0009627052302235706,6
512,2276,0.0008394241570670036,6
512,2277,0.0008476339951356548,7
512,2278,0.00110097389781455,6
512,2279,0.0009012475475396187,6
512,2280,0.0006821992141554656,6
512,2281,0.0006646946715866964,6
512,2282,0.000996699335584883,7
512,2283,0.0016645778381928489,6
512,2284,0.0008499052858671474,6
512,2285,0.0011143580400395647,9
512,2286,0.001133943456116282,7
512,2287,0.0010661471791844068,6
512,2288,0.0007107129038627091,6
512,2289,0.0005776806793783562,6
512,2290,0.0008244432245549937,9
512,2291,0.0006514825846956063,6
512,2292,0.000820955963516723,6
512,2293,0.0006892248312447558,6
512,2294,0.0010488509180582861,6
512,2295,0.0011123273940068512,7
512,2296,0.0011127945667805672,8
512,2297,0.0010525927515003808,10
512,2298,0.0010991960007183943,10
512,2299,0.0013962129513307997,7
512,2300,0.0009174310415519804,6
512,2301,0.0005885451977660772,6
512,2302,0.0012865921335438735,7
512,2303,0.0010324557099073983,6
512,2304,0.0010857565982186346,7
512,2305,0.0008401517055486307,9
512,2306,0.0013693618904001004,8
512,2307,0.0005739030441606063,6
512,2308,0.0008446055915457551,6
512,2309,0.0007347931288094744,7
512,2310,0.0006056504347949909,6
512,2311,0.0008063054737802444,7
512,2312,0.0009354689924111481,9
512,2313,0.0008835577918074877,7
512,2314,0.0007181277195267843,6
512,2315,0.0010197180542150797,6
512,2316,0.0016386687136323852,6
512,2317,0.0013802149998161095,12
512,2318,0.0013424196902097618,8
512,2319,0.0008157201112592993,8
512,2320,0.0009457588857900712,6
512,2321,0.0011357138440774017,11
512,2322,0.0008639799627512545,6
512,2323,0.0006317378422326936,6
512,2324,0.0007424841106421498,8
512,2325,0.0007127805397245668,6
512,2326,0.0011197658571194813,6
512,2327,0.0008559904890101944,6
512,2328,0.0009003153589899338,7
512,2329,0.0007727578274704383,6
512,2330,0.0008633381669486129,6
512,2331,0.0009058600231811598,6
512,2332,0.0012030584891047358,6
512,2333,0.0012259874036030238,6
512,2334,0.0008589255007116492,6
512,2335,0.0014920305745824702,7
512,2336,0.0014607851565675567,8
512,2337,0.0007169536334151738,6
512,2338,0.0015002771687379068,6
512,2339,0.0014743203827480567,6
512,2340,0.0008793998888461385,6
512,2341,0.0014411827795344778,6
512,2342,0.0005779096285117857,6
512,2343,0.000768110448032544,6
512,2344,0.0010561207876861323,6
512,2345,0.0011022202778683265,6
512,2346,0.0009786363123507336,6
512,2347,0.001051691157767376,6
512,2348,0.0008093370492916474,6
512,2349,0.00099028228252529,6
512,2350,0.001124682774414243,6
512,2351,0.0012773931130523053,6
512,2352,0.00122752453297853,10
512,2353,0.0010435471419373288,8
512,2354,0.0006667673845566768,8
512,2355,0.00124911837353886,14
512,2356,0.0006396383302530451,6
512,2357,0.0008235853498187451,7
512,2358,0.0014364658504210093,9
512,2359,0.0013551508091735887,6
512,2360,0.0008005802018689057,6
512,2361,0.0015248057201002752,6
512,2362,0.0007103469757474556,6
512,2363,0.000793882783780453,6
512,2364,0.0010229673932746763,11
512,2365,0.0006978330716732595,6
512,2366,0.0005172852151643648,6
512,2367,0.0007078153906648899,6
512,2368,0.0009569203124529801,6
512,2369,0.0012704470968800674,6
512,2370,0.00078962167116714,6
512,2371,0.0011787347062006681,8
512,2372,0.0012580118184545852,7
512,2373,0.0006930118817758402,8
512,2374,0.0011241624991967791,6
512,2375,0.0006599006712254551,6
512,2376,0.0005777389648581877,6
512,2377,0.0012455246346633198,6
512,2378,0.0010445054427403733,6
512,2379,0.0008256580816297099,6
512,2380,0.0009658477878398131,6
512,2381,0.0009650702158268132,6
512,2382,0.0007356525681635473,6
512,2383,0.0005831412222448984,6
512,2384,0.0008141852258520543,6
512,2385,0.0005852618836624801,6
512,2386,0.0009127561877375623,6
512,2387,0.001079783984839433,6
512,2388,0.0011372966061031775,6
512,2389,0.0016264347005684465,6
512,2390,0.0009818720188576324,6
512,2391,0.0007244779893615938,6
512,2392,0.0007060337123409033,6
512,2393,0.0016801424804441245,8
512,2394,0.0008104000449170035,6
512,2395,0.0012863497388501122,6
512,2396,0.0011940248197134518,6
512,2397,0.0014941790599202198,9
512,2398,0.0013352317428624305,12
512,2399,0.0014438067069602045,11
512,2400,0.001362631605676956,6
512,2401,0.0005504194450464128,6
512,2402,0.0010025241813947372,6
512,2403,0.0006283191592758586,6
512,2404,0.0005551876729649186,6
512,2405,0.0010543451592444075,6
512,2406,0.0009590457296123622,6
512,2407,0.0009233292284820394,6
512,2408,0.0010808458274242927,6
512,2409,0.0009047945843345673,6
512,2410,0.0008591539725104624,6
512,2411,0.0011460682412988143,6
512,2412,0.0010961069276179125,6
512,2413,0.0014416198503279798,6
512,2414,0.0006682373274103925,6
512,2415,0.0007312430435181261,7
512,2416,0.001116936238381161,8
512,2417,0.0010929535083764597,6
512,2418,0.0009693853111789608,6
512,2419,0.0011977790578469039,6
512,2420,0.0010529558424204888,6
512,2421,0.0010727136404053983,6
512,2422,0.0013156842243314815,10
512,2423,0.0005515302580596515,6
512,2424,0.0008518905994008286,6
512,2425,0.0010960373120831868,9
512,2426,0.0010121664269782116,6
512,2427,0.0013232915519379995,9
512,2428,0.0015472583491313863,6
512,2429,0.0007332267673215709,8
512,2430,0.0008886962927405762,8
512,2431,0.0014283148312249638,6
512,2432,0.0006749116599223948,6
512,2433,0.0012165312560730168,6
512,2434,0.0008457024490722276,6
512,2435,0.001472804201835154,10
512,2436,0.001297995303374072,8
512,2437,0.0010059704486306276,6
512,2438,0.0008888445992258909,6
512,2439,0.0009640749212834754,6
512,2440,0.0010425915905314387,8
512,2441,0.0010425558753278663,6
512,2442,0.000700100441353213,6
512,2443,0.0020147133895257463,10
512,2444,0.0008961563256723593,6
512,2445,0.0006313711262603272,6
512,2446,0.0011619999625743782,6
512,2447,0.0012353054786333473,8
512,2448,0.00129755274448895,9
512,2449,0.000979289437414932,6
512,2450,0.0009657984893906013,6
512,2451,0.0009095669043190924,6
512,2452,0.001397195334283785,8
512,2453,0.0015463282117526012,7
512,2454,0.001551567882597582,6
512,2455,0.0008674372430663713,7
512,2456,0.0005874268751412393,6
512,2457,0.0010212754296878845,6
512,2458,0.0007885618394748439,7
512,2459,0.0011620646242975208,6
512,2460,0.001578525001113884,10
512,2461,0.000648047043528388,6
512,2462,0.0006554305402689531,7
512,2463,0.0008327197192866675,6
512,2464,0.0006216297218668565,6
512,2465,0.0012852082791894315,6
512,2466,0.0007809811320952376,6
512,2467,0.0014549795677030186,7
512,2468,0.0006504383576633188,8
512,2469,0.0010603296556280783,6
512,2470,0.0013590234976654791,6
512,2471,0.0014837381311124664,10
512,2472,0.0012256003423481987,6
512,2473,0.0009270868954124323,6
512,2474,0.0008500189038618267,6
512,2475,0.0008318760550317106,7
512,2476,0.0008316467830289387,11
512,2477,0.0007603393832537053,6
512,2478,0.0009446709895362115,8
512,2479,0.0012875144148991602,6
512,2480,0.0013663851888405798,6
512,2481,0.0007728298160485925,6
512,2482,0.0010621850891181506,6
512,2483,0.001441159901781397,6
512,2484,0.0009501890309365213,7
512,2485,0.00105819631413695,6
512,2486,0.0004628686295450324,6
512,2487,0.0010626937497335565,6
512,2488,0.0005947766467215843,6
512,2489,0.0009688932438156606,6
512,2490,0.0008573545130904359,6
512,2491,0.0007004015728988566,6
512,2492,0.0007564720454180107,7
512,2493,0.0012498652096246676,8
512,2494,0.001176899669766196,8
512,2495,0.0011320246264897582,6
512,2496,0.0008769156795283006,7
512,2497,0.0010835284864049166,6
512,2498,0.0009734866982710755,6
512,2499,0.0008788929179365246,8
512,2500,0.0010153521220858108,6
1024,1,0.0013236427129563744,6
1024,2,0.0011076821018294325,7
1024,3,0.0015043598116415424,6
1024,4,0.0009218378777445801,6
1024,5,0.0010912319919822444,6
1024,6,0.000694973829416079,6
1024,7,0.0006835927500138395,6
1024,8,0.0007931892747464753,6
1024,9,0.0008710644824938552,6
1024,10,0.0013691434733568708,9
1024,11,0.001213348581227014,6
1024,12,0.0008367311140583533,6
1024,13,0.0006880752404294088,6
1024,14,0.0009395270427263736,6
1024,15,0.0014003611557206197,6
1024,16,0.0011708415791031879,11
1024,17,0.0011086567962943494,6
1024,18,0.0013342471070825201,6
1024,19,0.0007516752517233716,7
1024,20,0.0013497708440241007,6
1024,21,0.0011714636672768286,6
1024,22,0.0009630964694844479,6
1024,23,0.0010663543307547485,8
1024,24,0.0006867536426624632,6
1024,25,0.001005722530612041,6
1024,26,0.001088290375877543,10
1024,27,0.0009103656120581505,6
1024,28,0.0009550154517445342,8
1024,29,0.0007517876353924646,6
1024,30,0.001047283384014941,6
1024,31,0.0007553371548173482,6
1024,32,0.000902060202905175,6
1024,33,0.0006522541189292186,6
1024,34,0.00083563446066659,7
1024,35,0.00120811300528334,8
1024,36,0.0006878848339074151,6
1024,37,0.0012949779792311156,12
1024,38,0.0008972435913312538,6
1024,39,0.0011111873070902556,6
1024,40,0.000770373648446121,6
1024,41,0.0008011282494932992,6
1024,42,0.0012271560209498045,7
1024,43,0.0011053047997143517,6
1024,44,0.0017425927442654698,18
1024,45,0.0006183435153973571,7
1024,46,0.0008366028281771021,9
1024,47,0.0009208631092725295,6
1024,48,0.001332681393514279,13
1024,49,0.001183209352562553,7
1024,50,0.0009285451014744428,6
1024,51,0.0015330335523511263,6
1024,52,0.001217919704332604,6
1024,53,0.001318877903228849,7
1024,54,0.0007940619067432486,6
1024,55,0.0011377852379949038,6
1024,56,0.0009451418792388866,6
1024,57,0.0009794917921993607,10
1024,58,0.0016201380749307215,11
1024,59,0.0010699850592532645,6
1024,60,0.0010216748614351734,8
1024,61,0.0010317391514286789,6
1024,62,0.0010354190069289948,6
1024,63,0.0011924649037667878,8
1024,64,0.0012259823918212565,8
1024,65,0.0012908307480707926,6
1024,66,0.0012854812441349117,7
1024,67,0.0004819874829606885,6
1024,68,0.0006773737755271236,6
1024,69,0.0007841443199552156,6
1024,70,0.001361016388252173,6
1024,71,0.0009217203660918383,6
1024,72,0.001037796129445101,6
1024,73,0.0009983604452342698,7
1024,74,0.0009947604304442192,6
1024,75,0.0008251364192773947,6
1024,76,0.001201752508461662,6
1024,77,0.0007655280436205114,7
1024,78,0.0005635610489732601,6
1024,79,0.0009112720959641718,6
1024,80,0.0007461065758384011,6
1024,81,0.0011096583811922578,6
1024,82,0.0012794105320587112,7
1024,83,0.0009723368603744564,7
1024,84,0.0007333748161467701,6
1024,85,0.0012881497651701102,6
1024,86,0.000995867091901026,7
1024,87,0.0008934671694320606,6
1024,88,0.0011778012255546644,6
1024,89,0.0009862717041556612,6
1024,90,0.0008644651698945793,7
1024,91,0.0007602597591264137,8
1024,92,0.0013368756439896545,7
1024,93,0.001168523335257854,6
1024,94,0.0007909358779281395,6
1024,95,0.001035663117426311,6
1024,96,0.0011164185716479036,6
1024,97,0.0009213934106856447,6
1024,98,0.0014375581346340038,11
1024,99,0.0005532935177053888,6
1024,100,0.00047008327253372784,6
1024,101,0.0007304646778209523,6
1024,102,0.0010105396842368108,6
1024,103,0.0007107066142003626,6
1024,104,0.0007401458944712447,6
1024,105,0.0008371726063116647,6
1024,106,0.0007510714015936115,6
1024,107,0.0017498361194226986,10
1024,108,0.0013725236283962383,6
1024,109,0.0012685197345583266,17
1024,110,0.0009784861376249676,6
1024,111,0.0010407688540261528,6
1024,112,0.0010498241386740492,6
1024,113,0.0011748158539068854,6
1024,114,0.0009362031187751807,8
1024,115,0.0009752090025885174,7
1024,116,0.0010562640398371625,11
1024,117,0.0008465827199978238,6
1024,118,0.0013925764095354953,6
1024,119,0.0014170803113849884,6
1024,120,0.0006594990208996787,6
1024,121,0.0007623167390480301,6
1024,122,0.0006630221569225991,6
1024,123,0.0006402061847780027,6
1024,124,0.00069497087988446,6
1024,125,0.0009937400918719752,7
1024,126,0.001207999742123489,7
1024,127,0.0006199210806955846,6
1024,128,0.000644579337779172,6
1024,129,0.0007997827032259486,6
1024,130,0.0009609047094161216,6
1024,131,0.0006308155625052159,6
1024,132,0.0013630193586212647,11
1024,133,0.000874944097959518,6
1024,134,0.0015452755519268502,15
1024,135,0.0009680140825771844,9
1024,136,0.0006573833631235981,6
1024,137,0.0008522194539219985,8
1024,138,0.000688144109252331,6
1024,139,0.0009834314907903874,6
1024,140,0.0008212362189545241,8
1024,141,0.0008546192587355339,6
1024,142,0.0011854427430521008,6
1024,143,0.0011284897216591316,6
1024,144,0.0007077261324396622,6
1024,145,0.0014517114507029139,8
1024,146,0.0012300187739282542,6
1024,147,0.0013779602006855907,6
1024,148,0.001614843299416413,14
1024,149,0.0010025368391172185,8
1024,150,0.0003856105456326864,6
1024,151,0.0009089019455206793,6
1024,152,0.0006765353310490552,6
1024,153,0.0010354244089378906,6
1024,154,0.0010387929568081988,6
1024,155,0.0008736310687158522,6
1024,156,0.0010221824554551562,8
1024,157,0.0012620521658658346,6
1024,158,0.0006612683031452793,7
1024,159,0.000916384159148409,6
1024,160,0.0008096420493896028,6
1024,161,0.000740456300691833,6
1024,162,0.0009848436165361685,6
1024,163,0.0009229385833060544,6
1024,164,0.0006442280618717544,6
1024,165,0.0016491829438656236,6
1024,166,0.0012677911200134062,6
1024,167,0.001292386630568243,9
1024,168,0.0011444560521971792,6
1024,169,0.0007578494463367225,6
1024,170,0.0008517597995695292,9
1024,171,0.0009781230488554726,6
1024,172,0.001227597302881328,6
1024,173,0.0009022196307109098,6
1024,174,0.0008969588133137529,6
1024,175,0.0014807756818530082,6
1024,176,0.0007862506724816698,6
1024,177,0.001271783637870727,6
1024,178,0.0006971620306436277,6
1024,179,0.0018104460306486159,6
1024,180,0.0008884671856574933,10
1024,181,0.0006811162831155126,6
1024,182,0.0005730128178897953,6
1024,183,0.0008087509174540264,9
1024,184,0.001312345009519822,8
1024,185,0.0005962937923369438,6
1024,186,0.00128487355246798,6
1024,187,0.0006080606797137511,6
1024,188,0.0007396348723013313,6
1024,189,0.0011602010634765847,6
1024,190,0.0007916830458959412,6
1024,191,0.0006341162912147924,6
1024,192,0.0006883354501024952,6
1024,193,0.0009431192999878046,8
1024,194,0.0015701899070329484,10
1024,195,0.0008590376733853544,7
1024,196,0.0010572832352428174,8
1024,197,0.0005930081706867485,6
1024,198,0.001413707799947428,6
1024,199,0.0008717061192363151,7
1024,200,0.001324988040859787,9
1024,201,0.0006440990962828241,6
1024,202,0.001265945582068162,6
1024,203,0.0007353693823722862,6
1024,204,0.0007285115896618066,6
1024,205,0.0011409866963111304,6
1024,206,0.0010006270319462551,7
1024,207,0.0008776152648267699,6
1024,208,0.0011332409022235534,8
1024,209,0.0008753015020036559,6
1024,210,0.0009219622891286638,6
1024,211,0.0008337091866802426,8
1024,212,0.0010327222699301197,6
1024,213,0.0013579330927200317,10
1024,214,0.0011758834523455663,7
1024,215,0.0006567885070792867,6
1024,216,0.0008368398634480689,7
1024,217,0.0014055012150134827,9
1024,218,0.0015286044742344185,10
1024,219,0.0008971401856719963,10
1024,220,0.0014474768917227543,6
1024,221,0.0007116462018665892,6
1024,222,0.000861394551825434,8
1024,223,0.0010644200252628577,8
1024,224,0.000682325298094727,6
1024,225,0.00109303236659819,6
1024,226,0.0010287680247811348,6
1024,227,0.0007827218245917145,6
1024,228,0.0015250852832365824,6
1024,229,0.0012979114940474545,6
1024,230,0.00074897677856961,6
1024,231,0.0014258237680562225,7
1024,232,0.0009747015356363908,6
1024,233,0.0010671808792992454,6
1024,234,0.0009962683979799491,6
1024,235,0.0010875270457432196,7
1024,236,0.0005814566900568252,7
1024,237,0.0007124941097254034,6
1024,238,0.0009429275660618464,6
1024,239,0.0005268996108979129,6
1024,240,0.0014004756504589766,7
1024,241,0.0006139084856515709,6
1024,242,0.0010884380883892097,8
1024,243,0.0020340127958308474,10
1024,244,0.0009156643379021334,6
1024,245,0.0006944436161662182,6
1024,246,0.0011560521853002381,9
1024,247,0.000799939713895137,6
1024,248,0.0011622868012650112,6
1024,249,0.001460845154700685,6
1024,250,0.0009712463289450746,6
1024,251,0.0009051072268212446,6
1024,252,0.0011069514766843813,6
1024,253,0.0005151387922263106,6
1024,254,0.0011340904491458081,6
1024,255,0.0010579195649065842,6
1024,256,0.0010259608431287814,6
1024,257,0.0009507388329180744,6
1024,258,0.0009048911036909635,6
1024,259,0.0005723000140042123,6
1024,260,0.0009682074992868328,7
1024,261,0.0017327462671183902,6
1024,262,0.0012513327065012958,8
1024,263,0.0016715109065218448,8
1024,264,0.0008163831690850554,6
1024,265,0.0013343920483247507,6
1024,266,0.0016336254022523145,6
1024,267,0.0009146266501895983,6
1024,268,0.0015017782555060144,6
1024,269,0.0009161785741255146,7
1024,270,0.0007038951967491824,7
1024,271,0.000875573663059237,6
1024,272,0.0008254113537054519,8
1024,273,0.000728284507771737,6
1024,274,0.0014850398975174706,6
1024,275,0.0011863986774562907,6
1024,276,0.0011480155436397466,9
1024,277,0.000945294619911774,9
1024,278,0.001099950348297296,7
1024,279,0.0013930761926324586,6
1024,280,0.0005561456071419002,6
1024,281,0.0011722663442887415,6
1024,282,0.001452346150586148,6
1024,283,0.0008408755401694279,6
1024,284,0.0012569479448214516,6
1024,285,0.0010024635727130526,6
1024,286,0.0008380053606452664,6
1024,287,0.0008744434341525498,7
1024,288,0.000791195960474167,8
1024,289,0.001088194568808487,6
1024,290,0.0006371058817230546,6
1024,291,0.001291828744044321,6
1024,292,0.0010456571988626817,6
1024,293,0.0011562539390248538,6
1024,294,0.0014580812261391074,6
1024,295,0.0012881697613729148,6
1024,296,0.0011713439547200721,6
1024,297,0.0004634933239212602,6
1024,298,0.0009492686904564451,6
1024,299,0.0008083784536878635,6
1024,300,0.0011129835402703403,6
1024,301,0.0015114373005640225,9
1024,302,0.0008551285581590573,6
1024,303,0.0006216907869627253,7
1024,304,0.0014849960009810925,6
1024,305,0.001167430694667293,6
1024,306,0.0006872970066128525,6
1024,307,0.0012070592644717326,6
1024,308,0.0012164610442907398,6
1024,309,0.00044507906890478566,6
1024,310,0.0006991220493618444,6
1024,311,0.0009682517477239694,7
1024,312,0.0009571129043275672,6
1024,313,0.0010189509934940277,6
1024,314,0.0009326125385888395,6
1024,315,0.0009402453272823186,6
1024,316,0.0012793835461851477,8
1024,317,0.0007590395056330523,6
1024,318,0.0011069164231772843,6
1024,319,0.001016506062319733,8
1024,320,0.001065163916885159,6
1024,321,0.001138233013978751,6
1024,322,0.0009132777907556733,8
1024,323,0.001153258099024418,7
1024,324,0.001187491239246552,9
1024,325,0.0009626535046783347,6
1024,326,0.0011113791195206946,6
1024,327,0.0007403966958497987,6
1024,328,0.0007339797550844906,6
1024,329,0.0012427041938644079,6
1024,330,0.0010849575889715357,6
1024,331,0.0016375896421146618,8
1024,332,0.0007120377534095002,6
1024,333,0.0009498423692684277,6
1024,334,0.0010745197339697143,6
1024,335,0.00145355857867846,6
1024,336,0.0010045265499305511,6
1024,337,0.0014528461263970671,9
1024,338,0.0006944344658239565,6
1024,339,0.0012525339946774516,6
1024,340,0.0008067967987051006,6
1024,341,0.0009644445501971743,6
1024,342,0.0015239103510088503,6
1024,343,0.0016575504275664343,6
1024,344,0.0006169223712084726,7
1024,345,0.0009904504775744005,6
1024,346,0.0007194692943222614,6
1024,347,0.001145958159092464,9
1024,348,0.0007938872576825906,8
1024,349,0.0006528131713455787,6
1024,350,0.0006901943541882949,6
1024,351,0.0008299473152363346,8
1024,352,0.0010303918666487721,6
1024,353,0.0009908595194241532,7
1024,354,0.0012179290576733726,7
1024,355,0.0012538201661397297,6
1024,356,0.0013273295718460032,6
1024,357,0.00047932397991534703,6
1024,358,0.0011289701779128025,6
1024,359,0.0012037519510005312,6
1024,360,0.0010809242120191076,8
1024,361,0.0005724610096441707,6
1024,362,0.001004350918823227,6
1024,363,0.0009182419081333881,6
1024,364,0.0011820469556752533,6
1024,365,0.001004120038717804,7
1024,366,0.0005008940164958897,6
1024,367,0.001202604272993013,7
1024,368,0.0006660906735422856,6
1024,369,0.0008106004444743409,6
1024,370,0.0006309130776147587,6
1024,371,0.0006633894705397048,6
1024,372,0.0006372304512557436,6
1024,373,0.0007514684402494254,6
1024,374,0.0010986502535403897,6
1024,375,0.0006987930101430007,6
1024,376,0.0009974126307553677,10
1024,377,0.001166584478826005,6
1024,378,0.000664134615274703,6
1024,379,0.0008453716333110539,8
1024,380,0.0008478769647746187,7
1024,381,0.0012985374490022128,10
1024,382,0.0007130421240132412,6
1024,383,0.0009037697183631455,6
1024,384,0.0011759592953773934,8
1024,385,0.0013409170655137581,7
1024,386,0.0009500254943033415,8
1024,387,0.001584595939382094,9
1024,388,0.0010487312141457261,6
1024,389,0.0009519432561935215,7
1024,390,0.000890878077125512,6
1024,391,0.001258824212386378,8
1024,392,0.0012141591785050365,7
1024,393,0.0006269951195300993,6
1024,394,0.0014859344747240044,6
1024,395,0.0010971277574278182,10
1024,396,0.0012643803243727048,6
1024,397,0.0008707933585770933,6
1024,398,0.0008509607209286063,6
1024,399,0.0007298238600695894,6
1024,400,0.001143576402737434,7
1024,401,0.0007793215335544224,7
1024,402,0.0015039415430257996,6
1024,403,0.0012140323090354954,12
1024,404,0.000948458097651983,6
1024,405,0.0011362041772262632,6
1024,406,0.0005302556822859295,6
1024,407,0.0014522423786257344,8
1024,408,0.0009413184658108031,9
1024,409,0.0006532141214486975,6
1024,410,0.0008537390957394919,7
1024,411,0.0009882237551148698,6
1024,412,0.0011878752198285492,6
1024,413,0.0005122805259505925,6
1024,414,0.000905866506833719,6
1024,415,0.0015399797621752365,6
1024,416,0.0010282327831204752,6
1024,417,0.000908603017951426,7
1024,418,0.0007522299507242147,6
1024,419,0.0010995516288418439,6
1024,420,0.0007533610081030817,6
1024,421,0.0010797139936857825,6
1024,422,0.0013786086889160387,6
1024,423,0.0013433214351653566,9
1024,424,0.0008364419717641902,6
1024,425,0.000947341050606898,6
1024,426,0.0010014681754663135,6
1024,427,0.0009293480507562291,6
1024,428,0.0012960263140660844,12
1024,429,0.0014256816574118591,6
1024,430,0.0007629435844270782,9
1024,431,0.0008930785319462009,6
1024,432,0.0012491752844796533,10
1024,433,0.0008587404602010684,6
1024,434,0.0009093256230504609,6
1024,435,0.001120040400956257,6
1024,436,0.0008755523471779547,7
1024,437,0.0014343355762844734,6
1024,438,0.0006446112596073528,6
1024,439,0.000933080469758929,9
1024,440,0.0008180906307801994,7
1024,441,0.0010968969569544462,6
1024,442,0.0010961306737735654,15
1024,443,0.0012353252677918536,6
1024,444,0.0011882890879935104,9
1024,445,0.0007264926723026255,8
1024,446,0.0008493464925919403,6
1024,447,0.0011062630500737747,6
1024,448,0.000735940667865087,10
1024,449,0.0012796870893032608,9
1024,450,0.0007611969590897161,6
1024,451,0.0007697137585064295,6
1024,452,0.0011989697597136195,6
1024,453,0.0010215497793040207,6
1024,454,0.0007088455290877316,6
1024,455,0.001068625389009703,6
1024,456,0.00093273780569747,6
1024,457,0.0011202254014842927,8
1024,458,0.0015187915688031906,10
1024,459,0.001460672034197752,8
1024,460,0.0012010210361037554,6
1024,461,0.0004887366562643658,6
1024,462,0.0010643251647498575,6
1024,463,0.0009511561206948516,7
1024,464,0.0010249502514381725,6
1024,465,0.00117930012694889,8
1024,466,0.0008196307558172578,6
1024,467,0.0018279637895215473,6
1024,468,0.000686755356293145,7
1024,469,0.0008214730806207493,6
1024,470,0.001053657481748349,7
1024,471,0.0008700840178585967,6
1024,472,0.001280740755533416,6
1024,473,0.0011157956764803467,7
1024,474,0.0006146941260741778,7
1024,475,0.0008579564341152368,6
1024,476,0.0008673404012335961,6
1024,477,0.0013232131610120823,7
1024,478,0.0012115615965940796,6
1024,479,0.0013174682543534155,6
1024,480,0.0006555151747071886,6
1024,481,0.0006914685830975431,6
1024,482,0.0007855793447256731,7
1024,483,0.0011089078192632051,6
1024,484,0.0011335801433965953,9
1024,485,0.0008860827892767098,6
1024,486,0.0009280298207747784,6
1024,487,0.0012492217913860904,6
1024,488,0.0006886676454939122,6
1024,489,0.0007256932218739909,6
1024,490,0.0006765078932339241,6
1024,491,0.0010501353745058228,6
1024,492,0.000341219779543267,6
1024,493,0.000641283838302753,7
1024,494,0.0010746106123269428,12
1024,495,0.0011004419756193151,8
1024,496,0.0012482021244024644,6
1024,497,0.001084543502089863,6
1024,498,0.0011814232185073381,6
1024,499,0.0010291381422121715,6
1024,500,0.00040641856056977677,6
1024,501,0.0010281031410136476,6
1024,502,0.0010523389387152582,7
1024,503,0.0006321165470105639,6
1024,504,0.000687464259380155,6
1024,505,0.00048097518253653604,8
1024,506,0.0015873033394487313,6
1024,507,0.0011668931263426607,7
1024,508,0.0009019497533578891,6
1024,509,0.0008718157587391806,6
1024,510,0.0012935507284876913,6
1024,511,0.0010059151217869378,6
1024,512,0.0011925497705408405,6
1024,513,0.0013686031725346215,7
1024,514,0.0013157619236452422,6
1024,515,0.001163520289778841,6
1024,516,0.0010663399559382447,6
1024,517,0.0007771842598227607,6
1024,518,0.0011043025326386013,6
1024,519,0.0017135797612273518,6
1024,520,0.0012165256756663245,6
1024,521,0.0008294221670067659,6
1024,522,0.0008253755657172679,6
1024,523,0.0009022286533212631,6
1024,524,0.0010285318955459144,9
1024,525,0.0009590837375472727,12
1024,526,0.0006846079195651777,6
1024,527,0.0006963577116321229,6
1024,528,0.0010049756154076883,6
1024,529,0.00098013122573537,6
1024,530,0.0012959488540867925,6
1024,531,0.0012367266923990483,6
1024,532,0.0006290207976155093,6
1024,533,0.0009052868238691447,6
1024,534,0.0014225229915116877,7
1024,535,0.000664581439503098,8
1024,536,0.0007817235556312196,6
1024,537,0.0009883119779769967,10
1024,538,0.000873270154333583,7
1024,539,0.0005531287154850739,6
1024,540,0.0007386591067093384,6
1024,541,0.0011713644027356862,6
1024,542,0.0008086532010764813,6
1024,543,0.0005277963561483023,6
1024,544,0.0005469898472615364,6
1024,545,0.0011920540426484383,6
1024,546,0.0005867448808919429,6
1024,547,0.000788840333797225,6
1024,548,0.001030855011792925,6
1024,549,0.000917549923220462,8
1024,550,0.0009510993368480047,7
1024,551,0.0007021797612517533,6
1024,552,0.0009477923514495945,7
1024,553,0.001013087627614817,6
1024,554,0.0011885665154404146,6
1024,555,0.0007151204049753446,7
1024,556,0.0005385464138468743,7
1024,557,0.0007042005728921108,7
1024,558,0.0008892301375147404,7
1024,559,0.0010327757389032577,7
1024,560,0.0013005404195555181,6
1024,561,0.001601240443819374,11
1024,562,0.000737249123644701,6
1024,563,0.0007008933624851887,6
1024,564,0.0008516034406550466,6
1024,565,0.0016179671558788078,8
1024,566,0.0015410768820824372,6
1024,567,0.0012484485950596813,8
1024,568,0.0012060261460578037,7
1024,569,0.0006334695406286228,6
1024,570,0.0010912882249599631,6
1024,571,0.0013736452739799843,6
1024,572,0.0013666211876603995,7
1024,573,0.0012892176958018142,6
1024,574,0.0007797069771299792,6
1024,575,0.0012253399281719757,6
1024,576,0.0006941309645193683,8
1024,577,0.0009351297969636407,6
1024,578,0.001047889502041599,6
1024,579,0.0012086870027135932,6
1024,580,0.0012036540938552553,7
1024,581,0.0009832740810983287,6
1024,582,0.0008888209836537264,6
1024,583,0.0011418161000757987,6
1024,584,0.0011822776547045777,7
1024,585,0.000989974863789378,7
1024,586,0.0015295921915109423,6
1024,587,0.0005420496879826042,6
1024,588,0.00120403090190635,6
1024,589,0.0010593012856400241,6
1024,590,0.001058905526342857,6
1024,591,0.0008479759150501476,7
1024,592,0.0005867840643801747,6
1024,593,0.0007482591538405803,6
1024,594,0.0009402085409497829,6
1024,595,0.0009596667738033804,6
1024,596,0.0009511194783119459,6
1024,597,0.001167532873300292,6
1024,598,0.0009397043309026243,6
1024,599,0.0009675729491587237,6
1024,600,0.0005609024415539343,6
1024,601,0.0010895498689676986,6
1024,602,0.0008903581028948393,6
1024,603,0.0007881879560359684,6
1024,604,0.0011227780389428954,6
1024,605,0.001485322825089841,6
1024,606,0.0006340625337087902,7
1024,607,0.0011845312283922382,6
1024,608,0.0006704229227635361,6
1024,609,0.0010494128199652897,6
1024,610,0.000968713318260539,7
1024,611,0.000684191939019918,6
1024,612,0.00044675437888686,6
1024,613,0.001459630959937952,8
1024,614,0.0006241075812472019,6
1024,615,0.0010910785457010075,13
1024,616,0.0006950938957288599,6
1024,617,0.0008727319496049657,7
1024,618,0.0012745299826337764,6
1024,619,0.0006125247831666458,6
1024,620,0.0012746088224590002,11
1024,621,0.000992448810382185,7
1024,622,0.0009960802274754377,6
1024,623,0.0007854281531560758,6
1024,624,0.0005957247692836287,7
1024,625,0.0007652251148135836,6
1024,626,0.0010691147473678164,6
1024,627,0.0014669771505247953,6
1024,628,0.0004857184817936844,6
1024,629,0.0015323699752776143,6
1024,630,0.001144719799137106,11
1024,631,0.0010870954373045638,8
1024,632,0.001407589266476661,7
1024,633,0.0009612406185675049,6
1024,634,0.0006838797187152523,7
1024,635,0.0013466926916634314,6
1024,636,0.0005020241999654784,6
1024,637,0.0007478658929116477,6
1024,638,0.0017445149694843565,7
1024,639,0.0010603289667727722,6
1024,640,0.00103159197178615,13
1024,641,0.0015529653897224938,6
1024,642,0.0008462798382332104,6
1024,643,0.000910675063405475,6
1024,644,0.0012820192554178211,9
1024,645,0.000852048299831043,9
1024,646,0.0010750906819062545,7
1024,647,0.001100596121373143,6
1024,648,0.0008544463063636654,6
1024,649,0.0007870176267984474,6
1024,650,0.0006210098258128127,7
1024,651,0.0009097561983548719,9
1024,652,0.0008060719899707913,6
1024,653,0.0009076198246092959,6
1024,654,0.0011090640237679528,6
1024,655,0.0007139610779502981,6
1024,656,0.0011669794500280828,6
1024,657,0.0006894546032726323,6
1024,658,0.0017599720058080193,9
1024,659,0.0008041650586798621,6
1024,660,0.0012488272923957267,6
1024,661,0.0009137764286648586,6
1024,662,0.0005703868290114489,6
1024,663,0.001357597648110942,8
1024,664,0.0007926948302818815,6
1024,665,0.001339793582782356,6
1024,666,0.0005635022728363026,6
1024,667,0.001391498547137604,6
1024,668,0.0014861454793160256,6
1024,669,0.001801048914332859,8
1024,670,0.0010435159326855903,6
1024,671,0.0010070308252541071,7
1024,672,0.0006456477957460516,6
1024,673,0.0009933903100758368,6
1024,674,0.0011668767187981155,6
1024,675,0.0010760699109548522,10
1024,676,0.0009069845500438989,7
1024,677,0.0009593255350628382,6
1024,678,0.0012097805498494651,6
1024,679,0.001195332379921088,8
1024,680,0.0009428354436473718,6
1024,681,0.0009457170181962349,6
1024,682,0.0007597901102655014,6
1024,683,0.0007509947074987311,6
1024,684,0.0010330480579306967,9
1024,685,0.0006941231433599815,6
1024,686,0.0008331881958362208,6
1024,687,0.0010970059648890418,7
1024,688,0.0007134170228251246,6
1024,689,0.0005971331390198509,7
1024,690,0.0010701578912354348,6
1024,691,0.0006766321784793528,6
1024,692,0.0006802970022612431,6
1024,693,0.0016766698600594043,8
1024,694,0.0009252453595169907,6
1024,695,0.0009594157656238611,6
1024,696,0.0011370082776334112,6
1024,697,0.00093057583371281,7
1024,698,0.0009451547289587303,6
1024,699,0.0010799107755269377,10
1024,700,0.0011681024357291792,6
1024,701,0.0011875712974594999,6
1024,702,0.0006745180081902946,6
1024,703,0.0007966111304030798,6
1024,704,0.0009617214775204941,7
1024,705,0.000952948176127566,7
1024,706,0.0012796573938951283,6
1024,707,0.000710403417616301,6
1024,708,0.0007899790326739708,6
1024,709,0.0007380635658841284,6
1024,710,0.0011800755514379535,6
1024,711,0.000668611655640583,6
1024,712,0.0007626406523697504,6
1024,713,0.000891414785659933,6
1024,714,0.0010534528773079588,6
1024,715,0.000940694748699733,6
1024,716,0.0009415643825156916,6
1024,717,0.0011422699014367321,6
1024,718,0.0007064995030026111,6
1024,719,0.0010725160324186467,8
1024,720,0.001263887903312777,6
1024,721,0.0006041553703334257,6
1024,722,0.0010182094821516996,6
1024,723,0.0009727612079116765,6
1024,724,0.001148662977893955,8
1024,725,0.0011473790625835534,6
1024,726,0.0006875311516454374,6
1024,727,0.0012316432019771062,9
1024,728,0.0009408428529418256,6
1024,729,0.0007514872405448569,6
1024,730,0.0008933951963315812,6
1024,731,0.0005113816617201561,6
1024,732,0.000575173337792112,6
1024,733,0.0010887707979695405,6
1024,734,0.0007856747921493046,6
1024,735,0.0011792643708262718,13
1024,736,0.0010440785528148533,7
1024,737,0.0013039800120562273,10
1024,738,0.0006727697388398957,6
1024,739,0.001233170120166438,7
1024,740,0.0006319072316838259,6
1024,741,0.0008458556769627146,9
1024,742,0.0012451006367667494,8
1024,743,0.0007910712868653968,6
1024,744,0.0009009072590912548,8
1024,745,0.0014574178709318986,8
1024,746,0.0008884184190617317,6
1024,747,0.001521817439152806,10
1024,748,0.0007012878204465389,6
1024,749,0.0008207504144799316,6
1024,750,0.0004995186109760796,6
1024,751,0.0014351320930899858,6
1024,752,0.0007357708113253647,6
1024,753,0.00043485859104996916,6
1024,754,0.0012074009750291381,6
1024,755,0.0009491856860355252,6
1024,756,0.0005201466650779918,7
1024,757,0.0006608000732508668,6
1024,758,0.0009706136959278799,6
1024,759,0.0008013423666597408,6
1024,760,0.0015350487105181276,6
1024,761,0.0008587533195492103,6
1024,762,0.0012842014998228624,10
1024,763,0.0014127849228567912,12
1024,764,0.001024540710296673,6
1024,765,0.0006253618943822814,7
1024,766,0.000828291408041415,6
1024,767,0.0009027419446405727,6
1024,768,0.0010654469411264245,6
1024,769,0.001069424061490687,6
1024,770,0.0011949810585435428,6
1024,771,0.0010640579019561835,6
1024,772,0.0012218247543003269,7
1024,773,0.0010988717936271097,6
1024,774,0.0014601703781238484,6
1024,775,0.0007470596961745013,8
1024,776,0.0019305174163037897,6
1024,777,0.001000130731715565,6
1024,778,0.0010384969616168693,6
1024,779,0.0011561915606210782,6
1024,780,0.001201258621863377,6
1024,781,0.0009311448915211296,6
1024,782,0.0010518578339013818,6
1024,783,0.0005204948130583809,6
1024,784,0.000636780023319683,6
1024,785,0.0008196974007516067,6
1024,786,0.0013411710206981953,8
1024,787,0.0010226392989871602,6
1024,788,0.0011011979061976707,6
1024,789,0.0007855318452949511,6
1024,790,0.0006327474041660786,6
1024,791,0.0008793466449598109,6
1024,792,0.0006070397461031551,6
1024,793,0.0010987670285055873,6
1024,794,0.0009886218982227968,6
1024,795,0.0006339760586216714,6
1024,796,0.0011200750049599195,6
1024,797,0.0010288069511199538,6
1024,798,0.0009631147439178589,6
1024,799,0.0011297229241417073,7
1024,800,0.0008268597850431547,6
1024,801,0.0005903330063274925,6
1024,802,0.0014240342702959152,13
1024,803,0.0004868666678344846,6
1024,804,0.0013525688168823935,11
1024,805,0.0006611556117269712,6
1024,806,0.0009755943497926634,6
1024,807,0.0009982364691897283,6
1024,808,0.0011166160823363747,7
1024,809,0.0006902797761578761,6
1024,810,0.0012006400922204286,6
1024,811,0.0008567416769764691,6
1024,812,0.001336294914381475,6
1024,813,0.001044744531088826,9
1024,814,0.001117718584180083,6
1024,815,0.0005916481518727368,7
1024,816,0.0009483552370703752,8
1024,817,0.0014150222503416243,6
1024,818,0.0015339046607462103,6
1024,819,0.001529113083272332,6
1024,820,0.0014733627319032105,7
1024,821,0.001402635386698714,7
1024,822,0.0012372191467591165,7
1024,823,0.0010566208354512163,6
1024,824,0.0009155266603720902,7
1024,825,0.0007584099940817213,6
1024,826,0.0011827823102646962,6
1024,827,0.0006049862643570103,6
1024,828,0.000733668305187174,6
1024,829,0.0010612112609043878,7
1024,830,0.0012012492417663445,6
1024,831,0.0012654249271233375,7
1024,832,0.000848936543296791,6
1024,833,0.0006539029333367807,6
1024,834,0.0010031403946069162,10
1024,835,0.0009881411586407651,8
1024,836,0.000872948445966637,6
1024,837,0.0006036573599165762,6
1024,838,0.0011028895938182126,6
1024,839,0.0009231935811102043,6
1024,840,0.0008731675788121729,6
1024,841,0.0009419585960377397,7
1024,842,0.0009830745022724185,6
1024,843,0.0008963284621208434,7
1024,844,0.0012638327100572555,14
1024,845,0.0008252267461851259,8
1024,846,0.0011656330637210277,7
1024,847,0.0012260864318241749,7
1024,848,0.0012948604012859022,7
1024,849,0.0008548430769366178,7
1024,850,0.0009480699410061577,6
1024,851,0.0007627356852020206,6
1024,852,0.000751997597976839,9
1024,853,0.0012776860535621548,7
1024,854,0.0008796369848490526,6
1024,855,0.0008127877749120049,6
1024,856,0.0006624195454603965,6
1024,857,0.0005417786615865561,6
1024,858,0.0007633757487875148,6
1024,859,0.0008806123193928483,7
1024,860,0.0010495800125286392,6
1024,861,0.000701134511907231,7
1024,862,0.0007652002716721507,6
1024,863,0.001387419999600903,10
1024,864,0.000987056610663506,7
1024,865,0.0008849579368314375,6
1024,866,0.0013907433990710816,6
1024,867,0.0010571699344245067,6
1024,868,0.001178874813805908,6
1024,869,0.0005583712003556229,6
1024,870,0.001202483084193795,7
1024,871,0.0011719178895218674,6
1024,872,0.0014769268386116696,7
1024,873,0.0008553518565818097,6
1024,874,0.0008018087345832425,6
1024,875,0.0008322638101138091,7
1024,876,0.0006904551645307011,6
1024,877,0.00116485944870931,6
1024,878,0.0010182971591002898,6
1024,879,0.0009931944466260445,6
1024,880,0.0014017175122834624,6
1024,881,0.0009363746306658427,6
1024,882,0.000889572853176146,6
1024,883,0.0009667044087321441,6
1024,884,0.0009834059858642163,6
1024,885,0.0007058559340994974,6
1024,886,0.0008772537549586179,6
1024,887,0.0014474717786753244,6
1024,888,0.0009773203157443788,8
1024,889,0.001010750551510342,7
1024,890,0.0008379180955736532,6
1024,891,0.0012176494907885083,9
1024,892,0.0005534985536514714,7
1024,893,0.0006701537916063982,6
1024,894,0.0007392422955980749,6
1024,895,0.0013309963349579235,6
1024,896,0.0010007783597787423,6
1024,897,0.0013809796944439512,6
1024,898,0.001031354693287967,7
1024,899,0.0008170048506153105,6
1024,900,0.0007359056245785922,6
1024,901,0.0012824604806231932,6
1024,902,0.001137980450771292,10
1024,903,0.0007351174167435914,6
1024,904,0.001166762251794684,6
1024,905,0.00093656662962463,7
1024,906,0.002316155446983603,6
1024,907,0.001217469677140648,9
1024,908,0.0008655738985908767,6
1024,909,0.00090173180653072,7
1024,910,0.0009321377885802562,7
1024,911,0.0007761514179629447,6
1024,912,0.0011436862100110412,7
1024,913,0.0010066699527764844,6
1024,914,0.0003463287082701161,6
1024,915,0.001228524397455355,6
1024,916,0.0006719080337436178,6
1024,917,0.001036201170746598,6
1024,918,0.000964538143445326,7
1024,919,0.0009698195253577957,6
1024,920,0.000845351531972155,6
1024,921,0.0007103483920888887,6
1024,922,0.000649637120181068,6
1024,923,0.0007049683154425335,6
1024,924,0.0012392911588141597,6
1024,925,0.000950337503371701,8
1024,926,0.0010217726531087656,8
1024,927,0.001152478736898721,6
1024,928,0.0012604705650403059,6
1024,929,0.0012588908617142403,6
1024,930,0.0008664261028906717,6
1024,931,0.0009552479403092118,6
1024,932,0.0011132768746094923,8
1024,933,0.000960236044086904,6
1024,934,0.0007232041964132518,7
1024,935,0.001100782534558531,6
1024,936,0.0007569740980365447,7
1024,937,0.0006933473441562699,6
1024,938,0.0009342959745806123,6
1024,939,0.0006873463705568961,6
1024,940,0.0009117136353569144,6
1024,941,0.0011861687177782132,6
1024,942,0.0005548806544377616,6
1024,943,0.001974788422074103,9
1024,944,0.000701187515982804,8
1024,945,0.0007367226525940018,6
1024,946,0.0014762551712329541,7
1024,947,0.0006209623220003735,6
1024,948,0.0007455315328099843,7
1024,949,0.0008093456305139912,6
1024,950,0.0008502894075851364,6
1024,951,0.0006198809497141022,7
1024,952,0.0006733086250728659,7
1024,953,0.0008471784687779094,6
1024,954,0.0011673694283924896,7
1024,955,0.0017634554980316963,6
1024,956,0.000975240947207523,9
1024,957,0.0007065061414528451,6
1024,958,0.0010095141659025586,6
1024,959,0.001447363925690448,6
1024,960,0.0011913233861037265,7
1024,961,0.0009977912990754012,6
1024,962,0.0005949622608100169,6
1024,963,0.0009749510418982643,6
1024,964,0.0007400653387131528,6
1024,965,0.0010558849576726148,6
1024,966,0.001198973671565351,6
1024,967,0.0008265878889492928,6
1024,968,0.0011369143847030916,6
1024,969,0.00086708975176647,6
1024,970,0.001078587789979213,7
1024,971,0.00119060602087262,9
1024,972,0.0007045362524173981,7
1024,973,0.0011713622550454383,7
1024,974,0.0017832921661254941,6
1024,975,0.0010145268773954497,6
1024,976,0.0008893542675660893,6
1024,977,0.001337724579445032,9
1024,978,0.0011012867708304341,6
1024,979,0.000617971994423816,6
1024,980,0.001125779103630986,6
1024,981,0.0010693249870771249,6
1024,982,0.0007425689308120376,6
1024,983,0.0009528902831695829,8
1024,984,0.0011609961949080594,6
1024,985,0.000738620780863064,7
1024,986,0.0008670743039733142,6
1024,987,0.000619357177115698,6
1024,988,0.001402966695587593,6
1024,989,0.0005683768817514867,6
1024,990,0.0009704038414024563,7
1024,991,0.0013662556745367427,6
1024,992,0.000554372168751871,6
1024,993,0.0007600287876432521,6
1024,994,0.0008062332165414965,6
1024,995,0.0013659969417096074,12
1024,996,0.0008377053680189706,7
1024,997,0.0014834228991299492,9
1024,998,0.00118834707047355,6
1024,999,0.0014353405515699913,10
1024,1000,0.000978938844047983,6
1024,1001,0.0016877982127497804,6
1024,1002,0.000752377342982613,6
1024,1003,0.0007186889833185051,6
1024,1004,0.0013651417458373505,6
1024,1005,0.0010296395514786116,8
1024,1006,0.000794105799201833,6
1024,1007,0.0005473602889402018,6
1024,1008,0.0007790911886755292,7
1024,1009,0.0006541124400302745,6
1024,1010,0.0011249992286283539,6
1024,1011,0.001115699968445183,6
1024,1012,0.0010603803485343677,6
1024,1013,0.000551932459508353,6
1024,1014,0.0009405355415118555,6
1024,1015,0.0010966835300476596,6
1024,1016,0.0009014553962198857,9
1024,1017,0.0009037240031311566,7
1024,1018,0.0007973921252837357,7
1024,1019,0.0009103044735422339,6
1024,1020,0.0012914276822036663,6
1024,1021,0.0010475647492491635,7
1024,1022,0.0012817245073010186,6
1024,1023,0.00042890088993974285,6
1024,1024,0.0007416302300085609,7
1024,1025,0.0008429492136826644,6
1024,1026,0.0011360393566514082,10
1024,1027,0.0018075032507897104,6
1024,1028,0.0009167235287133035,9
1024,1029,0.0008074070222008345,7
1024,1030,0.0012570796197344247,6
1024,1031,0.0010917450673592066,6
1024,1032,0.0015050569164776761,11
1024,1033,0.0009852901633040645,10
1024,1034,0.0017319568220759418,6
1024,1035,0.0005557113574837791,6
1024,1036,0.0005028193292837546,6
1024,1037,0.0009218725934113658,6
1024,1038,0.0011329015169522227,8
1024,1039,0.0008008342744830754,9
1024,1040,0.0007562329606882745,6
1024,1041,0.0011969425486035856,7
1024,1042,0.0009495385630771125,6
1024,1043,0.000596661275126642,8
1024,1044,0.000605746669735896,6
1024,1045,0.0011334127275565153,6
1024,1046,0.0010508019945116853,6
1024,1047,0.0011999415882364417,6
1024,1048,0.0011274141123882586,6
1024,1049,0.0013257854836694616,7
1024,1050,0.001315565629904314,6
1024,1051,0.0009676621939569419,6
1024,1052,0.0014183876299880271,6
1024,1053,0.0009252433173029262,6
1024,1054,0.0006995601207377966,6
1024,1055,0.0012793610169447023,6
1024,1056,0.0014773640968440693,6
1024,1057,0.0008953868319346858,6
1024,1058,0.0018544971428385848,11
1024,1059,0.0012020286207282682,6
1024,1060,0.0009530376956892184,9
1024,1061,0.0008270127458097631,7
1024,1062,0.0008138739980654286,6
1024,1063,0.0007139454025043568,6
1024,1064,0.0011317071080571006,7
1024,1065,0.0006988041453970251,6
1024,1066,0.0006125968783625146,6
1024,1067,0.001427144808973324,6
1024,1068,0.0009197637186098562,6
1024,1069,0.0009054596569554318,6
1024,1070,0.0009242506755682278,7
1024,1071,0.0010060728522416351,6
1024,1072,0.000642273578635888,6
1024,1073,0.0007196752800278094,8
1024,1074,0.0011747574192848553,8
1024,1075,0.0012909956715858595,6
1024,1076,0.0009920455298958464,9
1024,1077,0.0010971930545905506,6
1024,1078,0.0009657202355348726,6
1024,1079,0.0011044621051740089,6
1024,1080,0.0009403793015571038,6
1024,1081,0.0012134540635117541,8
1024,1082,0.0005150233637332136,6
1024,1083,0.0007886564892264913,6
1024,1084,0.0009682545970379763,6
1024,1085,0.001321798744433611,10
1024,1086,0.0011153199382550882,6
1024,1087,0.0008640177843942665,6
1024,1088,0.0010555430891144857,6
1024,1089,0.0016004122612617022,10
1024,1090,0.0007652753854365812,6
1024,1091,0.000953436795127327,6
1024,1092,0.000714579019003736,6
1024,1093,0.0010174431794804928,6
1024,1094,0.0011052253592179762,6
1024,1095,0.0011037363074211104,11
1024,1096,0.0006103636994315709,6
1024,1097,0.0010856473503476627,6
1024,1098,0.000969350454850304,6
1024,1099,0.0011539203510418372,7
1024,1100,0.0011603059177777153,12
1024,1101,0.0010664173354805184,6
1024,1102,0.0011728662793785705,7
1024,1103,0.0012319081370865126,6
1024,1104,0.0012379581296594333,8
1024,1105,0.0014815157748403474,6
1024,1106,0.0010025378382160222,7
1024,1107,0.0004985184319322711,8
1024,1108,0.0014855088021810126,12
1024,1109,0.0012373775600056647,10
1024,1110,0.0007876551959815625,8
1024,1111,0.0009326077930107424,8
1024,1112,0.0007853215403733627,6
1024,1113,0.0008821490384955388,8
1024,1114,0.0010526856874056856,10
1024,1115,0.0006916755921939632,6
1024,1116,0.0007603550486544597,6
1024,1117,0.0008217159277605357,6
1024,1118,0.0010802074261922479,7
1024,1119,0.0007763701073491003,6
1024,1120,0.0011977932741960573,7
1024,1121,0.0013431079819273828,6
1024,1122,0.0006763392141473368,7
1024,1123,0.001544817404917409,12
1024,1124,0.0008028809516665847,6
1024,1125,0.0008270707376143438,7
1024,1126,0.0011092126180143325,6
1024,1127,0.0010227718346805803,6
1024,1128,0.0011488322947416363,6
1024,1129,0.0010795294529019062,6
1024,1130,0.0008738695234992155,6
1024,1131,0.0008029669933226624,6
1024,1132,0.0012449596554358067,6
1024,1133,0.0010758959217406494,6
1024,1134,0.000745948327789292,8
1024,1135,0.0012384212654324989,6
1024,1136,0.0009297595595175734,9
1024,1137,0.0011002619255658652,6
1024,1138,0.0005358572568721076,6
1024,1139,0.0006754881501856991,6
1024,1140,0.0008199438005903614,6
1024,1141,0.0013983491525253466,11
1024,1142,0.0007556053486184044,6
1024,1143,0.0011720559845896927,6
1024,1144,0.0008059147681281076,6
1024,1145,0.0006820538673056875,6
1024,1146,0.0008674883996275806,8
1024,1147,0.0012597712339366685,6
1024,1148,0.000765061434772063,6
1024,1149,0.0008910901375096814,6
1024,1150,0.0010421483723020986,6
1024,1151,0.0009261583568705989,6
1024,1152,0.00118386335852394,6
1024,1153,0.0011716517816752203,7
1024,1154,0.000729671895654066,6
1024,1155,0.0008852342617221565,6
1024,1156,0.0008783463875237096,6
1024,1157,0.000917201137666801,8
1024,1158,0.0010858981406357548,6
1024,1159,0.0010341471356538623,9
1024,1160,0.001304106037267161,7
1024,1161,0.0007865717145720819,6
1024,1162,0.0006852313088084871,6
1024,1163,0.0010301106525526516,7
1024,1164,0.0007099618226172888,6
1024,1165,0.0010434111594446183,6
1024,1166,0.0008137380256062476,6
1024,1167,0.0016182479027028185,7
1024,1168,0.0012679461298946704,7
1024,1169,0.0009081699819482036,6
1024,1170,0.0006003903700216862,6
1024,1171,0.0008404582028731511,8
1024,1172,0.0007335264700227828,8
1024,1173,0.0007497967488965807,6
1024,1174,0.0012807088303758984,6
1024,1175,0.0010763928648559462,6
1024,1176,0.0009127132959755313,7
1024,1177,0.0007197946057825866,7
1024,1178,0.0008810488093603519,6
1024,1179,0.001313751947847025,8
1024,1180,0.000857887348757358,6
1024,1181,0.0013679847198196926,6
1024,1182,0.0007350876758297487,6
1024,1183,0.00093163656612405,8
1024,1184,0.001188906093703257,6
1024,1185,0.0010165439308925661,6
1024,1186,0.001020687950414878,6
1024,1187,0.0013113498442482163,6
1024,1188,0.0010698958125553437,6
1024,1189,0.000874438393252186,6
1024,1190,0.001555069688471189,6
1024,1191,0.0008552775651542444,10
1024,1192,0.000757437458028809,8
1024,1193,0.0010784522484199588,6
1024,1194,0.0006999653844549369,6
1024,1195,0.000985471676237748,6
1024,1196,0.0012021236943243752,8
1024,1197,0.0006546622726105733,6
1024,1198,0.0008244883971229022,8
1024,1199,0.0010552970798598516,6
1024,1200,0.0011241111368371914,6
1024,1201,0.0006796059715031832,6
1024,1202,0.001415296539723332,6
1024,1203,0.0009741801998707222,8
1024,1204,0.0005007634892286728,6
1024,1205,0.001058134508971853,11
1024,1206,0.0012764753491328884,6
1024,1207,0.0006530857078480556,6
1024,1208,0.0007845373008799061,9
1024,1209,0.0009162255677276354,6
1024,1210,0.00083666612336461,7
1024,1211,0.0008391277190705482,8
1024,1212,0.0007240967344955829,6
1024,1213,0.0010143260299877443,9
1024,1214,0.0011143424606134822,6
1024,1215,0.001060989353113606,6
1024,1216,0.0008624081340684597,6
1024,1217,0.0009512742869345614,6
1024,1218,0.0007476831267091422,6
1024,1219,0.0008385289821803976,7
1024,1220,0.0008629993464855379,6
1024,1221,0.0009519148278196443,6
1024,1222,0.001200709584774251,7
1024,1223,0.0010874593019996048,6
1024,1224,0.0014702680738386542,6
1024,1225,0.000894918230363112,6
1024,1226,0.0008548088069287862,6
1024,1227,0.0011453586682063088,7
1024,1228,0.0013927778425313342,6
1024,1229,0.0004080082819498676,7
1024,1230,0.0007246705775387774,6
1024,1231,0.0016158691163837835,6
1024,1232,0.0008160956450554702,6
1024,1233,0.000795070522674024,7
1024,1234,0.0007033339381985471,6
1024,1235,0.0006617157508270743,6
1024,1236,0.0009581661543847098,6
1024,1237,0.0007682002143643007,6
1024,1238,0.001102843289967903,6
1024,1239,0.001327203352907702,6
1024,1240,0.0012921831543212803,6
1024,1241,0.0008767908037806693,6
1024,1242,0.0008882592408360201,6
1024,1243,0.0012043332072226853,8
1024,1244,0.0009365283835558458,6
1024,1245,0.0007401719181095445,6
1024,1246,0.000738981294453156,6
1024,1247,0.0007946259107783904,8
1024,1248,0.0010906257842935307,10
1024,1249,0.0013153090295477954,6
1024,1250,0.000519882540857497,6
1024,1251,0.0011536517050177997,6
1024,1252,0.0016240410770984592,12
1024,1253,0.000920985309793787,6
1024,1254,0.0011950978534298606,7
1024,1255,0.0007528749716796401,6
1024,1256,0.0011204667150075398,8
1024,1257,0.0010560873322060793,6
1024,1258,0.0009897518546200246,10
1024,1259,0.0007941153983789251,6
1024,1260,0.0007723276625832554,6
1024,1261,0.0006896038151541495,6
1024,1262,0.0011092649701908153,6
1024,1263,0.0013946737116083963,13
1024,1264,0.0015778101030134994,6
1024,1265,0.0007090971476160224,6
1024,1266,0.0013922057474738958,6
1024,1267,0.0007319819392844762,6
1024,1268,0.0009393479403040916,6
1024,1269,0.0008611580864771595,6
1024,1270,0.0007302029186134762,6
1024,1271,0.0007523924738509491,6
1024,1272,0.0011354802112929496,6
1024,1273,0.000990027146031025,6
1024,1274,0.001168925616128802,6
1024,1275,0.0010207680327742885,7
1024,1276,0.0007668315966360417,6
1024,1277,0.0013261882850269524,6
1024,1278,0.0010020572130394756,6
1024,1279,0.0008716669353465434,9
1024,1280,0.0007372184828953188,7
1024,1281,0.000858338900057376,6
1024,1282,0.0006655760080846729,6
1024,1283,0.000679328429396997,6
1024,1284,0.0013773006147032307,8
1024,1285,0.0006367492880706704,6
1024,1286,0.0009813551290859257,7
1024,1287,0.0021099527435767262,6
1024,1288,0.0008908582249063102,6
1024,1289,0.0010138150359456644,6
1024,1290,0.001009520040133438,7
1024,1291,0.0012432371185422397,6
1024,1292,0.0008169518203934301,6
1024,1293,0.0008446574828701037,9
1024,1294,0.0011332924808189482,6
1024,1295,0.000992530444575812,9
1024,1296,0.000821762066530396,6
1024,1297,0.0010443291712803893,6
1024,1298,0.0006799654908941077,6
1024,1299,0.0007448014105619905,6
1024,1300,0.0011006839620363862,6
1024,1301,0.001097972345100895,6
1024,1302,0.0009627051495108008,6
1024,1303,0.0018103120549486373,6
1024,1304,0.000977567126964507,6
1024,1305,0.0006501326799632778,6
1024,1306,0.0008864178317445903,6
1024,1307,0.0013343917397397043,7
1024,1308,0.0007525513013637575,6
1024,1309,0.0011535626846084224,6
1024,1310,0.0011890760958728208,8
1024,1311,0.0008356758149624666,6
1024,1312,0.0010999868220700204,6
1024,1313,0.0013706547189360485,7
1024,1314,0.000724902909148395,6
1024,1315,0.0006591728531467611,7
1024,1316,0.0009939768415764827,6
1024,1317,0.0009359779308479865,6
1024,1318,0.0010499906004621806,8
1024,1319,0.0009830411816053042,6
1024,1320,0.0009286093489788705,6
1024,1321,0.0009818777678015644,6
1024,1322,0.0010701582004681853,10
1024,1323,0.0013680406171151516,6
1024,1324,0.000791679600534001,7
1024,1325,0.0013612410582742318,6
1024,1326,0.0007312340817097196,6
1024,1327,0.00108988803942911,6
1024,1328,0.0008506325711786777,6
1024,1329,0.0009752175024007048,6
1024,1330,0.0010414016812327898,6
1024,1331,0.0015360849838090829,6
1024,1332,0.0010909217419478034,6
1024,1333,0.0011186296920816519,6
1024,1334,0.0010802949952997687,6
1024,1335,0.000790137786545464,6
1024,1336,0.0006543970889952844,6
1024,1337,0.0010042718668433759,7
1024,1338,0.0003781046872376459,6
1024,1339,0.0010613326160148207,6
1024,1340,0.0011591900040008873,7
1024,1341,0.0007169002495450716,6
1024,1342,0.0009007305324666426,6
1024,1343,0.0013040906236583272,7
1024,1344,0.0007259907546348643,8
1024,1345,0.0014540351266260215,13
1024,1346,0.0014335250710797443,6
1024,1347,0.0007896311399492872,6
1024,1348,0.0008297684143852013,8
1024,1349,0.001244762103968844,6
1024,1350,0.0007327766132011471,8
1024,1351,0.0008563300248134453,6
1024,1352,0.00080140809457796,6
1024,1353,0.0010454868640019654,6
1024,1354,0.0008917428583331555,9
1024,1355,0.000580872793206233,7
1024,1356,0.0007059039951430313,6
1024,1357,0.0010026446883376616,9
1024,1358,0.0009489363772565707,6
1024,1359,0.0008119112320720268,6
1024,1360,0.0011086978436130046,8
1024,1361,0.0012310980279949257,6
1024,1362,0.0008978440643357954,6
1024,1363,0.0010905078758886022,6
1024,1364,0.000907083721472135,6
1024,1365,0.0010273795394142304,6
1024,1366,0.001511189713187533,8
1024,1367,0.0005869431369771583,6
1024,1368,0.0007509193544458226,7
1024,1369,0.0013306089889740802,10
1024,1370,0.000996200369730249,6
1024,1371,0.0006935630061664089,6
1024,1372,0.001242445291269656,6
1024,1373,0.0009621286043137722,6
1024,1374,0.0007286955950202012,7
1024,1375,0.0006258871736432026,6
1024,1376,0.001290855026905069,6
1024,1377,0.0011313189700258297,8
1024,1378,0.0013448224518042284,6
1024,1379,0.0010132082361160588,6
1024,1380,0.0009846895439632464,6
1024,1381,0.00064638144156548,6
1024,1382,0.0015219158617042206,6
1024,1383,0.0010643786568567126,8
1024,1384,0.0009323183560320247,6
1024,1385,0.0007103611091410222,7
1024,1386,0.0008715543519602909,7
1024,1387,0.001624642686184563,6
1024,1388,0.001225607743573498,10
1024,1389,0.000755820933501905,6
1024,1390,0.0008343170486473928,6
1024,1391,0.0006772450941598951,6
1024,1392,0.000736841888485773,6
1024,1393,0.0009114479030537526,6
1024,1394,0.0013625158165767592,6
1024,1395,0.001099822169591369,6
1024,1396,0.0011218234915854053,6
1024,1397,0.0014099141665654402,8
1024,1398,0.0006701746541326603,6
1024,1399,0.0011822950738070714,6
1024,1400,0.0012941215801111627,7
1024,1401,0.0006132710985008449,6
1024,1402,0.0009515590127969764,6
1024,1403,0.0010095600341474276,8
1024,1404,0.0006609453542498755,6
1024,1405,0.001179892618479006,6
1024,1406,0.0009123463222086015,6
1024,1407,0.0012727051603445005,9
1024,1408,0.0012649564522920764,6
1024,1409,0.0007871020777139304,6
1024,1410,0.0008116997668742298,6
1024,1411,0.0015677276133573281,6
1024,1412,0.0007029466315989774,6
1024,1413,0.0012906415644347025,14
1024,1414,0.000747709149578557,6
1024,1415,0.0004286395492581474,6
1024,1416,0.0010083984081349362,6
1024,1417,0.0013243260302038262,7
1024,1418,0.0010863751240447472,8
1024,1419,0.0008525246157456423,7
1024,1420,0.001219427649851501,6
1024,1421,0.0008408890292000981,6
1024,1422,0.0008181474821632451,8
1024,1423,0.0007771519912805891,6
1024,1424,0.0009950064764339128,6
1024,1425,0.0015786584019902572,6
1024,1426,0.001233419870284358,9
1024,1427,0.0009913305257205351,7
1024,1428,0.0009662043978770907,6
1024,1429,0.0008921374800567594,9
1024,1430,0.0009839857061895163,6
1024,1431,0.001294696552710306,13
1024,1432,0.0014972988795436404,10
1024,1433,0.0010063488672623633,6
1024,1434,0.0007537460940609808,9
1024,1435,0.0009773677380936485,6
1024,1436,0.0007207851746728888,6
1024,1437,0.0017401316420401214,7
1024,1438,0.0006505385093572569,6
1024,1439,0.0011733336391401838,6
1024,1440,0.000943833582339848,7
1024,1441,0.0012261860121129953,6
1024,1442,0.0008314420906645748,7
1024,1443,0.0010943903826473589,6
1024,1444,0.0014795731130651246,6
1024,1445,0.0010750128891380273,6
1024,1446,0.0014216716413182895,6
1024,1447,0.0014745127126842283,8
1024,1448,0.0011273563167067957,6
1024,1449,0.0009453870742023307,8
1024,1450,0.0007168612468387847,6
1024,1451,0.0012376201193101677,6
1024,1452,0.0014147927399632554,6
1024,1453,0.0012717958177944633,8
1024,1454,0.0007220389923857651,6
1024,1455,0.000800911406101279,6
1024,1456,0.0016545587786859217,6
1024,1457,0.0009027590046783995,6
1024,1458,0.0012155028709909255,6
1024,1459,0.0015290751336118902,6
1024,1460,0.0010551743924085422,6
1024,1461,0.0011652448784242875,9
1024,1462,0.0006357416752259537,6
1024,1463,0.0007816114782259742,6
1024,1464,0.0011036732593724397,6
1024,1465,0.0011478594667441167,7
1024,1466,0.000708547438007967,6
1024,1467,0.0013422172575793812,6
1024,1468,0.0006949325271397022,6
1024,1469,0.0007917457768206182,7
1024,1470,0.0009675942482081368,6
1024,1471,0.001681322160742238,6
1024,1472,0.0013835528485902082,8
1024,1473,0.0008690642494455503,6
1024,1474,0.0008146344003182593,7
1024,1475,0.0006277976055878431,7
1024,1476,0.001897746987161164,6
1024,1477,0.0009232646216322804,7
1024,1478,0.0007198908989833885,6
1024,1479,0.0009235981390153247,8
1024,1480,0.0006900014532144061,6
1024,1481,0.0006917186203003745,7
1024,1482,0.0010339019718306197,6
1024,1483,0.0005620002703907723,6
1024,1484,0.0018331658727694378,6
1024,1485,0.0010011086296429772,6
1024,1486,0.0015338614443971554,6
1024,1487,0.001004189254595833,6
1024,1488,0.0008449960364904641,6
1024,1489,0.0009944608858147852,8
1024,1490,0.0012422083632139813,6
1024,1491,0.0009309682394269547,6
1024,1492,0.0009778779433957663,6
1024,1493,0.001185644263792307,10
1024,1494,0.001201128627842718,10
1024,1495,0.001061346488393844,6
1024,1496,0.0006603441027793755,7
1024,1497,0.0011692892296263357,6
1024,1498,0.0004407915029956966,6
1024,1499,0.000961934459940722,6
1024,1500,0.0011288275431540207,6
1024,1501,0.000992154862545891,6
1024,1502,0.0012295818957696047,9
1024,1503,0.0011670199472961773,6
1024,1504,0.0009097074229807711,6
1024,1505,0.0011301384991775354,6
1024,1506,0.000843173937649544,6
1024,1507,0.0009425546436665488,7
1024,1508,0.0009055701207735245,6
1024,1509,0.0010396347778238724,11
1024,1510,0.0015113721693025273,6
1024,1511,0.0009804421116788031,6
1024,1512,0.0008457500026437526,6
1024,1513,0.0007767359062931245,9
1024,1514,0.0009386671297901827,6
1024,1515,0.0007575765824506808,7
1024,1516,0.0005340226352505695,6
1024,1517,0.0016419349144698447,7
1024,1518,0.0006837015217567854,8
1024,1519,0.001321222481583617,6
1024,1520,0.00208459688213003,10
1024,1521,0.0006884221876813923,6
1024,1522,0.0015630767769332365,6
1024,1523,0.000991599302407442,6
1024,1524,0.00137475297828471,6
1024,1525,0.0010356015874671831,6
1024,1526,0.0009204633637740489,8
1024,1527,0.0008078199565750843,6
1024,1528,0.0007410706174612036,6
1024,1529,0.0005807221977346677,6
1024,1530,0.0005234777126867929,6
1024,1531,0.0011464307168959076,6
1024,1532,0.0014364303982781212,6
1024,1533,0.0010599725065780774,6
1024,1534,0.0009777083952819954,6
1024,1535,0.0007982429700673643,6
1024,1536,0.0009300497919718653,6
1024,1537,0.0008746458695714221,7
1024,1538,0.0013070120784327566,7
1024,1539,0.001021108567963891,6
1024,1540,0.0015434510318749206,6
1024,1541,0.0007542425674175179,6
1024,1542,0.0005628203703837986,9
1024,1543,0.0008512479166182807,6
1024,1544,0.0011340223629424662,6
1024,1545,0.0006760308378951085,6
1024,1546,0.0005661084116620474,6
1024,1547,0.001336287313771889,6
1024,1548,0.00075917298788164,7
1024,1549,0.001956413362442011,8
1024,1550,0.0008485945726626754,6
1024,1551,0.0008451638448931098,6
1024,1552,0.000843825432066514,7
1024,1553,0.0008475884256649024,8
1024,1554,0.0008664854574207403,6
1024,1555,0.0007910249183401552,6
1024,1556,0.0009313039838975135,6
1024,1557,0.0010196078148925203,9
1024,1558,0.0018598316809887439,8
1024,1559,0.000839281477241216,6
1024,1560,0.0009184586730418554,7
1024,1561,0.0012228430014430414,6
1024,1562,0.001049223220093709,6
1024,1563,0.0013733999371328132,7
1024,1564,0.001300810409143871,6
1024,1565,0.0009899600470640868,8
1024,1566,0.0006889227994475444,6
1024,1567,0.0009203439962685023,6
1024,1568,0.0010531640836990985,6
1024,1569,0.0008211813288176995,6
1024,1570,0.0005741132679250027,7
1024,1571,0.001015286022666484,6
1024,1572,0.0009817605001646301,6
1024,1573,0.0009456328214628718,6
1024,1574,0.0015038154240691881,12
1024,1575,0.0005652822656879719,6
1024,1576,0.000833046506927948,6
1024,1577,0.0008008115107146496,6
1024,1578,0.0010470668911789494,8
1024,1579,0.0012251687002544642,8
1024,1580,0.0006953876708735152,6
1024,1581,0.0010632858670233114,6
1024,1582,0.0015660392888133812,9
1024,1583,0.0012257849628938278,6
1024,1584,0.0008559927464603378,7
1024,1585,0.0005967102224572196,6
1024,1586,0.0012096332665320064,6
1024,1587,0.0008079922736556888,6
1024,1588,0.0007857371858472906,7
1024,1589,0.000802393125031664,9
1024,1590,0.0009136572342791638,6
1024,1591,0.001434382830261871,6
1024,1592,0.0008703774946132725,6
1024,1593,0.0012850663873399393,6
1024,1594,0.0006645754456183761,6
1024,1595,0.0013268817496997487,8
1024,1596,0.001043799119844313,6
1024,1597,0.0011656468112325458,7
1024,1598,0.0005773495453293975,7
1024,1599,0.0013127751331919457,8
1024,1600,0.0013159258010829733,9
1024,1601,0.0011948216943884482,6
1024,1602,0.0015042013236191698,8
1024,1603,0.00121259589403111,9
1024,1604,0.0008988808625193245,7
1024,1605,0.0006757457068621298,6
1024,1606,0.001267220092714516,9
1024,1607,0.0016701712233013755,9
1024,1608,0.0009027879378151749,6
1024,1609,0.0008169736146075302,6
1024,1610,0.0009066121619181189,6
1024,1611,0.0009495695719852204,6
1024,1612,0.0007035515618841748,7
1024,1613,0.0015291100908513267,9
1024,1614,0.00124850934023224,8
1024,1615,0.0010342224451869164,11
1024,1616,0.000957033322795342,7
1024,1617,0.000736053644334711,9
1024,1618,0.0018831200084415967,9
1024,1619,0.0009811123039724368,6
1024,1620,0.0011995486018301915,6
1024,1621,0.0010979342485930021,7
1024,1622,0.001179150365996029,8
1024,1623,0.0007140221391670476,6
1024,1624,0.0006141830827488537,6
1024,1625,0.0013249192273915855,10
1024,1626,0.0005094335108873915,6
1024,1627,0.00121114889977747,6
1024,1628,0.0009683960821853521,6
1024,1629,0.0008338950290958658,6
1024,1630,0.0007409340213536675,6
1024,1631,0.0013636826650735845,6
1024,1632,0.0006932616668819946,7
1024,1633,0.0005342196193244275,6
1024,1634,0.0008504325629945797,7
1024,1635,0.0012789642932170553,6
1024,1636,0.0011114395307724179,9
1024,1637,0.0010648653229127225,6
1024,1638,0.0010911114646858788,12
1024,1639,0.0007175997496142728,7
1024,1640,0.0009665615101094316,6
1024,1641,0.0005898699217291581,6
1024,1642,0.0008534170172233846,6
1024,1643,0.0008443684066702373,6
1024,1644,0.0006234484482017244,6
1024,1645,0.0009335875557862083,8
1024,1646,0.0009685449152311287,6
1024,1647,0.001145933995312598,6
1024,1648,0.0005876134130685662,7
1024,1649,0.0006712060299796097,6
1024,1650,0.000611170034287678,6
1024,1651,0.000826229460671124,6
1024,1652,0.0011982767647411574,6
1024,1653,0.001590527619514337,7
1024,1654,0.0008487454939570815,6
1024,1655,0.0012220841150107076,6
1024,1656,0.001357537794866276,6
1024,1657,0.0007331198435456265,6
1024,1658,0.0011174717356996489,6
1024,1659,0.0011399003754868353,6
1024,1660,0.0006322033300257823,7
1024,1661,0.000792285233085499,6
1024,1662,0.0007744438231787054,7
1024,1663,0.0006276735260395405,6
1024,1664,0.0004488351284231695,6
1024,1665,0.0009649428992558606,6
1024,1666,0.0006551904311032364,7
1024,1667,0.0008118416346329371,7
1024,1668,0.0007605586517138718,6
1024,1669,0.0008834720615823466,6
1024,1670,0.0012571175962345915,6
1024,1671,0.0012183875465093252,6
1024,1672,0.0006217488952126038,6
1024,1673,0.0009427480837866931,6
1024,1674,0.0008475328164675444,6
1024,1675,0.0009665797951703414,6
1024,1676,0.0018238704476030154,6
1024,1677,0.000863628328745758,6
1024,1678,0.0008838613786129601,7
1024,1679,0.0008046673503061541,6
1024,1680,0.001399934617628551,6
1024,1681,0.0012899485512498088,6
1024,1682,0.0009566284635155464,8
1024,1683,0.000942258841704402,6
1024,1684,0.001033553408378407,6
1024,1685,0.0009862306176263713,6
1024,1686,0.001059575600030116,6
1024,1687,0.0007929009698763867,6
1024,1688,0.0005428364919982664,7
1024,1689,0.0006693094954383083,6
1024,1690,0.0013519394400034468,6
1024,1691,0.000493268855142559,6
1024,1692,0.0009081457579287466,6
1024,1693,0.0013059358296175771,13
1024,1694,0.000659722445858324,7
1024,1695,0.001274440683999234,6
1024,1696,0.0015962272650082987,6
1024,1697,0.0008912438505181974,6
1024,1698,0.0008243320117637953,6
1024,1699,0.0008306051964545591,7
1024,1700,0.0014321917344863877,6
1024,1701,0.0013934348431080545,6
1024,1702,0.0007035252890973398,6
1024,1703,0.0012341150898152187,6
1024,1704,0.0010863402471827655,6
1024,1705,0.0008620981001021821,6
1024,1706,0.0006568785347389472,7
1024,1707,0.0009697021693900743,8
1024,1708,0.0011278627675951336,11
1024,1709,0.0011291512070340515,6
1024,1710,0.0008064915156499319,6
1024,1711,0.0014472252945330055,8
1024,1712,0.0009673678933189711,6
1024,1713,0.0008870281007047343,6
1024,1714,0.0006578579862346889,6
1024,1715,0.0009624047882811348,6
1024,1716,0.0008724369413266597,7
1024,1717,0.0007807107191115659,6
1024,1718,0.0009956462067105543,6
1024,1719,0.0012020403909748234,6
1024,1720,0.0009798556240488143,7
1024,1721,0.000822285137888068,6
1024,1722,0.0006757269179265557,6
1024,1723,0.0009459398642388539,8
1024,1724,0.0009713671051125861,6
1024,1725,0.0006456069794718022,6
1024,1726,0.0013728336299284605,7
1024,1727,0.0009684410737568205,7
1024,1728,0.0007356376678649412,6
1024,1729,0.0013420190816969546,6
1024,1730,0.001159023968031636,6
1024,1731,0.0012615174856837053,6
1024,1732,0.0011227972369149963,6
1024,1733,0.0006518058831047613,7
1024,1734,0.001508200760788947,6
1024,1735,0.0006493857991130003,7
1024,1736,0.0014510149145759432,6
1024,1737,0.0007879620375985663,6
1024,1738,0.0009609965612344951,6
1024,1739,0.0010654741239982668,8
1024,1740,0.0009782745971241846,8
1024,1741,0.0008663584332757046,6
1024,1742,0.001060825283738298,6
1024,1743,0.0006914813716582535,6
1024,1744,0.00047651315618224555,9
1024,1745,0.0008818624182180823,6
1024,1746,0.0008079614150783287,6
1024,1747,0.0007887730299966922,6
1024,1748,0.0012246351538634237,10
1024,1749,0.0010564257760485862,6
1024,1750,0.0012491345362484196,6
1024,1751,0.0007326284742835143,6
1024,1752,0.0007992902760896592,6
1024,1753,0.0008291971436811263,7
1024,1754,0.0011798843876260623,6
1024,1755,0.0010410744188987797,6
1024,1756,0.0012834433260132672,6
1024,1757,0.0005785015288637396,6
1024,1758,0.0005961767469257195,6
1024,1759,0.0011548899597517703,6
1024,1760,0.0008904469849355667,7
1024,1761,0.0014742152021494093,6
1024,1762,0.0011241893816518744,6
1024,1763,0.0008859735339951103,6
1024,1764,0.0005377677169698947,7
1024,1765,0.0009533341512463211,6
1024,1766,0.0007033453283609159,6
1024,1767,0.0015826759411928792,11
1024,1768,0.0006537469524165174,6
1024,1769,0.0010288337766168887,6
1024,1770,0.0008779727132289805,6
1024,1771,0.0012864918785991386,7
1024,1772,0.0018248468328225798,7
1024,1773,0.0011445422201139532,6
1024,1774,0.000626718913074531,6
1024,1775,0.0008479295956248523,6
1024,1776,0.0013360432912725706,7
1024,1777,0.0011625247082010792,6
1024,1778,0.0011845379131484313,11
1024,1779,0.0008071248174843504,7
1024,1780,0.0009951052344829847,6
1024,1781,0.0011693308914028089,7
1024,1782,0.0013800736557266768,6
1024,1783,0.001564261890675489,17
1024,1784,0.001143841878787466,6
1024,1785,0.0006695169193273731,6
1024,1786,0.0015138017575879736,7
1024,1787,0.000736910357228393,6
1024,1788,0.0008906605431033832,8
1024,1789,0.0005187312577314973,6
1024,1790,0.0009626794984786136,6
1024,1791,0.0011100957742014583,6
1024,1792,0.0005140924990000295,6
1024,1793,0.0012031493866551113,6
1024,1794,0.0008166494594692153,6
1024,1795,0.0014183463052762635,6
1024,1796,0.0011559766865338328,7
1024,1797,0.001062676247912231,7
1024,1798,0.0006194349241752661,6
1024,1799,0.0009537199073668123,9
1024,1800,0.0010204845833038378,6
1024,1801,0.0008537783565613077,6
1024,1802,0.0009495894862985299,7
1024,1803,0.0014587614184883302,10
1024,1804,0.001285798525773707,7
1024,1805,0.0006604581057772507,6
1024,1806,0.0010402314529835976,9
1024,1807,0.0006675839135242834,6
1024,1808,0.0007019402300184052,9
1024,1809,0.0017241549301841574,10
1024,1810,0.0011352190772218884,7
1024,1811,0.0014017005831390428,10
1024,1812,0.0008877384059675641,6
1024,1813,0.0010437943660062121,6
1024,1814,0.0009191239256292061,7
1024,1815,0.001077923431671679,6
1024,1816,0.0009515757771004218,6
1024,1817,0.0007490734796049558,6
1024,1818,0.001150742709949082,6
1024,1819,0.0013454096402101823,6
1024,1820,0.001040980572313166,8
1024,1821,0.0009901891483437841,6
1024,1822,0.0011421657481705538,8
1024,1823,0.0009008417703358917,6
1024,1824,0.0017200486764029632,8
1024,1825,0.0009487303797388602,6
1024,1826,0.0010092766207525083,7
1024,1827,0.0011075830572854217,13
1024,1828,0.0007146364977709263,6
1024,1829,0.0011292639978205399,6
1024,1830,0.0011013550986302967,8
1024,1831,0.0007913365518186222,6
1024,1832,0.0011313102816684628,6
1024,1833,0.0010842045307283277,6
1024,1834,0.0014373335950537136,6
1024,1835,0.0007245605196092297,6
1024,1836,0.0013844011985821858,6
1024,1837,0.0006310620702102143,8
1024,1838,0.0007875738140384336,6
1024,1839,0.0014687921169967977,6
1024,1840,0.001135968115486996,7
1024,1841,0.0007005907572585901,6
1024,1842,0.0005324585603948551,6
1024,1843,0.0015020154264188124,6
1024,1844,0.0006474995675956885,6
1024,1845,0.0007775560116352054,6
1024,1846,0.0016021705698958666,6
1024,1847,0.0011113359083370078,6
1024,1848,0.0013677440529475948,6
1024,1849,0.00046909889166263374,6
1024,1850,0.0010501107556520894,6
1024,1851,0.0009338894633554862,6
1024,1852,0.0005956117563234997,6
1024,1853,0.0010777093966668483,7
1024,1854,0.0009762346923720688,6
1024,1855,0.001390669804280098,6
1024,1856,0.0011161422592733672,6
1024,1857,0.000971787865416962,8
1024,1858,0.0010746065203921518,8
1024,1859,0.000952242109289847,7
1024,1860,0.001104481041442229,6
1024,1861,0.0007847587910067011,6
1024,1862,0.0011071482899748242,8
1024,1863,0.0016013134892091108,8
1024,1864,0.0010113433379583814,6
1024,1865,0.0010017149853914775,6
1024,1866,0.0009672393126979317,6
1024,1867,0.0007829571289126314,6
1024,1868,0.0010974542704994539,6
1024,1869,0.0010996566604193903,10
1024,1870,0.0007379963008701251,6
1024,1871,0.0007592774120704915,6
1024,1872,0.000725008474797062,7
1024,1873,0.0008066378197520985,9
1024,1874,0.0011519235588438592,6
1024,1875,0.0010503752324807492,6
1024,1876,0.0017390352967554534,8
1024,1877,0.0009124883285074326,6
1024,1878,0.0004936376273038667,6
1024,1879,0.0010399917365356837,6
1024,1880,0.0013073959664111623,6
1024,1881,0.0007448696325406123,8
1024,1882,0.0008006457212048346,6
1024,1883,0.0009958172173463176,6
1024,1884,0.0013800297856952914,6
1024,1885,0.0007603677107032025,6
1024,1886,0.0006945075250628374,6
1024,1887,0.0005627953070733993,7
1024,1888,0.00106017182232776,6
1024,1889,0.0012537297509926937,6
1024,1890,0.0010954042896699212,6
1024,1891,0.0013224939366313082,6
1024,1892,0.0009789108508084787,6
1024,1893,0.001123917803190655,7
1024,1894,0.0013324539260579915,7
1024,1895,0.0009145850784819665,9
1024,1896,0.00048276378361589156,6
1024,1897,0.0011095972396111264,6
1024,1898,0.0017306362713104262,6
1024,1899,0.001278634273103596,6
1024,1900,0.0007185049247711017,7
1024,1901,0.0009131555977887063,7
1024,1902,0.00048037864264283137,6
1024,1903,0.0007114215100729737,6
1024,1904,0.0011558965956668388,6
1024,1905,0.0009587891004088078,7
1024,1906,0.0010360668377910054,6
1024,1907,0.000761010376578164,9
1024,1908,0.002328434781267097,6
1024,1909,0.0010795089169239325,6
1024,1910,0.0009647447679972943,6
1024,1911,0.0006426866622407656,6
1024,1912,0.0007631574323315737,6
1024,1913,0.0007831721294024596,6
1024,1914,0.0010694021642065898,6
1024,1915,0.0008438147677912733,6
1024,1916,0.0011797749375823674,8
1024,1917,0.00132575074569663,6
1024,1918,0.0008696440439764919,6
1024,1919,0.001234797964293155,6
1024,1920,0.001012263851906836,8
1024,1921,0.0011489672814477547,6
1024,1922,0.0011845399797325573,12
1024,1923,0.001537324631088105,9
1024,1924,0.000983589715871258,9
1024,1925,0.0009087556203821734,6
1024,1926,0.0008934365803208721,6
1024,1927,0.0010211002134463132,7
1024,1928,0.0011542474545693793,6
1024,1929,0.0014951615855673672,6
1024,1930,0.0005492467671567303,6
1024,1931,0.0009170250259082913,6
1024,1932,0.0010738810625559037,9
1024,1933,0.0008341626642059952,6
1024,1934,0.0008167889292459707,9
1024,1935,0.0012775107894933413,6
1024,1936,0.000457994849415555,6
1024,1937,0.0009163073662028509,6
1024,1938,0.0007186117033731731,6
1024,1939,0.0006705452235568621,6
1024,1940,0.0010313718571114405,8
1024,1941,0.0008646916431841456,6
1024,1942,0.0006137278859411621,6
1024,1943,0.000521036119857321,8
1024,1944,0.0004152613595839183,6
1024,1945,0.0007581920455603797,6
1024,1946,0.0014962117983273737,6
1024,1947,0.0009404202801307493,7
1024,1948,0.0005992427949914614,7
1024,1949,0.0012970728471685122,6
1024,1950,0.0010204610587463137,7
1024,1951,0.0006972590733648754,6
1024,1952,0.0012085500786498948,10
1024,1953,0.0009782525857224,7
1024,1954,0.0014201444683932252,9
1024,1955,0.0006996948246889012,6
1024,1956,0.001421778075545832,7
1024,1957,0.0011795546999864293,6
1024,1958,0.0006985506497307337,6
1024,1959,0.0012284727216810287,6
1024,1960,0.0009513729905705759,8
1024,1961,0.0009101009053245068,6
1024,1962,0.0006157171768087499,6
1024,1963,0.0010476963830171604,6
1024,1964,0.001066520015737371,6
1024,1965,0.0005030952262053412,6
1024,1966,0.0009221748643678529,6
1024,1967,0.000873254787417288,6
1024,1968,0.0013451781356625947,6
1024,1969,0.000754014126110647,8
1024,1970,0.0011077804626532517,6
1024,1971,0.0011593787136838785,6
1024,1972,0.0008648141843405899,6
1024,1973,0.0013003390734722675,6
1024,1974,0.0008623138129631447,7
1024,1975,0.0008353807089340748,6
1024,1976,0.0008614622692871832,6
1024,1977,0.0008683325478248127,7
1024,1978,0.0008932151149533274,6
1024,1979,0.0007754679177013335,6
1024,1980,0.0006744596639577383,6
1024,1981,0.0006085257229551388,6
1024,1982,0.0010116546348377664,6
1024,1983,0.0009998396076346117,6
1024,1984,0.0011263474266856033,6
1024,1985,0.0008702721790642687,6
1024,1986,0.0010826437117325005,8
1024,1987,0.0006764712990126043,6
1024,1988,0.0010975368526016105,7
1024,1989,0.0007746903626610901,6
1024,1990,0.0010221061126450826,6
1024,1991,0.0010785687071475092,6
1024,1992,0.0007616880845058294,6
1024,1993,0.0005731773069086454,6
1024,1994,0.0011092917056299,6
1024,1995,0.0011230828489996458,6
1024,1996,0.0008232743778963103,6
1024,1997,0.0005197047401106492,7
1024,1998,0.0012808156298473872,6
1024,1999,0.001024113589659148,9
1024,2000,0.0013136624112742856,8
1024,2001,0.0010372945086756236,6
1024,2002,0.0009516464277105063,6
1024,2003,0.0007223713682018018,6
1024,2004,0.0008715166016538545,6
1024,2005,0.001320427569621363,6
1024,2006,0.0010908993974247938,6
1024,2007,0.0008363400581541391,6
1024,2008,0.0008987255624629542,9
1024,2009,0.0008514237623833409,6
1024,2010,0.0011310340137088981,6
1024,2011,0.0008272147271783936,6
1024,2012,0.0008793777614310716,9
1024,2013,0.0009885095790362897,6
1024,2014,0.0010632303898392426,6
1024,2015,0.0013612681652979686,8
1024,2016,0.0010189666145903886,7
1024,2017,0.0015432895001686875,9
1024,2018,0.0009089587074536942,6
1024,2019,0.0007164640151022805,6
1024,2020,0.0010181144805609943,6
1024,2021,0.001462926282099708,12
1024,2022,0.0013080220995581593,8
1024,2023,0.0017918197945879788,6
1024,2024,0.000772592837302466,6
1024,2025,0.001047000691701716,8
1024,2026,0.001308352307375582,6
1024,2027,0.0011983822123909915,6
1024,2028,0.001157498424891934,6
1024,2029,0.0010535162774181206,6
1024,2030,0.0008591650579179433,6
1024,2031,0.0008308283548871254,7
1024,2032,0.0010418794353090344,8
1024,2033,0.001129080623679446,6
1024,2034,0.0011351523038864997,6
1024,2035,0.000708804763461246,8
1024,2036,0.0008963185900895398,7
1024,2037,0.00107648871858812,6
1024,2038,0.0007192515926287557,6
1024,2039,0.0012894747468290557,6
1024,2040,0.0009025921793945901,6
1024,2041,0.0010958790068598123,6
1024,2042,0.0019291556769407414,15
1024,2043,0.0011255212819773486,8
1024,2044,0.0007926924260711621,7
1024,2045,0.0008977308859636768,7
1024,2046,0.0007980948685067657,6
1024,2047,0.0006143751250308749,6
1024,2048,0.0005969529714545674,6
1024,2049,0.0009321379735544033,6
1024,2050,0.001275671645642129,6
1024,2051,0.0008961031809036069,6
1024,2052,0.0009546789501867492,6
1024,2053,0.0006594875569781999,10
1024,2054,0.0008534229527121517,7
1024,2055,0.0010340842474383383,6
1024,2056,0.0006525611706541534,6
1024,2057,0.0012311365177529732,6
1024,2058,0.0015409081005152148,6
1024,2059,0.0008010593431855284,6
1024,2060,0.0011534032515052584,6
1024,2061,0.0012096808039815388,6
1024,2062,0.001147734522686683,6
1024,2063,0.0013574983637722748,6
1024,2064,0.0009498771735937384,6
1024,2065,0.0007734731715055565,9
1024,2066,0.0006420768137000987,6
1024,2067,0.0010986053934828877,7
1024,2068,0.0011065086989736628,7
1024,2069,0.0007711417998331749,6
1024,2070,0.0009312716694149237,9
1024,2071,0.0007683289622738565,6
1024,2072,0.0009781717883673435,7
1024,2073,0.001603952263705244,6
1024,2074,0.0009578487370943689,6
1024,2075,0.0013707400430190697,6
1024,2076,0.0014900650723531639,8
1024,2077,0.0017125379349025582,6
1024,2078,0.0006026369061515879,6
1024,2079,0.0010055055952246095,10
1024,2080,0.0007020816170688615,6
1024,2081,0.0007539708767060893,6
1024,2082,0.000788090220755433,6
1024,2083,0.001124199189433961,6
1024,2084,0.0009273019101883051,6
1024,2085,0.0007617730834267311,6
1024,2086,0.0007567403937579487,6
1024,2087,0.0016127398795414694,6
1024,2088,0.001286348094427514,6
1024,2089,0.0011832813465814107,6
1024,2090,0.0013032225446985013,6
1024,2091,0.0007823856471896873,6
1024,2092,0.0005399934503488302,6
1024,2093,0.000885097060643325,6
1024,2094,0.001275956717339155,8
1024,2095,0.001100968291652682,6
1024,2096,0.001016677768200358,6
1024,2097,0.0017257128376995667,6
1024,2098,0.0004286659675173943,7
1024,2099,0.000822427366833578,6
1024,2100,0.0006424135878575488,6
1024,2101,0.0010226830700206802,6
1024,2102,0.0011401323788885476,7
1024,2103,0.001278910034965719,11
1024,2104,0.0006892473964815737,6
1024,2105,0.0017597954544782413,11
1024,2106,0.0009046712348997898,6
1024,2107,0.0008995263421678334,6
1024,2108,0.000961387239494238,6
1024,2109,0.0010562390469400773,8
1024,2110,0.0010657304172942972,6
1024,2111,0.001556038754668032,6
1024,2112,0.0008343811196340756,6
1024,2113,0.0008120372316665625,6
1024,2114,0.002290971429104033,9
1024,2115,0.0006399453871350769,6
1024,2116,0.0007333074262823036,6
1024,2117,0.0011590880871226172,6
1024,2118,0.0013616841630959275,6
1024,2119,0.0007826058338590292,6
1024,2120,0.001072643561047082,6
1024,2121,0.0009627499494218594,6
1024,2122,0.0014504951497734397,6
1024,2123,0.0009934914781412063,8
1024,2124,0.000856303940637404,6
1024,2125,0.0009450128475599062,6
1024,2126,0.0008206222347814096,6
1024,2127,0.0011874855485222158,7
1024,2128,0.0006712640434400896,6
1024,2129,0.0007130538604013248,6
1024,2130,0.0013087749740451349,7
1024,2131,0.0009701310481970982,6
1024,2132,0.00117188290324588,6
1024,2133,0.000979262940121628,6
1024,2134,0.0013398176727807964,7
1024,2135,0.0006152706923906459,6
1024,2136,0.001974702346346391,6
1024,2137,0.0010166736411592048,6
1024,2138,0.0011535497240776627,6
1024,2139,0.0006236223617382963,6
1024,2140,0.0010701595516947604,6
1024,2141,0.0007755076896192314,6
1024,2142,0.0010291772585863113,6
1024,2143,0.0009078740131518437,6
1024,2144,0.001484457468673317,6
1024,2145,0.0010296461326807504,6
1024,2146,0.0010555637841333787,6
1024,2147,0.0013439803333584743,6
1024,2148,0.0011414536697924582,6
1024,2149,0.0007056471616182503,6
1024,2150,0.0008887417875076964,7
1024,2151,0.0007342766852717064,6
1024,2152,0.0012835057965470131,10
1024,2153,0.001124227483689788,10
1024,2154,0.0011165445695453524,9
1024,2155,0.000985485093381644,6
1024,2156,0.0010652649805020786,10
1024,2157,0.0008417478828430802,6
1024,2158,0.0007546014755620556,8
1024,2159,0.0010842734689735511,6
1024,2160,0.001155974608140098,6
1024,2161,0.0014183761869516198,6
1024,2162,0.0008340706992016056,6
1024,2163,0.0007179093190715635,6
1024,2164,0.0007929728390619062,6
1024,2165,0.0009784749662471448,6
1024,2166,0.001000267632279117,6
1024,2167,0.0007588482464688795,7
1024,2168,0.0008632155174135292,6
1024,2169,0.0014868335752831197,6
1024,2170,0.0006405867249032471,6
1024,2171,0.0011179387016744258,6
1024,2172,0.0007922933686472788,6
1024,2173,0.0009915640654379887,6
1024,2174,0.0010384080689298525,6
1024,2175,0.0009300080632128616,9
1024,2176,0.00099581920612693,6
1024,2177,0.0012784839092001565,6
1024,2178,0.001127174492434213,6
1024,2179,0.0013507748096342476,6
1024,2180,0.0007126964037261763,7
1024,2181,0.0014595810816209198,9
1024,2182,0.001502854688618993,6
1024,2183,0.0009592765210321152,6
1024,2184,0.0007404763662740566,6
1024,2185,0.000753799814938727,6
1024,2186,0.001032562805018622,7
1024,2187,0.0010975358696785342,6
1024,2188,0.0012376563427819454,7
1024,2189,0.0005581207415957801,6
1024,2190,0.0009131274425060454,6
1024,2191,0.0017573047514911622,6
1024,2192,0.0009997938066326206,6
1024,2193,0.0010135888061292286,6
1024,2194,0.0007708490193953921,6
1024,2195,0.0008728680066713013,6
1024,2196,0.0007478168679490027,6
1024,2197,0.0007806998349144667,6
1024,2198,0.0007831307189728742,12
1024,2199,0.0005133652205441264,6
1024,2200,0.0008644278822220741,7
1024,2201,0.0011044414967973648,7
1024,2202,0.0009297850439803357,6
1024,2203,0.0006852301655274062,7
1024,2204,0.000677172992110453,6
1024,2205,0.0006448023384403312,6
1024,2206,0.0007679692095019508,6
1024,2207,0.0008387550524978638,6
1024,2208,0.0014229694642903246,6
1024,2209,0.0007114286973858575,6
1024,2210,0.0007125797155788649,6
1024,2211,0.0007030336632611878,6
1024,2212,0.0010416889551853048,6
1024,2213,0.0011459613702432536,6
1024,2214,0.0010924968094752074,6
1024,2215,0.0008593185759979693,6
1024,2216,0.0009635260008019619,6
1024,2217,0.0008945302502316732,6
1024,2218,0.0009092086685072998,8
1024,2219,0.0007548167862579946,7
1024,2220,0.0005045023292912232,6
1024,2221,0.0012235836814760148,6
1024,2222,0.0010768534891110182,7
1024,2223,0.0007123067945049577,6
1024,2224,0.0007395767502357264,7
1024,2225,0.0010496352082610683,6
1024,2226,0.0012790800831489202,7
1024,2227,0.0014660722845031282,7
1024,2228,0.0012299830867649186,9
1024,2229,0.0010436049874365527,6
1024,2230,0.0010543970363040556,6
1024,2231,0.0013939719416532492,6
1024,2232,0.0010438040968206996,6
1024,2233,0.0008589069619813483,6
1024,2234,0.0005609811105130591,6
1024,2235,0.0011150942668307628,6
1024,2236,0.0008297433991677483,6
1024,2237,0.0013242290869073248,6
1024,2238,0.0009787471579995044,6
1024,2239,0.0003495431126717685,6
1024,2240,0.0011787961378708633,7
1024,2241,0.0014749859054262737,6
1024,2242,0.0007016106031316749,6
1024,2243,0.001283437736955384,6
1024,2244,0.0005495714629186188,7
1024,2245,0.0010257903154624604,6
1024,2246,0.0012043451055182564,6
1024,2247,0.0006157955787765568,6
1024,2248,0.0008818262225472884,6
1024,2249,0.0012891387524792686,6
1024,2250,0.0009656301054848937,6
1024,2251,0.0010207722048100054,6
1024,2252,0.0012496428433722562,7
1024,2253,0.0006635295351901105,6
1024,2254,0.0012907656446037863,8
1024,2255,0.0009477764289943513,6
1024,2256,0.0008078138553962999,6
1024,2257,0.0006483737883873353,6
1024,2258,0.0007233766666071284,7
1024,2259,0.0012125457318702404,6
1024,2260,0.0006941720354981529,7
1024,2261,0.0007060146589989991,6
1024,2262,0.0014700661815739702,6
1024,2263,0.0007215946122658412,6
1024,2264,0.0016275179450489508,12
1024,2265,0.0007131687923929153,8
1024,2266,0.0010786115954305453,8
1024,2267,0.0011453412969337773,6
1024,2268,0.0010172588974413088,8
1024,2269,0.0006914503700576891,6
1024,2270,0.0015397607912931432,6
1024,2271,0.0007511000760195286,6
1024,2272,0.0010579208914701654,15
1024,2273,0.0006573722722983399,6
1024,2274,0.0007463382111239647,6
1024,2275,0.0007757186614399947,6
1024,2276,0.0006913526138755399,6
1024,2277,0.0011875932258271216,8
1024,2278,0.0007193379852389326,6
1024,2279,0.0012260085532096454,10
1024,2280,0.0006703371935487534,6
1024,2281,0.0009438574156155344,6
1024,2282,0.0006595500971408041,6
1024,2283,0.001073961522946032,6
1024,2284,0.0007999251960904008,6
1024,2285,0.0006493313120349287,7
1024,2286,0.001378223862323169,10
1024,2287,0.00109847590664644,6
1024,2288,0.000654345901261344,6
1024,2289,0.0011666933533082124,6
1024,2290,0.0009464799550947811,6
1024,2291,0.0009959445447704773,8
1024,2292,0.000987521400381719,6
1024,2293,0.0010298658044091136,7
1024,2294,0.001322680488700101,8
1024,2295,0.0011740994412209327,6
1024,2296,0.0009267581454597273,7
1024,2297,0.0009200867118069889,6
1024,2298,0.0015077246172335301,7
1024,2299,0.0007521357964418163,6
1024,2300,0.0011041759964751652,6
1024,2301,0.0008013469198202561,6
1024,2302,0.0010501524416516306,6
1024,2303,0.0009658395865905778,6
1024,2304,0.0011901349072247491,6
1024,2305,0.001139925119703844,6
1024,2306,0.0010139696078342864,9
1024,2307,0.0009628746142605893,6
1024,2308,0.0007409893807105439,6
1024,2309,0.0013477339855728632,6
1024,2310,0.0011186308915503707,6
1024,2311,0.001261886247060251,6
1024,2312,0.0009277978093705785,6
1024,2313,0.0012002127808502516,6
1024,2314,0.0010397997949824767,6
1024,2315,0.001092208755692048,6
1024,2316,0.0010496090046552276,8
1024,2317,0.0011926932963206571,6
1024,2318,0.0012134979784433897,11
1024,2319,0.00047263241462158767,6
1024,2320,0.0007407206858578985,6
1024,2321,0.0015851219141339579,6
1024,2322,0.0009756648607904261,9
1024,2323,0.0006262133809541437,6
1024,2324,0.0010472415096637322,6
1024,2325,0.0009828319958637977,8
1024,2326,0.0012980034102758609,6
1024,2327,0.0009120122866145275,7
1024,2328,0.0009200959800246267,6
1024,2329,0.0009176764935210358,7
1024,2330,0.000880796193859501,6
1024,2331,0.0005823401723846766,6
1024,2332,0.0011958517989193451,6
1024,2333,0.0013059838266802348,6
1024,2334,0.0005460974730575607,6
1024,2335,0.0008946658126466334,6
1024,2336,0.0007295966608683591,6
1024,2337,0.001093805921282165,6
1024,2338,0.0010349401080081422,6
1024,2339,0.0015231383761736828,6
1024,2340,0.0007310287740508459,6
1024,2341,0.000918142287589796,9
1024,2342,0.0006420500929121831,6
1024,2343,0.0011528623423022744,6
1024,2344,0.0010672081239008202,6
1024,2345,0.001114558151381645,7
1024,2346,0.001181921478806136,6
1024,2347,0.00117645861078719,6
1024,2348,0.0010205441540048765,6
1024,2349,0.001158644260281172,8
1024,2350,0.0007907045876738295,7
1024,2351,0.0007180940306567019,6
1024,2352,0.0006232994621642174,6
1024,2353,0.000572611290226066,6
1024,2354,0.0006141880878427486,6
1024,2355,0.0007927667522614756,6
1024,2356,0.0009679335603544059,6
1024,2357,0.001274225392194378,6
1024,2358,0.00094023720259645,6
1024,2359,0.0009357361111429485,6
1024,2360,0.0009487480086179945,6
1024,2361,0.000703059744539325,6
1024,2362,0.0011110131395742906,6
1024,2363,0.0009683336747418059,6
1024,2364,0.0009462603290541494,6
1024,2365,0.0008086445348101101,6
1024,2366,0.0008029982744779396,6
1024,2367,0.0007898635216965211,6
1024,2368,0.0007317618647078028,7
1024,2369,0.0006951580828294945,8
1024,2370,0.0008108892183839589,6
1024,2371,0.0012604663665799487,6
1024,2372,0.0011701334871959401,6
1024,2373,0.0007670075079811989,6
1024,2374,0.0011406501113085943,6
1024,2375,0.0010647881937168036,6
1024,2376,0.0013573703250213676,6
1024,2377,0.0011329098962188366,8
1024,2378,0.0007471244451317527,6
1024,2379,0.0009235964526044249,6
1024,2380,0.0008436660947472863,6
1024,2381,0.0007805942865260485,8
1024,2382,0.0008377555289830196,6
1024,2383,0.0007951050017590555,6
1024,2384,0.0006139502610926773,6
1024,2385,0.0009126975086820588,6
1024,2386,0.0008409381165430663,6
1024,2387,0.0012283801353241142,12
1024,2388,0.001232328458336318,6
1024,2389,0.0008254956356651411,6
1024,2390,0.0009232178534435143,6
1024,2391,0.0009167827376842241,6
1024,2392,0.0010990429951921454,6
1024,2393,0.0011022919535377262,7
1024,2394,0.0006345941518497433,6
1024,2395,0.0011290062466675632,7
1024,2396,0.0010816274392821956,6
1024,2397,0.0006647725181999631,6
1024,2398,0.0009536221660271238,7
1024,2399,0.0007444214880351074,6
1024,2400,0.000956300947975941,7
1024,2401,0.0008107782056703261,7
1024,2402,0.0011215035172864596,6
1024,2403,0.0008094600079006087,6
1024,2404,0.0006049971386696829,6
1024,2405,0.0010939954462646506,6
1024,2406,0.0011703741270762402,6
1024,2407,0.0012751589676410768,6
1024,2408,0.0010005545416144068,6
1024,2409,0.0005179194352527006,6
1024,2410,0.0008605890876316469,6
1024,2411,0.0009544792886088116,6
1024,2412,0.001070919626667069,15
1024,2413,0.0012586791426874022,6
1024,2414,0.0011431085292570309,6
1024,2415,0.001994492938856729,11
1024,2416,0.0010636137357825648,6
1024,2417,0.0011821973536749741,6
1024,2418,0.0015503056116390468,6
1024,2419,0.001103667528236485,8
1024,2420,0.0010486923916407098,7
1024,2421,0.0005764878076376379,6
1024,2422,0.000850177916920436,10
1024,2423,0.0010696574746562604,6
1024,2424,0.0009529403958608018,9
1024,2425,0.0012502732966398478,6
1024,2426,0.0010438823296768929,6
1024,2427,0.0006982297507118762,8
1024,2428,0.0015036723391740336,11
1024,2429,0.0007517828357851419,8
1024,2430,0.0014959772141299732,6
1024,2431,0.0005026780621599225,6
1024,2432,0.0009532974563597474,6
1024,2433,0.0008947187924209787,6
1024,2434,0.0011214894811175102,8
1024,2435,0.0014389322413113081,6
1024,2436,0.0007324432510814605,6
1024,2437,0.00041529564815101505,6
1024,2438,0.0006114940236378041,7
1024,2439,0.0021606796453591537,6
1024,2440,0.00073883924540602,6
1024,2441,0.0015798511114000213,6
1024,2442,0.000842679916197242,6
1024,2443,0.0010622755742791812,8
1024,2444,0.0012255175073033753,6
1024,2445,0.0010281674993752876,8
1024,2446,0.0010938964102804039,6
1024,2447,0.0010231386608500204,6
1024,2448,0.0007216674135688272,7
1024,2449,0.0007946375558278707,6
1024,2450,0.0009028534450956638,6
1024,2451,0.000943302527576878,11
1024,2452,0.0010725165021407967,6
1024,2453,0.0006638926569690895,6
1024,2454,0.0009234935809104838,6
1024,2455,0.0010676989447976348,6
1024,2456,0.0005221314116209963,6
1024,2457,0.0009485283917218812,7
1024,2458,0.002007852063766774,7
1024,2459,0.0010476730633419695,6
1024,2460,0.00094450691341319,6
1024,2461,0.001050068114153091,6
1024,2462,0.0013430840363915786,6
1024,2463,0.0011506972577151053,6
1024,2464,0.0008816515281183657,6
1024,2465,0.0014199901902492984,13
1024,2466,0.0006340242399848206,6
1024,2467,0.0014324851158820096,7
1024,2468,0.0016071709013935065,6
1024,2469,0.0008683343323816484,6
1024,2470,0.0006510011803751992,6
1024,2471,0.0013285475307645012,7
1024,2472,0.0007908117379183399,6
1024,2473,0.0010581781462409845,6
1024,2474,0.000738632374701953,6
1024,2475,0.0016047258974238865,6
1024,2476,0.00145099079446126,7
1024,2477,0.0010563000213922313,8
1024,2478,0.0008630850417361557,8
1024,2479,0.0005243997373809428,6
1024,2480,0.0008100254168443843,6
1024,2481,0.0015165368391714118,8
1024,2482,0.0008487522614677445,6
1024,2483,0.0009198868510145175,6
1024,2484,0.0010333827442055021,6
1024,2485,0.0011854599213610983,6
1024,2486,0.0009224940028501605,6
1024,2487,0.0011338921144050662,8
1024,2488,0.0009970501058328418,8
1024,2489,0.0005891775843250291,7
1024,2490,0.0015149488179370674,6
1024,2491,0.0009904758027871052,6
1024,2492,0.0017897884988655743,13
1024,2493,0.000932650193986917,6
1024,2494,0.0010088637483236518,6
1024,2495,0.0013013217683498501,6
1024,2496,0.0010222754535627043,6
1024,2497,0.0011522537530307964,6
1024,2498,0.0015955715335355114,6
1024,2499,0.0007526836295786432,6
1024,2500,0.001489596543800542,6
4096,1,0.0008212358473953518,6
4096,2,0.0009094983676343205,6
4096,3,0.0006155771894058581,6
4096,4,0.001245279690698875,6
4096,5,0.0013886796578176375,10
4096,6,0.0008237017015848558,7
4096,7,0.0008329814064721164,7
4096,8,0.0016006827498913356,6
4096,9,0.0009537769017240183,10
4096,10,0.0006602982119522371,6
4096,11,0.0011697188522994117,6
4096,12,0.0006645904145815562,6
4096,13,0.001018535782607577,9
4096,14,0.0014208376749718088,6
4096,15,0.001140151382988952,6
4096,16,0.0014359744434755406,6
4096,17,0.001048979867782407,6
4096,18,0.001341237755226432,7
4096,19,0.0009813709040283891,6
4096,20,0.0010980331811860644,9
4096,21,0.001333149776560405,7
4096,22,0.0012871891309447214,6
4096,23,0.0011091937593296075,6
4096,24,0.0008225246984751022,6
4096,25,0.0008553466272531729,7
4096,26,0.0014961758585103624,8
4096,27,0.001091092927144821,6
4096,28,0.0005645831089444719,6
4096,29,0.0010820035294978325,6
4096,30,0.000632687119402453,6
4096,31,0.0007786568321320742,6
4096,32,0.0006315784475445785,7
4096,33,0.0008284049066247245,6
4096,34,0.000691868548198693,6
4096,35,0.000695410565238197,11
4096,36,0.0009606603564522587,6
4096,37,0.0008212901232270697,6
4096,38,0.0012405811425036384,10
4096,39,0.0011571008009757522,6
4096,40,0.0008314903704247922,6
4096,41,0.0005307040518349737,6
4096,42,0.001027384030157008,6
4096,43,0.0009853545716510537,7
4096,44,0.0006677532744149284,6
4096,45,0.001218544232279073,15
4096,46,0.0007753136325854282,6
4096,47,0.0013828060452046875,6
4096,48,0.000581436839145244,6
4096,49,0.0008430067913731687,6
4096,50,0.001045303475710302,10
4096,51,0.0011318354168621259,6
4096,52,0.0012365902413283836,9
4096,53,0.0011853791261556834,6
4096,54,0.001080660891517593,6
4096,55,0.0011872508359267453,6
4096,56,0.001302699554885045,7
4096,57,0.0007790375165931396,9
4096,58,0.0004431652783323248,6
4096,59,0.000640007319708702,6
4096,60,0.0008271508981582687,7
4096,61,0.0006896411487270493,6
4096,62,0.001141705801547599,7
4096,63,0.0015618862527316812,6
4096,64,0.0006995465355288388,6
4096,65,0.0011513563795335635,6
4096,66,0.0013564651946922357,6
4096,67,0.0010978029682137125,6
4096,68,0.000636343968810793,7
4096,69,0.0015440519870343894,7
4096,70,0.0008566073888558456,10
4096,71,0.0006558998539941685,6
4096,72,0.0007273373429603769,9
4096,73,0.0011718783303661384,7
4096,74,0.0009790072236386393,6
4096,75,0.0005710574498959398,6
4096,76,0.000684449193058545,6
4096,77,0.0007215423603179616,6
4096,78,0.0010096698203270194,6
4096,79,0.0009470861720912715,6
4096,80,0.0012303655965629767,6
4096,81,0.0009509319551137541,7
4096,82,0.0015415367668241142,6
4096,83,0.0014138969130414458,6
4096,84,0.0011772698106398138,6
4096,85,0.0010805150496478455,6
4096,86,0.0011377870880204255,9
4096,87,0.0012279563670277716,6
4096,88,0.0006519885534141956,6
4096,89,0.0008678182530135192,6
4096,90,0.0007801531624487268,6
4096,91,0.000712540579170029,8
4096,92,0.0013944032161266884,10
4096,93,0.0010799945186507065,6
4096,94,0.0010529410559561025,6
4096,95,0.0008901863539828581,6
4096,96,0.0008466170840359943,7
4096,97,0.0006133913344827935,6
4096,98,0.0012828697170167436,8
4096,99,0.0007379228372118574,6
4096,100,0.0011864277327175987,6
4096,101,0.0006905222409311351,6
4096,102,0.0011655190649881297,6
4096,103,0.000605126808113754,6
4096,104,0.0014107073441617102,6
4096,105,0.0008520986559272803,7
4096,106,0.0014799917541017393,6
4096,107,0.0009054532561046935,8
4096,108,0.0008939151531878187,6
4096,109,0.0014327866633314645,6
4096,110,0.0011252675151256497,7
4096,111,0.0009251060502771802,6
4096,112,0.0006359512671426926,6
4096,113,0.0009719569154378327,6
4096,114,0.0007729864396412989,6
4096,115,0.0011106431267011718,10
4096,116,0.0009547657721362679,6
4096,117,0.0011618495904394122,6
4096,118,0.0008830357497898456,6
4096,119,0.0008443253304064591,6
4096,120,0.00048175368369829386,6
4096,121,0.000614471826281604,6
4096,122,0.0005838199264346366,6
4096,123,0.0012422165290543186,6
4096,124,0.0007388310587996827,7
4096,125,0.0007804854614779366,6
4096,126,0.0006183534554985437,6
4096,127,0.001328709708689202,6
4096,128,0.0014858134004602785,6
4096,129,0.0007432698757436906,6
4096,130,0.0013870185855138217,6
4096,131,0.0009725838884230287,6
4096,132,0.0011282256470843965,6
4096,133,0.0011827766993554034,6
4096,134,0.0007141014778035415,6
4096,135,0.0010071730072225282,6
4096,136,0.0011108738495699544,6
4096,137,0.0006803462227974455,6
4096,138,0.0011696140252609455,6
4096,139,0.0008688224027492142,6
4096,140,0.0012809671519132815,6
4096,141,0.0007508157669528503,7
4096,142,0.000931719844743828,6
4096,143,0.0009037161627047929,6
4096,144,0.0010835942236262497,6
4096,145,0.0009173400763601292,7
4096,146,0.0005909718344153658,7
4096,147,0.0012986405896121406,17
4096,148,0.0010659644721355832,6
4096,149,0.0009039700996131272,7
4096,150,0.0008280757300736519,6
4096,151,0.0006701651179305268,6
4096,152,0.0006888231050010685,6
4096,153,0.0007749215583007785,8
4096,154,0.0006651223964467823,6
4096,155,0.0012333599495104597,6
4096,156,0.0010399917201809883,6
4096,157,0.0005768320240522318,6
4096,158,0.000726736078251411,7
4096,159,0.001362692699733492,7
4096,160,0.0006317829272662889,6
4096,161,0.0014401531134369816,6
4096,162,0.0010050794371478933,6
4096,163,0.0008015624452673009,7
4096,164,0.001009669598703633,8
4096,165,0.001198775957791831,6
4096,166,0.0007885999138128597,6
4096,167,0.0009607392609548016,6
4096,168,0.0014514785971156963,6
4096,169,0.0009138177971833583,6
4096,170,0.0007260723482862552,6
4096,171,0.000577072054714467,6
4096,172,0.001201290906859831,6
4096,173,0.0006473112151008653,7
4096,174,0.001227377535680585,8
4096,175,0.0010600607955808528,6
4096,176,0.000902685108704171,6
4096,177,0.0006035757975507705,6
4096,178,0.0008270944393799495,6
4096,179,0.0010645453421269102,6
4096,180,0.0009336529503650715,12
4096,181,0.0009699468267563294,6
4096,182,0.0005108555495354494,6
4096,183,0.0012392890235773946,7
4096,184,0.0004773386723179174,7
4096,185,0.0011812612122113209,6
4096,186,0.0012841068403589562,6
4096,187,0.0009547767817540409,6
4096,188,0.0007041529697283111,7
4096,189,0.0013954838944826298,6
4096,190,0.0011834404051706549,7
4096,191,0.0008968362633735572,7
4096,192,0.0011699747552121886,6
4096,193,0.001025559476356519,6
4096,194,0.0011034419026622055,6
4096,195,0.0006288509461449543,6
4096,196,0.0010085011858740334,6
4096,197,0.00114922580134047,6
4096,198,0.0013475637196616042,8
4096,199,0.0011135638224122335,8
4096,200,0.001064585459478684,6
4096,201,0.0007644647883823519,8
4096,202,0.0009285585066270974,8
4096,203,0.0008415013299289953,6
4096,204,0.0013164430109920966,6
4096,205,0.0009451171254319934,6
4096,206,0.0009976745932516184,6
4096,207,0.0011363389658326506,6
4096,208,0.00041317782992877916,6
4096,209,0.0007868159159940546,6
4096,210,0.001103608994967975,6
4096,211,0.0009277583983159365,6
4096,212,0.0008629787616203366,8
4096,213,0.0006897499454172618,6
4096,214,0.0011234648593642094,7
4096,215,0.0010675712262776527,6
4096,216,0.0011335797523519542,6
4096,217,0.0006271526346622869,6
4096,218,0.0007989354078854483,6
4096,219,0.000814227458417971,6
4096,220,0.0008489523680313971,6
4096,221,0.0010605951051848583,6
4096,222,0.0009844536445484664,6
4096,223,0.0005186724889910677,7
4096,224,0.0005881780541261428,6
4096,225,0.0007298649194326101,6
4096,226,0.0010920342600383437,6
4096,227,0.0007573877848316979,6
4096,228,0.0016337098619811918,9
4096,229,0.001707762879769592,8
4096,230,0.0009632748048374884,6
4096,231,0.0008727718467663736,6
4096,232,0.0005440866255714827,6
4096,233,0.00100331526385819,7
4096,234,0.0009534663071276706,6
4096,235,0.0011277270893388924,7
4096,236,0.0010424903820409614,6
4096,237,0.0015225301624991472,9
4096,238,0.0005997406924228565,6
4096,239,0.001496967406770744,6
4096,240,0.0007332962667514487,6
4096,241,0.0011691128129697193,6
4096,242,0.0005140161645024177,6
4096,243,0.0009584174317034677,6
4096,244,0.0005234961125196169,6
4096,245,0.0012443783863156366,6
4096,246,0.0009732746092742106,10
4096,247,0.0010636055621703333,8
4096,248,0.0007681008121832589,8
4096,249,0.0007462511394282223,6
4096,250,0.0010816385505657555,6
4096,251,0.0016854240667675269,9
4096,252,0.0006602534953121797,8
4096,253,0.0007944108165069963,6
4096,254,0.0011267198623059471,13
4096,255,0.0011379505330925133,6
4096,256,0.0013733314560353538,6
4096,257,0.0004706485966754492,7
4096,258,0.0009247620605269402,7
4096,259,0.0016568851782460259,6
4096,260,0.0008846284354995237,8
4096,261,0.0008338631558039156,6
4096,262,0.0010440285210832068,8
4096,263,0.0007366680585850771,6
4096,264,0.0010327587462345411,6
4096,265,0.0009174658978390315,6
4096,266,0.0011441977555800564,6
4096,267,0.0012357709644154058,6
4096,268,0.001994454284013014,9
4096,269,0.0011237529265408774,6
4096,270,0.001359616910377226,6
4096,271,0.0009425088041857821,6
4096,272,0.0005774246430760854,6
4096,273,0.0011742706863805408,7
4096,274,0.0010735614030298324,6
4096,275,0.0009719024395116183,6
4096,276,0.0006072671201552415,6
4096,277,0.0007893398543704633,6
4096,278,0.0013525232798746734,6
4096,279,0.0011557482404522812,6
4096,280,0.0009452278466985931,6
4096,281,0.001006281699061029,6
4096,282,0.0009593916502030897,9
4096,283,0.000610773861956182,6
4096,284,0.0010722036137150726,8
4096,285,0.0010602315655096617,6
4096,286,0.0013385701346626533,10
4096,287,0.0012289733016128679,9
4096,288,0.0010862707779645264,6
4096,289,0.0007166944700566225,10
4096,290,0.001767911129466282,7
4096,291,0.0005362956741432612,6
4096,292,0.0016082715413092696,6
4096,293,0.0012034120083823652,6
4096,294,0.001084548493076709,6
4096,295,0.0008840019898099793,8
4096,296,0.00162154986318519,7
4096,297,0.001196184792895405,6
4096,298,0.0012145492725614826,10
4096,299,0.0010838100095044156,6
4096,300,0.0008839554933098848,6
4096,301,0.0007725173600375834,6
4096,302,0.0009932643377595918,6
4096,303,0.0008804720475383276,6
4096,304,0.00066000568273894,8
4096,305,0.0010033287462377638,7
4096,306,0.0011764685923710827,6
4096,307,0.0008936563226234762,6
4096,308,0.0011917747656927657,6
4096,309,0.0009176443855786198,6
4096,310,0.0010839481061437617,6
4096,311,0.0010191472217121467,6
4096,312,0.0010599468646914079,6
4096,313,0.0009557746827196789,6
4096,314,0.0009137500174901669,6
4096,315,0.0012316593373974394,6
4096,316,0.0006312443456714112,6
4096,317,0.0008707299025529913,9
4096,318,0.0010034375175662635,6
4096,319,0.0006992357814877836,6
4096,320,0.0010976060564620305,12
4096,321,0.0007674969769038142,6
4096,322,0.001121804390941561,6
4096,323,0.0008151446816913044,6
4096,324,0.0006593223341067045,6
4096,325,0.0014803168821946322,6
4096,326,0.0013718313583767072,6
4096,327,0.0007839364895676493,6
4096,328,0.0011491556353400156,6
4096,329,0.0006120563841451876,6
4096,330,0.0010789174980039284,8
4096,331,0.0011118191588831428,8
4096,332,0.0007335092823952394,6
4096,333,0.0007533582383766335,6
4096,334,0.0013606334009444998,6
4096,335,0.0012532323667067136,6
4096,336,0.0013155878093936701,7
4096,337,0.0009910142862107896,6
4096,338,0.0021160393877635297,6
4096,339,0.0005675070218934541,6
4096,340,0.0007229437054626642,6
4096,341,0.0006314457576084287,7
4096,342,0.0016125805541156168,6
4096,343,0.0009049226736473903,6
4096,344,0.0008789361925455319,6
4096,345,0.000849148700568847,9
4096,346,0.0010089113964353302,6
4096,347,0.0006228123443652311,6
4096,348,0.0008603841249388289,6
4096,349,0.0010218641426719133,7
4096,350,0.001235252873950321,9
4096,351,0.001303922731405005,6
4096,352,0.0007594534392386665,6
4096,353,0.0013903668084801757,6
4096,354,0.0009034299877904717,6
4096,355,0.0009045369332699726,8
4096,356,0.0006672266592985254,6
4096,357,0.0009670758970946602,8
4096,358,0.0004493077981373439,6
4096,359,0.000515214358559446,6
4096,360,0.0007303331332357832,6
4096,361,0.0008009486635119634,6
4096,362,0.0007115268321090107,7
4096,363,0.0006270955848771687,6
4096,364,0.0012222760835905733,7
4096,365,0.0007004655312560226,7
4096,366,0.0007264687483203858,6
4096,367,0.0007602153099034448,6
4096,368,0.0008059713135880608,6
4096,369,0.0009628880658635319,6
4096,370,0.001098632793175236,6
4096,371,0.0016635501100448202,6
4096,372,0.0006593683741246137,6
4096,373,0.0011562915050143119,7
4096,374,0.0011294091342521906,6
4096,375,0.0005302513792734276,6
4096,376,0.0010245227235473608,6
4096,377,0.0011521097498624067,6
4096,378,0.0012017119173164392,6
4096,379,0.0010969947622171128,9
4096,380,0.001084949002490676,7
4096,381,0.0009964020058298995,6
4096,382,0.0009422896361984678,9
4096,383,0.0010015789100601413,6
4096,384,0.0010599712050087806,7
4096,385,0.0006878932223250978,6
4096,386,0.0006452026610185291,6
4096,387,0.0011929355411904874,6
4096,388,0.0009409724530554386,6
4096,389,0.00091090084927406,8
4096,390,0.0008935458493403159,6
4096,391,0.0011550727498554347,9
4096,392,0.000758690785698457,6
4096,393,0.0011758685731546314,7
4096,394,0.0008133621766954757,6
4096,395,0.0005668150983410003,6
4096,396,0.0009269574501472588,7
4096,397,0.0007148005510626554,7
4096,398,0.001339144318403096,6
4096,399,0.0011271464051598734,6
4096,400,0.001137586802813284,7
4096,401,0.0012501050697596994,6
4096,402,0.0009323679294037657,6
4096,403,0.0004242807118943759,6
4096,404,0.000508804179115141,6
4096,405,0.0007810528939346251,6
4096,406,0.0010405282632293122,6
4096,407,0.0011521302396655386,9
4096,408,0.0010853591119409922,6
4096,409,0.0008473148696759303,6
4096,410,0.001333435129124566,6
4096,411,0.0010425711732155174,6
4096,412,0.0007791249774552478,6
4096,413,0.0008294881580910296,7
4096,414,0.0009864914841919425,6
4096,415,0.001058146749426031,8
4096,416,0.0011552322017815975,8
4096,417,0.0005387261346753158,8
4096,418,0.001285559121632085,6
4096,419,0.0005817521977454776,6
4096,420,0.0011163343188170805,12
4096,421,0.0009706416975892029,6
4096,422,0.001601860787922571,6
4096,423,0.001654262044369026,10
4096,424,0.0008082704349995362,7
4096,425,0.001268085987604084,6
4096,426,0.0006806753773488938,6
4096,427,0.0008990045461385598,7
4096,428,0.0006601585439860447,6
4096,429,0.0014442049705387372,9
4096,430,0.0012000906540151624,8
4096,431,0.0009414526665307288,6
4096,432,0.001448404981312379,8
4096,433,0.0011533140399457298,10
4096,434,0.0006839000450681865,6
4096,435,0.0008379620606237537,6
4096,436,0.0006924756554925193,7
4096,437,0.0013884100527623566,6
4096,438,0.001395998728298209,7
4096,439,0.0010938035371990118,6
4096,440,0.0014230634529206476,6
4096,441,0.0008380930396487685,6
4096,442,0.0009981391439079224,6
4096,443,0.0009859887552214897,6
4096,444,0.0008536952789520713,6
4096,445,0.0010220195775576535,7
4096,446,0.00072748777200074,6
4096,447,0.0012029414327722199,6
4096,448,0.002097772971720202,10
4096,449,0.0008781638459192109,6
4096,450,0.0013982090941462855,6
4096,451,0.0011543283677700744,8
4096,452,0.0007261549100923137,6
4096,453,0.0012141636215209362,6
4096,454,0.0009974899314355579,6
4096,455,0.0011580000649480393,9
4096,456,0.0010512471336645568,6
4096,457,0.0013742605553771492,6
4096,458,0.0006209584841654348,7
4096,459,0.0009186871751377668,8
4096,460,0.0008425042322623422,8
4096,461,0.0008000456563872216,6
4096,462,0.001560557369579163,6
4096,463,0.0007640477512680377,7
4096,464,0.0007105986792915742,6
4096,465,0.0010193059330312337,6
4096,466,0.0011746663252809597,6
4096,467,0.0010990878628119871,6
4096,468,0.0017164700020023682,6
4096,469,0.001080866501393496,6
4096,470,0.0010722216222947,6
4096,471,0.0008304168371594534,6
4096,472,0.0008886967085974806,9
4096,473,0.0006517816071037741,6
4096,474,0.0012286534899518253,6
4096,475,0.0008689084207736952,6
4096,476,0.0008077561498056607,9
4096,477,0.0008867148632013266,6
4096,478,0.0007464119915552292,6
4096,479,0.001511773259591287,6
4096,480,0.0008667024390864864,9
4096,481,0.0007902152252213801,6
4096,482,0.00047153830337548497,6
4096,483,0.0011860337049440783,7
4096,484,0.0012261305836256398,6
4096,485,0.0009931500001231774,10
4096,486,0.0009769971982952486,6
4096,487,0.0014658192346561627,14
4096,488,0.0011612088497922057,6
4096,489,0.001007330312545407,6
4096,490,0.0004977691636282033,8
4096,491,0.0012470469103554593,6
4096,492,0.0006188796660111517,6
4096,493,0.0012088264804887006,6
4096,494,0.0016893728849511902,6
4096,495,0.0010345525795681376,8
4096,496,0.0009971155133328136,6
4096,497,0.0006574954378221753,6
4096,498,0.001344318896353669,6
4096,499,0.0005941873008552534,6
4096,500,0.0008043478842780782,8
4096,501,0.0013226693890890928,9
4096,502,0.0011700260616257507,7
4096,503,0.001207799265257159,6
4096,504,0.0010069056888142303,6
4096,505,0.0013225188935108712,7
4096,506,0.0011069126833204157,9
4096,507,0.0012664746438471042,12
4096,508,0.0017116277429849447,6
4096,509,0.0007319407971486669,6
4096,510,0.0006524801439485861,8
4096,511,0.0006889830794811758,7
4096,512,0.0010233310113023641,6
4096,513,0.0015282077496260316,6
4096,514,0.0006361661977052346,6
4096,515,0.0011120519857707456,7
4096,516,0.0007175540915053125,7
4096,517,0.0014124197413750705,6
4096,518,0.001005730028783014,9
4096,519,0.0006865123260569872,7
4096,520,0.0007783675983622507,7
4096,521,0.001118056169442494,6
4096,522,0.0012939178825970288,7
4096,523,0.0006525171353815029,6
4096,524,0.0010030341998452652,6
4096,525,0.0012218495768400173,6
4096,526,0.0007863732615989161,6
4096,527,0.000785556067636306,6
4096,528,0.0009283651157432904,6
4096,529,0.0012720449811517431,12
4096,530,0.0008386349827579354,6
4096,531,0.00041497002601842414,6
4096,532,0.001296620404899168,6
4096,533,0.0017063227763082223,6
4096,534,0.0007547372177287848,7
4096,535,0.0009015560968564929,6
4096,536,0.0008271879112436431,6
4096,537,0.0010178464195801373,8
4096,538,0.0008573702427967511,6
4096,539,0.0012319070807642052,6
4096,540,0.0013373696184943995,8
4096,541,0.0007521546133281154,7
4096,542,0.0007381121580835037,6
4096,543,0.0009482768138903142,6
4096,544,0.000572461319427231,6
4096,545,0.0006955227066545167,7
4096,546,0.0008492480276960368,6
4096,547,0.0007543839191783142,6
4096,548,0.000533461704185556,6
4096,549,0.0009388789023742072,6
4096,550,0.0009618706859225723,6
4096,551,0.00101358648462746,6
4096,552,0.0007933997353115618,9
4096,553,0.0017664627833237634,6
4096,554,0.001582600107179033,6
4096,555,0.0015472929947399905,6
4096,556,0.0006589791243607479,6
4096,557,0.0012978036573682017,6
4096,558,0.0006812580598881679,6
4096,559,0.0010929824927963239,8
4096,560,0.001458124352314738,6
4096,561,0.0011588187167537178,8
4096,562,0.0007787048986979683,8
4096,563,0.0011718010629802045,6
4096,564,0.000883819397500929,8
4096,565,0.0017133130962082577,8
4096,566,0.0009758124621742637,9
4096,567,0.001193292063375928,6
4096,568,0.0011140712270665265,6
4096,569,0.0015136962876382831,7
4096,570,0.001034200128442908,6
4096,571,0.0006735465974493371,6
4096,572,0.0007392957070436745,6
4096,573,0.0009342536055029216,6
4096,574,0.0012474934610879895,12
4096,575,0.0010755133144318973,10
4096,576,0.0005922449415731723,7
4096,577,0.0012794310122391517,6
4096,578,0.0006828886167744574,6
4096,579,0.0010124519432117007,6
4096,580,0.0005666374830013421,6
4096,581,0.0009985984093664468,6
4096,582,0.0009455159398081281,6
4096,583,0.0009104117281401036,6
4096,584,0.000911555632101213,7
4096,585,0.0010347551601557203,6
4096,586,0.0007971121157043237,8
4096,587,0.000937266853785812,6
4096,588,0.0005481507650292317,6
4096,589,0.0007953947791559113,6
4096,590,0.0015673111778961024,6
4096,591,0.0010207702043744105,6
4096,592,0.001069448514303989,6
4096,593,0.0006115054242697981,6
4096,594,0.0007674225414550095,6
4096,595,0.0008954473316109546,6
4096,596,0.0013760433982653586,14
4096,597,0.0011191826455777543,7
4096,598,0.0008308880202720914,6
4096,599,0.0011303042756878323,6
4096,600,0.0010867191347239125,13
4096,601,0.0007242335695698543,8
4096,602,0.0009026161088250273,6
4096,603,0.0008278949482500852,6
4096,604,0.0014619981753629663,8
4096,605,0.0014605112424186384,6
4096,606,0.001215436550258464,6
4096,607,0.0011037231414110504,10
4096,608,0.0006230919218397357,6
4096,609,0.0007698071305826115,6
4096,610,0.0012500111370640221,6
4096,611,0.0011726848295151304,6
4096,612,0.000905380501328823,6
4096,613,0.0009547410060842809,7
4096,614,0.001273922749626899,10
4096,615,0.0008451335162630302,9
4096,616,0.0007797196096818726,6
4096,617,0.001534549407418817,6
4096,618,0.0011537558103056345,6
4096,619,0.0006514352438931614,6
4096,620,0.0009281603847484388,6
4096,621,0.0010232529090919984,6
4096,622,0.0006227605083097831,7
4096,623,0.0015241862293683406,6
4096,624,0.0009932514819525062,6
4096,625,0.0009801349101472567,6
4096,626,0.0009093480535086185,6
4096,627,0.0009823197039748877,6
4096,628,0.0010865565835939117,6
4096,629,0.000666970394302191,7
4096,630,0.0009013723799348172,6
4096,631,0.0012852643344172798,9
4096,632,0.0010270838695328743,6
4096,633,0.0010369679182302693,6
4096,634,0.00117475131470135,8
4096,635,0.0007120752050855383,7
4096,636,0.0010337909503493337,7
4096,637,0.0008596440003896255,9
4096,638,0.0007499063396879668,6
4096,639,0.0010868668854605579,6
4096,640,0.0008435589437242319,6
4096,641,0.0005760613001853931,6
4096,642,0.000632936870152645,6
4096,643,0.001112384911498454,8
4096,644,0.0014676016807858017,6
4096,645,0.0012348746991737158,10
4096,646,0.0009938080353052714,10
4096,647,0.001173779724734203,6
4096,648,0.0012651356966536242,8
4096,649,0.0007244415097283907,6
4096,650,0.0006908762756238085,6
4096,651,0.000971424704538093,6
4096,652,0.0011015699873918594,10
4096,653,0.0007934993839527893,6
4096,654,0.0007735068746407558,6
4096,655,0.001020938230889945,7
4096,656,0.001502756183009546,6
4096,657,0.0010455553797632522,6
4096,658,0.0011148262129652142,6
4096,659,0.0012530676098414517,8
4096,660,0.00044075681788235954,6
4096,661,0.001056123073644999,6
4096,662,0.00080344192667961,6
4096,663,0.0010518629843731253,6
4096,664,0.0012977602641003338,7
4096,665,0.0007759942510197071,6
4096,666,0.0011533980900347296,12
4096,667,0.0011014845493336756,9
4096,668,0.0005104147105156609,6
4096,669,0.0009395015307342991,7
4096,670,0.0006843242019596296,6
4096,671,0.0011988495323624893,6
4096,672,0.0011498420563127443,8
4096,673,0.0013361439485947146,6
4096,674,0.0013046289838773706,6
4096,675,0.0011760611557938838,8
4096,676,0.000869441336824206,6
4096,677,0.000681280971694509,6
4096,678,0.001227217290835303,6
4096,679,0.0006523143826786537,8
4096,680,0.001032748418267504,9
4096,681,0.001161632546959196,6
4096,682,0.0010594908984284945,6
4096,683,0.0006802223821957831,7
4096,684,0.001303994587364743,6
4096,685,0.0010075975128148729,6
4096,686,0.0007132537497358538,6
4096,687,0.0010424289786887808,7
4096,688,0.0010055760354178434,6
4096,689,0.0010175396102070078,6
4096,690,0.001506959892787818,6
4096,691,0.0010695431938246847,6
4096,692,0.0009798163549666894,6
4096,693,0.001056324722098656,6
4096,694,0.0012368258317013714,7
4096,695,0.0014986925250525251,6
4096,696,0.0011745040348346558,7
4096,697,0.001142583643153977,6
4096,698,0.001416603439802322,13
4096,699,0.00131470957558244,12
4096,700,0.0011192236553487778,6
4096,701,0.0014865430739201546,10
4096,702,0.0009873781688275463,6
4096,703,0.000851039718750668,6
4096,704,0.0009647828843788453,6
4096,705,0.0011496708506252284,6
4096,706,0.001404706633808095,6
4096,707,0.0011272271529815248,6
4096,708,0.0011085368880064395,8
4096,709,0.0010835011957449625,6
4096,710,0.0007580063661495329,6
4096,711,0.00130026771373426,12
4096,712,0.0015224582145682009,6
4096,713,0.0006610604175687484,7
4096,714,0.000967710790881704,6
4096,715,0.0011566007404472112,6
4096,716,0.0004809964567549785,6
4096,717,0.0008628579435863148,7
4096,718,0.001119282418865164,8
4096,719,0.0005353537821874421,6
4096,720,0.0011558814647745774,7
4096,721,0.0014727729521181177,6
4096,722,0.0015381432466903266,15
4096,723,0.0014562326534732217,9
4096,724,0.001072571758492069,7
4096,725,0.001001890183545684,6
4096,726,0.0006293151609858549,7
4096,727,0.0013417076559850694,6
4096,728,0.0011193064594655633,6
4096,729,0.0009991267293328887,6
4096,730,0.001089973659141097,6
4096,731,0.0011227400466740922,7
4096,732,0.0010368324299309117,6
4096,733,0.0008298575924987617,6
4096,734,0.0012558246347050828,14
4096,735,0.0010329388310625909,7
4096,736,0.0010335678926460812,6
4096,737,0.0005479958029327436,6
4096,738,0.0011869301483412587,6
4096,739,0.0007150930413795109,6
4096,740,0.0015087408867535679,12
4096,741,0.0005813254439195337,6
4096,742,0.0010767031657760717,6
4096,743,0.0007559934396947909,6
4096,744,0.001205575355899935,10
4096,745,0.0007720868525640245,6
4096,746,0.0010378371867644232,6
4096,747,0.0008419123605705459,7
4096,748,0.0009718067548275533,6
4096,749,0.0014410238960809174,6
4096,750,0.0008422480295794399,6
4096,751,0.0014054685748642881,6
4096,752,0.0008468520878488206,7
4096,753,0.0009665319873011224,6
4096,754,0.0010086936923495715,6
4096,755,0.0008711645920467248,6
4096,756,0.0008628789823912908,8
4096,757,0.0008195318491021619,6
4096,758,0.001123726242138967,6
4096,759,0.0011628458199536285,6
4096,760,0.0005687602428738892,6
4096,761,0.0008151102851323699,7
4096,762,0.0006460969205306366,6
4096,763,0.0009344907532027324,6
4096,764,0.0009095459012536389,6
4096,765,0.001012638481655448,6
4096,766,0.001463336537266935,6
4096,767,0.0012651091485549326,6
4096,768,0.000914412329801717,6
4096,769,0.0009439987722799081,6
4096,770,0.0009538618219964712,7
4096,771,0.0008093495498261438,6
4096,772,0.0011014522754244638,7
4096,773,0.0010250641137594663,7
4096,774,0.001167562993769744,7
4096,775,0.0010890306292645757,6
4096,776,0.0012269824267343576,6
4096,777,0.0006392872192494403,6
4096,778,0.0015084730557779757,6
4096,779,0.0012796893636640716,8
4096,780,0.0011572617575930089,11
4096,781,0.0007377540364478241,6
4096,782,0.0011403974111670045,6
4096,783,0.0009903099238035562,6
4096,784,0.001183255092692792,6
4096,785,0.0006783533137005304,6
4096,786,0.0008982413754330398,7
4096,787,0.0005449214268476998,6
4096,788,0.0006276898180376245,6
4096,789,0.0007348883547292351,6
4096,790,0.001396252810281079,7
4096,791,0.0006224542620862916,6
4096,792,0.0007024261244965302,6
4096,793,0.0010938648678290308,8
4096,794,0.0006952919650362599,6
4096,795,0.0008520442588942356,6
4096,796,0.0008718444915611911,7
4096,797,0.0009399814984555332,6
4096,798,0.0014103122535643609,15
4096,799,0.0008286271574315385,6
4096,800,0.0009879841402367084,6
4096,801,0.0010339445705369599,8
4096,802,0.0009352639022195963,6
4096,803,0.0008886119657602887,6
4096,804,0.0007711090279550747,6
4096,805,0.0009228209277620802,8
4096,806,0.0008443034401787175,6
4096,807,0.001027184360772232,6
4096,808,0.000655658982934515,6
4096,809,0.0006690357011364112,6
4096,810,0.0018043198731266807,12
4096,811,0.0009550246707150656,6
4096,812,0.0012285669697801316,6
4096,813,0.0012143833030004991,7
4096,814,0.0008973285865802039,6
4096,815,0.000977886895557556,6
4096,816,0.0012086408465471488,6
4096,817,0.0014327806808099863,6
4096,818,0.0008087365499167554,7
4096,819,0.0009440997887799618,6
4096,820,0.001290128409572433,6
4096,821,0.0013675918816751231,6
4096,822,0.0011381641012288002,6
4096,823,0.0015454597523593128,6
4096,824,0.0008170466425108103,7
4096,825,0.0012732652491003194,11
4096,826,0.0011455976645076138,6
4096,827,0.0007915517071080957,6
4096,828,0.0009357591734802106,6
4096,829,0.001633502154555655,6
4096,830,0.0007522316891844794,6
4096,831,0.0010281769624169157,6
4096,832,0.0009558457543561438,6
4096,833,0.000813567523833103,6
4096,834,0.001290365639136537,6
4096,835,0.001169460702023506,8
4096,836,0.0010622376376293596,8
4096,837,0.0012086941816964458,6
4096,838,0.0013804927316782845,6
4096,839,0.0005503410588323376,6
4096,840,0.0009752656083475975,8
4096,841,0.0010054554513654335,6
4096,842,0.0008251448153558383,6
4096,843,0.0006858928922150176,6
4096,844,0.0009599320027392499,6
4096,845,0.000820587342340029,6
4096,846,0.0014138609602549757,7
4096,847,0.001212659502246971,7
4096,848,0.0005165736961619816,6
4096,849,0.0007134241038179168,6
4096,850,0.0010056382380609907,6
4096,851,0.0010354119114981963,9
4096,852,0.0007741875158401301,6
4096,853,0.001379207876212929,9
4096,854,0.0012558135998420594,6
4096,855,0.0011437467838938398,6
4096,856,0.0008274658331631768,6
4096,857,0.0013521489385805996,9
4096,858,0.0015046970590057995,6
4096,859,0.0012162886678029894,6
4096,860,0.0012009398556898088,6
4096,861,0.0013096526937925734,7
4096,862,0.0007283812069099338,7
4096,863,0.0006685017246749192,6
4096,864,0.0012031885845453782,6
4096,865,0.0005257601057052641,7
4096,866,0.0010402092916825811,6
4096,867,0.0016417256936755997,6
4096,868,0.0009674887322403958,6
4096,869,0.00048367771495877454,6
4096,870,0.0008638942435825747,6
4096,871,0.0007439473774579763,7
4096,872,0.0010901511154209897,8
4096,873,0.0005402172645606607,6
4096,874,0.000775877759662591,7
4096,875,0.001312133674004401,7
4096,876,0.0007630766970631586,7
4096,877,0.001002382578044525,6
4096,878,0.0009327218374327595,6
4096,879,0.0010500698251338092,7
4096,880,0.0008300365989806213,6
4096,881,0.0007666700878645738,6
4096,882,0.0013546858558444175,10
4096,883,0.0008482323524418023,6
4096,884,0.0008414503177275323,6
4096,885,0.0008421471753002896,6
4096,886,0.0005803592821462811,6
4096,887,0.0012279596618397504,7
4096,888,0.0010036538683378948,6
4096,889,0.0006870305622898032,6
4096,890,0.001021893324433254,6
4096,891,0.0007058288728422624,7
4096,892,0.0014081945749178093,6
4096,893,0.0013063722351421558,12
4096,894,0.0006662695736595614,7
4096,895,0.0004464361709374254,6
4096,896,0.0009606238471318029,6
4096,897,0.0011503022637087135,8
4096,898,0.0012629287600217642,7
4096,899,0.0007045174684163769,6
4096,900,0.0009591937289250008,6
4096,901,0.0005008123860194003,6
4096,902,0.0012577791130326532,7
4096,903,0.001486081297218167,8
4096,904,0.0007164692498109471,6
4096,905,0.0011688762338344372,7
4096,906,0.0008835682836556558,8
4096,907,0.0016588717493599692,6
4096,908,0.0010306566599894706,6
4096,909,0.0011968192227849173,6
4096,910,0.0011112597731056661,6
4096,911,0.0008073267528725392,6
4096,912,0.0008907049815153334,7
4096,913,0.000976065682886218,6
4096,914,0.0012538856610899707,6
4096,915,0.000555942251102115,8
4096,916,0.0008704666303468445,6
4096,917,0.001401992122999851,10
4096,918,0.001572132425799122,6
4096,919,0.0006176356789080462,7
4096,920,0.0009667527267669951,7
4096,921,0.0005683713642274935,8
4096,922,0.0007652283502402879,6
4096,923,0.000604757885856233,6
4096,924,0.0013890328502449423,8
4096,925,0.0012608630487619399,6
4096,926,0.0014451908878048147,10
4096,927,0.0010063468472210069,6
4096,928,0.0008367283049994789,6
4096,929,0.0019340330108555959,6
4096,930,0.0007882509129559789,6
4096,931,0.0013970806723843099,6
4096,932,0.0013032351968451095,6
4096,933,0.0007055772513653857,7
4096,934,0.0008414094185496268,6
4096,935,0.0010445804356177257,6
4096,936,0.0014376148802019983,11
4096,937,0.0007831295790586834,6
4096,938,0.0012571904692045832,6
4096,939,0.001344366133552377,18
4096,940,0.0005080219051324386,6
4096,941,0.0006886394798535367,6
4096,942,0.0010542934071372523,6
4096,943,0.0005507243095642655,8
4096,944,0.0009327377828551309,6
4096,945,0.000782560793967213,6
4096,946,0.0007606572649687671,6
4096,947,0.0006551872743522091,6
4096,948,0.0011654820219577644,11
4096,949,0.0006039509861388015,6
4096,950,0.0013799188957747122,9
4096,951,0.0007755580108349536,7
4096,952,0.0015419981862077048,8
4096,953,0.0009388174522338977,7
4096,954,0.000836736641963931,6
4096,955,0.0007015665550899053,6
4096,956,0.0010858908661889322,7
4096,957,0.0007116350947146688,6
4096,958,0.0008610968434089594,6
4096,959,0.001404274898859803,6
4096,960,0.0010461431615944594,8
4096,961,0.0005637418388273474,8
4096,962,0.0007363378987017555,6
4096,963,0.0011965683926476456,6
4096,964,0.0009439978255797454,6
4096,965,0.0010107787634095478,6
4096,966,0.0011522458604106278,6
4096,967,0.0006794244513963488,6
4096,968,0.00106241313840294,6
4096,969,0.0008931099592673908,6
4096,970,0.0010116253064265113,6
4096,971,0.0006235977284007044,6
4096,972,0.0007414849182233452,6
4096,973,0.000543053771656643,6
4096,974,0.0010217187486400992,6
4096,975,0.000893635535983095,6
4096,976,0.0010683716873410853,6
4096,977,0.0008346945789697857,6
4096,978,0.0010132667039308707,6
4096,979,0.0010750065608442494,8
4096,980,0.0006729948078567638,6
4096,981,0.0011916504071483591,7
4096,982,0.0016199723250235332,6
4096,983,0.0010169249330967967,6
4096,984,0.0010014095895236608,6
4096,985,0.0008117541098645598,6
4096,986,0.0007922766534957659,8
4096,987,0.0007211449175492657,6
4096,988,0.000972057393646808,6
4096,989,0.0008193685085763347,7
4096,990,0.001350485049076311,6
4096,991,0.0007869685290258221,6
4096,992,0.0010606329898561195,6
4096,993,0.0009552673320472049,11
4096,994,0.0009035333540702295,6
4096,995,0.0003578973737090596,6
4096,996,0.0010031296598737027,6
4096,997,0.0005352124905712574,6
4096,998,0.0007294326516948946,6
4096,999,0.001089882867670311,7
4096,1000,0.0010162135283153795,8
4096,1001,0.0008100422710180522,6
4096,1002,0.0008968178785022651,6
4096,1003,0.0009081133584106504,10
4096,1004,0.0012021696313591623,6
4096,1005,0.0006843912375350536,6
4096,1006,0.0008370600930023286,6
4096,1007,0.0007322811798037288,7
4096,1008,0.0013435464743735137,6
4096,1009,0.0007215499057030561,6
4096,1010,0.0013817412089633108,7
4096,1011,0.0006809425781517664,6
4096,1012,0.0006091167660489116,6
4096,1013,0.0013130413925431794,6
4096,1014,0.0010240771983177632,6
4096,1015,0.0006902522912783648,6
4096,1016,0.0013762686594733786,10
4096,1017,0.0010115433524624518,6
4096,1018,0.0007521916412147611,6
4096,1019,0.0008658245346631066,6
4096,1020,0.0010732434211607744,11
4096,1021,0.0008344933875715776,6
4096,1022,0.0012380733914028608,7
4096,1023,0.0011055702157738434,6
4096,1024,0.0008396718856975571,8
4096,1025,0.001275574434215554,6
4096,1026,0.0007296969993716429,6
4096,1027,0.0006861826696928919,6
4096,1028,0.0012346357771220173,6
4096,1029,0.000693085266686766,6
4096,1030,0.001316452457703926,8
4096,1031,0.0011380702337869808,6
4096,1032,0.0010727068981533083,7
4096,1033,0.0007071225772933842,7
4096,1034,0.0008948321080107513,7
4096,1035,0.0016471132666812105,8
4096,1036,0.0005871995154290155,7
4096,1037,0.0013519832702062473,6
4096,1038,0.0005671016910564486,6
4096,1039,0.0007910957379431149,6
4096,1040,0.0009607224511436474,6
4096,1041,0.0007040017632799489,6
4096,1042,0.0013242153170751614,9
4096,1043,0.0015720736628322962,6
4096,1044,0.0016688636880366758,8
4096,1045,0.0010195854068973942,6
4096,1046,0.0009743629924932606,7
4096,1047,0.0008788436392038745,6
4096,1048,0.0013422050002630526,8
4096,1049,0.0011864641086283267,6
4096,1050,0.000702064407184122,6
4096,1051,0.000824360912843769,6
4096,1052,0.001159511335245278,6
4096,1053,0.0007407125116090096,6
4096,1054,0.0008246859566330977,7
4096,1055,0.0013570408775768344,16
4096,1056,0.0005710101170303128,6
4096,1057,0.000794535708729116,6
4096,1058,0.0007617029809015019,6
4096,1059,0.0008155396536612125,6
4096,1060,0.0010593921297901154,7
4096,1061,0.000910387305745386,10
4096,1062,0.0009481748559611036,6
4096,1063,0.0008813925960187152,6
4096,1064,0.0009926534026000189,7
4096,1065,0.0008338747155118842,6
4096,1066,0.0008379392444858302,6
4096,1067,0.0007315287794316117,6
4096,1068,0.0017359608597699028,10
4096,1069,0.000812693861321323,6
4096,1070,0.0008263790692879525,6
4096,1071,0.0007512914032230256,7
4096,1072,0.0011099639576364062,6
4096,1073,0.0009816527963202315,6
4096,1074,0.0011246837552044697,6
4096,1075,0.000921027510067729,7
4096,1076,0.0013437280916749617,8
4096,1077,0.0007284721197506894,6
4096,1078,0.001152974763680592,6
4096,1079,0.0009600692301706681,7
4096,1080,0.0008489533940116978,6
4096,1081,0.0010426875963887028,8
4096,1082,0.0010240958014311463,6
4096,1083,0.0014068328145581122,6
4096,1084,0.0010659121754246215,6
4096,1085,0.0010540424464173803,11
4096,1086,0.0010800237199541929,6
4096,1087,0.0010346273390264837,7
4096,1088,0.0005976247560398606,6
4096,1089,0.0008889523891927875,7
4096,1090,0.0010732389331103986,6
4096,1091,0.0005187106281421272,6
4096,1092,0.0012227306852548026,10
4096,1093,0.0009409051736621876,6
4096,1094,0.0011821138670269349,10
4096,1095,0.0008491446271198244,10
4096,1096,0.0008579779233947871,6
4096,1097,0.0008927592126265482,6
4096,1098,0.0014690916957483813,9
4096,1099,0.0011222315650644132,6
4096,1100,0.0020043733238880312,6
4096,1101,0.001591308656751944,6
4096,1102,0.0010204395784506604,10
4096,1103,0.0012040363853823566,6
4096,1104,0.0011319161529583233,6
4096,1105,0.0018043098293003546,18
4096,1106,0.0009904693768750805,6
4096,1107,0.000914482996132282,6
4096,1108,0.0013558760600625996,6
4096,1109,0.0008533673876158776,6
4096,1110,0.0009395164954708601,6
4096,1111,0.001177652595808154,6
4096,1112,0.001152162407017543,6
4096,1113,0.0012566223242611585,10
4096,1114,0.0008951757965995899,6
4096,1115,0.0006322740358871703,6
4096,1116,0.0010858524921183443,6
4096,1117,0.0007985866711194278,7
4096,1118,0.0011840685773988335,6
4096,1119,0.0006640105334965174,6
4096,1120,0.001050166625944704,6
4096,1121,0.0007736745060670236,6
4096,1122,0.0005811376175068883,6
4096,1123,0.0012797390114245855,11
4096,1124,0.0008328520688846153,6
4096,1125,0.0010955774652507966,9
4096,1126,0.0007048905726307897,6
4096,1127,0.0006284933581730545,7
4096,1128,0.0010629389591920724,9
4096,1129,0.001146542890979596,6
4096,1130,0.0015565317474136586,6
4096,1131,0.0006818063413541742,9
4096,1132,0.0009248929077420587,6
4096,1133,0.0009703714282708886,7
4096,1134,0.0005429535825474119,6
4096,1135,0.0009103666445798853,7
4096,1136,0.0006984952142579659,6
4096,1137,0.0016141964432008216,6
4096,1138,0.0015863810425428282,6
4096,1139,0.0006463512162365737,9
4096,1140,0.00112141857103365,7
4096,1141,0.0007323201331321805,9
4096,1142,0.0009257595189502976,6
4096,1143,0.0008005652898981364,6
4096,1144,0.001047421354852529,10
4096,1145,0.0007557817769454633,6
4096,1146,0.0011411958661842747,8
4096,1147,0.001169904626256879,8
4096,1148,0.000471458554140769,6
4096,1149,0.0011366709478446424,8
4096,1150,0.0008670373876333848,6
4096,1151,0.001125202542128334,6
4096,1152,0.0012013748629923215,6
4096,1153,0.0011982532175640603,6
4096,1154,0.0015451161287681758,6
4096,1155,0.0008188535058597513,6
4096,1156,0.001037964656745216,6
4096,1157,0.0014619322038208482,6
4096,1158,0.0016185132657865475,6
4096,1159,0.0006223841013967002,6
4096,1160,0.0009379111609030266,7
4096,1161,0.0007798677750892324,6
4096,1162,0.0007631104214271822,6
4096,1163,0.0009656359549762294,6
4096,1164,0.0006327599430123731,6
4096,1165,0.0013043255759681016,6
4096,1166,0.0011859589254271663,6
4096,1167,0.0009001648238799453,6
4096,1168,0.0005702924177953816,6
4096,1169,0.001200861581279522,11
4096,1170,0.000956651760896432,6
4096,1171,0.0010376215729068772,6
4096,1172,0.001246492949501521,6
4096,1173,0.0006226650503597941,6
4096,1174,0.0004365444617560055,6
4096,1175,0.001004057905208744,6
4096,1176,0.0007834478434722847,6
4096,1177,0.0008056466119584771,6
4096,1178,0.0013469361950824155,6
4096,1179,0.0009435974595369823,6
4096,1180,0.0007655206836093553,6
4096,1181,0.0011540220098978926,6
4096,1182,0.0008771229989126272,9
4096,1183,0.0007410728329138028,6
4096,1184,0.0008605648279276235,6
4096,1185,0.0006538570610024053,6
4096,1186,0.0009555057624893726,6
4096,1187,0.0009231974386277875,7
4096,1188,0.0011863198386012075,7
4096,1189,0.0013206923593530595,6
4096,1190,0.0010135667525725256,6
4096,1191,0.0006393507945982035,6
4096,1192,0.0009058594828215139,6
4096,1193,0.0006266172710267526,6
4096,1194,0.0009652929529513354,6
4096,1195,0.0007608041465265725,7
4096,1196,0.0007326513429228854,7
4096,1197,0.0009721587740157966,6
4096,1198,0.0006120371689404824,7
4096,1199,0.0010058753160991918,6
4096,1200,0.000891702545491091,6
4096,1201,0.0011782145600005567,11
4096,1202,0.0009664329824498052,6
4096,1203,0.0012658348134029773,6
4096,1204,0.001230606713546356,6
4096,1205,0.001010697655239312,6
4096,1206,0.0007560351939086551,6
4096,1207,0.0008210730175620129,6
4096,1208,0.0011463484822388237,6
4096,1209,0.0013589163167267437,6
4096,1210,0.0006944872219445397,6
4096,1211,0.001416069290354205,7
4096,1212,0.0006519242405192971,7
4096,1213,0.0014861419230483564,6
4096,1214,0.0005418741501673763,7
4096,1215,0.001033343575839174,6
4096,1216,0.0006609243647541507,6
4096,1217,0.0007759506969724494,6
4096,1218,0.0008443389739178908,6
4096,1219,0.0004978402553036942,6
4096,1220,0.0012017029677752755,6
4096,1221,0.0006688762940058046,6
4096,1222,0.0007510951613840522,6
4096,1223,0.0008641165711626986,6
4096,1224,0.0009320028466980324,6
4096,1225,0.0014900830691693123,6
4096,1226,0.001561523869287318,7
4096,1227,0.0012159123887393042,6
4096,1228,0.0009421048704287838,6
4096,1229,0.001061363533779669,7
4096,1230,0.0010951402114934838,7
4096,1231,0.0016996958430494091,13
4096,1232,0.001571661578888106,6
4096,1233,0.0011338966010780993,6
4096,1234,0.0008874837843713124,6
4096,1235,0.0006646351284980145,6
4096,1236,0.0009951578478997192,6
4096,1237,0.0007439340377703996,6
4096,1238,0.0009591960172808112,6
4096,1239,0.0013923405923882415,14
4096,1240,0.0011373248560082594,6
4096,1241,0.001097148244751156,7
4096,1242,0.0003748505052697526,6
4096,1243,0.0016879341092782552,6
4096,1244,0.0006914390692932537,6
4096,1245,0.0014710681339603626,6
4096,1246,0.0007893033008503636,7
4096,1247,0.0007109857411596865,6
4096,1248,0.0007259762943532255,8
4096,1249,0.0008883397154769712,6
4096,1250,0.0009099593379688908,6
4096,1251,0.0006581217379706961,6
4096,1252,0.0010688895860460623,7
4096,1253,0.001184764974863417,9
4096,1254,0.001351271470990234,6
4096,1255,0.000999397921595424,9
4096,1256,0.0008518770735724823,6
4096,1257,0.0014273817610390704,9
4096,1258,0.0007351085494565757,6
4096,1259,0.00101899956909543,6
4096,1260,0.0005550269308651767,7
4096,1261,0.0014438938264793588,6
4096,1262,0.0009878581138087483,6
4096,1263,0.0013870159975802876,6
4096,1264,0.0007414595287691395,6
4096,1265,0.0009235216871911478,6
4096,1266,0.0009660921709817583,6
4096,1267,0.001411602905400322,6
4096,1268,0.0006964168259558923,7
4096,1269,0.0008645327662456515,6
4096,1270,0.0008569034658382768,7
4096,1271,0.0009749921696060593,6
4096,1272,0.0008079371717317763,6
4096,1273,0.0010349422045401457,6
4096,1274,0.0005304876911518264,6
4096,1275,0.0010233131548752494,6
4096,1276,0.0008361107869164774,6
4096,1277,0.00073968733595553,6
4096,1278,0.0010028235815293662,6
4096,1279,0.0012179013565936092,6
4096,1280,0.0007827407048504043,6
4096,1281,0.0015212228223366875,8
4096,1282,0.00040378264029683475,6
4096,1283,0.0012561508181957448,9
4096,1284,0.001143340899767753,6
4096,1285,0.0008078416565857338,6
4096,1286,0.001202177331390386,11
4096,1287,0.000781911984769651,6
4096,1288,0.0007104296114537334,6
4096,1289,0.0008569507258922027,6
4096,1290,0.0009832522934904997,6
4096,1291,0.001090777416737354,6
4096,1292,0.0009467262436658741,6
4096,1293,0.0008887606748658738,6
4096,1294,0.0008482861521799667,6
4096,1295,0.0008759541259694137,6
4096,1296,0.0008898158285348678,6
4096,1297,0.0009818332029158938,6
4096,1298,0.0009477687100603038,6
4096,1299,0.0010968502291601734,6
4096,1300,0.0012961204461686693,6
4096,1301,0.0008679703753499135,6
4096,1302,0.000685158511696371,6
4096,1303,0.0009460447950970785,6
4096,1304,0.001072745216275095,6
4096,1305,0.0011065255181035294,8
4096,1306,0.0008280757077812062,6
4096,1307,0.0007843203201567395,6
4096,1308,0.001039180905128223,6
4096,1309,0.001319442630039358,6
4096,1310,0.0011936370174068234,6
4096,1311,0.0009869388092096365,8
4096,1312,0.0008311834687001474,6
4096,1313,0.001472359870225315,8
4096,1314,0.0004569910440426206,6
4096,1315,0.0011100188049260051,6
4096,1316,0.0007322954286370087,7
4096,1317,0.001066971110899484,6
4096,1318,0.0008258602855781838,8
4096,1319,0.001143936261263634,6
4096,1320,0.0007686852675570233,7
4096,1321,0.0007081018924668669,6
4096,1322,0.0009491069828083676,6
4096,1323,0.0010376282132088521,6
4096,1324,0.0014895259900213342,6
4096,1325,0.0014228570530550044,11
4096,1326,0.0009472452134047238,6
4096,1327,0.0012112601925565736,9
4096,1328,0.0007427119371863355,8
4096,1329,0.0012247090981505337,6
4096,1330,0.0011743270817812235,8
4096,1331,0.0012447215539184153,8
4096,1332,0.0006474883271967435,6
4096,1333,0.0007853674129942867,7
4096,1334,0.0008581912048792883,6
4096,1335,0.0006963368301380335,6
4096,1336,0.001250901560728379,6
4096,1337,0.001326334045045674,6
4096,1338,0.0008730450258600531,6
4096,1339,0.0015726472377937117,6
4096,1340,0.0009454608065605496,8
4096,1341,0.0007497491741162987,6
4096,1342,0.00043626791352435745,6
4096,1343,0.0011364822948626285,6
4096,1344,0.0010182300131835742,10
4096,1345,0.0006283122452395151,6
4096,1346,0.001331001940833354,6
4096,1347,0.0007435930126644119,6
4096,1348,0.0010348671035065315,6
4096,1349,0.0008012981693585886,9
4096,1350,0.0014715194454719693,6
4096,1351,0.001130954346322488,6
4096,1352,0.001285099261255307,6
4096,1353,0.0009487801665174489,6
4096,1354,0.001014047807864682,6
4096,1355,0.0011424504829488091,6
4096,1356,0.000833500304373791,7
4096,1357,0.0006027374318068324,7
4096,1358,0.001051372325028721,6
4096,1359,0.0007704393256297015,7
4096,1360,0.0012531722563003944,6
4096,1361,0.0013106502960757993,6
4096,1362,0.0011158402547060409,6
4096,1363,0.0012926446618590492,6
4096,1364,0.0010287450468539627,6
4096,1365,0.0011538621749823674,6
4096,1366,0.0010973970736393168,7
4096,1367,0.0007246520942777723,6
4096,1368,0.0011895099544571852,10
4096,1369,0.0005813617154926953,7
4096,1370,0.0007495194764322033,6
4096,1371,0.0013239294617874986,6
4096,1372,0.0013079132730319243,6
4096,1373,0.0009288229541874471,7
4096,1374,0.0015227175322605202,7
4096,1375,0.0014156264732112511,6
4096,1376,0.001169696866046177,6
4096,1377,0.00041464088804343824,6
4096,1378,0.0008961515137484444,6
4096,1379,0.001211437826580064,8
4096,1380,0.001279470637965796,6
4096,1381,0.0009262753036755056,6
4096,1382,0.0007114815767070848,6
4096,1383,0.0010968036478786747,6
4096,1384,0.001545942371025899,8
4096,1385,0.0006349499184369334,6
4096,1386,0.0007540498565447029,8
4096,1387,0.0011513870652615221,6
4096,1388,0.0007121415082251836,6
4096,1389,0.0012004670739724776,9
4096,1390,0.0008086336726721433,7
4096,1391,0.0009802504011758861,6
4096,1392,0.0007340012013340447,6
4096,1393,0.0007425936089050234,7
4096,1394,0.0009873066715601064,6
4096,1395,0.0010732367103664098,8
4096,1396,0.0012980461139923127,8
4096,1397,0.001358068934736223,6
4096,1398,0.0006886596884082552,6
4096,1399,0.0011689810100578013,6
4096,1400,0.0009230328165590329,7
4096,1401,0.001106721803045746,6
4096,1402,0.0012203690778155307,8
4096,1403,0.0015197543964083904,6
4096,1404,0.0008178153718135794,6
4096,1405,0.0011432141117736494,6
4096,1406,0.0009511111450041798,6
4096,1407,0.0012154519823807108,6
4096,1408,0.001407779564921996,6
4096,1409,0.0006973590393129225,7
4096,1410,0.0011008929063454076,6
4096,1411,0.0007959674172740572,7
4096,1412,0.0008347459513042832,6
4096,1413,0.0009807232030690782,6
4096,1414,0.0009061085933786961,7
4096,1415,0.0006861740467573041,7
4096,1416,0.0012501208239357187,6
4096,1417,0.0007555852517593387,7
4096,1418,0.0009137439083808374,6
4096,1419,0.0010735043956210388,6
4096,1420,0.000803544001952039,7
4096,1421,0.0010719127066438905,6
4096,1422,0.0009413159745167432,6
4096,1423,0.0013383925267296815,7
4096,1424,0.000751293386634988,7
4096,1425,0.0006040009377069888,7
4096,1426,0.0013066175162881333,8
4096,1427,0.0008886264173795788,6
4096,1428,0.0010716115904680912,6
4096,1429,0.0016396541163414824,6
4096,1430,0.0010178524933319721,10
4096,1431,0.0006579633402820639,6
4096,1432,0.0009643815995786786,9
4096,1433,0.000429360441047244,6
4096,1434,0.0013720058719263184,6
4096,1435,0.0013150713240362988,6
4096,1436,0.00045159136542083367,8
4096,1437,0.0006930114006440391,6
4096,1438,0.000553311525989586,6
4096,1439,0.0010973603862068915,6
4096,1440,0.0009148966974780182,7
4096,1441,0.0009402762240811047,6
4096,1442,0.0013485485222446414,10
4096,1443,0.0005960994921927476,6
4096,1444,0.0007634203061759326,6
4096,1445,0.0016180608752615344,7
4096,1446,0.0010647262778654687,6
4096,1447,0.0012752202174858285,7
4096,1448,0.0018699459962887577,6
4096,1449,0.001425331191857837,8
4096,1450,0.0010029808801370055,6
4096,1451,0.0012304961464444375,6
4096,1452,0.0008751538323175101,7
4096,1453,0.0007409151607626896,7
4096,1454,0.0012049854707524288,10
4096,1455,0.0006278225135893933,6
4096,1456,0.0009816999526009451,6
4096,1457,0.0012686535831792911,6
4096,1458,0.0009995713700807207,6
4096,1459,0.0013750272276253916,6
4096,1460,0.0012491311315031561,6
4096,1461,0.0012374199564512134,10
4096,1462,0.00112238141050236,6
4096,1463,0.0014855832931796598,9
4096,1464,0.001167493033958411,7
4096,1465,0.0006084947038156319,6
4096,1466,0.000733684617426178,6
4096,1467,0.0009352887513456309,9
4096,1468,0.0005581542756923907,7
4096,1469,0.0010104080047098618,8
4096,1470,0.0009107473920227926,6
4096,1471,0.0009127901129475369,6
4096,1472,0.0004865748015469018,6
4096,1473,0.0007703472485317553,7
4096,1474,0.0009545404033299842,6
4096,1475,0.0007580651940709004,8
4096,1476,0.0009362310714614575,6
4096,1477,0.0009530443730142446,9
4096,1478,0.0008850854756780047,6
4096,1479,0.001365881702712679,6
4096,1480,0.0007975869208836084,6
4096,1481,0.0011533552117778956,7
4096,1482,0.0007932175491962568,7
4096,1483,0.0009176428082289245,7
4096,1484,0.0015885281096846837,8
4096,1485,0.0012537001159892425,9
4096,1486,0.0007335847928948702,6
4096,1487,0.0007264316637750623,6
4096,1488,0.0013680997793358296,8
4096,1489,0.0007792476348688071,6
4096,1490,0.0008155934633604645,6
4096,1491,0.000760565059722329,7
4096,1492,0.0009298839719884544,6
4096,1493,0.0012765660332525464,6
4096,1494,0.0007111938052695166,6
4096,1495,0.0009336729613395045,6
4096,1496,0.0015230035469770975,6
4096,1497,0.0014554006617010229,6
4096,1498,0.0010626817284013212,6
4096,1499,0.0009246808237585169,6
4096,1500,0.000723581802952844,6
4096,1501,0.001385242271453313,6
4096,1502,0.0007113599039905161,7
4096,1503,0.001298873330967204,6
4096,1504,0.00087817709881155,12
4096,1505,0.0009223924506925885,6
4096,1506,0.0007293521111039203,6
4096,1507,0.0009343481581704782,7
4096,1508,0.001118886934238339,6
4096,1509,0.0013610656433207247,6
4096,1510,0.0009543088995435101,6
4096,1511,0.0008890262850387298,6
4096,1512,0.0012532392968785944,12
4096,1513,0.0012470147072261295,6
4096,1514,0.0008143900773674995,6
4096,1515,0.0014705098385723314,6
4096,1516,0.0014370097290306583,10
4096,1517,0.0008375427155250248,7
4096,1518,0.0009436594981336865,6
4096,1519,0.0007310429097078797,6
4096,1520,0.0011806855816177686,6
4096,1521,0.0011000039065311995,6
4096,1522,0.0006947647129531553,6
4096,1523,0.0008151570514020601,8
4096,1524,0.0010209639091168787,6
4096,1525,0.0008943679328788368,6
4096,1526,0.0012494635060020243,6
4096,1527,0.0013137935616053253,7
4096,1528,0.0009972621540210724,9
4096,1529,0.0010769040235200644,6
4096,1530,0.0015864855824735402,9
4096,1531,0.0009217436752363417,9
4096,1532,0.0009545619368821479,8
4096,1533,0.0007922810092949595,6
4096,1534,0.0012140581611490564,7
4096,1535,0.0009621322655418707,6
4096,1536,0.0007519285780425156,6
4096,1537,0.0008590383816995395,6
4096,1538,0.000860005727133184,8
4096,1539,0.0008118749265901837,8
4096,1540,0.001020590869622695,6
4096,1541,0.00045728452394649954,6
4096,1542,0.0006304055781562734,6
4096,1543,0.0010959058436151858,6
4096,1544,0.0004959171763159187,6
4096,1545,0.0008585011899777673,6
4096,1546,0.0008024658141723706,7
4096,1547,0.000685103774654805,6
4096,1548,0.0008490984777506094,6
4096,1549,0.0008897722912200035,6
4096,1550,0.0010904876937002372,6
4096,1551,0.0008347472509101506,6
4096,1552,0.0004970955943882638,6
4096,1553,0.0016435270961515647,6
4096,1554,0.000803108429020094,7
4096,1555,0.0007290491996636561,6
4096,1556,0.0007954159237705261,7
4096,1557,0.0010150184044406263,6
4096,1558,0.000830572802381635,6
4096,1559,0.001424914247889597,14
4096,1560,0.0018950723065058739,10
4096,1561,0.0005897556621162758,6
4096,1562,0.0010838765300306141,6
4096,1563,0.0009089793007699687,6
4096,1564,0.0007909139907429363,6
4096,1565,0.0008090926709000135,6
4096,1566,0.0008006350364013759,6
4096,1567,0.0007723663738342657,6
4096,1568,0.0007369569145996291,7
4096,1569,0.0009912880303097893,6
4096,1570,0.0007360707724213267,7
4096,1571,0.0015915809171646034,6
4096,1572,0.0009221692465315456,6
4096,1573,0.000992858822411291,6
4096,1574,0.0011882066323973817,6
4096,1575,0.0012477554422777593,9
4096,1576,0.0012252557775850326,6
4096,1577,0.0009567424868908159,6
4096,1578,0.0006744065672482646,6
4096,1579,0.0011601569870768325,7
4096,1580,0.0008344148293305542,6
4096,1581,0.0008582792096166747,6
4096,1582,0.0008242503257276379,6
4096,1583,0.00054293485543494,6
4096,1584,0.000833010092835651,6
4096,1585,0.0006415463583884229,6
4096,1586,0.0011015543175468823,6
4096,1587,0.0012349132625183445,7
4096,1588,0.0008113429842758757,6
4096,1589,0.0006989282786364903,6
4096,1590,0.0005453659367494756,7
4096,1591,0.0004937111389562432,6
4096,1592,0.0011251566840122518,6
4096,1593,0.001018044521114314,8
4096,1594,0.001251807486108536,6
4096,1595,0.0010754645129442686,8
4096,1596,0.001065630402005413,7
4096,1597,0.0005949960673056198,6
4096,1598,0.001146238826180035,6
4096,1599,0.0011017561676528453,8
4096,1600,0.0011423392091048923,6
4096,1601,0.0008139104237565586,6
4096,1602,0.001061558395287543,11
4096,1603,0.0010348464284598846,6
4096,1604,0.0006178169980468606,6
4096,1605,0.0016069370136638783,6
4096,1606,0.0006712910478109402,7
4096,1607,0.0012573316001060486,10
4096,1608,0.0010428792104748563,6
4096,1609,0.0008751161626138204,6
4096,1610,0.0008691651095196207,6
4096,1611,0.001019080539610473,6
4096,1612,0.000858257471342827,6
4096,1613,0.0007857094142856014,6
4096,1614,0.001141806943699808,7
4096,1615,0.0007191865981935885,6
4096,1616,0.0007927161889671464,6
4096,1617,0.0009347256970594353,6
4096,1618,0.0009702230292757963,6
4096,1619,0.001000312465277986,6
4096,1620,0.0007848556899129333,9
4096,1621,0.0009221929875797841,6
4096,1622,0.0010265325878651144,8
4096,1623,0.0007673125465670338,6
4096,1624,0.0010802179342628282,11
4096,1625,0.0009638111959134887,6
4096,1626,0.0006778606495349004,7
4096,1627,0.0015308730476345511,6
4096,1628,0.0011835934486094102,6
4096,1629,0.00048013894998322204,6
4096,1630,0.001109709543151427,9
4096,1631,0.0005878498230247886,7
4096,1632,0.0015257340245218298,6
4096,1633,0.0009171950844523158,8
4096,1634,0.0012948510431950444,6
4096,1635,0.0017436612576341437,7
4096,1636,0.0005654769091941736,6
4096,1637,0.0007616941097113861,6
4096,1638,0.0006886303476940636,6
4096,1639,0.0005636003521393151,6
4096,1640,0.0005871917923628844,6
4096,1641,0.0012581866438549083,8
4096,1642,0.0012534431017191539,6
4096,1643,0.0007451605895190672,7
4096,1644,0.0014778344542966115,9
4096,1645,0.0004245982603576781,6
4096,1646,0.0011182753707289494,6
4096,1647,0.0009193356655161633,6
4096,1648,0.0007318901023310176,7
4096,1649,0.0012387626665266716,6
4096,1650,0.001663000974453599,10
4096,1651,0.0009189171333044976,9
4096,1652,0.0007221486586004022,6
4096,1653,0.0006510098089652638,6
4096,1654,0.0006890483798170921,6
4096,1655,0.0009800057572436627,6
4096,1656,0.00046972450004822974,6
4096,1657,0.0012891380953451714,6
4096,1658,0.0012494938708811354,6
4096,1659,0.0007325195723836275,6
4096,1660,0.0007577047550703098,6
4096,1661,0.0013028532506561552,7
4096,1662,0.0010417748162996343,10
4096,1663,0.0014086483453410459,6
4096,1664,0.0010145253351014905,6
4096,1665,0.0011724458811107619,6
4096,1666,0.0013538060947752006,6
4096,1667,0.0010254446178090681,6
4096,1668,0.0006729370068447871,8
4096,1669,0.0008173847795104328,6
4096,1670,0.0008015817545493631,6
4096,1671,0.0008599420594243012,6
4096,1672,0.0008930437605825237,6
4096,1673,0.0015336742146326299,6
4096,1674,0.0007040910600050188,6
4096,1675,0.0007341281499465557,6
4096,1676,0.0012760666073352578,6
4096,1677,0.000800338919588861,6
4096,1678,0.0007926524993396855,6
4096,1679,0.0010813824410675632,6
4096,1680,0.0008164595162298838,7
4096,1681,0.0009651847326882512,10
4096,1682,0.0006029218431727879,6
4096,1683,0.0007371841044019334,6
4096,1684,0.0010504635929230455,7
4096,1685,0.0006173525958064197,6
4096,1686,0.000984804034917297,6
4096,1687,0.0014169384981086441,6
4096,1688,0.0008190051056160552,6
4096,1689,0.0008766321769400065,6
4096,1690,0.0015628218139469574,6
4096,1691,0.0010152820536664109,6
4096,1692,0.0013307459055320603,10
4096,1693,0.0010076674248817863,6
4096,1694,0.0008245724937435694,11
4096,1695,0.0007859389948253748,6
4096,1696,0.001154698300000867,6
4096,1697,0.0009647335011075953,6
4096,1698,0.0006557203765971131,6
4096,1699,0.001049084594071048,6
4096,1700,0.0007866309151187134,6
4096,1701,0.000799578261572953,6
4096,1702,0.0007665123709715282,6
4096,1703,0.0008442645194378651,6
4096,1704,0.000948750000785259,8
4096,1705,0.0006211817831662803,6
4096,1706,0.0010357637581831503,6
4096,1707,0.0015281752683660166,8
4096,1708,0.0007980593337268971,6
4096,1709,0.0009746845531045656,6
4096,1710,0.0005244882850308219,6
4096,1711,0.001013991772276679,6
4096,1712,0.0009178027989072968,9
4096,1713,0.0011160534561219793,6
4096,1714,0.0011186664765409082,6
4096,1715,0.0011388625449364476,6
4096,1716,0.0008582861808921205,6
4096,1717,0.0010485522700185435,7
4096,1718,0.0007167491042123775,6
4096,1719,0.001577293897778942,6
4096,1720,0.0006923473719663287,6
4096,1721,0.0007495657175160542,8
4096,1722,0.0008502725866486038,6
4096,1723,0.0012766803428638784,9
4096,1724,0.0012625250396244847,7
4096,1725,0.0008979938696256351,6
4096,1726,0.0005292499594216071,6
4096,1727,0.0008782337232342563,9
4096,1728,0.0008347123187838479,6
4096,1729,0.0010608541836424346,6
4096,1730,0.0012097990909006873,6
4096,1731,0.0011074007674526098,6
4096,1732,0.0009536491941148639,6
4096,1733,0.0007900762767321101,7
4096,1734,0.0007647759836753032,6
4096,1735,0.0007134830334500908,6
4096,1736,0.0013744185837584189,6
4096,1737,0.0010382478562133146,7
4096,1738,0.001326971762593665,8
4096,1739,0.0009008148565817775,8
4096,1740,0.0010827760378516738,8
4096,1741,0.0006444712362606575,9
4096,1742,0.0007638762811804645,6
4096,1743,0.0011871590850022207,9
4096,1744,0.0007480817174587706,6
4096,1745,0.0009079602621724359,6
4096,1746,0.0007061000690643526,6
4096,1747,0.001398201589325132,7
4096,1748,0.0009380317354750201,6
4096,1749,0.0007614282690320273,6
4096,1750,0.0005256775169971695,8
4096,1751,0.0006324003851990723,6
4096,1752,0.0011606380960516027,6
4096,1753,0.0014147932311229239,6
4096,1754,0.00044475437456270583,6
4096,1755,0.0005173510912676038,6
4096,1756,0.0009871479331415856,6
4096,1757,0.0014615754368778877,8
4096,1758,0.0009145361157755216,6
4096,1759,0.0010184404599824504,6
4096,1760,0.001101926650126095,6
4096,1761,0.0008378757808095161,6
4096,1762,0.0012494057931926594,6
4096,1763,0.0006214390953301896,6
4096,1764,0.0011977227772947963,6
4096,1765,0.0007999685793221856,6
4096,1766,0.0007840560981525191,6
4096,1767,0.0013055989580980087,6
4096,1768,0.0015964933482309762,6
4096,1769,0.0008830122195730983,6
4096,1770,0.0009121154307814017,6
4096,1771,0.0008435992659432401,6
4096,1772,0.0010230632254059069,6
4096,1773,0.0010447024464306787,6
4096,1774,0.0008970360632556407,6
4096,1775,0.0008790406904499171,6
4096,1776,0.001018465711062455,11
4096,1777,0.000713631710547058,6
4096,1778,0.0008472126244551959,7
4096,1779,0.0011347893866213432,6
4096,1780,0.0008413628776920978,6
4096,1781,0.0016592055100975722,6
4096,1782,0.0006097472286282768,9
4096,1783,0.0005497016755819928,6
4096,1784,0.0011696966726961744,7
4096,1785,0.0009315694642210159,6
4096,1786,0.001206616053337023,6
4096,1787,0.0014313689276007624,6
4096,1788,0.0012280206923089843,6
4096,1789,0.0008179371172500338,6
4096,1790,0.0006524213292778969,6
4096,1791,0.0012178964433916528,6
4096,1792,0.0010944091035828274,6
4096,1793,0.0006564370739594871,6
4096,1794,0.0012897599739429833,6
4096,1795,0.0007778702336128096,7
4096,1796,0.0010630886751600288,7
4096,1797,0.0011350369798983628,7
4096,1798,0.001569210865268622,6
4096,1799,0.001214407700530773,9
4096,1800,0.0010801469833298105,8
4096,1801,0.001009946760492153,8
4096,1802,0.0008081411537015359,6
4096,1803,0.0014783660071141236,7
4096,1804,0.0009476097689062601,6
4096,1805,0.0008907433465354941,6
4096,1806,0.0009748905042840095,6
4096,1807,0.0007787080164336491,6
4096,1808,0.0008650486110080013,6
4096,1809,0.0008265881896348803,6
4096,1810,0.00036462595326547387,6
4096,1811,0.000842758716275871,6
4096,1812,0.0008818632611542476,6
4096,1813,0.0006964445890828008,6
4096,1814,0.0012282113572811282,9
4096,1815,0.0006900836084652306,6
4096,1816,0.0010710873239879737,6
4096,1817,0.000635035155560959,6
4096,1818,0.0005470137313923207,6
4096,1819,0.0012350634629675339,6
4096,1820,0.0009899058309974507,7
4096,1821,0.0006188503990721683,6
4096,1822,0.0006655893001739077,6
4096,1823,0.0012972736427244724,9
4096,1824,0.0011116798580064202,10
4096,1825,0.001394009445474298,6
4096,1826,0.0008535681499131642,6
4096,1827,0.0016462649984136934,14
4096,1828,0.001640973690088643,9
4096,1829,0.001241014010654351,7
4096,1830,0.0006721320474388781,9
4096,1831,0.001244485321133748,6
4096,1832,0.0008805252750757608,10
4096,1833,0.001570685454796994,6
4096,1834,0.0007521242523689242,6
4096,1835,0.0007839390502408783,6
4096,1836,0.000995372133434591,6
4096,1837,0.0009657465673694188,6
4096,1838,0.0008430224836268874,6
4096,1839,0.0008553431676174839,6
4096,1840,0.0009495239074633899,7
4096,1841,0.0005578599585965849,6
4096,1842,0.0012639902021116534,8
4096,1843,0.000709571915499807,7
4096,1844,0.0011815641931508525,9
4096,1845,0.001236990979763486,9
4096,1846,0.0018323756958387172,6
4096,1847,0.0012167007532195573,6
4096,1848,0.0010759333041275854,6
4096,1849,0.001219480570141207,6
4096,1850,0.0007173750979062588,6
4096,1851,0.0014464630956299018,11
4096,1852,0.0010880276713105541,6
4096,1853,0.0009116997182216924,7
4096,1854,0.0010377967441698166,8
4096,1855,0.0008615259745655135,7
4096,1856,0.0011428878524718522,7
4096,1857,0.0006365733176603161,6
4096,1858,0.0012286877319332978,6
4096,1859,0.0010775777159363897,7
4096,1860,0.0011460658139487157,11
4096,1861,0.0012001015702808315,6
4096,1862,0.0016707027670660457,9
4096,1863,0.001041418833938934,6
4096,1864,0.0010638704508893204,7
4096,1865,0.0013915295297348695,6
4096,1866,0.0009847050005667435,7
4096,1867,0.000998693539016382,6
4096,1868,0.001829647747098151,6
4096,1869,0.0006792312927342836,6
4096,1870,0.0013323356592109814,6
4096,1871,0.0011678399733864309,6
4096,1872,0.0007741616806856699,6
4096,1873,0.0014633450575745055,8
4096,1874,0.0012702090498336593,6
4096,1875,0.0010173575664326195,7
4096,1876,0.0013443506478709732,6
4096,1877,0.0009805561786790928,7
4096,1878,0.0010486662323530571,9
4096,1879,0.0009277681604360211,8
4096,1880,0.0006912404507068981,8
4096,1881,0.0007217662130321045,6
4096,1882,0.0012810086497571094,10
4096,1883,0.0007342321048144362,6
4096,1884,0.000685370832826715,7
4096,1885,0.0010646897090997864,6
4096,1886,0.0009870715485995607,6
4096,1887,0.0008427677418568202,6
4096,1888,0.0009231750074467637,6
4096,1889,0.0008746378015628276,10
4096,1890,0.0006547966763969515,6
4096,1891,0.0011408831794618157,8
4096,1892,0.0010542889862353855,6
4096,1893,0.000687343181273059,6
4096,1894,0.0006537822701482288,7
4096,1895,0.0014167082418844457,8
4096,1896,0.0011986397785380687,6
4096,1897,0.0015007504674564576,6
4096,1898,0.000869833422233679,6
4096,1899,0.0011394884344599898,8
4096,1900,0.0014912688263775675,8
4096,1901,0.0005881955944787576,7
4096,1902,0.0008854884794438078,8
4096,1903,0.000687953442651712,7
4096,1904,0.0010740429537204887,6
4096,1905,0.0010329783487104116,6
4096,1906,0.001244455137517475,7
4096,1907,0.0017260849889447205,23
4096,1908,0.001545532916466752,8
4096,1909,0.0009531838277976046,7
4096,1910,0.002137407990289275,10
4096,1911,0.000794982188765947,6
4096,1912,0.0007705216655060632,7
4096,1913,0.001089057438017793,6
4096,1914,0.0007188399453355032,6
4096,1915,0.0006064544800316041,6
4096,1916,0.0007784561262724754,6
4096,1917,0.0009239725060101733,6
4096,1918,0.0012199919481321597,6
4096,1919,0.0012170988933717375,6
4096,1920,0.0009062857972361726,7
4096,1921,0.0005444733943125168,6
4096,1922,0.0008039024979702436,6
4096,1923,0.001286379882830313,9
4096,1924,0.0008433617147637351,9
4096,1925,0.0015334044829538318,6
4096,1926,0.0012928468655973857,6
4096,1927,0.0009769806024433336,6
4096,1928,0.0005969118438949872,11
4096,1929,0.0008426818569448047,6
4096,1930,0.0007751615368259135,10
4096,1931,0.0009027528486601488,7
4096,1932,0.0011240719596115056,10
4096,1933,0.0009242932332393927,6
4096,1934,0.0008252598701489755,7
4096,1935,0.000617849114155633,6
4096,1936,0.0008916133898276835,8
4096,1937,0.0007902213317463325,6
4096,1938,0.001484020323134827,6
4096,1939,0.0011344947330425015,6
4096,1940,0.0012116637289234233,6
4096,1941,0.001043862956418451,6
4096,1942,0.0011717824038868785,7
4096,1943,0.0006778667525221271,9
4096,1944,0.0005720982783348205,6
4096,1945,0.0008097056013812165,6
4096,1946,0.0008071502502864369,6
4096,1947,0.001252727481335092,6
4096,1948,0.0013258578416767142,12
4096,1949,0.0009837970508677074,6
4096,1950,0.0005914059132448024,11
4096,1951,0.0012010465143759141,7
4096,1952,0.0008028067346202983,7
4096,1953,0.001204755988933881,10
4096,1954,0.0017526267269037943,6
4096,1955,0.001011876074267004,8
4096,1956,0.0005474644540124363,6
4096,1957,0.0009941358850192872,6
4096,1958,0.0009224250727524197,6
4096,1959,0.0011367799116058785,6
4096,1960,0.0014958112983722849,6
4096,1961,0.0006410109319247015,6
4096,1962,0.0006276823581622404,7
4096,1963,0.0005210909515336315,6
4096,1964,0.0009310607512755809,6
4096,1965,0.0011115295294347183,6
4096,1966,0.0007954613592894288,6
4096,1967,0.0007744351558333085,6
4096,1968,0.001391618555730667,6
4096,1969,0.000955975103524076,7
4096,1970,0.0007465561929257958,7
4096,1971,0.0011159890675540574,6
4096,1972,0.0008172874194778412,6
4096,1973,0.0007658379662793813,7
4096,1974,0.000991615343970631,8
4096,1975,0.0009448477679747658,7
4096,1976,0.0013759086023890088,6
4096,1977,0.0012819409658704206,8
4096,1978,0.0012238821781492687,15
4096,1979,0.00044158357491697053,7
4096,1980,0.0010409369373918231,6
4096,1981,0.0008279252065304665,6
4096,1982,0.0013866714178195627,6
4096,1983,0.000983356164016791,6
4096,1984,0.0011312750198339272,6
4096,1985,0.001003196859715172,6
4096,1986,0.0012039830704271282,6
4096,1987,0.000781830717675791,6
4096,1988,0.0011037566688837375,6
4096,1989,0.0006902382220000947,6
4096,1990,0.0012071578473638045,7
4096,1991,0.0012126823742774073,6
4096,1992,0.0008567156517064745,7
4096,1993,0.0006157553968084706,7
4096,1994,0.0012468508299209313,6
4096,1995,0.0006140670536609605,6
4096,1996,0.0005150914343543533,6
4096,1997,0.0010508790697553172,8
4096,1998,0.0008151212943555142,8
4096,1999,0.000941408309658387,6
4096,2000,0.0014043335096129983,14
4096,2001,0.0014173707824519655,11
4096,2002,0.00073612775411247,6
4096,2003,0.0007980716378681585,6
4096,2004,0.0006650523158401311,7
4096,2005,0.0009512674150718992,6
4096,2006,0.0007946651575222452,7
4096,2007,0.0015945708863365216,6
4096,2008,0.0008910328452156335,6
4096,2009,0.0005616288841136519,6
4096,2010,0.001104505775869291,6
4096,2011,0.0017655749717480351,25
4096,2012,0.0009952625379929803,7
4096,2013,0.0007365808617832981,6
4096,2014,0.0011093369775678763,6
4096,2015,0.0010681194233590485,6
4096,2016,0.0008114127354519329,6
4096,2017,0.001260096679880307,14
4096,2018,0.0012446084763597098,7
4096,2019,0.0009113153219898473,6
4096,2020,0.000664956407168682,7
4096,2021,0.0009907562904790668,6
4096,2022,0.000876110299306454,7
4096,2023,0.0014580991509733354,6
4096,2024,0.0010207687661543119,8
4096,2025,0.0008084341279996909,6
4096,2026,0.0011799445086841387,7
4096,2027,0.000996994964750586,8
4096,2028,0.00105871135939406,6
4096,2029,0.0016563593023153356,12
4096,2030,0.0005870490589426902,6
4096,2031,0.0011790403248495007,11
4096,2032,0.0008399342452101166,6
4096,2033,0.0006860329729758696,7
4096,2034,0.001255986325181646,6
4096,2035,0.0008388280045623642,6
4096,2036,0.0014134227462836435,11
4096,2037,0.0016972174182882105,6
4096,2038,0.001329169230473326,6
4096,2039,0.0008175168001023358,6
4096,2040,0.0009853894437719113,6
4096,2041,0.0010640913382465866,9
4096,2042,0.001752588269727906,6
4096,2043,0.001529706087649907,6
4096,2044,0.0009740212956100558,7
4096,2045,0.0008587963579472779,6
4096,2046,0.0012835690146267287,9
4096,2047,0.00107933173626662,6
4096,2048,0.0010516044541927227,6
4096,2049,0.0009342822404424522,6
4096,2050,0.0016151629516261146,9
4096,2051,0.0010483230989509762,6
4096,2052,0.0014086744789447714,9
4096,2053,0.0011598196627592428,6
4096,2054,0.0012608012789783185,11
4096,2055,0.0006928570316200311,6
4096,2056,0.00048561246390510515,7
4096,2057,0.00109074161587841,8
4096,2058,0.0010605353950193797,6
4096,2059,0.0009922895068235627,6
4096,2060,0.0005899116234447943,6
4096,2061,0.0010478906534476806,6
4096,2062,0.0012324787836653917,6
4096,2063,0.001594409029354038,6
4096,2064,0.0017592693537856752,6
4096,2065,0.0010425847918834608,6
4096,2066,0.0011718315941755542,6
4096,2067,0.00089646814879496,6
4096,2068,0.0010850630971855901,8
4096,2069,0.001338762390890147,8
4096,2070,0.0014030647260249163,6
4096,2071,0.0011307542783949298,6
4096,2072,0.0011851726556268982,9
4096,2073,0.001373322542422395,6
4096,2074,0.0007207292217144001,8
4096,2075,0.0007005606462436864,6
4096,2076,0.001515523339976288,14
4096,2077,0.0005671523839386738,6
4096,2078,0.0011735622231795473,6
4096,2079,0.0007671416485822979,6
4096,2080,0.0006681588457648768,10
4096,2081,0.0007481364669289503,6
4096,2082,0.0006178017476371478,6
4096,2083,0.0008915266757587859,6
4096,2084,0.0008735091875354817,6
4096,2085,0.001252633745364884,6
4096,2086,0.0011233401610103444,6
4096,2087,0.0008567421176663981,10
4096,2088,0.0012709868900755983,8
4096,2089,0.0008134493607582227,6
4096,2090,0.0011363208577200856,6
4096,2091,0.0008406196777359654,8
4096,2092,0.000872323536822428,6
4096,2093,0.0008955757360069594,6
4096,2094,0.0008386439909421339,6
4096,2095,0.0009759062681862773,9
4096,2096,0.001079803012413172,9
4096,2097,0.0010407243529290122,6
4096,2098,0.0013186989413390693,6
4096,2099,0.0011022619476143136,6
4096,2100,0.0011526763859943667,6
4096,2101,0.0014627318690690894,6
4096,2102,0.0009078183214235314,6
4096,2103,0.0012077125214181306,6
4096,2104,0.0010801851781542249,6
4096,2105,0.0011393885351201893,6
4096,2106,0.0006715247295394633,7
4096,2107,0.0007168645871105106,7
4096,2108,0.0008462475228119826,6
4096,2109,0.0005740187138482122,6
4096,2110,0.0010202358801330025,9
4096,2111,0.0005895639098343342,6
4096,2112,0.0009194934566530977,8
4096,2113,0.0015568416511694272,6
4096,2114,0.000955981586999749,6
4096,2115,0.0007188839592064122,6
4096,2116,0.0010737638864164456,7
4096,2117,0.0006591734947651862,6
4096,2118,0.001097004889879294,9
4096,2119,0.0010227107387215106,6
4096,2120,0.0008612746759362189,6
4096,2121,0.0008125817856490247,6
4096,2122,0.0010002739725519794,8
4096,2123,0.0009533093070280829,6
4096,2124,0.0009073520768618781,6
4096,2125,0.0006774614401510171,6
4096,2126,0.0009668006421434949,6
4096,2127,0.0010507242731916389,6
4096,2128,0.0011915067061278872,8
4096,2129,0.0010989991924919007,8
4096,2130,0.0009844623091350702,6
4096,2131,0.0011639443619763101,6
4096,2132,0.0006227002971554985,8
4096,2133,0.0006367940041756004,6
4096,2134,0.0007123141717987336,6
4096,2135,0.0005348834988004869,6
4096,2136,0.0009586501589659013,6
4096,2137,0.0006126163669437634,7
4096,2138,0.000668021971143351,6
4096,2139,0.0008924196855469857,7
4096,2140,0.001150256423014917,7
4096,2141,0.001103662873284339,6
4096,2142,0.0008905107376543375,6
4096,2143,0.000936436818365749,6
4096,2144,0.0013642072126099913,6
4096,2145,0.0007932379702182413,6
4096,2146,0.0008696150160799887,6
4096,2147,0.0012328623640676106,6
4096,2148,0.0007816406030272116,6
4096,2149,0.0006597006204192013,6
4096,2150,0.00090999060073782,6
4096,2151,0.0013450326556857517,6
4096,2152,0.0006227466430480666,6
4096,2153,0.0010076695824618176,7
4096,2154,0.0008356140585384919,6
4096,2155,0.0006217048230948707,6
4096,2156,0.0011489427927492413,7
4096,2157,0.0006210022564700768,6
4096,2158,0.0012917967865455626,7
4096,2159,0.0005659115571301498,6
4096,2160,0.0014291995326205509,6
4096,2161,0.0011026952479045171,7
4096,2162,0.0007905633059837047,6
4096,2163,0.0008390148575354583,6
4096,2164,0.0007533047074719246,8
4096,2165,0.0004683113524809879,6
4096,2166,0.0009108161676384396,6
4096,2167,0.0007455537118725708,6
4096,2168,0.001192557503722269,11
4096,2169,0.0015223337512840773,6
4096,2170,0.0007274093132159098,6
4096,2171,0.0010980081047191614,6
4096,2172,0.0006716464156395208,6
4096,2173,0.0009255572304250892,8
4096,2174,0.00142326627639755,6
4096,2175,0.0010474686547666812,6
4096,2176,0.0005836824567626575,8
4096,2177,0.0012305709539672804,6
4096,2178,0.0009055851778480006,6
4096,2179,0.0007252681142917439,6
4096,2180,0.0009081227364544087,7
4096,2181,0.001273916994289248,6
4096,2182,0.0006534500428957424,6
4096,2183,0.0009832207650949387,6
4096,2184,0.0006997739958534144,6
4096,2185,0.0006874835419725667,8
4096,2186,0.001237132949391817,6
4096,2187,0.00124485898084703,8
4096,2188,0.001535455270289643,6
4096,2189,0.0017869606900979829,6
4096,2190,0.0007708129862596946,6
4096,2191,0.0009520612210867085,7
4096,2192,0.0014966991385083617,6
4096,2193,0.0009254108313694054,7
4096,2194,0.0009079186916906012,6
4096,2195,0.0011255987169996873,6
4096,2196,0.0007578228869780101,6
4096,2197,0.002254790258424122,8
4096,2198,0.0011662579276672247,6
4096,2199,0.001114259168240761,6
4096,2200,0.0006053668462502326,6
4096,2201,0.0011846037431402223,6
4096,2202,0.0009751054384210533,10
4096,2203,0.0007230974536092116,6
4096,2204,0.0010547219895174764,6
4096,2205,0.0012285994797239796,6
4096,2206,0.0012089319766535045,12
4096,2207,0.000851016418539019,6
4096,2208,0.0009827430249333968,6
4096,2209,0.0010725085422911285,6
4096,2210,0.0011497596141010202,6
4096,2211,0.0005938793657532804,6
4096,2212,0.0015967663295274326,6
4096,2213,0.0009384794007762931,6
4096,2214,0.0009085271581771304,6
4096,2215,0.0008339076924868127,6
4096,2216,0.0005301146129741419,6
4096,2217,0.0007038887975001906,6
4096,2218,0.0010643435121820977,6
4096,2219,0.0010764271093045008,7
4096,2220,0.0008469950649221403,6
4096,2221,0.0007552830058661364,6
4096,2222,0.0007172966408213188,6
4096,2223,0.0011043817925484034,6
4096,2224,0.0011502579571741611,8
4096,2225,0.0009394012880392655,6
4096,2226,0.0009998633825696324,6
4096,2227,0.0007616952221601858,6
4096,2228,0.0010091281727704349,6
4096,2229,0.0010187618507158103,6
4096,2230,0.0013320846723402502,6
4096,2231,0.0009364391574645525,6
4096,2232,0.0007688536500610743,6
4096,2233,0.00105213510591734,8
4096,2234,0.0010732309878979107,7
4096,2235,0.0008654600482620456,8
4096,2236,0.0006073673195328144,6
4096,2237,0.0009353544028299354,6
4096,2238,0.0010920827310437753,7
4096,2239,0.00085364416406708,6
4096,2240,0.000748702782620736,6
4096,2241,0.0008345165839579449,6
4096,2242,0.00097805039612886,6
4096,2243,0.0008091743141676044,7
4096,2244,0.0007971223664263727,7
4096,2245,0.0010425702012014648,7
4096,2246,0.0006069297001251028,6
4096,2247,0.001139922203744148,8
4096,2248,0.001114450550012136,6
4096,2249,0.0013397743360341607,10
4096,2250,0.0013729551369061066,6
4096,2251,0.000993293767428849,9
4096,2252,0.00099250549307342,9
4096,2253,0.0004950281320372785,7
4096,2254,0.0005318743069737675,6
4096,2255,0.0006924273519531843,8
4096,2256,0.0009657926954740326,6
4096,2257,0.0005872504442763216,6
4096,2258,0.0011275279556106632,6
4096,2259,0.0007967169732023827,7
4096,2260,0.0013504559168608377,6
4096,2261,0.001298125734006561,6
4096,2262,0.001072176816798387,6
4096,2263,0.0009173292319218929,6
4096,2264,0.0012422079298637367,6
4096,2265,0.0016249844264816238,8
4096,2266,0.0010736103823536514,6
4096,2267,0.00142248157211311,6
4096,2268,0.0008539538702689309,6
4096,2269,0.0009611848074098095,10
4096,2270,0.0006572449500835686,6
4096,2271,0.0011800459913595684,7
4096,2272,0.0012789378517488181,6
4096,2273,0.0008077756674066405,7
4096,2274,0.001083798417583104,6
4096,2275,0.0017079499678513688,7
4096,2276,0.0008619826307487699,7
4096,2277,0.001335123280750583,6
4096,2278,0.0014048317875242633,9
4096,2279,0.0008379364623152252,7
4096,2280,0.0009473515478419792,6
4096,2281,0.0012058949145965503,7
4096,2282,0.0011442235566937464,6
4096,2283,0.0011280617904056156,6
4096,2284,0.0009888541998819278,6
4096,2285,0.00046788447405388123,6
4096,2286,0.000583483628367909,6
4096,2287,0.0015143389748583092,10
4096,2288,0.0011469585196303145,11
4096,2289,0.0008440370238453898,6
4096,2290,0.0007524167463143216,6
4096,2291,0.0010992449023968787,6
4096,2292,0.0009687673623788307,8
4096,2293,0.0009033829927516113,7
4096,2294,0.0007575182125038049,7
4096,2295,0.0008763752330216423,6
4096,2296,0.000877914849036765,6
4096,2297,0.0006366362819276716,7
4096,2298,0.0009322267753324454,6
4096,2299,0.0010199061793422226,6
4096,2300,0.0008641382381110452,6
4096,2301,0.0012590518754648228,6
4096,2302,0.0009196397543129731,9
4096,2303,0.0011708026599987487,6
4096,2304,0.0010001357301672176,6
4096,2305,0.0004889378116381682,6
4096,2306,0.0005879511920307001,6
4096,2307,0.0014323042604077463,11
4096,2308,0.000955750847877912,6
4096,2309,0.0008974628867780554,6
4096,2310,0.001073116850150213,7
4096,2311,0.0005019793012416285,6
4096,2312,0.0011209834917506045,6
4096,2313,0.0008692272877065532,6
4096,2314,0.0009569851987026867,6
4096,2315,0.0012926989575696712,6
4096,2316,0.0008944613555265657,6
4096,2317,0.0008128156894903205,6
4096,2318,0.0011455555225143854,6
4096,2319,0.0006896373537291778,6
4096,2320,0.0010416475422931892,6
4096,2321,0.0007141275777103329,8
4096,2322,0.0013088388257828099,9
4096,2323,0.0008896746668772826,7
4096,2324,0.0009985917432105973,6
4096,2325,0.0010023500007541875,8
4096,2326,0.0005993585094510312,6
4096,2327,0.0013960006842721473,6
4096,2328,0.001315440980409921,6
4096,2329,0.0006101483140611985,7
4096,2330,0.0009335768192771932,6
4096,2331,0.0008121621167086479,6
4096,2332,0.0006703491605857259,6
4096,2333,0.0010045345496316749,9
4096,2334,0.0010582985101291742,9
4096,2335,0.0012754591701747975,7
4096,2336,0.0011404452821988653,7
4096,2337,0.0007978699572714909,7
4096,2338,0.0007618355531223697,6
4096,2339,0.0013113979533234676,6
4096,2340,0.0006963259759947826,6
4096,2341,0.0009751708293160855,6
4096,2342,0.0010001437950384329,6
4096,2343,0.0014775219677363172,6
4096,2344,0.0010642899957380159,6
4096,2345,0.0011678231341230028,6
4096,2346,0.0009097805772497747,6
4096,2347,0.0010530630108592232,6
4096,2348,0.001086106227059458,7
4096,2349,0.0012119101747045669,6
4096,2350,0.0007294487601634536,6
4096,2351,0.0009351009839069224,6
4096,2352,0.000745309375466463,6
4096,2353,0.0009577236279796342,6
4096,2354,0.0006614033687497578,6
4096,2355,0.0010633718864139219,6
4096,2356,0.000693202705247864,6
4096,2357,0.0017548952340482316,8
4096,2358,0.0008062901943014511,6
4096,2359,0.0007680085519859992,6
4096,2360,0.001362138326890805,7
4096,2361,0.0010381644508712373,10
4096,2362,0.0008213342891781883,6
4096,2363,0.0012490323492136968,6
4096,2364,0.001141181291107407,6
4096,2365,0.0006447477582142147,6
4096,2366,0.0010632932411073215,7
4096,2367,0.0007456932971942054,6
4096,2368,0.0009078232378443296,6
4096,2369,0.0006882868262386155,6
4096,2370,0.0011734818598304608,6
4096,2371,0.0010526370359845716,10
4096,2372,0.0012938537620944546,6
4096,2373,0.0006778601623714797,6
4096,2374,0.0011496664709267912,6
4096,2375,0.0005635358356306241,7
4096,2376,0.0008742698720696773,6
4096,2377,0.0007769096545105214,6
4096,2378,0.0008949344230366196,7
4096,2379,0.0009165874586527512,6
4096,2380,0.0006489721970157625,6
4096,2381,0.00137753913699179,6
4096,2382,0.0005367582054145448,6
4096,2383,0.0015769483910718085,6
4096,2384,0.0014691231191611975,6
4096,2385,0.0008245081381350605,8
4096,2386,0.001150912263530257,6
4096,2387,0.0007663547737748466,7
4096,2388,0.0007786935669837625,6
4096,2389,0.0007744888240807657,7
4096,2390,0.000544678717056879,6
4096,2391,0.0014567469392194887,6
4096,2392,0.001351384092422414,6
4096,2393,0.000764472704148339,6
4096,2394,0.0016117657745191583,7
4096,2395,0.0008985967910862813,6
4096,2396,0.0009956467304291783,7
4096,2397,0.0015529451554531226,6
4096,2398,0.000691048292414842,8
4096,2399,0.0009311408929347786,6
4096,2400,0.0011372152309524486,6
4096,2401,0.0009521875199232088,6
4096,2402,0.0012343235432792365,7
4096,2403,0.0007349574288353367,6
4096,2404,0.0009193976883920818,6
4096,2405,0.0009782569393135265,6
4096,2406,0.0007958116196176146,6
4096,2407,0.0011213793745913359,6
4096,2408,0.0008290143015866613,6
4096,2409,0.0011111145362130426,7
4096,2410,0.0006850932674371535,7
4096,2411,0.0008822572884641389,6
4096,2412,0.0012385437386516207,6
4096,2413,0.0010414160782290516,7
4096,2414,0.0008227529585786431,6
4096,2415,0.0014410451766795895,7
4096,2416,0.001249428129929564,6
4096,2417,0.0014740689001397078,7
4096,2418,0.0010902551045102182,9
4096,2419,0.0013737141270009356,7
4096,2420,0.0006629850361120626,6
4096,2421,0.001029200619769216,6
4096,2422,0.0008338789807823543,7
4096,2423,0.0010507268096314748,6
4096,2424,0.0006409715261719295,6
4096,2425,0.0009350621767116873,6
4096,2426,0.0009821764995785465,6
4096,2427,0.0010043647179458493,7
4096,2428,0.000798780644232,6
4096,2429,0.0010763920743219746,8
4096,2430,0.0015091121504603455,11
4096,2431,0.0007995043635618815,9
4096,2432,0.0012126449637420156,6
4096,2433,0.0011754390371051526,7
4096,2434,0.0011698854219648336,7
4096,2435,0.0013198349077614968,10
4096,2436,0.0014979710036157057,7
4096,2437,0.0012268997450295416,6
4096,2438,0.0009582022079825947,6
4096,2439,0.0006740795619883944,8
4096,2440,0.0008044153814372734,6
4096,2441,0.0007833817382142394,6
4096,2442,0.0011795484092756992,6
4096,2443,0.0009013701318116296,6
4096,2444,0.0005320816525203886,6
4096,2445,0.0009050512116415277,6
4096,2446,0.0010414951594948096,6
4096,2447,0.0006249566953712149,6
4096,2448,0.0008582786926457642,6
4096,2449,0.0011998473192283976,8
4096,2450,0.0017104861326085463,9
4096,2451,0.0014563893698774644,6
4096,2452,0.0009664586036172151,6
4096,2453,0.001268021546956155,6
4096,2454,0.0010467789094616986,6
4096,2455,0.0010707005029343963,7
4096,2456,0.0006994470565696576,6
4096,2457,0.0007962722308476611,6
4096,2458,0.0015245782893877902,6
4096,2459,0.0010787012330815138,6
4096,2460,0.0007606237056989595,7
4096,2461,0.0009682524050965147,7
4096,2462,0.0012071227648163818,6
4096,2463,0.0006034161009951244,6
4096,2464,0.0010438673005760957,6
4096,2465,0.0012533629698331383,9
4096,2466,0.0013276812172305918,6
4096,2467,0.0011554156258415382,6
4096,2468,0.0008667186071930066,6
4096,2469,0.0007856387754492378,7
4096,2470,0.0008793385500786011,8
4096,2471,0.0011007206895299326,6
4096,2472,0.0013991858194758455,11
4096,2473,0.0010682516974931944,6
4096,2474,0.001049180400672478,6
4096,2475,0.0011785051554780157,6
4096,2476,0.000860310959518884,7
4096,2477,0.001443877098087465,12
4096,2478,0.001006571551597224,6
4096,2479,0.0007557697409555919,6
4096,2480,0.0009466472818477623,7
4096,2481,0.0008580576194047174,6
4096,2482,0.0007136385575233772,6
4096,2483,0.0015002400853288966,11
4096,2484,0.00088442961830415,6
4096,2485,0.0013480901422902036,7
4096,2486,0.0010493465364531662,6
4096,2487,0.0014745570173799738,7
4096,2488,0.001278165420036309,6
4096,2489,0.0006692625631657956,6
4096,2490,0.0007604084056408444,6
4096,2491,0.0007348219931371247,7
4096,2492,0.0009529538228754131,7
4096,2493,0.0006502300202975153,7
4096,2494,0.0006620953407234786,6
4096,2495,0.0008374897861458397,8
4096,2496,0.0006949414705762491,6
4096,2497,0.0009448340253223331,6
4096,2498,0.0010343781145092379,10
4096,2499,0.0007342914309887982,6
4096,2500,0.002003124041571991,6
8192,1,0.0021313969129265198,8
8192,2,0.0013157118296519554,8
8192,3,0.0013663662582162894,8
8192,4,0.001498079264328711,10
8192,5,0.0013117251726009194,8
8192,6,0.0016669272819652692,15
8192,7,0.0012437074092244704,9
8192,8,0.0013593001822060913,11
8192,9,0.001215340628241024,8
8192,10,0.0017436187081549814,11
8192,11,0.0013613936788864356,9
8192,12,0.0011763071568935135,8
8192,13,0.001362191872446461,8
8192,14,0.0007788109395365783,8
8192,15,0.0015678671218827822,8
8192,16,0.0008755791272381241,8
8192,17,0.0014112114434562395,8
8192,18,0.0015734673009087097,9
8192,19,0.0010751255905584456,9
8192,20,0.0019836142984642757,12
8192,21,0.0013812093515228052,8
8192,22,0.001213900013525726,12
8192,23,0.0015804305609501412,11
8192,24,0.0016460361526008382,8
8192,25,0.0020048844364409235,10
8192,26,0.0017308104295475912,8
8192,27,0.0011588747815226563,8
8192,28,0.0010864561484359436,8
8192,29,0.0017287619470780502,10
8192,30,0.0012506792029112201,8
8192,31,0.0014739177878738685,11
8192,32,0.0014636838225413618,10
8192,33,0.0017776522445697163,10
8192,34,0.0008421046005072652,9
8192,35,0.0009350649154922785,8
8192,36,0.001799884301893817,10
8192,37,0.001477621175333954,10
8192,38,0.0012273665856518123,8
8192,39,0.0015907573750493231,8
8192,40,0.0011498998019769946,10
8192,41,0.0019542531718520495,8
8192,42,0.0019543012040671437,15
8192,43,0.0015050504285752941,8
8192,44,0.0011722570672060284,8
8192,45,0.0014819381978203872,8
8192,46,0.000999144382062278,8
8192,47,0.0015079252536805976,8
8192,48,0.001228726298232452,8
8192,49,0.0015316203776281068,8
8192,50,0.0017664936471905035,9
8192,51,0.0008347769556451556,8
8192,52,0.001989598445177432,8
8192,53,0.0016010295646025352,8
8192,54,0.0012084011898236824,9
8192,55,0.0009941640130627372,11
8192,56,0.0011258668482880818,8
8192,57,0.0019194169170728692,14
8192,58,0.0009040524536627625,9
8192,59,0.0018176864106784762,9
8192,60,0.0016451654970356389,9
8192,61,0.0011984091737535785,8
8192,62,0.0012556153662384162,9
8192,63,0.0014206504561665168,8
8192,64,0.0012912720092250751,8
8192,65,0.0008440840558886498,8
8192,66,0.0011935069273236731,8
8192,67,0.0014217319145973795,9
8192,68,0.0013421510729814123,8
8192,69,0.001580228299603026,8
8192,70,0.0012307602141170548,8
8192,71,0.0016136599161059584,9
8192,72,0.0014562834752032683,10
8192,73,0.0010771682265674487,8
8192,74,0.0015761892695834723,8
8192,75,0.0009678332606404272,8
8192,76,0.001045684418669146,8
8192,77,0.0011774735898781863,8
8192,78,0.001065523262167134,8
8192,79,0.001307281070082933,9
8192,80,0.0012932809094421405,10
8192,81,0.0021774210623307644,10
8192,82,0.0014419164528303163,10
8192,83,0.0010961214472078318,8
8192,84,0.00119561005110691,8
8192,85,0.0010681124314948776,8
8192,86,0.0014907006216500207,8
8192,87,0.0018029150320637566,8
8192,88,0.0014837497480043038,10
8192,89,0.0015874191654269287,8
8192,90,0.0015904004222184742,8
8192,91,0.0015873644610313598,8
8192,92,0.0016503954297936163,8
8192,93,0.0013515956519565275,8
8192,94,0.0010359760038261001,8
8192,95,0.0012369850975667562,8
8192,96,0.001020502190269057,8
8192,97,0.0014430845386564917,15
8192,98,0.001767821412411552,8
8192,99,0.0012009136112400842,9
8192,100,0.0014445303708469082,8
8192,101,0.0023923003131702814,8
8192,102,0.0009919119964769685,8
8192,103,0.0021835239238285897,8
8192,104,0.0010262962436533574,8
8192,105,0.0014180366563255609,8
8192,106,0.0008957152666928536,8
8192,107,0.0016307428948308944,8
8192,108,0.001845192168797749,8
8192,109,0.001064804701686739,9
8192,110,0.0013704655628955509,8
8192,111,0.0012148822733416553,8
8192,112,0.0016219760783636183,8
8192,113,0.0014097741619728543,10
8192,114,0.0015379890350891712,10
8192,115,0.0016786569430756737,8
8192,116,0.0009201119391948342,8
8192,117,0.0013787941707585905,8
8192,118,0.0011913860620194061,8
8192,119,0.0008685101317227328,10
8192,120,0.000969823019883076,8
8192,121,0.002251396193458599,8
8192,122,0.0010930378539334429,8
8192,123,0.0017556187612540741,10
8192,124,0.0020081894187726768,8
8192,125,0.0013562240781586077,8
8192,126,0.0020184881739563343,8
8192,127,0.0016650851532270527,8
8192,128,0.0011583587404885298,9
8192,129,0.0011406034837413426,10
8192,130,0.001402102794104576,8
8192,131,0.0013378189356416659,8
8192,132,0.0012277060698377973,8
8192,133,0.0013631645922390634,10
8192,134,0.0011349984810122837,8
8192,135,0.001841191350708371,8
8192,136,0.0011326395066439954,8
8192,137,0.0014959232129567734,8
8192,138,0.0014256210622058951,9
8192,139,0.0014039471945256343,9
8192,140,0.002008944292539505,10
8192,141,0.0014069243951664312,8
8192,142,0.002215469320887009,8
8192,143,0.002027357905474092,8
8192,144,0.0015593476601287737,8
8192,145,0.0013163189420299093,8
8192,146,0.0009841360252040299,8
8192,147,0.0012613156807851356,8
8192,148,0.0018610646734059655,10
8192,149,0.001479623841595945,11
8192,150,0.0017106035960438026,8
8192,151,0.0010478842624304097,9
8192,152,0.0014813386188187172,8
8192,153,0.0017389187696976727,10
8192,154,0.0016445667234906702,8
8192,155,0.0012742125640064217,9
8192,156,0.0015461868002051293,8
8192,157,0.0012485716152134119,9
8192,158,0.0011494447928940277,9
8192,159,0.0016599332035792669,12
8192,160,0.0009986468622117384,8
8192,161,0.0014316923574702045,8
8192,162,0.0016889698100848727,8
8192,163,0.0012446673322523694,8
8192,164,0.0015742466797851185,10
8192,165,0.0023127966603525008,8
8192,166,0.001458952479770459,8
8192,167,0.001225631065574273,9
8192,168,0.001509816294479993,8
8192,169,0.001984275346163855,10
8192,170,0.0014571939608265527,10
8192,171,0.0019349974777377321,8
8192,172,0.0011934052841646725,13
8192,173,0.000855119101824009,9
8192,174,0.0011163064719824645,8
8192,175,0.001213222701989758,8
8192,176,0.0010032185418271666,9
8192,177,0.0014247570322524217,8
8192,178,0.0010092416862035325,11
8192,179,0.00153364673062939,8
8192,180,0.0012327438219958964,8
8192,181,0.0008754254363337877,8
8192,182,0.0016136348562145464,8
8192,183,0.001883917748670333,9
8192,184,0.0018934232129051987,8
8192,185,0.0014361482662417213,8
8192,186,0.0013933167902983046,14
8192,187,0.002155942512464981,10
8192,188,0.0011223691825542614,8
8192,189,0.0008255022420669,8
8192,190,0.0017295798970511367,10
8192,191,0.0007660369764628527,8
8192,192,0.0013804281744509428,8
8192,193,0.000935082299192036,8
8192,194,0.0018579820486921417,8
8192,195,0.001123683898740846,9
8192,196,0.0014686005205861719,9
8192,197,0.0015206774457264816,11
8192,198,0.0017335892954324361,8
8192,199,0.0014193729978782543,8
8192,200,0.001220002414668131,8
8192,201,0.0013820168504515284,8
8192,202,0.001442332542512026,8
8192,203,0.0009423370283996313,8
8192,204,0.0013205551118044,8
8192,205,0.0017847443465864865,8
8192,206,0.0015003032217126844,8
8192,207,0.0009988884916920515,8
8192,208,0.001697584867311086,8
8192,209,0.0012321730972572609,11
8192,210,0.0013232007008041058,11
8192,211,0.00149990101561992,9
8192,212,0.0018080116121209633,8
8192,213,0.001132494767410397,8
8192,214,0.0006157087677909345,8
8192,215,0.0009894213355993164,8
8192,216,0.0015979949493072632,11
8192,217,0.0014677455738700829,9
8192,218,0.001121410329305128,8
8192,219,0.0017843090142867224,13
8192,220,0.0012984868105650471,14
8192,221,0.001289647153151996,8
8192,222,0.0014563055908430877,8
8192,223,0.002173974254047528,8
8192,224,0.001454531730398334,8
8192,225,0.0011351976227308436,8
8192,226,0.0018276464460519337,10
8192,227,0.0014125721229581445,8
8192,228,0.0010798069776526975,12
8192,229,0.001438449671271047,11
8192,230,0.0013713092990778053,14
8192,231,0.0010838749476875797,10
8192,232,0.0008613683320166654,8
8192,233,0.0010952512947557114,9
8192,234,0.0016912319243124196,8
8192,235,0.0021120424483480615,14
8192,236,0.0014227476034220365,8
8192,237,0.0023007218758381853,8
8192,238,0.0011030031444232424,9
8192,239,0.0012881324030711294,12
8192,240,0.0010615035807477469,8
8192,241,0.0021705569785143153,11
8192,242,0.0012698881746513457,8
8192,243,0.001132397224991144,10
8192,244,0.0020589278896674945,8
8192,245,0.001037104526322996,8
8192,246,0.0013662859915628545,11
8192,247,0.0009568728080827649,8
8192,248,0.0012525296051745238,8
8192,249,0.0018616316423643031,8
8192,250,0.0013584780024601395,8
8192,251,0.0017367009538237221,9
8192,252,0.0017347439247508145,8
8192,253,0.0011373202099195234,9
8192,254,0.0017812193444868285,10
8192,255,0.0016207142751988313,8
8192,256,0.0008742497487977952,8
8192,257,0.0011483753548703346,8
8192,258,0.001628838882602679,8
8192,259,0.0012817133584402396,9
8192,260,0.0011268352548591265,8
8192,261,0.001435733289230412,11
8192,262,0.0009244353104689296,8
8192,263,0.0008164344014923719,8
8192,264,0.0010757063718512816,8
8192,265,0.0020938266683601103,8
8192,266,0.001447494290141127,9
8192,267,0.0008890683792540655,8
8192,268,0.0017802772446071646,14
8192,269,0.0013205060639642774,8
8192,270,0.0018404126753549521,8
8192,271,0.0018461246957810484,8
8192,272,0.001181764773961702,8
8192,273,0.0012030564137429645,9
8192,274,0.001094766621164367,8
8192,275,0.0016631384448093645,15
8192,276,0.0011689824841010221,8
8192,277,0.0013241288804877183,9
8192,278,0.0014818512288830021,10
8192,279,0.0017842088362108044,14
8192,280,0.0016744800212912248,8
8192,281,0.0018113446734101535,8
8192,282,0.0008464350943911958,8
8192,283,0.0016159151133012806,8
8192,284,0.0015671507078949265,8
8192,285,0.0010040925388178357,8
8192,286,0.0017302266180601045,8
8192,287,0.0009642817129893455,8
8192,288,0.001623982549157521,9
8192,289,0.0014202512790736366,8
8192,290,0.0008760902459468145,9
8192,291,0.0014515620184287759,9
8192,292,0.0010950585920380673,8
8192,293,0.0020173361424986602,14
8192,294,0.0015799875918273143,8
8192,295,0.0008715137898674952,9
8192,296,0.0016258346643429622,9
8192,297,0.0010239510797253049,8
8192,298,0.002103507371912061,13
8192,299,0.0022734334058506223,8
8192,300,0.0017733936961847885,11
8192,301,0.0017563580906785337,8
8192,302,0.0019273709831495456,8
8192,303,0.0012060870903772836,9
8192,304,0.0013452991380220602,8
8192,305,0.0008721324451089751,8
8192,306,0.0016713873373294108,8
8192,307,0.001606399631009614,8
8192,308,0.0010588618543324602,8
8192,309,0.0016115287149327528,8
8192,310,0.0013621066285977035,8
8192,311,0.0012150095567755592,10
8192,312,0.0015838134067213128,8
8192,313,0.0012102370650162175,9
8192,314,0.00108279345960971,8
8192,315,0.0015029442079109723,9
8192,316,0.0016231643882366198,8
8192,317,0.000909616115005063,11
8192,318,0.001285385602843525,8
8192,319,0.001289740035009146,8
8192,320,0.0019139373971350793,8
8192,321,0.0013305027764764499,10
8192,322,0.0011844716304526548,8
8192,323,0.0012443106654879688,8
8192,324,0.001344100139652471,8
8192,325,0.0011246029069751362,8
8192,326,0.0013131184035084509,8
8192,327,0.001303175617660357,8
8192,328,0.0014344186432282413,10
8192,329,0.0010747296331127254,9
8192,330,0.0015336544609292346,9
8192,331,0.0008455355460210701,8
8192,332,0.0013894260677145276,9
8192,333,0.0018606360875588202,10
8192,334,0.002094057495560797,8
8192,335,0.0012149856048622176,8
8192,336,0.0015158405973015876,16
8192,337,0.0011607249980793988,8
8192,338,0.0013840590443202627,10
8192,339,0.0012328373020815686,8
8192,340,0.0014533498827274671,14
8192,341,0.0015207552829484827,8
8192,342,0.0011459910879191293,8
8192,343,0.0011221835703626448,9
8192,344,0.0010518338772221858,12
8192,345,0.0019078453162932885,8
8192,346,0.0015155434511047727,9
8192,347,0.0011076764295541164,8
8192,348,0.0016019178606511697,11
8192,349,0.0009742785009603794,9
8192,350,0.0008125816010030595,8
8192,351,0.0014177751555429774,11
8192,352,0.0007418136894603578,8
8192,353,0.0014846550454313823,10
8192,354,0.001581510585547008,8
8192,355,0.0013549601654897492,8
8192,356,0.0013802528485323262,9
8192,357,0.0012142174653464455,8
8192,358,0.0018067535241818033,8
8192,359,0.001223468921468629,8
8192,360,0.0011902968401467096,8
8192,361,0.0018918682201050085,8
8192,362,0.0011435407186443092,10
8192,363,0.001887227121392776,9
8192,364,0.0015697236860370278,10
8192,365,0.000979369042486744,8
8192,366,0.002130124755709839,12
8192,367,0.001349433869293648,11
8192,368,0.002186582445197205,8
8192,369,0.0022825908464603195,8
8192,370,0.0018545419389105477,8
8192,371,0.0005897009706276046,8
8192,372,0.0018147033190106798,8
8192,373,0.001691932930295903,8
8192,374,0.0019459656172527984,8
8192,375,0.0016407906192480448,8
8192,376,0.001917698357405892,23
8192,377,0.0015223710983646166,9
8192,378,0.0016394138047176599,10
8192,379,0.0009302922450423745,8
8192,380,0.0011455716067581,8
8192,381,0.0015905856336454471,9
8192,382,0.0014664747625167118,11
8192,383,0.0016628408875252187,8
8192,384,0.0012922916451217903,9
8192,385,0.0021700829500704844,12
8192,386,0.0018145180487654233,8
8192,387,0.0014857251890771361,9
8192,388,0.0008628023338135282,8
8192,389,0.0008855605324172844,9
8192,390,0.0012084942721787284,9
8192,391,0.0013526667874088627,9
8192,392,0.0007594089787745784,8
8192,393,0.0018241516080323983,8
8192,394,0.0013044539272560884,8
8192,395,0.0014954004471028348,8
8192,396,0.000907486272014757,8
8192,397,0.0012291505747086262,8
8192,398,0.0015149248336372434,8
8192,399,0.0013292171704274436,8
8192,400,0.000765798318901223,8
8192,401,0.0014672025907045416,11
8192,402,0.0009617043748587628,8
8192,403,0.0019222881938019132,8
8192,404,0.0011453908470541174,9
8192,405,0.0014843073370810478,8
8192,406,0.0012504520451027679,8
8192,407,0.000997142985463606,10
8192,408,0.001165936069418616,8
8192,409,0.0016891699425186646,8
8192,410,0.001293707260638377,8
8192,411,0.0011559799502281476,9
8192,412,0.0013291818820213575,8
8192,413,0.0009216125520997709,8
8192,414,0.000943758337138223,9
8192,415,0.0015079592476096582,9
8192,416,0.0019092309304303834,12
8192,417,0.0013816675298856662,8
8192,418,0.001157969651489843,8
8192,419,0.001314916248501441,8
8192,420,0.0008725222880331396,8
8192,421,0.0010853167782922668,8
8192,422,0.0015547543138316744,8
8192,423,0.0009945561987265705,8
8192,424,0.0008739849344313599,8
8192,425,0.0012553556861532034,8
8192,426,0.0016191473872608775,8
8192,427,0.0018370177558640899,11
8192,428,0.0008850703861685294,10
8192,429,0.001080817334039863,8
8192,430,0.0011690202741738709,8
8192,431,0.0011466573987712891,11
8192,432,0.001806363560446722,8
8192,433,0.0013229173266102734,9
8192,434,0.0011680876301466414,8
8192,435,0.002176683764290366,8
8192,436,0.0016103767365804877,8
8192,437,0.0013972462663230933,8
8192,438,0.0015159468273907573,8
8192,439,0.0015862740054346514,8
8192,440,0.002039948598279162,8
8192,441,0.0010652317242259013,9
8192,442,0.001064520646450795,9
8192,443,0.0018087600155266559,13
8192,444,0.0019120478219506465,8
8192,445,0.0018739719661106102,9
8192,446,0.0016234936582240067,8
8192,447,0.0019895672746667037,11
8192,448,0.001578988366018691,11
8192,449,0.0023133071756140655,8
8192,450,0.0008758874894447821,8
8192,451,0.0009284138837564182,9
8192,452,0.0014265667088595446,9
8192,453,0.001282438119779461,8
8192,454,0.0014228079737610422,8
8192,455,0.001547543809167995,9
8192,456,0.0016251544286357,8
8192,457,0.0018886141507235,10
8192,458,0.0011122776507280774,9
8192,459,0.0011529248230527367,8
8192,460,0.0014494035647826808,9
8192,461,0.0014413750895733712,8
8192,462,0.0015857890256872897,8
8192,463,0.001747294538258587,15
8192,464,0.0018090999147783449,8
8192,465,0.002046943503201004,9
8192,466,0.0016641241541301977,15
8192,467,0.001052844435399214,8
8192,468,0.0014816045347054718,8
8192,469,0.0013628298282939988,11
8192,470,0.0007654753227059885,8
8192,471,0.0016436502285309684,11
8192,472,0.0017039557013394102,9
8192,473,0.0012306304937655388,9
8192,474,0.0015167487331249063,8
8192,475,0.0014782000499631298,9
8192,476,0.0016037267288352974,9
8192,477,0.0020660924056044028,10
8192,478,0.002082159799648986,8
8192,479,0.0014538207359293676,8
8192,480,0.0012655397220028286,8
8192,481,0.001993378915005173,8
8192,482,0.001846763989549638,8
8192,483,0.0019244300311583307,8
8192,484,0.0027739664811603504,12
8192,485,0.0009457091056565003,9
8192,486,0.001319119749600195,8
8192,487,0.0013335663686508958,10
8192,488,0.0027098024053927583,8
8192,489,0.0008086063303121005,8
8192,490,0.0009941190243368814,8
8192,491,0.0022263478561717065,8
8192,492,0.0010287739933784734,8
8192,493,0.0010921745977474362,8
8192,494,0.001060093550523944,10
8192,495,0.0014645938295473337,9
8192,496,0.0012727647813601806,8
8192,497,0.0013649380492068985,8
8192,498,0.0011572730662726682,8
8192,499,0.0016474456603025045,8
8192,500,0.0014358168123524973,8
8192,501,0.0014062951557715087,8
8192,502,0.001667917900356919,8
8192,503,0.0015201135526068665,8
8192,504,0.0012954121048686096,8
8192,505,0.0012618608386170127,8
8192,506,0.0015064924623391374,10
8192,507,0.0010106321098830584,9
8192,508,0.0007820306254991971,8
8192,509,0.0012619204975756748,8
8192,510,0.0017011616536426466,9
8192,511,0.0018884425698992846,8
8192,512,0.001293296951523637,10
8192,513,0.0012308839693173923,8
8192,514,0.0012470749236992429,8
8192,515,0.0016248865926167255,8
8192,516,0.0010203445729909388,9
8192,517,0.00154630396934885,12
8192,518,0.0015504526022779297,8
8192,519,0.0016917079003628543,8
8192,520,0.0011651663241517562,8
8192,521,0.0013748470116627942,9
8192,522,0.0009695681699991576,8
8192,523,0.0013266488740349969,8
8192,524,0.0014450637343902395,9
8192,525,0.001145027752522898,8
8192,526,0.0015469268611491005,8
8192,527,0.002012790922561014,11
8192,528,0.0010680307404101752,10
8192,529,0.0015683561076547115,9
8192,530,0.0015050969709250461,21
8192,531,0.0014376102778264066,8
8192,532,0.0009442471547345122,8
8192,533,0.0008218126538211967,8
8192,534,0.0017504460819942613,8
8192,535,0.001232235091620515,12
8192,536,0.0013952437658711903,8
8192,537,0.002123617896768626,8
8192,538,0.001401614609818469,10
8192,539,0.0014407172941420798,12
8192,540,0.001626106413878503,8
8192,541,0.0014843493359135707,8
8192,542,0.0015931919823965468,8
8192,543,0.0011019938468743717,8
8192,544,0.0011201050038208704,8
8192,545,0.0010761946303041725,8
8192,546,0.0011247826248361736,8
8192,547,0.000993488553950872,8
8192,548,0.0017899514886816764,17
8192,549,0.00175833373417289,14
8192,550,0.002003580269039573,8
8192,551,0.0014214833597497867,12
8192,552,0.0018614183467473566,8
8192,553,0.0012043615457276724,8
8192,554,0.0013199460590928025,8
8192,555,0.002030011958747524,20
8192,556,0.0012184445665689436,8
8192,557,0.0014064407604179596,8
8192,558,0.001182882707453925,8
8192,559,0.0019518427899697377,8
8192,560,0.0016038572499204595,8
8192,561,0.0008802894524571059,8
8192,562,0.0013708998929470306,9
8192,563,0.0015836968900313497,8
8192,564,0.0017362856016004402,16
8192,565,0.0010387200615130654,8
8192,566,0.001839300585472603,8
8192,567,0.0013170148521216563,8
8192,568,0.0020372355537365827,8
8192,569,0.00141848899846872,9
8192,570,0.0010859276635618031,8
8192,571,0.0018062671096804594,8
8192,572,0.0019780422964951194,8
8192,573,0.0009468143513992056,12
8192,574,0.001012450929694042,8
8192,575,0.0012767879448903896,10
8192,576,0.0008596769791787695,8
8192,577,0.0013286223336136382,8
8192,578,0.0011412589164638831,12
8192,579,0.0011824612571385007,8
8192,580,0.001596891401474454,8
8192,581,0.0013164104607173988,8
8192,582,0.0016616284153627703,8
8192,583,0.000959860438207838,10
8192,584,0.0012716882806221297,10
8192,585,0.001956835428151782,8
8192,586,0.0014900634243367739,8
8192,587,0.000964143874747303,8
8192,588,0.0010799189049075508,8
8192,589,0.0013342609786959336,8
8192,590,0.0019471781439767966,12
8192,591,0.0009878552019765285,8
8192,592,0.0012136284226587912,10
8192,593,0.0009827683819051414,8
8192,594,0.001610544915789186,9
8192,595,0.0020767855779368904,8
8192,596,0.0010679651544476254,10
8192,597,0.002302809961712171,8
8192,598,0.0014000040479085207,8
8192,599,0.001857650198359706,10
8192,600,0.001938398271667141,8
8192,601,0.0014190191758517434,8
8192,602,0.0016269221654193755,11
8192,603,0.001000755299053524,8
8192,604,0.002018833691576516,12
8192,605,0.0011898957314468994,9
8192,606,0.0009390672054663263,8
8192,607,0.0019067499353185857,8
8192,608,0.0024945403474715966,9
8192,609,0.001209922437205746,8
8192,610,0.0020365344322085255,11
8192,611,0.0014728984602333517,8
8192,612,0.0016574323193172535,8
8192,613,0.0015040394031679005,8
8192,614,0.0015259303639313382,9
8192,615,0.0017411395975879262,8
8192,616,0.0016234373168877436,11
8192,617,0.0017964981201724628,16
8192,618,0.0015741056238195994,9
8192,619,0.0018164490748721063,8
8192,620,0.0013872047812347743,8
8192,621,0.001176863129292438,8
8192,622,0.001408636997763002,11
8192,623,0.001580960189734304,8
8192,624,0.0017180996242783797,8
8192,625,0.0009227980320242191,9
8192,626,0.0012373868204776373,9
8192,627,0.001382512911074496,8
8192,628,0.0012985796529249027,8
8192,629,0.0015836727571527653,10
8192,630,0.0016976495388569823,8
8192,631,0.001201541448514698,9
8192,632,0.0015367552316697397,11
8192,633,0.001454338329758803,9
8192,634,0.002020763409458143,10
8192,635,0.0012714704265186505,9
8192,636,0.0017586050911885809,9
8192,637,0.0016990897275723227,8
8192,638,0.001097193114587669,11
8192,639,0.0016346386432765092,8
8192,640,0.0010769348183286842,8
8192,641,0.0016093539450364736,8
8192,642,0.0015340580519122016,9
8192,643,0.001122821916536454,8
8192,644,0.0012236882230227675,11
8192,645,0.0014329304675744226,8
8192,646,0.0006415422218193356,9
8192,647,0.0014043814617470396,8
8192,648,0.0013346458817949935,8
8192,649,0.0011090307863146354,8
8192,650,0.0008924872189103039,8
8192,651,0.0017890339949149237,8
8192,652,0.0009071118961351821,8
8192,653,0.0016863546521803663,12
8192,654,0.0010481574094156065,8
8192,655,0.0012571284633496882,9
8192,656,0.0007998876540706856,10
8192,657,0.0009701999451652288,8
8192,658,0.001675738501555002,8
8192,659,0.0021994294688081895,8
8192,660,0.0021245052244754925,8
8192,661,0.001328863980395445,8
8192,662,0.0015073580692795963,8
8192,663,0.0010299646956716257,8
8192,664,0.0013670475063863874,8
8192,665,0.0017910902963780284,19
8192,666,0.000836535896109103,8
8192,667,0.001683375036526158,12
8192,668,0.0017445262786340288,11
8192,669,0.0013397194702644555,10
8192,670,0.0017650370701644824,12
8192,671,0.0010922584148104209,10
8192,672,0.0019193320424545357,8
8192,673,0.0019351416802214083,8
8192,674,0.0013238807861895019,8
8192,675,0.0009689606006797469,9
8192,676,0.0013630255562663285,8
8192,677,0.001532240443699484,8
8192,678,0.0012621243014463435,9
8192,679,0.001428961778557114,8
8192,680,0.0018338679425170534,9
8192,681,0.00150257796595199,9
8192,682,0.0011041809847702477,10
8192,683,0.0019325016397533368,12
8192,684,0.0008536342001593811,8
8192,685,0.0019509609566108477,10
8192,686,0.0014674746063016997,10
8192,687,0.0014183063615360592,9
8192,688,0.0015630388280887253,8
8192,689,0.0007275749790833785,8
8192,690,0.0016046375292180226,10
8192,691,0.0015680879048985963,9
8192,692,0.00093053835404866,8
8192,693,0.0011442867912866417,8
8192,694,0.0012974380730104151,8
8192,695,0.0017642943670215239,14
8192,696,0.000876326612283318,8
8192,697,0.0009367263620250754,8
8192,698,0.0017250788042696419,8
8192,699,0.0015678702093533392,10
8192,700,0.0009844323607423044,9
8192,701,0.0016799379034805884,8
8192,702,0.0013409392566463563,10
8192,703,0.0016417642297345547,8
8192,704,0.0014552356244995623,12
8192,705,0.0015427394042634157,10
8192,706,0.002268674791528036,8
8192,707,0.001430081397376659,14
8192,708,0.0012567710173363444,10
8192,709,0.0016306490871327295,10
8192,710,0.001463983171101746,8
8192,711,0.0010466663780185348,8
8192,712,0.0015161002101158338,8
8192,713,0.001823653463265379,8
8192,714,0.0016301267625625504,13
8192,715,0.0014059930841382462,9
8192,716,0.002151774778180293,8
8192,717,0.0011800123770838722,9
8192,718,0.0010487421374101302,15
8192,719,0.0014579953456322903,8
8192,720,0.0019742115172354247,12
8192,721,0.0015539136778619511,8
8192,722,0.0016307663024967,8
8192,723,0.0011683339046794083,8
8192,724,0.0020500221234573957,13
8192,725,0.0014746354467511935,8
8192,726,0.0011675335036397394,10
8192,727,0.0010147464097177705,8
8192,728,0.0017433295668032311,8
8192,729,0.0013590910587475413,8
8192,730,0.0012297268005281858,8
8192,731,0.0009748931914140835,8
8192,732,0.0010366480933458322,8
8192,733,0.0022848513486598554,19
8192,734,0.0012425963748499136,9
8192,735,0.0008291049817979457,8
8192,736,0.0015219802502084434,11
8192,737,0.001843367298469789,15
8192,738,0.002028777182099817,10
8192,739,0.0016936681950012744,8
8192,740,0.001605699470177857,10
8192,741,0.0015100629903968543,8
8192,742,0.001436513290287822,8
8192,743,0.0015102459969877913,8
8192,744,0.001175947667063193,8
8192,745,0.0013471850415075481,8
8192,746,0.0009201358892112765,9
8192,747,0.0014115507947931316,8
8192,748,0.0014832932983954716,8
8192,749,0.0017125631158640964,8
8192,750,0.0014688539202358797,8
8192,751,0.0009284030229149698,14
8192,752,0.0016490150991512742,8
8192,753,0.0013634784356856278,8
8192,754,0.0018681981971437889,8
8192,755,0.001693237862248398,8
8192,756,0.0019528666798749317,8
8192,757,0.0012962617788072894,8
8192,758,0.0012303162802046463,8
8192,759,0.002336182829392186,8
8192,760,0.001029514735286119,8
8192,761,0.0010437008376014134,8
8192,762,0.002663481334749057,10
8192,763,0.0018943890440946687,9
8192,764,0.0010405582337732477,8
8192,765,0.0013549596731236013,8
8192,766,0.0014586217107852573,8
8192,767,0.0017975460452940295,8
8192,768,0.0015807180119870035,8
8192,769,0.0007711966300284478,9
8192,770,0.0017934267214034794,8
8192,771,0.0011152788614831044,8
8192,772,0.0013244753085075445,9
8192,773,0.0020926137980389337,9
8192,774,0.001052577448149239,10
8192,775,0.0018644478065498737,8
8192,776,0.0012967932681303695,8
8192,777,0.001585786411829604,8
8192,778,0.001065204166289191,8
8192,779,0.0009717485752189781,8
8192,780,0.0010645090296489412,8
8192,781,0.0009870695519463846,8
8192,782,0.001328531288156909,8
8192,783,0.0016985634084243917,8
8192,784,0.0011048445577112043,8
8192,785,0.0022341004932533437,8
8192,786,0.0012040769012122698,9
8192,787,0.0006415568234968694,8
8192,788,0.0011020958425235206,8
8192,789,0.0014275057885617115,8
8192,790,0.001407826022097991,8
8192,791,0.001257152265848993,8
8192,792,0.001670314258938821,13
8192,793,0.0015856829228246272,8
8192,794,0.001374299871452045,15
8192,795,0.001664374539468938,15
8192,796,0.0018767336005602875,8
8192,797,0.002275654351447387,8
8192,798,0.0015124484965810536,8
8192,799,0.0015712583741189778,9
8192,800,0.0010370562738670763,8
8192,801,0.0011714570649900002,9
8192,802,0.0013267840727263502,8
8192,803,0.0013678795611677952,8
8192,804,0.001283378828011883,8
8192,805,0.0010510785177462179,8
8192,806,0.0008840333114019661,8
8192,807,0.0014649825900059366,11
8192,808,0.001057972008835839,9
8192,809,0.0007291875169989082,9
8192,810,0.0011738179658632442,8
8192,811,0.0007349174714981199,8
8192,812,0.0012707554873383486,8
8192,813,0.0018839366413750946,8
8192,814,0.002059276485656958,12
8192,815,0.0013647939256429265,11
8192,816,0.0008983369458658297,8
8192,817,0.0011817906075709539,8
8192,818,0.0013953418863077438,8
8192,819,0.0011793435091898008,8
8192,820,0.001061453188326067,8
8192,821,0.001064679416534986,10
8192,822,0.0010958538206153334,8
8192,823,0.0014015195541545733,8
8192,824,0.0006698537436025109,9
8192,825,0.0012635856145146729,8
8192,826,0.001146473992092667,8
8192,827,0.0015715559719603478,8
8192,828,0.0009178747831713463,9
8192,829,0.0008378743668926436,8
8192,830,0.001458434579584944,13
8192,831,0.001210636756408312,13
8192,832,0.0010959570564020304,10
8192,833,0.0017858441817026893,13
8192,834,0.0017087402669020424,8
8192,835,0.001401093757328331,10
8192,836,0.0013246418911473379,8
8192,837,0.0010354648093218177,8
8192,838,0.0013065706139264721,8
8192,839,0.0013075049666283478,8
8192,840,0.0015459993978718944,12
8192,841,0.0009920371226480595,8
8192,842,0.001798216690792831,12
8192,843,0.0010444229386374904,8
8192,844,0.0015636663320536814,10
8192,845,0.001877460896062777,8
8192,846,0.0018211356961588265,8
8192,847,0.0012694220915437926,8
8192,848,0.0022083723721202375,12
8192,849,0.001667639073943017,8
8192,850,0.002172567764239852,8
8192,851,0.0008451147598534936,8
8192,852,0.0013314252171072738,8
8192,853,0.0015561689343419616,8
8192,854,0.0013933763183985315,8
8192,855,0.001044455172072578,8
8192,856,0.00160207513472016,12
8192,857,0.0009836057754809557,8
8192,858,0.0012208943231878377,8
8192,859,0.0018460183631044125,11
8192,860,0.001251678871922457,9
8192,861,0.0012699586977497623,10
8192,862,0.0017167039449655919,16
8192,863,0.0011838420862413934,8
8192,864,0.0015078123723658576,8
8192,865,0.0009122942568771109,8
8192,866,0.0015834092886525264,8
8192,867,0.00134888027556479,9
8192,868,0.00203813919254614,8
8192,869,0.0016479887487427236,10
8192,870,0.0013218844892350923,10
8192,871,0.0008428062488273769,8
8192,872,0.0019178158210606533,19
8192,873,0.00155437791431412,10
8192,874,0.0011472225009680759,8
8192,875,0.002001681197774441,8
8192,876,0.0016634595344329206,10
8192,877,0.0010604240435654333,8
8192,878,0.002185639741722978,13
8192,879,0.0012685922397138727,9
8192,880,0.0023745003897718553,21
8192,881,0.0014562415266883288,9
8192,882,0.0008892291143319242,8
8192,883,0.001522221734412521,8
8192,884,0.0010846153719004104,8
8192,885,0.002089188709335388,8
8192,886,0.0009915503865910447,8
8192,887,0.0018341990206434122,8
8192,888,0.0014326225011910276,8
8192,889,0.001041578988672076,8
8192,890,0.002798632300365922,8
8192,891,0.0021212561009622544,8
8192,892,0.0010449200020244964,10
8192,893,0.0008743981346357454,9
8192,894,0.0009977728831825905,10
8192,895,0.0017972512732414847,8
8192,896,0.0013579854773835554,8
8192,897,0.0011198865169534944,8
8192,898,0.0011669309203584666,8
8192,899,0.0010903483089874655,9
8192,900,0.0010989623490688105,10
8192,901,0.0021774251636046404,8
8192,902,0.0011328620599692085,8
8192,903,0.001863552095047738,14
8192,904,0.0012368324163436473,8
8192,905,0.0011355030143284095,8
8192,906,0.002775800738559542,8
8192,907,0.0009734129559804128,8
8192,908,0.0008642489399406372,8
8192,909,0.0016560985643462034,16
8192,910,0.0010287011436392324,9
8192,911,0.0017099509192992635,8
8192,912,0.0009703318936566951,8
8192,913,0.0011317800652720367,8
8192,914,0.0012839433401035105,8
8192,915,0.0010777591133763753,8
8192,916,0.0025080692434498175,8
8192,917,0.000811229389143131,8
8192,918,0.0015688437577320302,8
8192,919,0.0011778457905692319,8
8192,920,0.0015352586861647755,8
8192,921,0.001281371310927537,8
8192,922,0.0019538764433341127,8
8192,923,0.0012414720413979063,8
8192,924,0.0018674698906600007,8
8192,925,0.002079710488689268,16
8192,926,0.0013836433559649697,8
8192,927,0.001192241976478603,8
8192,928,0.0013658293219707685,8
8192,929,0.0007151431356025584,8
8192,930,0.001526201698467733,8
8192,931,0.0016581561304201964,9
8192,932,0.0009071272370250183,8
8192,933,0.0019133873787683386,12
8192,934,0.001050691337169618,8
8192,935,0.0017412251632686893,9
8192,936,0.0013317506019675518,10
8192,937,0.0010357712143392872,9
8192,938,0.001700576806427434,8
8192,939,0.002079332656797536,14
8192,940,0.0008987026741006376,9
8192,941,0.0014491920073785025,8
8192,942,0.001567458398204935,11
8192,943,0.0013672949095285825,8
8192,944,0.0020645650356763134,8
8192,945,0.0009085935111181609,8
8192,946,0.002169315470893607,14
8192,947,0.0016053023712835346,14
8192,948,0.001192218622240282,11
8192,949,0.0015768329763978794,8
8192,950,0.0015663386278068625,8
8192,951,0.0013809475351659328,8
8192,952,0.0012753799295620594,8
8192,953,0.0013562753675012695,11
8192,954,0.0021127398666236363,9
8192,955,0.0009573546344937567,8
8192,956,0.0009062413082789877,9
8192,957,0.0012423954387811298,8
8192,958,0.0009330710963559863,8
8192,959,0.0009258491876790176,8
8192,960,0.0017969795471012295,13
8192,961,0.0009702217080799769,9
8192,962,0.0011334552172823642,8
8192,963,0.0017895061398893741,11
8192,964,0.000978930996235472,8
8192,965,0.0012495424230271057,8
8192,966,0.0012101175622227789,8
8192,967,0.001352206704420822,9
8192,968,0.0019785650799598598,8
8192,969,0.0010962790179436244,8
8192,970,0.001385502966689267,9
8192,971,0.0016179546058913141,8
8192,972,0.0009487960072950274,8
8192,973,0.0014502115952571004,8
8192,974,0.0009357840596974643,9
8192,975,0.000683330823141981,8
8192,976,0.0010259363339222283,9
8192,977,0.0017225541027982016,16
8192,978,0.0011620636176055132,8
8192,979,0.0012903168864888404,8
8192,980,0.001116922071767612,8
8192,981,0.0014970332451819113,8
8192,982,0.0019332673324479188,8
8192,983,0.001175343867355294,8
8192,984,0.0011603087874493268,9
8192,985,0.001469742833721921,8
8192,986,0.0009409050499479266,8
8192,987,0.0011096658631579714,10
8192,988,0.0014989503167449625,8
8192,989,0.001058572425998161,8
8192,990,0.0013319580421483623,8
8192,991,0.0007417044833802899,8
8192,992,0.0018355750548863514,16
8192,993,0.00124173238952352,10
8192,994,0.0012762306366993492,12
8192,995,0.0012739153699251604,8
8192,996,0.0015382460094828243,8
8192,997,0.0022910701078818763,8
8192,998,0.0013272194797788739,8
8192,999,0.0017813396718312502,8
8192,1000,0.0014718741553952919,8
8192,1001,0.0016742518784256255,8
8192,1002,0.002024747747447986,8
8192,1003,0.0013640103121477232,8
8192,1004,0.0017879025963131179,10
8192,1005,0.001499458335491366,8
8192,1006,0.001383356682399084,8
8192,1007,0.001470259699250298,9
8192,1008,0.0012703826808962981,8
8192,1009,0.001108935992273019,8
8192,1010,0.0016862224956605276,8
8192,1011,0.0009818853506290415,8
8192,1012,0.001485901508326809,8
8192,1013,0.002097946160043662,8
8192,1014,0.0012513753724723298,10
8192,1015,0.001760493964863663,9
8192,1016,0.0011708995937356748,8
8192,1017,0.0014664321439990524,9
8192,1018,0.0008145438692594986,8
8192,1019,0.0017879017206554604,16
8192,1020,0.0015446470846102178,8
8192,1021,0.0014981921151882016,8
8192,1022,0.0014361894245895623,8
8192,1023,0.0014132981415612977,12
8192,1024,0.0013318003049103688,12
8192,1025,0.0012348612110588686,8
8192,1026,0.0013621268617795002,8
8192,1027,0.002312114023116929,8
8192,1028,0.001206094723265938,8
8192,1029,0.0013515241346810924,10
8192,1030,0.0014270004950159842,8
8192,1031,0.0017165049125788256,10
8192,1032,0.0010541691923857677,8
8192,1033,0.0018219422185078438,8
8192,1034,0.0009350764063535133,8
8192,1035,0.0010902885145418484,8
8192,1036,0.0018312338642639259,9
8192,1037,0.0008713895915544168,8
8192,1038,0.0019334593463052885,8
8192,1039,0.0010783173605625196,8
8192,1040,0.0014988746557887955,9
8192,1041,0.0015273857249678002,8
8192,1042,0.0014477836074411332,8
8192,1043,0.0012974740287813868,9
8192,1044,0.001364887440790663,14
8192,1045,0.0017249574687699942,8
8192,1046,0.0017381756392598202,9
8192,1047,0.0016283235030732368,8
8192,1048,0.0016106788436081598,8
8192,1049,0.0011770609583987568,11
8192,1050,0.0019503568583153497,13
8192,1051,0.0018182938057300646,14
8192,1052,0.0015388724570118972,8
8192,1053,0.0012978969354942582,10
8192,1054,0.0020219773047580603,11
8192,1055,0.0019097346322937137,13
8192,1056,0.0014608943780209938,9
8192,1057,0.0017712922145932675,11
8192,1058,0.0009383823591535556,9
8192,1059,0.0012339931306890872,8
8192,1060,0.0011380122152665484,8
8192,1061,0.0011732247998469392,8
8192,1062,0.0011979760733642486,8
8192,1063,0.0016356395624074205,8
8192,1064,0.001878164205966204,8
8192,1065,0.0019581193428284127,13
8192,1066,0.0015414495229295055,8
8192,1067,0.0016683107833191935,8
8192,1068,0.0013526068011708858,8
8192,1069,0.0017821154906776937,8
8192,1070,0.0013099164277761144,8
8192,1071,0.001404530227444356,8
8192,1072,0.0015316918893701903,8
8192,1073,0.0016496885395232974,8
8192,1074,0.0022395166602955374,8
8192,1075,0.0014691385317844308,8
8192,1076,0.0013601549592222595,8
8192,1077,0.001051056014178653,8
8192,1078,0.0016885857535963722,12
8192,1079,0.0011673419308302346,10
8192,1080,0.0012509530312368455,9
8192,1081,0.0014309065623785422,8
8192,1082,0.0013834701563629759,11
8192,1083,0.002407524156582408,8
8192,1084,0.002251619936615601,8
8192,1085,0.0008151699135690582,8
8192,1086,0.00127789482551674,8
8192,1087,0.0014049474189299915,11
8192,1088,0.0018748674063390203,8
8192,1089,0.001450171252699528,8
8192,1090,0.001697091559194286,8
8192,1091,0.001299789802064688,9
8192,1092,0.00147629789991377,8
8192,1093,0.0015570006186443885,8
8192,1094,0.001252508852654488,8
8192,1095,0.0009507056751015819,8
8192,1096,0.001108827104994159,8
8192,1097,0.0014023495590148594,12
8192,1098,0.0020069177720788423,8
8192,1099,0.0024798781929623592,18
8192,1100,0.002157241396166576,8
8192,1101,0.0015660139550869867,9
8192,1102,0.0012174842371720507,8
8192,1103,0.0017590403377365504,11
8192,1104,0.0010074339676084954,8
8192,1105,0.0022349603247779903,8
8192,1106,0.0010891539075268408,9
8192,1107,0.0007651926140762599,8
8192,1108,0.0018808131123901894,13
8192,1109,0.0013395165598209524,10
8192,1110,0.001175110823290887,8
8192,1111,0.0016642413972222103,16
8192,1112,0.0019764104591829534,11
8192,1113,0.0011735635638782105,8
8192,1114,0.001343598625106024,8
8192,1115,0.0013637998001229112,11
8192,1116,0.0018110873713764741,8
8192,1117,0.0015009231821606628,10
8192,1118,0.0012710339393481318,8
8192,1119,0.0016584563193693391,8
8192,1120,0.0019807709191191902,8
8192,1121,0.0018059915412899086,8
8192,1122,0.0014231153372314953,8
8192,1123,0.001317602655126482,8
8192,1124,0.00119658538723999,8
8192,1125,0.0010482975763936864,8
8192,1126,0.001027283678585511,8
8192,1127,0.0014999519079095247,11
8192,1128,0.0011374639243389995,8
8192,1129,0.0016301905958022722,8
8192,1130,0.0018035670769454004,11
8192,1131,0.0017446328746353323,9
8192,1132,0.0015469526282647639,8
8192,1133,0.001693499510234564,8
8192,1134,0.0016281171447063147,8
8192,1135,0.001733013419065288,14
8192,1136,0.0019138148818973466,11
8192,1137,0.0010193743927662258,8
8192,1138,0.0019020238169673576,13
8192,1139,0.002915118713448628,8
8192,1140,0.0013530754167186965,9
8192,1141,0.0010512151639542888,9
8192,1142,0.0009508473143560181,8
8192,1143,0.0010694661192363064,8
8192,1144,0.0019154877472562504,8
8192,1145,0.0017722348739042104,8
8192,1146,0.0009451008444371078,8
8192,1147,0.0008745341817475438,9
8192,1148,0.001064223467898029,10
8192,1149,0.0012255674306508313,8
8192,1150,0.0014757846049268941,8
8192,1151,0.001278418076911203,8
8192,1152,0.0017211623997485104,8
8192,1153,0.0011767599438251564,8
8192,1154,0.0015354650223763366,8
8192,1155,0.0017317187999785766,9
8192,1156,0.0013589245046594645,11
8192,1157,0.0014667789171733947,8
8192,1158,0.0012611368620484842,9
8192,1159,0.00130757718340338,8
8192,1160,0.0010448656852720117,10
8192,1161,0.0014842216021839771,9
8192,1162,0.0008254832471572549,8
8192,1163,0.0007210666009290767,8
8192,1164,0.0014589243465564783,8
8192,1165,0.0015076171802685945,9
8192,1166,0.001754037185936308,11
8192,1167,0.0009997779875061674,9
8192,1168,0.002267693553922867,8
8192,1169,0.0012192375452458326,10
8192,1170,0.000600790931449352,8
8192,1171,0.0009228774483599489,8
8192,1172,0.0024030686401597112,8
8192,1173,0.0015563371607527632,8
8192,1174,0.0014853965225343213,9
8192,1175,0.0014448912211320053,10
8192,1176,0.0012178254597161597,8
8192,1177,0.0022578327536874054,12
8192,1178,0.0016473908080898436,12
8192,1179,0.0008348776979609784,8
8192,1180,0.0013175318113822776,8
8192,1181,0.001410470612359993,8
8192,1182,0.0010857829259424134,9
8192,1183,0.0012422343344679065,8
8192,1184,0.0019518552455132232,8
8192,1185,0.0018652413574186122,12
8192,1186,0.001926900748085686,8
8192,1187,0.001354067680263693,8
8192,1188,0.0013174309500742776,8
8192,1189,0.0018256645421584894,8
8192,1190,0.002194324475168763,8
8192,1191,0.0016459204317065268,11
8192,1192,0.0011217450456481037,9
8192,1193,0.001137441018808527,8
8192,1194,0.002058622756075504,14
8192,1195,0.0015001604847660888,8
8192,1196,0.0011956002375254071,10
8192,1197,0.0011289168248261872,10
8192,1198,0.0019966056872005034,8
8192,1199,0.0017155053190470726,10
8192,1200,0.0014454357227106085,8
8192,1201,0.0012317872933510499,8
8192,1202,0.0013102361875891866,8
8192,1203,0.002054353510732909,8
8192,1204,0.0011617595391580915,12
8192,1205,0.001345371051801325,8
8192,1206,0.001720519566562717,8
8192,1207,0.0009231781444304366,8
8192,1208,0.0013499929222139384,9
8192,1209,0.000826929722571923,10
8192,1210,0.0017364375115633823,8
8192,1211,0.0014673826224966546,10
8192,1212,0.0012714469949260954,8
8192,1213,0.0010924179900536624,8
8192,1214,0.0011771338730281744,12
8192,1215,0.0017803303730068443,9
8192,1216,0.0019648915578383552,9
8192,1217,0.0017080161578841846,8
8192,1218,0.000815329838393164,9
8192,1219,0.0010872306053404945,8
8192,1220,0.0016245472043061593,8
8192,1221,0.002049473892521636,8
8192,1222,0.0011603744306094566,8
8192,1223,0.0015539267145467939,9
8192,1224,0.00112516086644876,8
8192,1225,0.0015284836321051154,11
8192,1226,0.0011589344915318156,8
8192,1227,0.0007240978013954846,8
8192,1228,0.0014031414148595323,8
8192,1229,0.001271163512467588,8
8192,1230,0.0014709737730488337,8
8192,1231,0.0015025298904873252,9
8192,1232,0.0010638577605837085,8
8192,1233,0.0017881963274480883,8
8192,1234,0.000871204537598147,8
8192,1235,0.001739915989715457,8
8192,1236,0.0014729985266687118,8
8192,1237,0.0015365708372040432,8
8192,1238,0.002397441574640946,8
8192,1239,0.0011565973915605432,9
8192,1240,0.0014039441327247104,9
8192,1241,0.0010616063701377465,8
8192,1242,0.0017730121984279035,9
8192,1243,0.0016633756803304811,9
8192,1244,0.0019999332477339538,8
8192,1245,0.0018970976561423214,8
8192,1246,0.001867017359252321,16
8192,1247,0.0016508608701564231,8
8192,1248,0.0011472493561344166,9
8192,1249,0.001729363766535652,8
8192,1250,0.0018598066572880212,8
8192,1251,0.0010919430715350398,8
8192,1252,0.0011387738476981157,10
8192,1253,0.0013200311260348485,8
8192,1254,0.0014644551357682056,11
8192,1255,0.0014633454342219965,9
8192,1256,0.0012546679365301738,9
8192,1257,0.0013957308847322158,8
8192,1258,0.0018600637730306069,8
8192,1259,0.0016848250990167957,8
8192,1260,0.001580544861449873,8
8192,1261,0.0013214647927465295,8
8192,1262,0.0017467044922607755,8
8192,1263,0.0016507398813153662,11
8192,1264,0.0010461289653366235,8
8192,1265,0.001037976985550526,8
8192,1266,0.0012631102743861922,9
8192,1267,0.0007967885803314978,8
8192,1268,0.0014542530095346118,15
8192,1269,0.0016123401857702224,13
8192,1270,0.0005870290368545916,9
8192,1271,0.001741314115939252,8
8192,1272,0.0010277825986794165,8
8192,1273,0.0014999780126039308,8
8192,1274,0.001838207290741689,8
8192,1275,0.001389945491570066,8
8192,1276,0.001098296301894619,8
8192,1277,0.001326817148929349,8
8192,1278,0.0010773606225457089,8
8192,1279,0.0016325308338064337,8
8192,1280,0.0009960230054996133,8
8192,1281,0.0015294612485626802,8
8192,1282,0.0009805668450582061,8
8192,1283,0.001148524247491567,8
8192,1284,0.0016409415184434062,8
8192,1285,0.0012374603388498606,8
8192,1286,0.001019074056557434,8
8192,1287,0.00154476878398635,8
8192,1288,0.0014304010873739115,8
8192,1289,0.001484215420621382,8
8192,1290,0.0018383210108302572,8
8192,1291,0.0008997945374477068,8
8192,1292,0.0015383244579075805,11
8192,1293,0.0014697734241023719,8
8192,1294,0.002033163006778138,8
8192,1295,0.0020716594352967466,10
8192,1296,0.0013059686642017398,9
8192,1297,0.0012725867814114,8
8192,1298,0.0012653848128033607,8
8192,1299,0.001259868252608931,8
8192,1300,0.0018537502550854956,8
8192,1301,0.0014078030829898225,8
8192,1302,0.0016474093651468458,8
8192,1303,0.001553340702879602,13
8192,1304,0.001497118091067673,8
8192,1305,0.0013776750814386007,15
8192,1306,0.001448035839195727,8
8192,1307,0.0013709843014043654,12
8192,1308,0.0010551680298411803,10
8192,1309,0.001378741509129533,8
8192,1310,0.001120288763110655,9
8192,1311,0.0014487068461429553,12
8192,1312,0.0012679729830391562,8
8192,1313,0.0009965882625518896,13
8192,1314,0.0013737425910210765,8
8192,1315,0.0014791096822975303,9
8192,1316,0.0011376896913051215,8
8192,1317,0.0012556452154403597,8
8192,1318,0.001407792469092728,8
8192,1319,0.0019869915559709295,13
8192,1320,0.0007558324702162389,8
8192,1321,0.0014901751449553635,8
8192,1322,0.0016238179379616247,8
8192,1323,0.0012208245398084294,10
8192,1324,0.0010915406569623753,9
8192,1325,0.0013857323002715027,8
8192,1326,0.0018476818767458603,9
8192,1327,0.0018028912417399345,8
8192,1328,0.0013663465023481258,12
8192,1329,0.0012391924735725146,10
8192,1330,0.001088456397110027,8
8192,1331,0.0010239713965086716,8
8192,1332,0.0007704589604132783,8
8192,1333,0.0018284444331768679,10
8192,1334,0.0014851680443411786,8
8192,1335,0.0011914107890066417,8
8192,1336,0.0014785402776594792,10
8192,1337,0.001023941556532626,8
8192,1338,0.000823461367046141,8
8192,1339,0.0015982194614762024,8
8192,1340,0.0009294285608568709,8
8192,1341,0.0011512455090474383,9
8192,1342,0.0015306073712786361,8
8192,1343,0.0012836428763095542,8
8192,1344,0.002204704637544297,8
8192,1345,0.0019128480379283497,9
8192,1346,0.002025979883339857,8
8192,1347,0.0010285715955690167,8
8192,1348,0.0010052221699761166,10
8192,1349,0.001697405067991764,12
8192,1350,0.001508672384870291,10
8192,1351,0.0009264729227670687,8
8192,1352,0.0018736121702569997,9
8192,1353,0.0018529121335638665,9
8192,1354,0.0013647417086301017,8
8192,1355,0.001748446821481786,8
8192,1356,0.0014402494653275033,8
8192,1357,0.00141562603587142,8
8192,1358,0.0012060346994414717,9
8192,1359,0.0014728590053005308,8
8192,1360,0.0009458584982451335,8
8192,1361,0.0012842393848465639,8
8192,1362,0.0012524265239029497,8
8192,1363,0.0015692767464918767,8
8192,1364,0.0010285708853559061,8
8192,1365,0.0011678549238115787,11
8192,1366,0.001406084117565487,8
8192,1367,0.0017021020028356038,8
8192,1368,0.0021861173387234534,8
8192,1369,0.0025340213359598684,8
8192,1370,0.001451050296825518,8
8192,1371,0.00130996500048991,9
8192,1372,0.0011480587928404118,11
8192,1373,0.0008597868814033127,8
8192,1374,0.001152040526592013,8
8192,1375,0.0012441331185094606,10
8192,1376,0.002260811732185508,8
8192,1377,0.0013653505179027636,8
8192,1378,0.0013220580069681076,8
8192,1379,0.0012134463714870147,8
8192,1380,0.001156072788614404,8
8192,1381,0.0016266999369700663,8
8192,1382,0.0014917036077830292,8
8192,1383,0.0014971987972275391,8
8192,1384,0.0011851379512117788,11
8192,1385,0.0013099853159977415,8
8192,1386,0.0013916796740361947,11
8192,1387,0.0012221016408898722,8
8192,1388,0.001483764547542732,10
8192,1389,0.0011543014710376776,10
8192,1390,0.0015149333592498482,8
8192,1391,0.001365750202643068,8
8192,1392,0.0010055412981063994,8
8192,1393,0.0008439165164619844,8
8192,1394,0.0018240874839164367,8
8192,1395,0.0017764189294610933,8
8192,1396,0.0013185564115146264,9
8192,1397,0.0018604424184713864,9
8192,1398,0.0009101386183207882,8
8192,1399,0.001653344511146848,8
8192,1400,0.0007237195164008225,8
8192,1401,0.0021271317199806905,8
8192,1402,0.0009524289531711583,8
8192,1403,0.002018921378862615,8
8192,1404,0.0009945958764255858,8
8192,1405,0.001660368691801306,8
8192,1406,0.001335431058332448,8
8192,1407,0.0009732236549701012,8
8192,1408,0.00112523319846225,8
8192,1409,0.0008911602381205252,8
8192,1410,0.0016060927365287858,8
8192,1411,0.001598393446615276,12
8192,1412,0.001473579480142595,9
8192,1413,0.001192721916202455,8
8192,1414,0.001274675209540832,8
8192,1415,0.001349684109254401,10
8192,1416,0.001245038380843777,8
8192,1417,0.0014568703986748421,9
8192,1418,0.0021508178426261626,8
8192,1419,0.0012043547659380538,8
8192,1420,0.0015737237097461776,14
8192,1421,0.0013873086291307235,8
8192,1422,0.0016724375839830552,11
8192,1423,0.001744477174475123,8
8192,1424,0.0013135062241870221,8
8192,1425,0.0017934038917919448,8
8192,1426,0.0011752284354600295,8
8192,1427,0.0013497858167732524,14
8192,1428,0.0010345949292684953,11
8192,1429,0.0015471823271376861,9
8192,1430,0.0008799064237632326,8
8192,1431,0.0015626409370548267,9
8192,1432,0.0015941983205285948,8
8192,1433,0.001799193072590105,10
8192,1434,0.001174503273296379,10
8192,1435,0.0020876386618836618,15
8192,1436,0.0015040168954746358,8
8192,1437,0.0009946451702984582,9
8192,1438,0.0012380726602654324,12
8192,1439,0.0009800854046869145,9
8192,1440,0.0018211899216766247,9
8192,1441,0.0009731251094207138,8
8192,1442,0.0016853906326192991,9
8192,1443,0.0011777507371429907,8
8192,1444,0.0017224432036088144,8
8192,1445,0.001221666748423833,10
8192,1446,0.0012083337688013618,9
8192,1447,0.0007056989235338373,8
8192,1448,0.0018280771404338148,9
8192,1449,0.0006097931756191555,8
8192,1450,0.001343829805323521,8
8192,1451,0.0010396295850076953,8
8192,1452,0.0021032830082616805,8
8192,1453,0.0018532732258866869,13
8192,1454,0.00183317338973088,8
8192,1455,0.0010525766389905544,8
8192,1456,0.001376851310266658,10
8192,1457,0.0014416686352485275,12
8192,1458,0.001129865580032141,8
8192,1459,0.0013413921917315719,8
8192,1460,0.0016968691918203826,8
8192,1461,0.0014570514776857113,13
8192,1462,0.0012106789078760727,10
8192,1463,0.0014437319606659393,10
8192,1464,0.0010033375022098778,9
8192,1465,0.0008999588385668611,8
8192,1466,0.00115691690255737,8
8192,1467,0.0016996841567311072,8
8192,1468,0.0021384701605926537,8
8192,1469,0.0007467237395138993,8
8192,1470,0.0012450736175511068,8
8192,1471,0.0009915284716934814,11
8192,1472,0.0016084847878380382,16
8192,1473,0.0011827219009767909,8
8192,1474,0.0008751633879613419,8
8192,1475,0.0010607945367496763,8
8192,1476,0.0016766606090078962,8
8192,1477,0.0016146292592295053,14
8192,1478,0.0012210432363430612,8
8192,1479,0.0010743287595536,8
8192,1480,0.0018874982360918002,8
8192,1481,0.0009249644328985784,8
8192,1482,0.0015756459240114928,8
8192,1483,0.001111745402473996,9
8192,1484,0.0012858976404728217,13
8192,1485,0.002369256189620139,11
8192,1486,0.002095687488626208,8
8192,1487,0.001466323290442273,8
8192,1488,0.0013976012357032608,9
8192,1489,0.0018355376129591816,8
8192,1490,0.0016903836003953066,8
8192,1491,0.0016213749342428585,8
8192,1492,0.0014949830287670496,8
8192,1493,0.0017201886663477106,8
8192,1494,0.0017025441546553166,8
8192,1495,0.0010404214371614318,8
8192,1496,0.0010736119429614055,8
8192,1497,0.001249367968738646,8
8192,1498,0.0013433993703039215,8
8192,1499,0.000948081295279124,8
8192,1500,0.0008678870045788489,8
8192,1501,0.0011304485550341914,8
8192,1502,0.001401611695710181,8
8192,1503,0.0015534664929863773,13
8192,1504,0.0006356416299246881,8
8192,1505,0.0014422619582550311,8
8192,1506,0.0013624688200790658,8
8192,1507,0.0009709478624460588,8
8192,1508,0.0015820828832164846,9
8192,1509,0.0010651342557094212,8
8192,1510,0.0011026996013876467,8
8192,1511,0.0011604083218264005,10
8192,1512,0.0010044928241840223,8
8192,1513,0.0007903045868573599,8
8192,1514,0.0009154301079176141,8
8192,1515,0.0014997749270854177,8
8192,1516,0.0013571928580783377,8
8192,1517,0.0012735158365209387,8
8192,1518,0.0017398522392068072,8
8192,1519,0.0013050078533991538,8
8192,1520,0.0008653956873266866,8
8192,1521,0.0009942416155783174,9
8192,1522,0.001108946146366696,9
8192,1523,0.0014110797243783724,12
8192,1524,0.0015743484604203717,8
8192,1525,0.002367401179695472,8
8192,1526,0.001720067309522899,11
8192,1527,0.0010157927135722722,8
8192,1528,0.001122332583984087,8
8192,1529,0.0010838639473379486,8
8192,1530,0.0012684623992348376,8
8192,1531,0.0007186340584917073,8
8192,1532,0.0008222160272722823,8
8192,1533,0.0016286618038031664,10
8192,1534,0.001714080368612425,8
8192,1535,0.0009734471482989449,8
8192,1536,0.002820637030157447,10
8192,1537,0.0013659695452669096,8
8192,1538,0.0012685782300562165,8
8192,1539,0.0012479766740727816,8
8192,1540,0.0019068014525719934,8
8192,1541,0.0015281812690674523,12
8192,1542,0.002233415587118759,8
8192,1543,0.0012024421685162823,8
8192,1544,0.0016133380275513698,14
8192,1545,0.0011176423039612748,9
8192,1546,0.0015124094549441303,9
8192,1547,0.0018911451320064998,18
8192,1548,0.0012621348511803188,8
8192,1549,0.0009925081189688933,9
8192,1550,0.0012697489482685897,8
8192,1551,0.0018011145814162965,10
8192,1552,0.0009470816483673206,8
8192,1553,0.002049260239001871,8
8192,1554,0.00132363145214498,9
8192,1555,0.0015678830100508412,8
8192,1556,0.0012305525124470806,8
8192,1557,0.001554036734596309,10
8192,1558,0.0010135712140592057,9
8192,1559,0.0013633545047721518,8
8192,1560,0.0011762360210596512,9
8192,1561,0.0015103432673833073,8
8192,1562,0.0023274642932779033,9
8192,1563,0.0017305897893075683,13
8192,1564,0.0017531705563796907,8
8192,1565,0.0017874373355102058,11
8192,1566,0.0008567412458715395,9
8192,1567,0.0018942571877194059,8
8192,1568,0.0021119951436563422,11
8192,1569,0.0017321102382593656,8
8192,1570,0.001954193672242255,8
8192,1571,0.0009677987683796019,9
8192,1572,0.0009426573499488056,8
8192,1573,0.0017575363909156927,8
8192,1574,0.0012398385125489408,8
8192,1575,0.001291177143268707,8
8192,1576,0.001398748462599242,8
8192,1577,0.0019542837688465986,8
8192,1578,0.0009765767926597224,9
8192,1579,0.0011601170035282493,11
8192,1580,0.0014893715892561055,8
8192,1581,0.0011562651613618025,10
8192,1582,0.0017961096672088894,11
8192,1583,0.0018372847983373353,8
8192,1584,0.0013654567069775192,12
8192,1585,0.002329235019018938,8
8192,1586,0.0015701261209253303,8
8192,1587,0.001459502648630262,8
8192,1588,0.0011122760543234023,10
8192,1589,0.0014413411385476582,8
8192,1590,0.0008910372128000943,8
8192,1591,0.001105670665106917,8
8192,1592,0.0011423255894673634,10
8192,1593,0.00158850661594101,9
8192,1594,0.0012905400171078218,8
8192,1595,0.0012930903503726165,8
8192,1596,0.0015171777237059647,8
8192,1597,0.0015950028097689861,8
8192,1598,0.001026120675701625,9
8192,1599,0.001901593918775868,8
8192,1600,0.0007940189589221713,9
8192,1601,0.0018676716742469512,8
8192,1602,0.001173094238593353,9
8192,1603,0.001592116860149484,10
8192,1604,0.0013196989869861397,8
8192,1605,0.0009157050090177199,8
8192,1606,0.0017992835720895828,9
8192,1607,0.0011417493906209497,8
8192,1608,0.0019371918274820876,8
8192,1609,0.0020770183630515193,17
8192,1610,0.001323387823802702,8
8192,1611,0.0016240572329409564,8
8192,1612,0.0009683087656446321,10
8192,1613,0.0018356383659941522,9
8192,1614,0.0009032271809520376,8
8192,1615,0.0016699878569294002,8
8192,1616,0.0013397502271206285,8
8192,1617,0.0017331667307970422,9
8192,1618,0.0013185757095185435,8
8192,1619,0.0009293074499369669,8
8192,1620,0.0013833638462967812,9
8192,1621,0.0013714117234178147,8
8192,1622,0.0020739147689902565,16
8192,1623,0.0008598026732790087,8
8192,1624,0.0011598267209949054,8
8192,1625,0.0016089929784816048,8
8192,1626,0.0008142839677286184,8
8192,1627,0.0015597982862702864,8
8192,1628,0.0019655138060253874,8
8192,1629,0.002297635839529355,8
8192,1630,0.0020472630931728797,12
8192,1631,0.0015573369622611244,10
8192,1632,0.0013969501218710212,8
8192,1633,0.0019755484894233843,14
8192,1634,0.0013429198002066767,9
8192,1635,0.0016254700351654439,11
8192,1636,0.001771886789708521,15
8192,1637,0.0014686824697388579,8
8192,1638,0.0011116911483652903,8
8192,1639,0.0011582614016069082,8
8192,1640,0.001388951185276821,9
8192,1641,0.0013279086204527335,8
8192,1642,0.0013406367418170029,8
8192,1643,0.0009870024596423388,10
8192,1644,0.0011208697850202398,8
8192,1645,0.0020176365857077494,8
8192,1646,0.0020159792665568332,8
8192,1647,0.0016572704968232932,8
8192,1648,0.0016868952038656682,12
8192,1649,0.0010188847804506462,10
8192,1650,0.0019689503629395366,11
8192,1651,0.0016612044847231777,9
8192,1652,0.002311473095106431,8
8192,1653,0.001167477480016832,8
8192,1654,0.0010702205573049905,8
8192,1655,0.001126000810690031,8
8192,1656,0.0015324894884471973,10
8192,1657,0.0010333857760805865,8
8192,1658,0.0011327752518911494,8
8192,1659,0.0018687052455145237,8
8192,1660,0.0020920046313067653,8
8192,1661,0.001658840439309195,8
8192,1662,0.0015267637063920425,8
8192,1663,0.001481001726960307,8
8192,1664,0.0011461974493791605,9
8192,1665,0.0007541852941324034,8
8192,1666,0.0010956685079109851,8
8192,1667,0.001676386716426781,8
8192,1668,0.0013839533646988755,9
8192,1669,0.0013203767090151919,9
8192,1670,0.0019359367143486628,9
8192,1671,0.00226513604784373,11
8192,1672,0.0020707757511572167,8
8192,1673,0.001022398875732411,8
8192,1674,0.0016038774883181395,9
8192,1675,0.0012786701204803297,8
8192,1676,0.0014490555965616658,8
8192,1677,0.0020916298324379357,21
8192,1678,0.0010759498493431163,8
8192,1679,0.0019008511238025605,9
8192,1680,0.0020732295869307915,8
8192,1681,0.0010145893840994846,8
8192,1682,0.0014440675320640528,8
8192,1683,0.0017079890076009407,8
8192,1684,0.0012552430856653807,8
8192,1685,0.0011983881204383762,8
8192,1686,0.0010254779470473263,10
8192,1687,0.0021993658816396033,11
8192,1688,0.0013193189624324253,10
8192,1689,0.0020648366553748243,15
8192,1690,0.0013278311570519286,8
8192,1691,0.0014686448577679867,8
8192,1692,0.0009320802322080324,10
8192,1693,0.0014728934963348372,11
8192,1694,0.0017195866970604046,10
8192,1695,0.00177132002120306,8
8192,1696,0.0010078757973256414,10
8192,1697,0.0010339659104225962,9
8192,1698,0.0015275322520733603,8
8192,1699,0.0019186735088927431,8
8192,1700,0.0010897370249383087,8
8192,1701,0.001936863071497319,9
8192,1702,0.00153238033718206,9
8192,1703,0.0015496581161448253,9
8192,1704,0.0024835295359140197,8
8192,1705,0.0018501703793569746,8
8192,1706,0.0007538400769856457,8
8192,1707,0.0014026929735738713,10
8192,1708,0.0011190850949647224,8
8192,1709,0.0010993097634485194,8
8192,1710,0.0016063790696503322,10
8192,1711,0.0016469465905757374,8
8192,1712,0.0011474956063258768,8
8192,1713,0.0012768308655339844,9
8192,1714,0.0012036084535195224,9
8192,1715,0.0015077858588509185,8
8192,1716,0.0010516561439084526,10
8192,1717,0.0012940383872053207,8
8192,1718,0.0016537808710365143,8
8192,1719,0.001417628128753734,8
8192,1720,0.0013450872761968657,8
8192,1721,0.0020290328568959848,15
8192,1722,0.0014168267790962696,10
8192,1723,0.0014198605063797665,8
8192,1724,0.0008830291938526358,9
8192,1725,0.0012337525229402235,8
8192,1726,0.0020185533143216583,8
8192,1727,0.0020314554782048244,8
8192,1728,0.0017963508304854603,13
8192,1729,0.002061586503718016,15
8192,1730,0.0010715416496350771,9
8192,1731,0.0011380169619626956,11
8192,1732,0.001516031414345309,11
8192,1733,0.0010159123408056137,9
8192,1734,0.0014208636147435838,8
8192,1735,0.0018923776459018882,8
8192,1736,0.0009344090192024979,8
8192,1737,0.0011618538245039556,8
8192,1738,0.0009823697812414434,8
8192,1739,0.0008871201441866816,10
8192,1740,0.0014835319100535704,8
8192,1741,0.001149847749239763,8
8192,1742,0.0025443477584796703,8
8192,1743,0.001272025669236676,8
8192,1744,0.0011805693041584409,8
8192,1745,0.001244366639857386,16
8192,1746,0.001482384239284762,8
8192,1747,0.001989311298871088,10
8192,1748,0.0011581459260120441,8
8192,1749,0.0014700161953026258,15
8192,1750,0.0016362666931956094,12
8192,1751,0.0010798965766297686,8
8192,1752,0.002043731619106315,8
8192,1753,0.0016939093623140888,9
8192,1754,0.00191773679392937,8
8192,1755,0.0020133469246977898,11
8192,1756,0.0016157798827169945,8
8192,1757,0.0014628033713262045,8
8192,1758,0.0017584069620296683,12
8192,1759,0.0012682296379576963,10
8192,1760,0.0014302742147054293,13
8192,1761,0.0012759535661684973,8
8192,1762,0.001639153597931431,11
8192,1763,0.0015522060601559917,8
8192,1764,0.0013676323082445485,8
8192,1765,0.001540417575090658,11
8192,1766,0.0013156885934367812,8
8192,1767,0.0015165260440097583,8
8192,1768,0.0013646535578611951,9
8192,1769,0.0017400017972891701,9
8192,1770,0.0011545631276416168,8
8192,1771,0.0014292660280240677,8
8192,1772,0.0014295629853827707,9
8192,1773,0.0011822199658181043,10
8192,1774,0.0020416372589754372,11
8192,1775,0.001074806089800151,8
8192,1776,0.0010070466333443884,8
8192,1777,0.0013419041269180365,11
8192,1778,0.000869444339730574,8
8192,1779,0.0014973688999312396,8
8192,1780,0.0011458396938268667,8
8192,1781,0.0011361819993773725,12
8192,1782,0.0012702743852482934,8
8192,1783,0.0015741511748285086,8
8192,1784,0.0017301222028428542,8
8192,1785,0.0012385513368002865,8
8192,1786,0.001391648982980831,8
8192,1787,0.0013609905168628922,8
8192,1788,0.0017090845416841693,9
8192,1789,0.0015061478952633212,9
8192,1790,0.002104138813879497,8
8192,1791,0.0013448822102929414,8
8192,1792,0.00249097804554832,16
8192,1793,0.0019261312116262141,8
8192,1794,0.0010614981153923564,8
8192,1795,0.0012752640208988364,8
8192,1796,0.0015459585621517835,13
8192,1797,0.0013925398500372888,9
8192,1798,0.0013234899115630583,8
8192,1799,0.0018991250854963893,8
8192,1800,0.0011766904437415793,10
8192,1801,0.0009898597513412488,8
8192,1802,0.0017338795566451681,8
8192,1803,0.0016837705267057634,8
8192,1804,0.001112999249800517,8
8192,1805,0.0013673606105488734,8
8192,1806,0.0015724993334674808,10
8192,1807,0.001342479833999377,8
8192,1808,0.002226013395870141,8
8192,1809,0.001232124819295466,8
8192,1810,0.0007950893119461067,8
8192,1811,0.0009030617019184506,8
8192,1812,0.0011485838826717498,8
8192,1813,0.001050159378108012,8
8192,1814,0.0018503271830007106,10
8192,1815,0.0013869418835416036,8
8192,1816,0.0017020917647897482,8
8192,1817,0.0015532193107994363,8
8192,1818,0.0010603353461023368,8
8192,1819,0.0010912141735672787,8
8192,1820,0.0015750311126170313,9
8192,1821,0.0019187620567693298,8
8192,1822,0.0014532248659530067,8
8192,1823,0.0017201489294524919,8
8192,1824,0.0013473972867337203,8
8192,1825,0.0012424881961508039,8
8192,1826,0.001198259603243712,8
8192,1827,0.0012806450443564599,8
8192,1828,0.0014269589348916423,9
8192,1829,0.001635402737863556,13
8192,1830,0.0009559522782303098,8
8192,1831,0.0014569435568662081,8
8192,1832,0.0021391135317028187,8
8192,1833,0.0009754138085681374,8
8192,1834,0.001547386311936405,8
8192,1835,0.0009455624394412165,9
8192,1836,0.0009034434590111662,9
8192,1837,0.0012675279505492965,8
8192,1838,0.001049671939232888,8
8192,1839,0.001286328135522985,8
8192,1840,0.0017902662934333458,13
8192,1841,0.001616902484906979,8
8192,1842,0.0018599931715118645,8
8192,1843,0.0010299194775864606,8
8192,1844,0.0014649247659334341,8
8192,1845,0.0017948139864248924,8
8192,1846,0.0017166779427979506,8
8192,1847,0.0012539797963486699,8
8192,1848,0.0018978536265072954,8
8192,1849,0.0010947301483151817,8
8192,1850,0.001240627330822336,8
8192,1851,0.0013676021803754046,8
8192,1852,0.0015500316193473584,8
8192,1853,0.0017048598895847977,8
8192,1854,0.0020375296292357847,13
8192,1855,0.0007917641909048756,8
8192,1856,0.0019201752023106922,8
8192,1857,0.0015251611522690833,12
8192,1858,0.0012157526010041497,8
8192,1859,0.0017084917661370769,15
8192,1860,0.0016549271291097511,8
8192,1861,0.001477218394569324,8
8192,1862,0.0011785422669647883,8
8192,1863,0.0016842790855720047,10
8192,1864,0.0009015693010494541,8
8192,1865,0.0009030673452955496,8
8192,1866,0.0011999294314345432,9
8192,1867,0.001098678618703608,8
8192,1868,0.0013532594937837317,10
8192,1869,0.0010158680955441035,8
8192,1870,0.001785208114090886,8
8192,1871,0.0010568566558887271,8
8192,1872,0.0013813425586493011,8
8192,1873,0.0017553245430870223,9
8192,1874,0.0020265262070778833,8
8192,1875,0.0012035233755300911,9
8192,1876,0.0019579181903565113,8
8192,1877,0.001197508508952172,8
8192,1878,0.0017620715694875722,12
8192,1879,0.0012916789118148087,8
8192,1880,0.0020006260082423566,12
8192,1881,0.0011827157661808696,8
8192,1882,0.0012854186271355483,8
8192,1883,0.0010632032058349727,9
8192,1884,0.0012138843120828025,8
8192,1885,0.0014043639104213135,10
8192,1886,0.002121295519332822,10
8192,1887,0.0009999768432745748,8
8192,1888,0.0017476559161766492,10
8192,1889,0.0011320890870272216,9
8192,1890,0.0018292652335609727,8
8192,1891,0.001540048418141149,8
8192,1892,0.0011253239981048324,8
8192,1893,0.001623726904746603,15
8192,1894,0.0014219940259073693,8
8192,1895,0.001635899015696607,8
8192,1896,0.0018261768553777813,8
8192,1897,0.0011098146776260531,9
8192,1898,0.002450215917123466,9
8192,1899,0.0014849016207801602,8
8192,1900,0.0011977403009036935,8
8192,1901,0.0012690762126948973,9
8192,1902,0.001723018615074734,8
8192,1903,0.002279313385573245,9
8192,1904,0.0007305678120406167,8
8192,1905,0.0015749546758255795,8
8192,1906,0.0012593608025427416,10
8192,1907,0.0012775822586952312,9
8192,1908,0.0013659692374948795,8
8192,1909,0.00124841512091034,9
8192,1910,0.001874883877240649,13
8192,1911,0.0011677452017723189,8
8192,1912,0.001439559691007175,10
8192,1913,0.001453643197439708,8
8192,1914,0.0013797292006410555,8
8192,1915,0.0021266759855442796,8
8192,1916,0.0015833056944226653,8
8192,1917,0.0015485256071873232,10
8192,1918,0.0013753206377682403,8
8192,1919,0.0009362021829629752,8
8192,1920,0.0017751000605322753,8
8192,1921,0.0016286200527775851,11
8192,1922,0.0016990518106742014,8
8192,1923,0.0012144109708832618,8
8192,1924,0.0011668628025427452,8
8192,1925,0.0015531312603669356,8
8192,1926,0.0013831827124198837,8
8192,1927,0.001029398654898872,8
8192,1928,0.0013960782902041613,8
8192,1929,0.0012996219141385712,12
8192,1930,0.0012977669797490377,8
8192,1931,0.0015876162696777385,11
8192,1932,0.0011965852708012426,8
8192,1933,0.0013371007821839642,8
8192,1934,0.0015760614097526382,10
8192,1935,0.0016850664673934146,8
8192,1936,0.0013845677947253998,11
8192,1937,0.0010311984748531122,8
8192,1938,0.0012172684790287547,9
8192,1939,0.000678433072267226,8
8192,1940,0.0009448218159701094,8
8192,1941,0.0011547227977537489,8
8192,1942,0.0010520817515048408,12
8192,1943,0.0017078674683376205,8
8192,1944,0.0009206677734404645,8
8192,1945,0.0021214455696458856,10
8192,1946,0.0016806196177335808,11
8192,1947,0.0011972835315948727,8
8192,1948,0.0011679048917671575,12
8192,1949,0.001931051926790106,18
8192,1950,0.001306569844670702,8
8192,1951,0.0018212483745126962,8
8192,1952,0.0023070138572364174,8
8192,1953,0.00114537330157638,8
8192,1954,0.0009504864039792116,8
8192,1955,0.001322379878170299,8
8192,1956,0.0015940338616168837,8
8192,1957,0.0013294017062636665,8
8192,1958,0.001489254943797369,8
8192,1959,0.0010048063902392546,8
8192,1960,0.0020541648350621555,8
8192,1961,0.0010099348418095566,8
8192,1962,0.0009421224639359904,9
8192,1963,0.0010247036168806734,9
8192,1964,0.0016780554838917716,8
8192,1965,0.0022679110352161747,8
8192,1966,0.0011747353572093555,8
8192,1967,0.0016890270317003742,8
8192,1968,0.0012127826723615787,8
8192,1969,0.0010649185307735065,8
8192,1970,0.0014990527227322636,8
8192,1971,0.0009995276952632637,8
8192,1972,0.0015367519847384603,8
8192,1973,0.0010418745553064657,8
8192,1974,0.0012430745545130018,8
8192,1975,0.0008758373612781645,8
8192,1976,0.0011661668411780401,10
8192,1977,0.0018422991365643349,11
8192,1978,0.0017705083673253963,10
8192,1979,0.0012505717773391156,8
8192,1980,0.0012188656889541294,8
8192,1981,0.0013213624749179864,12
8192,1982,0.0007893760493818958,8
8192,1983,0.001658496240516727,15
8192,1984,0.0019258998850602005,9
8192,1985,0.0010178821914429426,8
8192,1986,0.0015713934638625915,10
8192,1987,0.0012902418243898317,8
8192,1988,0.0012684119944675887,10
8192,1989,0.001165811926980509,8
8192,1990,0.0015038360707607668,8
8192,1991,0.0014921170900762393,8
8192,1992,0.001431981465365606,12
8192,1993,0.0009126849243112356,8
8192,1994,0.0010435835114409597,8
8192,1995,0.001957800046880176,8
8192,1996,0.0015594590292387078,8
8192,1997,0.0014571511253151925,8
8192,1998,0.000874144770953933,8
8192,1999,0.0018545085654110283,8
8192,2000,0.0010022580054920294,8
8192,2001,0.0021520176918036205,11
8192,2002,0.0017659725406297122,8
8192,2003,0.0013063451798392967,8
8192,2004,0.001058029053905174,8
8192,2005,0.0013559688660512714,8
8192,2006,0.0012715071770754705,9
8192,2007,0.001538851144352149,8
8192,2008,0.0016498277702169384,8
8192,2009,0.001059964733319152,11
8192,2010,0.0009216979382303814,8
8192,2011,0.00138387845190302,8
8192,2012,0.002181577342756591,8
8192,2013,0.0013347304411968075,10
8192,2014,0.001451268016773477,9
8192,2015,0.0018200782150271655,9
8192,2016,0.0014841429217209434,8
8192,2017,0.0014001505248620871,8
8192,2018,0.0017467697627706613,8
8192,2019,0.0017846428568973893,8
8192,2020,0.0016769592599444882,9
8192,2021,0.0018622544508816175,8
8192,2022,0.0012378350154628182,8
8192,2023,0.0013420845396232561,8
8192,2024,0.0012772893665770058,8
8192,2025,0.001449008241655475,8
8192,2026,0.0014317517831621274,8
8192,2027,0.0016149169241770345,8
8192,2028,0.001289665996766387,12
8192,2029,0.000819531943229812,8
8192,2030,0.0012811823235765463,8
8192,2031,0.0013787864401178518,9
8192,2032,0.0014672090209169875,8
8192,2033,0.0012609691309283244,8
8192,2034,0.0017496490416109012,8
8192,2035,0.0010241984506360602,8
8192,2036,0.0015661431139995519,12
8192,2037,0.001412005741016964,8
8192,2038,0.0014764244790566594,8
8192,2039,0.0014465695204441964,8
8192,2040,0.0013154926295824154,9
8192,2041,0.001386960502501533,8
8192,2042,0.0008895592432150989,8
8192,2043,0.0014447687259058206,10
8192,2044,0.0015966257951184892,8
8192,2045,0.0018539019228006604,8
8192,2046,0.0019553668305727356,8
8192,2047,0.0009975433089225438,10
8192,2048,0.0011571594940752439,8
8192,2049,0.0011528082102959525,8
8192,2050,0.0008630757045172688,8
8192,2051,0.001860914989775475,8
8192,2052,0.001216817885994259,8
8192,2053,0.0008947273011224999,8
8192,2054,0.0011402596431255851,9
8192,2055,0.0023867464903813973,17
8192,2056,0.001216032916335763,8
8192,2057,0.0011890410256917283,8
8192,2058,0.0015896481661030193,8
8192,2059,0.001737777344225977,11
8192,2060,0.0007415104628796243,10
8192,2061,0.000946426174486259,8
8192,2062,0.0020448251079770163,8
8192,2063,0.0013626719881425498,8
8192,2064,0.001028599116023543,9
8192,2065,0.001384080929448528,11
8192,2066,0.0017843690697274261,9
8192,2067,0.0016908202028622088,11
8192,2068,0.002027423514816107,8
8192,2069,0.0012361901720322477,8
8192,2070,0.000995842072566644,8
8192,2071,0.0011662303656154727,12
8192,2072,0.0014425955952265257,12
8192,2073,0.0015915234052691352,8
8192,2074,0.0012974317897008758,8
8192,2075,0.0015488941276707857,8
8192,2076,0.0019750721842426433,8
8192,2077,0.0010466805981815541,11
8192,2078,0.002048617761805316,8
8192,2079,0.0012953385761449998,8
8192,2080,0.0019658771944029985,13
8192,2081,0.0011074280272187487,8
8192,2082,0.0016888676028574134,11
8192,2083,0.0012269069677566524,8
8192,2084,0.0018473099822791106,11
8192,2085,0.000869998711958031,8
8192,2086,0.0010302213961231876,8
8192,2087,0.0011553098768554149,10
8192,2088,0.0012084496628497754,8
8192,2089,0.0017463771305394893,16
8192,2090,0.001069499003712615,8
8192,2091,0.0018929813172636756,8
8192,2092,0.0014666465432572329,8
8192,2093,0.0013892030130016053,8
8192,2094,0.0017775941183213462,8
8192,2095,0.0010453568140839087,8
8192,2096,0.001318043574486838,8
8192,2097,0.0009832590070438796,9
8192,2098,0.0010867933188136725,8
8192,2099,0.0019399122845181749,8
8192,2100,0.0016326040000368414,8
8192,2101,0.0012885243621854059,8
8192,2102,0.0010735854795639321,9
8192,2103,0.002019864768437407,15
8192,2104,0.001284726194858532,8
8192,2105,0.0013573738043259898,8
8192,2106,0.002149608090174282,12
8192,2107,0.0012401275978213833,8
8192,2108,0.0015474184854427364,10
8192,2109,0.0019219083598270847,8
8192,2110,0.0021016624390274297,8
8192,2111,0.0013051070960329314,8
8192,2112,0.0014207469045726118,8
8192,2113,0.0016778109644521866,13
8192,2114,0.0008653085613441469,8
8192,2115,0.0014042278586177126,8
8192,2116,0.0011175403348986923,8
8192,2117,0.0011249721745522079,9
8192,2118,0.0016444418162508412,8
8192,2119,0.0009105139253585692,8
8192,2120,0.0009599879822188573,8
8192,2121,0.0011954958454530873,8
8192,2122,0.0011675267029191971,10
8192,2123,0.0010248873071207476,8
8192,2124,0.0020063534792087445,10
8192,2125,0.0014181333554886821,9
8192,2126,0.00151514754045462,8
8192,2127,0.0015445273702625606,8
8192,2128,0.0024376095466231984,10
8192,2129,0.0007878180053585426,8
8192,2130,0.0017297703543339704,8
8192,2131,0.002002682037623854,9
8192,2132,0.0016143349990285216,8
8192,2133,0.0017662314666815337,8
8192,2134,0.0017210867642332706,16
8192,2135,0.0010531288694640983,8
8192,2136,0.0013522569782498106,8
8192,2137,0.001375741281678805,10
8192,2138,0.002318400710435653,8
8192,2139,0.0013623957421144972,8
8192,2140,0.001080980377223817,8
8192,2141,0.0008034016964962865,9
8192,2142,0.0017338435443446931,11
8192,2143,0.0013787824258355563,10
8192,2144,0.0009756801201586951,8
8192,2145,0.0011926673498933171,10
8192,2146,0.0015139880200848443,8
8192,2147,0.0017091533827759964,8
8192,2148,0.001638376108897277,11
8192,2149,0.001193549280392614,8
8192,2150,0.0019239599629188309,11
8192,2151,0.0012824838265095562,8
8192,2152,0.001517066546264878,14
8192,2153,0.0010555790351104988,12
8192,2154,0.0014235447901105869,12
8192,2155,0.0015877426060054711,8
8192,2156,0.0016236281536878283,12
8192,2157,0.0015599288100859865,9
8192,2158,0.0012109671906539443,10
8192,2159,0.0016028013498015081,9
8192,2160,0.0019182108187963398,14
8192,2161,0.0014282151011244526,10
8192,2162,0.0013185633100395444,10
8192,2163,0.0018850638510867768,8
8192,2164,0.0017582642826069472,8
8192,2165,0.0009487335006629349,10
8192,2166,0.0020695198938040504,8
8192,2167,0.0018484936858310652,10
8192,2168,0.0010474529514157283,9
8192,2169,0.0023433953582774336,8
8192,2170,0.0008803762201745613,8
8192,2171,0.0012052013129315586,8
8192,2172,0.0013125982133681546,8
8192,2173,0.0010062109197015445,9
8192,2174,0.0020933624510857396,8
8192,2175,0.0010026753252139475,8
8192,2176,0.0017576342192041627,8
8192,2177,0.0013917659245200609,11
8192,2178,0.0012361358187613636,8
8192,2179,0.001502992049687124,12
8192,2180,0.0008451143707048914,8
8192,2181,0.0012189395272866888,8
8192,2182,0.0012719389874047415,8
8192,2183,0.0017091727598794737,8
8192,2184,0.0014938989021524574,8
8192,2185,0.0013408409105204466,11
8192,2186,0.002354841058303303,13
8192,2187,0.001459696992300863,8
8192,2188,0.002040097257987483,12
8192,2189,0.0016098329682635582,8
8192,2190,0.0009671028064592857,8
8192,2191,0.0011127971406972303,8
8192,2192,0.0006542468394877266,10
8192,2193,0.001898248162433669,15
8192,2194,0.0009035238898729148,8
8192,2195,0.0016348847768419272,8
8192,2196,0.0007238746290867404,8
8192,2197,0.00172559480039014,8
8192,2198,0.0012802330119542349,8
8192,2199,0.0017487471749114691,8
8192,2200,0.0016166843126152464,8
8192,2201,0.001221910022334377,12
8192,2202,0.0012142811328708092,8
8192,2203,0.0012574692060191017,10
8192,2204,0.001577370243015297,13
8192,2205,0.0020351783931136236,9
8192,2206,0.0008820527157297198,10
8192,2207,0.0021364873348949376,8
8192,2208,0.000935952324118583,8
8192,2209,0.0012036104532630043,10
8192,2210,0.0016777697571500605,8
8192,2211,0.001523032344603381,8
8192,2212,0.001162994492019287,8
8192,2213,0.0012866143154646181,8
8192,2214,0.0011309745754650713,8
8192,2215,0.0007819576224821767,8
8192,2216,0.0024494483505672626,15
8192,2217,0.0012804914517529076,8
8192,2218,0.001332194442022261,9
8192,2219,0.0013196414876083806,8
8192,2220,0.0017670439236951996,9
8192,2221,0.001271274628773078,8
8192,2222,0.0010789836673046338,12
8192,2223,0.0008664489100114192,8
8192,2224,0.0012424696631414545,10
8192,2225,0.001560342267582171,8
8192,2226,0.0018339940292422252,8
8192,2227,0.0012631284061219716,8
8192,2228,0.0011995841928561513,11
8192,2229,0.001275776617456037,10
8192,2230,0.0013866239783623113,8
8192,2231,0.0013685330335249102,8
8192,2232,0.0009581910156937212,8
8192,2233,0.0012717000374695697,11
8192,2234,0.0011379705260518014,8
8192,2235,0.0013835643291681965,8
8192,2236,0.0008530022634144485,8
8192,2237,0.001035711187431232,8
8192,2238,0.0015621815302889752,8
8192,2239,0.0013060176585979466,8
8192,2240,0.001441906010292704,8
8192,2241,0.00189573257751674,11
8192,2242,0.002131040222402514,8
8192,2243,0.0010409267141442413,8
8192,2244,0.0019373602860278116,8
8192,2245,0.0011288573922459966,11
8192,2246,0.0013680539286343718,10
8192,2247,0.001270585822964354,8
8192,2248,0.0010072788701512847,8
8192,2249,0.0017338276329227909,9
8192,2250,0.0006716826716891555,8
8192,2251,0.0008181952143261895,8
8192,2252,0.0021284176433261637,8
8192,2253,0.001984177274862553,8
8192,2254,0.0019453404685380593,9
8192,2255,0.0018202158728546358,8
8192,2256,0.0009309251640979288,9
8192,2257,0.0015055441939842984,8
8192,2258,0.001441833906108747,12
8192,2259,0.0011635398878825365,8
8192,2260,0.0010137336412101572,10
8192,2261,0.0014625157417234025,8
8192,2262,0.000994582026843216,8
8192,2263,0.0017847353289424106,9
8192,2264,0.001407478094562764,9
8192,2265,0.001134163612599548,8
8192,2266,0.0010744857670939023,8
8192,2267,0.001488469902127032,8
8192,2268,0.0009314487186536935,9
8192,2269,0.0016923322994170098,8
8192,2270,0.001717797210553873,8
8192,2271,0.0015379830495946267,8
8192,2272,0.0016241930497071788,8
8192,2273,0.0014785026853049166,11
8192,2274,0.0016626743678516132,8
8192,2275,0.0014014707476874833,8
8192,2276,0.001918894461496623,8
8192,2277,0.0016086742565669665,8
8192,2278,0.0011133783376031658,8
8192,2279,0.0015276237447200414,8
8192,2280,0.0012866004126246278,8
8192,2281,0.0019628724234091455,12
8192,2282,0.0016402533645364925,11
8192,2283,0.0009283807568408742,8
8192,2284,0.0012210412073858645,9
8192,2285,0.001125677903444755,12
8192,2286,0.0012457152977682906,8
8192,2287,0.0018236956980153263,8
8192,2288,0.0016898254557278225,9
8192,2289,0.0015843706592436613,14
8192,2290,0.0013405068814174026,8
8192,2291,0.0015382988467270153,8
8192,2292,0.0018209647290173825,8
8192,2293,0.0008287168571455839,9
8192,2294,0.0021257080808068096,14
8192,2295,0.0014913009247120579,11
8192,2296,0.0010998906372375883,8
8192,2297,0.001246030295635303,10
8192,2298,0.0010970335658063157,9
8192,2299,0.0010608989296443383,8
8192,2300,0.0012593288820233473,10
8192,2301,0.001392985719936235,8
8192,2302,0.0015347038268300195,8
8192,2303,0.0013195711066761318,11
8192,2304,0.0014491501914553062,10
8192,2305,0.0007302635454171091,8
8192,2306,0.002247204576343198,9
8192,2307,0.0017556311445818817,10
8192,2308,0.0018114675982771056,10
8192,2309,0.0010062432093534968,8
8192,2310,0.0009557274375476821,8
8192,2311,0.0013264305878059046,9
8192,2312,0.001067729872345602,8
8192,2313,0.0013924389976159857,8
8192,2314,0.0009211786524050414,8
8192,2315,0.00207253917885597,8
8192,2316,0.0017057666776002789,8
8192,2317,0.0009561980144011106,8
8192,2318,0.0014048264262795929,9
8192,2319,0.0011157043864108152,8
8192,2320,0.001885632754017319,11
8192,2321,0.0014640996983223964,8
8192,2322,0.001237179328390292,8
8192,2323,0.001664634405780685,10
8192,2324,0.0022133267303231507,12
8192,2325,0.0021329802338098114,8
8192,2326,0.0016907806850700036,8
8192,2327,0.001853125543747336,14
8192,2328,0.0010752479818199046,8
8192,2329,0.0019543667327782677,11
8192,2330,0.0010365593702744702,8
8192,2331,0.0012653698617896003,8
8192,2332,0.0011952837362366742,8
8192,2333,0.0013113228218442075,9
8192,2334,0.001203693446264087,9
8192,2335,0.0014048412771399121,8
8192,2336,0.0007527622176294324,9
8192,2337,0.0019737924545538688,12
8192,2338,0.002053182509335616,11
8192,2339,0.0016244605073310048,8
8192,2340,0.0013782700348903276,9
8192,2341,0.0008132834207107975,9
8192,2342,0.0011432284798227332,8
8192,2343,0.0015533934003012506,9
8192,2344,0.001558715853767878,10
8192,2345,0.0013844565511452744,12
8192,2346,0.00118433165727036,8
8192,2347,0.001973109745132484,11
8192,2348,0.0014710464070354368,8
8192,2349,0.0012364594153545239,9
8192,2350,0.0016988536039824753,11
8192,2351,0.0017831477610171231,8
8192,2352,0.0009252444308724961,9
8192,2353,0.0012069429478251403,9
8192,2354,0.00157301740764193,9
8192,2355,0.0012485010153935328,9
8192,2356,0.0008662303416224759,8
8192,2357,0.001307821941433085,11
8192,2358,0.0019353468018553366,9
8192,2359,0.0018357284813943497,8
8192,2360,0.001431896662622445,8
8192,2361,0.0013815866827575907,12
8192,2362,0.0019283644300528147,8
8192,2363,0.0014846603601635922,15
8192,2364,0.0016595373695240667,8
8192,2365,0.001263365132446681,9
8192,2366,0.0020821444400212774,9
8192,2367,0.0013780092779926423,8
8192,2368,0.0012281577427154522,8
8192,2369,0.002015928724729943,8
8192,2370,0.0016996267455624547,8
8192,2371,0.000744444482329687,8
8192,2372,0.0015946493242940118,9
8192,2373,0.00188824064180787,9
8192,2374,0.0015649466837622805,10
8192,2375,0.0009833594072866658,13
8192,2376,0.0020372645708492954,10
8192,2377,0.00116645749255051,8
8192,2378,0.0015997018629231308,9
8192,2379,0.0014519870676800162,8
8192,2380,0.0014535858489789222,8
8192,2381,0.0015571816699186947,10
8192,2382,0.0009517272878745153,8
8192,2383,0.0016682111810973899,8
8192,2384,0.0016467045998014296,8
8192,2385,0.0013287865486506512,9
8192,2386,0.001884599614516147,8
8192,2387,0.0016905692515274406,8
8192,2388,0.0017374243389586264,8
8192,2389,0.002038151615434858,8
8192,2390,0.0007766973265048716,8
8192,2391,0.001995325842545803,9
8192,2392,0.0013368733651236697,8
8192,2393,0.0010518089091015037,8
8192,2394,0.0019169643693606186,10
8192,2395,0.0012432832924887949,8
8192,2396,0.0013313538228315602,8
8192,2397,0.0017742043205457858,9
8192,2398,0.001819824148833582,8
8192,2399,0.0012464609441012742,13
8192,2400,0.001190498432960152,8
8192,2401,0.0014618784702861154,8
8192,2402,0.0009236568659060085,8
8192,2403,0.0010830471203557845,8
8192,2404,0.0019307478979614379,8
8192,2405,0.0007870513419219183,8
8192,2406,0.0011203408866111708,8
8192,2407,0.0007118000476948882,8
8192,2408,0.0017421070279358686,8
8192,2409,0.0017359666603377066,8
8192,2410,0.0016385073086687685,11
8192,2411,0.001627185725617153,14
8192,2412,0.0007914316625198259,8
8192,2413,0.0009321070944028342,12
8192,2414,0.0018676747171262331,8
8192,2415,0.0015612116614298066,9
8192,2416,0.0015190609180480985,9
8192,2417,0.001074210762870842,8
8192,2418,0.0019477609043524469,12
8192,2419,0.001077240636279897,8
8192,2420,0.0009891367993524192,8
8192,2421,0.0014406788546867944,8
8192,2422,0.00181998597026245,8
8192,2423,0.0007380186932289812,8
8192,2424,0.0011638653126978538,8
8192,2425,0.0012663229040343893,10
8192,2426,0.001963966542250839,8
8192,2427,0.0011843040040762087,8
8192,2428,0.0012725723437901904,8
8192,2429,0.002148817631153155,8
8192,2430,0.0010173690223292953,8
8192,2431,0.0012933417937296965,8
8192,2432,0.001167205582158326,9
8192,2433,0.001417918081052516,8
8192,2434,0.0018490392857841709,9
8192,2435,0.0023917157335736627,8
8192,2436,0.0011445365206941283,8
8192,2437,0.0012603690420427138,10
8192,2438,0.001353501424689485,11
8192,2439,0.0017723594621236183,12
8192,2440,0.0013756376189736352,8
8192,2441,0.0014062555664306198,10
8192,2442,0.0012506720929492121,8
8192,2443,0.0010411289721588002,8
8192,2444,0.0008827351083191548,11
8192,2445,0.0017599006305228648,13
8192,2446,0.0023471797850889015,18
8192,2447,0.002390133774478609,8
8192,2448,0.0011626336267244186,8
8192,2449,0.001418796892394325,8
8192,2450,0.0015821542750301953,8
8192,2451,0.001619071328461924,8
8192,2452,0.001689457026421426,8
8192,2453,0.0011698004865765554,9
8192,2454,0.0017948398513030206,8
8192,2455,0.0018099107667890468,8
8192,2456,0.0015631634541502237,8
8192,2457,0.0014653185015188752,8
8192,2458,0.0020518996735473527,8
8192,2459,0.0014828683747803995,8
8192,2460,0.001468611105419071,8
8192,2461,0.0010650965754037678,8
8192,2462,0.0012619993571719723,8
8192,2463,0.0018914126123518171,8
8192,2464,0.001007480194165522,8
8192,2465,0.0021204803945409356,13
8192,2466,0.0011607899479589845,10
8192,2467,0.0005414891791238885,8
8192,2468,0.0015191792592882947,8
8192,2469,0.00110015702411137,8
8192,2470,0.0015699378315447987,8
8192,2471,0.001694774686213596,12
8192,2472,0.0026663361246543893,8
8192,2473,0.0011838686799816867,10
8192,2474,0.0016934847490787663,8
8192,2475,0.001095496850196609,8
8192,2476,0.0010230855705596342,8
8192,2477,0.001357143580840492,9
8192,2478,0.0009197833121987742,9
8192,2479,0.0011201071642757965,8
8192,2480,0.001576293966405462,8
8192,2481,0.001790252320910568,12
8192,2482,0.001499332812920695,8
8192,2483,0.0012597940071085167,8
8192,2484,0.001214888632567357,8
8192,2485,0.001043652532837891,8
8192,2486,0.0013699073558378627,8
8192,2487,0.0016218640009258989,8
8192,2488,0.0015765492226497146,8
8192,2489,0.001333029117015938,8
8192,2490,0.0009903846004798433,9
8192,2491,0.0010236976705382816,8
8192,2492,0.0014638208769998107,10
8192,2493,0.0017137566151752548,10
8192,2494,0.00158919895261167,8
8192,2495,0.0018408190596576057,22
8192,2496,0.0023997136343173464,8
8192,2497,0.000919821778402552,8
8192,2498,0.001227978363640747,8
8192,2499,0.0010143895601616437,8
8192,2500,0.0014271606873523801,8
