ts,replicate,xmin,alpha,ks,n_tail,tail_fraction,centered_ks
2,0,65,3.9184219561783364,0.013844834128640127,20017,0.0029035856388773245,0.014411971422928882
2,1,58,3.608562369723887,0.011534353909421369,24626,0.003539498407685653,0.011501582973895308
2,2,38,3.380378132394723,0.016938558317218466,58949,0.008657556618370046,0.024821895418420836
2,3,70,3.968133740909159,0.013114177624092616,16748,0.0024260692058404123,0.010737803709467586
2,4,71,3.7553388202008784,0.018172414183895258,16477,0.0024378266901557344,0.008714004389398372
2,5,67,3.719571571527716,0.017440216901434547,18670,0.002765961166320045,0.023020882838311052
2,6,69,3.987588783620905,0.014760011575492782,16190,0.00250263015763633,0.006850670445492257
2,7,59,3.723287362340385,0.012017289867038428,25464,0.003773833774359894,0.011283702641117332
2,8,2,1.95331913351381,0.027453056248735397,1571353,0.224994848904295,0.03559010594543327
2,9,58,3.711643002247175,0.012201077245776237,26894,0.0037829955377419707,0.012028328664684174
2,10,41,3.4037381823419355,0.017697802194803103,53113,0.007482008834779923,0.0187626064393982
2,11,2,1.9745507657109052,0.023429011038931913,1623302,0.2288679488688794,0.02188647763356727
2,12,72,3.832973682110296,0.01585091322929366,15788,0.002526685191637101,0.014025106021214373
2,13,66,4.02154634280465,0.021078925839489226,17504,0.002515779314527749,0.029040723669573942
2,14,61,3.5130255958375325,0.019046347377989714,27889,0.004037713509538771,0.007430427770800718
2,15,71,4.164747488930812,0.021165807431913874,14373,0.0020796310749231477,0.012099048974547721
2,16,60,3.7186977818441225,0.011660220691826484,24336,0.003611561806071775,0.00879094288525889
2,17,63,4.002051599411806,0.013141098297453802,21092,0.003236720728639669,0.018634712646665552
2,18,70,3.6569424313626135,0.0184712967718349,19550,0.0028951052285600427,0.010915317615841968
2,19,67,3.9205288930551263,0.012957663763150995,20799,0.0030140324447210016,0.017114748955735393
2,20,68,3.8099989882940544,0.014150299614299894,19758,0.0029484733465202327,0.01587050960117553
2,21,70,4.034842377889821,0.018615400294701934,17370,0.0025966660123925398,0.01968298235903637
2,22,70,3.650553834233374,0.01859995884780563,18296,0.002734579986539338,0.007263354278522538
2,23,67,3.8870970496047716,0.015561922317117172,19957,0.002980993014077152,0.020838882272336434
2,24,40,3.4365751319261126,0.02113653760085843,54295,0.007751112415613234,0.01833008081155535
2,25,59,3.9032689626001162,0.020580003352172138,24759,0.0037794581814912334,0.03751902261141743
2,26,70,3.9669658336233895,0.017601746655212414,14960,0.002212128973033911,0.014966770648121741
2,27,69,3.7743015645515334,0.024746221347385855,16998,0.0025218155291495347,0.011510093427410273
2,28,71,3.691816821742248,0.021775675159050545,17012,0.002562125365221844,0.015612823626165812
2,29,71,4.13734882936992,0.011278939105205943,14818,0.002275183593865756,0.00881037529145362
2,30,67,3.693069347509859,0.02103557528041511,18872,0.002709135047769464,0.009684751935348568
2,31,68,3.5888062169099273,0.020892287893421457,21149,0.003075841475124065,0.01078568535689961
2,32,59,3.8656848759523337,0.015391866459997794,26864,0.003876189341114185,0.017160865713882312
2,33,38,3.298516959729142,0.018508083467128622,62071,0.008703643538605794,0.03263381258536607
2,34,66,3.9649759620132112,0.017585919714298903,20193,0.0029131209605205966,0.02509144758344667
2,35,65,3.9615157954488596,0.016901867373702695,22118,0.0032818341473374083,0.01610335882822611
2,36,59,3.736342669462448,0.012574722273374486,22201,0.0031908987020095,0.009593477521649851
2,37,66,3.997907393622736,0.019502294604192394,15751,0.002354974901299176,0.027205180640817173
2,38,69,3.8363257418099415,0.019638029620610897,18891,0.0028417291781399107,0.023765739854154144
2,39,62,3.611538399095824,0.01800422684028452,20330,0.0028279496572102144,0.010974496648820775
2,40,66,3.997595477838137,0.010580681734355002,16556,0.0024311292621854554,0.009301917682732697
2,41,70,4.28556948462175,0.01960063392822009,15496,0.0024402023654656563,0.02234705268870041
2,42,60,3.79423916183952,0.016155356013819455,23040,0.003409841150833228,0.027462260519901638
2,43,72,3.935268237533951,0.0136793626133076,15741,0.00232876904857187,0.010070598936086805
2,44,68,3.988304002557435,0.017017392523128283,17472,0.002697772993952091,0.021928833164376826
2,45,58,3.6449294796344436,0.015327053421045345,30698,0.004462790405567599,0.017122460698568764
2,46,72,4.2886312883525495,0.01412908998391399,14510,0.0022787883128156006,0.012361121037359146
2,47,60,3.7864683084457185,0.01405450007303155,23781,0.0036574815653301323,0.011396460452617774
2,48,59,3.8133486366491725,0.016382354756686757,27452,0.003918654935825102,0.013072743868132064
2,49,68,3.9532108302180196,0.015034165552485212,17481,0.0025191290825605974,0.009634267573627286
2,50,71,3.801877373190725,0.015537055007687317,15491,0.0021901126965743136,0.012006280834782335
2,51,70,3.8281753741179716,0.014658326829367074,17167,0.002408063104803698,0.008532976790674773
2,52,56,3.542062759850877,0.019618106523384887,28365,0.004127803129766838,0.02440632459246722
2,53,71,3.942090311036058,0.015952048568373844,16194,0.0022524001121610134,0.011933866919147773
2,54,67,3.647879673671143,0.02633752269025391,18858,0.002781123870177645,0.019304575105624167
2,55,71,3.992965717618764,0.017397984397337862,15037,0.002270927014547253,0.015340015447242894
2,56,59,3.612323489457032,0.01329076066667445,23764,0.0034424829103553633,0.011529442641975307
2,57,64,4.1595338965279325,0.015497065553254932,16139,0.0023703928692284555,0.023264778271537112
2,58,59,3.649300033183481,0.015732574339488756,24652,0.0036246688622683177,0.013257996771752878
2,59,41,3.3842699119231012,0.026698749599071148,48378,0.006924437777675995,0.02577067831878682
2,60,68,3.749007925996108,0.01681485725106846,17655,0.0025649515317867303,0.006955462642731058
2,61,72,3.9861293989189495,0.014511243429533138,16338,0.0023505782929029457,0.009067500199659434
2,62,70,3.7577343864400192,0.017896846846388703,17282,0.0023868959110630596,0.007153371602115127
2,63,59,3.6945271417991257,0.016085223593342635,23073,0.0035271360016436424,0.014388017989970914
2,64,71,4.072352317508741,0.014095536666622721,15667,0.002261828074502454,0.015819194299080575
2,65,62,3.75665865325243,0.014731810642169774,22211,0.0031790533717703322,0.01883819788768787
2,66,68,3.939049471160014,0.025106839877856113,20978,0.003100364586204486,0.03068586187553457
2,67,62,4.122594396832711,0.009201293692674473,18249,0.0027300344631508177,0.01320706505862912
2,68,59,3.795888070085894,0.01185752617274416,23861,0.0036907069696837987,0.008566776856773095
2,69,59,3.6483071456644587,0.016444030645959895,28236,0.00406760264552635,0.02094371845248688
2,70,2,1.9566319884499501,0.023779521717963492,1630870,0.23044140464878765,0.012539146553544378
2,71,71,4.135100153381483,0.021609267537109345,17177,0.002598915224859047,0.014258809021306718
2,72,58,3.8002607576713756,0.02221948597209683,31398,0.004547698254615483,0.01948889082638483
2,73,61,3.7297808043538687,0.011358538860404943,25738,0.0038391191594688776,0.005916044415436805
2,74,70,3.9761563600613794,0.017039704594868837,14630,0.002047696921820247,0.008124194573862209
2,75,59,3.6191779132466406,0.02285828255905553,25143,0.003474486026742888,0.023914551018711816
2,76,40,3.2757076311016586,0.022750458415480623,57186,0.008506704835222572,0.014005174405187115
2,77,71,3.9972159240284153,0.015650708514871006,15635,0.0022569156746438447,0.011532776241811371
2,78,2,1.92941556066143,0.02850708037192462,1582227,0.23052436039396235,0.024622780865191707
2,79,58,3.737201752588948,0.015456760236310929,29380,0.004541585105950481,0.009778712046563831
2,80,70,3.8745483020104854,0.018772985876680748,16412,0.0024484339988005478,0.010872529638739137
2,81,60,3.7395164642831937,0.011490201386314514,22578,0.003343056893711135,0.008707357804078664
2,82,57,3.5096709075910146,0.01806369647089945,31869,0.004609188699482459,0.027006698234089466
2,83,66,3.9112598192576256,0.01755739706314552,19065,0.002782011555599008,0.024995547745747748
2,84,68,3.6634360626914004,0.025479130263730165,18835,0.002750816482056965,0.012008404740894374
2,85,57,3.621608117608789,0.014510437080333283,24042,0.003434356535976749,0.015932782420502334
2,86,58,3.8461081614284365,0.01619698178229978,22472,0.0033502960208376723,0.01771974559985745
2,87,38,3.3836384426355335,0.019303944882789303,62906,0.009012027832332674,0.006930894589694314
2,88,67,3.7407064533932033,0.021434456009475467,15244,0.002292115058041153,0.02681022149434123
2,89,65,4.0520433454945906,0.014641267100844013,18428,0.002738222618925386,0.009319924003259594
2,90,59,3.913708491087687,0.01693505561986025,25295,0.0038379780023700028,0.013115483666895189
2,91,72,4.009954744322805,0.011561295756561174,12888,0.0018618850546018595,0.008875534273322938
2,92,42,3.4222182144766147,0.019238219808264012,53836,0.007778238990857434,0.0241328887594931
2,93,59,3.7945095600933967,0.01040588524983832,21740,0.0032615590312179508,0.012656817473807258
2,94,70,4.119974175606009,0.01462737548116283,16733,0.0024617301227025275,0.015893918417475617
2,95,68,3.866188042351165,0.015565210316115574,17183,0.00247411381211508,0.0078390803241431
2,96,83,4.425539739275888,0.022773240420489116,8116,0.0012324453227667395,0.026117895428141302
2,97,92,4.132584583771271,0.02352224762446653,7030,0.0009914966818710261,0.029304871103909003
2,98,69,4.029643098412296,0.01664292527073677,17209,0.002438292455674623,0.012376618986776722
2,99,62,3.82224851273499,0.013314244061371272,23883,0.0034463909650096726,0.005814066195676926
2,100,60,3.81996996672201,0.009465764752754291,21738,0.0031141397099515087,0.007212423681558389
2,101,68,3.634579708654265,0.02199454079148666,20669,0.0028446168148797035,0.01586389627674145
2,102,72,3.8650551411874643,0.016311198348091138,15624,0.002308265078183172,0.012482772947060905
2,103,61,3.8633624138938947,0.010843664560860222,23199,0.0035107679288421414,0.008383960971034277
2,104,65,4.003925945092604,0.010432379427367633,19463,0.002768506984850806,0.00868650140921795
2,105,64,3.8632261605120597,0.012789724698355265,16306,0.0023437842499595737,0.01130771739292838
2,106,71,4.020232132008039,0.013998355693735864,14786,0.002263962813805978,0.013174769793095176
2,107,56,3.502849001235699,0.019861034262508293,29151,0.004088954073012609,0.024849164077836494
2,108,60,3.8910286158370666,0.012078571491368872,23474,0.0033846212407836335,0.008681834961162649
2,109,39,3.3322183054825945,0.01950304264520475,62998,0.00944333660762695,0.03540433546855731
2,110,38,3.090427205639069,0.023872719437186385,65778,0.009758575471702311,0.021187652093143383
2,111,70,3.628163099717022,0.02091880666831647,16668,0.002604336341882425,0.009345557086103629
2,112,60,3.9052528780676456,0.016128574708697774,21851,0.003167086074996065,0.02708660610789848
2,113,70,4.087003875127021,0.020315377116612687,14208,0.0020905809528475997,0.009358149843273988
2,114,68,3.852022064653467,0.014468387469881272,19175,0.002851447397673189,0.014708317901855561
2,115,62,3.820373598916566,0.01126546290006536,22951,0.0035124696421829377,0.011347270301256596
2,116,60,3.562062332852362,0.01683450063328662,26590,0.003866598709146418,0.011326991919854867
2,117,66,3.782877931850317,0.019024547029858674,17451,0.0026551334481847307,0.007941745008987033
2,118,69,3.9575155433249076,0.014332097982965863,17710,0.0027097671115060753,0.01644343714348273
2,119,60,3.790400517249046,0.010475688936703698,25944,0.0039328224686282975,0.007297707195352887
2,120,71,3.9561423019226027,0.01729983296579829,14586,0.0022182491982305104,0.00833852730978682
2,121,62,3.6865138975738425,0.01254258778366002,17949,0.002706654397827076,0.021564596981146877
2,122,65,3.8158077981108116,0.01963747020104084,20497,0.0029207829014858133,0.009581991228529096
2,123,66,3.790438171220224,0.015688187670984677,20208,0.002911993470494451,0.005522925174008764
2,124,71,3.8697029361329363,0.017516161488567827,18125,0.0026837236491652843,0.012581329601852681
2,125,67,4.0447078397459695,0.022512932006167663,20239,0.0029718700946669624,0.028984921119187546
2,126,71,4.083907070633879,0.01626171767136786,15980,0.002226475778646509,0.01602537282477351
2,127,59,3.542905562609952,0.01442663070668461,29367,0.0041580026861997126,0.010231211565557008
2,128,64,3.944576295697006,0.012932617401182123,20005,0.0029800120958251527,0.010765208078639399
2,129,70,3.796579250744422,0.0161998169405122,17574,0.0026068761364475817,0.011850597667565577
2,130,59,3.8989062351387886,0.012350759858271498,22771,0.003408840500216767,0.01647497481915919
2,131,67,4.050487010135507,0.02667061127498302,20223,0.0029062251967410845,0.03318214738413444
2,132,63,3.736955313270237,0.016798767643096624,19661,0.003023700701459807,0.013779501649748671
2,133,61,3.634869080435186,0.017141161099001323,24256,0.0036855660312853744,0.02490087878393976
2,134,62,4.011686423323212,0.012441147520405649,22686,0.0035313291439725662,0.010872530273825953
2,135,62,3.8616750933474,0.012252737811971837,20026,0.0030338512413020683,0.007886509613827253
2,136,68,4.059621710988772,0.01345910829044683,17539,0.002598824298347815,0.012710337771871083
2,137,72,3.972274112566752,0.015499172611609713,13654,0.0019416851677096078,0.009923529693089128
2,138,70,3.6616261565066552,0.023731688209699175,16104,0.002321315700520869,0.02068992991567159
2,139,58,3.58117882401757,0.016022159401207298,24946,0.0037735928973073253,0.015180382389430036
2,140,70,4.223492345010427,0.010612248427629867,14052,0.0020028523399535404,0.012531794599609236
2,141,66,4.0076520385253325,0.01921539922676624,18575,0.0027893686536231833,0.02817255749902592
2,142,70,3.746886495864477,0.023928208464650713,17847,0.002574121932638112,0.016106148295031486
2,143,71,3.986962738664471,0.014466480599955256,14685,0.0021651832053145113,0.014886190691947188
2,144,71,3.9472143988836708,0.021538791773785426,20247,0.0031486813001735062,0.021158500012536163
2,145,65,3.9672985900947695,0.030853180471084207,19691,0.0030394104614930575,0.04176555533377224
2,146,60,3.886481432515795,0.014286907728866427,23266,0.003401019955154951,0.011581197455536374
2,147,59,3.9361847775337684,0.011601159225517632,25057,0.003646284898876967,0.011018683061195689
2,148,60,3.976487217126846,0.009578365643263309,22293,0.0032056453178424724,0.008601532526215538
2,149,59,3.7974666932763532,0.014759319525127212,22406,0.0033104275661132543,0.015759450462384916
2,150,62,3.920073520521728,0.013873570363037213,20698,0.00314595367705565,0.00495220607270519
2,151,65,3.7289906809425775,0.015377686175897631,20214,0.0028966122647899684,0.007798480502232641
2,152,40,3.20194617824122,0.0202197053088827,61178,0.009293569894168633,0.04388496100584155
2,153,59,3.588180359144331,0.019796667013620817,28072,0.004226872471228222,0.022376663767572857
2,154,61,3.7789286311619215,0.010457732796158914,21169,0.002910270619835813,0.005162870486123156
2,155,72,4.132365186085849,0.012785608901252798,12334,0.001787429245177064,0.010936700323278314
2,156,71,3.824295792999038,0.01715447638580847,16623,0.0025585249302650737,0.013405730530914872
2,157,71,3.840420952482159,0.027190776074513923,16342,0.002349978559429494,0.018434008970413557
2,158,60,3.9961564291705036,0.008758576537154228,24394,0.0034500261714906547,0.009832977368906093
2,159,60,3.5810853354932624,0.015356818287883767,23857,0.003503183731318715,0.012027374227535692
2,160,65,3.6581562526093956,0.017909125600022502,23183,0.003442680987633494,0.006940125248174556
2,161,70,3.8593026224018208,0.01842234497598505,17795,0.0026379838243190236,0.009910650835744328
2,162,70,3.803164053495217,0.018096673756220705,15913,0.002312147295101511,0.015524964487023674
2,163,61,3.9041470081544625,0.009873634078740201,21525,0.0031670829363751062,0.015520132155947886
2,164,70,3.661076017446222,0.019683849617729288,18368,0.0028532017745523234,0.0141732769132219
2,165,65,3.6738048336679836,0.01349833311779558,21322,0.0030704866927335943,0.01769754466081741
2,166,39,3.2793115226836034,0.015257822713179214,58957,0.008493519328205653,0.04362441720544158
2,167,57,3.5955559326402247,0.018915013034031758,25364,0.0036058080178760733,0.02147778858641758
2,168,59,3.989129837369111,0.010841234268111122,21459,0.0031677667517496233,0.01124104457837577
2,169,59,3.6007691346752826,0.012678270314892326,27446,0.004003467551943627,0.01068527814084752
2,170,71,3.8027817270636524,0.018537182136867614,16506,0.0023890615544474017,0.011708518384414335
2,171,2,1.948030684258478,0.024783734796647416,1601605,0.23157762778552704,0.014634741327257061
2,172,59,3.724963678103347,0.013574458464634787,24583,0.0035661626679649124,0.009395026817460517
2,173,82,4.179992662735182,0.027293725379276046,8318,0.0012374337545983502,0.036634428502890726
2,174,70,4.075463623117808,0.010310813387562345,13279,0.0020693409198258568,0.012767591388292754
2,175,55,3.552363634912249,0.019313139699969284,30614,0.00418805622835536,0.02108917429658652
2,176,69,4.054464193072765,0.01399541540493704,15570,0.0024112386952860206,0.018700917341011758
2,177,68,3.6289767825577632,0.016950824608491788,20776,0.0030706990924765803,0.00941908182316259
2,178,67,3.929520702556694,0.02153625993434516,17007,0.002494534451109281,0.027919482859735112
2,179,67,3.8286040047370924,0.025010724018604047,18167,0.0026795435793463196,0.01511139497105618
2,180,57,3.632274253633855,0.018009275892224758,26183,0.0037427415857285515,0.022258853204685125
2,181,69,3.6937749438311247,0.016279547483526113,16305,0.00257607559648276,0.007026860126839507
2,182,71,3.839752756599047,0.014574593488214216,18907,0.0026955123219856263,0.007570941279091192
2,183,66,3.829978971268247,0.021500919736622826,16522,0.002415527446690119,0.010390369587500059
2,184,70,3.741351053896949,0.01930077341223091,16386,0.0023753516603325403,0.014879548045228064
2,185,68,3.7145871978253746,0.016563060004265773,18659,0.002914171033211773,0.014146754135708206
2,186,60,3.8997655055510165,0.009690891286707859,23979,0.0033845587956114077,0.014725777531452766
2,187,70,3.8359259226321503,0.01819112658914146,15337,0.0023999258913149817,0.00968495423967225
2,188,66,4.08207538910204,0.02219411702752594,18044,0.002708204069270229,0.030285224139967426
2,189,70,3.8198674217205086,0.019087818163904036,16230,0.0024256242769270823,0.005309449272027311
2,190,68,3.9178191790250234,0.011850491733775309,15850,0.002382436169499586,0.009229371481567938
2,191,71,3.8635749551880263,0.01531668911593076,16430,0.0024105966483463277,0.007094882219812304
2,192,73,4.112360391579502,0.01432311847924772,15918,0.0022979671407156238,0.013940971396566859
2,193,60,3.954852487294077,0.014877677312564175,28455,0.0040446720560565535,0.025926593404575038
2,194,67,4.105601315024727,0.012514698954237735,15674,0.0023540812084423715,0.008251759920457347
2,195,67,3.9339269301595907,0.019244211557613022,20651,0.0030695660795037084,0.024610254506314155
2,196,60,4.00140316261208,0.00993006504389371,23799,0.003528782209089724,0.019185050204676368
2,197,69,3.9548880371524073,0.012886833696986177,15708,0.0023873661096145745,0.01517440686972521
2,198,68,3.872770808854348,0.02332397521089935,19166,0.0027974224480088253,0.009593391619405978
2,199,68,3.7829866749072982,0.020254921018282968,15877,0.0024017585162435994,0.008929428228011571
2,200,62,4.0248845067761065,0.01775072115770865,20594,0.002947114928466563,0.015194867577144944
2,201,59,4.02153197640546,0.014112572986688998,24828,0.0036592639821157675,0.01107498925285258
2,202,82,4.007547140637318,0.02487733084307081,11051,0.001530550909688217,0.03106941661834345
2,203,71,4.069104911927647,0.01515345768197196,15526,0.002369929041033537,0.0124078792867513
2,204,73,3.8346682499848397,0.02250943501256253,15654,0.002288470692254344,0.019007669064938226
2,205,58,3.7339450066858864,0.01833061645418188,24998,0.0035509380198101375,0.02618589375675434
2,206,67,3.7132448070559443,0.018210836712373446,18148,0.00255906558289459,0.006374957325348651
2,207,71,3.795253590950411,0.017398262976458967,17977,0.0027140104505329814,0.013453682158553248
2,208,59,3.68372392862719,0.013718781238369337,26349,0.0038626147009218586,0.008647490614612563
2,209,58,3.734790023868484,0.018218897435148707,27303,0.0039046500559462003,0.022298141255889914
2,210,60,4.044011346996307,0.021987074473498236,29772,0.004577664619182186,0.037080204636103176
2,211,71,4.123992136386453,0.014349706821945363,15834,0.002375563472433472,0.011845712004511288
2,212,58,3.6002888350922553,0.01934006360142504,25875,0.0037238944207210584,0.02408861560748654
2,213,71,3.8572298244824834,0.01402861532330213,16910,0.002611224900739482,0.006875041914224778
2,214,39,3.345390588004405,0.01868159057276575,62496,0.009382321494037416,0.025822410268635576
2,215,59,3.79280194581452,0.016036650971645916,28441,0.004217370209212168,0.024659267298222265
2,216,58,3.653722403882544,0.019589462670639657,26734,0.0040018963126538755,0.02006127593228446
2,217,68,3.808694044666136,0.01746589776476204,16536,0.0023139664584012893,0.01065244503999968
2,218,59,3.792793294399206,0.013531872311844828,23417,0.0034877051579222827,0.016944985807121282
2,219,71,3.793459319779635,0.018025379933384378,19453,0.00276266828907568,0.008983776286828532
2,220,65,3.9846464624303053,0.015120981040769532,19340,0.002863908942503844,0.011726554436548464
2,221,73,3.8328487098018313,0.01775169037377955,19580,0.002798304153366504,0.01642565874411603
2,222,71,3.8193863799314154,0.014721587193071817,16693,0.0023898921577807,0.009017764749685131
2,223,59,3.7788247834008772,0.013181038217665739,24883,0.003559488576892635,0.006531119021453674
2,224,60,3.7698133984752955,0.010410739028373639,23621,0.003384380099369331,0.00993266918009783
2,225,59,3.9033357722580946,0.011940278246992578,22495,0.0033866612668777903,0.01080168501331355
2,226,40,3.4493545672756003,0.019182930849861723,55688,0.008084678323791018,0.01699196001212322
2,227,72,4.01503295684415,0.013671593847043029,16103,0.0023828242512112037,0.006546545799597792
2,228,70,3.947325853342593,0.014885021239975815,16611,0.00252842941928319,0.013279866622023795
2,229,71,3.871704769438435,0.021910243252111772,17599,0.0025605078008265674,0.014993158235134585
2,230,62,3.6332487647115888,0.014156397185971725,23311,0.0034220211930142677,0.007430664510546858
2,231,71,3.996415149248652,0.017229477662750514,15533,0.0024413351854349124,0.010140219112577398
2,232,58,3.7602824544437166,0.017378910753400215,24026,0.0036392090620031795,0.02681833729188854
2,233,71,3.714315898366277,0.020121293762495385,15660,0.002271450191854864,0.011370419183909491
2,234,62,3.6816945708713593,0.019461141661943127,21702,0.0032493666564852577,0.014683332806032845
2,235,63,3.8690460223457186,0.012680526333523845,20983,0.003027148398221134,0.007966920843714809
2,236,93,4.030773909454078,0.027586284224640267,9992,0.0015489112279477406,0.04173712308076116
2,237,68,3.751753224256144,0.02381790597312694,15528,0.0022674985306089667,0.024662916865062556
2,238,71,3.9661865897227275,0.015321435986078824,15972,0.0022829268460019194,0.00872060257408408
2,239,59,3.7395951977892574,0.01629195860668975,28395,0.0041355456961414535,0.012873633668981643
2,240,65,3.8621488446567174,0.013983511245926006,20583,0.003011632601014354,0.01018552057144273
2,241,80,3.976847629985242,0.018194996401611208,10882,0.001616623440831909,0.022283650594604187
2,242,60,3.8883226234839148,0.010333028965724633,27877,0.004126467640379019,0.018347470612013195
2,243,72,3.8833140510286053,0.018473941111325276,15304,0.0021546990573614003,0.014850625300165482
2,244,71,3.90273582372262,0.01762364012223383,16894,0.0025016077427528673,0.007301090860167031
2,245,60,3.9993721408487564,0.011299217508686565,20282,0.002982174734972123,0.014353033192829157
2,246,72,4.078655036029754,0.01328005649467534,14190,0.0020998234461343493,0.00965598442050103
2,247,67,4.254327076614137,0.01725643012206468,17482,0.002539915184093,0.02213505954196121
2,248,71,3.9037608923334637,0.016623655494397357,15841,0.002386415164831523,0.009336004622415767
2,249,61,3.6780170939631476,0.020444072629479226,22711,0.00354141684742015,0.021703771553349405
2,250,71,4.14622850390063,0.013950957641285622,17223,0.0024999350449438186,0.011217999840338722
2,251,60,3.9104865699350224,0.01335612794635388,21954,0.0032302476184758863,0.01413728652280316
2,252,68,3.8570424219428885,0.025066150222337935,16004,0.0023096588014539132,0.0121624749241932
2,253,59,3.9280477782835383,0.010698792274584035,24985,0.0036219026462721003,0.0180725979764704
2,254,59,3.8049270375358133,0.012114524880481703,21073,0.0031510123372906528,0.010738316633888356
2,255,70,4.149023397994859,0.027213516778484936,17557,0.0025451198121276258,0.03047975071868747
2,256,56,3.490771877995265,0.020413399721605552,28675,0.003942929752873526,0.022989850996363248
2,257,62,3.854125317666833,0.012399177906266323,23581,0.003739273631706681,0.0154136121493052
2,258,60,3.775019472410176,0.014757201616334703,24116,0.0034237760490425113,0.0114809588478475
2,259,59,3.7613054104431933,0.012212252609192675,27688,0.003930099082839669,0.012221524508251369
2,260,71,4.177734890957058,0.013855302270386116,14860,0.0021699908950920384,0.01686997473874563
2,261,59,3.603440819860573,0.013814908487601807,24943,0.003668954216399606,0.010487703958116823
2,262,66,3.673239891072621,0.01786648762604337,20579,0.0030647021636389226,0.00649682582605593
2,263,59,4.047761731044061,0.023627150273345277,27293,0.004051811163895487,0.040265272053686074
2,264,70,4.056855200268267,0.014680366076819024,15617,0.002289989474582539,0.01365696299231256
2,265,43,3.5032691821554782,0.018794883875961843,50013,0.007347524865641356,0.024365125311999303
2,266,68,3.711502970143102,0.017826285091601918,17027,0.0025978119609505854,0.012239661485197117
2,267,40,3.5628209215746502,0.01997079276279301,54508,0.0085026052370545,0.03264945515173967
2,268,71,3.8069065299064966,0.015846413943452542,15300,0.0023426895454033906,0.007721024849198621
2,269,67,3.6971228041892714,0.021768800431212876,19943,0.0028490427356410346,0.01127346315421529
2,270,61,4.021493720297723,0.01639896083924014,24241,0.0035828011945133968,0.028837966928954406
2,271,57,3.5007876761284726,0.016616331671650053,26537,0.00392336654033792,0.0111269770578582
2,272,60,3.815729917009959,0.009689076142807673,22435,0.0034246130996221247,0.011829557215872755
2,273,60,4.050272250428918,0.01343153878935266,26003,0.003810207893195197,0.013556390042386374
2,274,58,3.7447997179797317,0.016398315173544953,24443,0.003614191323397597,0.02204737713552224
2,275,72,3.987321460289477,0.013195724925083696,14994,0.002163933943585604,0.010106044824520377
2,276,70,3.718101063184451,0.023773174435626432,17674,0.0025836805358103766,0.014720154606137126
2,277,57,3.567414045440928,0.02283755188674308,29667,0.004080442498385607,0.030458730426449754
2,278,73,3.9704689449673305,0.014294021959008418,16256,0.0023547663521618556,0.015387284178210198
2,279,57,3.4949134063968517,0.019051665954424868,31704,0.004812988145451101,0.024211345652550176
2,280,59,3.71702525922379,0.011144537616159744,24097,0.003633853757932891,0.010189678740914532
2,281,57,3.6723990807108753,0.021006137059467217,28053,0.004051902717358806,0.03004495976032756
2,282,62,4.078294415648048,0.009508092954121583,19408,0.0028161983643761354,0.007441271864925991
2,283,59,3.8550598709620294,0.013496427738241848,25663,0.003584905818518805,0.01143097800160342
2,284,63,3.814699317985866,0.016753577270623488,19510,0.003033927740580673,0.010934599207897744
2,285,68,3.9768908322790835,0.022018373499347377,17786,0.002741184892813136,0.026711076748390905
2,286,83,3.998455506462409,0.02738118531606626,9552,0.0014935622961831602,0.03421208106572943
2,287,65,3.86766733039629,0.009244307056758827,18138,0.002787220215752174,0.01075506260989656
2,288,68,4.122609037538501,0.026744521833101165,18002,0.0025579241511974444,0.03244309120683114
2,289,70,4.239140870518624,0.02264311508380959,16454,0.0023135711462497835,0.025012500654006897
2,290,56,3.59106721296549,0.014128336288428966,30417,0.004201866989919084,0.01812964748877105
2,291,62,4.087428010422377,0.011696630337676317,23925,0.003580028334970345,0.02065187307766808
2,292,70,3.8253770752579577,0.018572489638965406,14785,0.0021794832863040593,0.007124436139672563
2,293,72,4.103985696251807,0.0127078947851961,12818,0.0019260949349323116,0.012326227088106267
2,294,69,3.773399934344461,0.01897260353906985,17621,0.002549518179984611,0.006863699048421323
2,295,64,3.830391506462372,0.021508544142639252,19896,0.0028765474490810186,0.0218855611423745
2,296,73,4.166742401241512,0.011424669102934604,12706,0.0018129740222197046,0.013660802550083062
2,297,59,3.7125404841025484,0.01310242056754829,27664,0.003933453765495688,0.021694173689428886
2,298,61,3.8223399478603204,0.019178709106290825,23335,0.0034058752406078995,0.005957530810074774
2,299,71,4.202355630819109,0.015615687033116554,13879,0.0019588861151685023,0.016461635145176734
2,300,59,3.7136528928276578,0.012642365447212034,23760,0.0034921466384120257,0.011383916554837337
2,301,62,3.8301813451594913,0.01367215631203822,24274,0.0035179868199407853,0.011975161319262129
2,302,2,1.9442157495693773,0.02911673290349248,1561624,0.226692056870728,0.03910411520607843
2,303,60,3.840521106164342,0.017682364518526783,26328,0.0038988658369877795,0.01770873332028694
2,304,59,3.608993766247916,0.01610417082874449,23934,0.003878454983249106,0.014548106700471242
2,305,61,3.9761683829232366,0.010664023694643587,21617,0.0031009382141969806,0.01865219997520895
2,306,60,3.7326163350171964,0.013315863200445283,22030,0.00326326473416613,0.007641168475633453
2,307,72,4.128941338346458,0.016607641293013287,15193,0.0023720656752900795,0.011195852458485034
2,308,42,3.3358686457571984,0.023062879728197205,51755,0.007910481866112554,0.018062367010920843
2,309,70,3.8328682052470637,0.018724944798395926,15735,0.002271949544960344,0.008040445864970658
2,310,36,3.002061157670014,0.026260683467839163,62621,0.009773351452190392,0.03527075930369872
2,311,68,3.674824654413556,0.01725253018330375,20710,0.0029812691079772195,0.008729016031809145
2,312,67,3.58889866355965,0.0206661594130072,20023,0.0032266090583548436,0.00950317120206412
2,313,40,3.3497861425104642,0.013760290603634817,53688,0.007772237875530407,0.039950415421264596
2,314,57,3.474742543563842,0.02514239083302039,25646,0.003901738742945157,0.03309445173448783
2,315,65,3.8873243966371493,0.011426023021217091,22875,0.003366811583068183,0.011948192309133798
2,316,67,3.827490680870774,0.013496765157882673,18857,0.0027866436172901063,0.014569366488323243
2,317,69,3.5316012191797914,0.021366535327225322,20321,0.00292564827922902,0.009674104981133747
2,318,40,3.5464099725654483,0.018284764197193715,58698,0.008470804600885957,0.02733123190381892
2,319,68,3.7874213434051005,0.016603583269036326,16222,0.002505888575545543,0.011948601494004618
2,320,65,3.8128528617149486,0.014473874453942992,16599,0.0025116321296443406,0.007134498381632937
2,321,59,3.6996158102560335,0.01581013427950806,29639,0.004326662350563441,0.018857263592339468
2,322,2,1.927694092216054,0.032553680817307806,1506055,0.22826146593071955,0.05436380029069349
2,323,2,1.9507872216782391,0.026739423400067075,1614674,0.22457490097585325,0.02408130750065579
2,324,66,3.714254779170715,0.014903006708659294,22344,0.00337255350630701,0.018601205610373595
2,325,57,3.66320955842867,0.017566600749950867,25503,0.0036522190420625994,0.022431602460666555
2,326,73,3.733578279903798,0.018058091270019117,14913,0.002139052313620383,0.017861880026713628
2,327,65,3.654305782433204,0.023528500306470357,20540,0.0030339021579847683,0.019402008639045065
2,328,59,3.7609991712440443,0.012555861033372029,27236,0.003817662731448256,0.013998338795757681
2,329,60,3.638430167517102,0.015083547008373777,29831,0.004537197076579479,0.015535773597517899
2,330,74,4.477833887287916,0.010071622277263437,12618,0.0018795004562458311,0.0192562024331564
2,331,60,3.6528220794974673,0.020166747309379285,23263,0.0033073123406268693,0.02231302663759316
2,332,59,4.000439611057463,0.011893206863456407,24059,0.003532278675777956,0.011394381041328616
2,333,70,3.77079717068135,0.02151269308914039,16803,0.0025135979320372666,0.008289087783046573
2,334,60,3.872667388464892,0.01056280245112734,26277,0.003894839770854112,0.01886229395885186
2,335,59,3.714550876159093,0.020548358321909932,24085,0.0034140781358240344,0.02381199919141813
2,336,68,3.674922707930554,0.018274925182585333,17759,0.002607114623345413,0.024654786216354307
2,337,68,3.743169326709286,0.017815981229091366,20606,0.0030857999441423188,0.008982693955259524
2,338,59,3.8423150876395726,0.012063186889965882,23413,0.0035186375224752165,0.0077959805308212005
2,339,73,4.0562256138902715,0.010941962872840216,14778,0.002122489382167154,0.012946315220965232
2,340,61,3.991230704809034,0.015292195776208661,19588,0.0029442471893021075,0.012709731623491982
2,341,93,4.098167473300195,0.024017502623561615,7953,0.0011208066989656673,0.02569488851337909
2,342,72,3.929397519400274,0.013778638743619842,15233,0.00220862862909306,0.010756500831653915
2,343,67,3.9365423100556316,0.021855219842872114,16462,0.0026211952503852895,0.026701538267349112
2,344,57,3.5772223190874626,0.021015664033875336,26106,0.003963833849981051,0.02863947166795827
2,345,60,3.863302650978013,0.012249207043487254,25795,0.003835753895531878,0.011309545380676633
2,346,66,3.6692128571971274,0.01571316770148501,20768,0.0029139383571830657,0.011080512787315921
2,347,58,3.8071002937894476,0.016799656930574836,26386,0.003969646183055662,0.019641110280531282
2,348,59,3.993647695072018,0.01733152390852477,26603,0.003957233378742176,0.029373895155533847
2,349,60,3.972518421330728,0.0140237972101378,21756,0.003311887859805881,0.02483179865641255
2,350,70,4.200324696680945,0.0120285184726866,14508,0.0021452319676233808,0.014347666321811836
2,351,61,4.100406635469737,0.009992932890396489,20891,0.0029932694064254066,0.008184753227995945
2,352,64,3.7485836528869245,0.018755917990877446,21928,0.0032450682081431263,0.014883627838528035
2,353,68,3.9047336787620828,0.020082429206313063,19915,0.0028282028989541257,0.022522455312734502
2,354,64,3.956726445459364,0.01462013167072318,18994,0.0027436657275069316,0.011233843116628561
2,355,61,3.9030026572139978,0.01767975113016812,24589,0.003646004934094928,0.02940896871811266
2,356,71,3.938424729546821,0.01584997372333971,15597,0.0022854428267104774,0.014515401751542978
2,357,66,4.07800888943763,0.018915302501715248,16619,0.0024507187142950677,0.024993877260792885
2,358,58,3.977340752384883,0.014342614722964525,22614,0.0034038092740933446,0.022537153539374355
2,359,60,3.802564255948066,0.017346072168582638,23635,0.0033806684125705653,0.01879093774729862
2,360,69,3.822247483350127,0.018823929586399446,18482,0.002587260910746078,0.006767672576948325
2,361,60,4.166871388412009,0.0127544861963792,20935,0.003005232995635199,0.013052980782851664
2,362,59,3.912527854209544,0.017283963470726915,27043,0.004009974000338675,0.025317770895631697
2,363,55,3.652011664454159,0.019181636083021952,30073,0.004267907599864326,0.021160023613518514
2,364,69,3.8466144838267198,0.014721562003500055,17660,0.0026069995428155386,0.01059681535362067
2,365,59,3.9019859037261533,0.012239021615019857,27187,0.004072825786363831,0.020085298646500382
2,366,62,3.7904003093750145,0.018530044286172387,22819,0.0033594494619198106,0.013143641712248633
2,367,68,3.647598839301174,0.017492094168667816,20525,0.0029613997948878955,0.013471820871009732
2,368,58,3.5191709143003695,0.01962388622222877,31159,0.004465981985003508,0.01959924236661259
2,369,58,3.9300071899561844,0.014987199433277087,23772,0.003356469895054544,0.014751148367705635
2,370,41,3.5465916427277313,0.018476049021788177,49396,0.00748041947653116,0.02232143868444625
2,371,59,3.8096876850654526,0.013233636737103538,24338,0.0036517405634735618,0.00843250041115659
2,372,69,3.8066345390573555,0.017962356776072608,18372,0.002803830314240519,0.004346912494508165
2,373,72,3.939376374539207,0.013305109326997133,16460,0.0023420460005722787,0.008537507301755953
2,374,60,3.94005699234964,0.010113081201604368,23200,0.00338894613416195,0.018092996176775955
2,375,60,3.9919357158933706,0.010434967694046254,27016,0.0043033299675737016,0.009276966493610594
2,376,59,3.7213272522000054,0.016370071555791843,28453,0.004175613816551826,0.023233501929713962
2,377,70,3.8805466144281278,0.016207855325082066,16042,0.002311495069881588,0.009752358912053116
2,378,71,4.109097095454099,0.016243790690022936,13907,0.00190689780895289,0.011327404365601423
2,379,69,3.9210873729235995,0.016445713824401326,15872,0.0023054969368498358,0.008625671475180618
2,380,66,3.865373133587738,0.012706675842160342,18079,0.0027763483195329826,0.015684163922752736
2,381,59,3.5329947441897493,0.015128881386643367,25919,0.0036225037721893906,0.009953329201375816
2,382,61,3.907681421900403,0.008926489828564366,19984,0.0031364537888641138,0.007825543912822253
2,383,61,3.735067612692699,0.01139946497254496,23518,0.003620750202568334,0.022334515242367736
2,384,63,3.744134826303888,0.012515011474435511,19608,0.0030491559772041067,0.016200911763914194
2,385,34,3.143389828825434,0.021439180705242145,86929,0.012800494060873507,0.03810664893128235
2,386,68,3.8962323975700848,0.02182364684004312,18485,0.002712034198773254,0.01404064891088086
2,387,62,3.8498415656087257,0.012086853132491637,23516,0.0035433149763821692,0.009208676740116495
2,388,72,3.8886964198704885,0.017074954413346832,16066,0.0023848896621134165,0.013336505424121958
2,389,70,3.869215058240515,0.020255611200468482,17497,0.0026059418811066755,0.010281273585746542
2,390,59,3.6964610155505513,0.013312924568584239,27028,0.0037995045799156233,0.011230862033060951
2,391,71,3.944505454055795,0.014350325762609861,17705,0.0026625521551182883,0.009334113063557081
2,392,33,3.0899498972325765,0.029164462312163908,84949,0.012355271094128494,0.022060173679854522
2,393,58,3.523528217991291,0.01803541705727285,27022,0.003963934096771804,0.01589222026679593
2,394,59,3.750594263199864,0.013586052961985673,27997,0.004015002805066788,0.0074835883416743965
2,395,61,3.518531489539859,0.020409212441147795,25917,0.003852880242426549,0.015906516782689006
2,396,70,3.9231016508191137,0.017801384969994505,15136,0.0023387287674145364,0.005980493573973483
2,397,61,3.685009912149943,0.023107012691402418,25276,0.0034454579347017837,0.024469688060057337
2,398,60,3.7662138300121013,0.014883131181740672,21273,0.0031565157277517425,0.013711791130947837
2,399,64,3.712274318771508,0.013521915412304297,20797,0.003142577551264647,0.0055051891138254705
2,400,41,3.548915823697157,0.018336811481733495,51977,0.007462013745943247,0.009007503328852362
2,401,67,3.586128689431733,0.022288713097387253,19743,0.00295413747579928,0.008697547338106792
2,402,70,3.6163035913397215,0.022203769899834636,18884,0.0026942813863307592,0.015026172546528382
2,403,71,3.8980251808203144,0.014946804243470724,14299,0.00205755395269367,0.009665081567115985
2,404,69,3.805893770369923,0.01719570965339645,15435,0.0021663209582394793,0.02323585518534363
2,405,59,3.6650380241156713,0.013600208223687127,27018,0.003949258647938019,0.015578446106052413
2,406,66,3.7382750254879697,0.015071057058607118,18207,0.0027987935381334275,0.0073413109117068664
2,407,39,3.2152364405167537,0.024697453134666536,61067,0.0091240060702199,0.030120829557398865
2,408,62,4.346110539252977,0.01596320376762339,22680,0.0034691953654119694,0.026748696695507224
2,409,70,3.7145163041617493,0.02468735559016333,17745,0.00253981876185374,0.018885696520994533
2,410,63,3.9334970786343617,0.017860623551224142,21939,0.0032062495780096787,0.013359516004224858
2,411,70,3.8930127826191745,0.013482040442694632,16187,0.002444686458049999,0.007639765020604039
2,412,76,3.920002194026373,0.019254866430798767,13355,0.0019531321409794323,0.027053571694449163
2,413,67,3.6457738363422765,0.022576250075343696,23473,0.003385787826366911,0.00997074974177159
2,414,59,3.5769637457883667,0.014916658123739546,26224,0.004037311880649277,0.013788378232566845
2,415,58,3.6190569028993895,0.01164203210001824,26009,0.003976336752564041,0.014071003889129408
2,416,62,3.7232308575298165,0.01256759008221886,25599,0.0038066950187301174,0.004472098650437739
2,417,62,3.5955391880823524,0.018455717206726285,22750,0.0034511089361118578,0.010232884361117689
2,418,62,3.858228278190602,0.01368876628232829,23812,0.003425406846181654,0.01512016498785923
2,419,62,3.7174888598263705,0.021275371636546914,22938,0.0034906967255962057,0.015406151984381666
2,420,73,3.8163117203150616,0.015730684227987846,15655,0.0022796520774758435,0.01552677458136792
2,421,45,3.352190864169869,0.029542235218166457,47738,0.00670099091510258,0.03292145561810761
2,422,67,3.855459876665838,0.01742270379496652,20624,0.003193909519318476,0.02332207960618743
2,423,68,3.8094441394936713,0.022837684073896747,17377,0.0025809815067038386,0.015344594058502192
2,424,68,4.086012619056169,0.01289476222969188,16000,0.0024647680660952204,0.005737003993247725
2,425,40,3.462079549830096,0.017641878753612672,55679,0.008489837019037825,0.01820424559820233
2,426,62,3.7737032531595864,0.020318868542126833,20476,0.0031223243292286366,0.013170439560363068
2,427,71,4.077181996205431,0.011803520573350434,14367,0.0022090006436191753,0.00984345619994853
2,428,59,3.987889581996385,0.014374274710726442,27790,0.0040457815339117005,0.0129447383001568
2,429,67,3.993282567672719,0.013596385077149331,16342,0.0024456383472261714,0.015447987839174004
2,430,68,3.9674857213399055,0.015896888133017706,14928,0.002354248102549836,0.011438711972601212
2,431,58,3.553229159505007,0.017380893278297282,29388,0.004221163212852744,0.017251836942130394
2,432,68,3.6264265036094447,0.025900304614987935,19474,0.00286760666167086,0.013401784183784682
2,433,70,3.71363931325116,0.01654240534346918,15559,0.002186884372160803,0.008490260076847944
2,434,68,3.886659907810612,0.01308524521342777,18180,0.002642799099296853,0.012448831094639068
2,435,72,4.32988930960286,0.011687550054055681,13749,0.0020047841273706474,0.0169511184536969
2,436,74,4.103407803690017,0.012757526445111522,12778,0.0018937566645695735,0.0194174493158622
2,437,69,4.180043337522243,0.017723033417161416,14782,0.00221823986823217,0.015184671330253363
2,438,62,3.594302015186762,0.020622890297533225,21325,0.0031470798272109288,0.012315326405748617
2,439,68,3.9690870214296416,0.016231724514212398,16388,0.002312086535354975,0.008494614412149493
2,440,63,3.724521180717595,0.013606657415013546,18509,0.0026885281524877272,0.011218401664871203
2,441,62,3.4053550974854563,0.025642143855705235,24654,0.0036276645397630525,0.022396498343585647
2,442,59,4.275420284944555,0.017380952219731793,22536,0.003325934987534385,0.031491014346832824
2,443,61,4.146608504858606,0.007866598884300746,19716,0.0029525657640744806,0.008764773518855629
2,444,72,4.266341852211439,0.014594230979333322,12754,0.0018101846660866431,0.01643262338635465
2,445,62,3.7663744083927573,0.012737837014482556,19998,0.0030526795590146553,0.00778769678088459
2,446,55,3.585423848352771,0.012744217734634078,27218,0.003796446421258538,0.012960315973011116
2,447,40,3.409427029690238,0.0165463732970626,53117,0.0078329667075689,0.0140922636946621
2,448,60,3.7201089376058643,0.010799970915052248,24295,0.0034107704817504477,0.010224036486045529
2,449,93,4.128358630767132,0.02468047982936228,7867,0.0011717273960648606,0.023958449346363486
2,450,71,3.889683240175753,0.013951993804706575,12688,0.0019284934450526042,0.009790753695180454
2,451,60,3.706667863906585,0.022394978823331912,23650,0.0033837229049997974,0.022535162988908508
2,452,60,3.643903347773071,0.012437320909141514,27156,0.003995787031437468,0.006693557225226576
2,453,61,3.6730365610207936,0.012621267659551627,23034,0.003354352036581281,0.01806706038624395
2,454,83,4.145363161761406,0.02461682324523784,8559,0.001253150629174149,0.028598177541252656
2,455,69,3.9173364323973905,0.01724404535368984,16109,0.002357393015127471,0.006006692441453965
2,456,59,3.757999085872426,0.01140938871220061,24219,0.003663105603890615,0.01754852717829536
2,457,68,3.898006427722932,0.014585190720559194,14089,0.002157216347256558,0.004887012650831357
2,458,60,3.8978241361727983,0.008628749433783889,25395,0.0037547672014764167,0.0141314520530329
2,459,56,3.7314058465146243,0.018463978646935414,28396,0.004008789520903347,0.025487815377022938
2,460,71,4.0987503642142755,0.01449131263618042,17216,0.002526244860861371,0.009618045991542257
2,461,71,3.9813394578209818,0.016541904262661652,13751,0.0018960332353902304,0.00807214531800532
2,462,59,3.940228202715628,0.011768577837726668,22263,0.003233505642694649,0.008027381669433342
2,463,60,4.021131964264454,0.009624626095890779,24455,0.003570705294236775,0.007353794931860919
2,464,62,3.940883629985509,0.016583747138923688,20809,0.0030160466902405983,0.006770616364448201
2,465,71,3.627848034632659,0.024761894039743382,18055,0.002733447465425788,0.02036036663378421
2,466,69,3.796090769632121,0.01347721593954021,16595,0.0025066911812353584,0.006094651251909666
2,467,63,3.6580836154565564,0.019728682678929632,21865,0.003094649716506591,0.0154661491847084
2,468,70,3.7976190139234065,0.020586047813794695,15291,0.0022477145809660865,0.010662615936161302
2,469,60,3.939027052083529,0.01215683343349283,23623,0.003401077494982536,0.011057459403298386
2,470,71,3.8184638409777754,0.015059067098998624,15910,0.0023662390778955195,0.006931024618160031
2,471,71,4.005071902256626,0.01167217436035084,14125,0.0021731702022286803,0.0062575805237470306
2,472,62,3.5176743049274015,0.021148463787079075,25774,0.003683044406163748,0.016751734732973866
2,473,58,3.727587522790907,0.015244249324188303,26717,0.003950076777889387,0.014772499031418529
2,474,70,4.117227638547807,0.012413123647590618,14208,0.00216053465933715,0.008327803282478285
2,475,33,3.1198728837243475,0.02582340469590405,83846,0.012433982561045092,0.03412329084497151
2,476,2,1.9460012714159511,0.02500645170136473,1606734,0.22576819561535322,0.020340536349618216
2,477,69,3.9410212072044972,0.017026173938591627,18271,0.0025881238389847292,0.013795714203035103
2,478,59,3.910516738295991,0.013695267693538016,25392,0.0037715077089249213,0.01608120476496447
2,479,70,3.731778061662613,0.02059778876875118,19632,0.0028079244915464054,0.014292431422495477
2,480,67,3.7407521068074217,0.016661128175622153,16145,0.002507757038495041,0.00921799549829827
2,481,71,3.861080037435345,0.017016313099517122,15880,0.0023460216466294555,0.00869129594064394
2,482,58,3.6444038522355147,0.01615531184334107,28255,0.003999317193199787,0.017888205742418506
2,483,59,3.72366842655446,0.00925078501237532,24390,0.0035695730123303207,0.006698888770288902
2,484,71,3.9261480978831798,0.016655902961865476,15182,0.002237446051567959,0.009955742052552896
2,485,59,3.7732488552598342,0.012216537352225998,24705,0.003540967365624911,0.014189047299370289
2,486,66,4.024435613106187,0.017763367958490872,18231,0.002667241733211161,0.02483861063427517
2,487,38,3.476343940582681,0.01426775530794222,62744,0.009643580672692931,0.021407427888819497
2,488,71,3.917620599776047,0.017938037186359224,17736,0.0026109672105445623,0.015144279128565752
2,489,61,3.823751795666069,0.009628037196578343,18486,0.002634571807259823,0.010983860000421397
2,490,83,4.060128831965434,0.02025658012846987,9299,0.0013435527528310833,0.02941649968458443
2,491,59,3.591996335457851,0.014355401751320995,24887,0.0038013927697011568,0.009997762734761384
2,492,61,3.9370500184012776,0.01449042190198585,23649,0.0035047793725898066,0.011520935743271898
2,493,59,3.8997576049247265,0.012896006344923383,26117,0.00391540553238991,0.02013250421428525
2,494,84,3.913565042761835,0.024103440563047807,9605,0.0014930669927734313,0.0369098603644456
2,495,60,3.8319486727336747,0.010268831477167173,24011,0.00333678671511129,0.009095082798887155
2,496,70,3.755843520159708,0.017335760729745298,19095,0.0028141241176847694,0.01270606915296607
2,497,67,3.7142806895042573,0.014169538513933655,22252,0.0031044951700489602,0.008313149148132915
2,498,61,3.766976184512538,0.012913189600983532,23027,0.0035337093497588077,0.02690274170201662
2,499,71,4.100132263334195,0.011233443762397627,15061,0.0021706204838490475,0.006226442610380967
2,500,70,3.9733901848663957,0.01624736083804129,17700,0.0027638039123283925,0.01736234679858345
2,501,70,3.8618320773865586,0.01935684673015403,14639,0.00217825730487716,0.015191325592814331
2,502,60,3.7466028115688417,0.012719026429916624,22307,0.0034236972277215264,0.01157151362061662
2,503,61,4.018462749264411,0.008221309346230221,21933,0.0032148199785825243,0.0075474630729825964
2,504,60,3.8346280519186338,0.012326980801800946,25088,0.0036916300000264866,0.01129196389242415
2,505,64,3.7871174787836055,0.014247841806531714,20590,0.003022007819647043,0.01020369001544752
2,506,35,3.1398316384407163,0.025609401157859785,80915,0.011306721025750092,0.027756665469127695
2,507,66,4.043806688175595,0.016669790364029713,14932,0.0022667503010290546,0.02362891095906461
2,508,57,3.7829003834863886,0.011454248224881558,25253,0.003644101989255722,0.007462649044314651
2,509,59,3.655043432841699,0.015233363935524102,24191,0.003421769959346414,0.011503772331355744
2,510,65,3.8714946343190126,0.012581236663425033,20769,0.0030575569753196015,0.010239987153904367
2,511,66,3.803081034985912,0.027173463525260066,22430,0.0035595970656732167,0.035658847005076655
2,512,61,3.880396648043288,0.01182664237852643,25003,0.0038579280166148736,0.012758205336944717
2,513,59,3.7747379622978285,0.011513553111042962,23361,0.0034089322166639745,0.013888543523830787
2,514,69,3.6292637273172064,0.019521484567868952,19936,0.003014753328122238,0.0094007561965459
2,515,68,3.690044386119695,0.020318433379757028,19313,0.0027311558659466736,0.014786330454831298
2,516,70,3.8057686897604177,0.0195121595846168,17242,0.002341972543421301,0.009314494934584028
2,517,69,3.708854772685287,0.020661567302465378,15865,0.002405760967290294,0.010426349681930125
2,518,72,4.027417346179662,0.016227692060366672,12845,0.00189708565109102,0.011066664172618423
2,519,70,3.9949700007841873,0.020561984743831085,16538,0.0024885634873354568,0.012467596204925047
2,520,69,3.776626347213057,0.01684548587278112,16790,0.00270472897455815,0.006927625931919756
2,521,67,3.601251067041595,0.022025479647274415,18813,0.00281627984297814,0.013245054982837345
2,522,39,3.3673396520625336,0.02589441127823655,56381,0.008358786310335861,0.028900973430301735
2,523,68,3.707764498995796,0.01856938711203618,19015,0.002637143236750418,0.008312972610055813
2,524,58,3.6744298409984384,0.014279917751642501,26509,0.0037673570005988775,0.0173190045254476
2,525,70,3.841396105565029,0.016100191749876536,17505,0.00263943308505624,0.007418063506491851
2,526,67,3.8847906980055096,0.015262598542175182,19622,0.0028381670549583525,0.019666200397158606
2,527,61,3.687030108408949,0.011519246652874071,23933,0.0034956429708919404,0.007614487654221291
2,528,65,3.7664874343603096,0.01715809652685929,21154,0.0031408511537364533,0.012888668947130172
2,529,72,4.006888117238888,0.015420605773497797,15909,0.002291689474563673,0.013723838635165797
2,530,71,4.059684932018659,0.011136072185313206,13611,0.002030174136169183,0.008858202707976659
2,531,54,3.4930356567114713,0.023827123650420834,31774,0.004575013577886964,0.044792368471176625
2,532,68,4.2180582078142885,0.022171242915203893,15011,0.0022276289204436264,0.0274419578711132
2,533,83,3.956993404503363,0.025599789266007256,11261,0.0016603313792014928,0.034077106123964473
2,534,74,3.7437025124705112,0.025449675809899874,15520,0.00249791612313117,0.022739997421295066
2,535,70,3.898125500620183,0.015554692756466593,15163,0.0022496411820089237,0.01404715822112479
2,536,62,3.7721133840903938,0.019027935028765874,22268,0.0031461149125959886,0.007813988085201506
2,537,65,3.8636657254731532,0.014110569203518275,18472,0.0026862690236185752,0.014160505826150915
2,538,60,3.8761226842528704,0.011030211079639363,24489,0.0035201382698927916,0.012462846665475702
2,539,70,4.038164925978251,0.01288484551941857,13719,0.0021361589156490496,0.014420916664664885
2,540,2,1.9316815193137704,0.02866497495666087,1520460,0.2256573770457741,0.028596965983703926
2,541,59,3.7985841586907116,0.01308059791630789,23430,0.003538749457595647,0.014954615704218466
2,542,70,3.955715542012747,0.021254548743813217,17781,0.002641982213238469,0.02329380372531048
2,543,58,3.735118781249887,0.018782919906155826,28721,0.0041672228574081704,0.015481369575340187
2,544,73,4.0030961962405875,0.014803415996017644,15049,0.0021622589334168215,0.014287517676489225
2,545,69,3.8119435169364686,0.014364308566154116,16522,0.00248385763145037,0.00796765638917385
2,546,65,3.980766374197679,0.012805957395886525,16796,0.00256069765137251,0.009627412250679646
2,547,61,3.7538732360390514,0.012002412253448336,23798,0.003446009952565596,0.009756377629561441
2,548,62,3.753663158532937,0.014556918016663922,21803,0.0031915363903654626,0.00786789556169687
2,549,65,3.7519216591432225,0.01871503642177108,18900,0.0027209352646311094,0.010092097407386591
2,550,60,3.7582217232378765,0.01062116164335175,25956,0.0038949123944827775,0.006900701088761896
2,551,68,3.7776960721224624,0.01767982632139481,19222,0.002679949206165082,0.011610658600950008
2,552,72,4.074358117564499,0.01755814459549565,18272,0.002790296085659891,0.015811031539700537
2,553,67,4.01223431781406,0.012375425857998001,17004,0.0025759694349804046,0.008113307949268789
2,554,58,3.6873004075644378,0.012633073455955005,27373,0.004101205520393733,0.008460928212182084
2,555,61,3.805946968606985,0.016339463361968676,27499,0.003863111089133502,0.009290147592703052
2,556,73,4.01642918012964,0.01737375003039132,14936,0.002252966710365412,0.016498670768755885
2,557,70,3.8637280863250782,0.019842942818601078,16474,0.002392518912575901,0.010508441554851727
2,558,61,3.754843428570553,0.015695034433168997,21587,0.0030947945890483523,0.015859116993081956
2,559,61,3.5812073278992345,0.015193349446837923,25311,0.0037141036744255253,0.005708507382572114
2,560,62,3.7537854950217358,0.01894829963243222,22465,0.0033195124978574256,0.017250080949289204
2,561,58,3.6614078647649086,0.019271201301075402,27712,0.004092680788620835,0.029190052746576656
2,562,71,3.9751473078949613,0.01616384424657491,15374,0.0021599880409664336,0.012426633648923269
2,563,71,4.385467566058006,0.014399837284694655,14352,0.0020809629731555488,0.009745514661230414
2,564,60,4.045750128388706,0.014261610060058105,27346,0.0039692101001925825,0.02128374181612619
2,565,67,3.72272635940686,0.021051121159326613,18135,0.0026546496257727173,0.009101882541468265
2,566,73,3.9828197117214557,0.012858183799088874,15744,0.00234469835911325,0.014884144727425497
2,567,70,4.059636292379477,0.016423786654944816,15434,0.0022916194937620408,0.009541115691006574
2,568,62,3.6248634838323337,0.015120234201712712,21610,0.0031647441931850068,0.010050463251935843
2,569,59,3.7224645856968546,0.01576872153551212,26207,0.003771888199431806,0.01693937248297195
2,570,65,4.08017784142049,0.01371816420656824,19247,0.0028526143802474055,0.019754422972575625
2,571,70,3.630207862631722,0.01871815722366188,18660,0.002678814838337257,0.01153491806936352
2,572,58,3.676624689671755,0.018390135430522925,29179,0.004149072555233755,0.02703576871001817
2,573,67,3.6545422376668544,0.016781507972337073,18014,0.0028408571206886436,0.007709882296485893
2,574,62,3.7118217045429125,0.017454615322587685,17962,0.0026911520249188513,0.011099247983901828
2,575,60,4.148612350203414,0.010046006443714894,24098,0.0035263143415546687,0.01873435440772203
2,576,59,3.835128815803254,0.014208221643076016,21598,0.0031986294380835353,0.016864284065792212
2,577,74,3.9510466003909337,0.020032601773506187,13543,0.0018978259711941883,0.01982556195235069
2,578,71,3.9422710138316828,0.017224773726462694,15196,0.002269407119630133,0.008578389459144464
2,579,71,4.165908376792059,0.014671825678149286,14650,0.0020697615606426007,0.017453526917509787
2,580,59,3.7351511262479584,0.016100764289761593,22947,0.003512214384819128,0.01398172739871556
2,581,66,3.8202880155722143,0.016207832452674487,18094,0.00273267866242221,0.013411833563100717
2,582,68,3.8779010591653105,0.01932193651225056,19700,0.002696214993172554,0.00522634127309099
2,583,59,3.8293821902548646,0.011272883302022918,24760,0.0037027300006968787,0.01224895087125255
2,584,60,3.816387010884049,0.012209434515621287,26217,0.0037411955186708017,0.00742971605000059
2,585,67,3.666873684923016,0.021249531378754516,20175,0.0027508322716325176,0.009115704114235679
2,586,61,3.6796412952473605,0.018996025149531803,22246,0.00331854463185949,0.0163166773321749
2,587,67,4.0472615450084675,0.02821542379073058,18316,0.0028696454618521716,0.03566955959624246
2,588,62,3.733272427528676,0.015695307425286575,27289,0.004069811836263784,0.026614811581496423
2,589,60,4.188594193578059,0.012842110676543395,23213,0.003278882109264901,0.0211104320606732
2,590,70,3.8805265335207655,0.020177563091044792,20018,0.0029294644149390685,0.008379455691679055
2,591,67,3.832991079648552,0.0200533072974583,18526,0.0026989845518609022,0.007893030582923122
2,592,62,3.7799334056216978,0.011311901045591433,22724,0.0033937210783621906,0.008904909208687473
2,593,60,3.5872834956319815,0.024830276343778435,24822,0.0037374267255371853,0.026991959404151555
2,594,36,3.1640736823343225,0.02573759475058718,73380,0.011022334271438426,0.031768606436761215
2,595,59,3.8538333376866576,0.012185955920292035,22771,0.003301298946820251,0.012471499346480397
2,596,60,3.7085574570652775,0.01388154707762601,22816,0.0035083203439679293,0.011003969566672434
2,597,33,3.225134938136463,0.021615874915127398,86271,0.01274534919074545,0.010629215515037371
2,598,70,4.043286680565897,0.016318089121692886,13967,0.002118971921611845,0.01224256860624734
2,599,71,4.055877752976529,0.0224747237197358,18803,0.0028454834249796003,0.02012169917522269
2,600,60,3.909455614144373,0.009952699208501614,24477,0.0037344800975721987,0.022332251990900387
2,601,71,3.892174958060491,0.02301191802763214,18164,0.0028309935503096732,0.015985758494673263
2,602,62,3.9945157393895854,0.009533327340416287,21423,0.003126891088207141,0.013193001713257324
2,603,59,3.946337814930885,0.009270184076574733,25007,0.0034919549725343853,0.013844945052761182
2,604,58,3.776487275547863,0.015125021592987467,27309,0.003802864325932585,0.015927127526095375
2,605,61,4.261680838101069,0.007649711322052721,18162,0.0027271642042054666,0.017492234221620884
2,606,61,3.466866983407869,0.01833704923832058,22765,0.0034837105733561712,0.011071298329357104
2,607,38,3.395427155964884,0.023654934167241654,66517,0.009680323883434446,0.023172369257984382
2,608,59,3.7946364731843687,0.01259953656766194,22294,0.003203798917428097,0.01495383380001894
2,609,57,3.5940727060688715,0.01774120228572293,25615,0.0038273261073097672,0.022291333976472427
2,610,70,3.8232077621573555,0.02620785893256683,18475,0.002629306369766862,0.015368150788315965
2,611,70,4.184541870525395,0.013242845112935386,15058,0.0022162512532460767,0.01470335075732343
2,612,72,4.035089368107311,0.013177401320344728,16769,0.0025134858732021397,0.009008882811841201
2,613,38,3.244152464776519,0.022964841030420957,62763,0.009030165440089458,0.013554677888863997
2,614,60,3.9056762667941856,0.010277475658669322,22785,0.0034004047056168836,0.00911356161427046
2,615,60,3.7671295628771118,0.012567977029281918,27034,0.003976943905290068,0.01906518210957775
2,616,61,3.584507080942884,0.0260545527118336,25175,0.003656748731322439,0.024662612147545004
2,617,60,4.058613965718578,0.013458339075209769,25700,0.003878110825844455,0.023794134845060655
2,618,62,3.8704226348202213,0.013025512698079778,27098,0.003947534990342393,0.01189521119503234
2,619,58,3.729123681526685,0.016314467989835615,26176,0.0037172720369716334,0.016088681303109253
2,620,70,3.7207687951370056,0.018282766386264693,19593,0.002826030578767255,0.008065378065417683
2,621,73,4.276200840073519,0.01368239490590284,14568,0.0021663413486575317,0.014694274101703764
2,622,69,3.9220123204023944,0.014051503941135524,17141,0.002653307408595874,0.014449864795939293
2,623,71,4.167739168881276,0.017930460379129043,15353,0.0021852623674135864,0.009137079973266127
2,624,71,3.952776643882342,0.016063171802076726,16717,0.002465353866101657,0.01339422276460489
2,625,64,4.0323635847237735,0.012859605088151427,21222,0.003014943019111261,0.011741480380470015
2,626,59,3.6880606732170516,0.02051231140937454,27684,0.004048146683170814,0.02242867229807155
2,627,71,4.198391846965287,0.016508363188418418,15783,0.0023672737564688308,0.013894078239370111
2,628,58,3.5521239399168327,0.01795958833091149,25383,0.003568821466412614,0.017526077379352967
2,629,60,3.66169651715736,0.015897299204522097,23651,0.0034027513210461557,0.017368234524794135
2,630,60,3.91965964479248,0.015318911971079485,24851,0.0037977066748007163,0.02569417501449972
2,631,59,3.6848529311611773,0.01487587486369124,25647,0.0038788132135242287,0.0227395402967972
2,632,74,4.188038698497982,0.012212865744552603,12224,0.001915121453700012,0.019482982439036622
2,633,60,3.764156158706461,0.014032046228475425,23896,0.00327068713720434,0.010799318532023261
2,634,71,4.1291949764992975,0.013187204849477996,14229,0.0021307813673659354,0.018944438008399844
2,635,58,3.744823319676693,0.01937034077032984,24779,0.003612749525607015,0.02182507554285934
2,636,60,3.8621001711117438,0.009495870818537089,21973,0.0032532509190252475,0.009154261477543613
2,637,68,3.8114519465618306,0.014756075646352396,19033,0.002625853837081173,0.008845528032458916
2,638,68,3.8422012576241347,0.012231293896973416,17016,0.0024961624582799363,0.004962691891435278
2,639,59,3.6338034953003873,0.019958774967451354,22130,0.003268434309196544,0.023306700790095947
2,640,65,3.6744824347485183,0.015413839835148657,17795,0.002611891172130747,0.007667519540903389
2,641,58,3.613766681372168,0.022203416102137385,26190,0.003984969407485717,0.026900582749399937
2,642,70,3.7321419052817966,0.01701610741061066,16958,0.0024622552445978632,0.006191704721722313
2,643,57,3.4690036836762914,0.018964836476157987,28842,0.004221380541604792,0.02291460455385458
2,644,60,3.7318942403648045,0.012630977787199793,24948,0.0038721435219898734,0.01014622840051349
2,645,65,3.636361875437019,0.017148895730392133,19947,0.0027720718245519095,0.01259982561938533
2,646,59,3.7920838589772323,0.014456032178307043,23730,0.0034548917510928844,0.015552921188382252
2,647,72,4.1120686060374485,0.014658911208210834,14519,0.002264963791623331,0.014977809716231194
2,648,59,3.956197709420193,0.012930341455093974,23553,0.003466746070307253,0.02480883268091727
2,649,71,3.9211689484909873,0.018030729151095826,17235,0.0025344276296285838,0.005524452061097751
2,650,58,3.9255529262570326,0.016780063504945986,27112,0.0038437889392392978,0.015555481380573
2,651,63,3.744992348894801,0.013063123302492763,20336,0.002997827106041353,0.008816138496901493
2,652,57,3.6760516205336917,0.012329592440948334,26318,0.0037201983389578753,0.011818737129019763
2,653,68,3.654022671987619,0.017102991609999174,17904,0.0025938890327201775,0.011466207075945645
2,654,70,3.7757658748823704,0.0234336556820266,18483,0.002720570756109067,0.010200064674378728
2,655,60,3.789014483251717,0.013447795112773608,28809,0.004139333568588595,0.015890554011926794
2,656,59,3.575999230483637,0.016981219066320996,30595,0.004371607342642854,0.018538657000513492
2,657,59,3.796930536068753,0.01248120967700872,27746,0.004152764748107114,0.009403845379081344
2,658,68,3.6176332184673736,0.021507094300363017,20604,0.00300116104905465,0.009349014165836222
2,659,71,3.9888521968908175,0.017710177448903353,15013,0.0021743434425651373,0.011011554478545182
2,660,68,3.6451925601416324,0.01676357437283349,19631,0.0030595180764201564,0.0070227838327399095
2,661,58,3.5184608223953533,0.017279782785360576,24541,0.003544415829981272,0.01743606321656843
2,662,61,3.575562679929532,0.021821954931412035,22220,0.003256234913169023,0.022788049130574584
2,663,73,4.151894011947616,0.01025854651640612,14553,0.0021616208547024797,0.009175150933125598
2,664,59,3.829501789566542,0.013316738462987754,24625,0.00366937562202436,0.01237821037450354
2,665,71,3.98645547024071,0.023538898723134194,16768,0.002459756474133903,0.01822108345684126
2,666,67,3.7134162517923106,0.02133310628687113,18308,0.002703993234404518,0.016116071703006052
2,667,62,3.7043198823254038,0.01133372106197944,26797,0.004039659424615737,0.006719196484866741
2,668,70,3.960157326732946,0.020231100402134217,16607,0.0024590755019248964,0.019678428231721667
2,669,59,3.6009686639972043,0.013942530753119464,25947,0.003985111315722583,0.011636370818109532
2,670,60,4.062788233384089,0.008732031475146423,25334,0.0037112301408023193,0.010806081659032407
2,671,67,3.856354164704739,0.019387316893969553,16511,0.002441313693210365,0.009193446092591873
2,672,31,3.085725614653038,0.020533805232053504,95322,0.01438485655888613,0.01867533912064434
2,673,68,3.587841157105684,0.022251402394301012,18208,0.0025626814024600503,0.015697674023257113
2,674,60,3.860193989010144,0.0113282303726151,24901,0.0036090534615592544,0.011707733521293617
2,675,60,3.7979170361612655,0.01469349657250868,21316,0.0031095514403484286,0.028036936954957847
2,676,59,3.622250158912631,0.011713843924442191,25149,0.0035566941200629284,0.009414332845359169
2,677,56,3.6443075497929436,0.014598212485587014,29249,0.00428966006984832,0.01889500904308744
2,678,58,3.618112334199575,0.018274277332766098,27000,0.004027467927930401,0.02154996520346253
2,679,71,3.807649955129614,0.018226780918549124,15936,0.0023075479522828737,0.013395122547302296
2,680,71,3.9019783428621317,0.015498355434751726,17520,0.0026651365456544585,0.01548321207148573
2,681,70,3.9272351773117715,0.016246469820881848,16101,0.002557492351825555,0.011287809046616082
2,682,61,3.6005937743740333,0.015699436183754134,21535,0.0031338373376163654,0.011302554856376212
2,683,62,3.9080403878887213,0.010521189555355637,20119,0.002913798826659746,0.009803918180283866
2,684,70,3.910487492741432,0.013951757271036924,17040,0.002490708808368314,0.009055993845525967
2,685,59,3.6706590962148042,0.01418910553228192,25286,0.0036119415478553687,0.015578846483838227
2,686,62,3.860195217297636,0.010571983823128794,23922,0.0034175535562443425,0.00930669903588821
2,687,71,4.192312738619185,0.013008272728683892,12999,0.0019531728352860304,0.013636865511382101
2,688,60,3.7438665998177547,0.011849616062997503,28093,0.004100290959670669,0.008451878151391812
2,689,59,3.715495503045256,0.01378101653414554,25353,0.0035038325457437893,0.010211450782003029
2,690,60,3.909537375226077,0.010902640104637262,23424,0.0033541800165389256,0.010064384971593732
2,691,68,3.5926776819442168,0.023335042105925186,19615,0.0029417124020585236,0.013002715192690473
2,692,60,3.6783231169694752,0.011616945322160621,23020,0.003426615574071982,0.009191536656154242
2,693,62,3.697256054796024,0.013383917739737905,24468,0.0036303101520492823,0.0067472145825248075
2,694,57,3.6415890834719544,0.018630222591949602,28821,0.004079281380679852,0.02029110519782512
2,695,69,3.991228600127472,0.01879898530855878,18626,0.0028851007763873414,0.021804755404071563
2,696,70,3.7080181267177426,0.017713318708735604,18330,0.0026857233365035517,0.004867296622058981
2,697,59,3.9034916300227533,0.013629562671284345,23020,0.003322181943291711,0.0165948420258053
2,698,69,3.6947049073023637,0.017233250970628,15976,0.002264230738377889,0.005725018245255786
2,699,70,3.852850198927259,0.014689622254170809,16367,0.0025092519755357512,0.007053684420807893
2,700,69,4.024285462967279,0.020597108544379766,17958,0.002670129697111716,0.020900320217016988
2,701,60,4.103567236530749,0.010046362182331126,21419,0.003214161699389521,0.018494558266592465
2,702,60,3.875099559647885,0.010879035239702767,23111,0.0034195153997301202,0.00956853554722803
2,703,58,3.7582942955431515,0.016651215476726544,26514,0.0038390011473276417,0.022771467024470138
2,704,59,3.3968363219545905,0.023731512507476404,25628,0.0038484415598652056,0.02324745940848688
2,705,60,3.6442981661421867,0.013653171987731527,24872,0.0038428830646158106,0.007300269948396387
2,706,61,3.766867582513024,0.013122887731149835,24845,0.0036652500365861145,0.017924081294418803
2,707,94,4.148322983205345,0.020859591464373578,6823,0.0010241274090747325,0.022832042934834262
2,708,70,3.7419679359128604,0.02556729584207884,20827,0.0031192273625747233,0.016290129368358885
2,709,69,3.7659778622958693,0.01658615043628575,14626,0.002294828868463911,0.014824371836483385
2,710,72,4.020824237156433,0.012497922402070927,15775,0.0022892895786604255,0.010313113120818063
2,711,56,3.680704699257671,0.01264639595780373,26942,0.00391408878743296,0.0142611454575024
2,712,61,3.9027050188406713,0.022821273088736854,23395,0.003460402098871801,0.0369412411841053
2,713,67,3.916193185831414,0.01627526318833436,17438,0.0026207864222883774,0.021728243011887804
2,714,39,3.4063515800669113,0.013748257904792671,58346,0.008512469762976753,0.029397254662096473
2,715,57,3.6457748309657547,0.01607887543108477,28649,0.004060486206691773,0.01961304281419335
2,716,60,3.7469357983836735,0.012661611374938708,23069,0.003420975597169261,0.011270701235561342
2,717,70,3.853080594260366,0.01858084586102096,17779,0.0026082468661134174,0.012693830575452036
2,718,60,4.0229130848274695,0.009133983602631734,23595,0.0035928800218663942,0.013165096294627587
2,719,59,3.673408553461673,0.01422194815819755,27008,0.003843476251221721,0.01651261060304532
2,720,59,4.005810222465095,0.01748204045621604,24752,0.0036143788377768593,0.03227608312509189
2,721,59,3.718858683873105,0.013301985742945499,22393,0.0033556991664325186,0.01456298531081901
2,722,58,3.4851346908558196,0.01994795005143643,25666,0.003905729869763859,0.019357166743125598
2,723,59,3.669653005009084,0.014029571672855123,26126,0.0037023322595917912,0.014445213326526596
2,724,61,3.867248679409925,0.015972515664656017,27894,0.004152531005907241,0.005707609779450673
2,725,60,3.948195583533635,0.013337296263300824,24377,0.003471641684765194,0.007944147838163218
2,726,71,3.915671558815223,0.017597552328414756,20466,0.0030147165185430255,0.0153987410933345
2,727,60,3.735335245050053,0.01412503381299346,23031,0.00327306540460395,0.011447503291565408
2,728,60,4.137172380250355,0.012007198157133248,22653,0.003528327157371989,0.021848787162786876
2,729,71,3.7390299669170766,0.019309896157638784,15786,0.0022180407391108616,0.013333292849784406
2,730,69,4.370440996606496,0.025913526744663073,15330,0.00238175732363188,0.029960448064797696
2,731,70,3.9065036583974964,0.01622585361017903,18034,0.002598253577101021,0.013058937659842007
2,732,61,3.846571384263659,0.012717531132069193,22208,0.0032230363504454095,0.013623003808855283
2,733,71,4.05833460341681,0.018341582376706966,15906,0.0023366940142819513,0.01854346044609012
2,734,79,4.366546987197071,0.014366480726955677,10771,0.0015504820011078366,0.015169754298892446
2,735,71,3.7239606385740474,0.022519914626250914,18218,0.0026714110191232146,0.016826269337917477
2,736,94,4.176475859425655,0.023665565638744,6668,0.0010044852344587244,0.021213358267762494
2,737,58,3.5924482014899857,0.016889301453616556,26022,0.003876284237010158,0.019947577844849795
2,738,59,3.763017413836247,0.013437083416098575,28129,0.0040552911681470275,0.012155659248268252
2,739,60,3.921434250029999,0.015188689715913806,26208,0.0037139320064755736,0.02805002605679885
2,740,59,3.644425468495415,0.014184793362161496,29854,0.004304837397723342,0.019113437108633058
2,741,65,3.7252485289476778,0.01778828980456998,22261,0.0032030828791399894,0.010995254015476574
2,742,71,3.8634003854823886,0.016371207081330996,17475,0.0025490232974165377,0.006169631457144997
2,743,38,3.168167173055748,0.023123509434090694,67407,0.009738973491648904,0.02983872084132988
2,744,67,4.013842613212473,0.015984483742456285,17656,0.002478715560369977,0.009518225079977904
2,745,68,3.7215524167828358,0.023484548042906256,18411,0.002702643191206391,0.014845681989955839
2,746,62,3.7823330496745196,0.012002972159058045,22284,0.003353336881694654,0.018651402493427283
2,747,60,3.595758059809615,0.021311019616901183,24914,0.0035683951961156426,0.01760364209605747
2,748,2,1.9381040454879461,0.028960013228066517,1483801,0.22530317894705834,0.024181103256687264
2,749,62,3.887161928900355,0.015487703773649053,21905,0.0032396010728174473,0.025384792336229145
2,750,59,3.6258827646444245,0.014139434883498378,28233,0.00431314538491305,0.009350113555326944
2,751,61,3.4606464673882216,0.020994377153354393,22230,0.0032538508659005067,0.0192716986005797
2,752,60,3.9280330551215363,0.01216761382302467,24545,0.0036948067079445343,0.019309366004163775
2,753,58,3.5475512505846782,0.017863020166965393,29131,0.004400455166369411,0.02426846381528236
2,754,39,3.4071424439969507,0.016102507640807895,62519,0.008727492529791839,0.027696539354235772
2,755,59,3.781640390371156,0.017835110807235544,22824,0.0033905027596856387,0.017282873550738598
2,756,59,4.046096247397027,0.023849740614492965,27828,0.004335807918162482,0.04098175782759894
2,757,66,3.75890390041291,0.014314776644349575,20210,0.003036241850710347,0.016313846725242498
2,758,63,3.66154417102896,0.015152522125218892,25836,0.0037403277868308495,0.00856238135091536
2,759,73,3.821708195539082,0.019019506653864704,13426,0.0019809027168141255,0.01730217272683582
2,760,71,3.744843444848953,0.016908290976794582,18933,0.0028525088834867713,0.010503042357704773
2,761,71,4.139559288183838,0.014392115451794751,16429,0.002398780767002448,0.012497203892470443
2,762,73,4.029189191159299,0.012689186324102986,15033,0.002309940442166209,0.013003810581798114
2,763,73,3.812765605218828,0.0231776200038466,14797,0.002079468087887144,0.022581840714958834
2,764,59,3.5810790622679867,0.01562981433322408,25474,0.003742740854644898,0.0201760825298265
2,765,65,3.8739360093996855,0.015812442409529448,17974,0.002790955651537681,0.007553503237523795
2,766,60,3.8291938377278063,0.013719029570584351,23304,0.0034295689654030605,0.02441497914800117
2,767,69,3.6579037083930315,0.0226182100463731,18682,0.0027503253148144957,0.008811917310662332
2,768,61,3.9783155512214727,0.011868902407369042,24161,0.003664751043864769,0.020511687056408046
2,769,69,3.9075034436406733,0.02091523206152021,16866,0.0024467509610526165,0.023870288946416296
2,770,68,3.8641889750393505,0.024024066219806434,17281,0.002442721633769577,0.017961357699795677
2,771,73,4.307016375608644,0.013937677032067275,13945,0.002161501100125784,0.01709873694975428
2,772,59,3.6499981472126835,0.012330685070752967,24877,0.003563148306577136,0.008672713133732413
2,773,67,3.9347940376109176,0.027424021202576032,20680,0.0030980085258153394,0.03325332805310133
2,774,68,3.9812098471769013,0.01863517720810559,16686,0.0024990938800207286,0.009759659619559824
2,775,59,4.063703669248954,0.009314765625656474,23658,0.003615248223969961,0.011800313839898213
2,776,60,3.675480922809322,0.01200590710038607,22580,0.003222859752790386,0.01151150584287286
2,777,70,3.8052397949133345,0.0149344933485005,12600,0.0018032861025033618,0.021970426269696447
2,778,58,3.73007394697518,0.016524199403430417,25979,0.003790257903568217,0.022026742441516978
2,779,60,3.615809401748716,0.013384552953193685,25818,0.0040341507470475916,0.010262329548150873
2,780,61,3.7428900371582743,0.01327425200502591,25174,0.0038208774358017765,0.01760587417087489
2,781,67,3.796437296765999,0.015479294015249057,16831,0.002527874809894983,0.009017128613459713
2,782,37,3.2380918283106745,0.025040790443616956,69051,0.009701626955436107,0.022483661498980068
2,783,56,3.5437588565940588,0.017005286712803436,27337,0.004100592236100032,0.021956239867282235
2,784,72,3.955393801614612,0.01808674148335343,15808,0.0023210273952590137,0.015498521824747619
2,785,72,4.369569488726003,0.011906773756043446,12803,0.0019351800096796788,0.011924816933383209
2,786,59,3.80814575539419,0.013637338231748064,23901,0.003780691723747714,0.011412686017123641
2,787,65,3.655187934014175,0.018239046334808995,19828,0.0029358056801058597,0.010995825591955
2,788,58,3.791713423705957,0.01292355667833689,27733,0.003887816455474387,0.014925923118494555
2,789,59,3.5201911828509496,0.017422602119442132,29975,0.004239983489879135,0.012584507325817618
2,790,67,3.6684508548735626,0.023985724677718867,18129,0.0025730700661640506,0.01206880653750464
2,791,58,3.700696017676633,0.01554364378385309,27771,0.003988320687350901,0.02141333728896544
2,792,70,3.6971947913357672,0.02456985174121004,17584,0.002591349719769048,0.01795473530559516
2,793,59,3.7229187025511825,0.012339556098402316,27690,0.00402039906054207,0.011652799251620605
2,794,60,3.953736110614589,0.012206709324339537,28358,0.0041580450062404396,0.020565932310429247
2,795,60,3.9806116900954236,0.014152562223287424,22115,0.0033142471263911334,0.02747904749575969
2,796,64,3.830831266105643,0.015634909730753974,21356,0.002903259573646625,0.02325117878546379
2,797,63,3.8764691861336504,0.019622513301469247,22029,0.003237125267005157,0.030875083368648915
2,798,70,3.838132144101562,0.019789216681905808,16463,0.002412190860664073,0.009084308722788315
2,799,59,3.8790832514099276,0.011594600775730046,22860,0.003320142327501105,0.006334419401170771
2,800,54,3.40137606252408,0.023163786050125146,31127,0.004439627371963668,0.03672360463798624
2,801,71,3.8568675955701583,0.02181624526882686,16320,0.0024853751964733256,0.01887850069758701
2,802,70,3.6762003808049615,0.018430518397894557,18927,0.00275653732772734,0.005469479693644752
2,803,69,3.646005737816254,0.024633519425012018,19250,0.003071972567045602,0.011337540185181405
2,804,2,1.953649693478818,0.02669255358114231,1588592,0.2262701122682005,0.026350410342143304
2,805,60,3.7363892559282608,0.013437157518327636,17802,0.002537064051675044,0.013178526293858461
2,806,68,3.801014612835797,0.017055011424519373,18832,0.0026287584950971813,0.005360080153168578
2,807,71,3.853047161796383,0.017955197977349457,15634,0.002261120187345826,0.012160564386735462
2,808,69,3.9542608353662403,0.01629361871938806,16285,0.0024608437225969526,0.015421407715149549
2,809,57,3.620430180125506,0.011997075101008892,27513,0.003928363935582999,0.015638940064676254
2,810,59,3.7837201127225217,0.011617981137659106,28172,0.004141146476666657,0.007930088946824648
2,811,66,3.8895568044202777,0.021908447433714784,21177,0.00317410926867785,0.030050840752414265
2,812,61,4.005066388499754,0.009848680042681524,22285,0.003298989400451422,0.015213071570990666
2,813,71,3.8550213271525555,0.02213952198786029,17587,0.0025577117620128246,0.017958889652478993
2,814,65,3.754419263197438,0.0156407805089247,19177,0.0029392141935675703,0.021589513383653725
2,815,2,1.9278965603545846,0.026539651494162486,1464153,0.22542670710169269,0.02101828518337251
2,816,71,4.011481486471232,0.018276124857776632,17379,0.002656358952521195,0.017412424980688845
2,817,56,3.4673818862510726,0.022325030416088437,25193,0.003741004245734664,0.030800292946739805
2,818,70,3.9752586415577276,0.019159699157017096,16391,0.002466641796087233,0.012780471402490112
2,819,58,3.871095505191576,0.013793863201822743,26143,0.0036824970042648114,0.016260284587775953
2,820,59,3.812624592637388,0.010839929495578993,23068,0.00336188487074567,0.01529362292076053
2,821,66,3.8518979893763423,0.01675445298296291,18431,0.0026781859711065134,0.011843530477384567
2,822,70,3.796821448137682,0.02195959793426161,17486,0.002666805756615771,0.007831287833394845
2,823,71,3.875417120100528,0.01848577544148644,16209,0.0024790218378439224,0.008984345012778783
2,824,66,3.8595418878551224,0.023441226865195564,18692,0.0026230041901832398,0.013181472763725277
2,825,58,3.690851869785017,0.02181920790320724,26883,0.003928660103750064,0.03203550664115279
2,826,60,3.829642958345944,0.015318474306601604,23279,0.003518303597000306,0.013287525857626492
2,827,57,3.726793530478004,0.014510306684778596,28514,0.004105186292588032,0.014135324855496567
2,828,59,3.434865861778395,0.021334042063607284,26324,0.00400791473330406,0.01703121285979492
2,829,59,3.846293101668803,0.01129916609506465,26896,0.0037340546730244817,0.008309193166798817
2,830,60,3.6918450340198485,0.017643167484212685,22389,0.0032664219439828114,0.01667441216358273
2,831,61,3.708970254545057,0.019993075042377573,24745,0.0037395479295341924,0.014877166400932618
2,832,67,3.722904378450018,0.014940103634132673,15979,0.0024081717788008543,0.006480532326577415
2,833,68,4.004863248496163,0.016228780026639522,13720,0.002111631426123836,0.02298752433646295
2,834,41,3.3001260469166263,0.018849906376601777,53825,0.007944725668954758,0.02170955761408644
2,835,60,3.769017710435776,0.009383340832149867,22406,0.003316739765897917,0.008145729152117753
2,836,68,3.7644925300571623,0.018913502912242697,17761,0.0025290824546951637,0.006075125242871016
2,837,58,3.840341566371636,0.016945040449901194,26077,0.0038148016703965716,0.018439808078894476
2,838,66,3.9328603189604134,0.021152991785430786,18414,0.00269774607666498,0.009688408882196686
2,839,57,3.587325987721997,0.01474104303592877,26721,0.003915400619729627,0.018134468818640892
2,840,66,3.902647629418464,0.01707748239069551,19734,0.0028590022496496875,0.01581593927923619
2,841,71,3.689280523131693,0.017028152462488566,18454,0.0027273693300564703,0.013869938585006736
2,842,70,3.8453161067600665,0.02170899743436805,16795,0.0023978220152184246,0.009255255203334145
2,843,63,3.800277301636671,0.012365464263608517,18035,0.0028506776029839885,0.01804314842565702
2,844,61,3.835341468104171,0.01049541285968092,27540,0.004032085090172151,0.0049133513960158415
2,845,68,3.634116898301835,0.02439062086011945,19886,0.002877170736774759,0.019670012446110552
2,846,69,3.869091592324199,0.013910068152432564,17245,0.002641194797190853,0.01540364620679835
2,847,59,3.800423609375302,0.011186509607387318,23536,0.003318423737445231,0.013593518073145794
2,848,71,3.967849071686894,0.013198507848275684,16707,0.0023965823848684374,0.01278101284495281
2,849,33,3.3862943309179516,0.017316482086234375,81719,0.012666230814036934,0.017710853225106793
2,850,35,3.188757289911738,0.017206506644953046,75640,0.01022639209533961,0.03185559167500235
2,851,59,3.5764440926448886,0.014611624424280656,29794,0.0041672238070807836,0.009459876525950761
2,852,61,3.8473012954704067,0.01348479071854658,21558,0.0031259125945074535,0.012086192027793263
2,853,66,3.8729101743964893,0.015592761040456704,18680,0.00282948590906929,0.004842922767662072
2,854,70,4.119492260717191,0.01634343951101791,13587,0.002131349281981416,0.007794546424410909
2,855,64,3.6794635224607415,0.014112986765358215,18778,0.002861045489831008,0.008096431631835682
2,856,59,3.817724898463156,0.014190416892906232,25690,0.003757807616925376,0.011726453721930763
2,857,39,3.4795112442717007,0.018574221301654426,56646,0.008955201228806766,0.010883398540614764
2,858,60,3.842341879432273,0.011035929492160479,22618,0.0033496372312370776,0.00751689397871641
2,859,67,3.5790615141726607,0.02231125345064819,19656,0.00288323386890351,0.013231577264945116
2,860,60,3.7737684194210956,0.014973455244470024,23147,0.0034717670509853446,0.010628812368485008
2,861,57,3.543746367430833,0.018497544529659238,28014,0.0040587464943797795,0.02564535191546563
2,862,73,4.072541801570297,0.012473593175083009,13268,0.0020190516422522926,0.013916868672316451
2,863,66,3.9269368298475418,0.012832281376728094,15456,0.0023185233454419774,0.004248398437926071
2,864,59,3.5969394384232176,0.014027615565810114,27620,0.004237191929146542,0.014400410814375902
2,865,68,3.8790970935959823,0.014265442766074249,17361,0.002471841354513819,0.012572271840295857
2,866,61,3.726289558475708,0.013274297451193462,20548,0.002998131493483281,0.004746706844574816
2,867,60,3.9116689816021535,0.010548902863556808,24288,0.0034035826743516336,0.008559867536224064
2,868,70,3.6893553440187272,0.021958388923114636,17903,0.002749442025904004,0.00837980277604311
2,869,60,3.703474111689463,0.019131653062625986,20447,0.0032984410845058767,0.01834058042641895
2,870,65,4.076790796399532,0.023066051609152316,19618,0.002871261856505403,0.03276234335777767
2,871,60,3.906910728574303,0.011303570823226194,25612,0.0038315431505631,0.010392763702840702
2,872,59,3.704325331449427,0.014271713524123375,25255,0.003786158147623438,0.014755656427748398
2,873,65,3.7607766953035746,0.023851874007666085,18524,0.002763072087482764,0.02187007008503722
2,874,71,3.8207192602579525,0.018444925784444788,16026,0.0023992339697755803,0.010303917277388885
2,875,62,3.574862596753202,0.015815484566922944,23499,0.0034357885207028957,0.006687099963228138
2,876,60,3.9642305739810126,0.00988366454795686,23774,0.003596937262539201,0.013438306498602448
2,877,68,3.7274440065001286,0.021783975994255522,18637,0.0027364402901152354,0.013165073633949087
2,878,67,3.9039129562742922,0.023279921094459866,18557,0.002677004034764555,0.03020481055471108
2,879,68,3.7798695797656574,0.023754075418652876,17869,0.002601118878512944,0.014453524260715223
2,880,71,4.040099182474586,0.011770970913641099,15115,0.0022994951303645633,0.008298257047381019
2,881,58,3.885889379726993,0.02329662181423031,29902,0.004447808091256372,0.02221432611807328
2,882,60,3.7724252595709475,0.015650668765343156,25492,0.0038013486645846633,0.02692716235405379
2,883,71,3.950761135516629,0.015441574715299389,15644,0.0023762400300143846,0.012323364604460318
2,884,65,3.966539254037632,0.013850195719219527,19776,0.002910595872976392,0.011171881681209556
2,885,59,3.5492598680674794,0.017413241343504304,27594,0.003985874801583776,0.018185709236823888
2,886,66,3.6469667017036786,0.023049097711386857,22510,0.0032466862814018818,0.011587003207051194
2,887,67,3.9209217161050836,0.014043683990694333,19190,0.0027316792083340274,0.017107782416683204
2,888,62,3.599117449900583,0.018869091746174627,25023,0.003694071858355972,0.01311634651388105
2,889,70,3.8945047901759398,0.01886193321512608,18232,0.002584381501883996,0.020854884857310407
2,890,58,3.660801004141367,0.019777001134516636,25142,0.003720556079739647,0.025943437028865368
2,891,40,3.550506266946408,0.020301211081944825,53645,0.00826512493211258,0.01722810039731909
2,892,57,3.661387747910033,0.025547183467449774,23929,0.003487649444663717,0.02500777141657967
2,893,65,3.7866504736214126,0.017865520271577784,19052,0.002875718023863086,0.025388335537066153
2,894,67,3.7017442739097435,0.019009895234364693,19281,0.0028170001818974754,0.0076403197579272275
2,895,67,3.967507370977034,0.014894861173029184,18164,0.0026348129520697293,0.019174257177037135
2,896,33,3.122969721011643,0.02302407622874203,78401,0.011892700690177407,0.018041739664085954
2,897,68,3.986725893158665,0.017038796484521224,16391,0.002384636256043971,0.02149832479284891
2,898,66,3.891384684163852,0.014618107509329126,17791,0.002607476514977418,0.01173898364838899
2,899,83,3.9985085349888476,0.02433329440523435,10204,0.0014595086473455795,0.026179691899898494
2,900,59,3.6193909581784425,0.014631641122716324,27566,0.004037802360955743,0.010322501784959526
2,901,35,3.2539112394463103,0.0202470404740992,67917,0.010328166436812234,0.025190413519797894
2,902,61,3.847907828073031,0.0153368896253675,25265,0.0036458173247103584,0.016565250563415346
2,903,60,3.91203209072142,0.01179881750935352,24088,0.003453846103110096,0.018580652165483658
2,904,59,3.569489428450436,0.019894536292946685,26382,0.003922311996413988,0.020044537392976847
2,905,60,3.8180128631966337,0.010697553717557526,26785,0.003831360627230282,0.009747124790140671
2,906,68,4.016165761184378,0.014118919588159168,19526,0.0028027955035845238,0.020847654663180504
2,907,60,3.8466310883634125,0.013120482401728806,24855,0.003641311680897156,0.024131719519339623
2,908,61,3.7641317660889646,0.010699714268663896,23258,0.003351965774149452,0.00637573525601387
2,909,61,3.7120598477803286,0.012279558465414175,24223,0.0035078187009616054,0.00519029194842241
2,910,60,3.775761562647439,0.011773084979558313,27382,0.0041249867054971604,0.004750428403747398
2,911,57,3.594467921198547,0.01819671601523387,24439,0.0034956897840293364,0.023327350703333083
2,912,58,3.6310398001387,0.01448943522031898,28675,0.0041855344135588255,0.01165853060158728
2,913,59,3.6774873151066654,0.011683092354848656,23438,0.0034224402153517717,0.013268520781342302
2,914,59,3.80659619932648,0.015358439768659693,26488,0.004112602203707645,0.017921138257078473
2,915,38,3.357447112635579,0.019800253758960773,59643,0.008984928856320077,0.02634879484681807
2,916,69,4.330942143114067,0.01589342645306191,14469,0.00223431025920408,0.01968416219466579
2,917,70,3.92238748402901,0.016672139888733617,16483,0.0025259285810282426,0.005227031350946237
2,918,72,3.9078259915481968,0.013184382294529451,15970,0.0023420065790293767,0.008289075161836024
2,919,71,4.123904300884926,0.012130273460906893,14173,0.0020043024693662597,0.006412041668833357
2,920,70,3.6846929128657187,0.0184358198938408,20699,0.003001641266527589,0.007425715612139755
2,921,59,3.921614138911912,0.015477899123066519,27898,0.0042131321113971585,0.018087448248963023
2,922,71,4.233911556299145,0.014201009746425242,13781,0.0020315980499253316,0.012965418664526551
2,923,73,4.287380457706871,0.011945024788909575,13127,0.0018839567598412236,0.018669344435925384
2,924,70,4.098147418360857,0.018976600577816027,16826,0.0024074654608258897,0.019017427771710727
2,925,60,3.6177835178469344,0.014886937161237346,23757,0.0035992384286007116,0.014232333672319686
2,926,2,1.9409808241597213,0.02739576263073973,1435137,0.2238325362172481,0.03195752968223431
2,927,59,3.6254536777988284,0.014841243149081196,26845,0.003812051991589487,0.010031060486030197
2,928,68,3.8357134949589025,0.021547603241665825,18396,0.00282578605039257,0.009912761437967044
2,929,70,3.8739452982586164,0.01942897082025219,15422,0.002203849978150132,0.006455212622033635
2,930,62,3.798705243390667,0.019323380960307945,23648,0.0033184907771131346,0.00661373923137587
2,931,70,4.119329480604977,0.014489993346169266,13403,0.0019171057381865493,0.00825496940767978
2,932,59,3.7919727396688496,0.010431103534502606,25306,0.003759574986480624,0.0061450581642446545
2,933,68,3.690096021217059,0.020493008936767754,20360,0.003094615278218985,0.016364405689275496
2,934,59,3.8362824081873645,0.009964255594085994,25491,0.0036468964183273894,0.011171865938296804
2,935,58,3.904392163663626,0.014197761361087635,24312,0.0034830935578528486,0.016081725905915112
2,936,68,3.765703313133823,0.016763676713433373,18978,0.0029062475593676636,0.01561378715742201
2,937,67,3.917259093950832,0.016958996889604006,20935,0.003005223504795438,0.023087170269441237
2,938,70,3.7465936663275836,0.017405146203112842,17243,0.0025947209324442594,0.008917586844915726
2,939,70,3.715781324080574,0.020395622261691504,19619,0.0027767107858775123,0.014399067057641712
2,940,59,3.7167357562499994,0.013309184396367746,24992,0.003521775768626998,0.0132284768789252
2,941,66,4.009935466521451,0.01289919451005983,15938,0.0023337667108927515,0.008218744858218663
2,942,59,3.645677897659148,0.015459533614166632,27209,0.0038551307356741067,0.015151010964795486
2,943,72,4.246744837027636,0.012089630142929048,11280,0.0017593076812340359,0.012698868435981253
2,944,59,3.7069446699636455,0.012930360253062823,26854,0.003894345397141585,0.01268320267610587
2,945,58,3.7804282060625054,0.01529818042338238,27815,0.003903081224081485,0.01679561734094287
2,946,64,3.6978346379420284,0.01933087933889388,17987,0.002651464563066294,0.01158303193295751
2,947,59,3.5572004016156114,0.01701010904155842,27671,0.004157048112750334,0.012542547224133838
2,948,62,3.8351769168148646,0.014204864502296022,25423,0.003650589884090935,0.00585062871893155
2,949,70,4.08876442414556,0.02164374116062029,15181,0.0023198218469730534,0.008357920094328009
2,950,70,4.012184751063865,0.015335523792397276,15840,0.002362353040836046,0.016151264916097807
2,951,58,3.656272159125484,0.018840808333293158,28333,0.004148948617205053,0.02551310456505468
2,952,68,3.7986774140055894,0.021794603126994494,20226,0.002957104441227001,0.007743552212504112
2,953,73,3.9547555780994603,0.014019068125284195,14891,0.00210358640928635,0.009936590009202856
2,954,70,4.023255000739698,0.017752169056892808,16460,0.002369383079437958,0.018380470525073855
2,955,67,4.038045660946336,0.016361220639734275,18511,0.002871359050489291,0.023799313489529517
2,956,57,3.4609281100431164,0.019973692154822253,29367,0.004298343409931286,0.023942850373530167
2,957,64,3.843797236642089,0.012543962812617715,19013,0.0027980901228434117,0.009233500957540053
2,958,58,3.8519666596712017,0.01278800425944504,24271,0.0033941628398253287,0.013034862464544772
2,959,68,4.0854835292928176,0.01902228340103862,17031,0.0026222718349436084,0.008582912332055437
2,960,72,4.039186074527026,0.017748302906237523,14896,0.00221119658748952,0.01306392375882004
2,961,60,3.965052262405129,0.012763161838573178,25918,0.0036647081871119293,0.005635236237967467
2,962,70,3.9486546777191824,0.021376451277192787,16936,0.002531660328795947,0.02370734737549618
2,963,41,3.330191519272269,0.019065074014749217,54598,0.007407603382929462,0.029153595031772006
2,964,71,4.084689455527057,0.016990242884417195,13330,0.0019822628370478827,0.011129236506077334
2,965,69,3.8256176437014098,0.018173903209845993,16153,0.0023775243073269198,0.008151765945592804
2,966,59,3.9098912751614807,0.01231586926429018,24211,0.003493563580591711,0.017772060352547303
2,967,62,3.6993748497343795,0.0208754714309784,22981,0.003483053137589617,0.01540481679708905
2,968,71,3.76197469324582,0.022594967205301075,18599,0.0026891518840907436,0.01569440154423052
2,969,73,4.146306701545838,0.013664789916174036,13298,0.0019476760876111514,0.0097520304276838
2,970,34,3.187334028793678,0.02409323041537681,78494,0.011585047092019463,0.023710877358914473
2,971,59,3.8085464464448955,0.012897940150867537,23479,0.003498365472582553,0.012950361824912743
2,972,59,3.500937601545562,0.014177374314180091,29840,0.004379015534498909,0.008190342274637774
2,973,59,3.672985601036687,0.012503592946729647,30368,0.004575186243586483,0.012123996054590358
2,974,70,3.862849385868284,0.019347776126000693,17726,0.0027607852616492725,0.012455890107901713
2,975,71,3.764569655366439,0.015394725681026733,18904,0.0028619268652332807,0.010417678195382418
2,976,80,3.9743008163108553,0.022791862338288893,10867,0.0017032693775300416,0.02331400314712334
2,977,70,4.060594772695558,0.017380699770008556,14802,0.002268829468235238,0.019591111374209158
2,978,71,3.94839580627608,0.020720609678906543,14641,0.002055600764451543,0.01589911111037806
2,979,68,3.980011470109555,0.01712131387748475,15306,0.002181931395606429,0.006834636208772449
2,980,71,3.8114826287110093,0.01872209033565908,18091,0.002709596037887914,0.015333508278587427
2,981,68,3.9862057828905413,0.02431801104643494,21078,0.0031444382915546813,0.030145671362930115
2,982,72,4.00009040835885,0.01614692899383803,15923,0.002276467816352253,0.012267358996416816
2,983,33,3.025347447940894,0.02640251786963299,82882,0.011866964345414828,0.03086289480491583
2,984,67,3.942902045611002,0.016500981257933645,19513,0.0029847184800007955,0.016776478193822608
2,985,60,3.718778758616063,0.010920585387562132,22130,0.00314741985528411,0.009277452309272627
2,986,70,3.9289844023598834,0.016838366905784996,18038,0.002597363700323151,0.00689624528332311
2,987,59,3.6485802252330597,0.01559841190655864,28019,0.003911067361675951,0.0111822443360593
2,988,61,3.8771400224823096,0.01318481901669366,22797,0.0032763386179389922,0.005665439962287411
2,989,65,3.826923490436815,0.01939289588589127,19033,0.0028542237427686525,0.00930849321862659
2,990,61,3.7961581531881206,0.01280645710546291,24988,0.0037208111094235333,0.01670525888816554
2,991,72,4.168454275051888,0.01593623084929585,15591,0.0022716871374949895,0.012164605553207836
2,992,57,3.5004288315036387,0.014707854873470594,25836,0.0037809197311150845,0.013356991187917555
2,993,71,4.129351936165704,0.025045683739207958,15411,0.0022618656583010955,0.024980725468827847
2,994,67,3.672882899018538,0.019276184000403318,21986,0.0032989216760430707,0.024679907916686616
2,995,85,4.39934226955503,0.02456496541997033,7041,0.0010755437751357375,0.03846332649978551
2,996,88,4.073029650406522,0.02473808275915057,9037,0.001351004073941797,0.024641881565775015
2,997,60,3.7442698083187396,0.01061100273282134,24397,0.0036414987266620634,0.006990754671223065
2,998,59,3.6904368806619976,0.01570161942561532,18908,0.0027211730230263507,0.015128931664003531
8,0,3,2.095554083711238,0.022620073159695386,1194022,0.09388531640262629,0.004396171688840211
8,1,3,2.106459760979207,0.018582083889470358,1195352,0.0957175295429837,0.0025990239130356807
8,2,99,4.376497633251895,0.023517118403281523,6517,0.0005002412549124122,0.0050301192740476175
8,3,84,4.206117554908907,0.016338264611563402,10042,0.0007749560026099394,0.005006508208936222
8,4,86,4.406076287387905,0.014865311590302133,9303,0.0007633325970506463,0.004964224736068057
8,5,95,4.365961036910709,0.017485599491209536,7759,0.0006300732611411269,0.0060599175989700105
8,6,3,2.1047899789543885,0.020554999146531694,1263397,0.09466578679376919,0.003315143675313048
8,7,85,3.9481646965492803,0.01575039371427378,9845,0.0007775456504988771,0.0060607658998909075
8,8,92,4.2681841050083404,0.008530969965495294,8428,0.000651868398072858,0.0077071184437425
8,9,92,4.075748541922854,0.01656998656239561,8818,0.0007140438860862743,0.007777285508553389
8,10,3,2.112358462083315,0.019678144869137326,1198483,0.09148721698961183,0.003296913631823606
8,11,3,2.1171829742120307,0.019286499304144944,1211625,0.0935196164076766,0.0023910041188956455
8,12,3,2.1392418685640253,0.017052210879175633,1230215,0.09248645780057976,0.0029525133713641516
8,13,3,2.0938059658656405,0.0197422575089381,1192200,0.09261498431519175,0.0037226229717090553
8,14,93,4.297603113359731,0.011498119951342534,6691,0.0005194426910159083,0.004118374086637511
8,15,87,4.1185917320803025,0.008490548026907296,7421,0.000574729112147687,0.004830141052219572
8,16,3,2.127435031280931,0.01632269238767714,1221190,0.09197198913347925,0.0037111534952044556
8,17,88,3.9492409684792986,0.01603242012936479,8193,0.0006255532190947276,0.004111043632263667
8,18,3,2.103676433998965,0.020959274485806256,1181008,0.09014710977423912,0.009265353402840792
8,19,3,2.100042777082043,0.015074044398874165,1199937,0.09499774210178973,0.004817402307413676
8,20,87,3.9385230388363297,0.014970747923469974,8820,0.000681102171580757,0.00153076751190373
8,21,3,2.107943050970725,0.016499085592077134,1229374,0.09459033991689046,0.005960071113835452
8,22,3,2.085849278188466,0.020965942367783263,1204423,0.09711511372265827,0.005960704829101493
8,23,3,2.1099391734005457,0.02170195921053164,1276086,0.09678258279681146,0.003491326411415141
8,24,3,2.1194348035602464,0.02032688558886797,1186921,0.09206149093075786,0.003395565493859276
8,25,3,2.114543337766114,0.019150524637047917,1218111,0.09427482756360243,0.004922574335423757
8,26,3,2.105342768859941,0.019011053171424153,1214140,0.0918200908838457,0.0035475040586999684
8,27,88,4.114265714907325,0.01646423014657261,7073,0.0005626581009203235,0.004395126337560118
8,28,3,2.106824058343798,0.021995631612853228,1194678,0.09531865636756227,0.003454003445880094
8,29,3,2.1120647578853635,0.01974383612549846,1250086,0.09826768350738356,0.005047020315412154
8,30,94,4.1234165482271665,0.012786702207031486,6815,0.0005250956826039692,0.0038074219673903675
8,31,3,2.1222646482757863,0.021787110671321774,1251649,0.092759945754305,0.0060218557488780355
8,32,3,2.1224359871236587,0.022352714298040643,1205154,0.09186924613725844,0.008490044176412581
8,33,144,4.506179263891356,0.02174437236099877,2156,0.00016473582173566915,0.00501256228829805
8,34,3,2.1249140092728815,0.017280176217091436,1232985,0.09537789832824413,0.003530704699602538
8,35,86,3.9188584873254046,0.01150655595411576,9805,0.0007416949268445227,0.006903544327338862
8,36,154,4.907137527382424,0.018666477979193907,1521,0.00011467008038214313,0.004874803270019212
8,37,3,2.113243442230294,0.018708723988907106,1254013,0.0919113028475351,0.003623413638881634
8,38,3,2.1379264298008147,0.015787544512989804,1261319,0.0927516824914993,0.00489106611663459
8,39,3,2.1112666491335133,0.02067926278324239,1221247,0.09198516333102727,0.0028238680390754722
8,40,88,4.169478726512622,0.013987750041261293,9176,0.0007199487876010633,0.002382932607136623
8,41,93,4.352555950724398,0.00615819842564691,8283,0.0006431697092924162,0.0021536931556773165
8,42,3,2.124048303827505,0.018731030974899032,1219324,0.09062675570553433,0.0019224999945113286
8,43,97,4.133627838708445,0.020022623081295876,6520,0.0004998019573072541,0.0032140650763625156
8,44,109,4.201220573299969,0.022662023273611442,4843,0.000368882270724397,0.005914468836071385
8,45,97,4.311902593779751,0.016516118785974254,8313,0.0006680294585481814,0.003629920922657681
8,46,88,4.114193871723706,0.008803367395103123,10218,0.0008494553609462024,0.007562480466916877
8,47,97,4.163482769334897,0.012206580077045004,6318,0.0004960962844524068,0.008751995911342347
8,48,3,2.1313219757539135,0.01948957286889652,1211843,0.09075418560556986,0.002549283139463121
8,49,71,3.9896201848061037,0.01561046083991019,14254,0.0011101742398764555,0.004759985829305424
8,50,86,4.107519028086032,0.013862081709373975,10072,0.0007939606021488018,0.004240911503507805
8,51,3,2.0857373994093584,0.021035662056111848,1179968,0.09773857452706293,0.0043526220075307265
8,52,3,2.102069716457307,0.018912311681176908,1247704,0.09377071214182156,0.004001443536747695
8,53,93,4.227868523722956,0.015252792877039734,7399,0.0005990508133375802,0.00326968606377509
8,54,86,4.105391842529343,0.020297407465469486,8238,0.000625834189189569,0.010983568447429759
8,55,86,4.271694812760064,0.020663805928270218,10201,0.0008296609524354831,0.005731285806063302
8,56,32,3.1375383786088107,0.021522983696494524,78716,0.005856776821877899,0.006439444368105396
8,57,91,4.126540903411215,0.015783512792486798,7011,0.0005252509663501501,0.005245173356418942
8,58,92,4.083665842995333,0.015764510373612484,7884,0.0006058971219886706,0.0035202617207147346
8,59,89,4.365536881145809,0.015535600253110737,8240,0.0006537176103352754,0.005974091519492186
8,60,3,2.1206043554556895,0.018804692743225604,1103849,0.09062984949363907,0.008108535569828712
8,61,127,4.49400290480309,0.014867265276496622,3040,0.00023728307136709862,0.007360127487289314
8,62,89,3.9132862454695223,0.012991916814398818,9062,0.0006934434394794598,0.005070664937653513
8,63,137,4.69782785143211,0.019668569785797674,2232,0.00016989247982964473,0.0035502645149435574
8,64,99,4.418024566717575,0.01412371690572084,5006,0.00038382426828994327,0.006141097810515417
8,65,3,2.1032798663573864,0.017951197261538265,1156405,0.09211410597489304,0.0022709901257378373
8,66,93,4.352679906086517,0.008043812793239846,9036,0.0007413906868005053,0.004607040122754147
8,67,3,2.105993730341556,0.020210845279016176,1198544,0.09174434541453948,0.004717570514190694
8,68,3,2.1236744382700525,0.020983116073168384,1241549,0.09477077560196533,0.0061439853852152115
8,69,99,4.366638874535376,0.015561379863541391,7545,0.0006165285040861254,0.006569219873207799
8,70,3,2.1434079467893676,0.018660539982292335,1238016,0.09360878054136025,0.004642203484615304
8,71,116,4.23935485723038,0.022690415790398433,4141,0.0003289843210886974,0.005789696494901908
8,72,92,4.396387926618375,0.023584577136190554,8534,0.000680929373644714,0.005141253788930378
8,73,86,4.066318996131968,0.01693212187365145,9059,0.0006989496697599761,0.003916347778322005
8,74,98,4.373712953255645,0.010634014609463338,5720,0.0004371625460530107,0.004377960011847648
8,75,3,2.1233642056159048,0.021184261673012794,1158914,0.09058865656745756,0.0033963171057846964
8,76,93,4.113948394563555,0.014033154428245043,8700,0.0006902043266608557,0.00278938449689603
8,77,3,2.1074114398501043,0.015856579044514985,1185682,0.09294025106084947,0.004168570733453225
8,78,3,2.1079988978027187,0.019872141105743646,1197087,0.09012080504778351,0.004743134469788635
8,79,3,2.121384501747395,0.016116209839309392,1148055,0.09336961886769711,0.00681918348902899
8,80,3,2.1286325592990254,0.01628686700918447,1193062,0.09133991058800399,0.005340320290591838
8,81,3,2.1031963341436746,0.019643969100635372,1260457,0.09645496585546076,0.006322049333912616
8,82,3,2.08144469112905,0.023435773164625195,1158044,0.09221500058090058,0.007186791698205408
8,83,41,3.440852557191841,0.01826601828629447,48073,0.0036560408787852817,0.004073727719652975
8,84,118,4.375831992452783,0.01274937729837089,4339,0.00033125604213998273,0.007523712923636072
8,85,3,2.1127602242831314,0.019945694609504683,1193318,0.0907355690003065,0.004044029820200468
8,86,3,2.1096459048421408,0.022813917667310335,1186759,0.09257024774629134,0.005492844882156289
8,87,3,2.106537115658051,0.018791731603834405,1219197,0.09318085935708717,0.0028381502428508343
8,88,97,4.51643960544735,0.018322390793167664,6026,0.00047113437994071496,0.007369867224615856
8,89,3,2.1110792474032074,0.020233849128327264,1169864,0.08890540543107985,0.004122524146650597
8,90,97,4.110993398033684,0.01741432975595919,4785,0.0003680036903425449,0.007607972404994778
8,91,88,4.2222529721682465,0.010074707783821024,11009,0.0009012395666518602,0.004077908247545614
8,92,3,2.103515662140038,0.021746791045579084,1132240,0.09031374982650993,0.005664384611049567
8,93,3,2.1306334034376966,0.021614018254200174,1284653,0.09205313810790382,0.004102024456980713
8,94,3,2.105472555457328,0.0194592101628428,1133404,0.09271030006653458,0.005015918913308548
8,95,93,4.256759840754508,0.01347857872080227,7399,0.0005786318808726855,0.003636448721939023
8,96,40,3.3785557984458574,0.02145546500624204,47823,0.003622887028014478,0.007883354322247182
8,97,41,3.3394837965956827,0.020069806830462777,47133,0.003513942036395502,0.0055397249044875085
8,98,91,4.11891819811932,0.014991192807476406,6965,0.0005562162092663464,0.00611372960224299
8,99,3,2.1019189599971866,0.017904741919468337,1201507,0.08982231955387984,0.0024354006880988877
8,100,96,4.283349772547816,0.013347289404755602,6585,0.0005296543709636477,0.004476329812866386
8,101,3,2.1075831309843465,0.020810352420210232,1172733,0.09242781580467235,0.00320083302801516
8,102,3,2.10253915725624,0.02123720315869093,1244587,0.09346016795071235,0.003136026767175948
8,103,97,4.32842115881823,0.014417833669729041,6490,0.0004799727842858833,0.0031402206809653666
8,104,3,2.0944535694980493,0.017335416913356716,1093991,0.09194445635081722,0.006104017482775115
8,105,3,2.130334702329447,0.01841396543512519,1238041,0.09178095414039975,0.003970369948159247
8,106,123,4.043510823527114,0.013762291385206016,2948,0.00023184257040114348,0.003358033186786513
8,107,3,2.094185109127585,0.020549171053903303,1141632,0.08981262602995264,0.005027876969620093
8,108,3,2.132333291388291,0.017638764958670894,1234391,0.0923651740348708,0.0036029507976339525
8,109,3,2.0918290114092293,0.01451981906300992,1186954,0.09443833705386002,0.005454612308923079
8,110,89,4.074297548349011,0.013051582712667681,10309,0.0008348750866034092,0.00629440720920682
8,111,41,3.298538053100617,0.02193738492929631,44795,0.003474721680960123,0.0052470424820991735
8,112,3,2.099381586029423,0.02408524893613595,1149047,0.08927877972943343,0.006149676653882552
8,113,3,2.1324120599788348,0.01871217785184065,1229125,0.09336192799132073,0.0038564814972554817
8,114,129,4.4708729738974355,0.0157997541557805,3006,0.00023143040465829523,0.0020438771228418195
8,115,3,2.1192401236453016,0.021046320278339636,1234547,0.09482637908752768,0.005439153460870205
8,116,3,2.1223438244757804,0.02127791555450742,1217280,0.0920602914440907,0.0048331234547789315
8,117,3,2.0917195299193665,0.018538631791897187,1158845,0.09437318094572947,0.0057723555700826545
8,118,3,2.0885152500313073,0.020399066615654826,1220678,0.09287568919994602,0.003507421610538408
8,119,3,2.1291085143877675,0.018364688330222867,1228517,0.09200039720256761,0.0031232789423921714
8,120,86,4.013656544843968,0.015473782070980602,8925,0.000686631051094813,0.003616841115281433
8,121,93,4.103289762142803,0.009484166721613174,10010,0.0008083605640208646,0.005397225911506043
8,122,91,4.413603015882449,0.009439321622744246,7713,0.0006104241739685944,0.005346116870477646
8,123,115,4.168758244600479,0.010272586223127655,3237,0.0002420769710539659,0.004059595084523138
8,124,3,2.103106641499511,0.018547666302652588,1203753,0.09587525948977524,0.007030722469082484
8,125,101,4.165083244543838,0.016325607941795606,4671,0.0003661263735617724,0.010199405241495096
8,126,99,4.104639982691374,0.0164847877304356,6062,0.0004654453295225477,0.006176794892858495
8,127,98,4.126405967642359,0.013187316373191926,7314,0.0005744939755894258,0.004238014016605729
8,128,86,3.980105727802657,0.01028897095480652,11000,0.0008873257614868353,0.007269034134440133
8,129,3,2.1012067454192063,0.019090354791887698,1146722,0.09290787146373312,0.0031066506211038236
8,130,42,3.5654160052263983,0.02274660465317707,53603,0.004260831604189626,0.005788095465389387
8,131,3,2.1161751827153394,0.019992777687742658,1201740,0.09159505919906342,0.009077614961701452
8,132,88,4.136657665341971,0.01849116511493132,7918,0.0006199632391082645,0.004423892006655716
8,133,111,4.659247097626585,0.00870749887508071,4798,0.000381951205454881,0.002966027336088084
8,134,3,2.113008925097956,0.018433968208477758,1137885,0.0916713775854364,0.005673910146012817
8,135,93,4.277620328704488,0.014500703778266733,7260,0.0005992373343017977,0.0037923148064488155
8,136,3,2.116170320051702,0.023303450198355113,1240860,0.09312429510989007,0.004743268182973326
8,137,3,2.119916681342893,0.01929404049568606,1224525,0.09248874541823734,0.0019729677105320143
8,138,100,4.399375618673616,0.009843468973708247,6935,0.0005411784517801415,0.005448282161786833
8,139,87,4.059929283097595,0.017884420467826345,7781,0.0006112979904472218,0.005793990714169195
8,140,3,2.1178634937948932,0.018843070392904226,1195603,0.09221936182140342,0.0031320646319598078
8,141,98,4.234405410915247,0.02048123846561367,6887,0.0005421014550705181,0.004217366927390054
8,142,135,4.558586466104338,0.016865575236007957,2326,0.00017312603165735277,0.003936561955708795
8,143,3,2.089350052085256,0.021834557875674232,1183853,0.09200116818689498,0.003946028130452195
8,144,3,2.1017935956704554,0.02470021797349875,1282428,0.09690422544278839,0.006152865073108527
8,145,3,2.097901110913558,0.01884183969872244,1195541,0.09652165797449849,0.0038664688140079284
8,146,3,2.1271106951658805,0.01590222115021389,1161932,0.08915205373620758,0.005996822443356198
8,147,150,4.832102709712918,0.019506310473850874,2216,0.0001750710515118128,0.004411923245928873
8,148,3,2.1272265287988232,0.02106810287210914,1175782,0.09217151030481972,0.0042167756247376564
8,149,155,5.104165878293309,0.014002919355861843,1729,0.0001293296155619207,0.0020709516911954218
8,150,3,2.0977352331420587,0.021630079952866588,1210957,0.09216073921169252,0.0038172707098101943
8,151,3,2.115671547667966,0.020858612404598187,1237140,0.09208424852013837,0.003537539619444141
8,152,3,2.0751796787769012,0.027672891966228463,1206986,0.09555167363032964,0.009496713189570682
8,153,106,4.034052552709207,0.009522595997868977,5301,0.0004097734643041782,0.002266632639594812
8,154,3,2.0955951782610707,0.01996652205383942,1164800,0.09115372934025531,0.006844113258031748
8,155,3,2.1411547137495814,0.01864368052613319,1269720,0.09576755844165248,0.0034593960873686713
8,156,92,4.146378638792691,0.01166176625299764,8522,0.0006910784464861434,0.005670429353890616
8,157,104,4.591761166560509,0.010624841656257322,5517,0.00044504062840995136,0.008391921293520399
8,158,3,2.098821463915673,0.019743036429461513,1162516,0.09059150960782793,0.005112431266422024
8,159,3,2.1080132339710698,0.023287501199316996,1168363,0.09040146516291968,0.0058049277774245844
8,160,3,2.1249678342317337,0.017646478476749605,1208783,0.08949448232992181,0.003584935665226663
8,161,3,2.128978333877453,0.017481573515899962,1180619,0.09081865554090654,0.008107035115520467
8,162,3,2.1211613949365478,0.01824149679569831,1246035,0.0917398196325062,0.005292006480351996
8,163,3,2.0951262376210207,0.02078144922969527,1180618,0.09275448899034515,0.003808220629378245
8,164,3,2.1085487201293565,0.02196847117390277,1189471,0.09009056158879544,0.013102669856422888
8,165,3,2.0925323843898096,0.020071751538966898,1141085,0.08979295413102201,0.0019273051342998393
8,166,3,2.124437441412843,0.015379006091939651,1213779,0.09439053284992019,0.004699366940071337
8,167,90,4.458155885572738,0.01641945325768923,7334,0.000560524664537376,0.004016862348936612
8,168,94,4.189996739267916,0.011029580685174789,6744,0.0005370467493461711,0.006095216806510151
8,169,96,4.417458032858672,0.009965724432329792,7893,0.000619803219348854,0.005217939747417133
8,170,93,4.141516159028351,0.008399581771564302,9421,0.0007524847532179885,0.008350319973232323
8,171,3,2.1104623319086757,0.021979247024893733,1224910,0.09430346003645385,0.002976669966171075
8,172,86,3.973468120994902,0.015342524900877341,9106,0.0006958057948412106,0.0016746172363911183
8,173,103,4.184239067203574,0.010641807694221073,6249,0.0004767362767240093,0.0043994932065655745
8,174,93,4.441961044399685,0.008649042286111908,8844,0.0006897960492095074,0.007465416693100302
8,175,92,4.3234137778619,0.013626206122046292,6363,0.0004925539818031377,0.006420145023367518
8,176,3,2.128988951463814,0.01688762461659732,1230707,0.0942088199683288,0.0036512061321533618
8,177,97,4.34172605784189,0.010986160754961505,5821,0.0004606591834279817,0.003286643397005906
8,178,113,4.549136275741192,0.009527443303414929,3759,0.00028137807137376724,0.0047632828139558825
8,179,85,4.048944905693374,0.014200004217008066,9582,0.000738772405748115,0.006095545071878594
8,180,3,2.1127958930244395,0.015749582507523785,1267764,0.09412065514825203,0.006299924464830964
8,181,3,2.1328091027946625,0.014836457075063647,1180981,0.09100225921944388,0.004768144577170119
8,182,110,4.210954568526888,0.014444996404145982,4799,0.0003707005227966531,0.002546614829336713
8,183,97,4.214142859037814,0.01828994701714992,7432,0.000575100129869557,0.004495944563315535
8,184,110,4.288439465730209,0.010368897345355538,4309,0.0003533732631179265,0.004793522060185906
8,185,3,2.1281526714965207,0.01606722132106897,1271284,0.0946697215343673,0.005643754472334672
8,186,84,3.9451324980417453,0.01888754566028439,9040,0.0006628148132072011,0.0039667451666624
8,187,96,4.6060629907824575,0.011453448556276613,5679,0.00042492752512751566,0.006649653125048505
8,188,97,4.221805510933032,0.00958821651572217,6432,0.0004926859272752062,0.0026984584857728255
8,189,3,2.1358803986187196,0.016572611066661858,1231182,0.09221888763609919,0.006008891731716148
8,190,118,4.274592337932166,0.012131662421320938,4246,0.0003239979299538757,0.00671416272870351
8,191,3,2.1186657149395036,0.01855253003307067,1249432,0.09035348975449921,0.0026780752850812384
8,192,3,2.1506421995917244,0.01712218866183135,1305061,0.09321472783857364,0.004443794303206183
8,193,3,2.05876804049521,0.025273282108332573,1211222,0.09641836019961868,0.007192037613289126
8,194,98,4.302610377718511,0.009456611246029811,6611,0.000549337184925709,0.003504597619790939
8,195,3,2.109209207123797,0.019009754421314806,1175318,0.09406697997835844,0.006708816586490973
8,196,3,2.1051730404970272,0.023876997859103577,1215263,0.09317668725438592,0.005957791445714344
8,197,42,3.4036960227474258,0.014589714657184616,44883,0.0034533290082406558,0.0027324935951219542
8,198,3,2.104755199943738,0.019354896754922746,1170117,0.0924031733288879,0.0047958284214822955
8,199,162,4.7655251089371005,0.02101168382908125,1092,8.246871456422421e-05,0.009273186545692202
8,200,3,2.1062090650658747,0.0200440711211336,1202642,0.09699059016059745,0.00456248311380647
8,201,3,2.1229700341979285,0.018688599801147787,1231508,0.09356866440355815,0.0031062325973252314
8,202,3,2.105363489655586,0.019950223580694426,1165935,0.09201016808495964,0.005498774506404236
8,203,3,2.1174793921984936,0.01679188292173084,1178952,0.09406013583506781,0.003312010733582116
8,204,3,2.122100391009925,0.016532439033737023,1186106,0.0941684080840085,0.0059196127080497485
8,205,3,2.1199813341397493,0.022092912243370955,1162922,0.09252182563613619,0.003937779368494376
8,206,103,4.242727245532441,0.016852348216735313,4655,0.00036462716969811143,0.004774579703052173
8,207,94,4.265330272983938,0.010825743511171382,8959,0.0007122799884464195,0.007591037207673734
8,208,3,2.131374214083641,0.01706558802320679,1211366,0.09313155851511501,0.0026058142184650634
8,209,3,2.1142521848525457,0.016696819529732565,1164604,0.09233853636390234,0.0059881413826416985
8,210,98,4.582974192017595,0.012025281092915452,6440,0.0004984167142961625,0.0024288183919202178
8,211,88,3.9927172793104044,0.012594627600293284,8120,0.0006179503151204147,0.0034065834723118193
8,212,3,2.1235144587070627,0.020011294826636106,1220652,0.09080582909011838,0.005823806540941445
8,213,3,2.1263674945609226,0.02163785705175758,1267154,0.09383380239595895,0.004156683846835152
8,214,3,2.0993766759787476,0.021905710027201097,1139421,0.08890919927169773,0.008439997452239001
8,215,119,4.473003396970058,0.017988695779598607,4222,0.00033543471290061887,0.006313667669623935
8,216,3,2.1182230385623,0.019800047226332662,1159324,0.08919074137259193,0.009100933520068799
8,217,3,2.1113040862235155,0.015034904573068997,1184046,0.09258710297686468,0.005229274308320209
8,218,3,2.124877561462811,0.01793623302510783,1236223,0.0905805193225565,0.005161049370576265
8,219,3,2.105368411345994,0.01859995771829326,1156742,0.09267669945445554,0.002433220699389782
8,220,99,4.466354664917136,0.016428979137101618,5761,0.0004286257733920042,0.0037512970021163494
8,221,42,3.4307451844937993,0.020533227296752332,47072,0.003487968686529929,0.0031740493562772976
8,222,3,2.103638221621475,0.019873262355526666,1164941,0.09001589691707369,0.0038473552574423975
8,223,101,4.2551652963720015,0.010134799962176588,6000,0.00047730828674008943,0.0028546173165617805
8,224,3,2.1281785551700994,0.01899672420629306,1254408,0.09429524899003848,0.006602181554182296
8,225,126,4.38100840154733,0.011565214530969162,3575,0.0002766731489444165,0.005722084395507698
8,226,3,2.113680771503994,0.0210501794607183,1210545,0.09296316860150348,0.004981290037561981
8,227,3,2.107444368855655,0.0175820960916242,1174995,0.09092166875323111,0.00366027315688211
8,228,85,3.994161106463838,0.019752810406056254,8057,0.000604784894144253,0.007772386201448933
8,229,3,2.116220353601495,0.019790798938220777,1201255,0.09439333801506625,0.003972478416684133
8,230,3,2.106041917769432,0.01900043684066144,1224247,0.09417784482407143,0.006065126808198651
8,231,3,2.0822480681321562,0.020732195988288127,1186847,0.09358104994126973,0.0033913061619699203
8,232,95,4.117978661731686,0.010661477422454768,6831,0.0005246628401840582,0.0056850007834066685
8,233,95,4.0883008991544605,0.01379023449307104,8195,0.0006319798297024505,0.003162977202857742
8,234,87,4.318663562585629,0.01507406221066565,8427,0.0006661163519589014,0.0036230986385255015
8,235,3,2.1100895999759026,0.018823864501260168,1162614,0.09209871316848396,0.006844461146392311
8,236,150,4.769375210370451,0.01910063741595691,1947,0.0001502719250366148,0.003567190681141197
8,237,93,4.334960058594718,0.018891318276809232,7511,0.0005720992431852896,0.0037283300121520035
8,238,114,4.394538569498349,0.019041834343584862,4068,0.00030971655757812004,0.004709849359988916
8,239,87,3.844792440505516,0.015458755547444247,9613,0.000744710198656268,0.0030418951317692233
8,240,102,4.050205184130482,0.010299647457673977,5983,0.0004538108812365622,0.008812605207022872
8,241,3,2.1068231150233787,0.01819333645415122,1229363,0.09455658709824451,0.0070508209393829735
8,242,3,2.1181614317411417,0.020668059326571897,1184884,0.09375967856826903,0.0024574762453654087
8,243,97,4.502916496752449,0.012295203576794922,7559,0.0005904440547032865,0.0028188322266946564
8,244,3,2.124052292682717,0.01823484365572392,1241651,0.09282240049830186,0.005202717702022852
8,245,3,2.1184831488529854,0.020124667554053288,1188690,0.09344804733839453,0.003858862802866958
8,246,3,2.118864018441088,0.0196329057740231,1209545,0.09497699906777596,0.0036831589059221903
8,247,3,2.098549070724184,0.02155438215310268,1231565,0.09355818119124767,0.004993419500067264
8,248,100,4.0304709267835985,0.010809056511587367,5041,0.0003828567079973685,0.0026399850289157145
8,249,91,4.137143433596838,0.014328756942027843,8944,0.0007101879655695411,0.005148807328681726
8,250,128,4.31268306058859,0.014309425934100228,3221,0.0002478900104096873,0.007401936870063297
8,251,131,4.515566504831326,0.018841389699122857,2712,0.00020776032303359489,0.006518827278290562
8,252,86,4.020224365011451,0.012717677413709771,8331,0.0006306645119151762,0.005682529091471267
8,253,3,2.114120130839337,0.020676255339912464,1205488,0.09304355322935352,0.006067185406785192
8,254,3,2.1263823162762363,0.02168414904275673,1276124,0.0934372357917996,0.005403157442359197
8,255,3,2.099312595887846,0.018873155851458323,1167096,0.09125108552103563,0.0045462646935263695
8,256,3,2.0993576782883703,0.022068280454584865,1213928,0.09148561326014151,0.009473725493656493
8,257,3,2.101105428884824,0.023053633927640815,1204019,0.09252474133249355,0.004422879329357365
8,258,3,2.1029729207847074,0.01925260060500411,1201652,0.09512769525052626,0.006762048162672563
8,259,3,2.121995450238551,0.01769472542751549,1175714,0.0910364716086821,0.006309436436410909
8,260,111,4.262986590537279,0.011088451404599742,5591,0.0004434594021285258,0.006527592637105228
8,261,3,2.137110582425334,0.01626917783963222,1224241,0.09277560506167112,0.007275313084826207
8,262,3,2.1102941454323876,0.01814404557129612,1209139,0.09436436362143621,0.006389829524322932
8,263,3,2.0944816743743293,0.01945351910230675,1193063,0.09372203903878473,0.0038377398381412853
8,264,110,4.307773051850629,0.013912999019139838,5589,0.0004226941613752376,0.00444067727209474
8,265,85,3.8864356820168244,0.014506165844055313,10052,0.0007870160207712099,0.006121405261296453
8,266,42,3.569572954293868,0.012559676999977842,47241,0.003504071616841885,0.003987932986329434
8,267,3,2.1010109445046288,0.0201111774316578,1221420,0.09364919497053634,0.002897534268844426
8,268,87,4.125124018344978,0.018440577895947746,9338,0.0007579451941826692,0.0037068829921957924
8,269,3,2.1098169440580263,0.018951741600623295,1193349,0.0928799213032013,0.002356162155320085
8,270,3,2.102420688907847,0.0171891065090215,1214258,0.09518799907717049,0.0041966729257668645
8,271,120,4.0561637173786504,0.013720878731044994,3340,0.0002630635674207901,0.0060635876370639386
8,272,3,2.101022649112735,0.019273763253389253,1115124,0.09321621106284005,0.002626895381795169
8,273,3,2.0941312812219803,0.01962270121975318,1218142,0.09501669774499712,0.0034503231354348074
8,274,3,2.096485908970514,0.023071437755849855,1189409,0.09141529699755208,0.0047692001745125445
8,275,41,3.3511487326882436,0.02177998214146104,43805,0.003424161219249969,0.0058163452809475436
8,276,3,2.124129379501213,0.01538905132186219,1290724,0.0958625036262491,0.007932937719627386
8,277,111,4.4600053393075,0.0188096005596311,4636,0.0003615329558812818,0.0029695585228795007
8,278,116,4.57394246851814,0.012947147130857761,3948,0.0002938263642477915,0.0030221218340139577
8,279,114,4.441286512854133,0.01237480864670415,3303,0.00025284804268975203,0.003650830337396771
8,280,3,2.093890802851544,0.022261220424121042,1198753,0.09487548607983229,0.0043410305825959394
8,281,114,4.371644439332561,0.02024144725294519,3459,0.0002607227605769096,0.006936564435122916
8,282,98,4.141907927188321,0.008576011149260696,5666,0.00042574502561721196,0.005648161403369878
8,283,3,2.108065577495447,0.016695653034736302,1204518,0.0933019207359936,0.005765569580292729
8,284,100,4.257709077310648,0.019383365725712698,5705,0.00047502761904666743,0.004241141993518105
8,285,3,2.118224637815531,0.019589668472937638,1208695,0.08973304105695225,0.0028077240077155063
8,286,87,4.002670635335907,0.02572128150397046,9094,0.000698936730777626,0.00799049551473352
8,287,3,2.0772216801869776,0.020139507290324654,1129808,0.09171828997338174,0.00442996701886611
8,288,3,2.0798261997450322,0.020876031757014357,1178579,0.09305650018262644,0.007228884087485565
8,289,3,2.1034815690906368,0.016170265918019844,1199473,0.09320024603243178,0.0060595469668215385
8,290,3,2.102705154229178,0.018262619158906923,1189758,0.09122154468568207,0.0040007304343010475
8,291,3,2.1232024594467216,0.021685753549423703,1235818,0.09439130714398429,0.0061706120098202755
8,292,3,2.1286494947195953,0.01800013442963122,1247660,0.09180066557432366,0.005152253415646846
8,293,101,4.530063205317196,0.017974989765709215,6174,0.0004861562021294807,0.0033471637061075477
8,294,3,2.1028743808536863,0.01963910163719873,1215954,0.09226890848126006,0.006375252520113728
8,295,3,2.10657939663485,0.019646017058271625,1198195,0.09278870324187209,0.006920757573594338
8,296,3,2.109536118902868,0.016894083579010455,1233866,0.09696573523609045,0.004309513075315019
8,297,3,2.120289004964305,0.016061255910772898,1215155,0.09173009578721936,0.0043585825997641825
8,298,91,4.269077294701515,0.021080797128533724,8154,0.0006476270354503128,0.005215065402561836
8,299,95,4.094418817599665,0.010627761021394344,8234,0.0006383194136702064,0.005084598857066913
8,300,145,4.6462058985097885,0.01975726107409803,1972,0.00016030656598460503,0.010006519185932872
8,301,113,4.448668329412666,0.011671731427768006,3871,0.00028768607719038835,0.0022464602714794
8,302,114,4.316758652401797,0.018949574116469026,3830,0.00030124182419464217,0.00218720009117801
8,303,3,2.106589419340917,0.021404947708606015,1196558,0.0926276314377728,0.0028966299640267867
8,304,100,4.226992997138094,0.014376327590405413,5308,0.0004144701622086918,0.006434024819792772
8,305,96,4.22337356495356,0.022880495771745946,6379,0.0004935996475857917,0.007627713154142235
8,306,3,2.1167028638474603,0.02022766097205919,1217988,0.09219507974688038,0.005544514012976953
8,307,3,2.1221435857825455,0.018194734751757813,1182632,0.09235497085266649,0.002081247377901718
8,308,3,2.0936251229737604,0.016512766598161033,1156550,0.0921480874063112,0.005445001093427826
8,309,96,4.540392133578963,0.010139317227364497,6509,0.0005101897648831737,0.00452809343349736
8,310,3,2.142825676332211,0.019470310221216813,1187832,0.08919769071462637,0.0035196516743775663
8,311,94,4.139229070459044,0.014856994088030095,5729,0.0004328666121043679,0.007102071626883866
8,312,92,4.451058985253199,0.011169915247609644,6880,0.0005580907585361929,0.006740502017566152
8,313,41,3.3581615669230773,0.022855594693082515,41674,0.003121878982504473,0.004740673417894636
8,314,92,4.157454388530938,0.0159563097021182,6380,0.00048350453789470604,0.006662636160997382
8,315,3,2.105596190111383,0.021227938558546877,1231166,0.09266145700015602,0.004153531817464584
8,316,3,2.1243814322288253,0.017415013664009105,1218245,0.09276113709288106,0.004885739576400594
8,317,3,2.1183264643106603,0.018253509236738075,1184691,0.09314681289944164,0.0032241577867712645
8,318,3,2.110718050032983,0.02480918734354509,1211816,0.09070117187690042,0.006419540136947455
8,319,88,4.202351765737586,0.01397654196329845,6797,0.0005369154872747001,0.011276254668145191
8,320,95,4.630993573297552,0.00999858107776408,7775,0.0006361668244605858,0.0032143248138517544
8,321,93,4.294975519759812,0.01491814828677207,7874,0.000609340098757361,0.0039673937748215815
8,322,3,2.090760562063762,0.019020648778809268,1166627,0.09338923429404504,0.004740193300314166
8,323,3,2.127901939544402,0.017700276896900347,1229642,0.09170251128474365,0.006182594367388439
8,324,93,4.526444740381609,0.01071119506820406,7016,0.0005422779724925324,0.005577881559128861
8,325,3,2.1127023197214565,0.021616697489604264,1199565,0.09531118986493718,0.007320904137803952
8,326,89,4.379728000866255,0.007845462274207904,7304,0.00056889303183145,0.006405032637160968
8,327,3,2.1344122317396477,0.017839907920513376,1166609,0.09217152493869961,0.00758788423566592
8,328,92,4.197139490639893,0.01288339440532324,8479,0.0006636911324399217,0.003110222116083472
8,329,3,2.12902793576301,0.016932426589237326,1213082,0.09118449141585737,0.004146418090463566
8,330,3,2.0938401608786994,0.016529002690829575,1177535,0.0933554166175789,0.0029846284825907343
8,331,85,4.139716841584797,0.010205571665833829,9675,0.0007742363588756375,0.0031231251757348755
8,332,86,4.371617171804042,0.012639793942804567,9487,0.0007767080905523576,0.0041743889505083676
8,333,95,4.082212253922497,0.017414697260620726,6004,0.00047090849810228736,0.007948629509725968
8,334,3,2.1126902158530143,0.019382233413062222,1217937,0.09187190312308213,0.002037688694985662
8,335,57,3.6290712222338173,0.018633687820441558,22710,0.0016691228226711713,0.002853685301478892
8,336,93,4.112958213944118,0.008508933394839935,8583,0.0006562267763155883,0.005676715300157675
8,337,3,2.1051498260618087,0.01810389633551146,1215044,0.09439952924698397,0.004618634239769381
8,338,3,2.1350665716442743,0.0165537421133507,1231043,0.09432131214061368,0.0054819257875834415
8,339,101,4.45090113272818,0.012164691137602768,6535,0.0005055593346792738,0.004255744485064161
8,340,3,2.1386254896828825,0.017006093878213502,1197107,0.09085916320042492,0.005019186565095923
8,341,93,4.324575285806739,0.008435493896831459,7326,0.0005852101903898198,0.0046107028980287845
8,342,94,4.382328136638704,0.017906148271155442,6150,0.0004929039464053918,0.010718634964696716
8,343,98,4.066280278923699,0.013190419083366989,6986,0.000529854807950765,0.0031133350485252897
8,344,96,4.332310495893597,0.012027868954698762,7782,0.0006159950207464939,0.0030371100501356274
8,345,158,5.0911284373404735,0.01759857300206491,1297,9.660658387648777e-05,0.003493159692322001
8,346,3,2.123253331550697,0.01802005665229811,1120706,0.08854333444969865,0.007740055732032014
8,347,98,4.074148230640943,0.009745374584758604,7590,0.000574073480195297,0.011078762805787956
8,348,3,2.1198228277889988,0.021196994184376705,1160962,0.09175772858914279,0.004562848416326815
8,349,3,2.096961179398855,0.01737177461509576,1224333,0.09387997718968973,0.0030602753924183768
8,350,119,4.3162434980866,0.011869507330218743,4208,0.00033073133910509824,0.0061745537367653425
8,351,85,4.112525929799751,0.013550083934840473,9483,0.0007539814801857833,0.0033952404899458832
8,352,124,4.484134547743457,0.015152319309140072,3729,0.0002993581981799439,0.004543646787566469
8,353,3,2.0931648753534624,0.01931752273369136,1164661,0.09448108781738053,0.00403179030260159
8,354,96,4.45968246957396,0.016074094732190125,6252,0.00047431733240654823,0.006342646392477169
8,355,3,2.129536894222334,0.016112037819300484,1204589,0.0940237766962525,0.004101758715756354
8,356,3,2.118300763382768,0.022676978896189248,1199572,0.09271524509633808,0.005615289382940869
8,357,3,2.121932897857709,0.023536230021345306,1217994,0.09384914453925891,0.007195328098101528
8,358,3,2.112082534124116,0.018730064474522856,1202015,0.09364044418982317,0.0021505222295249427
8,359,3,2.1045768555058246,0.021478548573594547,1224093,0.09189637638977079,0.0038221140003362186
8,360,142,4.579397973373842,0.018577594953397614,2181,0.00017437651799915858,0.0028476983591414484
8,361,116,4.680432681377715,0.010033459683321366,4169,0.0003260040165196221,0.003830799817978847
8,362,3,2.114914355258524,0.022311428557146185,1139911,0.09269004671048646,0.007222494002075974
8,363,95,4.328964799509714,0.007979789485471955,8384,0.000662523419262505,0.007431736903565411
8,364,93,3.903937753134857,0.016174366634239434,9333,0.0007252573253087997,0.004781689179612858
8,365,3,2.1139737421545233,0.01995392403981089,1206035,0.09388480466377526,0.003596228308555327
8,366,95,4.087069759418989,0.01611013800909611,5199,0.00039263074607620357,0.007393358385064996
8,367,89,4.123254893761529,0.020078907796914236,6693,0.0005196249042637891,0.005267460487531683
8,368,42,3.4150649968782893,0.018760323494605657,56264,0.0042934312729736804,0.005586836529215766
8,369,3,2.0996441280910796,0.019046653803773683,1223870,0.09380722254371812,0.004951605557335315
8,370,96,4.21011245919448,0.014606768744055643,7019,0.0005340912117303749,0.0032882443602721967
8,371,3,2.1285356417531465,0.019181778715985698,1270253,0.09417601060017909,0.005252662914635109
8,372,3,2.1088761789357124,0.020260165597739355,1188274,0.09280367255355092,0.004700203600346398
8,373,3,2.098610855974613,0.02277342712074537,1154669,0.09328333098375072,0.003673929136356391
8,374,86,4.0533419869222875,0.0081974469886405,10123,0.0008039372994028325,0.0037437426519245642
8,375,3,2.1073602111180207,0.02244923244937924,1180922,0.09095233305447657,0.0037946866805326773
8,376,84,3.971558899934699,0.016396141563274513,6912,0.0005121607805472563,0.00487121324702644
8,377,3,2.0869278215978477,0.020247486131418135,1180403,0.09224394068488999,0.0035306436479995984
8,378,112,4.3727224357590835,0.016108485145368168,4544,0.00035563194128942403,0.0032034883104826717
8,379,57,3.6687861881636317,0.02027334519088808,22331,0.0016521953755990327,0.004676160199401758
8,380,3,2.1005445759718397,0.02100351259605393,1205333,0.09391479489571909,0.0033391510549137804
8,381,3,2.0992823846123043,0.01918737326404818,1221804,0.09183535413544866,0.002523750079968745
8,382,3,2.1334774160360666,0.019278280022877126,1204655,0.09083413385773337,0.0031490112422161154
8,383,3,2.101003789160118,0.02149444228638686,1198732,0.09280057250394065,0.004787556421424477
8,384,3,2.133378205135194,0.014482866413672135,1197824,0.09131248277157487,0.006619184738936301
8,385,135,4.484835262863533,0.017591682337794845,2680,0.00019955994054603025,0.004538683325014392
8,386,3,2.095818487734595,0.017975552297815,1168035,0.09458698470263326,0.006572814537206151
8,387,41,3.368798623330543,0.018854806161327606,47612,0.003627174708813565,0.00253099550192748
8,388,95,4.2933592846191875,0.021836477233263152,7710,0.0006135443862359792,0.004833513621997576
8,389,3,2.0956550685979596,0.02147038965976389,1158885,0.09040479781172156,0.00786275435982664
8,390,3,2.0896429932077094,0.023316983191824625,1172112,0.09654073724542388,0.007574495735040432
8,391,96,4.240528971599579,0.019205753773282375,6542,0.0005191683180668591,0.0029172891872044637
8,392,3,2.107660000146405,0.0146806784758855,1149219,0.0901255070260188,0.006498516087144579
8,393,3,2.0728496287983953,0.01912303567065654,1131328,0.09275736477544058,0.0061504827516464244
8,394,90,4.171989373435821,0.017070110422921503,9574,0.000767063476866234,0.003886000453314331
8,395,93,3.9402175736644978,0.011755549802573761,7744,0.0005919074692088114,0.003675534922971957
8,396,3,2.113723611399204,0.017451687176085695,1185283,0.09162651652060687,0.005613097471097173
8,397,3,2.1114215651166743,0.01791385116023203,1208555,0.09545561890890938,0.006252268721356091
8,398,3,2.094459560749226,0.020714342067766345,1140372,0.08861789293896832,0.00504766835955317
8,399,83,3.8732617277236416,0.020130772817076314,11765,0.0009279999798072253,0.004076022443108895
8,400,3,2.1254321706980037,0.017018524110159028,1231327,0.09043546073444206,0.0028442131770324286
8,401,3,2.1156948761114918,0.020912518891740395,1172930,0.0929052803051467,0.0027745692030423097
8,402,3,2.1102809950422325,0.019529855971532006,1275073,0.09369640091945076,0.003278260725397386
8,403,92,4.376711972106371,0.01646834226706506,7814,0.0005926765086059451,0.010277490892354413
8,404,97,4.176611694300249,0.014777894327142493,7363,0.0005583265883720355,0.002295045938564999
8,405,114,4.317505943502933,0.01838227720120411,4065,0.0003150115926590907,0.007485821415111338
8,406,130,4.384982248116708,0.014800082982461826,2484,0.00018397443436749087,0.00391011890804438
8,407,112,4.851231631512793,0.011769601027283666,3934,0.0002971222120152023,0.0060704669084972185
8,408,92,4.360459080829266,0.0165238820256296,7882,0.0006430848753731373,0.0034343724595068403
8,409,86,4.031027073894493,0.01018091023404688,8894,0.000697190668086446,0.0063592187826617685
8,410,3,2.117815146538584,0.01735800261481546,1179555,0.0923860596993673,0.006316955661080814
8,411,3,2.125733094719743,0.016375762025829466,1185203,0.09305105406039008,0.0041271387940742255
8,412,118,4.341643795300229,0.013414756202305145,4061,0.00030299001378936575,0.0053606766833932395
8,413,115,4.739303295221095,0.018530213767499526,3403,0.0002643819754733082,0.006292148772246098
8,414,98,4.268356062435776,0.017814180320788464,6387,0.00048577353598260796,0.005285029227541593
8,415,96,4.225229068244491,0.0098343583807734,8011,0.0006200525825642855,0.005294884471584438
8,416,3,2.1167887449844875,0.019327028830698367,1240299,0.09453077698370743,0.0033602787353425034
8,417,92,4.305096738378188,0.011778944377393352,9850,0.000779380549921421,0.0069871901443852025
8,418,3,2.0919946068148003,0.021439206825457968,1188085,0.09088478576668607,0.00444552977607654
8,419,99,4.480809318266284,0.016665427713550326,5119,0.00039046168986541006,0.007346132873536304
8,420,88,4.213274862285742,0.006773809579120604,7081,0.0005255390374716533,0.0044559448528681544
8,421,3,2.090237969434317,0.02162413828687826,1184639,0.09329951055204305,0.0043030655017242125
8,422,3,2.1232780246654226,0.021138075347140628,1180924,0.09063638280303032,0.003215965152600919
8,423,90,4.015512163347975,0.01568038838025354,7529,0.0005867714942371074,0.00837968348402024
8,424,3,2.0919707489251143,0.02041727026381257,1168584,0.09207443807310445,0.0024071117860255953
8,425,3,2.119841211260295,0.018685438234250618,1239874,0.09286036441211244,0.0031804508590941305
8,426,3,2.10548113376626,0.01804597181452139,1194446,0.09164321839447326,0.004472989499158031
8,427,3,2.108947135418085,0.02146870481050156,1204980,0.09133007753256445,0.004981200464368951
8,428,3,2.099793098989991,0.021750164123096605,1196331,0.09180421338420561,0.005460566924855914
8,429,113,4.778689923247007,0.012724609999609116,3750,0.0002754042824704954,0.0038439644058321787
8,430,3,2.115665596809204,0.017420172435698933,1201371,0.09054971728345196,0.004612287927335479
8,431,97,4.108742854356374,0.011826472851489078,7042,0.0005244786364330031,0.0038819678428765325
8,432,120,4.092364372279101,0.01141963322382955,3236,0.00024753558285756425,0.004092168301719767
8,433,95,4.394500817310641,0.01123390253573553,6555,0.000519691511752877,0.004645990790310417
8,434,3,2.101359123981587,0.01883768489016191,1226599,0.09456411619600306,0.002813091082901009
8,435,113,4.206811901418727,0.011547567614612508,4061,0.0002954413494358205,0.013793291280343345
8,436,128,4.088850769092624,0.013457864982627632,3351,0.0002512100023411783,0.005804410369165791
8,437,3,2.095943632608992,0.017540185803536557,1208201,0.0934367937579757,0.004125500360771306
8,438,97,4.409895105220348,0.0073454683946775345,6341,0.0004853367231129885,0.003522715304925539
8,439,3,2.094683762275747,0.02252146743024086,1209330,0.09069065826150928,0.005443862646274722
8,440,40,3.4762545065499477,0.02383621000297892,48249,0.0037988730222617787,0.007537140313805035
8,441,93,4.355907854169153,0.011988641921038101,8085,0.0006402911079364499,0.005422402192094
8,442,3,2.1328052755148237,0.019446463693908345,1257071,0.09182123524798405,0.0071222859784016435
8,443,87,4.102325963606901,0.016789501497561865,7694,0.0006127429997058929,0.004839561394987757
8,444,3,2.1079488442670087,0.019346554964115747,1188038,0.09418075864613941,0.001957890234422943
8,445,91,4.511949835500489,0.014526161881281863,7261,0.0005660367062448014,0.006385345056231284
8,446,58,3.6004684393243442,0.017343023091603876,23083,0.0017331027735275478,0.0023558610425241655
8,447,100,4.348579691742228,0.014539630350081323,5691,0.00043716298659059573,0.0030035890301937096
8,448,152,4.805355547449338,0.01996190134257514,1940,0.00015705696618077775,0.008909770657787974
8,449,3,2.083128761768417,0.0217786550351029,1182887,0.09004576482229792,0.00485190389216239
8,450,3,2.0970532466262526,0.01942833655924381,1154526,0.09292394276142812,0.0029950013286339505
8,451,97,4.252518915020371,0.01886018368130027,7257,0.0005559357807990491,0.0039759133895699295
8,452,116,4.376879260411067,0.015034319126826234,4144,0.00032695464080316597,0.004958724246891366
8,453,3,2.111318574374059,0.022826619263960124,1218116,0.09411996324571378,0.006441194225950575
8,454,88,4.17845897313544,0.015932421020410592,10339,0.0008022884659645472,0.004200767860257026
8,455,3,2.099705077731221,0.022779144009560826,1161338,0.09199914824552204,0.004602965232903045
8,456,88,4.091079529755672,0.014536919927753134,9238,0.0007230467269925678,0.005062376006413127
8,457,84,4.141499470454852,0.015601237451795313,9850,0.0007423734878756466,0.0029220012951808316
8,458,3,2.103837266569757,0.019023594166253543,1232050,0.09188514792796586,0.002173718035338723
8,459,42,3.5798249753749185,0.015385781435650392,46962,0.003558231355502636,0.004140541066043224
8,460,97,4.1679326956484575,0.01689129283981705,6199,0.00047158723070497686,0.004234429456209776
8,461,3,2.0905757188409297,0.01677842183456868,1155545,0.0936733132812966,0.005169247058954718
8,462,3,2.112240195741213,0.023462136105451448,1190449,0.09165045873770393,0.004977516441360796
8,463,3,2.113881887193475,0.01540880600557426,1151811,0.09192115127149728,0.0063937471540366775
8,464,88,4.094543698429962,0.0158796842657164,9032,0.0007301592639684188,0.003198044746146822
8,465,3,2.10164352582389,0.022357174316095185,1208803,0.09249382489710585,0.0051364414909379486
8,466,97,4.22763046948004,0.01456721477576417,6012,0.0004707542733165484,0.0033556712955653545
8,467,3,2.1027591239256935,0.014308007776490772,1103251,0.09064724994610057,0.006526230946423794
8,468,3,2.0986462746420513,0.02150469366616181,1261602,0.09673784048449202,0.003904921660100369
8,469,3,2.135978355052731,0.013157243929457385,1192266,0.09109432286557921,0.007346042833623501
8,470,3,2.0826009915417036,0.017437485444691925,1134981,0.09600354652342077,0.00377281960095166
8,471,3,2.097970422377693,0.02013267164064203,1195491,0.09324766391588538,0.0008987654324666972
8,472,3,2.09623983622957,0.02191795157391907,1216385,0.0920672392808918,0.007399687264497801
8,473,3,2.1125180302162923,0.018945242818917296,1196797,0.09194604271860116,0.0027507879262056445
8,474,3,2.111935313341921,0.019250794756316414,1186822,0.09203864217446024,0.007264488373629807
8,475,3,2.12021799145366,0.01680623127350256,1228187,0.09455631048796254,0.003047023663737214
8,476,111,4.154737910986542,0.012992455038126294,3976,0.0003057518411628413,0.0035006089759346826
8,477,94,4.295893907068671,0.011705927346880807,7407,0.0005776228577382045,0.004149749233309685
8,478,98,4.778936167460376,0.008412076089425846,6075,0.0004609822009270788,0.00406845164665548
8,479,127,4.434196789949487,0.01730947516759862,3061,0.00023367118578546345,0.004879423897123147
8,480,88,4.022610232247827,0.017723736700174547,7371,0.0005895956642361877,0.0034165298624142526
8,481,3,2.0947044309823153,0.021152006877863117,1229762,0.09506162847657602,0.0037133077655041036
8,482,119,4.434736065878593,0.018662849017903826,3295,0.00025930336400274364,0.0035091691676206738
8,483,42,3.5271052306080537,0.01718470991788279,47317,0.0036180857644684816,0.002862656505573602
8,484,82,3.987484441684516,0.018305912859560736,12326,0.0009606758868481866,0.006525348604073389
8,485,93,4.244852657028135,0.015031253578595694,6748,0.0005342776566873344,0.007704353932185826
8,486,93,4.521729789888342,0.010630421802031775,7199,0.0005627941105421758,0.005296372262274585
8,487,3,2.1110644275700987,0.019278459993064212,1230700,0.09463273165257646,0.002376246371735391
8,488,3,2.1133884552010844,0.02010044469945782,1189104,0.09093093355801277,0.0043431907882917065
8,489,3,2.1041278343180037,0.019062453902041532,1204078,0.0917895663826177,0.00634704946255743
8,490,99,4.521768335543689,0.01304599145163321,6251,0.0004953746148682281,0.0044511250052134965
8,491,93,4.712414365081285,0.010717778322713145,7789,0.0006141583487727123,0.004213005194764308
8,492,3,2.122330727252707,0.01809008023332792,1270557,0.09489855571699496,0.005735682163707345
8,493,94,4.066847690853542,0.00937753361130056,7690,0.0005704425313643249,0.004713777158504628
8,494,3,2.102328061014557,0.02101618563061891,1216636,0.09265038278645511,0.007889924018645689
8,495,3,2.1338480524071293,0.01992707503329383,1200011,0.09354817410059907,0.006556327298846587
8,496,121,4.614797221036505,0.010784007334857237,2955,0.00021855605230523383,0.00651024753739049
8,497,3,2.116771817100913,0.02121904838930022,1205213,0.09133435614785669,0.0070759398721152444
8,498,3,2.1056911075513636,0.02356009766727407,1242542,0.09273016359883862,0.006239024882120026
8,499,90,4.022301484517336,0.011219212195995615,8067,0.0006290829075436843,0.005676790382649732
8,500,96,4.237160283619434,0.018023967867848767,7170,0.0005728851310181104,0.0038862484636023042
8,501,3,2.0821592421349497,0.020859097990198472,1179743,0.09401992285817798,0.0033499489269935845
8,502,96,4.103381476845012,0.012232092134849548,7078,0.0005493465391750132,0.002944426311839665
8,503,3,2.1164929948596276,0.018634178212613484,1206275,0.0936556548015337,0.005333709267198727
8,504,119,4.016960960741396,0.02228523617042205,4245,0.00031979012727647064,0.006597396004900502
8,505,3,2.129550462811879,0.01975306933996357,1225277,0.0916688967722112,0.004241362963060213
8,506,3,2.117394809489648,0.01972709152789598,1208996,0.09416248308146148,0.005268244354435958
8,507,91,3.990707046366772,0.012547621158940647,5914,0.0004470231125461942,0.0066917237031952626
8,508,3,2.0900817080443135,0.02049401864168099,1243932,0.10085003226323491,0.0031469038337688104
8,509,3,2.1277632277605045,0.019146928580023537,1222839,0.09203790624505598,0.0022949763362255515
8,510,128,4.707357126148538,0.015989102912769004,2814,0.00022250696718022233,0.009290474391407066
8,511,3,2.1087309491181983,0.020390951473597707,1198738,0.09346997955920715,0.005050665735348736
8,512,3,2.1320799033825986,0.017967126798482558,1192112,0.09179519674397914,0.004543733740967615
8,513,3,2.1430685769220643,0.0159927555072229,1196313,0.09342898291282678,0.005218683482418274
8,514,3,2.1182398967445444,0.021221823243935956,1238579,0.09344809551574325,0.002299391653161398
8,515,88,4.046154417495734,0.012733937351239566,9449,0.0007194785824726215,0.005257932738074955
8,516,3,2.130777647228392,0.016663904948493125,1170539,0.09173066767121658,0.004827026203351681
8,517,89,4.094007997813524,0.02228428489308998,9203,0.0007612147243394417,0.007441748982349117
8,518,3,2.125467260272543,0.019395726673428926,1236473,0.09333057172469529,0.00432311814174019
8,519,3,2.1198663314659547,0.018268317574838155,1219541,0.0938974123451505,0.0037768744197180792
8,520,103,4.099741607254229,0.014890058930763006,6011,0.00045969202240476667,0.002325702329901369
8,521,94,4.2958208706309255,0.007619966003690304,6960,0.000538861056766922,0.004407716990142085
8,522,3,2.1137123642428173,0.020147568375587732,1198092,0.09247885113962555,0.0036888176195253863
8,523,3,2.115406090560192,0.02004300969957895,1161297,0.09015188454256437,0.007237680247206613
8,524,81,3.859850570356154,0.01680874472049898,10843,0.0008486495413159977,0.0038103209868228793
8,525,118,4.914420353375694,0.019434029329901792,3962,0.0002987734452695612,0.004315303772546519
8,526,101,4.2304587579709105,0.015847239458833498,5370,0.0004158074989372518,0.0028706015375083993
8,527,3,2.1242057614042436,0.015019668686254706,1185954,0.09342155947584219,0.005543051860979364
8,528,126,4.113067606991393,0.015678842833924844,3791,0.00029302657807488727,0.002614138232826302
8,529,119,4.413631785179353,0.010718988964460774,4191,0.0003222515502829293,0.003627277537715523
8,530,93,4.095572985544175,0.02150385518480835,7875,0.0006211122317859923,0.006391385356479207
8,531,3,2.0871467014775518,0.020301280367900687,1183539,0.092759052369949,0.0023671560672013925
8,532,3,2.1170650328707774,0.017524805760559814,1229364,0.09071836303682967,0.003036983596527043
8,533,3,2.12875563057707,0.018813660688955403,1211209,0.09218943173842692,0.0016856865700849433
8,534,84,4.219091193782896,0.010936046690142254,9921,0.0007438676468934284,0.0022574618966506588
8,535,116,4.310720726268036,0.0125042161177642,3151,0.0002552355485527108,0.005719828879610089
8,536,142,4.366630397217881,0.01930631095985791,2417,0.00018556134648902117,0.0027777059449919372
8,537,103,4.721358044882569,0.010617223816318133,5244,0.0004095307265187545,0.005242391743405794
8,538,3,2.1079961902116477,0.019449274688640883,1142526,0.09000654649785998,0.009700376739109395
8,539,98,4.211505465526689,0.015714268204465642,5884,0.0004594244077415043,0.00735251453066621
8,540,41,3.3345286270976913,0.020961800374568074,50204,0.003681333926992792,0.006149373185169393
8,541,100,4.410758159752069,0.007505801002130497,7101,0.0005714936918395916,0.004932606874933021
8,542,41,3.4384357940872263,0.019712001146984265,52499,0.004023981238845694,0.006679434253999028
8,543,3,2.1130634519741736,0.01847401099010848,1187312,0.09310763449008186,0.002793787443801987
8,544,117,4.478588491602586,0.010181415618686074,2649,0.00020563312101396614,0.00819058834152081
8,545,95,4.377846651992735,0.00817288488122192,7861,0.0006168530918966722,0.006496552847648496
8,546,86,4.076231886013211,0.018622267434336925,10280,0.0008074427369543999,0.004997286306495652
8,547,3,2.0781516724627513,0.024006201883916112,1194689,0.09466735848617044,0.008019603172219947
8,548,132,4.317262138856976,0.013054632587233828,2764,0.00021983599948111068,0.003411073707011547
8,549,115,4.274955802995116,0.011340504196875933,3881,0.00030043155006578376,0.004574377615419789
8,550,3,2.1084199578850633,0.022281998587039942,1233099,0.0961183315758524,0.005198506402975589
8,551,95,4.0718623538972905,0.011466902035013882,6739,0.0005053669459720814,0.006553221500163131
8,552,3,2.1040082811935026,0.018382334411471524,1161585,0.09117283165232562,0.002682533197429837
8,553,100,4.279677881834358,0.011868437335867621,5486,0.00042676917839698465,0.006889165367137573
8,554,155,4.631973984639142,0.015663323484477076,1984,0.0001545826028188574,0.0038900969081342995
8,555,3,2.1110797849179592,0.019346237606802763,1164693,0.09279695462897208,0.007081715071105998
8,556,95,4.173815022358276,0.011090560682172512,7275,0.0005810244831337977,0.002385536624685103
8,557,111,4.333841760673184,0.009502616699168479,4175,0.00031811285851795373,0.00593743569606181
8,558,102,4.150368700129954,0.0074413093504206995,5141,0.0004089868272192547,0.003508321004041748
8,559,3,2.097669246825034,0.018630033194087625,1193396,0.09428318389706714,0.002731914034992733
8,560,93,4.268162456418037,0.014625368398698005,6479,0.000494400583360639,0.004334040057428545
8,561,3,2.098962858818206,0.023963149486964874,1136596,0.09265038418335157,0.005050774061412411
8,562,3,2.095721725093984,0.02021367083419867,1163736,0.08971702197733067,0.0018731612911874196
8,563,61,3.6527115441351143,0.018218269457578373,17730,0.0013513127282912525,0.004392139060073519
8,564,101,4.351511361734489,0.01444115080231545,6062,0.0004765120512664711,0.0032558860590823357
8,565,91,4.122776517744654,0.016962459060484103,7816,0.0005896473733683984,0.003434623185850749
8,566,119,4.427308834587948,0.01708651535860517,3128,0.00024571836919986227,0.006666515542373963
8,567,69,3.8426905451007007,0.013092514390116328,13124,0.0009823915080173747,0.0066878718186147434
8,568,3,2.112065192663913,0.01613632052463998,1183395,0.09271707219653658,0.004919344423232941
8,569,3,2.090302515437279,0.02190876286284682,1209592,0.09183674786432215,0.008997496649805425
8,570,3,2.1176570075444023,0.017530306701250442,1243667,0.093565062659485,0.003879156078649193
8,571,41,3.580086950762345,0.019909882690568162,48931,0.0037720178271802057,0.006189626966170758
8,572,138,4.2220998313267355,0.019304833909621122,2262,0.0001695423024909002,0.0038733057397321025
8,573,3,2.094528473781721,0.019025013386151923,1225472,0.0964961832938652,0.0040655512914908876
8,574,42,3.38683615870501,0.01853743698327348,49363,0.0037407318127253082,0.008566307868791423
8,575,3,2.1039486515903394,0.02123604463376605,1192675,0.09534221112870853,0.0031244661426882425
8,576,3,2.1306359258546617,0.019587360624741423,1201290,0.091197012314546,0.005580084145590081
8,577,93,4.386113998366003,0.015991250061649698,6345,0.00046985973816705086,0.0050754872295110665
8,578,3,2.1084091807165524,0.021161693993861364,1195041,0.09172365554811984,0.007727836438210289
8,579,3,2.0852804765685184,0.01882404553533734,1139143,0.09225685554892174,0.00650035960396278
8,580,111,4.193029927464063,0.010906808967902748,4327,0.0003406213604308502,0.0040783708168135036
8,581,3,2.11924126656869,0.021429719947667847,1239058,0.09286460015754015,0.004355921798815554
8,582,3,2.1254953757452313,0.018594084144944567,1240783,0.09363535021368592,0.005776621628742262
8,583,95,4.171685642398195,0.011595629041659006,6222,0.0004953282947093493,0.0038857269152938745
8,584,3,2.085751068148377,0.02481504114261246,1195048,0.092126691237423,0.006568708074706886
8,585,3,2.1310198657331725,0.01639589705180522,1193555,0.09428950307179228,0.005205620237314634
8,586,89,4.389532163512429,0.013921701984728974,9127,0.0007046553654676871,0.005129126580703414
8,587,3,2.1012136224205222,0.01861934532013343,1119349,0.08988463503360669,0.00549531735475195
8,588,3,2.1183827370755828,0.01691895095612872,1191993,0.0930444276481267,0.008629712361998498
8,589,3,2.0745358836327172,0.022569308217020745,1190164,0.09535386230075592,0.006362312196559583
8,590,3,2.1084943215346845,0.019993282050892014,1150477,0.09108870958802853,0.002546187829619795
8,591,87,4.271182524508887,0.011051251205255214,9788,0.0007800318228757163,0.00434509306745956
8,592,99,4.518093196359645,0.017271212350841947,5032,0.00039198582182920123,0.0030376953314953936
8,593,3,2.0914166088082546,0.020253285468553872,1207294,0.09248865508738394,0.003988898919181083
8,594,3,2.1098952293173587,0.01921442496013659,1182612,0.09173921070636769,0.0033599728000955897
8,595,3,2.099633922028147,0.02096290714484128,1199737,0.09241350645253153,0.003368737216026929
8,596,3,2.099354651527814,0.0201867249892147,1211834,0.09589170412850552,0.005607979671318208
8,597,96,4.035423096821634,0.01288413599651872,7633,0.0005840123091707454,0.0035316481809506417
8,598,61,3.674408863010242,0.017335690216303434,22868,0.0017879961096932643,0.0028916172858139966
8,599,106,3.7759387714465107,0.014358662306399372,4278,0.00032852800332613486,0.004516763973612115
8,600,89,4.115740464930774,0.01776933079230153,10053,0.00080103228224639,0.0043972558633925685
8,601,90,4.305507327041394,0.01008293007053436,7288,0.0005793315366212571,0.004895637620111415
8,602,3,2.1031486497646235,0.02049808717194368,1196258,0.09366714134807588,0.002191589669604199
8,603,103,4.103851269982264,0.01224404509837601,4618,0.00037642776409896415,0.005821519897000249
8,604,98,4.278279050652193,0.007316946269183444,6829,0.000501534715323784,0.0033087392439031804
8,605,104,4.066538895102765,0.012315154672570383,4763,0.0003593471334804471,0.0022817669786777683
8,606,3,2.101791494928585,0.019971369489356627,1222786,0.0942253050856587,0.002381269606267944
8,607,85,4.188323867848812,0.014355059096683997,7915,0.0005995563510250558,0.003222729308200334
8,608,105,4.550880337613958,0.015314354563706778,5056,0.0003870956282387486,0.003026864100737381
8,609,3,2.1257888142833608,0.0201991903678459,1216604,0.09171885361308975,0.003831295980380678
8,610,3,2.0945718245874616,0.020892512723371004,1192768,0.09153808679038045,0.005115326287090716
8,611,93,4.569494744317226,0.008250543242025676,5986,0.0004729840831295206,0.008751101047270393
8,612,3,2.113405388506098,0.018141922433668745,1212305,0.09539847289102608,0.009816751790369727
8,613,152,5.250530043040624,0.02038404981130959,1704,0.00012911450183169835,0.0027608996581467427
8,614,3,2.1167009511111337,0.01782467996690562,1261644,0.09422660364299788,0.0033860463884158865
8,615,3,2.117690891902452,0.023293552079270752,1220046,0.08985989235043478,0.005388121652715738
8,616,91,4.228642470356724,0.015584967636631197,7654,0.0005928644189405853,0.003375125551498992
8,617,87,3.9782321138011207,0.014545678998637124,9615,0.000786210256417385,0.0046423012096605265
8,618,99,4.330847726511115,0.017748206787068677,5609,0.00044225689314414293,0.006462108019153923
8,619,96,4.291663406978686,0.01796536566788587,7124,0.0005626933517906863,0.0051488671047505985
8,620,96,4.274127948263215,0.0166016970437729,6562,0.0005221243219226652,0.006056016181619217
8,621,113,4.476299851870019,0.01870773846470375,4352,0.0003395103359131802,0.005035252915183586
8,622,3,2.101765272722439,0.019908767516619408,1237233,0.09215284898664736,0.0018846855935314988
8,623,127,4.300018588811893,0.013325028468376132,3190,0.0002491094921336845,0.006668380478995761
8,624,3,2.112293478895813,0.02022846001434031,1153725,0.09000298859302953,0.006016244992075093
8,625,3,2.107827612943105,0.017079718664935406,1183841,0.09404790636654788,0.0065089491750939255
8,626,3,2.0907515812065314,0.020422868820420104,1171681,0.09412223348283456,0.00878181841480058
8,627,111,4.341352185767168,0.010185950146316042,4353,0.0003312540855051035,0.005326688545480129
8,628,95,4.165689056912273,0.01420377862865091,6471,0.0004963773504955681,0.004043413405231178
8,629,3,2.1499322142425417,0.019200076771748176,1209816,0.09141601519701259,0.005352196597502745
8,630,103,4.3623274405164585,0.019370356349960094,5405,0.0004208684404188501,0.008930981069693922
8,631,3,2.132223640986415,0.020170564737499785,1180991,0.08796952789798675,0.003567377030447183
8,632,93,4.411501061614414,0.012010152640430816,7188,0.0005741013672286359,0.005101110978889323
8,633,93,4.2141283605761295,0.011277176384219323,8596,0.0007060103442506767,0.006715677416858079
8,634,3,2.1211484405531653,0.018231976481243972,1213023,0.09196482961620764,0.004862905581073884
8,635,3,2.11170622567649,0.021531401028036856,1189503,0.09278236167682383,0.004185337628898944
8,636,3,2.1010910568952372,0.01900960650924466,1184660,0.09375417958959496,0.006539942033041146
8,637,3,2.119112094574008,0.019131882196866123,1194044,0.0909343541366562,0.0038061457656193287
8,638,87,4.019608137855543,0.010746758195328221,8653,0.0006705009121462484,0.004290129454748937
8,639,3,2.11158426714692,0.018387522824157232,1216593,0.09491650014963907,0.0036527300030888554
8,640,3,2.106721783910101,0.018328641255203282,1210111,0.09537112594280685,0.0031707070219874067
8,641,102,4.500150007529056,0.011308822082648051,5935,0.0004616257549058917,0.0027729395936164636
8,642,127,4.429356131799803,0.018943493618993834,3333,0.0002559600170947194,0.007076441510958653
8,643,127,4.140172297759417,0.01696113580007319,3110,0.00023882735308873265,0.001675280657554623
8,644,3,2.089588754046766,0.019645964702260876,1171374,0.09251121883353511,0.0032980771605128356
8,645,96,4.166090523211422,0.011398347859297497,6508,0.0005064814528017343,0.0029324160776473818
8,646,91,4.091585677265839,0.01302275272616385,6977,0.0005789574964540202,0.0035037456580219173
8,647,3,2.1036742593584385,0.017161813987701224,1124540,0.09175443746861735,0.006306678631666118
8,648,104,4.25400090924959,0.013734328475776825,5664,0.0004450505569260836,0.0038405010228118597
8,649,129,4.785802996618685,0.01257659697089869,2894,0.0002318135501348067,0.005636923821497164
8,650,84,4.121684466301642,0.021045239107857272,9912,0.000815552903235043,0.0044718679172429665
8,651,3,2.107837653009783,0.02031666637034224,1149034,0.0902177205600965,0.0062992474045724944
8,652,88,4.18677374833615,0.012670740659946222,7021,0.0005522600343233426,0.005046472697947779
8,653,3,2.127947778128479,0.01628003577376569,1217439,0.09349719214055863,0.0033458201237162033
8,654,3,2.1049630517857487,0.01931941644869528,1180043,0.09436219239845879,0.004544134930033694
8,655,3,2.1044397946359616,0.021672819721050063,1203966,0.09080450918965322,0.004993884848604635
8,656,102,4.254595245364353,0.02024643786135566,5154,0.000404522743219888,0.0049361095326173055
8,657,3,2.1309126726117467,0.0225467900775439,1207941,0.09059012147468723,0.00664892614039897
8,658,88,4.143571539641985,0.015735402974642154,7899,0.0006128075616682702,0.002728800939967968
8,659,3,2.1218106334859823,0.01871120976907914,1142984,0.09360899589310374,0.0028040131614838204
8,660,100,4.48322264542611,0.019204522191495044,6573,0.0005255142232227398,0.0033996551643711292
8,661,138,4.454156438817151,0.016280963195959175,2716,0.00020415808992216736,0.006641531156672653
8,662,92,4.070012492836251,0.019481676783061674,8223,0.000648502139867787,0.004499282356486667
8,663,3,2.1445618059650333,0.017855758955146794,1256359,0.09331723823359647,0.004046984590543645
8,664,3,2.123282832055161,0.020863976289599684,1184561,0.09227709685106308,0.007949183517838354
8,665,64,3.670905247194723,0.019382872002546847,19265,0.0014699803908507323,0.005610467109645301
8,666,98,4.118802757399481,0.009538483914739992,5912,0.0004445087381455565,0.005426670462222283
8,667,3,2.1252166160426382,0.01884688483951591,1192940,0.08862132602298149,0.006142236536890444
8,668,3,2.1153367823958984,0.01818195642374587,1163982,0.09335686647163015,0.0033395245450257294
8,669,3,2.0963117764700208,0.021277610792885482,1194610,0.0918180333381371,0.0034977092363770446
8,670,42,3.3474611532543315,0.01352219928685583,44715,0.0034653321476108274,0.004069108675034072
8,671,93,4.00092365885151,0.014143640666798185,9269,0.0007318958043790726,0.005079677325032894
8,672,3,2.105435135792905,0.01693650422313875,1161449,0.09013789180758429,0.005873045926171605
8,673,119,4.247642318903873,0.018933380643073927,4133,0.00032596143638814854,0.0037173759096487125
8,674,3,2.1150060640827673,0.018980352230863695,1228090,0.09187921342493349,0.002803097551141387
8,675,3,2.137397928285041,0.019816116881941404,1248667,0.09219145704375153,0.0038065246560830546
8,676,92,4.279102310176989,0.011429458475016613,7167,0.0005710212340703441,0.00474359268177027
8,677,3,2.1126799242056373,0.0178040860745029,1239379,0.09572700734493626,0.0026668218271846955
8,678,3,2.0945040585124963,0.016530241261152545,1158568,0.09380485460412707,0.004370295900077759
8,679,87,4.164214793238135,0.016623676414353472,9825,0.0007802024095191523,0.005946381557301095
8,680,93,4.15216437929795,0.00956755232937434,6670,0.000514571357045018,0.00668275416869718
8,681,3,2.0869535465950304,0.024439211464654775,1193329,0.09507824862043085,0.005181353328506111
8,682,3,2.0596119485951925,0.018239657976868107,1143046,0.09492014157562423,0.004860211690984495
8,683,96,4.665376792213145,0.011645331554720695,7055,0.0005610361172070055,0.004331912996416998
8,684,3,2.1238706426162985,0.0182929608093072,1224261,0.09196254917520269,0.004001550742483206
8,685,127,4.565363270801958,0.015778022965860117,3171,0.0002415151522767887,0.003223015679073904
8,686,70,4.002239369910127,0.010253084250206546,16257,0.001251216043149521,0.004722256069553121
8,687,91,4.292702676459047,0.020292967336019818,9721,0.0007775659777250264,0.0021632478886206563
8,688,3,2.1185906564916435,0.017544019432490954,1250915,0.09537595700760514,0.005995450006089698
8,689,93,4.066449572129285,0.0161270528681578,6303,0.0005053348787617203,0.003896125557294128
8,690,3,2.0912370394744024,0.021244754498826568,1145438,0.09174702274608296,0.008428799873670345
8,691,85,3.9861119081385414,0.013932441030634582,9012,0.0007021731057727324,0.006816106685983536
8,692,94,4.48744148074839,0.00930004442832888,6452,0.0005114579826407102,0.004186508080523843
8,693,3,2.10146775899878,0.02057963478290259,1259039,0.09750602191393513,0.007897472894242696
8,694,3,2.1166299536862265,0.02031441443781634,1188237,0.09474328296063779,0.0033864138713213254
8,695,89,4.183353987740593,0.014986121393156415,8725,0.0006725915364318746,0.005903318332240781
8,696,3,2.1127524718326605,0.020501106462958107,1215296,0.0950718243281565,0.0028425515514380884
8,697,3,2.114994312284595,0.02115675105822301,1228992,0.09078775995737307,0.006023120144875604
8,698,90,4.1998185906318675,0.011080360807445677,9612,0.0007623629380572975,0.006270149550256288
8,699,3,2.1086555592669125,0.018115784362601528,1147444,0.09013799051992716,0.0030121195234588116
8,700,100,4.539300395094403,0.01337714085286923,6325,0.0004957805741805315,0.00664995425316528
8,701,104,4.275400771185982,0.01671067383105257,4690,0.0003636877127602199,0.0029712475394575444
8,702,98,4.6204935378430045,0.014124811711756002,6802,0.0005537477660201582,0.003549289420432644
8,703,97,4.155129473919554,0.009121215015869266,6851,0.0005389664227301438,0.003274282659597616
8,704,93,4.161782454177183,0.015900933207114165,7277,0.0005695620172185086,0.005925946373972202
8,705,3,2.106142547212553,0.014804131441720991,1192602,0.09435620904509477,0.006257455994844285
8,706,3,2.116770964217134,0.014101597824036971,1180711,0.09207205181127674,0.007234714690972588
8,707,111,4.519967815359898,0.00938742207582044,4934,0.00036772602667034743,0.0021866524799540876
8,708,94,4.534318268042507,0.01382714260076734,9293,0.0007433446140191291,0.005784705064618478
8,709,3,2.1232392970604717,0.019261678714081354,1188982,0.0946739936475894,0.0028916449364754238
8,710,154,4.829417345982283,0.01688229085139345,1370,0.00010886693361580462,0.008185389853096414
8,711,3,2.099629808569604,0.0187823901861206,1190150,0.09542655707091825,0.0047155436854384725
8,712,3,2.128078441389451,0.01728371124453809,1213613,0.09372750672056712,0.005996472327976066
8,713,42,3.556393647421987,0.01929322150745838,56220,0.004361449164796449,0.004328890991754042
8,714,98,4.2276937998416475,0.014343315916955701,5589,0.00042402173807489126,0.004669605952546618
8,715,3,2.1084505940075435,0.017601957647695787,1200722,0.09246160992218798,0.005600697907193253
8,716,94,3.9575967655275344,0.009237629645417439,6683,0.0005207614572001174,0.0018586314196401
8,717,3,2.101061245377474,0.01905884894411458,1182975,0.09330564024402267,0.002615670154876182
8,718,87,3.966617321482707,0.018003206262151683,8156,0.0006428522841946222,0.00232563627588922
8,719,3,2.0939066496363936,0.019030114118005592,1157622,0.09313113041956,0.004813352307613483
8,720,3,2.0978517952242632,0.014440951675079639,1213197,0.0954318459028314,0.0060151266258364755
8,721,94,4.2775932223927615,0.013364660720591504,7619,0.0006034667935644571,0.007039117806877604
8,722,3,2.1264604585577445,0.01730534437210063,1198495,0.09115766919858118,0.0029232426195177075
8,723,3,2.079492728373968,0.016691594240253016,1160911,0.09304862279484508,0.003314577948145603
8,724,3,2.123613492386903,0.018976011369313595,1224140,0.09019212409252712,0.0047718560432902235
8,725,3,2.1224410712082937,0.022398130725711618,1293456,0.09448007929146077,0.005077057940557572
8,726,3,2.1171806280888497,0.019566361030829316,1217837,0.09437910387058815,0.0032834567774464585
8,727,116,4.247826276941292,0.015923665354574568,4417,0.0003456400060348103,0.0056243191512937996
8,728,99,4.552830475808272,0.015432876599597245,6182,0.0004930439883446379,0.003868627081077991
8,729,91,4.295075989526552,0.012400029106392374,8196,0.000650523430868194,0.0052151048682155254
8,730,3,2.0830383335646734,0.022733592627526944,1160303,0.0914526045717987,0.00707999381660096
8,731,3,2.106449285169742,0.019375463397329762,1184304,0.09107002340683171,0.002975005153976862
8,732,3,2.0914641199887978,0.02320811448338589,1150687,0.09239294076876742,0.004769339425681252
8,733,3,2.135231001768863,0.018736562968542314,1190572,0.0917950093520389,0.003696784972756495
8,734,109,4.408603225654923,0.010770784231399322,4193,0.0003137259948735392,0.004711870542735586
8,735,97,4.680092469073691,0.012329915030042882,6618,0.00050730864027563,0.00561095095983799
8,736,93,4.416809057507102,0.012347724417953232,7764,0.0006124623788041949,0.0046120565614446996
8,737,3,2.079787859769236,0.01910651518338724,1166549,0.09400264920813045,0.0046061584833725355
8,738,119,4.414068967628886,0.018892507594928776,3382,0.0002545209835316946,0.00629765747105282
8,739,3,2.0949389528076625,0.022234896588133157,1220391,0.09366162317158369,0.004078937112941827
8,740,3,2.1039465770240904,0.01826080538802688,1191704,0.09422251936745805,0.006489527515787241
8,741,95,4.34721862888586,0.011131350451394573,7547,0.0005885642596049562,0.004451112557215198
8,742,118,4.340168662460808,0.014283145422155474,3347,0.00026414787293090416,0.004940092352623826
8,743,95,4.323630680257143,0.02124325470097252,7074,0.0005671012037552778,0.004871544667163663
8,744,96,4.219488849951146,0.016682997879611694,4809,0.0003708808624857979,0.004171415959440372
8,745,84,4.062989465803823,0.012716222104902322,9296,0.0007275795379212482,0.005440773793000786
8,746,3,2.1199364825310174,0.018067358261831146,1231947,0.0952994170395262,0.0030877392020316474
8,747,91,4.348004953844788,0.019794690538130322,7242,0.000553864212410367,0.004625475456496164
8,748,41,3.4626504970234593,0.020782929156608287,50113,0.0038597239542187585,0.005368314111300898
8,749,3,2.1093703638817924,0.01921893203889169,1151510,0.09224876749026249,0.002661702565655566
8,750,3,2.1409702414386365,0.01757185098744185,1231348,0.09100834468090893,0.0036955338697970963
8,751,70,3.91165078266482,0.016253257451361525,15666,0.001222176869729333,0.002843750443284998
8,752,3,2.128156276611835,0.01471745279596659,1209755,0.09115756785154312,0.005909528326904834
8,753,3,2.101045441314605,0.015394684055802799,1212871,0.0937432008662082,0.005701338656828314
8,754,87,4.180087437733086,0.018393243460243736,11241,0.000892439132769236,0.0032266791604975698
8,755,83,3.8421057309769706,0.011734674939826939,8634,0.0006713954660043642,0.0024867403694220913
8,756,3,2.102854388740949,0.01698802295195556,1223731,0.09672294033451521,0.0053075563335199805
8,757,100,4.675164715948689,0.010521992270351999,6917,0.0005330107168520235,0.006998411028582785
8,758,119,4.791262848837294,0.015205921682925838,2760,0.00021057763505293625,0.0071100513396307186
8,759,3,2.1292611056527777,0.014835814283582938,1189019,0.09054562653716641,0.004707858686965105
8,760,3,2.1225467998743075,0.015447701778447231,1253428,0.09597155128031183,0.004819605346225775
8,761,3,2.0959472430791615,0.02218106886043547,1223884,0.09185457172536873,0.003416316101998218
8,762,92,3.9251448607077815,0.01804256703058582,7212,0.0005686402921227866,0.004530584930342196
8,763,93,4.186954952785873,0.01508993502153888,8730,0.0006710761932837803,0.0065904593419233715
8,764,114,4.504356754015969,0.014090980857348168,4142,0.00031918053057328736,0.0030524906750226677
8,765,3,2.11730687022423,0.017734856647696806,1226571,0.09086427929314424,0.004679156541094631
8,766,3,2.1134858326323616,0.020422871050434388,1181352,0.08975812416589136,0.005339757201526463
8,767,97,4.220052705221581,0.017013693445392164,5936,0.0004600188517833364,0.004678425430655608
8,768,119,4.447174755891023,0.016717829986689414,4332,0.00032700020788517374,0.003920921589889215
8,769,100,4.341984086967173,0.011551606895828459,4826,0.0003774352531565232,0.0029713123069504688
8,770,92,4.050503040274105,0.012690207811973386,7769,0.000606424919419796,0.005032672736658306
8,771,3,2.083305194454278,0.020120525620588525,1094195,0.08908555321591605,0.011339299709229811
8,772,123,4.004908546522516,0.011205365426947278,2765,0.000211597324093558,0.007901489400986283
8,773,121,4.7337925498438524,0.016566234333131535,3286,0.0002481544738188723,0.005639210329673294
8,774,3,2.12132597294941,0.022748011638602073,1229403,0.09704209409602835,0.009967960771351314
8,775,3,2.071694821911339,0.022119047438524886,1197995,0.0958369318998159,0.007602257040875582
8,776,3,2.11919015974099,0.01965315954891289,1202442,0.0924523916415316,0.002517267653103228
8,777,96,4.207470191026455,0.019752061638982354,6744,0.0005290520906853648,0.005909753952658914
8,778,100,4.508319291347462,0.014443041162282122,6004,0.00046484112521592,0.0036754853374177943
8,779,3,2.088339273490285,0.01821855264032779,1198212,0.09493874285946101,0.003968166551208185
8,780,118,4.414297850898634,0.014767646073842067,4169,0.00032697793020538825,0.004514557846189149
8,781,94,4.0180434341614095,0.009156260755197265,7040,0.0005298801605265925,0.003755980641906409
8,782,42,3.5934328939095432,0.021782641061971475,49855,0.0038120231769174064,0.004717163149198567
8,783,114,4.587474464780433,0.01082167060517436,3596,0.00028204571932874373,0.003555348069853026
8,784,94,3.95485936638197,0.017067734110765675,7582,0.0006064245005096061,0.00843690200464442
8,785,3,2.1219830483481252,0.017778100233134753,1191069,0.09067481449281761,0.003917812015560018
8,786,112,4.269432494738125,0.01720365124795986,4896,0.00037140798750199985,0.00629053017575687
8,787,142,4.223293796845394,0.016538650311470837,1408,0.00011354571327836473,0.005915209444500358
8,788,3,2.1326623040330825,0.020580311910946558,1238223,0.09153503667247417,0.0052964747152332015
8,789,84,4.111673493903557,0.010913504228408422,9153,0.0007410428179932288,0.004467851738552797
8,790,154,4.852836038649559,0.017931128525845108,1542,0.00011879777575432929,0.006750512166587508
8,791,41,3.5613098856745484,0.021363685050909353,47872,0.0036662221484634635,0.004760483094132573
8,792,3,2.091461514297189,0.01924149104383588,1202265,0.09398318150030698,0.0030362355017048426
8,793,88,4.113641072492453,0.014461016045702713,7813,0.0006067025842672461,0.0030712718148309115
8,794,3,2.1046979739679257,0.019744468604277032,1173989,0.09251513984259355,0.0039210893994808815
8,795,91,4.429419523345274,0.011443893225208446,7345,0.0005756058927937355,0.004941998874596454
8,796,3,2.11665269251375,0.020953798100237786,1174793,0.09188693303398726,0.009214807439313522
8,797,3,2.1270271452066996,0.01626244032632329,1174434,0.0928711734451804,0.004863625368101143
8,798,3,2.1255767006592023,0.02028286986446992,1236398,0.09571035170592133,0.002803189276949225
8,799,41,3.31055641341344,0.01938897143203322,49407,0.003771843725186369,0.005869265292204551
8,800,3,2.1427940579709204,0.01867055281029384,1222552,0.0920120043275789,0.006790397102497736
8,801,3,2.0947291436798654,0.022064964775252105,1174316,0.09264861446330651,0.007219755265938266
8,802,96,4.155580857341459,0.015389189664733682,7118,0.0005478036827984257,0.007846910027248966
8,803,3,2.1100107064702915,0.017659274036965544,1214284,0.09226727300606831,0.010673665904962604
8,804,94,4.221636334182724,0.01209248308401692,7585,0.0005942883755156637,0.0058281093499916725
8,805,70,3.94280741223054,0.009618904556780772,16559,0.0012498748917426738,0.004227771765107136
8,806,3,2.1034112113765735,0.018732788337413098,1219394,0.09544764020712099,0.006945271606010717
8,807,114,4.736598377855384,0.018848640217450918,3531,0.0002802206370476125,0.004887114741774057
8,808,3,2.1127311271160116,0.018216563229568106,1205139,0.09062263200483847,0.004640999390592149
8,809,94,4.127008200785773,0.012480287248949673,7911,0.0006298249459243017,0.004158971167984027
8,810,98,4.054667965659525,0.00968048840567759,5861,0.0004520819720801394,0.004171029139384608
8,811,3,2.1113694409968,0.018914993993607188,1162970,0.09255801619257913,0.00464767405881783
8,812,3,2.1063433329318775,0.019728929415384733,1216946,0.09325704767577722,0.0028698779647573502
8,813,119,4.605322071899188,0.015072477544905705,3080,0.0002535447281712395,0.005135900211494904
8,814,138,4.267854175427896,0.01161208157249033,2674,0.00020228713061984136,0.0024433252941831185
8,815,3,2.1064318837770575,0.020243059801593133,1288661,0.09483570231064795,0.0049413644196145134
8,816,96,4.2276174668873985,0.019748919652353203,6341,0.0005089547052786253,0.008003769138582806
8,817,3,2.0956037165383337,0.019591300389746324,1217211,0.09421055373122511,0.003849300635025421
8,818,88,4.188981188792835,0.013053980539501131,6921,0.0005345770391862503,0.004594186022871649
8,819,127,4.359311479795293,0.018815656996220342,3171,0.000245739945760521,0.004677839560658925
8,820,3,2.113431323176932,0.01818968211650218,1246721,0.09616857194274599,0.0037997650241928804
8,821,3,2.1164215316127333,0.018417767463883128,1222436,0.09252813418848692,0.005586277167982767
8,822,91,4.38785022643023,0.01901841465424725,9007,0.0007092742550218539,0.0057204848406785525
8,823,86,3.967525409977989,0.016740275750741773,11300,0.0008787490408609749,0.005605996888593867
8,824,3,2.103792989276527,0.02211047045930048,1211831,0.09189315763823186,0.0040548023116719345
8,825,3,2.1152618572407405,0.019523190195255613,1166071,0.09024437943701925,0.003084365452602378
8,826,96,4.313425269343061,0.01842190479074504,5921,0.0004599494420714613,0.008351973844119842
8,827,109,4.3025411358093,0.010806526972562791,4305,0.00032600857815277557,0.0038431019911278064
8,828,3,2.1159579408391243,0.021588448675302963,1179114,0.09118158282264856,0.0078021683117353025
8,829,90,4.218400007931612,0.020133287812815315,9495,0.0007567988151376023,0.003094415755414026
8,830,144,5.0435507936222805,0.022817814363207622,1872,0.00014574707012964403,0.011707739097278402
8,831,117,4.77477350823838,0.009779183161405025,3121,0.00024258678190406763,0.0062048385649871585
8,832,115,4.377600512939961,0.010660669391276523,4270,0.0003410197753134906,0.005565785220919384
8,833,3,2.122872118128772,0.017493871603840527,1245616,0.09604187791534745,0.002756194375751364
8,834,3,2.1180359932684643,0.0191922257846453,1191259,0.09244370657312663,0.0032605546184394374
8,835,3,2.1163119601032867,0.01727528903440012,1158419,0.09063358991304749,0.004223857159947997
8,836,42,3.4451843004650406,0.021300566862905823,49934,0.003809664481123377,0.005885234812440354
8,837,3,2.107907733688859,0.019590999837083678,1205484,0.09335078072644366,0.004246317229699592
8,838,85,3.9625466822942568,0.019328466382036114,11281,0.0008901790782113184,0.0037634247371507445
8,839,104,4.051943173455499,0.011598145111644476,4736,0.00037757774944527324,0.0063917295626033654
8,840,116,4.334971228283429,0.015502117667774207,3756,0.0002797221337436719,0.005337083130670772
8,841,97,4.326402930879457,0.013446795559306834,6855,0.0005209040188561936,0.005295422324238019
8,842,122,4.0974098530481635,0.011632441731358134,3317,0.000268650452230961,0.005107103715003114
8,843,100,4.378533842406099,0.011713847242760478,6555,0.0005192813399755926,0.0024214506415619064
8,844,3,2.118220142510479,0.0214187456129894,1182717,0.09253342582109424,0.006635397125248077
8,845,98,4.487572557908506,0.008329749649510054,5277,0.00040028396874462616,0.00824047409106099
8,846,98,3.83621799607659,0.019031505670249693,6296,0.0004650045315046109,0.003770913764371997
8,847,90,4.268330126159332,0.02121158711092752,8536,0.0006978539356394888,0.0060726191482366465
8,848,3,2.103110296585503,0.020138290368432066,1193565,0.09222317054570119,0.0036017044578330326
8,849,113,4.5963559949858785,0.01672323094868927,4026,0.00031907045092992076,0.010690686121031245
8,850,103,4.220144132099911,0.014953659245441786,5445,0.00040701710951922195,0.0034534326563169238
8,851,3,2.057726934340322,0.02340588663092713,1207393,0.09487441796360162,0.005174400878031893
8,852,3,2.1147320964356995,0.017818190124055167,1170042,0.09244511150020941,0.0037385470652449015
8,853,3,2.092211277452011,0.019316923977910405,1218977,0.09171050082477057,0.001913980568277296
8,854,115,4.268555751990207,0.009098247437760887,4624,0.00035335462223609284,0.005551333409668513
8,855,3,2.080938078334505,0.01849651317145584,1204227,0.09467166602358673,0.004818147150701058
8,856,93,4.324767718676717,0.015619903919652067,7780,0.0006087176822158826,0.00337208834582603
8,857,3,2.1265055900542444,0.01718462086600414,1227670,0.09233765977844137,0.0025800346119501105
8,858,3,2.1074322843251867,0.021078922510810782,1214531,0.09000582188298786,0.0023141697523735294
8,859,135,4.532451469872822,0.018641475018344233,2508,0.00018940050435813734,0.003603166053727347
8,860,93,4.1961763267181205,0.013115420781338094,7092,0.0005640830385591162,0.006319261596519077
8,861,3,2.1211247965245272,0.018706013552879153,1189645,0.09083995142048502,0.001684761864760076
8,862,3,2.1251338640420365,0.020722731978209508,1236233,0.09401581221310523,0.00700476211489498
8,863,90,4.102959575452765,0.021816596549825373,9866,0.0007982914330124174,0.004377750236626343
8,864,83,4.036305221318026,0.0137204590194685,8928,0.0006975925400103857,0.0034978721209455443
8,865,3,2.125286163877918,0.01802512610837559,1216584,0.09045783000663832,0.004229389073303891
8,866,86,4.14390369880916,0.016779243144884215,9409,0.0007317305719661567,0.0030547895450467877
8,867,111,4.4161619981526306,0.014262723391790383,4204,0.00032251429814667053,0.004083021606324566
8,868,115,4.40729453182483,0.01963524672693895,4142,0.00032235472421277,0.003844690694221997
8,869,84,3.91419295591726,0.018901537483864222,11786,0.0009344582881241103,0.008391106814458982
8,870,3,2.109785094529799,0.018431350988473705,1257703,0.09476718650479904,0.0037164499206944757
8,871,118,4.218892773017688,0.010318931174774892,3984,0.00030624099782910184,0.008409069008941672
8,872,3,2.11813054146965,0.018337441364228768,1206804,0.09120572771280781,0.004176967659183961
8,873,90,4.1188000803209945,0.015357405894882326,8473,0.00063350276335954,0.0025330276612053337
8,874,90,4.274344769792069,0.01632672815841163,8395,0.0006732476254488084,0.005821547137393135
8,875,42,3.4374665939732116,0.01717072119331542,46505,0.0033586129047867004,0.006475849567720959
8,876,3,2.0822045573317207,0.02300294802379943,1177975,0.09263309822533078,0.006895793510550363
8,877,3,2.11050974033494,0.022486292223726223,1224563,0.0936946191526892,0.005055708499686451
8,878,111,4.328774490991903,0.02068478553069697,3526,0.0002695640134641338,0.005348284605973697
8,879,3,2.11213172028421,0.02123873019132072,1199517,0.0921970007153525,0.00462589958234938
8,880,96,4.68628542882476,0.018152137441169613,6438,0.000499175523000338,0.0056108390246678574
8,881,3,2.115853697373639,0.018075224973555293,1195023,0.09258226570087533,0.0051573445542951735
8,882,3,2.122631919302282,0.01701776641431496,1196083,0.09038562436300882,0.005178189760689289
8,883,3,2.132809916260715,0.018705490885750353,1187866,0.09399109199426811,0.0023580730527434923
8,884,3,2.0991221181639466,0.01880949032749335,1135581,0.09199807510493352,0.005809719039288175
8,885,3,2.131202797987825,0.015505165232552187,1189238,0.09283081297507238,0.007227355776399991
8,886,89,4.048886101731344,0.02158691940478874,9218,0.0007313569241561924,0.00796243062146651
8,887,3,2.0906700589594323,0.018427076763507855,1169053,0.09492385040776836,0.005133805338143005
8,888,84,4.225257346889836,0.0068844993992632775,8812,0.000677820031704932,0.0036952401154291548
8,889,95,4.528444790726308,0.0096690405282861,8356,0.0006825348671907711,0.006722428258293056
8,890,89,4.118692935150826,0.014705105606954039,10615,0.0008433167524733849,0.005146571286946289
8,891,116,4.050444742187647,0.01114022941990056,3834,0.00029077589687754923,0.0035922762044583445
8,892,94,4.615438668126012,0.009991297047924452,6471,0.0004954988170741036,0.0033656002967807908
8,893,158,5.959154939841807,0.01911360766486303,1496,0.00011479964660739802,0.004532861538838584
8,894,88,4.26367757263187,0.014205356187315527,7926,0.0006043051596193625,0.0031090034618859175
8,895,3,2.1251339176917448,0.01787600317707172,1271297,0.0925864197184705,0.0016871928350425947
8,896,3,2.1095612156785455,0.021766853443877743,1185705,0.09215277041598442,0.0025089953077290783
8,897,99,4.330664267493639,0.008541190285902583,5775,0.000436219200941599,0.0033852396040842114
8,898,115,4.162031604835996,0.01797264197573556,4022,0.00030716321104235704,0.0044333032975168996
8,899,96,4.321277742084475,0.018444766195699902,6680,0.0004919675616622052,0.004693842808632498
8,900,129,4.351526144851568,0.014922894774366313,3261,0.00024295519342988362,0.004485272058949108
8,901,93,4.366966870317509,0.012048772941829156,6669,0.0005704293821853767,0.008126450004502073
8,902,131,4.4346901381975385,0.014799180247825894,2964,0.00022712243385748757,0.0064227119521532705
8,903,3,2.0915048508368,0.02093913831762495,1170051,0.09085478512848093,0.005183903164766135
8,904,3,2.095605068956156,0.02223503124010573,1168522,0.09090567498235017,0.005089640883380986
8,905,91,4.01633587514105,0.016470465853581945,8177,0.000638504483040159,0.003136606372043216
8,906,3,2.117252734048699,0.020212855843391497,1176548,0.09227194935813812,0.004704691669539129
8,907,82,4.203997872130565,0.009991008015646452,8380,0.0006643298849750063,0.005089159098717322
8,908,3,2.110264287303116,0.021070451095544507,1194332,0.09373689794512689,0.0031255359174247044
8,909,146,4.784673420121105,0.022482639031324192,2319,0.00017483042052332724,0.010455045795134343
8,910,3,2.1035982991847355,0.021266273682809755,1200113,0.09177797968731587,0.004214199849812306
8,911,94,4.258115857327589,0.017111165309165816,7997,0.0006069489238477571,0.003620325667449409
8,912,3,2.112095024633564,0.020741274617656513,1175058,0.09090646055411368,0.0036494502413897956
8,913,112,4.150840344216251,0.015798247224559026,4600,0.0003582850018549038,0.0030750647905267714
8,914,3,2.1156941724015983,0.021999270727675824,1201480,0.09248462008663909,0.0057605053926571
8,915,3,2.0926131348774133,0.0189058214327954,1185650,0.09117654228622152,0.005281936375221119
8,916,3,2.087556424391707,0.020855661000439785,1218369,0.09343272546068973,0.004804643355417748
8,917,88,4.434000959617478,0.012344308618564948,7116,0.0005648155622403175,0.006660528417227196
8,918,93,4.1257864906572665,0.013006537232398085,8084,0.000642326537867112,0.0027405114519194473
8,919,42,3.591050319355156,0.015825865475638246,44884,0.003382411865239177,0.007644518910949194
8,920,86,4.004410297234628,0.00873656872609585,9203,0.0007105335772860258,0.004681295695036614
8,921,3,2.0946692471869044,0.022198493258392293,1156666,0.09031066940232677,0.004559425091720137
8,922,93,4.264360647716494,0.01132130691199873,7607,0.0005788363373166283,0.0025613667739242674
8,923,118,4.536491548706328,0.019742135762097435,3663,0.000284624009585372,0.005247505183589518
8,924,92,4.376879215004925,0.010823496787768505,8988,0.0007355570211773807,0.0061829323431462635
8,925,100,4.4524561818474355,0.010298951546739099,5780,0.00043074156333402613,0.006526917013851663
8,926,3,2.1312689702320764,0.01897792129324949,1217607,0.09313209797354714,0.0031346333306531138
8,927,93,4.51460439489447,0.010552667010736594,7125,0.0005628058109048306,0.004853227134142157
8,928,3,2.1103932017163114,0.01873134092291917,1193992,0.09149566607260498,0.00442316458688119
8,929,83,4.090348947314877,0.01505901465000059,10198,0.0008088371526394201,0.005227166269861527
8,930,3,2.1072414985422565,0.017622950084205224,1210258,0.09145259922777565,0.0033514830581825583
8,931,93,4.2405922829065945,0.01764306623069123,7625,0.000590714174599151,0.0033682980752527403
8,932,3,2.1063221174482227,0.017960146388069864,1196636,0.09231992466501088,0.007571674721995936
8,933,155,4.912946364004921,0.019929996423263763,1538,0.00011805144801844734,0.003926734061102666
8,934,3,2.1220563391305394,0.0193664855283342,1263797,0.09356261336294651,0.005845860808007419
8,935,3,2.0923954564123517,0.02000343114042591,1200180,0.0937289727158395,0.0034003089412311116
8,936,3,2.1133821730531626,0.02220426626390326,1251815,0.0914136797713035,0.003737571589251143
8,937,93,4.473151297969355,0.008685658831700471,8239,0.0006462470685922356,0.009288906554247855
8,938,3,2.1296286182492765,0.020980000221753614,1190025,0.09431737844409713,0.0024887145620138273
8,939,3,2.09399376404798,0.023491755438837747,1138657,0.08933235527172591,0.006337213506551698
8,940,95,4.563497037311297,0.014786625700522471,6698,0.0005014729363711103,0.005728411981084758
8,941,3,2.120892983756391,0.022799652215992117,1217443,0.09144174824078119,0.006300875861584565
8,942,3,2.1243735296464146,0.018081331212890794,1248367,0.09047430545872208,0.00417673082325376
8,943,3,2.0987856735231842,0.019481941495508193,1197312,0.09439746081023005,0.005405091567197706
8,944,101,4.192602775297509,0.015956994785891965,6125,0.0004621846203068453,0.003070720803101834
8,945,96,4.15457943718259,0.01081753003217456,6571,0.0005169006289023205,0.003569256577477642
8,946,3,2.095262177106118,0.017389358853629577,1184120,0.09170600176640077,0.004537718322905837
8,947,115,4.295026655593074,0.012664132679511442,4685,0.00036292070527306356,0.0052660409506576356
8,948,3,2.1205940728747454,0.019040701916884895,1155401,0.09146262736896035,0.003400085609971071
8,949,3,2.1410930417031904,0.01300457075819339,1150221,0.0918052866332682,0.007795202161950399
8,950,88,3.8765606954413703,0.01022583040816244,8369,0.0006427378343106496,0.0023314274257032475
8,951,104,4.281889497201093,0.010488749072907644,4027,0.00031507142231783814,0.005361316067932109
8,952,3,2.1244784131288603,0.017137070962499723,1228575,0.09087762006153559,0.005798224698131738
8,953,3,2.114597924408827,0.01897383622248361,1228396,0.09311346235244607,0.004010289265088063
8,954,3,2.121642554663396,0.020324411673304787,1207053,0.09409543914408872,0.005074849492700151
8,955,3,2.1283261961900295,0.018801261517129464,1165717,0.08924132202617795,0.004787195505388753
8,956,3,2.105575006509772,0.01916912951956906,1168032,0.09359128778724847,0.0033478415419619934
8,957,3,2.1048848949989036,0.019084970263552825,1244097,0.09510214006703872,0.0037688647247441365
8,958,3,2.087327994610901,0.018111368592419685,1157281,0.09191479621393459,0.003140679601669083
8,959,41,3.541516108827436,0.022678132203932,50910,0.00371764069802264,0.004903398301631556
8,960,94,4.155934509854629,0.0127029639905476,7166,0.0005654474223062144,0.003477409972930001
8,961,3,2.1018839928237285,0.019349355716623107,1191190,0.09104645525398329,0.004612526740599587
8,962,3,2.1200585326283563,0.01875264043403424,1215626,0.09362420190848808,0.0067527886045889995
8,963,42,3.4708565459500202,0.019040343773262025,44662,0.0034874164640695455,0.004302650897732629
8,964,95,4.144286470311194,0.021116528903628085,6637,0.0005110092976436289,0.004860480027980896
8,965,91,4.020243675320071,0.011049352711402505,5836,0.000443374281890926,0.006296086524178568
8,966,3,2.1194826546505623,0.019190691678597882,1125009,0.09214471371235058,0.0030757326206992674
8,967,3,2.1129479703762377,0.020104127891810375,1200132,0.09205113860103488,0.00494064142579409
8,968,3,2.1229354270207033,0.01903924372512744,1168177,0.09041668034063348,0.0033987011799391786
8,969,3,2.1178185210846694,0.019588938544113477,1233347,0.0928154698896657,0.004343976517986792
8,970,3,2.119098759295289,0.021219129342973986,1208261,0.0924824702059135,0.003305441188751257
8,971,3,2.120694532321482,0.021593147049260297,1194227,0.09230600968719699,0.0057970571594271325
8,972,59,3.7257331885186793,0.018304671329298472,19534,0.00148562520339505,0.003376354466836873
8,973,86,4.031360105693367,0.01878782394701517,9796,0.0007553655164075322,0.006676598616508933
8,974,3,2.1154291878316114,0.02357619090619456,1176164,0.09061472516634074,0.004963174217904043
8,975,97,4.607238953222326,0.014491959795809972,6876,0.0005471177295346261,0.002110988285840887
8,976,3,2.0999197527904068,0.022004583310381465,1142547,0.0933169820936774,0.004683510525227419
8,977,3,2.1178487861205073,0.016959506240008637,1216588,0.09016333910317201,0.004189548794024001
8,978,100,4.728043279150174,0.012137798153124962,5939,0.00047424897536189133,0.003415374562455553
8,979,129,4.430514219738431,0.020390723994605342,3847,0.00029470707021183364,0.01045663862026408
8,980,114,4.639806584497991,0.022388565987638845,4154,0.0003371597529302421,0.005257752496495072
8,981,88,4.170174064481792,0.014285579935847448,9144,0.0007261368858558716,0.005377074287325201
8,982,118,4.684094312043738,0.020913103867069682,4006,0.00032202996888383415,0.0032787250653385502
8,983,3,2.1270992881180266,0.021692010901811387,1215683,0.09381156783723771,0.00819989167592372
8,984,91,4.291725700654999,0.02043221339975143,8737,0.0007061505331569883,0.003386027732842134
8,985,88,4.274647977743889,0.01668996257057187,8453,0.0006863063573175741,0.007356747119025009
8,986,3,2.1184181883647097,0.018309638961776065,1178519,0.09081002002488547,0.00453298024990767
8,987,3,2.113086036850595,0.019816637412462756,1216073,0.09338904392638651,0.003954124950844795
8,988,3,2.1278975962639075,0.015967667682296516,1202073,0.09515572016196389,0.006042472570585211
8,989,114,4.503713613121609,0.012193738484265748,3534,0.00027093803208676025,0.006217822973696663
8,990,3,2.104284043483419,0.020453124598999728,1185887,0.09154285011162576,0.008357504879537014
8,991,3,2.0922680678436913,0.02193250167932026,1153710,0.09271387894727706,0.0038401499113870363
8,992,83,3.863208041102221,0.015861859848070203,9761,0.0007521976215266151,0.0035642705106074812
8,993,3,2.1113884626132045,0.01771466313108261,1197391,0.09164374088980205,0.00502807707575853
8,994,3,2.091999448379184,0.0208592619897795,1196968,0.09389615529286068,0.004508342454698888
8,995,3,2.1006208391753436,0.020050974330211635,1207341,0.09363532524548483,0.0046639127870345964
8,996,98,4.386455125928819,0.007841830088362312,7158,0.0005658608959290269,0.0046917142139211165
8,997,127,4.609543737765826,0.012753429720920861,3080,0.00023872132796024328,0.002797388348077856
8,998,3,2.1395993705939365,0.01743117019342022,1228620,0.09102402584726127,0.008063996567462317
16,0,3,2.2517498975238497,0.011638017177914461,1210464,0.06244879613919278,0.0034662215732607082
16,1,4,2.217257713987121,0.016517055020585314,746781,0.04031718576723942,0.004813666312627141
16,2,3,2.288223889496788,0.011698411214979998,1186875,0.06179611009009228,0.0032784611724978596
16,3,4,2.236541137427749,0.012490329712871673,761077,0.03996780212929636,0.004421530735544299
16,4,3,2.2692571414281164,0.011883868270077813,1202017,0.06350809082690909,0.004649647624518083
16,5,4,2.227940251850875,0.015870307332642275,724148,0.039571700934275054,0.0024470968801647563
16,6,3,2.283657245216773,0.013965258025439797,1244972,0.06241835921154765,0.004699472624925538
16,7,3,2.2684936159539246,0.012640898772311338,1181730,0.06250015536053614,0.005442574091440444
16,8,3,2.275633222727718,0.013293667461366954,1196849,0.06163439610549185,0.0029375316640182225
16,9,4,2.2002711494663383,0.01954878392173587,756493,0.04071019251659554,0.008718604838718447
16,10,4,2.2486628179433814,0.011739313157761222,700275,0.039959403494310104,0.002935761571757789
16,11,4,2.236463243917098,0.016629976941122893,742435,0.03937359061361728,0.0032113744107681863
16,12,4,2.2323748957929426,0.012785325825012683,759748,0.040846240635984764,0.005870671945019668
16,13,4,2.2446673461278017,0.014345791345132142,780960,0.04047364152540893,0.0016203137333141715
16,14,3,2.25844972326292,0.013353458275467966,1201808,0.06306445340489895,0.0070565494766460235
16,15,3,2.260601729098813,0.015378582684074438,1144318,0.061961775443618326,0.0032152566317370512
16,16,3,2.277620149833506,0.011567240274558077,1218273,0.06291695738150584,0.004272178242988978
16,17,3,2.2630387691550995,0.012024899945008882,1172304,0.06304821792719915,0.0061349984530669754
16,18,3,2.2794648230232712,0.011147271608573983,1192527,0.06384214360843259,0.004386037737267756
16,19,23,2.8707019525024386,0.01691439903467562,71215,0.00384650077264893,0.010619133332058439
16,20,4,2.2494064159852383,0.011105410697551,778858,0.04074095733701614,0.004375366435731665
16,21,3,2.2692894359380245,0.016460886799514685,1154516,0.06172366657342753,0.003964473592647955
16,22,3,2.2391994405187687,0.012606416196133008,1137861,0.06346958779945422,0.002869918919562564
16,23,3,2.2380226528582647,0.014896288701408134,1172625,0.06236314145686255,0.0023319854628646164
16,24,3,2.253237643137201,0.013301810005691417,1161879,0.06300121889146758,0.0039126949269769895
16,25,3,2.2388665179578306,0.014748572565896012,1222746,0.06405487798808929,0.011106361097949602
16,26,3,2.262545652962368,0.012860938925904564,1179926,0.06323149494630774,0.0056189544314417805
16,27,3,2.274740287973124,0.015240849323975847,1228702,0.06214365574847858,0.0019725626452365974
16,28,3,2.2764887574668324,0.013241387729707843,1202864,0.062451251494807056,0.00475913099891534
16,29,3,2.267641181518006,0.013705569841244936,1229195,0.06405097043972119,0.00452781785140699
16,30,4,2.236390279302161,0.01516192506885794,773578,0.04000184088163752,0.005126293019882655
16,31,3,2.2443818021102877,0.017418352926003966,1145542,0.06155150089349837,0.005394628774920807
16,32,3,2.2645425946692157,0.014128192149073515,1172204,0.062066720490822076,0.00207221644960498
16,33,4,2.212139024754545,0.014560668968063184,755734,0.03998985932002518,0.004773343756271808
16,34,3,2.2524858765872016,0.016243782276176733,1152000,0.062276794185250325,0.0027670908589843
16,35,3,2.2595357801089095,0.012939590485177677,1185723,0.06390052169234314,0.005533700892373095
16,36,188,6.8380451481083036,0.014560592405136796,1068,5.6470035851599074e-05,0.005072845124081127
16,37,4,2.248562866103011,0.012450108435195228,746899,0.03975263597745577,0.003095524358423085
16,38,3,2.226534036861151,0.01766022033115633,1118646,0.0630970558757126,0.0055591679425397444
16,39,3,2.2670027286856285,0.011546565404602582,1191887,0.06384907005887368,0.0026806039987849473
16,40,3,2.2366755479401554,0.01961201799612733,1196986,0.06340028329717745,0.007446236808061224
16,41,4,2.211114785132324,0.014143798404589347,741039,0.03942129184594608,0.006215754722673661
16,42,4,2.2197649557018253,0.01781680795939622,748583,0.03944162541122622,0.003870307310799459
16,43,4,2.211371425314892,0.019339242962682524,714288,0.03766114011038912,0.011865951641517658
16,44,4,2.239285868754725,0.013276282612605494,743556,0.03993077968870193,0.0023379748140912593
16,45,3,2.2341761581451505,0.020104517100792252,1139919,0.06047077295573973,0.007895904928423847
16,46,3,2.2692653393527364,0.012946431556591309,1160791,0.06102850654810248,0.0031978742228983004
16,47,3,2.269033672663776,0.014538375768905987,1156699,0.06201043837027185,0.0040254350006639905
16,48,4,2.2266487676001563,0.01482239858837342,783547,0.041195752365445974,0.0018163321281198241
16,49,4,2.2252170703896335,0.016519401700904934,773366,0.04022067737427625,0.002784442481920779
16,50,3,2.254267003009615,0.01374684855591135,1143988,0.06322554352016217,0.002613071048501725
16,51,3,2.2667596808646926,0.014629349791945967,1217244,0.06284422516418571,0.003569252924780497
16,52,3,2.2541356385649114,0.013853239479807766,1195450,0.06322040830616055,0.003050092278059857
16,53,4,2.2259067367905496,0.013257590421511423,774087,0.040797208013758184,0.0028555709519936245
16,54,3,2.252649321421838,0.015580238670085289,1126027,0.06071588349278779,0.0030697885511514755
16,55,3,2.274189268999625,0.01116555452116974,1198355,0.06402089732524814,0.004810274906501988
16,56,3,2.242326583099523,0.012448092679904543,1228731,0.06369399578324973,0.00408716001631082
16,57,3,2.2614885454568157,0.013251168602175456,1193959,0.06260418002644147,0.0019301318484710173
16,58,3,2.252115700969943,0.011173654833355529,1196564,0.06290925962679692,0.004063137254644911
16,59,3,2.2652719234556593,0.01330769369560958,1213713,0.06262228163286535,0.0023863243816421575
16,60,4,2.247915672704778,0.014538232518497507,768294,0.03934562335031188,0.0025731195557540665
16,61,3,2.2691089628017327,0.013959798176496396,1167676,0.06287244965456594,0.0029357777137000163
16,62,3,2.264639436438473,0.010278868686526998,1192824,0.06334752764534468,0.005841068899011259
16,63,3,2.239430215875358,0.01653465296059753,1172291,0.06137058964538332,0.002897910294057282
16,64,4,2.2354593357452317,0.015189219500147066,687582,0.03738272737948702,0.012713152108427495
16,65,3,2.2931506176112406,0.013049954495118476,1191149,0.06291433892484341,0.0020011577091777477
16,66,4,2.2347114824361105,0.014932260969725553,766998,0.04009627732016904,0.00467610226850157
16,67,3,2.2861155329309315,0.014561576024935241,1206866,0.06197237717464651,0.0027625961046586767
16,68,3,2.270535991737023,0.011491420252482287,1214864,0.06383500372070998,0.004192212505960358
16,69,3,2.239535827969579,0.018331245201415935,1135464,0.06152244348126965,0.005475986946783196
16,70,3,2.2958942531854007,0.012133142281651299,1233326,0.0633779156798067,0.003842997854873742
16,71,3,2.2475314343870316,0.014924333383503519,1192830,0.06351133791031549,0.00510513070334051
16,72,3,2.2603381293414375,0.013886818318847971,1194119,0.062109151833733,0.004116748070602472
16,73,4,2.230930909721204,0.012124937413291681,720624,0.03925291648552879,0.0028978665360419598
16,74,3,2.2733698504552846,0.009903077756470813,1229623,0.06347624651367265,0.007176173901508487
16,75,3,2.255911297926668,0.013475304719199499,1242405,0.06343771170923505,0.0028755016263445343
16,76,180,7.167227757361046,0.012646736266762049,1500,8.08952232125715e-05,0.0033488317269291246
16,77,4,2.249304176111201,0.016468736818996965,765823,0.03933694025839248,0.002320474004994022
16,78,4,2.242327516787219,0.01088463350815605,761632,0.03954955489666633,0.003266008128774811
16,79,3,2.2733321476177153,0.01323555617053418,1208292,0.06321611705130412,0.003484384241092764
16,80,4,2.2047917372911923,0.016557539866666526,749921,0.04065351721139535,0.004512845746983629
16,81,3,2.2686306845948154,0.012697949736311442,1218861,0.06275300996522294,0.002595626912955118
16,82,3,2.2496524698041855,0.018222016165267974,1098755,0.06104220896068328,0.007546360232479121
16,83,3,2.265855472459849,0.011982780407291949,1199372,0.0626787148065485,0.0039060745995330715
16,84,3,2.2687900491215194,0.013689301024911393,1171899,0.06311755985441854,0.004371906856232455
16,85,4,2.1978799997155125,0.016224772703841095,707642,0.03943488856543599,0.014804236185027242
16,86,3,2.261985362207261,0.014443375102640488,1163050,0.06280539701429606,0.0037443914179638993
16,87,3,2.2543124859945696,0.013680659266927075,1197387,0.06210439720399587,0.0018215422855579755
16,88,3,2.2809718639016707,0.018450707833316815,1187597,0.06201775991347989,0.005309581108452477
16,89,3,2.2691090296400085,0.013773304635986139,1170778,0.06125822937473103,0.005830934896992712
16,90,4,2.2471926943215887,0.013044158011670026,780123,0.04020915773807606,0.001983636070441497
16,91,3,2.2600648183494663,0.01354333105551131,1216967,0.06431488703816947,0.005106583937259546
16,92,3,2.266878882648214,0.017421211767540745,1166821,0.06251898763070053,0.008456282980341068
16,93,3,2.2875210461297657,0.013049404498217898,1168841,0.0622760003437634,0.004866017168898007
16,94,4,2.200843002178063,0.015270845475844341,741840,0.03950986548303239,0.007845462500656153
16,95,3,2.2779761163454983,0.013497475421858529,1204200,0.0626286658403899,0.00273146825199988
16,96,3,2.259141053958589,0.017780138522132838,1174213,0.06215141774537245,0.004892522011117673
16,97,4,2.226625774691375,0.015349710558509977,779213,0.040158383837550916,0.003107725317287535
16,98,4,2.2450974026412105,0.011290425260433001,754675,0.03915533738341018,0.003273521795098322
16,99,3,2.264815184303375,0.017056625488765298,1179684,0.06073224716017422,0.0058660741439005015
16,100,4,2.2342809864120077,0.012772458991462954,754676,0.040509950992511944,0.0019874254543471026
16,101,4,2.1978540449571873,0.01468590726103447,767798,0.04074716419589683,0.004678071809153195
16,102,3,2.277240006061718,0.013982205820019189,1211946,0.06418949158492293,0.007495880550073775
16,103,4,2.221922791211443,0.013979221393422114,721696,0.03968814633827115,0.005814400852917678
16,104,3,2.2570049209262617,0.016182409597631342,1208751,0.062100179850192144,0.003818203188498126
16,105,3,2.23746198587779,0.014959372196237164,1194736,0.06193896559497046,0.002443415506876323
16,106,3,2.247706432828301,0.017620917011014037,1159794,0.060955242653628054,0.005003103468190995
16,107,3,2.2712531608485196,0.01571813742763828,1132304,0.06146800360956995,0.004470988227039285
16,108,3,2.2478321195555884,0.019800575117164487,1177748,0.06232383333581165,0.007616811910989618
16,109,4,2.212522518006369,0.014512946835745666,774970,0.040927135313357406,0.0024561140679965066
16,110,4,2.238186971570935,0.012297745817374306,740151,0.039117550683888974,0.007016071233867716
16,111,3,2.266775439510153,0.017933000677394895,1127785,0.06055168808733046,0.003705831274007365
16,112,3,2.2695538279963303,0.011576874969275619,1166855,0.06272094141050104,0.005446786114143953
16,113,3,2.254985770330392,0.015448268238731133,1198421,0.06319391332629973,0.005509406258937144
16,114,3,2.2517912687759782,0.01701162284215063,1136217,0.062220536796062674,0.004007014898105732
16,115,188,7.609166298092079,0.012086154996173937,1283,6.869250482855304e-05,0.005890005429909917
16,116,119,4.830153840280934,0.014792896753269558,2907,0.00015253932321550374,0.0059826046826894075
16,117,3,2.2680781480450096,0.015134364598119732,1231160,0.06349285261892545,0.0019724081468079913
16,118,3,2.292302298533102,0.01418685757542204,1123152,0.061912609197160566,0.003506139546902376
16,119,3,2.249338935791031,0.011404146276234983,1220817,0.06348466025415352,0.003330824041951397
16,120,3,2.264352221005657,0.013211249951472492,1194833,0.06363042670989667,0.0022732023510987354
16,121,3,2.2666545653875567,0.014270767523039796,1159187,0.06220956669574142,0.005548307051822854
16,122,3,2.2535075527657313,0.015577280317438214,1146120,0.06393432746567655,0.004464995493359991
16,123,4,2.2583462799169722,0.01218563049410415,741489,0.03974397958217229,0.004522269308281257
16,124,3,2.2717940500693183,0.014584804062652612,1157850,0.06194036809221259,0.005056466238024471
16,125,4,2.230431806005429,0.013241287850014771,748338,0.040241633278866755,0.005746877632941461
16,126,3,2.280076098457901,0.01242097228112582,1105130,0.06264782154647881,0.006667130829401291
16,127,3,2.292360468379715,0.013696866935861918,1186798,0.0619198235021187,0.00091028174312624
16,128,3,2.2725282938129814,0.016732799610431837,1170570,0.06270246180159299,0.0043385482127257236
16,129,3,2.2474506611260905,0.01447941926336338,1216533,0.06215824113657233,0.007147178167899615
16,130,3,2.260887267681744,0.013338566576686084,1194456,0.06236503177418317,0.0030696998638670703
16,131,3,2.2512596272402443,0.011650019577667758,1203675,0.0636389740002137,0.004344982127580721
16,132,3,2.248103257272174,0.014273046979858317,1183155,0.06321207785553738,0.003453121299219708
16,133,3,2.255715401296153,0.015535560410574134,1143543,0.06291332251055815,0.0051697280607191365
16,134,3,2.262172897282205,0.012722275217546208,1116841,0.06136953328831528,0.005842483997118286
16,135,3,2.2584935843333565,0.011155684986583647,1222858,0.06385671791933056,0.00542262758640466
16,136,3,2.2697073957780063,0.008750889668074469,1233327,0.06416460866298461,0.0066644083566829715
16,137,3,2.2859179141876007,0.015350330106397192,1157538,0.062329736365986044,0.003238013404074369
16,138,3,2.257519954521626,0.013292745100842107,1180401,0.062382754977403976,0.003088781776497407
16,139,3,2.263397291843304,0.016144142184119303,1176685,0.06282181105839203,0.003573829293742392
16,140,3,2.2594453972388933,0.011185768426190457,1216550,0.0629753922574148,0.003296962764893996
16,141,3,2.25764878193944,0.017314171034481685,1181686,0.0635332405852805,0.004781948368287159
16,142,3,2.268091122628308,0.014641740444111595,1163333,0.06249523227496821,0.005647568519236756
16,143,4,2.214962111714163,0.01916373576007835,744677,0.038898505717400285,0.007722075500243786
16,144,3,2.280628424998024,0.015536220725356431,1182393,0.06247484598490799,0.0030124540556263346
16,145,4,2.240593097158698,0.014505372068575828,724039,0.03914943247194802,0.003923365010975788
16,146,3,2.258045953903575,0.014290213262558082,1214130,0.06308792075176538,0.003064895283352742
16,147,4,2.2225423760853054,0.014059771827111156,762183,0.040482929308547085,0.005538356612808881
16,148,3,2.253324580017868,0.016562178988542953,1172033,0.06355195657246186,0.0067302228153718335
16,149,3,2.248977108561821,0.011138978310942904,1235786,0.06356649852233737,0.007723969233238592
16,150,3,2.265041826828537,0.01762786556153184,1160054,0.062197725084697564,0.005236475037447064
16,151,3,2.2649536453516834,0.011892042614408516,1200630,0.06289956940594449,0.002903532746470705
16,152,3,2.2591993065822034,0.01268435285789582,1173773,0.0629451218848406,0.0034829485029872487
16,153,3,2.266422353071973,0.012651015153701928,1195512,0.06434806750240987,0.007833507832792574
16,154,4,2.2241379500404026,0.013181138907283896,718072,0.03927948087579208,0.00508539290101323
16,155,3,2.2665177647112524,0.013309717105463914,1214031,0.062405545912242975,0.0021210864971432652
16,156,4,2.2010535975570873,0.01561296514164856,762790,0.04121503382913594,0.004088095849611728
16,157,4,2.2179973682630822,0.018491435733711037,725329,0.0389436047418131,0.005514418113531816
16,158,3,2.2638587972230133,0.014271243446302373,1215071,0.06270300847968642,0.005436003140878998
16,159,4,2.234212552026414,0.016257379152320506,732745,0.038457551679245826,0.004056396934700168
16,160,3,2.2780516723356365,0.01554258010258186,1195847,0.06143296967314558,0.003132382528701183
16,161,29,2.928181205300394,0.01608814714181267,59999,0.0032774291111677145,0.005739435054635922
16,162,4,2.220846167817485,0.013225188587546066,777622,0.04101958424008438,0.0031143351794414853
16,163,3,2.2764567351757043,0.015987823181859706,1169911,0.0627961675106237,0.0032602577735855176
16,164,3,2.2812106824223797,0.011462224848275193,1164401,0.06142620618856363,0.00415442846761066
16,165,3,2.25032927955999,0.014950284880747289,1204643,0.06262164806018616,0.0021553175114471523
16,166,4,2.2329261935270783,0.016302250033730203,781513,0.039736552311703484,0.0047370121277940935
16,167,4,2.2201278196510854,0.01595692696177209,753438,0.04054761599415679,0.0035983579574551117
16,168,3,2.2739640657571463,0.011233320782839229,1150452,0.06252478949109273,0.007178007767694283
16,169,4,2.2127940454923256,0.015384345180980863,775252,0.04022116838392411,0.003524863413100321
16,170,3,2.265818479785007,0.015291054627507294,1146368,0.06234388780353861,0.001962388152840777
16,171,4,2.2234959243997436,0.015079751344834524,712214,0.0396874372059791,0.007696257392709294
16,172,3,2.252751950704595,0.013345795393206905,1246303,0.06295591848614794,0.006489371059568483
16,173,3,2.293597381307311,0.00955467610313443,1229960,0.06295391633694973,0.0047317558912978175
16,174,3,2.268544227280226,0.015157428592817879,1185159,0.06151092925925761,0.0036481860436196056
16,175,3,2.24564953110921,0.01760675627793784,1166217,0.06297372702264645,0.006142277005491414
16,176,3,2.2743288511870756,0.011127457085896852,1202438,0.06315967842108315,0.005518664401725326
16,177,4,2.206451183729754,0.015555323559809375,743691,0.040634982143504035,0.004313252736544926
16,178,3,2.2506502144425844,0.012925223844762912,1176085,0.06311564499607729,0.0029925021144373565
16,179,4,2.212515475771438,0.012030034920679222,769663,0.04094932733359872,0.004772698133092335
16,180,4,2.2358206295793273,0.013190507808684249,785047,0.04124960210966735,0.002432340962523316
16,181,4,2.2271919884691025,0.013629845318069211,794671,0.04025777670379261,0.003117339423193921
16,182,3,2.2695577761036514,0.013065739757387063,1128187,0.06130318976962841,0.001780417457338146
16,183,3,2.2422712737906774,0.015925146663628098,1199975,0.06271837883829448,0.004885227892452271
16,184,4,2.2190675923498837,0.019556271753810583,727865,0.03814204163064204,0.008770243093747077
16,185,3,2.2683473258074396,0.013579764524567772,1111357,0.061328767803634394,0.0020866408923871926
16,186,3,2.258052651406938,0.012594755754667952,1190608,0.06355714897549351,0.00609717730506909
16,187,4,2.2300882280028254,0.013833564578327517,767262,0.03965631216795303,0.003173003916353667
16,188,3,2.266407374455304,0.015754476046636767,1153636,0.061661438489316246,0.0018311902888934473
16,189,3,2.2684781004859884,0.013642911668239499,1215150,0.06437917972612398,0.008497588409230983
16,190,4,2.2089615690439555,0.013330061842060426,735899,0.03918053107767318,0.010008549847691617
16,191,3,2.264722674987717,0.01327403017834794,1192654,0.0612546213019505,0.0012843481770430376
16,192,3,2.264352310179351,0.020267506316105466,1108826,0.06037975075749272,0.009827513480669015
16,193,3,2.260582318093224,0.016699464343825465,1156183,0.061245072035264796,0.003447032752170842
16,194,3,2.260265588098052,0.012757689112595116,1180290,0.06360662823003882,0.0065815421657594575
16,195,4,2.2083216219729143,0.01590905125889952,726513,0.04045881761457966,0.004436594204502264
16,196,3,2.2743789291094316,0.014931497260580462,1167900,0.06115851796661726,0.0038776651320419075
16,197,3,2.2569123323468663,0.014304568346322766,1200095,0.06216534704398943,0.0031096228729117215
16,198,4,2.227516920757275,0.013412369345196073,730605,0.03922636431754647,0.008408011812232719
16,199,3,2.2554465240458024,0.011789130891646404,1186085,0.0627270353662576,0.0062607253401462115
16,200,3,2.243965408976653,0.01373261294990924,1211207,0.06421976223449123,0.001714123900682818
16,201,3,2.2596820373996103,0.011801546677682795,1135023,0.06248117345523246,0.002854958139228203
16,202,4,2.2386852840604576,0.01639690150564721,709146,0.03819949053771493,0.004060394907275666
16,203,4,2.224944799719996,0.015298449061939445,741797,0.0388463010400461,0.00524196746064387
16,204,3,2.2670603901095276,0.01612528824253101,1183739,0.0631987025179131,0.0036340695317055305
16,205,3,2.284352780521611,0.013261097352489926,1214761,0.06289191572709749,0.005221912927827477
16,206,3,2.2733413373335734,0.015677128524133443,1158882,0.06159537856871675,0.005232623156573801
16,207,3,2.240909642368393,0.014922260246027053,1207183,0.06457331771755355,0.0065999824433746745
16,208,3,2.2322087748764083,0.015549273334433455,1122910,0.06184435870355904,0.003400959664245806
16,209,3,2.270818159629336,0.013941472913301611,1164503,0.061918814726462844,0.0026263334756561063
16,210,3,2.230952867486803,0.015679014217232834,1161817,0.0631468201328988,0.0030093415639677046
16,211,4,2.2301142762025252,0.01512792118216677,724520,0.038731841709444256,0.005232154318276949
16,212,3,2.254570966766873,0.01274259859980631,1161993,0.06207175174483036,0.006982440669281997
16,213,3,2.267913315378353,0.012770054926772856,1194181,0.06228062965456283,0.004213937573471382
16,214,3,2.2667082982006055,0.012138852471611505,1190115,0.06291689650261323,0.009876692663979836
16,215,4,2.227403414128163,0.014281769172633796,746232,0.03952212585387726,0.006957483344679938
16,216,3,2.2886122336377093,0.01470778968440567,1130849,0.060415481079362246,0.002700112415846778
16,217,4,2.237765574516363,0.011904948692017081,768032,0.04052883707136472,0.00371764509474537
16,218,3,2.2506225854131254,0.013199920793127151,1199426,0.06278991084224866,0.0033828390221423144
16,219,3,2.269935142363968,0.013428518478880103,1163336,0.062044828227864564,0.003913900572431572
16,220,3,2.2588237428242284,0.011647799674721182,1232122,0.06331664995176695,0.008727227544771232
16,221,4,2.2231298552027896,0.017376230885428057,750882,0.039425951939825385,0.005817881201040431
16,222,3,2.254928356837172,0.012554916230456459,1148386,0.06105204633441097,0.0037492649156704028
16,223,3,2.271971223442712,0.013750935666176245,1278863,0.06436030453183833,0.005444386155775582
16,224,4,2.244454235115715,0.012077042731776899,766062,0.04005879066860502,0.0048221306384891305
16,225,3,2.2774751935654938,0.013290519035254189,1169966,0.06285714776919947,0.002431838138092335
16,226,3,2.2608222513029057,0.012990078734143262,1217891,0.06341222457600865,0.0069513828460734395
16,227,3,2.263187216662827,0.010781821346436016,1211431,0.06341732642241413,0.007829212656050522
16,228,4,2.215937568998709,0.015885757552047353,735356,0.039547139337576434,0.007075110162005349
16,229,4,2.2318876238330208,0.011774699146442025,752639,0.04128967650836248,0.0032385285308474954
16,230,3,2.2278497333093163,0.015173514679306443,1204332,0.06405709509351008,0.002292116639284525
16,231,4,2.209755912334352,0.017988537372671587,754510,0.03996020450667809,0.007621203123142739
16,232,3,2.2590328728959195,0.013562505956900783,1193890,0.06292392244844888,0.009323829801558992
16,233,4,2.2005142984366306,0.01885137352264865,778275,0.04063411725640153,0.005184547942195028
16,234,4,2.2303090963202403,0.013040826652608861,758701,0.04020502149299219,0.0032028198823242926
16,235,3,2.2429678806270283,0.012677434644919716,1130607,0.062281594354874424,0.0015497347584678134
16,236,4,2.21988685954591,0.016466758318285923,763589,0.0400381531973254,0.005786707609874875
16,237,4,2.2323249789449267,0.014726402831281238,745454,0.038984049075134614,0.008497896638561042
16,238,3,2.276066024147301,0.012435725629070582,1207090,0.06289683406050964,0.005024331439898055
16,239,4,2.2389884699545437,0.015592421843465987,752202,0.03953525958150657,0.008834647585766908
16,240,4,2.2119241851741616,0.01857936000752014,753459,0.04096724497331465,0.0050919324825569046
16,241,3,2.250615196180914,0.01301072463630537,1173449,0.06294980421411331,0.0038258649515706122
16,242,3,2.2503366792703456,0.015364838241369805,1167587,0.06158940844497461,0.0027543804570629993
16,243,4,2.2251804162269893,0.015059410374102855,738559,0.03978660568229089,0.0028240320626515825
16,244,3,2.272683878732682,0.015872372759997533,1226873,0.0635692540839572,0.002446531392161666
16,245,3,2.2858706159635678,0.013265131372664052,1199311,0.06335940274391826,0.0071921141034376745
16,246,3,2.2797100412331273,0.012286722191643451,1166953,0.06262327273281475,0.002524214193736274
16,247,3,2.2550244095853027,0.01621535540415442,1146355,0.06156418920152666,0.004196819745393654
16,248,4,2.2208152323171975,0.01228717579488181,750617,0.04072458827782351,0.004118777832369802
16,249,3,2.2831479018109717,0.013179635548111857,1166683,0.06200702777813948,0.002654341711713859
16,250,3,2.280484960831576,0.015751907206290883,1181927,0.06164158015798743,0.0015247378029033531
16,251,3,2.245814132483583,0.013223630321581692,1170502,0.06321272837010485,0.0044986249530132305
16,252,3,2.281705270629622,0.015585593448107615,1180654,0.06266592294758187,0.00530265847128597
16,253,3,2.2512341992653853,0.015902844750162126,1145632,0.06246390201467174,0.0044383654777157
16,254,4,2.240736229435609,0.012100602157737672,752908,0.04120961552587103,0.003234578410765021
16,255,4,2.239911091456002,0.013013058311772463,779191,0.04009924884573092,0.002495595897963443
16,256,3,2.253216718782096,0.015083775646083097,1166198,0.06345796207523237,0.00351024301238978
16,257,3,2.2540572301749306,0.013124297516899808,1175762,0.06308852962166049,0.0027511020829216193
16,258,3,2.2767302592347174,0.012987000525584547,1167799,0.0628659625256527,0.006818803580808441
16,259,3,2.2855182734869492,0.015983007561270024,1226735,0.06348745088622164,0.002210687550781576
16,260,3,2.2470071555093236,0.013755218089781307,1202647,0.06324664317071546,0.006069912057667215
16,261,3,2.2535856594345764,0.017748668226520437,1137740,0.06120158966844611,0.0055979146520316325
16,262,3,2.2689315104695944,0.011946912304405255,1233630,0.06298179377241815,0.00686597433318159
16,263,4,2.2223855667213788,0.013680049226240665,748418,0.04028093933924702,0.004058818263621922
16,264,4,2.230727416521428,0.011618433890904889,748769,0.040810161017139454,0.0042593043162127975
16,265,3,2.252989978959793,0.010704283192497832,1121004,0.06251892013200201,0.0058247176094256
16,266,4,2.2338482147603225,0.012627597052956241,733902,0.039880847936572504,0.003052438134616753
16,267,4,2.237576684764574,0.011602599276607117,777977,0.039832448912477995,0.005012850323440898
16,268,4,2.222786101713553,0.013681752439560602,727491,0.0403268248266424,0.002498240729276735
16,269,4,2.2270101804217672,0.01288978961727072,746673,0.04109813203969253,0.002725490720231094
16,270,3,2.2811885614001595,0.01511555089600436,1202761,0.06296194024127642,0.0049141531841963015
16,271,3,2.2831889266209453,0.014274754788585975,1203063,0.06414103549879119,0.011297918116148109
16,272,3,2.2774399609428246,0.015429657495378224,1163126,0.06294713057121877,0.004041891612885595
16,273,4,2.257016907030028,0.015743710370508368,738563,0.03892780312276076,0.005547104226080513
16,274,3,2.2380419580441835,0.013363942369598147,1172703,0.06388873679918083,0.008825119156321004
16,275,4,2.2198332691900715,0.01435268219638508,779369,0.041650195730038496,0.0027113572083820037
16,276,4,2.2142214028492124,0.01626086933789983,724867,0.03894557718962927,0.00825542517210942
16,277,4,2.2390704258659953,0.014209432942793865,750485,0.04024200162837246,0.0062461440749218555
16,278,3,2.2773006680179395,0.012821670740872149,1198470,0.06302168378802982,0.004091371947566591
16,279,3,2.2529777968984313,0.011267086818196437,1162303,0.06268303514970572,0.0033501504422835393
16,280,4,2.230730718597462,0.017860353409027363,715555,0.038625143429693365,0.005588620919370624
16,281,3,2.278492329302171,0.012272276330555276,1224151,0.06208736206856064,0.006329044661886107
16,282,3,2.253007344084868,0.015542448654497054,1123265,0.06219305307475691,0.0029001856995114483
16,283,3,2.257964729428487,0.015637510470894567,1155265,0.0624085795732416,0.0032941708449961693
16,284,3,2.2821358940352097,0.011610010115694958,1254322,0.06279083679349345,0.007045411463368123
16,285,3,2.269454087508938,0.010238811504072243,1200376,0.06346331589449483,0.006453174432283326
16,286,4,2.242344819348637,0.0173392823925006,721824,0.03903125462493904,0.00667712531639697
16,287,3,2.2331393517648834,0.015152286573228313,1126650,0.06390395207359575,0.0036881612352978044
16,288,3,2.2507557128070497,0.013732962219768996,1198436,0.06308942873722437,0.0025981772569321215
16,289,4,2.246860313451922,0.013532241933153721,755948,0.03981705648279964,0.004076535100142831
16,290,3,2.260466615019184,0.009432035746882339,1227715,0.06405200435404314,0.008554773700920393
16,291,3,2.263289159231625,0.012581391021064148,1239835,0.06326744631718896,0.002372845453361805
16,292,3,2.2511406134027365,0.01358791324334685,1180032,0.0637302645414748,0.0033991268343284697
16,293,3,2.268734944934508,0.0138623905312375,1162750,0.06199528030770773,0.004850544061062889
16,294,3,2.272901758505721,0.01161465555034158,1186475,0.063324452779004,0.006125004961078262
16,295,3,2.2589795684367626,0.014830245020372945,1193293,0.06256540096776916,0.0038543209513213217
16,296,4,2.2537995251935548,0.01489681388873687,744921,0.039162061701140644,0.0031291834390807516
16,297,3,2.23897353503116,0.01580972197954239,1140489,0.0630575818862156,0.003005362739648909
16,298,4,2.2303586533194415,0.010688219090598028,763821,0.03981739550097695,0.004400076137287989
16,299,3,2.2606598896219983,0.013955157657574213,1175511,0.06371117854875803,0.002484856630639687
16,300,4,2.2378827935599674,0.015309304241435617,741443,0.03976698349685444,0.004182649347065359
16,301,3,2.2640293254502732,0.013655044104131042,1167723,0.0634617337956342,0.0050140065257903155
16,302,3,2.2556542902883376,0.0180432558657716,1179429,0.06222170005720837,0.00583265421715462
16,303,4,2.2195380486028156,0.015868432975234437,736370,0.039609321285670684,0.005605435939806169
16,304,4,2.2329118175170355,0.014744158618924197,756357,0.03960276441335384,0.005912801769886178
16,305,3,2.268513523648769,0.011014644702383336,1190037,0.06397445445061012,0.007674461788866882
16,306,3,2.2645086399343604,0.01680955702360587,1196013,0.06225339970917152,0.006417365760869598
16,307,3,2.2560698958137357,0.012494218889878617,1205251,0.0639563964462295,0.0036572170443954777
16,308,30,2.9106091425441942,0.016297632206168144,53639,0.002832656683319661,0.00908248460733907
16,309,4,2.177748679319179,0.019919314674696875,726172,0.03939109285422255,0.008146195601059225
16,310,4,2.2515083884576303,0.013484658038110497,769852,0.04039019391492368,0.0018404738301371903
16,311,3,2.2763654316903534,0.012658258666255362,1183668,0.06194675491391513,0.002508342147939935
16,312,3,2.28199973819447,0.01208963804024954,1198445,0.062132456820237915,0.007385786060488453
16,313,4,2.214499623812109,0.013170513193175748,785499,0.04177831943397991,0.003840759672372185
16,314,3,2.243702940051578,0.016931302410684967,1190950,0.06288716038451594,0.0037578619247046197
16,315,4,2.224043300462154,0.01718742603821455,730165,0.03943379174568295,0.0053306209778735125
16,316,3,2.269100071351002,0.011320563520573812,1171796,0.06228302122264784,0.00298857814714959
16,317,4,2.212274796393833,0.015258097483419109,738576,0.039661390481386574,0.0023564334569636802
16,318,3,2.249385796124719,0.010837686341355846,1134458,0.06366545558458753,0.004653729510117444
16,319,3,2.2604057520776033,0.012921273588020199,1253629,0.06439744220262925,0.0020795968146039012
16,320,3,2.2595625436052598,0.011220205060129607,1241042,0.06388975133416179,0.0034805995089567388
16,321,3,2.252608870022775,0.01787242280114837,1152273,0.06186516653410685,0.005435046296069834
16,322,3,2.264880720036347,0.011690928098314513,1185209,0.0632576705747854,0.003742734936509118
16,323,4,2.2276463138341493,0.014990736123115966,770752,0.03959954088799331,0.0057340283215329135
16,324,4,2.239738461864725,0.014680308503976391,798814,0.04068201997254572,0.0012770898613110315
16,325,4,2.2015277136380162,0.01556055457301353,730471,0.03948541835610245,0.00509837739831881
16,326,3,2.257782663135437,0.012237603181838141,1201490,0.06294929351600638,0.003500869211766733
16,327,3,2.260250297967335,0.011957403803822153,1191607,0.06364039733677504,0.00501958069826669
16,328,3,2.2692167277122897,0.011763029781655998,1165056,0.06149569880696161,0.002585511195345891
16,329,3,2.2715734078745067,0.012063788472632342,1206530,0.06321786382901579,0.00936154366605002
16,330,3,2.2647480632417687,0.010578476831665462,1154647,0.06300260277570115,0.004794880751404662
16,331,3,2.2617499033291684,0.009885625178512658,1225680,0.0638994991546746,0.005838836091839883
16,332,3,2.2735348993945177,0.016116076431899384,1185163,0.06184339565281415,0.0033682146235382016
16,333,3,2.260160922551888,0.012621717544243904,1184310,0.06287490097406165,0.0037388103030886466
16,334,3,2.2652430840317526,0.013047525328160336,1193539,0.0626804235241107,0.003662435659897212
16,335,3,2.2497627061434615,0.011570661439557761,1162887,0.06323585781305457,0.008246498914925904
16,336,3,2.245875617464615,0.013376132780146488,1177064,0.06286127916228255,0.004286190059179296
16,337,3,2.255830861259584,0.012731700141961233,1188581,0.06382267986942722,0.004352818247989276
16,338,4,2.253496155020498,0.01146191138578212,755664,0.039188170365113,0.00492718109251411
16,339,4,2.2384442343808013,0.011173333431421684,740651,0.03966015631965384,0.003329845633439965
16,340,3,2.2746986733814056,0.013405488749818173,1206704,0.06205861745357988,0.0016600654110326962
16,341,3,2.2788158814090553,0.012034116770319181,1223017,0.06225409845661866,0.00269916847807139
16,342,3,2.261024515721698,0.013430754884283691,1152074,0.06208459010177608,0.0023754268985752836
16,343,4,2.214717429637552,0.014292834786941544,783374,0.040899943482693046,0.004420024795744659
16,344,4,2.236124557253975,0.01517536573915157,768986,0.04013951685235315,0.002009597930236251
16,345,3,2.251272445491078,0.011650105446146086,1220427,0.06438909271634288,0.00673377233297201
16,346,184,6.814514546225148,0.012309341489795123,1422,7.829119932592489e-05,0.005364885567392674
16,347,3,2.272966430494926,0.013653990780288616,1192470,0.06106788369186844,0.0020560431139412527
16,348,3,2.2277028416050815,0.015755417404412886,1157521,0.06281678486138066,0.002853323858325818
16,349,4,2.259763879476845,0.006239003597697246,768454,0.040915521083297005,0.00844096397955485
16,350,180,6.412593740957584,0.018323769711425242,1083,5.9156119116062284e-05,0.007181382188520602
16,351,3,2.239021085498865,0.015798953875402255,1146189,0.06282382713251312,0.0022101189287803136
16,352,3,2.2535368089253405,0.013785290517139948,1180271,0.062325890619942134,0.004599577405159261
16,353,3,2.2468545455700704,0.01647964005675817,1133537,0.062040495933401496,0.0050094872639792065
16,354,3,2.2803620712312114,0.01301237891060475,1199746,0.06306051311744516,0.0023300934424979047
16,355,3,2.273637587316038,0.012288632628195906,1205110,0.06319264020288597,0.0035861336700839797
16,356,4,2.2225465629981827,0.015004364762456701,768204,0.03982737757629739,0.0032793730376395325
16,357,3,2.2547690167299885,0.012275201856664864,1217620,0.06336250375193946,0.0046423479873825
16,358,3,2.2536423691966885,0.012485754603915877,1184020,0.06208928487619191,0.0043879596274079
16,359,3,2.2725128146794193,0.012778771589237459,1236358,0.06417587902633101,0.005382338896883887
16,360,27,2.745595031827203,0.014653071103343296,64838,0.0034269969003854804,0.004272365327770811
16,361,4,2.229870717470381,0.017372754430307835,727908,0.03968761896204413,0.00839293256008955
16,362,180,7.476117183095351,0.01073092755553473,1636,8.498210389093368e-05,0.005127974238147148
16,363,4,2.1986920180613776,0.015520170005392409,777743,0.04056088900047109,0.0035364249854828445
16,364,29,2.8047145120934522,0.014720706931382166,56729,0.0028727212659763438,0.005375737701383665
16,365,3,2.2516172877416794,0.018096710557109152,1165522,0.062050204402452104,0.005309647032099685
16,366,3,2.268961349037154,0.015815492521867203,1155342,0.06165006129563836,0.003340957941881051
16,367,3,2.272592172985441,0.014558007529213102,1174207,0.06195846359334046,0.0025999447633177075
16,368,4,2.2406487803964676,0.013820633351569134,756633,0.0396439722072561,0.006756736502489202
16,369,4,2.208798068715941,0.014363201422849636,770189,0.039185398117527345,0.005972950570380053
16,370,3,2.2580465559695164,0.011313998764680422,1194156,0.06389217864466223,0.0057570349158238
16,371,4,2.2126688547431876,0.014399959093641557,765098,0.040232665412900444,0.004943638819373319
16,372,3,2.2488250586864633,0.013483893573620453,1187933,0.06445625316805702,0.007875202301064532
16,373,3,2.2861003999842113,0.014099367067003377,1187948,0.06228335205847887,0.0024679701006283805
16,374,3,2.2476258958413555,0.01600259586112851,1212339,0.06245666734772794,0.00390316217731812
16,375,3,2.2620917447859585,0.015880344472658903,1115829,0.06117796485971569,0.0034367094350630234
16,376,4,2.213282159807976,0.018178842166079012,737806,0.03916503042431393,0.008721695232864923
16,377,4,2.218728522206108,0.011054869917269228,738590,0.04040234408975065,0.0048690389550534174
16,378,4,2.2263711871999647,0.01659364662659879,762360,0.03971823166655274,0.004698163781852394
16,379,3,2.2894552929988716,0.009595802688438126,1206567,0.06324311115555967,0.004631366714949403
16,380,179,6.2850229526741215,0.012466648064119235,1276,6.809874702574986e-05,0.002765083249970046
16,381,4,2.2366254710040194,0.01458882919659732,782305,0.04060573423215919,0.0023249011072798975
16,382,4,2.216230605790675,0.01425433556418676,746868,0.04085685680078363,0.002965594251882586
16,383,4,2.2281431678335637,0.009809774404981209,761915,0.04180977961922297,0.0073108022658735505
16,384,3,2.2852274461903246,0.010349562406786306,1184636,0.06504395549670335,0.0056775792221931964
16,385,3,2.2713111278628584,0.011565479457994132,1194579,0.06379858519103382,0.0034273380042555424
16,386,4,2.233413100308172,0.012235531140794897,753985,0.04015903721213613,0.003226250971709921
16,387,3,2.252799898817037,0.015214237517401585,1137597,0.06219714282761882,0.005128289052869439
16,388,3,2.2390175798257923,0.01469513830240432,1198806,0.06319538361825498,0.0036377023744963433
16,389,3,2.297303777456113,0.01445356930952546,1201681,0.06279250420069005,0.00549981460678034
16,390,3,2.257767091583652,0.010445856576040913,1160654,0.0627717200543989,0.0057345314585594
16,391,4,2.2286682442033108,0.012817308362774948,745788,0.039440884471570375,0.005269625108767828
16,392,4,2.2305367181178872,0.013391245746510405,751840,0.03879004208686546,0.009497123849619316
16,393,3,2.2451412117096265,0.014141123044313919,1225428,0.06355099319106133,0.003022624789476125
16,394,3,2.24651784516003,0.014669169261482873,1197482,0.06397411464237505,0.007802940051194529
16,395,4,2.203026296019795,0.013869240631593116,728163,0.03956674978714539,0.008125242498684404
16,396,3,2.2755722336225204,0.01773998159022394,1161208,0.06197997321941309,0.0056673892675758175
16,397,3,2.276975969366592,0.01202041727653358,1190574,0.0627515340755492,0.007280400383448904
16,398,3,2.2703048764881486,0.016191046104818918,1210940,0.06233000912451543,0.0046860742070981565
16,399,3,2.2610315837927963,0.014872227995823661,1168486,0.06153113952665057,0.003989362148827946
16,400,4,2.226784824997536,0.015707974990629037,733624,0.03973089373985402,0.002137997707725492
16,401,4,2.210893734345139,0.014029265678353608,738349,0.04017269357635937,0.004723824034137625
16,402,4,2.227551706011677,0.018314375722373044,745795,0.03892293900534158,0.005576191004570907
16,403,3,2.2583444889774174,0.01082915487925551,1200756,0.06353608072044767,0.006085485765351228
16,404,3,2.2597418062753247,0.012343085824344291,1264800,0.06448925357564052,0.006835138001095142
16,405,3,2.264751669838484,0.011086042244885408,1226508,0.0635751530121882,0.0033073388463834563
16,406,3,2.286583545672334,0.011591797208564125,1294169,0.06374709598226545,0.005653444789817885
16,407,3,2.2733854575507673,0.012066911602161445,1179018,0.06341235212884763,0.0023678639142427627
16,408,3,2.266583145898529,0.0136085762126259,1189345,0.0631778694910297,0.007298852934004285
16,409,4,2.2437994886538344,0.014413275580817064,776167,0.03991644036360373,0.004211383145609149
16,410,4,2.23013522970701,0.012582290705125287,760285,0.04029184953943276,0.0037569389364019434
16,411,4,2.224676767337996,0.014469812513236646,768571,0.04089442014860995,0.004118178643135351
16,412,3,2.2458467479028625,0.017489198114780224,1203946,0.0637096007319101,0.004975298193340305
16,413,3,2.256444307336911,0.01666986256988967,1131973,0.06132125427491657,0.005188442362344281
16,414,3,2.2578937183930066,0.016222226488456004,1095412,0.06143234154706634,0.0030762141301956536
16,415,3,2.2450527705917604,0.01772154273072568,1146071,0.06203120225151737,0.005402684396151214
16,416,3,2.248515148186362,0.014364393594725411,1194737,0.06363619948710184,0.007673594812757867
16,417,3,2.264528333312916,0.01282787443760025,1204452,0.06293941444102477,0.005487188855859415
16,418,4,2.246638151244077,0.011919331670124045,714285,0.03873509131326593,0.009020661885194237
16,419,3,2.2733916895875286,0.012083988908748344,1198248,0.06324118515630191,0.0025886221901393336
16,420,3,2.263331793960958,0.015940477884355375,1193617,0.06343228951963745,0.0031534143593459074
16,421,4,2.215402964578732,0.012509235188767787,759512,0.040552574153441684,0.0057937133489019965
16,422,4,2.233580312222585,0.01431748394824639,748437,0.039375776434931196,0.0009939115176339497
16,423,4,2.2630443967224974,0.011906443126933342,748852,0.039041719551541475,0.005765619657242427
16,424,3,2.241866664378373,0.013842892769887816,1133274,0.06145892840892834,0.00292531659660078
16,425,3,2.260999383049103,0.013234493688728644,1198332,0.06323417798634468,0.0025302825085220526
16,426,3,2.2454054732780357,0.014294087704152747,1202895,0.06343703037733509,0.004513890627437123
16,427,3,2.2506570226876486,0.01672568924184925,1217905,0.0620180085217761,0.005383178866651739
16,428,3,2.2730813921914446,0.018185491003311127,1155456,0.06119737123580126,0.007095930276621587
16,429,4,2.1921047815618055,0.018790661431962397,745567,0.03955641585607619,0.00954693678952756
16,430,4,2.233959187212951,0.015954628829150552,780082,0.04093291417537794,0.004342772610346657
16,431,3,2.2877261911035354,0.016737244734684964,1159135,0.06202836308555326,0.003989602344553589
16,432,3,2.2582889614286303,0.013641641807697003,1212291,0.0619208540084614,0.003191085152141171
16,433,3,2.2523146686627773,0.01329060925008374,1187901,0.06352040153372845,0.002136967988674021
16,434,3,2.2801761084618746,0.013129279258674353,1140544,0.06341367702127676,0.006687470693065967
16,435,4,2.215883301715392,0.013462369098587779,729093,0.039813199979948505,0.0038260158170208003
16,436,4,2.217140721630944,0.01832938793169281,752388,0.0398391877505146,0.005567280647180484
16,437,4,2.223929941400943,0.014160800320008549,739494,0.03941355564429081,0.00667007252012819
16,438,4,2.2298728172021156,0.013975888309370355,738195,0.03920565262026928,0.005229019899871901
16,439,4,2.190961879352819,0.021197594566155664,710458,0.03897060186782519,0.009791547532027045
16,440,4,2.233557160184819,0.011969230898607797,762035,0.040921463933037944,0.004406080123193545
16,441,3,2.2816014223365055,0.012506248046170398,1187423,0.06183367615278465,0.004927991082257499
16,442,3,2.2570356472845536,0.01584227982696762,1194328,0.06237298715004538,0.004972139415797661
16,443,4,2.221801921417869,0.014893087831761465,709476,0.03856187128639199,0.005042595553161222
16,444,4,2.2243699674890323,0.015532454326609102,780154,0.040503973486140925,0.0062804024951560455
16,445,3,2.267643887031223,0.013838156414421876,1199278,0.06274600122281868,0.0030336523654427294
16,446,4,2.240705818419434,0.01656393641936149,714315,0.038199510844759386,0.003344621590169794
16,447,3,2.2713669770240954,0.016222996712762228,1193095,0.0624190722428845,0.0030550659803298963
16,448,3,2.2691556685306757,0.01360216377637824,1174605,0.062393049573473136,0.005414486044389544
16,449,3,2.283196693605748,0.012759554151203334,1166317,0.06389791078298646,0.004455051802167764
16,450,4,2.221149174985646,0.01645335701693318,716294,0.03949902051203578,0.007001737309923928
16,451,4,2.232292636502581,0.009810131710421333,751729,0.04058803240783735,0.005698929929442431
16,452,3,2.2732582017948157,0.013338203909841917,1178688,0.06293099655693948,0.003869573372641044
16,453,3,2.2650211341893747,0.009882309938126221,1137813,0.06226881366295039,0.007378547800027113
16,454,3,2.275967040537528,0.01222543194691994,1176817,0.062423738500934245,0.005413417832718093
16,455,3,2.229473001552608,0.015622759997599545,1206661,0.06460416024191337,0.006514144311011161
16,456,3,2.254019811291314,0.013298602354109623,1182233,0.06243619309556944,0.002839476739951996
16,457,3,2.243777362496963,0.014234733956650703,1142464,0.06339160254803987,0.001996367159966206
16,458,3,2.276338704065849,0.015047214356038174,1138281,0.062192844966106435,0.0029489055355009786
16,459,3,2.2326534355662417,0.013700692290004757,1177777,0.06226102543342248,0.0028739010021564537
16,460,4,2.215747316938668,0.017481573061037814,727609,0.03965989931219597,0.0064685046629515686
16,461,3,2.264862269148543,0.010245770528494569,1190396,0.06244734069907368,0.005270811802783659
16,462,4,2.2455012829502365,0.012337657697517934,766746,0.04034707877469479,0.003606643543335286
16,463,4,2.235903387430261,0.011965442724020003,784386,0.04115480643096777,0.004249046542200152
16,464,4,2.2373868505596795,0.014113197223123541,764262,0.03934289212896606,0.008084227475870787
16,465,4,2.216998568525183,0.014936946901438652,770809,0.04047346469763215,0.0018471371195427633
16,466,3,2.2542468160394864,0.015121663738785818,1179516,0.061869459362151574,0.0020493162986275903
16,467,3,2.2664018377965363,0.011042576721050246,1195078,0.06423893733908727,0.0049035689986706155
16,468,4,2.243751797921261,0.011699044448108875,767809,0.040855064446805076,0.003259297804759975
16,469,3,2.2758451790035683,0.016598974446508763,1176158,0.06213993004491015,0.00882591333009941
16,470,3,2.2644863850264674,0.015914517814948237,1179030,0.06275928132390929,0.004366498995146295
16,471,4,2.2212612230748525,0.017578843180231174,744893,0.039676721961413135,0.004473586300429266
16,472,3,2.252656694878212,0.012714619711056585,1212411,0.06390004403497394,0.006230998728878168
16,473,4,2.231609770021976,0.015005766452445446,744391,0.04029599400251512,0.004508321308558605
16,474,184,7.416563780154681,0.010970596817133527,1488,7.545405160113954e-05,0.003656724110304599
16,475,3,2.2652132447251327,0.017328621424702872,1219143,0.0630681677095749,0.004370558290676563
16,476,3,2.2558869500752716,0.01345788015091598,1217964,0.0628483108088409,0.004363991827824765
16,477,3,2.252563621007302,0.011536691575091795,1197914,0.06341773049870668,0.0026904778282957342
16,478,3,2.2650857642692084,0.012696386341868204,1226655,0.06295544549424789,0.001649386136149844
16,479,3,2.2538013066709053,0.01513417951581153,1145117,0.06175074542251286,0.004292229023940886
16,480,3,2.260912803499499,0.0113324366648766,1187740,0.06491233113497605,0.0073445231348922
16,481,3,2.260177295640655,0.013327651804196927,1204756,0.06362515220317529,0.004243654888940018
16,482,3,2.267117372477595,0.012891058437707048,1221659,0.06249161409281531,0.0038433887227691255
16,483,3,2.251752002670997,0.012361251681864305,1212535,0.06374304550591119,0.0047439247980081145
16,484,4,2.2502618199020588,0.01325411850402669,785044,0.040659502639404814,0.004567929489792122
16,485,4,2.207289939522061,0.014919631389391674,734288,0.03959512767601759,0.005841170356173542
16,486,3,2.2719798275493566,0.012230290600324212,1190267,0.06364477754268952,0.0033134226654645826
16,487,3,2.2825509822153753,0.015890694961327667,1182329,0.06284968014853062,0.0038181026386795436
16,488,4,2.243758754593639,0.012318605806155958,738990,0.04066587054397969,0.0030588862793378135
16,489,3,2.2803957401365382,0.014504174546189408,1218086,0.06207622462953609,0.003140791574648083
16,490,3,2.27788348846139,0.013332650110399247,1157871,0.0626319887682599,0.004731989016993787
16,491,4,2.2094041636893884,0.014910196649025598,784854,0.041027869796913995,0.004679491731945595
16,492,3,2.2675752543682015,0.013724233110062156,1234555,0.06333168509000522,0.001620510664273156
16,493,4,2.2216244084094336,0.016759799889978,758301,0.040352539069619504,0.01027435395999865
16,494,4,2.206546768571209,0.016725164704772255,753763,0.040521783624449886,0.0032793546497563164
16,495,3,2.2654248676851996,0.01578444305859239,1127371,0.06077988736723803,0.0030298393503431775
16,496,3,2.2625050729342275,0.014596602313224905,1176692,0.06308412317244047,0.004547911777477487
16,497,180,7.192883106284846,0.01558200784491659,1704,8.679975861109383e-05,0.010065305178004247
16,498,3,2.28890113594055,0.011464522894114038,1213265,0.06349421912757693,0.004030423403013295
16,499,3,2.296754738618898,0.017470687527623485,1198142,0.06141830035105267,0.0038865517945704253
16,500,4,2.22858200509324,0.012086350209568941,750883,0.04049254370815804,0.005523244682555384
16,501,4,2.2288428339601625,0.015870778646573935,746768,0.03936686844017756,0.0037476271510383796
16,502,3,2.241145311437876,0.015892615448322767,1171098,0.06343133964174096,0.004238153087469776
16,503,4,2.2511720397737167,0.010664827776183383,744432,0.04000154324951389,0.005376420723032238
16,504,3,2.26963636581259,0.014151426057505134,1149979,0.06270173629730762,0.0022374693062903184
16,505,4,2.211184443255155,0.016398214964332136,735041,0.039806627482522346,0.00576848694611054
16,506,4,2.221387645959346,0.012599722972524208,733385,0.04018972524878245,0.005228403670347492
16,507,3,2.278425099148042,0.014172932396503968,1192376,0.06282232058120983,0.0024458333753430983
16,508,4,2.242846219649994,0.011262097200159693,781040,0.04052753668760655,0.00357475067843116
16,509,3,2.254982608645109,0.01682339706691116,1128168,0.06118500637384492,0.004251909910400142
16,510,3,2.2551470623209964,0.014106281218488337,1185434,0.06236076218089752,0.0023863542682410754
16,511,4,2.242452085319005,0.015071625799654154,777465,0.03910796426915418,0.003959207506717521
16,512,3,2.2620854068797986,0.01468215612613144,1155046,0.06194686468565444,0.0018950926011219726
16,513,3,2.281396375970541,0.018464025713386678,1135533,0.06122655301450728,0.006362973324770094
16,514,3,2.2435046104787513,0.014937991190542232,1180240,0.06292661433658765,0.0026159314975938708
16,515,3,2.2420244455722536,0.013967181523475314,1145319,0.06230190994915023,0.002949411025856552
16,516,3,2.2447218050241795,0.014059692294862203,1171806,0.06409391992042286,0.0022779999165493114
16,517,4,2.2494668100136135,0.012667742020267214,767070,0.0403435908378231,0.004922669587411832
16,518,4,2.24631548342553,0.0146962807002875,761663,0.04003684178129655,0.0022260358540695524
16,519,4,2.2118837166230025,0.01518220300047013,735228,0.04023110995057704,0.002485264495111217
16,520,4,2.2079527799832457,0.014340034650473177,757741,0.040747171378696316,0.006025436491301939
16,521,28,2.844697437458342,0.015973343394026007,61409,0.0033263924477907407,0.004254667783429977
16,522,3,2.256302398812892,0.017107260801267565,1180052,0.06264781312492422,0.00477643408821804
16,523,3,2.263395389681758,0.012938279907882988,1208561,0.06287228881816728,0.0018545710930090165
16,524,4,2.254380419803051,0.013673084088722365,772345,0.03964862370104164,0.0027678720501013165
16,525,3,2.248951357689956,0.013603589738434008,1176376,0.06230011154298875,0.0036464496505547173
16,526,3,2.252483957664001,0.016701792151251005,1157172,0.061478565525639316,0.0062618587733836995
16,527,4,2.230698373983555,0.015368507326971814,747880,0.03939957425827752,0.0017377870825132091
16,528,4,2.2385500445946698,0.01566313944200215,785769,0.0396276328161819,0.0039139728726815814
16,529,3,2.2532964178430865,0.01633219411884801,1185070,0.06383150512208145,0.0054546144342446645
16,530,3,2.2712625029606635,0.01268882541020322,1210605,0.06231254455565307,0.005672841772027759
16,531,3,2.260890313397454,0.01426347240648651,1199605,0.06350363151276761,0.0034747937339435486
16,532,3,2.2625528408982722,0.011035171463220528,1172355,0.062414625132125076,0.004662258546573206
16,533,4,2.2185210039729597,0.012991963979568366,735757,0.03972251569544083,0.00816084703135811
16,534,3,2.2521399796363957,0.016613304225914338,1132166,0.06222934957713607,0.003992760604755952
16,535,4,2.216716778555569,0.015355972354433534,725823,0.03924666101686942,0.005965001782373802
16,536,3,2.2728063119902164,0.017442177020185023,1179704,0.06280950426980192,0.006680080701471303
16,537,3,2.25963930257608,0.009824559207123329,1135441,0.062029062685878336,0.00819041338194848
16,538,3,2.2686325839530803,0.013457871633272056,1193241,0.061254111743742796,0.0020064547894502738
16,539,3,2.2546077516963368,0.010669656641817404,1177689,0.06334590527587515,0.005058986698966261
16,540,4,2.215279415620835,0.018381745000583982,734202,0.03905559758226189,0.004857131013117355
16,541,4,2.2307402227264475,0.014254986482912235,782207,0.04058791446767704,0.0020923866717873496
16,542,3,2.2670522291985717,0.014349775729572412,1163353,0.06229048263206501,0.002274592583256463
16,543,3,2.240105123969658,0.017754822392387182,1177680,0.06220775407970313,0.004549995911950155
16,544,3,2.266725004842689,0.015794320026393582,1193913,0.06326130044933102,0.006823675221634851
16,545,3,2.284589508508161,0.012906460264208608,1182691,0.06317507625722937,0.0032960023296172425
16,546,3,2.2860414229389456,0.00819755726318977,1176482,0.0635835273070432,0.007571251683638258
16,547,3,2.255844932712229,0.012876075720124502,1168747,0.062428224050143116,0.0057586475489491695
16,548,3,2.2762437338258947,0.013204019017030943,1212450,0.06323293580384996,0.0027743557132385854
16,549,3,2.244992998745791,0.011721198502814056,1203662,0.06377447675143742,0.009658132916949613
16,550,3,2.2616078192175824,0.01522676037864057,1205871,0.06370281307589924,0.0023468725602229235
16,551,3,2.268146140487596,0.013572697487801488,1163009,0.06173439721631512,0.0014674686073923304
16,552,3,2.2620119832506043,0.012565998450465576,1187771,0.06271099414769334,0.007288917304747788
16,553,3,2.2384331566835547,0.017506179277127165,1147494,0.06245351338906919,0.0038447659709758275
16,554,4,2.2201919632360494,0.014877432633911392,750242,0.03955432124957242,0.0061457631549971525
16,555,4,2.2333609380586417,0.017730124826045857,745665,0.03928127848151478,0.004893238587592164
16,556,4,2.2402311942229507,0.015001222101372669,765257,0.03884190709303837,0.004047392334594058
16,557,4,2.225614353594528,0.01563949027765288,775402,0.041207319259817694,0.002246936919833853
16,558,4,2.223305856821126,0.017447415524665222,714522,0.03817949323666694,0.010180447957606087
16,559,3,2.2497321800117165,0.013225486356770788,1220694,0.06262822508470013,0.0011481789327868475
16,560,3,2.2346711075212915,0.014564210397470856,1155740,0.06186849558820144,0.0020893721211532323
16,561,4,2.2445491079087003,0.01328922313167058,783669,0.04059461839212534,0.002209778049788169
16,562,4,2.2391217323517254,0.015813590302750646,748015,0.03876470353810481,0.00826899887929855
16,563,3,2.2640645307785245,0.020567942322995136,1158700,0.06129783930803431,0.006340772919607607
16,564,4,2.2272480108169206,0.015888404672561918,773647,0.04106185362094346,0.003096182949732129
16,565,3,2.2510928797967624,0.015634454407625564,1207565,0.062426229867526,0.004623796103313094
16,566,4,2.243482780043767,0.01387877766010992,755898,0.03874232218065061,0.0045466912483088096
16,567,3,2.234989009974708,0.021720661672452124,1130566,0.06060232135419654,0.007493492269064594
16,568,3,2.2747229589730096,0.013979449479125272,1210861,0.06256399853714677,0.002857174266018614
16,569,3,2.266428290555337,0.014732035275436817,1191680,0.06320751624609475,0.001876934527368368
16,570,3,2.2727592360919697,0.012869371285615494,1242346,0.06390113862541154,0.010358897757836383
16,571,3,2.267894334257959,0.012917215923401226,1222126,0.06462826923455231,0.0068947147885823346
16,572,174,6.946917051489959,0.017875894122543978,1646,8.807851894953685e-05,0.0046791022165387774
16,573,3,2.2532079264172653,0.013700806776479557,1200789,0.06329461281901597,0.004960318651233586
16,574,4,2.2060555903398047,0.015766743279064244,751399,0.04017630115861784,0.0076634477256997124
16,575,3,2.241915474498987,0.014543345792352946,1162463,0.062177655426086414,0.003431147227809017
16,576,3,2.2738001843294624,0.011517548621581164,1214201,0.06353879725373635,0.0035177312676901162
16,577,4,2.2314128778149827,0.014665789783028349,734227,0.03872927292604774,0.009227807750179062
16,578,3,2.2611878570931405,0.01160243174527531,1138313,0.0622724303191881,0.003805461414098321
16,579,3,2.239450135911331,0.014404630094075277,1159568,0.06342583919443241,0.003597586199884928
16,580,4,2.2261603068761606,0.014147729235305717,727858,0.03996092069695999,0.002077127533190004
16,581,4,2.2313870349713207,0.013730416938825596,746771,0.03953571577565967,0.0031606397231739303
16,582,4,2.1951437444051494,0.01579839556165008,757265,0.04016860880496499,0.0072119259333535135
16,583,3,2.2595978692691707,0.014368930580902606,1173502,0.06296853730212768,0.007693969232697051
16,584,3,2.272501524438615,0.014748537036318288,1202034,0.06252079524826269,0.002054758685987812
16,585,3,2.2701234693497616,0.012548837799573054,1195906,0.06332056480029634,0.00522468577036439
16,586,3,2.268969263165198,0.016729271043120664,1140011,0.06159712454429374,0.0028765016713623304
16,587,3,2.261904234144642,0.014148896031561387,1172694,0.06349376686401073,0.0019545451357804167
16,588,3,2.277121033105052,0.013317408751759852,1244924,0.06282559332806979,0.0054066870849024395
16,589,3,2.2415337937757287,0.012932299875035858,1178120,0.06284795911905952,0.003537155641640144
16,590,3,2.266166287801026,0.013856225522174082,1133382,0.0617630979737197,0.0031164057243308063
16,591,3,2.263812635655218,0.015260786026942197,1134824,0.060773129462396776,0.0059939983996863955
16,592,3,2.240885951271529,0.016602265273375605,1180927,0.06298818191855407,0.004364550855041283
16,593,3,2.2779929886395167,0.0137489087653766,1189666,0.06353608583774513,0.003971034125716533
16,594,4,2.1998595501685867,0.013739220506763794,755373,0.039390872484257426,0.005911153945137304
16,595,4,2.230412685585663,0.017481387059427922,751445,0.039812387544290215,0.005247302669985077
16,596,3,2.2568908648063335,0.016220885913647343,1136422,0.061915427038189814,0.0032114861523174776
16,597,3,2.2562311147097267,0.011189790304990899,1178083,0.0635613848305418,0.007920328485678474
16,598,3,2.2463660103499445,0.01711598971045658,1125383,0.05987592609834932,0.002930261110511534
16,599,4,2.1999289344398614,0.01654063029621844,751134,0.04006220000378683,0.004625048251793107
16,600,4,2.203255245756148,0.015268065013030796,751295,0.0401481789208848,0.0041193886292349435
16,601,3,2.2722918052983263,0.011738974290540938,1140840,0.062494121524126034,0.0037170402798621938
16,602,3,2.2928778872032707,0.011090026702480604,1172951,0.06207350794693165,0.007935017227842511
16,603,3,2.2343306046630533,0.015461748767211514,1136120,0.06245055603707764,0.0024688380530263343
16,604,3,2.2598177384461646,0.012501801016405634,1187185,0.06135707628597079,0.003544628934992411
16,605,4,2.2044238394851354,0.013263819480279326,764257,0.041041396360240116,0.0017515616842463944
16,606,3,2.2535562591782194,0.012772774306448742,1176064,0.06285161050625072,0.0054838604086584475
16,607,4,2.2234821273219576,0.018173243761094193,735918,0.03911550831642657,0.005043710458407902
16,608,4,2.2216246971300646,0.013685950938234215,712863,0.03899728077087003,0.00694126833367914
16,609,20,2.5489702015091438,0.01706101130598714,100570,0.005358221937691183,0.003477453693533583
16,610,4,2.226208889901819,0.015261057286908963,765026,0.039565589760669935,0.004878670833052268
16,611,4,2.24342268978572,0.012629099631524587,768754,0.040607947061986074,0.003013572913674989
16,612,3,2.2708286122556123,0.013407591108114736,1236805,0.0627261375127057,0.0025427712817837067
16,613,3,2.2383131291484823,0.01794808022197547,1168786,0.06277985524579564,0.005161016696966003
16,614,3,2.271226089477345,0.013388195949908699,1230565,0.0630397444978636,0.00257998358080036
16,615,3,2.2734443024195197,0.014423754920528997,1198592,0.06262032654947158,0.003927552135681411
16,616,3,2.2636254851175885,0.01600894195472624,1185052,0.062611718708723,0.0037079226334103543
16,617,4,2.2442907234472944,0.011366199094291263,768461,0.04007969405410903,0.003146006276298907
16,618,3,2.244629163762503,0.019260243817135148,1158663,0.0614923290818754,0.005033074413747618
16,619,3,2.2543925280070884,0.017004009267033493,1170549,0.062362148394496296,0.00280848844919257
16,620,3,2.2879007788497945,0.014371114205335378,1188248,0.061581842081968846,0.00236854467555081
16,621,3,2.2679257436184637,0.013145647094200408,1203692,0.06139347434595649,0.005094848924896089
16,622,4,2.220557045357533,0.01669473538642796,759178,0.03983852545326295,0.005243583966904997
16,623,178,6.577428001573954,0.01659810051419608,1941,0.00010302974873852255,0.007315957098640302
16,624,3,2.2855973338646365,0.017774515507110733,1170868,0.06139046572513171,0.0035473461037232035
16,625,3,2.253667985641192,0.0118891339663727,1165829,0.06410666494224138,0.007986909317558077
16,626,3,2.2512960972085496,0.015652925917458815,1197676,0.0637134464239081,0.003820209458472612
16,627,3,2.290396866764209,0.013574465806096059,1161905,0.06076407183737285,0.002537693157962151
16,628,3,2.2546516487545656,0.014349438899157962,1229647,0.06485336979385159,0.011666095789034325
16,629,3,2.2433588410626673,0.016749059464054195,1175625,0.06281794697724448,0.0030492265408398334
16,630,3,2.249549832535373,0.01332620235018761,1197845,0.06415327182248645,0.0019969453916313107
16,631,4,2.2231207895465883,0.010641771238102615,759395,0.0405142559476429,0.0040371364583859926
16,632,3,2.2801373582693674,0.014006297614567065,1189674,0.062246612372398064,0.002577057040523356
16,633,4,2.226793258057686,0.016508523356348115,730689,0.038771353550242874,0.005389864908556918
16,634,4,2.216815340179858,0.01696083468984777,732936,0.039569818538453726,0.005848536883779065
16,635,3,2.238675724672498,0.013371861360586323,1176045,0.06348990662482108,0.01061108540734157
16,636,3,2.2798458024874333,0.009971743899511276,1198593,0.06218548118774444,0.004413379045694221
16,637,3,2.246907197549011,0.014097388568738711,1168622,0.06266341526557372,0.0027108083035486397
16,638,3,2.2690368277454245,0.017261833083983935,1191187,0.06305302011223793,0.0032679944621516466
16,639,3,2.272103653537584,0.010909235781301208,1205615,0.06339506756123271,0.006213721142307893
16,640,3,2.257369821966185,0.013152350022709536,1136269,0.06155369380451643,0.0056610505210162865
16,641,4,2.2286007552454654,0.01327489597089504,791400,0.04096338807903294,0.0025615306377039238
16,642,4,2.2227458779450444,0.01588540311900888,736305,0.0397376180085366,0.0077393302788455465
16,643,3,2.262839027921337,0.01341516317453606,1237772,0.06315261538508635,0.004742613369919879
16,644,4,2.2411031921250895,0.012509663230010681,795037,0.04130486973180256,0.0027948346713941863
16,645,4,2.189993981416291,0.01657189101257106,764431,0.040669751072272706,0.00571394911731371
16,646,3,2.271339174535933,0.015610945109117313,1117322,0.06114268296887219,0.004605431818007322
16,647,4,2.223296976294434,0.014193204355911093,773412,0.040878062378194226,0.004299822448213808
16,648,4,2.228470712339798,0.015207794853586032,747047,0.03962538912123949,0.0020611493224123034
16,649,3,2.2659517676725565,0.01215244841318408,1207131,0.06415341194807614,0.007050730183443488
16,650,4,2.2268671048689583,0.014413293147805373,731099,0.039736563237503277,0.004350305106609276
16,651,3,2.260449267030482,0.012296921129512528,1168975,0.06364984626790483,0.004014000832107123
16,652,3,2.2768961528929106,0.012398891673469858,1186658,0.06240813249820124,0.01066828205373116
16,653,26,2.8111581328794677,0.01547189025140483,66016,0.003515668893604897,0.00853899463423946
16,654,3,2.263656106203462,0.014269600435925456,1153960,0.06282648172464561,0.002275770626836704
16,655,4,2.221585897469226,0.012493248680340185,770069,0.040867651832012276,0.0042422335793183
16,656,4,2.2158939797234822,0.012639986321862806,745615,0.040618916103632594,0.00304287878202969
16,657,3,2.2538859703669694,0.014329834712003664,1172449,0.06295348954961517,0.004644964643406302
16,658,4,2.2173094572336955,0.0168546213025762,773495,0.04008298553064826,0.004845727108849784
16,659,3,2.262480384747515,0.01633858447077824,1146381,0.06247989903203058,0.0026696569009760918
16,660,4,2.198441830934885,0.016559327409578883,699925,0.038947527273702584,0.008698575256206653
16,661,3,2.2648614594543335,0.014112543827596191,1183786,0.06214657914944487,0.002032060255674484
16,662,3,2.274644934248616,0.010121530265415957,1207501,0.06354960038254985,0.00619822661652647
16,663,3,2.2704947938535778,0.016170610481271663,1158359,0.06328766123380997,0.004243857716695221
16,664,3,2.2772140629877096,0.016021554075606126,1190637,0.0627705498758098,0.002987568814354913
16,665,3,2.2655252667402492,0.013827317799621042,1180855,0.06262530244549219,0.001823240107750812
16,666,3,2.241294867187625,0.016348101285011962,1127003,0.061633567378024785,0.003597718438334452
16,667,3,2.241761580834129,0.015230995088950539,1170967,0.062365728155841384,0.0028976963898263985
16,668,3,2.254271374747705,0.013149252571752978,1170753,0.06271434040672857,0.0026290021439316913
16,669,3,2.2420091962619932,0.01298104444047432,1177770,0.06395390162675003,0.007057007602730314
16,670,3,2.271838138801028,0.01449489651531155,1176215,0.06248343575255324,0.0025560012684953115
16,671,3,2.273736338985785,0.011114641897412514,1189176,0.06217622757000391,0.0033633395238439334
16,672,4,2.2031702373232944,0.016319874959301206,743981,0.04021266991976016,0.008286293769133646
16,673,3,2.252834564269138,0.01549793601809285,1205349,0.06333902869215452,0.0017652662383493833
16,674,3,2.2485394824865947,0.013105686678181183,1187616,0.063444062279904,0.002750180669023883
16,675,3,2.25683055237815,0.017293759136774944,1200894,0.06321342794883376,0.003066589733387415
16,676,3,2.258102009722877,0.013018721616259055,1221419,0.06332399231704348,0.002839680901679742
16,677,3,2.2746278677757346,0.016554330163061903,1183275,0.06155166852345127,0.0036648869431666897
16,678,3,2.2774414507778964,0.013389111138774445,1190652,0.06211026934314451,0.001947829388963651
16,679,3,2.260489133886956,0.011178242675167926,1148670,0.06280865186486476,0.004132382682478952
16,680,3,2.2741522143184874,0.00951699843632886,1200412,0.06309043216671685,0.004710170967058669
16,681,3,2.2522633878665395,0.013640114181607765,1205019,0.06411812234236569,0.00414861139449163
16,682,3,2.2584537752659655,0.013225349448515944,1147950,0.061199327695037505,0.003818424551779942
16,683,3,2.2593546294745788,0.014320015900005756,1174551,0.06334219006912008,0.005645930396550147
16,684,3,2.2604118884210096,0.01574505445206048,1185403,0.06273316167401966,0.00248566120748428
16,685,4,2.215243707536131,0.014243192565949747,767092,0.04079775521187318,0.0032217722445728736
16,686,3,2.282452545497666,0.015751842860677434,1134825,0.061111758223774286,0.0037117252023924907
16,687,3,2.2356218353557593,0.01487434379460939,1152821,0.0625053168945031,0.0021501404049966144
16,688,3,2.244415872852801,0.015587329025782304,1153681,0.06276441516224354,0.0034862766371657194
16,689,3,2.2598063256258083,0.010148323066533904,1192415,0.06310889206017138,0.005750519770766682
16,690,4,2.220066200734416,0.015526303486510629,747227,0.039745605402313436,0.007422987705492989
16,691,3,2.254365817606139,0.01453109478739567,1164170,0.06294999428990664,0.00232158553987305
16,692,3,2.2687466628593573,0.014294021151173508,1237692,0.06442113718173478,0.009411542323303657
16,693,3,2.2871313739051637,0.01423699223091729,1207086,0.0627408652663924,0.0035252116559624236
16,694,3,2.249548084635499,0.015817180366931305,1138629,0.06220066079826992,0.004443429786079034
16,695,3,2.261549189576133,0.015240830101653335,1156815,0.06324971025961187,0.004527799417537892
16,696,3,2.2641077091184543,0.01261199026032378,1171199,0.06298070757100056,0.0019618341206941725
16,697,3,2.294705694195268,0.012647805854341887,1187384,0.06285609803947102,0.005018141059193348
16,698,4,2.217742384248191,0.01503951273555637,754063,0.0398311280141563,0.007209610580994286
16,699,3,2.271121047251599,0.012924720331701,1192771,0.06284353907084349,0.004107877199233001
16,700,3,2.267842349772739,0.011318223024811003,1229255,0.06332202393106882,0.007238066371313745
16,701,3,2.257671265700836,0.01645499932516159,1164390,0.06273820679690578,0.004188015666766742
16,702,4,2.223153785021636,0.014069171590678886,757325,0.040684436506116806,0.0029457969146088336
16,703,3,2.2551035102915056,0.014737847501190338,1177424,0.06390416762936164,0.005984153785943747
16,704,4,2.2259448267751867,0.017185898936200816,721888,0.039808852568367144,0.004597936891634791
16,705,3,2.2700226187383032,0.011695332239712641,1218238,0.06346209906613293,0.004325932625510842
16,706,3,2.2547659708737013,0.012849140800042846,1157222,0.06252891812925376,0.002853449222491422
16,707,4,2.2218513260640482,0.01570696588871967,768415,0.04070672573865055,0.004783126933558202
16,708,3,2.267183938165775,0.012691553140829148,1203817,0.06365123675599216,0.00399850588548456
16,709,4,2.200844888566823,0.015313648392115686,743924,0.04021802994127351,0.0045998580541624645
16,710,3,2.281222190704221,0.011851722958526212,1246491,0.06479483359225463,0.00813832316212032
16,711,3,2.2686122106330644,0.014160325778637572,1171355,0.062283022609010245,0.004206250568403069
16,712,4,2.232146149135272,0.014479957660296416,748930,0.038659663434368545,0.0051303029457707705
16,713,3,2.276957310695145,0.01665289988995705,1217704,0.0624770912953695,0.0024257304865695217
16,714,3,2.229465618108202,0.02086872694129638,1153738,0.06244527017690584,0.006641557537908849
16,715,3,2.2766593500376606,0.017466215899009208,1118699,0.061596778001643905,0.006577757027993902
16,716,4,2.224421547352711,0.015434351832538606,729656,0.03965006934697446,0.0031363845504689403
16,717,3,2.2430139337495745,0.014882246177771341,1179517,0.06339538646254166,0.0027967217252774512
16,718,3,2.273667168515275,0.011592472005105159,1194731,0.06282070420355673,0.0053686353405816845
16,719,3,2.270885319786739,0.014456659942290284,1167080,0.06202532553756247,0.00357513947742083
16,720,4,2.2360491422521322,0.017450315909664504,734306,0.03953767945601164,0.006094158212149647
16,721,3,2.248980063843398,0.014061597886884603,1166680,0.06304097998713114,0.0016872573094477428
16,722,3,2.2692821930294733,0.018209628444353587,1166064,0.0613281335260032,0.0054225649193441194
16,723,3,2.2688822192940084,0.011728404205904486,1134957,0.062197522263720474,0.0034549127550848047
16,724,4,2.229900759370314,0.012737406909056892,727139,0.039780382052815845,0.0037234034589114784
16,725,3,2.2461670635445117,0.016007218043294413,1164368,0.06385071638809536,0.006587720827963772
16,726,3,2.256349495983516,0.014028729863556688,1128662,0.05996064468761721,0.004326981452837941
16,727,4,2.212983779706591,0.01785027271917372,741827,0.039558690818169054,0.005494044025977751
16,728,3,2.2453254171888597,0.015162909292954163,1194623,0.06367448541175588,0.0034538374384812665
16,729,4,2.246764186193315,0.014674533128604006,779710,0.04011036717002637,0.0022100281210856165
16,730,3,2.241650749988514,0.01580302328607941,1186830,0.06358878236078477,0.0024101862776265692
16,731,3,2.2711540696624875,0.013700522756580846,1201232,0.06350487899238226,0.001726702707968819
16,732,4,2.2452274394441036,0.013296206244463482,775004,0.04036922176824301,0.0024741862076181342
16,733,4,2.2130098690683955,0.018026090467059386,741567,0.0401276979042085,0.0039776206491550226
16,734,3,2.252468753997804,0.012854851097965136,1168366,0.06261611906069443,0.0033905301912701136
16,735,3,2.245352647605471,0.016222371958132475,1206199,0.0623642695766294,0.003910061353152305
16,736,3,2.2391366715774046,0.018119379972426686,1134479,0.062359694960078066,0.004824675348762408
16,737,4,2.2362339270981813,0.014800213905985737,760210,0.04060760615007513,0.0030426252234696527
16,738,3,2.2601771213128763,0.015266377124674602,1177758,0.0641062758624406,0.00276537265480592
16,739,3,2.274009321859452,0.011769662262796632,1176475,0.06255878803212458,0.005049044085253862
16,740,4,2.227824655811934,0.013833884000724384,739855,0.03910254336846276,0.00726676752781763
16,741,3,2.265096520101378,0.014212957443026475,1166672,0.061768705984703735,0.0018420813461962338
16,742,30,2.7918505581422193,0.016813088381024688,63674,0.003225382913544906,0.005917132826218752
16,743,3,2.2676587781573545,0.010295821620651013,1255681,0.06568728341491577,0.0113685397987634
16,744,3,2.2649213204467613,0.011302075860432859,1166723,0.062380199042752556,0.0031616390398283567
16,745,3,2.245126084312322,0.016748452858388385,1185622,0.06258119741219727,0.0025212834550008556
16,746,4,2.1935115770412694,0.015299959860849754,768235,0.04021266410895345,0.005832582262271457
16,747,3,2.285402325873832,0.010179023545086707,1189387,0.06264574947841603,0.008039744779206215
16,748,4,2.242086864865,0.01353422924843406,733305,0.04004580470493766,0.0037499197752938196
16,749,3,2.231866460642376,0.01603287640256823,1177107,0.06306553917661466,0.002608361434104589
16,750,4,2.243000923157123,0.011695969692599228,770935,0.04087459063641642,0.0029508841984525747
16,751,3,2.26717756742922,0.012109394629618353,1216451,0.06391670663482665,0.006320252886048094
16,752,3,2.2609557983542614,0.014146821635511175,1210789,0.06299473597926461,0.0016515003937839223
16,753,3,2.266276385993851,0.013603871624054631,1131066,0.06125915807531382,0.0025746181037922256
16,754,3,2.2543949948686484,0.01907778997919185,1170409,0.06158245271383742,0.0053540933622424625
16,755,4,2.199667234577517,0.014567326649919887,732090,0.03940726274845862,0.006142690529622408
16,756,3,2.255263572208878,0.012243902859428224,1193834,0.0631251027445736,0.005747675932416096
16,757,3,2.2638920737702595,0.012113681349304128,1191733,0.0634607849621328,0.003762698385363916
16,758,3,2.241838944331549,0.014556503022206235,1235165,0.06338473071323031,0.00303448187944666
16,759,3,2.250660471737362,0.014250984923950494,1233085,0.06454787643488073,0.004526235813267887
16,760,3,2.247624054018133,0.012832351155483757,1182214,0.06261454414508776,0.003761987743250983
16,761,3,2.2422376735462715,0.014720144614317476,1160055,0.06245893923259478,0.003003810129372342
16,762,3,2.271178943823676,0.012833640807009883,1211523,0.06273118254292939,0.004558873591355095
16,763,3,2.2663020074851614,0.014025355817684382,1174991,0.06298608205986114,0.003526703774650697
16,764,3,2.2632757549336047,0.014040365362346596,1154628,0.06171567775383899,0.0020093651293040526
16,765,3,2.230862397146026,0.016925970216359,1206680,0.0637354695959024,0.0048452168533882345
16,766,4,2.2109089664686907,0.01618017050224141,746599,0.040341392599057405,0.003991992309853698
16,767,3,2.2672912482034633,0.015950970370683326,1196276,0.06219814085023752,0.004254737854287094
16,768,4,2.237816340533702,0.014654805024988948,770585,0.04010485755992842,0.001781974782653295
16,769,3,2.248826397207406,0.013369036963740477,1186305,0.0627254574925912,0.0033735870489516318
16,770,3,2.2625677550224164,0.008589079394672239,1256936,0.06517535578248658,0.0061542576607023225
16,771,3,2.2613468496838296,0.012903643405707599,1167965,0.06257233468823284,0.005483183403450997
16,772,4,2.213889630458273,0.015353594423563766,743452,0.03956884366838732,0.010252043618218076
16,773,3,2.2555959243842234,0.014075213966470601,1233893,0.0630077568559814,0.004853417715198871
16,774,4,2.208693245273347,0.019044905904751275,766932,0.04021751265613657,0.00522070661173718
16,775,3,2.260934711804986,0.01233368707754895,1222310,0.06348651830171032,0.001991130594997337
16,776,4,2.2275397652328213,0.017275354240643304,756076,0.03906213391003087,0.004127963445757554
16,777,3,2.2793818463768583,0.014883677966816111,1195927,0.06263840475594881,0.0027145578686372795
16,778,3,2.250456698217846,0.012742544309298554,1151217,0.06339289839318006,0.0029165517606642988
16,779,4,2.211558909143489,0.01846615320949585,729109,0.04032323449073395,0.004319317873289319
16,780,3,2.26473896781011,0.011969039692997896,1136744,0.06280828990923622,0.0038502958802761333
16,781,4,2.2110015525216697,0.015830546946862922,766493,0.041240069271036246,0.003510199935321534
16,782,4,2.234099300847874,0.016021233760269427,764517,0.039742367062009086,0.00554707223519435
16,783,3,2.2640789077104713,0.013791992398531572,1202230,0.06448661710800885,0.006123074924200944
16,784,4,2.23739602305605,0.014405409347211129,756744,0.039468625779436564,0.004590471722543676
16,785,3,2.260585460954893,0.015444947057853042,1209769,0.06278548848911865,0.005705071089825209
16,786,3,2.263525546035491,0.01493218496049653,1201378,0.06461101563234443,0.0028199158897010967
16,787,4,2.2295485224275855,0.01370807448148803,739796,0.03972508247107029,0.0024920948526897524
16,788,3,2.2454314510323865,0.012857541370215664,1196746,0.06368546560044752,0.003086806197492298
16,789,3,2.241329384150345,0.014630787679106638,1175456,0.06363043661370121,0.0033400592217228686
16,790,3,2.2567383423467526,0.018595702326226815,1144929,0.06200569729595069,0.004510997683219609
16,791,4,2.2535341505545,0.012202666908615267,769967,0.04105087711890251,0.006304136552082618
16,792,3,2.2519383581272607,0.011396787022383892,1192539,0.0629497360816351,0.0028303823810036377
16,793,4,2.2446753429762163,0.018621648656757972,714042,0.03774838522805424,0.008495487685368008
16,794,3,2.252745386157782,0.015866958626560568,1136391,0.06205791779619907,0.002859883148862541
16,795,4,2.2671671405652036,0.01623108598930556,745815,0.038996744480461185,0.006979677928443562
16,796,3,2.2606323644827,0.015976255282400653,1178602,0.0619208296305325,0.004860209845353514
16,797,3,2.2597677266877807,0.01010079674811104,1203204,0.06290344437036957,0.004126372655276489
16,798,3,2.2738291858294226,0.010748649999557935,1195333,0.06339854669487249,0.004783212172303375
16,799,3,2.262670949151812,0.016218306154303808,1223979,0.06300819892812154,0.004334208198064848
16,800,4,2.2140908237508636,0.015474789449797965,746426,0.0401647753092093,0.006197291247475478
16,801,4,2.215854872508052,0.019020027467789746,745181,0.03945305406296872,0.005715021572753498
16,802,3,2.2491311192489434,0.014217704813107468,1193344,0.06367843517229496,0.004924505655682143
16,803,3,2.274343826204208,0.012281221079617599,1225940,0.06330866773711405,0.0035102812641887304
16,804,4,2.2267155054893166,0.016124136665945366,725375,0.040021193094180715,0.006671457229843525
16,805,3,2.2649799901755716,0.01586751000550346,1171160,0.062073225374951094,0.0036002744487775296
16,806,4,2.222316074515022,0.014323634427732546,778613,0.0402351167434511,0.0031703460757044333
16,807,3,2.2588627988032686,0.0164582804712588,1186509,0.06193729299907181,0.004573240367517273
16,808,4,2.2263245076701765,0.01665854626955865,725121,0.03892825265363169,0.008732466207040046
16,809,3,2.2551316241824844,0.01238483859442524,1163227,0.06293267577282935,0.002376661208324582
16,810,3,2.2907343560396827,0.01209972407902904,1159422,0.06196696209178622,0.0029021650009011246
16,811,3,2.2643929959884868,0.013141954276518542,1164169,0.06382845970895268,0.001994241990280865
16,812,4,2.2528660059890546,0.012612477580280945,798133,0.04080868726371144,0.004051074618396933
16,813,3,2.2560347146632,0.013483095839830483,1175485,0.06344743942729791,0.001300759263954121
16,814,3,2.2823034650085225,0.010647845386630883,1166775,0.06073792538476463,0.004671538424948052
16,815,3,2.2696160304255026,0.021447734716858624,1146056,0.06095369468775682,0.009713187160763193
16,816,4,2.224713442654981,0.01612039969772383,735566,0.03912104208892194,0.0034961355304194974
16,817,4,2.2478076338477915,0.010773769692178803,732842,0.040058308610807405,0.005272549845612873
16,818,3,2.2809988524947564,0.010573376760201314,1240196,0.06226283616617935,0.004430209186939704
16,819,3,2.2532904375711897,0.010750517743254306,1176365,0.06304524788736666,0.0060656143105647375
16,820,3,2.2603143920635675,0.016220708035266707,1198456,0.062361045150169714,0.004731479002734962
16,821,4,2.2179285334336902,0.017713191263208805,705254,0.03939585287054906,0.00692072650873321
16,822,4,2.229516491131844,0.014882078470753068,762511,0.040117607871797654,0.001794180198864459
16,823,3,2.2372999823384,0.01728006609762317,1105040,0.061905064149531674,0.0031921997521200396
16,824,3,2.279082700968567,0.014829467951215869,1216389,0.06252261286644152,0.007525376182046795
16,825,4,2.2278441586490016,0.012635731507149583,735221,0.040393879622974124,0.0028306960611429455
16,826,4,2.2439824351745217,0.012516671582003536,749845,0.04013989127763473,0.0046140538744662285
16,827,3,2.2669209115305233,0.015514779418357216,1123694,0.06068059834834705,0.002602206519967898
16,828,4,2.208562061253518,0.014693467224928813,749704,0.03952696748161099,0.00899759582137094
16,829,3,2.287480357073739,0.01239415440244962,1189440,0.06331966705856393,0.003052925148663954
16,830,3,2.2752177085196528,0.014221681396285657,1214276,0.06347560782768041,0.0019882781138159666
16,831,3,2.250127601973011,0.01347791395583553,1204655,0.06505377464772608,0.004634487370459794
16,832,3,2.2827550009452504,0.015728813771513694,1177841,0.06166337148898666,0.002412518476971326
16,833,4,2.226141147436639,0.01588658202745752,749114,0.03976379758349339,0.004860902928444766
16,834,4,2.222101269314716,0.01653369840913743,762098,0.04032248335932617,0.0027325935491147035
16,835,3,2.2726310372521628,0.01577153607411469,1225086,0.06277782361233597,0.0023322395414795416
16,836,3,2.267717894193582,0.013703325572211211,1160087,0.06213855548013191,0.0013828394232505703
16,837,3,2.2887248337906305,0.01283977772719802,1169858,0.062357270469006514,0.002062265321833623
16,838,3,2.260244218642039,0.013547240598041799,1200046,0.06432842519116067,0.004932934365310726
16,839,3,2.263953540942792,0.013829474481076742,1206903,0.06289860045359424,0.0018894649747933645
16,840,3,2.271487120772726,0.015557943964540577,1206363,0.06347253505368261,0.0027708804395311093
16,841,3,2.268756719264268,0.014059892713239153,1161434,0.062272703778696134,0.0036867191612566796
16,842,3,2.251807719710789,0.016647461348947734,1137558,0.06106746717247456,0.0024202919455602045
16,843,3,2.2647653298956514,0.01706270789536779,1188257,0.06195903162084602,0.004990115572719667
16,844,3,2.237052761390738,0.014125550245677798,1211471,0.06368252447670004,0.0036695616597051117
16,845,4,2.2099135936159393,0.017742322490484463,745366,0.040280933144381526,0.004817661173531218
16,846,3,2.242035787933202,0.01480884281410677,1168701,0.0632898155526127,0.004137121338720795
16,847,3,2.2509013301067236,0.014722866176965499,1167455,0.06211324039309221,0.003726590138364849
16,848,3,2.2527675630860697,0.01077406297226513,1153147,0.06400228003339017,0.0067764608016558925
16,849,4,2.2494411601183555,0.013049363227522148,766122,0.039240177099698945,0.00624831200445497
16,850,3,2.2734625615566504,0.016393639630634504,1233794,0.06350942278929718,0.0032184049415888705
16,851,179,6.9054814914985725,0.012257389000871671,1089,5.806772370897161e-05,0.002553099051775365
16,852,3,2.278640929188787,0.016506796622953568,1251677,0.06196161289482629,0.003166514260578235
16,853,3,2.2722355693454706,0.015836198461060103,1174764,0.061447754078008295,0.0036874479329270793
16,854,3,2.2660805099850347,0.01181784074977521,1185586,0.06349233721019966,0.005883049267323748
16,855,4,2.2198792700494354,0.017035085316642107,751671,0.03980773767928936,0.005415132842867654
16,856,3,2.2623427988711526,0.014331819998525619,1192208,0.06341181463428697,0.0018092181762046078
16,857,4,2.2483957278195574,0.011029847449842478,772909,0.04060193333134064,0.004431152962120044
16,858,4,2.213568068973579,0.018487707522398145,744958,0.03905154439218349,0.008656435456616984
16,859,4,2.213199681042648,0.01854461705267696,742427,0.03957779112034394,0.009998618918996227
16,860,4,2.2535310712139127,0.013318076692636516,742273,0.03926141425784395,0.002072094581861972
16,861,3,2.2454723990963834,0.013962470713706543,1184200,0.06306497593737256,0.0038139955134600667
16,862,3,2.2309878709682915,0.012475046796657674,1149918,0.06324809961659018,0.0042390674314669585
16,863,3,2.2668539704623876,0.013666132206099357,1161811,0.06151920932096684,0.0015324485467872462
16,864,4,2.231028446788463,0.016679721316190887,755988,0.04020712743276927,0.003968381489767858
16,865,3,2.2575235146384496,0.015843093117736573,1124987,0.061439105060554534,0.0025795968215157616
16,866,3,2.262922480895728,0.01275256368633848,1167955,0.06408216132438789,0.007899718495771313
16,867,3,2.269339956505106,0.015109849404550235,1206991,0.06296898417906822,0.004711974500615557
16,868,4,2.2395208598748555,0.01385509373786209,760180,0.03924905829727922,0.0035277317259103658
16,869,3,2.268202259867299,0.01338982718302506,1160655,0.06356854350752805,0.003353276935241123
16,870,3,2.2591044268472014,0.01432020876472384,1185950,0.06156794735126742,0.001194834923096244
16,871,4,2.2139792029481256,0.013934402045384542,759828,0.04033283180135618,0.003252537613501638
16,872,3,2.2535320992044516,0.01242199359970153,1177286,0.060751330489568246,0.0031407574621895584
16,873,3,2.2698277141539376,0.014866696041761052,1155813,0.06222933129687741,0.004243734704141078
16,874,3,2.2695223172268784,0.009183251858298824,1175710,0.06375318654770945,0.007206149176410381
16,875,4,2.2341653599425024,0.017582372469762575,743706,0.03922948573444474,0.005930356314306828
16,876,3,2.2469191148303476,0.012303408868179821,1195962,0.06263104627439743,0.0022056176975288055
16,877,3,2.251898730553998,0.016892724428961836,1191535,0.06378948407574296,0.004199329626874748
16,878,3,2.2560240082508813,0.01575865709872165,1207961,0.0631574428900775,0.003053569676746304
16,879,3,2.2695233616981136,0.010483532877307244,1245862,0.06444982310029918,0.003999219242118324
16,880,3,2.267155904581755,0.018210269818139113,1167637,0.06157824426665699,0.00599937039374443
16,881,4,2.2032469474724556,0.013781889494114408,763227,0.0401805766635339,0.006757981762177345
16,882,3,2.2549650018703224,0.014804572692159956,1156997,0.061429177682047593,0.002905254227599019
16,883,4,2.218568899463737,0.016288028810920174,758892,0.04004106402400948,0.0040431788278901815
16,884,3,2.2577552088006496,0.011600126667834498,1170666,0.0632997660538806,0.0032599550636958075
16,885,3,2.2643429621951623,0.015550674991338831,1186209,0.06265076976624183,0.002665651634501498
16,886,3,2.2551373991165913,0.009974160562847167,1165623,0.06366635251051367,0.00594749600637412
16,887,3,2.281010226299577,0.015026245296078933,1117897,0.0616451394284561,0.002330831493592478
16,888,3,2.2657367092171343,0.013735644224278865,1227315,0.06404191096055066,0.006895571254500132
16,889,4,2.2399323275258896,0.013913963568713106,797077,0.04108423872718995,0.0029335295140162643
16,890,4,2.237401067663671,0.01573851097724166,741472,0.040127983606599076,0.003070473549986741
16,891,4,2.2238477517945734,0.011744414959508287,749305,0.0401465303754723,0.0033677285788396016
16,892,3,2.26956189313513,0.01105764112906693,1226189,0.06408120900199075,0.008144739940131207
16,893,3,2.2829697326570693,0.01187237575720268,1159758,0.06242341779997333,0.003764372040079622
16,894,3,2.2775758422797416,0.015382009140535391,1208614,0.06215064770190538,0.003030780360101515
16,895,3,2.2607844001761648,0.015210476433636932,1230817,0.06346197405158839,0.00529063796617002
16,896,3,2.276976403113425,0.013196183520874205,1251258,0.06384504578623607,0.002588673351584081
16,897,3,2.2844842877555633,0.011991930224697522,1211137,0.06369873935993743,0.0042580839844272855
16,898,173,7.238535343944595,0.018630893593102993,1836,9.49919577614845e-05,0.0062066908377542696
16,899,3,2.2598604213408238,0.015089000315506862,1192349,0.06217779479866027,0.0020807099569051246
16,900,3,2.276220310571241,0.013094045349988925,1208709,0.06353365602954979,0.0013014304523556453
16,901,4,2.2257138050316927,0.012709365184717547,785606,0.04086367335610016,0.0026731265549301275
16,902,3,2.2876629591955653,0.011505859259670181,1182821,0.062473505482074254,0.0033816912066885196
16,903,4,2.2347909556396894,0.01220774200291197,761583,0.040598352904688814,0.0044217800682723185
16,904,4,2.2000204767048355,0.01657081823996087,777817,0.04004257455050902,0.005518730866696131
16,905,4,2.2374218405398643,0.011933521495675503,770430,0.04091997741840583,0.0028219116365302277
16,906,3,2.2834745419183013,0.010156727570863167,1187372,0.06462609433977669,0.005881749204231124
16,907,3,2.27300737453198,0.01344975814577476,1257115,0.062061719942708996,0.005617550803989291
16,908,3,2.2865717086972097,0.01454052104586634,1151494,0.06165846334421398,0.0020921373894933204
16,909,4,2.222700187962208,0.015818304998290067,747923,0.038935013583367664,0.006829592992699585
16,910,3,2.261874982170991,0.012180265036002447,1193489,0.06347837580023515,0.009324263492211937
16,911,4,2.207478334418736,0.01765645729361709,728197,0.03916333182692103,0.007551500798162913
16,912,4,2.2410820063770864,0.01198561557195199,761990,0.03982577406353716,0.007388415798068038
16,913,3,2.2673972245217486,0.014426620061451956,1149395,0.061395720858819516,0.0028284848438980825
16,914,4,2.227744821669023,0.013655497428746388,721806,0.038530461070945744,0.005689393830416056
16,915,4,2.225562427976618,0.01323963077859569,756847,0.04006461606236183,0.0025284754829372202
16,916,3,2.2601351422932963,0.013140913514851138,1185702,0.06341680979594178,0.0025867866338395995
16,917,3,2.2795311250829484,0.00824588648141944,1235843,0.06322949553847983,0.007605882107203643
16,918,4,2.2243352545331443,0.013281279537948443,752934,0.03948570940407066,0.005066288857096368
16,919,16,2.5786507086241315,0.01399705199132717,139144,0.007434831413605404,0.006015803700199607
16,920,4,2.210291902258793,0.014835557384538123,752953,0.03988964553268212,0.004089705071377847
16,921,3,2.2788800925953923,0.010868149111586844,1172004,0.06204241230239665,0.0051496672774632435
16,922,4,2.2006332802008326,0.018421215273707436,717534,0.039677062264820866,0.004957701386040736
16,923,4,2.237204849559054,0.013076332581242855,769593,0.04132174073282003,0.0036660173384126526
16,924,3,2.2629572884071574,0.012215352353942444,1252164,0.06428988847370637,0.0027724985317021944
16,925,3,2.272360938114376,0.015287598790152235,1146912,0.062028497223538544,0.0020214837000713803
16,926,3,2.282848778260145,0.011536672724885344,1166447,0.06186368072583794,0.007062608634068934
16,927,184,7.074341537516519,0.012914118736995994,1180,6.206415055795145e-05,0.0037716785701384925
16,928,3,2.289374751791503,0.014212514251276454,1186737,0.06358258676887997,0.00680922126067629
16,929,4,2.2317312629367008,0.012711912182027829,751883,0.039828152916655785,0.0022399464012471393
16,930,3,2.2815727122207066,0.014163521015004843,1171649,0.06190839494192157,0.0028126033092916725
16,931,3,2.244216593309726,0.015274735023538821,1117077,0.06222814317502645,0.005728307015920975
16,932,3,2.2544851062676923,0.015612608167025699,1187883,0.06318677168477206,0.003993095465682606
16,933,4,2.2090046234989043,0.01882447585742575,750609,0.03931859069738327,0.007808693451260784
16,934,4,2.2334036361772194,0.010240517766873292,770836,0.03943560200408222,0.009282149792490979
16,935,3,2.256021499449906,0.013327119148509203,1150330,0.06272967128775372,0.0022006036113072502
16,936,4,2.241738310998881,0.010745802216537537,733384,0.03909352848327393,0.003532907821753084
16,937,4,2.231916249239515,0.018046934340268272,714394,0.03810167173022083,0.006282530449418622
16,938,3,2.2697683163087996,0.013725039525093297,1156869,0.0621559143563217,0.0019480942660575762
16,939,3,2.2650340464886964,0.014408904769211084,1181720,0.06280686055943666,0.007059858676298991
16,940,4,2.2120487775289597,0.01778213239596249,729906,0.03905799044518519,0.0076597261327175925
16,941,3,2.269015939982781,0.01212421403564412,1169817,0.06443081014755642,0.0033451253554298566
16,942,3,2.2554042894496806,0.015886173843977613,1176336,0.06398815991448054,0.004964629385251218
16,943,3,2.2587758188598395,0.013704162493643701,1209517,0.06226545570851919,0.0034672711513846766
16,944,4,2.2854975415758636,0.008986757265287859,787652,0.03974475821129716,0.005862963653863518
16,945,3,2.2797627165906604,0.011465523041594095,1225704,0.06319187583107588,0.006016150141681886
16,946,3,2.272367415231262,0.013240661939439513,1185574,0.06289223299430939,0.004502635797070109
16,947,3,2.2622804742145535,0.013226489057817203,1169509,0.06183452394497737,0.0034159411280434426
16,948,3,2.2572674355666886,0.015508044968360668,1146292,0.06313964937668509,0.004413414113757397
16,949,4,2.2398226605111486,0.014514951215817029,758695,0.03970818920461885,0.004178868473990183
16,950,4,2.2241739893558665,0.013058338966239758,744538,0.03920740935348886,0.007305942215089789
16,951,4,2.2095805650272022,0.015501576234382197,726772,0.0390336280571724,0.009112036829305503
16,952,3,2.2608816760525103,0.011981233537478486,1194120,0.06283077552535772,0.003060365369974005
16,953,3,2.2599868400786716,0.009309290317396357,1182750,0.06338685322096858,0.0050955989534478
16,954,4,2.2125577572893,0.014497343714340305,772629,0.04118143975377771,0.003185559292081974
16,955,3,2.257304153578844,0.016095534404230838,1181872,0.06348019579369689,0.0036702850597067904
16,956,3,2.246522625899761,0.01698702308011324,1102218,0.06086327362310412,0.0042877118011298565
16,957,3,2.2739845371409166,0.015515015972133728,1164329,0.0627946476325368,0.004285328194133409
16,958,4,2.2265999687953735,0.01229820554143446,754620,0.04092103620640271,0.005398178075230686
16,959,3,2.283498157807245,0.013045130806190852,1173511,0.06290344462680704,0.00403004920278538
16,960,3,2.241813308548513,0.016606059576009247,1171845,0.06258360382158686,0.006937117702975559
16,961,4,2.2372205888734893,0.017860857683950737,742463,0.0387796822989219,0.004272133662491906
16,962,3,2.2541538711353755,0.017162252356072605,1150415,0.062211890481894135,0.004390131930390728
16,963,3,2.256544534693698,0.014719807372555738,1220187,0.06349156544956379,0.003305425052085087
16,964,4,2.2252321968500426,0.010436939213364527,802062,0.0414605880631581,0.004224274383544557
16,965,3,2.2545641084640797,0.01347190045232155,1256100,0.06369785603290605,0.0027190297147473563
16,966,3,2.2930551685339906,0.014108990755334783,1231930,0.06240700157186435,0.0029917909640285734
16,967,184,7.296688984719914,0.01708939384657271,2700,0.00014011986787630591,0.010760926431824802
16,968,4,2.211117576491984,0.013135319285473956,743306,0.04000769037085694,0.005703206508426706
16,969,3,2.2654546063924026,0.015752273627881674,1219999,0.06231086784655967,0.004072218460143828
16,970,3,2.2556968175711805,0.017066470654251154,1190727,0.06249996391387346,0.0035551307808725507
16,971,3,2.2580745881135442,0.013009653783667807,1176209,0.06367041948644207,0.0029638093021876477
16,972,3,2.2447917473308685,0.014905589502680394,1207109,0.06323463683756043,0.0017920162654373462
16,973,3,2.2507138760766883,0.015069131359860266,1159029,0.06264361324076652,0.005371777230607555
16,974,3,2.2804006820607556,0.014387538664968669,1178680,0.06099144578776469,0.0052055087437061776
16,975,3,2.262657746840475,0.012610376163877057,1168269,0.06229705793630814,0.003294981014799636
16,976,3,2.2504403829806074,0.016908318506934417,1167011,0.06265077044957973,0.004425551491929136
16,977,4,2.215353706981787,0.014085338562788485,756832,0.040984764633766414,0.005636072905311984
16,978,3,2.244266624869891,0.015935991047009046,1167095,0.06146155800319174,0.0029786301492839007
16,979,3,2.2606562799428533,0.013242339129609593,1174545,0.06335620650192635,0.0025533913660007457
16,980,4,2.215856681749825,0.013806195928902754,794508,0.04134981508049263,0.003998773544345857
16,981,3,2.2728734241450623,0.012978836776656788,1187995,0.06344105969657957,0.0021789607011282186
16,982,3,2.263030720831831,0.01367334146290089,1192263,0.061762705223096785,0.0026262000801735574
16,983,4,2.2412989762853965,0.0073734175375561595,766469,0.040809710175446254,0.006700495483589641
16,984,3,2.2521242073839858,0.014344437966453127,1199691,0.06358421452394772,0.005360061830969487
16,985,4,2.2259644383482446,0.01194506868863321,781657,0.039984320496178644,0.002433236988914622
16,986,4,2.224049177990116,0.015203073269308476,751584,0.039477772952380474,0.0053481772683653395
16,987,3,2.2922088908784435,0.013437354173333638,1188917,0.06282481680584472,0.004185291630029786
16,988,3,2.2623773197729338,0.013723349107441662,1212810,0.06388216534525397,0.0021943044850016857
16,989,3,2.2671907045218296,0.0172860623688027,1154737,0.062158869254055026,0.004797167783473499
16,990,4,2.237134903399924,0.013079792843524007,753949,0.03910891620669516,0.007741456491575316
16,991,3,2.249725485525032,0.012403224785705658,1194920,0.06397003068411508,0.009334243326263869
16,992,3,2.256947070085314,0.01412181613736968,1197413,0.06291905294769462,0.0027345590195222425
16,993,4,2.216916255497936,0.014302032162995193,765210,0.040148701459374686,0.00282877541014126
16,994,3,2.2535041361348993,0.012227439831699882,1177505,0.06329509591141756,0.004663201221646096
16,995,4,2.2678915649383775,0.012192672030287732,765187,0.0386927044202362,0.003910652745923171
16,996,4,2.242119119335634,0.015382999454210733,764555,0.03960235773766374,0.003859098963812646
16,997,3,2.2580047510518955,0.015523053567634282,1242285,0.06391566179516736,0.0030566016307204125
16,998,3,2.262403665757837,0.013321025964545818,1166751,0.0633559906940759,0.003093912172795421
32,0,4,2.427949418898736,0.004980634505127535,674222,0.024819695873302496,0.004223479605276692
32,1,4,2.4411552079252172,0.006271600242823694,649895,0.024509675437582534,0.0028967717733947573
32,2,4,2.4154424601086286,0.010487724481721528,667480,0.02461955106904429,0.004985149458675564
32,3,4,2.4191546098487953,0.007537605351270904,679608,0.02535756223116907,0.0010640761237765695
32,4,4,2.4406575096673095,0.007796458273743978,698753,0.025192653114790034,0.004508707656312616
32,5,5,2.4602065665490493,0.004638328130752822,488057,0.01749999148409309,0.006054553461332324
32,6,4,2.446941523827769,0.008214019783632565,636200,0.024413344866931152,0.0029092564457959824
32,7,25,2.891896824073958,0.00673420342541986,47204,0.001749845363106258,0.005568968097825866
32,8,4,2.4463748612451184,0.007979809907238788,669359,0.024892595297175697,0.007762278552954527
32,9,4,2.4220190197709375,0.012779890742238287,632221,0.024125437115923836,0.006332141809768266
32,10,4,2.41926120149363,0.010392568821184889,667134,0.025269231818140496,0.004081017020833411
32,11,4,2.398469374345627,0.013833182480210648,668531,0.025392897459232712,0.008526759043803123
32,12,4,2.4853138072337497,0.00861310822337541,655624,0.023977509655933867,0.003781027552642424
32,13,4,2.4373194580783735,0.006374152227485164,672869,0.024895212558450393,0.0030823571458225008
32,14,4,2.424997065821409,0.005950956252584683,653715,0.025326933492851512,0.004625995946714534
32,15,4,2.411381508202377,0.004184364745971503,646158,0.02434435141935061,0.0032904255913390745
32,16,4,2.4435339039411597,0.007356582218424057,676117,0.02525752048885914,0.001498099304142575
32,17,5,2.405103408467241,0.009743717211971203,436884,0.01657012166039989,0.004834450489633102
32,18,4,2.4047646752851475,0.011115509087474496,640613,0.024780983259752663,0.004795929268428978
32,19,4,2.416053053194294,0.006264277145613506,683338,0.02509354933713088,0.004342543712128499
32,20,4,2.4081895274593155,0.009737105676980828,671822,0.02497499515330699,0.0031538708809055738
32,21,4,2.4493224222813414,0.0036711756015904706,696164,0.0256322560442067,0.005016182862148
32,22,4,2.4459324457500173,0.00801585601372301,653845,0.024518561970187737,0.0021419168436522806
32,23,4,2.400234121950523,0.006310967910560739,698417,0.026312502870325053,0.007075328974909312
32,24,5,2.4014505816743874,0.007609691861648726,431866,0.016170164106576023,0.00609550439730977
32,25,4,2.421124402975479,0.005262855073811412,691140,0.025802175926010616,0.0032791759725764313
32,26,4,2.4187636064299083,0.00813006100949537,654379,0.02442082279318094,0.0026466320310576386
32,27,4,2.422598842044641,0.006052666219415692,666426,0.025228211960045432,0.005079105508010051
32,28,4,2.460459006512916,0.009143805373417746,636751,0.023783505930160903,0.002097407266997142
32,29,4,2.435626528431385,0.0048634964729863395,704061,0.025693063247702805,0.003286370560348806
32,30,4,2.430128786521208,0.00859848566221999,725624,0.02593947130199506,0.003945068403480745
32,31,4,2.4314723868172714,0.009767055015986181,671801,0.02538852932986778,0.0030366351540904724
32,32,4,2.457419177902935,0.00740048467521448,648047,0.023747170196707218,0.001995236095878483
32,33,5,2.4117040145922783,0.008461852351428933,474831,0.01717832396232766,0.005712865975424752
32,34,4,2.428648940277893,0.009424476482826627,664914,0.02458533775971021,0.003708039988079559
32,35,5,2.451106434435627,0.005174990858275108,467260,0.017025377344063727,0.003679217453708361
32,36,4,2.404989815429552,0.01068504744766885,692944,0.02530988948984544,0.005123433417041023
32,37,4,2.443508315988679,0.009992609262284957,685647,0.024647435699262654,0.004733103324743304
32,38,4,2.4594700808858296,0.0061988112524993255,673819,0.024936760559669046,0.0046474741267616415
32,39,4,2.4120831323542036,0.010345039191605232,658605,0.02526100507122525,0.004900465427833289
32,40,4,2.4217515277798096,0.012528110369586232,650423,0.024339291496453884,0.005713641796734059
32,41,4,2.4180802582772585,0.008397373099096495,663727,0.024671131252290174,0.0026300598634730887
32,42,4,2.4422591499097246,0.009097685362968955,643853,0.02443997659300001,0.00277113047409977
32,43,4,2.4475761196760906,0.007455449993454488,695864,0.025288129332778582,0.004071687303117022
32,44,4,2.4276131969326706,0.007456505224478938,633023,0.023811619542813956,0.004629155952661779
32,45,4,2.4620710828173666,0.007937036051144819,676341,0.02454970643953521,0.0022511024348262354
32,46,4,2.4318161891178756,0.009232205358674972,639510,0.024283716558816882,0.0027830037364078297
32,47,4,2.444648444348795,0.009394091412176508,658413,0.024767503600414464,0.005514361706199455
32,48,4,2.3989312660980118,0.008687266215488654,670637,0.025092579438083698,0.0029932846668382362
32,49,4,2.4051379307998717,0.008108372000731001,671623,0.025133663023607845,0.005274141092038054
32,50,4,2.441202825506154,0.007514675332401577,687127,0.024940282330615005,0.002177301787760433
32,51,5,2.4378185782829336,0.006982726161705699,439409,0.016426674159329645,0.004618740816314193
32,52,4,2.408844237152657,0.007480224560760473,683992,0.025355184321000982,0.0017566257826558962
32,53,4,2.4162280499818793,0.008469791594322817,677674,0.02517846015826739,0.002413453772916241
32,54,4,2.4120815974308436,0.008069053635979762,660063,0.02503146173386625,0.00593150104839224
32,55,4,2.4376839297092645,0.005914246022491576,601709,0.02335229004841346,0.002617166660302872
32,56,4,2.4787450512230196,0.010658738172162563,662214,0.025125284190095507,0.004788525194803328
32,57,4,2.4514021581515726,0.007918486179645079,660916,0.02481824893599356,0.006065530341993641
32,58,4,2.4286782857564946,0.006686046536750534,697756,0.02576947013069875,0.004215558834818389
32,59,4,2.417896990974784,0.010510660280119932,642536,0.02476860576058893,0.0034121239877920595
32,60,4,2.442016084810009,0.008052986906439186,702557,0.025252199584668268,0.002646259096720227
32,61,5,2.4311050855268204,0.00776736230774111,438697,0.01668465721371241,0.002705115772673683
32,62,4,2.4289377404488746,0.005011800615367101,682939,0.025458353738181172,0.0036234316794546695
32,63,4,2.449776708596776,0.010552142178102408,623768,0.024183786354790703,0.006233951937731463
32,64,4,2.4050393769075766,0.00899295683014123,700993,0.02525763768324401,0.0024886026984186627
32,65,5,2.428347454947497,0.009254754169932933,451000,0.01674368514327991,0.004747000408013957
32,66,4,2.423282866573238,0.007121187274858332,695295,0.024770385108334965,0.001535712529998401
32,67,4,2.44552838327377,0.005236176522534941,695774,0.024983232278163462,0.004177616431754849
32,68,4,2.4122022517518014,0.008136382307605994,657126,0.024592482093874747,0.0034278217733481053
32,69,4,2.448199161820163,0.006843773732160052,662239,0.024582800032072315,0.006689300429709277
32,70,5,2.394753713028273,0.00818026517089665,456282,0.017268037920790204,0.004073578464005911
32,71,4,2.440873753985912,0.005795616658147207,715053,0.025503608100729432,0.0052444230458600916
32,72,4,2.4123953112701226,0.013486247328269974,636883,0.023871092807993856,0.006981893196547406
32,73,4,2.4124414273628716,0.00791178623415223,652694,0.02455197592372063,0.003848681623549677
32,74,4,2.42332857300104,0.0062955733599328045,662124,0.024519643851843468,0.003669029370538701
32,75,4,2.432726138363012,0.010422849946860602,620548,0.023827586247942317,0.004629786431344263
32,76,5,2.4525586011903964,0.005763123091003908,447253,0.016531699658752525,0.00228639906840844
32,77,4,2.3983286622604036,0.011666954780283234,662063,0.025447176189551893,0.004497781269686252
32,78,4,2.456668459980016,0.00782466753680866,692099,0.025037735731653545,0.002515002385312326
32,79,4,2.4169117167206564,0.008220797776496203,645804,0.024271619158780507,0.002630338051220593
32,80,4,2.4367576950875085,0.009586266627324425,673548,0.024878362342539224,0.0028061080867669563
32,81,4,2.434928502260092,0.004887909851699068,675343,0.02545289742415591,0.008238099167945212
32,82,4,2.4516424722560455,0.007047815692780124,665227,0.024446186983249824,0.0022499085725468104
32,83,4,2.407451281148608,0.007398626015560628,678702,0.025660199990177546,0.0012159134283561412
32,84,4,2.4371111269673214,0.006960933183642215,677822,0.02556656023582934,0.0036269400887233294
32,85,4,2.4401762960229614,0.011522809941395873,678384,0.025340102906254124,0.007488283709981225
32,86,4,2.451658174507755,0.008631524680947744,700114,0.024791921642521732,0.0036356691665720975
32,87,4,2.43349338520272,0.006466980902357311,641838,0.024289445229824794,0.004883497361180933
32,88,5,2.374647694607763,0.008729558406262217,466017,0.017437979094272225,0.005323409020855263
32,89,4,2.489021073872192,0.003953659436242762,668611,0.024075204718691297,0.004012451771075454
32,90,4,2.479505518688354,0.005629287826080298,701842,0.02540107996988824,0.0029845317056488296
32,91,4,2.467110695820973,0.007637486995667964,651304,0.0237396944097172,0.004709433165039467
32,92,4,2.4289109930620993,0.00793134304128229,654281,0.024707470611115098,0.003331436477722549
32,93,4,2.456682229846912,0.00839338841227455,652077,0.024001662544597974,0.0032919543013907315
32,94,4,2.4430654713498465,0.006193902417997776,713352,0.02545605772540565,0.004124149174046798
32,95,5,2.405726447276392,0.008357576865229421,463761,0.0172387273106558,0.005475651681420279
32,96,5,2.4237541064073294,0.006901425117207705,449287,0.01675435205301942,0.0036141946940624337
32,97,4,2.442892593339769,0.004212731736587538,678757,0.024813890429497235,0.006281948197262965
32,98,4,2.398856816203374,0.00945714031664896,681814,0.02561733677220294,0.0038955262860211337
32,99,4,2.4099519368270195,0.00868101661587195,668550,0.02445454620274174,0.003170315281438185
32,100,4,2.458069107643149,0.005710259734102885,650083,0.024474665667926613,0.0025145039701418015
32,101,4,2.4521668163013217,0.00675785192737266,662159,0.02489257504596784,0.007287954095071714
32,102,4,2.440719559961579,0.0039012888706970728,653340,0.02429643931877446,0.004564846342266393
32,103,4,2.4478785151142515,0.008696491963130326,681440,0.024566315876374586,0.0031348779325025
32,104,5,2.38885720276523,0.006775570135153175,447510,0.017382556266271505,0.0034386852343102348
32,105,4,2.4346700920225017,0.004569069366074263,667970,0.02432447126584662,0.004840452411087881
32,106,4,2.430614515671885,0.008296273881129856,695707,0.025357361338872703,0.004598508800385703
32,107,4,2.43008176811284,0.005724949566313864,688289,0.025601326484580786,0.0037532442359536344
32,108,5,2.4032908912819053,0.008205441125821666,418139,0.016470431695403662,0.005685070591774921
32,109,4,2.4163940296864177,0.00977536360771325,666399,0.025392654127335587,0.009309263344527308
32,110,4,2.4476090918613624,0.010948198438591628,691623,0.024953733758648775,0.004544195380120963
32,111,4,2.482759309390651,0.008088661327437796,653595,0.024132133747393113,0.0039066219510327516
32,112,4,2.4471829198962625,0.0042597865432861814,703387,0.025108865399572463,0.0036528941210169363
32,113,5,2.4021902217903413,0.009887656604976924,449777,0.016831353302895393,0.005105481022131708
32,114,4,2.465833359786447,0.005383172229170952,656467,0.024580269397568907,0.003923474621332468
32,115,5,2.393687493269266,0.007725771129623582,470701,0.017485281580972192,0.0027486020995137195
32,116,4,2.4158561676605728,0.011869878920216292,663398,0.025552388138633485,0.005028226888961651
32,117,4,2.443031046460188,0.008195534558973205,646603,0.024453263529283894,0.0031544383687677757
32,118,4,2.4171020547563935,0.007543937887073193,657814,0.024653177315796845,0.00255032275407463
32,119,4,2.42618336000551,0.010536183836060697,659106,0.024717390470349546,0.004077812439675088
32,120,4,2.4315306601455924,0.009512106488362981,620097,0.023940028952865944,0.0060969266735123595
32,121,4,2.4384433214474104,0.009794024547166491,675516,0.025132248114707486,0.0032013700642740117
32,122,4,2.4113305173058426,0.011156954054454715,640676,0.024110740598905084,0.004550416747765129
32,123,4,2.462898165712947,0.006842408189075777,699797,0.024794681231082815,0.0007455978811385933
32,124,4,2.464596581072258,0.00942346650042647,658080,0.024795771546271893,0.004048621664715424
32,125,5,2.411334635596132,0.00848693370393816,447476,0.016839505710102842,0.005330646735759392
32,126,4,2.4081200750796232,0.008188793438350661,654756,0.025433765546064642,0.005760699763862398
32,127,4,2.409046869551188,0.013026597082873015,655716,0.02471707983553912,0.006638595942250802
32,128,4,2.4235707724860585,0.010092746252911011,676118,0.025344396855774092,0.005619541307331444
32,129,4,2.4334681342623945,0.00657281678750532,703715,0.025338739536020373,0.004763672082222392
32,130,4,2.456141413241598,0.007288885260272049,680462,0.02463504696759306,0.0019108924648519876
32,131,4,2.4174574980340364,0.00962487495866493,646750,0.02449703524323217,0.007838236365054096
32,132,4,2.4697740790830585,0.005609501302650366,680205,0.02460754207299834,0.0024224141095980922
32,133,4,2.4281682650600063,0.005709933896884678,702491,0.025892758743847857,0.0025354715522214466
32,134,4,2.4463455574805417,0.006047938269168052,680865,0.024956908723615574,0.0036748033493838594
32,135,4,2.4335442146425295,0.00674054676454372,631791,0.024329944627214727,0.003912465621007999
32,136,4,2.408489703634677,0.00898260813596019,643525,0.024769708396993693,0.0024782540042376233
32,137,4,2.3945984195497867,0.007742829404958629,724501,0.026264008494084008,0.00207801273493996
32,138,4,2.4411251826074807,0.00772615859804715,681974,0.025331299224268102,0.004439815113319812
32,139,4,2.423131524782788,0.010825310806122812,677318,0.024696603200672015,0.005953149428718274
32,140,4,2.4539886612506487,0.007526149384692871,659176,0.024983788561836882,0.005885788736202935
32,141,5,2.37308841640152,0.011763522824063344,442334,0.016617422443306655,0.007576867815389077
32,142,4,2.45284718238548,0.009081479002240656,638687,0.024202274044512705,0.0027911963321962663
32,143,4,2.4337427610412683,0.009514401363883984,668792,0.025060566883698468,0.00417283627117615
32,144,4,2.4657345481244697,0.006413721581404963,717329,0.025738663129827664,0.004166613877972902
32,145,4,2.4400285700875215,0.006761960165395098,651257,0.02431076502327537,0.0030184806179222035
32,146,4,2.4270965581002817,0.006765247618750081,691814,0.02500649548468027,0.0037625970872027237
32,147,4,2.442406607424011,0.005906560951393636,694626,0.02485504746828649,0.0025505637281940663
32,148,4,2.4446861300131415,0.007088164509874928,641570,0.024090492566969518,0.0020585971530933667
32,149,4,2.3920857205308477,0.01228978245447887,670512,0.024858405091770362,0.005536346302673412
32,150,4,2.42154301347457,0.01077260860939877,659508,0.0243970144779265,0.0048175802535633805
32,151,4,2.4157254086343216,0.007856790662842283,655194,0.024683471698795596,0.0025890487643629445
32,152,4,2.4579840051646906,0.0064368288695372256,634301,0.02426878956322025,0.00524967167248136
32,153,4,2.4329973448076476,0.00583864591516603,686640,0.02555817024136994,0.002639579110461754
32,154,5,2.4135592134554056,0.00893306354901835,460362,0.01718943118187953,0.00393442844605435
32,155,4,2.429023457208563,0.005333203068160319,677001,0.025193731883193696,0.002047156404694106
32,156,4,2.4029843575543706,0.0068589123883644465,690221,0.025663383102868143,0.0038712901018747026
32,157,4,2.437275202091707,0.005430319536856132,654698,0.024741758289931512,0.005701931365518664
32,158,4,2.394191472707978,0.008399558452111378,651773,0.025485675112140834,0.003612054922175867
32,159,4,2.399844393853307,0.008555751576519555,633391,0.024630845115980887,0.003725156614760472
32,160,4,2.441926302851478,0.007186801288215583,655649,0.02421365245103546,0.0038403031447630243
32,161,4,2.4320550983663667,0.013705873725333162,688915,0.025201211138934226,0.007434986345682737
32,162,4,2.412625070591561,0.008975385614392928,646728,0.025041046643328558,0.007291787386305759
32,163,4,2.4299136819622036,0.008876015644844637,646079,0.024227888604939754,0.0022813788040471072
32,164,4,2.4321604067481353,0.009667986849670851,692484,0.02539442393774412,0.005585618029788075
32,165,4,2.429628699282892,0.007037531299681654,659611,0.02450641809637274,0.005167231703877895
32,166,4,2.471704413686796,0.0070437890857840135,629561,0.0233967956222389,0.004471877551499581
32,167,5,2.403575408014455,0.0072369203053150866,464589,0.017115636731129234,0.004004525618105437
32,168,4,2.378703162259713,0.008470884026251846,712311,0.026454267765495285,0.005027940047142687
32,169,4,2.436885337132509,0.004576537564296879,686980,0.025615128683228093,0.004541475079263113
32,170,5,2.4059750903286785,0.006474106861049211,450537,0.016949028843975165,0.004766549652900076
32,171,4,2.4129638192262575,0.011755057090715115,694118,0.02593618377093888,0.005530798279291926
32,172,4,2.446737326759356,0.007438795502347495,674782,0.024532032989411572,0.0025497007321858556
32,173,4,2.3975840710077136,0.009411500517100935,685568,0.025119158524604113,0.005647715915020168
32,174,4,2.4314243075072004,0.006830058710282416,690621,0.025482432046700285,0.0027279406155391595
32,175,4,2.43627074639184,0.008979108242602063,638951,0.024470456436585502,0.0071478128388294815
32,176,4,2.439551005462452,0.008536916604494516,667758,0.0245145462122754,0.009972730252991724
32,177,4,2.424553484070743,0.006947597807998029,664627,0.02439615634092783,0.0032355230570990656
32,178,4,2.4278913610513,0.008324550824381771,690148,0.025375503572748155,0.0040992829678614395
32,179,4,2.451230441205203,0.004451308897831074,658510,0.02440106666429515,0.0031906329070320316
32,180,5,2.416860966304156,0.01028429296574962,450538,0.01669878889322127,0.005478101115081013
32,181,4,2.421443246074207,0.009025927312286575,669639,0.024678502542905975,0.006601528524315503
32,182,4,2.422028720655902,0.0055948767929134835,676758,0.02543083763848745,0.0035261553791388067
32,183,4,2.419090334817547,0.009131972701069802,623871,0.024047615798757544,0.0023421532929506217
32,184,4,2.3950116329543656,0.007677193440246088,646359,0.024605795968999755,0.0021574858283291976
32,185,4,2.457047024887764,0.006760302269876561,672302,0.02450052227902794,0.0038296925050929076
32,186,4,2.454902317311315,0.0068133423445494445,644514,0.023554598611131163,0.0024500329127666864
32,187,4,2.471739981522769,0.0056340567773145445,712279,0.025159172752748614,0.0037875889648032457
32,188,4,2.446910121745791,0.009967630451719334,679750,0.024768695546218696,0.005994991554464035
32,189,4,2.4600755671732606,0.006130321609887468,650803,0.02408298214329856,0.002297166717484478
32,190,4,2.4579675677711186,0.00601562047338966,678616,0.024724314544013835,0.005690787532977248
32,191,5,2.4055283424854665,0.007453782627616423,490489,0.017917304288603872,0.002903132451505197
32,192,4,2.4118827850817484,0.01066660608619896,656346,0.0243604819541119,0.005199257902726018
32,193,4,2.401442898670776,0.00978282898725058,682198,0.024883221408357987,0.004298963392835531
32,194,4,2.466130090986243,0.009672858412713592,640499,0.02418120810259372,0.00462467360891039
32,195,5,2.3993723819587642,0.007416439252843854,449320,0.01711187944206407,0.0063802093113657365
32,196,4,2.4699575515043892,0.006877506104792319,642459,0.02411825448676026,0.00420690250613065
32,197,5,2.369798913317809,0.013507844428289784,449219,0.01711824414789065,0.008996974709136851
32,198,4,2.4823538316126763,0.007150921525420073,674152,0.024426502460958746,0.0037959999739839434
32,199,4,2.423656012614231,0.009813076813458776,674820,0.025137876121029253,0.0036392601273412817
32,200,4,2.3755334137318673,0.010858546082092024,647176,0.025270527080665992,0.004640149188483211
32,201,4,2.415832402148522,0.0060172974311683,624486,0.02445920829349076,0.003433333226357027
32,202,4,2.4769926663650366,0.004092148115850791,689868,0.024818342638455018,0.004254733823982337
32,203,4,2.401960655893283,0.010438702184034532,638127,0.024491821014390572,0.0039110830546765785
32,204,4,2.451645262964699,0.004835083584487809,662875,0.024237352928217763,0.0031905631071380003
32,205,4,2.450360901099978,0.005950269908862826,614882,0.023917115918245958,0.0020144787878004777
32,206,4,2.4262387422219924,0.006741622205329811,674077,0.024864419553683747,0.003241039852836969
32,207,4,2.4274655026708816,0.01062904327951042,657898,0.024096775640902377,0.0049438823679882615
32,208,4,2.4405442386752525,0.008173869146983703,664066,0.024903426310885077,0.0021764699644649665
32,209,4,2.4534439470976284,0.004701213655459724,708938,0.025458227116438806,0.003934494527354615
32,210,4,2.423141051524848,0.009391809945778484,700796,0.02580365420564223,0.005002783594843296
32,211,4,2.4205022481888907,0.00892890804332691,630846,0.024404253519886662,0.0017597345327299285
32,212,5,2.399663621211738,0.013984563392126947,448936,0.016949131425726717,0.009545656627284793
32,213,4,2.4260611018545672,0.009853679803657811,684476,0.0248671748394803,0.0028839054824821853
32,214,4,2.4298926374515744,0.006501003820581608,692148,0.026241949387222265,0.0038131136781790476
32,215,4,2.4171498344160947,0.009830281531019891,690121,0.025561103976451165,0.006044228788753547
32,216,4,2.4371390963383432,0.009335579167738084,689846,0.025191685793493953,0.0021818940578383073
32,217,4,2.4379464430254276,0.005301800920619604,672350,0.025118934334020966,0.004237177749324084
32,218,4,2.413602574264178,0.005656233540767941,667472,0.025166886077075738,0.0050277113841507015
32,219,4,2.4284421058416275,0.007674940341717562,670128,0.025025175372432318,0.0031507060674550447
32,220,4,2.4286636396991805,0.009378593520808054,674018,0.02499320955597634,0.0033369963135053693
32,221,4,2.435674860405592,0.008823448014244062,662616,0.024494483551127877,0.002709492337682917
32,222,4,2.4227077246078554,0.008096360224398635,666131,0.024337732822638614,0.002579941395951524
32,223,4,2.429071006139073,0.008952225812351,727238,0.02571249627785808,0.002447871680628433
32,224,4,2.3981774753565186,0.007960152013941069,681081,0.025234548724508216,0.0024755734674107854
32,225,4,2.4091958624427683,0.0070988281177133405,724762,0.02644662948715881,0.002993916268918151
32,226,4,2.4112181113933415,0.010891156854438366,703349,0.02613870580537263,0.008267379220024296
32,227,4,2.4101077235007824,0.007524500920435995,664105,0.024751600679666905,0.002809137740643175
32,228,4,2.440301343595217,0.006730269532091104,637714,0.024596076076689167,0.0018819353971465391
32,229,4,2.400664878183499,0.01080421831306111,671396,0.0252385411585206,0.004558299371250296
32,230,4,2.4406874529070466,0.004493570793927426,671599,0.02507526136593172,0.0036843491672488016
32,231,4,2.432035330607422,0.005624604235288322,667414,0.02505381445708408,0.0022381395732674614
32,232,4,2.450131868683989,0.009524839385747497,697027,0.025507900445898887,0.004794229531396965
32,233,4,2.461131855230257,0.008129678764304926,619886,0.023685646204796705,0.002142617484751197
32,234,4,2.4274353367993107,0.008042620361487451,670578,0.02465303918417748,0.003105397112187269
32,235,4,2.426818425256549,0.0083409654231551,660100,0.02516670223784253,0.0028975038380070206
32,236,4,2.42345481567433,0.006718020039245376,669809,0.02493134480799996,0.004825559095831489
32,237,4,2.453444151203006,0.006041518301321935,646138,0.02476598934653638,0.0030268309856731346
32,238,4,2.4396310524213636,0.0069097593808253865,657545,0.024534796131476314,0.003806706292378448
32,239,4,2.420292259416742,0.011099555907511105,677820,0.025542622456548206,0.00492298857369966
32,240,4,2.4477362554018893,0.007802057449915245,663108,0.024389892238509743,0.004535337971732556
32,241,4,2.4687135267968685,0.006850487853837017,660516,0.024476870973365067,0.0022019536190635014
32,242,4,2.422073766287775,0.010618446433021123,673875,0.024730694616997093,0.0037076763552034153
32,243,4,2.4515609820778423,0.008453956354090741,686151,0.025386692804519346,0.0043606696527230815
32,244,5,2.438868821316912,0.0058228094961660926,473972,0.017097246333028223,0.0024864098931696166
32,245,4,2.419709921979895,0.006356299107483587,659202,0.02488233206533978,0.0029274799381797667
32,246,4,2.391000176687986,0.008907290759757824,688723,0.0258405098353305,0.0028472943944082285
32,247,5,2.4267515369239283,0.006978135752203074,457256,0.016767459564275458,0.0023143132836466185
32,248,4,2.44366942879771,0.00723856864282757,691877,0.025152909251146934,0.008088727887769487
32,249,4,2.4238060958154404,0.00831480852160571,653319,0.024819072589174353,0.0035954374924138666
32,250,4,2.4314116995889155,0.007662157288906624,646828,0.02453127775080221,0.0027876182343881672
32,251,18,2.6609863558878013,0.008583144447627755,73153,0.002780496289301454,0.004152255608769417
32,252,4,2.387874323949852,0.010330645664197391,687334,0.025516925129850335,0.0038317859017636957
32,253,4,2.4371461830488985,0.0050975031309582475,695014,0.02547814924293296,0.0042728924925024
32,254,4,2.474975289277378,0.00757873655209812,632644,0.023508940635432272,0.0036889865251383824
32,255,4,2.4110496676883977,0.009665572441899917,687632,0.025418903516646628,0.0032607711567482767
32,256,4,2.4114062930960767,0.008188115720882738,664480,0.024982156676561076,0.005057499200569138
32,257,4,2.404033470101313,0.006493208096237435,698306,0.025497871513813115,0.006082705488448692
32,258,4,2.462866350935391,0.004591362991292258,706767,0.025275454703165296,0.004693653939950859
32,259,4,2.440554138208743,0.008128050260256148,679907,0.024794296794267912,0.0025664362296283216
32,260,4,2.43623673418035,0.0056921165920679195,694566,0.02542783437124808,0.0017225226915211778
32,261,20,2.758821868918854,0.007621467569846496,59750,0.002206105814139259,0.006223306552800678
32,262,4,2.4347652134486855,0.007050026229190209,672272,0.02501424993509903,0.003863646291855649
32,263,4,2.3858299575078123,0.008939958221506394,633212,0.0246544106613432,0.0031858955631315355
32,264,4,2.4471282893857835,0.005106242775262948,657909,0.024862231714341362,0.005181736703399331
32,265,4,2.427880246884261,0.008868371200736913,656228,0.02451096602290837,0.003107207209727181
32,266,4,2.4384629608422994,0.008718464643505008,663888,0.025026045237005908,0.0025152533342479577
32,267,4,2.4296378669766754,0.009656760770266115,662346,0.024561390107056564,0.004333738038283963
32,268,20,2.7260688961422717,0.009639557614174177,64992,0.0024349193328069263,0.007510004984223384
32,269,4,2.503379773874705,0.006479451541075099,702914,0.025377250277162144,0.0042119374170250246
32,270,4,2.45763504008707,0.007221106821718171,656071,0.024547067687424828,0.0024887963152721015
32,271,4,2.4086194270284853,0.00849630593200823,673271,0.025141970683640113,0.0020244136435002558
32,272,4,2.3947495875081186,0.010044171621097164,646492,0.02470463363014417,0.003406870982146426
32,273,5,2.384603834967616,0.011447822693422038,481421,0.017362765748457822,0.007628672445911866
32,274,4,2.435320270685115,0.01041016613949397,690018,0.02561255561537849,0.0044793633238704444
32,275,4,2.4499504658468854,0.009834142996373085,707235,0.025842271288764686,0.004230753538815801
32,276,5,2.393846805126904,0.010417795721872625,439817,0.01655030784903948,0.005720113208469102
32,277,5,2.414708631298052,0.009936821188374023,446160,0.016610005659523624,0.005534474843770121
32,278,5,2.4108383184736684,0.0071564537849125864,449652,0.01742211161252869,0.0028295900791290296
32,279,4,2.4487391891498227,0.005937240979588032,715976,0.025791402018259267,0.002894121049080378
32,280,4,2.429020515391824,0.010666814434548533,664531,0.024635518838749534,0.00512940960046826
32,281,4,2.444189121906698,0.008972718955881476,663691,0.024200769417688846,0.0034111049252536496
32,282,4,2.4339613872640213,0.006392986255001065,683334,0.02531702409762156,0.0017912942708677715
32,283,4,2.4231642254772554,0.008423199068531728,681204,0.02455003283169199,0.002286777179534405
32,284,4,2.429598529520807,0.008711031762924315,705150,0.02603823372042658,0.0029745267314139623
32,285,4,2.436026696446358,0.004899069866856842,714468,0.026153323542632743,0.006384796410092042
32,286,5,2.4219891486419494,0.006166498426511624,455195,0.01698535515696831,0.0024401984961633927
32,287,4,2.4316010892281716,0.011515968413860156,685943,0.025334122425095067,0.005314603064268786
32,288,4,2.460586308636948,0.010720085269308288,678793,0.024602331004291062,0.005471075890222554
32,289,4,2.420840246236751,0.007123886864784268,680415,0.024825765570107634,0.003536035981095753
32,290,4,2.4478109865898174,0.00787293052486382,642811,0.02412248368016941,0.001732301657908275
32,291,37,2.9560903573397996,0.010642860826228562,23245,0.0008264538031700984,0.0072785705126384714
32,292,4,2.4717519441127873,0.006937170267310333,653960,0.024208161462765828,0.003779235474485776
32,293,4,2.441337336065637,0.006462284806685981,669894,0.02508255056216082,0.0029369234683008782
32,294,4,2.380649733989327,0.01106660118207936,654046,0.024700586873369602,0.00509876645320706
32,295,4,2.384609164263743,0.009696137927171167,691137,0.02582386652148385,0.007282109577262497
32,296,5,2.4157167421097223,0.008558785389365609,459778,0.01697787490200698,0.003459338731916839
32,297,4,2.4160902276316207,0.008296211881859028,638754,0.02428792434397919,0.0015141150039118534
32,298,4,2.4160473135817213,0.005933641346950402,687741,0.025922221237208897,0.006628376957125426
32,299,4,2.475987909213177,0.006270200642224388,669742,0.024772644696258596,0.0047114608666239954
32,300,4,2.459255877881859,0.003964027929037384,691380,0.025097486991509804,0.0034072487868331836
32,301,4,2.448919406326673,0.009877074525096896,649557,0.02411320742109325,0.004316530083893877
32,302,4,2.458187238783929,0.009966321032920611,675195,0.02463978013212523,0.003003577070830654
32,303,4,2.422250147880624,0.01117769732442031,680113,0.02494107458294909,0.004863984061563853
32,304,4,2.473016733853898,0.009673860052955119,725009,0.025597300291547866,0.006686237766465375
32,305,4,2.44522124802229,0.010740793654188063,658410,0.02458220224811727,0.005179179623560237
32,306,4,2.4220194141920315,0.01055997012083576,646395,0.024448148004423395,0.006601485541943397
32,307,4,2.4575665202752837,0.008257733590533167,647437,0.024396049527857535,0.0017917812400427557
32,308,5,2.447325527794579,0.00545632552073938,465792,0.017214795591118298,0.002719403946614296
32,309,4,2.458653776352256,0.006202215472124739,688638,0.024916219042510165,0.003025098662893466
32,310,5,2.417516974024813,0.0069375201383400364,423427,0.015855949681802168,0.006859943112478617
32,311,4,2.445638847663434,0.00614655761031857,674894,0.024967966616840042,0.005027571178841894
32,312,4,2.436279678060385,0.005907651885073584,715583,0.02576648007369475,0.0015947948211338936
32,313,4,2.433527841142781,0.00960195532895769,629383,0.023857130516167547,0.003454601644210742
32,314,4,2.391010622112286,0.01122851343796294,599796,0.024021764392338826,0.005125175436103524
32,315,4,2.4198238843192352,0.010625246262308208,693022,0.025567657769945313,0.0049820315800652715
32,316,4,2.4712538369102695,0.00894130350994593,681242,0.024702341896537725,0.007560363030082229
32,317,4,2.45499986109919,0.008023819031106938,669704,0.02452454453904605,0.004577931868069873
32,318,4,2.4518913132865205,0.0060499631790817965,667164,0.02477257533875874,0.004366884427126183
32,319,4,2.455007229358531,0.008136412329270537,641827,0.024641640085938808,0.005199728497350731
32,320,5,2.421779142198042,0.00811793133262717,465047,0.016513814504829697,0.005347329353324437
32,321,4,2.4125342120492994,0.007428724831429978,678303,0.02499271371476008,0.004293424635214982
32,322,4,2.404996745730893,0.00714694921883996,696609,0.025632164499410404,0.00668570761378362
32,323,4,2.4635942618101487,0.005421079225258141,689678,0.025175061140080817,0.00537203919463608
32,324,4,2.413432087118226,0.008927331002128502,658587,0.024944939946314672,0.005920410121772801
32,325,4,2.400216261832937,0.007773702572293262,696026,0.025556885206468604,0.001551482133892168
32,326,4,2.437616095222423,0.010149295459425112,706053,0.02543144485291787,0.004289926739726391
32,327,4,2.4337480818729307,0.005231664658165602,646624,0.025061376000635,0.004757239514101341
32,328,4,2.4302688566391,0.008025330273452091,676521,0.024893286913915135,0.0018931206383769883
32,329,4,2.428335471040928,0.008107476222559473,692275,0.024982456976060833,0.0020165175449324835
32,330,4,2.4557745667051227,0.005669791493627785,693057,0.025592564069850506,0.004489879880661185
32,331,4,2.4375382686099587,0.009994521810180679,680132,0.02548966257487072,0.004030146166516979
32,332,4,2.4407015874335443,0.008910040922814944,687774,0.02464802928546002,0.0033484268921871174
32,333,4,2.423823448853323,0.007429077716351484,646375,0.02474708015082979,0.006335957734846354
32,334,4,2.4270976039794196,0.008222288697335212,663174,0.024864764422616186,0.005217518142654254
32,335,4,2.4446176223825358,0.009794183877195217,654620,0.024757831855056815,0.003870049046139301
32,336,4,2.454313268048924,0.0068023905746511515,699959,0.02537656220469695,0.0031686211470415837
32,337,4,2.449273293808707,0.010909439857396674,687758,0.025134280914851603,0.005499868033666255
32,338,4,2.458202529074585,0.007067769237017574,672705,0.024518380685068425,0.0024593325566434343
32,339,5,2.4065668087635714,0.006960400738968753,459940,0.01705890324982603,0.004138964842245407
32,340,4,2.4258826494280328,0.006560592810669008,679736,0.02501453522551505,0.0034090717010897276
32,341,4,2.4572117731914846,0.010053305230721232,709732,0.02601351175518009,0.007151638575707664
32,342,4,2.450085132813716,0.004712552895337785,677193,0.025146593119424417,0.006516843903636271
32,343,4,2.452968518095996,0.0065851957300751,690824,0.024782111180282736,0.0034359394566791934
32,344,5,2.4138491837945177,0.008125323966575282,433196,0.016239812816059778,0.007915825180019542
32,345,4,2.4557693772898155,0.008159243334765476,706870,0.025362484720508553,0.0044071940081703564
32,346,4,2.4678162038017732,0.008863311525436068,679521,0.024863182628318322,0.0034580518114666337
32,347,4,2.4181822189553954,0.007966759965275183,656151,0.024774434619681387,0.002905421006923259
32,348,4,2.457289172130275,0.0036197758083994502,694352,0.025175952880875246,0.0036560749358168776
32,349,4,2.424701487720416,0.004297603310074116,662643,0.025135733064760826,0.003983049271533479
32,350,4,2.4458453372724684,0.006283582015254141,712450,0.025090775110373702,0.0023723179516701443
32,351,4,2.4015924401512403,0.009018652517959913,654997,0.024513416740958877,0.005330332331481391
32,352,4,2.380412372390767,0.008647310865149693,655269,0.0254926077471549,0.004852671164170541
32,353,4,2.41705737704282,0.009218156650746379,705799,0.025948721606367114,0.005948620878241884
32,354,4,2.4363248047718304,0.0069454452972254055,692866,0.025086943250904555,0.002057433849227519
32,355,4,2.395810120341663,0.008117563516549353,666523,0.025260759546825863,0.0025852010744205067
32,356,4,2.4085113750747067,0.005791877699581227,705582,0.026003213999638466,0.003780928374321091
32,357,4,2.4251873509475685,0.010519954226533179,648790,0.02450904190948325,0.004914093325034563
32,358,4,2.403013963649466,0.010901107464524329,654804,0.025499432224418556,0.003929206346001357
32,359,4,2.44590271165196,0.0051660975435778855,696125,0.025540144943647498,0.003314904763353721
32,360,4,2.3935191729352163,0.007577552021210132,689048,0.025114832213079658,0.003523787610383744
32,361,4,2.4156115477637474,0.005414796759613982,677313,0.025137018803079267,0.0026384296917728034
32,362,4,2.429166242569945,0.010090487834879869,687595,0.024692490785137855,0.004427341228798842
32,363,4,2.444684495265024,0.0062605279111622725,674199,0.02481828183170235,0.005128631029174269
32,364,4,2.442289254431073,0.007086469803412099,628078,0.023619647255796128,0.00364066213291514
32,365,4,2.3809785337354996,0.013898216957061837,669822,0.02548035917985762,0.006819791580773726
32,366,4,2.422601437924788,0.00845031989445777,680953,0.0251008970890976,0.003332352585385112
32,367,4,2.4521775164715134,0.004958617152401312,658448,0.02410830753674958,0.003614247155530048
32,368,4,2.418272047454404,0.012232421237313051,666779,0.025150631301482054,0.006670807206685225
32,369,4,2.4580214812866177,0.006289021945444895,671425,0.02425550580203042,0.004481508355318686
32,370,4,2.4578882238681885,0.0034579339889929672,669941,0.024688362130421825,0.00419239214861189
32,371,4,2.4355555602325176,0.008847077009860205,674566,0.024693868996924825,0.006538225850895474
32,372,4,2.44036238433145,0.004775902239631757,651205,0.024332142554621447,0.006107990878846947
32,373,5,2.413065821171156,0.009954182812854095,438558,0.01661728493484082,0.005805785729410873
32,374,4,2.460164479137969,0.004709771137765828,647469,0.023882661209872025,0.0029279027993318607
32,375,4,2.4501144965560875,0.0064037283452167415,649508,0.024210517605172063,0.002474188554727863
32,376,4,2.44382062289974,0.005894058778545541,655954,0.02462957025557562,0.0028044426126812017
32,377,4,2.44502705430037,0.00844781606934264,659944,0.024398721058396897,0.0032752903643749054
32,378,4,2.4388075694304923,0.007493157369311554,690993,0.024896923530576615,0.005586775759306217
32,379,5,2.4065624506959717,0.006392978362082968,465738,0.01743843055098548,0.004077557327949344
32,380,4,2.4447113499111586,0.006914905495137791,684475,0.025385495329343307,0.0031975382470297298
32,381,4,2.416121004721609,0.010249642851735574,660809,0.02435121461268185,0.004075510688781481
32,382,4,2.433937350707455,0.005020055392177314,684317,0.025012337724474032,0.004350171445192286
32,383,4,2.407153884474454,0.010105716006004406,660606,0.02535368180013651,0.005507483727562379
32,384,4,2.403686992574517,0.01125821733018717,678811,0.02528848447838242,0.005696603299559344
32,385,4,2.4248588481780664,0.008220212647952807,679417,0.025108514740646508,0.0023389699994949
32,386,4,2.457877714878073,0.004644993289307842,660835,0.0246452362923355,0.003986365134361791
32,387,4,2.446931757598117,0.007252675479953896,738905,0.026142606191103247,0.0011653185569243107
32,388,4,2.437852523538596,0.011284717586888648,660034,0.024326158653299516,0.006840693892214811
32,389,4,2.450913172847284,0.007861446922292736,686387,0.025156205807902416,0.0028396940630704415
32,390,4,2.40758488892822,0.010911229001838052,695708,0.02568421318441854,0.0044163647614617885
32,391,4,2.493016361141323,0.006317520039915148,699451,0.02465844515196871,0.0077164411192498505
32,392,4,2.380136339462418,0.008658487643248836,648040,0.02477007299381673,0.002270405811567011
32,393,4,2.4511238115429244,0.007313939634921551,637904,0.024049969936783547,0.002484929861760521
32,394,4,2.4150721101575705,0.008601097047690742,657917,0.02481452948017412,0.002249487514748516
32,395,4,2.474170611142597,0.006166119095299516,663416,0.02398018360700109,0.004186389082483144
32,396,4,2.449496181980685,0.008314519029509304,623971,0.023376657337797983,0.004147318355544938
32,397,23,2.7381692708599217,0.00990592903408713,56656,0.0021681126937954497,0.004257610434990067
32,398,4,2.454278467688417,0.009081385559911115,679982,0.024957969483303134,0.002129180588663182
32,399,4,2.415318585756039,0.006919860769726394,683695,0.025571205706688083,0.0030979644494925074
32,400,4,2.418510519355659,0.004403256404708955,695628,0.025814925198550012,0.0035250346199811045
32,401,4,2.4365256194756024,0.007711224957426599,691942,0.025102161118085928,0.0015848562367611896
32,402,4,2.4648244368688417,0.006689678224644835,678819,0.02549984859419115,0.003050499449908539
32,403,4,2.447542455857822,0.008780286833912965,665366,0.024732510769915863,0.002865110597279563
32,404,4,2.4592969367320414,0.009122623378622907,655051,0.02461372425050657,0.006167032180898646
32,405,4,2.4348934831570404,0.006643864265806654,675535,0.025043294294510045,0.007427320829507866
32,406,4,2.4276086315228573,0.008316179318075712,669134,0.025384058051009312,0.004952982818040741
32,407,4,2.456679019930509,0.006047396430403196,723463,0.025891095587906626,0.003639427545463203
32,408,4,2.442163022825928,0.008705061641130163,709051,0.025440340073773115,0.00651892996509551
32,409,4,2.4246665056351158,0.005462572084218409,644737,0.024926325227697246,0.0023019888782049858
32,410,4,2.467598084275222,0.00779586649551417,608032,0.02308416628745579,0.0037066467763791633
32,411,4,2.4559819098004105,0.007938672996194773,633820,0.02343870531902037,0.0035353852162243182
32,412,4,2.4560089073973987,0.009586632514232196,676560,0.02472504912868285,0.004269115245460697
32,413,4,2.415868151996147,0.008401705573302165,684146,0.02531072645372803,0.002840091542674339
32,414,4,2.4225626207527746,0.010641375772678652,673244,0.025142842119171522,0.0037243291595491224
32,415,4,2.4250721013832357,0.009217770616426035,653052,0.024655551057334996,0.005765723980934001
32,416,4,2.434653835090564,0.010092409530793434,687710,0.024934210101728794,0.0045307955001656075
32,417,5,2.421090999228958,0.008584591182907553,469877,0.017602269264217974,0.003957428106738381
32,418,4,2.427260915558052,0.006202297457765793,691474,0.025512657668802924,0.0032166085967313407
32,419,4,2.425718432103942,0.010131160016361496,699875,0.025893746309250894,0.005377788996353106
32,420,4,2.469342122113003,0.003554274323723239,707214,0.025474118275084775,0.004302093633861359
32,421,4,2.386873663611314,0.008220140767074668,675927,0.02491949782673718,0.0022432490431136265
32,422,4,2.427600865700038,0.00810299005676296,667982,0.024648244755990745,0.001889956234129797
32,423,4,2.4060445845698357,0.00646856179151889,692916,0.025887774363348808,0.005648674580505497
32,424,4,2.4779647301313243,0.0049767194199349385,681054,0.024763248842082666,0.0056986649879045
32,425,4,2.4769042478921475,0.006465332275272018,673920,0.024379840167197547,0.0014952319372510958
32,426,4,2.4558757223346595,0.006647853737985265,675501,0.02488748698797157,0.002596855414297383
32,427,4,2.429966042050468,0.010217624830390792,667799,0.02457811463201248,0.00652848638088932
32,428,4,2.424316467496391,0.00544857618881045,701582,0.025293090666772322,0.003870355021739047
32,429,4,2.4001654533893135,0.007032696502337177,674508,0.02497455180745482,0.003216113029199552
32,430,4,2.4469071041541235,0.007611068116841091,652269,0.024257927090437798,0.0031599322251473216
32,431,4,2.4726352148502873,0.00530048865116417,657825,0.024111851279589456,0.002814679975068235
32,432,4,2.4007421254643835,0.009394669322491445,673503,0.02510554065072153,0.003955103035598095
32,433,4,2.4087967758347273,0.008906104336309673,677894,0.02541775341741326,0.0024424671731625436
32,434,4,2.4245621881260773,0.007487578128274053,679344,0.025224384269513983,0.006967302146980325
32,435,4,2.4386419395313106,0.00941743946162743,657498,0.024220790843828027,0.002998088447743852
32,436,4,2.4349362747956285,0.007713047443219323,666080,0.025598036274594126,0.005612835736780397
32,437,4,2.4348940823486855,0.006251044363620006,646886,0.024439489024168908,0.0011815155712825431
32,438,4,2.4216547042837036,0.007743929971072094,691371,0.025312662386863048,0.00529476266602158
32,439,4,2.472343624411741,0.008492793860075287,724358,0.025564594188651528,0.0053884166583993975
32,440,4,2.4053688620043436,0.005306893208630203,665769,0.025243999085895665,0.004821186108793785
32,441,4,2.4247503799479175,0.007573749601669566,685737,0.025543209033605817,0.004918402800138333
32,442,5,2.385102315029387,0.010429685468297034,421276,0.016377656291901372,0.008681027683913267
32,443,4,2.4686095457220896,0.007945941396970857,665534,0.024447420106110708,0.003474746127179573
32,444,4,2.4518562491865086,0.008264018971297138,661549,0.025074375170300766,0.003089907713542117
32,445,4,2.4190863219996497,0.004556670217482628,690378,0.026029957046562947,0.006333979972364068
32,446,4,2.4719956195160795,0.009671932919069315,666629,0.024137737130911184,0.007221717389290339
32,447,4,2.484034000907977,0.00691854613825621,680173,0.0245518921337192,0.0026384731332455003
32,448,4,2.4345697732577394,0.01002251923876385,685551,0.025025965016851205,0.004523205580868828
32,449,5,2.4165935112799595,0.008965003311593223,479809,0.017333083782068628,0.005475876627668963
32,450,4,2.4542082875061144,0.009843827027608332,640320,0.024492928447232797,0.005231884908582174
32,451,4,2.4982439763478856,0.00792081338256434,701425,0.024930810048997568,0.0029134276529507175
32,452,4,2.441954951594275,0.008255446996048743,673556,0.024951014321654624,0.00407001532386253
32,453,4,2.436271801410206,0.00651928747900693,682681,0.025286972716571335,0.00441563481338092
32,454,4,2.4412841057969903,0.006152892237647256,687561,0.02520838241657389,0.0033671892225505262
32,455,4,2.427505670234912,0.003933872800254479,690651,0.02606221042318606,0.006218228730104469
32,456,4,2.4163982421765065,0.005752333461137793,670514,0.025053988255697796,0.004071144166042817
32,457,4,2.407359342927579,0.00945920582872184,689110,0.02568371318413714,0.005679332820063165
32,458,4,2.4077559589907476,0.010312733697136589,646161,0.024231120794477732,0.004559440804553505
32,459,4,2.418669347937713,0.007807596020417251,646681,0.025181304292820096,0.002968674309935193
32,460,4,2.4069748369384674,0.00845025846306402,624630,0.02391029179145822,0.0064025032503830515
32,461,4,2.398355220331311,0.006147611191309799,669477,0.025961162163138957,0.003879850686371089
32,462,4,2.455563798694839,0.005936249569350682,724234,0.025578932820874537,0.004617289420252746
32,463,4,2.4384741267587495,0.006591874409164089,663801,0.02457588156679117,0.0031175829410955425
32,464,4,2.4345084944681323,0.004953887362947662,688742,0.025152765337184087,0.004156515484017187
32,465,5,2.413120430037745,0.011250518712135893,447824,0.016674543023600625,0.00640272688468102
32,466,4,2.4467006113208134,0.006724314044253887,646298,0.023823418784339113,0.00262521926207937
32,467,4,2.4485904632269735,0.010872441529348131,649235,0.024269732393149966,0.005853499504404169
32,468,5,2.402977033841397,0.009397993821042672,440612,0.01639749054518385,0.004125037521381547
32,469,4,2.449958984679507,0.007646135258308928,697848,0.025371391001541486,0.0013849540087516599
32,470,4,2.450172339726345,0.0065204553776576635,641278,0.02433799465122624,0.0028527338182762763
32,471,4,2.4545523001616734,0.004384912011731412,673232,0.024683348082020495,0.003625642602022694
32,472,4,2.3982892229916164,0.008188796516099939,663921,0.024772937777863515,0.0032873290681316725
32,473,4,2.4386543102268523,0.006410988734167344,681962,0.02532963980359447,0.0045826024548962785
32,474,4,2.4145204726868625,0.009924805537062653,674776,0.02489862526509234,0.002755632026465671
32,475,4,2.46301527751961,0.004641407127916941,731127,0.026077976512211755,0.009214886175261283
32,476,4,2.4110546431345328,0.00730941636805027,618836,0.024661504869228103,0.0040226382957578855
32,477,4,2.4058276481676932,0.011714685688003379,685236,0.026428602669148635,0.004545512177406397
32,478,4,2.4555889474575556,0.00788606258882163,737055,0.026388246685559526,0.0035883814132309233
32,479,4,2.4161524656563427,0.008311915717921114,692125,0.02560003296333665,0.0019720050418412516
32,480,4,2.4132657800962254,0.008198103826376757,662634,0.025274650330605674,0.005730217493304379
32,481,4,2.449252118618017,0.003878498980947276,698484,0.025317307249687285,0.0045775357833878205
32,482,4,2.4557772056323843,0.005564525789436281,722756,0.025741613192047864,0.0029075544822785293
32,483,4,2.443725576552115,0.011008786019849448,630433,0.024354285936800536,0.005447171989221622
32,484,4,2.440343310772015,0.01104282523579525,647562,0.024388279064533343,0.006358846130442242
32,485,4,2.4356827420545146,0.008741175899611875,689492,0.025033193419334274,0.004437739705181354
32,486,4,2.492222822396212,0.0029623626625169264,648731,0.02359300387212992,0.004868223982924302
32,487,4,2.4074364852552623,0.00996720157168629,666643,0.024913349850224965,0.005569971804925022
32,488,4,2.4470381894403186,0.006249784772526912,682578,0.02526719831414307,0.007928656360629893
32,489,4,2.404626491888548,0.010016110783228338,669741,0.025026346679365537,0.006484198720263734
32,490,4,2.4475028006047665,0.00890903375728369,675876,0.024844876667770188,0.004356792241287155
32,491,4,2.3857654837418223,0.008646175446580806,605169,0.023815387448821054,0.00308456141595298
32,492,4,2.390714511560243,0.011495219919334998,693824,0.02591340568244373,0.004921593765268462
32,493,4,2.443896611226273,0.01028998994699415,706186,0.025876366776153008,0.0038097387729586485
32,494,4,2.427169285264541,0.005369788516780383,676961,0.02523965162203558,0.003623678543528408
32,495,4,2.392453277022464,0.005088803041272183,663574,0.025066337170176915,0.0024048534611328387
32,496,5,2.4209319229246087,0.005375072907329748,497726,0.017747428736225156,0.0035740824716026243
32,497,4,2.4581587745462192,0.005694831343308393,668655,0.024511690740841755,0.003093352125539184
32,498,4,2.4066529623174238,0.007209610881269812,665286,0.025674081344055057,0.001995954803816924
32,499,4,2.420713371689676,0.011236190293337722,675019,0.024825812292425274,0.0060983758657703335
32,500,4,2.41182210067025,0.010600055339208825,689944,0.025617016426110164,0.005860922809455271
32,501,4,2.4617226832682633,0.007621447123663527,655549,0.02428235988227251,0.0029275784602357247
32,502,4,2.4554301647800445,0.005483608879559787,693410,0.024462118958337987,0.002635831618737816
32,503,22,2.7153557638937267,0.011711511321127799,53922,0.0019990978441649064,0.0059691539106793146
32,504,4,2.3879642304169804,0.01250097315390658,623647,0.02393715488820433,0.006939359123278754
32,505,4,2.4466197271448435,0.009510843867728769,626815,0.024104964069349723,0.003949229837100943
32,506,4,2.418048889733628,0.007625663264393123,629955,0.02358511846434486,0.002064049233765297
32,507,4,2.4339606673128134,0.007671136153661884,662898,0.024523758929057646,0.002765364984604113
32,508,4,2.405550044618479,0.008731483495323378,620097,0.023928847973014953,0.003315975951761141
32,509,4,2.402054817549267,0.009577173009992168,686881,0.02580719504512195,0.0030950259931104007
32,510,4,2.4387416729002087,0.004154139161563597,660168,0.024585439493108725,0.005512253985914262
32,511,5,2.397905838096288,0.00985513956823103,441479,0.016703939222162515,0.00542516188037534
32,512,4,2.432000889265603,0.008739711043125209,657802,0.024558106625762997,0.0026575678053552543
32,513,4,2.4208848537959384,0.00678891967640205,734328,0.026688366416608305,0.0030798661817688644
32,514,4,2.4220056799123264,0.007642500279631315,638901,0.024615857981709316,0.0022678475040638357
32,515,4,2.4127746787446647,0.009487841012052911,698125,0.02599259991378555,0.0036266806055992307
32,516,5,2.3898374400197557,0.009826268124666693,473883,0.017783539799668874,0.005846944969688461
32,517,4,2.453531225485252,0.005699053177724678,621556,0.02392379286086733,0.004557231956132057
32,518,4,2.410559218208907,0.008535416516292305,665638,0.024873909259509074,0.002489921737674816
32,519,4,2.4240708225751306,0.008445920860938094,694327,0.02508897966693696,0.002740237428707548
32,520,4,2.461369981816443,0.00841869927295591,699887,0.024811401133893938,0.0033341230795444488
32,521,4,2.453822274115561,0.006726753772350658,658349,0.02479746540026074,0.0024051090943428832
32,522,4,2.4525648177731387,0.0050736215563143006,705497,0.02534163761914751,0.005511792301554408
32,523,4,2.413646228964007,0.00557016249276332,713990,0.02611848299970223,0.0048837982739941
32,524,5,2.4494165510902346,0.005249097516075385,462582,0.016922474491285356,0.004112845624310246
32,525,4,2.404867353072734,0.009309654678711698,633840,0.02426916906927637,0.0042884691458393576
32,526,4,2.409305047528316,0.009400393750719604,641879,0.024658934722986664,0.0038387797200917784
32,527,4,2.462633170088813,0.005649362679033598,698560,0.0253623850081641,0.003217375594894323
32,528,4,2.467305292246511,0.009267442760661548,629735,0.02392322594654655,0.006400987000082181
32,529,4,2.4370495736357625,0.005807671803339298,696323,0.025454359753157525,0.005262445265933002
32,530,4,2.4278378099360403,0.011069950941738349,649596,0.024463374720727543,0.008140517200316277
32,531,4,2.4299239702993782,0.006090202597642591,655201,0.02477290498656416,0.0024769749035326027
32,532,4,2.4308125806016645,0.008098366606636764,688480,0.02524250373020615,0.0019120420259451931
32,533,4,2.443438697819565,0.006021048891665326,666661,0.02478028835208133,0.002110802136464973
32,534,4,2.421138617005618,0.005966943930572954,709022,0.025804550172770477,0.004719609561382121
32,535,5,2.4104880523327115,0.0070884940735489455,484177,0.0175878891350939,0.0024922151474762178
32,536,4,2.419971292879277,0.008905128374697258,636156,0.02432100998889613,0.004486064587309269
32,537,4,2.435013178228467,0.0066951606838104305,672366,0.025551907692296,0.0026969342965211807
32,538,4,2.4258184847109687,0.009194011394004109,674642,0.024739466111846742,0.0033370742307109458
32,539,4,2.4623757936518738,0.007885875754291116,701705,0.02487634502624299,0.0025680984607561186
32,540,4,2.4223925978553953,0.005232903348855289,659753,0.025306498759881717,0.002368208518012893
32,541,4,2.4445841827302157,0.006294532914127626,692558,0.025083109590209998,0.004725849851860253
32,542,4,2.461348057272067,0.00813758636507489,675664,0.024587641964625605,0.005929989279553571
32,543,4,2.4563281240749766,0.006826652018396495,675829,0.024216513140155386,0.0027273117850868944
32,544,5,2.397985641437431,0.007297701273517476,461402,0.01754772483172189,0.0027272322741176414
32,545,4,2.4582596386562847,0.006800537265670981,640648,0.024221360141841997,0.005338775775051707
32,546,4,2.4781782079630537,0.007898828399063584,671224,0.024271152011891572,0.004918252877537499
32,547,4,2.433806815538029,0.00539934171749612,676801,0.02512391084870621,0.004145267806670516
32,548,4,2.427778478036577,0.00899719604570759,644611,0.02436582649468905,0.0018280225351106072
32,549,4,2.4258109896870077,0.008170733249384554,644384,0.024157804617366902,0.0021163999173770542
32,550,4,2.4446995242278557,0.011894987525888245,629628,0.02424281160984978,0.007016306487454882
32,551,4,2.4348795609066487,0.01047159804118114,672962,0.024715569432966378,0.004029648524034313
32,552,4,2.465673048112871,0.004824170292780372,669142,0.024529371538000635,0.002681832353332192
32,553,4,2.394550778737075,0.009790427672501045,689689,0.025400119957358643,0.005202526893100967
32,554,4,2.4104715395810565,0.007806667445814597,675524,0.025205310575854654,0.0028529581389205028
32,555,4,2.447645473224444,0.006015925243669673,679650,0.02473355881575873,0.0023084984829355726
32,556,4,2.4418149887079155,0.007513791709898743,643837,0.024244672908338375,0.0028035542698899296
32,557,4,2.4169634157100646,0.010426225550167367,665496,0.025301173213519233,0.0056117400809342355
32,558,4,2.4385027275409645,0.008144276613942791,681258,0.024842870008642846,0.0058755416251324855
32,559,4,2.4518163463897213,0.0055914274183729296,654496,0.02446592923774539,0.004253464898177461
32,560,4,2.445247068893941,0.004015494688753285,623598,0.02417286460101718,0.0037419852032605228
32,561,4,2.471023266670995,0.0066626579838987565,676166,0.02467340666712474,0.0039241764152651015
32,562,4,2.4375536307264545,0.008793066678499106,645415,0.024757621460852912,0.002111434833037218
32,563,4,2.4132094792536756,0.009278605966056785,656052,0.02535175770556028,0.0038995867877512636
32,564,4,2.4342166191186743,0.008305380154285502,715314,0.025861435024497562,0.00641271358791573
32,565,4,2.405173777880452,0.008519197786660992,645041,0.02476732386262911,0.0021621244408706053
32,566,4,2.4243725998087777,0.007385144305747993,694912,0.026021341550178646,0.005295505362713004
32,567,4,2.439266194345335,0.010274740351690292,703074,0.02550429711243389,0.005400205118494705
32,568,5,2.388807577931077,0.005672104164477831,446017,0.017163366859371348,0.003231901638056589
32,569,5,2.438540129448825,0.007328005269995996,456640,0.016857337984753678,0.003229836667114294
32,570,4,2.4807351085931355,0.007325695534067922,721822,0.02505360520213336,0.002905901235513375
32,571,4,2.4497523137606283,0.006696888923962696,676295,0.024902492745801995,0.002303453902909869
32,572,4,2.431661719276717,0.0058310743678827714,680821,0.024924587874693815,0.0018128398105908827
32,573,4,2.431228099940654,0.0067141951633170605,639895,0.024324505966145833,0.004173389443719255
32,574,4,2.427665542296906,0.005525091858363362,647867,0.02470678033356043,0.004398265957957337
32,575,4,2.4026255158957945,0.010157644546581523,683057,0.025591059177626694,0.003949135794803382
32,576,4,2.459256326787242,0.007501759415253884,633340,0.0244832317463869,0.006077452887844448
32,577,4,2.4217493679108397,0.006421545023733433,669906,0.025036575347083655,0.0017814657997030636
32,578,4,2.4396143272460673,0.009237930877418199,700050,0.025480372633297235,0.0073427007119987175
32,579,4,2.449250635024111,0.0095050309441842,645158,0.02387811714933126,0.0035682702170338754
32,580,4,2.411143035551641,0.008523902215973433,662361,0.025135323778084372,0.004834763766471961
32,581,4,2.4716444933197286,0.007891382692473248,693596,0.024854938560717316,0.00607334896618561
32,582,4,2.416397545387372,0.0074877388495999675,654231,0.024801327729353076,0.002319433538491622
32,583,4,2.4133322190269153,0.007350776783505153,667176,0.024930821208641263,0.0019315094270125899
32,584,4,2.427566657961441,0.007189481378998885,668685,0.024603132670484733,0.0037947163149696372
32,585,4,2.462379630890862,0.004951316667033079,685490,0.024979190081582753,0.007496181815128844
32,586,4,2.4595614302511537,0.0074010800010982924,684623,0.024710224065765823,0.00499430755011665
32,587,4,2.417388175046469,0.011189928863137077,684929,0.025719370255457747,0.005019763805909516
32,588,4,2.423214814253808,0.008736766615427938,600635,0.02333487711655224,0.004614667763821245
32,589,4,2.450466688464179,0.007851788828456219,651478,0.024386724294897598,0.003278666254756979
32,590,4,2.429974851336056,0.006865342210128689,624847,0.023837920134629865,0.004514559263993245
32,591,4,2.4389318958795574,0.009330575064488755,656582,0.024694892556783168,0.0029119842551367237
32,592,4,2.4603343686265386,0.005917447366473372,671495,0.024514791528530356,0.004043258151327389
32,593,4,2.4271525606803643,0.00689718484569235,673872,0.024997976411524372,0.0019150493673254498
32,594,4,2.4423339746589035,0.008028157203654018,675932,0.024918610065255725,0.0033876661248720685
32,595,4,2.4545218754645712,0.010132448305830266,666046,0.024289273288513116,0.0030831199538322585
32,596,4,2.3900171412686015,0.009996518853467418,633659,0.02404298315133106,0.004249446000189783
32,597,4,2.399012365184274,0.008709037846073797,618286,0.024170742582838564,0.003780320414186078
32,598,4,2.4484015459866852,0.006251600810204594,651423,0.024473402738564985,0.004891521257043285
32,599,4,2.404271727251692,0.00875381345031967,688256,0.024864140737649133,0.0028234960173175727
32,600,4,2.443803772434252,0.007277758330837991,681564,0.02507946943081353,0.002473083256520403
32,601,4,2.4163936092088503,0.00893982491451173,663794,0.02536915356685956,0.0033556515841693946
32,602,5,2.41404481395423,0.008700155845395074,460920,0.017045697239171747,0.005391043911919136
32,603,4,2.3828183600251127,0.010413846696875617,692382,0.025350442177905635,0.0033851414283735393
32,604,4,2.445074522126708,0.005169316583137684,672298,0.02516591661555858,0.0027472972130951345
32,605,4,2.4121426818160274,0.00870122078118496,699700,0.025968422294571577,0.003999492284915918
32,606,4,2.471143507481821,0.009328748242144358,705627,0.025137394508295077,0.003269427063281982
32,607,4,2.443179890220104,0.007444322481351073,641624,0.024268021802428548,0.0024981694414173417
32,608,5,2.4112040911438353,0.008535571606309578,464064,0.017285607202097944,0.004212534580533445
32,609,4,2.4962882954094248,0.005210520977059541,660191,0.023882902003883103,0.003523827802072832
32,610,4,2.414050340318346,0.011594280211455144,657709,0.024632083649516273,0.0045876286349786355
32,611,4,2.4643364329402484,0.004017941322707275,704349,0.025169438787005356,0.004367400125884768
32,612,4,2.401437657306313,0.010376261821247401,641756,0.024698504033198173,0.004372750595315056
32,613,4,2.4460282819067167,0.007658642551076289,660313,0.024269730005212577,0.0030553335373716406
32,614,4,2.453825840794553,0.0056195405478720595,649802,0.02469511714277842,0.0028381700224222595
32,615,4,2.4339783977431253,0.00762097010140661,695998,0.02498386185062099,0.0037786983891649473
32,616,4,2.458607749928661,0.008345026342724715,664111,0.0244159317621121,0.004956731885631838
32,617,23,2.775238332763436,0.008194921686868528,48692,0.0018207162827683218,0.005171477594869023
32,618,4,2.437828571924618,0.008565358531871015,658715,0.02501288208139501,0.0018784093034104332
32,619,4,2.460466461594691,0.0021566963300343467,685304,0.0252843653583858,0.006001951799926464
32,620,4,2.4122526677745624,0.008091357073852223,671594,0.024881088562536357,0.0028608366816409436
32,621,5,2.410077796394819,0.010125342777645319,454837,0.01697917237897043,0.005440756539814684
32,622,4,2.456797227847676,0.008912271718147236,647370,0.02367086538683036,0.002577292943874432
32,623,4,2.4327423775955945,0.009155217193642762,642708,0.024263844791851497,0.0035936031630149357
32,624,4,2.4400448521382216,0.005708382198962192,666033,0.024715354269070892,0.006790417160027318
32,625,4,2.399738641027739,0.008586047025861188,671767,0.025091887959627492,0.0029168966404837238
32,626,4,2.39402619222646,0.010723937377199788,595282,0.02366817934748359,0.0057398453134202
32,627,4,2.3954106646137534,0.011852253482034225,642823,0.024184670364541517,0.006106753990656855
32,628,4,2.4341542171664843,0.007187748608803113,670643,0.024639847206001743,0.0036703787812073507
32,629,4,2.4220780682162095,0.007366799913699151,714923,0.026097065402931347,0.003480377356125275
32,630,4,2.445085252210569,0.00829900223782154,661744,0.024616020999413936,0.0035272687924653434
32,631,4,2.4685326841733053,0.004899384762496906,673882,0.02481232942448623,0.0025206877297027086
32,632,4,2.4292727582872593,0.008115570822253448,650579,0.02467057126009408,0.003015876791119032
32,633,4,2.4598713473168186,0.007785942162977566,682937,0.024836083998511442,0.002485928881085564
32,634,4,2.4228103394679796,0.005201947051613032,629378,0.02425384170350696,0.003931275273325485
32,635,4,2.4310781550730614,0.007654499177576324,723583,0.026167991967727698,0.0013889761979682946
32,636,4,2.438301815396131,0.008167403055019395,671184,0.02488811391433731,0.002049272556561843
32,637,4,2.476345453389571,0.008190088524859362,679575,0.025289586841666923,0.0038777104165969023
32,638,4,2.445753230653203,0.005219201979900223,679131,0.02519929109774656,0.0022557584030642452
32,639,4,2.4353348695244494,0.007393073816056472,647923,0.02451821840654569,0.0022322371455748558
32,640,4,2.425834570767272,0.006016860237274768,669145,0.024867505172825342,0.005466017241315679
32,641,30,2.824981726672342,0.013594904356933668,34931,0.0012937678619485134,0.008523946398893312
32,642,5,2.4245782511065004,0.010808952450097276,421672,0.015774791204885757,0.008506821261668518
32,643,4,2.4632533497912625,0.003925725718553208,649883,0.02403769404315639,0.004587800949987453
32,644,4,2.4349201439865724,0.009071641536748887,661562,0.02488586676930545,0.004683128756851174
32,645,4,2.4358185310903835,0.0066681643563103465,702201,0.02533632278905539,0.0017338275981132467
32,646,4,2.4840244393777877,0.0049825738367360595,628391,0.023753221510656973,0.0050159520457372375
32,647,4,2.4450558320038436,0.009852951343064742,667973,0.024378453860341872,0.0033992731209798732
32,648,4,2.4612793504058583,0.008973156631124857,649245,0.024517876832567273,0.002852409377774201
32,649,4,2.424972549512879,0.006634256564472918,670091,0.025227889853877316,0.0016994633648547142
32,650,4,2.467765469147327,0.004457901040335499,704537,0.02543972117363357,0.008913865398161691
32,651,4,2.408392204387039,0.006514200246431345,620797,0.024239091682503693,0.004708478168624519
32,652,4,2.435944639250856,0.005625936642472684,708053,0.026016188647634973,0.0073104779047523105
32,653,4,2.42136889874589,0.007430050421577961,721401,0.025859290596834394,0.0027959489211470956
32,654,4,2.397038957605125,0.007086746933555488,661380,0.024976421039513523,0.004699437308325782
32,655,4,2.4140572528406183,0.008020223143803462,721428,0.026661770611383816,0.0024640118537707645
32,656,4,2.3901034294668255,0.00983539668095823,707326,0.02624548095626958,0.005684544359302324
32,657,4,2.393539051823256,0.012733955358211979,663672,0.024617707447617654,0.0063730598931068805
32,658,4,2.4136531144526967,0.008368421186023545,639636,0.02451688152546521,0.0032537510450640905
32,659,4,2.4454513247546585,0.010088250279297328,652653,0.024012931933686126,0.0048942886582202805
32,660,4,2.4261839686182434,0.004887406748161793,690174,0.025821515797287104,0.004365388487883148
32,661,4,2.4492389955599676,0.009251991661364478,649171,0.024066108386108506,0.005174869505450541
32,662,5,2.4000520611741045,0.005617712651867834,456094,0.01712330477146545,0.004773690798571262
32,663,20,2.813646993023326,0.007879136765370554,59144,0.002185522333518823,0.0055026196735704636
32,664,4,2.3832011722836373,0.012779247865388754,690447,0.02579335793771485,0.007082093841330073
32,665,4,2.4137211751468173,0.006556111291915578,678716,0.025071805924638004,0.0029954976456335602
32,666,4,2.4490855974858,0.007061096986428317,683953,0.024910260447385514,0.005160779410190608
32,667,4,2.419090767996056,0.007128196019757005,675450,0.025313628341070083,0.004400557972112362
32,668,4,2.4431030133302554,0.007504735241792071,664373,0.02465730373525085,0.0019431212111642449
32,669,4,2.4681865032587753,0.004542080024158013,698642,0.024913533554401204,0.0037847296517283247
32,670,4,2.4259335820692525,0.01031694227233515,656649,0.024722240973563445,0.0031477687617381678
32,671,4,2.4105999936760427,0.0060924989296609056,736166,0.02618673505554818,0.006112626374384755
32,672,4,2.4349146391157555,0.006062215542252725,752836,0.026450131676920344,0.0023066010275100135
32,673,4,2.3930557567569255,0.00810881793495244,682001,0.02529763720785862,0.0026413278548744756
32,674,4,2.391342245841854,0.012073312786520574,646276,0.02503955315349103,0.005792894118643921
32,675,4,2.4603525199588754,0.007068451055772584,674762,0.024871897721350792,0.0025996169233890587
32,676,5,2.368922478984741,0.007790432109938905,477742,0.01805722408401945,0.004256679930492502
32,677,4,2.4516707565408566,0.008541766033412057,654934,0.0245034584598522,0.0026993228858773755
32,678,4,2.431997281915747,0.007675059045352928,702553,0.02559815179619156,0.002314191818067357
32,679,4,2.404983282320476,0.006919486723573898,681074,0.025864976478530737,0.002361566509173796
32,680,4,2.4499472460190526,0.0050180221395127456,676151,0.02484733418429922,0.0033246090931307037
32,681,5,2.4421051817028667,0.006376666473897341,466987,0.016914835705466626,0.0024929840787695223
32,682,4,2.401376507639959,0.008815248527032749,620883,0.02398739995349972,0.003193977384454705
32,683,4,2.43216401588681,0.0076965716679621154,689826,0.02500044667859042,0.005315478452635247
32,684,4,2.439286073421172,0.006779155359115996,687601,0.02527784636003218,0.005927940197094417
32,685,4,2.3643622778593767,0.0132098092275591,682255,0.025829410459242606,0.010095374736840412
32,686,4,2.4436506382081897,0.004632024717152516,686391,0.02511992781878545,0.0036237451008834243
32,687,4,2.4567531581272837,0.009643700442132475,686137,0.024664472877534538,0.0037267139686826822
32,688,5,2.400701750993535,0.006796894961845434,461530,0.017246817113410536,0.0022140041894652684
32,689,4,2.402378927715694,0.007055412113519677,677449,0.025761055014963643,0.00473083661305973
32,690,4,2.4399523373725165,0.00877732607453996,651181,0.02457587452774411,0.004195888680073312
32,691,4,2.4602996136271273,0.005517563310987517,701377,0.025793726461395466,0.004568012289928591
32,692,4,2.4531081608796566,0.006626548604657834,702850,0.025563919291267844,0.002892685601044609
32,693,4,2.470881315591601,0.0031657684785787454,673648,0.02478561838967729,0.005172716007795675
32,694,4,2.419036238385442,0.009363112312332666,678479,0.025366980150181656,0.004542568241166833
32,695,4,2.406608227293831,0.006998787279001495,668246,0.025196173129908666,0.002535583291523924
32,696,4,2.4556269745081027,0.006493051020650897,671892,0.024923878142262768,0.0028750248088661445
32,697,4,2.440777909830356,0.007141352915998267,692255,0.02493762217230211,0.0032380389144571753
32,698,4,2.4560960050094023,0.007131026735536561,677268,0.02516893396594218,0.0024933636459415487
32,699,4,2.3978322078158403,0.013328197279762422,634214,0.024426209537665812,0.00963905883026095
32,700,4,2.443855229864345,0.009362725856828846,630680,0.02387637859983219,0.0024984099641817137
32,701,4,2.431329978353065,0.010712436216200216,651315,0.0242215100352392,0.0056150533668836156
32,702,4,2.457041676336942,0.011406563509201995,659428,0.02443529590501988,0.004237389998605012
32,703,5,2.422526174497327,0.009690937436831804,446971,0.016644110013906366,0.00862123638563328
32,704,4,2.441410873175467,0.007685093218452732,676570,0.024632103082531654,0.0030829135092049764
32,705,4,2.4657753198390115,0.0060910728826083504,698674,0.024549964691641567,0.0056658460369274355
32,706,4,2.417050342951923,0.009691186291952092,682671,0.025278334543550603,0.004071312827000129
32,707,4,2.4497939146870378,0.005036546690141308,677810,0.024625711421147806,0.003518880199902652
32,708,4,2.406266504749877,0.008637945582723794,622581,0.02443701402918173,0.002357260928523619
32,709,4,2.44318857427645,0.009669773142306548,657277,0.024588960363850037,0.0030566739297761547
32,710,4,2.3974397356572963,0.006466403621504191,615910,0.024281976387531372,0.0025479629351742306
32,711,4,2.412635500344738,0.007626991921439008,670275,0.024956473475208896,0.0040944212610268815
32,712,5,2.4006738881783223,0.009186338817965156,486797,0.01765322755063512,0.003921119372385706
32,713,4,2.4108612553040767,0.007999352314412511,648649,0.02450554374320916,0.004599878865188756
32,714,5,2.383976665175378,0.007813326707509338,447310,0.017047048458915342,0.008091831230536473
32,715,4,2.409253738723121,0.0064813532174407,686033,0.025523936375533546,0.005793677841475997
32,716,4,2.4936148194597294,0.00334889156426188,703722,0.025077084590875185,0.006216679851248186
32,717,4,2.3967150539807327,0.011289345396377715,681751,0.025428429714804402,0.004120171885780732
32,718,4,2.4443801811092554,0.0046275795669216135,662165,0.024520756258316973,0.004949548695356132
32,719,4,2.434958571385552,0.006037880654909178,654409,0.02459317994350035,0.0063230237936862665
32,720,4,2.420826291913012,0.008430821048760362,697531,0.02582626490312897,0.006142728533297892
32,721,4,2.446650687959848,0.009560843463056967,634598,0.02364133955694366,0.006355843637549707
32,722,4,2.4382469162851734,0.00907017677192623,670841,0.02522135196080267,0.003936081095876953
32,723,4,2.4322529769186008,0.00944511278400012,687027,0.02520518303856902,0.005373523998000507
32,724,4,2.4532099177411832,0.004065641506731943,697561,0.025553720855049807,0.003110621262797264
32,725,4,2.4503146943387404,0.006810038573689892,625994,0.024095200201662594,0.0017689564338592145
32,726,4,2.4173471564695492,0.005822840125885631,704620,0.02601142572787749,0.00229833359462861
32,727,4,2.4103113345629574,0.009534030693264306,636280,0.02455755925927627,0.0031430228325534104
32,728,4,2.439723228952498,0.004165192921710581,658166,0.024618832569413114,0.00446848452197357
32,729,4,2.4510272249684077,0.006631728396766512,674828,0.02491226984701592,0.0058131506607133066
32,730,4,2.440227933686962,0.008321606845849039,642736,0.024457178647457167,0.0024411921724851737
32,731,4,2.434868945496315,0.009326088338735938,621522,0.023812938308741996,0.005286369411095393
32,732,4,2.4321128850900275,0.006665076457253227,647089,0.02417669771332226,0.0014135364661181926
32,733,4,2.4188081310847025,0.009503357895530806,658464,0.02497333566658103,0.002504748956363878
32,734,4,2.403635201163314,0.007069407528633165,631680,0.02471197819330668,0.003171266551657448
32,735,4,2.458031848208261,0.005574576241199725,707672,0.025467327943705226,0.008338932718142678
32,736,4,2.4340568493050756,0.007267428705613199,666342,0.024733776956744193,0.001705814674985373
32,737,4,2.4647362396918098,0.005790481646036516,684900,0.024662795062759774,0.003449615996439004
32,738,4,2.4053000294590037,0.007487547918384796,678416,0.025588559769584678,0.0018381355482679496
32,739,4,2.426032633700283,0.00668533346776401,670509,0.02501016898702342,0.0024083114289259466
32,740,4,2.4078731478292656,0.00789102335632319,691395,0.02551767785533033,0.004002335612561692
32,741,4,2.4250457186461647,0.0075846494957353405,674697,0.024922229885709624,0.0026581782165266965
32,742,4,2.4263672104785776,0.006231021034992623,684855,0.025499115905546172,0.005133031061613336
32,743,4,2.4777108331086306,0.004050191711190365,666803,0.024711836746069082,0.0040990475826565564
32,744,4,2.3998351298466964,0.006315232250530212,659904,0.025352320783632833,0.003848006695272188
32,745,4,2.466069063655952,0.007123234315278282,690629,0.025441984341348277,0.005019363065768556
32,746,5,2.3935235200328737,0.010115132184308706,492387,0.017661085439370554,0.0062955574248937385
32,747,4,2.401707817512367,0.007706509228818659,680146,0.02514793238521823,0.0015895786152591018
32,748,4,2.4356327144091328,0.00921358326843058,640304,0.02427062084906463,0.0038326937531768523
32,749,5,2.4389087601218904,0.008472199725617635,456894,0.016682806858319302,0.007425855586775498
32,750,4,2.456044333898866,0.008835813689350713,689269,0.02470294386463167,0.0045380657732645435
32,751,4,2.446947503306939,0.010283518710232364,691382,0.02440751285205153,0.003779164578509797
32,752,4,2.4023904364076434,0.010619203422019274,673215,0.025591408959279662,0.004009161541803641
32,753,4,2.4444406272966184,0.0074980484527197855,719032,0.02610640956446898,0.0026044801711425647
32,754,4,2.3936888833912615,0.011089880897576454,663292,0.025420000343383008,0.003920707386979472
32,755,4,2.4501001069798,0.008248437695193234,674943,0.025197745272139777,0.0032438619929209267
32,756,4,2.4578493768645497,0.004704043738802288,727625,0.025991598458032457,0.00418357244648071
32,757,4,2.410936763518265,0.011777896966831403,673297,0.025102875457156417,0.004890500826299715
32,758,5,2.3821124684957655,0.010419323437256378,449370,0.01698571887234815,0.007887797079627834
32,759,4,2.4072435408355615,0.007512129492537212,646340,0.02437736894288347,0.0043208129071974355
32,760,4,2.4040148170877984,0.009355365096160195,676672,0.0250193892576118,0.005053151760176289
32,761,4,2.445860698751195,0.008386080383578465,609177,0.023735922823387857,0.002763311510980415
32,762,4,2.439614231429033,0.00678259315865648,638767,0.024017544993581517,0.004651682117356504
32,763,5,2.4011507667494745,0.006953820616917072,454339,0.01714022066092646,0.003313681641298083
32,764,4,2.41856960719719,0.006913019286354571,667562,0.025166788473919864,0.003406236701723797
32,765,5,2.4096646420447647,0.009873870727282075,463660,0.017195545461423323,0.005211608611917384
32,766,4,2.4416063211644636,0.00358942993526723,671291,0.02500986921373103,0.007717914831250283
32,767,4,2.434032155605331,0.006593664187347192,643727,0.02431856934081006,0.002708506656462717
32,768,4,2.4218894095810257,0.00934090098406215,659851,0.0246909648942047,0.0037792869534343243
32,769,4,2.4483581351754204,0.007797794786007284,694290,0.025174237931701524,0.002007482019251272
32,770,4,2.4644682976742223,0.007690379639916589,670335,0.024436758124925427,0.0020604452063117673
32,771,4,2.4118967768023816,0.007007869949981038,711989,0.02596603910545905,0.0031765616236181238
32,772,23,2.810446870468213,0.008160662590356749,48370,0.0017955610627182388,0.0034605472670313775
32,773,4,2.392736402412337,0.010071607130266447,662030,0.025507884430323015,0.0040571942333939015
32,774,4,2.457556714644704,0.007160902731170982,697692,0.025134300914744858,0.002051780293487959
32,775,4,2.447797701935472,0.006057676686621605,672405,0.02482548815835974,0.004165411845929445
32,776,4,2.4395380115114613,0.006812365292700129,659677,0.024199265985030853,0.0033734697002778535
32,777,4,2.4163387405583125,0.00636232905275802,668702,0.02542973441617714,0.003756272902639912
32,778,4,2.451144016456661,0.008323550895485532,654075,0.024666265791529467,0.0040895880741013135
32,779,4,2.40339461555383,0.011543768013894451,628554,0.024621142162247808,0.004440522113129286
32,780,4,2.4276574064050243,0.008265713894626825,660755,0.02443081078508884,0.00248469302961285
32,781,4,2.4375536562113505,0.00668266759583358,683897,0.025643951353147145,0.002534352318908639
32,782,5,2.3900752423910117,0.01064310387767553,425750,0.016424543371654183,0.005363723993588643
32,783,4,2.448442949306717,0.0071948608176081175,661454,0.024503573640026546,0.0038196727489268056
32,784,4,2.437977565189491,0.008136325748094753,687077,0.025682351641701448,0.0025747117174669265
32,785,4,2.471521706146554,0.007479216575409509,692408,0.02505776355747227,0.0031326238976490672
32,786,4,2.442918606728027,0.010233549409272347,650671,0.024482503279153613,0.006529411415266084
32,787,4,2.427627558635203,0.007362560982987154,710057,0.026112777475175823,0.0023545696510053893
32,788,4,2.4206691990107565,0.010373953494955568,687025,0.025428219507205713,0.004812339464327742
32,789,4,2.4410726620604932,0.008595383748511765,653781,0.023861944166245718,0.0022602904891758646
32,790,4,2.4439513549233527,0.00731876547047583,698540,0.02501702116519353,0.002414503287813341
32,791,5,2.3935305616021174,0.008738033533265743,424762,0.016410129216216807,0.003546818610164204
32,792,4,2.4421710522084537,0.006695406140745597,702017,0.02562986889544256,0.004607685910931136
32,793,4,2.4116550643082415,0.010105593044835826,686784,0.02539118794338565,0.004496458537621151
32,794,4,2.4769978605951586,0.0056796702346242345,625285,0.023396145114806623,0.0020615383757188743
32,795,4,2.4416779767541565,0.008485161157277155,668900,0.025179596132679043,0.005366740319073804
32,796,4,2.435971508975473,0.006914927083992051,680667,0.024915663509712107,0.0015139881861988003
32,797,4,2.4267810620265213,0.009792201118439037,680390,0.02489274814271174,0.0061030626689375644
32,798,4,2.388380732087306,0.008535859718269201,675028,0.02518911576810556,0.006282052760502643
32,799,4,2.4695699975814165,0.005924299243490694,680169,0.025497588321287405,0.004093044855452088
32,800,4,2.4320165063826216,0.010828253498590679,651646,0.024449069029339552,0.005826999083632822
32,801,4,2.4414766696397026,0.007327529484460471,664701,0.024497388748871553,0.005228604342198961
32,802,4,2.4387278926951423,0.008714584015898419,657402,0.02500250252458331,0.0035916156226935003
32,803,4,2.4197084595568983,0.007592786995402889,688235,0.025448206954025245,0.005208981919185285
32,804,4,2.427607077247874,0.006943632365343788,647991,0.024838084487917828,0.0014907544575339937
32,805,4,2.4160681607666876,0.011539674274438139,663004,0.024343324426961417,0.0059780602438103125
32,806,4,2.452225423036933,0.007394975174273122,669476,0.024727817124754668,0.0030862924981482354
32,807,4,2.432053989849037,0.005865781601606002,674761,0.025155144785396467,0.003712492009638302
32,808,4,2.4108084323983743,0.009964877728718013,649582,0.024457731907215275,0.003174149725835962
32,809,4,2.461314895160794,0.006853012850729645,687806,0.02464632403534563,0.00256605745941485
32,810,5,2.3649845317545677,0.008461261080235594,463289,0.01765044014377621,0.006274474333606173
32,811,4,2.4428818841070576,0.00788204229002043,662935,0.024679333580746504,0.003189356634972662
32,812,4,2.437380970800506,0.008816091385956515,702513,0.025319135033620845,0.005828469099466771
32,813,4,2.445627367208416,0.006944965566801908,675584,0.02501947888109322,0.002462677403388347
32,814,4,2.438674522359338,0.006173027112039375,692988,0.02504879086525263,0.0031794216042787538
32,815,4,2.443963000978655,0.00768574565262492,685804,0.025697632507937537,0.0024199892961774827
32,816,4,2.3936887772563664,0.010284079540321511,651189,0.0247136440291632,0.0032899196033232547
32,817,4,2.422712438964963,0.013842538838858498,617473,0.024020222838835228,0.008280924808230672
32,818,4,2.420701747438756,0.005187197364518226,696652,0.025910755898989814,0.0034203650727724355
32,819,4,2.432424351850602,0.006201399512205885,670620,0.025026971486038663,0.0020295801266727587
32,820,5,2.3807466020080152,0.0036634232229041386,476831,0.017964148557918877,0.005476973627250192
32,821,5,2.436056970629724,0.005801139097117658,440050,0.016558495533589946,0.003857764787683071
32,822,4,2.4064866843843884,0.006083401971627045,709664,0.025542599925869793,0.004681490255787901
32,823,5,2.4297998420777094,0.006618909749457225,458757,0.017153519431565532,0.0026041536055636527
32,824,4,2.4536321652555495,0.009555164597778776,671446,0.024016832235176856,0.00399355056715095
32,825,4,2.440796489740591,0.0065469432730462795,667875,0.02490660233892155,0.0027136756732153433
32,826,5,2.418693299662276,0.008111110418624778,462040,0.017042405025495554,0.006778927358975784
32,827,4,2.441135678067338,0.006766005824659582,673442,0.025038523980717896,0.002213813417581423
32,828,4,2.4346046066725284,0.008338381565283548,660235,0.02495844103068134,0.001680567329330973
32,829,4,2.4526250162804226,0.004937640712781688,697100,0.025403015506662435,0.004255187272961702
32,830,4,2.4556002515257362,0.006074701215881051,693447,0.025528118104051284,0.005035515239140642
32,831,4,2.412789813868031,0.009395670454087846,675047,0.02508215599078468,0.002577180456526884
32,832,4,2.443413311995368,0.009970004177842884,679719,0.024946884293918125,0.006187674533456922
32,833,5,2.396602227817407,0.009494627981244674,421426,0.016330269911005134,0.004474484197211526
32,834,4,2.418272257632484,0.006033299890525812,659970,0.024796775551251742,0.0029333741502742816
32,835,4,2.413581722024642,0.004998617668087513,706763,0.025512729652307328,0.0038412229486096128
32,836,4,2.444464606322524,0.006335071989741814,679929,0.025117053999769195,0.0030312986802618624
32,837,4,2.404628134103922,0.008351653786709323,662927,0.024782124132189023,0.00570544034750553
32,838,4,2.408676544266113,0.006743436221228194,718258,0.026288385556448926,0.0020295808914065905
32,839,4,2.4374466412874387,0.006308682441760305,655788,0.02462825044962965,0.003193718502283338
32,840,4,2.4317472704796774,0.006471419567843806,728491,0.025832765933348656,0.0016154339048907174
32,841,4,2.41436441644259,0.007212855866973178,681263,0.024999764226906265,0.0020195338780639727
32,842,4,2.411583334721262,0.009718286976054147,650179,0.024458790403402885,0.004443327702124744
32,843,4,2.46202738888543,0.007154191847324798,686235,0.024947441997883537,0.0013868300405593947
32,844,4,2.41011598644893,0.00967789549064535,658779,0.024724449461884554,0.003041567944506607
32,845,4,2.4393255514967835,0.007308844691240268,653367,0.02465262902590332,0.0018342014040703125
32,846,26,2.785715737705855,0.010488757179119679,42303,0.0015544791989421766,0.003620915385409429
32,847,4,2.4482353215235872,0.008736630493204167,681820,0.024852881852799803,0.004016101964834706
32,848,4,2.448509573076381,0.009240445416056509,687561,0.02487121561054647,0.005223690386858881
32,849,4,2.4242049139276785,0.010255480734834788,666172,0.024562774741223686,0.0046938667042069615
32,850,4,2.412743475523765,0.008982781845925158,643426,0.02454317925920433,0.002961019959205169
32,851,4,2.4790124731568257,0.0069250316184360505,630764,0.023445997882082573,0.003408966102488642
32,852,4,2.4184133598724045,0.007523548641093281,680554,0.025722977538762265,0.0058215841950030045
32,853,4,2.4530286756707294,0.0062153141498138,665670,0.02476809514234725,0.005423245639600005
32,854,4,2.442799605930602,0.007419179026831868,663784,0.02542499216701382,0.00417410017304376
32,855,4,2.3967020014677716,0.009587464811428137,694857,0.025557320333958373,0.005875703732265536
32,856,4,2.4509495892033493,0.00935494350447963,649812,0.024658344230731356,0.005090660525493673
32,857,4,2.434746150759355,0.005014348687870984,683512,0.024645609745658527,0.003693562444200049
32,858,4,2.430197147874177,0.007365449535241209,721035,0.02611756280996121,0.0017152760692932811
32,859,4,2.39546118326996,0.011366577450288462,681931,0.025555442089237615,0.005804963419660636
32,860,4,2.442250342607355,0.005614012020535353,694202,0.02512467295855382,0.0035496268484449534
32,861,4,2.4280436239614334,0.010876436068428474,689454,0.024741522655057697,0.004033724288783125
32,862,4,2.455943236023497,0.007129948232309391,655461,0.0243533331609364,0.0020865020336063855
32,863,4,2.4300865961130933,0.007708838685914876,665843,0.02485045159364037,0.004378508794139091
32,864,4,2.45242637353586,0.007006496951097008,671582,0.024461949266757457,0.004799199537230736
32,865,4,2.4100157124952375,0.006571803685711641,625074,0.02458237812605114,0.002195270181476361
32,866,4,2.442769954664445,0.007413073187300723,687247,0.025057754319541815,0.0024805978908617465
32,867,25,2.87060099533334,0.011018466285384942,46454,0.0017742778222529134,0.005677888143307386
32,868,4,2.431868873763707,0.007709195448633244,696972,0.025412610542916114,0.0025427528674178967
32,869,5,2.4520393425810285,0.008792999598509543,441342,0.016363946400624774,0.0037874038086113115
32,870,4,2.4419265779485033,0.0086601926072018,662990,0.02428266621836453,0.0030985785765739737
32,871,5,2.3782523666852264,0.00859376337837936,484317,0.017864199814112615,0.004646677593579729
32,872,4,2.4358439450738567,0.007996090235705022,661361,0.024556522374542616,0.002035206207300466
32,873,4,2.451936870953343,0.0074114201449260175,640119,0.02390403656279194,0.0017515716375248735
32,874,4,2.433004207589466,0.0070331867144560745,644742,0.024302866590250997,0.002063556047055104
32,875,4,2.405528638566844,0.008218545983352699,689240,0.02543510717164553,0.0024913735766766143
32,876,4,2.4233989097000443,0.011182626082092972,653503,0.024623434619900315,0.007762354240076652
32,877,4,2.468793275633582,0.006483815653459235,646695,0.024188622895929806,0.001861336713363415
32,878,4,2.4468489592529115,0.010255043600723934,648065,0.02377718812025912,0.006366479205918818
32,879,4,2.4436155844206837,0.008881517485614832,695593,0.02546757133838377,0.004999029374978314
32,880,4,2.410296951494065,0.009583984898548725,665415,0.025198562964483893,0.002414811387951743
32,881,4,2.398420277366994,0.009458999266860113,670878,0.02485175510487125,0.0035735494424250502
32,882,4,2.450559175203438,0.007375192385178586,636205,0.024215995235705955,0.00259526058425974
32,883,4,2.453317109012641,0.005206408158816012,674491,0.025117977867433253,0.005167051150787971
32,884,4,2.450828712415175,0.00749416547714532,641877,0.023695601574767397,0.0018379454026418163
32,885,4,2.400381908055687,0.009574009800091154,668766,0.025662139302079418,0.0037343346627093377
32,886,4,2.4439717824939233,0.00923720784821036,646137,0.02475261918933359,0.003605839387038068
32,887,4,2.442994651896601,0.005839372203720106,661069,0.024807988944822584,0.0024460744999172945
32,888,4,2.470808440545761,0.007183228266134378,659992,0.024182819642491516,0.0020735114109927677
32,889,4,2.4310560572295645,0.0073630015290565565,675311,0.025463029907920955,0.002365663891961467
32,890,4,2.42943012262805,0.004464054447429255,664028,0.025279292039117596,0.0052088492275764176
32,891,4,2.440808463880969,0.006549105795250032,691128,0.02533037835220378,0.005800326929859989
32,892,4,2.4578610204069506,0.005259769003412518,673959,0.02486127468558442,0.0037299639787993777
32,893,4,2.4535061351694454,0.006930379467059655,655836,0.024226235351052238,0.004481702826986345
32,894,4,2.436614854747734,0.006784833164763193,641705,0.023846265214185137,0.004841483912352229
32,895,4,2.4302484177360837,0.007057185622780016,663974,0.024675113764532967,0.002203511051299012
32,896,4,2.427079793731357,0.008221083797018802,653740,0.024188386288980436,0.004787566295417323
32,897,4,2.403414673530485,0.007360664536683825,693587,0.025862066393971372,0.0017098300852033121
32,898,4,2.420912011718002,0.009709687237261067,628035,0.02393577946161599,0.0030954151975515765
32,899,4,2.4526143704623538,0.005855751715677093,679033,0.02494288485524371,0.004085529116070186
32,900,5,2.394322322455604,0.00853192695429017,456107,0.016881508103647243,0.004448125663888913
32,901,4,2.455647817079321,0.007205439287354953,655268,0.024151046316951433,0.0022369729035628394
32,902,4,2.4642644507241998,0.008913558551451928,626096,0.023844870322837462,0.004337404975680081
32,903,4,2.450194790819848,0.007860768030477638,680561,0.025186999018405733,0.004171629580976166
32,904,4,2.4139079616072125,0.007190188443317425,644417,0.02411073253986023,0.004543996474031586
32,905,5,2.403856022948232,0.005320602607772562,479762,0.017429429288476014,0.004273216347280173
32,906,4,2.407851764837219,0.007599222948605933,623831,0.02438303778479501,0.0013732289630383199
32,907,4,2.4283426147805485,0.004607897086509827,710652,0.025340715145667606,0.0026788796018085703
32,908,4,2.4338187078357882,0.005998644893032146,657072,0.024982700330176556,0.0045953878880540255
32,909,4,2.432499039023517,0.008677418216641253,683768,0.02570590504452935,0.0020629579897137873
32,910,4,2.416697843113172,0.007914677239393209,658365,0.024613471500111204,0.0028711427173270243
32,911,5,2.420181153017201,0.008538777621909133,445323,0.016548840769540437,0.004888795224237186
32,912,4,2.4516435422657796,0.005542042426849636,681283,0.024535962342246358,0.0019089426870566029
32,913,4,2.4174164494694903,0.008972258715541415,655093,0.025358239770196384,0.0028149239975400753
32,914,4,2.4110642217243683,0.007809124104214971,684528,0.02528856975325572,0.0038687378038884113
32,915,4,2.4168893828605316,0.006967007124058955,687032,0.025143225537476374,0.0019232013679605364
32,916,4,2.4434585928328576,0.006836952004561692,629533,0.02400293983424694,0.002733417209217659
32,917,4,2.4728253066310644,0.005280786443750851,679855,0.024388375886374717,0.0031746876677773983
32,918,4,2.4176150848889053,0.008612881086583868,679522,0.025387722797608828,0.004136520428374868
32,919,4,2.4560564820725803,0.007205206762477934,666446,0.024671468978694638,0.004855823546402571
32,920,4,2.432322183007433,0.010658459607630566,686485,0.025228218384345916,0.004740291858789103
32,921,4,2.4472497988974307,0.0054474341097048296,697517,0.025103450688415213,0.005040178392451189
32,922,4,2.437923004040648,0.010655742835185111,671087,0.02490601332844531,0.004544286518551599
32,923,4,2.4542334214786377,0.00996969086626831,636104,0.024258973303856127,0.005786471941141791
32,924,4,2.459367747990727,0.0046993791595379975,693794,0.02529495418540319,0.004822371005952508
32,925,4,2.4372528246145846,0.009341859115789997,722175,0.025521414504984217,0.0034014714121222145
32,926,4,2.424781606851402,0.007228149070736656,682198,0.025047650154897884,0.0016942594519631093
32,927,4,2.456335110629446,0.007650092180982004,655410,0.024775414333564377,0.002521442619414338
32,928,4,2.444351912852737,0.006210734218272562,653116,0.025102203166897236,0.009228392493695892
32,929,4,2.4551485582926347,0.006864865141731125,699874,0.025453166107444792,0.0038772428552413807
32,930,4,2.417232568774957,0.008472203078354612,651099,0.024558110799079002,0.005148761854814943
32,931,4,2.431506810253713,0.007803744334670237,682357,0.025419636699804675,0.0015121344290714989
32,932,4,2.419552800513226,0.007944450766290245,675791,0.02528681629691533,0.008347265939749993
32,933,4,2.45681007072232,0.008589819469559057,654829,0.023974549440851717,0.0014701379016608396
32,934,4,2.431555474483258,0.012904350499923667,641244,0.024699071021211088,0.007162492242943297
32,935,4,2.442506376206291,0.0052940852168134045,699274,0.025250090994702087,0.0035460009419461813
32,936,4,2.4071277430362015,0.008071654742939471,684088,0.025711728617697285,0.0025448034388379503
32,937,4,2.452338423690881,0.003074089201412611,673137,0.02453532070049429,0.00429178036304112
32,938,4,2.409695556524495,0.008383437111050607,665384,0.025143554861162598,0.0016182071204398074
32,939,4,2.443669464427524,0.007539642873946817,666690,0.024727059902173283,0.006469149510985539
32,940,4,2.4266690778664795,0.011663519946041312,708511,0.026000553471078713,0.004545758722544813
32,941,4,2.4325995572107715,0.006961779013639036,685542,0.0251794730999248,0.0013195546362141375
32,942,4,2.3855839292720282,0.01004615076874249,689159,0.02610438496425244,0.004293625148642732
32,943,4,2.455660830772932,0.005256004226010913,678969,0.02461707640198657,0.0037338771854292796
32,944,4,2.4186067979639123,0.007236786793178851,660915,0.024564376886817434,0.0019810556824798597
32,945,4,2.4166783211653944,0.008892588953115843,648592,0.02511235653140725,0.004198294628003363
32,946,4,2.438150768295755,0.003982212020719134,623112,0.0238774289527966,0.005486099766698005
32,947,4,2.4809488474446053,0.00778856344701262,641049,0.024063961851362975,0.0028350729780460826
32,948,4,2.433802462962458,0.007483549720028182,683500,0.025279195492099945,0.00196163209343192
32,949,4,2.455044783838949,0.007131600921579273,684503,0.024949117873039616,0.005226294220269101
32,950,4,2.4485946249339885,0.006732782172403362,683047,0.025078446444642348,0.0034079614861509677
32,951,4,2.464280299650168,0.007955499737555494,665780,0.02448052875412354,0.0035504667688956437
32,952,5,2.385161488962105,0.009819601858616411,443275,0.01688532548938494,0.004507802682303108
32,953,4,2.447557460707968,0.010601406135746616,699310,0.025083889758723908,0.0050806060699335465
32,954,4,2.4250078477957095,0.012618460204457005,686051,0.0253942534929494,0.005492276651482997
32,955,4,2.437371059117298,0.008565109463082421,660333,0.024321366318819388,0.004164645830790681
32,956,4,2.430815222155731,0.009768847518467516,631093,0.024598578972935766,0.0027084446062825007
32,957,4,2.3926673737695516,0.005835134375543394,709420,0.02633625925849891,0.004911504170532266
32,958,4,2.4258980523930957,0.008190018130453836,700417,0.025407459890270295,0.0021872511503642222
32,959,4,2.4643994315442406,0.007418318011608749,651931,0.02418500878246161,0.0018310679197420798
32,960,4,2.4370563210850293,0.004596286311369324,699312,0.02563814250757115,0.004491839401514874
32,961,4,2.4010880973280027,0.013356040244744127,644797,0.025126346402198692,0.007005375769980837
32,962,5,2.4018325980431556,0.005659002191641949,472562,0.017444865215582122,0.005878028687692161
32,963,4,2.4697030404712885,0.006973233950084645,686718,0.025016132377807938,0.002445268913258025
32,964,4,2.412990379052663,0.008269574993790996,673318,0.025073996662897786,0.002958769436833042
32,965,4,2.4025701958625914,0.010041073231898512,634878,0.025019160083721133,0.0051999669084491495
32,966,4,2.4381739813061656,0.009026277484805889,688878,0.025119027481545823,0.003131976883987586
32,967,5,2.4193471066444796,0.006684284091893922,432343,0.016458970398308966,0.00413910940065787
32,968,4,2.4574355381829465,0.006077620674922679,672250,0.02511297664177509,0.0022281059985164164
32,969,4,2.479724643416789,0.004361804525943258,702998,0.025099729757617324,0.0029494464668914366
32,970,4,2.423274222769455,0.006235530613805107,655425,0.025055119925881875,0.004493029806018511
32,971,4,2.4152930059715727,0.009530319900351802,684695,0.0250518089974959,0.002640889607881558
32,972,4,2.4372884579982275,0.008180660752147018,688356,0.025176783663655878,0.0035632854873047237
32,973,4,2.408447593651879,0.012720450471520595,639642,0.02405901157130123,0.0071588364408927685
32,974,4,2.455213429119957,0.0068797892056370324,646660,0.024079613683547867,0.003914692589453539
32,975,4,2.4247621141248827,0.00850852507543931,697548,0.025524339982329225,0.002059968095863507
32,976,4,2.467244091288612,0.007363181889691095,667798,0.0247906763019209,0.0027121119383161085
32,977,4,2.4478080349839377,0.006663668040059523,700469,0.02532202784591972,0.004199292058928439
32,978,4,2.449745451380183,0.008014068402265151,672832,0.024750667643991968,0.002453851838360055
32,979,4,2.4339187225286127,0.007109503278116436,695697,0.025764179525665967,0.004557929764174129
32,980,4,2.4371841641381407,0.006156324747556563,681357,0.02574237764637783,0.004342270321721631
32,981,4,2.4901706171169082,0.004701079179176393,667761,0.02491419807190602,0.004677877589014723
32,982,4,2.4559881732299864,0.005933087797558856,679420,0.025412285741632585,0.0020356414073487983
32,983,4,2.454493205758234,0.007223022811297497,668816,0.024775706134259556,0.0019028105090880265
32,984,4,2.404456783191425,0.009605934120610504,673511,0.0253042395311665,0.0027496189885953815
32,985,4,2.4542909952971885,0.007991980691382294,699119,0.025079166186124255,0.0047760651871339155
32,986,4,2.4083355964909914,0.009884107709903944,645866,0.02455953544404354,0.004322493679276118
32,987,4,2.483789425694026,0.004890163314682505,645869,0.02370677710147964,0.0030330107028017084
32,988,4,2.410101983190332,0.00855066723819542,676531,0.024575471374266043,0.0017647820465834796
32,989,4,2.3983563566040424,0.007432778163684817,652240,0.025129511919411724,0.0029690307698433394
32,990,4,2.432446043063078,0.009332654764636183,645622,0.024420268177302806,0.0058900610513312746
32,991,4,2.4351073913051686,0.0054070177632636884,699266,0.02554982102928876,0.0021351500875431695
32,992,4,2.420575649001887,0.006598424466239372,707280,0.025879485564360163,0.0016891614715722758
32,993,4,2.43196039807865,0.01026550637118906,674663,0.025094676504924397,0.003096332860592077
32,994,4,2.4168192120027876,0.0068967245938406085,709768,0.026062784767029216,0.0015822408503906038
32,995,4,2.416493531009618,0.009845972841502348,612762,0.02365806752488334,0.004284358810874522
32,996,4,2.480436429395247,0.005427820848756926,688624,0.024633618107732586,0.0018917266224862672
32,997,4,2.4473160182471294,0.007135962186261557,627777,0.024400133315583834,0.0057491765511472614
32,998,4,2.464287986612891,0.0039834077078512165,679666,0.02465598607964467,0.003359667932457011
64,0,6,2.5886379142350076,0.006914041920034308,290629,0.008154232609242768,0.003235939173519664
64,1,5,2.5994466221453423,0.006643211576598029,390085,0.011080130117144855,0.003297884620171887
64,2,5,2.5837170594016468,0.006792100828580672,400095,0.011246159786175814,0.004981422369613964
64,3,6,2.5128682012815724,0.010674850491756538,293078,0.008243723112187042,0.003004402334605194
64,4,6,2.482411764951216,0.009388804842429432,287423,0.00830507094965221,0.006015999032679131
64,5,6,2.526794460556234,0.009294340494068187,294052,0.00816798700308637,0.002545209226660683
64,6,5,2.5419772822181206,0.007780816116893796,410543,0.011715131985318268,0.004221623176564493
64,7,7,2.483701435949356,0.006314192744139024,221163,0.006250780595065901,0.004632667321395695
64,8,7,2.5014888561830073,0.007328280718278957,236710,0.006470818810485214,0.007157400973156092
64,9,5,2.544127686676572,0.010363617238515088,418089,0.011606734715032868,0.005514992708551381
64,10,6,2.513711293464952,0.007772788542484088,293187,0.00819868039575879,0.0033042788229126208
64,11,5,2.5338362379926433,0.010175730392575022,403432,0.011551218475283943,0.002794070592173181
64,12,5,2.560389438003708,0.010092341728027865,402170,0.011520845577412737,0.004719676812149187
64,13,6,2.5538959153209992,0.007936776808417423,278217,0.008015741008390632,0.005177424676807207
64,14,5,2.518468494934565,0.006142672635803259,412228,0.011820406146457501,0.003667955942945389
64,15,5,2.557823070646226,0.006616127075874723,421877,0.0118061788216724,0.003204341585841375
64,16,6,2.570807695977962,0.006500316384845384,301461,0.00850128240740088,0.004486298980917847
64,17,5,2.5696030658531965,0.00753400590666331,420785,0.01185517140982932,0.001528737342088915
64,18,5,2.5509741125270238,0.007474401022253163,391523,0.01147428752963284,0.0057073495766066795
64,19,5,2.52979623718787,0.007382209520426453,412668,0.011904015674018718,0.005878947079379748
64,20,1,3.6464192377266285,0.011174806739599474,35824886,1.0,0.005903229421529432
64,21,5,2.534271306967223,0.008040908605497,447191,0.012209442790715428,0.0032614526969270696
64,22,6,2.539140467358223,0.008352562566938726,282445,0.008110525169893313,0.0014621065039486236
64,23,6,2.4982066410811155,0.008861352532052669,292830,0.008494578661443191,0.004888918187270719
64,24,6,2.5234727661957645,0.008099000189755068,273408,0.007873111501997132,0.00205830329600154
64,25,5,2.533950401222628,0.009201401981372093,422641,0.011913982176821806,0.00482931770170647
64,26,5,2.570871044241118,0.008031377282872398,400418,0.01141291036853065,0.0022654592853302846
64,27,1,3.652410006212641,0.011022292568171665,34624251,1.0,0.004594087876615305
64,28,6,2.5583508653258424,0.006271661371171078,304874,0.008597730451164406,0.0028707547080312756
64,29,5,2.5310951672352933,0.008935015155085102,426005,0.011958754123546179,0.005969587315766467
64,30,5,2.561699609322031,0.007750652659267998,417968,0.011802326394041232,0.0071279349219836585
64,31,5,2.5503981173051895,0.01015761253109626,406491,0.011417190338298418,0.004427112446750758
64,32,6,2.5366183637769146,0.006325320416264102,291064,0.0084140074155913,0.002473016880051526
64,33,6,2.570629056541116,0.007734792782745248,292754,0.008216677519643063,0.003093795981826908
64,34,6,2.529727572842267,0.008684364997282423,278643,0.008162317285752903,0.004812502724752532
64,35,5,2.5519861032279874,0.006983145063981233,407207,0.011618068056342896,0.004971414449589151
64,36,6,2.5778577301810714,0.006770933352694519,306602,0.008418872936092165,0.004629692401282304
64,37,6,2.56022737802208,0.008843724586004242,294438,0.008090943659840833,0.0015891304712237764
64,38,1,3.665174701512803,0.011173377008545482,34492288,1.0,0.008459921353923983
64,39,6,2.513353081505158,0.0058369682301219195,313576,0.008546595990865453,0.002807774385707784
64,40,6,2.489161995967502,0.009402327478249872,315395,0.008731079189845987,0.0033523600894930228
64,41,5,2.559700584882712,0.006456964644625307,423592,0.011956224601187036,0.00688993176572722
64,42,5,2.5850447278365056,0.006298935444425613,432100,0.011710283837930213,0.0032670532771784666
64,43,5,2.5252056677787578,0.00843426515715684,407740,0.011630800278301712,0.0029744311767112563
64,44,5,2.5426507161249536,0.007457178449676305,413351,0.011823600375573963,0.005237200073733406
64,45,5,2.5650206663881363,0.007307733019901175,396966,0.011616902267087791,0.003155585558675733
64,46,6,2.559899362519575,0.006642561799590108,300572,0.00845600179421227,0.0022663865500414104
64,47,5,2.5666598699410956,0.006565684888482581,424528,0.011504340603578982,0.0036628280979210115
64,48,1,3.626660531781942,0.011842646021815506,34504702,1.0,0.005812298036625196
64,49,5,2.539261823902094,0.01166002387351206,414984,0.011689341436265323,0.0064820493829809145
64,50,7,2.4985289891307567,0.008054379334480055,222266,0.006232010483267506,0.0065717754899430325
64,51,5,2.5558027691743264,0.008488656360700064,415902,0.011544742072576856,0.003096752675206371
64,52,5,2.5603398569602422,0.008087602458389909,427613,0.011833704970295563,0.003024821203558792
64,53,5,2.5531957847105176,0.010867028228132902,410899,0.01155303182068099,0.004808858014180628
64,54,6,2.595024796913949,0.006336659676034473,280175,0.007837629000225974,0.0028813807525548407
64,55,5,2.5297417739989747,0.009302677705425755,428699,0.01195735395719051,0.0034393404636227087
64,56,5,2.5444424630242017,0.008149152124934056,426115,0.011806177048131293,0.004289957185189375
64,57,7,2.5153199693024493,0.008246335398399918,209171,0.005906043838633999,0.007663940535670211
64,58,5,2.54663317833903,0.006219865724385931,418136,0.01203555701495988,0.0031843151835932726
64,59,6,2.497862822361809,0.00744972662886334,298260,0.008391087588032429,0.006870980871173216
64,60,6,2.52430235698043,0.00886799271164107,277721,0.008065318506040748,0.005184757583834743
64,61,6,2.536358976901126,0.006020244748552117,290796,0.008195302493959545,0.006105372832697076
64,62,6,2.5386382961232123,0.0054727782776746725,296582,0.008585042905530834,0.0036933223689624706
64,63,6,2.515703565782721,0.007468185545364325,288732,0.008310398800533936,0.0017820374045084408
64,64,4,2.556004015035605,0.006270155650210385,650736,0.01848243227963546,0.009360016592302733
64,65,6,2.4898372387243506,0.011431857561866487,288118,0.008290887036973463,0.004236457966007912
64,66,5,2.539953774102276,0.008570466607906835,409222,0.011392382791990395,0.007818513117528458
64,67,7,2.5319652408221853,0.00818513875294724,227545,0.006298869910017884,0.005961044190455234
64,68,5,2.603074106346691,0.0045526867846442665,402603,0.011257338606030868,0.005112299451795255
64,69,6,2.5364693953481434,0.004638350675109648,289149,0.008267729537513075,0.0034701741733219604
64,70,5,2.564733601131408,0.009320397006074843,408022,0.011492270259512454,0.004800733722431949
64,71,5,2.550870913949505,0.006844898210666361,411404,0.01158334249330121,0.003196921284283283
64,72,6,2.5344372842222436,0.007855623964240332,288419,0.008328349839262464,0.004531559556386067
64,73,5,2.576000252518498,0.005112232052337129,418346,0.011877722483211893,0.005033910677029685
64,74,5,2.517478907949927,0.008562816300634046,420928,0.012118249085052445,0.003938643965220062
64,75,6,2.5373508588651963,0.008434974891282754,287022,0.008167084256280646,0.0030892947898638057
64,76,6,2.611475313390609,0.0035810062088160732,295560,0.008376356297480472,0.006906481881852611
64,77,6,2.509907076755838,0.0076126555885018266,288234,0.008165408373253278,0.006915681576457167
64,78,6,2.5337185554286177,0.010962446746719423,298252,0.00813950502262085,0.0034537802367741177
64,79,5,2.5797676149729507,0.008081638855627293,415514,0.011408838666307491,0.0017306101264332463
64,80,6,2.4938443197317794,0.006934020355502835,307945,0.008825233579454214,0.0030373580698018765
64,81,6,2.510150844766408,0.00999098900580897,290053,0.008270478017849962,0.004037026302673108
64,82,5,2.558575044313412,0.005477765012675273,437907,0.012256432144981283,0.005289118992655717
64,83,6,2.5633128832319856,0.007047566633636371,302006,0.008509826301271001,0.0017396360254828824
64,84,5,2.564244429965684,0.007413479553959823,413799,0.011661333430201355,0.004320176037738099
64,85,6,2.532877689092861,0.007045989215815118,298613,0.008414928662208583,0.0038723041275653403
64,86,6,2.5491992778147328,0.009715505086593024,285962,0.008163268568601308,0.009012593263592272
64,87,6,2.514632328359401,0.004926818191619553,296989,0.008628945466327954,0.005067270890068198
64,88,1,3.626245653885261,0.011457348794510325,35780997,1.0,0.013533131791144182
64,89,7,2.52492622629958,0.008613930442165407,227086,0.00626179449718399,0.00841421417464272
64,90,5,2.549559088830932,0.006912183025001739,423421,0.012000975222191259,0.00680703217291434
64,91,6,2.5084347851439417,0.007562719384825223,290921,0.008217755188287552,0.0020213096305878864
64,92,6,2.5343463948815996,0.008564237796747975,273125,0.00786924363927416,0.006945734202625009
64,93,6,2.5316416769140795,0.006016208034827497,310064,0.008800328303697154,0.003128892675345052
64,94,6,2.5081471100827124,0.006945377841101608,295426,0.008404865129434343,0.004306264315845187
64,95,6,2.5206506814794434,0.008269404792819901,302045,0.008554588011528507,0.0024615874585898756
64,96,5,2.5376269371551254,0.009464142605090098,409285,0.011810493186815521,0.004791873488357523
64,97,5,2.56444478533634,0.008228702528095044,393316,0.011394818543810121,0.0059281995321097125
64,98,5,2.5863257116028335,0.005663010544878833,434684,0.01187752879832938,0.002581764595474434
64,99,6,2.534818331450926,0.007461320154058537,299638,0.008395904214993968,0.006678871280555887
64,100,6,2.547210486354841,0.008792982232808,290922,0.00813906207606429,0.005229889586616077
64,101,1,3.637632159649632,0.011583364567338661,34335078,1.0,0.007549954471837483
64,102,6,2.5430469097708785,0.007242584623386117,291090,0.008302410711008254,0.003910090622378015
64,103,6,2.537363517919706,0.0071008181790060965,305131,0.008446759677699305,0.003027424007836288
64,104,6,2.5188254825939196,0.006266196818938474,305107,0.008504686334238714,0.002423013129080276
64,105,5,2.5229243399008006,0.010759305984508472,411611,0.011620477116247316,0.006431127270767778
64,106,1,3.64176418070661,0.011284723637942196,35216866,1.0,0.003983473673286664
64,107,5,2.519429664165996,0.0069703770989529845,416597,0.011681630486953367,0.006835100588703513
64,108,5,2.510008417833435,0.010268631679455242,435469,0.01203220938142581,0.004309644287228687
64,109,6,2.631139966513096,0.003921292456632197,299485,0.008181522296133708,0.005995426720036612
64,110,1,3.6427530458853794,0.011169826678434247,34693558,1.0,0.01145369231214488
64,111,5,2.5557462555986805,0.006917594147545558,424052,0.012012224338739446,0.0029791662048569423
64,112,6,2.500004203622179,0.009439160557204507,290816,0.008147481472713531,0.005080448017427158
64,113,5,2.5257102360382278,0.007307396342917882,406911,0.01155482476995545,0.0016873956403709034
64,114,5,2.5070307790063535,0.01082689138603432,412690,0.011826285509268328,0.005358333688830319
64,115,5,2.4933596699202356,0.008765425636793833,425382,0.012214440554807155,0.00674095382371992
64,116,5,2.5920488978145593,0.006880599774113039,399786,0.011316987347572704,0.005017405822142329
64,117,6,2.551581230261945,0.009778460486545182,286045,0.008105641262218181,0.002464814035519458
64,118,7,2.556856357652095,0.008510067872151916,216185,0.006047984998613651,0.007975937587523685
64,119,5,2.5853391014531533,0.0035784543697268134,427837,0.011955620929156441,0.0065599137766780835
64,120,6,2.5360508479609587,0.008757806742905383,290609,0.008191152003342653,0.005809278189045086
64,121,6,2.5226034275766094,0.009969416489287397,293502,0.008316342797144162,0.003842494808501906
64,122,5,2.519212470145896,0.0087454846017061,396864,0.011506272299048964,0.003305336644995216
64,123,6,2.52752214221244,0.008355550899614594,280596,0.007965281776995103,0.003876939600821916
64,124,6,2.5392483061224205,0.009706100768696935,298388,0.00834296233040164,0.0038936026186494055
64,125,5,2.568012876844567,0.008841528761184603,419955,0.011619430511085336,0.0033557726508673946
64,126,5,2.524588677056675,0.009989271338006533,391750,0.011326470990544197,0.004685787427534338
64,127,5,2.5323203868482054,0.007783958536714319,405655,0.011522071446642218,0.00473329191498606
64,128,6,2.5070018159778082,0.009256185945204498,314788,0.008715162971039223,0.0027362675256191737
64,129,4,2.6103100057688593,0.007740044547341451,660649,0.01795342152811581,0.004652717923617766
64,130,6,2.474201112928152,0.0072556248888066,288309,0.008236224337805952,0.002665247370982615
64,131,5,2.5362778726515463,0.0050976642579203535,414858,0.011844544105907625,0.004395237671246333
64,132,1,3.615193468905025,0.011483733406354002,34955521,1.0,0.005176549306217082
64,133,5,2.577390928288118,0.0067394236796598506,386930,0.011171253031003208,0.0021438198610576054
64,134,5,2.5404426003800182,0.007732765036781886,386434,0.011067874902659817,0.0019593677905058726
64,135,6,2.519803610776708,0.007399420173626936,284759,0.008301987941842032,0.0033612243142077114
64,136,6,2.5678973848545246,0.009198547581842909,290275,0.008060098918676399,0.003201497013339466
64,137,5,2.5982196820042662,0.005884570856144911,403657,0.011173380285167733,0.005350173522084722
64,138,5,2.5820787498953877,0.007599127330278621,402032,0.011167587817475916,0.0019241372527596945
64,139,6,2.600484540133926,0.006440523919988506,292977,0.008037939859692644,0.00767929157778513
64,140,5,2.537825020618198,0.0067034453486809475,415453,0.011938576989371539,0.005506334631954046
64,141,5,2.5425924044380026,0.01106085337028917,414362,0.011799035904165388,0.00552400062818259
64,142,5,2.549484920652266,0.010341143920162277,397470,0.011386436673269771,0.0038852878282822356
64,143,5,2.57115037767783,0.005448017968747498,431795,0.011819136109138038,0.0025201636378490433
64,144,5,2.520846838406522,0.006770917617157757,457371,0.01261392205271255,0.008084142418528117
64,145,5,2.5130577567459875,0.011174429529879126,405733,0.011472563772878792,0.005309444860217005
64,146,5,2.519858623934247,0.008130880452828615,438474,0.01193336362981703,0.0019411578886439074
64,147,6,2.5147187519644922,0.005368607417236992,286258,0.008133304617769517,0.00430752379208077
64,148,6,2.5355980765415627,0.007319686658069813,286568,0.008080200176746625,0.0020589641504885625
64,149,5,2.5462669374900893,0.009225389502842019,429939,0.011977328213849822,0.0034458283937123246
64,150,5,2.5446544943257114,0.008626541192774173,435046,0.011938340245084401,0.006158496023173532
64,151,5,2.5473068935410685,0.010962133781089234,383395,0.011009357932706217,0.005623317587879484
64,152,6,2.5363462217028823,0.00528583824444584,295827,0.00827334586359555,0.0029245996509671968
64,153,1,3.6638035453182733,0.01078213404685302,36023181,1.0,0.006784928980041238
64,154,6,2.5084099636055055,0.008716097372663212,292353,0.008453680537432852,0.001841083726415893
64,155,5,2.5668973192589823,0.008213675777080931,365734,0.010696250968919473,0.0038988614700079527
64,156,6,2.5091582475957206,0.009019779012145346,288075,0.008219156038826428,0.005486531084704038
64,157,5,2.5405597502582635,0.007238516173790677,423717,0.011877326630644986,0.0020467113175278717
64,158,6,2.5167268378879846,0.008266426722220777,307620,0.008538113774071385,0.003062808280496654
64,159,6,2.501517578752068,0.008042138503611684,305304,0.008679307074580226,0.0036289228322635703
64,160,5,2.5536659220842632,0.008370961844205382,438186,0.012239195143582468,0.004014713880138354
64,161,1,3.6723825222205724,0.010572601862785747,35077099,1.0,0.009975578856945
64,162,5,2.513706314828688,0.0080256340678313,388909,0.011213712233277185,0.0046314912842223555
64,163,1,3.639047719475751,0.011487516520742203,33934587,1.0,0.007105883987510997
64,164,6,2.51480782964258,0.011239443012692307,265480,0.00787783948145371,0.0073434497144297395
64,165,6,2.5236863552514928,0.0053476552160505175,304766,0.008715944146872264,0.004609888825085728
64,166,6,2.532986059219075,0.0075161568343000695,309256,0.008767562106801605,0.0017587310954774171
64,167,5,2.545655881110184,0.007578506511516037,420335,0.011876485567273515,0.00249041756279611
64,168,5,2.621869796584447,0.00875464679692356,425907,0.011565730600136413,0.0020639631123381408
64,169,7,2.5363359658966442,0.006201614698192359,206443,0.005977245451768551,0.004099250197066473
64,170,5,2.5845089724608794,0.004652147055900446,421012,0.011791286510040834,0.006545435780325959
64,171,6,2.5757070837869374,0.0057054337827502355,289449,0.007983261267683384,0.0029365853089097227
64,172,7,2.563691136151112,0.006966771208918421,221800,0.006186703095878669,0.00775807984172705
64,173,5,2.557298986233338,0.007510594937805093,421752,0.011729725706775548,0.0016626220861829522
64,174,5,2.5479574565620533,0.010063620727680966,388347,0.011162097586890208,0.0034505137782218087
64,175,5,2.546230727642928,0.0061843648718111766,409459,0.011534708455207595,0.005722262276020351
64,176,5,2.5800804681211345,0.006428028919228945,404635,0.011226551722195789,0.00548080789941463
64,177,5,2.5420311932254087,0.0069395589561310755,413224,0.011794604721301286,0.005874291742457849
64,178,7,2.5573651657214125,0.005843162368987187,220606,0.006146052422116784,0.003810060409952243
64,179,5,2.523881147252285,0.008293436291938183,395188,0.011495245544824426,0.0047493070764282885
64,180,6,2.5244266290298696,0.009014861480534986,291142,0.008116659182166199,0.006013559532786705
64,181,6,2.5550902597344627,0.005469064209199015,298140,0.008364147852009738,0.003163094602317784
64,182,5,2.572228365953997,0.0035592556228667416,408744,0.011571922443455148,0.006144099213013898
64,183,6,2.5503127330075337,0.006922092424593518,296177,0.008302517910247017,0.003084554626442526
64,184,6,2.548560666423615,0.008670043979180031,293416,0.008313298498148805,0.0012428269918399737
64,185,10,2.6127273925720704,0.008532600168179472,134171,0.0037067173799214996,0.009803148327004407
64,186,6,2.559893988928636,0.005500694511804127,293119,0.008243124404531923,0.002704755596496633
64,187,6,2.5383504533795174,0.006697978199041943,296524,0.008315258107715969,0.003348134915182488
64,188,6,2.566823028371821,0.006289661900829802,299429,0.008297616716886771,0.0020748768397990114
64,189,6,2.568561912605666,0.00721383496636252,289027,0.008171387694881406,0.003949877543420355
64,190,1,3.634493834936994,0.010948711139056932,36253584,1.0,0.00973123143114929
64,191,6,2.5062298792771096,0.011453123927038122,289992,0.00828832624209354,0.004146380908365277
64,192,5,2.5649799242389872,0.008731547337977374,391407,0.011381839340970137,0.006522759033344205
64,193,5,2.5087810702452407,0.010175468621605788,413995,0.011828363008502181,0.005420648671101813
64,194,5,2.5765280910761166,0.006232724844765336,422535,0.011604460467496058,0.005644931770917905
64,195,6,2.518654796915696,0.007092175501378417,309624,0.008541278917098334,0.0034746005109890232
64,196,5,2.5690827512891725,0.010994177333446431,407532,0.011408759139413189,0.006264076025187415
64,197,5,2.56651698755014,0.009207213111160129,422478,0.011725644595717299,0.003538294582225765
64,198,5,2.5065017722383596,0.0110125766577992,416643,0.011836368161126175,0.007306718375549859
64,199,6,2.5000738685729162,0.009126067350174072,297878,0.008516208522372438,0.00716933024300781
64,200,5,2.5414644040494476,0.007471207092280496,415549,0.01195810110710326,0.005207918518135957
64,201,6,2.57375232542659,0.004755314178895964,295831,0.008217049134665684,0.003171158452859535
64,202,6,2.531886295106536,0.008252310913083982,292316,0.008297612924742216,0.0036077218493094643
64,203,6,2.502076300238489,0.009248750342338186,300340,0.008442500120169436,0.004704582666274215
64,204,6,2.5188320209259145,0.00835041335948028,265860,0.007882878909450284,0.0026926388350886343
64,205,6,2.5270115218058287,0.011052329679203998,294026,0.00818896658837797,0.006142059119966542
64,206,1,3.6367584323813884,0.01149570292990243,34911343,1.0,0.006042425070167723
64,207,5,2.5675935679563033,0.006700559307029452,420251,0.011577262998287726,0.0066428881639962745
64,208,4,2.54806885919287,0.01147364273136231,638062,0.018145314948170867,0.01162016294567314
64,209,5,2.5732848387926195,0.00885775688774626,398629,0.01127178727313255,0.0038398453451062853
64,210,6,2.501055421078101,0.00999040124557804,298094,0.00845381131348611,0.002682626609264993
64,211,5,2.563370556158791,0.0034906378351550194,412362,0.011480039899877255,0.005441499786331905
64,212,6,2.5467647257301222,0.007526830754384428,274693,0.007923906405982445,0.0031987306851416486
64,213,1,3.641961713673042,0.011250997676484187,36189531,1.0,0.007039058856371766
64,214,6,2.513720616377033,0.008638828746683425,291535,0.008101646195815318,0.0029950708053653186
64,215,6,2.536760966180592,0.009508647054273678,275678,0.007827569833415055,0.003932749353583342
64,216,5,2.603207516842749,0.004957523342435266,409334,0.011599775414355725,0.005447114102550499
64,217,5,2.580411890573953,0.007792867511463741,415443,0.011443930475814665,0.0028243950165421916
64,218,5,2.554564136522585,0.00710740246593089,407624,0.011633657488757457,0.002169359781335256
64,219,5,2.568972737901769,0.009113171068843795,402960,0.011363183893290297,0.006573004512771097
64,220,6,2.5571019473655583,0.005977584711321482,295431,0.008285025216056197,0.004846128637091329
64,221,7,2.4763382343614775,0.007292193557029036,216195,0.006303552276725464,0.007955297636991043
64,222,1,3.6442977846086726,0.011157723457090984,35706530,1.0,0.005864302301313629
64,223,5,2.548308489792179,0.008073611422645066,418333,0.01181020990730973,0.0025019298969545245
64,224,6,2.512626699340342,0.009277198690593957,291567,0.008337618666163456,0.00244945693926657
64,225,5,2.550036599188619,0.008689746270426846,426345,0.01199133947096858,0.0049700424721195735
64,226,6,2.562950986891508,0.007413987354209506,292156,0.00816651031398029,0.002151935950002959
64,227,6,2.5599864858363826,0.005396322057947489,296546,0.00837664550128664,0.003744381458819057
64,228,5,2.542573236103819,0.006047784960009628,412769,0.011573737083715134,0.0032065361153081895
64,229,6,2.5318586236554883,0.008795485863780095,279623,0.008103445712640153,0.003411299781872934
64,230,6,2.560870258958286,0.004623692816064784,280081,0.008055226305523393,0.004362555264329271
64,231,5,2.541098987767661,0.009426861593984093,393581,0.011249701201115066,0.003394303971460566
64,232,7,2.5346960032826096,0.0065130715164859465,238463,0.006403825425203449,0.004958544233340301
64,233,5,2.5556221117089737,0.007409477154886601,408742,0.011642847474374125,0.0055273216811660975
64,234,5,2.499714991262091,0.010576163864705834,438414,0.012206755906228713,0.004890415714808416
64,235,7,2.4506022590386727,0.009169379681457812,204811,0.006038329124861665,0.00964384573029009
64,236,4,2.596244092945177,0.006148160300300354,613446,0.017509241683198683,0.006094854366024971
64,237,5,2.552008119580361,0.007647661583884968,408562,0.011840770928487699,0.0034865385774220936
64,238,5,2.5965225886184027,0.010003546196537427,400894,0.011274929878673864,0.0042535251145905395
64,239,6,2.506357297652114,0.008047129861488034,290728,0.008290332740538003,0.001837577590378059
64,240,5,2.5584652522530935,0.007274326584450708,424960,0.011860246575129133,0.0068334418412189235
64,241,1,3.62659954948732,0.011172154532892109,34928944,1.0,0.006605673750686769
64,242,6,2.5847509767195733,0.005282421095002654,296284,0.008257624828905623,0.0030689828629615334
64,243,6,2.576514341221077,0.0062880324618863614,307753,0.00832219256578957,0.0018179683805027436
64,244,5,2.5666566438486944,0.00874985046876453,436012,0.011952302524407588,0.00754442520393972
64,245,6,2.538243268457574,0.0064141932558707815,298265,0.008327317213202493,0.0020279656231205756
64,246,6,2.5625049471333288,0.008049354042197532,287794,0.0080215123720193,0.0022659781661382716
64,247,5,2.580262229421241,0.00550275982515408,421231,0.011836285644527258,0.0069100118696953094
64,248,5,2.563617482199777,0.007268592335564095,412261,0.011636202269593042,0.0057481381703718415
64,249,6,2.5062508028682893,0.008320078792611652,278720,0.007975978888151634,0.003146657666729058
64,250,6,2.5188912359371494,0.009821591362724869,275736,0.00785109256169229,0.006582681478661034
64,251,5,2.5555439211774837,0.0060963962294999785,404307,0.011473763677252901,0.003973300440594102
64,252,6,2.498538742389295,0.009809326352501535,299095,0.008612699795082852,0.0021951415419438902
64,253,1,3.6550198781932144,0.010853365679922233,35717071,1.0,0.008608034539064113
64,254,6,2.567232237354917,0.0075802397786701725,295857,0.008330786193889429,0.003449994541754209
64,255,5,2.5195619473725137,0.009958604109952529,436789,0.012003365094044255,0.004830089594873632
64,256,6,2.5315592510824168,0.009227370305440463,294798,0.008336811977512288,0.006555089138517656
64,257,5,2.5482946963388926,0.005791983581567961,460236,0.012324882924109779,0.004629485559400959
64,258,1,3.6143855400664258,0.012038282218791774,35581999,1.0,0.007246845747731712
64,259,6,2.5654732185049207,0.007901750664903395,305837,0.00837483550833647,0.005855770507170233
64,260,5,2.587517336307992,0.008573144172688396,400675,0.011131858970578026,0.004023849345037855
64,261,6,2.5078158893160976,0.005854952655487966,282457,0.008485819434048776,0.005828737728253652
64,262,1,3.6270819192799135,0.012004341240956728,33258625,1.0,0.008351470497520497
64,263,5,2.5576344059042238,0.006545321691851513,405642,0.011275526687834258,0.006567396725829844
64,264,6,2.540977814473269,0.006826348967972629,278065,0.00816503636086122,0.002883687668105539
64,265,5,2.5889212271728788,0.009114728882734902,397539,0.011230245816840146,0.004062281283540914
64,266,6,2.5007461413926606,0.00994204338784499,292100,0.008292029554144582,0.00518839626924994
64,267,1,3.6413712747806986,0.011304240204083604,35369765,1.0,0.014466130942295985
64,268,5,2.5738535522427055,0.00374884215171023,422968,0.011677612656971896,0.005356203017518046
64,269,5,2.5566964065289204,0.009369598244015842,406669,0.011349244808838697,0.0036405153746768004
64,270,5,2.5491797767692574,0.009622735954156192,388386,0.01112370003179992,0.007578417142677929
64,271,5,2.5273625738378778,0.009030172881551057,404927,0.011644568097862833,0.00722438203408049
64,272,6,2.508020314737619,0.007850162896708507,286025,0.008068678424242465,0.006279457265609967
64,273,6,2.527384840265529,0.005684363211485022,299850,0.0084499197757825,0.0028873566637994674
64,274,5,2.519407579236534,0.01076481511867089,409159,0.011685087993788347,0.006235595183565756
64,275,5,2.5829334396048016,0.005993585046277394,429710,0.011603892563039305,0.002549823085603309
64,276,6,2.527393750983754,0.0069496487094218296,290052,0.00825304371746963,0.0032133364646138585
64,277,6,2.5235005381286877,0.008309967079549896,274098,0.00805187856456489,0.002462701683589974
64,278,5,2.5527259638502127,0.006005825137187504,422556,0.011740445238706494,0.0035117674714743308
64,279,5,2.5774047926357455,0.005308707580161887,408713,0.011297063716480859,0.00375988153836998
64,280,1,3.6446282677152073,0.011495120397600145,34238401,1.0,0.013629307081536202
64,281,5,2.5975284661966502,0.007737071774633453,406479,0.011395551417870471,0.008378350229228837
64,282,5,2.543775383271461,0.008587642318429567,388068,0.01121031302115752,0.0052196299387993195
64,283,6,2.5319955164339634,0.008418459591180594,287963,0.008166757112833567,0.006302218093865941
64,284,1,3.638761135102698,0.011434312063001717,35817822,1.0,0.010961281591054695
64,285,5,2.552792642849851,0.009312615433314408,434117,0.011993850525894969,0.006365778701151514
64,286,6,2.5095831755779185,0.005277430055566912,306701,0.008479341383751013,0.007594271517893159
64,287,5,2.5788153021908626,0.010517524445654791,390648,0.011045567177580604,0.005073538950943646
64,288,5,2.5699893646504384,0.006069681481409295,422282,0.011902025609301597,0.006451180919975041
64,289,5,2.526712395897166,0.008464097690708439,432467,0.011985790447119896,0.004666069166822245
64,290,6,2.5761019033489787,0.007678893709706203,295991,0.008048905987170415,0.0030190855463685384
64,291,5,2.553658625618287,0.008157242013634658,404312,0.011528259378878785,0.0028399899095538084
64,292,5,2.58240042011769,0.008454995662399045,396255,0.011188311920609813,0.0031912678794440152
64,293,7,2.508392743955386,0.009762509791570007,210796,0.006041238540451488,0.009785020210407558
64,294,5,2.603039903469814,0.007361197231090855,384736,0.010886583870535175,0.0049754850440345555
64,295,6,2.52558228604897,0.007782836703279061,290715,0.008263974862893887,0.0018801884994905649
64,296,5,2.5966294542174064,0.007140639171990371,416269,0.01151913602979226,0.0013659529449442376
64,297,5,2.5649550367129397,0.008783808946477678,408247,0.01152315005862525,0.0046716046747647955
64,298,6,2.5591108337138104,0.005886792359827364,301420,0.00822734977198324,0.004100788717915083
64,299,5,2.597723652438354,0.006089313763229853,422311,0.011770372945269163,0.0017840829931942137
64,300,1,3.6080797830387032,0.011488578391931625,35532447,1.0,0.005525834461991841
64,301,1,3.6077281610132754,0.011921352451219724,35600392,1.0,0.006906402773484865
64,302,5,2.5811175309873677,0.00875260010623613,421396,0.011563206406044229,0.00419330903869658
64,303,5,2.546869793431781,0.008726793755649442,403489,0.011640226476804925,0.004850553000943669
64,304,5,2.5380432042238548,0.006205387252013972,406160,0.011649658937132112,0.0033382468798019704
64,305,6,2.504126565164856,0.009413806712467054,288866,0.008262011114671048,0.005208966264951931
64,306,6,2.5621694672677866,0.007014283509094832,308810,0.008553852667041182,0.0024934984779063085
64,307,5,2.6000824666212834,0.008835630471066447,419379,0.011367299244906821,0.0032975536745117884
64,308,6,2.502578482554829,0.009499582035077725,281662,0.00812945852868409,0.00619836820568731
64,309,6,2.528526108472439,0.008648160423292861,297036,0.008313266597741153,0.003411670978278103
64,310,5,2.5750566195002587,0.00886629026623642,414070,0.011423750144014238,0.0036225139376482307
64,311,7,2.4488814084431345,0.007567888968172731,228018,0.006503559990176977,0.006740653837132793
64,312,5,2.5820479709535173,0.011012062593686034,398460,0.01129604240775742,0.0072703104373890715
64,313,5,2.503867347370192,0.00735200879589204,428411,0.012245549433033328,0.0023334688501222
64,314,5,2.519261804478732,0.009646634979966318,438835,0.01229448030826763,0.007831470147505626
64,315,6,2.555768530773524,0.008982666375872639,280164,0.007965213982606138,0.0019731315815141037
64,316,6,2.540481065244015,0.007018670638880398,289202,0.008259405454294289,0.0025411992865409516
64,317,5,2.53651357857137,0.008274180149093091,416463,0.011930028420912297,0.006920596358908848
64,318,5,2.5479183955780162,0.010429265601073934,420500,0.011712518367484957,0.004682474676251713
64,319,5,2.527627607451353,0.008879595574468713,432147,0.01203868116537137,0.008990587429301256
64,320,6,2.5175031004365,0.006172725304586013,286195,0.00814408115858095,0.0036030458873751448
64,321,6,2.588056882418223,0.005669870514485753,290247,0.00800663842011295,0.005139419496891562
64,322,5,2.5401084818977138,0.008386585047620632,430694,0.01186246749481633,0.0035320790303309257
64,323,5,2.5877002924232775,0.00956642484393816,387091,0.010807375810425453,0.003403422393922273
64,324,5,2.5714583816898173,0.007779091364424673,413418,0.011559002166589451,0.0032257655688904263
64,325,5,2.5544619949750076,0.007593894142984503,396615,0.011243940769976694,0.004614063742796715
64,326,6,2.562192105291891,0.0069488376222760495,302256,0.008450878124568028,0.002757024547813014
64,327,5,2.5242052406987607,0.008297338983005442,412294,0.012166202482254215,0.0032558603253491913
64,328,5,2.567834006121177,0.007854743855655655,416809,0.011644318885191171,0.001892493755781044
64,329,4,2.5981163551868023,0.007497608787285892,616870,0.017365849956263744,0.007202222965143834
64,330,6,2.5799573594158667,0.00674090534107008,293078,0.008209293023453842,0.0022092515262994716
64,331,6,2.5961924169590547,0.003816401744609066,312146,0.008588541096743925,0.006279833707133031
64,332,6,2.53677188660661,0.010608206120969688,295766,0.008315685072478486,0.004465866576052968
64,333,6,2.4986653202545104,0.010156586765590503,283505,0.007942417563712124,0.006205050916001709
64,334,1,3.6724866563778766,0.011166745625534658,34320195,1.0,0.015392724974749195
64,335,6,2.558539951852156,0.004109257967467417,291282,0.0081967402253953,0.004935355669160479
64,336,6,2.561340708802292,0.006433815632199691,288832,0.008098886089113319,0.0036576195355922936
64,337,7,2.482393250809941,0.005977052118783965,229584,0.006366844664176288,0.00490108691812674
64,338,6,2.4823870235829903,0.007716922710113927,312901,0.008713279173240822,0.0013115572346026338
64,339,5,2.569788742501293,0.0057216610108346,430898,0.011954500886312863,0.005429107957482582
64,340,5,2.5535039486942366,0.006986066960060322,434609,0.011934733135584082,0.003441934284638626
64,341,6,2.524087647011439,0.005758164890430906,304946,0.00863434546725602,0.005937714407877381
64,342,6,2.532163235917143,0.006848158385102998,294201,0.008532868704453031,0.004110377232057927
64,343,1,3.6593637844323963,0.01147578537153593,33539066,1.0,0.004926350244816247
64,344,5,2.5420358173554622,0.006635685879149533,427537,0.01202621854431496,0.00493587595906525
64,345,5,2.6114610751433274,0.003693946481675092,411818,0.011573883198598199,0.004725718278439706
64,346,5,2.5487385205062916,0.00782133308203481,413093,0.011866969335530383,0.0020547794325538327
64,347,5,2.611009616084325,0.005443408080596734,394156,0.01114785398663279,0.004057527391104099
64,348,6,2.557666971351324,0.008509834145851936,290489,0.008111663835900607,0.005491727509563282
64,349,5,2.536226274399049,0.009451067914658773,415520,0.011610873771063535,0.0041429334118930905
64,350,5,2.574645538148935,0.004414402459733291,408530,0.01172004825952851,0.005091338969444581
64,351,6,2.510093342868396,0.007430711576071447,297934,0.008508866632353297,0.0015924881150510828
64,352,1,3.660974665916024,0.010544373544896346,35403234,1.0,0.006010757331344374
64,353,5,2.570284851735267,0.006181713227420393,409750,0.011458804695237882,0.004516652209836436
64,354,6,2.508866929704916,0.009764510320653397,287354,0.00829342673330639,0.0045094593119779924
64,355,6,2.506677329815766,0.007560349051412341,324877,0.008864577592483136,0.0023880638732471926
64,356,5,2.5985228659545023,0.007670685435709257,383246,0.010951221763340842,0.003591294431497305
64,357,6,2.4917477323363806,0.008493376672788377,292156,0.008420453381448013,0.003074777885190283
64,358,6,2.4995736883193374,0.008857574655220968,292227,0.008325290616819973,0.004805817201720464
64,359,6,2.529604683771338,0.006884172935101018,298739,0.00843670549077904,0.002034625310138538
64,360,5,2.5250682710332857,0.008867254612863862,402004,0.011427726743599329,0.0021818447065623525
64,361,6,2.5452521905087484,0.0052670077544541005,287094,0.008014011386275131,0.0038788007342159814
64,362,5,2.5324048583839898,0.005830000557748349,419327,0.011669788892556857,0.005757343973454843
64,363,1,3.594923636853368,0.012242702727084831,35163990,1.0,0.006879807838750751
64,364,1,3.6165751018088343,0.012055589381242293,35017379,1.0,0.007335925114803632
64,365,7,2.5197107324136283,0.006570445875212605,211062,0.006086904460326887,0.004408785269214788
64,366,5,2.5632155335367575,0.0080924587026302,396183,0.011293133525798022,0.005682240949121953
64,367,6,2.4668212959332827,0.010317289736135216,274880,0.008220277356009751,0.007776510538258841
64,368,5,2.5555399909755656,0.007201196174387747,416794,0.011775097818343561,0.003322097849960126
64,369,5,2.5715204476026847,0.010878719249756308,401293,0.011281125894557162,0.007592314468185202
64,370,6,2.5246213556750288,0.009194507870824209,282752,0.008132384796704042,0.0025207498485777524
64,371,6,2.5647051081373,0.006910646327999093,304587,0.008517848688865083,0.0046653551278516
64,372,6,2.5383634821478367,0.007815364267199088,294219,0.008230267913166826,0.005566219988194232
64,373,6,2.5113238600973,0.009462711977753613,291188,0.008318327874062868,0.006856898391801314
64,374,6,2.5632537104929995,0.010267174604986384,287026,0.007987100470709267,0.002918127626097111
64,375,5,2.550562438128461,0.009312153461666028,409496,0.011501224084848912,0.0038530786064924216
64,376,1,3.6335879289658655,0.012020356299318857,33741067,1.0,0.005599019378600301
64,377,6,2.561024517066832,0.007746506458148561,295841,0.008244237496997318,0.0048040583245628765
64,378,5,2.5641297862800596,0.007054401015734846,429158,0.011838221219804237,0.011249980536475912
64,379,5,2.575509979925358,0.00943746578691379,379241,0.011148231282682289,0.002996603856562974
64,380,7,2.5649676780406008,0.0042496631430704035,224765,0.00620310260279166,0.004312483833759928
64,381,5,2.5555208875249416,0.010556575200233231,403274,0.011499011457523384,0.004935474486025937
64,382,5,2.5157775791445482,0.010032207626794576,418245,0.0116966055807109,0.004318096535273153
64,383,5,2.57092298219408,0.005302075200592005,390784,0.011143925758567971,0.003699935486471184
64,384,5,2.528610575868963,0.00861388672055352,386146,0.011153329790842355,0.004016545963760998
64,385,6,2.547471102028012,0.007499790360326997,289996,0.008204949797605146,0.009196870372206623
64,386,6,2.5670149634168262,0.006557387494276812,294369,0.008306206930645632,0.002097941484373478
64,387,5,2.5639909303329764,0.008365528053447258,425214,0.011618475171791752,0.004764019108908335
64,388,1,3.6553543800683928,0.01152513247141973,34159925,1.0,0.006570651667059391
64,389,5,2.5727726075504274,0.009505872229728318,400458,0.01119749762667844,0.0037305011585331282
64,390,6,2.480807438932715,0.010553906078110797,296278,0.008550549926610748,0.007566000363478598
64,391,5,2.529165356318945,0.011498087736463991,422049,0.011839975887406262,0.005889012641976943
64,392,5,2.503669926197084,0.01046242864020408,394797,0.01136892910266964,0.006939550507934711
64,393,5,2.5389139591382412,0.006791727109400125,400149,0.011563931506097544,0.0045400074667471535
64,394,5,2.589830895651344,0.008562841992307835,392321,0.011073388276001015,0.006965902505292165
64,395,5,2.557248435333218,0.0069829987161467155,432144,0.011899607061065754,0.007667301734841647
64,396,7,2.4849707856069747,0.008378644931824941,231781,0.0066078150403632895,0.006180993823825143
64,397,6,2.5317673891107884,0.006618604945497375,298557,0.008275903935237961,0.0029048904743994575
64,398,5,2.550359031378021,0.007526797323261614,401379,0.01155063669525383,0.002617943965408709
64,399,6,2.5084604229529384,0.008451468247275606,285233,0.008272500606807046,0.005137667989622785
64,400,5,2.541163442381001,0.006078716069544354,413886,0.01164618956794214,0.005472409328067862
64,401,6,2.5153067323271596,0.004973086243388852,303040,0.00842382140164338,0.006372327331790939
64,402,6,2.530615328001744,0.007042572167956562,285543,0.008270664604960001,0.004513075428525748
64,403,1,3.639705044603058,0.011341223786952237,35208849,1.0,0.005834177456479517
64,404,6,2.540928788589368,0.006309060523981502,292043,0.008393266659797846,0.004886024222006569
64,405,5,2.502798359660143,0.011258748416046072,413345,0.011685946379021823,0.004565362508673565
64,406,5,2.568014940242084,0.00939366090491256,399082,0.011246091588513467,0.0044548227054145295
64,407,5,2.5443431272174775,0.006204850560459829,422104,0.011872260858972574,0.004295714730926492
64,408,7,2.478440150213359,0.007688223210950751,217424,0.006286243464719823,0.00494280301659597
64,409,5,2.57760845922574,0.008561737002963365,378574,0.011169359087014191,0.0026454351519153985
64,410,6,2.525653630708585,0.008170842039100845,282570,0.008175997866260443,0.006494886172984271
64,411,6,2.5216201191633925,0.009005175439548041,298972,0.008467563630849549,0.005494790417002626
64,412,6,2.5414867550675897,0.008253369590407011,300956,0.008394861180997158,0.007358439213911883
64,413,6,2.5435663439895726,0.008984785789957206,310518,0.008669459941543587,0.003743032230833332
64,414,5,2.61397414135455,0.004103289861393744,404423,0.011315610580691719,0.0047069429654365
64,415,6,2.5287198580211876,0.005980966203799065,309230,0.008598754736364176,0.004899307897841654
64,416,5,2.551027721371948,0.010091514078536257,401109,0.011415164308510561,0.005227260503231079
64,417,5,2.555456011303312,0.008169886586537944,423488,0.011745172077470854,0.002326486673827066
64,418,5,2.5844793132469066,0.005684378544531021,418608,0.0116765237404909,0.006189459378650342
64,419,6,2.550433389466818,0.008407449149888446,296924,0.008287874661066164,0.004372438131108769
64,420,5,2.5959306309912047,0.007684014100856951,413982,0.011464291885808473,0.0025180291235004093
64,421,6,2.4995258196225483,0.010508417978686735,284622,0.00812223828502635,0.008087950075451378
64,422,1,3.655900351096359,0.011118379878104379,35072403,1.0,0.00922053310543619
64,423,5,2.549140288008972,0.008125706102243724,434603,0.011901769399688589,0.009327041491655141
64,424,5,2.5278725160773226,0.009330334745016933,420188,0.01163299236322905,0.0054456928345641975
64,425,6,2.5518607638524404,0.006026647265603535,298072,0.008529353288954019,0.003679826548212417
64,426,5,2.5842311968094127,0.0043038339860344,414318,0.011570210406989813,0.005196930191654681
64,427,6,2.5889247747837065,0.002900112711556102,290278,0.008094721047125249,0.0057372125811997465
64,428,5,2.5457175837517165,0.006244678964378303,417299,0.0118060298317276,0.006515699691628074
64,429,6,2.507942085336636,0.007673058230255658,305422,0.008492644214815388,0.00422878335617638
64,430,6,2.5346420512711187,0.008935766272135992,278007,0.008049631037947149,0.003553635697006563
64,431,5,2.528960829432672,0.006642804316030593,407315,0.011802058402535915,0.003546091540789109
64,432,5,2.5442764506579487,0.010748544363649137,405473,0.01132974330261404,0.0036442969047750795
64,433,5,2.5332532265905754,0.010516472195877369,432952,0.012069158873971496,0.009243212243487231
64,434,6,2.5710816100792275,0.007793029134382623,302461,0.008316454024866133,0.00121177463051525
64,435,5,2.6002978687035676,0.006624928195860358,420184,0.011391513015909198,0.0031011427017269
64,436,5,2.610316565396826,0.004696417573150757,411272,0.011466745053650204,0.004135379770255854
64,437,5,2.518752477044449,0.00533546932890927,430243,0.012093472468386053,0.004750295004737226
64,438,6,2.5020020405265533,0.008691093418897622,312236,0.008687260352326006,0.00290128602843831
64,439,5,2.5065698984511653,0.010438727053945107,415430,0.011986698898959541,0.00626071805580064
64,440,5,2.547241936559468,0.007913960766900485,420171,0.011549301411448429,0.005973262668495516
64,441,5,2.557246778086565,0.008695557834633494,412970,0.011588123134857109,0.008241411847530578
64,442,5,2.5332030319768783,0.007072282784234329,423318,0.011898800242676857,0.0033160775488436656
64,443,5,2.5869259103371642,0.005993962409740317,411954,0.011376813927614726,0.0038897799481860673
64,444,6,2.545532055134305,0.008508959161095175,296445,0.008227486212310082,0.00196717873838681
64,445,5,2.5791005045651136,0.00815194022794341,398163,0.011222778392977101,0.0036134951534424475
64,446,6,2.520536802983215,0.006964973733611379,313451,0.008796623005583627,0.0025572655201711314
64,447,5,2.6109855916116746,0.006210658741340969,396901,0.011195412312682874,0.002285800654588721
64,448,5,2.5365045502391976,0.005635306068553225,463114,0.012488992570851653,0.0069654424681566685
64,449,6,2.522487448988513,0.008793188761917592,287846,0.008165088382459473,0.0036712704202719326
64,450,5,2.535305149126705,0.01161180091512748,418122,0.011628209659188184,0.006247774744641443
64,451,5,2.5975316770380497,0.007242504923000381,399175,0.011312654798876769,0.003224375334549112
64,452,5,2.5273293638130023,0.005869323643255542,404621,0.011612227632275164,0.0036862406822374405
64,453,6,2.5484379000038246,0.005457345480121889,317022,0.008752212195883112,0.004401678539047993
64,454,5,2.540351626446055,0.005519282427498107,414008,0.011899526022869528,0.0042051242089399254
64,455,6,2.518410173548475,0.01109127567441015,296623,0.008359173086564278,0.003582609164464845
64,456,5,2.5574869256693455,0.004191003376930791,412836,0.011688372688636872,0.0049989508188819365
64,457,6,2.4956737794219688,0.009087405649015112,305534,0.00855211290376666,0.004983979891587054
64,458,5,2.5872699231637406,0.004879002582818703,409377,0.0114305028126229,0.004454842808983339
64,459,6,2.5329067853696876,0.010609436397621574,291498,0.008146366875700427,0.00508675153973126
64,460,6,2.5377980603556725,0.007416632670986689,285718,0.008198345570776361,0.0039545582423934356
64,461,5,2.547378589829479,0.00879598802738124,418662,0.0116582953418112,0.005268208458754475
64,462,1,3.609273191332816,0.012130426851531873,34710986,1.0,0.006881488101827982
64,463,6,2.503779530549057,0.009809075044143634,299703,0.008418133404759887,0.0024600280652543605
64,464,5,2.590254119692417,0.009492933285907446,390929,0.011010890368227671,0.003028790593701536
64,465,6,2.5400120986082713,0.006636413676591069,297672,0.00831835660088753,0.003221324579040341
64,466,5,2.5343406587995614,0.010146335726873845,427098,0.011930286353911995,0.008474175931433015
64,467,5,2.5586158783851314,0.007004203133733733,386812,0.011163717036489879,0.0024394511166906385
64,468,6,2.5179395454938422,0.009929438363684429,289322,0.008156492382942583,0.004562860103135891
64,469,5,2.5710313665052373,0.007600056272968225,402896,0.011473098051709645,0.0023822023568955686
64,470,5,2.54224708881964,0.006220563464218176,416491,0.011867015662291798,0.003971851272820542
64,471,6,2.5644731641244056,0.010175790851181254,272200,0.00782674699059853,0.008120783904115136
64,472,6,2.494160745767061,0.009756760767928752,293502,0.008228696659309299,0.007171905883698426
64,473,6,2.5765387613612063,0.0037126392628630267,291382,0.008173023899353288,0.004329833032563846
64,474,6,2.5285803902505415,0.007710369537533762,280711,0.007927034156949182,0.004570362553428964
64,475,6,2.535581013051603,0.010233818864736621,279433,0.008033977699748207,0.004538830120671022
64,476,5,2.559738938721058,0.009301845075334492,392984,0.0110755242564843,0.0037288246139877135
64,477,6,2.559234148166023,0.00738844444786646,309071,0.00839440170424245,0.004108128609530803
64,478,5,2.5215608937924214,0.010386561616361256,367658,0.011036544802428834,0.00963503846000735
64,479,5,2.536287149739419,0.01133654880633328,412756,0.011764178101053548,0.007510219707346888
64,480,5,2.572787587083455,0.007730610044598241,431917,0.011749679916115103,0.0020218631142236987
64,481,6,2.5443323921771492,0.006396711628382845,296102,0.008265038828811994,0.0027777092995620034
64,482,6,2.555241432017753,0.0061289805524812335,310663,0.008479896702720665,0.0024858557181515195
64,483,5,2.566018324745307,0.006576648530556062,430648,0.011824119002945239,0.008129754841525783
64,484,5,2.5834690800474562,0.006170202689396054,446371,0.012090677303397935,0.00195490867692516
64,485,5,2.5132584672381184,0.008845237203852996,404329,0.011577307459176884,0.005118142575758489
64,486,5,2.532054585735529,0.008704077570447222,418612,0.011566006795069054,0.006029232700147158
64,487,1,3.6108777915851267,0.011928991547534573,34575762,1.0,0.007851424355968084
64,488,6,2.521345431860533,0.009100204265071188,277404,0.00799000405571827,0.0019366313040923566
64,489,6,2.530680427938382,0.005355055079621807,288932,0.00837974042039132,0.0067647512156521206
64,490,6,2.5255462258253925,0.009880148763764196,295083,0.008329790874635805,0.00813958703163875
64,491,6,2.538916623078512,0.008691940138987553,301024,0.00858276881654822,0.0016340429186774141
64,492,6,2.568151887572138,0.0033828172812593316,308489,0.00847040246609803,0.00556114658654272
64,493,5,2.5548699397270864,0.005662203664353993,402000,0.011507181425829087,0.003452517680342493
64,494,6,2.593206231987691,0.004209358143937081,308750,0.008407598410292655,0.004229384570402006
64,495,5,2.526686937485992,0.006443673594829669,419902,0.01192806086957905,0.004302865816537382
64,496,5,2.6011655500243185,0.010072790182678593,405580,0.011261671822643468,0.005015280202929184
64,497,5,2.560375178089218,0.006616413141390609,413602,0.01168766362049458,0.002973486558910443
64,498,6,2.546721631691795,0.008800493525620401,277844,0.007925517411113267,0.004924279524730402
64,499,5,2.542234820224066,0.008904882835606642,434635,0.011842318897884408,0.007576863930567113
64,500,5,2.6010177601335567,0.004263727790602134,428164,0.011723770225888568,0.006095177335564861
64,501,1,3.6307265106495903,0.011429213169170671,34786672,1.0,0.006469655882420655
64,502,7,2.4777900772056825,0.010701877378770819,215992,0.006215908543792079,0.011857467624593887
64,503,6,2.520035986181243,0.008637377481540698,291335,0.00833039007276335,0.002989277250388611
64,504,6,2.523690898784651,0.008838777720606927,304723,0.008327797146347378,0.006006514971443888
64,505,5,2.5714421939440273,0.0058991270851589395,399348,0.01141457880679253,0.003801293186591226
64,506,6,2.5467718638845906,0.005095210510064119,290509,0.008281869499569355,0.002804657417446843
64,507,5,2.564817268552734,0.006326410281385475,409691,0.011508669418021023,0.00625196434484665
64,508,5,2.519875832463949,0.010131370426859965,431073,0.011987977566310933,0.0058489505963134625
64,509,6,2.51758007226436,0.00595373558902712,306406,0.008495720461666821,0.004160900362788378
64,510,5,2.5379046986551206,0.009666262827502159,395950,0.01167900495998595,0.0025868915766819045
64,511,5,2.5126078009154793,0.008197120164778693,409439,0.011649923275462005,0.002753826000741033
64,512,5,2.5567696327261307,0.007213265339090502,402772,0.01157024812381187,0.004025308150171963
64,513,5,2.535744578751823,0.011131832153234211,416036,0.011803534347625032,0.005710790606471838
64,514,5,2.5827532396521544,0.0049566169721600994,396771,0.011271634747114977,0.004550715707177827
64,515,5,2.5106747775784672,0.008960841294892496,421174,0.011807215405274327,0.0029039091653125793
64,516,5,2.555945666090937,0.0054728929343290655,408728,0.011598127196775153,0.0042498468833208625
64,517,5,2.5105204056387067,0.010580792429522479,405902,0.011602856558327278,0.005540506176879623
64,518,7,2.543258997287647,0.008008853706275798,219058,0.0062121252854126984,0.009150760482327325
64,519,6,2.522113786672324,0.006809113105949893,301716,0.008613662685730638,0.00266775181602813
64,520,5,2.572869611869104,0.010286894518109935,398827,0.011248962368986171,0.004721473302829349
64,521,5,2.557811089291563,0.007328980115511419,393925,0.01129260016415228,0.002185840389997362
64,522,6,2.6504189868581434,0.004907835531802296,281312,0.007820100113582595,0.005342994225190356
64,523,5,2.5440832048166824,0.008269277399752695,409425,0.01162818405410939,0.003265323758864236
64,524,6,2.536341402585675,0.00684692160235445,281143,0.008016730190463032,0.002958117180141717
64,525,6,2.5776240870431106,0.0038347493310760816,313669,0.008490504163559783,0.004851774598927494
64,526,5,2.575824074689568,0.005991990769364519,400000,0.01122030053070058,0.0054397930460587385
64,527,7,2.5488289878295474,0.008193280015450943,208492,0.005890283067071964,0.009850863137741195
64,528,6,2.523298199576631,0.006200374293921285,296698,0.008332904327699302,0.004481525869757141
64,529,5,2.5795210668860924,0.006964087380901429,395265,0.011204086460687861,0.004710967348852901
64,530,5,2.576908939929486,0.007798869929214969,415911,0.011626499835419073,0.003311855298993638
64,531,1,3.6150256484977614,0.011407855276504897,36471267,1.0,0.008045923025574053
64,532,6,2.538048804396727,0.007494012754297952,291346,0.008517357009854749,0.004365295598908081
64,533,6,2.4992337800736992,0.009911069836145092,296036,0.008436365592865026,0.007940216318127802
64,534,6,2.519981752702516,0.005201220402550111,305768,0.00848422267494027,0.003561978447313874
64,535,6,2.522960890441636,0.007536542195390683,294702,0.008410914478818667,0.003926760143974861
64,536,5,2.5346938552553118,0.006952952622487296,438263,0.011964972404937258,0.005759265715398754
64,537,1,3.6450224198844405,0.011479816141910404,35403455,1.0,0.004956747381135718
64,538,5,2.5302202288838678,0.009028283100748324,422664,0.011833876855153889,0.0034266051687824595
64,539,5,2.5021200399616554,0.00872671249900947,429856,0.012029676575388485,0.007423988777124635
64,540,5,2.5204376806601125,0.011427168156476597,425039,0.012060275186254568,0.005853718119047002
64,541,5,2.598740331636943,0.0057124069162923785,424779,0.011652769795668675,0.0030905080576996147
64,542,5,2.581341439866872,0.007316499518899899,399087,0.011664762909113016,0.002364351587986868
64,543,6,2.5396348911858198,0.007959056019166466,277935,0.007957820558998706,0.003599514847346552
64,544,5,2.595580234669007,0.008001969950943988,433604,0.011749729387476758,0.004976800059538489
64,545,5,2.5715543405909753,0.007739137617057468,407652,0.011678468264602167,0.00296325760998839
64,546,6,2.4929581456650283,0.008063282380109005,291882,0.00832144671984206,0.0032084478116447546
64,547,5,2.5621932447566422,0.00850059700914818,403505,0.011354610155195477,0.004850195913197464
64,548,5,2.5838269069525452,0.006722977452773282,425474,0.011892788859462726,0.0024375048283969414
64,549,5,2.5620846180918027,0.008122412344267638,405721,0.011318050896512284,0.0029310056784347394
64,550,5,2.5822351857079893,0.006498834401514442,413491,0.01132225763338033,0.004944046722982209
64,551,4,2.582012200511439,0.008161782651985472,636564,0.017942247724241314,0.007805464978094145
64,552,6,2.5201307797395365,0.005650771534881027,310405,0.008845945075830386,0.004164449444840068
64,553,7,2.549027997271688,0.006447298750329455,217398,0.006128595466353757,0.0056294004668241415
64,554,6,2.55891102855025,0.00722676092734198,282674,0.008201799182396618,0.0020945225010795543
64,555,6,2.554832116014958,0.007345271907953865,306073,0.00831083877853074,0.0033221150857114523
64,556,7,2.534182158267367,0.004794191561735994,225448,0.006273364978791414,0.004308393206923
64,557,5,2.5266515932550218,0.009737475331851764,425397,0.011870947988388936,0.004489889901656996
64,558,6,2.51461892434754,0.009826416007599703,287836,0.008263412923664773,0.0042572921793826435
64,559,5,2.581803687741341,0.006151125710714078,402000,0.011324542108197042,0.004828731217535576
64,560,1,3.6118190453346206,0.011745944499607086,35566157,1.0,0.0064097061718487724
64,561,6,2.566469715130699,0.005985397756124167,287424,0.008185429318397492,0.003881445913815562
64,562,5,2.5757640814470166,0.0058135192612406295,425629,0.011716032413542481,0.007188357915533572
64,563,6,2.501309291428786,0.01015658383175222,281356,0.008102446374021625,0.006075974843800069
64,564,5,2.509210451714221,0.00667680654773517,406472,0.011654504909766127,0.007151766578806451
64,565,5,2.5461602746503953,0.008237247164810002,418735,0.011665121058207432,0.007468831566351364
64,566,6,2.528607832125917,0.007772453763375764,300817,0.008228283223604473,0.004687923826967477
64,567,6,2.5448800228578037,0.004485994475049326,300009,0.008367030304558296,0.004699661024682
64,568,6,2.4893285054944134,0.008452510637111277,299000,0.008517431393372014,0.0014988067291322738
64,569,5,2.521740286527766,0.009485566972658677,401108,0.011625166095848873,0.00938773482755001
64,570,6,2.519666751716569,0.008508166190346778,305437,0.008613710570785478,0.0013080213395580964
64,571,5,2.537590652741809,0.006592732749057917,399771,0.011458211311106784,0.003798670623722855
64,572,6,2.536293737739496,0.005465563730610246,307532,0.008611638357672985,0.004458145969233995
64,573,5,2.5063214390953603,0.010088307605300773,431741,0.012245211334772592,0.005481284692415267
64,574,6,2.4942381665469036,0.007299893621680931,312459,0.008898050669671156,0.0034459563352028377
64,575,6,2.4813077563336337,0.009830151227045225,301977,0.008511688876444216,0.007157870060122418
64,576,6,2.513171309057887,0.00980002143451797,300246,0.008489186554883302,0.004618839894457327
64,577,6,2.5451179811704563,0.0077059164289551285,291961,0.00835658486814739,0.0038965943310983464
64,578,7,2.497477457274458,0.006405579105051684,230768,0.006509155234247282,0.00527122918251588
64,579,5,2.528864312751323,0.008154006922750812,400873,0.01157300289535098,0.001649500857569569
64,580,5,2.6280735823014405,0.005731386963859275,415688,0.01156203065269867,0.004407359584859161
64,581,1,3.660686224861326,0.010806733391821144,35054896,1.0,0.010584354471557533
64,582,5,2.593154800568799,0.005366582509966578,417039,0.01155604433082587,0.004255236044515831
64,583,5,2.5742378066079605,0.004361198536512623,402885,0.011605884739681029,0.003077802500395077
64,584,5,2.539594010856218,0.0082359843005535,410595,0.01193378846593728,0.0025509995332234636
64,585,5,2.526338979519024,0.008480819043026888,401470,0.011717561214384964,0.007258747932334386
64,586,5,2.559337057673405,0.006851579636267813,426247,0.01181647189241443,0.002525013630632289
64,587,6,2.5812296442623297,0.004700879596590268,276801,0.007759650624114182,0.0036330838475957528
64,588,5,2.562094873578824,0.008476620075249242,417021,0.011491766742881443,0.003357444354268546
64,589,5,2.5738193156088083,0.007982305638237708,385431,0.010836501949246683,0.002371515695218762
64,590,5,2.545206671546705,0.009911080382795423,423242,0.012020698770676064,0.003943746642434021
64,591,5,2.5419490567843166,0.005708703480802546,398481,0.011648401676853487,0.003237517744372198
64,592,5,2.5341647563202003,0.009024047190108742,396764,0.011466165500448747,0.004158801575365079
64,593,5,2.5668327919638863,0.005360705041612013,403496,0.011427410429384034,0.006005136228982022
64,594,5,2.5681439715634298,0.0072969481577599415,421644,0.011717979120773606,0.007466585070322773
64,595,5,2.562116449193866,0.009682526794829283,397138,0.011142289015441634,0.0076965215013936605
64,596,5,2.5865768368221285,0.006718496441114441,435330,0.011763896783716084,0.004114520163779667
64,597,5,2.5415029941656844,0.006836939879951154,408668,0.01158736046904726,0.004043591835432903
64,598,6,2.5144102983650685,0.008868317854969554,313101,0.00864940557281272,0.002669701025951321
64,599,5,2.553620205282083,0.011166778501613961,406836,0.011581963968418882,0.009713921098372102
64,600,6,2.5113641970853258,0.008042368828169666,287099,0.008135557044891287,0.004424864888162627
64,601,5,2.5373294052130295,0.008465081698756927,423345,0.011801516415898322,0.003929516082749385
64,602,5,2.5666062095798527,0.010154067999994909,397262,0.011384585739403714,0.0029234601711526365
64,603,4,2.5938348774474074,0.007831913735728335,616407,0.01750340203605643,0.0032984306092079807
64,604,6,2.5613866646867502,0.005267147280718865,304351,0.00850342739943665,0.004040747326463923
64,605,5,2.563555526333045,0.004792087708205217,408670,0.011473107792777262,0.006498822091329959
64,606,5,2.6058571513386872,0.006552789977553264,399074,0.011134563451197385,0.0012291353947090355
64,607,5,2.569431418819874,0.005263116119057831,431981,0.011983788771550477,0.002928281327907456
64,608,5,2.5082009294871104,0.007678896379092193,407554,0.011494045406829374,0.004940562278053118
64,609,5,2.5371793725031333,0.009239456982649552,400917,0.011395962725724794,0.005124915708991484
64,610,1,3.657929259513045,0.010851499301728795,35037549,1.0,0.009209497958307278
64,611,6,2.5198262407818417,0.011293266314699846,289452,0.008231782880370369,0.008674474899052598
64,612,6,2.4666728840616754,0.009273475530224173,291398,0.008495565293225982,0.002781213751947731
64,613,6,2.550769460000271,0.0061462229095708976,296868,0.008198596775867048,0.0019245668663017135
64,614,5,2.512059307543799,0.008485010366946821,425707,0.01175581781217638,0.007379149286475872
64,615,5,2.5978661302042423,0.007052611116052043,404910,0.011532001196518817,0.004318120371320289
64,616,6,2.5466680844368295,0.00786584046826011,296469,0.008209302219972051,0.0034692743417409078
64,617,1,3.6125889118798753,0.01185933338724876,34445898,1.0,0.006080136847205098
64,618,7,2.4932916292720777,0.009631345723813634,217567,0.006232942217047179,0.007391298117211509
64,619,5,2.5527335590072444,0.0076263667535688695,415679,0.011642559022031653,0.004773002354496181
64,620,6,2.5639126504945255,0.00602345756741085,286465,0.008077194822226713,0.005124127656604416
64,621,5,2.580588332194114,0.0054160013558165465,416180,0.011735105470169772,0.002474632918918418
64,622,5,2.5473867160173147,0.005964354292408491,431090,0.01196848963124675,0.0032204900547012083
64,623,6,2.5175624173752555,0.005738228380910759,283198,0.008172937579123584,0.003291393164523204
64,624,5,2.5450596072585383,0.007220392391656838,442274,0.012197365583706935,0.004907909412312783
64,625,6,2.491785230408849,0.01032210145577428,290385,0.008446588377912088,0.00510492342240676
64,626,5,2.537420437430247,0.006293901744815922,421790,0.011962313451693655,0.00281322496587863
64,627,5,2.5807104016007516,0.010174620255212652,408325,0.011391882573983766,0.004184475752337158
64,628,7,2.484389279874849,0.0072594782143093894,214358,0.006196617238672444,0.004769674229764764
64,629,5,2.579875420094585,0.00601127410751523,422762,0.011745672117040975,0.0028732859665511756
64,630,5,2.557049847719149,0.0069219141472900425,407579,0.01142240864713039,0.005272520421769955
64,631,5,2.5501461533851066,0.007560031404808876,430795,0.011840648202205657,0.005435772969952679
64,632,6,2.500592281046746,0.006706475938307976,288956,0.008225756413693637,0.002331153999006075
64,633,6,2.5518965466552346,0.007861043720380434,293461,0.008286790537752026,0.004456792775759999
64,634,5,2.596084759052448,0.00996216795806959,383654,0.011069092372452075,0.003941961521676585
64,635,1,3.6310172319811733,0.011683583103551665,35419214,1.0,0.009328865267950404
64,636,5,2.581885996393261,0.0050158302095901774,424990,0.011921095860039787,0.008006896843488653
64,637,5,2.5236301970435426,0.00860411669474559,438594,0.012189153233842433,0.005452659244978508
64,638,6,2.515798787440095,0.007465132786247608,281750,0.008110931869352593,0.00520085611130694
64,639,5,2.539764435001796,0.007654444516941639,386411,0.011270801861764459,0.0019983646116384923
64,640,5,2.568607855652224,0.005575438525222132,437091,0.012118180728352313,0.004478400661502402
64,641,5,2.530314839815348,0.00992726419062051,403944,0.011360315235079757,0.00548658021762527
64,642,5,2.585425507902246,0.006249445216380489,393744,0.011296764692136163,0.004320905632115568
64,643,5,2.5507762866740444,0.008064988449458133,405443,0.011417285051430907,0.00212674062440521
64,644,5,2.5383995545159665,0.008647110405169522,390760,0.011249475397775013,0.004323340572281342
64,645,5,2.6144253878802117,0.004704643824824883,419897,0.011700876858663015,0.003138681508147223
64,646,6,2.563817597434098,0.0051926837909958,287373,0.008186871474296947,0.003613957304162252
64,647,5,2.5433551056175894,0.010334581745408133,413496,0.011656637632760097,0.004621400589201907
64,648,5,2.520976070739879,0.009600684295933137,382167,0.011483112552783836,0.005651179183910338
64,649,6,2.521547914327607,0.006858338490529081,281599,0.007973395493571497,0.004736271731452524
64,650,7,2.5120191188477117,0.011307806013263644,222958,0.006260872944698946,0.010628060678760265
64,651,1,3.63561793749696,0.011245692971719179,35044050,1.0,0.005959314259259774
64,652,5,2.548600001002386,0.008713535694587327,402098,0.011340181472008564,0.003321701490138773
64,653,5,2.560358657544883,0.007851354681607248,416770,0.011488898314800777,0.003104691913973112
64,654,5,2.5642593617508207,0.008015614813048577,403606,0.01167873740951862,0.005838957180758775
64,655,5,2.5494043215541025,0.009379398363903335,433892,0.012300146921287898,0.0036395117099145002
64,656,5,2.561665625168208,0.009797781859868016,410767,0.011392666826531825,0.003867771670916703
64,657,5,2.5556757240382146,0.01120841857787036,392889,0.011212008057233352,0.009703013171628638
64,658,5,2.5967417606107306,0.005502198240713296,391803,0.011172430371383513,0.0040239356725192965
64,659,5,2.504610366113767,0.008823037560261482,404711,0.011412326556808267,0.005906367537625856
64,660,1,3.6277322995151375,0.011279738750504698,35978461,1.0,0.007632307138661587
64,661,6,2.5127893010474014,0.010289222028913247,301379,0.008337908574576156,0.00586425821611225
64,662,6,2.52456747384852,0.010431582165604913,278861,0.008024350937338722,0.005355790049306031
64,663,5,2.5072884933745554,0.00750426876407656,393948,0.011459035376733517,0.0027683283482451415
64,664,5,2.529712480965819,0.010899484517285618,410763,0.01158879674319836,0.005227088215238096
64,665,6,2.5617139469621835,0.004938647948980468,299643,0.008323448573219532,0.004646139123211768
64,666,5,2.557149566195363,0.008264385173907707,424855,0.011819366813772955,0.008726292013802206
64,667,5,2.5673297258996537,0.009337798003099529,437081,0.011784832021904832,0.0038282925722464833
64,668,5,2.582243035333611,0.005589902193810281,433476,0.011659678317621035,0.006796605135698963
64,669,5,2.6004789235300216,0.005041159835216746,415780,0.011607542127382348,0.0037403269394328253
64,670,5,2.539448438964806,0.011102034073565414,403105,0.011385080211145853,0.005264922329814792
64,671,5,2.5542227655346283,0.006046385328035808,431118,0.011992333238422331,0.00567181553608459
64,672,1,3.6598899768115745,0.010864607228838197,34407956,1.0,0.00813554998324173
64,673,6,2.623181924282288,0.007527491003467612,286749,0.007854794999955624,0.002996252183392112
64,674,5,2.562222206049493,0.004213216172589185,392362,0.011416934571602927,0.003958451469395968
64,675,5,2.566687297276486,0.005962755126889707,402937,0.011234119323272401,0.003285076848209889
64,676,6,2.5500868145448155,0.005022000008044314,307040,0.008527393515687097,0.0036563001974925236
64,677,6,2.6021247050095693,0.004116097842655764,286219,0.00804948886467078,0.0064445571080784525
64,678,6,2.5174875768146543,0.008477034466122468,295435,0.008341259979598238,0.003952885855548316
64,679,5,2.6221954782286363,0.008227182055400517,388127,0.010782883151265492,0.008191632102469648
64,680,5,2.5814409092977306,0.006210053589125075,420048,0.011616382925149401,0.0018339929155501977
64,681,5,2.5780769691536354,0.008065790275561036,400115,0.011470252337811238,0.001944884579215933
64,682,5,2.5346456607459493,0.011096097936000637,406450,0.011622637093858607,0.007393317116771492
64,683,5,2.563639755547445,0.00687888672307857,455217,0.012315278732207799,0.0076026807805064656
64,684,6,2.5136702523095042,0.008660237670534476,309131,0.00851272564790877,0.004688781816207355
64,685,6,2.560196704888705,0.007272800718449046,288722,0.00809482498048152,0.006143419910231929
64,686,6,2.5223046460272123,0.007533734241594203,300184,0.0084644452357296,0.0030604278640313787
64,687,5,2.5606005842864317,0.006675517231594763,421997,0.011748930366434481,0.0043780976529795845
64,688,5,2.5662175311949778,0.005486390419266796,414059,0.011533416334243814,0.005669246807187278
64,689,6,2.5412521522521705,0.006547913518963999,300788,0.008344745394379578,0.0028533720266266105
64,690,6,2.505071269573214,0.007861086580172372,297646,0.00844957558232027,0.0026919031680734395
64,691,7,2.513509072658335,0.009389063683965415,222819,0.006250305931716181,0.008832735544551384
64,692,1,3.6344247692584326,0.011120384240875913,35527987,1.0,0.007648309724508806
64,693,6,2.5058140752567932,0.01032437448739365,311238,0.008638950715474257,0.004041026407417214
64,694,5,2.5475905039371236,0.006084725424935489,416967,0.011698529774020385,0.0032667497417382396
64,695,6,2.5552308554294507,0.006039941361631329,303060,0.008479929183385563,0.002281696229097463
64,696,6,2.543874953039235,0.007973709452858246,284591,0.008067586171901432,0.0019519581633445637
64,697,5,2.570894152982002,0.00796059321854381,413006,0.01159530068662555,0.002855099868943556
64,698,6,2.5610793969296175,0.005278792247623176,288724,0.008397628360182763,0.007013675550852749
64,699,6,2.528690936349954,0.010105028494581614,278918,0.007855217159643844,0.006156213490224605
64,700,5,2.5626492359390305,0.009385844259551468,415868,0.011750991818770222,0.008169452397740085
64,701,5,2.5874653084188144,0.007020377969166103,395268,0.011243561487448192,0.0017471397679237333
64,702,1,3.6359516149028854,0.010841178892956549,36234985,1.0,0.005594955314279226
64,703,7,2.4955748897760923,0.008927000265186114,215557,0.0061248048359013344,0.0113999174246327
64,704,1,3.6513273120308756,0.011569167293734695,34377951,1.0,0.00798306977535268
64,705,6,2.516365559079814,0.005946850716734953,293007,0.008237234559349403,0.003109726183596395
64,706,5,2.5177324011373727,0.011612557911143018,379446,0.01130808253160433,0.0063085116309518074
64,707,5,2.5455084589213204,0.009666684974189765,416640,0.011546767108907514,0.004516731417813613
64,708,5,2.594340782781459,0.006898057105293454,401845,0.011219573456021181,0.005355978992059973
64,709,6,2.5397034318317897,0.007167669397903809,287110,0.008258658503449732,0.0013899294893900682
64,710,6,2.5434588924552886,0.0061168853233961595,293107,0.008096618332399984,0.0028847059996706115
64,711,6,2.4797214269417864,0.009841405806958248,278146,0.007971435741136089,0.0064075088707682415
64,712,5,2.516733751133869,0.009519436772006118,415175,0.012194533435990544,0.0040146741364659455
64,713,7,2.4780794810328612,0.01103694151257062,215338,0.006340856380448085,0.00931476466598008
64,714,5,2.5683578429226337,0.004953680898705626,412322,0.011536027219878488,0.003974576333246049
64,715,6,2.5369303080703745,0.006639053953558904,276250,0.00797452608726565,0.0030583620915627663
64,716,5,2.5617812663583637,0.009081291804983849,432949,0.011917853359938143,0.0031583042502331127
64,717,5,2.540334119077687,0.009787626785449033,421356,0.011694571289949048,0.002711496668777791
64,718,5,2.6140673347949837,0.004033727830812794,420196,0.011624932292147786,0.004477105660123104
64,719,1,3.630473661917725,0.010810213205031727,36374771,1.0,0.012960336843380382
64,720,5,2.5665291884604544,0.004839573531087882,427183,0.012020882837849425,0.005481971353476167
64,721,1,3.63574946578735,0.011490113835362692,34734834,1.0,0.005762542694783601
64,722,5,2.5626710618364257,0.008479743450668153,411721,0.011376644721390041,0.002647230447493043
64,723,5,2.6281804096518435,0.004719710707899338,431424,0.011608262470546412,0.005644276171188567
64,724,7,2.5373762636096258,0.009448356469110464,212100,0.006093310912094237,0.009742622697390346
64,725,6,2.5486929141392283,0.006729348312217942,300319,0.008316356909585846,0.002411793545656682
64,726,1,3.641018531992683,0.011176848126570382,34682408,1.0,0.011949231002239158
64,727,5,2.532206377476653,0.007546957849240421,420780,0.011964477121100794,0.0029048338005403795
64,728,5,2.5739861518171194,0.010035257631335448,405548,0.011182919969523187,0.00483262008391705
64,729,5,2.5023772362265566,0.007842984724596935,418270,0.012131287052494014,0.002141623811192095
64,730,5,2.554376451278605,0.008233307308597282,415843,0.011726647237450373,0.002935978700773223
64,731,5,2.5435509812885844,0.008658197516599853,436933,0.01195546151217696,0.0012513579050443813
64,732,5,2.547832006166985,0.007604310677241544,435306,0.012004247674688214,0.0040372483763279066
64,733,6,2.5092372635876785,0.007741627287233377,291254,0.008437032330495614,0.002474724216461499
64,734,5,2.5483167107386224,0.00769793382034617,441886,0.01217695933868997,0.0024709221551683647
64,735,1,3.641627104798924,0.0114400826004466,35818309,1.0,0.009215253937925105
64,736,5,2.555889941965143,0.00963143964523605,394678,0.011285817023460766,0.005478872970579807
64,737,6,2.5525608631717813,0.0068957250182261065,295855,0.008167105118376441,0.0025537903825005592
64,738,5,2.5865652023963923,0.006640823363130877,426995,0.011746122551289893,0.0018296535017033322
64,739,5,2.5647692801694877,0.007669324058309668,416478,0.011710953562111936,0.002883854806728814
64,740,6,2.5345260136796606,0.009381703695785282,279970,0.007943210851407114,0.00511030869022272
64,741,5,2.545334288985348,0.009080669417278475,428906,0.011964272264978842,0.0031931116408807636
64,742,5,2.517655602195879,0.010780824109325904,426161,0.011719109531260643,0.005091214517800036
64,743,6,2.5331770926490313,0.007644322718178387,307534,0.008420072624748613,0.0050598423742900245
64,744,5,2.5396226669404713,0.011627072610292388,411188,0.011787587325508444,0.008452255175619205
64,745,5,2.544205137147033,0.007732193744778626,420728,0.011851136422149328,0.004836407589150604
64,746,5,2.557144144192669,0.007570856399535364,405950,0.011348916028253447,0.004153168712847488
64,747,6,2.486443238283284,0.009905379115230817,286977,0.008290602732657219,0.0032868538963577165
64,748,5,2.5907064471744414,0.007031328777085566,421701,0.011646822235473663,0.0013039558892840586
64,749,5,2.5475918585025057,0.00985859427921043,416506,0.011506540883891282,0.0038047843710899976
64,750,6,2.523677734984786,0.007757973693016673,306643,0.008468252909421483,0.0015329289510805089
64,751,6,2.5180862922914287,0.008855183969794622,284876,0.008161080587161439,0.00815823857737108
64,752,5,2.567928467553894,0.008406912510080855,398481,0.011448906180833709,0.002145907399939806
64,753,6,2.4864953834096135,0.007769659425939657,302039,0.008726409234238008,0.0049085556954422405
64,754,5,2.5428329175058972,0.009271721487313922,403624,0.01154069033757114,0.0029530873678664804
64,755,5,2.5964160076632874,0.005511725541835988,403248,0.011463704084012809,0.0056488972504669666
64,756,6,2.518000469396978,0.010343500909505476,291325,0.008235028403180432,0.007671219742582669
64,757,5,2.5545482988483887,0.008485977952440826,427278,0.011752653133705264,0.0047533437637167775
64,758,5,2.5481352096531293,0.010743257586883104,410871,0.01138841255195308,0.004887614772533633
64,759,6,2.5204975253686976,0.008613216779773336,292977,0.008283470981217974,0.003618519635364026
64,760,6,2.5071268682949954,0.0075701024851537735,274293,0.007958913663836213,0.0035844223319558277
64,761,6,2.475475568351531,0.007838135683864045,273394,0.00807330413926265,0.0044956688442476245
64,762,6,2.476698022569494,0.008370656191340142,284431,0.00827043996445843,0.0055294549339068855
64,763,1,3.6427650434530485,0.01065120499826222,36159957,1.0,0.0066254330288059715
64,764,6,2.567720956664354,0.008346801572578721,290404,0.008052961803337236,0.002929697854573421
64,765,5,2.5724063038653666,0.006313663545780335,411898,0.011535958912406134,0.002549440104623435
64,766,5,2.473415122225547,0.01183131794276604,415900,0.011715049105885987,0.007499113331253082
64,767,5,2.581558000510105,0.004791281837443373,412213,0.011643360813095605,0.008071930405649769
64,768,6,2.520039953549291,0.005373579191932376,293351,0.008458876648862572,0.003572270942713507
64,769,6,2.5111751404958897,0.007096851001054727,312745,0.008569135838359429,0.004546169758509355
64,770,5,2.542268551377858,0.00917554468128956,405866,0.01164859509877094,0.003407311868064311
64,771,6,2.539802523100573,0.007199954324705882,299693,0.008356517611388819,0.002100136553456866
64,772,6,2.5422837275085857,0.007291593675828101,290950,0.008076287677950014,0.0014969233150694539
64,773,5,2.5330545106444093,0.0070731456209174315,421328,0.011885441772511909,0.002344537459912782
64,774,5,2.5434435361976298,0.006681539057183605,429883,0.011954135127779575,0.004454913401389593
64,775,5,2.5864837149526116,0.004801273706792397,393372,0.011152021145782487,0.004991815584559356
64,776,5,2.5552437529757355,0.008677093407337466,411222,0.011495562243112599,0.006477512537439334
64,777,6,2.5353269537106113,0.007551436869629169,299049,0.008449553103181863,0.005033941812486509
64,778,6,2.539641974643248,0.006142543111912868,283617,0.007956996415021258,0.0034702619449900607
64,779,6,2.5327720668349767,0.01109399812111378,282432,0.007973265260354077,0.008501689071854224
64,780,6,2.562202889038692,0.004793821719561886,302195,0.008357353979233817,0.007148089343081643
64,781,5,2.565075472311586,0.006674597086662515,401081,0.011440569742831991,0.0020201743136849526
64,782,6,2.5144994023890783,0.008639741955368097,289509,0.008190856006964417,0.0021282541813094358
64,783,6,2.5149865673613494,0.005967570503770614,293817,0.008308302650050985,0.004651621539361717
64,784,7,2.4980909459770078,0.007523853172822115,227461,0.006416205934651289,0.005645760236238362
64,785,6,2.508771469270641,0.010646249746448233,270113,0.007793029858331498,0.008536430317481192
64,786,1,3.629326376231033,0.011300360622698347,35415975,1.0,0.006761528827846752
64,787,6,2.523355016134226,0.005626697783459256,301753,0.008472280154166732,0.0028356769332573695
64,788,5,2.5689429245951545,0.008172907157719789,380074,0.011003638078816916,0.004995990397874794
64,789,5,2.5582200370075023,0.004046312795861318,409902,0.011660504987010647,0.004930064556810748
64,790,6,2.5385555316920048,0.004742751229319275,286969,0.008044421214953756,0.006595867775047171
64,791,5,2.614195051691852,0.0055192850887910705,408074,0.011508694807448622,0.0020161269451504094
64,792,6,2.4906620671530497,0.00857138408906366,292295,0.008455548669052756,0.0021308225232260503
64,793,6,2.609423803580077,0.005994438346556885,284484,0.008069208830701342,0.002556882292104823
64,794,4,2.610700177583617,0.0069594304099001025,643988,0.018076664844837994,0.004429362147299609
64,795,6,2.493592084782855,0.01055672885380754,291725,0.008334568507481842,0.005760077478707104
64,796,5,2.532934564289055,0.009504093080273335,386920,0.011192787785501498,0.007609355809688689
64,797,6,2.525341336631376,0.009797496147159523,271450,0.007965799502308468,0.007665739110146008
64,798,5,2.5479918866197075,0.005902634816592589,406346,0.011589716296582148,0.004189626276956626
64,799,6,2.5577886119199156,0.008797913031430293,282472,0.007899731866311653,0.010225983544132289
64,800,5,2.5604096721827894,0.008669509153310107,412372,0.011727579186797558,0.003664417408917209
64,801,1,3.633706253672187,0.011619185944604205,34456417,1.0,0.0073029783845925955
64,802,6,2.4814400975467064,0.010089928247289826,312108,0.008842934386117045,0.0037087097619815657
64,803,6,2.538713540972186,0.010507305081310925,284952,0.008089560673365819,0.0031939189290123293
64,804,1,3.6352763840588316,0.01107920489978198,35810551,1.0,0.007066761206267258
64,805,1,3.6250256799866483,0.011222718186709502,35517730,1.0,0.006165750784806523
64,806,5,2.5356351308376435,0.007302979983722202,400632,0.011797796732777836,0.007426572706517476
64,807,6,2.5001554915076265,0.009445105693098088,304678,0.008601100619507456,0.002692609292572312
64,808,6,2.549273868903394,0.004219013040518416,299294,0.008534645795973905,0.004362937788271681
64,809,5,2.556847072471693,0.005499159959804878,417587,0.01154867618486787,0.00479761920343541
64,810,6,2.5394193955768682,0.010621480579645182,269559,0.007681677796819609,0.0054344295906920415
64,811,6,2.51503469173787,0.007971477566763863,281303,0.008032067853089134,0.0036158228757522393
64,812,5,2.548966513094496,0.005226788173164243,397569,0.011331224580778978,0.0030930150375453325
64,813,5,2.512469669591341,0.007903266973950718,445423,0.012455774705406358,0.008741332636715837
64,814,6,2.514705911861242,0.006909952980402978,300530,0.008537219470257762,0.004062334289061109
64,815,6,2.5378749097110465,0.0068145863865074485,291350,0.008236733939216947,0.005323931635333512
64,816,5,2.5574349826546694,0.006753341930784695,420174,0.011701919464701812,0.0026374137384417295
64,817,6,2.524285808391161,0.011200540592178676,280934,0.008058983125315389,0.006888591465839311
64,818,5,2.541146205449038,0.009761425193963391,383633,0.01116225216134375,0.007582913123576507
64,819,5,2.583153535987846,0.006791546526068171,426063,0.011766938053331975,0.006690076139599821
64,820,6,2.5234016551212664,0.009325647246012259,281025,0.008036011166831395,0.0022444491014723678
64,821,5,2.5746005044505114,0.004339652272039363,428809,0.011993983666595733,0.007514021607884835
64,822,6,2.5671595240718235,0.0069432776627924575,282255,0.007989681901368508,0.004964531842216124
64,823,5,2.580180267842683,0.007017155242921791,409548,0.011453704058725362,0.0018245106517968956
64,824,5,2.6258021360512527,0.005166577691248286,409947,0.011211567895709092,0.006489656432967061
64,825,5,2.5696719345857435,0.009479193084589554,407264,0.011660292735579562,0.011009317622186932
64,826,6,2.543584673088545,0.008169706709419855,287167,0.007997600444151771,0.004545624337775833
64,827,5,2.541299223559064,0.007993585161702566,412640,0.011721185204298832,0.00414720025332227
64,828,6,2.56057206754736,0.004255989568645924,298772,0.008303593141389704,0.0048215324037041984
64,829,6,2.507317832655078,0.008133090172518176,299742,0.008390435773215878,0.0051175349681018
64,830,5,2.5723434111388124,0.005748000654455465,423627,0.011930914606288295,0.007041303488275974
64,831,5,2.5643913723644567,0.007376827219806481,424363,0.011745289656235992,0.004354843851480272
64,832,6,2.531904633728143,0.008892891796330349,291512,0.008214686719821816,0.002660224261018196
64,833,6,2.568427138868277,0.007539828000464932,289451,0.008136427044541142,0.003246092835001546
64,834,6,2.5359450397856786,0.004452109845350272,323488,0.00884498067279524,0.005042350569755105
64,835,6,2.528762283952992,0.008562661574294084,289027,0.008159209991247312,0.002191557190130755
64,836,5,2.5312969884072336,0.008858807934201463,409550,0.011596160284956067,0.008436421207401956
64,837,5,2.5300259247007544,0.004297171975482794,390358,0.01143012751204736,0.006085652679611808
64,838,1,3.6246454231521277,0.012072894859053496,34471214,1.0,0.008881987354625864
64,839,6,2.5486256693140477,0.005195557994259081,301255,0.008280736525548033,0.0043365031541788834
64,840,5,2.5369089315149607,0.00922377139142816,388577,0.011277432941810661,0.004613757681869557
64,841,1,3.6161628512970045,0.011709245562184778,35175510,1.0,0.00630393989489797
64,842,6,2.52734464005012,0.008252958149450595,302622,0.008467182595648005,0.002434650857348508
64,843,5,2.583686623034408,0.007379890971869862,419348,0.01180826263571084,0.009627384023029928
64,844,5,2.5660106881560374,0.008502419515679593,427702,0.01169897797856173,0.002262087417192804
64,845,6,2.549813794480618,0.006280612496903926,318878,0.008781120120848005,0.003050057508530546
64,846,5,2.5503207235356977,0.009626873718761364,421013,0.011855751331801877,0.0034970990212828124
64,847,6,2.573943637323569,0.006789474646406446,288034,0.008021012795653258,0.002823282387460768
64,848,5,2.5453431441403733,0.0072524460494740595,421679,0.011918868964263434,0.006232536520534182
64,849,6,2.538991284731965,0.008461768741488518,279797,0.008077833969399808,0.0030500036298222177
64,850,5,2.5766269338470544,0.004884719472353083,426056,0.011820878193010623,0.00394714607649066
64,851,5,2.5350663424482067,0.007129799512687107,419749,0.01181756696282963,0.005549522573484955
64,852,6,2.5563729168265596,0.004469206385815161,284815,0.008097897745201125,0.006912098154080781
64,853,5,2.569890096726409,0.009198767484701942,404482,0.011303315774734816,0.004293438750067491
64,854,6,2.541650071467331,0.009833343837434283,288996,0.008021521067428868,0.0061128919883695065
64,855,6,2.5252823988320756,0.008480303164126846,280176,0.007988441143996003,0.006172669085628635
64,856,5,2.5616582793994276,0.006237916233005236,412382,0.01179840486843346,0.00543391418188377
64,857,6,2.55654087631147,0.010067159505461776,287399,0.008062584953402362,0.007714807843736515
64,858,6,2.5270280989492964,0.005572916151197371,291103,0.008348935442830314,0.003677208004981336
64,859,5,2.5356510991266847,0.010021580172806743,413139,0.011880236436658897,0.005970136346413635
64,860,6,2.553283510036062,0.006534561453331977,284818,0.008197495817541032,0.006113352947568429
64,861,6,2.588857084186231,0.008205485741133223,286512,0.007945575227926542,0.0037482737297005464
64,862,1,3.6220615928951196,0.011322744697077614,35704825,1.0,0.00680751993775508
64,863,1,3.650459328675389,0.011105870815459884,34684623,1.0,0.009233138901886928
64,864,7,2.5030093011532077,0.0077545103758597245,210317,0.006036331011030984,0.005913845756970737
64,865,6,2.495126182861017,0.010145277869429536,313077,0.008643249680996208,0.00504737139966821
64,866,1,3.6306479979391604,0.011424258961223677,35204967,1.0,0.0065472705477251925
64,867,5,2.584898980292385,0.00811210221394254,418577,0.011805416750302365,0.0017509170358088744
64,868,5,2.5825786268850446,0.008963557857840754,397511,0.01138212448303678,0.006140687980702997
64,869,5,2.5635705525572257,0.005891800404869252,406101,0.011435532576164585,0.002398269483515625
64,870,6,2.456102402029621,0.008763357204627953,298710,0.008818289565339891,0.0025120330508853206
64,871,6,2.4758592648525917,0.00839493483890219,304668,0.008667083329658848,0.002569345515499921
64,872,6,2.527972281394742,0.008434572122742678,301185,0.008270837617247433,0.0037083128873430238
64,873,5,2.5441831702066313,0.007627816836971557,425764,0.011763774270500054,0.0026905857255909438
64,874,6,2.516528750694369,0.008009883911524573,303839,0.00842239771960281,0.005337005723889621
64,875,5,2.5533607933525913,0.010097263389939548,399383,0.011093953732299336,0.00414802264412939
64,876,6,2.5656106349650565,0.008248212338743621,288476,0.007958441835323574,0.001956908272948976
64,877,5,2.540679036101151,0.008852026151370151,414730,0.01177780872609167,0.0035073280417069475
64,878,5,2.5421940120026054,0.0061578738409463485,395926,0.011413827871233148,0.003485293663822442
64,879,5,2.5624162948345925,0.00867905126259405,409497,0.011449830362320583,0.0031508304787003505
64,880,5,2.520974507517325,0.01035297705972621,412885,0.011724784741289573,0.0038375211172516632
64,881,6,2.473966856519954,0.00972130210155664,292270,0.00843340627261679,0.007065578203265144
64,882,5,2.5620327641807603,0.007441173519998734,413722,0.01141653698304595,0.006906710554684392
64,883,1,3.635594678111048,0.011247283712165546,35045263,1.0,0.008382551408207206
64,884,5,2.537141536691666,0.011356364589875323,404903,0.011506156032038426,0.0076336758388030335
64,885,5,2.522113874884961,0.01113647323399114,401124,0.011828811509125377,0.007312093522993113
64,886,7,2.477772285819539,0.01069028103834585,215821,0.006088233044813583,0.012980246892144609
64,887,5,2.5359793712755203,0.010540525699541892,416492,0.01163682734039184,0.008343178468806167
64,888,6,2.5568780728231655,0.007166019148108882,285157,0.008130556973817968,0.007426401181510722
64,889,6,2.539926211059994,0.006949522721541257,294386,0.008281044563927697,0.007833657373386815
64,890,5,2.5514439408907603,0.0041130722951276955,424916,0.011923566112576113,0.0056657660744404426
64,891,5,2.5750954284570735,0.006276421716434277,421145,0.01180510478244586,0.001567347124085905
64,892,6,2.5111306340673476,0.008546787117434729,306402,0.0085460530796801,0.005064568202757136
64,893,6,2.5144485897798585,0.011255110086136333,279790,0.008088203303880295,0.009646683656686084
64,894,6,2.5898665173699196,0.00514362322021078,292793,0.00821002140629196,0.006670124958735202
64,895,6,2.5479378858368573,0.0052855146694716915,290170,0.008339400285120868,0.004096811542298129
64,896,6,2.5697133007528987,0.004507324808596169,309975,0.008582983068617402,0.004365309277171159
64,897,6,2.5318319962049203,0.009295511402488077,281319,0.00812855248001625,0.003666803431713994
64,898,6,2.5530104350702567,0.005534108782248359,307693,0.008416688114619245,0.005301067927588554
64,899,5,2.5751839718974576,0.005135691279520405,422666,0.01187619563530577,0.006304191053482011
64,900,6,2.52754123331183,0.007768591237205524,299333,0.008401416457938482,0.0043899878917063595
64,901,6,2.5372069613944723,0.0076801732013119794,292342,0.008292089447870715,0.0027070439807220237
64,902,5,2.522671796261354,0.011168206833245153,418940,0.011742561150296739,0.005689979350637975
64,903,5,2.5777293444936213,0.007721283946508173,396123,0.011431515490261468,0.007044090361028432
64,904,5,2.5256643156481795,0.006329284147470249,403310,0.011416578878946928,0.0022985391888101225
64,905,5,2.566417367297778,0.00754976326491591,395524,0.01145589343160957,0.00584493160330235
64,906,5,2.529162836437992,0.008361596314196529,422052,0.011981340027825079,0.006130048347079697
64,907,5,2.541261190515538,0.00912787415335814,409692,0.011635149242517682,0.005765217632285602
64,908,6,2.5542745744949444,0.00810438155919091,293801,0.008277305817686565,0.0034964002920446213
64,909,6,2.5546487837184984,0.005114160071594709,292891,0.008286282456900248,0.004918271562872056
64,910,6,2.5717990327540448,0.007621984317429331,292106,0.008133033537480069,0.003048192497344948
64,911,6,2.5026044986210687,0.008004759519038007,272290,0.00809783182478539,0.004628311145889685
64,912,5,2.5411979806776945,0.009035610982398357,397867,0.011267472650890387,0.002960822398837104
64,913,5,2.546535516302081,0.007908949315086067,420568,0.011752363827216264,0.00644261316588729
64,914,5,2.608133611134537,0.005756833910565362,391979,0.011141013766625265,0.002103817688055898
64,915,1,3.6218282217968873,0.011275051037769046,36329237,1.0,0.007689883995610658
64,916,6,2.4847716579072667,0.008804453416480174,288197,0.008252944322944681,0.005689295810718198
64,917,5,2.5598895089931837,0.010133326746952998,412556,0.01187763897909471,0.005524916801771251
64,918,7,2.5063221398105022,0.008633398365218703,212945,0.006106678769999126,0.009263306501114954
64,919,6,2.5618063974912118,0.006449331035425332,288184,0.008069036709603494,0.0017391749417396962
64,920,6,2.5572776555849854,0.010009170506306786,282172,0.008126807130376685,0.0038367452253390555
64,921,6,2.564799808738545,0.004965727180037516,299117,0.008434378218490428,0.002994140210901497
64,922,6,2.499407977365663,0.008939853794724062,295328,0.008333556725598016,0.0019553652852312697
64,923,7,2.5524199931689826,0.0072709934278173405,207957,0.005933530150420412,0.005090366347816511
64,924,5,2.5421060937750135,0.009156751734078927,397950,0.011454770208731847,0.003515048254542963
64,925,6,2.5518922009841627,0.006145003637632707,293621,0.008264924581201524,0.002894955001376376
64,926,6,2.5091434323021287,0.007966386518516999,298247,0.008557607798465032,0.0012580200714414902
64,927,6,2.562291858421685,0.006860361035908924,291448,0.008244984980699898,0.0017124461650855627
64,928,5,2.526579300839412,0.0075821228179826505,451223,0.012289901269349719,0.004815535272411631
64,929,5,2.5598350464019335,0.0074912406876043725,382863,0.011077917227837604,0.005872446548398802
64,930,5,2.5489263181912056,0.010458537125634715,408956,0.011528406329105111,0.004891721393531112
64,931,5,2.5159947474195157,0.009852089171798695,404430,0.011766421392024995,0.006871854174929137
64,932,7,2.488437374384829,0.008070460579709615,228857,0.006377204052862994,0.0073417949691022555
64,933,4,2.5884302308113423,0.009389832618058258,638026,0.017761582794304252,0.007890394779938581
64,934,6,2.53772458029827,0.009685320450561807,290839,0.008247185713343467,0.002171281548591253
64,935,5,2.5951106492896385,0.006894386664854535,426904,0.011599644454801033,0.004182744875606714
64,936,5,2.537955392175184,0.010806537747833744,394287,0.011316681792428623,0.004238090133518058
64,937,5,2.5529578013567593,0.009386048572269101,413964,0.01141721688969455,0.0046946632870318306
64,938,6,2.561900324606697,0.006719847950473978,313417,0.008665212460784368,0.0024876507683553872
64,939,5,2.5341429879213426,0.008494464227322918,423731,0.011877239976218106,0.00359334309005066
64,940,5,2.549382676717499,0.009886227437304607,397252,0.011410112149133279,0.0064647674080497985
64,941,6,2.5327078150379037,0.00756738059183748,295255,0.008174211153532618,0.001987740410162697
64,942,5,2.6223034717056386,0.008547899495180311,392284,0.01120428274113918,0.0033760235192455967
64,943,5,2.4892352178619355,0.011321257971799892,406664,0.011658904174704434,0.005009406448450493
64,944,6,2.5397952775322863,0.00628271764479027,304331,0.008773310542922949,0.0037913175297724644
64,945,5,2.575574491898872,0.0082732709401378,399862,0.011469499876545589,0.0032343123133310447
64,946,5,2.5746548069503894,0.007363945624536017,418369,0.01159539162110459,0.004557291902341776
64,947,5,2.5848932496183212,0.004526110812561435,419622,0.01175005087874908,0.005947451535428971
64,948,6,2.540223416808156,0.006722400585997934,294549,0.0084724209178584,0.005309100975307013
64,949,6,2.5649815896003143,0.011103644121182255,292949,0.008092395779420676,0.008596231394924492
64,950,6,2.5397488895975027,0.007572569484737279,295657,0.008288986506499894,0.0029500835064698583
64,951,6,2.5791977374812465,0.007458317915534751,294190,0.008165705165222784,0.0017563204376430663
64,952,5,2.5301803177045423,0.010643668789758975,397160,0.011414393557173205,0.006957726040111689
64,953,5,2.5308622766444495,0.00593438584741196,414187,0.011860032449173856,0.005866891736303503
64,954,6,2.5217115973005995,0.00993102348757302,298408,0.008446758119808844,0.004412748310156589
64,955,5,2.543400826360631,0.009016876817083963,411816,0.011584606226177302,0.003693304126838437
64,956,5,2.5879960402186954,0.006390183555413098,418399,0.011397849620542504,0.0019916140752794242
64,957,6,2.546326683645939,0.007600644339459728,314454,0.008625846245238426,0.003772452815702154
64,958,6,2.533331777806223,0.006673242887745623,292478,0.008350491672534578,0.003912892040853433
64,959,5,2.5808064879301083,0.005260063645307955,432381,0.01176798981898953,0.004481324488795457
64,960,5,2.558142716291379,0.009484623564217753,399094,0.011559593991759284,0.004749320798859591
64,961,5,2.59464283078558,0.0054652283117405664,421938,0.011496428540192147,0.004184125095643587
64,962,6,2.5445095463017235,0.006610299245297657,292059,0.008263220490729351,0.002082328447234716
64,963,5,2.5710636228757813,0.006747155551557249,438872,0.011990115078024867,0.008112457622162172
64,964,5,2.5050361038118925,0.0089246748814239,426807,0.012119279353127321,0.009284234034646677
64,965,6,2.557234057791643,0.008013299718303446,285219,0.008083356412253643,0.004474762106216668
64,966,4,2.5697424573100163,0.01094269026525424,613669,0.017533455105144615,0.00637653996540255
64,967,5,2.532222409014412,0.007504031050172499,409554,0.011699633811180124,0.0008976971061451788
64,968,5,2.5723342170923336,0.008195563247790472,417995,0.011434923319167902,0.0025677864404533013
64,969,6,2.5332747786654877,0.0071259457370397294,287189,0.008258463934162567,0.0027040076365763
64,970,6,2.5323994286052067,0.007456500264697463,299863,0.008366797444583636,0.0026475585533966006
64,971,6,2.4917366910882413,0.008591935884852409,278789,0.008055106499037177,0.005595142680831833
64,972,5,2.539852716379256,0.008321761168948338,403412,0.01156769489538028,0.007057282319715585
64,973,5,2.5637080351018082,0.006004546269100519,407194,0.011518177249878685,0.0019160538987467168
64,974,6,2.52095063259416,0.011152162413841149,302921,0.008417388613560471,0.009080769121945276
64,975,5,2.5668959851453663,0.006654691424651249,404234,0.011474540669510667,0.0023247371266723604
64,976,7,2.541607228351014,0.00898493734607364,220089,0.0061633940003851685,0.007228295250685579
64,977,5,2.5630106249434252,0.006743341790194202,412351,0.011666430141580069,0.004877845685829163
64,978,6,2.473585345238554,0.011300987756048042,301729,0.008725614728000406,0.003990890432787109
64,979,6,2.497505181455564,0.006548954732786161,295057,0.008410589389175091,0.002495596830369373
64,980,6,2.4765778268489167,0.011299908534922798,288021,0.008240218500928587,0.009267439721988402
64,981,5,2.5631526936025963,0.005490699423662648,418688,0.011577018106013021,0.006174281978232776
64,982,5,2.5134291512198406,0.009900074470804654,386942,0.01116682437721265,0.003312726380474723
64,983,5,2.536197206313441,0.008511038959440054,424839,0.011916642992647365,0.005386471687021888
64,984,5,2.5996692381813924,0.0048043344959877166,410440,0.011604648916677014,0.005889840530781565
64,985,6,2.512809456531197,0.006707624893394604,295861,0.00847253916896659,0.0033899968059991625
64,986,4,2.5835491600561427,0.009225175139817465,606453,0.01751083568732527,0.005741994026014052
64,987,6,2.4769752613025675,0.010578419699307284,299535,0.008425246153691668,0.006821395900781568
64,988,5,2.564663904971868,0.0073349976889443,421425,0.01173697348425729,0.005225744894200662
64,989,5,2.5714173283350124,0.006560329479697424,406998,0.011453820291378177,0.004405820059336207
64,990,6,2.533044500310511,0.008967239188490295,292357,0.008161490634679936,0.005383617213022496
64,991,5,2.541649569286254,0.007224181383472694,400568,0.011544302986135326,0.0023510774666929135
64,992,5,2.548952103467656,0.008838168330915053,406632,0.011458602827189152,0.008061607779901614
64,993,6,2.5317537323545327,0.01026964305628375,298131,0.008295527589527776,0.002824689539831726
64,994,5,2.538081263935019,0.00749019369507592,403497,0.011554333749254261,0.003146424920546398
64,995,6,2.5572068850305576,0.006323586735680564,293458,0.008085365465914027,0.003165535723926749
64,996,1,3.650244247619673,0.011513200071186391,33922928,1.0,0.006718881674768418
64,997,6,2.5257898620777883,0.006938301111549694,303021,0.008310229479721895,0.0029284932817624787
64,998,5,2.5237762957956966,0.009814393381563147,391378,0.011497194544465477,0.003379139834205902
128,0,7,2.657427418795846,0.0037318859460899745,193046,0.004992501394593194,0.0016773987456570882
128,1,6,2.6733952840979978,0.00522863091303738,255371,0.0065786777226421065,0.0020814096262358195
128,2,6,2.6633774615439902,0.003321570467472945,271315,0.006912749843044921,0.0017894465819214278
128,3,6,2.5895529514498308,0.007108087153603865,265909,0.006668007244335276,0.0022798820032614575
128,4,6,2.6525908296524827,0.0038765787064887203,262223,0.006727851908080563,0.002388698689996749
128,5,6,2.6194225383611904,0.00474814517592359,263089,0.006675285951926696,0.0019106168749064567
128,6,7,2.636450086796708,0.0054974567723447,194810,0.004921178041254432,0.0012436135644415536
128,7,6,2.6826708572537914,0.005190247138390114,252662,0.006459933389527269,0.0010396188937672468
128,8,6,2.6535167714297843,0.0049901818683105725,271958,0.006729934688022694,0.0018320926826923545
128,9,7,2.619337229320872,0.00706214950066697,188176,0.004748542570448453,0.00377717810341216
128,10,7,2.62551748444214,0.004780857007872008,208354,0.005189563376926904,0.002528933323925703
128,11,6,2.6592088573434705,0.004146252773536557,264834,0.00663586596930865,0.0017629040761919512
128,12,6,2.6767890496980065,0.003848249087971767,260356,0.0066191179109380905,0.0016156163550429536
128,13,6,2.6420221598675013,0.004760573738796903,269301,0.006811447367499187,0.0014397405199451652
128,14,6,2.6323859064831043,0.004451020078747092,261224,0.006620648768023643,0.0017278363103073735
128,15,6,2.6327719119643582,0.004454799389196462,275235,0.006889329240377329,0.002440868426025089
128,16,6,2.650342942788325,0.004150352790844275,271322,0.006738543436772391,0.0018014646174271398
128,17,6,2.672828582913088,0.004456943502791355,252752,0.00653546200243937,0.0018005786996058148
128,18,7,2.6166700845905635,0.005555039809915896,195707,0.004913107015316923,0.0030277649338085744
128,19,6,2.64667904355387,0.005191580445612853,256761,0.006544713106471051,0.002413512490216374
128,20,6,2.631463768009144,0.0053682425034128345,257782,0.006508543956745913,0.0015945916938693294
128,21,6,2.6314206815643417,0.004219907995514527,237194,0.006359692386874914,0.0027346918436185197
128,22,6,2.617642016700303,0.005581959609872511,275799,0.006816923105100453,0.001748008163654613
128,23,6,2.6202739457392097,0.004215091576078023,253142,0.006520372344989315,0.0018185991644836808
128,24,7,2.6463451826980475,0.004598043088941739,209319,0.0051681841881301115,0.0014490763320059719
128,25,6,2.6110834957236233,0.007167820108510636,266909,0.006653066187376232,0.002806038675504885
128,26,7,2.640680861816607,0.0038508784654464057,200062,0.005027153544359098,0.0017701233475851952
128,27,7,2.6528790751560547,0.003401892023816133,188958,0.0048806915798267955,0.002128081287254724
128,28,7,2.6337533281032157,0.004425174335451754,203578,0.005063813179823847,0.0015403750492642976
128,29,6,2.6291191235391675,0.006157863445574535,248794,0.006276246151228789,0.0016147365981884487
128,30,6,2.6374681266851705,0.00370661206195122,264137,0.006771885296691755,0.002723293551795347
128,31,6,2.6479411334887764,0.0042727702511849985,262826,0.0067427073725134816,0.0021535039581318527
128,32,6,2.6656787147431045,0.003725883251611467,267297,0.006710857055859988,0.0017028663855209736
128,33,7,2.622748278534302,0.005126960809943681,205628,0.0050675328076221085,0.0019564159262687175
128,34,6,2.6635018300829856,0.005340382897061735,259628,0.006571372468402473,0.0014113028924289672
128,35,6,2.611622354400039,0.006299870684758679,261106,0.006699231212250501,0.0017406939267009536
128,36,7,2.6436188527798397,0.006023617943264226,194832,0.0049549805359487735,0.0018212462542372132
128,37,6,2.6455456833691566,0.004524461202968039,251886,0.006486649686614828,0.0006530197236803703
128,38,7,2.621682062501393,0.005757213958297869,191116,0.004868604908900642,0.0015282848529110382
128,39,6,2.6217597750182784,0.005064813483829589,253785,0.006506485205844492,0.0012550754757119087
128,40,7,2.64493797975856,0.005298885815073318,182775,0.004747676359519951,0.002062483114171898
128,41,6,2.6326372975929653,0.0047678469050929095,264417,0.006751373940100524,0.0008843436899337587
128,42,7,2.625509332225143,0.004385251537771029,208980,0.005157675225648291,0.0017900590948110584
128,43,6,2.65544338574091,0.006005749777341807,262878,0.006563242873841418,0.00164214886841052
128,44,6,2.682072727294653,0.0049654368566330875,256988,0.0066950506650123994,0.0022447512746239795
128,45,6,2.6461256636722212,0.005449183317403072,254403,0.006420172144892391,0.0021629360222068517
128,46,6,2.6436465081221456,0.0046667995072278146,269206,0.006839567172770654,0.0022699254942030733
128,47,7,2.642303559807767,0.004380520205432226,200445,0.0050973440255196525,0.0014680716145489825
128,48,7,2.6198396659780636,0.005511007112153021,207979,0.005229384990391041,0.0010762395203627317
128,49,6,2.647936716246672,0.004810665341244524,263944,0.006772198363546184,0.000991103803639204
128,50,6,2.626872698224033,0.0076338974521562575,257556,0.006584091564161443,0.0031379171209779955
128,51,6,2.6487999452745172,0.0037042211279800785,244144,0.006421502417045577,0.001904226052222402
128,52,6,2.6567928630566846,0.005075429864574099,253694,0.006654262569089771,0.0014090103502741869
128,53,6,2.650453266573005,0.0055377460962573455,265032,0.006703765462707839,0.003442272163867055
128,54,7,2.6362017897218353,0.0050307015181138,195902,0.004972369113745298,0.0008900656654451389
128,55,7,2.640666531904684,0.00421142127910612,211836,0.005205505997932945,0.001242726716189968
128,56,6,2.6317563531938344,0.003306733974038356,255241,0.006582692023703582,0.0034649464322278334
128,57,6,2.6320000062429734,0.006049504327741262,267878,0.00671801096437331,0.0015073153686790963
128,58,6,2.658469587898414,0.004638866492432281,224300,0.0061095817635821205,0.0014798730893796908
128,59,7,2.6305048967078206,0.005290876700085323,191341,0.004848853604614977,0.0022152847120024133
128,60,6,2.644190704794129,0.005020946654894387,250891,0.006486794259169887,0.0007747650963021435
128,61,7,2.6310601760223755,0.0054503232027145465,206134,0.005104366710517525,0.0016909561056171474
128,62,7,2.6155146938530303,0.00678078961077222,206001,0.004996697465820754,0.0036371092875290834
128,63,6,2.6265859964154066,0.004961769467864752,275350,0.006839590865535755,0.0011141455418579582
128,64,6,2.6782451449616373,0.0036380637789105164,251590,0.006500123742369189,0.0020063123466494415
128,65,6,2.6880185769048497,0.00450230036614041,253068,0.00645719424565982,0.0024881453713549995
128,66,6,2.6542762838521927,0.003706762119872864,251129,0.006514876589124635,0.0016759734307587593
128,67,7,2.6302268770625212,0.005977020556482748,186327,0.004734359484308584,0.003073740039453904
128,68,7,2.6208165854362284,0.006335051801787617,202603,0.005069433191714917,0.002349099018025602
128,69,7,2.6433077189032432,0.004588585536319134,201128,0.004999397844095436,0.0017990801149589397
128,70,6,2.645966735737397,0.003217655702959843,272705,0.006930781795134624,0.0036796134850295426
128,71,7,2.610427542019089,0.006622947979396665,195156,0.004842408337132619,0.0020418714998905463
128,72,6,2.6594940391229653,0.0043366286197843995,264296,0.0066781705770562385,0.0018234107097956365
128,73,6,2.6353196382772524,0.006084353766028672,268429,0.006691123187344594,0.0017820975506749326
128,74,6,2.6309832582831674,0.003992722202528137,268211,0.006696391566947288,0.0025770855308402396
128,75,6,2.6937646155905086,0.002678610974419071,264486,0.006711535082657501,0.00354650499462128
128,76,6,2.658579012542742,0.003756815848374173,256765,0.006572725823170138,0.0016778651924386212
128,77,6,2.6584654596563273,0.00403926744800398,260154,0.006641670982473764,0.0023409192787039457
128,78,6,2.6182818391358342,0.005902552841090092,276860,0.006789166749816753,0.0031101349105284726
128,79,6,2.643418623361701,0.004059544836673035,247502,0.006446472402900696,0.001963330260598195
128,80,7,2.677348708082366,0.003496852944694706,187502,0.004828109048902532,0.0028465385258376052
128,81,7,2.643247404380751,0.004713633725396793,204470,0.005193750886655093,0.0009321938667226082
128,82,6,2.6377396243789595,0.005269185798820519,268805,0.006709818885936673,0.0008176905580585814
128,83,7,2.683577966017043,0.002623284778102253,183660,0.004785244126787656,0.003581709105179187
128,84,6,2.672028974866499,0.0031053610037324875,253014,0.0065546418596785306,0.0029267049071245443
128,85,7,2.6550986131057557,0.004771819920590836,186553,0.004787835566889222,0.002241998453410332
128,86,7,2.6216794106713235,0.0042352627608821525,198085,0.004972334931018753,0.0011997099833259695
128,87,6,2.6247511215773196,0.003909764496219936,277481,0.00692564737335387,0.002093774217654887
128,88,7,2.6146050725189602,0.00514588077680711,205641,0.0050627119341750204,0.0018908634262954083
128,89,7,2.61551985541637,0.004438212364264449,203767,0.005156922368612328,0.0013760693875530805
128,90,7,2.608982770464611,0.006001536216071357,200332,0.0049967546236853785,0.0027434420625946643
128,91,6,2.636437563511012,0.003445187281672646,274592,0.0068866245741034055,0.0017797325692470167
128,92,7,2.6319487474958874,0.005213093038118344,195063,0.004980254307696703,0.0007460562714998176
128,93,6,2.6436563786669693,0.0047766370520605506,257963,0.0065526792477695025,0.002005682625705746
128,94,6,2.651757662168775,0.004467514184577137,234189,0.006219186757725644,0.003716424171680499
128,95,7,2.5828704851884874,0.0060428043005226195,207722,0.005124520302447401,0.002177183375582703
128,96,6,2.64821478846423,0.005351515148424357,258451,0.00665809803207014,0.0011252487006577772
128,97,6,2.687898498689102,0.003765627606839267,254272,0.006543662966357776,0.0013798074247932668
128,98,6,2.6409127732771287,0.00425112966416219,281793,0.007025416759296187,0.0023252188993321266
128,99,7,2.6117636343640727,0.005750064508086239,196806,0.004966476046946909,0.0024319670673179083
128,100,6,2.643743785649791,0.005287329419519815,238701,0.006331275787838697,0.000803281179425519
128,101,7,2.6252944125496556,0.0052044706116000095,208531,0.0050826851882567305,0.0015751818188277922
128,102,6,2.652577457069032,0.004363346780251076,258506,0.0066237534276487806,0.0017579182951799055
128,103,6,2.6295699531644883,0.005975426690233793,268203,0.006753934651754455,0.0026161947258184215
128,104,7,2.6285072304476067,0.004361801811559873,193642,0.004891305226418312,0.0017922387752049018
128,105,6,2.6370832111191067,0.004907367161673171,255104,0.006557799813741869,0.0022037886469997714
128,106,6,2.635357470078448,0.004619177916874606,267303,0.006803527257136465,0.002066418433493533
128,107,6,2.6358527986806277,0.0061325921035215725,270153,0.0066934175757208765,0.0021870457078148053
128,108,7,2.6365473866404128,0.004980188215022996,206606,0.005132588473778216,0.0010485954421725063
128,109,6,2.658892024077512,0.0036002330006285055,265494,0.006680559020675854,0.0024679687120183758
128,110,6,2.6346279378365525,0.004700426665967816,273363,0.006831521718757614,0.0007374622188061064
128,111,7,2.633388647459987,0.0043117325251864624,195832,0.00488118402660992,0.0010596865372910491
128,112,6,2.6110663686673217,0.005821994395860924,265079,0.006642492526791838,0.0023712770462518407
128,113,6,2.6213966415476277,0.005488152726526363,260281,0.0066223913620818515,0.001131549445366642
128,114,7,2.6527733820463393,0.003703469415988203,186504,0.004856105737208348,0.0024325974494023295
128,115,6,2.649455717450571,0.005803997982990139,249977,0.006529960766737039,0.0014339619627212752
128,116,6,2.6453532596985356,0.005250329154013356,240386,0.0063890022813840605,0.0014120061010464147
128,117,6,2.6383842832145774,0.00511967154998344,269269,0.006740428915859049,0.0017330514557724053
128,118,6,2.647058532446434,0.003740167216247481,257865,0.006623879689291455,0.002327388314419254
128,119,6,2.628336017252982,0.005673596855652607,268759,0.006671199372474012,0.0011212532318921609
128,120,6,2.6374862341858614,0.006835847773739467,266710,0.006722370944516936,0.003616729626503834
128,121,7,2.6395532907328296,0.004588311960615488,198151,0.004986267011728527,0.0010766343096601516
128,122,6,2.6398737278731987,0.0065450190177550605,256028,0.00655036318942932,0.0027882237689289546
128,123,6,2.6134715837727596,0.006411303758518894,235673,0.006265691946166622,0.002347118689208172
128,124,6,2.6191081584971174,0.005828567246739191,264697,0.00665017561863225,0.002513173194672258
128,125,7,2.637340004602894,0.00584259030868528,202980,0.0050880186110486255,0.0028378044991068663
128,126,6,2.6438622737995883,0.004052322363771399,266501,0.006731620370973786,0.002088098854021614
128,127,7,2.6466422361588386,0.003347242807405615,198722,0.004944440789673389,0.0011953798375738955
128,128,6,2.689323883123802,0.005737893418979789,260170,0.006784171355073103,0.004133930852434964
128,129,6,2.639529509936969,0.003861799557555834,254345,0.006648861779275094,0.0035647611159226322
128,130,7,2.608703120058499,0.004551737906225983,221472,0.005272927671475502,0.002043346881607122
128,131,6,2.6348511633799636,0.004564860903735646,265447,0.0067093912318172055,0.0022023594137348113
128,132,7,2.640478909919156,0.004599119419470443,198156,0.005040108023680236,0.0024107435202023186
128,133,7,2.643129793148326,0.0046657413923733015,208209,0.005146379750024297,0.0013053638236107945
128,134,6,2.647183412046876,0.0048902713177694235,259723,0.0066538440146595,0.0019785584725073857
128,135,6,2.6361359746661504,0.004447593947925155,268268,0.006701894406615736,0.0022055519073913565
128,136,7,2.6391865377035204,0.005090304609679963,187223,0.004798617019828746,0.002233132235997748
128,137,6,2.63658812777388,0.006798382215319698,250645,0.006525581126762925,0.002419153074233571
128,138,6,2.6429014121060797,0.006261752189933301,254684,0.006424362754365694,0.0027168979415918004
128,139,6,2.6399231164133634,0.004712712736473446,247579,0.006486961882355309,0.0029673962242409146
128,140,7,2.6193969284645786,0.005727337374818453,194026,0.0049354583247366544,0.00167746310224548
128,141,6,2.64859005950418,0.0038864056672901492,264705,0.006762949974226161,0.0031852648737913936
128,142,6,2.6672542930720313,0.003575424969040286,271867,0.006849449322081707,0.0025089420929385042
128,143,6,2.6210080106901743,0.006557877618842967,249215,0.006558843868592261,0.0029803071412509707
128,144,6,2.6367061805641145,0.005118141538697163,279187,0.006920670230696858,0.0012695316623533293
128,145,7,2.6159599496233206,0.00544604004879734,201602,0.005102508143874015,0.001953331539518821
128,146,6,2.6299340632618224,0.005755358118268106,270356,0.006754169211030364,0.0018668739132555734
128,147,6,2.6167618591817576,0.004028610821384504,271020,0.006885359351126905,0.0027668841508667885
128,148,7,2.6428647643579,0.004799159223363825,195503,0.0049111856477813505,0.0011127048046056798
128,149,7,2.6183243654393458,0.006292733096361247,190960,0.004880775879786306,0.001708901169432231
128,150,7,2.6643168859375654,0.003943970153462706,191095,0.0048841864180435715,0.002352884805840061
128,151,6,2.639542111579827,0.0048050215039260324,264179,0.006692557929998032,0.0016509700100070246
128,152,7,2.602587495333694,0.004284871829309034,200801,0.005061691452068277,0.0018830183280340584
128,153,6,2.6003240876053573,0.005836232863479812,275305,0.006706621456462686,0.0016282480196478932
128,154,7,2.6372625168728763,0.004569739682990792,192841,0.004922341179318321,0.0013297663311840902
128,155,7,2.628705271886758,0.004706622184391218,193274,0.0048751703985235,0.0013059056899689114
128,156,6,2.656023815158825,0.005212350165475277,267040,0.006620117601292212,0.002214404455561869
128,157,7,2.6371493773550334,0.004925626816610684,197611,0.004987989861616733,0.0014283509317187804
128,158,6,2.6383171056653745,0.004588012713793277,260850,0.006741296884931605,0.0031396508393124467
128,159,6,2.6551685747309426,0.004508259563846706,262637,0.006582408832759216,0.002996756186128713
128,160,7,2.5906125939263553,0.00566862480524577,181912,0.004730686568740026,0.002915335164188404
128,161,6,2.6598491493305962,0.002882487322857119,276314,0.0070275073679541555,0.003985208215907421
128,162,6,2.6635237653082005,0.0036226548462507946,267758,0.006819316832089903,0.0028677390502049593
128,163,7,2.6093463482937373,0.005931521353857883,191276,0.0048660704893339676,0.0024049453312599
128,164,6,2.652850773768057,0.005760597277343238,252848,0.006536886532195758,0.001201420519285512
128,165,6,2.644765204213538,0.005830817915791431,259527,0.006549709686245014,0.0033433637805643235
128,166,6,2.6478523685754483,0.005066932782761352,273692,0.006848490179060598,0.0018960799841172271
128,167,7,2.6619037856931764,0.004208996972162704,191786,0.004889071663217385,0.0017149309916937305
128,168,7,2.61920963126136,0.0051932728620075475,195205,0.004991013210326418,0.002472850033057472
128,169,6,2.64937567638352,0.004046270048277234,255203,0.006506956254772594,0.001309827626409632
128,170,7,2.639490404675344,0.0045576660656760914,196571,0.004965737294306109,0.0008520092185852479
128,171,6,2.6148446444993407,0.006866265397883514,266225,0.0067290864366286755,0.002952363190213081
128,172,7,2.6731173838240068,0.0037290544124540803,200875,0.005016258420852632,0.002942573647074953
128,173,6,2.648704399192059,0.0031852827920498816,271844,0.006872248464529858,0.002444496563695886
128,174,6,2.649856059072577,0.006269286394348539,246706,0.006430933377098416,0.0030774711308096947
128,175,6,2.655543095113815,0.004225821109739791,279819,0.0068728340867065816,0.0016773709380897284
128,176,7,2.6095512038371074,0.006241154118949099,206849,0.0050939517889424584,0.0038399184251015073
128,177,6,2.6872092928429376,0.0037888000644961117,250538,0.0064313066204456345,0.00201099687202988
128,178,7,2.6352798792573062,0.0037202822393384016,200891,0.005160507713956041,0.0021679404867041008
128,179,6,2.6666721654115997,0.0034911381441866673,254167,0.006530960257004812,0.0018424831391578023
128,180,6,2.643736195865452,0.003955305614800286,253534,0.0065512566700161885,0.0028817471186828314
128,181,7,2.643537659936086,0.004397033412271267,195054,0.0050026823624990105,0.001965201826274132
128,182,6,2.648100177422227,0.004506505694880869,263165,0.006716569863224589,0.0012926163309371907
128,183,7,2.618123509162728,0.006000533483968007,200676,0.005030964060029813,0.003046460712459509
128,184,6,2.6534411053613445,0.0026302918162421918,263738,0.006732523227368509,0.0039729162168575805
128,185,6,2.633792659080548,0.0065800141298824055,258636,0.006572770454157152,0.0026386906100871466
128,186,6,2.6133939752564777,0.006646003549162421,256470,0.006452502554320011,0.0021410854210679453
128,187,7,2.6481065298297146,0.0051460224719352965,197989,0.004947637838977627,0.0015965878366120956
128,188,7,2.6298742115130542,0.004898828960281376,201472,0.005008318070755469,0.0020154105184891913
128,189,6,2.629518318699231,0.0057980227585267,268052,0.00681332710899051,0.001487059893427567
128,190,7,2.6085061209265263,0.005891616402988964,189587,0.004820391859132186,0.002258961862687703
128,191,6,2.6730147238063235,0.004719042508578741,266770,0.006725919910800441,0.0023246931974993945
128,192,6,2.6348231576048833,0.005089898855137748,271163,0.006712475330081877,0.001569988949684964
128,193,7,2.610129177688589,0.004163510685386673,197575,0.005030785760738707,0.00192311938491313
128,194,7,2.6244205703637724,0.005714108681024732,201529,0.0050497957231854275,0.0018771075830685824
128,195,6,2.6366158599238023,0.004954599647452151,270960,0.006730329583464731,0.0007488326496866149
128,196,6,2.6426734307707407,0.005541915587944923,265731,0.006677497005214298,0.0017059293122404506
128,197,6,2.6431827261827663,0.003624251121040367,269766,0.006785427280870675,0.0015916178521686586
128,198,6,2.6289753690246274,0.005478649204374159,287415,0.006983799669591667,0.0018520249246712917
128,199,6,2.647008582582249,0.005288151779930472,261929,0.006577939526221802,0.0007303770941964327
128,200,6,2.6330999310808294,0.004892629089716993,262265,0.006614556776524072,0.0015950958791768333
128,201,6,2.650763686219276,0.005478281412247821,251764,0.00649704092048828,0.0012963420228107592
128,202,6,2.6448888794172296,0.004066398260662657,253010,0.006490232355500046,0.0034125717481817697
128,203,7,2.6404575153139254,0.004443560441122374,198563,0.005035814457387777,0.0016637848114449127
128,204,7,2.605964296347207,0.0048802037495274675,209791,0.005188961492395496,0.0009845568484374567
128,205,7,2.613331761846776,0.006300853584442656,190541,0.004911822499307982,0.0016813564564587269
128,206,6,2.609691835351095,0.007697701760526643,246362,0.00634851459338643,0.0036010219962515633
128,207,6,2.640503033683573,0.0050648754592765854,280688,0.006912278183833679,0.0008635092451079185
128,208,6,2.648921632673901,0.004930600977781752,279732,0.006969381257757906,0.0017687871781081332
128,209,7,2.646285859024648,0.004932058740577672,186420,0.004820966720976892,0.0013075176893234675
128,210,7,2.6280353942101815,0.005457505264684914,219008,0.005378826093701966,0.0021709206747786425
128,211,7,2.635170626088065,0.004845253890186085,189745,0.004850685448674791,0.002744035744203066
128,212,6,2.628137183561709,0.00467818541402365,286548,0.006985552859234411,0.0011204872879314598
128,213,6,2.6492748006505757,0.004292419028309125,261985,0.006697240210937311,0.0022814043509251924
128,214,7,2.620267713297814,0.005886892431955393,199850,0.004945036360059319,0.0017437287989383599
128,215,7,2.621487728445281,0.0048471591657769375,214089,0.005236019019196046,0.0023054203756370795
128,216,6,2.6950724512458435,0.004337878222083202,250136,0.006511954042061898,0.0011134929591985476
128,217,7,2.6013813377714015,0.006032926215145729,202067,0.005038884044796486,0.003103915158511661
128,218,6,2.6396592839866506,0.0048322661625753716,257314,0.006540548968507585,0.002043347626937031
128,219,7,2.620912382940175,0.005621403493713761,203370,0.005061315030537745,0.0031817077365305924
128,220,7,2.6482621156939197,0.0039335423927713276,209498,0.005133280970917297,0.0011180911350109346
128,221,7,2.621372577022147,0.004293155268688342,184531,0.004779909083529087,0.0019911068434358414
128,222,6,2.6360247336423996,0.0051779351713865385,259946,0.006625138130967144,0.0010660204957404495
128,223,7,2.633984899409055,0.003414392798994359,199961,0.005148027049611095,0.002271540468886113
128,224,6,2.6433565129202847,0.004651782185051467,253962,0.006518749007602974,0.0019934198849277385
128,225,6,2.6267581870908034,0.005173175668017227,249373,0.0065825973919427785,0.0022216302594738613
128,226,7,2.6327633422202257,0.00397747773593049,200866,0.0051042702707372895,0.002359848340817261
128,227,6,2.6592101516894786,0.0036026836966170928,256508,0.006597934368213857,0.0026999097490231216
128,228,6,2.6397149048008752,0.004170643177964228,248745,0.006529890515095468,0.0027728405204223705
128,229,6,2.640192337348397,0.004014900049034514,245134,0.006312970941286645,0.0014967789077103832
128,230,6,2.654125231631197,0.003967784220076376,272401,0.00684271074749533,0.0013887195381137307
128,231,6,2.6312427111813146,0.0038418484874119807,284119,0.006947527375058568,0.0013702396139779194
128,232,6,2.685644070931189,0.004586953789821657,260487,0.006628547435921904,0.00322435369163232
128,233,7,2.6550134643031447,0.0054950784208596115,202992,0.004986936291540022,0.0019429827600125904
128,234,6,2.644436361592684,0.004904758667961695,258953,0.006628426587436022,0.0022980986568396644
128,235,6,2.6743405407015794,0.0032874087339947178,265809,0.006774033932632398,0.002545039780987357
128,236,6,2.662189158216207,0.004493270070180078,271435,0.006854477351120959,0.00319181462906859
128,237,7,2.644392410424275,0.004807379413050761,196143,0.005081038395628768,0.0006567903145545673
128,238,6,2.667766459346128,0.005067922074493025,262342,0.006615459323443439,0.0015178715337622606
128,239,6,2.6344859485104966,0.005033517153466449,241281,0.006430648865719317,0.0022859333647549107
128,240,6,2.6465027406088972,0.006023440594305568,257628,0.0065577001916238865,0.0015276713199360303
128,241,6,2.634181777401799,0.006534920172655251,257948,0.006639798206228969,0.0026566154715077506
128,242,7,2.6171787777213162,0.006164587820359224,197715,0.004964639981679684,0.0022604593086953395
128,243,6,2.6304125633856232,0.005020630693306383,262431,0.006640581172502071,0.0014809261634570747
128,244,6,2.6427117924124985,0.0044498617056757395,266864,0.006701922849934529,0.0022447708960439128
128,245,6,2.6268652450793706,0.005851296046130966,263235,0.006633458424934456,0.0019777386095377603
128,246,6,2.597827945740996,0.00816760518551779,250839,0.006500794331608178,0.0037117452549565444
128,247,6,2.6470458129283965,0.005045631644801818,250757,0.006387899956076931,0.00143531023024418
128,248,7,2.639023866702016,0.005581820195811216,199941,0.00505815150153034,0.0020702376106469522
128,249,7,2.649572618289515,0.003304090636412016,191772,0.004909557382813605,0.0019067116406026319
128,250,6,2.647511474723208,0.0033227371007450435,271610,0.0068633489559742225,0.0022811626002728624
128,251,7,2.631835181768037,0.004965425449269034,206610,0.005148373887814439,0.0022141964541424475
128,252,6,2.636618805318664,0.005999058074380725,277087,0.006900131658995482,0.002742532829621447
128,253,6,2.6348957464202476,0.00501561530414163,257917,0.006507804940206071,0.002135109660157619
128,254,6,2.6489522532587433,0.00474282761054301,244278,0.006391188188334484,0.0012716932055018004
128,255,7,2.617308710827361,0.005029958919260835,200240,0.004981464295757675,0.0018762925856975476
128,256,7,2.629778233635657,0.0051816129741671935,189688,0.004893898748813825,0.0013330528381234608
128,257,6,2.6826372729748393,0.004735791012962509,241523,0.0064299273085407236,0.0024252258190647913
128,258,7,2.6384429100886786,0.006335732204014843,198050,0.004934156355430066,0.004045926243479492
128,259,7,2.6402800360329706,0.004669399894381532,200953,0.005040792559795901,0.0013804169351572249
128,260,6,2.6405266540313126,0.005301256318491432,254004,0.006615457408311399,0.001048954724600648
128,261,6,2.644950346507418,0.004307938068122907,268011,0.006831508273942434,0.00115842983899897
128,262,6,2.656035024709763,0.005420837012856672,260518,0.006545139651319152,0.0015765684238705502
128,263,6,2.635259715675913,0.006089534670667307,252316,0.006414086973723917,0.0028437612431456705
128,264,7,2.641343581390169,0.0034085647794140916,202896,0.005034803111247073,0.0018936378408677124
128,265,7,2.634825929071893,0.004750783252359447,196799,0.004938477623726996,0.001790191943095154
128,266,7,2.63454743166301,0.005332592415413062,199262,0.005006650718209475,0.002544509053945432
128,267,6,2.65608840032962,0.0054892198396157,268772,0.0068327701049402155,0.0017460621289110412
128,268,6,2.641604047164786,0.0038575591765999118,275545,0.006935684137046169,0.0013116409076983915
128,269,6,2.672958019192655,0.004510198558518308,261791,0.006750092913659424,0.0013587077490273547
128,270,6,2.650280286104342,0.004035387876995089,279273,0.007014621864527599,0.00307611990124107
128,271,6,2.6544874787549877,0.005419862735376285,248190,0.006396635141565533,0.0022953215822122397
128,272,6,2.6381484387118195,0.0048134610471897155,259492,0.006609893193314413,0.0013394193940071686
128,273,7,2.634647962343421,0.0041531676796268124,201255,0.005046923055858183,0.0014690924321885124
128,274,7,2.609678854911218,0.004156106205940646,195447,0.005020057292459825,0.0008872519680218627
128,275,7,2.647862195064339,0.004150080001383949,206616,0.0051317620693993975,0.0011575493689957028
128,276,7,2.6165349965585785,0.004032692049345754,201901,0.0050164702898471865,0.0012048657185729228
128,277,6,2.640238174031811,0.0037765559859758158,249174,0.006504373446794808,0.0011106270227720927
128,278,7,2.615076099514193,0.006400249217475729,185849,0.004775412687423751,0.002496182271742642
128,279,6,2.623179762967152,0.0063051783839697395,259224,0.006578796932178858,0.002042180050843778
128,280,7,2.598338672717563,0.00789653202477969,185659,0.004810808233610748,0.0033315087454342807
128,281,7,2.6464959890471573,0.004319556495462451,199066,0.005072464672887489,0.0009011522644909453
128,282,6,2.653251144712997,0.004766574590599815,249529,0.006570816572786009,0.0007923640672375942
128,283,7,2.653246065487841,0.0035833801745907,183714,0.004771634557943956,0.0018697814171343419
128,284,7,2.635317324997765,0.004535883705923172,193778,0.004893676099595342,0.0007196692895957701
128,285,6,2.6521783077362184,0.006174820103865775,252175,0.006442752601442599,0.0020868951319952256
128,286,6,2.666259775441836,0.004565544655340981,271109,0.006854609210109502,0.0015294496624151943
128,287,7,2.629547862564481,0.004075777756976429,200304,0.005019466017665762,0.0013263750975388566
128,288,6,2.639505875056337,0.005836309787559557,257418,0.0065780622245772795,0.001478408752491167
128,289,7,2.617086109406364,0.0051805058727556474,204701,0.0050364781200048355,0.0007572440752573184
128,290,7,2.655509466037563,0.004100150025148186,181777,0.004684676725684225,0.0015739030561725542
128,291,6,2.633108701329232,0.006157873531332236,269932,0.0067227018002875005,0.002595793534257762
128,292,7,2.6381012572840556,0.00624028734244042,200296,0.005014418556292779,0.0016052634723101034
128,293,6,2.611727420017469,0.005108104282221665,267455,0.0066847372393763526,0.0014637476717398457
128,294,7,2.649833459965326,0.0044489516718680955,194689,0.004945961492078927,0.0019239714072200043
128,295,7,2.6309394524092298,0.004186876043179355,201553,0.00502283931160688,0.0013248969915695408
128,296,6,2.6760286192009075,0.004336845799159272,246254,0.006523102121352523,0.0025147033147245035
128,297,6,2.6404206044185923,0.004240392706202467,253483,0.0065540448524789826,0.0013532753648121676
128,298,7,2.6327802203988946,0.0044991785472789925,204578,0.005108306112530807,0.0012217822738372353
128,299,6,2.6596081912950083,0.004127365388340465,260322,0.006662437157195327,0.001608474130803006
128,300,6,2.6818157282212054,0.003587503998268432,258793,0.006684700865622436,0.0035804605890288332
128,301,6,2.666941755822681,0.00446712015745554,266934,0.006714626318772416,0.0024325815947914275
128,302,7,2.6518596654595226,0.0037245698762530255,213402,0.005201600849564093,0.0017081080377213675
128,303,6,2.618455843796932,0.0052998261486641995,273997,0.006883297636093956,0.0013982274271310269
128,304,6,2.6417697528518365,0.004775331764860946,245643,0.006312859588184745,0.0008342979594729849
128,305,7,2.6558461417230457,0.0043724907300595195,191261,0.004897740295951439,0.0012453174989488502
128,306,6,2.646582986762212,0.005247955133955484,268012,0.0067579752640938824,0.0010996312242448347
128,307,6,2.6730984587400486,0.0036931738555275873,252177,0.006532819050132146,0.0012612102910941614
128,308,7,2.6580962718543337,0.0034792789249404876,199310,0.005128124641396632,0.0015622661305537688
128,309,6,2.6331044600546245,0.0043778375339459386,260147,0.006599937731793298,0.0012401309992690068
128,310,7,2.6251371150164626,0.004843116079443099,196984,0.005072149331261325,0.000718788269880366
128,311,6,2.606656069173672,0.00583157527593825,253773,0.006525797811588505,0.0019361483248901967
128,312,7,2.626717931868692,0.0037362588381473216,193774,0.0049267901019456085,0.0021648498671527072
128,313,6,2.6125835117000675,0.005663939046747779,243428,0.006357779089872907,0.0018893457132067581
128,314,6,2.6538728847326234,0.004809167914713197,274916,0.006894082758684333,0.0010087051592007068
128,315,7,2.6081413376517633,0.006465271413412799,200707,0.005074527981695726,0.0024254938472651477
128,316,6,2.6436932344653026,0.004424115887517788,263869,0.006780263164217198,0.0012685992212348174
128,317,7,2.6476446587307954,0.004081745099956513,188092,0.004776361788252464,0.0022433749135768455
128,318,6,2.668380998403314,0.004613024277778988,272713,0.006892227979484127,0.003099330428585234
128,319,7,2.623835351267428,0.004964093510164469,201560,0.005084644472077504,0.0021474295077615335
128,320,7,2.600608964966929,0.005705137967175866,209533,0.005093716923403049,0.002502198852859183
128,321,7,2.650831000988671,0.004654277995423284,194830,0.004938935336096159,0.0018398162537711649
128,322,6,2.6564089881195385,0.0043405524509672055,259875,0.006702503276328033,0.0017898500135094253
128,323,6,2.64279591882471,0.006467408495711757,272721,0.006775987114739512,0.002167916317376839
128,324,7,2.613014011829836,0.0062760245541884085,194249,0.004899880979575627,0.0042134298098819856
128,325,6,2.677263255064738,0.0024967510610122146,269603,0.006757692981371734,0.0039070337321613635
128,326,6,2.626144431600758,0.004834648889888382,279991,0.006891331118404726,0.0022052542798797203
128,327,7,2.634233876112584,0.003648354030745482,200403,0.00508818512916878,0.0021086472273451617
128,328,6,2.6338598847053554,0.0047049517960355,277301,0.006916456860333495,0.0010973011960652146
128,329,7,2.627619881183296,0.004532153320670695,197004,0.004872863512256549,0.0026600410301210464
128,330,6,2.6288453793358606,0.004450333009625385,263047,0.006726044556660393,0.001719389684261996
128,331,7,2.6247341530325703,0.005258530042742904,199107,0.00502641082806841,0.0010840482906255833
128,332,7,2.6194914330043835,0.005295463793055233,205942,0.00511640846619494,0.0015145466947737996
128,333,7,2.6158433017586074,0.005943928671938381,186736,0.004805222957445718,0.00270594829848142
128,334,7,2.6584654137122548,0.005671275610316884,196391,0.0048981642689627436,0.0010424666020785733
128,335,7,2.6120603114059624,0.004826769043132728,186125,0.0047657029367663365,0.002546514817850648
128,336,7,2.6341006338846333,0.005549372118470952,200554,0.005034987759738239,0.0014289900968501579
128,337,6,2.6664438999285816,0.0038879069092505603,260576,0.0067016482403659755,0.0029102714822248354
128,338,6,2.650214148857594,0.004237109950862461,259284,0.006584716384757978,0.0006325934018532875
128,339,7,2.627994124465267,0.003857336018570301,190798,0.00487533287974546,0.002309960155522761
128,340,7,2.6197388547929106,0.004953875048303025,193715,0.004979662340771109,0.0021589005882874934
128,341,7,2.6183360546270062,0.005326239300487257,194927,0.004908423493502125,0.0019529386495224232
128,342,6,2.629778292087306,0.0050608911373781484,284140,0.006954143257455898,0.0004579618885446335
128,343,6,2.6716659357931216,0.004698381253049555,246860,0.006415352187788164,0.0008820418296134891
128,344,7,2.606767103682947,0.005676952257598344,194754,0.004971345853141623,0.001536126393204218
128,345,6,2.657322207723411,0.00606324738155728,232137,0.006177014545947641,0.0021156426386046423
128,346,6,2.6450861505766423,0.003981253972477172,247391,0.006382386284583621,0.0012326418737588218
128,347,6,2.6455198187641225,0.005356295655916304,260728,0.0066166813620565776,0.0018506019206803725
128,348,6,2.6437000114819478,0.00569229854547712,251315,0.006494585330230211,0.0020787427670621583
128,349,6,2.616563938831118,0.005513861592260194,270602,0.006963280674234096,0.001675254782850133
128,350,6,2.6449050805336976,0.0036257123189673557,272345,0.0068803396401113355,0.001684496751280018
128,351,7,2.620750723591904,0.005397101808426119,188307,0.004903882655153483,0.001614896602088134
128,352,7,2.641591856355354,0.004209383411469703,198077,0.005121236536739262,0.0020832672787751694
128,353,6,2.6630613580619533,0.00532399925320215,248695,0.0063725532023441115,0.0020702684528862703
128,354,6,2.6593316925183315,0.003952165328509172,265994,0.006667939452941886,0.0017647468456284399
128,355,7,2.6427569493054173,0.0042982918426602845,195327,0.004966390473008348,0.001979709871303803
128,356,7,2.5986909931761275,0.005835020345195785,202551,0.005019621032997966,0.002454614823164142
128,357,6,2.6676629129893126,0.004023249893791769,255824,0.006559663581854165,0.002714016976749889
128,358,7,2.647155279587987,0.004476109668995809,192594,0.00503322857567346,0.001455348101713605
128,359,7,2.6446456816860127,0.00390726177938594,195054,0.004963541809010899,0.001043171967748946
128,360,6,2.6428678350651476,0.0041688836730142675,267987,0.006810024466199688,0.0012670817111128385
128,361,6,2.6528406754659635,0.005696074479820096,256362,0.006574566688759528,0.001376602229847923
128,362,6,2.65982482953241,0.004708581446844273,254882,0.006542115565174493,0.0017313766056145097
128,363,7,2.6224112547239162,0.005289950863899384,198295,0.004982184660398771,0.0015408794489845112
128,364,7,2.6106709867682554,0.005997987014329076,201805,0.005026434454801543,0.002732838025481299
128,365,6,2.647374241534057,0.005591985822672507,258183,0.00667070311256589,0.0018964265410027492
128,366,6,2.621584963721636,0.006381214763277465,266543,0.006724518809632791,0.002614810227971054
128,367,7,2.6121016780786124,0.0059495445034264405,198345,0.005096713966615129,0.0016580137730261013
128,368,7,2.605441016532432,0.006637013525624957,206048,0.005070588668698055,0.0024711485379547704
128,369,6,2.650752958502936,0.004366048084353036,269479,0.006772480746183982,0.001636335916105458
128,370,7,2.617812677156372,0.004606257236256628,201853,0.0050499780278559,0.0015711470533330274
128,371,7,2.6650161315858143,0.005087701972990022,201103,0.005065830250364408,0.0012908417584087672
128,372,6,2.657855063004011,0.005372480331030688,255258,0.006526651683324768,0.0022947377165813965
128,373,7,2.634984881784152,0.004723399456824762,208817,0.0050916814525950255,0.0011324800542337199
128,374,6,2.6677966347303106,0.003002561524101277,277536,0.0069088658077234985,0.002584661669435828
128,375,6,2.6235900456827803,0.005829257111276354,277842,0.006880912359219872,0.0016173764377085398
128,376,7,2.622473627909885,0.004721716863110181,206931,0.005173416622280035,0.0014522956714810853
128,377,6,2.645589620777448,0.00465586338896995,267001,0.006699343785424686,0.0015275003454671143
128,378,6,2.6754590089171546,0.0031958067407572566,257303,0.006608494783253915,0.002518108086027704
128,379,6,2.647929361085571,0.004274397803098462,269876,0.00677329587268063,0.0031706576073478043
128,380,7,2.595788199488629,0.005712879634909296,205836,0.005131248745457096,0.0017979839139320442
128,381,6,2.637223476912066,0.007176406716726508,274732,0.0068246815832142425,0.0029359706377727335
128,382,6,2.6719914065963155,0.0033842385209525983,261255,0.006568301993809195,0.0029694474300557827
128,383,6,2.6184488853935717,0.00447148560324262,270885,0.006707618005333161,0.0006342004915165234
128,384,6,2.606340293091043,0.006831736589551163,270237,0.006765017183094079,0.0027996710847119077
128,385,7,2.6364775832788494,0.00576767038335535,185727,0.004757417604450799,0.00236407423570284
128,386,5,2.6723499752327817,0.0054829289729159125,374147,0.009475047516167855,0.0020149080826253885
128,387,6,2.6173212923886724,0.006568869938411104,255866,0.006435404326625153,0.002120714208936114
128,388,7,2.6171242791992926,0.005876533435694831,197717,0.004959755434090041,0.0016486590003417234
128,389,7,2.6289874055722313,0.004768951239069064,203287,0.005083149566850705,0.0014137758726631144
128,390,7,2.6653286519122092,0.0025973374150026762,217456,0.0052934707320893195,0.0024855303851659682
128,391,7,2.6168265732765534,0.005562657569913143,192184,0.004901816376189462,0.0018937603167982486
128,392,7,2.6284356066382677,0.004403390747042102,209522,0.005187775012960648,0.001611078904550256
128,393,6,2.6508445062814876,0.004663166195509549,265869,0.006693689768178225,0.0011150420668433192
128,394,6,2.6661989245386377,0.004393713498853868,252224,0.006548505345922645,0.0029557757297166143
128,395,6,2.6571551280267482,0.00435824944040708,259610,0.006598800432077689,0.0028279767017240776
128,396,7,2.6279361418874,0.005872608851899996,196045,0.004971517209318461,0.0013669580664961156
128,397,7,2.64271498214868,0.005065148866086555,189961,0.004833605852001243,0.002322008186890767
128,398,6,2.6668288148562556,0.0042397826286702245,249984,0.006475062149681574,0.0011722314577122805
128,399,6,2.629233410184624,0.005365694356419648,247480,0.0063910913537402175,0.0009027646195153283
128,400,6,2.629499929071191,0.005707240419721482,247255,0.006441047102131866,0.0015422420511186918
128,401,6,2.6549425268043563,0.003930305869126127,279577,0.00698661864995378,0.002765192094334956
128,402,6,2.6689281181380573,0.004038849352219542,244296,0.006438364785642427,0.001500803827562014
128,403,6,2.635770932198787,0.006245527818268037,257890,0.006601606958460817,0.0029470897205865487
128,404,7,2.6567857493703273,0.003112098882411929,204994,0.005146808860001195,0.0017972441614286794
128,405,6,2.63416108581928,0.005464290012747619,254107,0.0065568228261357305,0.0009218974424011206
128,406,6,2.6263771578287223,0.004966742713798489,246505,0.006442117895422373,0.0022536569108122517
128,407,7,2.622043039025227,0.006075222733197827,192218,0.004891225464480407,0.003004862554063792
128,408,6,2.632447201491116,0.005377208570989667,269160,0.0067592323565226365,0.0014250541150415685
128,409,6,2.6361117164353636,0.004665764662307947,258264,0.006629847529217367,0.0007663388511883751
128,410,6,2.640883264159801,0.004601172902960693,246441,0.006424175614831308,0.0016245044836386002
128,411,7,2.623717756229718,0.006681568804786431,187865,0.004837096084196086,0.004361006721230742
128,412,6,2.630186777974182,0.0054596406270360776,261186,0.006693247698906205,0.0017095808514274724
128,413,6,2.6666236991190164,0.003779967955475194,260718,0.006660103243632083,0.0023539227735295265
128,414,7,2.6366195579991927,0.004380481103892109,197697,0.0049127168188530315,0.0017436012464526751
128,415,6,2.664837671495117,0.004838738187168512,247865,0.0065307583528772155,0.0015608792713484032
128,416,6,2.6567213138669814,0.004418278378018448,264509,0.006699519621528773,0.0016254564156285012
128,417,7,2.623404874291218,0.005409834767544419,201336,0.0050663618770310104,0.0014598857116140396
128,418,7,2.6401112390804737,0.004988747949277728,201294,0.005020267471263536,0.0007577204237131652
128,419,6,2.6341608717512823,0.004569528340393592,266225,0.006732845860709084,0.0007347778159380036
128,420,6,2.653072613620024,0.00522274280849494,262286,0.006613702780419954,0.0007906187538250231
128,421,6,2.6787882637116325,0.0033649723893962036,271252,0.006860433557488075,0.001594253329448736
128,422,7,2.6380104419830355,0.0032308899692069515,199501,0.004984114495053897,0.001275891911577176
128,423,6,2.6501461315243118,0.005644129810304044,245054,0.006358027625432069,0.0017523476535764582
128,424,6,2.633648783564408,0.004179616760833005,278356,0.0068306988818729285,0.0023651129181567754
128,425,6,2.6698561719277825,0.0044259024571197125,248533,0.006501219987480078,0.003556988361895219
128,426,7,2.6246619194105687,0.004949024271842961,189275,0.004900707053377743,0.0011988235398907587
128,427,6,2.611097094295586,0.006477957180408778,271141,0.006741448885030774,0.0027390292021416407
128,428,6,2.6428099563698937,0.00477653487476315,260841,0.006657326605624052,0.002074384250409178
128,429,7,2.608991580094873,0.006194465893784029,197538,0.00495429544698548,0.0022617358608197913
128,430,6,2.6120009420377146,0.005753753705980635,262954,0.006746791345918856,0.002503440718571226
128,431,6,2.649656568064956,0.0054901989651618965,247182,0.006333216310613383,0.001647831093135932
128,432,6,2.639276660020306,0.0046595514649862,260653,0.00667636378240996,0.0009287155137207015
128,433,6,2.652484107489654,0.004483411075388299,264173,0.006729145946913075,0.0022107392550454186
128,434,6,2.6755165199126063,0.004858572332775646,254178,0.006580737033330797,0.0015395553340157297
128,435,6,2.630167217570222,0.005737523748135631,276700,0.006813603449165741,0.0024091049545162946
128,436,6,2.625128405962446,0.005696619899805244,257308,0.006702523488058783,0.001942821956993912
128,437,6,2.6315131341613456,0.004532598921167752,271160,0.00678061599030589,0.002286335353740565
128,438,7,2.659208287522517,0.0033555458070493316,192799,0.00496306628062666,0.002063424548957693
128,439,6,2.6371444566293625,0.005265283778911056,272939,0.006792829996574205,0.0017644514828882851
128,440,6,2.623961211423579,0.005027223003361891,266654,0.006824166877436807,0.0020132588006220864
128,441,6,2.6215961923733326,0.004681075118958544,259089,0.0066437787191835525,0.0017088240894938544
128,442,6,2.6713525602219006,0.005740694600924329,271926,0.006733363928952989,0.0016732840166776564
128,443,6,2.6544981107401866,0.005335570094017084,260960,0.006703914460764284,0.002375923688874071
128,444,6,2.6135236456647344,0.006116057730738422,259749,0.0066390396356409455,0.0016724214204971721
128,445,7,2.623615106611714,0.005304563630632697,194828,0.005012138410942612,0.0013152064759793802
128,446,7,2.6192211130844836,0.005176950238242051,187120,0.004702144335627363,0.003773682937495193
128,447,6,2.6532256542644257,0.004026831785085894,250676,0.006536036328718542,0.0011032301266561129
128,448,6,2.6248180063914153,0.005756994264047632,279152,0.006951128426624661,0.002064606990770157
128,449,7,2.620286898779431,0.004393989472258997,201989,0.005097824889516926,0.0008093800899627857
128,450,6,2.655214244788222,0.004868707875003375,276615,0.00698507257806437,0.0014952608090463837
128,451,7,2.6486798808774012,0.004336123004177628,183172,0.004718424880904671,0.0014024194142764346
128,452,6,2.6365399842375306,0.003959914125695518,284389,0.006960794111449512,0.002026654406837969
128,453,7,2.6362100924307468,0.004433413560443578,194621,0.004965857671320188,0.0013866964458877362
128,454,6,2.6203125662141136,0.005897379184654605,255633,0.006540836300701153,0.0032507098340890384
128,455,6,2.6445894353076396,0.003136043869030547,251166,0.006531743460279296,0.0025149057056365887
128,456,6,2.6317790380836446,0.004910565515546805,270885,0.0068161496586263606,0.001827406601292103
128,457,6,2.6517708742979065,0.004737925860015035,253960,0.0065415249284749314,0.002070884990622579
128,458,6,2.6466123908256107,0.005301021789265725,265911,0.006752952230997791,0.0013186423723845486
128,459,7,2.6599108938358627,0.0037520975919025368,182510,0.004740931387415348,0.001713585030257203
128,460,7,2.6406363575941736,0.00524243624428411,201643,0.005089188056657943,0.002866542876917233
128,461,6,2.632340213899915,0.0062344198261958805,250505,0.006500481519071746,0.0020338999325119067
128,462,6,2.6336262673583617,0.004191078705693907,282178,0.006899717959987025,0.0012754514741111778
128,463,7,2.639868506321441,0.003774694308388171,213318,0.0052299044089448975,0.0016067191073617648
128,464,7,2.6243298751175757,0.006350370848900333,206306,0.005048825964297102,0.002736844109634373
128,465,7,2.616233362710192,0.004787572596840484,211741,0.005222867437866819,0.0018449038762131664
128,466,7,2.6423752027320138,0.004559626815920703,184329,0.004814775247015531,0.0010232074010907422
128,467,6,2.659245751799758,0.005529194771207391,257173,0.006446154297331759,0.0023496432619509733
128,468,7,2.624142335308423,0.006192235426579651,202955,0.005067368119282233,0.0017783469751297964
128,469,6,2.6691977291859126,0.0038771156329608925,259393,0.006628861882632246,0.0017512421086384733
128,470,6,2.6387302645595367,0.007251796613806039,264277,0.00670432748094136,0.003155116849530959
128,471,6,2.621221329318273,0.006599582190917608,251813,0.00653179000481766,0.0023030596534407977
128,472,6,2.6368873501549714,0.004496451928364453,258853,0.006630679626154397,0.0013600180880648516
128,473,6,2.6617119578060398,0.0038636860553503682,257734,0.006567865231015907,0.001372301137260612
128,474,6,2.628421224557827,0.006013945562551526,271446,0.006837114363247222,0.00205855543307476
128,475,7,2.6050143009583633,0.005179662785042338,197904,0.004996337397687922,0.0009688037840164254
128,476,7,2.6437571492771332,0.0036132974339347923,187924,0.004790813255361737,0.0026564900543672165
128,477,6,2.6532151888331095,0.004085484597148525,279605,0.006928068557909664,0.0021341987124160466
128,478,6,2.6536826412304952,0.004422257435358512,270492,0.006815888045387648,0.001967596796467408
128,479,7,2.6478228296889132,0.004533625893803017,186654,0.004847355086276657,0.0016197649187339458
128,480,6,2.6697388646802915,0.004552906639701648,263234,0.006718389199613957,0.0030620901372705456
128,481,6,2.6648753726575527,0.0037750579303620357,261666,0.006661469688754892,0.001284823662169532
128,482,6,2.651625845421802,0.005036549737832435,269557,0.006790899146618646,0.0009597124689852965
128,483,7,2.6057984058666634,0.00635686242602973,203665,0.005070856925148783,0.002427682585478874
128,484,6,2.63839582179779,0.005783198905712994,272466,0.006650105471630515,0.0013638916041455174
128,485,6,2.637951492576277,0.005021879101462456,252079,0.006417055260514436,0.001210459502868244
128,486,7,2.6342645498946244,0.0045511280253272,197384,0.004999276388529869,0.0011216143646743948
128,487,6,2.6478131739373523,0.0039427375920175756,264517,0.006679034247962186,0.0018924769688851706
128,488,6,2.6564883632045704,0.004537925227322881,252122,0.0066234609152966105,0.0013173543114407549
128,489,7,2.6517738405706837,0.004335711712302737,206908,0.00510389087439862,0.0020931958214275848
128,490,6,2.650346905636597,0.00425895714355351,237622,0.006256647072044414,0.0022343331476427086
128,491,6,2.596939562068793,0.007646461992441345,270129,0.006798352463653733,0.003430811136422518
128,492,6,2.658374005962465,0.004092789356000159,258469,0.0064923892034468,0.0020500868536383887
128,493,6,2.632007368757979,0.00434771683602711,250646,0.006571115468912216,0.0029743089851778093
128,494,6,2.6783434966054,0.003377214776600912,257793,0.006583521193091058,0.0034879885254540666
128,495,6,2.662596421685442,0.003598429973306838,271133,0.0067698197369734535,0.0019860815450771785
128,496,6,2.618516841622645,0.004554378580324925,272350,0.006902456017276542,0.0009786888788634318
128,497,7,2.642295721115823,0.005528813192044346,203009,0.00502377339678515,0.001645067785220694
128,498,7,2.6209195975841952,0.005153890222250879,210483,0.005138603981213895,0.001415449657283574
128,499,7,2.6675172746085076,0.003464040546534153,185205,0.004803484808209317,0.003072710998003103
128,500,7,2.6614503745677633,0.004136844044341337,183900,0.0047433670756365605,0.0016306555732454875
128,501,6,2.645349368721859,0.0056090335465505126,265209,0.006550934131011766,0.002283529696751496
128,502,7,2.630092870507638,0.004236919931184691,192243,0.004799730236600238,0.00277110038706202
128,503,6,2.66076181305047,0.003436403616787209,266978,0.006758769536257293,0.003199855518190714
128,504,7,2.6411276049373793,0.0045670612875587935,194331,0.00491910763649751,0.0025783108556383105
128,505,6,2.6596302921011823,0.0044201993070549506,264362,0.006738054775311685,0.0010465149245496297
128,506,6,2.6301382730527654,0.005213168921424538,262612,0.006704136464861042,0.0013377130116623004
128,507,6,2.6396376905992267,0.006244921227332667,245740,0.006456455706911487,0.001695095071490571
128,508,6,2.657128442608303,0.003835075123888476,275005,0.006884783663000824,0.0012073881931935482
128,509,6,2.669356748874159,0.0050379172305902165,258089,0.006583536432142057,0.0034669752228142503
128,510,6,2.666258085696317,0.003205521026992675,269630,0.006804160695182686,0.00308640461315951
128,511,7,2.6307441078247646,0.006010770515156305,189889,0.00483888571360205,0.002692367337264967
128,512,6,2.6367535965086715,0.006784117498749187,251938,0.006460382226161176,0.0030008216363495155
128,513,7,2.64159660682258,0.005094970525080789,199743,0.005050789714537567,0.003003772736546506
128,514,6,2.6310888065132794,0.004648557660393848,252823,0.006481837111638231,0.0008731047856880281
128,515,6,2.661115293617579,0.004413870264550868,264301,0.006802611132380809,0.0013619037284615942
128,516,6,2.630483584520116,0.006712338848055888,263400,0.00674539607511165,0.002153162089998162
128,517,7,2.606596975005974,0.006092969674786786,196632,0.004903340856051815,0.0040344793858857475
128,518,6,2.656076891975591,0.005217201296198626,242911,0.006391409114278693,0.0014256101271622468
128,519,7,2.6402226397785085,0.003764426922114872,209941,0.0051564292401106585,0.0018109355172740704
128,520,7,2.6385846511123265,0.005188474245142016,200865,0.005001814936806657,0.0013196257442095183
128,521,6,2.6430941592196797,0.004782516001050063,256584,0.0065863617769643884,0.0016654118105009497
128,522,6,2.6076330916957193,0.00812456033083242,239680,0.006179494674194987,0.0037571997989482298
128,523,7,2.62277150547385,0.005260278902751714,209515,0.005142255908391048,0.002252428904241155
128,524,6,2.6440696317915044,0.003725772490644652,267082,0.006736396304160393,0.0037598864747633853
128,525,7,2.6127132851871235,0.004795215548519138,201005,0.005048632442378202,0.0010335446848144525
128,526,7,2.649533351733851,0.0035397254597890893,199047,0.004968840370508084,0.001608260749984547
128,527,6,2.6755527396049854,0.004583099838601362,255201,0.00657476645951682,0.0012433906693631869
128,528,6,2.6493175652068532,0.0034841712085014187,253765,0.006503261099763431,0.0026280813200919018
128,529,6,2.6494610843827453,0.0055164582371117765,253934,0.006612971871913443,0.0014970308195064175
128,530,6,2.60306864829999,0.0074585426235102,244428,0.006393458870194407,0.003587257673618116
128,531,6,2.633070469678505,0.0047145919987297,271212,0.0069299645383954795,0.0013660437544448234
128,532,6,2.6412675246280846,0.005636250629801998,266608,0.00671556252168607,0.0011356169243166292
128,533,7,2.6485261720578457,0.0032957956591215254,195470,0.004923782258746257,0.0021916479279063816
128,534,6,2.6597456296882247,0.005192085766362653,260570,0.006616801154371137,0.002050802754405834
128,535,6,2.6473986050138456,0.004886679825525736,245113,0.006381902581974068,0.0013955512337650022
128,536,7,2.646585113904778,0.004663119097840451,191439,0.004887892944576662,0.0018323867795920212
128,537,7,2.6393707514122733,0.003967941342657544,192300,0.004894897538950899,0.0023710789682371836
128,538,6,2.6319904478584597,0.005712552264427906,253502,0.006571706984440628,0.0012899213114963004
128,539,7,2.63503832346401,0.004405312688520624,188344,0.004843644937968766,0.003068085795691955
128,540,7,2.642171032415602,0.004288329681585101,198068,0.0050811944957848,0.0011533320036886119
128,541,6,2.6103977942582732,0.005822870837297656,247724,0.006448222806916666,0.0025282516977143676
128,542,6,2.6440231518759907,0.005747706979322698,270082,0.006774741658447888,0.0012318925085710308
128,543,6,2.631218446675892,0.004968625266120186,270451,0.006799340940270581,0.0013046507225531467
128,544,7,2.648733290955588,0.005530385406647409,182015,0.004717454501309219,0.0030107709378559555
128,545,7,2.608139907772571,0.006044710110785334,200636,0.00501858280890507,0.0020689324690455757
128,546,7,2.597270164442251,0.005829786899366529,197783,0.005030749602624374,0.003510514493322958
128,547,7,2.62570756257575,0.004276679658152371,203614,0.005126171300585645,0.0009545070996542782
128,548,7,2.646906820786486,0.004290012130382936,190141,0.0048753960052527025,0.0011514948151267745
128,549,7,2.62153259516429,0.0054982587952249196,189787,0.004841060885306009,0.0022845313371837594
128,550,7,2.61991036406564,0.004561162711102296,193919,0.0050180237827399795,0.0014900104999945873
128,551,6,2.6604581398774227,0.0036782741476389935,262804,0.006667707401806246,0.0038263702026976043
128,552,6,2.642532642957392,0.004895313021488712,250902,0.006464332024821085,0.003007933356436232
128,553,6,2.6587010310236017,0.004333031730687831,265052,0.006710936315530577,0.003013277543691961
128,554,7,2.613552323130746,0.0050464619785105524,206382,0.005144159574780183,0.0006637529381979812
128,555,7,2.6366622707616236,0.0042218688418845796,182289,0.004796495542042228,0.0009776209631975341
128,556,7,2.6335495052212194,0.003941136705857273,196013,0.004964959211385761,0.0013187226593613932
128,557,7,2.6397441351986433,0.005787201118302554,199569,0.00504193884880972,0.001896163355083913
128,558,6,2.664231925964941,0.004285173183401825,271515,0.006841432987103717,0.0012958643088229749
128,559,7,2.632894548845246,0.005542364784815068,201527,0.005093647366646463,0.0030535612662472844
128,560,6,2.633027626492257,0.005938223522045982,271015,0.006789084027649933,0.0026545383100868847
128,561,7,2.608989025959714,0.005335535321461138,192075,0.004961738749284833,0.0010289142297182918
128,562,7,2.6186768166238372,0.005283975689045817,198957,0.004951734667640536,0.0014936989736564765
128,563,6,2.6604499402232022,0.005241963405913985,256470,0.006653503036790886,0.000752091870832472
128,564,6,2.648546748878058,0.005090732145645038,252499,0.006449850198123579,0.001226525958955449
128,565,6,2.6546856745236207,0.005292828703902852,266601,0.006696516709128016,0.00218116785961997
128,566,7,2.6078103454176933,0.005754476513029405,205252,0.005025749830283123,0.002018648472098178
128,567,7,2.6141409303358225,0.005492524207957095,199567,0.005033163083744851,0.0012278732228859779
128,568,6,2.644956107178525,0.003052552874488912,257609,0.006605528516257559,0.002164599031186931
128,569,7,2.6633033087220452,0.005649154609012053,181102,0.004760706180266841,0.002116388851399198
128,570,6,2.6203225620490107,0.005054651387674025,258899,0.006656444994708119,0.001299802010292006
128,571,6,2.6319683718367113,0.005655093580124504,258954,0.006456687640001304,0.0013919421588203251
128,572,7,2.637581061502513,0.00447416424847924,204282,0.005151757986155454,0.0009024471394140088
128,573,6,2.6564826436259628,0.0052335426878406255,275859,0.006779809229249686,0.0007162848883696116
128,574,6,2.6281275387018015,0.006139328990858561,257698,0.006531963869569483,0.002327665376461563
128,575,6,2.638563120261637,0.004119607930615277,266065,0.0067642337653495655,0.0020480566531778654
128,576,6,2.6438803191325935,0.005108157557808246,265419,0.006694438104576536,0.0030811088693516453
128,577,6,2.6613300998160545,0.0047457923095714505,269625,0.006805993161317877,0.0012905569663477223
128,578,7,2.6428903587823855,0.005139714898956593,200032,0.005057329821276262,0.0008111680318182435
128,579,6,2.612578128784426,0.004402990687447206,262454,0.006612390546700692,0.001960447047020475
128,580,6,2.6454455330763533,0.002817341989203581,263752,0.00667499936477265,0.0031634048994507724
128,581,7,2.647112397230291,0.005821684456671972,203788,0.005048264173037337,0.00257400747649017
128,582,6,2.6551620271231537,0.0031796023962062936,283925,0.007010254439953322,0.0030690557293820975
128,583,6,2.608928074322122,0.006772304923545858,233631,0.006180967411046357,0.0033402558313981867
128,584,6,2.6181571503095156,0.008080310096535648,260519,0.00643921953551822,0.003521133338477922
128,585,6,2.6427248037414746,0.006097548578766099,248385,0.006373560300523818,0.002206135831509637
128,586,6,2.6648375556409327,0.004504588410361499,266271,0.006711308238439559,0.0015819231607889783
128,587,6,2.6358397002304126,0.004144768322071224,273973,0.006806931092807441,0.0020959983891008505
128,588,6,2.6557831836992554,0.0033171552011410643,256910,0.00670227141285191,0.005750074640379521
128,589,6,2.6650188879994916,0.0030621246685724746,261823,0.006660842545459819,0.002452291647174476
128,590,6,2.6281093248217577,0.006156859741248466,260513,0.006716198890214474,0.0015976829831907402
128,591,7,2.6226815552089935,0.003934117251122027,193460,0.00494015785012175,0.0016056540676625541
128,592,6,2.668776858182425,0.0032585212815897657,250225,0.0065582902594299485,0.002721360084401492
128,593,7,2.6358576788556167,0.005475248886612438,203208,0.0051134966613477825,0.0015335606199167184
128,594,6,2.6415463509941075,0.0037876045694347216,265170,0.0067804683440320195,0.0036064300007696004
128,595,7,2.6371385042901125,0.004427878077542524,197246,0.0050152990700646025,0.0014143769828185437
128,596,7,2.632878892461866,0.0054715026896139385,189794,0.00486742902042151,0.002398475517540466
128,597,7,2.6527399634496294,0.0048734458358520305,195310,0.005003198629854677,0.002154402879153028
128,598,6,2.6504222116742007,0.006229373591976284,256918,0.00663807490608583,0.002650044425364262
128,599,7,2.621575699155217,0.005000028253114186,186506,0.0048341159726987245,0.002235391415767174
128,600,7,2.6450389225180597,0.0037584068278671,196325,0.004980141835048266,0.00214239834578267
128,601,7,2.6367163524234445,0.0038102802247013123,210830,0.005225468830486143,0.0012717989735270274
128,602,6,2.672688091508934,0.003938807625391089,266823,0.006746418233784202,0.0026196637656696886
128,603,7,2.6485203872266885,0.0040824201819691375,191278,0.004908868550941156,0.002103644126188353
128,604,7,2.6563082489042027,0.005127320039120753,204359,0.0050723682257515735,0.003124879331189323
128,605,7,2.642000224922601,0.004854270625449741,200953,0.005090305664555511,0.0015624641693065267
128,606,6,2.630132989451215,0.005749016159378173,257016,0.006683228252828936,0.0012630428342932376
128,607,7,2.6399869898972823,0.004042395861085235,205537,0.005121255989295886,0.0009287662389720897
128,608,7,2.6229364307400704,0.005467838719270035,203924,0.005143303465497565,0.001232321399440739
128,609,7,2.6300806909044114,0.0034720842196597212,190100,0.004804098540476451,0.0020130322650133425
128,610,6,2.654816377290017,0.00523318943297868,256831,0.006612862282471653,0.002061956771142792
128,611,6,2.6274290539356255,0.005661300779026157,275764,0.006849480259508477,0.0017707408522311674
128,612,6,2.631066460442549,0.004340549150659456,287950,0.007061457264070447,0.0027960409622227456
128,613,6,2.6752682226700175,0.0034493594718539855,251951,0.00662126625597196,0.0018113310360026724
128,614,6,2.676265905144582,0.004016792337182995,268246,0.006785745951796327,0.002472810936692993
128,615,7,2.6136228264915116,0.005313510223465712,190301,0.004783327704637124,0.002993090259425818
128,616,6,2.6195234631476163,0.005568904917482909,259148,0.0067113167554890335,0.0016156200841412893
128,617,7,2.6447017562790145,0.004534865044582559,206541,0.005220311944859579,0.0020391256121443657
128,618,6,2.635926634573973,0.005094200391696196,273600,0.006752805913029339,0.0023620144592474412
128,619,6,2.6372183841528027,0.0046242332485672,262998,0.006681889294937432,0.0019240832286874787
128,620,7,2.619802596203502,0.0053483247650566446,195830,0.005019493052476169,0.0015102944025472964
128,621,7,2.647501515989694,0.005116912564436582,191898,0.004971796098065775,0.0015163061496541452
128,622,6,2.6245766473464394,0.005309161326396139,271836,0.006864331724216769,0.0015356052051582747
128,623,6,2.644542800464814,0.005032793517392831,280338,0.006908301901698997,0.0019726986323908013
128,624,6,2.6436068354127347,0.005028474711515629,268877,0.006748551748350705,0.0007269000290489602
128,625,6,2.6434962839646046,0.0042610335238294494,267207,0.006731328044643255,0.002090178984833907
128,626,6,2.6322866740442374,0.006963531319686717,277439,0.00681752811865746,0.0021982083959292686
128,627,7,2.614906654638155,0.005709869291123049,204326,0.0051229902782379995,0.002926879903252577
128,628,6,2.6643279332221654,0.005208635916991111,279326,0.0068921008676724824,0.0017667550714518532
128,629,6,2.623778403951413,0.004966484036906138,267288,0.006795392379834183,0.0022334443083760203
128,630,6,2.6169998912935344,0.00613876052609047,258966,0.006552228484090682,0.0028263381037320068
128,631,6,2.651360562576675,0.0049163217334267095,259628,0.006778576660775824,0.0008168219978886837
128,632,6,2.656184344059181,0.006432862326401945,253091,0.00669322701998712,0.002149583691953505
128,633,6,2.6325322458562295,0.005009425601801204,261933,0.006691181217147508,0.002558871726175971
128,634,6,2.6421775499023554,0.005661662743604801,276481,0.006808511623322033,0.0014827817098331808
128,635,7,2.6300992430611485,0.004251499385378277,201412,0.005011460357791477,0.001000163150954636
128,636,7,2.6430168647114627,0.004519188298220511,188459,0.0048514200325427345,0.001797060230651737
128,637,7,2.6514693848827684,0.004040599427474367,203939,0.005070695448520055,0.0019317554513117452
128,638,7,2.6059149277622944,0.007413279251832328,206187,0.0049916569675868515,0.0037984165679059156
128,639,6,2.645009369031518,0.005203222971863153,261099,0.006631583904131769,0.0028139846573689287
128,640,6,2.632402192183188,0.004835323324331786,278273,0.00701388983232858,0.0018566662561979863
128,641,6,2.640202122334244,0.00513702113354686,267695,0.006687661369075541,0.0010599382758481601
128,642,7,2.6265754834757544,0.005218439820059317,196450,0.004944495925315031,0.001392510836620009
128,643,6,2.6504355122685195,0.004969564910736302,244864,0.006430811081530458,0.0022074510978624673
128,644,7,2.598505504393359,0.0053618417943622765,206709,0.005157707442719379,0.0018758102209896765
128,645,6,2.6464579265167254,0.005246809843205691,253084,0.006578474530765385,0.001122552507161756
128,646,6,2.6620993033518174,0.004566849910090376,258215,0.006678384282841646,0.0011482705238584912
128,647,6,2.6455024365493314,0.004545718942434052,272382,0.006864245855431395,0.002405463621116377
128,648,7,2.6293831796982885,0.004729376203914337,191095,0.004897814210563439,0.0012090893731561414
128,649,6,2.670740182530912,0.005618732146164485,259767,0.006653558669174542,0.00141181053354833
128,650,7,2.6220302615775957,0.0038116223564835794,206993,0.005203431907598404,0.0015018583051541468
128,651,7,2.6504842104660145,0.0033818952506411426,198248,0.004981007909895233,0.0018855498774663637
128,652,7,2.646353749722858,0.0033386575559667397,192188,0.004890396122900224,0.0017321985951360697
128,653,6,2.648786480281101,0.005914698856853473,279596,0.006860841230182136,0.0017138917324595604
128,654,6,2.648989340672988,0.0039717112789841025,270687,0.006773328399517752,0.00226668182043277
128,655,6,2.645181256250984,0.003708311684541332,261924,0.006671697873291232,0.0028170833730184752
128,656,6,2.6479614495033474,0.003925510194190518,242648,0.006337942782675753,0.0015579734204232976
128,657,6,2.6255539618427672,0.0042639052132823485,283087,0.006992067381036341,0.0024716985443907213
128,658,6,2.6490949169056432,0.002821942178670378,253214,0.006619651267190535,0.0038621156729861106
128,659,6,2.6333320779273874,0.005065123807146604,252601,0.00645409806648916,0.0019871918474655414
128,660,7,2.614187144777767,0.005151137256102389,202669,0.005099036574968259,0.0025445840236849593
128,661,7,2.610307129066654,0.005422658061031149,208994,0.005084488995037469,0.0013961637922934589
128,662,6,2.6724758749246105,0.004961185296501469,239838,0.006393238635273144,0.0008671886471951495
128,663,7,2.643050926416242,0.004656770361162521,210938,0.005145043101303527,0.002000999115556845
128,664,6,2.6747783592632235,0.005797179345371717,237977,0.006255091788544322,0.002219608867779721
128,665,6,2.6496068224318154,0.004538844550754151,277087,0.006900791204985977,0.0022401901001500857
128,666,6,2.6355779375799706,0.00517291712826895,267734,0.006814679403942722,0.0013097693587744708
128,667,6,2.6440550847821114,0.005198598936646093,266589,0.00664660800822159,0.0019482859492366833
128,668,7,2.6420992815322535,0.004487738733955915,209016,0.005132544695946894,0.0016626930881429303
128,669,6,2.671252391473983,0.003294808427837026,250463,0.006529971692236521,0.002820333143455034
128,670,6,2.6596067098012055,0.0048433974671505675,258142,0.006535781735241924,0.0019682207644692307
128,671,6,2.6494242406034214,0.003810860637450064,272177,0.006913264498121005,0.004036089161684242
128,672,7,2.603481506302822,0.005885181178161059,193059,0.004889006245455468,0.0024496467550191303
128,673,6,2.6460924230105456,0.005201766737815139,255416,0.006528185951983625,0.0007436108824274701
128,674,6,2.630207554656927,0.006155016917086864,277749,0.0068216748341627075,0.0016422466066141617
128,675,6,2.6577626657958118,0.004862748522879906,265088,0.00669722568951767,0.0013145302225165967
128,676,7,2.6575782219672828,0.003266504121857472,193637,0.004953583608981526,0.00336362725880196
128,677,7,2.659208258973507,0.004308663826383952,188244,0.004802232531485027,0.0013081786281724517
128,678,6,2.663116704699462,0.004295056133053254,268621,0.00673718690863767,0.001814852690428359
128,679,6,2.6197993961163997,0.005822008119744315,260050,0.00665905751021207,0.0022063939136913735
128,680,6,2.6413831874652387,0.003927250986502484,284226,0.007049233923524942,0.0028049767485142096
128,681,7,2.638199867753812,0.004400257868583446,188774,0.004934930334308892,0.0025540086859463518
128,682,6,2.646352408056019,0.004441157485864378,263656,0.006750587632129536,0.002216440140265008
128,683,6,2.6697604851386534,0.005033712154370068,280101,0.006902583188275281,0.0012484643129516693
128,684,6,2.6285558142463397,0.004546274376589998,241612,0.006362331810460908,0.0017805431364964486
128,685,7,2.6442768912833454,0.0041963195284233645,193254,0.004851767815793399,0.00144402753292594
128,686,6,2.633113251811763,0.00587931625097346,256415,0.0065547909740900235,0.0022054496453677297
128,687,7,2.665850796855679,0.0029586878679309647,185198,0.00481992894536005,0.0024720002436929844
128,688,6,2.630570899014974,0.00516191019042711,273860,0.006936343860901307,0.0021397979781279663
128,689,6,2.6322060988799225,0.004618379333219347,296208,0.007126941915909409,0.0013835246204731977
128,690,6,2.6236548851848362,0.006351911903722085,265992,0.006654710011414172,0.0017927351456643592
128,691,7,2.655241446706792,0.003900640382298426,182505,0.004684701408778182,0.0012577692585401534
128,692,6,2.6757960033617225,0.0048444198160220164,258574,0.006714445119563028,0.0012534990490071785
128,693,7,2.637834549062642,0.0057340056013064356,192452,0.004860611756880611,0.0018298596341173035
128,694,6,2.6494468886880225,0.005387963832444775,271413,0.006836189669233935,0.0008287870743870496
128,695,6,2.6417554928613307,0.004041998873022312,262427,0.006682058773914898,0.001964375188325096
128,696,6,2.624055996747634,0.006792551628672205,263565,0.00669971501840137,0.0034968735291459607
128,697,6,2.6412218813370005,0.005013385672337112,261695,0.0066487089660175885,0.001529125858176883
128,698,6,2.63038097951132,0.004301033319739855,254375,0.006485619695193339,0.0012871048482326064
128,699,7,2.6615017456663046,0.004651261192728295,195174,0.004931555445950836,0.0006194716133490763
128,700,7,2.590988907213456,0.00575504616152922,203210,0.004975434511323747,0.0016302510758879896
128,701,6,2.634861345082657,0.005021121165237008,269409,0.00680362765186773,0.002641236553443449
128,702,6,2.6180069369689547,0.0051612706161601185,255671,0.0065102148505092,0.0022797774545647576
128,703,7,2.6415027671527525,0.00579532780608405,190812,0.004892967552818481,0.002759051769838261
128,704,6,2.61382822800656,0.006595837336957455,248290,0.00664246887852578,0.0023484827156550203
128,705,6,2.6507200759764276,0.0053492344933115665,264287,0.006570346401573918,0.0018501814577273068
128,706,6,2.6689492712695415,0.004410839398348521,258029,0.006635750800836103,0.0021713487498131734
128,707,7,2.6377992139684476,0.005254508902684307,186958,0.0048019824982098325,0.0013013461157010964
128,708,6,2.650470739034215,0.004709064924281248,256091,0.006527847614238926,0.0029130610323324646
128,709,6,2.6342912631376,0.005924233239815058,254562,0.006604355244377515,0.0022103508684030437
128,710,6,2.626028644007883,0.004527326257490638,252515,0.0065604068592786426,0.0028679108300238565
128,711,6,2.6760570890571835,0.0057956766255438386,231645,0.006111743230006629,0.0014330296775430518
128,712,6,2.6411260456181025,0.00541930273845348,276712,0.006891562786736476,0.001978797177455305
128,713,7,2.629329236411311,0.0056952811064127085,197886,0.005017667419826443,0.002565397260658797
128,714,6,2.6815433750423683,0.003526316504589788,266156,0.006824857213307584,0.002186532161410182
128,715,6,2.6576397708028603,0.0028424186646351934,264723,0.006692525836353367,0.003126836514829978
128,716,6,2.66700376093587,0.00421956529014933,256479,0.00651423215932094,0.0007763711090224001
128,717,7,2.626504943358019,0.0043338381497181055,210283,0.005165313718325322,0.0010755395325456885
128,718,7,2.6468588897321403,0.0036353545142676635,216319,0.00527822694479967,0.001460417439795969
128,719,7,2.6152553627093877,0.004472909928875279,202291,0.005098494029909505,0.001342726270855743
128,720,6,2.6513472387455113,0.005385873005280595,282825,0.007005770480926915,0.0008738292788649238
128,721,7,2.6197936987126167,0.006120441913595509,188536,0.004812991134503823,0.0017856925712401717
128,722,6,2.6333780745984243,0.004822795421184134,280908,0.0069792002153776,0.001899481235916295
128,723,6,2.63003987770922,0.005811741394011971,255989,0.006602272316078387,0.0016257412000144633
128,724,6,2.629732650508969,0.005202102415810095,255483,0.006642919919563057,0.0017903617878007871
128,725,6,2.6391295550517113,0.005831820680600508,268353,0.006734408681861959,0.001969388515757009
128,726,6,2.6596294990043368,0.0024604657108050487,263464,0.006724997249010952,0.003542086215903295
128,727,7,2.643938747406925,0.004989232269340338,197238,0.005012275549160912,0.002518749805315079
128,728,6,2.645482000111228,0.004695822780551806,262209,0.0067071954609960426,0.0015986394128701953
128,729,7,2.6283857696625534,0.004806294777993103,198204,0.004906818136243894,0.0022973138730680853
128,730,6,2.6391202034660313,0.004378729058401976,274010,0.0067996696374513724,0.0007979551121288786
128,731,7,2.66049779502876,0.0031452368195583613,203126,0.005202949107967252,0.0032997058354049535
128,732,7,2.5979660244739793,0.005759738826575989,195920,0.0049049808914292045,0.0024983256304892676
128,733,7,2.639464392016642,0.003418982355755218,198154,0.005020810414655839,0.0013477240046303463
128,734,7,2.6343137678922703,0.005763967788505409,197305,0.0050897371701051014,0.0021387895519704436
128,735,6,2.6211131896191118,0.005521966090029862,253927,0.006613377729668552,0.0015143007021956034
128,736,6,2.664103561586062,0.0059600564710691195,263391,0.0067068741468591314,0.002145755051220166
128,737,6,2.6395547712373753,0.005507148157742892,251396,0.00646835549865279,0.002152546966484481
128,738,7,2.601685437079001,0.004812936791893874,215847,0.005235477260952329,0.001182967801277468
128,739,7,2.6327034857279084,0.004195175061330714,198318,0.005014102304950351,0.0014880793168328132
128,740,6,2.6688407322337193,0.0034990911227721355,265962,0.0067916668539323545,0.004023795247786011
128,741,6,2.612927571739581,0.005830694749246912,263397,0.0067368958976594005,0.0029150042095026363
128,742,6,2.6277730888523227,0.005344594663901747,270375,0.006764230195328452,0.0012167162646944396
128,743,6,2.656860995812327,0.006932455393359072,241554,0.00626329258444661,0.0027220664442296205
128,744,6,2.6302973555854394,0.004856864177670839,272655,0.006846297427536792,0.0012720308543754388
128,745,7,2.6359735630739487,0.004216223378627815,199114,0.00499989014072659,0.0022216564690424323
128,746,7,2.6577608103073236,0.003389845592892682,186416,0.0047982488924306396,0.002091228747486795
128,747,7,2.622878268410332,0.005375390711418793,192024,0.0049323299556746835,0.0012971419441177023
128,748,6,2.654301322530445,0.0043907808947407645,274096,0.00679472484668822,0.0019449652355385538
128,749,6,2.6696108526722777,0.0036679128236833947,266020,0.006748852204221252,0.0014777814940370448
128,750,6,2.608064174971718,0.0059711281882007805,277010,0.006899522542877926,0.0017287386000937044
128,751,6,2.6532940379890597,0.004954694422912409,256684,0.0065921365521778045,0.0019435069851336806
128,752,6,2.6657938988159358,0.004987007966366752,252329,0.006547717082800263,0.0007930886926428293
128,753,6,2.6471747923006963,0.00651790073405345,257586,0.006599966147712708,0.0028360716390107843
128,754,6,2.653887473770407,0.004205518524317525,282029,0.006978662977164649,0.0014601948719565883
128,755,6,2.6156738415535297,0.006651669507538593,256158,0.006583041478856248,0.0027325704453106114
128,756,6,2.6643722192112542,0.003396992172636115,270551,0.006740058083615374,0.002589440090089268
128,757,6,2.654282744929394,0.004031051749184944,269936,0.006813338095723796,0.0016917523001157009
128,758,6,2.6510897670874725,0.004116335178183328,247130,0.006500220891251749,0.003022709809996582
128,759,6,2.6307706006419314,0.004563635249351994,281272,0.00685674339841111,0.0013254187151785501
128,760,6,2.623702361909381,0.005502722273257765,267265,0.00668726169288093,0.0012901391904774906
128,761,6,2.636697066828504,0.006021875532446236,264057,0.0066675990873522216,0.001872907524633538
128,762,6,2.668294175420642,0.005068871115696316,248036,0.006561901189412713,0.0028275349545631434
128,763,7,2.6416390724216114,0.005040508025440205,197830,0.004962622046499239,0.0013130003368716503
128,764,7,2.601102658721267,0.005656422780370707,194181,0.005027707918653565,0.001411972265136674
128,765,7,2.638535478272806,0.004402565250864798,202132,0.00502100651790396,0.001300298512241782
128,766,7,2.6465090338579444,0.0041250282273960215,199056,0.0050331763685370545,0.0015467009773955098
128,767,7,2.6211209732472294,0.006462395413058819,202504,0.0050518714668626105,0.001963823961993294
128,768,6,2.6243310031719553,0.005515532385690164,257492,0.00664787132419384,0.0016487588341561055
128,769,6,2.632778472621482,0.006413957180726904,253833,0.0064333928044886576,0.002187082045747357
128,770,7,2.6289060472365953,0.004368994057853737,208576,0.005173255290038968,0.0016092727100154303
128,771,5,2.6652095303390344,0.004114077070680788,369452,0.009619882472205538,0.0028119305637042125
128,772,7,2.670195447566596,0.0031026442203929694,194291,0.004954501139460546,0.0020450128524343025
128,773,6,2.638022781356553,0.00665387760574343,261390,0.006677954561857431,0.002198629239112293
128,774,6,2.6378965650798856,0.006232877695326877,255965,0.006610129590717118,0.002860543437201768
128,775,7,2.6231169407652666,0.005352297474165102,196889,0.005027318581282418,0.0024810603104201134
128,776,6,2.649497695888584,0.005458709935335565,258352,0.0064753539185250135,0.0012821388808332834
128,777,6,2.6578846274003967,0.0035635089155833244,278296,0.006905499645762379,0.0018818380258189271
128,778,6,2.6312283588442607,0.0050888670907773825,282363,0.00690943258196948,0.0020512668849005378
128,779,6,2.6577841344177884,0.004763257145256161,261213,0.00667721624553346,0.001825539521509656
128,780,6,2.6562213002909147,0.003556231788037656,267779,0.006848213104052796,0.0025979891202051464
128,781,6,2.6679341237096965,0.004955008528015614,242416,0.006356037248219935,0.0016603893884323262
128,782,6,2.6012604072782106,0.00594281593965762,265242,0.0065910849563670685,0.0017284139071154225
128,783,7,2.6614925870584147,0.00465335937210587,197679,0.004937931574730032,0.003115511988802999
128,784,6,2.63478456308617,0.005677471887917562,265908,0.006726586718398693,0.001448260425069181
128,785,6,2.6615897457238202,0.004285771497183122,250982,0.006425418011738365,0.0012552889853690852
128,786,6,2.632602638019124,0.005290839238444978,263745,0.0066349482873018515,0.00118049122240238
128,787,6,2.625523602074259,0.005491032371851223,248932,0.00643835173209099,0.0028864468268180454
128,788,7,2.6334067208024203,0.005527675286990497,211681,0.005140206308082472,0.003219399689902591
128,789,6,2.6413299001353585,0.005138789848749936,245106,0.006479556837712118,0.002047132713926092
128,790,6,2.655055940617874,0.005072288544465092,257807,0.006518332856987109,0.002524533824524333
128,791,6,2.627528009513101,0.005788087048209434,272247,0.006704135212803663,0.002271323240942813
128,792,7,2.6309486415883288,0.004224330229639972,198120,0.004983919488921345,0.0015881448275738286
128,793,7,2.6376263107287885,0.005385022666217987,202145,0.00507477017174386,0.0007472037220511707
128,794,7,2.607611305887321,0.0065043038891405835,198193,0.005017403308413358,0.0032462180287262665
128,795,6,2.6622212578060136,0.004257339384652448,282455,0.007011317697300126,0.002153470520482259
128,796,6,2.6497421751889205,0.006164485493533878,245650,0.00640711717129311,0.001605308735476152
128,797,7,2.615495172536801,0.007470481276146024,196757,0.0049821310547324155,0.0033211656454497085
128,798,7,2.6825525757524487,0.003706948383640385,193705,0.004943385785292324,0.0029095989339745776
128,799,6,2.6464076768373563,0.005750304589402844,260172,0.006638444203752972,0.001531869485298376
128,800,6,2.656162883875029,0.003824716740552847,271830,0.006805007532246869,0.001724440521124193
128,801,7,2.6086397121169567,0.0059963384962173905,193313,0.00490587992979861,0.001281278563746352
128,802,7,2.648192466403234,0.003213524400375367,195244,0.0050095208195412265,0.0021013192567725936
128,803,7,2.659796730612624,0.004227871653271653,184969,0.0048251886801927634,0.001717075268981072
128,804,6,2.6100834538856166,0.006984025378338976,247425,0.006378067069193566,0.0033033476475843315
128,805,6,2.648338049174655,0.004012393544487236,266523,0.006682977407944163,0.001460576677664499
128,806,6,2.6216793779535403,0.005457405398175741,264453,0.006647680332779932,0.003060868892158286
128,807,7,2.6563376812401995,0.005141813813424934,196234,0.004959915559556951,0.0021222190195056
128,808,7,2.6096106238642016,0.006021873313386994,205484,0.005141402711394098,0.0017478861688450809
128,809,6,2.6545509678904256,0.004058998391189839,263946,0.0066223015499857745,0.0011992006405722178
128,810,7,2.6551853894095947,0.0029100881858814542,179488,0.004785977189227658,0.0023973761875258903
128,811,7,2.6224423038395197,0.0063312934981683,185305,0.004748528751757972,0.002244890440102121
128,812,6,2.6743657107515997,0.004666489164997678,266387,0.00676330266154533,0.001162949943312619
128,813,6,2.666571735093281,0.0052217291590914705,253660,0.006555876336726412,0.0017857090554163069
128,814,7,2.6406015531956175,0.005679769638011312,188598,0.004800682630709326,0.001905375551123023
128,815,6,2.6624381294151123,0.004468082875556556,276585,0.007019962342940764,0.00325918385384949
128,816,7,2.639551118602988,0.0035297298368331953,200080,0.005030739229766367,0.001903435462469294
128,817,7,2.620485749837503,0.006603555888985091,188487,0.004817607250720384,0.002526434559750046
128,818,6,2.6625134973185878,0.0039938627203669474,260387,0.006654347841864766,0.002167273102099937
128,819,7,2.6287219734254688,0.005055557122535359,199540,0.004998580387137721,0.0021789160890148818
128,820,7,2.6173534319637595,0.005936983836824172,198497,0.00495318891246465,0.0039667222224877285
128,821,7,2.6105424987656702,0.0070927501295806605,197177,0.005024070192714931,0.00274085454721007
128,822,6,2.6272520081638913,0.0046272296341663965,268022,0.0067712561336734315,0.0009667082791877668
128,823,6,2.659565309485874,0.00410166668374401,255623,0.006586756605425134,0.0010506103544848377
128,824,6,2.6196043229846113,0.005134737179299131,269904,0.006697070602305604,0.001693772236515012
128,825,6,2.6519155693219867,0.006098230566327079,253900,0.006502125585572237,0.002896602493694944
128,826,6,2.6384007947391273,0.005640784281258915,264840,0.006701148076395517,0.0010870359034877985
128,827,6,2.6334804488112957,0.005219935723045799,277756,0.006883728639588493,0.0014943382588645804
128,828,6,2.6593588356426707,0.003948681206763727,248879,0.006517247022932747,0.00170177363295132
128,829,6,2.687616147652897,0.0033433883618780857,261015,0.006725586461270643,0.0024370071008163463
128,830,7,2.6207027170318753,0.00552772230162879,192684,0.0048817732437559545,0.0020245162457034616
128,831,6,2.611389991871129,0.006789299965317519,256880,0.006582749424393812,0.003597110240045609
128,832,6,2.6680720685369046,0.0031081129182822798,255078,0.006644071748723342,0.003146701103768079
128,833,6,2.6261828910704597,0.006294469393102686,268504,0.006759509985371984,0.0020577279797098225
128,834,6,2.651962110605774,0.005695309772457802,239277,0.006267657804434576,0.0016682555876476046
128,835,6,2.6430607764630114,0.004439993489894323,264533,0.006735788196811526,0.0027683705405445735
128,836,6,2.65287696051492,0.004354173095915903,264988,0.006716174804551096,0.0016092785856207659
128,837,6,2.637233655177774,0.004838083973884633,260338,0.006691157233919015,0.002462852362447032
128,838,7,2.6071535421929077,0.005268342174848839,202829,0.005062320535447051,0.0017097795400919935
128,839,6,2.688500383198571,0.003841235583827096,256254,0.006637608426069528,0.0020765186929965207
128,840,6,2.6644449628072633,0.005639206571007721,258964,0.006641194274269034,0.002343791629822123
128,841,6,2.6509242053639386,0.003814478870184712,263667,0.006735766345263723,0.0025579223378290605
128,842,7,2.615632932068083,0.006254738998938025,193833,0.004940455724052432,0.0022367158839262657
128,843,6,2.630755361451661,0.00489813419123894,254085,0.00656818987527044,0.0007949003506569907
128,844,6,2.6578604601212863,0.0038945189468991837,259771,0.006623645392345128,0.0022179454173729685
128,845,6,2.657587569531942,0.00380152532831346,251491,0.006545424922590749,0.003338340605742618
128,846,6,2.6515908541960735,0.004017515881784006,271609,0.006839120436671931,0.002195907054736934
128,847,6,2.633581202116666,0.0044072532500295525,263385,0.006692700739349233,0.0022558582539833893
128,848,7,2.604645886180033,0.004661349308413443,203002,0.005087413559617922,0.0016129319895652472
128,849,6,2.644448660548268,0.004550603678000975,255893,0.006594613581538803,0.0011960298420529702
128,850,7,2.654715556038713,0.003670877307339282,196761,0.005028425306630544,0.002247370959790329
128,851,7,2.6344960291282793,0.005442803310557021,195693,0.004935637190602412,0.003036797980298045
128,852,6,2.614570862642642,0.005213697098362502,278206,0.006873068211062679,0.001748366088568487
128,853,6,2.66242682039826,0.004695948292180674,277760,0.006902208507926208,0.0031846863369061618
128,854,6,2.6719742200720855,0.004465798345443139,288856,0.0071347502419984886,0.004289591982133745
128,855,6,2.673930895735905,0.003654936402690323,258197,0.006736297274217733,0.005202697330781436
128,856,6,2.6839940750107827,0.0025429851352055666,273735,0.006887284884782934,0.004190036653859364
128,857,6,2.626236038372042,0.005992196499276958,273414,0.006703490498435879,0.002012748304515921
128,858,6,2.6276378818178476,0.0034581745173001277,255467,0.006710130816911483,0.0027766044710584303
128,859,6,2.6352676822063836,0.004718422465394334,283942,0.007020300154905884,0.0016654846360120157
128,860,6,2.6353159455530686,0.005588090610926244,255346,0.006651687566213461,0.001729390929309682
128,861,7,2.602004522444488,0.007021894103438231,175666,0.004631982862617934,0.0023673493967047987
128,862,6,2.6531415955915403,0.0042778817796518265,266041,0.006753764618123824,0.0017705221458833575
128,863,6,2.654778440514474,0.0037791674537973607,262691,0.006741757412324766,0.0029122069744302037
128,864,6,2.665820370434073,0.00491010137866954,269981,0.006758678954776349,0.0020033258681307897
128,865,6,2.634171401721822,0.0059902146376745735,255665,0.006547595266851673,0.0020534756519724473
128,866,6,2.6385532291231835,0.0050118619453835,255643,0.00665542134773981,0.0024004775036396975
128,867,6,2.633850866132306,0.005189072796967009,244980,0.006434222731947649,0.0015495216759378039
128,868,6,2.6440625635782626,0.005377695585760928,241783,0.006242997758508103,0.0014316088436321373
128,869,6,2.6688872923309135,0.0045007277996235995,263688,0.006689985511221877,0.00138383833645489
128,870,6,2.6462316036818496,0.005182365647063092,266177,0.006761312733645195,0.001164237357604181
128,871,6,2.6471233436905193,0.006919869134705353,263830,0.006647259782234026,0.003656755341650997
128,872,6,2.632424556304946,0.006010539070738452,263226,0.0066662646705067,0.0018148559601277592
128,873,6,2.656876800611706,0.004220174237776653,241441,0.006321346893732221,0.0019117895347487979
128,874,6,2.6570092356673394,0.004550304099327329,260847,0.006747049867984181,0.0023201992663476056
128,875,7,2.5999362535361783,0.004831421573167738,198100,0.005057752719193135,0.00108463730373759
128,876,6,2.633050729185091,0.00508543187033883,268749,0.006799907738508505,0.0007560618549277143
128,877,6,2.687527439234092,0.005307498268246835,258329,0.006588709953244795,0.0014078012255713812
128,878,6,2.6620208672173473,0.003919564081284133,241945,0.006324605650270338,0.003976546944153614
128,879,6,2.6473609879679696,0.0045218544768709235,256024,0.0065942778984440405,0.0018764194261320366
128,880,6,2.661339885264908,0.004196904009195035,258006,0.006602773100211386,0.0017383042786790204
128,881,7,2.609511691400403,0.005186047898094515,192974,0.004874891781136169,0.001999414260308696
128,882,6,2.6354155380621873,0.005374302990894475,270302,0.0068132955323840245,0.0016039556522592369
128,883,7,2.64194796215041,0.005647204670172878,192063,0.004938776939712531,0.002747666520961589
128,884,7,2.6159234924420045,0.005018186302829686,191332,0.004923533053125738,0.0023789397093296194
128,885,6,2.652453916524882,0.003481492270235642,256109,0.006547344044728778,0.0014171243925695798
128,886,7,2.615897988385537,0.005374812846467791,214513,0.00521773149653397,0.0008337349530745941
128,887,6,2.6761042487110913,0.00386853884896321,271686,0.006787304204163437,0.003270390348494967
128,888,6,2.6633829031398384,0.0037139997292973126,258526,0.006699288879163876,0.003298127410050311
128,889,7,2.6424129031308317,0.0048394037720231875,195698,0.004952705356270187,0.0009768794084131227
128,890,7,2.6137264792288875,0.006802648323492422,194086,0.004897053038127809,0.004429485199768435
128,891,6,2.630683445049143,0.005259658713197002,283777,0.00699151324598785,0.0011473013790503916
128,892,7,2.6270263768659423,0.004773485328288474,195748,0.004955632647337654,0.0015608928744794692
128,893,6,2.6653358862014276,0.004297357698459264,262098,0.006719231746763887,0.0008976765728160863
128,894,6,2.6272691244169857,0.004736704116728552,268158,0.006646290769062079,0.0013007538645682937
128,895,6,2.646725144560633,0.00414233945613629,268692,0.00680484380519049,0.002040575468458816
128,896,6,2.6567102530192304,0.003999816161581071,248180,0.006445975927196678,0.0028360126642232864
128,897,6,2.665399786170108,0.005526221975779122,252697,0.006514227298035031,0.0009892390802420659
128,898,7,2.6487126290401193,0.005250614239214468,196763,0.0049708517647959975,0.0013135566981458124
128,899,6,2.670546537281831,0.004751578640910914,267073,0.006674952508947427,0.0026826664858159432
128,900,6,2.6466420640018438,0.005143254083151749,258902,0.0065327535704414385,0.0015617233496741378
128,901,7,2.6206846636618937,0.00571171279261129,192061,0.004826532471367271,0.0016600714598919986
128,902,6,2.6186911755793796,0.006788429238086868,262391,0.006674938379352812,0.0033590393463839296
128,903,6,2.6786564192940268,0.003646760451909148,259502,0.006690227256889521,0.002654189463572987
128,904,6,2.642052158877372,0.004399675277108495,270779,0.0067716620775595,0.0012997352687236785
128,905,7,2.5906266541087053,0.006021654992471759,210214,0.005133026012037975,0.0026763436027838483
128,906,6,2.6157171071405436,0.005338719205075115,250654,0.006485804659323571,0.001748973649861596
128,907,7,2.6450164371755345,0.004587417383459136,195258,0.004933198761690255,0.0015436465937205268
128,908,7,2.6455696313033914,0.004555885677761551,188326,0.004844020039179445,0.0012731421370538731
128,909,6,2.6589905912185445,0.004719413799056715,238860,0.006298801139258672,0.0021336325430318936
128,910,7,2.614954530897474,0.004406738550958411,201571,0.005028238017551474,0.001447413086823307
128,911,6,2.6468782060759684,0.006216386650341299,272688,0.006864882443721724,0.0029660736629318896
128,912,6,2.641947139988324,0.004873440175565014,257354,0.006602313136469706,0.0010519009847820282
128,913,6,2.64790929411288,0.005244679812968167,291476,0.007049989338280681,0.0012625376802732902
128,914,6,2.6098829410016195,0.005621632829396539,266009,0.006785833607754895,0.0016521694407481968
128,915,6,2.630912018047244,0.0045804378094512765,263697,0.006730451243221903,0.0020783006639346624
128,916,7,2.64637213265353,0.0038551177573865614,193272,0.004945462175359049,0.002155975013067968
128,917,6,2.642764734489359,0.003915965113305775,270524,0.006757095138477813,0.002054781269861916
128,918,6,2.6799957609559657,0.0036073841447691324,264974,0.006728244695077389,0.001258614950286563
128,919,7,2.6468409488960427,0.003659276943145051,199422,0.0051037659795001725,0.001842261737031392
128,920,6,2.6753218963980046,0.004515240303037293,241881,0.006362873088906684,0.0014121232884437562
128,921,6,2.6513199468197377,0.004341435368726887,262502,0.006576818407535148,0.001264638258187123
128,922,6,2.649643646867113,0.0044733382632611285,266040,0.00684311057804607,0.0018026775539169981
128,923,7,2.629536399930994,0.00684178516228795,185996,0.004817977930440735,0.0025963902709986164
128,924,7,2.627307482150791,0.004148677120210387,210617,0.005199817344617754,0.0025752407060476434
128,925,6,2.6630214243699384,0.0053328107974856265,255982,0.006551679339085635,0.0008427392504160025
128,926,6,2.6699489470071787,0.003552023502768231,256639,0.006523729727209728,0.002360893465420455
128,927,6,2.6295482000910244,0.006387012241781731,252477,0.00648616579040218,0.0018303157556505134
128,928,7,2.6280673405780393,0.004430939780033616,201955,0.005052420915308887,0.0014335753161441311
128,929,7,2.6715683434417388,0.004034282380257492,199048,0.005013683046508152,0.0018019133673529142
128,930,7,2.6368842645047295,0.004202061520722666,209048,0.005147726259200556,0.0008203994643447565
128,931,7,2.660581232117205,0.004911882696018388,199933,0.005039994667915391,0.001878210589118745
128,932,6,2.66409846757078,0.0035751572794481268,257165,0.006639402170068455,0.004596664743151457
128,933,6,2.6271267342056164,0.004883801382799979,274934,0.006890725308401399,0.0008842785810784237
128,934,7,2.650920817265671,0.004064557894862819,202103,0.005001263907780142,0.002364069082244624
128,935,7,2.65776459883292,0.005710305999417353,189153,0.0048511917020521485,0.0019435639622163992
128,936,6,2.639104669539622,0.004182757111746871,254399,0.006681054626476499,0.0018229781808724033
128,937,6,2.6651583732852875,0.003048484179258071,249322,0.006437402942379741,0.004651662367043952
128,938,7,2.6641493057139147,0.00382143626654341,186458,0.004857778325468386,0.0015228862354167427
128,939,7,2.6308374406600903,0.004587312286876921,198834,0.004989640862748087,0.0020065206612260855
128,940,6,2.6301637927341166,0.005655405687240933,274767,0.006731860693430137,0.0017401471949920477
128,941,6,2.6235915078841257,0.005107510482909028,258854,0.006606440476801786,0.001034982453796185
128,942,6,2.652052601992595,0.007080565303440034,258028,0.006532302171962371,0.0027967347287713995
128,943,7,2.6284589260494697,0.004427012275441289,199104,0.005049077262263229,0.0005524582134500688
128,944,6,2.6771320079313505,0.006576210687757489,254318,0.006402006044797881,0.002017033929699763
128,945,7,2.5889589315476678,0.006926981122391984,200063,0.005036100744066056,0.00460397910713467
128,946,7,2.634576328263825,0.0043720359993820734,193408,0.004921420957500453,0.0013939869587712428
128,947,6,2.6387688412119257,0.004633930689971311,270613,0.006792322103046876,0.002120023913431246
128,948,7,2.6572815791996973,0.0029781060120885883,212435,0.005184915893847307,0.0018795473410407881
128,949,7,2.6360088998066815,0.003690912187277018,211581,0.005205696882250586,0.0017018108555633127
128,950,6,2.646381664917403,0.0042937006112747644,271591,0.006821403803013432,0.001999574144070926
128,951,7,2.5983019159524443,0.00515645964864464,203414,0.0050930659949823985,0.001786828550960684
128,952,7,2.6124155469920622,0.006867322622493788,194598,0.0048815146878660705,0.0036379193869999216
128,953,7,2.6617576479803855,0.003615953163805141,190370,0.004912801198107231,0.0024941073003483805
128,954,6,2.6348516464092695,0.005602596449695629,277804,0.006884280138686758,0.001421444083863188
128,955,7,2.632586658757798,0.004336051279555497,194625,0.004982306508014838,0.0010627413903602223
128,956,6,2.6393693406904295,0.004731115826460464,263309,0.006625161144680019,0.0020031394593613694
128,957,6,2.658345480323047,0.0050640857167987,260324,0.006587958575050909,0.0028720333525986685
128,958,6,2.640917652666005,0.004747241083596476,282845,0.0069870027100959195,0.0010010913651152253
128,959,6,2.634675220252268,0.00499144224772563,258826,0.006658113856303937,0.0021610957852198354
128,960,6,2.6660567235745245,0.0034236826031245338,275831,0.006844844055473137,0.0034177941576415405
128,961,6,2.625751865047637,0.0054361875390847025,267806,0.0066623971559018,0.001801864937741704
128,962,6,2.611407573387672,0.005831311967003927,263720,0.006779553307335619,0.0019509061530411653
128,963,6,2.658229200295944,0.0034378116098685574,258640,0.006708610178495097,0.004823707676674505
128,964,6,2.6878993606392045,0.0032611563948481415,260038,0.0067418228583568,0.002787848328168696
128,965,6,2.6151946444069485,0.005212398761790249,259565,0.0065676797033963836,0.0017602529659490607
128,966,6,2.6188922061866258,0.005946280074899835,260506,0.006685440388045332,0.0014908644572574348
128,967,6,2.6578705954029265,0.00429892262117626,264831,0.006752266097890533,0.0012558602486566484
128,968,6,2.6399300282313334,0.005662119786055242,256752,0.00645036923585489,0.0013872459632575662
128,969,7,2.6203746931163856,0.0038159091009595247,208662,0.005151548660522542,0.0020653237782116696
128,970,6,2.6349638095459142,0.005680375969970924,269820,0.006781495670406342,0.0018185644343499119
128,971,6,2.633369649264858,0.005719894527662528,240700,0.006379291468236999,0.0018278279297810895
128,972,7,2.602081726745212,0.006496159688747616,203837,0.005045391244241149,0.002317471750765243
128,973,6,2.6499859208842222,0.004318826880889359,252205,0.006565921771274584,0.00236242643795026
128,974,6,2.6552429551696006,0.003343494165033878,266792,0.006735679151905102,0.0031883350223247953
128,975,7,2.6609460076221274,0.004614939302714061,187214,0.004777390018134862,0.0012149131112214606
128,976,6,2.643851790797688,0.0035876655019074777,265351,0.00675936140005245,0.0018623277767332302
128,977,6,2.629476000593885,0.004893814329760993,258550,0.006564906677521932,0.001336086896208899
128,978,6,2.6153069463735474,0.005474072819532494,262712,0.006634403439570189,0.0012023985536433468
128,979,6,2.6501375836561385,0.004591163042690388,249379,0.006411249662153451,0.001278207699596745
128,980,6,2.640834190865255,0.004280972336723254,277745,0.006929688875943811,0.0019472167136457275
128,981,6,2.6474217166975733,0.005422531643950235,269523,0.006717559238208549,0.002644657565418318
128,982,7,2.6014075571675543,0.005003657933499217,211876,0.005229338127987481,0.000925979305821778
128,983,7,2.6602032241629576,0.003873547498698837,194142,0.005050531065128703,0.002852739150034478
128,984,6,2.6229164537228016,0.004909266737401441,269570,0.006810812053598668,0.0017620454505998806
128,985,6,2.6430161223743087,0.004387664132851743,262117,0.006625824474258749,0.0014364175601078721
128,986,7,2.5940529147493456,0.006894298123653386,194997,0.00489356471032073,0.002689600997868191
128,987,6,2.612634850321204,0.004862013530186032,267764,0.006758663825862508,0.0019126179430440926
128,988,7,2.6409643646107237,0.005082716700508638,194039,0.004921982722036873,0.0016582562851096827
128,989,6,2.65824952094143,0.0038112642759744464,264902,0.006687063613386739,0.0010169408743679609
128,990,7,2.6069841998483,0.005499340593319579,194359,0.004980067329134846,0.0023505577063753225
128,991,7,2.647563841059884,0.004203708069217327,197714,0.004940511038561569,0.0015603285963784463
128,992,7,2.660629442640928,0.004779778644689592,209866,0.0051584856764923595,0.0030625049372107194
128,993,7,2.6418709739404997,0.006527516136666911,185993,0.004756746676110955,0.0024594789428550867
128,994,7,2.658001101409248,0.004435207707553568,199739,0.004947746443049405,0.001203827392399548
128,995,6,2.6364545329592772,0.0042563264748841645,262752,0.006614582835093097,0.0013849294907158916
128,996,7,2.6422898077939094,0.003511768658227332,199921,0.004982619860480862,0.001439045272051187
128,997,7,2.5965535735970695,0.004763759541538848,216822,0.0052757301521767185,0.0013743858078958393
128,998,6,2.6562776325587345,0.006293065857580493,254793,0.0065417745631255715,0.0023382395849786963
512,0,5,2.713689819522555,0.003732162709347342,324530,0.00818060707349136,0.003073740476851494
512,1,6,2.720352488984101,0.0033227123372323586,229305,0.005764266934590722,0.0011422452504022962
512,2,6,2.6916206603073927,0.004292166267937936,235766,0.0058650310008355015,0.0011777478307054001
512,3,5,2.737633987148746,0.0025073628746347665,339431,0.00859550783163095,0.0013052627015056328
512,4,5,2.724423590372148,0.0034202291855485734,334480,0.008444653310979206,0.0026700926000746694
512,5,5,2.7137742504278695,0.002856001659145513,337460,0.008484125425975578,0.001447374320078687
512,6,6,2.688243048685687,0.004325665088650621,238762,0.005963553690740929,0.00215873594529864
512,7,5,2.7141029370451792,0.003811465399381153,327893,0.008386762893887331,0.002992629963976312
512,8,7,2.692741725576915,0.003898590393661805,186428,0.004608101174748422,0.0034364291823272275
512,9,5,2.7461186294653515,0.0027201978462007004,351377,0.008777873634013254,0.002979870271772489
512,10,6,2.722473559614836,0.002147530398996622,227720,0.005808703121831018,0.002049605080229111
512,11,6,2.6952825744045126,0.0037639186282928394,239760,0.00600581072708535,0.002969999817961977
512,12,5,2.7140862729988156,0.005076678606627749,340846,0.008527886817388567,0.004261211687330846
512,13,5,2.6971029691245327,0.004300168870683518,343357,0.008649814093878713,0.0022264798439977085
512,14,5,2.710699557590713,0.004745183722615565,333556,0.0083894504237923,0.005152526093566978
512,15,6,2.7223036198801376,0.002874996410234254,249862,0.006108576200223179,0.0027988555438608342
512,16,5,2.7043658362358824,0.002970636390776993,360939,0.008775187646921102,0.00221656544018195
512,17,6,2.6988910002154385,0.0035748074707986355,240262,0.005975437985811176,0.0006652915916909308
512,18,6,2.708212508042729,0.002051939168054684,235442,0.006012049020356374,0.001307444705767824
512,19,6,2.6815084729168492,0.0044517638793414305,246908,0.006172691358232099,0.0018838859307299671
512,20,5,2.7003512697948806,0.003671281396833481,336042,0.008429347318949714,0.0010174875273692985
512,21,5,2.7124691739618068,0.004438879553382624,359511,0.008730373258298294,0.00216387010350072
512,22,6,2.7162028205771427,0.0025801276361556713,240525,0.006031671787579629,0.0012144202092591039
512,23,12,2.7700855132658955,0.005454820353789525,63300,0.0016366909181339613,0.0032765327012255208
512,24,5,2.7295859569194305,0.0032660650909744904,345186,0.008717498410860848,0.002094381219924557
512,25,5,2.732921723344774,0.00325399912093427,314071,0.008175307266749194,0.003218101267988216
512,26,6,2.727795912262776,0.002289552961023955,230955,0.005848956297301571,0.0013172393328763077
512,27,6,2.733464498750756,0.0022443220533889807,244121,0.006066329620467551,0.0016206403553546966
512,28,7,2.707190403697358,0.0032520909812173704,181805,0.004466648333766105,0.0036787638072393047
512,29,6,2.7060634004848527,0.0038435924756008433,235251,0.005833052715720187,0.0037527501388926465
512,30,6,2.6804665553880134,0.0044822042676727625,245978,0.006080395255107507,0.002158233176787594
512,31,6,2.6929491063014157,0.004937994289101744,230792,0.005866719228327841,0.0049089398625997704
512,32,7,2.7012937414982243,0.003809570158093134,171177,0.004293898874325576,0.003969714288864334
512,33,6,2.712523966984259,0.003166850244290309,256115,0.006222101939075804,0.0019313044984935468
512,34,6,2.7196037129311335,0.0030375931506404497,238472,0.006086064504290541,0.001146098676169549
512,35,5,2.7158134559241214,0.002607382316674456,320662,0.008288462331298365,0.0007553691686856823
512,36,5,2.7280038395860564,0.0031419100578026216,355423,0.008796426515921083,0.0019203517226755729
512,37,5,2.703044754650468,0.004553898544693458,363002,0.008928361924184704,0.004920678054427752
512,38,5,2.711907977360106,0.003162626852677153,366316,0.008781362213380035,0.0010566181707561961
512,39,5,2.672505296416797,0.0048089397625717956,339772,0.008531336451084861,0.002955416642403952
512,40,6,2.6942465285321773,0.0038861636078435513,236023,0.005934530752972552,0.0009668057468767977
512,41,6,2.7093925647752903,0.0026222363096354284,235088,0.005941639156222943,0.0015205170285995662
512,42,5,2.7088187357850604,0.003077666560319492,344784,0.008563361621141437,0.0013253248712132848
512,43,7,2.693183561822623,0.004335979512516741,174148,0.00439372020044576,0.005018698219867557
512,44,6,2.7191882129939113,0.0035166481396766702,229300,0.005800188342967135,0.0016482493045769653
512,45,5,2.7297717737176055,0.0045661258757451195,314547,0.008266925933392935,0.004951049463618684
512,46,5,2.70602743857106,0.0034502450592874823,355225,0.008690840508562371,0.0018945673223633719
512,47,6,2.729503576086895,0.0035187635048167243,240041,0.006000044742690163,0.0024693283512741138
512,48,6,2.721591886264487,0.0024179267869715027,237970,0.006025708253675708,0.0014610897660873867
512,49,5,2.7085073138750646,0.003914633333053308,362143,0.008926172410645784,0.0023796500395105724
512,50,6,2.719609432072458,0.003011495917708773,220001,0.005725879303021031,0.000989459504448842
512,51,5,2.73739318349713,0.004125881523348196,315015,0.008253070369322508,0.003542434595087962
512,52,6,2.6993751915816393,0.0037459740828011956,249107,0.006124523629449541,0.0013898429460297013
512,53,6,2.701956084964362,0.0034206767516762326,247807,0.006065736727536908,0.0021648609992462875
512,54,5,2.7188275105230884,0.002908065653766889,346674,0.008743353248000851,0.0027330684329145427
512,55,6,2.7089758833002744,0.002843023230286512,245860,0.006054792150284345,0.003193354154593764
512,56,5,2.708547795388175,0.003750827088584152,338900,0.008481387009343064,0.0017300229856934135
512,57,6,2.6783045848468183,0.003958542244961505,230569,0.00584505524611384,0.0022303614153028617
512,58,6,2.710203754300281,0.0032699211054124655,231394,0.005929539206225265,0.0007411649185682656
512,59,5,2.7057903439119393,0.0031508452344328752,360592,0.008744444723322274,0.001285741861642431
512,60,5,2.745332644638816,0.0020738788147365295,346042,0.008718145721285585,0.0025884669065564803
512,61,7,2.6951870544193923,0.0031918823230205895,173395,0.004458767655711908,0.0028497633632116326
512,62,7,2.69299262972281,0.005335591705837972,176995,0.0044283756309362555,0.004704679905520814
512,63,5,2.736310649532451,0.003062530314269507,329919,0.008274563655393877,0.00110446181883872
512,64,5,2.6983347168376577,0.0032365129597948794,345034,0.008733425717966193,0.002595200956988869
512,65,6,2.6922881466369857,0.003551621908199576,231021,0.005876330212819298,0.0024756970153165803
512,66,7,2.713374943274074,0.004547071435174854,168441,0.004295572279217783,0.004429716620240387
512,67,5,2.716571723680736,0.0035934896025204832,346582,0.008657537610973551,0.0025297824309580552
512,68,6,2.751567292259071,0.002865475452520805,225567,0.005732275174011185,0.0012694095952191509
512,69,6,2.7015359974868542,0.0033215728459332627,258825,0.006147282110407965,0.002444093535506453
512,70,6,2.714621403481579,0.002112612895020183,231243,0.0059614080403254475,0.001321732789742902
512,71,5,2.7336434492020976,0.00243152538039193,324609,0.008260476390808335,0.0016608029740675656
512,72,5,2.748972264537688,0.0038223943338632216,344106,0.008521266578384814,0.003972887651483514
512,73,5,2.6998649684093774,0.004153040568106503,337253,0.008495975122696156,0.003496243792843634
512,74,6,2.732283579838084,0.0020073303315086832,237425,0.005954133274430235,0.001718129516855238
512,75,6,2.706875094204119,0.003122466108697486,251621,0.006180370859586152,0.0005514368626009514
512,76,6,2.70037961229111,0.0032555291454479107,244481,0.006018444655435975,0.0007766377887361564
512,77,5,2.7206951974154414,0.00327806045462814,337362,0.008514745520509698,0.0010482087214452873
512,78,6,2.7193909851129168,0.003083690260109684,231599,0.0059289240789289635,0.0022363284320940924
512,79,5,2.705699583096224,0.0032358742339020363,365988,0.008851334781517227,0.001620279426205351
512,80,6,2.6930546712031065,0.0025101776443662294,243716,0.006018571246957203,0.0017304341147372782
512,81,5,2.6962847188718424,0.005317175450135658,333767,0.008462201556205171,0.0049075555839880325
512,82,5,2.721216300246034,0.0035488527613802834,372751,0.009115844897769529,0.0018939747675313923
512,83,6,2.7024744504976415,0.004455492812304174,233267,0.006011174532433637,0.0019526882000496792
512,84,5,2.731715194649599,0.00205692486307385,328459,0.008413418929189771,0.0013943966739428104
512,85,6,2.7219448855713817,0.003412801477864602,232393,0.0058527029258578465,0.0026544336799130264
512,86,5,2.716318714392325,0.00391167621917321,347385,0.008544013184616157,0.002198906628233077
512,87,5,2.7118578794769763,0.0031513494228038175,344500,0.008609926062603584,0.0024760088995652574
512,88,5,2.7289319158735914,0.00414119586110262,331707,0.008504977088582916,0.0032190355478194377
512,89,6,2.711592666803159,0.0034097965438657507,229068,0.0058074651436863895,0.0022556124096305974
512,90,5,2.7127984124414875,0.0038710767184227945,322042,0.008238304182578761,0.00179708365014708
512,91,6,2.7188434781633073,0.0029020330623185098,239490,0.006032535793763599,0.002094520257539756
512,92,5,2.7405782344773786,0.003858062870462531,356145,0.008802702021325503,0.002860272802949426
512,93,5,2.722949595341096,0.002341301721841549,339322,0.008436790025690387,0.0019715838449851364
512,94,5,2.6964744860740435,0.0028265364180660724,340726,0.00856137294746256,0.0022518647276251746
512,95,6,2.6928347579215335,0.003681313682210141,254035,0.006244364868439036,0.002614814607255267
512,96,5,2.7327396365608765,0.0016283628636185044,359805,0.008768970403381413,0.0027099068651093017
512,97,5,2.7376340818358367,0.0022762060119815297,340280,0.008601497774854102,0.0014694333931839498
512,98,6,2.695028278707432,0.0026281255590202557,239970,0.006050754781040565,0.0018107009398109497
512,99,6,2.7221109482118084,0.0029654945220434215,243664,0.0060847900550900945,0.0025487569840045576
512,100,6,2.7216606758512434,0.0029793116379224216,236034,0.005940572678817129,0.0009552301947598485
512,101,5,2.7093800487136774,0.00471833058146387,346478,0.008613185802589704,0.004661650307909215
512,102,5,2.7199191920484687,0.003962518774593471,333963,0.00824612460810519,0.0018115229679472045
512,103,5,2.708984647897476,0.003658323688732923,352568,0.00880392867651133,0.0015134772325958723
512,104,6,2.701535441398404,0.004290191756360584,223775,0.005839454572631516,0.001883735033781142
512,105,5,2.7279815799922944,0.0024772919042996833,361128,0.00882538967697155,0.0014524112011972123
512,106,6,2.718147119577804,0.004132093292952277,248035,0.006075449472056705,0.0022051017161639486
512,107,5,2.736163019544367,0.003509443506469645,339874,0.00850649253461261,0.003286327511584086
512,108,6,2.679107839764718,0.003647139935186283,229478,0.005848807567405495,0.0029928675087816936
512,109,5,2.7197569789434555,0.0026500368542847763,358295,0.008833489287808662,0.0013266953490268518
512,110,5,2.71775478327824,0.004143934367918711,367490,0.009088164019733848,0.002141145994243754
512,111,6,2.6972105686226686,0.003334734047432786,245990,0.0060629219848171365,0.0011837388384506875
512,112,6,2.719909284090811,0.0021377731802124655,228770,0.005869553866953786,0.0015787819527744995
512,113,6,2.720468453292015,0.0020363053113994223,256387,0.006186894965979402,0.0021843900952712714
512,114,5,2.6917056778009187,0.004168696026034535,331031,0.008385441480773857,0.0029175251590539686
512,115,6,2.6922027666786223,0.0045847869005258834,237056,0.00595789641942127,0.003412468549781722
512,116,5,2.7164320714670436,0.0027874662016013074,330690,0.008406589002552584,0.0007792730158543426
512,117,5,2.727054671415952,0.004567635781177692,342907,0.008629687027346162,0.005428600704029618
512,118,5,2.7197719800983067,0.003389987960770613,328521,0.008376954886721485,0.001986935121334743
512,119,5,2.716321436560149,0.0027068834538368503,356312,0.00877725371123931,0.0008132487385320575
512,120,6,2.7256155549971814,0.0028642393507469777,230116,0.005895889922959323,0.0010736449135224646
512,121,5,2.7401427976571013,0.002244657479899881,342936,0.00855898111246888,0.0030793171654145135
512,122,5,2.703532026352823,0.0033591604498534045,361603,0.008757813092429595,0.0009014845742223443
512,123,6,2.7485697049441007,0.0019793604347397853,224103,0.00577324749505983,0.0027091582373409695
512,124,5,2.722769228472852,0.0022877070243420006,341668,0.008516543832826597,0.002121792582236104
512,125,6,2.7085616486848267,0.0033036201193376025,228906,0.005844649757883623,0.0007011061643189542
512,126,6,2.712230639770037,0.00223222103068188,246876,0.00603829147922561,0.0018624298091489688
512,127,8,2.716205627460855,0.0034041096740493604,130340,0.003365345165798116,0.003989418537666656
512,128,5,2.6949532242701677,0.005680648790162723,325175,0.008301137361122361,0.0065152206650783695
512,129,5,2.700789020127968,0.004235362782668339,335015,0.008445530544263351,0.003456820394891147
512,130,7,2.7331949402113387,0.004986120011508222,170481,0.004258822365581083,0.005854809421220408
512,131,6,2.6971570774889693,0.004756438764392024,235037,0.005925306504407734,0.002306931428409875
512,132,6,2.7265517075846475,0.0017940997328022013,241121,0.006000732916603672,0.00173701168406315
512,133,5,2.726792909700105,0.004676191398023888,332454,0.008461800818553888,0.005311878246352375
512,134,5,2.691191673154834,0.004295137870168664,326078,0.00840982791186081,0.003673906898155832
512,135,6,2.7342550314584186,0.0024291144244883434,228849,0.005795308162838007,0.0016972595344626473
512,136,6,2.7286518600222287,0.003884384915362027,234613,0.005916524234112314,0.0009509117280062096
512,137,6,2.7312960374837703,0.003035679059510965,235074,0.005899192157939569,0.0016591051611370977
512,138,6,2.716083444224267,0.002137259761807675,238148,0.005996547430180238,0.0017737497171733674
512,139,6,2.68687179882556,0.004491068899838968,225787,0.005790801533599226,0.003866051337655496
512,140,5,2.715552983656976,0.005405277739461423,332575,0.008445630657455174,0.005469237234000168
512,141,5,2.7130161630170755,0.004253188131028707,326839,0.008376843252672267,0.004128984357029686
512,142,5,2.739582835909948,0.002574240607369327,327945,0.008275549960883899,0.002903025940756948
512,143,6,2.6794920236232143,0.003142987741835024,249683,0.0060643825275599654,0.0031748650261872458
512,144,6,2.7293900546094534,0.0021715663963945975,257766,0.00622064127053737,0.0022700627386108563
512,145,6,2.7039500083269523,0.002586174852610923,233283,0.005852442964627645,0.0009409578178114497
512,146,5,2.722007752712361,0.004088075614393782,341152,0.008577154566584578,0.0023349079224775637
512,147,6,2.706381596329128,0.0036890973383203463,240657,0.006002739354545572,0.002167372003978374
512,148,6,2.7061490455078734,0.0030493901835280113,245091,0.006077567637864245,0.0006558960497338173
512,149,6,2.7047399569401067,0.0034616513893420686,231205,0.005876207605076557,0.00047438083182504975
512,150,6,2.7282155539643163,0.00197460563411217,244701,0.006029096542466471,0.0018430294356195365
512,151,5,2.7205127528895168,0.003740389622645446,332786,0.00840026418528713,0.0019902426938271933
512,152,5,2.723462557336204,0.003631349935725614,355828,0.00877282474611722,0.0013517833330526363
512,153,5,2.7003582833035247,0.004366342271341139,333262,0.008431779191634398,0.0036392366605835225
512,154,5,2.6981794240965513,0.004511849858740591,328635,0.008343611944240954,0.0021371835131415162
512,155,5,2.736246835044768,0.004614638842960206,349686,0.008606353362516528,0.0033866164193904202
512,156,8,2.710827749304048,0.0037329544577869855,139738,0.0034873485350031585,0.0038448951068679182
512,157,6,2.720839522235712,0.0029543450374571734,227817,0.005930118482370498,0.002079649313183163
512,158,5,2.732361243940691,0.002589142732295935,362607,0.00896301987725102,0.0014976774082237077
512,159,6,2.7008407656415265,0.0024341589338869873,249020,0.006157407234550457,0.0011199998396174138
512,160,5,2.738796990486392,0.003425508900737839,349703,0.008534842481644388,0.0012785140512143744
512,161,5,2.7556786862253246,0.002691181256150421,331597,0.008456054550307616,0.0009902708133816551
512,162,5,2.6950638487525174,0.0036758346923660423,370317,0.008974859501910166,0.0012422305268713352
512,163,6,2.724374981458535,0.004052716897051556,216749,0.005615762885670287,0.0015486072922915595
512,164,5,2.725142276700577,0.0036911363361442073,328284,0.008386540089053405,0.0016065695309881445
512,165,6,2.7070309249606628,0.002337231098715975,243860,0.006022885879624873,0.0012178222881824574
512,166,5,2.751624755101142,0.0037924978167103163,354902,0.008692504969628206,0.001572633080698882
512,167,6,2.691101955896529,0.003892333691146721,246269,0.006107975718794373,0.0018210103905421104
512,168,5,2.761997554284582,0.0027375521970319783,337748,0.00832608058189972,0.0010479580529263455
512,169,6,2.7438565494476603,0.002860488577188458,214976,0.005650518966112946,0.0026856601015231574
512,170,6,2.700778557144812,0.0031333042568471026,243257,0.006009025259164951,0.0015897200675594192
512,171,5,2.7376590129274563,0.002628136717612195,326829,0.008487884567948654,0.002361690857994647
512,172,5,2.7071582947518085,0.00450999858862855,345157,0.008524705783212051,0.004356171427656208
512,173,5,2.715575383636055,0.004541990203091095,321241,0.008316714540354347,0.0024455810839408842
512,174,5,2.7028784283053233,0.0040565571679077594,333170,0.008419839048320884,0.004270791246555661
512,175,5,2.7269148047263125,0.0025036035740375606,371483,0.009070389959890927,0.000832064802098742
512,176,5,2.706621465636386,0.0059132219601445435,366882,0.008969171818061361,0.005702758883562975
512,177,6,2.7150644162374675,0.0029354032276852626,243472,0.006008903875060843,0.0022315219416697563
512,178,5,2.735982860864894,0.003574977575720839,336220,0.008320127586837837,0.0014684245995693068
512,179,5,2.703841145509357,0.003421759363407828,357059,0.008877481069724299,0.0027540981472303216
512,180,7,2.7315530918155195,0.005128137061365751,165397,0.004200100905826341,0.006448250684000345
512,181,6,2.7013473650117974,0.0028576373249762366,249093,0.0061683767533472185,0.0017932014275353625
512,182,5,2.7315065080358187,0.0029761029510083636,342966,0.008466126877413981,0.003863969851978677
512,183,6,2.691770413646137,0.004429749824915508,229249,0.005757213059751719,0.0018733080485326958
512,184,5,2.7058521205389483,0.004319223475122813,340952,0.008602844440214467,0.0023312915399312795
512,185,6,2.7179609397592435,0.0029284573339611875,241027,0.005967345835478304,0.0029889099316630086
512,186,5,2.7433432536380304,0.0031430769347823295,323171,0.008314785264394662,0.0019835218747686345
512,187,6,2.7018812030182326,0.0041495268125515405,238607,0.0060036724992588095,0.0009715581855335165
512,188,6,2.7116454156989533,0.002704754620300287,252354,0.006167321986683488,0.0024271028073353795
512,189,5,2.7566379691988376,0.0024695558716734123,313135,0.008082963494979094,0.0026134920258613636
512,190,6,2.70821586812017,0.00464070981615039,243417,0.006088429640027353,0.0027743330825298895
512,191,7,2.714715270545047,0.004223979361092978,169294,0.004232042330522571,0.003785057049765783
512,192,5,2.6910738226456856,0.0024077583188729657,319918,0.008146546677340698,0.0014572522087396012
512,193,6,2.702205448304821,0.004724415091094891,238377,0.005969301507809746,0.0022427758952394683
512,194,5,2.715384030901768,0.004484853648142217,331266,0.008504854374914281,0.0024645265827297758
512,195,7,2.68261259395279,0.0037176210915849106,183366,0.004510468342300678,0.0039014559812347027
512,196,5,2.6907951125206364,0.004262521604909475,327833,0.008450864048667952,0.0028055874324078856
512,197,5,2.707331670572613,0.003339007933017002,340989,0.008570529336988602,0.0010032415027596553
512,198,6,2.72662933117216,0.0031132209166522262,235179,0.00595933500552542,0.0018451785085779604
512,199,5,2.7075171970262493,0.004498177555368743,326842,0.008320954915130293,0.003497698801434801
512,200,6,2.71135111516094,0.0034237750192539496,246386,0.006001283626696025,0.0006794518617629919
512,201,6,2.7017707758767213,0.004870335056549435,226290,0.00567106243967808,0.00328750968116448
512,202,6,2.7300475623025546,0.003007858674055841,234546,0.005952736572079949,0.001070968145184814
512,203,6,2.726134809783268,0.002935135270533129,233560,0.005951577814089639,0.0019530904890213696
512,204,6,2.6775305740348774,0.0029985141375734603,247924,0.006075862010655869,0.0018614679805080137
512,205,5,2.705157537354888,0.0029711530247611417,356594,0.0089166801486005,0.0010735891770745631
512,206,5,2.741196879030444,0.004754263217939481,301978,0.00784589273836487,0.0037120516771665946
512,207,6,2.7240664137488357,0.004019991951817681,212074,0.005614333708409392,0.003369203061835635
512,208,6,2.7354517699785146,0.0020679820470473897,237578,0.005938536059300474,0.0025072400971456466
512,209,6,2.6914297254000488,0.004093800576195128,252158,0.006180356770394837,0.001466635265299443
512,210,6,2.7329832469621924,0.003345273607469501,227818,0.005765325748066567,0.0010885420938095969
512,211,6,2.669072531225274,0.003288937264668723,244470,0.00609180952757814,0.0017311971384159908
512,212,5,2.688641087358651,0.0059401064890231,362802,0.008990892608072325,0.006283842071938883
512,213,7,2.714756746727558,0.003917134978405845,185031,0.0045188095805962685,0.004664118581978127
512,214,6,2.7100510968814686,0.0026903022296762558,223869,0.005837948293754395,0.0018979672338749753
512,215,6,2.737997507062768,0.002047389288610535,232090,0.005923828735727737,0.0015549660426834588
512,216,5,2.727463502463377,0.004223607718476408,327469,0.008367755747358981,0.002798968101587529
512,217,5,2.719359174536613,0.0022751254380857233,335001,0.008603463076165462,0.0016341205758185762
512,218,5,2.734479092386724,0.002000663765653443,339717,0.008507676886337065,0.002717273472857995
512,219,6,2.7169198205294705,0.0037602204598378153,236889,0.006016073032067387,0.0021288106312523647
512,220,5,2.7297307141179203,0.0029070269796745984,341763,0.008540014863433552,0.0027393004489162653
512,221,6,2.7119994790325115,0.002835046079974868,224126,0.005823528326580712,0.0020289774848394337
512,222,7,2.706518606599656,0.0030677956116523797,178325,0.004508885583004911,0.0030884281378597556
512,223,8,2.7015051790908626,0.004796832373180626,140876,0.003487741841149694,0.005375192142335172
512,224,5,2.7117719024648723,0.003370955770581996,339163,0.00863024144614656,0.0036567067515861362
512,225,6,2.7019351431828844,0.0033680156858132415,239361,0.005892093464419065,0.0007823847178959342
512,226,6,2.711996115230116,0.003493600638680039,255089,0.006175520908041657,0.002692229049974293
512,227,5,2.7342577074388794,0.0026219743047020128,322992,0.008335112222808074,0.0008788724510877532
512,228,5,2.724906871192339,0.0038879236629119074,348012,0.008710211131491246,0.00286243937551367
512,229,6,2.6893116824172014,0.004704084784203061,231219,0.005854717205199838,0.003902713195497315
512,230,5,2.715933716751315,0.002754299099593349,346367,0.00848943781699484,0.0015917108036813676
512,231,6,2.7180244587299187,0.0028420366202830394,240044,0.005997379225928234,0.001192348414679134
512,232,5,2.715093951359355,0.003653721611745764,329472,0.008395000852821115,0.0011900044396275788
512,233,6,2.6990468262697003,0.004584400544351497,239769,0.005958646665590592,0.0038634653028999377
512,234,6,2.690319845218493,0.0037330984137261547,236340,0.006006627724315357,0.0008112897027672261
512,235,5,2.7255071065759133,0.0029114633963368552,330286,0.008392938512906463,0.0025825345802101274
512,236,5,2.7006136813791346,0.0037113429560158284,352180,0.008794720929929988,0.001995065891752912
512,237,6,2.7274784960383465,0.0032693975672003495,254004,0.0062074487919199645,0.0020812492042338038
512,238,6,2.7203798577143554,0.0032671696017255725,223923,0.005706793990963039,0.0031209281155700763
512,239,5,2.7165618490123133,0.0034622303537474863,328473,0.008363952115761112,0.0026781857385123065
512,240,5,2.7064827168987615,0.003760048871706334,326042,0.008401390647864508,0.0017545058715169315
512,241,7,2.6891984167558265,0.004432275355442106,175583,0.0044203193154105265,0.004980743505078933
512,242,5,2.709496732182856,0.003604627087203549,343984,0.008584345617837103,0.0035868611010632656
512,243,5,2.7441970470665957,0.0034431441674789287,325828,0.00841851568072177,0.0020490970498382444
512,244,5,2.7451660327348284,0.004409931988991089,340099,0.008596974230285432,0.004863777706649253
512,245,6,2.7440701364769176,0.0026382572182435116,232810,0.005912277105870647,0.0014072073332389579
512,246,6,2.698142688108871,0.0031954764338794073,241192,0.006032714706110257,0.001243899967127149
512,247,6,2.7071141627223003,0.0039367320469437805,236287,0.0059213971597331765,0.0032859431569617348
512,248,5,2.7184134231734696,0.0039803172342463,324852,0.008261986342742165,0.0018003409292038919
512,249,6,2.7183670448681942,0.0023991203627515834,244488,0.006010714643161267,0.0012638259245377759
512,250,7,2.713890506334228,0.002992946123821838,183100,0.00450680989805724,0.0025760013304979568
512,251,6,2.696120309534791,0.0019994521092944195,216943,0.005671076368166812,0.002020970242639586
512,252,7,2.6696168415330237,0.0035373968518888077,199270,0.0047115642859218475,0.0037676860143140423
512,253,5,2.709613694910312,0.003673607681789648,320663,0.008260766989556434,0.0013514272099656166
512,254,5,2.7295430313334643,0.004003761357153635,356226,0.008799188834273842,0.004024556107837141
512,255,6,2.6989045914947103,0.004395668041055123,226212,0.005873862152130724,0.0037448791510730772
512,256,6,2.7097429955853833,0.002074669899098658,244482,0.006155905594843504,0.001682246967040002
512,257,5,2.7274398041203396,0.003449712599719046,344698,0.008680237193705087,0.0027269280926954798
512,258,6,2.721507987684827,0.002211034210199858,240843,0.005971527445327881,0.0014973958828993217
512,259,6,2.7013046805165164,0.0032413292695215867,228803,0.005843085535700363,0.0022145700806551205
512,260,6,2.6938331766266526,0.0026161290038306806,268347,0.006385390501035915,0.001311862132345465
512,261,6,2.7020011515580173,0.0028605690359416736,240286,0.006074213416209003,0.0009374649231265186
512,262,5,2.7201857883563343,0.003168708630811423,324667,0.008149978665319026,0.002021322943050574
512,263,6,2.660293909446034,0.005657823136289819,233595,0.005922022933321868,0.0025506370832143466
512,264,7,2.6840352959608507,0.00478416378872959,174758,0.004447865361605208,0.004568986817475973
512,265,5,2.718440680151272,0.004476319197994183,328412,0.00848399582635724,0.002269601376640784
512,266,6,2.70064080906247,0.0029057298659814212,241562,0.0060430532206059906,0.002621595408326516
512,267,5,2.7146266708905666,0.003780449312931755,335689,0.008389940209532439,0.0015710698980121451
512,268,5,2.718856319931782,0.003192899894620904,356978,0.0087402021681934,0.001980013712363893
512,269,5,2.7137716124095745,0.0024415626360599907,326037,0.008326591517575874,0.0014912845359096039
512,270,6,2.7030943617827656,0.002506513658396159,255285,0.006198142137941312,0.0016040339451857122
512,271,5,2.696631667756517,0.002992256007531835,361192,0.008765448109727592,0.001706213463961992
512,272,6,2.688707862468206,0.004399700112917571,248838,0.006067526376359222,0.003606066414058362
512,273,6,2.7397661541608787,0.0027537967266462182,214987,0.005682844129376739,0.0011441424679772272
512,274,5,2.7260058263072606,0.004175177777951511,343002,0.00869104767511016,0.004004352994678162
512,275,6,2.7295337737951084,0.0019653976310672894,247601,0.006205683801937429,0.0018079950620371044
512,276,6,2.682952266095589,0.004022566188857879,225546,0.00570524345582046,0.002933696509049316
512,277,5,2.7284973795072744,0.003204385429133483,340949,0.008703156009232238,0.001124745443900066
512,278,5,2.699121885049111,0.002542246686887628,342502,0.008592231649427155,0.0016786639507409828
512,279,6,2.726921783157766,0.003157435171028289,219183,0.005717269030631236,0.00079599110898676
512,280,5,2.727263144886698,0.005394941346052673,343489,0.008581988914013837,0.0035896182324679504
512,281,6,2.737210584059483,0.0024442322024893492,211463,0.005535110453936224,0.0014164395882845238
512,282,7,2.716996394114854,0.0031001900571424323,184650,0.004491095955347926,0.003916610837552348
512,283,5,2.707751959371981,0.004094589114637226,365398,0.008991637460705358,0.003053115195796874
512,284,5,2.72854918557919,0.0039099211370281495,331142,0.008463606978167814,0.0031573285248961414
512,285,6,2.6833027635713402,0.004514713981582319,246907,0.0060596380572079875,0.0018577535249367783
512,286,5,2.73443179375233,0.003108320763527739,363359,0.008844566084067569,0.0013621940335559746
512,287,5,2.7135217584306535,0.0042640524249114575,324371,0.008293436776360753,0.004289231323855169
512,288,5,2.704598669983204,0.005165511253503952,336323,0.00839685784752294,0.004026490364395285
512,289,6,2.712381375832135,0.002362764855847077,263080,0.006324499420246207,0.0012388257647750756
512,290,5,2.727098328437817,0.0037710046867724945,362510,0.00874573418980137,0.003578684835672863
512,291,7,2.702032465971984,0.0038661074334020995,173276,0.004518575691619074,0.0038134775984626224
512,292,6,2.713711099626482,0.0023655362817617265,241552,0.005936427641026714,0.0016198935460269848
512,293,6,2.700376493943635,0.0035532001719966733,250795,0.006212070442121967,0.0011861545728811818
512,294,6,2.7055770352593993,0.0032597853216129735,211756,0.0055504530404349856,0.0017629076862965276
512,295,5,2.6860615437648527,0.003590076717029711,337670,0.00843586450822922,0.0032006349260397804
512,296,6,2.6990246314233595,0.0042246727130657025,246828,0.006056388543034776,0.0016491454699693042
512,297,5,2.7387837314689296,0.002981770407741613,320378,0.008301630019345889,0.0014625782161287182
512,298,6,2.7013620375994796,0.004085300377372647,246462,0.006153000405935952,0.0012066061483776425
512,299,6,2.7165574061314492,0.002082191616002982,228840,0.005804378592496022,0.0015895198072397587
512,300,6,2.7059626984820313,0.004639668987399537,218927,0.005678138186296942,0.003062142759535036
512,301,6,2.722217430514169,0.0020342550874288268,230811,0.005837190213734163,0.0016107917395825622
512,302,6,2.7400451184149044,0.004021689738962331,229964,0.005780520743064017,0.0026964255783294977
512,303,6,2.7186754860597837,0.002309992123717519,226675,0.005754002976165545,0.0016615635776181525
512,304,6,2.6980386251878152,0.003657697449074071,237224,0.005921530288134179,0.0026314908295720363
512,305,6,2.6897466835446435,0.003361928056092034,249875,0.006189146202977691,0.0009604827918699987
512,306,5,2.7162276192967747,0.002888172799882738,360883,0.008845164414450352,0.0026671435510038366
512,307,5,2.70107865606511,0.003012065908689854,340762,0.00859939739463207,0.0010342481604156406
512,308,5,2.748177181650763,0.002687616643735291,315436,0.008210999755520264,0.004370307229507042
512,309,5,2.7180820267944674,0.0037208729910536142,328075,0.008415395031198845,0.004160257813007051
512,310,6,2.6930325188722217,0.0036367279950814124,242488,0.006024448995260996,0.0021698416016613375
512,311,6,2.7073685651249852,0.004200003568846089,250919,0.006215190817175019,0.0013348317876354931
512,312,6,2.698334058209021,0.003610598653087771,243800,0.006058182907922826,0.0009182507933839235
512,313,6,2.7173081275836197,0.0024477331679848557,238425,0.0060011371767962575,0.0022755380716315
512,314,6,2.6782260345835733,0.002928122365850161,253414,0.006212455515612921,0.0023479689439228624
512,315,5,2.683074965673747,0.004686887138895979,341240,0.0086520449203503,0.0036895765226203636
512,316,5,2.735081732737655,0.004394986481737639,330770,0.008409386326323088,0.004992399788559587
512,317,5,2.7161018648146626,0.004158166535253471,334606,0.00847329101203796,0.0035253467875033806
512,318,5,2.7065199702824385,0.0041691217814592285,318405,0.008174016743994714,0.002607075182910701
512,319,6,2.705810653944425,0.0036438906589792985,242453,0.0060102649444212924,0.0026658618286166114
512,320,5,2.714127383361967,0.0039001936015924388,325493,0.008324700693080125,0.00257900687748136
512,321,6,2.7305646770981262,0.0018576740678363235,237766,0.006027709117643331,0.0025086694557356903
512,322,7,2.687128514912655,0.0033143035989177116,183729,0.004485873778891048,0.004587420834182343
512,323,6,2.6997683331346227,0.0031979255480597546,232445,0.005868613942177571,0.002417179442222084
512,324,5,2.716496214329463,0.003113514523581995,322969,0.00835158489249289,0.0019168005349875505
512,325,5,2.728112673948351,0.002242619173892013,334330,0.008360903959939483,0.0014148528757608192
512,326,5,2.7266505210680694,0.002708121304126676,365814,0.008935072669916633,0.00164265129723129
512,327,6,2.715572390555708,0.0030367981205600136,238191,0.005993286661429011,0.0007135590705193984
512,328,6,2.699138497130102,0.0023103257996914817,226937,0.005857614162780123,0.0017529707774511794
512,329,7,2.732111628059861,0.003982948275113918,162306,0.004182756131318843,0.0050518961662876505
512,330,5,2.6941151676191644,0.002702980431299795,357420,0.008849847634652776,0.002293657047867992
512,331,5,2.7130866128625626,0.003571138716106148,333369,0.00841316000141023,0.002611595558535962
512,332,5,2.7301481833577497,0.0020905525883754272,353536,0.008635302857962438,0.001675313818031876
512,333,5,2.7128265396003046,0.0030693485737699477,340369,0.008571603990883254,0.0026921881778119716
512,334,6,2.6905131874267054,0.004255572857260637,231387,0.005957847278457464,0.002418343542883533
512,335,6,2.697036470854,0.003265399860197582,249589,0.006239374503137286,0.002237980092408609
512,336,5,2.713591562223584,0.0038686188869347937,333522,0.008420636444509078,0.002127824237683096
512,337,5,2.700030550890981,0.0038150773068231225,368201,0.008971341514774982,0.0017672350045927487
512,338,5,2.7327827050362257,0.00323514768653399,340858,0.008491823725386871,0.0016398427950045091
512,339,6,2.694090905545049,0.0032519259871288675,234229,0.005922079682057575,0.0026011370971468217
512,340,5,2.702481661829924,0.003943493033699785,356605,0.00876188510567985,0.002990224248964446
512,341,5,2.7099579173285733,0.005743176174884956,310283,0.008080762465747331,0.006665646555244487
512,342,5,2.7185399046105068,0.0015533012518216816,357599,0.00868951134896852,0.0019871924739405245
512,343,5,2.745573758421517,0.002736469543296205,335671,0.00843245209484904,0.001401280495031576
512,344,5,2.7371710076189895,0.004088304882159999,318092,0.00823945211575465,0.0018749799747653784
512,345,5,2.7393555489846375,0.003592878501387675,347327,0.008529275105546179,0.001994591376155097
512,346,6,2.725424050772857,0.0024105715377418235,241277,0.006064755035194266,0.0016329179875560484
512,347,6,2.7073174994801597,0.0026440640958401707,241424,0.0060743465864295226,0.0023102228948919112
512,348,6,2.7308178127597986,0.0020592218533060924,267895,0.006413628383940415,0.002551672160857388
512,349,6,2.709036420719725,0.0032875470642993454,238191,0.005885236952866934,0.0018288540694066102
512,350,6,2.710906486105602,0.0022085694697563385,225717,0.005701374781589003,0.001402287435735422
512,351,5,2.726120805954658,0.0026360227696913263,343673,0.008531350733608584,0.0016318637748800324
512,352,5,2.7238957891633127,0.004134080799586326,325922,0.008366555781560817,0.002271565279123977
512,353,5,2.7019372378755118,0.0035807735704042054,346954,0.008610147393998135,0.001829964987764332
512,354,6,2.6824223957169266,0.004269939008905155,231904,0.00586179856442252,0.003619150118923109
512,355,5,2.7193717021449624,0.0025231703167037933,366589,0.008921688611409935,0.000957857285420971
512,356,5,2.7097537912218153,0.003778496528990649,330942,0.008358641176139126,0.004039744022650893
512,357,6,2.7336752792028394,0.003725328227675795,221643,0.005796963853814603,0.0031003281788679615
512,358,5,2.7201019951800216,0.002871542611748046,376705,0.008955589353521774,0.0026918584345116403
512,359,5,2.722820680165549,0.0027588855289135683,368405,0.008860728957274957,0.0013983547399446516
512,360,5,2.7313727964918417,0.0038575185700852055,330739,0.008351030363311066,0.004156818246356275
512,361,5,2.709550797327032,0.003608136301810394,346697,0.008626825648802247,0.00233307225451318
512,362,5,2.7072897639836806,0.004634010494833252,345143,0.008648666284211537,0.004810535283710282
512,363,6,2.7223050558874657,0.003518761903015699,252012,0.00615816914815219,0.0011617655018519857
512,364,5,2.71766627901063,0.004029894086880592,332500,0.008296878222838129,0.002234322543494982
512,365,6,2.7129780916092354,0.003280938078549067,228085,0.005752607583106308,0.0038074397449461284
512,366,5,2.754751068098606,0.0016451449840311216,347136,0.008616199013109437,0.002168413702959171
512,367,5,2.7072340109814323,0.004414510485360457,338064,0.008558897549264156,0.0038089637929695774
512,368,6,2.676984825168189,0.0032929384335106393,255008,0.006269711631570455,0.0011926914538546995
512,369,5,2.721631518317469,0.0031363434674998025,362090,0.008799757886967402,0.0028022741289521758
512,370,5,2.7131033513378884,0.004204546995035363,345995,0.008628050776962213,0.0027459159007594547
512,371,6,2.6904882147307867,0.0032032272962239094,225454,0.005785373557213866,0.0025400914573561195
512,372,6,2.7212108231761563,0.003750181974433109,227392,0.005790192652394435,0.001182395242205203
512,373,7,2.7328133707728504,0.0030252232937068024,166381,0.004186328280792394,0.004055563729642886
512,374,5,2.7434820044719905,0.0038202988065618726,349667,0.00869529365151579,0.0014475449125940232
512,375,5,2.7214128584430997,0.0051207917072262354,331852,0.008372500851310555,0.005679445936697447
512,376,5,2.700647970934261,0.005337824727970286,311401,0.008144560728555557,0.0053485474967339686
512,377,6,2.7216886362810397,0.0026134415625428398,250663,0.006144832051193737,0.001962652672560794
512,378,6,2.739622519319873,0.0031393265492528633,227134,0.005934065807743207,0.002186714014803859
512,379,6,2.7020074691721447,0.004796013199314997,242760,0.005958367417145411,0.0015491662145536989
512,380,6,2.6863653220116372,0.0036072147302417257,259051,0.006289870291016522,0.001676960728639293
512,381,5,2.7332065091038156,0.003910408183087188,354548,0.008704151595629374,0.002328921846481369
512,382,6,2.7229181690849757,0.0038261189096505666,219880,0.005732136838838632,0.0007301572665689982
512,383,7,2.6944347198364604,0.00422497621729967,159057,0.004181139550517181,0.0044166759921032694
512,384,7,2.7156777455378065,0.0032506400934234625,170442,0.0043879028451858995,0.003414492256934909
512,385,6,2.679842826403855,0.004630315810846719,252449,0.006208135800957205,0.0019298090024889025
512,386,6,2.7459596292193553,0.002358883560329539,217860,0.005654604574405354,0.0041627042020778715
512,387,6,2.7317789969389286,0.0018684351601341298,233262,0.005893524387058886,0.0018331718808795028
512,388,6,2.715706391847362,0.0031301010025995835,246193,0.006179097111363146,0.0010516252671192161
512,389,5,2.7481812631313973,0.0017993079790517008,340060,0.008597088012631647,0.0015295803403761465
512,390,5,2.7052165919553994,0.003913840539396474,342176,0.008448299287698174,0.00328029399406804
512,391,5,2.6932367656974314,0.005239009037694253,338833,0.008419351400856796,0.00476959611090233
512,392,5,2.717206492369899,0.002236517862239995,350241,0.008675984703121354,0.0014314915249822313
512,393,6,2.6879379770013356,0.003895992251441549,231635,0.005807309977602113,0.002039844804529234
512,394,5,2.715566662574153,0.004149616564442904,320356,0.008191512989499258,0.004900407493193093
512,395,5,2.7103238732886434,0.0026806234010334773,354070,0.008672319068057951,0.0017082090246156034
512,396,5,2.7280033990444763,0.00279049881406479,332375,0.008364676806001357,0.0013773354283831418
512,397,5,2.685576930849605,0.005125433356700793,329124,0.0085815703785688,0.003955256629354531
512,398,5,2.752399884415159,0.0031398013331983554,317201,0.00819615539510228,0.0015090915793671278
512,399,8,2.7033064830773057,0.004066754618511581,127038,0.003297610645677086,0.005667247087393246
512,400,6,2.6840777783269107,0.004653633880397856,226766,0.00582625616267784,0.003914191539035494
512,401,6,2.7378427083204593,0.002541592314591501,241038,0.005918150155155081,0.0009058508035446611
512,402,6,2.696931910866403,0.003502859349254206,232137,0.005801808616119549,0.001090964192057231
512,403,6,2.7038379390591554,0.002175990644886938,247647,0.006112386038346413,0.0018350210535019729
512,404,6,2.7091757063350714,0.003955927834283779,222445,0.005670897556406432,0.0017211959928710163
512,405,6,2.72864165365735,0.004031383916785147,219232,0.005715780300789706,0.001267686121346312
512,406,5,2.7075126506546487,0.0029633720212374204,337069,0.008530741827988483,0.002609535204533109
512,407,6,2.6997598359494623,0.0050057366013240845,233980,0.005905166081471051,0.0042043650126183385
512,408,5,2.708429768028056,0.002755876833446025,348602,0.008650864263780063,0.0010713119383395364
512,409,5,2.701395454203805,0.005018456340309618,350445,0.008778386380058428,0.004443890771420267
512,410,5,2.732373567243759,0.0026903376415637337,346115,0.008624068240458103,0.0020100019398928692
512,411,7,2.7216078327662596,0.003150852527544823,174071,0.004320602608286668,0.0035166039233268664
512,412,5,2.75405284431063,0.002941834732456461,328302,0.008221468535156594,0.0012750116759073227
512,413,5,2.721031899781172,0.005307993550113521,284662,0.007684128342775473,0.002946246414470277
512,414,6,2.693128529186023,0.004368850258767321,237990,0.005948643849676152,0.0018647406540073241
512,415,6,2.714959128903727,0.002426947582382266,229807,0.005880651087493234,0.0009267016088182201
512,416,5,2.7426187636647796,0.0031726562905991518,308184,0.008176398642679196,0.002722631486200222
512,417,7,2.6769264315255366,0.003908569061108702,178623,0.004380737312647961,0.004160135389115083
512,418,6,2.6930203336724756,0.0030029369573831843,238153,0.006078200791516485,0.0014836885572967473
512,419,5,2.7423383728246873,0.002592318597878507,347906,0.008726667478365688,0.0015106949424448235
512,420,7,2.713202413809907,0.0029182948965751354,168275,0.00432883539188932,0.003240235725567975
512,421,6,2.708203663843804,0.004356709137343817,214477,0.005608401486205344,0.0037059202473617714
512,422,7,2.6957200421175638,0.0029924231658700062,186070,0.004517281265275746,0.0025646083296242406
512,423,5,2.7251397984739185,0.002078057459479088,339950,0.008460374376356923,0.0015512419675743905
512,424,5,2.7015429262711805,0.0037413268489511764,354017,0.008777755063052372,0.0013762441769953337
512,425,6,2.7177777123112574,0.002380552918126888,235887,0.005798585278623366,0.0014245108150864327
512,426,5,2.7313507989229695,0.002615164630908162,325418,0.008402339170656503,0.0022600456854212636
512,427,6,2.7097027571746604,0.004431161973272535,227283,0.005868137654344145,0.0028865060266571874
512,428,5,2.7253034167735373,0.004286475756214991,342029,0.00851312465667264,0.0022278618333889666
512,429,5,2.7258733370335806,0.0030216423313503826,344377,0.008563675277564665,0.000775045494847526
512,430,6,2.7116484939836725,0.002753742514819746,242127,0.0060866023155870886,0.0008788876599944428
512,431,5,2.723833874319742,0.004625785560146589,322388,0.008280544396196264,0.0023302015510457963
512,432,6,2.7096913259847155,0.0030704247442273624,247261,0.006006875981858851,0.0012899069541456587
512,433,6,2.7065340819962205,0.002921460585773361,230495,0.005868175265957582,0.0015428465863960295
512,434,7,2.704646253926228,0.0031673111335453474,175793,0.004413700853756216,0.003988254756876863
512,435,5,2.7099366139123346,0.0023068609860053546,349630,0.00862779810266421,0.0027940291298685083
512,436,7,2.721472153553592,0.002370865308063186,177095,0.004387463777627247,0.002878818191396293
512,437,6,2.693859796785831,0.004676264516581097,236989,0.005953307573825383,0.0017425612801678647
512,438,6,2.695027502953572,0.003717963199388441,241966,0.006059311920539138,0.0012138535946284446
512,439,5,2.730075362156452,0.003127450101289564,350014,0.008700255019131718,0.002304984903007734
512,440,6,2.712811737998004,0.002747259406269742,249474,0.0061474855395824745,0.0013553004811017733
512,441,6,2.709892938696487,0.003062807372455456,227697,0.005852119690352223,0.0031340122901485357
512,442,6,2.716336842933367,0.0036473084500866504,220918,0.005739329762734033,0.0009806719374367834
512,443,6,2.718007556942726,0.0030368082741464297,227198,0.005901981971572354,0.0011954554489894131
512,444,5,2.732022458271893,0.002984687880076886,321631,0.008231513153335136,0.0035230438192783153
512,445,5,2.690434278914013,0.005176937219542932,341032,0.008505150769703774,0.004513377440958144
512,446,5,2.7490672460612915,0.00420050679446593,323328,0.008227274592897772,0.0021798871667071396
512,447,5,2.71466071096345,0.003964497511388054,328812,0.008295223495514424,0.0033767270412676242
512,448,5,2.6967411931442196,0.0042611824463474335,338670,0.008631249532336998,0.003142423187460386
512,449,5,2.7198862269578266,0.00463929500764626,351904,0.008712724126647847,0.0016284575122590406
512,450,6,2.7108798160979,0.003543319585497029,224136,0.0056889183811182405,0.002242318286583389
512,451,5,2.7306364151781466,0.004680253705930115,312346,0.008179080986848414,0.002238067354353168
512,452,5,2.712804020818838,0.004043265282376085,310960,0.007926023104653021,0.002700613375591021
512,453,5,2.715746329630107,0.004246510134067405,335248,0.008467520443658791,0.0029301186387113987
512,454,5,2.705039400990008,0.0034376921375490754,336220,0.008427841998441819,0.0023238066060519147
512,455,7,2.663676063054661,0.004373542665460417,180369,0.0044650126678139395,0.005248061849959962
512,456,5,2.730031107179318,0.003966861359240181,360319,0.008925890723726466,0.0049608648240789255
512,457,5,2.7583234590220336,0.003496792647059821,343754,0.00863659683603998,0.0017241421413860536
512,458,6,2.740891440813089,0.0019928914433734457,223511,0.005772677467197761,0.0021004666836064168
512,459,6,2.7220683500708,0.0027469684327210975,238541,0.005983953168926912,0.0020961795427390517
512,460,6,2.7127040586286815,0.0024211144889949576,241514,0.005982931623613815,0.001989785243248776
512,461,5,2.731990776261603,0.002854561541733136,334372,0.008337488712653263,0.0022041669782428552
512,462,5,2.75164925208179,0.0022278430652796777,344783,0.008556470813836188,0.003665696932463325
512,463,5,2.705523163294009,0.00249017806742291,353946,0.008731343741975775,0.0011361612883932226
512,464,5,2.7116640895821553,0.004044850805627331,340351,0.008587228130884464,0.0035487760993089257
512,465,7,2.686424986230228,0.0035766606361624653,181425,0.004451990026658936,0.0039037509457539588
512,466,6,2.6961182650615507,0.004332704651767827,235177,0.005890111724206814,0.003681915761785781
512,467,6,2.726894129565561,0.0020061765188599257,230768,0.005829095707119363,0.00160687227902101
512,468,5,2.7361207415859363,0.0035506068863395135,332473,0.008383581752939762,0.0008399339248282012
512,469,6,2.69989663642616,0.004440327946103606,234060,0.005898271969607797,0.0015209700851368524
512,470,5,2.706643140659799,0.004587108982077037,343140,0.00866494889538694,0.0028902385164915056
512,471,5,2.7428697399460393,0.003921556315001129,347663,0.008480091689376966,0.003056486571048178
512,472,5,2.7434272650810745,0.004322862659070614,328290,0.008318348616367918,0.001278680982381819
512,473,5,2.7261102561856823,0.003223018961078461,322905,0.008329755815789826,0.0025972698052764143
512,474,7,2.7200333409280333,0.004384932438599165,173898,0.004434624631483938,0.005251977435828281
512,475,6,2.724505201210133,0.004663591234848274,220832,0.00563897818034225,0.002204907259806682
512,476,5,2.7076455362390974,0.006483872081050612,332394,0.00844114183182382,0.0055948235416389824
512,477,5,2.724558075132247,0.004602481982369788,320224,0.00827623751879524,0.0029640558022888674
512,478,6,2.6849052461147123,0.004312301632280469,224700,0.005834298446253882,0.001392943771313715
512,479,5,2.712835852926236,0.003510759211041603,371131,0.00891051103262492,0.0022324063564400642
512,480,6,2.696564692728892,0.0026929882174899777,260262,0.0063857980706725215,0.0010827008618465306
512,481,5,2.722363767801136,0.004328915051060922,340380,0.008495743267713754,0.003798301376942148
512,482,6,2.71620281126179,0.002951795433471349,233691,0.00592111404134916,0.001886971349915334
512,483,6,2.7379062337089235,0.0027475528664151483,234178,0.005887583405944046,0.0023406971302574187
512,484,5,2.7113855245830027,0.0040261979091693045,323261,0.008312594127442736,0.0016176830251087848
512,485,5,2.74080360193876,0.0019718131433330566,336928,0.008499943010461402,0.0024655926221817115
512,486,5,2.699801470030446,0.004474800358735376,325279,0.008264297560749303,0.002348290963165689
512,487,5,2.7442031308622568,0.002060435682349926,349291,0.00867407994707905,0.0017106968962912195
512,488,6,2.7069975917189173,0.0029888108752953446,237311,0.006010619738355388,0.001805261279304915
512,489,6,2.7171135292267623,0.004711050280489459,223972,0.005738532434358419,0.003051381614629478
512,490,6,2.70858909344272,0.0037227348157262696,249614,0.006107711127828618,0.0027521593012388434
512,491,7,2.7059469854243106,0.005388382853525164,179610,0.0044664484080944745,0.005250853635043851
512,492,5,2.702976774330264,0.005368792218478302,313352,0.008218864485677838,0.003027515646777945
512,493,6,2.7137108396405236,0.0022258646334588628,238973,0.006039675649454115,0.0019834794412072476
512,494,6,2.6811523779574973,0.00469816057371486,250613,0.006123670418771844,0.0021940509689548637
512,495,6,2.7063593227199063,0.0030561221056965016,232114,0.0058454267733963955,0.002405333215714456
512,496,5,2.73665494383116,0.0027767584729745387,367327,0.008803232545207556,0.0008450928785077583
512,497,5,2.705840462453841,0.003571194349236695,355493,0.008728373463690086,0.0020313154472034745
512,498,6,2.72126099930669,0.004140844271545041,225373,0.005851468915423111,0.0016438498434115933
512,499,6,2.7210587633541645,0.002676893819876014,230935,0.005926356332622321,0.0016515457045401805
512,500,6,2.7287933939868347,0.0021013821681905576,228286,0.005783887437381082,0.0018644552497060207
512,501,6,2.6909815509123454,0.0034208389326861877,220166,0.005686930211778651,0.0012635794319399984
512,502,6,2.696083200843986,0.005263825673982092,244981,0.006015604214245294,0.004824970085190339
512,503,6,2.6901173387249937,0.0026995271501108475,248022,0.006090975632487413,0.0020487382601288018
512,504,5,2.72388973317535,0.0020576532330480735,345866,0.008716561837963524,0.0023470388291372823
512,505,6,2.7005089945208063,0.0029044506649744672,237014,0.005965615518503693,0.0010840444654943715
512,506,5,2.7472210419158833,0.003865930265256612,337536,0.008665608573924661,0.003246787756602254
512,507,5,2.7206773106880133,0.0029341667731087595,361866,0.008734436476348369,0.0008015538380976572
512,508,5,2.7164097255616455,0.003319461848219074,371522,0.008883416167778211,0.0021554622630203246
512,509,6,2.701337755950749,0.00517542786664027,233985,0.005900456250506866,0.0026132516090847935
512,510,6,2.6987679447407005,0.003812024952581483,232862,0.005871902296177509,0.0031612360625994373
512,511,6,2.6930210602405746,0.003374885344133549,243361,0.005960787214536267,0.0011940706051266625
512,512,6,2.7224263458904336,0.00204364779745847,236624,0.005946509958765664,0.0024464072026034733
512,513,6,2.7505971098589086,0.002959738025984593,223776,0.00574376075466429,0.002080257162485999
512,514,5,2.7050848495342605,0.0046887502574147755,338111,0.008558626812624518,0.003124077003779313
512,515,5,2.7256534547011215,0.002506710632860565,339989,0.008522703487006492,0.0012426541466021845
512,516,6,2.6856742817367363,0.0032255589760024073,229757,0.005987525374216101,0.0011253826957617064
512,517,6,2.7123430815791307,0.0025296015988713894,260651,0.006242961127255298,0.002252012936079656
512,518,6,2.7066513704463677,0.0022952688736871396,233835,0.005961630792777196,0.0015925540121568549
512,519,6,2.717003984829474,0.002469659068838448,240438,0.0060262686241859655,0.001519267464598184
512,520,6,2.7078737597359126,0.0042706940461047505,243241,0.005990796417004216,0.0036563899472812356
512,521,7,2.722540060379704,0.002937404945623334,174518,0.004397399890350993,0.0031405375347450804
512,522,6,2.7368028234125044,0.004192238809641202,229264,0.0058581614780195785,0.0039741354113581595
512,523,5,2.7194027409659833,0.0028173421645754093,335127,0.008543423172516286,0.0029440591213054645
512,524,6,2.683863390659827,0.0028395534358877095,228778,0.005814004758234475,0.0030412252058036326
512,525,6,2.700389352306976,0.0034287291900980676,241285,0.006047386790042029,0.0024659650116604648
512,526,6,2.710248450975189,0.002889706839676265,228180,0.005817735531729248,0.0032960380639800446
512,527,5,2.7034743009558304,0.004115995070748835,378206,0.009024531398738657,0.0012617032322401744
512,528,6,2.698614955085329,0.003904815861912825,247884,0.0060467091228825,0.001680890194934781
512,529,5,2.69605442853332,0.003817456588968371,327395,0.008402292079681944,0.0017952261706671857
512,530,5,2.7120016872722226,0.0037677707485320178,339620,0.008591933140683987,0.001709845593086845
512,531,5,2.72555683221561,0.0030979207859334057,335429,0.008387756304883136,0.0007737656296528117
512,532,6,2.7051938333258567,0.0027133847224614094,230019,0.005846355522893225,0.0016682995997530647
512,533,5,2.7171864277156006,0.002763138416878419,341796,0.00847279104092753,0.002337201143381429
512,534,7,2.7401833180799735,0.002409504433350529,173559,0.00438760169265932,0.0020963119153084575
512,535,5,2.7006124784685674,0.003876391705100679,324534,0.008256980380136992,0.00170291433759584
512,536,5,2.7014710091230336,0.002622398722316066,358542,0.008804843575044186,0.002724565831415865
512,537,6,2.7041737148984755,0.002682568878829894,266950,0.006421327457127145,0.0012177363137454988
512,538,5,2.7626440128316276,0.0016494140533654944,328906,0.00831929840935842,0.0014145120192922134
512,539,5,2.7199006328822697,0.0034565495888052578,325216,0.008351804456999042,0.0012885302157220613
512,540,6,2.7367578813879603,0.004534001066242577,208582,0.005557807855117881,0.0015370800974715548
512,541,5,2.7390111619584405,0.0015679136122808135,347050,0.008571378117312418,0.0021066619591670888
512,542,5,2.7051375707113405,0.0031793101593521333,363500,0.008919444290402383,0.0009865096133833129
512,543,6,2.7226710133877017,0.002430598882171786,254226,0.0063331995990712426,0.002338440440502132
512,544,6,2.728871024273745,0.002998032573751752,223310,0.005717171273404598,0.0030256205686061133
512,545,5,2.6879020545085495,0.004826526545768539,317016,0.00824247224663061,0.0036005030925023718
512,546,5,2.722111486357959,0.003642020170081528,361061,0.00887409489386053,0.004048874349595444
512,547,6,2.7002656519542905,0.0024287779457540237,256338,0.006166912095676656,0.002187526972171172
512,548,5,2.758571870756985,0.0021774640358962483,332316,0.008370372484295854,0.0017581548660126067
512,549,6,2.7190567308174303,0.00295669253749975,240068,0.006036715970989726,0.001190437268725475
512,550,5,2.7240986813689583,0.002046379148668953,371048,0.008846257509852705,0.0013411330781148978
512,551,6,2.7258136402940036,0.001785028656772547,241264,0.006043981549502773,0.0018482729798994235
512,552,7,2.6948148609703946,0.0036070171033840692,194802,0.004718290548912972,0.003675279339535542
512,553,5,2.718308855584242,0.003226021444740046,349001,0.00855062265259743,0.0015745153409657542
512,554,5,2.692856778934089,0.006146333969545559,329912,0.008494124295749037,0.006001704021049048
512,555,5,2.7072726983641417,0.003029053230569456,351964,0.008699333219357116,0.0022582960800826557
512,556,5,2.711801439822142,0.004734669467476138,343680,0.008589214732392653,0.0045159340037872475
512,557,6,2.70295718500424,0.002368226062572365,232994,0.005934402784401797,0.0018517158723507787
512,558,6,2.7224879289377406,0.0018543730720763651,239828,0.005978040420245563,0.001942536826247565
512,559,6,2.7401648316787757,0.0028572901506646042,244768,0.00602275165499688,0.0013166933873738351
512,560,5,2.7255900949485454,0.003359844293779113,333975,0.008486676483318455,0.0015423002145468212
512,561,5,2.7042037660228395,0.004139510020853554,323788,0.008256806290746542,0.0021784472929470278
512,562,6,2.696311093832995,0.0031807759187598705,257102,0.0061642729765313976,0.0024505398438019466
512,563,7,2.7282141677249685,0.002506285732445185,182636,0.004503138631113513,0.002326416032263856
512,564,6,2.6964734469693723,0.003914425577604352,246852,0.006134855431196818,0.000884054644470611
512,565,6,2.7070919801276796,0.004167969893350887,219256,0.005665198879858695,0.001317983910690823
512,566,6,2.710821380946221,0.0023240784961513494,236966,0.005945495667181708,0.0031878002068046474
512,567,6,2.696245547040542,0.003909959858990786,229979,0.005764100540506454,0.0024103463206134323
512,568,6,2.705833803715799,0.003541747438285947,231037,0.0057829563520545545,0.0016913822048824634
512,569,5,2.702636619659963,0.003253229660429624,353225,0.008678755458236322,0.0017201934036180644
512,570,5,2.696855073092932,0.005080317736120388,338377,0.00850474380306621,0.0037074834112753585
512,571,6,2.705396020717833,0.003204917219808312,247890,0.00613913115233738,0.0012049640495651326
512,572,6,2.706647222489663,0.003153631319400718,231206,0.005820648178314051,0.0013428892044813345
512,573,6,2.7032640248836928,0.003151443051559677,242256,0.006036762712733613,0.0016032233099091409
512,574,5,2.7193158525805003,0.002721799503532907,346003,0.008602117121781428,0.0018977268721294127
512,575,7,2.7024939849165395,0.0042454979101856916,173650,0.004366656627421744,0.0037877703289312947
512,576,5,2.717022018269309,0.003466774243489401,325777,0.008125112420288218,0.002086799717244958
512,577,5,2.72304233975836,0.0019226812722341613,351269,0.008665077460245665,0.00156144498287214
512,578,5,2.7359959381569454,0.0031317378884005986,329674,0.008445992597171032,0.0015573291263994704
512,579,6,2.7226084497660232,0.004321085507253519,233412,0.005948765261404718,0.0014114909901183914
512,580,5,2.7244861690000404,0.0030499745443441917,349072,0.008644131845099393,0.0029398953554357066
512,581,7,2.688372986765959,0.004437791282749681,186430,0.004537674319117015,0.003873108407205783
512,582,5,2.699080688317227,0.003286069740825903,355782,0.008726438435945916,0.0028497940370474373
512,583,6,2.7404894028604274,0.0029211956237417125,217791,0.005623199107686905,0.0022983360641113393
512,584,5,2.7092775164258387,0.0033468944033950843,342113,0.008524363216764625,0.0011350531362391836
512,585,6,2.6943391858468546,0.004618703389764167,227229,0.0058534877646291466,0.003967914499782121
512,586,7,2.6833845172573074,0.004906985651444096,159643,0.0042338213593281476,0.005361430311529025
512,587,6,2.734663641358764,0.0024226671554314905,219093,0.00561821912046957,0.0011364341159793012
512,588,6,2.7396781226882787,0.002210945677906917,240821,0.006074999367452967,0.0023371651457756437
512,589,5,2.7121453048403263,0.00253710160783871,340491,0.008650043595593753,0.002362661920090936
512,590,5,2.733361560622343,0.0038990130245735166,335770,0.008382701989738936,0.004932145903829288
512,591,5,2.717168352117171,0.004663700562166029,315325,0.008300393238450839,0.0037620612287276867
512,592,5,2.7235196031563196,0.002667215840966297,337249,0.008495031821135939,0.0038214204289042653
512,593,5,2.735223720190589,0.003048948099804827,323268,0.008255393689614327,0.0038223632812276476
512,594,5,2.7126694813178336,0.003365473446346967,328861,0.008420939586151742,0.0011865894798779308
512,595,6,2.702038171717234,0.003659147328459511,226429,0.005794795266596437,0.001975838534416241
512,596,5,2.709949854854705,0.004752639481035326,348341,0.00882104872330285,0.005230929327387779
512,597,6,2.7221143523613285,0.0029202296364159164,227374,0.00584620210528481,0.001712854468180952
512,598,5,2.7105399789445963,0.003880292009309172,322943,0.008280310123886329,0.0020296871178685505
512,599,6,2.7075018923125027,0.0023040463048671356,261555,0.0063206654041204685,0.0011447262857912088
512,600,6,2.725393668067563,0.003138447334595007,220237,0.005703926099689277,0.001310104335690787
512,601,6,2.7361553730673194,0.002701114700680074,223112,0.005791379863637602,0.0029105075008264425
512,602,6,2.7120596093887763,0.002819206740255209,246317,0.006033639566969879,0.0024334315748688606
512,603,7,2.691445911189954,0.003888490437712777,173303,0.004393525723330911,0.005071280565898895
512,604,5,2.7334096723523453,0.002666882220613842,322377,0.00831775384808061,0.0006801411389588674
512,605,6,2.7205351241316533,0.0040370122234963945,230548,0.005894583931063732,0.0025029701330134824
512,606,6,2.7140780684600783,0.002384273408863824,231753,0.005856048442728208,0.001554243977519132
512,607,6,2.71455653866284,0.0035080667639537655,240971,0.005955009603546825,0.0024128194527326396
512,608,6,2.693991149456722,0.006055390391045912,237126,0.005931386164291237,0.0061358308403672845
512,609,5,2.7093147085401323,0.004551679710904422,325609,0.008215203726753426,0.004291620192174106
512,610,5,2.712661084542062,0.004880384926829517,341737,0.0085248353178641,0.004661080018446895
512,611,5,2.7532387541640304,0.0035911514815063494,321894,0.008284020531680356,0.001969388639034786
512,612,6,2.672545448732219,0.003961652519965053,242189,0.006045713561650682,0.002284427344888096
512,613,5,2.7457953117060647,0.002756304935274345,333630,0.008424063354773963,0.002752956740508572
512,614,6,2.712631927789061,0.0026542587113730365,216689,0.0056733676196331,0.001388332928451086
512,615,5,2.705566026524598,0.005482929172203499,329171,0.008309548143407163,0.004851869630869143
512,616,6,2.7245028826569127,0.0045018213584832045,216763,0.005565087880240227,0.0030966220748246953
512,617,6,2.6943613176098418,0.0031263653690710713,235197,0.005880701252565339,0.0006694086945281397
512,618,6,2.6933901773942663,0.003805505410619636,235836,0.00589453055318923,0.002655558927524948
512,619,7,2.7124553943823777,0.0030667482326073303,170219,0.004365374727511899,0.004028309285472154
512,620,6,2.6997366684415143,0.004272255295885707,228296,0.005970710106928583,0.0013528974349189538
512,621,6,2.700418185115814,0.003089296422257193,246282,0.006060781754763684,0.0019283172036357321
512,622,5,2.734811374976183,0.0023148608692885597,339931,0.008559441194749742,0.0008030563839189764
512,623,5,2.745693346334126,0.0022523180769086215,376724,0.008950787443294304,0.002968145634775876
512,624,5,2.7167349180436378,0.0037041967528530506,341462,0.008417169702961384,0.00246640627749789
512,625,5,2.709207223078688,0.004492133265589171,329657,0.008447647275766558,0.003521706941691738
512,626,6,2.690649737545067,0.003904634437950638,248970,0.006143965269827842,0.0014621030932731038
512,627,6,2.720688516775787,0.002275907548864753,253090,0.006149521301230835,0.001389624445157528
512,628,5,2.6946314115140617,0.002604550099815639,342180,0.008543856064115325,0.0024140925151548975
512,629,5,2.7086981781622694,0.004785849239631879,356214,0.008830374162854803,0.005323020764289921
512,630,6,2.7066323961623997,0.0030901005721334363,232687,0.005822428431613133,0.001989374782117026
512,631,6,2.70450105250347,0.003272514070485677,247038,0.0061600651938861556,0.0007391034394785834
512,632,5,2.740843840616889,0.002236052878943573,371404,0.00896778414983678,0.002339023141676666
512,633,6,2.721452304715819,0.0023280403424721374,248422,0.006109603165261492,0.0011553050056642977
512,634,6,2.7143029736764537,0.0025778099967472823,235379,0.005901120585892657,0.0018305124891160318
512,635,6,2.707305548248497,0.0042531662117610836,259059,0.0062486718566268475,0.0010063192269997856
512,636,5,2.7283026672606816,0.0026515168086260754,339307,0.008483756466855612,0.001429180042070044
512,637,6,2.7127844710377893,0.0029072211072396215,235176,0.005914317390584336,0.0013100926650729539
512,638,6,2.69779557829251,0.005262878987494446,236451,0.005934207596903042,0.002016032002733148
512,639,6,2.736440378103407,0.002801828844200438,229869,0.005853332476052911,0.003006394402023549
512,640,6,2.731348024092526,0.0024173791667929934,235904,0.0059493469737768884,0.0019718081257025233
512,641,5,2.727195568738454,0.0028776635158357378,337172,0.008527651321411384,0.0018551156428207038
512,642,5,2.7617235678020298,0.0026303585673314034,342268,0.00859257680073051,0.0019344303595959511
512,643,5,2.7134247257953334,0.0023725610626528226,352604,0.00872343285900267,0.0014754511780779855
512,644,7,2.7086294364081622,0.0038012741842766706,165465,0.004293391648627364,0.0032155392298929275
512,645,5,2.713240024816679,0.0028119063467330063,324302,0.008295296406659882,0.0035832918047404294
512,646,7,2.6608508735616563,0.005152948778545552,176281,0.004417653764516081,0.006033779402224271
512,647,5,2.698075127553476,0.00463169374374478,333337,0.008264468956975407,0.00343401102959473
512,648,5,2.704554062039904,0.004990067399287423,332899,0.008551241884740473,0.0049066509767942135
512,649,6,2.7178794278949705,0.002629689188915374,228931,0.005815777854667413,0.0020921167052389
512,650,5,2.7418871465855648,0.001948534899408605,341127,0.008588135213023528,0.0024946045393214877
512,651,6,2.738268501674636,0.004828043666943671,224267,0.005807207004206274,0.0023791986461554337
512,652,6,2.7026171253859887,0.004554347417274784,228242,0.0057864199005669345,0.0016001697459184783
512,653,5,2.706046133483363,0.006113053194952811,321304,0.008369163395188487,0.005954287959769378
512,654,6,2.7209020617532707,0.0036199149041857837,246570,0.005999055800148063,0.0036835634759952995
512,655,6,2.7041968561652157,0.0037848699641437333,240637,0.006005934878072187,0.002416495744841457
512,656,6,2.716019188339746,0.002616532381075176,227804,0.00582476241497671,0.0017827447782693961
512,657,6,2.691534553034286,0.003045825442799077,224331,0.005728751064543684,0.0017485990494260362
512,658,6,2.7093032139774733,0.002308219176006987,250994,0.0062418300946164695,0.0014036407985033028
512,659,5,2.742229788346834,0.0038495210868778607,353537,0.00879059493343742,0.003984813815636812
512,660,6,2.706033989965445,0.0030435597002745896,229338,0.005906242742358297,0.0009031990995711503
512,661,5,2.724875563674367,0.0032535617723211674,360726,0.008814029633676286,0.002502164118446948
512,662,6,2.7152049127804,0.002232474444099797,233491,0.005873654950348722,0.0011441305737096563
512,663,6,2.6959789917149766,0.003955297560776394,255171,0.006161064422625391,0.003153925972070648
512,664,5,2.7359050446727164,0.003491489223360844,346277,0.00855790617450322,0.0027717097993347206
512,665,6,2.7253105729636538,0.002270779006744994,243496,0.006005228358540169,0.0016714821056958984
512,666,6,2.713772455359107,0.0035574161789958814,244333,0.0059805023770816,0.0027560445902901354
512,667,6,2.712581594015626,0.0026768574918326626,218791,0.005643469128489745,0.0010784114381229282
512,668,5,2.7034656357837594,0.004614104964740906,356636,0.008779842295877702,0.002884538181796459
512,669,6,2.6886386496982926,0.005411274900776308,262379,0.006314828746380657,0.0028950716892137685
512,670,5,2.73744583710236,0.0037695211815754748,370261,0.008804498105252204,0.005747124285120919
512,671,5,2.714833090599892,0.0045043652100671405,329009,0.008382205050183705,0.004902604262172372
512,672,5,2.701752594445864,0.004294676385361962,315139,0.00820014623649199,0.0037353442743480736
512,673,7,2.7048089463170832,0.003974762874488641,174285,0.004411403124615424,0.0039103118024105266
512,674,6,2.6902756645526327,0.0028767234074887904,242626,0.006055391561156245,0.0019338623661383503
512,675,6,2.7087157720289805,0.0032133741083779643,213682,0.005587135422104418,0.0016431333247119428
512,676,6,2.7238126231483695,0.0023081938413464786,230738,0.005899327766362301,0.00162357137848812
512,677,7,2.6843796468739853,0.0036136319642826598,184510,0.004564304585239878,0.004800187584047655
512,678,5,2.7672070766165846,0.002663828389220524,347073,0.008641402594554532,0.0031381318603836417
512,679,6,2.7188688850650946,0.002967764066138523,240174,0.006106291793663912,0.0008971276869816913
512,680,5,2.7123914221017658,0.003013142894496723,357569,0.00883369917554628,0.0011175058284021988
512,681,8,2.702522586500469,0.0033347014716084145,134026,0.003417115545626993,0.0042881286713633004
512,682,6,2.724457183597757,0.003040911747083791,231724,0.005805424771654603,0.002239540158378045
512,683,5,2.7123667008065344,0.002585185528929723,365113,0.00892940884746958,0.0023001138283682554
512,684,5,2.697632465942281,0.005144749606844745,326134,0.008321322765104925,0.0036706270197025548
512,685,5,2.7473013011896685,0.0017273940696737045,337770,0.00861107384044894,0.0015074404294537214
512,686,6,2.718227692970839,0.002932169259714512,249560,0.00614466449912699,0.0022813803697324664
512,687,7,2.68843057024442,0.0034928194969551796,190368,0.004562035552426564,0.0034571219382106833
512,688,6,2.707591007024929,0.002370844489399726,236524,0.005979045130890516,0.0018075742627235991
512,689,5,2.7241710901658283,0.0033032586562984356,330264,0.008344759463061431,0.0011356202358135947
512,690,5,2.7207184008908074,0.00525556617755174,316611,0.008247586121435937,0.0037152779521150148
512,691,6,2.6978617920047214,0.004117762701252747,247308,0.006084124407930273,0.003555948155121391
512,692,6,2.697697195883204,0.003039375953759582,233139,0.005977664657881713,0.0020048407026287407
512,693,5,2.7114743764849427,0.002369291681860175,348841,0.008680317781730795,0.0014526487326150805
512,694,5,2.7356636303716053,0.004096473474970996,340969,0.00851121815641337,0.0015767753524968953
512,695,6,2.695810160842603,0.002624553203585678,230954,0.005824668044437198,0.001727638800204212
512,696,6,2.704481520646795,0.003582035376502535,245305,0.006017914965233818,0.0035951964439702166
512,697,6,2.708964182533503,0.0020782258149498745,254819,0.00624658430713214,0.0014803280581411338
512,698,5,2.7203092768266717,0.002865262182615458,334164,0.008451744483068171,0.001533294510579153
512,699,6,2.6797352336728975,0.003934233973056922,233189,0.005910444382211187,0.0034677864322399943
512,700,6,2.729528099310932,0.0028098338492732466,228829,0.00572470366904999,0.0021972887605916647
512,701,6,2.6950242835072697,0.003218824625403238,237172,0.0060008751381667265,0.0013819441536154775
512,702,6,2.6918944922969215,0.004334789879751111,237819,0.005890949403239759,0.0035699762860975093
512,703,5,2.706447422992536,0.00602166840116114,346762,0.008694215406494097,0.005137730615724534
512,704,5,2.7456971450471475,0.0032752205007675617,312337,0.008147589388331994,0.002249632904951393
512,705,6,2.7024599695972107,0.003210249527166642,245896,0.006097889708980361,0.0025594606371845963
512,706,6,2.7053757145407,0.003279480948785385,239761,0.005972218638086754,0.0006333361758814604
512,707,6,2.6701348876529405,0.004092340183259102,253166,0.00607630157182535,0.0016304877675237528
512,708,6,2.722019413513894,0.0034731053509255427,233083,0.005804983554584673,0.002822316460943497
512,709,6,2.7606893089612536,0.002489926290477784,233918,0.005908350028378862,0.0020692041937164785
512,710,7,2.668128191721211,0.00518076421849778,179452,0.0044897254360214125,0.004435564261183883
512,711,6,2.715794260806332,0.002139613360893411,241227,0.006017787306703963,0.0023786291034232354
512,712,5,2.7193826328218016,0.0035677219659447923,331176,0.008444466520414499,0.0031713867571492305
512,713,7,2.7331962745926193,0.0025676367367999386,171231,0.00431822774492156,0.002915798274540027
512,714,5,2.748284177645758,0.002743826742897304,325571,0.008303680610364687,0.0027005017180904423
512,715,6,2.707599825950945,0.0037763985344697604,231297,0.005832498163230971,0.0028039863458996506
512,716,5,2.7104164838509215,0.002096898118453261,349728,0.008742171046467831,0.0023849567461898813
512,717,5,2.6966569127219358,0.0035296265614762623,332951,0.008477213626287507,0.001653280184435335
512,718,5,2.7172031100290446,0.003620744284763,324015,0.008377328430754696,0.002427236707379543
512,719,5,2.7143218964654934,0.004272388881681799,349656,0.008719320718094623,0.002113202741672926
512,720,5,2.7132753159771834,0.004277283493626327,330333,0.008327718840129948,0.0031917865881565533
512,721,5,2.7124617519000855,0.0024434061635473237,346547,0.00865790364143262,0.0022636332269581616
512,722,5,2.7336975925493667,0.0032002133653018516,331618,0.008385983755895948,0.0021138340989053095
512,723,6,2.6893978675907895,0.0038319426760862196,241150,0.00597706052996339,0.0019460551058307352
512,724,6,2.7301454560768796,0.002277458935959653,226536,0.0057679372291505404,0.0012650008981983651
512,725,6,2.6958921689907247,0.0028006763651413635,258663,0.00629800204739911,0.0016174502261960821
512,726,6,2.695693564670377,0.003932303033374995,223215,0.005727747656092189,0.002942879859300418
512,727,6,2.730500450582956,0.003961178551568079,217774,0.005621653871187629,0.002638492680583221
512,728,6,2.6958226891739527,0.0034367187665480525,258589,0.0063437045621418785,0.001102320217629238
512,729,5,2.704764399664531,0.0039490363879630674,347134,0.008552196127316154,0.0032505180237991094
512,730,6,2.6889946205112527,0.003547427076279641,232740,0.005866071493382737,0.001081072709041786
512,731,5,2.7184333574749697,0.003948302023940586,336579,0.008703159676795266,0.0031389658036489743
512,732,7,2.6826115093701066,0.0036791484881869563,179741,0.004438615991226534,0.003923818010627023
512,733,5,2.746168301445163,0.0027483992766289544,333478,0.00849371575116157,0.0009752779230204345
512,734,6,2.700952064413521,0.0036153632873263675,239899,0.006000461129481086,0.0016089820731695625
512,735,6,2.709988575329234,0.003099631702625838,257937,0.00617855617003822,0.0035673125523407734
512,736,5,2.7563212162993693,0.0027045487264858448,336027,0.008465028687591677,0.0017831508027720266
512,737,6,2.7274837471077293,0.0032294724425340204,229386,0.0057212912141118896,0.0035818340375420865
512,738,6,2.6856160561120985,0.0027971330402377648,242976,0.006029487702737045,0.0018862919613729101
512,739,7,2.690829853326885,0.004427888740307084,178558,0.00446853572307241,0.004281137947984126
512,740,6,2.7029160509132657,0.003475765075349857,237298,0.005912834172632293,0.002418390556348765
512,741,5,2.710805059644313,0.003179896766993484,371292,0.008960292620068698,0.0038616065331449345
512,742,6,2.703155805477078,0.0029101355884846303,263399,0.006323616757600013,0.0009120099911166246
512,743,5,2.706160124997133,0.004536375674066284,322145,0.008291730968367463,0.0050277018710427335
512,744,6,2.7293162537801408,0.0024453526436211126,238481,0.005935631768170448,0.0029373621599640964
512,745,6,2.7146837381097373,0.002851577440100339,250039,0.005997225348754416,0.0021797529634625112
512,746,6,2.7107641894724908,0.003891905941340257,243406,0.005979100635240446,0.0014987742969373719
512,747,5,2.7160525086104625,0.004048339929368372,350374,0.008801925574146566,0.0040150157636736905
512,748,6,2.7157339454466536,0.0029267727837875013,233694,0.005960993440749265,0.0011869430896494504
512,749,5,2.7389416804138342,0.0022105666175217253,346403,0.008580965364115149,0.000923190482452152
512,750,6,2.6726607768280113,0.005379735294201327,233576,0.005891641628190286,0.00287562568944133
512,751,5,2.728437204901242,0.004170998460163333,306489,0.008163008424527043,0.003451860399564133
512,752,5,2.736485557541886,0.0035915025666297673,317896,0.008065258427933231,0.0017904888211771608
512,753,6,2.7261734852325645,0.003144403327737022,235912,0.0058835463734669795,0.0013339682540071118
512,754,6,2.7095463138867086,0.004153436239418551,237829,0.006080348009157657,0.0016096956092810921
512,755,5,2.709629380807559,0.003887858495423724,340349,0.008494235533027762,0.0023275818176508034
512,756,5,2.6977750529321023,0.0034047858866397274,340944,0.008562005732915566,0.0030702367074906256
512,757,5,2.719532290312846,0.0030565920007737946,343365,0.008488832129385955,0.0027373377508728147
512,758,5,2.7232702847371333,0.0025797205367179554,344529,0.008535142951734647,0.002235628821567248
512,759,5,2.7143918121648767,0.0035195125886579026,339338,0.008478274649197265,0.0015228521881287538
512,760,5,2.7384202283513317,0.005145822467356953,323609,0.008268143669666494,0.005884500592548747
512,761,5,2.724075748284353,0.00266611479055634,348848,0.008648233985044778,0.001991836562621585
512,762,6,2.703559399157226,0.0032445131486215084,228228,0.005732927824084511,0.0024548836220215087
512,763,5,2.716273613711769,0.0032846210706904966,341673,0.00873823161043834,0.0014429050438835578
512,764,7,2.7152822921518656,0.0024519654776111732,166883,0.004282768945124827,0.002218243181327517
512,765,5,2.7400368124710823,0.003283549287584342,333806,0.008519632064684743,0.0028805899710084293
512,766,5,2.719426500590557,0.0035119678413495503,350642,0.008599568165033463,0.004528097258366337
512,767,5,2.712849995811773,0.003515274806265567,334582,0.008506239494540498,0.0017167733694570808
512,768,6,2.734347181374253,0.002172255264450418,239870,0.0060304404122119145,0.0017490822708237097
512,769,6,2.721201114446297,0.00383560355500856,232187,0.005840028194679311,0.002082794112758579
512,770,5,2.7350819560047146,0.0033561943330161492,319723,0.008145023882156785,0.0017251890010148707
512,771,5,2.7429530359186747,0.00470758678482569,326111,0.008279851679623355,0.002364175398101853
512,772,6,2.724957591531067,0.003242697464552302,225782,0.00585252200301193,0.0006259182718618694
512,773,6,2.7181780041449906,0.0032874662311627723,253456,0.006103069139020964,0.003494441755523381
512,774,6,2.6933501579690673,0.004256500653445627,231556,0.0058941575711985855,0.0024366520259448965
512,775,5,2.722880853454771,0.005084139470874716,335942,0.008418131837373506,0.0037353908788930745
512,776,6,2.712863340808687,0.003358020640779835,227181,0.005810526961936203,0.002428661512036745
512,777,6,2.7081958628448177,0.0035129476419430983,252956,0.006141342156003531,0.0010264258835790407
512,778,6,2.7114842662360052,0.003742687098702957,249547,0.0060680210110944845,0.0036059820043571333
512,779,6,2.712384708480472,0.005203274432133975,227948,0.005818550800312374,0.002003502375297672
512,780,6,2.7043394161887218,0.0033258669772542326,228676,0.005773509549811378,0.0011924957215641019
512,781,5,2.7567419468176646,0.0017630983456451421,345653,0.008609149809189372,0.002074048602606071
512,782,6,2.6767573743127313,0.003812268285767084,244426,0.006034237395864622,0.0017004031166117928
512,783,5,2.708686396399198,0.003416386896064161,370432,0.008925085368270963,0.003519950525421811
512,784,5,2.72221759274005,0.002778110894647745,338583,0.008508271354609435,0.0026784563866809608
512,785,5,2.730793016297575,0.0025279833023703624,357350,0.008803438206379839,0.0008096652932677029
512,786,6,2.694849401770192,0.003080328677598554,250559,0.006135943326931742,0.001662422212994008
512,787,5,2.6997195169385377,0.0032373878863452,352531,0.008814113222167429,0.004246018052678435
512,788,6,2.706255251095779,0.004297334744811754,213010,0.005581112327398776,0.0031312992720444743
512,789,5,2.73970841312441,0.0035174245851466446,335568,0.008491867312700598,0.001449861846615108
512,790,7,2.6924400155669685,0.004581164747415323,177380,0.004455155884744027,0.004049650736527743
512,791,5,2.7047769260411374,0.0048408134691279026,324940,0.008274762872172383,0.003299623325963119
512,792,6,2.6945520301578743,0.0037470762694677973,236656,0.005926078471359424,0.002600460089940998
512,793,5,2.746325812525958,0.004476172402348766,340167,0.00859727880091052,0.004846050003949887
512,794,6,2.7190292991111495,0.0027829327124182512,244506,0.006166594287674577,0.0007690979139406418
512,795,5,2.773256187530317,0.0018903562942425012,330028,0.00846325529138734,0.0030031845533307067
512,796,5,2.7192494569130425,0.005051281458133605,308315,0.008007046273437585,0.0021247945780031863
512,797,5,2.7256805684721868,0.0027393325171790606,337114,0.008538953526440084,0.004473139451402264
512,798,6,2.6991757659709394,0.004095438875970414,229808,0.005867239760465637,0.0013951267159107994
512,799,5,2.731373337707153,0.003219255552888267,351931,0.008622027184652879,0.0011157373247994151
512,800,7,2.7291554596506185,0.0029845527558947094,182163,0.004524481610021293,0.0033201752971581677
512,801,5,2.7492427758446074,0.0032560469773948997,308352,0.008054756630117526,0.0016483400534819115
512,802,6,2.7238689193898615,0.0036730831656937024,231084,0.005787218082734949,0.0014771436647983416
512,803,6,2.7083598591964546,0.003643434213842167,241080,0.005980574296876919,0.002044105804151708
512,804,5,2.711663779814454,0.0025074284759500354,342445,0.008542566700970478,0.000622315661100048
512,805,6,2.735329576025863,0.0032203556736231653,232811,0.005930273719891305,0.003052598590785771
512,806,8,2.6925936508233033,0.003692754006390353,139562,0.003449729721900054,0.0035062565238691
512,807,5,2.7478470161621598,0.003561653655655861,352135,0.00869741547445169,0.002749944545120231
512,808,6,2.702690498242817,0.003367281026686375,258036,0.006287594814910261,0.0028478185336023865
512,809,6,2.7265113074395586,0.003261768546975241,237288,0.005870853979059314,0.001142239512157861
512,810,7,2.677461933832483,0.005612499452624986,162847,0.0041461148863899035,0.006074268224792623
512,811,5,2.686827233945883,0.00479142166911628,328063,0.008347412009156065,0.004325389265724733
512,812,5,2.705283514558597,0.002790759188539993,335316,0.008534858243481701,0.0020715738723399157
512,813,5,2.7250194054833217,0.0038347720540636843,338845,0.00849058052848749,0.001609504297276576
512,814,6,2.6941894488679115,0.003655002708516708,272734,0.006423701847378964,0.0010894220968211688
512,815,6,2.703948605822349,0.0035372473676156257,251053,0.006129501974454894,0.0024586038996787796
512,816,5,2.6838425861979407,0.003829511449749079,347055,0.008690984762660652,0.003296902652527689
512,817,6,2.7186191354240146,0.0033409902374349487,241504,0.006026557538621983,0.002690201347452903
512,818,6,2.7198986110457195,0.0036654606655773803,232495,0.005832654995603338,0.0009767152471647778
512,819,5,2.715932012034001,0.0037843719824863786,352790,0.008846632926972662,0.0018346835855496124
512,820,6,2.6955278531250655,0.0032174642275124565,233418,0.005869712096478354,0.0015901679303441663
512,821,7,2.7078097352310455,0.003930078914400781,170731,0.004451573084621711,0.003504255741547335
512,822,6,2.719506410898427,0.0027944373545996104,223420,0.0057508272251707805,0.0018175120592061056
512,823,6,2.707239640944197,0.0030601794704852026,229004,0.005892950378879211,0.002150538833971205
512,824,5,2.7257068261880506,0.003114445427331025,335931,0.008402599187606921,0.001538104506700777
512,825,5,2.7277725390811653,0.004130761493033819,361506,0.008724958397240884,0.003414450702726779
512,826,6,2.7103895307258123,0.002795625530901291,238299,0.005930747788553494,0.0027492600547466273
512,827,6,2.7067306744517254,0.003905170887470777,247104,0.006110047316864743,0.0016442493114346979
512,828,5,2.6756153289785107,0.004214831355265791,323811,0.00830989038400244,0.0030302863085541754
512,829,5,2.718921609170881,0.0038519456644106054,329136,0.008249844232606024,0.0016772159240401319
512,830,6,2.7060971639200444,0.0021590079326707645,250285,0.0061126581320736645,0.0015760719523629785
512,831,6,2.707248738175943,0.00381586985986504,238669,0.005967520918102452,0.00130276116079997
512,832,7,2.6884176162218734,0.003703343674227866,192911,0.004686371479995376,0.003058491074530434
512,833,6,2.690243485328374,0.004347921281185274,250860,0.00613173731848514,0.0036971323912032283
512,834,6,2.7074935463182017,0.0027189804808178675,243512,0.006053770093517562,0.0025878741190782373
512,835,5,2.7065470545021824,0.0035100559884937432,352013,0.00879555451112203,0.003188914267400478
512,836,5,2.715634108305674,0.005071622835447709,310198,0.00827204107822884,0.005656461685541125
512,837,6,2.7002127204526203,0.0031067458746955046,224002,0.0057740590649005144,0.0017786395534972743
512,838,5,2.729847109303329,0.004354975427550589,305401,0.007969965385567213,0.0017659421620406235
512,839,6,2.7291289935911784,0.0032724289205228185,231805,0.005855260575451084,0.0012263623686132319
512,840,6,2.7078854901873877,0.0026286995821186987,233532,0.005884951481632773,0.0018273279934129527
512,841,5,2.7201607010896303,0.0022401970060908494,330308,0.008274062372043835,0.002084719661025858
512,842,5,2.7118285762732146,0.003560290935906041,334498,0.008498025372283061,0.0036722269849005507
512,843,5,2.715705429742104,0.003445665263459241,359413,0.008795607915183258,0.002003106289308776
512,844,6,2.736781973803493,0.002596231420937789,256122,0.006178525175460109,0.0013700987373054252
512,845,5,2.727456648143229,0.002290275570161482,338453,0.008466445294452953,0.0013579877997088596
512,846,5,2.718227316109244,0.004696572518893105,330321,0.00835040996945734,0.004431525948339288
512,847,5,2.730698923372978,0.0035976586789012166,340227,0.008513633757677521,0.0011663990299231874
512,848,5,2.6925801382707437,0.004243517445365219,351056,0.008659014289262964,0.002886242917056858
512,849,6,2.7197908343799098,0.0029642266624979596,215742,0.00565566104559185,0.0014297504025337082
512,850,6,2.736665192802506,0.0029069584357224176,235450,0.0059143131200389285,0.002136748920431697
512,851,5,2.733278600473175,0.0028530733631007,336064,0.008441308972570593,0.0018895368022748549
512,852,5,2.706107671671882,0.003171601020079573,341381,0.008548136411311141,0.0009510919635909998
512,853,5,2.702293767417011,0.003339568571932461,368406,0.008909274878091957,0.0012666422881129902
512,854,5,2.7110840537097745,0.0032955021109617455,358488,0.008711854197610277,0.00199717871688726
512,855,6,2.721227211193794,0.002628370793221091,240039,0.005990370397045371,0.0008720982940744193
512,856,5,2.7127120796245925,0.005174410370965221,306932,0.007951618165643876,0.005479855823252833
512,857,6,2.7098874252442475,0.003477326266990599,223061,0.005694965474969123,0.0025046077746539996
512,858,5,2.7375804047070234,0.003199965401516014,354071,0.008771052590965878,0.001290823360832083
512,859,6,2.7178176520417914,0.0026232359527608162,253680,0.006220701758817105,0.0020939168862577073
512,860,6,2.7243155868180686,0.0024887469065879575,240673,0.006040729677516352,0.002138320304781338
512,861,5,2.7327780405282285,0.0020109242273498307,322621,0.008276094287668213,0.0008193212550577922
512,862,6,2.6965183915121953,0.0027280975856941447,242008,0.0060968371460651104,0.002246671560290764
512,863,8,2.7136552625825145,0.003548515214346848,137081,0.003473978864079541,0.00466585356439253
512,864,6,2.71312054638335,0.003245808893936414,249054,0.006118874869384818,0.002444437305230668
512,865,5,2.72148286522199,0.003744743837850062,331928,0.008538645481705033,0.0017494673944978834
512,866,6,2.7250162674130083,0.0028791909567520424,265841,0.00627288435595153,0.0012225973036715798
512,867,6,2.699070779792789,0.0036811539314667296,228604,0.005853443353268918,0.0018110306560654155
512,868,7,2.7148869289617332,0.0031396156411127585,175240,0.004398558385290321,0.004469099519362807
512,869,6,2.697773832905735,0.003917394883811487,242699,0.005976289080031336,0.0010856540690292182
512,870,6,2.71637984458332,0.004005000532004366,236553,0.005972881567858118,0.0009050998407560407
512,871,5,2.7385610091118933,0.0018207910614663758,336725,0.008443775077742412,0.003334877913906187
512,872,5,2.7437077534476013,0.002295066016120395,346642,0.008686228978540047,0.003354461661671304
512,873,6,2.714601347040996,0.004139351795025115,219796,0.0057079709941500545,0.0025384938400642154
512,874,5,2.7264417716044678,0.0034319904501834975,350776,0.008703615895160404,0.004016506772121953
512,875,6,2.6941952466103265,0.0030803896817817034,245592,0.006065572406041754,0.0022278310107528843
512,876,7,2.701893182524576,0.0028857727734229455,175718,0.004404797363228006,0.003588585675724787
512,877,6,2.705288824649326,0.0040754727053474715,241455,0.005999716879856996,0.002565315768910781
512,878,5,2.70709008916548,0.0035322655456535568,321657,0.008184202088321713,0.0018212047021777256
512,879,5,2.7035033032322464,0.005897362569400988,323563,0.008313456649833932,0.004012196933952716
512,880,5,2.6934442809340196,0.003598640094491956,344563,0.00854335651213515,0.002857185277165497
512,881,6,2.701247610592556,0.004228551212531906,249963,0.006081993515148596,0.004483259708214504
512,882,6,2.6752858808406,0.003738444411054309,242039,0.0059946915899979575,0.0038471529128433213
512,883,5,2.7278092721415064,0.0037821959432917662,360676,0.00876615636966466,0.0014351568331363307
512,884,7,2.663043771641455,0.005261963427540928,169532,0.004238541490901444,0.005434228844633848
512,885,5,2.703342026928693,0.004787571067426777,326732,0.008334282868976606,0.00357823554225567
512,886,6,2.710454314983626,0.0030803393727857342,250198,0.006072452166072166,0.0021195687541282204
512,887,6,2.723736998245489,0.0021402782255180997,250406,0.006123672776473472,0.0012955475702296493
512,888,5,2.7150026848831623,0.006011029984038463,306441,0.008013823355605765,0.0032575465511609503
512,889,7,2.714517030490361,0.0031772746074841818,181986,0.004477130228063615,0.002763733097785881
512,890,5,2.7097147040212906,0.0039037634357155238,344852,0.008608868363639487,0.004162884252632781
512,891,5,2.7294606263521324,0.0025800349211747564,379213,0.009018936072205334,0.0019517876488198693
512,892,6,2.710596694168488,0.005270385868699989,223037,0.005723412768309111,0.0020235388839386914
512,893,6,2.700594915374957,0.003681125155350129,228856,0.005821399861282108,0.002069226021633508
512,894,6,2.7114301952737505,0.0023444719594687413,242237,0.006014312274091177,0.0013571538664968186
512,895,6,2.704955669804887,0.0035136895528982137,241520,0.006022462348264594,0.0013390521183659354
512,896,6,2.702855357775784,0.003651314889289825,235207,0.0059143439392401725,0.0009353647656061836
512,897,5,2.7099570519206786,0.004207664800026767,359435,0.008800771669759328,0.004595615375587669
512,898,5,2.7214382824450305,0.0035792934019133194,335598,0.008493521917302013,0.0027541487229448824
512,899,6,2.7157243072437107,0.0024752249231887458,231220,0.0058532132981603865,0.0023729435350753336
512,900,6,2.7394144435101246,0.0026191408388231974,224188,0.005752913460054065,0.0008615658387027825
512,901,5,2.7458756758589202,0.001638400920657368,333409,0.008456937669790509,0.002780803334085147
512,902,5,2.762564944090026,0.0015928234644013717,320165,0.008249547597350344,0.0021360985920854114
512,903,6,2.7099728913128267,0.005449912763490494,227304,0.005840992831046255,0.0024721526204647404
512,904,6,2.6847231472232758,0.005390175324838209,231806,0.005860362057853069,0.002509399777711474
512,905,6,2.7182593988800994,0.0018907971056094652,235940,0.005992162442510453,0.0021585019200097977
512,906,6,2.69580663878848,0.004605931117536377,236664,0.0059081799573338055,0.0014520391550811862
512,907,6,2.723984489750969,0.0035881112221086697,221022,0.005726750354058021,0.0021751452637736035
512,908,12,2.795438638442348,0.007182046968972233,74920,0.00184841793607854,0.009016047554523343
512,909,5,2.734336910479393,0.0033137627859309293,360656,0.008645101741434666,0.0008696599276803996
512,910,5,2.711608806229372,0.003778829700433861,332323,0.008423242627143888,0.0014328745539469168
512,911,5,2.7099411128063235,0.0043983269716738604,324578,0.008274891878634852,0.0030382100426348257
512,912,6,2.737361813764732,0.001403563914878947,234603,0.005868456844968334,0.002290063348597493
512,913,5,2.7292644700359436,0.002966759007783537,347106,0.00864072730813959,0.0020536357249139048
512,914,7,2.6732970564320255,0.004446199288208552,178961,0.004421577573298802,0.003893950460159723
512,915,6,2.687081187554751,0.004775168591638068,241305,0.005985064535045647,0.0031197964475671858
512,916,6,2.7032933500660077,0.0028690734317348143,233734,0.005906010408024982,0.0024463264945345786
512,917,5,2.706816605358831,0.0029895077191472996,350063,0.008873442864298272,0.0018818218307167789
512,918,5,2.71956507772336,0.002606638262482752,372435,0.00892631356731355,0.0013257648240070363
512,919,5,2.7108672508661895,0.0034021537325680806,345087,0.008563108391943993,0.0011423619537094254
512,920,5,2.7034973692447215,0.004531626581768311,335953,0.008369525175503725,0.003942886060440687
512,921,6,2.691368402103738,0.003854773537053352,231621,0.005873444229932709,0.003053401948347606
512,922,5,2.7189531325836915,0.003614235686798861,330576,0.008371759655111137,0.002049665038417303
512,923,6,2.6964163655236133,0.004218600300816333,257253,0.0062820297364010475,0.0016816712003191459
512,924,6,2.6868151422906306,0.0036836079671145328,248604,0.006084481395639117,0.0019676086753978583
512,925,6,2.7146566194836477,0.003525702178606649,218545,0.005783189446246214,0.003683821723193037
512,926,5,2.7272117403495555,0.0026075252577753005,320374,0.008296733499464476,0.0013886900851003137
512,927,5,2.7126806442092044,0.004032368242954942,351495,0.008662229816834484,0.0023413335056478024
512,928,5,2.7372031748598697,0.003084807349922669,330110,0.008450780736582142,0.0037065873722044174
512,929,5,2.700551976788662,0.003989911299827009,353998,0.008795982250899606,0.0014213558979414564
512,930,5,2.7464123704808276,0.0026049430281428476,342805,0.00854551775435046,0.0023173683900655773
512,931,5,2.721565904225908,0.004041829085487447,355118,0.00856093617903296,0.005268936999533458
512,932,5,2.7414513464884727,0.004381176084962135,331052,0.008354434219454886,0.00270040331113397
512,933,5,2.7293932044388525,0.004438011817983756,298876,0.00792085295540578,0.0029236901099068957
512,934,6,2.7081522716172777,0.003992408125988556,225594,0.00581265350412614,0.0010730502650218021
512,935,6,2.705616578697252,0.003694128862732793,251994,0.006284360151988375,0.0014399778558476517
512,936,5,2.7284511340643336,0.0027988992928701384,341163,0.008510769611181789,0.002521029505257233
512,937,6,2.6903353728404813,0.004013048454886037,230835,0.005911456681418568,0.002776269164432632
512,938,5,2.7367245580572632,0.004144239040269837,354041,0.008667277206449754,0.0020313810590838477
512,939,6,2.699700242972922,0.0024909022712201745,224627,0.005780406022397333,0.0014843807839554357
512,940,5,2.7265536153548044,0.002958369465390076,320480,0.008297017485249804,0.0012107650782654522
512,941,5,2.731165964737875,0.0036741788798259067,327154,0.00828658828474887,0.003030465391045456
512,942,7,2.7151954318589167,0.004798293154040789,174162,0.004382437788580252,0.005589647855670621
512,943,6,2.698663264300231,0.003850537029286033,238725,0.005964606329611004,0.0031984556184082025
512,944,5,2.7249534219931,0.005427665848896979,320933,0.008171204392901076,0.004265250157358458
512,945,7,2.6923532400267876,0.0032442908145403626,184609,0.004579198158488095,0.003156776983766263
512,946,6,2.7134750196382558,0.0027847991222951785,222784,0.005683541073855165,0.0020650536514862927
512,947,5,2.7078093999062722,0.004879745098981481,334348,0.008543969790529534,0.0029789670608738605
512,948,5,2.715759029076316,0.004343518613675379,341075,0.008588161840526364,0.002221279860663894
512,949,5,2.7216079241925786,0.003720407839753914,325259,0.008199272943130333,0.0019028309004849864
512,950,6,2.6865374114809435,0.0037911788730862206,262284,0.006324776262763872,0.0010071086461084233
512,951,5,2.7652965869932364,0.0014317894007086496,337332,0.008519744738009743,0.0029460296535773756
512,952,7,2.6955844225334267,0.004730241576603178,174307,0.0043690570489711275,0.004310957628536449
512,953,11,2.791166021730585,0.005740077654095732,74544,0.0019601724533134406,0.007562478679928486
512,954,5,2.719666800148387,0.003207397762754416,336244,0.0083752558172576,0.0024635378198949454
512,955,5,2.710455389901834,0.002687044295767882,345983,0.008558726048706344,0.001846278198844753
512,956,7,2.690026082322053,0.00263378483717136,181268,0.004543458356640526,0.0024056680811338493
512,957,6,2.6934315029419222,0.0026203556262941463,256598,0.00623261470110384,0.0008173899055893274
512,958,6,2.72656520241236,0.0026253566159347708,246252,0.006089335426085947,0.002266039479138837
512,959,5,2.7010750582935836,0.003986775698517353,336373,0.008433362402020418,0.0030577550531981634
512,960,6,2.71745264294235,0.003587334135947584,251938,0.006203091579006123,0.002939140296315257
512,961,5,2.6970983278485026,0.0031850464032779358,350813,0.008582122906613279,0.00239567983749589
512,962,6,2.74724579050442,0.0019255495333232453,227269,0.00578130155993822,0.002799796141914501
512,963,5,2.7061560112734124,0.0030198677531515505,335784,0.00847457627118644,0.0011857585813496163
512,964,5,2.7192184300888274,0.003234070919373666,337426,0.008485378774442087,0.0021419753982304113
512,965,6,2.6776114984560984,0.002853432672844769,248627,0.00617722655206398,0.0013640741791683952
512,966,6,2.687507352652819,0.0032118608411790817,251384,0.006139157825863256,0.002561071951197036
512,967,7,2.69279939258931,0.003324477421804306,177637,0.0044881074639442665,0.002587758310928806
512,968,5,2.7030498986677682,0.0042805837284998205,341703,0.008599797623396197,0.0026566784523975873
512,969,6,2.6991759273693163,0.003074672817977353,235538,0.005933510413117054,0.0015600476907150496
512,970,5,2.735976282853499,0.001604578354216124,345155,0.00856300727764445,0.002304703492617688
512,971,6,2.707176673751275,0.0029710482716858166,241018,0.005958677654076188,0.0004287230384995011
512,972,6,2.7041854599046737,0.003071401047979372,225045,0.005744583041598776,0.002420612157997326
512,973,6,2.6849076759357833,0.0033481144917223427,246549,0.0060500583193142205,0.0031048766538388506
512,974,6,2.705438168753857,0.002410102128901026,250887,0.006084337212070922,0.0011718124279962439
512,975,6,2.7328821220761377,0.0028386460091091026,240329,0.0060522824387054955,0.0011272433408292537
512,976,6,2.7092847719093167,0.0034137185492393307,254856,0.006180062934038566,0.0019254987082301112
512,977,5,2.703592571775048,0.004218135091153652,330917,0.008584078977977949,0.002506580321734897
512,978,5,2.692652871307051,0.004115747237275702,323882,0.008331492363051618,0.003697952144784744
512,979,5,2.7706165899195256,0.0034361318898696314,331433,0.0084254359481115,0.001703867352795041
512,980,5,2.7192356260597,0.004319681313305623,355872,0.008735278155447165,0.004258243985309829
512,981,6,2.7306432526024067,0.0028416266635611365,237020,0.005918070749884133,0.0014470700031023465
512,982,6,2.699032847256519,0.004069110516710328,232842,0.00593194867018134,0.0032729238534808247
512,983,5,2.707301986333856,0.002949996562778834,353300,0.008676270091870478,0.001037374145730463
512,984,6,2.707950363097116,0.0024921538699370638,237104,0.005998080595995257,0.0009968825625844557
512,985,6,2.6978583067696356,0.003704977960844902,229017,0.005797206738486786,0.0011426512140831901
512,986,6,2.6941326269410135,0.002696796691269765,248261,0.006118051249081902,0.0018885603586650257
512,987,7,2.6903910202118086,0.004089693791875182,178603,0.004469372413309708,0.0038768725912011748
512,988,5,2.714719053111199,0.003758506237441339,337117,0.008532246646687384,0.0015326347043816968
512,989,6,2.7175658528359814,0.0027992907228369668,233057,0.005864303415405617,0.001997919134131221
512,990,6,2.7214078484808137,0.0037984790541043534,233094,0.005821820434950884,0.0013598722366807703
512,991,6,2.724886630924387,0.0027199810468069296,238400,0.006020360738803316,0.0012020901880656076
512,992,5,2.7017638300993903,0.0035704700375341902,367011,0.008920355329638327,0.001990184630987768
512,993,6,2.7165500034666605,0.003903802233085507,251916,0.006291098221879959,0.0020405582952782164
512,994,6,2.7005878503638576,0.004464841546493181,228648,0.0058843805992500765,0.0018891159492440135
512,995,5,2.7108873696972613,0.0032415637508156347,352700,0.008841421127968303,0.0011717475010355471
512,996,5,2.7002302245126613,0.003437556993286406,328468,0.008445729257434425,0.002041180901786288
512,997,5,2.690143227665284,0.004161287008143555,359711,0.008853591451566294,0.0023286586774083906
512,998,5,2.733724736940692,0.003647582059970733,371220,0.008880056515452619,0.0031741742655505556
1024,0,5,2.711423270444968,0.005455800271350841,356514,0.008661464630895064,0.0016653214514564807
1024,1,5,2.780143466249258,0.0038880925771591635,337738,0.00848285157312945,0.0051572636013392514
1024,2,5,2.7412817756373546,0.0050461408705198,350833,0.008702340625099685,0.0014567801190206175
1024,3,1,3.8261270379136443,0.008888460133709586,40203005,1.0,0.004597907754595565
1024,4,5,2.71629100348735,0.004550058765547371,346035,0.008500594477830468,0.0011229953520752733
1024,5,5,2.726409636599624,0.004022151993008483,353767,0.008620132162023115,0.001199067997190717
1024,6,5,2.744933457087058,0.003581611433159715,339803,0.00847566192015498,0.0015025885527978344
1024,7,6,2.718400928643433,0.006345402310279358,230603,0.005842875960929658,0.002529475192316416
1024,8,7,2.68662879725361,0.007136385950645252,187844,0.0045582201092479015,0.0036469025609613404
1024,9,7,2.6551956483111816,0.006708533802253447,188008,0.00451248014893239,0.004469981217712943
1024,10,6,2.716777939572967,0.00522490363869621,236151,0.005904109615412454,0.0012018579242497607
1024,11,5,2.7296724615587196,0.0035408839320724694,355351,0.00870826450082474,0.0017037435991322236
1024,12,7,2.6869410292762703,0.006026218864474742,166365,0.004286559263018422,0.0021406294902045486
1024,13,6,2.7235614651748836,0.005595244610851424,229723,0.0057356171204487084,0.0017793174928884825
1024,14,6,2.6986255712855436,0.004786397861393121,242814,0.005955997381572691,0.00204135059273558
1024,15,5,2.761764156927332,0.0036413361041740533,358389,0.008855649641758952,0.0018959715716358183
1024,16,5,2.7273962513615566,0.0026242345568197045,375441,0.008913237259255215,0.002470931671072374
1024,17,5,2.758257043088839,0.005174473143065961,349563,0.008573307947507948,0.003309806446206154
1024,18,6,2.727261474884853,0.0064259629707464905,225902,0.005771201896187088,0.0017367878434907669
1024,19,7,2.667756195399113,0.00818034091330233,176674,0.004424538298975214,0.004896246746688704
1024,20,5,2.7400556445143223,0.006806926645288924,349586,0.008619688077093474,0.0033631381393118276
1024,21,7,2.694239032265846,0.0044260938979427955,171302,0.00432675188087745,0.001236572179956874
1024,22,6,2.7229647245105064,0.006074278387463661,225071,0.005722017262075082,0.0023884642201740247
1024,23,7,2.657984476483904,0.007026151429708638,178809,0.004482056621016745,0.0029356202991782654
1024,24,6,2.689275086117808,0.005926573107887023,219328,0.005602042857589475,0.0021106459899240815
1024,25,6,2.7563968108549335,0.005062990731061312,220408,0.005592414930759333,0.0017007286190320325
1024,26,5,2.7389086767719815,0.006147297841874788,345238,0.008470422366990854,0.0018073445958608492
1024,27,5,2.748949725640417,0.003038940133513024,359215,0.008696963569379212,0.002818814167313055
1024,28,6,2.7158976504486234,0.005158772425603808,243460,0.006036508653585333,0.0010139944839213655
1024,29,5,2.725797034210862,0.004045693428782249,340494,0.008457132535959467,0.0037654248426027825
1024,30,7,2.7039896221528914,0.00611979421286879,177785,0.0044666097649282204,0.002790040976832553
1024,31,6,2.7207556428158823,0.006095387202768532,234411,0.005821219998438973,0.0020563536566031992
1024,32,6,2.7347242166571615,0.0035031189206338187,248695,0.006056431982149556,0.0020018912475389117
1024,33,6,2.7026100130240405,0.0060839915418223756,243554,0.005993886311761087,0.0013502350661050988
1024,34,5,2.731322874764697,0.007152485031340972,323647,0.00817899036586114,0.002447791271289912
1024,35,6,2.695288951765892,0.007668873960988587,218244,0.005650998414517994,0.002758415193861996
1024,36,7,2.6755363328811765,0.006891898085452097,170670,0.004290473421953845,0.0031828055738855054
1024,37,6,2.6939365555497847,0.006108496357729698,225833,0.0057293250425691595,0.0016644499740090524
1024,38,7,2.675976583923636,0.007044090275802772,185883,0.004503702883876386,0.003246696166828378
1024,39,5,2.785770922476303,0.0043534150570074814,328969,0.00825874199924876,0.0014432226412729454
1024,40,7,2.6895118160527676,0.006773699723607307,171884,0.004366531785264309,0.0031475975725456795
1024,41,5,2.7444459242775725,0.004536578787038947,353304,0.008645572068555357,0.0021138706433018184
1024,42,6,2.6984190714274106,0.004985735740305974,256391,0.006221402594566394,0.0011410403768462585
1024,43,5,2.763308754121265,0.004444521837297599,348046,0.008566380700585149,0.0012589294469554924
1024,44,8,2.676096836962761,0.004650161183072599,153695,0.0036707437768300514,0.002900499107754362
1024,45,5,2.727675456121129,0.005360092579667852,356103,0.008672370396766006,0.0016427529042196687
1024,46,7,2.67299462753687,0.00705607743618164,188925,0.004553769844120186,0.0033130154396610045
1024,47,5,2.7653537556101226,0.002348786744750475,347546,0.00858421868755653,0.005454070344599937
1024,48,6,2.715510087732956,0.004988527460541126,247765,0.0060519421833303815,0.0010349881202134092
1024,49,6,2.692652244940707,0.0037475753634691467,234237,0.00590223511717639,0.0020080702045442433
1024,50,6,2.7476295985812547,0.004357928859239801,240386,0.005858523527095056,0.0014658658780634104
1024,51,5,2.7433538704406506,0.0044008677737326085,353485,0.00854508538473843,0.0015471424754210927
1024,52,5,2.7672548938460344,0.0035624965768762396,346307,0.008506576509422556,0.0011861519722116132
1024,53,6,2.698524789242086,0.00468474135248631,228547,0.005845933247646422,0.004605615935877272
1024,54,5,2.7323919573806665,0.005876688843054367,339011,0.008433476371894887,0.003224637836061528
1024,55,5,2.754580071877005,0.0042788874131589605,316850,0.008072066060657506,0.003716146541305698
1024,56,5,2.7266148358875224,0.005224274980800359,357328,0.008721730949020583,0.0017718681688196902
1024,57,8,2.657118609309224,0.0066611846783527495,139160,0.003438073771487127,0.004235763289427874
1024,58,5,2.758900609034771,0.0034535828779338473,336459,0.008398775631306683,0.0025918297455173045
1024,59,6,2.7039863997815123,0.004763057209758725,255304,0.006166892432264221,0.002399892473048837
1024,60,8,2.699247643748847,0.005141488339843403,131152,0.003326761082841049,0.0033769175852442213
1024,61,5,2.7154808480188724,0.003062329952101206,373000,0.008995032957270218,0.002956758131221926
1024,62,5,2.735066614415394,0.0027782138286787106,361351,0.008766967042724477,0.0036523428617266096
1024,63,6,2.706801343797836,0.0029040971940111904,249219,0.006044157498736087,0.002754491669144654
1024,64,5,2.7087849775297417,0.00301239009952603,363214,0.008823747481854926,0.0020433627377614005
1024,65,5,2.730122374453004,0.0038836115362492762,336304,0.00839488992677861,0.0029258374942774945
1024,66,5,2.7348858680615717,0.004413047471333198,360529,0.008748393628090446,0.0018873250223339078
1024,67,5,2.74857529269602,0.0052721547943768154,342585,0.008553423223111433,0.002438683833791644
1024,68,5,2.776102698529061,0.0040703280582384815,325225,0.008254069772237417,0.0018331745009536604
1024,69,5,2.7518169923004754,0.00445732140814864,321777,0.008191508032044782,0.001750754006705657
1024,70,5,2.7268280179905733,0.005250437342478376,340431,0.008498941923160384,0.0019948934550516606
1024,71,7,2.682624944763414,0.0071413159857474096,177526,0.0043932103140737295,0.003133568648963969
1024,72,5,2.7353482804099,0.004081924681466731,346695,0.008691023492197858,0.0014845547140551751
1024,73,5,2.708465788281821,0.007006575423751049,343086,0.008547389698547597,0.0037611529129519816
1024,74,5,2.7642762669703638,0.0030736367175717705,340546,0.008551995437141052,0.0036789150504520085
1024,75,5,2.746402280845641,0.0052385178558992385,314468,0.008047610670769173,0.0015409144266811392
1024,76,6,2.7284218579683728,0.003485259297865695,244636,0.005989486496944147,0.0023941905823327836
1024,77,5,2.747879390833968,0.0038620230049516424,335321,0.008407886700579278,0.0016987078160969893
1024,78,5,2.685771818721914,0.004307130993266461,380271,0.00907403863453819,0.0013101326677600333
1024,79,7,2.6636226204348534,0.005749583760608634,195512,0.004722490175890972,0.0020088491263796637
1024,80,6,2.6743152054365704,0.0086229804279091,238668,0.005928663621023192,0.0037023519215956258
1024,81,5,2.7113396764709643,0.006152204298228714,342913,0.008575291253764583,0.0026494347729418832
1024,82,5,2.714682755538473,0.005313938397510154,358296,0.00864169719714529,0.0015331417703154937
1024,83,7,2.6887625971300246,0.006197660242390796,181896,0.004447645428550086,0.003341016551213327
1024,84,6,2.691096389043985,0.005635893649389878,246235,0.00606688711320099,0.0013655320404626359
1024,85,6,2.6958654633050267,0.005684987007110398,239442,0.005955147992672523,0.0031037497498521693
1024,86,6,2.7200184423259377,0.005166235998534441,238796,0.005919793095303424,0.0011271919285367193
1024,87,5,2.784425987625966,0.0035715440772675633,324356,0.00819785036549832,0.0037882526103219516
1024,88,6,2.7058074157574104,0.006176850217265439,240979,0.005957700497058914,0.0022050125371746443
1024,89,5,2.7605274130167983,0.005125024865108352,331055,0.008341277437078225,0.0017920138218509019
1024,90,6,2.675069733632105,0.0056618772855979715,253303,0.006160713577784375,0.0034192062735659556
1024,91,6,2.698495057240207,0.006989380194945494,243999,0.005999100131292319,0.0027960575903739626
1024,92,5,2.7686788468988315,0.00624959153812138,323236,0.008152186180642666,0.0020897514456461597
1024,93,5,2.769913325726192,0.004957604432334672,315411,0.00799077540981127,0.0014518671886837309
1024,94,5,2.7512594684149123,0.0034598489350082806,334305,0.008438247177880158,0.002874761681580712
1024,95,5,2.732134244068742,0.005162655003899785,340402,0.008374957744108655,0.0027560797473707987
1024,96,6,2.6945489676124628,0.006610353578709149,248178,0.006135766384486221,0.0025310220016618867
1024,97,6,2.7019009532681793,0.005156978817196067,234250,0.005884390479259678,0.0029885465971684066
1024,98,6,2.6740007558991747,0.005351700348431021,245140,0.006055959147548032,0.0026754836787388214
1024,99,7,2.677110548798703,0.005787754070855078,177663,0.004415691431145767,0.0017423475490795093
1024,100,5,2.7212468386359854,0.00501769430102228,342467,0.008411600894667939,0.0029606558556835028
1024,101,7,2.6779944303867746,0.005120382729887241,188904,0.004660947549338502,0.0012201131209069738
1024,102,7,2.709863114167627,0.004359512353717343,184425,0.004491112783658793,0.0012308691668345695
1024,103,7,2.739317837832501,0.002894349324738532,175918,0.004363609592499666,0.0023501107009533673
1024,104,5,2.723155204123284,0.004119458318972147,345865,0.008576129430484651,0.0033648535295216497
1024,105,6,2.694976824931642,0.004128360164004308,234224,0.005898865969813846,0.0019352630019280337
1024,106,6,2.694897776966487,0.0059910696538493236,234363,0.005918852898765045,0.001625416537550467
1024,107,6,2.672035084897131,0.0070674489963861165,232940,0.005849805258039219,0.0023993264717901974
1024,108,5,2.7537394965500406,0.0024279679788341557,354205,0.00866410530432913,0.002493127849595572
1024,109,6,2.6943523505586677,0.005247852225039873,257546,0.006288373285002977,0.0015758078139994636
1024,110,7,2.6979408423019238,0.00520087449005846,193112,0.004615163936639816,0.0018694141517666685
1024,111,7,2.6855209512364246,0.006074699895008695,179911,0.004433807025062146,0.0031644682321050888
1024,112,7,2.698732748146924,0.00518147693557347,185006,0.004539816209661054,0.0020717861619882205
1024,113,5,2.73637955080187,0.004803883307729628,368050,0.00887250419988502,0.0016911477179514245
1024,114,5,2.740512382501389,0.00534351984226572,345139,0.008591185175525262,0.0012296063757740727
1024,115,5,2.757118037100229,0.005603258788303589,349002,0.008553702236792571,0.0015797196328863894
1024,116,5,2.7574102381534096,0.00528899842146191,330281,0.008277041991426015,0.0038083469431701156
1024,117,8,2.731775433638156,0.003324551611130211,132102,0.0033836208795498383,0.002223774298984904
1024,118,5,2.7540360383306064,0.004584590802729549,349829,0.00864942917510769,0.0033159673878415674
1024,119,5,2.7226496798367763,0.003934378694264273,353137,0.008681355672784599,0.002477205564230145
1024,120,5,2.7205863531805736,0.00570443150159422,343246,0.008516701141615993,0.002239617481178402
1024,121,8,2.639041721285741,0.006122338808975947,151288,0.003630312011073306,0.0031071594954369397
1024,122,7,2.6625313784702325,0.007298176085893449,174750,0.004423615550723682,0.002842650431896354
1024,123,5,2.706030304775483,0.0054892123155591555,367888,0.008903372460159981,0.001361795477144545
1024,124,6,2.719424905703916,0.0030339074251010123,253872,0.006216758011337787,0.0025015641595829696
1024,125,7,2.6974059797121948,0.004975513904118212,176844,0.00439097102300284,0.0018594120046733775
1024,126,6,2.709173621874737,0.005773840957573717,229728,0.0058187508059330045,0.0018829917571016042
1024,127,5,2.738068897612839,0.00494769913927684,355761,0.00869732074086609,0.0010343242974684141
1024,128,5,2.7422177982125313,0.004690737435152248,339000,0.008529207806675718,0.0009403959194321798
1024,129,6,2.7141466273611727,0.0056660599249620525,233894,0.005884793913834796,0.001110175884321718
1024,130,5,2.720332987497688,0.005125971712891253,335855,0.008378214800509156,0.0017898446030391035
1024,131,7,2.6831736145748355,0.007102846888879744,184056,0.004520725728074083,0.0027542747172937254
1024,132,6,2.727201888887163,0.00595298108218878,239706,0.005836523009495983,0.0015106412746739295
1024,133,5,2.7337409326576743,0.005231684012306559,340083,0.008481883452347514,0.0014379161149828956
1024,134,6,2.7224542801154192,0.0053491038703925575,245728,0.0060271069212270365,0.0021894681537090177
1024,135,5,2.7509623579390365,0.004550879590883183,330869,0.008396122794942142,0.0023348895658719115
1024,136,5,2.730848841135428,0.003933740733968127,342292,0.008470469010412535,0.0034152304465587813
1024,137,5,2.728495241722412,0.006650538055851474,339283,0.008517760797693999,0.0027278837771826936
1024,138,5,2.711531496259546,0.005629085444719628,329945,0.008276185317822246,0.0017757775573491452
1024,139,5,2.7865702438048126,0.0014656905626170835,334897,0.008439918181707294,0.005421386326478511
1024,140,5,2.712329357786174,0.005866972245386737,355527,0.008618193916453501,0.0016754565068634042
1024,141,5,2.7312582705093686,0.007726937685810342,351748,0.008654182036999613,0.004455348911123591
1024,142,7,2.6713450171274733,0.006586234177221928,183318,0.00450249701944561,0.0038136393773345323
1024,143,5,2.775380928277587,0.004209507884093799,327782,0.008259067148366214,0.0014585463340104354
1024,144,5,2.7352331897809576,0.004019761859808124,335135,0.008418963877222574,0.0022900626195864193
1024,145,5,2.737531545216371,0.002725173589973817,357747,0.008668467202970027,0.004373879418403115
1024,146,5,2.7447851105025136,0.004824791514520088,360814,0.008746125299285012,0.0024034175445450945
1024,147,6,2.6754609905415956,0.006548013350602067,236597,0.005820286844887782,0.0019605702191339835
1024,148,7,2.686919071940852,0.006505560155943835,181567,0.004431811594247118,0.0037254380916170726
1024,149,5,2.759370939149073,0.003668263139295469,342612,0.00849226145612049,0.003718777950722729
1024,150,1,3.8213742894217484,0.008896215550198705,40644351,1.0,0.00599686671889843
1024,151,7,2.6493999500071648,0.008345734489337842,180636,0.004475062703423342,0.004920367400615355
1024,152,5,2.7433406745972753,0.0038450838653660835,357528,0.00864791354040856,0.003176468918951625
1024,153,5,2.6761925350486773,0.005877138155655159,355046,0.008730728154374095,0.001888712237386292
1024,154,5,2.7624474157476278,0.004067585723122602,323140,0.008227117740024964,0.0023164767854209067
1024,155,6,2.6849593308219166,0.005979674683266656,235685,0.005917837263178854,0.0012839650554149484
1024,156,5,2.737237817951181,0.004965606737839856,329331,0.008295936698666033,0.0010022660696611396
1024,157,6,2.6878946474209804,0.006698385585732769,252709,0.006119553954405983,0.0025495083808529384
1024,158,6,2.714764626569672,0.00439670170765194,253455,0.0061547815553395615,0.001412678772115622
1024,159,5,2.71547008304645,0.0070636929676001214,338724,0.008369940063169667,0.002228568253980878
1024,160,5,2.725219519784338,0.008002234241811457,331355,0.008443488167267576,0.00523651590742269
1024,161,5,2.7282446670898337,0.004190485049554105,345930,0.008500090239590105,0.0013398279302656857
1024,162,5,2.727089382961239,0.006191587805462029,350965,0.008670134967690769,0.0027169743818977743
1024,163,5,2.707202509374632,0.005736381368164123,333190,0.008322303618837045,0.0020995808116127668
1024,164,5,2.7422444488092297,0.004156220868304694,336143,0.00848011054167175,0.0025938936594871453
1024,165,6,2.661527490797509,0.0061810118182058504,236983,0.005986659049001768,0.0024404352887908987
1024,166,5,2.74582670396438,0.004520420048622187,351556,0.00874262506695498,0.0025589068164556528
1024,167,5,2.7047730257447427,0.0068869553678740925,364399,0.00882728302653192,0.0024992057307673954
1024,168,6,2.7212492914595563,0.004899500882817431,243985,0.005964785506205629,0.0030778056354778816
1024,169,5,2.726880606434588,0.006151698934160399,333109,0.008438472996336698,0.0019108666426457255
1024,170,5,2.7377408587378547,0.0030622881009301217,338635,0.008445152917158345,0.007400877293670005
1024,171,5,2.750911220540218,0.0028254366816437004,350151,0.008625099299820799,0.003410097951484392
1024,172,6,2.6690572318532357,0.00667300808393767,254021,0.006151257027744743,0.002055336693597698
1024,173,5,2.739186367675932,0.005728849521440149,337862,0.008470983493012658,0.003322543681695156
1024,174,5,2.738868535709966,0.005538970706007507,363356,0.008769783245962377,0.0019240471981157858
1024,175,5,2.7762949850648417,0.004419070176959972,313464,0.008024710447483643,0.0009803010985444116
1024,176,5,2.7194600966733096,0.004027519161622695,354751,0.008663819357372322,0.0030299427117091993
1024,177,7,2.6674117394053445,0.006714122900276842,182002,0.004524066813965681,0.003325361767858581
1024,178,6,2.6922791428636965,0.006602590777154416,243904,0.005999452260713471,0.0022177702974305324
1024,179,5,2.739080767714235,0.0051359084898428,326810,0.008307553083589018,0.004295539354595923
1024,180,5,2.7107200036549,0.004352480901047451,351925,0.008714028740683008,0.002071044580210568
1024,181,6,2.6963823344810525,0.006357848825446766,241923,0.0058810512336234435,0.0016564032954511365
1024,182,5,2.7600775420124966,0.0043643226173775695,328714,0.008354767299903268,0.001905695894583559
1024,183,5,2.740444533229591,0.00470312400692352,346509,0.008622577417287369,0.001408301437719639
1024,184,6,2.699924543886704,0.008317435515695137,240148,0.006037345826423366,0.003615989985699508
1024,185,6,2.705144934617256,0.005679003998040444,221438,0.005665326512161297,0.0013789545371669654
1024,186,7,2.692676580555987,0.004894147673843996,182970,0.004499150295742228,0.002774799480461887
1024,187,6,2.682527334982742,0.005609964276136026,242612,0.0060071318906547095,0.0013953942416068399
1024,188,7,2.7023971601100487,0.006541935341733418,167026,0.004276464332375904,0.002648987917136081
1024,189,6,2.7162271790817867,0.004168349203484856,235537,0.005851322204748853,0.0021460462522807644
1024,190,5,2.716032930929955,0.003987776276370314,346974,0.008575600248023955,0.0022432196336685806
1024,191,8,2.711847005258516,0.005834544252254492,135405,0.0033861309348474696,0.0026533774832988577
1024,192,5,2.7384504086290056,0.004378326087416395,342495,0.008595190362404866,0.00528819503681921
1024,193,5,2.7566298274344723,0.0036345445828795953,343161,0.00852621829331129,0.0012966747449373317
1024,194,6,2.7528874220914274,0.00511044436052277,224924,0.00579621347931189,0.001684741888183905
1024,195,6,2.7078648752413312,0.0027460659979023916,247869,0.006007786425106158,0.0036204452248637664
1024,196,7,2.6991883918523607,0.004855537509541041,164626,0.004174899230527317,0.0031147871145127404
1024,197,5,2.7389480204044037,0.0044695974971167285,346736,0.008547175411143748,0.0013182815225333822
1024,198,5,2.6830061210785736,0.004815774021707131,354972,0.00870762196569098,0.0008047337512355757
1024,199,1,3.8511857866923953,0.008619166043145388,39693937,1.0,0.0050048737271542465
1024,200,6,2.7051164706782487,0.0060863593309981034,233504,0.005840765987203364,0.003588771820062009
1024,201,5,2.7762408783759835,0.00208675495673194,346624,0.008560358735694405,0.004173196328961765
1024,202,5,2.729750292856533,0.004210109824665853,357602,0.008657077618860878,0.0015655442708968903
1024,203,7,2.7067406525487554,0.004867388206209355,184593,0.0045344891560555965,0.0009305533850595404
1024,204,6,2.6990916170231247,0.003584838104025434,250412,0.00613243685190669,0.0017916616488806159
1024,205,7,2.694922902092695,0.0036964601341035186,196405,0.00463288406745732,0.0016763763845049073
1024,206,7,2.7078547821500756,0.006099078256114998,180641,0.004472652237639632,0.002969203953478994
1024,207,5,2.7286374724872995,0.0043723875354237385,344737,0.008532654754408684,0.0011086292567870082
1024,208,5,2.717647133241837,0.005624458620107908,359134,0.00867209433804487,0.0014667579710513357
1024,209,7,2.7028209254683384,0.005258817535232052,170888,0.0042918152049171735,0.0030018890452366
1024,210,6,2.679411105118459,0.003959958476884795,252238,0.006117244774405773,0.0020191198213455053
1024,211,6,2.7108662267302264,0.005180211513407862,237581,0.00588917476420657,0.0006585835361338221
1024,212,5,2.735445038606518,0.004186013630833485,339510,0.008459379778038392,0.0018004651273739736
1024,213,5,2.7255457041238844,0.0050576530799654185,347641,0.008567425536202506,0.0014824440649565673
1024,214,6,2.7268071375414387,0.004843585005694928,232906,0.005800682958652656,0.0017041757600007035
1024,215,7,2.7297529550312216,0.005283475160894308,181731,0.0044365502348602485,0.002235883578167286
1024,216,6,2.686938802962884,0.0062383748867784194,250739,0.006117140910027511,0.0015369293567827902
1024,217,5,2.7264040435504815,0.0031938034682184036,347242,0.008549504544489507,0.002245965864456023
1024,218,6,2.733496304847431,0.004076078334709021,246155,0.0060097248385634905,0.0013860041437781523
1024,219,5,2.74171856234038,0.0024506536578706717,354704,0.008761204155762524,0.005022240238703735
1024,220,5,2.706062538129951,0.0064760917055805,362674,0.008777283893441798,0.003082988938801434
1024,221,5,2.73961074241491,0.005188910464096752,345350,0.008499786773120866,0.0015085460012536078
1024,222,5,2.7360527705703555,0.0038521187581527783,345338,0.008577486191344573,0.0029277600994425113
1024,223,5,2.705462655119335,0.008077287566485292,319477,0.008230533143020432,0.004027992620937559
1024,224,6,2.6994439046672065,0.004910379932065334,259463,0.006162108850377909,0.0014642656436545387
1024,225,5,2.7222616665130697,0.003752299992780317,353942,0.008709338196401085,0.0016868176460278494
1024,226,5,2.724633377035432,0.004256701101419735,349286,0.00854594057791126,0.0016169544230946742
1024,227,7,2.7283657584733296,0.005054568596572717,166889,0.004276216491463902,0.001276279499575761
1024,228,7,2.7098958086520275,0.004362163378074768,183951,0.0045077076971698484,0.002121650206325154
1024,229,5,2.714228700124333,0.004731218829557848,348131,0.008627149892067386,0.004293066241348065
1024,230,6,2.698553077598105,0.004632799587128145,256809,0.0062060614227269365,0.001731278045443263
1024,231,6,2.765107789786768,0.004150888081342341,226238,0.005680743605466057,0.001808059618503166
1024,232,6,2.6833452191039067,0.005678039012032565,229109,0.0058304174544694986,0.0019485295985408602
1024,233,5,2.7316053077140117,0.004580825091205276,363804,0.008749997053702985,0.0027022300984784753
1024,234,7,2.7484416398074134,0.0035478527031116425,177520,0.004364430218250768,0.0018557795436358049
1024,235,5,2.7339171043106547,0.0076085752309419385,356220,0.00855013645006793,0.004698194783055776
1024,236,5,2.6935010800887995,0.00651312784123792,352766,0.00860430711956254,0.0024389541767579903
1024,237,6,2.685310484121793,0.00659777019032759,250148,0.006087928003439348,0.0018963246603319606
1024,238,5,2.7408310874078934,0.003939641289659179,338247,0.00851538674170847,0.0011930006058948894
1024,239,5,2.714056122948849,0.004516597183354731,367301,0.008821341776949149,0.0016084437166873355
1024,240,8,2.7296595790959,0.004595091696998677,128795,0.003234058448434376,0.0037605118458167164
1024,241,5,2.747161227026407,0.0031107203886354684,331914,0.008342635142538052,0.003033283356213834
1024,242,5,2.7181420248782673,0.0030434856951939704,347608,0.00856949016158393,0.0027452086454999858
1024,243,5,2.728064840681762,0.003490840075477508,346345,0.008483721210045224,0.004538903540588113
1024,244,5,2.7187091473869414,0.005924152701812513,326891,0.00827212031946801,0.0024374758265218732
1024,245,5,2.762147248275976,0.004997696420383502,320987,0.00817686526945467,0.0006599551660059488
1024,246,7,2.721004970027205,0.005488620676093681,171343,0.004306994714459344,0.0025414915092351054
1024,247,7,2.7112216874568023,0.004353410198473795,167235,0.004294756149865585,0.0028432370913854532
1024,248,6,2.6772109068964824,0.005326509201223684,245358,0.006079786097624181,0.0034639321625684616
1024,249,7,2.710449633278923,0.004808972881062634,171834,0.004342597848711487,0.0011449980072394395
1024,250,5,2.72829551242753,0.005721031812758071,327525,0.008260888350244414,0.0023068637084914245
1024,251,7,2.7154974720491185,0.004113156521109995,175584,0.004354117426269842,0.0017692272293727829
1024,252,5,2.7568348261759112,0.00327455871255411,354114,0.008761043897106609,0.0035216866226980004
1024,253,6,2.7173956119897467,0.0049121447402572516,241675,0.005937083400010623,0.0012366723636744181
1024,254,5,2.7243829575083445,0.005454078653076788,338734,0.00844343574306704,0.0022628226019801856
1024,255,7,2.6908867701382313,0.004520134324691588,178181,0.0044154074702139464,0.0016794604475951491
1024,256,5,2.7065581726421044,0.004843757255768799,352721,0.00869134945088825,0.0011479743209852344
1024,257,6,2.720854481749905,0.005492572318289812,238432,0.005861889697287307,0.0009838715646046103
1024,258,5,2.7420683197065614,0.00547464148123139,335717,0.008473516830411969,0.0031309713876831458
1024,259,5,2.7527100119142833,0.004733774971785398,317900,0.008127207387490907,0.0022418987691845693
1024,260,7,2.6981567728745963,0.005142371286026237,179784,0.00445914290225557,0.001818027989821669
1024,261,7,2.669775053765969,0.007376533810456776,176643,0.004419710875151443,0.0029051052565219893
1024,262,6,2.7064000183823977,0.004897432621681852,245175,0.00604013695953585,0.0011566666359563715
1024,263,6,2.700193084448329,0.004680614409324435,228120,0.005740521194632356,0.0026591104366534557
1024,264,6,2.705834495069864,0.005445816108880286,238560,0.005959589159073641,0.0013434117352933983
1024,265,5,2.7073254749362263,0.005871369804439475,356001,0.008772936729363745,0.0023937672264204846
1024,266,7,2.7177799158358336,0.004146951689106504,169679,0.004293940156424546,0.0024607989163515365
1024,267,6,2.695675980557465,0.004811158588978848,233584,0.0059165310258835315,0.0013474128092987314
1024,268,5,2.717314619237252,0.004366531399076834,358428,0.008737166156754066,0.0006470101732020672
1024,269,7,2.72906639310679,0.0040819839327073115,176351,0.004373759447273035,0.002430545026598674
1024,270,7,2.6791124845609757,0.004473184824047266,190090,0.004641535681466758,0.0014396391177659007
1024,271,5,2.760820605603732,0.002777529770826348,347390,0.008586027639549765,0.003150516838021117
1024,272,5,2.727211376693914,0.005159572921878852,335177,0.008455781979643478,0.002579184955407543
1024,273,5,2.7389084114527735,0.005575417507717395,338217,0.008453499504150442,0.0013326300626974596
1024,274,5,2.7331868955376697,0.003100877952417369,356884,0.008605968565851234,0.0024101322918343993
1024,275,6,2.722599848619901,0.005469006824398992,232507,0.0058845004772629115,0.0011716870233141607
1024,276,7,2.7087825228070304,0.005056792296502022,173788,0.0043290196415055205,0.0014318576303951058
1024,277,7,2.724713458136997,0.0053700975845718535,154759,0.004052796686091899,0.0019922596741615284
1024,278,7,2.6847112535532207,0.006309759864566611,178710,0.0043912889859587115,0.0028098697440574194
1024,279,5,2.7188325097658637,0.006882001052901265,335349,0.008418539237626763,0.003330353620662807
1024,280,5,2.7234657563966285,0.004503487393160366,333454,0.008403802066814025,0.0015911055439096211
1024,281,5,2.7232061692860414,0.0051196457199125245,341835,0.008532361445941918,0.0022921444464771845
1024,282,5,2.7364026306318174,0.003298507857235955,337330,0.008396136139615252,0.004278861703751691
1024,283,6,2.7027381101245593,0.005732845708362355,239211,0.005928266319578339,0.0028246818992259115
1024,284,5,2.767769706572805,0.00364603696836574,331820,0.008401230536455105,0.0010998842903373884
1024,285,7,2.6796860313997777,0.00514149478201073,186455,0.004576863108283959,0.0014608937827276791
1024,286,6,2.727558668380663,0.0057672358815383795,249748,0.006089609287783098,0.0010657903515427503
1024,287,6,2.7040019202332175,0.004677456596344054,239367,0.0059880085230564605,0.0014596935241271147
1024,288,5,2.7482189529412215,0.0034437894879704167,332002,0.008265758879357071,0.0017189919914561425
1024,289,7,2.6825538288544144,0.005687483937865334,179408,0.004475129057690347,0.0028839560290445654
1024,290,6,2.7038542371789402,0.00486282994806575,245564,0.006001843246608974,0.00059475655712804
1024,291,7,2.696534087997524,0.006402531284332769,183232,0.004474061640337229,0.002492681964557375
1024,292,6,2.693322250186454,0.003212488322454077,245261,0.006061787768792701,0.0019865977518078726
1024,293,5,2.7354027986949228,0.0044716647372115,343107,0.008503534384409213,0.002123106397813823
1024,294,7,2.687875260014662,0.006041388955038807,173292,0.004367307243033344,0.002562124752304329
1024,295,5,2.7383272623083768,0.00359271073116163,345742,0.008491323913373967,0.0036307014796359005
1024,296,5,2.7593321653249308,0.004349461822485634,350763,0.00854357627497707,0.0009933931478262048
1024,297,5,2.71821564556822,0.004388239034235575,350051,0.008482074934707836,0.0009031550626907858
1024,298,5,2.7473775788933423,0.004723829702613869,317104,0.00813391972058453,0.002438656409662565
1024,299,5,2.7193058713938907,0.003518973944783954,352709,0.008614209561299052,0.003162390926484737
1024,300,8,2.699216088699357,0.006126387213209239,141938,0.0034774647724106393,0.0026613028124468086
1024,301,5,2.694636772411542,0.004818803268586691,344849,0.008485556438685912,0.0042389938678035755
1024,302,5,2.7418448129852395,0.0032657726848985824,337678,0.008424025779148418,0.00243975054139417
1024,303,6,2.7073967816413154,0.004516773999737156,241672,0.005938596107545028,0.0008757446849242401
1024,304,7,2.682276994832632,0.005897728554319248,177785,0.004384333400805483,0.002305598626295813
1024,305,4,2.7774448807322685,0.006336948733378589,553538,0.013613141950533656,0.003923174953228026
1024,306,6,2.7154992424286046,0.00706751302341696,228784,0.005784641789197513,0.002366067493421331
1024,307,6,2.7263407767018464,0.006535161467969397,239492,0.005941807147753937,0.0021738523856902336
1024,308,5,2.72429769343098,0.003061208473066679,366153,0.008835160635006736,0.00202910931703712
1024,309,6,2.690376381640938,0.005865490789542349,243850,0.0060423662922340585,0.0016027980127769625
1024,310,5,2.6864375371494447,0.004904611475253506,361838,0.008756595948890373,0.002001568674210752
1024,311,5,2.707514185651566,0.004724249030163996,362036,0.008860975403864269,0.0015909288977891123
1024,312,5,2.7103301377406694,0.0038042153554370683,352004,0.008643520890366827,0.0047287472118744955
1024,313,6,2.693422785374579,0.004927103921312348,251887,0.0061501999809355935,0.0015948635575609993
1024,314,7,2.650412175384731,0.00665823966808754,192038,0.004649041184581446,0.00225313080137568
1024,315,7,2.6928520657347437,0.006332713623793285,168912,0.004278519480078017,0.0035665306555671683
1024,316,5,2.7648688676736275,0.0031934005064915283,312789,0.008032773636311037,0.004404426155717955
1024,317,5,2.7273272302160283,0.003822745448978093,352151,0.008605163313024652,0.003813261134283097
1024,318,7,2.660900720147187,0.007984220118466445,174440,0.00435900771552362,0.0041255050157640305
1024,319,5,2.7357071141411664,0.006467178358288916,353598,0.00859968679063127,0.0042364677578199395
1024,320,7,2.6690996741345097,0.006325041211482585,177455,0.0044070538789561815,0.002290879312714822
1024,321,5,2.732403872067323,0.004351496016656964,330302,0.00824174460033632,0.0016411767092605334
1024,322,6,2.6949800267452324,0.005545340403992571,228655,0.0057231446216156785,0.001039829420991012
1024,323,7,2.665439893852521,0.008736422329635452,176164,0.0044157694435141386,0.00522062833009751
1024,324,7,2.6985897418212095,0.005164064895765819,176792,0.004411212692251993,0.002523920102159183
1024,325,5,2.731392171282161,0.0043659178811339405,340360,0.00853850159030721,0.0011550223805906479
1024,326,5,2.7001051377894436,0.004069724311968392,359616,0.008755497019367973,0.00141793232847498
1024,327,5,2.7411216918875265,0.003645481757305169,335691,0.00846663384675668,0.0026884254949482433
1024,328,5,2.7720278726167793,0.003562008684414475,341116,0.008445703248843537,0.0034461353345587586
1024,329,8,2.689558980139386,0.0058697807333876195,138780,0.003445853947189942,0.0029796336165198722
1024,330,5,2.781481490439224,0.0031979283863239893,351113,0.008547403872714273,0.0019589112649894824
1024,331,6,2.7344788606445407,0.0059438256108133025,220422,0.005600486675386191,0.002067273098596001
1024,332,6,2.7399845006352583,0.003834774280639275,238425,0.005948614449994738,0.0017457680098212913
1024,333,5,2.7564249943821935,0.0035048658886921435,357876,0.008743441643068093,0.0018597622205401287
1024,334,6,2.7022435027848735,0.005872057956643695,237486,0.005886901323545149,0.0016103118726758792
1024,335,6,2.7214835286486863,0.003773756867842093,222753,0.005739901471891907,0.0019924778575240998
1024,336,5,2.7518885373385475,0.005279203174223146,333219,0.008325098443297858,0.002380306639148455
1024,337,5,2.7555134164674113,0.003814714827757415,341994,0.008508954899135394,0.0021630425316962187
1024,338,5,2.7344659635698587,0.0044930614309211525,331007,0.008305163700347399,0.0007980180412100468
1024,339,7,2.6879194438411176,0.005686534890592232,184878,0.004623027974547965,0.001885998372258002
1024,340,6,2.715544059994847,0.005864295895204763,234482,0.005920644696350252,0.002308935965720571
1024,341,5,2.7417197097755173,0.006313517323779161,321914,0.008233274455662024,0.003063266867257941
1024,342,5,2.7420504010462277,0.0036043039937524446,344055,0.008399425307490056,0.0018476013403590508
1024,343,5,2.744548123181793,0.002365225596296705,350983,0.008645788416471789,0.004466449544999751
1024,344,8,2.713596821997255,0.004304886417680787,138873,0.0034080526664914453,0.0032511869647556813
1024,345,6,2.7003492032267618,0.005201978266468288,251763,0.0061752353740817155,0.002296125913894609
1024,346,6,2.7343196316999103,0.004033816764109133,244163,0.006039417897897791,0.0015422266731734136
1024,347,5,2.7305272455531346,0.006192852965523521,354184,0.008680064730426476,0.0036313100503283513
1024,348,8,2.673269693804195,0.006207629826574523,139771,0.0034444817441309306,0.004286501938449372
1024,349,8,2.697040609117614,0.005694489774049627,134749,0.0033814819789136498,0.004683799945881528
1024,350,5,2.7195092927905065,0.006115328616404181,324299,0.008209270778581489,0.0026684294693855026
1024,351,5,2.7502392699823743,0.005773696978575382,325653,0.008144555130564782,0.0019863517151291754
1024,352,5,2.7702736853175987,0.0030857694563640736,352822,0.008611618149806209,0.0012573303153827764
1024,353,6,2.710787284448515,0.0056982838464857966,244966,0.0059789076840310595,0.0013974462145498467
1024,354,6,2.6933176560640466,0.007679431574598772,231602,0.0058396490592850375,0.003162084794014808
1024,355,5,2.7144572492605272,0.004310236570567061,355475,0.00869090274758193,0.0032256378996547985
1024,356,6,2.686009643899471,0.005731968658605591,234976,0.005894977894083773,0.00129009783931186
1024,357,5,2.738796072308732,0.003275186364718463,360055,0.008806959820739214,0.0012986448502730896
1024,358,8,2.648810762331269,0.005213141697964385,150441,0.0036142144350294137,0.0023521881266954647
1024,359,7,2.6942306102552056,0.005219995044654757,188849,0.004552604277006934,0.0021643476486696844
1024,360,7,2.698965472621541,0.00599566655795658,177336,0.004419767448294109,0.0018054983316861672
1024,361,8,2.6606758460031115,0.006363339278249613,143213,0.003486728735679142,0.004762708959390849
1024,362,5,2.754454954747956,0.003220817990769065,347177,0.008523033723449985,0.0022666874305605766
1024,363,7,2.676809417551662,0.004318040065225182,180613,0.004518339523171372,0.00150034507975505
1024,364,5,2.7565864174488155,0.005281646047423982,312722,0.007996260662315869,0.0027896196370225113
1024,365,7,2.708902165245028,0.0041922141360698495,172211,0.00435831140038912,0.00107521276383038
1024,366,5,2.7489196034718595,0.004609056588827154,343011,0.008662010964037015,0.006376632522887227
1024,367,5,2.7223138719566733,0.006952916107447971,361321,0.008761441983093024,0.0034891540219309514
1024,368,6,2.693873453357449,0.005617125999823669,234589,0.005904968244330348,0.0018286993002426533
1024,369,6,2.736088692584999,0.005183944556375719,219532,0.005580627151231076,0.0022702306713272558
1024,370,5,2.7460648495380737,0.0037240932670402627,334568,0.008348398985240636,0.0012122888807868382
1024,371,6,2.7160214530001037,0.005563213063554895,230120,0.005785546592355295,0.0008658000932606491
1024,372,5,2.7134520771876063,0.004952015291813439,348115,0.008535641092076572,0.0007666017171089612
1024,373,7,2.683279996456925,0.006609741832532157,179260,0.0043810540406413025,0.004459415574763037
1024,374,7,2.671492159750834,0.007269296415066573,184365,0.004509477497422335,0.0031830125952769794
1024,375,7,2.6823347400457593,0.0064529969280606725,190980,0.004639557315586828,0.002202589949369227
1024,376,5,2.723403447585895,0.005699335463011546,333941,0.008392355123677798,0.0020517949293626936
1024,377,5,2.702186908978355,0.006255960802843463,346696,0.008501104163217983,0.0023455068219010444
1024,378,8,2.68656916829301,0.006653062674003785,142159,0.0034665291164768072,0.004747086397374756
1024,379,5,2.715652772591983,0.005047906443957473,331845,0.008423635037701825,0.001205617773714751
1024,380,6,2.747368240553629,0.0038336312139320983,240083,0.005961878672566853,0.0020606205564686064
1024,381,5,2.722464448576014,0.005402469955215539,347079,0.008588834873482222,0.0014397394217776638
1024,382,6,2.7228431590917936,0.006685512965240559,221796,0.005651850388795965,0.001949193901536278
1024,383,7,2.666038973176237,0.005161726807491385,191111,0.004627728649970205,0.002281602711742048
1024,384,5,2.715077634027081,0.004733403526550162,362588,0.008828997119840046,0.0014986757893278302
1024,385,6,2.7059509291447665,0.005348343406486156,243283,0.006007203172005158,0.0016184058468793339
1024,386,7,2.7031471152999367,0.005318377277318764,177814,0.004375027018831729,0.001516629969072758
1024,387,5,2.7500622005256474,0.0031866397951001435,327609,0.008345189749270619,0.002343162949019373
1024,388,5,2.738666897862933,0.003184283535100807,354005,0.008732263241654992,0.0018195958984122962
1024,389,5,2.730526469855506,0.005993349948905102,329557,0.00835837283450332,0.0020760226654921166
1024,390,7,2.6808051923986014,0.005793732823511477,192570,0.004611063156192635,0.0022854786416690587
1024,391,6,2.6924453427842545,0.006251564684002342,235485,0.005932735424992183,0.0015501191540067127
1024,392,4,2.784767449497826,0.0035591501296549644,558343,0.013610873994830996,0.001047849525448813
1024,393,5,2.730357266956037,0.006484948121307399,329700,0.008254096386365616,0.0026992592790890946
1024,394,7,2.711010512828362,0.005259324209509697,166168,0.004235940412650362,0.0016336061080353959
1024,395,6,2.7158809434403643,0.0035695221477282657,243230,0.006078704060180944,0.002150139885815805
1024,396,5,2.7464639182992023,0.004196712940036429,345771,0.008555698495157027,0.0020246349007487507
1024,397,7,2.6703223654039614,0.006682741141061266,178938,0.004401029302417007,0.00430055005089236
1024,398,5,2.7180824113751245,0.005983314756633162,356168,0.00867282274875894,0.0016810388873025328
1024,399,5,2.722903309914592,0.005368734791306673,364562,0.008838805829962491,0.002069038011757507
1024,400,5,2.742974344942976,0.0039056224939707507,324719,0.008367490642332635,0.0034572652677705984
1024,401,6,2.6881126897581895,0.005685221062103785,250078,0.00619021069558544,0.0019446653543487846
1024,402,5,2.74174370513122,0.005386143578548608,341245,0.008529420608526902,0.0013044066685724554
1024,403,6,2.657873952547788,0.007532045022635769,234981,0.005905982032097561,0.00283059949264014
1024,404,6,2.7513968679197838,0.005604288631312959,220998,0.005679802721446846,0.0014426081844088612
1024,405,6,2.7034967295568775,0.005456860766396621,236771,0.005942190910692312,0.0011229277403969062
1024,406,5,2.7271815583156673,0.005766715497274033,317436,0.008216667003596365,0.0034544640584246444
1024,407,6,2.7008507848403753,0.003526794483168616,241461,0.005963982250989644,0.0022329006628798442
1024,408,7,2.718269797605895,0.005693573497016491,168916,0.004200817562320151,0.004490566582787042
1024,409,5,2.744353286523409,0.005140228934632063,340030,0.008336628053995205,0.0018231194909060777
1024,410,5,2.751633762351534,0.002109860586895995,361616,0.008750239011785538,0.003236793066553889
1024,411,5,2.752717760498709,0.003083678371234355,351888,0.008543224667692067,0.002646490755188746
1024,412,6,2.7268063707659462,0.004712125200589168,231677,0.005901283003119483,0.002641910304625905
1024,413,6,2.712586565890055,0.005585679900537599,246732,0.006046147268280031,0.0018643443587305075
1024,414,5,2.730385297857642,0.005676683068882027,336226,0.008350048695744775,0.0034924123575342803
1024,415,5,2.7318534123953557,0.007100763324252579,356455,0.008646608917654291,0.004273874557932822
1024,416,7,2.660141019583939,0.00843692252420114,174310,0.00435272380100888,0.004597566041135925
1024,417,6,2.7214790541337552,0.007239224468833183,237505,0.005831983288318737,0.0034232973508702413
1024,418,7,2.702928166879914,0.005618048376411333,168274,0.004237507732820799,0.0022584745872547274
1024,419,5,2.713399805258702,0.0046051553898895925,364290,0.008840243484897802,0.004497908377976367
1024,420,5,2.7723752468138705,0.0034336805437408247,324128,0.008241010923239695,0.003908487695470142
1024,421,5,2.685778646975604,0.006545732664568926,340643,0.008542981119034398,0.0023005921552913255
1024,422,5,2.741505935659619,0.00450800051020539,352397,0.008771100818614007,0.0015414390066014194
1024,423,5,2.746607105257967,0.0035931994732275596,341595,0.008485113561965945,0.003443189662268864
1024,424,7,2.7063824249546973,0.0050379123142254845,180200,0.0044112986136062024,0.0018227536594820903
1024,425,6,2.7203789558679023,0.004629098869958215,247720,0.006101904665252446,0.0008636987320563838
1024,426,7,2.6869318826830577,0.006741690540201184,189090,0.004615286833645233,0.0041109969002123825
1024,427,5,2.712632567204584,0.006811004451487079,372696,0.008922799882553912,0.005006432039131092
1024,428,5,2.719057414803168,0.005110113996708077,349404,0.008587331560031162,0.002171912144909416
1024,429,6,2.7209951261389262,0.007591350085302151,235036,0.005922189162990496,0.0032477852439533883
1024,430,5,2.7194304634051205,0.005594866023798217,333290,0.008368018887534294,0.001476904385854072
1024,431,5,2.7424488780148444,0.003978082138582528,332773,0.008370528148473826,0.0013286203799725282
1024,432,5,2.7178898819895094,0.006189563246604024,345348,0.008590781529327173,0.002363649666951795
1024,433,5,2.721380374034923,0.00470750667848141,373048,0.008895998412757462,0.0010705575173048099
1024,434,6,2.6853069637834714,0.006362433584124527,254194,0.006144558031474997,0.0017935715704720245
1024,435,6,2.7170130157123458,0.005262646995443265,248019,0.006082877616408836,0.0019879697956397546
1024,436,8,2.6440055134620364,0.006532060320962096,139850,0.0034803767845703513,0.004041777996279694
1024,437,6,2.7129540595142907,0.004334130922928892,239398,0.005932269812689122,0.0023998584570650294
1024,438,5,2.741713503907374,0.0038658327077870647,332389,0.008314899569874822,0.0026113909546042757
1024,439,6,2.7278909900362422,0.00504768501841657,237074,0.005990656482191825,0.0010710241430429424
1024,440,6,2.7075741366099826,0.0037779310880675654,245674,0.006078988697625034,0.0038603193713276918
1024,441,5,2.719448194786715,0.004289039965676922,332361,0.008419493597204137,0.0019778517732622625
1024,442,5,2.7277402054176703,0.003844337569530898,366131,0.008802411959592152,0.0028562151734025654
1024,443,5,2.73683548461861,0.004829332032116218,338038,0.008388235982792352,0.004238949209036891
1024,444,5,2.709523356815328,0.006744636305086482,327866,0.008326403256182228,0.003627781127163443
1024,445,5,2.695876613972728,0.005187467233178311,345108,0.008660831143456177,0.002557646159445981
1024,446,5,2.702400972457119,0.006389964744764387,333514,0.008297523001024645,0.002098040678835622
1024,447,7,2.6537336102958418,0.005698706809650234,180788,0.004442703942247306,0.002551463735828041
1024,448,7,2.693711857871258,0.005408027677585858,191547,0.0045974440834756275,0.0015004438968352907
1024,449,7,2.7015687116709928,0.00711292972268085,166048,0.004224948590114748,0.0050608599573664925
1024,450,5,2.725166852764188,0.006515401396580689,336731,0.008283526868431229,0.0020230881272670365
1024,451,7,2.670311802167842,0.006049457133348257,173855,0.0042992977966095705,0.004281257734087857
1024,452,6,2.7029380936139815,0.005228385897489973,232415,0.005884887235341176,0.001755250138273684
1024,453,7,2.6719026445295535,0.005849493162528807,175380,0.004418010833069373,0.002293916907683491
1024,454,6,2.70222445861722,0.007418085501038063,225136,0.005669594137081205,0.0028854962948204887
1024,455,5,2.77490531122506,0.004128492068828149,300080,0.007949250046484092,0.004937296611290276
1024,456,6,2.757604261004895,0.003760969327565311,246436,0.00601274520651824,0.001304910539525972
1024,457,7,2.6919431685166155,0.007044203493129397,174788,0.004339812794239273,0.0029643946397721055
1024,458,8,2.673407554825755,0.005157171212807565,152396,0.0036436253436191463,0.0029846707115236404
1024,459,5,2.7350212871805724,0.00564533168058029,336137,0.008323314760097018,0.001517896920680717
1024,460,5,2.7553538167911777,0.0028515528025185866,337391,0.008423910472066413,0.0029580024075701317
1024,461,7,2.6786553704513505,0.007952623024255256,175668,0.004408099563006743,0.0032881889573748713
1024,462,5,2.7534744128098807,0.003289513728406357,323325,0.00818364201518891,0.004045132959198838
1024,463,5,2.7610929056610685,0.0034472425686817854,324256,0.008219090303330909,0.0024029346766011317
1024,464,7,2.7249679876437307,0.004192426360787538,176922,0.00446169958419054,0.0019794744036012446
1024,465,6,2.6681151763366238,0.007956339001056634,240474,0.005981918870738374,0.0034122002104564064
1024,466,7,2.714695466693469,0.006170462815294986,173482,0.004357111995399417,0.003279606904884602
1024,467,6,2.716783123964987,0.004326640100880574,227765,0.005829975079297797,0.0013039399944927421
1024,468,5,2.729850163985243,0.003676628189916875,344813,0.008518500593888556,0.0020648264818948214
1024,469,6,2.7495766531932815,0.006001363012978933,221696,0.005731462907200383,0.001383587620028215
1024,470,5,2.7036958278315217,0.005080432678656377,342408,0.008661120458219228,0.0012955107716607905
1024,471,7,2.6828287631806154,0.0051693182298363505,182119,0.004512500689131422,0.0009559946535886432
1024,472,5,2.719373694455222,0.00535289481841722,340020,0.008401466246364387,0.003467506759378569
1024,473,5,2.7275684610045845,0.004023576266936724,345195,0.00860391998477792,0.0013617432111811267
1024,474,6,2.7238575402224163,0.003910410739356662,244321,0.006025145062689785,0.0011891012231359799
1024,475,8,2.711066173440159,0.004707964331962855,139817,0.003423167999650576,0.0023426599179160457
1024,476,6,2.705222515837549,0.005929042613527613,252670,0.006160379846285759,0.0016643909274932644
1024,477,6,2.7103001075442132,0.004172325224393814,234595,0.005904543345947495,0.0017118578507716586
1024,478,5,2.7461919568681505,0.0029743685367010775,347411,0.008602285738678956,0.0034789339197279223
1024,479,5,2.6991125048869917,0.00807866366493637,321765,0.00829391555014631,0.005235821124821016
1024,480,1,3.848376936387135,0.008529731682122343,40193834,1.0,0.006810065106929275
1024,481,5,2.728797390944231,0.0062136405439799924,358904,0.008662631343059042,0.0024574371883587798
1024,482,5,2.7196749841376633,0.005668914033903183,344632,0.008510230589536797,0.0019918786324927273
1024,483,6,2.6922590695073585,0.0064062940462406015,222017,0.005649019454929174,0.002343385463948744
1024,484,5,2.7112191922424396,0.004821639903303199,325013,0.008201366636211795,0.0035292762165818337
1024,485,7,2.677793847316741,0.005965452670583793,192040,0.004653051797693139,0.002047622509031677
1024,486,5,2.7334449463107284,0.0036866129290333838,339914,0.008440293947513118,0.0045230841965249735
1024,487,7,2.72919924428507,0.00456661728898633,171742,0.004308959269242739,0.0016834211058970316
1024,488,5,2.741883307522059,0.005464580672630781,364231,0.00875561770986189,0.002244313692870148
1024,489,5,2.757025379450808,0.006919873411731059,333263,0.008438102030030674,0.004279764569990241
1024,490,6,2.7492346022718506,0.005281608173836716,226066,0.005758700205734459,0.0012533048911909372
1024,491,6,2.7077247241080418,0.00762982194807682,212929,0.005575217003242768,0.003227597885312683
1024,492,6,2.7221122295012976,0.005373710257523201,243012,0.005968015374813134,0.0011439547136747608
1024,493,6,2.7056940627788633,0.004463286303536429,248590,0.0060952232809822655,0.0015306858836370285
1024,494,5,2.714317178590772,0.004229937253519944,369686,0.008862355738841969,0.0014275988928139638
1024,495,5,2.7414065905102927,0.0034031761171495756,331704,0.008315080860491446,0.00344691484171733
1024,496,5,2.7420162289348897,0.004196571006223171,344015,0.008648822677551708,0.005851610069015356
1024,497,7,2.6837275675590733,0.006062744356925942,188752,0.0045579620535266905,0.0029949280888601493
1024,498,7,2.6262521404324084,0.009168308901520428,190888,0.004649520200975175,0.004750717990615272
1024,499,7,2.6927857097684287,0.005453690299100589,182668,0.004514535668978866,0.0018379670769721468
1024,500,7,2.679288321696904,0.005693856614304993,174170,0.004364226293991092,0.0032271632675597295
1024,501,6,2.675446483756465,0.008045430538895226,218047,0.005549988380625756,0.004092169457832556
1024,502,7,2.6936954128659414,0.006705820004806462,178069,0.004354793182723375,0.003604264730726503
1024,503,5,2.725371136695123,0.004351111180491973,339131,0.008372093206972282,0.0021248910097754203
1024,504,6,2.727779276778342,0.005503174416254919,231591,0.005793923014334037,0.0011300876339476185
1024,505,6,2.6748109217000113,0.007147465162941624,245698,0.006070426064116426,0.002727239784571567
1024,506,5,2.764727330178936,0.00285335101295614,325548,0.008175752921025735,0.0035292486001904377
1024,507,5,2.7225408714910593,0.005793370004918419,343780,0.008597477306391203,0.0042469861039706736
1024,508,5,2.7477245620532105,0.0055367882741043095,357689,0.008699978661655014,0.001755643779830951
1024,509,5,2.713642115111886,0.005037163228341746,345703,0.0085130447673425,0.0013160569524065524
1024,510,5,2.7314112836921294,0.004754589804894238,349835,0.008666302741488203,0.0015477636590340849
1024,511,7,2.6750855730209793,0.008487718486524187,178388,0.004432537851301013,0.0040872713309773046
1024,512,7,2.7339036910592194,0.005372910831660138,176799,0.0043885925041472805,0.0010699610224026435
1024,513,6,2.6983023545644276,0.00515835190142,248538,0.006055896024101949,0.0012990642802616081
1024,514,6,2.6839732486693486,0.006098460730161959,242567,0.0060098029604114915,0.0035702096695804375
1024,515,5,2.715121920310449,0.0032827545326872265,351706,0.008663223818537598,0.004056125753459483
1024,516,5,2.764602621572023,0.00453402753149712,331880,0.00832582671799137,0.0016051235285624577
1024,517,5,2.70517366611531,0.004166393561525705,351623,0.008610869174139911,0.0025496012055691297
1024,518,5,2.7317256653886,0.0033846905306750275,328799,0.00827461226478437,0.003247684568596254
1024,519,5,2.7091966827642144,0.005181242995451973,351048,0.008693754733083616,0.004600701767992654
1024,520,5,2.7340627124885004,0.003351281735203604,345407,0.008508328373732006,0.002285754675708407
1024,521,5,2.714805894785552,0.004671814671892038,332466,0.008437241289630602,0.0023535499533600124
1024,522,5,2.7184730404876145,0.0036533389455875587,348321,0.008562168670748025,0.002362585636989767
1024,523,1,3.856595331409069,0.008469552275923165,38768946,1.0,0.00499416252980131
1024,524,5,2.7120105609326908,0.0059169458743471015,362061,0.008774324989427144,0.002337520374322777
1024,525,6,2.7385983706843553,0.0049693062447739855,231999,0.005759716453895121,0.0014519467927207597
1024,526,6,2.696582364199016,0.005527032335764681,244955,0.006047534701635739,0.0032075628741697892
1024,527,7,2.710102567158033,0.005083509597359148,174533,0.0043726485799345655,0.0014204303079211333
1024,528,5,2.7333641753540507,0.003477387689020728,341671,0.00849829474965759,0.003036188228213832
1024,529,5,2.713241700801325,0.0062496704565528916,344917,0.008582588550331154,0.0018274037905386953
1024,530,5,2.7671654328947293,0.003948970495587123,346556,0.008580997906599603,0.0009298755699267414
1024,531,5,2.747949879696461,0.0030614964696679126,340488,0.008495740140657985,0.003355618502646096
1024,532,5,2.766135690652063,0.00408343398655453,328289,0.008256323705813733,0.003033681875804689
1024,533,5,2.760078711047903,0.004006196420849095,349026,0.008573798806306593,0.0035713713194563956
1024,534,6,2.735218864518583,0.005676267578537231,220207,0.0056533359321079045,0.00232493017931934
1024,535,5,2.7387396966721678,0.005319602920398847,329028,0.008253475834900985,0.001973701731194155
1024,536,7,2.718037727591128,0.004168169241346553,177600,0.004352936268748325,0.003427997791693227
1024,537,7,2.6686053948511876,0.006048824186054236,183450,0.004493289567786692,0.0025329341976068065
1024,538,7,2.6744254232322184,0.0060215749298263566,170792,0.004284099252279295,0.0025275555142365846
1024,539,7,2.639392322787332,0.00678727299706916,182223,0.004435809906839301,0.0047208991613496565
1024,540,6,2.7209828433400998,0.0038830132686605845,246807,0.006044133362713976,0.0013027917257980581
1024,541,8,2.6979513149448846,0.004663765947278908,136603,0.003394378118858075,0.004911242791602433
1024,542,5,2.7229883637312584,0.005710768850564818,357683,0.00875428465137225,0.001882373467958165
1024,543,5,2.7773112723945377,0.004218816671004988,309072,0.0080563128637008,0.006412667225852542
1024,544,5,2.706563870276387,0.006572229761232284,334301,0.00829193085180372,0.0029019803372248854
1024,545,5,2.7021519425896705,0.0053771451168215245,352931,0.008700592512788242,0.0021961501085366875
1024,546,7,2.6754750492309967,0.0068132623767718226,190548,0.004653062163389664,0.003751445292345945
1024,547,6,2.7484392443268515,0.002969391229843854,237085,0.005892095754229138,0.002653158339508188
1024,548,6,2.7242100041034196,0.004279303710678861,235925,0.005951339046871074,0.002607750788709895
1024,549,6,2.705582415054848,0.005186669608338579,239781,0.005947830810741423,0.0015319957814921015
1024,550,6,2.6763814607519656,0.00606073914323163,257815,0.006180523646882687,0.0014283295034354104
1024,551,5,2.7405927312828626,0.0035252146491571157,338151,0.008463127602313316,0.004575141893138512
1024,552,5,2.7329770358637666,0.005199832951763295,356184,0.008701545519604545,0.0018848176328705168
1024,553,6,2.7001066230059174,0.004450146441042191,249923,0.0061515552526198196,0.001141291721051707
1024,554,6,2.7514753679445394,0.005262950873388794,235550,0.005840781704137515,0.001242712219466674
1024,555,5,2.7088882308036113,0.004641220349765385,359960,0.008758755013879911,0.0013925020528898768
1024,556,7,2.707231926809996,0.003906538516165292,182217,0.004421359863029248,0.0014010757377376226
1024,557,6,2.713981141199376,0.004877603787781848,245212,0.0060094595341401835,0.0021942803481715956
1024,558,6,2.715650234595275,0.006779945684874278,214766,0.005523050066248519,0.0023605401294520822
1024,559,8,2.7126393380215297,0.008148952605550486,125547,0.003181587778721225,0.005477128283794763
1024,560,5,2.705990322087829,0.005869310099517855,375156,0.008953109367659267,0.002911447256425448
1024,561,8,2.700703849168448,0.007076126428703811,135445,0.0034215227917322147,0.004700224239987061
1024,562,6,2.724472325777157,0.003115479551975886,240678,0.005916526575732624,0.0027814569888158225
1024,563,6,2.7372034758718224,0.005005391311071583,237246,0.005868067975856148,0.0006236997137241129
1024,564,6,2.682974393305953,0.007833359103546489,239317,0.00598509070507163,0.003558125096172038
1024,565,6,2.6897746678231167,0.00533109256916553,238716,0.0059402275982392925,0.0017994909270673265
1024,566,7,2.686296524348639,0.006909122182657934,177315,0.004390693389076473,0.002843522559577316
1024,567,6,2.690563438274851,0.004166879425366976,248584,0.006081823008488849,0.0016034393298441918
1024,568,7,2.703026639142921,0.0065421260628804045,173796,0.004321162880038302,0.0024784543493719946
1024,569,5,2.719565213726303,0.003291748765241298,356967,0.008684903942286618,0.0015051747186013709
1024,570,7,2.6838956948877004,0.007648314864420747,163486,0.004191759981268536,0.005011828467503809
1024,571,5,2.7349471263585774,0.0035244469945896473,357352,0.0087337988449356,0.002019349306941559
1024,572,7,2.6689414046050413,0.005180233991210703,187476,0.004549792569638029,0.0026845206408552535
1024,573,5,2.7444569309846436,0.004025134304670441,347463,0.00856913077812047,0.0010260849071203337
1024,574,5,2.750009446447803,0.004185135701213039,324582,0.008282202483777874,0.002212346624746009
1024,575,7,2.700584896320942,0.00551120069527844,187964,0.004575748682911819,0.0018236783311478821
1024,576,6,2.7076671242420987,0.006422912391200131,236515,0.005924244662249673,0.0021840681487652613
1024,577,5,2.7515697873559755,0.0040434147073883375,321581,0.008241021477560482,0.002324900855637191
1024,578,5,2.7876436307642836,0.004786717717157218,317332,0.008138714646711275,0.00800185006922749
1024,579,6,2.715529836208437,0.004736028925566904,230000,0.005773012526859882,0.0012490196965594391
1024,580,7,2.6664486537345815,0.004787342531233807,190541,0.004601323181368192,0.0017817094860024252
1024,581,5,2.7270867672704755,0.0050385901331948535,354834,0.008666988773539044,0.0014621429846115586
1024,582,5,2.7684393917790486,0.002146680863035877,361752,0.008803348636595761,0.0032270782705279277
1024,583,5,2.7273946098521056,0.004168500858892921,325190,0.008318495838731227,0.003483803378558581
1024,584,7,2.7046012783055766,0.006921767514279531,169774,0.004271396267596608,0.0028705602863487445
1024,585,6,2.703963924377034,0.006011229127979689,235330,0.005895544273250223,0.0015416757557717986
1024,586,5,2.7468268488720584,0.004180424124379578,344564,0.008666552140190468,0.002085159646110113
1024,587,5,2.740134795560534,0.0038025204919031053,352852,0.008701629319991683,0.0019271154003756008
1024,588,5,2.7530945017008066,0.00497754218868629,334726,0.008303227685469391,0.0024217017240315553
1024,589,6,2.697326985882284,0.006737974537020186,238910,0.005916870923080653,0.0022013484341192324
1024,590,7,2.7000684804704425,0.005102517842330623,181627,0.004473720626052406,0.0013333357931138712
1024,591,5,2.709656301597888,0.005255133986016736,345714,0.008584344899597153,0.0013447854983036356
1024,592,5,2.768089662010591,0.0032635327497685385,327518,0.008304103228706368,0.0024522971831411333
1024,593,6,2.708902538953505,0.0034827781507325017,249391,0.006122758069633395,0.001923680117134674
1024,594,5,2.7261763847893237,0.0058190826771740145,333515,0.008567919790819601,0.0032069014974306365
1024,595,5,2.751143521711039,0.005223758857195837,317536,0.008246662726723752,0.006564319632992088
1024,596,5,2.753570009335138,0.0034932272246523954,347724,0.008631322174667038,0.0021654755824375427
1024,597,5,2.7430525944348005,0.004768546877107427,332891,0.008483689061560882,0.0009578862417799483
1024,598,6,2.6849411737714863,0.005451700357106071,249706,0.006055024176837182,0.0010338986838819286
1024,599,6,2.7517222157911956,0.0054872854944656435,235698,0.005818672577454608,0.0014112267633632214
1024,600,5,2.719065086737976,0.005021606095590325,365409,0.008888292674976959,0.0013904172192598097
1024,601,5,2.7452094912172877,0.0051431263066623045,325126,0.008244979504457779,0.0018587099481287561
1024,602,7,2.6983084989932697,0.008236328315603003,173301,0.004379436538830734,0.005330882001732429
1024,603,5,2.767300922591437,0.0035978769214642936,348144,0.008552449355373968,0.002141254531232817
1024,604,5,2.7495336170804086,0.0036721636526289014,327051,0.008290871004480378,0.0019064241446522523
1024,605,6,2.699371912221915,0.006505961927539605,237094,0.0059987445076637985,0.001804516397543976
1024,606,7,2.7188240252922786,0.005324208732457425,170655,0.004267506636072221,0.0026888580918314198
1024,607,6,2.7208010020307687,0.006157198186352519,230144,0.005824756388999293,0.0017935249058961267
1024,608,7,2.674311871693829,0.006671606040952738,177717,0.00445130524982859,0.002052267876184233
1024,609,5,2.718077871604428,0.005718797933973452,355321,0.008663121620259574,0.0016781630906309575
1024,610,5,2.712902148141165,0.005051622590707738,344338,0.00858763293369625,0.0013248414035434974
1024,611,5,2.718564301813531,0.007962675841028277,349169,0.008550823190206489,0.0037493166682495693
1024,612,7,2.6939476285968165,0.006117062113293437,182107,0.004464065093519672,0.0025384519848727916
1024,613,6,2.6777612770056476,0.00501413372848547,247440,0.006064448291938972,0.0025147389696773548
1024,614,6,2.7124308160835975,0.00344655815732664,234417,0.005892726866226249,0.002169965344321456
1024,615,8,2.685764450944338,0.005939294270954298,143338,0.003522230983827834,0.003971832002099163
1024,616,8,2.6637061066356305,0.006548682757362645,143442,0.003496546538095457,0.00489913251581503
1024,617,5,2.708275712629058,0.007422400843348997,336889,0.008482573420341678,0.003801152120835538
1024,618,5,2.7575870845579558,0.0031642761811504494,338191,0.00847471260888366,0.0018690786630199963
1024,619,6,2.7194881565149824,0.003958616694168082,242904,0.006000074400685435,0.0032826854376867276
1024,620,5,2.7448530760211574,0.003171567402935782,352800,0.008686473697933786,0.005720635622870618
1024,621,5,2.7280781630043833,0.007843582557273854,332124,0.008322808618879723,0.003867568623006634
1024,622,6,2.699620915595988,0.005989753303919487,252138,0.006095388043521329,0.0013003920830541027
1024,623,7,2.7024136949458826,0.0038954434973601515,182289,0.004507382031442655,0.002329597144185569
1024,624,5,2.7512503914352324,0.004125271219279858,347221,0.008608318211632868,0.005755056502893374
1024,625,6,2.673127083712464,0.005408464178816685,253401,0.006165544508741742,0.0012246734640840584
1024,626,5,2.70337482398015,0.005596027893222333,335961,0.0085450550778742,0.0013748580193655435
1024,627,5,2.736891274685393,0.004393149530655838,344278,0.008520139154172057,0.005082304727206333
1024,628,5,2.7051949749141087,0.005553563803261108,360147,0.008705002869544771,0.001769280063533274
1024,629,5,2.780037134626984,0.0033755105487112136,331421,0.008335770943303497,0.0035923342222307086
1024,630,5,2.7052379354053726,0.00429685574037153,372734,0.008918052938111966,0.0021654513290771393
1024,631,5,2.7413860915208286,0.0041280431072905355,338143,0.008443874676771325,0.005144864016126682
1024,632,7,2.695386787751967,0.006218877122644462,177920,0.004424381985305144,0.0032074783473790003
1024,633,5,2.7306347388961147,0.004723337653525839,342131,0.008519897025418369,0.002514105141160239
1024,634,5,2.7214317892273896,0.0032928258980545744,335487,0.008418043333550881,0.0026464900288845072
1024,635,5,2.732348399720672,0.0037527543239356254,336419,0.008472981881939444,0.0034712910194778512
1024,636,5,2.7510759706760806,0.0032335204426259256,320203,0.008091536915421312,0.0035447173293572387
1024,637,6,2.7134403155251055,0.005287104902255035,238573,0.005962774827614191,0.0008300625796309191
1024,638,5,2.716609181285668,0.004521982002504976,342770,0.008512769477073513,0.001262987467622878
1024,639,7,2.728138777124206,0.00432743384696066,173729,0.004344818244850387,0.0010498870295587714
1024,640,6,2.709069211698331,0.0025149455725292924,242213,0.006003060851461959,0.003940779568054331
1024,641,5,2.74460286860054,0.0036278263668487742,357027,0.008712839074025565,0.0036737270975291947
1024,642,5,2.7193779195548453,0.00621259808582314,345785,0.008509636215235901,0.0024856575316699603
1024,643,7,2.7006883127811325,0.0080504805341014,169023,0.004294172472876591,0.0053919036442776624
1024,644,6,2.7495739188104023,0.0036702437181173053,238701,0.00585410594160815,0.0015937015252930342
1024,645,5,2.722900090325449,0.005625526420307392,344756,0.008587052981929593,0.0018443704121572368
1024,646,6,2.778336773398082,0.0038615740481120486,222608,0.005620060501589289,0.001756880255200044
1024,647,5,2.7315675859891977,0.006064901465709205,357834,0.00876752898155005,0.0019817533534595144
1024,648,6,2.6784265552466144,0.007279539507872301,234674,0.005955662778950107,0.0023589110015588277
1024,649,5,2.700706953951289,0.006316550162271728,338128,0.008502780991377874,0.002604194412816785
1024,650,5,2.7508176421407353,0.0031814547106992497,328629,0.008294814815039176,0.0026041477458902396
1024,651,7,2.675052054156488,0.007419485601305897,176557,0.0044144227261623745,0.0035980687217068708
1024,652,7,2.6953723150295477,0.007346858818778834,180768,0.004506716845011004,0.0036890395861677305
1024,653,6,2.68266684324215,0.005605611176211944,231523,0.005886838040289077,0.001898701205225728
1024,654,7,2.6796509604626197,0.004410122159913321,178945,0.004438202595534391,0.0013264082832503965
1024,655,6,2.7137477523920612,0.005049294196364212,228483,0.005729556018651807,0.0012333670784012707
1024,656,5,2.725974025068595,0.00359134342600953,341123,0.008532828425395078,0.002635727944269084
1024,657,5,2.756670253724327,0.003911747539985022,321956,0.008102154652314196,0.0044587586955097125
1024,658,5,2.763352504164914,0.004006269481524938,340312,0.008509659360570285,0.002057931518268802
1024,659,6,2.7232984982507755,0.003724487265100107,241604,0.005990029344707589,0.0015921668478918738
1024,660,6,2.7049329717370276,0.004927662782963749,240992,0.005925243321064066,0.001011331309311414
1024,661,5,2.735851934758386,0.004286334468909581,356697,0.008740127579002523,0.0027742218699081667
1024,662,5,2.7576121048980013,0.0031737776948119745,338860,0.00845993062187805,0.005052420326055018
1024,663,6,2.7220916791702012,0.003709525602328956,233934,0.005895810983627654,0.0016692330467737992
1024,664,5,2.7610828465631028,0.0025254523662139317,342838,0.00855473770271115,0.0035628231064524507
1024,665,6,2.731805729867466,0.0035070115547495284,228795,0.005816154457661232,0.002614483861297534
1024,666,7,2.696272003663128,0.005693152351471609,162090,0.004197817942689542,0.0040032904239777345
1024,667,6,2.6935015453975657,0.006285474074268271,229423,0.005793874559129464,0.0015185999920311055
1024,668,5,2.738235040012303,0.005416858218265208,360347,0.008735960163593034,0.0024545221403274864
1024,669,6,2.695978100295784,0.003764701796897807,246632,0.006077322839639889,0.0028760625295581044
1024,670,8,2.6865699665134826,0.005767343341213427,141112,0.003471611875012624,0.004252524084916609
1024,671,7,2.6834297190564538,0.00606083609489827,190403,0.004609424711220703,0.002570719982207703
1024,672,6,2.704534173553321,0.005493805408775587,245075,0.006004004547927795,0.000792359878779958
1024,673,5,2.729173806968082,0.0052158147048524395,330891,0.008373910830532337,0.0026333823422119984
1024,674,5,2.7011423178348144,0.00605317081356882,336250,0.008520175827036047,0.0032337652734552025
1024,675,5,2.743070445478092,0.004961774306697531,341315,0.008518978203830546,0.0018198299193293854
1024,676,6,2.6765248701289295,0.006396731376091369,243421,0.006003039189485023,0.002003777118185779
1024,677,5,2.756910202380046,0.003620427183601338,342271,0.008603192881955123,0.003747288394870707
1024,678,5,2.75519914211111,0.0058305553807594945,322543,0.008194510369348354,0.002249367275752978
1024,679,6,2.681487973292557,0.005203197845952023,238033,0.005910054342367817,0.0015394736886766847
1024,680,5,2.744616570726113,0.0044963691964975405,340726,0.008576389041837227,0.0055303901589601745
1024,681,6,2.712536031489275,0.005679166387870027,238701,0.005985393944717408,0.0008976798128258467
1024,682,5,2.7152394822856554,0.005406185741290703,335640,0.008315019843178983,0.0018415095066383058
1024,683,5,2.7313737212367997,0.004707588982251987,347218,0.008623217061620744,0.0024181196830686535
1024,684,5,2.7304997733418186,0.006068168597262558,340373,0.008556987850174867,0.005982450701026765
1024,685,5,2.781901618281398,0.0038205652511119625,335095,0.008476797235576771,0.003202780398797178
1024,686,5,2.725276996911873,0.004616400047312674,361301,0.0087149708529294,0.0018965173787999223
1024,687,5,2.757882218527686,0.004152970832991376,340366,0.008532180702064565,0.002467405162805081
1024,688,5,2.753132914156253,0.0035387579980729056,347807,0.00858849451832714,0.0019764459045036042
1024,689,7,2.667482783709609,0.007624972326363388,188962,0.0046276212480995385,0.003434667923649215
1024,690,6,2.7311552956913165,0.003897696450631316,236361,0.00589163613054251,0.0016211477290155318
1024,691,5,2.71484481380893,0.004323748489370061,336955,0.00847599345998578,0.0032258017749827173
1024,692,5,2.7157192704338073,0.005420276158273285,352089,0.008623767556901928,0.0015382948489633952
1024,693,7,2.710150799865502,0.005781463988303259,174003,0.004323631238979279,0.0018154962250903905
1024,694,5,2.76750700532363,0.004875089519382869,317056,0.008054832287109896,0.0023130483643292177
1024,695,7,2.710530173477977,0.005408642426981469,174425,0.0044079487376473825,0.0015118132391430672
1024,696,5,2.710396971484666,0.004626499243123305,340395,0.008430732760817737,0.003032964054264564
1024,697,6,2.6616930088887982,0.007813017694448532,245714,0.006060523694619201,0.003336698554364803
1024,698,7,2.7069063712344135,0.005250683882079332,179494,0.0043965501383538925,0.002915828869034298
1024,699,5,2.737045872842311,0.0039189933313262815,335407,0.008471409073306038,0.00517759987518096
1024,700,6,2.7250774219341487,0.0035232127447390738,231975,0.00576405889932677,0.0023866916073003175
1024,701,5,2.7196624124996505,0.007822377061442842,338151,0.00841454408149246,0.005053242983557027
1024,702,5,2.773795590061428,0.0031330726158869115,332763,0.008317055618895732,0.0035178460930072597
1024,703,7,2.684598695413215,0.005149373946023328,187771,0.004608248561473063,0.0013714591268672027
1024,704,5,2.771347502163272,0.003303826301680024,322154,0.008165807714966432,0.004451106322538978
1024,705,5,2.7258421557953425,0.005875281983640235,348688,0.008492827563946714,0.001340073205435388
1024,706,5,2.708442433148813,0.00470274278319327,369792,0.008864061309757393,0.0011204532739560458
1024,707,6,2.695140788610731,0.006323702061566738,247728,0.006019468361452397,0.0016496118916812241
1024,708,5,2.73483758326401,0.003658399716080951,321709,0.008156604245838701,0.0024344674847823766
1024,709,6,2.725782548625489,0.004678457163415972,234024,0.005863875814844809,0.0029203908518289357
1024,710,7,2.688392987283978,0.007112895366034211,175183,0.004393993339895701,0.0027066459232337192
1024,711,7,2.705595845687409,0.005332335251870324,176421,0.00434812227100927,0.002650622519696777
1024,712,7,2.657254257381982,0.007599101841365474,178324,0.004403751758238463,0.00525814062210464
1024,713,6,2.7166614631442014,0.004451143697800586,242754,0.005919980978335421,0.0012835025786948062
1024,714,5,2.725256077575897,0.004480865594917005,344785,0.008598934458878408,0.0028207921105655176
1024,715,5,2.740269332794231,0.0038147854331787023,324943,0.008261163227856383,0.0029461725859933896
1024,716,6,2.681791363895978,0.005048466751316316,257440,0.006223308776436673,0.00121825368764239
1024,717,5,2.7474848005605157,0.00380140013637581,343289,0.00856482149683896,0.0017931927592673702
1024,718,5,2.7200471452835204,0.006305641843314558,340178,0.008574435831421437,0.0021019986045448524
1024,719,6,2.699867472723647,0.005581735385741027,245735,0.006066151526187539,0.0019292721839478943
1024,720,5,2.712157991463652,0.0034495054649322787,368807,0.0089128505543915,0.002455457932577343
1024,721,6,2.7341742625023118,0.003467395039939758,242607,0.005991659287827624,0.0029429319460318737
1024,722,7,2.7421085824476377,0.003199690447728165,173765,0.00435163570564616,0.0028412463851246184
1024,723,5,2.7177648806053556,0.007779024076538799,347518,0.008654105093096663,0.002874937350014539
1024,724,5,2.734459422463198,0.004164374479460942,335054,0.008360572971759317,0.0016548582439906978
1024,725,5,2.714091929218761,0.0038716941024656837,365075,0.008834644399482788,0.0020636330919345802
1024,726,7,2.669523685120267,0.006288527163196278,182146,0.004486673940911707,0.0026349812167131836
1024,727,5,2.704734424647684,0.004442266762069047,355648,0.008663428290709018,0.0017893294307811947
1024,728,6,2.7016595799055287,0.006027127696569878,242844,0.006009471814880829,0.003041172786722335
1024,729,5,2.7438501211892397,0.005606232652472176,324832,0.008285693588096712,0.0019445643951528924
1024,730,5,2.751107501976261,0.002075325916255033,359681,0.008800493695362245,0.004988161869618729
1024,731,7,2.680983565093992,0.006778114863981499,177543,0.004346095413566193,0.004676779640675588
1024,732,5,2.7239854428057395,0.003966469062453126,350050,0.008697177905525766,0.0016254560894112258
1024,733,7,2.682393815786044,0.0056141422594538914,183638,0.004532409288321803,0.0020417846592589717
1024,734,5,2.685478858221735,0.0063750533619602034,357035,0.008728560649384279,0.0023134108442849355
1024,735,7,2.6937458647018757,0.006053524870639926,186917,0.004583569796477848,0.0022512315284778373
1024,736,6,2.7010217561743386,0.004907704140730662,238957,0.005896255978497642,0.0009310937589591672
1024,737,5,2.7791463329679242,0.004001591975863139,334158,0.00835265909653663,0.0041823959793504395
1024,738,5,2.7319704624312307,0.00484172551333073,343160,0.008445723526744733,0.0006348063959517036
1024,739,7,2.7078757657714774,0.00683786184367377,181397,0.004439023558219112,0.0041810549034980715
1024,740,5,2.714606439453982,0.004702273882998542,338490,0.00844513930325767,0.002419675149406497
1024,741,5,2.7146362580929426,0.004289133748754614,379321,0.008933823977941624,0.0010210977604476756
1024,742,5,2.7457423014228324,0.005726371992981372,317240,0.008131073603644968,0.0027608153559688375
1024,743,5,2.7188483913499213,0.006322963632308609,325415,0.008353292778349099,0.004874332489805289
1024,744,5,2.713079691218537,0.0041026760359870185,363820,0.008908152859907115,0.004497791617647573
1024,745,7,2.669130127628107,0.007315941288897343,176550,0.004372329068494299,0.003590620067653205
1024,746,5,2.743922683478019,0.0038053397379955722,322513,0.008266212683206492,0.0062800113326605955
1024,747,5,2.715893394921899,0.004984755554928277,326957,0.008298755713315259,0.001488554137400122
1024,748,7,2.698674756863094,0.005014393800286898,177761,0.004459945668051243,0.0013468177971911466
1024,749,7,2.7488662224394287,0.004894634654028063,168434,0.004212543863887669,0.0024806853009160523
1024,750,6,2.706839356523904,0.005405500761220039,239176,0.0059336865818888,0.0011160860577490994
1024,751,6,2.7418988735093683,0.003880017689941506,228288,0.0057859226854661844,0.004527712456807054
1024,752,6,2.7044787395470276,0.005015753764818109,229289,0.005790400136854958,0.00251003062440458
1024,753,5,2.7148070762964647,0.0051713788468760735,324268,0.008165833906966537,0.003206765660843769
1024,754,7,2.6674148004628218,0.00817199998552498,184318,0.0044838451257444905,0.005298841509451813
1024,755,7,2.666874637006535,0.006027681311716049,180191,0.004436001233082839,0.0027041568608860422
1024,756,5,2.7287238098768416,0.007317821404011604,317211,0.008049248731963755,0.0029465916381753443
1024,757,7,2.7070458076203088,0.005069541303012959,168851,0.0042613163525740535,0.0017112116387193455
1024,758,5,2.737900668463836,0.004158635011825007,331664,0.008319726499376442,0.0032470131465568985
1024,759,5,2.7367687856645437,0.0037113225570607478,347790,0.008597519788954733,0.0027026017466567076
1024,760,5,2.7238914313455855,0.003993225046419413,341011,0.008533618745728637,0.001913008110729253
1024,761,6,2.736965496652977,0.004627411021604466,229630,0.005783158333798621,0.0015461683909467894
1024,762,5,2.7401509041442442,0.004193793615631158,345883,0.008519688825670791,0.0009100630820103595
1024,763,5,2.7279833980167605,0.004603415422734569,354693,0.008714179182930937,0.003970539369145709
1024,764,5,2.7134343330783635,0.00590749251127165,357480,0.008835974766109167,0.0021132228734724867
1024,765,5,2.732985877490302,0.004257792669244198,348704,0.008625000058744309,0.0025638923374606826
1024,766,6,2.711844553265852,0.006662012367425696,235487,0.005883191344061152,0.001829806162235048
1024,767,6,2.693918761911699,0.004504317901800947,249518,0.006166927042977785,0.0007324318301349386
1024,768,6,2.710787102863554,0.005114155155305056,239301,0.005934545976146647,0.0005196639498202815
1024,769,8,2.711131294932442,0.0031766824812171635,148393,0.003581044895872588,0.002648757354173248
1024,770,5,2.749192480450476,0.0035532070361160573,337673,0.008440129799929684,0.0041326181299276565
1024,771,5,2.7403086634458447,0.00529188701508998,341856,0.008540990990405777,0.001974908059978797
1024,772,7,2.7017320370772464,0.005642308519502093,174273,0.0043765681365206584,0.002499605301202412
1024,773,5,2.678572499937034,0.005081808743423455,373083,0.008941190646997357,0.0018790429364009542
1024,774,7,2.6570332108266714,0.007074434196658652,190431,0.004666135620765893,0.003783674679362692
1024,775,7,2.7087638062741948,0.006801839764544626,174386,0.004353264631438606,0.004087789764846306
1024,776,5,2.7683660437134585,0.0014148437287179183,343630,0.008582963535480612,0.005075964601691241
1024,777,5,2.733299294489936,0.004262178626790236,353246,0.008641977966510873,0.0019015164325131007
1024,778,7,2.692180560042228,0.00664233530829117,174209,0.004394785208401578,0.00262839365152176
1024,779,5,2.746629272738945,0.004097858767011575,315165,0.00819593689155899,0.0010173170437235424
1024,780,5,2.747836922026521,0.003699099365943481,364947,0.008950068507396615,0.0012133940706281765
1024,781,5,2.7803521421433026,0.0038923094461065233,337197,0.008401342791688396,0.0011706926408617813
1024,782,5,2.7450720277792042,0.003123911485073516,357783,0.008637878695002219,0.003311254458063906
1024,783,5,2.720289540042283,0.0050322612881541495,345580,0.008620745137915208,0.0016588394634502457
1024,784,8,2.721775956484515,0.004629324350939323,139811,0.003418513894297646,0.003510365308582175
1024,785,5,2.7697064883105553,0.0027157303675903743,326201,0.008209744589638862,0.0036317021812913297
1024,786,7,2.724542739122135,0.0066274370944071626,171507,0.004348404821740427,0.0024551683106343036
1024,787,7,2.7302391574917166,0.004495902216921643,179142,0.004451183567031941,0.0011143069514769621
1024,788,6,2.6874864441083615,0.005654732631167336,233924,0.005835998327967169,0.0012817358203600915
1024,789,6,2.7385250781444146,0.0047198412246788335,222695,0.005725478212215154,0.001640612968753119
1024,790,6,2.734933008007252,0.004387608980487734,227539,0.005711926456452256,0.0012659345767203067
1024,791,7,2.697252580371509,0.004584426889821525,185708,0.004536714966227115,0.0017930021352701164
1024,792,5,2.7447726656538207,0.0028589882347667683,323390,0.008249537817724167,0.00346851401799958
1024,793,5,2.7446085644218576,0.003385587959852887,362838,0.008764001580543404,0.0012838173201700498
1024,794,5,2.727070651174804,0.00549970713023562,332546,0.008326756314438927,0.003228095135683673
1024,795,5,2.7052430432395034,0.005974341904735447,355615,0.008641071657632438,0.0025548597273528095
1024,796,6,2.7268312373567074,0.00506464867888845,227984,0.0057211066410573965,0.00126983204532094
1024,797,5,2.70657317192905,0.006609437309576305,351132,0.008650403993220337,0.002739417279483458
1024,798,5,2.7112750150226983,0.0056118818853309604,359544,0.008693112415872091,0.0010702435457390913
1024,799,5,2.7306325727916225,0.0035924154195470237,330904,0.008323589895520464,0.00442043048950802
1024,800,5,2.7319846164793082,0.004076689766385755,343519,0.00860405921319166,0.0037031425156729414
1024,801,7,2.6775884200191054,0.007198545249664123,172563,0.004395512528712277,0.0025373822081753983
1024,802,5,2.7792069505869317,0.002357622582058738,340955,0.008478150005528932,0.0029645944270287605
1024,803,5,2.7639369208897557,0.005204702149661067,308862,0.008033594910303463,0.001317864760807419
1024,804,5,2.706136901901122,0.004881906873987929,344745,0.008525232147478393,0.00123898726708771
1024,805,5,2.7027075148226762,0.0036333418118374983,335537,0.008372620840900716,0.0028864450060932523
1024,806,6,2.6816260605032225,0.003931323601943371,240160,0.005948898771298258,0.0024380312567348073
1024,807,5,2.745605327299087,0.0037456152080272975,353637,0.008720093283399913,0.002397149762707107
1024,808,5,2.7320287510638797,0.005999249960374153,322592,0.00815699298574764,0.0024709239621156787
1024,809,5,2.730273354596638,0.0038162046189260668,347317,0.008628104397387707,0.0037404917787637326
1024,810,6,2.7541732153059804,0.0034132416433938495,209492,0.005544482928242441,0.002172556274207871
1024,811,7,2.693342598296679,0.004629004618529026,177915,0.004422654701001174,0.0016283127600080771
1024,812,8,2.6927728769253587,0.0046091694166107144,134976,0.0033711808593973615,0.0022427603101952687
1024,813,5,2.7681358133134997,0.0038310719844107943,334076,0.008320958723012447,0.001188941195095189
1024,814,7,2.6869599247357385,0.0038821266542087285,178454,0.004461922129965115,0.0015346171308138201
1024,815,5,2.7562827475603333,0.0024611634935233773,350063,0.008541051948674588,0.0035792567266884068
1024,816,5,2.731813212994832,0.0026110629795711437,352278,0.008659990395979743,0.002522157036845829
1024,817,6,2.6697455855022434,0.00739036113972491,234948,0.005935833635369916,0.0033054718985304765
1024,818,6,2.701340656333584,0.006243547276593764,246169,0.005977307022974568,0.0024009921060450523
1024,819,6,2.6993239082890037,0.005687161314181344,241375,0.00598690854397268,0.0029475839492493217
1024,820,5,2.767792120060769,0.002657860288207692,327385,0.008377383783871201,0.0060778782510792495
1024,821,6,2.702745756526019,0.006498262651970621,232076,0.0058227223462462945,0.001983251556277099
1024,822,5,2.7261938383133764,0.004595335911074194,361643,0.008775686183250017,0.002255338007593477
1024,823,7,2.7014082442547895,0.0061924158499725435,180806,0.004454133615386255,0.0025489562312592806
1024,824,5,2.71719109473747,0.004482788036162089,351441,0.008657203432197952,0.0015449517261186263
1024,825,6,2.7047844798951832,0.004669981909115495,242329,0.006041578638377678,0.0022863383007211135
1024,826,5,2.7631180080636955,0.005151872698313242,311483,0.007988218747472289,0.0012416648253221751
1024,827,5,2.7322853022529174,0.004330322297863509,336066,0.008349995051860305,0.0024597773025355485
1024,828,5,2.7025577142255437,0.0073534051159802605,344434,0.008469547458029223,0.004285212450050424
1024,829,7,2.656391031051665,0.007006154334666781,178953,0.004454670252016598,0.003295683521141457
1024,830,6,2.700889881854117,0.00786464854884128,232523,0.005867370620936286,0.0029440200425278062
1024,831,7,2.679596176157115,0.006301978432242117,180931,0.004418508194061429,0.0038386981277810373
1024,832,5,2.7482453863955203,0.0029702776921969876,337916,0.008513147314966095,0.0019075237385849375
1024,833,5,2.7354049636147244,0.004840094962411001,331561,0.008368758978827705,0.0035351249902046966
1024,834,6,2.747752412705868,0.0023788431376392527,223663,0.005693356413611322,0.0031665018831696368
1024,835,6,2.7415412043819645,0.0032638774942681525,221347,0.005737305453201952,0.0019400732527591336
1024,836,5,2.7507971613055155,0.005932153032362497,326339,0.008398956440491073,0.003533728330286534
1024,837,7,2.666632560608188,0.006271730399069808,170983,0.004328331251013367,0.0022057560205955007
1024,838,5,2.6896079007216724,0.007092809150644364,346862,0.008573504050689122,0.0028780598070772268
1024,839,5,2.7246186466340987,0.00434402355782737,341829,0.008634746647511854,0.0017334983551581251
1024,840,6,2.703583292659753,0.004315190357498722,237128,0.005924296333038753,0.0007655883104622507
1024,841,7,2.6899655484629763,0.006408678942055879,174985,0.004402389217901347,0.002213753163990889
1024,842,5,2.7427023968607203,0.00400692541527542,346555,0.008550564416698683,0.0027507626795952866
1024,843,7,2.696920831302707,0.004354975033511649,184765,0.004560613581912794,0.0012485723811416216
1024,844,5,2.7280175335605756,0.0042625827791670234,345851,0.008614386479489887,0.002055917792119666
1024,845,7,2.710110554486572,0.004980092517660961,186622,0.004545934197248071,0.0008047235964823707
1024,846,8,2.6677338045875634,0.004393591615839076,155226,0.003710366885932858,0.0018456120402668974
1024,847,8,2.68689575875047,0.006427692201988022,129735,0.0033032259864878744,0.005000454398395027
1024,848,5,2.735954290038293,0.00375072324404524,342350,0.00853827159594749,0.004917975020059195
1024,849,5,2.7335105483139106,0.0033341772586834573,347041,0.008592747315300353,0.006776578031758906
1024,850,5,2.756182373402426,0.002663637093078264,346405,0.008608884703025475,0.003938911531915279
1024,851,5,2.73685597314778,0.006157218604390002,318770,0.008086803823784442,0.002789049578113323
1024,852,5,2.746406630609891,0.003560856185381267,345228,0.00848040537962912,0.0026241366189109216
1024,853,6,2.7112239507273244,0.005640296592299587,234815,0.005883602220331638,0.0014949943465600857
1024,854,5,2.7558910665883314,0.004412533161937127,326773,0.008262275182691521,0.002241690896857995
1024,855,6,2.768178020112259,0.0023614450618612004,248831,0.006049092087995351,0.004038017200863386
1024,856,5,2.7337141547987898,0.004108007288113336,347615,0.008577617076953203,0.00229718179708005
1024,857,8,2.71844774825491,0.004061461608272254,137688,0.003432313136203338,0.003792384205437316
1024,858,6,2.691138690153113,0.006169292789507619,244225,0.00603559370446738,0.001561477306772141
1024,859,5,2.754026829000216,0.002820342069551174,326448,0.008287148497218146,0.0036745124103700344
1024,860,6,2.700444899283425,0.0042669581727877715,240311,0.005944752155875893,0.0011279432915367593
1024,861,5,2.740932780686453,0.003829178368695896,358485,0.008693315302861224,0.0020219990926850784
1024,862,5,2.7340124823953067,0.007415394703328193,361481,0.008747333858830114,0.003754025412582629
1024,863,6,2.6828921398096877,0.006995374797310938,218380,0.005559846330511605,0.0027009866042404518
1024,864,5,2.701024761306705,0.008743704436340871,351267,0.008583995036699354,0.0060899049113979364
1024,865,8,2.680415096531966,0.004649014764022907,145493,0.003536769944264387,0.0023405876836945505
1024,866,5,2.7374419590444803,0.0037179982165621017,356641,0.008642555529426773,0.0016237638478701077
1024,867,5,2.687169328002739,0.005503754317555787,369805,0.008959206917887217,0.0021613664542167177
1024,868,8,2.6638493868968145,0.0054723386953285935,140934,0.0034320030350192448,0.003525503806291519
1024,869,5,2.759096943580125,0.004702539720069954,332295,0.00823471251437658,0.002795089453053623
1024,870,5,2.7827838303151555,0.003373158761161399,333841,0.008335330770621293,0.0018606786768681216
1024,871,7,2.67646474441474,0.006412455484957058,187944,0.004586257669232637,0.0032938449735862574
1024,872,5,2.720420721144397,0.004752397197270997,328009,0.008349795300711409,0.001824713665587896
1024,873,5,2.7547584663509728,0.002301638047782384,350723,0.008648535589719073,0.004411781812999838
1024,874,5,2.7452094579577273,0.00421771873901533,338794,0.008438461454926112,0.005393122516166249
1024,875,5,2.74202016406808,0.00394429798990914,351254,0.008737844490726784,0.002513358051489556
1024,876,6,2.77271017173888,0.002363228628915137,219277,0.005627104290700061,0.004497829037187373
1024,877,7,2.6957805675840616,0.00541050516933872,192417,0.004645085616162639,0.0026879799368888513
1024,878,5,2.7120476511741765,0.0063585695775156825,359506,0.008688899146210875,0.004179753755024773
1024,879,5,2.7431835706145002,0.004899063548525429,349566,0.008587004172029358,0.002268149199815994
1024,880,5,2.7136925238966305,0.003843988851242597,366502,0.00883543779536177,0.0026345028896187506
1024,881,5,2.7131417183149535,0.005132191731937019,336326,0.008426085132857416,0.0021547197983254884
1024,882,6,2.679533627870823,0.007360453618580509,241040,0.0060228039990579,0.0024610739520494196
1024,883,5,2.7357927473663377,0.0034569539276576022,351397,0.008599328488024721,0.001953588556338537
1024,884,6,2.726544713550447,0.005257535594044349,253096,0.006100394851947031,0.0030500099279723303
1024,885,6,2.71475297905997,0.003320539399542022,230717,0.005865983418516459,0.004095326317008985
1024,886,8,2.716585077783764,0.006672483509707838,128099,0.0031854338051368145,0.0043373806459501285
1024,887,5,2.7271708088379314,0.0029870572716675925,325375,0.008250074875055262,0.0020489707267663804
1024,888,5,2.7283090690630254,0.004594075033212186,340051,0.008546574837942288,0.0013225563530958606
1024,889,6,2.699672141044298,0.005799258196278911,248013,0.00600695583556675,0.0010978126662832821
1024,890,6,2.6930598014463256,0.007021093567732173,239297,0.0059464955306916195,0.0025401989757304344
1024,891,7,2.689626445455502,0.006310129762371552,187858,0.004581228886640764,0.0022640431100128255
1024,892,5,2.758010559735833,0.0038948992582199526,344835,0.008573287041287748,0.0012353644994965718
1024,893,5,2.7128891084386,0.0063212356871718,328968,0.008358384034573842,0.002220134935297602
1024,894,7,2.660057866276137,0.006448460699453262,184608,0.004499059698277763,0.002221469767042572
1024,895,5,2.7480007982225207,0.007240191625895509,330754,0.00826351259721346,0.003698737202961766
1024,896,8,2.6993621534257084,0.003469237319779106,150989,0.003615566583916841,0.002071392733375199
1024,897,6,2.755813978579715,0.003787336891953208,230290,0.005819638121058228,0.0022119184557602423
1024,898,6,2.6913942842275267,0.004739404243604417,256658,0.006203808717678505,0.0005945596861632874
1024,899,1,3.82980820932703,0.008859202790068688,40333863,1.0,0.004179929662916582
1024,900,6,2.70255519567179,0.004955336059913273,237309,0.005967428280795553,0.0016754936449123736
1024,901,6,2.713040344141651,0.0031589824805815514,244798,0.0060583275696669435,0.0057562737552321885
1024,902,5,2.736295822123618,0.006880363967448178,304422,0.007908858910775788,0.004003157639759114
1024,903,6,2.6765279424793462,0.0057357462496803735,247254,0.006073436720836424,0.0013461351317172465
1024,904,5,2.779887641657586,0.004109309379195292,341644,0.008333005885451878,0.001324548582302909
1024,905,5,2.759599615704452,0.00231261232183555,359173,0.008682133403079247,0.004534615900930239
1024,906,5,2.748481748727215,0.004919415472229904,346870,0.008530094558214286,0.0009454626362078722
1024,907,7,2.668006535796133,0.005534621009275265,167906,0.0043234416146383054,0.0017517726700991554
1024,908,7,2.697582759312336,0.006712614758310642,170454,0.004269378138651921,0.0023725147693691717
1024,909,5,2.7426642516009254,0.0028606720217018156,324366,0.008159963110283122,0.0025464368649076308
1024,910,5,2.7423770901130373,0.0079433511044395,295695,0.007808270421164156,0.0038349405387235747
1024,911,8,2.6663234817144525,0.006010015352405862,135237,0.003381620176567798,0.005898800453301545
1024,912,6,2.6989534325445557,0.003594765001689315,234197,0.0058793628657195065,0.0016660515353241756
1024,913,7,2.7161715507228714,0.005013662203183555,179390,0.004454512103663517,0.001625492927941341
1024,914,7,2.712476745860393,0.0041267891031222526,179478,0.004441878920871753,0.002393915369491517
1024,915,5,2.747176275084964,0.004193063765948524,339015,0.008420471839512014,0.002246879415506303
1024,916,5,2.7669057748607804,0.004056247767530552,338822,0.00850665116420951,0.005664296095985399
1024,917,5,2.749560376644991,0.003066835784792832,360378,0.008697014116376241,0.0018177846493622196
1024,918,6,2.7793630565424086,0.004248540851655658,234760,0.005901285490321135,0.0012817121948428545
1024,919,5,2.737415311525069,0.004631374330593796,337847,0.008398584212594727,0.0013697156866609994
1024,920,5,2.732666567457444,0.003874156037080856,345083,0.008555019916998087,0.0015049154646618046
1024,921,6,2.715054060969623,0.003849774533622563,231866,0.005882916349991735,0.002052044082980098
1024,922,5,2.7593278651698907,0.0073821594358900455,324440,0.008315928383667674,0.004223759775779545
1024,923,5,2.7635427507762276,0.0025875478683555775,334252,0.008470808387786093,0.004120376668890091
1024,924,5,2.705545032564177,0.004912626738104442,363391,0.008818548959435199,0.0015398286772766445
1024,925,5,2.7315643563265986,0.005040779265699458,335257,0.008377314251896594,0.0015293613502540548
1024,926,5,2.7548732962049534,0.003441140071924864,326837,0.008205058041452442,0.0033887296482937312
1024,927,6,2.7138150188019443,0.005026122747329942,231899,0.005854054731684467,0.0018239668588707625
1024,928,7,2.698960209330591,0.006541404814039975,183746,0.004463256952369344,0.002989932118456995
1024,929,6,2.705314105597912,0.0033788612126534057,242681,0.005990191213382429,0.003840460656865774
1024,930,6,2.69991508529377,0.00460880938288355,249644,0.006113498598734812,0.0014015966787418455
1024,931,6,2.743896917813181,0.004680997111323748,236811,0.005949250078852793,0.001863165798974803
1024,932,6,2.715260965160762,0.003958202208435235,245158,0.006061618901110715,0.0011649562292846971
1024,933,7,2.69005184682943,0.007176420309591869,168674,0.004273859330144244,0.003989803847454537
1024,934,5,2.71060452587395,0.006210826926562607,358749,0.008776946524209394,0.0034156496356304578
1024,935,8,2.700140853521646,0.006432174535750068,137293,0.0033881042259661406,0.004121758747675175
1024,936,8,2.660301939693093,0.0062048431312656804,157651,0.003698732901680373,0.0037728088929597225
1024,937,5,2.7432500237245825,0.005361634602435439,344213,0.008438318235598116,0.002278148383441536
1024,938,6,2.7035900651736657,0.005925205329955663,245329,0.006037652136447409,0.0012697002047684924
1024,939,5,2.765152766501053,0.0031734556483226095,341428,0.00848884750397133,0.007013635880027236
1024,940,7,2.658303453768574,0.006636357975360774,181151,0.004437999927581256,0.002988145578355361
1024,941,7,2.7150092788093585,0.004844706420386924,183066,0.004487548050624335,0.0023694002071537046
1024,942,6,2.7090174152127005,0.005329085858804317,242437,0.0059690454237322525,0.0008426508542781486
1024,943,5,2.7056222093543925,0.005252499707886327,330973,0.008356199671092338,0.0016862558112321624
1024,944,5,2.7254868819230493,0.006162412539632844,327195,0.008372626466783361,0.0018254698473327835
1024,945,5,2.724502664866048,0.005935002317289051,358225,0.008755182965665752,0.0030048428172356756
1024,946,5,2.7305484285707373,0.0036277662005365086,371151,0.008887364577007005,0.0016345988838163406
1024,947,5,2.74079058253809,0.005899903812330576,328352,0.008278445736133518,0.0017164417497569084
1024,948,6,2.7012888737872873,0.004434163736933061,251371,0.006151046109244513,0.0014107517978665385
1024,949,5,2.733129334699849,0.003784951608226006,354839,0.008670879498309376,0.002161686547890812
1024,950,5,2.7590778453853346,0.0021693410363156085,350694,0.008568115189102051,0.0025670509307151868
1024,951,6,2.7317523473599308,0.006313266623673652,228291,0.005809039496613525,0.002388054938667561
1024,952,7,2.732446719376342,0.0029862674293151814,189553,0.004527942853511961,0.002799971894687614
1024,953,6,2.7287850023684133,0.004850922647167133,225032,0.0057312841413392455,0.0020736636857402457
1024,954,6,2.701817144292507,0.006688249831398985,251927,0.006082675097379372,0.0021139591960352144
1024,955,7,2.67052878151204,0.006031343985722248,180986,0.004475330404460464,0.0017312597666554463
1024,956,5,2.767726552364055,0.0024583442916995546,335006,0.008265673224559022,0.0026129814958613384
1024,957,6,2.6766711248261177,0.005386060133659498,237203,0.005996741676731475,0.0011000153731477447
1024,958,7,2.6758256272315344,0.005389499163053202,173638,0.004372299716892599,0.001904440142957764
1024,959,5,2.7083416684186528,0.00513087253477662,347263,0.008464825317774953,0.0024597956922888242
1024,960,7,2.695213882644598,0.0057401295953363185,179768,0.004458978749804234,0.0020221637564106776
1024,961,5,2.7419206166063614,0.00542658861529588,327400,0.00823735829680616,0.0011919995058923272
1024,962,6,2.7335587750603416,0.0044609107652145985,233493,0.005779787361312815,0.0009851770390161274
1024,963,5,2.746011285763126,0.004471514640986607,329447,0.008286602706439905,0.003109578414426495
1024,964,7,2.682308511184587,0.006397801614024479,177999,0.004470010368724437,0.002518661560027946
1024,965,5,2.7002719326116345,0.005010966927062488,357133,0.008746633800061463,0.0031849543513204903
1024,966,6,2.707599229688325,0.004201293396115746,252729,0.006208849290022043,0.002692404163831097
1024,967,7,2.672068264197365,0.006120966953778839,176868,0.004420113952610954,0.003462094616154432
1024,968,5,2.7228101645340477,0.0047059256918204895,333447,0.008407949884587273,0.00170434398851671
1024,969,7,2.6744546183468016,0.006364188072360943,174678,0.0043685952129572,0.0034148888611522654
1024,970,5,2.7271347719704404,0.0046354207595368235,349776,0.008687004958240903,0.003724405635714856
1024,971,7,2.691923145600351,0.005917923612246856,184510,0.004485137303638812,0.002557688106225031
1024,972,6,2.725452243025802,0.0030058098995089377,244438,0.005957022039748411,0.00335651690135097
1024,973,5,2.744505551088849,0.0043594163152020915,348226,0.008564137687574613,0.0014669104341664685
1024,974,5,2.7446750946441294,0.005838836586565255,340633,0.008425891041323161,0.0030128808498438575
1024,975,7,2.701058524833464,0.005606036083487198,185704,0.004540767610377766,0.0022080831878331375
1024,976,7,2.7005260442572174,0.0050973802553544445,178010,0.004414771790200997,0.002474808643249865
1024,977,8,2.6733088646551715,0.006785110676600592,135682,0.0033468530092360485,0.00569762237732746
1024,978,5,2.7530356667802223,0.002983515457364194,343650,0.008418553890136219,0.005019081397383385
1024,979,5,2.728218912902702,0.005626149200234742,325316,0.008275908105864748,0.0032126346937120243
1024,980,5,2.740484829700942,0.005265613757469201,332227,0.008393747232208672,0.001851923479259221
1024,981,5,2.74971470996427,0.005176177921262126,340388,0.008484529793913377,0.0034452802848349284
1024,982,6,2.7393068619948475,0.006309070606295486,241677,0.005884516106615763,0.001809817884098397
1024,983,5,2.777143239035124,0.0023930930910274206,329393,0.008326490080320739,0.004281530303462455
1024,984,5,2.728711670478693,0.008424016853447902,335195,0.008348666016696385,0.0058427851228651795
1024,985,8,2.6467596438322825,0.0064443007637199345,146625,0.0035869716785192685,0.003377649186497189
1024,986,7,2.704321167351279,0.00509555238814563,175090,0.004346249614034218,0.0049198489673855095
1024,987,5,2.7305269151356213,0.004847958979718903,344711,0.008558178625460348,0.002595051271964438
1024,988,8,2.6662705067429617,0.0066273373538635605,140324,0.0034495309317396326,0.00529997929776671
1024,989,6,2.6844982501736365,0.007087279304340555,238155,0.005892844576573798,0.0026859325469186235
1024,990,5,2.728273985873686,0.0036465724570798885,331621,0.00827991098211203,0.0033292061947708396
1024,991,7,2.7187581474279874,0.004545605917182893,182234,0.004480444896470263,0.0026903081150047026
1024,992,5,2.7206202278795617,0.0053350070922468795,345988,0.008599156309004747,0.0032084816150351747
1024,993,5,2.7416249282110807,0.002828549493317123,338769,0.008495659882900136,0.0028307405412887343
1024,994,7,2.685322217817335,0.005343126160965661,183195,0.004453013975456028,0.002936526512415494
1024,995,5,2.744294356231133,0.004074625172422408,350795,0.008589847473428575,0.001948537938181616
1024,996,5,2.7301914982215556,0.006395072192765916,354424,0.008628606748929731,0.0018224784019617024
1024,997,6,2.6594371877727117,0.005659627860290006,255970,0.006230946374791485,0.0010052914923966982
1024,998,5,2.7594261372392825,0.0030772737838439257,341091,0.008384729772645408,0.0023976108118847206
4096,0,6,2.7606065792607386,0.003283332201081568,239300,0.005800139692959074,0.0012802434300667187
4096,1,5,2.7308058767703876,0.0034644875136050635,372388,0.008818150498143286,0.004328787170664761
4096,2,6,2.6574097158688073,0.005913064556239078,236148,0.006075484788043283,0.0032457525085159977
4096,3,5,2.714183664363172,0.0023644769050031877,351561,0.008722678778740117,0.002804924683195348
4096,4,5,2.7643252088989656,0.003253385836746725,352678,0.00854617533101048,0.0036444233516931823
4096,5,5,2.6921697764872508,0.004063792249559994,363399,0.008978019405916348,0.004282100454008675
4096,6,6,2.698030041748782,0.004510233895714366,228457,0.005949946143503459,0.0018603343997496413
4096,7,5,2.7180933643286127,0.0037182439026387515,346459,0.008599725744259067,0.002940145301490671
4096,8,6,2.6608316639711913,0.00487843843755309,235645,0.005982267386090732,0.002557492452490928
4096,9,5,2.6828707658345823,0.0028150302351922507,360542,0.008834128843194716,0.003017839338667838
4096,10,6,2.6566306260072876,0.004524672886703218,252686,0.0062373895372274425,0.002554157806622853
4096,11,6,2.681235188827744,0.004559033550052605,245961,0.006013601549564543,0.003865401885153441
4096,12,5,2.6590022253454815,0.005187987316871201,345457,0.008673830242383008,0.004690616409597337
4096,13,6,2.6972182835741108,0.0035869591859258865,255473,0.006122504393391128,0.002805540828865416
4096,14,6,2.718295649065997,0.002777268552689005,236964,0.005926262344973122,0.0021149138716247684
4096,15,6,2.6780253650290478,0.00342060386666998,241268,0.0059971025653728005,0.0009561180797040825
4096,16,6,2.72217351355742,0.004932952103469779,222285,0.005688497871889915,0.002169001701593176
4096,17,6,2.6818739495439754,0.0036338905010988576,251392,0.006093314396112119,0.002381090728750146
4096,18,5,2.699715419607477,0.0053819054417121315,342928,0.008616668074602544,0.0033252502133584994
4096,19,5,2.705494436732439,0.0030141746376217693,377591,0.008959334495401268,0.002394488263489869
4096,20,6,2.674715936758792,0.004041975760036953,246709,0.006214233097279175,0.0012998211262539305
4096,21,6,2.7062483929743433,0.003941792695391744,238870,0.005975078267972217,0.0026282633606994343
4096,22,6,2.7330276145517964,0.0032251317336987606,226078,0.0058324617757278905,0.0027263225384552836
4096,23,6,2.715547632661036,0.003566564206541556,247188,0.00603832957136747,0.0021697577454540262
4096,24,6,2.7263979971340695,0.002459247334105963,229128,0.005863810438267419,0.0014844058067376709
4096,25,6,2.679101473367953,0.005596969680844832,220836,0.005638869232524608,0.00538826664697814
4096,26,5,2.7248396870524667,0.0025081893733479577,357422,0.008744822149608728,0.0020750170186615846
4096,27,6,2.6708125747126674,0.0051156360764897935,229107,0.005808896147716603,0.002277551284876722
4096,28,5,2.6958006454156154,0.002522846677890156,367233,0.008900445178584399,0.00203140177083877
4096,29,5,2.7294242018443526,0.003173365611174983,356681,0.008791803344957766,0.003378209837324009
4096,30,6,2.6501908394468163,0.005230109622201273,240323,0.006059471895074413,0.002798444927812893
4096,31,6,2.719916574772645,0.0034535040051184573,227341,0.005683251351447428,0.0015905773228431785
4096,32,6,2.6888389441801057,0.004816910464941371,235264,0.00597022364154662,0.002943552714081865
4096,33,5,2.72736429183958,0.003148083005105773,324272,0.008295554135351848,0.0014404888973050534
4096,34,6,2.695029950165878,0.0034973684868602195,235323,0.005898354392135106,0.0013411051313267919
4096,35,6,2.703832391085675,0.004175910021560703,236667,0.005955988095019989,0.002754832365395865
4096,36,5,2.755745349453265,0.003649406651611564,354582,0.008631113760348978,0.0015960927197679053
4096,37,6,2.679690734962684,0.0037433182399336795,239748,0.006009454988142413,0.001414512329669687
4096,38,6,2.69085086613684,0.005463103022115723,202715,0.005507352654714323,0.003663381857966219
4096,39,6,2.6563975530131825,0.0048914046563551805,226776,0.005864239352486359,0.0027364773731158865
4096,40,5,2.745889003723683,0.0038332209320102173,335944,0.008498721311085571,0.004464429125720759
4096,41,5,2.706008056742289,0.0036753449961224316,334253,0.008372272294960634,0.001974233244485646
4096,42,6,2.682439438288769,0.0030255386977346976,258029,0.0063231990379623276,0.0015169885128390737
4096,43,5,2.7376971606405314,0.0028899121931210137,336517,0.00858256256760977,0.002019260125435518
4096,44,5,2.702070684359829,0.0033518378918285796,345793,0.008539381781188606,0.003809856342284479
4096,45,5,2.7370432522638826,0.004515583914271537,333084,0.008370761262940403,0.0018331248544493084
4096,46,6,2.700084240308437,0.0030740935639211875,248812,0.006137190019328503,0.0017827337495328333
4096,47,6,2.6585393692229475,0.00356120687887862,243824,0.005988742714034908,0.0024644144663747147
4096,48,6,2.7245803250669476,0.0024373060310814987,252269,0.0060738205546924705,0.0013368645741508312
4096,49,5,2.69789134391318,0.0036195040912755383,358427,0.008712816922769102,0.0033090142392476762
4096,50,5,2.7548533611634807,0.0027351080945823836,333138,0.008321616288703716,0.0020162644648162864
4096,51,6,2.6893911377049586,0.00525919216650883,221402,0.00570539733185149,0.004038589662532566
4096,52,6,2.6840574787658413,0.0029687488709321253,251427,0.006144444783050465,0.001455488074270761
4096,53,6,2.6696663340298192,0.005017859623346221,237098,0.0059158671757599006,0.004886780719726369
4096,54,5,2.700120044375489,0.004110043400076424,334927,0.008431385708500775,0.002175268448171175
4096,55,5,2.761664955934985,0.003606255221645538,319925,0.008286589251260912,0.0021560828141548027
4096,56,6,2.7049247071866254,0.0033081825013823174,224396,0.005833101287526694,0.002452913147958591
4096,57,6,2.6834306194304687,0.004316220900283052,259020,0.006195156766023887,0.0029349871142250183
4096,58,5,2.6865839100413242,0.00599570775667807,320431,0.0081993563002106,0.0035373005344815356
4096,59,6,2.683039753071278,0.003672213513310485,242523,0.005916152384266273,0.002059950103838637
4096,60,5,2.7051331762726685,0.003923088992870749,365947,0.008960506382090045,0.0027166277866095268
4096,61,5,2.685967804192406,0.0038735956196706,355911,0.008703373192605026,0.002310529469467193
4096,62,5,2.7194161656572367,0.0029123583541850184,350557,0.008549136286216685,0.0032968923294117713
4096,63,5,2.6435749182226176,0.005888000854424036,350885,0.008752453859949763,0.0036102927519274797
4096,64,5,2.6992360457531777,0.0032972789161569427,343029,0.00856362181919239,0.0018173301921183826
4096,65,6,2.6778246638556564,0.004335471619195785,243784,0.005979910988162482,0.0026002538485053184
4096,66,7,2.69754113320509,0.005796119598910021,168632,0.004210584979973054,0.006808028141694122
4096,67,6,2.6775842985103564,0.003055945651205705,244757,0.006001723493658916,0.0006072816150852756
4096,68,6,2.682647696688776,0.004894442592068282,246272,0.006015578284200118,0.004353600819601011
4096,69,6,2.6422958007235327,0.006128786504024042,242208,0.005989141120992208,0.0037244564231775357
4096,70,6,2.6670413426576243,0.004419568744784774,238737,0.0060026189186702045,0.0019026109401404367
4096,71,6,2.6788257140301477,0.004019330521905062,254493,0.006143509917792748,0.002881648769809564
4096,72,5,2.708308737241647,0.0041993361943399865,360240,0.008689776009589437,0.004158603519237025
4096,73,5,2.6771862118322205,0.003918898745186472,342330,0.008559187016998687,0.0029289900735191
4096,74,5,2.699247354129118,0.005131102188035863,345061,0.008530378042782543,0.0026132648951894266
4096,75,6,2.6932227388203756,0.004678714604922862,242144,0.005948139048558627,0.0018520865331194125
4096,76,5,2.7289592383413277,0.0027648986064061076,352212,0.008565109699340117,0.0015363936439987125
4096,77,6,2.6941615483025307,0.003245823381600621,241179,0.005914857918358191,0.0025596490124457916
4096,78,6,2.7063002338246416,0.003926870520847281,229862,0.005871598759899297,0.001276971024882556
4096,79,5,2.7302642679167857,0.0024066814927872215,353873,0.008672574335563704,0.0017915908441977213
4096,80,6,2.666891248056698,0.0036242224686565683,241918,0.005991369008921993,0.002038972493147495
4096,81,5,2.720642448106423,0.004133594442551736,346704,0.00867697503767946,0.0027572124880005378
4096,82,6,2.68015997599161,0.0034491282131219325,255131,0.006246273287401505,0.0017270120161733127
4096,83,6,2.683105645134941,0.003977971180920026,258816,0.006188755907409692,0.002416883119426283
4096,84,5,2.736810633274181,0.004568025386097241,339287,0.008382725281217484,0.0033818072448149605
4096,85,5,2.7022293727422193,0.00602368093950767,335963,0.008466468299324329,0.00506428023847294
4096,86,5,2.698749711119795,0.003433736377448704,357744,0.00869682582777181,0.0023280644737315725
4096,87,5,2.711544769135731,0.003581710236942204,369606,0.008936141354115327,0.0035001704376467213
4096,88,5,2.6794459133275894,0.002660185318900554,362768,0.008772041183771928,0.001641582830165661
4096,89,6,2.640087447404023,0.004989778205119921,245280,0.005989334501377281,0.002856058421926322
4096,90,6,2.734999954728487,0.0038792211328330106,233500,0.005823170778087092,0.002399372670902289
4096,91,5,2.743714887455732,0.0023213815527777237,352565,0.008596357766870746,0.003168250088619984
4096,92,5,2.7146198595162883,0.004439072524565768,357360,0.008531079870325486,0.0035055811827673367
4096,93,6,2.680047712860731,0.003840428197158241,236048,0.005815043157568828,0.0014014642245268605
4096,94,6,2.715243485791025,0.003816059476844824,232173,0.005857329142879748,0.0011859726104842538
4096,95,6,2.652216805127013,0.004485656452774545,254839,0.0061721664331064255,0.0020661735229370315
4096,96,6,2.696826117930142,0.005429405160628842,247552,0.0059386183322935136,0.002779505664664117
4096,97,6,2.709983623966982,0.0026444241174168326,250466,0.006168167717343036,0.0019907684429739114
4096,98,6,2.7038867554507195,0.005332952448728334,242095,0.005909386462182539,0.0026830529527636093
4096,99,5,2.7515601758892387,0.002509493310080879,368274,0.008822437432811905,0.0045338868762825335
4096,100,6,2.682461370707648,0.005062982125526694,237227,0.005967923796375075,0.0031823757084026016
4096,101,5,2.7026154104567706,0.004925081366498163,331120,0.008346853612794624,0.0035432783326195816
4096,102,6,2.686147427372522,0.0031245841112007566,248685,0.006216467453155143,0.0024350073360575875
4096,103,6,2.6846006323496185,0.0038083255935676963,258554,0.006219730402012087,0.0020127834434573444
4096,104,5,2.706803490983092,0.0022877154305074865,345580,0.008459326910955292,0.002334001128824925
4096,105,5,2.7287105565723593,0.00417803526813898,368009,0.00882586723596595,0.003945715360519797
4096,106,6,2.687129320512573,0.0035956249416041475,259270,0.006316682761900163,0.001250328698797043
4096,107,6,2.66098824905173,0.0042343936325929254,257228,0.006291001240087463,0.0018507954810568217
4096,108,5,2.7281715272516407,0.004183177762066226,341765,0.008653728144788203,0.0032452063360806083
4096,109,6,2.682882731528158,0.0037327352054979945,243567,0.00609786109824139,0.0010211818107865867
4096,110,6,2.7168158230546924,0.00294070834484339,247632,0.006057988299318716,0.002225615744733067
4096,111,6,2.6785596930954516,0.004546944673878284,233034,0.005936685544440486,0.0019944875139791263
4096,112,6,2.6786190447334732,0.004069635290620099,236317,0.005884834234551323,0.0012430072188166497
4096,113,5,2.734229726172801,0.003244423557116516,342888,0.00851360257618861,0.0034637644633628284
4096,114,6,2.6867632024613,0.004535403278867034,251420,0.006159330427719466,0.0018855037829023091
4096,115,6,2.644253034317818,0.0045543765602295005,259493,0.006121062502640443,0.004199994649789429
4096,116,5,2.7417315770872808,0.003140912607978996,337303,0.008440348138618261,0.0024920901660888672
4096,117,5,2.6902459835178463,0.003299162644777587,353834,0.008584557321900714,0.0017906373194451208
4096,118,7,2.6249379183269737,0.0056264239115789705,172601,0.004418699058051974,0.006117207131102087
4096,119,6,2.6900738796060573,0.004286689523238074,238324,0.005957267322959934,0.001885243166562911
4096,120,5,2.7172474199759513,0.0031703349128449076,335259,0.008476363009988086,0.0026825672945491874
4096,121,5,2.6940499905351403,0.004165945672931826,364634,0.008996208079321886,0.003442727602245621
4096,122,5,2.7192027401972014,0.0037022949645125203,335973,0.008346504770547448,0.004127081370540409
4096,123,6,2.6986146879975377,0.004229812436787106,249036,0.006100207661223553,0.00274147762146848
4096,124,6,2.7574407738472853,0.0033873635338838026,232563,0.005810173903986516,0.0028374314648639265
4096,125,5,2.7363264999239663,0.003576049989511554,366225,0.008924914400877301,0.002068251572267865
4096,126,6,2.675413695634649,0.004759160586956024,245997,0.006164064593669805,0.002109261090991299
4096,127,6,2.6828396558401244,0.003951017885298169,235446,0.005922054975160273,0.0018789131234063228
4096,128,6,2.6916286342890547,0.00386143213411827,250238,0.0060798758824625035,0.002495772792473455
4096,129,5,2.704888982605651,0.0027289514343014076,354349,0.008673472210126404,0.0022406987783686605
4096,130,5,2.7041328230759603,0.002967105782233026,348582,0.008595577748820797,0.001207499828462133
4096,131,6,2.701879353191744,0.006480962252939371,227189,0.0057152589078522074,0.003654334181135921
4096,132,5,2.737966008002811,0.0032746203879806535,351316,0.008727680402477544,0.00455991040837711
4096,133,6,2.672381002950137,0.005224772281989476,225543,0.00575254939834704,0.0033592392718373443
4096,134,5,2.736785452224544,0.0026761906235697186,363205,0.008800931722817307,0.00271073916221487
4096,135,6,2.678908465979192,0.004888332969631981,241983,0.005920351632917109,0.0025724219180577323
4096,136,6,2.697535698171044,0.003951625036040296,243931,0.0059576072541978695,0.001975311929413248
4096,137,6,2.693703814223496,0.003318637729615048,257850,0.006259721716830582,0.0012012477857303305
4096,138,6,2.7049159939563316,0.0027184361844950766,225518,0.005768631570078023,0.0011165575798177119
4096,139,6,2.7147680498746922,0.003564257560872419,243451,0.005950813944319187,0.001288270938214764
4096,140,5,2.729287749047674,0.005269588434004491,311303,0.007979698080151334,0.003085965568800586
4096,141,5,2.742354002624588,0.0031262744283258037,350969,0.008593680158703787,0.0035037166366038708
4096,142,5,2.679635325041633,0.004883891960997144,343977,0.008507396451570053,0.004220696261315271
4096,143,6,2.6864612064651747,0.005129556435476967,245322,0.006010035688032008,0.0043634558279083135
4096,144,6,2.6993621251514517,0.005295592999984833,235874,0.00580021850471688,0.004334614412475846
4096,145,5,2.7045620812693296,0.004830982779983395,354673,0.008870664667201197,0.004213579873895257
4096,146,6,2.6924888489874066,0.004102513980081768,244142,0.005990460146455662,0.002247708431194151
4096,147,6,2.754960179007027,0.0026178837862653737,229697,0.005776334829206486,0.0017175211442989058
4096,148,5,2.722952968199265,0.005314389574523903,342277,0.008433221032304487,0.0034354882325448033
4096,149,6,2.686775808324278,0.004566603809308956,223888,0.005748852722727088,0.0022147027182221612
4096,150,6,2.681477139254492,0.0062933479615826515,230526,0.005875513017164605,0.0036434484656179267
4096,151,6,2.69013266987552,0.004868214617703703,232125,0.005784561330392538,0.002764908783650266
4096,152,6,2.712764162015599,0.003249667994441041,250588,0.0061983503782114735,0.0011521084638568269
4096,153,5,2.711430411555525,0.004776261997378017,353922,0.008685179009332735,0.003317991159288214
4096,154,6,2.652719995946095,0.004153352214643302,232845,0.005818490678345379,0.0013626611502408625
4096,155,6,2.6927943850236047,0.004515446508591481,245315,0.006081349851183371,0.001893593139022376
4096,156,6,2.6568482962626345,0.004084644386130987,238665,0.006062627463716382,0.001258016314327537
4096,157,6,2.645510524333033,0.004493810217815586,241261,0.0060904301174888225,0.0031374529485693747
4096,158,6,2.7115371409939595,0.004413167188620282,248520,0.005964894822645546,0.0031384178260163154
4096,159,5,2.6714494082845044,0.0046181897154756735,347552,0.008689782597167175,0.0026013322883663426
4096,160,5,2.705080249203888,0.0035830707269907114,363147,0.008915955250299926,0.004483401154289024
4096,161,6,2.6958064039278944,0.004094742462882661,240315,0.005891637845901585,0.004107282736623308
4096,162,6,2.685309409068448,0.0037075529945451713,240974,0.005938733213351407,0.001057031647656359
4096,163,5,2.724018735947675,0.0038706626222982377,339659,0.008420379212197652,0.0010734428962728693
4096,164,6,2.6917214295648684,0.0033464978626847053,240467,0.0060273725383545775,0.002450710768205272
4096,165,6,2.6992254939341,0.0031136309455510602,224984,0.005832221848818266,0.0012131682258233467
4096,166,5,2.6999800603700628,0.002990778563923824,354744,0.008792444244179043,0.001867101373725033
4096,167,6,2.691009909828207,0.003963849840668776,242329,0.006009844102269602,0.003007559111788183
4096,168,5,2.696540247886969,0.0035758479698024814,355623,0.008634858417148283,0.003342398947896008
4096,169,6,2.7525700840042218,0.0033139759710570926,232610,0.005899968682811002,0.0022016974252345722
4096,170,6,2.7329842769053054,0.0036530660765541345,245292,0.006017854253169499,0.0007556571695404024
4096,171,6,2.691183548624396,0.004074242564464869,239050,0.005977404535686068,0.003853661623235527
4096,172,6,2.6917648236174387,0.0035026663214968723,233078,0.005977251270689691,0.0016226898115491717
4096,173,5,2.6994054577434468,0.004262236163020905,361089,0.008897149124655,0.003589636258352291
4096,174,6,2.6774041248661575,0.0030882475530182862,257312,0.006276066688281867,0.000856331949621314
4096,175,6,2.6928742018261467,0.00445857907224434,243144,0.0059837568554651915,0.0018086795762796148
4096,176,5,2.7229597244501242,0.0031693427657318307,357763,0.008701415155006277,0.0014855912684521855
4096,177,5,2.7213671948107323,0.0030177630680610634,344422,0.008538308227914439,0.001586058984961669
4096,178,6,2.691489880287787,0.004528123330956979,231860,0.00580112044740835,0.003114611887152785
4096,179,6,2.7062256349996034,0.0029670680716362696,260023,0.006256037444365288,0.0019231727478820626
4096,180,5,2.733658074588981,0.0045706391965427695,339970,0.008515654343636223,0.0028528336571141955
4096,181,6,2.6739187147331718,0.004359150695686931,252121,0.006128074598293324,0.0015213719663204062
4096,182,5,2.7249451983206354,0.003854881630951046,379723,0.009124684346976622,0.003273688975800604
4096,183,6,2.7119562335582947,0.002723463209115873,241532,0.00606394974944644,0.0014111856743048712
4096,184,5,2.717405186922142,0.005338944079808172,370173,0.008919900105253824,0.0030141960386307343
4096,185,6,2.7356801826133776,0.0032052478280959473,244259,0.00600227210495158,0.003740054475284027
4096,186,6,2.7136644557470193,0.004755351951378661,249953,0.006110103800116275,0.0021971064188338607
4096,187,6,2.692597923863015,0.004147629673748043,245999,0.005960142234769261,0.0015216382017734231
4096,188,5,2.7339015807888276,0.002941467889874594,362207,0.008693834670990682,0.0018406317084527224
4096,189,5,2.6813846787264954,0.004449304701991008,323274,0.008263317830719184,0.0028633540541886937
4096,190,5,2.70155584183855,0.003884754373814192,344005,0.008673335759815022,0.001746147548062904
4096,191,5,2.728919495062946,0.003488516716646295,350554,0.008709619770241088,0.003978577670657402
4096,192,6,2.7096658598476346,0.004026805475420003,227450,0.005767954810273974,0.0030138296836940137
4096,193,6,2.6835720646502588,0.003325322715141521,257054,0.00616057080820662,0.0010428624116486374
4096,194,6,2.6900855360041045,0.004758791590496081,230059,0.0058689724146383,0.002336009026764674
4096,195,5,2.7050463266879787,0.00532890659490709,333166,0.008299428915112091,0.0029491634891060103
4096,196,6,2.6529607313374535,0.004703661293296468,239360,0.006046936668014108,0.002080070170056958
4096,197,6,2.694737704765764,0.0038384566924450914,258330,0.006252413664509322,0.001401012682630598
4096,198,6,2.690009641704713,0.0031233155073097096,243659,0.006077430968646104,0.002250414141049095
4096,199,5,2.7287417924082615,0.0023107442381673504,364982,0.008774058814383012,0.0024656724349523262
4096,200,6,2.6756946508137744,0.0050977778765712856,229267,0.005919809811711591,0.0024396827418642353
4096,201,5,2.7275374310144924,0.0036953434391734374,340297,0.008610591946345949,0.0029835593805013216
4096,202,5,2.6944456202363867,0.003514516290883951,362286,0.008757466856916269,0.0014536648289110166
4096,203,5,2.724233491213324,0.002566150816078805,356548,0.008713078960830171,0.0036868549291149966
4096,204,5,2.686674662029852,0.0061614551081237146,314858,0.00817253561029938,0.005514219986021529
4096,205,5,2.6955743712379423,0.005760077281476372,356265,0.008736589133979915,0.0032688828320738272
4096,206,6,2.6457044664483873,0.006204707556419109,218557,0.005753984964401337,0.005525882078290689
4096,207,5,2.7017731243636876,0.004720134504402673,338811,0.008528144858976803,0.0028356853218824973
4096,208,6,2.675029758485057,0.0044096316026677185,234600,0.005878206124835208,0.0023783234952511334
4096,209,6,2.6846696220545683,0.004022835157817095,227726,0.005804501969545723,0.0036940874499879484
4096,210,6,2.6834081324228167,0.0045745331948987555,227248,0.0057389255566036535,0.002777316508551092
4096,211,6,2.7402746066650887,0.003122352872200196,229674,0.00576358606804878,0.002107808123291366
4096,212,6,2.6839225392359745,0.0038257325909043516,237824,0.005927639991779906,0.0019735054994343693
4096,213,6,2.6512544823244464,0.004921796219195529,245683,0.006126329719986662,0.0021825349626859447
4096,214,5,2.7372923104436184,0.004709251889857546,333407,0.008485003618139284,0.0022757419505300414
4096,215,6,2.7475708909992913,0.002819320392465796,241545,0.0059406935578036404,0.001455496014550528
4096,216,5,2.7094717689164445,0.0040874178203986755,355559,0.0089332903735561,0.003995133394550043
4096,217,5,2.712007707572656,0.003940375923806139,332422,0.008371567214085766,0.00310712640819355
4096,218,5,2.6956161572399076,0.003821483307025253,341388,0.008525356422494856,0.0025564399283591888
4096,219,5,2.735656182409111,0.00378075172427772,339694,0.008394380444983663,0.005260820518418141
4096,220,5,2.718599313004869,0.0022025348704129977,373878,0.008944546481698797,0.003327322278385947
4096,221,6,2.6832229661210545,0.0029290021356205287,248446,0.00610486011204718,0.0007996982545618314
4096,222,5,2.7168171443382074,0.0040024777111524745,348127,0.008596181764055506,0.004050702191873201
4096,223,6,2.6595620386052023,0.005842090022764257,251021,0.006113765613793002,0.003015461950960807
4096,224,6,2.6802014572461146,0.0032730501518506427,252238,0.006158289009447082,0.0014878123950943234
4096,225,6,2.6757088192077267,0.004596618327230906,231226,0.00578127741313126,0.0027340327597509817
4096,226,6,2.6601819081226408,0.0055269663306278805,250195,0.006147238241519596,0.0026407227756427565
4096,227,5,2.6808100181794994,0.006085335047767981,309810,0.00816427681296633,0.00464059403298811
4096,228,5,2.6913298727824073,0.004592940423837011,326796,0.008361785201582771,0.003734510997620788
4096,229,5,2.737891741155398,0.005084265103353469,354221,0.008673176239805031,0.005132149134829067
4096,230,5,2.70072927310627,0.004922004854658546,343116,0.00851374784576369,0.003204142716332292
4096,231,5,2.7322224769247585,0.0027109888796922332,332277,0.008395359619390757,0.0015821211842861893
4096,232,6,2.6868110933650895,0.0037059982646822087,240002,0.005959166689985851,0.0022014785197969067
4096,233,5,2.7238867408572287,0.003192753567910711,361120,0.008729118053054725,0.00365618102520876
4096,234,5,2.7409031464582867,0.0027927574820710843,329722,0.008313143097339527,0.0035240864387554027
4096,235,6,2.69825185863456,0.004567963959021926,235395,0.005898132527388437,0.0019180644630572008
4096,236,6,2.682870540445745,0.005165685829776168,230907,0.005987959354165389,0.00300720869653881
4096,237,6,2.694014170579652,0.0035071884613858684,237347,0.005878286696643707,0.0022120151509785746
4096,238,6,2.725675583404419,0.003445495699384793,234184,0.00593211960426158,0.003275502312090478
4096,239,5,2.6764329266508624,0.0053105891322379195,360194,0.008952041682314981,0.004152598505277605
4096,240,5,2.737944885640244,0.003694472846869523,339165,0.008408112603385587,0.0019432557631070546
4096,241,5,2.746377321632222,0.004190766212680885,335069,0.008435971885045157,0.0029917221429187624
4096,242,6,2.6665984675413084,0.005039708487217132,221723,0.005769747162181282,0.0024715444609948456
4096,243,6,2.6895901324953555,0.004958230393352192,244676,0.006003826041670296,0.0031145497399281963
4096,244,5,2.6713764264558564,0.0025084326412804225,372279,0.008901280663599095,0.0009274468993004659
4096,245,6,2.7203110782786637,0.003589996804344353,246936,0.006042288975744224,0.002506720233139692
4096,246,5,2.6836157337914117,0.003481979274970848,349738,0.00867376819895269,0.0027358130098810163
4096,247,6,2.6926712001952233,0.002724603820193572,262973,0.006316747007283981,0.0016908560576123777
4096,248,5,2.7307240049710746,0.004532976170791403,317366,0.008052171278339468,0.0032496284516077
4096,249,5,2.6810380004809393,0.0043146148475251556,336270,0.008529109240852463,0.0031592034977762085
4096,250,5,2.710739279393019,0.005295398432140663,345359,0.008693529589778298,0.003985920227202566
4096,251,6,2.687747549527018,0.004032215168090603,226606,0.005754474550519762,0.0028546230674103834
4096,252,6,2.735544830891616,0.0033535957117800663,231125,0.0058305576011033824,0.003469345753533415
4096,253,6,2.7020188672353664,0.003454945717357605,248312,0.0060465427853315865,0.0022424153936556612
4096,254,6,2.7022828393991105,0.004725443246764716,239989,0.005955152026987207,0.0026190733871246374
4096,255,6,2.6811910405913535,0.003261985911953591,251980,0.00604596691201964,0.0019261842969398035
4096,256,6,2.6986763241885185,0.0035787878759288017,266201,0.006380706924062107,0.002366512089002737
4096,257,6,2.7310630946565575,0.004066286231299898,240227,0.005938544358400164,0.0012396581594964484
4096,258,6,2.656442915761892,0.0044005186010079855,236647,0.005958798434169576,0.002405775215595707
4096,259,6,2.69952158314832,0.003976215418062923,231834,0.0058399041932675425,0.0017107256741931698
4096,260,6,2.7036165284645723,0.0030328479479496684,248438,0.006163163908634403,0.0012854316100733287
4096,261,6,2.6687187512514665,0.004242505851860812,246123,0.006225542965979765,0.0023011321413982655
4096,262,6,2.6862490410893494,0.0036061802836574453,252920,0.006178361619759657,0.0024521697694566136
4096,263,5,2.7062357308607994,0.0053962345589767535,355929,0.008826628902982074,0.005405472203046158
4096,264,6,2.6757137221507077,0.006007878149752899,234535,0.00602166469329319,0.00318494789698176
4096,265,6,2.693935672761518,0.005484260384096218,233107,0.005898464835881347,0.003986706404648821
4096,266,5,2.717402755876325,0.004322891828220765,349382,0.008625337273246741,0.004549806966109515
4096,267,5,2.668326972177315,0.0041747479993233805,342772,0.00861042338207278,0.002255450986179963
4096,268,5,2.682261343290231,0.002944778767665801,339683,0.008514109302020897,0.0029980750457862526
4096,269,6,2.708885991756765,0.0036150022014975747,251428,0.006149046962285985,0.0023536995786387627
4096,270,6,2.6921217542252007,0.003583964587633659,235537,0.005886528213446422,0.002868969513463826
4096,271,5,2.6763852492252793,0.003814842371722249,343810,0.00860509121256525,0.0020501108032274784
4096,272,6,2.63028571973205,0.005540413384621745,252757,0.006244372345798353,0.003836677647650888
4096,273,5,2.7358861298782067,0.003514198533232371,326296,0.00817006687167785,0.0009417626794594458
4096,274,6,2.688913148237565,0.005273200573992609,233174,0.005806524262796733,0.004857737969236275
4096,275,6,2.709959873077099,0.003784260572199938,229411,0.005900630128273651,0.00171436931516461
4096,276,6,2.690021069911861,0.004185662621152941,227986,0.005742360963048031,0.0019737104761402002
4096,277,6,2.686579241544278,0.0037843414185724233,247349,0.005950933840866117,0.0016276396930126058
4096,278,5,2.7329451118332844,0.0020632217040849055,361155,0.008822874554605521,0.0029313879134739984
4096,279,6,2.7453666600643527,0.0024691572837940434,237339,0.0059816872496903225,0.0019423338719577188
4096,280,5,2.7282374246825856,0.004568898449154424,362754,0.008776522679651502,0.004184957618030505
4096,281,5,2.6967323055165364,0.004359608671532622,327700,0.00839749223257594,0.0031440840150290805
4096,282,6,2.740378986906924,0.004312343900626736,231140,0.005811507473710748,0.0032235683219661304
4096,283,5,2.7491982553133565,0.004026540652925736,343133,0.008524123720016994,0.0017233629566646425
4096,284,6,2.69850590781556,0.0035665954311256964,240714,0.006028109993912388,0.0013757532221133628
4096,285,6,2.723162063696849,0.002604887931227262,263667,0.006319386233863236,0.0017425083373731054
4096,286,5,2.720467158777408,0.002865631661773116,377028,0.009040389339932982,0.0031639123561315596
4096,287,5,2.671056446499395,0.004877144661955435,360882,0.00881435127095656,0.00361600696686315
4096,288,6,2.6933166239062767,0.005049294726260367,256067,0.006209899185627185,0.002563597305455856
4096,289,6,2.7099364064692444,0.00418846847402099,237191,0.005983908125663408,0.001337463982007847
4096,290,6,2.7051533608144123,0.004609497660543527,232597,0.005857741576277644,0.003834156462094118
4096,291,6,2.677103914709602,0.004044107520842721,229673,0.00585880736729217,0.0012174794490392715
4096,292,5,2.7560448450945643,0.004614943603940491,359886,0.008678692955841723,0.0023967874202912576
4096,293,5,2.72905690156928,0.004785964582295299,359642,0.008832824739768487,0.005068941219628087
4096,294,6,2.6607321507030846,0.00470249713477644,249473,0.006001098404057057,0.0024767180285256707
4096,295,4,2.802851146717134,0.0031222567420584046,550037,0.013568986934807993,0.003328157753229588
4096,296,5,2.6824173763394654,0.006019506735524538,360446,0.008799759106820276,0.0041346502458945444
4096,297,6,2.700834603725543,0.004625138500670922,216732,0.00568056620304242,0.002139441079866411
4096,298,6,2.6852985162885905,0.004299987916184356,231008,0.00591867974661549,0.001473359844380906
4096,299,6,2.692194481739122,0.003850704010420536,232913,0.005900654036678384,0.001438203667034177
4096,300,5,2.7204491835862803,0.00411726231067,338148,0.008603198862025272,0.0044007194137047345
4096,301,6,2.705934697182108,0.002963888893463107,254196,0.006119509841214998,0.001490210846154083
4096,302,5,2.716061864965868,0.0035251649893707215,351256,0.008649423847402391,0.004073662488150109
4096,303,5,2.71169791759094,0.004686992425725345,353774,0.00865825509289904,0.003954149733716883
4096,304,6,2.6805447136040668,0.005463046640104552,240749,0.005943349216480636,0.004287217324688064
4096,305,5,2.693356497982136,0.0036679988424378474,348818,0.0087576045752909,0.0030464668106534587
4096,306,6,2.7097057873068544,0.003796754071567099,246495,0.006088577483326716,0.0016154379267538932
4096,307,6,2.708074860447296,0.0037025673606870813,256984,0.006196138461117075,0.0011773440416511516
4096,308,6,2.676174628476842,0.004596074255988736,247354,0.006109682577544352,0.001728930360141101
4096,309,5,2.676602122946373,0.0059877466821142145,359798,0.008783641282884551,0.0034418985415047842
4096,310,6,2.6789214397705083,0.003911220705676732,239838,0.005918694610949563,0.002128404503774828
4096,311,5,2.7267289945765723,0.0026258040984963316,368513,0.008950809301926111,0.001345359887421127
4096,312,5,2.6934130450849896,0.0050865983180997665,371615,0.0089785955153774,0.004049556583710756
4096,313,6,2.7041116884617997,0.004684028004003249,237253,0.00590334785385103,0.002581281030249849
4096,314,5,2.73316407261456,0.0029678861199768924,348669,0.008558459191138235,0.002790779198363902
4096,315,5,2.696215193647658,0.00413323798490739,356459,0.008716816288729858,0.003089826864632772
4096,316,6,2.683679805823476,0.003898188032824379,246002,0.0060666602663099175,0.0010715599610209292
4096,317,6,2.710648674835007,0.0024477588581282017,260665,0.006310714128608318,0.001516651580069528
4096,318,6,2.678290390950791,0.00400978583494449,245165,0.006059250630615338,0.0023125761807928358
4096,319,5,2.6818202967291502,0.004280448181347762,321058,0.00833855394403514,0.0033795356182743097
4096,320,5,2.7338608263517927,0.004054456072465573,335176,0.008326400379981324,0.0036881446231672443
4096,321,5,2.724799778920885,0.004380229412530912,348678,0.00870278556378602,0.004020739931369421
4096,322,6,2.7049802938323575,0.0032452270407450357,239828,0.006060669008116482,0.0012310091950900603
4096,323,5,2.705685316592679,0.002578007901485324,336415,0.008541894333505627,0.0011698912477471901
4096,324,5,2.679252450267571,0.003895486354512978,325418,0.008443596083820396,0.0020119733465066014
4096,325,5,2.7085749627197986,0.0034875745447768836,355587,0.00873464595264794,0.003294086469734392
4096,326,6,2.6514352551960063,0.004889046762144522,256778,0.006147630960187567,0.004408779455793099
4096,327,5,2.6860070310915236,0.005656065297884816,349388,0.008586972304563973,0.0043065128831121235
4096,328,5,2.711920399343778,0.0032116895150851033,336963,0.008430794554029425,0.0016489115577359437
4096,329,6,2.6784050990566817,0.003660887400763424,241538,0.006022708897457881,0.0013791185335840783
4096,330,5,2.743803733186603,0.004106550865877301,348303,0.008667901581068371,0.004771725695169204
4096,331,6,2.680888768038905,0.004343083060802777,235450,0.005870212871944491,0.0015585361192215208
4096,332,6,2.695497964557295,0.006273149189960581,225979,0.005729652462003106,0.006299623950000277
4096,333,5,2.6933737014228245,0.004012384677649861,362942,0.008920805734020664,0.004036175720688484
4096,334,6,2.7134539147682095,0.0038526906152275275,238878,0.00601594642096041,0.001444946356589094
4096,335,6,2.682408587732724,0.0043245069356341315,223308,0.005798117608460057,0.0021318487335249547
4096,336,5,2.6758406382881463,0.004537123384605102,366000,0.008796708992536713,0.0029563653404309775
4096,337,6,2.709374861955989,0.004106981418491529,238792,0.005827476559788679,0.0013763932695419756
4096,338,5,2.6920832535695425,0.004053927791003387,367822,0.008794843937799066,0.001576897312988823
4096,339,5,2.71836521116769,0.003847860618216292,359733,0.008752988931124748,0.0036508144642274365
4096,340,6,2.714405979785051,0.00450064351056112,239281,0.00592489274052629,0.00167401543875767
4096,341,6,2.667361963626278,0.004029934630673582,249803,0.006200251829461862,0.001324062532008008
4096,342,5,2.6797166233463265,0.003221216495362278,358425,0.008831072721620196,0.002059351917912511
4096,343,6,2.6987290774920254,0.00440237972619395,236011,0.005912397484181692,0.002974260941380036
4096,344,6,2.726980993354604,0.004324170599620536,221319,0.005684713942679269,0.0018384731788160247
4096,345,6,2.718069343396997,0.005242923168942815,219909,0.005663190981458045,0.0025930236729780898
4096,346,6,2.6614170791952643,0.005564799966516931,242659,0.0060684709200856165,0.0029149004705522064
4096,347,6,2.7057004656403016,0.004542791940156832,248462,0.006045881510582215,0.004118669392217333
4096,348,6,2.729830938283156,0.004657303781578803,242132,0.005941600582764293,0.0020074042856140784
4096,349,6,2.6897308229692145,0.003303646106458724,243450,0.006074197425613163,0.0013543427544935316
4096,350,5,2.7223840676651716,0.004360270585419435,358688,0.00871464098948377,0.003666812164523303
4096,351,6,2.6564433419252356,0.0045872547942145125,253967,0.006106340200139906,0.003268643056988818
4096,352,5,2.6927451184564846,0.004603850480168148,332494,0.008506418189153254,0.002472972591159195
4096,353,6,2.6986554195990577,0.004197022884816826,251735,0.006181960007567612,0.0038053872469656636
4096,354,6,2.683587025056204,0.004058983227329338,234125,0.005940783035930059,0.0024571910914051864
4096,355,6,2.68524100763379,0.003892033020891472,231489,0.00580571562368989,0.001183809685814996
4096,356,6,2.7290362124342535,0.0037091132951151407,223853,0.0057813161317142045,0.0012781257857751305
4096,357,5,2.687801733773697,0.005067168432558278,349977,0.00860563685602738,0.004127067788746164
4096,358,5,2.663796018705832,0.004692238521509684,349046,0.008598342093536155,0.0030314291682416172
4096,359,5,2.730964846304817,0.002943689486299972,335179,0.00838828983437245,0.0014123500455239801
4096,360,6,2.691477336008385,0.003657808624219161,234835,0.005920469440396578,0.002052488645132966
4096,361,6,2.697795903437896,0.0040244887278564345,239476,0.006113297000457203,0.0017794264421278072
4096,362,5,2.711083439986473,0.004484326272414851,351802,0.008668729917792668,0.003138193775660214
4096,363,5,2.7050076694555742,0.002100700298455216,379480,0.009200644656110025,0.002414205103846434
4096,364,5,2.7401976646239774,0.00517937236015914,327632,0.008263046292650532,0.003794270539472566
4096,365,6,2.7134066370130934,0.0033805839177190045,244390,0.006004876336010658,0.0021487313676347153
4096,366,5,2.737723891606538,0.002570221189274191,332763,0.008320516321439781,0.001821051267023699
4096,367,6,2.688797387499211,0.004945754603812635,243330,0.0060192440672487075,0.0023220146441437217
4096,368,5,2.6588364627672596,0.0031416982963889395,371834,0.00890401309895714,0.0013684375397956527
4096,369,5,2.7154328330954782,0.006226871449629912,338150,0.008565436655777936,0.0037108094445230666
4096,370,5,2.705138336886272,0.002964339874988453,353687,0.008668906743522524,0.0014812413958352755
4096,371,6,2.705330749909067,0.0028788661032962404,258137,0.006206677451737617,0.0012931465795436026
4096,372,6,2.6618730812448033,0.0035497315052752665,253885,0.006220938092030189,0.001440301617287143
4096,373,6,2.7047994622105693,0.00372316053945998,240490,0.005912131598655724,0.001967240544398896
4096,374,6,2.723991904675669,0.003937705397273672,227213,0.005838216200158984,0.001572951475983797
4096,375,6,2.6845062743803787,0.003664010722148281,245518,0.005978168501379382,0.002054842042219951
4096,376,6,2.7094370541452917,0.00384605262570914,240453,0.006089718555942503,0.0009486437186954078
4096,377,6,2.7041051627840003,0.003974307329976945,232270,0.00597338888299531,0.0018185384791687964
4096,378,6,2.7504318684655393,0.002880219699137876,226703,0.0058120791249621755,0.003761618549317558
4096,379,6,2.656448380097746,0.0035270458703479113,248880,0.006203245572579281,0.0012792360163174088
4096,380,6,2.715058712131735,0.003436981494768787,244413,0.006103246302357368,0.004368633853261694
4096,381,6,2.7071898253964504,0.0030241643519772765,238362,0.005860696955826707,0.0019162684313582812
4096,382,5,2.709809793311724,0.0036599035065997265,372277,0.008843601425354501,0.0028086169925253257
4096,383,6,2.7319539826608215,0.004606101585686306,230413,0.005736395625647611,0.003693326834356858
4096,384,5,2.708194343257193,0.0048083428885359325,312885,0.008079712287510036,0.003093898308332621
4096,385,5,2.717926190074299,0.0029691845393798877,351807,0.00879325894887504,0.0013657037362493352
4096,386,6,2.7167770942049114,0.002488172418696255,243852,0.006074162411383592,0.0020267014676252915
4096,387,6,2.7092100514094595,0.0022231190657954203,265398,0.006359694016376647,0.0026554237204367004
4096,388,5,2.715261019355793,0.0033447698331238174,350484,0.008547384154245649,0.0024847979414373556
4096,389,6,2.7283884446470412,0.003681409248923795,237944,0.005907633808735017,0.0023958135396559554
4096,390,6,2.665171660942,0.004647423308826171,237501,0.006005193775408974,0.0019651933448893155
4096,391,6,2.708184828059564,0.004124026754606769,239293,0.006045354470242192,0.0018585370107370158
4096,392,5,2.712041594931962,0.002653929406471023,358719,0.008668855072129295,0.0019932273809879775
4096,393,6,2.7003006319767966,0.0031037563882823083,235254,0.005891280784736812,0.0011998254324183666
4096,394,6,2.6606562105321006,0.004255808348558321,263195,0.0063225792193147895,0.0017666606092834047
4096,395,5,2.671278625300591,0.0029662141393065333,346971,0.008657792511062253,0.0025949525318855193
4096,396,6,2.659348820741954,0.005072928132173193,250275,0.0061366682546442584,0.004324934691432025
4096,397,6,2.680533453450045,0.004805417608338858,242256,0.00589094127955468,0.0028442768134929186
4096,398,5,2.697706175301861,0.0043181209008997246,367364,0.008973763289231457,0.0032193881361219923
4096,399,5,2.7144922369238564,0.003796186599392515,363099,0.008905275906122289,0.0036510885370335533
4096,400,6,2.669745195749327,0.0042041993660494326,238523,0.00605114149801973,0.0016842888717119031
4096,401,5,2.7289067020499234,0.005324670571551504,336442,0.008463082938097081,0.0037325099543292772
4096,402,5,2.70454961532236,0.0030915263455378317,344699,0.008551963326335853,0.002423046332595602
4096,403,6,2.7275497977348153,0.004232361733540246,259390,0.006320694940658838,0.0015824622375755215
4096,404,6,2.6836529684630914,0.003934934953004676,239096,0.006045059632186226,0.0012266376582965588
4096,405,6,2.7103573429160175,0.003003727023366154,238782,0.005929694153715219,0.0015434717790833163
4096,406,5,2.6733564882359326,0.005836066374769633,352351,0.008665213639762552,0.003050350534174795
4096,407,6,2.6919436676367097,0.003857244340014776,255574,0.006185466957690708,0.0032199056860102715
4096,408,6,2.693244084900278,0.003909915975875644,235142,0.00596687299664273,0.0019415337257882026
4096,409,6,2.6666969553701394,0.0030259299357431324,256320,0.006246681176455364,0.0022499189420163157
4096,410,6,2.7123364538745545,0.0037822659390946978,232199,0.005739276923133202,0.003563707783619363
4096,411,6,2.727765341622478,0.0033677967220160365,231720,0.005828595670906904,0.002485655274576226
4096,412,6,2.7208060909312546,0.0033884231977751034,241738,0.005976090348237581,0.0008706128024904558
4096,413,6,2.664189696765647,0.003611607206299383,237053,0.006022684641792121,0.0011680813897902986
4096,414,6,2.70469988483847,0.003403121701934131,243971,0.005958960693320537,0.0014818799929864623
4096,415,6,2.7389758482684146,0.0032173742271833783,242333,0.006002369263078039,0.0017444151548118292
4096,416,6,2.685369457328971,0.004626416536348543,241934,0.006005828732573381,0.002507151189043433
4096,417,6,2.7299857888071353,0.003575952159283413,238657,0.005992184953702094,0.0019375856497810817
4096,418,5,2.7253533102084657,0.0018125019810985021,357510,0.008776485587916273,0.0019727076650885023
4096,419,5,2.6857247172739624,0.004655855477647797,384567,0.00904366893672202,0.0045961194137505434
4096,420,6,2.6974337209560284,0.0035031307934818567,250016,0.0061821623735986335,0.0030295633950107037
4096,421,6,2.705305589230601,0.0030659314687613293,259399,0.006232157856698353,0.0018504364654675642
4096,422,6,2.6712277277171945,0.004148117133653373,251019,0.006253541640726399,0.001642320636650596
4096,423,6,2.6650826603872035,0.004600636474544895,246659,0.006030495026043869,0.003102523878770136
4096,424,6,2.7068114028142145,0.004611199542282063,228083,0.005747230125007666,0.0029616929467218833
4096,425,5,2.742072342735445,0.003973447234091543,347737,0.008706919419061633,0.002548492777350808
4096,426,6,2.724761776936648,0.004422275325857483,240735,0.005955185862727418,0.002800561446639427
4096,427,5,2.714682028209938,0.0031826453435056523,346684,0.00860653345726453,0.002396502314517379
4096,428,6,2.723456753407275,0.0024634508888597972,233635,0.005865175595527389,0.0014439115334577979
4096,429,6,2.697810124307178,0.003987275849041905,256556,0.006268806131289016,0.004187662869233444
4096,430,6,2.710856160886854,0.003953188131984087,224961,0.0057765558229894085,0.001563964173216248
4096,431,6,2.6777305025419715,0.0050158842790385405,242088,0.0059833532932503765,0.0038862770238943245
4096,432,5,2.714682663555321,0.004735392980156794,372926,0.00892325200739432,0.005081834517530803
4096,433,5,2.713027516801534,0.004905910143157499,337258,0.008391943666398878,0.0022185385757823584
4096,434,5,2.724172024998086,0.004420617587085451,337788,0.008445877988832493,0.0027858344639591914
4096,435,6,2.704779159889673,0.004815505117441665,214887,0.005598432135746094,0.002329807696637154
4096,436,6,2.699164085924403,0.003968673727598793,250418,0.006079327383400861,0.0017441578879698882
4096,437,5,2.7135810300782377,0.0030837456299424026,342847,0.008548192756364875,0.001995171379008065
4096,438,6,2.6904912483009578,0.003144272746740562,255196,0.006163085874553299,0.0018317611769634867
4096,439,6,2.6710141119917226,0.0043827363040965794,247617,0.006106408904466342,0.0017990251255837197
4096,440,6,2.622250062762337,0.005480673102132516,235536,0.0058968519579112744,0.003997525263654433
4096,441,6,2.69389511689041,0.0030317419406260537,243554,0.006022870954412153,0.0006438044466392512
4096,442,6,2.6896361178943344,0.004333953522477119,250643,0.00608519959223047,0.002158432023108614
4096,443,5,2.731480769339215,0.0036518710946059074,339160,0.008240887387773309,0.0023921608901051883
4096,444,5,2.703825669194266,0.004924226118119157,319082,0.008354494796330224,0.004329874655781052
4096,445,6,2.6982621497559736,0.004800955648470162,228616,0.005842082043872141,0.002494878196514838
4096,446,6,2.6805987265547233,0.004453515015771292,251011,0.0060354872057366065,0.00155610610875756
4096,447,5,2.7267878268541983,0.0027448849653604057,360482,0.00871542697932878,0.0018128569626132407
4096,448,6,2.674619542156347,0.0047589081665516675,241492,0.006036019609340369,0.003816516079978155
4096,449,5,2.7102124232094735,0.002757143845175558,352371,0.008664688001175976,0.002665259647435525
4096,450,6,2.7091266590557415,0.005192983222820913,224819,0.005792468747144912,0.002875761989240333
4096,451,6,2.711290370893938,0.0030716631045433207,248280,0.006116741967206104,0.0018579282612715131
4096,452,6,2.709463008195163,0.003908865238910986,243742,0.005945742991257434,0.003059978755183268
4096,453,5,2.7074361853734605,0.002840515675312183,354426,0.008650391423463442,0.0025247744692141194
4096,454,5,2.734076154011427,0.0030445479211048676,353396,0.00865722177740703,0.003482327624612258
4096,455,6,2.665437286002765,0.005841286992820938,239362,0.005985113105715403,0.003014658921017488
4096,456,6,2.67592438989287,0.00504929237816254,239630,0.005962506649440265,0.0023140247477846376
4096,457,6,2.6927815478676176,0.0037586222161560823,238922,0.005964655195161949,0.0011256185261019347
4096,458,5,2.7215569334443352,0.003678132446417459,324484,0.008317674229774866,0.002672990339659731
4096,459,6,2.690513029971193,0.003933008032842911,246432,0.006096252120516457,0.002382672602095459
4096,460,6,2.703455572317482,0.003394003396533396,254464,0.0061547944444408165,0.0018206102447670403
4096,461,5,2.720268175913758,0.0021298305848885812,354617,0.008790375193947257,0.0018766805201608783
4096,462,5,2.708384094052213,0.003145779845234009,358190,0.00882702515279534,0.002794533595999127
4096,463,5,2.6974605308602215,0.0038486575174326854,342325,0.008443007338911328,0.0028480034135787147
4096,464,6,2.7024842207639783,0.0045034258412527395,211389,0.005508411683318536,0.003567028119401683
4096,465,6,2.731828645604267,0.0024035134679704084,240098,0.006036285341129768,0.002135927825296785
4096,466,5,2.681071005610984,0.0038373798388826597,356701,0.008867750317468052,0.0021862345817875717
4096,467,5,2.692844673796401,0.0037987199042719966,365051,0.008842519007185372,0.0015137517988019766
4096,468,5,2.6839450697027276,0.003227319170313714,342584,0.008601599997428941,0.0016393206232918622
4096,469,5,2.697548208110761,0.003112832002688193,353918,0.008863499680664775,0.0037218860822185174
4096,470,5,2.722734935689206,0.0040193028250093965,347751,0.008581494511277089,0.002498233891281454
4096,471,6,2.7028732766720145,0.004323699366403644,223632,0.005735985978906134,0.0015361165833158719
4096,472,6,2.6919422207457955,0.004064975772110513,244524,0.006076822433515836,0.0018516985061120539
4096,473,5,2.7125197209638396,0.0040169401163344665,336209,0.00833648505360561,0.003863540264384846
4096,474,6,2.6853565111127984,0.00467194793731307,234160,0.005855489929412539,0.002186250516508559
4096,475,6,2.68590338494496,0.004189458023703518,239800,0.005939465551632321,0.002331588508080601
4096,476,5,2.694466334897184,0.004883470358559294,357479,0.008756066350926819,0.004831991297089611
4096,477,6,2.7626327900300582,0.0029155318629069393,222558,0.005727115373822313,0.0021587193726283482
4096,478,6,2.6845208493539485,0.005757990167886362,234488,0.005735544971554277,0.0046799341402298245
4096,479,5,2.6868605713234834,0.00385946188581765,361377,0.008878629032773219,0.0012303356493954531
4096,480,5,2.7338644513457573,0.0020701377431157075,350818,0.00868913447286261,0.0014365192263630644
4096,481,6,2.6913826397476006,0.003305176459716619,264911,0.006345222134751161,0.0015220752879783472
4096,482,5,2.7543603856130066,0.004373755394671108,338687,0.008420975632958074,0.00345801054631234
4096,483,6,2.687433088880379,0.002945855811367748,251277,0.00617269317587701,0.0015577442780704276
4096,484,5,2.7126934422058646,0.003017093907614843,351414,0.00879270245779521,0.0025895613490309888
4096,485,5,2.689825114716585,0.0042216195712498905,355255,0.00876532235120313,0.0033386989859288674
4096,486,6,2.710271912292337,0.004369524857049889,246111,0.006045927143373307,0.002093059584528767
4096,487,5,2.691456129844223,0.004257650201139884,354936,0.008674363477130928,0.0028179817555498143
4096,488,6,2.7065911288126787,0.005173782980863462,244924,0.00596414553163808,0.004173157333895783
4096,489,6,2.662595495895124,0.004697773315619935,238052,0.0060781086443153646,0.0019849011176938935
4096,490,6,2.70664654710333,0.0025533163049966667,251130,0.006146525652694794,0.0008210820266371099
4096,491,6,2.6856428813163644,0.004439306271867616,241265,0.00606407385922069,0.0029867184142138292
4096,492,5,2.7125404912407207,0.002812489552308395,356587,0.008708475712089154,0.0026625053945427135
4096,493,5,2.6693966950148607,0.0029646847787961894,356138,0.008857797575630022,0.0023142037565115903
4096,494,5,2.6998767799684282,0.003459240609008929,350672,0.008653933879899916,0.0026911860374357888
4096,495,5,2.7041671852748683,0.003809580244513111,349121,0.008513003763760043,0.0024523121678633464
4096,496,5,2.659991829896388,0.004078621163933982,346747,0.008512837506852985,0.0034358242530734273
4096,497,5,2.668485548070137,0.005477238505107396,358550,0.008791478775523914,0.0059889474299315015
4096,498,5,2.7478109260672294,0.0037561039387294937,330827,0.008278150791025606,0.0029988520778551075
4096,499,6,2.709960172467554,0.0033688317390947464,240236,0.005978838878410483,0.0011067815038963147
4096,500,6,2.7018323527195878,0.0035181230070759906,235064,0.006018067310064415,0.0009454077961887908
4096,501,6,2.6949717544753473,0.005575926209235749,231030,0.005821819513263331,0.0035220353034454144
4096,502,6,2.666437128051791,0.004115531836333952,244908,0.006001587072636142,0.002261868735731032
4096,503,5,2.708760855045144,0.005431667324429901,362338,0.008871116416846351,0.0044530462091912915
4096,504,5,2.771155819969498,0.002204708254500587,331872,0.008293504575956744,0.0031900701428779765
4096,505,6,2.6938412069056032,0.004225539947126378,254238,0.006117515843610002,0.0017294448917728467
4096,506,5,2.724019629969717,0.002775642355224428,355837,0.008745678614246551,0.0029604705488527894
4096,507,6,2.708867600672205,0.0037750610542641727,251862,0.006230556105494505,0.0016315720547933343
4096,508,6,2.70315189714906,0.003071840658629532,234898,0.005994176591272859,0.0008418568430420548
4096,509,6,2.7171237990818766,0.004899777033459007,235876,0.0058708652079205855,0.0034599075360597364
4096,510,6,2.657318529667623,0.0051498637158390315,238922,0.005937442858306593,0.003201090321243494
4096,511,6,2.658518675417988,0.005452598389202756,229060,0.005762055338672814,0.0031098237278038843
4096,512,5,2.683113533016898,0.0045145153241284985,347881,0.008586483258516108,0.0027910847502882197
4096,513,6,2.670988099711955,0.005144658065718288,226443,0.005794963725271892,0.0023180299939148385
4096,514,5,2.74461637240464,0.0038219067458310496,323269,0.008122981011332985,0.00214718460932406
4096,515,5,2.7123737593451605,0.0035641190369258835,375371,0.009002291348885093,0.004858101146950067
4096,516,6,2.691474275726837,0.00552727953814891,242846,0.006050202082818553,0.003188517010181302
4096,517,6,2.704454591855977,0.0030018440106794886,260624,0.006276186094755037,0.0013523719286216984
4096,518,6,2.7061238514307573,0.0033807170630960615,245876,0.006023576900681586,0.0014720757878350366
4096,519,5,2.7025387625424977,0.003009217083065008,342617,0.008529603650031147,0.0027547204604052578
4096,520,6,2.6934687161273296,0.004190767408378093,233313,0.005844426625182985,0.0033181328034119217
4096,521,6,2.7037676717746364,0.002893982264535966,252209,0.006088558618499823,0.003195998933429478
4096,522,6,2.6629394624948137,0.00477293684275748,250652,0.006173851056471357,0.0018755279357437482
4096,523,6,2.711888936428854,0.004118579436410474,247346,0.006025520605725772,0.002191693066164513
4096,524,5,2.7351486477731624,0.003481666757748525,312602,0.008057379308524565,0.00276517600171422
4096,525,6,2.721658514616759,0.0026689089418908685,243891,0.006115075679549384,0.001156516390430573
4096,526,6,2.7113925624701425,0.004888963234081167,238653,0.005943109875626082,0.0033381070465542395
4096,527,6,2.7160347104647666,0.0033037340229767898,239578,0.005911837768025969,0.0012887361760328675
4096,528,6,2.698947812868214,0.004574765567446959,253838,0.0061901066372785475,0.0022446226929346835
4096,529,6,2.7425552703435336,0.003529223883203758,243268,0.005926643016745785,0.0024204614452658646
4096,530,5,2.70119380110703,0.002581052325502764,356821,0.008697216783870284,0.002218622067599818
4096,531,6,2.6742135339919537,0.004810118530033214,226764,0.0057648851521463285,0.002523450068727534
4096,532,6,2.6853683829221016,0.004474185934807973,234957,0.00590655977641264,0.002558905241877213
4096,533,5,2.734408869216855,0.002992598203638397,356218,0.008646624115386062,0.003992100891334671
4096,534,6,2.7020286880119913,0.0036475538527095397,241830,0.005964937180205999,0.0021634291310806963
4096,535,6,2.7154188023685224,0.0037234877382174014,232121,0.005779134203680341,0.002618299561693682
4096,536,5,2.7053643644797005,0.004045273210564804,370583,0.008947277259193363,0.0026202820888009404
4096,537,5,2.6882979747688194,0.004344960521298735,375736,0.009002081325209412,0.0035620375864007237
4096,538,5,2.74002847028638,0.003633996628664704,358713,0.008758771517302184,0.0041765990551886345
4096,539,6,2.6856832840746954,0.0035149790013192517,245831,0.00601398086459522,0.0016503055774239606
4096,540,5,2.683646485103889,0.005212252433228537,356849,0.008852457999701071,0.003674811730644101
4096,541,6,2.6925543933289617,0.004203298170456171,237897,0.00597988155462291,0.0026623248844545033
4096,542,5,2.668874972735845,0.004547512241000584,345505,0.008774196910394754,0.002781231527902217
4096,543,6,2.7410427537558237,0.005838962164969264,225018,0.005756864684667633,0.005686106291229898
4096,544,6,2.694006403738886,0.0035431367037096484,234085,0.005950390189874858,0.0015170079663576197
4096,545,6,2.682903645198312,0.003800253189186198,232409,0.0058932208498643735,0.0009944497446128242
4096,546,5,2.741844846159138,0.003663099425842864,349286,0.008507893415230632,0.0035054371236646897
4096,547,5,2.6960063565797183,0.004308898404282724,361607,0.008885307423596988,0.0027387532167699735
4096,548,6,2.7298835743746706,0.0026864142984458494,240465,0.005953931699528157,0.0009251496342804755
4096,549,6,2.686529195578434,0.003748228437605361,250648,0.0061304274312902985,0.0016445101512513327
4096,550,6,2.714217260904799,0.004589276493302208,222646,0.005697196777854285,0.002275263124583704
4096,551,5,2.6941274535830164,0.0052877847227922326,340949,0.008731026638582528,0.005386747262450586
4096,552,6,2.653612935492372,0.006070324490124901,247250,0.006050313649727828,0.006192016772136433
4096,553,6,2.7001778861158976,0.004513407162703875,261309,0.006302804521162186,0.0023994757631797814
4096,554,5,2.735139445677506,0.0024200784006093157,347385,0.008586086775125274,0.0020896696471272014
4096,555,6,2.668421609739607,0.005525449897191392,241081,0.006043137969847454,0.003039752476386881
4096,556,5,2.7189474691475883,0.003762915556859814,333698,0.008404281983408332,0.0019881625853186424
4096,557,6,2.687681059253029,0.0056702580821274,225995,0.005759737382786751,0.00284363001032395
4096,558,6,2.7090290073775516,0.0022411304970128,243631,0.006012296642236305,0.0011458784209997797
4096,559,6,2.651130227725967,0.004129312407072372,234362,0.005895938677327031,0.002072592852108951
4096,560,6,2.703764281676343,0.004751497455302012,229249,0.005794945496309229,0.002564953749381149
4096,561,6,2.737201019770366,0.0023408140939489286,249796,0.006004743149969948,0.0026465997112502526
4096,562,6,2.664844940723141,0.004860071364661156,228562,0.005854617462524539,0.0020113875991426555
4096,563,6,2.6844443398168893,0.0035516492797986743,254461,0.006154046997957342,0.0007068624096010501
4096,564,5,2.698129270622314,0.0041034414683507325,384930,0.009090654033980385,0.0015861713995428683
4096,565,6,2.665671642949203,0.004748799535671977,250099,0.0061347296010839944,0.0022631021148674657
4096,566,6,2.7161035483716107,0.0042758551924152455,250116,0.006164464287113851,0.0020238599046971673
4096,567,6,2.730816411610253,0.003458842581774757,246008,0.0059983904842287085,0.0023683515849224346
4096,568,6,2.731453668599236,0.0026768590341047505,234937,0.005880393854757273,0.0015792365597289137
4096,569,6,2.676573523400366,0.004595067353395377,252937,0.006107132505027265,0.004621542113435073
4096,570,6,2.693611372003264,0.003843432261905977,240349,0.005990287046228884,0.0011114838639796343
4096,571,6,2.720276409395912,0.0029541952560206974,228137,0.0058714905453706905,0.0006823049472181042
4096,572,6,2.69376696101774,0.004946260283203441,242143,0.00596562733556812,0.002119632211399991
4096,573,5,2.694981990988578,0.003960223789065687,352617,0.00871263098368101,0.0044654961597908605
4096,574,6,2.649168403493793,0.005247967132102294,244945,0.00595476860407845,0.005002473336087165
4096,575,6,2.6738680631846794,0.0059293243881263225,214764,0.005580575779655657,0.0043312903314007
4096,576,6,2.7220129279782634,0.0026117103083420634,248468,0.005952694397512857,0.001242264844455998
4096,577,5,2.719568896826424,0.003955797669477956,345385,0.008482824432636744,0.002980481297397586
4096,578,5,2.7106967106075066,0.0035550556526879884,334149,0.008458790152192102,0.0021710822883639347
4096,579,6,2.68441974657685,0.002990982967146283,254493,0.006240275354513173,0.001626425588776903
4096,580,6,2.6891473042807004,0.004895301020458431,241194,0.0059076265240806435,0.0022972453959471117
4096,581,5,2.682700481104706,0.0025768315295534583,357457,0.008881905421995798,0.0020647299112245276
4096,582,5,2.7102847149907503,0.004835369043147797,332561,0.008346370524329988,0.003372195370949016
4096,583,6,2.715644561067259,0.0025178082354129216,234716,0.005954667393862879,0.0022007151652223556
4096,584,5,2.6978408081905596,0.004527724311933268,351818,0.008645606721838936,0.003436623245066217
4096,585,6,2.6727140617196903,0.004206036664641588,256724,0.006204393692130466,0.0026109493216637247
4096,586,6,2.6836397248057597,0.00353848339837437,255152,0.006213313369065632,0.0016285651096755727
4096,587,6,2.703758462086877,0.004782652113451635,234132,0.005883053986767124,0.0020392244193911946
4096,588,5,2.7452022130546303,0.0033778406756279633,341226,0.008516236057566667,0.0014094134279712955
4096,589,6,2.7180641378817083,0.004735627414253818,218499,0.005647414555260579,0.0033088505511987
4096,590,6,2.6346129836925085,0.006129587356035637,226014,0.005945618950049793,0.004154927555674148
4096,591,5,2.7769595360533224,0.0023947637377432773,359080,0.008757160035538832,0.004224229851706479
4096,592,5,2.719234169212677,0.0023562210810522677,360454,0.008728853953303608,0.0012946070383518804
4096,593,6,2.677567908257564,0.005531035926649941,228580,0.0059172718896605084,0.0039035797823540608
4096,594,6,2.732070678284846,0.002950945148931794,238587,0.005909564030977215,0.0012865771720501629
4096,595,5,2.652051362863967,0.0034545247536881263,369781,0.008922563228464101,0.0016776307407636581
4096,596,5,2.7320430018900512,0.0042772819678228435,341881,0.008502124642105691,0.003950439901249214
4096,597,6,2.734831627997269,0.0023557646038624425,240784,0.006061242554723718,0.0022371529005887902
4096,598,6,2.708177093517028,0.003620376072860698,236296,0.005898293918933255,0.002565638940309589
4096,599,6,2.6789916133158256,0.0042903981321985585,242164,0.006084630240695715,0.0014943633453662342
4096,600,6,2.697805946559629,0.0031960047818435644,248231,0.0060749626768062635,0.0024138682832685054
4096,601,6,2.7029828990349114,0.002843391889714275,246597,0.005960720693256203,0.0016834995937725639
4096,602,6,2.7758593478466054,0.003009656648590875,233087,0.005774341650558427,0.002210399292016385
4096,603,5,2.703211863076582,0.0032750271874435466,320343,0.008176998060016828,0.001537220747912349
4096,604,6,2.6841710769596183,0.0045073515738206504,237720,0.005920111664283547,0.002827835942315726
4096,605,5,2.71723215937387,0.003033511296890279,355076,0.008497585216007134,0.0023924927671171714
4096,606,6,2.666591742568486,0.005667570970360858,234278,0.005901417624406223,0.003971773938675982
4096,607,6,2.6683261501436513,0.004747367192494134,228291,0.005868614962550436,0.002716737829324689
4096,608,6,2.6912452408143577,0.004287667311785759,231056,0.005852618059730059,0.0014880782347747035
4096,609,5,2.6580430077646744,0.004776887435744892,361384,0.00879738018290938,0.003334228673381845
4096,610,6,2.6912125133847167,0.00358483809037069,233828,0.006021509873230978,0.0011324590480833452
4096,611,6,2.654711313212251,0.004555306635614653,238149,0.005954623701582161,0.0020561366900962164
4096,612,5,2.7325636585180106,0.0028595719868097502,359628,0.008627381344299011,0.002649649930733161
4096,613,6,2.684017337845768,0.003833017097730429,250325,0.006201993239982217,0.0010063890259269792
4096,614,5,2.686405818920731,0.005423045739917254,385610,0.00922690694415136,0.005787666758506282
4096,615,5,2.737459544902853,0.0034211497003706626,338512,0.008397947480428452,0.0031623750198578326
4096,616,6,2.672336465508006,0.00439858204100585,249660,0.006112395959080978,0.0019128846202013383
4096,617,6,2.6641949773424485,0.006118158130640872,261602,0.006267998494350099,0.003468258634676147
4096,618,5,2.7294009056418442,0.0037048387985431086,307154,0.008129394238990492,0.0016716170661886798
4096,619,6,2.7065329102563855,0.0028469253445273512,242199,0.005964033919782674,0.0010838132563026903
4096,620,5,2.7154742561102854,0.0028763409565830678,366402,0.008784552755182971,0.001866732672004101
4096,621,5,2.7057795461100955,0.004865019791673086,370359,0.008980520926905938,0.003290971408054011
4096,622,5,2.6886552084338495,0.0036516471551623075,351660,0.008651958402990094,0.0018714343929540078
4096,623,6,2.686061986330368,0.002828481386779935,250990,0.006096802769972871,0.0018365292891614482
4096,624,6,2.6653722389965666,0.004018340996053915,253134,0.006146809363895538,0.0020070772419356064
4096,625,5,2.7017672354549216,0.004488245993633844,347142,0.00869384769440307,0.004058749808759643
4096,626,6,2.623314867140042,0.005827062431524421,237142,0.006024068993374469,0.0033831185284832754
4096,627,5,2.7397684621286813,0.0018088023858423563,334545,0.00837725269582293,0.0028236092182506445
4096,628,5,2.7102381417102386,0.0031725534425340873,358092,0.008804192354535069,0.0018072658837422206
4096,629,6,2.6904621582385344,0.004256473019155993,226709,0.005915932688700584,0.001710359698052999
4096,630,5,2.729480873058,0.004699056137190349,336532,0.008373673891070828,0.0031900315010419122
4096,631,6,2.640792991743531,0.006729497099363102,245891,0.006025298702435429,0.004260766845332831
4096,632,6,2.6975238283035368,0.005128086207151328,238975,0.00600830781965769,0.002478186711186603
4096,633,5,2.7114527658883283,0.0047098456150688195,348918,0.0086532493742776,0.002560101892138289
4096,634,5,2.7290528658093476,0.0036866636399495167,347124,0.008474404551282863,0.0037177606324333423
4096,635,5,2.6997241929732816,0.004574940488847878,356291,0.008830531937616355,0.005455639137387447
4096,636,6,2.679030021350038,0.0042194577913570175,217829,0.005664270688841718,0.0024380718400752455
4096,637,5,2.7340698584139584,0.003344906891867838,330788,0.008142725794617202,0.0033741995673270964
4096,638,6,2.6879297596872695,0.005136077334154443,226316,0.005827793887125338,0.0023791936880337428
4096,639,6,2.7003854293311056,0.0035007146889105556,253985,0.006112186569197684,0.001822259372313062
4096,640,6,2.6645547841443578,0.0044078326982657234,253862,0.006176056712034513,0.002705347673785774
4096,641,6,2.712666156313854,0.002378478023221442,261361,0.006262875676450767,0.0017594464387263309
4096,642,6,2.693146741674881,0.004804041542101234,248279,0.006088722122213171,0.002107953125362161
4096,643,5,2.7050538150516616,0.004378836319639756,333763,0.008440874953972152,0.0043004821213352695
4096,644,5,2.692799286726886,0.005019005836617407,336053,0.008547903161223181,0.003825654302243464
4096,645,6,2.7318152053739233,0.002703702808107722,246885,0.006083466086127302,0.0012409439732909977
4096,646,6,2.7357662230696733,0.002803554523967078,234169,0.0058936422688583515,0.0008566184985842051
4096,647,6,2.6461454284470842,0.003915266381345983,247311,0.006126068586672324,0.0027358484013638162
4096,648,5,2.727246421953356,0.0035638718164789918,360048,0.008851909666602114,0.003942298229208663
4096,649,6,2.656660348554094,0.004335401641321401,241392,0.005913778369621633,0.0026669859744833657
4096,650,5,2.7088234208689967,0.004304131319230686,309069,0.008166660769839544,0.002261725622958788
4096,651,5,2.7123863778009563,0.0022083448301749575,350307,0.008687994245354273,0.002106121016006074
4096,652,6,2.6913857192049933,0.003333958242704216,238322,0.005943679372014344,0.0008882243343653062
4096,653,5,2.722952134758508,0.005738711979136557,348330,0.008697332673162013,0.0064173130191653716
4096,654,5,2.700518845805202,0.0024512545562626054,379565,0.009103229104699762,0.0021042206573098354
4096,655,6,2.688928800862768,0.005503991909803663,216141,0.0056167913374270875,0.0028757652161096603
4096,656,6,2.687212523975419,0.003956653035543711,269471,0.006426694846364118,0.0019192596043160481
4096,657,5,2.6918237446913955,0.002002278813122982,359131,0.008757181988477802,0.0020643893902327903
4096,658,6,2.709598135377844,0.006344135701499054,213311,0.005594657270295297,0.003978915696808416
4096,659,6,2.690733867851472,0.00363996610334294,224550,0.005700847404118944,0.0029568184848710044
4096,660,6,2.645870818822086,0.005699882423281233,231310,0.005861587620801325,0.0037060803104859985
4096,661,6,2.7026465570912412,0.003969812684783247,246324,0.006072277316736965,0.0019920840090014713
4096,662,6,2.699762722642279,0.0033278564454791715,260004,0.00617645895515164,0.001565788631363807
4096,663,6,2.689525520224849,0.003757008367725634,223470,0.005669460339528294,0.0012713109469211226
4096,664,5,2.664657255024432,0.004204375811848071,354444,0.0087531751016319,0.002540429533400057
4096,665,6,2.6607331001874432,0.004751108039167562,228336,0.005833590902525002,0.0023222639686690805
4096,666,6,2.689946340156433,0.004341184123138664,240686,0.0060354172464945335,0.0018554867023341526
4096,667,6,2.690782583414833,0.004525191503153225,246298,0.0061341051294037715,0.001997502048412092
4096,668,6,2.7223721766443227,0.0037160838310074107,255424,0.006197627657495759,0.002740240557780216
4096,669,6,2.700934988211283,0.0029513193858445863,236113,0.0059529447767827865,0.0009112436950990954
4096,670,5,2.7072462616079056,0.004344442048164976,335331,0.008548463586949913,0.002319585478511188
4096,671,5,2.7286985404155835,0.005151561634595403,351935,0.008662950132609462,0.0038617828270168797
4096,672,5,2.7106265284721776,0.0029905131716451705,373400,0.008921119599076188,0.0011985743476689015
4096,673,5,2.724414472460033,0.004446379921611343,369033,0.008880817239354357,0.004393275604897218
4096,674,5,2.6854256302694077,0.004504660862467258,360876,0.008743672832985275,0.002772377995957198
4096,675,5,2.7100591724609426,0.003368983652727753,344741,0.008612944457962075,0.002617745962961937
4096,676,5,2.761246265395706,0.003811650433952929,329339,0.008394315114176694,0.003081154313520851
4096,677,5,2.7019163062347666,0.0030605493514107573,334600,0.008490188034828244,0.0010866123601441235
4096,678,5,2.6999043924254247,0.0036523596555319005,373761,0.00903472655715184,0.0036224764488297367
4096,679,6,2.6846933570222387,0.004865739218857912,226567,0.00579949490458339,0.004020395100132634
4096,680,6,2.7014513535065596,0.0032324533929819488,253835,0.006186779490685233,0.001738503221928256
4096,681,6,2.692596798399885,0.0029878990816453177,235443,0.005947630747879017,0.0006710265283537131
4096,682,5,2.680230911620728,0.004423712248382061,371377,0.008856268056584326,0.001997566862725675
4096,683,6,2.699428585233051,0.0038278544171670426,229758,0.005829478357619486,0.0018691378312464257
4096,684,5,2.7396423806582924,0.001958000194341447,376666,0.008892561339599845,0.002838247641853281
4096,685,5,2.7206504155670306,0.004255198052448672,368102,0.008889049448467785,0.003876456338627321
4096,686,5,2.7033930709607,0.003931367079478165,366799,0.00891508405467003,0.0018010294299828367
4096,687,6,2.715217003189413,0.004433193257749268,239628,0.005945529877225508,0.00397590721019736
4096,688,6,2.6902696905822103,0.003365145661214375,226279,0.0056698454073285005,0.001840841982088559
4096,689,6,2.664595309655565,0.004215219771305234,246780,0.006116335436212964,0.0027475068519765555
4096,690,6,2.6993875737062885,0.003794880696118219,236498,0.005861699697107429,0.0026728607092751933
4096,691,5,2.719113572124535,0.0027763910722662377,339124,0.008474968075547682,0.0029393599480942445
4096,692,6,2.70208642343851,0.004163109986280555,234310,0.005856284611183166,0.0017917132741450126
4096,693,6,2.686458834532556,0.003787427765796325,230172,0.0059407187136072195,0.0016389278842654509
4096,694,6,2.674292021822896,0.0031955761589561593,225098,0.005798979164502657,0.0014645610504676887
4096,695,6,2.68401430791232,0.004729274119156135,246036,0.006064546169030898,0.003295740758475163
4096,696,6,2.708899743979548,0.0037595939696143388,260166,0.006179123764595634,0.0013502809066796573
4096,697,6,2.7095037733310914,0.002821087750347284,250056,0.006226141477945198,0.0016566822318508367
4096,698,5,2.716686862015366,0.0026576705057995698,356297,0.00879747112674307,0.0013568504990040253
4096,699,5,2.7062304806980424,0.0023193352544758072,363376,0.008751987481470946,0.0015505506344241915
4096,700,6,2.6806980602878827,0.0037593385917281674,247502,0.006145686200173041,0.0014202937484230072
4096,701,5,2.691453359032633,0.003867456464122232,345036,0.008683352533704,0.0028739284861920567
4096,702,6,2.6705365768598113,0.004472693446341158,242304,0.006001079582091023,0.003952821338683521
4096,703,5,2.6849301932440373,0.005974772327714817,341193,0.008570065313174747,0.0048688224833725036
4096,704,6,2.69387551243582,0.0032581343865119017,244154,0.005966411620087223,0.0019203431590049114
4096,705,5,2.71769814298428,0.0017320155713532737,367754,0.008984771228835078,0.001210083651009941
4096,706,6,2.6863512196564723,0.0032133931345287303,253448,0.006147357332220389,0.0011802262350625314
4096,707,5,2.6882265944846813,0.002676755069571657,387298,0.009164059758590967,0.002433336145867715
4096,708,6,2.708316498086219,0.003274910762963379,229698,0.005912811248061684,0.0015392684670798018
4096,709,6,2.6704557425169817,0.0051783833831706705,246411,0.006090090663660247,0.0038052220827456407
4096,710,6,2.687292207017701,0.0036623287055003173,247324,0.00606744494315763,0.002004113767453991
4096,711,6,2.7396451936726014,0.0033834045141979407,228798,0.0059027619310940945,0.0015984021448956498
4096,712,5,2.6831309727684425,0.00420369682807209,347488,0.008725286091923398,0.002455553059935056
4096,713,6,2.623941520072561,0.004875277541331879,228614,0.005846788435075289,0.0035342176399649206
4096,714,6,2.689478926196968,0.004822548467757426,233272,0.005919968157762411,0.004932407529914085
4096,715,5,2.7076435538040355,0.003498689137029831,341266,0.008519496299566446,0.001323207629217782
4096,716,5,2.692315255742171,0.0034487452121172435,355348,0.008675150467163205,0.001665454813254641
4096,717,6,2.698290893692227,0.003963332271423647,240525,0.006011148834820553,0.002427464888462738
4096,718,5,2.7134159971089487,0.003865063268924329,344521,0.008561407205780448,0.0038568349140084557
4096,719,6,2.68620272692687,0.0036455706640627916,246172,0.0059578853510035305,0.001305181196795735
4096,720,6,2.6857855676598454,0.003263696942054417,239244,0.0059235292195155284,0.0011852783762120178
4096,721,6,2.696072991420142,0.005287797575116326,246417,0.006017249071285563,0.005314272335156023
4096,722,5,2.730833254909172,0.004528773151219689,344135,0.008650169823695245,0.0028948213451509552
4096,723,6,2.6848915136322447,0.005972360923841347,235352,0.005814893224544487,0.0030749520168276145
4096,724,6,2.681532680567378,0.003922479381362587,234693,0.005897524898059862,0.002664861995210821
4096,725,7,2.677691362636384,0.005402155299049416,174236,0.004412634901668844,0.005763521514137782
4096,726,5,2.6871077767984324,0.004860647669854057,337709,0.008609427625221641,0.0034755750593888912
4096,727,6,2.729504134123299,0.002569013454992053,246243,0.006011361539956135,0.0013950012440600845
4096,728,5,2.734833271470334,0.0025545732529277387,330508,0.008529368576192515,0.00177464999270327
4096,729,5,2.7142755662596447,0.0029423431489422613,341178,0.008458496955600069,0.0019096784300632885
4096,730,6,2.6747671433395928,0.0037588212989313474,260553,0.0062835678958643795,0.0020658523286507524
4096,731,5,2.72605971253129,0.0027447119015353016,355367,0.008660140626060076,0.0020808607505508614
4096,732,5,2.695949068389513,0.004816447211010599,346336,0.008560247559464612,0.002757741312999218
4096,733,5,2.687702247093206,0.0025528436409387734,364121,0.00888845936853543,0.002456014217700808
4096,734,6,2.7065090257700177,0.003414557126968032,239875,0.005990698440140754,0.0022869448107456503
4096,735,6,2.698119094140331,0.0036164873482444904,248065,0.006001602249856283,0.002638040519516216
4096,736,5,2.7216147510528814,0.0024901935520356133,363539,0.00870905917610454,0.0028102711167338756
4096,737,5,2.7130825524999325,0.002564610012141255,347502,0.008538014362651093,0.0024399480502639848
4096,738,6,2.6604275331338756,0.003462538688548844,257276,0.006210064540248098,0.0006611064789446841
4096,739,6,2.7183589169507365,0.0033624797797630057,251060,0.005959360277177428,0.0018746463114490686
4096,740,5,2.700301041966812,0.0030563480981876667,350975,0.008591413966453207,0.0020014407202571527
4096,741,5,2.706843061284268,0.0035555125629314066,345031,0.008530359094862371,0.0014987056377167018
4096,742,5,2.7274295879358665,0.004501674902841368,374457,0.008870883126635394,0.007035894103489704
4096,743,6,2.6876545344967644,0.00410711376714179,250708,0.006145547261660203,0.002858402097813295
4096,744,6,2.7016488605008564,0.002948291673585568,249554,0.00612776540908176,0.0015000269360191387
4096,745,6,2.728508145815271,0.0036004252785026836,238112,0.005969572109799693,0.0018026564979175541
4096,746,6,2.692332553670008,0.0036400226714156103,253323,0.006154379214595647,0.0027133584582386128
4096,747,5,2.726133444673786,0.002823172474688551,368476,0.008935756528838013,0.0019916086841728076
4096,748,6,2.7163934543896264,0.004285697636403962,243532,0.005931370758165828,0.004014822700798892
4096,749,6,2.684832871036158,0.004602923321083363,228492,0.005790498951186083,0.003466140758214664
4096,750,6,2.7253328865753845,0.003117809494457835,226471,0.005786425453823075,0.0016695083607539685
4096,751,6,2.690319697190286,0.0041891169532639605,229937,0.0058411417348137856,0.0028671664869565905
4096,752,6,2.6739590258461527,0.004519773190001852,219797,0.005697896908135842,0.0020298543936022595
4096,753,6,2.721730854640465,0.0029928572412044607,240697,0.005940764630611017,0.0015926379214054043
4096,754,5,2.6738399749320076,0.006505100960952692,329468,0.008341920607028742,0.005256894492846165
4096,755,6,2.6644573452865217,0.003510379945608544,251901,0.006258159300551739,0.0013187952101304523
4096,756,6,2.6615273591823274,0.0043269857213639185,238772,0.006060337634401779,0.002582588137664543
4096,757,5,2.6928573592686744,0.004895722294373905,326815,0.008376467512562203,0.002460490666162718
4096,758,6,2.6756052445507144,0.004483252588955433,235379,0.005920248099139048,0.002869376053003858
4096,759,5,2.7246446859168376,0.00435134056387132,357105,0.008783545862159244,0.00382531076691206
4096,760,6,2.6924521401146966,0.003946558920916221,233997,0.005993341312434096,0.0012090665539224998
4096,761,6,2.642100284251925,0.0049739511441292406,251854,0.006133184447582245,0.0025422023713108644
4096,762,6,2.6872271056378105,0.004164440465850738,261768,0.0062839853509068615,0.0012670315588370062
4096,763,6,2.6796478311973315,0.0040315746616509385,237374,0.005879209627802048,0.002665061421726622
4096,764,5,2.7310560189732627,0.002708964350023324,338226,0.008426772294025603,0.0018678008584463168
4096,765,6,2.6609529694134526,0.006664449496995295,230748,0.005909402731297116,0.00400197963336224
4096,766,6,2.674284488056307,0.004303356801983016,226904,0.005777409134592469,0.0019501068152989465
4096,767,10,2.801304963335001,0.004166646867391988,91600,0.002369951008248568,0.006083097925083658
4096,768,6,2.6877960905989746,0.004830560095483771,237471,0.0058886113120027155,0.0037168803981130205
4096,769,5,2.713171482258463,0.002212182111734351,370799,0.008823257865879456,0.002075416878998926
4096,770,9,2.7609346230019343,0.005090558434550196,129332,0.003115151568579689,0.007325928279290517
4096,771,6,2.716783588980845,0.003391334722611661,223359,0.0057787264608851995,0.001583358507051713
4096,772,6,2.692036947876793,0.0032674810226087647,241828,0.006069313270209075,0.0009562499265821645
4096,773,6,2.6625418502231817,0.006046499639403735,237743,0.005977484071641608,0.0033840297757706805
4096,774,6,2.720530311960134,0.004126713340845467,227203,0.005773560784907258,0.0012611697078225292
4096,775,6,2.682173965520153,0.004967644227753976,245391,0.005961279993516688,0.003872932064734269
4096,776,5,2.7022254283689415,0.003877874411240545,359808,0.008763512448757851,0.002641324027628733
4096,777,5,2.7265907277285724,0.005675476067945717,333281,0.00847271786930699,0.005407691625999411
4096,778,6,2.6728287739313856,0.005614272030267209,243257,0.006009030454470954,0.0031285746094626976
4096,779,6,2.6779957727504002,0.0037273790460791156,236638,0.005884815500870321,0.0010896432790462873
4096,780,6,2.6459051377265514,0.003566147394670205,234467,0.005910938535032522,0.0013635509678362467
4096,781,5,2.718964679364375,0.004331131636152397,326122,0.008374538108999189,0.0036532857091295945
4096,782,6,2.642267198867101,0.0035806358957743978,256131,0.006214487869531058,0.0014729259883893286
4096,783,6,2.7431287360568817,0.0034438953766462443,228036,0.005740268338841568,0.0029566505844798585
4096,784,5,2.7182782276667274,0.002289000741400815,344007,0.008531985875783212,0.003389128507327227
4096,785,6,2.699428113819341,0.0049983859078426285,239860,0.005867584618552326,0.004895208858488709
4096,786,5,2.721271799891489,0.0032053564085652297,369020,0.008821672714125475,0.0035899287897126486
4096,787,6,2.677760155504179,0.004259451106505385,249355,0.006243732292356558,0.0020090636319185506
4096,788,6,2.6672689215080188,0.004148174402201832,248817,0.006027802648301795,0.003683596047940718
4096,789,6,2.7121766375055687,0.004269470993224722,229104,0.00580585008629304,0.0015525868262609155
4096,790,6,2.69847975035455,0.0058417938253245705,241429,0.00600795039552027,0.0031918943293598456
4096,791,6,2.6792258463618643,0.004196250214279829,243023,0.0061013052720607025,0.0017105527934753173
4096,792,6,2.7203678335918173,0.00434362376684283,225228,0.005708651493426451,0.003825632365327236
4096,793,6,2.71315699648851,0.004798959730304753,225609,0.005692327585935011,0.002376734195000507
4096,794,5,2.719948891011519,0.003630017604345448,384797,0.009162976960124403,0.003683837613439156
4096,795,6,2.69993285696859,0.005533792900082046,233892,0.0059206328099684485,0.004994156449087406
4096,796,5,2.702508617813004,0.003556511303567822,363476,0.008734076289059969,0.003453759258985001
4096,797,6,2.6536543961923567,0.003867639571810355,239915,0.0060969540083848075,0.0014225304060508925
4096,798,6,2.645735739237128,0.0050086193164583515,240333,0.006045911981344621,0.0027434006716824944
4096,799,6,2.675690855536275,0.00542208539467115,243619,0.006089285001478586,0.0025954573228677003
4096,800,5,2.707994302252038,0.0040916222908984334,344056,0.008633415727212006,0.0023853713473791505
4096,801,6,2.7178687943524493,0.004733928126607112,233727,0.0058898787938962,0.0019073000548036623
4096,802,6,2.7155098638140838,0.0033057320711682436,252992,0.006085273444395571,0.002731114471666518
4096,803,6,2.6822894010456757,0.004240945986256239,239560,0.006096869317668041,0.0017794491916354183
4096,804,6,2.6972243718678266,0.004088280586758253,249211,0.006024799950778687,0.001261652514954803
4096,805,6,2.689094095339842,0.003815619538070969,247101,0.006017293353503888,0.0023456187602480805
4096,806,6,2.68015050072529,0.004430629006763165,239292,0.006101259614394641,0.0028431165494728905
4096,807,6,2.681727055334408,0.005303148994281082,233202,0.005740424041881105,0.00423034810167211
4096,808,5,2.726299606706669,0.004177817329038991,350101,0.008698387540704785,0.002928926660008102
4096,809,5,2.7088520903014643,0.004186111761470324,340481,0.00854399063215207,0.0032221646754776456
4096,810,5,2.66827137949363,0.005218668022429762,333099,0.008511789720190491,0.003059636907404295
4096,811,6,2.6720599675278485,0.003705475625463417,253285,0.006168162142897238,0.0008788475536599671
4096,812,5,2.694388595528911,0.002927368003248665,356692,0.008609662966737715,0.001774226267206469
4096,813,6,2.7063021736721975,0.003443882290242395,243997,0.0060011913003103394,0.0025234098165638486
4096,814,6,2.7294292550637516,0.002648216294949046,246222,0.006019959590658787,0.0010538007753040368
4096,815,6,2.6937006612842755,0.002859781177400711,249840,0.00616074514439382,0.001064645498316863
4096,816,5,2.695466646502001,0.005772461000650209,339271,0.008552823734402871,0.005221878428862903
4096,817,6,2.7034059614673986,0.003528238982796972,233049,0.00587498458140801,0.0014945275601808694
4096,818,5,2.7502242655243383,0.0035273953824805915,345114,0.00851397746702349,0.003245567809796457
4096,819,6,2.7113615080681743,0.003828376944348233,236970,0.005855213374802716,0.0018008269676541566
4096,820,6,2.662692649347721,0.003598266368500025,260713,0.006409562994331643,0.0011850666955363631
4096,821,6,2.735640279987577,0.00554657683474169,210001,0.005557797631018567,0.005212346939394763
4096,822,5,2.7402246956202365,0.004165672930250053,361369,0.008786384380543476,0.002558936613608953
4096,823,5,2.7395848101384805,0.002668450119057364,379990,0.009026962178860043,0.0035885939299901692
4096,824,5,2.7539063059702955,0.004962326406089512,346132,0.008478265571408357,0.005822496387054121
4096,825,6,2.6917348404590875,0.0036083069142816004,249042,0.00614225747705446,0.0011344603015591703
4096,826,6,2.6805753885231236,0.004333311159767317,252715,0.00606369709669324,0.0034297901727695645
4096,827,6,2.688972988065936,0.0029691618349777515,244941,0.0060725726239557526,0.0011573555181459971
4096,828,6,2.7063176833979434,0.004563146886958358,246583,0.006014772871299282,0.0023689646426888755
4096,829,6,2.7092766567814706,0.004523585676858177,236267,0.005944515706406486,0.003279471615996954
4096,830,6,2.6767132212859366,0.0041549656746024954,228986,0.005820590354265074,0.002912144634514724
4096,831,6,2.687640295224047,0.004069315426259101,226768,0.005874994446077337,0.0015646793897575728
4096,832,6,2.6764660413015204,0.005209701995392835,241562,0.005970783494721859,0.0036378529492242517
4096,833,5,2.717628221567554,0.0032549199254870986,359888,0.008793853568243996,0.00400619300460725
4096,834,5,2.7095272759082114,0.003973539885981148,385722,0.008969041342062237,0.0032347028205984563
4096,835,5,2.737951281011299,0.0028439289110412935,361381,0.008675132270915436,0.0009859833972578613
4096,836,5,2.702521782523536,0.0037743519547517312,334792,0.008341742756781135,0.0031784961654180988
4096,837,6,2.7256171824548883,0.003420071096901789,235478,0.005936599263792916,0.0013128332522469588
4096,838,5,2.735288141432721,0.00418371941958956,353046,0.008739465427293038,0.003904041310716422
4096,839,6,2.7001617792410153,0.004276712088450818,231883,0.005873811947738239,0.0023404447036904363
4096,840,5,2.716809188920543,0.004012231637074426,379857,0.009008598363104876,0.003989823844420037
4096,841,5,2.707771098283792,0.00501904200139891,355440,0.008631332533596242,0.002566343263499804
4096,842,6,2.6758553015845217,0.004017352309941269,241934,0.006076017296660777,0.0014487899239064017
4096,843,5,2.66712519267396,0.005405281568653497,353906,0.008664070264198253,0.0038317737236722715
4096,844,6,2.6616920311525987,0.004739460336862011,240500,0.005978865889936164,0.0020390592619494163
4096,845,5,2.704586738827593,0.0039434794776819215,345335,0.008689163557391142,0.0039016029302825217
4096,846,5,2.649111424300749,0.006714762315053302,346667,0.008622868242467791,0.006523421877172586
4096,847,5,2.693966322969771,0.004358392959890156,350219,0.008705992316172952,0.0019452771619414833
4096,848,6,2.7295916814051533,0.003516013903676951,239161,0.0059095257272088735,0.0025620948811326816
4096,849,5,2.7148851868148323,0.0025807409989955232,354259,0.008641832828972924,0.0023546307606416017
4096,850,6,2.678110498405989,0.002870878623137285,247935,0.006192773481566586,0.0009206693688972312
4096,851,6,2.725913481547521,0.0025275025095909953,258500,0.006146324172401611,0.0009218595190534362
4096,852,6,2.6630418248836207,0.005195917894161628,239061,0.00589603251155309,0.0049096076018187995
4096,853,6,2.6772102509433973,0.004631554386760772,225731,0.005815738995180376,0.0019816548907960474
4096,854,6,2.676294220968866,0.00415402603754933,235815,0.005953670814303564,0.001875948709148867
4096,855,6,2.6808711100991167,0.003095562153149767,252080,0.006164561110051404,0.0007931577353799124
4096,856,6,2.7132608583144315,0.003978523032245773,233922,0.005889761734334688,0.0015758778023930997
4096,857,5,2.7091978423571494,0.0030023394917253476,378667,0.008989572540266978,0.0005849621557590945
4096,858,6,2.7151627101817937,0.0033146808227548785,234827,0.005869157822702831,0.0012496314973013678
4096,859,6,2.707476616480735,0.0025047798506344643,236440,0.005896230679177495,0.0023625617132283505
4096,860,5,2.6903796254653396,0.002324022037072715,352633,0.00861905098855003,0.0026659234968934298
4096,861,5,2.7280484875006903,0.0038088848955870613,334494,0.008341311960039986,0.0025952663342456717
4096,862,5,2.6927573223934087,0.004618379973860609,335374,0.00838829606417599,0.002464913497297494
4096,863,5,2.6921027866560516,0.005270088332214207,345295,0.008679887401653541,0.002562630739018301
4096,864,6,2.69770663961804,0.003838766732261356,233068,0.005749417338286783,0.002118189067990439
4096,865,5,2.6766960548532492,0.005416212484780303,365256,0.008884723644268174,0.006143942971462146
4096,866,6,2.729251232249073,0.003884876548222893,224429,0.005678083968162209,0.0011307710444836694
4096,867,6,2.781512888819045,0.002611810987390051,210518,0.005527826880639608,0.0016800059633562958
4096,868,5,2.668911244809675,0.004262233841697549,364127,0.008878250732468425,0.0028590247427219273
4096,869,5,2.716025275710165,0.004967973070263143,339184,0.008429362893759843,0.004639059009277857
4096,870,5,2.6775739211002993,0.0041146863843635195,365195,0.008967064053165498,0.0023982441093510776
4096,871,6,2.681975952651162,0.004766186083757451,240604,0.006034008470644034,0.0024398553144151514
4096,872,6,2.686865011666068,0.006495121432127937,217352,0.005613821066711236,0.006899165230426996
4096,873,5,2.709513481620236,0.0019383672257222706,366871,0.008902270122437607,0.001128022322939154
4096,874,5,2.7219955387631356,0.0028168236005085,346484,0.008583359266267009,0.002449371069781159
4096,875,5,2.724949445704674,0.002033941993756505,366859,0.008792755838530663,0.0020224023088869503
4096,876,6,2.688135112716446,0.005068782088851864,250502,0.006098697513640523,0.00507012330325618
4096,877,6,2.670699672010737,0.005805276582976249,244872,0.006026873428717316,0.005666449005819363
4096,878,5,2.7156621104744327,0.0026834371287739467,357178,0.008848944295809194,0.0015103015737682468
4096,879,6,2.687311003394981,0.00361629772610772,256634,0.006199350246331134,0.0017569407348568822
4096,880,5,2.7461705056005625,0.0024324192005368284,345300,0.008415384346176303,0.0016155586983936931
4096,881,6,2.658299260083146,0.004295541740926834,237850,0.00604819397266257,0.0017105268974277887
4096,882,5,2.7237102430413507,0.003875612155106234,340527,0.008547545106249485,0.0021202284034722574
4096,883,5,2.6803632206795993,0.0038169931322332706,359825,0.008829603510375032,0.00224602599079482
4096,884,6,2.6587266287797062,0.004673962403559662,246290,0.006085268124019489,0.0018171867159213484
4096,885,6,2.7049201405295924,0.002863951845974988,259770,0.006295726387639098,0.0027433227027361395
4096,886,6,2.6806146072377564,0.004893384255023947,230387,0.005919954360332238,0.0032939647741666578
4096,887,6,2.653698310106278,0.0038167664353947472,252591,0.006187055459473698,0.0013136735849980097
4096,888,5,2.7123621756664145,0.003468712499741955,341754,0.008658294470481376,0.001966468401629007
4096,889,6,2.741197581015203,0.0038968049093467405,233028,0.005844394757731293,0.0020644651800499902
4096,890,5,2.73068286369247,0.005731030190443354,352839,0.00859055316950044,0.006613010040206091
4096,891,6,2.6691314063432565,0.005054008369207885,255037,0.006268778258409974,0.002561910242639631
4096,892,5,2.715000032795157,0.004807071772180649,341597,0.008432546845788766,0.0035627043729079544
4096,893,6,2.6666375226671826,0.005172342544049968,234723,0.005907231527220546,0.0028339254581857265
4096,894,5,2.6855139518917355,0.005458369808340857,345311,0.008456121133051811,0.004304109651214749
4096,895,5,2.7063209475937846,0.004539888223573263,330166,0.008395366145202766,0.0024482913628630643
4096,896,6,2.7232587298570157,0.0042951135140212315,232445,0.005812161599021186,0.004321588274060928
4096,897,5,2.706837883419325,0.005417268696972732,333171,0.008501493581145374,0.003772042708603318
4096,898,6,2.7388548082289303,0.0041283656831886395,246357,0.00600142992459607,0.0040074935342564455
4096,899,5,2.6532894097054562,0.005915671199130057,364907,0.00910319507286358,0.005225903684666688
4096,900,5,2.7091082191134297,0.003419486536385574,346042,0.008477753485728344,0.002079877742178493
4096,901,5,2.688465048086883,0.00370322555640501,340324,0.008591907397938659,0.0020664419110531518
4096,902,5,2.696750311926875,0.00459161389745133,355604,0.008713225230932788,0.0028067920737200325
4096,903,6,2.6547039419830583,0.005814368860438512,248255,0.006124724763003213,0.0036505163807778462
4096,904,5,2.6643880697409443,0.006512054809137746,330380,0.008340009447197577,0.005922061224276187
4096,905,6,2.6781350228007925,0.00477075509325553,257779,0.00630742521501496,0.0033477479276959876
4096,906,6,2.7259784997608363,0.004186912850665636,242058,0.005974072616654566,0.0014204617709623335
4096,907,6,2.697798975100466,0.0031895382587276977,262104,0.006152141859794851,0.0020820762030587803
4096,908,5,2.7376779894745242,0.00272386724739071,327962,0.008407698601378792,0.0018745014389803805
4096,909,5,2.7224094746034866,0.0026535432966398043,357057,0.008750430222072522,0.003257398486587182
4096,910,5,2.677669506972695,0.005433118825077576,329917,0.008479732914771226,0.005141384260543891
4096,911,5,2.724308255599373,0.004871110120858502,323157,0.008290554034834042,0.0031982268465674535
4096,912,6,2.706519142916562,0.003090347782445768,250662,0.005991599827811601,0.002373883423028189
4096,913,5,2.719536485217539,0.004586397999142622,336837,0.008525481505179521,0.002466889590892807
4096,914,6,2.697277908410011,0.002744941951894897,245246,0.006117137473190163,0.001151521477620987
4096,915,5,2.6865181376826346,0.002183074458773415,368442,0.008861289370250361,0.0021698314087491566
4096,916,6,2.70040215983209,0.004820657225836911,242542,0.006108821714120634,0.004735149717995046
4096,917,6,2.679695875711052,0.004104906599958658,235051,0.006009862217367648,0.0017435344522295226
4096,918,6,2.6666013800750847,0.004855884596626336,244683,0.005989102698365116,0.00408183459741146
4096,919,6,2.712508639826216,0.002955213569838855,237229,0.005911582998671153,0.001449957263958912
4096,920,6,2.7105076743376135,0.004484742411567044,229162,0.005764414684086873,0.0037571321591087226
4096,921,6,2.6589062502163987,0.005156725232105863,246820,0.0061330837426839145,0.0036076219585944314
4096,922,6,2.6963071543904062,0.0034675651510318595,244987,0.00599583000934616,0.0015136919104487
4096,923,6,2.6972102088946963,0.004269470435813827,226760,0.005824307040124713,0.0014605344818937605
4096,924,5,2.6833281126307553,0.003977790447018292,340151,0.008500685638321893,0.0024253018190373288
4096,925,6,2.6905009925199344,0.0030718528528255185,236139,0.005909457882897092,0.001352890313202848
4096,926,5,2.708456300558641,0.0037530418717555136,368204,0.008842480273882404,0.0027915530949294
4096,927,6,2.7301443055061725,0.002260574768357504,260377,0.006260196558684285,0.001652314970590485
4096,928,6,2.6713097900414597,0.004055653499434264,226696,0.005834495577466971,0.0021724401502383195
4096,929,5,2.6691295730125244,0.0049248506318732566,355219,0.008684596742956557,0.002981614467040705
4096,930,6,2.6893859843208956,0.0038006315982307415,240532,0.0061006842180164975,0.0025074578904065725
4096,931,5,2.6972601933146,0.003101192634442307,361848,0.008865893438550848,0.0020118728772173244
4096,932,5,2.6844001129549326,0.004716653492380818,346720,0.008591344374172276,0.004236581215285806
4096,933,5,2.7403113289171426,0.003792439098078193,361907,0.00868692878217159,0.0034947962699060087
4096,934,6,2.691858742466267,0.004501792959996198,241902,0.006028906060176858,0.0018336740825228848
4096,935,5,2.7185011098877663,0.0028810336319414764,348163,0.0085907738607823,0.0026493337169382902
4096,936,5,2.6995859320260007,0.003017220846232793,352722,0.008643501192138194,0.000835616172683129
4096,937,6,2.747953222044784,0.006841058203580774,218982,0.005583998179109964,0.006867532963620471
4096,938,6,2.6850660297076256,0.003803181645242293,232891,0.00590604246743043,0.0023794754757390235
4096,939,5,2.746543515800688,0.003456357401492194,352009,0.00860174153444108,0.0037408245492552283
4096,940,6,2.683846803088026,0.0052295382706204485,216499,0.005627109119766618,0.0024029101988169987
4096,941,6,2.699757858036797,0.0029197410367841625,257546,0.006256176111359964,0.0013488316524327137
4096,942,6,2.686430534554999,0.003537459799155873,236530,0.005889149098998531,0.001406006192799597
4096,943,5,2.7105367778265745,0.004018860741331065,344455,0.008633566719896823,0.003937885380546513
4096,944,5,2.7411688360139044,0.0037035298346409506,346220,0.0084074356680128,0.0022508873367406146
4096,945,6,2.641086106413389,0.0058872836703668385,226227,0.005692935547807175,0.005313576096444256
4096,946,6,2.71286899977765,0.003867732398373458,237148,0.005956134700949411,0.0014710288909931535
4096,947,5,2.7455658941272043,0.0022437281112483443,358779,0.008760023067457663,0.002995090974231368
4096,948,5,2.715555862036849,0.005071249977746661,328577,0.008437318927430255,0.0039744297370617465
4096,949,6,2.6910201356707812,0.003886653761743797,252392,0.006128160257538514,0.0025429425218401747
4096,950,6,2.696677950600273,0.003976661954249949,238556,0.006015887191548848,0.001443679891996008
4096,951,6,2.662298543843498,0.0038253347305936547,240133,0.005935323846309733,0.00304745082715846
4096,952,6,2.6828402773805666,0.004189032473206233,237966,0.005947651191899641,0.0015875445771850183
4096,953,6,2.7104017543313135,0.0029936929836790194,256091,0.006151723011399464,0.0007293319979810864
4096,954,5,2.6965418075017213,0.005202689294282414,360812,0.008739481240872052,0.0025543856797543008
4096,955,5,2.713623030774006,0.004657960279548401,338135,0.008524922328751572,0.0045773465593951235
4096,956,5,2.6912844683879875,0.003787985899367019,367548,0.008857854911571714,0.0027080994671483394
4096,957,6,2.652849709227254,0.0050240017323696096,231487,0.005830639061586668,0.0024646057259990473
4096,958,6,2.6665210952391942,0.00466335236511195,244373,0.006075286838547499,0.0021682051708329375
4096,959,5,2.710879752805512,0.0037361869100501766,361397,0.008759946342338152,0.0029372986995920836
4096,960,6,2.679486147493507,0.0038261821613153613,242968,0.006001729862131001,0.0018189089922664436
4096,961,6,2.7141879018122244,0.0028437844026226733,245784,0.006023553234215333,0.0013244650371025957
4096,962,6,2.7340493777704946,0.0033040981225932464,258539,0.006164235721342947,0.0029321195850173787
4096,963,6,2.6702340771021036,0.004560077431700282,227628,0.005823788117965814,0.002333264360463383
4096,964,5,2.643104873638419,0.004021079369334157,363105,0.008882335745710864,0.0021842027841962874
4096,965,5,2.689709652131746,0.005364643105627898,353214,0.008735027267933225,0.004906614760704531
4096,966,6,2.707067775530679,0.003309952013140771,239297,0.006136610719462388,0.002281218699445642
4096,967,6,2.677661298487215,0.005700973484275229,238229,0.005893162742340112,0.004327282231697538
4096,968,5,2.7565833046721835,0.003208515599288364,345097,0.008384175951151243,0.0033423057838996018
4096,969,6,2.6702980490251313,0.00540378659618912,240132,0.0059428091852944944,0.0038308848248763128
4096,970,5,2.7163053157481025,0.0048455913707861065,348752,0.008793967758511037,0.0051067811179408285
4096,971,6,2.6586125274321897,0.0043070688866340134,252403,0.006261152700728768,0.0014922511847359488
4096,972,6,2.6924876918857823,0.003432557303153061,243193,0.006065003496081364,0.0009747215476149096
4096,973,5,2.716598399383834,0.004010778638527612,358502,0.008763624701980366,0.0015856559330904574
4096,974,6,2.7235998563161026,0.00297470259200161,237423,0.005933141818540217,0.0017747805559448215
4096,975,6,2.718147602102981,0.0053418202697188555,243731,0.00601396983226662,0.002727439384056368
4096,976,5,2.739389337663621,0.004157074200471345,355702,0.008564719309577227,0.0038094417618925736
4096,977,6,2.704891337639539,0.003566019280745847,235528,0.005905593301030026,0.001915894229551629
4096,978,6,2.6943969967971344,0.004420323714392493,236310,0.006028194686173552,0.0017752975770164436
4096,979,6,2.641153153047583,0.0065657456934805625,233027,0.005813991783511035,0.006178064273292538
4096,980,5,2.7055224891189242,0.004877613066104458,359530,0.008918208176622443,0.00494424985158104
4096,981,5,2.7086763206907767,0.0038607258207437045,339981,0.008417104085511861,0.0016967833377358188
4096,982,6,2.680597059902397,0.005229819510839007,227792,0.005763098334282119,0.003196873064379546
4096,983,6,2.7203733518398407,0.0027988630780035884,244080,0.006047248664138539,0.001469146675467714
4096,984,6,2.6841467230437868,0.003965272205254888,250479,0.006025984636420424,0.0014838910812007833
4096,985,6,2.7164515805346605,0.004627404881219488,230109,0.005837667883785077,0.004849232009967119
4096,986,6,2.7214497799637423,0.00297140880070057,243463,0.006078927557159904,0.0010832918364964694
4096,987,6,2.6811595828029824,0.0033800938068182518,235523,0.005987872779866563,0.0010272724736924421
4096,988,5,2.715964653223055,0.0023957329879632505,363557,0.008824434418772481,0.0015086627374573391
4096,989,5,2.7156824687234904,0.004188787802388294,331342,0.008529481389862032,0.0018272348633396884
4096,990,6,2.675993311532811,0.004876266487622183,241188,0.0061131008825125975,0.003140216514259886
4096,991,5,2.7350566535730807,0.0036102313270708897,331944,0.008256332531239571,0.0020292781656949255
4096,992,6,2.662816474765699,0.004751012616948658,231679,0.0058234364063571645,0.002340902652118726
4096,993,6,2.730623090078682,0.0032612066270827356,228329,0.005788964557021462,0.002411779900246991
4096,994,5,2.739082514375843,0.004009604177025561,346577,0.008515186772231524,0.004269992738525963
4096,995,6,2.700513785199385,0.004437242542769226,238119,0.0059801713241393545,0.00318950183461425
4096,996,5,2.695197634452782,0.003524372871204551,343649,0.008528958697358036,0.0032525642547039935
4096,997,6,2.748498769155011,0.002916194878387235,228697,0.005698111393883217,0.0009633092638170471
4096,998,6,2.7290781182184967,0.0028239056767900284,241863,0.006024714023928474,0.001363042638130807
8192,0,1,3.8684851387429573,0.00804246667789621,39138175,1.0,0.0017778901600234431
8192,1,1,3.8481234388734933,0.008268416049466598,39432106,1.0,0.0025270588804524596
8192,2,5,2.7623005626025776,0.00643468949620718,313923,0.007990815130445526,0.0034998810271207326
8192,3,1,3.838275025131931,0.00851972357799391,39936804,1.0,0.004316197164839997
8192,4,1,3.8647303953874714,0.008385551287538373,39456259,1.0,0.0037273041675374152
8192,5,1,3.845823104894003,0.00856679569707397,38418486,1.0,0.00446088987840676
8192,6,5,2.769266184917413,0.0062746239526741965,302390,0.007826135410129845,0.0018924456398903278
8192,7,1,3.8335159353556403,0.008590547649670488,39890258,1.0,0.0025582528488416467
8192,8,1,3.8540430257922025,0.00828182667672095,39010576,1.0,0.00384260236580225
8192,9,1,3.853942370499224,0.008112326157684535,39899851,1.0,0.001829860084581636
8192,10,8,2.7279166408162427,0.006288842115750981,130983,0.003346173492490506,0.001754117224514573
8192,11,5,2.7203528231747955,0.008201263242487822,349000,0.008568549005839626,0.001515809929618972
8192,12,1,3.8422722761239045,0.008353472252088823,39995417,1.0,0.003298448800765852
8192,13,8,2.749848463106408,0.006476676714042506,126480,0.0031429161346574566,0.0017726586057934535
8192,14,1,3.855377204960342,0.008250145099992334,40578779,1.0,0.002303565069131319
8192,15,8,2.6908426324390358,0.007665092327840406,124575,0.0032235205030653395,0.0016405717610162296
8192,16,1,3.8579946884776417,0.008322535233880046,39452738,1.0,0.0036614912915414743
8192,17,8,2.7242284283496807,0.004680168597343215,124341,0.0031858448165281755,0.003980331047018448
8192,18,1,3.873036111628586,0.008062563883062923,38353691,1.0,0.004159909606745615
8192,19,1,3.812100544902143,0.00883707816146162,41169507,1.0,0.002410827034275642
8192,20,7,2.6961535913590677,0.005927640438392362,176075,0.004297789416788451,0.004570955138560762
8192,21,8,2.7100560147024257,0.0075492980281202104,129054,0.0032548742532621756,0.0013649334118204237
8192,22,1,3.8381559967537053,0.008681622825666091,40678199,1.0,0.004738813272813225
8192,23,7,2.7080169943972954,0.006587902336956997,167825,0.004197368481933183,0.002153257795119573
8192,24,1,3.847383635081592,0.008482229052293011,41057618,1.0,0.0019162107638334147
8192,25,8,2.709308341879178,0.006415086604556919,128868,0.003214229728332639,0.003238283662770902
8192,26,8,2.671740774706398,0.007597099572373978,133584,0.003344872522557307,0.0015613301029011595
8192,27,8,2.7473741305506603,0.004766858529841045,123816,0.0031219644048755355,0.0036110621919527297
8192,28,1,3.8506505264632316,0.008254346822045289,39529710,1.0,0.0037963673589485047
8192,29,5,2.784243452920148,0.004676581537374158,319811,0.0080312209378933,0.004639952412709314
8192,30,7,2.7033909073618516,0.00698690436850391,167296,0.004243853007376997,0.004379602935071447
8192,31,1,3.8434694629025588,0.008495046526429184,40653679,1.0,0.0037030795214464396
8192,32,1,3.8640610582480863,0.008096758551127792,38767207,1.0,0.0038455272440470756
8192,33,1,3.846667663711273,0.00817472130438257,39483371,1.0,0.0029360238893062496
8192,34,8,2.6867571254606584,0.0060601022633146595,132432,0.0032192481245118206,0.0026076671856309908
8192,35,5,2.7367557022336877,0.005157662676859243,316146,0.00805431687038839,0.0036140922762411265
8192,36,8,2.6534462990990018,0.007738835919293141,134076,0.003266599451843971,0.002083040126700908
8192,37,1,3.864795131207466,0.008392159714116776,37246351,1.0,0.003931836079088535
8192,38,1,3.8499962620795647,0.008265847436097373,40321019,1.0,0.001639416457768439
8192,39,8,2.72514095106384,0.005366385570368948,121094,0.00307046664404061,0.002831161610378441
8192,40,8,2.6678404523820594,0.00751910199667416,125905,0.0031854622390213192,0.0011015644451176643
8192,41,5,2.720321645142416,0.00635711837005537,348711,0.008459189627434544,0.003638874270051079
8192,42,1,3.8656592635100195,0.008057229686516454,39278986,1.0,0.002973832832311285
8192,43,1,3.833241821796374,0.008586862870665457,40271201,1.0,0.0023463599201845042
8192,44,1,3.86287679340695,0.008391733852204042,40291381,1.0,0.0032102780262011077
8192,45,5,2.775256968277087,0.006019536288827454,308272,0.007968148909719678,0.003476415537413735
8192,46,1,3.858696112987637,0.00812543595939319,38870924,1.0,0.002500178239754902
8192,47,1,3.8830967647426293,0.008130413141898107,38155191,1.0,0.003822162381237948
8192,48,1,3.858559657208759,0.008233197844043971,40090497,1.0,0.0027149761369503755
8192,49,1,3.8982963412181824,0.007769880846013599,38929336,1.0,0.0022805424193423907
8192,50,8,2.6604672010937502,0.0070860139625588126,149135,0.0035451673118814917,0.0032838337282680707
8192,51,1,3.8677197755472155,0.008451886264429609,39772230,1.0,0.0022419873442351967
8192,52,9,2.7502453071464092,0.006850873040156302,89690,0.002356289647450046,0.0023278005377608824
8192,53,7,2.6733839681042415,0.008168520999072337,171478,0.0042971872967266745,0.0018212414867985471
8192,54,1,3.844076592088168,0.008218183328677853,39416158,1.0,0.0031749215971171862
8192,55,1,3.8370882714414485,0.008361789389723762,40693123,1.0,0.0012870273027290602
8192,56,8,2.7121074224472927,0.005380039111697821,122942,0.0031123170208112246,0.0041234125807395605
8192,57,1,3.8615626537015655,0.008293103762958887,38472364,1.0,0.0022679937562154473
8192,58,1,3.870824663828208,0.007842868053802854,39222117,1.0,0.00430368388435487
8192,59,1,3.8983932066618903,0.0079565217106502,38443055,1.0,0.002714118903250351
8192,60,7,2.7149553375274174,0.0075028865892525776,164789,0.004176592438494431,0.0022068890809471275
8192,61,8,2.680105061099263,0.0071600592963397824,116757,0.0030067482063343585,0.001242567805665007
8192,62,1,3.851636743811391,0.00836624102723782,40603613,1.0,0.0024728026690934435
8192,63,8,2.685091172194581,0.006906487627982627,116545,0.003167327453963346,0.002920883579373368
8192,64,8,2.678982015423457,0.007533134309154921,137415,0.003314840920201673,0.0007396273961439992
8192,65,8,2.715838206582228,0.0061467852554403235,128582,0.003227553328226425,0.0024344936550314555
8192,66,1,3.88189291476202,0.007852895200323506,38582560,1.0,0.003123917282862154
8192,67,8,2.7076810377755796,0.007292789376633246,133819,0.0033147624004548257,0.0021819315235195313
8192,68,8,2.714257759537829,0.007424853953084121,124069,0.003141766738538505,0.0015529190542882265
8192,69,8,2.6953189376593776,0.00812389632632532,128855,0.0032673076274536503,0.0014179920658969336
8192,70,8,2.719415351050132,0.006223776404340908,121622,0.003134584801276597,0.002578357769643158
8192,71,1,3.857306557535233,0.008254216749603804,40253640,1.0,0.003768386607105323
8192,72,7,2.682885236723599,0.007971833290877417,176671,0.004327009140060112,0.0019050320532194576
8192,73,8,2.7062902551214885,0.0067191290557439,124190,0.0031606501273307567,0.005250913292609072
8192,74,8,2.6800319930913403,0.008297175335619023,131107,0.0033039884596912502,0.0024966034754290156
8192,75,1,3.8550193584279606,0.008189579054818763,39808283,1.0,0.006071602575992374
8192,76,8,2.6756632664631606,0.005722204357297311,130746,0.003226313109509599,0.003774161900246209
8192,77,6,2.742491389701843,0.0051169105686328376,230053,0.005656151901434313,0.002871058296278317
8192,78,5,2.756624977542683,0.00735613050433126,318589,0.008124177624931202,0.004353149931292322
8192,79,1,3.856298129864074,0.008381616554502092,40047220,1.0,0.0028298475348708108
8192,80,8,2.6788339197746436,0.006836317717084928,127243,0.003190343906150539,0.002155805481976636
8192,81,1,3.8477471492116373,0.008484806097336373,39973807,1.0,0.0025029137420411463
8192,82,8,2.7140659226745436,0.006396463176074119,123415,0.003185020845543999,0.002966735443620916
8192,83,8,2.6859431913359075,0.005811203927941655,127437,0.0032271125568857184,0.0034654233981318283
8192,84,1,3.8772681988341184,0.008035400715200258,38382493,1.0,0.003365796699878909
8192,85,1,3.839694671509606,0.00839916935113516,39428869,1.0,0.0020089339736564793
8192,86,1,3.882095647909348,0.00794869862110259,38852834,1.0,0.002761220120663932
8192,87,1,3.851591849224891,0.008068268138693435,39755092,1.0,0.005534599220478165
8192,88,8,2.726084244324044,0.005659074798157193,132336,0.003277564346868229,0.0027286769082035534
8192,89,8,2.6804399883719903,0.006761393840973295,136754,0.0034049898186935173,0.001896963090740944
8192,90,8,2.7005789630003463,0.005712030254870659,136999,0.003302961217961615,0.00304562531626687
8192,91,8,2.6970750702727466,0.006165985739591817,130780,0.003247407722890788,0.004085619589627609
8192,92,8,2.668223899732587,0.007756321884628825,143175,0.0034388245659299106,0.0008991522512240002
8192,93,8,2.6895799775978673,0.008008499147330372,126364,0.003228412070097757,0.0016775315381498679
8192,94,7,2.68047541351371,0.007056379161790832,161556,0.004091900650062483,0.002023864602018255
8192,95,8,2.71881021018336,0.0074753576563267865,129523,0.0031536667161343253,0.003269085086553103
8192,96,1,3.8277173497592707,0.008617023909374466,40933364,1.0,0.0023732206470942208
8192,97,1,3.8173958410485116,0.008768489124062917,39542677,1.0,0.0048708136301394145
8192,98,5,2.704691431660117,0.006580361056301665,351912,0.008585858511926031,0.0025683959862431993
8192,99,7,2.6565510224587348,0.0070558775497802095,181207,0.004398039637427192,0.002079199155105127
8192,100,7,2.692740669404161,0.007302573968646642,172869,0.004241163567882624,0.0041474125818692364
8192,101,1,3.870895245948924,0.007961921444219477,39222072,1.0,0.004185084617690016
8192,102,7,2.7150823399924993,0.0069002630529660935,174152,0.004216110474915726,0.004400257999078283
8192,103,5,2.7516199330020363,0.006415674471108357,327802,0.008276514072714918,0.0019798549567138224
8192,104,8,2.701870643446294,0.0074848845833080935,132522,0.003329030260734849,0.001139035914869746
8192,105,8,2.689057334838023,0.007622419530288527,131495,0.0032972279413958764,0.001160327540291134
8192,106,8,2.6674387460111775,0.007755906744698393,129957,0.003253902005812991,0.002320618265429286
8192,107,1,3.880523287664463,0.007942494017858293,38918446,1.0,0.005818301796054248
8192,108,1,3.8542877527528985,0.008108291554955849,40239840,1.0,0.007244524582269318
8192,109,1,3.8444425505055886,0.008394594036029823,41002491,1.0,0.002670372688713507
8192,110,8,2.6905511760238348,0.00723269210015165,128771,0.0032210816241559485,0.0013870958790421772
8192,111,8,2.681015209137755,0.008254656223778745,134230,0.0033173568196495475,0.0016043076113585464
8192,112,1,3.8706965446372408,0.007856768311850448,38247242,1.0,0.005257798547710579
8192,113,8,2.705096118616717,0.006533407553259374,123620,0.0031200662942155884,0.0023169585880454813
8192,114,1,3.8463036477043495,0.008397014676024384,39898841,1.0,0.0038316178624441255
8192,115,7,2.732494004323782,0.005649562065418889,164191,0.004151091110396078,0.0029336618971723682
8192,116,1,3.873161576143524,0.00829179544055958,39607449,1.0,0.003974565222598425
8192,117,5,2.7298368971430804,0.007877883848944167,335774,0.008303626651116563,0.0036784087393481046
8192,118,4,2.806823016169637,0.006825640935021582,511364,0.012868840024678505,0.0030678851584496902
8192,119,1,3.8803879540719075,0.007826674708520276,38321609,1.0,0.0016213049970283944
8192,120,9,2.6877671090182926,0.007513314685576367,97748,0.0025002794487148303,0.00273484573570415
8192,121,8,2.6734158756046913,0.0071658154324745205,132542,0.003283971758962786,0.002031043776149155
8192,122,1,3.8318875949920463,0.008869248416688569,41350451,1.0,0.0034236304540730123
8192,123,7,2.7013355829737296,0.008197220704518338,157612,0.004057052643869483,0.0031439299412569233
8192,124,7,2.7367733525768276,0.006397923596664301,157193,0.004021050060081819,0.0024584658000417203
8192,125,8,2.748418747250636,0.0059002727915976605,118927,0.0030588293331051436,0.0027601417173734877
8192,126,8,2.7472978605929192,0.005425523007354438,120666,0.0031409634437991117,0.004629811835854092
8192,127,1,3.8717344915405216,0.008322626898580765,38640363,1.0,0.004886522398626636
8192,128,5,2.7385295202513595,0.007431253318624598,318643,0.008150047030372476,0.0028550234539409525
8192,129,5,2.7803691989297614,0.007121375586224832,311389,0.00805574732682804,0.003102483313468074
8192,130,8,2.670542227362534,0.007594439504380768,131180,0.0032893373389461526,0.0007978611982972783
8192,131,8,2.645544023411423,0.008034920757390651,138244,0.0034447193362568745,0.0028547203822688605
8192,132,1,3.8578838110621003,0.008249785968263312,38689427,1.0,0.004575814003991874
8192,133,1,3.853058721828559,0.008261790357963816,40579179,1.0,0.001981795040178813
8192,134,8,2.746405166580818,0.005839821040258764,120161,0.003147190293031203,0.0025903100113234823
8192,135,1,3.862420628700049,0.00819843862010361,39853880,1.0,0.0027735573032597882
8192,136,1,3.8225637166522146,0.008608588002610884,41052877,1.0,0.00172916785079269
8192,137,7,2.704257760128343,0.006527682476053953,157909,0.004078249792431757,0.0024298711900738734
8192,138,7,2.711081815258729,0.006439491748601034,163045,0.004203900560689387,0.0017205952152861137
8192,139,6,2.7144760462073028,0.006531410518784031,228729,0.005752244782285272,0.0030450651993851885
8192,140,1,3.875747031100042,0.0078118104585355175,39252652,1.0,0.002146413438786632
8192,141,8,2.672892676281106,0.007139854376381316,125314,0.0032544346197007695,0.0016031322561284589
8192,142,8,2.689546020695129,0.007247617423667974,122102,0.0031595998495734237,0.0018443585821191766
8192,143,5,2.8161106115792607,0.004962285202106287,313066,0.008133281208173092,0.0030703990725190478
8192,144,9,2.8051109282199693,0.004985170753679213,90054,0.002321358337208966,0.004316891982422244
8192,145,5,2.7433794974871093,0.008233374932567594,314934,0.00816313835025725,0.002853886117661686
8192,146,1,3.8679796971862146,0.007889347268620561,39498725,1.0,0.0026762977171280733
8192,147,8,2.69343990670906,0.0061106259274832375,128131,0.003201517046989498,0.005143939113425922
8192,148,7,2.685596049904587,0.006693662209171003,166348,0.004205913056423577,0.003321536648426049
8192,149,7,2.673415715435659,0.007484534892524541,180757,0.004319468984211596,0.002402579575434549
8192,150,5,2.7381529571913217,0.00632440912906429,321393,0.00804216085808072,0.003194805003470025
8192,151,8,2.6894531751196156,0.0072114848532824904,119061,0.003040286185919727,0.0015967932642432237
8192,152,1,3.865213420400373,0.008104877663432708,39712666,1.0,0.004742312508455804
8192,153,8,2.6621272972078587,0.008175382106659357,138788,0.0033819013596833192,0.0016224336871654144
8192,154,1,3.8382812434837192,0.00861240772011762,40106385,1.0,0.004237981039617256
8192,155,8,2.696295993678403,0.006646454507616251,128825,0.0031998631678151067,0.0018081279826356322
8192,156,1,3.8435854730840924,0.008661126550245757,40802029,1.0,0.0020983466602313428
8192,157,1,3.841720656443615,0.008412727201195236,40783556,1.0,0.0038491429226983342
8192,158,8,2.6556413955385243,0.008359410686139435,140308,0.0033728437567173575,0.0011489026288677429
8192,159,8,2.702277755152225,0.005619659433812485,132364,0.0032730685071655804,0.0029663256585327202
8192,160,7,2.692418851318059,0.0070645025220584245,162849,0.004143352058295604,0.0026750071649098706
8192,161,8,2.6849963294504793,0.007526545659186978,140653,0.0033958686161747868,0.0012676640952004048
8192,162,1,3.858849172856772,0.008390132258952465,38825915,1.0,0.0030463064766070858
8192,163,8,2.7193445954427804,0.007100630694201748,125973,0.0032135060260667626,0.0022157934107408517
8192,164,7,2.7060758574265757,0.0059678187545252614,172224,0.004311547132537266,0.004158785837508616
8192,165,6,2.7152725159877082,0.008247589806836597,216843,0.00557419063082621,0.004535260036233724
8192,166,8,2.685836922383321,0.006879945437472279,126682,0.0031835541015845822,0.0030941707514100525
8192,167,1,3.8246434556009237,0.008686552756711041,40321803,1.0,0.002709676645651027
8192,168,1,3.8360893510046283,0.008556280670624972,39904124,1.0,0.002631839590090168
8192,169,1,3.8350445322922035,0.00853187793193455,39810696,1.0,0.0034762886522576864
8192,170,8,2.703463812737644,0.008220490023343463,129267,0.0032822875457263457,0.0016579685294150215
8192,171,8,2.6697997354363627,0.006934423080329322,132412,0.0032909864347344564,0.0029129140620135496
8192,172,7,2.6975352486137347,0.0073691042992056754,178978,0.004349362761903919,0.0025133706535860334
8192,173,1,3.85673111609797,0.00823563523998394,39627782,1.0,0.0016635024085364103
8192,174,1,3.8639241483319275,0.007938624991758791,38283267,1.0,0.002555744720707298
8192,175,8,2.6689783944548755,0.007438933238059553,132244,0.0033031511118449004,0.003301754204472096
8192,176,9,2.7029102234321356,0.006981586988916932,92515,0.0023836881781846013,0.0019351652544757902
8192,177,8,2.6700432246023333,0.008323133809840177,125285,0.0032732685014457666,0.0028676626750419043
8192,178,8,2.6758533442746155,0.00622304739169921,125235,0.0031924787459328622,0.002377680638258939
8192,179,1,3.843294329876965,0.008321603187475435,39669253,1.0,0.0011831937957075267
8192,180,8,2.7230602644613935,0.007965310540777815,124472,0.003196566633912251,0.0012594062803494288
8192,181,7,2.682812222262195,0.008389396630352097,179885,0.004428710828706988,0.0033283202493968878
8192,182,8,2.67404335564098,0.008138667398802535,126893,0.0031957257014488595,0.0012094702557551296
8192,183,1,3.871072657549369,0.008131944635409893,39172785,1.0,0.0033332326446371963
8192,184,8,2.6884795962815793,0.007363018842099667,136294,0.0033079122555486604,0.002112330742578883
8192,185,1,3.857239574261722,0.008244947927713242,39791820,1.0,0.008017028127047077
8192,186,5,2.748119431174508,0.006564082929040871,333858,0.008362807442286927,0.00426682213924956
8192,187,1,3.8531108211132925,0.008486082565386632,38943622,1.0,0.00477034737901838
8192,188,8,2.701604617331781,0.007931165116585981,131123,0.0032914355953687206,0.0025082773980454887
8192,189,8,2.7165656776516944,0.006645041898948156,122710,0.0031339347052072274,0.0022750015622613473
8192,190,8,2.6737024438937174,0.0069607243379248285,131481,0.00328650729293868,0.0012887706361388584
8192,191,5,2.7385749049266472,0.006675810488088629,325078,0.008036766231410846,0.0019150543643156048
8192,192,1,3.8555676447419303,0.008366821186503559,39280006,1.0,0.0037915337979562147
8192,193,1,3.853242332810286,0.008162817074179207,38787428,1.0,0.0018436905041641083
8192,194,8,2.698422895657137,0.007214388256732818,129282,0.003196017380943334,0.0033371482909347883
8192,195,1,3.846356299191409,0.008271307038089093,40040578,1.0,0.003057965718793132
8192,196,8,2.675104234322128,0.008334563244035365,128159,0.003253062905985596,0.0033220618643503563
8192,197,1,3.8738552262601296,0.008297232246975206,39361321,1.0,0.0032012285681591868
8192,198,8,2.7447933539710396,0.004947947847231959,114120,0.0029382398815393958,0.0033738880602671717
8192,199,1,3.889579884244502,0.007869194803637791,37632790,1.0,0.0028327906431810934
8192,200,1,3.8616835409407373,0.008215487281383549,40189307,1.0,0.004082165694618167
8192,201,5,2.7192159041701642,0.006511918281864371,340506,0.008384030173900681,0.001143048348582587
8192,202,1,3.832959770826623,0.008712705671991672,39980773,1.0,0.0027322039503835382
8192,203,8,2.6950296480589895,0.006401591334250334,132191,0.0031976349629892096,0.0029812878752646377
8192,204,8,2.680804956729343,0.008009558968225416,128924,0.00324068411403697,0.0016211404636203852
8192,205,8,2.709983964924271,0.006710297552491085,131668,0.0032174662172522782,0.0017958266327212646
8192,206,1,3.8798851985904066,0.007853838649430012,37869485,1.0,0.004661894930587218
8192,207,1,3.848755782000379,0.008410882533292363,40141052,1.0,0.0033618555994467947
8192,208,7,2.728770007543374,0.005649211413504052,163018,0.004090503256509117,0.004534786278879155
8192,209,8,2.6831339782562265,0.007254575406253405,127757,0.0032123841624937294,0.0026153638688349856
8192,210,1,3.881778398111656,0.008140651889397832,38240326,1.0,0.002767697846675743
8192,211,8,2.67510194700718,0.008350310343550937,135361,0.0033648625285079632,0.0013380795302933013
8192,212,1,3.8598929949784084,0.008115913791089668,39666961,1.0,0.0027166301959636874
8192,213,8,2.728331196779587,0.007393825548987043,114038,0.00296905608188115,0.002713959245444375
8192,214,8,2.6977407699415332,0.007606442952487635,135980,0.0033358757590141565,0.003226508488564317
8192,215,1,3.8782183415899634,0.008103230016467844,36276913,1.0,0.003206304102568447
8192,216,1,3.8636923816467186,0.008154770261698419,39517079,1.0,0.002218436260467027
8192,217,1,3.855422925097898,0.008297957732289252,40111054,1.0,0.0019453254302711498
8192,218,8,2.705005814698545,0.007431523181745114,135511,0.0033256527217129014,0.001984724838683505
8192,219,7,2.7187823615191733,0.005809287999558405,170707,0.00426944788823559,0.003408991444546816
8192,220,6,2.736074965344526,0.004234949389606557,212866,0.005401209683609323,0.007125386333511341
8192,221,7,2.6936720410027313,0.006872611310085763,169472,0.004182349263033447,0.004480405397566778
8192,222,1,3.865435159360815,0.008247657662917018,39758788,1.0,0.003139209073307281
8192,223,7,2.701185099837154,0.008491852149192597,172788,0.004318058490065002,0.004438845761057242
8192,224,1,3.8491153785777605,0.008564876972575575,40365183,1.0,0.0017832981810826931
8192,225,1,3.8668726067939243,0.008328002773208443,39445131,1.0,0.0031419598019650774
8192,226,5,2.791213228868518,0.007475206144555657,303877,0.007908108269597848,0.0034173770736800613
8192,227,8,2.6994692077838827,0.0064611870911879254,129379,0.0032056589311604323,0.0027818608736769612
8192,228,9,2.7173972867701575,0.005029536485662178,103914,0.002611195953075969,0.0031539881302961037
8192,229,8,2.719855399690822,0.007412910791547933,126301,0.003151359601292042,0.0025473003951866913
8192,230,5,2.7210425339162767,0.007560097650347264,322500,0.008259580191021937,0.0027392999467784618
8192,231,1,3.886122796268951,0.008096173382321714,37493600,1.0,0.005519849899440876
8192,232,8,2.7304206931455997,0.006437065330086145,130676,0.003187810501161447,0.0023912654499335106
8192,233,8,2.67356729764069,0.006905526555217478,132515,0.003234249662986621,0.0026129433924745316
8192,234,7,2.7058388942364338,0.007850154150213284,167344,0.004229265494173336,0.0019246567946989979
8192,235,8,2.653346077875064,0.008255277333154676,136956,0.0033617796076534463,0.002098750583848008
8192,236,1,3.836290994807225,0.008684830095778362,39950043,1.0,0.0026899284589607664
8192,237,7,2.7162240364611456,0.0076067399795587964,172347,0.0042531874906778675,0.003651955248045624
8192,238,8,2.6734917102563576,0.007688404799725657,135304,0.0033165532465951613,0.0015505543090327256
8192,239,8,2.706385281742936,0.006623635922886839,118039,0.0030384988061872846,0.0015835337931688898
8192,240,1,3.839871528101179,0.008383802820801534,40621017,1.0,0.005373952397932147
8192,241,8,2.6984243663498173,0.008659948032213483,131834,0.0033356925964723597,0.002746531765717042
8192,242,8,2.70296463560046,0.00689101914772039,119678,0.003013975226764628,0.0013309204493882065
8192,243,1,3.8564625841677147,0.0084056894033403,40539373,1.0,0.004742019286854582
8192,244,5,2.76380441711046,0.006517134240360267,332425,0.008197404902705305,0.0015775346094956122
8192,245,8,2.6547740391671306,0.007655391772604658,126759,0.0031732566752318905,0.0012536846407452673
8192,246,1,3.8440778054321614,0.008284378446345442,39491187,1.0,0.004013979379061894
8192,247,5,2.803856615511635,0.006582717634485147,305539,0.007902209462824644,0.0016298232595086115
8192,248,8,2.68729010468026,0.005393631403493915,125148,0.0031633250441855196,0.0029859866828725323
8192,249,8,2.7079532865499774,0.007202044773910732,119840,0.0031615555687052534,0.0009775659269037895
8192,250,8,2.7153846388068925,0.005431791782772422,133237,0.003349072788170901,0.004233947889011325
8192,251,8,2.6898651368538955,0.006727137048020582,129866,0.003267310018071772,0.0016532406028319513
8192,252,1,3.840272907723967,0.0085328593202455,39603732,1.0,0.006236371835156684
8192,253,5,2.7482449220603473,0.0044499320578732515,356823,0.008536037807042816,0.0045611340843836334
8192,254,7,2.708214416158109,0.008151025612343099,161427,0.00416219908872368,0.0036812116736381073
8192,255,7,2.6599139225868167,0.008459291201412922,174530,0.00437188184351183,0.0027460961414595975
8192,256,8,2.7699118513242986,0.005273012022099954,115905,0.0029977511628845894,0.0036499230741741107
8192,257,5,2.7993975276822316,0.00506998958925875,303692,0.007993275049233502,0.00358202197614485
8192,258,8,2.7032095381443555,0.0076007168655782276,123811,0.0031146423914524698,0.0028117526775719437
8192,259,5,2.757195372667134,0.0067879703215405485,310755,0.008036428810734996,0.0023859610626765226
8192,260,8,2.6541488895288055,0.007351081188778585,129741,0.0032226794204368464,0.0019211245633372065
8192,261,1,3.8605532638878266,0.008154894953059877,38668123,1.0,0.0036598935704250657
8192,262,5,2.726670354012666,0.006889583182375869,338813,0.008414409147611832,0.0018406110210185123
8192,263,8,2.7104798783426634,0.007387949457675291,127828,0.0032173434717020738,0.0016502167009202484
8192,264,1,3.857203538805474,0.008496783686822607,38534097,1.0,0.002096352793101386
8192,265,1,3.850902166094257,0.008364297795896203,39974787,1.0,0.0029072759528611103
8192,266,1,3.869387886667928,0.007760616159209088,38626154,1.0,0.0044488773306767815
8192,267,7,2.7422646463799487,0.00436096505538508,176856,0.004319535103366742,0.006822100597777436
8192,268,5,2.7631077965588693,0.007550249412025201,326796,0.008239370458000895,0.0028130203981512336
8192,269,1,3.8421486215044647,0.008548128542018807,39997938,1.0,0.0032659642583965365
8192,270,8,2.7432830842594313,0.006981978102451547,119042,0.0030702870100129034,0.0014825023979539997
8192,271,7,2.7264341615581587,0.00619374263314465,173962,0.004276209685646157,0.003918691454711243
8192,272,1,3.850922490251806,0.008245549020703624,38820620,1.0,0.0040267942386108535
8192,273,8,2.6849511157210157,0.007486308211357651,119070,0.003107426854572345,0.0015662811995629244
8192,274,7,2.6758895040860966,0.006746733759918744,173862,0.004242477984681673,0.0022025569586607285
8192,275,8,2.6720039251924756,0.0067907623405633055,138634,0.003401702146642037,0.001368005008340445
8192,276,1,3.8370812104648824,0.008484532585691928,40282210,1.0,0.0029619928344600532
8192,277,8,2.6544230247360137,0.008345511271060535,133704,0.003351592742276621,0.0010034417450870414
8192,278,1,3.8568791464437266,0.008303427307217559,40230246,1.0,0.002854596155869249
8192,279,1,3.8585038243983965,0.008124478660835877,39365306,1.0,0.0060530932753504185
8192,280,1,3.823025410433273,0.008525741367824136,40977459,1.0,0.004571430795077602
8192,281,8,2.696962442804158,0.007627795318514874,129857,0.003268063831044495,0.0017069477865927496
8192,282,1,3.89176322064969,0.007857403731543755,39290972,1.0,0.002184062709904566
8192,283,8,2.711772583014613,0.005633590330915816,127860,0.003132980158796959,0.0026578154451157854
8192,284,7,2.695312921557332,0.005792861655529308,178486,0.004401461764893299,0.0033608460042091615
8192,285,8,2.7004370390714683,0.007847740448934437,129919,0.0031936126861340885,0.0012978977330758978
8192,286,1,3.869715204731729,0.008075382373945339,38724557,1.0,0.0026222494121417306
8192,287,5,2.7674452125085574,0.005044032309677093,329995,0.008283677581832365,0.0033882976841934087
8192,288,1,3.8694400212303433,0.008227355943088988,37960279,1.0,0.004705146359589185
8192,289,8,2.709582476090465,0.007717305592418899,126076,0.003151857213538326,0.0020527108372191405
8192,290,7,2.6606732628753957,0.00750279056719283,169308,0.004199000709853039,0.0020985276277048492
8192,291,7,2.7511671133289273,0.005848563921983074,153116,0.003940418756090637,0.003948019785831702
8192,292,6,2.7038351564649585,0.006802221627373095,219190,0.005534393697815539,0.004597700889060974
8192,293,5,2.78984516119548,0.007036710306142835,311831,0.007921718038143523,0.0037328023666751697
8192,294,4,2.8373321028067138,0.007229783913707544,457257,0.012355513967326549,0.0022251209347391443
8192,295,1,3.8720251739753944,0.007964809599984912,39638784,1.0,0.002327349016653879
8192,296,8,2.6945915831789575,0.00707271231352391,123988,0.0031909882711081013,0.0019664713269884615
8192,297,1,3.868809477481423,0.008241641943609213,38578014,1.0,0.002600474533530739
8192,298,8,2.629267938821084,0.008120711657353286,145981,0.0034971330556823233,0.002429290443070109
8192,299,1,3.8788660098116936,0.008185120836615156,38313600,1.0,0.0024950004971686646
8192,300,7,2.707076368936918,0.008016213623332047,156738,0.004106472007174497,0.0008201025467019507
8192,301,7,2.675816735449901,0.007700817412406469,182454,0.004343208136706007,0.007366221334416667
8192,302,1,3.8624232249253243,0.008177910644781239,39386659,1.0,0.0035594350957256493
8192,303,1,3.882323919985842,0.007939595482950201,38862596,1.0,0.0028610876956389197
8192,304,8,2.6731957090802347,0.006432063765099416,134002,0.0032966939155673687,0.002314227411032488
8192,305,9,2.6982325832905203,0.006705406464809327,106379,0.0026299027300145106,0.0017587985039058118
8192,306,8,2.7125714105239704,0.0068818217327970554,122210,0.003125886277387378,0.0020021267438024015
8192,307,8,2.7396906082065406,0.005021610217229133,130108,0.0032064368082818278,0.0036606919282278216
8192,308,1,3.8208684780495545,0.00871604207116694,41354220,1.0,0.006405501997214014
8192,309,5,2.757934782667731,0.007532164429731869,311223,0.007996731654580598,0.0027782170347782076
8192,310,1,3.8843381640504955,0.007657569423642596,37259337,1.0,0.004491020658011657
8192,311,1,3.8961600056887598,0.00804173522486562,37800396,1.0,0.004067050544162398
8192,312,8,2.6812138919154105,0.008421540080646994,133096,0.0033353136152320206,0.0021550265432647153
8192,313,1,3.8489084430867497,0.008322436070833938,39077203,1.0,0.0033570425372924373
8192,314,1,3.86004722650105,0.008510215845583868,38904003,1.0,0.0026020039712232323
8192,315,8,2.698980200967052,0.006793955765031279,132908,0.003260814949561247,0.0026108303367632923
8192,316,8,2.6934576774961703,0.005223572298823309,134065,0.0032769269584432426,0.0038020432907097113
8192,317,9,2.705051302006021,0.007499828823053112,98536,0.0024841645100987884,0.002330759170130259
8192,318,1,3.853952770072447,0.00827435582296876,40391875,1.0,0.002368134446485648
8192,319,8,2.678784997190078,0.008375533043784245,131578,0.003280070965082443,0.004165159956090347
8192,320,8,2.7002502187950874,0.005815722702598225,122760,0.0031649607392498524,0.0033765676134887013
8192,321,1,3.8577906818517236,0.008108160602581904,40440481,1.0,0.0019373965016910577
8192,322,7,2.67797036906863,0.00798549919618008,176892,0.004344035467792739,0.0023277934603814776
8192,323,4,2.816366996616774,0.007821471082182119,485094,0.012531513879333487,0.0033823636966516246
8192,324,8,2.6704568290506816,0.007753336350829865,135651,0.003331322030252061,0.0037423466204210554
8192,325,1,3.8535495661788226,0.008313608588009447,40528066,1.0,0.0018091667450562676
8192,326,1,3.8393407311636802,0.008342198800622813,40437186,1.0,0.0016360658258816052
8192,327,8,2.6937284786971576,0.00682819132639878,127376,0.003134944988823317,0.002469603466775938
8192,328,8,2.6659349150665643,0.0071440139344005615,132516,0.003284852695862961,0.001352246758089204
8192,329,1,3.848381121981776,0.00840068593152521,39653233,1.0,0.0030179971379822312
8192,330,8,2.7049138898249687,0.007105873083630199,132495,0.003299681291057367,0.0021676062893369874
8192,331,8,2.7362176090144783,0.00506791460288708,124529,0.0031602443799831413,0.004052220915372384
8192,332,7,2.666906130848543,0.006791220121088348,180094,0.004396220296299496,0.0036051038856231288
8192,333,6,2.6885568052405446,0.007485019989226183,249042,0.006073029840835175,0.0032526335692100727
8192,334,1,3.844208387545827,0.008321705295144866,39799640,1.0,0.0025696074841573546
8192,335,1,3.8327807287151976,0.00877156487435271,40847875,1.0,0.003454338541400759
8192,336,1,3.8554811313308304,0.008279910805306323,40507577,1.0,0.0024455275348932437
8192,337,7,2.731769122976148,0.005195681903349958,158970,0.004092475793907996,0.004847279165311025
8192,338,8,2.654535254154512,0.008050690102218705,136491,0.0033505782067804416,0.0014376206408824865
8192,339,5,2.755674853650549,0.006482971031345375,315365,0.008062153679095631,0.003845360107322504
8192,340,8,2.718990154528367,0.0067718266716413344,125793,0.0031487289515906296,0.0015538200336939756
8192,341,8,2.689495359981618,0.008049580685080104,132277,0.0032079990510626424,0.0016675941446747666
8192,342,1,3.8225403735040984,0.008733282134832376,39868714,1.0,0.002775156367255893
8192,343,8,2.7052256137738797,0.0061100092767966685,114824,0.003016333552313307,0.0017992199009900789
8192,344,8,2.6951304227596844,0.007752441279359701,133363,0.003267896581241044,0.0010158841643780336
8192,345,1,3.850713949645395,0.008298166901143156,39755647,1.0,0.0034251014724142603
8192,346,8,2.6779849276264414,0.007884249849275049,132104,0.003267872725035142,0.001988983263779609
8192,347,7,2.6635574852815704,0.0056145443701007824,191900,0.004578560559730579,0.003918018137208712
8192,348,9,2.7305583384151597,0.0058394159662379375,98903,0.0025011013110026407,0.0021743103834805932
8192,349,8,2.730943967396426,0.004649602653813756,119300,0.003088244023154116,0.0032968187610493693
8192,350,8,2.6970794635186053,0.0052571650183933505,127019,0.0031525566226783684,0.004570708494518794
8192,351,7,2.687003767313492,0.007780645099509154,164664,0.004172480043291786,0.0025310052401538163
8192,352,1,3.8772601076237545,0.007823941244258115,39401140,1.0,0.004299830050998432
8192,353,1,3.8935682959797746,0.007921802597700922,37954086,1.0,0.0029040440958034708
8192,354,8,2.7064443786543007,0.00710748366618652,119689,0.0030998752994879065,0.0049349445380468815
8192,355,5,2.791166393340753,0.005295106365148516,338258,0.008195338722722281,0.002612132050465177
8192,356,8,2.6968909198483537,0.006337199598267285,131596,0.0032992198837691624,0.002991969457424859
8192,357,1,3.828841679467221,0.008614587199638257,40664806,1.0,0.002484405823954483
8192,358,1,3.831428172235242,0.00856753110203401,40850065,1.0,0.0019118962891938596
8192,359,8,2.713148789142333,0.007291925599259896,120272,0.003154424214244867,0.0024766170310129842
8192,360,1,3.8833083681291396,0.008037608103012017,37425903,1.0,0.007754388525526512
8192,361,7,2.7391597517338275,0.006573136912594757,165790,0.004099575851290068,0.002118022469819403
8192,362,1,3.8244183862858274,0.00867846044492393,41332500,1.0,0.0018221146626832274
8192,363,8,2.675530695954094,0.007524353782312088,119043,0.0029957395587178466,0.001660115337124124
8192,364,1,3.8712654080678632,0.00763745555708184,38367731,1.0,0.0027428088895140035
8192,365,1,3.845142650872027,0.008563922074895092,40220656,1.0,0.004082784055871036
8192,366,1,3.8623543678110117,0.008166796480756244,38391705,1.0,0.005419608606935411
8192,367,7,2.7244657943587267,0.005092606305781566,155458,0.004088189369808257,0.003737920306406739
8192,368,1,3.862008886171746,0.008320434812829736,39104688,1.0,0.004801161137795551
8192,369,5,2.7633923688249067,0.007117856042005322,310137,0.007982376521177477,0.001917018509144941
8192,370,1,3.8526631328016747,0.00821235976674739,39717096,1.0,0.0024404832017163036
8192,371,1,3.849438772988358,0.008378538269988689,39893678,1.0,0.0025701620049033425
8192,372,1,3.854236564597111,0.008158367804388833,39699015,1.0,0.0031717593767035535
8192,373,1,3.8667009724955137,0.00827913078275544,38636553,1.0,0.0030249192909333478
8192,374,8,2.645121547240472,0.0075713277630788944,138713,0.0033685642744516937,0.0021425259975336175
8192,375,1,3.866309318265112,0.008224790580771746,39376601,1.0,0.003996080616269326
8192,376,1,3.8672486336332157,0.008360970241344634,38404905,1.0,0.002224556492414931
8192,377,8,2.713899178714516,0.007346896518470203,127161,0.0031471545526341126,0.0025205382257418307
8192,378,1,3.835921198489556,0.00867990175693456,39448015,1.0,0.0030097322302409246
8192,379,5,2.7595774050366173,0.0069372775176082535,323346,0.007990124790316862,0.002246309626884102
8192,380,1,3.855798006122519,0.008060595115714997,40290931,1.0,0.0024356102096954046
8192,381,1,3.855494290138536,0.008380231362643209,40106513,1.0,0.0022763915035948212
8192,382,8,2.732397062112431,0.0059445707280448845,113556,0.0029957818296477137,0.0032759947677912793
8192,383,1,3.8507445874259547,0.008113490221703379,39460077,1.0,0.0016548085977696747
8192,384,1,3.8701690757623304,0.008132259303402889,38400937,1.0,0.0028176948107270783
8192,385,8,2.6402090658120367,0.008061935235863293,132415,0.003278699971381479,0.0016578930422200822
8192,386,7,2.678439678497363,0.0066890377946647595,169375,0.0041843149025842085,0.002491696032881019
8192,387,9,2.7215193586068285,0.005655763341713582,98139,0.0024824676779490753,0.003345568944244759
8192,388,1,3.8373147664557634,0.008716768561555899,39258094,1.0,0.0026152101833183394
8192,389,8,2.6592499576531727,0.007368331521819704,132155,0.00334637208497453,0.003161911740540424
8192,390,1,3.866426296415475,0.007990635881245156,39791793,1.0,0.0021936566001331537
8192,391,1,3.8913402109830906,0.008098310959672284,38061378,1.0,0.0018279247949037902
8192,392,9,2.7143302747427356,0.006986778803316551,99610,0.0024879185093669097,0.002758851802686979
8192,393,8,2.680962422273218,0.0074018226223863115,132084,0.0032699753533814613,0.003258946502583293
8192,394,8,2.706884729979908,0.007970560609469546,124036,0.003124529724722674,0.0030930290752734235
8192,395,5,2.7832623230626052,0.005761260592436646,318309,0.008131338218725281,0.0018974139872435236
8192,396,5,2.7406806753517103,0.0074015935925217935,313996,0.007978707252546707,0.0018013421507001581
8192,397,1,3.84596762772277,0.008468934488349289,39730398,1.0,0.0027271815862756066
8192,398,8,2.706891086799735,0.006949834437989466,125705,0.003149924003901841,0.0026288556403734065
8192,399,8,2.6771759367906527,0.005143019020488526,135994,0.0033389986691784576,0.003138355664560777
8192,400,1,3.8302494213440994,0.008590864317131852,40526593,1.0,0.00294666261467158
8192,401,8,2.6904632126461743,0.007308180252184271,126680,0.0032191710121324732,0.0014436849682236685
8192,402,8,2.7129513871095745,0.007288926522773909,126068,0.0031874106331399787,0.001614058628480075
8192,403,1,3.8173198789014373,0.00895909190771138,42068697,1.0,0.006506309997583393
8192,404,8,2.7104752568650823,0.007797083728488197,130141,0.003221431409051539,0.001809096324562276
8192,405,8,2.6509103208347407,0.007918618751109219,125955,0.003183629811150128,0.0013522019384544226
8192,406,8,2.694940169341977,0.006120055979220607,129541,0.0031724351651119267,0.0032896770989586654
8192,407,8,2.677673407298322,0.00781885073862798,124300,0.003144171653053938,0.00266713417766673
8192,408,5,2.747078796256992,0.006094815815552712,338431,0.00828845146331648,0.0016533681550801038
8192,409,1,3.8226181870218836,0.008497506383698616,41130571,1.0,0.0031731036442839144
8192,410,1,3.8800869036939467,0.008269965647366484,37993446,1.0,0.003568104903203584
8192,411,8,2.729288845186277,0.006648197688898905,125560,0.003131892483198629,0.0019344893382605144
8192,412,8,2.6598064221241144,0.008219498546057191,138618,0.0034426831062827636,0.0027199258185885977
8192,413,8,2.6487925691718615,0.008170270786874823,140103,0.003462105753427041,0.002258732215935755
8192,414,1,3.8368048717547367,0.008611800030804972,40965378,1.0,0.0036201397489062925
8192,415,1,3.879540255032397,0.007809110582607359,38178231,1.0,0.00437128267712944
8192,416,1,3.8635366611305613,0.008078428115879333,40201409,1.0,0.0016775602176608562
8192,417,8,2.6807651387036335,0.007847338002721194,133742,0.0032886878624273966,0.0012948904033044384
8192,418,8,2.7172160635432365,0.006890973277256518,124486,0.00315442361375681,0.0031353544418505352
8192,419,8,2.718320646185917,0.005676480871941281,122431,0.003094569086985976,0.0023435688975612656
8192,420,1,3.8566227653639165,0.00824889861491418,40300513,1.0,0.0028278830512752373
8192,421,8,2.7006180099934167,0.005737001821289667,128311,0.0031850026293256503,0.0034325886684777873
8192,422,1,3.862249854611877,0.008365565935689268,39482568,1.0,0.003102087335981274
8192,423,5,2.7766985765343457,0.00626987740572893,306373,0.008080303563458893,0.0012990913380471758
8192,424,1,3.8480039590235475,0.008447434787416941,39461562,1.0,0.0029464927694105025
8192,425,1,3.871239733951366,0.00801350182272409,38964177,1.0,0.004717818621527092
8192,426,7,2.664591228522593,0.006561898009293965,181094,0.004422347008769211,0.004094973572914051
8192,427,7,2.7219149571799446,0.004835770925202265,177144,0.004327553782945123,0.002953520326643644
8192,428,7,2.6979409530772873,0.005822210213529355,170345,0.004242076553313609,0.004284109457577179
8192,429,5,2.7617403793609703,0.008035875797519632,327838,0.008241630887520258,0.002936946406142227
8192,430,7,2.7502066205918885,0.007388921570171514,159438,0.004027394812481676,0.0034308879841878914
8192,431,8,2.6831140408438565,0.007505050955712078,129992,0.0032425626002761834,0.003998938046984812
8192,432,8,2.6873723527689366,0.00790583829345104,128778,0.003245595789420519,0.002041356361164426
8192,433,1,3.880729874077823,0.008086225013575254,38741082,1.0,0.0018072542844965733
8192,434,8,2.677129618174943,0.006010967390214339,137921,0.0034211842698699487,0.0035233305266857695
8192,435,8,2.717624276504558,0.006625580738855219,116145,0.003093002259813042,0.0020665952188119174
8192,436,5,2.796643998971309,0.006913934474056416,312714,0.007964135844502,0.0025966972945120625
8192,437,1,3.860058249281655,0.00808728134018144,38674978,1.0,0.004169275080348145
8192,438,5,2.7468785324936453,0.005976486239408385,334337,0.008350891452048821,0.004024281190281864
8192,439,5,2.7795850478255937,0.005749480808080132,319084,0.008054596494714244,0.004895841934007827
8192,440,1,3.879596845378171,0.007871831425279474,39158785,1.0,0.002487243229559677
8192,441,7,2.6598703097702554,0.008226090366623251,175406,0.0042895685467703,0.0016155552440659804
8192,442,5,2.6929806046562454,0.007776323421869624,354419,0.008583337902472546,0.001727945947119336
8192,443,1,3.841160301896831,0.008246782480537118,40980536,1.0,0.002752892681874952
8192,444,8,2.718908502306081,0.007490133967209656,114477,0.0029364596880314584,0.002634541921200384
8192,445,1,3.8644602255664706,0.008235980042609614,40661053,1.0,0.003828882389551591
8192,446,7,2.7005326605566946,0.0069937564135103825,173033,0.004266422637670618,0.0018610742847862127
8192,447,1,3.8565091680901635,0.008379822754548405,39459067,1.0,0.0028293045637577396
8192,448,4,2.803929594284319,0.007799145414424835,532778,0.013265826874607463,0.004418244539866167
8192,449,1,3.8566281370228483,0.00803921201067126,39236498,1.0,0.006290688377521003
8192,450,8,2.705397201665277,0.006279051677212544,124447,0.0030845231010324515,0.0021973457308519517
8192,451,1,3.8535733490021733,0.008428967372921758,39357493,1.0,0.0031654737981895442
8192,452,5,2.811586892055224,0.0069986121506393495,312728,0.007963562895309532,0.0030028760481499717
8192,453,1,3.8669327679112238,0.007974647446799099,39448229,1.0,0.0029830758860792117
8192,454,8,2.7190119686875156,0.005451066786948178,136612,0.0033148714126068823,0.004121821340665743
8192,455,7,2.663364380559592,0.00851935259262615,176283,0.004344751280777755,0.0041720357066740155
8192,456,1,3.8618775685554776,0.008098394763667582,39323674,1.0,0.0030442349605270813
8192,457,9,2.708599613852499,0.006091950818218783,96929,0.002465623742596502,0.0024380916101299777
8192,458,1,3.870434902943655,0.008041018134788191,38593625,1.0,0.0017791414027105157
8192,459,1,3.867472071130528,0.008126996383585494,38111784,1.0,0.0043821467464396635
8192,460,7,2.6697259955863286,0.00836321506745677,170732,0.004266179388880273,0.0025558915507271074
8192,461,5,2.777862934521315,0.008278186196596593,319696,0.00819746743549292,0.00259244715133361
8192,462,8,2.6515378223260186,0.007480201326487967,130115,0.003302282596408556,0.002969292735034157
8192,463,8,2.6803763844449824,0.00798837509196526,139439,0.0034501656445213714,0.0016557390428280083
8192,464,8,2.719593261412229,0.006629548500954818,126111,0.0031996823431505875,0.0018644664206197703
8192,465,5,2.7867319446757817,0.005607876044473881,327096,0.008061796061472403,0.006643147205727784
8192,466,5,2.7738336180875383,0.007135844478235898,306028,0.008176458330956544,0.0015979327299818769
8192,467,1,3.867709639729435,0.008246377565008567,39467317,1.0,0.0022935670007092623
8192,468,8,2.7122573227087856,0.007662863696753064,119591,0.003073211777803841,0.001319363855220801
8192,469,7,2.667000596486509,0.0066164727048022565,165574,0.004078596450847117,0.003578269312701554
8192,470,1,3.8668133504010265,0.008293603122346394,39014850,1.0,0.004490882973242738
8192,471,8,2.694215317521963,0.007063821095093015,134848,0.0033416835772984385,0.001320217913971522
8192,472,1,3.82898717584009,0.008620607414897452,40919909,1.0,0.003160684930688218
8192,473,8,2.6930358116102835,0.007485310072956386,128812,0.00319331117180206,0.002120482317163108
8192,474,1,3.858194194961681,0.008297218237185877,38064978,1.0,0.00602819097222107
8192,475,1,3.875794669812941,0.007969993760151839,39099806,1.0,0.0021799217826146133
8192,476,8,2.6791213112048204,0.006838445845837482,138729,0.0034004856260855627,0.0026190029083774102
8192,477,1,3.8679553351301794,0.008347092307336323,38166223,1.0,0.0030132605279586944
8192,478,8,2.7124258750984445,0.007670399066599498,128350,0.0032037631024488056,0.0027516886312013433
8192,479,8,2.7155832562359064,0.004122750391719721,135177,0.0032962493395101706,0.006192134052410453
8192,480,1,3.8331756503105927,0.008577340968609404,41152755,1.0,0.0021719260024144482
8192,481,8,2.685334066547697,0.006760609798758144,134718,0.0033374532698200337,0.0022778452832028506
8192,482,5,2.769269769178251,0.007072588771469546,320633,0.008052303747745631,0.0019098098735861324
8192,483,5,2.7576075299322595,0.00778195800293402,330042,0.008131490459612442,0.0033513204980057942
8192,484,1,3.882036089253587,0.008217605232360148,38718331,1.0,0.0033509792636807756
8192,485,5,2.703503124380696,0.00814983439429795,346528,0.008521811221302876,0.003325071889803577
8192,486,7,2.72197820180272,0.00467767717031925,171803,0.004357866849758137,0.004164284473276103
8192,487,1,3.862950162311993,0.008116776083629262,40578463,1.0,0.0014214259428158016
8192,488,1,3.879431064750849,0.007937825421206468,38727732,1.0,0.002755216537098981
8192,489,8,2.696904209104002,0.006481493523652793,141636,0.0034032361210710694,0.003298916125379192
8192,490,1,3.841959598868595,0.008314298690750954,39273415,1.0,0.0024183903882447066
8192,491,1,3.828810743299418,0.00885966314997444,39895409,1.0,0.004484347195688798
8192,492,8,2.6967977989178586,0.006643644390039949,116177,0.003048017564674448,0.0026716021694865866
8192,493,5,2.7823911038978,0.006511335785793326,313580,0.007966254460377208,0.0015053848060342379
8192,494,8,2.7115616869953105,0.0054255633858760755,127967,0.003257428904062919,0.004078659106521582
8192,495,7,2.724895278524253,0.0054573790239834385,186359,0.0043896192908173485,0.003271585322516035
8192,496,1,3.8453937000616394,0.008258702595034362,39882153,1.0,0.0037320867609208497
8192,497,8,2.6751859577040293,0.007945595215874235,126826,0.003177908183395466,0.0031580168421808663
8192,498,8,2.7142338072795575,0.005200993905802753,129350,0.003180598618904657,0.0029853661584952063
8192,499,5,2.7545918529505045,0.007168491570956448,329247,0.008253292379250224,0.0029592170231000914
8192,500,9,2.7093412627115807,0.006810856911926844,96211,0.0024996574405904293,0.0022316012492318293
8192,501,8,2.690901600432765,0.0073851809847499394,131567,0.0032768355840827987,0.002362072565580964
8192,502,8,2.706935034764965,0.007887307171039581,120090,0.00308270703519746,0.00099444697171569
8192,503,8,2.733765161632711,0.005820822131512582,119520,0.00309938805497607,0.002858719197904591
8192,504,8,2.6749520746192754,0.0069883612742298595,135993,0.003374751356738488,0.0022693568752294724
8192,505,7,2.654959356566666,0.006853644652653645,177710,0.004346412845874405,0.0037676299181962913
8192,506,1,3.8737980001039127,0.007899507132551276,39333013,1.0,0.0035498301886048023
8192,507,1,3.8601253751701727,0.008138099073864202,39593245,1.0,0.0025354928857977965
8192,508,8,2.665251289400112,0.006850925140054254,138490,0.0033518364840128363,0.002463810272452127
8192,509,8,2.694057304062634,0.007938135560112136,123549,0.003105824426965099,0.0026752115380057617
8192,510,1,3.8595633955017763,0.008293055947057204,39493483,1.0,0.0018822399333627837
8192,511,1,3.8550128254872185,0.008500653176772732,39439908,1.0,0.00316609513853372
8192,512,7,2.690551633123347,0.006120548397766212,174777,0.004389740168783609,0.001929969879658655
8192,513,1,3.8654349731746183,0.008286821308642,39850662,1.0,0.0026369851464546623
8192,514,8,2.6853706455622857,0.007454042418911677,128323,0.0032092256678632122,0.0018392752201762397
8192,515,7,2.6918172995439065,0.00763779290464231,164371,0.004171227213664834,0.0019916004422138034
8192,516,7,2.6331034947367957,0.008910864887012038,182218,0.004495161678224941,0.0028885221014834928
8192,517,7,2.7379657225007397,0.0051172045297501745,155805,0.0039998337478043015,0.004330246341946009
8192,518,1,3.875811928639774,0.008138540838478092,39417861,1.0,0.002480527159913648
8192,519,8,2.7118199937518064,0.006040083174716715,124673,0.0031241798661363618,0.0032744639135547926
8192,520,5,2.756836359509798,0.00789133222942906,332954,0.00814214162187116,0.0021399460396875902
8192,521,1,3.8411518827922166,0.008390955128471766,39821205,1.0,0.0023412827983850804
8192,522,5,2.74958984921577,0.006024519774103787,286115,0.007759298092888383,0.004579067082543631
8192,523,8,2.686887881939749,0.006917131070542926,126876,0.003149157805802779,0.001569233806523851
8192,524,8,2.7623783789475245,0.004641299844109326,118342,0.003032830618247475,0.00421966381662886
8192,525,8,2.6825774844824752,0.006505061240431709,126356,0.003179460457970535,0.0021778495409822685
8192,526,1,3.8695911654066535,0.008178093953447263,38792549,1.0,0.003902381958788198
8192,527,1,3.8852757809032314,0.00791178498627132,39007933,1.0,0.001977136119174605
8192,528,8,2.6742835702028116,0.006682415393678753,129110,0.003186224729654594,0.003729654184024045
8192,529,1,3.8636714012743716,0.008378447305463221,39476360,1.0,0.0030615854123824393
8192,530,1,3.865389872419046,0.00811843876604279,39450973,1.0,0.002993624924419902
8192,531,5,2.7759520188789004,0.005572950039601399,310400,0.007972280094452,0.0034009988543762804
8192,532,1,3.846333688787981,0.008250368416996334,40378034,1.0,0.0017738345571929326
8192,533,8,2.7108921391400944,0.00617204039411956,115576,0.0030324880231862436,0.002891821247038906
8192,534,1,3.837494106395688,0.008521846519264908,40176499,1.0,0.00309612167793627
8192,535,8,2.7483897074106354,0.0033137660959408066,131944,0.0033137768494371587,0.005820002191272988
8192,536,8,2.6675090036436697,0.006879273498170302,129358,0.0032389117699131243,0.0009476756806152675
8192,537,1,3.8259501787869747,0.008487672011676217,39764207,1.0,0.0026379593758564246
8192,538,8,2.696132772751474,0.007718130639263299,131298,0.003310921691676274,0.0020437039563813153
8192,539,1,3.8170412559616254,0.008789504603450737,40643449,1.0,0.0024382335759559615
8192,540,5,2.7584213198942895,0.006939693570479799,305746,0.007806267630236099,0.0015365764855419517
8192,541,7,2.7279483913112377,0.005405756113656457,172008,0.004241727677916726,0.003708817728370284
8192,542,8,2.737437167348776,0.0069753833465096005,119240,0.003021118030551297,0.002968053876645782
8192,543,7,2.7196011783382574,0.006743361637784773,175196,0.004324747682115593,0.002587967772122779
8192,544,5,2.7498350462780468,0.007585311011867213,321188,0.008108825718641865,0.0032017021392197753
8192,545,8,2.6590464291954423,0.006734452925546974,129489,0.003273286883426886,0.002518440611396694
8192,546,8,2.6616562600325513,0.007923660064192983,138228,0.003365249251280246,0.0013545250710164936
8192,547,7,2.7021069159936237,0.006105231742744577,173542,0.0042841241652947825,0.003176096663172895
8192,548,1,3.845460449477063,0.008434241181458413,40717142,1.0,0.0020548161201225934
8192,549,8,2.743865181375358,0.004683481065649975,123204,0.0031283207970540096,0.005833475453540848
8192,550,6,2.6995056738677587,0.007747140265263908,242400,0.00582655345493828,0.002119586475559432
8192,551,8,2.657095009485251,0.007928595273548056,130078,0.0032613148656366756,0.001435946239205399
8192,552,5,2.765570690411772,0.0066766905469450855,299946,0.007846425960901127,0.0013526263511085546
8192,553,1,3.85239302486559,0.008488308296173197,40284917,1.0,0.001979143445142051
8192,554,7,2.7923346885068088,0.003420439613002646,157152,0.0039350069816376605,0.005588863034464597
8192,555,8,2.662897411466998,0.008561300209286471,132978,0.00335758372743706,0.0012104836271584762
8192,556,8,2.7336565758167195,0.0053015400513758415,122151,0.003153752013743895,0.0032430875435783824
8192,557,8,2.695231875809929,0.006161657609257687,135544,0.003390786294232864,0.0017428954445535827
8192,558,7,2.6725759237197964,0.008515961168758746,176599,0.004317987917731937,0.003738450819264494
8192,559,5,2.7710266975034177,0.006421727139849787,304920,0.007780615626539228,0.0020868342639587256
8192,560,8,2.6700136748075853,0.0076396159122783525,131057,0.0032469860387305477,0.0017217784373453338
8192,561,1,3.8247117122106613,0.00840086562513953,42158125,1.0,0.0027081428702577792
8192,562,8,2.665283594622624,0.0077613608945966694,137706,0.003446253057571691,0.00486253076684362
8192,563,5,2.7126650056485264,0.008059752314675317,359229,0.008650241444338853,0.0032948601633095986
8192,564,5,2.765147319696413,0.0067232640102993235,320286,0.008160839000476473,0.002528815915422755
8192,565,7,2.7637846923787346,0.0035801464271564276,159584,0.004012707174262994,0.0068636481171133745
8192,566,8,2.69021913876496,0.008080887786464208,124451,0.0031474726667779125,0.0037165887219844373
8192,567,8,2.7010995785465584,0.007298853100876412,127558,0.003206244724512374,0.0022789816812800456
8192,568,8,2.6652758744496174,0.007466764819454297,120313,0.003159510824015644,0.0016579147897348712
8192,569,8,2.7006450202246537,0.008078600927837631,123633,0.003197691696616333,0.0031039348923488363
8192,570,8,2.701027586227986,0.007982571909133318,122454,0.003127209740762653,0.0011039044396894404
8192,571,5,2.7244853135256046,0.007913981718292828,335794,0.008265476692440744,0.0027644378530881364
8192,572,7,2.6811826661725853,0.007930648403043139,173692,0.004393533877249381,0.0017409768009247761
8192,573,7,2.7394748277877503,0.006853282480020595,157262,0.004033067863594999,0.0015297679868877534
8192,574,1,3.856850952887666,0.00823368928931989,38941433,1.0,0.0032704807859548213
8192,575,8,2.758820390538148,0.00570384880760455,128067,0.0032238377562308724,0.0029151847517983054
8192,576,8,2.699335817323431,0.00680152736863604,124696,0.003245248596749312,0.002370172477637933
8192,577,8,2.702010267684895,0.007141328715646655,129335,0.0032214523244110467,0.0024695817551990684
8192,578,1,3.8317781496643546,0.008615756601407898,39230121,1.0,0.0030212119148093075
8192,579,7,2.640347544375929,0.008195883987929142,175343,0.00431882384581506,0.003931304499710131
8192,580,1,3.8515336646238825,0.008100964677863032,38751584,1.0,0.004966937063998755
8192,581,5,2.7506572837596703,0.007847999238827286,329886,0.0082243088326867,0.0015512155549296525
8192,582,1,3.834134521276005,0.00857648667756239,41063861,1.0,0.0020295523482544153
8192,583,8,2.7225932676381803,0.0059815781693408066,125273,0.0032117543239838235,0.003234938402562948
8192,584,8,2.6813523911718913,0.006696486085173647,132052,0.0032797755708778324,0.002138855283440988
8192,585,8,2.6687118775066243,0.00641520340442403,130173,0.0032974524632025377,0.002328985572965181
8192,586,6,2.7145733875086715,0.006167508324787463,247921,0.005990819478310274,0.005388403485148574
8192,587,1,3.822291992798795,0.008630961616052257,40952924,1.0,0.003114413824858886
8192,588,7,2.738118128501208,0.005436896409222847,162409,0.004117466325669431,0.0038470545918100063
8192,589,8,2.6615022831601243,0.007971289841588569,131863,0.003284497001289583,0.0010578611199002497
8192,590,7,2.701381120682929,0.007139242151333658,172577,0.004220960276595349,0.004818443896730917
8192,591,8,2.690344309956571,0.006835285317529527,138411,0.0033775510898801067,0.0013826071843009713
8192,592,5,2.7617741201523045,0.006595125849602923,312713,0.008103161420521799,0.0015900898136492758
8192,593,7,2.7355116180211376,0.0056364553657648475,165888,0.004148549419412399,0.0030266850665038314
8192,594,1,3.8582066179565446,0.008299646479112854,39738594,1.0,0.0016917048212726216
8192,595,8,2.680750989662416,0.007678762627642999,128224,0.0031757544187602125,0.0014743488237721758
8192,596,8,2.670339203267253,0.007001093246909784,127115,0.0031955066071432388,0.002001818970732816
8192,597,8,2.6998617091067882,0.00665228757238745,127923,0.003243050763049741,0.002244187904587802
8192,598,8,2.70436382094466,0.00513675456827456,136376,0.003300243457567904,0.0045393548659223015
8192,599,1,3.847703814997068,0.008269576106090581,39971117,1.0,0.004177201051359547
8192,600,1,3.8822740493607153,0.00793899672286491,37318247,1.0,0.004399094839789286
8192,601,1,3.9061826570867417,0.007748230445171811,38019145,1.0,0.0028902011003810735
8192,602,1,3.850134068636594,0.008464471854731093,39357313,1.0,0.0037389136849801385
8192,603,8,2.747422356030214,0.004798134161297152,129988,0.003239258735355392,0.004580890209702981
8192,604,8,2.7388493455957805,0.0055763875080154235,118409,0.0030568424670127485,0.002525217209827346
8192,605,1,3.883256745898689,0.007839453683891051,38994799,1.0,0.004784976178122291
8192,606,8,2.7437751244159267,0.0053831011626409575,118040,0.003017930685924971,0.0030493512189051497
8192,607,1,3.862945068021031,0.008192915932931255,39404699,1.0,0.00321515139806422
8192,608,1,3.844863019730137,0.008442986339418423,38976815,1.0,0.0019887507965038465
8192,609,5,2.7966472186988147,0.007102760799640118,309068,0.007831550759455278,0.0021759670899673678
8192,610,8,2.7078824249004096,0.006816529617967859,119488,0.0031468241497368743,0.002103221657871357
8192,611,5,2.742614267513702,0.0052544909372035375,326242,0.008327527532310705,0.0017666706347962968
8192,612,8,2.6822972892117676,0.006811355428020249,127935,0.0032478327535841226,0.0030053536694533145
8192,613,8,2.6788877508031037,0.007863975226920283,131472,0.0033226064841017327,0.0014099666490393625
8192,614,5,2.789872212511874,0.007446325118554364,293543,0.007709117794058252,0.003053225151759431
8192,615,7,2.7429690124337758,0.005950324056256728,163460,0.004086960396088619,0.0028868625764320033
8192,616,8,2.7062569633517453,0.004779349007825062,138524,0.0033657974054999845,0.006118619979812112
8192,617,8,2.690380739981551,0.007067123564842626,134320,0.003309171275062963,0.0012901662895830057
8192,618,8,2.6694803470058437,0.006220567079145867,137295,0.003344054507589161,0.0019465890321606616
8192,619,8,2.6719627881604167,0.008569207310242133,143197,0.003447519065637275,0.001760694001540719
8192,620,1,3.8610743286798046,0.008404881150289367,39074166,1.0,0.0021545043702525524
8192,621,1,3.8509468938340516,0.008336596044461242,40538094,1.0,0.0036037626404692436
8192,622,1,3.878660316216074,0.008479687466430463,38961956,1.0,0.002414203048450081
8192,623,8,2.690455701442119,0.004746480201680892,125672,0.0031879248897580758,0.0036035135604830515
8192,624,7,2.722673993295222,0.006258550205161417,161177,0.004097097684298538,0.0036421614946450243
8192,625,1,3.879352713563907,0.007838997740770681,38582012,1.0,0.003847875030431991
8192,626,1,3.828524174757592,0.008531531045577245,41370787,1.0,0.001939707913843014
8192,627,9,2.6986367785360486,0.00747383110027755,104243,0.002584053053861727,0.0017182431325602487
8192,628,1,3.835148966203797,0.008149968881059122,42067660,1.0,0.0025392833585906605
8192,629,8,2.725882665257404,0.007806297256768735,121582,0.0031185254085616607,0.0023301668931026143
8192,630,7,2.682323726721093,0.007459890940054059,173049,0.004238364550540211,0.002241532584108752
8192,631,1,3.8572598166875083,0.008508217961342157,39939742,1.0,0.00323373678315253
8192,632,8,2.6560006885743737,0.008355764928427933,138090,0.0033856089431660726,0.0021516261586763674
8192,633,1,3.8656894293394055,0.007874034362394533,39067097,1.0,0.0031080411623231607
8192,634,7,2.7248450566379745,0.004590877097379764,168378,0.004136616083540099,0.005294684485364798
8192,635,7,2.6256861484916105,0.007945019053299807,175431,0.004349495423721199,0.0035743581590754747
8192,636,9,2.725813165761537,0.0070499573678363125,89036,0.0023473434518645636,0.0015970022597507905
8192,637,1,3.8203424524713134,0.00866403305373209,39454798,1.0,0.003157970563310686
8192,638,1,3.869833350158677,0.00828455526589833,39303401,1.0,0.0024435561433041597
8192,639,1,3.853178887655595,0.008411522364059842,39288161,1.0,0.003039058709032094
8192,640,1,3.861355514837512,0.008173389010512566,39767098,1.0,0.0032720852038981008
8192,641,7,2.65810674186932,0.008171682241913114,183023,0.00443669749501116,0.0016487075671377527
8192,642,7,2.717619160056395,0.004748708812100433,155549,0.003959682510589768,0.005777784619920512
8192,643,8,2.713965720659005,0.00433333311131634,125466,0.003100549986452732,0.004476247482736007
8192,644,1,3.876031156029074,0.00794848647020241,39096445,1.0,0.0028125956009894537
8192,645,1,3.929167082187323,0.007363938790945657,37365214,1.0,0.002820745433171623
8192,646,8,2.701534324740462,0.0075402555519575865,121940,0.0031160411262232263,0.002662724017761464
8192,647,8,2.671478415094393,0.007402432225797062,128489,0.0032375690139984817,0.001452329061424007
8192,648,8,2.7315367638292702,0.0061620783617096775,115682,0.0029862399652726534,0.0019825097432475403
8192,649,8,2.663332362347743,0.008054690816438337,127370,0.0031935627483304064,0.0019922791628245173
8192,650,5,2.7608565097179563,0.00586242991568392,313040,0.008053370196762428,0.0031680094136123937
8192,651,8,2.689047900815051,0.007332902517279916,133310,0.003336448787125407,0.0014674006042793009
8192,652,8,2.643215464038087,0.007185392377593747,139811,0.0034168837426880347,0.0023594930443017748
8192,653,7,2.704594250037307,0.0059945967490429575,167538,0.004198923690279942,0.002524221974361529
8192,654,9,2.702638200166793,0.0075039481462940705,97353,0.002448236975397146,0.0017032372604735002
8192,655,6,2.675406942531114,0.008541300177258015,245403,0.005912784317058991,0.00642806158341791
8192,656,8,2.767789025321589,0.0037640866611893253,129526,0.003227364711921583,0.004640530196963755
8192,657,5,2.7791116731007057,0.006203009533166215,319429,0.008079839168632207,0.0012531289980065585
8192,658,1,3.84442622556132,0.008397405519337986,40469557,1.0,0.00204069785115224
8192,659,7,2.661345177147372,0.007923462619838006,176790,0.004288859477056082,0.0034962163805228874
8192,660,8,2.712849661966177,0.008032650922939921,132261,0.0032309608229785683,0.00104620934211197
8192,661,1,3.85658311686635,0.008459216156164628,39152566,1.0,0.00464848026319431
8192,662,8,2.7210170072872675,0.004886297237717274,114629,0.002949668661803964,0.003598359821102348
8192,663,1,3.846147572047415,0.00860285053758214,40078052,1.0,0.0028768411157598095
8192,664,1,3.8382090991529867,0.008554894685317782,38741796,1.0,0.007067621481449127
8192,665,8,2.6647361860375747,0.006858657342175167,135682,0.003424389679302103,0.0025156249688992327
8192,666,8,2.687005362112998,0.006337429915243775,135767,0.003384728223528133,0.0022526393730245564
8192,667,8,2.697914665145774,0.007904258841977874,130185,0.0032735040343042404,0.0013253807303575948
8192,668,8,2.7471486497293975,0.006204837007244279,117747,0.0030604429092253665,0.0028139024366053422
8192,669,5,2.70778111299561,0.006418813593697448,330240,0.00830215604408097,0.0019021201168930302
8192,670,8,2.692807900632507,0.006852405384682569,129320,0.003244594721466898,0.0022299498678468588
8192,671,8,2.660945629404219,0.007484889815393081,129373,0.0031866360357344237,0.002535878070030584
8192,672,8,2.708116188472557,0.007267042472198559,122352,0.003152843650990474,0.0038463245115708533
8192,673,1,3.8537413021188223,0.008520795970339945,39466380,1.0,0.003236947529010603
8192,674,5,2.7827100821218194,0.005780945693089845,310421,0.007912751099100834,0.001821176527576629
8192,675,8,2.699760508407759,0.0075187466826613925,114732,0.0030375100402478287,0.0023240187590726213
8192,676,1,3.8230156595315092,0.008383551584336124,41460635,1.0,0.0041283054562744614
8192,677,7,2.6626109603690056,0.0066460765652988085,155776,0.004011228018856191,0.0026210273039456444
8192,678,7,2.6971779549881223,0.006909075118759239,161946,0.004076783577711016,0.0029762117893082918
8192,679,8,2.6992588484954663,0.004924412118938792,134779,0.003328398567597565,0.004594819968617492
8192,680,8,2.677111229730566,0.007943504867336304,136020,0.003447455463840534,0.0012957035251831561
8192,681,8,2.727583014988144,0.005908630054202835,121824,0.0031510705864745965,0.0028286206666569003
8192,682,8,2.7023824293168763,0.006490753825373341,125274,0.003220369173061463,0.0018585138068091256
8192,683,8,2.6804769714107213,0.008211780909159638,129527,0.003336477296952378,0.0015446005706203358
8192,684,5,2.7607377165116116,0.004544161857256368,353286,0.008597332769532317,0.0036378582906476664
8192,685,4,2.8114453312057153,0.0069781092781816545,514663,0.013021833342302775,0.0019297510433263776
8192,686,5,2.785695516340118,0.003369464768289032,315093,0.007989099897483195,0.005830777890926286
8192,687,8,2.6857910773160683,0.0076806010089024435,127942,0.0032733612808963416,0.0017942388450947755
8192,688,1,3.8533027394174386,0.00824738521542212,39251546,1.0,0.002495018736140997
8192,689,5,2.704824506581001,0.007870953199136,333149,0.008233586321731707,0.005265863497681433
8192,690,5,2.7284995083499464,0.00783642907316906,335984,0.008333262025984398,0.0035681884814715015
8192,691,8,2.6818927537332473,0.006030899220583863,140830,0.003397265923420565,0.0018890878413178047
8192,692,1,3.866493755511285,0.008154061725225703,39479225,1.0,0.00381126739284543
8192,693,8,2.6831989162809777,0.007806802112842903,120452,0.003062675384200463,0.0020705453850696776
8192,694,8,2.7470402490879926,0.006443608633550535,121759,0.0030983907193885656,0.0033665997088611066
8192,695,1,3.873455489643717,0.008058313622662183,39061694,1.0,0.0015599650235575413
8192,696,1,3.8533961380181667,0.008295218933719761,40262307,1.0,0.0018262940661819549
8192,697,8,2.6737245700853065,0.008082242845103949,131195,0.0032767668228302045,0.0009932495063936786
8192,698,8,2.7145263016884913,0.004998506694517069,130821,0.003208577239873064,0.002724843864142068
8192,699,8,2.7063607456814944,0.0072845346047448745,131851,0.0033068585180154454,0.0026595854545160558
8192,700,8,2.6882767116643547,0.007035810238279816,129552,0.003215148483588887,0.0023348789638796275
8192,701,8,2.6357560673151594,0.008345943967544178,137939,0.0033966649895809243,0.001733183761544188
8192,702,8,2.670731347833477,0.006894145946023,123864,0.0031606921197171087,0.0018674370220974068
8192,703,1,3.8767476590038874,0.008079044108044497,39503380,1.0,0.0016062534347649482
8192,704,8,2.6516368931900534,0.006888590409748874,139044,0.00339599020417877,0.002488231710405464
8192,705,1,3.8741743909958646,0.008176022342170297,38585241,1.0,0.005015932771407772
8192,706,5,2.7259298746870444,0.007568688804469148,334198,0.008361564624735513,0.0015428474326417696
8192,707,8,2.734808606846211,0.005516860822376235,127178,0.0031685310045186034,0.0030534515101331428
8192,708,1,3.8630191688651827,0.008229005833188752,39214447,1.0,0.005465050571659136
8192,709,1,3.86301969364199,0.008251537744665804,39428613,1.0,0.001663992442825779
8192,710,8,2.735509121835204,0.0065356609900518725,120578,0.003130122584569875,0.0029691569198705414
8192,711,1,3.8670726115351006,0.008346970677682863,39932546,1.0,0.0030607383754062134
8192,712,1,3.847548707716492,0.008128939414110525,39837379,1.0,0.0038004009873783273
8192,713,8,2.722178630509153,0.007707569624821553,124669,0.0031566638209115324,0.0019421309349916815
8192,714,8,2.6811298485053925,0.00717412040363774,130427,0.0032608835335019674,0.0015116514927148161
8192,715,8,2.7247028229997055,0.0072974243809941775,117249,0.0030472444916980006,0.0028018273958655415
8192,716,1,3.864703080026274,0.008281200781781406,38615033,1.0,0.0043665525743844524
8192,717,7,2.745001400413929,0.006465997579677307,157630,0.00405104486143476,0.0018197997551291367
8192,718,8,2.697983301500394,0.0071370737551006425,122056,0.0031379710514097795,0.002032375562087907
8192,719,1,3.8903429983901034,0.007935940512999173,37858175,1.0,0.002722475092821197
8192,720,1,3.8710444638169483,0.008294803150169727,39225108,1.0,0.0037895840306432227
8192,721,1,3.858672212530866,0.008265020270977197,39662214,1.0,0.0032761119440349873
8192,722,1,3.8763403167391064,0.00809124660011884,39381234,1.0,0.002043170973312247
8192,723,8,2.656945522395461,0.006493926386055282,127874,0.0030956736342604217,0.002487771842412889
8192,724,5,2.7370659421189694,0.007614044536587761,325149,0.008014280868836,0.0028285226819405596
8192,725,1,3.8546726868536716,0.00844943245885954,39431157,1.0,0.001907715729696502
8192,726,8,2.7260237965150766,0.007403366047581739,116843,0.002972247592347936,0.003121752786036436
8192,727,1,3.8633283812101467,0.008233730153534458,38437286,1.0,0.003522913502616687
8192,728,8,2.6822185081334635,0.007221133429935578,120221,0.003051498262523527,0.002942105089798863
8192,729,7,2.6905618942228515,0.007184467829239094,158565,0.004124005368008147,0.00209553990839062
8192,730,8,2.708834668413829,0.006980740182201517,124281,0.0031361684727668807,0.001826517857398069
8192,731,8,2.703173437226201,0.006473804885639978,119481,0.003097671342206544,0.0022597252942340162
8192,732,8,2.710958659543607,0.007845343342055222,124361,0.0031869195277513212,0.0016224547657153754
8192,733,7,2.7162174024115977,0.005176430129500698,178956,0.00439006749070095,0.006448250009219891
8192,734,8,2.689929583696519,0.007340077119522337,127045,0.0032187280033845983,0.0010425877648118087
8192,735,1,3.841253050137585,0.008547809085474034,39977826,1.0,0.002820730759462875
8192,736,1,3.830278548417078,0.00829282011064203,39890987,1.0,0.003547639366008548
8192,737,1,3.8444294723577555,0.00829071224761857,40909790,1.0,0.004465653015861659
8192,738,8,2.6865753654989035,0.007492015723457923,120416,0.00312598891044427,0.0012710040528106648
8192,739,1,3.8913152922688825,0.007892975942250358,38115438,1.0,0.004063795247819413
8192,740,7,2.7053378693907137,0.007234882281577537,166488,0.004142302656305569,0.002500579585034024
8192,741,1,3.855665398008521,0.008301051511413804,39689832,1.0,0.002953406424699767
8192,742,8,2.707733944730798,0.005947639280873274,121539,0.003101975699646243,0.00462851434428968
8192,743,8,2.675586343225166,0.007302092945307259,135382,0.00327301244553179,0.0008665257867486176
8192,744,8,2.692426232398636,0.006883029805498375,123089,0.0031968959236349922,0.0012386164765101348
8192,745,8,2.686865366207897,0.007110835080986755,132629,0.003304262101736314,0.001753042519425374
8192,746,1,3.8679981155466843,0.008237896795899036,37933698,1.0,0.0022260593211752555
8192,747,7,2.696917536609438,0.00828112230045136,169637,0.004266030911868665,0.0040234836223485
8192,748,8,2.705716877683692,0.005809138934979918,133672,0.0032803406850442506,0.0041667559099390905
8192,749,5,2.716483699205905,0.00822001716520343,321047,0.008149580635999165,0.0014136949619384387
8192,750,8,2.6783103590328174,0.007267504544428149,130243,0.003278136696057633,0.0020239635249856835
8192,751,5,2.7308611074845306,0.007957270343471823,325101,0.00821507843063627,0.003114000725675359
8192,752,1,3.8384609635550575,0.008416562046169251,40778284,1.0,0.002870549071236933
8192,753,1,3.847195571963454,0.0081610671778104,41263422,1.0,0.0020486033878783783
8192,754,7,2.691831832944424,0.006007145565915778,168326,0.00427529609027543,0.004830401431156761
8192,755,8,2.6648252993701864,0.006846448319660747,133924,0.0033064574008944796,0.0022198966328621506
8192,756,1,3.881902631811734,0.008023253576366018,38383870,1.0,0.0035931804631056385
8192,757,1,3.8547345207845214,0.0085614628950903,40248710,1.0,0.0038694450326768326
8192,758,8,2.696008414818716,0.007523011925360867,133656,0.0032326117060276615,0.0010409924726983988
8192,759,1,3.841369596867977,0.008273192762142001,40723238,1.0,0.005284957697176962
8192,760,8,2.6572210855705323,0.007544969530896117,132911,0.0033433206246516562,0.0027325467775016765
8192,761,1,3.8315799675273703,0.00873409558122018,40582464,1.0,0.0024759799042199937
8192,762,8,2.68203362565768,0.006396058959504014,137399,0.0034154579631745824,0.0025989828843496765
8192,763,1,3.8708254293709787,0.007977679508330726,38953331,1.0,0.005085055232111668
8192,764,8,2.717145530536549,0.00783387679253239,122566,0.0031488045879865265,0.0022499701886316004
8192,765,8,2.695720555080096,0.005825551867784329,131328,0.0033209845011619703,0.003473854002712856
8192,766,8,2.66905714857108,0.007747300902712251,126556,0.003247861107050586,0.001344687201848882
8192,767,1,3.849616616390139,0.008293347065237433,39521985,1.0,0.004198103176051848
8192,768,1,3.880273584051656,0.008005938082158881,38995903,1.0,0.00248653121292014
8192,769,8,2.6897292863564015,0.007443436834774109,132977,0.0032814804296906596,0.0007414312445209459
8192,770,5,2.7905336720554703,0.005655243807822008,329005,0.00810162564158544,0.004288763211524826
8192,771,1,3.851914698291188,0.008495578657930714,40805966,1.0,0.004041396315114909
8192,772,5,2.7445665533808365,0.008280072995509813,330611,0.008309367620607803,0.00331359486122651
8192,773,5,2.7547872927642936,0.006792331839494903,311511,0.007843376302439177,0.00209253865596859
8192,774,8,2.688462041999586,0.006542795399729018,127049,0.003222108632453293,0.002961602384930817
8192,775,5,2.742980863641763,0.00632923790687101,329671,0.008422994031999666,0.00455277708225077
8192,776,1,3.850307719317244,0.008378390263405144,41119458,1.0,0.002916634176434507
8192,777,7,2.715079092125254,0.007220356288501151,178052,0.004251139354626754,0.0031799596505203143
8192,778,8,2.6878705617326695,0.008152317445027757,125882,0.003218263822316822,0.002943978299355776
8192,779,8,2.669038230425271,0.007634147150261894,135120,0.0033701615939108424,0.0023114691880591343
8192,780,5,2.725509521177794,0.0061260263885596355,347939,0.008476885607542457,0.0021660368380721495
8192,781,8,2.7471446697748263,0.0058807427733026385,115706,0.002940357745473977,0.002917126816676441
8192,782,7,2.689711715647071,0.007251608005526627,171054,0.004239851240595335,0.0029178285504666834
8192,783,8,2.699152828957432,0.007353721928453072,124891,0.003153309477715996,0.0011075454950527641
8192,784,1,3.8387492165083126,0.008669774272597408,39910164,1.0,0.002946546202922118
8192,785,1,3.880108565081524,0.008092677482600785,38752546,1.0,0.0056758525581303565
8192,786,8,2.7012136787076697,0.008137697503274866,127488,0.003244656044775276,0.001135229161547624
8192,787,1,3.8575430295962834,0.008057796292614272,40695383,1.0,0.0022616948060164566
8192,788,8,2.6837263589752385,0.006508081489401296,132011,0.0033335022672113255,0.0026222506702155146
8192,789,1,3.87006255472979,0.007848461157012432,39757495,1.0,0.0026598011628714835
8192,790,8,2.732458998103188,0.007057067795555594,121393,0.0030944672985420037,0.0014954475745229678
8192,791,9,2.691050212495675,0.007386474232357776,99507,0.0025071141603537185,0.002847574733848335
8192,792,8,2.711492554154363,0.005388298261314151,128690,0.00320043658640424,0.006191300578136771
8192,793,7,2.7042947611539105,0.007718420990923902,161276,0.004132178361519385,0.003726795493504853
8192,794,1,3.853887373221258,0.00838245628226253,38900069,1.0,0.0029670630457488967
8192,795,9,2.7165100042827524,0.006624198751521204,100351,0.002501100747521343,0.0019205715644560195
8192,796,1,3.840026487422039,0.008553352009728399,39136413,1.0,0.0019362865554705122
8192,797,8,2.6888461485698847,0.0066802670920540486,127678,0.0032345239361307302,0.0027843473894180737
8192,798,7,2.6610978550269624,0.008427519256984817,184854,0.00444972906707148,0.00466718459974691
8192,799,8,2.700891820385065,0.006486152330950512,130458,0.0033420528793830628,0.002788652503147304
8192,800,8,2.664497999412863,0.0072183670067610395,131772,0.00326302391576737,0.002950324126410886
8192,801,7,2.7041632551911476,0.007303146362739765,167710,0.00427542768616663,0.0028680051775529236
8192,802,8,2.6939984666765544,0.007765907786929205,129563,0.003240611941228426,0.0010843725167478668
8192,803,1,3.8259344591266125,0.008648957741900887,41257952,1.0,0.004442168221348797
8192,804,7,2.7307244995868882,0.005792920226200482,170807,0.004220436418234731,0.00290573636629321
8192,805,8,2.7010793846514103,0.006981168862479792,117922,0.002982563554374421,0.0023409903059746773
8192,806,1,3.828210948609745,0.00879258716573772,40332736,1.0,0.0029693733182208915
8192,807,1,3.8405469863360637,0.00841575567930386,40513973,1.0,0.0021038656739564843
8192,808,8,2.744142212885,0.0061620463476896314,123253,0.0031138783404880055,0.0033260553065052045
8192,809,8,2.673967630236673,0.007996944564950037,130614,0.0032480706700441985,0.0023651958673903684
8192,810,8,2.746764753128519,0.00513545501837831,116269,0.0030222666310898956,0.003332004379293929
8192,811,1,3.8739547862746653,0.007871545160838656,39464570,1.0,0.003092262133267243
8192,812,8,2.7024547795740954,0.006716481948682795,121522,0.0031115040540806967,0.0016858729719950727
8192,813,1,3.8396556081972433,0.008612855290512367,39954788,1.0,0.0040895001970121525
8192,814,10,2.675858647260407,0.0062121319467083325,81807,0.002000418438034785,0.0028335807120972722
8192,815,1,3.8479987628753736,0.00834423761873293,39542233,1.0,0.002613187695221092
8192,816,1,3.8652292488517506,0.008122961214865443,39497947,1.0,0.0032922320294095364
8192,817,1,3.8783486407198273,0.008006957321421426,39067756,1.0,0.0017741073155045362
8192,818,1,3.8468735573054573,0.008309722822129717,40799434,1.0,0.0014679916166295826
8192,819,8,2.712571557638708,0.006819486775093031,128939,0.0032081576512938974,0.0011434465624342582
8192,820,8,2.665858108514968,0.006853470530467254,138005,0.003381828218221664,0.0015335554846676036
8192,821,8,2.678662051946529,0.006999822420314383,131651,0.0032835602751335735,0.00158915072089294
8192,822,1,3.865451078840665,0.008148335501109383,38761759,1.0,0.002989291355610213
8192,823,8,2.6392076330685637,0.008084059480683359,140865,0.0034170996796103665,0.0019036771551859122
8192,824,9,2.690651309966544,0.007924013104675054,98108,0.0025261212727203954,0.002884750046172113
8192,825,5,2.7890037843382425,0.008121808721110568,315475,0.00797009534833681,0.0024251745180415285
8192,826,1,3.852223439534143,0.008082674763202902,39948612,1.0,0.002037230256366651
8192,827,8,2.6997016015503603,0.007577097266506683,125017,0.003166065888166865,0.004628186344657781
8192,828,1,3.8598659983178645,0.008095104005883202,39996286,1.0,0.001817509439361653
8192,829,7,2.6741540617502513,0.006627356550165442,175048,0.004416562746108549,0.0023999628563411424
8192,830,1,3.8263002554691417,0.00889931896330265,39665804,1.0,0.0038044828976671052
8192,831,1,3.879803809365867,0.008101776063728972,37525862,1.0,0.003921722705333308
8192,832,5,2.724448147917715,0.0051721967371476385,356544,0.008596767633308742,0.005684176023934617
8192,833,1,3.8587469020657026,0.008403189726942872,39317700,1.0,0.003358470310004802
8192,834,8,2.693339609446359,0.006845414308511599,136091,0.00332432912262881,0.0019564558828496503
8192,835,1,3.8548145270538763,0.008321568355959319,39717213,1.0,0.0036194661675719164
8192,836,1,3.86401167240383,0.008313952468087638,39210221,1.0,0.004183671404763417
8192,837,8,2.7225110712347385,0.006555090479196335,118311,0.0031117188904647387,0.003785687030143703
8192,838,7,2.7193366461120254,0.006033075134011967,165003,0.004139486934223018,0.005486827668164995
8192,839,8,2.67289112094064,0.007780090882860247,132945,0.0033082170617403706,0.001269605197276702
8192,840,1,3.842611323682941,0.00856329111344667,40367379,1.0,0.0026642479154254106
8192,841,1,3.8491967597861914,0.008300811240205985,39666505,1.0,0.0017938571128223724
8192,842,1,3.849780453782907,0.008171685314182553,39837206,1.0,0.002679668141884417
8192,843,8,2.6663378512844846,0.007955368073854885,127265,0.0031903682040632353,0.0021038644109322435
8192,844,1,3.874858412260264,0.008178108790646621,38412140,1.0,0.0049383865232363044
8192,845,5,2.7168212255726227,0.008182094127030637,316415,0.00805662223079789,0.0036919009516523937
8192,846,8,2.6785606593231885,0.005595202101558949,132519,0.003267204567848778,0.004615044860776185
8192,847,1,3.8397054280809644,0.008399727150912972,40751893,1.0,0.00141861905699725
8192,848,8,2.7257075328874407,0.005241275819284685,126262,0.0031368476948919607,0.0035561451668144617
8192,849,8,2.7201866530635583,0.005679491107792312,126446,0.003222284469876281,0.0031141594880768064
8192,850,1,3.856213781088961,0.008279016120021021,39213310,1.0,0.0020047785781204808
8192,851,8,2.6409416262917844,0.008321660421022448,131605,0.0032817052928154878,0.001818071255911824
8192,852,7,2.6930182595517933,0.007701803125741674,180513,0.00432482569212832,0.003911672202307592
8192,853,8,2.7270488568582265,0.007548062514583398,123510,0.003148160283797818,0.0011329495048406635
8192,854,1,3.8336152359822195,0.008602397443585041,42114798,1.0,0.003214534627123289
8192,855,8,2.665524950809054,0.008063330664743407,132674,0.0032999773806515974,0.0025662544429733147
8192,856,5,2.751262490586513,0.007678303510355533,303285,0.007921954467117992,0.0010864172825305607
8192,857,8,2.675369708367554,0.00827725885100472,131861,0.003347030349156634,0.0015864239607396025
8192,858,8,2.6875202040902426,0.006642447164153742,123793,0.0031419621297535207,0.0034079555974104725
8192,859,8,2.678073015867501,0.008049253999260486,124123,0.003189754997170613,0.0009178070856326048
8192,860,8,2.663848582597401,0.008022836638712172,131245,0.0033245714134886076,0.0017561512756270048
8192,861,8,2.697745153708646,0.007232541930413006,133074,0.003321025336687617,0.0010084962695832145
8192,862,1,3.8252476374841597,0.008566929136559875,42044417,1.0,0.003090721590987
8192,863,8,2.7057194180577113,0.006643428970109833,129619,0.0032559629646301525,0.0026661820251057122
8192,864,1,3.8392829112373597,0.008597144925057698,40220702,1.0,0.002522911643376813
8192,865,8,2.699029124733092,0.006804903552670605,130418,0.003223402627748628,0.0014841933807262508
8192,866,1,3.8458384959191974,0.008404842718527483,39383182,1.0,0.002392159121434645
8192,867,1,3.8251556029336506,0.008702521133688523,40556424,1.0,0.0054147192492221
8192,868,5,2.7480673604252073,0.007586971886589411,327856,0.008256171586219887,0.0023997917079400244
8192,869,7,2.6703712765284586,0.007800112120071034,171319,0.0042551447576059725,0.002830349501726115
8192,870,1,3.8722495203957346,0.008050685130782553,40904579,1.0,0.0032799441429612886
8192,871,8,2.719158815184014,0.004855528802749198,134056,0.00336368366820373,0.003539702777349385
8192,872,1,3.8582254591386005,0.008265584365696799,40018382,1.0,0.0027965092381806445
8192,873,5,2.8064784873972104,0.006002198593678898,298888,0.007799348549501692,0.0024330092592773633
8192,874,1,3.8556163015138303,0.008208383848059442,39897209,1.0,0.0026805909244929094
8192,875,7,2.721793791038111,0.005280037022823536,182119,0.004496865584512524,0.005548590026186906
8192,876,8,2.7513848933742198,0.0068462593649505354,118621,0.0030769324150307425,0.0033697537427727076
8192,877,5,2.7864118006240672,0.007269655027850819,308596,0.007849446578863644,0.0019805670824756816
8192,878,7,2.7326989825127277,0.006741867906856602,165150,0.004110634434049146,0.0038490771548995717
8192,879,5,2.772323475915741,0.006318046970131996,302079,0.007905798622039445,0.0017052880920164215
8192,880,8,2.67927524885872,0.0074279956963012594,120404,0.0030780821373246857,0.0016742088661122478
8192,881,8,2.7122723765688086,0.00789602637298692,118396,0.0030840915075655397,0.0014480747186343956
8192,882,8,2.723463271253972,0.006853516230201695,122751,0.0031258654152102228,0.002218204579732097
8192,883,1,3.8649460481192994,0.008025546568535602,39007599,1.0,0.00316225887503796
8192,884,1,3.8302707601750594,0.00833944789062091,42124309,1.0,0.0017973811737139744
8192,885,1,3.8645077569231123,0.008181027228671423,38981353,1.0,0.002727391672227908
8192,886,8,2.669309766845381,0.006974221700612793,134760,0.0032714181758012936,0.0021316936068920267
8192,887,4,2.7782339513757655,0.0074174385302253065,482219,0.012842177823972052,0.0034188458526065446
8192,888,7,2.709609778991194,0.006504278100994354,167229,0.004127645236507736,0.0017601840051171824
8192,889,8,2.6929860443705875,0.006232280465053419,125800,0.003281401716736518,0.001992572718037655
8192,890,5,2.7632011633534592,0.006018955381874247,339098,0.008470169042690903,0.0015522352761930813
8192,891,7,2.678355730296189,0.007115390413436479,170173,0.004196304067458079,0.00214612087571725
8192,892,7,2.714367370234717,0.005879518116434945,159440,0.004050010723231478,0.0037111628674973973
8192,893,8,2.6808540988048413,0.007561693947021997,132781,0.003265211070895343,0.0028868921771810774
8192,894,5,2.7288411814943165,0.005968396567137213,334617,0.008188643046576452,0.006017449428959765
8192,895,8,2.658785882778437,0.007545939123922651,124911,0.003166577554836098,0.001516709959370477
8192,896,1,3.845315106559473,0.008357461376213293,40856079,1.0,0.0016985677772999308
8192,897,1,3.8528623768458172,0.008133161047369164,40822640,1.0,0.002371629362463712
8192,898,8,2.6858961088435236,0.0062781449618970475,117451,0.0030099205315989503,0.0022361402941394326
8192,899,8,2.713462073954803,0.004875634393498918,136576,0.0033339260269539873,0.004250968226950147
8192,900,8,2.6656539741921943,0.0085600133636613,133647,0.0033705637883112327,0.0012844616912842666
8192,901,1,3.893063424098274,0.00793920959909411,39848955,1.0,0.0018870896408071935
8192,902,8,2.7013181116179372,0.007388733849096718,138300,0.003375874642619243,0.0032785531882151275
8192,903,8,2.693276107007267,0.007563891823572866,127768,0.0032538233022267504,0.002914272018269881
8192,904,1,3.8312630397032525,0.008394035522675147,41534075,1.0,0.00222082434938331
8192,905,8,2.6736833069758226,0.007837296277362293,131486,0.0032740197076634014,0.0010311573650978456
8192,906,7,2.7266705683186467,0.006127309558163985,168102,0.004235132462206428,0.0037777249407876523
8192,907,8,2.7073554622735307,0.005060238660182237,125213,0.003193468413054084,0.0036551241846686233
8192,908,5,2.7437600661051853,0.007446230467554105,311899,0.008013137168160578,0.0024176382254118556
8192,909,1,3.8696907217100693,0.008173700010888352,39231815,1.0,0.0018997674179488944
8192,910,8,2.7261646766894176,0.006958580203455522,124809,0.003152511445973942,0.0013874099936251882
8192,911,8,2.6964535773286236,0.0054339194817097924,127580,0.00319785078760047,0.00380666555488568
8192,912,1,3.845446098334748,0.008354425710681235,39853874,1.0,0.0027806369312504686
8192,913,7,2.7568527470665947,0.005467480061008501,156708,0.004007028793059393,0.004022681590064359
8192,914,8,2.6802478379308488,0.007306115108666078,130483,0.0032496093361062297,0.002838692241168006
8192,915,5,2.768577802885957,0.0033296612478682097,311142,0.008114349365533624,0.005193861468639482
8192,916,5,2.738030337311205,0.005230145641124839,341340,0.008334000691448115,0.0024378658779544704
8192,917,7,2.709347483882138,0.005714420078705984,169814,0.00418745291507399,0.0035263961434072177
8192,918,8,2.7089166787891226,0.007052552066180606,126253,0.003228093838368567,0.0013791987282528728
8192,919,1,3.8663285584257228,0.007970544018641279,36944666,1.0,0.004379745117625289
8192,920,1,3.8461635628425537,0.008174207984411597,39354748,1.0,0.002972085882816139
8192,921,5,2.7583040290467786,0.006672837722923264,321139,0.007981131526370436,0.001721095679658391
8192,922,1,3.8591012104318008,0.008116734294725703,40097990,1.0,0.0034141262427409558
8192,923,7,2.6870790415143726,0.005829396997042713,169620,0.004192255523436295,0.002591385821928971
8192,924,8,2.7188270825499377,0.006741709450258759,133183,0.0032026172474055067,0.0019500138903827402
8192,925,8,2.706194348571791,0.006487845515623869,125005,0.0032189971535675505,0.002988712048664799
8192,926,7,2.681583695292056,0.008218329120999068,173371,0.004224620846913046,0.0032694459184502422
8192,927,1,3.830591688752436,0.008541030530020532,40591255,1.0,0.001506668156883828
8192,928,5,2.7293018822353194,0.007022574595904885,319905,0.008204688361106927,0.0024486029338789406
8192,929,1,3.848604997647369,0.008353695599006783,40045694,1.0,0.003285244316712399
8192,930,8,2.672645429035271,0.00716105255660715,123830,0.003156061868905504,0.0011579342310596985
8192,931,8,2.6908702586254494,0.007551220977464412,125629,0.0032326460168340294,0.00160351652488544
8192,932,7,2.6983014630954933,0.00634340184009663,168825,0.004274752341624889,0.0035651480264029534
8192,933,8,2.6474022517570335,0.008220723209523939,135967,0.0033435390123650968,0.000979746626793787
8192,934,7,2.6681307802559204,0.007770515284824753,180839,0.004376716456085032,0.0021086252671034256
8192,935,7,2.739439629370561,0.004790694330656209,166549,0.0040671114785710534,0.0037616312243471395
8192,936,8,2.6812365812411096,0.006512158355486131,127615,0.0031686061214396383,0.00200407383288867
8192,937,8,2.687640491810894,0.0073528224843292245,115044,0.003003973990939145,0.0018960051576961678
8192,938,1,3.8704515591242243,0.008226964044577345,39024486,1.0,0.003442071539207836
8192,939,8,2.708349589929329,0.0055765301827509495,128983,0.003209173534373833,0.002803333169905997
8192,940,1,3.869073358997436,0.008223785744050582,38686217,1.0,0.003446412694838752
8192,941,8,2.6911442296881294,0.005853551982931471,135584,0.0033255204630592986,0.002309695076625262
8192,942,1,3.835579759095402,0.008659597111002282,39722903,1.0,0.002031978453119976
8192,943,8,2.6954523468720857,0.007906257162049846,121048,0.003090734142554776,0.0017377835341155778
8192,944,8,2.7320109503350767,0.005760937240495645,128724,0.003211232217936305,0.0025791385613976314
8192,945,8,2.6914013732610136,0.008151991129114577,127448,0.0032478987078027755,0.0010983754870769746
8192,946,1,3.875388038872555,0.008036370354573386,39158116,1.0,0.003576387677128312
8192,947,1,3.8345979321388506,0.008560162465120258,39433000,1.0,0.002791925421397501
8192,948,1,3.873152875076909,0.00791599990623637,38946635,1.0,0.006641977086725315
8192,949,7,2.7173380128592974,0.007734205461903315,176424,0.004297392290796252,0.0021103497174468355
8192,950,8,2.680910508391282,0.006908771828914806,144118,0.0035050627116273,0.002527036047426323
8192,951,8,2.658808826053199,0.007519481223287605,140616,0.0033677443635439517,0.0012719122860154197
8192,952,7,2.70848945941701,0.006845862722327678,153425,0.004021058842748045,0.002970037173697704
8192,953,8,2.6510956816588194,0.008648784311842683,138998,0.0034395632572746695,0.002023584055426908
8192,954,9,2.7042469673124243,0.007547416166855725,103608,0.002563482424862177,0.0028899446941352824
8192,955,1,3.8759606880890773,0.007948310875737996,38805137,1.0,0.0035132291938262394
8192,956,1,3.8374649982701468,0.008666049656538388,39646656,1.0,0.0021790466438934564
8192,957,1,3.8573308250544693,0.008034993520141143,39847633,1.0,0.003214367093547832
8192,958,1,3.836814463187632,0.008490533919987997,39407944,1.0,0.002335383531821944
8192,959,1,3.894468376589716,0.007921273191441647,38973013,1.0,0.001319961925805413
8192,960,7,2.7332010109980875,0.006983106838388042,153828,0.003989334802773416,0.0020628053046236605
8192,961,7,2.6721908726544124,0.008025386707679771,171104,0.004221192312655789,0.003382778528167374
8192,962,5,2.706676833587645,0.0056919949607318054,350008,0.008427073149849485,0.006478806553291361
8192,963,8,2.7115121835092224,0.006277648620386045,120623,0.003138088729840616,0.0022887514860996383
8192,964,1,3.8507391961943735,0.00834701834458662,39131776,1.0,0.0018597425733997142
8192,965,8,2.7115096552668985,0.0053518359970522456,126818,0.003294701769970177,0.003349849131191185
8192,966,1,3.837155918594085,0.008497602927816095,40230674,1.0,0.003241725704077991
8192,967,1,3.862748073990317,0.00832672005906221,39010056,1.0,0.002276451970838589
8192,968,8,2.6633375101439434,0.0075611406296023365,137787,0.0033545073519089946,0.0030875727125430075
8192,969,7,2.6780140166451614,0.008193807863323355,167175,0.0042163189133587135,0.0014052201933536512
8192,970,8,2.7085264130466498,0.00695500825341,129169,0.0032479513885256836,0.0032447857471010755
8192,971,1,3.8450832445648953,0.008404331862941095,39627740,1.0,0.0020097971303845164
8192,972,8,2.6888167152806313,0.006771179946938655,133739,0.0032752691574310763,0.0012788804042007662
8192,973,7,2.6812034093773582,0.007000451313658368,177471,0.004262291695987219,0.0023554734859340676
8192,974,1,3.85696375834324,0.008203015753299625,39284493,1.0,0.0030228900445382623
8192,975,8,2.6917060846196468,0.00655822368876402,125578,0.003160446425830002,0.004418720659894015
8192,976,8,2.6994213460100505,0.007231670083333697,127401,0.003165337156818591,0.002477292257330954
8192,977,1,3.878344652061865,0.008131191740803234,39248570,1.0,0.0027298401021805807
8192,978,7,2.6523608118657207,0.0060370105954428155,176930,0.004387690619527631,0.004538638665495087
8192,979,7,2.666808595937142,0.007627813186814603,170316,0.004161090055291367,0.0019195738858023281
8192,980,1,3.8525786151488854,0.00817997815130922,40526402,1.0,0.001942748277113493
8192,981,1,3.8398378197612826,0.00852639848615766,40573603,1.0,0.0029046831015206998
8192,982,1,3.880214613458957,0.008018955385830528,38028082,1.0,0.0028465102241243545
8192,983,9,2.7184857430879945,0.007834597870579718,92675,0.002442237170941976,0.0019424754317315385
8192,984,5,2.709960791827388,0.006078217455118384,334005,0.008377202842176839,0.0036187755773678942
8192,985,1,3.8399057765563134,0.008836662407823437,40994073,1.0,0.0071351664961694095
8192,986,8,2.7436874915775116,0.006922602524512489,117447,0.003017634768069253,0.0033202747729272897
8192,987,1,3.8324121066462546,0.008475059302503252,41135422,1.0,0.0028102231097849595
8192,988,1,3.866648675718119,0.008299029194355656,38987554,1.0,0.0023335696379115922
8192,989,6,2.7365235847223746,0.005199070296326047,223019,0.005708695107061679,0.0032371401095646624
8192,990,7,2.6514629403516627,0.007962345922522984,172767,0.0042669010880971945,0.0026603759180878206
8192,991,1,3.8479313195939158,0.00840081095347378,39342840,1.0,0.004626865352310938
8192,992,8,2.6697405191109835,0.008418871704868769,128152,0.0033190323215091643,0.002708983573986301
8192,993,8,2.6876736421048384,0.00804131112720663,122513,0.0031510672509660084,0.0033174425595625667
8192,994,1,3.829867646819572,0.008282736022728776,40718740,1.0,0.003141742091502975
8192,995,1,3.8457219177268347,0.008484142230526515,40064610,1.0,0.0016484011649361419
8192,996,1,3.863669939634119,0.008251892805131611,39240436,1.0,0.005286603031490977
8192,997,8,2.6757876273673418,0.008515863237302801,135804,0.0033807950952730033,0.003324828119661727
8192,998,1,3.8574693865347673,0.008341408465098565,38717030,1.0,0.003505910836827386
